:0200000480007A
:100000006F00402E6F00801D6F00C02C6F00802C91
:100010006F00402C6F00002C6F00C02B6F00802BF6
:100020006F00402B6F00002B6F00C02A6F00802AEA
:100030006F00402A6F00002A6F00C0296F008029DE
:100040006F0040296F0000296F00C0286F008028D2
:100050006F0040286F0000286F00C0276F008027C6
:100060006F0040276F0000276F00C0266F008026BA
:100070006F0040266F0000266F00C0256F00C0365D
:10008000971102009381C1F517010300130181F755
:1000900017050000130505F713651500731055309B
:1000A0001385C1C717160200130686733306A640D0
:1000B00093050000EF20104017350000130505BA26
:1000C000EF208016EF20902F13050000930500000D
:1000D00013060000EF00C0006F204016678000008C
:1000E000130101D993078100130710009306010142
:1000F0001306800193058001130500242326112691
:10010000232481262322912623202127232E3125D3
:10011000232C4125EF108052F32920B0F32400B0A6
:10012000930671001306C1009305810013050101B8
:10013000EF00507213040500732A20B0732900B039
:100140008325810017E5000013050579EF2040584D
:100150008325C10017E5000013050579EF204057FE
:100160009305040017E5000013050579EF204056BC
:100170008345710017E5000013050579EF20405510
:1001800033063A4197E500009385057917E50000AD
:1001900013050579EF20C0533306994097E5000019
:1001A0009385857717E5000013054579EF204052C8
:1001B0008320C12603248126832441260329012686
:1001C0008329C125032A8125130500001301012776
:1001D0006780000013050000678000001305000021
:1001E0006780000013050000678000001305000011
:1001F0006780000013050000678000001305000001
:1002000067800000130500006780000013050000F0
:1002100067800000130500006780000013050000E0
:1002200067800000130500006780000013050000D0
:1002300067800000130500006780000013050000C0
:1002400067800000130500006780000013050000B0
:1002500067800000130500006780000013050000A0
:100260006780000013050000678000001305000090
:100270006780000013050000678000001305000080
:100280006780000013050000678000001305000070
:100290006780000013050000678000001305000060
:1002A0006780000013050000678000001305000050
:1002B0006780000013050000678000001305000040
:1002C0006780000013050000678000001305000030
:1002D0006780000017E5000013051543EF2000516B
:1002E0006FF05FFF130101FC232011002322A10006
:1002F0002324B1002326C1002328D100232AE100B2
:10030000232CF100232E010123201103232251026B
:1003100023246102232671022328C103232AD10347
:10032000232CE103232EF103F322203413032000B6
:10033000638862021303B000638862001303300015
:10034000638862006F00C002EF0000346F0040035A
:1003500017E5000013050537EF2040496F00400204
:1003600017E5000013050531EF2040486F004001FC
:1003700017E5000013052537EF2040476F004002C6
:10038000F322103403830200130530003373A300FB
:100390006314A3009382220093822200739012348C
:1003A0008320010003254100832581000326C1002D
:1003B0008326010103274101832781010328C1010D
:1003C0008328010283224102032381028323C10285
:1003D000032E0103832E4103032F8103832FC103C7
:1003E0001301010473002030730020303305A04056
:1003F00023A4A1C81305F0FF6780000017E70000E1
:100400001307C73293075005B706001013071700EC
:1004100023A0F60083470700E39A07FE67800000E9
:100420009307800523A4F1C81305F0FF678000003F
:100430009307800523A4F1C81305F0FF678000002F
:100440009307800523A4F1C81305F0FF678000001F
:100450009307800523A4F1C81305F0FF678000000F
:100460009307800523A4F1C81305F0FF67800000FF
:100470001305F0FF678000009307C00023A4F1C8B4
:100480001305F0FF67800000B707048023A0A700D2
:10049000730050106F0000009307800523A4F1C87B
:1004A0001305F0FF678000009307B00023A4F1C894
:1004B0001305F0FF67800000B727000023A2F500B6
:1004C00013050000678000009307800523A4F1C88E
:1004D0001305F0FF678000009307800523A4F1C88F
:1004E0001305F0FF67800000930780FA23A4F1C88A
:1004F00013050000678000001305100067800000EE
:10050000930780FA23A4F1C81305F0FF6780000069
:100510001305F5FF13351500678000009307600190
:1005200023A4F1C81305F0FF678000009307F001D2
:1005300023A4F1C81305F0FF678000001305000035
:10054000678000009307800523A4F1C81305F0FF1E
:10055000678000001305F0FF6780000093078005A7
:1005600023A4F1C81305F0FF678000001305000005
:1005700067800000B727000023A2F50013050000E4
:10058000678000001305F0FF678000001305F0FF8F
:10059000678000009307200023A4F1C81305F0FF33
:1005A000678000009307800523A4F1C81305F0FFBE
:1005B000678000009307A00023A4F1C81305F0FF93
:1005C00067800000130101FF232021011389C1C7A7
:1005D0008327090023248100232291002326110070
:1005E0009384050013040600638A070213060400BF
:1005F0009385040017050200130545CEEF008053D4
:100600008320C100130504000324810083244100DA
:10061000032901001301010167800000B7C5010033
:10062000130630009385052017050200130505CB3E
:10063000EF000043930710002320F9006FF01FFB29
:1006400023A6A1C613050000678000001387C1C65A
:10065000832707003385A7002320A700637C25009C
:10066000170703001307079A6376E5001385070051
:10067000678000009307C00023A4F1C89307F0FF30
:100680001385070067800000130101FF23229100FA
:1006900023261100930710089384050063C21709ED
:1006A0009307F00263D61703938808FD930710059C
:1006B00063E4170317E700001307870993982800DE
:1006C000B388E80083A70800B387E70067800700C6
:1006D000930710016380F80A1307500597E700009D
:1006E0009387C704B70600109387170023A0E6007E
:1006F00003C70700E31A07FE8320C10083244100DB
:1007000013010101678000008320C1009307800569
:1007100023A4F1C883244100130101016780000074
:100720009307F040E3CA17FB9307F03F63D6170324
:10073000938808C09307F000E3E017FB17E7000079
:100740001307871593982800B388E80083A708004B
:10075000B387E700678007009307C00AE38EF8F8C5
:1007600063C6170393079009E388F8F89307900A84
:10077000E394F8F6930780FA23A4F1C86FF0DFF74B
:10078000B727000023A2F4006FF01FF79307600D56
:10079000E394F8F423A6A1C66FF01FF69307F001C7
:1007A00023A4F1C86FF05FF59307200023A4F1C8DC
:1007B0006FF09FF4B707048023A0A70073005010C8
:1007C0006F0000009307600123A4F1C86FF0DFF20F
:1007D000232021011389C1C7832709002324810015
:1007E0001304060063860702130604000324810035
:1007F000032901008320C100938504008324410064
:1008000017050200130585AD130101016F00803249
:10081000B7C50100130630009385052017050200B7
:100820001305C5ABEF00C023930710002320F90088
:100830006FF09FFB8327C50063880720832805018D
:10084000638408200328050003469500032745011B
:100850008346480133E6C600A304C50093F60602AA
:100860006382061EB386E840130600011383060068
:100870006374D60013030001638AE81C3386E70023
:10088000034E060093051700130610002300C8014D
:10089000232AB5006370D61A3386B700834E06004C
:1008A00013062700130E20002300D801232AC500B9
:1008B0006372DE183386C700834E060013063700C6
:1008C000130E30002300D801232AC5006374DE16FE
:1008D0003386C700834E060013064700130E400000
:1008E0002300D801232AC5006376DE143386C700AF
:1008F000834E060013065700130E50002300D80144
:10090000232AC5006378DE123386C700834E0600B3
:1009100013066700130E60002300D801232AC500C8
:10092000637ADE103386C700834E06001306770015
:10093000130E70002300D801232AC500637CDE0E4D
:100940003386C700834E060013068700130E80000F
:100950002300D801232AC500637EDE0C3386C7003E
:10096000834E060013069700130E90002300D80153
:10097000232AC5006370DE0C3386C700834E060051
:100980001306A700130EA0002300D801232AC500D8
:100990006372DE0A3386C700834E06001306B70073
:1009A000130EB0002300D801232AC5006374DE08AB
:1009B0003386C700834E06001306C700130EC0001F
:1009C0002300D801232AC5006376DE063386C700DC
:1009D000834E06001306D700130ED0002300D80163
:1009E000232AC5006378DE043386C700834E0600E1
:1009F0001306E700130EE0002300D801232AC500E8
:100A0000637ADE023386C700834E06001306F700C2
:100A1000130EF0002300D801232AC500637CDE00FA
:100A2000B387C70083C70700130707012300F80037
:100A3000232AE50013070000638406001307F3FF71
:100A40003307B7006384E8006780000083474800ED
:100A50002328050093F7D70F2302F80067800000D2
:100A6000130101FE232A910083240500232C810019
:100A70002328210123263101232E11002382040083
:100A800023840400930770FC2384F400238804006B
:100A90002322B500130405003785D71713890500F5
:100AA0009309060093060000138605001305054010
:100AB00093050000EF10402EB70780006374F50225
:100AC0009357F500130700F82386E40093F7F70F18
:100AD000135575002382F4001375F50F2380A400CD
:100AE000238604002386340123043401A304040074
:100AF00097070000938747D4232224018320C10154
:100B00002328040023260400232A0400232E0400A3
:100B1000232C0400232204022320F4020324810155
:100B200083244101032901018329C100130101022A
:100B300067800000130101FF23260100638A050876
:100B400063080608032505003388C5001307100352
:100B500083474501232601000326C10093F6F70FC2
:100B6000636CC7008327C100938717002326F10019
:100B70008327C100E378F7FE93F70602E38A07FCB8
:100B8000232601008327C100636CF7008327C1007F
:100B9000938717002326F1008327C100E378F7FE2F
:100BA00083C705002300F500232601008327C10029
:100BB000636CF7008327C100938717002326F10099
:100BC0008327C100E378F7FE93851500E39205F9CA
:100BD00013010101678000006384050403C605005A
:100BE0006300060403270500130101FF9386150027
:100BF0008347470193F7F70FA307F1008347F100FD
:100C000093F70702E38607FE2300C70003C606002A
:100C100093861600E31E06FC1301010167800000A5
:100C200067800000630C0602638A05020327050043
:100C300097060000938646C02326B50083474700E9
:100C40002328C500232A05002320D50293E7270087
:100C50002302F700F32740F1638407006780000058
:100C60003727000C97F70100938747678326070013
:100C70003305F5401335150093071000B397A7000F
:100C8000B3E7D7002320F700678000008327050023
:100C9000034795008326050183C7470133E7E70033
:100CA000A304E50093F7F70F6398060093D7670056
:100CB00013F517006780000013050000678000002F
:100CC0001307050063800506630E0604032805006C
:100CD0008346950083474801B3E6D700A304D500B7
:100CE00093F7170063800704130500006F0080006E
:100CF0006308A60283460800B387A5001305150004
:100D00002380D700032807008346970083474801C4
:100D1000B3E6D700A304D70093F71700E39A07FCC4
:100D2000678000001305000067800000F32740F192
:100D300063960702B726000C17F701001307075A3E
:100D400003A606003307E54013371700930710008A
:100D5000B397E700B3E7C70023A0F600B707010089
:100D60009387F7FF638CF5000327050093F5F500E3
:100D700083474700B3E7B7002302F700678000000E
:100D8000638E05029307000C63EAC7020327050080
:100D9000232EB5008347870093F7F703B3E7C70017
:100DA00093F7F70F2304F7008347470093E71700F3
:100DB0002302F700F32740F16384070067800000F7
:100DC0003727000C97F701009387475183260700C8
:100DD0003305F5401335150093071000B397A700AE
:100DE000B3E7D7002320F700678000006384050283
:100DF000032705002320B50223260500834747006B
:100E00002328050093E727002302F700F32740F18A
:100E100063840700678000003727000C97F7010004
:100E20009387C74B832607003305F540133515001C
:100E300093071000B397A700B3E7D7002320F7006C
:100E40006780000063800502032705002322B502A6
:100E50008347470093E787002302F700F32740F119
:100E600063840700678000003727000C97F70100B4
:100E70009387C746832607003305F54013351500D1
:100E800093071000B397A700B3E7D7002320F7001C
:100E90006780000063880512630606128327050039
:100EA0008346950003C74701B366D700A304D50066
:100EB00013770702630807101307000113050600E4
:100EC0006374C7001305000183C6050013071000F3
:100ED0002380D700637AC70E83C61500130720004E
:100EE0002380D7006372C70E83C625001307300026
:100EF0002380D700637AC70C83C6350013074000F0
:100F00002380D7006372C70C83C6450013075000C7
:100F10002380D700637AC70A83C655001307600091
:100F20002380D7006372C70A83C665001307700069
:100F30002380D700637AC70883C675001307800033
:100F40002380D7006372C70883C68500130790000B
:100F50002380D700637AC70683C695001307A000D5
:100F60002380D7006372C70683C6A5001307B000AD
:100F70002380D700637AC70483C6B5001307C00077
:100F80002380D7006372C70483C6C5001307D0004F
:100F90002380D700637AC70283C6D5001307E00019
:100FA0002380D7006372C70283C6E5001307F000F1
:100FB0002380D700637AC70003C7F5002380E700CA
:100FC000678000001305000067800000832705008C
:100FD0000347950083C74701A304050033E5E700F5
:100FE0001375E509678000008327050003C58701A5
:100FF00067800000032705008347950003474701EA
:10100000B367F700A304F5001375070667800000B7
:10101000032705008347C70093E707042306F7006B
:1010200067800000032705008347C70093F7F70B8D
:101030002306F700678000009306050093870500EC
:101040001307100013068001930580011305002487
:101050006F00C05E130101FF23248100130406000A
:101060002322910013860600938405009305040053
:1010700023261100EF00000383A7040013050000DE
:1010800063C80700032504003305F5401335150038
:101090008320C10003248100832441001301010146
:1010A00067800000130101F9930E050037FFFFFF71
:1010B00093060000232A6105130E060023268106ED
:1010C000232491062322210723203107232E4105C3
:1010D000232C5105232871052326810523249105FE
:1010E0002322A1052320B10513050000938F6E0173
:1010F000170B0200130BCBB8130F0F7913860E00DA
:101100009388050013870600930707003309E6005C
:10111000931E4500130707033383FF0013040900E0
:1011200093A60E63B385EE0117E9000013098982C7
:1011300097E900009389098693870E00639406005F
:101140009387050093870724B304FB008386090077
:1011500083470400838D1900034A1400B387D70224
:101160008346A401038D2900838239002320D10006
:1011700083867900038C4900838B59002324D10096
:101180008346B401330ABA03838A69002322D1005B
:101190008386890083432400834C34002326D100B6
:1011A000838699000348840183459401232AD10052
:1011B00083461403834D0403B3037D022328D10027
:1011C0008386A9001309490093890901232ED100C0
:1011D00083462403232CD1008386B9FFB382920374
:1011E0002322D10283463403034D84042320D102F9
:1011F0008386C9FF2324D1028386D9FF330888035D
:101200002328D102834694042326D1028326C9FFD2
:10121000B387D7008386E9FFB3857503B38747019A
:10122000232CD1028346A404B3877700B3875700E9
:10123000232AD1028386F9FFB387070103284100DF
:10124000232ED10283260100B387B70083258100B6
:10125000B3865603034AB404B305B802B387D70074
:101260008326C10003288101B38DDD02B387B70057
:101270008326410183250101B386D5028325C1015F
:10128000B387B701B305B802B387D70003280102BB
:1012900083264102B306D802B387B70083258102B3
:1012A00003284103330DBD02B387D7008325C10254
:1012B00083260103B385D502B387A7018326810363
:1012C000B387B7008325C103B306D802330ABA0235
:1012D000B387D700B387470193C6F7FF93D6F6418C
:1012E000B3F7D70093D787409306F00F63D4F60087
:1012F0009307F00F2380F40097D700009387876946
:1013000093841400E39427E513042400938E0E01C4
:10131000E31883E0930700211305B500E316F7DE19
:10132000B7F2FFFF138708009303000013030000C8
:101330009308000097CF0100938F8F11138F01F353
:1013400017DA0000130A0A7B930EF0629382027987
:101350009309F00F130980009314530013840300C2
:10136000130600009317460097D5000093858572F9
:10137000B30A8B00338D9700930C00192320710062
:1013800083A30500938D0CE7130C0D0013080C00CC
:1013900063D48E0133085C0093070824B307FB0075
:1013A0003385BF0133080F0183C60700830B050097
:1013B0009387170013051500B3867603B383D30014
:1013C000E314F8FE938D0D05130C0C0BE390BCFD9C
:1013D00093C7F3FF93D7F741B3F7F30093D7874051
:1013E00063D4F9009307F00F2380FA169385450024
:1013F000938A1A00938C0C19E314BAF8130626008A
:101400008323010013048401E31E26F5938828003A
:101410001303B30093830306E390C8F4938E01F89B
:1014200097D600009386066D97E80000938848F2EF
:1014300097E300009383839113880E0093020018B2
:10144000930FF00F83A70600970502009385459F31
:1014500013060000138505FA3383C800034F050007
:10146000030403001305150013031300330F8F0249
:10147000B387E701E394A5FE1306060693850506E8
:10148000E31A56FC13C6F7FF1356F641B3F7C7002D
:1014900093D7874063D4FF009307F00F2300F80031
:1014A000938646001308180093880818E39CD3F825
:1014B0001383610197E600009386C68B17E6000050
:1014C0001306C68813050300938F0600130FF00F51
:1014D000832706001388060093850E0083C8050045
:1014E000830208009385150013081800B38858027A
:1014F000B3871701E314B3FE93D7B7406358FF12C5
:101500009307F00F2300F50013064600130515009E
:1015100093866609E39ECFFA83066B3703067B3713
:101520009307100063C6C6001386060093070000E9
:1015300083068B37634ED6089306060003069B3757
:1015400063CEC608138606008306AB37634ED60803
:10155000930606000306BB3763CEC6081386060053
:101560008306CB37634ED608930606000306DB37A7
:1015700063CEC608138606008306EB37634ED60893
:10158000930606000306FB3763CEC60813860600E3
:101590002300CE000324C1062320F7008324810604
:1015A0000329410683290106032AC105832A8105EF
:1015B000032B4105832B0105032CC104832C8104DB
:1015C000032D4104832D01041301010767800000EE
:1015D00003069B3793072000E3D6C6F68306AB3796
:1015E00093073000E356D6F60306BB379307400057
:1015F000E3D6C6F68306CB3793075000E356D6F6FC
:101600000306DB3793076000E3D6C6F68306EB37A5
:1016100093077000E356D6F60306FB379307800066
:10162000E3D6C6F6930790006FF09FF693C5F7FFD9
:1016300093D5F541B3F7B7006FF0DFEC130101FD6F
:1016400023229102938401C803A30400232E3101B5
:10165000232C4101232A5101232861012326110251
:10166000232481022320210393082300130810253B
:10167000130B0500938A0500130A060093890600E0
:10168000636C181D17F801001308C8C733086800F9
:10169000034908000344180023A01401130800059F
:1016A000631A09011304B4FC1374F40F93061000B9
:1016B00063FA860217E5010013054533032481020E
:1016C0008320C10283244102032901028329C1012D
:1016D000032A8101832A4101032B01011301010324
:1016E0006F10C01003A60400930610251306B60061
:1016F00063E0C61A23A0C400930680016316DA0AC9
:1017000063944A0B83A60400130610253304DB0000
:10171000636A860E6386090297F50100938585BE8C
:1017200013060B00B385D500138509002326F100AD
:101730002324E100EF10C0658327C1000327810047
:1017400023A0840083A60400131627009305102508
:101750003304D60063E68506638C070097F5010025
:10176000938545BAB385D50013850700EF10406215
:1017700023A0840003A7040093071025631CF7022D
:101780008320C10203248102832441020329010230
:101790008329C101032A8101832A4101032B01010D
:1017A000130101036780000017E50100130585257B
:1017B0006FF0DFF017E50100130585316FF01FF0C2
:1017C000930610251306040097E501009385453222
:1017D00017E501001305C51F2324E100EF00506F3A
:1017E000032781009307F0FFE306F7F813060700CD
:1017F0009305F0FF17E5010013054528EF00506D34
:101800006FF05FF7930610251306040097E50100BB
:101810009385052E17E501001305851B2326F1008E
:101820002324E100EF00D06A9306F0FF0327810034
:101830008327C100E308DBF013060B009305F0FFDC
:1018400017E501001305C51EEF0090688327C1004E
:10185000032781006FF01FEF930610251386080001
:1018600097E501009385C52817E501001305451686
:101870002326F1002324E100EF0090658327C100B7
:101880000327810013090000130400006FF01FE11B
:101890009306102597E501009385852517E501003E
:1018A000130505132326F1002324E100EF00506205
:1018B0008327C100032781006FF01FE41308000095
:1018C00063C6051263DC0600B337C000B306D04020
:1018D0001348F8FFB386F6403306C040930806006D
:1018E0001307050013830500639A060E63F4C516FB
:1018F000B70701006364F622B70700019306800171
:101900006374F60093060001B7070280335ED600C9
:10191000938707B0B387C70183C70700130E000280
:10192000B387D700B306FE40630CFE003393D500A7
:10193000B357F500B318D60033E367003317D5006B
:1019400013D608013355C3029396080193D60601B6
:10195000935707013373C302B385A6021313030120
:10196000B3E7670063FCB700B387F8001303F5FF24
:1019700063E4170163E6B74013050300B387B7407C
:10198000B3D5C7021317070113570701B3F7C702EF
:10199000B386B602939707013367F700637ED700DB
:1019A0003387E8009387F5FF636617019385E5FFAA
:1019B0006364D70093850700131505013365B500EF
:1019C00093050000630A0800B337A000B305B040D8
:1019D000B385F5403305A0406780000063F4D5026D
:1019E00093050000130500006FF0DFFDB337A00082
:1019F000B305B040B385F5403305A0401308F0FFB0
:101A00006FF05FECB707010063E8F61EB70700014F
:101A10009308800163F4F60093080001B707028081
:101A200033D71601938707B0B387E70003C70700D2
:101A30009307000233071701B388E7406396E71C5A
:101A400063E4B6303335C500133515009305000047
:101A50006FF05FF7630C060CB7070100637CF62C90
:101A6000133306101333130013133300B3566600F9
:101A7000B7070280938707B0B387D70083C60700F4
:101A800093070002B3866600B38ED7406394D70CE9
:101A9000B386C540135306011316060113560601FB
:101AA0009305100033D5660293570701B3F666021B
:101AB000330EC50293960601B3E7D70063FCC70156
:101AC000B387F8009306F5FF63E4170163E4C72BBF
:101AD00013850600B387C741B3D667021317070102
:101AE00013570701B3F767023386C60293970701BE
:101AF0003367F700637EC7003387E8009387F6FFFC
:101B0000636617019386E6FF6364C7009386070048
:101B1000131505013365D5006FF0DFEA9336061023
:101B200093B61600939636006FF01FDEB70702805B
:101B300093060000938707B0B387D70083C60700DA
:101B40001303000093070002B3866600B38ED740EC
:101B5000E380D7F4B318D60133DED50013D30801E0
:101B6000B3576E021396080113560601B356D500FB
:101B70003317D501B395D501B3E6B60093D5060169
:101B8000337E6E023305F602131E0E01B3E5C50166
:101B900063FEA500B385B800138EF7FF63E4151D3F
:101BA00063F2A51C9387E7FFB3851501B385A540B4
:101BB00033D565029396060193D60601B3F5650207
:101BC000330EA60293950501B3E6B60063FEC60187
:101BD000B386D8009305F5FF63EE161763FCC617AE
:101BE0001305E5FFB386160193950701B386C64139
:101BF000B3E5A5006FF01FEB93B8061093B818007B
:101C0000939838006FF09FE1B35EE600B39616013B
:101C1000B3EEDE0033D3E50013DF0E01B357E30369
:101C2000139E0E01B3951501135E0E013357E500A7
:101C30003367B70093560701331616013373E30376
:101C4000B305FE0213130301B3E6660063FEB6009C
:101C5000B386DE001383F7FF63EAD61163F8B6108C
:101C60009387E7FFB386D601B386B640B3D5E603C4
:101C70001317070113570701B3F6E6033303BE0238
:101C8000939606013367D700637E67003387EE00C3
:101C90009386F5FF6364D70D6372670C9385E5FF48
:101CA0003307D70193970701370F0100B3E7B70058
:101CB0009306FFFFB3F5D70013DE0701B376D60016
:101CC00013560601B38ED50233076740B306DE0212
:101CD00013D30E01B385C502B385D500B305B30098
:101CE000330ECE0263F4D500330EEE0193D6050118
:101CF000B386C601636AD7026308D700138507005D
:101D0000930500006FF01FCCB70601009386F6FF25
:101D100033F7D50013170701B3FEDE0033151501A5
:101D20003307D701E37CE5FC1385F7FF930500003B
:101D30006FF05FC9B7070001637AF6049356060196
:101D4000130300016FF0DFD29305000013051000AC
:101D50006FF05FC7138505006FF01FE993850600DC
:101D60006FF05FF493070E006FF05FE493070300DA
:101D70006FF09FEF1305E5FFB38717016FF09FD555
:101D80001305E5FFB38717016FF05FBF9356860118
:101D9000130380016FF0DFCD1308060093080500E0
:101DA000138705006390060E63FEC512B707010096
:101DB000636EF61EB7070001930680016374F60098
:101DC00093060001B70702803353D600938707B00C
:101DD000B387670083C7070013030002B387D700E8
:101DE000B306F340630CF3003397D500B357F50007
:101DF0003318D60033E7E700B318D50013560801AF
:101E00003355C7029316080193D6060193D70801EC
:101E10003377C702B385A60213170701B3E7E700BC
:101E200063FCB700B307F8001307F5FF63E407018D
:101E300063E0B73E13050700B387B74033D7C70247
:101E40009398080193D80801B3F7C702B386E60256
:101E500093970701B3E8F80063FED800B3081801B0
:101E60009307F7FF63E608011307E7FF63E4D80071
:101E700013870700131505013365E500930500007E
:101E80006780000063F8D50093050000130500008B
:101E900067800000B707010063E8F61EB70700017E
:101EA0001308800163F4F60013080001B7070280ED
:101EB00033D70601938707B0B387E70003C707004E
:101EC00093070002330707013388E7406396E71C56
:101ED00063E4B6303335C5001335150093050000B3
:101EE00067800000630C060CB7070100637CF62CCA
:101EF000133706101337170013173700B356E600D1
:101F0000B7070280938707B0B387D70083C707005E
:101F100093060002B387E700B38EF6406394F60C95
:101F2000B387C540935606011316060113560601E2
:101F30009305100033D5D70213D70801B3F7D702A2
:101F40003303C50293970701B367F70063FC67008B
:101F5000B307F8001307F5FF63E4070163E4672A9A
:101F600013050700B387674033D7D702939808015A
:101F700093D80801B3F7D7023306C7029397070136
:101F8000B3E8F80063FEC800B30818019307F7FF31
:101F900063E608011307E7FF63E4C800138707003F
:101FA000131505013365E5006780000093360610C0
:101FB00093B61600939636006FF0DFE0B707028005
:101FC00093060000938707B0B387D70083C7070045
:101FD0001307000093060002B387E700B38EF640B4
:101FE000E380F6F43318D60133D3F5009356080195
:101FF000335ED30213160801B395D50113560601BB
:10200000B357F500B3E7B70013D70701B318D501ED
:102010003373D302B305C603131303013367670099
:10202000637EB7003307E8001305FEFF6364071DF6
:102030006372B71C130EEEFF330707013307B74077
:102040003355D7029397070193D707013377D70208
:102050003303A60213170701B3E7E70063FE670027
:10206000B307F8001307F5FF63EE071763FC671665
:102070001305E5FFB387070193150E01B38767408A
:10208000B3E5A5006FF01FEB13B806101338180066
:10209000131838006FF09FE1335EE600B396060137
:1020A000336EDE00B3D8E500935E0E01B3D7D803DC
:1020B00013130E01B3950501135303013357E500C4
:1020C0003367B7009356070133160601B3F8D803F8
:1020D000B305F30293980801B3E6160163FEB60058
:1020E000B306DE009388F7FF63EAC61163F8B61003
:1020F0009387E7FFB386C601B386B640B3D5D60350
:102100001317070113570701B3F6D603B308B30239
:10211000939606013367D700637E17013307EE00FD
:102120009386F5FF6364C70D6372170D9385E5FF12
:102130003307C70193970701B70E0100B3E7B70054
:102140009386FEFFB3F5D70013D30701B376D6000D
:1021500013560601338ED50233071741B306D30257
:1021600093580E01B385C502B385D500B385B80079
:102170003303C30263F4D5003303D30193D60501BF
:10218000B3866600636AD7026308D7001385070029
:102190009305000067800000B70601009386F6FFF4
:1021A00033F7D50013170701337EDE003315050121
:1021B0003307C701E37CE5FC1385F7FF93050000B7
:1021C00067800000B7070001637AF60493560601A2
:1021D000130700016FF0DFD2930500001305100014
:1021E00067800000130507006FF01FE99385060064
:1021F0006FF05FF4130E05006FF05FE49387080043
:102200006FF09FEF1305E5FFB38707016FF09FD5D0
:102210001305E5FFB38707016FF01FC293568601D0
:10222000130780016FF0DFCD9305050093060000D2
:1022300013060000130500006F009058130101FF02
:1022400093050000232481002326110013040500B8
:10225000EF00906083A741C863840700E780070010
:1022600013050400EFE04FA2130500006780000093
:1022700037060280B7750080370502801306465581
:102280009385C5E6130505566F004035130101FF20
:102290008325450023248100232291002326110059
:1022A000138401519304050063848500EF40103CC2
:1022B00083A58400930784066386F50013850400D4
:1022C000EF40D03A83A5C4001304040D638E85004B
:1022D000032481008320C10013850400832441006E
:1022E000130101016F4090388320C1000324810055
:1022F00083244100130101016780000013050000E1
:1023000067800000130101FE232C8100B7270080A5
:102310001384015193870727232E1100232A91004C
:1023200023282101232631012324410123A2F1C8BE
:102330001306800093074000930500001305C405B1
:102340002326F40023200400232204002324040075
:102350002322040623280400232A0400232C04003B
:10236000EF005015B7070100372A0080B739008009
:1023700037390080B7340080130A8A7F9389C98572
:102380001309498E9384C4959387970013068000A0
:10239000930500001305440C232044032322340337
:1023A0002324240323269402232AF406232E8400C4
:1023B0002324040623260406232804062326040CCB
:1023C000232C0406232E040623200408EF00900E7D
:1023D000B707020013078406938727011305C41269
:1023E00013068000930500002324440923263409A2
:1023F00023282409232A9408232EF40C2322E408FA
:102400002328040C232A040C232C040C232A041252
:102410002320040E2322040E2324040EEF0090092F
:102420009307040D2328440F232A340F232C240F51
:10243000232E940E8320C1012326F40E0324810150
:1024400083244101032901018329C100032A81005A
:10245000130101026780000083A741C8130101FE38
:1024600023263101232E1100232C8100232A9100E1
:1024700023282101930905006388070E370902808C
:10248000130949559304F0FF832749000324890069
:102490009387F7FF63D807006F00000813048406D2
:1024A000638C97060317C4009387F7FFE31807FEB2
:1024B000B707FFFF938717002326F40023220406A3
:1024C00023200400232404002322040023280400E2
:1024D000232A0400232C0400130680009305000027
:1024E0001305C405EF00007D23280402232A0402FB
:1024F00023220404232404048320C10113050400BF
:102500000324810183244101032901018329C1009E
:102510001301010267800000032409006306040020
:10252000130904006FF05FF69305C01A13850900C4
:10253000EF10000A13040500630C05021305C50023
:1025400093074000232004002322F4002324A40046
:102550001306001A93050000EF00C07523208900C0
:10256000130904006FF05FF2EFF0DFD96FF01FF195
:10257000232009009307C00023A0F9006FF0DFF7C4
:1025800083274503638407006780000003A741C8D1
:10259000B72700809387C728232AF502E31607FE92
:1025A0006FF05FD66780000067800000370602800A
:1025B000B725008013064655938585261305000030
:1025C0006F00C00137060280B7250080130646550C
:1025D0009385C52F130500006F004000130101FD16
:1025E00023202103232E3101232C4101232A5101D1
:1025F000232861012326710123261102232481024D
:1026000023229102130B0500938B0500930A060009
:10261000130A0000930910001309F0FF83A44A0075
:1026200003A48A009384F4FF63C804028357C400A0
:1026300063FEF9008317E4009305040013050B0003
:1026400063862701E7800B00336AAA009384F4FFB6
:1026500013048406E39C24FD83AA0A00E3900AFC89
:102660008320C10203248102832441020329010241
:102670008329C101832A4101032B0101832BC1005E
:1026800013050A00032A810113010103678000007A
:10269000130101FC2324C1022326D1022328E102D5
:1026A000232AF102232C0103232E11031386050094
:1026B0008325850093068102232E11002326D10055
:1026C000EF10006D8320C101130101046780000039
:1026D00003A301C7130101FC2324C1022326D10255
:1026E0002322B1022328E102232AF102232C010331
:1026F000232E110383258300930641021306050050
:1027000013050300232E11002326D100EF1040688B
:102710008320C1011301010467800000130101FC43
:10272000232C81021304050013850500232A91023E
:10273000232E110293840500EF00C07FB7070280AB
:10274000938747A72324F102930710002326F10261
:10275000032744039307010293061500232AF1007F
:1027600093072000232091022322A102232ED100CF
:10277000232CF10083258400630007068397C5009E
:10278000139727016342070203A74506B7E6FFFF39
:102790009386F6FF37260000B3E7C7003377D700EC
:1027A0002396F50023A2E506130641011305040054
:1027B000EF4010308320C10303248103133515003B
:1027C0003305A0401375B500832441031305F5FFBD
:1027D0001301010467800000130504002326B100E3
:1027E000EFF01FDA8325C1006FF05FF99305050054
:1027F00003A501C76FF09FF2130101FF232481009D
:10280000138405008395E50023261100EF00002EB8
:1028100063400502832704058320C100B387A70016
:102820002328F404032481001301010167800000C0
:102830008357C40037F7FFFF1307F7FFB3F7E7002D
:102840008320C1002316F400032481001301010139
:102850006780000013050000678000008397C500B3
:10286000130101FE232C8100232A9100232821013A
:1028700023263101232E110013F7071013840500BE
:1028800093040500130906009389060063100704EA
:1028900037F7FFFF1307F7FFB3F7E7008315E400EF
:1028A0002316F400032481018320C10193860900CB
:1028B000130609008329C1000329010113850400BF
:1028C00083244101130101026F00C0288395E500B4
:1028D0009306200013060000EF00C01A8317C400FF
:1028E0006FF01FFB130101FF2324810013840500F7
:1028F0008395E50023261100EF00C0189307F0FF31
:102900006308F5028357C400371700008320C10015
:10291000B3E7E7009397070193D707412328A4045F
:102920002316F400032481001301010167800000D5
:102930008357C40037F7FFFF1307F7FFB3F7E7002C
:102940009397070193D707418320C1002316F40012
:102950000324810013010101678000008395E500D5
:102960006F004000130101FF232481002322910006
:1029700013040500138505002326110023A401C8B4
:10298000EFD01FAF9307F0FF630CF5008320C10069
:1029900003248100832441001301010167800000AA
:1029A00083A781C8E38407FE8320C1002320F400AD
:1029B000032481008324410013010101678000008A
:1029C00083A701C7638EA70A83254504130101FE6F
:1029D000232A9100232E110093040500638C050423
:1029E0002328210123263101232C81001309000013
:1029F00093090008B387250103A40700630E0400B0
:102A0000930504000324040013850400EF00100C58
:102A1000E31804FE83A5440413094900E31C39FDAF
:102A200013850400EF00900A0324810103290101AA
:102A30008329C10083A584036386050013850400F0
:102A4000EF00D00883A5C404638605001385040045
:102A5000EF00D00783A74403638C07008320C101E4
:102A600013850400832441011301010267800700DC
:102A70008320C1018324410113010102678000000A
:102A800067800000130101FF1387050023248100E4
:102A90002322910093050600130405001386060007
:102AA000130507002326110023A401C8EFD01FA996
:102AB0009307F0FF630CF5008320C100032481001D
:102AC00083244100130101016780000083A781C8AE
:102AD000E38407FE8320C1002320F4000324810047
:102AE000832441001301010167800000130101FFED
:102AF00013870500232481002322910093050600FB
:102B00001304050013860600130507002326110091
:102B100023A401C8EFD09FA59307F0FF630CF50035
:102B20008320C1000324810083244100130101019B
:102B30006780000083A781C8E38407FE8320C1006B
:102B40002320F400032481008324410013010101A8
:102B500067800000130101FF138705002324810013
:102B60002322910093050600130405001386060036
:102B7000130507002326110023A401C8EFD09FA44A
:102B80009307F0FF630CF5008320C100032481004C
:102B900083244100130101016780000083A781C8DD
:102BA000E38407FE8320C1002320F4000324810076
:102BB000832441001301010167800000130101FF1C
:102BC00023248100B70702803704028023202101DB
:102BD0009387872D1307842D23261100232291002C
:102BE0003389E7406382E702135929401304842D97
:102BF000930400008327040093841400130444000A
:102C0000E7800700E3E824FF37040280B70702806B
:102C10009387872D1307842D3389E7401359294063
:102C20006380E7021304842D9304000083270400CB
:102C30009384140013044400E7800700E3E824FFB2
:102C40008320C10003248100832441000329010063
:102C50001301010167800000130101FF232481009B
:102C6000B7070280370402809387872D1304842DD1
:102C70003304F4402322910023261100935424406E
:102C8000638004021304C4FF3304F40083270400A8
:102C90009384F4FF1304C4FFE7800700E39804FE65
:102CA0008320C1000324810083244100130101011A
:102CB000678000001303F00013070500637EC30262
:102CC0009377F7006390070A63920508937606FFEF
:102CD0001376F600B386E6002320B7002322B70060
:102CE0002324B7002326B70013070701E366D7FEA6
:102CF0006314060067800000B306C3409396260065
:102D000097020000B38656006780C6002307B7000D
:102D1000A306B7002306B700A305B7002305B70035
:102D2000A304B7002304B700A303B7002303B7002D
:102D3000A302B7002302B700A301B7002301B70025
:102D4000A300B7002300B7006780000093F5F50FDC
:102D500093968500B3E5D50093960501B3E5D500BC
:102D60006FF0DFF69396270097020000B3865600B7
:102D700093820000E78006FA93800200938707FFA2
:102D80003307F7403306F600E378C3F66FF0DFF35E
:102D9000B3C7A50093F73700B308C50063940706CF
:102DA0009307300063F0C7069377350013070500DB
:102DB000639A070613F6C8FFB306E64093070002BE
:102DC00063CED70893860500930707006378C70290
:102DD00003A80600938747009386460023AE07FFAB
:102DE000E3E8C7FE9307F6FFB387E74093F7C7FF13
:102DF000938747003307F700B385F5006368170131
:102E000067800000130705006378150583C7050078
:102E10001307170093851500A30FF7FEE398E8FE4C
:102E20006780000083C605001307170093773700FB
:102E3000A30FD7FE93851500E38E07F683C6050022
:102E40001307170093773700A30FD7FE938515005C
:102E5000E39A07FC6FF01FF667800000130101FF83
:102E6000232681001304000283A3050083A24500EA
:102E700083AF850003AFC50083AE050103AE4501F6
:102E800003A3850103A8C50183A605021307470212
:102E9000B307E640232E77FC232057FE2322F7FFBB
:102EA0002324E7FF2326D7FF2328C7FF232A67FE13
:102EB000232C07FF232ED7FE93854502E346F4FA21
:102EC00093860500930707006378C70203A80600EE
:102ED000938747009386460023AE07FFE3E8C7FECB
:102EE0009307F6FFB387E74093F7C7FF9387470041
:102EF0003307F700B385F500636817010324C100A9
:102F0000130101016780000083C705001307170044
:102F100093851500A30FF7FEE382E8FE83C7050043
:102F20001307170093851500A30FF7FEE39EE8FC37
:102F30006FF0DFFC9377350013070500639C0704EF
:102F4000B7867F7F9386F6F79305F0FF0326070089
:102F500013074700B377D600B387D700B3E7C7009E
:102F6000B3E7D700E384B7FE8346C7FFB307A740A4
:102F7000638406048346D7FF638C06020345E7FF9C
:102F80003335A0003305F5001305E5FF6780000029
:102F9000E38806FA83470700130717009376370084
:102FA000E39807FE3307A7401305F7FF678000008B
:102FB0001385D7FF678000001385C7FF6780000077
:102FC00083A7C1C8638C070403A747001308F00157
:102FD0006340E808131827006306050233830701DE
:102FE0002324C30883A88718130610003316E600AD
:102FF000B3E8C80023A417192324D3109306200094
:103000006306D5021307170023A2E700B387070161
:1030100023A4B700130500006780000013888164B3
:1030200023A601C9938781646FF01FFA83A6C7188E
:103030001307170023A2E700B3E6C60023A6D7189C
:10304000B387070123A4B7001305000067800000C1
:103050001305F0FF67800000130101FD232C4101DF
:103060002320210303A9C1C8232611026308090AEA
:10307000232E3101232A51012328610123267101C6
:10308000232481022322910223248101130B0500B2
:10309000938B05009309F0FF930A100083244900E5
:1030A0001384F4FF634E040493942400B304990042
:1030B00063900B088327490083A644009387F7FF9A
:1030C000638C870A23A2040063860602832789187B
:1030D00033978A00032C4900B377F70063960706FD
:1030E000E78006000327490083A7C1C8631087094A
:1030F000639E27071304F4FF9384C4FFE31A34FB91
:1031000003248102832441028329C101832A4101CE
:10311000032B0101832BC100032C81008320C102FA
:1031200003290102032A81011301010367800000C2
:1031300083A74410E38077F91304F4FF9384C4FF5A
:10314000E31834FF6FF0DFFB8327C91883A5440819
:103150003377F7006316070213050B00E7800600BC
:103160000327490083A7C1C8E30487F9E38A07F866
:10317000138907006FF09FF2232289006FF0DFF4BC
:1031800013850500E78006006FF0DFF5130101FEEF
:1031900023263101B7090280232C8100232A9100C4
:1031A0002328210123244101232E1100138A050025
:1031B0001309050093890968EF00103D03A78900F2
:1031C000B71700009387F7FE8324470037170000E6
:1031D00093F4C4FF3384F400330444411354C40013
:1031E0001304F4FF1314C400634EE40093050000BD
:1031F00013050900EF40D02883A78900B387970003
:103200006308F50213050900EF0050388320C1015F
:103210000324810183244101032901018329C10081
:10322000032A8100130500001301010267800000DA
:10323000B305804013050900EF4090249307F0FF89
:10324000630AF504B71702809387477B03A707003B
:1032500083A68900B384844093E414003307874035
:103260001305090023A2960023A0E700EF00103207
:103270008320C10103248101832441010329010129
:103280008329C100032A81001305100013010102E4
:10329000678000009305000013050900EF40501EF1
:1032A00003A789009306F000B307E540E3DCF6F4DA
:1032B00083A641C793E717002322F7003305D540C3
:1032C000B716028023AAA67A6FF0DFF3638205188F
:1032D000130101FF232481002322910013840500A0
:1032E0009304050023261100EF00102A0325C4FFD4
:1032F000130784FFB70502809377E5FF3306F700D5
:10330000938505688326460003A8850093F6C6FFCB
:103310006302C81A2322D600137515003308D6009D
:103320006310050A032384FF032848003705028041
:10333000330767408328870013058568B3876700D4
:10334000137818006382A8140323C70023A668001B
:10335000232413016306081A93E617002322D700DB
:103360002320F6009306F01F63ECF60693F687FF22
:103370009386860003A54500B386D50003A6060004
:1033800013D8570093071000B3970701B3E7A700BE
:10339000138586FF2326A7002324C70023A2F50058
:1033A00023A0E6002326E600032481008320C10039
:1033B0001385040083244100130101016F00101DD7
:1033C00003254800137515006306050893E61700EA
:1033D000232ED4FE2320F6009306F01FE3F8F6F820
:1033E00093D69700130640006360D61293D6670009
:1033F0001385960313868603131535003385A500C0
:1034000083260500130585FF6318D5006F0040155E
:1034100083A686006308D50003A646001376C6FF80
:10342000E3E8C7FE03A5C6002326A7002324D70090
:10343000032481002324E5008320C10013850400B8
:103440008324410023A6E600130101016F0010143C
:103450006780000037050280B387D70013058568B1
:1034600083268600638CA60C0328C60013E517008C
:103470003306F70023A606012324D8002322A70041
:103480002320F6006FF01FEE631C081283258600D0
:103490000326C600B386F60093E7160023A6C500F0
:1034A0002324B6002322F7003307D7002320D700B8
:1034B0006FF09FEF13751500B386D70063100502F8
:1034C000032584FF3307A7408327C700032687000F
:1034D000B386A6002326F60023A4C70013E6160031
:1034E00083A781C72322C70023A4E500E3EEF6EA01
:1034F00083A581C913850400EFF05FC96FF0DFEA8F
:10350000B387D7006FF0DFF5130640016370D60272
:10351000130640056364D60693D6C7001385F606E6
:103520001386E606131535006FF05FED1385C605AB
:103530001386B605131535006FF05FEC23AAE5007E
:1035400023A8E50093E617002326A7002324A7005D
:103550002322D7003307F7002320F7006FF0DFE4C2
:1035600003A845001356264093071000B397C700E1
:10357000B3E7070123A2F5006FF01FEB1306401518
:10358000636CD60093D6F7001385860713867607FB
:10359000131535006FF09FE613064055636CD60097
:1035A00093D627011385D6071386C6071315350052
:1035B0006FF0DFE41305803F1306E0076FF01FE4B0
:1035C00093E617002322D7002320F6006FF0DFDDFB
:1035D000130101FD232E3101232611022324810230
:1035E00023229102232021039387B5001307600152
:1035F000930905006362F7089307000163E4B720AD
:10360000EF00807893078001930520009304000168
:103610003709028013090968B307F90003A44700BA
:10362000138787FF6302E434832744008326C400A2
:103630000326840093F7C7FFB307F40003A74700EE
:103640002326D60023A4C60013671700138509009C
:1036500023A2E700EF008073130584008320C102DA
:103660000324810283244102032901028329C10129
:10367000130101036780000093F487FF63C40718F8
:1036800063E2B418EF0040709307701F63F8973E31
:1036900093D794006380071813074000636EF732D6
:1036A00093D7640093859703138887031396350097
:1036B00037090280130909683306C900032446004C
:1036C000130686FF630886021305F0006F004001B1
:1036D0008326C40063560728630ED60013840600B1
:1036E0008327440093F7C7FF33879740E352E5FEF3
:1036F000930508000324090193088900630E14252B
:10370000832744009306F00093F7C7FF3387974061
:1037100063CCE636232A19012328190163500734A4
:103720001307F01F032549006368F72413F787FF89
:10373000130787003307E9008326070013D65700D5
:1037400093071000B397C7003365F500930787FF11
:103750002326F4002324D4002322A9002320870059
:1037600023A6860093D72540130610003316F600D3
:10377000636AC50AB377A60063940702131616009E
:1037800093F5C5FFB377A60093854500639A0700BC
:1037900013161600B377A60093854500E38A07FE4B
:1037A0001308F00013933500330369001305030079
:1037B0008327C500138E05006302F52403A7470085
:1037C0001384070083A7C7001377C7FFB30697408A
:1037D0006342D824E3C206FE3307E4008326470091
:1037E000032684001385090093E616002322D700E0
:1037F0002326F60023A4C700EF00405913058400D8
:103800006FF0DFE59307C00023A0F9001305000067
:103810006FF0DFE413060020930500041308F003A3
:103820006FF01FE9032489002328610183274400E6
:1038300013FBC7FF63689B0033079B409307F000AF
:1038400063CAE70C23229101232A510103A741C730
:1038500083AA81C9232C4101232671019307F0FF1C
:10386000330A6401B38A54016306F73CB7170000BA
:103870009387F700B38AFA00B7F7FFFFB3FAFA00AD
:1038800093850A0013850900EF40803F9307F0FFFE
:10389000930B0500630AF54423248101636E4523DD
:1038A000138C817D83250C00B385BA002320BC00D6
:1038B000138705006316AA2A931745016392072A06
:1038C000832B8900B3075B0193E7170023A2FB005A
:1038D00083A641C963F4B60023AAB1C883A601C96F
:1038E00063F4B60023A8B1C8032C810013840B0035
:1038F00093F7C7FF3387974063EA97389307F00041
:1039000063D6E738032A8101832A4101832BC10052
:10391000832C410093E714002322F400B3049400A5
:1039200023249900136717001385090023A2E400DC
:10393000EF00C0458320C1021305840003248102E7
:10394000032B010183244102032901028329C101C0
:103950001301010367800000032549006FF09FE019
:10396000032684006FF05FCD03A4C7009385250074
:10397000E38287D86FF05FCB13D7970093064000A0
:1039800063F2E6149306400163E4E6321306C705CA
:103990009306B705131636003306C9000327060041
:1039A000130686FF6318E6006F004029032787008F
:1039B0006308E6008326470093F6C6FFE3E8D7FED8
:1039C0000326C7002326C4002324E4002324860002
:1039D000232687006FF01FD9130740016378F71083
:1039E000130740056364F72E93D7C4009385F70649
:1039F0001388E706139635006FF09FCB130E1E0059
:103A000093773E0013058500638007108327C50068
:103A10006FF09FDA0326840093E514002322B4009C
:103A20002326F60023A4C700B3049400232A990098
:103A30002328990093E7160023A6140123A4140158
:103A400023A2F4003307E400138509002320D700E4
:103A5000EF00C033130584006FF05FC0B307F400BC
:103A600003A74700138509001367170023A2E70087
:103A7000EF00C031130584006FF05FBE93D53400B2
:103A8000938784006FF0DFB893E614002322D400FC
:103A9000B3049400232A9900232899009366170001
:103AA00023A6140123A4140123A2D400B307F40015
:103AB0001385090023A0E700EF00402D13058400C3
:103AC0006FF0DFB913D767001306970393068703D8
:103AD000131636006FF05FEC630C24070324890093
:103AE000032C8100832744006FF09FE09385C70576
:103AF0001388B705139635006FF09FBB83278300AB
:103B00009385F5FF639E672693F73500130383FFC4
:103B1000E39607FE032749009347F6FFB3F7E70054
:103B20002322F90013161600E3EEC7CEE30C06CEEF
:103B30003377F600631A0700131616003377F60082
:103B4000130E4E00E30A07FE93050E006FF09FC5AB
:103B5000138C817D03270C003387EA002320EC00BF
:103B600083A641C79307F0FF6386F618B3874B41DE
:103B7000B387E7002320FC0093FC7B00638C0C0CD4
:103B8000B38B9B41B717000093878700938B8B0003
:103B9000B3859741B38A5B01B38555419395450140
:103BA00013DA450193050A0013850900EF40400D23
:103BB0009307F0FF6300F51833057541B30A45011B
:103BC00003270C002324790193E71A00B305EA00C8
:103BD0002320BC0023A2FB00E30C24CF9306F000BB
:103BE00063F0660B0327440093074BFF93F787FFAF
:103BF000137717003367F7002322E4001306500001
:103C00003307F4002322C7002324C70063E6F6002D
:103C100083A74B006FF0DFCB930584001385090069
:103C2000EFF0CFEA832B890083250C0083A74B009C
:103C30006FF01FCA938A0A016FF09FC493D6264083
:103C400093071000B397D7003365F5002322A9002E
:103C50006FF05FD7B3855B01B305B0409395450125
:103C600013DA450193050A0013850900EF4040016E
:103C70009307F0FFE312F5F4130A00006FF05FF40E
:103C8000032C81009307100023A2FB001385090079
:103C9000EF00C00F13050000032A8101832A4101B0
:103CA000032B0101832BC100832C41006FF01F9B6C
:103CB0009306400563E4E60413D7C7001306F7062E
:103CC0009306E706131636006FF01FCD1307401555
:103CD0006364F70493D7F400938587071388770705
:103CE000139635006FF0DF9C03248900832744007E
:103CF0006FF01FC023AA71C76FF01FE8930640152D
:103D000063E4E60413D7F7001306870793067707E3
:103D1000131636006FF05FC8130740556364F7044D
:103D200093D724019385D7071388C70713963500C7
:103D30006FF01F98938C8CFFB38A9A01B38A7A41F3
:103D4000130A00006FF0DFE79306405563E4E602D4
:103D500013D727011306D7079306C7071316360094
:103D60006FF09FC31306803F9305F0071308E00729
:103D70006FF01F941306803F9306E0076FF0DFC1DA
:103D8000832749006FF01FDA67800000678000001A
:103D9000130101ED2326111223229112232A51111E
:103DA00023267111938A0500930406002324D10071
:103DB000930B0500EF30D06B8327050013850700B8
:103DC0002322F102EFF00F972320A10263880B005A
:103DD00083A74B03639407006F1040738397CA0057
:103DE000139727016346070203A74A0637260000F8
:103DF000B7E6FFFFB3E7C7009386F6FF9397070187
:103E000093D707413377D7002396FA0023A2EA0617
:103E100013F787006302072E03A70A01630E072C1E
:103E200093F7A7011307A000638AE72EB707028064
:103E30002328611123248111130B010B938747C49D
:103E4000370C028023248112232C4111232EB10F21
:103E500023202113232E3111232291112320A1117C
:103E6000232E61072322010823200108232A0100B1
:103E7000232C0100232E010013040B002324010234
:103E800023280102232201002326F100130A000146
:103E9000130C8CDB23207101938D040083C70D006C
:103EA000638C071E93840D00130750026386E72A74
:103EB00083C7140093841400E39A07FE3389B44146
:103EC000638CB41D03274108832701082320B40114
:103ED0003307270193871700232224012322E108B7
:103EE0002320F1081307700013048400634EF726A3
:103EF0000327410083C70400330727012322E10081
:103F0000638C071893841400A30F01049309F0FF36
:103F1000930B0000130900009306800503CD0400F5
:103F2000938D140093070DFE63E6F6040327C1008A
:103F300093972700B387E70083A7070067800700F0
:103F4000930B000093070DFD1306900003CD0D00A9
:103F500013972B00B30B7701939B1B00B38B770157
:103F600093070DFD938D1D00E372F6FE93070DFE82
:103F7000E3FEF6FA63020D122304A109A30F010464
:103F80001307100093041000930C8108130F09000D
:103F90009309000023280100930F000093724F083B
:103FA0000329410863960200B387EB40E342F044E3
:103FB0008347F105638A0702832701089306F10509
:103FC0002320D400130919009306100093871700CB
:103FD0002322D400232221092320F1089306700014
:103FE0001304840063C0F61A638A0F028327010852
:103FF000930601062320D40013092900930620000C
:10400000938717002322D400232221092320F108BB
:104010009306700013048400E3CEF64E9307000865
:10402000E38AF208B3899940E34E301993770F1071
:1040300063940774832701083309990023209401AE
:104040009387170023229400232221092320F108BB
:104050009306700063CCF62013048400137F4F0096
:1040600063060F00B384EB40E342904E13830B00D2
:1040700063D4EB001303070083274100B387670075
:104080002322F100E31A092283C70D00232001082F
:1040900013040B00E39807E083274108832B0100FA
:1040A000638407006F10407583D7CA000324811210
:1040B0000329011293F707048329C111032A8111EF
:1040C000032B0111032C8110832C4110032D0110AF
:1040D000832DC10F638407006F10901D8320C112D0
:1040E0000325410083244112832A4111832BC110EF
:1040F000130101136780000093850A0013850B00EC
:10410000EF30006C630405006F10901A8397CA00AB
:104110001307A00093F7A701E39AE7D08397EA007B
:10412000E3C607D0832681008320C11213860400D2
:1041300093850A0083244112832A411113850B00C1
:10414000832BC110130101136F101038136909017B
:1041500093840D006FF09FDC3389B441E394B4D7AE
:1041600083C704006FF0DFD9032501001306C107E0
:1041700093850A00EF105054E31805F213040B0066
:104180006FF01FD7032501001306C10793850A00AE
:10419000232EE102232CE103232A51022326F103DB
:1041A000EF109051E31205F0032941080327C103E2
:1041B000032F810383224103832FC10213040B00C9
:1041C0006FF09FE283270108B7060280938606C43A
:1041D0002320D400130919009306100093871700B9
:1041E0002322D400232221092320F1089306700002
:1041F0001304840063D4F6006F108010630406007B
:104200006F1080458326410193771F00B3E7D700E5
:10421000E38607E483274102832601022320F4007A
:1042200083270108B38526012322D4009387170032
:104230002322B1082320F1089306700063D4F6000E
:104240006F10806413048400832641019387170054
:10425000232094013389B6002322D400232221098C
:104260002320F10893067000E3D8F6DE0325010051
:104270001306C10793850A002326E1022328E101E2
:10428000EF109043E31205E203294108032F0101D7
:104290000327C10213040B006FF05FDC93778900E2
:1042A000E39C0760832781009387770093F787FF5C
:1042B00003A7070093878700232CE10003A7C7FF0C
:1042C0002324F100232EE100832CC10103A7C1C1E7
:1042D0008326810183A701C293941C0093D4140008
:1042E00013850600938504001306070093860700D4
:1042F000EF90504C630405006F1000048326810189
:1043000003A7C1C183A701C21385060093850400DA
:104310001306070093860700EF80503B6344A0001C
:104320006F1080010327810193850C0013060000A4
:104330001305070093060000EF8050396354050011
:104340006F1040438346F1059307700463D4A701BF
:104350006F108041B70C0280938C0CC023280100A1
:10436000137FF9F71307300093043000930900001E
:104370006384060013071700937F2F00E3800FC2AA
:1043800013072700930F20006FF05FC18326810081
:104390009377090103A70600938646002324D100E2
:1043A000639207129376090493070700E390064E81
:1043B000634E07108346F10563C40904137FF9F7C0
:1043C000631E070213071000639E0920E314073CD5
:1043D00093741900930C0B00638204049307000389
:1043E000A307F10A930CF10A1387040063CC34038A
:1043F00023280100E39006F86FF01FF813090F005F
:1044000013079000E364F76C93870703A307F10A8F
:10441000130F090093041000930CF10A1387040092
:10442000E3D834FD13870900232801006FF09FFCB7
:104430008327810083AB0700938747002324F10083
:10444000E3D80BD0B30B70411369490093840D007E
:104450006FF0DFAC03CD0D009307A002938D1D001C
:104460006314FD006F10807D93070DFD9305900090
:10447000130700001306900093090000E3E4F5AA77
:1044800003CD0D0093192700B389E9009399190012
:104490003387F90093070DFD938D1D00E372F6FE3F
:1044A00093090700E35007A89309F0FF6FF09FA757
:1044B000832781001369090103A707009387470039
:1044C0002324F10093070700E35607EEB307E0400B
:1044D0009306D002130710006F00000A1369090841
:1044E00093840D006FF09FA31369090493840D005A
:1044F0006FF0DFA203278100A30F010493041000D3
:1045000083270700130747002324E1002304F10851
:1045100013071000930C81086FF05FA79307B00298
:10452000A30FF10493840D006FF05F9F13691900CE
:1045300093840D006FF09F9E8347F105E39A07C0B7
:1045400093070002A30FF10493840D006FF01F9DE9
:104550001369890093840D006FF05F9C032781002D
:104560001369090183270700130747002324E1008B
:104570001307100093060000A30FD10463C80900BD
:10458000137FF9F7E38207E413090F001306100005
:10459000E308C7E6130620006306C706930C0B006A
:1045A00013F7770013070703A38FECFE93D73700A9
:1045B00013860C00938CFCFFE39407FE937719009D
:1045C00063840706930700036300F7061306E6FFFC
:1045D000A38FFCFEB304CB40130F0900930C06001D
:1045E0006FF0DFE3930710006314F7006F10C03F14
:1045F0009307200013090F006304F7006F100021D8
:104600009307000003268102930C0B0013F7F700B9
:104610003307E6000347070093D74700938CFCFF5E
:104620002380EC00E39407FEB3049B41130F0900C1
:104630006FF0DFDE0327810013690901832707007C
:10464000130747002324E100130700006FF09FF2D7
:10465000832681001377090183A70600938646000D
:104660002324D100E31607F013770904E30207F0CF
:104670009397070193D70701130710006FF09FEF7F
:1046800083278100A30F010483AC07001388470030
:10469000E3800C322324010163D409006F1040072A
:1046A000138609009305000013850C00EF30003FCE
:1046B00003288100631405006F10803AB30495410C
:1046C0008346F10513C7F4FF1357F7412324010173
:1046D0002328010033F7E400130F090093090000B9
:1046E000E39A06C86FF05FC9832681003787000010
:1046F000130707832310E106138746002324E100F4
:1047000037070280130747C22324E10283A706006C
:104710001369290013072000130D80076FF09FE530
:10472000832681001377090183A70600938646003C
:104730002324D100E31A07F013770904E30607F0F6
:104740009397070193D70701130700006FF09FE2CB
:1047500093770901E384071483278100032741002D
:1047600083A7070023A0E7008327810093874700E2
:104770002324F1006FF08FF29307500663DAA73518
:10478000832681018327C1011306000013850600DB
:104790009385070093060000232AE1022326E10304
:1047A000EF80005A032FC1020327410363160566F9
:1047B00083270108B7060280938606C42320D4000D
:1047C0001309190093061000938717002322D400C1
:1047D000232221092320F10893067000130484008A
:1047E000E3C0F64C8327410683264101E3D8D7086E
:1047F000832741028326010213048400232CF4FE44
:10480000832701083309D900232ED4FE938717008C
:10481000232221092320F10893067000E3CCF60E31
:10482000832741019384F7FFE35A908293060001A6
:104830008327010863C496006F10003DB70602800D
:10484000938686DB2326E102032D01001307040073
:104850009309000113840400930C70002328E101E4
:10486000938406006F00C000130404FFE3D6894A56
:10487000130909019387170023209700232237018A
:10488000232221092320F10813078700E3DEFCFC23
:104890001306C10793850A0013050D00EF10C061D0
:1048A000E3140580032941088327010813070B003F
:1048B0006FF09FFBB387EB406356F0F69306000161
:1048C0000326010863C4F6006F10C01DB7060280FE
:1048D000938686DB232A9102930509009308000141
:1048E00013090700930F7000130704002326E10348
:1048F00013840700938406006F00C000130404FFB4
:1049000063DA8804938505011306160023209700B7
:10491000232217012322B1082320C108130787008F
:10492000E3DECFFC032501001306C10793850A00CF
:10493000EF108058631A05F693080001130404FF72
:10494000832541080326010813070B00930F70000D
:10495000E3CA88FA93860400032FC102832441032B
:1049600093070400130407001307090013890500C7
:104970003309F900130616002322F4002320D40083
:10498000232221092320C108930770001304840007
:1049900063DAC7E8032501001306C10793850A00FF
:1049A000232AE1022326E103EF100051631E05EEE6
:1049B0000329410803274103032FC10213040B00FD
:1049C0006FF04FE6B706028083270108938686DBE7
:1049D000635A3A0993060900930870001309070007
:1049E0002326E103130704001384090093090C0034
:1049F0006F00C000130404FF63588A049386060105
:104A00009387170023208701232247012322D108FF
:104A10002320F10813078700E3DEF8FC03250100DB
:104A20001306C10793850A00EF100049631E05E6CF
:104A3000130404FF832641088327010813070B0092
:104A400093087000E34C8AFA032FC1021386090011
:104A500093090400130407001307090013890600D3
:104A60009306060033093901938717002320D400E9
:104A700023223401232221092320F1089306700008
:104A80001304840063D4F6DA032501001306C1077A
:104A900093850A00232AE1022326E103EF10C04197
:104AA000631405E00329410803274103032FC102D2
:104AB00013040B006FF08FD7032501001306C10705
:104AC00093850A00EF10403F630005DC6FF0CFDDF7
:104AD00083240108832641019307100023209401B9
:104AE00013091900938414009309840063DAD74AE8
:104AF000930710002322F400232221092320910888
:104B00009307700063CC97748327010283264102C8
:104B1000938414003309F90023A2F90023A0D900DB
:104B2000232221092320910893077000938989008B
:104B300063C297768327C101832681011306000093
:104B40009385070083274101138506009306000023
:104B50002326E1022328E1011384F7FFEF80401EA2
:104B6000032F01010327C10263040548938C1C0035
:104B7000938414003309890023A0990123A289009A
:104B8000232221092320910893077000938989002B
:104B9000E3C29714832601039307C106938414008C
:104BA0003389260123A0F90023A2D9002322210959
:104BB00023209108930770001384890063D097CA5B
:104BC000032501001306C10793850A002326E1028D
:104BD0002328E101EF10402E631805CC032941087A
:104BE0000327C102032F010113040B006FF00FC74D
:104BF0009306000103260108E3D6F668B706028093
:104C0000938686DA232E910293050900930800010A
:104C10001309070093037000130704002326F10310
:104C2000232A5102232CE1031384070093840600F6
:104C30006F00C000130404FF63DA88049385050144
:104C40001306160023209700232217012322B10800
:104C50002320C10813078700E3DEC3FC03250100FE
:104C60001306C10793850A00EF100025631E05C2D5
:104C700093080001130404FF83254108032601085B
:104C800013070B0093037000E3CA88FA93860400AD
:104C9000832FC10283224103032F81038324C10395
:104CA0009307040013040700130709001389050084
:104CB0003309F900130616002322F4002320D40040
:104CC000232221092320C1089307700013048400C4
:104CD00063D0C7AE032501001306C10793850A0000
:104CE000232EE102232CE103232A51022326F10380
:104CF000EF10801C631A05BA032941080327C1037A
:104D0000032F810383224103832FC10213040B006D
:104D10006FF00FAA032501001306C10793850A004F
:104D2000232CE102232AE10323265102EF10C018AD
:104D3000631C05B60329410803278103032F4103A0
:104D40008322C10213040B006FF04FAD93060001E4
:104D500083270108E3D29654B7060280938686DA49
:104D6000138D040093090001930C70002328E100C7
:104D7000938406006F00C000130D0DFF63D6A905D4
:104D8000130909019387170023209400232234017B
:104D9000232221092320F10813048400E3DEFCFC14
:104DA000032501001306C10793850A00EF10C01008
:104DB000631C05AE130D0DFF03294108832701086D
:104DC00013040B00E3CEA9FB032701019386040023
:104DD00093040D0033099900938717002320D40012
:104DE00023229400232221092320F1089306700036
:104DF00063DEF6A6032501001306C10793850A00AA
:104E00002328E100EF10400B631005AA0329410895
:104E1000032701016FF08FA5032641066354C0BA32
:104E200083274101832601019389070063C8F62C7B
:104E30006356300383270108330939012320940185
:104E40009387170023223401232221092320F1080C
:104E50009306700013048400E3CEF61A93C7F9FF9B
:104E600093D7F741B3F9F90083270101B38937419B
:104E700063403037832641068327410163D6F628F5
:104E8000832741020326010213048400232CF4FE2D
:104E9000832701083309C900232EC4FE9387170016
:104EA000232221092320F10813067000E342F63083
:104EB0008327410103260101B386D740B389C74048
:104EC00063D4360193890600635A300383270101B6
:104ED0000326010833093901B38CFC0013061600C0
:104EE0002320940123223401232221092320C108F5
:104EF0009307700013048400E3C0C73213C6F9FFA0
:104F00001356F641B3F7C900B384F6406358909442
:104F10009306000183270108E3D8964EB706028066
:104F2000938686DB2326E102032D0100130704008C
:104F30009309000113840400930C70002328E101FD
:104F4000938406006F00C000130404FF63D6895CDD
:104F500013090901938717002320970023223701A3
:104F6000232221092320F10813078700E3DEFCFC3C
:104F70001306C10793850A0013050D00EF00D073D7
:104F800063140592032941088327010813070B00C6
:104F90006FF09FFB93040000930C0B006FF00FC8A1
:104FA00093761F00E39606B42322F40023222109FE
:104FB0002320910893077000E3DE97BC03250100CE
:104FC0001306C10793850A002326E1022328E10185
:104FD000EF00906E631A058C0329410883240108B1
:104FE0000327C102032F010193090B006FF09FBA41
:104FF0008326410193071000E3DED7B89307100121
:10500000E3DED73EB7060280938686DB93870900EE
:10501000930C000193090700130D7000130709009A
:105020002328E101138906006F00C000130404FF68
:1050300063DA8C70130707019384140023A02701FF
:1050400023A297012322E108232091089387870058
:10505000E35E9DFC032501001306C10793850A004A
:10506000EF009065630405006FF00F84032741088B
:105070008324010893070B006FF05FFB93771F00F9
:10508000639407006FE09FFD6FF08FF61317070121
:1050900013570741930707006FF00FC3937F09046D
:1050A000638C0FEA832781000327410083A7070051
:1050B0002390E7006FF04FEB0327810013050104F5
:1050C000832707009304470003A707002320E10478
:1050D00003A747002322E10403A787002324E10458
:1050E00083A7C7002326F104EF900012232CA10010
:1050F000232EB100232491006FF00F9D93890600A9
:10510000E34A30D36FF09FD593771F00E38207DA2D
:105110006FF01FD7032501001306C10793850A000E
:105120002326E1022328E101EF0010596304050062
:105130006FE09FF7032941080327C102032F0101F4
:1051400013040B006FF0CFEDB7070280938707C100
:105150002324F102832681001377090183A7060027
:10516000938646002324D100631A070013770904AD
:10517000630607009397070193D7070193761900F9
:1051800013072000638806BE638607BE93060003EC
:105190002300D106A300A107136929006FF08FBD7A
:1051A000B7070280938747C22324F1026FF09FFA6A
:1051B000930760009384090063E83769B70C0280A5
:1051C0001387040023240101938C8CC36FE01FDC40
:1051D0009306000183270108E3DC3625B706028029
:1051E00093050700938686DB130704001306090066
:1051F00013840900130D0001930470002326E103BA
:1052000013890600938905006F00C000130404FF92
:10521000635A8D5613060601938717002320270132
:105220002322A7012322C1082320F10813078700A6
:10523000E3DEF4FC032501001306C10793850A0091
:10524000EF009047630405006FE01FE60326410866
:105250008327010813070B006FF05FFB0325010094
:105260001306C10793850A002326E1022328E101E2
:10527000EF009044630405006FE01FE30329410839
:10528000832401080327C102032F010193090B00A6
:105290006FF09F87032501001306C10793850A005D
:1052A0002326E1022328E101EF00104163040500F9
:1052B0006FE09FDF03294108832401080327C1020F
:1052C000032F010193090B006FF0DF86930C0B0095
:1052D0001306A0001305900033F7C702938CFCFF60
:1052E00093850700130707032380EC00B3D7C70299
:1052F000E364B5FEB3049B41130F09006FF00F92F6
:10530000032501001306C10793850A002326E10245
:105310002328E101EF00503A630405006FE0DFD875
:1053200003264106032941080327C102032F010177
:1053300013040B006FE09FEC032881018327C10158
:1053400013060800130508009386070093850700DD
:10535000EF805046E31205021377FDFD9307F0FF3F
:105360002326E102136F09106388F96E9307700416
:105370006302F7688327C10193020000938407004A
:1053800063C0074E93076006138709009306300039
:105390006310FD4E03268101130881069307410621
:1053A0001305060093050500032501009308410736
:1053B00013860400232A5102232AE1012328E10055
:1053C000EF20D0580327010193076006032F410106
:1053D00083224103930C05003308E500631CFD00A4
:1053E00083C60C00930700036380F65683274106AB
:1053F0003308F80083278101938504001306000019
:105400001385070093060000232A5102232A010175
:105410002328E101EF70D012032F0101032841017D
:1054200083224103630605428327410763FE070188
:105430009306000313871700232AE1062380D70071
:1054400083274107E3E807FF032741062328E100FC
:10545000B3879741232AF1008327C1021307700401
:105460006384E714930760066312FD1803270101A4
:1054700093771900B3E737016356E07E639C0772A8
:1054800083240101130D6006138704006388025012
:105490009307D002A30FF104930900006FE09FED82
:1054A000032501001306C10793850A002326E102A4
:1054B0002328E101EF005020630405006FE0DFBE08
:1054C000032941080327C102032F010113040B0024
:1054D0006FF04FB1032501001306C10793850A0041
:1054E0002326E1022328E101EF00101D63040500DB
:1054F0006FE09FBB0329410883240108032F0101AA
:105500000327C10293090B006FF0CFE813850B004E
:10551000EFD00F876FE09F8C93860400032F01016B
:1055200093040400130407000327C1023309990000
:10553000938717002320D4006FE0DFB063CC0768A7
:105540008324C10193020000930910000327810105
:1055500093074106930841071305070093050500CB
:105560000325010013088106138709009306200014
:1055700013860400232A51002328E101EF20103D67
:1055800093771900032F010183224101930C050039
:1055900063900750832741062328F10083274107A2
:1055A000B387A740232AF100032701019307D0FF07
:1055B000634CF70263CAE902832741010327010113
:1055C000634CF750937F19008327010163960F5CAA
:1055D00013C7F7FF1357F74133F7E700938407002A
:1055E000130D70066FF09FEA130DEDFF0327010105
:1055F0002306A1079307B0029308F7FF23221107A0
:1056000063CC0832A306F1069307900063C0172D00
:105610009387080313070003A307F10693074000CD
:105620002307E1062328F102032741018326010312
:1056300093071000B304D70063D2E7488327010221
:1056400023280100B384F40013C7F4FF1357F74174
:1056500033F7E4006FF09FE38327410283260102C2
:1056600013048400232CF4FE83270108B38526014C
:10567000232ED4FE938717002322B1082320F1089C
:105680009306700063C2F620634406006FE0DFBB40
:10569000930600FFB304C0406356D660B70602808D
:1056A000938686DB2328E100930900011307040099
:1056B00013097000130D0F00138406006F00C00063
:1056C000938404FF63D4994493850501938717005D
:1056D00023208700232237012322B1082320F10849
:1056E00013078700E35EF9FC032501001306C107D9
:1056F00093850A00EF00407C630405006FE0DF9AA9
:10570000832541088327010813070B006FF05FFB17
:1057100013850C00EFD01F828346F1051347F5FF78
:105720001357F74123280100930405003377E50060
:10573000130F090093090000638406006FE09FC304
:105740006FE09FC3032F01019306090013090700AF
:105750001387090093890700330989009384140093
:1057600023A0D9006FF08FC1B70C0280938C4CC07E
:105770006FE0DFBE9307D002A30FF1049306D002BF
:105780006FE09FBC032FC1029385090093060900B7
:10579000930904001309060013040700138705008A
:1057A00033093901938717002320D40023223401C1
:1057B000232221092320F10893067000130484009A
:1057C00063DAF6EA032501001306C10793850A0090
:1057D000232AE1022326E103EF00006E63040500A3
:1057E0006FE09F8C0329410803274103032FC10267
:1057F00013040B006FF00FE81306C10793850A002E
:1058000013850B00EF00406B6FE01F8A93070000C9
:105810006FE0DFD8032501001306C10793850A0056
:10582000232AE1022326E103EF0000696304050057
:105830006FE09F870329410803274103032FC1021B
:1058400013040B006FF08FE1930460006FF01F975B
:10585000832741062328F100930708006FF05FBFFC
:10586000B7040080B3C4F4009302D0026FF09FB17C
:105870000327C10293075004E31AF7CC13871900DA
:10588000930620006FF01FB1032501001306C10726
:1058900093850A002326E1022328E101EF00C0617D
:1058A000630405006FE05F800326410683254108FD
:1058B000832701080327C102032F010113040B00F2
:1058C000634406006FE05F986FF09FDC1305B1073B
:1058D000930605001306A0001308300633E7C8023C
:1058E00093870600938508009386F6FF1307070346
:1058F000A38FE7FEB3C8C802E342B8FE938808034B
:105900001387E7FFA38F16FF6378A7389306E10696
:10591000034607001307170093861600A38FC6FEE1
:10592000E318A7FE1307010FB307F7409387F7F8B3
:105930002328F1026FF05FCF93071000B388E74090
:105940009307D0026FF01FCC83268101938504005A
:10595000130600001385060093060000232C510255
:10596000232A0103232AE1002328E101EF70403DAF
:10597000032F0101032741010328410383228103EF
:1059800063140526832741063308F8002328F10015
:10599000B3079841232AF1006FF05FAD8346F1050C
:1059A00093090000638406006FE0DF9C6FE0DF9CDA
:1059B000032501001306C10793850A00232AE1028B
:1059C0002326E103EF00404F630405006FE0CFEDB5
:1059D000832641060329410803274103032FC102FF
:1059E00013040B006FF0CFCC13090F0093070000D6
:1059F0006FE09FA18327C101E38209B4938407006C
:105A000093020000E3D407B4B7040080B3C4F400E9
:105A10009302D0026FF09FB3032501001306C10764
:105A200093850A002326E1022328E101EF00C04804
:105A3000630405006FE04FE7832641068327410199
:105A4000032941080327C102032F010113040B009E
:105A5000B386D7406FF08FCA930960006FF09F91B3
:105A60008346F10523280100138709009384090068
:105A7000130F090093090000638406006FE09F8FF5
:105A80006FE09F8FB7060280938686DA6FF04FA291
:105A9000330835016FF01F96B7060280938686DAC9
:105AA0006FF04FB3B7060280938686DB6FE05FEC42
:105AB0009307F0FF2322F1006FE04FE29377190084
:105AC0002328F100E39C07B613C7F4FF1357F741EF
:105AD00033F7E4006FF09F9B832741010327010206
:105AE000B384E700832701016348F00083270101A5
:105AF0003388F4409304180013C7F4FF1357F74199
:105B000033F7E400130D70066FF05F9893060400FE
:105B10001304070003270101130F0D00B38595003F
:105B2000938717002320D400232294002322B10856
:105B30002320F1089306700063C4F6006FE08FF035
:105B4000032501001306C10793850A002326E102FD
:105B50002328E101EF004036630405006FE0CFD455
:105B600083254108832701080327C102032F010170
:105B700013040B006FE04FED8327C10163C2070AD6
:105B80008346F1059307700463C6A709B70C02802A
:105B9000938C8CC06FE08FFC03270102130D7006FD
:105BA000B384E70013C7F4FF1357F74133F7E4005A
:105BB0006FF0DF8D832701023388E900130D600643
:105BC000B304F80013C7F4FF1357F74133F7E400A9
:105BD0006FF0DF8BB7040080B3C4F4009302D002EF
:105BE000930910006FF09F9693071000B387E7406A
:105BF0002322F1063308F8006FF0CFFFB7060280CA
:105C0000938686DB6FF05FB5B7060280938686DBEE
:105C10006FF0DF91B70C0280938CCCC06FE00FF473
:105C20009307D002A30FF1049306D0026FF09FF503
:105C3000B7060280938686DB6FF09FB683278100CC
:105C400083A907009387470063C809002324F10054
:105C500093840D006FE08FAC9309F0FF2324F100D3
:105C60006FF01FFF639A070013071000130D600603
:105C7000930410006FF09F8183270102130D6006CB
:105C800013881700B304380113C7F4FF1357F74103
:105C900033F7E4006FF08FFF930720002328F10211
:105CA0006FF09F98B7060280938686DB6FF01FE740
:105CB0009307050003A501C7930606001386050098
:105CC000938507006FE0CF8C130101B88397C5005F
:105CD00003D7E500232C814613840500B705010096
:105CE0009385D5FF032E44060323C4018328440271
:105CF00013170701B3F7B700B3E7E7001308004035
:105D0000232AF1009305810093070107232A914676
:105D100023282147232E1146130905002326C107F6
:105D200023226102232611032324F100232CF100F6
:105D300023280101232E010123200102EFE04F85DA
:105D400093040500635C05028357410193F7070440
:105D5000638807008357C40093E707042316F40001
:105D60008320C14703248147032901471385040089
:105D70008324414713010148678000009305810097
:105D800013050900EF108044E30005FC9304F0FFC5
:105D90006FF09FFB83A74506130101FD23286101D6
:105DA0002326110213972701130B06006358070ED1
:105DB0008327860023202103232E3101232A51012A
:105DC0002326710113890500832B06009309050022
:105DD000930AF0FF6388070A232481022322910299
:105DE000232C41012324810103AC4B0003A40B00AD
:105DF000135A2C0063060A06930400006F00C000CB
:105E000013044400630C9A0483250400130609005C
:105E100013850900EF10103E93841400E31255FF20
:105E20000324810283244102032901028329C10141
:105E3000032A8101832A4101832BC100032C8100A5
:105E40001305F0FF8320C10223240B0023220B0043
:105E5000032B0101130101036780000083278B00DE
:105E6000137CCCFFB38787412324FB00938B8B00EB
:105E7000E39C07F60324810283244102032A810163
:105E8000032C8100032901028329C101832A4101D6
:105E9000832BC100130500006FF0DFFAEF104041C3
:105EA0008320C10223240B0023220B00032B0101BA
:105EB00013010103678000000327860063040700C5
:105EC0006FF05FED232206001305000067800000DD
:105ED000130101F22326310D232C810B2326B10B54
:105EE000232E110C2320A10093890500930D060099
:105EF000138C06006306050083274503E38E0758CD
:105F00008397C900139727016346070203A7490631
:105F100037260000B7E6FFFFB3E7C7009386F6FF1A
:105F20009397070193D707413377D7002396F9005A
:105F300023A2E90613F787006308071203A70901E4
:105F40006304071293F7A7011307A000638EE712FB
:105F5000B70702802328210D232E710B1309010698
:105F6000938787DCB70B0280232C810C232A910CAA
:105F70002324410D2322510D2320610D232A910B4F
:105F80002328A10B23262103232A0102232801020F
:105F90001307090023260100232201002328F10012
:105FA00013040001938BCBF383C70D0063860710A6
:105FB00093840D00930650026386D72E83C7140086
:105FC00093841400E39A07FE338AB4416386B40FC6
:105FD00083264103832701032320B701B306DA0098
:105FE0009387170023224701232AD1022328F10295
:105FF00013067000130787006350F602E382062E33
:10600000032501001306C10293850900EFF09FD814
:106010006318050A130709008326410083C704009B
:10602000B38646012322D1006388070893871400B2
:10603000A30301029306F0FF93040000930C0000F9
:106040001305800503C60700938D1700930706FE0E
:106050006368F50E8325010193972700B387B70086
:1060600083A70700678007000325010093850900C7
:10607000EF100075E31E054C8397C9001307A000BD
:1060800093F7A701E396E7EC8397E900E3C207ECF7
:10609000032501008320C10D93060C0013860D001B
:1060A000032C810B832DC10A938509008329C10C20
:1060B0001301010E6F00D04E83274103E39C07427A
:1060C00083D7C9000324810D8324410D93F707046E
:1060D0000329010D032A810C832A410C032B010C97
:1060E000832BC10B832C410B032D010BE39207463D
:1060F0008320C10D032541008329C10C032C810B92
:10610000832DC10A1301010E678000009304000073
:10611000930706FD1308900003C60D009395240015
:10612000B385950093951500B384B700930706FDDA
:10613000938D1D00E372F8FE930706FEE37CF5F0F5
:10614000E30C06F6230CC102A3030102130A10009C
:10615000130B1000930A810393060000130F000035
:106160000326010393FF4C08832741039305160080
:10617000138E050063960F00338D4441E340A00366
:1061800083457102638A0502130671029387170023
:106190002320C700130610002322C700232AF10280
:1061A0002328C103130670006342C67913060E004C
:1061B00013078700130E1E0063000F0613068102EB
:1061C000938727002320C700130620002322C7003F
:1061D000232AF1022328C103130670006358C67BEB
:1061E000E3860710032501001306C1029385090009
:1061F000232AD1002324F101EFF0DFB9E31205ECEB
:10620000032601038327410383264101832F810055
:1062100013070900130E1600930500086382BF548C
:10622000338D66416348A063B307FB002320570109
:1062300023226701232AF1022328C1039306700059
:1062400063D4C65163880706032501001306C10203
:1062500093850900EFF01FB4E31405E6832741039B
:106260001307090013F34C0063060300338B44410A
:10627000634E600563D4440193040A000327410080
:10628000330797002322E100639E0766232801025B
:10629000130709006FF05FD193EC0C0193870D0099
:1062A0006FF05FDA338AB441E394B4D383C7040058
:1062B0006FF09FD72328010213F34C006300037C87
:1062C000338B4441635C607B130709009306000134
:1062D00003260103E3D86625370E0280130ECEF2A3
:1062E000130D0001930A70006F00800193052600D2
:1062F0001307870013860600130B0BFF635C6D0505
:1063000093870701930616002320C7012322A701C4
:10631000232AF1022328D102E3DADAFC638A074256
:10632000032501001306C102938509002324C1013E
:10633000EFF05FA6E31605D803260103130B0BFF4E
:1063400083274103032E81001307090093051600DC
:10635000E3486DFBB38767012320C7012322670150
:10636000232AF1022328B10213077000E354B7F087
:1063700063860770032501001306C1029385090097
:10638000EFF05FA1E31E05D2832741036FF09FEE7C
:1063900093F70C0103260C00130C4C00639A0710B2
:1063A00093F50C0493070600E3920500634006048E
:1063B0000345710263C8060493FCFCF763140604EA
:1063C000E39A0616130A0000130B0000930A090053
:1063D00063040500130A1A0013FF2C00E3020FD810
:1063E000130A2A00130F20006FF09FD79307D002E3
:1063F000A303F102B307C04063C4060093FCFCF79B
:106400001305D002130690006364F67493870703A4
:1064100093F7F70FA30FF104138A06006344D0002B
:10642000130A1000130B1000930AF105E31405FA88
:106430006FF09FFA83240C00130C4C00E3D004E6A9
:10644000B304904093EC4C0093870D006FF09FBF16
:1064500003C60D009307A00293881D00E300F61009
:10646000930706FD93069000930500001308900023
:10647000E3E4F60A03C6080093962500B386B60047
:1064800093961600B385D700930706FD93881800EE
:10649000E372F8FE9386050063C00574938D0800CF
:1064A0006FF0DFBA03260C0093EC0C01130C4C00C8
:1064B000930706006FF09FEF93EC0C0893870D0095
:1064C0006FF05FB89307B002A303F10293870D004A
:1064D0006FF05FB793EC1C0093870D006FF09FB6D1
:1064E00083477102E39C07DA93070002A303F102DA
:1064F00093870D006FF01FB583270C00A3030102E3
:10650000130C4C00230CF102130A1000130B1000A3
:10651000930A81036FF05FC483270C0013EB0C0117
:10652000130C4C00A303010213061000930C0B0084
:1065300013050000E3C806EC937CFBF76392075653
:1065400063920674631E065E137B1B0063020B647A
:1065500093070003A30FF104130A0B00930AF1053C
:106560006FF09FE783270C0013EB0C01130C4C001A
:10657000A303010213060000930C0B00E3DE06FAEE
:10658000930A090013F6770013060603A38FCAFEC9
:1065900093D7370093850A00938AFAFFE39407FEA6
:1065A00093F71C00638A0716930700036306F61629
:1065B0009385E5FFA38FFAFE330BB940138A0600DB
:1065C00063C66661938A05006FF01FE113F60C0144
:1065D00083270C00130C4C00631A060013F60C04FE
:1065E000630606009397070193D70701138B0C00EE
:1065F0006FF01FF893F70C016390070213F30C047C
:10660000630C030083270C0083264100130C4C000D
:106610002390D7006FF05F9983270C0083264100F9
:10662000130C4C0023A0D7006FF01F9893EC0C04C0
:1066300093870D006FF01FA113F60C0183270C0048
:10664000130C4C00631A060013F60C0463060600D4
:106650009397070193D70701138B0C006FF09FEC02
:10666000832A0C00A3030102130C4C00638A0A6204
:1066700063CA0656138606009305000013850A00B8
:10668000232AE1002324D100EF104041832681001A
:1066900003274101138B060063040500330B5541AA
:1066A00083477102134AFBFF135AFA41337A4B01B5
:1066B00093060000130F0000E39E07D06FF05FAA5F
:1066C00037860000130606832314C10237060280B2
:1066D000130646C283270C0093EC2C00130C4C00CD
:1066E0002326C100A3030102138B0C001306200014
:1066F000E3D406E4930A09008325C10013F6F700EA
:10670000938AFAFF3386C5000346060093D74700F5
:106710002380CA00E39207FE330B5941138A060017
:10672000E3DC66CB130A0B006FF01FCB13071000DE
:106730002328E10293070B0023205107232261073E
:10674000232A610313070900130787006FF09FB125
:106750009305100013060000130709006FF0DFB95E
:10676000338D4441E35EA0AB9305000163D8A55D82
:10677000B70502809385C5F32324B100130E0001F1
:10678000130F70006F0080011305260013078700A8
:1067900013860500130D0DFF6352AE07032581001C
:1067A00093870701930516002320A7002322C70122
:1067B000232AF1022328B102E358BFFC63800716A5
:1067C000032501001306C10293850900232AD10085
:1067D000EFF04FDCE316058E03260103130E0001D4
:1067E000130D0DFF83274103832641011307090081
:1067F00013051600130F7000E342AEFB0326810061
:10680000B387A7012322A7012320C700232AF1026F
:106810002328A102130670006352A6386388074A32
:10682000032501001306C102938509002324D1002A
:10683000EFF04FD6E3160588832681000326010377
:1068400083274103338D664113070900130E160099
:10685000E35CA09D6354A44723247101930E700050
:106860006F008001130E26001307870013860500B2
:10687000130D0DFF635AA4059387070193051600B6
:106880002320770123228700232AF1022328B10243
:10689000E3DABEFC63800706032501001306C1028C
:1068A00093850900EFF00FCFE31C05800326010359
:1068B000130D0DFF8327410313070900130E160064
:1068C000930E7000E34AA4FB83268100B387A701DF
:1068D0002322A7012320D700232AF1022328C10362
:1068E0009306700063C8C61D13078700130E1E00B1
:1068F0006FF09F93130E100013060000130709009A
:106900006FF01FF7032501001306C10293850900EC
:10691000EFF04FC8E30C05966FF08FFA13051000E7
:1069200013060000130709006FF0DFE66382070417
:10693000032501001306C10293850900232CD10011
:10694000232AF1012324E101EFF0CFC4631A05F6F5
:10695000032601038327410383268101832F4101FD
:10696000032F810013070900130E16006FF0DF8458
:1069700063060F24930781022320F106930720006A
:106980002322F106130E10001307090013060E0050
:1069900013078700130E1E006FF01F8813050001F8
:1069A0006354A537370E0280130ECEF2930E00010A
:1069B000930270006F00C0011305260013078700C3
:1069C00013860500130D0DFF63DCAE07930516005B
:1069D000938707012320C7012322D701232AF1022D
:1069E0002328B102E3DAB2FC638207080325010021
:1069F0001306C10293850900232EC101232CD10067
:106A0000232AF1012324E101EFF0CFB8631A05EA4C
:106A100003260103930E0001130D0DFF832741038D
:106A2000032EC10183268101832F4101032F8100A1
:106A3000130709001305160093027000E3C8AEF9AE
:106A4000B387A7012320C7012322A701232AF1022C
:106A50002328A102130670006342A60A13078700C9
:106A6000130E1500130605006FF08FF113060000DA
:106A700013051000130709006FF0DFF463D444011D
:106A800093040A0083274100B38797002322F10073
:106A90006FF0CFFF13F3FCF7936C23001306200075
:106AA00093051000630EB62C93052000E31AB6ACD4
:106AB0006FF05FC4E38C07C6032501001306C10213
:106AC00093850900EFF00FAD631C05DE032E010373
:106AD0008327410313070900130E1E006FF0CFF444
:106AE00023280102130709006FF00FD3130E1000C3
:106AF00013060000130709006FF00FF263820716F8
:106B0000032501001306C10293850900232CD1003F
:106B1000232AF1012324E101EFF0CFA7631205DA64
:106B2000032601038327410383268101832F41012B
:106B3000032F810013070900130E16006FF04FE4B6
:106B4000130A0000130B0000930A09006FF0DF889E
:106B5000930A09009305A000930E900033F6B70244
:106B6000938AFAFF138E0700130606032380CA00D8
:106B7000B3D7B702E3E4CEFF330B5941138A0600C3
:106B8000E3D86685130A0B00E31605846FF0DF84F3
:106B9000130A0000930A09006FF01F84130787008F
:106BA000130E1500130605006FF08FE7131606018C
:106BB00013560641930706006FF04FFF13060000BF
:106BC000130E1000130709006FF00FE5130A0B00F6
:106BD000938A05006FF05F809306F0FF938D0800A5
:106BE0006FF0CFC613850A002324E100EFC08FB4F5
:106BF00003278100130B05006FF09FAAB7070280DF
:106C0000938707C12326F10093F50C0183270C001D
:106C1000130C4C00639A050093F50C046386050081
:106C20009397070193D7070193F51C00E38C05AAFE
:106C3000E38A07AA930500032304B102A304C10257
:106C4000A3030102E3D806E493EC2C006FF09FAAA3
:106C5000B7070280938747C22326F1006FF0DFFA5F
:106C60000347710263000708930771022320F106AE
:106C7000930710002322F106130E100013070900DA
:106C80006FF0CFD293051000E310B6E213050000B9
:106C9000930700036FF00FF8EFB09F8E6FF04FA6D1
:106CA00093076000138B060063EAD702370802805F
:106CB000130A0B00930A88C36FF00FCAB70602804D
:106CC0009386C6F32324D1006FF01FC0130E10006B
:106CD00013060000130709006FF08FD4130B600038
:106CE0006FF0DFFC13060000130E100013070900FD
:106CF0006FF08FCC032501001306C10293850900B4
:106D0000EFF04F896FF0CFBB370E0280138505007F
:106D1000130ECEF26FF0DFD2938D080093060000C1
:106D20006FF0CFB2370E028093051600130ECEF22D
:106D30006FF04FE2930700036FF0CFED370602804C
:106D40001306C6F313050E002324C1006FF01FAB1A
:106D50009307F0FF2322F1006FF08FB983260C0018
:106D6000130C4C0063C80600938D080093870D0038
:106D70006FF04FAD9306F0FF938D08006FF01FFF8B
:106D8000130500006FF00FE89307050003A501C786
:106D90009306060013860500938507006FF04F9356
:106DA000130101B88397C50003D7E500232C814662
:106DB00013840500B70501009385D5FF032E440613
:106DC0000323C4018328440213170701B3F7B70054
:106DD000B3E7E70013080040232AF1009305810080
:106DE00093070107232A914623282147232E114682
:106DF000130905002326C10723226102232611035C
:106E00002324F100232CF10023280101232E01016A
:106E100023200102EFF0CF8B93040500635C050291
:106E20008357410193F70704638807008357C40021
:106E300093E707042316F4008320C1470324814706
:106E400003290147138504008324414713010148A6
:106E5000678000009305810013050900EF000037EB
:106E6000E30005FC9304F0FF6FF09FFB130101FFAB
:106E70002326110023202101638805022324810099
:106E80002322910013840500930405006306050086
:106E900083274503638C070C8317C40063920702A2
:106EA00003248100832441008320C10013090000D2
:106EB0001305090003290100130101016780000087
:106EC0009305040013850400EF00800B8327C402A0
:106ED00013090500638A07008325C4011385040094
:106EE000E7800700634405068357C40093F707084B
:106EF0006396070683250403638C05009307040447
:106F00006386F50013850400EFC04FBC23280402FC
:106F1000832544046388050013850400EFC00FBB7C
:106F200023220404EFB00FE823160400EFB0CFE7EC
:106F30008320C1000324810083244100130509003C
:106F40000329010013010101678000008357C40079
:106F50001309F0FF93F70708E38E07F88325040170
:106F600013850400EFC08FB66FF0DFF8EFB04FE18C
:106F70006FF09FF29305050003A501C76FF01FEFA7
:106F80000397C500130101FE232C81002326310144
:106F9000232E1100937787001384050093090500C1
:106FA00063900712B71700009387078083A64500F8
:106FB000B367F7002396F5006352D01803288402C4
:106FC0006304080E232A91009316370183A4090055
:106FD00023A009008325C40163CE06161306000012
:106FE0009306100013850900E70008009307F0FFDF
:106FF000130605006304F51A8317C40003288402EE
:107000008325C40193F74700638E070003274400DC
:10701000832704033306E640638607008327C403FF
:107020003306F6409306000013850900E7000800C8
:107030009307F0FF6314F51283A609009307D001AC
:107040000317C40063EAD716B707402093871700D9
:10705000B3D7D70093F71700638007160326040100
:10706000B7F7FFFF9387F77FB377F7002316F40096
:10707000232204002320C4009317370163D40700A0
:10708000638206108325040323A0990063840510FE
:10709000930704046386F50013850900EFC00FA36E
:1070A0008324410123280402130500008320C10129
:1070B000032481018329C1001301010267800000BC
:1070C0002328210103A9050163020908232A91004D
:1070D00083A405001377370023A02501B38424413E
:1070E000930700006314070083A745012324F400DD
:1070F000634890006F0040053309A900635690046F
:10710000832744028325C4019386040013060900E3
:1071100013850900E7800700B384A440E34EA0FC78
:107120000317C400032901011367070483244101E5
:107130002316E4001305F0FF6FF05FF783A6C50385
:10714000E34ED0E66FF05FF683244101032901018D
:107150006FF09FF5032604056FF0DFEA0317C40004
:1071600083260401B7F7FFFF9387F77FB377F70014
:107170002316F400232204002320D40093173701A0
:10718000E3D207F0832504032328A40423A0990055
:10719000E39005F0832441016FF01FF183A70900FC
:1071A000E38C07E41307D001638CE7001307600149
:1071B0006388E7000317C400136707046FF01FF725
:1071C00023A09900832441016FF01FEE130101FEFB
:1071D000232C8100232E11001304050063060500F3
:1071E00083274503638A07028397C500639C0700D2
:1071F0008320C10103248101130500001301010252
:107200006780000013050400032481018320C1016D
:10721000130101026FF0DFD62326B100EFB04FB6A5
:107220008325C1006FF05FFC630005069305050030
:1072300003A501C76306050083274503638C070088
:107240008397C50063960700130500006780000060
:107250006FF01FD3130101FE2326B1002324A100E8
:10726000232E1100EFB0CFB18325C100032581008B
:107270008397C500639807028320C10113050000AE
:10728000130101026780000037060280B775008095
:1072900037050280130646559385C51C1305055610
:1072A0006FB0CFB38320C101130101026FF05FCD36
:1072B000832786006384072C8396C500130101FD94
:1072C00023248102232C410123286101232611025A
:1072D00093F78600130B0600130A050013840500BC
:1072E000638E070883A70501638A0708232291029A
:1072F00023202103232E3101232A510193F7260055
:1073000083240B006384070A832744028325C40176
:10731000B70A00809309000013090000938A0AC08D
:107320001386090013050A00630209049306090085
:1073300063F42A0193860A00E78007006350A046A1
:1073400083278B00B389A9003309A940B387A740DD
:107350002324FB006386071A832744028325C40184
:107360001386090013050A00E31209FC83A904002F
:1073700003A94400938484006FF09FFA93050400EE
:1073800013050A00EF00C043631C051C8316C400EC
:107390002322910223202103232E3101232A51018C
:1073A00093F7260083240B00E39007F62326710150
:1073B0002324810193F716006396071C832704009A
:1073C00003278400B70A008023229101930B000059
:1073D00093090000938AFAFF13850700130C070036
:1073E0006382091013F6062063080628930C070031
:1073F00063E6E93213F70648630A070803264401E7
:1074000083250401131716003307C7003389B740DB
:10741000135CF701330CEC0093071900135C1C405C
:10742000B387370113060C006376FC00138C07004A
:107430001386070093F60640638E06309305060018
:1074400013050A00EFC0CF98930C0500630C0534B8
:107450008325040113060900EFB09F938357C400EE
:1074600093F7F7B793E707082316F40033852C0149
:10747000B3072C4123289401232A84012320A4004C
:10748000138C09002324F400938C090013860C004C
:1074900093850B00EF0090040327840083270400EA
:1074A0001389090033078741B38797012324E40038
:1074B0002320F4009309000083278B00B38B2B015A
:1074C000B38727412324FB00638607028327040038
:1074D000032784008316C40013850700130C0700DC
:1074E000E39209F083AB040083A9440093848400F1
:1074F0006FF09FEE832BC100032C8100832C410091
:107500008320C10203248102832441020329010252
:107510008329C101832A4101032A8101032B01012F
:1075200013050000130101036780000093050400A8
:1075300013050A00EFF09FC9630E050A8317C40004
:10754000832BC100032C8100832441020329010203
:107550008329C101832A410193E707042316F4001C
:107560008320C10203248102032A8101032B01012C
:107570001305F0FF130101036780000013050000ED
:1075800067800000930A000013050000130C000040
:107590009309000063820908630A050893870A00BB
:1075A000938B090063F43701938B070003250400D4
:1075B00083270401032984008326440163F6A7007E
:1075C0003309D9006344790963C0DB168327440279
:1075D0008325C40113060C0013050A00E780070089
:1075E00013090500E35CA0F4B38A2A4113051000D7
:1075F000E38E0AF283278B00330C2C01B3892941D7
:10760000B38727412324FB00E39607F8832BC100AF
:10761000032C81006FF0DFEE83A944009387040000
:1076200093848400E38A09FE03AC070013860900F3
:107630009305A00013050C00EF004046630A0514F3
:1076400013051500B30A85416FF05FF593050C0033
:1076500013060900EF0080688327040093050400E7
:1076600013050A00B38727012320F400EFF01FB6AB
:10767000E30C05F66FF09FEC8326040163E2F60449
:107680000326440163EEC9029387090063F43A01BB
:1076900093870A00B3E6C702032744028325C40187
:1076A00013860B0013050A00B386D740E7000700D6
:1076B00013090500635AA004B38929416FF0DFDF85
:1076C0001309070063F4E900138909001385070013
:1076D0001306090093850B00EF0040600327840028
:1076E0008327040033072741B38727012324E400BD
:1076F0002320F400E31207FC9305040013050A009D
:10770000EFF0DFACE30A05FA8317C400832BC10056
:10771000032C8100832C41006FF01FE3138C0900C0
:10772000938C09006FF09FD613860B0093050C0015
:10773000EF00C05A032784008327040013890B003D
:1077400033077741B38777012324E4002320F40033
:107750006FF09FE913050A00EF30C027930C050076
:10776000E31605D08325040113050A00EFB01FB608
:107770008317C4001307C000832BC100032C8100B2
:10778000832C41002320EA0093F7F7F76FF0DFDB4B
:1077900093871900938A07006FF09FE08317C40056
:1077A0006FF09FDA1307C0008317C400832BC1005A
:1077B000032C8100832C41002320EA006FF0DFD8E6
:1077C00083A701C7130101FF232481002322910015
:1077D0002326110093040500138405006386070027
:1077E00003A74703630C070E8317C40013F7870032
:1077F000630A0706032704016306070893F61700C8
:107800006388060283264401232404001305000034
:10781000B306D040232CD400630A07028320C100A2
:1078200003248100832441001301010167800000CB
:1078300093F6270013060000639406000326440114
:107840002324C40013050000E31A07FC13F70708FC
:10785000E30607FC93E707042316F4001305F0FF83
:107860006FF0DFFB13F707016300070813F747000A
:10787000631C07020327040193E787002316F40023
:10788000E31E07F693F6072813060020E388C6F6E2
:107890009305040013850400EF30407E8317C40075
:1078A000032704016FF09FF583250403638E050011
:1078B000130704046388E50013850400EFB01FA1DB
:1078C0008317C400232804020327040193F7B7FD9C
:1078D000232204002320E4006FF01FFA1385070021
:1078E000EFA01FCA6FF05FF01307900023A0E40021
:1078F00093E707042316F4001305F0FF6FF01FF25F
:10790000130101FE232C8100232A91002328210149
:10791000232E1100130905009384050013040600AB
:10792000EF00002C93071000631CF5009387F4FF11
:107930001307E00F6366F700230691006F00400213
:107940009306C405138604009305C10013050900BE
:10795000EF30C0629307F0FF6304F508630C050283
:10796000832784008345C1009387F7FF2324F40015
:1079700063DA07000327840163CCE7029307A000C2
:107980006388F50283270400138717002320E4008F
:107990002380B7008320C101032481010329010151
:1079A0001385040083244101130101026780000054
:1079B0001306040013050900EF3050139307F0FF7E
:1079C000E31AF5FC1305F0FF8320C10103248101B4
:1079D0008324410103290101130101026780000092
:1079E0008357C4001305F0FF93E707042316F40040
:1079F0006FF09FFD8317C6001397270163400702AE
:107A000003274606B7260000B3E7D700B7260000D5
:107A10003367D7002316F6002322E6066FF05FEEE9
:107A2000130101FE232C810003A401C7232E1100A2
:107A300013860500930505006306040083274403AD
:107A4000638007048317C60013972701634007026A
:107A500003274606B7260000B3E7D700B726000085
:107A60003367D7002316F6002322E6061305040029
:107A7000032481018320C101130101026FF05FE83B
:107A80002324A100130504002326C100EFA05FAF4B
:107A90000326C100832581006FF0DFFA937735005C
:107AA00093F6F50F638A07029307F6FF630E06024B
:107AB0001306F0FF6F0080011305150013773500E2
:107AC000630E07009387F7FF6380C7020347050033
:107AD000E314D7FE67800000930706001307300009
:107AE0006368F700639007061305000067800000D5
:107AF00093F5F50F13978500B305B70013970501AC
:107B0000B708FFFE37888080B385E5009388F8EFDB
:107B100013080808130330006F0000019387C7FFA4
:107B200013054500E370F3FC0327050033C7E500A8
:107B3000330617011347F7FF3377E6003377070162
:107B4000E30E07FCB307F5006F00C0001305150036
:107B5000E38CA7F803470500E31AD7FE678000000F
:107B6000130101FF2326110023229100630E060258
:107B7000B7050280938505F51305060023248100CF
:107B800013040600EF004026B704028063120502CA
:107B9000032481001385C4F48320C10083244100A1
:107BA0001301010167800000B70402806FF09FFE9F
:107BB0009385C4F413050400EF000023E30A05FCD9
:107BC000B7F500809385C59413050400EF00C0212C
:107BD000E30005FC03248100130500006FF0DFFBC8
:107BE00003C541BD67800000130101FF232611007A
:107BF00023229100638E0502232481001384050053
:107C0000B7050280938505F513050400EF00C01D3C
:107C1000B704028063120502032481001385C4F4B3
:107C20008320C1008324410013010101678000000B
:107C3000B70402806FF09FFE9385C4F4130504001F
:107C4000EF00801AE30A05FCB7F500809385C59420
:107C500013050400EF004019E30005FC0324810034
:107C6000130500006FF0DFFB1305050F67800000B0
:107C70001385C1B9678000001385C1B96780000012
:107C8000130101FF23248100232291001304050026
:107C9000138505002326110023A401C8EF801F9B34
:107CA0009307F0FF630CF5008320C10003248100DB
:107CB00083244100130101016780000083A781C86C
:107CC000E38407FE8320C1002320F4000324810005
:107CD00083244100130101016780000063F6A502BF
:107CE0003387C5006372E502B307C5006306060467
:107CF0008346F7FF9387F7FF1307F7FF2380D7002B
:107D0000E318F5FE678000009307F00063E8C70200
:107D1000930705009306F6FF6302060C9386160090
:107D2000B386D70003C70500938717009385150016
:107D3000A38FE7FEE398D7FE67800000B367B50026
:107D400093F7370063960708930806FF93F808FF38
:107D500093880801B30615011387050093070500F2
:107D600003280700130707019387070123A807FFCC
:107D7000032847FF23AA07FF032887FF23AC07FF39
:107D80000328C7FF23AE07FFE39CD7FC1378C60088
:107D9000B38515011377F600630408041308C7FFC1
:107DA0001378C8FF13084800B3870601138705003E
:107DB00083280700938646001307470023AE16FF6B
:107DC000E398F6FE13763600B38505016FF09FF455
:107DD0009306F6FF930705006FF05FF467800000DD
:107DE000130607006FF01FF33367B5009303F0FF2E
:107DF0001377370063100710B7877F7F9387F7F7F4
:107E00000326050083A60500B372F6003363F6006F
:107E1000B382F200B3E26200639272106316D60876
:107E20000326450083A64500B372F6003363F600CF
:107E3000B382F200B3E26200639E720C6316D60650
:107E40000326850083A68500B372F6003363F6002F
:107E5000B382F200B3E262006398720C6316D60438
:107E60000326C50083A6C500B372F6003363F6008F
:107E7000B382F200B3E262006392720C6316D60220
:107E80000326050183A60501B372F6003363F600ED
:107E9000B382F200B3E26200639C720A13054501EB
:107EA00093854501E30ED6F4131706019397060157
:107EB000631EF7001357060193D706013305F740F9
:107EC0009375F50F63900502678000001357070153
:107ED00093D707013305F7409375F50F63940500B9
:107EE000678000001377F70F93F7F70F3305F7401C
:107EF000678000000346050083C6050013051500D2
:107F0000938515006314D600E31606FE3305D640AC
:107F1000678000001305450093854500E31CD6FCEF
:107F20001305000067800000130585009385850018
:107F3000E312D6FC13050000678000001305C5009E
:107F40009385C500E318D6FA13050000678000008A
:107F50001305050193850501E31ED6F813050000FE
:107F600067800000130101FE232A91008327050189
:107F700083A40501232E110063C0971C9384F4FF92
:107F800013932400232C81001384450123263101FF
:107F900023244101B3096400130A450183A70900A2
:107FA00033036A0003270300232821012322510100
:107FB000938717003359F702930A0500636AF70A9B
:107FC000370501009308040013080A00930E00000F
:107FD000930600001305F5FF03A70800032E080011
:107FE000130848003376A70013570701B377AE0094
:107FF000135E0E01938848003306260333072703D8
:108000003306D601B37EA600B387D74113560601C7
:10801000B387D70093D60741B3F7A7003307C7004C
:108020003376A700B386C640B386C6011396060111
:10803000B3E7C700232EF8FE935E070193D60641EF
:10804000E3FC19F983270300639407021303C3FFBA
:1080500063686A006F0080019384F4FF63786A00AC
:10806000832703001303C3FFE38807FE23A89A00B6
:1080700013850A00EF20401C634C050837050100FA
:1080800093050A00130700001305F5FF83A60500FA
:108090000326040093854500B3F7A6003378A600B5
:1080A000B3870741B387E70013D70741135606018B
:1080B00093D606013307C7403307D700931607014D
:1080C000B3F7A700B3E7D7001304440023AEF5FECF
:1080D00013570741E3FC89FA93972400B307FA008A
:1080E00003A70700631407029387C7FF6368FA00BA
:1080F0006F0080019384F4FF6378FA0003A7070000
:108100009387C7FFE30807FE23A89A001309190005
:10811000032481018320C1018329C100032A810036
:10812000832A410083244101130509000329010129
:1081300013010102678000008320C10183244101F3
:10814000130500001301010267800000032385036B
:10815000130101F4232C810A232A910A2328210BDD
:108160002322510B2326B109232E110A2326310B7A
:10817000232EE100232AF100232811012326B10236
:108180002324C10013040500938D05009304060009
:10819000938A060013090800630203020327C5033C
:1081A0009307100093050300B397E7002322E30031
:1081B0002324F300EF10006C232C040293890400A5
:1081C0009306000063DC04009394140093D714001A
:1081D0002324F10093890700930610003707F07FEE
:1081E0002320D900B3F6E9006388E6608324810088
:1081F00013850D001306000093850400930600000C
:108200002320B10323229102EF409033631A050427
:1082100003274101930710002320F70003270101E2
:1082200063080700B7070280938717C42320F7006D
:10823000B7090280938909C48320C10B0324810BF1
:108240008324410B0329010B832A410A832DC10892
:10825000138509008329C10A1301010C67800000FE
:1082600013860400130781079306C10793850D0049
:10827000130504002324410B2320610B232E7109D5
:10828000232C8109232A91092328A10913D9490103
:10829000EF20403E930405006312095A832B8107A7
:1082A0000329C1079307000233892B0113072943D0
:1082B000E3D0E73293070004B387E7401305294171
:1082C000B397F90033D5AD0033E5A700EF509067C1
:1082D000B70710FE9306100013070500B387B70019
:1082E0001309F9FF2324D10403A641C283A681C246
:1082F0001305070093850700EF50403B03A6C1C25A
:1083000083A601C3EF40104D03A641C383A681C3DA
:10831000EF30D01D130A05001305090093890500ED
:10832000EF50D05603A6C1C383A601C4EF40904AC4
:10833000130605009386050013050A0093850900BE
:10834000EF30D01A130B050093890500EF50D04B86
:10835000130A05009385090013050B00130600009E
:1083600093060000EF4090366350050213050A00A3
:10837000EF50D05113060B0093860900EF40501CBC
:108380003335A000330AAA4033892B41930760019B
:10839000130BF9FFE3E8471D3707028093173A00F4
:1083A00013070700B387E70003A6070083A647006B
:1083B0000325010283254102EF405031E35A051E97
:1083C000130AFAFF232E0102232C0100634C0B48F1
:1083D00063540A4A8327810123244103B387474119
:1083E000232CF100B3074041232CF10293079000A6
:1083F000130A000063EC574993075000E3D0571F5E
:10840000938ACAFF9307300013090000E388FA62D9
:10841000E3D0575F93074000E390FA5293071000B0
:108420002328F1020326C101E352C0602326C104C0
:10843000130C060093067001130710009307400009
:1084400063C4C6006F10802F93971700938647016F
:108450009305070013071700E378D6FE232EB40216
:1084600013050400EF10C0359309050063140500DF
:108470006F10002B232CA4029307E00063E6874FC4
:108480006304094E83268102E35AD05E93F7F60017
:1084900037070280130707009397370093DC4640A5
:1084A000B387E70093F60C0103A8070003A7470072
:1084B000E3880652B707028003A6071183A6471177
:1084C00003250102832541022328E104232001051D
:1084D000EF40400E032801040327010593FCFC0034
:1084E00013030500138D050013093000638C0C0481
:1084F000B70B028023208104938B0B0F1304090018
:10850000930507001309030093F71C00638E07000F
:1085100003A60B0083A64B001305080013041400E8
:10852000EF40502B1308050093DC1C40938B8B000D
:10853000E39C0CFC13030900130904000324010449
:1085400013870500930607001306080013050300B0
:1085500093050D00EF400006130705009387050003
:108560008326C1036388060203A641C483A681C48F
:1085700013050700938507002328E1042320F10455
:10858000EF40D0148327010403270105635405003D
:108590006F100001130509002320F1062320E104D8
:1085A000EF50D02E0327010483270106130607008E
:1085B000938607002328E1042320F104EF40902153
:1085C00003A641C583A681C5EF304072B706C0FC43
:1085D0008327010403270105930C0500B38BB60024
:1085E000630E0C3283268102232081072324D106C7
:1085F00013050700938507002328E1042320F104D5
:10860000EF509020832701063706028013090500EA
:108610009386F7FF9396360093070600B386D7003C
:1086200003A846002326F10683A70600232E010592
:1086300023229107232CF104EF5050250327010535
:108640008327010413060500938605001305070020
:1086500093850700EF50800503270103138D190050
:10866000130309032320A105930C05001373F30FD3
:10867000E304075A03A541C6032681058326C105E5
:108680002320B10483A581C623286104EF309072B2
:108690000326410693860B00EF5040018328010416
:1086A0000323010513860C009386080023806900CC
:1086B00013090500938B0500EF40407183280104E6
:1086C0006354A0006F00507883A741C403A881C4FD
:1086D000232C41052328F104232A010503A801C501
:1086E00083A7C1C423226107232681072320F10425
:1086F00093070000032C010623220105138B0700BA
:1087000023205107138A08006F000009130B1B0078
:1087100063448B016F0050780326010483264104D3
:108720001305090093850B00EF40D00A03260104CE
:108730008326410413090500938B050013850C0063
:1087400093050A00EF401009938C0500930A050079
:10875000EF50900B130A0500EF505013130605005D
:108760009386050013850A0093850C00EF40107472
:1087700093070A031306090093860B002300FD00EC
:10878000130D1D00930C0500138A0500EF400074C3
:10879000635405006F00506B0325010583254105D7
:1087A00013860C0093060A00EF4050701306090070
:1087B00093860B00EF408071E35A05F4832781060E
:1087C000930B0D00138C1700130690036F008000AD
:1087D000E386796583C6FBFF138D0B00938BFBFF4C
:1087E000E388C6FE9386160093F6F60F2380DB001F
:1087F000930D0C006F00004D8326410137270000C8
:108800009397C9001307F77093D7C70023A0E6001A
:10881000B3E7B7016380070A83270101B709028024
:10882000938989F6E38A07A0B70702809387B7F692
:10883000032701012320F7006FF01FA083274102C7
:10884000B706F03F832B81079397C70093D7C700E4
:1088500003270102B3E7D700130919C02324010439
:108860006FF09FA893071000B3872741232CF100D6
:10887000130B0000E3400AB623244103232C01021A
:1088800093079000330B4B01E3F857B793071000A1
:1088900013091000930A00002328F102130CF0FFC3
:1088A000232E0100232E04022326810593050000B8
:1088B0006FF01FBB83270101B70902809389C9F5B7
:1088C000E38C0796B7070280938747F66FF05FF651
:1088D000130509002320F1062320E104EF50007B5B
:1088E0000327010483270106130607009386070068
:1088F0002328E1042320F104EF40C06D03A641C505
:1089000083A681C5EF30803E83270104032701053C
:10891000B706C0FC930C0500B38BB60003A6C1C517
:1089200083A601C61305070093850700EF40105882
:1089300013860C0093860B00130D050013890500A8
:10894000EF40C048E342A04EB7070080B3C77701AD
:1089500013860C0013050D0093860700930509008C
:10896000EF40C056634805068327C10763CE07184A
:10897000832681021307E0006348D718832781020A
:10898000370702801307070093973700B387E70084
:1089900003AA070083AA47008327C10163D80704FD
:1089A0006346800563180C0203A6C1C583A601C6F1
:1089B00013050A0093850A00EF40C0611306050005
:1089C000938605000325010283254102EF400050F4
:1089D000E34CA044138D0900232001021309000079
:1089E0008327C10193CDF7FF6F004069938719007A
:1089F0002320F104032B01020329410213060A007C
:108A000093860A0013050B0093050900EF30903A96
:108A1000EF50805F130D0500EF50406713060A000A
:108A200093860A00EF40005B13060500938605005D
:108A300013050B0093050900EF40504793070D0302
:108A40002380F90013061000832B0104130705008F
:108A500093860500E30CCC0C83A7C1C403A801C511
:108A6000930D10002324F100232601016F0000065E
:108A700013060A0093860A0013050B0093050900EC
:108A8000EF305033EF504058130D0500EF500060A9
:108A900013060A0093860A00EF40C0539386050030
:108AA000130605009305090013050B00EF40104065
:108AB000938B1B0093070D03938D1D00A38FFBFE6B
:108AC0001307050093860500E302BC070326810017
:108AD000938506008326C10013050700EF40804FF1
:108AE0001306000093060000130B05001389050010
:108AF000EF400025E31E05F683278102138D0B004E
:108B0000938D17006F00001C0327010363160726CF
:108B1000832B8103832C8101232801021309000088
:108B200063820C026350600393870C0063449B676D
:108B300003278101B38CFC40330BFB403307F74024
:108B4000232CE1008327810363820702832701032B
:108B500063840700E39C0B060326810393850400CE
:108B600013050400EF10403F930405009305100027
:108B700013050400EF1000102320A102631C0A500B
:108B80009307100063DC5755B387670193F7F7012C
:108B90006380071E130700023307F7409306400067
:108BA00063D4E6581307C001B307F74003278101D8
:108BB000B38CFC00330BFB003307F700232CE100E0
:108BC000832781016340F014635C60018325010207
:108BD00013060B0013050400EF10004D2320A10223
:108BE0008327C103639C07126354804583270103D5
:108BF0006390072683278102938D1700832A010241
:108C0000130A10006F000002938504009306000011
:108C10001306A00013050400EF001048930405009C
:108C2000130A1A0093850A0013850400EFF08FB32E
:108C3000930B0503B3874901A38F77FFE3468AFDB2
:108C4000130A100063448055338A4901930A0000D7
:108C5000938504001306100013050400EF10C044B0
:108C60008325010293040500EF10005D635EA04EB2
:108C7000930690036F008000638A495F8347FAFF81
:108C8000130D0A00130AFAFFE388D7FE9387170033
:108C90002300FA008325010213050400EF00903D34
:108CA00063020902638A0A0063882A0193850A0025
:108CB00013050400EF00103C9305090013050400A0
:108CC000EF00503B9385040013050400EF00903A39
:108CD0008327410123000D0023A0B7018327010151
:108CE0006384070023A0A701032A810A032B010A3A
:108CF000832BC109032C8109832C4109032D010910
:108D00006FF08FD3938504001386070013050400CA
:108D1000EF108039930405006FF01FEB83250102EB
:108D200013850400EF104051E35005EC83278102C6
:108D300093850400930600001306A00013050400A9
:108D4000138BF7FFEF0050358327010393040500D1
:108D5000639E070C032CC104E35A8015832D810206
:108D60006FF0DFE993071000232EF1026FF0CFE5DB
:108D70009307C0016FF09FE3130710006354574D32
:108D800083278103930BFCFF63CA7741B38B774141
:108D900083278101B38C8741E3500C0E93051000AB
:108DA00013050400EF00106D130905006FF05FD785
:108DB000232E0102232C0100E34020AD9307100075
:108DC000B3872741232CF100130B00006FF0DFAABB
:108DD000B387E7403395FD006FF04FCF9307300026
:108DE00013091000638CFA4463C657E3930720000D
:108DF000E38CFA14232E04029305000013050400EB
:108E0000EF00101C93090500E30C051093071000F8
:108E10002328F1029307F0FF232CA4022326F10458
:108E2000130CF0FF232E01006FF01FB4930509000F
:108E3000930600001306A00013050400EF00D025E0
:108E4000032CC10413090500E356800923246103A0
:108E5000635C90019305090013860C001305040060
:108E6000EF10802413090500130B0900631E0A503C
:108E70008327C102138DF9FF938C0900232C310144
:108E80008329010293F71700330D8D012324F1008C
:108E9000232EB1019385090013850400EFF08F8C18
:108EA000130C05009305090013850400EF10C0386A
:108EB000130A050013060B0093850900130504002F
:108EC000EF10003D0327C500930B0C03930D050025
:108ED000631C07089305050013850400EF10C035D7
:108EE0001307050093850D0013050400930D07007B
:108EF000EF005018B3E65D01639A060E83278100E8
:108F0000638A077463420A7623807C01138A1C00FB
:108F100063049D6793850400930600001306A00078
:108F200013050400EF00501793040500930600009A
:108F30001306A0009305090013050400630E6909D8
:108F4000EF00901593050B00130905009306000030
:108F50001306A00013050400EF001014130B050006
:108F6000930C0A006FF01FF393050500130504002E
:108F700083298101832DC101EF00D00F634A0A00CC
:108F800013F71D00336A5A0133674701631E070652
:108F9000938504001306100013050400EF10C010A1
:108FA0008325010293040500EF1000296358A024D3
:108FB00013079003638CEB24930B1C03832781021C
:108FC000930A0900138D1C0023807C01938D1700E8
:108FD00013090B006FF01FCCEF00100C13090500F4
:108FE000130B0500930C0A006FF0DFEA63440A726A
:108FF00083278100336A5A0133EA4701630C0A7000
:10900000E354B0F183298101130790036380EB20BF
:109010000327810293871B00930A0900138D1C000C
:10902000930D17002380FC0013090B006FF09FC6FF
:1090300093072000E3DC57BB138D0900E3120C9A61
:109040008325010293060000130650001305040057
:10905000EF009004930505002320A102138504006E
:10906000EF10801DE35EA096930710032380F900A4
:1090700083278102138D1900938D17008325010228
:1090800013050400938D1D00EF00C07EE31609C296
:109090006FF05FC39305050013060A001305040073
:1090A000EF00906B930710002320A10263DE57119D
:1090B000130A000003270102832707019387370063
:1090C00093972700B307F70003A54700EF0010258B
:1090D00093070002B387A7406FF01FAB8327C1023D
:1090E00063900704832781009397C700639A070260
:1090F000832681009307000013D746011377F77F7B
:10910000630C070083278101130B1B009387170053
:10911000232CF10093071000631C0A54138A0700E4
:10912000930710006FF05FA6E30CD7A81307C003E6
:10913000B307F7406FF09FA793071000930A500002
:109140002328F1028327C10103278102B387E700A7
:10915000138C17002326F10413060C00634C80AD1A
:10916000130610006FF00FAD6316050093F71B0098
:10917000E39007B0930600038347FAFF130D0A003C
:10918000130AFAFFE38AD7FE6FF0DFB0130A0C0070
:109190006FF09FAB93070B006FF09F9983278103BC
:1091A00003278101232C7103B387FB40330AFA00A4
:1091B000B3078701930C0700330B8B01232CF100BD
:1091C000930B00006FF09FBD8327C102E39207EE6F
:1091D000832781009397C700E39C07EC6FF05FF152
:1091E00003230102032D4102130920006FF00FB089
:1091F000930A2000232801026FF0CFA2E31005DCC0
:1092000013F71B00E31607DA6FF05FDB9307900399
:109210002380FC0083278102930A0900138A1C0023
:10922000938D170013090B006FF09FA49307100094
:10923000130C1000232EF1006FF0CFE6232801025B
:109240006FF05FF003278104630407300327810177
:1092500093873743330BFB00B307F700832B81035E
:10926000930C0700232CF1006FF05FB393071003FA
:109270002380F900938D1D006FF0DFA18327810209
:1092800063880730B30BF04093F7FB003707028089
:109290001307070093973700B387E70003A607007B
:1092A00083A64700032501028325410293DB4B403F
:1092B000EF305052138D050063880B4213092000D4
:1092C000B70C028023208104938C0C0F1304090037
:1092D00013070500130600001309050093F61B0091
:1092E0006380060203A60C0083A64C00130507004A
:1092F00013041400EF30104E13070500130610007E
:1093000093DB1B40938C8C00E39A0BFC1305090044
:10931000938705001309040003240104631206A4C3
:109320001307050093070D006FF08FA393850600C8
:109330001306070013050700EF20501B8327810247
:1093400013060A0093860A00938D1700130B05007D
:1093500013890500138C0D00EF3050276346A0C61B
:1093600013050B009305090013060A0093860A00F3
:10937000EF30101D63160500137D1D0063160DC42C
:10938000138D0B006FF01F94832549001305040013
:10939000EF000043130A05006300053603260901A8
:1093A0009305C9001305C5001306260013162600F1
:1093B000EF901F9E1306100093050A00130504008A
:1093C000EF00904E130B05006FF09FAA9305090064
:1093D00013860B0013050400EF00103813860400F9
:1093E000930505001309050013050400EF00901311
:1093F0009307050093850400130504009384070078
:10940000EF00404783278103B3877741232CF10284
:10941000638E07F46FF04FF4032681058326C105A0
:10942000032541062328B10493850B0023286102FC
:10943000EF30503A032301038327010693061000FF
:10944000238069002324A1048328010513890500D2
:10945000B38BF900638CD72683A7C1C403A801C5C9
:10946000232891042328F102232A010323208106C3
:1094700013850C009385080003260103832641030E
:10948000130D1D00EF301035138405009304050003
:10949000EF409037930C0500EF40503F1306050056
:1094A000938605001385040093050400938C0C0338
:1094B000EF40C01FA30F9DFFE390ABFD8324010588
:1094C00003240106930C05009388050003A641C6FA
:1094D00083A681C60325810493050900232811036F
:1094E000EF20D0008328010313860C009386080028
:1094F000EF30D01D634C05180326810403A541C637
:1095000083A581C693060900EF40401A8328010312
:1095100013860C0093860800EF30500B634CA010AC
:109520008327C10763C607DE032781029307E00094
:1095300063C0E7DE832781020327C10693973700C4
:10954000B307F70003AA070083AA47006FF08FCA8A
:10955000032781078326810193076003B387E740D0
:10956000330BFB00B387F600832B8103938C06003B
:10957000232CF1006FF09F8283278102930A090058
:1095800083298101938D170013090B006FF04FECB5
:109590000327010283274102130920006FE05FFCCB
:1095A00063080CB2032DC1046350A0BD938507006E
:1095B0008327810283A601C503A6C1C49387F7FF51
:1095C000130507002324F106EF30D0201307050010
:1095D000130519002328E1042320B104EF40102BC8
:1095E000032701058327010413060700938607005C
:1095F000EF30501E03A641C583A681C5EF20006F42
:10960000B706C0FC8327010403270105930C05005E
:10961000B38BB6002320A1076FE09FFD93061003D4
:10962000130C1C006FF08F9C232001021309000013
:109630006FF09FA31306000383C7FBFF138D0B007E
:10964000938BFBFFE38AC7FE83278106938D170068
:109650006FF04FE71307900383298101E388EBBA8A
:10966000E34C40956FF09F95832981016FF01F9522
:10967000138A07006FF01FA4938C0700B38787013C
:10968000330B8B01232CF1006FF04FF18327810600
:10969000138C17006FF04F93032A8105032B4106AB
:1096A000032CC106832A01066FF00FAC930720003C
:1096B00063C85701832D8102032CC1046FF00FD4BE
:1096C000032CC104232461036FF01F97832B010433
:1096D0006FF0DFDF93072000E3C457FF032CC104C2
:1096E000232461036FF0CFF613070500938705006D
:1096F000130920006FE0DFE6B7060280370502801D
:109700009386C6F6130600009305F02E130505F8A0
:10971000EF10106483298101E34CB0876FF01F8A3A
:10972000B7060280370502809386C6F6130600004E
:109730009305F01A130505F8EF109061232E04022B
:10974000930500006FE0DFD1232801026FE09FCD79
:1097500083A701B9678007006380050263020604DE
:10976000638806048347060023A0F500034506002E
:109770003335A00067800000130101FF9305C1008D
:1097800063040602638A06028347060023A0F500ED
:10979000034506003335A000130101016780000076
:1097A0001305000067800000130500006FF0DFFE66
:1097B0001305E0FF678000001305E0FF6FF0DFFD99
:1097C00083274504130101FF2324810023229100F4
:1097D000232611001304050093840500638C0702FF
:1097E00013972400B387E70003A50700630405046B
:1097F0000327050023A0E7002328050023260500F2
:109800008320C1000324810083244100130101014E
:10981000678000001306100293054000EF10D05936
:109820002322A40493070500E31C05FA1305000096
:109830006FF01FFD23202101130910003319990037
:109840001306590013162600930510001305040093
:10985000EF109056630A050023242501232295006A
:10986000032901006FF05FF90329010013050000CF
:109870006FF01FF96380050203A7450083274504A5
:1098800013172700B387E70003A7070023A0E5000D
:1098900023A0B70067800000130101FE232A910076
:1098A00083A4050137030100232C81002328210113
:1098B00023263101232E1100138905009309050089
:1098C0001384060013884501930800001303F3FF77
:1098D00083270800130848009388180033F76700AF
:1098E0003307C70293D60701B386C602B3078700C2
:1098F00013D70701B3F76700B386E6001397060195
:10990000B307F700232EF8FE13D40601E3C298FC38
:10991000630204028327890063DEF4029387440014
:1099200093972700B307F90023A2870093841400BC
:10993000232899008320C10103248101832441014C
:109940008329C10013050900032901011301010244
:109950006780000083254900138509002324410105
:1099600093851500EFF0DFE5130A0500630E05048B
:10997000032609019305C9001305C5001306260037
:1099800013162600EF90CFC00327490083A7490490
:1099900013172700B387E70003A707002320E90078
:1099A00023A027019387440013090A0093972700F7
:1099B000B307F900032A81009384140023A28700CF
:1099C000232899006FF01FF7B70602803705028041
:1099D0009386C6F6130600009305A00B130585FBBE
:1099E000EF101037130101FE232C8100232A910070
:1099F00023282101232631012324410193890600D4
:109A00009307900093868600232E1100B3C6F602BA
:109A10001309050013840500130A060093040700C8
:109A200063DA370D93071000930500009397170032
:109A300093851500E3CCD7FE13050900EFF05FD83E
:109A400093050500630C050A930710002328F50011
:109A5000232A95009307900063D8470923225101D8
:109A6000930A940093840A003304440183C60400DB
:109A70001306A00013050900938606FDEFF0DFE151
:109A80009384140093050500E39284FE13048AFF77
:109A900033848A00832A410063563A03B3894941DB
:109AA000B3093401834604001306A000130509001E
:109AB000938606FDEFF05FDE1304140093050500A6
:109AC000E31234FF8320C101032481018324410177
:109AD000032901018329C100032A810013850500A0
:109AE00013010102678000001304A400130A900010
:109AF0006FF09FFA930500006FF01FF4B706028025
:109B0000370502809386C6F6130600009305300DD4
:109B1000130585FB23225101EF10902393070500C5
:109B2000370701001305000063F6E700939707016C
:109B3000130500013707000163F6E70013058500F0
:109B4000939787003707001063F6E7001305450079
:109B5000939747003707004063EAE70093C7F7FF92
:109B600093D7F7013305F50067800000939727002E
:109B700063CA070013971700634A07001305000222
:109B8000678000001305250067800000130535007D
:109B900067800000832705001307050093F6770010
:109BA0006384060293F6170013050000639E060403
:109BB00093F627006388060A93D717002320F7003F
:109BC00013051000678000009396070193D60601E5
:109BD00013050000638E060693F6F70F63800606F2
:109BE00093F6F7006382060493F637006384060257
:109BF00093F61700639C060093D717001305150012
:109C00006396070013050002678000002320F70019
:109C10006780000093D7270093F6170013052500EF
:109C2000E39606FE6FF05FFD93D7470093F637008B
:109C300013054500E39E06FA6FF0DFFD93D787001A
:109C400093F6F70013058500E39006FA6FF0DFFD49
:109C500093D7070193F6F70F13050001E39206F877
:109C60006FF0DFFD93D727002320F70013052000B6
:109C70006780000083274504130101FF232481002E
:109C8000232291002326110013040500938405006C
:109C9000638C070203A5470063020506032705003E
:109CA00023A2E7008320C100032481009307100052
:109CB000232A9500232605002328F500832441004C
:109CC0001301010167800000130610029305400094
:109CD000EF10900E2322A40493070500E31C05FA5D
:109CE000B7060280370502809386C6F61306000089
:109CF00093055014130585FBEF1090051306C00162
:109D00009305100013050400EF10100BE30A05FC87
:109D1000930710002322F500930720002324F50069
:109D20006FF05FF8130101FE232821012326310182
:109D300003A9050183290601232A91002324410157
:109D4000232E1100232C8100138A050093040600A2
:109D5000634C3901138709009384050093090900B6
:109D6000130A06001309070083A7840083A5440093
:109D700033842901B3A78700B385F500EFF05FA412
:109D8000630E051A1303450193182400B308130149
:109D9000930703006378130123A00700938747000C
:109DA000E3EC17FF13084A01131E2900938E4401A8
:109DB00093952900330EC801B385BE006376C8139E
:109DC00093875401130F400063F0F516B7060100A6
:109DD0009386F6FF6F00800193DF0F0163980F08F1
:109DE00013084800130343006370C811832F080051
:109DF000B3F3DF00E38203FE93020300938F0E00B0
:109E00009304000083A70F0003A602009382420080
:109E100033F7D7003307770293D707013379D6009A
:109E200013560601938F4F00B3877702330727013C
:109E300033079700935407013377D700B387C700E0
:109E4000B3879700139607013367E60023AEE2FE5F
:109E500093D40701E3E8BFFAB307E30123A0970017
:109E6000832F080093DF0F01E38C0FF60327030015
:109E70009302030013860E0093040700930300006F
:109E80008327060093D904013377D700B3F7D700AF
:109E9000B387F70383A4420093824200130646006F
:109EA00033F9D400B3877700B38737019393070161
:109EB00033E7E30023AEE2FE0357E6FF93D7070143
:109EC0003307F703330727013307F70093530701DD
:109ED000E368B6FAB307E30123A0E70013084800DC
:109EE00013034300E364C8F1634880006F008001FE
:109EF0001304F4FF6308040083A7C8FF9388C8FF16
:109F0000E38807FE8320C101232885000324810103
:109F100083244101032901018329C100032A81000F
:109F20001301010267800000B38795409387B7FE55
:109F300093F7C7FF138F47006FF05FE9B706028002
:109F4000370502809386C6F6130600009305201697
:109F5000130585FBEF10C05F130101FE232C810068
:109F60002328210123263101232E11009377360067
:109F7000130406009309050013890500639C070A72
:109F800013542440630A0406232A910083A409047D
:109F90006386040C937714006390070213541440F3
:109FA000630A040403A50400630605069304050080
:109FB00093771400E38407FE1386040093050900D9
:109FC00013850900EFF01FD663000902032749003B
:109FD00083A7490413172700B387E70003A70700E7
:109FE0002320E90023A0270113541440130905007E
:109FF000E31A04FA832441018320C101032481016F
:10A000008329C1001305090003290101130101027D
:10A0100067800000138604009385040013850900FF
:10A02000EFF05FD023A0A4002320050093040500D7
:10A030006FF01FF89387F7FF37070280130707FFBA
:10A0400093972700B307F70003A6070093060000C5
:10A05000EFF09F84130905006FF09FF29305100045
:10A0600013850900EFF0CFF59304050063000502A6
:10A0700093071027232AF500930710002328F500E3
:10A0800023A0A904232005006FF0DFF0B7060280AB
:10A09000370502809386C6F6130600009305501418
:10A0A000130585FBEF10C04A130101FE2322510165
:10A0B00083AA050183A785002326310193595640C1
:10A0C000B38A5901232C8100232A910023282101DE
:10A0D00023244101232E110013891A0093840500C3
:10A0E0001304060083A54500130A050063D8270161
:10A0F0009397170093851500E3CC27FF13050A00FB
:10A10000EFF00FEC630C05101308450163543003A6
:10A110009389590093992900330735019307080063
:10A120009387470023AE07FEE39CE7FE9389C9FEB1
:10A130003308380183A80401938744011376F4019E
:10A1400093982800B38817016304060A9305000258
:10A15000B385C540130308009306000003A707005A
:10A1600013034300938747003317C7003367D700B3
:10A17000232EE3FE83A6C7FFB3D6B600E3E017FFA6
:10A18000938754011307400063EAF800B3879840AF
:10A190009387B7FE93F7C7FF138747003308E8009C
:10A1A0002320D8006394060013890A0003A7440003
:10A1B00083274A048320C10113172700B387E700D0
:10A1C00003A70700232825010324810123A0E4001D
:10A1D00023A0970003290101832441018329C100A1
:10A1E000032A8100832A41001301010267800000D5
:10A1F00003A707009387470013084800232EE8FEB3
:10A20000E3F417FB03A707009387470013084800F0
:10A21000232EE8FEE3EE17FD6FF01FF9B70602806C
:10A22000370502809386C6F6130600009305E01DED
:10A23000130585FBEF10C0310327050183A7050136
:10A24000130805003305F7406312F70493972700BE
:10A2500013084801938545013307F800B387F500DB
:10A260006F0080006374E8020326C7FF83A6C7FF60
:10A270001307C7FF9387C7FFE306D6FE1305100039
:10A280006376D6001305F0FF67800000678000004A
:10A2900003A7050183270601130101FF2324810081
:10A2A000232291002326110023202101138405007D
:10A2B00093040600B306F740631EF7189396270031
:10A2C0001386450113874401B307D6003307D7002F
:10A2D0006F008000637CF61883A5C7FF8326C7FF45
:10A2E0009387C7FF1307C7FFE386D5FE1309100046
:10A2F00063EAD50093870400130900009304040067
:10A300001384070083A54400EFF08FCB6306051A82
:10A3100083A8040183220401938F4401139328002E
:10A32000130844019392220093054501370E010062
:10A330002326250133836F00B3025800138F0500D5
:10A34000938E0F0093060000130EFEFF03A70E006E
:10A3500003260800130F4F00B377C701B373C6017C
:10A36000B3877740B387D700135707011356060109
:10A3700093D607413307C7403307D7009316070129
:10A38000B3F7C701B3E7D70013084800232EFFFE39
:10A39000938E4E0093560741E36A58FA130754010F
:10A3A000338482401304B4FEB3B2E20013CF120030
:10A3B00013542400130740006384020AB38FEF0094
:10A3C0003388E500B70E0100130E080013860F0056
:10A3D000938EFEFF63F46F0C83270600130E4E006E
:10A3E0001306460033F7D7013307D70093D507018B
:10A3F000135707413307B700B387D700B3F7D70127
:10A4000093160701B3E7D700232EFEFE93560741AC
:10A41000E36466FC1303F3FF3303F3411373C3FFD9
:10A4200033076800639A07008327C7FF9388F8FF04
:10A430001307C7FFE38A07FE8320C10003248100BE
:10A440002328150183244100032901001301010180
:10A450006780000013091000E3DE06E86FF09FEA52
:10A4600013071400131727006FF05FF59305000022
:10A47000EFF00FB5630005068320C10003248100BF
:10A48000930710002328F500232A050083244100A8
:10A490000329010013010101678000001307000078
:10A4A00063160F003387E5006FF0DFF71317240002
:10A4B0003387E5006FF01FF7B7060280370502808B
:10A4C0009386C6F61306000093055024130585FBFA
:10A4D000EF100008B7060280370502809386C6F6A3
:10A4E0001306000093057023130585FBEF1040064B
:10A4F000B707F07FB3F5B700B707C0FCB385F50029
:10A50000930700006356B0001385070067800000C2
:10A51000B305B04093D545419307300163CCB700F4
:10A52000B7070800B3D5B7409307000013850700AD
:10A53000678000009385C5FE1307E00193071000B4
:10A540006346B700B7070080B3D7B7009305000094
:10A550001385070067800000130101FE232A910084
:10A5600083240501232C81001304450193942400C6
:10A57000B30494002328210103A9C4FF2326310139
:10A58000232441011305090093890500232E11009E
:10A59000EFF0CFD813070002B307A74023A0F900BC
:10A5A0009307A000138AC4FF63DCA708130655FFB6
:10A5B0006370440583A784FF630C0604B306C74099
:10A5C00033D7D7003319C9003369E900938584FF75
:10A5D0003707F03F3367E900B397C700637EB402E3
:10A5E00003A644FFB356D600B3E7D7006F00C002FE
:10A5F0009307B000630CF5003319C9003707F03F2B
:10A600003367E900930700006F0000019307000023
:10A610003707F03F3367E9008320C101032481013C
:10A6200083244101032901018329C100032A8100F8
:10A6300013850700930507001301010267800000DE
:10A640009306B000B386A640B707F03F3357D90052
:10A650003367F700930700006376440183A784FF04
:10A66000B3D7D700130555013319A900B367F90013
:10A670006FF09FFA130101FD232A5101938A05000F
:10A680009305100023229102232E3101232C410136
:10A690002326110223248102232021039304060090
:10A6A000138A060093090700EFF08F9163020510EB
:10A6B0003707100013D944019307F7FF1379F97F87
:10A6C00013040500B3F7970063040900B3E7E7003C
:10A6D0002326F10063920A061305C100EFF08FCB29
:10A6E0000327C1009304100023289400232AE400C8
:10A6F00093070502630809081309D9BC3309F90057
:10A700009304500323202A013385F44023A0A90099
:10A710008320C10213050400032481028324410223
:10A72000032901028329C101032A8101832A4101EE
:10A7300013010103678000001305810023245101E8
:10A74000EFF04FC50327C10093070500630E050412
:10A750000326810093060002B386A640B316D700F5
:10A760003357A700B3E6C6002326E100B334E00068
:10A7700093841400232AD400232CE400232894007B
:10A78000E31C09F6139724003307E40003250701AF
:10A790009387E7BC2320FA00EFF04FB8939454005E
:10A7A0003385A4406FF09FF6832681006FF01FFC75
:10A7B000B7060280370502809386C6F613060000AE
:10A7C0009305F030130585FBEF009058130101FD50
:10A7D00023202103138905009305810023261102FC
:10A7E0002324810223229102232E310193090500A3
:10A7F000EFF09FD6930405001384050013050900AC
:10A800009305C100EFF05FD50327090183A7090174
:10A810008326C100B387E740032781009397570041
:10A820003307D740B387E70013070500635EF002E4
:10A8300093974701338487009386050013850400AE
:10A840009305040013060700EF10D0568320C102C1
:10A850000324810283244102032901028329C101C7
:10A86000130101036780000093974701B385F5400A
:10A870006FF09FFC130101FF23202101232611000B
:10A88000930770011309050063DAA70483A741C485
:10A8900083A581C4232481002322910003A4C1C481
:10A8A00083A401C5138507001306040093860400E2
:10A8B000EF2040721309F9FF93070500E31409FE26
:10A8C000032481008320C100832441000329010067
:10A8D000138507001301010167800000370702801C
:10A8E00013193500130707FF3307270183270701D3
:10A8F0008320C10083254701032901001385070038
:10A900001301010167800000832606019385F5FF8E
:10A9100093D55540938515009307460193962600DD
:10A9200093952500B386D700B305B50063F8D70229
:10A930001307050003A80700938747001307470084
:10A94000232E07FFE3E8D7FEB387C6409387B7FE01
:10A9500093F7C7FF938747003305F5006378B50089
:10A9600013054500232E05FEE36CB5FE678000004D
:10A970000327050113D65540930645016352C702CC
:10A9800013172700B387E60063F2F60403A7C7FF97
:10A990009387C7FFE30A07FE1305100067800000D6
:10A9A00093172600B387F600E350E6FE93F5F50112
:10A9B000E38C05FC03A60700130510003357B6000F
:10A9C0003317B700E302E6FC6780000013050000C0
:10A9D00067800000130101FD23229102232611024A
:10A9E000930406006388051E23248102232021038B
:10A9F00013840500232E3101232A5101232C410108
:10AA000013090500EF904FB80327C4FF9387B400E4
:10AA100093066001930A84FF9379C7FF63F2F610EF
:10AA200013FA87FF63C2071063609A1063D2491359
:10AA3000B707028023248101138C076803268C004A
:10AA4000B3863A0183A746006308D61C13F6E7FFD6
:10AA50003386C6000326460013761600631A0614D2
:10AA600093F7C7FF3386F9006358460D1377170035
:10AA7000631C070223267101832B84FF23286101B5
:10AA8000B38B7A4103A74B001377C7FFB387E70067
:10AA9000338B3701635C4B33338BE90063584B29AD
:10AAA000032B0101832BC1009385040013050900CA
:10AAB000EF801FB293040500630805408327C4FF9D
:10AAC000130785FF93F7E7FFB387FA006386E72450
:10AAD0001386C9FF9307400263E4C72E13073001B2
:10AAE000636AC72093070500130704008326070045
:10AAF00023A0D7008326470023A2D700032787007F
:10AB000023A4E7009305040013050900EF800FFC60
:10AB100013050900EF908FA7032C81006F00C0067A
:10AB2000130A0001E3749AF09307C0002320F90090
:10AB3000930400006F00400583A7C60003A78600AA
:10AB4000032C8100930906002326F70023A4E700C5
:10AB500083A74A00B38649411306F00093F7170014
:10AB600033873A016362D608B3E7370123A2FA00BC
:10AB70008327470093E717002322F70013050900F6
:10AB8000EF90CFA093040400032481028320C1022C
:10AB9000032901028329C101032A8101832A41017A
:10ABA0001385040083244102130101036780000020
:10ABB00013771700E31A07EE23267101832B84FF16
:10ABC00023286101B38B7A4103A74B001377C7FF9A
:10ABD0006FF09FEC8320C10283244102930506009D
:10ABE000130101036F80DF9EB3E7470123A2FA0040
:10ABF000B3854A0193E6160023A2D50083274700B8
:10AC0000938585001305090093E717002322F700B9
:10AC1000EF80CFEB6FF09FF693F7C7FFB386370156
:10AC200013060A0163D0C62613771700E31E07E652
:10AC300023267101832B84FF23286101B38B7A4182
:10AC400003A74B001377C7FFB387E700338B3701A8
:10AC5000E344CBE483A7CB0003A78B001386C9FF93
:10AC6000930640022326F70023A4E70093848B0079
:10AC700063E4C62813073001938704006372C70298
:10AC8000032704009307B00123A4EB00032744002B
:10AC900023A6EB0063EAC7261304840093870B0105
:10ACA0000327040023A0E7000327440023A2E700B2
:10ACB0000327840023A4E70033874B01330B4B4168
:10ACC0002324EC0093671B002322F70083A74B008B
:10ACD0001305090093F71700B3E7470123A2FB0010
:10ACE000EF90CF8A032B0101832BC100032C81003D
:10ACF0006FF09FE9832604001307B0012320D500DD
:10AD0000832644002322D500636EC71413078400F2
:10AD1000930785006FF09FDD8327C5FF032C81001B
:10AD200093F7C7FFB389F9006FF09FE283A7CB00C9
:10AD300003A78B001386C9FF930640022326F70062
:10AD400023A4E70093848B0063E6C6101307300149
:10AD500093870400637CC702032704009307B001B4
:10AD600023A4EB000327440023A6EB0063F8C714D9
:10AD70008327840023A8FB008327C40023AAFB00A9
:10AD8000630CD60A1304040193878B010327040084
:10AD900023A0E7000327440023A2E7000327840041
:10ADA00023A4E70093090B00938A0B00032B0101F6
:10ADB000832BC100032C8100138404006FF05FD942
:10ADC00093050400EFC09FF16FF0DFD383A7C600A7
:10ADD00003A786001386C9FF930640022326F700C7
:10ADE00023A4E70003A78B0083A7CB0093848B00E9
:10ADF0002326F70023A4E70063EEC60413073001FF
:10AE000093870400E374C7F8032704009307B00195
:10AE100023A4EB000327440023A6EB0063F0C70A3A
:10AE2000032784009307400223A8EB000327C400F4
:10AE300023AAEB00E318F6F40327040193870B021F
:10AE40001304840123ACEB000327C4FF23AEEB0003
:10AE50006FF0DFF39305040013850400EFC01FE8D3
:10AE60006FF05FF4032784002324E5000327C40068
:10AE70002326E5006304F606130704019307050182
:10AE80006FF0DFC6B38A4A01B386464123245C01D2
:10AE900093E7160023A2FA008327C4FF13050900D5
:10AEA0009304040093F71700B3E74701232EF4FE41
:10AEB000EF80DFED032C81006FF01FCD13048400C1
:10AEC00093870B016FF09FEC13050900EF801FECD7
:10AED00093040000032C81006FF01FCB8326040134
:10AEE00013078401930785012328D5008326440195
:10AEF000232AD5006FF09FBF93050400138504003B
:10AF0000EFC0DFDD6FF05FDB8327840023A8FB0049
:10AF10008327C40023AAFB006308D600130404019E
:10AF200093878B016FF0DFD70327040193870B0210
:10AF30001304840123ACEB000327C4FF23AEEB0012
:10AF40006FF01FD683A7C1B867800700638405022E
:10AF50009307F00F63E8C7002380C50013051000B6
:10AF6000678000009307A0082320F5001305F0FF79
:10AF7000678000001305000067800000130101FED8
:10AF8000232C8100232A9100232E110083A7C1B80E
:10AF9000130405009384060063820502E78007001E
:10AFA0009307F0FF6306F5028320C10103248101AA
:10AFB0008324410113010102678000001306000091
:10AFC00093054100E78007009307F0FFE31EF5FCBF
:10AFD00023A004009307A0088320C1012320F400CC
:10AFE00003248101832441011301010267800000D1
:10AFF000130101FE232C8100232A9100232E11002E
:10B0000083A401C783A7C1B813040600630A05021D
:10B0100013860500930604009305050013850400BC
:10B02000E78007009307F0FF630AF5028320C10160
:10B030000324810183244101130101026780000080
:10B0400093060600930541001306000013850400D3
:10B05000E78007009307F0FFE31AF5FC23200400C4
:10B060008320C101032481019307A00823A0F400D9
:10B070008324410113010102678000008397C5000A
:10B08000130101F8232C8106232E110613F7270044
:10B0900013840500630407029387350423A0F50099
:10B0A00023A8F5009307100023AAF5008320C10709
:10B0B0000324810713010108678000008395E500E0
:10B0C000232A910623282107232631072324410719
:10B0D0009304050063C6050813068100EF00403B9A
:10B0E000634E05068327C10037F90000B719000039
:10B0F0003379F900B7E7FFFF3309F9001339190075
:10B10000130A00409389098093050A0013850400FF
:10B11000EF800FCC8317C4006308050693E7070888
:10B120002320A4002328A4002316F400232A44018A
:10B130006310090AB3E737018320C1072316F4001F
:10B140000324810783244107032901078329C106BA
:10B15000032A810613010108678000008317C400D9
:10B1600093F7070813090000638E0704130A00040D
:10B1700093050A0013850400EF808FC58317C40070
:10B1800093090000E31C05F813F70720631E07046A
:10B1900093F7C7FF93E72700130734042316F4003F
:10B1A0009307100083244107032901078329C1065F
:10B1B000032A81062320E4002328E400232AF40044
:10B1C0006FF0DFEE130A0040930900006FF0DFF329
:10B1D0008315E40013850400EF00C03163100502FD
:10B1E0008317C4006FF01FF583244107032901076B
:10B1F0008329C106032A81066FF05FEB8357C400E1
:10B2000093F7C7FF93E717009397070193D7074179
:10B210006FF05FF2130101F9232481061384050006
:10B220008395E5002322910623202107232611067A
:10B23000930406001389060063CA050413068100FF
:10B24000EF000025634405040327C100B7F70000A1
:10B250008320C106B3F7E70037E7FFFFB387E700B6
:10B260000324810693B717002320F9001307004039
:10B2700023A0E400371500008324410603290106BA
:10B280001305058013010107678000008357C40080
:10B2900093F70708638807028320C1060324810609
:10B2A000930700002320F9001307000423A0E40003
:10B2B0000329010683244106130500001301010739
:10B2C000678000008320C106032481062320F90043
:10B2D0001307004023A0E40003290106832441064C
:10B2E000130500001301010767800000130101FE30
:10B2F000232C8100232A910023282101232E1100D1
:10B300001309050093840500130406006306050075
:10B310008327450363800716832784010317C4002E
:10B320002324F400937787006380070883270401B0
:10B33000638C0706232631019316270193F9F40F36
:10B3400093F4F40F63D8060803270400832644010E
:10B35000B307F74063D8D70A832684001306170083
:10B360002320C4009386F6FF2324D4002300370152
:10B3700003274401938717006302F70C8357C40027
:10B3800093F71700639A070C8329C1008320C1013A
:10B390000324810103290101138504008324410151
:10B3A00013010102678000009305040013050900E2
:10B3B000EFC00FC1631E05080317C4002326310127
:10B3C000832704019316270193F9F40F93F4F40FE4
:10B3D000E3CC06F68326440637E6FFFFB7250000D8
:10B3E0003367B7001306F6FFB3F6C6002316E40072
:10B3F000032704002322D40683264401B307F74021
:10B40000E3CCD7F49305040013050900EFB01FDC6B
:10B41000631E05020327040083268400930710009F
:10B42000130617009386F6FF2320C4002324D400BC
:10B430002300370103274401E312F7F493050400C6
:10B4400013050900EFB09FD8E30005F48329C1007C
:10B450009304F0FF6FF09FF39307A000E396F4F2DC
:10B460009305040013050900EFB05FD6E30E05F065
:10B470006FF0DFFDEF70CF906FF01FEA93070500CC
:10B4800003A501C713860500938507006FF01FE62B
:10B49000130101FF1387050023248100232291005B
:10B4A0001304050093050600130507002326110069
:10B4B00023A401C8EF504F809307F0FF630CF50001
:10B4C0008320C10003248100832441001301010172
:10B4D0006780000083A781C8E38407FE8320C10042
:10B4E0002320F4000324810083244100130101017F
:10B4F00067800000130101FF2324810023229100B3
:10B5000013040500138505002326110023A401C898
:10B51000EF500F809307F0FF630CF5008320C1000C
:10B52000032481008324410013010101678000008E
:10B5300083A781C8E38407FE8320C1002320F40091
:10B54000032481008324410013010101678000006E
:10B5500003A701C7130101FF938706001308060024
:10B56000232611008328C7009306050013870500D2
:10B570001386070063000802B70702809387C7217C
:10B58000B70502809385C52213850800EF00C0141B
:10B59000EF00C01937F800809307C8941308C894C7
:10B5A0006FF01FFE130101FF930606001306000053
:10B5B00023261100EFF0DFF9B3B7C502130101FF35
:10B5C0002326110023248100B385C5026390070A56
:10B5D000EF800F80130405006300050A0326C5FFF2
:10B5E000130740021376C6FF1306C6FF6368C7043D
:10B5F000930630019307050063F2C602232005007D
:10B60000232205009307B00163F8C7042324050033
:10B610002326050093070501630CE60623A0070017
:10B6200023A2070023A407008320C1001305040000
:10B6300003248100130101016780000093050000CD
:10B64000EF704FE78320C10013050400032481003D
:10B6500013010101678000009307850023A0070004
:10B6600023A2070023A407006FF01FFCEF00800B4C
:10B670009307C0002320F500130400008320C100BD
:10B6800013050400032481001301010167800000F9
:10B690002328050093078501232A05006FF01FF872
:10B6A000130101FC1303C1022326D10293060300F8
:10B6B000232E11002328E102232AF102232C010367
:10B6C000232E110323266100EFA09F808320C10158
:10B6D0001301010467800000130E0500130101FC33
:10B6E00003A501C7130381022324C1022326D1022B
:10B6F000138605009306030093050E00232E110008
:10B700002328E102232AF102232C0103232E110313
:10B7100023266100EFA0CFFB8320C10113010104A8
:10B720006780000003A501C767800000130101FFC7
:10B730001305600023261100EF00802A1305100076
:10B74000EF409FD48327851163860700130500000F
:10B7500067800000130101FF930500082324810086
:10B760002326110013040500EF709FE6232CA4107C
:10B77000630405029307050823200500130545000F
:10B78000E31CF5FE130500008320C10003248100A3
:10B7900013010101678000001305F0FF6FF0DFFE69
:10B7A000130101FE232A9100232E11009307F001BB
:10B7B0009304050063ECB70283278511232C8100D5
:10B7C00013840500638C070213142400B3878700D9
:10B7D0000324810103A5070023A0C7008320C10122
:10B7E0008324410113010102678000009307600177
:10B7F0002320F5001305F0FF6FF05FFE93050008AE
:10B800002326C100EF70DFDC23ACA4100326C100A7
:10B81000930705001307050093060508630A050052
:10B820002320070013074700E31CD7FE6FF0DFF962
:10B83000032481011305F0FF6FF05FFA130101FF8C
:10B8400023229100232611009307F00193040500A1
:10B8500063E0B70A83278511232481001384050040
:10B860006384070413972500B387E70003A7070045
:10B87000630C070293061000630CD7009306F0FFD9
:10B880006308D70423A0070013850500E70007001D
:10B8900003248100130500008320C100832441009C
:10B8A000130101016780000013850400EF00C0430D
:10B8B00013060400032481008320C10093050500C2
:10B8C0001385040083244100130101016F00803BB4
:10B8D000032481008320C100930760012320F50029
:10B8E000832441001305100013010101678000004B
:10B8F000930760012320F5001305F0FF6FF0DFF9D7
:10B900009307F00163EAB70C83278511130101FF48
:10B910002324810023229100232611001384050093
:10B92000930405006380070813172400B387E7001A
:10B9300003A70700630C07029306F0FF6300D70616
:10B94000930610006300D7041305040023A007002A
:10B95000E7000700130500008320C10003248100D5
:10B960008324410013010101678000008320C1008E
:10B9700003248100832441001305100013010101F9
:10B98000678000008320C1000324810083244100DC
:10B99000130530001301010167800000130520002A
:10B9A0006FF09FFB93050008EF709FC223ACA410BB
:10B9B00093070500630E05001307050093060508AD
:10B9C0002320070013074700E31CD7FE6FF0DFF5C5
:10B9D0001305F0FF6FF05FF81305F0FF67800000BC
:10B9E000130101FF23229100232611009307F00188
:10B9F00083A401C763EEA70883A7841123248100D1
:10BA0000130405006382070413172500B387E700BA
:10BA100003A70700630A070293061000630AD70012
:10BA20009306F0FF6306D70423A00700E700070092
:10BA300003248100130500008320C10083244100FA
:10BA4000130101016780000013850400EF00C02985
:10BA500013060400032481008320C1009305050020
:10BA60001385040083244100130101016F0080212C
:10BA7000032481008320C1009307600123A0F40008
:10BA800013051000832441001301010167800000A9
:10BA90009307600123A0F4001305F0FF6FF0DFF9B6
:10BAA000130101FF23202101232611009307F00138
:10BAB00003A901C763E2A70423248100130405003E
:10BAC000032589112322910093840500630E05024A
:10BAD00013142400B307850003A507000324810085
:10BAE00023A09700832441008320C1000329010083
:10BAF0001301010167800000930760012320F90012
:10BB00001305F0FF6FF05FFE9305000813050900B1
:10BB1000EF701FAC232CA91093070500130705082D
:10BB2000630A050023A0070093874700E31CF7FE84
:10BB30006FF01FFA03248100832441001305F0FFF6
:10BB40006FF09FFA130101FF2324810003A401C7B2
:10BB50002326110083278411638C0700130500003E
:10BB60008320C100032481001301010167800000CC
:10BB70009305000813050400EF709FA5232CA41063
:10BB8000630C0500930705082320050013054500F5
:10BB9000E31CF5FE6FF09FFC1305F0FF6FF05FFCF8
:10BBA000130101FF23229100232611009307F001C6
:10BBB00083A401C763E4A70C83A784112324810015
:10BBC000130405006382070813172400B387E700F6
:10BBD00003A70700630C07029306F0FF6300D70674
:10BBE000930610006300D7041305040023A0070088
:10BBF000E700070003248100130500008320C10033
:10BC000083244100130101016780000003248100A7
:10BC10008320C1008324410013051000130101019A
:10BC200067800000032481008320C1008324410039
:10BC30001305300013010101678000000324810017
:10BC4000130520006FF09FFB930500081385040087
:10BC5000EF701F9823ACA41093070500630E050036
:10BC60001307050093060508232007001307470064
:10BC7000E39CE6FE6FF05FF5032481001305F0FFFF
:10BC80006FF0DFF7130101FF138705002324810004
:10BC900023229100130405009305060013050700F5
:10BCA0002326110023A401C8EF405F879307F0FF0C
:10BCB000630CF5008320C10003248100832441002C
:10BCC000130101016780000083A781C8E38407FE98
:10BCD0008320C1002320F400032481008324410039
:10BCE00013010101678000006F401F81B70710003A
:10BCF000130101FE938EF7FF33F8BE00B3F7DE00A9
:10BD000013D346012328210113D945019397370006
:10BD1000232C81001318380013D4F5011357D501D3
:10BD20009358D6011379F97F1373F37F232E1100F3
:10BD3000232A91002326310193D6F601B3E8F800B7
:10BD40003367070193153500131F3600B3076940A9
:10BD50006304D41E6352F016630603289306F07F33
:10BD60006306D942930680031306100063CEF602E1
:10BD7000B7068000B3E8D8009306F00163CEF65210
:10BD800093060002B386F6403396D8003355FF0081
:10BD9000B316DF003366A600B336D000B3D8F80080
:10BDA0003366D600330717413386C540B3B5C500A7
:10BDB00093040600B309B7409397890063DA07320A
:10BDC000B70780009387F7FFB3F9F9006388092C60
:10BDD00013850900EF201001930785FF93060002E9
:10BDE0003387F64033D7E400B399F900336737015E
:10BDF000B394F40063C8274BB38727419387170098
:10BE0000B386F6403396D400B3D9F4003336C0007D
:10BE100033663601B316D700B3E4C600B359F70052
:10BE20001309000093F774006380070293F7F4008E
:10BE300013074000638AE7009387440033B69700F6
:10BE4000B389C900938407009397890063DA076E6A
:10BE5000930719001307F07F130E04006386E72A87
:10BE6000370780FF1307F7FF33F7E90093F7F77FF2
:10BE70001318D70113D63400131797003368C8007E
:10BE80001357C7008320C101032481019397470101
:10BE9000B3E7E7001317FE01B3E7E700832441018E
:10BEA000032901018329C1001305080093850700B8
:10BEB0001301010267800000638C0714B30723415C
:10BEC0006312093C3365B7006304054C1385F7FF23
:10BED000630205601308F07F6386075793078003AA
:10BEE0001306100063CCA702930705001306F001A8
:10BEF000634CF656130500023305F5403316A700D0
:10BF000033D8F5003395A500336606013335A0001C
:10BF10003357F7003366A600B388E8403306CF40B6
:10BF20003337CF0093040600B389E84013090300B8
:10BF3000138406006FF05FE86350F01E6310031473
:10BF4000B3E6E801638C06269386F7FF6380064814
:10BF50001306F07F638CC7229307800393091000B8
:10BF600063CCD702938706009306F00163C0F64ABC
:10BF700093060002B386F640B399D8003356FF000B
:10BF8000B316DF00B3E9C900B336D000B3D8F80068
:10BF9000B3E9D90033071701B385B900B3B9350147
:10BFA00093840500B389E9009397890063D207144D
:10BFB000130919009307F07F630CF936B70780FF68
:10BFC0009387F7FF13F61400B3F7F90013D71400A3
:10BFD0003367C7001396F701B364E60093D91700DF
:10BFE0006FF05FE4B3E6E801638A061C9386F7FF0F
:10BFF000638006401306F07F638AC71893078003A7
:10C0000013061000E3C2D7DA938706006FF0DFD67D
:10C01000130819001378E87F631C08223363B70004
:10C0200033E8E80163100938630E034663060840ED
:10C03000B389E54133B53501330617413306A640D0
:10C0400013158600635E0550B305BF403387E84093
:10C05000333FBF003307E741131687009384050081
:10C06000635E0652B70780FF9387F7FF3377F700C9
:10C07000138E0600930710006FF09FDF9306F07F8A
:10C080006306D9109306800393091000E3C6F6F007
:10C09000B7068000B3E8D8006FF01FED13850400E9
:10C0A000EF204054930785019306F001E3D8F6D2C0
:10C0B000130785FF3397E40063C62723338927419D
:10C0C0009307190063D6F648130919FE9306000278
:10C0D000B3542701638CD70093060004B387F6405E
:10C0E0003317F7003337E000B3E4E400130900002E
:10C0F00093F77400E39C07D29307090013D634002A
:10C10000138709006F00000C9307F07F13070000EE
:10C11000130800006FF01FD7638A070CB307234191
:10C120006302091E9306F07F6308D33293068003EF
:10C130009309100063CEF602B70680003367D7007C
:10C140009306F00163C8F63C93060002B386F640FE
:10C15000B319D70033D6F500B396D500B3E9C900BB
:10C16000B336D0003357F700B3E9D900B388E800FD
:10C170003387E901B339370193040700B389190103
:10C18000130903006FF05FE2631008021316350015
:10C19000135636001318D7013368C80013573700F9
:10C1A0003367070163060718130E00009307F07F3B
:10C1B00037070800130800006FF0DFCC13163500B6
:10C1C000135636001318D7019306F07F3368C80062
:10C1D00013573700E386D7FC1317C7001357C70060
:10C1E00093F7F77F130E04006FF0DFC99306190071
:10C1F00013F8E67F63180814B366B700631C0928B8
:10C2000063820630B3E6E80163880622B387E5015E
:10C21000B3B5B700330717013307B70013D837009A
:10C2200093178700130E040063DE0734B70780FFFF
:10C230009387F7FF3377F7009317D701135737002A
:10C2400033E807013377D701930710006FF09FC3DE
:10C250003388E541B3B70501B3091741B389F94004
:10C26000939789009304080063C607103368380168
:10C27000E31E08B4130E000093070000130700002C
:10C280006FF05FC01305F07F630EA31A13058003E0
:10C2900013061000E344F5C8370680003367C70073
:10C2A0006FF0DFC4B70980FF9389F9FF3309F940C4
:10C2B000B37937016FF01FB7938607FE13060002AC
:10C2C000B3D6D800638AC70013060004B307F6404C
:10C2D000B397F800336FFF003336E0013366D600C2
:10C2E0006FF09FACB70680FF9386F6FFB307F94067
:10C2F0003377D7001318D701336838011357370045
:10C300006FF09FEDB366B7006386061E9386F7FF56
:10C31000638E060A1305F07F6380A71493078003DA
:10C3200093091000E3C6D7E4938706006FF05FE13E
:10C33000130E04009307F07F13070000130800009A
:10C340006FF05FB49307F07FE384F6FE338FE5016F
:10C35000B335BF00B3071701B387B7001396F701D2
:10C36000135F1F00B364E60193D917001389060019
:10C370006FF05FAB3306BF40B387E8403337CF0081
:10C3800093040600B389E740138406006FF01FA4EE
:10C390001316360013563600138406001387080060
:10C3A0006FF05FE2E31203DE6306081C13D7380068
:10C3B000131636009398D8013367170113563600C9
:10C3C0003367C700138406006FF0DFDD338FE501AC
:10C3D000B3081701B335BF00B389B800939789003C
:10C3E00093040F0063D4070E130920006FF01FBDE4
:10C3F000338FE541B3081741B3B5E50193040F004E
:10C40000B389B840130910006FF01F9B938607FE95
:10C4100013060002B3D6D800638AC70013060004CF
:10C42000B307F640B397F800336FFF00B339E0016C
:10C43000B3E9D9006FF05FB6131635009359360093
:10C440006FF05FEB131636001356360013840600A8
:10C45000138708006FF01FD41316360013563600EA
:10C46000138708006FF01FD3138507FE1306000221
:10C470003355A700638AC70013060004B307F640CC
:10C48000B317F700B3E5F5003336B0003366A60006
:10C490006FF0DFA8E38206FC33EFE801E3160FD06C
:10C4A0006FF0DFCEE30808DC131836009397D8014D
:10C4B0001358380013D738003368F8003377D701A2
:10C4C000138E0600930700006FF0DF9B93071000A8
:10C4D0006FF0DFC2B305BF40B388E8403337BF0019
:10C4E00093840500B389E840138406001309100003
:10C4F0006FF09F8C13163600135636001387080012
:10C500006FF05FCC1316360093593600138708007E
:10C510006FF05FDE938607FE13060002B356D70066
:10C52000638AC70013060004B307F640B317F70089
:10C53000B3E5F500B339B000B3E9D9006FF05FC3DC
:10C5400013D6340093070900138709006FF09FC7C3
:10C5500093060002B386F640130600006FF05F8B6F
:10C5600033E8C900E30808D093D93900130706005F
:10C570006FF05FD8130E00009307F07F37070800B5
:10C580006FF05F909317D7011357370033E8070117
:10C590003377D701930700006FF0DF8E1318D701B0
:10C5A00093D535003368B80013573700138406005D
:10C5B0006FF09FC2130101FD232E310193D9450174
:10C5C000232481022322910223202103232C4101D1
:10C5D000232671019394C50023261102232A5101B9
:10C5E000232861012324810193F9F97F13040500B5
:10C5F000930B06001389060093D4C40013DAF501E7
:10C60000638A09189307F07F6388F90893943400CC
:10C610009357D501B3E7970037078000B3EAE700E7
:10C62000131B3500938919C093040000130C0000FC
:10C63000935749011314C90093F7F77F1354C400AB
:10C640001359F901638207081307F07F638AE7181B
:10C650001314340013D7DB0133678700938717C0A7
:10C66000370480003364870093983B00B389F94016
:10C67000130600001307F000B3462A0163649724F1
:10C68000B7070280939424009387C725B384F400EE
:10C6900003A7040067000700B3EAA400639E0A1C16
:10C6A000935749011314C90093F7F77F130B000048
:10C6B000930480009309F07F130C20001354C400EE
:10C6C0001359F901E39207F8B36874016382081CF7
:10C6D000630A044A13050400EF10D07093070500A5
:10C6E000930655FF1307D001938887FF3307D74080
:10C6F0003314140133D7EB0033648700B3981B0164
:10C70000B38737019389373F130600006FF09FF618
:10C710003307F74013068003635AE64E9307000081
:10C7200013060000130700008320C10203248102C6
:10C7300093974701B3E7C7009396F601B3E7D70095
:10C7400083244102032901028329C101032A8101B3
:10C75000832A4101032B0101832BC100032C81009B
:10C76000130507009385070013010103678000008C
:10C770009307F07F13060000130700006FF0DFFA45
:10C78000930600009307F07F3706080013070000A8
:10C790006FF09FF9B3EAA400638C0A106388044029
:10C7A00013850400EF10106413070500930655FF6E
:10C7B0009307D001130B87FFB387D740B39464016D
:10C7C000B357F400B3EA9700331B64019309D0C058
:10C7D000B389E94093040000130C00006FF05FE59B
:10C7E000B368740193891980639C080A93E4240058
:10C7F00013040000130620006FF0DFE713090A009E
:10C8000013840A0093080B00930720006308FC4E72
:10C8100093073000E306FCF6930710009306090027
:10C82000E30EFCEE9387F93F6356F02A13F7780086
:10C830006316074A13177400635A0700B70700FF0F
:10C840009387F7FF3374F400938709401307E07F61
:10C85000E340F7F293D838001317D401131694006D
:10C86000336717011356C60093F7F77F6FF0DFEBBE
:10C87000130C06006FF05FF9938A0400130B050098
:10C880009304C0009309F07F130C30006FF05FDA5F
:10C8900093E4140013040000130610006FF09FDDF2
:10C8A00093E4340093880B00130630006FF09FDC94
:10C8B000130B00009304400093090000130C1000B8
:10C8C0006FF01FD76364542B63808A2A13030B0015
:10C8D0009389F9FF93870A00130B00001317840054
:10C8E0001355070133D4A70213D688013366E60037
:10C8F0001318060113580801939588001357030174
:10C90000B3F7A702B308880293970701B367F7004C
:10C9100063FA1701B307F6001307F4FF63F0C72E9D
:10C9200013040700B3871741B3D8A70213170301F5
:10C9300013570701B3F7A702B30F18039397070123
:10C940003367F700637AF7013307E6009387F8FF50
:10C95000637EC7289388070013140401B7020100FF
:10C96000336414011383F2FFB3786400935E04010F
:10C9700013DE050133F36500330F13033307F7416B
:10C98000B3081E0393570F01B38F6E02B388F801EB
:10C99000B3871701B38ECE0363F4F701B38E5E0045
:10C9A000B70F0100938FFFFF93D80701B3F7F7018B
:10C9B00093970701337FFF01B388D801B387E7015D
:10C9C000636E1717630A1717B307FB403307174146
:10C9D000333BFB00330767416300E62EB358A702E1
:10C9E00093DE07013377A702330F180313170701EC
:10C9F00033E7EE00637EE7013307E600938EF8FF2E
:10CA0000636AC72E6378E72F9388E8FF3307C70070
:10CA10003307E741B35EA7029397070193D7070156
:10CA20003377A7023308D80313170701B3E7E700EA
:10CA300063FE0701B307F6001387FEFF63E8C72A0A
:10CA400063F6072B938EEEFFB387C7009398080118
:10CA5000B3E8D8011395080113DF08011355050148
:10CA6000B30E6502B38707413305AE0213D70E013B
:10CA700033036F02330565003307A700330EEE035F
:10CA80006376670037050100330EAE0037080100FA
:10CA90001308F8FF13550701337707011317070130
:10CAA000B3FE0E013305C5013307D70163F2A712A8
:10CAB000B307F6001383F8FF1388070063E4C71C6D
:10CAC00063E8A7246386A7269308030093E8180069
:10CAD0006FF05FD513071000E39C07C29389E9410B
:10CAE000B3973801B337F000B3193401B3E7370116
:10CAF000B3D8E800B3E8F80093F778003354E400C3
:10CB00006380070293F7F80013074000638AE70089
:10CB100093874800B3B817013304140193880700C2
:10CB200093158400930710001306000013070000FC
:10CB3000E3CC05BE6F004013E378FBE8B30EBB0007
:10CB400033BF6E01B30FCF003307F701138B0E0015
:10CB5000930FF4FF6374E60863621715638EE8129F
:10CB600013840F006FF05FE6E3621BD713571B00BF
:10CB70001393FA0193D71A003363E300131BFB01ED
:10CB80006FF0DFD513850B00EF10D025930655010C
:10CB90001307C00193070502E356D7B4130585FFB9
:10CBA000930800003394AB006FF09FB5EF10902313
:10CBB000930655019307C00113070502E3DAD7BEB8
:10CBC000930785FFB31AF400130B00006FF01FC02A
:10CBD000E39EA7EEE30807C46FF09FEDE312E6F8CB
:10CBE000E30C0FF613840F006FF01FDEE374F7D72A
:10CBF0009388E8FF3307C7006FF01FD6E3F217D31F
:10CC00001304E4FFB387C7006FF0DFD11306F00110
:10CC1000E356E6EC130610FEB307F64013060002D7
:10CC2000B357F4006308C7009389E943B31934018B
:10CC3000B3E83801B3381001B3E8F80013F778000F
:10CC4000130600006308070293F7F800130740007B
:10CC500013040000638AE70093874800B3B8170104
:10CC60003334100193880700131694001317D4016E
:10CC70001356C60093D8380033E7E8009307000046
:10CC80006FF09FAA93080300E312A8E4E30CB7B87F
:10CC900093E818006FF01FB9E3F4FEECB38ED501F2
:10CCA00033BFBE00330FCF001304E4FF138B0E001D
:10CCB0003307E7016FF05FD1130720C09387F93F77
:10CCC0009308F0FFE3C8E9E013874800B338170181
:10CCD00033041401930807006FF0DFB513F7F80071
:10CCE00013064000E308C7B46FF01FFE930E070061
:10CCF0006FF0DFD593880E006FF09FD19306090087
:10CD00009307F07F13060000130700006FF0DFA108
:10CD1000139315003338B3003308C8003388070174
:10CD20009388E8FF93050300E302A8F66FF01FDA8B
:10CD3000E3E0E5FE93080300E31CB7F46FF09FAE59
:10CD400013D74501B70710009387F7FF13D84601A3
:10CD50001377F77F1303F07F33FEB70093080500C6
:10CD6000B3F7D70093D5F5011378F87F93D6F60182
:10CD700013051000630C6700630868006314070163
:10CD80006306FE026780000067800000E31CE8FE87
:10CD9000B367FE00B3E7C700B3E71701E39407FEEC
:10CDA000B385D5403335B00067800000E39CC8FCF4
:10CDB000638AD500E31807FC336E1E013335C001CA
:10CDC00067800000130500006780000093D84501CC
:10CDD000B70710009387F7FF13D7460193F8F87F42
:10CDE000130EF07F33F3B70013080500930E050010
:10CDF000B3F7D70093D5F501130F06001375F77F2E
:10CE000093D6F6016388C8056304C503639A0806D0
:10CE1000336803016310050633E6C700630C060898
:10CE20006312080A13051000638206086780000079
:10CE300033E6C700631406086396080033630301F2
:10CE4000E30203FE6380D506639205061305100016
:10CE5000678000003363030163120306E31615FFC6
:10CE6000B3E7C700639C0704E390D5FE13050000F9
:10CE700067800000E30808FAE398D5FC6F008002A1
:10CE8000E30405FCE392D5FCE34015FD63CCA80068
:10CE9000E3EC67FA6318F300E368DFFB13050000B7
:10CEA000E3F6EEF913051000E39205F81305F0FF21
:10CEB00067800000E31A08F8678000001305E0FFB0
:10CEC00067800000E386D5FC6FF01FF893D845011A
:10CED000B70710009387F7FF13D7460193F8F87F41
:10CEE0001303F07F33FEB70013080500930E05000F
:10CEF000B3F7D70093D5F501130F06001375F77F2D
:10CF000093D6F601638A6804630465026398080691
:10CF100033680E01631E050833E6C7006304060A82
:10CF20006316080A13051000638006086780000076
:10CF300033E6C70013052000E31A06FE63960800D7
:10CF4000336E0E01E3000EFE638CD504639E050470
:10CF50001305100067800000336E0E0163100E068B
:10CF6000E31615FFB3E7C70013052000E39007FCA5
:10CF7000E39ED5FC1305000067800000E30805FC74
:10CF8000E396D5FCE34415FD63CCA800E3E0C7FDC0
:10CF90006318FE00E36CDFFB13050000E3F8EEF915
:10CFA00013051000E39405F81305F0FF67800000F7
:10CFB000E30A08F6E39CD5F86FF09FFE1305200006
:10CFC00067800000E31408F867800000E380D5FC68
:10CFD0006FF0DFF7130101FD93D745012324810290
:10CFE0002322910223202103232E3101232A5101E0
:10CFF0009394C50023261102232C410123286101AB
:10D00000232671012324810193F7F77F1304050080
:10D01000930A06009389060093D4C40013D9F5013E
:10D02000638407421307F07F6386E70A9396340010
:10D030001357D5013367D700B7068000B364D70014
:10D04000131A3500138C17C0130B0000930B00004C
:10D0500093D749011397C90093F7F77F138F0A00FD
:10D060001354C70093D9F9016380070A1307F07FAF
:10D07000638EE7141317340093D5DA01B3E5E500A6
:10D08000938717C03707800033E4E500139F3A0009
:10D09000B3888701130300001307A000138518004D
:10D0A000634C670BB34539019307200013880500D3
:10D0B00063C66715130BFBFF130710006360671748
:10D0C000630AF33C93040400130A0F00930B03005C
:10D0D0006F00C00933EAA40063180A3C93D74901E2
:10D0E0001397C90093F7F77F93040000130B800098
:10D0F000130CF07F930B2000138F0A001354C7000A
:10D1000093D9F901E39407F6B36754016382073CAE
:10D110006300044A13050400EF10C04C9308050097
:10D12000130755FF9307D001138F88FFB387E7409C
:10D13000B3D7FA003317E40133E4E700339FEA0181
:10D14000B3081C419388D8C01307A0001303000044
:10D1500013851800E35867F593050900930720002D
:10D16000638AFB3293073000638CFB4893071000FF
:10D1700013880500639AFB4693070000930600009E
:10D18000130700008320C102032481029397470103
:10D19000B3E7D7009316F801B3E7D7008324410221
:10D1A000032901028329C101032A8101832A410144
:10D1B000032B0101832BC100032C81001305070001
:10D1C0009385070013010103678000003367540152
:10D1D0009308FC7F630A0730371700003348390192
:10D1E00013070780136B3B009306A000930508000C
:10D1F0003305EC0063C066391303300013061000DA
:10D200003316660113770653E31A07F4937706245F
:10D210006394073C137686086312062EB70F01004D
:10D22000938EFFFFB377DA0193560A01B37EDF01D5
:10D23000135E0F013387D7033383D603935507015A
:10D240003306FE0233066600B385C500338FC6037E
:10D2500063F46500330FFF01B70301001386F3FF8A
:10D2600033F3C500935F04013377C7003374C40000
:10D2700013130301B38287023303E30093D505013F
:10D280003387860213D60201B387FF02B387E70014
:10D290003306F600B387F6036374E600B3877700BE
:10D2A000370901009309F9FF3377360193D304015D
:10D2B000B3F63401B3F2320113170701B384DE026F
:10D2C00033075700135606013306F600B385E50011
:10D2D000B302DE0293D70401B38ED303B382D2012B
:10D2E000B3875700330E7E0263F4D701330E2E014D
:10D2F000B7090100938EF9FFB3F2D70193D7070165
:10D30000B387C701B3FED401939202013309D4025B
:10D31000B382D20133848302135E0901B386DF0234
:10D32000B3868600330EDE00B38E7F0263748E00F8
:10D33000B38E3E01B70F0100938FFFFFB376FE015E
:10D34000939606013379F901B385E501B386260189
:10D350003386C60033B7E5003307E600338F550048
:10D36000B307F700B335BF00B385B700B336D600B7
:10D370003336C700B3E6C60033B7E700135E0E01CD
:10D38000B3B7F500B386C6013367F70093179F0064
:10D390003307D700B3E767003307D701B337F0008F
:10D3A00013567F011317970093D67501B3E7C70093
:10D3B0009395950033EAB70093177700B364D700CD
:10D3C00063D0070213571A0093771A009396F4015B
:10D3D000B367F70033EAD70093D41400930805002D
:10D3E0001386F83F6356C01293777A006380070272
:10D3F0009377FA0013074000638AE70013074A0097
:10D40000B3374701B384F400130A070093977400FD
:10D4100063DA0700B70700FF9387F7FFB3F4F40060
:10D42000138608409307E07F63C4C71C93573A00F4
:10D430001397D401939694003367F70093D6C600F0
:10D440009377F67F6FF01FD433EAA40063080A06CF
:10D45000638E041213850400EF10C0181306050034
:10D46000930655FF1307D001930786FF3307D74074
:10D470003357E400B396F400B364D700331AF400D2
:10D480009307D0C0338CC740130B0000930B0000F0
:10D490006FF01FBC138805009307F07F9306000010
:10D4A000130700006FF01FCE130A0500130BC00016
:10D4B000130CF07F930B30006FF09FB993040000C2
:10D4C000130B4000130C0000930B10006FF05FB8BB
:10D4D000136B1B0093080C0013040000130F0000D3
:10D4E000130310006FF05FBB136B2B0013040000DD
:10D4F000130F0000130320006FF01FBA9304040001
:10D50000130A0F00930B0300938509006FF01FC5EA
:10D5100013071000631006109388E84133161A01B0
:10D520003336C000B3981401B357EA0033661601CE
:10D530003366F60093777600B3D5E4006380070284
:10D540009377F60013074000638AE70093074600CD
:10D5500033B6C700B385C500138607001395850051
:10D56000930710009306000013070000E34C05C06A
:10D570006F00C0101307F0006310EB1213080000D7
:10D58000B7060800130700006FF0DFBFEF1080053B
:10D59000930655019307C00113060502E3D4D7ECA7
:10D5A000130585FF130A0000B314A4006FF05FEDAC
:10D5B00013850A00EF100003130755019307C001FC
:10D5C00093080502E3D0E7B6130585FF130F0000AB
:10D5D0003394AA006FF0DFB6130800009307F07FC2
:10D5E000B70608006FF01FBA930805006FF05FDF01
:10D5F0009307F07F93060000130700006FF09FB8B9
:10D60000130800009307F07FB70608001307000017
:10D610006FF05FB73307C74093078003E3CEE7B4EB
:10D620009307F001E3DAE7EE930710FEB387C740F4
:10D6300093060002B3D7F4006308D7009388E84349
:10D64000B3981401336A1A01333640013366F60089
:10D650001377760093060000630807029377F600BD
:10D660001307400093050000638AE7009307460014
:10D6700033B6C700B335C0001386070093969500F4
:10D680001397D50193D6C600135636003367E600CC
:10D69000930700006FF01FAF93040400138A0A0081
:10D6A000930B3000938509006FF05FABB707100054
:10D6B0009387F7FF130101FEB3F8B70033F8D700E3
:10D6C00093D7460193983800232C810023263101FB
:10D6D00013D4F50193D945011357D5011318380018
:10D6E0009355D601232E1100232A910023282101CE
:10D6F00013FFF77F1303F07F3367170193F9F97F67
:10D70000130E04009318350093D6F601B3E5050116
:10D71000931E3600630C6F2093C61600B387E94151
:10D720006302D416E35AF000630A0F246384693C51
:10D73000930680031305100063CEF602B70680003F
:10D74000B3E5D5009306F00163C4F64E93060002DC
:10D75000B386F6403395D50033D6FE00B396DE008F
:10D760003365C500B336D000B3D7F5003365D500B7
:10D770003307F7403385A84033B6A800930405006B
:10D780003309C7409317890063D80734B70780006F
:10D790009387F7FF3379F9006306092E1305090013
:10D7A000EF005064930785FF930600023387F6402D
:10D7B00033D7E4003319F90033672701B394F40039
:10D7C00063C4373FB387374193871700B386F6406A
:10D7D0003396D40033D9F4003336C0003366C90021
:10D7E000B316D700B3E4C6003359F700930900001D
:10D7F00093F774006380070293F7F4001307400067
:10D80000638AE7009387440033B597003309A90082
:10D81000938407009317890063D0076C93871900DE
:10D820001307F07F6386E724370780FF1307F7FFAE
:10D830003377E90093F7F77F1318D70113D5340036
:10D84000131797003368A8001357C700137E1400FE
:10D850008320C1010324810193974701B3E7E700C7
:10D860001317FE01B3E7E7008324410103290101F7
:10D870008329C100130508009385070013010102E5
:10D88000678000006352F07063160F1CB3E6D50189
:10D89000638E06269386F7FF63880646638C6724AB
:10D8A000930780031309100063CCD7029387060007
:10D8B0009306F00163CAF64893060002B386F64069
:10D8C0003399D50033D6FE00B396DE003369C90024
:10D8D000B336D000B3D7F5003369D9003307F7006A
:10D8E0003306190133392601930406003309E90090
:10D8F0009317890063D2071E938919009307F07F5D
:10D900006388F916B70780FF9387F7FF13F51400B4
:10D91000B377F90013D714003367A7001395F70105
:10D92000B364E50013D917006FF09FEC33E8D5011D
:10D930001383198063080806630AD4066304030E80
:10D94000638E09261315360013553500138406001F
:10D95000138705001318D7013368A8001357370041
:10D960003367070163060710130E00009307F07F6B
:10D9700037070800130800006FF09FEDB3E6D501EC
:10D98000638606189386F7FF6382063A63846716F8
:10D990009307800313051000E3CED7DC93870600BE
:10D9A0006FF05FDA93C61600E31AD4F86308031821
:10D9B0006390092C9307F07FB366170163880648CC
:10D9C0009386F7FF638206341305F07F6382A72AEC
:10D9D000930780031309100063CAD7029307F0016D
:10D9E00063C6D74C93070002B387D7403319F700BB
:10D9F00033D6D800B397F8003369C900B337F000C5
:10DA0000B356D7003369F900B385D5003307D90180
:10DA100033392701930407003309B90093090F0034
:10DA20006FF01FED9387190093F7E77F6394071456
:10DA300033E8D501B36717016394092A638E073869
:10DA40006310083C13153500135935009307000087
:10DA50006F0040116380690A930680031309100068
:10DA6000E3C0F6E8B7068000B3E5D5006FF05FE4E9
:10DA7000137E14009307F07F1307000013080000C3
:10DA80006FF01FDD13850400EF00D035930785018B
:10DA90009306F001E3DAF6D0130785FF3397E4002D
:10DAA00063CE371BB38937419387190063DEF64293
:10DAB000938919FE93060002B3543701638CD70093
:10DAC00093060004B387F6403317F7003337E000BE
:10DAD000B3E4E4009309000093F77400E39E07D0D9
:10DAE0009387090013D53400130709006F008002E3
:10DAF000E31C08E6131535001318D701135535003C
:10DB00003368A800135737006FF09FE513153500F1
:10DB1000135535001318D7019306F07F3368A8001A
:10DB200013573700E38ED7E21317C7001357C70008
:10DB300093F7F77F137E14006FF09FD1938619003F
:10DB400093F7E67F639E0712B3671701639A092470
:10DB500063860730B3E7D501639A073013153500A4
:10DB6000135935001318D7013368280113573700AC
:10DB70006FF09FFB3388D841B3B708013309B74032
:10DB80003309F940931789009304080063C2071210
:10DB900033682801E31208C0130E00009307000049
:10DBA000130700006FF0DFCA370980FF1309F9FF80
:10DBB000B389F940337927016FF09FC39307F07F52
:10DBC00033651701630405101388F7FF6302081E0D
:10DBD0001305F07FE388A7D693078003138406001C
:10DBE0001305100063CA07039307F00163C4071904
:10DBF00093070002B38707413315F700B3D6080136
:10DC0000B397F8003365D500B337F00033580701F8
:10DC10003365F500B38505413385AE4033B7AE00BB
:10DC2000930405003389E54093090F006FF09FB519
:10DC3000938607FE13060002B3D6D500638AC70099
:10DC400013060004B307F640B397F500B3EEFE00E9
:10DC50003335D0013365D5006FF0DFB1B70680FFF3
:10DC60009386F6FFB387F9403377D7006FF09FEFC5
:10DC70001315360013553500138705006FF09FCD3F
:10DC80009307F07FE386F6DEB38ED80133B61E012C
:10DC9000B307B700B387C7001395F70193DE1E00E3
:10DCA000B364D50113D91700938906006FF05FB4F0
:10DCB00033861E41B387E54033B7CE009304060098
:10DCC0003389E740138406006FF01FAD131636004A
:10DCD0001355360013840600138705006FF09FE389
:10DCE000E39807E06306082213D7350013163600C1
:10DCF0009395D5013367B700135636003367C700D5
:10DD0000138406006FF01FC6B38ED801B305B700A9
:10DD100033B61E013389C5009317890093840E0022
:10DD200063D8070A930920006FF0DFBDB38ED84196
:10DD3000B305B74033B6D80193840E003389C5408C
:10DD4000930910006FF01FA4938607FE13060002CC
:10DD5000B3D6D500638AC70013060004B307F640A4
:10DD6000B397F500B3EEFE003339D0013369D90023
:10DD70006FF01FB7930708FE93060002B357F70032
:10DD8000630AD80093060004B38606413317D70010
:10DD9000B3E8E800333510013365F5006FF0DFE7D5
:10DDA000E38807ECB3EED501E3900EBC6FF09FD48F
:10DDB00033861E41B385E54033B7CE009304060099
:10DDC0003389E54013840600930910006FF09F9B90
:10DDD000930710006FF01FD1E30008DC1316360024
:10DDE000935736001398D501139795003368F800C0
:10DDF0001357C700138E0600930700006FF05FA54E
:10DE00003389D841B3B728013306B7403306F6400B
:10DE10009317860063D2070E33861E413387E54091
:10DE2000B3BECE003307D741931787009304060093
:10DE300063DE0712B70780FF9387F7FF3377F7009A
:10DE400013840600930710006FF01F9F131636000F
:10DE500013553600138705006FF0DFCB131636001D
:10DE600013593600138705006FF0DFCFB386D80152
:10DE7000B307B70033B61601B387C70013978700FF
:10DE800013D83600635E0708370780FF1307F7FFD4
:10DE9000B3F7E7001397D70193979700336807010B
:10DEA00013D7C700930710006FF09F9A938706FE61
:10DEB00013060002B357F700638AC6001306000476
:10DEC000B306D6403317D700B3E8E8003339100162
:10DED0003369F9006FF09FB313D5340093870900BD
:10DEE000130709006FF01FC393060002B386F640C4
:10DEF000130600006FF09F8E3368C900E30E08C858
:10DF00001359390093070000130706006FF09FC5EF
:10DF1000130E00009307F07F370708006FF05F9340
:10DF20001397D701939797003368070113D7C7005A
:10DF3000930700006FF0DF91E38607AE33083F419F
:10DF400093070800E38E09C69307800363CA07019D
:10DF5000B70780003367F700138406006FF0DFC84F
:10DF600013840600130510006FF01FCB1318D701A0
:10DF7000135636003368C800135737009307000064
:10DF8000138406006FF05FBAE38A07BAB3063F4115
:10DF900063960900938706006FF01FA29307800322
:10DFA00013091000E3C4D7A6B70780003367F70052
:10DFB0006FF0DFA213D74501B70710009387F7FF73
:10DFC0001347F7FF13D84601B3F5B700B3F7D700EF
:10DFD000931657011378F87F638006021307F07FCA
:10DFE000130500006304E80067800000B3E7C70082
:10DFF0003335F00067800000B3E5A500130510007D
:10E00000E38E05FC6780000093D74501B70610003A
:10E010001387F6FF93F7F77F1306E03F3377B700D8
:10E0200093D5F501635EF6001306D041635EF600FA
:10E03000370500801305F5FF3385A50067800000D4
:10E040001305000067800000130630433306F640D6
:10E050001308F0013367D7006350C80293063041BC
:10E06000B387F6403357F7003305E040E39C05FCE7
:10E0700013050700678000009387D7BE3317F700AA
:10E080003355C5003367A7006FF01FFE130101FF72
:10E09000232611002324810023229100630A050412
:10E0A0001357F541B344A700B384E4409307050038
:10E0B0001385040013D4F701EF00C0529307E04129
:10E0C000B387A7401307A00093F7F77F6340A70625
:10E0D0001307B0003307A74033D7E40013055501F9
:10E0E0001317C700B394A4001357C7006F00400173
:10E0F00013040000930700001307000093040000BE
:10E10000939747011314F401B3E7E7008320C1009C
:10E11000B3E787000324810013850400938507007B
:10E12000832441001301010167800000130555FF9E
:10E130003397A4001317C7001357C70093040000B8
:10E140006FF01FFC130101FF23248100232611001F
:10E1500013040500630C0504EF00C0489307E04179
:10E16000B387A7401307A00093F7F77F6344A70680
:10E170001307B0003307A740130555013357E400D8
:10E180003314A4008320C100130504001317C70033
:10E19000032481001357C70093974701B3E7E700B3
:10E1A0009385070013010101678000008320C100EF
:10E1B00013050400930700000324810013070000E7
:10E1C00093974701B3E7E700938507001301010127
:10E1D00067800000130555FF3317A40013040000E7
:10E1E0008320C100130504001317C7000324810016
:10E1F0001357C70093974701B3E7E70093850700DC
:10E2000013010101678000008325C5008327850075
:10E21000032805008326450013960501130101FE1E
:10E2200013971500135606012324F1002326B1008D
:10E23000232CF100232001012322D10023280101F6
:10E24000232AD100232EC1001357170193D5F501BE
:10E25000930801019307C1011315360003A6C7FFF8
:10E260009387C7FF9356D601B3E6A60023A2D70033
:10E27000E394F8FE9306170013183800139616015E
:10E28000232801011356260163020604B7C6FFFFC7
:10E29000938606403307D7009306E07F63D4E610E9
:10E2A0009307F07F13060000930600009397470141
:10E2B0009395F501B3E7C700B3E7B70013850600F0
:10E2C00093850700130101026780000003264101C6
:10E2D000832881010325C101B3661601B3E6A600B8
:10E2E000B3E6060163140704638206149306500024
:10E2F0001306000093D736009316D601B3E6F60056
:10E30000131696009377F77F1356C600939747012D
:10E310009395F501B3E7C700B3E7B700138506008F
:10E3200093850700130101026780000063840612D1
:10E3300093D7C80113154500B3E7A700B7068000BF
:10E34000B3F6D7006382061C370780FF9356C601D9
:10E35000939848001307F7FF33F6E700B3E616017A
:10E36000B70740003366F60093F686FF9307000078
:10E3700013D736009316D601131696001356C6000F
:10E38000939747019395F501B3E7C700B3E6E6001D
:10E39000B3E7B70013850600938507001301010258
:10E3A00067800000635CE00C832741010325810145
:10E3B0000326C10193964700B3E6060193D7C70130
:10E3C00013184500131646001355C501B336D00087
:10E3D000B3E707013366A600B3E6F60093F77600CD
:10E3E0006380070293F7F60013054000638AA700D5
:10E3F00093874600B3B6D7003306D600938607004E
:10E40000B7078000B377F600E38607EE130717001F
:10E410009307F07FE306F7E8B70780FF9387F7FFDE
:10E420003376F6009377F77F6FF09FF49307000041
:10E4300013060000939747019395F501B3E7C700D2
:10E44000B3E7B700138506009385070013010102A7
:10E45000678000009307F07F130600009397470141
:10E460009395F501B3E7C700B3E7B700138506003E
:10E470009385070013010102678000009306C0FC2A
:10E48000634CD7089306D003B386E6400327C10147
:10E4900013DE5640B70E0800B3EEEE0013152E0043
:10E4A000232ED10193F6F6013388A80013860800C5
:10E4B00013070000032306001306460033676700B6
:10E4C000E31AC8FE130630003306C641639A0604F9
:10E4D00003280800938616009387470023AE07FFA2
:10E4E000634ED6003388A7000328080093861600E1
:10E4F0009387470023AE07FFE356D6FE93074000FD
:10E50000B387C7416F004008930500009307F07F71
:10E51000370608006FF09FD9130700006FF01FDD6A
:10E520001308050233082800032808FF130F000210
:10E53000330FDF403318E80133670701630E060825
:10E5400013182600B30FF8003386A8000325060031
:10E5500003234600938747003355D5003313E30167
:10E560003365650023AEA7FE13064600E390FFFE69
:10E5700093074000B387C7411306080233062600FD
:10E58000B3DEDE002328D6FF93064000B386F640B4
:10E59000939626009397270013068000B388F8000F
:10E5A00063EAC60023A0080023A20800938686FF22
:10E5B000938888009307400063E4F60023A00800D6
:10E5C000832701013337E00003264101B366F700DA
:10E5D000130700006FF09FE093071000130800007E
:10E5E0006FF09FF9B7070100637AF5021337051042
:10E5F0001337170013173700B70702803355E500AC
:10E60000938707B0B387A70003C5070093060002EE
:10E61000B386E6403385A64067800000B707000157
:10E620006374F50213070001B70702803355E50054
:10E63000938707B0B387A70003C5070093060001BF
:10E640003385A6406780000013078001B70702806A
:10E650003355E500938707B0B387A70003C50700CC
:0CE66000930680003385A6406780000010
:10E67000696C6C6567616C20696E73747275637424
:10E68000696F6E20657863657074696F6E2068616C
:10E690006E646C657220656E74657265640A0065EF
:10E6A00063616C6C20657863657074696F6E206857
:10E6B000616E646C657220656E74657265640A00D3
:10E6C00065627265616B20657863657074696F6EF1
:10E6D0002068616E646C657220656E746572656435
:10E6E0000A00756E6B6E6F776E2065786365707467
:10E6F000696F6E2068616E646C657220656E74650A
:10E700007265640A006E6F20657863657074696F66
:10E710006E2068616E646C657220696E7374616CE2
:10E720006C65640A00000000556E696D706C656D63
:10E73000656E7465642073797374656D2063616CB4
:10E740006C2063616C6C6564210A0000BC1FFFFFD4
:10E75000BC1FFFFF8C1FFFFF8C1FFFFF8C1FFFFFE5
:10E760008C1FFFFF8C1FFFFF8C1FFFFFBC1FFFFFD5
:10E77000AC1FFFFF8C1FFFFF8C1FFFFF8C1FFFFFD5
:10E780008C1FFFFFAC1FFFFFAC1FFFFF8420FFFFAC
:10E790008C1FFFFF8C1FFFFF8C1FFFFF8C1FFFFFD5
:10E7A0008C1FFFFF8C1FFFFF8C1FFFFF8C1FFFFFC5
:10E7B0008C1FFFFF8C1FFFFF8C1FFFFF8C1FFFFFB5
:10E7C0008C1FFFFF8C1FFFFFBC1FFFFF3420FFFFCC
:10E7D0008C1FFFFF8C1FFFFF8C1FFFFF8C1FFFFF95
:10E7E0008C1FFFFF8C1FFFFF8C1FFFFF8C1FFFFF85
:10E7F0008C1FFFFF8C1FFFFF8C1FFFFF8C1FFFFF75
:10E800006820FFFF8C1FFFFF8C1FFFFF8C1FFFFF87
:10E810008C1FFFFF8C1FFFFF8C1FFFFF8C1FFFFF54
:10E820008C1FFFFF8C1FFFFF8C1FFFFF8C1FFFFF44
:10E830008C1FFFFF8C1FFFFF8C1FFFFF8C1FFFFF34
:10E840008C1FFFFF8C1FFFFF8C1FFFFF8C1FFFFF24
:10E850008C1FFFFF8C1FFFFF8C1FFFFF8C1FFFFF14
:10E860008C1FFFFF8C1FFFFF8C1FFFFF8C1FFFFF04
:10E870008C1FFFFF8C1FFFFF8C1FFFFF8C1FFFFFF4
:10E880008C1FFFFF8C1FFFFF8C1FFFFF8C1FFFFFE4
:10E890007820FFFF641EFFFF081FFFFF141FFFFF0C
:10E8A000441EFFFF441EFFFF441EFFFF441EFFFFE8
:10E8B000441EFFFF441EFFFF741EFFFF441EFFFFA8
:10E8C000441EFFFF441EFFFF441EFFFFEC1EFFFF20
:10E8D000741EFFFF457870656374656420203D20D9
:10E8E00025640A00507265646963746564203D2084
:10E8F00025640A00526573756C74203A2025642FD4
:10E90000310A000063726564656E63653A202564B0
:10E910000A000000656E763030303300696D616743
:10E92000652025733A20256420696E7374727563BF
:10E9300074696F6E730A0000696D616765202573E5
:10E940003A202564206379636C65730A0000000037
:10E9500080000000800000008000000080000000B7
:10E9600080000000800000008000000080000000A7
:10E970008000000080000000800000008000000097
:10E980008000000080000000800000008000000087
:10E990000D08FAFDF6F60105FC01FB07FEFEFAF292
:10E9A00006F6F9EBE0DAD8D8D6F10902112A2533B8
:10E9B000D3C6C3D2F9FFFAF723282F24100A110B6C
:10E9C000DFF10625DFEF0D2CE1F11D1CE2F2051A47
:10E9D000F3000A0BE4EB1815E502170C00F90DFD26
:10E9E000FB01162000FEF30201EEDAE3030E19002C
:10E9F000F7E1EA19F1E8F924E8E4062BEEEF0A2042
:10EA00002517FFFEFCF0FFFBEBFDF513F1FE0C1DDF
:10EA10001024FCD5341423F82C1D0EFB140A2006F8
:10EA2000C8031B1BE4191B15171C27F51610E7C597
:10EA30000114231CEDF0161BDFD6E5FB01F2F7F302
:10EA400008E4F51C1AF4D2041906F401FD1401FAC5
:10EA5000111125361D1A1121F9F4F203D0D0CDDFA2
:10EA6000FCFBEBEB19FFE0BF130D05DA1636310F97
:10EA7000081D3534DED3F332E2E2CCFDFCF5E6E4EA
:10EA8000FFEFF4F010F7FE030C0CF9FF15FCF6F3A2
:10EA90008000000080000000800000008000000076
:10EAA0008000000080000000800000008000000066
:10EAB0008000000080000000800000008000000056
:10EAC0008000000080000000800000008000000046
:10EAD0008000000080000000800000008000000036
:10EAE0008000000080000000800000008000000026
:10EAF0008000000080000000800000008000000016
:10EB00008000000080000000800000008000000005
:10EB100080000000800000008000000080000000F5
:10EB200080000000800000008000000080000000E5
:10EB300080000000800000008000000080000000D5
:10EB400080000000800000008000000080000000C5
:10EB500080000000800000008000000080000000B5
:10EB600080000000800000008000000080000000A5
:10EB70008000000080000000800000008000000095
:10EB80008000000080000000800000008000000085
:10EB90008000000080000000800000008000000075
:10EBA0008000000080000000800000008000000065
:10EBB0008000000080000000800000008000000055
:10EBC0008000000080000000800000008000000045
:10EBD0008000000080000000800000008000000035
:10EBE0008000000080000000800000008000000025
:10EBF0008000000080000000800000008000000015
:10EC00008000000080000000800000008000000004
:10EC100080000000800000008000000080000000F4
:10EC200080000000800000008000000080000000E4
:10EC300080000000800000008000000080000000D4
:10EC400080000000800000008000000080000000C4
:10EC500080000000800000008000000080000000B4
:10EC600080000000800000008000000080000000A4
:10EC70008000000080000000800000008000000094
:10EC80008000000080000000800000008000000084
:10EC90008000000080000000800000008000000074
:10ECA0008000000080000000800000008000000064
:10ECB0008000000080000000800000008000000054
:10ECC0008000000080000000800000008000000044
:10ECD0008000000080000000800000008000000034
:10ECE0008000000080000000800000008000000024
:10ECF0008000000080000000800000008000000014
:10ED00008000000080000000800000008000000003
:10ED100080000000800000008000000080000000F3
:10ED200080000000800000008000000080000000E3
:10ED300080000000800000008000000080000000D3
:10ED400080000000800000000004000000040000BB
:10ED500000040000000400000004000000040000A3
:10ED60000004000000040000000400000004000093
:10ED7000C9FBFAE4E6DA1EE3FBE4E72CF8EDF9E977
:10ED8000F21DF61C1E21DAD9DC10F2EDE7F4FD3A93
:10ED900006FBD5291BFCE92C1CDFFE0328E9F92E14
:10EDA00026EBEDD8F7EFEBF322F9FCD62F24F6E2B1
:10EDB000EBE61CE23201143C2C2AF6FB1EFCF8F8B0
:10EDC000FADD28ECECE912E00CEDF82CE812DF2774
:10EDD00025E91BD9021F0EE231DED0E7ECFD26F05B
:10EDE00027E300FB07E5061427F3F6FDDBD7F8DF82
:10EDF000F8FDFCF902210AE72EF3F5DCE3F3E4FF6A
:10EE000005F6F5EDDDE60E34E204EBDDDDF028EE8F
:10EE1000E12427F92DFA20FB02EDE5E629233AE764
:10EE200022DA06ECF6EF3004FA1FE1F804DD3431A3
:10EE3000EAFBEDE1F1F8D3EB25DB012AE6D0EFF5B3
:10EE4000EBE4F0EE1316093507181DD7F3E5F1EEE4
:10EE5000E7EDEFF2DA1CFA3521E5DB1622D10BF8EB
:10EE6000F4DB2EEC25E0E315E826321AE836EDE473
:10EE7000F2CA18F3E5EF01E5F316291FEBD92A2BA7
:10EE80000DECEB19E52FF1DAF0E7FE37FCEBF5ECD2
:10EE900013F1293635EF2A32FAF9EE35E727303209
:10EEA000DFDB0027D5EF03162CFEE4E530F408275E
:10EEB0001B1DCCCD391EDEE807020707E5FD2D132B
:10EEC000142021F32CF3EEF5E92FF7E407CFCEC1A0
:10EED000FF32F014F70102F238E40AD504FDE52D03
:10EEE00019D63716D721DFEC20F5D4E62831D4E245
:10EEF000282F14E4F41D31E0D130D1F3D0C7E42B36
:10EF0000FB11F92A27D81BDFEDF4E5EA17E72AFF02
:10EF1000E811FA31E90124FFF81FDAF0FCE6E836DF
:10EF2000D9ED2522CC1BFF2D23E4D92305ED08FCC8
:10EF30000CE4F9E81DFDD90D32F2E1E43AE92F03C2
:10EF4000E2F82EF81422D81D362CD4E3E2D9F8F8D2
:10EF5000E5E3EDEF37CEE63728E2E6E72306ECF807
:10EF6000E4F3D42F282FF0F7E7ECD639FBDDE4F0FB
:10EF7000FE2201EB1CE9F7CBFDDBFB0B3933100064
:10EF80002EE3DDE6EEE314EE0BFDFFFAEB06E5F60D
:10EF9000DBE6DE1BD629EB0F2BEBE83227D9E5FDAC
:10EFA000EE39DD302431EFCFF32EED322027DB1D9B
:10EFB000DC39EB2EFB2B17E1FB1E0B15ED22E5F9DF
:10EFC000ECEFE4EEFAF2ECDF2EF1E4F6ED2FF0E7F1
:10EFD000FC33E3F6CEE4191BDBFBF8DEEFF6E0FDD5
:10EFE000FE2E1D00EAFEFFD125F6E1F016C9CFE0A6
:10EFF0000F2DE70740F237EBDDE9DC23FEFC312C77
:10F00000E2E53034F8ED2721F336CDE5092AFDE1BC
:10F010001BD5F0E539FCDBF634FBE4E71C09FA29E3
:10F0200006FE302303EF1C26EEDEF7DA1DF0E2FDCC
:10F03000EA04CF26F1F8CB24EA06DBF7EB1F37E42E
:10F04000D62D11F027DD29E70BFA32E31B361ACE55
:10F050002422FDD421F0252FFC2EFBF31D2925F5BC
:10F06000FAFE23E7281C04FDE205F2F2E713C8EEDE
:10F0700001D420CC2E1DD8F8D33BF3193524E93721
:10F0800015D3ED0ED11FF4F4030DE8FA010E21287B
:10F09000E02AF5ECFF1B272AF415F725E4E5EDF649
:10F0A0000C0EDB1800F6D6CD2D1DD0FE2FFEE1EEA6
:10F0B00014331DD409E0F9FB00D624F122F42122F7
:10F0C00017DAFEE426EAED2E293414FD2EE6EBEAEB
:10F0D00022EA2110EDE306E3DF25E219FB36040600
:10F0E000F5D516E214CFD4D405E2F43BE001E5F304
:10F0F0000510DFDBD7FAD7E938E61415E5FAE30C9B
:10F10000E3EFE7EEEF18EDE5D8DF18E5E7E3FC2ED7
:10F11000F4E401F1EA1922272A15EC28D939F0FD87
:10F12000EE21E9F91E0AE1D805ECEC3706F800DE1D
:10F13000F22EEAE7F701EC232FEFED382FDAF0F4A7
:10F14000D7F02913D12F0B3BF2EE01E00B00F22C8C
:10F1500017F126D221E6F2DFE6F4CF23F0E8D92238
:10F160002D4B27EC18F1F5F0F81832E50DEBFCE526
:10F17000E0DE06E9F8ED3AE130E5EFD636CFFFD133
:10F1800025E6E3EDE803FCDBF6E7271B2736ED3148
:10F19000DEE2102ADEDC2220F24435F6EFE725001D
:10F1A000E0E000F5EBCE3139040D03F3D8DD15D8DE
:10F1B00029D9EDD4EE06F501EA1FEADB21F4F8299E
:10F1C00007F12BDDE2221E2235252FFBFDF6D92E7D
:10F1D000EFCEFB10F41CE1F8EAFAD8EDECE3F61FF1
:10F1E000E5110D31F0D2EEFCD1290C0DE12E3D09D7
:10F1F0001BF318E51FCFEBFCE03121F8F23128D9E1
:10F20000EBE326FD13E623DCE9F4FCE2FF20F3D96F
:10F21000EC26E725EB22E6F533DEF2EDFF2C342C6D
:10F22000C7E028EC3212E832212F29E5D617040076
:10F23000DA001032D11CF70112F71E26F1FEF71A80
:10F24000EEED192AE72F2414D1FF3500ED1CD9FA71
:10F2500021180F2827DEF8DFD6FCE21C0ED8E3D2F7
:10F26000EB060D04DD32DF30E50FEEF8F9F327177A
:10F2700010EB142BF20CC02002F0F40D2D29E0D27B
:10F2800016182A23ECD7DCE31C051D1A2BFA25F6E9
:10F29000E02311E2F91B041505ECE9E728253EDF20
:10F2A000463DF132E9150B26D4F01025EAECD5DE07
:10F2B00035EC06D60AEB27EED1E0031CD0DF1FF2B7
:10F2C0002AE6FC3125D5EA0912FB1CFA00182613A0
:10F2D0001D322401F1FD22FACBDDCFCECF220FCF9C
:10F2E000250628E337F70A211A2BEFEB2EDC0F0057
:10F2F0002914C3F4EA2C06DC0EF4F1F0FCCC14263D
:10F300001BF1223CE10B33EFF700EDD3F73809EBAB
:10F31000DB22E5E5252F100F2BCBC8FC19FADD38D1
:10F32000ED28E2FA0BD9E41DDAEEEDE0DC0DC9CCF4
:10F33000C431241833F3F222E0E7C5D3D425251BCA
:10F340001014D403271AF60905332B200EEA0C0BF0
:10F35000F506F7F002F40DEAFAF607050A0A0B08BB
:10F360000F0CDAF507E9140B00F60AFCF608F6FDB7
:10F37000FD08F5F008090413FB0BF0FA0817020E5C
:10F38000F8FEFDF5FFFBF20A010300E41401090792
:10F39000F30213F4020E06FC0AFEF6F50B0203FD5F
:10F3A00002FD03EAFF0AE8F7F2FB170DF1FF0FFC7D
:10F3B0000BFA05FFF6EE0601F907F3FAFA0724ED5A
:10F3C00017050508F20D10F9F5EF03FE02FE040C17
:10F3D000F50806FD04F9FDFF1B29FF0DF315EAFCF6
:10F3E00004FBFB1801E003010101FF07080114FC05
:10F3F00005F40FFD13E5F01200FFFAFA02EC04FD2C
:10F400000DFA06FF0EFEFB0500FD1CFDFEEA03FDE6
:10F41000FE01001504F6F714FA01F3ED0BFE00FBF4
:10F420000A0B1103D7F922F9F7FEFAFA04DB000AF6
:10F43000FEF5FAF50AF305181917160CF303050380
:10F4400003FDF51102F900FCFA0C01F9080A0C0F92
:10F4500004DAF6FAE808E7F900FC0400FFF6F9F828
:10F4600004F40EF612FE0E061113F919ED04EDFC6C
:10F47000FC0F06F2FDFB040C0DF80005F2FAE71490
:10F48000E6F927F5F713F80001EF06E803FC0101A0
:10F49000F8FC0B0FED062306F0FE121500F2010D2D
:10F4A000FDED0205F4F601E4F404FC01080A21FF75
:10F4B000E5E6AD04F7E6FB0D02EDF103FCF5FDDB3F
:10F4C000FBFE01F71DFF0E05D3F9E1FEFFF5EFFB93
:10F4D000090FFE09FE04FAF701F704FB03FAF0F442
:10F4E000F9F11D03EEEAFFF7FDEFFFF6090600FC58
:10F4F000FF05FB0B0DFCFB020DE71103E420F7FBFE
:10F5000008F3060CFFFBEAFCFEF402FE0A0315FA00
:10F510000C0810F8ED0BD6FCF5F9FE0502F909DE32
:10F5200006FE00EF11FD12E5F5F2E6FD291BE807E6
:10F530000704F7EEFBF8F222FEF5080AF7FCF703E2
:10F54000F4DE48F70CD5270405F3F5E0FEEEE6F40B
:10F55000F0EF0C01F2090215F0E32C1904FF0D0F76
:10F56000FDF6FBFC04EFFFDFE4FF05EE07061704E2
:10F5700006BE05FFE6C5EDFD01FDFADE01F1F2EC88
:10F58000FFFAFDEA130C1320CFEBF647F62DF10C32
:10F59000FBFC0EEA05F5F30EE80DFCECE3E8FE12C9
:10F5A000EDDA230D3E1007100C01FDD40805F7F924
:10F5B000F5FE03020308132DF3E6DD25130A00010F
:10F5C000E8F2FBD80505EDF5F509E805FA071A1785
:10F5D000F9FC0E04190AF1EBF8FB04EA0D08020528
:10F5E0000010F1F8FEEF0F04EA0D1134D4F501F725
:10F5F000F6FFF8EEF71CFAF2FB04FA3CFBF60DF509
:10F60000F6DDE1080600F400040A050C0A19F9DF2A
:10F61000ECFEF4170E14070609F6090F0408FA07A2
:10F62000FB1405EA01F5FDF2F5FFF10527EBEDF816
:10F63000FC382D1EF21F0DFD020E07EC0AD80C1728
:10F640000B09E913F3F3E11C09414AD90EFD090046
:10F65000F503FB05FC18110B0BF50C1A0C09F41B38
:10F6600006010FEEE1FA0CFD010D0506050105107E
:10F67000140801200001ED23FE2018F31D0C010ADF
:10F68000F70FFF0304E401FB0BFB020BF5F9F2FD9E
:10F69000FB270CFD1A18FFFD0704090201FCFDEC15
:10F6A000FF05FF10020710F5FA0400EA1815020022
:10F6B000FEFFFE06FFF404120BFEFA1004FF09FC25
:10F6C000070F05FB26150B0AFA0001FFFCED08E702
:10F6D00003FE0A0EEFF900FCEB01E0FA00FC0CFB64
:10F6E00000FBFBF1FE190B1B050C1B02F902190BA9
:10F6F00009F5020BFD1F080002FEFCF3F81EF924B9
:10F70000F80B0D0CFD18F007E700F7F71626FAFDC9
:10F71000FAFC0FF8F20201F6FDFE0D09F7FE1924BE
:10F72000EBD4FD121B16F205FE0008F2F61D060DC5
:10F73000FF06000201FAEAFCECF3BB1D1312EAF823
:10F74000051101F9020DFCEC020203F7130AE204B1
:10F750000E17FFFEF80B0008091403F501FF031F45
:10F76000010FF9000D07EFD3EC18FEE8FD0A0508BC
:10F7700002FF04F6041C06E4EF03F306FE0619DE9E
:10F78000ED00E0FE05F40CF4F90BFB09FAD90FEFDC
:10F790000400F300FB07FEE0FEF0F70107FCFFFCAE
:10F7A0000208F401FDEEF80B13040309F6EFF6F579
:10F7B00017E715D6FEFE02FDF6FFFDFD03F903ED8A
:10F7C0000EF8FA15FBFBFB01F90608EB0FB2F70583
:10F7D000FD02FD2006F307F20CF4031207F9EBDD3E
:10F7E000F0012803D6FCF7F4020A08FB07EE090D26
:10F7F000FEF91002FF0BE7F20F1A17F6D118E7FE19
:10F8000007FEF72603EAFB000104071204FA0BF8CF
:10F8100007F506F308F1F70406F80007FFEB03FF0E
:10F820000902FF000B0C00F3F3FBEADD1EEB03FF04
:10F83000F6F9F6E5FA00011306FE07FDFEEEF626E0
:10F84000F8E027031BFE0B0CF800FAF3FEDBFDFDCE
:10F85000E3FE0D0AF7F8F72706F5F0F2FDE10BFEDF
:10F8600005F7FFFAF0E606F8FF07130D050802FE9C
:10F8700016F4F80E0C1AFCF6FD0707F401F5F8F182
:10F88000F6081AF6120003170401FD1A0123F512F7
:10F89000EE0002F6FEFAFFF9FF02F825FAF5FDEF99
:10F8A000F2DAEB0F150406F9FC070AF1FDED01FB96
:10F8B000FCFC09270BFDFE1809F9F10F07F4FF0402
:10F8C000FDFC03E1FF1000FDFF0AFC0B05F8F21E32
:10F8D00000FFEC04FD12EFF2FF0404F403FBFC0450
:10F8E0000508FDFFF8EF18EF111310FBE0EF07F626
:10F8F000FCF700F4001D0C210DF8FA20EB0B18EFBB
:10F90000F3E90004D305F4010F0104160722F30202
:10F91000EE00F718FD1510FAF7F5E2FB0003F3FF10
:10F92000FEF7FFFDF9FE06E60FFE00001AF9EFF004
:10F93000F111E610F8F3EC010AFE00F3F8E0FCE741
:10F940000A070A0C05ECFC01E2113A090DFF03005D
:10F95000FAFEF906F81AFAEA1308FBEC050D12F69E
:10F96000F0FCC8FD1507FA02F50809E908FF020FC7
:10F970000EFDFAF01D0102F8EEF1FD0E3E1D15F12F
:10F980000405FFE0FF1FFA1DFCFAFF021609F7FE4F
:10F99000DC0F2B1A0D1111F9000AFFF0FE02FE21F7
:10F9A000030CFBFA05FADDF2ECF55003FDE5FC0370
:10F9B0000604071A03FC18010E0EFEFD040513F3DE
:10F9C0000537E4F6FB24EA0D000CF9EBFF0303FE18
:10F9D0001B0701030D00FDF90A00F9FC08220B05C5
:10F9E00009FBFFDCFFF70B15050E061DF7F9E10A11
:10F9F000F4F604000D2A19FFFE0500FE000004FDC8
:10FA000014FEFA22F2ECDB05F52432F209FA0402C4
:10FA1000F9F9061E04F90BF2FD09FEF1FB031308C8
:10FA200007ED01F3DD15ED0BFF010DF10B19FBFCEB
:10FA30000417FBEBEFF4FAFDF6FBDC0BF425EF010A
:10FA4000FE0D01F307FA0AF41B050C06FA00E90F94
:10FA50001B1007FA02FC0501FAFF08080BEA06F57D
:10FA600003030E0AF1FC01110808F9D7FA1202018A
:10FA70000D03030DF7FE07EE0DFFFB00FF040AF573
:10FA8000EE11E1030CE800FE040607110F0F0E1241
:10FA9000010107EB0EF9DFEFFB0BEFF909F00702AD
:10FAA0000004F9FFFAE30B100FFFFE05F3F505F86C
:10FAB0002000FCF5FEFC1907FFFE04E90202050A1E
:10FAC000F7F607FFF6FF16111FEDE2FBF339030E01
:10FAD000F9F305F10417FDF205FAF7FC02060D0D26
:10FAE0001A140C0005FE0F0BF100080906E707FBCE
:10FAF000FBF8FB120507FC07FD1016F60A25110E90
:10FB00000B0CF2F4090D01FBE5FF0909FFFF0EE7FD
:10FB100001F6DCFE080C00010DF1FDF90421FA0AE2
:10FB2000FB01ECF6020F230616F2D5FFEFFDF6FC03
:10FB300005FD0FFF0C1604F61004FA0609FA0DF184
:10FB40000A201AFEFB2409FA0A080109FD0EFBF837
:10FB5000FC070606100501EB0714FEF2F9F3030596
:10FB6000F809FAF4FD240103F601FEF20C0A0AF08A
:10FB70000703F30B101C0007F3FA0A14F51800FE34
:10FB800001FFF4FBFD0E03E7F7F0E6F6FFF900F6E0
:10FB900004040012FFE6031506F2FE0E1DF6FDE357
:10FBA000FC2918FF03F408FF02FFFC2EFA1602FCE2
:10FBB0001EF7FBF7F7F5F6E30F10FBF1031803054B
:10FBC0000501FCF2F4F7FD1706ED00EFFFE80B0767
:10FBD0000B03F5F8FE0CFE100300F807FD08030503
:10FBE000FC02FF100E05F5DF110606EDF21305F01D
:10FBF00001FA04ECFA0F0E03170308F1FC031012CC
:10FC0000FDC608F3EB04FE06FFF606EC09F10BE572
:10FC10001EFD0F12E10A17E6D401E217E906EFF321
:10FC2000020300FEFF0204EB09F8F522EE0F1EEBC3
:10FC3000BFD0BAE8E500E6FDFE00F70BF809FBECE3
:10FC400001F909160B0A04E8CFEFE80B08DBF4FA18
:10FC5000FDFCF7EF01E903FFF300FFF0FEFDE9FE15
:10FC6000F4E516F809F402FD03FEEFF404FC0312B8
:10FC7000FAF5F5E604FB1106FA0018FCD6CF090BDD
:10FC8000F900FB0EFBFE0216E60801EE080BF90C6C
:10FC90000BFA0704EEF5F8FC05FD0914FA0B03ED69
:10FCA000EB10FFF400F100F6FF09FB04ECE1FCF4BB
:10FCB000FDF9FAFF01F8FD02FA0C010003F2000F52
:10FCC00000E2F90D0508F7FFFAFD0DFC021A061017
:10FCD000E3FEF90A14F3E62CF5E4051708480DF6DF
:10FCE000FA04FE1101F9F9F21301F3FC00F7E9013E
:10FCF000F81A0D06FBEC0BFFFAF808F90CE9FF0304
:10FD0000FAF3F005F400EA17FC221AECF9F406F114
:10FD1000FDFCF600FFCDFBF4F706FCFF1407FF1A0D
:10FD20001215F9FFEA030602FB08FE06F7E80303D3
:10FD30000703021E05FEE918F9150AEE0CFE020083
:10FD4000030A07FAFDFF06F512030610E9F8F9FAAF
:10FD5000FA0FFA06DBF8FFFCFEFF06FDF303000ACC
:10FD60000EF9040BE9FF08001907D7D10F05FEFBB8
:10FD70000507031AFBEA0C0304F30212FAFFF81B4F
:10FD80000827E300EF06F503FA0AF827FF13FA0D38
:10FD90000BF302FEF7F1E7211F0FF4F805F205FF60
:10FDA000090702FFFB00ED070105000EF7F4FD1740
:10FDB00029FE04FCF6F304FD05FDFFFA061EFD0610
:10FDC000010605F9F4F309F403DDFA182807F70131
:10FDD00000F9FCE20223F8F2F30502FDFB03F70F42
:10FDE00001F8DCFF00100FFB0207F9E70805FD0131
:10FDF000FE1AFC09FDFFF505E7EFF603F51313FD09
:10FE00000E0D0002FF1B0110FBFA0A0402FDF4EACA
:10FE100002FFF5010DDDFE040709080D07F0F90CDE
:10FE2000FCFFFC16F3081CD60BF5F4F605E507FB02
:10FE30000B13FDFC0B02F8FE0A06F5FC070607F89B
:10FE4000FE2DE703F80F160B05120109FCEE21E960
:10FE500024FEFEF7EF02F4FFF40EF4EDFBF913FDC0
:10FE60000400FBD4FF0809F80CFD05FAF812FBF7B3
:10FE7000F9FE1D011A0F06F2FF0301F5FD23FB0336
:10FE80000EF40901FAFFF5E80902F60A091805FF60
:10FE9000070606060CF901D81A02FF16E7FD0A3319
:10FEA00001160AEF060FEE17000801FD001DF9E923
:10FEB00005080B04F6F9FE0CEB10C6FADB13F2FB97
:10FEC00006FCFEE7F817090C11F1FEF90411E30234
:10FED0000917F80609EDFC08F70A020D01EA090105
:10FEE000EE01FC05E7F6DC09D113ECD21119FF0293
:10FEF00000F7FF12F824FAF6F209010E020F19C8F2
:10FF0000FAFAD6FA07D7F002010D0212FBEC00FE56
:10FF100010FE07F906F7F6D3F7F7E7F122F9130712
:10FF2000000BFF03FCB805000E07EC13F1EE0D0506
:10FF300016FBECCEFBFC0007F90AFD12F7FE0804E5
:10FF4000F3030F0DF6FF14102709D0D9021000FE9D
:10FF500005F9F7ED05EBEFF0F7FD030814F708F6E8
:10FF6000F8F3DB05FEE8EE1003120017F1FB0202C6
:10FF7000F4040D0FE900FDF1EDF3DD17203EF5016E
:10FF80000205F2F50B01FEF911F6F30DFDFAF0F2A0
:10FF900009010BFD091016F7020E08FC00FE020312
:10FFA000FDF40407F6FBF6FF160405F6FA0701FE5A
:10FFB000020502F407F002F2F003FFFDFD07F80965
:10FFC000FFEFDD03F2E5FFF9080809160AFE09EF65
:10FFD0001007FC0CFC0AFB0CED0BE0FE010CFDFF16
:10FFE00003FFF603010FFCFF090006FF001B0402DC
:10FFF000FCEBFFEE0913FD060A0002FE010A0403F2
:02000004800179
:1000000010F70BFB05FB0CFBFDF30F0B03050C07B7
:10001000FB0603FCFE0001100305FFFBF6FC1208C3
:10002000FA15E30DF208F801FFF3F500F91B0811CA
:10003000F8F6FFEAE50509F60005E9E8EE09F20C35
:1000400001F4F9040510F60F01FC06F91410F0E9AB
:1000500009E5FCF20EFAF600FC09FA0604F9FEF5D1
:10006000EFFAFAF800FB1AF4EAECED1EF108FB01D6
:1000700002F1FE020801FFEBF5FF00F6F10314E4C4
:10008000FBE9E7050EEB0B020FF301FE04FB0CD5B9
:10009000F6FF00EB0EFC18E6E5D9F7F0F8F8F404EB
:1000A00000F7EFF406F200EDF60F03F5100DF8F48B
:1000B00001FCEA09F4E8FEFC0DFCFEFA05F4FDF192
:1000C000FEF8FF0010F811FBFEEEF41A02280305FB
:1000D0000702050D051303F308090205FF060C04CA
:1000E000F928F7F7D6F509F904FE04F7FCED10E955
:1000F00003F600F9192306081C0A0BF305D41607AA
:1001000001F704DAFD2106F4F50A02FA0F072506C5
:10011000FAEAFAF4111EE903FEF902F202410219A9
:10012000F704E8F3161843EBE5EC11F20BEEFFF2DF
:1001300012050203001305F10602FF040C10061756
:10014000050416FE0C2412F5F80FFB0706E002E882
:1001500004FB03FF010AF3E5152315DEF2F60A049A
:100160000D01FBE007160FEEF1F3F2E405F709FDD0
:10017000FD14F21619140EF50E0BF9E90926050AFD
:100180000503F512060CDCC6F907EE0609060301A5
:10019000F4050202FCFA10FA07FE0202090DFFF252
:1001A0000A1505E9E6E50A03FDF4F805F509140367
:1001B0001BF808F4FCFD04E10005E411E813F0105D
:1001C000031216F9001507191AFC0F080502EB03B4
:1001D0000E22F20BFA0A0809F80D0E0804F9100BAA
:1001E0000102020FFB01E9DF041F2BD6F80117F80B
:1001F000FAFBFC0FFDF702F006F1FC0AF8EA23ED2A
:10020000F205F009D304FDFEFCF7010AFFF116E147
:10021000030503120E090EDBE4F4B715F6F6E80247
:10022000FE0DF802FDF5090214FB0000EC1108F5C3
:10023000F7E0D2E9E3F9FB06F00301EF03F5FAF486
:1002400007F60E0FF90A0A0BFFF612EC1CF7FBF388
:10025000FE0404E301080507FC0402F2F3FAF804C3
:1002600005DCF3180919E701FE0DFEF6030B06166F
:100270000E04FEFFE8F8F90BEE19E60D0C28000459
:10028000F907FD0006E6070502FB0507E9FAD7F3C3
:10029000EC37FCEFEDAC1A10FFFFFC0A08EE03F898
:1002A000FEEFFE10ECF8FD16050FE0EDEBE0FFFAB7
:1002B000F5FDFDFD03FA06EC0104F11C09EF06E76C
:1002C000F00FE30CEAE4F208100804F904DD08F189
:1002D0000C06FA1BF505F6FBE7F70102120B05E821
:1002E000FD02FEF50324043608041803010CF4FA99
:1002F00011DEEEF6011D030203F403F2021A0B1DD8
:1003000003FF10FAFAEA21F01EE3F0FDFFF314EE0A
:1003100001FFFCF6F7E903F7090D02E401FC011403
:10032000FE1205FEF8F5F2FBF10D030FFC15FD0FB3
:1003300008000AF6EEFAEDDF03F51AEFEDFC0DF515
:10034000F700FE080808FAF6E9F7F8FAF707E7E811
:1003500003F9F5FAF0ED0BFBFDEC09FA03F5FFEFFD
:10036000E700F4FDF5FFF5C802DCED070A0E00001A
:1003700000FFFCFCF8F21002FE0803F21009FB0E6D
:100380000216F9FD2010FFFDF5FEF7FC02F5011144
:10039000200E0AF705EBEB07FAFE2EE207060F0127
:1003A0000004F801FCEB0B1A0F08FFF90C0A10E926
:1003B00007F0DEF9F0F8F2FC04FB070E04EFF1FFA2
:1003C000FD01F6F207F8260405FEDDDCFBD801FE90
:1003D000FBFBFAF008F000E3F5FBF4DEF7FDE4FACE
:1003E000F3F408F5F8F11104FB0100F4F7EAF9F968
:1003F000ECF904EB0AF00C1FFFFEE606DDDD09F563
:1004000004FDFE031015F2FEEE0900E30003081DD3
:10041000F7F7D9FDF407EC0AFDF505FEFCF5021629
:10042000FEFA070115FF08FEE0F70F17FD05FA01B8
:10043000FDF106F0F6EFFB06F1FBFAFDEA01FA0921
:10044000F807FF0B03160D020803F5F00417F6F684
:10045000FDFBF6FCF206FF0702E7EE13FF0FF2F6D4
:10046000FEF1FA0108FF0BDAEFFAF40D0D04060FA6
:1004700001ED0AF6F2F9FEF903F50603FDFAFCECCC
:100480000AFBFC0CFD031D120211F930F709FC06F2
:10049000EB0202F7F902F100F806F90105080CE693
:1004A000F2F8F100090109FCFCF303F1FC0DF4F88A
:1004B000F105FD03180AFBEDF9F308FAF6EAFC066C
:1004C00002EF05F8000B0006F6FD01F9FBFEF20352
:1004D00007ECFA0BEFFAF50200F8FF010C12F71225
:1004E000FA08070403F805F4D0EFFC18F1F6F4025B
:1004F000F901EFF1FC05F8FB0C01010B080CF8F712
:10050000F7091403DC100303FEF4F803F316F4F305
:10051000EC05FEFD18FDF7F91FF83801EBFDE8F6D4
:10052000FF04F4F9F4E000E9100800F40708FCF80F
:1005300004F13F2402F7F2FAF502F6EEFEF505F7B4
:10054000FBFA0403EDF702FAEAF91C0FFB0207FAC3
:10055000F2FFFB0701F3F90A06F5FE010502EF02BF
:100560001BFA2707FD0EF501FAF6FEFFFB02013626
:1005700013F8070B0BFB00160B110804EB02F60631
:1005800003FB081F00FC00F215F500FC1403051224
:10059000101609F10CE604F70103070503F308EF51
:1005A00002F60AF30305FB05E8EEE5FA14E8FEFDA2
:1005B000F8FD060800FEEA06F4FEFA0EF6F101EE7A
:1005C000F7B7250314D7030700F804EA0203E2F89B
:1005D000F7FEFE0AFF0213FEF8D0CE23081DF90431
:1005E00006F50005030A0BF3FB050A04110A2004B3
:1005F0000D02FB1B09280800FCFBFAFBFFF603FDBC
:10060000F60805F2050BF4261204FE11F90B01F5AC
:1006100002E600E4FFFEF302E4100002EEF4F6DC72
:10062000F9CE0B1125F7FAFDFFF7FE0A0424FB159E
:10063000E9F6F4F4FE0507FFEBE2F41A12F1070104
:1006400005FEF8FEFDF1F5F00300FC03050AF9FDD7
:10065000FF040A0315F91306F9FA0CF200F106F487
:10066000F60DFEFE02F9FE000F0108F8F9FBFF018E
:10067000FCF001DC080103F5F8F7FD06F9FD0422A2
:10068000F4D80B01FA11ED070A1000FD0404FD0176
:10069000F80703F9FB0C1305F1FA00161103FCF837
:1006A000FD00F4EEFB18F8F10D0706050701F5F45F
:1006B000F6F90116DF07060305090B05010AFD0B14
:1006C00009FFEF03FCF7F3F3E8F21506FAFAFD036E
:1006D0000E0503F80816F005F9FFFC02F2FD02FA18
:1006E000FFE7E60C0B37EF070406F2F7FE0B0B2DC6
:1006F0001E03F407F9EDEFEBE70AED0B1B47F0EEF5
:100700000211FBFAFA050E1010040D14F6FBC9FBDA
:10071000DF1908FD10EE2AF70B0AFAF6F8E4FAE002
:1007200002010211F4EFDBF907FF00FDE6BA02094E
:100730000101FD080904FEE50101F60306F202D6F7
:10074000010DE2FF0BE5E600FE13F3F809F60CEFEE
:1007500017FCFF03120D02FCD4FDF4FD08F1F605B1
:100760000107F415FD02F70B0D08070AFE02FAF265
:10077000FAF3F9F7EC3E110503FAFE00FFF804FC6A
:1007800006FA0BF10204191A0EF3FDF406E9050D41
:10079000F60A05FA08EC060EFCFCF5E50BF3F71477
:1007A000ED16EDFC0905FBFF05FE07FB00FEF8104A
:1007B000F60B04E8F5020C050BD7FEF2EB00F00394
:1007C000FC09030CFF18FC08F8FDFDFFFF03E60021
:1007D00000E5DEF32204040E0AFBFBFDFBFE00E74E
:1007E000E9FD00FF010412E614E0F018F60BF6FB39
:1007F000040700FCFE12FD0403EF12F7F1FFE1FE17
:10080000EFE40A03E404F5FF0AFB00EEFD07EFFA4C
:10081000F3FD0401EDFF19E6EDEFFFFBE700F4093E
:1008200004060416FA00F8F9FAE9F7040E0510E2D6
:10083000D4DFE10CE0EDEC00F6F3FC28F1FC06F867
:10084000FCFFF9EF0CFCFFF0E2FECC091AF6000108
:10085000050AFFFB09F107F6EC04F8EAFE04140DA3
:10086000FED6D209FAFDF5090EFA0014030CFC03BA
:100870000A0F09F7020605F8E6E3CE0F224108FD4C
:1008800000F405F4060402070409FAF90211FE1047
:1008900006E8100108F01601FCFF010E07FF09022F
:1008A0000CFD0AF1F5110508FB080106ED0B11001E
:1008B0000800FF02F707F5E100F7F00E01FFF8026C
:1008C000FCF8DA05F8ECF0FAFDFA001DF4EBFAEEAC
:1008D0000613FDF80601F005041BEDFF00C806FE37
:1008E0000D0DFEEFF01505FAEE00FBF61105FDFD0E
:1008F0001DE5F4EB2F080603F2000BFBFC0F0C04C4
:1009000007FC07FCFCFB17F1F7EF0C1AFD05F80AD2
:1009100009FEF9FDFFF6F61A26FF0BE9F5F2F5EBF5
:10092000FD03F70C03EFE3F103FE0D12150E0407B0
:1009300012EE01FB010E1501F9182C01E607F7F87C
:100940000C03F402FE04F107F0000119FF0EFCECA9
:100950000FDBEEEDFA0AF7FD05FD09FC0500F705D2
:10096000F7FFFC03000C12EFE8081B3EE80508FD4A
:10097000F5F7F8FA091203F7F40405FEFD05FCF398
:10098000FAE7F1F8F5F4FE0313EEF9FEFF0EFBE3D0
:10099000F1040302130F24E9F3EEEFFAE803050E66
:1009A000FBF5FE10FFF3F6EAFA0605FA0E02F7F978
:1009B000EBFC0007FAEDFDFF0203FFF105FA05EE7F
:1009C0000508F80C0A000CF5EE010325EAF005FA1B
:1009D000FF00030E01F4FEEB1004F6FFFA070BE72D
:1009E000011DE3F1EEFA0401EEFF030006F006201C
:1009F00015FBF2EE0B06ED010B22F8F8224D07096C
:100A0000F5F90500FC07FDF5F6FEF8F707FC19E817
:100A1000131801020C61FB1005FDFBFA0B31FA07FC
:100A2000FD05FB080C0915DBF7FDEFF80A1A10FDB0
:100A300000020915FAFDFDFC0CFCFCFD1104201060
:100A4000011507FF00180905FE0105F9FCF605F977
:100A5000F20F0E00010909F607D5F2E5EDF5F6FAF9
:100A6000FCF90C06FF15FEE7FFFDF50C12F10DFB7E
:100A7000DD03FB2204F500F9F60205F501F403F3AA
:100A8000EC09E600FC05F1ECD6F613F909FFFBFFD3
:100A900008FBFE0AF704FEE8E8FFF60BF6000FFE7F
:100AA000F9EE17F40CF3160106EE04F4F502FBF66A
:100AB000F4FC01FA0F011BE900F5BE0F17FB050856
:100AC0000902FCF1F6EF000D0BFF02DF16FF08062E
:100AD0001116F1FDFE0BF506F80802F802EBFA120A
:100AE0000F0103030500E4101A2909FB130507FA97
:100AF000FB0000F4F704F9FB17F9FCFFF903FE1003
:100B0000F0D3EBEFE3F3FCFEFCFBF3F700F70FE4AD
:100B10000700F602F10401F0F208BC21E603E90344
:100B2000F906FDFE0BF1F6E01EFEF9FFF1F9FB03FD
:100B3000E5EBFA07FDFDEC02F4F204F0FDF0F5E759
:100B40000BFBFD19FDF4EAF7F5F6120D1819F1F398
:100B5000FEFA0013FCF301180D040C0AF5F2EAED9D
:100B600011F652F0F4FBE7FA03FC0607F7E9FC2361
:100B7000FBF1FFF1FDFAFAFB041919FD1003F9016D
:100B80000CF700220801F8030BF302FA0CFE170918
:100B9000111FE600F2E7F401F3FA0AF7F9F9F5E9B3
:100BA000FE0602ED030C1AF20202C3F8FFE4FCF4A5
:100BB000FDF505F101FFF414FEFF0005EBF4FBFA6F
:100BC000F6C217F9FE0F000401F102FE070AF90B45
:100BD000EA05F608ED01F70DF2F8EC2204FEFA0240
:100BE00007F900040400F503F203FAF40C07F9FC1A
:100BF00009F9F611F1F2FEFB01F402EA04F9060923
:100C0000F806F5E605FE0F15FCEBFC0FFD01F7FC01
:100C1000FFFD01D2FDF7F7F5F3FEFF0705F3F2FC48
:100C2000ECE914010C09100BF1FC0F070002F8F5B8
:100C3000F9F7F50F05F7FCFAF2060C1015F912F3A7
:100C4000050301030212FCF200F7F00E0C03E4FDB1
:100C5000F90BFC13160F0801FC0504EFF8F8F70672
:100C6000FF0DEAF701F20211FFFE061C110D08FE4E
:100C7000FEEEF7DD07010AF7FEFDF71BF4F6021B97
:100C800003EC0AFDF50AF9050904FE100212FD1431
:100C9000FD07020AFF080B2C0502F905FE0BF6FD05
:100CA000FB09F7F001070A020BFE00FC1301EF0538
:100CB000090B0E0B1604FDF9FC050700FC02FCF8FD
:100CC00008FCF70CFBEF04F1FC0C1907F403FF0818
:100CD000FE020AF0041A0CEDFD06FAE906FD0615FF
:100CE00002F8EDFCD51009FE12F6050EFD0E020D00
:100CF000FDFEFCFF07FBFDF8F803F61321F300F8F7
:100D0000F7FF04F2020AF902F2FEE40E060AF9F411
:100D1000E40AF4070F0EF9FFF603080601F600F4E3
:100D200002F5F5FB07FC0311F4160901F5F3F501D3
:100D3000F1EF0601FB0403F5F705FD0A090B00EFCF
:100D400005E4DF18EDDDFC05040AFEF9F802EDFC10
:100D5000FB09F60C070508F401F306F9FF09FCFB93
:100D60000A0301F400F803EF0E0E09FB0208FE056A
:100D7000F3F50A0D071108050EFD0219FCFDF90037
:100D80000405F808F00FF90C0016EBFF0BFAFAFC5B
:100D900012EE000901FB07FDFA05FFF91F12F2D957
:100DA000061EDFFAF5F5FA0CFAEB09F9F3FC03F489
:100DB000FFFBF4EFFEF303F70AEFFAF8270FFE0349
:100DC00002F2F2ED15FE010D020206F7EFFBF31140
:100DD000EBFA09FD2502FF09170A0207FF1B09119B
:100DE00002FB01F0F3FDF503F5F3F7FF09F902F952
:100DF000FFF7071B0AECF20E070CFFF60EFEF7FCDE
:100E00000B0F0B000702010804FE0AF9F0EDFA09C6
:100E10000311040609FDFF07011711E8120F040969
:100E20000A00FEF7F503FA0AFEFDF10B0FED02FDD5
:100E3000050718FCF4080AFDF50902F7FD08081774
:100E4000F904F7FD0FF5F9FC09F20B05F1F704FDC4
:100E5000020000F6FC0E000AF90900FFFFFA02F793
:100E600003FD0203130002FB0206070100FC020956
:100E700012F801FCF7F7F8FB00FF02F913FAFAF990
:100E8000020700F3F5FD03FFF7FE0503F90801056E
:100E90000707F9FCFDFD09FBFF02FF07030402FB46
:100EA000FE00FDF90500060606FFF300FC01010542
:100EB0000AF3FDFB06FEF5FC0705FB08080007FD2D
:100EC00003FDF80A11F7F9FCFB0BFD0A01FAFE021B
:100ED00009FEFE01030407FAFC01FC04FF1B00FCF1
:100EE000FF0901F80205000B08FF070505FFF7F9E8
:100EF0000305FB02000AFBF80300FE02F901FD04F2
:100F000004F9FAFDF5FA06F011F2FE08FFFE0A00F8
:100F100007FB03EBFDFB0602FD07FFF8F9FCF9FCFC
:100F2000FBFAF906F4FD0303020204030BFF0A0AAD
:100F3000F702FB0401FAF7F0FB080BFA0CFDF4F4DE
:100F4000FCFDF7FF02F0F9FA0205F9FFFBFBFDF5E6
:100F50000403FCFBF9FDFAFCFD0607FE01F0FDFEB3
:100F6000F90CFE0C04FDFEFCF701F9FC1D0DEFFB76
:100F7000000104FAFF0006F5110006F610FDFAFC68
:100F8000FA0C06030FFC01FD040401F909EC07FE4D
:100F90000AFBF7FEFCFDEEFC05F90CFD0403FCF575
:100FA000FE0302FFF703F2FE050004FBFF03FA0352
:100FB0000504F6F911FB0702FB0104F6FDFAFDFF3B
:100FC0000507FDF9FEFE080108FFED002108F907FD
:100FD000FFFBFD01FC070612F2FBFC1A03FAE31902
:100FE000FEFB290B1D0A06FA0005FC00090300FFA1
:100FF000FC020102EE04F9FDF3FB03FAF7EB0E0627
:1010000008FD0112FDE906F106010DF0F7F6F50005
:101010000E13E3F2F8D10602F8FC00FD04FEFEFC1C
:10102000F7F8F7FC010E200333FBB7E2FD1EF801D1
:10103000030307FB040500FC0AF3F61B04F7FCF6A8
:10104000F605F5FE041FEC05FF07F810FB11FF0283
:1010500009FAF716F7F1F2F0EA0BD402040112F3E1
:10106000011105FDFB21030F05F101ECFC0A07EE60
:10107000081ADC0C26FA0B06F8FDF8F5FC1EFF1525
:10108000F50904F1080EF9ED12F4F10301F701F589
:1010900001FF08EE030A06F606040A02F800FD1B2B
:1010A000FA0EFBF93007FA020509F408021F05FAE7
:1010B00010F901080F06FEF8F507F40714020208FC
:1010C000FEF9FEFC090FFEF907FEFFE9F512EFFC41
:1010D000F81E15FFF800FF08060206031000FBFCCF
:1010E000F2FEFBF9EFF9F2FC0409E2DF0516060C4B
:1010F00004F10203040403E9ED08F602120211F000
:101100000FFADB010C02000B030D03FD03F80CFAD0
:1011100008F508F208FBEEE501F2F2FA110118F504
:10112000FE1707FDFB06FE2C0D0004F6FDF8F7F098
:1011300006FBE5E102FF0804FEF8FC00FE22FD14B8
:10114000F60A0A0AF002F60D0C00DFFAE41009F5BF
:10115000FC05FFF1FF0EFEF10206FB0AFF042A0A5E
:1011600000F7C2082000EF0FED1103E303F702E6DA
:101170000602051EF80AD826EF15EEFF141108F531
:10118000F20B05FE0FEAF407F6FEFE08F7F1DB1D91
:10119000F811160AF3270AF0F009F60100E002112F
:1011A000FE05F9FDE1F0D30AF10D1AFEF2E50D0797
:1011B000FE0BFCFC07FC0804040306EFF203170413
:1011C000FA24D709DABFECF6FB0FF4F503EA0EFFB9
:1011D00005FF0603FFF3FFED101814EEEDDEE4FE4D
:1011E000FBFCF31AFFCBFAEF0DFF0C3AF4EB0F0BFD
:1011F00000F10BF8C1E8F406FB07022A04D403D877
:101200000DFA101C030B01160A0144FBFCEDF30D53
:101210000105070200F80714120708EE040ED6F5C0
:1012200002FB1B02F0F11D00FB0208EC07E2F80EC6
:10123000EEFA0BFFEBEEFCF80B0B10F016DD1C02C8
:1012400015F2010308EFFEFAE00604FEFFFF1607A1
:10125000FCE7F7FFEFFAFA02FCF20E03EBFF0DF4E6
:10126000EBF40AD81923171507D8EC19FEDDECFFAB
:10127000FD08110810DCF5081300FE1EF9F5E11158
:10128000FEFE200F0802040406F6FCE009F204EE5C
:10129000EF070616050A011207F60600FD00030413
:1012A000040405E5F50EF5D501F2040AFE01FB1B69
:1012B000F8DFFC0EEE03FBF702F7ECFA02F306F997
:1012C000F0FC08032606F70604EC14133243EAEF99
:1012D000FC0704F4FA000021FC01FC0DF900D71B07
:1012E000010541EDFD09FB02030EFB18FFE0FE07BF
:1012F000FCF20A09EAFBEF080D28E6EEE7EA060031
:10130000FEFF090008D916F310020B0EF4F50007D2
:10131000181FDCF001DD0007FCF5022A06F70FFBC1
:1013200004FB0E11FF0F181C2A0CB5EB121CF7F66C
:1013300000000DF0FDF6F90607F9F91D00E80413A9
:10134000F3E6D900052BFCFDFD02001AFA10FE01A0
:1013500011070017F5F3DDE8F321F507020515F491
:1013600008F7FD06FF0307FE01FCFCE402130F175C
:101370000A0316EFFFD802070EEBFD04F81BFF155A
:1013800002FC04D0FD0418FB19DDDE0FF5010D068B
:10139000FD0402F6F71B04EFE4070015FC070AE85A
:1013A00003E1CF0A36F9E504FD01FEFC040408EE72
:1013B00012FDFE12320ADFE801FF160B15F40603D8
:1013C0000106FFFC0231070706FFF9FAFFFFEEFFF7
:1013D000EE0026FD0F15E7080000050A0718FD09B5
:1013E0000BF9FEF10C13FCF3D90006FEF6F700052D
:1013F000F8070503071004FCEF0BFDF21F0504EED0
:101400000F0AE2F3F6F608FF030805F2F8D50D0817
:101410000F0502060FFBE40B140520EE0B140DF272
:10142000080700D9F20B04F300FB0A060EF6E91ECA
:1014300024FD2BE3400F07F0F807EFF9FE21FC1223
:1014400009FFFB02FEF8ED0AF0F21FFF15F3FBF4B3
:10145000FEF7FBE801D0F9E90BFF01F6F80FFADB24
:1014600002EC17F737FE070DFCF5FEFDF1FAFE154D
:1014700019FEFAEBFD000CE108DB14FFF2E10001BC
:1014800005F900F6F80FF014FEF204D50A08FCFD89
:1014900009F40C04F418F6FCFE0405DE041B011C20
:1014A000F30DF9E3FCF1FCD3DFF1112EEDEE14F2B4
:1014B00002FC0500FC00031FF4060900EBF3FEDE4E
:1014C00006DB11F7082CF804FDFBFE2503140402CB
:1014D000DE0AF8F701F52706F2E5F8230119DE0424
:1014E000F9FCFA0EFC06F0FF06F5FF022EFEE3FB08
:1014F000112A0702E4DB050105F7F9E104D80FF42E
:10150000F9FDEA06F4F6CA0EEA0B03FBF0FC0DF94E
:1015100000FDFCED08D5FF02F9FAFEFBFCFDF62408
:10152000140133FAECE0FA060003FE1401F6F61695
:101530000BFDFDF7E5F51016FB0500F505F903FABF
:10154000F608071DF6C0FAF608F70B12FF0911E6B8
:1015500007161103F6E8F61600F40CFA07E4FEFB92
:1015600006F80B0F0005F9291109DC144FFE05FCE4
:10157000F90200F6FDD6040112F4FE12FDEFF2347A
:10158000ED1129F925090AFE0AFE00E60D160413DD
:10159000FD01040CFAF4FA2CF5F421F5060318F316
:1015A000F9EB08F8EC12FE16F10C10FE07F7091F14
:1015B00013011926ED030EEB04FEF4F3FE19FD03EF
:1015C000E702FEE6FCFA00FF1EEFEDF203FBF9FF77
:1015D000100A08EAFAF20809F307FD0303F8EDDF41
:1015E000FFFDFAFE430FEE080504F719FFECF61EA7
:1015F00006FDF8F8EDFB00CFFBD514EEEFFFF90B7D
:101600000D01F9F7F312FA230EF7FAEFFBF9F8F4EC
:10161000FF041006F4D7FDF3FE06FBE4FDFDFB0519
:10162000F201F70DFAE60EDDE301192AE8BC02FC2F
:10163000FE12062406E6F4F80810081FF3E8DFD4CB
:10164000E9070AFAE6D0E008010D043AFAFD0B0EAC
:10165000EC11010CFAFF13F3F1E5F9F7FB1DE211B0
:1016600001130B1BFE0F000D03F4FEFB1D12CDFD3D
:101670000A04E3E50902F40FF001FBDF04F4F814B7
:10168000010FEE03F5F4E0E6FEEB221811FB040473
:10169000F9FE04E203DCF82510080BDBF202EC3063
:1016A000090444E5DCD2FEF71104F309FEF5071C3A
:1016B0000F0400F2EAF4FAF2F60D23F7EAE40C0E56
:1016C0000906F31405D7FDF704E701F5F10E0D0047
:1016D000F70D0BF7E6E4E707F9FE08F50AC2F3F5A4
:1016E000FA00FEFC09131328EB1BF8174901FF0948
:1016F000F108FCD90DC8F7092206ED1E1BEFF33DDA
:10170000053210EE320A1AFC0A0AF7E61101FC0251
:10171000F7FD0DFDF5FF013BEDE81604070D16037F
:10172000050300F2EFF9F91CE90015EFF601200EB0
:101730002A101520D30F02060802FAED01F9FD2147
:10174000F70104F609FA25FA27030C03EAEF02066B
:1017500000F7FEEE060AFFF80602FD03FE0A11F589
:10176000FBF6EF050F0303FD0BFEEB02FBF902FF97
:10177000F9F7FF100205FEE4DF01ED09D6F50D00D3
:10178000F1020407FBFA02E4DDFFFBFFFA0A0D0693
:1017900011D0FA02F4B6FB0600040C0400F80EFEA9
:1017A0000A02FF0B01FA11DF11DCE5F20AD7FB0296
:1017B000110DF3FB00F40109080202F605F7040815
:1017C0000520E8FEF5F709020908001C0503F31FD0
:1017D00013FC00EEEC00F30FF40E0AFCF7F0090620
:1017E0000504FCFA080C0CFCF6F0FCE1FB03040415
:1017F000FCD3FFEFE30BEF0409F5F6F2FB0BFCF370
:10180000FFF7F0E90F0015FCEEEE002F010CF802D7
:1018100000FC05F2FA00FF01F800FD03F2FA0819D6
:10182000F9F32508F10818FF06FFFEFAFB1BFFF885
:10183000FA02020FF002181505DC01081C00F3FC87
:10184000FBF703FCFA29FC0ADE09FD000A21ECF093
:1018500016DBFB0317E8F8F5FE1506F00303FB059E
:10186000EF17F3EE0AFA0102DFE2141B081301FF7F
:10187000F90303EAFE28FF0FFD01F90A07FC06F150
:101880000AEEF60D06FC030605FDFF07F507F5F861
:10189000EDF9F8F2100220F6E715DE0C1601F5F866
:1018A0000001091E03EA06F70504F0F0180609F81E
:1018B000F853EE0A3D2A100D0611FFF7FEF7051347
:1018C0000906EBFE0807E4243F1FFDC4EDD2FCFD32
:1018D0000503F8FE08FAF6F3FBFF050001F51B030C
:1018E000EED507FDC6E71F080CEE020001070DF854
:1018F000D918FCED0205F6110CE6F406F5ED040727
:10190000FBFEFC20F0FB100AEBFBFE13080A210A89
:1019100005EEF3EFD6BEE0F6FEFAFC0DF800F7EAAE
:10192000020406F4041E07EC00D6F5E8F740000AAE
:101930002109FDFCFE27FB08F50E00FE0700F92A31
:10194000F5E5011506FA1AF303F3F8EA0AFE00F7C3
:10195000FA04F6F9FB01E51B1DFB02FDF2D125FBA4
:1019600002F308FAF7E206E9E50B07FAFDFC21FCB1
:101970000BE8DFFAD1C1F10812F80809F91A03FBE4
:10198000FBFFF9F22F11FDF921E1DDF0F700ECFB8F
:10199000FE0A05FF10100DF710F00510E1FDFD1D0A
:1019A000EE07FC02000A0F04FE0CF8FCF5E4190C2B
:1019B00019F3F01CFCF9DAEC0B3216FFDE060E0709
:1019C00002F801FCFF15FB07EE050A05ECEF1E23EC
:1019D000FF17E9F9011AE7FEFBFE0316F207F9FD0E
:1019E0000601EEFC0BEF0DD0FE1B19F8DFF1E3084A
:1019F000F70E051C001BF8FCF60D170704F108DDB7
:101A00000AF00AF1D808FBFF000402EDFF0CF3E630
:101A1000DBFC11F4F30EFFF811E41209FE0003F7EA
:101A200000F5F50B030D0FFE0302000106FB09E7AD
:101A3000FD09D902EDF7ECFC050AFD3B0BE00DF5C5
:101A4000010E10050BFC0FF3FA2CFD10DEDAF70483
:101A500005F40609F710FEFEE703FAF7EBEC0E01BA
:101A6000EFD7CB1CE7D9F2F5000AF9EC04F80DF634
:101A7000E90CF8F608040FF3F4D7C0131B19FAF9B0
:101A80000BFC04F7F6FD0EF9FC170BEF060B131118
:101A90001202FE110FDD1F1402090EF2080302F5F7
:101AA0000FFF11F6FB13F7F6FC11EEECFAF5FC094B
:101AB000FE0C010F070807E10C02F90D05F6EE0711
:101AC000031FCA09DAE0FA0DFE0D150C01F0FFE55F
:101AD000130B010BFB00F604F01CE10AFFDB0FF710
:101AE000080002EDF42A1008F306FCFB080605F7CF
:101AF00025EBEBEF121CF8F0F907FBD9FD1B0826CC
:101B0000FF0B0DF3F4F31AE826DD06FCFA0B0AF2DC
:101B10000503FB040B0E13FD0C0907F8EBF10C1584
:101B2000FD130809D50EE3FEFF050822F313FE148A
:101B30001B0400E2F106E6F2F20DFEFBF9F1E9FC0E
:101B4000020B0A20060E08F4DEEF0A02F90EE8E89E
:101B50000BFAFDE800EEF6FA0505FEECFBFC06F0DC
:101B6000070003FCF5F701D7FBFDFA19CC05F802D5
:101B7000F60E0400F31C07F2F6030FF8FD0D16D75E
:101B8000F004CD0707E0FB0104F8F907FEE008E4E4
:101B9000FEFD00F50D0A26D0C9EBDC06F4FEF300CD
:101BA000F511FD3105CB0307F2F710F701220FE61F
:101BB000F9F6E6F7DAEB02030900FEEEFEF201E6C3
:101BC0000EF6040A090105F706E5F6FD08E5F9F742
:101BD000FFF305EFFF25FA13F30701E90BFB00EF15
:101BE000F4E9E1062011EA10F705FEE5F7190B1BF1
:101BF000F906F8E80EFE03FEF5FCFC13282706FDA7
:101C0000FE07FED8F515FF28000BF6FB00F9ECF1F6
:101C1000C3061713032213FB010605F608F7FF1985
:101C2000FDFF0101EDF8D501E2095507F9ECF2FDE0
:101C3000FD0402FB06FE06E602FEFF0CFEFAFCDFD8
:101C4000F611D7FE073000F7FB0503EDFCF50202A5
:101C5000FA0303050311F9F0F8FFF9F7081300037D
:101C6000FBFEF5E0FEE902100C0BF32B0100DC0398
:101C7000F8FA050A06081608F6F708FB02DA03ED7B
:101C80000B07F826FEF3E8200BFC38F900F6F60304
:101C90000A06F916FFF707F71FFEFAEFF6F809F83C
:101CA000FC23EDF7E516EC0DF90804F80602F40B39
:101CB000000E00F8EEFB06F0FE08EAEAEE0DEE0775
:101CC000FBFEFFFD06120A0A1AFCFE0DFBFFE603EF
:101CD0000E04FDF908FA040CFDFDFB0BF8E0FAE236
:101CE000F2F8F9FA0502030D0CFBF1F6F908FD080C
:101CF0000EF5060D050BFDF121010D0B00FDFAFCA3
:101D0000F40CF100F1F3FDF5070303050913FB09DA
:101D1000F4FD0FF50305E7F3F5FDF2E208F3EF0537
:101D2000EDFFF511F0EF010504030007EA0000FAEA
:101D300011F4F201F2FAFD05FFFBF60FFBF1F40AD4
:101D4000F102F6FCFFF91C0B0C03D4FCEB0B010AAF
:101D5000F613FD01F5F001E8090002FA0E00FEFF9E
:101D60000F0EFEF7FB0EF7F80104FEEFFCE8060A83
:101D70000C030801F2ECD614011D1C093B410103C0
:101D8000F40E04F8FCF5F7181BFE0B09F4FBEAFF50
:101D9000FA260BFC07141D000712F3F010F3F6EE01
:101DA00006070106F2FBF7051110F5F3010FFBFA28
:101DB00000F906FFFAF4F7180EF9040A040D16F0FC
:101DC000030125F0EAF006FBFDF9F5ECF9E304FF69
:101DD000100A061204FF1601D5F80EFEF91BEC05D9
:101DE00002F80918FA0BFF00060F041800FB03EDB8
:101DF000DD0D041EF02EEE1101FEFEF60AE607E6EA
:101E000004FA000109FFFC1A02FCF3F3F504F6FFE3
:101E100001FEF3F5FC04F0060DF70206FBF9F9FEEE
:101E2000F709170D020408FEFDFAFDFB02F1EC13A1
:101E3000ECF70FFCFBFA0F0814EEF705FCE5FA03CC
:101E40000F02FA0000020304F9FDFDFE090107027A
:101E5000F6ED02F802FDF30101FBFBFA0A0406F1BC
:101E600000EEFF030BF4060419E7F30ADEF6F8FEB2
:101E700005FD05D402FEF2F3F3F6010AE5FBF505D4
:101E8000E9C806F8BCF4FBFCF6F002EB01FFF6D65D
:101E9000FEF4FB11000210E6D6CCE10FECF2DE0DF1
:101EA000F4EF0A02000003E00AFAF6FDF7FC09EC81
:101EB000B9E4E408EAF8EEFE040400F702FBE9E600
:101EC00003FCFA040FF8FBEDC9F0F91F132A05FC17
:101ED000000B060D05F609FD19FD000802FD0401C1
:101EE000041CFFFC01F403FA0803F20307FEFA0CDA
:101EF00007FDFF040D06082700250D021B02020046
:101F0000F0FF0C06F8FE01FAFDF202F80809100CC9
:101F1000131803F8142B040504FF0BF90B0606EC49
:101F2000EB0706F6110D0610F8F8FAF904EA0E0AA6
:101F3000F8F5F611FFF1FF0B0DFCFFF9F7F827F8A4
:101F4000FE0807FA0044EF1705F40DFD0507030727
:101F50001D01FC03FC080CFD05F0FB06F32CFCFF47
:101F6000FB010B17FDF90EF30FF6020C04FA11FE3C
:101F7000EB1AED2CFE0EF8FFF4020DFFF5F705024B
:101F8000FE01F91F0501DFFADC065219FF0A02F90A
:101F900004FA0503F80EFAF1F901040B070A0DFA29
:101FA000FDEE0800DAF70406FF00FCFB0AEA04F77E
:101FB000F4EFF7EFF7FA13F704F7CE17F80301FE83
:101FC000FCFF00FDFD00FEF6FFF10AE91402F90B2B
:101FD00007FDE719FC00EFF9FD04FA04F8F001FE33
:101FE00012FF06FA10FBF005081CF0EF02FBFFFDE4
:101FF000FF07FAF508F9120E0E0BFF06FBEE0218AA
:10200000F3E8F90DE00008FAFB0EFFF0FE0604EC21
:1020100006FEF009F50BF9E9F8E9D614F6FCE90536
:1020200008FE080402F1F8E01106F904EFFE04F4DA
:10203000E3ECF20CFDFDE2F3FEFB03EDF8E9FFEA51
:1020400017F3F91106F1F8FFDAF502FFE6EE0BF9E6
:1020500007FBF909F7FCFEE80207FC0C05091FEA7B
:10206000FE0EC200DC06EE00020511E001ED08FDE7
:1020700012FCEBFC0C04E4F31D07F3FDE93602F857
:10208000060AF9F514F3FE0C03F107FEFCF4E2D89E
:10209000E5E7351D0319E60006FBF7F0030307F239
:1020A000F80C06F604EDE5CAEDD845FD07E8100882
:1020B0001005FE09F903010B00FCF2E3FC110BF91A
:1020C0000A170BFDEEE1F5F2F10202FB06C406FE73
:1020D0001DF003F70802E8F3190B23ED0BFA06F7DE
:1020E000180403FE05C9F5E32B03F32101050415CC
:1020F0000410FBE2EABF0209F3030A0EF7D112F360
:10210000EBFEFC0AF605E607F326EDFE0FFC07F4EE
:1021100004FE01FE06FD0604060B0AFAEDFAFC03B6
:10212000EEDB4DFFFD08010B0D0204E9F0DD0012AE
:10213000ECF605F0EBF1EF21FC18F702FFEF1A00C7
:10214000FE0405F1F6D209E8021D16020AF71E1E6A
:10215000FEFEEE0FFE01FE08FA14050D10F8F8EE73
:102160002EFB0AEE18070022F3060FEBF2ECFAF84A
:10217000EE0413E500E5F309F7F4062BFAF9EB009A
:10218000F8FC0E050918FE070A0EFBE103DCFF024E
:10219000FEF9FBF4F0F6F5FD19FAF00E150402E76E
:1021A00003FE0FE6F41E02FBFD0D0905F204FF1508
:1021B0000806F20D130E0102FF0A07E70CFBFDFAF9
:1021C000FBFE09F603FD151AF2EBE7D3240EFAFB2A
:1021D00009FC08070208FCFA00EF0A0507FC1E09C3
:1021E000F107D304F114000803FD0205FF0F05D920
:1021F0000E01F417F9FB051B0108D202EE34ED05C0
:10220000FA0D020708FBFF010F10FB0901FCE81A99
:10221000020102F1F053EEFA11FAFF150FF8FD0E6C
:102220001000051FFC02ECD3F11317EA19E40406B1
:10223000F602F9F5F51005FCFA14FFE808FA1FF7A5
:10224000F404EEFFF5E00C0300F9F70304050502C2
:10225000FB02FEF5F7F902030AF1E201EBC510F803
:10226000F704FE1D0ADD07F319050013EEFA21EF4E
:10227000DFFD00FEEECEF60A0A09051EFFFDF6F8A8
:10228000ECF70C080F260D06FF03F7FC0B02FAFD16
:10229000FCFB01E40613FE06ED02F8F70810030E3E
:1022A00000F0F60008FA1B0B0D0E05F3FCE609F52D
:1022B000E8F8FDEDF3FFE9F301EDF3FD01E90700B7
:1022C000FAF408ED070C0BF9D9150DE10B1202EF2A
:1022D00002DDF906DBF9F006FD10F60A081FFEFF25
:1022E0000A010DE7070A0BF3E9E6F2FD18FDFA0B08
:1022F000FF0C0307FB0008FEF101FAFC150EF8FACB
:102300000209E10118FE100807FB01E7FB0AFC12B5
:10231000FFFAECF10C01EC0139F506FEF90106F7C4
:10232000FEF811E5F509FCF5040609ED0103EA23C1
:1023300022FA14061B0405FBFE01FEE2ED1707025C
:10234000FB0507F30406E202FCF1060B10FCFB0997
:1023500008F6FFEBF9FFF706F20FF0E2090A2B028D
:10236000F8D7D50D14F803080D060F200510FBF063
:10237000FCFD01F6FF0313F9FFFBE1FF03FB0F0870
:1023800004FE000D0913FEEBE3EE03010211011838
:1023900010E4F9F8F0BBFAF600000DF7FEF909ECCD
:1023A0000EF108EEFB06FB0906E9F4F5FAE70BFD72
:1023B000FDFFF406F4F6F8F418FBE9FC08FC07EC62
:1023C000FCF9E115DFC9FAF507FFFE0D061BEF0268
:1023D000030DEAF4030DF300F3E808F90AE9020833
:1023E000F7F8F02100F305EFF40AF7F0160412F203
:1023F00004D4E4F9F5FEF6FDF5EF09F8FCF501EA81
:10240000EFF703E00EFF17FD20E7E701F7FCFEF60C
:10241000080C080FEDFFFD0AFEFEF5F2F4F509E5E4
:10242000FC10F812F1EC0613FB0A0BF707E7F105B5
:10243000DB01FE0C1506DEF71A0A3DE80F02050661
:10244000F6EE0413FEFDFAFCD3F8E7F2F6F910DF1E
:102450000FD1ECEB05F8EB07F8F700EA07FCF5FB0A
:10246000F6FD02EB121119E716EC0243E0E7EB0967
:10247000FEFF02F905F6FD04F70402EEF3FAFBF4A1
:10248000F8F72C00E7E40005FAECF71205F5F5EA99
:10249000F30304040A0216FEECEE160BFD02FB0623
:1024A00006EB0820FEDF06CFFB02FB0A150E0DFC33
:1024B000DB00D404D7FCEBF8F60AFF1303E503EEC8
:1024C0000FFFF9EA100304FFF0FFF909D8C00D0867
:1024D00007FEFF1100FBF6F310FFFFF4030533D6F0
:1024E000F401B1F5FE0DF6F804F312E50AFA05EF72
:1024F0002B0406FD0703E9D5FBFB07F2F036EFEAF4
:10250000010B04E30A01030C05FAF5F2FCF9D1CD45
:10251000D2FE2C0BF92EFEEBFA0100E903F105FEC9
:10252000010301F9FAF8D1B7E8D2450E0EE00BF934
:10253000F9FFFE0D040EFE070D02F7EF04060BF285
:10254000F9FDFB02EE12F5F6FF09F5F004E00A20B2
:10255000F7EC11F40305EDFE1D0114F70D26FDFF48
:10256000F10508FAFCD3F7F830F50301FBF9031382
:10257000FA0C09F4F6CB1001110EFEF2FDD3FDE9C1
:10258000F307E5050B05E70D0015EE0CFB0205044E
:10259000F9F8FC020EE802FEFD0BFEF304F8EE086B
:1025A000FAE531FBF1080801FFFF05F402DF0A0339
:1025B000FE010AF4E5EC0011F91201FB21020C0DF9
:1025C00002070CE5FBCAFBEDFBFAFB00FFFD180B55
:1025D000091DF020F1FBFD09F1EE01120CEAFDED01
:1025E0001B010BEC0C05FD2DEB17F7FBFBEDF0F5DC
:1025F00008FE05FBFADFFFF2FCFD090CEDEBDBEF5B
:1026000000F11EFC2011EFE70B0B01E400D4EB1BE3
:10261000F305FD0AE8060C09010D06F70EF80B0993
:10262000F9EE05EEFA200F0A110D0206FDF2F2177F
:10263000050C1500EE090A080CFAF40AF40D02FE66
:1026400002FB060301FB191C040518DC14E602005A
:10265000FDFDFF21F9F0FFF9F5FEFF04EEFFFADFC3
:102660000DF716E8F4F7FCFAFDFAF802FFEBFF2489
:10267000FAFD02E5FDFFFAED15F6EFF917B1FC0AD8
:10268000000D01FDFEF60A0EFEFD01FC050206FA34
:10269000F8F70406F6CE1CF307FF02EE06F4FBFB88
:1026A000FD090C0207F2EC03FEFF0CF2032502F613
:1026B000FD00030F02DBF303F20AF2F7F4F3000963
:1026C000F2CE1FEE24E8F30205FD0B07FD0005071F
:1026D000F5FD01011005FA160A00F214182808FE8B
:1026E000010EF9EEF81B0811FF03EC0D01FBD9F107
:1026F0000C1A01090B2109FBFF0509DBFDF2000C97
:1027000008FDFB1CEEF3E014EE060FDFFD0CFD0FE1
:10271000FA03F6FB01EF0BFFF5020401F2080D21AD
:102720000CEDFB05041DF100FD110700011A020864
:102730000FF20513FD08EC07F805F3FAF710F6F9A8
:10274000FB0C050704EB00F321000420F1EEEBE4A1
:10275000F82C1803FB060C04F90E00F805F107EB42
:1027600011FDFB1DE7F20C0C0A0CF7F4F60AFE0053
:10277000FD0108150A03FDF802FAF507F4FEF71447
:102780000A0406FD25F8F8FEFE0FFA14FA0CF914F7
:1027900006F304E7FEF5D7140D1915FB0FF909F63A
:1027A000F90106F30A0103230C020CFFF7F30409F5
:1027B00023FE14FE0BF904F90101FDFB0122FB0AC3
:1027C000FE07FF01F3021B1012FBE40614EE0600E5
:1027D000FB0505F5F316FBEDFAFF080908FD1407E4
:1027E000F3FDF81D0D0F0607FDF5FB07052701FD9D
:1027F00006030205FE0A1810E30EE10DE8D5FD06FA
:102800000404FF00FFF311FFFF000014070BEEFEAE
:102810000F0DF3080717FB0502FCFB1A000106F871
:10282000FF01F8F90800030F1616E711FC06040073
:10283000FEFD0404010D0AEE010105080BFAFD047A
:10284000F70CFBFE0902F1FF04FEF4F6FC0A07FE9A
:102850001003F80605FD0403F0F9E60108BC16FBB9
:10286000FB1302E907F801F9020204F7EF0002EC9A
:10287000FAED01F5F7F7100004FB04000E17011242
:10288000FE0903EEF80D1112EAEEE6FF0608020457
:10289000060006EF042104EFF90BFBF6F00923EE26
:1028A000F5E7C0152A1CE200010407FBFE01020A3D
:1028B000FB0706FC0719F3FF06E7020CF710F9FE09
:1028C0000A0E02FA070F0BFB020903FCF2FB0005DC
:1028D0000907230FFFFFFAFF0108FC070306FDFEAF
:1028E0000A00FC07060C0EF0FC040C11FBEF04F9C7
:1028F000F304FC09021CEED6DA0CFCF5180D1FD50A
:1029000007F2B80D21E70105080A04FAFCF30108F3
:10291000FAFDF6EE29FFF4E306E6F6F0060611FEF0
:10292000060502DBFFE70D170610FB09F504F90F9A
:1029300020EFFDE004031A040612010B06F9030060
:10294000050600F9F803F81BF8F91817EEEB0CF17F
:102950000809FE0A0D1502F9080712E8F514FEF839
:1029600004FC2A0509F310F1F6EE10F0FB1CE5DD7E
:102970000606FCD30E021B0C1D1B1E1A15BBFF0EF8
:1029800004E30FF2FAFEFCE2E0FAF3DF1B0F26038A
:102990000809FC1EE7FAF81304FA1319F70C01E909
:1029A000EFF9F8E41A16FD3CECE3FF0E15F409F814
:1029B000F9F0FFECF816090EF405FEE315133108E3
:1029C0000EF3E715221F0BFEF7FB04D90423FF06C5
:1029D000EDFEFEEFFFF3122916FD0A15091B05EDAA
:1029E00008F503F9FED907DEF605FEFC02FD280C0A
:1029F000FFF8FD0EF8070E0909FB020AF7040CE6C2
:102A000006FE0114FB1E0310021EE509E3FBED01A7
:102A1000F6FD0207FE1DF4E6EDFBFAFF031711BDFC
:102A2000F5E2E9040812F907020701F708EF0404C8
:102A30000302F12604EA15DEEEEFF52939F6050565
:102A40000B0DF1F2FD0503FF14FCF817FBEAFF0F75
:102A5000F62FF90C1517000A0A10FC030923F21EC1
:102A6000020F00FAF202030C0D0FFFD0D4EE0802A1
:102A7000FB01FC0FFFFDECE30102F9F7F70418DEA0
:102A8000FA08E509C9F0F8FE070AFBF70814FF0881
:102A900003F9FAF5FE18FDEEFDE8FF06F30AEEF580
:102AA00004100BEC020F0CFE010808140002E207F0
:102AB000F3F80FEC000E04F8FF11F9E7FAFCF91334
:102AC00006090F12E6F4F1F4E10946101906F9FBC4
:102AD000FFF80411F619FB00F0FC0E0D0304E90FDA
:102AE000FCE8190807F3FFFC030BF902F6FE00FAF5
:102AF000FE01FBFF04F5F1F608EAE6F9F8CAFE0567
:102B0000F207030AFCF8061A18EF0EFDFCF804F3AE
:102B1000011AEF02F0FF01E9FBFD1105FEF10209C8
:102B2000FCFE0301FA0908070808F6F013D0F903C0
:102B3000F3FFFB0AF011FF06F7FAFF05FF04FAF7AF
:102B4000FDF901121413FC0302FBFF13031404F735
:102B5000F0FDF6FEF5FAED02F801030D09FB06EFB4
:102B6000FE0700C5F41FFE0C13F2FBF8F9F4E2E7D0
:102B7000F612FCFC101603F6F6FEFCF31617FF1215
:102B8000F617040AEEFB07F10B0206F8070EFEFA31
:102B9000000005E5F104FEFB0105FC0606FC0F162E
:102BA000FAF9F9001917D3FDF60300220530FA05EA
:102BB0001209FF13F8ECEDE8DD03DAFE280CF7F854
:102BC000FD0EFEF0F806F9ED21F4FAFAF802E4F948
:102BD0000217F60E09F41A08F60008F600E800E6F7
:102BE00000F60016E9F1DC18E814E3D60604090142
:102BF000FDFB09FFFAF5F8F9DE00F905090115F208
:102C00000902F0FF26F4FDFD091A020DF9E907FC9F
:102C1000310DFC0209F0E0E7F2FCFEEE0BFB1EF8C2
:102C2000FC140DFEF3E1FD111706FA08F4F0FF079E
:102C30000E2EE6DB2AEE220AFA0CFFFBFB1D071024
:102C40000006FB09F90911154301B1CB0AECFA0C96
:102C50000B04FFF3FBFD0402FEF506F916FBEC186E
:102C60000AF23CF0E4F70400FEF9F715FCED04135A
:102C700014FA0A03F3F8E9F9FDFF14F40FFA10034C
:102C8000060CF80C09D40FF201F30105FFFA00E776
:102C90000B1BF7F809EB1900000BF805F8F600F923
:102CA000FA010606FD0015F81E0BB9EF1405FBFD31
:102CB000020EFBED03FD052208F7FD1902E4E31007
:102CC000EA0E43E81E2900070510FD0F01F308FE78
:102CD000FCF7040BF3F30B05EA0CFBFF012B1AFCCA
:102CE000F50BFEDE0230FF24FC0009040308ED07AB
:102CF0000F02F307092AF600000FFDDF0A19EF178C
:102D0000050004ECF6F8E4E601F90112FC25FCFEEE
:102D100006FF08DCFF1305FDFD0D011FF6F5191870
:102D2000EAE0E0132C27F802F9130516FC2CFD014C
:102D30001406010AFA12E900F708040AFDFFF1EC93
:102D4000F514040CFFFF06FDF60200F8FE05D8F4AA
:102D50000224050BE6EFFF0B010F07E5FDF0000174
:102D60000300EC0AE507F0DB110705D40F0A100A8F
:102D700001FBF5E4F70406DFEF00F30C110517EE95
:102D8000071901F40FFDFF06FD09040DF9EC061506
:102D90001206FB05FEECE9DFFBF012DF0CFDFEFE88
:102DA000F00301F604EB0C150DF90AFAFEFDE5F847
:102DB00002F7FCE903F708FE00FC00FBFAFDF9FF4F
:102DC0001B05FF03E50A0E0E00FCE6FDE3F9F70024
:102DD00009FC03FBFD17F902FCFA07E905FA10FAF2
:102DE000DFF6D8101CFDF603FE0E05DF0E120019EB
:102DF000FA13FAFE04FBF40CF0E8F710FB3F08F6B8
:102E0000040EFFF3010DF80E0C14FB0E0CF3D7E9C2
:102E1000CE192204FE1EFFFCFE0704FF03DCFD109A
:102E200002F907EEF7E2D50FF31E3F09E119F9F2B7
:102E3000040200000408FFF9F103F8EDF7FC01DEDD
:102E40000218E6F805F3EEFFFE0501EE03E90AF4C9
:102E500005100B040C08FAF102F206F30713010443
:102E600003050002FFD8FB03200F0224FEF9E2FD58
:102E7000F4090BE80DF70D08F906FC19FECFFCFE6E
:102E800007F603240305F71208141EFD00E9000CE1
:102E9000FF08022400EAF30C060500ED08080DDC2B
:102EA000FE29F7FCD206FC0AFFF4F50701ECFCF959
:102EB000F405F5EEFFFAE8F707FD0AE1F90CF80171
:102EC00000F302F202FFFF01F9130512F3ED1713ED
:102ED000F7F602FCFEFB07FE0CF90710020C02ECF1
:102EE000FDEC0E04EF0E1C1309E8F9FA04EDF406EC
:102EF0000E10020200ECFE08150111FFF3F80309A1
:102F00000BFD08050706FDFFFD0004181200FFF386
:102F1000FCFF0D020804DF090C1806D4FFFF03FEB6
:102F200009FD02EDF918FFF80C04F2FE0506ED1399
:102F30000EFE1E140DFB10EF0BF905F8FA01060A40
:102F4000F6FE0BEE00FC010D12F4FD1015F806FC68
:102F5000030DFD030A13F60D11F7FFFDE4FF010059
:102F6000F6F01104E6FC08FDFAF601F6041607F582
:102F70001106FD09FB001D00E108F8FAC7DFF7F4B0
:102F8000F4000808FCF2FFFCF809090509FF0FF935
:102F9000FF0A0900E4CFDC0FFFFC131F06EB04F867
:102FA000FE1008F2081410D1EEEFF1FC2612FEFE1E
:102FB000E7F400F603FDFD0EF404FBFC00FC020543
:102FC000FCEA27111BD51BF9F8F00EF501F902FCFC
:102FD000F1FD01EC06EF0A08FF070A04F3C212F83C
:102FE00008FA0CE60DD505EEFD000AE2F9092BEC16
:102FF00006CAF4EC04B4FA050AFFF70AFE0108F762
:10300000FAFB0DEE12FC1BFFF8DDEE27FF21FBFCA7
:10301000FEFBFEE1050600F7FA0F0006FF01F608C9
:103020000AE8140C181009F00601F8D1F31203FB9A
:10303000FAFBFA18FCF5F5F709DE0AFA29E424F799
:1030400006F5FBDBFF0CFFEBFF04F50813041FF78D
:10305000F9F2F906F10002F809ECFBFCFF1B030989
:10306000F01902E90202FE0FF4F70422EFFBF50C5F
:10307000F20A020FFC14F325000C0216FDF901FA06
:1030800011FAE40AF605E60601FD0AF20204F7FF6A
:10309000ED19F4070B04F91A13FF06FA0D0F01FBE3
:1030A000FA07F8F9000BFBFAFB0DF4F306FC001D20
:1030B000152F010C28150C03010EFF05F4FCFE0969
:1030C000040DEF03FBF9D618F24012C1E1C111045F
:1030D000F602000DF8F800DFF3F9F5E901FF1EF143
:1030E00011FACCFFC8AE020607F600FDFE0BEED5C6
:1030F000D8FAF9D3290A2BF405CBC30FF4B411FB8A
:1031000001EE04D7072503E6DFFCF6DE1B3B3B128E
:10311000FDD5E117060BFD04F804FDF1FB210AFCC7
:10312000FF02F6EB1808000AEFDA0C0FFFE71A08A7
:1031300006F503EAFF1008F3FB02F8DE0D13F9F9B8
:1031400014EAE209173CF80008F705010600F0F45C
:10315000EE0B09DC1DFD19032FEEE5200302F3F64B
:1031600008FFF4EEF924FB00FE06F7F303FAFDFF77
:10317000F606EA05022A0E0A0410060400F704F90E
:1031800002FBF9F9EBF9F00C0A1DEEF601FB100356
:103190000C0302F906F503F8FC0508F00DFA10DA45
:1031A00018FAF904FAFAE608F202FC11041302F222
:1031B0000FFCF8EF08F21DF3EB0D0505F807EBFE29
:1031C000F30C020500071000F704F1090CF8F6FCF7
:1031D000FD05FDF2DA010AFEFBFA0CFFFC02FE0817
:1031E000FBF9FB15F2FCFF030E08F602F1FF0E01DE
:1031F0000700FB03FB09040200FB03FFFC0102FDC7
:10320000FD020B05DF00F9FA0408FC0B0108FDF6CE
:10321000F6F70A0503081FF2E50F0DFA02F00502A2
:10322000FEFFFC1E06F1FE0807FF0014110808F758
:10323000F50D0F13EAEEFBFAFCFC0517F903F9EFA5
:10324000F60601FEF20111F70807FCEFFCE0F7FBC0
:10325000F40503D9F3320113F3090305FAE914F471
:10326000ECF8DD202936EEF70B2807EDFBE820050A
:103270000500FA0BE4EAC9DDD6FBFCFD2E2118009F
:10328000FE1DFCF105EE02F806040509DAF3CED6C0
:10329000F604EAFB01D01307FDF9FAEF04EB010D88
:1032A0000FFD0511E000021F24F8B8FEEBE4F11158
:1032B000080803FEFFFF0CDF24FFFC2F09EAF5DE00
:1032C000FA2FE60F00F9DE090A1DFF07FE131201AF
:1032D0002FF5FA21E30CE7E3BC29FEFCFF25050CE2
:1032E000F710FE1CFC4D032202FB090AF410D3F177
:1032F00024F3E2F10E0802F90BF906EC0026012393
:10330000011309E9E4041BD034F1F709EC000803C8
:1033100006010309FBF51A0C1E0C03F0E9EFF92373
:10332000EC3EF1DAD30CE90A0907090CFF18040C8A
:1033300004101700F5080ACBEE0300E2FA10F9FDBD
:10334000FDF70E2C0714FA05040516F7F009CEDE7A
:103350001415EEFBCC01F903030C010F04E6F9D7B9
:10336000FCFFE1F8010606DFEFFDCEF221100606B4
:10337000FAF9F7E201F70CF30209FFE40AFB160B76
:103380000EF604F71FFB1300F80BFCEA01E917EE39
:1033900019FA00FEF4F5F2EDDC0504ED03F8160071
:1033A000FB18F8F608D5072EFB0006F8FC09F5F621
:1033B00002DEE2D805F4FCF50E0906FB0E09081A38
:1033C000EFF70BFAF2F418F028E4D30AF91001052C
:1033D00005FC05F901FE020103FCFAF8FDFFFBFD07
:1033E00007F6FE0305FB01FBFE0602FFFC05FA03E0
:1033F000020603FBF900F90101FEFF07040005FEC8
:10340000FFF90002FCFF0107FD0302FBFDF903FFCA
:10341000030501FEFB050302FA02FF03000103FF9F
:10342000F7020405FDFC020000FD04FEFC020101A0
:1034300001FC020604FAF8FD0106FE000504F9FF8E
:103440000800FEFDFEF004FE050200FEFCFCFF008D
:10345000FAFB0001FFFBFAFF02FBFB0CFFFAFC0288
:10346000FCFD05FDFAFFF70204FDFF00FA02FA0079
:1034700000FC00FD02FA04FAFA01FEFE01010BFE57
:103480000505020003FE04FFFBFB01FF05FF05FA33
:103490000201FFFB0303020200000105FDFC090419
:1034A000FFFDFF040FFAFEFFF8FFFEF8FF0103F92E
:1034B000F9FEF70201F9FBFFFC02FB0701FE020027
:1034C00000FFF6F9010000FAFDFF00050408FD0009
:1034D00000FD00FCF70004FBF8F6FF07FE0204FC09
:1034E0000502FCFFFD01FF030404FDFEFD010801D0
:1034F00003FE00FE0301FFF9FD01FE02FEFC0302D4
:10350000FB0002F900FFF901FD000104FDFC0401CC
:1035100007FB0000FAF901FC00FFFCFC02FB0301C1
:10352000FBFD0B0400FFFEFD04FCFDFE02FAFC06A1
:103530000404F9FBEE02FF0302FBFD0107FEFD00A0
:103540000204FEFF04000404FDFF0100191C07052E
:10355000FBFBF8F50410FD04F7FEF60101FE002B5D
:10356000FB09F31205F509FEF604F9EEFC0AF4F284
:10357000F8FEFB1AF202FF2E0CF8E5FAAF000EF48B
:10358000FEFDFD10FEF8FEECE803F801F00B2B1435
:103590001FF7EEF2F31AE20C07FCFA12FC160AF817
:1035A0000CEFF20B09120FE709F2F0EA000AFBFF39
:1035B000FCF6F3F30D1DF2FEFC04FCF4FE160A0EFD
:1035C000FADEC90F23E6FFFEF5F5FCED000A05E97A
:1035D000F4F600F5180007EBFCDC04F6FCD501F767
:1035E00000F7F40AF6EBFEE704FEF7E9FEFB130B27
:1035F000E7D3FAFFE3A4ED060B00073701FBFFEF6B
:10360000FFFD04E01A221FE801F0D601FAE501FDF2
:10361000FA060805011FFC11F6FCFEE92E0EFFE07C
:10362000F318C40EFA050A07F3FC000001F60219AC
:10363000FF07F1F303EAEDDB1D0810F11C0C200479
:103640000DF009E808050609ED0601E0040207028D
:10365000F9EB04FA250FFAF3FEF4FD1C07220A0326
:10366000000000E6000608F702EFE0F606ECF40CB6
:103670000502072B03F6F81002FE00ED120706F410
:10368000111227FB01180203F3F40300FCFBF8FC02
:10369000F7FAF40B07F9F7091BF018FEEC0F0BFF14
:1036A00009F00100F710F9E30202F50BF5FC070F32
:1036B000E9EBD8FD1A0FFA0505FA051D0322F9FA00
:1036C000F2FCFAFE0003F702FB0FFC08F1D802F04F
:1036D000000208E6FC04F6FCF3F804F50BFC070115
:1036E000F1EC2F0AEDF00500F90502F60810040CC4
:1036F000E30A0AF30901FFE2E8F017FB02BCF0FB62
:10370000F5FBFD0EFBF4FEEDF5FC06FB0CF8EBEF14
:10371000F0F802140DC2FF020500010405CDF6F316
:10372000F70603E700FEFC1FF0F90500121503047D
:10373000FAF8FBE803FDF609FF08F4010504E51CAF
:10374000060A17F615390B0C000A06E9FDE900E533
:10375000FEECF30A0DFFF5220C0CFE070F16110408
:10376000080605DB04F3080FFC0DFEFFECF6F80D70
:1037700010FA060C182F0EF9FB0303E001FB09EE0B
:1037800009FF040F02F8FC281EFA06F9F01F04FFD7
:1037900006080EF7FA27FEECF6FDFF11FBFE0AE81D
:1037A000ECDBCF10211EE704041112F9F31B0A14FD
:1037B0000911F9080303EFEF01FDE9031E18F2F503
:1037C0000306FAEDF10501F50E12000CFAF2EDF226
:1037D000F4160F07130405FA06030006FAF6FE00B6
:1037E00013FFF920F2F205FBF50536F5EADF0608CE
:1037F00001FDFC11040204ED0BF1FDFFFC0D02E0E4
:10380000FF27E003FBEF05FD000EF609F8EF0404C7
:10381000F1F3FBF2FC08E8EDEE0711F8FB02F6000D
:10382000FE0501FD03FCFC1B02FCFDED00FAF3F0BC
:1038300008151DFD1E0DFEFCFC00F5EE04E504F967
:10384000160507F6E500FB06E4042605FFF8F60773
:10385000010002FC030D02F3F109F5F8FC070DF07D
:10386000EFF2E405FE100401FF01080AFAFD04E589
:10387000FF1B03EFF21021E80FE2D8FD050FFCFA61
:1038800005F502F8070F04FF090C07E502FC0AFE24
:1038900002E4ECFCF8ED0AFBFE0D0A0303F400F56C
:1038A000030002FCF3000005F3F600F7E3F1FB0868
:1038B000000B0908F105FAED0B05FCFE000BF7FB08
:1038C000FA0FF7FEF6B100F40211FE0CFCF103F959
:1038D00015F9F9EC08EFE8F91A3022FD0AD50002D3
:1038E000040AFE0DFAF2090DEBFBFFE2F4FBFAFC11
:1038F00010ECF1F0FFF6F50EF503FF020A0F01EFF1
:10390000FEEF06E609FB1AED1DF5E9FDFFEFF402F7
:10391000FC16FE11F7DE0323120B04EAFEF3E4FAB1
:103920000130FCE9D2F7FFFA0A0505F000E80010C3
:103930001E070003F7EFE1F112302FEAE0FD050A60
:1039400008FF081B0409F405EEF5120BECF70BFF5A
:1039500003F5F8EB02F1F2FF02ED03F905F70BFCBA
:10396000FFFEFBF117FD0FE1F9DF1D48ED03040831
:10397000FBFDFCF4FD0306F6050509FCF0FDF30E66
:1039800005FC11000C03F7FD0E0800DE010700F135
:10399000EFF8131405FA0620F3F1F707EF06070412
:1039A00008FF00EF0BEE01E7F700020B01FD09E84D
:1039B000ECFBF00CFBF809F9F9FEF61705E8FBF44F
:1039C0000100FEF40401FA00EF05F61B202EFF02B1
:1039D00006EC03F911E9F5E4020707011401F30706
:1039E0001926E3F106F1F6F4FAF011EFFE03F4F014
:1039F000FA0301F90E001441FE17F90523F808EE49
:103A0000FAF4032100FE0FFAFAF9EB0603F3F230A1
:103A10000A2C09FBFB2F061205FDF90D06ECFA082E
:103A20000AF9F91B1E01F30E052AEBE7071A0A0B28
:103A30000A0108EDF4F209FF04F0EF0B030A391351
:103A40001401E408F543ED0AFFEBF7EE040C01F670
:103A500014070201F2F10001FDE2FAFEF9FBEBFDB1
:103A6000F2F90535F0E408CA19F11014F9FF23DC66
:103A7000DB0B1504E504FD0809F3133900F410EF1E
:103A800007FD061FF71CFB0CFA1536040107FB00A7
:103A9000F9F7FDE60E0C09F5E4FE03FA0420EDF05B
:103AA00010E1F4F90CD8050CFF00FBDE02D40DF098
:103AB000F20200EE07F815D716CDE30407DA12FA82
:103AC00006FB08F7F70EFCE2F6EB14E20F1918E616
:103AD000E8E1000DF0F4EB08F8FF00FDFD1DFD012D
:103AE0000BFE0DE60A170CEDF2D4DCE704F602102B
:103AF000FF03FBF9FBF000E8E806F5F31412FAFB0C
:103B0000FF04D1110FF2F40A0D03F6C916F9EC0007
:103B10001903010A05F6EDEC34D7251AFEE801FB7E
:103B200003F8F9E0FC0509EFF2F6F3F7FCF7FA23E6
:103B3000E9CB3DEBD30401FFF902F6D1F61FF1F01A
:103B4000F1E60CFAFD02F6FEE5E5162CECE8FA00CB
:103B5000000013FA0028FAE9F70FFBF4FBFB19FE4B
:103B6000DE08D909EFFEFB04FF0A08F40B12FFF090
:103B70000F06F7010E03EBFFEEFEEA19081500F53C
:103B8000FE0404F407FDFF17090FF204FAF8DDFE46
:103B9000DC1326090129F702FD06060707F4111EAA
:103BA000060203010401E503F20B3DFAF5F105FEFF
:103BB000090106FEF7FE08F9FCF8FBF605090B0102
:103BC0000141DCFC01EF0406FB0AFFF7FDF617F4E8
:103BD000080A02EB0F04F8FA0C11F9F3F5E4FE03FE
:103BE000F608070909E410F913030E0EF2F1FD15AA
:103BF000FBF902EEFDF51106010AF60D0AF601ECDD
:103C00000809F729FF0B0705F71525EE07FF07053C
:103C1000FBFE0912022704EA02F5FFF1F90C2EF26D
:103C2000FAF5E901F50FF700FCFBF8F9FDFF08F3E1
:103C3000EB130FFDFC09EAFE0EFCF7FCEE1BF8028D
:103C400004FD0DF40C0FF9080BF710FC0105FD093C
:103C50000CFB021228F20E090207000105070307F8
:103C60000DFE07FC0B1602FDEFED0EECF5EAFE0370
:103C700007040115070602F5FB0C06FE0C0D06DC19
:103C80000212D80A23FD020BF611FFF60BF5070707
:103C900008FDF8EF1A00E7E317F905E2FF0706EE63
:103CA000040403ECF718140BF9F70102F1FBF10D12
:103CB0001BF82FEFFA030FF9F502F9EEFC0C0E13C7
:103CC000EA030EFCF70AF10616F71011F211FA03D7
:103CD000FAFA04FC071208FDEB010F00FEFAF6EEFB
:103CE000FBF304F90925F3F60C18FCFE04F801FEB9
:103CF00001FB0412E0E6FAEEF904E9FF2104FCFC02
:103D0000F202FFE90909F71E010105FDF3F2E1F8EE
:103D1000F522F301F6FB07FC030E08E702F1F81C9D
:103D2000F405FDFCF6F5F80116090306F4E2F303C9
:103D3000FE0906090B040AEAF8040618EFEE02D39E
:103D40000308F2FE1107E701080B0706001D100427
:103D5000FCEE0013FCFDF7EEE7EDE8F51BFFFAF6CD
:103D6000F30F00E3F71FFA0F0602050D09FCFBE84D
:103D7000160406E4DF0B00F804FAFCEE04F7FC136B
:103D80001507FBF7EEF10BF403000CF6F8F2F4F272
:103D900000F9FF08FEE9FA0E0A05FAEAF3F711E660
:103DA000E9161802F903E7F4070AFF1AFA12FE03EC
:103DB000090402EAF404F1DAF023F9E5F3F4EC087B
:103DC000FF0AF413FFE00FED09FE0403F405FEF50E
:103DD000F92D1315F9EA091109EBF50AFEE0F6E2EF
:103DE00005E6F206F7FDF70EEF0CD8E5460CFBF200
:103DF0000CF401CBF1F205F50800F8F71004FB39DB
:103E0000F4FA12F3461AFEFE14F8FDE002EA090085
:103E10001B0A040203EFD71DEBF329EE14F41EF97D
:103E2000FC0300E402EA032307F61305EBFE05F7A3
:103E30000FF9F9FEEEE9091205EDF8140B05EB0B8D
:103E4000F4030EFDF90A230111DDC6E30BE2FD06C2
:103E500000FAF5E704E5040DFBFE0AEF05F9F4FEB0
:103E60000BFB10001300F5FF08FF0501F9D604163F
:103E7000F8FC02FBECE3F4E2011916FD1E3702FB2D
:103E800007050204FCFB02ED02EC0AFBF400FDF95D
:103E90001911FAFBFAF31101F9FC08F6F910FD000B
:103EA000FAF90BF3EB00170622F9B80A03ED040543
:103EB000FC05F70202F3FE050A08061AFCF9F6F003
:103EC000F1EE0B010514EF060DFF030FFC1AFF0BBB
:103ED000FDFF090FEE021007CCF405FF0614F604EF
:103EE000020404060330FC0DF4F6F505141DD6F1AA
:103EF000F605FCF314100BF701FF03FCFFFEFD0AAF
:103F0000FE0903E2F1FBFAF701F7F203FCF20CFA07
:103F100004FAFBE701F20C0E02FD02070CF5050D99
:103F2000F602FDF5ECF1040402080216010DFEFF95
:103F3000F9000A01F70604E0F5FC1BFBE9F5FB00BC
:103F4000030A031CEE01000403FA07020204FDDE6B
:103F5000040A0E08DDF6030700FEFCF405F0FB0A78
:103F6000F7F9F6080C0305090305E4042D100A0906
:103F700000FB04E401EF05F400F8F7F504FBF81D7D
:103F8000130608F5F4FC1007030AF3E6F9FBFFF447
:103F9000FA01FAFBFAEDF910EFF8ED00E6FB00FB91
:103FA00007060301FEF7FF0700FFFAF9010C01FA0B
:103FB00004EFF819ECF7EB0106F509EDFB06FE013D
:103FC000FEEA01F2F2FD0AD704E3DF25E211F60A68
:103FD00002FFF408FF1D0814F6010311F104F503B4
:103FE000F9ECF302F6F60507F30F07FEFCFCFF11F0
:103FF0000409041CE60EF607F900F7F20915F906A4
:10400000F405FDFAFF020C0EFF0A1009F8FBF3F0AD
:10401000ED0212ED07F8FB02FC0D05E001FD0419AD
:1040200001020C0A07FD16F4070C0909EDDAFC027F
:10403000FCF4031E04FA06D70BFFFF15F401F9DBAD
:10404000F70ED607EBFDF207F30EF80CFDFB08F2B6
:10405000EEFE130F061401E3010CEB080502F80D48
:10406000F80AEFE4FF33063303F7FEF7FE01DE0242
:1040700011EF0AF4E91BF701070B05FFFB140A1EF9
:1040800004F0051FEEFBFEEF130337F710EA10EC08
:104090000508FE0B00F009201309F6E803F60726D1
:1040A000F63621EDF6F2F804FEFF011604000414C2
:1040B00014FFF9EFF1F0E4EEF92F26E3EB0E040222
:1040C000030F001803F10609FEF7FBFF03FEF2F8E9
:1040D00006140200ECF3FEF60202FC03FCE504FD0C
:1040E000EDFB0214F300FCEBFD09FEF25A22ED0297
:1040F000FA0301F0F90A17F60504F80303FBF922A5
:10410000F8F616F92E0D0903070900E6021B130540
:1041100001010CFBF2FAED1504E40006F4FF0DEECC
:10412000F1F803FDFDF60011FCFC110CEC070CF39B
:1041300014D0EC0FEDF40605F9EE0E0EF70A01FCB3
:10414000F80A0AF9F6FF19FFF1F7CF18110FF6FE7A
:1041500003F60700FBF9E1F5F90BFC130BFCFAFC85
:10416000FB0EF015FEED090DFF04FE0A040D11FE15
:10417000FC0DF3FD00FF0A0CEBF2ECE6030014F972
:10418000F616FEDEF2E50AF5ECF9FBF8FD0DFBFF95
:10419000EDF6EF07F40412EDF1050706FE0CFE192B
:1041A0000804FBF8F9FD0CEBEFFD00FF0000120620
:1041B0000306010000ED10F713F30A1A09F5010BCD
:1041C000F116EDECEF19E70A0308F0FBFFF01CF61F
:1041D00016070106F502F400F501DDFA00DB17F918
:1041E0000E15F9F40C161E131AFA07FD0009F00B50
:1041F000FDFE13022C14FCFC09FD04F7F324F81D4A
:1042000003030B0400F5F6ECE1E3F7F20BFFF7EB29
:10421000FEEFFAF8F61013E7FE0103FAEDF01E03C5
:10422000FCEFE7FB050EFBFD08FA09F50317110D7E
:10423000100F0EF9F90A00F8FDE9C9FEF717F1FBB6
:10424000ED0A040DFE05FF1306F7FEF4F80800DE84
:104250001306FBEB0900000103F6FDFA0704020058
:10426000FAF2F71CFCFBFCDBE6EDF9D1F529F5F6DB
:10427000F7FE06F2EE11FBFD090AFBFA010C1CC762
:104280000509D3F91CDC02F7EE08FEF2FED409EBB7
:1042900000FD0DFD08F8E6D9E7F1F4F028E2090881
:1042A000FC0DEFE702E8FF180106F9EF000610F534
:1042B00019E7FDE5D8E9FEF20906F9F9F9E6FD038B
:1042C000FCF010F8FD002300FCFAEF1DFBDEFD0101
:1042D000F2F9010AF6DDFCFBF70508ED000102F535
:1042E00003F314F0E7E3EFE805EEFB06F90303122E
:1042F000F7F1FC0413FAF00F04151001C20DE8F7F2
:1043000002E6051B1109F804EC0A060B1B16190E30
:104310002C1218FF0BF8E404F9FDF7030A0501E17C
:10432000FF0C0DFB0C0601EA08F3EFFA141403FF6F
:10433000EBF7FAEAF5F4F32904F7F10B02EE111D9D
:10434000F9EB3B04F11D25090EF1060103F4FA18FF
:10435000CE0607000902FF1FFFCAFCFFE9E9030EB2
:1043600000F6000E01F5FAD2FAFE06100F0D22003B
:1043700005C9FB17F4E2F80301FA13E5F7E9FFEBCF
:10438000F10CFDF01C0D0323E6F3ED1B00400710BC
:10439000F1FD0BE40009F5F3E1F2F422EFFBF71174
:1043A000EBC5400F18081C0209FC0BF1FC0CF306CE
:1043B000E902F9270814001CF0CFDE3911E2F8F504
:1043C00002FFFAECFA0DFC03F20EEC0902090E17DB
:1043D000F7DDF111FB02FAFE07FCEEF7FBF3FEF44A
:1043E000F222F9F201E80B0BF50C26FEE805F502C6
:1043F00003F9F7DBFD2CFDFFFFFCF213EAFF1FEED4
:1044000004E1F913DE08FF080EF7000CFE16F1ECCC
:10441000DA0FFC0719201AF6F5F3D128EB05E101B4
:10442000000A000900E801E30701F6EA29F2EFFAC1
:10443000FB3008171C29FBEBF20308F6FDF5F71912
:104440000B0BFB19FBFEE1000E4842D51317F906D2
:10445000FA0014FDF8200F06FDFCFE05EE0A140517
:10446000E9D7E115F909060DFB0207F9FF0404FE7F
:10447000F30800030D0C0012FAE0D4FB081909053B
:10448000010C07000E08FBF00701F4F40A131B05EA
:10449000E9DCFB06F2D90606F70803F9FD0BFBF38E
:1044A000F9EC00FCF70DF3F8F2EDEFFCFEFD150A58
:1044B000090F00F7FFFFFAF112080502080910F7CB
:1044C000F510DA11EEBA00EE0A1003F5FCFAF5FE6B
:1044D000F80D05F40402F2E40437FB00F509140BAF
:1044E00006FDFA05F9FFFF0EEDFB0ADFF3010BFEF7
:1044F0000CE5DEF308C907FF02FBFD0CFF06FA001E
:10450000F0F0FAEE120413CD14D9EEFC07EFFBFB2A
:10451000050EFC20FDF0F823000604EA0F03F60464
:104520000A3804F7D5E90B020701FAF308D60E049E
:104530000AF6F802FCE6E2DA2A2444F1FD0A0F0248
:10454000FDDE0200FA130613E709FBFBEBFB18156F
:10455000F9ECEDF5FE0BFAF8FCF702F900EC14FEAD
:1045600000030BFA12FAF9DC100E2035E9EBEAFF32
:104570000409030C0A0E022D0C01FDF2EE03040FD8
:1045800004F51400F5F909F8F305FBF3ECEDF5E596
:10459000FCF5130DEF000718DB0506FDEE090C0B0B
:1045A00016F6031801F600E7E900070E05FB18F4FC
:1045B000D9EAD2F21FFCEB02FAFB0B1700E0FEF582
:1045C000F0FB010B1E0301F9EA0403F9EFB1FFF55B
:1045D00003EC05F307FBFCE4F400FBF5030F000319
:1045E000FAE0F903DDEB10FCFCF30FEFFFF2F1CF83
:1045F000E40B01D40C0529000DD5EF17E0D6F91313
:10460000FA00FB030121000BE10001DF140B18F29B
:10461000F3DBEF1C0509EC0703FBF9FF0A0EFDFCB9
:10462000E50AFCE8130B01F1F1DC110F0CF50208AF
:1046300000F209EE00FC03F5F1FAF7F5020721009C
:1046400005E9DF151ADA07F005F606D5FDF9E7EFFB
:10465000E809F2F217F1191619E7070F08CAFE0365
:10466000FBFB03F70400F9F0FA0EE5F605FEF01483
:1046700000FAD90F0CF71106000702E50BE2FEF372
:104680000CF3F3FC0EF9EE08F916FBF1FEFCFB054A
:104690000209FB0A0701FB00F9FEEDFB05011DDF26
:1046A0000C10DE04F915F712FA06FF0800000211DB
:1046B0001700030B08F510F3073015070114F40A6F
:1046C000F8F9FF18FCEBFA0D16000608EFF1ED10F3
:1046D000031FF904FC0D06FB0A0BF7F001F6FE219F
:1046E0001AF40115FB0A0708212D0ACDFCE1F7F7A2
:1046F000FF0DFC0507F604F202F804F8040514F6B1
:10470000F5011102D7ED11FE01110409F3F7FC02C6
:104710000A05FFF5F80702F4E7100416EAF30707A5
:10472000FA02011A040C03F6F3080B0DD6F4FAFD95
:10473000F0F911F9EAFF02F8F802FDF801FC1006A1
:10474000FAF40B0207130900F6FF260BDAE6120251
:10475000FBFAFE1C020AF9E5FF07FE000E0925ED33
:10476000F8F5C2FED708F80506FEFDED06F106E8ED
:10477000190504F9F905EA00F71B0511F624FAFA00
:10478000FF0FF8F507F0FB030C02FDFC04FFE8FB4C
:10479000F815290B031CF8FDF6FEF2070500FC06D0
:1047A000F602F1FCF3F1DBE1E00031F2E9DB130AA0
:1047B000FEF60914FA0904FCFDFE04EC010B1EEFE1
:1047C0000613E2FCD3EEE7F4030001F7F8E111EC85
:1047D0000BFA01F7FC0DF2F608FF00F5EFEDE90327
:1047E000F9FEFF180AC906F61BFF072E0AFA001683
:1047F000F80FFE0DD9D0FE1202FFFD06FDCD03F32A
:1048000005FA0129000E0908041128EDFAF1020049
:104810000406F20403F010070D05F1E5FB0BF300AD
:104820000AF92A0405F607F9F001FCF301DD050891
:10483000F3F80CF4FCF0F8FD0B110B03FEED050989
:1048400007F305F8F9E1FDF1060CFF0106051F0766
:10485000EF10EE03E2F1FD0400FB070313F2F4E7AF
:1048600008F604EC1502151B0EF8F2FBF3E4EDF864
:10487000FB0402F3FEE5F90609FAFD15FBF3E4F784
:10488000F4FA0FFA060A0202050209E907FAFB0226
:10489000F40103FF02F5FC0F0E000008F50004010F
:1048A00003E8FDE10818FEF90C090201FCFA0219FF
:1048B0000DF7EF10040F0B06F2F206F3FE0F040DD6
:1048C000FD0200FF01030B0403F0FE0B0DBAF5F52A
:1048D000F603FEE1F6D402EEEDFB04EEF8F4DBD8CD
:1048E000EDEB1FFA1305F50AFF09F60E10FD10FF98
:1048F000FD09FBDCF8F309D8FCE007FFEEE005F664
:10490000F7FCF50CFD10F9FFFAFA07EEF6FDFDE7EE
:1049100010DB07F7EBF00CFB00F0F7090B02010FBF
:104920000815FFEF00E916DA04F3DB0FFB071F00A1
:1049300000F0F9E2F2EA0910F914FFFBFEEAE008E0
:10494000F9ECF7F20ADCFFFE0BFEFE0DFE0A0B107F
:10495000FD10F506F20411FAE4FE1EF408ECFFF86F
:10496000F90EFD2F08E7F604FCFDEE160801DEE562
:10497000F5340CF3BFFBF1FBF91203F5FFF6FE0073
:10498000F5F9FDF4EAEBEFE5DBFEF0FEF80A0318BB
:10499000F90408F601BB12F6F5FAF8FEF700CA5260
:1049A0001606E7F608EFEC03FD06FFEC00EBF9E670
:1049B00007ED060401010C2908F50BE9E2DFFEF31F
:1049C000F9F7030AFFF3F7F00E060A06ECEBFEE92F
:1049D000EB02EFEAEB06F3020B0009FDF8FBFF1315
:1049E0000304000404240DFF2FF2EB02FB10050565
:1049F000FF07032806E60FFDEEF8070AFBFAFAF9AF
:104A0000FD24FCFBE9FCFE05F2F5EFF9FE15000EB6
:104A10000CF6FA14F40B0A1A13E9E9FD1D020BFC5B
:104A2000F8050AF1FE290204E4FA0A0203FF0C1752
:104A3000F6DC10FEEAF7F4FA05F502E0140605EBE1
:104A4000EFF7FEDEF7F5FC02EBEA032B05F0F90DBC
:104A5000F9F405EAFA0B03F5F7FDFFECFBF603F4B6
:104A6000EDC6EA0EE01318FC0B03F9F109FCF31490
:104A7000FB1A0BCE01FE1BF0FDCFDAF0212E030B4B
:104A8000FAF9FCE40B0EFF04F10202D1F80B0A095B
:104A9000E605DF02FBD9FB09F008EFED06FD101576
:104AA000F90B04DCF80CED08F700E501E817FF0747
:104AB00000F00804030DFDE4ED10F70510FBF3F022
:104AC0000AFBCC0B01F9F1EAFC1A0B1FFFDFF1D452
:104AD000F30102F801FBF8F30833FE0300F215FEC0
:104AE0000DFAF8EB05FA0724F0E9FCD3FEFAEAF92F
:104AF00028E9F2EC0DFCF7FEF9F901EA0507F7FCED
:104B0000F1F0F6F5FF0513E32CF3E7FDF3E20CFFFC
:104B10001124062BF8F1042C1000FCE402F9EAE859
:104B20000D460EEAD50BDB01FF02FE1BFBE1FC0B81
:104B30001AFFF5FFE9F7D8E925392BE8E3F100067C
:104B4000F2E808FE1203FE17F1F5031AE3FB07E98A
:104B50000CEAF1E6F805FA01FBF0F900020800FFA3
:104B6000F0FA03F9FDFE0FD70BE71F37F5E5FF0A53
:104B7000FBF405FAFC050CF6EFFB0FEBF1FFF50675
:104B8000F4D81F0DD9F603EE0CF4FEE2FC150BF27F
:104B9000F1F1190B011520F6DBD6EF21DCF7F00A55
:104BA000FBFB0B0503F8F4E6EF0A10F9FD0112FE1A
:104BB000CFE3FB18E1FDE1F901FA01320CEAFDF364
:104BC000F506FDF61509F0FBD418151FE916020CC1
:104BD00008FC03FEFF2EF6EBFF091005EB06111291
:104BE000FFF5BBFC2F130517ED09F9EF03F0FEFFEE
:104BF000FF12F3FA1011FDFFF505130007FB040582
:104C00000DFFFFEA0205FB11DC1AF2F602FC03FCC1
:104C1000020710EF0F17F80B01020A03F8FEF41455
:104C2000EC09FBE7FC031300FAFB1EF6E9E8FE04BF
:104C30000D0E032BFCF90A031F00010B181F01EBDB
:104C4000094BDDF5FE050E06FA1701FC09DA09FC31
:104C500007FE07020D01F6EE243503E00A16060EE4
:104C60000B0900F500F3FE10F9F2FA20F0E7FF2738
:104C700021EB16EDF50E08FAFE05F806F50BF7F92F
:104C8000FEFF0829FE060BE50D1B11F804FAFC05D2
:104C9000FD0BF622FAEF0C0F240113F9FDEA09EFE0
:104CA000F5FF32F4D8F70A040A15F9F40000F613F8
:104CB00012EFF814F4EDE800EE25FFF6DAFEF70D3A
:104CC000080C0109F70108210C03FD19FAF508FA8F
:104CD000140BFE05FD04F4F3FD0B101BFA11070085
:104CE00000F80AFC121401EDEE003BF4F00603FE9E
:104CF000FDFD070A051CF7E6FEFA17FDF2FE09E3C3
:104D0000E8F3C2F8E9F600FFF80405F00AFF05F73A
:104D1000E8F9FAE90F120E07FCDDC51CFF00F101EE
:104D2000F7EF0304FCED01CBF9F0F70F090A02FCE1
:104D3000F0C7F906DD04FD01F7F403FE10E1F7F119
:104D4000F5FF0DF5110CEC02E405FA0DD51D060872
:104D50000011041EFC0D06F80505031DFAFF0305EE
:104D60000708FB05FB281109F6030707100B0506CA
:104D700022F7F8220401E316F52A1405142DFC1677
:104D8000FF050002FDE9FEFD10EE00FF0100E9FA5B
:104D900014210E02DF2CDE0102F8FE0D01F90DF4E4
:104DA00004F20B05FE0204ED0D10EBE905EE02FA2C
:104DB0000F080809EF0AFBF606F90105090B310F88
:104DC000FE06E5FDF3EFFB00FDF9000402030DF321
:104DD000FAFD040DF609F6FAF8DFEDF9F4B402F481
:104DE00002F2FF1706F5FDE4F706080CF70511E7D8
:104DF000E9F2F70BF9DEF4FC0101FF1C03FBF313EE
:104E0000F4090EF60D1A0608DFFEFBFB09F8FE0595
:104E100000F005F4F42FFEF9D30102FE0514171477
:104E2000FFE5E0123B0205090A0C12E1FA0608044C
:104E3000F609F8E00208FA0700D5D6190FFAF9F1D9
:104E40000C0105CEF91000F0F00C06EB131209036B
:104E5000E9FE14151E020005080CF800FD0CFA0D01
:104E6000F90FFBF10EFB02F8F9F403FEF309F4016C
:104E7000F6F80303FE2DF9E5E614F4090E0515DF37
:104E8000FDD6A805E7E9F60CF7FCFDFA05D50211F9
:104E9000F009F41515FFEBD810E7D311050B06F94F
:104EA00002FAFFE409EAFEEF120DE8080AF1001C1D
:104EB00016F00EE51D2210F3FD0DFFF1F720030A99
:104EC0000606F00CFDFEEB0EF42610FCE9020FFACC
:104ED000FC0706110702FEE2040909F10AFF0EF8B9
:104EE000FBFBC5051AF8F9F804F9FADE0A0C06EF1F
:104EF0000F08FEE80F080916F70AF10CE92601056C
:104F0000F8FBF8F6FFFA02FB0808050D00F8DF07CA
:104F1000D7053513022EFFF30FF7F708F5FA03FC58
:104F2000EE000B0500ECD6F3E60F3110F0E605F7C6
:104F3000FEFD060A0B130508EB05FBE708011EF250
:104F400014FBC808FC0CF400F9FA01E902F416F1AC
:104F5000031300091AFD20FC08EEF702F618ED070E
:104F600009070512FBBF0AEB29010A2FFEF1F2F92E
:104F7000DF0E1501E1DEFC0C000BF62403BE06EC8F
:104F800004FCF433080DFC1EEE2524E202EA0212B2
:104F900005F803100BEAFFF1F901F7F21313FCEB2C
:104FA00019F60708F1F8060101F50AF6FCE3030516
:104FB000F7FAF4FFF8001704FE00E90D05E3F2FE2E
:104FC00001FD040813D3FAEC0D0DFFFC11F232F8C9
:104FD000EA130316DBE7FDFAF4F5020CF80C00FF08
:104FE0000C0720FC06141E10F0E9DDDFD700F304E7
:104FF0000109110CFCEAFB0A06F0130802F9E8FFAC
:10500000F7FFFDFE0E071413060505FFF604040561
:1050100009F103EF1003EB1C1210EB0FF8FB0DFB73
:1050200008F30AEAF6180AEF08F9FF0EEBF20A1382
:105030000DF70904FE0207F708F6FEDC081E030C54
:10504000EBFBF1F30C170EFF11D514EAFA1B1BFD55
:10505000FA04FD0A00D8F1FB06F2080914F7F01F64
:10506000244B11DEC1C11808F4EE092902F2F1FE49
:10507000D9EBFBF41E0C3A292E1911FAC6F10213D2
:1050800006EE030F0B1C0205D60B03F221012B0FBA
:105090000DECE2DFF802E20507F4FCF6081903F272
:1050A000E7190BFC18202015F6DBF40209FC0FF4BD
:1050B000FBF5F806FAF3F903F8FA0008FC042A1ADB
:1050C0000DEF2009052A130EFEE10B0B07FE091454
:1050D000F60F19EA14051EFB250C08F6F119F2F675
:1050E000FEE8100EFCF9F5E8F1FF01E419FF20F7E6
:1050F000FA0BFB221012F7F4FFFD03FF0915F40071
:105100000300E4031307E2F3F70CE9F404FEFCF6F2
:10511000FDFC01EDFA0BF802E70E0C0FF91205E2A7
:1051200006DB1006EAF9FDF7F105F517F8F2FBFECC
:105130000A050401F8F5FCF4FD18F12F05F6F30754
:1051400000FAF302F9FDFF0302F5EEF310F21DF68B
:10515000FD00F9F9DD07FE09FE000CFB011BFC1B3D
:1051600012FB07F904ECE7DD122A2705C6F4F4F474
:10517000FC040BF202F40AFBFBF5F80DECFD1D1527
:10518000E4BD13F9CFFFF1FBFBEFFA05FCF9EDDC11
:10519000FC05FD0E080C12F6CDD2DE21F8F2EDF87A
:1051A00003F5F811FF0C05CEEFF906F6FC0114F932
:1051B000C8E5B3F7E9F3EFF7020B03E6FAF109E408
:1051C00002F7EEF9090504F8D2ED0010E9F8F8F756
:1051D000FDF90BF2F8FD04F8FDF3FAEEFEF302061A
:1051E000070F0CFE3009FFFEFE03F41201E0FF057D
:1051F000FD010AF3F509F1E909060903131E050487
:1052000009FE021108150207FF0002EEFAFF180658
:1052100011FDF607F8DEF90401F70D01F70803F6B2
:10522000F70000EBF9070B0F06F0E610EAD4F202E4
:1052300004F7FAFF050FFA0203FDFB0FFB00F6EF80
:1052400003E61AF619F8F8FDFA000806021002F84B
:10525000EF0AF7080BF9090308FB1C0E0904F30B0E
:1052600000F20A07FE1200FCEBFAFDFA0E09130128
:105270000AE5F10BE902F9FB01E9FE09FBF5FDF393
:10528000FCEAF7EBFFFC02010EFAE20FF8E3F8F993
:1052900007F2FD09FDF9FB1A03FAFFEB05F8FFDC45
:1052A000F31D0A06DBF1F80504FDFF19F40DF30AFE
:1052B0000404FAF801F7F2F9061F0E08FD040F05C1
:1052C0000502FE09020D020CDEFBF0E9F1F815E81B
:1052D0000FECFFF3F9F306F7F6FE00F504140E05E4
:1052E000F0FAFDE7FFFF15F30FE3F241030403FEBD
:1052F000FFFD06CB030D05F0F7F406E9FB03ED42D5
:10530000FED21EF8E41607FDF5F809E1050805FED2
:1053100004FD0806F3FE2D0AE2EBFBFFEA02F003B0
:1053200003F401020522E8F7F2F60305F90704EE9B
:10533000DAE8D716DBF8EAFDFDEFF60BF9F0FFF43B
:1053400005F4F4F212F516EBC8EEED1DDFF501F9E8
:10535000F80AF4F2FDED03F807FB02F41408040266
:105360000B1000EFEAD5040406F7FEEFFDF70F156A
:105370000203EFF00803F61EFF2200FF12220DFCCD
:1053800001FD080FFAF6071405F70AE9010A030AF6
:10539000F420EFFFF9080200FFFE09F3FC050CEE14
:1053A00001F706F90901FD190803ED0C0B0B00F8D4
:1053B0000BFD0BF106FB012702020DF7F60B1301A3
:1053C0000AE21803EA1308F3F4F60AF3F402F2030C
:1053D000090602010B100FF0F8F20DFDFA43F80177
:1053E00008EEFE0C0108F7EB0BFBFC1CFBF90901B6
:1053F000E90C06161524FBFF06FC08F1FCF008F288
:10540000FF080408FD0EF712F0F9FAE5F40708F7B3
:1054100001FAFDF902040401EDFFFD03F30BF8F0BE
:10542000F5EA12080D0C00F20B02FFED03F002F694
:10543000FBF6F5FCF6EE21E3F7F9D8130207FF01BE
:105440000BEFFD030206011C07FBFFF51305F8F443
:10545000F7F9E31CE005020005F9FA01F409FBFD88
:1054600012020C0100F70FF7020205F1F2FBFB0834
:10547000FEFEFDEE07F000F105080106FEFDED0B56
:10548000F9CDF01003FBF601FDE6F8E6F4FAF4DFDF
:105490000708F900F1000CE7E8DCDB28F6ECF8FE81
:1054A0000BF8050F0B0200DCFE07F8F3F41406FC02
:1054B000D9E4E80604F6E40908FF13FDF413FCF54B
:1054C00008F200010902F6F4DCEA001A20D4190AF5
:1054D0000BF6F3F4F8F1FDF1EDFCFEE81302FD0527
:1054E0000B06FDF8DCB3170B07F9050A0710F8DD0A
:1054F000DF0AEFDE1B0E321412EBF203E8C30BF8E7
:10550000F9F005F6FA0B04E9D807EDDC18271FFAC5
:1055100025D5D8F70CDDF1100601F5EE0D340204A7
:10552000EFE9FCE30A141EE8FAC2E917F13300F6CA
:10553000FFF00AF1F3240309F20104F9FF08F61859
:1055400013F6071111260C06F9EB0410F609F2FA0E
:10555000DCFFFBF308FF02F41700FB06F7EA04FF89
:1055600002F509050AEDFDE3F604F8D80F0B09066C
:10557000F1E2E1F802F6EAEE0DFA0104010CF9FDA0
:10558000FA04F1ED1218FC02F90FCFF907FE0EFD37
:10559000F70606F80A00F202F403FB02EB00DAF663
:1055A000070A35F7C7EB1504FFFEEB1B0AEC02FAFE
:1055B000020C05EAF3E918E6FC35F804CA02060213
:1055C000FC01FFFDFD00F40DE907F4EA201B02FCDD
:1055D000FB06E4E10207F8FF0A0EFFFF00F7F81BE5
:1055E000180A01F7F3EDEBFFF72919042B0B130D44
:1055F000F40D06EA01F2F40AF2FD0803F9F5F004ED
:1056000008FA17F90513F2FFFAE7FD030515F5EEA1
:10561000E906EE01FB09140BF3F4160EE2FFF702A4
:10562000090CFC12FCEB06F201F5F90400070BEF84
:105630000810D0F2F5FDED030913000D02E9FA0B95
:105640001307FA04F4FDFCF9FD100EF5C6EBEB02AE
:1056500005FBFEDDF7F80E06F0FC07DAF8E4FAFCCD
:10566000F5E6FA0C2A26E803050D02F404F20D23F0
:1056700012EE0206D8F0E601E714F503F419EEFD88
:105680000A0CF8240C02090E2CEEFC18EDF2D5F7EA
:1056900016FE03FCF5E712FAFA140204FCF30B0100
:1056A00009F0FE1DEAE219FA313CCD03F6D7E9F91B
:1056B000F8F5FFEBFA15FFFBF8F6F61E01FCE8DC47
:1056C000E7C8B7F906E1D50005081308EFFF0104A4
:1056D0001C0209361B0C04EECECBE3F0050CF809D6
:1056E000010A09270F3001F6040E0310131AF2D92C
:1056F000DB0B1FFEE3DBFF021501FE2AFAF70602B1
:105700000DE603FCE5E527D228F8FC22ECE51703BB
:1057100005EBF7D309D40AFB0C0AF5EC10F60A00E6
:105720000513E3FDF101EFFA15FF0929FD17E8FB69
:10573000E2EE06FF0108DED606E612EEDECF1B0B18
:10574000FBF2F220FAFDF7F0EC091CD0F7180BE899
:10575000E0E8F0ECCEE105FB05DEFA14F9E8EFF342
:1057600008F119E4021011EFEAD4DA0F3A000F0A37
:10577000110E040E16DF0BFA08F100F41606E62CE3
:105780001C292EE8210014FC0DED01C30616F717A5
:10579000090304F808E109093B061CE9F40423FDA8
:1057A00007E70CE1F9260F0DF20404EB0214FF21C8
:1057B00007CFF807E6F0F5EF09EAF9E9010DF7FA86
:1057C000ED07EED40B0316F200C1DD3C01CA000C5C
:1057D00011F40410F71DF803EF0D05EFF8F0F4F3E2
:1057E000EAF322F80FDA070709F9FDF3070CFA11BB
:1057F000FDF8FBE11904FBE7EB0020040DC40604EF
:10580000FB000A0AF50B0909F10003EF1CFE0AF37D
:10581000EEF81515F1DC100201000F0604D703EABB
:10582000F60B0BE20F0DE324F6D104090E19FFFC71
:1058300002FDFEFCFBEFFBFE07F9F709ECF5071094
:10584000F2E812051F2AFBFEFCF3FBDF03FAEF056B
:10585000E701FEEF060E1323001CFC0D1137050CAB
:10586000070901D6FCD01101EBFB04200FFAF30865
:1058700009F408121F030DFE06F50BEA0BD2FDE139
:105880000903F013F9EE0D41F21B0526F70C030B8B
:10589000FCF5F500030AFFDBECFEF809F4FA16D17B
:1058A000F7DDD00FF511E60307F104E7FF1BFBEA74
:1058B000EC01F129180C11FCEBF5F51B150DEBFFB4
:1058C000EA040DFC0602FDF3FB18FD2C06FEFFFBAF
:1058D0000A0EF7021309000C01F901ED041404EAA1
:1058E00006F4FD0BF7ED2115F2FA031ED1F50308BE
:1058F00007FAF510020500F700010408020108E0AC
:10590000F7FDEB07D7DBF7031213FF1FFA0AFD05BC
:10591000E702F9E0170601F9FD0CFD0004F6ECF8CA
:10592000EFFDF614F60B02FFF80801FD0AF102F193
:105930001836EE0A211111FEFDFBFEFEF9ECF3070D
:105940000A05F103FF030603053417E43012F6F7E6
:10595000FEFE04F7FC0BF808FDFBFBE20C11F90658
:10596000FCF700091BEDF9FEF9E903F2F41DF7FE5F
:105970000DFCF9020DFA1B0104110F1503DC0B0BD2
:1059800000FDFD010AFDF7EFF1F4F9F50808F30E4B
:105990000906020CF607FA0C0B00FA1BFFFCF9E8EB
:1059A000F7F8F6FEFAFEE922FCECF318F9F7FFF738
:1059B00008FBFAEA021503FAEB07F2FBFEF90AED1F
:1059C000FDDEFD1BF707EF02FCFD02FA0512FB00EE
:1059D000ED0400FB09010414F1D5EE1C16E50406E4
:1059E00004F2FA07FFE000ECFB0502F8101314F3D1
:1059F00003FBFFE6FC0F150100FB071101DBFAE7D3
:105A00000702F3DEF905163CFA12DF08EBF3F703A1
:105A1000FEF4FBFE0DFEECEDE209FE02100608CAE4
:105A2000F8E0C50323FEEF0909E80CF2F601FDF2E8
:105A3000F2FCF7021408F1F4F9E1E9060CFFFDFBB2
:105A400007F5FDE9FEF609DFF8FAFD0904F107099B
:105A5000E0F6F60B1E00FD070804F8F9F719FA0E38
:105A6000060EF7F0EF020A1BFDF7EC0DFFE506FC52
:105A70000EF50512FD0005F7FB00FEF5070600EC2C
:105A80000200E2FFF202EAFC04FDFA18020CFD0D2E
:105A9000EEFFFA05050AF50128100AE80A10FEFFD4
:105AA000FC07FDF6EE150305E2FC00F112FCE20234
:105AB0002B04350F100907F70200FFFFFA07082330
:105AC0001816EC09FCFFEE0409FF48F3EE1103FE83
:105AD000FB06FE1B0211FDFB0C0304111007F71659
:105AE0000C26F3F6ED0412F5010806FA05E50504A7
:105AF0000102FE000811FA0E071832EEFC15050629
:105B0000F9FE0101021EFC06F710FDF208F91CF176
:105B10000BEE00EE1020FA05FD000A0A0723030B26
:105B2000F403F4F011042CEBF0FDEEF4F5E3F60AC7
:105B30000916F813031110FA1BFD09070F08F6FAEE
:105B40000438F7F4F62906FE00FEFD0901E6FFE63B
:105B50001208070FFC100FFD03180AE4FA040602EE
:105B600003FC0202000EF9F8FEFBFAF808F90AFA43
:105B70000822FB0EFC24FA0202060615090DFFF1AD
:105B8000FAFEF2070201FACEE80A0205EFE4070185
:105B90000205FE2A06FE0CF40AFD151BFDFFFFEEB2
:105BA000FF29E5EDEFF4000802FA060103FD00F815
:105BB00001FB101D111608090013EA05E10BFD0990
:105BC000FD06F9E80BEB020B090005F712F00207DE
:105BD0001D190003FF05FB08FFFD0519FA03FE145C
:105BE0001DFBFF0603F6FDF3102111D9E5F40E0BA2
:105BF0000AFEFB10020A10EA0FFC07FDF0F814F190
:105C0000ECF8D3F8DFEF0701F5F6FE100DED04F325
:105C10000801F711FB1401E1F8FAB420E7F9FAFBE7
:105C2000FC02F90102DC1AE21AFEFE01F6050A0D79
:105C3000F6DFFEF4FFFDEF010109F9FAEE02FDF2D5
:105C40000AF50F0DFF0F07FC04F6FEEBE8E301F188
:105C5000FFFEF9FAF72BFA06EDF509F6FEF7FEFA64
:105C6000EEC619F7D4E7F8F5F7FFF800F0FCFFDE11
:105C70002006080EFDF3FAEAE7D3E4F8DBEAF8FAC7
:105C8000F50AFE1EF7D8050DF1001303FAFAFDF927
:105C9000F023ECFC00D7E4F2FDFCFD0706DBF8F88E
:105CA000EDF503EF190D0BE3FCECF3D115EDFE0060
:105CB00006FF13EC07E7F60F07FB03FBF001F60402
:105CC000F2F923100ABE16F705F6F2D8EDE7FCFD4F
:105CD000FDF9F9F1F9F9F81008EF19131EDF13FFB8
:105CE000F8FA0BDCFFDD1903EEF700F0FCF919E61A
:105CF000FDBD141010DB0E03F602010606FCFAFBD4
:105D000003F50DFF09F608F3F2E70F1D04290A0752
:105D1000FD0000E0050DF90FF40001FDDC02FB1CA5
:105D200007C6E8FA2816F8000301F8C8080AFBFFBE
:105D3000FEFDFC080CE3F917EBF7F618290AFEF54F
:105D4000FE01F9C6141204EFF702ECFEFE010F1972
:105D5000FD040A114F18FBF40DF70AF0FE37070592
:105D6000090302F1ECFD0DFEDADF0513DCFA010494
:105D700002FE030EFD19F1140209F21BE8FC19CD15
:105D8000F5EEDA0712E6E5070302FFF900F1FCEA97
:105D9000F801F8FD0803EAEF021BFD0528FB00F0FF
:105DA000F6050907FA06F7E00204FEF613EAF31A0D
:105DB000FF2607DF33192AF4F10D0900FD03F4FB78
:105DC000071EEA12FA00D827F22A13C30CFCF5F7D3
:105DD000030A07FFF61CFCF2F7FEFEFF0AFF0707A7
:105DE000F0090201ED0F0908060800FD001E02FB84
:105DF00001F2FEF2FC03F7FEEA0AEA001E030108C4
:105E0000FC0BFAF5F8F308F809F9F60701F8E2EAED
:105E1000EF0BE10605FB0509FD04F31000E2FFFBB3
:105E2000FC07F7FD0302F8190004F8FE101BFD073C
:105E3000FAF9F4FDFA0906FEFCF4F8040F03FBF886
:105E4000FA09E7F70018FC0CFCF9F4ECFF0710F86E
:105E500013FA080A08FEFAFAF6F4EA060CFF04023E
:105E6000040603F704F806060805FE0DEC0DFAF02B
:105E700001F605EF01100CEF01FFFF10010BFA0C0A
:105E80000D0E02FAF3020117050EF4FE02F6F9FCFC
:105E900001FC05FDF82603EBFD01FCFCFC0A1AE5FC
:105EA000FBF9A9031817F60E03FFFCF6060A070410
:105EB000FA1605E90D0DFDECF8F1EFFE0819F400F6
:105EC0000106FD0C00070704FC0501F1F4F9F514C7
:105ED0000D05180A05F90C02FA05FA00FB06030B7A
:105EE000090007000C1703FBEDF60AF808F508088F
:105EF0000000010DFC1303EBF105FDEB1B0B12D3AE
:105F0000FF0DCDF733E809F9F709FCF9FEE00C0CB9
:105F10000AFDF8F80005F3E603FC1AE0100012F49D
:105F200000050ADA00F10310FBFBFC040102E90D95
:105F30001DF12CD2040312040502FFEE01F304FF4D
:105F4000FBFF03F2FA07021104F3231619F5FD070C
:105F5000FC0510F40917FA03FDFEFFEE0C09F00B27
:105F6000FCEBE90BFCECFBFDF9F4FBD20923F2E7B7
:105F7000E0F308EB0501190BF6EBEC271DDF03FD41
:105F80000DFB0BEDFC15FEE8FBFBF9FFFC11F2022B
:105F9000E811F017FB00010A0DFA0618FB02FAE5FA
:105FA000080101F50602E71D0100F60EFBD301F919
:105FB000F9FD01E6F91EFEF3E402FDF3100107F519
:105FC00004DCD3131822E601F7F201D5002BE9F423
:105FD000EDF9EFFF15FD08FFF9CEF91B161B0A00BE
:105FE00008010B01F5EA04F2F600F204F70401E9F6
:105FF000E6090B07F6FA23080108FF2608E3F8ED87
:1060000006F301F1020FF712F82AE2E600E7090BA6
:1060100005F70008F00CEDDEECF4FCE3270A0FDED8
:1060200002FABC0EFE02F90402F4F6FC08F104EFD9
:10603000030DFDF1FFFA02EF02E1FE091B050A075D
:10604000FF0A06E4F90303FC0C0A01FFEE03070C48
:10605000E1110EF1070B06FD020202FFF811F7FF36
:1060600008FC040BFD03110708E1D3E9F6EF080370
:106070000D00072101E9F50101FA02EA110DFCE327
:106080000609FF07DFF4F605F7040D0107F8FC2009
:106090000F01FBFBFEFBFDFD10050AF2130AFEF5E6
:1060A000F909FFE0F70B02F8F811FCF8FCFF02FB1E
:1060B00006FD12F311FF04FF0DFAFDEA031CFA00BE
:1060C000F70002F5FC02F9FD08EA0C07EE07FD00F7
:1060D00005FCFFEE00170209F8FA0AFDF7040114A7
:1060E000F1EB0410F635F6FBFB090CF7FFF403188F
:1060F000030C090CE6EED30AEEF71B060C4AF4F685
:106100000409FD0A04ED13FD140C0924E4EED5FE88
:10611000F93011EAE9E80A06F4FB0720FFD80CED94
:106120000BF50A19EDF4090A2016CDEFF903FAF37D
:10613000FB02FFEEFE0401EBF910F918FCF8130561
:10614000F2F6E605EF16EF020110FEF000FA0EDCA3
:1061500010FE0514FC08E008E0101A011AD7090126
:106160000409F415FE0C0306FF0A09FFF91115FADC
:10617000FBE31CF5FCEE0F0100FC010F010CFF0B13
:1061800009F70CE101012EE721D9EB01FEFCF81122
:10619000FDFF02FE07F9F1FD100200FAFEFA04F21B
:1061A000FC05E70E0807F6F3F001FCF906FFFF1700
:1061B000F807FFFCFA02F2FC16E315FAF9EE13FDFC
:1061C00003F501E8F71FE6F9E60902FDFDFDEDFC28
:1061D000F2DBF60114FF0006070200FD061B02F5C4
:1061E000E80AFBF5140F1FF6DDD3EF20E0F5FF09F9
:1061F0000A05F705F713FD08FC0406FFFEFE03E59C
:1062000001FA01F8DE01F9F1F00101E6F9F4060006
:10621000F106FF02FAF5FE000E0E07EF0606EB0888
:10622000F603FEF0F90DF60AF0FCFC0115F8E1FEAC
:10623000FDF6120C080CFFFCFCFA0902FDF906F849
:10624000F903F9F103FFF7FAFBEA051613EBE91579
:10625000000406FBFBE402190A0E010AF402FBE447
:106260000A042BFE1530F50704F6FBF318FB001D9E
:1062700031020814ECE6E9F50EFAF6FB20091902E2
:10628000FE01F8FD0100000312EBFFFFEAF0DB0660
:10629000FE100BEEFD03F9FE08FE02F6FCEEF51C07
:1062A000F3FEFFFCF4F9F900E9032EFCFB05F7020D
:1062B000F9ECEE0EFC11F5FAF50B01FFE9EB01CB61
:1062C000F6CF080D150DE4F80213FD15FC14F30FBD
:1062D000F0EE080F00F916E3CFDAD21D0731F8FB14
:1062E0000303FF02F91AEF07FC1101010212EAF79A
:1062F000FE06EE02F111FFF60CF209EEFDFC0C18A1
:10630000E8FB0611EAF114F91FFB13F9F3DC03F5BE
:106310000605FDE207DA0610EE1209FAF1F206F8B8
:10632000FCE81AFD0EF000FCFF0E01FF0015FD1544
:10633000E5F3F9F7F1FAD1D10A1914E900EC1306E3
:106340000C0CFE2B0BE3F4FB07F8F711FDFD05E544
:10635000FA19010CCFE71C0205F6F8F80CE1F7E397
:106360000702FD1401F6F706F502E7F8440EDD0218
:10637000F1060EC209D90D0316FD040602E5F53F2C
:10638000FFF753FE341F0B01090601EDF3E4FFE6AE
:106390001EFE17FBE7E9EA3FF0232EF417141DEF6A
:1063A0000BF305CE071B0011FDFD1F05F701F5FCE2
:1063B00017F9EB0EDDECFD09FFF408FD0D15F319DF
:1063C00004F90AE8FEF916F305CFCE053F030CF6F3
:1063D000F5FA07ECF9C81AFE09FA09F10C02F11DE9
:1063E00022103FE917F80C0605060C1AFBE7FF051B
:1063F000E7EE06E6FEF5E921FFF221EAF9D601070C
:10640000030303F701FFEC01F802FCF105FAF5FFC5
:106410000EBFECFCFDD7F7EB1304FC00FD06060AEB
:10642000F0F7FD01F7F01003220BE110F51105075D
:10643000FBE9F80D09EAF024FD010209FAEF0EF17B
:10644000FFD1FA01144AEF0700060AFFF22C0123DC
:10645000FF030C0FFAFFFE00F30DE308EC48EEEC2F
:10646000FB06F71B07080FF6200BFB0C13FBEDF0E8
:10647000F32B100EF22001F2FB14FDE9F6E7F719F9
:10648000FE0EF11302EEDD03CC0B35F9FF06F0F141
:10649000FD03F9E601E8FD15F402F20EFEECE53F1E
:1064A00012FD2F1C23ED01F9F1FD030D02CEFBF3CC
:1064B000FDF00EF9F8FAF81EF5EA06F4E9D805FE43
:1064C000F5170B0BFFCA03F414E40E02EAEA02EC20
:1064D000071925EFC2F5F813030311F30FFA0001B2
:1064E00003FC0603F1FD09121203E6DD0603FCEBD3
:1064F000FF05FDFB04F10FF7F9F50F19E9EDF122A6
:10650000EFC7160619FBFB03F8FCF7F1FE000FFAC4
:106510001D0B0714F6F9D30C1FEAE60006FCF8FA87
:10652000FC00EFED0729FE13EE01011AE807042530
:10653000FAF5EFFC16DB030107E001E4F909FDF8C9
:10654000F6FC03F8E6F8F5F1EFC6E1F80EF905F709
:1065500006FAEFE3071CF3E7DF0EFEE7F800FF1192
:10656000E9E40D03F010FC020707000605E90D043D
:10657000F90410FAF0FE0A1AFCF0DFFCC8CF0A1189
:10658000FC02FF2406E60606F6F10DF8EC0F12FDFC
:10659000130807EED1D1E605FDF9F832010AF9E753
:1065A000FEE9FDFEFF0B21F127E4AEDE0C1D06091E
:1065B000FE08F1D30205F1E40206FCF6FFFEF90D38
:1065C000F8F5F7121DE709FBF401F8F2030C04EEED
:1065D00003F7F606FCFEDEEAFF0E09EF04B225051E
:1065E000FD02FFF207F512F5F0FBFED8F20C26F1E2
:1065F00009CA07FBFEBA010112E90223031FFF01CA
:10660000F6F8FEDB1C1625EC19E4DAF4F2100201B0
:10661000F60E0200000F0A0700FAFD05F101071748
:10662000F3FAF5F8270DFF0BFF08FFDAFBFDF6067E
:10663000030AFB1005F7DBF0101134EA180125FE00
:1066400009F0F9F202190C0DF3F9F9E8F50102EC81
:10665000F104FD012403F9F803DFF6FCFC17F61141
:10666000E6F1F4D808FA0CD5FCDEF4F619F8F608D1
:10667000030C081EFF0DF212F2FA08FD000800EBF1
:1066800010110909E70B040BFD09FFE501EE0011EC
:10669000E80EF8FE09F8DB23200F30ED0F260BFC87
:1066A0000808FAEB0D1D07EEF6F900FEF7FAF80AF6
:1066B0000426E1F6070FF1070B0D021DFDF20A118A
:1066C0001105FA060E06E80DFC1CF5D82315FFFF90
:1066D000F9FD0ADAFC23F50AEF0AFFE7E9F0FB13FC
:1066E000DCD9D61E4956E4F1FF0801EBFE0CFC167E
:1066F0000518FCFDDBF9CFF8E7FBEB053E1B0501B8
:10670000F60906F5FE06061213F51417F4F9D11072
:10671000EFF0E2F8F6C908EAFB0107F9FEDF00FB3B
:10672000F6ECF0F7EEEDDB1B10F7EEF3EBDEFF0B14
:10673000FFFAFFFCF7F003EC1C06F6FFF5F1E9D2D7
:10674000DE0FE201F5C7E0F7F71500EF09F40910D5
:106750000F020001FE04D3E8D3102EEE06F002056E
:10676000F4FFFB19F30D0021F4080C04F7F500D633
:106770001DE00FE3F8D6FA0E07020114FCE5FDE177
:10678000FFE511DDFFF22EF526D7D90AECE9FAFF75
:10679000F60A0800FBD60BF9060002EB1AF1F3E645
:1067A00008230AE7EFF0FAF9FCFFFEE005EBFD0134
:1067B000F50D0FE3EF0AE5F41AD536CDE40A11FC26
:1067C00002F70329FD0DF704E1FDF0F7F1F8F0F20F
:1067D000F5E4F5E706F9FE01FFEBF400F700EFD270
:1067E000DDF9F5E4170F1CE1FFD5F94202EDF1FCEC
:1067F00004F0FBFCF6031912230902FF1105F8FF50
:10680000F6EB32FC0603ED04080001F8F6F202F3A1
:1068100009EC05F9EFFBE427EB0A25E505F4160280
:10682000FAFB0AEBFA08FBF7F3FFF6060D1217E77F
:10683000F1EFC90D0109F1F5FBE70E3D02F2FEE6AD
:1068400002FFFEE815EE19E9E803E008F8E3FFF9B6
:10685000FAF4FB1401F4F9F70F1302070002FCE24B
:106860000A0203E500040507000C040C02FC0B11EE
:10687000F7F403EEFA0304EDFFF2FCFA2CECFDFE54
:10688000020301D1FC0C02F8FAEFFDFA07F9EFE080
:10689000DFCBFC0D110F22EC030404D80617041003
:1068A000FB0DF706FBE7EC07F4FC1305DE010EF623
:1068B000040907130CEAF610EF0511EEFBF506FDCF
:1068C00011F317F90504EAFCF902030EF815F512A5
:1068D000050605FE0DEF15EA11EEE3040030F2FAAD
:1068E000FE0B05F40B28FA110A0EF025F405C6FA82
:1068F000EB2AF51D1D350B14FC15FDE303F60328EB
:106900000F09F23EE8F5BD0FE31F20E314F6030084
:10691000FF02FEEC09E304FC01EFF8F3060B1C2A6E
:10692000121303F0F0050C060F130B10F201F8F62A
:106930000903F8E7F7FC1023F7FCF5F7EB0DEB0A7A
:10694000FE0F04180BCE10F533FF0313E702F1F529
:106950000627FA00DFF5030F0504F1F8FDEE0B0042
:10696000FBF00719EF120706240BC0DF1B1FFFF017
:1069700003FCF60906ECFBE701F10D060501E91041
:10698000F7FBFC013B040E08F21205020905001793
:106990001FF405E9FFEAD60BFFFD00F00EED0FF442
:1069A000090BFDE902240041F00111F5DF090D1288
:1069B0002DD91BD416E209FAFAF0F9F9F61BFEFDFF
:1069C000EDF8FCD9F30402F810BCE61AFBDF12FE66
:1069D000F30406F3FFF1F9F0F003F8E80AFB110401
:1069E000F501D61705F90204FC03FEFA072403F8A3
:1069F000020101E9080400FDF8F4FF01FD0DFD01AD
:106A0000011504F80F15FC0807FEF6EF090BF2EE6E
:106A1000F2F6F9FA18D91A0204F9F0F7000D050197
:106A2000FD08FE10F0ED03E9F9FD0C14EA111C035A
:106A300003FDF90E060A0BEC060EEB0606F7FFFF48
:106A400008FFE30EF521F6FFFCFDF90CFFF006F957
:106A50001308F2060B0905FAFAF9EEEF0504010135
:106A6000FD03F8EBEEFD07F5FA0A02010A1600F540
:106A70000EFFFDFAF803FE0BFE05F2F3EB16EBFF3B
:106A80000F0207F701FC0FFAF2FC060D00F212FAF2
:106A900001F108F801FF05F60B040C00FCFA21FED9
:106AA000FA02F309F7FCF1FC11050E13FD0202FCDA
:106AB000F902F4F8F001FFF4F9F4E8F1D8FCF01071
:106AC000FC0202090705020CF4FAF6EC0307FD00CC
:106AD00007FFEB02F7ECFC0E0700FF10FEFF0B05B3
:106AE000FA07F1FBFBFC0503FC09EA14DF170DFBB9
:106AF000FD0305EAF0F306F0EB0800F0F4F7FFEF12
:106B0000FBF9EE04E7010205FBFC080BFD0A0EF0A1
:106B1000F3F205E30208FFE3F20CE601F4050100DD
:106B2000F005080B0ADC0003F1FBFEF1061906FA7A
:106B30001303FA07F2FD0404000701FA01ED09FF4F
:106B4000FAFA0EFDFD1118F916F5ECFBD808FBFC5E
:106B50000AFCFBFA022BFE000705FB09E80724F1FB
:106B6000DFEEE910F321FF0E01FEFB06FB0502F349
:106B70000312F607FC0323E9D7F3DE101D200A06F3
:106B8000010B070309E90EE6FD0D070AF3111003D7
:106B900011DAEEE7E8C71005FFFBFB07F3010DF381
:106BA00002000303FC14050901ECE6CC0ACB03F850
:106BB0000A07F1FDF7FFFFF6000905F809050723AD
:106BC000EE24E708DCCB00EBFF0E040402E80C0126
:106BD00021F5FEF8F1F2D3F2143019F6FE060D0697
:106BE000030503FAFDF9050AFE0206E4E40C18F0B9
:106BF00011E2E4EF1622F306F302FCF2F51BFE0F9E
:106C0000FB0607E52AFC38EC2BDE02F20316F1083E
:106C10000708FAFBF422180B15F903F4F3FDF70F3C
:106C2000EDF6E8FD1CFF04FB040B00DC05190A0A65
:106C3000FB06FBF6F7FE0D09170603031BF4F70529
:106C4000F5F9FFFE031AF70ED6F603F9EAFEEEF9A0
:106C50000906F2EB23F5F100FD03FE08F8F40FF747
:106C6000EB06F4EA1FF706BCEE13363109FAFB0314
:106C7000F903020BFC2C051A0302FF050B1702E7B0
:106C80000300E80B01F10B0EFD030AF609120A08D6
:106C9000F9FFF9F0F7000FE9E60A1BF302F0070627
:106CA0000CFD05FC03D1F8FEFD05FDF517090CEB05
:106CB000072DF2F217141406FA01FC3E0BE602054A
:106CC0001811060DFDF5FC1D014B16DAE2D8FAFC91
:106CD000FFF6F7FE030201F6F8F504E3FCFC0CF501
:106CE000E9FF0001FBF8F206F4F8FE1504F8F70DD1
:106CF00002F7F9E0220305E9FF05050E00C7EB0ED8
:106D000004FBFFFAFF0B01F1E60101DC1B13060394
:106D10000ED9F91B07DC0B0105F3FEF006F6FAF8B5
:106D2000F103FEE91301F00DE9E60815FA030FF08F
:106D3000F1F906F002EDFBF6F6F5FDF9EE040DD9DA
:106D400000E3110AFB0505FB0CFC0AF9FF19F4ED41
:106D5000F104FEF7FBFE12FDEFD5F31E0D4C02050C
:106D600000F702E10B04F70B01F9FCFA14FDEBF755
:106D700007EBE8041318F9FF0EF1FEDDFEF0F5E66F
:106D8000FC07F6FCF6F11133F20DE628F50600F9E2
:106D900003F104F903FCEDFCF7FCF5FBF6F611FC3E
:106DA000FBE6E10BEF12FE03FEFBFB07083100FCE4
:106DB000EA04FB02F80F1E0B09E8E0FE0E00F302E6
:106DC000EEFEFDF103E8EF05F70CF00F05FF04F010
:106DD000F9F3100211FE13F6F0F500FFE81104FBC1
:106DE0000509FB0BF2F50D0EF9ED1BFEFBFCFC0B90
:106DF000FE02FBE9FD0BF500FCF9FF04FA0408F1C3
:106E000008FAEEFBF7F30106FBFA081A0217F8116D
:106E1000E708F7F812FD0AFE050810FAFC11EEF675
:106E2000FC0D050EF4F8F614F704F9F60CF703F56B
:106E3000072B3421100F02FF0109F4F3FCF3F3FADE
:106E4000FE04F8FBFB0BF807100D24E916FEFE020A
:106E500003F400F105E107F50303F7F903FCFF0074
:106E600004F1DF0AEEE40E0111F5F80B020EFCE866
:106E7000FD03061204FE0B0CF6FCC50DEAFC040330
:106E8000070C0F0C000CF7F70604F805FB0CF630A6
:106E900003FFF10D073FEA05F9FF0807FAFCFB14B1
:106EA0000504F21BFFFCFE0EF81826F80320080C60
:106EB000030401EDFBFD1BFE0808FCF80907060FA3
:106EC000FAE8E6060B1811FB03F5FDF3081A02EACF
:106ED000F707F1F2F9060F1EEFEEDE0701EF01FBF7
:106EE0000CFE040707FE050602F2F3FD0C1B11E77A
:106EF000F00524F6EDF7F6FD01F9FD1EF706060193
:106F0000FAF80117F80E0D0CE9FC151009040CFA3B
:106F100003FA03EC03F7FF01FC06FAFE051610ED79
:106F200000E7DD180BF50B02F5010E0507190B063E
:106F3000F4FD07FAF412F3F4F8E6F10405ECF803B3
:106F400002F502E7F7080CEAF90405F001FEFDEB93
:106F50000DDA1909F7ECFEF80A0E04FC0317EF042A
:106F6000F0FD06F6FC0911F5F5EAE91CFC020DF747
:106F7000E8080113FCFEF901EB01F912171416F5EC
:106F8000050FF7FE1200FE0406FAFE03F1090206E1
:106F9000FFFFF7EC0B0107FA2FF016F5FD090AF9D0
:106FA000FEFC0FEB001401F8FDFFF5DF0807F7FC0E
:106FB0003CD3200BF4EDF7FD0AF908F9FAF9EEF2EB
:106FC000FBF8FDE7F2F116F4FCE0EC1DD7DB01FB6A
:106FD00009F1F50CFE0A05F5FE0DF209F50A14F2A9
:106FE000F506C7F8FF09FC0FF90AFCF704F90EEFE4
:106FF000FE0BFD000205FE110407EB011C4003F827
:10700000030D02CC021A09F6F50802FB0A00E6FE9F
:10701000CFFB0F0C0F1707FC060E06F0FF00071E34
:107020000CFDFE08FFF0D5E0D81055EFFDCC0204B2
:1070300005FC0318F7F70A05FBF303F1F8FD01045B
:10704000FE20EFF3F413FAF80207F60001F612FF40
:107050001F0203F50009F511060CEAEFFE1102000C
:10706000F510FFEBFFED080D17FFF232F3FBF11AFD
:1070700003060CE50C3106F5001003EEFAF8F80AE9
:1070800014060C36F004E1ECE60738FC03FDFBEFD8
:107090000D020705EF0DFCEE05F70601F5FF15F9EA
:1070A00002F5F9F8D609F700F306F9F90605051017
:1070B000F20B03F1FA06E5EDF4FAD5E8EC0FECFF7C
:1070C000F703080DF7EF0B0D16030CFB0301050486
:1070D000060600030EE8FF0503FB030C03D808F4C3
:1070E000FBFD04F600FAFB080A02F3E81A0AFF01A6
:1070F000FAF4FC0D0207FEF30FFD03F8FAF5FFF3B7
:10710000FA0DE5F72BE8FB04FD1A080AFDFA100357
:1071100005F801E60D03DBEDF7FBFDF40AFB0EF3CA
:10712000FE00FCEC06F8080BFFFF0505EB0104FA76
:1071300038E8ECF009F6F9FF0AFE0AF6FBF202F96C
:10714000F4F112FB01FE240012F7D1FF0DF0FF0352
:10715000070D020CFEFFF3F6F3FE0B08EEFA04E84F
:10716000FFF107F901DE0D030007051701F2F9F23F
:10717000FFEDF8FA0A00F4FD07F3F3EDC6D2FB0BBE
:10718000FDFC07F5FFEEF8F601F6FAE90AFA271119
:10719000FEE304F5FFFC06F90600FB00021F0C18D5
:1071A000F70BF7FD0AFA09F7F3FC02FB0D0A0905D4
:1071B00012FA09FEFC04FEF7F40207F1F8041021AC
:1071C0000605F20207171503FFFEF709FEF9F80F8F
:1071D00006FB03F906FAE40E1F08F4ECF5F80205C5
:1071E00002FF03F7F8F8FB090EEC00F6F9EA031AC0
:1071F000F905F6EF0DFFF1FF0604FDECFA0703ECCD
:10720000F20202180505F9F0E8F335F80B0905FC60
:107210000802F90301010307FBFB000B000D01024B
:107220000C000DF60E08FA0EFD0F060BF6EF000629
:1072300010F5FB0B01EBEAE707271402F70108FD45
:107240001006F5F007F3FBFCF201F60105F8EBEB95
:10725000F4140401E50800FBFD0601F1FBE4020F54
:1072600000F2FCF6F606F7FA051C01ED0906F90D29
:107270000910041106ECF6FF0DF9FF0EF9EF020BF1
:10728000FDFE30F700160003FE0402FAFA0C08FBBC
:10729000150108FF09FFF6000DE61C0DF5030A03B2
:1072A000FDF906E3FB0AF30709F70617F4EF0AF204
:1072B000FEFEE811FF10F404FFFF05F4F8F4F8FAFD
:1072C00000F6F30EF004FCF5D714FD02170B170AB5
:1072D0000B0202F1F7F7FFEBF5F7FDFA241001229C
:1072E00007F60E00D7FB13F603FBFA15FD0D00178A
:1072F000FBFFFFFA0601FC14F806FFE6E6BD0E02EE
:10730000EEFC011506FE0100E2F203041B131BFB59
:1073100016DC0301F3E3F40505FC050D020800F398
:10732000050D0209070722E8E2FBF3EE29420104FA
:1073300007FEFF04F8F2FA1F040EF21600040B1108
:1073400009120EFA22F518FF10FEF612FDF1FB00ED
:10735000EBF50408F5FB1E15FB0C0FF2EB260FFCFA
:1073600001FFFAE5FC0205F2E80108FF0D000A1032
:1073700013DE09FE101800F6F9FC01F20A150810D8
:107380000802021E0400E10AE306040F0119FD0DC4
:10739000FFF7FBFAF703E9E1FD070510F4F7152401
:1073A00007DC03161416FEF608FAFCF6FC33F904A3
:1073B00001F8FC08F603F0FF00F6DF1B1EF7F4FFF0
:1073C00009F9F8F3FF01FE04F600F2010800F4FCED
:1073D000FEFCF7150FF60205F80B11FB0307F3018E
:1073E000000B020101F302F2F90E34E7E906FD0594
:1073F000FF0605FBFF32F601F606FE02F30B2FEC4B
:10740000F202D004F4E3F20202FFFAFF08F405F2FC
:10741000E8FDF7EA050BEAE8F7E5F7FEF70204F600
:107420000A1A05F804E4FE04100300F3F1F4010560
:10743000052206F51B0901FD011007F6F70202F20D
:107440000F06091CF9FB010D0B3727F713FA03FC94
:1074500003FD060201F9051208FF09FDF7000BEE16
:1074600000E81E01E3FAE708F2EBF81DFC1BF5F754
:107470000811FB06FF00DA16031C2AEEC7E0F2F53E
:10748000F600F007FCCEFEF805030E030C0FDD0C32
:107490001514F5F5E9BADDFD040A011E0BEE05EB46
:1074A000E4F4FCF70001D8FAED0AEE06040DFFF053
:1074B000FC0904D503140420F000EEE6F3F2F9F819
:1074C000FDB527122DFE0003ECF109180AF3FC05A7
:1074D000F202F2F212F7E112FBF30A1B11ED1BF0BC
:1074E0000FF7F40501D6FEE41AFAF7F4FEFDF1E514
:1074F000F6E927DEDDA311F9FCF9F61B0DD0000833
:10750000FF020C060405141CF2FF18D607FD100438
:10751000010006C204BEF3F1E80A0A0B0400E619F2
:10752000FFEE05EFE616180B020405FA02E70B1D45
:107530000BEE0D1FE6E7F011F8FF01FD14F718F44C
:10754000FF0F02ED0CE6F7E2F3140610161B060817
:10755000F811E8FFF2FB02F5FB00FBF4F914FE0260
:10756000050B00DCE6F90D23F3F8FD08FE14F2E844
:10757000F70900080BDEFE1E0409F814FE01D72BE4
:10758000221B05EE0124F3FB07F301E0F507F80CDD
:10759000F50C09150109F9363DF426FCFD0D09F538
:1075A000FC0EFFEFF3FF060AFF050AF70BECEB0FEB
:1075B0004C3323F5012403FDFC01FCFFFF08041EEE
:1075C0000C04F4FAFAF40517323A1BCCDBFCFE0289
:1075D000FC09FAEEFD1F090CF7070303F5081A086A
:1075E00000F4FE12042EF6FFF60F0B00FB08FDF967
:1075F000F4110D1CE7FEECF2EFFCF6FA1709FBFDA7
:10760000F11308F002F90B060703F907F100F90876
:10761000FA09FDF7F3E80B0B0102021405F0FBF782
:1076200000FC0603F601F116F30CF9F4EBD102FFAE
:1076300007FE090803FEFCF50509060807FCFEE83D
:10764000EE0CF2040AB0020BFB0AFF0A01EB07E79B
:1076500018FDFF040FFCE5EAEC2AFFED0EE411062D
:10766000060AFB0500160B11FC030AFAEB080303DC
:1076700014E3FAF30C1DFDFE01F4FA0F0709FE0DE9
:1076800005F509FF0205090024EBFDE70AFDF801F5
:107690000305F71004E0031422050CE70BF7E807D5
:1076A000062CFAFFE10B0405F8050707FB03020FA0
:1076B0002100FB02F702FDEF131C01EEEA13FD06A9
:1076C000F9F7FB000017F813F6F70200EC02F9F3E4
:1076D00012EA09F708F9F9F6F401FF06F6FB0C00C7
:1076E000F8F2FC08060000DAFBE90127F30FFCFDC5
:1076F00001F807F4041E0DEE03F913F9F10CEB0584
:10770000F8EAFEF5D8FD0AEFFDF503E6FB0702F9FE
:1077100004FE0F0BEB0A14FDE3F1E500EC02F010A0
:10772000F807FD1AFFFDFF0101FB0302040300ED52
:10773000E2D6F1F6E0F8E6FD02FB0B110208FBEDE4
:10774000FC04FBF20C020EEACD01FA1912FAFFFE5C
:1077500000FE02FE00FCFE02FEFAFFFA04FE030336
:10776000FDFF02FFFDFDFB04FE0102FB00FFFF0227
:107770000100FE0604FF02FBFAFFFE04F4FE01FC1A
:1077800002030502FFF7FC0105FF02050103FF00EC
:10779000FE01FE00FAFF03FF01040002FD0000FDF0
:1077A0000408FA0200FCF803FCFDFFFBF9F30402F5
:1077B00004FBFEFE0001FE01FF0401040301FCFEC8
:1077C000FFFE010108F4F4FFFDFCFE00FDFE0100D8
:1077D00001FEFE02FFFEFCFE01FBFEFC03FAFE04BE
:1077E000FFF7FFFFFEFCFE0301030302FEFEFC00A9
:1077F000FCFF04FF0007FF04FC0401F900FD010386
:10780000FA0202FF04F902FD02FCFE000800FBFF81
:10781000FF0006FCFFFCFD0100FB01FAFD01FC037B
:10782000FFFFFA01F0FDFD0004FFFCFDFDFD03FA82
:10783000FD03F7FC0003030000020400F600000053
:1078400001FDFCFD040302FF01FCFC05FD00FF003F
:10785000FBF8FCFE04030403F902FF02FD02030629
:10786000FE010306F700FEFFFAFB03FBF809FC002C
:10787000FF02FF0101FFF9FE020200FAFAFDFE031A
:1078800003FEFB0003000202FBFD0105040300FFF1
:10789000000106FF00FD05FE00FF0301F804FFFAEA
:1078A000FE04FCFE00FD0001FEFC0203FBFCFF05E4
:1078B000FE04FFFA03FEFBFC05000300FC00F701D9
:1078C000020302FAFE0000FFFEFFFAFFCD02F5FF01
:1078D000FC080C14FCF211FD1504F315F408F6E98C
:1078E0000E1A0DE7E8E4EF0B0802080401F1FA11A3
:1078F0001EFF1011F906F217FB262BFE1D350C1189
:10790000F906FA0AF1EF01E703E4FDF903FEF4FCDE
:107910000426FCED0003FDFA07000AFB080AEEED61
:10792000FBFB00EF0D100E0B0AF6E5FD06B90DEBA3
:10793000F2F6000303050001EFFB1DFAF20B1C0930
:10794000FCFA17F6F8F20DFA04F404FA09FFFEFE49
:10795000F8000811000C121207D5E201EFE6FF054E
:1079600008F60113F60EFBDD06FA1313F6F50F0702
:1079700000EEF926ED0A0D0DF404FCF1FEFD00F118
:10798000000E040F070CDE11060AFBF40E02F30BC7
:1079900007F905F60F11F805F0F5FC060606F803E1
:1079A000E8EE170515FA17FF00070DEFFEF8F7F1DF
:1079B00005F8FCFF0B090816F402CC2F0AFF05F6A8
:1079C000010907E4F1FC11FF080904EA16FDF12A98
:1079D000FCFAF00C1B0FFDFDFDFCF4FFF8FF09FAAB
:1079E00004FA0B02FBEDEEFE1F0413F5C40EFEFCC1
:1079F0000D00EFDD0117FAED0BFC0009F1FB121190
:107A0000F0C9E6F6D807060A0DF310EA0805FEF1FC
:107A10000906F527050C1AD6E5E7C41EEFF9DE02C4
:107A2000F3FA070EF5F500EC18F8F00A05F3FA0F73
:107A3000CFE4F30E14F4EEF402FDF6F2F2F007ECEC
:107A400007F2FB2301FBF0EDDBF4231200BB0E0A6F
:107A5000F302FBFCFACB07E0E50505E505011BF6A3
:107A60000800F705D9C70AF600E7030605EF16D5A3
:107A7000CF0801EA021B330E11E2FCE6BABEFA158A
:107A8000F900F619F8EAFCF7D8000CF1061F160504
:107A90001FD5F9F0F8DBD6FAFDF00E02071506F84F
:107AA000FEF905F316150DDA14D9E3F402F4090909
:107AB0000EF5F8FA01020DF7FBFDFCF9FCF81A3F90
:107AC00011000102FEF20DF2FAFE01F007EA05F6DE
:107AD000F7F4FCF713FCF8204416F6F5F0CB070496
:107AE000F8F7F9EE01F006CEF7ECF8E6F8F0110A37
:107AF00001F1DEF2F1CEFFFCF1FA00F6FD05FEF633
:107B0000E8FE07F001F7FCD50D01DCED1802FB0DD6
:107B1000100BF80C0013FF0FE80F142AF90BF203F7
:107B200008F0EEEF1606EF0BF21112FDFD000FF755
:107B30002EF6F3190C01E7F20D1B0101FD0013F203
:107B40000104F80D12E4090B2004F3F5FCFA0E070A
:107B5000FB2CF2EBDE18E5FF0909080D0E0B0307FD
:107B60001EFC04ED16F7EEE10A3F33D80CF6FEF6E4
:107B7000F10807061204172007FF0504EE09FFF6B7
:107B80000BF62DFE070800FD000317EAFE03F3FDC8
:107B90000AEE09F3FF011407EAEE1F0DD8F3F6FB16
:107BA000FFFCFE0DFFFE06E30CF50213F3F50BF2EE
:107BB000D0FAD21404F6FAF50715FF1700F9080AEF
:107BC00015F71221F70302F2E2190C01FD0B04FF75
:107BD000FBF903F80B2E0308F4FF02F5000E07096A
:107BE000FFE2E30520F1090105FE00E7FF26F801A9
:107BF000EA04FEFC030E0509F8F9F01833FE040050
:107C00000406F6F20003F2EB0000F301000902FCA7
:107C1000FFECE10C04FC0902040A061E020601FF47
:107C2000130903F40B05041F0208FE05F223F003F9
:107C3000FDFF0BF6081604EAFEFD04F2050E09E34B
:107C4000FDE8BD022728F80AECF6F5D5001901E990
:107C50000605FEF7120C09E5F8E3FE050DEC07003A
:107C60000007FBF201050908FB09FCF3ECF0F90140
:107C7000FFFFF5FA0D10150C0404001F0B07FD0A99
:107C800008FE04EA0D1900161106DBDCF5E602FB1E
:107C90000302FF1A050BF7001AFDF2EA1F1BFFC0D3
:107CA000002DD002F60BF1000AFFFE0C03E90D04D3
:107CB0001501F603FB04FAEF000E04E8160FED01C0
:107CC000010D06E2FE1F0419FB0504FAF506F5F5A1
:107CD000F6FF02FD130D08FE0FF6FC0F0A14FA045E
:107CE000FA00F9FBFA0F04F308DAFDF5F2F21209D3
:107CF00003FE031F00F403FFFFFE05D80DFCFDF596
:107D0000021B00F2DF01F2FC06FD06080DFFFE0477
:107D100006F8F70514FCE7F7F9220EDFF20BFF0374
:107D2000FF0611FC05F2FEFBF8FE03070514050231
:107D3000F4F6EAF509070AFB00F8FE0B0312F60C4D
:107D4000FCF709F30906F1F213F6031ED8191CF922
:107D5000FDFE02FDFFF20CEF0505FEFCFBFB11F240
:107D6000F608D0F9ECE70A1001FC040C000AF3E372
:107D70000EFA02FE100D1AF1F7F8DD04F1D7030434
:107D8000F90204DD05F303E7F50200EE13F7010045
:107D9000F1EC11070631F6FFFE0C02F10A1D001F7F
:107DA0001907F61DFE04DFDEF61B43070CE90BF98D
:107DB0000509F2FBFFFB0BFCFDFBFB04160101FDBB
:107DC0000512F300ECFB07000703050C01F70B019C
:107DD00009060FF20AFB14100A0CDBFAE71107047C
:107DE00001070900FFFE090F15F5FB0E0408F20D4F
:107DF000080A07FFF823FD09FC0C09E90609080D2C
:107E000004FD0D22F2FFED01ECF4330D05070AFD30
:107E1000F5FB07F9FF18090011FD02FBF6FE160D30
:107E200002E10813F20D0CFF0BFD0D0BFC1A000212
:107E3000F70D03E6F80500F1F0F3EFF9FFF4F108B0
:107E4000F9FD0209EDF00304F0F707EF180D03F751
:107E5000FFF90318E8F404FBFB0BFEFC00DEFDF267
:107E6000FD070AF4F508F00502FCEC060F0902FE16
:107E7000F70504FEFE01F800FFFA0504FFFF06EB1C
:107E8000F309010223020BFB000BFE0000010605B3
:107E9000040AFEF205FAF1DAF7F30BFB17FE09FB11
:107EA000FD01FA1207FBFB1B05FD0DF2F5FD00F5C8
:107EB0001BFDF515E8FDF002FEF903F4F7DE08F905
:107EC0000DFC09FA04F710F415E8DA000D26F5F8B0
:107ED00002041405F823F6EAFBF9FF16020FF1205D
:107EE000F5E6F91036F00D050202010BF50C15F957
:107EF000FD050A210001DCFCF00AF4FBE8DD0A0FB5
:107F0000F704081A08010EF21F0012FBFBFDFDF436
:107F10000A09DBF303030209F30405F1FCE9F8FBAA
:107F2000F0F804DE110B24EE16FFDCDC0F040C0C61
:107F300009F900F6F01005F40A070CFC120EE00730
:107F4000FD26ED02F60511F90208F8F7F5EF03E951
:107F50000FFE01F3FDEAF2FAF213F402EBEE140F56
:107F600003FD06FA10FE0EFE01F4F0E3F40605F13F
:107F7000FEF0EA03FFF808031006FAF6FD09030F06
:107F8000030801040416FAFA100701FC0701F109BD
:107F9000FFF6051BFA110EE707F40505F7060CF3CB
:107FA000F711E0163304EB08F609FDF3FA1901E7BF
:107FB000110CF40704050E23EC01E70A030CE70C8F
:107FC00002F803F1FB1209051FFAFEF8F4F6F20AB3
:107FD000F704E4150704FB10FD0B010301E00CFAA4
:107FE000020BFDF7FBF807010008FBDFE6EE0807D0
:107FF000010E08060316F3EAFB11FFF003120ED17F
:108000000AEAC60204DDF0F7FB08F71DEE05000DD5
:10801000100303F31007FADF01F9BDFF31FD090F6B
:10802000FA06EA12050201011C0000F42205F1F62D
:10803000F014E8E91600211C030202FDFB1007E71B
:108040000C0EFC07E606E31B133FEBBBF9C90B0D57
:10805000FAFD01F3FEFBFDF7FC0204E5100223E448
:10806000F9E3C2020CBC0AFC0EF100F90213FFE6B0
:10807000FBFFF8EF050421FFF5E5CF09010F08F636
:1080800012FBFFEEFB20F40B0500FBF1170A1B159A
:10809000E0F10F100121F8FD01FDF2F6FF12FC11D5
:1080A0000602F6F80805E003C30A360BEAFC0900ED
:1080B0000AFD02F70CF5FFF9FC0CFFE7F6FA0AECF3
:1080C00005F5DE05240607FAFEFC08110506F6F0A4
:1080D000001602E319FE14FD1516EE1A0608F10645
:1080E00000FF0503F8F006FFF901FAF80904EB02B6
:1080F000FBF900FC14C5F90B02FEFAF00CD7FBEEFD
:10810000FAFAEE060501090DF6FF1608FBEA050569
:108110000102FB11FDF7FEFE030707040A0AF5F74B
:10812000061FF402CBF10307F401FCFD08E8FC058F
:10813000F90DEEE9EFF117000D1229F2E311F6083F
:10814000FEFC0114FAEF03FDF7FCFF0D1002F3FF34
:1081500008F1EAEAE3FAF5F9FCF9FAEEF4EB05E9DD
:10816000FFF8FDEBFF03111519FCEF320DFC0500C4
:10817000FBFE09F7FEF309160BFC03FC0203FF15D7
:1081800002FE0E04F0FD15F908EDFB0DFF0DFDFAE2
:10819000FBF9090203091B29010A17FBF701F8047F
:1081A000FF03FD1F0AFB00F9F505050D0FFD0CFA95
:1081B000FC09F218E5E904070400F409FEE0FB05F8
:1081C000EBFB02F807010BFD0208F8E4012C05FFA8
:1081D00002FBF3EAF605FA070CF70008000F100C93
:1081E000FB03EB14FE0B0FF901F9FAEEF70402F1B1
:1081F000F403F909FE0411091005F5FCDCF808F791
:1082000000FF010FF7FE0EF2EA000016EC0707036D
:108210001104FAF8DEDAECF8FFF50517F9F5FEF0CF
:1082200005EDFF03FF02F8FF13EADFF5F719060972
:10823000000E08F5FAFEFCF3FD0105EF0E080C0D2B
:10824000ED0ED604FCCB14F301F8F2F5FE0800FAAB
:10825000FD03F8F41120F6FDF7FAF7E9F8CA0F0B61
:10826000FFF0F01FFDE605FCF8FD10EBFF0020021B
:10827000FED7F804E5BCFD0D01FA0933FC0603E75F
:10828000F3F609DC1D1826F903DBD41306F7FE0408
:10829000FB0C000E0309FCFB0400F7F20E08FFEDD7
:1082A00005FEEF0008021B0408F901E3FDE60302E6
:1082B000E1FAFA0A0E04E1F224E81F0600F81FFAB8
:1082C00009F2F9FE0C0F09FBE5F1FFDBFAF100F50D
:1082D000FCE905EEFD0FF0F506F100FC0527FB01BA
:1082E00000FCF9E1250910E115DBE4F6E7EFF804FD
:1082F00000FBFB1706F8060D0103F9FB0B08EAFB70
:108300000B0622EFFC04FEFFFBF5FF05FADF070773
:10831000E5F6050200F8ED1606011204EA010BFE6F
:1083200004F70907001301E9F6F80A01F5FF04FB59
:10833000EEE8E5FDF601E10F04F7F208FFF903EFBF
:10834000F3FEF4002E0401FDFDE8E608F1D0030879
:1083500001F80607FE0CFDF1FAFFFDF303FD11FB2A
:10836000F3F6D00F12F90A0702F5FEE3011BFEF245
:108370000807FAFA0C0C0B12E4EBDA192B1EF9FEC3
:10838000FB05FCE9030E04050802FB06F4F9DB001B
:10839000CE0F1318142AFCFCFE11FDFEF701030E8C
:1083A0000EFC0011FDF8CFF7F10C450EF1EAF804D0
:1083B0000109F906FD0F0B06FD0207FCFD0716E497
:1083C000090AD105FC16E203F5FA08EFF41C03EEE6
:1083D000001302F20010071205F6FAF70631FBF55A
:1083E00005FD0C0106E5010221080A15FDFE070244
:1083F000F80410FCF2200705F514032BFFE001FD43
:108400000F07FC190C10F31AF2171BF4FFE4FBFC26
:1084100013F100150516EFE403FAEDED06160DF263
:1084200009FFE50CFEFFF60A020509F303F1080552
:10843000020A09E0030200F2F7FAE7F1FDFCE607A1
:10844000FF1307FF0A0402040302FCF3FA03FD030F
:10845000F808F21401F7050B07FDFFF1F80B05F51D
:1084600008FA0BFAFC1B0DF900E1E2EBE3F1F5046D
:10847000090AFE0A01FA0309080009FD0110F4F5D2
:10848000FE17F90111F2FEFDF50EFAF900EF090FE2
:1084900006F5F9FD0600F9FE101907F506FB0FECCD
:1084A000FE10F5F80516FFFFEF07FCFFECF1F512E3
:1084B0000CED23EAEDF501FE02FFF8EF07FDFAF6F9
:1084C000F2FDFDF903F70A0D1AEDF31FF30011FE9B
:1084D00009F7F6ED09EFFFFB090701F00801FEFDC2
:1084E0000CFE00F4FB18E80D0305F813F2F2070D7B
:1084F0000FFEFC0403F2EDED1629F2FA080E05FD5D
:10850000F61D02010716F11010E50F0FE901EA054B
:108510000E2F020504F609EFFA10FFEEF70A041316
:10852000FFFBFA16E7EAF2FE1E1A0616FB0002002F
:10853000F8F902FFF4090D00FCF6F40CFBF2EEE88A
:10854000F0F000031813EA060E150012F71604F9EE
:10855000F908021CF8F02505D8DFE1FDFC1CFBF052
:108560000812F50A0818F9010A00F226170FF0E3BD
:10857000F0010AF0FD13FDFFF6F7F4EC0DFDF9092B
:108580000500020DDEE4EEEEF2EB2615FAEC15F135
:108590000CFE01F000EE0013030AFBF5FCE40201FF
:1085A000F5131903FBF3F2F402F80318FE12FFFEB1
:1085B000EEF50311E716FECEF0F2F6F9F6F5010737
:1085C0000800012B0BDF00EA1BFFFBFC0612FAEA96
:1085D000F418F7FEE2EA0BF5F9EFFB0C02D8FAE724
:1085E000FD0B0807FF01F910EF12E902531005FE19
:1085F00004F304DB02ED13F3F701FEE013F7F1429D
:10860000FCF220F01B111BF7F20DFBE5041005F046
:108610001308FFF0ECF50D10F4E702F4D9160C0C7A
:10862000F70212E505F5FB0BF8F402F9FE111AEE5C
:10863000FFFBD91FB7DCE106F5F0FFEE05E9F0F42A
:10864000FDF509E4F9FE2AEB11DDB819ED1CF20A7B
:108650000103FCDC043206FF000100F60203010501
:10866000D7E2D1170921F2FD080902DF07FB0A0949
:10867000FB17FF15EC0BE0FCE71014F9FA2602F2E9
:10868000060BF603F702F71B04010311FDFDE1F5EC
:108690000608220C0E1501FBF506FBFF05F3FF078C
:1086A000040602F7F8E900020B0218F8DAE0FF0608
:1086B00006F904FBFB1006F31201FE13100AF5DBAA
:1086C000F23CC701FDC2FCF80213FFEF06E7FFFC16
:1086D00004FD041B0100EFE0F4080BE011E40912B3
:1086E000F3050202F909FA0903030F0A0800F70467
:1086F0000EEA03E8F6E4100904F7091603F5070685
:1087000014F3FDFFE5F00C000B06F81402F4F5007D
:10871000FA10001301E50AFF19FB0BE507FDFCE564
:10872000083F19FAE800EAFEF5050E040E00F01203
:10873000F8030BF7E6F9E40311033AD8F510000348
:10874000F5FA0506F80E0801FA06FD0BEFF2EAFE4F
:108750000DF501F8F8FC0206FFFBF60BFFFE08EC36
:10876000E7FDF2F20702071002FB00F8F8F8000636
:1087700005100312FEFC0C0E07FF03FE0B0D0BE5AC
:10878000FD07F4EE09F7FB0700F10C0504FEFEF50A
:10879000FE02000402FAF9F6FAFFF3E2150510F9F9
:1087A000F9FBFA04FDEF0801F4FBF10C09FDFF0BE6
:1087B000FDE91B020DF9FD0E06F0FD1BFB020BF49B
:1087C000F90804FFFFFAFD0001F8EAFBF9FBFE00DF
:1087D0000004FAFAFE00FF0807F507050D01EB0B90
:1087E0001BF023FC0AF705FBFCF5010306FFFE1D49
:1087F000FFF10608FDF7FA0713FB15F8F9EB05FF83
:1088000002FA0A1908EDF9FDFBF70BFCFBF80CFA6C
:10881000072209FB11DC03020204FBFDFDF9FFF155
:10882000F602FCF4080A17F40B02ECEE111701F241
:10883000FB05F8F605E6031405F9010301FCEE0C4F
:10884000F4FD37E9041619FDFE01FE1A03F6F7EEF2
:10885000E700F513EC000807EBF2ED05FF28110522
:1088600004FAFFEE0520FA05F20006F304070214ED
:108870000BF7F6130B2BF102F80505E8010AFE17BA
:10888000FC000903FBFCFA0DEAFEFF0D081F0BFAC2
:1088900002FD07DAFA09F5FEEA020C15ECF6051AF4
:1088A000F0DD09134C16FE070604091BFD18000B2A
:1088B000FB030B17F008E603FCFCE80606FA01F5DB
:1088C000FC0A010A0B0309F501FBFE060004EC0596
:1088D0000A0AE3030E07F706FD16F7F0000AF90788
:1088E00004FCFD05F4FFFEEB010A15EA1E1807FD66
:1088F00002FE08EA02080606FFFCF31204050CF368
:108900000502F0F308FF0DFB020CFD15F70608F950
:108910000004F1FA08F8FB060AF6FCFCF90CF2FE7A
:108920000403070A00FB00051BFD01FE0CFCF8EB2D
:108930000C17F807FCF2F906F10604F5FCEDFAED68
:108940000A060200EFF620020212F5FB10E901FF11
:10895000FBFEFA0AFBE107EB01F803FD0A12FE1A1F
:108960001A1FF1F4EAA71103FEEAFFFF05FAFBE282
:10897000E7F901F113FE220F17E6F2F505C0100228
:108980000EEFF919F62002ECE901FAFA1217201895
:108990000BE3FBFF0FD6F90001F50AFBFD1104FC08
:1089A000E9F8FCF31011140D00DCFD09001204F9C4
:1089B000FBF5FB090012FC07FF01FE02FA15F701A7
:1089C0000AF0F50E0D360B030DECFCFB0DFEFC0161
:1089D000FF03FEF312FD1D040F180F02F33B01010C
:1089E000FCF3020501FC01F80FF7F2E802051DFE99
:1089F000F40121FA090EF9F30F040000041F05FE2B
:108A0000FC07030A0C05ED0F0517FC0BFCF808FF2B
:108A1000FF02FEF6FAF9FDFFF1FC0201080BF3E696
:108A2000FBF40A12FBFDF5010509FF060007FB0B2D
:108A3000050306070700FBF5FE2001080EFD01FDFA
:108A40000603FE03FB01F505F3F3081008FF180603
:108A500004FD06FCEB05FBF90BFC0203000C041003
:108A60000504FEFD04FEF7F2FDF4FA0EF1F815FE22
:108A7000FA00F3FD050E01F5F8FDFEF8FFFA03F428
:108A800002E40015DF06F6020CFF00F5F4F9FCE540
:108A9000EEFE0401FB0516F508E2FE18E4FA0404F4
:108AA00007F8FF050C0400DC0DFF0E09090102FFA9
:108AB000DEFBEA1D08F605FA04FBFDFCFF09FAF4EB
:108AC0000701FDFCFAFDF902E8FBE00C0813F7FDD5
:108AD000F205FBFC05020D1002F7EFF900EEFA08B3
:108AE00002E91B0110F4FD0005EAFC0B0403001968
:108AF0000EF5FC0DEA060311E9121D04ED07FA015B
:108B000008E7052907EB09F00DFE0A0BFF11EFFE40
:108B1000140813FAE2EFF41603F6002008F110E14E
:108B2000FBF307FB06F6241E1904C40EE31607F137
:108B3000FAF6FEF0FEFFF804F803050201F60BF466
:108B400005D0140706EBF3F9F5F4FB070001F5FC7B
:108B5000E7F8FE14101405F9E8EAF516FBF009032E
:108B600014F8010B0FFC06ED080DFCE0050608F3F8
:108B700008E7DEE7F0EEF5010DFBFA111103020A3A
:108B8000ECF110DB04F90FEE01ECDE00F3EF01086D
:108B90000A0902F003D9F8EDEC1003F10E04FC0F02
:108BA00003EF0A0DF20701FE00F408F606F1FDF2EC
:108BB000F8ED000815F603E609EC120629EB07EDBF
:108BC00010FBFBF10AFEEFF2F8EA02F5F8F5FB07FD
:108BD000E7F6F700F805FB0111060010021B001371
:108BE000041104F8F7020505FFEAF505EB0303029B
:108BF00003050B0AFDE90EE8E3F8FB0900F9F013A1
:108C0000110BEAF60316F504040305120C2AF01002
:108C1000EF0505FC09FCF6172B15DAEB06FC03F64D
:108C2000FB05FBF3001704FCFB0510031105F30C17
:108C30001A1D0CFCFE0C0AF9000302F9F9110509D2
:108C40000100EDF6FDFCF3FA12041A04E521F7FD2C
:108C5000011302EAF6FBFD1215F70C03FCFB03FC03
:108C6000FEFF08FE0539D703ED08FBFAF2E8012FF5
:108C70000201130DE0EAEA04FF0A10F81C3300FCBD
:108C8000EC0CFE1E00F3F9F905E80417F7E2E6190B
:108C90000CFC12F802E004F1FFEF020C04EDFEE719
:108CA000FAF5070DFE08FD170AEF07F0E7F4FF03DA
:108CB0000802080307F1F80F00FCFE00EA0211D8D1
:108CC000F1E703F1C9D5F30B0000FD19F8080B0C0F
:108CD00018F4041E04080AEBD6E205E70303F805BE
:108CE000FE0CF43E08FCFB0615FF0B200D0407EDFF
:108CF00008280901CD02F70AFBF9FD0BFED5FDFBA3
:108D0000FEFB0C07FA031AE51FFB1F14F1F004FD2C
:108D100004FBFD11FCE00904FE0DF5EA22FAEEFE6B
:108D2000ED031A0BE3F10DF702FB0BFF01E2F2007A
:108D3000F7EB0CF3DFFFDA0318E623FBFCE0230379
:108D4000FEFCFE0DF0E4F1E8F2FAFCF5FCF125047E
:108D50000500F30FF1E50D08FBF9030CF9FB02E741
:108D600006E410F00A12FE0D10D3D60326FDED091D
:108D7000FC04FAF201DE011907E4FE17F3EFCD2837
:108D8000031347FCFC05000200F506DEFD04EE0AB5
:108D90000EFC15FAECFC09250A0C0FFCEF120BFD7A
:108DA00001E7F8D70425F6F3F904FEFF030F0011DD
:108DB000E6BDE8FBEB05D6FE04FBFDFFFB0FF5E58A
:108DC000EBF8FFE7100514EEF3D1F32CFCB6FCEE44
:108DD000F406FFF90011F6FDDEFFF4E5F30B10F6E3
:108DE000F1D80D0E1BEAF3070501070D0205F21C71
:108DF000E5F7F6F41704FED0F2EB11041FB2F3020C
:108E0000F7FC071008FFEBF0FA0206EE220C15F64D
:108E1000FDF20123F1E50E00F2F612F209E204EB95
:108E2000E20A0BC60610EC21EDD9E7160D15FDF48C
:108E300006F8F2E702F0F405F5F4FBF6000900F39A
:108E400002D523EE0D1A13FFFAF3080905F0FFE12E
:108E5000DC0203D4EFEB0D10F5F01D251B4B000DCC
:108E60000BEA03CCFCF3F80BEA04060E0FFB0C082C
:108E700018E4FC00242E13E7020305E2FEF2FFD8FB
:108E80000C0BEF0917F0134003FDF022F4080DFC62
:108E9000050005D7FEF7F0EFF00BFDFBF0E902E768
:108EA0000DD8DE07FC14F50BF6F8F6FD03240107D8
:108EB000EE0AFA12FB201D0BFBE6D60E1705EAF1AF
:108EC000FF01F9E6030702F4FA14F12003F304F8B2
:108ED000F506070016FF0DF3020001F7F600FFF795
:108EE0000B08F90A05001109FF0A3313FDE3FDFA27
:108EF000010005FD020AF801F603010C050E0FEF53
:108F0000FF04DF0D10E9000B0E001210FA1AEE0B31
:108F1000DDFDF5E4FF0C09F106102AF2FFFBFEF778
:108F2000F50C0016F6F90C08EE0C01E91707E6F04F
:108F30001F473F1118200B040A0E0A1500D80A0318
:108F4000FFFE0DFFF6F3F0181B391BC3F828FBFFDB
:108F5000FF03FE0506010803FCFF011B06F8E122E2
:108F6000FB1010EADCF303FEF4010AFEF8EEFEEB60
:108F70000CFB001516FDE729F4220DF8C7E60001E9
:108F8000060A091201EB06041EE7F91DF5ECDD0DDA
:108F9000FB300C040121F2FAF7F90A1C04E809ED90
:108FA00004F10614F7F7F918081BF4F912F8050A8A
:108FB00005F207FDF9F6070401F5FA150A03001B8F
:108FC000FE04E5F4F405FEFB03F908DFFF010FF0F2
:108FD00012EFFC1205FB0A1AFC08F0F004FB07F77D
:108FE0000A05FA1D00EA12E208FC1302E9FB03F885
:108FF00004FE1DEEF7DD04FB00F6040F030EF9126C
:10900000FAFE0A05FE1E08FB080BE80DFEF5EF0F41
:1090100001F707FEFC160EE6ED020A0408051DD551
:10902000F2C9C10BF703060401F60AE20AF703FBD3
:109030000607FDF30F0FF2F808EEF120190805F30B
:1090400000F6F6F50D26FF03F9F509FA02FBEA072B
:10905000F0FF1C070006F2FCFF040107FE22FB14D0
:10906000FC0AFCE60E0202F5F4F507F4D5E8070465
:10907000FA13FF090312ECF1F00AFDF72C0A16E0CF
:10908000FBFACB0AF2ED0B04FAF60DF908FF08ED36
:10909000EC00ED161B02F5EB19DF010D090112FAC8
:1090A000030507D601FBFFE9F800FA080FF2E818FC
:1090B00012E53FED241200F2000FFCE1FE1BFF045D
:1090C00004010115F8FAD9FA09014605E005FE0187
:1090D000FE0006FD04FB0816F2FE0101F909FCE69C
:1090E000F0E9F3F52B0DEAF70A0E01FAFAD9091B9C
:1090F0000BF0FD09DEF0EDE0FEE7FEEF1C0BFA01E0
:10910000FC0006F902EB011C03F605ECE9F0EE04A5
:10911000EE0912F7FDF004EFFDF900EAF5E60E089E
:1091200007FBFCEFE2EC12FBFB062300E4E6FCFD90
:109130000303F70F00DC0404F806000BE7EF02BEA0
:10914000FBE9EBFBF303E9F6FB0DFC2DFF1E051617
:109150000300051BE70608E8E60BC9031819F4101D
:10916000050D08130423F534FBEC080709F5CA07BD
:109170000914EDECE8FBF5EFFC0202EFF4E7FB0C61
:109180000AFDFA06F4F3F9EF0A062EF2FDF3F6F6FD
:10919000020A04EC09CC082216FF00E7F9FD0533AA
:1091A000FB0727FDF7F501000006FD02F003F420A0
:1091B0000DEFFBF1E7FCEEF7ED1F0EEFDFE70D041F
:1091C00003F30324FECEF70205F40A04EEF405E6E9
:1091D000FF0E0C00AFF9F706F4F208F0FDE30BF216
:1091E000F8FC09F81512100BFE08E906230FF50725
:1091F000FD050AE9FDEC0C042300FC27FD01F63512
:10920000030F2EFF221C15F60409FFDCFC120806D2
:109210000BFC13FDE90BDC260AEFEBFD040B150735
:1092200001FA05F6060EFE0201FD0805E9F116F445
:1092300017DDE109E7F00706FDFAFAF6000D001464
:10924000F1F704F1140E1C0607D3E816EDF701023E
:109250000A03F41E03E8090D0CF6FF1E0F05F2F7D2
:10926000120319DFC800F505FD100225FCDE01021E
:109270000AF9061BF4ECE30408F302F008D8F60937
:10928000FF11FEFC09E700040A000F20FFFBE8F7CE
:10929000FDE717F616FA08F906FF07F105E60A0CCE
:1092A000FF0D190CF0E905F409050EF9160217F97E
:1092B00006070808F6C70F0F0209FBF1EFF6E110E9
:1092C00003F631E804FF0AFC16120628FDF7F5172D
:1092D00015F80E0DF7EC11F50908EBF6F1090E047F
:1092E000FA11F5EDFB05051A21F70D18FB08EA1038
:1092F0000718FC0A192EFAFAFD0A02CD0229FF16F8
:1093000008100B2BFAEFDC03DC002A000F20FFF91A
:1093100003FC03E7060A07051A00070EF4ED0047F1
:10932000F7FA140F321B07FB0408F612F41DFCF9C0
:10933000FD050A020E06E41AFC1FEEFBF5FC02FC1A
:10934000FE1705F415FEF6F720FA0FFEF5FEDFF422
:109350000F1AF915CFF40B00FD0202E6FEEDFA0C30
:109360000308030FF0FCF515EE160BF0111EF910B3
:1093700009FCF9F6FEFE0102FA00FC10F506F314F2
:10938000FB130D0220030206EB0B08F4F61109FA99
:109390001C090705FAFDDDEF17E810FD11E403FCD9
:1093A000FB08F600F615F9FB130EFA03E7F7F008D1
:1093B0000FDCE90AECDC02FD01FD00F3FE0C17FDF9
:1093C000FF010005F30C1B12F8E7D61BF4C4F509E6
:1093D0000D00FFFBFE12EEF4F40AFEF4FEF815FE9B
:1093E000EEC2CC17F7040BFE01FCFFD9FF21F2F906
:1093F000F7FEF8E9160F18FBF3D3CA141316090881
:10940000F5F8FDDC06281113F51407F3150B05021A
:10941000CBE40D100E18FC05000E06020124012EEF
:109420000715FF0412F8E2FED01A4E09E8E911020E
:10943000FA0A0E12FC18FADEE80AF603090C13F811
:109440000D17CE06FB05FEF0FD05FDE9F8FC01FD5C
:10945000EB15F6101500F9FA280AE515FFE91009D1
:10946000010BF0E307F40B17EF0FF3FFF8D8DF0061
:109470001DF8F2F2142B1609F70EFFF0FEF40EF1B0
:109480000B00F71804FE02EC0BFE2EF902E6FD0CB1
:109490000408012802EE09FF1207FFDF000800069A
:1094A0001319F9DDED070304030700F607E10702CE
:1094B0001EFFFAF9EBEBFBFA0A361702EA19E6127D
:1094C000FBFCFF0E09F7090005FDF609EFFEE505B7
:1094D00013FFE7F1F1100008EE13F9F9FAE60203C1
:1094E0000BF1060304160008140704F117F8020034
:1094F0000E04091410030A10270009FBF2060910D4
:10950000FBFC0DFC02FF0FFF03010B11FDFE04FC31
:1095100006FD1BFE03FAFB0FEEF9E600EEF901F77C
:1095200002F902F801E90A06F9060710F60E090B1E
:109530000502F4F5EFFB09FB07F402FE02EAF2FB79
:10954000F8100D0C0D06200A0606FA0B03ECFFF9C5
:1095500001FD0FE4031FFDF0F006F8E5FFF5031829
:10956000F4F5BF02FDEFF708F90003FFFB0C040858
:10957000F4F6FBE917FE15DDE500EB121CFE10F416
:1095800004F7FCE1F413FAF70F0B01E0071211FFE7
:10959000F2FA0210061713FE090AF500FF07FFF69C
:1095A000150307FD0AF908F6E914F3F700F504FCC2
:1095B0000B0C060201060DE40DFAEE0916FEF4FB93
:1095C0000317C1061E0CFFFC0407FDF0030C0FF28D
:1095D0001DFA040303040903F0FDFEE60F180FFA59
:1095E000FD04FAF4022209041203FE110831E6FB1D
:1095F0000BFD04FAFA200F05FC1606F2FA1A000E0B
:10960000010BFC0AEFEDE5FEFDF51202F805150D64
:10961000020AFA1E042412FA0BEAFBFF07F90DFDF9
:10962000011FE408E307DF0AED0001010927FF003D
:10963000F1090F07F6101AE3EFF8E802EE1AE0FE60
:10964000F40BF9040AF912F816F40E12020CD3FF07
:10965000061A190304EA120DF40AF81600EC10F1C8
:10966000EF04FD0DE9FFEE07FC1BD1E2F4041C033F
:10967000080DF40401F50CDDE61909FDFE0728D5F7
:10968000ED0BC1010DDBEFFB030D0125FCE31EE536
:109690001602FAF513F7DDC8D70807F40AE4100933
:1096A000F9190305FEC214140500F8F8FC0B02E2D8
:1096B00019EEF9E704EEFE1212FFFDF30AFF0BFCB0
:1096C00009081F02E30726FA2DCFCDE5ECF0FDFFD8
:1096D0000C03F3F1FD0E02E9ED050FDE0B0508E8C2
:1096E000F9E0E00518ECF90701F80BE7070507DEDC
:1096F000E9F90CCE160719EEF7E2E01D69D7FD0176
:109700000102FCC70B230316E8FEFCC70E1207F488
:10971000C0D7EA310C0918F7050B07EEFCFBFFF484
:10972000060803E7F70AE732E4FB131CEB22FD0B04
:1097300001FCF8101206FAF400F303F2002109DE2E
:1097400011E1D4F63D15E200F8F202CFF11EF3F379
:10975000F108F5F728F8160EF6DEEC222055ECF9A4
:10976000F80AF7DAFA09FCFEFE09F91F050BD4DA4C
:10977000E31DEC0C2F6D1C0010FC06F5FFE512EE4E
:10978000150BEF1FF4F8F628F613E0DAF7F3F5F906
:10979000F6FBF602FBEBF5DDF8F0FDE0101206D764
:1097A000150AB301CFF6F4F5FD08F90CFEFDECE760
:1097B000FE04F2EE10FE0CF5EEF5D9F8DF13E30827
:1097C000050B06F000FE0BF71609ED19E8FB04EC9B
:1097D0001021F202180D071002F801F3F11AF50535
:1097E0000A02FD1AF202110D1BF3DBC3EFFF10FE9C
:1097F000FFF7FD05FCF110FEFEED0FF5FD0804E896
:10980000FD0FDE14F9E4F0FFFC010815F3FF0A195F
:109810000703FBE500F6E407F420E4F00EE6FFF1B1
:10982000020AFD10FD020210EAF105E8120FFDFA2E
:109830000D0B1EDEF5FBFF070EFA0BF4FF0106070A
:10984000F3F7EEECF30502EF1EE4FBEDEEFDEFF5B2
:109850000AFA01F4FE2AFDF4FEFCF4F5FEF70B080B
:10986000DFF4B90CFB08F50BFF040BE2FF0900095C
:10987000FC0EFD07E6FEE80BE1ECCF133B4008F8D9
:109880000516F7EA0502FB060F00FA15EAF8D8F903
:10989000B30B1015183710F7FF09FAFCFBECFC228C
:1098A00019FFF00DF9EEC6F7E9224005F0E60701D1
:1098B0000709FE06F5F601EC000507F5060204E9C6
:1098C000F320C010CDD6FB020A1C07FCFFFD20F5DB
:1098D00014000B060011F1FBF801EBFC03D4FD07AB
:1098E000FE100700FCF20C1B0EF90215F709EF063B
:1098F000FEF705E1EBFD15FC080B070D0BE3080D6A
:10990000130A1A1DF10905FD0C082EF7FFED020AD6
:1099100002FB0E1EFE08FEED0E0A06E101021BFD13
:109920000531CDFAF322FFFB040505EF00F7080827
:10993000E2FE03E8FB0ED6F201EAFAD3E3FAE00214
:109940000CF9FE09080A1505F7110DFAF5FCF70DDB
:10995000FDEB02FCEDFCF70C09F4FF1702F5FFEE3E
:10996000000114FB041414F8F1D901ED08FA00FC0D
:1099700003F1FC210C0401FC0F06FAF505090BE9C3
:109980000303E2F527FC0800F4FF04FE03F70311CC
:1099900007FCF4FC1303D9F5161008CC1401FCFFE6
:1099A0000305FCE602FF091AF9FCFCFF01FAE5FEDB
:1099B00028E213FFF6F018FC000901E2F4F5FC0BB5
:1099C000F5FE02EFFE1107FD1FD9FB052B0F08FB6B
:1099D0000B02F70C00ECFB0D0FF6080119EAE91970
:1099E0002A2443FA06E913FFFEEBFD2BFEF003FDEC
:1099F000DBED04060A09180A1DF3FEE5F7D50A0F88
:109A000009F100F8FE1DF4FAF000FFFFFA031E064C
:109A10000AD5CDF104E0EE0CFAF0FFF2050506FAE6
:109A2000FA0AF8F816162DF912EDD71F022F02F7D1
:109A30000DF4FFFE020CF60E09050809FA17EEE513
:109A400011EA32F71446030601F6F90BF714F7088A
:109A5000EC110AE40BEB0EF42718F3F90352FCF4B3
:109A6000F9FA02EF0210FE04EE01F3CE0E0BF1E460
:109A70000419F7080D11FCF9040009FE0508FD02A0
:109A8000F4FAF7EAF9FAEFE60519FCF101FE05FA36
:109A9000FF07F6DC01E2040A0115F905FFF3EF0107
:109AA000FBFB07060C0105FEFC0AFC2A00F9FC087A
:109AB0002EFBF80501F0EDDFF9240BFD1505F00391
:109AC000FB15FF10FFF10C0B17EEF9F8E7F9F4EBBB
:109AD00006121F04FA0D080F001406E80103051D05
:109AE00005FDFF12F4FBE2DE1307FFE4F81503FFA8
:109AF00004FCF8E0FCED0CEBFEF9FF0BFAFC042093
:109B00000ED82901F2FBFD0205030515F6F500EA62
:109B100002FE0115F1020D1903F2FAF4EC0EF40243
:109B20000EFDF808F01A02F5FDF41202ED0E11F622
:109B3000EC00C6E7E8EBF2F304F400090321EC14AF
:109B4000F2F301FEEC0113D8E7E1E20808110DFD84
:109B5000FF030211F50B0209FC00010B10FB0111C0
:109B6000020A12FDDEEDF80CF6F9FEE60B1206F81D
:109B70000A0011F707FD0123F61A261DF2FEF9F47B
:109B800006FBFF1105EFFAF104F9F01BFCFDF20BE7
:109B9000FD28080AFCFB010E00FFF60DFDED00F1AB
:109BA00005F9FD0D1711EB22F20BFB061308FF0759
:109BB000FCFBF3DFF606EFFCF5F2FFFBFE032405EA
:109BC00004E503160FE3FFFF04FA0AE5FB0B0AF2B4
:109BD000FB030115070A0901E5E7F2010620FF0270
:109BE00000FE060B08F003ED170B050A09030DF242
:109BF000E7EEFB06FEF4120306F9001103F1FEF195
:109C000005090DFB060F1120F106F6FCF3F9010022
:109C100006EB02FDFF12E6F2DFFEFCF8081118DF8A
:109C2000FAE1F00E12F00000FBEAFFDEFEF702F7A9
:109C3000EDFFFDFE05030308F0D4E01314E00B096B
:109C40000C0802DF0200FBEAED03FBF3180307FA3E
:109C5000DC06FA0C1C0405FB01FCFCFDFF1D0AFDE3
:109C6000ED1501F100091923F7EDEDF9C9E4FE0B3B
:109C700013FC040B0B07FBF9E6FEF9F1080916F2D9
:109C80000AD2C709DAF6FFFCF5FFFCF60505F90F65
:109C9000EF03EEF90E0603DB0DFACF14FBFBF20027
:109CA000F80E00ED1504FEF10A16F40302FB06039C
:109CB000090D18FD17090202FA03FAF6FE12030E47
:109CC00001F50501FE08E5050015FF0BFA21F90570
:109CD000070B01F5FDE2050AFF030204F5FAFCFAA1
:109CE0000FF52DF9EF00F9FB0001FD11FFEF09124F
:109CF00009EC0007EAF6F4F40201E8F827E115118F
:109D000009FFFF02FBFDFAD908F8070DF4050FF96A
:109D100011F2C4E9FDD003F2FBF0F8F10B04F109F4
:109D2000F301F9FBFC05310827EEBB0DF30706FB39
:109D3000000000F3FCE50D0A1607FB25EFFFEDF12F
:109D4000FD010F032301ED020205F815112CFE1A87
:109D500009FD0708F907FBDFF1FBFC05110DF4F61F
:109D6000F917FF0A0340FE23FE01FAD90C0EDBD0DF
:109D700016320B0005F0F7FAF80002F5F4F70208C6
:109D80000701E5D8FFF60CD50D08F6F80A02FCF934
:109D90000508F6DCF2060009FDF70302F4EFF721EF
:109DA000F6E709FD10F0FF05000000210405090693
:109DB00013F10CEB0FF7EFE5E60FF8F0F0F9030005
:109DC000F908FE16FED7040C16FD04F8F407F7E6B2
:109DD000E93024FFF5FD010AFFF701FD08F8FFFE59
:109DE0000EF6FC020002F8F00D07D5E23614FD066F
:109DF0000AF701F600F8FBFEFFF9F10F08F3FE0287
:109E000001011A03180704F1F603FDE50CE702F25D
:109E100002F8030D01F5F004F60FFE0A0D05170612
:109E2000F50E06F2F50CFC12F8FC07FCF30700082F
:109E30000BDFF1FE25F30F08040DFAFA040BFC0604
:109E4000F0FB05EBED0A08EE10CEE9FBC3E603FCE0
:109E5000F20EF80F04D40601FFFBF925EE0BEBE040
:109E6000FFF632EDF70001050508001801EDFB06CD
:109E70000BF70215F3EBECF21B01F2F3DBE0FA084F
:109E80000300FE0CFDCD071D09FD140C02F6DDFEDE
:109E900008061B00F1D315FEFCF90111FAD8F8F2FF
:109EA000F1F60B19F3F3EEF7190410D31E01FDEBD5
:109EB000FEFC06FF0AE3FD1C000600F4EEF90A2092
:109EC000F1D911F9F3E0E40B0D06EC1BF8FA0A1ACC
:109ED0000CFC0A02F1E6E9160510E61003030AE994
:109EE000FA16F6EF0FF5FD0621FF0012FBFCE40762
:109EF00007141D01F407FEF50AFBFFDFFD0EF9163E
:109F00000B060B19F6F20217EAF32EFA0C230CFFDC
:109F100000F409C3070805F7F80CF522FE00FF2737
:109F2000F9DBFE1D2614EB0BF80FFEFFFF1E0010E1
:109F3000FFF902110AEEC802020B11FAFD08FDE753
:109F4000F8050704011BF70014070126E9F6ECF1F8
:109F5000FC22F70F040014FC03FB00ECFFF5F311E7
:109F6000EE050A17EDFEFE0EE8010B080A01EE12DF
:109F7000F701F8FE01F2FC04EC03F9100AFBFCFD0A
:109F8000040F12022106FDFEF60901EFFDFAF503AA
:109F9000190306FA08F2D9EE1BE937EA22F609F0AE
:109FA0000103FDE9FC01F60B13FF08FEE8E5EB11E8
:109FB00013160FFA13F50B00F60000E4010CF90478
:109FC00011FA0A06F9F907200204FDE91DE8F7F77E
:109FD000FEFEEDF204F90825060105ECFF00DBF0BA
:109FE000121F47E9F402EFFAFFFBF10FFADAFB1B4D
:109FF000EEF3FCF1FBFA02EA161710F007FF1DFD65
:10A00000050307020B09F602E5FAFAEBF802200253
:10A010001817E202FE02FC0404F5F5FBFE0AFF033A
:10A02000FF0609F502EE1AEC10FABF16FFDEECFE91
:10A03000FFFD0AE603EDFC14F704FE03E7E6F1EC8E
:10A04000E6C137070F2EEBFBFCF9F300031AEB1DFB
:10A05000EA090302E7F711FFF2DDEE09124206FBFF
:10A06000FEFF08F9031EE914EE0E00FA1100EAEAF9
:10A07000FE10F00CEF050300F80008EBF7E9FF0B0A
:10A08000F0FDF4D4EDE6FFF5FC01FDE9FBF60CEE86
:10A0900006FAF6D3FFDFF015F7F5F62207EA050515
:10A0A000EE0016FD2A000AF2FE05FA1F060CFEF36A
:10A0B0000AFFF007F4FDD8DCF51222FC03E90FFCDF
:10A0C000F60802F8F5DCF80309F3E604EBE3D3F550
:10A0D000F01B0A16DC080B06FC0509F10D06060A42
:10A0E00008FEF911F1EBEBFBF5060700232DFCFE52
:10A0F000FEFBFCC203F511ED05FAF6FDF5FBF937A1
:10A10000100532F9F01AF1FF05F8F1FDF4EAEEF16D
:10A110000A040F06F0070312FD01DDEFD42401014C
:10A12000FD06FA07F517060106F70802E505FF0325
:10A13000E1E8E40FF8F8D6F5F401FDECF916F2F6D3
:10A14000FCF605FEEEEE1CE5E7CBFA0BF2F4070792
:10A15000FDFB06FD11CE02F4070507EA0FFAEBED51
:10A160000B15F8EF21D3020605FD07E702F0FD14F9
:10A1700004F3020A15F7F102081821F507DBF807C6
:10A180000AFAF91AF411F81204F4000B23F6140475
:10A19000031225FD12270108090207F2F408FDFA4F
:10A1A000FF0607060A08FE180FF71B22F8F706FA43
:10A1B00009FAFE0C04FB0715EFFCFEFDFAF20E1483
:10A1C000FBF70F04F92FFCFF01081AE6FE15F31246
:10A1D000EC040314FB08300CF0C5E413E03BE6F399
:10A1E000FBFD0329010EEDEAF8FA0319110B2A050C
:10A1F000D8072E1AED16E5000E01F907FE0800FD3E
:10A200000801F8190A07FDFFF01B2922FC00F9FFDD
:10A21000FFF409080D11F4F2ED020107EEFB1AF745
:10A22000FDF1090CDBF2030904F8F60104FA03DB83
:10A23000E1F40300050627FAFEECDC0609E300045E
:10A24000F5F819ECFC0BFCF2EBFBFBE731151AF807
:10A25000F2D6111BF8F5F806070E1409FEF1FCE919
:10A26000FEFD0DE005050400FAF1F51718FD00FFED
:10A27000F4FC07F60507F9EEEFF40303E8F109240F
:10A280000DDBE9120EE710110002F5F80524F8E1E4
:10A29000070E0EFD120D01FC0EDCE81CE6EB04FEC1
:10A2A000F5F203F7FBFB02C804FCF1F108FE230002
:10A2B00013EBF422FEFAED04070008E8F4EE03F4D1
:10A2C00003F9FBF210030201F0FDEF1DDFCD120DCB
:10A2D0000AF10B08EF1407F4F00F02EDF7012AF969
:10A2E000F9FCD6F9F1C7021300F2FD1B11FAFAC707
:10A2F000E701FAE62B212CE713C4CF04E8B9050ADD
:10A30000FDFCFACE011105DDDF10FCE6291A190467
:10A31000F6CDF00C0E05EEFA0B01FCF5FE2AFF005F
:10A32000180D0A0E141B1511FAF916130ED90B0F7E
:10A3300009F3EDFEFB040AE6EE0C02ED120E061028
:10A34000FFFAEE0B05F90E02F9FFF906FDFC0AF61D
:10A3500003F2FAE41DEE15E43613D503EB111504F0
:10A36000050105D5FE390A0E05FFF2E50608F301E1
:10A370000EE7E8032C0808F8F21DF9F1F831001691
:10A380000C110621F0F6E8F4E00525F3040F180B94
:10A39000F90BFA0AF524FD06FB02F9EDFDF61108AA
:10A3A0000813E701DD10F201EFFC0706FA1F030AAC
:10A3B0000BF907E9F90316EA091FF21EE018E80392
:10A3C000F916FB05FBE20000020EFFFB0A0BEBF89F
:10A3D0000A3607010620FC040C08F9FEFFE20523FB
:10A3E0000DFEFB11F0FCE002020D0DEBFE0612FD6E
:10A3F000F908F90DFF181002F50F0C02FE0322E90F
:10A40000F30EF80DF5EDFB02FD0EF31610E511F05D
:10A410000302F8F90C0AF8E0D7F60D07F7FDFCF88F
:10A420000611050700CCFB1213F2170CFA09F9EF1D
:10A430000CF70DF406FC020DF8F0FC0104EF0CEC37
:10A4400009FC0D18F50612FA0E080906F6DF0913C5
:10A45000FEF6F90B08FA0CDBF000FDE706040BFB37
:10A4600009E1D619D1CD1EF2FEE500F1060EF5BACE
:10A47000ECFB03C6110F2B10FDB8CD12F9B10C1473
:10A4800007EB06E70207FCDBC60CFFD12220241DE8
:10A49000FDCFD30C0415FA0A03FF02040E38FA1696
:10A4A000FAF7FAF11C281E06E2DC1B0C0617100353
:10A4B0000FF202FAFA2405EB0308FEFFEF05120083
:10A4C000160AD60AFADF08FCFFE5F2EAF70601FBF6
:10A4D000EE1205E81EFDFFE12E0ADC170104F2F37F
:10A4E000050CFCECF7F61400F409E8EAEDF4F5E3EA
:10A4F0000813C502142406FFFB07F9F0F80500FF56
:10A500000400ED01090DE2EB1008FBE803E703038B
:10A5100003FBF2150C0102FF0EF8F0F40E0208ED39
:10A520000B0701EDEC12EF06F41202FEFCE812FB41
:10A5300033F8010011F3FAE9F33CF1140E25F7FBAF
:10A5400003F8F703F5F40DF2FEF8F804F5F7F6FD5D
:10A55000F309EEE2F2120D080804F7FD0BF1FD130A
:10A560000F000016E9FFE5F9190F0CE3FBF90F02E4
:10A570000103F719FEFE070BF6F818F8F90011EFC2
:10A580000109E409ECFAF114080CF90B08FB0AFACA
:10A5900017FD03F8041117F2DE16F005F9F9FF07AD
:10A5A000F908FD1002EE0BF506FE0800E80409F0BC
:10A5B000CE04F6F4F70008070305000FF9FFFE0DBF
:10A5C000F5070101FC0BFA02F5F70C18F9E5F7F9AC
:10A5D00003FA02F20116FF05E606FDFBF0FF03F5A4
:10A5E000E8CE1C03F8F0FEF9F90401090AF9091B89
:10A5F000F90002FEF200FCDEDFCAF0EE01DD090523
:10A600000305F4180DE41615080110FAE5E8F2D474
:10A610000F23E5F803CF060401FDFC20FEE106F55B
:10A6200004FE0D00FC1135FA1506B9F51CDEFDFA25
:10A6300002FF03FA03FBFB080209F4020AEE071DFE
:10A64000F512FD02F5330E08060A0CF20300070DA1
:10A650000FF0E608F900DD020128070A061A1B03BD
:10A6600002070502FE09060AED0202E5F705FCEC09
:10A6700001F912040CF5F407FDF0FE000815061DA3
:10A68000FDF313DCFC0402E117E5EBF6FD0208FF25
:10A69000F6F8FBE7FEF81201EB0108FEE5040316ED
:10A6A000FDF9EBF83110E0F9FE07F5F00B0F0EFDA8
:10A6B00007FC011C080AE1F2FCFB1EFD32E609FD65
:10A6C000F9FC06F60A09FFEA0B0802F7E5FBF404B9
:10A6D000FCEFF50BFE0302FFF802FCE8F90A0B0899
:10A6E000010902FDF30517DDE10CF6F8FD09F5049B
:10A6F000FDFF0506031A0103FB13030D010A15E90B
:10A700000A04F4FF0B010B03FC090103FAF5120C18
:10A71000F9F8F8E9FFF4EEFD07F6F9F4001706FA88
:10A72000EE01F9FC09150116FC0709001101F3F10E
:10A730001618FCE11010140BF800F5FBFF000B02DB
:10A740000C01F3F9FFF5F110FEF203ECEC1D15FF1F
:10A750000C040E03F5EC00F70307F9EA0BFF0EF308
:10A760000106DDF6F5F80904FCFCF7FF05080C17F7
:10A77000F5F00C02040D0F0B0335010BF9F6FF0E7B
:10A780000203FE0A01FEEB09EDF300FF0EFEF9E104
:10A7900022070CFB0FFCE400F9FE030504FCFFFBA1
:10A7A000F9F3030A0406F6EE2215F90006040EFC7E
:10A7B00012F70D0AFF10FFF0F901F9FD120C340732
:10A7C000040ACD0FEF0A000C04EDFE01FD1609F09E
:10A7D000DD00FD010A101FFEF6B9D7F8FEE401FB0B
:10A7E000F5FDFD1BFDF2FBDD10EBFEF119001FF581
:10A7F000E303F415ECE2EDFBF5F90D11FB050FFB9E
:10A80000FA04FD02FC100423FDEDDDFDFCFB0E0A45
:10A8100008F1F70A0B290AE6EAF2FEF7FB1129D73D
:10A82000F3F3E705E5EA0314F2FCFE11F005F5E5A4
:10A83000EEF3F9FF220A11DFF1C8D700FFE4FA01B5
:10A8400003FDF5E3030006F4E703F1ED211D01D755
:10A85000F4EB0517F2F5F101F80C02230214F904E8
:10A860000AFFFBF6FAFB09F200F9E0E7F6F3190A32
:10A870000CFD021500EEECDBE6F803EF1A0410EE17
:10A8800003F5B004F2E2FC0303ED0411FBFB06DF69
:10A89000EE09F2E91D0C0CF71ADFDA0EF7000C04D2
:10A8A0000709FFF9F9FE05E807F4FDE815071E0D95
:10A8B0001EE3FA01DCDCF10A170003FF0A06FFF8C9
:10A8C000FBFC02EA080605F110DADA1538F5FF0E8E
:10A8D000020B040308D8FC0600F314F7070DF90F68
:10A8E000120D37F4EFB51DFDFEF7F8160BEFFDDF87
:10A8F000F2F6F3010E080C0F0CEBE8FFE7C11003B2
:10A900000BE4070D001DF6F7E1FBFBD5131B3A1214
:10A9100034E6D9F7EEEDED0204FA01FA082AFB0558
:10A92000F60802EE181214EB02DEEB160C1F0CFAFE
:10A93000F9F207F60322FA130100FDFBF40DF4F41B
:10A9400002D9F8132F2D130107EFF609000F00FFAE
:10A95000ECFE03FD1400120B0702ED1B0A180202A5
:10A9600005EFFAFEFE06F5E809F6F7E50C1204F726
:10A970000A0AF9FE04F207FCFEF30106FD0D03F8D6
:10A98000FD02F0E20A02E9081707E3EE00F7080209
:10A99000FF05F5FCFE03EF0EF5FDF20A0501F7FDDC
:10A9A00003FC1502FB030AFDFB0A000BFFF6100671
:10A9B00017EFFCF713FB00F8FC231501030301FD5F
:10A9C000FDFE080AF9FF01F8000E01F8F9F614F28D
:10A9D000FAF520F8E405110109FFFCFF06FD010F5F
:10A9E0000A01F80FF0F806F60A14F802000A06FB4E
:10A9F000F503F3090AF90707FBFF0107F7F813F955
:10AA000002F91410F311FB0504F80AF8F90CFDE53E
:10AA1000F800F802010815020EF9081D050DFBFFEC
:10AA2000FBF4FA02F51A0AEDFDF309FD060F07071C
:10AA3000EFFAEC1BF106F9F6FD0FFF07020F000B12
:10AA4000FA010EE6F50A04EE0302FA0911B105FB5C
:10AA5000FC03060602BEFEDF0F00FFF20FFBE5FB64
:10AA6000F50E57FB00ED07EC070AFE2706FCF80081
:10AA7000FC0306D701FBFB0609EE20F2FBE204FE15
:10AA800004FDFD0401F0010BDCFF11F5010425F6C6
:10AA90003304F2EFF7C9EF110BF9020AF9F9F5EDFA
:10AAA000F5F6F0F9020A21F023D3B7F50D4002FEC6
:10AAB00008EC01D501F9E808FD13FC06EEF2F127D8
:10AAC00018DA2DF1162F0BFCF1FE01060001EE182D
:10AAD0000AF5F305FEE8E90C092510F10B1A16FE3C
:10AAE00005F3F8DD04FE01F3F8F6F7E505F109FCDE
:10AAF000070300FD13E2FBF6F90CFDF4FA0AFFFE72
:10AB0000F804FBED13F811F1F5ECF208F9180B0459
:10AB100004FCF6EB01E406FA05F1F935F3F30E2B2C
:10AB2000FFF417F9171CF508F60EF90906FFF2F8FD
:10AB30002703F63C06F0F10E0B30160F130002F05F
:10AB4000F7FAFB2707F7FB050F030207F0EB11FCF1
:10AB5000061FE303EF13060AF407FEF90708F823BC
:10AB60001A0A01FEE604ECF40E2310EEFA03F90EC5
:10AB700003FEFC03F9F60C0FFCFFFB0CEE04F50FD3
:10AB8000FDFB1801DDFEF7F5FFFEF8F5FA0C06F8FF
:10AB90000EFB0AF6F80604FE160E0C060605F20574
:10ABA000F8010B030606F5F004FE170EF0F0F4F8BA
:10ABB000F626FDFFDF0001F40707FB0104F405F1B1
:10ABC0000402020DFD0502F6E5132609E9D4EDFBAA
:10ABD0000C0607FB05F60CFCE40401FBF304F1EBA7
:10ABE000DFE60C0103F1ED01FFF4F3F8F9E10B1FCF
:10ABF0000E0EFE0AFCF2EDE6F8FA02F2F740FF0450
:10AC000002FD02FBFCFB061728F30205EDEFD4FA68
:10AC1000FD131502FBF4F8F202F4FB07EAECEF0C6B
:10AC200006F403F8EDE4F109F70725FCF2E200056C
:10AC3000FCF001FF06F205FC00F5050EF6FD02DE54
:10AC4000F2DDE5FFEBF7DAFC0D070005050904FD71
:10AC50000603FE00F201F1F6D9FFED010DFAFFF84F
:10AC6000FCFCFF0AF9F5F42502F606071DFDDAFEE5
:10AC7000FB04F5E7EFD5040100F603F7FBF1FC0850
:10AC8000F9FE0200FDEDFFEB15EEFF0A00E502FD07
:10AC90001305FE01FEC6FE1E1707FCEE01F7F709BD
:10ACA000112C1DF3D9E602FE0603030E01F1F11B80
:10ACB00005F8FAECEDF3E403041D2CF6FAE30DFCC1
:10ACC000F8F6FB22FBE3F5FF0C0DFE17ECF100F4A8
:10ACD0000D11DF05BCF4F60503E9FAF1F8F500E81B
:10ACE000F3F109FD060E0F2306EEF112470CF104F5
:10ACF000FAFAFDE107E208F612F8FA14F1F7FB3D63
:10AD0000F60030FE25170404000AFEE80808FEF9E4
:10AD1000FB0305F7FBF6F54712F5190B080B0C07BB
:10AD2000F7F3FFCF041FFBFB060B0002F603080C32
:10AD30000DE6FD0AF1F20FFAF6FD00F6040302FD3E
:10AD4000F8F704F1F402070103EEEC1BFD0C060812
:10AD50000A03FEEA1027120EFB08FD050600F60D99
:10AD6000F509F81204100D111704FF0FF503040282
:10AD7000020C0B0FF9FFFCFFF7010EEA2617140B6C
:10AD8000021405EC02F900ECFA0A0704FAF302E6F1
:10AD9000FEFCF6050F3A1E12FE0A01020316010020
:10ADA0000E09000702071600FF0EEFE8FCFB020782
:10ADB000FF0F02FEF2FE06F509F8FE0C24FB07F673
:10ADC000FF3AE8F2E4FA00F5000009FFFADF1DEEB1
:10ADD0002B08070F1314F5E6F22304CEF016070D27
:10ADE00001FF06F40622FA0AFDEA0E02FA05EF0553
:10ADF000070EF4FF1D34FAF7FB03FCF30123FB03FA
:10AE0000FA00050EFBF5FBF701E4F1F205F4F4FDA1
:10AE1000FF0D001701F80BFE20F7050D02F7FDFEF0
:10AE2000FD28FA050FFF08FCFF0904FF0720091F92
:10AE300018FD1003F6060BF0FA14EFF4F519F10EF5
:10AE4000FF0501FFF21CFF3206EFFFFFF6F5EDEE06
:10AE500009F6FCFE190207F9FF01FD00FC020A1BBE
:10AE6000F909EF0BFD02FED104FE10EBE40B050A1D
:10AE700002F2F601F92207DEEAF5050BEB0203D92F
:10AE8000F9E6CCFBD7EAF7FD070201FCF8F106D89A
:10AE90000EFC0EFE05051DCDD7F2CA02F908E80426
:10AEA0001201080702EFFF100702FAFA0203FFDFA0
:10AEB000E5E4F4EE0FFBEC0604FE02010404FFEFF0
:10AEC000FFF405090AFE01E0E5FE0E0BFF22F7097B
:10AED000050FFF07FD1A05190304FF0FED0A07FA16
:10AEE000ECFB04091026E708050EF80602ED0F0931
:10AEF00016FD0117E3E5C8E8FEFA06F2E8CFF8FE12
:10AF00000B0EF502FBE908FE1CF3FC0AEBFAEFF965
:10AF1000081206F4F9CF09FBF8F702EFF3FC010180
:10AF20000309040FFBFE11F305E6F3F4F4C50A056B
:10AF30000413F40EFEF9020105F5F209F5E8F9EC47
:10AF4000EE11F7FE03EA0204FD02022BFC1806369E
:10AF50000EF303FEE9E7EFCFF52212FFFDF3F5F75D
:10AF60000604FDEB0715000F0A020EFDF202FB02BC
:10AF70001007E2E7E4ED04F4F7FC04CF03FBFA1456
:10AF80000103FFDEEAF701F911EEFD050F080AF7EC
:10AF9000FC0A010404070A021F0F0AFBE7F2EB3761
:10AFA000F80630EE16FEF40AF70E0A000321F71534
:10AFB000FF00FFFD010610DCE8FFF40802EF05F3D7
:10AFC000FFFD06F9F711FBFDF9090200ED12E6EEAF
:10AFD000FE0CE818E8FE1212FE0801FE03000DEA5E
:10AFE000F3FDF41302F9F10AFD12D7E5040F090984
:10AFF000FF0B02EDFF07FFF3FA08021401FF03F055
:10B000000814EFFD2C0EF50402020CF501020BF6FC
:10B01000FF0DF4F4F9FBE3FC08FF39FC150521F002
:10B02000FF09FD0EF5E8FD0EF8FD02FF0702E7F946
:10B03000131817F40D0C13FF0F000E1EFA020F1653
:10B040000207FD04F8FDFE1E2015F4CCE8DDECFE41
:10B05000070204FE021E04FCF1190206ED020FE2D3
:10B06000E2F0DFFF0017F9060A0E080A1A010AF5D6
:10B07000FC16FA0EF603F2F0E6E1E2042305FFF90E
:10B08000FA13FED6FF0517FE0D0306FAE6F9EE05E4
:10B09000ECF1D3F50AF613F6070306F7FB06030FE8
:10B0A00015F8F6FCFD1109F5FA1AF2EEF9C40D03D4
:10B0B000020DEB0F05F30FDA0F0607060EFBF8295A
:10B0C000053DE700EDA601FFF820030703EA1AF7A4
:10B0D0002EF70B14FDF9D2EE033DDDECF0D3140F87
:10B0E000FB1C00FBFF260B1BFDFD0105F9FFEAFF22
:10B0F0001C03E8DB1621F0FD01080907F81C021803
:10B10000FEF40EFFF2FE27BB11D8FD05010C05FB76
:10B110000706FE09FE0F090E2A0A0AEFDDFD070DDC
:10B120000401DFF6E508F20D080FFD06FC0B130421
:10B13000290805D5F0F6F1E8031EEEFBDE05E90966
:10B14000F8070812FD070A12FEFE07FBE3F9E7F80D
:10B1500010100700F4FB02F7F9070FFAF4F703EAFF
:10B16000FBFEFB00130C01C4E20515F4F200010321
:10B17000FC0F0B05000BF6EAFEFD06FF010C1FEAB3
:10B18000ED07A70B1CE317FE080709EEF8CC14F631
:10B19000050004EA0A1107CFEFF9C7DFF20309033C
:10B1A00003FAFC0902DD0507F7F900F5FFFD10F7CA
:10B1B00003D9FDE81A020103FAF3F1F5F7FCFC06E6
:10B1C000000713F5090201E70CDCF2F8DEDA0BF9EF
:10B1D000F90804F303CC06F410FC04FAFEF6F7D1E8
:10B1E000FAF92CF50EF9F9FD06040202F4F005183F
:10B1F00007F207EC07FEFCE70FEF100300DE06F096
:10B2000000FDFF0A0600F51514FFF5DCF9F506E967
:10B2100014061F01FBD1FDF6F901F7E50121FD0838
:10B22000010600FF02EE01B4F4FA252AF03603FA13
:10B230000A03F6F80CECFC1BEF0E0300F4F0EBEC49
:10B24000FBCF26E5E63F0B0B03000B2109F50814A5
:10B25000EB11000101011B09F4F3FC17054DEBFD97
:10B26000FF07000FFE11EEFC10FCF30F10FCD8F8E6
:10B270001A2107FEFCC403F6FDFEEFE008DBFCF438
:10B28000F704F302ECEDCB0DD01406ECFFF6FB0156
:10B2900006F8F8D901CE091CEB0303FB08F3E139EA
:10B2A000040042F50AEF06F7FFFBF514FCDFF5FF9B
:10B2B00011FC0901E20A0F2A021BFBED0ADC13FA5A
:10B2C000F511090FFFC5FD0012EA080BFAFF0BFB91
:10B2D000E7161004E7EEFEFBF806F9FDF8E1FBFFC8
:10B2E000040A07F9FDFDF74A0107E90D521DEDFDBE
:10B2F000FAF9F4E502CC070501FAF72DFCFADC3780
:10B30000FB1825E6491A0DFD040102D3FAFFFF10D0
:10B31000F602080BFC070E2508FF1501070219F2BB
:10B32000FFF502EBFF05120EFFFA07FEFAFF0824F5
:10B330000EFE002DE0120DF7FFFE03ECFF19F201E7
:10B34000F30103EAFCEC0CFF0AF8F401040DFB1214
:10B350000304F9E80B22010BF304FD0D0C01F208C4
:10B36000F61AE506DE180B0FFE190910F2FCFC09AF
:10B37000F80BF2FEF1F8FCF1F105F6080AF31417E8
:10B380000212F6E5FDF110EBE70605DCF80F04F913
:10B39000020DF8FB12FB02FF0004FBF401FD0A079B
:10B3A00006FBFAEA11142BCD0508F5F9F41E0B1172
:10B3B0000017F700FAF812E008FBF8132201F0106A
:10B3C0000166E0EADE0E07FBF50AF92B02E120D860
:10B3D0003DEB0E15EF0EF502032FE8E6F6ED0CF24D
:10B3E000040DF3D5FB30080228FEFDF7FD0EF7181B
:10B3F0001B1215FF150A10F2FD0602F2FE2FFF1DAB
:10B400000C1C0317F61C07D4F9F8F1FA15110FE517
:10B4100001070409F20913E11FFC060EFBF90F15E1
:10B42000FE18E302EBF6E603061400F7F616080A28
:10B43000181B10F5F6120AF6EEFABDF7E919DF0946
:10B44000FE070B00FA2310FE1CFA11E91505E206AF
:10B450000A1F0FF6E5020509FE0C03FD0601FB14A9
:10B46000F300F515FE01E2CAFC040FD0241916F80A
:10B4700009F8F8140A1102E8E81AFE03FE0420B4E1
:10B48000FD18AD0433E308030313F51200F005E7DC
:10B490000B0B09E50FF9DAAAE8E6D4F607F40CFB82
:10B4A000080D04FDFBC40746FB050911EB0D0CE874
:10B4B00024C7FABA01E103FD0404F9F210FC01E823
:10B4C000070D0305FD090AF011F1D4F8061EF5F485
:10B4D000F80207F603210B0CF4060502F9FDF5EF5F
:10B4E000EEFCFC160719FEF7030E0AFB02EF0F0035
:10B4F000040FF811E9F1E9DAF309EEFC3D2B0AF843
:10B50000FC0602E409EC04F408F80A05ECF1EFFF8C
:10B51000FF06D4EEF8D511F7F207FCE702FFF6FDBF
:10B5200005F70D01FAF6181518F5C2F401EBEC0752
:10B53000FCF90104090411E710FC040807F7EFF710
:10B54000EA27F3031005E2F80007F513FC0F0A00E1
:10B5500000FC0506DF0602F6D80702F70400FE0528
:10B56000F80AFEEFFC5802341BF703E8FF00CCE5B5
:10B570001CFFE3F60D1A09FA04FDFAF8091A08157A
:10B58000040E0102EE110FDA14FB03040B0F09FB8A
:10B59000F9F9F9E4050309151A0404E5EFFD0312AE
:10B5A000EB22F3F5F10604FD03FDFE16FA1FFEFC87
:10B5B000050D00DEF80EEEDBE9090600F5F1FF14DB
:10B5C000F50FFD1007EEFC02090106DDF101DFEACF
:10B5D000FF3008FEEBF509FE05F707F9FDD9FFF38B
:10B5E00005F8F7000A0AE907EC0EC7E80F060BF6A4
:10B5F0000A02F8E203F20DEF0111FBFA13FF09044E
:10B60000070E1005320D0DF701FEFEE002E211F506
:10B61000120E0CF503EFFAFEDD0018F0FAF01CFC38
:10B62000F90601FAFFE60C0816F908EEFC0CF9E839
:10B6300006DBEBF3FBFA0607FD0AFFF70F1F011904
:10B640000206000AF8032AF025CED1FE17D1F91B15
:10B65000FA08FFFD031BFFF0FF02FDDC0708FCDE1C
:10B66000F4DCEB0B0DE9F4F802F5FBD7FF32F4E95B
:10B67000F1FC03E1220421F901D0E62325C71207DA
:10B68000FDF003C2031403F3E3F0FBD51C1241FEEB
:10B69000F1CCF52CFC0F110902F9F604FB43F1FC87
:10B6A000F20E06EBF903E816DBE50E040300FFFCDF
:10B6B000F3EE0408FF17EBEAE50901F411100AEFB5
:10B6C000FEE3DF014700F8F0F7E303E00323F309AB
:10B6D000FC0E02F30E0502F21AFCF22019530204CA
:10B6E000FFFEFDD6070F030FEE0EF009F704F9F980
:10B6F0000213FF0F1F2216F7020EFDF50A0705FFC2
:10B70000F403FA210507E111E302EFE1FCF5030B75
:10B71000FFF60816F5ECFAE204F8FCEB120504DE7D
:10B720001327E2F1EA0EEF0C00F5F01006F202F634
:10B73000020AE8050AE821F8F926FC0F0429EBFFC4
:10B7400001060CEE07FC10FA180FF816010200189B
:10B75000F92DE4F6060B21FEFA07FC020F050302A1
:10B7600019F6F30AE701F2171A01F7E3DCF8080209
:10B7700005FDF71908F005FC09F7FDF0E4F314F6F0
:10B78000F60AF2FEECE7EC09FA0000FEFE180604E9
:10B790000BF40A000A1707EFEA0001FEFFE500FBC1
:10B7A00007FE0E0200F2021304F2FC08FD07F6FE8B
:10B7B000F10B0CEB1CF90F060A06FE07FFEDF70C68
:10B7C00003F8F401F7F704EB09FA090FDF01F906B2
:10B7D0000A04EFED04F20907031001FEFF09070B4D
:10B7E00003E319FCBFFB16010500071301F505FA79
:10B7F000040405FBF7F7EB0EF4FD1400E505F60372
:10B80000F9FE062009CA12FAFA010A0609FDDEEF5E
:10B81000E81C12F800B21AF811FDFC15F9E30CE966
:10B8200011F5051D04F709F90901E1C7210F08FF0A
:10B83000FCFEF0F005E2FF1C02FDFD050EF2F41D1A
:10B84000FE2C27F8F712070FFA09FDFE00D308EBCC
:10B850001DFAF513F8F3F804F00FE8EFF4031AFA01
:10B86000140303E80925082108091DFEE106F70C69
:10B8700018E6FB03240901FCFA0602E6FA3908245B
:10B88000FBFF1309F909FBFA0AE9EDE5162C12FD95
:10B89000FB1004E003030DF3FCF90A23EAEF05248F
:10B8A000E9D4E50F4C32EB01FDFA04FB0522171930
:10B8B0001611070EF410D5FFF6FEE30E0800E9EEB0
:10B8C000F60AFA0FF91609FE060FFAFCFD10E30A54
:10B8D0000A07F2F4FEFC070D0509FBECFEF9FD0971
:10B8E000F814F508E6FBE6B4F4062BE6FC0DFF01C0
:10B8F000FB0403FD0216ECE90005F10A0E0715E54D
:10B90000FC1EF1E916F009FD0616031EF5E22006FD
:10B910000C00FFFA0708E6DCFAF71CEC17F9050241
:10B92000F8040AFB09F4F5250F0708FFEBF2F4D63B
:10B9300026F901C8FCF20A01FB08F9F50BE40AFD3F
:10B9400007FFFDFCF6021515F00FFDF1F9D2080313
:10B95000FC040A0EFFE509F7F8F8FB030F01FDDA16
:10B96000FFF512FEF9D207FE02F704F0F9FFF4DA50
:10B97000F9F300DD1A03270115D7ED0BFCAA060227
:10B98000FBE608E9F520F9FCC50502E0261B2D07BA
:10B99000FDCAF6190813E6FD08F802FDF92704F7B9
:10B9A000F111FEEE13040F0FE0E8FD16FAF30EFCA2
:10B9B000FDEEF9140C05F2F9F80F0AF5FB1304FE7D
:10B9C00008DAE4031A1DF1FAF4F500EF0716F60998
:10B9D000ED0D02EC240900001FFFF51516FCF70021
:10B9E000FD04FCFB0112F707F00EF3F0FC00ECEE97
:10B9F000F61BF2FC101316FA000A0AF1F5FEF9F430
:10BA0000040AF109FB05E206EC1EE5E7F6E30D0783
:10BA10000308F1FD02E3FEF0F4FFF7ED1406F8145D
:10BA200023081CEC16FFFDFBFA05030A03E305FFE0
:10BA30001EECF4F700F10C0D0C1A1F08091AFCFBA0
:10BA4000FA0A00FEFBE7FF0F17F5F313F7F3E30025
:10BA5000FF0D04EAEEF8F401F50404FBF505050D0D
:10BA60000DFA0325F1FBF80B0F07ECE9160B0506A1
:10BA7000F80C001104F0FA1206F1060AFA030AF4AF
:10BA800007081806010AFC04000FF705F510F9066F
:10BA90000B0A090C01021107F90E050707F1F6025E
:10BAA000F7FEFE12F91E031AEAED0C08F2FDE70C90
:10BAB000FAFF0705F9EEFE01F903F90EFEFDFF0D91
:10BAC000EEF9F5F5F20609FAEF03F611EFF90D00BC
:10BAD00009FBFD04FBF506F3F700FE01040513FB6B
:10BAE0000800E6FEF9D2091206F7FB24FBF50ADF8F
:10BAF000EB04EF04100B1C0103FEE7FCD3B01306AC
:10BB000002F90604FAF9FEEBFB0604F1150D20120A
:10BB10001E0101F7F5F9E702FDFE04FFFB210E020D
:10BB2000FC040201130D01050105F0F60FFF0D01E4
:10BB300004FFFB05F70DFFF9FC01FBF618FBFF13F3
:10BB40000D0CEEFBFA1D040B02F8020DFFFE04EDD6
:10BB500002F808E505F90A071B01E5FEF2F303FF09
:10BB6000FD0007FC001709F502F6F6EE0B1212F1C4
:10BB700008F6EEFFF905FC000304FAFEFE0F0012C2
:10BB8000FCFCFEF60612EDF802EFEFF6020308F7F2
:10BB9000FFF90111FC1EFD07020303F7F900090973
:10BBA0000800F204060B050AF802040E0B1619032E
:10BBB000090205020E080EF8FD0502FC00FFFD0358
:10BBC000FF0001F901080B03F8090DFD0B0E0FFD35
:10BBD000FEEDFDF8E505FA070908FC07FF05FF0A79
:10BBE00001F60200070DFCE0FA1206F901000DFC57
:10BBF000FAFBFB0BFA0A01F0F20306F80D000BE466
:10BC000007EEF303F4F0F8080CF9FB00FEF20CDE8B
:10BC1000FC0DFEFF0A0302F0FCE8F70FF9F705023E
:10BC2000060B0000FDFE05EA05FD0BF506FC0F07FF
:10BC300014ECF4FAFCF7FE03FEF8F714040001F527
:10BC4000FF0503F4090200F8FBFBFC1BE0C1FE0149
:10BC500008000B0508E9F3DBF50601FAEDFDFB0230
:10BC6000F4FC09EBE2D213FB04F10612F5F704F23F
:10BC7000D607FCF209113507FCD3EADCC9E8E90D67
:10BC8000F0EFFD23F0DFFC09E51503EC0FF71115CC
:10BC900006F7FCF3EAC9E7FF10FB0606FED704F33C
:10BCA000F5FB02ED1B15FBF30806ECF51D19FFEF84
:10BCB0000601FCF9FFF7030802F9F2F907F5EF3581
:10BCC0001111140D130923FDFFF509ECFAE6FEF13D
:10BCD000FDF6F5FB0E020921340FF0E7FCF216FA2F
:10BCE000FD03F3E602E618F103ED07E7F0000416A2
:10BCF00015DEFFE5FCE4F9FFFBFEFEF8F806FE03A7
:10BD000000FEF4111BFD09FC200718F80A0F0509B5
:10BD1000EE00FDFBF91D030709050E22F100F018E6
:10BD2000FBC60100152108FFFFFFFAEAF60105F343
:10BD30002DF80026FEFFEB01FF2A11031C020A0169
:10BD4000FCF10204FF05F6EC080BFD07E8F4FA032A
:10BD50000A180EF9F400F3010E0EF600FBF800FCD1
:10BD6000070009F003F713ECE7291305F5FAFCFEC9
:10BD7000FD13F6FBF60B001501F5FC140405F2CDDE
:10BD80000AF911FDEFF4F20303000CFC07EA0104C9
:10BD9000F6F805F2EAFE0DF301FB2211FFFD0E0598
:10BDA000050203F303E601F4F9000E06F1EB01F1DD
:10BDB0000A19FFF5E0FEE900FA0501F8FDF603EDCA
:10BDC0000B03F20EF2030309EB2C000D11F5EDF25B
:10BDD000FDFF01EB0614F4070206FF01F4F9F2F887
:10BDE000EBCC0D11192BE1F8090A00F1000803153D
:10BDF00008050706EDF3E3FECF03130E4249FAF9F7
:10BE0000EF2300F7FEDD070515070E1BDFF6CDEF6C
:10BE1000F41806FD1EDF290C0008061B09EDFCF3D3
:10BE200000EAFE12EEF0E8FA0A11DEE30200F8FF83
:10BE3000020EF30C09F6ECFCFBFAF40803E6FC0531
:10BE4000DE0C0FFCD9FAFE07020FFBFBFCE00D0035
:10BE50001104F826F4FBEB0FDA0AF9F8090710FFD2
:10BE6000020F02090724100E07101013F217FA1A16
:10BE70000ADDCF1A22FBFE06FCF3FDF00D17FF22B0
:10BE800004FC27E8F4F711FD1EDEFAE9040E0005B4
:10BE90000CFCFCEC01F707F8FFFF0809F6F9030BAF
:10BEA000F706EC08350DFAF2F20302F6F90A01176B
:10BEB000F60B0304F201FCFAF7EA0416010006FD92
:10BEC000F005FD02FA190308F30005FBF400DDF8A4
:10BED00009E5E9F61BF20107FC01EFDEFD0F01F8B1
:10BEE000E6020707F0FB01B9FFE70B10FD0501F6BD
:10BEF00005FB04EF031009FDF6FEFC0AFE0D14EF2E
:10BF0000FD02FEFCEF090106FE0E0311FA07FD1407
:10BF10000E0AFE0DEBFE07E1EB0807F30F10DF0D35
:10BF200001FBFE1BF3F2FD0701F907FA1405F5ED1D
:10BF3000FA09EDF1EBF8FA0500F9081902D702ED5C
:10BF40000714FB0116090A0AF811E7051B02F8F7A6
:10BF500003FEFEF00904FDF7EAFFFEF502FE060F00
:10BF600000E8DB0A0801F8F0FFF7FDE1F31BFBFC3A
:10BF7000EF03F9EF02011A0C03EE041800F5F7FDC8
:10BF8000FBF303FEF80406F0F6F4FB0B0111FBFED5
:10BF9000F0FCFA10F6F60CFD03F8FC1A05FB00E4C1
:10BFA000050607ED0204E9160B08F806F5F8F0009F
:10BFB00002050AE80222FCEFE9FFFDFC030008F697
:10BFC000FBDACC131C06EEFEFCE9FCD9FF160005DB
:10BFD000F7FE01FD120903F2F2CEF3140D11FBFB83
:10BFE000FD000301FEE003FD0809F7E5FB0614E18F
:10BFF000E103170AFD080F0EFF00FD1C05E3FEEE2E
:10C00000040300F20F0E080BF513DFE0F4EA0AFE5A
:10C01000FBFA0CFEF9FFF5E8F1F2F6F0211C1AD25A
:10C020001AFBB1F419F5F7F802F9FB1A02E4FEF570
:10C03000F809E3EF05FAEFEE11F1F4070405040047
:10C040000D0203D904040901F700FAF6FBFD08020A
:10C05000F2F20AE70C0304FCFD07FA0204250E0FB6
:10C0600003FC08F1000D0BFC05DAD2F1F1F0090434
:10C070000808020FFDEA0310F9FF06EA090D00EBBC
:10C08000181724EFE401F402FEF8FC1608E9040E88
:10C09000F8F6F2F9FDF7F8F9041810E808F70004CB
:10C0A000FF06F4EFF81600F8EBF8F610010C0902A1
:10C0B000EDEBF0F106000FF9FD07FFEAF51BFC0FB1
:10C0C000F202FEEBF9EBFBEF19E80D02FD00F5FDC6
:10C0D000F50BF206FEF0F1FF020802FCFAFFEC019C
:10C0E000FAE935010C14E9F202F601060CF004132A
:10C0F000FEE90F01F301F3060AFE0DF31B1D0C1000
:10C10000F6F6081703DB05F40CFC14FEFBFC1E0717
:10C110002011E8F0FBDC000106FD010E04FD0BD749
:10C12000F7FF01FB010D141014E6B9EA0430F4F630
:10C1300005F906FD07F7F2100CFCF8FCEAF0F20A2C
:10C14000F2E0220917F705FA00F9EEFD0F07FC08E7
:10C15000FAFCFA17FCFFEBFAEF0BFD08FB1F0108D6
:10C1600002F4090301FCFE09EF130FF9050317F8A8
:10C170000D0407122F07FBFD04F0F6FD10FFFE096A
:10C18000FAFCFFE20805FFFB16FDE3FBFEF80001E9
:10C19000FFF801F904FD0C16EC02F31301F401079A
:10C1A000F6FAEE0B0BF50D06F70C04FF0808061661
:10C1B00001FBFE06FFF7E4ED030F181104EB11F984
:10C1C000FFFDF811FD07FA0DFEF50400E7FFFC0086
:10C1D000E907F5FE1012FCFE080106F6030CFDFB54
:10C1E00003F9F1F50CFFFAF21307090CE004FB0068
:10C1F0000800F7ECFA00070202F5F30BE703181E3C
:10C20000F8F23301F01C08FDF90606EC0F12FCF9F8
:10C2100002060907F4FC0C34000CFC1AF10AF600C3
:10C22000FD0607FFF12EF6E712050AFBE4EEFFF527
:10C23000E0EDD812F5FBF7FCF80AF103030404EA79
:10C24000FE0106110A0901EEF00B1D0501F903FDBF
:10C25000FDFEF7060508FDF9F8070A05FDFB00E8F5
:10C26000FC01F309E608EEFBFD00FC0211FBFDF604
:10C2700006FC0AF206080FF4FCF0EE030704FA06C7
:10C28000050207F1FC01F9F102F9FAFAFBF6F500F3
:10C29000FEEDFB020AF20707FAFAFF020403F7FEBB
:10C2A000010803FBFA01EFFBF30B050011E909F7A5
:10C2B00007FAFCFDF7F2F80202F7FC01010307019F
:10C2C000FCFDFEF5F6FD05FBFBFBFB06060302FE8F
:10C2D0000A030603F1FFFF05FF0CFA000104F7054E
:10C2E00005030805FCF507FB040B010004070CFF20
:10C2F00008FBF8FD010BFC08FE02FCF507F907023C
:10C30000FF0A071001FD100CFBFFF80801010400F3
:10C31000FC0303F7FDFD06F901020210FCFA060515
:10C32000FAF4FFF8E7FD0CF50608030000FCF1F451
:10C33000EEFF02FAFA010509FDF7F9FD0D0000FE16
:10C34000F7F604000DFF040704020CFD1108FDFEC2
:10C350000902F8FC16070406070DFAF7F8FD0403B6
:10C36000F8070501FFF50501FB02041C020902FDA7
:10C37000000702FBFA03040006F9FEF7010DF812AC
:10C380000001050901FFFD03FE0600F9FC08FCFAA7
:10C39000FF09FD0B0709F9F60002F001F9080CFE90
:10C3A000FC04F10403F800FD0005FD05FB02FFFF9E
:10C3B000051300F8E104FAFAF6FC04FF03FE000995
:10C3C00002FDF7F20805FBFE0D0301F8FB19F60666
:10C3D000020908FBFF1BFB0808FC0302F805FEF836
:10C3E000FFF7080BF8F6E7F5FC09F9F9020902185E
:10C3F0001DF60919F3F3F712F403FC12FA3BFA01E4
:10C4000002100809FEE70D1104FF0412EF00E7090E
:10C41000F62C07F303F91206F603010905EAEFEB20
:10C4200003060907FA03FC0BFA0AF8E317C3FE0137
:10C43000050803050BF9F70B0BFB050C07F4FD01D1
:10C44000EA0C14FEFBC1FCFF07F2F6F904E90AEF5F
:10C4500010F9FD1EFD07FC04E0F1E808F3DB15FC14
:10C4600004FC1004FE0BF909FC07161AFE04F6F989
:10C470000EFAE409F343FB0B0D0806ED0102F31C71
:10C48000F6FB13F5FF06030E0AE802EA091AF6F8AE
:10C49000FF0306E911F201FEFA00FF0BFCF1042193
:10C4A000F7F30E0A2914FDFB050207F6001AFB1626
:10C4B000FFFC04FFF4F3FA0DF3E2E6000C0A00FEC1
:10C4C000F70101060313FC08FE01F2FEF803DFFD8D
:10C4D00006F4F5FC12F6ECF70B0702EE0506F8EF92
:10C4E000F60BF50C02F502D103F813F2EC0902F792
:10C4F00005FFFEF5FA200202FE010111EAFF01E844
:10C50000FADFFC00F0FA02F90102030206F6F8FE77
:10C510000F02F20E00FB02EBED000202F4FEF5FC4E
:10C5200005FCFC12F5EE00F1FEF9FAFA14FD00ED3F
:10C53000FE0CF8F8E7F4F803FB0500FEF8EB04DA6C
:10C5400004FC08090EE70501F511EFEDC6C8FF046C
:10C550000FF2F8F900ED04E5EB0805F301FF15F320
:10C5600001F3FE01F7E2FA0A00F3F81905FDFEFCFB
:10C57000EBF307DC250C0FE706D40006F5CFFCFE35
:10C58000FFF8FCFE0316F8F4E2020EDE0F0E24FEA6
:10C5900008E5EA170B20F10201FCFAF6FDF6ED03BF
:10C5A000F1FF05E10A0D010304EFF30704EE11F9B1
:10C5B00001FDFCE905ED0DFBF4FBFDFA0BFFFE0AA6
:10C5C0000AEEFFFFFE010FF2F7F9F805F9FAE8E9C4
:10C5D000EF01FEF2FAEC140C07DEE611F73FFFFB69
:10C5E00002FD08DDFE000BFFEC03F5EF1201011464
:10C5F00001E0EAFE163709F90802FEECF8F8FDED55
:10C600000303F8F1FF02020DFF0FEF24F6150EFFF2
:10C61000F4FEFBF2FE04FC02E9FEF404F8F808F86C
:10C6200001F3E0F90D0BF30BFBFA000FFC13F80616
:10C630000507F11D0A091B02020C04060AFEFEF89A
:10C64000F90205FFFBEDFB0CFA0AF3100204FF01EF
:10C65000130C08000E090607FB03FE0100F4FCFBA7
:10C660000B0AF80DF6E8F81805030C03FEFF06F7B1
:10C670000B0901F6FF1A090C02FBF3FDFE04FCF0A6
:10C680000306190CF2FAFA08F90210170101FE0C60
:10C69000F3FE0500FCF010FEF0042900EDF9F601B0
:10C6A000080904140C00FB020302FEFB0FFFEA0B57
:10C6B000F314211DDC1502F605FEF702F9EB040068
:10C6C0000C0B040CF909FB07E71727F01AFA0E0DFB
:10C6D0000EF40102F400FEF20BFE04DDFCFD04E9A1
:10C6E000FDF7E301210E07FEF4001008EFFD05122F
:10C6F000200C09F40101FEFD01F608F3CC1702FA43
:10C70000F9020CEE01F7F603FF09F0E31C11EE014C
:10C71000090A29F3052BF3E508FA02EFFC15EE1BD5
:10C72000000AFDF1EBF2E3AFC70F5513F8010CF16E
:10C7300000F8FE10F4010B120601FCF505F4FBFDF8
:10C740000218100ADD11FDF8FE04FD0302D9FE0CEB
:10C75000F40801EEF306270714030CF2FDE6E4FFEC
:10C7600003F91008FBBFF6FB06EE01111608F011E5
:10C770000F0EF4F4E1ACEB01F3FEFAF9FDD2F7ECA5
:10C78000F9FBF01CFCFBF510E3042C1B10F601FC7C
:10C79000FE0B12FA0BF9FE1CFC100307F700E00673
:10C7A00006023FF7FEF214FB0306060FFCE908142D
:10C7B000D6FE0AEAEB101B2508010CF2D6E113FDA8
:10C7C000FEF3FA0705DBF7F0FC0101002519121052
:10C7D00014F00509E7E1F3F9F3F1030AFEC8FEDD01
:10C7E000F9040AE5060DF425FFF9EA222BF5F60314
:10C7F000F20B04E103EEFD1809F7FC30FFF1E41D34
:10C80000E9FD35F11FF9030101FEFAFAFF11FCFE03
:10C81000EF021602F40BFB08FFFD2910F3141E09AA
:10C82000F7EC03F7FBF0FE0CE106110A0E06041DFF
:10C830004518071B050FFCF810F5F40601FCFB0872
:10C84000FC02FDF1F9F427FEFE1EF4DF00D20D0517
:10C85000FC07010206E0FDF9F3F7FFE60CF9ECFB3B
:10C860000AFB0BF700E7F205FAFFFE0AFAF2000BEB
:10C8700006ED07000504FFF6FD0A0FFD4546FB0522
:10C8800007F8FC0701170412050405EA00010E0F62
:10C890000B1D0C0A0D060B06040602ED0310FBFC33
:10C8A000F905FEF4060CF30F15000EFDFF1C00FE4B
:10C8B000FCF9FCE108F9FB060C02020FEF08F7FA9D
:10C8C000FEFD15FAF10E0DFEF70000070901F6FB5B
:10C8D000F80B0FF4FFFB1702F40015F90240FB04FC
:10C8E0000BF60215F609F5D0EC050804151600F74D
:10C8F00002F305060221FE0C0BFE02FFF9DFF7DD55
:10C9000003FB0AEEF7F309070C02F732FA02F7F815
:10C91000F5FE03ED0AF9F90CF705FD0608FE03D64E
:10C92000FF031913FB07F1F2FDFB05240B17FEFFB4
:10C93000F6F1F5FDFBF410F903F8000F04E3EB0743
:10C9400003FAF9EDFDFDF418F20104F4F60C12F609
:10C9500001F402FBEB0BFDFAFB06F80100010712E4
:10C96000F0FC050002F50CF40BFDFA20C0ED05FC0F
:10C9700000F1FCCB030807E8E9F3F905EFF7111C18
:10C98000EFB7FD0BC6FB08FB01E807F40510FED06E
:10C99000ECF9001002094BDDD4E1B60ED3EECF1155
:10C9A00003F4F50CF50405D5F4F2F9EB0C1C05F6CF
:10C9B000B4E6FA25F3F2D4FD07FAF8F501EAF4E15A
:10C9C000F9EFECFC070AF3EFC4F5133503D0FB0EC7
:10C9D000F4F30904F6E9F2EBE9FB0BF9F5FC14F8C2
:10C9E000EDD8F003F3C71C0A04FC0AFDF60503EDBD
:10C9F000E91315E6F9141E0BF7D3BDFAF513F90286
:10CA0000FF03FBF604F90513030BFCDE010103141D
:10CA1000E7EDE9F1FBE8FB0306FFFFFBF9FD01FC95
:10CA20000908EFE2030EFAFAE8F90202E33204031E
:10CA300010F402F3070EF8E3F90CFD06F308FE0804
:10CA4000F9EFD80AC5DF0BFAEE08FB1AFFFAFAD0A5
:10CA5000F612F9EE0EFEFDEE2235DAF1F2E10BF8F8
:10CA6000030900F6FB00F901EBF302E905FDFE0105
:10CA70002FD6DBF0FBEBE3020AF4F6ECEF05F8EF60
:10CA8000F6EC08FB090712D025FFF2F907E5F6F6E8
:10CA90000A0AFB20FD030B0311FAFDF0EEEEECE2B7
:10CAA0000536F9DBD4F8F6F8FE060304FAF00215B1
:10CAB0002FFDFE080DFBE8DD2B3B2AE5DB0D010415
:10CAC00008FC010EFDFD080AE903050CF0F902F966
:10CAD000FF0DF0E91C28FBF805F3F70BFEEAFE0B4F
:10CAE0000606FDEE07F90AE6041F353217EFEF07D9
:10CAF000F20AFCF1F11400F4FDFE22EE06F6F90E46
:10CB0000EDCA30F2EA070200F4050DDBFAFE02EA94
:10CB100001E81D09110B0810F6E01608DEEBF1051F
:10CB200004FA0DF7F9DA00D8020A13FDF902000140
:10CB3000C7E5F71EF7FAF3F90206FE04FDF0F5FA71
:10CB400000030010140DEEF7CE0E2F17CAD01001FF
:10CB500009FC0606F301FFE50107020409FE09F7D7
:10CB6000FD08DFFFEADBFC08FF16F81600EE1AD21C
:10CB7000F8FEFDF9FC051DE2F4DBD2FFCCF10A0959
:10CB80000BFF05FC00F106E70002EC0310FD08F2C4
:10CB9000FEF8FC0419F409010E10F8EBF9FB06028B
:10CBA0000CEEFD010E0109F62102D6E51CE5080098
:10CBB000F903F9FD02E6F6F307F9020F1BFB032D5B
:10CBC000021FE0E5F424F6110F08F80E080700F63E
:10CBD0001FF20B22FAFB030DF105DCE5EAF703096E
:10CBE000F71B01080221FAFA0CFB050AFD13F506F2
:10CBF00010F1EDF2142AF6F70C0804F5FC31F620DA
:10CC000003030306F7EFDDE7F2E706060D2412142F
:10CC100004F9F3E00A4D0B0501F8FDEBF0001105F6
:10CC2000F2ECC9032527F4FF1109FAF5032C0DFADC
:10CC3000F20B03EEEC0AF9FA00EAEEFBF705F50752
:10CC4000FB080316F9FC0DFD0205FBE60018ECECF1
:10CC50000CF62A0702F2F90102F5F6F8FFF6FCFBE2
:10CC6000FC00F004FC00F3DDE907F8F701EF060D26
:10CC700001080005F90BF6EAF30906002C0833C594
:10CC8000F404D60A3FEE070C02080AEBF5EB18F99C
:10CC900004FEDDEC21F8F4C8D9D80FF928ED18FA14
:10CCA000FC05FB0FFDDA060E0FF301E6030100079A
:10CCB00013EFFBE124000704F3FF040B0311FBF85F
:10CCC000F5F507FE0A0B19071CE8E916FB27000516
:10CCD000FB0BFE01F9EC08F50205FCEBFD0108F980
:10CCE000FBEBD903FBB80F0C04F9FDFCF5F601E2F0
:10CCF000FC03FBEA180F33F20DDBD2F9FEC2FFFE94
:10CD000002FB0F05072604EFF40507EE0B1D493162
:10CD100002D8EB08EF15E4000B0302F3011603FD44
:10CD200008FEFB010C0BFDFFE6E6F60909E610F62E
:10CD3000FCF4F5020209FFF0F80210ECFF00F10B21
:10CD400005E2E516F81B1305FDF5F407010EFFEDEE
:10CD5000E602F3E611F515FE2508EC0301EAFFFFF4
:10CD6000FBF804F3061704E9EEF9F1E41A051CF9DF
:10CD70000CE7E5010B01FBF4FA0209F5FE0A0DF2DE
:10CD8000F6F0F10004FEF3F3E309E20C06FE1303F0
:10CD9000F90A0A0100F6E914FA0600F9FBF903E1C1
:10CDA00016020B0400EDEFF7FBFF0A320B03F10D47
:10CDB0000BFB01ED04FA010705152417F1F8FEF14C
:10CDC000FDF1FEFE020EEA03EEFCFE02FC0106F29D
:10CDD0000AF1F5FDEEF4F8EFFE000502F5FE000A9B
:10CDE000F104FCF5000302F9EEFF1D1AF00803FD43
:10CDF000FDFCFFF0FC07FFFFFCFE05F4FB03F6FA69
:10CE0000F9D2F709FFFD01FE07F004020D0001E36E
:10CE1000EA051402FE013A00EAF0EF11EC06F30411
:10CE200008FBFE0D16F1FDE5F5F908F5220EF5F605
:10CE3000DA030D3304F70709F2F70305FCECFBF105
:10CE4000F405F4F00EF00AF7EBF9FF1C10F8FC07FC
:10CE5000F9020002070402FDF80602FCFF02FC01D1
:10CE6000F3FA030AF404030106000106FF00FAFFC7
:10CE7000FC07FE07F904FDFF05FE00FEFE040500A9
:10CE800000F307FAFF0009FDFFF5FA03FE0806FBB1
:10CE9000F7FDFD0800F108FDFEFCFB06F5FE0702AC
:10CEA000FDFAFDFBF90506F901FE00FCFF05FBF5A7
:10CEB0000104FEFFFC0200010706F3FDF902FC017C
:10CEC000FC0202FA05F6FF060A05FBFEF6FD060562
:10CED000FD00FC000103FE01FE03FE03FCF6FFFD66
:10CEE000FD07FBFCFBF601000201FCFC06FCFBF964
:10CEF000FA01FD040DFCFD01FDFFFC03FAFA00FA46
:10CF0000F9F7F7FF0B01F2FC000200FEFBF702FC51
:10CF1000FDF900020501FE0006F903FB0C05FE0504
:10CF200001FFFBFB0701F80B01FDFBF9FD02060405
:10CF3000020301FCF903FFF7FFFDFAFFF9FF04F814
:10CF4000FDFD00FE030105FF03FEFBFEFEFFF5F6FF
:10CF5000FBF9FBFEF5040A02F501FE0100FDFBFCF6
:10CF6000FD0404F802FB01FDFB0207F701F80108CC
:10CF70000802FDFE01FF0202FA04F900FF00FBF5C2
:10CF800001010101FF050002FBFA09FC050209FA93
:10CF90000402FA05F20107FAFE030006F4FFFDFAA7
:10CFA000FAFD060703040004F701FC0000FD000A77
:10CFB000FC00030500FDFE000100FE0401F7FD007A
:10CFC000FFFBFFFEFB030A060BFA00FD10190DFA2A
:10CFD000FEFBFFF00A06000002FF02FF02FAF1FE6C
:10CFE0000AF2EE0AEE21F809011905DFF104FA133D
:10CFF0000504FE08F6F8E60CDE0720FF3A450BFFB5
:10D00000F90F06FBFDFE000D06F7070EF3E5DB1238
:10D01000F91402F204E326FE0305F7F5FCE001072C
:10D02000F5FB0300EFEDDE1A0EFE0FFDE4E8EF0165
:10D030000402020001F70002FEEFF906FF000DE610
:10D040000A08EE07F517E10C0102FEEEFC02040CE3
:10D05000120E03110AFB00F5DE0CFBEA012AF9FCB3
:10D060000E040121F60805121D14122EF4FB05F51D
:10D070000406080CFC241305F8FDFEFD0ADE0DE590
:10D0800016F906FBFF001F26FAFC1109EAE1F0037E
:10D090000410ED180305050A0EFA00F117F7EDE488
:10D0A000F70A0D1004EEFB04FFEFFAFDFDEFFCF7AD
:10D0B000F4F7ECF6F400FBF71AEEFDFA06F81504A7
:10D0C000FF050801FD03ED02FEF8010207FA11FD5C
:10D0D00005EC0A09090EF013FDF3FD0D080906EB36
:10D0E000F6F306ED08FB1BFE21FAEC2FE5F3010930
:10D0F00000F702ED010A07FA0EFB0DFCE4F6EF174C
:10D10000EBD028F9C81202FBF3F0FFE0FD0705F8A9
:10D11000F7000503EAFD13E3DEECFBF9E400E408A5
:10D12000FAEDF609040DF5E0ECF9EAFDFE0C15E860
:10D13000B7DAD012C9E4E500F6010A18F6ECF8E413
:10D1400000F9EA000AF8F0F0BCF5DD21F805040565
:10D15000FB01FDF0010D00FD0A04F70AF8FBF008E1
:10D16000FEF105FE240B07FDFF050AED04FF021684
:10D170000EF1F9070CF0F70EFD0C1CF22330F5034D
:10D18000FD0000F10003FE0F13FE03F606FCFC0792
:10D19000021909010DF20813FB0907FAFFF5FB025A
:10D1A00007F6FFF3F903F611FAFB05F8FE00010399
:10D1B0001007F8F200FEFD020BFEF606FE07EDF189
:10D1C00000020AF9E608FC04FC0507F902EDFDFD82
:10D1D0001401070A0302FFFCFA0DF9F80A05060C10
:10D1E0000E00EE03FB0303F6F9000B00FFF9060F38
:10D1F00000F4030BF01000F9F5F504F9080C0AEF40
:10D2000009FF05F1F5F8FD2804F4E4E807F8EFFF5D
:10D21000F703F50A03EDFE0404000C0B0AEAF2F032
:10D2200003060D06EEEC0001FDF00AFDFEE7000E20
:10D230000A01E3F2F9F804181AF40501F4032101D4
:10D2400008F303FDFCFFF51607FC09F803F90C1AB7
:10D2500004D7F0FF0E1AE804F8EFFD01FB1CFCF800
:10D2600000F3F70209FD10F216F1FF10BF01F903F8
:10D27000FAF8FCF004FB040513FFF915EEF703F5CB
:10D28000F0D206FEB609FCFD0AFC06E60519F5EC2F
:10D29000F1FE060FE6081CD5D4D7E60FE6FCE00A3F
:10D2A00000EDFD0E0106F3D401FFF0FBF7021CEBCD
:10D2B000BAEBB5F9F3F4E4FDFDF7FE0004F0FAF281
:10D2C000FAFDF3F20C04F6EFD20BF41F1909070C68
:10D2D00000000C00FFF4F7F405FAFFFD0600F1066C
:10D2E0000C15FEFF12FC02FF0301F600F8E7FCFD3F
:10D2F000F50801FC0FFF15F90E0109112D4CF8037B
:10D30000FAFD07FB0821F50FF3FC04F402031208F1
:10D310000205F9030DF80402FC0A020A04100408CD
:10D32000FA1305E20B09070A15F70C010C1FEFFDB4
:10D33000F706F6F2FE0D01F60F0A0109FB08FCFAEA
:10D3400017040F0105DD04F503F204F904F0F4F904
:10D35000FA010AF7FE0511F90AFD1701FC14FF088E
:10D3600003FD070A000DFDE2FA0305000E030DF7A9
:10D37000EFE714192010E6F700F005FC06F2F7DEDF
:10D3800009F207FCF307EF06F1F7F515F6F703F8D6
:10D390000CFAFDFE0201F72303FE03FC0207F9EE7F
:10D3A00000161D08F50702F803000C00F912F31B24
:10D3B0000901FE04000203E80AF3170BD8FCFD077D
:10D3C000FCEC01FDFCFEFB11ECF4FC0D080208F87E
:10D3D00005E3EB05F601FBF60205F8F7FF0301068E
:10D3E000F2F7FFF40DFAFFE70DF41033BF010CF470
:10D3F00001FA06EEFB090DF0F6F2070FED0118FF3A
:10D40000F9BB0705D7F80905FEE606001010FACDAE
:10D41000E1F4011D01FF3BE1C2C8BF2AC5F3D30BF4
:10D42000FFF7FA040304F7CA0F06F1EE1C0E02F42C
:10D43000BCDBDC0CD5F1F000EFF206FF01F4FEF1ED
:10D44000F902F0E32D10F3EBBAFB0E3405060000F1
:10D4500000000000000000000000000002030000C7
:10D46000000000000000000000000000FCFA0000C6
:10D4700000000000000000000000000002F00000BA
:10D4800000000000000000000000000001DF0000BC
:10D49000000000000000000000000000FD1200007D
:10D4A000000000000000000000000000FF17000066
:10D4B000000000000000000000000000040F000059
:10D4C0000000000000000000000000000AF2000060
:10D4D000000000000000000000000000FEEF00005F
:10D4E0000000000000000000000000000603000033
:10D4F000000000000000000000000000FA1E000014
:10D500000000000000000000000000000212000007
:10D5100000000000000000000000000008080000FB
:10D5200000000000000000000000000007FF0000F5
:10D53000000000000000000000000000FC100000DF
:10D54000000000000000000000000000071F0000B5
:10D550000000000000000000000000000433000094
:10D560000000000000000000000000000037000084
:10D57000000000000000000000000000FF25000087
:10D58000000000000000000000000000FAED0000B4
:10D59000000000000000000000000000FD0100008D
:10D5A000000000000000000000000000021A00005F
:10D5B0000000000000000000000000000B1B000045
:10D5C0000000000000000000000000000E0A000043
:10D5D0000000000000000000000000000001E90061
:10D5E00000000000000000000000000000E7CD0087
:10D5F00000000000000000000000000000E8E00063
:10D6000000000000000000000000000000E9D6005B
:10D61000000000000000000000000000000BE60019
:10D6200000000000000000000000000000FB1000EF
:10D63000000000000000000000000000002B1400AB
:10D6400000000000000000000000000000290B00A6
:10D6500000000000000000000000000000380F0083
:10D6600000000000000000000000000000FAFB00C5
:10D67000000000000000000000000000001BFE0091
:10D68000000000000000000000000000002915005C
:10D6900000000000000000000000000000201E004C
:10D6A00000000000000000000000000000FE250057
:10D6B00000000000000000000000000000D9FF0092
:10D6C000000000000000000000000000000F1A0031
:10D6D00000000000000000000000000000F6FB0059
:10D6E0000000000000000000000000000006F20042
:10D6F00000000000000000000000000000FCF50039
:10D7000000000000000000000000000000FEF90022
:10D7100000000000000000000000000000D3CF0067
:10D7200000000000000000000000000000E6E4002F
:10D730000000000000000000000000000012FD00DA
:10D7400000000000000000000000000000FCFD00E0
:10D7500000000000000000000000000000EA0100DE
:10D7600000000000000000000000000000000503B1
:10D770000000000000000000000000000000090898
:10D78000000000000000000000000000000002F1A6
:10D790000000000000000000000000000000D801B0
:10D7A0000000000000000000000000000000EA1B74
:10D7B00000000000000000000000000000000DFC60
:10D7C00000000000000000000000000000000E0A41
:10D7D0000000000000000000000000000000FDEB61
:10D7E0000000000000000000000000000000EA0B44
:10D7F0000000000000000000000000000000E5251F
:10D80000000000000000000000000000000007F61B
:10D810000000000000000000000000000000F90609
:10D82000000000000000000000000000000006E60C
:10D830000000000000000000000000000000ED11EA
:10D840000000000000000000000000000000E130C7
:10D8500000000000000000000000000000003FF990
:10D860000000000000000000000000000000240C88
:10D870000000000000000000000000000000160191
:10D880000000000000000000000000000000FAFF9F
:10D890000000000000000000000000000000EF1485
:10D8A00000000000000000000000000000004B022B
:10D8B000000000000000000000000000000027EE53
:10D8C00000000000000000000000000000000FF851
:10D8D000000000000000000000000000000006F84A
:10D8E0000000000000000000000000000000F6063C
:10D8F000000000000000000000000000000000E444
:10D900000500000000000000000000000000000012
:10D91000EC0000000000000000000000000000EB30
:10D92000FE0000000000000000000000000000F504
:10D93000ED0000000000000000000000000000FDFD
:10D94000F50000000000000000000000000000EDF5
:10D95000E7000000000000000000000000000022BE
:10D96000190000000000000000000000000000FBA3
:10D97000FB0000000000000000000000000000F1BB
:10D98000E80000000000000000000000000000FAB5
:10D99000E500000000000000000000000000000C96
:10D9A000F60000000000000000000000000000126F
:10D9B0000400000000000000000000000000000F54
:10D9C000080000000000000000000000000000FC53
:10D9D000EA0000000000000000000000000000FF5E
:10D9E0000000000000000000000000000000000D2A
:10D9F000160000000000000000000000000000070A
:10DA000007000000000000000000000000000012FD
:10DA10000B0000000000000000000000000000F10A
:10DA2000F2000000000000000000000000000008FC
:10DA300003000000000000000000000000000012D1
:10DA40000F00000000000000000000000000000CBB
:10DA50000600000000000000000000000000002799
:10DA60001F0000000000000000000000000000F6A1
:10DA7000FF0000000000000000000000000000EDBA
:10DA8000ED000000000000000000000000000000A9
:10DA9000F2F30000000000000000000000000000A1
:10DAA000F302000000000000000000000000000081
:10DAB000060100000000000000000000000000005F
:10DAC0000BFA000000000000000000000000000051
:10DAD000060200000000000000000000000000003E
:10DAE000F002000000000000000000000000000044
:10DAF000EEF7000000000000000000000000000041
:10DB0000FAFC00000000000000000000000000001F
:10DB10001EFA0000000000000000000000000000ED
:10DB200006040000000000000000000000000000EB
:10DB3000F9FF0000000000000000000000000000ED
:10DB4000EEEE0000000000000000000000000000F9
:10DB5000F0010000000000000000000000000000D4
:10DB6000230B000000000000000000000000000087
:10DB700009FB0000000000000000000000000000A1
:10DB8000EF000000000000000000000000000000A6
:10DB90000102000000000000000000000000000082
:10DBA00004F300000000000000000000000000007E
:10DBB000F806000000000000000000000000000067
:10DBC0000814000000000000000000000000000039
:10DBD00002FE000000000000000000000000000045
:10DBE0000EFA00000000000000000000000000002D
:10DBF000F5F9000000000000000000000000000037
:10DC0000FD07000000000000000000000000000010
:10DC1000FC0A0000000000000000000000000000FE
:10DC200000FE0B00000000000000000000000000EB
:10DC3000001A0300000000000000000000000000C7
:10DC400000260900000000000000000000000000A5
:10DC5000001F0400000000000000000000000000A1
:10DC6000001DEF00000000000000000000000000A8
:10DC7000000D020000000000000000000000000095
:10DC80000017040000000000000000000000000079
:10DC90000030F20000000000000000000000000062
:10DCA000001CF30000000000000000000000000065
:10DCB0000022FE0000000000000000000000000044
:10DCC000000404000000000000000000000000004C
:10DCD0000025F80000000000000000000000000027
:10DCE0000032F3000000000000000000000000000F
:10DCF0000022FC0000000000000000000000000006
:10DD00000025ED0000000000000000000000000001
:10DD1000002F0100000000000000000000000000D3
:10DD2000001EFA00000000000000000000000000DB
:10DD300000240300000000000000000000000000BC
:10DD40000029FC00000000000000000000000000AE
:10DD50000009F300000000000000000000000000C7
:10DD6000001BFD000000000000000000000000009B
:10DD70000038020000000000000000000000000069
:10DD8000002A000000000000000000000000000069
:10DD90000004F5000000000000000000000000008A
:10DDA000000105000000000000000000000000006D
:10DDB0000000FDF400000000000000000000000072
:10DDC0000000F7F500000000000000000000000067
:10DDD0000000F0F50000000000000000000000005E
:10DDE0000000F4F20000000000000000000000004D
:10DDF0000000FAF600000000000000000000000033
:10DE00000000F4F10000000000000000000000002D
:10DE1000000003EE00000000000000000000000011
:10DE20000000FF06000000000000000000000000ED
:10DE30000000FFFF000000000000000000000000E4
:10DE4000000001FD000000000000000000000000D4
:10DE5000000002F5000000000000000000000000CB
:10DE60000000FE02000000000000000000000000B2
:10DE700000000EF80000000000000000000000009C
:10DE8000000002F20000000000000000000000009E
:10DE90000000FBED0000000000000000000000009A
:10DEA0000000FBF600000000000000000000000081
:10DEB00000000CFF00000000000000000000000057
:10DEC0000000110800000000000000000000000039
:10DED0000000FEFB00000000000000000000000049
:10DEE0000000FE1000000000000000000000000024
:10DEF0000000F7E900000000000000000000000042
:10DF00000000180E000000000000000000000000EB
:10DF10000000090A000000000000000000000000EE
:10DF20000000FB00000000000000000000000000F6
:10DF3000000007F9000000000000000000000000E1
:10DF400000000008FA0000000000000000000000CF
:10DF50000000000E090000000000000000000000AA
:10DF6000000000F91B00000000000000000000009D
:10DF7000000000FE10000000000000000000000093
:10DF8000000000CAE70000000000000000000000E0
:10DF900000000005F200000000000000000000008A
:10DFA00000000023FC000000000000000000000052
:10DFB0000000001F0F000000000000000000000033
:10DFC000000000142C000000000000000000000011
:10DFD000000000D30C000000000000000000000062
:10DFE000000000DEED000000000000000000000066
:10DFF000000000FCF5000000000000000000000030
:10E000000000000F030000000000000000000000FE
:10E01000000000F2240000000000000000000000EA
:10E02000000000D417000000000000000000000005
:10E03000000000EAF2000000000000000000000004
:10E04000000000D1D300000000000000000000002C
:10E05000000000FAF80000000000000000000000CE
:10E06000000000F621000000000000000000000099
:10E07000000000DD050000000000000000000000BE
:10E08000000000F60000000000000000000000009A
:10E09000000000C8E00000000000000000000000D8
:10E0A00000000000D500000000000000000000009B
:10E0B000000000F608000000000000000000000062
:10E0C000000000EA0C00000000000000000000005A
:10E0D00000000000FAF60000000000000000000050
:10E0E000000000000005000000000000000000002B
:10E0F00000000000FAFD0000000000000000000029
:10E1000000000000080E00000000000000000000F9
:10E1100000000000F9000000000000000000000006
:10E1200000000000010100000000000000000000ED
:10E1300000000000FBE900000000000000000000FB
:10E1400000000000FFF600000000000000000000DA
:10E1500000000000000D00000000000000000000B2
:10E1600000000000030800000000000000000000A4
:10E1700000000000F9F900000000000000000000AD
:10E1800000000000F8020000000000000000000095
:10E1900000000000F1FC0000000000000000000092
:10E1A0000000000009140000000000000000000052
:10E1B0000000000001050000000000000000000059
:10E1C00000000000FCFD0000000000000000000056
:10E1D00000000000F8F60000000000000000000051
:10E1E00000000000F1F3000000000000000000004B
:10E1F0000000000006F60000000000000000000023
:10E2000000000000F8F7000000000000000000001F
:10E2100000000000FF0800000000000000000000F7
:10E2200000000000F2F40000000000000000000008
:10E23000000000000D0300000000000000000000CE
:10E2400000000000F1FA00000000000000000000E3
:10E2500000000000F0FB00000000000000000000D3
:10E260000000000000F4FE000000000000000000BC
:10E270000000000000F8080000000000000000009E
:10E280000000000000F40D0000000000000000008D
:10E290000000000000170700000000000000000060
:10E2A00000000000000EFA00000000000000000066
:10E2B0000000000000F91500000000000000000050
:10E2C0000000000000C1030000000000000000008A
:10E2D000000000000009EF00000000000000000046
:10E2E00000000000004FE2000000000000000000FD
:10E2F000000000000047E3000000000000000000F4
:10E300000000000000E80D00000000000000000018
:10E3100000000000000AE90000000000000000000A
:10E32000000000000039DB000000000000000000D9
:10E3300000000000004AC8000000000000000000CB
:10E3400000000000001ADE000000000000000000D5
:10E3500000000000000206000000000000000000B5
:10E36000000000000013E7000000000000000000B3
:10E37000000000000025EA0000000000000000008E
:10E38000000000000003EE0000000000000000009C
:10E390000000000000BCF4000000000000000000CD
:10E3A000000000000006EF00000000000000000078
:10E3B000000000000001ED0000000000000000006F
:10E3C0000000000000EF0B00000000000000000053
:10E3D0000000000000DC150000000000000000004C
:10E3E0000000000000DC070000000000000000004A
:10E3F000000000000000F904000000000000000020
:10E40000000000000000F003000000000000000019
:10E4100000000000000002030000000000000000F7
:10E42000000000000000121C0000000000000000BE
:10E430000000000000002D19000000000000000096
:10E44000000000000000FDF80000000000000000D7
:10E45000000000000000FF120000000000000000AB
:10E460000000000000000AF30000000000000000AF
:10E470000000000000000216000000000000000084
:10E480000000000000001F1E00000000000000004F
:10E49000000000000000EFFB000000000000000092
:10E4A000000000000000F00E00000000000000006E
:10E4B0000000000000000E0D000000000000000041
:10E4C000000000000000231E00000000000000000B
:10E4D0000000000000001A19000000000000000009
:10E4E000000000000000FBFE000000000000000033
:10E4F000000000000000020B00000000000000000F
:10E50000000000000000FD220000000000000000EC
:10E51000000000000000FA0E0000000000000000F3
:10E52000000000000000FF000000000000000000EC
:10E530000000000000000C0E0000000000000000C1
:10E5400000000000000001120000000000000000B8
:10E55000000000000000F9150000000000000000AD
:10E56000000000000000F8010000000000000000B2
:10E57000000000000000FB0300000000000000009D
:10E580000000000000000009FA0000000000000088
:10E590000000000000000000060000000000000075
:10E5A000000000000000000716000000000000004E
:10E5B0000000000000000013F70000000000000051
:10E5C000000000000000000EE90000000000000054
:10E5D00000000000000000F40D000000000000003A
:10E5E0000000000000000008020000000000000021
:10E5F0000000000000000009E5000000000000002D
:10E6000000000000000000F6E40000000000000030
:10E6100000000000000000F8E7000000000000001B
:10E620000000000000000007E00000000000000003
:10E630000000000000000007DB00000000000000F8
:10E6400000000000000000000500000000000000C5
:10E6500000000000000000F12F000000000000009A
:10E6600000000000000000F725000000000000008E
:10E67000000000000000000A12000000000000007E
:10E6800000000000000000EA3A0000000000000066
:10E6900000000000000000F4440000000000000042
:10E6A00000000000000000E629000000000000005B
:10E6B00000000000000000EBE90000000000000086
:10E6C00000000000000000F3060000000000000051
:10E6D00000000000000000F8EA0000000000000058
:10E6E00000000000000000FECC0000000000000060
:10E6F00000000000000000EFD1000000000000005A
:10E7000000000000000000E3DA000000000000004C
:10E71000000000000000000001ED0000000000000B
:10E720000000000000000000FB18000000000000D6
:10E730000000000000000000EA00000000000000EF
:10E74000000000000000000001D5000000000000F3
:10E75000000000000000000018CF000000000000D2
:10E760000000000000000000FCE6000000000000C7
:10E77000000000000000000013FD00000000000089
:10E7800000000000000000000C3D00000000000040
:10E790000000000000000000DE5400000000000047
:10E7A0000000000000000000DF3400000000000056
:10E7B0000000000000000000EF0700000000000063
:10E7C00000000000000000001FEA00000000000040
:10E7D000000000000000000033C000000000000046
:10E7E000000000000000000034F000000000000005
:10E7F00000000000000000001F1D000000000000DD
:10E800000000000000000000E81900000000000007
:10E810000000000000000000D4160000000000000E
:10E820000000000000000000DEFC0000000000000E
:10E83000000000000000000002F7000000000000DF
:10E84000000000000000000005F8000000000000CB
:10E85000000000000000000015FF000000000000A4
:10E860000000000000000000F3FB000000000000BA
:10E870000000000000000000F8040000000000009C
:10E880000000000000000000F2E1000000000000B5
:10E890000000000000000000F8EE00000000000092
:10E8A000000000000000000000FCFB000000000071
:10E8B000000000000000000000030600000000004F
:10E8C000000000000000000000E602000000000060
:10E8D000000000000000000000F503000000000040
:10E8E000000000000000000000FFFD00000000002C
:10E8F000000000000000000000F1FA00000000002D
:10E90000000000000000000000F1FA00000000001C
:10E91000000000000000000000E80000000000000F
:10E92000000000000000000000F8EE000000000001
:10E9300000000000000000000015F40000000000CE
:10E94000000000000000000000F2F70000000000DE
:10E9500000000000000000000005ED0000000000C5
:10E960000000000000000000000DEF0000000000AB
:10E970000000000000000000000002000000000095
:10E980000000000000000000000F04000000000074
:10E99000000000000000000000F7EF000000000091
:10E9A000000000000000000000EEF9000000000080
:10E9B00000000000000000000001F1000000000065
:10E9C000000000000000000000F60400000000004D
:10E9D0000000000000000000001412000000000011
:10E9E00000000000000000000041F00000000000F6
:10E9F0000000000000000000001C1A0000000000E1
:10EA00000000000000000000001B040000000000E7
:10EA10000000000000000000001FFF0000000000D8
:10EA200000000000000000000009120000000000CB
:10EA30000000000000000000000029F000000000BD
:10EA40000000000000000000000030130000000083
:10EA500000000000000000000000240F0000000083
:10EA600000000000000000000000260B0000000075
:10EA7000000000000000000000000B060000000085
:10EA80000000000000000000000028FD0000000061
:10EA9000000000000000000000001F030000000054
:10EAA000000000000000000000000F1D000000003A
:10EAB000000000000000000000000018000000003E
:10EAC00000000000000000000000FD0C000000003D
:10EAD000000000000000000000000404000000002E
:10EAE0000000000000000000000008FC0000000022
:10EAF00000000000000000000000090C0000000001
:10EB0000000000000000000000000A1500000000E6
:10EB1000000000000000000000000D1800000000D0
:10EB200000000000000000000000F41000000000E1
:10EB300000000000000000000000EDEC00000000FC
:10EB400000000000000000000000FDEB00000000DD
:10EB500000000000000000000000F1F500000000CF
:10EB600000000000000000000000FAF500000000B6
:10EB70000000000000000000000000000000000095
:10EB800000000000000000000000F6F5000000009A
:10EB900000000000000000000000F4F5000000008C
:10EBA00000000000000000000000F7EF000000007F
:10EBB00000000000000000000000F4EC010B07E77B
:10EBC000000000000000000000000000062D15DD20
:10EBD000000000000000000000000000053A0FEBFC
:10EBE0000000000000000000000000000A3221F3D5
:10EBF000000000000000000000000000031719ECF6
:10EC0000000000000000000000000000FDFFFDE625
:10EC1000000000000000000000000000000F1EDDEA
:10EC2000000000000000000000000000071233EAAE
:10EC3000000000000000000000000000FE041AF3C5
:10EC400000000000000000000000000009FF23E6B3
:10EC500000000000000000000000000000FCEDF1DA
:10EC6000000000000000000000000000FFFFE1F4D1
:10EC700000000000000000000000000002F5EFF7B7
:10EC8000000000000000000000000000FF0315006D
:10EC900000000000000000000000000006FC1BF562
:10ECA000000000000000000000000000FEF719F75F
:10ECB000000000000000000000000000F4ECEEFC8A
:10ECC000000000000000000000000000F8EFEF0767
:10ECD000000000000000000000000000F5EBF0194B
:10ECE000000000000000000000000000F6ED131717
:10ECF00000000000000000000000000004FE0EFC08
:10ED000000000000000000000000000010FEF6EF10
:10ED1000000000000000000000000000060601F4F2
:10ED200000000000000000000000000001F2E8FF09
:10ED300000000000000000000000000008ECE60FEA
:10ED40000000000000000000000000000000E402DD
:10ED5000F0E3000000000000000000000000E6F802
:10ED6000EAE7000000000000000000000000E719D2
:10ED700002E8000000000000000000000000C8FFE2
:10ED800002E0000000000000000000000000E203BC
:10ED9000F3EB000000000000000000000000E91696
:10EDA000FFDC000000000000000000000000F60F83
:10EDB00008EB000000000000000000000000E91661
:10EDC00003E2000000000000000000000000BBFAA9
:10EDD000E4E8000000000000000000000000EB0D6F
:10EDE000FCE5000000000000000000000000F92A1F
:10EDF00018ED000000000000000000000000F31B00
:10EE000018E1000000000000000000000000D2F93E
:10EE1000F5D9000000000000000000000000E6023C
:10EE2000EAEA000000000000000000000000060EFA
:10EE30000CFA000000000000000000000000EE28B6
:10EE40001CE3000000000000000000000000EF21B3
:10EE500016DC000000000000000000000000FAE8DE
:10EE6000F7EF0000000000000000000000002A0191
:10EE7000EEFA00000000000000000000000022F494
:10EE8000F402000000000000000000000000DF119C
:10EE90001CF6000000000000000000000000ED165D
:10EEA00019040000000000000000000000000AFC3F
:10EEB00008030000000000000000000000001EF039
:10EEC000F8FE00000000000000000000000019FB38
:10EED000FEFA00000000000000000000000000003A
:10EEE000FBEC00F500000000000000000000000046
:10EEF000FA2EF0E300000000000000000000000017
:10EF0000DD1B0514000000000000000000000000F0
:10EF10002BF2143800000000000000000000000088
:10EF200001F5EC07000000000000000000000000F8
:10EF300001F11F350000000000000000000000008B
:10EF40001FEDF014000000000000000000000000B1
:10EF5000F1E918C5000000000000000000000000FA
:10EF60001EDD1A0300000000000000000000000089
:10EF7000F0E80802000000000000000000000000AF
:10EF80001DEE59130000000000000000000000000A
:10EF900029DA0D0C00000000000000000000000055
:10EFA000E8DF18D6000000000000000000000000AC
:10EFB00018D333F000000000000000000000000043
:10EFC000F8D22FE400000000000000000000000064
:10EFD00018F2320A000000000000000000000000EB
:10EFE0003CE520F5000000000000000000000000EB
:10EFF000F1DEEBF100000000000000000000000066
:10F0000003E72AE500000000000000000000000007
:10F0100005FDF8E400000000000000000000000012
:10F02000F8F420FC000000000000000000000000D8
:10F030001CE9FAF0000000000000000000000000E1
:10F04000EFF6F700000000000000000000000000E4
:10F0500001F522D8000000000000000000000000C0
:10F06000F4EA0BF4000000000000000000000000C3
:10F070000000FA0F06EA0000000000000000000097
:10F080000000EBF7EBE900000000000000000000CA
:10F090000000FAE4DEF100000000000000000000C3
:10F0A0000000F8F9F9CE00000000000000000000A8
:10F0B000000007FB0FFF0000000000000000000040
:10F0C0000000011732E30000000000000000000013
:10F0D0000000F4F310F80000000000000000000041
:10F0E000000018E0D1E00000000000000000000077
:10F0F00000001B23CACF0000000000000000000039
:10F10000000028F1140300000000000000000000CF
:10F11000000020082C2E000000000000000000006D
:10F12000000004D3232700000000000000000000BE
:10F13000000024F9F4C400000000000000000000FA
:10F14000000031FAC7FC00000000000000000000D1
:10F15000000046EE251A000000000000000000003C
:10F1600000001BF902230000000000000000000066
:10F170000000FCFE0B210000000000000000000069
:10F18000000014FDD2AA00000000000000000000F2
:10F1900000002CF7D5200000000000000000000057
:10F1A00000001FDC2C070000000000000000000031
:10F1B0000000081BF50B000000000000000000002C
:10F1C0000000101A02D6000000000000000000003D
:10F1D000000000F5E2DF0000000000000000000079
:10F1E000000020CFFF16000000000000000000001B
:10F1F000000004E21508000000000000000000000C
:10F2000000000000E6CE121900000000000000001F
:10F2100000000000C8D10BF5000000000000000055
:10F2200000000000CCE805F900000000000000002C
:10F2300000000000EA0801F30000000000000000E8
:10F24000000000001D1705FD000000000000000088
:10F2500000000000F9CCFD1F0000000000000000CD
:10F2600000000000E9CF071A0000000000000000C5
:10F2700000000000D4C2261B0000000000000000B7
:10F2800000000000C6E1330800000000000000009C
:10F2900000000000DE06371600000000000000003D
:10F2A0000000000003FE0C1400000000000000003D
:10F2B0000000000008C10913000000000000000069
:10F2C00000000000FFA6FD0B000000000000000091
:10F2D00000000000DFC50B2B000000000000000054
:10F2E00000000000CBE9141900000000000000003D
:10F2F000000000000B151D1F0000000000000000B2
:10F3000000000000130711190000000000000000B9
:10F31000000000002526FF10000000000000000093
:10F32000000000001926031C00000000000000007F
:10F330000000000003EEFC150000000000000000CB
:10F34000000000002A22ED13000000000000000071
:10F35000000000002643F21300000000000000003F
:10F36000000000002D32F802000000000000000044
:10F37000000000001B21221C000000000000000013
:10F380000000000011EC180A00000000000000005E
:10F390000000000000000C1DF5210000000000002E
:10F3A0000000000000001217F8210000000000001B
:10F3B000000000000000001AF81F0000000000001C
:10F3C000000000000000F212EE0F0000000000003C
:10F3D000000000000000FF0AEF0200000000000033
:10F3E000000000000000040FE90000000000000021
:10F3F0000000000000001835FB20000000000000A5
:10F400000000000000000E14E21D000000000000DB
:10F41000000000000000021CE70B000000000000DC
:10F420000000000000000107F2EA000000000000F8
:10F43000000000000000F50EE2EB000000000000FC
:10F44000000000000000F812F40B000000000000B3
:10F45000000000000000F012CD13000000000000CA
:10F46000000000000000EF1CE501000000000000AB
:10F47000000000000000FA06E8ED000000000000B7
:10F48000000000000000EE0E04100000000000006C
:10F49000000000000000F6F715EC0000000000007E
:10F4A000000000000000EEF8160A00000000000056
:10F4B000000000000000E9FD07EE00000000000071
:10F4C000000000000000F1F5F2E100000000000083
:10F4D00000000000000010F83CF0000000000000F8
:10F4E000000000000000FEDA2FF100000000000024
:10F4F00000000000000009F00C0400000000000003
:10F5000000000000000000FDFFFC00000000000003
:10F51000000000000000FCFD1AFB000000000000DD
:10F520000000000000000000F1F2FFF30000000006
:10F530000000000000000000F7F4E20000000000FE
:10F540000000000000000000F6ECE4F600000000FF
:10F550000000000000000000FECBE7F50000000006
:10F56000000000000000000008D4FAEE00000000D7
:10F5700000000000000000000AE9EDF900000000B2
:10F580000000000000000000F61406F1000000007A
:10F590000000000000000000E613F4F0000000008E
:10F5A0000000000000000000E817F4E70000000081
:10F5B0000000000000000000EE0D03ED0000000060
:10F5C00000000000000000000AE50CF70000000049
:10F5D00000000000000000000E2B240600000000C8
:10F5E0000000000000000000FE492CFF00000000A9
:10F5F00000000000000000000A4C1108000000009C
:10F600000000000000000000EB13EEF2000000001C
:10F61000000000000000000007E80BFD00000000F3
:10F62000000000000000000016CC1B0200000000DB
:10F63000000000000000000015E22DFF00000000A7
:10F64000000000000000000016103E160000000040
:10F650000000000000000000F4200107000000008E
:10F660000000000000000000EE0DF80400000000A3
:10F670000000000000000000F90306FD000000008B
:10F680000000000000000000EEDE14F500000000A5
:10F69000000000000000000003B411F400000000AE
:10F6A0000000000000000000F4E50AFDFF110B055A
:10F6B0000DF7FD010308FDF4FA0FFAFBFF08030242
:10F6C000F5041806FEEFEE0FFB17FB0A04030913FF
:10F6D000080D1308FF08F5F0ED0002110913FFFFF4
:10F6E0000BFC0A0BF61DF8FFEDF3F0070A3A2202B5
:10F6F0000313130F0B10FDEC1C0904FC07090BF599
:10F70000FC1000F00FF505FB20FF03E708FFFE04E7
:10F71000FD0BFDFC07F70B100F0F14F61112EA108A
:10F720000A0009070C090703062408090B3306160B
:10F7300013F216FA021F06EC1C100F1407351E03F5
:10F7400004F409F21114FCF42AF20CFC07F305D8B6
:10F75000E010D7FEFCE3180116F912F7080817E4C9
:10F76000E31CE3E901EC1BFF132E1B000D0C31E73A
:10F77000E70FE3EEF70315F514041008102717E060
:10F78000F600D4FDF20EFBEB0CE7FCFFFC240DE8C9
:10F79000F4F3F4F6F30AF2DB0FC3FCF3010F14CC1D
:10F7A000E121D3E3F5D721FBEF132000061B21E075
:10F7B000E31EE2EDEDDF1D130F1D1910052836D8ED
:10F7C000E504EB00DFD80FFE1203050C033249D627
:10F7D000E226EFFDD9EBFEDE02D9F0FD06232BE792
:10F7E000E60FF700EAEEECDFF5DDE3F5FA271EE0C1
:10F7F000DF0BF4EFF5FB0C0114F3FE09FF0C1B0407
:10F80000FA0C06FAEFF6FD06E205FB090709190AEC
:10F81000FD07FFEEDCF3F1FCE60EEE030A0B180326
:10F82000F60203E7EB04F8F100F5FB01011F4204C7
:10F83000F704FFEBFD06FEF72122FBEF0014002189
:10F8400017EA1AF74D24F4EE1309FA1A06F2FA1021
:10F85000FFF109D71B10FFEB06F606F9F8E3010AE2
:10F86000FCF202EB0606FEFFF3EA000AFCFAF7F8E8
:10F87000F9F207F8FCDEF901EEFF02FFFB080208CF
:10F8800003F908F9EDF8F80AECFAFF050FF4FA1499
:10F8900004EB03F83A2CF90D1406FE1EFDF7E908F7
:10F8A000F30105E9030D05F609FEFEF1FCFEEA0D84
:10F8B000FCFF0706F3E2FCFD00E8FB00FF04EAFBA7
:10F8C00005F1030CE901FDEAEEE3FCF6F910FC0298
:10F8D00000F00F00FC06EEFAFEDDF5F701F6EB1086
:10F8E00004E301F71D19F7F709E8F715F101E30241
:10F8F000F2F702F3F2E5F1F5E6E2EDEBFB090008C1
:10F9000004FE0B0FE6F2F4F7E7DDF6F9051C1DFA2D
:10F91000FAFD0201F80EEFF3F3F1F5F70611180204
:10F9200009F80A03FA18EF0003EAF4FB04F7DB0610
:10F93000FBF9F8F2FEFFF3F8F4E9F810F60DE8042D
:10F94000F1F20AFFE2D7ECF1DCE7F4FEFD0C0D0A60
:10F9500006FB0802EB14F0EFF2E9F1F3FF031204E7
:10F96000020504FF030BEFEFFDEFEE0206070508AB
:10F97000080A0B110E15F7FA05F9FDF60004E2006E
:10F98000F6EC08EDF3E2EFFCD6F8EB07FA06F11D12
:10F9900000FE16FCEDECF200E0FDF7FDF9090612A1
:10F9A00011FB02F8FA09FAF5F3F6F4F9FEFCF80394
:10F9B000FF08010F090404F0FA09FCFA0207031119
:10F9C0000F0D06060F06FEFA050EFFF82573206FD1
:10F9D0007574206F6620626F756E647320256C7578
:10F9E000203E20256C750A00556E6B6E6F776E2079
:10F9F00050474D2066696C6520666F726D617400BA
:10FA000050474D20696D6167652073697A65206490
:10FA10006F6573206E6F74206D617463682061720E
:10FA20007261792073697A65000000006672656111
:10FA3000642829206E756D626572206F662072657C
:10FA40006164206F626A656374732028256C752970
:10FA500020646966666572656E74207468616E20E4
:10FA600065787065637465642028257529205B645A
:10FA70006174615D0A000000667265616428292076
:10FA80006E756D626572206F662072656164206FAD
:10FA9000626A656374732028256C75292064696621
:10FAA000666572656E74207468616E206578706535
:10FAB000637465642028257529205B6F75747075E3
:10FAC00074546172676574735D0A0000454F462087
:10FAD0006E6F7420726561636865642C2046696C82
:10FAE00065206572726F7220212100007265616469
:10FAF0005F6D6E6973745F696E70757400000000ED
:10FB000000010202030303030404040404040404C4
:10FB10000505050505050505050505050505050595
:10FB20000606060606060606060606060606060675
:10FB30000606060606060606060606060606060665
:10FB40000707070707070707070707070707070745
:10FB50000707070707070707070707070707070735
:10FB60000707070707070707070707070707070725
:10FB70000707070707070707070707070707070715
:10FB800008080808080808080808080808080808F5
:10FB900008080808080808080808080808080808E5
:10FBA00008080808080808080808080808080808D5
:10FBB00008080808080808080808080808080808C5
:10FBC00008080808080808080808080808080808B5
:10FBD00008080808080808080808080808080808A5
:10FBE0000808080808080808080808080808080895
:10FBF0000808080808080808080808080808080885
:10FC0000494E4600696E66004E414E006E616E00C0
:10FC10003031323334353637383941424344454642
:10FC20000000000030313233343536373839616204
:10FC30006364656600000000286E756C6C29000026
:10FC40003000000038450080743F0080743F008021
:10FC50002C450080743F0080743F0080743F00801A
:10FC6000743F0080743F0080743F00803044008007
:10FC70001C450080743F008048440080544400804C
:10FC8000743F0080DC440080403F0080403F0080A3
:10FC9000403F0080403F0080403F0080403F008068
:10FCA000403F0080403F0080403F0080743F008024
:10FCB000743F0080743F0080743F0080743F008078
:10FCC000743F0080743F0080743F0080743F008068
:10FCD000743F0080B04400809C420080743F0080EC
:10FCE0009C420080743F0080743F0080743F00801D
:10FCF000743F008050450080743F0080743F008056
:10FD000034460080743F0080743F0080743F008060
:10FD1000743F0080743F00805C450080743F008029
:10FD2000743F008048510080743F0080743F008021
:10FD3000743F0080743F0080743F0080743F0080F7
:10FD4000743F0080743F0080743F0080743F0080E7
:10FD5000F44400808C4300809C4200809C420080E0
:10FD60009C420080E84400808C430080743F008007
:10FD7000743F00804C410080743F008050470080F9
:10FD800020470080E84600804C410080743F00809E
:10FD900080460080743F008050460080743F0080A1
:10FDA000743F0080A05100802020202020202020AF
:10FDB00020202020202020203030303030303030C3
:10FDC0003030303030303030E064008040610080CE
:10FDD00040610080D4640080406100804061008008
:10FDE000406100804061008040610080406100808F
:10FDF00034640080C46400804061008044640080FA
:10FE00005064008040610080B86400800C61008014
:10FE10000C6100800C6100800C6100800C6100802E
:10FE20000C6100800C6100800C6100800C6100801E
:10FE3000406100804061008040610080406100803E
:10FE4000406100804061008040610080406100802E
:10FE50004061008040610080A464008040610080B7
:10FE6000406100804061008040610080406100800E
:10FE700040610080406100804061008040610080FE
:10FE800040610080646500804061008040610080C6
:10FE90004061008040610080406100801865008002
:10FEA0004061008040610080FC6B00804061008008
:10FEB00040610080406100804061008040610080BE
:10FEC00040610080406100804061008040610080AE
:10FED00040610080F8640080906300804061008091
:10FEE00040610080406100802C660080906300804B
:10FEF0004061008040610080986200804061008025
:10FF0000F4650080CC650080C06600809862008047
:10FF1000406100806066008040610080386600803B
:10FF20004061008040610080506C008020202020D3
:10FF30002020202020202020202020203030303081
:10FF4000303030303030303030303030430000002E
:10FF5000504F5349580000002E000000496E66695A
:10FF60006E697479000000004E614E0042616C6C55
:10FF70006F632073756363656564656400000000EA
:10FF80002E2E2F2E2E2F2E2E2F2E2E2F2E2E2F2E8C
:10FF90002E2F7372632F6E65776C69622F6E657793
:10FFA0006C69622F6C6962632F7374646C69622F71
:10FFB00064746F612E6300002E2E2F2E2E2F2E2E96
:10FFC0002F2E2E2F2E2E2F2E2E2F7372632F6E6517
:10FFD000776C69622F6E65776C69622F6C696263FA
:10FFE0002F7374646C69622F6D707265632E630089
:10FFF00005000000190000007D0000000000000066
:02000004800278
:10000000000000000000F03F00000000000024405D
:1000100000000000000059400000000000408F4038
:10002000000000000088C34000000000006AF840A3
:100030000000000080842E4100000000D0126341C7
:100040000000000084D797410000000065CDCD413D
:10005000000000205FA00242000000E8764837421E
:10006000000000A2941A6D42000040E59C30A242BC
:100070000000901EC4BCD64200003426F56B0C4331
:100080000080E03779C3414300A0D88557347643D8
:1000900000C84E676DC1AB43003D9160E458E14339
:1000A000408CB5781DAF154450EFE2D6E41A4B44AE
:1000B00092D54D06CFF08044F64AE1C7022DB544F3
:1000C000B49DD9794378EA44BC89D897B2D29C3C94
:1000D00033A7A8D523F649393DA7F444FD0FA5322F
:1000E0009D978CCF08BA5B25436FAC642806C80A7D
:1000F0000080E03779C34143176E05B5B5B8934624
:10010000F5F93FE9034F384D321D30F94877825AEF
:100110003CBF737FDD4F157500202020202020205C
:1001200020202828282828202020202020202020A7
:1001300020202020202020202088101010101010B7
:100140001010101010101010100404040404040403
:10015000040404101010101010104141414141419D
:10016000010101010101010101010101010101017F
:10017000010101011010101010104242424242428F
:10018000020202020202020202020202020202024F
:1001900002020202101010102000000000000000F7
:1001A000000000000000000000000000000000004F
:1001B000000000000000000000000000000000003F
:1001C000000000000000000000000000000000002F
:1001D000000000000000000000000000000000001F
:1001E000000000000000000000000000000000000F
:1001F00000000000000000000000000000000000FF
:1002000000000000000000000000000000000000EE
:100210000000000000000000000000002C206675B7
:100220006E6374696F6E3A2000000000617373653D
:100230007274696F6E2022257322206661696C6575
:10024000643A2066696C6520222573222C206C6933
:100250006E65202564257325730A0000C4C80080DC
:1002600070C700801CC7008070C800801CC7008059
:1002700080C700801CC7008070C8008070C70080E5
:1002800070C7008080C7008070C80080FCC70080F5
:0C029000FCC70080FCC7008080C7008015
:10029C001000000000000000037A5200017C0101F4
:1002AC001B0D020010000000180000000416FEFFD9
:1002BC00DC04000000000000100000002C00000016
:0C02CC00CC1AFEFF9004000000000000AF
:1002D8000000001000000000000000000000000006
:1002E8000000000000000000000000000000000006
:1002F800000000000000000050350A32342032347B
:100308000A3235350A000000000000000000000035
:1003180000000000000000000000000000000000D5
:1003280000000000000000000000000000000000C5
:1003380000000000000000000000000000000000B5
:1003480000000000000000000000000000000000A5
:10035800000000000005040000000000000002D2B8
:1003680042000000000000000000000007B3870002
:1003780000000000000064FE5C00000000000000B7
:10038800000000006FFE9D00000000000003CBFE8F
:10039800360000000000000000000020E7FE6600B4
:1003A800000000000024FED8120000000000000039
:1003B8000000007EFEB300000000000000ACFE3B21
:1003C800000000000000000000002EFCEA120000FF
:1003D8000000000005E2F523000000000000000016
:1003E800000080FE660000000000000025FEA90055
:1003F8000000000000000000001AF1FB13000000DC
:1004080000000000AAFE55000000000000000000E7
:10041800002EFEC20000000000000009E7F62300DD
:1004280000000000000000000076FF981D0000009A
:1004380000000074FEB6000000000000000000008C
:100448000076FEFEF3D7D7D7CAB985D1FE8300114F
:100458000000000000000000003EF3FEFEFEFEFE6D
:10046800FEFEFEFEFEE89D230000000000000000E6
:1004780000004684944649616161BBFEF92204008C
:100488000000000000000000000000000000000064
:100498000000AEFE71000000000000000000000037
:1004A80000000000000000000016EEFE350000000D
:1004B8000000000000000000000000000000000034
:1004C8000073FE9F01000000000000000000000013
:1004D800000000000000000000AEFE610000000007
:1004E8000000000000000000000000000000000004
:1004F80000D7FE73000000000000000000000000AC
:10050800000000000000000055FBFE69000000002C
:1005180000000000000000000000000000000000D3
:1005280054F2880A000000000000000000000000EB
:1005380000000000000000000000000000000000B3
:10054800000000000004000000000000000000009F
:1005580003000000EC14028000000000EC1402808C
:1005680054150280BC150280000000000000000045
:100578000000000000000000000000000000000073
:100588000000000000000000000000000000000063
:100598000000000000000000000000000000000053
:1005A8000000000000000000000000000000000043
:1005B8000000000000000000000000000000000033
:1005C8000000000000000000000000000000000023
:1005D8000000000000000000000000000000000013
:1005E8000000000000000000000000000000000003
:1005F80001000000000000000E33CDAB34126DE6A0
:10060800ECDE05000B000000000000000000000008
:1006180000000000000000000000000000000000D2
:1006280000000000000000000000000000000000C2
:1006380000000000000000000000000000000000B2
:1006480000000000000000000000000000000000A2
:100658000000000000000000000000000000000092
:100668000000000000000000000000000000000082
:100678000000000000000000000000000000000072
:100688008006028080060280880602808806028032
:1006980090060280900602809806028098060280E2
:1006A800A0060280A0060280A8060280A806028092
:1006B800B0060280B0060280B8060280B806028042
:1006C800C0060280C0060280C8060280C8060280F2
:1006D800D0060280D0060280D8060280D8060280A2
:1006E800E0060280E0060280E8060280E806028052
:1006F800F0060280F0060280F8060280F806028002
:1007080000070280000702800807028008070280AD
:10071800100702801007028018070280180702805D
:10072800200702802007028028070280280702800D
:1007380030070280300702803807028038070280BD
:10074800400702804007028048070280480702806D
:10075800500702805007028058070280580702801D
:1007680060070280600702806807028068070280CD
:10077800700702807007028078070280780702807D
:10078800800702808007028088070280880702802D
:1007980090070280900702809807028098070280DD
:1007A800A0070280A0070280A8070280A80702808D
:1007B800B0070280B0070280B8070280B80702803D
:1007C800C0070280C0070280C8070280C8070280ED
:1007D800D0070280D0070280D8070280D80702809D
:1007E800E0070280E0070280E8070280E80702804D
:1007F800F0070280F0070280F8070280F8070280FD
:1008080000080280000802800808028008080280A8
:100818001008028010080280180802801808028058
:100828002008028020080280280802802808028008
:1008380030080280300802803808028038080280B8
:100848004008028040080280480802804808028068
:100858005008028050080280580802805808028018
:1008680060080280600802806808028068080280C8
:100878007008028070080280780802807808028078
:100888008008028080080280880802808808028028
:1008980090080280900802809808028098080280D8
:1008A800A0080280A0080280A8080280A808028088
:1008B800B0080280B0080280B8080280B808028038
:1008C800C0080280C0080280C8080280C8080280E8
:1008D800D0080280D0080280D8080280D808028098
:1008E800E0080280E0080280E8080280E808028048
:1008F800F0080280F0080280F8080280F8080280F8
:1009080000090280000902800809028008090280A3
:100918001009028010090280180902801809028053
:100928002009028020090280280902802809028003
:1009380030090280300902803809028038090280B3
:100948004009028040090280480902804809028063
:100958005009028050090280580902805809028013
:1009680060090280600902806809028068090280C3
:100978007009028070090280780902807809028073
:100988008009028080090280880902808809028023
:1009980090090280900902809809028098090280D3
:1009A800A0090280A0090280A8090280A809028083
:1009B800B0090280B0090280B8090280B809028033
:1009C800C0090280C0090280C8090280C8090280E3
:1009D800D0090280D0090280D8090280D809028093
:1009E800E0090280E0090280E8090280E809028043
:1009F800F0090280F0090280F8090280F8090280F3
:100A0800000A0280000A0280080A0280080A02809E
:100A1800100A0280100A0280180A0280180A02804E
:100A2800200A0280200A0280280A0280280A0280FE
:100A3800300A0280300A0280380A0280380A0280AE
:100A4800400A0280400A0280480A0280480A02805E
:100A5800500A0280500A0280580A0280580A02800E
:100A6800600A0280600A0280680A0280680A0280BE
:100A7800700A0280700A0280780A0280780A02806E
:100A8800430000000000000000000000000000001B
:100A9800000000000000000000000000000000004E
:100AA80043000000000000000000000000000000FB
:100AB800000000000000000000000000000000002E
:100AC80043000000000000000000000000000000DB
:100AD800000000000000000000000000000000000E
:100AE80043000000000000000000000000000000BB
:100AF80000000000000000000000000000000000EE
:100B0800430000000000000000000000000000009A
:100B180000000000000000000000000000000000CD
:100B2800430000000000000000000000000000007A
:100B380000000000000000000000000000000000AD
:100B4800430000000000000000000000000000005A
:100B5800000000000000000000000000000000008D
:100B68004CAF0080589700800000000018010280F8
:100B780058FF01804CE900804CE900804CE9008076
:100B88004CE900804CE900804CE900804CE9008089
:100B98004CE900804CE90080FFFFFFFFFFFFFFFFEB
:100BA800FFFFFFFFFFFF00000100415343494900D9
:100BB800000000000000000000000000000000002D
:100BC80000000000000000000000415343494900B4
:100BD800000000000000000000000000000000000D
:0C0BE80000000000000000000000000001
:100BF800FFFFFFFFFFFFEF7F000000000000F83F4E
:100C080061436F63A787D23FB3C8608B288AC63F0A
:100C1800FB799F501344D33F000000000000F03FD1
:100C280000000000000024400000000000001C40FC
:100C38000000000000001440000000000000E03F39
:100C4800E017028060050280FFFFFFFF000002003E
:0400000580000080F7
:00000001FF
