:0200000480007A
:100000006F00402E6F00801D6F00C02C6F00802C91
:100010006F00402C6F00002C6F00C02B6F00802BF6
:100020006F00402B6F00002B6F00C02A6F00802AEA
:100030006F00402A6F00002A6F00C0296F008029DE
:100040006F0040296F0000296F00C0286F008028D2
:100050006F0040286F0000286F00C0276F008027C6
:100060006F0040276F0000276F00C0266F008026BA
:100070006F0040266F0000266F00C0256F00C0365D
:10008000971102009381C10B17010300130181F73F
:1000900017050000130505F713651500731055309B
:1000A0001385C1C717260200130686893306A640AA
:1000B00093050000EF20505617350000130545D07A
:1000C000EF20C02CEF20D045130500009305000061
:1000D00013060000EF00C0006F20802C6780000036
:1000E000130101D993078100130710009306010142
:1000F0001306800193058001130500242326112691
:10010000232481262322912623202127232E3125D3
:10011000232C4125EF10C068F32920B0F32400B050
:10012000930671001306C1009305810013050101B8
:10013000EF00507213040500732A20B0732900B039
:100140008325810017F500001305058FEF20806ED1
:100150008325C10017F500001305058FEF20806D82
:100160009305040017F500001305058FEF20806C40
:100170008345710017F500001305058FEF20806B94
:1001800033063A4197F500009385058F17F5000077
:100190001305058FEF20006A3306994097F500009C
:1001A0009385858D17F500001305458FEF20806836
:1001B0008320C12603248126832441260329012686
:1001C0008329C125032A8125130500001301012776
:1001D0006780000013050000678000001305000021
:1001E0006780000013050000678000001305000011
:1001F0006780000013050000678000001305000001
:1002000067800000130500006780000013050000F0
:1002100067800000130500006780000013050000E0
:1002200067800000130500006780000013050000D0
:1002300067800000130500006780000013050000C0
:1002400067800000130500006780000013050000B0
:1002500067800000130500006780000013050000A0
:100260006780000013050000678000001305000090
:100270006780000013050000678000001305000080
:100280006780000013050000678000001305000070
:100290006780000013050000678000001305000060
:1002A0006780000013050000678000001305000050
:1002B0006780000013050000678000001305000040
:1002C0006780000013050000678000001305000030
:1002D0006780000017E5000013051559EF204067FF
:1002E0006FF05FFF130101FC232011002322A10006
:1002F0002324B1002326C1002328D100232AE100B2
:10030000232CF100232E010123201103232251026B
:1003100023246102232671022328C103232AD10347
:10032000232CE103232EF103F322203413032000B6
:10033000638862021303B000638862001303300015
:10034000638862006F00C002EF0000346F0040035A
:1003500017E500001305054DEF20805F6F00400298
:1003600017E5000013050547EF20805E6F00400190
:1003700017E500001305254DEF20805D6F0040025A
:10038000F322103403830200130530003373A300FB
:100390006314A3009382220093822200739012348C
:1003A0008320010003254100832581000326C1002D
:1003B0008326010103274101832781010328C1010D
:1003C0008328010283224102032381028323C10285
:1003D000032E0103832E4103032F8103832FC103C7
:1003E0001301010473002030730020303305A04056
:1003F00023A4A1C81305F0FF6780000017E70000E1
:100400001307C74893075005B706001013071700D6
:1004100023A0F60083470700E39A07FE67800000E9
:100420009307800523A4F1C81305F0FF678000003F
:100430009307800523A4F1C81305F0FF678000002F
:100440009307800523A4F1C81305F0FF678000001F
:100450009307800523A4F1C81305F0FF678000000F
:100460009307800523A4F1C81305F0FF67800000FF
:100470001305F0FF678000009307C00023A4F1C8B4
:100480001305F0FF67800000B707048023A0A700D2
:10049000730050106F0000009307800523A4F1C87B
:1004A0001305F0FF678000009307B00023A4F1C894
:1004B0001305F0FF67800000B727000023A2F500B6
:1004C00013050000678000009307800523A4F1C88E
:1004D0001305F0FF678000009307800523A4F1C88F
:1004E0001305F0FF67800000930780FA23A4F1C88A
:1004F00013050000678000001305100067800000EE
:10050000930780FA23A4F1C81305F0FF6780000069
:100510001305F5FF13351500678000009307600190
:1005200023A4F1C81305F0FF678000009307F001D2
:1005300023A4F1C81305F0FF678000001305000035
:10054000678000009307800523A4F1C81305F0FF1E
:10055000678000001305F0FF6780000093078005A7
:1005600023A4F1C81305F0FF678000001305000005
:1005700067800000B727000023A2F50013050000E4
:10058000678000001305F0FF678000001305F0FF8F
:10059000678000009307200023A4F1C81305F0FF33
:1005A000678000009307800523A4F1C81305F0FFBE
:1005B000678000009307A00023A4F1C81305F0FF93
:1005C00067800000130101FF232021011389C1C7A7
:1005D0008327090023248100232291002326110070
:1005E0009384050013040600638A070213060400BF
:1005F0009385040017050200130545E4EF008053BE
:100600008320C100130504000324810083244100DA
:10061000032901001301010167800000B7C5010033
:10062000130630009385052017050200130505E128
:10063000EF000043930710002320F9006FF01FFB29
:1006400023A6A1C613050000678000001387C1C65A
:10065000832707003385A7002320A700637C25009C
:10066000170703001307079A6376E5001385070051
:10067000678000009307C00023A4F1C89307F0FF30
:100680001385070067800000130101FF23229100FA
:1006900023261100930710089384050063C21709ED
:1006A0009307F00263D61703938808FD930710059C
:1006B00063E4170317E700001307871F93982800C8
:1006C000B388E80083A70800B387E70067800700C6
:1006D000930710016380F80A1307500597E700009D
:1006E0009387C71AB70600109387170023A0E60068
:1006F00003C70700E31A07FE8320C10083244100DB
:1007000013010101678000008320C1009307800569
:1007100023A4F1C883244100130101016780000074
:100720009307F040E3CA17FB9307F03F63D6170324
:10073000938808C09307F000E3E017FB17E7000079
:100740001307872B93982800B388E80083A7080035
:10075000B387E700678007009307C00AE38EF8F8C5
:1007600063C6170393079009E388F8F89307900A84
:10077000E394F8F6930780FA23A4F1C86FF0DFF74B
:10078000B727000023A2F4006FF01FF79307600D56
:10079000E394F8F423A6A1C66FF01FF69307F001C7
:1007A00023A4F1C86FF05FF59307200023A4F1C8DC
:1007B0006FF09FF4B707048023A0A70073005010C8
:1007C0006F0000009307600123A4F1C86FF0DFF20F
:1007D000232021011389C1C7832709002324810015
:1007E0001304060063860702130604000324810035
:1007F000032901008320C100938504008324410064
:1008000017050200130585C3130101016F00803233
:10081000B7C50100130630009385052017050200B7
:100820001305C5C1EF00C023930710002320F90072
:100830006FF09FFB8327C50063880720832805018D
:10084000638408200328050003469500032745011B
:100850008346480133E6C600A304C50093F60602AA
:100860006382061EB386E840130600011383060068
:100870006374D60013030001638AE81C3386E70023
:10088000034E060093051700130610002300C8014D
:10089000232AB5006370D61A3386B700834E06004C
:1008A00013062700130E20002300D801232AC500B9
:1008B0006372DE183386C700834E060013063700C6
:1008C000130E30002300D801232AC5006374DE16FE
:1008D0003386C700834E060013064700130E400000
:1008E0002300D801232AC5006376DE143386C700AF
:1008F000834E060013065700130E50002300D80144
:10090000232AC5006378DE123386C700834E0600B3
:1009100013066700130E60002300D801232AC500C8
:10092000637ADE103386C700834E06001306770015
:10093000130E70002300D801232AC500637CDE0E4D
:100940003386C700834E060013068700130E80000F
:100950002300D801232AC500637EDE0C3386C7003E
:10096000834E060013069700130E90002300D80153
:10097000232AC5006370DE0C3386C700834E060051
:100980001306A700130EA0002300D801232AC500D8
:100990006372DE0A3386C700834E06001306B70073
:1009A000130EB0002300D801232AC5006374DE08AB
:1009B0003386C700834E06001306C700130EC0001F
:1009C0002300D801232AC5006376DE063386C700DC
:1009D000834E06001306D700130ED0002300D80163
:1009E000232AC5006378DE043386C700834E0600E1
:1009F0001306E700130EE0002300D801232AC500E8
:100A0000637ADE023386C700834E06001306F700C2
:100A1000130EF0002300D801232AC500637CDE00FA
:100A2000B387C70083C70700130707012300F80037
:100A3000232AE50013070000638406001307F3FF71
:100A40003307B7006384E8006780000083474800ED
:100A50002328050093F7D70F2302F80067800000D2
:100A6000130101FE232A910083240500232C810019
:100A70002328210123263101232E11002382040083
:100A800023840400930770FC2384F400238804006B
:100A90002322B500130405003785D71713890500F5
:100AA0009309060093060000138605001305054010
:100AB00093050000EF108044B70780006374F502CF
:100AC0009357F500130700F82386E40093F7F70F18
:100AD000135575002382F4001375F50F2380A400CD
:100AE000238604002386340123043401A304040074
:100AF00097070000938747D4232224018320C10154
:100B00002328040023260400232A0400232E0400A3
:100B1000232C0400232204022320F4020324810155
:100B200083244101032901018329C100130101022A
:100B300067800000130101FF23260100638A050876
:100B400063080608032505003388C5001307100352
:100B500083474501232601000326C10093F6F70FC2
:100B6000636CC7008327C100938717002326F10019
:100B70008327C100E378F7FE93F70602E38A07FCB8
:100B8000232601008327C100636CF7008327C1007F
:100B9000938717002326F1008327C100E378F7FE2F
:100BA00083C705002300F500232601008327C10029
:100BB000636CF7008327C100938717002326F10099
:100BC0008327C100E378F7FE93851500E39205F9CA
:100BD00013010101678000006384050403C605005A
:100BE0006300060403270500130101FF9386150027
:100BF0008347470193F7F70FA307F1008347F100FD
:100C000093F70702E38607FE2300C70003C606002A
:100C100093861600E31E06FC1301010167800000A5
:100C200067800000630C0602638A05020327050043
:100C300097060000938646C02326B50083474700E9
:100C40002328C500232A05002320D50293E7270087
:100C50002302F700F32740F1638407006780000058
:100C60003727000C97F701009387477D83260700FD
:100C70003305F5401335150093071000B397A7000F
:100C8000B3E7D7002320F700678000008327050023
:100C9000034795008326050183C7470133E7E70033
:100CA000A304E50093F7F70F6398060093D7670056
:100CB00013F517006780000013050000678000002F
:100CC0001307050063800506630E0604032805006C
:100CD0008346950083474801B3E6D700A304D500B7
:100CE00093F7170063800704130500006F0080006E
:100CF0006308A60283460800B387A5001305150004
:100D00002380D700032807008346970083474801C4
:100D1000B3E6D700A304D70093F71700E39A07FCC4
:100D2000678000001305000067800000F32740F192
:100D300063960702B726000C17F701001307077028
:100D400003A606003307E54013371700930710008A
:100D5000B397E700B3E7C70023A0F600B707010089
:100D60009387F7FF638CF5000327050093F5F500E3
:100D700083474700B3E7B7002302F700678000000E
:100D8000638E05029307000C63EAC7020327050080
:100D9000232EB5008347870093F7F703B3E7C70017
:100DA00093F7F70F2304F7008347470093E71700F3
:100DB0002302F700F32740F16384070067800000F7
:100DC0003727000C97F701009387476783260700B2
:100DD0003305F5401335150093071000B397A700AE
:100DE000B3E7D7002320F700678000006384050283
:100DF000032705002320B50223260500834747006B
:100E00002328050093E727002302F700F32740F18A
:100E100063840700678000003727000C97F7010004
:100E20009387C761832607003305F5401335150006
:100E300093071000B397A700B3E7D7002320F7006C
:100E40006780000063800502032705002322B502A6
:100E50008347470093E787002302F700F32740F119
:100E600063840700678000003727000C97F70100B4
:100E70009387C75C832607003305F54013351500BB
:100E800093071000B397A700B3E7D7002320F7001C
:100E90006780000063880512630606128327050039
:100EA0008346950003C74701B366D700A304D50066
:100EB00013770702630807101307000113050600E4
:100EC0006374C7001305000183C6050013071000F3
:100ED0002380D700637AC70E83C61500130720004E
:100EE0002380D7006372C70E83C625001307300026
:100EF0002380D700637AC70C83C6350013074000F0
:100F00002380D7006372C70C83C6450013075000C7
:100F10002380D700637AC70A83C655001307600091
:100F20002380D7006372C70A83C665001307700069
:100F30002380D700637AC70883C675001307800033
:100F40002380D7006372C70883C68500130790000B
:100F50002380D700637AC70683C695001307A000D5
:100F60002380D7006372C70683C6A5001307B000AD
:100F70002380D700637AC70483C6B5001307C00077
:100F80002380D7006372C70483C6C5001307D0004F
:100F90002380D700637AC70283C6D5001307E00019
:100FA0002380D7006372C70283C6E5001307F000F1
:100FB0002380D700637AC70003C7F5002380E700CA
:100FC000678000001305000067800000832705008C
:100FD0000347950083C74701A304050033E5E700F5
:100FE0001375E509678000008327050003C58701A5
:100FF00067800000032705008347950003474701EA
:10100000B367F700A304F5001375070667800000B7
:10101000032705008347C70093E707042306F7006B
:1010200067800000032705008347C70093F7F70B8D
:101030002306F700678000009306050093870500EC
:101040001307100013068001930580011305002487
:101050006F000075130101FF2324810013040600B3
:101060002322910013860600938405009305040053
:1010700023261100EF00000383A7040013050000DE
:1010800063C80700032504003305F5401335150038
:101090008320C10003248100832441001301010146
:1010A00067800000130101F8B7F2FFFF232C9106BF
:1010B00023226107232E8105232E8106232A21075F
:1010C00023283107232641072324510723207107B2
:1010D000232C9105232AA1052328B1051307060017
:1010E000130E0000930E000093046501170C02001C
:1010F000130C0CCF93820279130BF00F13880500A9
:1011000093070E00B30BC50193984E00130E0E0308
:10111000338FF40093A60863338658009387080042
:10112000639406009307060093F63B009387072419
:101130006392063A138A8B0193890B0313898B04FC
:1011400017E400001304049797E500009385459B7E
:10115000B306FC0017E600001306469A97EF00005E
:10116000938F8F9983270400930A86FF03A30B00B4
:1011700083A30A008B17730003230A0083A30F00C5
:101180008B17730003A30900832306008B177300DA
:101190000323090083A305008B17730013C3F7FF14
:1011A0001353F341B3F7670093D787409385050145
:1011B0006354FB009307F00F2380F60097E70000CD
:1011C000938707A4130444009386160013060601B0
:1011D000938F0F01E398B7F8938B2B009388080146
:1011E000E31A7FF393070021938EBE00E31AFEF00B
:1011F00037FFFFFF930708009302000093050000EC
:101200009306000097CE0100938E8E3A138E01F361
:1012100017E90000130909A49308F062130F0F796E
:101220009304F00F93098000939C5500938B020068
:10123000130B0000131A4B0017E800001308889BDB
:10124000B30A7C01330A9A0113040019938F070033
:101250002326E10003260800930704E7930D0A0004
:101260001387070093870D0063D4B801B387ED019E
:10127000138507243305AC00338DEE00B307FE0061
:101280000323050083230D000B167300130545008F
:10129000130D4D00E316F5FE13070705938D0D0B97
:1012A000E31287FC1345F6FF1355F5413376A6008C
:1012B0001356864063D4C4001306F00F2380CA1669
:1012C00013084800938A1A0013040419E31428F938
:1012D000130B2B000327C10093870F00938B8B0107
:1012E000E31A3BF5938626009385B50093820206A8
:1012F000E39C66F3138801F897E5000093858595D4
:1013000017EE0000130ECE1A17EA0000130A0ABAED
:101310009308080013040006930900181309F00F3E
:1013200083A6050013050E00130F0C00930E00009A
:101330001306000093040F16B38FC400B302A60077
:1013400003A30F0083A302008B167300130646004D
:10135000E31486FE938E0E06130F0F061305050683
:10136000E3983EFD13C6F6FF1356F641B3F6C600EA
:1013700093D686406354D9009306F00F2380D8009B
:101380009385450093881800130E0E18E39A45F9CB
:1013900017E60000130606B497E80000938808B12A
:1013A000138E6101930F0600938E4101130FF00F0E
:1013B0009376360083A50800639006301305060077
:1013C0009306080003A30600832305008B15730012
:1013D0009386460013054500E396DEFE03454C3731
:1013E000830246098306560903435C3733055502D9
:1013F000B3866602B305B500B386B60093D6B64091
:10140000635ADF329306F00F2300DE009388480012
:1014100013066609130E1E00E39CF8F903066C37E9
:1014200083057C37930610006346B60093050600DB
:101430009306000003068C3763C6C530138605008B
:1014400083059C376346B630930506000306AC3728
:1014500063C6C530138605008305BC376346B630C6
:10146000930506000306CC3763C6C5301386050016
:101470008305DC376346B630930506000306EC3778
:1014800063C6C530138605008305FC376346B63056
:10149000930506002300B7000324C10723A0D7004B
:1014A000832481070329410783290107032AC106F1
:1014B000832A8106032B4106832B0106032CC105D9
:1014C000832C8105032D4105832D0105130101089E
:1014D0006780000017D900001309C95D3304FC00C0
:1014E00097D30000938383612326C103232811032C
:1014F000232AD103232CA102232E01032320E1045C
:101500002322E1052324510423269104838E83FFA3
:1015100083C70B00838DA3FF038E93FFB38EFE0260
:101520008387030003C71B0003C32B002326F1009E
:1015300083C73B038388B3FF0388C3FF2328F100DD
:10154000838743000385D3FF8385E3FF232AF100CC
:10155000838753000386F3FF038F1300232CF100CE
:1015600083C79B0483862300330EEE0203CD3B002A
:101570000387330083CC8B0183CA9B0103CAAB0171
:1015800083C9BB0183C40B0383C21B0383CF2B031B
:1015900033836D0283CD8B04232EF1008327090052
:1015A0009383030113094900B38EFE00838763FF11
:1015B000330EDE01838E73FF2320F10283C7AB0459
:1015C000B388A8033303C3012322F10283C7BB04FA
:1015D0002324F1028327C10033089803B3886800ED
:1015E0003305550333081801B38545033305050159
:1015F00033063603B385A500B38797023306B600DA
:10160000B387C70003260101330F5F02B386F603D9
:10161000B307FF003307C702B386F60083274101F3
:101620000326C1013307D70083268101B387B7039F
:10163000B386C602B387E7000326410203270102EF
:10164000B386F600832781023307C702B387FE0201
:101650003307D700B387E70013C7F7FF1357F741E6
:10166000B3F7E70093D787406354FB009307F00F6D
:101670002300F40097D70000938747581304140001
:10168000E396F3E883280103032F4104938B2B0097
:10169000032EC102832E4103032581030328C103C6
:1016A00003270104832281048324C1049388080151
:1016B000E3127FA76FF01FB313050600930608001F
:1016C00083C30600030A05008302150083C91600C0
:1016D000B38343030303250003C9260003C4360074
:1016E000830435009386460013054500B382320318
:1016F000B383B300B305230333837200B3029402B0
:10170000B3856500B385B200E39CDEFA03454C3730
:101710008302460983465C370303560933055502A5
:10172000B3866602B305B500B386B60093D6B6405D
:10173000E34ADFCC93C5F6FF93D5F541B3F6B60087
:101740006FF09FCC83059C3793062000E35EB6CEF6
:101750000306AC3793063000E3DEC5CE8305BC3705
:1017600093064000E35EB6CE0306CC3793065000E6
:10177000E3DEC5CE8305DC3793066000E35EB6CEBC
:101780000306EC3793067000E3DEC5CE8305FC3715
:1017900093068000E35EB6CE930690006FF09FCF75
:1017A000130101FD23229102938401C803A30400C5
:1017B000232E3101232C4101232A510123286101C9
:1017C00023261102232481022320210393082300CE
:1017D00013081025130B0500938A0500130A060051
:1017E00093890600636C181D17F80100130888C759
:1017F00033086800034908000344180023A01401BB
:1018000013080005631A09011304B4FC1374F40FE0
:101810009306100063FA860217E5010013050533ED
:10182000032481028320C10283244102032901028F
:101830008329C101032A8101832A4101032B01016C
:10184000130101036F10C01003A6040093061025B6
:101850001306B60063E0C61A23A0C40093068001F5
:101860006316DA0A63944A0B83A604001306102554
:101870003304DB00636A860E6386090297F5010074
:10188000938545BE13060B00B385D500138509006B
:101890002326F1002324E100EF10C0658327C10057
:1018A0000327810023A0840083A6040013162700C9
:1018B000930510253304D60063E68506638C070084
:1018C00097F50100938505BAB385D5001385070008
:1018D000EF10406223A0840003A7040093071025A3
:1018E000631CF7028320C102032481028324410286
:1018F000032901028329C101032A8101832A4101AD
:10190000032B0101130101036780000017E50100AB
:10191000130545256FF0DFF017E50100130545318C
:101920006FF01FF0930610251306040097E50100E1
:101930009385053217E501001305851F2324E10077
:10194000EF00506F032781009307F0FFE306F7F8DD
:10195000130607009305F0FF17E50100130505289E
:10196000EF00506D6FF05FF793061025130604002B
:1019700097E501009385C52D17E501001305451B6B
:101980002326F1002324E100EF00D06A9306F0FF44
:10199000032781008327C100E308DBF013060B0057
:1019A0009305F0FF17E501001305851EEF00906811
:1019B0008327C100032781006FF01FEF93061025D6
:1019C0001386080097E501009385852817E5010037
:1019D000130505162326F1002324E100EF0090658E
:1019E0008327C100032781001309000013040000AE
:1019F0006FF01FE19306102597E5010093854525BB
:101A000017E501001305C5122326F1002324E10088
:101A1000EF0050628327C100032781006FF01FE4AD
:101A20001308000063C6051263DC0600B337C0006C
:101A3000B306D0401348F8FFB386F6403306C040E3
:101A4000930806001307050013830500639A060E2A
:101A500063F4C516B70701006364F622B7070001F7
:101A6000930680016374F60093060001B7070280B5
:101A7000335ED600938707C6B387C70183C70700C5
:101A8000130E0002B387D700B306FE40630CFE00BE
:101A90003393D500B357F500B318D60033E367008E
:101AA0003317D50013D608013355C30293960801A6
:101AB00093D60601935707013373C302B385A60279
:101AC00013130301B3E7670063FCB700B387F800A3
:101AD0001303F5FF63E4170163E6B7401305030042
:101AE000B387B740B3D5C7021317070113570701D0
:101AF000B3F7C702B386B602939707013367F700BF
:101B0000637ED7003387E8009387F5FF636617018C
:101B10009385E5FF6364D7009385070013150501DE
:101B20003365B50093050000630A0800B337A000D1
:101B3000B305B040B385F5403305A0406780000091
:101B400063F4D50293050000130500006FF0DFFD7C
:101B5000B337A000B305B040B385F5403305A040CE
:101B60001308F0FF6FF05FECB707010063E8F61EA3
:101B7000B70700019308800163F4F60093080001A1
:101B8000B707028033D71601938707C6B387E700EC
:101B900003C707009307000233071701B388E74024
:101BA0006396E71C63E4B6303335C5001335150082
:101BB000930500006FF05FF7630C060CB707010098
:101BC000637CF62C13330610133313001313330006
:101BD000B3566600B7070280938707C6B387D7005E
:101BE00083C6070093070002B3866600B38ED74012
:101BF0006394D70CB386C540135306011316060130
:101C0000135606019305100033D56602935707015A
:101C1000B3F66602330EC50293960601B3E7D7000A
:101C200063FCC701B387F8009306F5FF63E417016F
:101C300063E4C72B13850600B387C741B3D6670299
:101C40001317070113570701B3F767023386C6025C
:101C5000939707013367F700637EC7003387E80077
:101C60009387F6FF636617019386E6FF6364C700F8
:101C700093860700131505013365D5006FF0DFEA81
:101C80009336061093B61600939636006FF01FDE5B
:101C9000B707028093060000938707C6B387D70073
:101CA00083C607001303000093070002B386660093
:101CB000B38ED740E380D7F4B318D60133DED50016
:101CC00013D30801B3576E02139608011356060189
:101CD000B356D5003317D501B395D501B3E6B60099
:101CE00093D50601337E6E023305F602131E0E01F4
:101CF000B3E5C50163FEA500B385B800138EF7FFF9
:101D000063E4151D63F2A51C9387E7FFB3851501F6
:101D1000B385A54033D565029396060193D6060197
:101D2000B3F56502330EA60293950501B3E6B6003E
:101D300063FEC601B386D8009305F5FF63EE161760
:101D400063FCC6171305E5FFB386160193950701DB
:101D5000B386C641B3E5A5006FF01FEB93B806103C
:101D600093B81800939838006FF09FE1B35EE600D7
:101D7000B3961601B3EEDE0033D3E50013DF0E0198
:101D8000B357E303139E0E01B3951501135E0E01C5
:101D90003357E5003367B700935607013316160132
:101DA0003373E303B305FE0213130301B3E66600C6
:101DB00063FEB600B386DE001383F7FF63EAD61135
:101DC00063F8B6109387E7FFB386D601B386B640B3
:101DD000B3D5E6031317070113570701B3F6E6035C
:101DE0003303BE02939606013367D700637E670014
:101DF0003387EE009386F5FF6364D70D6372670C3B
:101E00009385E5FF3307D70193970701370F01004B
:101E1000B3E7B7009306FFFFB3F5D70013DE070162
:101E2000B376D60013560601B38ED502330767404A
:101E3000B306DE0213D30E01B385C502B385D50008
:101E4000B305B300330ECE0263F4D500330EEE01BA
:101E500093D60501B386C601636AD7026308D7002B
:101E600013850700930500006FF01FCCB706010033
:101E70009386F6FF33F7D50013170701B3FEDE0094
:101E8000331515013307D701E37CE5FC1385F7FF14
:101E9000930500006FF05FC9B7070001637AF6048D
:101EA00093560601130300016FF0DFD29305000083
:101EB000130510006FF05FC7138505006FF01FE971
:101EC000938506006FF05FF493070E006FF05FE4F8
:101ED000930703006FF09FEF1305E5FFB38717012A
:101EE0006FF09FD51305E5FFB38717016FF05FBF54
:101EF00093568601130380016FF0DFCD13080600AF
:101F000093080500138705006390060E63FEC51253
:101F1000B7070100636EF61EB70700019306800144
:101F20006374F60093060001B70702803353D600AE
:101F3000938707C6B387670083C7070013030002B0
:101F4000B387D700B306F340630CF3003397D50093
:101F5000B357F5003318D60033E7E700B318D500C0
:101F6000135608013355C7029316080193D606018C
:101F700093D708013377C702B385A6021317070169
:101F8000B3E7E70063FCB700B307F8001307F5FFFA
:101F900063E4070163E0B73E13050700B387B7406A
:101FA00033D7C7029398080193D80801B3F7C70243
:101FB000B386E60293970701B3E8F80063FED80002
:101FC000B30818019307F7FF63E608011307E7FF5B
:101FD00063E4D80013870700131505013365E50096
:101FE000930500006780000063F8D50093050000AA
:101FF0001305000067800000B707010063E8F61EC4
:10200000B70700011308800163F4F600130800010C
:10201000B707028033D70601938707C6B387E70067
:1020200003C7070093070002330707013388E7401F
:102030006396E71C63E4B6303335C50013351500ED
:102040009305000067800000630C060CB7070100D1
:10205000637CF62C1337061013371700131737005D
:10206000B356E600B7070280938707C6B387D70049
:1020700083C7070093060002B387E700B38EF640DC
:102080006394F60CB387C5409356060113160601F8
:10209000135606019305100033D5D70213D7080154
:1020A000B3F7D7023303C50293970701B367F7006D
:1020B00063FC6700B307F8001307F5FF63E407014B
:1020C00063E4672A13050700B387674033D7D70255
:1020D0009398080193D80801B3F7D7023306C702D3
:1020E00093970701B3E8F80063FEC800B30818012E
:1020F0009307F7FF63E608011307E7FF63E4C800EF
:1021000013870700131505013365E500678000009C
:102110009336061093B61600939636006FF0DFE004
:10212000B707028093060000938707C6B387D700DE
:1021300083C707001307000093060002B387E70078
:10214000B38EF640E380F6F43318D60133D3F500AE
:1021500093560801335ED30213160801B395D501D7
:1021600013560601B357F500B3E7B70013D70701BD
:10217000B318D5013373D302B305C6031313030198
:1021800033676700637EB7003307E8001305FEFF7F
:102190006364071D6372B71C130EEEFF330707015C
:1021A0003307B7403355D7029397070193D70701F9
:1021B0003377D7023303A60213170701B3E7E7000B
:1021C00063FE6700B307F8001307F5FF63EE071718
:1021D00063FC67161305E5FFB387070193150E012E
:1021E000B3876740B3E5A5006FF01FEB13B8061087
:1021F00013381800131838006FF09FE1335EE600C3
:10220000B3960601336EDE00B3D8E500935E0E018F
:10221000B3D7D80313130E01B3950501135303016C
:102220003357E5003367B7009356070133160601AD
:10223000B3F8D803B305F30293980801B3E6160187
:1022400063FEB600B306DE009388F7FF63EAC611AB
:1022500063F8B6109387E7FFB386C601B386B6402E
:10226000B3D5D6031317070113570701B3F6D603E7
:10227000B308B302939606013367D700637E170154
:102280003307EE009386F5FF6364C70D6372170D85
:102290009385E5FF3307C70193970701B70E010048
:1022A000B3E7B7009386FEFFB3F5D70013D307015A
:1022B000B376D60013560601338ED5023307174185
:1022C000B306D30293580E01B385C502B385D5007A
:1022D000B385B8003303C30263F4D5003303D301DD
:1022E00093D60501B3866600636AD7026308D700F8
:1022F000138507009305000067800000B706010002
:102300009386F6FF33F7D50013170701337EDE00FF
:10231000331505013307C701E37CE5FC1385F7FF9F
:102320009305000067800000B7070001637AF60498
:1023300093560601130700016FF0DFD293050000EA
:102340001305100067800000130507006FF01FE9F8
:10235000938506006FF05FF4130E05006FF05FE4E5
:10236000938708006FF09FEF1305E5FFB387070120
:102370006FF09FD51305E5FFB38707016FF01FC20C
:1023800093568601130780016FF0DFCD930505009A
:102390009306000013060000130500006F0090581C
:1023A000130101FF9305000023248100232611005F
:1023B00013040500EF00906083A741C86384070001
:1023C000E780070013050400EFE00F8C1305000001
:1023D0006780000037060280B775008037050280ED
:1023E0001306466B938505FD1305056C6F0040359C
:1023F000130101FF8325450023248100232291003E
:102400002326110013840151930405006384850081
:10241000EF40103C83A58400930784066386F50093
:1024200013850400EF40D03A83A5C4001304040DC3
:10243000638E8500032481008320C100138504007E
:1024400083244100130101016F4090388320C100B3
:1024500003248100832441001301010167800000EF
:102460001305000067800000130101FE232C81008A
:10247000B7270080138401519387473D232E110015
:10248000232A9100232821012326310123244101FD
:1024900023A2F1C8130680009307400093050000B3
:1024A0001305C4052326F40023200400232204007E
:1024B000232404002322040623280400232A0400E2
:1024C000232C0400EF005015B7070100373A0080B5
:1024D000B739008037390080B7340080130ACA95B5
:1024E0009389099C130989A4938404AC938797006A
:1024F00013068000930500001305440C23204403B9
:10250000232234032324240323269402232AF406BB
:10251000232E8400232404062326040623280406ED
:102520002326040C232C0406232E0406232004084F
:10253000EF00900EB7070200130784069387270168
:102540001305C412130680009305000023244409D8
:102550002326340923282409232A9408232EF40C43
:102560002322E4082328040C232A040C232C040C23
:10257000232A04122320040E2322040E2324040EF3
:10258000EF0090099307040D2328440F232A340FEA
:10259000232C240F232E940E8320C1012326F40E16
:1025A0000324810183244101032901018329C100FE
:1025B000032A8100130101026780000083A741C83C
:1025C000130101FE23263101232E1100232C81004B
:1025D000232A910023282101930905006388070E0F
:1025E000370902801309496B9304F0FF83274900E0
:1025F000032489009387F7FF63D807006F00000862
:1026000013048406638C97060317C4009387F7FFAF
:10261000E31807FEB707FFFF938717002326F40090
:102620002322040623200400232404002322040080
:1026300023280400232A0400232C0400130680000E
:10264000930500001305C405EF00007D2328040254
:10265000232A040223220404232404048320C10126
:10266000130504000324810183244101032901018E
:102670008329C100130101026780000003240900BF
:1026800063060400130904006FF05FF69305C01A97
:1026900013850900EF10000A13040500630C0502FE
:1026A0001305C50093074000232004002322F400F3
:1026B0002324A4001306001A93050000EF00C07540
:1026C00023208900130904006FF05FF2EFF0DFD9D7
:1026D0006FF01FF1232009009307C00023A0F90029
:1026E0006FF0DFF7832745036384070067800000EE
:1026F00003A741C8B72700809387073F232AF50225
:10270000E31607FE6FF05FD6678000006780000069
:1027100037060280B72500801306466B9385C53CBB
:10272000130500006F00C00137060280B725008046
:102730001306466B93850546130500006F004000A5
:10274000130101FD23202103232E3101232C4101FC
:10275000232A510123286101232671012326110216
:102760002324810223229102130B0500938B050081
:10277000930A0600130A0000930910001309F0FFE2
:1027800083A44A0003A48A009384F4FF63C804026C
:102790008357C40063FEF9008317E4009305040027
:1027A00013050B0063862701E7800B00336AAA003C
:1027B0009384F4FF13048406E39C24FD83AA0A0097
:1027C000E3900AFC8320C102032481028324410296
:1027D000032901028329C101832A4101032B01013D
:1027E000832BC10013050A00032A81011301010391
:1027F00067800000130101FC2324C1022326D102BB
:102800002328E102232AF102232C0103232E1103A2
:10281000138605008325850093068102232E11006F
:102820002326D100EF10006D8320C10113010104A4
:102830006780000003A301C7130101FC2324C10228
:102840002326D1022322B1022328E102232AF10206
:10285000232C0103232E11038325830093064102B9
:102860001306050013050300232E11002326D100B3
:10287000EF1040688320C10113010104678000004C
:10288000130101FC232C81021304050013850500AC
:10289000232A9102232E110293840500EF00C07FAA
:1028A000B7070280938747BD2324F10293071000E6
:1028B0002326F10203274403930701029306150020
:1028C000232AF10093072000232091022322A10252
:1028D000232ED100232CF1008325840063000706FA
:1028E0008397C500139727016342070203A7450694
:1028F000B7E6FFFF9386F6FF37260000B3E7C70071
:102900003377D7002396F50023A2E506130641018D
:1029100013050400EF4010308320C103032481031A
:10292000133515003305A0401375B500832441030A
:102930001305F5FF1301010467800000130504006F
:102940002326B100EFF01FDA8325C1006FF05FF995
:102950009305050003A501C76FF09FF2130101FF66
:1029600023248100138405008395E50023261100AC
:10297000EF00002E63400502832704058320C10079
:10298000B387A7002328F404032481001301010165
:10299000678000008357C40037F7FFFF1307F7FF76
:1029A000B3F7E7008320C1002316F400032481005D
:1029B000130101016780000013050000678000001B
:1029C0008397C500130101FE232C8100232A910067
:1029D0002328210123263101232E110013F707108C
:1029E000138405009304050013090600938906006B
:1029F0006310070437F7FFFF1307F7FFB3F7E7008C
:102A00008315E4002316F400032481018320C1010F
:102A100093860900130609008329C10003290101D7
:102A20001385040083244101130101026F00C028B3
:102A30008395E5009306200013060000EF00C01AFE
:102A40008317C4006FF01FFB130101FF23248100D3
:102A5000138405008395E50023261100EF00C018BC
:102A60009307F0FF6308F5028357C400371700008F
:102A70008320C100B3E7E7009397070193D707418D
:102A80002328A4042316F400032481001301010168
:102A9000678000008357C40037F7FFFF1307F7FF75
:102AA000B3F7E7009397070193D707418320C1004D
:102AB0002316F40003248100130101016780000044
:102AC0008395E5006F004000130101FF232481007E
:102AD000232291001304050013850500232611000D
:102AE00023A401C8EFD0DF989307F0FF630CF50033
:102AF0008320C100032481008324410013010101CC
:102B00006780000083A781C8E38407FE8320C1009B
:102B10002320F400032481008324410013010101D8
:102B20006780000083A701C7638EA70A8325450439
:102B3000130101FE232A9100232E110093040500A6
:102B4000638C05042328210123263101232C8100D5
:102B50001309000093090008B387250103A40700A7
:102B6000630E04009305040003240400138504008D
:102B7000EF00100CE31804FE83A544041309490078
:102B8000E31C39FD13850400EF00900A0324810142
:102B9000032901018329C10083A5840363860500FD
:102BA00013850400EF00D00883A5C40463860500E4
:102BB00013850400EF00D00783A74403638C07004C
:102BC0008320C10113850400832441011301010204
:102BD000678007008320C1018324410113010102A2
:102BE0006780000067800000130101FF1387050064
:102BF000232481002322910093050600130405007D
:102C000013860600130507002326110023A401C81C
:102C1000EFD0DF929307F0FF630CF5008320C10033
:102C20000324810083244100130101016780000017
:102C300083A781C8E38407FE8320C1002320F4001A
:102C400003248100832441001301010167800000F7
:102C5000130101FF13870500232481002322910023
:102C600093050600130405001386060013050700EC
:102C70002326110023A401C8EFD05F8F9307F0FF34
:102C8000630CF5008320C1000324810083244100EC
:102C9000130101016780000083A781C8E38407FE58
:102CA0008320C1002320F4000324810083244100F9
:102CB0001301010167800000130101FF1387050064
:102CC00023248100232291009305060013040500AC
:102CD00013860600130507002326110023A401C84C
:102CE000EFD05F8E9307F0FF630CF5008320C100E7
:102CF0000324810083244100130101016780000047
:102D000083A781C8E38407FE8320C1002320F40049
:102D10000324810083244100130101016780000026
:102D2000130101FF23248100B707028037040280CA
:102D3000232021019387874313078443232611000F
:102D4000232291003389E7406382E7021359294027
:102D50001304844393040000832704009384140025
:102D600013044400E7800700E3E824FF37040280EF
:102D7000B707028093878743130784433389E7406B
:102D8000135929406380E70213048443930400002D
:102D9000832704009384140013044400E780070091
:102DA000E3E824FF8320C100032481008324410041
:102DB000032901001301010167800000130101FFD5
:102DC00023248100B707028037040280938787435A
:102DD000130484433304F44023229100232611007A
:102DE00093542440638004021304C4FF3304F400AA
:102DF000832704009384F4FF1304C4FFE7800700D3
:102E0000E39804FE8320C100032481008324410051
:102E100013010101678000001303F0001307050090
:102E2000637EC3029377F7006390070A63920508F5
:102E3000937606FF1376F600B386E6002320B700EC
:102E40002322B7002324B7002326B7001307070166
:102E5000E366D7FE6314060067800000B306C34034
:102E60009396260097020000B38656006780C6003E
:102E70002307B700A306B7002306B700A305B700D2
:102E80002305B700A304B7002304B700A303B700CA
:102E90002303B700A302B7002302B700A301B700C2
:102EA0002301B700A300B7002300B700678000002C
:102EB00093F5F50F93968500B3E5D500939605013C
:102EC000B3E5D5006FF0DFF6939627009702000078
:102ED000B386560093820000E78006FA93800200D2
:102EE000938707FF3307F7403306F600E378C3F60E
:102EF0006FF0DFF3B3C7A50093F73700B308C50041
:102F0000639407069307300063F0C7069377350094
:102F100013070500639A070613F6C8FFB306E640D9
:102F20009307000263CED708938605009307070036
:102F30006378C70203A8060093874700938646007C
:102F400023AE07FFE3E8C7FE9307F6FFB387E7402A
:102F500093F7C7FF938747003307F700B385F50062
:102F60006368170167800000130705006378150583
:102F700083C705001307170093851500A30FF7FEFD
:102F8000E398E8FE6780000083C60500130717007A
:102F900093773700A30FD7FE93851500E38E07F6CE
:102FA00083C605001307170093773700A30FD7FEDA
:102FB00093851500E39A07FC6FF01FF66780000009
:102FC000130101FF232681001304000283A30500DF
:102FD00083A2450083AF850003AFC50083AE050122
:102FE00003AE450103A3850103A8C50183A605021D
:102FF00013074702B307E640232E77FC232057FE32
:103000002322F7FF2324E7FF2326D7FF2328C7FF28
:10301000232A67FE232C07FF232ED7FE9385450224
:10302000E346F4FA93860500930707006378C70226
:1030300003A80600938747009386460023AE07FF48
:10304000E3E8C7FE9307F6FFB387E74093F7C7FFB0
:10305000938747003307F700B385F50063681701CE
:103060000324C100130101016780000083C705002C
:103070001307170093851500A30FF7FEE382E8FE00
:1030800083C705001307170093851500A30FF7FEEC
:10309000E39EE8FC6FF0DFFC937735001307050033
:1030A000639C0704B7867F7F9386F6F79305F0FF4E
:1030B0000326070013074700B377D600B387D7006E
:1030C000B3E7C700B3E7D700E384B7FE8346C7FF83
:1030D000B307A740638406048346D7FF638C0602C8
:1030E0000345E7FF3335A0003305F5001305E5FF81
:1030F00067800000E38806FA83470700130717007C
:1031000093763700E39807FE3307A7401305F7FFD0
:10311000678000001385D7FF678000001385C7FF15
:103120006780000083A7C1C8638C070403A747001A
:103130001308F0016340E80813182700630605022E
:10314000338307012324C30883A8871813061000BC
:103150003316E600B3E8C80023A417192324D310BC
:10316000930620006306D5021307170023A2E70089
:10317000B387070123A4B700130500006780000090
:103180001388816423A601C9938781646FF01FFAB5
:1031900083A6C7181307170023A2E700B3E6C600EB
:1031A00023A6D718B387070123A4B700130500008F
:1031B000678000001305F0FF67800000130101FD28
:1031C000232C41012320210303A9C1C82326110276
:1031D0006308090A232E3101232A510123286101A2
:1031E00023267101232481022322910223248101B9
:1031F000130B0500938B05009309F0FF930A100051
:10320000832449001384F4FF634E04049394240040
:10321000B304990063900B088327490083A64400F8
:103220009387F7FF638C870A23A204006386060254
:103230008327891833978A00032C4900B377F70056
:1032400063960706E78006000327490083A7C1C8E5
:1032500063108709639E27071304F4FF9384C4FF58
:10326000E31A34FB03248102832441028329C10130
:10327000832A4101032B0101832BC100032C810010
:103280008320C10203290102032A810113010103E2
:103290006780000083A74410E38077F91304F4FFEC
:1032A0009384C4FFE31834FF6FF0DFFB8327C91852
:1032B00083A544083377F7006316070213050B0054
:1032C000E78006000327490083A7C1C8E30487F904
:1032D000E38A07F8138907006FF09FF22322890021
:1032E0006FF0DFF413850500E78006006FF0DFF56F
:1032F000130101FE23263101B7090280232C81002E
:10330000232A91002328210123244101232E110087
:10331000138A0500130905009389097EEF00103D0B
:1033200003A78900B71700009387F7FE832447009F
:103330003717000093F4C4FF3384F400330444418E
:103340001354C4001304F4FF1314C400634EE400C8
:103350009305000013050900EF40D02883A78900DA
:10336000B38797006308F50213050900EF00503892
:103370008320C10103248101832441010329010128
:103380008329C100032A81001305000013010102F3
:1033900067800000B305804013050900EF409024CA
:1033A0009307F0FF630AF504B727028093874791DC
:1033B00003A7070083A68900B384844093E4140024
:1033C000330787401305090023A2960023A0E700D6
:1033D000EF0010328320C1010324810183244101C5
:1033E000032901018329C100032A8100130510006C
:1033F0001301010267800000930500001305090016
:10340000EF40501E03A789009306F000B307E54084
:10341000E3DCF6F483A641C793E717002322F70005
:103420003305D540B726028023AAA6906FF0DFF3BC
:1034300063820518130101FF2324810023229100D8
:10344000138405009304050023261100EF00102AC1
:103450000325C4FF130784FFB70502809377E5FFB8
:103460003306F7009385057E8326460003A8850072
:1034700093F6C6FF6302C81A2322D60013751500FF
:103480003308D6006310050A032384FF032848008D
:103490003705028033076740832887001305857E40
:1034A000B3876700137818006382A8140323C7004A
:1034B00023A66800232413016306081A93E6170065
:1034C0002322D7002320F6009306F01F63ECF606B4
:1034D00093F687FF9386860003A54500B386D50043
:1034E00003A6060013D8570093071000B3970701EF
:1034F000B3E7A700138586FF2326A7002324C70070
:1035000023A2F50023A0E6002326E6000324810081
:103510008320C100138504008324410013010101AD
:103520006F00101D0325480013751500630605087C
:1035300093E61700232ED4FE2320F6009306F01FF7
:10354000E3F8F6F893D69700130640006360D612AE
:1035500093D66700138596031386860313153500EB
:103560003385A50083260500130585FF6318D50064
:103570006F00401583A686006308D50003A64600A9
:103580001376C6FFE3E8C7FE03A5C6002326A700FF
:103590002324D700032481002324E5008320C100D5
:1035A000138504008324410023A6E60013010101D2
:1035B0006F0010146780000037050280B387D700C2
:1035C0001305857E83268600638CA60C0328C6001F
:1035D00013E517003306F70023A606012324D800BD
:1035E0002322A7002320F6006FF01FEE631C0812B1
:1035F000832586000326C600B386F60093E71600EF
:1036000023A6C5002324B6002322F7003307D700E2
:103610002320D7006FF09FEF13751500B386D700F6
:1036200063100502032584FF3307A7408327C700E3
:1036300003268700B386A6002326F60023A4C7002E
:1036400013E6160083A781C72322C70023A4E50041
:10365000E3EEF6EA83A581C913850400EFF05FC9A4
:103660006FF0DFEAB387D7006FF0DFF51306400194
:103670006370D602130640056364D60693D6C7006E
:103680001385F6061386E606131535006FF05FED19
:103690001385C6051386B605131535006FF05FEC6C
:1036A00023AAE50023A8E50093E617002326A70038
:1036B0002324A7002322D7003307F7002320F70095
:1036C0006FF0DFE403A8450013562640930710006F
:1036D000B397C700B3E7070123A2F5006FF01FEB14
:1036E00013064015636CD60093D6F7001385860742
:1036F00013867607131535006FF09FE613064055C5
:10370000636CD60093D627011385D6071386C607A8
:10371000131535006FF0DFE41305803F1306E00753
:103720006FF01FE493E617002322D7002320F60052
:103730006FF0DFDD130101FD232E3101232611027D
:103740002324810223229102232021039387B500A1
:1037500013076001930905006362F70893070001EE
:1037600063E4B720EF008078930780019305200081
:1037700093040001370902801309097EB307F90099
:1037800003A44700138787FF6302E43483274400C0
:103790008326C4000326840093F7C7FFB307F40011
:1037A00003A747002326D60023A4C60013671700EB
:1037B0001385090023A2E700EF008073130584003E
:1037C0008320C102032481028324410203290102D0
:1037D0008329C101130101036780000093F487FF6F
:1037E00063C4071863E2B418EF0040709307701FBA
:1037F00063F8973E93D7940063800718130740003F
:10380000636EF73293D76400938597031388870319
:1038100013963500370902801309097E3306C90063
:1038200003244600130686FF630886021305F00092
:103830006F0040018326C40063560728630ED6003C
:10384000138406008327440093F7C7FF338797400C
:10385000E352E5FE9305080003240901930889005B
:10386000630E1425832744009306F00093F7C7FFE7
:103870003387974063CCE636232A190123281901A0
:10388000635007341307F01F032549006368F724CA
:1038900013F787FF130787003307E9008326070024
:1038A00013D6570093071000B397C7003365F50090
:1038B000930787FF2326F4002324D4002322A900A2
:1038C0002320870023A6860093D7254013061000E7
:1038D0003316F600636AC50AB377A600639407023D
:1038E0001316160093F5C5FFB377A6009385450020
:1038F000639A070013161600B377A6009385450058
:10390000E38A07FE1308F0001393350033036900C0
:10391000130503008327C500138E05006302F524F9
:1039200003A747001384070083A7C7001377C7FFC7
:10393000B30697406342D824E3C206FE3307E4008F
:1039400083264700032684001385090093E61600AA
:103950002322D7002326F60023A4C700EF004059F6
:10396000130584006FF0DFE59307C00023A0F90082
:10397000130500006FF0DFE4130600209305000438
:103980001308F0036FF01FE9032489002328610165
:103990008327440013FBC7FF63689B0033079B40EA
:1039A0009307F00063CAE70C23229101232A5101F7
:1039B00003A741C783AA81C9232C41012326710192
:1039C0009307F0FF330A6401B38A54016306F73C9E
:1039D000B71700009387F700B38AFA00B7F7FFFF25
:1039E000B3FAFA0093850A0013850900EF40803F7F
:1039F0009307F0FF930B0500630AF544232481012C
:103A0000636E4523138C817D83250C00B385BA003A
:103A10002320BC00138705006316AA2A93174501CB
:103A20006392072A832B8900B3075B0193E7170092
:103A300023A2FB0083A641C963F4B60023AAB1C840
:103A400083A601C963F4B60023A8B1C8032C810082
:103A500013840B0093F7C7FF3387974063EA9738C7
:103A60009307F00063D6E738032A8101832A4101D6
:103A7000832BC100832C410093E714002322F40020
:103A8000B3049400232499001367170013850900D9
:103A900023A2E400EF00C0458320C1021305840087
:103AA00003248102032B0101832441020329010223
:103AB0008329C10113010103678000000325490028
:103AC0006FF09FE0032684006FF05FCD03A4C70072
:103AD00093852500E38287D86FF05FCB13D79700DB
:103AE0009306400063F2E6149306400163E4E63275
:103AF0001306C7059306B705131636003306C9002B
:103B000003270600130686FF6318E6006F004029AE
:103B1000032787006308E6008326470093F6C6FF65
:103B2000E3E8D7FE0326C7002326C4002324E400CD
:103B300023248600232687006FF01FD91307400136
:103B40006378F710130740056364F72E93D7C4001A
:103B50009385F7061388E706139635006FF09FCB21
:103B6000130E1E0093773E00130585006380071037
:103B70008327C5006FF09FDA0326840093E51400C5
:103B80002322B4002326F60023A4C700B304940024
:103B9000232A99002328990093E7160023A61401ED
:103BA00023A4140123A2F4003307E40013850900C1
:103BB0002320D700EF00C033130584006FF05FC0EF
:103BC000B307F40003A74700138509001367170024
:103BD00023A2E700EF00C031130584006FF05FBE41
:103BE00093D53400938784006FF0DFB893E6140018
:103BF0002322D400B3049400232A99002328990097
:103C00009366170023A6140123A4140123A2D40051
:103C1000B307F4001385090023A0E700EF00402D4F
:103C2000130584006FF0DFB913D7670013069703FD
:103C300093068703131636006FF05FEC630C2407BE
:103C400003248900032C8100832744006FF09FE048
:103C50009385C7051388B705139635006FF09FBB92
:103C6000832783009385F5FF639E672693F73500CE
:103C7000130383FFE39607FE032749009347F6FFEC
:103C8000B3F7E7002322F90013161600E3EEC7CEC0
:103C9000E30C06CE3377F600631A070013161600FE
:103CA0003377F600130E4E00E30A07FE93050E006D
:103CB0006FF09FC5138C817D03270C003387EA00CA
:103CC0002320EC0083A641C79307F0FF6386F61814
:103CD000B3874B41B387E7002320FC0093FC7B00B4
:103CE000638C0C0CB38B9B41B71700009387870044
:103CF000938B8B00B3859741B38A5B01B3855541A4
:103D00009395450113DA450193050A0013850900CF
:103D1000EF40400D9307F0FF6300F5183305754140
:103D2000B30A450103270C002324790193E71A0005
:103D3000B305EA002320BC0023A2FB00E30C24CF40
:103D40009306F00063F0660B0327440093074BFFD4
:103D500093F787FF137717003367F7002322E400F8
:103D6000130650003307F4002322C7002324C700A2
:103D700063E6F60083A74B006FF0DFCB930584006A
:103D800013850900EFF0CFEA832B890083250C000F
:103D900083A74B006FF01FCA938A0A016FF09FC47C
:103DA00093D6264093071000B397D7003365F500EC
:103DB0002322A9006FF05FD7B3855B01B305B04044
:103DC0009395450113DA450193050A00138509000F
:103DD000EF4040019307F0FFE312F5F4130A0000EF
:103DE0006FF05FF4032C81009307100023A2FB0007
:103DF00013850900EF00C00F13050000032A81019D
:103E0000832A4101032B0101832BC100832C410034
:103E10006FF01F9B9306400563E4E60413D7C700C9
:103E20001306F7069306E706131636006FF01FCD4C
:103E3000130740156364F70493D7F400938587074D
:103E400013887707139635006FF0DF9C03248900F1
:103E5000832744006FF01FC023AA71C76FF01FE8CB
:103E60009306401563E4E60413D7F70013068707AB
:103E700093067707131636006FF05FC81307405597
:103E80006364F70493D724019385D7071388C70782
:103E9000139635006FF01F98938C8CFFB38A9A01AC
:103EA000B38A7A41130A00006FF0DFE793064055AA
:103EB00063E4E60213D727011306D7079306C70763
:103EC000131636006FF09FC31306803F9305F0076B
:103ED0001308E0076FF01F941306803F9306E00776
:103EE0006FF0DFC1832749006FF01FDA67800000A1
:103EF00067800000130101ED232611122322911285
:103F0000232A511123267111938A05009304060078
:103F10002324D100930B0500EF30D06B83270500DD
:103F2000138507002322F102EFF00F972320A1024F
:103F300063880B0083A74B03639407006F104073E3
:103F40008397CA00139727016346070203A74A060F
:103F500037260000B7E6FFFFB3E7C7009386F6FFFA
:103F60009397070193D707413377D7002396FA0039
:103F700023A2EA0613F787006302072E03A70A01AC
:103F8000630E072C93F7A7011307A000638AE72E9F
:103F9000B70702802328611123248111130B010B21
:103FA000938747DA370C028023248112232C411196
:103FB000232EB10F23202113232E311123229111FF
:103FC0002320A111232E61072322010823200108A9
:103FD000232A0100232C0100232E010013040B00CF
:103FE0002324010223280102232201002326F100B9
:103FF000130A0001130C8CF123207101938D04002E
:1040000083C70D00638C071E93840D0013075002B5
:104010006386E72A83C7140093841400E39A07FE9B
:104020003389B441638CB41D0327410883270108F9
:104030002320B4013307270193871700232224018B
:104040002322E1082320F1081307700013048400E1
:10405000634EF7260327410083C704003307270177
:104060002322E100638C071893841400A30F01043A
:104070009309F0FF930B00001309000093068005DD
:1040800003CD0400938D140093070DFE63E6F60440
:104090000327C10093972700B387E70083A7070092
:1040A00067800700930B000093070DFD1306900037
:1040B00003CD0D0013972B00B30B7701939B1B00CF
:1040C000B38B770193070DFD938D1D00E372F6FE10
:1040D00093070DFEE3FEF6FA63020D122304A10915
:1040E000A30F01041307100093041000930C810820
:1040F000130F09009309000023280100930F00000B
:1041000093724F080329410863960200B387EB407E
:10411000E342F0448347F105638A070283270108DD
:104120009306F1052320D40013091900930610000B
:10413000938717002322D400232221092320F1088A
:10414000930670001304840063C0F61A638A0F029A
:1041500083270108930601062320D40013092900B0
:1041600093062000938717002322D40023222109DD
:104170002320F1089306700013048400E3CEF64E6A
:1041800093070008E38AF208B3899940E34E301997
:1041900093770F10639407748327010833099900FC
:1041A00023209401938717002322940023222109BE
:1041B0002320F1089306700063CCF62013048400DA
:1041C000137F4F0063060F00B384EB40E342904E31
:1041D00013830B0063D4EB00130307008327410014
:1041E000B38767002322F100E31A092283C70D0079
:1041F0002320010813040B00E39807E083274108FC
:10420000832B0100638407006F10407583D7CA00B9
:10421000032481120329011293F707048329C11192
:10422000032A8111032B0111032C8110832C4110CF
:10423000032D0110832DC10F638407006F10901DA3
:104240008320C1120325410083244112832A411196
:10425000832BC110130101136780000093850A00AE
:1042600013850B00EF30006C630405006F10901A8B
:104270008397CA001307A00093F7A701E39AE7D03A
:104280008397EA00E3C607D0832681008320C1120A
:104290001386040093850A0083244112832A411166
:1042A00013850B00832BC110130101136F101038FD
:1042B0001369090193840D006FF09FDC3389B441C9
:1042C000E394B4D783C704006FF0DFD9032501005E
:1042D0001306C10793850A00EF105054E31805F246
:1042E00013040B006FF01FD7032501001306C1074D
:1042F00093850A00232EE102232CE103232A510295
:104300002326F103EF109051E31205F00329410831
:104310000327C103032F810383224103832FC1029B
:1043200013040B006FF09FE283270108B706028099
:10433000938606DA2320D40013091900930610008F
:10434000938717002322D400232221092320F10878
:10435000930670001304840063D4F6006F1080107D
:10436000630406006F1080458326410193771F0088
:10437000B3E7D700E38607E48327410283260102DF
:104380002320F40083270108B38526012322D400CB
:10439000938717002322B1082320F10893067000A9
:1043A00063D4F6006F1080641304840083264101F7
:1043B00093871700232094013389B6002322D40069
:1043C000232221092320F10893067000E3D8F6DEAA
:1043D000032501001306C10793850A002326E10285
:1043E0002328E101EF109043E31205E2032941087D
:1043F000032F01010327C10213040B006FF05FDCE0
:1044000093778900E39C0760832781009387770077
:1044100093F787FF03A7070093878700232CE1000A
:1044200003A7C7FF2324F100232EE100832CC10141
:1044300003A7C1C18326810183A701C293941C00F5
:1044400093D4140013850600938504001306070017
:1044500093860700EF90504C630405006F10000432
:104460008326810103A7C1C183A701C2138506006A
:10447000938504001306070093860700EF80503BE6
:104480006344A0006F1080010327810193850C0015
:10449000130600001305070093060000EF80503953
:1044A000635405006F1040438346F1059307700481
:1044B00063D4A7016F108041B70C0280938C0CD697
:1044C00023280100137FF9F713073000930430000D
:1044D000930900006384060013071700937F2F00E1
:1044E000E3800FC213072700930F20006FF05FC116
:1044F000832681009377090103A70600938646006F
:104500002324D100639207129376090493070700CE
:10451000E390064E634E07108346F10563C4090419
:10452000137FF9F7631E070213071000639E09202B
:10453000E314073C93741900930C0B00638204048A
:1045400093070003A307F10A930CF10A13870400F1
:1045500063CC340323280100E39006F86FF01FF8C2
:1045600013090F0013079000E364F76C93870703A8
:10457000A307F10A130F090093041000930CF10A2A
:1045800013870400E3D834FD1387090023280100B2
:104590006FF09FFC8327810083AB07009387470060
:1045A0002324F100E3D80BD0B30B70411369490009
:1045B00093840D006FF0DFAC03CD0D009307A002D4
:1045C000938D1D006314FD006F10807D93070DFD1A
:1045D0009305900013070000130690009309000054
:1045E000E3E4F5AA03CD0D0093192700B389E90090
:1045F000939919003387F90093070DFD938D1D00E2
:10460000E372F6FE93090700E35007A89309F0FF51
:104610006FF09FA7832781001369090103A7070093
:10462000938747002324F10093070700E35607EE22
:10463000B307E0409306D002130710006F00000A92
:104640001369090893840D006FF09FA3136909048F
:1046500093840D006FF0DFA203278100A30F0104F4
:104660009304100083270700130747002324E10069
:104670002304F10813071000930C81086FF05FA763
:104680009307B002A30FF10493840D006FF05F9FB6
:104690001369190093840D006FF09F9E8347F10505
:1046A000E39A07C093070002A30FF10493840D005F
:1046B0006FF01F9D1369890093840D006FF05F9C5C
:1046C00003278100136909018327070013074700A7
:1046D0002324E1001307100093060000A30FD10468
:1046E00063C80900137FF9F7E38207E413090F0099
:1046F00013061000E308C7E6130620006306C7068A
:10470000930C0B0013F7770013070703A38FECFE3E
:1047100093D7370013860C00938CFCFFE39407FEBD
:104720009377190063840706930700036300F70675
:104730001306E6FFA38FFCFEB304CB40130F090062
:10474000930C06006FF0DFE3930710006314F7008B
:104750006F10C03F9307200013090F006304F70098
:104760006F1000219307000003268102930C0B00B9
:1047700013F7F7003307E6000347070093D7470016
:10478000938CFCFF2380EC00E39407FEB3049B4171
:10479000130F09006FF0DFDE0327810013690901A1
:1047A00083270700130747002324E10013070000B5
:1047B0006FF09FF2832681001377090183A706001B
:1047C000938646002324D100E31607F013770904EB
:1047D000E30207F09397070193D70701130710002F
:1047E0006FF09FEF83278100A30F010483AC0700C4
:1047F00013884700E3800C322324010163D40900AD
:104800006F104007138609009305000013850C0004
:10481000EF30003F03288100631405006F10803AD9
:10482000B30495418346F10513C7F4FF1357F741CD
:10483000232401012328010033F7E400130F0900AA
:1048400093090000E39A06C86FF05FC983268100D0
:1048500037870000130707832310E10613874600FC
:104860002324E10037070280130747D82324E102FD
:1048700083A706001369290013072000130D800782
:104880006FF09FE5832681001377090183A7060057
:10489000938646002324D100E31A07F01377090416
:1048A000E30607F09397070193D70701130700006A
:1048B0006FF09FE293770901E38407148327810057
:1048C0000327410083A7070023A0E7008327810077
:1048D000938747002324F1006FF08FF2930750066F
:1048E00063DAA735832681018327C10113060000FF
:1048F000138506009385070093060000232AE10232
:104900002326E103EF80005A032FC102032741034E
:104910006316056683270108B7060280938606DAC8
:104920002320D40013091900930610009387170061
:104930002322D400232221092320F10893067000AA
:1049400013048400E3C0F64C83274106832641010B
:10495000E3D8D70883274102832601021304840089
:10496000232CF4FE832701083309D900232ED4FE1B
:1049700093871700232221092320F1089306700052
:10498000E3CCF60E832741019384F7FFE35A90822C
:10499000930600018327010863C496006F10003D51
:1049A000B7060280938686F12326E102032D0100DB
:1049B000130704009309000113840400930C700092
:1049C0002328E101938406006F00C000130404FF54
:1049D000E3D6894A1309090193871700232097001A
:1049E00023223701232221092320F10813078700FE
:1049F000E3DEFCFC1306C10793850A0013050D00D6
:104A0000EF10C061E31405800329410883270108E2
:104A100013070B006FF09FFBB387EB406356F0F674
:104A2000930600010326010863C4F6006F10C01D41
:104A3000B7060280938686F1232A91029305090026
:104A40009308000113090700930F70001307040077
:104A50002326E10313840700938406006F00C0003F
:104A6000130404FF63DA8804938505011306160016
:104A700023209700232217012322B1082320C108F5
:104A800013078700E3DECFFC032501001306C107EF
:104A900093850A00EF108058631A05F69308000109
:104AA000130404FF832541080326010813070B00A4
:104AB000930F7000E3CA88FA93860400032FC102A3
:104AC000832441039307040013040700130709001C
:104AD000138905003309F900130616002322F40098
:104AE0002320D400232221092320C108930770002A
:104AF0001304840063DAC7E8032501001306C10725
:104B000093850A00232AE1022326E103EF100051D6
:104B1000631E05EE0329410803274103032FC10249
:104B200013040B006FF04FE6B706028083270108DD
:104B3000938686F1635A3A09930609009308700038
:104B4000130907002326E103130704001384090057
:104B500093090C006F00C000130404FF63588A041B
:104B6000938606019387170023208701232247019C
:104B70002322D1082320F10813078700E3DEF8FC85
:104B8000032501001306C10793850A00EF100049B1
:104B9000631E05E6130404FF8326410883270108EA
:104BA00013070B0093087000E34C8AFA032FC1022D
:104BB0001386090093090400130407001307090072
:104BC00013890600930606003309390193871700FD
:104BD0002320D40023223401232221092320F10899
:104BE000930670001304840063D4F6DA03250100F1
:104BF0001306C10793850A00232AE1022326E10355
:104C0000EF10C041631405E0032941080327410365
:104C1000032FC10213040B006FF08FD7032501008F
:104C20001306C10793850A00EF10403F630005DCBF
:104C30006FF0CFDD83240108832641019307100024
:104C4000232094011309190093841400930984000C
:104C500063DAD74A930710002322F40023222109A4
:104C6000232091089307700063CC97748327010277
:104C700083264102938414003309F90023A2F9002A
:104C800023A0D90023222109232091089307700033
:104C90009389890063C297768327C10183268101A6
:104CA0001306000093850700832741011385060042
:104CB000930600002326E1022328E1011384F7FF75
:104CC000EF80401E032F01010327C1026304054842
:104CD000938C1C00938414003309890023A099014C
:104CE00023A2890023222109232091089307700021
:104CF00093898900E3C29714832601039307C106B1
:104D0000938414003389260123A0F90023A2D9003B
:104D1000232221092320910893077000138489001E
:104D200063D097CA032501001306C10793850A00C3
:104D30002326E1022328E101EF10402E631805CC61
:104D4000032941080327C102032F010113040B00AB
:104D50006FF00FC79306000103260108E3D6F6683B
:104D6000B7060280938686F0232E910293050900F0
:104D70009308000113090700930370001307040050
:104D80002326F103232A5102232CE1031384070075
:104D9000938406006F00C000130404FF63DA8804E4
:104DA000938505011306160023209700232217017F
:104DB0002322B1082320C10813078700E3DEC3FCC8
:104DC000032501001306C10793850A00EF10002593
:104DD000631E05C293080001130404FF83254108E4
:104DE0000326010813070B0093037000E3CA88FA37
:104DF00093860400832FC10283224103032F810382
:104E00008324C10393070400130407001307090058
:104E1000138905003309F900130616002322F40054
:104E20002320D400232221092320C10893077000E6
:104E30001304840063D0C7AE032501001306C10725
:104E400093850A00232EE102232CE103232A510239
:104E50002326F103EF10801C631A05BA03294108C9
:104E60000327C103032F810383224103832FC10240
:104E700013040B006FF00FAA032501001306C107EE
:104E800093850A00232CE102232AE1032326510201
:104E9000EF10C018631C05B60329410803278103DE
:104EA000032F41038322C10213040B006FF04FADA7
:104EB0009306000183270108E3D29654B7060280C7
:104EC000938686F0138D040093090001930C700003
:104ED0002328E100938406006F00C000130D0DFF2E
:104EE00063D6A905130909019387170023209400AD
:104EF00023223401232221092320F10813048400F2
:104F0000E3DEFCFC032501001306C10793850A00BC
:104F1000EF10C010631C05AE130D0DFF03294108EF
:104F20008327010813040B00E3CEA9FB032701012B
:104F30009386040093040D003309990093871700AA
:104F40002320D40023229400232221092320F108C6
:104F50009306700063DEF6A6032501001306C10761
:104F600093850A002328E100EF10400B631005AA87
:104F700003294108032701016FF08FA5032641068D
:104F80006354C0BA83274101832601019389070036
:104F900063C8F62C635630038327010833093901AF
:104FA000232094019387170023223401232221090F
:104FB0002320F1089306700013048400E3CEF61A50
:104FC00093C7F9FF93D7F741B3F9F900832701019C
:104FD000B389374163403037832641068327410137
:104FE00063D6F628832741020326010213048400B6
:104FF000232CF4FE832701083309C900232EC4FEA5
:1050000093871700232221092320F108130670003B
:10501000E342F6308327410103260101B386D740DE
:10502000B389C74063D4360193890600635A3003BD
:10503000832701010326010833093901B38CFC00E1
:105040001306160023209401232234012322210970
:105050002320C1089307700013048400E3C0C73203
:1050600013C6F9FF1356F641B3F7C900B384F640EF
:10507000635890949306000183270108E3D8964E65
:10508000B7060280938686F12326E102032D0100F4
:10509000130704009309000113840400930C7000AB
:1050A0002328E101938406006F00C000130404FF6D
:1050B00063D6895C130909019387170023209700A1
:1050C00023223701232221092320F1081307870017
:1050D000E3DEFCFC1306C10793850A0013050D00EF
:1050E000EF00D07363140592032941088327010858
:1050F00013070B006FF09FFB93040000930C0B0051
:105100006FF00FC893761F00E39606B42322F400D5
:10511000232221092320910893077000E3DE97BC26
:10512000032501001306C10793850A002326E10227
:105130002328E101EF00906E631A058C03294108D2
:10514000832401080327C102032F010193090B00E7
:105150006FF09FBA8326410193071000E3DED7B8B2
:1051600093071001E3DED73EB7060280938686F1EF
:1051700093870900930C000193090700130D700039
:10518000130709002328E101138906006F00C000FE
:10519000130404FF63DA8C7013070701938414006F
:1051A00023A0270123A297012322E10823209108AD
:1051B00093878700E35E9DFC032501001306C1076A
:1051C00093850A00EF009065630405006FF00F847B
:1051D000032741088324010893070B006FF05FFB4E
:1051E00093771F00639407006FE09FFD6FF08FF6C9
:1051F0001317070113570741930707006FF00FC3F9
:10520000937F0904638C0FEA832781000327410001
:1052100083A707002390E7006FF04FEB032781007F
:1052200013050104832707009304470003A7070021
:105230002320E10403A747002322E10403A78700FA
:105240002324E10483A7C7002326F104EF90001272
:10525000232CA100232EB100232491006FF00F9D79
:1052600093890600E34A30D36FF09FD593771F00F0
:10527000E38207DA6FF01FD7032501001306C10789
:1052800093850A002326E1022328E101EF0010594B
:10529000630405006FE09FF7032941080327C1025B
:1052A000032F010113040B006FF0CFEDB70702804D
:1052B000938707D72324F1028326810013770901FE
:1052C00083A70600938646002324D100631A0700B3
:1052D00013770904630607009397070193D7070123
:1052E0009376190013072000638806BE638607BE05
:1052F000930600032300D106A300A1071369290028
:105300006FF08FBDB7070280938747D82324F1023F
:105310006FF09FFA930760009384090063E8376990
:10532000B70C02801387040023240101938C8CD9CD
:105330006FE01FDC9306000183270108E3DC3625BC
:10534000B706028093050700938686F113070400D1
:105350001306090013840900130D00019304700063
:105360002326E10313890600938905006F00C0001E
:10537000130404FF635A8D56130606019387170022
:10538000232027012322A7012322C1082320F1087B
:1053900013078700E3DEF4FC032501001306C107B1
:1053A00093850A00EF009047630405006FE01FE655
:1053B000032641088327010813070B006FF05FFBEA
:1053C000032501001306C10793850A002326E10285
:1053D0002328E101EF009044630405006FE01FE320
:1053E00003294108832401080327C102032F010177
:1053F00093090B006FF09F87032501001306C10777
:1054000093850A002326E1022328E101EF001041E1
:10541000630405006FE09FDF03294108832401082E
:105420000327C102032F010193090B006FF0DF86F0
:10543000930C0B001306A0001305900033F7C7026E
:10544000938CFCFF93850700130707032380EC0070
:10545000B3D7C702E364B5FEB3049B41130F090041
:105460006FF00F92032501001306C10793850A0010
:105470002326E1022328E101EF00503A63040500EE
:105480006FE0DFD803264106032941080327C10244
:10549000032F010113040B006FE09FEC032881012F
:1054A0008327C1011306080013050800938607002F
:1054B00093850700EF805046E31205021377FDFD48
:1054C0009307F0FF2326E102136F09106388F96E3A
:1054D000930770046302F7688327C10193020000F9
:1054E0009384070063C0074E930760061387090083
:1054F000930630006310FD4E0326810113088106D8
:1055000093074106130506009305050003250100D6
:105510009308410713860400232A5102232AE1013C
:105520002328E100EF20D0580327010193076006EC
:10553000032F410183224103930C05003308E5004A
:10554000631CFD0083C60C00930700036380F656BE
:10555000832741063308F8008327810193850400DF
:10556000130600001385070093060000232A51024A
:10557000232A01012328E101EF70D012032F01013A
:105580000328410183224103630605428327410723
:1055900063FE07019306000313871700232AE10621
:1055A0002380D70083274107E3E807FF032741064D
:1055B0002328E100B3879741232AF1008327C10202
:1055C000130770046384E714930760066312FD18E1
:1055D0000327010193771900B3E737016356E07E93
:1055E000639C077283240101130D60061387040076
:1055F000638802509307D002A30FF10493090000BF
:105600006FE09FED032501001306C10793850A0093
:105610002326E1022328E101EF0050206304050066
:105620006FE0DFBE032941080327C102032F0101F8
:1056300013040B006FF04FB1032501001306C107DF
:1056400093850A002326E1022328E101EF00101DC3
:10565000630405006FE09FBB032941088324010810
:10566000032F01010327C10293090B006FF0CFE85C
:1056700013850B00EFD00F876FE09F8C938604009B
:10568000032F010193040400130407000327C10240
:1056900033099900938717002320D4006FE0DFB00F
:1056A00063CC07688324C1019302000093091000B2
:1056B000032781019307410693084107130507005B
:1056C00093050500032501001308810613870900CF
:1056D0009306200013860400232A51002328E101A9
:1056E000EF20103D93771900032F01018322410120
:1056F000930C050063900750832741062328F1008F
:1057000083274107B387A740232AF100032701011C
:105710009307D0FF634CF70263CAE9028327410174
:1057200003270101634CF750937F19008327010180
:1057300063960F5C13C7F7FF1357F74133F7E70082
:1057400093840700130D70066FF09FEA130DEDFFB1
:10575000032701012306A1079307B0029308F7FF6F
:105760002322110763CC0832A306F10693079000A9
:1057700063C0172D9387080313070003A307F106DF
:10578000930740002307E1062328F1020327410184
:105790008326010393071000B304D70063D2E748C0
:1057A0008327010223280100B384F40013C7F4FF08
:1057B0001357F74133F7E4006FF09FE3832741026B
:1057C0008326010213048400232CF4FE832701089E
:1057D000B3852601232ED4FE938717002322B10818
:1057E0002320F1089306700063C2F620634406008C
:1057F0006FE0DFBB930600FFB304C0406356D66082
:10580000B7060280938686F12328E1009309000100
:105810001307040013097000130D0F001384060012
:105820006F00C000938404FF63D4994493850501FD
:105830009387170023208700232237012322B108F2
:105840002320F10813078700E35EF9FC032501001C
:105850001306C10793850A00EF00407C630405002E
:105860006FE0DF9A832541088327010813070B00A7
:105870006FF05FFB13850C00EFD01F828346F105AC
:105880001347F5FF1357F741232801009304050040
:105890003377E500130F09009309000063840600C5
:1058A0006FE09FC36FE09FC3032F010193060900C0
:1058B000130907001387090093890700330989003A
:1058C0009384140023A0D9006FF08FC1B70C02801D
:1058D000938C4CD66FE0DFBE9307D002A30FF10488
:1058E0009306D0026FE09FBC032FC102938509008D
:1058F0009306090093090400130906001304070026
:105900001387050033093901938717002320D4003A
:1059100023223401232221092320F1089306700059
:105920001304840063DAF6EA032501001306C107B5
:1059300093850A00232AE1022326E103EF00006E8B
:10594000630405006FE09F8C03294108032741038E
:10595000032FC10213040B006FF00FE81306C107F9
:1059600093850A0013850B00EF00406B6FE01F8AE0
:10597000930700006FE0DFD8032501001306C1077D
:1059800093850A00232AE1022326E103EF00006940
:10599000630405006FE09F87032941080327410343
:1059A000032FC10213040B006FF08FE1930460001A
:1059B0006FF01F97832741062328F1009307080003
:1059C0006FF05FBFB7040080B3C4F4009302D0024D
:1059D0006FF09FB10327C10293075004E31AF7CC7D
:1059E00013871900930620006FF01FB103250100F3
:1059F0001306C10793850A002326E1022328E1014B
:105A0000EF00C061630405006FE05F80032641067C
:105A100083254108832701080327C102032F0101C1
:105A200013040B00634406006FE05F986FF09FDC87
:105A30001305B107930605001306A00013083006EE
:105A400033E7C80293870600938508009386F6FF24
:105A500013070703A38FE7FEB3C8C802E342B8FEEB
:105A6000938808031387E7FFA38F16FF6378A7388F
:105A70009306E106034607001307170093861600F6
:105A8000A38FC6FEE318A7FE1307010FB307F74065
:105A90009387F7F82328F1026FF05FCF9307100088
:105AA000B388E7409307D0026FF01FCC83268101B3
:105AB000938504001306000013850600930600007A
:105AC000232C5102232A0103232AE1002328E10188
:105AD000EF70403D032F01010327410103284103DB
:105AE0008322810363140526832741063308F800C7
:105AF0002328F100B3079841232AF1006FF05FAD2E
:105B00008346F10593090000638406006FE0DF9C83
:105B10006FE0DF9C032501001306C10793850A008F
:105B2000232AE1022326E103EF00404F630405002E
:105B30006FE0CFED83264106032941080327410387
:105B4000032FC10213040B006FF0CFCC13090F0019
:105B5000930700006FE09FA18327C101E38209B48E
:105B60009384070093020000E3D407B4B7040080D5
:105B7000B3C4F4009302D0026FF09FB30325010079
:105B80001306C10793850A002326E1022328E101B9
:105B9000EF00C048630405006FE04FE7832641062D
:105BA00083274101032941080327C102032F010173
:105BB00013040B00B386D7406FF08FCA93096000BF
:105BC0006FF09F918346F105232801001387090098
:105BD00093840900130F09009309000063840600F1
:105BE0006FE09F8F6FE09F8FB7060280938686F0ED
:105BF0006FF04FA2330835016FF01F96B706028091
:105C0000938686F06FF04FB3B7060280938686F1D5
:105C10006FE05FEC9307F0FF2322F1006FE04FE2AB
:105C2000937719002328F100E39C07B613C7F4FF0C
:105C30001357F74133F7E4006FF09F9B832741012F
:105C400003270102B384E700832701016348F000C2
:105C5000832701013388F4409304180013C7F4FF2D
:105C60001357F74133F7E400130D70066FF05F9898
:105C7000930604001304070003270101130F0D000E
:105C8000B3859500938717002320D4002322940026
:105C90002322B1082320F1089306700063C4F600A4
:105CA0006FE08FF0032501001306C10793850A00FA
:105CB0002326E1022328E101EF00403663040500BA
:105CC0006FE0CFD483254108832701080327C10251
:105CD000032F010113040B006FE04FED8327C10177
:105CE00063C2070A8346F1059307700463C6A709D8
:105CF000B70C0280938C8CD66FE08FFC03270102D7
:105D0000130D7006B384E70013C7F4FF1357F74170
:105D100033F7E4006FF0DF8D832701023388E90059
:105D2000130D6006B304F80013C7F4FF1357F741CF
:105D300033F7E4006FF0DF8BB7040080B3C4F400E6
:105D40009302D002930910006FF09F969307100002
:105D5000B387E7402322F1063308F8006FF0CFFF46
:105D6000B7060280938686F16FF05FB5B7060280B2
:105D7000938686F16FF0DF91B70C0280938CCCD6BE
:105D80006FE00FF49307D002A30FF1049306D00243
:105D90006FF09FF5B7060280938686F16FF09FB68D
:105DA0008327810083A907009387470063C8090000
:105DB0002324F10093840D006FE08FAC9309F0FF72
:105DC0002324F1006FF01FFF639A070013071000F0
:105DD000130D6006930410006FF09F81832701026A
:105DE000130D600613881700B304380113C7F4FFBE
:105DF0001357F74133F7E4006FF08FFF930720004C
:105E00002328F1026FF09F98B7060280938686F1EF
:105E10006FF01FE79307050003A501C7930606006F
:105E200013860500938507006FE0CF8C130101B83E
:105E30008397C50003D7E500232C81461384050012
:105E4000B70501009385D5FF032E44060323C40143
:105E50008328440213170701B3F7B700B3E7E7003D
:105E600013080040232AF1009305810093070107DE
:105E7000232A914623282147232E11461309050082
:105E80002326C10723226102232611032324F100C4
:105E9000232CF10023280101232E010123200102DC
:105EA000EFE04F8593040500635C050283574101D1
:105EB00093F70704638807008357C40093E7070438
:105EC0002316F4008320C147032481470329014797
:105ED00013850400832441471301014867800000B3
:105EE0009305810013050900EF108044E30005FCD1
:105EF0009304F0FF6FF09FFB83A74506130101FD9C
:105F0000232861012326110213972701130B060092
:105F10006358070E8327860023202103232E310197
:105F2000232A51012326710113890500832B0600C2
:105F300093090500930AF0FF6388070A232481026E
:105F400023229102232C41012324810103AC4B0025
:105F500003A40B00135A2C0063060A0693040000E6
:105F60006F00C00013044400630C9A0483250400EE
:105F70001306090013850900EF10103E93841400E6
:105F8000E31255FF03248102832441020329010205
:105F90008329C101032A8101832A4101832BC10086
:105FA000032C81001305F0FF8320C10223240B0082
:105FB00023220B00032B0101130101036780000062
:105FC00083278B00137CCCFFB38787412324FB00FE
:105FD000938B8B00E39C07F6032481028324410208
:105FE000032A8101032C8100032901028329C101B5
:105FF000832A4101832BC100130500006FF0DFFAF3
:10600000EF1040418320C10223240B0023220B0008
:10601000032B0101130101036780000003278600A1
:10602000630407006FF05FED2322060013050000F4
:1060300067800000130101F22326310D232C810B10
:106040002326B10B232E110C2320A10093890500D8
:10605000930D0600138C0600630605008327450395
:10606000E38E07588397C9001397270163460702F9
:1060700003A7490637260000B7E6FFFFB3E7C700CE
:106080009386F6FF9397070193D707413377D7009D
:106090002396F90023A2E90613F787006308071285
:1060A00003A709016304071293F7A7011307A000D0
:1060B000638EE712B70702802328210D232E710B70
:1060C00013090106938787F2B70B0280232C810CFA
:1060D000232A910C2324410D2322510D2320610DED
:1060E000232A910B2328A10B23262103232A010213
:1060F000232801021307090023260100232201009F
:106100002328F10013040001938BCB0983C70D00F2
:106110006386071093840D00930650026386D72E82
:1061200083C7140093841400E39A07FE338AB441B2
:106130006386B40F83264103832701032320B7011D
:10614000B306DA009387170023224701232AD102DE
:106150002328F10213067000130787006350F6022C
:10616000E382062E032501001306C1029385090070
:10617000EFF09FD86318050A130709008326410032
:1061800083C70400B38646012322D1006388070831
:1061900093871400A30301029306F0FF9304000009
:1061A000930C00001305800503C60700938D1700AC
:1061B000930706FE6368F50E832501019397270078
:1061C000B387B70083A70700678007000325010096
:1061D00093850900EF100075E31E054C8397C900F5
:1061E0001307A00093F7A701E396E7EC8397E90074
:1061F000E3C207EC032501008320C10D93060C00C8
:1062000013860D00032C810B832DC10A9385090091
:106210008329C10C1301010E6F00D04E8327410367
:10622000E39C074283D7C9000324810D8324410DD9
:1062300093F707040329010D032A810C832A410CDB
:10624000032B010C832BC10B832C410B032D010B62
:10625000E39207468320C10D032541008329C10C29
:10626000032C810B832DC10A1301010E67800000EE
:1062700093040000930706FD1308900003C60D0069
:1062800093952400B385950093951500B384B700CA
:10629000930706FD938D1D00E372F8FE930706FE3B
:1062A000E37CF5F0E30C06F6230CC102A303010224
:1062B000130A1000130B1000930A810393060000C9
:1062C000130F00000326010393FF4C0883274103AB
:1062D00093051600138E050063960F00338D44411D
:1062E000E340A00383457102638A0502130671022D
:1062F000938717002320C700130610002322C7002E
:10630000232AF1022328C103130670006342C679D1
:1063100013060E0013078700130E1E0063000F06FE
:1063200013068102938727002320C700130620004D
:106330002322C700232AF1022328C1031306700079
:106340006358C67BE3860710032501001306C102CC
:1063500093850900232AD1002324F101EFF0DFB94E
:10636000E31205EC03260103832741038326410141
:10637000832F810013070900130E160093050008F0
:106380006382BF54338D66416348A063B307FB004B
:106390002320570123226701232AF1022328C10366
:1063A0009306700063D4C651638807060325010075
:1063B0001306C10293850900EFF01FB4E31405E64C
:1063C000832741031307090013F34C0063060300FE
:1063D000338B4441634E600563D4440193040A0047
:1063E00003274100330797002322E100639E0766DD
:1063F00023280102130709006FF05FD193EC0C0111
:1064000093870D006FF05FDA338AB441E394B4D31D
:1064100083C704006FF09FD72328010213F34C00B9
:106420006300037C338B4441635C607B130709008A
:106430009306000103260103E3D86625370E028088
:10644000130ECE08130D0001930A70006F00800137
:10645000930526001307870013860600130B0BFF16
:10646000635C6D0593870701930616002320C7011F
:106470002322A701232AF1022328D102E3DADAFC3E
:10648000638A0742032501001306C10293850900B0
:106490002324C101EFF05FA6E31605D8032601030C
:1064A000130B0BFF83274103032E81001307090001
:1064B00093051600E3486DFBB38767012320C701EE
:1064C00023226701232AF1022328B1021307700057
:1064D000E354B7F063860770032501001306C10279
:1064E00093850900EFF05FA1E31E05D283274103E6
:1064F0006FF09FEE93F70C0103260C00130C4C0079
:10650000639A071093F50C0493070600E3920500C5
:10651000634006040345710263C8060493FCFCF75C
:1065200063140604E39A0616130A0000130B000016
:10653000930A090063040500130A1A0013FF2C00D4
:10654000E3020FD8130A2A00130F20006FF09FD721
:106550009307D002A303F102B307C04063C406004F
:1065600093FCFCF71305D002130690006364F674E5
:106570009387070393F7F70FA30FF104138A06001D
:106580006344D000130A1000130B1000930AF105A6
:10659000E31405FA6FF09FFA83240C00130C4C00EF
:1065A000E3D004E6B304904093EC4C0093870D00D5
:1065B0006FF09FBF03C60D009307A00293881D00D4
:1065C000E300F610930706FD930690009305000084
:1065D00013089000E3E4F60A03C60800939625002A
:1065E000B386B60093961600B385D700930706FDD1
:1065F00093881800E372F8FE9386050063C0057463
:10660000938D08006FF0DFBA03260C0093EC0C01A9
:10661000130C4C00930706006FF09FEF93EC0C08EF
:1066200093870D006FF05FB89307B002A303F102E8
:1066300093870D006FF05FB793EC1C0093870D00FC
:106640006FF09FB683477102E39C07DA930700025D
:10665000A303F10293870D006FF01FB583270C0091
:10666000A3030102130C4C00230CF102130A1000C7
:10667000130B1000930A81036FF05FC483270C0093
:1066800013EB0C01130C4C00A303010213061000C2
:10669000930C0B0013050000E3C806EC937CFBF79A
:1066A0006392075663920674631E065E137B1B009B
:1066B00063020B6493070003A30FF104130A0B009A
:1066C000930AF1056FF09FE783270C0013EB0C0191
:1066D000130C4C00A303010213060000930C0B00E3
:1066E000E3DE06FA930A090013F6770013060603A1
:1066F000A38FCAFE93D7370093850A00938AFAFFC7
:10670000E39407FE93F71C00638A071693070003C0
:106710006306F6169385E5FFA38FFAFE330BB940A7
:10672000138A060063C66661938A05006FF01FE155
:1067300013F60C0183270C00130C4C00631A06009F
:1067400013F60C04630606009397070193D707011D
:10675000138B0C006FF01FF893F70C016390070286
:1067600013F30C04630C030083270C008326410001
:10677000130C4C002390D7006FF05F9983270C0017
:1067800083264100130C4C0023A0D7006FF01F9804
:1067900093EC0C0493870D006FF01FA113F60C010E
:1067A00083270C00130C4C00631A060013F60C042C
:1067B000630606009397070193D70701138B0C001C
:1067C0006FF09FEC832A0C00A3030102130C4C0012
:1067D000638A0A6263CA06561386060093050000A0
:1067E00013850A00232AE1002324D100EF10404141
:1067F0008326810003274101138B060063040500F3
:10680000330B554183477102134AFBFF135AFA4178
:10681000337A4B0193060000130F0000E39E07D06C
:106820006FF05FAA37860000130606832314C102A7
:1068300037060280130646D883270C0093EC2C0001
:10684000130C4C002326C100A3030102138B0C0080
:1068500013062000E3D406E4930A09008325C1004F
:1068600013F6F700938AFAFF3386C5000346060045
:1068700093D747002380CA00E39207FE330B5941A8
:10688000138A0600E3DC66CB130A0B006FF01FCB04
:10689000130710002328E10293070B002320510760
:1068A00023226107232A61031307090013078700C6
:1068B0006FF09FB193051000130600001307090045
:1068C0006FF0DFB9338D4441E35EA0AB9305000167
:1068D00063D8A55DB70502809385C5092324B1005F
:1068E000130E0001130F70006F00800113052600C6
:1068F0001307870013860500130D0DFF6352AE07C3
:106900000325810093870701930516002320A70024
:106910002322C701232AF1022328B102E358BFFC36
:1069200063800716032501001306C1029385090041
:10693000232AD100EFF04FDCE316058E0326010376
:10694000130E0001130D0DFF832741038326410120
:106950001307090013051600130F7000E342AEFB86
:1069600003268100B387A7012322A7012320C700A4
:10697000232AF1022328A102130670006352A638CD
:106980006388074A032501001306C10293850900A5
:106990002324D100EFF04FD6E3160588832681002B
:1069A0000326010383274103338D66411307090042
:1069B000130E1600E35CA09D6354A44723247101C9
:1069C000930E70006F008001130E260013078700DE
:1069D00013860500130D0DFF635AA4059387070165
:1069E000930516002320770123228700232AF10232
:1069F0002328B102E3DABEFC638007060325010009
:106A00001306C10293850900EFF00FCFE31C058048
:106A100003260103130D0DFF83274103130709000C
:106A2000130E1600930E7000E34AA4FB8326810028
:106A3000B387A7012322A7012320D700232AF1022D
:106A40002328C1039306700063C8C61D130787007F
:106A5000130E1E006FF09F93130E1000130600001C
:106A6000130709006FF01FF7032501001306C10289
:106A700093850900EFF04FC8E30C05966FF08FFA8D
:106A80001305100013060000130709006FF0DFE67E
:106A900063820704032501001306C10293850900E0
:106AA000232CD100232AF1012324E101EFF0CFC4EC
:106AB000631A05F603260103832741038326810118
:106AC000832F4101032F810013070900130E1600C5
:106AD0006FF0DF8463060F24930781022320F10601
:106AE000930720002322F106130E1000130709005C
:106AF00013060E0013078700130E1E006FF01F8889
:106B0000130500016354A537370E0280130ECE081B
:106B1000930E0001930270006F00C0011305260060
:106B20001307870013860500130D0DFF63DCAE0706
:106B300093051600938707012320C7012322D7015D
:106B4000232AF1022328B102E3DAB2FC63820708A8
:106B5000032501001306C10293850900232EC101FC
:106B6000232CD100232AF1012324E101EFF0CFB837
:106B7000631A05EA03260103930E0001130D0DFFAE
:106B800083274103032EC10183268101832F410105
:106B9000032F8100130709001305160093027000EC
:106BA000E3C8AEF9B387A7012320C7012322A701B9
:106BB000232AF1022328A102130670006342A60AC9
:106BC00013078700130E1500130605006FF08FF1F1
:106BD0001306000013051000130709006FF0DFF41F
:106BE00063D4440193040A0083274100B3879700CC
:106BF0002322F1006FF0CFFF13F3FCF7936C230017
:106C00001306200093051000630EB62C9305200098
:106C1000E31AB6AC6FF05FC4E38C07C6032501002E
:106C20001306C10293850900EFF00FAD631C05DE6A
:106C3000032E01038327410313070900130E1E00CF
:106C40006FF0CFF423280102130709006FF00FD370
:106C5000130E100013060000130709006FF00FF267
:106C600063820716032501001306C10293850900FC
:106C7000232CD100232AF1012324E101EFF0CFA737
:106C8000631205DA0326010383274103832681016A
:106C9000832F4101032F810013070900130E1600F3
:106CA0006FF04FE4130A0000130B0000930A090071
:106CB0006FF0DF88930A09009305A000930E9000FF
:106CC00033F6B702938AFAFF138E07001306060302
:106CD0002380CA00B3D7B702E3E4CEFF330B594198
:106CE000138A0600E3D86685130A0B00E3160584B1
:106CF0006FF0DF84130A0000930A09006FF01F840D
:106D000013078700130E1500130605006FF08FE7B9
:106D10001316060113560641930706006FF04FFF46
:106D200013060000130E1000130709006FF00FE5A3
:106D3000130A0B00938A05006FF05F809306F0FF43
:106D4000938D08006FF0CFC613850A002324E1005D
:106D5000EFC08FB403278100130B05006FF09FAACB
:106D6000B7070280938707D72326F10093F50C011C
:106D700083270C00130C4C00639A050093F50C0458
:106D8000638605009397070193D7070193F51C00CD
:106D9000E38C05AAE38A07AA930500032304B10242
:106DA000A304C102A3030102E3D806E493EC2C0080
:106DB0006FF09FAAB7070280938747D82326F10078
:106DC0006FF0DFFA0347710263000708930771024F
:106DD0002320F106930710002322F106130E100062
:106DE000130709006FF0CFD293051000E310B6E24D
:106DF00013050000930700036FF00FF8EFB09F8EAC
:106E00006FF04FA693076000138B060063EAD7026A
:106E100037080280130A0B00930A88D96FF00FCA53
:106E2000B70602809386C6092324D1006FF01FC0E5
:106E3000130E100013060000130709006FF08FD423
:106E4000130B60006FF0DFFC13060000130E100040
:106E5000130709006FF08FCC032501001306C10250
:106E600093850900EFF04F896FF0CFBB370E02809A
:106E700013850500130ECE086FF0DFD2938D080046
:106E8000930600006FF0CFB2370E02809305160014
:106E9000130ECE086FF04FE2930700036FF0CFEDB3
:106EA000370602801306C60913050E002324C1000D
:106EB0006FF01FAB9307F0FF2322F1006FF08FB943
:106EC00083260C00130C4C0063C80600938D080049
:106ED00093870D006FF04FAD9306F0FF938D080080
:106EE0006FF01FFF130500006FF00FE89307050018
:106EF00003A501C7930606001386050093850700C6
:106F00006FF04F93130101B88397C50003D7E500D5
:106F1000232C814613840500B70501009385D5FF16
:106F2000032E44060323C4018328440213170701D8
:106F3000B3F7B700B3E7E70013080040232AF100D6
:106F40009305810093070107232A914623282147AF
:106F5000232E1146130905002326C10723226102AF
:106F6000232611032324F100232CF10023280101FF
:106F7000232E010123200102EFF0CF8B93040500A3
:106F8000635C05028357410193F707046388070098
:106F90008357C40093E707042316F4008320C147F6
:106FA00003248147032901471385040083244147B3
:106FB0001301014867800000930581001305090053
:106FC000EF000037E30005FC9304F0FF6FF09FFB38
:106FD000130101FF232611002320210163880502EC
:106FE00023248100232291001384050093040500CB
:106FF0006306050083274503638C070C8317C400D1
:107000006392070203248100832441008320C1008E
:1070100013090000130509000329010013010101F0
:10702000678000009305040013850400EF00800BC7
:107030008327C40213090500638A07008325C4015E
:1070400013850400E7800700634405068357C400E6
:1070500093F707086396070683250403638C0500EE
:10706000930704046386F50013850400EFC04FBC4A
:107070002328040283254404638805001385040043
:10708000EFC00FBB23220404EFB00FE82316040067
:10709000EFB0CFE78320C1000324810083244100A7
:1070A0001305090003290100130101016780000095
:1070B0008357C4001309F0FF93F70708E38E07F81E
:1070C0008325040113850400EFC08FB66FF0DFF84D
:1070D000EFB04FE16FF09FF29305050003A501C7E4
:1070E0006FF01FEF0397C500130101FE232C8100F1
:1070F00023263101232E1100937787001384050086
:107100009309050063900712B71700009387078063
:1071100083A64500B367F7002396F5006352D018A5
:10712000032884026304080E232A91009316370172
:1071300083A4090023A009008325C40163CE061699
:10714000130600009306100013850900E7000800ED
:107150009307F0FF130605006304F51A8317C400B4
:10716000032884028325C40193F74700638E070038
:1071700003274400832704033306E64063860700A1
:107180008327C4033306F6409306000013850900E5
:10719000E70008009307F0FF6314F51283A60900C7
:1071A0009307D0010317C40063EAD716B70740203E
:1071B00093871700B3D7D70093F71700638007169C
:1071C00003260401B7F7FFFF9387F77FB377F70034
:1071D0002316F400232204002320C4009317370150
:1071E00063D40700638206108325040323A099005B
:1071F00063840510930704046386F5001385090072
:10720000EFC00FA3832441012328040213050000CB
:107210008320C101032481018329C10013010102DC
:10722000678000002328210103A9050163020908E2
:10723000232A910083A405001377370023A025019A
:10724000B3842441930700006314070083A745011A
:107250002324F400634890006F0040053309A9001F
:1072600063569004832744028325C4019386040057
:107270001306090013850900E7800700B384A440C2
:10728000E34EA0FC0317C4000329010113670704A0
:10729000832441012316E4001305F0FF6FF05FF72C
:1072A00083A6C503E34ED0E66FF05FF68324410169
:1072B000032901016FF09FF5032604056FF0DFEA53
:1072C0000317C40083260401B7F7FFFF9387F77FF6
:1072D000B377F7002316F400232204002320D40000
:1072E00093173701E3D207F0832504032328A4046E
:1072F00023A09900E39005F0832441016FF01FF172
:1073000083A70900E38C07E41307D001638CE7002F
:10731000130760016388E7000317C40013670704BD
:107320006FF01FF723A09900832441016FF01FEE37
:10733000130101FE232C8100232E110013040500EC
:107340006306050083274503638A07028397C50008
:10735000639C07008320C101032481011305000001
:10736000130101026780000013050400032481015A
:107370008320C101130101026FF0DFD62326B10083
:10738000EFB04FB68325C1006FF05FFC63000506C8
:107390009305050003A501C7630605008327450380
:1073A000638C07008397C5006396070013050000F0
:1073B000678000006FF01FD3130101FE2326B10088
:1073C0002324A100232E1100EFB0CFB18325C100EB
:1073D000032581008397C500639807028320C101BC
:1073E00013050000130101026780000037060280C8
:1073F000B7750080370502801306466B9385053309
:107400001305056C6FB0CFB38320C10113010102D6
:107410006FF05FCD832786006384072C8396C500B9
:10742000130101FD23248102232C41012328610142
:107430002326110293F78600130B0600130A05009A
:1074400013840500638E070883A70501638A070874
:107450002322910223202103232E3101232A5101CB
:1074600093F7260083240B006384070A83274402D2
:107470008325C401B70A00809309000013090000A6
:10748000938A0AC01386090013050A0063020904DF
:107490009306090063F42A0193860A00E780070037
:1074A0006350A04683278B00B389A9003309A94004
:1074B000B387A7402324FB006386071A832744026F
:1074C0008325C4011386090013050A00E31209FC91
:1074D00083A9040003A94400938484006FF09FFAF9
:1074E0009305040013050A00EF00C043631C051C4C
:1074F0008316C4002322910223202103232E31016D
:10750000232A510193F7260083240B00E39007F60A
:10751000232671012324810193F716006396071C2B
:107520008327040003278400B70A008023229101E7
:10753000930B000093090000938AFAFF138507005C
:10754000130C07006382091013F60620630806284F
:10755000930C070063E6E93213F70648630A07084D
:107560000326440183250401131716003307C700BF
:107570003389B740135CF701330CEC009307190013
:10758000135C1C40B387370113060C006376FC00C4
:10759000138C07001386070093F60640638E0630AF
:1075A0009305060013050A00EFC0CF98930C050061
:1075B000630C05348325040113060900EFB09F9383
:1075C0008357C40093F7F7B793E707082316F4002F
:1075D00033852C01B3072C4123289401232A8401ED
:1075E0002320A400138C09002324F400938C0900A9
:1075F00013860C0093850B00EF0090040327840092
:10760000832704001389090033078741B387970153
:107610002324E4002320F4009309000083278B0037
:10762000B38B2B01B38727412324FB00638607021A
:1076300083270400032784008316C40013850700F2
:10764000130C0700E39209F083AB040083A9440004
:10765000938484006FF09FEE832BC100032C810084
:10766000832C41008320C102032481028324410230
:10767000032901028329C101832A4101032A8101CF
:10768000032B0101130500001301010367800000B3
:107690009305040013050A00EFF09FC9630E050A65
:1076A0008317C400832BC100032C81008324410273
:1076B000032901028329C101832A410193E70704B9
:1076C0002316F4008320C10203248102032A8101CE
:1076D000032B01011305F0FF130101036780000074
:1076E0001305000067800000930A000013050000E6
:1076F000130C00009309000063820908630A05085F
:1077000093870A00938B090063F43701938B07007A
:1077100003250400832704010329840083264401F0
:1077200063F6A7003309D9006344790963C0DB1607
:10773000832744028325C40113060C0013050A00A5
:10774000E780070013090500E35CA0F4B38A2A412F
:1077500013051000E38E0AF283278B00330C2C01F3
:10776000B3892941B38727412324FB00E39607F817
:10777000832BC100032C81006FF0DFEE83A944004E
:107780009387040093848400E38A09FE03AC070016
:10779000138609009305A00013050C00EF00404676
:1077A000630A051413051500B30A85416FF05FF5F0
:1077B00093050C0013060900EF008068832704007E
:1077C0009305040013050A00B38727012320F40062
:1077D000EFF01FB6E30C05F66FF09FEC8326040173
:1077E00063E2F6040326440163EEC90293870900AD
:1077F00063F43A0193870A00B3E6C7020327440201
:107800008325C40113860B0013050A00B386D740F5
:10781000E700070013090500635AA004B389294152
:107820006FF0DFDF1309070063F4E9001389090033
:10783000138507001306090093850B00EF004060D5
:10784000032784008327040033072741B3872701D8
:107850002324E4002320F400E31207FC9305040032
:1078600013050A00EFF0DFACE30A05FA8317C40042
:10787000832BC100032C8100832C41006FF01FE398
:10788000138C0900938C09006FF09FD613860B00B0
:1078900093050C00EF00C05A0327840083270400DF
:1078A00013890B0033077741B38777012324E40062
:1078B0002320F4006FF09FE913050A00EF30C02782
:1078C000930C0500E31605D08325040113050A0077
:1078D000EFB01FB68317C4001307C000832BC1008D
:1078E000032C8100832C41002320EA0093F7F7F753
:1078F0006FF0DFDB93871900938A07006FF09FE03A
:107900008317C4006FF09FDA1307C0008317C40009
:10791000832BC100032C8100832C41002320EA002B
:107920006FF0DFD883A701C7130101FF2324810073
:1079300023229100232611009304050013840500DF
:107940006386070003A74703630C070E8317C40071
:1079500013F78700630A0706032704016306070875
:1079600093F617006388060283264401232404004B
:1079700013050000B306D040232CD400630A07028D
:107980008320C100032481008324410013010101ED
:107990006780000093F6270013060000639406003A
:1079A000032644012324C40013050000E31A07FC46
:1079B00013F70708E30607FC93E707042316F40010
:1079C0001305F0FF6FF0DFFB13F7070163000708F3
:1079D00013F74700631C07020327040193E787009E
:1079E0002316F400E31E07F693F60728130600207B
:1079F000E388C6F69305040013850400EF30407E4B
:107A00008317C400032704016FF09FF58325040347
:107A1000638E0500130704046388E50013850400E2
:107A2000EFB01FA18317C400232804020327040119
:107A300093F7B7FD232204002320E4006FF01FFA20
:107A400013850700EFA01FCA6FF05FF013079000C7
:107A500023A0E40093E707042316F4001305F0FFC6
:107A60006FF01FF2130101FE232C8100232A9100E5
:107A700023282101232E11001309050093840500FA
:107A800013040600EF00002C93071000631CF500A0
:107A90009387F4FF1307E00F6366F7002306910056
:107AA0006F0040029306C405138604009305C100CD
:107AB00013050900EF30C0629307F0FF6304F50877
:107AC000630C0502832784008345C1009387F7FF79
:107AD0002324F40063DA07000327840163CCE70260
:107AE0009307A0006388F50283270400138717001B
:107AF0002320E4002380B7008320C10103248101F7
:107B000003290101138504008324410113010102AB
:107B1000678000001306040013050900EF305013BE
:107B20009307F0FFE31AF5FC1305F0FF8320C10172
:107B3000032481018324410103290101130101026E
:107B4000678000008357C4001305F0FF93E7070424
:107B50002316F4006FF09FFD8317C60013972701CB
:107B60006340070203274606B7260000B3E7D700A5
:107B7000B72600003367D7002316F6002322E60657
:107B80006FF05FEE130101FE232C810003A401C7F7
:107B9000232E1100138605009305050063060400DB
:107BA00083274403638007048317C60013972701C4
:107BB0006340070203274606B7260000B3E7D70055
:107BC000B72600003367D7002316F6002322E60607
:107BD00013050400032481018320C1011301010264
:107BE0006FF05FE82324A100130504002326C100E1
:107BF000EFA05FAF0326C100832581006FF0DFFA9D
:107C00009377350093F6F50F638A07029307F6FF23
:107C1000630E06021306F0FF6F00800113051500C6
:107C200013773500630E07009387F7FF6380C70261
:107C300003470500E314D7FE6780000093070600A2
:107C4000130730006368F700639007061305000010
:107C50006780000093F5F50F13978500B305B70013
:107C600013970501B708FFFE37888080B385E500CC
:107C70009388F8EF13080808130330006F00000121
:107C80009387C7FF13054500E370F3FC0327050046
:107C900033C7E500330617011347F7FF3377E600D4
:107CA00033770701E30E07FCB307F5006F00C00050
:107CB00013051500E38CA7F803470500E31AD7FE68
:107CC00067800000130101FF232611002322910089
:107CD000630E0602B70502809385050B13050600A7
:107CE0002324810013040600EF004026B70402801D
:107CF00063120502032481001385C40A8320C10096
:107D0000832441001301010167800000B704028051
:107D10006FF09FFE9385C40A13050400EF00002353
:107D2000E30A05FCB7F500809385C5AA1305040096
:107D3000EF00C021E30005FC0324810013050000CF
:107D40006FF0DFFB03C541BD67800000130101FF39
:107D50002326110023229100638E05022324810033
:107D600013840500B70502809385050B13050400F5
:107D7000EF00C01DB70402806312050203248100D6
:107D80001385C40A8320C10083244100130101012B
:107D900067800000B70402806FF09FFE9385C40ADD
:107DA00013050400EF00801AE30A05FCB7F5008014
:107DB0009385C5AA13050400EF004019E30005FCF4
:107DC00003248100130500006FF0DFFB1305050F8E
:107DD000678000001385C1B9678000001385C1B9B1
:107DE00067800000130101FF2324810023229100FA
:107DF00013040500138505002326110023A401C8E0
:107E0000EF80DF849307F0FF630CF5008320C1004F
:107E100003248100832441001301010167800000D5
:107E200083A781C8E38407FE8320C1002320F400D8
:107E300003248100832441001301010167800000B5
:107E400063F6A5023387C5006372E502B307C50078
:107E5000630606048346F7FF9387F7FF1307F7FFD0
:107E60002380D700E318F5FE678000009307F00039
:107E700063E8C702930705009306F6FF6302060C4A
:107E800093861600B386D70003C7050093871700B3
:107E900093851500A38FE7FEE398D7FE6780000067
:107EA000B367B50093F7370063960708930806FF9A
:107EB00093F808FF93880801B3061501138705009E
:107EC000930705000328070013070701938707019D
:107ED00023A807FF032847FF23AA07FF032887FFDC
:107EE00023AC07FF0328C7FF23AE07FFE39CD7FCA3
:107EF0001378C600B38515011377F60063040804F0
:107F00001308C7FF1378C8FF13084800B38706019A
:107F10001387050083280700938646001307470050
:107F200023AE16FFE398F6FE13763600B3850501FF
:107F30006FF09FF49306F6FF930705006FF05FF470
:107F400067800000130607006FF01FF33367B5006A
:107F50009303F0FF1377370063100710B7877F7F15
:107F60009387F7F70326050083A60500B372F60092
:107F70003363F600B382F200B3E2620063927210E0
:107F80006316D6080326450083A64500B372F600A3
:107F90003363F600B382F200B3E26200639E720CB8
:107FA0006316D6060326850083A68500B372F60005
:107FB0003363F600B382F200B3E262006398720C9E
:107FC0006316D6040326C50083A6C500B372F60067
:107FD0003363F600B382F200B3E262006392720C84
:107FE0006316D6020326050183A60501B372F600C7
:107FF0003363F600B382F200B3E26200639C720A5C
:108000001305450193854501E30ED6F413170601C8
:1080100093970601631EF7001357060193D70601D5
:108020003305F7409375F50F6390050267800000F4
:108030001357070193D707013305F7409375F50FE1
:1080400063940500678000001377F70F93F7F70F2D
:108050003305F740678000000346050083C605002E
:1080600013051500938515006314D600E31606FE6C
:108070003305D64067800000130545009385450011
:10808000E31CD6FC13050000678000001305850083
:1080900093858500E312D6FC13050000678000007D
:1080A0001305C5009385C500E318D6FA1305000033
:1080B000678000001305050193850501E31ED6F8CE
:1080C0001305000067800000130101FE232A9100C0
:1080D0008327050183A40501232E110063C0971C8B
:1080E0009384F4FF13932400232C8100138445010F
:1080F0002326310123244101B3096400130A4501F9
:1081000083A7090033036A00032703002328210102
:1081100023225101938717003359F702930A050070
:10812000636AF70A370501009308040013080A0080
:10813000930E0000930600001305F5FF03A7080047
:10814000032E0800130848003376A70013570701D1
:10815000B377AE00135E0E01938848003306260302
:10816000330727033306D601B37EA600B387D74172
:1081700013560601B387D70093D60741B3F7A7007C
:108180003307C7003376A700B386C640B386C6015F
:1081900013960601B3E7C700232EF8FE935E07018E
:1081A00093D60641E3FC19F9832703006394070281
:1081B0001303C3FF63686A006F0080019384F4FFB8
:1081C00063786A00832703001303C3FFE38807FE75
:1081D00023A89A0013850A00EF20401C634C050871
:1081E0003705010093050A00130700001305F5FF8A
:1081F00083A605000326040093854500B3F7A60077
:108200003378A600B3870741B387E70013D7074148
:108210001356060193D606013307C7403307D7002C
:1082200093160701B3F7A700B3E7D7001304440080
:1082300023AEF5FE13570741E3FC89FA9397240018
:10824000B307FA0003A70700631407029387C7FF69
:108250006368FA006F0080019384F4FF6378FA008A
:1082600003A707009387C7FFE30807FE23A89A0028
:1082700013091900032481018320C1018329C1004E
:10828000032A8100832A4100832441011305090048
:108290000329010113010102678000008320C1014D
:1082A00083244101130500001301010267800000CF
:1082B00003238503130101F4232C810A232A910A45
:1082C0002328210B2322510B2326B109232E110A27
:1082D0002326310B232EE100232AF100232811014C
:1082E0002326B1022324C10013040500938D050049
:1082F00093040600938A0600130908006302030230
:108300000327C5039307100093050300B397E70005
:108310002322E3002324F300EF10006C232C04023B
:10832000938904009306000063DC04009394140016
:1083300093D714002324F1009389070093061000BB
:108340003707F07F2320D900B3F6E9006388E660A1
:108350008324810013850D0013060000938504001B
:10836000930600002320B10323229102EF409033B3
:10837000631A050403274101930710002320F70027
:108380000327010163080700B7070280938717DA04
:108390002320F700B7090280938909DA8320C10BF3
:1083A0000324810B8324410B0329010B832A410AF7
:1083B000832DC108138509008329C10A1301010C0B
:1083C0006780000013860400130781079306C10726
:1083D00093850D00130504002324410B2320610B1A
:1083E000232E7109232C8109232A91092328A1090D
:1083F00013D94901EF20403E930405006312095A46
:10840000832B81070329C1079307000233892B01BE
:1084100013072943E3D0E73293070004B387E7400B
:1084200013052941B397F90033D5AD0033E5A70013
:10843000EF509067B70710FE930610001307050072
:10844000B387B7001309F9FF2324D10403A641C25F
:1084500083A681C21305070093850700EF50403BB8
:1084600003A6C1C283A601C3EF40104D03A641C3BA
:1084700083A681C3EF30D01D130A05001305090040
:1084800093890500EF50D05603A6C1C383A601C44B
:10849000EF40904A130605009386050013050A0075
:1084A00093850900EF30D01A130B0500938905005E
:1084B000EF50D04B130A05009385090013050B00FC
:1084C0001306000093060000EF409036635005024B
:1084D00013050A00EF50D05113060B0093860900D4
:1084E000EF40501C3335A000330AAA4033892B419A
:1084F00093076001130BF9FFE3E8471D370702807C
:1085000093173A0013070716B387E70003A607007F
:1085100083A647000325010283254102EF40503125
:10852000E35A051E130AFAFF232E0102232C010031
:10853000634C0B4863540A4A832781012324410377
:10854000B3874741232CF100B3074041232CF102AC
:1085500093079000130A000063EC574993075000FB
:10856000E3D0571F938ACAFF930730001309000016
:10857000E388FA62E3D0575F93074000E390FA5232
:10858000930710002328F1020326C101E352C060C3
:108590002326C104130C0600930670011307100074
:1085A0009307400063C4C6006F10802F9397170095
:1085B000938647019305070013071700E378D6FE5B
:1085C000232EB40213050400EF10C03593090500F3
:1085D000631405006F10002B232CA4029307E00006
:1085E00063E6874F6304094E83268102E35AD05E17
:1085F00093F7F600370702801307071693973700A3
:1086000093DC4640B387E70093F60C0103A807000C
:1086100003A74700E3880652B707028003A607278F
:1086200083A6472703250102832541022328E1046D
:1086300023200105EF40400E032801040327010514
:1086400093FCFC0013030500138D05001309300093
:10865000638C0C04B70B028023208104938B0B25C1
:1086600013040900930507001309030093F71C0086
:10867000638E070003A60B0083A64B0013050800BA
:1086800013041400EF40502B1308050093DC1C402A
:10869000938B8B00E39C0CFC13030900130904006B
:1086A000032401041387050093060700130608003E
:1086B0001305030093050D00EF40000613070500A6
:1086C000938705008326C1036388060203A641C47D
:1086D00083A681C413050700938507002328E104BE
:1086E0002320F104EF40D014832701040327010560
:1086F000635405006F100001130509002320F106E3
:108700002320E104EF50D02E032701048327010624
:1087100013060700938607002328E1042320F104B1
:10872000EF40902103A641C583A681C5EF3040727A
:10873000B706C0FC8327010403270105930C05003D
:10874000B38BB600630E0C3283268102232081078F
:108750002324D10613050700938507002328E1048D
:108760002320F104EF509020832701063706028072
:10877000130905009386F7FF9396360093070616B4
:10878000B386D70003A846002326F10683A7060078
:10879000232E010523229107232CF104EF505025AD
:1087A00003270105832701041306050093860500AE
:1087B0001305070093850700EF5080050327010389
:1087C000138D1900130309032320A105930C050041
:1087D0001373F30FE304075A03A541C6032681056B
:1087E0008326C1052320B10483A581C62328610403
:1087F000EF3090720326410693860B00EF50400144
:10880000832801040323010513860C0093860800C6
:108810002380690013090500938B0500EF40407128
:10882000832801046354A0006F00507883A741C4DB
:1088300003A881C4232C41052328F104232A010520
:1088400003A801C583A7C1C423226107232681078A
:108850002320F10493070000032C010623220105C5
:10886000138B070023205107138A08006F000009AB
:10887000130B1B0063448B016F0050780326010427
:10888000832641041305090093850B00EF40D00AAD
:10889000032601048326410413090500938B050078
:1088A00013850C0093050A00EF401009938C050016
:1088B000930A0500EF50900B130A0500EF50501378
:1088C000130605009386050013850A0093850C00A6
:1088D000EF40107493070A031306090093860B00F8
:1088E0002300FD00130D1D00930C0500138A0500E5
:1088F000EF400074635405006F00506B03250105C1
:108900008325410513860C0093060A00EF40507042
:108910001306090093860B00EF408071E35A05F4BB
:1089200083278106930B0D00138C17001306900309
:108930006F008000E386796583C6FBFF138D0B0013
:10894000938BFBFFE388C6FE9386160093F6F60F23
:108950002380DB00930D0C006F00004D8326410146
:10896000372700009397C9001307F77093D7C70004
:1089700023A0E600B3E7B7016380070A832701015C
:10898000B70902809389890CE38A07A0B7070280A0
:108990009387B70C032701012320F7006FF01FA076
:1089A00083274102B706F03F832B81079397C700C7
:1089B00093D7C70003270102B3E7D700130919C0F3
:1089C000232401046FF09FA893071000B387274169
:1089D000232CF100130B0000E3400AB623244103CB
:1089E000232C010293079000330B4B01E3F857B798
:1089F0009307100013091000930A00002328F102C6
:108A0000130CF0FF232E0100232E040223268105E0
:108A1000930500006FF01FBB83270101B709028097
:108A20009389C90BE38C0796B70702809387470C9D
:108A30006FF05FF6130509002320F1062320E104FF
:108A4000EF50007B0327010483270106130607006C
:108A5000938607002328E1042320F104EF40C06D32
:108A600003A641C583A681C5EF30803E832701045C
:108A700003270105B706C0FC930C0500B38BB600B5
:108A800003A6C1C583A601C6130507009385070089
:108A9000EF40105813860C0093860B00130D050051
:108AA00013890500EF40C048E342A04EB70700809D
:108AB000B3C7770113860C0013050D0093860700DA
:108AC00093050900EF40C056634805068327C10798
:108AD00063CE0718832681021307E0006348D71886
:108AE0008327810237070280130707169397370001
:108AF000B387E70003AA070083AA47008327C101C1
:108B000063D807046346800563180C0203A6C1C539
:108B100083A601C613050A0093850A00EF40C061D1
:108B200013060500938605000325010283254102F3
:108B3000EF400050E34CA044138D090023200102B4
:108B4000130900008327C10193CDF7FF6F0040692F
:108B5000938719002320F104032B0102032941020A
:108B600013060A0093860A0013050B0093050900FB
:108B7000EF30903AEF50805F130D0500EF504067E3
:108B800013060A0093860A00EF40005B13060500F7
:108B90009386050013050B0093050900EF4050472D
:108BA00093070D032380F90013061000832B0104A3
:108BB0001307050093860500E30CCC0C83A7C1C402
:108BC00003A801C5930D10002324F1002326010101
:108BD0006F00000613060A0093860A0013050B00B7
:108BE00093050900EF305033EF504058130D050046
:108BF000EF50006013060A0093860A00EF40C0534E
:108C000093860500130605009305090013050B0064
:108C1000EF401040938B1B0093070D03938D1D00B5
:108C2000A38FFBFE1307050093860500E302BC0734
:108C300003268100938506008326C10013050700E3
:108C4000EF40804F1306000093060000130B050051
:108C500013890500EF400025E31E05F683278102F6
:108C6000138D0B00938D17006F00001C0327010369
:108C700063160726832B8103832C8101232801029D
:108C80001309000063820C026350600393870C0099
:108C900063449B6703278101B38CFC40330BFB408B
:108CA0003307F740232CE100832781036382070207
:108CB0008327010363840700E39C0B0603268103DB
:108CC0009385040013050400EF10403F9304050052
:108CD0009305100013050400EF1000102320A102DB
:108CE000631C0A509307100063DC5755B387670174
:108CF00093F7F7016380071E130700023307F7405D
:108D00009306400063D4E6581307C001B307F74049
:108D100003278101B38CFC00330BFB003307F70002
:108D2000232CE100832781016340F014635C600120
:108D30008325010213060B0013050400EF10004DFC
:108D40002320A1028327C103639C0712635480453B
:108D5000832701036390072683278102938D1700E1
:108D6000832A0102130A10006F0000029385040099
:108D7000930600001306A00013050400EF0010483E
:108D800093040500130A1A0093850A001385040052
:108D9000EFF08FB3930B0503B3874901A38F77FFE0
:108DA000E3468AFD130A100063448055338A490163
:108DB000930A0000938504001306100013050400B5
:108DC000EF10C0448325010293040500EF10005DFD
:108DD000635EA04E930690036F008000638A495F34
:108DE0008347FAFF130D0A00130AFAFFE388D7FE40
:108DF000938717002300FA0083250102130504005E
:108E0000EF00903D63020902638A0A0063882A0129
:108E100093850A0013050400EF00103C9305090038
:108E200013050400EF00503B938504001305040074
:108E3000EF00903A8327410123000D0023A0B701E2
:108E4000832701016384070023A0A701032A810A65
:108E5000032B010A832BC109032C8109832C4109AF
:108E6000032D01096FF08FD393850400138607004B
:108E700013050400EF108039930405006FF01FEB19
:108E80008325010213850400EF104051E35005ECE7
:108E90008327810293850400930600001306A00037
:108EA00013050400138BF7FFEF00503583270103F0
:108EB00093040500639E070C032CC104E35A80153C
:108EC000832D81026FF0DFE993071000232EF1025A
:108ED0006FF0CFE59307C0016FF09FE31307100019
:108EE0006354574D83278103930BFCFF63CA77417B
:108EF000B38B774183278101B38C8741E3500C0EFC
:108F00009305100013050400EF00106D1309050010
:108F10006FF05FD7232E0102232C0100E34020AD28
:108F200093071000B3872741232CF100130B000097
:108F30006FF0DFAAB387E7403395FD006FF04FCFA6
:108F40009307300013091000638CFA4463C657E39B
:108F500093072000E38CFA14232E040293050000EB
:108F600013050400EF00101C93090500E30C051025
:108F7000930710002328F1029307F0FF232CA4028B
:108F80002326F104130CF0FF232E01006FF01FB411
:108F900093050900930600001306A00013050400C2
:108FA000EF00D025032CC10413090500E356800906
:108FB00023246103635C90019305090013860C0070
:108FC00013050400EF10802413090500130B09009A
:108FD000631E0A508327C102138DF9FF938C090089
:108FE000232C31018329010293F71700330D8D01E2
:108FF0002324F100232EB101938509001385040079
:10900000EFF08F8C130C0500930509001385040005
:10901000EF10C038130A050013060B0093850900F2
:1090200013050400EF10003D0327C500930B0C034C
:10903000930D0500631C07089305050013850400C4
:10904000EF10C0351307050093850D0013050400CC
:10905000930D0700EF005018B3E65D01639A060E0A
:1090600083278100638A077463420A7623807C0128
:10907000138A1C0063049D67938504009306000017
:109080001306A00013050400EF0050179304050019
:10909000930600001306A0009305090013050400C1
:1090A000630E6909EF00901593050B001309050085
:1090B000930600001306A00013050400EF0010142F
:1090C000130B0500930C0A006FF01FF393050500C6
:1090D0001305040083298101832DC101EF00D00F06
:1090E000634A0A0013F71D00336A5A0133674701C8
:1090F000631E070693850400130610001305040081
:10910000EF10C0108325010293040500EF10002921
:109110006358A02413079003638CEB24930B1C0368
:1091200083278102930A0900138D1C0023807C0190
:10913000938D170013090B006FF01FCCEF00100C7C
:1091400013090500130B0500930C0A006FF0DFEA0A
:1091500063440A7283278100336A5A0133EA470164
:10916000630C0A70E354B0F1832981011307900363
:109170006380EB200327810293871B00930A090079
:10918000138D1C00930D17002380FC0013090B00A6
:109190006FF09FC693072000E3DC57BB138D0900D7
:1091A000E3120C9A83250102930600001306500077
:1091B00013050400EF009004930505002320A1028D
:1091C00013850400EF10801DE35EA0969307100343
:1091D0002380F90083278102138D1900938D1700D6
:1091E0008325010213050400938D1D00EF00C07E4E
:1091F000E31609C26FF05FC39305050013060A006A
:1092000013050400EF00906B930710002320A102C8
:1092100063DE5711130A00000327010283270701A9
:109220009387370093972700B307F70003A54700FC
:10923000EF00102593070002B387A7406FF01FAB24
:109240008327C10263900704832781009397C70097
:10925000639A0702832681009307000013D7460113
:109260001377F77F630C070083278101130B1B0023
:1092700093871700232CF10093071000631C0A54F6
:10928000138A0700930710006FF05FA6E30CD7A8BE
:109290001307C003B307F7406FF09FA793071000B1
:1092A000930A50002328F1028327C101032781027A
:1092B000B387E700138C17002326F10413060C0074
:1092C000634C80AD130610006FF00FAD6316050000
:1092D00093F71B00E39007B0930600038347FAFF60
:1092E000130D0A00130AFAFFE38AD7FE6FF0DFB00E
:1092F000130A0C006FF09FAB93070B006FF09F9960
:109300008327810303278101232C7103B387FB404B
:10931000330AFA00B3078701930C0700330B8B0164
:10932000232CF100930B00006FF09FBD8327C10237
:10933000E39207EE832781009397C700E39C07EC35
:109340006FF05FF103230102032D41021309200096
:109350006FF00FB0930A2000232801026FF0CFA214
:10936000E31005DC13F71B00E31607DA6FF05FDB91
:10937000930790032380FC0083278102930A09004E
:10938000138A1C00938D170013090B006FF09FA424
:1093900093071000130C1000232EF1006FF0CFE69E
:1093A000232801026FF05FF0032781046304073074
:1093B0000327810193873743330BFB00B307F70083
:1093C000832B8103930C0700232CF1006FF05FB314
:1093D000930710032380F900938D1D006FF0DFA128
:1093E0008327810263880730B30BF04093F7FB00BB
:1093F000370702801307071693973700B387E700F4
:1094000003A6070083A64700032501028325410226
:1094100093DB4B40EF305052138D050063880B42B5
:1094200013092000B70C028023208104938C0C25A3
:1094300013040900130705001306000013090500B3
:1094400093F61B006380060203A60C0083A64C0063
:109450001305070013041400EF30104E1307050026
:109460001306100093DB1B40938C8C00E39A0BFCDB
:109470001305090093870500130904000324010460
:10948000631206A41307050093070D006FF08FA366
:10949000938506001306070013050700EF20501BF5
:1094A0008327810213060A0093860A00938D170012
:1094B000130B050013890500138C0D00EF305027A6
:1094C0006346A0C613050B009305090013060A00A6
:1094D00093860A00EF30101D63160500137D1D00F2
:1094E00063160DC4138D0B006FF01F948325490084
:1094F00013050400EF000043130A0500630005365E
:10950000032609019305C9001305C50013062600AB
:1095100013162600EF901F9E1306100093050A00F5
:1095200013050400EF00904E130B05006FF09FAA87
:109530009305090013860B0013050400EF00103893
:1095400013860400930505001309050013050400A4
:10955000EF009013930705009385040013050400A2
:1095600093840700EF00404783278103B387774147
:10957000232CF102638E07F46FF04FF4032681056C
:109580008326C105032541062328B10493850B00DA
:1095900023286102EF30503A032301038327010699
:1095A00093061000238069002324A1048328010569
:1095B00013890500B38BF900638CD72683A7C1C438
:1095C00003A801C5232891042328F102232A0103BB
:1095D0002320810613850C009385080003260103D0
:1095E00083264103130D1D00EF3010351384050051
:1095F00093040500EF409037930C0500EF40503F77
:1096000013060500938605001385040093050400E6
:10961000938C0C03EF40C01FA30F9DFFE390ABFDA5
:109620008324010503240106930C0500938805009B
:1096300003A641C683A681C60325810493050900BC
:1096400023281103EF20D0008328010313860C0088
:1096500093860800EF30D01D634C05180326810463
:1096600003A541C683A581C693060900EF40401AB1
:109670008328010313860C0093860800EF30500BFB
:10968000634CA0108327C10763C607DE032781024E
:109690009307E00063C0E7DE832781020327C1064A
:1096A00093973700B307F70003AA070083AA470080
:1096B0006FF08FCA03278107832681019307600318
:1096C000B387E740330BFB00B387F600832B81039E
:1096D000938C0600232CF1006FF09F828327810278
:1096E000930A090083298101938D170013090B0048
:1096F0006FF04FEC0327010283274102130920007A
:109700006FE05FFC63080CB2032DC1046350A0BD81
:10971000938507008327810283A601C503A6C1C4E0
:109720009387F7FF130507002324F106EF30D020BD
:1097300013070500130519002328E1042320B104B1
:10974000EF40102B032701058327010413060700B0
:1097500093860700EF30501E03A641C583A681C53E
:10976000EF20006FB706C0FC832701040327010523
:10977000930C0500B38BB6002320A1076FE09FFD7B
:1097800093061003130C1C006FF08F9C2320010222
:10979000130900006FF09FA31306000383C7FBFFAC
:1097A000138D0B00938BFBFFE38AC7FE8327810693
:1097B000938D17006FF04FE7130790038329810102
:1097C000E388EBBAE34C40956FF09F9583298101C4
:1097D0006FF01F95138A07006FF01FA4938C07008A
:1097E000B3878701330B8B01232CF1006FF04FF10E
:1097F00083278106138C17006FF04F93032A81058E
:10980000032B4106032CC106832A01066FF00FAC1F
:109810009307200063C85701832D8102032CC104E4
:109820006FF00FD4032CC104232461036FF01F9742
:10983000832B01046FF0DFDF93072000E3C457FFA1
:10984000032CC104232461036FF0CFF61307050036
:1098500093870500130920006FE0DFE6B70602805A
:10986000370502809386C60C130600009305F02E80
:109870001305050EEF10106483298101E34CB087B6
:109880006FF01F8AB7060280370502809386C60CE8
:10989000130600009305F01A1305050EEF109061F2
:1098A000232E0402930500006FE0DFD1232801027C
:1098B0006FE09FCD83A701B9678007006380050231
:1098C00063020604638806048347060023A0F500AC
:1098D000034506003335A00067800000130101FF37
:1098E0009305C10063040602638A060283470600EB
:1098F00023A0F500034506003335A0001301010144
:109900006780000013050000678000001305000059
:109910006FF0DFFE1305E0FF678000001305E0FF36
:109920006FF0DFFD83274504130101FF232481002D
:1099300023229100232611001304050093840500BF
:10994000638C070213972400B387E70003A5070081
:10995000630405040327050023A0E700232805006E
:10996000232605008320C1000324810083244100B5
:1099700013010101678000001306100293054000E7
:10998000EF10D0592322A40493070500E31C05FA25
:10999000130500006FF01FFD2320210113091000A3
:1099A0003319990013065900131626009305100069
:1099B00013050400EF109056630A050023242501C7
:1099C00023229500032901006FF05FF903290100AC
:1099D000130500006FF01FF96380050203A745001F
:1099E0008327450413172700B387E70003A7070061
:1099F00023A0E50023A0B70067800000130101FE4B
:109A0000232A910083A4050137030100232C810040
:109A10002328210123263101232E1100138905005B
:109A2000930905001384060013884501930800007C
:109A30001303F3FF832708001308480093881800D6
:109A400033F767003307C70293D60701B386C60210
:109A5000B307870013D70701B3F76700B386E600A3
:109A600013970601B307F700232EF8FE13D406015F
:109A7000E3C298FC630204028327890063DEF402D8
:109A80009387440093972700B307F90023A2870028
:109A900093841400232899008320C10103248101A9
:109AA000832441018329C100130509000329010111
:109AB0001301010267800000832549001385090016
:109AC0002324410193851500EFF0DFE5130A05001B
:109AD000630E0504032609019305C9001305C5009B
:109AE0001306260013162600EF90CFC00327490067
:109AF00083A7490413172700B387E70003A70700CC
:109B00002320E90023A027019387440013090A00BA
:109B100093972700B307F900032A81009384140068
:109B200023A28700232899006FF01FF7B706028051
:109B3000370502809386C60C130600009305A00B20
:109B400013058511EF101037130101FE232C81003E
:109B5000232A9100232821012326310123244101B6
:109B6000938906009307900093868600232E1100A8
:109B7000B3C6F6021309050013840500130A060094
:109B80009304070063DA370D930710009305000074
:109B90009397170093851500E3CCD7FE13050900B2
:109BA000EFF05FD893050500630C050A93071000DA
:109BB0002328F500232A95009307900063D84709CE
:109BC00023225101930A940093840A003304440130
:109BD00083C604001306A00013050900938606FD42
:109BE000EFF0DFE19384140093050500E39284FE17
:109BF00013048AFF33848A00832A410063563A03A0
:109C0000B3894941B3093401834604001306A00017
:109C100013050900938606FDEFF05FDE13041400C0
:109C200093050500E31234FF8320C1010324810161
:109C300083244101032901018329C100032A8100F2
:109C40001385050013010102678000001304A400BE
:109C5000130A90006FF09FFA930500006FF01FF455
:109C6000B7060280370502809386C60C13060000F3
:109C70009305300D1305851123225101EF10902318
:109C800093070500370701001305000063F6E7009E
:109C900093970701130500013707000163F6E700FA
:109CA00013058500939787003707001063F6E700D8
:109CB00013054500939747003707004063EAE70024
:109CC00093C7F7FF93D7F7013305F50067800000CE
:109CD0009397270063CA070013971700634A07008A
:109CE000130500026780000013052500678000004F
:109CF0001305350067800000832705001307050062
:109D000093F677006384060293F6170013050000AC
:109D1000639E060493F627006388060A93D717000C
:109D20002320F700130510006780000093960701B9
:109D300093D6060113050000638E060693F6F70F0F
:109D40006380060693F6F7006382060493F63700F5
:109D50006384060293F61700639C060093D71700EE
:109D600013051500639607001305000267800000C5
:109D70002320F7006780000093D7270093F6170091
:109D800013052500E39606FE6FF05FFD93D74700AD
:109D900093F6370013054500E39E06FA6FF0DFFDEA
:109DA00093D7870093F6F70013058500E39006FA32
:109DB0006FF0DFFD93D7070193F6F70F130500014E
:109DC000E39206F86FF0DFFD93D727002320F7001A
:109DD000130520006780000083274504130101FF5D
:109DE000232481002322910023261100130405005F
:109DF00093840500638C070203A5470063020506F0
:109E00000327050023A2E7008320C100032481006B
:109E100093071000232A9500232605002328F50028
:109E20008324410013010101678000001306100222
:109E300093054000EF10900E2322A4049307050021
:109E4000E31C05FAB7060280370502809386C60C2C
:109E5000130600009305501413058511EF109005AB
:109E60001306C0019305100013050400EF10100B3A
:109E7000E30A05FC930710002322F5009307200056
:109E80002324F5006FF05FF8130101FE2328210160
:109E90002326310103A9050183290601232A910004
:109EA00023244101232E1100232C8100138A050055
:109EB00093040600634C390113870900938405005D
:109EC00093090900130A06001309070083A78400F9
:109ED00083A5440033842901B3A78700B385F50027
:109EE000EFF05FA4630E051A1303450193182400D5
:109EF000B3081301930703006378130123A007003D
:109F000093874700E3EC17FF13084A01131E29004B
:109F1000938E440193952900330EC801B385BE008A
:109F20006376C81393875401130F400063F0F5164E
:109F3000B70601009386F6FF6F00800193DF0F01E3
:109F400063980F0813084800130343006370C81197
:109F5000832F0800B3F3DF00E38203FE93020300C4
:109F6000938F0E009304000083A70F0003A6020046
:109F70009382420033F7D7003307770293D7070164
:109F80003379D60013560601938F4F00B3877702BB
:109F90003307270133079700935407013377D7001E
:109FA000B387C700B3879700139607013367E600AE
:109FB00023AEE2FE93D40701E3E8BFFAB307E3015F
:109FC00023A09700832F080093DF0F01E38C0FF687
:109FD000032703009302030013860E009304070077
:109FE000930300008327060093D904013377D70039
:109FF000B3F7D700B387F70383A4420093824200EC
:10A000001306460033F9D400B3877700B3873701CE
:10A010009393070133E7E30023AEE2FE0357E6FF25
:10A0200093D707013307F703330727013307F700F7
:10A0300093530701E368B6FAB307E30123A0E700EF
:10A040001308480013034300E364C8F16348800029
:10A050006F0080011304F4FF6308040083A7C8FFA6
:10A060009388C8FFE38807FE8320C1012328850069
:10A070000324810183244101032901018329C100B3
:10A08000032A81001301010267800000B387954015
:10A090009387B7FE93F7C7FF138F47006FF05FE911
:10A0A000B7060280370502809386C60C13060000AF
:10A0B0009305201613058511EF10C05F130101FEF3
:10A0C000232C81002328210123263101232E110076
:10A0D00093773600130406009309050013890500E1
:10A0E000639C070A13542440630A0406232A910040
:10A0F00083A409046386040C937714006390070219
:10A1000013541440630A040403A5040063060506FF
:10A110009304050093771400E38407FE138604007C
:10A120009305090013850900EFF01FD663000902AB
:10A130000327490083A7490413172700B387E700C3
:10A1400003A707002320E90023A02701135414408C
:10A1500013090500E31A04FA832441018320C10195
:10A16000032481018329C10013050900032901018A
:10A170001301010267800000138604009385040028
:10A1800013850900EFF05FD023A0A4002320050071
:10A19000930405006FF01FF89387F7FF37070280DD
:10A1A0001307071593972700B307F70003A60700C7
:10A1B00093060000EFF09F84130905006FF09FF2F3
:10A1C0009305100013850900EFF0CFF59304050007
:10A1D0006300050293071027232AF5009307100058
:10A1E0002328F50023A0A904232005006FF0DFF049
:10A1F000B7060280370502809386C60C130600005E
:10A200009305501413058511EF10C04A130101FE88
:10A210002322510183AA050183A78500232631014A
:10A2200093595640B38A5901232C8100232A910067
:10A230002328210123244101232E110013891A0010
:10A24000938405001304060083A54500130A050046
:10A2500063D827019397170093851500E3CC27FF58
:10A2600013050A00EFF00FEC630C0510130845010D
:10A2700063543003938959009399290033073501BA
:10A28000930708009387470023AE07FEE39CE7FE91
:10A290009389C9FE3308380183A8040193874401D8
:10A2A0001376F40193982800B38817016304060A13
:10A2B00093050002B385C540130308009306000010
:10A2C00003A7070013034300938747003317C70012
:10A2D0003367D700232EE3FE83A6C7FFB3D6B600AD
:10A2E000E3E017FF938754011307400063EAF80087
:10A2F000B38798409387B7FE93F7C7FF138747004C
:10A300003308E8002320D8006394060013890A006C
:10A3100003A7440083274A048320C10113172700A1
:10A32000B387E70003A70700232825010324810141
:10A3300023A0E40023A09700032901018324410105
:10A340008329C100032A8100832A410013010102ED
:10A350006780000003A707009387470013084800A1
:10A36000232EE8FEE3F417FB03A7070093874700BB
:10A3700013084800232EE8FEE3EE17FD6FF01FF9E7
:10A38000B7060280370502809386C60C13060000CC
:10A390009305E01D13058511EF10C031032705015A
:10A3A00083A70501130805003305F7406312F7047E
:10A3B0009397270013084801938545013307F80058
:10A3C000B387F5006F0080006374E8020326C7FFBF
:10A3D00083A6C7FF1307C7FF9387C7FFE306D6FE11
:10A3E000130510006376D6001305F0FF67800000A8
:10A3F0006780000003A7050183270601130101FF01
:10A4000023248100232291002326110023202101EF
:10A410001384050093040600B306F740631EF71883
:10A42000939627001386450113874401B307D6008E
:10A430003307D7006F008000637CF61883A5C7FF41
:10A440008326C7FF9387C7FF1307C7FFE386D5FEA1
:10A450001309100063EAD500938704001309000074
:10A46000930404001384070083A54400EFF08FCB0E
:10A470006306051A83A8040183220401938F440113
:10A480001393280013084401939222009305450179
:10A49000370E01002326250133836F00B3025800D5
:10A4A000138F0500938E0F0093060000130EFEFF1E
:10A4B00003A70E0003260800130F4F00B377C70150
:10A4C000B373C601B3877740B387D700135707012B
:10A4D0001356060193D607413307C7403307D70009
:10A4E00093160701B3F7C701B3E7D7001308480075
:10A4F000232EFFFE938E4E0093560741E36A58FACF
:10A5000013075401338482401304B4FEB3B2E20053
:10A5100013CF120013542400130740006384020A6F
:10A52000B38FEF003388E500B70E0100130E08006B
:10A5300013860F00938EFEFF63F46F0C83270600D3
:10A54000130E4E001306460033F7D7013307D7002A
:10A5500093D50701135707413307B700B387D700D7
:10A56000B3F7D70193160701B3E7D700232EFEFEFA
:10A5700093560741E36466FC1303F3FF3303F3418F
:10A580001373C3FF33076800639A07008327C7FF6D
:10A590009388F8FF1307C7FFE38A07FE8320C100F3
:10A5A000032481002328150183244100032901008D
:10A5B000130101016780000013091000E3DE06E8C3
:10A5C0006FF09FEA13071400131727006FF05FF571
:10A5D00093050000EFF00FB5630005068320C1006E
:10A5E00003248100930710002328F500232A050087
:10A5F0008324410003290100130101016780000049
:10A600001307000063160F003387E5006FF0DFF7D4
:10A61000131724003387E5006FF01FF7B706028099
:10A62000370502809386C60C13060000930550245C
:10A6300013058511EF100008B70602803705028068
:10A640009386C60C1306000093057023130585112D
:10A65000EF104006B707F07FB3F5B700B707C0FCAF
:10A66000B385F500930700006356B000138507001B
:10A6700067800000B305B04093D545419307300192
:10A6800063CCB700B7070800B3D5B7409307000005
:10A6900013850700678000009385C5FE1307E0015E
:10A6A000930710006346B700B7070080B3D7B70021
:10A6B000930500001385070067800000130101FE69
:10A6C000232A910083240501232C810013044501D2
:10A6D00093942400B30494002328210103A9C4FF08
:10A6E0002326310123244101130509009389050024
:10A6F000232E1100EFF0CFD813070002B307A740B5
:10A7000023A0F9009307A000138AC4FF63DCA70805
:10A71000130655FF6370440583A784FF630C06048A
:10A72000B306C74033D7D7003319C9003369E900EE
:10A73000938584FF3707F03F3367E900B397C7007D
:10A74000637EB40203A644FFB356D600B3E7D70036
:10A750006F00C0029307B000630CF5003319C90005
:10A760003707F03F3367E900930700006F000001EF
:10A77000930700003707F03F3367E9008320C101EA
:10A780000324810183244101032901018329C1009C
:10A79000032A8100138507009305070013010102B6
:10A7A000678000009306B000B386A640B707F03F6D
:10A7B0003357D9003367F7009307000063764401ED
:10A7C00083A784FFB3D7D700130555013319A90018
:10A7D000B367F9006FF09FFA130101FD232A5101BD
:10A7E000938A05009305100023229102232E310144
:10A7F000232C41012326110223248102232021033B
:10A8000093040600138A060093090700EFF08F9166
:10A81000630205103707100013D944019307F7FFAF
:10A820001379F97F13040500B3F797006304090057
:10A83000B3E7E7002326F10063920A061305C1007F
:10A84000EFF08FCB0327C10093041000232894005E
:10A85000232AE40093070502630809081309D9BCF9
:10A860003309F9009304500323202A013385F4406F
:10A8700023A0A9008320C102130504000324810240
:10A8800083244102032901028329C101032A810192
:10A89000832A410113010103678000001305810031
:10A8A00023245101EFF04FC50327C1009307050092
:10A8B000630E05040326810093060002B386A640BA
:10A8C000B316D7003357A700B3E6C6002326E1002E
:10A8D000B334E00093841400232AD400232CE40032
:10A8E00023289400E31C09F6139724003307E4009F
:10A8F000032507019387E7BC2320FA00EFF04FB848
:10A90000939454003385A4406FF09FF68326810012
:10A910006FF01FFCB7060280370502809386C60CD5
:10A92000130600009305F03013058511EF009058D1
:10A93000130101FD232021031389050093058100E4
:10A94000232611022324810223229102232E310186
:10A9500093090500EFF09FD69304050013840500CA
:10A96000130509009305C100EFF05FD50327090126
:10A9700083A709018326C100B387E740032781002D
:10A98000939757003307D740B387E70013070500B5
:10A99000635EF00293974701338487009386050036
:10A9A000138504009305040013060700EF10D0562A
:10A9B0008320C1020324810283244102032901026E
:10A9C0008329C101130101036780000093974701A8
:10A9D000B385F5406FF09FFC130101FF2320210197
:10A9E00023261100930770011309050063DAA704F9
:10A9F00083A741C483A581C423248100232291001D
:10AA000003A4C1C483A401C5138507001306040071
:10AA100093860400EF2040721309F9FF93070500A5
:10AA2000E31409FE032481008320C1008324410034
:10AA3000032901001385070013010101678000004D
:10AA4000370702801319350013070715330727014D
:10AA5000832707018320C1008325470103290100C3
:10AA6000138507001301010167800000832606019A
:10AA70009385F5FF93D555409385150093074601BF
:10AA80009396260093952500B386D700B305B500AD
:10AA900063F8D7021307050003A807009387470050
:10AAA00013074700232E07FFE3E8D7FEB387C6400E
:10AAB0009387B7FE93F7C7FF938747003305F500E9
:10AAC0006378B50013054500232E05FEE36CB5FE43
:10AAD000678000000327050113D655409306450102
:10AAE0006352C70213172700B387E60063F2F60428
:10AAF00003A7C7FF9387C7FFE30A07FE13051000EC
:10AB00006780000093172600B387F600E350E6FE47
:10AB100093F5F501E38C05FC03A60700130510006F
:10AB20003357B6003317B700E302E6FC6780000036
:10AB30001305000067800000130101FD232291022C
:10AB400023261102930406006388051E2324810234
:10AB50002320210313840500232E3101232A5101D0
:10AB6000232C410113090500EF904FB80327C4FFC0
:10AB70009387B40093066001930A84FF9379C7FF1B
:10AB800063F2F61013FA87FF63C2071063609A102E
:10AB900063D24913B707028023248101138C077EF7
:10ABA00003268C00B3863A0183A746006308D61CAF
:10ABB00013F6E7FF3386C600032646001376160019
:10ABC000631A061493F7C7FF3386F9006358460DDE
:10ABD00013771700631C070223267101832B84FF60
:10ABE00023286101B38B7A4103A74B001377C7FF7A
:10ABF000B387E700338B3701635C4B33338BE9005A
:10AC000063584B29032B0101832BC100938504005A
:10AC100013050900EF801FB2930405006308054087
:10AC20008327C4FF130785FF93F7E7FFB387FA0075
:10AC30006386E7241386C9FF9307400263E4C72EA7
:10AC400013073001636AC720930705001307040048
:10AC50008326070023A0D7008326470023A2D7001E
:10AC60000327870023A4E7009305040013050900C8
:10AC7000EF800FFC13050900EF908FA7032C8100D4
:10AC80006F00C006130A0001E3749AF09307C00036
:10AC90002320F900930400006F00400583A7C6003D
:10ACA00003A78600032C8100930906002326F700E2
:10ACB00023A4E70083A74A00B38649411306F000A6
:10ACC00093F7170033873A016362D608B3E7370179
:10ACD00023A2FA008327470093E717002322F700F7
:10ACE00013050900EF90CFA0930404000324810210
:10ACF0008320C102032901028329C101032A8101A2
:10AD0000832A4101138504008324410213010103B6
:10AD10006780000013771700E31A07EE23267101FE
:10AD2000832B84FF23286101B38B7A4103A74B0057
:10AD30001377C7FF6FF09FEC8320C1028324410289
:10AD400093050600130101036F80DF9EB3E74701FF
:10AD500023A2FA00B3854A0193E6160023A2D50088
:10AD600083274700938585001305090093E71700A3
:10AD70002322F700EF80CFEB6FF09FF693F7C7FF2A
:10AD8000B386370113060A0163D0C626137717006E
:10AD9000E31E07E623267101832B84FF232861012C
:10ADA000B38B7A4103A74B001377C7FFB387E70044
:10ADB000338B3701E344CBE483A7CB0003A78B009D
:10ADC0001386C9FF930640022326F70023A4E70059
:10ADD00093848B0063E4C628130730019387040033
:10ADE0006372C702032704009307B00123A4EB009A
:10ADF0000327440023A6EB0063EAC726130484005C
:10AE000093870B010327040023A0E70003274400D6
:10AE100023A2E7000327840023A4E70033874B0124
:10AE2000330B4B412324EC0093671B002322F700D4
:10AE300083A74B001305090093F71700B3E74701F9
:10AE400023A2FB00EF90CF8A032B0101832BC100CB
:10AE5000032C81006FF09FE9832604001307B001E3
:10AE60002320D500832644002322D500636EC71417
:10AE700013078400930785006FF09FDD8327C5FFCC
:10AE8000032C810093F7C7FFB389F9006FF09FE2AD
:10AE900083A7CB0003A78B001386C9FF930640024C
:10AEA0002326F70023A4E70093848B0063E6C610F3
:10AEB0001307300193870400637CC7020327040053
:10AEC0009307B00123A4EB000327440023A6EB0063
:10AED00063F8C7148327840023A8FB008327C400DA
:10AEE00023AAFB00630CD60A1304040193878B0189
:10AEF0000327040023A0E7000327440023A2E70060
:10AF00000327840023A4E70093090B00938A0B0016
:10AF1000032B0101832BC100032C81001384040047
:10AF20006FF05FD993050400EFC09FF16FF0DFD39E
:10AF300083A7C60003A786001386C9FF93064002B5
:10AF40002326F70023A4E70003A78B0083A7CB00E9
:10AF500093848B002326F70023A4E70063EEC60446
:10AF60001307300193870400E374C7F80327040034
:10AF70009307B00123A4EB000327440023A6EB00B2
:10AF800063F0C70A032784009307400223A8EB005D
:10AF90000327C40023AAEB00E318F6F403270401F7
:10AFA00093870B021304840123ACEB000327C4FF37
:10AFB00023AEEB006FF0DFF393050400138504006C
:10AFC000EFC01FE86FF05FF4032784002324E5003F
:10AFD0000327C4002326E5006304F60613070401D3
:10AFE000930705016FF0DFC6B38A4A01B386464175
:10AFF00023245C0193E7160023A2FA008327C4FFF1
:10B00000130509009304040093F71700B3E7470101
:10B01000232EF4FEEF80DFED032C81006FF01FCDB7
:10B020001304840093870B016FF09FEC1305090054
:10B03000EF801FEC93040000032C81006FF01FCB06
:10B040008326040113078401930785012328D50073
:10B0500083264401232AD5006FF09FBF9305040087
:10B0600013850400EFC0DFDD6FF05FDB8327840012
:10B0700023A8FB008327C40023AAFB006308D60093
:10B080001304040193878B016FF0DFD703270401BA
:10B0900093870B021304840123ACEB000327C4FF46
:10B0A00023AEEB006FF01FD683A7C1B867800700FF
:10B0B000638405029307F00F63E8C7002380C5008F
:10B0C00013051000678000009307A0082320F500F7
:10B0D0001305F0FF67800000130500006780000083
:10B0E000130101FE232C8100232A9100232E11003D
:10B0F00083A7C1B813040500938406006382050288
:10B10000E78007009307F0FF6306F5028320C10183
:10B11000032481018324410113010102678000009F
:10B120001306000093054100E78007009307F0FF36
:10B13000E31EF5FC23A004009307A0088320C101AF
:10B140002320F4000324810183244101130101021F
:10B1500067800000130101FE232C8100232A910047
:10B16000232E110083A401C783A7C1B813040600CE
:10B17000630A050213860500930604009305050083
:10B1800013850400E78007009307F0FF630AF502C8
:10B190008320C101032481018324410113010102A1
:10B1A0006780000093060600930541001306000027
:10B1B00013850400E78007009307F0FFE31AF5FC0E
:10B1C000232004008320C101032481019307A008E8
:10B1D00023A0F400832441011301010267800000D1
:10B1E0008397C500130101F8232C8106232E110635
:10B1F00013F72700138405006304070293873504BF
:10B2000023A0F50023A8F5009307100023AAF5005A
:10B210008320C10703248107130101086780000010
:10B220008395E500232A9106232821072326310749
:10B23000232441079304050063C605081306810013
:10B24000EF00403B634E05068327C10037F900003D
:10B25000B71900003379F900B7E7FFFF3309F900A8
:10B2600013391900130A00409389098093050A00D5
:10B2700013850400EF800FCC8317C4006308050614
:10B2800093E707082320A4002328A4002316F40032
:10B29000232A44016310090AB3E737018320C10759
:10B2A0002316F4000324810783244107032901079F
:10B2B0008329C106032A8106130101086780000063
:10B2C0008317C40093F7070813090000638E07046F
:10B2D000130A000493050A0013850400EF808FC54C
:10B2E0008317C40093090000E31C05F813F7072037
:10B2F000631E070493F7C7FF93E72700130734047F
:10B300002316F40093071000832441070329010743
:10B310008329C106032A81062320E4002328E400B0
:10B32000232AF4006FF0DFEE130A004093090000B7
:10B330006FF0DFF38315E40013850400EF00C031E4
:10B34000631005028317C4006FF01FF583244107C3
:10B35000032901078329C106032A81066FF05FEBE9
:10B360008357C40093F7C7FF93E71700939707012C
:10B3700093D707416FF05FF2130101F9232481068F
:10B38000138405008395E5002322910623202107DD
:10B3900023261106930406001389060063CA0504D8
:10B3A00013068100EF000025634405040327C10054
:10B3B000B7F700008320C106B3F7E70037E7FFFFC8
:10B3C000B387E7000324810693B717002320F90011
:10B3D0001307004023A0E400371500008324410632
:10B3E000032901061305058013010107678000008A
:10B3F0008357C40093F70708638807028320C106B8
:10B4000003248106930700002320F900130700049A
:10B4100023A0E4000329010683244106130500004C
:10B4200013010107678000008320C1060324810601
:10B430002320F9001307004023A0E400032901069C
:10B4400083244106130500001301010767800000F3
:10B45000130101FE232C8100232A910023282101BE
:10B46000232E110013090500938405001304060020
:10B47000630605008327450363800716832784013D
:10B480000317C4002324F400937787006380070820
:10B4900083270401638C07062326310193162701B5
:10B4A00093F9F40F93F4F40F63D80608032704000C
:10B4B00083264401B307F74063D8D70A8326840064
:10B4C000130617002320C4009386F6FF2324D4001C
:10B4D0002300370103274401938717006302F70C09
:10B4E0008357C40093F71700639A070C8329C100A0
:10B4F0008320C10103248101032901011385040074
:10B5000083244101130101026780000093050400B8
:10B5100013050900EFC00FC1631E05080317C4001F
:10B5200023263101832704019316270193F9F40F91
:10B5300093F4F40FE3CC06F68326440637E6FFFFC8
:10B54000B72500003367B7001306F6FFB3F6C60051
:10B550002316E400032704002322D4068326440193
:10B56000B307F740E3CCD7F49305040013050900B3
:10B57000EFB01FDC631E050203270400832684004E
:10B5800093071000130617009386F6FF2320C400CC
:10B590002324D4002300370103274401E312F7F4E6
:10B5A0009305040013050900EFB09FD8E30005F4EC
:10B5B0008329C1009304F0FF6FF09FF39307A0006D
:10B5C000E396F4F29305040013050900EFB05FD68B
:10B5D000E30E05F06FF0DFFDEF70CF906FF01FEA24
:10B5E0009307050003A501C713860500938507008F
:10B5F0006FF01FE6130101FF13870500232481006C
:10B60000232291001304050093050600130507008B
:10B610002326110023A401C8EF401FEA9307F0FF7F
:10B62000630CF5008320C1000324810083244100C2
:10B63000130101016780000083A781C8E38407FE2E
:10B640008320C1002320F4000324810083244100CF
:10B650001301010167800000130101FF2324810011
:10B6600023229100130405001385050023261100F1
:10B6700023A401C8EF40DFE99307F0FF630CF50056
:10B680008320C100032481008324410013010101B0
:10B690006780000083A781C8E38407FE8320C10080
:10B6A0002320F400032481008324410013010101BD
:10B6B0006780000003A701C7130101FF93870600FD
:10B6C00013080600232611008328C70093060500EF
:10B6D000138705001386070063000802B70702807E
:10B6E0009387C737B70502809385C538138508004F
:10B6F000EF00C014EF00C01937F800809307C8AA04
:10B700001308C8AA6FF01FFE130101FF930606007D
:10B710001306000023261100EFF0DFF9B3B7C502CE
:10B72000130101FF2326110023248100B385C502E4
:10B730006390070AEF800F80130405006300050A79
:10B740000326C5FF130740021376C6FF1306C6FF84
:10B750006368C704930630019307050063F2C602CD
:10B7600023200500232205009307B00163F8C704D6
:10B77000232405002326050093070501630CE60634
:10B7800023A0070023A2070023A407008320C100F1
:10B7900013050400032481001301010167800000E8
:10B7A00093050000EF704FE78320C10013050400EC
:10B7B00003248100130101016780000093078500C5
:10B7C00023A0070023A2070023A407006FF01FFC9B
:10B7D000EF00800B9307C0002320F5001304000046
:10B7E0008320C1001305040003248100130101011B
:10B7F000678000002328050093078501232A0500A0
:10B800006FF01FF8130101FC1303C1022326D102BC
:10B8100093060300232E11002328E102232AF102BC
:10B82000232C0103232E110323266100EFA09F8008
:10B830008320C1011301010467800000130E05007D
:10B84000130101FC03A501C7130381022324C102D4
:10B850002326D102138605009306030093050E00EC
:10B86000232E11002328E102232AF102232C0103B5
:10B87000232E110323266100EFA0CFFB8320C101FB
:10B88000130101046780000003A501C76780000061
:10B89000130101FF1305600023261100EF00802A29
:10B8A00013051000EF405FBE8327851163860700F4
:10B8B0001305000067800000130101FF93050008D5
:10B8C000232481002326110013040500EF709FE656
:10B8D000232CA41063040502930705082320050008
:10B8E00013054500E31CF5FE130500008320C1008D
:10B8F0000324810013010101678000001305F0FF9C
:10B900006FF0DFFE130101FE232A9100232E1100A8
:10B910009307F0019304050063ECB70283278511B8
:10B92000232C810013840500638C07021314240068
:10B93000B38787000324810103A5070023A0C70064
:10B940008320C101832441011301010267800000AB
:10B95000930760012320F5001305F0FF6FF05FFEF1
:10B96000930500082326C100EF70DFDC23ACA41090
:10B970000326C10093070500130705009306050879
:10B98000630A05002320070013074700E31CD7FEC6
:10B990006FF0DFF9032481011305F0FF6FF05FFA08
:10B9A000130101FF23229100232611009307F001C8
:10B9B0009304050063E0B70A8327851123248100DF
:10B9C000138405006384070413972500B387E700F9
:10B9D00003A70700630C070293061000630CD7004F
:10B9E0009306F0FF6308D70423A007001385050022
:10B9F000E700070003248100130500008320C10035
:10BA000083244100130101016780000013850400B5
:10BA1000EF00C04313060400032481008320C1000B
:10BA200093050500138504008324410013010101DF
:10BA30006F00803B032481008320C10093076001D5
:10BA40002320F50083244100130510001301010198
:10BA500067800000930760012320F5001305F0FFC5
:10BA60006FF0DFF99307F00163EAB70C83278511C4
:10BA7000130101FF232481002322910023261100BA
:10BA8000138405009304050063800708131724003E
:10BA9000B387E70003A70700630C07029306F0FFD4
:10BAA0006300D706930610006300D7041305040053
:10BAB00023A00700E7000700130500008320C10052
:10BAC00003248100832441001301010167800000E9
:10BAD0008320C1000324810083244100130510004A
:10BAE00013010101678000008320C100032481004D
:10BAF0008324410013053000130101016780000019
:10BB0000130520006FF09FFB93050008EF709FC2A4
:10BB100023ACA41093070500630E0500130705006E
:10BB2000930605082320070013074700E31CD7FEF0
:10BB30006FF0DFF51305F0FF6FF05FF81305F0FF0E
:10BB400067800000130101FF2322910023261100CA
:10BB50009307F00183A401C763EEA70883A78411AC
:10BB600023248100130405006382070413172500B2
:10BB7000B387E70003A70700630A070293061000D4
:10BB8000630AD7009306F0FF6306D70423A00700DB
:10BB9000E700070003248100130500008320C10093
:10BBA0008324410013010101678000001385040014
:10BBB000EF00C02913060400032481008320C10084
:10BBC000930505001385040083244100130101013E
:10BBD0006F008021032481008320C100930760014E
:10BBE00023A0F40013051000832441001301010178
:10BBF000678000009307600123A0F4001305F0FFA5
:10BC00006FF0DFF9130101FF23202101232611002A
:10BC10009307F00103A901C763E2A704232481006D
:10BC20001304050003258911232291009384050044
:10BC3000630E050213142400B307850003A5070053
:10BC40000324810023A09700832441008320C100A6
:10BC500003290100130101016780000093076001BF
:10BC60002320F9001305F0FF6FF05FFE9305000835
:10BC700013050900EF701FAC232CA91093070500D2
:10BC800013070508630A050023A0070093874700F0
:10BC9000E31CF7FE6FF01FFA0324810083244100A8
:10BCA0001305F0FF6FF09FFA130101FF23248100B9
:10BCB00003A401C72326110083278411638C070086
:10BCC000130500008320C10003248100130101013A
:10BCD000678000009305000813050400EF709FA51E
:10BCE000232CA410630C05009307050823200500EE
:10BCF00013054500E31CF5FE6FF09FFC1305F0FFF4
:10BD00006FF05FFC130101FF232291002326110035
:10BD10009307F00183A401C763E4A70C83A78411F0
:10BD200023248100130405006382070813172400ED
:10BD3000B387E70003A70700630C07029306F0FF31
:10BD40006300D706930610006300D70413050400B0
:10BD500023A00700E700070003248100130500006B
:10BD60008320C1008324410013010101678000008A
:10BD7000032481008320C1008324410013051000A7
:10BD80001301010167800000032481008320C100AA
:10BD90008324410013053000130101016780000076
:10BDA00003248100130520006FF09FFB930500081A
:10BDB00013850400EF701F9823ACA41093070500AF
:10BDC000630E0500130705009306050823200700EE
:10BDD00013074700E39CE6FE6FF05FF50324810044
:10BDE0001305F0FF6FF0DFF7130101FF1387050064
:10BDF00023248100232291001304050093050600EB
:10BE0000130507002326110023A401C8EF400FF1FA
:10BE10009307F0FF630CF5008320C1000324810029
:10BE200083244100130101016780000083A781C8BA
:10BE3000E38407FE8320C1002320F4000324810053
:10BE40008324410013010101678000006F40CFEAA5
:10BE5000B7071000130101FE938EF7FF33F8BE0001
:10BE6000B3F7DE0013D346012328210113D945017E
:10BE700093973700232C81001318380013D4F50151
:10BE80001357D5019358D6011379F97F1373F37FB4
:10BE9000232E1100232A91002326310193D6F60187
:10BEA000B3E8F8003367070193153500131F360018
:10BEB000B30769406304D41E6352F0166306032877
:10BEC0009306F07F6306D9429306800313061000A1
:10BED00063CEF602B7068000B3E8D8009306F001FF
:10BEE00063CEF65293060002B386F6403396D8002E
:10BEF0003355FF00B316DF003366A600B336D0001B
:10BF0000B3D8F8003366D600330717413386C540EF
:10BF1000B3B5C50093040600B309B74093978900F1
:10BF200063DA0732B70780009387F7FFB3F9F900A8
:10BF30006388092C13850900EF201001930785FF02
:10BF4000930600023387F64033D7E400B399F90033
:10BF500033673701B394F40063C8274BB387274195
:10BF600093871700B386F6403396D400B3D9F40014
:10BF70003336C00033663601B316D700B3E4C600CB
:10BF8000B359F7001309000093F7740063800702A8
:10BF900093F7F40013074000638AE7009387440097
:10BFA00033B69700B389C90093840700939789003B
:10BFB00063DA076E930719001307F07F130E04006E
:10BFC0006386E72A370780FF1307F7FF33F7E90097
:10BFD00093F7F77F1318D70113D634001317970080
:10BFE0003368C8001357C7008320C10103248101AF
:10BFF00093974701B3E7E7001317FE01B3E7E700A4
:10C0000083244101032901018329C100130508008C
:10C01000938507001301010267800000638C0714F9
:10C02000B30723416312093C3365B7006304054C31
:10C030001385F7FF630205601308F07F63860757D7
:10C04000930780031306100063CCA7029307050033
:10C050001306F001634CF656130500023305F54054
:10C060003316A70033D8F5003395A50033660601D3
:10C070003335A0003357F7003366A600B388E84095
:10C080003306CF403337CF0093040600B389E8402E
:10C0900013090300138406006FF05FE86350F01E7D
:10C0A00063100314B3E6E801638C06269386F7FF5A
:10C0B000638006481306F07F638CC72293078003D2
:10C0C0009309100063CCD702938706009306F00112
:10C0D00063C0F64A93060002B386F640B399D800CF
:10C0E0003356FF00B316DF00B3E9C900B336D00002
:10C0F000B3D8F800B3E9D90033071701B385B90005
:10C10000B3B9350193840500B389E9009397890099
:10C1100063D20714130919009307F07F630CF936F3
:10C12000B70780FF9387F7FF13F61400B3F7F90002
:10C1300013D714003367C7001396F701B364E60002
:10C1400093D917006FF05FE4B3E6E801638A061C39
:10C150009386F7FF638006401306F07F638AC71853
:10C160009307800313061000E3C2D7DA9387060013
:10C170006FF0DFD6130819001378E87F631C0822DC
:10C180003363B70033E8E80163100938630E0346F0
:10C1900063060840B389E54133B5350133061741DD
:10C1A0003306A64013158600635E0550B305BF40F5
:10C1B0003387E840333FBF003307E741131687005A
:10C1C00093840500635E0652B70780FF9387F7FFED
:10C1D0003377F700138E0600930710006FF09FDF90
:10C1E0009306F07F6306D91093068003930910002D
:10C1F000E3C6F6F0B7068000B3E8D8006FF01FED95
:10C2000013850400EF204054930785019306F00145
:10C21000E3D8F6D2130785FF3397E40063C62723DC
:10C22000338927419307190063D6F648130919FE8D
:10C2300093060002B3542701638CD70093060004D1
:10C24000B387F6403317F7003337E000B3E4E40078
:10C250001309000093F77400E39C07D293070900C9
:10C2600013D63400138709006F00000C9307F07F8A
:10C2700013070000130800006FF01FD7638A070C34
:10C28000B30723416302091E9306F07F6308D3328C
:10C29000930680039309100063CEF602B706800070
:10C2A0003367D7009306F00163C8F63C930600029B
:10C2B000B386F640B319D70033D6F500B396D50050
:10C2C000B3E9C900B336D0003357F700B3E9D9005A
:10C2D000B388E8003387E901B339370193040700D5
:10C2E000B3891901130903006FF05FE263100802BC
:10C2F00013163500135636001318D7013368C800DB
:10C30000135737003367070163060718130E000041
:10C310009307F07F37070800130800006FF0DFCCA9
:10C3200013163500135636001318D7019306F07F05
:10C330003368C80013573700E386D7FC1317C700CC
:10C340001357C70093F7F77F130E04006FF0DFC990
:10C350009306190013F8E67F63180814B366B70054
:10C36000631C092863820630B3E6E801638806226D
:10C37000B387E501B3B5B700330717013307B7003B
:10C3800013D8370093178700130E040063DE0734B9
:10C39000B70780FF9387F7FF3377F7009317D7012D
:10C3A0001357370033E807013377D701930710009D
:10C3B0006FF09FC33388E541B3B70501B309174157
:10C3C000B389F940939789009304080063C6071066
:10C3D00033683801E31E08B4130E00009307000011
:10C3E000130700006FF05FC01305F07F630EA31A00
:10C3F0001305800313061000E344F5C837068000D8
:10C400003367C7006FF0DFC4B70980FF9389F9FF76
:10C410003309F940B37937016FF01FB7938607FEF0
:10C4200013060002B3D6D800638AC70013060004BF
:10C43000B307F640B397F800336FFF003336E001DF
:10C440003366D6006FF09FACB70680FF9386F6FF89
:10C45000B307F9403377D7001318D7013368380191
:10C46000135737006FF09FEDB366B7006386061E63
:10C470009386F7FF638E060A1305F07F6380A71487
:10C480009307800393091000E3C6D7E4938706005F
:10C490006FF05FE1130E04009307F07F13070000B5
:10C4A000130800006FF05FB49307F07FE384F6FE9B
:10C4B000338FE501B335BF00B3071701B387B7006A
:10C4C0001396F701135F1F00B364E60193D91700B9
:10C4D000138906006FF05FAB3306BF40B387E840B7
:10C4E0003337CF0093040600B389E7401384060076
:10C4F0006FF01FA41316360013563600138406007F
:10C50000138708006FF05FE2E31203DE6306081C86
:10C5100013D73800131636009398D80133671701E4
:10C52000135636003367C700138406006FF0DFDD53
:10C53000338FE501B3081701B335BF00B389B800E5
:10C540009397890093040F0063D4070E130920000A
:10C550006FF01FBD338FE541B3081741B3B5E50157
:10C5600093040F00B389B840130910006FF01F9BAC
:10C57000938607FE13060002B3D6D800638AC7006D
:10C5800013060004B307F640B397F800336FFF00BB
:10C59000B339E001B3E9D9006FF05FB61316350087
:10C5A000935936006FF05FEB1316360013563600C2
:10C5B00013840600138708006FF01FD4131636008B
:10C5C00013563600138708006FF01FD3138507FE3C
:10C5D000130600023355A700638AC7001306000440
:10C5E000B307F640B317F700B3E5F5003336B000F4
:10C5F0003366A6006FF0DFA8E38206FC33EFE801A4
:10C60000E3160FD06FF0DFCEE30808DC1318360016
:10C610009397D8011358380013D738003368F800BF
:10C620003377D701138E0600930700006FF0DF9B6E
:10C63000930710006FF0DFC2B305BF40B388E84036
:10C640003337BF0093840500B389E84013840600A4
:10C65000130910006FF09F8C131636001356360026
:10C66000138708006FF05FCC13163600935936001D
:10C67000138708006FF05FDE938607FE1306000243
:10C68000B356D700638AC70013060004B307F64009
:10C69000B317F700B3E5F500B339B000B3E9D9003B
:10C6A0006FF05FC313D634009307090013870900A6
:10C6B0006FF09FC793060002B386F6401306000092
:10C6C0006FF05F8B33E8C900E30808D093D93900D5
:10C6D000130706006FF05FD8130E00009307F07F7A
:10C6E000370708006FF05F909317D7011357370093
:10C6F00033E807013377D701930700006FF0DF8E2F
:10C700001318D70193D535003368B8001357370095
:10C71000138406006FF09FC2130101FD232E310127
:10C7200093D945012324810223229102232021034E
:10C73000232C4101232671019394C5002326110265
:10C74000232A5101232861012324810193F9F97FD0
:10C7500013040500930B06001389060093D4C4004C
:10C7600013DAF501638A09189307F07F6388F908E3
:10C77000939434009357D501B3E7970037078000AF
:10C78000B3EAE700131B3500938919C09304000036
:10C79000130C0000935749011314C90093F7F77F56
:10C7A0001354C4001359F901638207081307F07F7B
:10C7B000638AE7181314340013D7DB01336787004B
:10C7C000938717C0370480003364870093983B0039
:10C7D000B389F940130600001307F000B3462A019D
:10C7E00063649724B7070280939424009387C73B20
:10C7F000B384F40003A7040067000700B3EAA400B1
:10C80000639E0A1C935749011314C90093F7F77FDD
:10C81000130B0000930480009309F07F130C200099
:10C820001354C4001359F901E39207F8B368740173
:10C830006382081C630A044A13050400EF10D070D9
:10C8400093070500930655FF1307D001938887FFD0
:10C850003307D7403314140133D7EB003364870018
:10C86000B3981B01B38737019389373F1306000044
:10C870006FF09FF63307F74013068003635AE64EC6
:10C880009307000013060000130700008320C10275
:10C890000324810293974701B3E7C7009396F601FB
:10C8A000B3E7D70083244102032901028329C10190
:10C8B000032A8101832A4101032B0101832BC1003B
:10C8C000032C810013050700938507001301010362
:10C8D000678000009307F07F130600001307000035
:10C8E0006FF0DFFA930600009307F07F3706080029
:10C8F000130700006FF09FF9B3EAA400638C0A10DD
:10C900006388044013850400EF10106413070500CA
:10C91000930655FF9307D001130B87FFB387D740CA
:10C92000B3946401B357F400B3EA9700331B640176
:10C930009309D0C0B389E94093040000130C0000B0
:10C940006FF05FE5B368740193891980639C080AEE
:10C9500093E4240013040000130620006FF0DFE7C7
:10C9600013090A0013840A0093080B0093072000A0
:10C970006308FC4E93073000E306FCF693071000B3
:10C9800093060900E30EFCEE9387F93F6356F02A05
:10C9900013F778006316074A13177400635A0700E9
:10C9A000B70700FF9387F7FF3374F40093870940BC
:10C9B0001307E07FE340F7F293D838001317D40150
:10C9C00013169400336717011356C60093F7F77FC9
:10C9D0006FF0DFEB130C06006FF05FF9938A040031
:10C9E000130B05009304C0009309F07F130C300073
:10C9F0006FF05FDA93E414001304000013061000D4
:10CA00006FF09FDD93E4340093880B001306300031
:10CA10006FF09FDC130B00009304400093090000AB
:10CA2000130C10006FF01FD76364542B63808A2AA5
:10CA300013030B009389F9FF93870A00130B00007F
:10CA4000131784001355070133D4A70213D68801A6
:10CA50003366E60013180601135808019395880001
:10CA600013570301B3F7A702B3088802939707018E
:10CA7000B367F70063FA1701B307F6001307F4FF73
:10CA800063F0C72E13040700B3871741B3D8A7027A
:10CA90001317030113570701B3F7A702B30F1803C6
:10CAA000939707013367F700637AF7013307E600CE
:10CAB0009387F8FF637EC728938807001314040147
:10CAC000B7020100336414011383F2FFB3786400EA
:10CAD000935E040113DE050133F36500330F130386
:10CAE0003307F741B3081E0393570F01B38F6E024C
:10CAF000B388F801B3871701B38ECE0363F4F7014F
:10CB0000B38E5E00B70F0100938FFFFF93D807012C
:10CB1000B3F7F70193970701337FFF01B388D8017B
:10CB2000B387E701636E1717630A1717B307FB4054
:10CB300033071741333BFB00330767416300E62EA1
:10CB4000B358A70293DE07013377A702330F180308
:10CB50001317070133E7EE00637EE7013307E600B2
:10CB6000938EF8FF636AC72E6378E72F9388E8FFF8
:10CB70003307C7003307E741B35EA7029397070166
:10CB800093D707013377A7023308D8031317070198
:10CB9000B3E7E70063FE0701B307F6001387FEFF64
:10CBA00063E8C72A63F6072B938EEEFFB387C700AF
:10CBB00093980801B3E8D8011395080113DF080121
:10CBC00013550501B30E6502B38707413305AE0265
:10CBD00013D70E0133036F02330565003307A70037
:10CBE000330EEE036376670037050100330EAE00A7
:10CBF000370801001308F8FF1355070133770701C1
:10CC000013170701B3FE0E013305C5013307D70122
:10CC100063F2A712B307F6001383F8FF1388070027
:10CC200063E4C71C63E8A7246386A7269308030070
:10CC300093E818006FF05FD513071000E39C07C25C
:10CC40009389E941B3973801B337F000B319340140
:10CC5000B3E73701B3D8E800B3E8F80093F77800FA
:10CC60003354E4006380070293F7F8001307400091
:10CC7000638AE70093874800B3B8170133041401AF
:10CC80009388070093158400930710001306000093
:10CC900013070000E3CC05BE6F004013E378FBE808
:10CCA000B30EBB0033BF6E01B30FCF003307F701E4
:10CCB000138B0E00930FF4FF6374E608636217157D
:10CCC000638EE81213840F006FF05FE6E3621BD7F8
:10CCD00013571B001393FA0193D71A003363E30031
:10CCE000131BFB016FF0DFD513850B00EF10D02570
:10CCF000930655011307C00193070502E356D7B405
:10CD0000130585FF930800003394AB006FF09FB5C7
:10CD1000EF109023930655019307C00113070502F6
:10CD2000E3DAD7BE930785FFB31AF400130B0000B4
:10CD30006FF01FC0E39EA7EEE30807C46FF09FEDFE
:10CD4000E312E6F8E30C0FF613840F006FF01FDE1A
:10CD5000E374F7D79388E8FF3307C7006FF01FD657
:10CD6000E3F217D31304E4FFB387C7006FF0DFD1FA
:10CD70001306F001E356E6EC130610FEB307F64087
:10CD800013060002B357F4006308C7009389E94310
:10CD9000B3193401B3E83801B3381001B3E8F8002F
:10CDA00013F77800130600006308070293F7F800F2
:10CDB0001307400013040000638AE70093874800CC
:10CDC000B3B8170133341001938807001316940089
:10CDD0001317D4011356C60093D8380033E7E80080
:10CDE000930700006FF09FAA93080300E312A8E4E2
:10CDF000E30CB7B893E818006FF01FB9E3F4FEEC4A
:10CE0000B38ED50133BFBE00330FCF001304E4FF50
:10CE1000138B0E003307E7016FF05FD1130720C0BB
:10CE20009387F93F9308F0FFE3C8E9E013874800D0
:10CE3000B338170133041401930807006FF0DFB50E
:10CE400013F7F80013064000E308C7B46FF01FFEA5
:10CE5000930E07006FF0DFD593880E006FF09FD11F
:10CE6000930609009307F07F1306000013070000E4
:10CE70006FF0DFA1139315003338B3003308C800F7
:10CE8000338807019388E8FF93050300E302A8F6BF
:10CE90006FF01FDAE3E0E5FE93080300E31CB7F44C
:10CEA0006FF09FAE13D74501B70710009387F7FFC8
:10CEB00013D846011377F77F1303F07F33FEB700D3
:10CEC00093080500B3F7D70093D5F5011378F87FE1
:10CED00093D6F60113051000630C67006308680021
:10CEE000631407016306FE0267800000678000008C
:10CEF000E31CE8FEB367FE00B3E7C700B3E7170122
:10CF0000E39407FEB385D5403335B0006780000059
:10CF1000E39CC8FC638AD500E31807FC336E1E014E
:10CF20003335C001678000001305000067800000F2
:10CF300093D84501B70710009387F7FF13D7460131
:10CF400093F8F87F130EF07F33F3B7001308050052
:10CF5000930E0500B3F7D70093D5F501130F060024
:10CF60001375F77F93D6F6016388C8056304C5037C
:10CF7000639A0806336803016310050633E6C700A9
:10CF8000630C06086312080A130510006382060882
:10CF90006780000033E6C700631406086396080044
:10CFA00033630301E30203FE6380D5066392050643
:10CFB000130510006780000033630301631203064A
:10CFC000E31615FFB3E7C700639C0704E390D5FEA3
:10CFD0001305000067800000E30808FAE398D5FC19
:10CFE0006F008002E30405FCE392D5FCE34015FDED
:10CFF00063CCA800E3EC67FA6318F300E368DFFB97
:10D0000013050000E3F6EEF913051000E39205F8AE
:10D010001305F0FF67800000E31A08F8678000003E
:10D020001305E0FF67800000E386D5FC6FF01FF872
:10D0300093D84501B70710009387F7FF13D7460130
:10D0400093F8F87F1303F07F33FEB7001308050051
:10D05000930E0500B3F7D70093D5F501130F060023
:10D060001375F77F93D6F601638A6804630465023B
:10D070006398080633680E01631E050833E6C7008F
:10D080006304060A6316080A130510006380060885
:10D090006780000033E6C70013052000E31A06FE90
:10D0A00063960800336E0E01E3000EFE638CD50418
:10D0B000639E05041305100067800000336E0E01A7
:10D0C00063100E06E31615FFB3E7C7001305200033
:10D0D000E39007FCE39ED5FC130500006780000089
:10D0E000E30805FCE396D5FCE34415FD63CCA800FA
:10D0F000E3E0C7FD6318FE00E36CDFFB13050000EF
:10D10000E3F8EEF913051000E39405F81305F0FFBA
:10D1100067800000E30A08F6E39CD5F86FF09FFEF5
:10D120001305200067800000E31408F86780000002
:10D13000E380D5FC6FF0DFF7130101FD93D74501C4
:10D14000232481022322910223202103232E310153
:10D15000232A51019394C50023261102232C410157
:10D1600023286101232671012324810193F7F77F8E
:10D1700013040500930A06009389060093D4C400A3
:10D1800013D9F501638407421307F07F6386E70A2A
:10D19000939634001357D5013367D700B706800044
:10D1A000B364D700131A3500138C17C0130B00009B
:10D1B000930B000093D749011397C90093F7F77FAA
:10D1C000138F0A001354C70093D9F9016380070A2B
:10D1D0001307F07F638EE7141317340093D5DA0139
:10D1E000B3E5E500938717C03707800033E4E50017
:10D1F000139F3A00B3888701130300001307A000B0
:10D2000013851800634C670BB34539019307200061
:10D210001388050063C66715130BFBFF1307100087
:10D2200063606717630AF33C93040400130A0F005A
:10D23000930B03006F00C00933EAA40063180A3C93
:10D2400093D749011397C90093F7F77F9304000020
:10D25000130B8000130CF07F930B2000138F0A0038
:10D260001354C70093D9F901E39407F6B367540147
:10D270006382073C6300044A13050400EF10C04CAE
:10D2800093080500130755FF9307D001138F88FFFC
:10D29000B387E740B3D7FA003317E40133E4E7007C
:10D2A000339FEA01B3081C419388D8C01307A0003C
:10D2B0001303000013851800E35867F59305090070
:10D2C00093072000638AFB3293073000638CFB488E
:10D2D0009307100013880500639AFB46930700002C
:10D2E00093060000130700008320C102032481027B
:10D2F00093974701B3E7D7009316F801B3E7D70038
:10D3000083244102032901028329C101032A8101E7
:10D31000832A4101032B0101832BC100032C8100CF
:10D3200013050700938507001301010367800000C0
:10D33000336754019308FC7F630A073037170000F6
:10D340003348390113070780136B3B009306A00095
:10D35000930508003305EC0063C066391303300001
:10D36000130610003316660113770653E31A07F409
:10D37000937706246394073C137686086312062E7F
:10D38000B70F0100938EFFFFB377DA0193560A01BE
:10D39000B37EDF01135E0F013387D7033383D603D8
:10D3A000935507013306FE0233066600B385C500B8
:10D3B000338FC60363F46500330FFF01B703010029
:10D3C0001386F3FF33F3C500935F04013377C7007F
:10D3D0003374C40013130301B38287023303E300E1
:10D3E00093D505013387860213D60201B387FF0266
:10D3F000B387E7003306F600B387F6036374E600ED
:10D40000B3877700370901009309F9FF33773601B5
:10D4100093D30401B3F63401B3F2320113170701B9
:10D42000B384DE0233075700135606013306F600B5
:10D43000B385E500B302DE0293D70401B38ED303B4
:10D44000B382D201B3875700330E7E0263F4D70153
:10D45000330E2E01B7090100938EF9FFB3F2D70105
:10D4600093D70701B387C701B3FED401939202019A
:10D470003309D402B382D20133848302135E0901DB
:10D48000B386DF02B3868600330EDE00B38E7F02E2
:10D4900063748E00B38E3E01B70F0100938FFFFFC0
:10D4A000B376FE01939606013379F901B385E50160
:10D4B000B38626013386C60033B7E5003307E6009E
:10D4C000338F5500B307F700B335BF00B385B700FE
:10D4D000B336D6003336C700B3E6C60033B7E7002D
:10D4E000135E0E01B3B7F500B386C6013367F700CC
:10D4F00093179F003307D700B3E767003307D701BF
:10D50000B337F00013567F011317970093D67501B8
:10D51000B3E7C7009395950033EAB70093177700F8
:10D52000B364D70063D0070213571A0093771A0029
:10D530009396F401B367F70033EAD70093D414004D
:10D54000930805001386F83F6356C01293777A005C
:10D55000638007029377FA0013074000638AE700AD
:10D5600013074A00B3374701B384F400130A0700D6
:10D570009397740063DA0700B70700FF9387F7FFFC
:10D58000B3F4F400138608409307E07F63C4C71C1C
:10D5900093573A001397D401939694003367F7009A
:10D5A00093D6C6009377F67F6FF01FD433EAA400BA
:10D5B00063080A06638E041213850400EF10C01876
:10D5C00013060500930655FF1307D001930786FF46
:10D5D0003307D7403357E400B396F400B364D70061
:10D5E000331AF4009307D0C0338CC740130B0000EC
:10D5F000930B00006FF01FBC138805009307F07FAA
:10D6000093060000130700006FF01FCE130A0500F9
:10D61000130BC000130CF07F930B30006FF09FB919
:10D6200093040000130B4000130C0000930B100038
:10D630006FF05FB8136B1B0093080C00130400001D
:10D64000130F0000130310006FF05FBB136B2B0070
:10D6500013040000130F0000130320006FF01FBA23
:10D6600093040400130A0F00930B03009385090031
:10D670006FF01FC513071000631006109388E84170
:10D6800033161A013336C000B3981401B357EA00B9
:10D69000336616013366F60093777600B3D5E4005F
:10D6A000638007029377F60013074000638AE70060
:10D6B0009307460033B6C700B385C500138607003D
:10D6C00013958500930710009306000013070000D0
:10D6D000E34C05C06F00C0101307F0006310EB129D
:10D6E00013080000B7060800130700006FF0DFBF43
:10D6F000EF108005930655019307C001130605023C
:10D70000E3D4D7EC130585FF130A0000B314A4007B
:10D710006FF05FED13850A00EF100003130755014A
:10D720009307C00193080502E3D0E7B6130585FF10
:10D73000130F00003394AA006FF0DFB61308000047
:10D740009307F07FB70608006FF01FBA9308050033
:10D750006FF05FDF9307F07F930600001307000070
:10D760006FF09FB8130800009307F07FB70608001A
:10D77000130700006FF05FB73307C74093078003BC
:10D78000E3CEE7B49307F001E3DAE7EE930710FE88
:10D79000B387C74093060002B3D7F4006308D700ED
:10D7A0009388E843B3981401336A1A013336400171
:10D7B0003366F600137776009306000063080702CD
:10D7C0009377F6001307400093050000638AE70093
:10D7D0009307460033B6C700B335C0001386070071
:10D7E000939695001397D50193D6C600135636002D
:10D7F0003367E600930700006FF01FAF9304040047
:10D80000138A0A00930B3000938509006FF05FAB19
:10D81000B70710009387F7FF130101FEB3F8B700B5
:10D8200033F8D70093D7460193983800232C810012
:10D830002326310113D4F50193D945011357D5019E
:10D84000131838009355D601232E1100232A910076
:10D850002328210113FFF77F1303F07F336717019C
:10D8600093F9F97F130E04009318350093D6F6014F
:10D87000B3E50501931E3600630C6F2093C61600B6
:10D88000B387E9416302D416E35AF000630A0F2418
:10D890006384693C930680031305100063CEF6028F
:10D8A000B7068000B3E5D5009306F00163C4F64ED9
:10D8B00093060002B386F6403395D50033D6FE00BA
:10D8C000B396DE003365C500B336D000B3D7F5009C
:10D8D0003365D5003307F7403385A84033B6A80039
:10D8E000930405003309C7409317890063D80734B0
:10D8F000B70780009387F7FF3379F9006306092E95
:10D9000013050900EF005064930785FF930600029A
:10D910003387F64033D7E4003319F9003367270122
:10D92000B394F40063C4373FB3873741938717003C
:10D93000B386F6403396D40033D9F4003336C000B2
:10D940003366C900B316D700B3E4C6003359F700F5
:10D950009309000093F774006380070293F7F400C3
:10D9600013074000638AE7009387440033B59700AC
:10D970003309A900938407009317890063D0076CCB
:10D98000938719001307F07F6386E724370780FF2A
:10D990001307F7FF3377E90093F7F77F1318D701E1
:10D9A00013D53400131797003368A8001357C70026
:10D9B000137E14008320C101032481019397470142
:10D9C000B3E7E7001317FE01B3E7E7008324410143
:10D9D000032901018329C10013050800938507006D
:10D9E00013010102678000006352F07063160F1C80
:10D9F000B3E6D501638E06269386F7FF6388064655
:10DA0000638C6724930780031309100063CCD7024B
:10DA1000938706009306F00163CAF6489306000256
:10DA2000B386F6403399D50033D6FE00B396DE00B8
:10DA30003369C900B336D000B3D7F5003369D900D4
:10DA40003307F70033061901333926019304060022
:10DA50003309E9009317890063D2071E93891900DF
:10DA60009307F07F6388F916B70780FF9387F7FF66
:10DA700013F51400B377F90013D714003367A70028
:10DA80001395F701B364E50013D917006FF09FEC0D
:10DA900033E8D5011383198063080806630AD406A6
:10DAA0006304030E638E09261315360013553500E3
:10DAB00013840600138705001318D7013368A800E4
:10DAC000135737003367070163060710130E000072
:10DAD0009307F07F37070800130800006FF09FEDF1
:10DAE000B3E6D501638606189386F7FF6382063A8C
:10DAF000638467169307800313051000E3CED7DC19
:10DB0000938706006FF05FDA93C61600E31AD4F825
:10DB1000630803186390092C9307F07FB36617011D
:10DB2000638806489386F7FF638206341305F07F07
:10DB30006382A72A930780031309100063CAD702E0
:10DB40009307F00163C6D74C93070002B387D74011
:10DB50003319F70033D6D800B397F8003369C900FA
:10DB6000B337F000B356D7003369F900B385D50059
:10DB70003307D90133392701930407003309B9006A
:10DB800093090F006FF01FED9387190093F7E77F5C
:10DB90006394071433E8D501B36717016394092A26
:10DBA000638E07386310083C131535001359350090
:10DBB000930700006F0040116380690A9306800399
:10DBC00013091000E3C0F6E8B7068000B3E5D500FE
:10DBD0006FF05FE4137E14009307F07F13070000DB
:10DBE000130800006FF01FDD13850400EF00D0352F
:10DBF000930785019306F001E3DAF6D0130785FF5A
:10DC00003397E40063CE371BB389374193871900FC
:10DC100063DEF642938919FE93060002B35437017E
:10DC2000638CD70093060004B387F6403317F700E0
:10DC30003337E000B3E4E4009309000093F7740085
:10DC4000E39E07D09387090013D53400130709001A
:10DC50006F008002E31C08E6131535001318D70186
:10DC6000135535003368A800135737006FF09FE550
:10DC700013153500135535001318D7019306F07F9F
:10DC80003368A80013573700E38ED7E21317C70095
:10DC90001357C70093F7F77F137E14006FF09FD1DF
:10DCA0009386190093F7E67F639E0712B367170107
:10DCB000639A092463860730B3E7D501639A073076
:10DCC00013153500135935001318D701336828018F
:10DCD000135737006FF09FFB3388D841B3B7080163
:10DCE0003309B7403309F9409317890093040800BA
:10DCF00063C2071233682801E31208C0130E000044
:10DD000093070000130700006FF0DFCA370980FF98
:10DD10001309F9FFB389F940337927016FF09FC3E5
:10DD20009307F07F33651701630405101388F7FF2D
:10DD30006302081E1305F07FE388A7D693078003CC
:10DD4000138406001305100063CA07039307F0014C
:10DD500063C4071993070002B38707413315F7001F
:10DD6000B3D60801B397F8003365D500B337F00098
:10DD7000335807013365F500B38505413385AE405F
:10DD800033B7AE00930405003389E54093090F00D3
:10DD90006FF09FB5938607FE13060002B3D6D50039
:10DDA000638AC70013060004B307F640B397F50073
:10DDB000B3EEFE003335D0013365D5006FF0DFB12F
:10DDC000B70680FF9386F6FFB387F9403377D70015
:10DDD0006FF09FEF131536001355350013870500BC
:10DDE0006FF09FCD9307F07FE386F6DEB38ED80108
:10DDF00033B61E01B307B700B387C7001395F70109
:10DE000093DE1E00B364D50113D917009389060071
:10DE10006FF05FB433861E41B387E54033B7CE0061
:10DE2000930406003389E740138406006FF01FADAA
:10DE300013163600135536001384060013870500A9
:10DE40006FF09FE3E39807E06306082213D73500DD
:10DE5000131636009395D5013367B7001356360075
:10DE60003367C700138406006FF01FC6B38ED80156
:10DE7000B305B70033B61E013389C5009317890077
:10DE800093840E0063D8070A930920006FF0DFBD6A
:10DE9000B38ED841B305B74033B6D80193840E0092
:10DEA0003389C540930910006FF01FA4938607FEC5
:10DEB00013060002B3D6D500638AC7001306000418
:10DEC000B307F640B397F500B3EEFE003339D00147
:10DED0003369D9006FF01FB7930708FE930600025D
:10DEE000B357F700630AD80093060004B3860641CF
:10DEF0003317D700B3E8E800333510013365F50078
:10DF00006FF0DFE7E38807ECB3EED501E3900EBCDA
:10DF10006FF09FD433861E41B385E54033B7CE0002
:10DF2000930406003389E54013840600930910002A
:10DF30006FF09F9B930710006FF01FD1E30008DC88
:10DF400013163600935736001398D5011397950092
:10DF50003368F8001357C700138E060093070000BC
:10DF60006FF05FA53389D841B3B728013306B740B6
:10DF70003306F6409317860063D2070E33861E41A0
:10DF80003387E540B3BECE003307D74193178700F0
:10DF90009304060063DE0712B70780FF9387F7FF3D
:10DFA0003377F70013840600930710006FF01F9F6C
:10DFB0001316360013553600138705006FF0DFCBBC
:10DFC0001316360013593600138705006FF0DFCFA4
:10DFD000B386D801B307B70033B61601B387C700BD
:10DFE0001397870013D83600635E0708370780FF52
:10DFF0001307F7FFB3F7E7001397D701939797003D
:10E000003368070113D7C700930710006FF09F9A7A
:10E01000938706FE13060002B357F700638AC60013
:10E0200013060004B306D6403317D700B3E8E80060
:10E03000333910013369F9006FF09FB313D5340001
:10E0400093870900130709006FF01FC393060002AE
:10E05000B386F640130600006FF09F8E3368C90048
:10E06000E30E08C813593900930700001307060090
:10E070006FF09FC5130E00009307F07F370708006D
:10E080006FF05F931397D701939797003368070159
:10E0900013D7C700930700006FF0DF91E38607AE48
:10E0A00033083F4193070800E38E09C693078003B6
:10E0B00063CA0701B70780003367F70013840600BF
:10E0C0006FF0DFC813840600130510006FF01FCB3C
:10E0D0001318D701135636003368C800135737009A
:10E0E00093070000138406006FF05FBAE38A07BA53
:10E0F000B3063F4163960900938706006FF01FA2A5
:10E100009307800313091000E3C4D7A6B707800064
:10E110003367F7006FF0DFA213D74501B707100090
:10E120009387F7FF1347F7FF13D84601B3F5B700FE
:10E13000B3F7D700931657011378F87F6380060270
:10E140001307F07F130500006304E80067800000F8
:10E15000B3E7C7003335F00067800000B3E5A500E2
:10E1600013051000E38E05FC6780000093D745017E
:10E17000B70610001387F6FF93F7F77F1306E03F0B
:10E180003377B70093D5F501635EF6001306D041EF
:10E19000635EF600370500801305F5FF3385A500A3
:10E1A00067800000130500006780000013063043FD
:10E1B0003306F6401308F0013367D7006350C802F6
:10E1C00093063041B387F6403357F7003305E040FC
:10E1D000E39C05FC13050700678000009387D7BE0A
:10E1E0003317F7003355C5003367A7006FF01FFEE4
:10E1F000130101FF23261100232481002322910013
:10E20000630A05041357F541B344A700B384E440FF
:10E21000930705001385040013D4F701EF00C052E3
:10E220009307E041B387A7401307A00093F7F77F58
:10E230006340A7061307B0003307A74033D7E400B5
:10E24000130555011317C700B394A4001357C70053
:10E250006F00400113040000930700001307000043
:10E2600093040000939747011314F401B3E7E70008
:10E270008320C100B3E787000324810013850400D5
:10E28000938507008324410013010101678000008A
:10E29000130555FF3397A4001317C7001357C70082
:10E2A000930400006FF01FFC130101FF2324810081
:10E2B0002326110013040500630C0504EF00C04879
:10E2C0009307E041B387A7401307A00093F7F77FB8
:10E2D0006344A7061307B0003307A7401305550191
:10E2E0003357E4003314A4008320C1001305040055
:10E2F0001317C700032481001357C70093974701E2
:10E30000B3E7E70093850700130101016780000070
:10E310008320C1001305040093070000032481003B
:10E320001307000093974701B3E7E70093850700C1
:10E330001301010167800000130555FF3317A40086
:10E34000130400008320C100130504001317C70045
:10E35000032481001357C70093974701B3E7E700F1
:10E360009385070013010101678000008325C50024
:10E3700083278500032805008326450013960501A1
:10E38000130101FE13971500135606012324F10013
:10E390002326B100232CF100232001012322D100E8
:10E3A00023280101232AD100232EC100135717016E
:10E3B00093D5F501930801019307C10113153600A8
:10E3C00003A6C7FF9387C7FF9356D601B3E6A600FF
:10E3D00023A2D700E394F8FE930617001318380021
:10E3E0001396160123280101135626016302060421
:10E3F000B7C6FFFF938606403307D7009306E07F3A
:10E4000063D4E6109307F07F130600009306000024
:10E41000939747019395F501B3E7C700B3E7B700BA
:10E420001385060093850700130101026780000031
:10E4300003264101832881010325C101B36616012A
:10E44000B3E6A600B3E6060163140704638206146C
:10E45000930650001306000093D736009316D6019A
:10E46000B3E6F600131696009377F77F1356C600AF
:10E47000939747019395F501B3E7C700B3E7B7005A
:10E4800013850600938507001301010267800000D1
:10E490006384061293D7C80113154500B3E7A7009C
:10E4A000B7068000B3F6D7006382061C370780FFEB
:10E4B0009356C601939848001307F7FF33F6E70019
:10E4C000B3E61601B70740003366F60093F686FF01
:10E4D0009307000013D736009316D6011316960043
:10E4E0001356C600939747019395F501B3E7C7000C
:10E4F000B3E6E600B3E7B70013850600938507008F
:10E500001301010267800000635CE00C8327410176
:10E51000032581010326C10193964700B3E6060156
:10E5200093D7C70113184500131646001355C501AC
:10E53000B336D000B3E707013366A600B3E6F600B2
:10E5400093F776006380070293F7F6001305400007
:10E55000638AA70093874600B3B6D7003306D60078
:10E5600093860700B7078000B377F600E38607EECF
:10E57000130717009307F07FE306F7E8B70780FF5C
:10E580009387F7FF3376F6009377F77F6FF09FF46A
:10E590009307000013060000939747019395F50138
:10E5A000B3E7C700B3E7B7001385060093850700FC
:10E5B00013010102678000009307F07F130600003B
:10E5C000939747019395F501B3E7C700B3E7B70009
:10E5D0001385060093850700130101026780000080
:10E5E0009306C0FC634CD7089306D003B386E6407D
:10E5F0000327C10113DE5640B70E0800B3EEEE004C
:10E6000013152E00232ED10193F6F6013388A800AE
:10E6100013860800130700000323060013064600B4
:10E6200033676700E31AC8FE130630003306C6419D
:10E63000639A060403280800938616009387470010
:10E6400023AE07FF634ED6003388A70003280800D7
:10E65000938616009387470023AE07FFE356D6FE46
:10E6600093074000B387C7416F004008930500003F
:10E670009307F07F370608006FF09FD9130700005B
:10E680006FF01FDD1308050233082800032808FF78
:10E69000130F0002330FDF403318E801336707011F
:10E6A000630E060813182600B30FF8003386A8007F
:10E6B0000325060003234600938747003355D50002
:10E6C0003313E3013365650023AEA7FE130646004E
:10E6D000E390FFFE93074000B387C741130608028B
:10E6E00033062600B3DEDE002328D6FF9306400063
:10E6F000B386F64093962600939727001306800072
:10E70000B388F80063EAC60023A0080023A208002B
:10E71000938686FF938888009307400063E4F600A1
:10E7200023A00800832701013337E00003264101BD
:10E73000B366F700130700006FF09FE09307100027
:10E74000130800006FF09FF9B7070100637AF50224
:10E75000133705101337170013173700B707028058
:10E760003355E500938707C6B387A70003C50700A5
:10E7700093060002B386E6403385A640678000001A
:10E78000B70700016374F50213070001B7070280A1
:10E790003355E500938707C6B387A70003C5070075
:10E7A000930600013385A6406780000013078001AF
:10E7B000B70702803355E500938707C6B387A700E4
:10E7C00003C50700930680003385A64067800000DC
:10E7D000696C6C6567616C20696E737472756374C3
:10E7E000696F6E20657863657074696F6E2068610B
:10E7F0006E646C657220656E74657265640A00658E
:10E8000063616C6C20657863657074696F6E2068F5
:10E81000616E646C657220656E74657265640A0071
:10E8200065627265616B20657863657074696F6E8F
:10E830002068616E646C657220656E7465726564D3
:10E840000A00756E6B6E6F776E2065786365707405
:10E85000696F6E2068616E646C657220656E7465A8
:10E860007265640A006E6F20657863657074696F05
:10E870006E2068616E646C657220696E7374616C81
:10E880006C65640A00000000556E696D706C656D02
:10E89000656E7465642073797374656D2063616C53
:10E8A0006C2063616C6C6564210A00005C1EFFFFD4
:10E8B0005C1EFFFF2C1EFFFF2C1EFFFF2C1EFFFF08
:10E8C0002C1EFFFF2C1EFFFF2C1EFFFF5C1EFFFFF8
:10E8D0004C1EFFFF2C1EFFFF2C1EFFFF2C1EFFFFF8
:10E8E0002C1EFFFF4C1EFFFF4C1EFFFF241FFFFFCF
:10E8F0002C1EFFFF2C1EFFFF2C1EFFFF2C1EFFFFF8
:10E900002C1EFFFF2C1EFFFF2C1EFFFF2C1EFFFFE7
:10E910002C1EFFFF2C1EFFFF2C1EFFFF2C1EFFFFD7
:10E920002C1EFFFF2C1EFFFF5C1EFFFFD41EFFFFEF
:10E930002C1EFFFF2C1EFFFF2C1EFFFF2C1EFFFFB7
:10E940002C1EFFFF2C1EFFFF2C1EFFFF2C1EFFFFA7
:10E950002C1EFFFF2C1EFFFF2C1EFFFF2C1EFFFF97
:10E96000081FFFFF2C1EFFFF2C1EFFFF2C1EFFFFAA
:10E970002C1EFFFF2C1EFFFF2C1EFFFF2C1EFFFF77
:10E980002C1EFFFF2C1EFFFF2C1EFFFF2C1EFFFF67
:10E990002C1EFFFF2C1EFFFF2C1EFFFF2C1EFFFF57
:10E9A0002C1EFFFF2C1EFFFF2C1EFFFF2C1EFFFF47
:10E9B0002C1EFFFF2C1EFFFF2C1EFFFF2C1EFFFF37
:10E9C0002C1EFFFF2C1EFFFF2C1EFFFF2C1EFFFF27
:10E9D0002C1EFFFF2C1EFFFF2C1EFFFF2C1EFFFF17
:10E9E0002C1EFFFF2C1EFFFF2C1EFFFF2C1EFFFF07
:10E9F000181FFFFF041DFFFFA81DFFFFB41DFFFF31
:10EA0000E41CFFFFE41CFFFFE41CFFFFE41CFFFF0E
:10EA1000E41CFFFFE41CFFFF141DFFFFE41CFFFFCD
:10EA2000E41CFFFFE41CFFFFE41CFFFF8C1DFFFF45
:10EA3000141DFFFF457870656374656420203D20D8
:10EA400025640A00507265646963746564203D2022
:10EA500025640A00526573756C74203A2025642F72
:10EA6000310A000063726564656E63653A2025644F
:10EA70000A000000656E763030303300696D6167E2
:10EA8000652025733A20256420696E73747275635E
:10EA900074696F6E730A0000696D61676520257384
:10EAA0003A202564206379636C65730A00000000D6
:10EAB0008000000080000000800000008000000056
:10EAC0008000000080000000800000008000000046
:10EAD0008000000080000000800000008000000036
:10EAE0008000000080000000800000008000000026
:10EAF0000D08FAFDF6F60105FC01FB07FEFEFAF231
:10EB000006F6F9EBE0DAD8D8D6F10902112A253356
:10EB1000D3C6C3D2F9FFFAF723282F24100A110B0A
:10EB2000DFF10625DFEF0D2CE1F11D1CE2F2051AE5
:10EB3000F3000A0BE4EB1815E502170C00F90DFDC4
:10EB4000FB01162000FEF30201EEDAE3030E1900CA
:10EB5000F7E1EA19F1E8F924E8E4062BEEEF0A20E0
:10EB60002517FFFEFCF0FFFBEBFDF513F1FE0C1D7E
:10EB70001024FCD5341423F82C1D0EFB140A200697
:10EB8000C8031B1BE4191B15171C27F51610E7C536
:10EB90000114231CEDF0161BDFD6E5FB01F2F7F3A1
:10EBA00008E4F51C1AF4D2041906F401FD1401FA64
:10EBB000111125361D1A1121F9F4F203D0D0CDDF41
:10EBC000FCFBEBEB19FFE0BF130D05DA1636310F36
:10EBD000081D3534DED3F332E2E2CCFDFCF5E6E489
:10EBE000FFEFF4F010F7FE030C0CF9FF15FCF6F341
:10EBF0008000000080000000800000008000000015
:10EC00008000000080000000800000008000000004
:10EC100080000000800000008000000080000000F4
:10EC200080000000800000008000000080000000E4
:10EC300080000000800000008000000080000000D4
:10EC400080000000800000008000000080000000C4
:10EC500080000000800000008000000080000000B4
:10EC600080000000800000008000000080000000A4
:10EC70008000000080000000800000008000000094
:10EC80008000000080000000800000008000000084
:10EC90008000000080000000800000008000000074
:10ECA0008000000080000000800000008000000064
:10ECB0008000000080000000800000008000000054
:10ECC0008000000080000000800000008000000044
:10ECD0008000000080000000800000008000000034
:10ECE0008000000080000000800000008000000024
:10ECF0008000000080000000800000008000000014
:10ED00008000000080000000800000008000000003
:10ED100080000000800000008000000080000000F3
:10ED200080000000800000008000000080000000E3
:10ED300080000000800000008000000080000000D3
:10ED400080000000800000008000000080000000C3
:10ED500080000000800000008000000080000000B3
:10ED600080000000800000008000000080000000A3
:10ED70008000000080000000800000008000000093
:10ED80008000000080000000800000008000000083
:10ED90008000000080000000800000008000000073
:10EDA0008000000080000000800000008000000063
:10EDB0008000000080000000800000008000000053
:10EDC0008000000080000000800000008000000043
:10EDD0008000000080000000800000008000000033
:10EDE0008000000080000000800000008000000023
:10EDF0008000000080000000800000008000000013
:10EE00008000000080000000800000008000000002
:10EE100080000000800000008000000080000000F2
:10EE200080000000800000008000000080000000E2
:10EE300080000000800000008000000080000000D2
:10EE400080000000800000008000000080000000C2
:10EE500080000000800000008000000080000000B2
:10EE600080000000800000008000000080000000A2
:10EE70008000000080000000800000008000000092
:10EE80008000000080000000800000008000000082
:10EE90008000000080000000800000008000000072
:10EEA000800000008000000000040000000400005A
:10EEB0000004000000040000000400000004000042
:10EEC0000004000000040000000400000004000032
:10EED000C9FBFAE4E6DA1EE3FBE4E72CF8EDF9E916
:10EEE000F21DF61C1E21DAD9DC10F2EDE7F4FD3A32
:10EEF00006FBD5291BFCE92C1CDFFE0328E9F92EB3
:10EF000026EBEDD8F7EFEBF322F9FCD62F24F6E24F
:10EF1000EBE61CE23201143C2C2AF6FB1EFCF8F84E
:10EF2000FADD28ECECE912E00CEDF82CE812DF2712
:10EF300025E91BD9021F0EE231DED0E7ECFD26F0F9
:10EF400027E300FB07E5061427F3F6FDDBD7F8DF20
:10EF5000F8FDFCF902210AE72EF3F5DCE3F3E4FF08
:10EF600005F6F5EDDDE60E34E204EBDDDDF028EE2E
:10EF7000E12427F92DFA20FB02EDE5E629233AE703
:10EF800022DA06ECF6EF3004FA1FE1F804DD343142
:10EF9000EAFBEDE1F1F8D3EB25DB012AE6D0EFF552
:10EFA000EBE4F0EE1316093507181DD7F3E5F1EE83
:10EFB000E7EDEFF2DA1CFA3521E5DB1622D10BF88A
:10EFC000F4DB2EEC25E0E315E826321AE836EDE412
:10EFD000F2CA18F3E5EF01E5F316291FEBD92A2B46
:10EFE0000DECEB19E52FF1DAF0E7FE37FCEBF5EC71
:10EFF00013F1293635EF2A32FAF9EE35E7273032A8
:10F00000DFDB0027D5EF03162CFEE4E530F40827FC
:10F010001B1DCCCD391EDEE807020707E5FD2D13C9
:10F02000142021F32CF3EEF5E92FF7E407CFCEC13E
:10F03000FF32F014F70102F238E40AD504FDE52DA1
:10F0400019D63716D721DFEC20F5D4E62831D4E2E3
:10F05000282F14E4F41D31E0D130D1F3D0C7E42BD4
:10F06000FB11F92A27D81BDFEDF4E5EA17E72AFFA1
:10F07000E811FA31E90124FFF81FDAF0FCE6E8367E
:10F08000D9ED2522CC1BFF2D23E4D92305ED08FC67
:10F090000CE4F9E81DFDD90D32F2E1E43AE92F0361
:10F0A000E2F82EF81422D81D362CD4E3E2D9F8F871
:10F0B000E5E3EDEF37CEE63728E2E6E72306ECF8A6
:10F0C000E4F3D42F282FF0F7E7ECD639FBDDE4F09A
:10F0D000FE2201EB1CE9F7CBFDDBFB0B3933100003
:10F0E0002EE3DDE6EEE314EE0BFDFFFAEB06E5F6AC
:10F0F000DBE6DE1BD629EB0F2BEBE83227D9E5FD4B
:10F10000EE39DD302431EFCFF32EED322027DB1D39
:10F11000DC39EB2EFB2B17E1FB1E0B15ED22E5F97D
:10F12000ECEFE4EEFAF2ECDF2EF1E4F6ED2FF0E78F
:10F13000FC33E3F6CEE4191BDBFBF8DEEFF6E0FD73
:10F14000FE2E1D00EAFEFFD125F6E1F016C9CFE044
:10F150000F2DE70740F237EBDDE9DC23FEFC312C15
:10F16000E2E53034F8ED2721F336CDE5092AFDE15B
:10F170001BD5F0E539FCDBF634FBE4E71C09FA2982
:10F1800006FE302303EF1C26EEDEF7DA1DF0E2FD6B
:10F19000EA04CF26F1F8CB24EA06DBF7EB1F37E4CD
:10F1A000D62D11F027DD29E70BFA32E31B361ACEF4
:10F1B0002422FDD421F0252FFC2EFBF31D2925F55B
:10F1C000FAFE23E7281C04FDE205F2F2E713C8EE7D
:10F1D00001D420CC2E1DD8F8D33BF3193524E937C0
:10F1E00015D3ED0ED11FF4F4030DE8FA010E21281A
:10F1F000E02AF5ECFF1B272AF415F725E4E5EDF6E8
:10F200000C0EDB1800F6D6CD2D1DD0FE2FFEE1EE44
:10F2100014331DD409E0F9FB00D624F122F4212295
:10F2200017DAFEE426EAED2E293414FD2EE6EBEA89
:10F2300022EA2110EDE306E3DF25E219FB3604069E
:10F24000F5D516E214CFD4D405E2F43BE001E5F3A2
:10F250000510DFDBD7FAD7E938E61415E5FAE30C39
:10F26000E3EFE7EEEF18EDE5D8DF18E5E7E3FC2E76
:10F27000F4E401F1EA1922272A15EC28D939F0FD26
:10F28000EE21E9F91E0AE1D805ECEC3706F800DEBC
:10F29000F22EEAE7F701EC232FEFED382FDAF0F446
:10F2A000D7F02913D12F0B3BF2EE01E00B00F22C2B
:10F2B00017F126D221E6F2DFE6F4CF23F0E8D922D7
:10F2C0002D4B27EC18F1F5F0F81832E50DEBFCE5C5
:10F2D000E0DE06E9F8ED3AE130E5EFD636CFFFD1D2
:10F2E00025E6E3EDE803FCDBF6E7271B2736ED31E7
:10F2F000DEE2102ADEDC2220F24435F6EFE72500BC
:10F30000E0E000F5EBCE3139040D03F3D8DD15D87C
:10F3100029D9EDD4EE06F501EA1FEADB21F4F8293C
:10F3200007F12BDDE2221E2235252FFBFDF6D92E1B
:10F33000EFCEFB10F41CE1F8EAFAD8EDECE3F61F8F
:10F34000E5110D31F0D2EEFCD1290C0DE12E3D0975
:10F350001BF318E51FCFEBFCE03121F8F23128D97F
:10F36000EBE326FD13E623DCE9F4FCE2FF20F3D90E
:10F37000EC26E725EB22E6F533DEF2EDFF2C342C0C
:10F38000C7E028EC3212E832212F29E5D617040015
:10F39000DA001032D11CF70112F71E26F1FEF71A1F
:10F3A000EEED192AE72F2414D1FF3500ED1CD9FA10
:10F3B00021180F2827DEF8DFD6FCE21C0ED8E3D296
:10F3C000EB060D04DD32DF30E50FEEF8F9F3271719
:10F3D00010EB142BF20CC02002F0F40D2D29E0D21A
:10F3E00016182A23ECD7DCE31C051D1A2BFA25F688
:10F3F000E02311E2F91B041505ECE9E728253EDFBF
:10F40000463DF132E9150B26D4F01025EAECD5DEA5
:10F4100035EC06D60AEB27EED1E0031CD0DF1FF255
:10F420002AE6FC3125D5EA0912FB1CFA001826133E
:10F430001D322401F1FD22FACBDDCFCECF220FCF3A
:10F44000250628E337F70A211A2BEFEB2EDC0F00F5
:10F450002914C3F4EA2C06DC0EF4F1F0FCCC1426DB
:10F460001BF1223CE10B33EFF700EDD3F73809EB4A
:10F47000DB22E5E5252F100F2BCBC8FC19FADD3870
:10F48000ED28E2FA0BD9E41DDAEEEDE0DC0DC9CC93
:10F49000C431241833F3F222E0E7C5D3D425251B69
:10F4A0001014D403271AF60905332B200EEA0C0B8F
:10F4B000F506F7F002F40DEAFAF607050A0A0B085A
:10F4C0000F0CDAF507E9140B00F60AFCF608F6FD56
:10F4D000FD08F5F008090413FB0BF0FA0817020EFB
:10F4E000F8FEFDF5FFFBF20A010300E41401090731
:10F4F000F30213F4020E06FC0AFEF6F50B0203FDFE
:10F5000002FD03EAFF0AE8F7F2FB170DF1FF0FFC1B
:10F510000BFA05FFF6EE0601F907F3FAFA0724EDF8
:10F5200017050508F20D10F9F5EF03FE02FE040CB5
:10F53000F50806FD04F9FDFF1B29FF0DF315EAFC94
:10F5400004FBFB1801E003010101FF07080114FCA3
:10F5500005F40FFD13E5F01200FFFAFA02EC04FDCA
:10F560000DFA06FF0EFEFB0500FD1CFDFEEA03FD85
:10F57000FE01001504F6F714FA01F3ED0BFE00FB93
:10F580000A0B1103D7F922F9F7FEFAFA04DB000A95
:10F59000FEF5FAF50AF305181917160CF30305031F
:10F5A00003FDF51102F900FCFA0C01F9080A0C0F31
:10F5B00004DAF6FAE808E7F900FC0400FFF6F9F8C7
:10F5C00004F40EF612FE0E061113F919ED04EDFC0B
:10F5D000FC0F06F2FDFB040C0DF80005F2FAE7142F
:10F5E000E6F927F5F713F80001EF06E803FC01013F
:10F5F000F8FC0B0FED062306F0FE121500F2010DCC
:10F60000FDED0205F4F601E4F404FC01080A21FF13
:10F61000E5E6AD04F7E6FB0D02EDF103FCF5FDDBDD
:10F62000FBFE01F71DFF0E05D3F9E1FEFFF5EFFB31
:10F63000090FFE09FE04FAF701F704FB03FAF0F4E0
:10F64000F9F11D03EEEAFFF7FDEFFFF6090600FCF6
:10F65000FF05FB0B0DFCFB020DE71103E420F7FB9C
:10F6600008F3060CFFFBEAFCFEF402FE0A0315FA9F
:10F670000C0810F8ED0BD6FCF5F9FE0502F909DED1
:10F6800006FE00EF11FD12E5F5F2E6FD291BE80785
:10F690000704F7EEFBF8F222FEF5080AF7FCF70381
:10F6A000F4DE48F70CD5270405F3F5E0FEEEE6F4AA
:10F6B000F0EF0C01F2090215F0E32C1904FF0D0F15
:10F6C000FDF6FBFC04EFFFDFE4FF05EE0706170481
:10F6D00006BE05FFE6C5EDFD01FDFADE01F1F2EC27
:10F6E000FFFAFDEA130C1320CFEBF647F62DF10CD1
:10F6F000FBFC0EEA05F5F30EE80DFCECE3E8FE1268
:10F70000EDDA230D3E1007100C01FDD40805F7F9C2
:10F71000F5FE03020308132DF3E6DD25130A0001AD
:10F72000E8F2FBD80505EDF5F509E805FA071A1723
:10F73000F9FC0E04190AF1EBF8FB04EA0D080205C6
:10F740000010F1F8FEEF0F04EA0D1134D4F501F7C3
:10F75000F6FFF8EEF71CFAF2FB04FA3CFBF60DF5A7
:10F76000F6DDE1080600F400040A050C0A19F9DFC9
:10F77000ECFEF4170E14070609F6090F0408FA0741
:10F78000FB1405EA01F5FDF2F5FFF10527EBEDF8B5
:10F79000FC382D1EF21F0DFD020E07EC0AD80C17C7
:10F7A0000B09E913F3F3E11C09414AD90EFD0900E5
:10F7B000F503FB05FC18110B0BF50C1A0C09F41BD7
:10F7C00006010FEEE1FA0CFD010D0506050105101D
:10F7D000140801200001ED23FE2018F31D0C010A7E
:10F7E000F70FFF0304E401FB0BFB020BF5F9F2FD3D
:10F7F000FB270CFD1A18FFFD0704090201FCFDECB4
:10F80000FF05FF10020710F5FA0400EA18150200C0
:10F81000FEFFFE06FFF404120BFEFA1004FF09FCC3
:10F82000070F05FB26150B0AFA0001FFFCED08E7A0
:10F8300003FE0A0EEFF900FCEB01E0FA00FC0CFB02
:10F8400000FBFBF1FE190B1B050C1B02F902190B47
:10F8500009F5020BFD1F080002FEFCF3F81EF92457
:10F86000F80B0D0CFD18F007E700F7F71626FAFD68
:10F87000FAFC0FF8F20201F6FDFE0D09F7FE19245D
:10F88000EBD4FD121B16F205FE0008F2F61D060D64
:10F89000FF06000201FAEAFCECF3BB1D1312EAF8C2
:10F8A000051101F9020DFCEC020203F7130AE20450
:10F8B0000E17FFFEF80B0008091403F501FF031FE4
:10F8C000010FF9000D07EFD3EC18FEE8FD0A05085B
:10F8D00002FF04F6041C06E4EF03F306FE0619DE3D
:10F8E000ED00E0FE05F40CF4F90BFB09FAD90FEF7B
:10F8F0000400F300FB07FEE0FEF0F70107FCFFFC4D
:10F900000208F401FDEEF80B13040309F6EFF6F517
:10F9100017E715D6FEFE02FDF6FFFDFD03F903ED28
:10F920000EF8FA15FBFBFB01F90608EB0FB2F70521
:10F93000FD02FD2006F307F20CF4031207F9EBDDDC
:10F94000F0012803D6FCF7F4020A08FB07EE090DC4
:10F95000FEF91002FF0BE7F20F1A17F6D118E7FEB7
:10F9600007FEF72603EAFB000104071204FA0BF86E
:10F9700007F506F308F1F70406F80007FFEB03FFAD
:10F980000902FF000B0C00F3F3FBEADD1EEB03FFA3
:10F99000F6F9F6E5FA00011306FE07FDFEEEF6267F
:10F9A000F8E027031BFE0B0CF800FAF3FEDBFDFD6D
:10F9B000E3FE0D0AF7F8F72706F5F0F2FDE10BFE7E
:10F9C00005F7FFFAF0E606F8FF07130D050802FE3B
:10F9D00016F4F80E0C1AFCF6FD0707F401F5F8F121
:10F9E000F6081AF6120003170401FD1A0123F51296
:10F9F000EE0002F6FEFAFFF9FF02F825FAF5FDEF38
:10FA0000F2DAEB0F150406F9FC070AF1FDED01FB34
:10FA1000FCFC09270BFDFE1809F9F10F07F4FF04A0
:10FA2000FDFC03E1FF1000FDFF0AFC0B05F8F21ED0
:10FA300000FFEC04FD12EFF2FF0404F403FBFC04EE
:10FA40000508FDFFF8EF18EF111310FBE0EF07F6C4
:10FA5000FCF700F4001D0C210DF8FA20EB0B18EF59
:10FA6000F3E90004D305F4010F0104160722F302A1
:10FA7000EE00F718FD1510FAF7F5E2FB0003F3FFAF
:10FA8000FEF7FFFDF9FE06E60FFE00001AF9EFF0A3
:10FA9000F111E610F8F3EC010AFE00F3F8E0FCE7E0
:10FAA0000A070A0C05ECFC01E2113A090DFF0300FC
:10FAB000FAFEF906F81AFAEA1308FBEC050D12F63D
:10FAC000F0FCC8FD1507FA02F50809E908FF020F66
:10FAD0000EFDFAF01D0102F8EEF1FD0E3E1D15F1CE
:10FAE0000405FFE0FF1FFA1DFCFAFF021609F7FEEE
:10FAF000DC0F2B1A0D1111F9000AFFF0FE02FE2196
:10FB0000030CFBFA05FADDF2ECF55003FDE5FC030E
:10FB10000604071A03FC18010E0EFEFD040513F37C
:10FB20000537E4F6FB24EA0D000CF9EBFF0303FEB6
:10FB30001B0701030D00FDF90A00F9FC08220B0563
:10FB400009FBFFDCFFF70B15050E061DF7F9E10AAF
:10FB5000F4F604000D2A19FFFE0500FE000004FD66
:10FB600014FEFA22F2ECDB05F52432F209FA040263
:10FB7000F9F9061E04F90BF2FD09FEF1FB03130867
:10FB800007ED01F3DD15ED0BFF010DF10B19FBFC8A
:10FB90000417FBEBEFF4FAFDF6FBDC0BF425EF01A9
:10FBA000FE0D01F307FA0AF41B050C06FA00E90F33
:10FBB0001B1007FA02FC0501FAFF08080BEA06F51C
:10FBC00003030E0AF1FC01110808F9D7FA12020129
:10FBD0000D03030DF7FE07EE0DFFFB00FF040AF512
:10FBE000EE11E1030CE800FE040607110F0F0E12E0
:10FBF000010107EB0EF9DFEFFB0BEFF909F007024C
:10FC00000004F9FFFAE30B100FFFFE05F3F505F80A
:10FC10002000FCF5FEFC1907FFFE04E90202050ABC
:10FC2000F7F607FFF6FF16111FEDE2FBF339030E9F
:10FC3000F9F305F10417FDF205FAF7FC02060D0DC4
:10FC40001A140C0005FE0F0BF100080906E707FB6C
:10FC5000FBF8FB120507FC07FD1016F60A25110E2E
:10FC60000B0CF2F4090D01FBE5FF0909FFFF0EE79C
:10FC700001F6DCFE080C00010DF1FDF90421FA0A81
:10FC8000FB01ECF6020F230616F2D5FFEFFDF6FCA2
:10FC900005FD0FFF0C1604F61004FA0609FA0DF123
:10FCA0000A201AFEFB2409FA0A080109FD0EFBF8D6
:10FCB000FC070606100501EB0714FEF2F9F3030535
:10FCC000F809FAF4FD240103F601FEF20C0A0AF029
:10FCD0000703F30B101C0007F3FA0A14F51800FED3
:10FCE00001FFF4FBFD0E03E7F7F0E6F6FFF900F67F
:10FCF00004040012FFE6031506F2FE0E1DF6FDE3F6
:10FD0000FC2918FF03F408FF02FFFC2EFA1602FC80
:10FD10001EF7FBF7F7F5F6E30F10FBF103180305E9
:10FD20000501FCF2F4F7FD1706ED00EFFFE80B0705
:10FD30000B03F5F8FE0CFE100300F807FD080305A1
:10FD4000FC02FF100E05F5DF110606EDF21305F0BB
:10FD500001FA04ECFA0F0E03170308F1FC0310126A
:10FD6000FDC608F3EB04FE06FFF606EC09F10BE511
:10FD70001EFD0F12E10A17E6D401E217E906EFF3C0
:10FD8000020300FEFF0204EB09F8F522EE0F1EEB62
:10FD9000BFD0BAE8E500E6FDFE00F70BF809FBEC82
:10FDA00001F909160B0A04E8CFEFE80B08DBF4FAB7
:10FDB000FDFCF7EF01E903FFF300FFF0FEFDE9FEB4
:10FDC000F4E516F809F402FD03FEEFF404FC031257
:10FDD000FAF5F5E604FB1106FA0018FCD6CF090B7C
:10FDE000F900FB0EFBFE0216E60801EE080BF90C0B
:10FDF0000BFA0704EEF5F8FC05FD0914FA0B03ED08
:10FE0000EB10FFF400F100F6FF09FB04ECE1FCF459
:10FE1000FDF9FAFF01F8FD02FA0C010003F2000FF0
:10FE200000E2F90D0508F7FFFAFD0DFC021A0610B5
:10FE3000E3FEF90A14F3E62CF5E4051708480DF67D
:10FE4000FA04FE1101F9F9F21301F3FC00F7E901DC
:10FE5000F81A0D06FBEC0BFFFAF808F90CE9FF03A2
:10FE6000FAF3F005F400EA17FC221AECF9F406F1B3
:10FE7000FDFCF600FFCDFBF4F706FCFF1407FF1AAC
:10FE80001215F9FFEA030602FB08FE06F7E8030372
:10FE90000703021E05FEE918F9150AEE0CFE020022
:10FEA000030A07FAFDFF06F512030610E9F8F9FA4E
:10FEB000FA0FFA06DBF8FFFCFEFF06FDF303000A6B
:10FEC0000EF9040BE9FF08001907D7D10F05FEFB57
:10FED0000507031AFBEA0C0304F30212FAFFF81BEE
:10FEE0000827E300EF06F503FA0AF827FF13FA0DD7
:10FEF0000BF302FEF7F1E7211F0FF4F805F205FFFF
:10FF0000090702FFFB00ED070105000EF7F4FD17DE
:10FF100029FE04FCF6F304FD05FDFFFA061EFD06AE
:10FF2000010605F9F4F309F403DDFA182807F701CF
:10FF300000F9FCE20223F8F2F30502FDFB03F70FE0
:10FF400001F8DCFF00100FFB0207F9E70805FD01CF
:10FF5000FE1AFC09FDFFF505E7EFF603F51313FDA7
:10FF60000E0D0002FF1B0110FBFA0A0402FDF4EA69
:10FF700002FFF5010DDDFE040709080D07F0F90C7D
:10FF8000FCFFFC16F3081CD60BF5F4F605E507FBA1
:10FF90000B13FDFC0B02F8FE0A06F5FC070607F83A
:10FFA000FE2DE703F80F160B05120109FCEE21E9FF
:10FFB00024FEFEF7EF02F4FFF40EF4EDFBF913FD5F
:10FFC0000400FBD4FF0809F80CFD05FAF812FBF752
:10FFD000F9FE1D011A0F06F2FF0301F5FD23FB03D5
:10FFE0000EF40901FAFFF5E80902F60A091805FFFF
:10FFF000070606060CF901D81A02FF16E7FD0A33B8
:02000004800179
:1000000001160AEF060FEE17000801FD001DF9E9C1
:1000100005080B04F6F9FE0CEB10C6FADB13F2FB35
:1000200006FCFEE7F817090C11F1FEF90411E302D2
:100030000917F80609EDFC08F70A020D01EA0901A3
:10004000EE01FC05E7F6DC09D113ECD21119FF0231
:1000500000F7FF12F824FAF6F209010E020F19C890
:10006000FAFAD6FA07D7F002010D0212FBEC00FEF5
:1000700010FE07F906F7F6D3F7F7E7F122F91307B1
:10008000000BFF03FCB805000E07EC13F1EE0D05A5
:1000900016FBECCEFBFC0007F90AFD12F7FE080484
:1000A000F3030F0DF6FF14102709D0D9021000FE3C
:1000B00005F9F7ED05EBEFF0F7FD030814F708F687
:1000C000F8F3DB05FEE8EE1003120017F1FB020265
:1000D000F4040D0FE900FDF1EDF3DD17203EF5010D
:1000E0000205F2F50B01FEF911F6F30DFDFAF0F23F
:1000F00009010BFD091016F7020E08FC00FE0203B1
:10010000FDF40407F6FBF6FF160405F6FA0701FEF8
:10011000020502F407F002F2F003FFFDFD07F80903
:10012000FFEFDD03F2E5FFF9080809160AFE09EF03
:100130001007FC0CFC0AFB0CED0BE0FE010CFDFFB4
:1001400003FFF603010FFCFF090006FF001B04027A
:10015000FCEBFFEE0913FD060A0002FE010A040390
:1001600010F70BFB05FB0CFBFDF30F0B03050C0756
:10017000FB0603FCFE0001100305FFFBF6FC120862
:10018000FA15E30DF208F801FFF3F500F91B081169
:10019000F8F6FFEAE50509F60005E9E8EE09F20CD4
:1001A00001F4F9040510F60F01FC06F91410F0E94A
:1001B00009E5FCF20EFAF600FC09FA0604F9FEF570
:1001C000EFFAFAF800FB1AF4EAECED1EF108FB0175
:1001D00002F1FE020801FFEBF5FF00F6F10314E463
:1001E000FBE9E7050EEB0B020FF301FE04FB0CD558
:1001F000F6FF00EB0EFC18E6E5D9F7F0F8F8F4048A
:1002000000F7EFF406F200EDF60F03F5100DF8F429
:1002100001FCEA09F4E8FEFC0DFCFEFA05F4FDF130
:10022000FEF8FF0010F811FBFEEEF41A0228030599
:100230000702050D051303F308090205FF060C0468
:10024000F928F7F7D6F509F904FE04F7FCED10E9F3
:1002500003F600F9192306081C0A0BF305D4160748
:1002600001F704DAFD2106F4F50A02FA0F07250664
:10027000FAEAFAF4111EE903FEF902F20241021948
:10028000F704E8F3161843EBE5EC11F20BEEFFF27E
:1002900012050203001305F10602FF040C100617F5
:1002A000050416FE0C2412F5F80FFB0706E002E821
:1002B00004FB03FF010AF3E5152315DEF2F60A0439
:1002C0000D01FBE007160FEEF1F3F2E405F709FD6F
:1002D000FD14F21619140EF50E0BF9E90926050A9C
:1002E0000503F512060CDCC6F907EE060906030144
:1002F000F4050202FCFA10FA07FE0202090DFFF2F1
:100300000A1505E9E6E50A03FDF4F805F509140305
:100310001BF808F4FCFD04E10005E411E813F010FB
:10032000031216F9001507191AFC0F080502EB0352
:100330000E22F20BFA0A0809F80D0E0804F9100B48
:100340000102020FFB01E9DF041F2BD6F80117F8A9
:10035000FAFBFC0FFDF702F006F1FC0AF8EA23EDC8
:10036000F205F009D304FDFEFCF7010AFFF116E1E6
:10037000030503120E090EDBE4F4B715F6F6E802E6
:10038000FE0DF802FDF5090214FB0000EC1108F562
:10039000F7E0D2E9E3F9FB06F00301EF03F5FAF425
:1003A00007F60E0FF90A0A0BFFF612EC1CF7FBF327
:1003B000FE0404E301080507FC0402F2F3FAF80462
:1003C00005DCF3180919E701FE0DFEF6030B06160E
:1003D0000E04FEFFE8F8F90BEE19E60D0C280004F8
:1003E000F907FD0006E6070502FB0507E9FAD7F362
:1003F000EC37FCEFEDAC1A10FFFFFC0A08EE03F837
:10040000FEEFFE10ECF8FD16050FE0EDEBE0FFFA55
:10041000F5FDFDFD03FA06EC0104F11C09EF06E70A
:10042000F00FE30CEAE4F208100804F904DD08F127
:100430000C06FA1BF505F6FBE7F70102120B05E8BF
:10044000FD02FEF50324043608041803010CF4FA37
:1004500011DEEEF6011D030203F403F2021A0B1D76
:1004600003FF10FAFAEA21F01EE3F0FDFFF314EEA9
:1004700001FFFCF6F7E903F7090D02E401FC0114A2
:10048000FE1205FEF8F5F2FBF10D030FFC15FD0F52
:1004900008000AF6EEFAEDDF03F51AEFEDFC0DF5B4
:1004A000F700FE080808FAF6E9F7F8FAF707E7E8B0
:1004B00003F9F5FAF0ED0BFBFDEC09FA03F5FFEF9C
:1004C000E700F4FDF5FFF5C802DCED070A0E0000B9
:1004D00000FFFCFCF8F21002FE0803F21009FB0E0C
:1004E0000216F9FD2010FFFDF5FEF7FC02F50111E3
:1004F000200E0AF705EBEB07FAFE2EE207060F01C6
:100500000004F801FCEB0B1A0F08FFF90C0A10E9C4
:1005100007F0DEF9F0F8F2FC04FB070E04EFF1FF40
:10052000FD01F6F207F8260405FEDDDCFBD801FE2E
:10053000FBFBFAF008F000E3F5FBF4DEF7FDE4FA6C
:10054000F3F408F5F8F11104FB0100F4F7EAF9F906
:10055000ECF904EB0AF00C1FFFFEE606DDDD09F501
:1005600004FDFE031015F2FEEE0900E30003081D72
:10057000F7F7D9FDF407EC0AFDF505FEFCF50216C8
:10058000FEFA070115FF08FEE0F70F17FD05FA0157
:10059000FDF106F0F6EFFB06F1FBFAFDEA01FA09C0
:1005A000F807FF0B03160D020803F5F00417F6F623
:1005B000FDFBF6FCF206FF0702E7EE13FF0FF2F673
:1005C000FEF1FA0108FF0BDAEFFAF40D0D04060F45
:1005D00001ED0AF6F2F9FEF903F50603FDFAFCEC6B
:1005E0000AFBFC0CFD031D120211F930F709FC0691
:1005F000EB0202F7F902F100F806F90105080CE632
:10060000F2F8F100090109FCFCF303F1FC0DF4F828
:10061000F105FD03180AFBEDF9F308FAF6EAFC060A
:1006200002EF05F8000B0006F6FD01F9FBFEF203F0
:1006300007ECFA0BEFFAF50200F8FF010C12F712C3
:10064000FA08070403F805F4D0EFFC18F1F6F402F9
:10065000F901EFF1FC05F8FB0C01010B080CF8F7B0
:10066000F7091403DC100303FEF4F803F316F4F3A4
:10067000EC05FEFD18FDF7F91FF83801EBFDE8F673
:10068000FF04F4F9F4E000E9100800F40708FCF8AE
:1006900004F13F2402F7F2FAF502F6EEFEF505F753
:1006A000FBFA0403EDF702FAEAF91C0FFB0207FA62
:1006B000F2FFFB0701F3F90A06F5FE010502EF025E
:1006C0001BFA2707FD0EF501FAF6FEFFFB020136C5
:1006D00013F8070B0BFB00160B110804EB02F606D0
:1006E00003FB081F00FC00F215F500FC14030512C3
:1006F000101609F10CE604F70103070503F308EFF0
:1007000002F60AF30305FB05E8EEE5FA14E8FEFD40
:10071000F8FD060800FEEA06F4FEFA0EF6F101EE18
:10072000F7B7250314D7030700F804EA0203E2F839
:10073000F7FEFE0AFF0213FEF8D0CE23081DF904CF
:1007400006F50005030A0BF3FB050A04110A200451
:100750000D02FB1B09280800FCFBFAFBFFF603FD5A
:10076000F60805F2050BF4261204FE11F90B01F54B
:1007700002E600E4FFFEF302E4100002EEF4F6DC11
:10078000F9CE0B1125F7FAFDFFF7FE0A0424FB153D
:10079000E9F6F4F4FE0507FFEBE2F41A12F10701A3
:1007A00005FEF8FEFDF1F5F00300FC03050AF9FD76
:1007B000FF040A0315F91306F9FA0CF200F106F426
:1007C000F60DFEFE02F9FE000F0108F8F9FBFF012D
:1007D000FCF001DC080103F5F8F7FD06F9FD042241
:1007E000F4D80B01FA11ED070A1000FD0404FD0115
:1007F000F80703F9FB0C1305F1FA00161103FCF8D6
:10080000FD00F4EEFB18F8F10D0706050701F5F4FD
:10081000F6F90116DF07060305090B05010AFD0BB2
:1008200009FFEF03FCF7F3F3E8F21506FAFAFD030C
:100830000E0503F80816F005F9FFFC02F2FD02FAB6
:10084000FFE7E60C0B37EF070406F2F7FE0B0B2D64
:100850001E03F407F9EDEFEBE70AED0B1B47F0EE93
:100860000211FBFAFA050E1010040D14F6FBC9FB79
:10087000DF1908FD10EE2AF70B0AFAF6F8E4FAE0A1
:1008800002010211F4EFDBF907FF00FDE6BA0209ED
:100890000101FD080904FEE50101F60306F202D696
:1008A000010DE2FF0BE5E600FE13F3F809F60CEF8D
:1008B00017FCFF03120D02FCD4FDF4FD08F1F60550
:1008C0000107F415FD02F70B0D08070AFE02FAF204
:1008D000FAF3F9F7EC3E110503FAFE00FFF804FC09
:1008E00006FA0BF10204191A0EF3FDF406E9050DE0
:1008F000F60A05FA08EC060EFCFCF5E50BF3F71416
:10090000ED16EDFC0905FBFF05FE07FB00FEF810E8
:10091000F60B04E8F5020C050BD7FEF2EB00F00332
:10092000FC09030CFF18FC08F8FDFDFFFF03E600BF
:1009300000E5DEF32204040E0AFBFBFDFBFE00E7EC
:10094000E9FD00FF010412E614E0F018F60BF6FBD7
:10095000040700FCFE12FD0403EF12F7F1FFE1FEB5
:10096000EFE40A03E404F5FF0AFB00EEFD07EFFAEB
:10097000F3FD0401EDFF19E6EDEFFFFBE700F409DD
:1009800004060416FA00F8F9FAE9F7040E0510E275
:10099000D4DFE10CE0EDEC00F6F3FC28F1FC06F806
:1009A000FCFFF9EF0CFCFFF0E2FECC091AF60001A7
:1009B000050AFFFB09F107F6EC04F8EAFE04140D42
:1009C000FED6D209FAFDF5090EFA0014030CFC0359
:1009D0000A0F09F7020605F8E6E3CE0F224108FDEB
:1009E00000F405F4060402070409FAF90211FE10E6
:1009F00006E8100108F01601FCFF010E07FF0902CE
:100A00000CFD0AF1F5110508FB080106ED0B1100BC
:100A10000800FF02F707F5E100F7F00E01FFF8020A
:100A2000FCF8DA05F8ECF0FAFDFA001DF4EBFAEE4A
:100A30000613FDF80601F005041BEDFF00C806FED5
:100A40000D0DFEEFF01505FAEE00FBF61105FDFDAC
:100A50001DE5F4EB2F080603F2000BFBFC0F0C0462
:100A600007FC07FCFCFB17F1F7EF0C1AFD05F80A71
:100A700009FEF9FDFFF6F61A26FF0BE9F5F2F5EB94
:100A8000FD03F70C03EFE3F103FE0D12150E04074F
:100A900012EE01FB010E1501F9182C01E607F7F81B
:100AA0000C03F402FE04F107F0000119FF0EFCEC48
:100AB0000FDBEEEDFA0AF7FD05FD09FC0500F70571
:100AC000F7FFFC03000C12EFE8081B3EE80508FDE9
:100AD000F5F7F8FA091203F7F40405FEFD05FCF337
:100AE000FAE7F1F8F5F4FE0313EEF9FEFF0EFBE36F
:100AF000F1040302130F24E9F3EEEFFAE803050E05
:100B0000FBF5FE10FFF3F6EAFA0605FA0E02F7F916
:100B1000EBFC0007FAEDFDFF0203FFF105FA05EE1D
:100B20000508F80C0A000CF5EE010325EAF005FAB9
:100B3000FF00030E01F4FEEB1004F6FFFA070BE7CB
:100B4000011DE3F1EEFA0401EEFF030006F00620BA
:100B500015FBF2EE0B06ED010B22F8F8224D07090A
:100B6000F5F90500FC07FDF5F6FEF8F707FC19E8B6
:100B7000131801020C61FB1005FDFBFA0B31FA079B
:100B8000FD05FB080C0915DBF7FDEFF80A1A10FD4F
:100B900000020915FAFDFDFC0CFCFCFD11042010FF
:100BA000011507FF00180905FE0105F9FCF605F916
:100BB000F20F0E00010909F607D5F2E5EDF5F6FA98
:100BC000FCF90C06FF15FEE7FFFDF50C12F10DFB1D
:100BD000DD03FB2204F500F9F60205F501F403F349
:100BE000EC09E600FC05F1ECD6F613F909FFFBFF72
:100BF00008FBFE0AF704FEE8E8FFF60BF6000FFE1E
:100C0000F9EE17F40CF3160106EE04F4F502FBF608
:100C1000F4FC01FA0F011BE900F5BE0F17FB0508F4
:100C20000902FCF1F6EF000D0BFF02DF16FF0806CC
:100C30001116F1FDFE0BF506F80802F802EBFA12A8
:100C40000F0103030500E4101A2909FB130507FA35
:100C5000FB0000F4F704F9FB17F9FCFFF903FE10A1
:100C6000F0D3EBEFE3F3FCFEFCFBF3F700F70FE44C
:100C70000700F602F10401F0F208BC21E603E903E3
:100C8000F906FDFE0BF1F6E01EFEF9FFF1F9FB039C
:100C9000E5EBFA07FDFDEC02F4F204F0FDF0F5E7F8
:100CA0000BFBFD19FDF4EAF7F5F6120D1819F1F337
:100CB000FEFA0013FCF301180D040C0AF5F2EAED3C
:100CC00011F652F0F4FBE7FA03FC0607F7E9FC2300
:100CD000FBF1FFF1FDFAFAFB041919FD1003F9010C
:100CE0000CF700220801F8030BF302FA0CFE1709B7
:100CF000111FE600F2E7F401F3FA0AF7F9F9F5E952
:100D0000FE0602ED030C1AF20202C3F8FFE4FCF443
:100D1000FDF505F101FFF414FEFF0005EBF4FBFA0D
:100D2000F6C217F9FE0F000401F102FE070AF90BE3
:100D3000EA05F608ED01F70DF2F8EC2204FEFA02DE
:100D400007F900040400F503F203FAF40C07F9FCB8
:100D500009F9F611F1F2FEFB01F402EA04F90609C1
:100D6000F806F5E605FE0F15FCEBFC0FFD01F7FCA0
:100D7000FFFD01D2FDF7F7F5F3FEFF0705F3F2FCE7
:100D8000ECE914010C09100BF1FC0F070002F8F557
:100D9000F9F7F50F05F7FCFAF2060C1015F912F346
:100DA000050301030212FCF200F7F00E0C03E4FD50
:100DB000F90BFC13160F0801FC0504EFF8F8F70611
:100DC000FF0DEAF701F20211FFFE061C110D08FEED
:100DD000FEEEF7DD07010AF7FEFDF71BF4F6021B36
:100DE00003EC0AFDF50AF9050904FE100212FD14D0
:100DF000FD07020AFF080B2C0502F905FE0BF6FDA4
:100E0000FB09F7F001070A020BFE00FC1301EF05D6
:100E1000090B0E0B1604FDF9FC050700FC02FCF89B
:100E200008FCF70CFBEF04F1FC0C1907F403FF08B6
:100E3000FE020AF0041A0CEDFD06FAE906FD06159D
:100E400002F8EDFCD51009FE12F6050EFD0E020D9E
:100E5000FDFEFCFF07FBFDF8F803F61321F300F895
:100E6000F7FF04F2020AF902F2FEE40E060AF9F4B0
:100E7000E40AF4070F0EF9FFF603080601F600F482
:100E800002F5F5FB07FC0311F4160901F5F3F50172
:100E9000F1EF0601FB0403F5F705FD0A090B00EF6E
:100EA00005E4DF18EDDDFC05040AFEF9F802EDFCAF
:100EB000FB09F60C070508F401F306F9FF09FCFB32
:100EC0000A0301F400F803EF0E0E09FB0208FE0509
:100ED000F3F50A0D071108050EFD0219FCFDF900D6
:100EE0000405F808F00FF90C0016EBFF0BFAFAFCFA
:100EF00012EE000901FB07FDFA05FFF91F12F2D9F6
:100F0000061EDFFAF5F5FA0CFAEB09F9F3FC03F427
:100F1000FFFBF4EFFEF303F70AEFFAF8270FFE03E7
:100F200002F2F2ED15FE010D020206F7EFFBF311DE
:100F3000EBFA09FD2502FF09170A0207FF1B091139
:100F400002FB01F0F3FDF503F5F3F7FF09F902F9F0
:100F5000FFF7071B0AECF20E070CFFF60EFEF7FC7C
:100F60000B0F0B000702010804FE0AF9F0EDFA0965
:100F70000311040609FDFF07011711E8120F040908
:100F80000A00FEF7F503FA0AFEFDF10B0FED02FD74
:100F9000050718FCF4080AFDF50902F7FD08081713
:100FA000F904F7FD0FF5F9FC09F20B05F1F704FD63
:100FB000020000F6FC0E000AF90900FFFFFA02F732
:100FC00003FD0203130002FB0206070100FC0209F5
:100FD00012F801FCF7F7F8FB00FF02F913FAFAF92F
:100FE000020700F3F5FD03FFF7FE0503F90801050D
:100FF0000707F9FCFDFD09FBFF02FF07030402FBE5
:10100000FE00FDF90500060606FFF300FC010105E0
:101010000AF3FDFB06FEF5FC0705FB08080007FDCB
:1010200003FDF80A11F7F9FCFB0BFD0A01FAFE02B9
:1010300009FEFE01030407FAFC01FC04FF1B00FC8F
:10104000FF0901F80205000B08FF070505FFF7F986
:101050000305FB02000AFBF80300FE02F901FD0490
:1010600004F9FAFDF5FA06F011F2FE08FFFE0A0097
:1010700007FB03EBFDFB0602FD07FFF8F9FCF9FC9B
:10108000FBFAF906F4FD0303020204030BFF0A0A4C
:10109000F702FB0401FAF7F0FB080BFA0CFDF4F47D
:1010A000FCFDF7FF02F0F9FA0205F9FFFBFBFDF585
:1010B0000403FCFBF9FDFAFCFD0607FE01F0FDFE52
:1010C000F90CFE0C04FDFEFCF701F9FC1D0DEFFB15
:1010D000000104FAFF0006F5110006F610FDFAFC07
:1010E000FA0C06030FFC01FD040401F909EC07FEEC
:1010F0000AFBF7FEFCFDEEFC05F90CFD0403FCF514
:10110000FE0302FFF703F2FE050004FBFF03FA03F0
:101110000504F6F911FB0702FB0104F6FDFAFDFFD9
:101120000507FDF9FEFE080108FFED002108F9079B
:10113000FFFBFD01FC070612F2FBFC1A03FAE319A0
:10114000FEFB290B1D0A06FA0005FC00090300FF3F
:10115000FC020102EE04F9FDF3FB03FAF7EB0E06C5
:1011600008FD0112FDE906F106010DF0F7F6F500A4
:101170000E13E3F2F8D10602F8FC00FD04FEFEFCBB
:10118000F7F8F7FC010E200333FBB7E2FD1EF80170
:10119000030307FB040500FC0AF3F61B04F7FCF647
:1011A000F605F5FE041FEC05FF07F810FB11FF0222
:1011B00009FAF716F7F1F2F0EA0BD402040112F380
:1011C000011105FDFB21030F05F101ECFC0A07EEFF
:1011D000081ADC0C26FA0B06F8FDF8F5FC1EFF15C4
:1011E000F50904F1080EF9ED12F4F10301F701F528
:1011F00001FF08EE030A06F606040A02F800FD1BCA
:10120000FA0EFBF93007FA020509F408021F05FA85
:1012100010F901080F06FEF8F507F407140202089A
:10122000FEF9FEFC090FFEF907FEFFE9F512EFFCDF
:10123000F81E15FFF800FF08060206031000FBFC6D
:10124000F2FEFBF9EFF9F2FC0409E2DF0516060CE9
:1012500004F10203040403E9ED08F602120211F09E
:101260000FFADB010C02000B030D03FD03F80CFA6F
:1012700008F508F208FBEEE501F2F2FA110118F5A3
:10128000FE1707FDFB06FE2C0D0004F6FDF8F7F037
:1012900006FBE5E102FF0804FEF8FC00FE22FD1457
:1012A000F60A0A0AF002F60D0C00DFFAE41009F55E
:1012B000FC05FFF1FF0EFEF10206FB0AFF042A0AFD
:1012C00000F7C2082000EF0FED1103E303F702E679
:1012D0000602051EF80AD826EF15EEFF141108F5D0
:1012E000F20B05FE0FEAF407F6FEFE08F7F1DB1D30
:1012F000F811160AF3270AF0F009F60100E00211CE
:10130000FE05F9FDE1F0D30AF10D1AFEF2E50D0735
:10131000FE0BFCFC07FC0804040306EFF2031704B1
:10132000FA24D709DABFECF6FB0FF4F503EA0EFF57
:1013300005FF0603FFF3FFED101814EEEDDEE4FEEB
:10134000FBFCF31AFFCBFAEF0DFF0C3AF4EB0F0B9B
:1013500000F10BF8C1E8F406FB07022A04D403D815
:101360000DFA101C030B01160A0144FBFCEDF30DF2
:101370000105070200F80714120708EE040ED6F55F
:1013800002FB1B02F0F11D00FB0208EC07E2F80E65
:10139000EEFA0BFFEBEEFCF80B0B10F016DD1C0267
:1013A00015F2010308EFFEFAE00604FEFFFF160740
:1013B000FCE7F7FFEFFAFA02FCF20E03EBFF0DF485
:1013C000EBF40AD81923171507D8EC19FEDDECFF4A
:1013D000FD08110810DCF5081300FE1EF9F5E111F7
:1013E000FEFE200F0802040406F6FCE009F204EEFB
:1013F000EF070616050A011207F60600FD000304B2
:10140000040405E5F50EF5D501F2040AFE01FB1B07
:10141000F8DFFC0EEE03FBF702F7ECFA02F306F935
:10142000F0FC08032606F70604EC14133243EAEF37
:10143000FC0704F4FA000021FC01FC0DF900D71BA5
:10144000010541EDFD09FB02030EFB18FFE0FE075D
:10145000FCF20A09EAFBEF080D28E6EEE7EA0600CF
:10146000FEFF090008D916F310020B0EF4F5000771
:10147000181FDCF001DD0007FCF5022A06F70FFB60
:1014800004FB0E11FF0F181C2A0CB5EB121CF7F60B
:1014900000000DF0FDF6F90607F9F91D00E8041348
:1014A000F3E6D900052BFCFDFD02001AFA10FE013F
:1014B00011070017F5F3DDE8F321F507020515F430
:1014C00008F7FD06FF0307FE01FCFCE402130F17FB
:1014D0000A0316EFFFD802070EEBFD04F81BFF15F9
:1014E00002FC04D0FD0418FB19DDDE0FF5010D062A
:1014F000FD0402F6F71B04EFE4070015FC070AE8F9
:1015000003E1CF0A36F9E504FD01FEFC040408EE10
:1015100012FDFE12320ADFE801FF160B15F4060376
:101520000106FFFC0231070706FFF9FAFFFFEEFF95
:10153000EE0026FD0F15E7080000050A0718FD0953
:101540000BF9FEF10C13FCF3D90006FEF6F70005CB
:10155000F8070503071004FCEF0BFDF21F0504EE6E
:101560000F0AE2F3F6F608FF030805F2F8D50D08B6
:101570000F0502060FFBE40B140520EE0B140DF211
:10158000080700D9F20B04F300FB0A060EF6E91E69
:1015900024FD2BE3400F07F0F807EFF9FE21FC12C2
:1015A00009FFFB02FEF8ED0AF0F21FFF15F3FBF452
:1015B000FEF7FBE801D0F9E90BFF01F6F80FFADBC3
:1015C00002EC17F737FE070DFCF5FEFDF1FAFE15EC
:1015D00019FEFAEBFD000CE108DB14FFF2E100015B
:1015E00005F900F6F80FF014FEF204D50A08FCFD28
:1015F00009F40C04F418F6FCFE0405DE041B011CBF
:10160000F30DF9E3FCF1FCD3DFF1112EEDEE14F252
:1016100002FC0500FC00031FF4060900EBF3FEDEEC
:1016200006DB11F7082CF804FDFBFE250314040269
:10163000DE0AF8F701F52706F2E5F8230119DE04C2
:10164000F9FCFA0EFC06F0FF06F5FF022EFEE3FBA6
:10165000112A0702E4DB050105F7F9E104D80FF4CC
:10166000F9FDEA06F4F6CA0EEA0B03FBF0FC0DF9ED
:1016700000FDFCED08D5FF02F9FAFEFBFCFDF624A7
:10168000140133FAECE0FA060003FE1401F6F61634
:101690000BFDFDF7E5F51016FB0500F505F903FA5E
:1016A000F608071DF6C0FAF608F70B12FF0911E657
:1016B00007161103F6E8F61600F40CFA07E4FEFB31
:1016C00006F80B0F0005F9291109DC144FFE05FC83
:1016D000F90200F6FDD6040112F4FE12FDEFF23419
:1016E000ED1129F925090AFE0AFE00E60D1604137C
:1016F000FD01040CFAF4FA2CF5F421F5060318F3B5
:10170000F9EB08F8EC12FE16F10C10FE07F7091FB2
:1017100013011926ED030EEB04FEF4F3FE19FD038D
:10172000E702FEE6FCFA00FF1EEFEDF203FBF9FF15
:10173000100A08EAFAF20809F307FD0303F8EDDFDF
:10174000FFFDFAFE430FEE080504F719FFECF61E45
:1017500006FDF8F8EDFB00CFFBD514EEEFFFF90B1B
:101760000D01F9F7F312FA230EF7FAEFFBF9F8F48B
:10177000FF041006F4D7FDF3FE06FBE4FDFDFB05B8
:10178000F201F70DFAE60EDDE301192AE8BC02FCCE
:10179000FE12062406E6F4F80810081FF3E8DFD46A
:1017A000E9070AFAE6D0E008010D043AFAFD0B0E4B
:1017B000EC11010CFAFF13F3F1E5F9F7FB1DE2114F
:1017C00001130B1BFE0F000D03F4FEFB1D12CDFDDC
:1017D0000A04E3E50902F40FF001FBDF04F4F81456
:1017E000010FEE03F5F4E0E6FEEB221811FB040412
:1017F000F9FE04E203DCF82510080BDBF202EC3002
:10180000090444E5DCD2FEF71104F309FEF5071CD8
:101810000F0400F2EAF4FAF2F60D23F7EAE40C0EF4
:101820000906F31405D7FDF704E701F5F10E0D00E5
:10183000F70D0BF7E6E4E707F9FE08F50AC2F3F542
:10184000FA00FEFC09131328EB1BF8174901FF09E6
:10185000F108FCD90DC8F7092206ED1E1BEFF33D78
:10186000053210EE320A1AFC0A0AF7E61101FC02F0
:10187000F7FD0DFDF5FF013BEDE81604070D16031E
:10188000050300F2EFF9F91CE90015EFF601200E4F
:101890002A101520D30F02060802FAED01F9FD21E6
:1018A000F70104F609FA25FA27030C03EAEF02060A
:1018B00000F7FEEE060AFFF80602FD03FE0A11F528
:1018C000FBF6EF050F0303FD0BFEEB02FBF902FF36
:1018D000F9F7FF100205FEE4DF01ED09D6F50D0072
:1018E000F1020407FBFA02E4DDFFFBFFFA0A0D0632
:1018F00011D0FA02F4B6FB0600040C0400F80EFE48
:101900000A02FF0B01FA11DF11DCE5F20AD7FB0234
:10191000110DF3FB00F40109080202F605F70408B3
:101920000520E8FEF5F709020908001C0503F31F6E
:1019300013FC00EEEC00F30FF40E0AFCF7F00906BE
:101940000504FCFA080C0CFCF6F0FCE1FB030404B3
:10195000FCD3FFEFE30BEF0409F5F6F2FB0BFCF30E
:10196000FFF7F0E90F0015FCEEEE002F010CF80276
:1019700000FC05F2FA00FF01F800FD03F2FA081975
:10198000F9F32508F10818FF06FFFEFAFB1BFFF824
:10199000FA02020FF002181505DC01081C00F3FC26
:1019A000FBF703FCFA29FC0ADE09FD000A21ECF032
:1019B00016DBFB0317E8F8F5FE1506F00303FB053D
:1019C000EF17F3EE0AFA0102DFE2141B081301FF1E
:1019D000F90303EAFE28FF0FFD01F90A07FC06F1EF
:1019E0000AEEF60D06FC030605FDFF07F507F5F800
:1019F000EDF9F8F2100220F6E715DE0C1601F5F805
:101A00000001091E03EA06F70504F0F0180609F8BC
:101A1000F853EE0A3D2A100D0611FFF7FEF70513E5
:101A20000906EBFE0807E4243F1FFDC4EDD2FCFDD0
:101A30000503F8FE08FAF6F3FBFF050001F51B03AA
:101A4000EED507FDC6E71F080CEE020001070DF8F2
:101A5000D918FCED0205F6110CE6F406F5ED0407C5
:101A6000FBFEFC20F0FB100AEBFBFE13080A210A28
:101A700005EEF3EFD6BEE0F6FEFAFC0DF800F7EA4D
:101A8000020406F4041E07EC00D6F5E8F740000A4D
:101A90002109FDFCFE27FB08F50E00FE0700F92AD0
:101AA000F5E5011506FA1AF303F3F8EA0AFE00F762
:101AB000FA04F6F9FB01E51B1DFB02FDF2D125FB43
:101AC00002F308FAF7E206E9E50B07FAFDFC21FC50
:101AD0000BE8DFFAD1C1F10812F80809F91A03FB83
:101AE000FBFFF9F22F11FDF921E1DDF0F700ECFB2E
:101AF000FE0A05FF10100DF710F00510E1FDFD1DA9
:101B0000EE07FC02000A0F04FE0CF8FCF5E4190CC9
:101B100019F3F01CFCF9DAEC0B3216FFDE060E07A7
:101B200002F801FCFF15FB07EE050A05ECEF1E238A
:101B3000FF17E9F9011AE7FEFBFE0316F207F9FDAC
:101B40000601EEFC0BEF0DD0FE1B19F8DFF1E308E8
:101B5000F70E051C001BF8FCF60D170704F108DD55
:101B60000AF00AF1D808FBFF000402EDFF0CF3E6CF
:101B7000DBFC11F4F30EFFF811E41209FE0003F789
:101B800000F5F50B030D0FFE0302000106FB09E74C
:101B9000FD09D902EDF7ECFC050AFD3B0BE00DF564
:101BA000010E10050BFC0FF3FA2CFD10DEDAF70422
:101BB00005F40609F710FEFEE703FAF7EBEC0E0159
:101BC000EFD7CB1CE7D9F2F5000AF9EC04F80DF6D3
:101BD000E90CF8F608040FF3F4D7C0131B19FAF94F
:101BE0000BFC04F7F6FD0EF9FC170BEF060B1311B7
:101BF0001202FE110FDD1F1402090EF2080302F596
:101C00000FFF11F6FB13F7F6FC11EEECFAF5FC09E9
:101C1000FE0C010F070807E10C02F90D05F6EE07AF
:101C2000031FCA09DAE0FA0DFE0D150C01F0FFE5FD
:101C3000130B010BFB00F604F01CE10AFFDB0FF7AE
:101C4000080002EDF42A1008F306FCFB080605F76D
:101C500025EBEBEF121CF8F0F907FBD9FD1B08266A
:101C6000FF0B0DF3F4F31AE826DD06FCFA0B0AF27B
:101C70000503FB040B0E13FD0C0907F8EBF10C1523
:101C8000FD130809D50EE3FEFF050822F313FE1429
:101C90001B0400E2F106E6F2F20DFEFBF9F1E9FCAD
:101CA000020B0A20060E08F4DEEF0A02F90EE8E83D
:101CB0000BFAFDE800EEF6FA0505FEECFBFC06F07B
:101CC000070003FCF5F701D7FBFDFA19CC05F80274
:101CD000F60E0400F31C07F2F6030FF8FD0D16D7FD
:101CE000F004CD0707E0FB0104F8F907FEE008E483
:101CF000FEFD00F50D0A26D0C9EBDC06F4FEF3006C
:101D0000F511FD3105CB0307F2F710F701220FE6BD
:101D1000F9F6E6F7DAEB02030900FEEEFEF201E661
:101D20000EF6040A090105F706E5F6FD08E5F9F7E0
:101D3000FFF305EFFF25FA13F30701E90BFB00EFB3
:101D4000F4E9E1062011EA10F705FEE5F7190B1B8F
:101D5000F906F8E80EFE03FEF5FCFC13282706FD45
:101D6000FE07FED8F515FF28000BF6FB00F9ECF195
:101D7000C3061713032213FB010605F608F7FF1924
:101D8000FDFF0101EDF8D501E2095507F9ECF2FD7F
:101D9000FD0402FB06FE06E602FEFF0CFEFAFCDF77
:101DA000F611D7FE073000F7FB0503EDFCF5020244
:101DB000FA0303050311F9F0F8FFF9F7081300031C
:101DC000FBFEF5E0FEE902100C0BF32B0100DC0337
:101DD000F8FA050A06081608F6F708FB02DA03ED1A
:101DE0000B07F826FEF3E8200BFC38F900F6F603A3
:101DF0000A06F916FFF707F71FFEFAEFF6F809F8DB
:101E0000FC23EDF7E516EC0DF90804F80602F40BD7
:101E1000000E00F8EEFB06F0FE08EAEAEE0DEE0713
:101E2000FBFEFFFD06120A0A1AFCFE0DFBFFE6038D
:101E30000E04FDF908FA040CFDFDFB0BF8E0FAE2D4
:101E4000F2F8F9FA0502030D0CFBF1F6F908FD08AA
:101E50000EF5060D050BFDF121010D0B00FDFAFC41
:101E6000F40CF100F1F3FDF5070303050913FB0979
:101E7000F4FD0FF50305E7F3F5FDF2E208F3EF05D6
:101E8000EDFFF511F0EF010504030007EA0000FA89
:101E900011F4F201F2FAFD05FFFBF60FFBF1F40A73
:101EA000F102F6FCFFF91C0B0C03D4FCEB0B010A4E
:101EB000F613FD01F5F001E8090002FA0E00FEFF3D
:101EC0000F0EFEF7FB0EF7F80104FEEFFCE8060A22
:101ED0000C030801F2ECD614011D1C093B4101035F
:101EE000F40E04F8FCF5F7181BFE0B09F4FBEAFFEF
:101EF000FA260BFC07141D000712F3F010F3F6EEA0
:101F000006070106F2FBF7051110F5F3010FFBFAC6
:101F100000F906FFFAF4F7180EF9040A040D16F09A
:101F2000030125F0EAF006FBFDF9F5ECF9E304FF07
:101F3000100A061204FF1601D5F80EFEF91BEC0577
:101F400002F80918FA0BFF00060F041800FB03ED56
:101F5000DD0D041EF02EEE1101FEFEF60AE607E688
:101F600004FA000109FFFC1A02FCF3F3F504F6FF82
:101F700001FEF3F5FC04F0060DF70206FBF9F9FE8D
:101F8000F709170D020408FEFDFAFDFB02F1EC1340
:101F9000ECF70FFCFBFA0F0814EEF705FCE5FA036B
:101FA0000F02FA0000020304F9FDFDFE0901070219
:101FB000F6ED02F802FDF30101FBFBFA0A0406F15B
:101FC00000EEFF030BF4060419E7F30ADEF6F8FE51
:101FD00005FD05D402FEF2F3F3F6010AE5FBF50573
:101FE000E9C806F8BCF4FBFCF6F002EB01FFF6D6FC
:101FF000FEF4FB11000210E6D6CCE10FECF2DE0D90
:10200000F4EF0A02000003E00AFAF6FDF7FC09EC1F
:10201000B9E4E408EAF8EEFE040400F702FBE9E69E
:1020200003FCFA040FF8FBEDC9F0F91F132A05FCB5
:10203000000B060D05F609FD19FD000802FD04015F
:10204000041CFFFC01F403FA0803F20307FEFA0C78
:1020500007FDFF040D06082700250D021B020200E4
:10206000F0FF0C06F8FE01FAFDF202F80809100C68
:10207000131803F8142B040504FF0BF90B0606ECE8
:10208000EB0706F6110D0610F8F8FAF904EA0E0A45
:10209000F8F5F611FFF1FF0B0DFCFFF9F7F827F843
:1020A000FE0807FA0044EF1705F40DFD05070307C6
:1020B0001D01FC03FC080CFD05F0FB06F32CFCFFE6
:1020C000FB010B17FDF90EF30FF6020C04FA11FEDB
:1020D000EB1AED2CFE0EF8FFF4020DFFF5F70502EA
:1020E000FE01F91F0501DFFADC065219FF0A02F9A9
:1020F00004FA0503F80EFAF1F901040B070A0DFAC8
:10210000FDEE0800DAF70406FF00FCFB0AEA04F71C
:10211000F4EFF7EFF7FA13F704F7CE17F80301FE21
:10212000FCFF00FDFD00FEF6FFF10AE91402F90BC9
:1021300007FDE719FC00EFF9FD04FA04F8F001FED1
:1021400012FF06FA10FBF005081CF0EF02FBFFFD82
:10215000FF07FAF508F9120E0E0BFF06FBEE021848
:10216000F3E8F90DE00008FAFB0EFFF0FE0604ECC0
:1021700006FEF009F50BF9E9F8E9D614F6FCE905D5
:1021800008FE080402F1F8E01106F904EFFE04F479
:10219000E3ECF20CFDFDE2F3FEFB03EDF8E9FFEAF0
:1021A00017F3F91106F1F8FFDAF502FFE6EE0BF985
:1021B00007FBF909F7FCFEE80207FC0C05091FEA1A
:1021C000FE0EC200DC06EE00020511E001ED08FD86
:1021D00012FCEBFC0C04E4F31D07F3FDE93602F8F6
:1021E000060AF9F514F3FE0C03F107FEFCF4E2D83D
:1021F000E5E7351D0319E60006FBF7F0030307F2D8
:10220000F80C06F604EDE5CAEDD845FD07E8100820
:102210001005FE09F903010B00FCF2E3FC110BF9B8
:102220000A170BFDEEE1F5F2F10202FB06C406FE11
:102230001DF003F70802E8F3190B23ED0BFA06F77C
:10224000180403FE05C9F5E32B03F321010504156A
:102250000410FBE2EABF0209F3030A0EF7D112F3FE
:10226000EBFEFC0AF605E607F326EDFE0FFC07F48D
:1022700004FE01FE06FD0604060B0AFAEDFAFC0355
:10228000EEDB4DFFFD08010B0D0204E9F0DD00124D
:10229000ECF605F0EBF1EF21FC18F702FFEF1A0066
:1022A000FE0405F1F6D209E8021D16020AF71E1E09
:1022B000FEFEEE0FFE01FE08FA14050D10F8F8EE12
:1022C0002EFB0AEE18070022F3060FEBF2ECFAF8E9
:1022D000EE0413E500E5F309F7F4062BFAF9EB0039
:1022E000F8FC0E050918FE070A0EFBE103DCFF02ED
:1022F000FEF9FBF4F0F6F5FD19FAF00E150402E70D
:1023000003FE0FE6F41E02FBFD0D0905F204FF15A6
:102310000806F20D130E0102FF0A07E70CFBFDFA97
:10232000FBFE09F603FD151AF2EBE7D3240EFAFBC8
:1023300009FC08070208FCFA00EF0A0507FC1E0961
:10234000F107D304F114000803FD0205FF0F05D9BE
:102350000E01F417F9FB051B0108D202EE34ED055E
:10236000FA0D020708FBFF010F10FB0901FCE81A38
:10237000020102F1F053EEFA11FAFF150FF8FD0E0B
:102380001000051FFC02ECD3F11317EA19E4040650
:10239000F602F9F5F51005FCFA14FFE808FA1FF744
:1023A000F404EEFFF5E00C0300F9F7030405050261
:1023B000FB02FEF5F7F902030AF1E201EBC510F8A2
:1023C000F704FE1D0ADD07F319050013EEFA21EFED
:1023D000DFFD00FEEECEF60A0A09051EFFFDF6F847
:1023E000ECF70C080F260D06FF03F7FC0B02FAFDB5
:1023F000FCFB01E40613FE06ED02F8F70810030EDD
:1024000000F0F60008FA1B0B0D0E05F3FCE609F5CB
:10241000E8F8FDEDF3FFE9F301EDF3FD01E9070055
:10242000FAF408ED070C0BF9D9150DE10B1202EFC8
:1024300002DDF906DBF9F006FD10F60A081FFEFFC3
:102440000A010DE7070A0BF3E9E6F2FD18FDFA0BA6
:10245000FF0C0307FB0008FEF101FAFC150EF8FA69
:102460000209E10118FE100807FB01E7FB0AFC1254
:10247000FFFAECF10C01EC0139F506FEF90106F763
:10248000FEF811E5F509FCF5040609ED0103EA2360
:1024900022FA14061B0405FBFE01FEE2ED170702FB
:1024A000FB0507F30406E202FCF1060B10FCFB0936
:1024B00008F6FFEBF9FFF706F20FF0E2090A2B022C
:1024C000F8D7D50D14F803080D060F200510FBF002
:1024D000FCFD01F6FF0313F9FFFBE1FF03FB0F080F
:1024E00004FE000D0913FEEBE3EE030102110118D7
:1024F00010E4F9F8F0BBFAF600000DF7FEF909EC6C
:102500000EF108EEFB06FB0906E9F4F5FAE70BFD10
:10251000FDFFF406F4F6F8F418FBE9FC08FC07EC00
:10252000FCF9E115DFC9FAF507FFFE0D061BEF0206
:10253000030DEAF4030DF300F3E808F90AE90208D1
:10254000F7F8F02100F305EFF40AF7F0160412F2A1
:1025500004D4E4F9F5FEF6FDF5EF09F8FCF501EA1F
:10256000EFF703E00EFF17FD20E7E701F7FCFEF6AB
:10257000080C080FEDFFFD0AFEFEF5F2F4F509E583
:10258000FC10F812F1EC0613FB0A0BF707E7F10554
:10259000DB01FE0C1506DEF71A0A3DE80F02050600
:1025A000F6EE0413FEFDFAFCD3F8E7F2F6F910DFBD
:1025B0000FD1ECEB05F8EB07F8F700EA07FCF5FBA9
:1025C000F6FD02EB121119E716EC0243E0E7EB0906
:1025D000FEFF02F905F6FD04F70402EEF3FAFBF440
:1025E000F8F72C00E7E40005FAECF71205F5F5EA38
:1025F000F30304040A0216FEECEE160BFD02FB06C2
:1026000006EB0820FEDF06CFFB02FB0A150E0DFCD1
:10261000DB00D404D7FCEBF8F60AFF1303E503EE66
:102620000FFFF9EA100304FFF0FFF909D8C00D0805
:1026300007FEFF1100FBF6F310FFFFF4030533D68E
:10264000F401B1F5FE0DF6F804F312E50AFA05EF10
:102650002B0406FD0703E9D5FBFB07F2F036EFEA92
:10266000010B04E30A01030C05FAF5F2FCF9D1CDE4
:10267000D2FE2C0BF92EFEEBFA0100E903F105FE68
:10268000010301F9FAF8D1B7E8D2450E0EE00BF9D3
:10269000F9FFFE0D040EFE070D02F7EF04060BF224
:1026A000F9FDFB02EE12F5F6FF09F5F004E00A2051
:1026B000F7EC11F40305EDFE1D0114F70D26FDFFE7
:1026C000F10508FAFCD3F7F830F50301FBF9031321
:1026D000FA0C09F4F6CB1001110EFEF2FDD3FDE960
:1026E000F307E5050B05E70D0015EE0CFB020504ED
:1026F000F9F8FC020EE802FEFD0BFEF304F8EE080A
:10270000FAE531FBF1080801FFFF05F402DF0A03D7
:10271000FE010AF4E5EC0011F91201FB21020C0D97
:1027200002070CE5FBCAFBEDFBFAFB00FFFD180BF3
:10273000091DF020F1FBFD09F1EE01120CEAFDED9F
:102740001B010BEC0C05FD2DEB17F7FBFBEDF0F57A
:1027500008FE05FBFADFFFF2FCFD090CEDEBDBEFF9
:1027600000F11EFC2011EFE70B0B01E400D4EB1B82
:10277000F305FD0AE8060C09010D06F70EF80B0932
:10278000F9EE05EEFA200F0A110D0206FDF2F2171E
:10279000050C1500EE090A080CFAF40AF40D02FE05
:1027A00002FB060301FB191C040518DC14E60200F9
:1027B000FDFDFF21F9F0FFF9F5FEFF04EEFFFADF62
:1027C0000DF716E8F4F7FCFAFDFAF802FFEBFF2428
:1027D000FAFD02E5FDFFFAED15F6EFF917B1FC0A77
:1027E000000D01FDFEF60A0EFEFD01FC050206FAD3
:1027F000F8F70406F6CE1CF307FF02EE06F4FBFB27
:10280000FD090C0207F2EC03FEFF0CF2032502F6B1
:10281000FD00030F02DBF303F20AF2F7F4F3000901
:10282000F2CE1FEE24E8F30205FD0B07FD000507BD
:10283000F5FD01011005FA160A00F214182808FE29
:10284000010EF9EEF81B0811FF03EC0D01FBD9F1A5
:102850000C1A01090B2109FBFF0509DBFDF2000C35
:1028600008FDFB1CEEF3E014EE060FDFFD0CFD0F80
:10287000FA03F6FB01EF0BFFF5020401F2080D214C
:102880000CEDFB05041DF100FD110700011A020803
:102890000FF20513FD08EC07F805F3FAF710F6F947
:1028A000FB0C050704EB00F321000420F1EEEBE440
:1028B000F82C1803FB060C04F90E00F805F107EBE1
:1028C00011FDFB1DE7F20C0C0A0CF7F4F60AFE00F2
:1028D000FD0108150A03FDF802FAF507F4FEF714E6
:1028E0000A0406FD25F8F8FEFE0FFA14FA0CF91496
:1028F00006F304E7FEF5D7140D1915FB0FF909F6D9
:10290000F90106F30A0103230C020CFFF7F3040993
:1029100023FE14FE0BF904F90101FDFB0122FB0A61
:10292000FE07FF01F3021B1012FBE40614EE060083
:10293000FB0505F5F316FBEDFAFF080908FD140782
:10294000F3FDF81D0D0F0607FDF5FB07052701FD3B
:1029500006030205FE0A1810E30EE10DE8D5FD0698
:102960000404FF00FFF311FFFF000014070BEEFE4D
:102970000F0DF3080717FB0502FCFB1A000106F810
:10298000FF01F8F90800030F1616E711FC06040012
:10299000FEFD0404010D0AEE010105080BFAFD0419
:1029A000F70CFBFE0902F1FF04FEF4F6FC0A07FE39
:1029B0001003F80605FD0403F0F9E60108BC16FB58
:1029C000FB1302E907F801F9020204F7EF0002EC39
:1029D000FAED01F5F7F7100004FB04000E170112E1
:1029E000FE0903EEF80D1112EAEEE6FF06080204F6
:1029F000060006EF042104EFF90BFBF6F00923EEC5
:102A0000F5E7C0152A1CE200010407FBFE01020ADB
:102A1000FB0706FC0719F3FF06E7020CF710F9FEA7
:102A20000A0E02FA070F0BFB020903FCF2FB00057A
:102A30000907230FFFFFFAFF0108FC070306FDFE4D
:102A40000A00FC07060C0EF0FC040C11FBEF04F965
:102A5000F304FC09021CEED6DA0CFCF5180D1FD5A8
:102A600007F2B80D21E70105080A04FAFCF3010892
:102A7000FAFDF6EE29FFF4E306E6F6F0060611FE8F
:102A8000060502DBFFE70D170610FB09F504F90F39
:102A900020EFFDE004031A040612010B06F90300FF
:102AA000050600F9F803F81BF8F91817EEEB0CF11E
:102AB0000809FE0A0D1502F9080712E8F514FEF8D8
:102AC00004FC2A0509F310F1F6EE10F0FB1CE5DD1D
:102AD0000606FCD30E021B0C1D1B1E1A15BBFF0E97
:102AE00004E30FF2FAFEFCE2E0FAF3DF1B0F260329
:102AF0000809FC1EE7FAF81304FA1319F70C01E9A8
:102B0000EFF9F8E41A16FD3CECE3FF0E15F409F8B2
:102B1000F9F0FFECF816090EF405FEE31513310881
:102B20000EF3E715221F0BFEF7FB04D90423FF0663
:102B3000EDFEFEEFFFF3122916FD0A15091B05ED48
:102B400008F503F9FED907DEF605FEFC02FD280CA8
:102B5000FFF8FD0EF8070E0909FB020AF7040CE660
:102B600006FE0114FB1E0310021EE509E3FBED0146
:102B7000F6FD0207FE1DF4E6EDFBFAFF031711BD9B
:102B8000F5E2E9040812F907020701F708EF040467
:102B90000302F12604EA15DEEEEFF52939F6050504
:102BA0000B0DF1F2FD0503FF14FCF817FBEAFF0F14
:102BB000F62FF90C1517000A0A10FC030923F21E60
:102BC000020F00FAF202030C0D0FFFD0D4EE080240
:102BD000FB01FC0FFFFDECE30102F9F7F70418DE3F
:102BE000FA08E509C9F0F8FE070AFBF70814FF0820
:102BF00003F9FAF5FE18FDEEFDE8FF06F30AEEF51F
:102C000004100BEC020F0CFE010808140002E2078E
:102C1000F3F80FEC000E04F8FF11F9E7FAFCF913D2
:102C200006090F12E6F4F1F4E10946101906F9FB62
:102C3000FFF80411F619FB00F0FC0E0D0304E90F78
:102C4000FCE8190807F3FFFC030BF902F6FE00FA93
:102C5000FE01FBFF04F5F1F608EAE6F9F8CAFE0505
:102C6000F207030AFCF8061A18EF0EFDFCF804F34D
:102C7000011AEF02F0FF01E9FBFD1105FEF1020967
:102C8000FCFE0301FA0908070808F6F013D0F9035F
:102C9000F3FFFB0AF011FF06F7FAFF05FF04FAF74E
:102CA000FDF901121413FC0302FBFF13031404F7D4
:102CB000F0FDF6FEF5FAED02F801030D09FB06EF53
:102CC000FE0700C5F41FFE0C13F2FBF8F9F4E2E76F
:102CD000F612FCFC101603F6F6FEFCF31617FF12B4
:102CE000F617040AEEFB07F10B0206F8070EFEFAD0
:102CF000000005E5F104FEFB0105FC0606FC0F16CD
:102D0000FAF9F9001917D3FDF60300220530FA0588
:102D10001209FF13F8ECEDE8DD03DAFE280CF7F8F2
:102D2000FD0EFEF0F806F9ED21F4FAFAF802E4F9E6
:102D30000217F60E09F41A08F60008F600E800E695
:102D400000F60016E9F1DC18E814E3D606040901E0
:102D5000FDFB09FFFAF5F8F9DE00F905090115F2A6
:102D60000902F0FF26F4FDFD091A020DF9E907FC3E
:102D7000310DFC0209F0E0E7F2FCFEEE0BFB1EF861
:102D8000FC140DFEF3E1FD111706FA08F4F0FF073D
:102D90000E2EE6DB2AEE220AFA0CFFFBFB1D0710C3
:102DA0000006FB09F90911154301B1CB0AECFA0C35
:102DB0000B04FFF3FBFD0402FEF506F916FBEC180D
:102DC0000AF23CF0E4F70400FEF9F715FCED0413F9
:102DD00014FA0A03F3F8E9F9FDFF14F40FFA1003EB
:102DE000060CF80C09D40FF201F30105FFFA00E715
:102DF0000B1BF7F809EB1900000BF805F8F600F9C2
:102E0000FA010606FD0015F81E0BB9EF1405FBFDCF
:102E1000020EFBED03FD052208F7FD1902E4E310A5
:102E2000EA0E43E81E2900070510FD0F01F308FE16
:102E3000FCF7040BF3F30B05EA0CFBFF012B1AFC68
:102E4000F50BFEDE0230FF24FC0009040308ED0749
:102E50000F02F307092AF600000FFDDF0A19EF172A
:102E6000050004ECF6F8E4E601F90112FC25FCFE8D
:102E700006FF08DCFF1305FDFD0D011FF6F519180F
:102E8000EAE0E0132C27F802F9130516FC2CFD01EB
:102E90001406010AFA12E900F708040AFDFFF1EC32
:102EA000F514040CFFFF06FDF60200F8FE05D8F449
:102EB0000224050BE6EFFF0B010F07E5FDF0000113
:102EC0000300EC0AE507F0DB110705D40F0A100A2E
:102ED00001FBF5E4F70406DFEF00F30C110517EE34
:102EE000071901F40FFDFF06FD09040DF9EC0615A5
:102EF0001206FB05FEECE9DFFBF012DF0CFDFEFE27
:102F0000F00301F604EB0C150DF90AFAFEFDE5F8E5
:102F100002F7FCE903F708FE00FC00FBFAFDF9FFED
:102F20001B05FF03E50A0E0E00FCE6FDE3F9F700C2
:102F300009FC03FBFD17F902FCFA07E905FA10FA90
:102F4000DFF6D8101CFDF603FE0E05DF0E12001989
:102F5000FA13FAFE04FBF40CF0E8F710FB3F08F656
:102F6000040EFFF3010DF80E0C14FB0E0CF3D7E961
:102F7000CE192204FE1EFFFCFE0704FF03DCFD1039
:102F800002F907EEF7E2D50FF31E3F09E119F9F256
:102F9000040200000408FFF9F103F8EDF7FC01DE7C
:102FA0000218E6F805F3EEFFFE0501EE03E90AF468
:102FB00005100B040C08FAF102F206F307130104E2
:102FC00003050002FFD8FB03200F0224FEF9E2FDF7
:102FD000F4090BE80DF70D08F906FC19FECFFCFE0D
:102FE00007F603240305F71208141EFD00E9000C80
:102FF000FF08022400EAF30C060500ED08080DDCCA
:10300000FE29F7FCD206FC0AFFF4F50701ECFCF9F7
:10301000F405F5EEFFFAE8F707FD0AE1F90CF8010F
:1030200000F302F202FFFF01F9130512F3ED17138B
:10303000F7F602FCFEFB07FE0CF90710020C02EC8F
:10304000FDEC0E04EF0E1C1309E8F9FA04EDF4068A
:103050000E10020200ECFE08150111FFF3F803093F
:103060000BFD08050706FDFFFD0004181200FFF325
:10307000FCFF0D020804DF090C1806D4FFFF03FE55
:1030800009FD02EDF918FFF80C04F2FE0506ED1338
:103090000EFE1E140DFB10EF0BF905F8FA01060ADF
:1030A000F6FE0BEE00FC010D12F4FD1015F806FC07
:1030B000030DFD030A13F60D11F7FFFDE4FF0100F8
:1030C000F6F01104E6FC08FDFAF601F6041607F521
:1030D0001106FD09FB001D00E108F8FAC7DFF7F44F
:1030E000F4000808FCF2FFFCF809090509FF0FF9D4
:1030F000FF0A0900E4CFDC0FFFFC131F06EB04F806
:10310000FE1008F2081410D1EEEFF1FC2612FEFEBC
:10311000E7F400F603FDFD0EF404FBFC00FC0205E1
:10312000FCEA27111BD51BF9F8F00EF501F902FC9A
:10313000F1FD01EC06EF0A08FF070A04F3C212F8DA
:1031400008FA0CE60DD505EEFD000AE2F9092BECB4
:1031500006CAF4EC04B4FA050AFFF70AFE0108F700
:10316000FAFB0DEE12FC1BFFF8DDEE27FF21FBFC46
:10317000FEFBFEE1050600F7FA0F0006FF01F60868
:103180000AE8140C181009F00601F8D1F31203FB39
:10319000FAFBFA18FCF5F5F709DE0AFA29E424F738
:1031A00006F5FBDBFF0CFFEBFF04F50813041FF72C
:1031B000F9F2F906F10002F809ECFBFCFF1B030928
:1031C000F01902E90202FE0FF4F70422EFFBF50CFE
:1031D000F20A020FFC14F325000C0216FDF901FAA5
:1031E00011FAE40AF605E60601FD0AF20204F7FF09
:1031F000ED19F4070B04F91A13FF06FA0D0F01FB82
:10320000FA07F8F9000BFBFAFB0DF4F306FC001DBE
:10321000152F010C28150C03010EFF05F4FCFE0907
:10322000040DEF03FBF9D618F24012C1E1C11104FD
:10323000F602000DF8F800DFF3F9F5E901FF1EF1E1
:1032400011FACCFFC8AE020607F600FDFE0BEED564
:10325000D8FAF9D3290A2BF405CBC30FF4B411FB28
:1032600001EE04D7072503E6DFFCF6DE1B3B3B122D
:10327000FDD5E117060BFD04F804FDF1FB210AFC66
:10328000FF02F6EB1808000AEFDA0C0FFFE71A0846
:1032900006F503EAFF1008F3FB02F8DE0D13F9F957
:1032A00014EAE209173CF80008F705010600F0F4FB
:1032B000EE0B09DC1DFD19032FEEE5200302F3F6EA
:1032C00008FFF4EEF924FB00FE06F7F303FAFDFF16
:1032D000F606EA05022A0E0A0410060400F704F9AD
:1032E00002FBF9F9EBF9F00C0A1DEEF601FB1003F5
:1032F0000C0302F906F503F8FC0508F00DFA10DAE4
:1033000018FAF904FAFAE608F202FC11041302F2C0
:103310000FFCF8EF08F21DF3EB0D0505F807EBFEC7
:10332000F30C020500071000F704F1090CF8F6FC95
:10333000FD05FDF2DA010AFEFBFA0CFFFC02FE08B5
:10334000FBF9FB15F2FCFF030E08F602F1FF0E017C
:103350000700FB03FB09040200FB03FFFC0102FD65
:10336000FD020B05DF00F9FA0408FC0B0108FDF66D
:10337000F6F70A0503081FF2E50F0DFA02F0050241
:10338000FEFFFC1E06F1FE0807FF0014110808F7F7
:10339000F50D0F13EAEEFBFAFCFC0517F903F9EF44
:1033A000F60601FEF20111F70807FCEFFCE0F7FB5F
:1033B000F40503D9F3320113F3090305FAE914F410
:1033C000ECF8DD202936EEF70B2807EDFBE82005A9
:1033D0000500FA0BE4EAC9DDD6FBFCFD2E2118003E
:1033E000FE1DFCF105EE02F806040509DAF3CED65F
:1033F000F604EAFB01D01307FDF9FAEF04EB010D27
:103400000FFD0511E000021F24F8B8FEEBE4F111F6
:10341000080803FEFFFF0CDF24FFFC2F09EAF5DE9E
:10342000FA2FE60F00F9DE090A1DFF07FE1312014D
:103430002FF5FA21E30CE7E3BC29FEFCFF25050C80
:10344000F710FE1CFC4D032202FB090AF410D3F115
:1034500024F3E2F10E0802F90BF906EC0026012331
:10346000011309E9E4041BD034F1F709EC00080367
:1034700006010309FBF51A0C1E0C03F0E9EFF92312
:10348000EC3EF1DAD30CE90A0907090CFF18040C29
:1034900004101700F5080ACBEE0300E2FA10F9FD5C
:1034A000FDF70E2C0714FA05040516F7F009CEDE19
:1034B0001415EEFBCC01F903030C010F04E6F9D758
:1034C000FCFFE1F8010606DFEFFDCEF22110060653
:1034D000FAF9F7E201F70CF30209FFE40AFB160B15
:1034E0000EF604F71FFB1300F80BFCEA01E917EED8
:1034F00019FA00FEF4F5F2EDDC0504ED03F8160010
:10350000FB18F8F608D5072EFB0006F8FC09F5F6BF
:1035100002DEE2D805F4FCF50E0906FB0E09081AD6
:10352000EFF70BFAF2F418F028E4D30AF9100105CA
:1035300005FC05F901FE020103FCFAF8FDFFFBFDA5
:1035400007F6FE0305FB01FBFE0602FFFC05FA037E
:10355000020603FBF900F90101FEFF07040005FE66
:10356000FFF90002FCFF0107FD0302FBFDF903FF69
:10357000030501FEFB050302FA02FF03000103FF3E
:10358000F7020405FDFC020000FD04FEFC0201013F
:1035900001FC020604FAF8FD0106FE000504F9FF2D
:1035A0000800FEFDFEF004FE050200FEFCFCFF002C
:1035B000FAFB0001FFFBFAFF02FBFB0CFFFAFC0227
:1035C000FCFD05FDFAFFF70204FDFF00FA02FA0018
:1035D00000FC00FD02FA04FAFA01FEFE01010BFEF6
:1035E0000505020003FE04FFFBFB01FF05FF05FAD2
:1035F0000201FFFB0303020200000105FDFC0904B8
:10360000FFFDFF040FFAFEFFF8FFFEF8FF0103F9CC
:10361000F9FEF70201F9FBFFFC02FB0701FE0200C5
:1036200000FFF6F9010000FAFDFF00050408FD00A7
:1036300000FD00FCF70004FBF8F6FF07FE0204FCA7
:103640000502FCFFFD01FF030404FDFEFD0108016E
:1036500003FE00FE0301FFF9FD01FE02FEFC030272
:10366000FB0002F900FFF901FD000104FDFC04016B
:1036700007FB0000FAF901FC00FFFCFC02FB030160
:10368000FBFD0B0400FFFEFD04FCFDFE02FAFC0640
:103690000404F9FBEE02FF0302FBFD0107FEFD003F
:1036A0000204FEFF04000404FDFF0100191C0705CD
:1036B000FBFBF8F50410FD04F7FEF60101FE002BFC
:1036C000FB09F31205F509FEF604F9EEFC0AF4F223
:1036D000F8FEFB1AF202FF2E0CF8E5FAAF000EF42A
:1036E000FEFDFD10FEF8FEECE803F801F00B2B14D4
:1036F0001FF7EEF2F31AE20C07FCFA12FC160AF8B6
:103700000CEFF20B09120FE709F2F0EA000AFBFFD7
:10371000FCF6F3F30D1DF2FEFC04FCF4FE160A0E9B
:10372000FADEC90F23E6FFFEF5F5FCED000A05E918
:10373000F4F600F5180007EBFCDC04F6FCD501F705
:1037400000F7F40AF6EBFEE704FEF7E9FEFB130BC5
:10375000E7D3FAFFE3A4ED060B00073701FBFFEF09
:10376000FFFD04E01A221FE801F0D601FAE501FD91
:10377000FA060805011FFC11F6FCFEE92E0EFFE01B
:10378000F318C40EFA050A07F3FC000001F602194B
:10379000FF07F1F303EAEDDB1D0810F11C0C200418
:1037A0000DF009E808050609ED0601E0040207022C
:1037B000F9EB04FA250FFAF3FEF4FD1C07220A03C5
:1037C000000000E6000608F702EFE0F606ECF40C55
:1037D0000502072B03F6F81002FE00ED120706F4AF
:1037E000111227FB01180203F3F40300FCFBF8FCA1
:1037F000F7FAF40B07F9F7091BF018FEEC0F0BFFB3
:1038000009F00100F710F9E30202F50BF5FC070FD0
:10381000E9EBD8FD1A0FFA0505FA051D0322F9FA9E
:10382000F2FCFAFE0003F702FB0FFC08F1D802F0ED
:10383000000208E6FC04F6FCF3F804F50BFC0701B3
:10384000F1EC2F0AEDF00500F90502F60810040C62
:10385000E30A0AF30901FFE2E8F017FB02BCF0FB00
:10386000F5FBFD0EFBF4FEEDF5FC06FB0CF8EBEFB3
:10387000F0F802140DC2FF020500010405CDF6F3B5
:10388000F70603E700FEFC1FF0F90500121503041C
:10389000FAF8FBE803FDF609FF08F4010504E51C4E
:1038A000060A17F615390B0C000A06E9FDE900E5D2
:1038B000FEECF30A0DFFF5220C0CFE070F161104A7
:1038C000080605DB04F3080FFC0DFEFFECF6F80D0F
:1038D00010FA060C182F0EF9FB0303E001FB09EEAA
:1038E00009FF040F02F8FC281EFA06F9F01F04FF76
:1038F00006080EF7FA27FEECF6FDFF11FBFE0AE8BC
:10390000ECDBCF10211EE704041112F9F31B0A149B
:103910000911F9080303EFEF01FDE9031E18F2F5A1
:103920000306FAEDF10501F50E12000CFAF2EDF2C4
:10393000F4160F07130405FA06030006FAF6FE0054
:1039400013FFF920F2F205FBF50536F5EADF06086C
:1039500001FDFC11040204ED0BF1FDFFFC0D02E082
:10396000FF27E003FBEF05FD000EF609F8EF040466
:10397000F1F3FBF2FC08E8EDEE0711F8FB02F600AC
:10398000FE0501FD03FCFC1B02FCFDED00FAF3F05B
:1039900008151DFD1E0DFEFCFC00F5EE04E504F906
:1039A000160507F6E500FB06E4042605FFF8F60712
:1039B000010002FC030D02F3F109F5F8FC070DF01C
:1039C000EFF2E405FE100401FF01080AFAFD04E528
:1039D000FF1B03EFF21021E80FE2D8FD050FFCFA00
:1039E00005F502F8070F04FF090C07E502FC0AFEC3
:1039F00002E4ECFCF8ED0AFBFE0D0A0303F400F50B
:103A0000030002FCF3000005F3F600F7E3F1FB0806
:103A1000000B0908F105FAED0B05FCFE000BF7FBA6
:103A2000FA0FF7FEF6B100F40211FE0CFCF103F9F7
:103A300015F9F9EC08EFE8F91A3022FD0AD5000271
:103A4000040AFE0DFAF2090DEBFBFFE2F4FBFAFCAF
:103A500010ECF1F0FFF6F50EF503FF020A0F01EF8F
:103A6000FEEF06E609FB1AED1DF5E9FDFFEFF40296
:103A7000FC16FE11F7DE0323120B04EAFEF3E4FA50
:103A80000130FCE9D2F7FFFA0A0505F000E8001062
:103A90001E070003F7EFE1F112302FEAE0FD050AFF
:103AA00008FF081B0409F405EEF5120BECF70BFFF9
:103AB00003F5F8EB02F1F2FF02ED03F905F70BFC59
:103AC000FFFEFBF117FD0FE1F9DF1D48ED030408D0
:103AD000FBFDFCF4FD0306F6050509FCF0FDF30E05
:103AE00005FC11000C03F7FD0E0800DE010700F1D4
:103AF000EFF8131405FA0620F3F1F707EF060704B1
:103B000008FF00EF0BEE01E7F700020B01FD09E8EB
:103B1000ECFBF00CFBF809F9F9FEF61705E8FBF4ED
:103B20000100FEF40401FA00EF05F61B202EFF024F
:103B300006EC03F911E9F5E4020707011401F307A4
:103B40001926E3F106F1F6F4FAF011EFFE03F4F0B2
:103B5000FA0301F90E001441FE17F90523F808EEE7
:103B6000FAF4032100FE0FFAFAF9EB0603F3F23040
:103B70000A2C09FBFB2F061205FDF90D06ECFA08CD
:103B80000AF9F91B1E01F30E052AEBE7071A0A0BC7
:103B90000A0108EDF4F209FF04F0EF0B030A3913F0
:103BA0001401E408F543ED0AFFEBF7EE040C01F60F
:103BB00014070201F2F10001FDE2FAFEF9FBEBFD50
:103BC000F2F90535F0E408CA19F11014F9FF23DC05
:103BD000DB0B1504E504FD0809F3133900F410EFBD
:103BE00007FD061FF71CFB0CFA1536040107FB0046
:103BF000F9F7FDE60E0C09F5E4FE03FA0420EDF0FA
:103C000010E1F4F90CD8050CFF00FBDE02D40DF036
:103C1000F20200EE07F815D716CDE30407DA12FA20
:103C200006FB08F7F70EFCE2F6EB14E20F1918E6B4
:103C3000E8E1000DF0F4EB08F8FF00FDFD1DFD01CB
:103C40000BFE0DE60A170CEDF2D4DCE704F60210C9
:103C5000FF03FBF9FBF000E8E806F5F31412FAFBAA
:103C6000FF04D1110FF2F40A0D03F6C916F9EC00A6
:103C70001903010A05F6EDEC34D7251AFEE801FB1D
:103C800003F8F9E0FC0509EFF2F6F3F7FCF7FA2385
:103C9000E9CB3DEBD30401FFF902F6D1F61FF1F0B9
:103CA000F1E60CFAFD02F6FEE5E5162CECE8FA006A
:103CB000000013FA0028FAE9F70FFBF4FBFB19FEEA
:103CC000DE08D909EFFEFB04FF0A08F40B12FFF02F
:103CD0000F06F7010E03EBFFEEFEEA19081500F5DB
:103CE000FE0404F407FDFF17090FF204FAF8DDFEE5
:103CF000DC1326090129F702FD06060707F4111E49
:103D0000060203010401E503F20B3DFAF5F105FE9D
:103D1000090106FEF7FE08F9FCF8FBF605090B01A0
:103D20000141DCFC01EF0406FB0AFFF7FDF617F486
:103D3000080A02EB0F04F8FA0C11F9F3F5E4FE039C
:103D4000F608070909E410F913030E0EF2F1FD1548
:103D5000FBF902EEFDF51106010AF60D0AF601EC7B
:103D60000809F729FF0B0705F71525EE07FF0705DB
:103D7000FBFE0912022704EA02F5FFF1F90C2EF20C
:103D8000FAF5E901F50FF700FCFBF8F9FDFF08F380
:103D9000EB130FFDFC09EAFE0EFCF7FCEE1BF8022C
:103DA00004FD0DF40C0FF9080BF710FC0105FD09DB
:103DB0000CFB021228F20E09020700010507030797
:103DC0000DFE07FC0B1602FDEFED0EECF5EAFE030F
:103DD00007040115070602F5FB0C06FE0C0D06DCB8
:103DE0000212D80A23FD020BF611FFF60BF50707A6
:103DF00008FDF8EF1A00E7E317F905E2FF0706EE02
:103E0000040403ECF718140BF9F70102F1FBF10DB0
:103E10001BF82FEFFA030FF9F502F9EEFC0C0E1365
:103E2000EA030EFCF70AF10616F71011F211FA0375
:103E3000FAFA04FC071208FDEB010F00FEFAF6EE99
:103E4000FBF304F90925F3F60C18FCFE04F801FE57
:103E500001FB0412E0E6FAEEF904E9FF2104FCFCA0
:103E6000F202FFE90909F71E010105FDF3F2E1F88D
:103E7000F522F301F6FB07FC030E08E702F1F81C3C
:103E8000F405FDFCF6F5F80116090306F4E2F30368
:103E9000FE0906090B040AEAF8040618EFEE02D33D
:103EA0000308F2FE1107E701080B0706001D1004C6
:103EB000FCEE0013FCFDF7EEE7EDE8F51BFFFAF66C
:103EC000F30F00E3F71FFA0F0602050D09FCFBE8EC
:103ED000160406E4DF0B00F804FAFCEE04F7FC130A
:103EE0001507FBF7EEF10BF403000CF6F8F2F4F211
:103EF00000F9FF08FEE9FA0E0A05FAEAF3F711E6FF
:103F0000E9161802F903E7F4070AFF1AFA12FE038A
:103F1000090402EAF404F1DAF023F9E5F3F4EC0819
:103F2000FF0AF413FFE00FED09FE0403F405FEF5AC
:103F3000F92D1315F9EA091109EBF50AFEE0F6E28D
:103F400005E6F206F7FDF70EEF0CD8E5460CFBF29E
:103F50000CF401CBF1F205F50800F8F71004FB3979
:103F6000F4FA12F3461AFEFE14F8FDE002EA090024
:103F70001B0A040203EFD71DEBF329EE14F41EF91C
:103F8000FC0300E402EA032307F61305EBFE05F742
:103F90000FF9F9FEEEE9091205EDF8140B05EB0B2C
:103FA000F4030EFDF90A230111DDC6E30BE2FD0661
:103FB00000FAF5E704E5040DFBFE0AEF05F9F4FE4F
:103FC0000BFB10001300F5FF08FF0501F9D60416DE
:103FD000F8FC02FBECE3F4E2011916FD1E3702FBCC
:103FE00007050204FCFB02ED02EC0AFBF400FDF9FC
:103FF0001911FAFBFAF31101F9FC08F6F910FD00AA
:10400000FAF90BF3EB00170622F9B80A03ED0405E1
:10401000FC05F70202F3FE050A08061AFCF9F6F0A1
:10402000F1EE0B010514EF060DFF030FFC1AFF0B59
:10403000FDFF090FEE021007CCF405FF0614F6048D
:10404000020404060330FC0DF4F6F505141DD6F148
:10405000F605FCF314100BF701FF03FCFFFEFD0A4D
:10406000FE0903E2F1FBFAF701F7F203FCF20CFAA6
:1040700004FAFBE701F20C0E02FD02070CF5050D38
:10408000F602FDF5ECF1040402080216010DFEFF34
:10409000F9000A01F70604E0F5FC1BFBE9F5FB005B
:1040A000030A031CEE01000403FA07020204FDDE0A
:1040B000040A0E08DDF6030700FEFCF405F0FB0A17
:1040C000F7F9F6080C0305090305E4042D100A09A5
:1040D00000FB04E401EF05F400F8F7F504FBF81D1C
:1040E000130608F5F4FC1007030AF3E6F9FBFFF4E6
:1040F000FA01FAFBFAEDF910EFF8ED00E6FB00FB30
:1041000007060301FEF7FF0700FFFAF9010C01FAA9
:1041100004EFF819ECF7EB0106F509EDFB06FE01DB
:10412000FEEA01F2F2FD0AD704E3DF25E211F60A06
:1041300002FFF408FF1D0814F6010311F104F50352
:10414000F9ECF302F6F60507F30F07FEFCFCFF118E
:104150000409041CE60EF607F900F7F20915F90642
:10416000F405FDFAFF020C0EFF0A1009F8FBF3F04C
:10417000ED0212ED07F8FB02FC0D05E001FD04194C
:1041800001020C0A07FD16F4070C0909EDDAFC021E
:10419000FCF4031E04FA06D70BFFFF15F401F9DB4C
:1041A000F70ED607EBFDF207F30EF80CFDFB08F255
:1041B000EEFE130F061401E3010CEB080502F80DE7
:1041C000F80AEFE4FF33063303F7FEF7FE01DE02E1
:1041D00011EF0AF4E91BF701070B05FFFB140A1E98
:1041E00004F0051FEEFBFEEF130337F710EA10ECA7
:1041F0000508FE0B00F009201309F6E803F6072670
:10420000F63621EDF6F2F804FEFF01160400041460
:1042100014FFF9EFF1F0E4EEF92F26E3EB0E0402C0
:10422000030F001803F10609FEF7FBFF03FEF2F887
:1042300006140200ECF3FEF60202FC03FCE504FDAA
:10424000EDFB0214F300FCEBFD09FEF25A22ED0235
:10425000FA0301F0F90A17F60504F80303FBF92243
:10426000F8F616F92E0D0903070900E6021B1305DF
:1042700001010CFBF2FAED1504E40006F4FF0DEE6B
:10428000F1F803FDFDF60011FCFC110CEC070CF33A
:1042900014D0EC0FEDF40605F9EE0E0EF70A01FC52
:1042A000F80A0AF9F6FF19FFF1F7CF18110FF6FE19
:1042B00003F60700FBF9E1F5F90BFC130BFCFAFC24
:1042C000FB0EF015FEED090DFF04FE0A040D11FEB4
:1042D000FC0DF3FD00FF0A0CEBF2ECE6030014F911
:1042E000F616FEDEF2E50AF5ECF9FBF8FD0DFBFF34
:1042F000EDF6EF07F40412EDF1050706FE0CFE19CA
:104300000804FBF8F9FD0CEBEFFD00FF00001206BE
:104310000306010000ED10F713F30A1A09F5010B6B
:10432000F116EDECEF19E70A0308F0FBFFF01CF6BD
:1043300016070106F502F400F501DDFA00DB17F9B6
:104340000E15F9F40C161E131AFA07FD0009F00BEE
:10435000FDFE13022C14FCFC09FD04F7F324F81DE8
:1043600003030B0400F5F6ECE1E3F7F20BFFF7EBC8
:10437000FEEFFAF8F61013E7FE0103FAEDF01E0364
:10438000FCEFE7FB050EFBFD08FA09F50317110D1D
:10439000100F0EF9F90A00F8FDE9C9FEF717F1FB55
:1043A000ED0A040DFE05FF1306F7FEF4F80800DE23
:1043B0001306FBEB0900000103F6FDFA07040200F7
:1043C000FAF2F71CFCFBFCDBE6EDF9D1F529F5F67A
:1043D000F7FE06F2EE11FBFD090AFBFA010C1CC701
:1043E0000509D3F91CDC02F7EE08FEF2FED409EB56
:1043F00000FD0DFD08F8E6D9E7F1F4F028E2090820
:10440000FC0DEFE702E8FF180106F9EF000610F5D2
:1044100019E7FDE5D8E9FEF20906F9F9F9E6FD0329
:10442000FCF010F8FD002300FCFAEF1DFBDEFD019F
:10443000F2F9010AF6DDFCFBF70508ED000102F5D3
:1044400003F314F0E7E3EFE805EEFB06F9030312CC
:10445000F7F1FC0413FAF00F04151001C20DE8F790
:1044600002E6051B1109F804EC0A060B1B16190ECF
:104470002C1218FF0BF8E404F9FDF7030A0501E11B
:10448000FF0C0DFB0C0601EA08F3EFFA141403FF0E
:10449000EBF7FAEAF5F4F32904F7F10B02EE111D3C
:1044A000F9EB3B04F11D25090EF1060103F4FA189E
:1044B000CE0607000902FF1FFFCAFCFFE9E9030E51
:1044C00000F6000E01F5FAD2FAFE06100F0D2200DA
:1044D00005C9FB17F4E2F80301FA13E5F7E9FFEB6E
:1044E000F10CFDF01C0D0323E6F3ED1B004007105B
:1044F000F1FD0BE40009F5F3E1F2F422EFFBF71113
:10450000EBC5400F18081C0209FC0BF1FC0CF3066C
:10451000E902F9270814001CF0CFDE3911E2F8F5A2
:1045200002FFFAECFA0DFC03F20EEC0902090E1779
:10453000F7DDF111FB02FAFE07FCEEF7FBF3FEF4E8
:10454000F222F9F201E80B0BF50C26FEE805F50264
:1045500003F9F7DBFD2CFDFFFFFCF213EAFF1FEE72
:1045600004E1F913DE08FF080EF7000CFE16F1EC6B
:10457000DA0FFC0719201AF6F5F3D128EB05E10153
:10458000000A000900E801E30701F6EA29F2EFFA60
:10459000FB3008171C29FBEBF20308F6FDF5F719B1
:1045A0000B0BFB19FBFEE1000E4842D51317F90671
:1045B000FA0014FDF8200F06FDFCFE05EE0A1405B6
:1045C000E9D7E115F909060DFB0207F9FF0404FE1E
:1045D000F30800030D0C0012FAE0D4FB08190905DA
:1045E000010C07000E08FBF00701F4F40A131B0589
:1045F000E9DCFB06F2D90606F70803F9FD0BFBF32D
:10460000F9EC00FCF70DF3F8F2EDEFFCFEFD150AF6
:10461000090F00F7FFFFFAF112080502080910F769
:10462000F510DA11EEBA00EE0A1003F5FCFAF5FE09
:10463000F80D05F40402F2E40437FB00F509140B4D
:1046400006FDFA05F9FFFF0EEDFB0ADFF3010BFE95
:104650000CE5DEF308C907FF02FBFD0CFF06FA00BC
:10466000F0F0FAEE120413CD14D9EEFC07EFFBFBC9
:10467000050EFC20FDF0F823000604EA0F03F60403
:104680000A3804F7D5E90B020701FAF308D60E043D
:104690000AF6F802FCE6E2DA2A2444F1FD0A0F02E7
:1046A000FDDE0200FA130613E709FBFBEBFB18150E
:1046B000F9ECEDF5FE0BFAF8FCF702F900EC14FE4C
:1046C00000030BFA12FAF9DC100E2035E9EBEAFFD1
:1046D0000409030C0A0E022D0C01FDF2EE03040F77
:1046E00004F51400F5F909F8F305FBF3ECEDF5E535
:1046F000FCF5130DEF000718DB0506FDEE090C0BAA
:1047000016F6031801F600E7E900070E05FB18F49A
:10471000D9EAD2F21FFCEB02FAFB0B1700E0FEF520
:10472000F0FB010B1E0301F9EA0403F9EFB1FFF5F9
:1047300003EC05F307FBFCE4F400FBF5030F0003B7
:10474000FAE0F903DDEB10FCFCF30FEFFFF2F1CF21
:10475000E40B01D40C0529000DD5EF17E0D6F913B1
:10476000FA00FB030121000BE10001DF140B18F23A
:10477000F3DBEF1C0509EC0703FBF9FF0A0EFDFC58
:10478000E50AFCE8130B01F1F1DC110F0CF502084E
:1047900000F209EE00FC03F5F1FAF7F5020721003B
:1047A00005E9DF151ADA07F005F606D5FDF9E7EF9A
:1047B000E809F2F217F1191619E7070F08CAFE0304
:1047C000FBFB03F70400F9F0FA0EE5F605FEF01422
:1047D00000FAD90F0CF71106000702E50BE2FEF311
:1047E0000CF3F3FC0EF9EE08F916FBF1FEFCFB05E9
:1047F0000209FB0A0701FB00F9FEEDFB05011DDFC5
:104800000C10DE04F915F712FA06FF080000021179
:104810001700030B08F510F3073015070114F40A0D
:10482000F8F9FF18FCEBFA0D16000608EFF1ED1091
:10483000031FF904FC0D06FB0A0BF7F001F6FE213D
:104840001AF40115FB0A0708212D0ACDFCE1F7F740
:10485000FF0DFC0507F604F202F804F8040514F64F
:10486000F5011102D7ED11FE01110409F3F7FC0265
:104870000A05FFF5F80702F4E7100416EAF3070744
:10488000FA02011A040C03F6F3080B0DD6F4FAFD34
:10489000F0F911F9EAFF02F8F802FDF801FC100640
:1048A000FAF40B0207130900F6FF260BDAE61202F0
:1048B000FBFAFE1C020AF9E5FF07FE000E0925EDD2
:1048C000F8F5C2FED708F80506FEFDED06F106E88C
:1048D000190504F9F905EA00F71B0511F624FAFA9F
:1048E000FF0FF8F507F0FB030C02FDFC04FFE8FBEB
:1048F000F815290B031CF8FDF6FEF2070500FC066F
:10490000F602F1FCF3F1DBE1E00031F2E9DB130A3E
:10491000FEF60914FA0904FCFDFE04EC010B1EEF7F
:104920000613E2FCD3EEE7F4030001F7F8E111EC23
:104930000BFA01F7FC0DF2F608FF00F5EFEDE903C5
:10494000F9FEFF180AC906F61BFF072E0AFA001621
:10495000F80FFE0DD9D0FE1202FFFD06FDCD03F3C8
:1049600005FA0129000E0908041128EDFAF10200E8
:104970000406F20403F010070D05F1E5FB0BF3004C
:104980000AF92A0405F607F9F001FCF301DD050830
:10499000F3F80CF4FCF0F8FD0B110B03FEED050928
:1049A00007F305F8F9E1FDF1060CFF0106051F0705
:1049B000EF10EE03E2F1FD0400FB070313F2F4E74E
:1049C00008F604EC1502151B0EF8F2FBF3E4EDF803
:1049D000FB0402F3FEE5F90609FAFD15FBF3E4F723
:1049E000F4FA0FFA060A0202050209E907FAFB02C5
:1049F000F40103FF02F5FC0F0E000008F5000401AE
:104A000003E8FDE10818FEF90C090201FCFA02199D
:104A10000DF7EF10040F0B06F2F206F3FE0F040D74
:104A2000FD0200FF01030B0403F0FE0B0DBAF5F5C8
:104A3000F603FEE1F6D402EEEDFB04EEF8F4DBD86B
:104A4000EDEB1FFA1305F50AFF09F60E10FD10FF36
:104A5000FD09FBDCF8F309D8FCE007FFEEE005F602
:104A6000F7FCF50CFD10F9FFFAFA07EEF6FDFDE78D
:104A700010DB07F7EBF00CFB00F0F7090B02010F5E
:104A80000815FFEF00E916DA04F3DB0FFB071F0040
:104A900000F0F9E2F2EA0910F914FFFBFEEAE0087F
:104AA000F9ECF7F20ADCFFFE0BFEFE0DFE0A0B101E
:104AB000FD10F506F20411FAE4FE1EF408ECFFF80E
:104AC000F90EFD2F08E7F604FCFDEE160801DEE501
:104AD000F5340CF3BFFBF1FBF91203F5FFF6FE0012
:104AE000F5F9FDF4EAEBEFE5DBFEF0FEF80A03185A
:104AF000F90408F601BB12F6F5FAF8FEF700CA52FF
:104B00001606E7F608EFEC03FD06FFEC00EBF9E60E
:104B100007ED060401010C2908F50BE9E2DFFEF3BD
:104B2000F9F7030AFFF3F7F00E060A06ECEBFEE9CD
:104B3000EB02EFEAEB06F3020B0009FDF8FBFF13B3
:104B40000304000404240DFF2FF2EB02FB10050503
:104B5000FF07032806E60FFDEEF8070AFBFAFAF94D
:104B6000FD24FCFBE9FCFE05F2F5EFF9FE15000E55
:104B70000CF6FA14F40B0A1A13E9E9FD1D020BFCFA
:104B8000F8050AF1FE290204E4FA0A0203FF0C17F1
:104B9000F6DC10FEEAF7F4FA05F502E0140605EB80
:104BA000EFF7FEDEF7F5FC02EBEA032B05F0F90D5B
:104BB000F9F405EAFA0B03F5F7FDFFECFBF603F455
:104BC000EDC6EA0EE01318FC0B03F9F109FCF3142F
:104BD000FB1A0BCE01FE1BF0FDCFDAF0212E030BEA
:104BE000FAF9FCE40B0EFF04F10202D1F80B0A09FA
:104BF000E605DF02FBD9FB09F008EFED06FD101515
:104C0000F90B04DCF80CED08F700E501E817FF07E5
:104C100000F00804030DFDE4ED10F70510FBF3F0C0
:104C20000AFBCC0B01F9F1EAFC1A0B1FFFDFF1D4F0
:104C3000F30102F801FBF8F30833FE0300F215FE5E
:104C40000DFAF8EB05FA0724F0E9FCD3FEFAEAF9CD
:104C500028E9F2EC0DFCF7FEF9F901EA0507F7FC8B
:104C6000F1F0F6F5FF0513E32CF3E7FDF3E20CFF9B
:104C70001124062BF8F1042C1000FCE402F9EAE8F8
:104C80000D460EEAD50BDB01FF02FE1BFBE1FC0B20
:104C90001AFFF5FFE9F7D8E925392BE8E3F100061B
:104CA000F2E808FE1203FE17F1F5031AE3FB07E929
:104CB0000CEAF1E6F805FA01FBF0F900020800FF42
:104CC000F0FA03F9FDFE0FD70BE71F37F5E5FF0AF2
:104CD000FBF405FAFC050CF6EFFB0FEBF1FFF50614
:104CE000F4D81F0DD9F603EE0CF4FEE2FC150BF21E
:104CF000F1F1190B011520F6DBD6EF21DCF7F00AF4
:104D0000FBFB0B0503F8F4E6EF0A10F9FD0112FEB8
:104D1000CFE3FB18E1FDE1F901FA01320CEAFDF302
:104D2000F506FDF61509F0FBD418151FE916020C5F
:104D300008FC03FEFF2EF6EBFF091005EB0611122F
:104D4000FFF5BBFC2F130517ED09F9EF03F0FEFF8C
:104D5000FF12F3FA1011FDFFF505130007FB040520
:104D60000DFFFFEA0205FB11DC1AF2F602FC03FC60
:104D7000020710EF0F17F80B01020A03F8FEF414F4
:104D8000EC09FBE7FC031300FAFB1EF6E9E8FE045E
:104D90000D0E032BFCF90A031F00010B181F01EB7A
:104DA000094BDDF5FE050E06FA1701FC09DA09FCD0
:104DB00007FE07020D01F6EE243503E00A16060E83
:104DC0000B0900F500F3FE10F9F2FA20F0E7FF27D7
:104DD00021EB16EDF50E08FAFE05F806F50BF7F9CE
:104DE000FEFF0829FE060BE50D1B11F804FAFC0571
:104DF000FD0BF622FAEF0C0F240113F9FDEA09EF7F
:104E0000F5FF32F4D8F70A040A15F9F40000F61396
:104E100012EFF814F4EDE800EE25FFF6DAFEF70DD8
:104E2000080C0109F70108210C03FD19FAF508FA2D
:104E3000140BFE05FD04F4F3FD0B101BFA11070023
:104E400000F80AFC121401EDEE003BF4F00603FE3C
:104E5000FDFD070A051CF7E6FEFA17FDF2FE09E361
:104E6000E8F3C2F8E9F600FFF80405F00AFF05F7D9
:104E7000E8F9FAE90F120E07FCDDC51CFF00F1018D
:104E8000F7EF0304FCED01CBF9F0F70F090A02FC80
:104E9000F0C7F906DD04FD01F7F403FE10E1F7F1B8
:104EA000F5FF0DF5110CEC02E405FA0DD51D060811
:104EB0000011041EFC0D06F80505031DFAFF03058D
:104EC0000708FB05FB281109F6030707100B050669
:104ED00022F7F8220401E316F52A1405142DFC1616
:104EE000FF050002FDE9FEFD10EE00FF0100E9FAFA
:104EF00014210E02DF2CDE0102F8FE0D01F90DF483
:104F000004F20B05FE0204ED0D10EBE905EE02FACA
:104F10000F080809EF0AFBF606F90105090B310F26
:104F2000FE06E5FDF3EFFB00FDF9000402030DF3BF
:104F3000FAFD040DF609F6FAF8DFEDF9F4B402F41F
:104F400002F2FF1706F5FDE4F706080CF70511E776
:104F5000E9F2F70BF9DEF4FC0101FF1C03FBF3138C
:104F6000F4090EF60D1A0608DFFEFBFB09F8FE0534
:104F700000F005F4F42FFEF9D30102FE0514171416
:104F8000FFE5E0123B0205090A0C12E1FA060804EB
:104F9000F609F8E00208FA0700D5D6190FFAF9F178
:104FA0000C0105CEF91000F0F00C06EB131209030A
:104FB000E9FE14151E020005080CF800FD0CFA0DA0
:104FC000F90FFBF10EFB02F8F9F403FEF309F4010B
:104FD000F6F80303FE2DF9E5E614F4090E0515DFD6
:104FE000FDD6A805E7E9F60CF7FCFDFA05D5021198
:104FF000F009F41515FFEBD810E7D311050B06F9EE
:1050000002FAFFE409EAFEEF120DE8080AF1001CBB
:1050100016F00EE51D2210F3FD0DFFF1F720030A37
:105020000606F00CFDFEEB0EF42610FCE9020FFA6A
:10503000FC0706110702FEE2040909F10AFF0EF857
:10504000FBFBC5051AF8F9F804F9FADE0A0C06EFBD
:105050000F08FEE80F080916F70AF10CE92601050A
:10506000F8FBF8F6FFFA02FB0808050D00F8DF0769
:10507000D7053513022EFFF30FF7F708F5FA03FCF7
:10508000EE000B0500ECD6F3E60F3110F0E605F765
:10509000FEFD060A0B130508EB05FBE708011EF2EF
:1050A00014FBC808FC0CF400F9FA01E902F416F14B
:1050B000031300091AFD20FC08EEF702F618ED07AD
:1050C00009070512FBBF0AEB29010A2FFEF1F2F9CD
:1050D000DF0E1501E1DEFC0C000BF62403BE06EC2E
:1050E00004FCF433080DFC1EEE2524E202EA021251
:1050F00005F803100BEAFFF1F901F7F21313FCEBCB
:1051000019F60708F1F8060101F50AF6FCE30305B4
:10511000F7FAF4FFF8001704FE00E90D05E3F2FECC
:1051200001FD040813D3FAEC0D0DFFFC11F232F867
:10513000EA130316DBE7FDFAF4F5020CF80C00FFA6
:105140000C0720FC06141E10F0E9DDDFD700F30485
:105150000109110CFCEAFB0A06F0130802F9E8FF4A
:10516000F7FFFDFE0E071413060505FFF604040500
:1051700009F103EF1003EB1C1210EB0FF8FB0DFB12
:1051800008F30AEAF6180AEF08F9FF0EEBF20A1321
:105190000DF70904FE0207F708F6FEDC081E030CF3
:1051A000EBFBF1F30C170EFF11D514EAFA1B1BFDF4
:1051B000FA04FD0A00D8F1FB06F2080914F7F01F03
:1051C000244B11DEC1C11808F4EE092902F2F1FEE8
:1051D000D9EBFBF41E0C3A292E1911FAC6F1021371
:1051E00006EE030F0B1C0205D60B03F221012B0F59
:1051F0000DECE2DFF802E20507F4FCF6081903F211
:10520000E7190BFC18202015F6DBF40209FC0FF45B
:10521000FBF5F806FAF3F903F8FA0008FC042A1A79
:105220000DEF2009052A130EFEE10B0B07FE0914F2
:10523000F60F19EA14051EFB250C08F6F119F2F613
:10524000FEE8100EFCF9F5E8F1FF01E419FF20F784
:10525000FA0BFB221012F7F4FFFD03FF0915F4000F
:105260000300E4031307E2F3F70CE9F404FEFCF691
:10527000FDFC01EDFA0BF802E70E0C0FF91205E246
:1052800006DB1006EAF9FDF7F105F517F8F2FBFE6B
:105290000A050401F8F5FCF4FD18F12F05F6F307F3
:1052A00000FAF302F9FDFF0302F5EEF310F21DF62A
:1052B000FD00F9F9DD07FE09FE000CFB011BFC1BDC
:1052C00012FB07F904ECE7DD122A2705C6F4F4F413
:1052D000FC040BF202F40AFBFBF5F80DECFD1D15C6
:1052E000E4BD13F9CFFFF1FBFBEFFA05FCF9EDDCB0
:1052F000FC05FD0E080C12F6CDD2DE21F8F2EDF819
:1053000003F5F811FF0C05CEEFF906F6FC0114F9D0
:10531000C8E5B3F7E9F3EFF7020B03E6FAF109E4A6
:1053200002F7EEF9090504F8D2ED0010E9F8F8F7F4
:10533000FDF90BF2F8FD04F8FDF3FAEEFEF30206B8
:10534000070F0CFE3009FFFEFE03F41201E0FF051B
:10535000FD010AF3F509F1E909060903131E050425
:1053600009FE021108150207FF0002EEFAFF1806F7
:1053700011FDF607F8DEF90401F70D01F70803F651
:10538000F70000EBF9070B0F06F0E610EAD4F20283
:1053900004F7FAFF050FFA0203FDFB0FFB00F6EF1F
:1053A00003E61AF619F8F8FDFA000806021002F8EA
:1053B000EF0AF7080BF9090308FB1C0E0904F30BAD
:1053C00000F20A07FE1200FCEBFAFDFA0E091301C7
:1053D0000AE5F10BE902F9FB01E9FE09FBF5FDF332
:1053E000FCEAF7EBFFFC02010EFAE20FF8E3F8F932
:1053F00007F2FD09FDF9FB1A03FAFFEB05F8FFDCE4
:10540000F31D0A06DBF1F80504FDFF19F40DF30A9C
:105410000404FAF801F7F2F9061F0E08FD040F055F
:105420000502FE09020D020CDEFBF0E9F1F815E8B9
:105430000FECFFF3F9F306F7F6FE00F504140E0582
:10544000F0FAFDE7FFFF15F30FE3F241030403FE5B
:10545000FFFD06CB030D05F0F7F406E9FB03ED4273
:10546000FED21EF8E41607FDF5F809E1050805FE71
:1054700004FD0806F3FE2D0AE2EBFBFFEA02F0034F
:1054800003F401020522E8F7F2F60305F90704EE3A
:10549000DAE8D716DBF8EAFDFDEFF60BF9F0FFF4DA
:1054A00005F4F4F212F516EBC8EEED1DDFF501F987
:1054B000F80AF4F2FDED03F807FB02F41408040205
:1054C0000B1000EFEAD5040406F7FEEFFDF70F1509
:1054D0000203EFF00803F61EFF2200FF12220DFC6C
:1054E00001FD080FFAF6071405F70AE9010A030A95
:1054F000F420EFFFF9080200FFFE09F3FC050CEEB3
:1055000001F706F90901FD190803ED0C0B0B00F872
:105510000BFD0BF106FB012702020DF7F60B130141
:105520000AE21803EA1308F3F4F60AF3F402F203AA
:10553000090602010B100FF0F8F20DFDFA43F80115
:1055400008EEFE0C0108F7EB0BFBFC1CFBF9090154
:10555000E90C06161524FBFF06FC08F1FCF008F226
:10556000FF080408FD0EF712F0F9FAE5F40708F752
:1055700001FAFDF902040401EDFFFD03F30BF8F05D
:10558000F5EA12080D0C00F20B02FFED03F002F633
:10559000FBF6F5FCF6EE21E3F7F9D8130207FF015D
:1055A0000BEFFD030206011C07FBFFF51305F8F4E2
:1055B000F7F9E31CE005020005F9FA01F409FBFD27
:1055C00012020C0100F70FF7020205F1F2FBFB08D3
:1055D000FEFEFDEE07F000F105080106FEFDED0BF5
:1055E000F9CDF01003FBF601FDE6F8E6F4FAF4DF7E
:1055F0000708F900F1000CE7E8DCDB28F6ECF8FE20
:105600000BF8050F0B0200DCFE07F8F3F41406FCA0
:10561000D9E4E80604F6E40908FF13FDF413FCF5E9
:1056200008F200010902F6F4DCEA001A20D4190A93
:105630000BF6F3F4F8F1FDF1EDFCFEE81302FD05C5
:105640000B06FDF8DCB3170B07F9050A0710F8DDA8
:10565000DF0AEFDE1B0E321412EBF203E8C30BF885
:10566000F9F005F6FA0B04E9D807EDDC18271FFA64
:1056700025D5D8F70CDDF1100601F5EE0D34020446
:10568000EFE9FCE30A141EE8FAC2E917F13300F669
:10569000FFF00AF1F3240309F20104F9FF08F618F8
:1056A00013F6071111260C06F9EB0410F609F2FAAD
:1056B000DCFFFBF308FF02F41700FB06F7EA04FF28
:1056C00002F509050AEDFDE3F604F8D80F0B09060B
:1056D000F1E2E1F802F6EAEE0DFA0104010CF9FD3F
:1056E000FA04F1ED1218FC02F90FCFF907FE0EFDD6
:1056F000F70606F80A00F202F403FB02EB00DAF602
:10570000070A35F7C7EB1504FFFEEB1B0AEC02FA9C
:10571000020C05EAF3E918E6FC35F804CA020602B1
:10572000FC01FFFDFD00F40DE907F4EA201B02FC7B
:10573000FB06E4E10207F8FF0A0EFFFF00F7F81B83
:10574000180A01F7F3EDEBFFF72919042B0B130DE2
:10575000F40D06EA01F2F40AF2FD0803F9F5F0048B
:1057600008FA17F90513F2FFFAE7FD030515F5EE40
:10577000E906EE01FB09140BF3F4160EE2FFF70243
:10578000090CFC12FCEB06F201F5F90400070BEF23
:105790000810D0F2F5FDED030913000D02E9FA0B34
:1057A0001307FA04F4FDFCF9FD100EF5C6EBEB024D
:1057B00005FBFEDDF7F80E06F0FC07DAF8E4FAFC6C
:1057C000F5E6FA0C2A26E803050D02F404F20D238F
:1057D00012EE0206D8F0E601E714F503F419EEFD27
:1057E0000A0CF8240C02090E2CEEFC18EDF2D5F789
:1057F00016FE03FCF5E712FAFA140204FCF30B019F
:1058000009F0FE1DEAE219FA313CCD03F6D7E9F9B9
:10581000F8F5FFEBFA15FFFBF8F6F61E01FCE8DCE5
:10582000E7C8B7F906E1D50005081308EFFF010442
:105830001C0209361B0C04EECECBE3F0050CF80974
:10584000010A09270F3001F6040E0310131AF2D9CA
:10585000DB0B1FFEE3DBFF021501FE2AFAF706024F
:105860000DE603FCE5E527D228F8FC22ECE517035A
:1058700005EBF7D309D40AFB0C0AF5EC10F60A0085
:105880000513E3FDF101EFFA15FF0929FD17E8FB08
:10589000E2EE06FF0108DED606E612EEDECF1B0BB7
:1058A000FBF2F220FAFDF7F0EC091CD0F7180BE838
:1058B000E0E8F0ECCEE105FB05DEFA14F9E8EFF3E1
:1058C00008F119E4021011EFEAD4DA0F3A000F0AD6
:1058D000110E040E16DF0BFA08F100F41606E62C82
:1058E0001C292EE8210014FC0DED01C30616F71744
:1058F000090304F808E109093B061CE9F40423FD47
:1059000007E70CE1F9260F0DF20404EB0214FF2166
:1059100007CFF807E6F0F5EF09EAF9E9010DF7FA24
:10592000ED07EED40B0316F200C1DD3C01CA000CFA
:1059300011F40410F71DF803EF0D05EFF8F0F4F380
:10594000EAF322F80FDA070709F9FDF3070CFA1159
:10595000FDF8FBE11904FBE7EB0020040DC406048D
:10596000FB000A0AF50B0909F10003EF1CFE0AF31C
:10597000EEF81515F1DC100201000F0604D703EA5A
:10598000F60B0BE20F0DE324F6D104090E19FFFC10
:1059900002FDFEFCFBEFFBFE07F9F709ECF5071033
:1059A000F2E812051F2AFBFEFCF3FBDF03FAEF050A
:1059B000E701FEEF060E1323001CFC0D1137050C4A
:1059C000070901D6FCD01101EBFB04200FFAF30804
:1059D00009F408121F030DFE06F50BEA0BD2FDE1D8
:1059E0000903F013F9EE0D41F21B0526F70C030B2A
:1059F000FCF5F500030AFFDBECFEF809F4FA16D11A
:105A0000F7DDD00FF511E60307F104E7FF1BFBEA12
:105A1000EC01F129180C11FCEBF5F51B150DEBFF52
:105A2000EA040DFC0602FDF3FB18FD2C06FEFFFB4D
:105A30000A0EF7021309000C01F901ED041404EA3F
:105A400006F4FD0BF7ED2115F2FA031ED1F503085C
:105A500007FAF510020500F700010408020108E04A
:105A6000F7FDEB07D7DBF7031213FF1FFA0AFD055B
:105A7000E702F9E0170601F9FD0CFD0004F6ECF869
:105A8000EFFDF614F60B02FFF80801FD0AF102F132
:105A90001836EE0A211111FEFDFBFEFEF9ECF307AC
:105AA0000A05F103FF030603053417E43012F6F785
:105AB000FEFE04F7FC0BF808FDFBFBE20C11F906F7
:105AC000FCF700091BEDF9FEF9E903F2F41DF7FEFE
:105AD0000DFCF9020DFA1B0104110F1503DC0B0B71
:105AE00000FDFD010AFDF7EFF1F4F9F50808F30EEA
:105AF0000906020CF607FA0C0B00FA1BFFFCF9E88A
:105B0000F7F8F6FEFAFEE922FCECF318F9F7FFF7D6
:105B100008FBFAEA021503FAEB07F2FBFEF90AEDBD
:105B2000FDDEFD1BF707EF02FCFD02FA0512FB008C
:105B3000ED0400FB09010414F1D5EE1C16E5040682
:105B400004F2FA07FFE000ECFB0502F8101314F36F
:105B500003FBFFE6FC0F150100FB071101DBFAE771
:105B60000702F3DEF905163CFA12DF08EBF3F70340
:105B7000FEF4FBFE0DFEECEDE209FE02100608CA83
:105B8000F8E0C50323FEEF0909E80CF2F601FDF287
:105B9000F2FCF7021408F1F4F9E1E9060CFFFDFB51
:105BA00007F5FDE9FEF609DFF8FAFD0904F107093A
:105BB000E0F6F60B1E00FD070804F8F9F719FA0ED7
:105BC000060EF7F0EF020A1BFDF7EC0DFFE506FCF1
:105BD0000EF50512FD0005F7FB00FEF5070600ECCB
:105BE0000200E2FFF202EAFC04FDFA18020CFD0DCD
:105BF000EEFFFA05050AF50128100AE80A10FEFF73
:105C0000FC07FDF6EE150305E2FC00F112FCE202D2
:105C10002B04350F100907F70200FFFFFA070823CE
:105C20001816EC09FCFFEE0409FF48F3EE1103FE21
:105C3000FB06FE1B0211FDFB0C0304111007F716F7
:105C40000C26F3F6ED0412F5010806FA05E5050445
:105C50000102FE000811FA0E071832EEFC150506C7
:105C6000F9FE0101021EFC06F710FDF208F91CF115
:105C70000BEE00EE1020FA05FD000A0A0723030BC5
:105C8000F403F4F011042CEBF0FDEEF4F5E3F60A66
:105C90000916F813031110FA1BFD09070F08F6FA8D
:105CA0000438F7F4F62906FE00FEFD0901E6FFE6DA
:105CB0001208070FFC100FFD03180AE4FA0406028D
:105CC00003FC0202000EF9F8FEFBFAF808F90AFAE2
:105CD0000822FB0EFC24FA0202060615090DFFF14C
:105CE000FAFEF2070201FACEE80A0205EFE4070124
:105CF0000205FE2A06FE0CF40AFD151BFDFFFFEE51
:105D0000FF29E5EDEFF4000802FA060103FD00F8B3
:105D100001FB101D111608090013EA05E10BFD092E
:105D2000FD06F9E80BEB020B090005F712F002077C
:105D30001D190003FF05FB08FFFD0519FA03FE14FA
:105D40001DFBFF0603F6FDF3102111D9E5F40E0B40
:105D50000AFEFB10020A10EA0FFC07FDF0F814F12E
:105D6000ECF8D3F8DFEF0701F5F6FE100DED04F3C4
:105D70000801F711FB1401E1F8FAB420E7F9FAFB86
:105D8000FC02F90102DC1AE21AFEFE01F6050A0D18
:105D9000F6DFFEF4FFFDEF010109F9FAEE02FDF274
:105DA0000AF50F0DFF0F07FC04F6FEEBE8E301F127
:105DB000FFFEF9FAF72BFA06EDF509F6FEF7FEFA03
:105DC000EEC619F7D4E7F8F5F7FFF800F0FCFFDEB0
:105DD0002006080EFDF3FAEAE7D3E4F8DBEAF8FA66
:105DE000F50AFE1EF7D8050DF1001303FAFAFDF9C6
:105DF000F023ECFC00D7E4F2FDFCFD0706DBF8F82D
:105E0000EDF503EF190D0BE3FCECF3D115EDFE00FE
:105E100006FF13EC07E7F60F07FB03FBF001F604A0
:105E2000F2F923100ABE16F705F6F2D8EDE7FCFDED
:105E3000FDF9F9F1F9F9F81008EF19131EDF13FF56
:105E4000F8FA0BDCFFDD1903EEF700F0FCF919E6B8
:105E5000FDBD141010DB0E03F602010606FCFAFB72
:105E600003F50DFF09F608F3F2E70F1D04290A07F1
:105E7000FD0000E0050DF90FF40001FDDC02FB1C44
:105E800007C6E8FA2816F8000301F8C8080AFBFF5D
:105E9000FEFDFC080CE3F917EBF7F618290AFEF5EE
:105EA000FE01F9C6141204EFF702ECFEFE010F1911
:105EB000FD040A114F18FBF40DF70AF0FE37070531
:105EC000090302F1ECFD0DFEDADF0513DCFA010433
:105ED00002FE030EFD19F1140209F21BE8FC19CDB4
:105EE000F5EEDA0712E6E5070302FFF900F1FCEA36
:105EF000F801F8FD0803EAEF021BFD0528FB00F09E
:105F0000F6050907FA06F7E00204FEF613EAF31AAB
:105F1000FF2607DF33192AF4F10D0900FD03F4FB16
:105F2000071EEA12FA00D827F22A13C30CFCF5F771
:105F3000030A07FFF61CFCF2F7FEFEFF0AFF070745
:105F4000F0090201ED0F0908060800FD001E02FB22
:105F500001F2FEF2FC03F7FEEA0AEA001E03010862
:105F6000FC0BFAF5F8F308F809F9F60701F8E2EA8C
:105F7000EF0BE10605FB0509FD04F31000E2FFFB52
:105F8000FC07F7FD0302F8190004F8FE101BFD07DB
:105F9000FAF9F4FDFA0906FEFCF4F8040F03FBF825
:105FA000FA09E7F70018FC0CFCF9F4ECFF0710F80D
:105FB00013FA080A08FEFAFAF6F4EA060CFF0402DD
:105FC000040603F704F806060805FE0DEC0DFAF0CA
:105FD00001F605EF01100CEF01FFFF10010BFA0CA9
:105FE0000D0E02FAF3020117050EF4FE02F6F9FC9B
:105FF00001FC05FDF82603EBFD01FCFCFC0A1AE59B
:10600000FBF9A9031817F60E03FFFCF6060A0704AE
:10601000FA1605E90D0DFDECF8F1EFFE0819F40094
:106020000106FD0C00070704FC0501F1F4F9F51465
:106030000D05180A05F90C02FA05FA00FB06030B18
:10604000090007000C1703FBEDF60AF808F508082D
:106050000000010DFC1303EBF105FDEB1B0B12D34C
:10606000FF0DCDF733E809F9F709FCF9FEE00C0C58
:106070000AFDF8F80005F3E603FC1AE0100012F43C
:1060800000050ADA00F10310FBFBFC040102E90D34
:106090001DF12CD2040312040502FFEE01F304FFEC
:1060A000FBFF03F2FA07021104F3231619F5FD07AB
:1060B000FC0510F40917FA03FDFEFFEE0C09F00BC6
:1060C000FCEBE90BFCECFBFDF9F4FBD20923F2E756
:1060D000E0F308EB0501190BF6EBEC271DDF03FDE0
:1060E0000DFB0BEDFC15FEE8FBFBF9FFFC11F202CA
:1060F000E811F017FB00010A0DFA0618FB02FAE599
:10610000080101F50602E71D0100F60EFBD301F9B7
:10611000F9FD01E6F91EFEF3E402FDF3100107F5B7
:1061200004DCD3131822E601F7F201D5002BE9F4C1
:10613000EDF9EFFF15FD08FFF9CEF91B161B0A005C
:1061400008010B01F5EA04F2F600F204F70401E994
:10615000E6090B07F6FA23080108FF2608E3F8ED25
:1061600006F301F1020FF712F82AE2E600E7090B45
:1061700005F70008F00CEDDEECF4FCE3270A0FDE77
:1061800002FABC0EFE02F90402F4F6FC08F104EF78
:10619000030DFDF1FFFA02EF02E1FE091B050A07FC
:1061A000FF0A06E4F90303FC0C0A01FFEE03070CE7
:1061B000E1110EF1070B06FD020202FFF811F7FFD5
:1061C00008FC040BFD03110708E1D3E9F6EF08030F
:1061D0000D00072101E9F50101FA02EA110DFCE3C6
:1061E0000609FF07DFF4F605F7040D0107F8FC20A8
:1061F0000F01FBFBFEFBFDFD10050AF2130AFEF585
:10620000F909FFE0F70B02F8F811FCF8FCFF02FBBC
:1062100006FD12F311FF04FF0DFAFDEA031CFA005C
:10622000F70002F5FC02F9FD08EA0C07EE07FD0095
:1062300005FCFFEE00170209F8FA0AFDF704011445
:10624000F1EB0410F635F6FBFB090CF7FFF403182D
:10625000030C090CE6EED30AEEF71B060C4AF4F623
:106260000409FD0A04ED13FD140C0924E4EED5FE27
:10627000F93011EAE9E80A06F4FB0720FFD80CED33
:106280000BF50A19EDF4090A2016CDEFF903FAF31C
:10629000FB02FFEEFE0401EBF910F918FCF8130500
:1062A000F2F6E605EF16EF020110FEF000FA0EDC42
:1062B00010FE0514FC08E008E0101A011AD70901C5
:1062C0000409F415FE0C0306FF0A09FFF91115FA7B
:1062D000FBE31CF5FCEE0F0100FC010F010CFF0BB2
:1062E00009F70CE101012EE721D9EB01FEFCF811C1
:1062F000FDFF02FE07F9F1FD100200FAFEFA04F2BA
:10630000FC05E70E0807F6F3F001FCF906FFFF179E
:10631000F807FFFCFA02F2FC16E315FAF9EE13FD9A
:1063200003F501E8F71FE6F9E60902FDFDFDEDFCC6
:10633000F2DBF60114FF0006070200FD061B02F562
:10634000E80AFBF5140F1FF6DDD3EF20E0F5FF0997
:106350000A05F705F713FD08FC0406FFFEFE03E53A
:1063600001FA01F8DE01F9F1F00101E6F9F40600A5
:10637000F106FF02FAF5FE000E0E07EF0606EB0827
:10638000F603FEF0F90DF60AF0FCFC0115F8E1FE4B
:10639000FDF6120C080CFFFCFCFA0902FDF906F8E8
:1063A000F903F9F103FFF7FAFBEA051613EBE91518
:1063B000000406FBFBE402190A0E010AF402FBE4E6
:1063C0000A042BFE1530F50704F6FBF318FB001D3D
:1063D00031020814ECE6E9F50EFAF6FB2009190281
:1063E000FE01F8FD0100000312EBFFFFEAF0DB06FF
:1063F000FE100BEEFD03F9FE08FE02F6FCEEF51CA6
:10640000F3FEFFFCF4F9F900E9032EFCFB05F702AB
:10641000F9ECEE0EFC11F5FAF50B01FFE9EB01CBFF
:10642000F6CF080D150DE4F80213FD15FC14F30F5B
:10643000F0EE080F00F916E3CFDAD21D0731F8FBB2
:106440000303FF02F91AEF07FC1101010212EAF738
:10645000FE06EE02F111FFF60CF209EEFDFC0C183F
:10646000E8FB0611EAF114F91FFB13F9F3DC03F55D
:106470000605FDE207DA0610EE1209FAF1F206F857
:10648000FCE81AFD0EF000FCFF0E01FF0015FD15E3
:10649000E5F3F9F7F1FAD1D10A1914E900EC130682
:1064A0000C0CFE2B0BE3F4FB07F8F711FDFD05E5E3
:1064B000FA19010CCFE71C0205F6F8F80CE1F7E336
:1064C0000702FD1401F6F706F502E7F8440EDD02B7
:1064D000F1060EC209D90D0316FD040602E5F53FCB
:1064E000FFF753FE341F0B01090601EDF3E4FFE64D
:1064F0001EFE17FBE7E9EA3FF0232EF417141DEF09
:106500000BF305CE071B0011FDFD1F05F701F5FC80
:1065100017F9EB0EDDECFD09FFF408FD0D15F3197D
:1065200004F90AE8FEF916F305CFCE053F030CF691
:10653000F5FA07ECF9C81AFE09FA09F10C02F11D87
:1065400022103FE917F80C0605060C1AFBE7FF05B9
:10655000E7EE06E6FEF5E921FFF221EAF9D60107AA
:10656000030303F701FFEC01F802FCF105FAF5FF64
:106570000EBFECFCFDD7F7EB1304FC00FD06060A8A
:10658000F0F7FD01F7F01003220BE110F5110507FC
:10659000FBE9F80D09EAF024FD010209FAEF0EF11A
:1065A000FFD1FA01144AEF0700060AFFF22C01237B
:1065B000FF030C0FFAFFFE00F30DE308EC48EEECCE
:1065C000FB06F71B07080FF6200BFB0C13FBEDF087
:1065D000F32B100EF22001F2FB14FDE9F6E7F71998
:1065E000FE0EF11302EEDD03CC0B35F9FF06F0F1E0
:1065F000FD03F9E601E8FD15F402F20EFEECE53FBD
:1066000012FD2F1C23ED01F9F1FD030D02CEFBF36A
:10661000FDF00EF9F8FAF81EF5EA06F4E9D805FEE1
:10662000F5170B0BFFCA03F414E40E02EAEA02ECBE
:10663000071925EFC2F5F813030311F30FFA000150
:1066400003FC0603F1FD09121203E6DD0603FCEB71
:10665000FF05FDFB04F10FF7F9F50F19E9EDF12244
:10666000EFC7160619FBFB03F8FCF7F1FE000FFA63
:106670001D0B0714F6F9D30C1FEAE60006FCF8FA26
:10668000FC00EFED0729FE13EE01011AE8070425CF
:10669000FAF5EFFC16DB030107E001E4F909FDF868
:1066A000F6FC03F8E6F8F5F1EFC6E1F80EF905F7A8
:1066B00006FAEFE3071CF3E7DF0EFEE7F800FF1131
:1066C000E9E40D03F010FC020707000605E90D04DC
:1066D000F90410FAF0FE0A1AFCF0DFFCC8CF0A1128
:1066E000FC02FF2406E60606F6F10DF8EC0F12FD9B
:1066F000130807EED1D1E605FDF9F832010AF9E7F2
:10670000FEE9FDFEFF0B21F127E4AEDE0C1D0609BC
:10671000FE08F1D30205F1E40206FCF6FFFEF90DD6
:10672000F8F5F7121DE709FBF401F8F2030C04EE8B
:1067300003F7F606FCFEDEEAFF0E09EF04B22505BC
:10674000FD02FFF207F512F5F0FBFED8F20C26F180
:1067500009CA07FBFEBA010112E90223031FFF0168
:10676000F6F8FEDB1C1625EC19E4DAF4F21002014F
:10677000F60E0200000F0A0700FAFD05F1010717E7
:10678000F3FAF5F8270DFF0BFF08FFDAFBFDF6061D
:10679000030AFB1005F7DBF0101134EA180125FE9F
:1067A00009F0F9F202190C0DF3F9F9E8F50102EC20
:1067B000F104FD012403F9F803DFF6FCFC17F611E0
:1067C000E6F1F4D808FA0CD5FCDEF4F619F8F60870
:1067D000030C081EFF0DF212F2FA08FD000800EB90
:1067E00010110909E70B040BFD09FFE501EE00118B
:1067F000E80EF8FE09F8DB23200F30ED0F260BFC26
:106800000808FAEB0D1D07EEF6F900FEF7FAF80A94
:106810000426E1F6070FF1070B0D021DFDF20A1128
:106820001105FA060E06E80DFC1CF5D82315FFFF2E
:10683000F9FD0ADAFC23F50AEF0AFFE7E9F0FB139A
:10684000DCD9D61E4956E4F1FF0801EBFE0CFC161C
:106850000518FCFDDBF9CFF8E7FBEB053E1B050156
:10686000F60906F5FE06061213F51417F4F9D11011
:10687000EFF0E2F8F6C908EAFB0107F9FEDF00FBDA
:10688000F6ECF0F7EEEDDB1B10F7EEF3EBDEFF0BB3
:10689000FFFAFFFCF7F003EC1C06F6FFF5F1E9D276
:1068A000DE0FE201F5C7E0F7F71500EF09F4091074
:1068B0000F020001FE04D3E8D3102EEE06F002050D
:1068C000F4FFFB19F30D0021F4080C04F7F500D6D2
:1068D0001DE00FE3F8D6FA0E07020114FCE5FDE116
:1068E000FFE511DDFFF22EF526D7D90AECE9FAFF14
:1068F000F60A0800FBD60BF9060002EB1AF1F3E6E4
:1069000008230AE7EFF0FAF9FCFFFEE005EBFD01D2
:10691000F50D0FE3EF0AE5F41AD536CDE40A11FCC4
:1069200002F70329FD0DF704E1FDF0F7F1F8F0F2AD
:10693000F5E4F5E706F9FE01FFEBF400F700EFD20E
:10694000DDF9F5E4170F1CE1FFD5F94202EDF1FC8A
:1069500004F0FBFCF6031912230902FF1105F8FFEE
:10696000F6EB32FC0603ED04080001F8F6F202F340
:1069700009EC05F9EFFBE427EB0A25E505F416021F
:10698000FAFB0AEBFA08FBF7F3FFF6060D1217E71E
:10699000F1EFC90D0109F1F5FBE70E3D02F2FEE64C
:1069A00002FFFEE815EE19E9E803E008F8E3FFF955
:1069B000FAF4FB1401F4F9F70F1302070002FCE2EA
:1069C0000A0203E500040507000C040C02FC0B118D
:1069D000F7F403EEFA0304EDFFF2FCFA2CECFDFEF3
:1069E000020301D1FC0C02F8FAEFFDFA07F9EFE01F
:1069F000DFCBFC0D110F22EC030404D806170410A2
:106A0000FB0DF706FBE7EC07F4FC1305DE010EF6C1
:106A1000040907130CEAF610EF0511EEFBF506FD6D
:106A200011F317F90504EAFCF902030EF815F51243
:106A3000050605FE0DEF15EA11EEE3040030F2FA4B
:106A4000FE0B05F40B28FA110A0EF025F405C6FA20
:106A5000EB2AF51D1D350B14FC15FDE303F6032889
:106A60000F09F23EE8F5BD0FE31F20E314F6030023
:106A7000FF02FEEC09E304FC01EFF8F3060B1C2A0D
:106A8000121303F0F0050C060F130B10F201F8F6C9
:106A90000903F8E7F7FC1023F7FCF5F7EB0DEB0A19
:106AA000FE0F04180BCE10F533FF0313E702F1F5C8
:106AB0000627FA00DFF5030F0504F1F8FDEE0B00E1
:106AC000FBF00719EF120706240BC0DF1B1FFFF0B6
:106AD00003FCF60906ECFBE701F10D060501E910E0
:106AE000F7FBFC013B040E08F21205020905001732
:106AF0001FF405E9FFEAD60BFFFD00F00EED0FF4E1
:106B0000090BFDE902240041F00111F5DF090D1226
:106B10002DD91BD416E209FAFAF0F9F9F61BFEFD9D
:106B2000EDF8FCD9F30402F810BCE61AFBDF12FE04
:106B3000F30406F3FFF1F9F0F003F8E80AFB11049F
:106B4000F501D61705F90204FC03FEFA072403F841
:106B5000020101E9080400FDF8F4FF01FD0DFD014B
:106B6000011504F80F15FC0807FEF6EF090BF2EE0D
:106B7000F2F6F9FA18D91A0204F9F0F7000D050136
:106B8000FD08FE10F0ED03E9F9FD0C14EA111C03F9
:106B900003FDF90E060A0BEC060EEB0606F7FFFFE7
:106BA00008FFE30EF521F6FFFCFDF90CFFF006F9F6
:106BB0001308F2060B0905FAFAF9EEEF05040101D4
:106BC000FD03F8EBEEFD07F5FA0A02010A1600F5DF
:106BD0000EFFFDFAF803FE0BFE05F2F3EB16EBFFDA
:106BE0000F0207F701FC0FFAF2FC060D00F212FA91
:106BF00001F108F801FF05F60B040C00FCFA21FE78
:106C0000FA02F309F7FCF1FC11050E13FD0202FC78
:106C1000F902F4F8F001FFF4F9F4E8F1D8FCF0100F
:106C2000FC0202090705020CF4FAF6EC0307FD006A
:106C300007FFEB02F7ECFC0E0700FF10FEFF0B0551
:106C4000FA07F1FBFBFC0503FC09EA14DF170DFB57
:106C5000FD0305EAF0F306F0EB0800F0F4F7FFEFB0
:106C6000FBF9EE04E7010205FBFC080BFD0A0EF040
:106C7000F3F205E30208FFE3F20CE601F40501007C
:106C8000F005080B0ADC0003F1FBFEF1061906FA19
:106C90001303FA07F2FD0404000701FA01ED09FFEE
:106CA000FAFA0EFDFD1118F916F5ECFBD808FBFCFD
:106CB0000AFCFBFA022BFE000705FB09E80724F19A
:106CC000DFEEE910F321FF0E01FEFB06FB0502F3E8
:106CD0000312F607FC0323E9D7F3DE101D200A0692
:106CE000010B070309E90EE6FD0D070AF311100376
:106CF00011DAEEE7E8C71005FFFBFB07F3010DF320
:106D000002000303FC14050901ECE6CC0ACB03F8EE
:106D10000A07F1FDF7FFFFF6000905F8090507234B
:106D2000EE24E708DCCB00EBFF0E040402E80C01C4
:106D300021F5FEF8F1F2D3F2143019F6FE060D0635
:106D4000030503FAFDF9050AFE0206E4E40C18F057
:106D500011E2E4EF1622F306F302FCF2F51BFE0F3C
:106D6000FB0607E52AFC38EC2BDE02F20316F108DD
:106D70000708FAFBF422180B15F903F4F3FDF70FDB
:106D8000EDF6E8FD1CFF04FB040B00DC05190A0A04
:106D9000FB06FBF6F7FE0D09170603031BF4F705C8
:106DA000F5F9FFFE031AF70ED6F603F9EAFEEEF93F
:106DB0000906F2EB23F5F100FD03FE08F8F40FF7E6
:106DC000EB06F4EA1FF706BCEE13363109FAFB03B3
:106DD000F903020BFC2C051A0302FF050B1702E74F
:106DE0000300E80B01F10B0EFD030AF609120A0875
:106DF000F9FFF9F0F7000FE9E60A1BF302F00706C6
:106E00000CFD05FC03D1F8FEFD05FDF517090CEBA3
:106E1000072DF2F217141406FA01FC3E0BE60205E8
:106E20001811060DFDF5FC1D014B16DAE2D8FAFC2F
:106E3000FFF6F7FE030201F6F8F504E3FCFC0CF59F
:106E4000E9FF0001FBF8F206F4F8FE1504F8F70D6F
:106E500002F7F9E0220305E9FF05050E00C7EB0E76
:106E600004FBFFFAFF0B01F1E60101DC1B13060333
:106E70000ED9F91B07DC0B0105F3FEF006F6FAF854
:106E8000F103FEE91301F00DE9E60815FA030FF02E
:106E9000F1F906F002EDFBF6F6F5FDF9EE040DD979
:106EA00000E3110AFB0505FB0CFC0AF9FF19F4EDE0
:106EB000F104FEF7FBFE12FDEFD5F31E0D4C0205AB
:106EC00000F702E10B04F70B01F9FCFA14FDEBF7F4
:106ED00007EBE8041318F9FF0EF1FEDDFEF0F5E60E
:106EE000FC07F6FCF6F11133F20DE628F50600F981
:106EF00003F104F903FCEDFCF7FCF5FBF6F611FCDD
:106F0000FBE6E10BEF12FE03FEFBFB07083100FC82
:106F1000EA04FB02F80F1E0B09E8E0FE0E00F30284
:106F2000EEFEFDF103E8EF05F70CF00F05FF04F0AE
:106F3000F9F3100211FE13F6F0F500FFE81104FB5F
:106F40000509FB0BF2F50D0EF9ED1BFEFBFCFC0B2E
:106F5000FE02FBE9FD0BF500FCF9FF04FA0408F161
:106F600008FAEEFBF7F30106FBFA081A0217F8110C
:106F7000E708F7F812FD0AFE050810FAFC11EEF614
:106F8000FC0D050EF4F8F614F704F9F60CF703F50A
:106F9000072B3421100F02FF0109F4F3FCF3F3FA7D
:106FA000FE04F8FBFB0BF807100D24E916FEFE02A9
:106FB00003F400F105E107F50303F7F903FCFF0013
:106FC00004F1DF0AEEE40E0111F5F80B020EFCE805
:106FD000FD03061204FE0B0CF6FCC50DEAFC0403CF
:106FE000070C0F0C000CF7F70604F805FB0CF63045
:106FF00003FFF10D073FEA05F9FF0807FAFCFB1450
:107000000504F21BFFFCFE0EF81826F80320080CFE
:10701000030401EDFBFD1BFE0808FCF80907060F41
:10702000FAE8E6060B1811FB03F5FDF3081A02EA6D
:10703000F707F1F2F9060F1EEFEEDE0701EF01FB95
:107040000CFE040707FE050602F2F3FD0C1B11E718
:10705000F00524F6EDF7F6FD01F9FD1EF706060131
:10706000FAF80117F80E0D0CE9FC151009040CFADA
:1070700003FA03EC03F7FF01FC06FAFE051610ED18
:1070800000E7DD180BF50B02F5010E0507190B06DD
:10709000F4FD07FAF412F3F4F8E6F10405ECF80352
:1070A00002F502E7F7080CEAF90405F001FEFDEB32
:1070B0000DDA1909F7ECFEF80A0E04FC0317EF04C9
:1070C000F0FD06F6FC0911F5F5EAE91CFC020DF7E6
:1070D000E8080113FCFEF901EB01F912171416F58B
:1070E000050FF7FE1200FE0406FAFE03F109020680
:1070F000FFFFF7EC0B0107FA2FF016F5FD090AF96F
:10710000FEFC0FEB001401F8FDFFF5DF0807F7FCAC
:107110003CD3200BF4EDF7FD0AF908F9FAF9EEF289
:10712000FBF8FDE7F2F116F4FCE0EC1DD7DB01FB08
:1071300009F1F50CFE0A05F5FE0DF209F50A14F247
:10714000F506C7F8FF09FC0FF90AFCF704F90EEF82
:10715000FE0BFD000205FE110407EB011C4003F8C5
:10716000030D02CC021A09F6F50802FB0A00E6FE3E
:10717000CFFB0F0C0F1707FC060E06F0FF00071ED3
:107180000CFDFE08FFF0D5E0D81055EFFDCC020451
:1071900005FC0318F7F70A05FBF303F1F8FD0104FA
:1071A000FE20EFF3F413FAF80207F60001F612FFDF
:1071B0001F0203F50009F511060CEAEFFE110200AB
:1071C000F510FFEBFFED080D17FFF232F3FBF11A9C
:1071D00003060CE50C3106F5001003EEFAF8F80A88
:1071E00014060C36F004E1ECE60738FC03FDFBEF77
:1071F0000D020705EF0DFCEE05F70601F5FF15F989
:1072000002F5F9F8D609F700F306F9F906050510B5
:10721000F20B03F1FA06E5EDF4FAD5E8EC0FECFF1A
:10722000F703080DF7EF0B0D16030CFB0301050424
:10723000060600030EE8FF0503FB030C03D808F461
:10724000FBFD04F600FAFB080A02F3E81A0AFF0144
:10725000FAF4FC0D0207FEF30FFD03F8FAF5FFF355
:10726000FA0DE5F72BE8FB04FD1A080AFDFA1003F6
:1072700005F801E60D03DBEDF7FBFDF40AFB0EF369
:10728000FE00FCEC06F8080BFFFF0505EB0104FA15
:1072900038E8ECF009F6F9FF0AFE0AF6FBF202F90B
:1072A000F4F112FB01FE240012F7D1FF0DF0FF03F1
:1072B000070D020CFEFFF3F6F3FE0B08EEFA04E8EE
:1072C000FFF107F901DE0D030007051701F2F9F2DE
:1072D000FFEDF8FA0A00F4FD07F3F3EDC6D2FB0B5D
:1072E000FDFC07F5FFEEF8F601F6FAE90AFA2711B8
:1072F000FEE304F5FFFC06F90600FB00021F0C1874
:10730000F70BF7FD0AFA09F7F3FC02FB0D0A090572
:1073100012FA09FEFC04FEF7F40207F1F80410214A
:107320000605F20207171503FFFEF709FEF9F80F2D
:1073300006FB03F906FAE40E1F08F4ECF5F8020563
:1073400002FF03F7F8F8FB090EEC00F6F9EA031A5E
:10735000F905F6EF0DFFF1FF0604FDECFA0703EC6B
:10736000F20202180505F9F0E8F335F80B0905FCFF
:107370000802F90301010307FBFB000B000D0102EA
:107380000C000DF60E08FA0EFD0F060BF6EF0006C8
:1073900010F5FB0B01EBEAE707271402F70108FDE4
:1073A0001006F5F007F3FBFCF201F60105F8EBEB34
:1073B000F4140401E50800FBFD0601F1FBE4020FF3
:1073C00000F2FCF6F606F7FA051C01ED0906F90DC8
:1073D0000910041106ECF6FF0DF9FF0EF9EF020B90
:1073E000FDFE30F700160003FE0402FAFA0C08FB5B
:1073F000150108FF09FFF6000DE61C0DF5030A0351
:10740000FDF906E3FB0AF30709F70617F4EF0AF2A2
:10741000FEFEE811FF10F404FFFF05F4F8F4F8FA9B
:1074200000F6F30EF004FCF5D714FD02170B170A53
:107430000B0202F1F7F7FFEBF5F7FDFA241001223A
:1074400007F60E00D7FB13F603FBFA15FD0D001728
:10745000FBFFFFFA0601FC14F806FFE6E6BD0E028C
:10746000EEFC011506FE0100E2F203041B131BFBF8
:1074700016DC0301F3E3F40505FC050D020800F337
:10748000050D0209070722E8E2FBF3EE2942010499
:1074900007FEFF04F8F2FA1F040EF21600040B11A7
:1074A00009120EFA22F518FF10FEF612FDF1FB008C
:1074B000EBF50408F5FB1E15FB0C0FF2EB260FFC99
:1074C00001FFFAE5FC0205F2E80108FF0D000A10D1
:1074D00013DE09FE101800F6F9FC01F20A15081077
:1074E0000802021E0400E10AE306040F0119FD0D63
:1074F000FFF7FBFAF703E9E1FD070510F4F71524A0
:1075000007DC03161416FEF608FAFCF6FC33F90441
:1075100001F8FC08F603F0FF00F6DF1B1EF7F4FF8E
:1075200009F9F8F3FF01FE04F600F2010800F4FC8B
:10753000FEFCF7150FF60205F80B11FB0307F3012C
:10754000000B020101F302F2F90E34E7E906FD0532
:10755000FF0605FBFF32F601F606FE02F30B2FECE9
:10756000F202D004F4E3F20202FFFAFF08F405F29B
:10757000E8FDF7EA050BEAE8F7E5F7FEF70204F69F
:107580000A1A05F804E4FE04100300F3F1F40105FF
:10759000052206F51B0901FD011007F6F70202F2AC
:1075A0000F06091CF9FB010D0B3727F713FA03FC33
:1075B00003FD060201F9051208FF09FDF7000BEEB5
:1075C00000E81E01E3FAE708F2EBF81DFC1BF5F7F3
:1075D0000811FB06FF00DA16031C2AEEC7E0F2F5DD
:1075E000F600F007FCCEFEF805030E030C0FDD0CD1
:1075F0001514F5F5E9BADDFD040A011E0BEE05EBE5
:10760000E4F4FCF70001D8FAED0AEE06040DFFF0F1
:10761000FC0904D503140420F000EEE6F3F2F9F8B7
:10762000FDB527122DFE0003ECF109180AF3FC0545
:10763000F202F2F212F7E112FBF30A1B11ED1BF05A
:107640000FF7F40501D6FEE41AFAF7F4FEFDF1E5B2
:10765000F6E927DEDDA311F9FCF9F61B0DD00008D1
:10766000FF020C060405141CF2FF18D607FD1004D7
:10767000010006C204BEF3F1E80A0A0B0400E61991
:10768000FFEE05EFE616180B020405FA02E70B1DE4
:107690000BEE0D1FE6E7F011F8FF01FD14F718F4EB
:1076A000FF0F02ED0CE6F7E2F3140610161B0608B6
:1076B000F811E8FFF2FB02F5FB00FBF4F914FE02FF
:1076C000050B00DCE6F90D23F3F8FD08FE14F2E8E3
:1076D000F70900080BDEFE1E0409F814FE01D72B83
:1076E000221B05EE0124F3FB07F301E0F507F80C7C
:1076F000F50C09150109F9363DF426FCFD0D09F5D7
:10770000FC0EFFEFF3FF060AFF050AF70BECEB0F89
:107710004C3323F5012403FDFC01FCFFFF08041E8C
:107720000C04F4FAFAF40517323A1BCCDBFCFE0227
:10773000FC09FAEEFD1F090CF7070303F5081A0808
:1077400000F4FE12042EF6FFF60F0B00FB08FDF905
:10775000F4110D1CE7FEECF2EFFCF6FA1709FBFD45
:10776000F11308F002F90B060703F907F100F90815
:10777000FA09FDF7F3E80B0B0102021405F0FBF721
:1077800000FC0603F601F116F30CF9F4EBD102FF4D
:1077900007FE090803FEFCF50509060807FCFEE8DC
:1077A000EE0CF2040AB0020BFB0AFF0A01EB07E73A
:1077B00018FDFF040FFCE5EAEC2AFFED0EE41106CC
:1077C000060AFB0500160B11FC030AFAEB0803037B
:1077D00014E3FAF30C1DFDFE01F4FA0F0709FE0D88
:1077E00005F509FF0205090024EBFDE70AFDF80194
:1077F0000305F71004E0031422050CE70BF7E80774
:10780000062CFAFFE10B0405F8050707FB03020F3E
:107810002100FB02F702FDEF131C01EEEA13FD0647
:10782000F9F7FB000017F813F6F70200EC02F9F382
:1078300012EA09F708F9F9F6F401FF06F6FB0C0065
:10784000F8F2FC08060000DAFBE90127F30FFCFD63
:1078500001F807F4041E0DEE03F913F9F10CEB0522
:10786000F8EAFEF5D8FD0AEFFDF503E6FB0702F99D
:1078700004FE0F0BEB0A14FDE3F1E500EC02F0103F
:10788000F807FD1AFFFDFF0101FB0302040300EDF1
:10789000E2D6F1F6E0F8E6FD02FB0B110208FBED83
:1078A000FC04FBF20C020EEACD01FA1912FAFFFEFB
:1078B00000FE02FE00FCFE02FEFAFFFA04FE0303D5
:1078C000FDFF02FFFDFDFB04FE0102FB00FFFF02C6
:1078D0000100FE0604FF02FBFAFFFE04F4FE01FCB9
:1078E00002030502FFF7FC0105FF02050103FF008B
:1078F000FE01FE00FAFF03FF01040002FD0000FD8F
:107900000408FA0200FCF803FCFDFFFBF9F3040293
:1079100004FBFEFE0001FE01FF0401040301FCFE66
:10792000FFFE010108F4F4FFFDFCFE00FDFE010076
:1079300001FEFE02FFFEFCFE01FBFEFC03FAFE045C
:10794000FFF7FFFFFEFCFE0301030302FEFEFC0047
:10795000FCFF04FF0007FF04FC0401F900FD010324
:10796000FA0202FF04F902FD02FCFE000800FBFF20
:10797000FF0006FCFFFCFD0100FB01FAFD01FC031A
:10798000FFFFFA01F0FDFD0004FFFCFDFDFD03FA21
:10799000FD03F7FC0003030000020400F6000000F2
:1079A00001FDFCFD040302FF01FCFC05FD00FF00DE
:1079B000FBF8FCFE04030403F902FF02FD020306C8
:1079C000FE010306F700FEFFFAFB03FBF809FC00CB
:1079D000FF02FF0101FFF9FE020200FAFAFDFE03B9
:1079E00003FEFB0003000202FBFD0105040300FF90
:1079F000000106FF00FD05FE00FF0301F804FFFA89
:107A0000FE04FCFE00FD0001FEFC0203FBFCFF0582
:107A1000FE04FFFA03FEFBFC05000300FC00F70177
:107A2000020302FAFE0000FFFEFFFAFFCD02F5FF9F
:107A3000FC080C14FCF211FD1504F315F408F6E92A
:107A40000E1A0DE7E8E4EF0B0802080401F1FA1141
:107A50001EFF1011F906F217FB262BFE1D350C1127
:107A6000F906FA0AF1EF01E703E4FDF903FEF4FC7D
:107A70000426FCED0003FDFA07000AFB080AEEED00
:107A8000FBFB00EF0D100E0B0AF6E5FD06B90DEB42
:107A9000F2F6000303050001EFFB1DFAF20B1C09CF
:107AA000FCFA17F6F8F20DFA04F404FA09FFFEFEE8
:107AB000F8000811000C121207D5E201EFE6FF05ED
:107AC00008F60113F60EFBDD06FA1313F6F50F07A1
:107AD00000EEF926ED0A0D0DF404FCF1FEFD00F1B7
:107AE000000E040F070CDE11060AFBF40E02F30B66
:107AF00007F905F60F11F805F0F5FC060606F80380
:107B0000E8EE170515FA17FF00070DEFFEF8F7F17D
:107B100005F8FCFF0B090816F402CC2F0AFF05F646
:107B2000010907E4F1FC11FF080904EA16FDF12A36
:107B3000FCFAF00C1B0FFDFDFDFCF4FFF8FF09FA49
:107B400004FA0B02FBEDEEFE1F0413F5C40EFEFC5F
:107B50000D00EFDD0117FAED0BFC0009F1FB12112E
:107B6000F0C9E6F6D807060A0DF310EA0805FEF19B
:107B70000906F527050C1AD6E5E7C41EEFF9DE0263
:107B8000F3FA070EF5F500EC18F8F00A05F3FA0F12
:107B9000CFE4F30E14F4EEF402FDF6F2F2F007EC8B
:107BA00007F2FB2301FBF0EDDBF4231200BB0E0A0E
:107BB000F302FBFCFACB07E0E50505E505011BF642
:107BC0000800F705D9C70AF600E7030605EF16D542
:107BD000CF0801EA021B330E11E2FCE6BABEFA1529
:107BE000F900F619F8EAFCF7D8000CF1061F1605A3
:107BF0001FD5F9F0F8DBD6FAFDF00E02071506F8EE
:107C0000FEF905F316150DDA14D9E3F402F40909A7
:107C10000EF5F8FA01020DF7FBFDFCF9FCF81A3F2E
:107C200011000102FEF20DF2FAFE01F007EA05F67C
:107C3000F7F4FCF713FCF8204416F6F5F0CB070434
:107C4000F8F7F9EE01F006CEF7ECF8E6F8F0110AD5
:107C500001F1DEF2F1CEFFFCF1FA00F6FD05FEF6D1
:107C6000E8FE07F001F7FCD50D01DCED1802FB0D75
:107C7000100BF80C0013FF0FE80F142AF90BF20396
:107C800008F0EEEF1606EF0BF21112FDFD000FF7F4
:107C90002EF6F3190C01E7F20D1B0101FD0013F2A2
:107CA0000104F80D12E4090B2004F3F5FCFA0E07A9
:107CB000FB2CF2EBDE18E5FF0909080D0E0B03079C
:107CC0001EFC04ED16F7EEE10A3F33D80CF6FEF683
:107CD000F10807061204172007FF0504EE09FFF656
:107CE0000BF62DFE070800FD000317EAFE03F3FD67
:107CF0000AEE09F3FF011407EAEE1F0DD8F3F6FBB5
:107D0000FFFCFE0DFFFE06E30CF50213F3F50BF28C
:107D1000D0FAD21404F6FAF50715FF1700F9080A8D
:107D200015F71221F70302F2E2190C01FD0B04FF13
:107D3000FBF903F80B2E0308F4FF02F5000E070908
:107D4000FFE2E30520F1090105FE00E7FF26F80147
:107D5000EA04FEFC030E0509F8F9F01833FE0400EE
:107D60000406F6F20003F2EB0000F301000902FC46
:107D7000FFECE10C04FC0902040A061E020601FFE6
:107D8000130903F40B05041F0208FE05F223F00398
:107D9000FDFF0BF6081604EAFEFD04F2050E09E3EA
:107DA000FDE8BD022728F80AECF6F5D5001901E92F
:107DB0000605FEF7120C09E5F8E3FE050DEC0700D9
:107DC0000007FBF201050908FB09FCF3ECF0F901DF
:107DD000FFFFF5FA0D10150C0404001F0B07FD0A38
:107DE00008FE04EA0D1900161106DBDCF5E602FBBD
:107DF0000302FF1A050BF7001AFDF2EA1F1BFFC072
:107E0000002DD002F60BF1000AFFFE0C03E90D0471
:107E10001501F603FB04FAEF000E04E8160FED015E
:107E2000010D06E2FE1F0419FB0504FAF506F5F53F
:107E3000F6FF02FD130D08FE0FF6FC0F0A14FA04FC
:107E4000FA00F9FBFA0F04F308DAFDF5F2F2120971
:107E500003FE031F00F403FFFFFE05D80DFCFDF534
:107E6000021B00F2DF01F2FC06FD06080DFFFE0416
:107E700006F8F70514FCE7F7F9220EDFF20BFF0313
:107E8000FF0611FC05F2FEFBF8FE030705140502D0
:107E9000F4F6EAF509070AFB00F8FE0B0312F60CEC
:107EA000FCF709F30906F1F213F6031ED8191CF9C1
:107EB000FDFE02FDFFF20CEF0505FEFCFBFB11F2DF
:107EC000F608D0F9ECE70A1001FC040C000AF3E311
:107ED0000EFA02FE100D1AF1F7F8DD04F1D70304D3
:107EE000F90204DD05F303E7F50200EE13F70100E4
:107EF000F1EC11070631F6FFFE0C02F10A1D001F1E
:107F00001907F61DFE04DFDEF61B43070CE90BF92B
:107F10000509F2FBFFFB0BFCFDFBFB04160101FD59
:107F20000512F300ECFB07000703050C01F70B013A
:107F300009060FF20AFB14100A0CDBFAE71107041A
:107F400001070900FFFE090F15F5FB0E0408F20DED
:107F5000080A07FFF823FD09FC0C09E90609080DCA
:107F600004FD0D22F2FFED01ECF4330D05070AFDCF
:107F7000F5FB07F9FF18090011FD02FBF6FE160DCF
:107F800002E10813F20D0CFF0BFD0D0BFC1A0002B1
:107F9000F70D03E6F80500F1F0F3EFF9FFF4F1084F
:107FA000F9FD0209EDF00304F0F707EF180D03F7F0
:107FB000FFF90318E8F404FBFB0BFEFC00DEFDF206
:107FC000FD070AF4F508F00502FCEC060F0902FEB5
:107FD000F70504FEFE01F800FFFA0504FFFF06EBBB
:107FE000F309010223020BFB000BFE000001060552
:107FF000040AFEF205FAF1DAF7F30BFB17FE09FBB0
:10800000FD01FA1207FBFB1B05FD0DF2F5FD00F566
:108010001BFDF515E8FDF002FEF903F4F7DE08F9A3
:108020000DFC09FA04F710F415E8DA000D26F5F84E
:1080300002041405F823F6EAFBF9FF16020FF120FB
:10804000F5E6F91036F00D050202010BF50C15F9F5
:10805000FD050A210001DCFCF00AF4FBE8DD0A0F53
:10806000F704081A08010EF21F0012FBFBFDFDF4D5
:108070000A09DBF303030209F30405F1FCE9F8FB49
:10808000F0F804DE110B24EE16FFDCDC0F040C0C00
:1080900009F900F6F01005F40A070CFC120EE007CF
:1080A000FD26ED02F60511F90208F8F7F5EF03E9F0
:1080B0000FFE01F3FDEAF2FAF213F402EBEE140FF5
:1080C00003FD06FA10FE0EFE01F4F0E3F40605F1DE
:1080D000FEF0EA03FFF808031006FAF6FD09030FA5
:1080E000030801040416FAFA100701FC0701F1095C
:1080F000FFF6051BFA110EE707F40505F7060CF36A
:10810000F711E0163304EB08F609FDF3FA1901E75D
:10811000110CF40704050E23EC01E70A030CE70C2D
:1081200002F803F1FB1209051FFAFEF8F4F6F20A51
:10813000F704E4150704FB10FD0B010301E00CFA42
:10814000020BFDF7FBF807010008FBDFE6EE08076E
:10815000010E08060316F3EAFB11FFF003120ED11D
:108160000AEAC60204DDF0F7FB08F71DEE05000D74
:10817000100303F31007FADF01F9BDFF31FD090F0A
:10818000FA06EA12050201011C0000F42205F1F6CC
:10819000F014E8E91600211C030202FDFB1007E7BA
:1081A0000C0EFC07E606E31B133FEBBBF9C90B0DF6
:1081B000FAFD01F3FEFBFDF7FC0204E5100223E4E7
:1081C000F9E3C2020CBC0AFC0EF100F90213FFE64F
:1081D000FBFFF8EF050421FFF5E5CF09010F08F6D5
:1081E00012FBFFEEFB20F40B0500FBF1170A1B1539
:1081F000E0F10F100121F8FD01FDF2F6FF12FC1174
:108200000602F6F80805E003C30A360BEAFC09008B
:108210000AFD02F70CF5FFF9FC0CFFE7F6FA0AEC91
:1082200005F5DE05240607FAFEFC08110506F6F042
:10823000001602E319FE14FD1516EE1A0608F106E3
:1082400000FF0503F8F006FFF901FAF80904EB0254
:10825000FBF900FC14C5F90B02FEFAF00CD7FBEE9B
:10826000FAFAEE060501090DF6FF1608FBEA050508
:108270000102FB11FDF7FEFE030707040A0AF5F7EA
:10828000061FF402CBF10307F401FCFD08E8FC052E
:10829000F90DEEE9EFF117000D1229F2E311F608DE
:1082A000FEFC0114FAEF03FDF7FCFF0D1002F3FFD3
:1082B00008F1EAEAE3FAF5F9FCF9FAEEF4EB05E97C
:1082C000FFF8FDEBFF03111519FCEF320DFC050063
:1082D000FBFE09F7FEF309160BFC03FC0203FF1576
:1082E00002FE0E04F0FD15F908EDFB0DFF0DFDFA81
:1082F000FBF9090203091B29010A17FBF701F8041E
:10830000FF03FD1F0AFB00F9F505050D0FFD0CFA33
:10831000FC09F218E5E904070400F409FEE0FB0596
:10832000EBFB02F807010BFD0208F8E4012C05FF46
:1083300002FBF3EAF605FA070CF70008000F100C31
:10834000FB03EB14FE0B0FF901F9FAEEF70402F14F
:10835000F403F909FE0411091005F5FCDCF808F72F
:1083600000FF010FF7FE0EF2EA000016EC0707030C
:108370001104FAF8DEDAECF8FFF50517F9F5FEF06E
:1083800005EDFF03FF02F8FF13EADFF5F719060911
:10839000000E08F5FAFEFCF3FD0105EF0E080C0DCA
:1083A000ED0ED604FCCB14F301F8F2F5FE0800FA4A
:1083B000FD03F8F41120F6FDF7FAF7E9F8CA0F0B00
:1083C000FFF0F01FFDE605FCF8FD10EBFF002002BA
:1083D000FED7F804E5BCFD0D01FA0933FC0603E7FE
:1083E000F3F609DC1D1826F903DBD41306F7FE04A7
:1083F000FB0C000E0309FCFB0400F7F20E08FFED76
:1084000005FEEF0008021B0408F901E3FDE6030284
:10841000E1FAFA0A0E04E1F224E81F0600F81FFA56
:1084200009F2F9FE0C0F09FBE5F1FFDBFAF100F5AB
:10843000FCE905EEFD0FF0F506F100FC0527FB0158
:1084400000FCF9E1250910E115DBE4F6E7EFF8049B
:1084500000FBFB1706F8060D0103F9FB0B08EAFB0E
:108460000B0622EFFC04FEFFFBF5FF05FADF070712
:10847000E5F6050200F8ED1606011204EA010BFE0E
:1084800004F70907001301E9F6F80A01F5FF04FBF8
:10849000EEE8E5FDF601E10F04F7F208FFF903EF5E
:1084A000F3FEF4002E0401FDFDE8E608F1D0030818
:1084B00001F80607FE0CFDF1FAFFFDF303FD11FBC9
:1084C000F3F6D00F12F90A0702F5FEE3011BFEF2E4
:1084D0000807FAFA0C0C0B12E4EBDA192B1EF9FE62
:1084E000FB05FCE9030E04050802FB06F4F9DB00BA
:1084F000CE0F1318142AFCFCFE11FDFEF701030E2B
:108500000EFC0011FDF8CFF7F10C450EF1EAF8046E
:108510000109F906FD0F0B06FD0207FCFD0716E435
:10852000090AD105FC16E203F5FA08EFF41C03EE84
:10853000001302F20010071205F6FAF70631FBF5F8
:1085400005FD0C0106E5010221080A15FDFE0702E2
:10855000F80410FCF2200705F514032BFFE001FDE1
:108560000F07FC190C10F31AF2171BF4FFE4FBFCC5
:1085700013F100150516EFE403FAEDED06160DF202
:1085800009FFE50CFEFFF60A020509F303F10805F1
:10859000020A09E0030200F2F7FAE7F1FDFCE60740
:1085A000FF1307FF0A0402040302FCF3FA03FD03AE
:1085B000F808F21401F7050B07FDFFF1F80B05F5BC
:1085C00008FA0BFAFC1B0DF900E1E2EBE3F1F5040C
:1085D000090AFE0A01FA0309080009FD0110F4F571
:1085E000FE17F90111F2FEFDF50EFAF900EF090F81
:1085F00006F5F9FD0600F9FE101907F506FB0FEC6C
:10860000FE10F5F80516FFFFEF07FCFFECF1F51281
:108610000CED23EAEDF501FE02FFF8EF07FDFAF697
:10862000F2FDFDF903F70A0D1AEDF31FF30011FE39
:1086300009F7F6ED09EFFFFB090701F00801FEFD60
:108640000CFE00F4FB18E80D0305F813F2F2070D19
:108650000FFEFC0403F2EDED1629F2FA080E05FDFB
:10866000F61D02010716F11010E50F0FE901EA05EA
:108670000E2F020504F609EFFA10FFEEF70A0413B5
:10868000FFFBFA16E7EAF2FE1E1A0616FB000200CE
:10869000F8F902FFF4090D00FCF6F40CFBF2EEE829
:1086A000F0F000031813EA060E150012F71604F98D
:1086B000F908021CF8F02505D8DFE1FDFC1CFBF0F1
:1086C0000812F50A0818F9010A00F226170FF0E35C
:1086D000F0010AF0FD13FDFFF6F7F4EC0DFDF909CA
:1086E0000500020DDEE4EEEEF2EB2615FAEC15F1D4
:1086F0000CFE01F000EE0013030AFBF5FCE402019E
:10870000F5131903FBF3F2F402F80318FE12FFFE4F
:10871000EEF50311E716FECEF0F2F6F9F6F50107D5
:108720000800012B0BDF00EA1BFFFBFC0612FAEA34
:10873000F418F7FEE2EA0BF5F9EFFB0C02D8FAE7C2
:10874000FD0B0807FF01F910EF12E902531005FEB7
:1087500004F304DB02ED13F3F701FEE013F7F1423B
:10876000FCF220F01B111BF7F20DFBE5041005F0E5
:108770001308FFF0ECF50D10F4E702F4D9160C0C19
:10878000F70212E505F5FB0BF8F402F9FE111AEEFB
:10879000FFFBD91FB7DCE106F5F0FFEE05E9F0F4C9
:1087A000FDF509E4F9FE2AEB11DDB819ED1CF20A1A
:1087B0000103FCDC043206FF000100F602030105A0
:1087C000D7E2D1170921F2FD080902DF07FB0A09E8
:1087D000FB17FF15EC0BE0FCE71014F9FA2602F288
:1087E000060BF603F702F71B04010311FDFDE1F58B
:1087F0000608220C0E1501FBF506FBFF05F3FF072B
:10880000040602F7F8E900020B0218F8DAE0FF06A6
:1088100006F904FBFB1006F31201FE13100AF5DB48
:10882000F23CC701FDC2FCF80213FFEF06E7FFFCB4
:1088300004FD041B0100EFE0F4080BE011E4091251
:10884000F3050202F909FA0903030F0A0800F70405
:108850000EEA03E8F6E4100904F7091603F5070623
:1088600014F3FDFFE5F00C000B06F81402F4F5001C
:10887000FA10001301E50AFF19FB0BE507FDFCE503
:10888000083F19FAE800EAFEF5050E040E00F012A2
:10889000F8030BF7E6F9E40311033AD8F5100003E7
:1088A000F5FA0506F80E0801FA06FD0BEFF2EAFEEE
:1088B0000DF501F8F8FC0206FFFBF60BFFFE08ECD5
:1088C000E7FDF2F20702071002FB00F8F8F80006D5
:1088D00005100312FEFC0C0E07FF03FE0B0D0BE54B
:1088E000FD07F4EE09F7FB0700F10C0504FEFEF5A9
:1088F000FE02000402FAF9F6FAFFF3E2150510F998
:10890000F9FBFA04FDEF0801F4FBF10C09FDFF0B84
:10891000FDE91B020DF9FD0E06F0FD1BFB020BF439
:10892000F90804FFFFFAFD0001F8EAFBF9FBFE007D
:108930000004FAFAFE00FF0807F507050D01EB0B2E
:108940001BF023FC0AF705FBFCF5010306FFFE1DE7
:10895000FFF10608FDF7FA0713FB15F8F9EB05FF21
:1089600002FA0A1908EDF9FDFBF70BFCFBF80CFA0B
:10897000072209FB11DC03020204FBFDFDF9FFF1F4
:10898000F602FCF4080A17F40B02ECEE111701F2E0
:10899000FB05F8F605E6031405F9010301FCEE0CEE
:1089A000F4FD37E9041619FDFE01FE1A03F6F7EE91
:1089B000E700F513EC000807EBF2ED05FF281105C1
:1089C00004FAFFEE0520FA05F20006F3040702148C
:1089D0000BF7F6130B2BF102F80505E8010AFE1759
:1089E000FC000903FBFCFA0DEAFEFF0D081F0BFA61
:1089F00002FD07DAFA09F5FEEA020C15ECF6051A93
:108A0000F0DD09134C16FE070604091BFD18000BC8
:108A1000FB030B17F008E603FCFCE80606FA01F579
:108A2000FC0A010A0B0309F501FBFE060004EC0534
:108A30000A0AE3030E07F706FD16F7F0000AF90726
:108A400004FCFD05F4FFFEEB010A15EA1E1807FD04
:108A500002FE08EA02080606FFFCF31204050CF306
:108A60000502F0F308FF0DFB020CFD15F70608F9EF
:108A70000004F1FA08F8FB060AF6FCFCF90CF2FE19
:108A80000403070A00FB00051BFD01FE0CFCF8EBCC
:108A90000C17F807FCF2F906F10604F5FCEDFAED07
:108AA0000A060200EFF620020212F5FB10E901FFB0
:108AB000FBFEFA0AFBE107EB01F803FD0A12FE1ABE
:108AC0001A1FF1F4EAA71103FEEAFFFF05FAFBE221
:108AD000E7F901F113FE220F17E6F2F505C01002C7
:108AE0000EEFF919F62002ECE901FAFA1217201834
:108AF0000BE3FBFF0FD6F90001F50AFBFD1104FCA7
:108B0000E9F8FCF31011140D00DCFD09001204F962
:108B1000FBF5FB090012FC07FF01FE02FA15F70145
:108B20000AF0F50E0D360B030DECFCFB0DFEFC01FF
:108B3000FF03FEF312FD1D040F180F02F33B0101AA
:108B4000FCF3020501FC01F80FF7F2E802051DFE37
:108B5000F40121FA090EF9F30F040000041F05FEC9
:108B6000FC07030A0C05ED0F0517FC0BFCF808FFCA
:108B7000FF02FEF6FAF9FDFFF1FC0201080BF3E635
:108B8000FBF40A12FBFDF5010509FF060007FB0BCC
:108B9000050306070700FBF5FE2001080EFD01FD99
:108BA0000603FE03FB01F505F3F3081008FF1806A2
:108BB00004FD06FCEB05FBF90BFC0203000C0410A2
:108BC0000504FEFD04FEF7F2FDF4FA0EF1F815FEC1
:108BD000FA00F3FD050E01F5F8FDFEF8FFFA03F4C7
:108BE00002E40015DF06F6020CFF00F5F4F9FCE5DF
:108BF000EEFE0401FB0516F508E2FE18E4FA040493
:108C000007F8FF050C0400DC0DFF0E09090102FF47
:108C1000DEFBEA1D08F605FA04FBFDFCFF09FAF489
:108C20000701FDFCFAFDF902E8FBE00C0813F7FD73
:108C3000F205FBFC05020D1002F7EFF900EEFA0851
:108C400002E91B0110F4FD0005EAFC0B0403001906
:108C50000EF5FC0DEA060311E9121D04ED07FA01F9
:108C600008E7052907EB09F00DFE0A0BFF11EFFEDF
:108C7000140813FAE2EFF41603F6002008F110E1ED
:108C8000FBF307FB06F6241E1904C40EE31607F1D6
:108C9000FAF6FEF0FEFFF804F803050201F60BF405
:108CA00005D0140706EBF3F9F5F4FB070001F5FC1A
:108CB000E7F8FE14101405F9E8EAF516FBF00903CD
:108CC00014F8010B0FFC06ED080DFCE0050608F397
:108CD00008E7DEE7F0EEF5010DFBFA111103020AD9
:108CE000ECF110DB04F90FEE01ECDE00F3EF01080C
:108CF0000A0902F003D9F8EDEC1003F10E04FC0FA1
:108D000003EF0A0DF20701FE00F408F606F1FDF28A
:108D1000F8ED000815F603E609EC120629EB07ED5D
:108D200010FBFBF10AFEEFF2F8EA02F5F8F5FB079B
:108D3000E7F6F700F805FB0111060010021B00130F
:108D4000041104F8F7020505FFEAF505EB03030239
:108D500003050B0AFDE90EE8E3F8FB0900F9F0133F
:108D6000110BEAF60316F504040305120C2AF010A1
:108D7000EF0505FC09FCF6172B15DAEB06FC03F6EC
:108D8000FB05FBF3001704FCFB0510031105F30CB6
:108D90001A1D0CFCFE0C0AF9000302F9F911050971
:108DA0000100EDF6FDFCF3FA12041A04E521F7FDCB
:108DB000011302EAF6FBFD1215F70C03FCFB03FCA2
:108DC000FEFF08FE0539D703ED08FBFAF2E8012F94
:108DD0000201130DE0EAEA04FF0A10F81C3300FC5C
:108DE000EC0CFE1E00F3F9F905E80417F7E2E619AA
:108DF0000CFC12F802E004F1FFEF020C04EDFEE7B8
:108E0000FAF5070DFE08FD170AEF07F0E7F4FF0378
:108E10000802080307F1F80F00FCFE00EA0211D86F
:108E2000F1E703F1C9D5F30B0000FD19F8080B0CAD
:108E300018F4041E04080AEBD6E205E70303F8055C
:108E4000FE0CF43E08FCFB0615FF0B200D0407ED9D
:108E500008280901CD02F70AFBF9FD0BFED5FDFB41
:108E6000FEFB0C07FA031AE51FFB1F14F1F004FDCB
:108E700004FBFD11FCE00904FE0DF5EA22FAEEFE0A
:108E8000ED031A0BE3F10DF702FB0BFF01E2F20019
:108E9000F7EB0CF3DFFFDA0318E623FBFCE0230318
:108EA000FEFCFE0DF0E4F1E8F2FAFCF5FCF125041D
:108EB0000500F30FF1E50D08FBF9030CF9FB02E7E0
:108EC00006E410F00A12FE0D10D3D60326FDED09BC
:108ED000FC04FAF201DE011907E4FE17F3EFCD28D6
:108EE000031347FCFC05000200F506DEFD04EE0A54
:108EF0000EFC15FAECFC09250A0C0FFCEF120BFD19
:108F000001E7F8D70425F6F3F904FEFF030F00117B
:108F1000E6BDE8FBEB05D6FE04FBFDFFFB0FF5E528
:108F2000EBF8FFE7100514EEF3D1F32CFCB6FCEEE2
:108F3000F406FFF90011F6FDDEFFF4E5F30B10F681
:108F4000F1D80D0E1BEAF3070501070D0205F21C0F
:108F5000E5F7F6F41704FED0F2EB11041FB2F302AA
:108F6000F7FC071008FFEBF0FA0206EE220C15F6EC
:108F7000FDF20123F1E50E00F2F612F209E204EB34
:108F8000E20A0BC60610EC21EDD9E7160D15FDF42B
:108F900006F8F2E702F0F405F5F4FBF6000900F339
:108FA00002D523EE0D1A13FFFAF3080905F0FFE1CD
:108FB000DC0203D4EFEB0D10F5F01D251B4B000D6B
:108FC0000BEA03CCFCF3F80BEA04060E0FFB0C08CB
:108FD00018E4FC00242E13E7020305E2FEF2FFD89A
:108FE0000C0BEF0917F0134003FDF022F4080DFC01
:108FF000050005D7FEF7F0EFF00BFDFBF0E902E707
:109000000DD8DE07FC14F50BF6F8F6FD0324010776
:10901000EE0AFA12FB201D0BFBE6D60E1705EAF14D
:10902000FF01F9E6030702F4FA14F12003F304F850
:10903000F506070016FF0DF3020001F7F600FFF733
:109040000B08F90A05001109FF0A3313FDE3FDFAC5
:10905000010005FD020AF801F603010C050E0FEFF1
:10906000FF04DF0D10E9000B0E001210FA1AEE0BD0
:10907000DDFDF5E4FF0C09F106102AF2FFFBFEF717
:10908000F50C0016F6F90C08EE0C01E91707E6F0EE
:109090001F473F1118200B040A0E0A1500D80A03B7
:1090A000FFFE0DFFF6F3F0181B391BC3F828FBFF7A
:1090B000FF03FE0506010803FCFF011B06F8E12281
:1090C000FB1010EADCF303FEF4010AFEF8EEFEEBFF
:1090D0000CFB001516FDE729F4220DF8C7E6000188
:1090E000060A091201EB06041EE7F91DF5ECDD0D79
:1090F000FB300C040121F2FAF7F90A1C04E809ED2F
:1091000004F10614F7F7F918081BF4F912F8050A28
:1091100005F207FDF9F6070401F5FA150A03001B2D
:10912000FE04E5F4F405FEFB03F908DFFF010FF090
:1091300012EFFC1205FB0A1AFC08F0F004FB07F71B
:109140000A05FA1D00EA12E208FC1302E9FB03F823
:1091500004FE1DEEF7DD04FB00F6040F030EF9120A
:10916000FAFE0A05FE1E08FB080BE80DFEF5EF0FE0
:1091700001F707FEFC160EE6ED020A0408051DD5F0
:10918000F2C9C10BF703060401F60AE20AF703FB72
:109190000607FDF30F0FF2F808EEF120190805F3AA
:1091A00000F6F6F50D26FF03F9F509FA02FBEA07CA
:1091B000F0FF1C070006F2FCFF040107FE22FB146F
:1091C000FC0AFCE60E0202F5F4F507F4D5E8070404
:1091D000FA13FF090312ECF1F00AFDF72C0A16E06E
:1091E000FBFACB0AF2ED0B04FAF60DF908FF08EDD5
:1091F000EC00ED161B02F5EB19DF010D090112FA67
:10920000030507D601FBFFE9F800FA080FF2E8189A
:1092100012E53FED241200F2000FFCE1FE1BFF04FB
:1092200004010115F8FAD9FA09014605E005FE0125
:10923000FE0006FD04FB0816F2FE0101F909FCE63A
:10924000F0E9F3F52B0DEAF70A0E01FAFAD9091B3A
:109250000BF0FD09DEF0EDE0FEE7FEEF1C0BFA017E
:10926000FC0006F902EB011C03F605ECE9F0EE0444
:10927000EE0912F7FDF004EFFDF900EAF5E60E083D
:1092800007FBFCEFE2EC12FBFB062300E4E6FCFD2F
:109290000303F70F00DC0404F806000BE7EF02BE3F
:1092A000FBE9EBFBF303E9F6FB0DFC2DFF1E0516B6
:1092B0000300051BE70608E8E60BC9031819F410BC
:1092C000050D08130423F534FBEC080709F5CA075C
:1092D0000914EDECE8FBF5EFFC0202EFF4E7FB0C00
:1092E0000AFDFA06F4F3F9EF0A062EF2FDF3F6F69C
:1092F000020A04EC09CC082216FF00E7F9FD053349
:10930000FB0727FDF7F501000006FD02F003F4203E
:109310000DEFFBF1E7FCEEF7ED1F0EEFDFE70D04BD
:1093200003F30324FECEF70205F40A04EEF405E687
:10933000FF0E0C00AFF9F706F4F208F0FDE30BF2B4
:10934000F8FC09F81512100BFE08E906230FF507C3
:10935000FD050AE9FDEC0C042300FC27FD01F635B0
:10936000030F2EFF221C15F60409FFDCFC12080671
:109370000BFC13FDE90BDC260AEFEBFD040B1507D4
:1093800001FA05F6060EFE0201FD0805E9F116F4E4
:1093900017DDE109E7F00706FDFAFAF6000D001403
:1093A000F1F704F1140E1C0607D3E816EDF70102DD
:1093B0000A03F41E03E8090D0CF6FF1E0F05F2F771
:1093C000120319DFC800F505FD100225FCDE0102BD
:1093D0000AF9061BF4ECE30408F302F008D8F609D6
:1093E000FF11FEFC09E700040A000F20FFFBE8F76D
:1093F000FDE717F616FA08F906FF07F105E60A0C6D
:10940000FF0D190CF0E905F409050EF9160217F91C
:1094100006070808F6C70F0F0209FBF1EFF6E11087
:1094200003F631E804FF0AFC16120628FDF7F517CB
:1094300015F80E0DF7EC11F50908EBF6F1090E041D
:10944000FA11F5EDFB05051A21F70D18FB08EA10D6
:109450000718FC0A192EFAFAFD0A02CD0229FF1696
:1094600008100B2BFAEFDC03DC002A000F20FFF9B9
:1094700003FC03E7060A07051A00070EF4ED004790
:10948000F7FA140F321B07FB0408F612F41DFCF95F
:10949000FD050A020E06E41AFC1FEEFBF5FC02FCB9
:1094A000FE1705F415FEF6F720FA0FFEF5FEDFF4C1
:1094B0000F1AF915CFF40B00FD0202E6FEEDFA0CCF
:1094C0000308030FF0FCF515EE160BF0111EF91052
:1094D00009FCF9F6FEFE0102FA00FC10F506F31491
:1094E000FB130D0220030206EB0B08F4F61109FA38
:1094F0001C090705FAFDDDEF17E810FD11E403FC78
:10950000FB08F600F615F9FB130EFA03E7F7F0086F
:109510000FDCE90AECDC02FD01FD00F3FE0C17FD97
:10952000FF010005F30C1B12F8E7D61BF4C4F50984
:109530000D00FFFBFE12EEF4F40AFEF4FEF815FE39
:10954000EEC2CC17F7040BFE01FCFFD9FF21F2F9A4
:10955000F7FEF8E9160F18FBF3D3CA14131609081F
:10956000F5F8FDDC06281113F51407F3150B0502B9
:10957000CBE40D100E18FC05000E06020124012E8E
:109580000715FF0412F8E2FED01A4E09E8E91102AD
:10959000FA0A0E12FC18FADEE80AF603090C13F8B0
:1095A0000D17CE06FB05FEF0FD05FDE9F8FC01FDFB
:1095B000EB15F6101500F9FA280AE515FFE9100970
:1095C000010BF0E307F40B17EF0FF3FFF8D8DF0000
:1095D0001DF8F2F2142B1609F70EFFF0FEF40EF14F
:1095E0000B00F71804FE02EC0BFE2EF902E6FD0C50
:1095F0000408012802EE09FF1207FFDF0008000639
:109600001319F9DDED070304030700F607E107026C
:109610001EFFFAF9EBEBFBFA0A361702EA19E6121B
:10962000FBFCFF0E09F7090005FDF609EFFEE50555
:1096300013FFE7F1F1100008EE13F9F9FAE602035F
:109640000BF1060304160008140704F117F80200D2
:109650000E04091410030A10270009FBF206091072
:10966000FBFC0DFC02FF0FFF03010B11FDFE04FCD0
:1096700006FD1BFE03FAFB0FEEF9E600EEF901F71B
:1096800002F902F801E90A06F9060710F60E090BBD
:109690000502F4F5EFFB09FB07F402FE02EAF2FB18
:1096A000F8100D0C0D06200A0606FA0B03ECFFF964
:1096B00001FD0FE4031FFDF0F006F8E5FFF50318C8
:1096C000F4F5BF02FDEFF708F90003FFFB0C0408F7
:1096D000F4F6FBE917FE15DDE500EB121CFE10F4B5
:1096E00004F7FCE1F413FAF70F0B01E0071211FF86
:1096F000F2FA0210061713FE090AF500FF07FFF63B
:10970000150307FD0AF908F6E914F3F700F504FC60
:109710000B0C060201060DE40DFAEE0916FEF4FB31
:109720000317C1061E0CFFFC0407FDF0030C0FF22B
:109730001DFA040303040903F0FDFEE60F180FFAF7
:10974000FD04FAF4022209041203FE110831E6FBBB
:109750000BFD04FAFA200F05FC1606F2FA1A000EA9
:10976000010BFC0AEFEDE5FEFDF51202F805150D03
:10977000020AFA1E042412FA0BEAFBFF07F90DFD98
:10978000011FE408E307DF0AED0001010927FF00DC
:10979000F1090F07F6101AE3EFF8E802EE1AE0FEFF
:1097A000F40BF9040AF912F816F40E12020CD3FFA6
:1097B000061A190304EA120DF40AF81600EC10F167
:1097C000EF04FD0DE9FFEE07FC1BD1E2F4041C03DE
:1097D000080DF40401F50CDDE61909FDFE0728D596
:1097E000ED0BC1010DDBEFFB030D0125FCE31EE5D5
:1097F0001602FAF513F7DDC8D70807F40AE41009D2
:10980000F9190305FEC214140500F8F8FC0B02E276
:1098100019EEF9E704EEFE1212FFFDF30AFF0BFC4E
:1098200009081F02E30726FA2DCFCDE5ECF0FDFF76
:109830000C03F3F1FD0E02E9ED050FDE0B0508E860
:10984000F9E0E00518ECF90701F80BE7070507DE7A
:10985000E9F90CCE160719EEF7E2E01D69D7FD0114
:109860000102FCC70B230316E8FEFCC70E1207F427
:10987000C0D7EA310C0918F7050B07EEFCFBFFF423
:10988000060803E7F70AE732E4FB131CEB22FD0BA3
:1098900001FCF8101206FAF400F303F2002109DECD
:1098A00011E1D4F63D15E200F8F202CFF11EF3F318
:1098B000F108F5F728F8160EF6DEEC222055ECF943
:1098C000F80AF7DAFA09FCFEFE09F91F050BD4DAEB
:1098D000E31DEC0C2F6D1C0010FC06F5FFE512EEED
:1098E000150BEF1FF4F8F628F613E0DAF7F3F5F9A5
:1098F000F6FBF602FBEBF5DDF8F0FDE0101206D703
:10990000150AB301CFF6F4F5FD08F90CFEFDECE7FE
:10991000FE04F2EE10FE0CF5EEF5D9F8DF13E308C5
:10992000050B06F000FE0BF71609ED19E8FB04EC39
:109930001021F202180D071002F801F3F11AF505D3
:109940000A02FD1AF202110D1BF3DBC3EFFF10FE3A
:10995000FFF7FD05FCF110FEFEED0FF5FD0804E834
:10996000FD0FDE14F9E4F0FFFC010815F3FF0A19FE
:109970000703FBE500F6E407F420E4F00EE6FFF150
:10998000020AFD10FD020210EAF105E8120FFDFACD
:109990000D0B1EDEF5FBFF070EFA0BF4FF010607A9
:1099A000F3F7EEECF30502EF1EE4FBEDEEFDEFF551
:1099B0000AFA01F4FE2AFDF4FEFCF4F5FEF70B08AA
:1099C000DFF4B90CFB08F50BFF040BE2FF090009FB
:1099D000FC0EFD07E6FEE80BE1ECCF133B4008F878
:1099E0000516F7EA0502FB060F00FA15EAF8D8F9A2
:1099F000B30B1015183710F7FF09FAFCFBECFC222B
:109A000019FFF00DF9EEC6F7E9224005F0E607016F
:109A10000709FE06F5F601EC000507F5060204E964
:109A2000F320C010CDD6FB020A1C07FCFFFD20F579
:109A300014000B060011F1FBF801EBFC03D4FD0749
:109A4000FE100700FCF20C1B0EF90215F709EF06D9
:109A5000FEF705E1EBFD15FC080B070D0BE3080D08
:109A6000130A1A1DF10905FD0C082EF7FFED020A75
:109A700002FB0E1EFE08FEED0E0A06E101021BFDB2
:109A80000531CDFAF322FFFB040505EF00F70808C6
:109A9000E2FE03E8FB0ED6F201EAFAD3E3FAE002B3
:109AA0000CF9FE09080A1505F7110DFAF5FCF70D7A
:109AB000FDEB02FCEDFCF70C09F4FF1702F5FFEEDD
:109AC000000114FB041414F8F1D901ED08FA00FCAC
:109AD00003F1FC210C0401FC0F06FAF505090BE962
:109AE0000303E2F527FC0800F4FF04FE03F703116B
:109AF00007FCF4FC1303D9F5161008CC1401FCFF85
:109B00000305FCE602FF091AF9FCFCFF01FAE5FE79
:109B100028E213FFF6F018FC000901E2F4F5FC0B53
:109B2000F5FE02EFFE1107FD1FD9FB052B0F08FB09
:109B30000B02F70C00ECFB0D0FF6080119EAE9190E
:109B40002A2443FA06E913FFFEEBFD2BFEF003FD8A
:109B5000DBED04060A09180A1DF3FEE5F7D50A0F26
:109B600009F100F8FE1DF4FAF000FFFFFA031E06EB
:109B70000AD5CDF104E0EE0CFAF0FFF2050506FA85
:109B8000FA0AF8F816162DF912EDD71F022F02F770
:109B90000DF4FFFE020CF60E09050809FA17EEE5B2
:109BA00011EA32F71446030601F6F90BF714F70829
:109BB000EC110AE40BEB0EF42718F3F90352FCF452
:109BC000F9FA02EF0210FE04EE01F3CE0E0BF1E4FF
:109BD0000419F7080D11FCF9040009FE0508FD023F
:109BE000F4FAF7EAF9FAEFE60519FCF101FE05FAD5
:109BF000FF07F6DC01E2040A0115F905FFF3EF01A6
:109C0000FBFB07060C0105FEFC0AFC2A00F9FC0818
:109C10002EFBF80501F0EDDFF9240BFD1505F0032F
:109C2000FB15FF10FFF10C0B17EEF9F8E7F9F4EB59
:109C300006121F04FA0D080F001406E80103051DA3
:109C400005FDFF12F4FBE2DE1307FFE4F81503FF46
:109C500004FCF8E0FCED0CEBFEF9FF0BFAFC042031
:109C60000ED82901F2FBFD0205030515F6F500EA01
:109C700002FE0115F1020D1903F2FAF4EC0EF402E2
:109C80000EFDF808F01A02F5FDF41202ED0E11F6C1
:109C9000EC00C6E7E8EBF2F304F400090321EC144E
:109CA000F2F301FEEC0113D8E7E1E20808110DFD23
:109CB000FF030211F50B0209FC00010B10FB01115F
:109CC000020A12FDDEEDF80CF6F9FEE60B1206F8BC
:109CD0000A0011F707FD0123F61A261DF2FEF9F41A
:109CE00006FBFF1105EFFAF104F9F01BFCFDF20B86
:109CF000FD28080AFCFB010E00FFF60DFDED00F14A
:109D000005F9FD0D1711EB22F20BFB061308FF07F7
:109D1000FCFBF3DFF606EFFCF5F2FFFBFE03240588
:109D200004E503160FE3FFFF04FA0AE5FB0B0AF252
:109D3000FB030115070A0901E5E7F2010620FF020E
:109D400000FE060B08F003ED170B050A09030DF2E0
:109D5000E7EEFB06FEF4120306F9001103F1FEF133
:109D600005090DFB060F1120F106F6FCF3F90100C1
:109D700006EB02FDFF12E6F2DFFEFCF8081118DF29
:109D8000FAE1F00E12F00000FBEAFFDEFEF702F748
:109D9000EDFFFDFE05030308F0D4E01314E00B090A
:109DA0000C0802DF0200FBEAED03FBF3180307FADD
:109DB000DC06FA0C1C0405FB01FCFCFDFF1D0AFD82
:109DC000ED1501F100091923F7EDEDF9C9E4FE0BDA
:109DD00013FC040B0B07FBF9E6FEF9F1080916F278
:109DE0000AD2C709DAF6FFFCF5FFFCF60505F90F04
:109DF000EF03EEF90E0603DB0DFACF14FBFBF200C6
:109E0000F80E00ED1504FEF10A16F40302FB06033A
:109E1000090D18FD17090202FA03FAF6FE12030EE5
:109E200001F50501FE08E5050015FF0BFA21F9050E
:109E3000070B01F5FDE2050AFF030204F5FAFCFA3F
:109E40000FF52DF9EF00F9FB0001FD11FFEF0912ED
:109E500009EC0007EAF6F4F40201E8F827E115112D
:109E600009FFFF02FBFDFAD908F8070DF4050FF909
:109E700011F2C4E9FDD003F2FBF0F8F10B04F10993
:109E8000F301F9FBFC05310827EEBB0DF30706FBD8
:109E9000000000F3FCE50D0A1607FB25EFFFEDF1CE
:109EA000FD010F032301ED020205F815112CFE1A26
:109EB00009FD0708F907FBDFF1FBFC05110DF4F6BE
:109EC000F917FF0A0340FE23FE01FAD90C0EDBD07E
:109ED00016320B0005F0F7FAF80002F5F4F7020865
:109EE0000701E5D8FFF60CD50D08F6F80A02FCF9D3
:109EF0000508F6DCF2060009FDF70302F4EFF7218E
:109F0000F6E709FD10F0FF05000000210405090631
:109F100013F10CEB0FF7EFE5E60FF8F0F0F90300A3
:109F2000F908FE16FED7040C16FD04F8F407F7E650
:109F3000E93024FFF5FD010AFFF701FD08F8FFFEF7
:109F40000EF6FC020002F8F00D07D5E23614FD060D
:109F50000AF701F600F8FBFEFFF9F10F08F3FE0225
:109F600001011A03180704F1F603FDE50CE702F2FC
:109F700002F8030D01F5F004F60FFE0A0D051706B1
:109F8000F50E06F2F50CFC12F8FC07FCF3070008CE
:109F90000BDFF1FE25F30F08040DFAFA040BFC06A3
:109FA000F0FB05EBED0A08EE10CEE9FBC3E603FC7F
:109FB000F20EF80F04D40601FFFBF925EE0BEBE0DF
:109FC000FFF632EDF70001050508001801EDFB066C
:109FD0000BF70215F3EBECF21B01F2F3DBE0FA08EE
:109FE0000300FE0CFDCD071D09FD140C02F6DDFE7D
:109FF00008061B00F1D315FEFCF90111FAD8F8F29E
:10A00000F1F60B19F3F3EEF7190410D31E01FDEB73
:10A01000FEFC06FF0AE3FD1C000600F4EEF90A2030
:10A02000F1D911F9F3E0E40B0D06EC1BF8FA0A1A6A
:10A030000CFC0A02F1E6E9160510E61003030AE932
:10A04000FA16F6EF0FF5FD0621FF0012FBFCE40700
:10A0500007141D01F407FEF50AFBFFDFFD0EF916DC
:10A060000B060B19F6F20217EAF32EFA0C230CFF7B
:10A0700000F409C3070805F7F80CF522FE00FF27D6
:10A08000F9DBFE1D2614EB0BF80FFEFFFF1E001080
:10A09000FFF902110AEEC802020B11FAFD08FDE7F2
:10A0A000F8050704011BF70014070126E9F6ECF197
:10A0B000FC22F70F040014FC03FB00ECFFF5F31186
:10A0C000EE050A17EDFEFE0EE8010B080A01EE127E
:10A0D000F701F8FE01F2FC04EC03F9100AFBFCFDA9
:10A0E000040F12022106FDFEF60901EFFDFAF50349
:10A0F000190306FA08F2D9EE1BE937EA22F609F04D
:10A100000103FDE9FC01F60B13FF08FEE8E5EB1186
:10A1100013160FFA13F50B00F60000E4010CF90416
:10A1200011FA0A06F9F907200204FDE91DE8F7F71C
:10A13000FEFEEDF204F90825060105ECFF00DBF058
:10A14000121F47E9F402EFFAFFFBF10FFADAFB1BEB
:10A15000EEF3FCF1FBFA02EA161710F007FF1DFD03
:10A16000050307020B09F602E5FAFAEBF8022002F2
:10A170001817E202FE02FC0404F5F5FBFE0AFF03D9
:10A18000FF0609F502EE1AEC10FABF16FFDEECFE30
:10A19000FFFD0AE603EDFC14F704FE03E7E6F1EC2D
:10A1A000E6C137070F2EEBFBFCF9F300031AEB1D9A
:10A1B000EA090302E7F711FFF2DDEE09124206FB9E
:10A1C000FEFF08F9031EE914EE0E00FA1100EAEA98
:10A1D000FE10F00CEF050300F80008EBF7E9FF0BA9
:10A1E000F0FDF4D4EDE6FFF5FC01FDE9FBF60CEE25
:10A1F00006FAF6D3FFDFF015F7F5F62207EA0505B4
:10A20000EE0016FD2A000AF2FE05FA1F060CFEF308
:10A210000AFFF007F4FDD8DCF51222FC03E90FFC7D
:10A22000F60802F8F5DCF80309F3E604EBE3D3F5EE
:10A23000F01B0A16DC080B06FC0509F10D06060AE0
:10A2400008FEF911F1EBEBFBF5060700232DFCFEF0
:10A25000FEFBFCC203F511ED05FAF6FDF5FBF9373F
:10A26000100532F9F01AF1FF05F8F1FDF4EAEEF10C
:10A270000A040F06F0070312FD01DDEFD4240101EB
:10A28000FD06FA07F517060106F70802E505FF03C4
:10A29000E1E8E40FF8F8D6F5F401FDECF916F2F672
:10A2A000FCF605FEEEEE1CE5E7CBFA0BF2F4070731
:10A2B000FDFB06FD11CE02F4070507EA0FFAEBEDF0
:10A2C0000B15F8EF21D3020605FD07E702F0FD1498
:10A2D00004F3020A15F7F102081821F507DBF80765
:10A2E0000AFAF91AF411F81204F4000B23F6140414
:10A2F000031225FD12270108090207F2F408FDFAEE
:10A30000FF0607060A08FE180FF71B22F8F706FAE1
:10A3100009FAFE0C04FB0715EFFCFEFDFAF20E1421
:10A32000FBF70F04F92FFCFF01081AE6FE15F312E4
:10A33000EC040314FB08300CF0C5E413E03BE6F337
:10A34000FBFD0329010EEDEAF8FA0319110B2A05AA
:10A35000D8072E1AED16E5000E01F907FE0800FDDC
:10A360000801F8190A07FDFFF01B2922FC00F9FF7C
:10A37000FFF409080D11F4F2ED020107EEFB1AF7E4
:10A38000FDF1090CDBF2030904F8F60104FA03DB22
:10A39000E1F40300050627FAFEECDC0609E30004FD
:10A3A000F5F819ECFC0BFCF2EBFBFBE731151AF8A6
:10A3B000F2D6111BF8F5F806070E1409FEF1FCE9B8
:10A3C000FEFD0DE005050400FAF1F51718FD00FF8C
:10A3D000F4FC07F60507F9EEEFF40303E8F10924AE
:10A3E0000DDBE9120EE710110002F5F80524F8E183
:10A3F000070E0EFD120D01FC0EDCE81CE6EB04FE60
:10A40000F5F203F7FBFB02C804FCF1F108FE2300A0
:10A4100013EBF422FEFAED04070008E8F4EE03F46F
:10A4200003F9FBF210030201F0FDEF1DDFCD120D69
:10A430000AF10B08EF1407F4F00F02EDF7012AF907
:10A44000F9FCD6F9F1C7021300F2FD1B11FAFAC7A5
:10A45000E701FAE62B212CE713C4CF04E8B9050A7B
:10A46000FDFCFACE011105DDDF10FCE6291A190406
:10A47000F6CDF00C0E05EEFA0B01FCF5FE2AFF00FE
:10A48000180D0A0E141B1511FAF916130ED90B0F1D
:10A4900009F3EDFEFB040AE6EE0C02ED120E0610C7
:10A4A000FFFAEE0B05F90E02F9FFF906FDFC0AF6BC
:10A4B00003F2FAE41DEE15E43613D503EB1115048F
:10A4C000050105D5FE390A0E05FFF2E50608F30180
:10A4D0000EE7E8032C0808F8F21DF9F1F831001630
:10A4E0000C110621F0F6E8F4E00525F3040F180B33
:10A4F000F90BFA0AF524FD06FB02F9EDFDF6110849
:10A500000813E701DD10F201EFFC0706FA1F030A4A
:10A510000BF907E9F90316EA091FF21EE018E80330
:10A52000F916FB05FBE20000020EFFFB0A0BEBF83D
:10A530000A3607010620FC040C08F9FEFFE2052399
:10A540000DFEFB11F0FCE002020D0DEBFE0612FD0C
:10A55000F908F90DFF181002F50F0C02FE0322E9AD
:10A56000F30EF80DF5EDFB02FD0EF31610E511F0FC
:10A570000302F8F90C0AF8E0D7F60D07F7FDFCF82E
:10A580000611050700CCFB1213F2170CFA09F9EFBC
:10A590000CF70DF406FC020DF8F0FC0104EF0CECD6
:10A5A00009FC0D18F50612FA0E080906F6DF091364
:10A5B000FEF6F90B08FA0CDBF000FDE706040BFBD6
:10A5C00009E1D619D1CD1EF2FEE500F1060EF5BA6D
:10A5D000ECFB03C6110F2B10FDB8CD12F9B10C1412
:10A5E00007EB06E70207FCDBC60CFFD12220241D87
:10A5F000FDCFD30C0415FA0A03FF02040E38FA1635
:10A60000FAF7FAF11C281E06E2DC1B0C06171003F1
:10A610000FF202FAFA2405EB0308FEFFEF05120021
:10A62000160AD60AFADF08FCFFE5F2EAF70601FB94
:10A63000EE1205E81EFDFFE12E0ADC170104F2F31D
:10A64000050CFCECF7F61400F409E8EAEDF4F5E388
:10A650000813C502142406FFFB07F9F0F80500FFF4
:10A660000400ED01090DE2EB1008FBE803E703032A
:10A6700003FBF2150C0102FF0EF8F0F40E0208EDD8
:10A680000B0701EDEC12EF06F41202FEFCE812FBE0
:10A6900033F8010011F3FAE9F33CF1140E25F7FB4E
:10A6A00003F8F703F5F40DF2FEF8F804F5F7F6FDFC
:10A6B000F309EEE2F2120D080804F7FD0BF1FD13A9
:10A6C0000F000016E9FFE5F9190F0CE3FBF90F0283
:10A6D0000103F719FEFE070BF6F818F8F90011EF61
:10A6E0000109E409ECFAF114080CF90B08FB0AFA69
:10A6F00017FD03F8041117F2DE16F005F9F9FF074C
:10A70000F908FD1002EE0BF506FE0800E80409F05A
:10A71000CE04F6F4F70008070305000FF9FFFE0D5D
:10A72000F5070101FC0BFA02F5F70C18F9E5F7F94A
:10A7300003FA02F20116FF05E606FDFBF0FF03F542
:10A74000E8CE1C03F8F0FEF9F90401090AF9091B27
:10A75000F90002FEF200FCDEDFCAF0EE01DD0905C1
:10A760000305F4180DE41615080110FAE5E8F2D413
:10A770000F23E5F803CF060401FDFC20FEE106F5FA
:10A7800004FE0D00FC1135FA1506B9F51CDEFDFAC4
:10A7900002FF03FA03FBFB080209F4020AEE071D9D
:10A7A000F512FD02F5330E08060A0CF20300070D40
:10A7B0000FF0E608F900DD020128070A061A1B035C
:10A7C00002070502FE09060AED0202E5F705FCECA8
:10A7D00001F912040CF5F407FDF0FE000815061D42
:10A7E000FDF313DCFC0402E117E5EBF6FD0208FFC4
:10A7F000F6F8FBE7FEF81201EB0108FEE50403168C
:10A80000FDF9EBF83110E0F9FE07F5F00B0F0EFD46
:10A8100007FC011C080AE1F2FCFB1EFD32E609FD03
:10A82000F9FC06F60A09FFEA0B0802F7E5FBF40457
:10A83000FCEFF50BFE0302FFF802FCE8F90A0B0837
:10A84000010902FDF30517DDE10CF6F8FD09F50439
:10A85000FDFF0506031A0103FB13030D010A15E9A9
:10A860000A04F4FF0B010B03FC090103FAF5120CB7
:10A87000F9F8F8E9FFF4EEFD07F6F9F4001706FA27
:10A88000EE01F9FC09150116FC0709001101F3F1AD
:10A890001618FCE11010140BF800F5FBFF000B027A
:10A8A0000C01F3F9FFF5F110FEF203ECEC1D15FFBE
:10A8B0000C040E03F5EC00F70307F9EA0BFF0EF3A7
:10A8C0000106DDF6F5F80904FCFCF7FF05080C1796
:10A8D000F5F00C02040D0F0B0335010BF9F6FF0E1A
:10A8E0000203FE0A01FEEB09EDF300FF0EFEF9E1A3
:10A8F00022070CFB0FFCE400F9FE030504FCFFFB40
:10A90000F9F3030A0406F6EE2215F90006040EFC1C
:10A9100012F70D0AFF10FFF0F901F9FD120C3407D0
:10A92000040ACD0FEF0A000C04EDFE01FD1609F03C
:10A93000DD00FD010A101FFEF6B9D7F8FEE401FBA9
:10A94000F5FDFD1BFDF2FBDD10EBFEF119001FF51F
:10A95000E303F415ECE2EDFBF5F90D11FB050FFB3C
:10A96000FA04FD02FC100423FDEDDDFDFCFB0E0AE4
:10A9700008F1F70A0B290AE6EAF2FEF7FB1129D7DC
:10A98000F3F3E705E5EA0314F2FCFE11F005F5E543
:10A99000EEF3F9FF220A11DFF1C8D700FFE4FA0154
:10A9A00003FDF5E3030006F4E703F1ED211D01D7F4
:10A9B000F4EB0517F2F5F101F80C02230214F90487
:10A9C0000AFFFBF6FAFB09F200F9E0E7F6F3190AD1
:10A9D0000CFD021500EEECDBE6F803EF1A0410EEB6
:10A9E00003F5B004F2E2FC0303ED0411FBFB06DF08
:10A9F000EE09F2E91D0C0CF71ADFDA0EF7000C0471
:10AA00000709FFF9F9FE05E807F4FDE815071E0D33
:10AA10001EE3FA01DCDCF10A170003FF0A06FFF867
:10AA2000FBFC02EA080605F110DADA1538F5FF0E2C
:10AA3000020B040308D8FC0600F314F7070DF90F06
:10AA4000120D37F4EFB51DFDFEF7F8160BEFFDDF25
:10AA5000F2F6F3010E080C0F0CEBE8FFE7C1100350
:10AA60000BE4070D001DF6F7E1FBFBD5131B3A12B3
:10AA700034E6D9F7EEEDED0204FA01FA082AFB05F7
:10AA8000F60802EE181214EB02DEEB160C1F0CFA9D
:10AA9000F9F207F60322FA130100FDFBF40DF4F4BA
:10AAA00002D9F8132F2D130107EFF609000F00FF4D
:10AAB000ECFE03FD1400120B0702ED1B0A18020244
:10AAC00005EFFAFEFE06F5E809F6F7E50C1204F7C5
:10AAD0000A0AF9FE04F207FCFEF30106FD0D03F875
:10AAE000FD02F0E20A02E9081707E3EE00F70802A8
:10AAF000FF05F5FCFE03EF0EF5FDF20A0501F7FD7B
:10AB000003FC1502FB030AFDFB0A000BFFF610060F
:10AB100017EFFCF713FB00F8FC231501030301FDFD
:10AB2000FDFE080AF9FF01F8000E01F8F9F614F22B
:10AB3000FAF520F8E405110109FFFCFF06FD010FFD
:10AB40000A01F80FF0F806F60A14F802000A06FBEC
:10AB5000F503F3090AF90707FBFF0107F7F813F9F3
:10AB600002F91410F311FB0504F80AF8F90CFDE5DD
:10AB7000F800F802010815020EF9081D050DFBFF8B
:10AB8000FBF4FA02F51A0AEDFDF309FD060F0707BB
:10AB9000EFFAEC1BF106F9F6FD0FFF07020F000BB1
:10ABA000FA010EE6F50A04EE0302FA0911B105FBFB
:10ABB000FC03060602BEFEDF0F00FFF20FFBE5FB03
:10ABC000F50E57FB00ED07EC070AFE2706FCF80020
:10ABD000FC0306D701FBFB0609EE20F2FBE204FEB4
:10ABE00004FDFD0401F0010BDCFF11F5010425F665
:10ABF0003304F2EFF7C9EF110BF9020AF9F9F5ED99
:10AC0000F5F6F0F9020A21F023D3B7F50D4002FE64
:10AC100008EC01D501F9E808FD13FC06EEF2F12776
:10AC200018DA2DF1162F0BFCF1FE01060001EE18CB
:10AC30000AF5F305FEE8E90C092510F10B1A16FEDA
:10AC400005F3F8DD04FE01F3F8F6F7E505F109FC7C
:10AC5000070300FD13E2FBF6F90CFDF4FA0AFFFE10
:10AC6000F804FBED13F811F1F5ECF208F9180B04F8
:10AC700004FCF6EB01E406FA05F1F935F3F30E2BCB
:10AC8000FFF417F9171CF508F60EF90906FFF2F89C
:10AC90002703F63C06F0F10E0B30160F130002F0FE
:10ACA000F7FAFB2707F7FB050F030207F0EB11FC90
:10ACB000061FE303EF13060AF407FEF90708F8235B
:10ACC0001A0A01FEE604ECF40E2310EEFA03F90E64
:10ACD00003FEFC03F9F60C0FFCFFFB0CEE04F50F72
:10ACE000FDFB1801DDFEF7F5FFFEF8F5FA0C06F89E
:10ACF0000EFB0AF6F80604FE160E0C060605F20513
:10AD0000F8010B030606F5F004FE170EF0F0F4F858
:10AD1000F626FDFFDF0001F40707FB0104F405F14F
:10AD20000402020DFD0502F6E5132609E9D4EDFB48
:10AD30000C0607FB05F60CFCE40401FBF304F1EB45
:10AD4000DFE60C0103F1ED01FFF4F3F8F9E10B1F6D
:10AD50000E0EFE0AFCF2EDE6F8FA02F2F740FF04EE
:10AD600002FD02FBFCFB061728F30205EDEFD4FA07
:10AD7000FD131502FBF4F8F202F4FB07EAECEF0C0A
:10AD800006F403F8EDE4F109F70725FCF2E200050B
:10AD9000FCF001FF06F205FC00F5050EF6FD02DEF3
:10ADA000F2DDE5FFEBF7DAFC0D070005050904FD10
:10ADB0000603FE00F201F1F6D9FFED010DFAFFF8EE
:10ADC000FCFCFF0AF9F5F42502F606071DFDDAFE84
:10ADD000FB04F5E7EFD5040100F603F7FBF1FC08EF
:10ADE000F9FE0200FDEDFFEB15EEFF0A00E502FDA6
:10ADF0001305FE01FEC6FE1E1707FCEE01F7F7095C
:10AE0000112C1DF3D9E602FE0603030E01F1F11B1E
:10AE100005F8FAECEDF3E403041D2CF6FAE30DFC5F
:10AE2000F8F6FB22FBE3F5FF0C0DFE17ECF100F446
:10AE30000D11DF05BCF4F60503E9FAF1F8F500E8B9
:10AE4000F3F109FD060E0F2306EEF112470CF10493
:10AE5000FAFAFDE107E208F612F8FA14F1F7FB3D01
:10AE6000F60030FE25170404000AFEE80808FEF983
:10AE7000FB0305F7FBF6F54712F5190B080B0C075A
:10AE8000F7F3FFCF041FFBFB060B0002F603080CD1
:10AE90000DE6FD0AF1F20FFAF6FD00F6040302FDDD
:10AEA000F8F704F1F402070103EEEC1BFD0C0608B1
:10AEB0000A03FEEA1027120EFB08FD050600F60D38
:10AEC000F509F81204100D111704FF0FF503040221
:10AED000020C0B0FF9FFFCFFF7010EEA2617140B0B
:10AEE000021405EC02F900ECFA0A0704FAF302E690
:10AEF000FEFCF6050F3A1E12FE0A010203160100BF
:10AF00000E09000702071600FF0EEFE8FCFB020720
:10AF1000FF0F02FEF2FE06F509F8FE0C24FB07F611
:10AF2000FF3AE8F2E4FA00F5000009FFFADF1DEE4F
:10AF30002B08070F1314F5E6F22304CEF016070DC5
:10AF400001FF06F40622FA0AFDEA0E02FA05EF05F1
:10AF5000070EF4FF1D34FAF7FB03FCF30123FB0398
:10AF6000FA00050EFBF5FBF701E4F1F205F4F4FD40
:10AF7000FF0D001701F80BFE20F7050D02F7FDFE8F
:10AF8000FD28FA050FFF08FCFF0904FF0720091F31
:10AF900018FD1003F6060BF0FA14EFF4F519F10E94
:10AFA000FF0501FFF21CFF3206EFFFFFF6F5EDEEA5
:10AFB00009F6FCFE190207F9FF01FD00FC020A1B5D
:10AFC000F909EF0BFD02FED104FE10EBE40B050ABC
:10AFD00002F2F601F92207DEEAF5050BEB0203D9CE
:10AFE000F9E6CCFBD7EAF7FD070201FCF8F106D839
:10AFF0000EFC0EFE05051DCDD7F2CA02F908E804C5
:10B000001201080702EFFF100702FAFA0203FFDF3E
:10B01000E5E4F4EE0FFBEC0604FE02010404FFEF8E
:10B02000FFF405090AFE01E0E5FE0E0BFF22F70919
:10B03000050FFF07FD1A05190304FF0FED0A07FAB4
:10B04000ECFB04091026E708050EF80602ED0F09CF
:10B0500016FD0117E3E5C8E8FEFA06F2E8CFF8FEB0
:10B060000B0EF502FBE908FE1CF3FC0AEBFAEFF904
:10B07000081206F4F9CF09FBF8F702EFF3FC01011F
:10B080000309040FFBFE11F305E6F3F4F4C50A050A
:10B090000413F40EFEF9020105F5F209F5E8F9ECE6
:10B0A000EE11F7FE03EA0204FD02022BFC1806363D
:10B0B0000EF303FEE9E7EFCFF52212FFFDF3F5F7FC
:10B0C0000604FDEB0715000F0A020EFDF202FB025B
:10B0D0001007E2E7E4ED04F4F7FC04CF03FBFA14F5
:10B0E0000103FFDEEAF701F911EEFD050F080AF78B
:10B0F000FC0A010404070A021F0F0AFBE7F2EB3700
:10B10000F80630EE16FEF40AF70E0A000321F715D2
:10B11000FF00FFFD010610DCE8FFF40802EF05F375
:10B12000FFFD06F9F711FBFDF9090200ED12E6EE4D
:10B13000FE0CE818E8FE1212FE0801FE03000DEAFC
:10B14000F3FDF41302F9F10AFD12D7E5040F090922
:10B15000FF0B02EDFF07FFF3FA08021401FF03F0F3
:10B160000814EFFD2C0EF50402020CF501020BF69B
:10B17000FF0DF4F4F9FBE3FC08FF39FC150521F0A1
:10B18000FF09FD0EF5E8FD0EF8FD02FF0702E7F9E5
:10B19000131817F40D0C13FF0F000E1EFA020F16F2
:10B1A0000207FD04F8FDFE1E2015F4CCE8DDECFEE0
:10B1B000070204FE021E04FCF1190206ED020FE272
:10B1C000E2F0DFFF0017F9060A0E080A1A010AF575
:10B1D000FC16FA0EF603F2F0E6E1E2042305FFF9AD
:10B1E000FA13FED6FF0517FE0D0306FAE6F9EE0583
:10B1F000ECF1D3F50AF613F6070306F7FB06030F87
:10B2000015F8F6FCFD1109F5FA1AF2EEF9C40D0372
:10B21000020DEB0F05F30FDA0F0607060EFBF829F8
:10B22000053DE700EDA601FFF820030703EA1AF742
:10B230002EF70B14FDF9D2EE033DDDECF0D3140F25
:10B24000FB1C00FBFF260B1BFDFD0105F9FFEAFFC0
:10B250001C03E8DB1621F0FD01080907F81C0218A1
:10B26000FEF40EFFF2FE27BB11D8FD05010C05FB15
:10B270000706FE09FE0F090E2A0A0AEFDDFD070D7B
:10B280000401DFF6E508F20D080FFD06FC0B1304C0
:10B29000290805D5F0F6F1E8031EEEFBDE05E90905
:10B2A000F8070812FD070A12FEFE07FBE3F9E7F8AC
:10B2B00010100700F4FB02F7F9070FFAF4F703EA9E
:10B2C000FBFEFB00130C01C4E20515F4F2000103C0
:10B2D000FC0F0B05000BF6EAFEFD06FF010C1FEA52
:10B2E000ED07A70B1CE317FE080709EEF8CC14F6D0
:10B2F000050004EA0A1107CFEFF9C7DFF2030903DB
:10B3000003FAFC0902DD0507F7F900F5FFFD10F768
:10B3100003D9FDE81A020103FAF3F1F5F7FCFC0684
:10B32000000713F5090201E70CDCF2F8DEDA0BF98D
:10B33000F90804F303CC06F410FC04FAFEF6F7D186
:10B34000FAF92CF50EF9F9FD06040202F4F00518DD
:10B3500007F207EC07FEFCE70FEF100300DE06F034
:10B3600000FDFF0A0600F51514FFF5DCF9F506E906
:10B3700014061F01FBD1FDF6F901F7E50121FD08D7
:10B38000010600FF02EE01B4F4FA252AF03603FAB2
:10B390000A03F6F80CECFC1BEF0E0300F4F0EBECE8
:10B3A000FBCF26E5E63F0B0B03000B2109F5081444
:10B3B000EB11000101011B09F4F3FC17054DEBFD36
:10B3C000FF07000FFE11EEFC10FCF30F10FCD8F885
:10B3D0001A2107FEFCC403F6FDFEEFE008DBFCF4D7
:10B3E000F704F302ECEDCB0DD01406ECFFF6FB01F5
:10B3F00006F8F8D901CE091CEB0303FB08F3E13989
:10B40000040042F50AEF06F7FFFBF514FCDFF5FF39
:10B4100011FC0901E20A0F2A021BFBED0ADC13FAF8
:10B42000F511090FFFC5FD0012EA080BFAFF0BFB2F
:10B43000E7161004E7EEFEFBF806F9FDF8E1FBFF66
:10B44000040A07F9FDFDF74A0107E90D521DEDFD5C
:10B45000FAF9F4E502CC070501FAF72DFCFADC371E
:10B46000FB1825E6491A0DFD040102D3FAFFFF106F
:10B47000F602080BFC070E2508FF1501070219F25A
:10B48000FFF502EBFF05120EFFFA07FEFAFF082494
:10B490000EFE002DE0120DF7FFFE03ECFF19F20186
:10B4A000F30103EAFCEC0CFF0AF8F401040DFB12B3
:10B4B0000304F9E80B22010BF304FD0D0C01F20863
:10B4C000F61AE506DE180B0FFE190910F2FCFC094E
:10B4D000F80BF2FEF1F8FCF1F105F6080AF3141787
:10B4E0000212F6E5FDF110EBE70605DCF80F04F9B2
:10B4F000020DF8FB12FB02FF0004FBF401FD0A073A
:10B5000006FBFAEA11142BCD0508F5F9F41E0B1110
:10B510000017F700FAF812E008FBF8132201F01008
:10B520000166E0EADE0E07FBF50AF92B02E120D8FE
:10B530003DEB0E15EF0EF502032FE8E6F6ED0CF2EB
:10B54000040DF3D5FB30080228FEFDF7FD0EF718B9
:10B550001B1215FF150A10F2FD0602F2FE2FFF1D49
:10B560000C1C0317F61C07D4F9F8F1FA15110FE5B6
:10B5700001070409F20913E11FFC060EFBF90F1580
:10B58000FE18E302EBF6E603061400F7F616080AC7
:10B59000181B10F5F6120AF6EEFABDF7E919DF09E5
:10B5A000FE070B00FA2310FE1CFA11E91505E2064E
:10B5B0000A1F0FF6E5020509FE0C03FD0601FB1448
:10B5C000F300F515FE01E2CAFC040FD0241916F8A9
:10B5D00009F8F8140A1102E8E81AFE03FE0420B480
:10B5E000FD18AD0433E308030313F51200F005E77B
:10B5F0000B0B09E50FF9DAAAE8E6D4F607F40CFB21
:10B60000080D04FDFBC40746FB050911EB0D0CE812
:10B6100024C7FABA01E103FD0404F9F210FC01E8C1
:10B62000070D0305FD090AF011F1D4F8061EF5F423
:10B63000F80207F603210B0CF4060502F9FDF5EFFD
:10B64000EEFCFC160719FEF7030E0AFB02EF0F00D3
:10B65000040FF811E9F1E9DAF309EEFC3D2B0AF8E1
:10B66000FC0602E409EC04F408F80A05ECF1EFFF2B
:10B67000FF06D4EEF8D511F7F207FCE702FFF6FD5E
:10B6800005F70D01FAF6181518F5C2F401EBEC07F1
:10B69000FCF90104090411E710FC040807F7EFF7AF
:10B6A000EA27F3031005E2F80007F513FC0F0A0080
:10B6B00000FC0506DF0602F6D80702F70400FE05C7
:10B6C000F80AFEEFFC5802341BF703E8FF00CCE554
:10B6D0001CFFE3F60D1A09FA04FDFAF8091A081519
:10B6E000040E0102EE110FDA14FB03040B0F09FB29
:10B6F000F9F9F9E4050309151A0404E5EFFD03124D
:10B70000EB22F3F5F10604FD03FDFE16FA1FFEFC25
:10B71000050D00DEF80EEEDBE9090600F5F1FF1479
:10B72000F50FFD1007EEFC02090106DDF101DFEA6D
:10B73000FF3008FEEBF509FE05F707F9FDD9FFF329
:10B7400005F8F7000A0AE907EC0EC7E80F060BF642
:10B750000A02F8E203F20DEF0111FBFA13FF0904EC
:10B76000070E1005320D0DF701FEFEE002E211F5A5
:10B77000120E0CF503EFFAFEDD0018F0FAF01CFCD7
:10B78000F90601FAFFE60C0816F908EEFC0CF9E8D8
:10B7900006DBEBF3FBFA0607FD0AFFF70F1F0119A3
:10B7A0000206000AF8032AF025CED1FE17D1F91BB4
:10B7B000FA08FFFD031BFFF0FF02FDDC0708FCDEBB
:10B7C000F4DCEB0B0DE9F4F802F5FBD7FF32F4E9FA
:10B7D000F1FC03E1220421F901D0E62325C7120779
:10B7E000FDF003C2031403F3E3F0FBD51C1241FE8A
:10B7F000F1CCF52CFC0F110902F9F604FB43F1FC26
:10B80000F20E06EBF903E816DBE50E040300FFFC7D
:10B81000F3EE0408FF17EBEAE50901F411100AEF53
:10B82000FEE3DF014700F8F0F7E303E00323F30949
:10B83000FC0E02F30E0502F21AFCF2201953020468
:10B84000FFFEFDD6070F030FEE0EF009F704F9F91E
:10B850000213FF0F1F2216F7020EFDF50A0705FF60
:10B86000F403FA210507E111E302EFE1FCF5030B14
:10B87000FFF60816F5ECFAE204F8FCEB120504DE1C
:10B880001327E2F1EA0EEF0C00F5F01006F202F6D3
:10B89000020AE8050AE821F8F926FC0F0429EBFF63
:10B8A00001060CEE07FC10FA180FF816010200183A
:10B8B000F92DE4F6060B21FEFA07FC020F05030240
:10B8C00019F6F30AE701F2171A01F7E3DCF80802A8
:10B8D00005FDF71908F005FC09F7FDF0E4F314F68F
:10B8E000F60AF2FEECE7EC09FA0000FEFE18060488
:10B8F0000BF40A000A1707EFEA0001FEFFE500FB60
:10B9000007FE0E0200F2021304F2FC08FD07F6FE29
:10B91000F10B0CEB1CF90F060A06FE07FFEDF70C06
:10B9200003F8F401F7F704EB09FA090FDF01F90650
:10B930000A04EFED04F20907031001FEFF09070BEB
:10B9400003E319FCBFFB16010500071301F505FA17
:10B95000040405FBF7F7EB0EF4FD1400E505F60310
:10B96000F9FE062009CA12FAFA010A0609FDDEEFFD
:10B97000E81C12F800B21AF811FDFC15F9E30CE905
:10B9800011F5051D04F709F90901E1C7210F08FFA9
:10B99000FCFEF0F005E2FF1C02FDFD050EF2F41DB9
:10B9A000FE2C27F8F712070FFA09FDFE00D308EB6B
:10B9B0001DFAF513F8F3F804F00FE8EFF4031AFAA0
:10B9C000140303E80925082108091DFEE106F70C08
:10B9D00018E6FB03240901FCFA0602E6FA390824FA
:10B9E000FBFF1309F909FBFA0AE9EDE5162C12FD34
:10B9F000FB1004E003030DF3FCF90A23EAEF05242E
:10BA0000E9D4E50F4C32EB01FDFA04FB05221719CE
:10BA10001611070EF410D5FFF6FEE30E0800E9EE4E
:10BA2000F60AFA0FF91609FE060FFAFCFD10E30AF2
:10BA30000A07F2F4FEFC070D0509FBECFEF9FD090F
:10BA4000F814F508E6FBE6B4F4062BE6FC0DFF015E
:10BA5000FB0403FD0216ECE90005F10A0E0715E5EB
:10BA6000FC1EF1E916F009FD0616031EF5E220069C
:10BA70000C00FFFA0708E6DCFAF71CEC17F90502E0
:10BA8000F8040AFB09F4F5250F0708FFEBF2F4D6DA
:10BA900026F901C8FCF20A01FB08F9F50BE40AFDDE
:10BAA00007FFFDFCF6021515F00FFDF1F9D20803B2
:10BAB000FC040A0EFFE509F7F8F8FB030F01FDDAB5
:10BAC000FFF512FEF9D207FE02F704F0F9FFF4DAEF
:10BAD000F9F300DD1A03270115D7ED0BFCAA0602C6
:10BAE000FBE608E9F520F9FCC50502E0261B2D0759
:10BAF000FDCAF6190813E6FD08F802FDF92704F758
:10BB0000F111FEEE13040F0FE0E8FD16FAF30EFC40
:10BB1000FDEEF9140C05F2F9F80F0AF5FB1304FE1B
:10BB200008DAE4031A1DF1FAF4F500EF0716F60936
:10BB3000ED0D02EC240900001FFFF51516FCF700BF
:10BB4000FD04FCFB0112F707F00EF3F0FC00ECEE35
:10BB5000F61BF2FC101316FA000A0AF1F5FEF9F4CE
:10BB6000040AF109FB05E206EC1EE5E7F6E30D0722
:10BB70000308F1FD02E3FEF0F4FFF7ED1406F814FC
:10BB800023081CEC16FFFDFBFA05030A03E305FF7F
:10BB90001EECF4F700F10C0D0C1A1F08091AFCFB3F
:10BBA000FA0A00FEFBE7FF0F17F5F313F7F3E300C4
:10BBB000FF0D04EAEEF8F401F50404FBF505050DAC
:10BBC0000DFA0325F1FBF80B0F07ECE9160B050640
:10BBD000F80C001104F0FA1206F1060AFA030AF44E
:10BBE00007081806010AFC04000FF705F510F9060E
:10BBF0000B0A090C01021107F90E050707F1F602FD
:10BC0000F7FEFE12F91E031AEAED0C08F2FDE70C2E
:10BC1000FAFF0705F9EEFE01F903F90EFEFDFF0D2F
:10BC2000EEF9F5F5F20609FAEF03F611EFF90D005A
:10BC300009FBFD04FBF506F3F700FE01040513FB09
:10BC40000800E6FEF9D2091206F7FB24FBF50ADF2D
:10BC5000EB04EF04100B1C0103FEE7FCD3B013064A
:10BC600002F90604FAF9FEEBFB0604F1150D2012A9
:10BC70001E0101F7F5F9E702FDFE04FFFB210E02AC
:10BC8000FC040201130D01050105F0F60FFF0D0183
:10BC900004FFFB05F70DFFF9FC01FBF618FBFF1392
:10BCA0000D0CEEFBFA1D040B02F8020DFFFE04ED75
:10BCB00002F808E505F90A071B01E5FEF2F303FFA8
:10BCC000FD0007FC001709F502F6F6EE0B1212F163
:10BCD00008F6EEFFF905FC000304FAFEFE0F001261
:10BCE000FCFCFEF60612EDF802EFEFF6020308F791
:10BCF000FFF90111FC1EFD07020303F7F900090912
:10BD00000800F204060B050AF802040E0B161903CC
:10BD1000090205020E080EF8FD0502FC00FFFD03F6
:10BD2000FF0001F901080B03F8090DFD0B0E0FFDD3
:10BD3000FEEDFDF8E505FA070908FC07FF05FF0A17
:10BD400001F60200070DFCE0FA1206F901000DFCF5
:10BD5000FAFBFB0BFA0A01F0F20306F80D000BE404
:10BD600007EEF303F4F0F8080CF9FB00FEF20CDE2A
:10BD7000FC0DFEFF0A0302F0FCE8F70FF9F70502DD
:10BD8000060B0000FDFE05EA05FD0BF506FC0F079E
:10BD900014ECF4FAFCF7FE03FEF8F714040001F5C6
:10BDA000FF0503F4090200F8FBFBFC1BE0C1FE01E8
:10BDB00008000B0508E9F3DBF50601FAEDFDFB02CF
:10BDC000F4FC09EBE2D213FB04F10612F5F704F2DE
:10BDD000D607FCF209113507FCD3EADCC9E8E90D06
:10BDE000F0EFFD23F0DFFC09E51503EC0FF711156B
:10BDF00006F7FCF3EAC9E7FF10FB0606FED704F3DB
:10BE0000F5FB02ED1B15FBF30806ECF51D19FFEF22
:10BE10000601FCF9FFF7030802F9F2F907F5EF351F
:10BE20001111140D130923FDFFF509ECFAE6FEF1DB
:10BE3000FDF6F5FB0E020921340FF0E7FCF216FACD
:10BE4000FD03F3E602E618F103ED07E7F000041640
:10BE500015DEFFE5FCE4F9FFFBFEFEF8F806FE0345
:10BE600000FEF4111BFD09FC200718F80A0F050954
:10BE7000EE00FDFBF91D030709050E22F100F01885
:10BE8000FBC60100152108FFFFFFFAEAF60105F3E2
:10BE90002DF80026FEFFEB01FF2A11031C020A0108
:10BEA000FCF10204FF05F6EC080BFD07E8F4FA03C9
:10BEB0000A180EF9F400F3010E0EF600FBF800FC70
:10BEC000070009F003F713ECE7291305F5FAFCFE68
:10BED000FD13F6FBF60B001501F5FC140405F2CD7D
:10BEE0000AF911FDEFF4F20303000CFC07EA010468
:10BEF000F6F805F2EAFE0DF301FB2211FFFD0E0537
:10BF0000050203F303E601F4F9000E06F1EB01F17B
:10BF10000A19FFF5E0FEE900FA0501F8FDF603ED68
:10BF20000B03F20EF2030309EB2C000D11F5EDF2F9
:10BF3000FDFF01EB0614F4070206FF01F4F9F2F825
:10BF4000EBCC0D11192BE1F8090A00F100080315DB
:10BF500008050706EDF3E3FECF03130E4249FAF995
:10BF6000EF2300F7FEDD070515070E1BDFF6CDEF0B
:10BF7000F41806FD1EDF290C0008061B09EDFCF372
:10BF800000EAFE12EEF0E8FA0A11DEE30200F8FF22
:10BF9000020EF30C09F6ECFCFBFAF40803E6FC05D0
:10BFA000DE0C0FFCD9FAFE07020FFBFBFCE00D00D4
:10BFB0001104F826F4FBEB0FDA0AF9F8090710FF71
:10BFC000020F02090724100E07101013F217FA1AB5
:10BFD0000ADDCF1A22FBFE06FCF3FDF00D17FF224F
:10BFE00004FC27E8F4F711FD1EDEFAE9040E000553
:10BFF0000CFCFCEC01F707F8FFFF0809F6F9030B4E
:10C00000F706EC08350DFAF2F20302F6F90A011709
:10C01000F60B0304F201FCFAF7EA0416010006FD30
:10C02000F005FD02FA190308F30005FBF400DDF842
:10C0300009E5E9F61BF20107FC01EFDEFD0F01F84F
:10C04000E6020707F0FB01B9FFE70B10FD0501F65B
:10C0500005FB04EF031009FDF6FEFC0AFE0D14EFCC
:10C06000FD02FEFCEF090106FE0E0311FA07FD14A6
:10C070000E0AFE0DEBFE07E1EB0807F30F10DF0DD4
:10C0800001FBFE1BF3F2FD0701F907FA1405F5EDBC
:10C09000FA09EDF1EBF8FA0500F9081902D702EDFB
:10C0A0000714FB0116090A0AF811E7051B02F8F745
:10C0B00003FEFEF00904FDF7EAFFFEF502FE060F9F
:10C0C00000E8DB0A0801F8F0FFF7FDE1F31BFBFCD9
:10C0D000EF03F9EF02011A0C03EE041800F5F7FD67
:10C0E000FBF303FEF80406F0F6F4FB0B0111FBFE74
:10C0F000F0FCFA10F6F60CFD03F8FC1A05FB00E460
:10C10000050607ED0204E9160B08F806F5F8F0003D
:10C1100002050AE80222FCEFE9FFFDFC030008F635
:10C12000FBDACC131C06EEFEFCE9FCD9FF16000579
:10C13000F7FE01FD120903F2F2CEF3140D11FBFB21
:10C14000FD000301FEE003FD0809F7E5FB0614E12D
:10C15000E103170AFD080F0EFF00FD1C05E3FEEECC
:10C16000040300F20F0E080BF513DFE0F4EA0AFEF9
:10C17000FBFA0CFEF9FFF5E8F1F2F6F0211C1AD2F9
:10C180001AFBB1F419F5F7F802F9FB1A02E4FEF50F
:10C19000F809E3EF05FAEFEE11F1F40704050400E6
:10C1A0000D0203D904040901F700FAF6FBFD0802A9
:10C1B000F2F20AE70C0304FCFD07FA0204250E0F55
:10C1C00003FC08F1000D0BFC05DAD2F1F1F00904D3
:10C1D0000808020FFDEA0310F9FF06EA090D00EB5B
:10C1E000181724EFE401F402FEF8FC1608E9040E27
:10C1F000F8F6F2F9FDF7F8F9041810E808F700046A
:10C20000FF06F4EFF81600F8EBF8F610010C09023F
:10C21000EDEBF0F106000FF9FD07FFEAF51BFC0F4F
:10C22000F202FEEBF9EBFBEF19E80D02FD00F5FD64
:10C23000F50BF206FEF0F1FF020802FCFAFFEC013A
:10C24000FAE935010C14E9F202F601060CF00413C8
:10C25000FEE90F01F301F3060AFE0DF31B1D0C109E
:10C26000F6F6081703DB05F40CFC14FEFBFC1E07B6
:10C270002011E8F0FBDC000106FD010E04FD0BD7E8
:10C28000F7FF01FB010D141014E6B9EA0430F4F6CF
:10C2900005F906FD07F7F2100CFCF8FCEAF0F20ACB
:10C2A000F2E0220917F705FA00F9EEFD0F07FC0886
:10C2B000FAFCFA17FCFFEBFAEF0BFD08FB1F010875
:10C2C00002F4090301FCFE09EF130FF9050317F847
:10C2D0000D0407122F07FBFD04F0F6FD10FFFE0909
:10C2E000FAFCFFE20805FFFB16FDE3FBFEF8000188
:10C2F000FFF801F904FD0C16EC02F31301F4010739
:10C30000F6FAEE0B0BF50D06F70C04FF08080616FF
:10C3100001FBFE06FFF7E4ED030F181104EB11F922
:10C32000FFFDF811FD07FA0DFEF50400E7FFFC0024
:10C33000E907F5FE1012FCFE080106F6030CFDFBF2
:10C3400003F9F1F50CFFFAF21307090CE004FB0006
:10C350000800F7ECFA00070202F5F30BE703181EDA
:10C36000F8F23301F01C08FDF90606EC0F12FCF997
:10C3700002060907F4FC0C34000CFC1AF10AF60062
:10C38000FD0607FFF12EF6E712050AFBE4EEFFF5C6
:10C39000E0EDD812F5FBF7FCF80AF103030404EA18
:10C3A000FE0106110A0901EEF00B1D0501F903FD5E
:10C3B000FDFEF7060508FDF9F8070A05FDFB00E894
:10C3C000FC01F309E608EEFBFD00FC0211FBFDF6A3
:10C3D00006FC0AF206080FF4FCF0EE030704FA0666
:10C3E000050207F1FC01F9F102F9FAFAFBF6F50092
:10C3F000FEEDFB020AF20707FAFAFF020403F7FE5A
:10C40000010803FBFA01EFFBF30B050011E909F743
:10C4100007FAFCFDF7F2F80202F7FC01010307013D
:10C42000FCFDFEF5F6FD05FBFBFBFB06060302FE2D
:10C430000A030603F1FFFF05FF0CFA000104F705EC
:10C4400005030805FCF507FB040B010004070CFFBE
:10C4500008FBF8FD010BFC08FE02FCF507F90702DA
:10C46000FF0A071001FD100CFBFFF8080101040092
:10C47000FC0303F7FDFD06F901020210FCFA0605B4
:10C48000FAF4FFF8E7FD0CF50608030000FCF1F4F0
:10C49000EEFF02FAFA010509FDF7F9FD0D0000FEB5
:10C4A000F7F604000DFF040704020CFD1108FDFE61
:10C4B0000902F8FC16070406070DFAF7F8FD040355
:10C4C000F8070501FFF50501FB02041C020902FD46
:10C4D000000702FBFA03040006F9FEF7010DF8124B
:10C4E0000001050901FFFD03FE0600F9FC08FCFA46
:10C4F000FF09FD0B0709F9F60002F001F9080CFE2F
:10C50000FC04F10403F800FD0005FD05FB02FFFF3C
:10C51000051300F8E104FAFAF6FC04FF03FE000933
:10C5200002FDF7F20805FBFE0D0301F8FB19F60604
:10C53000020908FBFF1BFB0808FC0302F805FEF8D4
:10C54000FFF7080BF8F6E7F5FC09F9F902090218FC
:10C550001DF60919F3F3F712F403FC12FA3BFA0182
:10C5600002100809FEE70D1104FF0412EF00E709AD
:10C57000F62C07F303F91206F603010905EAEFEBBF
:10C5800003060907FA03FC0BFA0AF8E317C3FE01D6
:10C59000050803050BF9F70B0BFB050C07F4FD0170
:10C5A000EA0C14FEFBC1FCFF07F2F6F904E90AEFFE
:10C5B00010F9FD1EFD07FC04E0F1E808F3DB15FCB3
:10C5C00004FC1004FE0BF909FC07161AFE04F6F928
:10C5D0000EFAE409F343FB0B0D0806ED0102F31C10
:10C5E000F6FB13F5FF06030E0AE802EA091AF6F84D
:10C5F000FF0306E911F201FEFA00FF0BFCF1042132
:10C60000F7F30E0A2914FDFB050207F6001AFB16C4
:10C61000FFFC04FFF4F3FA0DF3E2E6000C0A00FE5F
:10C62000F70101060313FC08FE01F2FEF803DFFD2B
:10C6300006F4F5FC12F6ECF70B0702EE0506F8EF30
:10C64000F60BF50C02F502D103F813F2EC0902F730
:10C6500005FFFEF5FA200202FE010111EAFF01E8E2
:10C66000FADFFC00F0FA02F90102030206F6F8FE16
:10C670000F02F20E00FB02EBED000202F4FEF5FCED
:10C6800005FCFC12F5EE00F1FEF9FAFA14FD00EDDE
:10C69000FE0CF8F8E7F4F803FB0500FEF8EB04DA0B
:10C6A00004FC08090EE70501F511EFEDC6C8FF040B
:10C6B0000FF2F8F900ED04E5EB0805F301FF15F3BF
:10C6C00001F3FE01F7E2FA0A00F3F81905FDFEFC9A
:10C6D000EBF307DC250C0FE706D40006F5CFFCFED4
:10C6E000FFF8FCFE0316F8F4E2020EDE0F0E24FE45
:10C6F00008E5EA170B20F10201FCFAF6FDF6ED035E
:10C70000F1FF05E10A0D010304EFF30704EE11F94F
:10C7100001FDFCE905ED0DFBF4FBFDFA0BFFFE0A44
:10C720000AEEFFFFFE010FF2F7F9F805F9FAE8E962
:10C73000EF01FEF2FAEC140C07DEE611F73FFFFB07
:10C7400002FD08DDFE000BFFEC03F5EF1201011402
:10C7500001E0EAFE163709F90802FEECF8F8FDEDF3
:10C760000303F8F1FF02020DFF0FEF24F6150EFF91
:10C77000F4FEFBF2FE04FC02E9FEF404F8F808F80B
:10C7800001F3E0F90D0BF30BFBFA000FFC13F806B5
:10C790000507F11D0A091B02020C04060AFEFEF839
:10C7A000F90205FFFBEDFB0CFA0AF3100204FF018E
:10C7B000130C08000E090607FB03FE0100F4FCFB46
:10C7C0000B0AF80DF6E8F81805030C03FEFF06F750
:10C7D0000B0901F6FF1A090C02FBF3FDFE04FCF045
:10C7E0000306190CF2FAFA08F90210170101FE0CFF
:10C7F000F3FE0500FCF010FEF0042900EDF9F6014F
:10C80000080904140C00FB020302FEFB0FFFEA0BF5
:10C81000F314211DDC1502F605FEF702F9EB040006
:10C820000C0B040CF909FB07E71727F01AFA0E0D99
:10C830000EF40102F400FEF20BFE04DDFCFD04E93F
:10C84000FDF7E301210E07FEF4001008EFFD0512CD
:10C85000200C09F40101FEFD01F608F3CC1702FAE1
:10C86000F9020CEE01F7F603FF09F0E31C11EE01EB
:10C87000090A29F3052BF3E508FA02EFFC15EE1B74
:10C88000000AFDF1EBF2E3AFC70F5513F8010CF10D
:10C8900000F8FE10F4010B120601FCF505F4FBFD97
:10C8A0000218100ADD11FDF8FE04FD0302D9FE0C8A
:10C8B000F40801EEF306270714030CF2FDE6E4FF8B
:10C8C00003F91008FBBFF6FB06EE01111608F01184
:10C8D0000F0EF4F4E1ACEB01F3FEFAF9FDD2F7EC44
:10C8E000F9FBF01CFCFBF510E3042C1B10F601FC1B
:10C8F000FE0B12FA0BF9FE1CFC100307F700E00612
:10C9000006023FF7FEF214FB0306060FFCE90814CB
:10C91000D6FE0AEAEB101B2508010CF2D6E113FD46
:10C92000FEF3FA0705DBF7F0FC01010025191210F0
:10C9300014F00509E7E1F3F9F3F1030AFEC8FEDD9F
:10C94000F9040AE5060DF425FFF9EA222BF5F603B2
:10C95000F20B04E103EEFD1809F7FC30FFF1E41DD2
:10C96000E9FD35F11FF9030101FEFAFAFF11FCFEA2
:10C97000EF021602F40BFB08FFFD2910F3141E0949
:10C98000F7EC03F7FBF0FE0CE106110A0E06041D9E
:10C990004518071B050FFCF810F5F40601FCFB0811
:10C9A000FC02FDF1F9F427FEFE1EF4DF00D20D05B6
:10C9B000FC07010206E0FDF9F3F7FFE60CF9ECFBDA
:10C9C0000AFB0BF700E7F205FAFFFE0AFAF2000B8A
:10C9D00006ED07000504FFF6FD0A0FFD4546FB05C1
:10C9E00007F8FC0701170412050405EA00010E0F01
:10C9F0000B1D0C0A0D060B06040602ED0310FBFCD2
:10CA0000F905FEF4060CF30F15000EFDFF1C00FEE9
:10CA1000FCF9FCE108F9FB060C02020FEF08F7FA3B
:10CA2000FEFD15FAF10E0DFEF70000070901F6FBF9
:10CA3000F80B0FF4FFFB1702F40015F90240FB049A
:10CA40000BF60215F609F5D0EC050804151600F7EB
:10CA500002F305060221FE0C0BFE02FFF9DFF7DDF3
:10CA600003FB0AEEF7F309070C02F732FA02F7F8B4
:10CA7000F5FE03ED0AF9F90CF705FD0608FE03D6ED
:10CA8000FF031913FB07F1F2FDFB05240B17FEFF53
:10CA9000F6F1F5FDFBF410F903F8000F04E3EB07E2
:10CAA00003FAF9EDFDFDF418F20104F4F60C12F6A8
:10CAB00001F402FBEB0BFDFAFB06F8010001071283
:10CAC000F0FC050002F50CF40BFDFA20C0ED05FCAE
:10CAD00000F1FCCB030807E8E9F3F905EFF7111CB7
:10CAE000EFB7FD0BC6FB08FB01E807F40510FED00D
:10CAF000ECF9001002094BDDD4E1B60ED3EECF11F4
:10CB000003F4F50CF50405D5F4F2F9EB0C1C05F66D
:10CB1000B4E6FA25F3F2D4FD07FAF8F501EAF4E1F8
:10CB2000F9EFECFC070AF3EFC4F5133503D0FB0E65
:10CB3000F4F30904F6E9F2EBE9FB0BF9F5FC14F860
:10CB4000EDD8F003F3C71C0A04FC0AFDF60503ED5B
:10CB5000E91315E6F9141E0BF7D3BDFAF513F90224
:10CB6000FF03FBF604F90513030BFCDE01010314BC
:10CB7000E7EDE9F1FBE8FB0306FFFFFBF9FD01FC34
:10CB80000908EFE2030EFAFAE8F90202E3320403BD
:10CB900010F402F3070EF8E3F90CFD06F308FE08A3
:10CBA000F9EFD80AC5DF0BFAEE08FB1AFFFAFAD044
:10CBB000F612F9EE0EFEFDEE2235DAF1F2E10BF897
:10CBC000030900F6FB00F901EBF302E905FDFE01A4
:10CBD0002FD6DBF0FBEBE3020AF4F6ECEF05F8EFFF
:10CBE000F6EC08FB090712D025FFF2F907E5F6F687
:10CBF0000A0AFB20FD030B0311FAFDF0EEEEECE256
:10CC00000536F9DBD4F8F6F8FE060304FAF002154F
:10CC10002FFDFE080DFBE8DD2B3B2AE5DB0D0104B3
:10CC200008FC010EFDFD080AE903050CF0F902F904
:10CC3000FF0DF0E91C28FBF805F3F70BFEEAFE0BED
:10CC40000606FDEE07F90AE6041F353217EFEF0777
:10CC5000F20AFCF1F11400F4FDFE22EE06F6F90EE4
:10CC6000EDCA30F2EA070200F4050DDBFAFE02EA33
:10CC700001E81D09110B0810F6E01608DEEBF105BE
:10CC800004FA0DF7F9DA00D8020A13FDF9020001DF
:10CC9000C7E5F71EF7FAF3F90206FE04FDF0F5FA10
:10CCA00000030010140DEEF7CE0E2F17CAD010019E
:10CCB00009FC0606F301FFE50107020409FE09F776
:10CCC000FD08DFFFEADBFC08FF16F81600EE1AD2BB
:10CCD000F8FEFDF9FC051DE2F4DBD2FFCCF10A09F8
:10CCE0000BFF05FC00F106E70002EC0310FD08F263
:10CCF000FEF8FC0419F409010E10F8EBF9FB06022A
:10CD00000CEEFD010E0109F62102D6E51CE5080036
:10CD1000F903F9FD02E6F6F307F9020F1BFB032DF9
:10CD2000021FE0E5F424F6110F08F80E080700F6DC
:10CD30001FF20B22FAFB030DF105DCE5EAF703090C
:10CD4000F71B01080221FAFA0CFB050AFD13F50690
:10CD500010F1EDF2142AF6F70C0804F5FC31F62078
:10CD600003030306F7EFDDE7F2E706060D241214CE
:10CD700004F9F3E00A4D0B0501F8FDEBF000110595
:10CD8000F2ECC9032527F4FF1109FAF5032C0DFA7B
:10CD9000F20B03EEEC0AF9FA00EAEEFBF705F507F1
:10CDA000FB080316F9FC0DFD0205FBE60018ECEC90
:10CDB0000CF62A0702F2F90102F5F6F8FFF6FCFB81
:10CDC000FC00F004FC00F3DDE907F8F701EF060DC5
:10CDD00001080005F90BF6EAF30906002C0833C533
:10CDE000F404D60A3FEE070C02080AEBF5EB18F93B
:10CDF00004FEDDEC21F8F4C8D9D80FF928ED18FAB3
:10CE0000FC05FB0FFDDA060E0FF301E60301000738
:10CE100013EFFBE124000704F3FF040B0311FBF8FD
:10CE2000F5F507FE0A0B19071CE8E916FB270005B4
:10CE3000FB0BFE01F9EC08F50205FCEBFD0108F91E
:10CE4000FBEBD903FBB80F0C04F9FDFCF5F601E28E
:10CE5000FC03FBEA180F33F20DDBD2F9FEC2FFFE32
:10CE600002FB0F05072604EFF40507EE0B1D493101
:10CE700002D8EB08EF15E4000B0302F3011603FDE3
:10CE800008FEFB010C0BFDFFE6E6F60909E610F6CD
:10CE9000FCF4F5020209FFF0F80210ECFF00F10BC0
:10CEA00005E2E516F81B1305FDF5F407010EFFED8D
:10CEB000E602F3E611F515FE2508EC0301EAFFFF93
:10CEC000FBF804F3061704E9EEF9F1E41A051CF97E
:10CED0000CE7E5010B01FBF4FA0209F5FE0A0DF27D
:10CEE000F6F0F10004FEF3F3E309E20C06FE13038F
:10CEF000F90A0A0100F6E914FA0600F9FBF903E160
:10CF000016020B0400EDEFF7FBFF0A320B03F10DE5
:10CF10000BFB01ED04FA010705152417F1F8FEF1EA
:10CF2000FDF1FEFE020EEA03EEFCFE02FC0106F23B
:10CF30000AF1F5FDEEF4F8EFFE000502F5FE000A39
:10CF4000F104FCF5000302F9EEFF1D1AF00803FDE1
:10CF5000FDFCFFF0FC07FFFFFCFE05F4FB03F6FA07
:10CF6000F9D2F709FFFD01FE07F004020D0001E30D
:10CF7000EA051402FE013A00EAF0EF11EC06F304B0
:10CF800008FBFE0D16F1FDE5F5F908F5220EF5F6A4
:10CF9000DA030D3304F70709F2F70305FCECFBF1A4
:10CFA000F405F4F00EF00AF7EBF9FF1C10F8FC079B
:10CFB000F9020002070402FDF80602FCFF02FC0170
:10CFC000F3FA030AF404030106000106FF00FAFF66
:10CFD000FC07FE07F904FDFF05FE00FEFE04050048
:10CFE00000F307FAFF0009FDFFF5FA03FE0806FB50
:10CFF000F7FDFD0800F108FDFEFCFB06F5FE07024B
:10D00000FDFAFDFBF90506F901FE00FCFF05FBF545
:10D010000104FEFFFC0200010706F3FDF902FC011A
:10D02000FC0202FA05F6FF060A05FBFEF6FD060500
:10D03000FD00FC000103FE01FE03FE03FCF6FFFD04
:10D04000FD07FBFCFBF601000201FCFC06FCFBF902
:10D05000FA01FD040DFCFD01FDFFFC03FAFA00FAE4
:10D06000F9F7F7FF0B01F2FC000200FEFBF702FCF0
:10D07000FDF900020501FE0006F903FB0C05FE05A3
:10D0800001FFFBFB0701F80B01FDFBF9FD020604A4
:10D09000020301FCF903FFF7FFFDFAFFF9FF04F8B3
:10D0A000FDFD00FE030105FF03FEFBFEFEFFF5F69E
:10D0B000FBF9FBFEF5040A02F501FE0100FDFBFC95
:10D0C000FD0404F802FB01FDFB0207F701F801086B
:10D0D0000802FDFE01FF0202FA04F900FF00FBF561
:10D0E00001010101FF050002FBFA09FC050209FA32
:10D0F0000402FA05F20107FAFE030006F4FFFDFA46
:10D10000FAFD060703040004F701FC0000FD000A15
:10D11000FC00030500FDFE000100FE0401F7FD0018
:10D12000FFFBFFFEFB030A060BFA00FD10190DFAC8
:10D13000FEFBFFF00A06000002FF02FF02FAF1FE0A
:10D140000AF2EE0AEE21F809011905DFF104FA13DB
:10D150000504FE08F6F8E60CDE0720FF3A450BFF53
:10D16000F90F06FBFDFE000D06F7070EF3E5DB12D7
:10D17000F91402F204E326FE0305F7F5FCE00107CB
:10D18000F5FB0300EFEDDE1A0EFE0FFDE4E8EF0104
:10D190000402020001F70002FEEFF906FF000DE6AF
:10D1A0000A08EE07F517E10C0102FEEEFC02040C82
:10D1B000120E03110AFB00F5DE0CFBEA012AF9FC52
:10D1C0000E040121F60805121D14122EF4FB05F5BC
:10D1D0000406080CFC241305F8FDFEFD0ADE0DE52F
:10D1E00016F906FBFF001F26FAFC1109EAE1F0031D
:10D1F0000410ED180305050A0EFA00F117F7EDE427
:10D20000F70A0D1004EEFB04FFEFFAFDFDEFFCF74B
:10D21000F4F7ECF6F400FBF71AEEFDFA06F8150445
:10D22000FF050801FD03ED02FEF8010207FA11FDFA
:10D2300005EC0A09090EF013FDF3FD0D080906EBD4
:10D24000F6F306ED08FB1BFE21FAEC2FE5F30109CE
:10D2500000F702ED010A07FA0EFB0DFCE4F6EF17EA
:10D26000EBD028F9C81202FBF3F0FFE0FD0705F848
:10D27000F7000503EAFD13E3DEECFBF9E400E40844
:10D28000FAEDF609040DF5E0ECF9EAFDFE0C15E8FF
:10D29000B7DAD012C9E4E500F6010A18F6ECF8E4B2
:10D2A00000F9EA000AF8F0F0BCF5DD21F805040504
:10D2B000FB01FDF0010D00FD0A04F70AF8FBF00880
:10D2C000FEF105FE240B07FDFF050AED04FF021623
:10D2D0000EF1F9070CF0F70EFD0C1CF22330F503EC
:10D2E000FD0000F10003FE0F13FE03F606FCFC0731
:10D2F000021909010DF20813FB0907FAFFF5FB02F9
:10D3000007F6FFF3F903F611FAFB05F8FE00010337
:10D310001007F8F200FEFD020BFEF606FE07EDF127
:10D3200000020AF9E608FC04FC0507F902EDFDFD20
:10D330001401070A0302FFFCFA0DF9F80A05060CAE
:10D340000E00EE03FB0303F6F9000B00FFF9060FD6
:10D3500000F4030BF01000F9F5F504F9080C0AEFDE
:10D3600009FF05F1F5F8FD2804F4E4E807F8EFFFFC
:10D37000F703F50A03EDFE0404000C0B0AEAF2F0D1
:10D3800003060D06EEEC0001FDF00AFDFEE7000EBF
:10D390000A01E3F2F9F804181AF40501F403210173
:10D3A00008F303FDFCFFF51607FC09F803F90C1A56
:10D3B00004D7F0FF0E1AE804F8EFFD01FB1CFCF89F
:10D3C00000F3F70209FD10F216F1FF10BF01F90397
:10D3D000FAF8FCF004FB040513FFF915EEF703F56A
:10D3E000F0D206FEB609FCFD0AFC06E60519F5ECCE
:10D3F000F1FE060FE6081CD5D4D7E60FE6FCE00ADE
:10D4000000EDFD0E0106F3D401FFF0FBF7021CEB6B
:10D41000BAEBB5F9F3F4E4FDFDF7FE0004F0FAF21F
:10D42000FAFDF3F20C04F6EFD20BF41F1909070C06
:10D4300000000C00FFF4F7F405FAFFFD0600F1060A
:10D440000C15FEFF12FC02FF0301F600F8E7FCFDDD
:10D45000F50801FC0FFF15F90E0109112D4CF80319
:10D46000FAFD07FB0821F50FF3FC04F40203120890
:10D470000205F9030DF80402FC0A020A041004086C
:10D48000FA1305E20B09070A15F70C010C1FEFFD53
:10D49000F706F6F2FE0D01F60F0A0109FB08FCFA89
:10D4A00017040F0105DD04F503F204F904F0F4F9A3
:10D4B000FA010AF7FE0511F90AFD1701FC14FF082D
:10D4C00003FD070A000DFDE2FA0305000E030DF748
:10D4D000EFE714192010E6F700F005FC06F2F7DE7E
:10D4E00009F207FCF307EF06F1F7F515F6F703F875
:10D4F0000CFAFDFE0201F72303FE03FC0207F9EE1E
:10D5000000161D08F50702F803000C00F912F31BC2
:10D510000901FE04000203E80AF3170BD8FCFD071B
:10D52000FCEC01FDFCFEFB11ECF4FC0D080208F81C
:10D5300005E3EB05F601FBF60205F8F7FF0301062C
:10D54000F2F7FFF40DFAFFE70DF41033BF010CF40E
:10D5500001FA06EEFB090DF0F6F2070FED0118FFD8
:10D56000F9BB0705D7F80905FEE606001010FACD4D
:10D57000E1F4011D01FF3BE1C2C8BF2AC5F3D30B93
:10D58000FFF7FA040304F7CA0F06F1EE1C0E02F4CB
:10D59000BCDBDC0CD5F1F000EFF206FF01F4FEF18C
:10D5A000F902F0E32D10F3EBBAFB0E340506000090
:10D5B0000000000000000000000000000203000066
:10D5C000000000000000000000000000FCFA000065
:10D5D00000000000000000000000000002F0000059
:10D5E00000000000000000000000000001DF00005B
:10D5F000000000000000000000000000FD1200001C
:10D60000000000000000000000000000FF17000004
:10D61000000000000000000000000000040F0000F7
:10D620000000000000000000000000000AF20000FE
:10D63000000000000000000000000000FEEF0000FD
:10D6400000000000000000000000000006030000D1
:10D65000000000000000000000000000FA1E0000B2
:10D6600000000000000000000000000002120000A6
:10D67000000000000000000000000000080800009A
:10D6800000000000000000000000000007FF000094
:10D69000000000000000000000000000FC1000007E
:10D6A000000000000000000000000000071F000054
:10D6B0000000000000000000000000000433000033
:10D6C0000000000000000000000000000037000023
:10D6D000000000000000000000000000FF25000026
:10D6E000000000000000000000000000FAED000053
:10D6F000000000000000000000000000FD0100002C
:10D70000000000000000000000000000021A0000FD
:10D710000000000000000000000000000B1B0000E3
:10D720000000000000000000000000000E0A0000E1
:10D730000000000000000000000000000001E900FF
:10D7400000000000000000000000000000E7CD0025
:10D7500000000000000000000000000000E8E00001
:10D7600000000000000000000000000000E9D600FA
:10D77000000000000000000000000000000BE600B8
:10D7800000000000000000000000000000FB10008E
:10D79000000000000000000000000000002B14004A
:10D7A00000000000000000000000000000290B0045
:10D7B00000000000000000000000000000380F0022
:10D7C00000000000000000000000000000FAFB0064
:10D7D000000000000000000000000000001BFE0030
:10D7E00000000000000000000000000000291500FB
:10D7F00000000000000000000000000000201E00EB
:10D8000000000000000000000000000000FE2500F5
:10D8100000000000000000000000000000D9FF0030
:10D82000000000000000000000000000000F1A00CF
:10D8300000000000000000000000000000F6FB00F7
:10D840000000000000000000000000000006F200E0
:10D8500000000000000000000000000000FCF500D7
:10D8600000000000000000000000000000FEF900C1
:10D8700000000000000000000000000000D3CF0006
:10D8800000000000000000000000000000E6E400CE
:10D890000000000000000000000000000012FD0079
:10D8A00000000000000000000000000000FCFD007F
:10D8B00000000000000000000000000000EA01007D
:10D8C0000000000000000000000000000000050350
:10D8D0000000000000000000000000000000090837
:10D8E000000000000000000000000000000002F145
:10D8F0000000000000000000000000000000D8014F
:10D900000000000000000000000000000000EA1B12
:10D9100000000000000000000000000000000DFCFE
:10D9200000000000000000000000000000000E0ADF
:10D930000000000000000000000000000000FDEBFF
:10D940000000000000000000000000000000EA0BE2
:10D950000000000000000000000000000000E525BD
:10D96000000000000000000000000000000007F6BA
:10D970000000000000000000000000000000F906A8
:10D98000000000000000000000000000000006E6AB
:10D990000000000000000000000000000000ED1189
:10D9A0000000000000000000000000000000E13066
:10D9B00000000000000000000000000000003FF92F
:10D9C0000000000000000000000000000000240C27
:10D9D0000000000000000000000000000000160130
:10D9E0000000000000000000000000000000FAFF3E
:10D9F0000000000000000000000000000000EF1424
:10DA000000000000000000000000000000004B02C9
:10DA1000000000000000000000000000000027EEF1
:10DA200000000000000000000000000000000FF8EF
:10DA3000000000000000000000000000000006F8E8
:10DA40000000000000000000000000000000F606DA
:10DA5000000000000000000000000000000000E4E2
:10DA600005000000000000000000000000000000B1
:10DA7000EC0000000000000000000000000000EBCF
:10DA8000FE0000000000000000000000000000F5A3
:10DA9000ED0000000000000000000000000000FD9C
:10DAA000F50000000000000000000000000000ED94
:10DAB000E70000000000000000000000000000225D
:10DAC000190000000000000000000000000000FB42
:10DAD000FB0000000000000000000000000000F15A
:10DAE000E80000000000000000000000000000FA54
:10DAF000E500000000000000000000000000000C35
:10DB0000F60000000000000000000000000000120D
:10DB10000400000000000000000000000000000FF2
:10DB2000080000000000000000000000000000FCF1
:10DB3000EA0000000000000000000000000000FFFC
:10DB40000000000000000000000000000000000DC8
:10DB500016000000000000000000000000000007A8
:10DB6000070000000000000000000000000000129C
:10DB70000B0000000000000000000000000000F1A9
:10DB8000F20000000000000000000000000000089B
:10DB90000300000000000000000000000000001270
:10DBA0000F00000000000000000000000000000C5A
:10DBB0000600000000000000000000000000002738
:10DBC0001F0000000000000000000000000000F640
:10DBD000FF0000000000000000000000000000ED59
:10DBE000ED00000000000000000000000000000048
:10DBF000F2F3000000000000000000000000000040
:10DC0000F30200000000000000000000000000001F
:10DC100006010000000000000000000000000000FD
:10DC20000BFA0000000000000000000000000000EF
:10DC300006020000000000000000000000000000DC
:10DC4000F0020000000000000000000000000000E2
:10DC5000EEF70000000000000000000000000000DF
:10DC6000FAFC0000000000000000000000000000BE
:10DC70001EFA00000000000000000000000000008C
:10DC8000060400000000000000000000000000008A
:10DC9000F9FF00000000000000000000000000008C
:10DCA000EEEE000000000000000000000000000098
:10DCB000F001000000000000000000000000000073
:10DCC000230B000000000000000000000000000026
:10DCD00009FB000000000000000000000000000040
:10DCE000EF00000000000000000000000000000045
:10DCF0000102000000000000000000000000000021
:10DD000004F300000000000000000000000000001C
:10DD1000F806000000000000000000000000000005
:10DD200008140000000000000000000000000000D7
:10DD300002FE0000000000000000000000000000E3
:10DD40000EFA0000000000000000000000000000CB
:10DD5000F5F90000000000000000000000000000D5
:10DD6000FD070000000000000000000000000000AF
:10DD7000FC0A00000000000000000000000000009D
:10DD800000FE0B000000000000000000000000008A
:10DD9000001A030000000000000000000000000066
:10DDA0000026090000000000000000000000000044
:10DDB000001F040000000000000000000000000040
:10DDC000001DEF0000000000000000000000000047
:10DDD000000D020000000000000000000000000034
:10DDE0000017040000000000000000000000000018
:10DDF0000030F20000000000000000000000000001
:10DE0000001CF30000000000000000000000000003
:10DE10000022FE00000000000000000000000000E2
:10DE200000040400000000000000000000000000EA
:10DE30000025F800000000000000000000000000C5
:10DE40000032F300000000000000000000000000AD
:10DE50000022FC00000000000000000000000000A4
:10DE60000025ED00000000000000000000000000A0
:10DE7000002F010000000000000000000000000072
:10DE8000001EFA000000000000000000000000007A
:10DE9000002403000000000000000000000000005B
:10DEA0000029FC000000000000000000000000004D
:10DEB0000009F30000000000000000000000000066
:10DEC000001BFD000000000000000000000000003A
:10DED0000038020000000000000000000000000008
:10DEE000002A000000000000000000000000000008
:10DEF0000004F50000000000000000000000000029
:10DF0000000105000000000000000000000000000B
:10DF10000000FDF400000000000000000000000010
:10DF20000000F7F500000000000000000000000005
:10DF30000000F0F5000000000000000000000000FC
:10DF40000000F4F2000000000000000000000000EB
:10DF50000000FAF6000000000000000000000000D1
:10DF60000000F4F1000000000000000000000000CC
:10DF7000000003EE000000000000000000000000B0
:10DF80000000FF060000000000000000000000008C
:10DF90000000FFFF00000000000000000000000083
:10DFA000000001FD00000000000000000000000073
:10DFB000000002F50000000000000000000000006A
:10DFC0000000FE0200000000000000000000000051
:10DFD00000000EF80000000000000000000000003B
:10DFE000000002F20000000000000000000000003D
:10DFF0000000FBED00000000000000000000000039
:10E000000000FBF60000000000000000000000001F
:10E0100000000CFF000000000000000000000000F5
:10E0200000001108000000000000000000000000D7
:10E030000000FEFB000000000000000000000000E7
:10E040000000FE10000000000000000000000000C2
:10E050000000F7E9000000000000000000000000E0
:10E060000000180E0000000000000000000000008A
:10E070000000090A0000000000000000000000008D
:10E080000000FB0000000000000000000000000095
:10E09000000007F900000000000000000000000080
:10E0A00000000008FA00000000000000000000006E
:10E0B0000000000E09000000000000000000000049
:10E0C000000000F91B00000000000000000000003C
:10E0D000000000FE10000000000000000000000032
:10E0E000000000CAE700000000000000000000007F
:10E0F00000000005F2000000000000000000000029
:10E1000000000023FC0000000000000000000000F0
:10E110000000001F0F0000000000000000000000D1
:10E12000000000142C0000000000000000000000AF
:10E13000000000D30C000000000000000000000000
:10E14000000000DEED000000000000000000000004
:10E15000000000FCF50000000000000000000000CE
:10E160000000000F0300000000000000000000009D
:10E17000000000F224000000000000000000000089
:10E18000000000D4170000000000000000000000A4
:10E19000000000EAF20000000000000000000000A3
:10E1A000000000D1D30000000000000000000000CB
:10E1B000000000FAF800000000000000000000006D
:10E1C000000000F621000000000000000000000038
:10E1D000000000DD0500000000000000000000005D
:10E1E000000000F600000000000000000000000039
:10E1F000000000C8E0000000000000000000000077
:10E2000000000000D5000000000000000000000039
:10E21000000000F608000000000000000000000000
:10E22000000000EA0C0000000000000000000000F8
:10E2300000000000FAF600000000000000000000EE
:10E2400000000000000500000000000000000000C9
:10E2500000000000FAFD00000000000000000000C7
:10E2600000000000080E0000000000000000000098
:10E2700000000000F90000000000000000000000A5
:10E28000000000000101000000000000000000008C
:10E2900000000000FBE9000000000000000000009A
:10E2A00000000000FFF60000000000000000000079
:10E2B00000000000000D0000000000000000000051
:10E2C0000000000003080000000000000000000043
:10E2D00000000000F9F9000000000000000000004C
:10E2E00000000000F8020000000000000000000034
:10E2F00000000000F1FC0000000000000000000031
:10E3000000000000091400000000000000000000F0
:10E3100000000000010500000000000000000000F7
:10E3200000000000FCFD00000000000000000000F4
:10E3300000000000F8F600000000000000000000EF
:10E3400000000000F1F300000000000000000000E9
:10E350000000000006F600000000000000000000C1
:10E3600000000000F8F700000000000000000000BE
:10E3700000000000FF080000000000000000000096
:10E3800000000000F2F400000000000000000000A7
:10E39000000000000D03000000000000000000006D
:10E3A00000000000F1FA0000000000000000000082
:10E3B00000000000F0FB0000000000000000000072
:10E3C0000000000000F4FE0000000000000000005B
:10E3D0000000000000F8080000000000000000003D
:10E3E0000000000000F40D0000000000000000002C
:10E3F00000000000001707000000000000000000FF
:10E4000000000000000EFA00000000000000000004
:10E410000000000000F915000000000000000000EE
:10E420000000000000C10300000000000000000028
:10E43000000000000009EF000000000000000000E4
:10E4400000000000004FE20000000000000000009B
:10E45000000000000047E300000000000000000092
:10E460000000000000E80D000000000000000000B7
:10E4700000000000000AE9000000000000000000A9
:10E48000000000000039DB00000000000000000078
:10E4900000000000004AC80000000000000000006A
:10E4A00000000000001ADE00000000000000000074
:10E4B0000000000000020600000000000000000054
:10E4C000000000000013E700000000000000000052
:10E4D000000000000025EA0000000000000000002D
:10E4E000000000000003EE0000000000000000003B
:10E4F0000000000000BCF40000000000000000006C
:10E50000000000000006EF00000000000000000016
:10E51000000000000001ED0000000000000000000D
:10E520000000000000EF0B000000000000000000F1
:10E530000000000000DC15000000000000000000EA
:10E540000000000000DC07000000000000000000E8
:10E55000000000000000F9040000000000000000BE
:10E56000000000000000F0030000000000000000B8
:10E570000000000000000203000000000000000096
:10E58000000000000000121C00000000000000005D
:10E590000000000000002D19000000000000000035
:10E5A000000000000000FDF8000000000000000076
:10E5B000000000000000FF1200000000000000004A
:10E5C0000000000000000AF300000000000000004E
:10E5D0000000000000000216000000000000000023
:10E5E0000000000000001F1E0000000000000000EE
:10E5F000000000000000EFFB000000000000000031
:10E60000000000000000F00E00000000000000000C
:10E610000000000000000E0D0000000000000000DF
:10E62000000000000000231E0000000000000000A9
:10E630000000000000001A190000000000000000A7
:10E64000000000000000FBFE0000000000000000D1
:10E65000000000000000020B0000000000000000AD
:10E66000000000000000FD2200000000000000008B
:10E67000000000000000FA0E000000000000000092
:10E68000000000000000FF0000000000000000008B
:10E690000000000000000C0E000000000000000060
:10E6A0000000000000000112000000000000000057
:10E6B000000000000000F91500000000000000004C
:10E6C000000000000000F801000000000000000051
:10E6D000000000000000FB0300000000000000003C
:10E6E0000000000000000009FA0000000000000027
:10E6F0000000000000000000060000000000000014
:10E7000000000000000000071600000000000000EC
:10E710000000000000000013F700000000000000EF
:10E72000000000000000000EE900000000000000F2
:10E7300000000000000000F40D00000000000000D8
:10E7400000000000000000080200000000000000BF
:10E750000000000000000009E500000000000000CB
:10E7600000000000000000F6E400000000000000CF
:10E7700000000000000000F8E700000000000000BA
:10E780000000000000000007E000000000000000A2
:10E790000000000000000007DB0000000000000097
:10E7A0000000000000000000050000000000000064
:10E7B00000000000000000F12F0000000000000039
:10E7C00000000000000000F725000000000000002D
:10E7D000000000000000000A12000000000000001D
:10E7E00000000000000000EA3A0000000000000005
:10E7F00000000000000000F44400000000000000E1
:10E8000000000000000000E62900000000000000F9
:10E8100000000000000000EBE90000000000000024
:10E8200000000000000000F30600000000000000EF
:10E8300000000000000000F8EA00000000000000F6
:10E8400000000000000000FECC00000000000000FE
:10E8500000000000000000EFD100000000000000F8
:10E8600000000000000000E3DA00000000000000EB
:10E87000000000000000000001ED000000000000AA
:10E880000000000000000000FB1800000000000075
:10E890000000000000000000EA000000000000008E
:10E8A000000000000000000001D500000000000092
:10E8B000000000000000000018CF00000000000071
:10E8C0000000000000000000FCE600000000000066
:10E8D000000000000000000013FD00000000000028
:10E8E00000000000000000000C3D000000000000DF
:10E8F0000000000000000000DE54000000000000E6
:10E900000000000000000000DF34000000000000F4
:10E910000000000000000000EF0700000000000001
:10E9200000000000000000001FEA000000000000DE
:10E93000000000000000000033C0000000000000E4
:10E94000000000000000000034F0000000000000A3
:10E9500000000000000000001F1D0000000000007B
:10E960000000000000000000E819000000000000A6
:10E970000000000000000000D416000000000000AD
:10E980000000000000000000DEFC000000000000AD
:10E99000000000000000000002F70000000000007E
:10E9A000000000000000000005F80000000000006A
:10E9B000000000000000000015FF00000000000043
:10E9C0000000000000000000F3FB00000000000059
:10E9D0000000000000000000F8040000000000003B
:10E9E0000000000000000000F2E100000000000054
:10E9F0000000000000000000F8EE00000000000031
:10EA0000000000000000000000FCFB00000000000F
:10EA100000000000000000000003060000000000ED
:10EA2000000000000000000000E6020000000000FE
:10EA3000000000000000000000F5030000000000DE
:10EA4000000000000000000000FFFD0000000000CA
:10EA5000000000000000000000F1FA0000000000CB
:10EA6000000000000000000000F1FA0000000000BB
:10EA7000000000000000000000E8000000000000AE
:10EA8000000000000000000000F8EE0000000000A0
:10EA900000000000000000000015F400000000006D
:10EAA000000000000000000000F2F700000000007D
:10EAB00000000000000000000005ED000000000064
:10EAC0000000000000000000000DEF00000000004A
:10EAD0000000000000000000000002000000000034
:10EAE0000000000000000000000F04000000000013
:10EAF000000000000000000000F7EF000000000030
:10EB0000000000000000000000EEF900000000001E
:10EB100000000000000000000001F1000000000003
:10EB2000000000000000000000F6040000000000EB
:10EB300000000000000000000014120000000000AF
:10EB400000000000000000000041F0000000000094
:10EB50000000000000000000001C1A00000000007F
:10EB60000000000000000000001B04000000000086
:10EB70000000000000000000001FFF000000000077
:10EB8000000000000000000000091200000000006A
:10EB90000000000000000000000029F0000000005C
:10EBA0000000000000000000000030130000000022
:10EBB00000000000000000000000240F0000000022
:10EBC00000000000000000000000260B0000000014
:10EBD000000000000000000000000B060000000024
:10EBE0000000000000000000000028FD0000000000
:10EBF000000000000000000000001F0300000000F3
:10EC0000000000000000000000000F1D00000000D8
:10EC100000000000000000000000001800000000DC
:10EC200000000000000000000000FD0C00000000DB
:10EC300000000000000000000000040400000000CC
:10EC40000000000000000000000008FC00000000C0
:10EC500000000000000000000000090C000000009F
:10EC6000000000000000000000000A150000000085
:10EC7000000000000000000000000D18000000006F
:10EC800000000000000000000000F4100000000080
:10EC900000000000000000000000EDEC000000009B
:10ECA00000000000000000000000FDEB000000007C
:10ECB00000000000000000000000F1F5000000006E
:10ECC00000000000000000000000FAF50000000055
:10ECD0000000000000000000000000000000000034
:10ECE00000000000000000000000F6F50000000039
:10ECF00000000000000000000000F4F5000000002B
:10ED000000000000000000000000F7EF000000001D
:10ED100000000000000000000000F4EC010B07E719
:10ED2000000000000000000000000000062D15DDBE
:10ED3000000000000000000000000000053A0FEB9A
:10ED40000000000000000000000000000A3221F373
:10ED5000000000000000000000000000031719EC94
:10ED6000000000000000000000000000FDFFFDE6C4
:10ED7000000000000000000000000000000F1EDD89
:10ED8000000000000000000000000000071233EA4D
:10ED9000000000000000000000000000FE041AF364
:10EDA00000000000000000000000000009FF23E652
:10EDB00000000000000000000000000000FCEDF179
:10EDC000000000000000000000000000FFFFE1F470
:10EDD00000000000000000000000000002F5EFF756
:10EDE000000000000000000000000000FF0315000C
:10EDF00000000000000000000000000006FC1BF501
:10EE0000000000000000000000000000FEF719F7FD
:10EE1000000000000000000000000000F4ECEEFC28
:10EE2000000000000000000000000000F8EFEF0705
:10EE3000000000000000000000000000F5EBF019E9
:10EE4000000000000000000000000000F6ED1317B5
:10EE500000000000000000000000000004FE0EFCA6
:10EE600000000000000000000000000010FEF6EFAF
:10EE7000000000000000000000000000060601F491
:10EE800000000000000000000000000001F2E8FFA8
:10EE900000000000000000000000000008ECE60F89
:10EEA0000000000000000000000000000000E4027C
:10EEB000F0E3000000000000000000000000E6F8A1
:10EEC000EAE7000000000000000000000000E71971
:10EED00002E8000000000000000000000000C8FF81
:10EEE00002E0000000000000000000000000E2035B
:10EEF000F3EB000000000000000000000000E91635
:10EF0000FFDC000000000000000000000000F60F21
:10EF100008EB000000000000000000000000E916FF
:10EF200003E2000000000000000000000000BBFA47
:10EF3000E4E8000000000000000000000000EB0D0D
:10EF4000FCE5000000000000000000000000F92ABD
:10EF500018ED000000000000000000000000F31B9E
:10EF600018E1000000000000000000000000D2F9DD
:10EF7000F5D9000000000000000000000000E602DB
:10EF8000EAEA000000000000000000000000060E99
:10EF90000CFA000000000000000000000000EE2855
:10EFA0001CE3000000000000000000000000EF2152
:10EFB00016DC000000000000000000000000FAE87D
:10EFC000F7EF0000000000000000000000002A0130
:10EFD000EEFA00000000000000000000000022F433
:10EFE000F402000000000000000000000000DF113B
:10EFF0001CF6000000000000000000000000ED16FC
:10F0000019040000000000000000000000000AFCDD
:10F0100008030000000000000000000000001EF0D7
:10F02000F8FE00000000000000000000000019FBD6
:10F03000FEFA0000000000000000000000000000D8
:10F04000FBEC00F5000000000000000000000000E4
:10F05000FA2EF0E3000000000000000000000000B5
:10F06000DD1B05140000000000000000000000008F
:10F070002BF2143800000000000000000000000027
:10F0800001F5EC0700000000000000000000000097
:10F0900001F11F350000000000000000000000002A
:10F0A0001FEDF01400000000000000000000000050
:10F0B000F1E918C500000000000000000000000099
:10F0C0001EDD1A0300000000000000000000000028
:10F0D000F0E808020000000000000000000000004E
:10F0E0001DEE5913000000000000000000000000A9
:10F0F00029DA0D0C000000000000000000000000F4
:10F10000E8DF18D60000000000000000000000004A
:10F1100018D333F0000000000000000000000000E1
:10F12000F8D22FE400000000000000000000000002
:10F1300018F2320A00000000000000000000000089
:10F140003CE520F500000000000000000000000089
:10F15000F1DEEBF100000000000000000000000004
:10F1600003E72AE5000000000000000000000000A6
:10F1700005FDF8E4000000000000000000000000B1
:10F18000F8F420FC00000000000000000000000077
:10F190001CE9FAF000000000000000000000000080
:10F1A000EFF6F70000000000000000000000000083
:10F1B00001F522D80000000000000000000000005F
:10F1C000F4EA0BF400000000000000000000000062
:10F1D0000000FA0F06EA0000000000000000000036
:10F1E0000000EBF7EBE90000000000000000000069
:10F1F0000000FAE4DEF10000000000000000000062
:10F200000000F8F9F9CE0000000000000000000046
:10F21000000007FB0FFF00000000000000000000DE
:10F220000000011732E300000000000000000000B1
:10F230000000F4F310F800000000000000000000DF
:10F24000000018E0D1E00000000000000000000015
:10F2500000001B23CACF00000000000000000000D7
:10F26000000028F11403000000000000000000006E
:10F27000000020082C2E000000000000000000000C
:10F28000000004D32327000000000000000000005D
:10F29000000024F9F4C40000000000000000000099
:10F2A000000031FAC7FC0000000000000000000070
:10F2B000000046EE251A00000000000000000000DB
:10F2C00000001BF902230000000000000000000005
:10F2D0000000FCFE0B210000000000000000000008
:10F2E000000014FDD2AA0000000000000000000091
:10F2F00000002CF7D52000000000000000000000F6
:10F3000000001FDC2C0700000000000000000000CF
:10F310000000081BF50B00000000000000000000CA
:10F320000000101A02D600000000000000000000DB
:10F33000000000F5E2DF0000000000000000000017
:10F34000000020CFFF1600000000000000000000B9
:10F35000000004E2150800000000000000000000AA
:10F3600000000000E6CE12190000000000000000BE
:10F3700000000000C8D10BF50000000000000000F4
:10F3800000000000CCE805F90000000000000000CB
:10F3900000000000EA0801F3000000000000000087
:10F3A000000000001D1705FD000000000000000027
:10F3B00000000000F9CCFD1F00000000000000006C
:10F3C00000000000E9CF071A000000000000000064
:10F3D00000000000D4C2261B000000000000000056
:10F3E00000000000C6E1330800000000000000003B
:10F3F00000000000DE0637160000000000000000DC
:10F400000000000003FE0C140000000000000000DB
:10F410000000000008C10913000000000000000007
:10F4200000000000FFA6FD0B00000000000000002F
:10F4300000000000DFC50B2B0000000000000000F2
:10F4400000000000CBE914190000000000000000DB
:10F45000000000000B151D1F000000000000000050
:10F460000000000013071119000000000000000058
:10F47000000000002526FF10000000000000000032
:10F48000000000001926031C00000000000000001E
:10F490000000000003EEFC1500000000000000006A
:10F4A000000000002A22ED13000000000000000010
:10F4B000000000002643F2130000000000000000DE
:10F4C000000000002D32F8020000000000000000E3
:10F4D000000000001B21221C0000000000000000B2
:10F4E0000000000011EC180A0000000000000000FD
:10F4F0000000000000000C1DF521000000000000CD
:10F500000000000000001217F821000000000000B9
:10F51000000000000000001AF81F000000000000BA
:10F52000000000000000F212EE0F000000000000DA
:10F53000000000000000FF0AEF02000000000000D1
:10F54000000000000000040FE900000000000000BF
:10F550000000000000001835FB2000000000000043
:10F560000000000000000E14E21D0000000000007A
:10F57000000000000000021CE70B0000000000007B
:10F580000000000000000107F2EA00000000000097
:10F59000000000000000F50EE2EB0000000000009B
:10F5A000000000000000F812F40B00000000000052
:10F5B000000000000000F012CD1300000000000069
:10F5C000000000000000EF1CE5010000000000004A
:10F5D000000000000000FA06E8ED00000000000056
:10F5E000000000000000EE0E04100000000000000B
:10F5F000000000000000F6F715EC0000000000001D
:10F60000000000000000EEF8160A000000000000F4
:10F61000000000000000E9FD07EE0000000000000F
:10F62000000000000000F1F5F2E100000000000021
:10F6300000000000000010F83CF000000000000096
:10F64000000000000000FEDA2FF1000000000000C2
:10F6500000000000000009F00C04000000000000A1
:10F6600000000000000000FDFFFC000000000000A2
:10F67000000000000000FCFD1AFB0000000000007C
:10F680000000000000000000F1F2FFF300000000A5
:10F690000000000000000000F7F4E200000000009D
:10F6A0000000000000000000F6ECE4F6000000009E
:10F6B0000000000000000000FECBE7F500000000A5
:10F6C000000000000000000008D4FAEE0000000076
:10F6D00000000000000000000AE9EDF90000000051
:10F6E0000000000000000000F61406F10000000019
:10F6F0000000000000000000E613F4F0000000002D
:10F700000000000000000000E817F4E7000000001F
:10F710000000000000000000EE0D03ED00000000FE
:10F7200000000000000000000AE50CF700000000E7
:10F7300000000000000000000E2B24060000000066
:10F740000000000000000000FE492CFF0000000047
:10F7500000000000000000000A4C1108000000003A
:10F760000000000000000000EB13EEF200000000BB
:10F77000000000000000000007E80BFD0000000092
:10F78000000000000000000016CC1B02000000007A
:10F79000000000000000000015E22DFF0000000046
:10F7A000000000000000000016103E1600000000DF
:10F7B0000000000000000000F4200107000000002D
:10F7C0000000000000000000EE0DF8040000000042
:10F7D0000000000000000000F90306FD000000002A
:10F7E0000000000000000000EEDE14F50000000044
:10F7F000000000000000000003B411F4000000004D
:10F800000000000000000000F4E50AFDFF110B05F8
:10F810000DF7FD010308FDF4FA0FFAFBFF080302E0
:10F82000F5041806FEEFEE0FFB17FB0A040309139D
:10F83000080D1308FF08F5F0ED0002110913FFFF92
:10F840000BFC0A0BF61DF8FFEDF3F0070A3A220253
:10F850000313130F0B10FDEC1C0904FC07090BF537
:10F86000FC1000F00FF505FB20FF03E708FFFE0486
:10F87000FD0BFDFC07F70B100F0F14F61112EA1029
:10F880000A0009070C090703062408090B330616AA
:10F8900013F216FA021F06EC1C100F1407351E0394
:10F8A00004F409F21114FCF42AF20CFC07F305D855
:10F8B000E010D7FEFCE3180116F912F7080817E468
:10F8C000E31CE3E901EC1BFF132E1B000D0C31E7D9
:10F8D000E70FE3EEF70315F514041008102717E0FF
:10F8E000F600D4FDF20EFBEB0CE7FCFFFC240DE868
:10F8F000F4F3F4F6F30AF2DB0FC3FCF3010F14CCBC
:10F90000E121D3E3F5D721FBEF132000061B21E013
:10F91000E31EE2EDEDDF1D130F1D1910052836D88B
:10F92000E504EB00DFD80FFE1203050C033249D6C5
:10F93000E226EFFDD9EBFEDE02D9F0FD06232BE730
:10F94000E60FF700EAEEECDFF5DDE3F5FA271EE05F
:10F95000DF0BF4EFF5FB0C0114F3FE09FF0C1B04A5
:10F96000FA0C06FAEFF6FD06E205FB090709190A8B
:10F97000FD07FFEEDCF3F1FCE60EEE030A0B1803C5
:10F98000F60203E7EB04F8F100F5FB01011F420466
:10F99000F704FFEBFD06FEF72122FBEF0014002128
:10F9A00017EA1AF74D24F4EE1309FA1A06F2FA10C0
:10F9B000FFF109D71B10FFEB06F606F9F8E3010A81
:10F9C000FCF202EB0606FEFFF3EA000AFCFAF7F887
:10F9D000F9F207F8FCDEF901EEFF02FFFB0802086E
:10F9E00003F908F9EDF8F80AECFAFF050FF4FA1438
:10F9F00004EB03F83A2CF90D1406FE1EFDF7E90896
:10FA0000F30105E9030D05F609FEFEF1FCFEEA0D22
:10FA1000FCFF0706F3E2FCFD00E8FB00FF04EAFB45
:10FA200005F1030CE901FDEAEEE3FCF6F910FC0236
:10FA300000F00F00FC06EEFAFEDDF5F701F6EB1024
:10FA400004E301F71D19F7F709E8F715F101E302DF
:10FA5000F2F702F3F2E5F1F5E6E2EDEBFB0900085F
:10FA600004FE0B0FE6F2F4F7E7DDF6F9051C1DFACC
:10FA7000FAFD0201F80EEFF3F3F1F5F706111802A3
:10FA800009F80A03FA18EF0003EAF4FB04F7DB06AF
:10FA9000FBF9F8F2FEFFF3F8F4E9F810F60DE804CC
:10FAA000F1F20AFFE2D7ECF1DCE7F4FEFD0C0D0AFF
:10FAB00006FB0802EB14F0EFF2E9F1F3FF03120486
:10FAC000020504FF030BEFEFFDEFEE02060705084A
:10FAD000080A0B110E15F7FA05F9FDF60004E2000D
:10FAE000F6EC08EDF3E2EFFCD6F8EB07FA06F11DB1
:10FAF00000FE16FCEDECF200E0FDF7FDF909061240
:10FB000011FB02F8FA09FAF5F3F6F4F9FEFCF80332
:10FB1000FF08010F090404F0FA09FCFA02070311B7
:10FB20000F0D06060F06FEFA050EFFF82573206F6F
:10FB30007574206F6620626F756E647320256C7516
:10FB4000203E20256C750A00556E6B6E6F776E2017
:10FB500050474D2066696C6520666F726D61740058
:10FB600050474D20696D6167652073697A6520642F
:10FB70006F6573206E6F74206D61746368206172AD
:10FB80007261792073697A650000000066726561B0
:10FB9000642829206E756D626572206F662072651B
:10FBA0006164206F626A656374732028256C75290F
:10FBB00020646966666572656E74207468616E2083
:10FBC00065787065637465642028257529205B64F9
:10FBD0006174615D0A000000667265616428292015
:10FBE0006E756D626572206F662072656164206F4C
:10FBF000626A656374732028256C752920646966C0
:10FC0000666572656E74207468616E2065787065D3
:10FC1000637465642028257529205B6F7574707581
:10FC200074546172676574735D0A0000454F462025
:10FC30006E6F7420726561636865642C2046696C20
:10FC400065206572726F7220212100007265616407
:10FC50005F6D6E6973745F696E707574000000008B
:10FC60000001020203030303040404040404040463
:10FC70000505050505050505050505050505050534
:10FC80000606060606060606060606060606060614
:10FC90000606060606060606060606060606060604
:10FCA00007070707070707070707070707070707E4
:10FCB00007070707070707070707070707070707D4
:10FCC00007070707070707070707070707070707C4
:10FCD00007070707070707070707070707070707B4
:10FCE0000808080808080808080808080808080894
:10FCF0000808080808080808080808080808080884
:10FD00000808080808080808080808080808080873
:10FD10000808080808080808080808080808080863
:10FD20000808080808080808080808080808080853
:10FD30000808080808080808080808080808080843
:10FD40000808080808080808080808080808080833
:10FD50000808080808080808080808080808080823
:10FD6000494E4600696E66004E414E006E616E005F
:10FD700030313233343536373839414243444546E1
:10FD800000000000303132333435363738396162A3
:10FD90006364656600000000286E756C6C290000C5
:10FDA000300000009C460080D8400080D840008091
:10FDB00090460080D8400080D8400080D840008025
:10FDC000D8400080D8400080D84000809445008012
:10FDD00080460080D8400080AC450080B845008057
:10FDE000D840008040460080A4400080A4400080AD
:10FDF000A4400080A4400080A4400080A440008073
:10FE0000A4400080A4400080A4400080D84000802E
:10FE1000D8400080D8400080D8400080D840008082
:10FE2000D8400080D8400080D8400080D840008072
:10FE3000D84000801446008000440080D8400080F4
:10FE400000440080D8400080D8400080D840008026
:10FE5000D8400080B4460080D8400080D840008060
:10FE600098470080D8400080D8400080D84000806B
:10FE7000D8400080D8400080C0460080D840008034
:10FE8000D8400080AC520080D8400080D84000802C
:10FE9000D8400080D8400080D8400080D840008002
:10FEA000D8400080D8400080D8400080D8400080F2
:10FEB00058460080F04400800044008000440080E8
:10FEC000004400804C460080F0440080D840008010
:10FED000D8400080B0420080D8400080B448008004
:10FEE000844800804C480080B0420080D8400080A8
:10FEF000E4470080D8400080B4470080D8400080AC
:10FF0000D840008004530080202020202020202082
:10FF10002020202020202020303030303030303061
:10FF2000303030303030303044660080A4620080A1
:10FF3000A462008038660080A4620080A462008011
:10FF4000A4620080A4620080A4620080A462008099
:10FF50009865008028660080A4620080A865008003
:10FF6000B4650080A46200801C660080706200801E
:10FF70007062008070620080706200807062008039
:10FF80007062008070620080706200807062008029
:10FF9000A4620080A4620080A4620080A462008049
:10FFA000A4620080A4620080A4620080A462008039
:10FFB000A4620080A462008008660080A4620080C1
:10FFC000A4620080A4620080A4620080A462008019
:10FFD000A4620080A4620080A4620080A462008009
:10FFE000A4620080C8660080A4620080A4620080D1
:10FFF000A4620080A4620080A46200807C6600800D
:02000004800278
:10000000A4620080A4620080606D0080A462008011
:10001000A4620080A4620080A4620080A4620080C8
:10002000A4620080A4620080A4620080A4620080B8
:10003000A46200805C660080F4640080A46200809A
:10004000A4620080A462008090670080F464008055
:10005000A4620080A4620080FC630080A46200802F
:10006000586700803067008024680080FC6300804F
:10007000A4620080C4670080A46200809C67008046
:10008000A4620080A4620080B46D00802020202043
:100090002020202020202020202020203030303020
:1000A00030303030303030303030303043000000CD
:1000B000504F5349580000002E000000496E6669F9
:1000C0006E697479000000004E614E0042616C6CF4
:1000D0006F63207375636365656465640000000089
:1000E0002E2E2F2E2E2F2E2E2F2E2E2F2E2E2F2E2B
:1000F0002E2F7372632F6E65776C69622F6E657732
:100100006C69622F6C6962632F7374646C69622F0F
:1001100064746F612E6300002E2E2F2E2E2F2E2E34
:100120002F2E2E2F2E2E2F2E2E2F7372632F6E65B5
:10013000776C69622F6E65776C69622F6C69626398
:100140002F7374646C69622F6D707265632E630027
:1001500005000000190000007D0000000000000004
:10016000000000000000F03F0000000000002440FC
:1001700000000000000059400000000000408F40D7
:10018000000000000088C34000000000006AF84042
:100190000000000080842E4100000000D012634166
:1001A0000000000084D797410000000065CDCD41DC
:1001B000000000205FA00242000000E876483742BD
:1001C000000000A2941A6D42000040E59C30A2425B
:1001D0000000901EC4BCD64200003426F56B0C43D0
:1001E0000080E03779C3414300A0D8855734764377
:1001F00000C84E676DC1AB43003D9160E458E143D8
:10020000408CB5781DAF154450EFE2D6E41A4B444C
:1002100092D54D06CFF08044F64AE1C7022DB54491
:10022000B49DD9794378EA44BC89D897B2D29C3C32
:1002300033A7A8D523F649393DA7F444FD0FA532CD
:100240009D978CCF08BA5B25436FAC642806C80A1B
:100250000080E03779C34143176E05B5B5B89346C2
:10026000F5F93FE9034F384D321D30F94877825A8E
:100270003CBF737FDD4F15750020202020202020FB
:100280002020282828282820202020202020202046
:100290002020202020202020208810101010101056
:1002A00010101010101010101004040404040404A2
:1002B000040404101010101010104141414141413C
:1002C000010101010101010101010101010101011E
:1002D000010101011010101010104242424242422E
:1002E00002020202020202020202020202020202EE
:1002F0000202020210101010200000000000000096
:1003000000000000000000000000000000000000ED
:1003100000000000000000000000000000000000DD
:1003200000000000000000000000000000000000CD
:1003300000000000000000000000000000000000BD
:1003400000000000000000000000000000000000AD
:10035000000000000000000000000000000000009D
:10036000000000000000000000000000000000008D
:100370000000000000000000000000002C20667556
:100380006E6374696F6E3A200000000061737365DC
:100390007274696F6E2022257322206661696C6514
:1003A000643A2066696C6520222573222C206C69D2
:1003B0006E65202564257325730A000028CA008015
:1003C000D4C8008080C80080D4C9008080C8008064
:1003D000E4C8008080C80080D4C90080D4C80080F0
:1003E000D4C80080E4C80080D4C9008060C90080FF
:0C03F00060C9008060C90080E4C8008083
:1003FC001000000000000000037A5200017C010193
:10040C001B0D020010000000180000000816FEFF73
:10041C00DC04000000000000100000002C000000B4
:0C042C00D01AFEFF900400000000000049
:1004380000000010000000000000000000000000A4
:1004480000000000000000000000000000000000A4
:10045800000000000000000050350A323420323419
:100468000A3235350A0000000000000000000000D4
:100478000000000000000000000000000000000074
:100488000000000000000000000000000000000064
:100498000000000000000000000000000000000054
:1004A8000000000000000000000000000000000044
:1004B800000000000005040000000000000002D257
:1004C80042000000000000000000000007B38700A1
:1004D80000000000000064FE5C0000000000000056
:1004E800000000006FFE9D00000000000003CBFE2E
:1004F800360000000000000000000020E7FE660053
:10050800000000000024FED81200000000000000D7
:100518000000007EFEB300000000000000ACFE3BBF
:10052800000000000000000000002EFCEA1200009D
:100538000000000005E2F5230000000000000000B4
:10054800000080FE660000000000000025FEA900F3
:100558000000000000000000001AF1FB130000007A
:1005680000000000AAFE5500000000000000000086
:10057800002EFEC20000000000000009E7F623007C
:1005880000000000000000000076FF981D00000039
:1005980000000074FEB6000000000000000000002B
:1005A8000076FEFEF3D7D7D7CAB985D1FE830011EE
:1005B8000000000000000000003EF3FEFEFEFEFE0C
:1005C800FEFEFEFEFEE89D23000000000000000085
:1005D80000004684944649616161BBFEF92204002B
:1005E8000000000000000000000000000000000003
:1005F8000000AEFE710000000000000000000000D6
:1006080000000000000000000016EEFE35000000AB
:1006180000000000000000000000000000000000D2
:100628000073FE9F010000000000000000000000B1
:10063800000000000000000000AEFE6100000000A5
:1006480000000000000000000000000000000000A2
:1006580000D7FE730000000000000000000000004A
:10066800000000000000000055FBFE6900000000CB
:100678000000000000000000000000000000000072
:1006880054F2880A0000000000000000000000008A
:100698000000000000000000000000000000000052
:1006A800000000000004000000000000000000003E
:1006B800030000004C160280000000004C16028067
:1006C800B41602801C170280000000000000000021
:1006D8000000000000000000000000000000000012
:1006E8000000000000000000000000000000000002
:1006F80000000000000000000000000000000000F2
:1007080000000000000000000000000000000000E1
:1007180000000000000000000000000000000000D1
:1007280000000000000000000000000000000000C1
:1007380000000000000000000000000000000000B1
:1007480000000000000000000000000000000000A1
:1007580001000000000000000E33CDAB34126DE63E
:10076800ECDE05000B0000000000000000000000A7
:100778000000000000000000000000000000000071
:100788000000000000000000000000000000000061
:100798000000000000000000000000000000000051
:1007A8000000000000000000000000000000000041
:1007B8000000000000000000000000000000000031
:1007C8000000000000000000000000000000000021
:1007D8000000000000000000000000000000000011
:1007E800E0070280E0070280E8070280E80702804D
:1007F800F0070280F0070280F8070280F8070280FD
:1008080000080280000802800808028008080280A8
:100818001008028010080280180802801808028058
:100828002008028020080280280802802808028008
:1008380030080280300802803808028038080280B8
:100848004008028040080280480802804808028068
:100858005008028050080280580802805808028018
:1008680060080280600802806808028068080280C8
:100878007008028070080280780802807808028078
:100888008008028080080280880802808808028028
:1008980090080280900802809808028098080280D8
:1008A800A0080280A0080280A8080280A808028088
:1008B800B0080280B0080280B8080280B808028038
:1008C800C0080280C0080280C8080280C8080280E8
:1008D800D0080280D0080280D8080280D808028098
:1008E800E0080280E0080280E8080280E808028048
:1008F800F0080280F0080280F8080280F8080280F8
:1009080000090280000902800809028008090280A3
:100918001009028010090280180902801809028053
:100928002009028020090280280902802809028003
:1009380030090280300902803809028038090280B3
:100948004009028040090280480902804809028063
:100958005009028050090280580902805809028013
:1009680060090280600902806809028068090280C3
:100978007009028070090280780902807809028073
:100988008009028080090280880902808809028023
:1009980090090280900902809809028098090280D3
:1009A800A0090280A0090280A8090280A809028083
:1009B800B0090280B0090280B8090280B809028033
:1009C800C0090280C0090280C8090280C8090280E3
:1009D800D0090280D0090280D8090280D809028093
:1009E800E0090280E0090280E8090280E809028043
:1009F800F0090280F0090280F8090280F8090280F3
:100A0800000A0280000A0280080A0280080A02809E
:100A1800100A0280100A0280180A0280180A02804E
:100A2800200A0280200A0280280A0280280A0280FE
:100A3800300A0280300A0280380A0280380A0280AE
:100A4800400A0280400A0280480A0280480A02805E
:100A5800500A0280500A0280580A0280580A02800E
:100A6800600A0280600A0280680A0280680A0280BE
:100A7800700A0280700A0280780A0280780A02806E
:100A8800800A0280800A0280880A0280880A02801E
:100A9800900A0280900A0280980A0280980A0280CE
:100AA800A00A0280A00A0280A80A0280A80A02807E
:100AB800B00A0280B00A0280B80A0280B80A02802E
:100AC800C00A0280C00A0280C80A0280C80A0280DE
:100AD800D00A0280D00A0280D80A0280D80A02808E
:100AE800E00A0280E00A0280E80A0280E80A02803E
:100AF800F00A0280F00A0280F80A0280F80A0280EE
:100B0800000B0280000B0280080B0280080B028099
:100B1800100B0280100B0280180B0280180B028049
:100B2800200B0280200B0280280B0280280B0280F9
:100B3800300B0280300B0280380B0280380B0280A9
:100B4800400B0280400B0280480B0280480B028059
:100B5800500B0280500B0280580B0280580B028009
:100B6800600B0280600B0280680B0280680B0280B9
:100B7800700B0280700B0280780B0280780B028069
:100B8800800B0280800B0280880B0280880B028019
:100B9800900B0280900B0280980B0280980B0280C9
:100BA800A00B0280A00B0280A80B0280A80B028079
:100BB800B00B0280B00B0280B80B0280B80B028029
:100BC800C00B0280C00B0280C80B0280C80B0280D9
:100BD800D00B0280D00B0280D80B0280D80B028089
:100BE80043000000000000000000000000000000BA
:100BF80000000000000000000000000000000000ED
:100C08004300000000000000000000000000000099
:100C180000000000000000000000000000000000CC
:100C28004300000000000000000000000000000079
:100C380000000000000000000000000000000000AC
:100C48004300000000000000000000000000000059
:100C5800000000000000000000000000000000008C
:100C68004300000000000000000000000000000039
:100C7800000000000000000000000000000000006C
:100C88004300000000000000000000000000000019
:100C9800000000000000000000000000000000004C
:100CA80043000000000000000000000000000000F9
:100CB800000000000000000000000000000000002C
:100CC800B0B00080BC98008000000000780202806C
:100CD800B8000280ACEA0080ACEA0080ACEA008090
:100CE800ACEA0080ACEA0080ACEA0080ACEA0080A4
:100CF800ACEA0080ACEA0080FFFFFFFFFFFFFFFFC8
:100D0800FFFFFFFFFFFF0000010041534349490077
:100D180000000000000000000000000000000000CB
:100D28000000000000000000000041534349490052
:100D380000000000000000000000000000000000AB
:0C0D48000000000000000000000000009F
:100D5800FFFFFFFFFFFFEF7F000000000000F83FEC
:100D680061436F63A787D23FB3C8608B288AC63FA9
:100D7800FB799F501344D33F000000000000F03F70
:100D880000000000000024400000000000001C409B
:100D98000000000000001440000000000000E03FD8
:100DA80040190280C0060280FFFFFFFF000002001A
:0400000580000080F7
:00000001FF
