:0200000480007A
:100000006F00402E6F00801D6F00C02C6F00802C91
:100010006F00402C6F00002C6F00C02B6F00802BF6
:100020006F00402B6F00002B6F00C02A6F00802AEA
:100030006F00402A6F00002A6F00C0296F008029DE
:100040006F0040296F0000296F00C0286F008028D2
:100050006F0040286F0000286F00C0276F008027C6
:100060006F0040276F0000276F00C0266F008026BA
:100070006F0040266F0000266F00C0256F00C0365D
:10008000972102009381412517010300130181F795
:1000900017050000130505F713651500731055309B
:1000A0001385C1C717360200130606A33306A64000
:1000B00093050000EF30D073174500001305C5ED20
:1000C000EF30404AEF305063130500009305000005
:1000D00013060000EF00C0006F30004A6780000088
:1000E000130101D993078100130710009306010142
:1000F0001306800193058001130500242326112691
:10010000232481262322912623202127232E3125D3
:10011000232C4125EF205006F32920B0F32400B012
:10012000930671001306C1009305810013050101B8
:10013000EF00507213040500732A20B0732900B039
:100140008325810017050100130585ACEF30100CE5
:100150008325C10017050100130585ACEF30100B96
:100160009305040017050100130585ACEF30100A54
:100170008345710017050100130585ACEF301009A8
:1001800033063A4197050100938585AC17050100B8
:10019000130585ACEF3090073306994097050100B1
:1001A000938505AB170501001305C5ACEF301006AC
:1001B0008320C12603248126832441260329012686
:1001C0008329C125032A8125130500001301012776
:1001D0006780000013050000678000001305000021
:1001E0006780000013050000678000001305000011
:1001F0006780000013050000678000001305000001
:1002000067800000130500006780000013050000F0
:1002100067800000130500006780000013050000E0
:1002200067800000130500006780000013050000D0
:1002300067800000130500006780000013050000C0
:1002400067800000130500006780000013050000B0
:1002500067800000130500006780000013050000A0
:100260006780000013050000678000001305000090
:100270006780000013050000678000001305000080
:100280006780000013050000678000001305000070
:100290006780000013050000678000001305000060
:1002A0006780000013050000678000001305000050
:1002B0006780000013050000678000001305000040
:1002C0006780000013050000678000001305000030
:1002D0006780000017F5000013059576EF30D00415
:1002E0006FF05FFF130101FC232011002322A10006
:1002F0002324B1002326C1002328D100232AE100B2
:10030000232CF100232E010123201103232251026B
:1003100023246102232671022328C103232AD10347
:10032000232CE103232EF103F322203413032000B6
:10033000638862021303B000638862001303300015
:10034000638862006F00C002EF0000346F0040035A
:1003500017F500001305856AEF30007D6F0040023D
:1003600017F5000013058564EF30007C6F00400135
:1003700017F500001305A56AEF30007B6F004002FF
:10038000F322103403830200130530003373A300FB
:100390006314A3009382220093822200739012348C
:1003A0008320010003254100832581000326C1002D
:1003B0008326010103274101832781010328C1010D
:1003C0008328010283224102032381028323C10285
:1003D000032E0103832E4103032F8103832FC103C7
:1003E0001301010473002030730020303305A04056
:1003F00023A4A1C81305F0FF6780000017F70000D1
:100400001307476693075005B70600101307170038
:1004100023A0F60083470700E39A07FE67800000E9
:100420009307800523A4F1C81305F0FF678000003F
:100430009307800523A4F1C81305F0FF678000002F
:100440009307800523A4F1C81305F0FF678000001F
:100450009307800523A4F1C81305F0FF678000000F
:100460009307800523A4F1C81305F0FF67800000FF
:100470001305F0FF678000009307C00023A4F1C8B4
:100480001305F0FF67800000B707048023A0A700D2
:10049000730050106F0000009307800523A4F1C87B
:1004A0001305F0FF678000009307B00023A4F1C894
:1004B0001305F0FF67800000B727000023A2F500B6
:1004C00013050000678000009307800523A4F1C88E
:1004D0001305F0FF678000009307800523A4F1C88F
:1004E0001305F0FF67800000930780FA23A4F1C88A
:1004F00013050000678000001305100067800000EE
:10050000930780FA23A4F1C81305F0FF6780000069
:100510001305F5FF13351500678000009307600190
:1005200023A4F1C81305F0FF678000009307F001D2
:1005300023A4F1C81305F0FF678000001305000035
:10054000678000009307800523A4F1C81305F0FF1E
:10055000678000001305F0FF6780000093078005A7
:1005600023A4F1C81305F0FF678000001305000005
:1005700067800000B727000023A2F50013050000E4
:10058000678000001305F0FF678000001305F0FF8F
:10059000678000009307200023A4F1C81305F0FF33
:1005A000678000009307800523A4F1C81305F0FFBE
:1005B000678000009307A00023A4F1C81305F0FF93
:1005C00067800000130101FF232021011389C1C7A7
:1005D0008327090023248100232291002326110070
:1005E0009384050013040600638A070213060400BF
:1005F00093850400171502001305C5FDEF00805315
:100600008320C100130504000324810083244100DA
:10061000032901001301010167800000B7C5010033
:10062000130630009385052017150200130585FA7F
:10063000EF000043930710002320F9006FF01FFB29
:1006400023A6A1C613050000678000001387C1C65A
:10065000832707003385A7002320A700637C25009C
:10066000170703001307079A6376E5001385070051
:10067000678000009307C00023A4F1C89307F0FF30
:100680001385070067800000130101FF23229100FA
:1006900023261100930710089384050063C21709ED
:1006A0009307F00263D61703938808FD930710059C
:1006B00063E4170317F700001307073D939828001A
:1006C000B388E80083A70800B387E70067800700C6
:1006D000930710016380F80A1307500597F700008D
:1006E00093874738B70600109387170023A0E600CA
:1006F00003C70700E31A07FE8320C10083244100DB
:1007000013010101678000008320C1009307800569
:1007100023A4F1C883244100130101016780000074
:100720009307F040E3CA17FB9307F03F63D6170324
:10073000938808C09307F000E3E017FB17F7000069
:100740001307074993982800B388E80083A7080097
:10075000B387E700678007009307C00AE38EF8F8C5
:1007600063C6170393079009E388F8F89307900A84
:10077000E394F8F6930780FA23A4F1C86FF0DFF74B
:10078000B727000023A2F4006FF01FF79307600D56
:10079000E394F8F423A6A1C66FF01FF69307F001C7
:1007A00023A4F1C86FF05FF59307200023A4F1C8DC
:1007B0006FF09FF4B707048023A0A70073005010C8
:1007C0006F0000009307600123A4F1C86FF0DFF20F
:1007D000232021011389C1C7832709002324810015
:1007E0001304060063860702130604000324810035
:1007F000032901008320C100938504008324410064
:1008000017150200130505DD130101016F00803289
:10081000B7C50100130630009385052017150200A7
:10082000130545DBEF00C023930710002320F900D8
:100830006FF09FFB8327C50063880720832805018D
:10084000638408200328050003469500032745011B
:100850008346480133E6C600A304C50093F60602AA
:100860006382061EB386E840130600011383060068
:100870006374D60013030001638AE81C3386E70023
:10088000034E060093051700130610002300C8014D
:10089000232AB5006370D61A3386B700834E06004C
:1008A00013062700130E20002300D801232AC500B9
:1008B0006372DE183386C700834E060013063700C6
:1008C000130E30002300D801232AC5006374DE16FE
:1008D0003386C700834E060013064700130E400000
:1008E0002300D801232AC5006376DE143386C700AF
:1008F000834E060013065700130E50002300D80144
:10090000232AC5006378DE123386C700834E0600B3
:1009100013066700130E60002300D801232AC500C8
:10092000637ADE103386C700834E06001306770015
:10093000130E70002300D801232AC500637CDE0E4D
:100940003386C700834E060013068700130E80000F
:100950002300D801232AC500637EDE0C3386C7003E
:10096000834E060013069700130E90002300D80153
:10097000232AC5006370DE0C3386C700834E060051
:100980001306A700130EA0002300D801232AC500D8
:100990006372DE0A3386C700834E06001306B70073
:1009A000130EB0002300D801232AC5006374DE08AB
:1009B0003386C700834E06001306C700130EC0001F
:1009C0002300D801232AC5006376DE063386C700DC
:1009D000834E06001306D700130ED0002300D80163
:1009E000232AC5006378DE043386C700834E0600E1
:1009F0001306E700130EE0002300D801232AC500E8
:100A0000637ADE023386C700834E06001306F700C2
:100A1000130EF0002300D801232AC500637CDE00FA
:100A2000B387C70083C70700130707012300F80037
:100A3000232AE50013070000638406001307F3FF71
:100A40003307B7006384E8006780000083474800ED
:100A50002328050093F7D70F2302F80067800000D2
:100A6000130101FE232A910083240500232C810019
:100A70002328210123263101232E11002382040083
:100A800023840400930770FC2384F400238804006B
:100A90002322B500130405003785D71713890500F5
:100AA0009309060093060000138605001305054010
:100AB00093050000EF200062B70780006374F50221
:100AC0009357F500130700F82386E40093F7F70F18
:100AD000135575002382F4001375F50F2380A400CD
:100AE000238604002386340123043401A304040074
:100AF00097070000938747D4232224018320C10154
:100B00002328040023260400232A0400232E0400A3
:100B1000232C0400232204022320F4020324810155
:100B200083244101032901018329C100130101022A
:100B300067800000130101FF23260100638A050876
:100B400063080608032505003388C5001307100352
:100B500083474501232601000326C10093F6F70FC2
:100B6000636CC7008327C100938717002326F10019
:100B70008327C100E378F7FE93F70602E38A07FCB8
:100B8000232601008327C100636CF7008327C1007F
:100B9000938717002326F1008327C100E378F7FE2F
:100BA00083C705002300F500232601008327C10029
:100BB000636CF7008327C100938717002326F10099
:100BC0008327C100E378F7FE93851500E39205F9CA
:100BD00013010101678000006384050403C605005A
:100BE0006300060403270500130101FF9386150027
:100BF0008347470193F7F70FA307F1008347F100FD
:100C000093F70702E38607FE2300C70003C606002A
:100C100093861600E31E06FC1301010167800000A5
:100C200067800000630C0602638A05020327050043
:100C300097060000938646C02326B50083474700E9
:100C40002328C500232A05002320D50293E7270087
:100C50002302F700F32740F1638407006780000058
:100C60003727000C971702009387C7968326070043
:100C70003305F5401335150093071000B397A7000F
:100C8000B3E7D7002320F700678000008327050023
:100C9000034795008326050183C7470133E7E70033
:100CA000A304E50093F7F70F6398060093D7670056
:100CB00013F517006780000013050000678000002F
:100CC0001307050063800506630E0604032805006C
:100CD0008346950083474801B3E6D700A304D500B7
:100CE00093F7170063800704130500006F0080006E
:100CF0006308A60283460800B387A5001305150004
:100D00002380D700032807008346970083474801C4
:100D1000B3E6D700A304D70093F71700E39A07FCC4
:100D2000678000001305000067800000F32740F192
:100D300063960702B726000C17170200130787896E
:100D400003A606003307E54013371700930710008A
:100D5000B397E700B3E7C70023A0F600B707010089
:100D60009387F7FF638CF5000327050093F5F500E3
:100D700083474700B3E7B7002302F700678000000E
:100D8000638E05029307000C63EAC7020327050080
:100D9000232EB5008347870093F7F703B3E7C70017
:100DA00093F7F70F2304F7008347470093E71700F3
:100DB0002302F700F32740F16384070067800000F7
:100DC0003727000C971702009387C78083260700F8
:100DD0003305F5401335150093071000B397A700AE
:100DE000B3E7D7002320F700678000006384050283
:100DF000032705002320B50223260500834747006B
:100E00002328050093E727002302F700F32740F18A
:100E100063840700678000003727000C97070200F3
:100E20009387477B832607003305F540133515006C
:100E300093071000B397A700B3E7D7002320F7006C
:100E40006780000063800502032705002322B502A6
:100E50008347470093E787002302F700F32740F119
:100E600063840700678000003727000C97070200A3
:100E700093874776832607003305F5401335150021
:100E800093071000B397A700B3E7D7002320F7001C
:100E90006780000063880512630606128327050039
:100EA0008346950003C74701B366D700A304D50066
:100EB00013770702630807101307000113050600E4
:100EC0006374C7001305000183C6050013071000F3
:100ED0002380D700637AC70E83C61500130720004E
:100EE0002380D7006372C70E83C625001307300026
:100EF0002380D700637AC70C83C6350013074000F0
:100F00002380D7006372C70C83C6450013075000C7
:100F10002380D700637AC70A83C655001307600091
:100F20002380D7006372C70A83C665001307700069
:100F30002380D700637AC70883C675001307800033
:100F40002380D7006372C70883C68500130790000B
:100F50002380D700637AC70683C695001307A000D5
:100F60002380D7006372C70683C6A5001307B000AD
:100F70002380D700637AC70483C6B5001307C00077
:100F80002380D7006372C70483C6C5001307D0004F
:100F90002380D700637AC70283C6D5001307E00019
:100FA0002380D7006372C70283C6E5001307F000F1
:100FB0002380D700637AC70003C7F5002380E700CA
:100FC000678000001305000067800000832705008C
:100FD0000347950083C74701A304050033E5E700F5
:100FE0001375E509678000008327050003C58701A5
:100FF00067800000032705008347950003474701EA
:10100000B367F700A304F5001375070667800000B7
:10101000032705008347C70093E707042306F7006B
:1010200067800000032705008347C70093F7F70B8D
:101030002306F700678000009306050093870500EC
:101040001307100013068001930580011305002487
:101050006F109012130101FF232481001304060076
:101060002322910013860600938405009305040053
:1010700023261100EF00000383A7040013050000DE
:1010800063C80700032504003305F5401335150038
:101090008320C10003248100832441001301010146
:1010A00067800000130101F8232E8106232C91068E
:1010B000232A210723283107232641072324510708
:1010C0002322610723207107232E8105232C9105FC
:1010D000232AA1052328B105938305002B000000D6
:1010E000B7FEFFFF930565019307000023287100F9
:1010F000138501EE138B11EE938A21EE97FB00000E
:10110000938BCBC6938DE1EE17FC0000130C0CC73C
:10111000138DF1EE930CF062938E0E791307000895
:101120009306F00F2324B10093830700232AC10004
:101130008327810013994300232C71001386A7FE97
:1011400093030600130409002326D101938483012D
:1011500013890303138683049307040063D68C006A
:101160008327C100B307F4002326E10413FE3300F4
:1011700063040E006F1040689305C10417F8000067
:101180001308C8B08322080083284800032388007E
:101190008329C80003AE030083AE0400032F0900B7
:1011A000832F0600DB55A2990326C1049345F6FF61
:1011B00093D5F5413376B6001356864063D4C60006
:1011C0001306F00F9375F60F3306F5002300B600F3
:1011D00017F80000130888AC1306070083250800E1
:1011E000032E4800832E8800032FC8000BB678F723
:1011F0009345F6FF93D5F5413376B60013568640F6
:10120000B305FB0063D4C6001306F00F2380C500AE
:1012100017F80000130888A91306070083250800A3
:10122000032E4800832E8800032FC8000BB678F7E2
:101230009345F6FF93D5F5413376B60013568640B5
:10124000B385FA0063D4C6001306F00F2380C500EF
:1012500017F80000130888A6130607008325080066
:10126000032E4800832E8800032FC8000BB678F7A2
:101270009345F6FF93D5F5413376B6001356864075
:10128000938531EEB385F50063D4C6001306F00FE5
:101290002380C50097FF0000938F4FA3130607001C
:1012A00083A50F0003AE4F0083AE8F0003AFCF00C6
:1012B0000BB678F79345F6FF93D5F5413376B60034
:1012C00013568640938541EEB385F50063D4C6007E
:1012D0001306F00F2380C50097FF0000938F0FA027
:1012E0001306070083A50F0003AE4F0083AE8F00E7
:1012F00003AFCF000BB678F79345F6FF93D5F541D2
:101300003376B60013568640938551EEB385F500CB
:1013100063D4C6001306F00F2380C50097FF0000BA
:10132000938FCF9C1306070083A50F0003AE4F00D9
:1013300083AE8F0003AFCF000BB678F79345F6FF6F
:1013400093D5F5413376B60013568640938561EE0A
:10135000B385F50063D4C6001306F00F2380C500E3
:1013600097FF0000938F8F991306070083A50F0046
:1013700003AE4F0083AE8F0003AFCF000BB678F7FC
:101380009345F6FF93D5F5413376B6001356864064
:10139000938571EEB385F50063D4C6001306F00F94
:1013A0002380C50097FF0000938F4F961306070018
:1013B00083A50F0003AE4F0083AE8F0003AFCF00B5
:1013C0000BB678F79345F6FF93D5F5413376B60023
:1013D00013568640938581EEB385F50063D4C6002D
:1013E0001306F00F2380C50097FF0000938F0F9323
:1013F0001306070083A50F0003AE4F0083AE8F00D6
:1014000003AFCF000BB678F79345F6FF93D5F541C0
:101410003376B60013568640938591EEB385F5007A
:1014200063D4C6001306F00F2380C50097FF0000A9
:10143000938FCF8F1306070083A50F0003AE4F00D5
:1014400083AE8F0003AFCF000BB678F79345F6FF5E
:1014500093D5F5413376B600135686409385A1EEB9
:10146000B385F50063D4C6001306F00F2380C500D2
:1014700097FF0000938F8F8C1306070083A50F0042
:1014800003AE4F0083AE8F0003AFCF000BB678F7EB
:101490009345F6FF93D5F5413376B6001356864053
:1014A0009385B1EEB385F50063D4C6001306F00F43
:1014B0002380C50097FF0000938F4F891306070014
:1014C00083A50F0003AE4F0083AE8F0003AFCF00A4
:1014D0000BB678F79345F6FF93D5F5413376B60012
:1014E000135686409385C1EEB385F50063D4C600DC
:1014F0001306F00F2380C50097FF0000938F0F861F
:101500001306070083A50F0003AE4F0083AE8F00C4
:1015100003AFCF000BB678F79345F6FF93D5F541AF
:101520003376B600135686409385D1EEB385F50029
:1015300063D4C6001306F00F2380C500130607000E
:1015400083A50B0003AE4B0083AE8B0003AFCB0033
:101550000BB678F79345F6FF93D5F5413376B60091
:1015600013568640B385FD0063D4C6001306F00F02
:101570002380C5001306070083250C00032E4C00B2
:10158000832E8C00032FCC000BB678F79345F6FF23
:1015900093D5F5413376B60013568640B307FD0068
:1015A00063D4C6001306F00F2380C7008327810091
:1015B0009383230013040401E39A77B88323810102
:1015C000938707032324F1009383B30093079007C5
:1015D000832EC100E39EF3B4832301010324410160
:1015E0002B0C0000B7F7FFFF971B0200938BCB98E3
:1015F0009387077DB7FEFFFF37FEFFFF37FFFFFF33
:10160000B7FFFFFF232CF10093890B009308000024
:101610001303000097FD0100938D0D6B9305F0629D
:10162000938E0E79130E0E7A130F0F7B938F0F7C10
:10163000930A8001130B9001130AF00F93870B009C
:10164000138D0B00930C1000939B5800138C070014
:1016500023281103232AF102232C610213860C0094
:10166000232E7102130704002326D1012324C10174
:101670002328E101232AF10113890B00B3047D0122
:1016800013830B0493880B03938B0B0297D70100F2
:101690009387870B93820B00930309001304400088
:1016A000930C000813080000232E71012320C102AF
:1016B000232281032324A1032326E1026F00401487
:1016C00003A6070083AB470003AC870003ADC70048
:1016D000032E0700832E4700032F8700832FC700A8
:1016E0005BC02ED6032781003307E90063E4D500F1
:1016F000138706003307E5009386070103A606005B
:1017000083AB460003AC860003ADC600032E070082
:10171000832E4700032F8700832FC7005BC02ED680
:101720001387020063D65500032701013387E300C6
:101730003307E5009386070203A6060083AB460045
:1017400003AC860003ADC600032E0700832E4700BE
:10175000032F8700832FC7005BC02ED61387080096
:1017600063D61501032741013387E3003307E50002
:101770009386070303A6060083AB460003AC8600EE
:1017800003ADC600032E0700832E4700032F8700FA
:10179000832FC7005BC02ED61307030063D66500F6
:1017A000032781013387E3003307E50093860704AD
:1017B000630A540B03A6060083AB460003AC860005
:1017C00003ADC600032E0700832E4700032F8700BA
:1017D000832FC7005BC02ED6130858001309090BCE
:1017E000938707059384040B1303030B9383030B65
:1017F0009388080B9382020B13045400630A680950
:101800001307090063D625010327C1003307E90048
:101810003307E50093060901E31408EA03A607006D
:1018200083AB470003AC870003ADC700032E07005E
:10183000832E4700032F8700832FC700DBCC2ED6D3
:1018400063FCD50003278100938607013307E90075
:101850003307E5006FF09FEA93860701138704259D
:101860006FF0DFE903A6060083AB460003AC8600F9
:1018700083ACC600032E0700832E4700032F87008A
:10188000832FC7005BC72ECE930C07006FF0DFF4E9
:1018900093C7FCFF93D7F741B3F7FC0093D787407A
:1018A000832BC10103260102032C4102032D810277
:1018B0000327C1026354FA009307F00F2300FC16BC
:1018C00097E800009388C84C13080C0097D70100D4
:1018D0009387870083A6080003A3070003AE470091
:1018E00083AE870003AFC7008B6678F79386070146
:1018F00003A3060003AE460083AE860003AFC60016
:101900000B6078F703A3060103AE460183AE8601A0
:1019100003AFC6010B6078F703A3060203AE4602CD
:1019200083AE860203AFC6020B6078F703A30603FB
:1019300003AE460383AE860303AFC6030B6078F79E
:101940009386070503A3060003AE460083AE860018
:1019500003AFC6000B6078F703A3060103AE460190
:1019600083AE860103AFC6010B6078F703A30602BE
:1019700003AE460283AE860203AFC6020B6078F761
:1019800003A3060303AE460383AE860303AFC60379
:101990000B6078F79386070903A3060003AE4600A1
:1019A00083AE860003AFC6000B6078F703A3060181
:1019B00003AE460183AE860103AFC6010B6078F724
:1019C00003A3060203AE460283AE860203AFC6023D
:1019D0000B6078F703A3060303AE460383AE8603CA
:1019E00003AFC6030B6078F79386070D03A30600C9
:1019F00003AE460083AE860003AFC6000B6078F7E7
:101A000003A3060103AE460183AE860103AFC60100
:101A10000B6078F703A3060203AE460283AE86028C
:101A200003AFC6020B6078F703A3060303AE4603B9
:101A300083AE860303AFC6030B6078F79386071166
:101A400003A3060003AE460083AE860003AFC600C4
:101A50000B6078F703A3060103AE460183AE86014F
:101A600003AFC6010B6078F703A3060203AE46027C
:101A700083AE860203AFC6020B6078F703A30603AA
:101A800003AE460383AE860303AFC6030B6078F74D
:101A90009386071503A3060003AE460083AE8600B7
:101AA00003AFC6000B6078F79386071603A3060002
:101AB00003AE460083AE860003AFC6000B6078F726
:101AC0009386071703A3060003AE460083AE860085
:101AD00003AFC6000B6078F79386071803A30600D0
:101AE00003AE460083AE860003AFC6008B6678F770
:101AF00013C3F6FF1353F341B3F6660093D6864043
:101B0000938707196354DA009306F00FA300D816E1
:101B10009388480013081800E39EB7DB13062600DD
:101B200093079000130C8C01E318F6B40323810390
:101B300083280103832741031304070013032300B1
:101B4000130780008323C103832EC100032E81006D
:101B5000032F0101832F4101938707069388B80063
:101B6000E312E3AE930B0D00AB0B000093070008EC
:101B7000170702001307475697F600009386C6AC76
:101B800003A6060083A5460003A5860003A8C60099
:101B9000032E0700832E4700032F8700832FC700E3
:101BA000DBC79682970702009387075417F7000058
:101BB000130787AA8326070003264700832587008B
:101BC0000325C70003AE070083AE470003AF8700BD
:101BD00083AFC7005BD0D852832607010326470195
:101BE000832587010325C70103AE070183AE4701A3
:101BF00003AF870183AFC7015BD0D85283260702AA
:101C000003264702832587020325C70203AE070286
:101C100083AE470203AF870283AFC7025BD0D852BF
:101C20008326070303264703832587030325C7036A
:101C300003AE070383AE470303AF870383AFC70336
:101C40005BD0D852970702009387074E17F7000022
:101C5000130787A4832607000326470083258700F0
:101C60000325C70003AE070083AE470003AF87001C
:101C700083AFC7005BD0D8528326070103264701F4
:101C8000832587010325C70103AE070183AE470102
:101C900003AF870183AFC7015BD0D8528326070209
:101CA00003264702832587020325C70203AE0702E6
:101CB00083AE470203AF870283AFC7025BD0D8521F
:101CC0008326070303264703832587030325C703CA
:101CD00003AE070383AE470303AF870383AFC70396
:101CE0005BD0D852938701E917F700001307C79E0E
:101CF0008326070003264700832587000325C700A6
:101D000003AE070083AE470003AF870083AFC70071
:101D10005BD0D8528326070103264701832587011C
:101D20000325C70103AE070183AE470103AF870157
:101D300083AFC7015BD0D852832607020326470230
:101D4000832587020325C70203AE070283AE47023D
:101D500003AF870283AFC7025BD0D8528326070345
:101D600003264703832587030325C70303AE070321
:101D700083AE470303AF870383AFC7035BD0D8525B
:101D8000938701ED17F700001307079983260700D3
:101D900003264700832587000325C70003AE0700FD
:101DA00083AE470003AF870083AFC7005BD0D85234
:101DB0008326070103264701832587010325C701E1
:101DC00003AE070183AE470103AF870183AFC701AD
:101DD0005BD0D85283260702032647028325870259
:101DE0000325C70203AE070283AE470203AF870293
:101DF00083AFC7025BD0D85283260703032647036D
:101E0000832587030325C70303AE070383AE470378
:101E100003AF870383AFC7035BD0D852938701F129
:101E200017F7000013074793832607000326470090
:101E3000832587000325C70003AE070083AE470054
:101E400003AF870083AFC7005BD0D852832607015A
:101E500003264701832587010325C70103AE070138
:101E600083AE470103AF870183AFC7015BD0D85270
:101E70008326070203264702832587020325C7021C
:101E800003AE070283AE470203AF870283AFC702E8
:101E90005BD0D85283260703032647038325870395
:101EA0000325C70303AE070383AE470303AF8703CE
:101EB00083AFC7035BD0D852938701F517F70000B3
:101EC0001307878D83260700032647008325870095
:101ED0000325C70003AE070083AE470003AF8700AA
:101EE00083AFC7005BD0D852938701F617F7000085
:101EF0001307878B83260700032647008325870067
:101F00000325C70003AE070083AE470003AF870079
:101F100083AFC7005BD0D852938701F717F7000053
:101F20001307878983260700032647008325870038
:101F30000325C70003AE070083AE470003AF870049
:101F400083AFC700DBD7D85213C7F7FF1357F7414A
:101F5000B3F7E70093D787401307F00F938601F894
:101F60006354F7009307F00F2380F60097E5000015
:101F7000938505E81306100097F700009387C78440
:101F800097C801009388487C1308F00F03A7050049
:101F900003A5070003A3470003AE870083AEC70075
:101FA0000BA70CEF13870701032507000323470046
:101FB000032E8700832EC7000BA00CEF032507011B
:101FC00003234701032E8701832EC7010BA00CEFCB
:101FD0000325070203234702032E8702832EC7022D
:101FE0000BA00CEF0325070303234703032E8703EE
:101FF000832EC7030BA00CEF1387070503250700EB
:1020000003234700032E8700832EC7000BA00CEF8D
:102010000325070103234701032E8701832EC701F0
:102020000BA00CEF0325070203234702032E8702B0
:10203000832EC7020BA00CEF0325070303234703DE
:10204000032E8703832EC7030BA00CEF138707090A
:102050000325070003234700032E8700832EC700B4
:102060000BA00CEF0325070103234701032E870173
:10207000832EC7010BA00CEF0325070203234702A1
:10208000032E8702832EC7020BA00CEF0325070344
:1020900003234703032E8703832EC7030BA00CEFF4
:1020A0001387070D0325070003234700032E87002E
:1020B000832EC7000BA00CEF032507010323470164
:1020C000032E8701832EC7010BA00CEF0325070207
:1020D00003234702032E8702832EC7020BA00CEFB7
:1020E0000325070303234703032E8703832EC70318
:1020F0000BA00CEF138707110325070003234700EC
:10210000032E8700832EC7000BA00CEF03250701C9
:1021100003234701032E8701832EC7010BA00CEF79
:102120000325070203234702032E8702832EC702DB
:102130000BA00CEF0325070303234703032E87039C
:10214000832EC7030BA00CEF138707150325070089
:1021500003234700032E8700832EC7000BA00CEF3C
:10216000138707160325070003234700032E870064
:10217000832EC7000BA00CEF13870717032507005A
:1021800003234700032E8700832EC7000BA70CEF05
:102190001345F7FF1355F5413377A70013578740D1
:1021A000938707183385C9006354E8001307F00FBD
:1021B0002300E52E1306160093854500E39817DDEE
:1021C0002B0400009307004017E70000130787E780
:1021D0000326070083254700032587000328C7003F
:1021E00003AE060083AE460003AF860083AFC60091
:1021F000DBC79682938701F917E70000130787E58D
:102200008326070003264700832587000325C70090
:1022100003AE070083AE470003AF870083AFC7005C
:102220005BD0D852938701FA17E70000130787E3C2
:102230008326070003264700832587000325C70060
:1022400003AE070083AE470003AF870083AFC7002C
:102250005BD0D852938701FB17E70000130787E193
:102260008326070003264700832587000325C70030
:1022700003AE070083AE470003AF870083AFC700FC
:102280005BD0D852938701FC17E70000130787DF64
:102290008326070003264700832587000325C70000
:1022A00003AE070083AE470003AF870083AFC700CC
:1022B0005BD0D852938701FD17E70000130787DD35
:1022C0008326070003264700832587000325C700D0
:1022D00003AE070083AE470003AF870083AFC7009C
:1022E0005BD0D852938701FE17E70000130787DB06
:1022F0008326070003264700832587000325C700A0
:1023000003AE070083AE470003AF870083AFC7006B
:102310005BD0D852938701FF17E70000130787D9D6
:102320008326070003264700832587000325C7006F
:1023300003AE070083AE470003AF870083AFC7003B
:102340005BD0D8529387010017E70000130787D7A7
:102350000326070083254700032587000328C700BD
:1023600003AE070083AE470003AF870083AFC7000B
:10237000DBC6968203C3093783C8193703C82937D8
:10238000930750FF03C539373308F8021397280025
:102390009317230083C54937B387670033071701B5
:1023A000B387D7001317170003C65937930ED0FE13
:1023B000B387E7403305D5031307D0FDB387070183
:1023C000130EF00FB386E502130760FEB387A70074
:1023D0003307E602B387D700B387E70093D7B74048
:1023E0006354FE589307F00F238BF93697E80000EB
:1023F0009388082397E70000938727CE17EE000005
:10240000130E4E241303F00F6F00C0011307F00FDB
:10241000A38BEB369388480093876709938B1B0047
:1024200063001E3393FE370003A84800138507019D
:102430009385070513860706938607071387070802
:1024400063860E4683DE070083D42700939404013D
:10245000B3EE9E0003DF470083D46700939404012A
:10246000336F9F0083DF870083D4A7009394040118
:10247000B3EF9F0083D2C70083D4E7009394040195
:10248000B3E292000BD8FD2F0358050083522500BC
:102490009392020133685800835E450083526500C1
:1024A00093920201B3EE5E00035F85008352A500A4
:1024B00093920201336F5F00835FC5008352E50092
:1024C00093920201B3EF5F000B00BBFF138507027D
:1024D0000358050083522500939202013368580087
:1024E000835E45008352650093920201B3EE5E0065
:1024F000035F85008352A50093920201336F5F0052
:10250000835FC5008352E50093920201B3EF5F0041
:102510000B00BBFF138507030358050083522500FA
:102520009392020133685800835E45008352650030
:1025300093920201B3EE5E00035F85008352A50013
:1025400093920201336F5F00835FC5008352E50001
:1025500093920201B3EF5F000B00BBFF13850704EA
:1025600003580500835225009392020133685800F6
:10257000835E45008352650093920201B3EE5E00D4
:10258000035F85008352A50093920201336F5F00C1
:10259000835FC5008352E50093920201B3EF5F00B1
:1025A0000B00BBFF03D5050083DF2500939F0F01C0
:1025B0003365F50103D8450083DF6500939F0F0164
:1025C0003368F80183DE850083DFA500939F0F0148
:1025D000B3EEFE0103DFC50083DFE500939F0F012B
:1025E000336FFF010BA060F783550600035F2600E1
:1025F000131F0F01B3E5E50103554600035F6600B5
:10260000131F0F013365E50103588600035FA60021
:10261000131F0F013368E801835EC600035FE60005
:10262000131F0F01B3EEEE010BB014EC03D606003E
:1026300083DE2600939E0E013366D60183D54600C5
:1026400083DE6600939E0E01B3E5D50103D58600B7
:1026500083DEA600939E0E013365D50103D8C60024
:1026600083DEE600939E0E013368D8010BC096828C
:10267000835607000358270013180801B3E6060124
:102680000356470003586700131808013366060114
:10269000835587000358A70013180801B3E5050107
:1026A0000355C7000358E7001318080133650501F7
:1026B0000BD7D852930607000386070903C70937CB
:1026C0000389170983CE19373307C7028384270983
:1026D00003C829378382370903C53937838F4709F0
:1026E00083C54937038F570903C65937B38E2E0365
:1026F0003307D700330898023307D701B3065502D2
:1027000033070701B385F5033307D700B306E603A4
:102710003307B7003307D7001357B7409346F7FF87
:1027200093D6F641E344E3CE3377D700A38BEB3661
:102730009388480093876709938B1B00E3141ECF8F
:102740000387693783867937930710006346D7007C
:1027500093060700930700000387893763C4E614D4
:102760001387060083869937634AD71293060700BA
:102770000387A93763C0E612138706008386B9373B
:102780006346D710930607000387C93763CCE60E6C
:10279000138706008386D9376342D70E9306070056
:1027A0000387E93763C8E60C138706008386F93789
:1027B000634ED70A930607002300D4000324C10701
:1027C00023A0F300832481070329410783290107FC
:1027D000032AC106832A8106032B4106832B0106A7
:1027E000032CC105832C8105032D4105832D010593
:1027F0001301010867800000130820009305000002
:1028000063040E016FE05F9C9305C10417D80000BC
:102810001308C84783280800032348008329880039
:10282000032AC80003DE030083D22300939202012F
:10283000336E5E0083DE040083D224009392020193
:10284000B3EE5E00035F09008352290093920201F8
:10285000336F5F00835F060083522600939202016C
:10286000B3EF5F00DB15CDA46FE01F9493079000DA
:102870006FF09FF4930780006FF05FF39307700091
:102880006FF01FF2930760006FF0DFF093075000C6
:102890006FF09FEF930740006FF05FEE93073000FB
:1028A0006FF01FED930720006FF0DFEB83AE0700A2
:1028B00003AF470083AF870083A2C7000BD8FD2F6B
:1028C00003280500832E4500032F8500832FC500B4
:1028D0000B00BBFF03280501832E4501032F850153
:1028E000832FC5010B00BBFF03280502832E450281
:1028F000032F8502832FC5020B00BBFF03280503AE
:10290000832E4503032F8503832FC5030B00BBFFD5
:1029100003A5050003A8450083AE850003AFC500ED
:102920000BA060F7832506000325460003288600D8
:10293000832EC6000BB014EC03A6060083A5460048
:1029400003A5860003A8C6000BC096828326070055
:1029500003264700832587000325C7000BD7D852DD
:10296000930607006FF05FD513C7F7FF1357F741C2
:10297000B3F7E7006FF05FA7130101FD2322910277
:10298000938401C803A30400232E3101232C4101A9
:10299000232A5101232861012326110223248102C5
:1029A000232021039308230013081025130B05008F
:1029B000938A0500130A060093890600636C181DAC
:1029C00017F80100130888C333086800034908009A
:1029D0000344180023A0140113080005631A090119
:1029E0001304B4FC1374F40F9306100063FA860208
:1029F00017E501001305052F032481028320C1027E
:102A000083244102032901028329C101032A810190
:102A1000832A4101032B0101130101036F10C01030
:102A200003A60400930610251306B60063E0C61A39
:102A300023A0C400930680016316DA0A63944A0B4C
:102A400083A60400130610253304DB00636A860E98
:102A50006386090297F50100938545BA13060B00BA
:102A6000B385D500138509002326F1002324E10056
:102A7000EF10C0658327C1000327810023A08400D5
:102A800083A6040013162700930510253304D600EF
:102A900063E68506638C070097F50100938505B60C
:102AA000B385D50013850700EF10406223A0840092
:102AB00003A7040093071025631CF7028320C102BB
:102AC0000324810283244102032901028329C101D5
:102AD000032A8101832A4101032B01011301010310
:102AE0006780000017E50100130545216FF0DFF056
:102AF00017E501001305452D6FF01FF09306102513
:102B00001306040097E501009385052E17E50100E3
:102B10001305851B2324E100EF00506F032781007C
:102B20009307F0FFE306F7F8130607009305F0FF9D
:102B300017E5010013050524EF00506D6FF05FF7F6
:102B4000930610251306040097E501009385C52917
:102B500017E50100130545172326F1002324E100A2
:102B6000EF00D06A9306F0FF032781008327C1009E
:102B7000E308DBF013060B009305F0FF17E50100F7
:102B80001305851AEF0090688327C1000327810091
:102B90006FF01FEF930610251386080097E50100DC
:102BA0009385852417E50100130505122326F100FE
:102BB0002324E100EF0090658327C10003278100F3
:102BC00013090000130400006FF01FE193061025A5
:102BD00097E501009385452117E501001305C50E12
:102BE0002326F1002324E100EF0050628327C10077
:102BF000032781006FF01FE41308000063C605126D
:102C000063DC0600B337C000B306D0401348F8FFBA
:102C1000B386F6403306C04093080600130705004C
:102C200013830500639A060E63F4C516B707010007
:102C30006364F622B7070001930680016374F6000F
:102C400093060001B7170280335ED600938787DFB3
:102C5000B387C70183C70700130E0002B387D700ED
:102C6000B306FE40630CFE003393D500B357F50066
:102C7000B318D60033E367003317D50013D6080125
:102C80003355C3029396080193D606019357070163
:102C90003373C302B385A60213130301B3E76700BE
:102CA00063FCB700B387F8001303F5FF63E4170173
:102CB00063E6B74013050300B387B740B3D5C70237
:102CC0001317070113570701B3F7C702B386B602FC
:102CD000939707013367F700637ED7003387E800D7
:102CE0009387F5FF636617019385E5FF6364D7005B
:102CF00093850700131505013365B50093050000A2
:102D0000630A0800B337A000B305B040B385F540AF
:102D10003305A0406780000063F4D50293050000EE
:102D2000130500006FF0DFFDB337A000B305B0401E
:102D3000B385F5403305A0401308F0FF6FF05FEC5A
:102D4000B707010063E8F61EB7070001930880018A
:102D500063F4F60093080001B717028033D7160119
:102D6000938787DFB387E70003C707009307000255
:102D700033071701B388E7406396E71C63E4B63076
:102D80003335C50013351500930500006FF05FF76C
:102D9000630C060CB7070100637CF62C1333061096
:102DA0001333130013133300B3566600B7170280B2
:102DB000938787DFB387D70083C607009307000296
:102DC000B3866600B38ED7406394D70CB386C540F4
:102DD000135306011316060113560601930510003E
:102DE00033D5660293570701B3F66602330EC50268
:102DF00093960601B3E7D70063FCC701B387F800D9
:102E00009306F5FF63E4170163E4C72B13850600FF
:102E1000B387C741B3D667021317070113570701DA
:102E2000B3F767023386C602939707013367F7004B
:102E3000637EC7003387E8009387F6FF6366170158
:102E40009386E6FF6364C7009386070013150501A8
:102E50003365D5006FF0DFEA9336061093B616009F
:102E6000939636006FF01FDEB717028093060000BE
:102E7000938787DFB387D70083C60700130300005B
:102E800093070002B3866600B38ED740E380D7F481
:102E9000B318D60133DED50013D30801B3576E0241
:102EA0001396080113560601B356D5003317D50102
:102EB000B395D501B3E6B60093D50601337E6E0215
:102EC0003305F602131E0E01B3E5C50163FEA5002E
:102ED000B385B800138EF7FF63E4151D63F2A51CDC
:102EE0009387E7FFB3851501B385A54033D5650208
:102EF0009396060193D60601B3F56502330EA6023A
:102F000093950501B3E6B60063FEC601B386D8000B
:102F10009305F5FF63EE161763FCC6171305E5FF6F
:102F2000B386160193950701B386C641B3E5A500A4
:102F30006FF01FEB93B8061093B818009398380001
:102F40006FF09FE1B35EE600B3961601B3EEDE00CC
:102F500033D3E50013DF0E01B357E303139E0E01D5
:102F6000B3951501135E0E013357E5003367B700C3
:102F700093560701331616013373E303B305FE02BC
:102F800013130301B3E6660063FEB600B386DE00EA
:102F90001383F7FF63EAD61163F8B6109387E7FF50
:102FA000B386D601B386B640B3D5E603131707013F
:102FB00013570701B3F6E6033303BE0293960601E7
:102FC0003367D700637E67003387EE009386F5FF93
:102FD0006364D70D6372670C9385E5FF3307D701F0
:102FE00093970701370F0100B3E7B7009306FFFF80
:102FF000B3F5D70013DE0701B376D60013560601EA
:10300000B38ED50233076740B306DE0213D30E0139
:10301000B385C502B385D500B305B300330ECE0228
:1030200063F4D500330EEE0193D60501B386C601D5
:10303000636AD7026308D700138507009305000071
:103040006FF01FCCB70601009386F6FF33F7D5006B
:1030500013170701B3FEDE00331515013307D7013F
:10306000E37CE5FC1385F7FF930500006FF05FC973
:10307000B7070001637AF6049356060113030001B3
:103080006FF0DFD293050000130510006FF05FC7EB
:10309000138505006FF01FE9938506006FF05FF45C
:1030A00093070E006FF05FE4930703006FF09FEF4C
:1030B0001305E5FFB38717016FF09FD51305E5FFF3
:1030C000B38717016FF05FBF93568601130380012A
:1030D0006FF0DFCD13080600930805001387050085
:1030E0006390060E63FEC512B7070100636EF61EFD
:1030F000B7070001930680016374F6009306000190
:10310000B71702803353D600938787DFB3876700F2
:1031100083C7070013030002B387D700B306F34049
:10312000630CF3003397D500B357F5003318D6007E
:1031300033E7E700B318D500135608013355C7022B
:103140009316080193D6060193D708013377C70277
:10315000B385A60213170701B3E7E70063FCB700C6
:10316000B307F8001307F5FF63E4070163E0B73E18
:1031700013050700B387B74033D7C70293980801F8
:1031800093D80801B3F7C702B386E6029397070105
:10319000B3E8F80063FED800B30818019307F7FFFF
:1031A00063E608011307E7FF63E4D800138707000D
:1031B000131505013365E5009305000067800000E5
:1031C00063F8D50093050000130500006780000038
:1031D000B707010063E8F61EB70700011308800176
:1031E00063F4F60013080001B717028033D7060115
:1031F000938787DFB387E70003C7070093070002C1
:10320000330707013388E7406396E71C63E4B63071
:103210003335C500133515009305000067800000A5
:10322000630C060CB7070100637CF62C13370610FD
:103230001337170013173700B356E600B71702808D
:10324000938787DFB387D70083C707009306000201
:10325000B387E700B38EF6406394F60CB387C5409E
:103260009356060113160601135606019305100026
:1032700033D5D70213D70801B3F7D7023303C502FA
:1032800093970701B367F70063FC6700B307F80083
:103290001307F5FF63E4070163E4672A13050700DA
:1032A000B387674033D7D7029398080193D80801B2
:1032B000B3F7D7023306C70293970701B3E8F800C4
:1032C00063FEC800B30818019307F7FF63E608011F
:1032D0001307E7FF63E4C800138707001315050110
:1032E0003365E500678000009336061093B616003C
:1032F000939636006FF0DFE0B71702809306000068
:10330000938787DFB387D70083C7070013070000C1
:1033100093060002B387E700B38EF640E380F6F42D
:103320003318D60133D3F50093560801335ED30228
:1033300013160801B395D50113560601B357F500CE
:10334000B3E7B70013D70701B318D5013373D3021E
:10335000B305C6031313030133676700637EB70029
:103360003307E8001305FEFF6364071D6372B71C93
:10337000130EEEFF330707013307B7403355D7026B
:103380009397070193D707013377D7023303A60238
:1033900013170701B3E7E70063FE6700B307F80000
:1033A0001307F5FF63EE071763FC67161305E5FFC8
:1033B000B387070193150E01B3876740B3E5A500F6
:1033C0006FF01FEB13B806101338180013183800ED
:1033D0006FF09FE1335EE600B3960601336EDE00C8
:1033E000B3D8E500935E0E01B3D7D80313130E01D3
:1033F000B3950501135303013357E5003367B70055
:103400009356070133160601B3F8D803B305F30248
:1034100093980801B3E6160163FEB600B306DE001A
:103420009388F7FF63EAC61163F8B6109387E7FF46
:10343000B386C601B386B640B3D5D60313170701CA
:1034400013570701B3F6D603B308B30293960601E8
:103450003367D700637E17013307EE009386F5FFCD
:103460006364C70D6372170D9385E5FF3307C701CA
:1034700093970701B70E0100B3E7B7009386FEFFED
:10348000B3F5D70013D30701B376D6001356060160
:10349000338ED50233071741B306D30293580E017A
:1034A000B385C502B385D500B385B8003303C30225
:1034B00063F4D5003303D30193D60501B3866600C8
:1034C000636AD7026308D7001385070093050000DD
:1034D00067800000B70601009386F6FF33F7D5003A
:1034E00013170701337EDE00331505013307C701CB
:1034F000E37CE5FC1385F7FF93050000678000007F
:10350000B7070001637AF60493560601130700011A
:103510006FF0DFD2930500001305100067800000F4
:10352000130507006FF01FE9938506006FF05FF445
:10353000130E05006FF05FE4938708006FF09FEFB4
:103540001305E5FFB38707016FF09FD51305E5FF6E
:10355000B38707016FF01FC29356860113078001DE
:103560006FF0DFCD93050500930600001306000001
:10357000130500006F009058130101FF9305000030
:10358000232481002326110013040500EF0090601E
:1035900083A741C863840700E78007001305040080
:1035A000EFC09FEE13050000678000003726028001
:1035B000B7850080372502801306C6849385851A57
:1035C000130585856F004035130101FF83254500F4
:1035D000232481002322910023261100138401510A
:1035E0009304050063848500EF40103C83A58400AC
:1035F000930784066386F50013850400EF40D03AF4
:1036000083A5C4001304040D638E85000324810088
:103610008320C100138504008324410013010101AC
:103620006F4090388320C10003248100832441002F
:10363000130101016780000013050000678000008E
:10364000130101FE232C8100B73700801384015140
:103650009387C75A232E1100232A91002328210182
:10366000232631012324410123A2F1C8130680003F
:1036700093074000930500001305C4052326F400BA
:103680002320040023220400232404002322040610
:1036900023280400232A0400232C0400EF005015E3
:1036A000B7070100374A0080B749008037490080DA
:1036B000B7440080130A4AB3938989B9130909C230
:1036C000938484C9938797001306800093050000B4
:1036D0001305440C2320440323223403232424030E
:1036E00023269402232AF406232E8400232404068E
:1036F00023260406232804062326040C232C040670
:10370000232E040623200408EF00900EB7070200C2
:1037100013078406938727011305C412130680003C
:10372000930500002324440923263409232824096F
:10373000232A9408232EF40C2322E4082328040CC3
:10374000232A040C232C040C232A04122320040E05
:103750002322040E2324040EEF0090099307040D86
:103760002328440F232A340F232C240F232E940EB6
:103770008320C1012326F40E032481018324410107
:10378000032901018329C100032A810013010102D9
:103790006780000083A741C8130101FE2326310181
:1037A000232E1100232C8100232A9100232821019C
:1037B000930905006388070E372902801309C9841D
:1037C0009304F0FF83274900032489009387F7FFC0
:1037D00063D807006F00000813048406638C970603
:1037E0000317C4009387F7FFE31807FEB707FFFF2F
:1037F000938717002326F4002322040623200400C5
:10380000232404002322040023280400232A040084
:10381000232C040013068000930500001305C40543
:10382000EF00007D23280402232A0402232204043B
:10383000232404048320C10113050400032481010F
:1038400083244101032901018329C10013010102DD
:1038500067800000032409006306040013090400C4
:103860006FF05FF69305C01A13850900EF10000A88
:1038700013040500630C05021305C50093074000FF
:10388000232004002322F4002324A4001306001A9A
:1038900093050000EF00C075232089001309040080
:1038A0006FF05FF2EFF0DFD96FF01FF12320090016
:1038B0009307C00023A0F9006FF0DFF783274503CB
:1038C000638407006780000003A741C8B737008002
:1038D0009387875C232AF502E31607FE6FF05FD615
:1038E000678000006780000037260280B7350080BF
:1038F0001306C6849385455A130500006F00C00166
:1039000037260280B73500801306C6849385856309
:10391000130500006F004000130101FD2320210367
:10392000232E3101232C4101232A51012328610137
:1039300023267101232611022324810223229102CE
:10394000130B0500938B0500930A0600130A000071
:10395000930910001309F0FF83A44A0003A48A000E
:103960009384F4FF63C804028357C40063FEF90024
:103970008317E4009305040013050B0063862701F9
:10398000E7800B00336AAA009384F4FF13048406D3
:10399000E39C24FD83AA0A00E3900AFC8320C10271
:1039A0000324810283244102032901028329C101E6
:1039B000832A4101032B0101832BC10013050A0057
:1039C000032A81011301010367800000130101FC38
:1039D0002324C1022326D1022328E102232AF10253
:1039E000232C0103232E1103138605008325850054
:1039F00093068102232E11002326D100EF10006DC3
:103A00008320C101130101046780000003A301C7E3
:103A1000130101FC2324C1022326D1022322B10277
:103A20002328E102232AF102232C0103232E110370
:103A30008325830093064102130605001305030046
:103A4000232E11002326D100EF1040688320C101EE
:103A50001301010467800000130101FC232C810283
:103A60001304050013850500232A9102232E110259
:103A700093840500EF00C07FB71702809387C7D6F5
:103A80002324F102930710002326F10203274403A5
:103A90009307010293061500232AF10093072000E3
:103AA000232091022322A102232ED100232CF100F6
:103AB00083258400630007068397C50013972701B9
:103AC0006342070203A74506B7E6FFFF9386F6FFAA
:103AD00037260000B3E7C7003377D7002396F500F9
:103AE00023A2E5061306410113050400EF40103040
:103AF0008320C10303248103133515003305A0403F
:103B00001375B500832441031305F5FF1301010468
:103B100067800000130504002326B100EFF01FDAD0
:103B20008325C1006FF05FF99305050003A501C768
:103B30006FF09FF2130101FF23248100138405001D
:103B40008395E50023261100EF00002E6340050257
:103B5000832704058320C100B387A7002328F4042A
:103B60000324810013010101678000008357C40012
:103B700037F7FFFF1307F7FFB3F7E7008320C10014
:103B80002316F40003248100130101016780000063
:103B900013050000678000008397C500130101FE34
:103BA000232C8100232A910023282101232631017F
:103BB000232E110013F7071013840500930405004A
:103BC00013090600938906006310070437F7FFFF07
:103BD0001307F7FFB3F7E7008315E4002316F4009B
:103BE000032481018320C101938609001306090083
:103BF0008329C100032901011385040083244101A5
:103C0000130101026F00C0288395E5009306200090
:103C100013060000EF00C01A8317C4006FF01FFBEB
:103C2000130101FF23248100138405008395E5001F
:103C300023261100EF00C0189307F0FF6308F50278
:103C40008357C400371700008320C100B3E7E700A3
:103C50009397070193D707412328A4042316F40060
:103C60000324810013010101678000008357C40011
:103C700037F7FFFF1307F7FFB3F7E7009397070145
:103C800093D707418320C1002316F4000324810049
:103C900013010101678000008395E5006F0040007B
:103CA000130101FF23248100232291001304050046
:103CB000138505002326110023A401C8EFC04FFB84
:103CC0009307F0FF630CF5008320C10003248100FB
:103CD00083244100130101016780000083A781C88C
:103CE000E38407FE8320C1002320F4000324810025
:103CF00083244100130101016780000083A701C7ED
:103D0000638EA70A83254504130101FE232A91002F
:103D1000232E110093040500638C05042328210140
:103D200023263101232C8100130900009309000888
:103D3000B387250103A40700630E04009305040064
:103D40000324040013850400EF00100CE31804FEA4
:103D500083A5440413094900E31C39FD13850400BD
:103D6000EF00900A03248101032901018329C10086
:103D700083A584036386050013850400EF00D00843
:103D800083A5C4046386050013850400EF00D007F3
:103D900083A74403638C07008320C10113850400BB
:103DA0008324410113010102678007008320C101C0
:103DB0008324410113010102678000006780000035
:103DC000130101FF138705002324810023229100A2
:103DD000930506001304050013860600130507006B
:103DE0002326110023A401C8EFC04FF59307F0FF6D
:103DF000630CF5008320C10003248100832441006B
:103E0000130101016780000083A781C8E38407FED6
:103E10008320C1002320F400032481008324410077
:103E20001301010167800000130101FF13870500E2
:103E3000232481002322910093050600130405002A
:103E400013860600130507002326110023A401C8CA
:103E5000EFC0CFF19307F0FF630CF5008320C100A2
:103E600003248100832441001301010167800000C5
:103E700083A781C8E38407FE8320C1002320F400C8
:103E800003248100832441001301010167800000A5
:103E9000130101FF138705002324810023229100D1
:103EA000930506001304050013860600130507009A
:103EB0002326110023A401C8EFC0CFF09307F0FF21
:103EC000630CF5008320C10003248100832441009A
:103ED000130101016780000083A781C8E38407FE06
:103EE0008320C1002320F4000324810083244100A7
:103EF0001301010167800000130101FF23248100E9
:103F0000B717028037140280232021019387075DB1
:103F10001307045D23261100232291003389E74013
:103F20006382E702135929401304045D93040000DF
:103F3000832704009384140013044400E7800700DF
:103F4000E3E824FF37140280B71702809387075DE8
:103F50001307045D3389E740135929406380E70262
:103F60001304045D93040000832704009384140069
:103F700013044400E7800700E3E824FF8320C10026
:103F8000032481008324410003290100130101015E
:103F900067800000130101FF23248100B71702800E
:103FA000371402809387075D1304045D3304F440E3
:103FB000232291002326110093542440638004029D
:103FC0001304C4FF3304F400832704009384F4FF34
:103FD0001304C4FFE7800700E39804FE8320C100B8
:103FE0000324810083244100130101016780000044
:103FF0001303F00013070500637EC3029377F700F5
:104000006390070A63920508937606FF1376F6001D
:10401000B386E6002320B7002322B7002324B7008D
:104020002326B70013070701E366D7FE63140600D3
:1040300067800000B306C3409396260097020000F5
:10404000B38656006780C6002307B700A306B700F3
:104050002306B700A305B7002305B700A304B700E4
:104060002304B700A303B7002303B700A302B700DC
:104070002302B700A301B7002301B700A300B700D4
:104080002300B7006780000093F5F50F9396850035
:10409000B3E5D50093960501B3E5D5006FF0DFF6E3
:1040A0009396270097020000B38656009382000083
:1040B000E78006FA93800200938707FF3307F740F3
:1040C0003306F600E378C3F66FF0DFF3B3C7A5005D
:1040D00093F73700B308C5006394070693073000D1
:1040E00063F0C7069377350013070500639A070648
:1040F00013F6C8FFB306E6409307000263CED70865
:1041000093860500930707006378C70203A806009B
:10411000938747009386460023AE07FFE3E8C7FE78
:104120009307F6FFB387E74093F7C7FF93874700EE
:104130003307F700B385F500636817016780000057
:10414000130705006378150583C7050013071700DB
:1041500093851500A30FF7FEE398E8FE6780000043
:1041600083C605001307170093773700A30FD7FE08
:1041700093851500E38E07F683C605001307170025
:1041800093773700A30FD7FE93851500E39A07FCBA
:104190006FF01FF667800000130101FF23268100E6
:1041A0001304000283A3050083A2450083AF8500AA
:1041B00003AFC50083AE050103AE450103A385012E
:1041C00003A8C50183A6050213074702B307E6400B
:1041D000232E77FC232057FE2322F7FF2324E7FF1B
:1041E0002326D7FF2328C7FF232A67FE232C07FF98
:1041F000232ED7FE93854502E346F4FA9386050005
:10420000930707006378C70203A806009387470057
:104210009386460023AE07FFE3E8C7FE9307F6FF49
:10422000B387E74093F7C7FF938747003307F7004B
:10423000B385F500636817010324C1001301010170
:104240006780000083C705001307170093851500DA
:10425000A30FF7FEE382E8FE83C7050013071700EC
:1042600093851500A30FF7FEE39EE8FC6FF0DFFCDB
:104270009377350013070500639C0704B7867F7F9B
:104280009386F6F79305F0FF032607001307470010
:10429000B377D600B387D700B3E7C700B3E7D7003B
:1042A000E384B7FE8346C7FFB307A74063840604D1
:1042B0008346D7FF638C06020345E7FF3335A00032
:1042C0003305F5001305E5FF67800000E38806FA73
:1042D000834707001307170093763700E39807FE1C
:1042E0003307A7401305F7FF678000001385D7FF4A
:1042F000678000001385C7FF6780000083A7C1C8DF
:10430000638C070403A747001308F0016340E80823
:104310001318270063060502338307012324C3080B
:1043200083A88718130610003316E600B3E8C80008
:1043300023A417192324D310930620006306D50263
:104340001307170023A2E700B387070123A4B700D0
:1043500013050000678000001388816423A601C94B
:10436000938781646FF01FFA83A6C718130717009D
:1043700023A2E700B3E6C60023A6D718B387070138
:1043800023A4B70013050000678000001305F0FFA9
:1043900067800000130101FD232C4101232021032C
:1043A00003A9C1C8232611026308090A232E31017B
:1043B000232A51012328610123267101232481022C
:1043C0002322910223248101130B0500938B050006
:1043D0009309F0FF930A1000832449001384F4FF2B
:1043E000634E040493942400B304990063900B0873
:1043F0008327490083A644009387F7FF638C870ACD
:1044000023A20400638606028327891833978A0053
:10441000032C4900B377F70063960706E780060090
:104420000327490083A7C1C863108709639E270734
:104430001304F4FF9384C4FFE31A34FB03248102C2
:10444000832441028329C101832A4101032B0101F5
:10445000832BC100032C81008320C10203290102A8
:10446000032A8101130101036780000083A7441020
:10447000E38077F91304F4FF9384C4FFE31834FF57
:104480006FF0DFFB8327C91883A544083377F70053
:104490006316070213050B00E78006000327490097
:1044A00083A7C1C8E30487F9E38A07F813890700E3
:1044B0006FF09FF2232289006FF0DFF4138505006F
:1044C000E78006006FF0DFF5130101FE23263101BE
:1044D000B7290280232C8100232A9100232821015F
:1044E00023244101232E1100138A0500130905001E
:1044F00093898997EF00103D03A78900B717000043
:104500009387F7FE832447003717000093F4C4FF16
:104510003384F400330444411354C4001304F4FFFF
:104520001314C400634EE400930500001305090052
:10453000EF40D02883A78900B38797006308F5026E
:1045400013050900EF0050388320C10103248101C5
:1045500083244101032901018329C100032A810029
:10456000130500001301010267800000B3058040BD
:1045700013050900EF4090249307F0FF630AF50448
:10458000B73702809387C7AA03A7070083A68900CD
:10459000B384844093E41400330787401305090073
:1045A00023A2960023A0E700EF0010328320C10170
:1045B0000324810183244101032901018329C100CE
:1045C000032A810013051000130101026780000017
:1045D0009305000013050900EF40501E03A7890052
:1045E0009306F000B307E540E3DCF6F483A641C789
:1045F00093E717002322F7003305D540B736028032
:1046000023A6A6AA6FF0DFF363820518130101FF4A
:1046100023248100232291001384050093040500C4
:1046200023261100EF00102A0325C4FF130784FF7F
:10463000B72502809377E5FF3306F70093858597CA
:104640008326460003A8850093F6C6FF6302C81AB6
:104650002322D600137515003308D6006310050A0F
:10466000032384FF0328480037250280330767406F
:104670008328870013050598B3876700137818000F
:104680006382A8140323C70023A668002324130110
:104690006306081A93E617002322D7002320F600AA
:1046A0009306F01F63ECF60693F687FF9386860069
:1046B00003A54500B386D50003A6060013D857000E
:1046C00093071000B3970701B3E7A700138586FF90
:1046D0002326A7002324C70023A2F50023A0E60079
:1046E0002326E600032481008320C10013850400F3
:1046F00083244100130101016F00101D03254800B0
:10470000137515006306050893E61700232ED4FEE3
:104710002320F6009306F01FE3F8F6F893D69700EF
:10472000130640006360D61293D667001385960384
:1047300013868603131535003385A50083260500EF
:10474000130585FF6318D5006F00401583A686000A
:104750006308D50003A646001376C6FFE3E8C7FE4C
:1047600003A5C6002326A7002324D7000324810025
:104770002324E5008320C100138504008324410025
:1047800023A6E600130101016F00101467800000EA
:1047900037250280B387D700130505988326860046
:1047A000638CA60C0328C60013E517003306F70038
:1047B00023A606012324D8002322A7002320F600E5
:1047C0006FF01FEE631C0812832586000326C600C7
:1047D000B386F60093E7160023A6C5002324B6008F
:1047E0002322F7003307D7002320D7006FF09FEF75
:1047F00013751500B386D70063100502032584FFE7
:104800003307A7408327C70003268700B386A60087
:104810002326F60023A4C70013E6160083A781C74A
:104820002322C70023A4E500E3EEF6EA83A581C9AD
:1048300013850400EFF05FC96FF0DFEAB387D7009C
:104840006FF0DFF5130640016370D60213064005D2
:104850006364D60693D6C7001385F6061386E6066C
:10486000131535006FF05FED1385C6051386B60589
:10487000131535006FF05FEC23AAE50023A8E500CF
:1048800093E617002326A7002324A7002322D7009E
:104890003307F7002320F7006FF0DFE403A845009B
:1048A0001356264093071000B397C700B3E70701DC
:1048B00023A2F5006FF01FEB13064015636CD600C2
:1048C00093D6F700138586071386760713153500F0
:1048D0006FF09FE613064055636CD60093D6270110
:1048E0001385D6071386C607131535006FF0DFE46E
:1048F0001305803F1306E0076FF01FE493E61700EF
:104900002322D7002320F6006FF0DFDD130101FD25
:10491000232E310123261102232481022322910216
:10492000232021039387B500130760019309050035
:104930006362F7089307000163E4B720EF00807813
:10494000930780019305200093040001372902801A
:1049500013098997B307F90003A44700138787FF5A
:104960006302E434832744008326C40003268400C2
:1049700093F7C7FFB307F40003A747002326D60029
:1049800023A4C600136717001385090023A2E700BC
:10499000EF008073130584008320C1020324810289
:1049A00083244102032901028329C1011301010368
:1049B0006780000093F487FF63C4071863E2B418AC
:1049C000EF0040709307701F63F8973E93D79400F1
:1049D0006380071813074000636EF73293D76400B3
:1049E0009385970313888703139635003729028030
:1049F000130989973306C90003244600130686FF6E
:104A0000630886021305F0006F0040018326C4008E
:104A100063560728630ED6001384060083274400DC
:104A200093F7C7FF33879740E352E5FE93050800ED
:104A30000324090193088900630E14258327440089
:104A40009306F00093F7C7FF3387974063CCE636B1
:104A5000232A190123281901635007341307F01F73
:104A6000032549006368F72413F787FF13078700BE
:104A70003307E9008326070013D657009307100079
:104A8000B397C7003365F500930787FF2326F4002B
:104A90002324D4002322A9002320870023A68600F4
:104AA00093D72540130610003316F600636AC50A33
:104AB000B377A600639407021316160093F5C5FF9B
:104AC000B377A60093854500639A07001316160076
:104AD000B377A60093854500E38A07FE1308F0002C
:104AE0001393350033036900130503008327C500C2
:104AF000138E05006302F52403A747001384070003
:104B000083A7C7001377C7FFB30697406342D82433
:104B1000E3C206FE3307E400832647000326840031
:104B20001385090093E616002322D7002326F600FA
:104B300023A4C700EF004059130584006FF0DFE5A0
:104B40009307C00023A0F900130500006FF0DFE415
:104B500013060020930500041308F0036FF01FE90B
:104B600003248900232861018327440013FBC7FF26
:104B700063689B0033079B409307F00063CAE70C10
:104B800023229101232A510103A741C783AA81C986
:104B9000232C4101232671019307F0FF330A64019E
:104BA000B38A54016306F73CB71700009387F700F8
:104BB000B38AFA00B7F7FFFFB3FAFA0093850A0049
:104BC00013850900EF40803F9307F0FF930B05002A
:104BD000630AF54423248101636E4523138C817D90
:104BE00083250C00B385BA002320BC001387050081
:104BF0006316AA2A931745016392072A832B89001B
:104C0000B3075B0193E7170023A2FB0083A641C90A
:104C100063F4B60023AAB1C883A601C963F4B60041
:104C200023A8B1C8032C810013840B0093F7C7FF9E
:104C30003387974063EA97389307F00063D6E738E5
:104C4000032A8101832A4101832BC100832C410067
:104C500093E714002322F400B30494002324990062
:104C6000136717001385090023A2E400EF00C04575
:104C70008320C1021305840003248102032B010158
:104C800083244102032901028329C1011301010385
:104C900067800000032549006FF09FE00326840031
:104CA0006FF05FCD03A4C70093852500E38287D80A
:104CB0006FF05FCB13D797009306400063F2E614C2
:104CC0009306400163E4E6321306C7059306B70571
:104CD000131636003306C90003270600130686FFA5
:104CE0006318E6006F004029032787006308E60089
:104CF0008326470093F6C6FFE3E8D7FE0326C700E6
:104D00002326C4002324E4002324860023268700CE
:104D10006FF01FD9130740016378F71013074005A0
:104D20006364F72E93D7C4009385F7061388E706CC
:104D3000139635006FF09FCB130E1E0093773E0045
:104D400013058500638007108327C5006FF09FDA85
:104D50000326840093E514002322B4002326F600E2
:104D600023A4C700B3049400232A990023289900A0
:104D700093E7160023A6140123A4140123A2F40030
:104D80003307E400138509002320D700EF00C03368
:104D9000130584006FF05FC0B307F40003A747005A
:104DA000138509001367170023A2E700EF00C03145
:104DB000130584006FF05FBE93D5340093878400A1
:104DC0006FF0DFB893E614002322D400B3049400FC
:104DD000232A9900232899009366170023A614011B
:104DE00023A4140123A2D400B307F40013850900FF
:104DF00023A0E700EF00402D130584006FF0DFB91A
:104E000013D767001306970393068703131636001C
:104E10006FF05FEC630C240703248900032C8100EE
:104E2000832744006FF09FE09385C7051388B7057B
:104E3000139635006FF09FBB832783009385F5FFA2
:104E4000639E672693F73500130383FFE39607FEFF
:104E5000032749009347F6FFB3F7E7002322F90041
:104E600013161600E3EEC7CEE30C06CE3377F6003A
:104E7000631A0700131616003377F600130E4E0060
:104E8000E30A07FE93050E006FF09FC5138C817D2A
:104E900003270C003387EA002320EC0083A641C7D8
:104EA0009307F0FF6386F618B3874B41B387E7009B
:104EB0002320FC0093FC7B00638C0C0CB38B9B4188
:104EC000B717000093878700938B8B00B3859741BA
:104ED000B38A5B01B38555419395450113DA4501CA
:104EE00093050A0013850900EF40400D9307F0FF7A
:104EF0006300F51833057541B30A450103270C001B
:104F00002324790193E71A00B305EA002320BC00AB
:104F100023A2FB00E30C24CF9306F00063F0660BA2
:104F20000327440093074BFF93F787FF137717007E
:104F30003367F7002322E400130650003307F40020
:104F40002322C7002324C70063E6F60083A74B0093
:104F50006FF0DFCB9305840013850900EFF0CFEAF3
:104F6000832B890083250C0083A74B006FF01FCA99
:104F7000938A0A016FF09FC493D6264093071000CE
:104F8000B397D7003365F5002322A9006FF05FD7F0
:104F9000B3855B01B305B0409395450113DA450134
:104FA00093050A0013850900EF4040019307F0FFC5
:104FB000E312F5F4130A00006FF05FF4032C810094
:104FC0009307100023A2FB0013850900EF00C00F18
:104FD00013050000032A8101832A4101032B0101EB
:104FE000832BC100832C41006FF01F9B930640056B
:104FF00063E4E60413D7C7001306F7069306E70633
:10500000131636006FF01FCD130740156364F704C5
:1050100093D7F40093858707138877071396350095
:105020006FF0DF9C03248900832744006FF01FC0CA
:1050300023AA71C76FF01FE89306401563E4E604E6
:1050400013D7F70013068707930677071316360062
:105050006FF05FC8130740556364F70493D72401CA
:105060009385D7071388C707139635006FF01F98ED
:10507000938C8CFFB38A9A01B38A7A41130A000099
:105080006FF0DFE79306405563E4E60213D727018C
:105090001306D7079306C707131636006FF09FC392
:1050A0001306803F9305F0071308E0076FF01F9485
:1050B0001306803F9306E0076FF0DFC183274900A6
:1050C0006FF01FDA6780000067800000130101EDB8
:1050D0002326111223229112232A51112326711102
:1050E000938A0500930406002324D100930B050046
:1050F000EF30D06B83270500138507002322F102D0
:10510000EFF00F972320A10263880B0083A74B03C6
:10511000639407006F1040738397CA0013972701A9
:105120006346070203A74A0637260000B7E6FFFFDB
:10513000B3E7C7009386F6FF9397070193D707411C
:105140003377D7002396FA0023A2EA0613F78700E5
:105150006302072E03A70A01630E072C93F7A7012A
:105160001307A000638AE72EB71702802328611176
:1051700023248111130B010B9387C7F3371C028083
:1051800023248112232C4111232EB10F232021131C
:10519000232E3111232291112320A111232E6107E7
:1051A0002322010823200108232A0100232C0100C7
:1051B000232E010013040B002324010223280102E3
:1051C000232201002326F100130A0001130C0C0B0B
:1051D00023207101938D040083C70D00638C071E8B
:1051E00093840D00130750026386E72A83C71400D7
:1051F00093841400E39A07FE3389B441638CB41D91
:1052000003274108832701082320B401330727011E
:1052100093871700232224012322E1082320F10889
:105220001307700013048400634EF7260327410020
:1052300083C70400330727012322E100638C07188A
:1052400093841400A30F01049309F0FF930B000053
:10525000130900009306800503CD0400938D14000C
:1052600093070DFE63E6F6040327C100939727001A
:10527000B387E70083A7070067800700930B000050
:1052800093070DFD1306900003CD0D0013972B001F
:10529000B30B7701939B1B00B38B770193070DFD35
:1052A000938D1D00E372F6FE93070DFEE3FEF6FA02
:1052B00063020D122304A109A30F010413071000B8
:1052C00093041000930C8108130F09009309000048
:1052D00023280100930F000093724F08032941080F
:1052E00063960200B387EB40E342F0448347F10545
:1052F000638A0702832701089306F1052320D4005F
:105300001309190093061000938717002322D40075
:10531000232221092320F10893067000130484003E
:1053200063C0F61A638A0F028327010893060106F9
:105330002320D40013092900930620009387170027
:105340002322D400232221092320F1089306700090
:1053500013048400E3CEF64E93070008E38AF208B4
:10536000B3899940E34E301993770F106394077413
:10537000832701083309990023209401938717009C
:1053800023229400232221092320F1089306700090
:1053900063CCF62013048400137F4F0063060F00D4
:1053A000B384EB40E342904E13830B0063D4EB00D5
:1053B0001303070083274100B38767002322F1000E
:1053C000E31A092283C70D002320010813040B00F0
:1053D000E39807E083274108832B010063840700DB
:1053E0006F10407583D7CA0003248112032901126C
:1053F00093F707048329C111032A8111032B01119B
:10540000032C8110832C4110032D0110832DC10F1B
:10541000638407006F10901D8320C1120325410093
:1054200083244112832A4111832BC11013010113DC
:105430006780000093850A0013850B00EF30006C35
:10544000630405006F10901A8397CA001307A00029
:1054500093F7A701E39AE7D08397EA00E3C607D062
:10546000832681008320C1121386040093850A00DD
:1054700083244112832A411113850B00832BC11011
:10548000130101136F1010381369090193840D0083
:105490006FF09FDC3389B441E394B4D783C7040031
:1054A0006FF0DFD9032501001306C10793850A00B9
:1054B000EF105054E31805F213040B006FF01FD7E0
:1054C000032501001306C10793850A00232EE1027C
:1054D000232CE103232A51022326F103EF109051DC
:1054E000E31205F0032941080327C103032F8103B9
:1054F00083224103832FC10213040B006FF09FE24C
:1055000083270108B7160280938686F32320D400F0
:105510001309190093061000938717002322D40063
:10552000232221092320F10893067000130484002C
:1055300063D4F6006F108010630406006F1080457E
:105540008326410193771F00B3E7D700E38607E482
:1055500083274102832601022320F40083270108C8
:10556000B38526012322D400938717002322B10894
:105570002320F1089306700063D4F6006F10806456
:10558000130484008326410193871700232094018C
:105590003389B6002322D400232221092320F108D5
:1055A00093067000E3D8F6DE032501001306C10759
:1055B00093850A002326E1022328E101EF1090439E
:1055C000E31205E203294108032F01010327C10269
:1055D00013040B006FF05FDC93778900E39C076096
:1055E000832781009387770093F787FF03A707003E
:1055F00093878700232CE10003A7C7FF2324F10032
:10560000232EE100832CC10103A7C1C183268101A0
:1056100083A701C293941C0093D414001385060041
:10562000938504001306070093860700EF90504C03
:10563000630405006F1000048326810103A7C1C124
:1056400083A701C213850600938504001306070093
:1056500093860700EF80503B6344A0006F108001E9
:105660000327810193850C00130600001305070032
:1056700093060000EF805039635405006F104043DB
:105680008346F1059307700463D4A7016F1080412E
:10569000B71C0280938C8CEF23280100137FF9F74D
:1056A0001307300093043000930900006384060060
:1056B00013071700937F2F00E3800FC21307270003
:1056C000930F20006FF05FC183268100937709015B
:1056D00003A70600938646002324D1006392071295
:1056E0009376090493070700E390064E634E071074
:1056F0008346F10563C40904137FF9F7631E0702AB
:1057000013071000639E0920E314073C93741900EB
:10571000930C0B006382040493070003A307F10AB0
:10572000930CF10A1387040063CC3403232801008F
:10573000E39006F86FF01FF813090F0013079000AD
:10574000E364F76C93870703A307F10A130F0900BB
:1057500093041000930CF10A13870400E3D834FD7E
:1057600013870900232801006FF09FFC8327810025
:1057700083AB0700938747002324F100E3D80BD0C5
:10578000B30B70411369490093840D006FF0DFACD7
:1057900003CD0D009307A002938D1D006314FD003F
:1057A0006F10807D93070DFD930590001307000097
:1057B0001306900093090000E3E4F5AA03CD0D0061
:1057C00093192700B389E900939919003387F900E9
:1057D00093070DFD938D1D00E372F6FE93090700FC
:1057E000E35007A89309F0FF6FF09FA7832781007C
:1057F0001369090103A70700938747002324F100D9
:1058000093070700E35607EEB307E0409306D00284
:10581000130710006F00000A1369090893840D0034
:105820006FF09FA31369090493840D006FF0DFA24A
:1058300003278100A30F01049304100083270700AE
:10584000130747002324E1002304F1081307100085
:10585000930C81086FF05FA79307B002A30FF104C8
:1058600093840D006FF05F9F1369190093840D00FE
:105870006FF09F9E8347F105E39A07C093070002EC
:10588000A30FF10493840D006FF01F9D136989002D
:1058900093840D006FF05F9C032781001369090159
:1058A00083270700130747002324E1001307100094
:1058B00093060000A30FD10463C80900137FF9F712
:1058C000E38207E413090F0013061000E308C7E69C
:1058D000130620006306C706930C0B0013F777002E
:1058E00013070703A38FECFE93D7370013860C0032
:1058F000938CFCFFE39407FE9377190063840706FB
:10590000930700036300F7061306E6FFA38FFCFE70
:10591000B304CB40130F0900930C06006FF0DFE3D4
:10592000930710006314F7006F10C03F9307200027
:1059300013090F006304F7006F10002193070000A4
:1059400003268102930C0B0013F7F7003307E600E0
:105950000347070093D74700938CFCFF2380EC009C
:10596000E39407FEB3049B41130F09006FF0DFDEE1
:1059700003278100136909018327070013074700E4
:105980002324E100130700006FF09FF283268100BB
:105990001377090183A70600938646002324D100CC
:1059A000E31607F013770904E30207F09397070162
:1059B00093D70701130710006FF09FEF8327810033
:1059C000A30F010483AC070013884700E3800C3267
:1059D0002324010163D409006F10400713860900D6
:1059E0009305000013850C00EF30003F0328810071
:1059F000631405006F10803AB30495418346F105A6
:105A000013C7F4FF1357F741232401012328010092
:105A100033F7E400130F090093090000E39A06C866
:105A20006FF05FC983268100378700001307078363
:105A30002310E106138746002324E1003717028074
:105A40001307C7F12324E10283A706001369290085
:105A500013072000130D80076FF09FE58326810058
:105A60001377090183A70600938646002324D100FB
:105A7000E31A07F013770904E30607F09397070189
:105A800093D70701130700006FF09FE29377090196
:105A9000E3840714832781000327410083A70700BD
:105AA00023A0E70083278100938747002324F10088
:105AB0006FF08FF29307500663DAA73583268101D2
:105AC0008327C10113060000138506009385070094
:105AD00093060000232AE1022326E103EF80005A07
:105AE000032FC102032741036316056683270108BC
:105AF000B7160280938686F32320D4001309190079
:105B000093061000938717002322D4002322210933
:105B10002320F1089306700013048400E3C0F64CC0
:105B20008327410683264101E3D8D7088327410212
:105B30008326010213048400232CF4FE832701082A
:105B40003309D900232ED4FE93871700232221097D
:105B50002320F10893067000E3CCF60E8327410161
:105B60009384F7FFE35A908293060001832701088C
:105B700063C496006F10003DB71602809386060B33
:105B80002326E102032D01001307040093090001FD
:105B900013840400930C70002328E1019384060011
:105BA0006F00C000130404FFE3D6894A13090901FA
:105BB00093871700232097002322370123222109EE
:105BC0002320F10813078700E3DEFCFC1306C1075E
:105BD00093850A0013050D00EF10C061E3140580E2
:105BE000032941088327010813070B006FF09FFB6F
:105BF000B387EB406356F0F69306000103260108D5
:105C000063C4F6006F10C01DB71602809386060BA2
:105C1000232A910293050900930800011309070044
:105C2000930F7000130704002326E1031384070079
:105C3000938406006F00C000130404FF63DA880435
:105C400093850501130616002320970023221701D0
:105C50002322B1082320C10813078700E3DECFFC0D
:105C6000032501001306C10793850A00EF10805831
:105C7000631A05F693080001130404FF8325410805
:105C80000326010813070B00930F7000E3CA88FA7C
:105C900093860400032FC102832441039307040069
:105CA0001304070013070900138905003309F900DD
:105CB000130616002322F4002320D40023222109F6
:105CC0002320C108930770001304840063DAC7E837
:105CD000032501001306C10793850A00232AE10268
:105CE0002326E103EF100051631E05EE032941084E
:105CF00003274103032FC10213040B006FF04FE68B
:105D0000B7160280832701089386060B635A3A0967
:105D10009306090093087000130907002326E10386
:105D2000130704001384090093090C006F00C000DE
:105D3000130404FF63588A049386060193871700AF
:105D400023208701232247012322D1082320F108A1
:105D500013078700E3DEF8FC032501001306C107E3
:105D600093850A00EF100049631E05E6130404FF43
:105D7000832641088327010813070B00930870004E
:105D8000E34C8AFA032FC102138609009309040029
:105D90001304070013070900138906009306060081
:105DA00033093901938717002320D40023223401BB
:105DB000232221092320F108930670001304840094
:105DC00063D4F6DA032501001306C10793850A00A0
:105DD000232AE1022326E103EF10C041631405E00A
:105DE0000329410803274103032FC10213040B00B9
:105DF0006FF08FD7032501001306C10793850A00B2
:105E0000EF10403F630005DC6FF0CFDD8324010815
:105E100083264101930710002320940113091900E0
:105E2000938414009309840063DAD74A930710001F
:105E30002322F400232221092320910893077000D4
:105E400063CC977483270102832641029384140054
:105E50003309F90023A2F90023A0D9002322210944
:105E600023209108930770009389890063C2977675
:105E70008327C10183268101130600009385070053
:105E80008327410113850600930600002326E102C3
:105E90002328E1011384F7FFEF80401E032F010147
:105EA0000327C10263040548938C1C0093841400EB
:105EB0003309890023A0990123A289002322210903
:105EC000232091089307700093898900E3C29714F7
:105ED000832601039307C1069384140033892601A6
:105EE00023A0F90023A2D90023222109232091080D
:105EF000930770001384890063D097CA03250100BB
:105F00001306C10793850A002326E1022328E10135
:105F1000EF10402E631805CC032941080327C10266
:105F2000032F010113040B006FF00FC7930600014C
:105F300003260108E3D6F668B71602809386060AA0
:105F4000232E91029305090093080001130907000D
:105F500093037000130704002326F103232A510240
:105F6000232CE10313840700938406006F00C00014
:105F7000130404FF63DA88049385050113061600F1
:105F800023209700232217012322B1082320C108D0
:105F900013078700E3DEC3FC032501001306C107D6
:105FA00093850A00EF100025631E05C293080001C7
:105FB000130404FF832541080326010813070B007F
:105FC00093037000E3CA88FA93860400832FC1020A
:105FD00083224103032F81038324C1039307040019
:105FE0001304070013070900138905003309F9009A
:105FF000130616002322F4002320D40023222109B3
:106000002320C108930770001304840063D0C7AE37
:10601000032501001306C10793850A00232EE10220
:10602000232CE103232A51022326F103EF10801CC5
:10603000631A05BA032941080327C103032F81030B
:1060400083224103832FC10213040B006FF00FAAB8
:10605000032501001306C10793850A00232CE102E2
:10606000232AE10323265102EF10C018631C05B652
:106070000329410803278103032F41038322C1021F
:1060800013040B006FF04FAD930600018327010846
:10609000E3D29654B71602809386060A138D040045
:1060A00093090001930C70002328E10093840600FB
:1060B0006F00C000130D0DFF63D6A9051309090178
:1060C00093871700232094002322340123222109DF
:1060D0002320F10813048400E3DEFCFC0325010007
:1060E0001306C10793850A00EF10C010631C05AEAC
:1060F000130D0DFF032941088327010813040B002A
:10610000E3CEA9FB032701019386040093040D004D
:1061100033099900938717002320D4002322940089
:10612000232221092320F1089306700063DEF6A6DE
:10613000032501001306C10793850A002328E10007
:10614000EF10400B631005AA032941080327010142
:106150006FF08FA5032641066354C0BA832741011F
:10616000832601019389070063C8F62C6356300328
:1061700083270108330939012320940193871700ED
:1061800023223401232221092320F10893067000E1
:1061900013048400E3CEF61A93C7F9FF93D7F741AF
:1061A000B3F9F90083270101B389374163403037E0
:1061B000832641068327410163D6F62883274102BF
:1061C0000326010213048400232CF4FE8327010814
:1061D0003309C900232EC4FE938717002322210907
:1061E0002320F10813067000E342F63083274101B3
:1061F00003260101B386D740B389C74063D4360173
:1062000093890600635A300383270101032601089E
:1062100033093901B38CFC001306160023209401C6
:1062200023223401232221092320C108930770006F
:1062300013048400E3C0C73213C6F9FF1356F641B6
:10624000B3F7C900B384F6406358909493060001F5
:1062500083270108E3D8964EB71602809386060B73
:106260002326E102032D0100130704009309000116
:1062700013840400930C70002328E101938406002A
:106280006F00C000130404FF63D6895C1309090181
:106290009387170023209700232237012322210907
:1062A0002320F10813078700E3DEFCFC1306C10777
:1062B00093850A0013050D00EF00D0736314059257
:1062C000032941088327010813070B006FF09FFB88
:1062D00093040000930C0B006FF00FC893761F001F
:1062E000E39606B42322F4002322210923209108F7
:1062F00093077000E3DE97BC032501001306C10776
:1063000093850A002326E1022328E101EF00906E25
:10631000631A058C03294108832401080327C1025D
:10632000032F010193090B006FF09FBA83264101EF
:1063300093071000E3DED7B893071001E3DED73EE2
:10634000B71602809386060B93870900930C000111
:1063500093090700130D7000130709002328E101BA
:10636000138906006F00C000130404FF63DA8C7009
:10637000130707019384140023A0270123A2970188
:106380002322E1082320910893878700E35E9DFC88
:10639000032501001306C10793850A00EF009065ED
:1063A000630405006FF00F8403274108832401086C
:1063B00093070B006FF05FFB93771F006394070058
:1063C0006FE09FFD6FF08FF613170701135707411A
:1063D000930707006FF00FC3937F0904638C0FEAE4
:1063E000832781000327410083A707002390E7004C
:1063F0006FF04FEB0327810013050104832707008B
:106400009304470003A707002320E10403A74700E4
:106410002322E10403A787002324E10483A7C70004
:106420002326F104EF900012232CA100232EB100AB
:10643000232491006FF00F9D93890600E34A30D327
:106440006FF09FD593771F00E38207DA6FF01FD7B5
:10645000032501001306C10793850A002326E102E4
:106460002328E101EF001059630405006FE09FF756
:10647000032941080327C102032F010113040B0064
:106480006FF0CFEDB7170280938787F02324F102D6
:10649000832681001377090183A7060093864600AF
:1064A0002324D100631A0700137709046306070049
:1064B0009397070193D707019376190013072000DC
:1064C000638806BE638607BE930600032300D106D9
:1064D000A300A107136929006FF08FBDB7170280D1
:1064E0009387C7F12324F1026FF09FFA93076000AE
:1064F0009384090063E83769B71C0280138704009E
:1065000023240101938C0CF36FE01FDC9306000140
:1065100083270108E3DC3625B716028093050700C0
:106520009386060B13070400130609001384090061
:10653000130D0001930470002326E1031389060064
:10654000938905006F00C000130404FF635A8D5641
:106550001306060193871700232027012322A70192
:106560002322C1082320F10813078700E3DEF4FC8F
:10657000032501001306C10793850A00EF00904729
:10658000630405006FE01FE6032641088327010826
:1065900013070B006FF05FFB032501001306C10713
:1065A00093850A002326E1022328E101EF009044AD
:1065B000630405006FE01FE30329410883240108F9
:1065C0000327C102032F010193090B006FF09F877E
:1065D000032501001306C10793850A002326E10263
:1065E0002328E101EF001041630405006FE09FDF05
:1065F00003294108832401080327C102032F010155
:1066000093090B006FF0DF86930C0B001306A000BC
:106610001305900033F7C702938CFCFF93850700A6
:10662000130707032380EC00B3D7C702E364B5FE6A
:10663000B3049B41130F09006FF00F920325010073
:106640001306C10793850A002326E1022328E101EE
:10665000EF00503A630405006FE0DFD803264106DF
:10666000032941080327C102032F010113040B0072
:106670006FE09FEC032881018327C1011306080006
:10668000130508009386070093850700EF805046A6
:10669000E31205021377FDFD9307F0FF2326E102C5
:1066A000136F09106388F96E930770046302F7682B
:1066B0008327C101930200009384070063C0074E43
:1066C0009307600613870900930630006310FD4EA0
:1066D000032681011308810693074106130506006E
:1066E0009305050003250100930841071386040064
:1066F000232A5102232AE1012328E100EF20D05868
:106700000327010193076006032F41018322410300
:10671000930C05003308E500631CFD0083C60C00E4
:10672000930700036380F656832741063308F80079
:106730008327810193850400130600001385070059
:1067400093060000232A5102232A01012328E10194
:10675000EF70D012032F010103284101832241036E
:10676000630605428327410763FE07019306000382
:1067700013871700232AE1062380D70083274107C8
:10678000E3E807FF032741062328E100B387974189
:10679000232AF1008327C102130770046384E714DE
:1067A000930760066312FD18032701019377190010
:1067B000B3E737016356E07E639C077283240101CF
:1067C000130D600613870400638802509307D002FC
:1067D000A30FF104930900006FE09FED0325010072
:1067E0001306C10793850A002326E1022328E1014D
:1067F000EF005020630405006FE0DFBE032941086D
:106800000327C102032F010113040B006FF04FB1E6
:10681000032501001306C10793850A002326E10220
:106820002328E101EF00101D630405006FE09FBB0A
:106830000329410883240108032F01010327C10212
:1068400093090B006FF0CFE813850B00EFD00F8793
:106850006FE09F8C93860400032F010193040400D2
:10686000130407000327C102330999009387170017
:106870002320D4006FE0DFB063CC07688324C1011C
:10688000930200009309100003278101930741063A
:106890009308410713050700930505000325010030
:1068A000130881061387090093062000138604004D
:1068B000232A51002328E101EF20103D937719008E
:1068C000032F010183224101930C050063900750BF
:1068D000832741062328F10083274107B387A74078
:1068E000232AF100032701019307D0FF634CF7022D
:1068F00063CAE9028327410103270101634CF75072
:10690000937F19008327010163960F5C13C7F7FF7C
:106910001357F74133F7E70093840700130D700610
:106920006FF09FEA130DEDFF032701012306A10776
:106930009307B0029308F7FF2322110763CC0832B4
:10694000A306F1069307900063C0172D93870803F1
:1069500013070003A307F106930740002307E1068E
:106960002328F10203274101832601039307100026
:10697000B304D70063D2E74883270102232801002C
:10698000B384F40013C7F4FF1357F74133F7E4005F
:106990006FF09FE3832741028326010213048400E2
:1069A000232CF4FE83270108B3852601232ED4FE71
:1069B000938717002322B1082320F1089306700063
:1069C00063C2F620634406006FE0DFBB930600FF5E
:1069D000B304C0406356D660B71602809386060B98
:1069E0002328E10093090001130704001309700034
:1069F000130D0F00138406006F00C000938404FF82
:106A000063D4994493850501938717002320870059
:106A1000232237012322B1082320F108130787001E
:106A2000E35EF9FC032501001306C10793850A0004
:106A3000EF00407C630405006FE0DF9A8325410886
:106A40008327010813070B006FF05FFB13850C0011
:106A5000EFD01F828346F1051347F5FF1357F74127
:106A600023280100930405003377E500130F090084
:106A700093090000638406006FE09FC36FE09FC32B
:106A8000032F01019306090013090700138709006A
:106A900093890700330989009384140023A0D90047
:106AA0006FF08FC1B71C0280938CCCEF6FE0DFBE1C
:106AB0009307D002A30FF1049306D0026FE09FBCAE
:106AC000032FC1029385090093060900930904006E
:106AD0001309060013040700138705003309390161
:106AE000938717002320D400232234012322210975
:106AF0002320F108930670001304840063DAF6EA99
:106B0000032501001306C10793850A00232AE10229
:106B10002326E103EF00006E630405006FE09F8C05
:106B20000329410803274103032FC10213040B006B
:106B30006FF00FE81306C10793850A0013850B0059
:106B4000EF00406B6FE01F8A930700006FE0DFD813
:106B5000032501001306C10793850A00232AE102D9
:106B60002326E103EF000069630405006FE09F87BF
:106B70000329410803274103032FC10213040B001B
:106B80006FF08FE1930460006FF01F978327410639
:106B90002328F100930708006FF05FBFB70400805F
:106BA000B3C4F4009302D0026FF09FB10327C10277
:106BB00093075004E31AF7CC1387190093062000BB
:106BC0006FF01FB1032501001306C10793850A006A
:106BD0002326E1022328E101EF00C06163040500E0
:106BE0006FE05F8003264106832541088327010863
:106BF0000327C102032F010113040B0063440600A5
:106C00006FE05F986FF09FDC1305B10793060500F6
:106C10001306A0001308300633E7C8029387060066
:106C2000938508009386F6FF13070703A38FE7FEFB
:106C3000B3C8C802E342B8FE938808031387E7FF8E
:106C4000A38F16FF6378A7389306E1060346070073
:106C50001307170093861600A38FC6FEE318A7FE3E
:106C60001307010FB307F7409387F7F82328F102C2
:106C70006FF05FCF93071000B388E7409307D0020F
:106C80006FF01FCC8326810193850400130600005A
:106C90001385060093060000232C5102232A0103CA
:106CA000232AE1002328E101EF70403D032F010179
:106CB000032741010328410383228103631405262E
:106CC000832741063308F8002328F100B3079841D1
:106CD000232AF1006FF05FAD8346F10593090000B0
:106CE000638406006FE0DF9C6FE0DF9C03250100FA
:106CF0001306C10793850A00232AE1022326E10334
:106D0000EF00404F630405006FE0CFED832641069E
:106D10000329410803274103032FC10213040B0079
:106D20006FF0CFCC13090F00930700006FE09FA115
:106D30008327C101E38209B4938407009302000012
:106D4000E3D407B4B7040080B3C4F4009302D002C4
:106D50006FF09FB3032501001306C10793850A0056
:106D60002326E1022328E101EF00C0486304050067
:106D70006FE04FE78326410683274101032941083D
:106D80000327C102032F010113040B00B386D74070
:106D90006FF08FCA930960006FF09F918346F105F1
:106DA000232801001387090093840900130F0900A9
:106DB00093090000638406006FE09F8F6FE09F8F50
:106DC000B71602809386060A6FF04FA2330835018A
:106DD0006FF01F96B71602809386060A6FF04FB3C6
:106DE000B71602809386060B6FE05FEC9307F0FF07
:106DF0002322F1006FE04FE2937719002328F1007E
:106E0000E39C07B613C7F4FF1357F74133F7E400C9
:106E10006FF09F9B8327410103270102B384E700A2
:106E2000832701016348F000832701013388F44080
:106E30009304180013C7F4FF1357F74133F7E40026
:106E4000130D70066FF05F9893060400130407009B
:106E500003270101130F0D00B385950093871700D9
:106E60002320D400232294002322B1082320F108F8
:106E70009306700063C4F6006FE08FF003250100F5
:106E80001306C10793850A002326E1022328E101A6
:106E9000EF004036630405006FE0CFD4832541083E
:106EA000832701080327C102032F010113040B00EC
:106EB0006FE04FED8327C10163C2070A8346F105E6
:106EC0009307700463C6A709B71C0280938C0CF06B
:106ED0006FE08FFC03270102130D7006B384E700F7
:106EE00013C7F4FF1357F74133F7E4006FF0DF8D5A
:106EF000832701023388E900130D6006B304F8000C
:106F000013C7F4FF1357F74133F7E4006FF0DF8B3B
:106F1000B7040080B3C4F4009302D00293091000B8
:106F20006FF09F9693071000B387E7402322F10686
:106F30003308F8006FF0CFFFB71602809386060B78
:106F40006FF05FB5B71602809386060B6FF0DF9186
:106F5000B71C0280938C4CF06FE00FF49307D002C3
:106F6000A30FF1049306D0026FF09FF5B7160280CD
:106F70009386060B6FF09FB68327810083A90700D5
:106F80009387470063C809002324F10093840D0010
:106F90006FE08FAC9309F0FF2324F1006FF01FFF27
:106FA000639A070013071000130D60069304100086
:106FB0006FF09F8183270102130D6006138817006D
:106FC000B304380113C7F4FF1357F74133F7E40054
:106FD0006FF08FFF930720002328F1026FF09F9836
:106FE000B71602809386060B6FF01FE79307050024
:106FF00003A501C7930606001386050093850700C5
:107000006FE0CF8C130101B88397C50003D7E5006B
:10701000232C814613840500B70501009385D5FF15
:10702000032E44060323C4018328440213170701D7
:10703000B3F7B700B3E7E70013080040232AF100D5
:107040009305810093070107232A914623282147AE
:10705000232E1146130905002326C10723226102AE
:10706000232611032324F100232CF10023280101FE
:10707000232E010123200102EFE04F859304050038
:10708000635C05028357410193F707046388070097
:107090008357C40093E707042316F4008320C147F5
:1070A00003248147032901471385040083244147B2
:1070B0001301014867800000930581001305090052
:1070C000EF108044E30005FC9304F0FF6FF09FFB9A
:1070D00083A74506130101FD232861012326110220
:1070E00013972701130B06006358070E83278600AA
:1070F00023202103232E3101232A5101232671014C
:1071000013890500832B060093090500930AF0FFFD
:107110006388070A2324810223229102232C410140
:107120002324810103AC4B0003A40B00135A2C0051
:1071300063060A06930400006F00C00013044400B5
:10714000630C9A04832504001306090013850900C3
:10715000EF10103E93841400E31255FF03248102C4
:1071600083244102032901028329C101032A8101E9
:10717000832A4101832BC100032C81001305F0FFFA
:107180008320C10223240B0023220B00032B0101C7
:10719000130101036780000083278B00137CCCFF61
:1071A000B38787412324FB00938B8B00E39C07F676
:1071B0000324810283244102032A8101032C8100DC
:1071C000032901028329C101832A4101832BC100C4
:1071D000130500006FF0DFFAEF1040418320C10279
:1071E00023240B0023220B00032B010113010103B5
:1071F0006780000003278600630407006FF05FEDDF
:10720000232206001305000067800000130101F22D
:107210002326310D232C810B2326B10B232E110C99
:107220002320A10093890500930D0600138C06000E
:107230006306050083274503E38E07588397C9003B
:10724000139727016346070203A749063726000064
:10725000B7E6FFFFB3E7C7009386F6FF93970701F2
:1072600093D707413377D7002396F90023A2E90685
:1072700013F787006308071203A7090163040712C5
:1072800093F7A7011307A000638EE712B7170280D8
:107290002328210D232E710B130901069387070C58
:1072A000B71B0280232C810C232A910C2324410D2F
:1072B0002322510D2320610D232A910B2328A10B9A
:1072C00023262103232A0102232801021307090090
:1072D00023260100232201002328F10013040001CA
:1072E000938B4B2383C70D006386071093840D0097
:1072F000930650026386D72E83C71400938414002C
:10730000E39A07FE338AB4416386B40F83264103B0
:10731000832701032320B701B306DA009387170000
:1073200023224701232AD1022328F10213067000E9
:10733000130787006350F602E382062E032501003F
:107340001306C10293850900EFF09FD86318050A60
:10735000130709008326410083C70400B386460152
:107360002322D1006388070893871400A303010236
:107370009306F0FF93040000930C000013058005B2
:1073800003C60700938D1700930706FE6368F50E8A
:107390008325010193972700B387B70083A70700D0
:1073A000678007000325010093850900EF10007531
:1073B000E31E054C8397C9001307A00093F7A701AC
:1073C000E396E7EC8397E900E3C207EC03250100AD
:1073D0008320C10D93060C0013860D00032C810B36
:1073E000832DC10A938509008329C10C1301010E65
:1073F0006F00D04E83274103E39C074283D7C90027
:107400000324810D8324410D93F707040329010D03
:10741000032A810C832A410C032B010C832BC10B03
:10742000832C410B032D010BE39207468320C10DF2
:10743000032541008329C10C032C810B832DC10A34
:107440001301010E6780000093040000930706FDFE
:107450001308900003C60D0093952400B385950092
:1074600093951500B384B700930706FD938D1D0017
:10747000E372F8FE930706FEE37CF5F0E30C06F6F4
:10748000230CC102A3030102130A1000130B100006
:10749000930A810393060000130F000003260103E3
:1074A00093FF4C088327410393051600138E0500B4
:1074B00063960F00338D4441E340A003834571027E
:1074C000638A050213067102938717002320C70001
:1074D000130610002322C700232AF1022328C10328
:1074E000130670006342C67913060E001307870067
:1074F000130E1E0063000F061306810293872700F8
:107500002320C700130620002322C700232AF102EC
:107510002328C103130670006358C67BE386071057
:10752000032501001306C10293850900232AD10017
:107530002324F101EFF0DFB9E31205EC0326010388
:107540008327410383264101832F8100130709000C
:10755000130E1600930500086382BF54338D6641F5
:107560006348A063B307FB00232057012322670170
:10757000232AF1022328C1039306700063D4C65165
:1075800063880706032501001306C10293850900DD
:10759000EFF01FB4E31405E6832741031307090046
:1075A00013F34C0063060300338B4441634E6005C4
:1075B00063D4440193040A00032741003307970072
:1075C0002322E100639E07662328010213070900B6
:1075D0006FF05FD193EC0C0193870D006FF05FDAD1
:1075E000338AB441E394B4D383C704006FF09FD7C8
:1075F0002328010213F34C006300037C338B4441C6
:10760000635C607B130709009306000103260103F6
:10761000E3D86625371E0280130E4E22130D00019B
:10762000930A70006F0080019305260013078700FE
:1076300013860600130B0BFF635C6D059387070130
:10764000930616002320C7012322A701232AF10253
:107650002328D102E3DADAFC638A0742032501001A
:107660001306C102938509002324C101EFF05FA630
:10767000E31605D803260103130B0BFF83274103F1
:10768000032E81001307090093051600E3486DFBE4
:10769000B38767012320C70123226701232AF10250
:1076A0002328B10213077000E354B7F06386077014
:1076B000032501001306C10293850900EFF05FA1C5
:1076C000E31E05D2832741036FF09FEE93F70C0171
:1076D00003260C00130C4C00639A071093F50C045E
:1076E00093070600E3920500634006040345710218
:1076F00063C8060493FCFCF763140604E39A0616B9
:10770000130A0000130B0000930A0900630405002C
:10771000130A1A0013FF2C00E3020FD8130A2A00E1
:10772000130F20006FF09FD79307D002A303F1023D
:10773000B307C04063C4060093FCFCF71305D002F6
:10774000130690006364F6749387070393F7F70FAB
:10775000A30FF104138A06006344D000130A10003B
:10776000130B1000930AF105E31405FA6FF09FFA6A
:1077700083240C00130C4C00E3D004E6B3049040C7
:1077800093EC4C0093870D006FF09FBF03C60D0074
:107790009307A00293881D00E300F610930706FDEF
:1077A000930690009305000013089000E3E4F60AA6
:1077B00003C6080093962500B386B600939616007C
:1077C000B385D700930706FD93881800E372F8FE8F
:1077D0009386050063C00574938D08006FF0DFBACF
:1077E00003260C0093EC0C01130C4C0093070600CD
:1077F0006FF09FEF93EC0C0893870D006FF05FB86C
:107800009307B002A303F10293870D006FF05FB7F7
:1078100093EC1C0093870D006FF09FB683477102B5
:10782000E39C07DA93070002A303F10293870D009C
:107830006FF01FB583270C00A3030102130C4C004B
:10784000230CF102130A1000130B1000930A81039A
:107850006FF05FC483270C0013EB0C01130C4C007A
:10786000A303010213061000930C0B001305000084
:10787000E3C806EC937CFBF76392075663920674A9
:10788000631E065E137B1B0063020B6493070003F9
:10789000A30FF104130A0B00930AF1056FF09FE7A1
:1078A00083270C0013EB0C01130C4C00A303010203
:1078B00013060000930C0B00E3DE06FA930A09009E
:1078C00013F6770013060603A38FCAFE93D737007B
:1078D00093850A00938AFAFFE39407FE93F71C004E
:1078E000638A0716930700036306F6169385E5FF80
:1078F000A38FFAFE330BB940138A060063C6666194
:10790000938A05006FF01FE113F60C0183270C002A
:10791000130C4C00631A060013F60C0463060600F1
:107920009397070193D70701138B0C006FF01FF893
:1079300093F70C016390070213F30C04630C03002C
:1079400083270C0083264100130C4C002390D700A2
:107950006FF05F9983270C0083264100130C4C00C5
:1079600023A0D7006FF01F9893EC0C0493870D00B1
:107970006FF01FA113F60C0183270C00130C4C00B1
:10798000631A060013F60C046306060093970701BA
:1079900093D70701138B0C006FF09FEC832A0C0028
:1079A000A3030102130C4C00638A0A6263CA0656E1
:1079B000138606009305000013850A00232AE100C0
:1079C0002324D100EF104041832681000327410189
:1079D000138B060063040500330B55418347710286
:1079E000134AFBFF135AFA41337A4B019306000006
:1079F000130F0000E39E07D06FF05FAA37860000E8
:107A0000130606832314C102371602801306C6F13B
:107A100083270C0093EC2C00130C4C002326C10090
:107A2000A3030102138B0C0013062000E3D406E429
:107A3000930A09008325C10013F6F700938AFAFF21
:107A40003386C5000346060093D747002380CA004B
:107A5000E39207FE330B5941138A0600E3DC66CB41
:107A6000130A0B006FF01FCB130710002328E1024D
:107A700093070B002320510723226107232A610368
:107A800013070900130787006FF09FB193051000DB
:107A900013060000130709006FF0DFB9338D44416E
:107AA000E35EA0AB9305000163D8A55DB715028026
:107AB000938545232324B100130E0001130F70009A
:107AC0006F00800113052600130787001386050049
:107AD000130D0DFF6352AE07032581009387070145
:107AE000930516002320A7002322C701232AF102B1
:107AF0002328B102E358BFFC638007160325010069
:107B00001306C10293850900232AD100EFF04FDC50
:107B1000E316058E03260103130E0001130D0DFF5E
:107B2000832741038326410113070900130516002B
:107B3000130F7000E342AEFB03268100B387A70159
:107B40002322A7012320C700232AF1022328A10210
:107B5000130670006352A6386388074A03250100A4
:107B60001306C102938509002324D100EFF04FD6FC
:107B7000E31605888326810003260103832741033A
:107B8000338D664113070900130E1600E35CA09DB8
:107B90006354A44723247101930E70006F00800189
:107BA000130E26001307870013860500130D0DFF23
:107BB000635AA405938707019305160023207701D4
:107BC00023228700232AF1022328B102E3DABEFC34
:107BD00063800706032501001306C102938509008F
:107BE000EFF00FCFE31C058003260103130D0DFFFB
:107BF0008327410313070900130E1600930E70002C
:107C0000E34AA4FB83268100B387A7012322A701AF
:107C10002320D700232AF1022328C10393067000F2
:107C200063C8C61D13078700130E1E006FF09F93D5
:107C3000130E100013060000130709006FF01FF762
:107C4000032501001306C10293850900EFF04FC818
:107C5000E30C05966FF08FFA130510001306000071
:107C6000130709006FF0DFE66382070403250100B4
:107C70001306C10293850900232CD100232AF101A8
:107C80002324E101EFF0CFC4631A05F603260103B4
:107C90008327410383268101832F4101032F810024
:107CA00013070900130E16006FF0DF8463060F241C
:107CB000930781022320F106930720002322F10677
:107CC000130E10001307090013060E001307870098
:107CD000130E1E006FF01F88130500016354A537B3
:107CE000371E0280130E4E22930E00019302700085
:107CF0006F00C001130526001307870013860500D7
:107D0000130D0DFF63DCAE07930516009387070183
:107D10002320C7012322D701232AF1022328B102FD
:107D2000E3DAB2FC63820708032501001306C102EF
:107D300093850900232EC101232CD100232AF101B0
:107D40002324E101EFF0CFB8631A05EA032601030B
:107D5000930E0001130D0DFF83274103032EC10174
:107D600083268101832F4101032F8100130709001E
:107D70001305160093027000E3C8AEF9B387A7019C
:107D80002320C7012322A701232AF1022328A102CD
:107D9000130670006342A60A13078700130E15002E
:107DA000130605006FF08FF1130600001305100095
:107DB000130709006FF0DFF463D4440193040A0051
:107DC00083274100B38797002322F1006FF0CFFF94
:107DD00013F3FCF7936C23001306200093051000A7
:107DE000630EB62C93052000E31AB6AC6FF05FC4A7
:107DF000E38C07C6032501001306C1029385090021
:107E0000EFF00FAD631C05DE032E01038327410352
:107E100013070900130E1E006FF0CFF42328010290
:107E2000130709006FF00FD3130E100013060000A4
:107E3000130709006FF00FF2638207160325010094
:107E40001306C10293850900232CD100232AF101D6
:107E50002324E101EFF0CFA7631205DA0326010323
:107E60008327410383268101832F4101032F810052
:107E700013070900130E16006FF04FE4130A0000F9
:107E8000130B0000930A09006FF0DF88930A0900C2
:107E90009305A000930E900033F6B702938AFAFF81
:107EA000138E0700130606032380CA00B3D7B70258
:107EB000E3E4CEFF330B5941138A0600E3D866850D
:107EC000130A0B00E31605846FF0DF84130A000029
:107ED000930A09006FF01F8413078700130E150023
:107EE000130605006FF08FE71316060113560641BF
:107EF000930706006FF04FFF13060000130E1000EB
:107F0000130709006FF00FE5130A0B00938A0500B1
:107F10006FF05F809306F0FF938D08006FF0CFC67F
:107F200013850A002324E100EFC08FB403278100EA
:107F3000130B05006FF09FAAB7170280938787F095
:107F40002326F10093F50C0183270C00130C4C0041
:107F5000639A050093F50C04638605009397070167
:107F600093D7070193F51C00E38C05AAE38A07AABF
:107F7000930500032304B102A304C102A303010279
:107F8000E3D806E493EC2C006FF09FAAB7170280A9
:107F90009387C7F12326F1006FF0DFFA03477102E0
:107FA00063000708930771022320F106930710006E
:107FB0002322F106130E1000130709006FF0CFD231
:107FC00093051000E310B6E21305000093070003C9
:107FD0006FF00FF8EFB09F8E6FF04FA69307600021
:107FE000138B060063EAD70237180280130A0B00CE
:107FF000930A08F36FF00FCAB716028093864623E0
:108000002324D1006FF01FC0130E100013060000D0
:10801000130709006FF08FD4130B60006FF0DFFCC3
:1080200013060000130E1000130709006FF08FCC29
:10803000032501001306C10293850900EFF04F8963
:108040006FF0CFBB371E028013850500130E4E2242
:108050006FF0DFD2938D0800930600006FF0CFB26F
:10806000371E028093051600130E4E226FF04FE26A
:10807000930700036FF0CFED3716028013064623F7
:1080800013050E002324C1006FF01FAB9307F0FF10
:108090002322F1006FF08FB983260C00130C4C00E3
:1080A00063C80600938D080093870D006FF04FADF5
:1080B0009306F0FF938D08006FF01FFF130500007B
:1080C0006FF00FE89307050003A501C793060600AC
:1080D00013860500938507006FF04F93130101B8D5
:1080E0008397C50003D7E500232C81461384050040
:1080F000B70501009385D5FF032E44060323C40171
:108100008328440213170701B3F7B700B3E7E7006A
:1081100013080040232AF10093058100930701070B
:10812000232A914623282147232E114613090500AF
:108130002326C10723226102232611032324F100F1
:10814000232CF10023280101232E01012320010209
:10815000EFF0CF8B93040500635C05028357410168
:1081600093F70704638807008357C40093E7070465
:108170002316F4008320C1470324814703290147C4
:1081800013850400832441471301014867800000E0
:108190009305810013050900EF000037E30005FC9B
:1081A0009304F0FF6FF09FFB130101FF23261100E2
:1081B00023202101638805022324810023229100CA
:1081C0001384050093040500630605008327450317
:1081D000638C070C8317C400639207020324810099
:1081E000832441008320C100130900001305090006
:1081F00003290100130101016780000093050400B9
:1082000013850400EF00800B8327C40213090500C7
:10821000638A07008325C40113850400E7800700F3
:10822000634405068357C40093F70708639607065F
:1082300083250403638C0500930704046386F5001B
:1082400013850400EFC04FBC232804028325440497
:108250006388050013850400EFC00FBB23220404CC
:10826000EFB00FE823160400EFB0CFE78320C10082
:108270000324810083244100130509000329010020
:1082800013010101678000008357C4001309F0FF48
:1082900093F70708E38E07F883250401138504008C
:1082A000EFC08FB66FF0DFF8EFB04FE16FF09FF2E5
:1082B0009305050003A501C76FF01FEF0397C500E5
:1082C000130101FE232C810023263101232E1100EE
:1082D00093778700138405009309050063900712C4
:1082E000B71700009387078083A64500B367F700A0
:1082F0002396F5006352D018032884026304080E05
:10830000232A91009316370183A4090023A00900B2
:108310008325C40163CE06161306000093061000E1
:1083200013850900E70008009307F0FF1306050016
:108330006304F51A8317C400032884028325C4014B
:1083400093F74700638E0700032744008327040345
:108350003306E640638607008327C4033306F640EE
:108360009306000013850900E70008009307F0FF5B
:108370006314F51283A609009307D0010317C40004
:1083800063EAD716B707402093871700B3D7D70003
:1083900093F717006380071603260401B7F7FFFF62
:1083A0009387F77FB377F7002316F40023220400A6
:1083B0002320C4009317370163D40700638206109B
:1083C0008325040323A09900638405109307040404
:1083D0006386F50013850900EFC00FA383244101D4
:1083E00023280402130500008320C1010324810116
:1083F0008329C100130101026780000023282101A5
:1084000003A9050163020908232A910083A405003A
:108410001377370023A02501B3842441930700007C
:108420006314070083A745012324F40063489000E8
:108430006F0040053309A900635690048327440266
:108440008325C401938604001306090013850900DF
:10845000E7800700B384A440E34EA0FC0317C400E8
:108460000329010113670704832441012316E40053
:108470001305F0FF6FF05FF783A6C503E34ED0E668
:108480006FF05FF683244101032901016FF09FF52E
:10849000032604056FF0DFEA0317C40083260401F6
:1084A000B7F7FFFF9387F77FB377F7002316F40042
:1084B000232204002320D40093173701E3D207F0CE
:1084C000832504032328A40423A09900E39005F046
:1084D000832441016FF01FF183A70900E38C07E4B7
:1084E0001307D001638CE700130760016388E7007E
:1084F0000317C400136707046FF01FF723A0990048
:10850000832441016FF01FEE130101FE232C810033
:10851000232E11001304050063060500832745037D
:10852000638A07028397C500639C07008320C1010B
:10853000032481011305000013010102678000007C
:1085400013050400032481018320C10113010102EA
:108550006FF0DFD62326B100EFB04FB68325C10000
:108560006FF05FFC630005069305050003A501C7D6
:108570006306050083274503638C07008397C500C6
:108580006396070013050000678000006FF01FD39B
:10859000130101FE2326B1002324A100232E110084
:1085A000EFB0CFB18325C100032581008397C500BB
:1085B000639807028320C101130500001301010223
:1085C0006780000037260280B7850080372502804B
:1085D0001306C68493858550130585856FB0CFB388
:1085E0008320C101130101026FF05FCD8327860054
:1085F0006384072C8396C500130101FD23248102A7
:10860000232C4101232861012326110293F78600C0
:10861000130B0600130A050013840500638E070878
:1086200083A70501638A07082322910223202103DF
:10863000232E3101232A510193F7260083240B00B6
:108640006384070A832744028325C401B70A008094
:108650009309000013090000938A0AC013860900D9
:1086600013050A00630209049306090063F42A0152
:1086700093860A00E78007006350A04683278B009B
:10868000B389A9003309A940B387A7402324FB007D
:108690006386071A832744028325C40113860900D1
:1086A00013050A00E31209FC83A9040003A944008E
:1086B000938484006FF09FFA9305040013050A0069
:1086C000EF00C043631C051C8316C40023229102E3
:1086D00023202103232E3101232A510193F7260061
:1086E00083240B00E39007F62326710123248101E4
:1086F00093F716006396071C832704000327840062
:10870000B70A008023229101930B00009309000017
:10871000938AFAFF13850700130C07006382091080
:1087200013F6062063080628930C070063E6E93277
:1087300013F70648630A070803264401832504014A
:10874000131716003307C7003389B740135CF701CE
:10875000330CEC0093071900135C1C40B3873701FE
:1087600013060C006376FC00138C070013860700C9
:1087700093F60640638E06309305060013050A0043
:10878000EFC0CF98930C0500630C053483250401DA
:1087900013060900EFB09F938357C40093F7F7B710
:1087A00093E707082316F40033852C01B3072C4107
:1087B00023289401232A84012320A400138C090078
:1087C0002324F400938C090013860C0093850B007E
:1087D000EF00900403278400832704001389090015
:1087E00033078741B38797012324E4002320F40053
:1087F0009309000083278B00B38B2B01B38727419C
:108800002324FB00638607028327040003278400D8
:108810008316C40013850700130C0700E39209F0C8
:1088200083AB040083A94400938484006FF09FEE1F
:10883000832BC100032C8100832C41008320C102C3
:108840000324810283244102032901028329C101F7
:10885000832A4101032A8101032B01011305000032
:1088600013010103678000009305040013050A004B
:10887000EFF09FC9630E050A8317C400832BC10064
:10888000032C810083244102032901028329C101B1
:10889000832A410193E707042316F4008320C102D1
:1088A00003248102032A8101032B01011305F0FF38
:1088B00013010103678000001305000067800000BA
:1088C000930A000013050000130C00009309000038
:1088D00063820908630A050893870A00938B0900DD
:1088E00063F43701938B07000325040083270401F9
:1088F000032984008326440163F6A7003309D900C5
:108900006344790963C0DB16832744028325C401CD
:1089100013060C0013050A00E78007001309050081
:10892000E35CA0F4B38A2A4113051000E38E0AF237
:1089300083278B00330C2C01B3892941B38727414E
:108940002324FB00E39607F8832BC100032C81004E
:108950006FF0DFEE83A944009387040093848400C2
:10896000E38A09FE03AC0700138609009305A00003
:1089700013050C00EF004046630A051413051500AB
:10898000B30A85416FF05FF593050C0013060900EB
:10899000EF008068832704009305040013050A0094
:1089A000B38727012320F400EFF01FB6E30C05F690
:1089B0006FF09FEC8326040163E2F6040326440172
:1089C00063EEC9029387090063F43A0193870A00B2
:1089D000B3E6C702032744028325C40113860B00B4
:1089E00013050A00B386D740E70007001309050006
:1089F000635AA004B38929416FF0DFDF1309070030
:108A000063F4E900138909001385070013060900C0
:108A100093850B00EF004060032784008327040048
:108A200033072741B38727012324E4002320F400E0
:108A3000E31207FC9305040013050A00EFF0DFAC16
:108A4000E30A05FA8317C400832BC100032C8100BD
:108A5000832C41006FF01FE3138C0900938C0900F5
:108A60006FF09FD613860B0093050C00EF00C05AE1
:108A7000032784008327040013890B003307774101
:108A8000B38777012324E4002320F4006FF09FE9EB
:108A900013050A00EF30C027930C0500E31605D03C
:108AA0008325040113050A00EFB01FB68317C40025
:108AB0001307C000832BC100032C8100832C4100CD
:108AC0002320EA0093F7F7F76FF0DFDB93871900B5
:108AD000938A07006FF09FE08317C4006FF09FDA5E
:108AE0001307C0008317C400832BC100032C81002F
:108AF000832C41002320EA006FF0DFD883A701C751
:108B0000130101FF23248100232291002326110059
:108B100093040500138405006386070003A7470339
:108B2000630C070E8317C40013F78700630A070658
:108B3000032704016306070893F6170063880602FB
:108B4000832644012324040013050000B306D0400B
:108B5000232CD400630A07028320C1000324810070
:108B600083244100130101016780000093F6270070
:108B70001306000063940600032644012324C40066
:108B800013050000E31A07FC13F70708E30607FCC8
:108B900093E707042316F4001305F0FF6FF0DFFBE3
:108BA00013F707016300070813F74700631C070268
:108BB0000327040193E787002316F400E31E07F65A
:108BC00093F6072813060020E388C6F693050400F1
:108BD00013850400EF30407E8317C400032704018F
:108BE0006FF09FF583250403638E050013070404CB
:108BF0006388E50013850400EFB01FA18317C4004C
:108C0000232804020327040193F7B7FD232204005D
:108C10002320E4006FF01FFA13850700EFA01FCA9E
:108C20006FF05FF01307900023A0E40093E70704C0
:108C30002316F4001305F0FF6FF01FF2130101FE7D
:108C4000232C8100232A910023282101232E1100A7
:108C5000130905009384050013040600EF00002C9F
:108C600093071000631CF5009387F4FF1307E00FD0
:108C70006366F700230691006F0040029306C40567
:108C8000138604009305C10013050900EF30C0628C
:108C90009307F0FF6304F508630C05028327840043
:108CA0008345C1009387F7FF2324F40063DA0700AC
:108CB0000327840163CCE7029307A0006388F502D1
:108CC00083270400138717002320E4002380B700C4
:108CD0008320C101032481010329010113850400BC
:108CE0008324410113010102678000001306040080
:108CF00013050900EF3050139307F0FFE31AF5FC5A
:108D00001305F0FF8320C101032481018324410165
:108D10000329010113010102678000008357C40089
:108D20001305F0FF93E707042316F4006FF09FFD8F
:108D30008317C600139727016340070203274606DF
:108D4000B7260000B3E7D700B72600003367D70087
:108D50002316F6002322E6066FF05FEE130101FEF4
:108D6000232C810003A401C7232E110013860500C4
:108D7000930505006306040083274403638007040A
:108D80008317C6001397270163400702032746068F
:108D9000B7260000B3E7D700B72600003367D70037
:108DA0002316F6002322E60613050400032481019E
:108DB0008320C101130101026FF05FE82324A100A9
:108DC000130504002326C100EFA05FAF0326C100F6
:108DD000832581006FF0DFFA9377350093F6F50F66
:108DE000638A07029307F6FF630E06021306F0FF7D
:108DF0006F0080011305150013773500630E07001F
:108E00009387F7FF6380C70203470500E314D7FE8B
:108E10006780000093070600130730006368F700BF
:108E200063900706130500006780000093F5F50FB7
:108E300013978500B305B70013970501B708FFFE28
:108E400037888080B385E5009388F8EF1308080819
:108E5000130330006F0000019387C7FF130545001F
:108E6000E370F3FC0327050033C7E5003306170161
:108E70001347F7FF3377E60033770701E30E07FC6C
:108E8000B307F5006F00C00013051500E38CA7F8C9
:108E900003470500E31AD7FE67800000130101FFB6
:108EA0002326110023229100630E0602B7150280CB
:108EB00093858524130506002324810013040600EE
:108EC000EF004026B71402806312050203248100DC
:108ED000138544248320C100832441001301010130
:108EE00067800000B71402806FF09FFE93854424D2
:108EF00013050400EF000023E30A05FCB705018019
:108F0000938545C813050400EF00C021E30005FC6C
:108F100003248100130500006FF0DFFB03C541BD92
:108F200067800000130101FF232611002322910016
:108F3000638E05022324810013840500B715028087
:108F40009385852413050400EF00C01DB71402802B
:108F50006312050203248100138544248320C10089
:108F6000832441001301010167800000B7140280CF
:108F70006FF09FFE9385442413050400EF00801AD0
:108F8000E30A05FCB7050180938545C81305040075
:108F9000EF004019E30005FC0324810013050000E5
:108FA0006FF0DFFB1305050F678000001385C1B963
:108FB000678000001385C1B967800000130101FFBD
:108FC000232481002322910013040500138505004A
:108FD0002326110023A401C8EF704FE79307F0FF89
:108FE000630CF5008320C100032481008324410029
:108FF000130101016780000083A781C8E38407FE95
:109000008320C1002320F400032481008324410035
:10901000130101016780000063F6A5023387C500D4
:109020006372E502B307C500630606048346F7FFD3
:109030009387F7FF1307F7FF2380D700E318F5FEA8
:10904000678000009307F00063E8C70293070500FC
:109050009306F6FF6302060C93861600B386D700CC
:1090600003C705009387170093851500A38FE7FEBC
:10907000E398D7FE67800000B367B50093F7370029
:1090800063960708930806FF93F808FF9388080182
:10909000B306150113870500930705000328070091
:1090A000130707019387070123A807FF032847FF3A
:1090B00023AA07FF032887FF23AC07FF0328C7FF66
:1090C00023AE07FFE39CD7FC1378C600B3851501D8
:1090D0001377F600630408041308C7FF1378C8FF6A
:1090E00013084800B387060113870500832807008B
:1090F000938646001307470023AE16FFE398F6FE5B
:1091000013763600B38505016FF09FF49306F6FFE2
:10911000930705006FF05FF46780000013060700F7
:109120006FF01FF33367B5009303F0FF1377370039
:1091300063100710B7877F7F9387F7F70326050033
:1091400083A60500B372F6003363F600B382F20023
:10915000B3E26200639272106316D60803264500DC
:1091600083A64500B372F6003363F600B382F200C3
:10917000B3E26200639E720C6316D6060326850076
:1091800083A68500B372F6003363F600B382F20063
:10919000B3E262006398720C6316D6040326C5001E
:1091A00083A6C500B372F6003363F600B382F20003
:1091B000B3E262006392720C6316D60203260501C5
:1091C00083A60501B372F6003363F600B382F200A2
:1091D000B3E26200639C720A130545019385450161
:1091E000E30ED6F41317060193970601631EF700EA
:1091F0001357060193D706013305F7409375F50F12
:1092000063900502678000001357070193D7070199
:109210003305F7409375F50F6394050067800000F0
:109220001377F70F93F7F70F3305F74067800000C8
:109230000346050083C60500130515009385150038
:109240006314D600E31606FE3305D640678000009F
:109250001305450093854500E31CD6FC130500006B
:10926000678000001305850093858500E312D6FC16
:1092700013050000678000001305C5009385C50035
:10928000E318D6FA130500006780000013050501F6
:1092900093850501E31ED6F81305000067800000E2
:1092A000130101FE232A91008327050183A40501F0
:1092B000232E110063C0971C9384F4FF13932400A2
:1092C000232C8100138445012326310123244101ED
:1092D000B3096400130A450183A7090033036A0038
:1092E000032703002328210123225101938717001C
:1092F0003359F702930A0500636AF70A370501003C
:109300009308040013080A00930E0000930600005F
:109310001305F5FF03A70800032E080013084800F3
:109320003376A70013570701B377AE00135E0E0123
:109330009388480033062603330727033306D601F4
:10934000B37EA600B387D74113560601B387D70073
:1093500093D60741B3F7A7003307C7003376A700BA
:10936000B386C640B386C60113960601B3E7C700AD
:10937000232EF8FE935E070193D60641E3FC19F90C
:1093800083270300639407021303C3FF63686A0023
:109390006F0080019384F4FF63786A0083270300E1
:1093A0001303C3FFE38807FE23A89A0013850A006E
:1093B000EF20401C634C05083705010093050A00A7
:1093C000130700001305F5FF83A60500032604001C
:1093D00093854500B3F7A6003378A600B38707410D
:1093E000B387E70013D707411356060193D606014A
:1093F0003307C7403307D70093160701B3F7A70019
:10940000B3E7D7001304440023AEF5FE135707411A
:10941000E3FC89FA93972400B307FA0003A7070037
:10942000631407029387C7FF6368FA006F00800127
:109430009384F4FF6378FA0003A707009387C7FFBC
:10944000E30807FE23A89A001309190003248101E9
:109450008320C1018329C100032A8100832A41009E
:1094600083244101130509000329010113010102AD
:10947000678000008320C10183244101130500009F
:10948000130101026780000003238503130101F427
:10949000232C810A232A910A2328210B2322510BF2
:1094A0002326B109232E110A2326310B232EE10096
:1094B000232AF100232811012326B1022324C1000D
:1094C00013040500938D050093040600938A06009B
:1094D00013090800630203020327C5039307100062
:1094E00093050300B397E7002322E3002324F3004E
:1094F000EF10006C232C04029389040093060000F3
:1095000063DC04009394140093D714002324F10027
:1095100093890700930610003707F07F2320D900B6
:10952000B3F6E9006388E6608324810013850D00AB
:109530001306000093850400930600002320B10366
:1095400023229102EF409033631A0504032741015F
:10955000930710002320F700032701016308070089
:10956000B7170280938797F32320F700B71902807B
:10957000938989F38320C10B0324810B8324410B3E
:109580000329010B832A410A832DC1081385090091
:109590008329C10A1301010C6780000013860400AF
:1095A000130781079306C10793850D001305040077
:1095B0002324410B2320610B232E7109232C8109C5
:1095C000232A91092328A10913D94901EF20403EFC
:1095D000930405006312095A832B81070329C107ED
:1095E0009307000233892B0113072943E3D0E732A5
:1095F00093070004B387E74013052941B397F900A7
:1096000033D5AD0033E5A700EF509067B70710FEE4
:109610009306100013070500B387B7001309F9FF7D
:109620002324D10403A641C283A681C213050700E7
:1096300093850700EF50403B03A6C1C283A601C338
:10964000EF40104D03A641C383A681C3EF30D01D68
:10965000130A05001305090093890500EF50D05641
:1096600003A6C1C383A601C4EF40904A13060500B8
:109670009386050013050A0093850900EF30D01A80
:10968000130B050093890500EF50D04B130A05001A
:109690009385090013050B001306000093060000D4
:1096A000EF4090366350050213050A00EF50D05189
:1096B00013060B0093860900EF40501C3335A000C1
:1096C000330AAA4033892B4193076001130BF9FF3A
:1096D000E3E8471D3717028093173A001307872FD7
:1096E000B387E70003A6070083A64700032501020E
:1096F00083254102EF405031E35A051E130AFAFF59
:10970000232E0102232C0100634C0B4863540A4AA8
:109710008327810123244103B3874741232CF10090
:10972000B3074041232CF10293079000130A000075
:1097300063EC574993075000E3D0571F938ACAFF41
:109740009307300013090000E388FA62E3D0575F03
:1097500093074000E390FA52930710002328F10288
:109760000326C101E352C0602326C104130C060086
:1097700093067001130710009307400063C4C600EE
:109780006F10802F9397170093864701930507006A
:1097900013071700E378D6FE232EB4021305040046
:1097A000EF10C03593090500631405006F10002BFE
:1097B000232CA4029307E00063E6874F6304094E5D
:1097C00083268102E35AD05E93F7F60037170280B2
:1097D0001307872F9397370093DC4640B387E70042
:1097E00093F60C0103A8070003A74700E38806527D
:1097F000B717028003A6874083A6C740032501024E
:10980000832541022328E10423200105EF40400E77
:10981000032801040327010593FCFC001303050042
:10982000138D050013093000638C0C04B71B0280F4
:1098300023208104938B8B3E1304090093050700BA
:109840001309030093F71C00638E070003A60B00A7
:1098500083A64B001305080013041400EF40502B9F
:109860001308050093DC1C40938B8B00E39C0CFCDD
:1098700013030900130904000324010413870500DE
:1098800093060700130608001305030093050D0057
:10989000EF40000613070500938705008326C103E8
:1098A0006388060203A641C483A681C4130507008A
:1098B000938507002328E1042320F104EF40D0140E
:1098C0008327010403270105635405006F1000017D
:1098D000130509002320F1062320E104EF50D02EC8
:1098E0000327010483270106130607009386070058
:1098F0002328E1042320F104EF40902103A641C571
:1099000083A681C5EF304072B706C0FC83270104EF
:1099100003270105930C0500B38BB600630E0C32D0
:1099200083268102232081072324D1061305070003
:10993000938507002328E1042320F104EF509020B1
:109940008327010637160280130905009386F7FF67
:10995000939636009307862FB386D70003A8460058
:109960002326F10683A70600232E01052322910753
:10997000232CF104EF505025032701058327010410
:10998000130605009386050013050700938507005D
:10999000EF50800503270103138D190013030903FA
:1099A0002320A105930C05001373F30FE304075A5A
:1099B00003A541C6032681058326C1052320B104E2
:1099C00083A581C623286104EF30907203264106E7
:1099D00093860B00EF504001832801040323010507
:1099E00013860C0093860800238069001309050084
:1099F000938B0500EF404071832801046354A0005D
:109A00006F00507883A741C403A881C4232C41056B
:109A10002328F104232A010503A801C583A7C1C493
:109A200023226107232681072320F10493070000E6
:109A3000032C010623220105138B07002320510765
:109A4000138A08006F000009130B1B0063448B018D
:109A50006F00507803260104832641041305090092
:109A600093850B00EF40D00A0326010483264104AE
:109A700013090500938B050013850C0093050A005C
:109A8000EF401009938C0500930A0500EF50900BEE
:109A9000130A0500EF5050131306050093860500C6
:109AA00013850A0093850C00EF40107493070A0396
:109AB0001306090093860B002300FD00130D1D0003
:109AC000930C0500138A0500EF40007463540500F1
:109AD0006F00506B032501058325410513860C009B
:109AE00093060A00EF4050701306090093860B009E
:109AF000EF408071E35A05F483278106930B0D0034
:109B0000138C1700130690036F008000E3867965BD
:109B100083C6FBFF138D0B00938BFBFFE388C6FE10
:109B20009386160093F6F60F2380DB00930D0C004E
:109B30006F00004D83264101372700009397C9002D
:109B40001307F77093D7C70023A0E600B3E7B70168
:109B50006380070A83270101B719028093890926C8
:109B6000E38A07A0B71702809387372603270101EE
:109B70002320F7006FF01FA083274102B706F03FB4
:109B8000832B81079397C70093D7C7000327010250
:109B9000B3E7D700130919C0232401046FF09FA86D
:109BA00093071000B3872741232CF100130B00000B
:109BB000E3400AB623244103232C010293079000BB
:109BC000330B4B01E3F857B793071000130910004C
:109BD000930A00002328F102130CF0FF232E01004A
:109BE000232E040223268105930500006FF01FBB7E
:109BF00083270101B719028093894925E38C0796D1
:109C0000B71702809387C7256FF05FF61305090029
:109C10002320F1062320E104EF50007B03270104F9
:109C20008327010613060700938607002328E10413
:109C30002320F104EF40C06D03A641C583A681C572
:109C4000EF30803E8327010403270105B706C0FCDF
:109C5000930C0500B38BB60003A6C1C583A601C64D
:109C60001305070093850700EF40105813860C007A
:109C700093860B00130D050013890500EF40C048C3
:109C8000E342A04EB7070080B3C7770113860C00EC
:109C900013050D009386070093050900EF40C05699
:109CA000634805068327C10763CE07188326810210
:109CB0001307E0006348D718832781023717028013
:109CC0001307872F93973700B387E70003AA07008E
:109CD00083AA47008327C10163D807046346800530
:109CE00063180C0203A6C1C583A601C613050A00AA
:109CF00093850A00EF40C0611306050093860500B6
:109D00000325010283254102EF400050E34CA044AB
:109D1000138D090023200102130900008327C101CC
:109D200093CDF7FF6F004069938719002320F1045A
:109D3000032B01020329410213060A0093860A003D
:109D400013050B0093050900EF30903AEF50805F48
:109D5000130D0500EF50406713060A0093860A00B2
:109D6000EF40005B130605009386050013050B000A
:109D700093050900EF40504793070D032380F90036
:109D800013061000832B01041307050093860500BA
:109D9000E30CCC0C83A7C1C403A801C5930D10002C
:109DA0002324F100232601016F00000613060A0098
:109DB00093860A0013050B0093050900EF3050331A
:109DC000EF504058130D0500EF50006013060A00D5
:109DD00093860A00EF40C0539386050013060500E2
:109DE0009305090013050B00EF401040938B1B00F7
:109DF00093070D03938D1D00A38FFBFE1307050032
:109E000093860500E302BC070326810093850600C4
:109E10008326C10013050700EF40804F13060000A2
:109E200093060000130B050013890500EF40002581
:109E3000E31E05F683278102138D0B00938D170017
:109E40006F00001C0327010363160726832B810381
:109E5000832C8101232801021309000063820C0274
:109E60006350600393870C0063449B670327810161
:109E7000B38CFC40330BFB403307F740232CE1004D
:109E8000832781036382070283270103638407001A
:109E9000E39C0B060326810393850400130504004D
:109EA000EF10403F930405009305100013050400D4
:109EB000EF1000102320A102631C0A50930710002A
:109EC00063DC5755B387670193F7F7016380071E7B
:109ED000130700023307F7409306400063D4E658A7
:109EE0001307C001B307F74003278101B38CFC00BF
:109EF000330BFB003307F700232CE100832781019C
:109F00006340F014635C60018325010213060B00BB
:109F100013050400EF10004D2320A1028327C10385
:109F2000639C0712635480458327010363900726CF
:109F300083278102938D1700832A0102130A1000E0
:109F40006F00000293850400930600001306A00032
:109F500013050400EF00104893040500130A1A00CB
:109F600093850A0013850400EFF08FB3930B05036C
:109F7000B3874901A38F77FFE3468AFD130A1000D8
:109F800063448055338A4901930A00009385040095
:109F90001306100013050400EF10C04483250102CE
:109FA00093040500EF10005D635EA04E93069003DE
:109FB0006F008000638A495F8347FAFF130D0A0030
:109FC000130AFAFFE388D7FE938717002300FA00ED
:109FD0008325010213050400EF00903D630209028E
:109FE000638A0A0063882A0193850A001305040026
:109FF000EF00103C9305090013050400EF00503BEF
:10A000009385040013050400EF00903A8327410173
:10A0100023000D0023A0B7018327010163840700FB
:10A0200023A0A701032A810A032B010A832BC1095C
:10A03000032C8109832C4109032D01096FF08FD373
:10A04000938504001386070013050400EF10803980
:10A05000930405006FF01FEB8325010213850400B4
:10A06000EF104051E35005EC8327810293850400F3
:10A07000930600001306A00013050400138BF7FFDE
:10A08000EF0050358327010393040500639E070CFE
:10A09000032CC104E35A8015832D81026FF0DFE9A0
:10A0A00093071000232EF1026FF0CFE59307C00154
:10A0B0006FF09FE3130710006354574D832781030C
:10A0C000930BFCFF63CA7741B38B774183278101F0
:10A0D000B38C8741E3500C0E930510001305040068
:10A0E000EF00106D130905006FF05FD7232E0102FA
:10A0F000232C0100E34020AD93071000B3872741D4
:10A10000232CF100130B00006FF0DFAAB387E740A8
:10A110003395FD006FF04FCF930730001309100007
:10A12000638CFA4463C657E393072000E38CFA1468
:10A13000232E04029305000013050400EF00101CF9
:10A1400093090500E30C0510930710002328F10282
:10A150009307F0FF232CA4022326F104130CF0FF35
:10A16000232E01006FF01FB4930509009306000031
:10A170001306A00013050400EF00D025032CC10432
:10A1800013090500E356800923246103635C9001F1
:10A190009305090013860C0013050400EF108024BA
:10A1A00013090500130B0900631E0A508327C1021F
:10A1B000138DF9FF938C0900232C310183290102AF
:10A1C00093F71700330D8D012324F100232EB101E5
:10A1D0009385090013850400EFF08F8C130C0500A4
:10A1E0009305090013850400EF10C038130A050019
:10A1F00013060B009385090013050400EF10003DC2
:10A200000327C500930B0C03930D0500631C07087F
:10A210009305050013850400EF10C03513070500F2
:10A2200093850D0013050400930D0700EF005018EF
:10A23000B3E65D01639A060E83278100638A077483
:10A2400063420A7623807C01138A1C0063049D67A5
:10A2500093850400930600001306A0001305040074
:10A26000EF00501793040500930600001306A000AA
:10A270009305090013050400630E6909EF009015AA
:10A2800093050B0013090500930600001306A000B8
:10A2900013050400EF001014130B0500930C0A00C3
:10A2A0006FF01FF393050500130504008329810156
:10A2B000832DC101EF00D00F634A0A0013F71D0080
:10A2C000336A5A0133674701631E0706938504000A
:10A2D0001306100013050400EF10C01083250102BF
:10A2E00093040500EF1000296358A024130790037E
:10A2F000638CEB24930B1C0383278102930A0900D0
:10A30000138D1C0023807C01938D170013090B0013
:10A310006FF01FCCEF00100C13090500130B0500A4
:10A32000930C0A006FF0DFEA63440A72832781000E
:10A33000336A5A0133EA4701630C0A70E354B0F1FF
:10A3400083298101130790036380EB200327810297
:10A3500093871B00930A0900138D1C00930D1700AF
:10A360002380FC0013090B006FF09FC693072000A9
:10A37000E3DC57BB138D0900E3120C9A832501021D
:10A38000930600001306500013050400EF0090042C
:10A39000930505002320A10213850400EF10801D02
:10A3A000E35EA096930710032380F90083278102C0
:10A3B000138D1900938D17008325010213050400E6
:10A3C000938D1D00EF00C07EE31609C26FF05FC3DE
:10A3D0009305050013060A0013050400EF00906BB7
:10A3E000930710002320A10263DE5711130A000017
:10A3F00003270102832707019387370093972700DC
:10A40000B307F70003A54700EF00102593070002EC
:10A41000B387A7406FF01FAB8327C1026390070487
:10A42000832781009397C700639A070283268100E0
:10A430009307000013D746011377F77F630C0700DB
:10A4400083278101130B1B0093871700232CF10036
:10A4500093071000631C0A54138A07009307100027
:10A460006FF05FA6E30CD7A81307C003B307F7404C
:10A470006FF09FA793071000930A50002328F10262
:10A480008327C10103278102B387E700138C1700DC
:10A490002326F10413060C00634C80AD1306100054
:10A4A0006FF00FAD6316050093F71B00E39007B044
:10A4B000930600038347FAFF130D0A00130AFAFFFD
:10A4C000E38AD7FE6FF0DFB0130A0C006FF09FAB8A
:10A4D00093070B006FF09F99832781030327810166
:10A4E000232C7103B387FB40330AFA00B3078701BB
:10A4F000930C0700330B8B01232CF100930B00000E
:10A500006FF09FBD8327C102E39207EE832781008E
:10A510009397C700E39C07EC6FF05FF10323010200
:10A52000032D4102130920006FF00FB0930A2000A1
:10A53000232801026FF0CFA2E31005DC13F71B0004
:10A54000E31607DA6FF05FDB930790032380FC00CC
:10A5500083278102930A0900138A1C00938D170038
:10A5600013090B006FF09FA493071000130C100049
:10A57000232EF1006FF0CFE6232801026FF05FF089
:10A58000032781046304073003278101938737433E
:10A59000330BFB00B307F700832B8103930C0700F9
:10A5A000232CF1006FF05FB3930710032380F900B1
:10A5B000938D1D006FF0DFA1832781026388073030
:10A5C000B30BF04093F7FB00371702801307872F78
:10A5D00093973700B387E70003A6070083A64700D9
:10A5E000032501028325410293DB4B40EF3050529B
:10A5F000138D050063880B4213092000B71C0280ED
:10A6000023208104938C8C3E13040900130705005A
:10A61000130600001309050093F61B006380060271
:10A6200003A60C0083A64C001305070013041400B6
:10A63000EF30104E130705001306100093DB1B408C
:10A64000938C8C00E39A0BFC13050900938705009B
:10A650001309040003240104631206A41307050070
:10A6600093070D006FF08FA3938506001306070074
:10A6700013050700EF20501B8327810213060A00F1
:10A6800093860A00938D1700130B050013890500AC
:10A69000138C0D00EF3050276346A0C613050B0046
:10A6A0009305090013060A0093860A00EF30101D77
:10A6B00063160500137D1D0063160DC4138D0B007A
:10A6C0006FF01F948325490013050400EF00004339
:10A6D000130A050063000536032609019305C90026
:10A6E0001305C5001306260013162600EF901F9EC3
:10A6F0001306100093050A0013050400EF00904EA6
:10A70000130B05006FF09FAA9305090013860B0039
:10A7100013050400EF0010381386040093050500AC
:10A720001309050013050400EF00901393070500BB
:10A73000938504001305040093840700EF0040474D
:10A7400083278103B3877741232CF102638E07F4BB
:10A750006FF04FF4032681058326C10503254106CA
:10A760002328B10493850B0023286102EF30503A6F
:10A770000323010383270106930610002380690049
:10A780002324A1048328010513890500B38BF90054
:10A79000638CD72683A7C1C403A801C523289104CD
:10A7A0002328F102232A01032320810613850C00AC
:10A7B000938508000326010383264103130D1D0022
:10A7C000EF3010351384050093040500EF409037F7
:10A7D000930C0500EF40503F1306050093860500DB
:10A7E0001385040093050400938C0C03EF40C01FF5
:10A7F000A30F9DFFE390ABFD832401050324010615
:10A80000930C05009388050003A641C683A681C664
:10A81000032581049305090023281103EF20D000AC
:10A820008328010313860C0093860800EF30D01DA7
:10A83000634C05180326810403A541C683A581C680
:10A8400093060900EF40401A8328010313860C0089
:10A8500093860800EF30500B634CA0108327C1078C
:10A8600063C607DE032781029307E00063C0E7DECB
:10A87000832781020327C10693973700B307F700A8
:10A8800003AA070083AA47006FF08FCA0327810736
:10A890008326810193076003B387E740330BFB00F6
:10A8A000B387F600832B8103938C0600232CF100E1
:10A8B0006FF09F8283278102930A09008329810117
:10A8C000938D170013090B006FF04FEC0327010263
:10A8D00083274102130920006FE05FFC63080CB27C
:10A8E000032DC1046350A0BD938507008327810217
:10A8F00083A601C503A6C1C49387F7FF130507000C
:10A900002324F106EF30D0201307050013051900AA
:10A910002328E1042320B104EF40102B0327010575
:10A92000832701041306070093860700EF30501EAB
:10A9300003A641C583A681C5EF20006FB706C0FC02
:10A940008327010403270105930C0500B38BB60090
:10A950002320A1076FE09FFD93061003130C1C003A
:10A960006FF08F9C23200102130900006FF09FA35A
:10A970001306000383C7FBFF138D0B00938BFBFFB4
:10A98000E38AC7FE83278106938D17006FF04FE798
:10A990001307900383298101E388EBBAE34C4095C8
:10A9A0006FF09F95832981016FF01F95138A07002F
:10A9B0006FF01FA4938C0700B3878701330B8B01C3
:10A9C000232CF1006FF04FF183278106138C1700C1
:10A9D0006FF04F93032A8105032B4106032CC10618
:10A9E000832A01066FF00FAC9307200063C857015C
:10A9F000832D8102032CC1046FF00FD4032CC104FA
:10AA0000232461036FF01F97832B01046FF0DFDFB6
:10AA100093072000E3C457FF032CC10423246103E0
:10AA20006FF0CFF613070500938705001309200088
:10AA30006FE0DFE6B7160280371502809386462660
:10AA4000130600009305F02E13058527EF10106400
:10AA500083298101E34CB0876FF01F8AB71602800B
:10AA60003715028093864626130600009305F01AD8
:10AA700013058527EF109061232E04029305000033
:10AA80006FE0DFD1232801026FE09FCD83A701B9DA
:10AA9000678007006380050263020604638806047A
:10AAA0008347060023A0F500034506003335A000C8
:10AAB00067800000130101FF9305C10063040602D3
:10AAC000638A06028347060023A0F50003450600BB
:10AAD0003335A00013010101678000001305000059
:10AAE00067800000130500006FF0DFFE1305E0FF34
:10AAF000678000001305E0FF6FF0DFFD832745044A
:10AB0000130101FF23248100232291002326110039
:10AB10001304050093840500638C07021397240037
:10AB2000B387E70003A507006304050403270500B6
:10AB300023A0E70023280500232605008320C10069
:10AB40000324810083244100130101016780000078
:10AB50001306100293054000EF10D0592322A404DD
:10AB600093070500E31C05FA130500006FF01FFDB5
:10AB700023202101130910003319990013065900ED
:10AB8000131626009305100013050400EF109056CD
:10AB9000630A0500232425012322950003290100CF
:10ABA0006FF05FF903290100130500006FF01FF932
:10ABB0006380050203A74500832745041317270078
:10ABC000B387E70003A7070023A0E50023A0B70091
:10ABD00067800000130101FE232A910083A4050170
:10ABE00037030100232C8100232821012326310172
:10ABF000232E110013890500930905001384060014
:10AC000013884501930800001303F3FF832708000E
:10AC1000130848009388180033F767003307C7020A
:10AC200093D60701B386C602B307870013D707017F
:10AC3000B3F76700B386E60013970601B307F70082
:10AC4000232EF8FE13D40601E3C298FC630204022B
:10AC50008327890063DEF4029387440093972700DB
:10AC6000B307F90023A287009384140023289900D6
:10AC70008320C10103248101832441018329C10070
:10AC80001305090003290101130101026780000077
:10AC9000832549001385090023244101938515006C
:10ACA000EFF0DFE5130A0500630E05040326090132
:10ACB0009305C9001305C5001306260013162600C8
:10ACC000EF90CFC00327490083A74904131727003B
:10ACD000B387E70003A707002320E90023A027018B
:10ACE0009387440013090A0093972700B307F900DC
:10ACF000032A81009384140023A28700232899004B
:10AD00006FF01FF7B716028037150280938646262C
:10AD1000130600009305A00B1305052BEF10103749
:10AD2000130101FE232C8100232A910023282101F5
:10AD300023263101232441019389060093079000C3
:10AD400093868600232E1100B3C6F6021309050070
:10AD500013840500130A06009304070063DA370D15
:10AD60009307100093050000939717009385150033
:10AD7000E3CCD7FE13050900EFF05FD8930505007B
:10AD8000630C050A930710002328F500232A950079
:10AD90009307900063D8470923225101930A940036
:10ADA00093840A003304440183C604001306A00000
:10ADB00013050900938606FDEFF0DFE1938414008C
:10ADC00093050500E39284FE13048AFF33848A000E
:10ADD000832A410063563A03B3894941B3093401D8
:10ADE000834604001306A00013050900938606FDA0
:10ADF000EFF05FDE1304140093050500E31234FF47
:10AE00008320C1010324810183244101032901011D
:10AE10008329C100032A8100138505001301010263
:10AE2000678000001304A400130A90006FF09FFADB
:10AE3000930500006FF01FF4B716028037150280EB
:10AE400093864626130600009305300D1305052B47
:10AE500023225101EF1090239307050037070100CB
:10AE60001305000063F6E70093970701130500013F
:10AE70003707000163F6E700130585009397870005
:10AE80003707001063F6E700130545009397470066
:10AE90003707004063EAE70093C7F7FF93D7F7014E
:10AEA0003305F500678000009397270063CA070009
:10AEB00013971700634A070013050002678000001C
:10AEC000130525006780000013053500678000002A
:10AED000832705001307050093F6770063840602B5
:10AEE00093F6170013050000639E060493F62700EF
:10AEF0006388060A93D717002320F7001305100074
:10AF0000678000009396070193D6060113050000A1
:10AF1000638E060693F6F70F6380060693F6F70036
:10AF20006382060493F637006384060293F61700E3
:10AF3000639C060093D7170013051500639607005E
:10AF400013050002678000002320F70067800000DF
:10AF500093D7270093F6170013052500E39606FE06
:10AF60006FF05FFD93D7470093F637001305450058
:10AF7000E39E06FA6FF0DFFD93D7870093F6F700A4
:10AF800013058500E39006FA6FF0DFFD93D7070104
:10AF900093F6F70F13050001E39206F86FF0DFFD5B
:10AFA00093D727002320F7001305200067800000B7
:10AFB00083274504130101FF2324810023229100EC
:10AFC000232611001304050093840500638C0702F7
:10AFD00003A54700630205060327050023A2E70037
:10AFE0008320C1000324810093071000232A9500C9
:10AFF000232605002328F5008324410013010101C5
:10B00000678000001306100293054000EF10900EB9
:10B010002322A40493070500E31C05FAB716028057
:10B0200037150280938646261306000093055014B8
:10B030001305052BEF1090051306C00193051000B2
:10B0400013050400EF10100BE30A05FC9307100032
:10B050002322F500930720002324F5006FF05FF80A
:10B06000130101FE232821012326310103A9050133
:10B0700083290601232A910023244101232E110054
:10B08000232C8100138A050093040600634C3901C8
:10B09000138709009384050093090900130A060029
:10B0A0001309070083A7840083A544003384290182
:10B0B000B3A78700B385F500EFF05FA4630E051A10
:10B0C0001303450193182400B308130193070300E9
:10B0D0006378130123A0070093874700E3EC17FF71
:10B0E00013084A01131E2900938E440193952900E9
:10B0F000330EC801B385BE006376C813938754012D
:10B10000130F400063F0F516B70601009386F6FFB3
:10B110006F00800193DF0F0163980F081308480048
:10B12000130343006370C811832F0800B3F3DF00DB
:10B13000E38203FE93020300938F0E00930400004A
:10B1400083A70F0003A602009382420033F7D700C3
:10B150003307770293D707013379D60013560601D8
:10B16000938F4F00B3877702330727013307970088
:10B17000935407013377D700B387C700B38797008D
:10B18000139607013367E60023AEE2FE93D407016E
:10B19000E3E8BFFAB307E30123A09700832F080079
:10B1A00093DF0F01E38C0FF60327030093020300E4
:10B1B00013860E0093040700930300008327060004
:10B1C00093D904013377D700B3F7D700B387F703D8
:10B1D00083A44200938242001306460033F9D40050
:10B1E000B3877700B38737019393070133E7E30011
:10B1F00023AEE2FE0357E6FF93D707013307F703B9
:10B20000330727013307F70093530701E368B6FAC2
:10B21000B307E30123A0E70013084800130343002A
:10B22000E364C8F1634880006F0080011304F4FFF9
:10B230006308040083A7C8FF9388C8FFE38807FE5C
:10B240008320C10123288500032481018324410137
:10B25000032901018329C100032A8100130101028E
:10B2600067800000B38795409387B7FE93F7C7FFC9
:10B27000138F47006FF05FE9B71602803715028021
:10B280009386462613060000930520161305052B0A
:10B29000EF10C05F130101FE232C81002328210140
:10B2A00023263101232E1100937736001304060064
:10B2B0009309050013890500639C070A1354244071
:10B2C000630A0406232A910083A409046386040CFC
:10B2D000937714006390070213541440630A040424
:10B2E00003A5040063060506930405009377140084
:10B2F000E38407FE13860400930509001385090003
:10B30000EFF01FD6630009020327490083A7490411
:10B3100013172700B387E70003A707002320E900DE
:10B3200023A027011354144013090500E31A04FA5B
:10B33000832441018320C101032481018329C100A9
:10B3400013050900032901011301010267800000B0
:10B35000138604009385040013850900EFF05FD085
:10B3600023A0A40023200500930405006FF01FF81C
:10B370009387F7FF371702801307872E93972700CD
:10B38000B307F70003A6070093060000EFF09F84C1
:10B39000130905006FF09FF2930510001385090053
:10B3A000EFF0CFF593040500630005029307102723
:10B3B000232AF500930710002328F50023A0A904F1
:10B3C000232005006FF0DFF0B716028037150280EA
:10B3D0009386462613060000930550141305052B8B
:10B3E000EF10C04A130101FE2322510183AA050177
:10B3F00083A785002326310193595640B38A59010A
:10B40000232C8100232A9100232821012324410198
:10B41000232E110013891A009384050013040600DB
:10B4200083A54500130A050063D8270193971700E9
:10B4300093851500E3CC27FF13050A00EFF00FEC0E
:10B44000630C0510130845016354300393895900B8
:10B450009399290033073501930708009387470024
:10B4600023AE07FEE39CE7FE9389C9FE330838014B
:10B4700083A80401938744011376F401939828006C
:10B48000B38817016304060A93050002B385C5401B
:10B49000130308009306000003A7070013034300EB
:10B4A000938747003317C7003367D700232EE3FE87
:10B4B00083A6C7FFB3D6B600E3E017FF9387540116
:10B4C0001307400063EAF800B38798409387B7FEFC
:10B4D00093F7C7FF138747003308E8002320D800FD
:10B4E0006394060013890A0003A7440083274A04D3
:10B4F0008320C10113172700B387E70003A70700C4
:10B50000232825010324810123A0E40023A0970020
:10B5100003290101832441018329C100032A8100F9
:10B52000832A4100130101026780000003A707007E
:10B530009387470013084800232EE8FEE3F417FB27
:10B5400003A707009387470013084800232EE8FE4F
:10B55000E3EE17FD6FF01FF9B71602803715028072
:10B5600093864626130600009305E01D1305052B60
:10B57000EF10C0310327050183A70501130805005B
:10B580003305F7406312F704939727001308480127
:10B59000938545013307F800B387F5006F008000FD
:10B5A0006374E8020326C7FF83A6C7FF1307C7FF1C
:10B5B0009387C7FFE306D6FE130510006376D60017
:10B5C0001305F0FF678000006780000003A70501F6
:10B5D00083270601130101FF232481002322910008
:10B5E0002326110023202101138405009304060063
:10B5F000B306F740631EF71893962700138645019C
:10B6000013874401B307D6003307D7006F008000CB
:10B61000637CF61883A5C7FF8326C7FF9387C7FF00
:10B620001307C7FFE386D5FE1309100063EAD500B0
:10B630009387040013090000930404001384070097
:10B6400083A54400EFF08FCB6306051A83A804019D
:10B6500083220401938F44011393280013084401AB
:10B660009392220093054501370E01002326250100
:10B6700033836F00B3025800138F0500938E0F00C1
:10B6800093060000130EFEFF03A70E00032608001A
:10B69000130F4F00B377C701B373C601B387774069
:10B6A000B387D700135707011356060193D60741F6
:10B6B0003307C7403307D70093160701B3F7C70115
:10B6C000B3E7D70013084800232EFFFE938E4E00E9
:10B6D00093560741E36A58FA1307540133848240B2
:10B6E0001304B4FEB3B2E20013CF120013542400CB
:10B6F000130740006384020AB38FEF003388E5002C
:10B70000B70E0100130E080013860F00938EFEFF84
:10B7100063F46F0C83270600130E4E0013064600D9
:10B7200033F7D7013307D70093D5070113570741E4
:10B730003307B700B387D700B3F7D70193160701D4
:10B74000B3E7D700232EFEFE93560741E36466FC61
:10B750001303F3FF3303F3411373C3FF330768008D
:10B76000639A07008327C7FF9388F8FF1307C7FF73
:10B77000E38A07FE8320C1000324810023281501EA
:10B7800083244100032901001301010167800000A7
:10B7900013091000E3DE06E86FF09FEA13071400B8
:10B7A000131727006FF05FF593050000EFF00FB55A
:10B7B000630005068320C100032481009307100065
:10B7C0002328F500232A05008324410003290100D2
:10B7D00013010101678000001307000063160F00CA
:10B7E0003387E5006FF0DFF7131724003387E50098
:10B7F0006FF01FF7B7160280371502809386462632
:10B8000013060000930550241305052BEF100008C4
:10B81000B71602803715028093864626130600006D
:10B82000930570231305052BEF104006B707F07F33
:10B83000B3F5B700B707C0FCB385F5009307000068
:10B840006356B0001385070067800000B305B04061
:10B8500093D545419307300163CCB700B707080083
:10B86000B3D5B74093070000138507006780000039
:10B870009385C5FE1307E001930710006346B700E8
:10B88000B7070080B3D7B700930500001385070002
:10B8900067800000130101FE232A91008324050123
:10B8A000232C81001304450193942400B3049400D5
:10B8B0002328210103A9C4FF2326310123244101A8
:10B8C0001305090093890500232E1100EFF0CFD84E
:10B8D00013070002B307A74023A0F9009307A000B5
:10B8E000138AC4FF63DCA708130655FF6370440581
:10B8F00083A784FF630C0604B306C74033D7D70081
:10B900003319C9003369E900938584FF3707F03F95
:10B910003367E900B397C700637EB40203A644FF10
:10B92000B356D600B3E7D7006F00C0029307B0004C
:10B93000630CF5003319C9003707F03F3367E9009E
:10B94000930700006F000001930700003707F03FE6
:10B950003367E9008320C10103248101832441016D
:10B96000032901018329C100032A810013850700EF
:10B970009305070013010102678000009306B000E1
:10B98000B386A640B707F03F3357D9003367F700B7
:10B99000930700006376440183A784FFB3D7D700E1
:10B9A000130555013319A900B367F9006FF09FFA29
:10B9B000130101FD232A5101938A0500930510000C
:10B9C00023229102232E3101232C4101232611022F
:10B9D000232481022320210393040600138A0600F6
:10B9E00093090700EFF08F916302051037071000ED
:10B9F00013D944019307F7FF1379F97F1304050066
:10BA0000B3F7970063040900B3E7E7002326F100CA
:10BA100063920A061305C100EFF08FCB0327C10024
:10BA20009304100023289400232AE40093070502BE
:10BA3000630809081309D9BC3309F90093045003BA
:10BA400023202A013385F44023A0A9008320C102CA
:10BA50001305040003248102832441020329010207
:10BA60008329C101032A8101832A410113010103B2
:10BA7000678000001305810023245101EFF04FC5BA
:10BA80000327C10093070500630E05040326810008
:10BA900093060002B386A640B316D7003357A7001B
:10BAA000B3E6C6002326E100B334E000938414001B
:10BAB000232AD400232CE40023289400E31C09F655
:10BAC000139724003307E400032507019387E7BC9D
:10BAD0002320FA00EFF04FB8939454003385A4402C
:10BAE0006FF09FF6832681006FF01FFCB71602806F
:10BAF0003715028093864626130600009305F03022
:10BB00001305052BEF009058130101FD232021039D
:10BB10001389050093058100232611022324810245
:10BB200023229102232E310193090500EFF09FD6C5
:10BB30009304050013840500130509009305C10053
:10BB4000EFF05FD50327090183A709018326C10010
:10BB5000B387E74003278100939757003307D74007
:10BB6000B387E70013070500635EF0029397470170
:10BB70003384870093860500138504009305040031
:10BB800013060700EF10D0568320C1020324810260
:10BB900083244102032901028329C1011301010306
:10BBA0006780000093974701B385F5406FF09FFCD5
:10BBB000130101FF232021012326110093077001A7
:10BBC0001309050063DAA70483A741C483A581C4D0
:10BBD000232481002322910003A4C1C483A401C5AE
:10BBE000138507001306040093860400EF204072BB
:10BBF0001309F9FF93070500E31409FE03248100EC
:10BC00008320C1008324410003290100138507001C
:10BC100013010101678000003717028013193500F6
:10BC20001307872E33072701832707018320C100CD
:10BC30008325470103290100138507001301010132
:10BC400067800000832606019385F5FF93D5554054
:10BC5000938515009307460193962600939525003A
:10BC6000B386D700B305B50063F8D7021307050004
:10BC700003A807009387470013074700232E07FFF9
:10BC8000E3E8D7FEB387C6409387B7FE93F7C7FFB5
:10BC9000938747003305F5006378B5001305450029
:10BCA000232E05FEE36CB5FE678000000327050127
:10BCB00013D65540930645016352C7021317270058
:10BCC000B387E60063F2F60403A7C7FF9387C7FFB5
:10BCD000E30A07FE13051000678000009317260093
:10BCE000B387F600E350E6FE93F5F501E38C05FC1F
:10BCF00003A60700130510003357B6003317B7002B
:10BD0000E302E6FC67800000130500006780000086
:10BD1000130101FD23229102232611029304060040
:10BD20006388051E23248102232021031384050038
:10BD3000232E3101232A5101232C4101130905002F
:10BD4000EF904FB80327C4FF9387B40093066001B8
:10BD5000930A84FF9379C7FF63F2F61013FA87FF03
:10BD600063C2071063609A1063D24913B727028039
:10BD700023248101138C879703268C00B3863A0114
:10BD800083A746006308D61C13F6E7FF3386C60078
:10BD90000326460013761600631A061493F7C7FFAE
:10BDA0003386F9006358460D13771700631C0702AA
:10BDB00023267101832B84FF23286101B38B7A41F1
:10BDC00003A74B001377C7FFB387E700338B370117
:10BDD000635C4B33338BE90063584B29032B010120
:10BDE000832BC1009385040013050900EF801FB267
:10BDF00093040500630805408327C4FF130785FFEC
:10BE000093F7E7FFB387FA006386E7241386C9FF39
:10BE10009307400263E4C72E13073001636AC7200B
:10BE200093070500130704008326070023A0D7000B
:10BE30008326470023A2D7000327870023A4E70017
:10BE40009305040013050900EF800FFC130509009A
:10BE5000EF908FA7032C81006F00C006130A00012A
:10BE6000E3749AF09307C0002320F90093040000C4
:10BE70006F00400583A7C60003A78600032C81003E
:10BE8000930906002326F70023A4E70083A74A00AE
:10BE9000B38649411306F00093F7170033873A0140
:10BEA0006362D608B3E7370123A2FA00832747006D
:10BEB00093E717002322F70013050900EF90CFA0A6
:10BEC00093040400032481028320C1020329010298
:10BED0008329C101032A8101832A410113850400BA
:10BEE00083244102130101036780000013771700C8
:10BEF000E31A07EE23267101832B84FF23286101B7
:10BF0000B38B7A4103A74B001377C7FF6FF09FEC09
:10BF10008320C1028324410293050600130101031B
:10BF20006F80DF9EB3E7470123A2FA00B3854A0181
:10BF300093E6160023A2D50083274700938585004A
:10BF40001305090093E717002322F700EF80CFEBDA
:10BF50006FF09FF693F7C7FFB386370113060A0108
:10BF600063D0C62613771700E31E07E62326710168
:10BF7000832B84FF23286101B38B7A4103A74B00F5
:10BF80001377C7FFB387E700338B3701E344CBE474
:10BF900083A7CB0003A78B001386C9FF930640023B
:10BFA0002326F70023A4E70093848B0063E4C628CC
:10BFB00013073001938704006372C702032704004C
:10BFC0009307B00123A4EB000327440023A6EB0052
:10BFD00063EAC7261304840093870B010327040038
:10BFE00023A0E7000327440023A2E70003278400DF
:10BFF00023A4E70033874B01330B4B412324EC0090
:10C0000093671B002322F70083A74B001305090049
:10C0100093F71700B3E7470123A2FB00EF90CF8A05
:10C02000032B0101832BC100032C81006FF09FE9DA
:10C03000832604001307B0012320D5008326440083
:10C040002322D500636EC71413078400930785006D
:10C050006FF09FDD8327C5FF032C810093F7C7FF97
:10C06000B389F9006FF09FE283A7CB0003A78B0091
:10C070001386C9FF930640022326F70023A4E70096
:10C0800093848B0063E6C610130730019387040086
:10C09000637CC702032704009307B00123A4EB00CD
:10C0A0000327440023A6EB0063F8C714832784000A
:10C0B00023A8FB008327C40023AAFB00630CD60A35
:10C0C0001304040193878B010327040023A0E700D6
:10C0D0000327440023A2E7000327840023A4E700EA
:10C0E00093090B00938A0B00032B0101832BC100E2
:10C0F000032C8100138404006FF05FD993050400C2
:10C10000EFC09FF16FF0DFD383A7C60003A78600BF
:10C110001386C9FF930640022326F70023A4E700F5
:10C1200003A78B0083A7CB0093848B002326F70003
:10C1300023A4E70063EEC6041307300193870400CD
:10C14000E374C7F8032704009307B00123A4EB00AE
:10C150000327440023A6EB0063F0C70A03278400EB
:10C160009307400223A8EB000327C40023AAEB0097
:10C17000E318F6F40327040193870B0213048401E8
:10C1800023ACEB000327C4FF23AEEB006FF0DFF31B
:10C190009305040013850400EFC01FE86FF05FF4FF
:10C1A000032784002324E5000327C4002326E50099
:10C1B0006304F60613070401930705016FF0DFC659
:10C1C000B38A4A01B386464123245C0193E71600F3
:10C1D00023A2FA008327C4FF130509009304040077
:10C1E00093F71700B3E74701232EF4FEEF80DFED4E
:10C1F000032C81006FF01FCD1304840093870B0183
:10C200006FF09FEC13050900EF801FEC9304000012
:10C21000032C81006FF01FCB8326040113078401D8
:10C22000930785012328D50083264401232AD500BE
:10C230006FF09FBF9305040013850400EFC0DFDD9E
:10C240006FF05FDB8327840023A8FB008327C400F3
:10C2500023AAFB006308D6001304040193878B0113
:10C260006FF0DFD70327040193870B0213048401C7
:10C2700023ACEB000327C4FF23AEEB006FF01FD607
:10C2800083A7C1B867800700638405029307F00F96
:10C2900063E8C7002380C500130510006780000015
:10C2A0009307A0082320F5001305F0FF6780000026
:10C2B0001305000067800000130101FE232C81009C
:10C2C000232A9100232E110083A7C1B8130405006F
:10C2D0009384060063820502E78007009307F0FF5E
:10C2E0006306F5028320C1010324810183244101F7
:10C2F000130101026780000013060000930541004E
:10C30000E78007009307F0FFE31EF5FC23A004007D
:10C310009307A0088320C1012320F4000324810196
:10C32000832441011301010267800000130101FE13
:10C33000232C8100232A9100232E110083A401C7FE
:10C3400083A7C1B813040600630A0502138605001B
:10C35000930604009305050013850400E780070099
:10C360009307F0FF630AF5028320C10103248101D2
:10C370008324410113010102678000009306060037
:10C38000930541001306000013850400E7800700B1
:10C390009307F0FFE31AF5FC232004008320C1017A
:10C3A000032481019307A00823A0F4008324410102
:10C3B00013010102678000008397C500130101F893
:10C3C000232C8106232E110613F727001384050062
:10C3D000630407029387350423A0F50023A8F50022
:10C3E0009307100023AAF5008320C10703248107C7
:10C3F00013010108678000008395E500232A910658
:10C40000232821072326310723244107930405000D
:10C4100063C6050813068100EF00403B634E050626
:10C420008327C10037F90000B71900003379F900FC
:10C43000B7E7FFFF3309F90013391900130A004069
:10C440009389098093050A0013850400EF800FCCBF
:10C450008317C4006308050693E707082320A40098
:10C460002328A4002316F400232A44016310090A98
:10C47000B3E737018320C1072316F40003248107A3
:10C4800083244107032901078329C106032A810662
:10C4900013010108678000008317C40093F70708A1
:10C4A00013090000638E0704130A000493050A00B1
:10C4B00013850400EF808FC58317C4009309000023
:10C4C000E31C05F813F70720631E070493F7C7FF63
:10C4D00093E72700130734042316F4009307100092
:10C4E00083244107032901078329C106032A810602
:10C4F0002320E4002328E400232AF4006FF0DFEE79
:10C50000130A0040930900006FF0DFF38315E40085
:10C5100013850400EF00C031631005028317C400C7
:10C520006FF01FF583244107032901078329C10602
:10C53000032A81066FF05FEB8357C40093F7C7FFB0
:10C5400093E717009397070193D707416FF05FF2C6
:10C55000130101F923248106138405008395E50066
:10C560002322910623202107232611069304060087
:10C570001389060063CA050413068100EF00002535
:10C58000634405040327C100B7F700008320C106F8
:10C59000B3F7E70037E7FFFFB387E700032481061F
:10C5A00093B717002320F9001307004023A0E400ED
:10C5B0003715000083244106032901061305058071
:10C5C00013010107678000008357C40093F7070831
:10C5D000638807028320C1060324810693070000B5
:10C5E0002320F9001307000423A0E4000329010617
:10C5F0008324410613050000130101076780000032
:10C600008320C106032481062320F900130700407C
:10C6100023A0E4000329010683244106130500003A
:10C620001301010767800000130101FE232C810024
:10C63000232A910023282101232E1100130905002C
:10C640009384050013040600630605008327450351
:10C6500063800716832784010317C4002324F40092
:10C66000937787006380070883270401638C07069C
:10C67000232631019316270193F9F40F93F4F40F55
:10C6800063D806080327040083264401B307F74054
:10C6900063D8D70A83268400130617002320C4001A
:10C6A0009386F6FF2324D400230037010327440197
:10C6B000938717006302F70C8357C40093F71700A2
:10C6C000639A070C8329C1008320C10103248101DF
:10C6D0000329010113850400832441011301010290
:10C6E000678000009305040013050900EFC00FC127
:10C6F000631E05080317C4002326310183270401A4
:10C700009316270193F9F40F93F4F40FE3CC06F694
:10C710008326440637E6FFFFB72500003367B700DE
:10C720001306F6FFB3F6C6002316E4000327040041
:10C730002322D40683264401B307F740E3CCD7F481
:10C740009305040013050900EFB01FDC631E05020A
:10C7500003270400832684009307100013061700A4
:10C760009386F6FF2320C4002324D400230037013E
:10C7700003274401E312F7F49305040013050900AD
:10C78000EFB09FD8E30005F48329C1009304F0FFC4
:10C790006FF09FF39307A000E396F4F29305040073
:10C7A00013050900EFB05FD6E30E05F06FF0DFFD73
:10C7B000EF70CF906FF01FEA9307050003A501C744
:10C7C00013860500938507006FF01FE6130101FF34
:10C7D0001387050023248100232291001304050000
:10C7E00093050600130507002326110023A401C8A2
:10C7F000EF309FCC9307F0FF630CF5008320C1005E
:10C80000032481008324410013010101678000009B
:10C8100083A781C8E38407FE8320C1002320F4009E
:10C82000032481008324410013010101678000007B
:10C83000130101FF2324810023229100130405002A
:10C84000138505002326110023A401C8EF305FCC17
:10C850009307F0FF630CF5008320C10003248100DF
:10C8600083244100130101016780000083A781C870
:10C87000E38407FE8320C1002320F4000324810009
:10C8800083244100130101016780000003A701C751
:10C89000130101FF938706001308060023261100E9
:10C8A0008328C70093060500138705001386070039
:10C8B00063000802B717028093874751B7150280BB
:10C8C0009385455213850800EF00C014EF00C0198E
:10C8D00037080180930748C8130848C86FF01FFE47
:10C8E000130101FF93060600130600002326110022
:10C8F000EFF0DFF9B3B7C502130101FF23261100E2
:10C9000023248100B385C5026390070AEF800F805E
:10C91000130405006300050A0326C5FF1307400240
:10C920001376C6FF1306C6FF6368C704930630017B
:10C930009307050063F2C6022320050023220500A9
:10C940009307B00163F8C7042324050023260500DC
:10C9500093070501630CE60623A0070023A2070046
:10C9600023A407008320C1001305040003248100D1
:10C97000130101016780000093050000EF704FE78D
:10C980008320C10013050400032481001301010169
:10C99000678000009307850023A0070023A20700FB
:10C9A00023A407006FF01FFCEF00800B9307C0006B
:10C9B0002320F500130400008320C10013050400A8
:10C9C0000324810013010101678000002328050072
:10C9D00093078501232A05006FF01FF8130101FC5E
:10C9E0001303C1022326D10293060300232E110054
:10C9F0002328E102232AF102232C0103232E110311
:10CA000023266100EFA09F808320C1011301010450
:10CA100067800000130E0500130101FC03A501C788
:10CA2000130381022324C1022326D10213860500A9
:10CA30009306030093050E00232E11002328E10224
:10CA4000232AF102232C0103232E11032326610044
:10CA5000EFA0CFFB8320C101130101046780000018
:10CA600003A501C767800000130101FF13056000E3
:10CA700023261100EF00802A13051000EF30DFA0FD
:10CA80008327851163860700130500006780000077
:10CA9000130101FF930500082324810023261100C0
:10CAA00013040500EF709FE6232CA4106304050215
:10CAB000930705082320050013054500E31CF5FE38
:10CAC000130500008320C10003248100130101012C
:10CAD000678000001305F0FF6FF0DFFE130101FE19
:10CAE000232A9100232E11009307F00193040500DF
:10CAF00063ECB70283278511232C81001384050082
:10CB0000638C070213142400B38787000324810178
:10CB100003A5070023A0C7008320C101832441018E
:10CB20001301010267800000930760012320F500D4
:10CB30001305F0FF6FF05FFE930500082326C10088
:10CB4000EF70DFDC23ACA4100326C10093070500BF
:10CB50001307050093060508630A05002320070054
:10CB600013074700E31CD7FE6FF0DFF903248101B0
:10CB70001305F0FF6FF05FFA130101FF232291000C
:10CB8000232611009307F0019304050063E0B70A20
:10CB900083278511232481001384050063840704FF
:10CBA00013972500B387E70003A70700630C07026C
:10CBB00093061000630CD7009306F0FF6308D704B8
:10CBC00023A0070013850500E70007000324810068
:10CBD000130500008320C1008324410013010101DB
:10CBE0006780000013850400EF00C04313060400B3
:10CBF000032481008320C1009305050013850400F0
:10CC000083244100130101016F00803B0324810054
:10CC10008320C100930760012320F5008324410095
:10CC200013051000130101016780000093076001E4
:10CC30002320F5001305F0FF6FF0DFF99307F001F3
:10CC400063EAB70C83278511130101FF23248100B8
:10CC5000232291002326110013840500930405006C
:10CC60006380070813172400B387E70003A70700B2
:10CC7000630C07029306F0FF6300D70693061000CB
:10CC80006300D7041305040023A00700E700070092
:10CC9000130500008320C100032481008324410088
:10CCA00013010101678000008320C100032481007B
:10CCB0008324410013051000130101016780000067
:10CCC0008320C10003248100832441001305300028
:10CCD0001301010167800000130520006FF09FFB26
:10CCE00093050008EF709FC223ACA41093070500C2
:10CCF000630E0500130705009306050823200700AF
:10CD000013074700E31CD7FE6FF0DFF51305F0FFB4
:10CD10006FF05FF81305F0FF67800000130101FF5B
:10CD200023229100232611009307F00183A401C759
:10CD300063EEA70883A78411232481001304050050
:10CD40006382070413172500B387E70003A70700D2
:10CD5000630A070293061000630AD7009306F0FFE8
:10CD60006306D70423A00700E7000700032481001F
:10CD7000130500008320C100832441001301010139
:10CD80006780000013850400EF00C029130604002B
:10CD9000032481008320C10093050500138504004E
:10CDA00083244100130101016F00802103248100CD
:10CDB0008320C1009307600123A0F4001305100035
:10CDC0008324410013010101678000009307600183
:10CDD00023A0F4001305F0FF6FF0DFF9130101FF4A
:10CDE00023202101232611009307F00103A901C785
:10CDF00063E2A7042324810013040500032589119D
:10CE00002322910093840500630E0502131424006D
:10CE1000B307850003A507000324810023A0970022
:10CE2000832441008320C100032901001301010173
:10CE300067800000930760012320F9001305F0FFCD
:10CE40006FF05FFE9305000813050900EF701FAC3B
:10CE5000232CA9109307050013070508630A050092
:10CE600023A0070093874700E31CF7FE6FF01FFA2B
:10CE700003248100832441001305F0FF6FF09FFA23
:10CE8000130101FF2324810003A401C723261100FD
:10CE900083278411638C0700130500008320C100E1
:10CEA000032481001301010167800000930500083D
:10CEB00013050400EF709FA5232CA410630C05003C
:10CEC000930705082320050013054500E31CF5FE24
:10CED0006FF09FFC1305F0FF6FF05FFC130101FF83
:10CEE00023229100232611009307F00183A401C798
:10CEF00063E4A70C83A78411232481001304050095
:10CF00006382070813172400B387E70003A707000D
:10CF1000630C07029306F0FF6300D7069306100028
:10CF20006300D7041305040023A00700E7000700EF
:10CF300003248100130500008320C10083244100E5
:10CF40001301010167800000032481008320C100D8
:10CF500083244100130510001301010167800000C4
:10CF6000032481008320C100832441001305300085
:10CF700013010101678000000324810013052000D4
:10CF80006FF09FFB9305000813850400EF701F9856
:10CF900023ACA41093070500630E050013070500DA
:10CFA000930605082320070013074700E39CE6FECD
:10CFB0006FF05FF5032481001305F0FF6FF0DFF7DA
:10CFC000130101FF13870500232481002322910010
:10CFD000130405009305060013050700232611001E
:10CFE00023A401C8EF308FD39307F0FF630CF50043
:10CFF0008320C10003248100832441001301010127
:10D000006780000083A781C8E38407FE8320C100F6
:10D010002320F40003248100832441001301010133
:10D02000678000006F304FCDB7071000130101FE7D
:10D03000938EF7FF33F8BE00B3F7DE0013D346013B
:10D040002328210113D9450193973700232C810010
:10D050001318380013D4F5011357D5019358D6018E
:10D060001379F97F1373F37F232E1100232A910084
:10D070002326310193D6F601B3E8F80033670701A0
:10D0800093153500131F3600B30769406304D41E9F
:10D090006352F016630603289306F07F6306D942B5
:10D0A000930680031306100063CEF602B7068000D5
:10D0B000B3E8D8009306F00163CEF652930600025F
:10D0C000B386F6403396D8003355FF00B316DF0021
:10D0D0003366A600B336D000B3D8F8003366D60066
:10D0E000330717413386C540B3B5C5009304060026
:10D0F000B309B7409397890063DA0732B707800016
:10D100009387F7FFB3F9F9006388092C13850900A9
:10D11000EF201001930785FF930600023387F64046
:10D1200033D7E400B399F90033673701B394F400BF
:10D1300063C8274BB387274193871700B386F64010
:10D140003396D400B3D9F4003336C00033663601C9
:10D15000B316D700B3E4C600B359F70013090000B3
:10D1600093F774006380070293F7F40013074000FD
:10D17000638AE7009387440033B69700B389C900F8
:10D18000938407009397890063DA076E9307190069
:10D190001307F07F130E04006386E72A370780FF2A
:10D1A0001307F7FF33F7E90093F7F77F1318D70159
:10D1B00013D63400131797003368C8001357C700FD
:10D1C0008320C1010324810193974701B3E7E7005E
:10D1D0001317FE01B3E7E70083244101032901018E
:10D1E0008329C1001305080093850700130101027C
:10D1F00067800000638C0714B30723416312093C66
:10D200003365B7006304054C1385F7FF63020560BF
:10D210001308F07F638607579307800313061000F7
:10D2200063CCA702930705001306F001634CF65682
:10D23000130500023305F5403316A70033D8F50077
:10D240003395A500336606013335A0003357F70048
:10D250003366A600B388E8403306CF403337CF00AB
:10D2600093040600B389E840130903001384060001
:10D270006FF05FE86350F01E63100314B3E6E8013B
:10D28000638C06269386F7FF638006481306F07FBB
:10D29000638CC722930780039309100063CCD702E5
:10D2A000938706009306F00163C0F64A93060002D6
:10D2B000B386F640B399D8003356FF00B316DF00AB
:10D2C000B3E9C900B336D000B3D8F800B3E9D90048
:10D2D00033071701B385B900B3B93501938405004D
:10D2E000B389E9009397890063D2071413091900E1
:10D2F0009307F07F630CF936B70780FF9387F7FF3A
:10D3000013F61400B3F7F90013D714003367C700FE
:10D310001396F701B364E60093D917006FF05FE44A
:10D32000B3E6E801638A061C9386F7FF6380064034
:10D330001306F07F638AC718930780031306100053
:10D34000E3C2D7DA938706006FF0DFD6130819001F
:10D350001378E87F631C08223363B70033E8E801E1
:10D3600063100938630E034663060840B389E5413C
:10D3700033B53501330617413306A6401315860031
:10D38000635E0550B305BF403387E840333FBF00BD
:10D390003307E7411316870093840500635E065246
:10D3A000B70780FF9387F7FF3377F700138E0600E8
:10D3B000930710006FF09FDF9306F07F6306D9108C
:10D3C0009306800393091000E3C6F6F0B7068000C9
:10D3D000B3E8D8006FF01FED13850400EF20405430
:10D3E000930785019306F001E3D8F6D2130785FF72
:10D3F0003397E40063C62723338927419307190035
:10D4000063D6F648130919FE93060002B3542701A8
:10D41000638CD70093060004B387F6403317F700F8
:10D420003337E000B3E4E4001309000093F774001D
:10D43000E39C07D29307090013D634001387090031
:10D440006F00000C9307F07F130700001308000023
:10D450006FF01FD7638A070CB30723416302091ECD
:10D460009306F07F6308D33293068003930910007C
:10D4700063CEF602B70680003367D7009306F0014B
:10D4800063C8F63C93060002B386F640B319D70092
:10D4900033D6F500B396D500B3E9C900B336D00052
:10D4A0003357F700B3E9D900B388E8003387E901BF
:10D4B000B339370193040700B38919011309030035
:10D4C0006FF05FE263100802131635001356360042
:10D4D0001318D7013368C8001357370033670701A3
:10D4E00063060718130E00009307F07F3707080044
:10D4F000130800006FF0DFCC13163500135636000A
:10D500001318D7019306F07F3368C800135737000C
:10D51000E386D7FC1317C7001357C70093F7F77FAD
:10D52000130E04006FF0DFC99306190013F8E67FAD
:10D5300063180814B366B700631C092863820630B9
:10D54000B3E6E80163880622B387E501B3B5B70007
:10D55000330717013307B70013D837009317870035
:10D56000130E040063DE0734B70780FF9387F7FFCD
:10D570003377F7009317D7011357370033E80701C4
:10D580003377D701930710006FF09FC33388E541CD
:10D59000B3B70501B3091741B389F94093978900DF
:10D5A0009304080063C6071033683801E31E08B40B
:10D5B000130E000093070000130700006FF05FC018
:10D5C0001305F07F630EA31A1305800313061000E2
:10D5D000E344F5C8370680003367C7006FF0DFC447
:10D5E000B70980FF9389F9FF3309F940B37937010F
:10D5F0006FF01FB7938607FE13060002B3D6D8005C
:10D60000638AC70013060004B307F640B397F80017
:10D61000336FFF003336E0013366D6006FF09FAC06
:10D62000B70680FF9386F6FFB307F9403377D7003C
:10D630001318D70133683801135737006FF09FED87
:10D64000B366B7006386061E9386F7FF638E060AED
:10D650001305F07F6380A7149307800393091000DC
:10D66000E3C6D7E4938706006FF05FE1130E040072
:10D670009307F07F13070000130800006FF05FB4FA
:10D680009307F07FE384F6FE338FE501B335BF00E7
:10D69000B3071701B387B7001396F701135F1F0095
:10D6A000B364E60193D91700138906006FF05FABEE
:10D6B0003306BF40B387E8403337CF0093040600FA
:10D6C000B389E740138406006FF01FA413163600D9
:10D6D0001356360013840600138708006FF05FE2CC
:10D6E000E31203DE6306081C13D738001316360056
:10D6F0009398D80133671701135636003367C70074
:10D70000138406006FF0DFDD338FE501B3081701E6
:10D71000B335BF00B389B8009397890093040F0015
:10D7200063D4070E130920006FF01FBD338FE5414E
:10D73000B3081741B3B5E50193040F00B389B840AE
:10D74000130910006FF01F9B938607FE130600025B
:10D75000B3D6D800638AC70013060004B307F640A7
:10D76000B397F800336FFF00B339E001B3E9D90094
:10D770006FF05FB613163500935936006FF05FEB0C
:10D78000131636001356360013840600138708005C
:10D790006FF01FD413163600135636001387080097
:10D7A0006FF01FD3138507FE130600023355A70041
:10D7B000638AC70013060004B307F640B317F700E7
:10D7C000B3E5F5003336B0003366A6006FF0DFA88E
:10D7D000E38206FC33EFE801E3160FD06FF0DFCEF3
:10D7E000E30808DC131836009397D8011358380063
:10D7F00013D738003368F8003377D701138E06004B
:10D80000930700006FF0DF9B930710006FF0DFC2FB
:10D81000B305BF40B388E8403337BF0093840500A9
:10D82000B389E84013840600130910006FF09F8C41
:10D830001316360013563600138708006FF05FCCBE
:10D840001316360093593600138708006FF05FDE19
:10D85000938607FE13060002B356D700638AC700FB
:10D8600013060004B307F640B317F700B3E5F5005D
:10D87000B339B000B3E9D9006FF05FC313D63400F9
:10D8800093070900138709006FF09FC793060002F2
:10D89000B386F640130600006FF05F8B33E8C900D3
:10D8A000E30808D093D93900130706006FF05FD85A
:10D8B000130E00009307F07F370708006FF05F90AA
:10D8C0009317D7011357370033E807013377D70190
:10D8D000930700006FF0DF8E1318D70193D5350042
:10D8E0003368B80013573700138406006FF09FC2E7
:10D8F000130101FD232E310193D945012324810217
:10D900002322910223202103232C4101232671018C
:10D910009394C50023261102232A51012328610173
:10D920002324810193F9F97F13040500930B06006A
:10D930001389060093D4C40013DAF501638A091829
:10D940009307F07F6388F908939434009357D501C7
:10D95000B3E7970037078000B3EAE700131B3500F1
:10D96000938919C093040000130C000093574901D8
:10D970001314C90093F7F77F1354C4001359F90126
:10D98000638207081307F07F638AE71813143400D3
:10D9900013D7DB0133678700938717C037048000F4
:10D9A0003364870093983B00B389F9401306000065
:10D9B0001307F000B3462A0163649724B717028067
:10D9C0009394240093874755B384F40003A704007D
:10D9D00067000700B3EAA400639E0A1C935749013D
:10D9E0001314C90093F7F77F130B00009304800012
:10D9F0009309F07F130C20001354C4001359F9014C
:10DA0000E39207F8B36874016382081C630A044A4E
:10DA100013050400EF10D07093070500930655FF1F
:10DA20001307D001938887FF3307D74033141401BD
:10DA300033D7EB0033648700B3981B01B3873701FA
:10DA40009389373F130600006FF09FF63307F740C6
:10DA500013068003635AE64E930700001306000086
:10DA6000130700008320C10203248102939747011A
:10DA7000B3E7C7009396F601B3E7D70083244102CA
:10DA8000032901028329C101032A8101832A41015B
:10DA9000032B0101832BC100032C81001305070018
:10DAA0009385070013010103678000009307F07F4F
:10DAB00013060000130700006FF0DFFA9306000062
:10DAC0009307F07F37060800130700006FF09FF9F7
:10DAD000B3EAA400638C0A10638804401385040031
:10DAE000EF10106413070500930655FF9307D0014C
:10DAF000130B87FFB387D740B3946401B357F40087
:10DB0000B3EA9700331B64019309D0C0B389E9409D
:10DB100093040000130C00006FF05FE5B36874011C
:10DB200093891980639C080A93E42400130400007D
:10DB3000130620006FF0DFE713090A0013840A00C0
:10DB400093080B00930720006308FC4E93073000F6
:10DB5000E306FCF69307100093060900E30EFCEEC3
:10DB60009387F93F6356F02A13F778006316074A44
:10DB700013177400635A0700B70700FF9387F7FF76
:10DB80003374F400938709401307E07FE340F7F212
:10DB900093D838001317D401131694003367170174
:10DBA0001356C60093F7F77F6FF0DFEB130C0600F8
:10DBB0006FF05FF9938A0400130B05009304C00013
:10DBC0009309F07F130C30006FF05FDA93E41400D8
:10DBD00013040000130610006FF09FDD93E434007F
:10DBE00093880B00130630006FF09FDC130B0000CE
:10DBF0009304400093090000130C10006FF01FD72E
:10DC00006364542B63808A2A13030B009389F9FF02
:10DC100093870A00130B00001317840013550701A4
:10DC200033D4A70213D688013366E6001318060121
:10DC3000135808019395880013570301B3F7A702FF
:10DC4000B308880293970701B367F70063FA1701D7
:10DC5000B307F6001307F4FF63F0C72E13040700A1
:10DC6000B3871741B3D8A70213170301135707014E
:10DC7000B3F7A702B30F1803939707013367F700B1
:10DC8000637AF7013307E6009387F8FF637EC728BE
:10DC90009388070013140401B702010033641401D0
:10DCA0001383F2FFB3786400935E040113DE050171
:10DCB00033F36500330F13033307F741B3081E0333
:10DCC00093570F01B38F6E02B388F801B387170122
:10DCD000B38ECE0363F4F701B38E5E00B70F01007D
:10DCE000938FFFFF93D80701B3F7F70193970701CD
:10DCF000337FFF01B388D801B387E701636E17173D
:10DD0000630A1717B307FB4033071741333BFB0088
:10DD1000330767416300E62EB358A70293DE07017D
:10DD20003377A702330F18031317070133E7EE0009
:10DD3000637EE7013307E600938EF8FF636AC72E20
:10DD40006378E72F9388E8FF3307C7003307E7417D
:10DD5000B35EA7029397070193D707013377A70212
:10DD60003308D80313170701B3E7E70063FE070181
:10DD7000B307F6001387FEFF63E8C72A63F6072B95
:10DD8000938EEEFFB387C70093980801B3E8D801DC
:10DD90001395080113DF080113550501B30E650241
:10DDA000B38707413305AE0213D70E0133036F0269
:10DDB000330565003307A700330EEE036376670073
:10DDC00037050100330EAE00370801001308F8FFD5
:10DDD000135507013377070113170701B3FE0E012F
:10DDE0003305C5013307D70163F2A712B307F60065
:10DDF0001383F8FF1388070063E4C71C63E8A724B4
:10DE00006386A7269308030093E818006FF05FD598
:10DE100013071000E39C07C29389E941B3973801C7
:10DE2000B337F000B3193401B3E73701B3D8E800D2
:10DE3000B3E8F80093F778003354E40063800702F6
:10DE400093F7F80013074000638AE70093874800C0
:10DE5000B3B81701330414019388070093158400A5
:10DE6000930710001306000013070000E3CC05BE63
:10DE70006F004013E378FBE8B30EBB0033BF6E01C5
:10DE8000B30FCF003307F701138B0E00930FF4FF8E
:10DE90006374E60863621715638EE81213840F003B
:10DEA0006FF05FE6E3621BD713571B001393FA0171
:10DEB00093D71A003363E300131BFB016FF0DFD528
:10DEC00013850B00EF10D025930655011307C001F1
:10DED00093070502E356D7B4130585FF93080000A6
:10DEE0003394AB006FF09FB5EF109023930655016C
:10DEF0009307C00113070502E3DAD7BE930785FF36
:10DF0000B31AF400130B00006FF01FC0E39EA7EEDE
:10DF1000E30807C46FF09FEDE312E6F8E30C0FF699
:10DF200013840F006FF01FDEE374F7D79388E8FFC8
:10DF30003307C7006FF01FD6E3F217D31304E4FFD3
:10DF4000B387C7006FF0DFD11306F001E356E6ECAC
:10DF5000130610FEB307F64013060002B357F40091
:10DF60006308C7009389E943B3193401B3E8380162
:10DF7000B3381001B3E8F80013F778001306000077
:10DF80006308070293F7F80013074000130400002A
:10DF9000638AE70093874800B3B817013334100150
:10DFA00093880700131694001317D4011356C60064
:10DFB00093D8380033E7E800930700006FF09FAA7A
:10DFC00093080300E312A8E4E30CB7B893E8180041
:10DFD0006FF01FB9E3F4FEECB38ED50133BFBE0082
:10DFE000330FCF001304E4FF138B0E003307E70158
:10DFF0006FF05FD1130720C09387F93F9308F0FFBC
:10E00000E3C8E9E013874800B3381701330414016B
:10E01000930807006FF0DFB513F7F8001306400010
:10E02000E308C7B46FF01FFE930E07006FF0DFD553
:10E0300093880E006FF09FD1930609009307F07F3D
:10E0400013060000130700006FF0DFA11393150003
:10E050003338B3003308C800338807019388E8FFDA
:10E0600093050300E302A8F66FF01FDAE3E0E5FE94
:10E0700093080300E31CB7F46FF09FAE13D745017C
:10E08000B70710009387F7FF13D846011377F77F80
:10E090001303F07F33FEB70093080500B3F7D700F2
:10E0A00093D5F5011378F87F93D6F6011305100088
:10E0B000630C670063086800631407016306FE02CF
:10E0C0006780000067800000E31CE8FEB367FE0085
:10E0D000B3E7C700B3E71701E39407FEB385D54064
:10E0E0003335B00067800000E39CC8FC638AD5002C
:10E0F000E31807FC336E1E013335C0016780000052
:10E10000130500006780000093D84501B707100091
:10E110009387F7FF13D7460193F8F87F130EF07F2C
:10E1200033F3B70013080500930E0500B3F7D700CB
:10E1300093D5F501130F06001375F77F93D6F601FB
:10E140006388C8056304C503639A0806336803013E
:10E150006310050633E6C700630C06086312080A5D
:10E1600013051000638206086780000033E6C700CD
:10E17000631406086396080033630301E30203FE99
:10E180006380D506639205061305100067800000C2
:10E190003363030163120306E31615FFB3E7C700F9
:10E1A000639C0704E390D5FE130500006780000020
:10E1B000E30808FAE398D5FC6F008002E30405FC4D
:10E1C000E392D5FCE34015FD63CCA800E3EC67FACD
:10E1D0006318F300E368DFFB13050000E3F6EEF9D4
:10E1E00013051000E39205F81305F0FF67800000A7
:10E1F000E31A08F8678000001305E0FF678000005D
:10E20000E386D5FC6FF01FF893D84501B7071000DF
:10E210009387F7FF13D7460193F8F87F1303F07F36
:10E2200033FEB70013080500930E0500B3F7D700BF
:10E2300093D5F501130F06001375F77F93D6F601FA
:10E24000638A6804630465026398080633680E01F4
:10E25000631E050833E6C7006304060A6316080A4E
:10E2600013051000638006086780000033E6C700CE
:10E2700013052000E31A06FE63960800336E0E01B4
:10E28000E3000EFE638CD504639E050413051000A5
:10E2900067800000336E0E0163100E06E31615FF53
:10E2A000B3E7C70013052000E39007FCE39ED5FC0D
:10E2B0001305000067800000E30805FCE396D5FC29
:10E2C000E34415FD63CCA800E3E0C7FD6318FE003E
:10E2D000E36CDFFB13050000E3F8EEF91305100013
:10E2E000E39405F81305F0FF67800000E30A08F6E1
:10E2F000E39CD5F86FF09FFE1305200067800000B7
:10E30000E31408F867800000E380D5FC6FF0DFF7C6
:10E31000130101FD93D74501232481022322910299
:10E3200023202103232E3101232A51019394C50078
:10E3300023261102232C4101232861012326710188
:10E340002324810193F7F77F13040500930A060045
:10E350009389060093D4C40013D9F501638407425E
:10E360001307F07F6386E70A939634001357D501AD
:10E370003367D700B7068000B364D700131A35009F
:10E38000138C17C0130B0000930B000093D74901A7
:10E390001397C90093F7F77F138F0A001354C70030
:10E3A00093D9F9016380070A1307F07F638EE7149E
:10E3B0001317340093D5DA01B3E5E500938717C04E
:10E3C0003707800033E4E500139F3A00B3888701E4
:10E3D000130300001307A00013851800634C670B9C
:10E3E000B3453901930720001388050063C66715FC
:10E3F000130BFBFF1307100063606717630AF33CFE
:10E4000093040400130A0F00930B03006F00C0096C
:10E4100033EAA40063180A3C93D749011397C90053
:10E4200093F7F77F93040000130B8000130CF07F29
:10E43000930B2000138F0A001354C70093D9F901DE
:10E44000E39407F6B36754016382073C6300044A10
:10E4500013050400EF10C04C93080500130755FF87
:10E460009307D001138F88FFB387E740B3D7FA0033
:10E470003317E40133E4E700339FEA01B3081C419A
:10E480009388D8C01307A000130300001385180059
:10E49000E35867F59305090093072000638AFB3270
:10E4A00093073000638CFB48930710001388050026
:10E4B000639AFB46930700009306000013070000D1
:10E4C0008320C1020324810293974701B3E7D70059
:10E4D0009316F801B3E7D700832441020329010210
:10E4E0008329C101032A8101832A4101032B0101F0
:10E4F000832BC100032C81001305070093850700BF
:10E500001301010367800000336754019308FC7F07
:10E51000630A0730371700003348390113070780B3
:10E52000136B3B009306A000930508003305EC0035
:10E5300063C06639130330001306100033166601FA
:10E5400013770653E31A07F4937706246394073C82
:10E55000137686086312062EB70F0100938EFFFF15
:10E56000B377DA0193560A01B37EDF01135E0F0120
:10E570003387D7033383D603935507013306FE024F
:10E5800033066600B385C500338FC60363F46500A8
:10E59000330FFF01B70301001386F3FF33F3C50008
:10E5A000935F04013377C7003374C400131303016E
:10E5B000B38287023303E30093D5050133878602D4
:10E5C00013D60201B387FF02B387E7003306F600D4
:10E5D000B387F6036374E600B38777003709010059
:10E5E0009309F9FF3377360193D30401B3F634016D
:10E5F000B3F2320113170701B384DE023307570069
:10E60000135606013306F600B385E500B302DE02B9
:10E6100093D70401B38ED303B382D201B3875700DB
:10E62000330E7E0263F4D701330E2E01B7090100C9
:10E63000938EF9FFB3F2D70193D70701B387C701D0
:10E64000B3FED401939202013309D402B382D20102
:10E6500033848302135E0901B386DF02B38686002A
:10E66000330EDE00B38E7F0263748E00B38E3E01E4
:10E67000B70F0100938FFFFFB376FE01939606015B
:10E680003379F901B385E501B38626013386C600E7
:10E6900033B7E5003307E600338F5500B307F700C3
:10E6A000B335BF00B385B700B336D6003336C700E5
:10E6B000B3E6C60033B7E700135E0E01B3B7F5004B
:10E6C000B386C6013367F70093179F003307D7005F
:10E6D000B3E767003307D701B337F00013567F0164
:10E6E0001317970093D67501B3E7C700939595006C
:10E6F00033EAB70093177700B364D70063D00702FB
:10E7000013571A0093771A009396F401B367F70032
:10E7100033EAD70093D41400930805001386F83F1A
:10E720006356C01293777A00638007029377FA00EA
:10E7300013074000638AE70013074A00B337470115
:10E74000B384F400130A07009397740063DA070098
:10E75000B70700FF9387F7FFB3F4F4001386084070
:10E760009307E07F63C4C71C93573A001397D40103
:10E77000939694003367F70093D6C6009377F67F9D
:10E780006FF01FD433EAA40063080A06638E0412F4
:10E7900013850400EF10C01813060500930655FFFB
:10E7A0001307D001930786FF3307D7403357E400A0
:10E7B000B396F400B364D700331AF4009307D0C0C3
:10E7C000338CC740130B0000930B00006FF01FBC8D
:10E7D000138805009307F07F9306000013070000DD
:10E7E0006FF01FCE130A0500130BC000130CF07F4F
:10E7F000930B30006FF09FB993040000130B40009F
:10E80000130C0000930B10006FF05FB8136B1B002C
:10E8100093080C0013040000130F000013031000F2
:10E820006FF05FBB136B2B0013040000130F00008D
:10E83000130320006FF01FBA93040400130A0F00A3
:10E84000930B0300938509006FF01FC51307100099
:10E85000631006109388E84133161A013336C0005E
:10E86000B3981401B357EA00336616013366F60015
:10E8700093777600B3D5E400638007029377F600C0
:10E8800013074000638AE7009307460033B6C700CA
:10E89000B385C50013860700139585009307100004
:10E8A0009306000013070000E34C05C06F00C01082
:10E8B0001307F0006310EB1213080000B7060800FE
:10E8C000130700006FF0DFBFEF10800593065501BE
:10E8D0009307C00113060502E3D4D7EC130585FFA7
:10E8E000130A0000B314A4006FF05FED13850A0053
:10E8F000EF100003130755019307C00193080502A9
:10E90000E3D0E7B6130585FF130F00003394AA0088
:10E910006FF0DFB6130800009307F07FB70608001A
:10E920006FF01FBA930805006FF05FDF9307F07F69
:10E9300093060000130700006FF09FB81308000053
:10E940009307F07FB7060800130700006FF05FB76A
:10E950003307C74093078003E3CEE7B49307F00182
:10E96000E3DAE7EE930710FEB387C7409306000291
:10E97000B3D7F4006308D7009388E843B398140131
:10E98000336A1A01333640013366F6001377760096
:10E9900093060000630807029377F6001307400010
:10E9A00093050000638AE7009307460033B6C7006B
:10E9B000B335C00013860700939695001397D501D1
:10E9C00093D6C600135636003367E600930700005F
:10E9D0006FF01FAF93040400138A0A00930B3000FA
:10E9E000938509006FF05FABB70710009387F7FFBF
:10E9F000130101FEB3F8B70033F8D70093D74601EF
:10EA000093983800232C81002326310113D4F5017B
:10EA100093D945011357D501131838009355D601E2
:10EA2000232E1100232A91002328210113FFF77FB1
:10EA30001303F07F3367170193F9F97F130E040076
:10EA40009318350093D6F601B3E50501931E360001
:10EA5000630C6F2093C61600B387E9416302D41696
:10EA6000E35AF000630A0F246384693C9306800331
:10EA70001305100063CEF602B7068000B3E5D5009B
:10EA80009306F00163C4F64E93060002B386F64087
:10EA90003395D50033D6FE00B396DE003365C5004E
:10EAA000B336D000B3D7F5003365D5003307F74050
:10EAB0003385A84033B6A800930405003309C74046
:10EAC0009317890063D80734B70780009387F7FF4F
:10EAD0003379F9006306092E13050900EF0050642D
:10EAE000930785FF930600023387F64033D7E4008F
:10EAF0003319F90033672701B394F40063C4373F37
:10EB0000B387374193871700B386F6403396D40016
:10EB100033D9F4003336C0003366C900B316D700CA
:10EB2000B3E4C6003359F7009309000093F774006B
:10EB30006380070293F7F40013074000638AE7003D
:10EB40009387440033B597003309A90093840700E5
:10EB50009317890063D0076C938719001307F07F20
:10EB60006386E724370780FF1307F7FF3377E90051
:10EB700093F7F77F1318D70113D5340013179700B5
:10EB80003368A8001357C700137E14008320C10107
:10EB90000324810193974701B3E7E7001317FE01B0
:10EBA000B3E7E70083244101032901018329C10060
:10EBB0001305080093850700130101026780000018
:10EBC0006352F07063160F1CB3E6D501638E062600
:10EBD0009386F7FF63880646638C67249307800358
:10EBE0001309100063CCD702938706009306F00147
:10EBF00063CAF64893060002B386F6403399D500FF
:10EC000033D6FE00B396DE003369C900B336D000B8
:10EC1000B3D7F5003369D9003307F700330619017C
:10EC200033392601930406003309E900931789005C
:10EC300063D2071E938919009307F07F6388F91642
:10EC4000B70780FF9387F7FF13F51400B377F90038
:10EC500013D714003367A7001395F701B364E500D9
:10EC600013D917006FF09FEC33E8D5011383198097
:10EC700063080806630AD4066304030E638E09263C
:10EC8000131536001355350013840600138705004D
:10EC90001318D7013368A8001357370033670701EB
:10ECA00063060710130E00009307F07F3707080074
:10ECB000130800006FF09FEDB3E6D50163860618D8
:10ECC0009386F7FF6382063A63846716930780038F
:10ECD00013051000E3CED7DC938706006FF05FDAF0
:10ECE00093C61600E31AD4F8630803186390092C3E
:10ECF0009307F07FB3661701638806489386F7FF92
:10ED0000638206341305F07F6382A72A930780038A
:10ED10001309100063CAD7029307F00163C6D74CEA
:10ED200093070002B387D7403319F70033D6D800D2
:10ED3000B397F8003369C900B337F000B356D70072
:10ED40003369F900B385D5003307D9013339270179
:10ED5000930407003309B90093090F006FF01FED0A
:10ED60009387190093F7E77F6394071433E8D5017D
:10ED7000B36717016394092A638E07386310083C50
:10ED80001315350013593500930700006F0040112B
:10ED90006380690A9306800313091000E3C0F6E854
:10EDA000B7068000B3E5D5006FF05FE4137E140072
:10EDB0009307F07F13070000130800006FF01FDDBA
:10EDC00013850400EF00D035930785019306F00109
:10EDD000E3DAF6D0130785FF3397E40063CE371BE1
:10EDE000B38937419387190063DEF642938919FE90
:10EDF00093060002B3543701638CD70093060004D6
:10EE0000B387F6403317F7003337E000B3E4E4008C
:10EE10009309000093F77400E39E07D093870900DD
:10EE200013D53400130709006F008002E31C08E6C5
:10EE3000131535001318D701135535003368A80092
:10EE4000135737006FF09FE5131535001355350044
:10EE50001318D7019306F07F3368A80013573700C3
:10EE6000E38ED7E21317C7001357C70093F7F77F56
:10EE7000137E14006FF09FD19386190093F7E67FFD
:10EE8000639E0712B3671701639A092463860730EC
:10EE9000B3E7D501639A07301315350013593500D0
:10EEA0001318D70133682801135737006FF09FFB01
:10EEB0003388D841B3B708013309B7403309F94063
:10EEC000931789009304080063C20712336828016E
:10EED000E31208C0130E00009307000013070000A0
:10EEE0006FF0DFCA370980FF1309F9FFB389F940D2
:10EEF000337927016FF09FC39307F07F33651701C4
:10EF0000630405101388F7FF6302081E1305F07FE2
:10EF1000E388A7D693078003138406001305100027
:10EF200063CA07039307F00163C40719930700023C
:10EF3000B38707413315F700B3D60801B397F8003C
:10EF40003365D500B337F000335807013365F5005A
:10EF5000B38505413385AE4033B7AE009304050059
:10EF60003389E54093090F006FF09FB5938607FE44
:10EF700013060002B3D6D500638AC7001306000447
:10EF8000B307F640B397F500B3EEFE003335D0017A
:10EF90003365D5006FF0DFB1B70680FF9386F6FFCB
:10EFA000B387F9403377D7006FF09FEF1315360022
:10EFB00013553500138705006FF09FCD9307F07F41
:10EFC000E386F6DEB38ED80133B61E01B307B70071
:10EFD000B387C7001395F70193DE1E00B364D50114
:10EFE00013D91700938906006FF05FB433861E4172
:10EFF000B387E54033B7CE00930406003389E7407A
:10F00000138406006FF01FAD13163600135536003B
:10F0100013840600138705006FF09FE3E39807E071
:10F020006306082213D73500131636009395D501D1
:10F030003367B700135636003367C70013840600E2
:10F040006FF01FC6B38ED801B305B70033B61E01EB
:10F050003389C5009317890093840E0063D8070A8B
:10F06000930920006FF0DFBDB38ED841B305B740E0
:10F0700033B6D80193840E003389C540930910003C
:10F080006FF01FA4938607FE13060002B3D6D500C7
:10F09000638AC70013060004B307F640B397F50070
:10F0A000B3EEFE003339D0013369D9006FF01FB7DA
:10F0B000930708FE93060002B357F700630AD800CF
:10F0C00093060004B38606413317D700B3E8E8007F
:10F0D000333510013365F5006FF0DFE7E38807ECA7
:10F0E000B3EED501E3900EBC6FF09FD433861E4182
:10F0F000B385E54033B7CE00930406003389E5407D
:10F1000013840600930910006FF09F9B9307100073
:10F110006FF01FD1E30008DC13163600935736005A
:10F120001398D501139795003368F8001357C7005B
:10F13000138E0600930700006FF05FA53389D84156
:10F14000B3B728013306B7403306F640931786005D
:10F1500063D2070E33861E413387E540B3BECE002F
:10F160003307D741931787009304060063DE071225
:10F17000B70780FF9387F7FF3377F7001384060004
:10F18000930710006FF01F9F1316360013553600BB
:10F19000138705006FF0DFCB1316360013593600C6
:10F1A000138705006FF0DFCFB386D801B307B70030
:10F1B00033B61601B387C7001397870013D83600FC
:10F1C000635E0708370780FF1307F7FFB3F7E70011
:10F1D0001397D701939797003368070113D7C70098
:10F1E000930710006FF09F9A938706FE13060002A4
:10F1F000B357F700638AC60013060004B306D6406F
:10F200003317D700B3E8E800333910013369F90048
:10F210006FF09FB313D534009387090013070900DB
:10F220006FF01FC393060002B386F640130600007A
:10F230006FF09F8E3368C900E30E08C81359390078
:10F2400093070000130706006FF09FC5130E000020
:10F250009307F07F370708006FF05F931397D7018C
:10F26000939797003368070113D7C70093070000EF
:10F270006FF0DF91E38607AE33083F419307080044
:10F28000E38E09C69307800363CA0701B7078000AE
:10F290003367F700138406006FF0DFC8138406009D
:10F2A000130510006FF01FCB1318D701135636004B
:10F2B0003368C80013573700930700001384060013
:10F2C0006FF05FBAE38A07BAB3063F41639609005D
:10F2D000938706006FF01FA29307800313091000A5
:10F2E000E3C4D7A6B70780003367F7006FF0DFA24B
:10F2F00013D74501B70710009387F7FF1347F7FFB0
:10F3000013D84601B3F5B700B3F7D70093165701EA
:10F310001378F87F638006021307F07F130500005F
:10F320006304E80067800000B3E7C7003335F000EE
:10F3300067800000B3E5A50013051000E38E05FC0F
:10F340006780000093D74501B70610001387F6FFCA
:10F3500093F7F77F1306E03F3377B70093D5F501B6
:10F36000635EF6001306D041635EF6003705008049
:10F370001305F5FF3385A500678000001305000025
:10F3800067800000130630433306F6401308F0018F
:10F390003367D7006350C80293063041B387F64005
:10F3A0003357F7003305E040E39C05FC13050700E5
:10F3B000678000009387D7BE3317F7003355C50029
:10F3C0003367A7006FF01FFE130101FF2326110012
:10F3D0002324810023229100630A05041357F54179
:10F3E000B344A700B384E4409307050013850400E9
:10F3F00013D4F701EF00C0529307E041B387A74051
:10F400001307A00093F7F77F6340A7061307B00028
:10F410003307A74033D7E400130555011317C7007E
:10F42000B394A4001357C7006F00400113040000F9
:10F43000930700001307000093040000939747010F
:10F440001314F401B3E7E7008320C100B3E787009A
:10F450000324810013850400938507008324410061
:10F460001301010167800000130555FF3397A400C5
:10F470001317C7001357C700930400006FF01FFC59
:10F48000130101FF2324810023261100130405002A
:10F49000630C0504EF00C0489307E041B387A74021
:10F4A0001307A00093F7F77F6344A7061307B00084
:10F4B0003307A740130555013357E4003314A40064
:10F4C0008320C100130504001317C7000324810023
:10F4D0001357C70093974701B3E7E70093850700E9
:10F4E00013010101678000008320C100130504009F
:10F4F000930700000324810013070000939747013E
:10F50000B3E7E7009385070013010101678000005E
:10F51000130555FF3317A400130400008320C10016
:10F52000130504001317C700032481001357C700F5
:10F5300093974701B3E7E7009385070013010101A3
:10F54000678000008325C500832785000328050008
:10F550008326450013960501130101FE139715003C
:10F56000135606012324F1002326B100232CF100B9
:10F57000232001012322D10023280101232AD100C5
:10F58000232EC1001357170193D5F50193080101EC
:10F590009307C1011315360003A6C7FF9387C7FF62
:10F5A0009356D601B3E6A60023A2D700E394F8FE53
:10F5B000930617001318380013961601232801012B
:10F5C0001356260163020604B7C6FFFF9386064062
:10F5D0003307D7009306E07F63D4E6109307F07FEC
:10F5E0001306000093060000939747019395F501D9
:10F5F000B3E7C700B3E7B70013850600938507009C
:10F600001301010267800000032641018328810164
:10F610000325C101B3661601B3E6A600B3E60601F1
:10F620006314070463820614930650001306000057
:10F6300093D736009316D601B3E6F600131696005C
:10F640009377F77F1356C600939747019395F5017B
:10F65000B3E7C700B3E7B70013850600938507003B
:10F6600013010102678000006384061293D7C8016A
:10F6700013154500B3E7A700B7068000B3F6D7001F
:10F680006382061C370780FF9356C6019398480093
:10F690001307F7FF33F6E700B3E61601B70740009C
:10F6A0003366F60093F686FF9307000013D7360003
:10F6B0009316D601131696001356C600939747016A
:10F6C0009395F501B3E7C700B3E6E600B3E7B700EB
:10F6D000138506009385070013010102678000006F
:10F6E000635CE00C83274101032581010326C101EE
:10F6F00093964700B3E6060193D7C7011318450058
:10F70000131646001355C501B336D000B3E7070101
:10F710003366A600B3E6F60093F77600638007022F
:10F7200093F7F60013054000638AA700938746000D
:10F73000B3B6D7003306D60093860700B70780001C
:10F74000B377F600E38607EE130717009307F07F01
:10F75000E306F7E8B70780FF9387F7FF3376F600F5
:10F760009377F77F6FF09FF4930700001306000074
:10F77000939747019395F501B3E7C700B3E7B70047
:10F7800013850600938507001301010267800000BE
:10F790009307F07F13060000939747019395F501B7
:10F7A000B3E7C700B3E7B7001385060093850700EA
:10F7B00013010102678000009306C0FC634CD70868
:10F7C0009306D003B386E6400327C10113DE5640FB
:10F7D000B70E0800B3EEEE0013152E00232ED10154
:10F7E00093F6F6013388A80013860800130700007B
:10F7F000032306001306460033676700E31AC8FEBA
:10F80000130630003306C641639A06040328080035
:10F81000938616009387470023AE07FF634ED600FA
:10F820003388A700032808009386160093874700B3
:10F8300023AE07FFE356D6FE93074000B387C741C8
:10F840006F004008930500009307F07F370608001B
:10F850006FF09FD9130700006FF01FDD130805023A
:10F8600033082800032808FF130F0002330FDF407E
:10F870003318E80133670701630E060813182600E2
:10F88000B30FF8003386A8000325060003234600C3
:10F89000938747003355D5003313E3013365650083
:10F8A00023AEA7FE13064600E390FFFE9307400039
:10F8B000B387C7411306080233062600B3DEDE0015
:10F8C0002328D6FF93064000B386F6409396260081
:10F8D0009397270013068000B388F80063EAC600F8
:10F8E00023A0080023A20800938686FF938888003F
:10F8F0009307400063E4F60023A00800832701017A
:10F900003337E00003264101B366F7001307000018
:10F910006FF09FE093071000130800006FF09FF94D
:10F92000B7070100637AF502133705101337170084
:10F9300013173700B71702803355E500938787DF29
:10F94000B387A70003C5070093060002B386E6400D
:10F950003385A64067800000B70700016374F50295
:10F9600013070001B71702803355E500938787DF3F
:10F97000B387A70003C50700930600013385A6409F
:10F980006780000013078001B71702803355E50038
:10F99000938787DFB387A70003C50700930680001E
:08F9A0003385A64067800000DA
:10F9A800696C6C6567616C20696E737472756374D9
:10F9B800696F6E20657863657074696F6E20686121
:10F9C8006E646C657220656E74657265640A0065A4
:10F9D80063616C6C20657863657074696F6E20680C
:10F9E800616E646C657220656E74657265640A0088
:10F9F80065627265616B20657863657074696F6EA6
:10FA08002068616E646C657220656E7465726564E9
:10FA18000A00756E6B6E6F776E206578636570741B
:10FA2800696F6E2068616E646C657220656E7465BE
:10FA38007265640A006E6F20657863657074696F1B
:10FA48006E2068616E646C657220696E7374616C97
:10FA58006C65640A00000000556E696D706C656D18
:10FA6800656E7465642073797374656D2063616C69
:10FA78006C2063616C6C6564210A0000840CFFFFD4
:10FA8800840CFFFF540CFFFF540CFFFF540CFFFFC6
:10FA9800540CFFFF540CFFFF540CFFFF840CFFFFB6
:10FAA800740CFFFF540CFFFF540CFFFF540CFFFFB6
:10FAB800540CFFFF740CFFFF740CFFFF4C0DFFFF8D
:10FAC800540CFFFF540CFFFF540CFFFF540CFFFFB6
:10FAD800540CFFFF540CFFFF540CFFFF540CFFFFA6
:10FAE800540CFFFF540CFFFF540CFFFF540CFFFF96
:10FAF800540CFFFF540CFFFF840CFFFFFC0CFFFFAE
:10FB0800540CFFFF540CFFFF540CFFFF540CFFFF75
:10FB1800540CFFFF540CFFFF540CFFFF540CFFFF65
:10FB2800540CFFFF540CFFFF540CFFFF540CFFFF55
:10FB3800300DFFFF540CFFFF540CFFFF540CFFFF68
:10FB4800540CFFFF540CFFFF540CFFFF540CFFFF35
:10FB5800540CFFFF540CFFFF540CFFFF540CFFFF25
:10FB6800540CFFFF540CFFFF540CFFFF540CFFFF15
:10FB7800540CFFFF540CFFFF540CFFFF540CFFFF05
:10FB8800540CFFFF540CFFFF540CFFFF540CFFFFF5
:10FB9800540CFFFF540CFFFF540CFFFF540CFFFFE5
:10FBA800540CFFFF540CFFFF540CFFFF540CFFFFD5
:10FBB800540CFFFF540CFFFF540CFFFF540CFFFFC5
:10FBC800400DFFFF2C0BFFFFD00BFFFFDC0BFFFFEF
:10FBD8000C0BFFFF0C0BFFFF0C0BFFFF0C0BFFFFC9
:10FBE8000C0BFFFF0C0BFFFF3C0BFFFF0C0BFFFF89
:10FBF8000C0BFFFF0C0BFFFF0C0BFFFFB40BFFFF01
:10FC08003C0BFFFF457870656374656420203D20D8
:10FC180025640A00507265646963746564203D2038
:10FC280025640A00526573756C74203A2025642F88
:10FC3800310A000063726564656E63653A20256465
:10FC48000A000000656E763030303300696D6167F8
:10FC5800652025733A20256420696E737472756374
:10FC680074696F6E730A0000696D6167652025739A
:10FC78003A202564206379636C65730A00000000EC
:10FC88000D08FAFDF6F60105FC01FB07FEFEFAF287
:10FC980006F6F9EBE0DAD8D8D6F10902112A2533AD
:10FCA800D3C6C3D2F9FFFAF723282F24100A110B61
:10FCB800DFF10625DFEF0D2CE1F11D1CE2F2051A3C
:10FCC800F3000A0BE4EB1815E502170C00F90DFD1B
:10FCD800FB01162000FEF30201EEDAE3030E190021
:10FCE800F7E1EA19F1E8F924E8E4062BEEEF0A2037
:10FCF8002517FFFEFCF0FFFBEBFDF513F1FE0C1DD5
:10FD08001024FCD5341423F82C1D0EFB140A2006ED
:10FD1800C8031B1BE4191B15171C27F51610E7C58C
:10FD28000114231CEDF0161BDFD6E5FB01F2F7F3F7
:10FD380008E4F51C1AF4D2041906F401FD1401FABA
:10FD4800111125361D1A1121F9F4F203D0D0CDDF97
:10FD5800FCFBEBEB19FFE0BF130D05DA1636310F8C
:10FD6800081D3534DED3F332E2E2CCFDFCF5E6E4DF
:10FD7800FFEFF4F010F7FE030C0CF9FF15FCF6F397
:10FD8800800000008000000080000000800000006B
:10FD9800800000008000000080000000800000005B
:10FDA800800000008000000080000000800000004B
:10FDB800800000008000000080000000800000003B
:10FDC800800000008000000080000000800000002B
:10FDD800800000008000000080000000800000001B
:10FDE800800000008000000080000000800000000B
:10FDF80080000000800000008000000080000000FB
:10FE080080000000800000008000000080000000EA
:10FE180080000000800000008000000080000000DA
:10FE280080000000800000008000000080000000CA
:10FE380080000000800000008000000080000000BA
:10FE480080000000800000008000000080000000AA
:10FE5800800000008000000080000000800000009A
:10FE6800800000008000000080000000800000008A
:10FE7800800000008000000080000000800000007A
:10FE8800800000008000000080000000800000006A
:10FE9800800000008000000080000000800000005A
:10FEA800800000008000000080000000800000004A
:10FEB800800000008000000080000000800000003A
:10FEC800800000008000000080000000800000002A
:10FED800800000008000000080000000800000001A
:10FEE800800000008000000080000000800000000A
:10FEF80080000000800000008000000080000000FA
:10FF080080000000800000008000000080000000E9
:10FF180080000000800000008000000080000000D9
:10FF280080000000800000008000000080000000C9
:10FF380080000000800000008000000080000000B9
:10FF480080000000800000008000000080000000A9
:10FF58008000000080000000800000008000000099
:10FF68008000000080000000800000008000000089
:10FF78008000000080000000800000008000000079
:10FF88008000000080000000800000008000000069
:10FF98008000000080000000800000008000000059
:10FFA8008000000080000000800000008000000049
:10FFB8008000000080000000800000008000000039
:10FFC8008000000080000000800000008000000029
:10FFD8008000000080000000800000008000000019
:10FFE8008000000080000000800000008000000009
:08FFF800800000008000000001
:02000004800179
:1000000080000000800000008000000080000000F0
:1000100080000000800000008000000080000000E0
:1000200080000000800000008000000080000000D0
:1000300080000000800000008000000080000000C0
:10004000C9FBFAE4E6DA1EE3FBE4E72CF8EDF9E994
:10005000F21DF61C1E21DAD9DC10F2EDE7F4FD3AB0
:1000600006FBD5291BFCE92C1CDFFE0328E9F92E31
:1000700026EBEDD8F7EFEBF322F9FCD62F24F6E2CE
:10008000EBE61CE23201143C2C2AF6FB1EFCF8F8CD
:10009000FADD28ECECE912E00CEDF82CE812DF2791
:1000A00025E91BD9021F0EE231DED0E7ECFD26F078
:1000B00027E300FB07E5061427F3F6FDDBD7F8DF9F
:1000C000F8FDFCF902210AE72EF3F5DCE3F3E4FF87
:1000D00005F6F5EDDDE60E34E204EBDDDDF028EEAD
:1000E000E12427F92DFA20FB02EDE5E629233AE782
:1000F00022DA06ECF6EF3004FA1FE1F804DD3431C1
:10010000EAFBEDE1F1F8D3EB25DB012AE6D0EFF5D0
:10011000EBE4F0EE1316093507181DD7F3E5F1EE01
:10012000E7EDEFF2DA1CFA3521E5DB1622D10BF808
:10013000F4DB2EEC25E0E315E826321AE836EDE490
:10014000F2CA18F3E5EF01E5F316291FEBD92A2BC4
:100150000DECEB19E52FF1DAF0E7FE37FCEBF5ECEF
:1001600013F1293635EF2A32FAF9EE35E727303226
:10017000DFDB0027D5EF03162CFEE4E530F408277B
:100180001B1DCCCD391EDEE807020707E5FD2D1348
:10019000142021F32CF3EEF5E92FF7E407CFCEC1BD
:1001A000FF32F014F70102F238E40AD504FDE52D20
:1001B00019D63716D721DFEC20F5D4E62831D4E262
:1001C000282F14E4F41D31E0D130D1F3D0C7E42B53
:1001D000FB11F92A27D81BDFEDF4E5EA17E72AFF20
:1001E000E811FA31E90124FFF81FDAF0FCE6E836FD
:1001F000D9ED2522CC1BFF2D23E4D92305ED08FCE6
:100200000CE4F9E81DFDD90D32F2E1E43AE92F03DF
:10021000E2F82EF81422D81D362CD4E3E2D9F8F8EF
:10022000E5E3EDEF37CEE63728E2E6E72306ECF824
:10023000E4F3D42F282FF0F7E7ECD639FBDDE4F018
:10024000FE2201EB1CE9F7CBFDDBFB0B3933100081
:100250002EE3DDE6EEE314EE0BFDFFFAEB06E5F62A
:10026000DBE6DE1BD629EB0F2BEBE83227D9E5FDC9
:10027000EE39DD302431EFCFF32EED322027DB1DB8
:10028000DC39EB2EFB2B17E1FB1E0B15ED22E5F9FC
:10029000ECEFE4EEFAF2ECDF2EF1E4F6ED2FF0E70E
:1002A000FC33E3F6CEE4191BDBFBF8DEEFF6E0FDF2
:1002B000FE2E1D00EAFEFFD125F6E1F016C9CFE0C3
:1002C0000F2DE70740F237EBDDE9DC23FEFC312C94
:1002D000E2E53034F8ED2721F336CDE5092AFDE1DA
:1002E0001BD5F0E539FCDBF634FBE4E71C09FA2901
:1002F00006FE302303EF1C26EEDEF7DA1DF0E2FDEA
:10030000EA04CF26F1F8CB24EA06DBF7EB1F37E44B
:10031000D62D11F027DD29E70BFA32E31B361ACE72
:100320002422FDD421F0252FFC2EFBF31D2925F5D9
:10033000FAFE23E7281C04FDE205F2F2E713C8EEFB
:1003400001D420CC2E1DD8F8D33BF3193524E9373E
:1003500015D3ED0ED11FF4F4030DE8FA010E212898
:10036000E02AF5ECFF1B272AF415F725E4E5EDF666
:100370000C0EDB1800F6D6CD2D1DD0FE2FFEE1EEC3
:1003800014331DD409E0F9FB00D624F122F4212214
:1003900017DAFEE426EAED2E293414FD2EE6EBEA08
:1003A00022EA2110EDE306E3DF25E219FB3604061D
:1003B000F5D516E214CFD4D405E2F43BE001E5F321
:1003C0000510DFDBD7FAD7E938E61415E5FAE30CB8
:1003D000E3EFE7EEEF18EDE5D8DF18E5E7E3FC2EF5
:1003E000F4E401F1EA1922272A15EC28D939F0FDA5
:1003F000EE21E9F91E0AE1D805ECEC3706F800DE3B
:10040000F22EEAE7F701EC232FEFED382FDAF0F4C4
:10041000D7F02913D12F0B3BF2EE01E00B00F22CA9
:1004200017F126D221E6F2DFE6F4CF23F0E8D92255
:100430002D4B27EC18F1F5F0F81832E50DEBFCE543
:10044000E0DE06E9F8ED3AE130E5EFD636CFFFD150
:1004500025E6E3EDE803FCDBF6E7271B2736ED3165
:10046000DEE2102ADEDC2220F24435F6EFE725003A
:10047000E0E000F5EBCE3139040D03F3D8DD15D8FB
:1004800029D9EDD4EE06F501EA1FEADB21F4F829BB
:1004900007F12BDDE2221E2235252FFBFDF6D92E9A
:1004A000EFCEFB10F41CE1F8EAFAD8EDECE3F61F0E
:1004B000E5110D31F0D2EEFCD1290C0DE12E3D09F4
:1004C0001BF318E51FCFEBFCE03121F8F23128D9FE
:1004D000EBE326FD13E623DCE9F4FCE2FF20F3D98D
:1004E000EC26E725EB22E6F533DEF2EDFF2C342C8B
:1004F000C7E028EC3212E832212F29E5D617040094
:10050000DA001032D11CF70112F71E26F1FEF71A9D
:10051000EEED192AE72F2414D1FF3500ED1CD9FA8E
:1005200021180F2827DEF8DFD6FCE21C0ED8E3D214
:10053000EB060D04DD32DF30E50FEEF8F9F3271797
:1005400010EB142BF20CC02002F0F40D2D29E0D298
:1005500016182A23ECD7DCE31C051D1A2BFA25F606
:10056000E02311E2F91B041505ECE9E728253EDF3D
:10057000463DF132E9150B26D4F01025EAECD5DE24
:1005800035EC06D60AEB27EED1E0031CD0DF1FF2D4
:100590002AE6FC3125D5EA0912FB1CFA00182613BD
:1005A0001D322401F1FD22FACBDDCFCECF220FCFB9
:1005B000250628E337F70A211A2BEFEB2EDC0F0074
:1005C0002914C3F4EA2C06DC0EF4F1F0FCCC14265A
:1005D0001BF1223CE10B33EFF700EDD3F73809EBC9
:1005E000DB22E5E5252F100F2BCBC8FC19FADD38EF
:1005F000ED28E2FA0BD9E41DDAEEEDE0DC0DC9CC12
:10060000C431241833F3F222E0E7C5D3D425251BE7
:100610001014D403271AF60905332B200004000018
:1006200000040000000400000004000000040000BA
:1006300000040000000400000004000000040000AA
:10064000000400000EEA0C0BF506F7F002F40DEAC8
:10065000FAF607050A0A0B080F0CDAF507E9140B7E
:1006600000F60AFCF608F6FDFD08F5F0080904138B
:10067000FB0BF0FA0817020EF8FEFDF5FFFBF20A7D
:10068000010300E414010907F30213F4020E06FC4F
:100690000AFEF6F50B0203FD02FD03EAFF0AE8F786
:1006A000F2FB170DF1FF0FFC0BFA05FFF6EE06014A
:1006B000F907F3FAFA0724ED17050508F20D10F90A
:1006C000F5EF03FE02FE040CF50806FD04F9FDFF3C
:1006D0001B29FF0DF315EAFC04FBFB1801E00301E5
:1006E0000101FF07080114FC05F40FFD13E5F012EA
:1006F00000FFFAFA02EC04FD0DFA06FF0EFEFB0500
:1007000000FD1CFDFEEA03FDFE01001504F6F714D2
:10071000FA01F3ED0BFE00FB0A0B1103D7F922F9E6
:10072000F7FEFAFA04DB000AFEF5FAF50AF30518FB
:100730001917160CF303050303FDF51102F900FC6C
:10074000FA0C01F9080A0C0F04DAF6FAE808E7F9DE
:1007500000FC0400FFF6F9F804F40EF612FE0E0693
:100760001113F919ED04EDFCFC0F06F2FDFB040C6E
:100770000DF80005F2FAE714E6F927F5F713F8008B
:1007800001EF06E803FC0101F8FC0B0FED06230660
:10079000F0FE121500F2010DFDED0205F4F601E484
:1007A000F404FC01080A21FFE5E6AD04F7E6FB0DC1
:1007B00002EDF103FCF5FDDBFBFE01F71DFF0E056D
:1007C000D3F9E1FEFFF5EFFB090FFE09FE04FAF78E
:1007D00001F704FB03FAF0F4F9F11D03EEEAFFF769
:1007E000FDEFFFF6090600FCFF05FB0B0DFCFB020D
:1007F0000DE71103E420F7FB08F3060CFFFBEAFC0E
:10080000FEF402FE0A0315FA0C0810F8ED0BD6FCF4
:10081000F5F9FE0502F909DE06FE00EF11FD12E50D
:10082000F5F2E6FD291BE8070704F7EEFBF8F222D4
:10083000FEF5080AF7FCF703F4DE48F70CD52704A9
:1008400005F3F5E0FEEEE6F4F0EF0C01F209021517
:10085000F0E32C1904FF0D0FFDF6FBFC04EFFFDFA6
:10086000E4FF05EE0706170406BE05FFE6C5EDFD2D
:1008700001FDFADE01F1F2ECFFFAFDEA130C1320A0
:10088000CFEBF647F62DF10CFBFC0EEA05F5F30E67
:10089000E80DFCECE3E8FE12EDDA230D3E10071044
:1008A0000C01FDD40805F7F9F5FE03020308132D2A
:1008B000F3E6DD25130A0001E8F2FBD80505EDF5A6
:1008C000F509E805FA071A17F9FC0E04190AF1EB05
:1008D000F8FB04EA0D0802050010F1F8FEEF0F0422
:1008E000EA0D1134D4F501F7F6FFF8EEF71CFAF231
:1008F000FB04FA3CFBF60DF5F6DDE1080600F4001A
:10090000040A050C0A19F9DFECFEF4170E140706A9
:1009100009F6090F0408FA07FB1405EA01F5FDF2D0
:10092000F5FFF10527EBEDF8FC382D1EF21F0DFD4C
:10093000020E07EC0AD80C170B09E913F3F3E11CBC
:1009400009414AD90EFD0900F503FB05FC18110BFE
:100950000BF50C1A0C09F41B06010FEEE1FA0CFD65
:10096000010D050605010510140801200001ED2305
:10097000FE2018F31D0C010AF70FFF0304E401FB2E
:100980000BFB020BF5F9F2FDFB270CFD1A18FFFD1E
:100990000704090201FCFDECFF05FF10020710F53A
:1009A000FA0400EA18150200FEFFFE06FFF4041226
:1009B0000BFEFA1004FF09FC070F05FB26150B0AB6
:1009C000FA0001FFFCED08E703FE0A0EEFF900FC58
:1009D000EB01E0FA00FC0CFB00FBFBF1FE190B1B2A
:1009E000050C1B02F902190B09F5020BFD1F08008B
:1009F00002FEFCF3F81EF924F80B0D0CFD18F007AD
:100A0000E700F7F71626FAFDFAFC0FF8F20201F6F6
:100A1000FDFE0D09F7FE1924EBD4FD121B16F2059D
:100A2000FE0008F2F61D060DFF06000201FAEAFCC0
:100A3000ECF3BB1D1312EAF8051101F9020DFCECF1
:100A4000020203F7130AE2040E17FFFEF80B000878
:100A5000091403F501FF031F010FF9000D07EFD380
:100A6000EC18FEE8FD0A050802FF04F6041C06E483
:100A7000EF03F306FE0619DEED00E0FE05F40CF4CC
:100A8000F90BFB09FAD90FEF0400F300FB07FEE0B6
:100A9000FEF0F70107FCFFFC0208F401FDEEF80B85
:100AA00013040309F6EFF6F517E715D6FEFE02FD6F
:100AB000F6FFFDFD03F903ED0EF8FA15FBFBFB0154
:100AC000F90608EB0FB2F705FD02FD2006F307F269
:100AD0000CF4031207F9EBDDF0012803D6FCF7F460
:100AE000020A08FB07EE090DFEF91002FF0BE7F200
:100AF0000F1A17F6D118E7FE07FEF72603EAFB00E8
:100B00000104071204FA0BF807F506F308F1F704DD
:100B100006F80007FFEB03FF0902FF000B0C00F3D0
:100B2000F3FBEADD1EEB03FFF6F9F6E5FA0001132D
:100B300006FE07FDFEEEF626F8E027031BFE0B0C73
:100B4000F800FAF3FEDBFDFDE3FE0D0AF7F8F727E8
:100B500006F5F0F2FDE10BFE05F7FFFAF0E606F808
:100B6000FF07130D050802FE16F4F80E0C1AFCF62A
:100B7000FD0707F401F5F8F1F6081AF6120003175D
:100B80000401FD1A0123F512EE0002F6FEFAFFF948
:100B9000FF02F825FAF5FDEFF2DAEB0F150406F97E
:100BA000FC070AF1FDED01FBFCFC09270BFDFE181B
:100BB00009F9F10F07F4FF04FDFC03E1FF1000FD4C
:100BC000FF0AFC0B05F8F21E00FFEC04FD12EFF229
:100BD000FF0404F403FBFC040508FDFFF8EF18EF25
:100BE000111310FBE0EF07F6FCF700F4001D0C21D9
:100BF0000DF8FA20EB0B18EFF3E90004D305F4012C
:100C00000F0104160722F302EE00F718FD1510FA83
:100C1000F7F5E2FB0003F3FFFEF7FFFDF9FE06E642
:100C20000FFE00001AF9EFF0F111E610F8F3EC01F5
:100C30000AFE00F3F8E0FCE70A070A0C05ECFC01E9
:100C4000E2113A090DFF0300FAFEF906F81AFAEA72
:100C50001308FBEC050D12F6F0FCC8FD1507FA02AF
:100C6000F50809E908FF020F0EFDFAF01D0102F870
:100C7000EEF1FD0E3E1D15F10405FFE0FF1FFA1D0C
:100C8000FCFAFF021609F7FEDC0F2B1A0D1111F901
:100C9000000AFFF0FE02FE21030CFBFA05FADDF26A
:100CA000ECF55003FDE5FC030604071A03FC1801EC
:100CB0000E0EFEFD040513F30537E4F6FB24EA0DE2
:100CC000000CF9EBFF0303FE1B0701030D00FDF908
:100CD0000A00F9FC08220B0509FBFFDCFFF70B15E6
:100CE000050E061DF7F9E10AF4F604000D2A19FFB6
:100CF000FE0500FE000004FD14FEFA22F2ECDB0506
:100D0000F52432F209FA0402F9F9061E04F90BF28D
:100D1000FD09FEF1FB03130807ED01F3DD15ED0BF3
:100D2000FF010DF10B19FBFC0417FBEBEFF4FAFDCF
:100D3000F6FBDC0BF425EF01FE0D01F307FA0AF4D4
:100D40001B050C06FA00E90F1B1007FA02FC05014F
:100D5000FAFF08080BEA06F503030E0AF1FC01117D
:100D60000808F9D7FA1202010D03030DF7FE07EE8A
:100D70000DFFFB00FF040AF5EE11E1030CE800FE95
:100D8000040607110F0F0E12010107EB0EF9DFEF3A
:100D9000FB0BEFF909F007020004F9FFFAE30B106F
:100DA0000FFFFE05F3F505F82000FCF5FEFC190722
:100DB000FFFE04E90202050AF7F607FFF6FF161127
:100DC0001FEDE2FBF339030EF9F305F10417FDF211
:100DD00005FAF7FC02060D0D1A140C0005FE0F0BA8
:100DE000F100080906E707FBFBF8FB120507FC0703
:100DF000FD1016F60A25110E0B0CF2F4090D01FB7D
:100E0000E5FF0909FFFF0EE701F6DCFE080C000113
:100E10000DF1FDF90421FA0AFB01ECF6020F23069D
:100E200016F2D5FFEFFDF6FC05FD0FFF0C1604F6DC
:100E30001004FA0609FA0DF10A201AFEFB2409FA39
:100E40000A080109FD0EFBF8FC070606100501EB78
:100E50000714FEF2F9F30305F809FAF4FD2401037F
:100E6000F601FEF20C0A0AF00703F30B101C000750
:100E7000F3FA0A14F51800FE01FFF4FBFD0E03E778
:100E8000F7F0E6F6FFF900F604040012FFE603159A
:100E900006F2FE0E1DF6FDE3FC2918FF03F408FF21
:100EA00002FFFC2EFA1602FC1EF7FBF7F7F5F6E33D
:100EB0000F10FBF1031803050501FCF2F4F7FD1711
:100EC00006ED00EFFFE80B070B03F5F8FE0CFE1034
:100ED0000300F807FD080305FC02FF100E05F5DF0F
:100EE000110606EDF21305F001FA04ECFA0F0E03F9
:100EF000170308F1FC031012FDC608F3EB04FE060D
:100F0000FFF606EC09F10BE51EFD0F12E10A17E6EC
:100F1000D401E217E906EFF3020300FEFF0204EB3F
:100F200009F8F522EE0F1EEBBFD0BAE8E500E6FDAA
:100F3000FE00F70BF809FBEC01F909160B0A04E8AF
:100F4000CFEFE80B08DBF4FAFDFCF7EF01E903FF54
:100F5000F300FFF0FEFDE9FEF4E516F809F402FDEA
:100F600003FEEFF404FC0312FAF5F5E604FB1106A8
:100F7000FA0018FCD6CF090BF900FB0EFBFE021697
:100F8000E60801EE080BF90C0BFA0704EEF5F8FC85
:100F900005FD0914FA0B03EDEB10FFF400F100F668
:100FA000FF09FB04ECE1FCF4FDF9FAFF01F8FD0296
:100FB000FA0C010003F2000F00E2F90D0508F7FF3B
:100FC000FAFD0DFC021A0610E3FEF90A14F3E62CF2
:100FD000F5E4051708480DF6FA04FE1101F9F9F2D7
:100FE0001301F3FC00F7E901F81A0D06FBEC0BFF07
:100FF000FAF808F90CE9FF03FAF3F005F400EA1730
:10100000FC221AECF9F406F1FDFCF600FFCDFBF42E
:10101000F706FCFF1407FF1A1215F9FFEA03060290
:10102000FB08FE06F7E803030703021E05FEE918A6
:10103000F9150AEE0CFE0200030A07FAFDFF06F599
:1010400012030610E9F8F9FAFA0FFA06DBF8FFFCCA
:10105000FEFF06FDF303000A0EF9040BE9FF08008A
:101060001907D7D10F05FEFB0507031AFBEA0C038E
:1010700004F30212FAFFF81B0827E300EF06F5035A
:10108000FA0AF827FF13FA0D0BF302FEF7F1E72136
:101090001F0FF4F805F205FF090702FFFB00ED073B
:1010A0000105000EF7F4FD1729FE04FCF6F304FD1C
:1010B00005FDFFFA061EFD06010605F9F4F309F425
:1010C00003DDFA182807F70100F9FCE20223F8F221
:1010D000F30502FDFB03F70F01F8DCFF00100FFB27
:1010E0000207F9E70805FD01FE1AFC09FDFFF505F9
:1010F000E7EFF603F51313FD0E0D0002FF1B0110C1
:10110000FBFA0A0402FDF4EA02FFF5010DDDFE041C
:101110000709080D07F0F90CFCFFFC16F3081CD6B4
:101120000BF5F4F605E507FB0B13FDFC0B02F8FECF
:101130000A06F5FC070607F8FE2DE703F80F160B65
:1011400005120109FCEE21E924FEFEF7EF02F4FF8F
:10115000F40EF4EDFBF913FD0400FBD4FF0809F8CD
:101160000CFD05FAF812FBF7F9FE1D011A0F06F245
:10117000FF0301F5FD23FB030EF40901FAFFF5E877
:101180000902F60A091805FF070606060CF901D838
:101190001A02FF16E7FD0A3301160AEF060FEE17D3
:1011A000000801FD001DF9E905080B04F6F9FE0C25
:1011B000EB10C6FADB13F2FB06FCFEE7F817090C8E
:1011C00011F1FEF90411E3020917F80609EDFC0814
:1011D000F70A020D01EA0901EE01FC05E7F6DC0958
:1011E000D113ECD21119FF0200F7FF12F824FAF61E
:1011F000F209010E020F19C8FAFAD6FA07D7F0025F
:10120000010D0212FBEC00FE10FE07F906F7F6D303
:10121000F7F7E7F122F91307000BFF03FCB805000D
:101220000E07EC13F1EE0D0516FBECCEFBFC0007F0
:10123000F90AFD12F7FE0804F3030F0DF6FF141070
:101240002709D0D9021000FE05F9F7ED05EBEFF004
:10125000F7FD030814F708F6F8F3DB05FEE8EE10D7
:1012600003120017F1FB0202F4040D0FE900FDF177
:10127000EDF3DD17203EF5010205F2F50B01FEF955
:1012800011F6F30DFDFAF0F209010BFD091016F746
:10129000020E08FC00FE0203FDF40407F6FBF6FF55
:1012A000160405F6FA0701FE020502F407F002F241
:1012B000F003FFFDFD07F809FFEFDD03F2E5FFF99D
:1012C000080809160AFE09EF1007FC0CFC0AFB0CC3
:1012D000ED0BE0FE010CFDFF03FFF603010FFCFF29
:1012E000090006FF001B0402FCEBFFEE0913FD06DC
:1012F0000A0002FE010A040310F70BFB05FB0CFBBE
:10130000FDF30F0B03050C07FB0603FCFE000110A9
:101310000305FFFBF6FC1208FA15E30DF208F801CD
:10132000FFF3F500F91B0811F8F6FFEAE50509F6E9
:101330000005E9E8EE09F20C01F4F9040510F60FD6
:1013400001FC06F91410F0E909E5FCF20EFAF600CA
:10135000FC09FA0604F9FEF5EFFAFAF800FB1AF4B4
:10136000EAECED1EF108FB0102F1FE020801FFEBC1
:10137000F5FF00F6F10314E4FBE9E7050EEB0B02C1
:101380000FF301FE04FB0CD5F6FF00EB0EFC18E694
:10139000E5D9F7F0F8F8F40400F7EFF406F200ED01
:1013A000F60F03F5100DF8F401FCEA09F4E8FEFC71
:1013B0000DFCFEFA05F4FDF1FEF8FF0010F811FB3C
:1013C000FEEEF41A022803050702050D051303F3C8
:1013D00008090205FF060C04F928F7F7D6F509F904
:1013E00004FE04F7FCED10E903F600F919230608E2
:1013F0001C0A0BF305D4160701F704DAFD2106F4E5
:10140000F50A02FA0F072506FAEAFAF4111EE903B3
:10141000FEF902F202410219F704E8F3161843EB51
:10142000E5EC11F20BEEFFF212050203001305F1D9
:101430000602FF040C100617050416FE0C2412F514
:10144000F80FFB0706E002E804FB03FF010AF3E5DF
:10145000152315DEF2F60A040D01FBE007160FEE68
:10146000F1F3F2E405F709FDFD14F21619140EF577
:101470000E0BF9E90926050A0503F512060CDCC670
:10148000F907EE0609060301F4050202FCFA10FA58
:1014900007FE0202090DFFF20A1505E9E6E50A0357
:1014A000FDF4F805F50914031BF808F4FCFD04E14C
:1014B0000005E411E813F010031216F900150719DE
:1014C0001AFC0F080502EB030E22F20BFA0A0809B8
:1014D000F80D0E0804F9100B0102020FFB01E9DF01
:1014E000041F2BD6F80117F8FAFBFC0FFDF702F0EA
:1014F00006F1FC0AF8EA23EDF205F009D304FDFE3B
:10150000FCF7010AFFF116E1030503120E090EDBD9
:10151000E4F4B715F6F6E802FE0DF802FDF509024F
:1015200014FB0000EC1108F5F7E0D2E9E3F9FB0643
:10153000F00301EF03F5FAF407F60E0FF90A0A0BB0
:10154000FFF612EC1CF7FBF3FE0404E301080507A9
:10155000FC0402F2F3FAF80405DCF3180919E701B8
:10156000FE0DFEF6030B06160E04FEFFE8F8F90B5F
:10157000EE19E60D0C280004F907FD0006E6070544
:1015800002FB0507E9FAD7F3EC37FCEFEDAC1A10D4
:10159000FFFFFC0A08EE03F8FEEFFE10ECF8FD1664
:1015A000050FE0EDEBE0FFFAF5FDFDFD03FA06ECBB
:1015B0000104F11C09EF06E7F00FE30CEAE4F2087E
:1015C000100804F904DD08F10C06FA1BF505F6FB1A
:1015D000E7F70102120B05E8FD02FEF503240436CD
:1015E00008041803010CF4FA11DEEEF6011D0302E3
:1015F00003F403F2021A0B1D03FF10FAFAEA21F0BA
:101600001EE3F0FDFFF314EE01FFFCF6F7E903F72C
:10161000090D02E401FC0114FE1205FEF8F5F2FBCF
:10162000F10D030FFC15FD0F08000AF6EEFAEDDFD1
:1016300003F51AEFEDFC0DF5F700FE080808FAF6C1
:10164000E9F7F8FAF707E7E803F9F5FAF0ED0BFB2D
:10165000FDEC09FA03F5FFEFE700F4FDF5FFF5C82F
:1016600002DCED070A0E000000FFFCFCF8F210029D
:10167000FE0803F21009FB0E0216F9FD2010FFFD13
:10168000F5FEF7FC02F50111200E0AF705EBEB075A
:10169000FAFE2EE207060F010004F801FCEB0B1A1C
:1016A0000F08FFF90C0A10E907F0DEF9F0F8F2FC78
:1016B00004FB070E04EFF1FFFD01F6F207F8260424
:1016C00005FEDDDCFBD801FEFBFBFAF008F000E3D1
:1016D000F5FBF4DEF7FDE4FAF3F408F5F8F1110494
:1016E000FB0100F4F7EAF9F9ECF904EB0AF00C1F3E
:1016F000FFFEE606DDDD09F504FDFE031015F2FE32
:10170000EE0900E30003081DF7F7D9FDF407EC0A22
:10171000FDF505FEFCF50216FEFA070115FF08FEB1
:10172000E0F70F17FD05FA01FDF106F0F6EFFB06F5
:10173000F1FBFAFDEA01FA09F807FF0B03160D02A7
:101740000803F5F00417F6F6FDFBF6FCF206FF07BA
:1017500002E7EE13FF0FF2F6FEF1FA0108FF0BDAD3
:10176000EFFAF40D0D04060F01ED0AF6F2F9FEF999
:1017700003F50603FDFAFCEC0AFBFC0CFD031D124D
:101780000211F930F709FC06EB0202F7F902F10049
:10179000F806F90105080CE6F2F8F100090109FC68
:1017A000FCF303F1FC0DF4F8F105FD03180AFBED61
:1017B000F9F308FAF6EAFC0602EF05F8000B00065A
:1017C000F6FD01F9FBFEF20307ECFA0BEFFAF50266
:1017D00000F8FF010C12F712FA08070403F805F4E9
:1017E000D0EFFC18F1F6F402F901EFF1FC05F8FB7B
:1017F0000C01010B080CF8F7F7091403DC100303C4
:10180000FEF4F803F316F4F3EC05FEFD18FDF7F90A
:101810001FF83801EBFDE8F6FF04F4F9F4E000E905
:10182000100800F40708FCF804F13F2402F7F2FA6C
:10183000F502F6EEFEF505F7FBFA0403EDF702FA02
:10184000EAF91C0FFB0207FAF2FFFB0701F3F90AA2
:1018500006F5FE010502EF021BFA2707FD0EF50152
:10186000FAF6FEFFFB02013613F8070B0BFB00161E
:101870000B110804EB02F60603FB081F00FC00F244
:1018800015F500FC14030512101609F10CE604F717
:101890000103070503F308EF02F60AF30305FB054E
:1018A000E8EEE5FA14E8FEFDF8FD060800FEEA069B
:1018B000F4FEFA0EF6F101EEF7B7250314D703078D
:1018C00000F804EA0203E2F8F7FEFE0AFF0213FE44
:1018D000F8D0CE23081DF90406F50005030A0BF322
:1018E000FB050A04110A20040D02FB1B092808004D
:1018F000FCFBFAFBFFF603FDF60805F2050BF426E8
:101900001204FE11F90B01F502E600E4FFFEF302FA
:10191000E4100002EEF4F6DCF9CE0B1125F7FAFD27
:10192000FFF7FE0A0424FB15E9F6F4F4FE0507FFB1
:10193000EBE2F41A12F1070105FEF8FEFDF1F5F0F5
:101940000300FC03050AF9FDFF040A0315F9130659
:10195000F9FA0CF200F106F4F60DFEFE02F9FE00B3
:101960000F0108F8F9FBFF01FCF001DC080103F5A9
:10197000F8F7FD06F9FD0422F4D80B01FA11ED0782
:101980000A1000FD0404FD01F80703F9FB0C130520
:10199000F1FA00161103FCF8FD00F4EEFB18F8F163
:1019A0000D0706050701F5F4F6F90116DF07060332
:1019B00005090B05010AFD0B09FFEF03FCF7F3F323
:1019C000E8F21506FAFAFD030E0503F80816F0050D
:1019D000F9FFFC02F2FD02FAFFE7E60C0B37EF0716
:1019E0000406F2F7FE0B0B2D1E03F407F9EDEFEBE7
:1019F000E70AED0B1B47F0EE0211FBFAFA050E1099
:101A000010040D14F6FBC9FBDF1908FD10EE2AF7D0
:101A10000B0AFAF6F8E4FAE002010211F4EFDBF93E
:101A200007FF00FDE6BA02090101FD080904FEE511
:101A30000101F60306F202D6010DE2FF0BE5E60016
:101A4000FE13F3F809F60CEF17FCFF03120D02FC6E
:101A5000D4FDF4FD08F1F6050107F415FD02F70BBE
:101A60000D08070AFE02FAF2FAF3F9F7EC3E110547
:101A700003FAFE00FFF804FC06FA0BF10204191A3F
:101A80000EF3FDF406E9050DF60A05FA08EC060E5C
:101A9000FCFCF5E50BF3F714ED16EDFC0905FBFF77
:101AA00005FE07FB00FEF810F60B04E8F5020C0536
:101AB0000BD7FEF2EB00F003FC09030CFF18FC0847
:101AC000F8FDFDFFFF03E60000E5DEF32204040E4F
:101AD0000AFBFBFDFBFE00E7E9FD00FF010412E647
:101AE00014E0F018F60BF6FB040700FCFE12FD04F0
:101AF00003EF12F7F1FFE1FEEFE40A03E404F5FF60
:101B00000AFB00EEFD07EFFAF3FD0401EDFF19E615
:101B1000EDEFFFFBE700F40904060416FA00F8F9FC
:101B2000FAE9F7040E0510E2D4DFE10CE0EDEC0079
:101B3000F6F3FC28F1FC06F8FCFFF9EF0CFCFFF0D3
:101B4000E2FECC091AF60001050AFFFB09F107F6CF
:101B5000EC04F8EAFE04140DFED6D209FAFDF509EC
:101B60000EFA0014030CFC030A0F09F7020605F82D
:101B7000E6E3CE0F224108FD00F405F40604020757
:101B80000409FAF90211FE1006E8100108F0160126
:101B9000FCFF010E07FF09020CFD0AF1F511050813
:101BA000FB080106ED0B11000800FF02F707F5E145
:101BB00000F7F00E01FFF802FCF8DA05F8ECF0FA95
:101BC000FDFA001DF4EBFAEE0613FDF80601F00530
:101BD000041BEDFF00C806FE0D0DFEEFF01505FA23
:101BE000EE00FBF61105FDFD1DE5F4EB2F080603E5
:101BF000F2000BFBFC0F0C0407FC07FCFCFB17F1CD
:101C0000F7EF0C1AFD05F80A09FEF9FDFFF6F61AC2
:101C100026FF0BE9F5F2F5EBFD03F70C03EFE3F11B
:101C200003FE0D12150E040712EE01FB010E150145
:101C3000F9182C01E607F7F80C03F402FE04F1078B
:101C4000F0000119FF0EFCEC0FDBEEEDFA0AF7FDD8
:101C500005FD09FC0500F705F7FFFC03000C12EF7A
:101C6000E8081B3EE80508FDF5F7F8FA091203F746
:101C7000F40405FEFD05FCF3FAE7F1F8F5F4FE03C4
:101C800013EEF9FEFF0EFBE3F1040302130F24E948
:101C9000F3EEEFFAE803050EFBF5FE10FFF3F6EAAC
:101CA000FA0605FA0E02F7F9EBFC0007FAEDFDFF64
:101CB0000203FFF105FA05EE0508F80C0A000CF521
:101CC000EE010325EAF005FAFF00030E01F4FEEB36
:101CD0001004F6FFFA070BE7011DE3F1EEFA040129
:101CE000EEFF030006F0062015FBF2EE0B06ED01F9
:101CF0000B22F8F8224D0709F5F90500FC07FDF560
:101D0000F6FEF8F707FC19E8131801020C61FB1046
:101D100005FDFBFA0B31FA07FD05FB080C0915DB85
:101D2000F7FDEFF80A1A10FD00020915FAFDFDFC97
:101D30000CFCFCFD11042010011507FF001809051B
:101D4000FE0105F9FCF605F9F20F0E00010909F68E
:101D500007D5F2E5EDF5F6FAFCF90C06FF15FEE7FE
:101D6000FFFDF50C12F10DFBDD03FB2204F500F97C
:101D7000F60205F501F403F3EC09E600FC05F1ECCD
:101D8000D6F613F909FFFBFF08FBFE0AF704FEE88D
:101D9000E8FFF60BF6000FFEF9EE17F40CF3160150
:101DA00006EE04F4F502FBF6F4FC01FA0F011BE960
:101DB00000F5BE0F17FB05080902FCF1F6EF000D58
:101DC0000BFF02DF16FF08061116F1FDFE0BF506EC
:101DD000F80802F802EBFA120F0103030500E41001
:101DE0001A2909FB130507FAFB0000F4F704F9FBB5
:101DF00017F9FCFFF903FE10F0D3EBEFE3F3FCFE61
:101E0000FCFBF3F700F70FE40700F602F10401F022
:101E1000F208BC21E603E903F906FDFE0BF1F6E04A
:101E20001EFEF9FFF1F9FB03E5EBFA07FDFDEC02FD
:101E3000F4F204F0FDF0F5E70BFBFD19FDF4EAF711
:101E4000F5F6120D1819F1F3FEFA0013FCF3011860
:101E50000D040C0AF5F2EAED11F652F0F4FBE7FA84
:101E600003FC0607F7E9FC23FBF1FFF1FDFAFAFB9F
:101E7000041919FD1003F9010CF700220801F803F9
:101E80000BF302FA0CFE1709111FE600F2E7F4014A
:101E9000F3FA0AF7F9F9F5E9FE0602ED030C1AF276
:101EA0000202C3F8FFE4FCF4FDF505F101FFF414B0
:101EB000FEFF0005EBF4FBFAF6C217F9FE0F000473
:101EC00001F102FE070AF90BEA05F608ED01F70D2C
:101ED000F2F8EC2204FEFA0207F900040400F5030C
:101EE000F203FAF40C07F9FC09F9F611F1F2FEFB22
:101EF00001F402EA04F90609F806F5E605FE0F15F5
:101F0000FCEBFC0FFD01F7FCFFFD01D2FDF7F7F53F
:101F1000F3FEFF0705F3F2FCECE914010C09100BCA
:101F2000F1FC0F070002F8F5F9F7F50F05F7FCFAD9
:101F3000F2060C1015F912F3050301030212FCF26C
:101F400000F7F00E0C03E4FDF90BFC13160F08016B
:101F5000FC0504EFF8F8F706FF0DEAF701F20211AD
:101F6000FFFE061C110D08FEFEEEF7DD07010AF765
:101F7000FEFDF71BF4F6021B03EC0AFDF50AF9055A
:101F80000904FE100212FD14FD07020AFF080B2CC3
:101F90000502F905FE0BF6FDFB09F7F001070A0241
:101FA0000BFE00FC1301EF05090B0E0B1604FDF9E7
:101FB000FC050700FC02FCF808FCF70CFBEF04F141
:101FC000FC0C1907F403FF08FE020AF0041A0CEDDA
:101FD000FD06FAE906FD061502F8EDFCD51009FE2E
:101FE00012F6050EFD0E020DFDFEFCFF07FBFDF8CF
:101FF000F803F61321F300F8F7FF04F2020AF902DE
:10200000F2FEE40E060AF9F4E40AF4070F0EF9FFF3
:10201000F603080601F600F402F5F5FB07FC0311D0
:10202000F4160901F5F3F501F1EF0601FB0403F5E0
:10203000F705FD0A090B00EF05E4DF18EDDDFC05EF
:10204000040AFEF9F802EDFCFB09F60C070508F49A
:1020500001F306F9FF09FCFB0A0301F400F803EFA2
:102060000E0E09FB0208FE05F3F50A0D071108051F
:102070000EFD0219FCFDF9000405F808F00FF90C3B
:102080000016EBFF0BFAFAFC12EE000901FB07FD4C
:10209000FA05FFF91F12F2D9061EDFFAF5F5FA0C60
:1020A000FAEB09F9F3FC03F4FFFBF4EFFEF303F79B
:1020B0000AEFFAF8270FFE0302F2F2ED15FE010D0A
:1020C000020206F7EFFBF311EBFA09FD2502FF0907
:1020D000170A0207FF1B091102FB01F0F3FDF503CC
:1020E000F5F3F7FF09F902F9FFF7071B0AECF20E07
:1020F000070CFFF60EFEF7FC0B0F0B0007020108A2
:1021000004FE0AF9F0EDFA090311040609FDFF07C0
:10211000011711E8120F04090A00FEF7F503FA0A85
:10212000FEFDF10B0FED02FD050718FCF4080AFD9A
:10213000F50902F7FD080817F904F7FD0FF5F9FC9A
:1021400009F20B05F1F704FD020000F6FC0E000A8F
:10215000F90900FFFFFA02F703FD0203130002FB77
:102160000206070100FC020912F801FCF7F7F8FB70
:1021700000FF02F913FAFAF9020700F3F5FD03FF75
:10218000F7FE0503F90801050707F9FCFDFD09FB4A
:10219000FF02FF07030402FBFE00FDF9050006062F
:1021A00006FFF300FC0101050AF3FDFB06FEF5FC4A
:1021B0000705FB08080007FD03FDF80A11F7F9FC05
:1021C000FB0BFD0A01FAFE0209FEFE01030407FAF9
:1021D000FC01FC04FF1B00FCFF0901F80205000BD9
:1021E00008FF070505FFF7F90305FB02000AFBF8E6
:1021F0000300FE02F901FD0404F9FAFDF5FA06F008
:1022000011F2FE08FFFE0A0007FB03EBFDFB0602CE
:10221000FD07FFF8F9FCF9FCFBFAF906F4FD0303EE
:10222000020204030BFF0A0AF702FB0401FAF7F0AB
:10223000FB080BFA0CFDF4F4FCFDF7FF02F0F9FAD1
:102240000205F9FFFBFBFDF50403FCFBF9FDFAFCBD
:10225000FD0607FE01F0FDFEF90CFE0C04FDFEFC80
:10226000F701F9FC1D0DEFFB000104FAFF0006F574
:10227000110006F610FDFAFCFA0C06030FFC01FD36
:10228000040401F909EC07FE0AFBF7FEFCFDEEFC75
:1022900005F90CFD0403FCF5FE0302FFF703F2FE53
:1022A000050004FBFF03FA030504F6F911FB07021E
:1022B000FB0104F6FDFAFDFF0507FDF9FEFE08012E
:1022C00008FFED002108F907FFFBFD01FC070612DE
:1022D000F2FBFC1A03FAE319FEFB290B1D0A06FAAE
:1022E0000005FC00090300FFFC020102EE04F9FDF9
:1022F000F3FB03FAF7EB0E0608FD0112FDE906F108
:1023000006010DF0F7F6F5000E13E3F2F8D1060220
:10231000F8FC00FD04FEFEFCF7F8F7FC010E2003BC
:1023200033FBB7E2FD1EF801030307FB040500FCC5
:102330000AF3F61B04F7FCF6F605F5FE041FEC05A0
:10234000FF07F810FB11FF0209FAF716F7F1F2F098
:10235000EA0BD402040112F3011105FDFB21030F66
:1023600005F101ECFC0A07EE081ADC0C26FA0B0654
:10237000F8FDF8F5FC1EFF15F50904F1080EF9ED5E
:1023800012F4F10301F701F501FF08EE030A06F666
:1023900006040A02F800FD1BFA0EFBF93007FA02E8
:1023A0000509F408021F05FA10F901080F06FEF8E6
:1023B000F507F40714020208FEF9FEFC090FFEF906
:1023C00007FEFFE9F512EFFCF81E15FFF800FF0805
:1023D000060206031000FBFCF2FEFBF9EFF9F2FC2B
:1023E0000409E2DF0516060C04F10203040403E904
:1023F000ED08F602120211F00FFADB010C02000BDD
:10240000030D03FD03F80CFA08F508F208FBEEE5EE
:1024100001F2F2FA110118F5FE1707FDFB06FE2C7A
:102420000D0004F6FDF8F7F006FBE5E102FF0804F5
:10243000FEF8FC00FE22FD14F60A0A0AF002F60D70
:102440000C00DFFAE41009F5FC05FFF1FF0EFEF1C8
:102450000206FB0AFF042A0A00F7C2082000EF0F59
:10246000ED1103E303F702E60602051EF80AD8267B
:10247000EF15EEFF141108F5F20B05FE0FEAF40755
:10248000F6FEFE08F7F1DB1DF811160AF3270AF035
:10249000F009F60100E00211FE05F9FDE1F0D30AB2
:1024A000F10D1AFEF2E50D07FE0BFCFC07FC08041B
:1024B000040306EFF2031704FA24D709DABFECF697
:1024C000FB0FF4F503EA0EFF05FF0603FFF3FFED34
:1024D000101814EEEDDEE4FEFBFCF31AFFCBFAEF6E
:1024E0000DFF0C3AF4EB0F0B00F10BF8C1E8F4060A
:1024F000FB07022A04D403D80DFA101C030B0116A3
:102500000A0144FBFCEDF30D0105070200F8071476
:10251000120708EE040ED6F502FB1B02F0F11D00B7
:10252000FB0208EC07E2F80EEEFA0BFFEBEEFCF80C
:102530000B0B10F016DD1C0215F2010308EFFEFA7A
:10254000E00604FEFFFF1607FCE7F7FFEFFAFA02CA
:10255000FCF20E03EBFF0DF4EBF40AD81923171568
:1025600007D8EC19FEDDECFFFD08110810DCF508BA
:102570001300FE1EF9F5E111FEFE200F080204040F
:1025800006F6FCE009F204EEEF070616050A011252
:1025900007F60600FD000304040405E5F50EF5D575
:1025A00001F2040AFE01FB1BF8DFFC0EEE03FBF751
:1025B00002F7ECFA02F306F9F0FC08032606F70628
:1025C00004EC14133243EAEFFC0704F4FA00002190
:1025D000FC01FC0DF900D71B010541EDFD09FB02D3
:1025E000030EFB18FFE0FE07FCF20A09EAFBEF0806
:1025F0000D28E6EEE7EA0600FEFF090008D916F30B
:1026000010020B0EF4F50007181FDCF001DD0007C7
:10261000FCF5022A06F70FFB04FB0E11FF0F181C36
:102620002A0CB5EB121CF7F600000DF0FDF6F906CA
:1026300007F9F91D00E80413F3E6D900052BFCFDAA
:10264000FD02001AFA10FE0111070017F5F3DDE88C
:10265000F321F507020515F408F7FD06FF0307FE51
:1026600001FCFCE402130F170A0316EFFFD8020760
:102670000EEBFD04F81BFF1502FC04D0FD0418FB53
:1026800019DDDE0FF5010D06FD0402F6F71B04EF60
:10269000E4070015FC070AE803E1CF0A36F9E50470
:1026A000FD01FEFC040408EE12FDFE12320ADFE812
:1026B00001FF160B15F406030106FFFC02310707A4
:1026C00006FFF9FAFFFFEEFFEE0026FD0F15E70803
:1026D0000000050A0718FD090BF9FEF10C13FCF3C5
:1026E000D90006FEF6F70005F8070503071004FCFD
:1026F000EF0BFDF21F0504EE0F0AE2F3F6F608FFFA
:10270000030805F2F8D50D080F0502060FFBE40BD0
:10271000140520EE0B140DF2080700D9F20B04F398
:1027200000FB0A060EF6E91E24FD2BE3400F07F01E
:10273000F807EFF9FE21FC1209FFFB02FEF8ED0A93
:10274000F0F21FFF15F3FBF4FEF7FBE801D0F9E907
:102750000BFF01F6F80FFADB02EC17F737FE070D57
:10276000FCF5FEFDF1FAFE1519FEFAEBFD000CE199
:1027700008DB14FFF2E1000105F900F6F80FF01490
:10278000FEF204D50A08FCFD09F40C04F418F6FC6A
:10279000FE0405DE041B011CF30DF9E3FCF1FCD380
:1027A000DFF1112EEDEE14F202FC0500FC00031F18
:1027B000F4060900EBF3FEDE06DB11F7082CF80443
:1027C000FDFBFE2503140402DE0AF8F701F52706D7
:1027D000F2E5F8230119DE04F9FCFA0EFC06F0FF1D
:1027E00006F5FF022EFEE3FB112A0702E4DB0501DA
:1027F00005F7F9E104D80FF4F9FDEA06F4F6CA0E7C
:10280000EA0B03FBF0FC0DF900FDFCED08D5FF021F
:10281000F9FAFEFBFCFDF624140133FAECE0FA06AB
:102820000003FE1401F6F6160BFDFDF7E5F5101694
:10283000FB0500F505F903FAF608071DF6C0FAF6E0
:1028400008F70B12FF0911E607161103F6E8F61652
:1028500000F40CFA07E4FEFB06F80B0F0005F9295B
:102860001109DC144FFE05FCF90200F6FDD6040147
:1028700012F4FE12FDEFF234ED1129F925090AFEDA
:102880000AFE00E60D160413FD01040CFAF4FA2CFE
:10289000F5F421F5060318F3F9EB08F8EC12FE162F
:1028A000F10C10FE07F7091F13011926ED030EEBBB
:1028B00004FEF4F3FE19FD03E702FEE6FCFA00FF56
:1028C0001EEFEDF203FBF9FF100A08EAFAF208091D
:1028D000F307FD0303F8EDDFFFFDFAFE430FEE08FB
:1028E0000504F719FFECF61E06FDF8F8EDFB00CF26
:1028F000FBD514EEEFFFF90B0D01F9F7F312FA23F4
:102900000EF7FAEFFBF9F8F4FF041006F4D7FDF325
:10291000FE06FBE4FDFDFB05F201F70DFAE60EDD18
:10292000E301192AE8BC02FCFE12062406E6F4F8CC
:102930000810081FF3E8DFD4E9070AFAE6D0E00838
:10294000010D043AFAFD0B0EEC11010CFAFF13F322
:10295000F1E5F9F7FB1DE21101130B1BFE0F000D52
:1029600003F4FEFB1D12CDFD0A04E3E50902F40F9A
:10297000F001FBDF04F4F814010FEE03F5F4E0E6D8
:10298000FEEB221811FB0404F9FE04E203DCF82537
:1029900010080BDBF202EC30090444E5DCD2FEF750
:1029A0001104F309FEF5071C0F0400F2EAF4FAF231
:1029B000F60D23F7EAE40C0E0906F31405D7FDF72C
:1029C00004E701F5F10E0D00F70D0BF7E6E4E7075C
:1029D000F9FE08F50AC2F3F5FA00FEFC0913132804
:1029E000EB1BF8174901FF09F108FCD90DC8F709DD
:1029F0002206ED1E1BEFF33D053210EE320A1AFCE3
:102A00000A0AF7E61101FC02F7FD0DFDF5FF013B97
:102A1000EDE81604070D1603050300F2EFF9F91CA3
:102A2000E90015EFF601200E2A101520D30F02063B
:102A30000802FAED01F9FD21F70104F609FA25FA79
:102A400027030C03EAEF020600F7FEEE060AFFF882
:102A50000602FD03FE0A11F5FBF6EF050F0303FD69
:102A60000BFEEB02FBF902FFF9F7FF100205FEE493
:102A7000DF01ED09D6F50D00F1020407FBFA02E4CF
:102A8000DDFFFBFFFA0A0D0611D0FA02F4B6FB06D1
:102A900000040C0400F80EFE0A02FF0B01FA11DF1D
:102AA00011DCE5F20AD7FB02110DF3FB00F401097A
:102AB000080202F605F704080520E8FEF5F709020A
:102AC0000908001C0503F31F13FC00EEEC00F30FD4
:102AD000F40E0AFCF7F009060504FCFA080C0CFCDD
:102AE000F6F0FCE1FB030404FCD3FFEFE30BEF047F
:102AF00009F5F6F2FB0BFCF3FFF7F0E90F0015FC0C
:102B0000EEEE002F010CF80200FC05F2FA00FF01C6
:102B1000F800FD03F2FA0819F9F32508F10818FF87
:102B200006FFFEFAFB1BFFF8FA02020FF00218156F
:102B300005DC01081C00F3FCFBF703FCFA29FC0A86
:102B4000DE09FD000A21ECF016DBFB0317E8F8F5BF
:102B5000FE1506F00303FB05EF17F3EE0AFA010278
:102B6000DFE2141B081301FFF90303EAFE28FF0F3D
:102B7000FD01F90A07FC06F10AEEF60D06FC030654
:102B800005FDFF07F507F5F8EDF9F8F2100220F65C
:102B9000E715DE0C1601F5F80001091E03EA06F739
:102BA0000504F0F0180609F8F853EE0A3D2A100D56
:102BB0000611FFF7FEF705130906EBFE0807E424EC
:102BC0003F1FFDC4EDD2FCFD0503F8FE08FAF6F345
:102BD000FBFF050001F51B03EED507FDC6E71F0847
:102BE0000CEE020001070DF8D918FCED0205F611F4
:102BF0000CE6F406F5ED0407FBFEFC20F0FB100AE2
:102C0000EBFBFE13080A210A05EEF3EFD6BEE0F651
:102C1000FEFAFC0DF800F7EA020406F4041E07ECC5
:102C200000D6F5E8F740000A2109FDFCFE27FB0865
:102C3000F50E00FE0700F92AF5E5011506FA1AF36C
:102C400003F3F8EA0AFE00F7FA04F6F9FB01E51BC4
:102C50001DFB02FDF2D125FB02F308FAF7E206E9BB
:102C6000E50B07FAFDFC21FC0BE8DFFAD1C1F10806
:102C700012F80809F91A03FBFBFFF9F22F11FDF90D
:102C800021E1DDF0F700ECFBFE0A05FF10100DF767
:102C900010F00510E1FDFD1DEE07FC02000A0F0417
:102CA000FE0CF8FCF5E4190C19F3F01CFCF9DAEC55
:102CB0000B3216FFDE060E0702F801FCFF15FB07BC
:102CC000EE050A05ECEF1E23FF17E9F9011AE7FEEE
:102CD000FBFE0316F207F9FD0601EEFC0BEF0DD02B
:102CE000FE1B19F8DFF1E308F70E051C001BF8FCCA
:102CF000F60D170704F108DD0AF00AF1D808FBFF0A
:102D0000000402EDFF0CF3E6DBFC11F4F30EFFF818
:102D100011E41209FE0003F700F5F50B030D0FFE99
:102D20000302000106FB09E7FD09D902EDF7ECFCFF
:102D3000050AFD3B0BE00DF5010E10050BFC0FF332
:102D4000FA2CFD10DEDAF70405F40609F710FEFE92
:102D5000E703FAF7EBEC0E01EFD7CB1CE7D9F2F55E
:102D6000000AF9EC04F80DF6E90CF8F608040FF384
:102D7000F4D7C0131B19FAF90BFC04F7F6FD0EF992
:102D8000FC170BEF060B13111202FE110FDD1F14BF
:102D900002090EF2080302F50FFF11F6FB13F7F616
:102DA000FC11EEECFAF5FC09FE0C010F070807E137
:102DB0000C02F90D05F6EE07031FCA09DAE0FA0D59
:102DC000FE0D150C01F0FFE5130B010BFB00F604E3
:102DD000F01CE10AFFDB0FF7080002EDF42A1008EF
:102DE000F306FCFB080605F725EBEBEF121CF8F0E9
:102DF000F907FBD9FD1B0826FF0B0DF3F4F31AE8C6
:102E000026DD06FCFA0B0AF20503FB040B0E13FD8C
:102E10000C0907F8EBF10C15FD130809D50EE3FEBC
:102E2000FF050822F313FE141B0400E2F106E6F28C
:102E3000F20DFEFBF9F1E9FC020B0A20060E08F484
:102E4000DEEF0A02F90EE8E80BFAFDE800EEF6FA0A
:102E50000505FEECFBFC06F0070003FCF5F701D7C7
:102E6000FBFDFA19CC05F802F60E0400F31C07F27C
:102E7000F6030FF8FD0D16D7F004CD0707E0FB01B0
:102E800004F8F907FEE008E4FEFD00F50D0A26D07F
:102E9000C9EBDC06F4FEF300F511FD3105CB0307A9
:102EA000F2F710F701220FE6F9F6E6F7DAEB020384
:102EB0000900FEEEFEF201E60EF6040A090105F72E
:102EC00006E5F6FD08E5F9F7FFF305EFFF25FA1330
:102ED000F30701E90BFB00EFF4E9E1062011EA102A
:102EE000F705FEE5F7190B1BF906F8E80EFE03FEE1
:102EF000F5FCFC13282706FDFE07FED8F515FF2874
:102F0000000BF6FB00F9ECF1C3061713032213FBC9
:102F1000010605F608F7FF19FDFF0101EDF8D501DF
:102F2000E2095507F9ECF2FDFD0402FB06FE06E698
:102F300002FEFF0CFEFAFCDFF611D7FE073000F7A9
:102F4000FB0503EDFCF50202FA0303050311F9F09A
:102F5000F8FFF9F708130003FBFEF5E0FEE90210A5
:102F60000C0BF32B0100DC03F8FA050A060816081F
:102F7000F6F708FB02DA03ED0B07F826FEF3E8206C
:102F80000BFC38F900F6F6030A06F916FFF707F707
:102F90001FFEFAEFF6F809F8FC23EDF7E516EC0D45
:102FA000F90804F80602F40B000E00F8EEFB06F038
:102FB000FE08EAEAEE0DEE07FBFEFFFD06120A0A26
:102FC0001AFCFE0DFBFFE6030E04FDF908FA040CE3
:102FD000FDFDFB0BF8E0FAE2F2F8F9FA0502030D49
:102FE0000CFBF1F6F908FD080EF5060D050BFDF1D9
:102FF00021010D0B00FDFAFCF40CF100F1F3FDF5DD
:10300000070303050913FB09F4FD0FF50305E7F3B7
:10301000F5FDF2E208F3EF05EDFFF511F0EF010524
:1030200004030007EA0000FA11F4F201F2FAFD05C8
:10303000FFFBF60FFBF1F40AF102F6FCFFF91C0BA3
:103040000C03D4FCEB0B010AF613FD01F5F001E8CB
:10305000090002FA0E00FEFF0F0EFEF7FB0EF7F856
:103060000104FEEFFCE8060A0C030801F2ECD6149A
:10307000011D1C093B410103F40E04F8FCF5F7188F
:103080001BFE0B09F4FBEAFFFA260BFC07141D00DC
:103090000712F3F010F3F6EE06070106F2FBF70550
:1030A0001110F5F3010FFBFA00F906FFFAF4F71817
:1030B0000EF9040A040D16F0030125F0EAF006FBF0
:1030C000FDF9F5ECF9E304FF100A061204FF1601FE
:1030D000D5F80EFEF91BEC0502F80918FA0BFF00F3
:1030E000060F041800FB03EDDD0D041EF02EEE119B
:1030F00001FEFEF60AE607E604FA000109FFFC1AE3
:1031000002FCF3F3F504F6FF01FEF3F5FC04F00610
:103110000DF70206FBF9F9FEF709170D020408FE88
:10312000FDFAFDFB02F1EC13ECF70FFCFBFA0F08C4
:1031300014EEF705FCE5FA030F02FA00000203049F
:10314000F9FDFDFE09010702F6ED02F802FDF301AB
:1031500001FBFBFA0A0406F100EEFF030BF4060480
:1031600019E7F30ADEF6F8FE05FD05D402FEF2F3D8
:10317000F3F6010AE5FBF505E9C806F8BCF4FBFC2B
:10318000F6F002EB01FFF6D6FEF4FB11000210E6AA
:10319000D6CCE10FECF2DE0DF4EF0A02000003E002
:1031A0000AFAF6FDF7FC09ECB9E4E408EAF8EEFEE9
:1031B000040400F702FBE9E603FCFA040FF8FBED58
:1031C000C9F0F91F132A05FC000B060D05F609FDD1
:1031D00019FD000802FD0401041CFFFC01F403FAC0
:1031E0000803F20307FEFA0C07FDFF040D0608278B
:1031F00000250D021B020200F0FF0C06F8FE01FA8A
:10320000FDF202F80809100C131803F8142B04053A
:1032100004FF0BF90B0606ECEB0706F6110D061082
:10322000F8F8FAF904EA0E0AF8F5F611FFF1FF0BC7
:103230000DFCFFF9F7F827F8FE0807FA0044EF172E
:1032400005F40DFD050703071D01FC03FC080CFD3B
:1032500005F0FB06F32CFCFFFB010B17FDF90EF349
:103260000FF6020C04FA11FEEB1AED2CFE0EF8FF1D
:10327000F4020DFFF5F70502FE01F91F0501DFFA63
:10328000DC065219FF0A02F904FA0503F80EFAF1F6
:10329000F901040B070A0DFAFDEE0800DAF704063F
:1032A000FF00FCFB0AEA04F7F4EFF7EFF7FA13F775
:1032B00004F7CE17F80301FEFCFF00FDFD00FEF64B
:1032C000FFF10AE91402F90B07FDE719FC00EFF919
:1032D000FD04FA04F8F001FE12FF06FA10FBF005F7
:1032E000081CF0EF02FBFFFDFF07FAF508F9120ECC
:1032F0000E0BFF06FBEE0218F3E8F90DE00008FAEA
:10330000FB0EFFF0FE0604EC06FEF009F50BF9E9F2
:10331000F8E9D614F6FCE90508FE080402F1F8E025
:103320001106F904EFFE04F4E3ECF20CFDFDE2F308
:10333000FEFB03EDF8E9FFEA17F3F91106F1F8FFD8
:10334000DAF502FFE6EE0BF907FBF909F7FCFEE8F8
:103350000207FC0C05091FEAFE0EC200DC06EE00A7
:10336000020511E001ED08FD12FCEBFC0C04E4F396
:103370001D07F3FDE93602F8060AF9F514F3FE0C11
:1033800003F107FEFCF4E2D8E5E7351D0319E6007A
:1033900006FBF7F0030307F2F80C06F604EDE5CAA6
:1033A000EDD845FD07E810081005FE09F903010BEB
:1033B00000FCF2E3FC110BF90A170BFDEEE1F5F24C
:1033C000F10202FB06C406FE1DF003F70802E8F353
:1033D000190B23ED0BFA06F7180403FE05C9F5E3F4
:1033E0002B03F321010504150410FBE2EABF0209D7
:1033F000F3030A0EF7D112F3EBFEFC0AF605E6071B
:10340000F326EDFE0FFC07F404FE01FE06FD0604A4
:10341000060B0AFAEDFAFC03EEDB4DFFFD08010B8B
:103420000D0204E9F0DD0012ECF605F0EBF1EF21FE
:10343000FC18F702FFEF1A00FE0405F1F6D209E8C6
:10344000021D16020AF71E1EFEFEEE0FFE01FE080A
:10345000FA14050D10F8F8EE2EFB0AEE18070022FC
:10346000F3060FEBF2ECFAF8EE0413E500E5F309CE
:10347000F7F4062BFAF9EB00F8FC0E050918FE0725
:103480000A0EFBE103DCFF02FEF9FBF4F0F6F5FDAA
:1034900019FAF00E150402E703FE0FE6F41E02FB14
:1034A000FD0D0905F204FF150806F20D130E0102C9
:1034B000FF0A07E70CFBFDFAFBFE09F603FD151AF0
:1034C000F2EBE7D3240EFAFB09FC08070208FCFA2A
:1034D00000EF0A0507FC1E09F107D304F1140008E8
:1034E00003FD0205FF0F05D90E01F417F9FB051BBB
:1034F0000108D202EE34ED05FA0D020708FBFF01C8
:103500000F10FB0901FCE81A020102F1F053EEFA78
:1035100011FAFF150FF8FD0E1000051FFC02ECD389
:10352000F11317EA19E40406F602F9F5F51005FCA3
:10353000FA14FFE808FA1FF7F404EEFFF5E00C03B5
:1035400000F9F70304050502FB02FEF5F7F9020393
:103550000AF1E201EBC510F8F704FE1D0ADD07F3DE
:1035600019050013EEFA21EFDFFD00FEEECEF60A9C
:103570000A09051EFFFDF6F8ECF70C080F260D06EC
:10358000FF03F7FC0B02FAFDFCFB01E40613FE0649
:10359000ED02F8F70810030E00F0F60008FA1B0B16
:1035A0000D0E05F3FCE609F5E8F8FDEDF3FFE9F390
:1035B00001EDF3FD01E90700FAF408ED070C0BF942
:1035C000D9150DE10B1202EF02DDF906DBF9F00669
:1035D000FD10F60A081FFEFF0A010DE7070A0BF3AC
:1035E000E9E6F2FD18FDFA0BFF0C0307FB0008FEED
:1035F000F101FAFC150EF8FA0209E10118FE1008B3
:1036000007FB01E7FB0AFC12FFFAECF10C01EC01ED
:1036100039F506FEF90106F7FEF811E5F509FCF5A6
:10362000040609ED0103EA2322FA14061B0405FB34
:10363000FE01FEE2ED170702FB0507F30406E202B6
:10364000FCF1060B10FCFB0908F6FFEBF9FFF7068F
:10365000F20FF0E2090A2B02F8D7D50D14F803088F
:103660000D060F200510FBF0FCFD01F6FF0313F91A
:10367000FFFBE1FF03FB0F0804FE000D0913FEEB47
:10368000E3EE03010211011810E4F9F8F0BBFAF6B9
:1036900000000DF7FEF909EC0EF108EEFB06FB0940
:1036A00006E9F4F5FAE70BFDFDFFF406F4F6F8F48D
:1036B00018FBE9FC08FC07ECFCF9E115DFC9FAF599
:1036C00007FFFE0D061BEF02030DEAF4030DF300E6
:1036D000F3E808F90AE90208F7F8F02100F305EF2A
:1036E000F40AF7F0160412F204D4E4F9F5FEF6FD3C
:1036F000F5EF09F8FCF501EAEFF703E00EFF17FD1F
:1037000020E7E701F7FCFEF6080C080FEDFFFD0AC5
:10371000FEFEF5F2F4F509E5FC10F812F1EC0613E3
:10372000FB0A0BF707E7F105DB01FE0C1506DEF7D8
:103730001A0A3DE80F020506F6EE0413FEFDFAFC38
:10374000D3F8E7F2F6F910DF0FD1ECEB05F8EB0751
:10375000F8F700EA07FCF5FBF6FD02EB121119E79A
:1037600016EC0243E0E7EB09FEFF02F905F6FD0463
:10377000F70402EEF3FAFBF4F8F72C00E7E4000597
:10378000FAECF71205F5F5EAF30304040A0216FE53
:10379000ECEE160BFD02FB0606EB0820FEDF06CF63
:1037A000FB02FB0A150E0DFCDB00D404D7FCEBF882
:1037B000F60AFF1303E503EE0FFFF9EA100304FF17
:1037C000F0FFF909D8C00D0807FEFF1100FBF6F362
:1037D00010FFFFF4030533D6F401B1F5FE0DF6F842
:1037E00004F312E50AFA05EF2B0406FD0703E9D5F9
:1037F000FBFB07F2F036EFEA010B04E30A01030CCE
:1038000005FAF5F2FCF9D1CDD2FE2C0BF92EFEEB28
:10381000FA0100E903F105FE010301F9FAF8D1B755
:10382000E8D2450E0EE00BF9F9FFFE0D040EFE077F
:103830000D02F7EF04060BF2F9FDFB02EE12F5F6AE
:10384000FF09F5F004E00A20F7EC11F40305EDFEA2
:103850001D0114F70D26FDFFF10508FAFCD3F7F85A
:1038600030F50301FBF90313FA0C09F4F6CB100150
:10387000110EFEF2FDD3FDE9F307E5050B05E70D9B
:103880000015EE0CFB020504F9F8FC020EE802FE3E
:10389000FD0BFEF304F8EE08FAE531FBF108080130
:1038A000FFFF05F402DF0A03FE010AF4E5EC001154
:1038B000F91201FB21020C0D02070CE5FBCAFBED1E
:1038C000FBFAFB00FFFD180B091DF020F1FBFD09C1
:1038D000F1EE01120CEAFDED1B010BEC0C05FD2DC8
:1038E000EB17F7FBFBEDF0F508FE05FBFADFFFF247
:1038F000FCFD090CEDEBDBEF00F11EFC2011EFE706
:103900000B0B01E400D4EB1BF305FD0AE8060C09E0
:10391000010D06F70EF80B09F9EE05EEFA200F0A75
:10392000110D0206FDF2F217050C1500EE090A084A
:103930000CFAF40AF40D02FE02FB060301FB191C4B
:10394000040518DC14E60200FDFDFF21F9F0FFF983
:10395000F5FEFF04EEFFFADF0DF716E8F4F7FCFAC8
:10396000FDFAF802FFEBFF24FAFD02E5FDFFFAED98
:1039700015F6EFF917B1FC0A000D01FDFEF60A0E6F
:10398000FEFD01FC050206FAF8F70406F6CE1CF36C
:1039900007FF02EE06F4FBFBFD090C0207F2EC0345
:1039A000FEFF0CF2032502F6FD00030F02DBF3031A
:1039B000F20AF2F7F4F30009F2CE1FEE24E8F30264
:1039C00005FD0B07FD000507F5FD01011005FA16C1
:1039D0000A00F214182808FE010EF9EEF81B08116F
:1039E000FF03EC0D01FBD9F10C1A01090B2109FBB6
:1039F000FF0509DBFDF2000C08FDFB1CEEF3E014F3
:103A0000EE060FDFFD0CFD0FFA03F6FB01EF0BFFD7
:103A1000F5020401F2080D210CEDFB05041DF10077
:103A2000FD110700011A02080FF20513FD08EC074B
:103A3000F805F3FAF710F6F9FB0C050704EB00F3B1
:103A400021000420F1EEEBE4F82C1803FB060C0433
:103A5000F90E00F805F107EB11FDFB1DE7F20C0C68
:103A60000A0CF7F4F60AFE00FD0108150A03FDF83A
:103A700002FAF507F4FEF7140A0406FD25F8F8FE2D
:103A8000FE0FFA14FA0CF91406F304E7FEF5D71446
:103A90000D1915FB0FF909F6F90106F30A010323C5
:103AA0000C020CFFF7F3040923FE14FE0BF904F9D2
:103AB0000101FDFB0122FB0AFE07FF01F3021B10BF
:103AC00012FBE40614EE0600FB0505F5F316FBED0C
:103AD000FAFF080908FD1407F3FDF81D0D0F06078E
:103AE000FDF5FB07052701FD06030205FE0A181078
:103AF000E30EE10DE8D5FD060404FF00FFF311FF1E
:103B0000FF000014070BEEFE0F0DF3080717FB056F
:103B100002FCFB1A000106F8FF01F8F90800030F88
:103B20001616E711FC060400FEFD0404010D0AEE62
:103B3000010105080BFAFD04F70CFBFE0902F1FF79
:103B400004FEF4F6FC0A07FE1003F80605FD040364
:103B5000F0F9E60108BC16FBFB1302E907F801F9CE
:103B6000020204F7EF0002ECFAED01F5F7F710009E
:103B700004FB04000E170112FE0903EEF80D1112EA
:103B8000EAEEE6FF06080204060006EF042104EF51
:103B9000F90BFBF6F00923EEF5E7C0152A1CE2004D
:103BA000010407FBFE01020AFB0706FC0719F3FFED
:103BB00006E7020CF710F9FE0A0E02FA070F0BFBDC
:103BC000020903FCF2FB00050907230FFFFFFAFFC0
:103BD0000108FC070306FDFE0A00FC07060C0EF0B8
:103BE000FC040C11FBEF04F9F304FC09021CEED6F3
:103BF000DA0CFCF5180D1FD507F2B80D21E7010509
:103C0000080A04FAFCF30108FAFDF6EE29FFF4E3D2
:103C100006E6F6F0060611FE060502DBFFE70D17C5
:103C20000610FB09F504F90F20EFFDE004031A0468
:103C30000612010B06F90300050600F9F803F81B4C
:103C4000F8F91817EEEB0CF10809FE0A0D1502F948
:103C5000080712E8F514FEF804FC2A0509F310F130
:103C6000F6EE10F0FB1CE5DD0606FCD30E021B0C85
:103C70001D1B1E1A15BBFF0E04E30FF2FAFEFCE239
:103C8000E0FAF3DF1B0F26030809FC1EE7FAF8131E
:103C900004FA1319F70C01E9EFF9F8E41A16FD3CE0
:103CA000ECE3FF0E15F409F8F9F0FFECF816090E35
:103CB000F405FEE3151331080EF3E715221F0BFE82
:103CC000F7FB04D90423FF06EDFEFEEFFFF31229F4
:103CD00016FD0A15091B05ED08F503F9FED907DEE7
:103CE000F605FEFC02FD280CFFF8FD0EF8070E0994
:103CF00009FB020AF7040CE606FE0114FB1E031082
:103D0000021EE509E3FBED01F6FD0207FE1DF4E6E8
:103D1000EDFBFAFF031711BDF5E2E9040812F907FC
:103D2000020701F708EF04040302F12604EA15DE96
:103D3000EEEFF52939F605050B0DF1F2FD0503FF50
:103D400014FCF817FBEAFF0FF62FF90C1517000A01
:103D50000A10FC030923F21E020F00FAF202030C00
:103D60000D0FFFD0D4EE0802FB01FC0FFFFDECE3CA
:103D70000102F9F7F70418DEFA08E509C9F0F8FEC0
:103D8000070AFBF70814FF0803F9FAF5FE18FDEE21
:103D9000FDE8FF06F30AEEF504100BEC020F0CFE33
:103DA000010808140002E207F3F80FEC000E04F813
:103DB000FF11F9E7FAFCF91306090F12E6F4F1F422
:103DC000E10946101906F9FBFFF80411F619FB008A
:103DD000F0FC0E0D0304E90FFCE8190807F3FFFCE3
:103DE000030BF902F6FE00FAFE01FBFF04F5F1F603
:103DF00008EAE6F9F8CAFE05F207030AFCF8061A13
:103E000018EF0EFDFCF804F3011AEF02F0FF01E9D0
:103E1000FBFD1105FEF10209FCFE0301FA0908078A
:103E20000808F6F013D0F903F3FFFB0AF011FF06C0
:103E3000F7FAFF05FF04FAF7FDF901121413FC036A
:103E400002FBFF13031404F7F0FDF6FEF5FAED0292
:103E5000F801030D09FB06EFFE0700C5F41FFE0C79
:103E600013F2FBF8F9F4E2E7F612FCFC101603F685
:103E7000F6FEFCF31617FF12F617040AEEFB07F125
:103E80000B0206F8070EFEFA000005E5F104FEFB42
:103E90000105FC0606FC0F16FAF9F9001917D3FD07
:103EA000F60300220530FA051209FF13F8ECEDE8DD
:103EB000DD03DAFE280CF7F8FD0EFEF0F806F9ED4A
:103EC00021F4FAFAF802E4F90217F60E09F41A08D6
:103ED000F60008F600E800E600F60016E9F1DC1846
:103EE000E814E3D606040901FDFB09FFFAF5F8F929
:103EF000DE00F905090115F20902F0FF26F4FDFDC7
:103F0000091A020DF9E907FC310DFC0209F0E0E79E
:103F1000F2FCFEEE0BFB1EF8FC140DFEF3E1FD11AE
:103F20001706FA08F4F0FF070E2EE6DB2AEE220A47
:103F3000FA0CFFFBFB1D07100006FB09F909111520
:103F40004301B1CB0AECFA0C0B04FFF3FBFD0402B6
:103F5000FEF506F916FBEC180AF23CF0E4F7040053
:103F6000FEF9F715FCED041314FA0A03F3F8E9F966
:103F7000FDFF14F40FFA1003060CF80C09D40FF22D
:103F800001F30105FFFA00E70B1BF7F809EB190035
:103F9000000BF805F8F600F9FA010606FD0015F821
:103FA0001E0BB9EF1405FBFD020EFBED03FD052210
:103FB00008F7FD1902E4E310EA0E43E81E290007A2
:103FC0000510FD0F01F308FEFCF7040BF3F30B05DE
:103FD000EA0CFBFF012B1AFCF50BFEDE0230FF247E
:103FE000FC0009040308ED070F02F307092AF60095
:103FF000000FFDDF0A19EF17050004ECF6F8E4E600
:1040000001F90112FC25FCFE06FF08DCFF1305FD8B
:10401000FD0D011FF6F51918EAE0E0132C27F80250
:10402000F9130516FC2CFD011406010AFA12E90029
:10403000F708040AFDFFF1ECF514040CFFFF06FD80
:10404000F60200F8FE05D8F40224050BE6EFFF0B9C
:10405000010F07E5FDF000010300EC0AE507F0DBC6
:10406000110705D40F0A100A01FBF5E4F70406DF77
:10407000EF00F30C110517EE071901F40FFDFF0611
:10408000FD09040DF9EC06151206FB05FEECE9DF4F
:10409000FBF012DF0CFDFEFEF00301F604EB0C1545
:1040A0000DF90AFAFEFDE5F802F7FCE903F708FE50
:1040B00000FC00FBFAFDF9FF1B05FF03E50A0E0EED
:1040C00000FCE6FDE3F9F70009FC03FBFD17F9022C
:1040D000FCFA07E905FA10FADFF6D8101CFDF60322
:1040E000FE0E05DF0E120019FA13FAFE04FBF40CA3
:1040F000F0E8F710FB3F08F6040EFFF3010DF80E91
:104100000C14FB0E0CF3D7E9CE192204FE1EFFFCA3
:10411000FE0704FF03DCFD1002F907EEF7E2D50FFE
:10412000F31E3F09E119F9F2040200000408FFF947
:10413000F103F8EDF7FC01DE0218E6F805F3EEFFF7
:10414000FE0501EE03E90AF405100B040C08FAF170
:1041500002F206F30713010403050002FFD8FB0374
:10416000200F0224FEF9E2FDF4090BE80DF70D081B
:10417000F906FC19FECFFCFE07F603240305F7122F
:1041800008141EFD00E9000CFF08022400EAF30CED
:10419000060500ED08080DDCFE29F7FCD206FC0A36
:1041A000FFF4F50701ECFCF9F405F5EEFFFAE8F78A
:1041B00007FD0AE1F90CF80100F302F202FFFF012A
:1041C000F9130512F3ED1713F7F602FCFEFB07FED9
:1041D0000CF90710020C02ECFDEC0E04EF0E1C13A0
:1041E00009E8F9FA04EDF4060E10020200ECFE08EC
:1041F000150111FFF3F803090BFD08050706FDFF84
:10420000FD0004181200FFF3FCFF0D020804DF0993
:104210000C1806D4FFFF03FE09FD02EDF918FFF8A4
:104220000C04F2FE0506ED130EFE1E140DFB10EF3E
:104230000BF905F8FA01060AF6FE0BEE00FC010D7B
:1042400012F4FD1015F806FC030DFD030A13F60D1C
:1042500011F7FFFDE4FF0100F6F01104E6FC08FD94
:10426000FAF601F6041607F51106FD09FB001D001C
:10427000E108F8FAC7DFF7F4F4000808FCF2FFFCE5
:10428000F809090509FF0FF9FF0A0900E4CFDC0F5F
:10429000FFFC131F06EB04F8FE1008F2081410D1FF
:1042A000EEEFF1FC2612FEFEE7F400F603FDFD0E34
:1042B000F404FBFC00FC0205FCEA27111BD51BF9EA
:1042C000F8F00EF501F902FCF1FD01EC06EF0A0829
:1042D000FF070A04F3C212F808FA0CE60DD505EE42
:1042E000FD000AE2F9092BEC06CAF4EC04B4FA0565
:1042F0000AFFF70AFE0108F7FAFB0DEE12FC1BFF9E
:10430000F8DDEE27FF21FBFCFEFBFEE1050600F7D2
:10431000FA0F0006FF01F6080AE8140C181009F05D
:104320000601F8D1F31203FBFAFBFA18FCF5F5F7D6
:1043300009DE0AFA29E424F706F5FBDBFF0CFFEBA4
:10434000FF04F50813041FF7F9F2F906F10002F86B
:1043500009ECFBFCFF1B0309F01902E90202FE0F46
:10436000F4F70422EFFBF50CF20A020FFC14F3251C
:10437000000C0216FDF901FA11FAE40AF605E60648
:1043800001FD0AF20204F7FFED19F4070B04F91A14
:1043900013FF06FA0D0F01FBFA07F8F9000BFBFA01
:1043A000FB0DF4F306FC001D152F010C28150C0362
:1043B000010EFF05F4FCFE09040DEF03FBF9D6180E
:1043C000F24012C1E1C11104F602000DF8F800DF5D
:1043D000F3F9F5E901FF1EF111FACCFFC8AE0206B0
:1043E00007F600FDFE0BEED5D8FAF9D3290A2BF417
:1043F00005CBC30FF4B411FB01EE04D7072503E688
:10440000DFFCF6DE1B3B3B12FDD5E117060BFD047E
:10441000F804FDF1FB210AFCFF02F6EB1808000A84
:10442000EFDA0C0FFFE71A0806F503EAFF1008F3AE
:10443000FB02F8DE0D13F9F914EAE209173CF80063
:1044400008F705010600F0F4EE0B09DC1DFD190369
:104450002FEEE5200302F3F608FFF4EEF924FB004B
:10446000FE06F7F303FAFDFFF606EA05022A0E0A36
:104470000410060400F704F902FBF9F9EBF9F00C5B
:104480000A1DEEF601FB10030C0302F906F503F812
:10449000FC0508F00DFA10DA18FAF904FAFAE60841
:1044A000F202FC11041302F20FFCF8EF08F21DF304
:1044B000EB0D0505F807EBFEF30C020500071000F5
:1044C000F704F1090CF8F6FCFD05FDF2DA010AFE2D
:1044D000FBFA0CFFFC02FE08FBF9FB15F2FCFF03E4
:1044E0000E08F602F1FF0E010700FB03FB090402B0
:1044F00000FB03FFFC0102FDFD020B05DF00F9FAE2
:104500000408FC0B0108FDF6F6F70A0503081FF284
:10451000E50F0DFA02F00502FEFFFC1E06F1FE0893
:1045200007FF0014110808F7F50D0F13EAEEFBFA68
:10453000FCFC0517F903F9EFF60601FEF20111F78D
:104540000807FCEFFCE0F7FBF40503D9F332011395
:10455000F3090305FAE914F4ECF8DD202936EEF747
:104560000B2807EDFBE820050500FA0BE4EAC9DD9E
:10457000D6FBFCFD2E211800FE1DFCF105EE02F815
:1045800006040509DAF3CED6F604EAFB01D01307D8
:10459000FDF9FAEF04EB010D0FFD0511E000021F1C
:1045A00024F8B8FEEBE4F111080803FEFFFF0CDF6E
:1045B00024FFFC2F09EAF5DEFA2FE60F00F9DE09E9
:1045C0000A1DFF07FE1312012FF5FA21E30CE7E3A2
:1045D000BC29FEFCFF25050CF710FE1CFC4D032238
:1045E00002FB090AF410D3F124F3E2F10E0802F9F8
:1045F0000BF906EC00260123011309E9E4041BD0A2
:1046000034F1F709EC00080306010309FBF51A0C65
:104610001E0C03F0E9EFF923EC3EF1DAD30CE90AC2
:104620000907090CFF18040C04101700F5080ACB41
:10463000EE0300E2FA10F9FDFDF70E2C0714FA055F
:10464000040516F7F009CEDE1415EEFBCC01F903D4
:10465000030C010F04E6F9D7FCFFE1F8010606DFC1
:10466000EFFDCEF221100606FAF9F7E201F70CF39E
:104670000209FFE40AFB160B0EF604F71FFB1300FA
:10468000F80BFCEA01E917EE19FA00FEF4F5F2ED79
:10469000DC0504ED03F81600FB18F8F608D5072E24
:1046A000FB0006F8FC09F5F602DEE2D805F4FCF59D
:1046B0000E0906FB0E09081AEFF70BFAF2F418F0D0
:1046C00028E4D30AF910010505FC05F901FE0201F1
:1046D00003FCFAF8FDFFFBFD07F6FE0305FB01FBFB
:1046E000FE0602FFFC05FA03020603FBF900F901CE
:1046F00001FEFF07040005FEFFF90002FCFF0107B1
:10470000FD0302FBFDF903FF030501FEFB050302A8
:10471000FA02FF03000103FFF7020405FDFC02009B
:1047200000FD04FEFC02010101FC020604FAF8FD92
:104730000106FE000504F9FF0800FEFDFEF004FE80
:10474000050200FEFCFCFF00FAFB0001FFFBFAFF84
:1047500002FBFB0CFFFAFC02FCFD05FDFAFFF70271
:1047600004FDFF00FA02FA0000FC00FD02FA04FA60
:10477000FA01FEFE01010BFE0505020003FE04FF27
:10478000FBFB01FF05FF05FA0201FFFB0303020229
:1047900000000105FDFC0904FFFDFF040FFAFEFF08
:1047A000F8FFFEF8FF0103F9F9FEF70201F9FBFF3C
:1047B000FC02FB0701FE020000FFF6F9010000FA0F
:1047C000FDFF00050408FD0000FD00FCF70004FBF0
:1047D000F8F6FF07FE0204FC0502FCFFFD01FF03E3
:1047E0000404FDFEFD01080103FE00FE0301FFF9C4
:1047F000FD01FE02FEFC0302FB0002F900FFF901CD
:10480000FD000104FDFC040107FB0000FAF901FCB6
:1048100000FFFCFC02FB0301FBFD0B0400FFFEFD9F
:1048200004FCFDFE02FAFC060404F9FBEE02FF03A1
:1048300002FBFD0107FEFD000204FEFF040004046C
:10484000FDFF0100191C0705FBFBF8F50410FD0432
:10485000F7FEF60101FE002BFB09F31205F509FE38
:10486000F604F9EEFC0AF4F2F8FEFB1AF202FF2E4F
:104870000CF8E5FAAF000EF4FEFDFD10FEF8FEECBC
:10488000E803F801F00B2B141FF7EEF2F31AE20C19
:1048900007FCFA12FC160AF80CEFF20B09120FE7EC
:1048A00009F2F0EA000AFBFFFCF6F3F30D1DF2FE3D
:1048B000FC04FCF4FE160A0EFADEC90F23E6FFFE26
:1048C000F5F5FCED000A05E9F4F600F5180007EB34
:1048D000FCDC04F6FCD501F700F7F40AF6EBFEE782
:1048E00004FEF7E9FEFB130BE7D3FAFFE3A4ED06A2
:1048F0000B00073701FBFFEFFFFD04E01A221FE862
:1049000001F0D601FAE501FDFA060805011FFC11C8
:10491000F6FCFEE92E0EFFE0F318C40EFA050A07B6
:10492000F3FC000001F60219FF07F1F303EAEDDBE7
:104930001D0810F11C0C20040DF009E808050609FB
:10494000ED0601E004020702F9EB04FA250FFAF381
:10495000FEF4FD1C07220A03000000E6000608F72B
:1049600002EFE0F606ECF40C0502072B03F6F81054
:1049700002FE00ED120706F4111227FB01180203D4
:10498000F3F40300FCFBF8FCF7FAF40B07F9F70962
:104990001BF018FEEC0F0BFF09F00100F710F9E314
:1049A0000202F50BF5FC070FE9EBD8FD1A0FFA052B
:1049B00005FA051D0322F9FAF2FCFAFE0003F702DC
:1049C000FB0FFC08F1D802F0000208E6FC04F6FC3C
:1049D000F3F804F50BFC0701F1EC2F0AEDF00500EC
:1049E000F90502F60810040CE30A0AF30901FFE2D4
:1049F000E8F017FB02BCF0FBF5FBFD0EFBF4FEED4F
:104A0000F5FC06FB0CF8EBEFF0F802140DC2FF0208
:104A10000500010405CDF6F3F70603E700FEFC1FD1
:104A2000F0F9050012150304FAF8FBE803FDF60996
:104A3000FF08F4010504E51C060A17F615390B0CEE
:104A4000000A06E9FDE900E5FEECF30A0DFFF52298
:104A50000C0CFE070F161104080605DB04F3080F03
:104A6000FC0DFEFFECF6F80D10FA060C182F0EF9EF
:104A7000FB0303E001FB09EE09FF040F02F8FC2829
:104A80001EFA06F9F01F04FF06080EF7FA27FEECDF
:104A9000F6FDFF11FBFE0AE8ECDBCF10211EE70458
:104AA000041112F9F31B0A140911F9080303EFEFBB
:104AB00001FDE9031E18F2F50306FAEDF10501F513
:104AC0000E12000CFAF2EDF2F4160F07130405FAB9
:104AD00006030006FAF6FE0013FFF920F2F205FBCA
:104AE000F50536F5EADF060801FDFC11040204EDC8
:104AF0000BF1FDFFFC0D02E0FF27E003FBEF05FDDE
:104B0000000EF609F8EF0404F1F3FBF2FC08E8EDFF
:104B1000EE0711F8FB02F600FE0501FD03FCFC1B8D
:104B200002FCFDED00FAF3F008151DFD1E0DFEFC64
:104B3000FC00F5EE04E504F9160507F6E500FB06B2
:104B4000E4042605FFF8F607010002FC030D02F35A
:104B5000F109F5F8FC070DF0EFF2E405FE10040191
:104B6000FF01080AFAFD04E5FF1B03EFF21021E83C
:104B70000FE2D8FD050FFCFA05F502F8070F04FF58
:104B8000090C07E502FC0AFE02E4ECFCF8ED0AFB66
:104B9000FE0D0A0303F400F5030002FCF300000518
:104BA000F3F600F7E3F1FB08000B0908F105FAED55
:104BB0000B05FCFE000BF7FBFA0FF7FEF6B100F455
:104BC0000211FE0CFCF103F915F9F9EC08EFE8F914
:104BD0001A3022FD0AD50002040AFE0DFAF2090D70
:104BE000EBFBFFE2F4FBFAFC10ECF1F0FFF6F50E44
:104BF000F503FF020A0F01EFFEEF06E609FB1AEDCF
:104C00001DF5E9FDFFEFF402FC16FE11F7DE0323AC
:104C1000120B04EAFEF3E4FA0130FCE9D2F7FFFAE2
:104C20000A0505F000E800101E070003F7EFE1F1A8
:104C300012302FEAE0FD050A08FF081B0409F405FD
:104C4000EEF5120BECF70BFF03F5F8EB02F1F2FFB8
:104C500002ED03F905F70BFCFFFEFBF117FD0FE179
:104C6000F9DF1D48ED030408FBFDFCF4FD0306F627
:104C7000050509FCF0FDF30E05FC11000C03F7FD22
:104C80000E0800DE010700F1EFF8131405FA062004
:104C9000F3F1F707EF06070408FF00EF0BEE01E75B
:104CA000F700020B01FD09E8ECFBF00CFBF809F939
:104CB000F9FEF61705E8FBF40100FEF40401FA0022
:104CC000EF05F61B202EFF0206EC03F911E9F5E4CF
:104CD000020707011401F3071926E3F106F1F6F4C0
:104CE000FAF011EFFE03F4F0FA0301F90E0014419B
:104CF000FE17F90523F808EEFAF4032100FE0FFA77
:104D0000FAF9EB0603F3F2300A2C09FBFB2F06122B
:104D100005FDF90D06ECFA080AF9F91B1E01F30E60
:104D2000052AEBE7071A0A0B0A0108EDF4F209FF5E
:104D300004F0EF0B030A39131401E408F543ED0AFC
:104D4000FFEBF7EE040C01F614070201F2F100018B
:104D5000FDE2FAFEF9FBEBFDF2F90535F0E408CAD5
:104D600019F11014F9FF23DCDB0B1504E504FD0831
:104D700009F3133900F410EF07FD061FF71CFB0CB5
:104D8000FA1536040107FB00F9F7FDE60E0C09F5EC
:104D9000E4FE03FA0420EDF010E1F4F90CD8050C60
:104DA000FF00FBDE02D40DF0F20200EE07F815D78B
:104DB00016CDE30407DA12FA06FB08F7F70EFCE259
:104DC000F6EB14E20F1918E6E8E1000DF0F4EB0839
:104DD000F8FF00FDFD1DFD010BFE0DE60A170CEDB1
:104DE000F2D4DCE704F60210FF03FBF9FBF000E865
:104DF000E806F5F31412FAFBFF04D1110FF2F40ADE
:104E00000D03F6C916F9EC001903010A05F6EDECDD
:104E100034D7251AFEE801FB03F8F9E0FC0509EF99
:104E2000F2F6F3F7FCF7FA23E9CB3DEBD30401FFED
:104E3000F902F6D1F61FF1F0F1E60CFAFD02F6FEEA
:104E4000E5E5162CECE8FA00000013FA0028FAE970
:104E5000F70FFBF4FBFB19FEDE08D909EFFEFB049C
:104E6000FF0A08F40B12FFF00F06F7010E03EBFF29
:104E7000EEFEEA19081500F5FE0404F407FDFF171D
:104E8000090FF204FAF8DDFEDC1326090129F70206
:104E9000FD06060707F4111E060203010401E503DF
:104EA000F20B3DFAF5F105FE090106FEF7FE08F9E1
:104EB000FCF8FBF605090B010141DCFC01EF0406DF
:104EC000FB0AFFF7FDF617F4080A02EB0F04F8FAE5
:104ED0000C11F9F3F5E4FE03F608070909E410F9EB
:104EE00013030E0EF2F1FD15FBF902EEFDF51106AE
:104EF000010AF60D0AF601EC0809F729FF0B070570
:104F0000F71525EE07FF0705FBFE0912022704EA45
:104F100002F5FFF1F90C2EF2FAF5E901F50FF700B1
:104F2000FCFBF8F9FDFF08F3EB130FFDFC09EAFEAB
:104F30000EFCF7FCEE1BF80204FD0DF40C0FF90853
:104F40000BF710FC0105FD090CFB021228F20E09FB
:104F500002070001050703070DFE07FC0B1602FD03
:104F6000EFED0EECF5EAFE0307040115070602F566
:104F7000FB0C06FE0C0D06DC0212D80A23FD020B08
:104F8000F611FFF60BF5070708FDF8EF1A00E7E347
:104F900017F905E2FF0706EE040403ECF718140BFB
:104FA000F9F70102F1FBF10D1BF82FEFFA030FF9EE
:104FB000F502F9EEFC0C0E13EA030EFCF70AF106FB
:104FC00016F71011F211FA03FAFA04FC071208FDA1
:104FD000EB010F00FEFAF6EEFBF304F90925F3F6F8
:104FE0000C18FCFE04F801FE01FB0412E0E6FAEEE8
:104FF000F904E9FF2104FCFCF202FFE90909F71EAC
:10500000010105FDF3F2E1F8F522F301F6FB07FCDF
:10501000030E08E702F1F81CF405FDFCF6F5F801B3
:1050200016090306F4E2F303FE0906090B040AEA73
:10503000F8040618EFEE02D30308F2FE1107E701A9
:10504000080B0706001D1004FCEE0013FCFDF7EE34
:10505000E7EDE8F51BFFFAF6F30F00E3F71FFA0F91
:105060000602050D09FCFBE8160406E4DF0B00F858
:1050700004FAFCEE04F7FC131507FBF7EEF10BF452
:1050800003000CF6F8F2F4F200F9FF08FEE9FA0E5C
:105090000A05FAEAF3F711E6E9161802F903E7F44C
:1050A000070AFF1AFA12FE03090402EAF404F1DA0D
:1050B000F023F9E5F3F4EC08FF0AF413FFE00FED39
:1050C00009FE0403F405FEF5F92D1315F9EA09119B
:1050D00009EBF50AFEE0F6E205E6F206F7FDF70E4B
:1050E000EF0CD8E5460CFBF20CF401CBF1F205F520
:1050F0000800F8F71004FB39F4FA12F3461AFEFE22
:1051000014F8FDE002EA09001B0A040203EFD71DB0
:10511000EBF329EE14F41EF9FC0300E402EA032386
:1051200007F61305EBFE05F70FF9F9FEEEE9091294
:1051300005EDF8140B05EB0BF4030EFDF90A230142
:1051400011DDC6E30BE2FD0600FAF5E704E5040D08
:10515000FBFE0AEF05F9F4FE0BFB10001300F5FF50
:1051600008FF0501F9D60416F8FC02FBECE3F4E2B3
:10517000011916FD1E3702FB07050204FCFB02EDB8
:1051800002EC0AFBF400FDF91911FAFBFAF3110124
:10519000F9FC08F6F910FD00FAF90BF3EB0017061D
:1051A00022F9B80A03ED0405FC05F70202F3FE0537
:1051B0000A08061AFCF9F6F0F1EE0B010514EF06E9
:1051C0000DFF030FFC1AFF0BFDFF090FEE02100786
:1051D000CCF405FF0614F604020404060330FC0DAB
:1051E000F4F6F505141DD6F1F605FCF314100BF7D3
:1051F00001FF03FCFFFEFD0AFE0903E2F1FBFAF7E3
:1052000001F7F203FCF20CFA04FAFBE701F20C0ED0
:1052100002FD02070CF5050DF602FDF5ECF10404A4
:1052200002080216010DFEFFF9000A01F70604E06C
:10523000F5FC1BFBE9F5FB00030A031CEE0100046F
:1052400003FA07020204FDDE040A0E08DDF6030776
:1052500000FEFCF405F0FB0AF7F9F6080C0305095B
:105260000305E4042D100A0900FB04E401EF05F432
:1052700000F8F7F504FBF81D130608F5F4FC100719
:10528000030AF3E6F9FBFFF4FA01FAFBFAEDF91071
:10529000EFF8ED00E6FB00FB07060301FEF7FF0752
:1052A00000FFFAF9010C01FA04EFF819ECF7EB0131
:1052B00006F509EDFB06FE01FEEA01F2F2FD0AD752
:1052C00004E3DF25E211F60A02FFF408FF1D0814CB
:1052D000F6010311F104F503F9ECF302F6F6050704
:1052E000F30F07FEFCFCFF110409041CE60EF60791
:1052F000F900F7F20915F906F405FDFAFF020C0EA4
:10530000FF0A1009F8FBF3F0ED0212ED07F8FB02BB
:10531000FC0D05E001FD041901020C0A07FD16F45D
:10532000070C0909EDDAFC02FCF4031E04FA06D7A7
:105330000BFFFF15F401F9DBF70ED607EBFDF207C3
:10534000F30EF80CFDFB08F2EEFE130F061401E35A
:10535000010CEB080502F80DF80AEFE4FF33063301
:1053600003F7FEF7FE01DE0211EF0AF4E91BF70175
:10537000070B05FFFB140A1E04F0051FEEFBFEEFF2
:10538000130337F710EA10EC0508FE0B00F00920B4
:105390001309F6E803F60726F63621EDF6F2F804CF
:1053A000FEFF01160400041414FFF9EFF1F0E4EE1F
:1053B000F92F26E3EB0E0402030F001803F1060990
:1053C000FEF7FBFF03FEF2F806140200ECF3FEF614
:1053D0000202FC03FCE504FDEDFB0214F300FCEB10
:1053E000FD09FEF25A22ED02FA0301F0F90A17F65E
:1053F0000504F80303FBF922F8F616F92E0D09034C
:10540000070900E6021B130501010CFBF2FAED157A
:1054100004E40006F4FF0DEEF1F803FDFDF60011C3
:10542000FCFC110CEC070CF314D0EC0FEDF40605AA
:10543000F9EE0E0EF70A01FCF80A0AF9F6FF19FF59
:10544000F1F7CF18110FF6FE03F60700FBF9E1F5AF
:10545000F90BFC130BFCFAFCFB0EF015FEED090D2D
:10546000FF04FE0A040D11FEFC0DF3FD00FF0A0C03
:10547000EBF2ECE6030014F9F616FEDEF2E50AF5AF
:10548000ECF9FBF8FD0DFBFFEDF6EF07F40412ED70
:10549000F1050706FE0CFE190804FBF8F9FD0CEBFC
:1054A000EFFD00FF000012060306010000ED10F7FB
:1054B00013F30A1A09F5010BF116EDECEF19E70ADF
:1054C0000308F0FBFFF01CF616070106F502F400D6
:1054D000F501DDFA00DB17F90E15F9F40C161E13B1
:1054E0001AFA07FD0009F00BFDFE13022C14FCFC58
:1054F00009FD04F7F324F81D03030B0400F5F6EC93
:10550000E1E3F7F20BFFF7EBFEEFFAF8F61013E723
:10551000FE0103FAEDF01E03FCEFE7FB050EFBFDB9
:1055200008FA09F50317110D100F0EF9F90A00F822
:10553000FDE9C9FEF717F1FBED0A040DFE05FF13A7
:1055400006F7FEF4F80800DE1306FBEB0900000185
:1055500003F6FDFA07040200FAF2F71CFCFBFCDB81
:10556000E6EDF9D1F529F5F6F7FE06F2EE11FBFDB1
:10557000090AFBFA010C1CC70509D3F91CDC02F768
:10558000EE08FEF2FED409EB00FD0DFD08F8E6D9A9
:10559000E7F1F4F028E20908FC0DEFE702E8FF1854
:1055A0000106F9EF000610F519E7FDE5D8E9FEF26E
:1055B0000906F9F9F9E6FD03FCF010F8FD002300F7
:1055C000FCFAEF1DFBDEFD01F2F9010AF6DDFCFB42
:1055D000F70508ED000102F503F314F0E7E3EFE847
:1055E00005EEFB06F9030312F7F1FC0413FAF00FC2
:1055F00004151001C20DE8F702E6051B1109F804B5
:10560000EC0A060B1B16190E2C1218FF0BF8E404FB
:10561000F9FDF7030A0501E1FF0C0DFB0C0601EA99
:1056200008F3EFFA141403FFEBF7FAEAF5F4F329A1
:1056300004F7F10B02EE111DF9EB3B04F11D2509F6
:105640000EF1060103F4FA18CE0607000902FF1F47
:10565000FFCAFCFFE9E9030E00F6000E01F5FAD2DD
:10566000FAFE06100F0D220005C9FB17F4E2F8033D
:1056700001FA13E5F7E9FFEBF10CFDF01C0D032334
:10568000E6F3ED1B00400710F1FD0BE40009F5F314
:10569000E1F2F422EFFBF711EBC5400F18081C02F2
:1056A00009FC0BF1FC0CF306E902F9270814001CB5
:1056B000F0CFDE3911E2F8F502FFFAECFA0DFC0347
:1056C000F20EEC0902090E17F7DDF111FB02FAFEEA
:1056D00007FCEEF7FBF3FEF4F222F9F201E80B0B04
:1056E000F50C26FEE805F50203F9F7DBFD2CFDFFBE
:1056F000FFFCF213EAFF1FEE04E1F913DE08FF08D6
:105700000EF7000CFE16F1ECDA0FFC0719201AF662
:10571000F5F3D128EB05E101000A000900E801E3F7
:105720000701F6EA29F2EFFAFB3008171C29FBEB18
:10573000F20308F6FDF5F7190B0BFB19FBFEE10070
:105740000E4842D51317F906FA0014FDF8200F068B
:10575000FDFCFE05EE0A1405E9D7E115F909060D71
:10576000FB0207F9FF0404FEF30800030D0C00120E
:10577000FAE0D4FB08190905010C07000E08FBF03C
:105780000701F4F40A131B05E9DCFB06F2D906064F
:10579000F70803F9FD0BFBF3F9EC00FCF70DF3F848
:1057A000F2EDEFFCFEFD150A090F00F7FFFFFAF11D
:1057B00012080502080910F7F510DA11EEBA00EE2A
:1057C0000A1003F5FCFAF5FEF80D05F40402F2E404
:1057D0000437FB00F509140B06FDFA05F9FFFF0E6F
:1057E000EDFB0ADFF3010BFE0CE5DEF308C907FF52
:1057F00002FBFD0CFF06FA00F0F0FAEE120413CDE6
:1058000014D9EEFC07EFFBFB050EFC20FDF0F8239E
:10581000000604EA0F03F6040A3804F7D5E90B0280
:105820000701FAF308D60E040AF6F802FCE6E2DAFB
:105830002A2444F1FD0A0F02FDDE0200FA130613CA
:10584000E709FBFBEBFB1815F9ECEDF5FE0BFAF89D
:10585000FCF702F900EC14FE00030BFA12FAF9DC73
:10586000100E2035E9EBEAFF0409030C0A0E022DA5
:105870000C01FDF2EE03040F04F51400F5F909F82C
:10588000F305FBF3ECEDF5E5FCF5130DEF00071860
:10589000DB0506FDEE090C0B16F6031801F600E712
:1058A000E900070E05FB18F4D9EAD2F21FFCEB025F
:1058B000FAFB0B1700E0FEF5F0FB010B1E0301F9EC
:1058C000EA0403F9EFB1FFF503EC05F307FBFCE491
:1058D000F400FBF5030F0003FAE0F903DDEB10FC25
:1058E000FCF30FEFFFF2F1CFE40B01D40C0529001C
:1058F0000DD5EF17E0D6F913FA00FB030121000BD9
:10590000E10001DF140B18F2F3DBEF1C0509EC07D3
:1059100003FBF9FF0A0EFDFCE50AFCE8130B01F19D
:10592000F1DC110F0CF5020800F209EE00FC03F5A2
:10593000F1FAF7F50207210005E9DF151ADA07F099
:1059400005F606D5FDF9E7EFE809F2F217F11916A9
:1059500019E7070F08CAFE03FBFB03F70400F9F081
:10596000FA0EE5F605FEF01400FAD90F0CF7110651
:10597000000702E50BE2FEF30CF3F3FC0EF9EE0870
:10598000F916FBF1FEFCFB050209FB0A0701FB000F
:10599000F9FEEDFB05011DDF0C10DE04F915F71211
:1059A000FA06FF08000002111700030B08F510F3B8
:1059B000073015070114F40AF8F9FF18FCEBFA0D8B
:1059C00016000608EFF1ED10031FF904FC0D06FBAD
:1059D0000A0BF7F001F6FE211AF40115FB0A07087D
:1059E000212D0ACDFCE1F7F7FF0DFC0507F604F2C7
:1059F00002F804F8040514F6F5011102D7ED11FEC2
:105A000001110409F3F7FC020A05FFF5F80702F497
:105A1000E7100416EAF30707FA02011A040C03F66A
:105A2000F3080B0DD6F4FAFDF0F911F9EAFF02F8CC
:105A3000F802FDF801FC1006FAF40B020713090046
:105A4000F6FF260BDAE61202FBFAFE1C020AF9E563
:105A5000FF07FE000E0925EDF8F5C2FED708F80590
:105A600006FEFDED06F106E8190504F9F905EA0060
:105A7000F71B0511F624FAFAFF0FF8F507F0FB0300
:105A80000C02FDFC04FFE8FBF815290B031CF8FDD4
:105A9000F6FEF2070500FC06F602F1FCF3F1DBE18D
:105AA000E00031F2E9DB130AFEF60914FA0904FCFE
:105AB000FDFE04EC010B1EEF0613E2FCD3EEE7F44F
:105AC000030001F7F8E111EC0BFA01F7FC0DF2F617
:105AD00008FF00F5EFEDE903F9FEFF180AC906F625
:105AE0001BFF072E0AFA0016F80FFE0DD9D0FE1282
:105AF00002FFFD06FDCD03F305FA0129000E09089A
:105B0000041128EDFAF102000406F20403F0100774
:105B10000D05F1E5FB0BF3000AF92A0405F607F978
:105B2000F001FCF301DD0508F3F80CF4FCF0F8FDDE
:105B30000B110B03FEED050907F305F8F9E1FDF183
:105B4000060CFF0106051F07EF10EE03E2F1FD044E
:105B500000FB070313F2F4E708F604EC1502151B2B
:105B60000EF8F2FBF3E4EDF8FB0402F3FEE5F906B0
:105B700009FAFD15FBF3E4F7F4FA0FFA060A02023C
:105B8000050209E907FAFB02F40103FF02F5FC0F25
:105B90000E000008F500040103E8FDE10818FEF915
:105BA0000C090201FCFA02190DF7EF10040F0B06A5
:105BB000F2F206F3FE0F040DFD0200FF01030B04D9
:105BC00003F0FE0B0DBAF5F5F603FEE1F6D402EE96
:105BD000EDFB04EEF8F4DBD8EDEB1FFA1305F50A44
:105BE000FF09F60E10FD10FFFD09FBDCF8F309D8E4
:105BF000FCE007FFEEE005F6F7FCF50CFD10F9FF01
:105C0000FAFA07EEF6FDFDE710DB07F7EBF00CFB09
:105C100000F0F7090B02010F0815FFEF00E916DA93
:105C200004F3DB0FFB071F0000F0F9E2F2EA0910B2
:105C3000F914FFFBFEEAE008F9ECF7F20ADCFFFEDC
:105C40000BFEFE0DFE0A0B10FD10F506F20411FA14
:105C5000E4FE1EF408ECFFF8F90EFD2F08E7F60449
:105C6000FCFDEE160801DEE5F5340CF3BFFBF1FB9D
:105C7000F91203F5FFF6FE00F5F9FDF4EAEBEFE5A6
:105C8000DBFEF0FEF80A0318F90408F601BB12F671
:105C9000F5FAF8FEF700CA521606E7F608EFEC032D
:105CA000FD06FFEC00EBF9E607ED060401010C2907
:105CB00008F50BE9E2DFFEF3F9F7030AFFF3F7F06B
:105CC0000E060A06ECEBFEE9EB02EFEAEB06F30246
:105CD0000B0009FDF8FBFF130304000404240DFF6F
:105CE0002FF2EB02FB100505FF07032806E60FFD68
:105CF000EEF8070AFBFAFAF9FD24FCFBE9FCFE05C5
:105D0000F2F5EFF9FE15000E0CF6FA14F40B0A1A70
:105D100013E9E9FD1D020BFCF8050AF1FE29020456
:105D2000E4FA0A0203FF0C17F6DC10FEEAF7F4FAB5
:105D300005F502E0140605EBEFF7FEDEF7F5FC02D1
:105D4000EBEA032B05F0F90DF9F405EAFA0B03F57C
:105D5000F7FDFFECFBF603F4EDC6EA0EE01318FCCA
:105D60000B03F9F109FCF314FB1A0BCE01FE1BF037
:105D7000FDCFDAF0212E030BFAF9FCE40B0EFF0441
:105D8000F10202D1F80B0A09E605DF02FBD9FB0993
:105D9000F008EFED06FD1015F90B04DCF80CED082A
:105DA000F700E501E817FF0700F00804030DFDE424
:105DB000ED10F70510FBF3F00AFBCC0B01F9F1EA4B
:105DC000FC1A0B1FFFDFF1D4F30102F801FBF8F31B
:105DD0000833FE0300F215FE0DFAF8EB05FA07246E
:105DE000F0E9FCD3FEFAEAF928E9F2EC0DFCF7FE43
:105DF000F9F901EA0507F7FCF1F0F6F5FF0513E301
:105E00002CF3E7FDF3E20CFF1124062BF8F1042C30
:105E10001000FCE402F9EAE80D460EEAD50BDB01BE
:105E2000FF02FE1BFBE1FC0B1AFFF5FFE9F7D8E9C7
:105E300025392BE8E3F10006F2E808FE1203FE170D
:105E4000F1F5031AE3FB07E90CEAF1E6F805FA01BC
:105E5000FBF0F900020800FFF0FA03F9FDFE0FD78E
:105E60000BE71F37F5E5FF0AFBF405FAFC050CF616
:105E7000EFFB0FEBF1FFF506F4D81F0DD9F603EE9B
:105E80000CF4FEE2FC150BF2F1F1190B011520F6F2
:105E9000DBD6EF21DCF7F00AFBFB0B0503F8F4E699
:105EA000EF0A10F9FD0112FECFE3FB18E1FDE1F965
:105EB00001FA01320CEAFDF3F506FDF61509F0FBD7
:105EC000D418151FE916020C08FC03FEFF2EF6EB92
:105ED000FF091005EB061112FFF5BBFC2F13051788
:105EE000ED09F9EF03F0FEFFFF12F3FA1011FDFFC9
:105EF000F505130007FB04050DFFFFEA0205FB1182
:105F0000DC1AF2F602FC03FC020710EF0F17F80B85
:105F100001020A03F8FEF414EC09FBE7FC0313008A
:105F2000FAFB1EF6E9E8FE040D0E032BFCF90A034A
:105F30001F00010B181F01EB094BDDF5FE050E06D6
:105F4000FA1701FC09DA09FC07FE07020D01F6EE5B
:105F5000243503E00A16060E0B0900F500F3FE10C7
:105F6000F9F2FA20F0E7FF2721EB16EDF50E08FA1B
:105F7000FE05F806F50BF7F9FEFF0829FE060BE50E
:105F80000D1B11F804FAFC05FD0BF622FAEF0C0FBD
:105F9000240113F9FDEA09EFF5FF32F4D8F70A04FA
:105FA0000A15F9F40000F61312EFF814F4EDE80006
:105FB000EE25FFF6DAFEF70D080C0109F7010821BE
:105FC0000C03FD19FAF508FA140BFE05FD04F4F3B1
:105FD000FD0B101BFA11070000F80AFC121401ED6A
:105FE000EE003BF4F00603FEFDFD070A051CF7E694
:105FF000FEFA17FDF2FE09E3E8F3C2F8E9F600FF46
:10600000F80405F00AFF05F7E8F9FAE90F120E07A0
:10601000FCDDC51CFF00F101F7EF0304FCED01CB33
:10602000F9F0F70F090A02FCF0C7F906DD04FD01DB
:10603000F7F403FE10E1F7F1F5FF0DF5110CEC029A
:10604000E405FA0DD51D06080011041EFC0D06F826
:106050000505031DFAFF03050708FB05FB281109C9
:10606000F6030707100B050622F7F8220401E316D2
:10607000F52A1405142DFC16FF050002FDE9FEFDAE
:1060800010EE00FF0100E9FA14210E02DF2CDE0100
:1060900002F8FE0D01F90DF404F20B05FE0204ED09
:1060A0000D10EBE905EE02FA0F080809EF0AFBF6FE
:1060B00006F90105090B310FFE06E5FDF3EFFB00C4
:1060C000FDF9000402030DF3FAFD040DF609F6FADA
:1060D000F8DFEDF9F4B402F402F2FF1706F5FDE47F
:1060E000F706080CF70511E7E9F2F70BF9DEF4FC07
:1060F0000101FF1C03FBF313F4090EF60D1A060849
:10610000DFFEFBFB09F8FE0500F005F4F42FFEF9B5
:10611000D30102FE05141714FFE5E0123B02050946
:106120000A0C12E1FA060804F609F8E00208FA0778
:1061300000D5D6190FFAF9F10C0105CEF91000F0CF
:10614000F00C06EB13120903E9FE14151E020005FC
:10615000080CF800FD0CFA0DF90FFBF10EFB02F82C
:10616000F9F403FEF309F401F6F80303FE2DF9E553
:10617000E614F4090E0515DFFDD6A805E7E9F60CCF
:10618000F7FCFDFA05D50211F009F41515FFEBD85F
:1061900010E7D311050B06F902FAFFE409EAFEEF56
:1061A000120DE8080AF1001C16F00EE51D2210F38E
:1061B000FD0DFFF1F720030A0606F00CFDFEEB0EC5
:1061C000F42610FCE9020FFAFC0706110702FEE2B2
:1061D000040909F10AFF0EF8FBFBC5051AF8F9F8E6
:1061E00004F9FADE0A0C06EF0F08FEE80F0809169C
:1061F000F70AF10CE9260105F8FBF8F6FFFA02FBB5
:106200000808050D00F8DF07D7053513022EFFF348
:106210000FF7F708F5FA03FCEE000B0500ECD6F3D8
:10622000E60F3110F0E605F7FEFD060A0B13050830
:10623000EB05FBE708011EF214FBC808FC0CF40098
:10624000F9FA01E902F416F1031300091AFD20FC22
:1062500008EEF702F618ED0709070512FBBF0AEB77
:1062600029010A2FFEF1F2F9DF0E1501E1DEFC0C27
:10627000000BF62403BE06EC04FCF433080DFC1EF0
:10628000EE2524E202EA021205F803100BEAFFF100
:10629000F901F7F21313FCEB19F60708F1F8060100
:1062A00001F50AF6FCE30305F7FAF4FFF80017041A
:1062B000FE00E90D05E3F2FE01FD040813D3FAEC3C
:1062C0000D0DFFFC11F232F8EA130316DBE7FDFABD
:1062D000F4F5020CF80C00FF0C0720FC06141E104D
:1062E000F0E9DDDFD700F3040109110CFCEAFB0A39
:1062F00006F0130802F9E8FFF7FFFDFE0E0714137E
:10630000060505FFF604040509F103EF1003EB1C75
:106310001210EB0FF8FB0DFB08F30AEAF6180AEF70
:1063200008F9FF0EEBF20A130DF70904FE0207F756
:1063300008F6FEDC081E030CEBFBF1F30C170EFF56
:1063400011D514EAFA1B1BFDFA04FD0A00D8F1FB73
:1063500006F2080914F7F01F244B11DEC1C118081A
:10636000F4EE092902F2F1FED9EBFBF41E0C3A29F6
:106370002E1911FAC6F1021306EE030F0B1C0205CB
:10638000D60B03F221012B0F0DECE2DFF802E20540
:1063900007F4FCF6081903F2E7190BFC1820201586
:1063A000F6DBF40209FC0FF4FBF5F806FAF3F90347
:1063B000F8FA0008FC042A1A0DEF2009052A130E2A
:1063C000FEE10B0B07FE0914F60F19EA14051EFB7C
:1063D000250C08F6F119F2F6FEE8100EFCF9F5E8C6
:1063E000F1FF01E419FF20F7FA0BFB221012F7F47A
:1063F000FFFD03FF0915F4000300E4031307E2F3B4
:10640000F70CE9F404FEFCF6FDFC01EDFA0BF802D2
:10641000E70E0C0FF91205E206DB1006EAF9FDF7AC
:10642000F105F517F8F2FBFE0A050401F8F5FCF496
:10643000FD18F12F05F6F30700FAF302F9FDFF034B
:1064400002F5EEF310F21DF6FD00F9F9DD07FE0985
:10645000FE000CFB011BFC1B12FB07F904ECE7DD43
:10646000122A2705C6F4F4F4FC040BF202F40AFB2A
:10647000FBF5F80DECFD1D15E4BD13F9CFFFF1FBA5
:10648000FBEFFA05FCF9EDDCFC05FD0E080C12F63D
:10649000CDD2DE21F8F2EDF803F5F811FF0C05CEB0
:1064A000EFF906F6FC0114F9C8E5B3F7E9F3EFF7E5
:1064B000020B03E6FAF109E402F7EEF9090504F824
:1064C000D2ED0010E9F8F8F7FDF90BF2F8FD04F849
:1064D000FDF3FAEEFEF30206070F0CFE3009FFFE95
:1064E000FE03F41201E0FF05FD010AF3F509F1E9ED
:1064F00009060903131E050409FE02110815020707
:10650000FF0002EEFAFF180611FDF607F8DEF904A7
:1065100001F70D01F70803F6F70000EBF9070B0F81
:1065200006F0E610EAD4F20204F7FAFF050FFA02C9
:1065300003FDFB0FFB00F6EF03E61AF619F8F8FD72
:10654000FA000806021002F8EF0AF7080BF909032F
:1065500008FB1C0E0904F30B00F20A07FE1200FCF4
:10656000EBFAFDFA0E0913010AE5F10BE902F9FB5A
:1065700001E9FE09FBF5FDF3FCEAF7EBFFFC020184
:106580000EFAE20FF8E3F8F907F2FD09FDF9FB1A3C
:1065900003FAFFEB05F8FFDCF31D0A06DBF1F80553
:1065A00004FDFF19F40DF30A0404FAF801F7F2F9F7
:1065B000061F0E08FD040F050502FE09020D020C60
:1065C000DEFBF0E9F1F815E80FECFFF3F9F306F75D
:1065D000F6FE00F504140E05F0FAFDE7FFFF15F3D3
:1065E0000FE3F241030403FEFFFD06CB030D05F0AC
:1065F000F7F406E9FB03ED42FED21EF8E41607FDB0
:10660000F5F809E1050805FE04FD0806F3FE2D0A6C
:10661000E2EBFBFFEA02F00303F401020522E8F7D4
:10662000F2F60305F90704EEDAE8D716DBF8EAFD1F
:10663000FDEFF60BF9F0FFF405F4F4F212F516EBAA
:10664000C8EEED1DDFF501F9F80AF4F2FDED03F8EF
:1066500007FB02F4140804020B1000EFEAD504044F
:1066600006F7FEEFFDF70F150203EFF00803F61E25
:10667000FF2200FF12220DFC01FD080FFAF607149D
:1066800005F70AE9010A030AF420EFFFF9080200FE
:10669000FFFE09F3FC050CEE01F706F90901FD19EF
:1066A0000803ED0C0B0B00F80BFD0BF106FB0127AB
:1066B00002020DF7F60B13010AE21803EA1308F3BE
:1066C000F4F60AF3F402F203090602010B100FF0CC
:1066D000F8F20DFDFA43F80108EEFE0C0108F7EBA5
:1066E0000BFBFC1CFBF90901E90C06161524FBFF4A
:1066F00006FC08F1FCF008F2FF080408FD0EF71292
:10670000F0F9FAE5F40708F701FAFDF902040401CB
:10671000EDFFFD03F30BF8F0F5EA12080D0C00F2A3
:106720000B02FFED03F002F6FBF6F5FCF6EE21E3BB
:10673000F7F9D8130207FF010BEFFD030206011C56
:1067400007FBFFF51305F8F4F7F9E31CE005020079
:1067500005F9FA01F409FBFD12020C0100F70FF72D
:10676000020205F1F2FBFB08FEFEFDEE07F000F170
:1067700005080106FEFDED0BF9CDF01003FBF60157
:10678000FDE6F8E6F4FAF4DF0708F900F1000CE79B
:10679000E8DCDB28F6ECF8FE0BF8050F0B0200DC5A
:1067A000FE07F8F3F41406FCD9E4E80604F6E4095D
:1067B00008FF13FDF413FCF508F200010902F6F4DA
:1067C000DCEA001A20D4190A0BF6F3F4F8F1FDF113
:1067D000EDFCFEE81302FD050B06FDF8DCB3170B1C
:1067E00007F9050A0710F8DDDF0AEFDE1B0E321489
:1067F00012EBF203E8C30BF8F9F005F6FA0B04E923
:10680000D807EDDC18271FFA25D5D8F70CDDF110D5
:106810000601F5EE0D340204EFE9FCE30A141EE86C
:10682000FAC2E917F13300F6FFF00AF1F324030985
:10683000F20104F9FF08F61813F6071111260C06E9
:10684000F9EB0410F609F2FADCFFFBF308FF02F49F
:106850001700FB06F7EA04FF02F509050AEDFDE360
:10686000F604F8D80F0B0906F1E2E1F802F6EAEEB9
:106870000DFA0104010CF9FDFA04F1ED1218FC0205
:10688000F90FCFF907FE0EFDF70606F80A00F2022F
:10689000F403FB02EB00DAF6070A35F7C7EB150441
:1068A000FFFEEB1B0AEC02FA020C05EAF3E918E61C
:1068B000FC35F804CA020602FC01FFFDFD00F40DE0
:1068C000E907F4EA201B02FCFB06E4E10207F8FFFB
:1068D0000A0EFFFF00F7F81B180A01F7F3EDEBFFB4
:1068E000F72919042B0B130DF40D06EA01F2F40A33
:1068F000F2FD0803F9F5F00408FA17F90513F2FFA1
:10690000FAE7FD030515F5EEE906EE01FB09140BA8
:10691000F3F4160EE2FFF702090CFC12FCEB06F290
:1069200001F5F90400070BEF0810D0F2F5FDED03B7
:106930000913000D02E9FA0B1307FA04F4FDFCF940
:10694000FD100EF5C6EBEB0205FBFEDDF7F80E06BB
:10695000F0FC07DAF8E4FAFCF5E6FA0C2A26E8037C
:10696000050D02F404F20D2312EE0206D8F0E60142
:10697000E714F503F419EEFD0A0CF8240C02090ED5
:106980002CEEFC18EDF2D5F716FE03FCF5E712FA33
:10699000FA140204FCF30B0109F0FE1DEAE219FAF5
:1069A000313CCD03F6D7E9F9F8F5FFEBFA15FFFB1B
:1069B000F8F6F61E01FCE8DCE7C8B7F906E1D500F9
:1069C00005081308EFFF01041C0209361B0C04EE36
:1069D000CECBE3F0050CF809010A09270F3001F6C8
:1069E000040E0310131AF2D9DB0B1FFEE3DBFF02C8
:1069F0001501FE2AFAF706020DE603FCE5E527D2AB
:106A000028F8FC22ECE5170305EBF7D309D40AFBC1
:106A10000C0AF5EC10F60A000513E3FDF101EFFA9C
:106A200015FF0929FD17E8FBE2EE06FF0108DED697
:106A300006E612EEDECF1B0BFBF2F220FAFDF7F0BA
:106A4000EC091CD0F7180BE8E0E8F0ECCEE105FB10
:106A500005DEFA14F9E8EFF308F119E4021011EF7A
:106A6000EAD4DA0F3A000F0A110E040E16DF0BFA01
:106A700008F100F41606E62C1C292EE8210014FC6F
:106A80000DED01C30616F717090304F808E109091B
:106A90003B061CE9F40423FD07E70CE1F9260F0D82
:106AA000F20404EB0214FF2107CFF807E6F0F5EF3C
:106AB00009EAF9E9010DF7FAED07EED40B0316F236
:106AC00000C1DD3C01CA000C11F40410F71DF803ED
:106AD000EF0D05EFF8F0F4F3EAF322F80FDA070709
:106AE00009F9FDF3070CFA11FDF8FBE11904FBE7C6
:106AF000EB0020040DC40604FB000A0AF50B09098B
:106B0000F10003EF1CFE0AF3EEF81515F1DC10029C
:106B100001000F0604D703EAF60B0BE20F0DE32486
:106B2000F6D104090E19FFFC02FDFEFCFBEFFBFE93
:106B300007F9F709ECF50710F2E812051F2AFBFE2A
:106B4000FCF3FBDF03FAEF05E701FEEF060E13236C
:106B5000001CFC0D1137050C070901D6FCD01101F2
:106B6000EBFB04200FFAF30809F408121F030DFED3
:106B700006F50BEA0BD2FDE10903F013F9EE0D4126
:106B8000F21B0526F70C030BFCF5F500030AFFDBEF
:106B9000ECFEF809F4FA16D1F7DDD00FF511E60393
:106BA00007F104E7FF1BFBEAEC01F129180C11FCCB
:106BB000EBF5F51B150DEBFFEA040DFC0602FDF3EA
:106BC000FB18FD2C06FEFFFB0A0EF7021309000C52
:106BD00001F901ED041404EA06F4FD0BF7ED2115AB
:106BE000F2FA031ED1F5030807FAF510020500F7C3
:106BF00000010408020108E0F7FDEB07D7DBF7030B
:106C00001213FF1FFA0AFD05E702F9E0170601F962
:106C1000FD0CFD0004F6ECF8EFFDF614F60B02FF98
:106C2000F80801FD0AF102F11836EE0A211111FEF1
:106C3000FDFBFEFEF9ECF3070A05F103FF03060373
:106C4000053417E43012F6F7FEFE04F7FC0BF808E3
:106C5000FDFBFBE20C11F906FCF700091BEDF9FE48
:106C6000F9E903F2F41DF7FE0DFCF9020DFA1B0120
:106C700004110F1503DC0B0B00FDFD010AFDF7EFFE
:106C8000F1F4F9F50808F30E0906020CF607FA0C00
:106C90000B00FA1BFFFCF9E8F7F8F6FEFAFEE92212
:106CA000FCECF318F9F7FFF708FBFAEA021503FA10
:106CB000EB07F2FBFEF90AEDFDDEFD1BF707EF0225
:106CC000FCFD02FA0512FB00ED0400FB09010414AF
:106CD000F1D5EE1C16E5040604F2FA07FFE000EC1D
:106CE000FB0502F8101314F303FBFFE6FC0F15017C
:106CF00000FB071101DBFAE70702F3DEF905163C9A
:106D0000FA12DF08EBF3F703FEF4FBFE0DFEECEDE9
:106D1000E209FE02100608CAF8E0C50323FEEF09E7
:106D200009E80CF2F601FDF2F2FCF7021408F1F4A6
:106D3000F9E1E9060CFFFDFB07F5FDE9FEF609DFC9
:106D4000F8FAFD0904F10709E0F6F60B1E00FD074D
:106D50000804F8F9F719FA0E060EF7F0EF020A1B0D
:106D6000FDF7EC0DFFE506FC0EF50512FD0005F73D
:106D7000FB00FEF5070600EC0200E2FFF202EAFC6F
:106D800004FDFA18020CFD0DEEFFFA05050AF501E7
:106D900028100AE80A10FEFFFC07FDF6EE150305B1
:106DA000E2FC00F112FCE2022B04350F100907F798
:106DB0000200FFFFFA0708231816EC09FCFFEE0497
:106DC00009FF48F3EE1103FEFB06FE1B0211FDFB5B
:106DD0000C0304111007F7160C26F3F6ED0412F558
:106DE000010806FA05E505040102FE000811FA0E85
:106DF000071832EEFC150506F9FE0101021EFC061D
:106E0000F710FDF208F91CF10BEE00EE1020FA0568
:106E1000FD000A0A0723030BF403F4F011042CEB22
:106E2000F0FDEEF4F5E3F60A0916F813031110FA73
:106E30001BFD09070F08F6FA0438F7F4F62906FED9
:106E400000FEFD0901E6FFE61208070FFC100FFD2A
:106E500003180AE4FA04060203FC0202000EF9F821
:106E6000FEFBFAF808F90AFA0822FB0EFC24FA02E3
:106E700002060615090DFFF1FAFEF2070201FACE2D
:106E8000E80A0205EFE407010205FE2A06FE0CF4FB
:106E90000AFD151BFDFFFFEEFF29E5EDEFF40008ED
:106EA00002FA060103FD00F801FB101D1116080986
:106EB0000013EA05E10BFD09FD06F9E80BEB020BF7
:106EC000090005F712F002071D190003FF05FB0872
:106ED000FFFD0519FA03FE141DFBFF0603F6FDF383
:106EE000102111D9E5F40E0B0AFEFB10020A10EA7C
:106EF0000FFC07FDF0F814F1ECF8D3F8DFEF070111
:106F0000F5F6FE100DED04F30801F711FB1401E195
:106F1000F8FAB420E7F9FAFBFC02F90102DC1AE204
:106F20001AFEFE01F6050A0DF6DFFEF4FFFDEF0185
:106F30000109F9FAEE02FDF20AF50F0DFF0F07FC49
:106F400004F6FEEBE8E301F1FFFEF9FAF72BFA068F
:106F5000EDF509F6FEF7FEFAEEC619F7D4E7F8F5F7
:106F6000F7FFF800F0FCFFDE2006080EFDF3FAEA5A
:106F7000E7D3E4F8DBEAF8FAF50AFE1EF7D8050DC8
:106F8000F1001303FAFAFDF9F023ECFC00D7E4F268
:106F9000FDFCFD0706DBF8F8EDF503EF190D0BE33B
:106FA000FCECF3D115EDFE0006FF13EC07E7F60F3E
:106FB00007FB03FBF001F604F2F923100ABE16F7F3
:106FC00005F6F2D8EDE7FCFDFDF9F9F1F9F9F81055
:106FD00008EF19131EDF13FFF8FA0BDCFFDD1903AE
:106FE000EEF700F0FCF919E6FDBD141010DB0E03FE
:106FF000F602010606FCFAFB03F50DFF09F608F39D
:10700000F2E70F1D04290A07FD0000E0050DF90F46
:10701000F40001FDDC02FB1C07C6E8FA2816F800A4
:107020000301F8C8080AFBFFFEFDFC080CE3F91792
:10703000EBF7F618290AFEF5FE01F9C6141204EF63
:10704000F702ECFEFE010F19FD040A114F18FBF4C4
:107050000DF70AF0FE370705090302F1ECFD0DFEFE
:10706000DADF0513DCFA010402FE030EFD19F11448
:107070000209F21BE8FC19CDF5EEDA0712E6E50786
:107080000302FFF900F1FCEAF801F8FD0803EAEF5A
:10709000021BFD0528FB00F0F6050907FA06F7E0DC
:1070A0000204FEF613EAF31AFF2607DF33192AF467
:1070B000F10D0900FD03F4FB071EEA12FA00D827C0
:1070C000F22A13C30CFCF5F7030A07FFF61CFCF2C7
:1070D000F7FEFEFF0AFF0707F0090201ED0F09089E
:1070E000060800FD001E02FB01F2FEF2FC03F7FEA3
:1070F000EA0AEA001E030108FC0BFAF5F8F308F8A7
:1071000009F9F60701F8E2EAEF0BE10605FB0509CC
:10711000FD04F31000E2FFFBFC07F7FD0302F81982
:107120000004F8FE101BFD07FAF9F4FDFA0906FE4B
:10713000FCF4F8040F03FBF8FA09E7F70018FC0C5D
:10714000FCF9F4ECFF0710F813FA080A08FEFAFA43
:10715000F6F4EA060CFF0402040603F704F8060638
:107160000805FE0DEC0DFAF001F605EF01100CEF2D
:1071700001FFFF10010BFA0C0D0E02FAF3020117CA
:10718000050EF4FE02F6F9FC01FC05FDF82603EB02
:10719000FD01FCFCFC0A1AE5FBF9A9031817F60E21
:1071A00003FFFCF6060A0704FA1605E90D0DFDECCF
:1071B000F8F1EFFE0819F4000106FD0C00070704C2
:1071C000FC0501F1F4F9F5140D05180A05F90C0296
:1071D000FA05FA00FB06030B090007000C1703FB76
:1071E000EDF60AF808F508080000010DFC1303EBA2
:1071F000F105FDEB1B0B12D3FF0DCDF733E809F9B9
:10720000F709FCF9FEE00C0C0AFDF8F80005F3E6BE
:1072100003FC1AE0100012F400050ADA00F1031072
:10722000FBFBFC040102E90D1DF12CD20403120446
:107230000502FFEE01F304FFFBFF03F2FA07021160
:1072400004F3231619F5FD07FC0510F40917FA03DA
:10725000FDFEFFEE0C09F00BFCEBE90BFCECFBFD7B
:10726000F9F4FBD20923F2E7E0F308EB0501190B6F
:10727000F6EBEC271DDF03FD0DFB0BEDFC15FEE827
:10728000FBFBF9FFFC11F202E811F017FB00010A09
:107290000DFA0618FB02FAE5080101F50602E71DE2
:1072A0000100F60EFBD301F9F9FD01E6F91EFEF32C
:1072B000E402FDF3100107F504DCD3131822E60104
:1072C000F7F201D5002BE9F4EDF9EFFF15FD08FF0A
:1072D000F9CEF91B161B0A0008010B01F5EA04F2AE
:1072E000F600F204F70401E9E6090B07F6FA2308B1
:1072F0000108FF2608E3F8ED06F301F1020FF7128B
:10730000F82AE2E600E7090B05F70008F00CEDDECD
:10731000ECF4FCE3270A0FDE02FABC0EFE02F904CD
:1073200002F4F6FC08F104EF030DFDF1FFFA02EFA1
:1073300002E1FE091B050A07FF0A06E4F90303FC44
:107340000C0A01FFEE03070CE1110EF1070B06FD1D
:10735000020202FFF811F7FF08FC040BFD031107FE
:1073600008E1D3E9F6EF08030D00072101E9F50173
:1073700001FA02EA110DFCE30609FF07DFF4F60546
:10738000F7040D0107F8FC200F01FBFBFEFBFDFDE0
:1073900010050AF2130AFEF5F909FFE0F70B02F8EF
:1073A000F811FCF8FCFF02FB06FD12F311FF04FFCD
:1073B0000DFAFDEA031CFA00F70002F5FC02F9FDE4
:1073C00008EA0C07EE07FD0005FCFFEE00170209B6
:1073D000F8FA0AFDF7040114F1EB0410F635F6FB98
:1073E000FB090CF7FFF40318030C090CE6EED30AB3
:1073F000EEF71B060C4AF4F60409FD0A04ED13FD32
:10740000140C0924E4EED5FEF93011EAE9E80A0685
:10741000F4FB0720FFD80CED0BF50A19EDF4090A6F
:107420002016CDEFF903FAF3FB02FFEEFE0401EBA9
:10743000F910F918FCF81305F2F6E605EF16EF025D
:107440000110FEF000FA0EDC10FE0514FC08E00846
:10745000E0101A011AD709010409F415FE0C0306FD
:10746000FF0A09FFF91115FAFBE31CF5FCEE0F0109
:1074700000FC010F010CFF0B09F70CE101012EE7E5
:1074800021D9EB01FEFCF811FDFF02FE07F9F1FD29
:10749000100200FAFEFA04F2FC05E70E0807F6F304
:1074A000F001FCF906FFFF17F807FFFCFA02F2FCF7
:1074B00016E315FAF9EE13FD03F501E8F71FE6F9F7
:1074C000E60902FDFDFDEDFCF2DBF60114FF00060E
:1074D000070200FD061B02F5E80AFBF5140F1FF674
:1074E000DDD3EF20E0F5FF090A05F705F713FD08E6
:1074F000FC0406FFFEFE03E501FA01F8DE01F9F1E6
:10750000F00101E6F9F40600F106FF02FAF5FE00CB
:107510000E0E07EF0606EB08F603FEF0F90DF60A6D
:10752000F0FCFC0115F8E1FEFDF6120C080CFFFC66
:10753000FCFA0902FDF906F8F903F9F103FFF7FA7D
:10754000FBEA051613EBE915000406FBFBE4021940
:107550000A0E010AF402FBE40A042BFE1530F507BB
:1075600004F6FBF318FB001D31020814ECE6E9F504
:107570000EFAF6FB20091902FE01F8FD01000003D6
:1075800012EBFFFFEAF0DB06FE100BEEFD03F9FE47
:1075900008FE02F6FCEEF51CF3FEFFFCF4F9F90020
:1075A000E9032EFCFB05F702F9ECEE0EFC11F5FAEF
:1075B000F50B01FFE9EB01CBF6CF080D150DE4F853
:1075C0000213FD15FC14F30FF0EE080F00F916E39B
:1075D000CFDAD21D0731F8FB0303FF02F91AEF07D8
:1075E000FC1101010212EAF7FE06EE02F111FFF6AC
:1075F0000CF209EEFDFC0C18E8FB0611EAF114F997
:107600001FFB13F9F3DC03F50605FDE207DA0610AC
:10761000EE1209FAF1F206F8FCE81AFD0EF000FC91
:10762000FF0E01FF0015FD15E5F3F9F7F1FAD1D1D1
:107630000A1914E900EC13060C0CFE2B0BE3F4FB07
:1076400007F8F711FDFD05E5FA19010CCFE71C025B
:1076500005F6F8F80CE1F7E30702FD1401F6F7066A
:10766000F502E7F8440EDD02F1060EC209D90D035A
:1076700016FD040602E5F53FFFF753FE341F0B012C
:10768000090601EDF3E4FFE61EFE17FBE7E9EA3F1A
:10769000F0232EF417141DEF0BF305CE071B00117A
:1076A000FDFD1F05F701F5FC17F9EB0EDDECFD09FB
:1076B000FFF408FD0D15F31904F90AE8FEF916F3B5
:1076C00005CFCE053F030CF6F5FA07ECF9C81AFE14
:1076D00009FA09F10C02F11D22103FE917F80C0616
:1076E00005060C1AFBE7FF05E7EE06E6FEF5E921C5
:1076F000FFF221EAF9D60107030303F701FFEC01CA
:10770000F802FCF105FAF5FF0EBFECFCFDD7F7EB34
:107710001304FC00FD06060AF0F7FD01F7F0100364
:10772000220BE110F5110507FBE9F80D09EAF02439
:10773000FD010209FAEF0EF1FFD1FA01144AEF0739
:1077400000060AFFF22C0123FF030C0FFAFFFE00D4
:10775000F30DE308EC48EEECFB06F71B07080FF609
:10776000200BFB0C13FBEDF0F32B100EF22001F2BB
:10777000FB14FDE9F6E7F719FE0EF11302EEDD0347
:10778000CC0B35F9FF06F0F1FD03F9E601E8FD1534
:10779000F402F20EFEECE53F12FD2F1C23ED01F981
:1077A000F1FD030D02CEFBF3FDF00EF9F8FAF81E21
:1077B000F5EA06F4E9D805FEF5170B0BFFCA03F44A
:1077C00014E40E02EAEA02EC071925EFC2F5F813F9
:1077D000030311F30FFA000103FC0603F1FD091284
:1077E0001203E6DD0603FCEBFF05FDFB04F10FF7DA
:1077F000F9F50F19E9EDF122EFC7160619FBFB03A6
:10780000F8FCF7F1FE000FFA1D0B0714F6F9D30C84
:107810001FEAE60006FCF8FAFC00EFED0729FE136C
:10782000EE01011AE8070425FAF5EFFC16DB030167
:1078300007E001E4F909FDF8F6FC03F8E6F8F5F1D4
:10784000EFC6E1F80EF905F706FAEFE3071CF3E7D8
:10785000DF0EFEE7F800FF11E9E40D03F010FC0273
:107860000707000605E90D04F90410FAF0FE0A1AEC
:10787000FCF0DFFCC8CF0A11FC02FF2406E6060676
:10788000F6F10DF8EC0F12FD130807EED1D1E60565
:10789000FDF9F832010AF9E7FEE9FDFEFF0B21F1DF
:1078A00027E4AEDE0C1D0609FE08F1D30205F1E463
:1078B0000206FCF6FFFEF90DF8F5F7121DE709FBCD
:1078C000F401F8F2030C04EE03F7F606FCFEDEEA20
:1078D000FF0E09EF04B22505FD02FFF207F512F5D0
:1078E000F0FBFED8F20C26F109CA07FBFEBA010133
:1078F00012E90223031FFF01F6F8FEDB1C1625EC3C
:1079000019E4DAF4F2100201F60E0200000F0A0781
:1079100000FAFD05F1010717F3FAF5F8270DFF0B43
:10792000FF08FFDAFBFDF606030AFB1005F7DBF0A4
:10793000101134EA180125FE09F0F9F202190C0DB4
:10794000F3F9F9E8F50102ECF104FD012403F9F87B
:1079500003DFF6FCFC17F611E6F1F4D808FA0CD5B3
:10796000FCDEF4F619F8F608030C081EFF0DF212FF
:10797000F2FA08FD000800EB10110909E70B040BEF
:10798000FD09FFE501EE0011E80EF8FE09F8DB2322
:10799000200F30ED0F260BFC0808FAEB0D1D07EE4B
:1079A000F6F900FEF7FAF80A0426E1F6070FF107E8
:1079B0000B0D021DFDF20A111105FA060E06E80D67
:1079C000FC1CF5D82315FFFFF9FD0ADAFC23F50AA4
:1079D000EF0AFFE7E9F0FB13DCD9D61E4956E4F1C4
:1079E000FF0801EBFE0CFC160518FCFDDBF9CFF8D7
:1079F000E7FBEB053E1B0501F60906F5FE06061240
:107A000013F51417F4F9D110EFF0E2F8F6C908EA0B
:107A1000FB0107F9FEDF00FBF6ECF0F7EEEDDB1BF8
:107A200010F7EEF3EBDEFF0BFFFAFFFCF7F003ECD1
:107A30001C06F6FFF5F1E9D2DE0FE201F5C7E0F72B
:107A4000F71500EF09F409100F020001FE04D3E856
:107A5000D3102EEE06F00205F4FFFB19F30D002102
:107A6000F4080C04F7F500D61DE00FE3F8D6FA0E83
:107A700007020114FCE5FDE1FFE511DDFFF22EF543
:107A800026D7D90AECE9FAFFF60A0800FBD60BF96B
:107A9000060002EB1AF1F3E608230AE7EFF0FAF921
:107AA000FCFFFEE005EBFD01F50D0FE3EF0AE5F449
:107AB0001AD536CDE40A11FC02F70329FD0DF704AF
:107AC000E1FDF0F7F1F8F0F2F5E4F5E706F9FE0173
:107AD000FFEBF400F700EFD2DDF9F5E4170F1CE13E
:107AE000FFD5F94202EDF1FC04F0FBFCF60319129C
:107AF000230902FF1105F8FFF6EB32FC0603ED0443
:107B0000080001F8F6F202F309EC05F9EFFBE427AF
:107B1000EB0A25E505F41602FAFB0AEBFA08FBF777
:107B2000F3FFF6060D1217E7F1EFC90D0109F1F5A4
:107B3000FBE70E3D02F2FEE602FFFEE815EE19E954
:107B4000E803E008F8E3FFF9FAF4FB1401F4F9F7AD
:107B50000F1302070002FCE20A0203E50004050716
:107B6000000C040C02FC0B11F7F403EEFA0304ED15
:107B7000FFF2FCFA2CECFDFE020301D1FC0C02F832
:107B8000FAEFFDFA07F9EFE0DFCBFC0D110F22EC65
:107B9000030404D806170410FB0DF706FBE7EC07F7
:107BA000F4FC1305DE010EF6040907130CEAF610C7
:107BB000EF0511EEFBF506FD11F317F90504EAFCDC
:107BC000F902030EF815F512050605FE0DEF15EA8C
:107BD00011EEE3040030F2FAFE0B05F40B28FA1163
:107BE0000A0EF025F405C6FAEB2AF51D1D350B1417
:107BF000FC15FDE303F603280F09F23EE8F5BD0F7F
:107C0000E31F20E314F60300FF02FEEC09E304FC8B
:107C100001EFF8F3060B1C2A121303F0F0050C0613
:107C20000F130B10F201F8F60903F8E7F7FC102325
:107C3000F7FCF5F7EB0DEB0AFE0F04180BCE10F571
:107C400033FF0313E702F1F50627FA00DFF5030F10
:107C50000504F1F8FDEE0B00FBF00719EF12070623
:107C6000240BC0DF1B1FFFF003FCF60906ECFBE74B
:107C700001F10D060501E910F7FBFC013B040E08BC
:107C8000F2120502090500171FF405E9FFEAD60BF9
:107C9000FFFD00F00EED0FF4090BFDE90224004199
:107CA000F00111F5DF090D122DD91BD416E209FAE6
:107CB000FAF0F9F9F61BFEFDEDF8FCD9F30402F831
:107CC00010BCE61AFBDF12FEF30406F3FFF1F9F035
:107CD000F003F8E80AFB1104F501D61705F90204D0
:107CE000FC03FEFA072403F8020101E9080400FD81
:107CF000F8F4FF01FD0DFD01011504F80F15FC0856
:107D000007FEF6EF090BF2EEF2F6F9FA18D91A02AD
:107D100004F9F0F7000D0501FD08FE10F0ED03E990
:107D2000F9FD0C14EA111C0303FDF90E060A0BEC15
:107D3000060EEB0606F7FFFF08FFE30EF521F6FF40
:107D4000FCFDF90CFFF006F91308F2060B0905FA21
:107D5000FAF9EEEF05040101FD03F8EBEEFD07F57E
:107D6000FA0A02010A1600F50EFFFDFAF803FE0BEF
:107D7000FE05F2F3EB16EBFF0F0207F701FC0FFA1B
:107D8000F2FC060D00F212FA01F108F801FF05F607
:107D90000B040C00FCFA21FEFA02F309F7FCF1FCDB
:107DA00011050E13FD0202FCF902F4F8F001FFF4D4
:107DB000F9F4E8F1D8FCF010FC0202090705020C06
:107DC000F4FAF6EC0307FD0007FFEB02F7ECFC0EFC
:107DD0000700FF10FEFF0B05FA07F1FBFBFC050394
:107DE000FC09EA14DF170DFBFD0305EAF0F306F0CA
:107DF000EB0800F0F4F7FFEFFBF9EE04E7010205F2
:107E0000FBFC080BFD0A0EF0F3F205E30208FFE3AA
:107E1000F20CE601F4050100F005080B0ADC000392
:107E2000F1FBFEF1061906FA1303FA07F2FD04044A
:107E3000000701FA01ED09FFFAFA0EFDFD1118F92C
:107E400016F5ECFBD808FBFC0AFCFBFA022BFE0043
:107E50000705FB09E80724F1DFEEE910F321FF0E27
:107E600001FEFB06FB0502F30312F607FC0323E900
:107E7000D7F3DE101D200A06010B070309E90EE601
:107E8000FD0D070AF311100311DAEEE7E8C710053C
:107E9000FFFBFB07F3010DF302000303FC140509CC
:107EA00001ECE6CC0ACB03F80A07F1FDF7FFFFF679
:107EB000000905F809050723EE24E708DCCB00EBF1
:107EC000FF0E040402E80C0121F5FEF8F1F2D3F2F2
:107ED000143019F6FE060D06030503FAFDF9050A2E
:107EE000FE0206E4E40C18F011E2E4EF1622F306B9
:107EF000F302FCF2F51BFE0FFB0607E52AFC38EC4B
:107F00002BDE02F20316F1080708FAFBF422180B25
:107F100015F903F4F3FDF70FEDF6E8FD1CFF04FB84
:107F2000040B00DC05190A0AFB06FBF6F7FE0D0937
:107F3000170603031BF4F705F5F9FFFE031AF70E06
:107F4000D6F603F9EAFEEEF90906F2EB23F5F100A5
:107F5000FD03FE08F8F40FF7EB06F4EA1FF706BC82
:107F6000EE13363109FAFB03F903020BFC2C051A58
:107F70000302FF050B1702E70300E80B01F10B0EEC
:107F8000FD030AF609120A08F9FFF9F0F7000FE9F4
:107F9000E60A1BF302F007060CFD05FC03D1F8FE10
:107FA000FD05FDF517090CEB072DF2F21714140669
:107FB000FA01FC3E0BE602051811060DFDF5FC1D4D
:107FC000014B16DAE2D8FAFCFFF6F7FE030201F6DF
:107FD000F8F504E3FCFC0CF5E9FF0001FBF8F20600
:107FE000F4F8FE1504F8F70D02F7F9E0220305E9AD
:107FF000FF05050E00C7EB0E04FBFFFAFF0B01F1B6
:10800000E60101DC1B1306030ED9F91B07DC0B018B
:1080100005F3FEF006F6FAF8F103FEE91301F00DA0
:10802000E9E60815FA030FF0F1F906F002EDFBF6A8
:10803000F6F5FDF9EE040DD900E3110AFB0505FB89
:108040000CFC0AF9FF19F4EDF104FEF7FBFE12FD3A
:10805000EFD5F31E0D4C020500F702E10B04F70B00
:1080600001F9FCFA14FDEBF707EBE8041318F9FF2C
:108070000EF1FEDDFEF0F5E6FC07F6FCF6F111333D
:10808000F20DE628F50600F903F104F903FCEDFC16
:10809000F7FCF5FBF6F611FCFBE6E10BEF12FE0335
:1080A000FEFBFB07083100FCEA04FB02F80F1E0B85
:1080B00009E8E0FE0E00F302EEFEFDF103E8EF0535
:1080C000F70CF00F05FF04F0F9F3100211FE13F6A0
:1080D000F0F500FFE81104FB0509FB0BF2F50D0EAE
:1080E000F9ED1BFEFBFCFC0BFE02FBE9FD0BF500B2
:1080F000FCF9FF04FA0408F108FAEEFBF7F30106B5
:10810000FBFA081A0217F811E708F7F812FD0AFE41
:10811000050810FAFC11EEF6FC0D050EF4F8F61445
:10812000F704F9F60CF703F5072B3421100F02FFC3
:108130000109F4F3FCF3F3FAFE04F8FBFB0BF80778
:10814000100D24E916FEFE0203F400F105E107F527
:108150000303F7F903FCFF0004F1DF0AEEE40E016C
:1081600011F5F80B020EFCE8FD03061204FE0B0CE1
:10817000F6FCC50DEAFC0403070C0F0C000CF7F726
:108180000604F805FB0CF63003FFF10D073FEA0586
:10819000F9FF0807FAFCFB140504F21BFFFCFE0EB6
:1081A000F81826F80320080C030401EDFBFD1BFE64
:1081B0000808FCF80907060FFAE8E6060B1811FB99
:1081C00003F5FDF3081A02EAF707F1F2F9060F1EAC
:1081D000EFEEDE0701EF01FB0CFE040707FE0506CC
:1081E00002F2F3FD0C1B11E7F00524F6EDF7F6FDA6
:1081F00001F9FD1EF7060601FAF80117F80E0D0C3D
:10820000E9FC151009040CFA03FA03EC03F7FF016B
:10821000FC06FAFE051610ED00E7DD180BF50B0263
:10822000F5010E0507190B06F4FD07FAF412F3F435
:10823000F8E6F10405ECF80302F502E7F7080CEAAA
:10824000F90405F001FEFDEB0DDA1909F7ECFEF873
:108250000A0E04FC0317EF04F0FD06F6FC0911F505
:10826000F5EAE91CFC020DF7E8080113FCFEF90130
:10827000EB01F912171416F5050FF7FE1200FE04B4
:1082800006FAFE03F1090206FFFFF7EC0B0107FAFD
:108290002FF016F5FD090AF9FEFC0FEB001401F8AA
:1082A000FDFFF5DF0807F7FC3CD3200BF4EDF7FDED
:1082B0000AF908F9FAF9EEF2FBF8FDE7F2F116F423
:1082C000FCE0EC1DD7DB01FB09F1F50CFE0A05F51E
:1082D000FE0DF209F50A14F2F506C7F8FF09FC0FC6
:1082E000F90AFCF704F90EEFFE0BFD000205FE1182
:1082F0000407EB011C4003F8030D02CC021A09F637
:10830000F50802FB0A00E6FECFFB0F0C0F1707FC77
:10831000060E06F0FF00071E0CFDFE08FFF0D5E07C
:10832000D81055EFFDCC020405FC0318F7F70A0539
:10833000FBF303F1F8FD0104FE20EFF3F413FAF868
:108340000207F60001F612FF1F0203F50009F511FE
:10835000060CEAEFFE110200F510FFEBFFED080D31
:1083600017FFF232F3FBF11A03060CE50C3106F5A8
:10837000001003EEFAF8F80A14060C36F004E1ECEB
:10838000E60738FC03FDFBEF0D020705EF0DFCEEE1
:1083900005F70601F5FF15F902F5F9F8D609F7001A
:1083A000F306F9F906050510F20B03F1FA06E5EDFF
:1083B000F4FAD5E8EC0FECFFF703080DF7EF0B0D1F
:1083C00016030CFB03010504060600030EE8FF0577
:1083D00003FB030C03D808F4FBFD04F600FAFB08CA
:1083E0000A02F3E81A0AFF01FAF4FC0D0207FEF391
:1083F0000FFD03F8FAF5FFF3FA0DE5F72BE8FB04A0
:10840000FD1A080AFDFA100305F801E60D03DBED7D
:10841000F7FBFDF40AFB0EF3FE00FCEC06F8080B7C
:10842000FFFF0505EB0104FA38E8ECF009F6F9FF67
:108430000AFE0AF6FBF202F9F4F112FB01FE240037
:1084400012F7D1FF0DF0FF03070D020CFEFFF3F64C
:10845000F3FE0B08EEFA04E8FFF107F901DE0D0365
:108460000007051701F2F9F2FFEDF8FA0A00F4FD32
:1084700007F3F3EDC6D2FB0BFDFC07F5FFEEF8F6B4
:1084800001F6FAE90AFA2711FEE304F5FFFC06F902
:108490000600FB00021F0C18F70BF7FD0AFA09F79C
:1084A000F3FC02FB0D0A090512FA09FEFC04FEF7B3
:1084B000F40207F1F80410210605F202071715036C
:1084C000FFFEF709FEF9F80F06FB03F906FAE40EC2
:1084D0001F08F4ECF5F8020502FF03F7F8F8FB09B2
:1084E0000EEC00F6F9EA031AF905F6EF0DFFF1FFBD
:1084F0000604FDECFA0703ECF20202180505F9F098
:10850000E8F335F80B0905FC0802F903010103073C
:10851000FBFB000B000D01020C000DF60E08FA0E1D
:10852000FD0F060BF6EF000610F5FB0B01EBEAE77B
:1085300007271402F70108FD1006F5F007F3FBFC0E
:10854000F201F60105F8EBEBF4140401E50800FB79
:10855000FD0601F1FBE4020F00F2FCF6F606F7FA65
:10856000051C01ED0906F90D0910041106ECF6FFD2
:108570000DF9FF0EF9EF020BFDFE30F700160003B8
:10858000FE0402FAFA0C08FB150108FF09FFF600C9
:108590000DE61C0DF5030A03FDF906E3FB0AF307DC
:1085A00009F70617F4EF0AF2FEFEE811FF10F404D3
:1085B000FFFF05F4F8F4F8FA00F6F30EF004FCF50A
:1085C000D714FD02170B170A0B0202F1F7F7FFEBA6
:1085D000F5F7FDFA2410012207F60E00D7FB13F67B
:1085E00003FBFA15FD0D0017FBFFFFFA0601FC1453
:1085F000F806FFE6E6BD0E02EEFC011506FE0100E0
:10860000E2F203041B131BFB16DC0301F3E3F40586
:1086100005FC050D020800F3050D0209070722E815
:10862000E2FBF3EE2942010407FEFF04F8F2FA1F11
:10863000040EF21600040B1109120EFA22F518FFAF
:1086400010FEF612FDF1FB00EBF50408F5FB1E151C
:10865000FB0C0FF2EB260FFC01FFFAE5FC0205F222
:10866000E80108FF0D000A1013DE09FE101800F6DD
:10867000F9FC01F20A1508100802021E0400E10AC2
:10868000E306040F0119FD0DFFF7FBFAF703E9E11B
:10869000FD070510F4F7152407DC03161416FEF683
:1086A00008FAFCF6FC33F90401F8FC08F603F0FFC5
:1086B00000F6DF1B1EF7F4FF09F9F8F3FF01FE04D3
:1086C000F600F2010800F4FCFEFCF7150FF60205B7
:1086D000F80B11FB0307F301000B020101F302F297
:1086E000F90E34E7E906FD05FF0605FBFF32F6014A
:1086F000F606FE02F30B2FECF202D004F4E3F202D2
:1087000002FFFAFF08F405F2E8FDF7EA050BEAE8D4
:10871000F7E5F7FEF70204F60A1A05F804E4FE048A
:10872000100300F3F1F40105052206F51B0901FD14
:10873000011007F6F70202F20F06091CF9FB010D02
:108740000B3727F713FA03FC03FD060201F90512A4
:1087500008FF09FDF7000BEE00E81E01E3FAE70849
:10876000F2EBF81DFC1BF5F70811FB06FF00DA160B
:10877000031C2AEEC7E0F2F5F600F007FCCEFEF887
:1087800005030E030C0FDD0C1514F5F5E9BADDFD3C
:10879000040A011E0BEE05EBE4F4FCF70001D8FA25
:1087A000ED0AEE06040DFFF0FC0904D503140420C5
:1087B000F000EEE6F3F2F9F8FDB527122DFE000306
:1087C000ECF109180AF3FC05F202F2F212F7E112D9
:1087D000FBF30A1B11ED1BF00FF7F40501D6FEE4C5
:1087E0001AFAF7F4FEFDF1E5F6E927DEDDA311F94B
:1087F000FCF9F61B0DD00008FF020C060405141C42
:10880000F2FF18D607FD1004010006C204BEF3F102
:10881000E80A0A0B0400E619FFEE05EFE616180B4E
:10882000020405FA02E70B1D0BEE0D1FE6E7F0113F
:10883000F8FF01FD14F718F4FF0F02ED0CE6F7E264
:10884000F3140610161B0608F811E8FFF2FB02F5F8
:10885000FB00FBF4F914FE02050B00DCE6F90D2326
:10886000F3F8FD08FE14F2E8F70900080BDEFE1E1F
:108870000409F814FE01D72B221B05EE0124F3FB9B
:1088800007F301E0F507F80CF50C09150109F936B5
:108890003DF426FCFD0D09F5FC0EFFEFF3FF060A83
:1088A000FF050AF70BECEB0F4C3323F5012403FD16
:1088B000FC01FCFFFF08041E0C04F4FAFAF405178F
:1088C000323A1BCCDBFCFE02FC09FAEEFD1F090C60
:1088D000F7070303F5081A0800F4FE12042EF6FF4A
:1088E000F60F0B00FB08FDF9F4110D1CE7FEECF28E
:1088F000EFFCF6FA1709FBFDF11308F002F90B067D
:108900000703F907F100F908FA09FDF7F3E80B0B83
:108910000102021405F0FBF700FC0603F601F11654
:10892000F30CF9F4EBD102FF07FE090803FEFCF596
:108930000509060807FCFEE8EE0CF2040AB0020B7B
:10894000FB0AFF0A01EB07E718FDFF040FFCE5EA4D
:10895000EC2AFFED0EE41106060AFB0500160B11CA
:10896000FC030AFAEB08030314E3FAF30C1DFDFE03
:1089700001F4FA0F0709FE0D05F509FF02050900CC
:1089800024EBFDE70AFDF8010305F71004E00314EA
:1089900022050CE70BF7E807062CFAFFE10B0405AC
:1089A000F8050707FB03020F2100FB02F702FDEFAA
:1089B000131C01EEEA13FD06F9F7FB000017F8138C
:1089C000F6F70200EC02F9F312EA09F708F9F9F6F2
:1089D000F401FF06F6FB0C00F8F2FC08060000DAD2
:1089E000FBE90127F30FFCFD01F807F4041E0DEE6F
:1089F00003F913F9F10CEB05F8EAFEF5D8FD0AEFDF
:108A0000FDF503E6FB0702F904FE0F0BEB0A14FD6C
:108A1000E3F1E500EC02F010F807FD1AFFFDFF019D
:108A200001FB0302040300EDE2D6F1F6E0F8E6FDF7
:108A300002FB0B110208FBEDFC04FBF20C020EEA38
:108A4000CD01FA1912FAFFFE00FE02FE00FCFE0242
:108A5000FEFAFFFA04FE0303FDFF02FFFDFDFB0427
:108A6000FE0102FB00FFFF020100FE0604FF02FB05
:108A7000FAFFFE04F4FE01FC02030502FFF7FC010D
:108A800005FF02050103FF00FE01FE00FAFF03FFE0
:108A900001040002FD0000FD0408FA0200FCF803D6
:108AA000FCFDFFFBF9F3040204FBFEFE0001FE01E6
:108AB000FF0401040301FCFEFFFE010108F4F4FFC2
:108AC000FDFCFE00FDFE010001FEFE02FFFEFCFEBD
:108AD00001FBFEFC03FAFE04FFF7FFFFFEFCFE03B2
:108AE00001030302FEFEFC00FCFF04FF0007FF047D
:108AF000FC0401F900FD0103FA0202FF04F902FD82
:108B000002FCFE000800FBFFFF0006FCFFFCFD016D
:108B100000FB01FAFD01FC03FFFFFA01F0FDFD007F
:108B200004FFFCFDFDFD03FAFD03F7FC0003030059
:108B300000020400F600000001FDFCFD040302FF3A
:108B400001FCFC05FD00FF00FBF8FCFE0403040330
:108B5000F902FF02FD020306FE010306F700FEFF15
:108B6000FAFB03FBF809FC00FF02FF0101FFF9FE1D
:108B7000020200FAFAFDFE0303FEFB0003000202FC
:108B8000FBFD0105040300FF000106FF00FD05FEDB
:108B900000FF0301F804FFFAFE04FCFE00FD0001E3
:108BA000FEFC0203FBFCFF05FE04FFFA03FEFBFCD8
:108BB00005000300FC00F701020302FAFE0000FFBB
:108BC000FEFFFAFFCD02F5FFFC080C14FCF211FDCC
:108BD0001504F315F408F6E90E1A0DE7E8E4EF0BB7
:108BE0000802080401F1FA111EFF1011F906F2172C
:108BF000FB262BFE1D350C11F906FA0AF1EF01E7F1
:108C000003E4FDF903FEF4FC0426FCED0003FDFA89
:108C100007000AFB080AEEEDFBFB00EF0D100E0B40
:108C20000AF6E5FD06B90DEBF2F6000303050001B7
:108C3000EFFB1DFAF20B1C09FCFA17F6F8F20DFA1D
:108C400004F404FA09FFFEFEF8000811000C1212E9
:108C500007D5E201EFE6FF0508F60113F60EFBDD8E
:108C600006FA1313F6F50F0700EEF926ED0A0D0DBF
:108C7000F404FCF1FEFD00F1000E040F070CDE1100
:108C8000060AFBF40E02F30B07F905F60F11F805BF
:108C9000F0F5FC060606F803E8EE170515FA17FFCF
:108CA00000070DEFFEF8F7F105F8FCFF0B090816B9
:108CB000F402CC2F0AFF05F6010907E4F1FC11FFCD
:108CC000080904EA16FDF12AFCFAF00C1B0FFDFD61
:108CD000FDFCF4FFF8FF09FA04FA0B02FBEDEEFECF
:108CE0001F0413F5C40EFEFC0D00EFDD0117FAEDB5
:108CF0000BFC0009F1FB1211F0C9E6F6D807060AD1
:108D00000DF310EA0805FEF10906F527050C1AD641
:108D1000E5E7C41EEFF9DE02F3FA070EF5F500EC05
:108D200018F8F00A05F3FA0FCFE4F30E14F4EEF49A
:108D300002FDF6F2F2F007EC07F2FB2301FBF0ED87
:108D4000DBF4231200BB0E0AF302FBFCFACB07E0B4
:108D5000E50505E505011BF60800F705D9C70AF684
:108D600000E7030605EF16D5CF0801EA021B330E14
:108D700011E2FCE6BABEFA15F900F619F8EAFCF7BA
:108D8000D8000CF1061F16051FD5F9F0F8DBD6FA4E
:108D9000FDF00E02071506F8FEF905F316150DDABB
:108DA00014D9E3F402F409090EF5F8FA01020DF7FB
:108DB000FBFDFCF9FCF81A3F11000102FEF20DF276
:108DC000FAFE01F007EA05F6F7F4FCF713FCF820C9
:108DD0004416F6F5F0CB0704F8F7F9EE01F006CEED
:108DE000F7ECF8E6F8F0110A01F1DEF2F1CEFFFC43
:108DF000F1FA00F6FD05FEF6E8FE07F001F7FCD5F6
:108E00000D01DCED1802FB0D100BF80C0013FF0F29
:108E1000E80F142AF90BF20308F0EEEF1606EF0B39
:108E2000F21112FDFD000FF72EF6F3190C01E7F217
:108E30000D1B0101FD0013F20104F80D12E4090BF2
:108E40002004F3F5FCFA0E07FB2CF2EBDE18E5FF2D
:108E50000909080D0E0B03071EFC04ED16F7EEE1E1
:108E60000A3F33D80CF6FEF6F10807061204172065
:108E700007FF0504EE09FFF60BF62DFE070800FDBF
:108E8000000317EAFE03F3FD0AEE09F3FF011407DE
:108E9000EAEE1F0DD8F3F6FBFFFCFE0DFFFE06E326
:108EA0000CF50213F3F50BF2D0FAD21404F6FAF52E
:108EB0000715FF1700F9080A15F71221F70302F248
:108EC000E2190C01FD0B04FFFBF903F80B2E03085C
:108ED000F4FF02F5000E0709FFE2E30520F10901A6
:108EE00005FE00E7FF26F801EA04FEFC030E050973
:108EF000F8F9F01833FE04000406F6F20003F2EB72
:108F00000000F301000902FCFFECE10C04FC090283
:108F1000040A061E020601FF130903F40B05041FD1
:108F20000208FE05F223F003FDFF0BF6081604EA23
:108F3000FEFD04F2050E09E3FDE8BD022728F80A4C
:108F4000ECF6F5D5001901E90605FEF7120C09E566
:108F5000F8E3FE050DEC07000007FBF20105090828
:108F6000FB09FCF3ECF0F901FFFFF5FA0D10150C0D
:108F70000404001F0B07FD0A08FE04EA0D19001681
:108F80001106DBDCF5E602FB0302FF1A050BF70016
:108F90001AFDF2EA1F1BFFC0002DD002F60BF100F4
:108FA0000AFFFE0C03E90D041501F603FB04FAEFBA
:108FB000000E04E8160FED01010D06E2FE1F041974
:108FC000FB0504FAF506F5F5F6FF02FD130D08FEA4
:108FD0000FF6FC0F0A14FA04FA00F9FBFA0F04F377
:108FE00008DAFDF5F2F2120903FE031F00F403FF95
:108FF000FFFE05D80DFCFDF5021B00F2DF01F2FCBF
:1090000006FD06080DFFFE0406F8F70514FCE7F759
:10901000F9220EDFF20BFF03FF0611FC05F2FEFB47
:10902000F8FE030705140502F4F6EAF509070AFB42
:1090300000F8FE0B0312F60CFCF709F30906F1F237
:1090400013F6031ED8191CF9FDFE02FDFFF20CEF0A
:109050000505FEFCFBFB11F2F608D0F9ECE70A105F
:1090600001FC040C000AF3E30EFA02FE100D1AF1E3
:10907000F7F8DD04F1D70304F90204DD05F303E793
:10908000F50200EE13F70100F1EC11070631F6FFCF
:10909000FE0C02F10A1D001F1907F61DFE04DFDE9B
:1090A000F61B43070CE90BF90509F2FBFFFB0BFC70
:1090B000FDFBFB04160101FD0512F300ECFB0700AC
:1090C0000703050C01F70B0109060FF20AFB141048
:1090D0000A0CDBFAE711070401070900FFFE090F7C
:1090E00015F5FB0E0408F20D080A07FFF823FD0929
:1090F000FC0C09E90609080D04FD0D22F2FFED0143
:10910000ECF4330D05070AFDF5FB07F9FF1809001C
:1091100011FD02FBF6FE160D02E10813F20D0CFF25
:109120000BFD0D0BFC1A0002F70D03E6F80500F12C
:10913000F0F3EFF9FFF4F108F9FD0209EDF0030493
:10914000F0F707EF180D03F7FFF90318E8F404FB35
:10915000FB0BFEFC00DEFDF2FD070AF4F508F0054E
:1091600002FCEC060F0902FEF70504FEFE01F80002
:10917000FFFA0504FFFF06EBF309010223020BFBD4
:10918000000BFE0000010605040AFEF205FAF1DA02
:10919000F7F30BFB17FE09FBFD01FA1207FBFB1BA4
:1091A00005FD0DF2F5FD00F51BFDF515E8FDF002DE
:1091B000FEF903F4F7DE08F90DFC09FA04F710F4E0
:1091C00015E8DA000D26F5F802041405F823F6EA8E
:1091D000FBF9FF16020FF120F5E6F91036F00D0548
:1091E0000202010BF50C15F9FD050A210001DCFC5A
:1091F000F00AF4FBE8DD0A0FF704081A08010EF282
:109200001F0012FBFBFDFDF40A09DBF30303020957
:10921000F30405F1FCE9F8FBF0F804DE110B24EE91
:1092200016FFDCDC0F040C0C09F900F6F01005F455
:109230000A070CFC120EE007FD26ED02F60511F9F7
:109240000208F8F7F5EF03E90FFE01F3FDEAF2FA81
:10925000F213F402EBEE140F03FD06FA10FE0EFEFD
:1092600001F4F0E3F40605F1FEF0EA03FFF8080369
:109270001006FAF6FD09030F030801040416FAFAB2
:10928000100701FC0701F109FFF6051BFA110EE7B3
:1092900007F40505F7060CF3F711E0163304EB08A5
:1092A000F609FDF3FA1901E7110CF40704050E2382
:1092B000EC01E70A030CE70C02F803F1FB120905C5
:1092C0001FFAFEF8F4F6F20AF704E4150704FB109F
:1092D000FD0B010301E00CFA020BFDF7FBF807019F
:1092E0000008FBDFE6EE0807010E08060316F3EAA6
:1092F000FB11FFF003120ED10AEAC60204DDF0F7FB
:10930000FB08F71DEE05000D100303F31007FADF4D
:1093100001F9BDFF31FD090FFA06EA12050201014C
:109320001C0000F42205F1F6F014E8E91600211CF7
:10933000030202FDFB1007E70C0EFC07E606E31B29
:10934000133FEBBBF9C90B0DFAFD01F3FEFBFDF773
:10935000FC0204E5100223E4F9E3C2020CBC0AFC9F
:109360000EF100F90213FFE6FBFFF8EF050421FF01
:10937000F5E5CF09010F08F612FBFFEEFB20F40B19
:109380000500FBF1170A1B15E0F10F100121F8FD94
:1093900001FDF2F6FF12FC110602F6F80805E003E3
:1093A000C30A360BEAFC09000AFD02F70CF5FFF9C7
:1093B000FC0CFFE7F6FA0AEC05F5DE05240607FAD1
:1093C000FEFC08110506F6F0001602E319FE14FD76
:1093D0001516EE1A0608F10600FF0503F8F006FF61
:1093E000F901FAF80904EB02FBF900FC14C5F90BCA
:1093F00002FEFAF00CD7FBEEFAFAEE060501090DB3
:10940000F6FF1608FBEA05050102FB11FDF7FEFE5B
:10941000030707040A0AF5F7061FF402CBF1030756
:10942000F401FCFD08E8FC05F90DEEE9EFF1170089
:109430000D1229F2E311F608FEFC0114FAEF03FD08
:10944000F7FCFF0D1002F3FF08F1EAEAE3FAF5F981
:10945000FCF9FAEEF4EB05E9FFF8FDEBFF0311155B
:1094600019FCEF320DFC0500FBFE09F7FEF30916AF
:109470000BFC03FC0203FF1502FE0E04F0FD15F9C0
:1094800008EDFB0DFF0DFDFAFBF9090203091B298D
:10949000010A17FBF701F804FF03FD1F0AFB00F99F
:1094A000F505050D0FFD0CFAFC09F218E5E90407B6
:1094B0000400F409FEE0FB05EBFB02F807010BFDDD
:1094C0000208F8E4012C05FF02FBF3EAF605FA07AF
:1094D0000CF70008000F100CFB03EB14FE0B0FF948
:1094E00001F9FAEEF70402F1F403F909FE04110997
:1094F0001005F5FCDCF808F700FF010FF7FE0EF28F
:10950000EA000016EC0707031104FAF8DEDAECF8BB
:10951000FFF50517F9F5FEF005EDFF03FF02F8FF73
:1095200013EADFF5F7190609000E08F5FAFEFCF359
:10953000FD0105EF0E080C0DED0ED604FCCB14F367
:1095400001F8F2F5FE0800FAFD03F8F41120F6FD2B
:10955000F7FAF7E9F8CA0F0BFFF0F01FFDE605FC7C
:10956000F8FD10EBFF002002FED7F804E5BCFD0D6E
:1095700001FA0933FC0603E7F3F609DC1D1826F9A6
:1095800003DBD41306F7FE04FB0C000E0309FCFBFF
:109590000400F7F20E08FFED05FEEF0008021B04C1
:1095A00008F901E3FDE60302E1FAFA0A0E04E1F22A
:1095B00024E81F0600F81FFA09F2F9FE0C0F09FB58
:1095C000E5F1FFDBFAF100F5FCE905EEFD0FF0F542
:1095D00006F100FC0527FB0100FCF9E1250910E17B
:1095E00015DBE4F6E7EFF80400FBFB1706F8060DC1
:1095F0000103F9FB0B08EAFB0B0622EFFC04FEFF5C
:10960000FBF5FF05FADF0707E5F6050200F8ED16A2
:1096100006011204EA010BFE04F70907001301E931
:10962000F6F80A01F5FF04FBEEE8E5FDF601E10FAF
:1096300004F7F208FFF903EFF3FEF4002E0401FD36
:10964000FDE8E608F1D0030801F80607FE0CFDF17D
:10965000FAFFFDF303FD11FBF3F6D00F12F90A0731
:1096600002F5FEE3011BFEF20807FAFA0C0C0B12DE
:10967000E4EBDA192B1EF9FEFB05FCE9030E0405E9
:109680000802FB06F4F9DB00CE0F1318142AFCFCC9
:10969000FE11FDFEF701030E0EFC0011FDF8CFF7E1
:1096A000F10C450EF1EAF8040109F906FD0F0B066D
:1096B000FD0207FCFD0716E4090AD105FC16E203CA
:1096C000F5FA08EFF41C03EE001302F20010071283
:1096D00005F6FAF70631FBF505FD0C0106E501027A
:1096E00021080A15FDFE0702F80410FCF220070508
:1096F000F514032BFFE001FD0F07FC190C10F31A02
:10970000F2171BF4FFE4FBFC13F100150516EFE460
:1097100003FAEDED06160DF209FFE50CFEFFF60A61
:10972000020509F303F10805020A09E0030200F249
:10973000F7FAE7F1FDFCE607FF1307FF0A0402044E
:109740000302FCF3FA03FD03F808F21401F7050B1A
:1097500007FDFFF1F80B05F508FA0BFAFC1B0DF9F4
:1097600000E1E2EBE3F1F504090AFE0A01FA03095C
:10977000080009FD0110F4F5FE17F90111F2FEFDD4
:10978000F50EFAF900EF090F06F5F9FD0600F9FEEE
:10979000101907F506FB0FECFE10F5F80516FFFF94
:1097A000EF07FCFFECF1F5120CED23EAEDF501FEFD
:1097B00002FFF8EF07FDFAF6F2FDFDF903F70A0DD7
:1097C0001AEDF31FF30011FE09F7F6ED09EFFFFBA9
:1097D000090701F00801FEFD0CFE00F4FB18E80D7E
:1097E0000305F813F2F2070D0FFEFC0403F2EDED92
:1097F0001629F2FA080E05FDF61D02010716F110F2
:1098000010E50F0FE901EA050E2F020504F609EF36
:10981000FA10FFEEF70A0413FFFBFA16E7EAF2FE6E
:109820001E1A0616FB000200F8F902FFF4090D00EB
:10983000FCF6F40CFBF2EEE8F0F000031813EA0675
:109840000E150012F71604F9F908021CF8F02505A8
:10985000D8DFE1FDFC1CFBF00812F50A0818F9013D
:109860000A00F226170FF0E3F0010AF0FD13FDFFE6
:10987000F6F7F4EC0DFDF9090500020DDEE4EEEE5D
:10988000F2EB2615FAEC15F10CFE01F000EE0013D8
:10989000030AFBF5FCE40201F5131903FBF3F2F4F0
:1098A00002F80318FE12FFFEEEF50311E716FECED6
:1098B000F0F2F6F9F6F501070800012B0BDF00EADC
:1098C0001BFFFBFC0612FAEAF418F7FEE2EA0BF5BE
:1098D000F9EFFB0C02D8FAE7FD0B0807FF01F910BE
:1098E000EF12E902531005FE04F304DB02ED13F35B
:1098F000F701FEE013F7F142FCF220F01B111BF719
:10990000F20DFBE5041005F01308FFF0ECF50D1067
:10991000F4E702F4D9160C0CF70212E505F5FB0B7F
:10992000F8F402F9FE111AEEFFFBD91FB7DCE106CD
:10993000F5F0FFEE05E9F0F4FDF509E4F9FE2AEB98
:1099400011DDB819ED1CF20A0103FCDC043206FF3C
:10995000000100F602030105D7E2D1170921F2FD4B
:10996000080902DF07FB0A09FB17FF15EC0BE0FCF7
:10997000E71014F9FA2602F2060BF603F702F71BBA
:1099800004010311FDFDE1F50608220C0E1501FB93
:10999000F506FBFF05F3FF07040602F7F8E90002EE
:1099A0000B0218F8DAE0FF0606F904FBFB1006F3D9
:1099B0001201FE13100AF5DBF23CC701FDC2FCF8F0
:1099C0000213FFEF06E7FFFC04FD041B0100EFE0BC
:1099D000F4080BE011E40912F3050202F909FA098F
:1099E00003030F0A0800F7040EEA03E8F6E410097F
:1099F00004F7091603F5070614F3FDFFE5F00C0064
:109A00000B06F81402F4F500FA10001301E50AFF42
:109A100019FB0BE507FDFCE5083F19FAE800EAFE33
:109A2000F5050E040E00F012F8030BF7E6F9E40357
:109A300011033AD8F5100003F5FA0506F80E0801EF
:109A4000FA06FD0BEFF2EAFE0DF501F8F8FC02064E
:109A5000FFFBF60BFFFE08ECE7FDF2F20702071032
:109A600002FB00F8F8F8000605100312FEFC0C0ECD
:109A700007FF03FE0B0D0BE5FD07F4EE09F7FB07EF
:109A800000F10C0504FEFEF5FE02000402FAF9F6F0
:109A9000FAFFF3E2150510F9F9FBFA04FDEF0801EE
:109AA000F4FBF10C09FDFF0BFDE91B020DF9FD0EA6
:109AB00006F0FD1BFB020BF4F90804FFFFFAFD00A2
:109AC00001F8EAFBF9FBFE000004FAFAFE00FF08C9
:109AD00007F507050D01EB0B1BF023FC0AF705FB4F
:109AE000FCF5010306FFFE1DFFF10608FDF7FA076E
:109AF00013FB15F8F9EB05FF02FA0A1908EDF9FD59
:109B0000FBF70BFCFBF80CFA072209FB11DC030244
:109B10000204FBFDFDF9FFF1F602FCF4080A17F45C
:109B20000B02ECEE111701F2FB05F8F605E6031443
:109B300005F9010301FCEE0CF4FD37E9041619FDEB
:109B4000FE01FE1A03F6F7EEE700F513EC00080736
:109B5000EBF2ED05FF28110504FAFFEE0520FA05EA
:109B6000F20006F3040702140BF7F6130B2BF102B5
:109B7000F80505E8010AFE17FC000903FBFCFA0DD5
:109B8000EAFEFF0D081F0BFA02FD07DAFA09F5FEDF
:109B9000EA020C15ECF6051AF0DD09134C16FE0767
:109BA0000604091BFD18000BFB030B17F008E60366
:109BB000FCFCE80606FA01F5FC0A010A0B0309F5AC
:109BC00001FBFE060004EC050A0AE3030E07F70694
:109BD000FD16F7F0000AF90704FCFD05F4FFFEEBA3
:109BE000010A15EA1E1807FD02FE08EA0208060629
:109BF000FFFCF31204050CF30502F0F308FF0DFB64
:109C0000020CFD15F70608F90004F1FA08F8FB0646
:109C10000AF6FCFCF90CF2FE0403070A00FB00053F
:109C20001BFD01FE0CFCF8EB0C17F807FCF2F90623
:109C3000F10604F5FCEDFAED0A060200EFF620024B
:109C40000212F5FB10E901FFFBFEFA0AFBE107EB4C
:109C500001F803FD0A12FE1A1A1FF1F4EAA7110314
:109C6000FEEAFFFF05FAFBE2E7F901F113FE220F1E
:109C700017E6F2F505C010020EEFF919F62002EC16
:109C8000E901FAFA121720180BE3FBFF0FD6F900CF
:109C900001F50AFBFD1104FCE9F8FCF31011140DA9
:109CA00000DCFD09001204F9FBF5FB090012FC07BA
:109CB000FF01FE02FA15F7010AF0F50E0D360B034F
:109CC0000DECFCFB0DFEFC01FF03FEF312FD1D0479
:109CD0000F180F02F33B0101FCF3020501FC01F830
:109CE0000FF7F2E802051DFEF40121FA090EF9F35F
:109CF0000F040000041F05FEFC07030A0C05ED0F0E
:109D00000517FC0BFCF808FFFF02FEF6FAF9FDFF51
:109D1000F1FC0201080BF3E6FBF40A12FBFDF5016E
:109D20000509FF060007FB0B050306070700FBF507
:109D3000FE2001080EFD01FD0603FE03FB01F505F3
:109D4000F3F3081008FF180604FD06FCEB05FBF909
:109D50000BFC0203000C04100504FEFD04FEF7F2E8
:109D6000FDF4FA0EF1F815FEFA00F3FD050E01F50B
:109D7000F8FDFEF8FFFA03F402E40015DF06F60230
:109D80000CFF00F5F4F9FCE5EEFE0401FB0516F509
:109D900008E2FE18E4FA040407F8FF050C0400DCEE
:109DA0000DFF0E09090102FFDEFBEA1D08F605FAA8
:109DB00004FBFDFCFF09FAF40701FDFCFAFDF902C2
:109DC000E8FBE00C0813F7FDF205FBFC05020D10A3
:109DD00002F7EFF900EEFA0802E91B0110F4FD00AA
:109DE00005EAFC0B040300190EF5FC0DEA0603114D
:109DF000E9121D04ED07FA0108E7052907EB09F050
:109E00000DFE0A0BFF11EFFE140813FAE2EFF41631
:109E100003F6002008F110E1FBF307FB06F6241E11
:109E20001904C40EE31607F1FAF6FEF0FEFFF8047B
:109E3000F803050201F60BF405D0140706EBF3F95D
:109E4000F5F4FB070001F5FCE7F8FE14101405F922
:109E5000E8EAF516FBF0090314F8010B0FFC06ED18
:109E6000080DFCE0050608F308E7DEE7F0EEF50173
:109E70000DFBFA111103020AECF110DB04F90FEEED
:109E800001ECDE00F3EF01080A0902F003D9F8ED56
:109E9000EC1003F10E04FC0F03EF0A0DF20701FEB4
:109EA00000F408F606F1FDF2F8ED000815F603E6F9
:109EB00009EC120629EB07ED10FBFBF10AFEEFF2AD
:109EC000F8EA02F5F8F5FB07E7F6F700F805FB01FD
:109ED00011060010021B0013041104F8F702050517
:109EE000FFEAF505EB03030203050B0AFDE90EE8A3
:109EF000E3F8FB0900F9F013110BEAF60316F50479
:109F0000040305120C2AF010EF0505FC09FCF617F6
:109F10002B15DAEB06FC03F6FB05FBF3001704FC3C
:109F2000FB0510031105F30C1A1D0CFCFE0C0AF9BD
:109F3000000302F9F91105090100EDF6FDFCF3FA41
:109F400012041A04E521F7FD011302EAF6FBFD12E3
:109F500015F70C03FCFB03FCFEFF08FE0539D703D5
:109F6000ED08FBFAF2E8012F0201130DE0EAEA0422
:109F7000FF0A10F81C3300FCEC0CFE1E00F3F9F98C
:109F800005E80417F7E2E6190CFC12F802E004F108
:109F9000FFEF020C04EDFEE7FAF5070DFE08FD17D2
:109FA0000AEF07F0E7F4FF030802080307F1F80FD0
:109FB00000FCFE00EA0211D8F1E703F1C9D5F30B6A
:109FC0000000FD19F8080B0C18F4041E04080AEB35
:109FD000D6E205E70303F805FE0CF43E08FCFB0699
:109FE00015FF0B200D0407ED08280901CD02F70A23
:109FF000FBF9FD0BFED5FDFBFEFB0C07FA031AE592
:10A000001FFB1F14F1F004FD04FBFD11FCE009042B
:10A01000FE0DF5EA22FAEEFEED031A0BE3F10DF761
:10A0200002FB0BFF01E2F200F7EB0CF3DFFFDA03B8
:10A0300018E623FBFCE02303FEFCFE0DF0E4F1E850
:10A04000F2FAFCF5FCF125040500F30FF1E50D082B
:10A05000FBF9030CF9FB02E706E410F00A12FE0D0F
:10A0600010D3D60326FDED09FC04FAF201DE011936
:10A0700007E4FE17F3EFCD28031347FCFC050002AD
:10A0800000F506DEFD04EE0A0EFC15FAECFC0925CF
:10A090000A0C0FFCEF120BFD01E7F8D70425F6F3CD
:10A0A000F904FEFF030F0011E6BDE8FBEB05D6FE49
:10A0B00004FBFDFFFB0FF5E5EBF8FFE7100514EEE1
:10A0C000F3D1F32CFCB6FCEEF406FFF90011F6FD1B
:10A0D000DEFFF4E5F30B10F6F1D80D0E1BEAF307E3
:10A0E0000501070D0205F21CE5F7F6F41704FED092
:10A0F000F2EB11041FB2F302F7FC071008FFEBF0BC
:10A10000FA0206EE220C15F6FDF20123F1E50E002F
:10A11000F2F612F209E204EBE20A0BC60610EC2199
:10A12000EDD9E7160D15FDF406F8F2E702F0F40597
:10A13000F5F4FBF6000900F302D523EE0D1A13FF28
:10A14000FAF3080905F0FFE1DC0203D4EFEB0D1090
:10A15000F5F01D251B4B000D0BEA03CCFCF3F80BAF
:10A16000EA04060E0FFB0C0818E4FC00242E13E78B
:10A17000020305E2FEF2FFD80C0BEF0917F01340C3
:10A1800003FDF022F4080DFC050005D7FEF7F0EF03
:10A19000F00BFDFBF0E902E70DD8DE07FC14F50B30
:10A1A000F6F8F6FD03240107EE0AFA12FB201D0B58
:10A1B000FBE6D60E1705EAF1FF01F9E6030702F404
:10A1C000FA14F12003F304F8F506070016FF0DF367
:10A1D000020001F7F600FFF70B08F90A0500110964
:10A1E000FF0A3313FDE3FDFA010005FD020AF80141
:10A1F000F603010C050E0FEFFF04DF0D10E9000B55
:10A200000E001210FA1AEE0BDDFDF5E4FF0C09F159
:10A2100006102AF2FFFBFEF7F50C0016F6F90C0803
:10A22000EE0C01E91707E6F01F473F1118200B0459
:10A230000A0E0A1500D80A03FFFE0DFFF6F3F01808
:10A240001B391BC3F828FBFFFF03FE0506010803AB
:10A25000FCFF011B06F8E122FB1010EADCF303FE11
:10A26000F4010AFEF8EEFEEB0CFB001516FDE729E3
:10A27000F4220DF8C7E60001060A091201EB0604F4
:10A280001EE7F91DF5ECDD0DFB300C040121F2FA9F
:10A29000F7F90A1C04E809ED04F10614F7F7F918B8
:10A2A000081BF4F912F8050A05F207FDF9F6070490
:10A2B00001F5FA150A03001BFE04E5F4F405FEFBA4
:10A2C00003F908DFFF010FF012EFFC1205FB0A1A79
:10A2D000FC08F0F004FB07F70A05FA1D00EA12E299
:10A2E00008FC1302E9FB03F804FE1DEEF7DD04FB96
:10A2F00000F6040F030EF912FAFE0A05FE1E08FB13
:10A30000080BE80DFEF5EF0F01F707FEFC160EE651
:10A31000ED020A0408051DD5F2C9C10BF7030604B6
:10A3200001F60AE20AF703FB0607FDF30F0FF2F846
:10A3300008EEF120190805F300F6F6F50D26FF03E7
:10A34000F9F509FA02FBEA07F0FF1C070006F2FC28
:10A35000FF040107FE22FB14FC0AFCE60E0202F5D4
:10A36000F4F507F4D5E80704FA13FF090312ECF13A
:10A37000F00AFDF72C0A16E0FBFACB0AF2ED0B040B
:10A38000FAF60DF908FF08EDEC00ED161B02F5EBEF
:10A3900019DF010D090112FA030507D601FBFFE9D8
:10A3A000F800FA080FF2E81812E53FED241200F267
:10A3B000000FFCE1FE1BFF0404010115F8FAD9FAB5
:10A3C00009014605E005FE01FE0006FD04FB081636
:10A3D000F2FE0101F909FCE6F0E9F3F52B0DEAF7CD
:10A3E0000A0E01FAFAD9091B0BF0FD09DEF0EDE0C7
:10A3F000FEE7FEEF1C0BFA01FC0006F902EB011C64
:10A4000003F605ECE9F0EE04EE0912F7FDF004EFB7
:10A41000FDF900EAF5E60E0807FBFCEFE2EC12FBA3
:10A42000FB062300E4E6FCFD0303F70F00DC040455
:10A43000F806000BE7EF02BEFBE9EBFBF303E9F6DE
:10A44000FB0DFC2DFF1E05160300051BE70608E8A3
:10A45000E60BC9031819F410050D08130423F5348D
:10A46000FBEC080709F5CA070914EDECE8FBF5EF6A
:10A47000FC0202EFF4E7FB0C0AFDFA06F4F3F9EF35
:10A480000A062EF2FDF3F6F6020A04EC09CC0822C5
:10A4900016FF00E7F9FD0533FB0727FDF7F501007F
:10A4A0000006FD02F003F4200DEFFBF1E7FCEEF7F0
:10A4B000ED1F0EEFDFE70D0403F30324FECEF702DA
:10A4C00005F40A04EEF405E6FF0E0C00AFF9F706FA
:10A4D000F4F208F0FDE30BF2F8FC09F81512100B8A
:10A4E000FE08E906230FF507FD050AE9FDEC0C045B
:10A4F0002300FC27FD01F635030F2EFF221C15F665
:10A500000409FFDCFC1208060BFC13FDE90BDC263A
:10A510000AEFEBFD040B150701FA05F6060EFE0225
:10A5200001FD0805E9F116F417DDE109E7F007067A
:10A53000FDFAFAF6000D0014F1F704F1140E1C06F2
:10A5400007D3E816EDF701020A03F41E03E8090D2C
:10A550000CF6FF1E0F05F2F7120319DFC800F50510
:10A56000FD100225FCDE01020AF9061BF4ECE304EF
:10A5700008F302F008D8F609FF11FEFC09E7000411
:10A580000A000F20FFFBE8F7FDE717F616FA08F9B7
:10A5900006FF07F105E60A0CFF0D190CF0E905F4BA
:10A5A00009050EF9160217F906070808F6C70F0F76
:10A5B0000209FBF1EFF6E11003F631E804FF0AFCB3
:10A5C00016120628FDF7F51715F80E0DF7EC11F524
:10A5D0000908EBF6F1090E04FA11F5EDFB05051A71
:10A5E00021F70D18FB08EA100718FC0A192EFAFAD1
:10A5F000FD0A02CD0229FF1608100B2BFAEFDC032F
:10A60000DC002A000F20FFF903FC03E7060A070518
:10A610001A00070EF4ED0047F7FA140F321B07FB80
:10A620000408F612F41DFCF9FD050A020E06E41AF0
:10A63000FC1FEEFBF5FC02FCFE1705F415FEF6F719
:10A6400020FA0FFEF5FEDFF40F1AF915CFF40B0018
:10A65000FD0202E6FEEDFA0C0308030FF0FCF5150F
:10A66000EE160BF0111EF91009FCF9F6FEFE0102C0
:10A67000FA00FC10F506F314FB130D02200302068A
:10A68000EB0B08F4F61109FA1C090705FAFDDDEFDA
:10A6900017E810FD11E403FCFB08F600F615F9FBC2
:10A6A000130EFA03E7F7F0080FDCE90AECDC02FD11
:10A6B00001FD00F3FE0C17FDFF010005F30C1B125A
:10A6C000F8E7D61BF4C4F5090D00FFFBFE12EEF40B
:10A6D000F40AFEF4FEF815FEEEC2CC17F7040BFEEA
:10A6E00001FCFFD9FF21F2F9F7FEF8E9160F18FB7C
:10A6F000F3D3CA1413160908F5F8FDDC0628111364
:10A70000F51407F3150B0502CBE40D100E18FC052C
:10A71000000E06020124012E0715FF0412F8E2FEC6
:10A72000D01A4E09E8E91102FA0A0E12FC18FADEF4
:10A73000E80AF603090C13F80D17CE06FB05FEF028
:10A74000FD05FDE9F8FC01FDEB15F6101500F9FA21
:10A75000280AE515FFE91009010BF0E307F40B17D0
:10A76000EF0FF3FFF8D8DF001DF8F2F2142B1609F3
:10A77000F70EFFF0FEF40EF10B00F71804FE02ECEA
:10A780000BFE2EF902E6FD0C0408012802EE09FF7B
:10A790001207FFDF000800061319F9DDED070304B7
:10A7A000030700F607E107021EFFFAF9EBEBFBFADD
:10A7B0000A361702EA19E612FBFCFF0E09F7090038
:10A7C00005FDF609EFFEE50513FFE7F1F1100008BE
:10A7D000EE13F9F9FAE602030BF10603041600087A
:10A7E000140704F117F802000E04091410030A10EC
:10A7F000270009FBF2060910FBFC0DFC02FF0FFF0E
:10A8000003010B11FDFE04FC06FD1BFE03FAFB0F0A
:10A81000EEF9E600EEF901F702F902F801E90A069D
:10A82000F9060710F60E090B0502F4F5EFFB09FB1C
:10A8300007F402FE02EAF2FBF8100D0C0D06200AE6
:10A840000606FA0B03ECFFF901FD0FE4031FFDF010
:10A85000F006F8E5FFF50318F4F5BF02FDEFF70881
:10A86000F90003FFFB0C0408F4F6FBE917FE15DD05
:10A87000E500EB121CFE10F404F7FCE1F413FAF708
:10A880000F0B01E0071211FFF2FA0210061713FE78
:10A89000090AF500FF07FFF6150307FD0AF908F698
:10A8A000E914F3F700F504FC0B0C060201060DE4B5
:10A8B0000DFAEE0916FEF4FB0317C1061E0CFFFC91
:10A8C0000407FDF0030C0FF21DFA0403030409034F
:10A8D000F0FDFEE60F180FFAFD04FAF40222090457
:10A8E0001203FE110831E6FB0BFD04FAFA200F05F6
:10A8F000FC1606F2FA1A000E010BFC0AEFEDE5FE5B
:10A90000FDF51202F805150D020AFA1E042412FACA
:10A910000BEAFBFF07F90DFD011FE408E307DF0A5F
:10A92000ED0001010927FF00F1090F07F6101AE3F6
:10A93000EFF8E802EE1AE0FEF40BF9040AF912F857
:10A9400016F40E12020CD3FF061A190304EA120DB4
:10A95000F40AF81600EC10F1EF04FD0DE9FFEE0724
:10A96000FC1BD1E2F4041C03080DF40401F50CDD1A
:10A97000E61909FDFE0728D5ED0BC1010DDBEFFB44
:10A98000030D0125FCE31EE51602FAF513F7DDC8F9
:10A99000D70807F40AE41009F9190305FEC21414D4
:10A9A0000500F8F8FC0B02E219EEF9E704EEFE12DE
:10A9B00012FFFDF30AFF0BFC09081F02E30726FA4A
:10A9C0002DCFCDE5ECF0FDFF0C03F3F1FD0E02E918
:10A9D000ED050FDE0B0508E8F9E0E00518ECF907D6
:10A9E00001F80BE7070507DEE9F90CCE160719EEAB
:10A9F000F7E2E01D69D7FD010102FCC70B23031636
:10AA0000E8FEFCC70E1207F4C0D7EA310C0918F7AC
:10AA1000050B07EEFCFBFFF4060803E7F70AE73235
:10AA2000E4FB131CEB22FD0B01FCF8101206FAF4F8
:10AA300000F303F2002109DE11E1D4F63D15E20036
:10AA4000F8F202CFF11EF3F3F108F5F728F8160E2D
:10AA5000F6DEEC222055ECF9F80AF7DAFA09FCFEEA
:10AA6000FE09F91F050BD4DAE31DEC0C2F6D1C0059
:10AA700010FC06F5FFE512EE150BEF1FF4F8F628B3
:10AA8000F613E0DAF7F3F5F9F6FBF602FBEBF5DD8A
:10AA9000F8F0FDE0101206D7150AB301CFF6F4F571
:10AAA000FD08F90CFEFDECE7FE04F2EE10FE0CF5DD
:10AAB000EEF5D9F8DF13E308050B06F000FE0BF7FF
:10AAC0001609ED19E8FB04EC1021F202180D07102D
:10AAD00002F801F3F11AF5050A02FD1AF202110D4E
:10AAE0001BF3DBC3EFFF10FEFFF7FD05FCF110FECB
:10AAF000FEED0FF5FD0804E8FD0FDE14F9E4F0FFAC
:10AB0000FC010815F3FF0A190703FBE500F6E4074B
:10AB1000F420E4F00EE6FFF1020AFD10FD0202103F
:10AB2000EAF105E8120FFDFA0D0B1EDEF5FBFF073B
:10AB30000EFA0BF4FF010607F3F7EEECF30502EF54
:10AB40001EE4FBEDEEFDEFF50AFA01F4FE2AFDF43A
:10AB5000FEFCF4F5FEF70B08DFF4B90CFB08F50B6F
:10AB6000FF040BE2FF090009FC0EFD07E6FEE80BFF
:10AB7000E1ECCF133B4008F80516F7EA0502FB06A7
:10AB80000F00FA15EAF8D8F9B30B1015183710F7BB
:10AB9000FF09FAFCFBECFC2219FFF00DF9EEC6F7F9
:10ABA000E9224005F0E607010709FE06F5F601EC8B
:10ABB000000507F5060204E9F320C010CDD6FB021C
:10ABC0000A1C07FCFFFD20F514000B060011F1FB29
:10ABD000F801EBFC03D4FD07FE100700FCF20C1B90
:10ABE0000EF90215F709EF06FEF705E1EBFD15FC7E
:10ABF000080B070D0BE3080D130A1A1DF10905FDDB
:10AC00000C082EF7FFED020A02FB0E1EFE08FEEDF9
:10AC10000E0A06E101021BFD0531CDFAF322FFFB0E
:10AC2000040505EF00F70808E2FE03E8FB0ED6F284
:10AC300001EAFAD3E3FAE0020CF9FE09080A150565
:10AC4000F7110DFAF5FCF70DFDEB02FCEDFCF70C2E
:10AC500009F4FF1702F5FFEE000114FB041414F8C9
:10AC6000F1D901ED08FA00FC03F1FC210C0401FC10
:10AC70000F06FAF505090BE90303E2F527FC0800C6
:10AC8000F4FF04FE03F7031107FCF4FC1303D9F5EA
:10AC9000161008CC1401FCFF0305FCE602FF091A9C
:10ACA000F9FCFCFF01FAE5FE28E213FFF6F018FCC0
:10ACB000000901E2F4F5FC0BF5FE02EFFE1107FDC1
:10ACC0001FD9FB052B0F08FB0B02F70C00ECFB0D4B
:10ACD0000FF6080119EAE9192A2443FA06E913FFD5
:10ACE000FEEBFD2BFEF003FDDBED04060A09180A5E
:10ACF0001DF3FEE5F7D50A0F09F100F8FE1DF4FA81
:10AD0000F000FFFFFA031E060AD5CDF104E0EE0CB9
:10AD1000FAF0FFF2050506FAFA0AF8F816162DF908
:10AD200012EDD71F022F02F70DF4FFFE020CF60EF4
:10AD300009050809FA17EEE511EA32F71446030689
:10AD400001F6F90BF714F708EC110AE40BEB0EF41B
:10AD50002718F3F90352FCF4F9FA02EF0210FE048B
:10AD6000EE01F3CE0E0BF1E40419F7080D11FCF916
:10AD7000040009FE0508FD02F4FAF7EAF9FAEFE625
:10AD80000519FCF101FE05FAFF07F6DC01E2040AF1
:10AD90000115F905FFF3EF01FBFB07060C0105FEAA
:10ADA000FC0AFC2A00F9FC082EFBF80501F0EDDF97
:10ADB000F9240BFD1505F003FB15FF10FFF10C0B3B
:10ADC00017EEF9F8E7F9F4EB06121F04FA0D080F75
:10ADD000001406E80103051D05FDFF12F4FBE2DE89
:10ADE0001307FFE4F81503FF04FCF8E0FCED0CEB9F
:10ADF000FEF9FF0BFAFC04200ED82901F2FBFD023C
:10AE000005030515F6F500EA02FE0115F1020D191C
:10AE100003F2FAF4EC0EF4020EFDF808F01A02F553
:10AE2000FDF41202ED0E11F6EC00C6E7E8EBF2F3CA
:10AE300004F400090321EC14F2F301FEEC0113D831
:10AE4000E7E1E20808110DFDFF030211F50B02090D
:10AE5000FC00010B10FB0111020A12FDDEEDF80CE3
:10AE6000F6F9FEE60B1206F80A0011F707FD0123BA
:10AE7000F61A261DF2FEF9F406FBFF1105EFFAF1B2
:10AE800004F9F01BFCFDF20BFD28080AFCFB010E87
:10AE900000FFF60DFDED00F105F9FD0D1711EB2298
:10AEA000F20BFB061308FF07FCFBF3DFF606EFFCD3
:10AEB000F5F2FFFBFE03240504E503160FE3FFFF95
:10AEC00004FA0AE5FB0B0AF2FB030115070A090164
:10AED000E5E7F2010620FF0200FE060B08F003ED95
:10AEE000170B050A09030DF2E7EEFB06FEF4120349
:10AEF00006F9001103F1FEF105090DFB060F112003
:10AF0000F106F6FCF3F9010006EB02FDFF12E6F292
:10AF1000DFFEFCF8081118DFFAE1F00E12F0000075
:10AF2000FBEAFFDEFEF702F7EDFFFDFE0503030877
:10AF3000F0D4E01314E00B090C0802DF0200FBEA76
:10AF4000ED03FBF3180307FADC06FA0C1C0405FBFF
:10AF500001FCFCFDFF1D0AFDED1501F1000919239F
:10AF6000F7EDEDF9C9E4FE0B13FC040B0B07FBF93D
:10AF7000E6FEF9F1080916F20AD2C709DAF6FFFC73
:10AF8000F5FFFCF60505F90FEF03EEF90E0603DBFE
:10AF90000DFACF14FBFBF200F80E00ED1504FEF1E4
:10AFA0000A16F40302FB0603090D18FD1709020235
:10AFB000FA03FAF6FE12030E01F50501FE08E50597
:10AFC0000015FF0BFA21F905070B01F5FDE2050A53
:10AFD000FF030204F5FAFCFA0FF52DF9EF00F9FB77
:10AFE0000001FD11FFEF091209EC0007EAF6F4F485
:10AFF0000201E8F827E1151109FFFF02FBFDFAD96C
:10B0000008F8070DF4050FF911F2C4E9FDD003F2B9
:10B01000FBF0F8F10B04F109F301F9FBFC05310831
:10B0200027EEBB0DF30706FB000000F3FCE50D0A5D
:10B030001607FB25EFFFEDF1FD010F032301ED02E4
:10B040000205F815112CFE1A09FD0708F907FBDFA8
:10B05000F1FBFC05110DF4F6F917FF0A0340FE237E
:10B06000FE01FAD90C0EDBD016320B0005F0F7FA10
:10B07000F80002F5F4F702080701E5D8FFF60CD551
:10B080000D08F6F80A02FCF90508F6DCF2060009DC
:10B09000FDF70302F4EFF721F6E709FD10F0FF05D5
:10B0A000000000210405090613F10CEB0FF7EFE592
:10B0B000E60FF8F0F0F90300F908FE16FED7040CCD
:10B0C00016FD04F8F407F7E6E93024FFF5FD010A60
:10B0D000FFF701FD08F8FFFE0EF6FC020002F8F093
:10B0E0000D07D5E23614FD060AF701F600F8FBFE5F
:10B0F000FFF9F10F08F3FE0201011A03180704F12A
:10B10000F603FDE50CE702F202F8030D01F5F00489
:10B11000F60FFE0A0D051706F50E06F2F50CFC12E9
:10B12000F8FC07FCF30700080BDFF1FE25F30F081E
:10B13000040DFAFA040BFC06F0FB05EBED0A08EE31
:10B1400010CEE9FBC3E603FCF20EF80F04D40601AF
:10B15000FFFBF925EE0BEBE0FFF632EDF700010502
:10B160000508001801EDFB060BF70215F3EBECF2F6
:10B170001B01F2F3DBE0FA080300FE0CFDCD071D16
:10B1800009FD140C02F6DDFE08061B00F1D315FEC6
:10B19000FCF90111FAD8F8F2F1F60B19F3F3EEF716
:10B1A000190410D31E01FDEBFEFC06FF0AE3FD1C93
:10B1B000000600F4EEF90A20F1D911F9F3E0E40BEE
:10B1C0000D06EC1BF8FA0A1A0CFC0A02F1E6E91665
:10B1D0000510E61003030AE9FA16F6EF0FF5FD066F
:10B1E00021FF0012FBFCE40707141D01F407FEF524
:10B1F0000AFBFFDFFD0EF9160B060B19F6F202171C
:10B20000EAF32EFA0C230CFF00F409C3070805F734
:10B21000F80CF522FE00FF27F9DBFE1D2614EB0BD0
:10B22000F80FFEFFFF1E0010FFF902110AEEC80220
:10B23000020B11FAFD08FDE7F8050704011BF700F2
:10B2400014070126E9F6ECF1FC22F70F040014FCC8
:10B2500003FB00ECFFF5F311EE050A17EDFEFE0E01
:10B26000E8010B080A01EE12F701F8FE01F2FC04F6
:10B27000EC03F9100AFBFCFD040F12022106FDFE8F
:10B28000F60901EFFDFAF503190306FA08F2D9EE03
:10B290001BE937EA22F609F00103FDE9FC01F60B90
:10B2A00013FF08FEE8E5EB1113160FFA13F50B0078
:10B2B000F60000E4010CF90411FA0A06F9F9072076
:10B2C0000204FDE91DE8F7F7FEFEEDF204F908259A
:10B2D000060105ECFF00DBF0121F47E9F402EFFA6C
:10B2E000FFFBF10FFADAFB1BEEF3FCF1FBFA02EACB
:10B2F000161710F007FF1DFD050307020B09F602E4
:10B30000E5FAFAEBF80220021817E202FE02FC044A
:10B3100004F5F5FBFE0AFF03FF0609F502EE1AEC41
:10B3200010FABF16FFDEECFEFFFD0AE603EDFC148B
:10B33000F704FE03E7E6F1ECE6C137070F2EEBFB5F
:10B34000FCF9F300031AEB1DEA090302E7F711FF0A
:10B35000F2DDEE09124206FBFEFF08F9031EE914B6
:10B36000EE0E00FA1100EAEAFE10F00CEF05030001
:10B37000F80008EBF7E9FF0BF0FDF4D4EDE6FFF57C
:10B38000FC01FDE9FBF60CEE06FAF6D3FFDFF01543
:10B39000F7F5F62207EA0505EE0016FD2A000AF287
:10B3A000FE05FA1F060CFEF30AFFF007F4FDD8DCD9
:10B3B000F51222FC03E90FFCF60802F8F5DCF803AD
:10B3C00009F3E604EBE3D3F5F01B0A16DC080B06E1
:10B3D000FC0509F10D06060A08FEF911F1EBEBFB7D
:10B3E000F5060700232DFCFEFEFBFCC203F511ED64
:10B3F00005FAF6FDF5FBF937100532F9F01AF1FF01
:10B4000005F8F1FDF4EAEEF10A040F06F007031265
:10B41000FD01DDEFD4240101FD06FA07F517060151
:10B4200006F70802E505FF03E1E8E40FF8F8D6F5B2
:10B43000F401FDECF916F2F6FCF605FEEEEE1CE565
:10B44000E7CBFA0BF2F40707FDFB06FD11CE02F481
:10B45000070507EA0FFAEBED0B15F8EF21D302060B
:10B4600005FD07E702F0FD1404F3020A15F7F102E7
:10B47000081821F507DBF8070AFAF91AF411F8128F
:10B4800004F4000B23F61404031225FD122701080F
:10B49000090207F2F408FDFAFF0607060A08FE187B
:10B4A0000FF71B22F8F706FA09FAFE0C04FB071542
:10B4B000EFFCFEFDFAF20E14FBF70F04F92FFCFF70
:10B4C00001081AE6FE15F312EC040314FB08300C15
:10B4D000F0C5E413E03BE6F3FBFD0329010EEDEAC2
:10B4E000F8FA0319110B2A05D8072E1AED16E500F4
:10B4F0000E01F907FE0800FD0801F8190A07FDFF13
:10B50000F01B2922FC00F9FFFFF409080D11F4F2E9
:10B51000ED020107EEFB1AF7FDF1090CDBF203095E
:10B5200004F8F60104FA03DBE1F40300050627FA48
:10B53000FEECDC0609E30004F5F819ECFC0BFCF268
:10B54000EBFBFBE731151AF8F2D6111BF8F5F806FC
:10B55000070E1409FEF1FCE9FEFD0DE005050400EF
:10B56000FAF1F51718FD00FFF4FC07F60507F9EEF0
:10B57000EFF40303E8F109240DDBE9120EE71011E3
:10B580000002F5F80524F8E1070E0EFD120D01FC8E
:10B590000EDCE81CE6EB04FEF5F203F7FBFB02C849
:10B5A00004FCF1F108FE230013EBF422FEFAED0493
:10B5B000070008E8F4EE03F403F9FBF210030201BC
:10B5C000F0FDEF1DDFCD120D0AF10B08EF1407F4AB
:10B5D000F00F02EDF7012AF9F9FCD6F9F1C70213D1
:10B5E00000F2FD1B11FAFAC7E701FAE62B212CE75E
:10B5F00013C4CF04E8B9050AFDFCFACE011105DD3C
:10B60000DF10FCE6291A1904F6CDF00C0E05EEFA4F
:10B610000B01FCF5FE2AFF00180D0A0E141B151174
:10B62000FAF916130ED90B0F09F3EDFEFB040AE627
:10B63000EE0C02ED120E0610FFFAEE0B05F90E02EB
:10B64000F9FFF906FDFC0AF603F2FAE41DEE15E433
:10B650003613D503EB111504050105D5FE390A0E85
:10B6600005FFF2E50608F3010EE7E8032C0808F8E9
:10B67000F21DF9F1F83100160C110621F0F6E8F48C
:10B68000E00525F3040F180BF90BFA0AF524FD0663
:10B69000FB02F9EDFDF611080813E701DD10F201D8
:10B6A000EFFC0706FA1F030A0BF907E9F90316EA8C
:10B6B000091FF21EE018E803F916FB05FBE2000083
:10B6C000020EFFFB0A0BEBF80A3607010620FC040A
:10B6D0000C08F9FEFFE205230DFEFB11F0FCE00271
:10B6E000020D0DEBFE0612FDF908F90DFF18100210
:10B6F000F50F0C02FE0322E9F30EF80DF5EDFB0247
:10B70000FD0EF31610E511F00302F8F90C0AF8E04B
:10B71000D7F60D07F7FDFCF80611050700CCFB1264
:10B7200013F2170CFA09F9EF0CF70DF406FC020DF1
:10B73000F8F0FC0104EF0CEC09FC0D18F50612FA08
:10B740000E080906F6DF0913FEF6F90B08FA0CDB02
:10B75000F000FDE706040BFB09E1D619D1CD1EF27E
:10B76000FEE500F1060EF5BAECFB03C6110F2B1037
:10B77000FDB8CD12F9B10C1407EB06E70207FCDBAC
:10B78000C60CFFD12220241DFDCFD30C0415FA0ACC
:10B7900003FF02040E38FA16FAF7FAF11C281E0607
:10B7A000E2DC1B0C061710030FF202FAFA2405EB79
:10B7B0000308FEFFEF051200160AD60AFADF08FC9E
:10B7C000FFE5F2EAF70601FBEE1205E81EFDFFE1D8
:10B7D0002E0ADC170104F2F3050CFCECF7F614005A
:10B7E000F409E8EAEDF4F5E30813C502142406FFB2
:10B7F000FB07F9F0F80500FF0400ED01090DE2EB8D
:10B800001008FBE803E7030303FBF2150C0102FF3A
:10B810000EF8F0F40E0208ED0B0701EDEC12EF0646
:10B82000F41202FEFCE812FB33F8010011F3FAE90E
:10B83000F33CF1140E25F7FB03F8F703F5F40DF2D2
:10B84000FEF8F804F5F7F6FDF309EEE2F2120D0842
:10B850000804F7FD0BF1FD130F000016E9FFE5F9F1
:10B86000190F0CE3FBF90F020103F719FEFE070B9A
:10B87000F6F818F8F90011EF0109E409ECFAF114EF
:10B88000080CF90B08FB0AFA17FD03F8041117F26C
:10B89000DE16F005F9F9FF07F908FD1002EE0BF5C9
:10B8A00006FE0800E80409F0CE04F6F4F7000807E5
:10B8B0000305000FF9FFFE0DF5070101FC0BFA026D
:10B8C000F5F70C18F9E5F7F903FA02F20116FF058E
:10B8D000E606FDFBF0FF03F5E8CE1C03F8F0FEF9E9
:10B8E000F90401090AF9091BF90002FEF200FCDE65
:10B8F000DFCAF0EE01DD09050305F4180DE41615A5
:10B90000080110FAE5E8F2D40F23E5F803CF0604A6
:10B9100001FDFC20FEE106F504FE0D00FC1135FAE8
:10B920001506B9F51CDEFDFA02FF03FA03FBFB085E
:10B930000209F4020AEE071DF512FD02F5330E08A6
:10B94000060A0CF20300070D0FF0E608F900DD020D
:10B950000128070A061A1B0302070502FE09060A48
:10B96000ED0202E5F705FCEC01F912040CF5F40711
:10B97000FDF0FE000815061DFDF313DCFC0402E1DA
:10B9800017E5EBF6FD0208FFF6F8FBE7FEF81201FB
:10B99000EB0108FEE5040316FDF9EBF83110E0F9C0
:10B9A000FE07F5F00B0F0EFD07FC011C080AE1F283
:10B9B000FCFB1EFD32E609FDF9FC06F60A09FFEA6A
:10B9C0000B0802F7E5FBF404FCEFF50BFE0302FFA6
:10B9D000F802FCE8F90A0B08010902FDF30517DD7E
:10B9E000E10CF6F8FD09F504FDFF0506031A010355
:10B9F000FB13030D010A15E90A04F4FF0B010B0305
:10BA0000FC090103FAF5120CF9F8F8E9FFF4EEFD70
:10BA100007F6F9F4001706FAEE01F9FC091501160C
:10BA2000FC0709001101F3F11618FCE11010140BCA
:10BA3000F800F5FBFF000B020C01F3F9FFF5F11024
:10BA4000FEF203ECEC1D15FF0C040E03F5EC00F701
:10BA50000307F9EA0BFF0EF30106DDF6F5F809041A
:10BA6000FCFCF7FF05080C17F5F00C02040D0F0B9A
:10BA70000335010BF9F6FF0E0203FE0A01FEEB0986
:10BA8000EDF300FF0EFEF9E122070CFB0FFCE400D2
:10BA9000F9FE030504FCFFFBF9F3030A0406F6EEC6
:10BAA0002215F90006040EFC12F70D0AFF10FFF034
:10BAB000F901F9FD120C3407040ACD0FEF0A000C4E
:10BAC00004EDFE01FD1609F0DD00FD010A101FFE68
:10BAD000F6B9D7F8FEE401FBF5FDFD1BFDF2FBDD39
:10BAE00010EBFEF119001FF5E303F415ECE2EDFB9A
:10BAF000F5F90D11FB050FFBFA04FD02FC10042300
:10BB0000FDEDDDFDFCFB0E0A08F1F70A0B290AE644
:10BB1000EAF2FEF7FB1129D7F3F3E705E5EA031490
:10BB2000F2FCFE11F005F5E5EEF3F9FF220A11DF54
:10BB3000F1C8D700FFE4FA0103FDF5E3030006F4C2
:10BB4000E703F1ED211D01D7F4EB0517F2F5F10143
:10BB5000F80C02230214F9040AFFFBF6FAFB09F2BF
:10BB600000F9E0E7F6F3190A0CFD021500EEECDB34
:10BB7000E6F803EF1A0410EE03F5B004F2E2FC035A
:10BB800003ED0411FBFB06DFEE09F2E91D0C0CF7D7
:10BB90001ADFDA0EF7000C040709FFF9F9FE05E8D1
:10BBA00007F4FDE815071E0D1EE3FA01DCDCF10ABF
:10BBB000170003FF0A06FFF8FBFC02EA080605F17E
:10BBC00010DADA1538F5FF0E020B040308D8FC066C
:10BBD00000F314F7070DF90F120D37F4EFB51DFD43
:10BBE000FEF7F8160BEFFDDFF2F6F3010E080C0F6F
:10BBF0000CEBE8FFE7C110030BE4070D001DF6F79F
:10BC0000E1FBFBD5131B3A1234E6D9F7EEEDED025A
:10BC100004FA01FA082AFB05F60802EE181214EBE2
:10BC200002DEEB160C1F0CFAF9F207F60322FA13E8
:10BC30000100FDFBF40DF4F402D9F8132F2D1301CC
:10BC400007EFF609000F00FFECFE03FD1400120BD6
:10BC50000702ED1B0A18020205EFFAFEFE06F5E8E0
:10BC600009F6F7E50C1204F70A0AF9FE04F207FCDC
:10BC7000FEF30106FD0D03F8FD02F0E20A02E908F9
:10BC80001707E3EE00F70802FF05F5FCFE03EF0ED1
:10BC9000F5FDF20A0501F7FD03FC1502FB030AFDA1
:10BCA000FB0A000BFFF6100617EFFCF713FB00F87A
:10BCB000FC231501030301FDFDFE080AF9FF01F84D
:10BCC000000E01F8F9F614F2FAF520F8E405110176
:10BCD00009FFFCFF06FD010F0A01F80FF0F806F658
:10BCE0000A14F802000A06FBF503F3090AF907072C
:10BCF000FBFF0107F7F813F902F91410F311FB0524
:10BD000004F80AF8F90CFDE5F800F802010815023C
:10BD10000EF9081D050DFBFFFBF4FA02F51A0AEDFA
:10BD2000FDF309FD060F0707EFFAEC1BF106F9F624
:10BD3000FD0FFF07020F000BFA010EE6F50A04EEF5
:10BD40000302FA0911B105FBFC03060602BEFEDF81
:10BD50000F00FFF20FFBE5FBF50E57FB00ED07ECC4
:10BD6000070AFE2706FCF800FC0306D701FBFB06CA
:10BD700009EE20F2FBE204FE04FDFD0401F0010BDC
:10BD8000DCFF11F5010425F63304F2EFF7C9EF11DA
:10BD90000BF9020AF9F9F5EDF5F6F0F9020A21F0CE
:10BDA00023D3B7F50D4002FE08EC01D501F9E808F0
:10BDB000FD13FC06EEF2F12718DA2DF1162F0BFC1D
:10BDC000F1FE01060001EE180AF5F305FEE8E90CA4
:10BDD000092510F10B1A16FE05F3F8DD04FE01F338
:10BDE000F8F6F7E505F109FC070300FD13E2FBF6A1
:10BDF000F90CFDF4FA0AFFFEF804FBED13F811F15B
:10BE0000F5ECF208F9180B0404FCF6EB01E406FA71
:10BE100005F1F935F3F30E2BFFF417F9171CF508AC
:10BE2000F60EF90906FFF2F82703F63C06F0F10ECC
:10BE30000B30160F130002F0F7FAFB2707F7FB058C
:10BE40000F030207F0EB11FC061FE303EF13060AD2
:10BE5000F407FEF90708F8231A0A01FEE604ECF4D9
:10BE60000E2310EEFA03F90E03FEFC03F9F60C0F95
:10BE7000FCFFFB0CEE04F50FFDFB1801DDFEF7F5F2
:10BE8000FFFEF8F5FA0C06F80EFB0AF6F80604FEBB
:10BE9000160E0C060605F205F8010B030606F5F072
:10BEA00004FE170EF0F0F4F8F626FDFFDF0001F4B3
:10BEB0000707FB0104F405F10402020DFD0502F67B
:10BEC000E5132609E9D4EDFB0C0607FB05F60CFC8F
:10BED000E40401FBF304F1EBDFE60C0103F1ED01F7
:10BEE000FFF4F3F8F9E10B1F0E0EFE0AFCF2EDE68B
:10BEF000F8FA02F2F740FF0402FD02FBFCFB061712
:10BF000028F30205EDEFD4FAFD131502FBF4F8F265
:10BF100002F4FB07EAECEF0C06F403F8EDE4F10998
:10BF2000F70725FCF2E20005FCF001FF06F205FC34
:10BF300000F5050EF6FD02DEF2DDE5FFEBF7DAFCBB
:10BF40000D070005050904FD0603FE00F201F1F6E8
:10BF5000D9FFED010DFAFFF8FCFCFF0AF9F5F42515
:10BF600002F606071DFDDAFEFB04F5E7EFD5040136
:10BF700000F603F7FBF1FC08F9FE0200FDEDFFEB14
:10BF800015EEFF0A00E502FD1305FE01FEC6FE1ECA
:10BF90001707FCEE01F7F709112C1DF3D9E602FE95
:10BFA0000603030E01F1F11B05F8FAECEDF3E403CF
:10BFB000041D2CF6FAE30DFCF8F6FB22FBE3F5FF7B
:10BFC0000C0DFE17ECF100F40D11DF05BCF4F605C5
:10BFD00003E9FAF1F8F500E8F3F109FD060E0F2385
:10BFE00006EEF112470CF104FAFAFDE107E208F659
:10BFF00012F8FA14F1F7FB3DF60030FE25170404A1
:10C00000000AFEE80808FEF9FB0305F7FBF6F54712
:10C0100012F5190B080B0C07F7F3FFCF041FFBFBFE
:10C02000060B0002F603080C0DE6FD0AF1F20FFA0A
:10C03000F6FD00F6040302FDF8F704F1F40207012F
:10C0400003EEEC1BFD0C06080A03FEEA1027120E95
:10C05000FB08FD050600F60DF509F81204100D1198
:10C060001704FF0FF5030402020C0B0FF9FFFCFF8E
:10C07000F7010EEA2617140B021405EC02F900EC86
:10C08000FA0A0704FAF302E6FEFCF6050F3A1E125E
:10C09000FE0A0102031601000E090007020716003E
:10C0A000FF0EEFE8FCFB0207FF0F02FEF2FE06F5B3
:10C0B00009F8FE0C24FB07F6FF3AE8F2E4FA00F573
:10C0C000000009FFFADF1DEE2B08070F1314F5E639
:10C0D000F22304CEF016070D01FF06F40622FA0A39
:10C0E000FDEA0E02FA05EF05070EF4FF1D34FAF71C
:10C0F000FB03FCF30123FB03FA00050EFBF5FBF742
:10C1000001E4F1F205F4F4FDFF0D001701F80BFE58
:10C1100020F7050D02F7FDFEFD28FA050FFF08FCCC
:10C12000FF0904FF0720091F18FD1003F6060BF096
:10C13000FA14EFF4F519F10EFF0501FFF21CFF32BE
:10C1400006EFFFFFF6F5EDEE09F6FCFE190207F922
:10C15000FF01FD00FC020A1BF909EF0BFD02FED1F5
:10C1600004FE10EBE40B050A02F2F601F92207DEE9
:10C17000EAF5050BEB0203D9F9E6CCFBD7EAF7FDAC
:10C18000070201FCF8F106D80EFC0EFE05051DCDD8
:10C19000D7F2CA02F908E8041201080702EFFF10FB
:10C1A0000702FAFA0203FFDFE5E4F4EE0FFBEC0608
:10C1B00004FE02010404FFEFFFF405090AFE01E09A
:10C1C000E5FE0E0BFF22F709050FFF07FD1A051903
:10C1D0000304FF0FED0A07FAECFB04091026E70839
:10C1E000050EF80602ED0F0916FD0117E3E5C8E894
:10C1F000FEFA06F2E8CFF8FE0B0EF502FBE908FEA8
:10C200001CF3FC0AEBFAEFF9081206F4F9CF09FB6C
:10C21000F8F702EFF3FC01010309040FFBFE11F331
:10C2200005E6F3F4F4C50A050413F40EFEF9020161
:10C2300005F5F209F5E8F9ECEE11F7FE03EA020460
:10C24000FD02022BFC1806360EF303FEE9E7EFCFE2
:10C25000F52212FFFDF3F5F70604FDEB0715000FBD
:10C260000A020EFDF202FB021007E2E7E4ED04F41D
:10C27000F7FC04CF03FBFA140103FFDEEAF701F930
:10C2800011EEFD050F080AF7FC0A010404070A0273
:10C290001F0F0AFBE7F2EB37F80630EE16FEF40A42
:10C2A000F70E0A000321F715FF00FFFD010610DC61
:10C2B000E8FFF40802EF05F3FFFD06F9F711FBFDB7
:10C2C000F9090200ED12E6EEFE0CE818E8FE121283
:10C2D000FE0801FE03000DEAF3FDF41302F9F10A72
:10C2E000FD12D7E5040F0909FF0B02EDFF07FFF36D
:10C2F000FA08021401FF03F00814EFFD2C0EF504F8
:10C3000002020CF501020BF6FF0DF4F4F9FBE3FC5D
:10C3100008FF39FC150521F0FF09FD0EF5E8FD0EBB
:10C32000F8FD02FF0702E7F9131817F40D0C13FFCD
:10C330000F000E1EFA020F160207FD04F8FDFE1E86
:10C340002015F4CCE8DDECFE070204FE021E04FC1E
:10C35000F1190206ED020FE2E2F0DFFF0017F90625
:10C360000A0E080A1A010AF5FC16FA0EF603F2F094
:10C37000E6E1E2042305FFF9FA13FED6FF0517FEF6
:10C380000D0306FAE6F9EE05ECF1D3F50AF613F61D
:10C39000070306F7FB06030F15F8F6FCFD1109F578
:10C3A000FA1AF2EEF9C40D03020DEB0F05F30FDAE2
:10C3B0000F0607060EFBF829053DE700EDA601FF75
:10C3C000F820030703EA1AF72EF70B14FDF9D2EE53
:10C3D000033DDDECF0D3140FFB1C00FBFF260B1B11
:10C3E000FDFD0105F9FFEAFF1C03E8DB1621F0FD66
:10C3F00001080907F81C0218FEF40EFFF2FE27BB25
:10C4000011D8FD05010C05FB0706FE09FE0F090EFC
:10C410002A0A0AEFDDFD070D0401DFF6E508F20D3B
:10C42000080FFD06FC0B1304290805D5F0F6F1E80A
:10C43000031EEEFBDE05E909F8070812FD070A12E4
:10C44000FEFE07FBE3F9E7F810100700F4FB02F724
:10C45000F9070FFAF4F703EAFBFEFB00130C01C423
:10C46000E20515F4F2000103FC0F0B05000BF6EAE0
:10C47000FEFD06FF010C1FEAED07A70B1CE317FEEC
:10C48000080709EEF8CC14F6050004EA0A1107CFF4
:10C49000EFF9C7DFF203090303FAFC0902DD050720
:10C4A000F7F900F5FFFD10F703D9FDE81A020103C3
:10C4B000FAF3F1F5F7FCFC06000713F5090201E7B2
:10C4C0000CDCF2F8DEDA0BF9F90804F303CC06F41D
:10C4D00010FC04FAFEF6F7D1FAF92CF50EF9F9FD85
:10C4E00006040202F4F0051807F207EC07FEFCE769
:10C4F0000FEF100300DE06F000FDFF0A0600F51541
:10C5000014FFF5DCF9F506E914061F01FBD1FDF671
:10C51000F901F7E50121FD08010600FF02EE01B473
:10C52000F4FA252AF03603FA0A03F6F80CECFC1BA1
:10C53000EF0E0300F4F0EBECFBCF26E5E63F0B0B30
:10C5400003000B2109F50814EB11000101011B097F
:10C55000F4F3FC17054DEBFDFF07000FFE11EEFC99
:10C5600010FCF30F10FCD8F81A2107FEFCC403F6E8
:10C57000FDFEEFE008DBFCF4F704F302ECEDCB0D7D
:10C58000D01406ECFFF6FB0106F8F8D901CE091C21
:10C59000EB0303FB08F3E139040042F50AEF06F769
:10C5A000FFFBF514FCDFF5FF11FC0901E20A0F2A7D
:10C5B000021BFBED0ADC13FAF511090FFFC5FD00A4
:10C5C00012EA080BFAFF0BFBE7161004E7EEFEFB7E
:10C5D000F806F9FDF8E1FBFF040A07F9FDFDF74A4B
:10C5E0000107E90D521DEDFDFAF9F4E502CC07054E
:10C5F00001FAF72DFCFADC37FB1825E6491A0DFD88
:10C60000040102D3FAFFFF10F602080BFC070E2507
:10C6100008FF1501070219F2FFF502EBFF05120EE4
:10C62000FFFA07FEFAFF08240EFE002DE0120DF7B8
:10C63000FFFE03ECFF19F201F30103EAFCEC0CFF2F
:10C640000AF8F401040DFB120304F9E80B22010BB4
:10C65000F304FD0D0C01F208F61AE506DE180B0FC7
:10C66000FE190910F2FCFC09F80BF2FEF1F8FCF1DE
:10C67000F105F6080AF314170212F6E5FDF110EBC6
:10C68000E70605DCF80F04F9020DF8FB12FB02FFC8
:10C690000004FBF401FD0A0706FBFAEA11142BCD96
:10C6A0000508F5F9F41E0B110017F700FAF812E06F
:10C6B00008FBF8132201F0100166E0EADE0E07FB2A
:10C6C000F50AF92B02E120D83DEB0E15EF0EF5022D
:10C6D000032FE8E6F6ED0CF2040DF3D5FB3008026B
:10C6E00028FEFDF7FD0EF7181B1215FF150A10F2B4
:10C6F000FD0602F2FE2FFF1D0C1C0317F61C07D4CB
:10C70000F9F8F1FA15110FE501070409F20913E12F
:10C710001FFC060EFBF90F15FE18E302EBF6E6030D
:10C72000061400F7F616080A181B10F5F6120AF69A
:10C73000EEFABDF7E919DF09FE070B00FA2310FE38
:10C740001CFA11E91505E2060A1F0FF6E5020509B4
:10C75000FE0C03FD0601FB14F300F515FE01E2CA11
:10C76000FC040FD0241916F809F8F8140A1102E88D
:10C77000E81AFE03FE0420B4FD18AD0433E30803F9
:10C780000313F51200F005E70B0B09E50FF9DAAA20
:10C79000E8E6D4F607F40CFB080D04FDFBC40746DD
:10C7A000FB050911EB0D0CE824C7FABA01E103FD02
:10C7B0000404F9F210FC01E8070D0305FD090AF075
:10C7C00011F1D4F8061EF5F4F80207F603210B0C5C
:10C7D000F4060502F9FDF5EFEEFCFC160719FEF76D
:10C7E000030E0AFB02EF0F00040FF811E9F1E9DA7A
:10C7F000F309EEFC3D2B0AF8FC0602E409EC04F414
:10C8000008F80A05ECF1EFFFFF06D4EEF8D511F7B2
:10C81000F207FCE702FFF6FD05F70D01FAF6181521
:10C8200018F5C2F401EBEC07FCF90104090411E767
:10C8300010FC040807F7EFF7EA27F3031005E2F806
:10C840000007F513FC0F0A0000FC0506DF0602F6E0
:10C85000D80702F70400FE05F80AFEEFFC58023480
:10C860001BF703E8FF00CCE51CFFE3F60D1A09FAFD
:10C8700004FDFAF8091A0815040E0102EE110FDA88
:10C8800014FB03040B0F09FBF9F9F9E4050309157F
:10C890001A0404E5EFFD0312EB22F3F5F10604FDA3
:10C8A00003FDFE16FA1FFEFC050D00DEF80EEEDBA2
:10C8B000E9090600F5F1FF14F50FFD1007EEFC0283
:10C8C000090106DDF101DFEAFF3008FEEBF509FEA4
:10C8D00005F707F9FDD9FFF305F8F7000A0AE9079C
:10C8E000EC0EC7E80F060BF60A02F8E203F20DEFB2
:10C8F0000111FBFA13FF0904070E1005320D0DF7A5
:10C9000001FEFEE002E211F5120E0CF503EFFAFE55
:10C91000DD0018F0FAF01CFCF90601FAFFE60C083D
:10C9200016F908EEFC0CF9E806DBEBF3FBFA060758
:10C93000FD0AFFF70F1F01190206000AF8032AF08B
:10C9400025CED1FE17D1F91BFA08FFFD031BFFF01E
:10C95000FF02FDDC0708FCDEF4DCEB0B0DE9F4F86C
:10C9600002F5FBD7FF32F4E9F1FC03E1220421F9DF
:10C9700001D0E62325C71207FDF003C2031403F319
:10C98000E3F0FBD51C1241FEF1CCF52CFC0F110994
:10C9900002F9F604FB43F1FCF20E06EBF903E8168C
:10C9A000DBE50E040300FFFCF3EE0408FF17EBEADF
:10C9B000E50901F411100AEFFEE3DF014700F8F08A
:10C9C000F7E303E00323F309FC0E02F30E0502F282
:10C9D0001AFCF22019530204FFFEFDD6070F030FC5
:10C9E000EE0EF009F704F9F90213FF0F1F2216F7F4
:10C9F000020EFDF50A0705FFF403FA210507E11110
:10CA0000E302EFE1FCF5030BFFF60816F5ECFAE2A2
:10CA100004F8FCEB120504DE1327E2F1EA0EEF0C3A
:10CA200000F5F01006F202F6020AE8050AE821F81D
:10CA3000F926FC0F0429EBFF01060CEE07FC10FAA7
:10CA4000180FF81601020018F92DE4F6060B21FE66
:10CA5000FA07FC020F05030219F6F30AE701F217C1
:10CA60001A01F7E3DCF8080205FDF71908F005FCE8
:10CA700009F7FDF0E4F314F6F60AF2FEECE7EC0930
:10CA8000FA0000FEFE1806040BF40A000A1707EF6E
:10CA9000EA0001FEFFE500FB07FE0E0200F20213B2
:10CAA00004F2FC08FD07F6FEF10B0CEB1CF90F0677
:10CAB0000A06FE07FFEDF70C03F8F401F7F704EBA5
:10CAC00009FA090FDF01F9060A04EFED04F209077C
:10CAD000031001FEFF09070B03E319FCBFFB16015E
:10CAE0000500071301F505FA040405FBF7F7EB0E43
:10CAF000F4FD1400E505F603F9FE062009CA12FA52
:10CB0000FA010A0609FDDEEFE81C12F800B21AF875
:10CB100011FDFC15F9E30CE911F5051D04F709F900
:10CB20000901E1C7210F08FFFCFEF0F005E2FF1C40
:10CB300002FDFD050EF2F41DFE2C27F8F712070F7B
:10CB4000FA09FDFE00D308EB1DFAF513F8F3F8041B
:10CB5000F00FE8EFF4031AFA140303E8092508219B
:10CB600008091DFEE106F70C18E6FB03240901FC89
:10CB7000FA0602E6FA390824FBFF1309F909FBFA61
:10CB80000AE9EDE5162C12FDFB1004E003030DF39A
:10CB9000FCF90A23EAEF0524E9D4E50F4C32EB0156
:10CBA000FDFA04FB052217191611070EF410D5FF24
:10CBB000F6FEE30E0800E9EEF60AFA0FF91609FE92
:10CBC000060FFAFCFD10E30A0A07F2F4FEFC070D5B
:10CBD0000509FBECFEF9FD09F814F508E6FBE6B4DF
:10CBE000F4062BE6FC0DFF01FB0403FD0216ECE945
:10CBF0000005F10A0E0715E5FC1EF1E916F009FD26
:10CC00000616031EF5E220060C00FFFA0708E6DC14
:10CC1000FAF71CEC17F90502F8040AFB09F4F525EC
:10CC20000F0708FFEBF2F4D626F901C8FCF20A015F
:10CC3000FB08F9F50BE40AFD07FFFDFCF6021515EC
:10CC4000F00FFDF1F9D20803FC040A0EFFE509F725
:10CC5000F8F8FB030F01FDDAFFF512FEF9D207FE2B
:10CC600002F704F0F9FFF4DAF9F300DD1A03270103
:10CC700015D7ED0BFCAA0602FBE608E9F520F9FC46
:10CC8000C50502E0261B2D07FDCAF6190813E6FDAF
:10CC900008F802FDF92704F7F111FEEE13040F0F57
:10CCA000E0E8FD16FAF30EFCFDEEF9140C05F2F9BE
:10CCB000F80F0AF5FB1304FE08DAE4031A1DF1FA73
:10CCC000F4F500EF0716F609ED0D02EC240900005B
:10CCD0001FFFF51516FCF700FD04FCFB0112F7071A
:10CCE000F00EF3F0FC00ECEEF61BF2FC101316FA5B
:10CCF000000A0AF1F5FEF9F4040AF109FB05E2065F
:10CD0000EC1EE5E7F6E30D070308F1FD02E3FEF094
:10CD1000F4FFF7ED1406F81423081CEC16FFFDFBD6
:10CD2000FA05030A03E305FF1EECF4F700F10C0D0E
:10CD30000C1A1F08091AFCFBFA0A00FEFBE7FF0F9A
:10CD400017F5F313F7F3E300FF0D04EAEEF8F4012F
:10CD5000F50404FBF505050D0DFA0325F1FBF80BB1
:10CD60000F07ECE9160B0506F80C001104F0FA1297
:10CD700006F1060AFA030AF407081806010AFC0479
:10CD8000000FF705F510F9060B0A090C010211074F
:10CD9000F90E050707F1F602F7FEFE12F91E031A57
:10CDA000EAED0C08F2FDE70CFAFF0705F9EEFE01CB
:10CDB000F903F90EFEFDFF0DEEF9F5F5F20609FA9D
:10CDC000EF03F611EFF90D0009FBFD04FBF506F387
:10CDD000F700FE01040513FB0800E6FEF9D2091274
:10CDE00006F7FB24FBF50ADFEB04EF04100B1C0134
:10CDF00003FEE7FCD3B0130602F90604FAF9FEEBD2
:10CE0000FB0604F1150D20121E0101F7F5F9E702EA
:10CE1000FDFE04FFFB210E02FC040201130D0105BF
:10CE20000105F0F60FFF0D0104FFFB05F70DFFF9FB
:10CE3000FC01FBF618FBFF130D0CEEFBFA1D040BB7
:10CE400002F8020DFFFE04ED02F808E505F90A07F5
:10CE50001B01E5FEF2F303FFFD0007FC001709F5D7
:10CE600002F6F6EE0B1212F108F6EEFFF905FC00E1
:10CE70000304FAFEFE0F0012FCFCFEF60612EDF8AB
:10CE800002EFEFF6020308F7FFF90111FC1EFD07A0
:10CE9000020303F7F90009090800F204060B050A6A
:10CEA000F802040E0B161903090205020E080EF80B
:10CEB000FD0502FC00FFFD03FF0001F901080B0363
:10CEC000F8090DFD0B0E0FFDFEEDFDF8E505FA0767
:10CED0000908FC07FF05FF0A01F60200070DFCE048
:10CEE000FA1206F901000DFCFAFBFB0BFA0A01F03D
:10CEF000F20306F80D000BE407EEF303F4F0F80874
:10CF00000CF9FB00FEF20CDEFC0DFEFF0A0302F042
:10CF1000FCE8F70FF9F70502060B0000FDFE05EA35
:10CF200005FD0BF506FC0F0714ECF4FAFCF7FE0305
:10CF3000FEF8F714040001F5FF0503F4090200F8F8
:10CF4000FBFBFC1BE0C1FE0108000B0508E9F3DB5D
:10CF5000F50601FAEDFDFB02F4FC09EBE2D213FB4E
:10CF600004F10612F5F704F2D607FCF209113507B1
:10CF7000FCD3EADCC9E8E90DF0EFFD23F0DFFC09A2
:10CF8000E51503EC0FF7111506F7FCF3EAC9E7FF07
:10CF900010FB0606FED704F3F5FB02ED1B15FBF3B1
:10CFA0000806ECF51D19FFEF0601FCF9FFF7030871
:10CFB00002F9F2F907F5EF351111140D130923FDEC
:10CFC000FFF509ECFAE6FEF1FDF6F5FB0E0209218C
:10CFD000340FF0E7FCF216FAFD03F3E602E618F16F
:10CFE00003ED07E7F000041615DEFFE5FCE4F9FFAA
:10CFF000FBFEFEF8F806FE0300FEF4111BFD09FC23
:10D00000200718F80A0F0509EE00FDFBF91D0307BC
:10D0100009050E22F100F018FBC60100152108FFDA
:10D02000FFFFFAEAF60105F32DF80026FEFFEB01FB
:10D03000FF2A11031C020A01FCF10204FF05F6ECB1
:10D04000080BFD07E8F4FA030A180EF9F400F301DF
:10D050000E0EF600FBF800FC070009F003F713ECD6
:10D06000E7291305F5FAFCFEFD13F6FBF60B001598
:10D0700001F5FC140405F2CD0AF911FDEFF4F203F9
:10D0800003000CFC07EA0104F6F805F2EAFE0DF3D2
:10D0900001FB2211FFFD0E05050203F303E601F477
:10D0A000F9000E06F1EB01F10A19FFF5E0FEE900C7
:10D0B000FA0501F8FDF603ED0B03F20EF203030986
:10D0C000EB2C000D11F5EDF2FDFF01EB0614F4075A
:10D0D0000206FF01F4F9F2F8EBCC0D11192BE1F87F
:10D0E000090A00F10008031508050706EDF3E3FE41
:10D0F000CF03130E4249FAF9EF2300F7FEDD0705CF
:10D1000015070E1BDFF6CDEFF41806FD1EDF290C08
:10D110000008061B09EDFCF300EAFE12EEF0E8FA47
:10D120000A11DEE30200F8FF020EF30C09F6ECFC34
:10D13000FBFAF40803E6FC05DE0C0FFCD9FAFE0747
:10D14000020FFBFBFCE00D001104F826F4FBEB0FD3
:10D15000DA0AF9F8090710FF020F02090724100E76
:10D1600007101013F217FA1A0ADDCF1A22FBFE0677
:10D17000FCF3FDF00D17FF2204FC27E8F4F711FD86
:10D180001EDEFAE9040E00050CFCFCEC01F707F8C2
:10D19000FFFF0809F6F9030BF706EC08350DFAF264
:10D1A000F20302F6F90A0117F60B0304F201FCFA86
:10D1B000F7EA0416010006FDF005FD02FA1903085E
:10D1C000F30005FBF400DDF809E5E9F61BF20107C1
:10D1D000FC01EFDEFD0F01F8E6020707F0FB01B9E5
:10D1E000FFE70B10FD0501F605FB04EF031009FD39
:10D1F000F6FEFC0AFE0D14EFFD02FEFCEF0901062F
:10D20000FE0E0311FA07FD140E0AFE0DEBFE07E1F8
:10D21000EB0807F30F10DF0D01FBFE1BF3F2FD0718
:10D2200001F907FA1405F5EDFA09EDF1EBF8FA0545
:10D2300000F9081902D702ED0714FB0116090A0AC2
:10D24000F811E7051B02F8F703FEFEF00904FDF7ED
:10D25000EAFFFEF502FE060F00E8DB0A0801F8F01F
:10D26000FFF7FDE1F31BFBFCEF03F9EF02011A0CE2
:10D2700003EE041800F5F7FDFBF303FEF80406F0D7
:10D28000F6F4FB0B0111FBFEF0FCFA10F6F60CFDB8
:10D2900003F8FC1A05FB00E4050607ED0204E91695
:10D2A0000B08F806F5F8F00002050AE80222FCEF88
:10D2B000E9FFFDFC030008F6FBDACC131C06EEFECA
:10D2C000FCE9FCD9FF160005F7FE01FD120903F287
:10D2D000F2CEF3140D11FBFBFD000301FEE003FD94
:10D2E0000809F7E5FB0614E1E103170AFD080F0E34
:10D2F000FF00FD1C05E3FEEE040300F20F0E080B19
:10D30000F513DFE0F4EA0AFEFBFA0CFEF9FFF5E89C
:10D31000F1F2F6F0211C1AD21AFBB1F419F5F7F864
:10D3200002F9FB1A02E4FEF5F809E3EF05FAEFEE65
:10D3300011F1F407040504000D0203D904040901E6
:10D34000F700FAF6FBFD0802F2F20AE70C0304FC10
:10D35000FD07FA0204250E0F03FC08F1000D0BFC7B
:10D3600005DAD2F1F1F009040808020FFDEA031012
:10D37000F9FF06EA090D00EB181724EFE401F402A7
:10D38000FEF8FC1608E9040EF8F6F2F9FDF7F8F9D4
:10D39000041810E808F70004FF06F4EFF81600F888
:10D3A000EBF8F610010C0902EDEBF0F106000FF9B5
:10D3B000FD07FFEAF51BFC0FF202FEEBF9EBFBEFBA
:10D3C00019E80D02FD00F5FDF50BF206FEF0F1FF88
:10D3D000020802FCFAFFEC01FAE935010C14E9F24B
:10D3E00002F601060CF00413FEE90F01F301F30647
:10D3F0000AFE0DF31B1D0C10F6F6081703DB05F4EF
:10D400000CFC14FEFBFC1E072011E8F0FBDC000105
:10D4100006FD010E04FD0BD7F7FF01FB010D1410F3
:10D4200014E6B9EA0430F4F605F906FD07F7F21040
:10D430000CFCF8FCEAF0F20AF2E0220917F705FA10
:10D4400000F9EEFD0F07FC08FAFCFA17FCFFEBFAF7
:10D45000EF0BFD08FB1F010802F4090301FCFE09A4
:10D46000EF130FF9050317F80D0407122F07FBFD43
:10D4700004F0F6FD10FFFE09FAFCFFE20805FFFBD1
:10D4800016FDE3FBFEF80001FFF801F904FD0C16A0
:10D49000EC02F31301F40107F6FAEE0B0BF50D069F
:10D4A000F70C04FF0808061601FBFE06FFF7E4ED83
:10D4B000030F181104EB11F9FFFDF811FD07FA0D28
:10D4C000FEF50400E7FFFC00E907F5FE1012FCFE84
:10D4D000080106F6030CFDFB03F9F1F50CFFFAF267
:10D4E0001307090CE004FB000800F7ECFA00070240
:10D4F00002F5F30BE703181EF8F23301F01C08FDE8
:10D50000F90606EC0F12FCF902060907F4FC0C34CC
:10D51000000CFC1AF10AF600FD0607FFF12EF6E7F3
:10D5200012050AFBE4EEFFF5E0EDD812F5FBF7FC7F
:10D53000F80AF103030404EAFE0106110A0901EEE8
:10D54000F00B1D0501F903FDFDFEF7060508FDF9C9
:10D55000F8070A05FDFB00E8FC01F309E608EEFB0D
:10D56000FD00FC0211FBFDF606FC0AF206080FF4B2
:10D57000FCF0EE030704FA06050207F1FC01F9F1DD
:10D5800002F9FAFAFBF6F500FEEDFB020AF20707D4
:10D59000FAFAFF020403F7FE010803FBFA01EFFBAE
:10D5A000F30B050011E909F707FAFCFDF7F2F802A1
:10D5B00002F7FC0101030701FCFDFEF5F6FD05FB8A
:10D5C000FBFBFB06060302FE0A030603F1FFFF0551
:10D5D000FF0CFA000104F70505030805FCF507FB3D
:10D5E000040B010004070CFF08FBF8FD010BFC080D
:10D5F000FE02FCF507F90702FF0A071001FD100CF7
:10D60000FBFFF80801010400FC0303F7FDFD06F928
:10D6100001020210FCFA0605FAF4FFF8E7FD0CF52A
:10D620000608030000FCF1F4EEFF02FAFA01050916
:10D63000FDF7F9FD0D0000FEF7F604000DFF0407ED
:10D6400004020CFD1108FDFE0902F8FC1607040691
:10D65000070DFAF7F8FD0403F8070501FFF50501CA
:10D66000FB02041C020902FD000702FBFA0304008E
:10D6700006F9FEF7010DF8120001050901FFFD038F
:10D68000FE0600F9FC08FCFAFF09FD0B0709F9F694
:10D690000002F001F9080CFEFC04F10403F800FD9F
:10D6A0000005FD05FB02FFFF051300F8E104FAFA8F
:10D6B000F6FC04FF03FE000902FDF7F20805FBFE7D
:10D6C0000D0301F8FB19F606020908FBFF1BFB0816
:10D6D00008FC0302F805FEF8FFF7080BF8F6E7F57B
:10D6E000FC09F9F9020902181DF60919F3F3F712FA
:10D6F000F403FC12FA3BFA0102100809FEE70D11CF
:10D7000004FF0412EF00E709F62C07F303F91206F1
:10D71000F603010905EAEFEB03060907FA03FC0B20
:10D72000FA0AF8E317C3FE01050803050BF9F70B26
:10D730000BFB050C07F4FD01EA0C14FEFBC1FCFF1A
:10D7400007F2F6F904E90AEF10F9FD1EFD07FC04E3
:10D75000E0F1E808F3DB15FC04FC1004FE0BF9090A
:10D76000FC07161AFE04F6F90EFAE409F343FB0B64
:10D770000D0806ED0102F31CF6FB13F5FF06030E80
:10D780000AE802EA091AF6F8FF0306E911F201FEB7
:10D79000FA00FF0BFCF10421F7F30E0A2914FDFB3C
:10D7A000050207F6001AFB16FFFC04FFF4F3FA0D5E
:10D7B000F3E2E6000C0A00FEF70101060313FC0881
:10D7C000FE01F2FEF803DFFD06F4F5FC12F6ECF7BD
:10D7D0000B0702EE0506F8EFF60BF50C02F502D189
:10D7E00003F813F2EC0902F705FFFEF5FA20020236
:10D7F000FE010111EAFF01E8FADFFC00F0FA02F98C
:10D800000102030206F6F8FE0F02F20E00FB02EB25
:10D81000ED000202F4FEF5FC05FCFC12F5EE00F151
:10D82000FEF9FAFA14FD00EDFE0CF8F8E7F4F8033F
:10D83000FB0500FEF8EB04DA04FC08090EE705011D
:10D84000F511EFEDC6C8FF040FF2F8F900ED04E59D
:10D85000EB0805F301FF15F301F3FE01F7E2FA0A05
:10D8600000F3F81905FDFEFCEBF307DC250C0FE7D0
:10D8700006D40006F5CFFCFEFFF8FCFE0316F8F414
:10D88000E2020EDE0F0E24FE08E5EA170B20F1027D
:10D8900001FCFAF6FDF6ED03F1FF05E10A0D0103C7
:10D8A00004EFF30704EE11F901FDFCE905ED0DFBB2
:10D8B000F4FBFDFA0BFFFE0A0AEEFFFFFE010FF27A
:10D8C000F7F9F805F9FAE8E9EF01FEF2FAEC140CC1
:10D8D00007DEE611F73FFFFB02FD08DDFE000BFF50
:10D8E000EC03F5EF1201011401E0EAFE163709F925
:10D8F0000802FEECF8F8FDED0303F8F1FF02020D5B
:10D90000FF0FEF24F6150EFFF4FEFBF2FE04FC02FF
:10D91000E9FEF404F8F808F801F3E0F90D0BF30B55
:10D92000FBFA000FFC13F8060507F11D0A091B029C
:10D93000020C04060AFEFEF8F90205FFFBEDFB0CE3
:10D94000FA0AF3100204FF01130C08000E0906077F
:10D95000FB03FE0100F4FCFB0B0AF80DF6E8F818D7
:10D9600005030C03FEFF06F70B0901F6FF1A090C6D
:10D9700002FBF3FDFE04FCF00306190CF2FAFA08B0
:10D98000F90210170101FE0CF3FE0500FCF010FE79
:10D99000F0042900EDF9F601080904140C00FB025B
:10D9A0000302FEFB0FFFEA0BF314211DDC1502F648
:10D9B00005FEF702F9EB04000C0B040CF909FB0758
:10D9C000E71727F01AFA0E0D0EF40102F400FEF22A
:10D9D0000BFE04DDFCFD04E9FDF7E301210E07FE6B
:10D9E000F4001008EFFD0512200C09F40101FEFD02
:10D9F00001F608F3CC1702FAF9020CEE01F7F60370
:10DA0000FF09F0E31C11EE01090A29F3052BF3E5E8
:10DA100008FA02EFFC15EE1B000AFDF1EBF2E3AF92
:10DA2000C70F5513F8010CF100F8FE10F4010B12AA
:10DA30000601FCF505F4FBFD0218100ADD11FDF8E6
:10DA4000FE04FD0302D9FE0CF40801EEF3062707DD
:10DA500014030CF2FDE6E4FF03F91008FBBFF6FB2C
:10DA600006EE01111608F0110F0EF4F4E1ACEB0113
:10DA7000F3FEFAF9FDD2F7ECF9FBF01CFCFBF51014
:10DA8000E3042C1B10F601FCFE0B12FA0BF9FE1C32
:10DA9000FC100307F700E00606023FF7FEF214FB56
:10DAA0000306060FFCE90814D6FE0AEAEB101B2554
:10DAB00008010CF2D6E113FDFEF3FA0705DBF7F0DF
:10DAC000FC0101002519121014F00509E7E1F3F932
:10DAD000F3F1030AFEC8FEDDF9040AE5060DF4259C
:10DAE000FFF9EA222BF5F603F20B04E103EEFD1831
:10DAF00009F7FC30FFF1E41DE9FD35F11FF90301E1
:10DB000001FEFAFAFF11FCFEEF021602F40BFB080D
:10DB1000FFFD2910F3141E09F7EC03F7FBF0FE0CD0
:10DB2000E106110A0E06041D4518071B050FFCF837
:10DB300010F5F40601FCFB08FC02FDF1F9F427FEE8
:10DB4000FE1EF4DF00D20D05FC07010206E0FDF920
:10DB5000F3F7FFE60CF9ECFB0AFB0BF700E7F20525
:10DB6000FAFFFE0AFAF2000B06ED07000504FFF6C5
:10DB7000FD0A0FFD4546FB0507F8FC0701170412D7
:10DB8000050405EA00010E0F0B1D0C0A0D060B061D
:10DB9000040602ED0310FBFCF905FEF4060CF30F7E
:10DBA00015000EFDFF1C00FEFCF9FCE108F9FB0668
:10DBB0000C02020FEF08F7FAFEFD15FAF10E0DFE4A
:10DBC000F70000070901F6FBF80B0FF4FFFB170243
:10DBD000F40015F90240FB040BF60215F609F5D026
:10DBE000EC050804151600F702F305060221FE0CE9
:10DBF0000BFE02FFF9DFF7DD03FB0AEEF7F309077F
:10DC00000C02F732FA02F7F8F5FE03ED0AF9F90C07
:10DC1000F705FD0608FE03D6FF031913FB07F1F213
:10DC2000FDFB05240B17FEFFF6F1F5FDFBF410F9E3
:10DC300003F8000F04E3EB0703FAF9EDFDFDF41818
:10DC4000F20104F4F60C12F601F402FBEB0BFDFA00
:10DC5000FB06F80100010712F0FC050002F50CF4C8
:10DC60000BFDFA20C0ED05FC00F1FCCB030807E832
:10DC7000E9F3F905EFF7111CEFB7FD0BC6FB08FB45
:10DC800001E807F40510FED0ECF9001002094BDDA5
:10DC9000D4E1B60ED3EECF1103F4F50CF50405D59F
:10DCA000F4F2F9EB0C1C05F6B4E6FA25F3F2D4FD18
:10DCB00007FAF8F501EAF4E1F9EFECFC070AF3EFF3
:10DCC000C4F5133503D0FB0EF4F30904F6E9F2EBC7
:10DCD000E9FB0BF9F5FC14F8EDD8F003F3C71C0AC7
:10DCE00004FC0AFDF60503EDE91315E6F9141E0B15
:10DCF000F7D3BDFAF513F902FF03FBF604F9051398
:10DD0000030BFCDE01010314E7EDE9F1FBE8FB0383
:10DD100006FFFFFBF9FD01FC0908EFE2030EFAFA2A
:10DD2000E8F90202E332040310F402F3070EF8E309
:10DD3000F90CFD06F308FE08F9EFD80AC5DF0BFA67
:10DD4000EE08FB1AFFFAFAD0F612F9EE0EFEFDEE1F
:10DD50002235DAF1F2E10BF8030900F6FB00F901D4
:10DD6000EBF302E905FDFE012FD6DBF0FBEBE3024E
:10DD70000AF4F6ECEF05F8EFF6EC08FB090712D011
:10DD800025FFF2F907E5F6F60A0AFB20FD030B036F
:10DD900011FAFDF0EEEEECE20536F9DBD4F8F6F818
:10DDA000FE060304FAF002152FFDFE080DFBE8DD68
:10DDB0002B3B2AE5DB0D010408FC010EFDFD080AE2
:10DDC000E903050CF0F902F9FF0DF0E91C28FBF856
:10DDD00005F3F70BFEEAFE0B0606FDEE07F90AE671
:10DDE000041F353217EFEF07F20AFCF1F11400F4CB
:10DDF000FDFE22EE06F6F90EEDCA30F2EA07020049
:10DE0000F4050DDBFAFE02EA01E81D09110B08100A
:10DE1000F6E01608DEEBF10504FA0DF7F9DA00D8A2
:10DE2000020A13FDF9020001C7E5F71EF7FAF3F93C
:10DE30000206FE04FDF0F5FA00030010140DEEF7E3
:10DE4000CE0E2F17CAD0100109FC0606F301FFE51C
:10DE50000107020409FE09F7FD08DFFFEADBFC0801
:10DE6000FF16F81600EE1AD2F8FEFDF9FC051DE2C9
:10DE7000F4DBD2FFCCF10A090BFF05FC00F106E749
:10DE80000002EC0310FD08F2FEF8FC0419F409018D
:10DE90000E10F8EBF9FB06020CEEFD010E0109F67F
:10DEA0002102D6E51CE50800F903F9FD02E6F6F3C8
:10DEB00007F9020F1BFB032D021FE0E5F424F61106
:10DEC0000F08F80E080700F61FF20B22FAFB030DED
:10DED000F105DCE5EAF70309F71B01080221FAFA6C
:10DEE0000CFB050AFD13F50610F1EDF2142AF6F706
:10DEF0000C0804F5FC31F62003030306F7EFDDE719
:10DF0000F2E706060D24121404F9F3E00A4D0B059E
:10DF100001F8FDEBF0001105F2ECC9032527F4FF31
:10DF20001109FAF5032C0DFAF20B03EEEC0AF9FADB
:10DF300000EAEEFBF705F507FB080316F9FC0DFDFB
:10DF40000205FBE60018ECEC0CF62A0702F2F901D8
:10DF500002F5F6F8FFF6FCFBFC00F004FC00F3DD34
:10DF6000E907F8F701EF060D01080005F90BF6EADD
:10DF7000F30906002C0833C5F404D60A3FEE070C5B
:10DF800002080AEBF5EB18F904FEDDEC21F8F4C801
:10DF9000D9D80FF928ED18FAFC05FB0FFDDA060EAB
:10DFA0000FF301E60301000713EFFBE12400070470
:10DFB000F3FF040B0311FBF8F5F507FE0A0B190735
:10DFC0001CE8E916FB270005FB0BFE01F9EC08F540
:10DFD0000205FCEBFD0108F9FBEBD903FBB80F0CC4
:10DFE00004F9FDFCF5F601E2FC03FBEA180F33F23D
:10DFF0000DDBD2F9FEC2FFFE02FB0F05072604EF80
:10E00000F40507EE0B1D493102D8EB08EF15E400CB
:10E010000B0302F3011603FD08FEFB010C0BFDFFD1
:10E02000E6E6F60909E610F6FCF4F5020209FFF04F
:10E03000F80210ECFF00F10B05E2E516F81B1305E2
:10E04000FDF5F407010EFFEDE602F3E611F515FE0E
:10E050002508EC0301EAFFFFFBF804F3061704E9C7
:10E06000EEF9F1E41A051CF90CE7E5010B01FBF4EC
:10E07000FA0209F5FE0A0DF2F6F0F10004FEF3F3E0
:10E08000E309E20C06FE1303F90A0A0100F6E9149B
:10E09000FA0600F9FBF903E116020B0400EDEFF7B5
:10E0A000FBFF0A320B03F10D0BFB01ED04FA010734
:10E0B00005152417F1F8FEF1FDF1FEFE020EEA034C
:10E0C000EEFCFE02FC0106F20AF1F5FDEEF4F8EFBB
:10E0D000FE000502F5FE000AF104FCF5000302F95A
:10E0E000EEFF1D1AF00803FDFDFCFFF0FC07FFFF2B
:10E0F000FCFE05F4FB03F6FAF9D2F709FFFD01FE79
:10E1000007F004020D0001E3EA051402FE013A00E3
:10E11000EAF0EF11EC06F30408FBFE0D16F1FDE545
:10E12000F5F908F5220EF5F6DA030D3304F70709C1
:10E13000F2F70305FCECFBF1F405F4F00EF00AF73E
:10E14000EBF9FF1C10F8FC07F9020002070402FDBE
:10E15000F80602FCFF02FC01F3FA030AF4040301CF
:10E1600006000106FF00FAFFFC07FE07F904FDFFA9
:10E1700005FE00FEFE04050000F307FAFF0009FD9E
:10E18000FFF5FA03FE0806FBF7FDFD0800F108FDA8
:10E19000FEFCFB06F5FE0702FDFAFDFBF90506F99C
:10E1A00001FE00FCFF05FBF50104FEFFFC0200017F
:10E1B0000706F3FDF902FC01FC0202FA05F6FF0670
:10E1C0000A05FBFEF6FD0605FD00FC000103FE014D
:10E1D000FE03FE03FCF6FFFDFD07FBFCFBF6010062
:10E1E0000201FCFC06FCFBF9FA01FD040DFCFD013B
:10E1F000FDFFFC03FAFA00FAF9F7F7FF0B01F2FC56
:10E20000000200FEFBF702FCFDF900020501FE0022
:10E2100006F903FB0C05FE0501FFFBFB0701F80BEC
:10E2200001FDFBF9FD020604020301FCF903FFF7FF
:10E23000FFFDFAFFF9FF04F8FDFD00FE030105FFF5
:10E2400003FEFBFEFEFFF5F6FBF9FBFEF5040A02FA
:10E25000F501FE0100FDFBFCFD0404F802FB01FDDD
:10E26000FB0207F701F801080802FDFE01FF0202A8
:10E27000FA04F900FF00FBF501010101FF050002AE
:10E28000FBFA09FC050209FA0402FA05F20107FA91
:10E29000FE030006F4FFFDFAFAFD0607030400047E
:10E2A000F701FC0000FD000AFC00030500FDFE0074
:10E2B0000100FE0401F7FD00FFFBFFFEFB030A0661
:10E2C0000BFA00FD10190DFAFEFBFFF00A06000024
:10E2D00002FF02FF02FAF1FE0AF2EE0AEE21F8094D
:10E2E000011905DFF104FA130504FE08F6F8E60C3F
:10E2F000DE0720FF3A450BFFF90F06FBFDFE000D80
:10E3000006F7070EF3E5DB12F91402F204E326FE2A
:10E310000305F7F5FCE00107F5FB0300EFEDDE1A5E
:10E320000EFE0FFDE4E8EF010402020001F7000217
:10E33000FEEFF906FF000DE60A08EE07F517E10CFF
:10E340000102FEEEFC02040C120E03110AFB00F5A2
:10E35000DE0CFBEA012AF9FC0E040121F608051285
:10E360001D14122EF4FB05F50406080CFC241305FD
:10E37000F8FDFEFD0ADE0DE516F906FBFF001F267F
:10E38000FAFC1109EAE1F0030410ED180305050A8F
:10E390000EFA00F117F7EDE4F70A0D1004EEFB0496
:10E3A000FFEFFAFDFDEFFCF7F4F7ECF6F400FBF7F6
:10E3B0001AEEFDFA06F81504FF050801FD03ED024B
:10E3C000FEF8010207FA11FD05EC0A09090EF01327
:10E3D000FDF3FD0D080906EBF6F306ED08FB1BFE49
:10E3E00021FAEC2FE5F3010900F702ED010A07FA23
:10E3F0000EFB0DFCE4F6EF17EBD028F9C81202FB78
:10E40000F3F0FFE0FD0705F8F7000503EAFD13E36D
:10E41000DEECFBF9E400E408FAEDF609040DF5E0A2
:10E42000ECF9EAFDFE0C15E8B7DAD012C9E4E50014
:10E43000F6010A18F6ECF8E400F9EA000AF8F0F040
:10E44000BCF5DD21F8050405FB01FDF0010D00FD23
:10E450000A04F70AF8FBF008FEF105FE240B07FD9D
:10E46000FF050AED04FF02160EF1F9070CF0F70E96
:10E47000FD0C1CF22330F503FD0000F10003FE0F3C
:10E4800013FE03F606FCFC07021909010DF208133E
:10E49000FB0907FAFFF5FB0207F6FFF3F903F61194
:10E4A000FAFB05F8FE0001031007F8F200FEFD027A
:10E4B0000BFEF606FE07EDF100020AF9E608FC0481
:10E4C000FC0507F902EDFDFD1401070A0302FFFC3C
:10E4D000FA0DF9F80A05060C0E00EE03FB0303F62D
:10E4E000F9000B00FFF9060F00F4030BF01000F920
:10E4F000F5F504F9080C0AEF09FF05F1F5F8FD2818
:10E5000004F4E4E807F8EFFFF703F50A03EDFE046F
:10E5100004000C0B0AEAF2F003060D06EEEC000113
:10E52000FDF00AFDFEE7000E0A01E3F2F9F8041817
:10E530001AF40501F403210108F303FDFCFFF516AD
:10E5400007FC09F803F90C1A04D7F0FF0E1AE804C7
:10E55000F8EFFD01FB1CFCF800F3F70209FD10F2D7
:10E5600016F1FF10BF01F903FAF8FCF004FB0405F3
:10E5700013FFF915EEF703F5F0D206FEB609FCFD20
:10E580000AFC06E60519F5ECF1FE060FE6081CD5B7
:10E59000D4D7E60FE6FCE00A00EDFD0E0106F3D449
:10E5A00001FFF0FBF7021CEBBAEBB5F9F3F4E4FD65
:10E5B000FDF7FE0004F0FAF2FAFDF3F20C04F6EFB8
:10E5C000D20BF41F1909070C00000C00FFF4F7F43C
:10E5D00005FAFFFD0600F1060C15FEFF12FC02FF16
:10E5E0000301F600F8E7FCFDF50801FC0FFF15F943
:10E5F0000E0109112D4CF803FAFD07FB0821F50F58
:10E60000F3FC04F4020312080205F9030DF80402F6
:10E61000FC0A020A04100408FA1305E20B09070AAF
:10E6200015F70C010C1FEFFDF706F6F2FE0D01F6D3
:10E630000F0A0109FB08FCFA17040F0105DD04F5B8
:10E6400003F204F904F0F4F9FA010AF7FE0511F9EE
:10E650000AFD1701FC14FF0803FD070A000DFDE287
:10E66000FA0305000E030DF7EFE714192010E6F783
:10E6700000F005FC06F2F7DE09F207FCF307EF06EF
:10E68000F1F7F515F6F703F80CFAFDFE0201F72392
:10E6900003FE03FC0207F9EE00161D08F50702F859
:10E6A00003000C00F912F31B0901FE04000203E849
:10E6B0000AF3170BD8FCFD07FCEC01FDFCFEFB1177
:10E6C000ECF4FC0D080208F805E3EB05F601FBF697
:10E6D0000205F8F7FF030106F2F7FFF40DFAFFE772
:10E6E0000DF41033BF010CF401FA06EEFB090DF036
:10E6F000F6F2070FED0118FFF9BB0705D7F809057A
:10E70000FEE606001010FACDE1F4011D01FF3BE129
:10E71000C2C8BF2AC5F3D30BFFF7FA040304F7CA34
:10E720000F06F1EE1C0E02F4BCDBDC0CD5F1F000A0
:10E73000EFF206FF01F4FEF1F902F0E32D10F3EB26
:10E74000BAFB0E34050600000000000000000000C7
:10E7500000000000020300000000000000000000B4
:10E7600000000000FCFA00000000000000000000B3
:10E770000000000002F000000000000000000000A7
:10E780000000000001DF00000000000000000000A9
:10E7900000000000FD12000000000000000000006A
:10E7A00000000000FF170000000000000000000053
:10E7B00000000000040F0000000000000000000046
:10E7C000000000000AF2000000000000000000004D
:10E7D00000000000FEEF000000000000000000004C
:10E7E0000000000006030000000000000000000020
:10E7F00000000000FA1E0000000000000000000001
:10E8000000000000021200000000000000000000F4
:10E8100000000000080800000000000000000000E8
:10E820000000000007FF00000000000000000000E2
:10E8300000000000FC1000000000000000000000CC
:10E8400000000000071F00000000000000000000A2
:10E850000000000004330000000000000000000081
:10E860000000000000370000000000000000000071
:10E8700000000000FF250000000000000000000074
:10E8800000000000FAED00000000000000000000A1
:10E8900000000000FD01000000000000000000007A
:10E8A00000000000021A000000000000000000004C
:10E8B000000000000B1B0000000000000000000032
:10E8C000000000000E0A0000000000000000000030
:10E8D000000000000001E90000000000000000004E
:10E8E0000000000000E7CD00000000000000000074
:10E8F0000000000000E8E000000000000000000050
:10E900000000000000E9D600000000000000000048
:10E9100000000000000BE600000000000000000006
:10E920000000000000FB10000000000000000000DC
:10E9300000000000002B1400000000000000000098
:10E940000000000000290B00000000000000000093
:10E950000000000000380F00000000000000000070
:10E960000000000000FAFB000000000000000000B2
:10E9700000000000001BFE0000000000000000007E
:10E980000000000000291500000000000000000049
:10E990000000000000201E00000000000000000039
:10E9A0000000000000FE2500000000000000000044
:10E9B0000000000000D9FF0000000000000000007F
:10E9C00000000000000F1A0000000000000000001E
:10E9D0000000000000F6FB00000000000000000046
:10E9E000000000000006F20000000000000000002F
:10E9F0000000000000FCF500000000000000000026
:10EA00000000000000FEF90000000000000000000F
:10EA10000000000000D3CF00000000000000000054
:10EA20000000000000E6E40000000000000000001C
:10EA3000000000000012FD000000000000000000C7
:10EA40000000000000FCFD000000000000000000CD
:10EA50000000000000EA01000000000000000000CB
:10EA6000000000000000050300000000000000009E
:10EA70000000000000000908000000000000000085
:10EA800000000000000002F1000000000000000093
:10EA9000000000000000D80100000000000000009D
:10EAA000000000000000EA1B000000000000000061
:10EAB0000000000000000DFC00000000000000004D
:10EAC0000000000000000E0A00000000000000002E
:10EAD000000000000000FDEB00000000000000004E
:10EAE000000000000000EA0B000000000000000031
:10EAF000000000000000E52500000000000000000C
:10EB000000000000000007F6000000000000000008
:10EB1000000000000000F9060000000000000000F6
:10EB200000000000000006E60000000000000000F9
:10EB3000000000000000ED110000000000000000D7
:10EB4000000000000000E1300000000000000000B4
:10EB50000000000000003FF900000000000000007D
:10EB6000000000000000240C000000000000000075
:10EB7000000000000000160100000000000000007E
:10EB8000000000000000FAFF00000000000000008C
:10EB9000000000000000EF14000000000000000072
:10EBA0000000000000004B02000000000000000018
:10EBB00000000000000027EE000000000000000040
:10EBC0000000000000000FF800000000000000003E
:10EBD00000000000000006F8000000000000000037
:10EBE000000000000000F606000000000000000029
:10EBF00000000000000000E405000000000000002C
:10EC00000000000000000000EC0000000000000018
:10EC100000000000000000EBFE000000000000000B
:10EC200000000000000000F5ED0000000000000002
:10EC300000000000000000FDF500000000000000E2
:10EC400000000000000000EDE700000000000000F0
:10EC50000000000000000022190000000000000079
:10EC600000000000000000FBFB00000000000000AE
:10EC700000000000000000F1E800000000000000BB
:10EC800000000000000000FAE500000000000000A5
:10EC9000000000000000000CF60000000000000072
:10ECA000000000000000001204000000000000004E
:10ECB000000000000000000F08000000000000003D
:10ECC00000000000000000FCEA000000000000005E
:10ECD00000000000000000FF000000000000000035
:10ECE000000000000000000D160000000000000001
:10ECF0000000000000000007070000000000000006
:10ED000000000000000000120B00000000000000E6
:10ED100000000000000000F1F20000000000000010
:10ED200000000000000000080300000000000000D8
:10ED300000000000000000120F00000000000000B2
:10ED4000000000000000000C0600000000000000B1
:10ED500000000000000000271F000000000000006D
:10ED600000000000000000F6FF00000000000000AE
:10ED700000000000000000EDED00000000000000B9
:10ED80000000000000000000F2F30000000000009E
:10ED90000000000000000000F3020000000000007E
:10EDA000000000000000000006010000000000005C
:10EDB00000000000000000000BFA0000000000004E
:10EDC000000000000000000006020000000000003B
:10EDD0000000000000000000F00200000000000041
:10EDE0000000000000000000EEF70000000000003E
:10EDF0000000000000000000FAFC0000000000001D
:10EE000000000000000000001EFA000000000000EA
:10EE100000000000000000000604000000000000E8
:10EE20000000000000000000F9FF000000000000EA
:10EE30000000000000000000EEEE000000000000F6
:10EE40000000000000000000F001000000000000D1
:10EE50000000000000000000230B00000000000084
:10EE6000000000000000000009FB0000000000009E
:10EE70000000000000000000EF00000000000000A3
:10EE8000000000000000000001020000000000007F
:10EE9000000000000000000004F30000000000007B
:10EEA0000000000000000000F80600000000000064
:10EEB0000000000000000000081400000000000036
:10EEC000000000000000000002FE00000000000042
:10EED00000000000000000000EFA0000000000002A
:10EEE0000000000000000000F5F900000000000034
:10EEF0000000000000000000FD070000000000000E
:10EF00000000000000000000FC0A000000000000FB
:10EF1000000000000000000000FE0B0000000000E8
:10EF20000000000000000000001A030000000000C4
:10EF300000000000000000000026090000000000A2
:10EF40000000000000000000001F0400000000009E
:10EF50000000000000000000001DEF0000000000A5
:10EF60000000000000000000000D02000000000092
:10EF70000000000000000000001704000000000076
:10EF800000000000000000000030F200000000005F
:10EF90000000000000000000001CF3000000000062
:10EFA00000000000000000000022FE000000000041
:10EFB0000000000000000000000404000000000049
:10EFC00000000000000000000025F8000000000024
:10EFD00000000000000000000032F300000000000C
:10EFE00000000000000000000022FC000000000003
:10EFF00000000000000000000025ED0000000000FF
:10F000000000000000000000002F010000000000D0
:10F010000000000000000000001EFA0000000000D8
:10F0200000000000000000000024030000000000B9
:10F0300000000000000000000029FC0000000000AB
:10F0400000000000000000000009F30000000000C4
:10F050000000000000000000001BFD000000000098
:10F060000000000000000000003802000000000066
:10F070000000000000000000002A00000000000066
:10F0800000000000000000000004F5000000000087
:10F09000000000000000000000010500000000006A
:10F0A00000000000000000000000FDF4000000006F
:10F0B00000000000000000000000F7F50000000064
:10F0C00000000000000000000000F0F5000000005B
:10F0D00000000000000000000000F4F2000000004A
:10F0E00000000000000000000000FAF60000000030
:10F0F00000000000000000000000F4F1000000002B
:10F100000000000000000000000003EE000000000E
:10F1100000000000000000000000FF0600000000EA
:10F1200000000000000000000000FFFF00000000E1
:10F130000000000000000000000001FD00000000D1
:10F140000000000000000000000002F500000000C8
:10F1500000000000000000000000FE0200000000AF
:10F16000000000000000000000000EF80000000099
:10F170000000000000000000000002F2000000009B
:10F1800000000000000000000000FBED0000000097
:10F1900000000000000000000000FBF6000000007E
:10F1A000000000000000000000000CFF0000000054
:10F1B0000000000000000000000011080000000036
:10F1C00000000000000000000000FEFB0000000046
:10F1D00000000000000000000000FE100000000021
:10F1E00000000000000000000000F7E9000000003F
:10F1F00000000000000000000000180E00000000E9
:10F2000000000000000000000000090A00000000EB
:10F2100000000000000000000000FB0000000000F3
:10F220000000000000000000000007F900000000DE
:10F23000000000000000000000000008FA000000CC
:10F2400000000000000000000000000E09000000A7
:10F250000000000000000000000000F91B0000009A
:10F260000000000000000000000000FE1000000090
:10F270000000000000000000000000CAE7000000DD
:10F28000000000000000000000000005F200000087
:10F29000000000000000000000000023FC0000004F
:10F2A00000000000000000000000001F0F00000030
:10F2B0000000000000000000000000142C0000000E
:10F2C0000000000000000000000000D30C0000005F
:10F2D0000000000000000000000000DEED00000063
:10F2E0000000000000000000000000FCF50000002D
:10F2F00000000000000000000000000F03000000FC
:10F300000000000000000000000000F224000000E7
:10F310000000000000000000000000D41700000002
:10F320000000000000000000000000EAF200000001
:10F330000000000000000000000000D1D300000029
:10F340000000000000000000000000FAF8000000CB
:10F350000000000000000000000000F62100000096
:10F360000000000000000000000000DD05000000BB
:10F370000000000000000000000000F60000000097
:10F380000000000000000000000000C8E0000000D5
:10F39000000000000000000000000000D500000098
:10F3A0000000000000000000000000F6080000005F
:10F3B0000000000000000000000000EA0C00000057
:10F3C000000000000000000000000000FAF600004D
:10F3D0000000000000000000000000000005000028
:10F3E000000000000000000000000000FAFD000026
:10F3F000000000000000000000000000080E0000F7
:10F40000000000000000000000000000F900000003
:10F4100000000000000000000000000001010000EA
:10F42000000000000000000000000000FBE90000F8
:10F43000000000000000000000000000FFF60000D7
:10F44000000000000000000000000000000D0000AF
:10F4500000000000000000000000000003080000A1
:10F46000000000000000000000000000F9F90000AA
:10F47000000000000000000000000000F802000092
:10F48000000000000000000000000000F1FC00008F
:10F49000000000000000000000000000091400004F
:10F4A0000000000000000000000000000105000056
:10F4B000000000000000000000000000FCFD000053
:10F4C000000000000000000000000000F8F600004E
:10F4D000000000000000000000000000F1F3000048
:10F4E00000000000000000000000000006F6000020
:10F4F000000000000000000000000000F8F700001D
:10F50000000000000000000000000000FF080000F4
:10F51000000000000000000000000000F2F4000005
:10F520000000000000000000000000000D030000CB
:10F53000000000000000000000000000F1FA0000E0
:10F54000000000000000000000000000F0FB0000D0
:10F5500000000000000000000000000000F4FE00B9
:10F5600000000000000000000000000000F808009B
:10F5700000000000000000000000000000F40D008A
:10F58000000000000000000000000000001707005D
:10F59000000000000000000000000000000EFA0063
:10F5A00000000000000000000000000000F915004D
:10F5B00000000000000000000000000000C1030087
:10F5C0000000000000000000000000000009EF0043
:10F5D000000000000000000000000000004FE200FA
:10F5E0000000000000000000000000000047E300F1
:10F5F00000000000000000000000000000E80D0016
:10F60000000000000000000000000000000AE90007
:10F610000000000000000000000000000039DB00D6
:10F62000000000000000000000000000004AC800C8
:10F63000000000000000000000000000001ADE00D2
:10F6400000000000000000000000000000020600B2
:10F650000000000000000000000000000013E700B0
:10F660000000000000000000000000000025EA008B
:10F670000000000000000000000000000003EE0099
:10F6800000000000000000000000000000BCF400CA
:10F690000000000000000000000000000006EF0075
:10F6A0000000000000000000000000000001ED006C
:10F6B00000000000000000000000000000EF0B0050
:10F6C00000000000000000000000000000DC150049
:10F6D00000000000000000000000000000DC070047
:10F6E0000000000000000000000000000000F9041D
:10F6F0000000000000000000000000000000F00317
:10F7000000000000000000000000000000000203F4
:10F710000000000000000000000000000000121CBB
:10F7200000000000000000000000000000002D1993
:10F730000000000000000000000000000000FDF8D4
:10F740000000000000000000000000000000FF12A8
:10F7500000000000000000000000000000000AF3AC
:10F760000000000000000000000000000000021681
:10F7700000000000000000000000000000001F1E4C
:10F780000000000000000000000000000000EFFB8F
:10F790000000000000000000000000000000F00E6B
:10F7A00000000000000000000000000000000E0D3E
:10F7B0000000000000000000000000000000231E08
:10F7C00000000000000000000000000000001A1906
:10F7D0000000000000000000000000000000FBFE30
:10F7E0000000000000000000000000000000020B0C
:10F7F0000000000000000000000000000000FD22EA
:10F800000000000000000000000000000000FA0EF0
:10F810000000000000000000000000000000FF00E9
:10F8200000000000000000000000000000000C0EBE
:10F8300000000000000000000000000000000112B5
:10F840000000000000000000000000000000F915AA
:10F850000000000000000000000000000000F801AF
:10F860000000000000000000000000000000FB039A
:10F87000000000000000000000000000000000097F
:10F88000FA0000000000000000000000000000007E
:10F89000060000000000000000000000000000075B
:10F8A000160000000000000000000000000000132F
:10F8B000F700000000000000000000000000000E43
:10F8C000E90000000000000000000000000000F45B
:10F8D0000D00000000000000000000000000000813
:10F8E000020000000000000000000000000000090D
:10F8F000E50000000000000000000000000000F62D
:10F90000E40000000000000000000000000000F81B
:10F91000E7000000000000000000000000000007F9
:10F92000E0000000000000000000000000000007F0
:10F93000DB000000000000000000000000000000EC
:10F94000050000000000000000000000000000F1C1
:10F950002F0000000000000000000000000000F781
:10F960002500000000000000000000000000000A68
:10F97000120000000000000000000000000000EA8B
:10F980003A0000000000000000000000000000F449
:10F99000440000000000000000000000000000E63D
:10F9A000290000000000000000000000000000EB43
:10F9B000E90000000000000000000000000000F36B
:10F9C000060000000000000000000000000000F839
:10F9D000EA0000000000000000000000000000FE3F
:10F9E000CC0000000000000000000000000000EF5C
:10F9F000D10000000000000000000000000000E353
:10FA0000DA0000000000000000000000000000001C
:10FA100001ED0000000000000000000000000000F8
:10FA2000FB180000000000000000000000000000C3
:10FA3000EA000000000000000000000000000000DC
:10FA400001D50000000000000000000000000000E0
:10FA500018CF0000000000000000000000000000BF
:10FA6000FCE60000000000000000000000000000B4
:10FA700013FD000000000000000000000000000076
:10FA80000C3D00000000000000000000000000002D
:10FA9000DE54000000000000000000000000000034
:10FAA000DF34000000000000000000000000000043
:10FAB000EF07000000000000000000000000000050
:10FAC0001FEA00000000000000000000000000002D
:10FAD00033C0000000000000000000000000000033
:10FAE00034F00000000000000000000000000000F2
:10FAF0001F1D0000000000000000000000000000CA
:10FB0000E8190000000000000000000000000000F4
:10FB1000D4160000000000000000000000000000FB
:10FB2000DEFC0000000000000000000000000000FB
:10FB300002F70000000000000000000000000000CC
:10FB400005F80000000000000000000000000000B8
:10FB500015FF000000000000000000000000000091
:10FB6000F3FB0000000000000000000000000000A7
:10FB7000F804000000000000000000000000000089
:10FB8000F2E10000000000000000000000000000A2
:10FB9000F8EE00000000000000000000000000007F
:10FBA00000FCFB000000000000000000000000005E
:10FBB000000306000000000000000000000000003C
:10FBC00000E602000000000000000000000000004D
:10FBD00000F503000000000000000000000000002D
:10FBE00000FFFD0000000000000000000000000019
:10FBF00000F1FA000000000000000000000000001A
:10FC000000F1FA0000000000000000000000000009
:10FC100000E80000000000000000000000000000FC
:10FC200000F8EE00000000000000000000000000EE
:10FC30000015F400000000000000000000000000BB
:10FC400000F2F700000000000000000000000000CB
:10FC50000005ED00000000000000000000000000B2
:10FC6000000DEF0000000000000000000000000098
:10FC70000000020000000000000000000000000082
:10FC8000000F040000000000000000000000000061
:10FC900000F7EF000000000000000000000000007E
:10FCA00000EEF9000000000000000000000000006D
:10FCB0000001F10000000000000000000000000052
:10FCC00000F604000000000000000000000000003A
:10FCD00000141200000000000000000000000000FE
:10FCE0000041F000000000000000000000000000E3
:10FCF000001C1A00000000000000000000000000CE
:10FD0000001B0400000000000000000000000000D4
:10FD1000001FFF00000000000000000000000000C5
:10FD200000091200000000000000000000000000B8
:10FD3000000029F0000000000000000000000000AA
:10FD40000000301300000000000000000000000070
:10FD50000000240F00000000000000000000000070
:10FD60000000260B00000000000000000000000062
:10FD700000000B0600000000000000000000000072
:10FD8000000028FD0000000000000000000000004E
:10FD900000001F0300000000000000000000000041
:10FDA00000000F1D00000000000000000000000027
:10FDB000000000180000000000000000000000002B
:10FDC0000000FD0C0000000000000000000000002A
:10FDD000000004040000000000000000000000001B
:10FDE000000008FC0000000000000000000000000F
:10FDF0000000090C000000000000000000000000EE
:10FE000000000A15000000000000000000000000D3
:10FE100000000D18000000000000000000000000BD
:10FE20000000F410000000000000000000000000CE
:10FE30000000EDEC000000000000000000000000E9
:10FE40000000FDEB000000000000000000000000CA
:10FE50000000F1F5000000000000000000000000BC
:10FE60000000FAF5000000000000000000000000A3
:10FE70000000000000000000000000000000000082
:10FE80000000F6F500000000000000000000000087
:10FE90000000F4F500000000000000000000000079
:10FEA0000000F7EF0000000000000000000000006C
:10FEB0000000F4EC010B07E7000000000000000068
:10FEC00000000000062D15DD00000000000000000D
:10FED00000000000053A0FEB0000000000000000E9
:10FEE000000000000A3221F30000000000000000C2
:10FEF00000000000031719EC0000000000000000E3
:10FF000000000000FDFFFDE6000000000000000012
:10FF100000000000000F1EDD0000000000000000D7
:10FF200000000000071233EA00000000000000009B
:10FF300000000000FE041AF30000000000000000B2
:10FF40000000000009FF23E60000000000000000A0
:10FF50000000000000FCEDF10000000000000000C7
:10FF600000000000FFFFE1F40000000000000000BE
:10FF70000000000002F5EFF70000000000000000A4
:10FF800000000000FF03150000000000000000005A
:10FF90000000000006FC1BF500000000000000004F
:10FFA00000000000FEF719F700000000000000004C
:10FFB00000000000F4ECEEFC000000000000000077
:10FFC00000000000F8EFEF07000000000000000054
:10FFD00000000000F5EBF019000000000000000038
:10FFE00000000000F6ED1317000000000000000004
:10FFF0000000000004FE0EFC0000000000000000F5
:02000004800278
:100000000000000010FEF6EF0000000000000000FD
:1000100000000000060601F40000000000000000DF
:100020000000000001F2E8FF0000000000000000F6
:100030000000000008ECE60F0000000000000000D7
:10004000000000000000E402F0E3000000000000F7
:10005000000000000000E6F8EAE7000000000000F1
:10006000000000000000E71902E8000000000000A6
:10007000000000000000C8FF02E0000000000000D7
:10008000000000000000E203F3EB000000000000AD
:10009000000000000000E916FFDC00000000000086
:1000A000000000000000F60F08EB00000000000058
:1000B000000000000000E91603E20000000000005C
:1000C000000000000000BBFAE4E8000000000000AF
:1000D000000000000000EB0DFCE500000000000047
:1000E000000000000000F92A18ED000000000000E8
:1000F000000000000000F31B18E1000000000000F9
:10010000000000000000D2F9F5D900000000000056
:10011000000000000000E602EAEA00000000000023
:10012000000000000000060E0CFA000000000000B5
:10013000000000000000EE281CE3000000000000AA
:10014000000000000000EF2116DC000000000000AD
:10015000000000000000FAE8F7EF000000000000D7
:100160000000000000002A01EEFA0000000000007C
:1001700000000000000022F4F40200000000000073
:10018000000000000000DF111CF60000000000006D
:10019000000000000000ED1619040000000000003F
:1001A0000000000000000AFC08030000000000003E
:1001B0000000000000001EF0F8FE0000000000003B
:1001C00000000000000019FBFEFA00000000000023
:1001D0000000000000000000FBEC00F50000000043
:1001E0000000000000000000FA2EF0E30000000014
:1001F0000000000000000000DD1B051400000000EE
:1002000000000000000000002BF214380000000085
:10021000000000000000000001F5EC0700000000F5
:10022000000000000000000001F11F350000000088
:1002300000000000000000001FEDF01400000000AE
:100240000000000000000000F1E918C500000000F7
:1002500000000000000000001EDD1A030000000086
:100260000000000000000000F0E8080200000000AC
:1002700000000000000000001DEE59130000000007
:10028000000000000000000029DA0D0C0000000052
:100290000000000000000000E8DF18D600000000A9
:1002A000000000000000000018D333F00000000040
:1002B0000000000000000000F8D22FE40000000061
:1002C000000000000000000018F2320A00000000E8
:1002D00000000000000000003CE520F500000000E8
:1002E0000000000000000000F1DEEBF10000000063
:1002F000000000000000000003E72AE50000000005
:10030000000000000000000005FDF8E4000000000F
:100310000000000000000000F8F420FC00000000D5
:1003200000000000000000001CE9FAF000000000DE
:100330000000000000000000EFF6F70000000000E1
:10034000000000000000000001F522D800000000BD
:100350000000000000000000F4EA0BF400000000C0
:1003600000000000000000000000FA0F06EA000094
:1003700000000000000000000000EBF7EBE90000C7
:1003800000000000000000000000FAE4DEF10000C0
:1003900000000000000000000000F8F9F9CE0000A5
:1003A0000000000000000000000007FB0FFF00003D
:1003B00000000000000000000000011732E3000010
:1003C00000000000000000000000F4F310F800003E
:1003D0000000000000000000000018E0D1E0000074
:1003E000000000000000000000001B23CACF000036
:1003F0000000000000000000000028F114030000CD
:100400000000000000000000000020082C2E00006A
:100410000000000000000000000004D323270000BB
:100420000000000000000000000024F9F4C40000F7
:100430000000000000000000000031FAC7FC0000CE
:100440000000000000000000000046EE251A000039
:10045000000000000000000000001BF90223000063
:1004600000000000000000000000FCFE0B21000066
:100470000000000000000000000014FDD2AA0000EF
:10048000000000000000000000002CF7D520000054
:10049000000000000000000000001FDC2C0700002E
:1004A00000000000000000000000081BF50B000029
:1004B00000000000000000000000101A02D600003A
:1004C0000000000000000000000000F5E2DF000076
:1004D0000000000000000000000020CFFF16000018
:1004E0000000000000000000000004E21508000009
:1004F000000000000000000000000000E6CE12191D
:10050000000000000000000000000000C8D10BF552
:10051000000000000000000000000000CCE805F929
:10052000000000000000000000000000EA0801F3E5
:100530000000000000000000000000001D1705FD85
:10054000000000000000000000000000F9CCFD1FCA
:10055000000000000000000000000000E9CF071AC2
:10056000000000000000000000000000D4C2261BB4
:10057000000000000000000000000000C6E1330899
:10058000000000000000000000000000DE0637163A
:1005900000000000000000000000000003FE0C143A
:1005A00000000000000000000000000008C1091366
:1005B000000000000000000000000000FFA6FD0B8E
:1005C000000000000000000000000000DFC50B2B51
:1005D000000000000000000000000000CBE914193A
:1005E0000000000000000000000000000B151D1FAF
:1005F00000000000000000000000000013071119B7
:100600000000000000000000000000002526FF1090
:100610000000000000000000000000001926031C7C
:1006200000000000000000000000000003EEFC15C8
:100630000000000000000000000000002A22ED136E
:100640000000000000000000000000002643F2133C
:100650000000000000000000000000002D32F80241
:100660000000000000000000000000001B21221C10
:1006700000000000000000000000000011EC180A5B
:1006800000000000000000000000000000000C1D41
:10069000F52100000000000000000000000012171B
:1006A000F821000000000000000000000000001A17
:1006B000F81F000000000000000000000000F2121F
:1006C000EE0F000000000000000000000000FF0A24
:1006D000EF02000000000000000000000000040F16
:1006E000E9000000000000000000000000001835D4
:1006F000FB200000000000000000000000000E14BD
:10070000E21D000000000000000000000000021CCC
:10071000E70B0000000000000000000000000107DF
:10072000F2EA000000000000000000000000F50EEA
:10073000E2EB000000000000000000000000F812E2
:10074000F40B000000000000000000000000F012A8
:10075000CD13000000000000000000000000EF1CAE
:10076000E501000000000000000000000000FA06A3
:10077000E8ED000000000000000000000000EE0EA8
:100780000410000000000000000000000000F6F768
:1007900015EC000000000000000000000000EEF872
:1007A000160A000000000000000000000000E9FD43
:1007B00007EE000000000000000000000000F1F55E
:1007C000F2E100000000000000000000000010F84E
:1007D0003CF0000000000000000000000000FEDA15
:1007E0002FF100000000000000000000000009F0F0
:1007F0000C0400000000000000000000000000FDEC
:10080000FFFC000000000000000000000000FCFDF4
:100810001AFB0000000000000000000000000000C3
:10082000F1F2FFF3000000000000000000000000F3
:10083000F7F4E200000000000000000000000000EB
:10084000F6ECE4F6000000000000000000000000EC
:10085000FECBE7F5000000000000000000000000F3
:1008600008D4FAEE000000000000000000000000C4
:100870000AE9EDF90000000000000000000000009F
:10088000F61406F100000000000000000000000067
:10089000E613F4F00000000000000000000000007B
:1008A000E817F4E70000000000000000000000006E
:1008B000EE0D03ED0000000000000000000000004D
:1008C0000AE50CF700000000000000000000000036
:1008D0000E2B2406000000000000000000000000B5
:1008E000FE492CFF00000000000000000000000096
:1008F0000A4C110800000000000000000000000089
:10090000EB13EEF200000000000000000000000009
:1009100007E80BFD000000000000000000000000E0
:1009200016CC1B02000000000000000000000000C8
:1009300015E22DFF00000000000000000000000094
:1009400016103E160000000000000000000000002D
:10095000F42001070000000000000000000000007B
:10096000EE0DF80400000000000000000000000090
:10097000F90306FD00000000000000000000000078
:10098000EEDE14F500000000000000000000000092
:1009900003B411F40000000000000000000000009B
:1009A000F4E50AFDFF110B050DF7FD010308FDF449
:1009B000FA0FFAFBFF080302F5041806FEEFEE0F2C
:1009C000FB17FB0A04030913080D1308FF08F5F0D1
:1009D000ED0002110913FFFF0BFC0A0BF61DF8FFD7
:1009E000EDF3F0070A3A22020313130F0B10FDEC8C
:1009F0001C0904FC07090BF5FC1000F00FF505FBC2
:100A000020FF03E708FFFE04FD0BFDFC07F70B10BA
:100A10000F0F14F61112EA100A0009070C09070358
:100A2000062408090B33061613F216FA021F06EC09
:100A30001C100F1407351E0304F409F21114FCF402
:100A40002AF20CFC07F305D8E010D7FEFCE31801EE
:100A500016F912F7080817E4E31CE3E901EC1BFFA1
:100A6000132E1B000D0C31E7E70FE3EEF70315F52E
:100A700014041008102717E0F600D4FDF20EFBEB6B
:100A80000CE7FCFFFC240DE8F4F3F4F6F30AF2DBC8
:100A90000FC3FCF3010F14CCE121D3E3F5D721FB05
:100AA000EF132000061B21E0E31EE2EDEDDF1D1336
:100AB0000F1D1910052836D8E504EB00DFD80FFE0E
:100AC0001203050C033249D6E226EFFDD9EBFEDE18
:100AD00002D9F0FD06232BE7E60FF700EAEEECDF84
:100AE000F5DDE3F5FA271EE0DF0BF4EFF5FB0C0173
:100AF00014F3FE09FF0C1B04FA0C06FAEFF6FD06D0
:100B0000E205FB090709190AFD07FFEEDCF3F1FC1A
:100B1000E60EEE030A0B1803F60203E7EB04F8F106
:100B200000F5FB01011F4204F704FFEBFD06FEF791
:100B30002122FBEF0014002117EA1AF74D24F4EEEE
:100B40001309FA1A06F2FA10FFF109D71B10FFEB8E
:100B500006F606F9F8E3010AFCF202EB0606FEFFD0
:100B6000F3EA000AFCFAF7F8F9F207F8FCDEF901FB
:100B7000EEFF02FFFB08020803F908F9EDF8F80A96
:100B8000ECFAFF050FF4FA1404EB03F83A2CF90D14
:100B90001406FE1EFDF7E908F30105E9030D05F64D
:100BA00009FEFEF1FCFEEA0DFCFF0706F3E2FCFD88
:100BB00000E8FB00FF04EAFB05F1030CE901FDEA94
:100BC000EEE3FCF6F910FC0200F00F00FC06EEFA72
:100BD000FEDDF5F701F6EB1004E301F71D19F7F759
:100BE00009E8F715F101E302F2F702F3F2E5F1F596
:100BF000E6E2EDEBFB09000804FE0B0FE6F2F4F76A
:100C0000E7DDF6F9051C1DFAFAFD0201F80EEFF317
:100C1000F3F1F5F70611180209F80A03FA18EF00C4
:100C200003EAF4FB04F7DB06FBF9F8F2FEFFF3F846
:100C3000F4E9F810F60DE804F1F20AFFE2D7ECF15E
:100C4000DCE7F4FEFD0C0D0A06FB0802EB14F0EFE6
:100C5000F2E9F1F3FF031204020504FF030BEFEFC7
:100C6000FDEFEE0206070508080A0B110E15F7FA4C
:100C700005F9FDF60004E200F6EC08EDF3E2EFFC06
:100C8000D6F8EB07FA06F11D00FE16FCEDECF200BB
:100C9000E0FDF7FDF909061211FB02F8FA09FAF571
:100CA000F3F6F4F9FEFCF803FF08010F090404F061
:100CB000FA09FCFA020703110F0D06060F06FEFAE9
:100CC000050EFFF82573206F7574206F6620626F24
:100CD000756E647320256C75203E20256C750A00A6
:100CE000556E6B6E6F776E2050474D2066696C6550
:100CF00020666F726D61740050474D20696D6167A9
:100D0000652073697A6520646F6573206E6F742047
:100D10006D617463682061727261792073697A65AC
:100D20000000000066726561642829206E756D629E
:100D30006572206F662072656164206F626A656308
:100D400074732028256C7529206469666665726550
:100D50006E74207468616E20657870656374656474
:100D60002028257529205B646174615D0A000000FC
:100D700066726561642829206E756D626572206FE8
:100D8000662072656164206F626A656374732028EF
:100D9000256C752920646966666572656E742074B9
:100DA00068616E20657870656374656420282575B8
:100DB00029205B6F75747075745461726765747304
:100DC0005D0A0000454F46206E6F742072656163B6
:100DD0006865642C2046696C65206572726F7220AC
:100DE00021210000726561645F6D6E6973745F69D3
:100DF0006E7075740000000000010202030303031B
:100E0000040404040404040405050505050505059A
:100E1000050505050505050506060606060606067A
:100E20000606060606060606060606060606060662
:100E3000060606060606060607070707070707074A
:100E40000707070707070707070707070707070732
:100E50000707070707070707070707070707070722
:100E60000707070707070707070707070707070712
:100E700007070707070707070808080808080808FA
:100E800008080808080808080808080808080808E2
:100E900008080808080808080808080808080808D2
:100EA00008080808080808080808080808080808C2
:100EB00008080808080808080808080808080808B2
:100EC00008080808080808080808080808080808A2
:100ED0000808080808080808080808080808080892
:100EE0000808080808080808080808080808080882
:100EF0000808080808080808494E4600696E660098
:100F00004E414E006E616E0030313233343536372B
:100F10003839414243444546000000003031323305
:100F20003435363738396162636465660000000025
:100F3000286E756C6C290000300000007458008029
:100F4000B0520080B052008068580080B0520080DB
:100F5000B0520080B0520080B0520080B052008089
:100F6000B05200806C57008058580080B05200800A
:100F70008457008090570080B0520080185800803D
:100F80007C5200807C5200807C5200807C52008029
:100F90007C5200807C5200807C5200807C52008019
:100FA0007C520080B0520080B0520080B05200806D
:100FB000B0520080B0520080B0520080B052008029
:100FC000B0520080B0520080B0520080EC570080D8
:100FD000D8550080B0520080D8550080B0520080B3
:100FE000B0520080B0520080B05200808C58008017
:100FF000B0520080B052008070590080B052008022
:10100000B0520080B0520080B0520080B0520080D8
:1010100098580080B0520080B052008084640080F4
:10102000B0520080B0520080B0520080B0520080B8
:10103000B0520080B0520080B0520080B0520080A8
:10104000B0520080B052008030580080C8560080F6
:10105000D8550080D8550080D8550080245800808D
:10106000C8560080B0520080B05200808854008082
:10107000B05200808C5A00805C5A0080245A008054
:1010800088540080B0520080BC590080B05200806B
:101090008C590080B0520080B0520080DC64008027
:1010A0002020202020202020202020202020202040
:1010B0003030303030303030303030303030303030
:1010C0001C7800807C7400807C7400801078008024
:1010D0007C7400807C7400807C7400807C74008050
:1010E0007C7400807C7400807077008000780080C1
:1010F0007C740080807700808C7700807C74008016
:10110000F477008048740080487400804874008040
:1011100048740080487400804874008048740080DF
:1011200048740080487400807C7400807C74008067
:101130007C7400807C7400807C7400807C740080EF
:101140007C7400807C7400807C7400807C740080DF
:10115000E07700807C7400807C7400807C74008068
:101160007C7400807C7400807C7400807C740080BF
:101170007C7400807C7400807C740080A078008087
:101180007C7400807C7400807C7400807C7400809F
:101190007C740080547800807C7400807C740080B3
:1011A000387F00807C7400807C7400807C740080B8
:1011B0007C7400807C7400807C7400807C7400806F
:1011C0007C7400807C7400807C74008034780080A3
:1011D000CC7600807C7400807C7400807C740080FD
:1011E00068790080CC7600807C7400807C740080FC
:1011F000D47500807C74008030790080087900808C
:10120000FC790080D47500807C7400809C7900801B
:101210007C740080747900807C7400807C74008011
:101220008C7F0080202020202020202020202020B3
:1012300020202020303030303030303030303030EE
:101240003030303043000000504F53495800000008
:101250002E000000496E66696E6974790000000016
:101260004E614E0042616C6C6F6320737563636501
:1012700065646564000000002E2E2F2E2E2F2E2E6A
:101280002F2E2E2F2E2E2F2E2E2F7372632F6E6544
:10129000776C69622F6E65776C69622F6C69626327
:1012A0002F7374646C69622F64746F612E63000025
:1012B0002E2E2F2E2E2F2E2E2F2E2E2F2E2E2F2E49
:1012C0002E2F7372632F6E65776C69622F6E657750
:1012D0006C69622F6C6962632F7374646C69622F2E
:1012E0006D707265632E6300050000001900000038
:1012F0007D00000000000000000000000000F03F42
:1013000000000000000024400000000000005940E0
:101310000000000000408F40000000000088C34033
:1013200000000000006AF8400000000080842E41A8
:1013300000000000D01263410000000084D79741F4
:101340000000000065CDCD41000000205FA00242FA
:10135000000000E876483742000000A2941A6D426F
:10136000000040E59C30A2420000901EC4BCD64262
:1013700000003426F56B0C430080E03779C341430D
:1013800000A0D8855734764300C84E676DC1AB4383
:10139000003D9160E458E143408CB5781DAF1544A1
:1013A00050EFE2D6E41A4B4492D54D06CFF080447C
:1013B000F64AE1C7022DB544B49DD9794378EA4491
:1013C000BC89D897B2D29C3C33A7A8D523F649391B
:1013D0003DA7F444FD0FA5329D978CCF08BA5B253D
:1013E000436FAC642806C80A0080E03779C34143E4
:1013F000176E05B5B5B89346F5F93FE9034F384D7B
:10140000321D30F94877825A3CBF737FDD4F157526
:1014100000202020202020202020282828282820C4
:1014200020202020202020202020202020202020BC
:101430002088101010101010101010101010101024
:101440001004040404040404040404101010101014
:1014500010104141414141410101010101010101DE
:101460000101010101010101010101011010101030
:1014700010104242424242420202020202020202B0
:101480000202020202020202020202021010101004
:10149000200000000000000000000000000000002C
:1014A000000000000000000000000000000000003C
:1014B000000000000000000000000000000000002C
:1014C000000000000000000000000000000000001C
:1014D000000000000000000000000000000000000C
:1014E00000000000000000000000000000000000FC
:1014F00000000000000000000000000000000000EC
:1015000000000000000000000000000000000000DB
:10151000000000002C2066756E6374696F6E3A20BF
:1015200000000000617373657274696F6E2022257C
:101530007322206661696C65643A2066696C652077
:10154000222573222C206C696E6520256425732565
:10155000730A000000DC0080ACDA008058DA0080FA
:10156000ACDB008058DA0080BCDA008058DA0080FA
:10157000ACDB0080ACDA0080ACDA0080BCDA008042
:10158000ACDB008038DB008038DB008038DB00809B
:04159000BCDA008041
:101594001000000000000000037A5200017C0101E9
:1015A4001B0D020010000000180000004816FEFF8A
:1015B400DC04000000000000100000002C0000000B
:0C15C400101BFEFF90040000000000005F
:1015D00000000010000000000000000000000000FB
:1015E00000000000000000000000000000000000FB
:1015F000000000000000000050350A323420323470
:101600000A3235350A00000000000000000000002A
:1016100000000000000000000000000000000000CA
:1016200000000000000000000000000000000000BA
:1016300000000000000000000000000000000000AA
:10164000000000000000000000000000000000009A
:10165000000000000005040000000000000002D2AD
:1016600042000000000000000000000007B38700F7
:1016700000000000000064FE5C00000000000000AC
:10168000000000006FFE9D00000000000003CBFE84
:10169000360000000000000000000020E7FE6600A9
:1016A000000000000024FED812000000000000002E
:1016B0000000007EFEB300000000000000ACFE3B16
:1016C000000000000000000000002EFCEA120000F4
:1016D0000000000005E2F52300000000000000000B
:1016E000000080FE660000000000000025FEA9004A
:1016F0000000000000000000001AF1FB13000000D1
:1017000000000000AAFE55000000000000000000DC
:10171000002EFEC20000000000000009E7F62300D2
:1017200000000000000000000076FF981D0000008F
:1017300000000074FEB60000000000000000000081
:101740000076FEFEF3D7D7D7CAB985D1FE83001144
:101750000000000000000000003EF3FEFEFEFEFE62
:10176000FEFEFEFEFEE89D230000000000000000DB
:1017700000004684944649616161BBFEF922040081
:101780000000000000000000000000000000000059
:101790000000AEFE7100000000000000000000002C
:1017A00000000000000000000016EEFE3500000002
:1017B0000000000000000000000000000000000029
:1017C0000073FE9F01000000000000000000000008
:1017D000000000000000000000AEFE6100000000FC
:1017E00000000000000000000000000000000000F9
:1017F00000D7FE73000000000000000000000000A1
:10180000000000000000000055FBFE690000000021
:1018100000000000000000000000000000000000C8
:1018200054F2880A000000000000000000000000E0
:1018300000000000000000000000000000000000A8
:101840000000000000040000000000000000000094
:1018500003000000E427028000000000E42702806B
:101860004C280280B4280280000000000000000024
:101870000000000000000000000000000000000068
:101880000000000000000000000000000000000058
:101890000000000000000000000000000000000048
:1018A0000000000000000000000000000000000038
:1018B0000000000000000000000000000000000028
:1018C0000000000000000000000000000000000018
:1018D0000000000000000000000000000000000008
:1018E00000000000000000000000000000000000F8
:1018F00001000000000000000E33CDAB34126DE695
:10190000ECDE05000B0000000000000000000000FD
:1019100000000000000000000000000000000000C7
:1019200000000000000000000000000000000000B7
:1019300000000000000000000000000000000000A7
:101940000000000000000000000000000000000097
:101950000000000000000000000000000000000087
:101960000000000000000000000000000000000077
:101970000000000000000000000000000000000067
:1019800078190280781902808019028080190280FB
:1019900088190280881902809019028090190280AB
:1019A0009819028098190280A0190280A01902805B
:1019B000A8190280A8190280B0190280B01902800B
:1019C000B8190280B8190280C0190280C0190280BB
:1019D000C8190280C8190280D0190280D01902806B
:1019E000D8190280D8190280E0190280E01902801B
:1019F000E8190280E8190280F0190280F0190280CB
:101A0000F8190280F8190280001A0280001A028078
:101A1000081A0280081A0280101A0280101A028026
:101A2000181A0280181A0280201A0280201A0280D6
:101A3000281A0280281A0280301A0280301A028086
:101A4000381A0280381A0280401A0280401A028036
:101A5000481A0280481A0280501A0280501A0280E6
:101A6000581A0280581A0280601A0280601A028096
:101A7000681A0280681A0280701A0280701A028046
:101A8000781A0280781A0280801A0280801A0280F6
:101A9000881A0280881A0280901A0280901A0280A6
:101AA000981A0280981A0280A01A0280A01A028056
:101AB000A81A0280A81A0280B01A0280B01A028006
:101AC000B81A0280B81A0280C01A0280C01A0280B6
:101AD000C81A0280C81A0280D01A0280D01A028066
:101AE000D81A0280D81A0280E01A0280E01A028016
:101AF000E81A0280E81A0280F01A0280F01A0280C6
:101B0000F81A0280F81A0280001B0280001B028073
:101B1000081B0280081B0280101B0280101B028021
:101B2000181B0280181B0280201B0280201B0280D1
:101B3000281B0280281B0280301B0280301B028081
:101B4000381B0280381B0280401B0280401B028031
:101B5000481B0280481B0280501B0280501B0280E1
:101B6000581B0280581B0280601B0280601B028091
:101B7000681B0280681B0280701B0280701B028041
:101B8000781B0280781B0280801B0280801B0280F1
:101B9000881B0280881B0280901B0280901B0280A1
:101BA000981B0280981B0280A01B0280A01B028051
:101BB000A81B0280A81B0280B01B0280B01B028001
:101BC000B81B0280B81B0280C01B0280C01B0280B1
:101BD000C81B0280C81B0280D01B0280D01B028061
:101BE000D81B0280D81B0280E01B0280E01B028011
:101BF000E81B0280E81B0280F01B0280F01B0280C1
:101C0000F81B0280F81B0280001C0280001C02806E
:101C1000081C0280081C0280101C0280101C02801C
:101C2000181C0280181C0280201C0280201C0280CC
:101C3000281C0280281C0280301C0280301C02807C
:101C4000381C0280381C0280401C0280401C02802C
:101C5000481C0280481C0280501C0280501C0280DC
:101C6000581C0280581C0280601C0280601C02808C
:101C7000681C0280681C0280701C0280701C02803C
:101C8000781C0280781C0280801C0280801C0280EC
:101C9000881C0280881C0280901C0280901C02809C
:101CA000981C0280981C0280A01C0280A01C02804C
:101CB000A81C0280A81C0280B01C0280B01C0280FC
:101CC000B81C0280B81C0280C01C0280C01C0280AC
:101CD000C81C0280C81C0280D01C0280D01C02805C
:101CE000D81C0280D81C0280E01C0280E01C02800C
:101CF000E81C0280E81C0280F01C0280F01C0280BC
:101D0000F81C0280F81C0280001D0280001D028069
:101D1000081D0280081D0280101D0280101D028017
:101D2000181D0280181D0280201D0280201D0280C7
:101D3000281D0280281D0280301D0280301D028077
:101D4000381D0280381D0280401D0280401D028027
:101D5000481D0280481D0280501D0280501D0280D7
:101D6000581D0280581D0280601D0280601D028087
:101D7000681D0280681D0280701D0280701D028037
:101D80004300000000000000000000000000000010
:101D90000000000000000000000000000000000043
:101DA00043000000000000000000000000000000F0
:101DB0000000000000000000000000000000000023
:101DC00043000000000000000000000000000000D0
:101DD0000000000000000000000000000000000003
:101DE00043000000000000000000000000000000B0
:101DF00000000000000000000000000000000000E3
:101E0000430000000000000000000000000000008F
:101E100000000000000000000000000000000000C2
:101E2000430000000000000000000000000000006F
:101E300000000000000000000000000000000000A2
:101E4000430000000000000000000000000000004F
:101E50000000000000000000000000000000000082
:101E600088C2008094AA0080000000001014028044
:101E70005012028084FC008084FC008084FC00807E
:101E800084FC008084FC008084FC008084FC008052
:101E900084FC008084FC0080FFFFFFFFFFFFFFFF4A
:101EA000FFFFFFFFFFFF00000100415343494900CE
:101EB0000000000000000000000000000000000022
:101EC00000000000000000000000415343494900A9
:101ED0000000000000000000000000000000000002
:0C1EE000000000000000000000000000F6
:101EF000FFFFFFFFFFFFEF7F000000000000F83F43
:101F000061436F63A787D23FB3C8608B288AC63FFF
:101F1000FB799F501344D33F000000000000F03FC6
:101F200000000000000024400000000000001C40F1
:101F30000000000000001440000000000000E03F2E
:101F4000E02A028058180280FFFFFFFF0000020015
:0400000580000080F7
:00000001FF
