:0200000480007A
:100000006F00402E6F00801D6F00C02C6F00802C91
:100010006F00402C6F00002C6F00C02B6F00802BF6
:100020006F00402B6F00002B6F00C02A6F00802AEA
:100030006F00402A6F00002A6F00C0296F008029DE
:100040006F0040296F0000296F00C0286F008028D2
:100050006F0040286F0000286F00C0276F008027C6
:100060006F0040276F0000276F00C0266F008026BA
:100070006F0040266F0000266F00C0256F00C0365D
:1000800097210200938141AA17010300130181F710
:1000900017050000130505F713651500731055309B
:1000A0001385C1C717260200130606283306A6408B
:1000B00093050000EF308074173500001305856E3E
:1000C000EF20104BEF300064130500009305000093
:1000D00013060000EF00C0006F20D04A67800000C8
:1000E000130101D993078100130710009306010142
:1000F0001306800193058001130500242326112691
:10010000232481262322912623202127232E3125D3
:10011000232C4125EF200007F32920B0F32400B061
:10012000930671001306C1009305810013050101B8
:10013000EF00507213040500732A20B0732900B039
:100140008325810017F500001305852DEF30C00CC5
:100150008325C10017F500001305852DEF30C00B76
:100160009305040017F500001305852DEF30C00A34
:100170008345710017F500001305852DEF30C00988
:1001800033063A4197F500009385852D17F5000059
:100190001305852DEF3040083306994097F5000090
:1001A0009385052C17F500001305C52DEF30C0060B
:1001B0008320C12603248126832441260329012686
:1001C0008329C125032A8125130500001301012776
:1001D0006780000013050000678000001305000021
:1001E0006780000013050000678000001305000011
:1001F0006780000013050000678000001305000001
:1002000067800000130500006780000013050000F0
:1002100067800000130500006780000013050000E0
:1002200067800000130500006780000013050000D0
:1002300067800000130500006780000013050000C0
:1002400067800000130500006780000013050000B0
:1002500067800000130500006780000013050000A0
:100260006780000013050000678000001305000090
:100270006780000013050000678000001305000080
:100280006780000013050000678000001305000070
:100290006780000013050000678000001305000060
:1002A0006780000013050000678000001305000050
:1002B0006780000013050000678000001305000040
:1002C0006780000013050000678000001305000030
:1002D0006780000017F50000130595F7EF308005E3
:1002E0006FF05FFF130101FC232011002322A10006
:1002F0002324B1002326C1002328D100232AE100B2
:10030000232CF100232E010123201103232251026B
:1003100023246102232671022328C103232AD10347
:10032000232CE103232EF103F322203413032000B6
:10033000638862021303B000638862001303300015
:10034000638862006F00C002EF0000346F0040035A
:1003500017F50000130585EBEF20D07D6F004002FC
:1003600017F50000130585E5EF20D07C6F004001F4
:1003700017F500001305A5EBEF20D07B6F004002BE
:10038000F322103403830200130530003373A300FB
:100390006314A3009382220093822200739012348C
:1003A0008320010003254100832581000326C1002D
:1003B0008326010103274101832781010328C1010D
:1003C0008328010283224102032381028323C10285
:1003D000032E0103832E4103032F8103832FC103C7
:1003E0001301010473002030730020303305A04056
:1003F00023A4A1C81305F0FF6780000017F70000D1
:10040000130747E793075005B706001013071700B7
:1004100023A0F60083470700E39A07FE67800000E9
:100420009307800523A4F1C81305F0FF678000003F
:100430009307800523A4F1C81305F0FF678000002F
:100440009307800523A4F1C81305F0FF678000001F
:100450009307800523A4F1C81305F0FF678000000F
:100460009307800523A4F1C81305F0FF67800000FF
:100470001305F0FF678000009307C00023A4F1C8B4
:100480001305F0FF67800000B707048023A0A700D2
:10049000730050106F0000009307800523A4F1C87B
:1004A0001305F0FF678000009307B00023A4F1C894
:1004B0001305F0FF67800000B727000023A2F500B6
:1004C00013050000678000009307800523A4F1C88E
:1004D0001305F0FF678000009307800523A4F1C88F
:1004E0001305F0FF67800000930780FA23A4F1C88A
:1004F00013050000678000001305100067800000EE
:10050000930780FA23A4F1C81305F0FF6780000069
:100510001305F5FF13351500678000009307600190
:1005200023A4F1C81305F0FF678000009307F001D2
:1005300023A4F1C81305F0FF678000001305000035
:10054000678000009307800523A4F1C81305F0FF1E
:10055000678000001305F0FF6780000093078005A7
:1005600023A4F1C81305F0FF678000001305000005
:1005700067800000B727000023A2F50013050000E4
:10058000678000001305F0FF678000001305F0FF8F
:10059000678000009307200023A4F1C81305F0FF33
:1005A000678000009307800523A4F1C81305F0FFBE
:1005B000678000009307A00023A4F1C81305F0FF93
:1005C00067800000130101FF232021011389C1C7A7
:1005D0008327090023248100232291002326110070
:1005E0009384050013040600638A070213060400BF
:1005F00093850400171502001305C582EF00805390
:100600008320C100130504000324810083244100DA
:10061000032901001301010167800000B7C5010033
:100620001306300093850520170502001305857F0A
:10063000EF000043930710002320F9006FF01FFB29
:1006400023A6A1C613050000678000001387C1C65A
:10065000832707003385A7002320A700637C25009C
:10066000170703001307079A6376E5001385070051
:10067000678000009307C00023A4F1C89307F0FF30
:100680001385070067800000130101FF23229100FA
:1006900023261100930710089384050063C21709ED
:1006A0009307F00263D61703938808FD930710059C
:1006B00063E4170317F70000130707BE9398280099
:1006C000B388E80083A70800B387E70067800700C6
:1006D000930710016380F80A1307500597F700008D
:1006E000938747B9B70600109387170023A0E60049
:1006F00003C70700E31A07FE8320C10083244100DB
:1007000013010101678000008320C1009307800569
:1007100023A4F1C883244100130101016780000074
:100720009307F040E3CA17FB9307F03F63D6170324
:10073000938808C09307F000E3E017FB17F7000069
:10074000130707CA93982800B388E80083A7080016
:10075000B387E700678007009307C00AE38EF8F8C5
:1007600063C6170393079009E388F8F89307900A84
:10077000E394F8F6930780FA23A4F1C86FF0DFF74B
:10078000B727000023A2F4006FF01FF79307600D56
:10079000E394F8F423A6A1C66FF01FF69307F001C7
:1007A00023A4F1C86FF05FF59307200023A4F1C8DC
:1007B0006FF09FF4B707048023A0A70073005010C8
:1007C0006F0000009307600123A4F1C86FF0DFF20F
:1007D000232021011389C1C7832709002324810015
:1007E0001304060063860702130604000324810035
:1007F000032901008320C100938504008324410064
:100800001705020013050562130101016F00803214
:10081000B7C50100130630009385052017050200B7
:1008200013054560EF00C023930710002320F90053
:100830006FF09FFB8327C50063880720832805018D
:10084000638408200328050003469500032745011B
:100850008346480133E6C600A304C50093F60602AA
:100860006382061EB386E840130600011383060068
:100870006374D60013030001638AE81C3386E70023
:10088000034E060093051700130610002300C8014D
:10089000232AB5006370D61A3386B700834E06004C
:1008A00013062700130E20002300D801232AC500B9
:1008B0006372DE183386C700834E060013063700C6
:1008C000130E30002300D801232AC5006374DE16FE
:1008D0003386C700834E060013064700130E400000
:1008E0002300D801232AC5006376DE143386C700AF
:1008F000834E060013065700130E50002300D80144
:10090000232AC5006378DE123386C700834E0600B3
:1009100013066700130E60002300D801232AC500C8
:10092000637ADE103386C700834E06001306770015
:10093000130E70002300D801232AC500637CDE0E4D
:100940003386C700834E060013068700130E80000F
:100950002300D801232AC500637EDE0C3386C7003E
:10096000834E060013069700130E90002300D80153
:10097000232AC5006370DE0C3386C700834E060051
:100980001306A700130EA0002300D801232AC500D8
:100990006372DE0A3386C700834E06001306B70073
:1009A000130EB0002300D801232AC5006374DE08AB
:1009B0003386C700834E06001306C700130EC0001F
:1009C0002300D801232AC5006376DE063386C700DC
:1009D000834E06001306D700130ED0002300D80163
:1009E000232AC5006378DE043386C700834E0600E1
:1009F0001306E700130EE0002300D801232AC500E8
:100A0000637ADE023386C700834E06001306F700C2
:100A1000130EF0002300D801232AC500637CDE00FA
:100A2000B387C70083C70700130707012300F80037
:100A3000232AE50013070000638406001307F3FF71
:100A40003307B7006384E8006780000083474800ED
:100A50002328050093F7D70F2302F80067800000D2
:100A6000130101FE232A910083240500232C810019
:100A70002328210123263101232E11002382040083
:100A800023840400930770FC2384F400238804006B
:100A90002322B500130405003785D71713890500F5
:100AA0009309060093060000138605001305054010
:100AB00093050000EF10D062B70780006374F50261
:100AC0009357F500130700F82386E40093F7F70F18
:100AD000135575002382F4001375F50F2380A400CD
:100AE000238604002386340123043401A304040074
:100AF00097070000938747D4232224018320C10154
:100B00002328040023260400232A0400232E0400A3
:100B1000232C0400232204022320F4020324810155
:100B200083244101032901018329C100130101022A
:100B300067800000130101FF23260100638A050876
:100B400063080608032505003388C5001307100352
:100B500083474501232601000326C10093F6F70FC2
:100B6000636CC7008327C100938717002326F10019
:100B70008327C100E378F7FE93F70602E38A07FCB8
:100B8000232601008327C100636CF7008327C1007F
:100B9000938717002326F1008327C100E378F7FE2F
:100BA00083C705002300F500232601008327C10029
:100BB000636CF7008327C100938717002326F10099
:100BC0008327C100E378F7FE93851500E39205F9CA
:100BD00013010101678000006384050403C605005A
:100BE0006300060403270500130101FF9386150027
:100BF0008347470193F7F70FA307F1008347F100FD
:100C000093F70702E38607FE2300C70003C606002A
:100C100093861600E31E06FC1301010167800000A5
:100C200067800000630C0602638A05020327050043
:100C300097060000938646C02326B50083474700E9
:100C40002328C500232A05002320D50293E7270087
:100C50002302F700F32740F1638407006780000058
:100C60003727000C970702009387C71B83260700CE
:100C70003305F5401335150093071000B397A7000F
:100C8000B3E7D7002320F700678000008327050023
:100C9000034795008326050183C7470133E7E70033
:100CA000A304E50093F7F70F6398060093D7670056
:100CB00013F517006780000013050000678000002F
:100CC0001307050063800506630E0604032805006C
:100CD0008346950083474801B3E6D700A304D500B7
:100CE00093F7170063800704130500006F0080006E
:100CF0006308A60283460800B387A5001305150004
:100D00002380D700032807008346970083474801C4
:100D1000B3E6D700A304D70093F71700E39A07FCC4
:100D2000678000001305000067800000F32740F192
:100D300063960702B726000C170702001307870EF9
:100D400003A606003307E54013371700930710008A
:100D5000B397E700B3E7C70023A0F600B707010089
:100D60009387F7FF638CF5000327050093F5F500E3
:100D700083474700B3E7B7002302F700678000000E
:100D8000638E05029307000C63EAC7020327050080
:100D9000232EB5008347870093F7F703B3E7C70017
:100DA00093F7F70F2304F7008347470093E71700F3
:100DB0002302F700F32740F16384070067800000F7
:100DC0003727000C970702009387C7058326070083
:100DD0003305F5401335150093071000B397A700AE
:100DE000B3E7D7002320F700678000006384050283
:100DF000032705002320B50223260500834747006B
:100E00002328050093E727002302F700F32740F18A
:100E100063840700678000003727000C97070200F3
:100E200093874700832607003305F54013351500E7
:100E300093071000B397A700B3E7D7002320F7006C
:100E40006780000063800502032705002322B502A6
:100E50008347470093E787002302F700F32740F119
:100E600063840700678000003727000C97070200A3
:100E7000938747FB832607003305F540133515009C
:100E800093071000B397A700B3E7D7002320F7001C
:100E90006780000063880512630606128327050039
:100EA0008346950003C74701B366D700A304D50066
:100EB00013770702630807101307000113050600E4
:100EC0006374C7001305000183C6050013071000F3
:100ED0002380D700637AC70E83C61500130720004E
:100EE0002380D7006372C70E83C625001307300026
:100EF0002380D700637AC70C83C6350013074000F0
:100F00002380D7006372C70C83C6450013075000C7
:100F10002380D700637AC70A83C655001307600091
:100F20002380D7006372C70A83C665001307700069
:100F30002380D700637AC70883C675001307800033
:100F40002380D7006372C70883C68500130790000B
:100F50002380D700637AC70683C695001307A000D5
:100F60002380D7006372C70683C6A5001307B000AD
:100F70002380D700637AC70483C6B5001307C00077
:100F80002380D7006372C70483C6C5001307D0004F
:100F90002380D700637AC70283C6D5001307E00019
:100FA0002380D7006372C70283C6E5001307F000F1
:100FB0002380D700637AC70003C7F5002380E700CA
:100FC000678000001305000067800000832705008C
:100FD0000347950083C74701A304050033E5E700F5
:100FE0001375E509678000008327050003C58701A5
:100FF00067800000032705008347950003474701EA
:10100000B367F700A304F5001375070667800000B7
:10101000032705008347C70093E707042306F7006B
:1010200067800000032705008347C70093F7F70B8D
:101030002306F700678000009306050093870500EC
:101040001307100013068001930580011305002487
:101050006F104013130101FF2324810013040600C5
:101060002322910013860600938405009305040053
:1010700023261100EF00000383A7040013050000DE
:1010800063C80700032504003305F5401335150038
:101090008320C10003248100832441001301010146
:1010A00067800000B7F8FFFF130101F89388087903
:1010B0002328310723264107232C9105232AA10544
:1010C000130F0500232E8106232C9106232A2107C6
:1010D000232451072322610723207107232E810532
:1010E0002328B10513870500930906009307000024
:1010F00093060000138D01EE970C0200938CCC6CCC
:10110000130AF00F13850800139847003304DF001B
:10111000930800009305F0621306080063D40501EC
:101120003306A80093F51800E38C05241306062463
:10113000B383CC0017E900001309494697E4000087
:101140009384C4352328D102232A1103232C0103BD
:10115000938F0300232EF1022320E1052322E104D3
:10116000232431052326A104838E04008347040031
:10117000038E140003471400B38EFE02838784009D
:10118000838D2400034324002326F1008347340386
:101190008388340003884400232AF1008387C40035
:1011A000330EEE0203472403232CF1008387D4007F
:1011B000038554008385640003867400038F9400C4
:1011C0008386A400034C340033836D02834B840177
:1011D000034B9401834AA4018349B401834304036C
:1011E00083421403834D84042328E100232EF1005D
:1011F0000387B40083479404B38888031309490024
:101200002320F1028327C9FF93840401B38EFE00DB
:101210008387E4FF330EDE013303C3012322F1028F
:101220008347A40433087803B38868002324F102B9
:101230008347B404838EF4FF2326F1028327C10081
:101240003305650333081801B385550333050501DC
:1012500033063603B385A500B38777023306B6009D
:10126000B387C70003260101330F5F02B386C602AE
:1012700003264101B307FF003307C702B386F60018
:1012800083278101032601023307D7008326C1018A
:10129000B387B703B386C602B387E700032681028C
:1012A00003274102B386F6008327C1023307C70232
:1012B000B387FE023307D700B387E70013C7F7FFF2
:1012C0001357F741B3F7E70093D787406354FA0009
:1012D0009307F00F2380FF0097E700009387073004
:1012E000938F1F00E39227E983260103832841039C
:1012F000032881038327C103032F0104032741042B
:10130000832981040325C104938818001306B000C3
:101310001308080113042400E39EC8DE9387B70076
:101320001306900793860603E390C7DE37F9FFFFA5
:1013300037FFFFFFB7F8FFFF37F8FFFFB7F4FFFFF6
:10134000930B0000930500009307000097E2000054
:101350009382C22E1306F06213090979130F0F7AD4
:101360009388087B1308087C130450009384047D41
:10137000930FF00F930A8000939D5B00138C050080
:10138000130B000023267101130B2B0093860D0015
:10139000130A0000138506006354D6003385260126
:1013A0003305AD000323050083234500032E85008C
:1013B000832EC5002B6C0EEF138306013385E601E7
:1013C00063646600130503003305AD0003230500C5
:1013D00083234500032E8500832EC5002B6C0EEF62
:1013E0001383060233851601636466001305030048
:1013F0003305AD000323050083234500032E85003C
:10140000832EC5002B6C0EEF138306033385060174
:1014100063646600130503003305AD000323050074
:1014200083234500032E8500832EC5002B6C0EEF11
:10143000138506046374A600338596003305AD005A
:101440000323050083234500032E8500832EC5005A
:101450002B6C0EEF130A1A009386060BE31C8AF21C
:1014600017EA0000130A8A1797D601009386C6B2BE
:10147000B38B8C0103250A0003A3060083A3460057
:1014800003AE860083AEC6000B650EEF1385060122
:101490000323050083234500032E8500832EC5000A
:1014A0000B600EEF1385060203230500832345001E
:1014B000032E8500832EC5000B600EEF13850603F7
:1014C0000323050083234500032E8500832EC500DA
:1014D0000B600EEF138506040323050083234500EC
:1014E000032E8500832EC5000B600EEF13850605C5
:1014F0000323050083234500032E8500832EC500AA
:101500000B600EEF138506060323050083234500B9
:10151000032E8500832EC5000B600EEF1385060792
:101520000323050083234500032E8500832EC50079
:101530000B600EEF13850608032305008323450087
:10154000032E8500832EC5000B600EEF1385060960
:101550000323050083234500032E8500832EC50049
:101560000B600EEF1385060A032305008323450055
:10157000032E8500832EC5000B600EEF1385060B2E
:101580000323050083234500032E8500832EC50019
:101590000B600EEF1385060C032305008323450023
:1015A000032E8500832EC5000B600EEF1385060DFC
:1015B0000323050083234500032E8500832EC500E9
:1015C0000B600EEF1385060E0323050083234500F1
:1015D000032E8500832EC5000B600EEF1385060FCA
:1015E0000323050083234500032E8500832EC500B9
:1015F0000B600EEF138506100323050083234500BF
:10160000032E8500832EC5000B600EEF1385061197
:101610000323050083234500032E8500832EC50088
:101620000B600EEF1385061203230500832345008C
:10163000032E8500832EC5000B600EEF1385061365
:101640000323050083234500032E8500832EC50058
:101650000B600EEF1385061403230500832345005A
:10166000032E8500832EC5000B600EEF1385061533
:101670000323050083234500032E8500832EC50028
:101680000B600EEF13850616032305008323450028
:10169000032E8500832EC5000B600EEF1385061701
:1016A0000323050083234500032E8500832EC500F8
:1016B0000B600EEF138506180323050083234500F6
:1016C000032E8500832EC5000B650EEF1343F5FF37
:1016D0001353F3413375650013558540130A4A00CF
:1016E00063D4AF001305F00F2380AB169386061961
:1016F000938B1B00E39042D9130C8C01938D0D0248
:10170000E3145BC9832BC1009387270093850506EB
:10171000938BBB00E39267C7970702009387C720AC
:10172000138801F803A3070083A3470003AE8700D3
:1017300083AEC700AB6B0EEF93870701E314F8FE8F
:1017400017E60000130686EF97F600009386C68B17
:10175000938501F817EF0000130FCF139308F00FD4
:1017600083270600138506E903230500832345002C
:10177000032E8500832EC5008B670EEF938706EA44
:1017800003A3070083A3470003AE870083AEC7000F
:101790000B600EEF93870701E394D7FE03A30600C7
:1017A00083A3460003AE860083AEC6008B670EEFB0
:1017B00013C5F7FF1355F541B3F7A70093D787403B
:1017C00063D4F8009307F00F2380F500130646005A
:1017D0009386061893851500E314E6F903230800A1
:1017E00083234800032E8800832EC8002B640EEF4D
:1017F000938701F903A3070083A3470003AE870083
:1018000083AEC7002B640EEF938701FA03A3070092
:1018100083A3470003AE870083AEC7002B640EEF9F
:10182000938701FB03A3070083A3470003AE870050
:1018300083AEC7002B640EEF938701FC03A3070060
:1018400083A3470003AE870083AEC7002B640EEF6F
:10185000938701FD03A3070083A3470003AE87001E
:1018600083AEC7002B640EEF938701FE03A307002E
:1018700083A3470003AE870083AEC7002B640EEF3F
:10188000938701FF03A3070083A3470003AE8700EC
:1018900083AEC7002B640EEF9387010003A30700FC
:1018A00083A3470003AE870083AEC7002B640EEF0F
:1018B00097E200009382820097EF0000938F8FFDE4
:1018C000138F610193F7320003A40F001389020004
:1018D00093840C00638C07768307190003CE142EC3
:1018E0008306090083CE042E330EFE0283C7942E96
:1018F000830D290003C3242E2326F10083C7A42EC1
:1019000083C8342E030D39002328F1008307A90072
:1019100003C8442E030C4900232AF10083C7B42EC8
:1019200003C5542E830B5900232CF1008307B90003
:1019300083C5642E030B6900232EF10083C7C42ED8
:1019400083CA742E030679002320F1028307C9009D
:10195000030A890083039900B38EDE0283C6842EB6
:101960002322F1028307D90093840401130909019A
:101970002324F1028307E9FF3303B3032326F10293
:101980008307F9FFB38E8E00330EDE012328F102A8
:101990008327C10083CDD42D03C4E42D83CEF42D41
:1019A000B388A8033303C30133088803B3886800EE
:1019B0003305750333081801B38565033305050145
:1019C0003386CA02B385A500B38646033306B60044
:1019D00083254101B38777023386C6008326010140
:1019E0003386C700B386B602832781018325C101F0
:1019F000B387B702B386C6008325410203260102DE
:101A0000B387D700832681023306B602B386DD0290
:101A10003306F6008327C102B386C60003260103FE
:101A2000B307F402B38ECE02B387D7003384FE002F
:101A300097070200938747E2E390F4EA838702095D
:101A400003C80C3703C51C378383120983C52C37A1
:101A5000838E22093308F80203C63C37038E32090D
:101A600083C64C370383420983C75C378388520996
:101A70003305750233088800B385D50333050501A6
:101A80003306C603B385A500B38666023306B600E7
:101A9000B3871703B386C600B387D70093D7B74081
:101AA0009306F00F63DCF6589307F00F2300FF0056
:101AB000938F4F0097E70000938747E09382620976
:101AC000130F1F00E390FFE083866C3703867C379B
:101AD0009307100063C6C600138606009307000034
:101AE00083868C37634ED64E9306060003869C375A
:101AF00063CEC64E138606008386AC37634ED64E41
:101B0000930606000386BC3763CEC64E13860600D6
:101B10008386CC37634ED64E930606000386DC37A9
:101B200063CEC64E138606008386EC37634ED64ED0
:101B3000930606000386FC3763CEC64E1386060066
:101B40002380C9000324C1072320F70083248107D1
:101B50000329410783290107032AC106832A810635
:101B6000032B4106832B0106032CC105832C810521
:101B7000032D4105832D0105130101086780000035
:101B800093058401930F0403930284040323040048
:101B900083A3050003AE0F0083AE02002B600EEF9F
:101BA0009305000897EF0000938F4F8F03A30F005A
:101BB00083A34F0003AE8F0083AECF008B650EEF83
:101BC00013C3F5FF1353F341B3F5650093D5854077
:101BD0003303CD006354BA009305F00F2300B30024
:101BE00097EF0000938F8F8C9305000803A30F00DD
:101BF00083A34F0003AE8F0083AECF008B650EEF43
:101C000013C3F5FF1353F341B3F5650093D5854036
:101C1000138311EE330366006354BA009305F00F8B
:101C20002300B30097EF0000938F4F8993050008BE
:101C300003A30F0083A34F0003AE8F0083AECF003A
:101C40008B650EEF13C3F5FF1353F341B3F5650036
:101C500093D58540138321EE330366006354BA00A5
:101C60009305F00F2300B30097EF0000938F0F86CA
:101C70009305000803A30F0083A34F0003AE8F005A
:101C800083AECF008B650EEF13C3F5FF1353F34103
:101C9000B3F5650093D58540138331EE33036600B9
:101CA0006354BA009305F00F2300B30097EF0000D0
:101CB000938FCF829305000803A30F0083A34F00E7
:101CC00003AE8F0083AECF008B650EEF13C3F5FF1D
:101CD0001353F341B3F5650093D58540138341EE6B
:101CE000330366006354BA009305F00F2300B3007A
:101CF00097DF0000938F8F7F9305000803A30F00E9
:101D000083A34F0003AE8F0083AECF008B650EEF31
:101D100013C3F5FF1353F341B3F5650093D5854025
:101D2000138351EE330366006354BA009305F00F3A
:101D30002300B30097DF0000938F4F7C93050008CA
:101D400003A30F0083A34F0003AE8F0083AECF0029
:101D50008B650EEF13C3F5FF1353F341B3F5650025
:101D600093D58540138361EE330366006354BA0054
:101D70009305F00F2300B30097DF0000938F0F79D6
:101D80009305000803A30F0083A34F0003AE8F0049
:101D900083AECF008B650EEF13C3F5FF1353F341F2
:101DA000B3F5650093D58540138371EE3303660068
:101DB0006354BA009305F00F2300B30097DF0000CF
:101DC000938FCF759305000803A30F0083A34F00E3
:101DD00003AE8F0083AECF008B650EEF13C3F5FF0C
:101DE0001353F341B3F5650093D58540138381EE1A
:101DF000330366006354BA009305F00F2300B30069
:101E000097DF0000938F8F729305000803A30F00E4
:101E100083A34F0003AE8F0083AECF008B650EEF20
:101E200013C3F5FF1353F341B3F5650093D5854014
:101E3000138391EE330366006354BA009305F00FE9
:101E40002300B30097DF0000938F4F6F93050008C6
:101E500003A30F0083A34F0003AE8F0083AECF0018
:101E60008B650EEF13C3F5FF1353F341B3F5650014
:101E700093D585401383A1EE330366006354BA0003
:101E80009305F00F2300B30097DF0000938F0F6CD2
:101E90009305000803A30F0083A34F0003AE8F0038
:101EA00083AECF008B650EEF13C3F5FF1353F341E1
:101EB000B3F5650093D585401383B1EE3303660017
:101EC0006354BA009305F00F2300B30097DF0000BE
:101ED000938FCF689305000803A30F0083A34F00DF
:101EE00003AE8F0083AECF008B650EEF13C3F5FFFB
:101EF0001353F341B3F5650093D585401383C1EEC9
:101F0000330366006354BA009305F00F2300B30057
:101F100097DF0000938F8F659305000803A30F00E0
:101F200083A34F0003AE8F0083AECF008B650EEF0F
:101F300013C3F5FF1353F341B3F5650093D5854003
:101F40001383D1EE330366006354BA009305F00F98
:101F50002300B30097DF0000938F4F6293050008C2
:101F600003A30F0083A34F0003AE8F0083AECF0007
:101F70008B650EEF13C3F5FF1353F341B3F5650003
:101F800093D585401383E1EE330366006354BA00B2
:101F90009305F00F2300B30097DF0000938F0F5FCE
:101FA0009305000803A30F0083A34F0003AE8F0027
:101FB00083AECF008B650EEF13C3F5FF1353F341D0
:101FC000B3F5650093D585401383F1EE33066600C3
:101FD0006354BA009305F00F2300B6006FF0CFB240
:101FE00003869C3793072000E3D6C6B08386AC37C0
:101FF00093073000E356D6B00386BC379307400002
:10200000E3D6C6B08386CC3793075000E356D6B0EC
:102010000386DC3793076000E3D6C6B08386EC37CF
:1020200093077000E356D6B00386FC379307800011
:10203000E3D6C6B0930790006FF09FB093C6F7FF4A
:1020400093D6F641B3F7D7006FF05FA603A3020063
:1020500083A3420003AE820083AEC2000B640EEF86
:102060009387020103A3070083A3470003AE870001
:1020700083AEC7000B600EEF9387020203A3070035
:1020800083A3470003AE870083AEC7000B600EEF4B
:102090009387020303A3070083A3470003AE8700CF
:1020A00083AEC7000B600EEF9387020403A3070003
:1020B00083A3470003AE870083AEC7000B600EEF1B
:1020C0009387020503A3070083A3470003AE87009D
:1020D00083AEC7000B600EEF9387020603A30700D1
:1020E00083A3470003AE870083AEC7000B600EEFEB
:1020F0009387020703A3070083A3470003AE87006B
:1021000083AEC7000B600EEF9388020803A308009C
:1021100083A3480003AE880083AEC8008B680EEF2F
:1021200083C60C37838702090388120903C41C374E
:102130000385220983C32C37B387D70283C53C3775
:10214000838E320903C64C37038E420983C65C373F
:102150000383520933088802B387170133057502D8
:10216000B3870701B385D503B387A7003306C6033A
:10217000B387B700B3866602B387C700B387D700BB
:102180006FF0DF91130101FD23229102938401C8B6
:1021900003A30400232E3101232C4101232A5101E2
:1021A00023286101232611022324810223202103F5
:1021B0009308230013081025130B0500938A0500CC
:1021C000130A060093890600636C181D17F80100B6
:1021D0001308C8C7330868000349080003441800FF
:1021E00023A0140113080005631A09011304B4FCA9
:1021F0001374F40F9306100063FA860217E50100CA
:1022000013054533032481028320C1028324410244
:10221000032901028329C101032A8101832A410183
:10222000032B0101130101036F10C01003A604006A
:10223000930610251306B60063E0C61A23A0C40057
:10224000930680016316DA0A63944A0B83A604009E
:10225000130610253304DB00636A860E63860902C9
:1022600097F50100938585BE13060B00B385D50055
:10227000138509002326F1002324E100EF10C06537
:102280008327C1000327810023A0840083A60400C4
:1022900013162700930510253304D60063E6850640
:1022A000638C070097F50100938545BAB385D50087
:1022B00013850700EF10406223A0840003A70400E9
:1022C00093071025631CF7028320C10203248102B7
:1022D00083244102032901028329C101032A8101C8
:1022E000832A4101032B01011301010367800000D0
:1022F00017E50100130585256FF0DFF017E50100F4
:10230000130585316FF01FF09306102513060400A6
:1023100097E501009385453217E501001305C51FB8
:102320002324E100EF00506F032781009307F0FFA3
:10233000E306F7F8130607009305F0FF17E5010021
:1023400013054528EF00506D6FF05FF793061025D9
:102350001306040097E501009385052E17E501009B
:102360001305851B2326F1002324E100EF00D06A2A
:102370009306F0FF032781008327C100E308DBF009
:1023800013060B009305F0FF17E501001305C51EAA
:10239000EF0090688327C100032781006FF01FEFD3
:1023A000930610251386080097E501009385C5283C
:1023B00017E50100130545162326F1002324E1004B
:1023C000EF0090658327C1000327810013090000F7
:1023D000130400006FF01FE19306102597E501003C
:1023E0009385852517E50100130505132326F100C4
:1023F0002324E100EF0050628327C10003278100FE
:102400006FF01FE41308000063C6051263DC0600CA
:10241000B337C000B306D0401348F8FFB386F64088
:102420003306C04093080600130705001383050018
:10243000639A060E63F4C516B70701006364F622BB
:10244000B7070001930680016374F600930600014C
:10245000B7070280335ED60093878764B387C701CE
:1024600083C70700130E0002B387D700B306FE40F0
:10247000630CFE003393D500B357F500B318D600B4
:1024800033E367003317D50013D608013355C30271
:102490009396080193D60601935707013373C3023D
:1024A000B385A60213130301B3E7670063FCB7000B
:1024B000B387F8001303F5FF63E4170163E6B74041
:1024C00013050300B387B740B3D5C702131707013D
:1024D00013570701B3F7C702B386B60293970701F4
:1024E0003367F700637ED7003387E8009387F5FFF3
:1024F000636617019385E5FF6364D7009385070042
:10250000131505013365B50093050000630A080043
:10251000B337A000B305B040B385F5403305A04004
:102520006780000063F4D5029305000013050000E6
:102530006FF0DFFDB337A000B305B040B385F540C1
:102540003305A0401308F0FF6FF05FECB707010000
:1025500063E8F61EB70700019308800163F4F600F4
:1025600093080001B707028033D716019387876469
:10257000B387E70003C7070093070002330717017B
:10258000B388E7406396E71C63E4B6303335C50093
:1025900013351500930500006FF05FF7630C060C10
:1025A000B7070100637CF62C1333061013331300B6
:1025B00013133300B3566600B7070280938787640E
:1025C000B387D70083C6070093070002B38666006F
:1025D000B38ED7406394D70CB386C540135306011E
:1025E00013160601135606019305100033D5660233
:1025F00093570701B3F66602330EC50293960601A0
:10260000B3E7D70063FCC701B387F8009306F5FF73
:1026100063E4170163E4C72B13850600B387C74142
:10262000B3D667021317070113570701B3F7670201
:102630003386C602939707013367F700637EC700AE
:102640003387E8009387F6FF636617019386E6FFFA
:102650006364C70093860700131505013365D50031
:102660006FF0DFEA9336061093B6160093963600A5
:102670006FF01FDEB7070280930600009387876420
:10268000B387D70083C60700130300009307000237
:10269000B3866600B38ED740E380D7F4B318D60173
:1026A00033DED50013D30801B3576E021396080129
:1026B00013560601B356D5003317D501B395D5018E
:1026C000B3E6B60093D50601337E6E023305F602FB
:1026D000131E0E01B3E5C50163FEA500B385B80066
:1026E000138EF7FF63E4151D63F2A51C9387E7FFC4
:1026F000B3851501B385A54033D5650293960601D0
:1027000093D60601B3F56502330EA6029395050133
:10271000B3E6B60063FEC601B386D8009305F5FFA5
:1027200063EE161763FCC6171305E5FFB3861601A3
:1027300093950701B386C641B3E5A5006FF01FEB83
:1027400093B8061093B81800939838006FF09FE183
:10275000B35EE600B3961601B3EEDE0033D3E500B8
:1027600013DF0E01B357E303139E0E01B39515015A
:10277000135E0E013357E5003367B7009356070128
:10278000331616013373E303B305FE02131303017B
:10279000B3E6660063FEB600B386DE001383F7FF80
:1027A00063EAD61163F8B6109387E7FFB386D601C4
:1027B000B386B640B3D5E6031317070113570701D5
:1027C000B3F6E6033303BE02939606013367D700E0
:1027D000637E67003387EE009386F5FF6364D70D51
:1027E0006372670C9385E5FF3307D7019397070161
:1027F000370F0100B3E7B7009306FFFFB3F5D7002B
:1028000013DE0701B376D60013560601B38ED50248
:1028100033076740B306DE0213D30E01B385C5024A
:10282000B385D500B305B300330ECE0263F4D500F3
:10283000330EEE0193D60501B386C601636AD70253
:102840006308D70013850700930500006FF01FCCC5
:10285000B70601009386F6FF33F7D500131707017B
:10286000B3FEDE00331515013307D701E37CE5FC29
:102870001385F7FF930500006FF05FC9B7070001EC
:10288000637AF60493560601130300016FF0DFD25A
:1028900093050000130510006FF05FC71385050056
:1028A0006FF01FE9938506006FF05FF493070E0049
:1028B0006FF05FE4930703006FF09FEF1305E5FFF0
:1028C000B38717016FF09FD51305E5FFB387170195
:1028D0006FF05FBF93568601130380016FF0DFCD69
:1028E0001308060093080500138705006390060E81
:1028F00063FEC512B7070100636EF61EB70700013D
:10290000930680016374F60093060001B707028006
:102910003353D60093878764B387670083C7070064
:1029200013030002B387D700B306F340630CF30030
:102930003397D500B357F5003318D60033E7E700D7
:10294000B318D500135608013355C7029316080172
:1029500093D6060193D708013377C702B385A60241
:1029600013170701B3E7E70063FCB700B307F800EC
:102970001307F5FF63E4070163E0B73E13050700A3
:10298000B387B74033D7C7029398080193D808019B
:10299000B3F7C702B386E60293970701B3E8F800DE
:1029A00063FED800B30818019307F7FF63E6080138
:1029B0001307E7FF63E4D800138707001315050129
:1029C0003365E500930500006780000063F8D500DB
:1029D000930500001305000067800000B7070100A1
:1029E00063E8F61EB70700011308800163F4F600E0
:1029F00013080001B707028033D706019387876465
:102A0000B387E70003C707009307000233070701F6
:102A10003388E7406396E71C63E4B6303335C5007E
:102A2000133515009305000067800000630C060C49
:102A3000B7070100637CF62C133706101337170015
:102A400013173700B356E600B707028093878764F1
:102A5000B387D70083C7070093060002B387E70058
:102A6000B38EF6406394F60CB387C54093560601C7
:102A700013160601135606019305100033D5D7022D
:102A800013D70801B3F7D7023303C50293970701A1
:102A9000B367F70063FC6700B307F8001307F5FF9F
:102AA00063E4070163E4672A13050700B3876740FF
:102AB00033D7D7029398080193D80801B3F7D70208
:102AC0003306C70293970701B3E8F80063FEC80016
:102AD000B30818019307F7FF63E608011307E7FF40
:102AE00063E4C80013870700131505013365E5008B
:102AF000678000009336061093B616009396360052
:102B00006FF0DFE0B70702809306000093878764C9
:102B1000B387D70083C7070013070000930600029E
:102B2000B387E700B38EF640E380F6F43318D6019E
:102B300033D3F50093560801335ED3021316080110
:102B4000B395D50113560601B357F500B3E7B700A7
:102B500013D70701B318D5013373D302B305C603E6
:102B60001313030133676700637EB7003307E80080
:102B70001305FEFF6364071D6372B71C130EEEFF9F
:102B8000330707013307B7403355D702939707013F
:102B900093D707013377D7023303A6021317070130
:102BA000B3E7E70063FE6700B307F8001307F5FF1C
:102BB00063EE071763FC67161305E5FFB38707018C
:102BC00093150E01B3876740B3E5A5006FF01FEBC7
:102BD00013B8061013381800131838006FF09FE16F
:102BE000335EE600B3960601336EDE00B3D8E5002F
:102BF000935E0E01B3D7D80313130E01B3950501ED
:102C0000135303013357E5003367B70093560701A9
:102C100033160601B3F8D803B305F30293980801FD
:102C2000B3E6160163FEB600B306DE009388F7FF35
:102C300063EAC61163F8B6109387E7FFB386C6014F
:102C4000B386B640B3D5D603131707011357070150
:102C5000B3F6D603B308B302939606013367D700E1
:102C6000637E17013307EE009386F5FF6364C70D9B
:102C70006372170D9385E5FF3307C701939707012B
:102C8000B70E0100B3E7B7009386FEFFB3F5D70098
:102C900013D30701B376D60013560601338ED5023F
:102CA00033071741B306D30293580E01B385C5020B
:102CB000B385D500B385B8003303C30263F4D500F0
:102CC0003303D30193D60501B3866600636AD70246
:102CD0006308D70013850700930500006780000094
:102CE000B70601009386F6FF33F7D50013170701E7
:102CF000337EDE00331505013307C701E37CE5FCB5
:102D00001385F7FF9305000067800000B7070001F7
:102D1000637AF60493560601130700016FF0DFD2C1
:102D200093050000130510006780000013050700DD
:102D30006FF01FE9938506006FF05FF4130E050036
:102D40006FF05FE4938708006FF09FEF1305E5FFD6
:102D5000B38707016FF09FD51305E5FFB387070120
:102D60006FF01FC293568601130780016FF0DFCD0D
:102D700093050500930600001306000013050000EC
:102D80006F009058130101FF930500002324810078
:102D90002326110013040500EF00906083A741C8AB
:102DA00063840700E780070013050400EFD0CFED30
:102DB000130500006780000037160280B785008089
:102DC000371502801306C6099385459B1305850AAE
:102DD0006F004035130101FF832545002324810046
:102DE000232291002326110013840151930405002E
:102DF00063848500EF40103C83A58400930784061C
:102E00006386F50013850400EF40D03A83A5C40023
:102E10001304040D638E8500032481008320C10008
:102E20001385040083244100130101016F40903891
:102E30008320C10003248100832441001301010188
:102E4000678000001305000067800000130101FE89
:102E5000232C8100B737008013840151938787DBCF
:102E6000232E1100232A910023282101232631013A
:102E70002324410123A2F1C81306800093074000D8
:102E8000930500001305C4052326F4002320040045
:102E90002322040023240400232204062328040000
:102EA000232A0400232C0400EF005015B70701006B
:102EB000373A0080B739008037390080B734008056
:102EC000130A0A349389493A1309C9429384444A3C
:102ED0009387970013068000930500001305440CA8
:102EE000232044032322340323242403232694028F
:102EF000232AF406232E8400232404062326040612
:102F0000232804062326040C232C0406232E04065F
:102F100023200408EF00900EB70702001307840671
:102F2000938727011305C412130680009305000040
:102F3000232444092326340923282409232A940816
:102F4000232EF40C2322E4082328040C232A040C47
:102F5000232C040C232A04122320040E2322040E03
:102F60002324040EEF0090099307040D2328440F37
:102F7000232A340F232C240F232E940E8320C101E7
:102F80002326F40E03248101832441010329010136
:102F90008329C100032A8100130101026780000018
:102FA00083A741C8130101FE23263101232E1100FE
:102FB000232C8100232A9100232821019309050055
:102FC0006388070E371902801309C9099304F0FFBB
:102FD00083274900032489009387F7FF63D80700FC
:102FE0006F00000813048406638C97060317C4005F
:102FF0009387F7FFE31807FEB707FFFF93871700D4
:103000002326F400232204062320040023240400A2
:103010002322040023280400232A0400232C040074
:1030200013068000930500001305C405EF00007D22
:1030300023280402232A0402232204042324040450
:103040008320C1011305040003248101832441016D
:10305000032901018329C1001301010267800000D7
:103060000324090063060400130904006FF05FF6EF
:103070009305C01A13850900EF10000A1304050018
:10308000630C05021305C5009307400023200400CC
:103090002322F4002324A4001306001A9305000041
:1030A000EF00C07523208900130904006FF05FF260
:1030B000EFF0DFD96FF01FF1232009009307C00064
:1030C00023A0F9006FF0DFF783274503638407002F
:1030D0006780000003A741C8B7370080938747DDAA
:1030E000232AF502E31607FE6FF05FD66780000023
:1030F0006780000037160280B73500801306C609C6
:10310000938505DB130500006F00C00137160280B0
:10311000B73500801306C609938545E41305000002
:103120006F004000130101FD23202103232E3101F4
:10313000232C4101232A51012328610123267101F7
:10314000232611022324810223229102130B05005E
:10315000938B0500930A0600130A000093091000E0
:103160001309F0FF83A44A0003A48A009384F4FFA8
:1031700063C804028357C40063FEF9008317E400A8
:103180009305040013050B0063862701E7800B00FD
:10319000336AAA009384F4FF13048406E39C24FD9D
:1031A00083AA0A00E3900AFC8320C102032481025F
:1031B00083244102032901028329C101832A410199
:1031C000032B0101832BC10013050A00032A81018F
:1031D0001301010367800000130101FC2324C102D5
:1031E0002326D1022328E102232AF102232C010302
:1031F000232E110313860500832585009306810283
:10320000232E11002326D100EF10006D8320C10171
:10321000130101046780000003A301C7130101FC2F
:103220002324C1022326D1022322B1022328E10252
:10323000232AF102232C0103232E1103832583006B
:10324000930641021306050013050300232E110007
:103250002326D100EF1040688320C101130101042F
:1032600067800000130101FC232C81021304050078
:1032700013850500232A9102232E11029384050051
:10328000EF00C07FB70702809387C75B2324F1025A
:10329000930710002326F10203274403930701023A
:1032A00093061500232AF1009307200023209102A2
:1032B0002322A102232ED100232CF1008325840098
:1032C000630007068397C50013972701634207022F
:1032D00003A74506B7E6FFFF9386F6FF37260000F3
:1032E000B3E7C7003377D7002396F50023A2E5069E
:1032F0001306410113050400EF4010308320C10381
:1033000003248103133515003305A0401375B50060
:10331000832441031305F5FF1301010467800000B6
:10332000130504002326B100EFF01FDA8325C10046
:103330006FF05FF99305050003A501C76FF09FF2D9
:10334000130101FF23248100138405008395E50008
:1033500023261100EF00002E634005028327040599
:103360008320C100B387A7002328F404032481002D
:1033700013010101678000008357C40037F7FFFF86
:103380001307F7FFB3F7E7008320C1002316F4000B
:103390000324810013010101678000001305000070
:1033A000678000008397C500130101FE232C810074
:1033B000232A91002328210123263101232E1100E5
:1033C00013F7071013840500930405001309060082
:1033D000938906006310070437F7FFFF1307F7FF11
:1033E000B3F7E7008315E4002316F40003248101FA
:1033F0008320C10193860900130609008329C100B7
:1034000003290101138504008324410113010102F2
:103410006F00C0288395E500930620001306000086
:10342000EF00C01A8317C4006FF01FFB130101FFE8
:1034300023248100138405008395E50023261100D1
:10344000EF00C0189307F0FF6308F5028357C4002C
:10345000371700008320C100B3E7E7009397070107
:1034600093D707412328A4042316F40003248100E2
:1034700013010101678000008357C40037F7FFFF85
:103480001307F7FFB3F7E7009397070193D70741B7
:103490008320C1002316F4000324810013010101DD
:1034A000678000008395E5006F004000130101FF75
:1034B00023248100232291001304050013850500B5
:1034C0002326110023A401C8EFC09FFA9307F0FF41
:1034D000630CF5008320C100032481008324410094
:1034E000130101016780000083A781C8E38407FE00
:1034F0008320C1002320F4000324810083244100A1
:10350000130101016780000083A701C7638EA70A2A
:1035100083254504130101FE232A9100232E110067
:1035200093040500638C050423282101232631011F
:10353000232C81001309000093090008B38725019B
:1035400003A40700630E0400930504000324040091
:1035500013850400EF00100CE31804FE83A5440457
:1035600013094900E31C39FD13850400EF00900A9C
:1035700003248101032901018329C10083A5840358
:103580006386050013850400EF00D00883A5C404FA
:103590006386050013850400EF00D00783A744036A
:1035A000638C07008320C10113850400832441013B
:1035B00013010102678007008320C10183244101B8
:1035C000130101026780000067800000130101FF02
:1035D0001387050023248100232291009305060010
:1035E00013040500138606001305070023261100A7
:1035F00023A401C8EFC09FF49307F0FF630CF5000C
:103600008320C100032481008324410013010101B0
:103610006780000083A781C8E38407FE8320C10080
:103620002320F400032481008324410013010101BD
:1036300067800000130101FF138705002324810028
:10364000232291009305060013040500138606004B
:10365000130507002326110023A401C8EFC01FF1A2
:103660009307F0FF630CF5008320C1000324810061
:1036700083244100130101016780000083A781C8F2
:10368000E38407FE8320C1002320F400032481008B
:10369000832441001301010167800000130101FF31
:1036A000138705002324810023229100930506003F
:1036B00013040500138606001305070023261100D6
:1036C00023A401C8EFC01FF09307F0FF630CF500BF
:1036D0008320C100032481008324410013010101E0
:1036E0006780000083A781C8E38407FE8320C100B0
:1036F0002320F400032481008324410013010101ED
:1037000067800000130101FF23248100B7170280A6
:103710003714028023202101938707E2130704E274
:1037200023261100232291003389E7406382E702B8
:1037300013592940130404E2930400008327040072
:103740009384140013044400E7800700E3E824FF97
:1037500037140280B7170280938707E2130704E249
:103760003389E740135929406380E702130404E2D8
:10377000930400008327040093841400130444007E
:10378000E7800700E3E824FF8320C10003248100D1
:103790008324410003290100130101016780000017
:1037A000130101FF23248100B71702803714028020
:1037B000938707E2130404E23304F44023229100C8
:1037C0002326110093542440638004021304C4FF91
:1037D0003304F400832704009384F4FF1304C4FF2C
:1037E000E7800700E39804FE8320C10003248100E2
:1037F0008324410013010101678000001303F000DE
:1038000013070500637EC3029377F7006390070AEE
:1038100063920508937606FF1376F600B386E600FA
:103820002320B7002322B7002324B7002326B700A4
:1038300013070701E366D7FE6314060067800000E4
:10384000B306C3409396260097020000B386560045
:103850006780C6002307B700A306B7002306B7009A
:10386000A305B7002305B700A304B7002304B700DE
:10387000A303B7002303B700A302B7002302B700D6
:10388000A301B7002301B700A300B7002300B700CE
:103890006780000093F5F50F93968500B3E5D5009A
:1038A00093960501B3E5D5006FF0DFF693962700F8
:1038B00097020000B386560093820000E78006FA64
:1038C00093800200938707FF3307F7403306F60023
:1038D000E378C3F66FF0DFF3B3C7A50093F73700C3
:1038E000B308C500639407069307300063F0C7066A
:1038F0009377350013070500639A070613F6C8FF90
:10390000B306E6409307000263CED708938605000E
:10391000930707006378C70203A806009387470050
:103920009386460023AE07FFE3E8C7FE9307F6FF42
:10393000B387E74093F7C7FF938747003307F70044
:10394000B385F50063681701678000001307050061
:103950006378150583C705001307170093851500C5
:10396000A30FF7FEE398E8FE6780000083C605001A
:103970001307170093773700A30FD7FE9385150021
:10398000E38E07F683C60500130717009377370009
:10399000A30FD7FE93851500E39A07FC6FF01FF67F
:1039A00067800000130101FF232681001304000239
:1039B00083A3050083A2450083AF850003AFC50044
:1039C00083AE050103AE450103A3850103A8C5012C
:1039D00083A6050213074702B307E640232E77FCB0
:1039E000232057FE2322F7FF2324E7FF2326D7FFB8
:1039F0002328C7FF232A67FE232C07FF232ED7FE89
:103A000093854502E346F4FA938605009307070081
:103A10006378C70203A80600938747009386460091
:103A200023AE07FFE3E8C7FE9307F6FFB387E7403F
:103A300093F7C7FF938747003307F700B385F50077
:103A4000636817010324C1001301010167800000AE
:103A500083C705001307170093851500A30FF7FE12
:103A6000E382E8FE83C7050013071700938515005E
:103A7000A30FF7FEE39EE8FC6FF0DFFC93773500C1
:103A800013070500639C0704B7867F7F9386F6F7CC
:103A90009305F0FF0326070013074700B377D6000E
:103AA000B387D700B3E7C700B3E7D700E384B7FE17
:103AB0008346C7FFB307A740638406048346D7FF46
:103AC000638C06020345E7FF3335A0003305F5009C
:103AD0001305E5FF67800000E38806FA83470700C7
:103AE0001307170093763700E39807FE3307A740C4
:103AF0001305F7FF678000001385D7FF678000007C
:103B00001385C7FF6780000083A7C1C8638C0704C3
:103B100003A747001308F0016340E80813182700C3
:103B200063060502338307012324C30883A887188B
:103B3000130610003316E600B3E8C80023A41719D3
:103B40002324D310930620006306D5021307170021
:103B500023A2E700B387070123A4B70013050000E1
:103B6000678000001388816423A601C9938781645C
:103B70006FF01FFA83A6C7181307170023A2E700E8
:103B8000B3E6C60023A6D718B387070123A4B7005E
:103B900013050000678000001305F0FF6780000038
:103BA000130101FD232C41012320210303A9C1C8D6
:103BB000232611026308090A232E3101232A510109
:103BC00023286101232671012324810223229102EB
:103BD00023248101130B0500938B05009309F0FF4B
:103BE000930A1000832449001384F4FF634E0404F5
:103BF00093942400B304990063900B088327490031
:103C000083A644009387F7FF638C870A23A20400EE
:103C1000638606028327891833978A00032C49009C
:103C2000B377F70063960706E7800600032749008D
:103C300083A7C1C863108709639E27071304F4FF95
:103C40009384C4FFE31A34FB0324810283244102DA
:103C50008329C101832A4101032B0101832BC10068
:103C6000032C81008320C10203290102032A810160
:103C7000130101036780000083A74410E38077F9F4
:103C80001304F4FF9384C4FFE31834FF6FF0DFFBE9
:103C90008327C91883A544083377F7006316070202
:103CA00013050B00E78006000327490083A7C1C85E
:103CB000E30487F9E38A07F8138907006FF09FF29E
:103CC000232289006FF0DFF413850500E7800600EA
:103CD0006FF0DFF5130101FE23263101B7190280D1
:103CE000232C8100232A9100232821012324410130
:103CF000232E1100138A0500130905009389891CDE
:103D0000EF00103D03A78900B71700009387F7FE67
:103D1000832447003717000093F4C4FF3384F40072
:103D2000330444411354C4001304F4FF1314C400B7
:103D3000634EE4009305000013050900EF40D0280E
:103D400083A78900B38797006308F502130509006C
:103D5000EF0050388320C1010324810183244101F5
:103D6000032901018329C100032A810013050000F2
:103D70001301010267800000B305804013050900AC
:103D8000EF4090249307F0FF630AF504B727028001
:103D90009387C72F03A7070083A68900B3848440B5
:103DA00093E41400330787401305090023A296000B
:103DB00023A0E700EF0010328320C101032481011A
:103DC00083244101032901018329C100032A8100C1
:103DD0001305100013010102678000009305000025
:103DE00013050900EF40501E03A789009306F00059
:103DF000B307E540E3DCF6F483A641C793E7170079
:103E00002322F7003305D540B726028023AEA62E25
:103E10006FF0DFF363820518130101FF2324810093
:103E2000232291001384050093040500232611002A
:103E3000EF00102A0325C4FF130784FFB715028083
:103E40009377E5FF3306F7009385851C83264600AC
:103E500003A8850093F6C6FF6302C81A2322D60082
:103E6000137515003308D6006310050A032384FF79
:103E700003284800371502803307674083288700EE
:103E80001305051DB3876700137818006382A81413
:103E90000323C70023A66800232413016306081A1E
:103EA00093E617002322D7002320F6009306F01F85
:103EB00063ECF60693F687FF9386860003A545001C
:103EC000B386D50003A6060013D857009307100049
:103ED000B3970701B3E7A700138586FF2326A70042
:103EE0002324C70023A2F50023A0E6002326E60032
:103EF000032481008320C100138504008324410032
:103F0000130101016F00101D0325480013751500F2
:103F10006306050893E61700232ED4FE2320F6003F
:103F20009306F01FE3F8F6F893D6970013064000C7
:103F30006360D61293D667001385960313868603B3
:103F4000131535003385A50083260500130585FF6D
:103F50006318D5006F00401583A686006308D5005E
:103F600003A646001376C6FFE3E8C7FE03A5C60016
:103F70002326A7002324D700032481002324E5005F
:103F80008320C100138504008324410023A6E6009A
:103F9000130101016F0010146780000037150280C3
:103FA000B387D7001305051D83268600638CA60CF6
:103FB0000328C60013E517003306F70023A6060101
:103FC0002324D8002322A7002320F6006FF01FEE41
:103FD000631C0812832586000326C600B386F600FC
:103FE00093E7160023A6C5002324B6002322F7007A
:103FF0003307D7002320D7006FF09FEF137515000C
:10400000B386D70063100502032584FF3307A7405A
:104010008327C70003268700B386A6002326F60061
:1040200023A4C70013E6160083A781C72322C70075
:1040300023A4E500E3EEF6EA83A581C91385040015
:10404000EFF05FC96FF0DFEAB387D7006FF0DFF5FD
:10405000130640016370D602130640056364D6065A
:1040600093D6C7001385F6061386E60613153500AA
:104070006FF05FED1385C6051386B6051315350081
:104080006FF05FEC23AAE50023A8E50093E6170094
:104090002326A7002324A7002322D7003307F700F5
:1040A0002320F7006FF0DFE403A8450013562640F5
:1040B00093071000B397C700B3E7070123A2F500E9
:1040C0006FF01FEB13064015636CD60093D6F70014
:1040D0001385860713867607131535006FF09FE664
:1040E00013064055636CD60093D627011385D60777
:1040F0001386C607131535006FF0DFE41305803F04
:104100001306E0076FF01FE493E617002322D700A1
:104110002320F6006FF0DFDD130101FD232E3101B6
:10412000232611022324810223229102232021032A
:104130009387B50013076001930905006362F708D0
:104140009307000163E4B720EF00807893078001B4
:104150009305200093040001371902801309891C7C
:10416000B307F90003A44700138787FF6302E43411
:10417000832744008326C4000326840093F7C7FFE7
:10418000B307F40003A747002326D60023A4C600E4
:10419000136717001385090023A2E700EF0080735F
:1041A000130584008320C102032481028324410279
:1041B000032901028329C101130101036780000063
:1041C00093F487FF63C4071863E2B418EF004070EC
:1041D0009307701F63F8973E93D794006380071886
:1041E00013074000636EF73293D7640093859703FB
:1041F0001388870313963500371902801309891C29
:104200003306C90003244600130686FF63088602AE
:104210001305F0006F0040018326C4006356072891
:10422000630ED600138406008327440093F7C7FF6C
:1042300033879740E352E5FE930508000324090104
:1042400093088900630E1425832744009306F00029
:1042500093F7C7FF3387974063CCE636232A1901CB
:1042600023281901635007341307F01F0325490061
:104270006368F72413F787FF130787003307E90004
:104280008326070013D6570093071000B397C70083
:104290003365F500930787FF2326F4002324D40019
:1042A0002322A9002320870023A6860093D7254038
:1042B000130610003316F600636AC50AB377A6002A
:1042C000639407021316160093F5C5FFB377A60093
:1042D00093854500639A070013161600B377A6006E
:1042E00093854500E38A07FE1308F0001393350019
:1042F00033036900130503008327C500138E0500EF
:104300006302F52403A747001384070083A7C700AF
:104310001377C7FFB30697406342D824E3C206FE73
:104320003307E40083264700032684001385090031
:1043300093E616002322D7002326F60023A4C70005
:10434000EF004059130584006FF0DFE59307C000CC
:1043500023A0F900130500006FF0DFE4130600202E
:10436000930500041308F0036FF01FE9032489008C
:10437000232861018327440013FBC7FF63689B0068
:1043800033079B409307F00063CAE70C2322910197
:10439000232A510103A741C783AA81C9232C4101C4
:1043A000232671019307F0FF330A6401B38A540195
:1043B0006306F73CB71700009387F700B38AFA004B
:1043C000B7F7FFFFB3FAFA0093850A0013850900D7
:1043D000EF40803F9307F0FF930B0500630AF5441D
:1043E00023248101636E4523138C817D83250C007A
:1043F000B385BA002320BC00138705006316AA2AE0
:10440000931745016392072A832B8900B3075B0149
:1044100093E7170023A2FB0083A641C963F4B6000B
:1044200023AAB1C883A601C963F4B60023A8B1C802
:10443000032C810013840B0093F7C7FF3387974049
:1044400063EA97389307F00063D6E738032A8101BF
:10445000832A4101832BC100832C410093E7140080
:104460002322F400B3049400232499001367170057
:104470001385090023A2E400EF00C0458320C10298
:104480001305840003248102032B010183244102CC
:10449000032901028329C101130101036780000080
:1044A000032549006FF09FE0032684006FF05FCD85
:1044B00003A4C70093852500E38287D86FF05FCB04
:1044C00013D797009306400063F2E6149306400169
:1044D00063E4E6321306C7059306B70513163600E4
:1044E0003306C90003270600130686FF6318E6009B
:1044F0006F004029032787006308E60083264700F2
:1045000093F6C6FFE3E8D7FE0326C7002326C400C0
:104510002324E40023248600232687006FF01FD97C
:10452000130740016378F710130740056364F72E03
:1045300093D7C4009385F7061388E70613963500D2
:104540006FF09FCB130E1E0093773E00130585007E
:10455000638007108327C5006FF09FDA032684006D
:1045600093E514002322B4002326F60023A4C700F9
:10457000B3049400232A99002328990093E7160096
:1045800023A6140123A4140123A2F4003307E4009A
:10459000138509002320D700EF00C03313058400E2
:1045A0006FF05FC0B307F40003A74700138509004D
:1045B0001367170023A2E700EF00C0311305840042
:1045C0006FF05FBE93D53400938784006FF0DFB83F
:1045D00093E614002322D400B3049400232A990004
:1045E000232899009366170023A6140123A414011D
:1045F00023A2D400B307F4001385090023A0E70029
:10460000EF00402D130584006FF0DFB913D767006A
:104610001306970393068703131636006FF05FECBB
:10462000630C240703248900032C810083274400A2
:104630006FF09FE09385C7051388B7051396350083
:104640006FF09FBB832783009385F5FF639E6726EA
:1046500093F73500130383FFE39607FE0327490012
:104660009347F6FFB3F7E7002322F900131616006D
:10467000E3EEC7CEE30C06CE3377F600631A0700ED
:10468000131616003377F600130E4E00E30A07FEEA
:1046900093050E006FF09FC5138C817D03270C00DE
:1046A0003387EA002320EC0083A641C79307F0FF7D
:1046B0006386F618B3874B41B387E7002320FC00DD
:1046C00093FC7B00638C0C0CB38B9B41B7170000F1
:1046D00093878700938B8B00B3859741B38A5B01E7
:1046E000B38555419395450113DA450193050A00B9
:1046F00013850900EF40400D9307F0FF6300F518A4
:1047000033057541B30A450103270C0023247901C1
:1047100093E71A00B305EA002320BC0023A2FB00A4
:10472000E30C24CF9306F00063F0660B03274400EC
:1047300093074BFF93F787FF137717003367F70053
:104740002322E400130650003307F4002322C7009D
:104750002324C70063E6F60083A74B006FF0DFCB8E
:104760009305840013850900EFF0CFEA832B8900BD
:1047700083250C0083A74B006FF01FCA938A0A01A0
:104780006FF09FC493D6264093071000B397D700CD
:104790003365F5002322A9006FF05FD7B3855B0175
:1047A000B305B0409395450113DA450193050A001E
:1047B00013850900EF4040019307F0FFE312F5F481
:1047C000130A00006FF05FF4032C810093071000C0
:1047D00023A2FB0013850900EF00C00F13050000A2
:1047E000032A8101832A4101032B0101832BC1008C
:1047F000832C41006FF01F9B9306400563E4E604A1
:1048000013D7C7001306F7069306E70613163600FC
:104810006FF01FCD130740156364F70493D7F400BE
:104820009385870713887707139635006FF0DF9C11
:1048300003248900832744006FF01FC023AA71C797
:104840006FF01FE89306401563E4E60413D7F70002
:104850001306870793067707131636006FF05FC8B5
:10486000130740556364F70493D724019385D70752
:104870001388C707139635006FF01F98938C8CFF31
:10488000B38A9A01B38A7A41130A00006FF0DFE716
:104890009306405563E4E60213D727011306D707B2
:1048A0009306C707131636006FF09FC31306803FA9
:1048B0009305F0071308E0076FF01F941306803F7D
:1048C0009306E0076FF0DFC1832749006FF01FDA1E
:1048D0006780000067800000130101ED232611129C
:1048E00023229112232A511123267111938A050044
:1048F000930406002324D100930B0500EF30D06B06
:1049000083270500138507002322F102EFF00F979C
:104910002320A10263880B0083A74B036394070045
:104920006F1040738397CA001397270163460702ED
:1049300003A74A0637260000B7E6FFFFB3E7C70024
:104940009386F6FF9397070193D707413377D700F4
:104950002396FA0023A2EA0613F787006302072EC4
:1049600003A70A01630E072C93F7A7011307A00002
:10497000638AE72EB707028023286111232481115F
:10498000130B010B9387C778371C028023248112F5
:10499000232C4111232EB10F23202113232E31115B
:1049A000232291112320A111232E61072322010824
:1049B00023200108232A0100232C0100232E0100BB
:1049C00013040B00232401022328010223220100E7
:1049D0002326F100130A0001130C0C90232071010F
:1049E000938D040083C70D00638C071E93840D0014
:1049F000130750026386E72A83C7140093841400C8
:104A0000E39A07FE3389B441638CB41D0327410840
:104A1000832701082320B401330727019387170058
:104A2000232224012322E1082320F1081307700028
:104A300013048400634EF7260327410083C7040054
:104A4000330727012322E100638C071893841400A5
:104A5000A30F01049309F0FF930B0000130900005A
:104A60009306800503CD0400938D140093070DFE7B
:104A700063E6F6040327C10093972700B387E70096
:104A800083A7070067800700930B000093070DFDC5
:104A90001306900003CD0D0013972B00B30B770185
:104AA000939B1B00B38B770193070DFD938D1D0026
:104AB000E372F6FE93070DFEE3FEF6FA63020D12B3
:104AC0002304A109A30F010413071000930410008D
:104AD000930C8108130F090093090000232801009B
:104AE000930F000093724F08032941086396020058
:104AF000B387EB40E342F0448347F105638A070242
:104B0000832701089306F1052320D4001309190017
:104B100093061000938717002322D4002322210933
:104B20002320F108930670001304840063C0F61A72
:104B3000638A0F0283270108930601062320D4000D
:104B40001309290093062000938717002322D4001D
:104B5000232221092320F108930670001304840006
:104B6000E3CEF64E93070008E38AF208B389994032
:104B7000E34E301993770F1063940774832701086D
:104B8000330999002320940193871700232294006E
:104B9000232221092320F1089306700063CCF6201C
:104BA00013048400137F4F0063060F00B384EB40AF
:104BB000E342904E13830B0063D4EB001303070012
:104BC00083274100B38767002322F100E31A0922FB
:104BD00083C70D002320010813040B00E39807E0AE
:104BE00083274108832B0100638407006F10407501
:104BF00083D7CA00032481120329011293F7070403
:104C00008329C111032A8111032B0111032C811067
:104C1000832C4110032D0110832DC10F63840700E5
:104C20006F10901D8320C11203254100832441127F
:104C3000832A4111832BC1101301011367800000E7
:104C400093850A0013850B00EF30006C63040500A8
:104C50006F10901A8397CA001307A00093F7A7015B
:104C6000E39AE7D08397EA00E3C607D08326810062
:104C70008320C1121386040093850A008324411205
:104C8000832A411113850B00832BC11013010113DB
:104C90006F1010381369090193840D006FF09FDCC9
:104CA0003389B441E394B4D783C704006FF0DFD9EC
:104CB000032501001306C10793850A00EF10505425
:104CC000E31805F213040B006FF01FD70325010052
:104CD0001306C10793850A00232EE102232CE1036A
:104CE000232A51022326F103EF109051E31205F01D
:104CF000032941080327C103032F810383224103B2
:104D0000832FC10213040B006FF09FE28327010879
:104D1000B7060280938686782320D40013091900F1
:104D200093061000938717002322D4002322210921
:104D30002320F108930670001304840063D4F60066
:104D40006F108010630406006F10804583264101B8
:104D500093771F00B3E7D700E38607E48327410278
:104D6000832601022320F40083270108B38526014E
:104D70002322D400938717002322B1082320F108AF
:104D80009306700063D4F6006F10806413048400EF
:104D90008326410193871700232094013389B600AD
:104DA0002322D400232221092320F1089306700036
:104DB000E3D8F6DE032501001306C10793850A0038
:104DC0002326E1022328E101EF109043E31205E2DC
:104DD00003294108032F01010327C10213040B001B
:104DE0006FF05FDC93778900E39C07608327810085
:104DF0009387770093F787FF03A7070093878700C0
:104E0000232CE10003A7C7FF2324F100232EE10098
:104E1000832CC10103A7C1C18326810183A701C2DD
:104E200093941C0093D4140013850600938504000A
:104E30001306070093860700EF90504C63040500AB
:104E40006F1000048326810103A7C1C183A701C29B
:104E50001385060093850400130607009386070058
:104E6000EF80503B6344A0006F1080010327810155
:104E700093850C001306000013050700930600003D
:104E8000EF805039635405006F1040438346F105AD
:104E90009307700463D4A7016F108041B70C0280A0
:104EA000938C8C7423280100137FF9F713073000CB
:104EB0009304300093090000638406001307170071
:104EC000937F2F00E3800FC213072700930F20006A
:104ED0006FF05FC1832681009377090103A7060065
:104EE000938646002324D100639207129376090427
:104EF00093070700E390064E634E07108346F105C3
:104F000063C40904137FF9F7631E07021307100037
:104F1000639E0920E314073C93741900930C0B0063
:104F20006382040493070003A307F10A930CF10AB8
:104F30001387040063CC340323280100E39006F8B0
:104F40006FF01FF813090F0013079000E364F76C6C
:104F500093870703A307F10A130F090093041000B6
:104F6000930CF10A13870400E3D834FD138709007A
:104F7000232801006FF09FFC8327810083AB07008B
:104F8000938747002324F100E3D80BD0B30B704183
:104F90001369490093840D006FF0DFAC03CD0D0061
:104FA0009307A002938D1D006314FD006F10807D98
:104FB00093070DFD93059000130700001306900062
:104FC00093090000E3E4F5AA03CD0D00931927002F
:104FD000B389E900939919003387F90093070DFD10
:104FE000938D1D00E372F6FE93090700E35007A8B6
:104FF0009309F0FF6FF09FA78327810013690901D0
:1050000003A70700938747002324F10093070700B5
:10501000E35607EEB307E0409306D00213071000F3
:105020006F00000A1369090893840D006FF09FA3B5
:105030001369090493840D006FF0DFA20327810038
:10504000A30F0104930410008327070013074700F0
:105050002324E1002304F10813071000930C8108B6
:105060006FF05FA79307B002A30FF10493840D00C4
:105070006FF05F9F1369190093840D006FF09F9E7E
:105080008347F105E39A07C093070002A30FF104D9
:1050900093840D006FF01F9D1369890093840D00A8
:1050A0006FF05F9C032781001369090183270700C4
:1050B000130747002324E1001307100093060000A4
:1050C000A30FD10463C80900137FF9F7E38207E453
:1050D00013090F0013061000E308C7E613062000AB
:1050E0006306C706930C0B0013F77700130707033B
:1050F000A38FECFE93D7370013860C00938CFCFF34
:10510000E39407FE9377190063840706930700036F
:105110006300F7061306E6FFA38FFCFEB304CB4043
:10512000130F0900930C06006FF0DFE393071000E4
:105130006314F7006F10C03F9307200013090F009E
:105140006304F7006F10002193070000032681021B
:10515000930C0B0013F7F7003307E6000347070033
:1051600093D74700938CFCFF2380EC00E39407FE69
:10517000B3049B41130F09006FF0DFDE03278100AA
:105180001369090183270700130747002324E1005F
:10519000130700006FF09FF2832681001377090147
:1051A00083A70600938646002324D100E31607F068
:1051B00013770904E30207F09397070193D70701D8
:1051C000130710006FF09FEF83278100A30F0104E6
:1051D00083AC070013884700E3800C3223240101CD
:1051E00063D409006F10400713860900930500007F
:1051F00013850C00EF30003F032881006314050085
:105200006F10803AB30495418346F10513C7F4FF4C
:105210001357F741232401012328010033F7E40049
:10522000130F090093090000E39A06C86FF05FC9E5
:105230008326810037870000130707832310E106C8
:10524000138746002324E100370702801307C7763F
:105250002324E10283A70600136929001307200015
:10526000130D80076FF09FE58326810013770901F6
:1052700083A70600938646002324D100E31A07F093
:1052800013770904E30607F09397070193D7070103
:10529000130700006FF09FE293770901E38407147E
:1052A000832781000327410083A7070023A0E7008D
:1052B00083278100938747002324F1006FF08FF24A
:1052C0009307500663DAA735832681018327C1013E
:1052D000130600001385060093850700930600005F
:1052E000232AE1022326E103EF80005A032FC102A3
:1052F000032741036316056683270108B70602806A
:10530000938686782320D400130919009306100091
:10531000938717002322D400232221092320F10898
:105320009306700013048400E3C0F64C8327410603
:1053300083264101E3D8D70883274102832601024F
:1053400013048400232CF4FE832701083309D900B9
:10535000232ED4FE93871700232221092320F1084E
:1053600093067000E3CCF60E832741019384F7FF88
:10537000E35A9082930600018327010863C49600D4
:105380006F10003DB7160280938606902326E10237
:10539000032D010013070400930900011384040086
:1053A000930C70002328E101938406006F00C00075
:1053B000130404FFE3D6894A1309090193871700F0
:1053C0002320970023223701232221092320F108DB
:1053D00013078700E3DEFCFC1306C10793850A0070
:1053E00013050D00EF10C061E31405800329410887
:1053F0008327010813070B006FF09FFBB387EB4077
:105400006356F0F6930600010326010863C4F60014
:105410006F10C01DB716028093860690232A910252
:10542000930509009308000113090700930F70000A
:10543000130704002326E103138407009384060066
:105440006F00C000130404FF63DA8804938505012C
:105450001306160023209700232217012322B108E8
:105460002320C10813078700E3DECFFC03250100DA
:105470001306C10793850A00EF108058631A05F6DA
:1054800093080001130404FF832541080326010843
:1054900013070B00930F7000E3CA88FA9386040089
:1054A000032FC10283244103930704001304070060
:1054B00013070900138905003309F90013061600C4
:1054C0002322F4002320D400232221092320C10811
:1054D000930770001304840063DAC7E80325010012
:1054E0001306C10793850A00232AE1022326E1035C
:1054F000EF100051631E05EE032941080327410305
:10550000032FC10213040B006FF04FE6B7160280A1
:105510008327010893860690635A3A099306090087
:1055200093087000130907002326E1031307040002
:105530001384090093090C006F00C000130404FFDA
:1055400063588A04938606019387170023208701F6
:10555000232247012322D1082320F10813078700C3
:10556000E3DEF8FC032501001306C10793850A005A
:10557000EF100049631E05E6130404FF832641086B
:105580008327010813070B0093087000E34C8AFA85
:10559000032FC102138609009309040013040700B6
:1055A0001307090013890600930606003309390121
:1055B000938717002320D4002322340123222109BA
:1055C0002320F108930670001304840063D4F6DAF4
:1055D000032501001306C10793850A00232AE1026F
:1055E0002326E103EF10C041631405E003294108BD
:1055F00003274103032FC10213040B006FF08FD761
:10560000032501001306C10793850A00EF10403FF0
:10561000630005DC6FF0CFDD8324010883264101A0
:105620009307100023209401130919009384140098
:105630009309840063DAD74A930710002322F40009
:1056400023222109232091089307700063CC9774CB
:105650008327010283264102938414003309F90051
:1056600023A2F90023A0D900232221092320910895
:10567000930770009389890063C297768327C101DD
:1056800083268101130600009385070083274101CB
:1056900013850600930600002326E1022328E1017A
:1056A0001384F7FFEF80401E032F01010327C1027F
:1056B00063040548938C1C0093841400330989000B
:1056C00023A0990123A289002322210923209108E4
:1056D0009307700093898900E3C29714832601031E
:1056E0009307C106938414003389260123A0F9008F
:1056F00023A2D900232221092320910893077000B7
:105700001384890063D097CA032501001306C107DB
:1057100093850A002326E1022328E101EF10402EA1
:10572000631805CC032941080327C102032F010197
:1057300013040B006FF00FC7930600010326010846
:10574000E3D6F668B71602809386068F232E910261
:1057500093050900930800011309070093037000E3
:10576000130704002326F103232A5102232CE1030B
:1057700013840700938406006F00C000130404FF25
:1057800063DA880493850501130616002320970029
:10579000232217012322B1082320C1081307870001
:1057A000E3DEC3FC032501001306C10793850A004D
:1057B000EF100025631E05C293080001130404FFC7
:1057C000832541080326010813070B00930370008B
:1057D000E3CA88FA93860400832FC102832241031F
:1057E000032F81038324C1039307040013040700DC
:1057F00013070900138905003309F9001306160081
:105800002322F4002320D400232221092320C108CD
:10581000930770001304840063D0C7AE0325010012
:105820001306C10793850A00232EE102232CE1030E
:10583000232A51022326F103EF10801C631A05BAB4
:10584000032941080327C103032F81038322410356
:10585000832FC10213040B006FF00FAA0325010070
:105860001306C10793850A00232CE102232AE103D2
:1058700023265102EF10C018631C05B60329410806
:1058800003278103032F41038322C10213040B006A
:105890006FF04FAD9306000183270108E3D29654C1
:1058A000B71602809386068F138D040093090001BA
:1058B000930C70002328E100938406006F00C00061
:1058C000130D0DFF63D6A90513090901938717006E
:1058D0002320940023223401232221092320F108CC
:1058E00013048400E3DEFCFC032501001306C1075A
:1058F00093850A00EF10C010631C05AE130D0DFF59
:10590000032941088327010813040B00E3CEA9FBF8
:10591000032701019386040093040D0033099900C5
:10592000938717002320D4002322940023222109E7
:105930002320F1089306700063DEF6A6032501001C
:105940001306C10793850A002328E100EF10400BDE
:10595000631005AA03294108032701016FF08FA5F1
:10596000032641066354C0BA8327410183260101FF
:105970009389070063C8F62C635630038327010818
:10598000330939012320940193871700232234011E
:10599000232221092320F1089306700013048400B8
:1059A000E3CEF61A93C7F9FF93D7F741B3F9F9009D
:1059B00083270101B389374163403037832641068D
:1059C0008327410163D6F62883274102032601027B
:1059D00013048400232CF4FE832701083309C90033
:1059E000232EC4FE93871700232221092320F108C8
:1059F00013067000E342F6308327410103260101BC
:105A0000B386D740B389C74063D436019389060073
:105A1000635A300383270101032601083309390142
:105A2000B38CFC00130616002320940123223401BA
:105A3000232221092320C108930770001304840046
:105A4000E3C0C73213C6F9FF1356F641B3F7C900D6
:105A5000B384F640635890949306000183270108AD
:105A6000E3D8964EB7160280938606902326E1026D
:105A7000032D01001307040093090001138404009F
:105A8000930C70002328E101938406006F00C0008E
:105A9000130404FF63D6895C130909019387170077
:105AA0002320970023223701232221092320F108F4
:105AB00013078700E3DEFCFC1306C10793850A0089
:105AC00013050D00EF00D0736314059203294108FC
:105AD0008327010813070B006FF09FFB930400005E
:105AE000930C0B006FF00FC893761F00E39606B47B
:105AF0002322F40023222109232091089307700018
:105B0000E3DE97BC032501001306C10793850A0055
:105B10002326E1022328E101EF00906E631A058C31
:105B200003294108832401080327C102032F01012F
:105B300093090B006FF09FBA832641019307100071
:105B4000E3DED7B893071001E3DED73EB716028035
:105B50009386069093870900930C00019309070030
:105B6000130D7000130709002328E10113890600B3
:105B70006F00C000130404FF63DA8C701307070181
:105B80009384140023A0270123A297012322E10874
:105B90002320910893878700E35E9DFC0325010085
:105BA0001306C10793850A00EF00906563040500A2
:105BB0006FF00F84032741088324010893070B002B
:105BC0006FF05FFB93771F00639407006FE09FFD0A
:105BD0006FF08FF61317070113570741930707005C
:105BE0006FF00FC3937F0904638C0FEA8327810052
:105BF0000327410083A707002390E7006FF04FEBD6
:105C0000032781001305010483270700930447003D
:105C100003A707002320E10403A747002322E10490
:105C200003A787002324E10483A7C7002326F104E8
:105C3000EF900012232CA100232EB1002324910009
:105C40006FF00F9D93890600E34A30D36FF09FD524
:105C500093771F00E38207DA6FF01FD70325010057
:105C60001306C10793850A002326E1022328E101D8
:105C7000EF001059630405006FE09FF70329410806
:105C80000327C102032F010113040B006FF0CFEDB6
:105C9000B7070280938787752324F102832681004A
:105CA0001377090183A70600938646002324D100B9
:105CB000631A070013770904630607009397070127
:105CC00093D707019376190013072000638806BE57
:105CD000638607BE930600032300D106A300A10735
:105CE000136929006FF08FBDB70702809387C776CD
:105CF0002324F1026FF09FFA930760009384090058
:105D000063E83769B70C028013870400232401017C
:105D1000938C0C786FE01FDC930600018327010849
:105D2000E3DC3625B71602809305070093860690BC
:105D3000130704001306090013840900130D000162
:105D4000930470002326E10313890600938905005C
:105D50006F00C000130404FF635A8D56130606013A
:105D600093871700232027012322A7012322C1089C
:105D70002320F10813078700E3DEF4FC032501006C
:105D80001306C10793850A00EF00904763040500DE
:105D90006FE01FE6032641088327010813070B0065
:105DA0006FF05FFB032501001306C10793850A000E
:105DB0002326E1022328E101EF009044630405005B
:105DC0006FE01FE303294108832401080327C10270
:105DD000032F010193090B006FF09F87032501003A
:105DE0001306C10793850A002326E1022328E10157
:105DF000EF001041630405006FE09FDF03294108B5
:105E0000832401080327C102032F010193090B001A
:105E10006FF0DF86930C0B001306A00013059000B3
:105E200033F7C702938CFCFF938507001307070322
:105E30002380EC00B3D7C702E364B5FEB3049B41F3
:105E4000130F09006FF00F92032501001306C1071D
:105E500093850A002326E1022328E101EF00503A4E
:105E6000630405006FE0DFD80326410603294108DB
:105E70000327C102032F010113040B006FE09FEC05
:105E8000032881018327C1011306080013050800B8
:105E90009386070093850700EF805046E3120502C2
:105EA0001377FDFD9307F0FF2326E102136F09101E
:105EB0006388F96E930770046302F7688327C10152
:105EC000930200009384070063C0074E93076006A7
:105ED00013870900930630006310FD4E03268101ED
:105EE0001308810693074106130506009305050074
:105EF000032501009308410713860400232A510259
:105F0000232AE1012328E100EF20D05803270101D3
:105F100093076006032F410183224103930C050080
:105F20003308E500631CFD0083C60C0093070003E3
:105F30006380F656832741063308F80083278101E2
:105F400093850400130600001385070093060000E4
:105F5000232A5102232A01012328E101EF70D012E4
:105F6000032F0101032841018322410363060542F7
:105F70008327410763FE0701930600031387170079
:105F8000232AE1062380D70083274107E3E807FFA0
:105F9000032741062328E100B3879741232AF10014
:105FA0008327C102130770046384E7149307600614
:105FB0006312FD180327010193771900B3E7370136
:105FC0006356E07E639C077283240101130D600613
:105FD00013870400638802509307D002A30FF104D3
:105FE000930900006FE09FED032501001306C10730
:105FF00093850A002326E1022328E101EF005020C7
:10600000630405006FE0DFBE032941080327C102D6
:10601000032F010113040B006FF04FB103250100A2
:106020001306C10793850A002326E1022328E10114
:10603000EF00101D630405006FE09FBB03294108BA
:1060400083240108032F01010327C10293090B00D8
:106050006FF0CFE813850B00EFD00F876FE09F8CB8
:1060600093860400032F0101930404001304070026
:106070000327C10233099900938717002320D40016
:106080006FE0DFB063CC07688324C1019302000096
:1060900093091000032781019307410693084107E4
:1060A0001305070093050500032501001308810669
:1060B000138709009306200013860400232A510049
:1060C0002328E101EF20103D93771900032F0101F0
:1060D00083224101930C05006390075083274106FA
:1060E0002328F10083274107B387A740232AF10023
:1060F000032701019307D0FF634CF70263CAE9024B
:106100008327410103270101634CF750937F190056
:106110008327010163960F5C13C7F7FF1357F741FD
:1061200033F7E70093840700130D70066FF09FEAC2
:10613000130DEDFF032701012306A1079307B0020A
:106140009308F7FF2322110763CC0832A306F10658
:106150009307900063C0172D93870803130700036C
:10616000A307F106930740002307E1062328F10265
:10617000032741018326010393071000B304D700CE
:1061800063D2E7488327010223280100B384F40087
:1061900013C7F4FF1357F74133F7E4006FF09FE3A1
:1061A000832741028326010213048400232CF4FE7A
:1061B00083270108B3852601232ED4FE9387170079
:1061C0002322B1082320F1089306700063C2F62051
:1061D000634406006FE0DFBB930600FFB304C040DA
:1061E0006356D660B7160280938606902328E10096
:1061F000930900011307040013097000130D0F0029
:10620000138406006F00C000938404FF63D4994494
:1062100093850501938717002320870023223701E8
:106220002322B1082320F10813078700E35EF9FC5D
:10623000032501001306C10793850A00EF00407C87
:10624000630405006FE0DF9A832541088327010876
:1062500013070B006FF05FFB13850C00EFD01F825C
:106260008346F1051347F5FF1357F7412328010033
:10627000930405003377E500130F0900930900002C
:10628000638406006FE09FC36FE09FC3032F01018B
:106290009306090013090700138709009389070073
:1062A000330989009384140023A0D9006FF08FC1B3
:1062B000B70C0280938CCC746FE0DFBE9307D002E2
:1062C000A30FF1049306D0026FE09FBC032FC1021D
:1062D0009385090093060900930904001309060039
:1062E000130407001387050033093901938717004A
:1062F0002320D40023223401232221092320F10862
:10630000930670001304840063DAF6EA03250100A3
:106310001306C10793850A00232AE1022326E1031D
:10632000EF00006E630405006FE09F8C03294108B5
:1063300003274103032FC10213040B006FF00FE882
:106340001306C10793850A0013850B00EF00406B0D
:106350006FE01F8A930700006FE0DFD8032501007C
:106360001306C10793850A00232AE1022326E103CD
:10637000EF000069630405006FE09F87032941086F
:1063800003274103032FC10213040B006FF08FE1B9
:10639000930460006FF01F97832741062328F100C4
:1063A000930708006FF05FBFB7040080B3C4F40028
:1063B0009302D0026FF09FB10327C10293075004EC
:1063C000E31AF7CC13871900930620006FF01FB172
:1063D000032501001306C10793850A002326E10265
:1063E0002328E101EF00C061630405006FE05F80D6
:1063F0000326410683254108832701080327C1029C
:10640000032F010113040B00634406006FE05F9843
:106410006FF09FDC1305B107930605001306A0007B
:106420001308300633E7C8029387060093850800F7
:106430009386F6FF13070703A38FE7FEB3C8C802CE
:10644000E342B8FE938808031387E7FFA38F16FF84
:106450006378A7389306E106034607001307170081
:1064600093861600A38FC6FEE318A7FE1307010F3D
:10647000B307F7409387F7F82328F1026FF05FCF57
:1064800093071000B388E7409307D0026FF01FCC4A
:1064900083268101938504001306000013850600FE
:1064A00093060000232C5102232A0103232AE10032
:1064B0002328E101EF70403D032F01010327410133
:1064C00003284103832281036314052683274106A1
:1064D0003308F8002328F100B3079841232AF1007C
:1064E0006FF05FAD8346F1059309000063840600F9
:1064F0006FE0DF9C6FE0DF9C032501001306C107FE
:1065000093850A00232AE1022326E103EF00404F8E
:10651000630405006FE0CFED83264106032941089F
:1065200003274103032FC10213040B006FF0CFCCEC
:1065300013090F00930700006FE09FA18327C1019B
:10654000E38209B49384070093020000E3D407B404
:10655000B7040080B3C4F4009302D0026FF09FB37D
:10656000032501001306C10793850A002326E102D3
:106570002328E101EF00C048630405006FE04FE706
:106580008326410683274101032941080327C102CD
:10659000032F010113040B00B386D7406FF08FCA9D
:1065A000930960006FF09F918346F1052328010055
:1065B0001387090093840900130F09009309000051
:1065C000638406006FE09F8F6FE09F8FB716028095
:1065D0009386068F6FF04FA2330835016FF01F9638
:1065E000B71602809386068F6FF04FB3B7160280FE
:1065F000938606906FE05FEC9307F0FF2322F10093
:106600006FE04FE2937719002328F100E39C07B66F
:1066100013C7F4FF1357F74133F7E4006FF09F9B64
:106620008327410103270102B384E7008327010187
:106630006348F000832701013388F4409304180075
:1066400013C7F4FF1357F74133F7E400130D700637
:106650006FF05F98930604001304070003270101FD
:10666000130F0D00B3859500938717002320D400E6
:10667000232294002322B1082320F10893067000FE
:1066800063C4F6006FE08FF0032501001306C10715
:1066900093850A002326E1022328E101EF0040361A
:1066A000630405006FE0CFD48325410883270108E8
:1066B0000327C102032F010113040B006FE04FED0C
:1066C0008327C10163C2070A8346F105930770045B
:1066D00063C6A709B70C0280938C0C756FE08FFC22
:1066E00003270102130D7006B384E70013C7F4FFFC
:1066F0001357F74133F7E4006FF0DF8D8327010272
:106700003388E900130D6006B304F80013C7F4FFE3
:106710001357F74133F7E4006FF0DF8BB7040080C5
:10672000B3C4F4009302D002930910006FF09F9657
:1067300093071000B387E7402322F1063308F800DF
:106740006FF0CFFFB7160280938606906FF05FB5AB
:10675000B7160280938606906FF0DF91B70C028027
:10676000938C4C756FE00FF49307D002A30FF104E4
:106770009306D0026FF09FF5B716028093860690BD
:106780006FF09FB68327810083A907009387470096
:1067900063C809002324F10093840D006FE08FACDF
:1067A0009309F0FF2324F1006FF01FFF639A0700A5
:1067B00013071000130D6006930410006FF09F8103
:1067C00083270102130D600613881700B3043801F4
:1067D00013C7F4FF1357F74133F7E4006FF08FFF4F
:1067E000930720002328F1026FF09F98B7160280CC
:1067F000938606906FF01FE79307050003A501C776
:106800009306060013860500938507006FE0CF8C82
:10681000130101B88397C50003D7E500232C8146F7
:1068200013840500B70501009385D5FF032E4406A8
:106830000323C4018328440213170701B3F7B700E9
:10684000B3E7E70013080040232AF1009305810015
:1068500093070107232A914623282147232E114617
:10686000130905002326C1072322610223261103F1
:106870002324F100232CF10023280101232E010100
:1068800023200102EFE04F8593040500635C0502BD
:106890008357410193F70704638807008357C400B7
:1068A00093E707042316F4008320C147032481479C
:1068B000032901471385040083244147130101483C
:1068C000678000009305810013050900EF108044E4
:1068D000E30005FC9304F0FF6FF09FFB83A74506E0
:1068E000130101FD232861012326110213972701BB
:1068F000130B06006358070E83278600232021030D
:10690000232E3101232A5101232671011389050009
:10691000832B060093090500930AF0FF6388070A9A
:106920002324810223229102232C4101232481016B
:1069300003AC4B0003A40B00135A2C0063060A0699
:10694000930400006F00C00013044400630C9A0419
:10695000832504001306090013850900EF10103E7B
:1069600093841400E31255FF03248102832441021F
:10697000032901028329C101032A8101832A4101DC
:10698000832BC100032C81001305F0FF8320C1027B
:1069900023240B0023220B00032B0101130101030D
:1069A0006780000083278B00137CCCFFB38787416F
:1069B0002324FB00938B8B00E39C07F603248102C6
:1069C00083244102032A8101032C8100032901024F
:1069D0008329C101832A4101832BC10013050000D3
:1069E0006FF0DFFAEF1040418320C10223240B0037
:1069F00023220B00032B0101130101036780000018
:106A000003278600630407006FF05FED2322060072
:106A10001305000067800000130101F22326310DE9
:106A2000232C810B2326B10B232E110C2320A10034
:106A300093890500930D0600138C0600630605007C
:106A400083274503E38E07588397C90013972701CF
:106A50006346070203A7490637260000B7E6FFFF93
:106A6000B3E7C7009386F6FF9397070193D70741D3
:106A70003377D7002396F90023A2E90613F787009E
:106A80006308071203A709016304071293F7A7011C
:106A90001307A000638EE712B71702802328210D89
:106AA000232E710B1309010693870791B71B0280F0
:106AB000232C810C232A910C2324410D2322510DD8
:106AC0002320610D232A910B2328A10B23262103C8
:106AD000232A0102232801021307090023260100AB
:106AE000232201002328F10013040001938B4BA8FB
:106AF00083C70D006386071093840D009306500230
:106B00006386D72E83C7140093841400E39A07FE8C
:106B1000338AB4416386B40F83264103832701037C
:106B20002320B701B306DA00938717002322470119
:106B3000232AD1022328F1021306700013078700CD
:106B40006350F602E382062E032501001306C102FC
:106B500093850900EFF09FD86318050A1307090011
:106B60008326410083C70400B38646012322D10057
:106B70006388070893871400A30301029306F0FFBC
:106B800093040000930C00001305800503C6070062
:106B9000938D1700930706FE6368F50E83250101A8
:106BA00093972700B387B70083A707006780070084
:106BB0000325010093850900EF100075E31E054CC5
:106BC0008397C9001307A00093F7A701E396E7ECAA
:106BD0008397E900E3C207EC032501008320C10D80
:106BE00093060C0013860D00032C810B832DC10A24
:106BF000938509008329C10C1301010E6F00D04E4B
:106C000083274103E39C074283D7C9000324810DF6
:106C10008324410D93F707040329010D032A810CF6
:106C2000832A410C032B010C832BC10B832C410BBA
:106C3000032D010BE39207468320C10D032541007C
:106C40008329C10C032C810B832DC10A1301010E72
:106C50006780000093040000930706FD130890006E
:106C600003C60D0093952400B385950093951500F8
:106C7000B384B700930706FD938D1D00E372F8FE01
:106C8000930706FEE37CF5F0E30C06F6230CC10245
:106C9000A3030102130A1000130B1000930A8103CF
:106CA00093060000130F00000326010393FF4C0816
:106CB0008327410393051600138E050063960F008A
:106CC000338D4441E340A00383457102638A05028A
:106CD00013067102938717002320C70013061000C4
:106CE0002322C700232AF1022328C10313067000C0
:106CF0006342C67913060E0013078700130E1E00A9
:106D000063000F0613068102938727002320C70024
:106D1000130620002322C700232AF1022328C103DF
:106D2000130670006358C67BE38607100325010035
:106D30001306C10293850900232AD1002324F101FF
:106D4000EFF0DFB9E31205EC0326010383274103CB
:106D500083264101832F810013070900130E1600BB
:106D6000930500086382BF54338D66416348A06376
:106D7000B307FB002320570123226701232AF102D6
:106D80002328C1039306700063D4C65163880706A5
:106D9000032501001306C10293850900EFF01FB41B
:106DA000E31405E6832741031307090013F34C009E
:106DB00063060300338B4441634E600563D4440192
:106DC00093040A0003274100330797002322E100C0
:106DD000639E076623280102130709006FF05FD145
:106DE00093EC0C0193870D006FF05FDA338AB441A6
:106DF000E394B4D383C704006FF09FD72328010224
:106E000013F34C006300037C338B4441635C607B71
:106E1000130709009306000103260103E3D8662542
:106E2000371E0280130E4EA7130D0001930A700047
:106E30006F00800193052600130787001386060064
:106E4000130B0BFF635C6D05938707019306160018
:106E50002320C7012322A701232AF1022328D102DC
:106E6000E3DADAFC638A0742032501001306C10254
:106E7000938509002324C101EFF05FA6E31605D82E
:106E800003260103130B0BFF83274103032E81000D
:106E90001307090093051600E3486DFBB3876701EC
:106EA0002320C70123226701232AF1022328B102EC
:106EB00013077000E354B7F06386077003250100E1
:106EC0001306C10293850900EFF05FA1E31E05D20E
:106ED000832741036FF09FEE93F70C0103260C000C
:106EE000130C4C00639A071093F50C0493070600EB
:106EF000E3920500634006040345710263C806047B
:106F000093FCFCF763140604E39A0616130A0000C8
:106F1000130B0000930A090063040500130A1A000A
:106F200013FF2C00E3020FD8130A2A00130F2000CE
:106F30006FF09FD79307D002A303F102B307C040BD
:106F400063C4060093FCFCF71305D00213069000FF
:106F50006364F6749387070393F7F70FA30FF104A5
:106F6000138A06006344D000130A1000130B1000AC
:106F7000930AF105E31405FA6FF09FFA83240C00DD
:106F8000130C4C00E3D004E6B304904093EC4C00A7
:106F900093870D006FF09FBF03C60D009307A002FB
:106FA00093881D00E300F610930706FD93069000FA
:106FB0009305000013089000E3E4F60A03C60800F6
:106FC00093962500B386B60093961600B385D70036
:106FD000930706FD93881800E372F8FE9386050078
:106FE00063C00574938D08006FF0DFBA03260C00B0
:106FF00093EC0C01130C4C00930706006FF09FEF0D
:1070000093EC0C0893870D006FF05FB89307B00204
:10701000A303F10293870D006FF05FB793EC1C00A0
:1070200093870D006FF09FB683477102E39C07DAE8
:1070300093070002A303F10293870D006FF01FB5C1
:1070400083270C00A3030102130C4C00230CF10254
:10705000130A1000130B1000930A81036FF05FC432
:1070600083270C0013EB0C01130C4C00A30301024B
:1070700013061000930C0B0013050000E3C806EC88
:10708000937CFBF76392075663920674631E065E59
:10709000137B1B0063020B6493070003A30FF1042F
:1070A000130A0B00930AF1056FF09FE783270C008A
:1070B00013EB0C01130C4C00A30301021306000098
:1070C000930C0B00E3DE06FA930A090013F677002F
:1070D00013060603A38FCAFE93D7370093850A00D1
:1070E000938AFAFFE39407FE93F71C00638A07165E
:1070F000930700036306F6169385E5FFA38FFAFE58
:10710000330BB940138A060063C66661938A050093
:107110006FF01FE113F60C0183270C00130C4C00D9
:10712000631A060013F60C04630606009397070122
:1071300093D70701138B0C006FF01FF893F70C0126
:107140006390070213F30C04630C030083270C0005
:1071500083264100130C4C002390D7006FF05F99F9
:1071600083270C0083264100130C4C0023A0D7007A
:107170006FF01F9893EC0C0493870D006FF01FA124
:1071800013F60C0183270C00130C4C00631A060045
:1071900013F60C04630606009397070193D70701C3
:1071A000138B0C006FF09FEC832A0C00A3030102E9
:1071B000130C4C00638A0A6263CA065613860600E3
:1071C0009305000013850A00232AE1002324D1003F
:1071D000EF1040418326810003274101138B0600F5
:1071E00063040500330B554183477102134AFBFFCB
:1071F000135AFA41337A4B0193060000130F000033
:10720000E39E07D06FF05FAA37860000130606835F
:107210002314C102370602801306C67683270C00AA
:1072200093EC2C00130C4C002326C100A303010295
:10723000138B0C0013062000E3D406E4930A090024
:107240008325C10013F6F700938AFAFF3386C50041
:107250000346060093D747002380CA00E39207FE47
:10726000330B5941138A0600E3DC66CB130A0B008B
:107270006FF01FCB130710002328E10293070B00C8
:107280002320510723226107232A610313070900E2
:10729000130787006FF09FB19305100013060000DD
:1072A000130709006FF0DFB9338D4441E35EA0ABF3
:1072B0009305000163D8A55DB7150280938545A8A5
:1072C0002324B100130E0001130F70006F00800122
:1072D000130526001307870013860500130D0DFF05
:1072E0006352AE07032581009387070193051600BB
:1072F0002320A7002322C701232AF1022328B10259
:10730000E358BFFC63800716032501001306C10282
:1073100093850900232AD100EFF04FDCE316058E98
:1073200003260103130E0001130D0DFF83274103F4
:10733000832641011307090013051600130F70007F
:10734000E342AEFB03268100B387A7012322A701F6
:107350002320C700232AF1022328A102130670006C
:107360006352A6386388074A032501001306C10249
:10737000938509002324D100EFF04FD6E31605884A
:10738000832681000326010383274103338D664151
:1073900013070900130E1600E35CA09D6354A44775
:1073A00023247101930E70006F008001130E2600DC
:1073B0001307870013860500130D0DFF635AA405FC
:1073C0009387070193051600232077012322870066
:1073D000232AF1022328B102E3DABEFC6380070608
:1073E000032501001306C10293850900EFF00FCFBA
:1073F000E31C058003260103130D0DFF83274103C2
:1074000013070900130E1600930E7000E34AA4FB45
:1074100083268100B387A7012322A7012320D70059
:10742000232AF1022328C1039306700063C8C61DF6
:1074300013078700130E1E006FF09F93130E1000AA
:1074400013060000130709006FF01FF70325010062
:107450001306C10293850900EFF04FC8E30C0596AF
:107460006FF08FFA130510001306000013070900D0
:107470006FF0DFE663820704032501001306C102F3
:1074800093850900232CD100232AF1012324E10153
:10749000EFF0CFC4631A05F60326010383274103E7
:1074A00083268101832F4101032F810013070900E7
:1074B000130E16006FF0DF8463060F24930781021A
:1074C0002320F106930720002322F106130E10005B
:1074D0001307090013060E0013078700130E1E0082
:1074E0006FF01F88130500016354A537371E028013
:1074F000130E4EA7930E0001930270006F00C0019F
:10750000130526001307870013860500130D0DFFD2
:1075100063DCAE0793051600938707012320C7019C
:107520002322D701232AF1022328B102E3DAB2FC95
:1075300063820708032501001306C1029385090031
:10754000232EC101232CD100232AF1012324E101A0
:10755000EFF0CFB8631A05EA03260103930E00018A
:10756000130D0DFF83274103032EC10183268101E3
:10757000832F4101032F8100130709001305160013
:1075800093027000E3C8AEF9B387A7012320C701B7
:107590002322A701232AF1022328A1021306700047
:1075A0006342A60A13078700130E15001306050091
:1075B0006FF08FF113060000130510001307090088
:1075C0006FF0DFF463D4440193040A008327410081
:1075D000B38797002322F1006FF0CFFF13F3FCF77E
:1075E000936C23001306200093051000630EB62C45
:1075F00093052000E31AB6AC6FF05FC4E38C07C6B6
:10760000032501001306C10293850900EFF00FADB9
:10761000631C05DE032E01038327410313070900C2
:10762000130E1E006FF0CFF4232801021307090088
:107630006FF00FD3130E100013060000130709009C
:107640006FF00FF263820716032501001306C102D3
:1076500093850900232CD100232AF1012324E10181
:10766000EFF0CFA7631205DA032601038327410356
:1076700083268101832F4101032F81001307090015
:10768000130E16006FF04FE4130A0000130B0000F6
:10769000930A09006FF0DF88930A09009305A000A0
:1076A000930E900033F6B702938AFAFF138E070009
:1076B000130606032380CA00B3D7B702E3E4CEFF64
:1076C000330B5941138A0600E3D86685130A0B0071
:1076D000E31605846FF0DF84130A0000930A0900A3
:1076E0006FF01F8413078700130E150013060500A3
:1076F0006FF08FE713160601135606419307060035
:107700006FF04FFF13060000130E1000130709005F
:107710006FF00FE5130A0B00938A05006FF05F808E
:107720009306F0FF938D08006FF0CFC613850A0013
:107730002324E100EFC08FB403278100130B050061
:107740006FF09FAAB7070280938787752326F10001
:1077500093F50C0183270C00130C4C00639A050071
:1077600093F50C04638605009397070193D70701EF
:1077700093F51C00E38C05AAE38A07AA930500038E
:107780002304B102A304C102A3030102E3D806E467
:1077900093EC2C006FF09FAAB70702809387C776FF
:1077A0002326F1006FF0DFFA034771026300070838
:1077B000930771022320F106930710002322F1069C
:1077C000130E1000130709006FF0CFD293051000BD
:1077D000E310B6E213050000930700036FF00FF803
:1077E000EFB09F8E6FF04FA693076000138B0600DB
:1077F00063EAD70237080280130A0B00930A08785D
:107800006FF00FCAB7160280938646A82324D100D2
:107810006FF01FC0130E10001306000013070900BD
:107820006FF08FD4130B60006FF0DFFC13060000C5
:10783000130E1000130709006FF08FCC0325010011
:107840001306C10293850900EFF04F896FF0CFBB9B
:10785000371E028013850500130E4EA76FF0DFD28E
:10786000938D0800930600006FF0CFB2371E0280A0
:1078700093051600130E4EA76FF04FE29307000317
:107880006FF0CFED37160280130646A813050E00E1
:107890002324C1006FF01FAB9307F0FF2322F100F8
:1078A0006FF08FB983260C00130C4C0063C80600E0
:1078B000938D080093870D006FF04FAD9306F0FF96
:1078C000938D08006FF01FFF130500006FF00FE8A5
:1078D0009307050003A501C793060600138605005C
:1078E000938507006FF04F93130101B88397C5008C
:1078F00003D7E500232C814613840500B70501005A
:107900009385D5FF032E44060323C4018328440234
:1079100013170701B3F7B700B3E7E70013080040F8
:10792000232AF1009305810093070107232A91463A
:1079300023282147232E1146130905002326C107BA
:1079400023226102232611032324F100232CF100BA
:1079500023280101232E010123200102EFF0CF8B08
:1079600093040500635C05028357410193F7070404
:10797000638807008357C40093E707042316F400C5
:107980008320C1470324814703290147138504004D
:10799000832441471301014867800000930581005B
:1079A00013050900EF000037E30005FC9304F0FF26
:1079B0006FF09FFB130101FF2326110023202101FB
:1079C000638805022324810023229100138405008B
:1079D000930405006306050083274503638C070CA9
:1079E0008317C400639207020324810083244100AB
:1079F0008320C100130900001305090003290100B9
:107A00001301010167800000930504001385040041
:107A1000EF00800B8327C40213090500638A070067
:107A20008325C40113850400E7800700634405062D
:107A30008357C40093F7070863960706832504035A
:107A4000638C0500930704046386F5001385040026
:107A5000EFC04FBC2328040283254404638805003B
:107A600013850400EFC00FBB23220404EFB00FE81E
:107A700023160400EFB0CFE78320C1000324810068
:107A800083244100130509000329010013010101AA
:107A9000678000008357C4001309F0FF93F70708BD
:107AA000E38E07F88325040113850400EFC08FB629
:107AB0006FF0DFF8EFB04FE16FF09FF29305050034
:107AC00003A501C76FF01FEF0397C500130101FE67
:107AD000232C810023263101232E11009377870068
:107AE000138405009309050063900712B71700007F
:107AF0009387078083A64500B367F7002396F500B8
:107B00006352D018032884026304080E232A9100CC
:107B10009316370183A4090023A009008325C4011B
:107B200063CE0616130600009306100013850900A5
:107B3000E70008009307F0FF130605006304F51A39
:107B40008317C400032884028325C40193F74700E8
:107B5000638E070003274400832704033306E640AF
:107B6000638607008327C4033306F64093060000AC
:107B700013850900E70008009307F0FF6314F5126E
:107B800083A609009307D0010317C40063EAD71640
:107B9000B707402093871700B3D7D70093F7170094
:107BA0006380071603260401B7F7FFFF9387F77F6B
:107BB000B377F7002316F400232204002320C40027
:107BC0009317370163D407006382061083250403EB
:107BD00023A0990063840510930704046386F500CD
:107BE00013850900EFC00FA3832441012328040259
:107BF000130500008320C101032481018329C100F2
:107C000013010102678000002328210103A9050157
:107C100063020908232A910083A405001377370023
:107C200023A02501B38424419307000063140700B7
:107C300083A745012324F400634890006F004005AA
:107C40003309A90063569004832744028325C401A5
:107C5000938604001306090013850900E7800700D6
:107C6000B384A440E34EA0FC0317C4000329010120
:107C700013670704832441012316E4001305F0FF72
:107C80006FF05FF783A6C503E34ED0E66FF05FF6B3
:107C900083244101032901016FF09FF503260405A8
:107CA0006FF0DFEA0317C40083260401B7F7FFFF74
:107CB0009387F77FB377F7002316F400232204009D
:107CC0002320D40093173701E3D207F08325040360
:107CD0002328A40423A09900E39005F08324410104
:107CE0006FF01FF183A70900E38C07E41307D001AD
:107CF000638CE700130760016388E7000317C40083
:107D0000136707046FF01FF723A099008324410134
:107D10006FF01FEE130101FE232C8100232E1100B2
:107D2000130405006306050083274503638A0702E1
:107D30008397C500639C07008320C1010324810150
:107D40001305000013010102678000001305040001
:107D5000032481018320C101130101026FF0DFD6EA
:107D60002326B100EFB04FB68325C1006FF05FFC52
:107D7000630005069305050003A501C7630605001A
:107D800083274503638C07008397C500639607002C
:107D900013050000678000006FF01FD3130101FE80
:107DA0002326B1002324A100232E1100EFB0CFB170
:107DB0008325C100032581008397C50063980702CE
:107DC0008320C10113050000130101026780000038
:107DD00037160280B7850080371502801306C60962
:107DE000938545D11305850A6FB0CFB38320C101B8
:107DF000130101026FF05FCD832786006384072C97
:107E00008396C500130101FD23248102232C410127
:107E1000232861012326110293F78600130B060025
:107E2000130A050013840500638E070883A7050164
:107E3000638A07082322910223202103232E310184
:107E4000232A510193F7260083240B006384070A39
:107E5000832744028325C401B70A008093090000E8
:107E600013090000938A0AC01386090013050A004B
:107E7000630209049306090063F42A0193860A0049
:107E8000E78007006350A04683278B00B389A900D1
:107E90003309A940B387A7402324FB006386071A50
:107EA000832744028325C4011386090013050A00B1
:107EB000E31209FC83A9040003A94400938484000D
:107EC0006FF09FFA9305040013050A00EF00C0430A
:107ED000631C051C8316C400232291022320210366
:107EE000232E3101232A510193F7260083240B000E
:107EF000E39007F6232671012324810193F71600EE
:107F00006396071C8327040003278400B70A0080B8
:107F100023229101930B000093090000938AFAFF3A
:107F200013850700130C07006382091013F606205F
:107F300063080628930C070063E6E93213F7064846
:107F4000630A07080326440183250401131716005A
:107F50003307C7003389B740135CF701330CEC00DB
:107F600093071900135C1C40B387370113060C00FC
:107F70006376FC00138C07001386070093F6064017
:107F8000638E06309305060013050A00EFC0CF98F4
:107F9000930C0500630C05348325040113060900C6
:107FA000EFB09F938357C40093F7F7B793E70708A1
:107FB0002316F40033852C01B3072C4123289401A8
:107FC000232A84012320A400138C09002324F40015
:107FD000938C090013860C0093850B00EF0090042E
:107FE000032784008327040013890900330787418E
:107FF000B38797012324E4002320F40093090000B1
:1080000083278B00B38B2B01B38727412324FB00ED
:108010006386070283270400032784008316C400B5
:1080200013850700130C0700E39209F083AB0400EB
:1080300083A94400938484006FF09FEE832BC100DA
:10804000032C8100832C41008320C1020324810280
:1080500083244102032901028329C101832A4101AA
:10806000032A8101032B0101130500001301010301
:10807000678000009305040013050A00EFF09FC914
:10808000630E050A8317C400832BC100032C8100F3
:1080900083244102032901028329C101832A41016A
:1080A00093E707042316F4008320C102032481020E
:1080B000032A8101032B01011305F0FF13010103C2
:1080C000678000001305000067800000930A00002D
:1080D00013050000130C00009309000063820908D7
:1080E000630A050893870A00938B090063F437013C
:1080F000938B0700032504008327040103298400D0
:108100008326440163F6A7003309D9006344790943
:1081100063C0DB16832744028325C40113060C00C9
:1081200013050A00E780070013090500E35CA0F4CB
:10813000B38A2A4113051000E38E0AF283278B00CD
:10814000330C2C01B3892941B38727412324FB0039
:10815000E39607F8832BC100032C81006FF0DFEE5C
:1081600083A944009387040093848400E38A09FE72
:1081700003AC0700138609009305A00013050C004B
:10818000EF004046630A051413051500B30A854144
:108190006FF05FF593050C0013060900EF0080688F
:1081A000832704009305040013050A00B387270101
:1081B0002320F400EFF01FB6E30C05F66FF09FEC00
:1081C0008326040163E2F6040326440163EEC90238
:1081D0009387090063F43A0193870A00B3E6C70264
:1081E000032744028325C40113860B0013050A00EC
:1081F000B386D740E700070013090500635AA004BF
:10820000B38929416FF0DFDF1309070063F4E90048
:1082100013890900138507001306090093850B00D5
:10822000EF004060032784008327040033072741C1
:10823000B38727012324E4002320F400E31207FC82
:108240009305040013050A00EFF0DFACE30A05FA1A
:108250008317C400832BC100032C8100832C4100B1
:108260006FF01FE3138C0900938C09006FF09FD609
:1082700013860B0093050C00EF00C05A03278400FF
:108280008327040013890B0033077741B3877701F5
:108290002324E4002320F4006FF09FE913050A0073
:1082A000EF30C027930C0500E31605D083250401A9
:1082B00013050A00EFB01FB68317C4001307C000F0
:1082C000832BC100032C8100832C41002320EA0072
:1082D00093F7F7F76FF0DFDB93871900938A0700B6
:1082E0006FF09FE08317C4006FF09FDA1307C000A0
:1082F0008317C400832BC100032C8100832C410011
:108300002320EA006FF0DFD883A701C7130101FF24
:1083100023248100232291002326110093040500C9
:10832000138405006386070003A74703630C070E49
:108330008317C40013F78700630A070603270401A5
:108340006306070893F61700638806028326440134
:108350002324040013050000B306D040232CD400CE
:10836000630A07028320C1000324810083244100A3
:10837000130101016780000093F627001306000037
:1083800063940600032644012324C400130500005F
:10839000E31A07FC13F70708E30607FC93E7070453
:1083A0002316F4001305F0FF6FF0DFFB13F707014E
:1083B0006300070813F74700631C07020327040143
:1083C00093E787002316F400E31E07F693F60728C9
:1083D00013060020E388C6F6930504001385040005
:1083E000EF30407E8317C400032704016FF09FF530
:1083F00083250403638E0500130704046388E500E6
:1084000013850400EFB01FA18317C40023280402C2
:108410000327040193F7B7FD232204002320E4007F
:108420006FF01FFA13850700EFA01FCA6FF05FF00F
:108430001307900023A0E40093E707042316F40039
:108440001305F0FF6FF01FF2130101FE232C8100D2
:10845000232A910023282101232E1100130905004E
:108460009384050013040600EF00002C930710000E
:10847000631CF5009387F4FF1307E00F6366F700B2
:10848000230691006F0040029306C4051386040082
:108490009305C10013050900EF30C0629307F0FF98
:1084A0006304F508630C0502832784008345C1003B
:1084B0009387F7FF2324F40063DA0700032784017E
:1084C00063CCE7029307A0006388F50283270400CA
:1084D000138717002320E4002380B7008320C10105
:1084E0000324810103290101138504008324410130
:1084F0001301010267800000130604001305090040
:10850000EF3050139307F0FFE31AF5FC1305F0FF6B
:108510008320C10103248101832441010329010136
:1085200013010102678000008357C4001305F0FFA8
:1085300093E707042316F4006FF09FFD8317C6002E
:10854000139727016340070203274606B72600005A
:10855000B3E7D700B72600003367D7002316F6002D
:108560002322E6066FF05FEE130101FE232C81004B
:1085700003A401C7232E11001386050093050500EF
:108580006306040083274403638007048317C6003F
:10859000139727016340070203274606B72600000A
:1085A000B3E7D700B72600003367D7002316F600DD
:1085B0002322E60613050400032481018320C10160
:1085C000130101026FF05FE82324A10013050400EA
:1085D0002326C100EFA05FAF0326C10083258100E1
:1085E0006FF0DFFA9377350093F6F50F638A070291
:1085F0009307F6FF630E06021306F0FF6F0080017B
:108600001305150013773500630E07009387F7FFF6
:108610006380C70203470500E314D7FE67800000AC
:1086200093070600130730006368F700639007069E
:10863000130500006780000093F5F50F1397850080
:10864000B305B70013970501B708FFFE3788808090
:10865000B385E5009388F8EF13080808130330008A
:108660006F0000019387C7FF13054500E370F3FC1B
:108670000327050033C7E500330617011347F7FF4B
:108680003377E60033770701E30E07FCB307F50005
:108690006F00C00013051500E38CA7F80347050021
:1086A000E31AD7FE67800000130101FF23261100A3
:1086B00023229100630E0602B7150280938585A9D7
:1086C000130506002324810013040600EF00402652
:1086D000B71402806312050203248100138544A9A4
:1086E0008320C10083244100130101016780000041
:1086F000B71402806FF09FFE938544A91305040010
:10870000EF000023E30A05FCB7F500809385454997
:1087100013050400EF00C021E30005FC03248100E1
:10872000130500006FF0DFFB03C541BD678000004B
:10873000130101FF2326110023229100638E0502FD
:108740002324810013840500B7150280938585A931
:1087500013050400EF00C01DB71402806312050268
:1087600003248100138544A98320C1008324410090
:108770001301010167800000B71402806FF09FFEB3
:10878000938544A913050400EF00801AE30A05FC51
:10879000B7F500809385454913050400EF004019A3
:1087A000E30005FC03248100130500006FF0DFFBEC
:1087B0001305050F678000001385C1B967800000AD
:1087C0001385C1B967800000130101FF23248100D4
:1087D00023229100130405001385050023261100B0
:1087E00023A401C8EF709FE69307F0FF630CF50028
:1087F0008320C1000324810083244100130101016F
:108800006780000083A781C8E38407FE8320C1003E
:108810002320F4000324810083244100130101017B
:108820006780000063F6A5023387C5006372E50226
:10883000B307C500630606048346F7FF9387F7FF77
:108840001307F7FF2380D700E318F5FE67800000C9
:108850009307F00063E8C702930705009306F6FF4D
:108860006302060C93861600B386D70003C7050083
:108870009387170093851500A38FE7FEE398D7FE33
:1088800067800000B367B50093F737006396070869
:10889000930806FF93F808FF93880801B3061501B3
:1088A0001387050093070500032807001307070136
:1088B0009387070123A807FF032847FF23AA07FF81
:1088C000032887FF23AC07FF0328C7FF23AE07FF5A
:1088D000E39CD7FC1378C600B38515011377F60027
:1088E000630408041308C7FF1378C8FF130848007F
:1088F000B387060113870500832807009386460087
:108900001307470023AE16FFE398F6FE13763600F2
:10891000B38505016FF09FF49306F6FF93070500FA
:108920006FF05FF467800000130607006FF01FF31D
:108930003367B5009303F0FF137737006310071018
:10894000B7877F7F9387F7F70326050083A6050087
:10895000B372F6003363F600B382F200B3E2620052
:10896000639272106316D6080326450083A645005D
:10897000B372F6003363F600B382F200B3E2620032
:10898000639E720C6316D6060326850083A68500B7
:10899000B372F6003363F600B382F200B3E2620012
:1089A0006398720C6316D6040326C50083A6C5001F
:1089B000B372F6003363F600B382F200B3E26200F2
:1089C0006392720C6316D6020326050183A6050185
:1089D000B372F6003363F600B382F200B3E26200D2
:1089E000639C720A1305450193854501E30ED6F495
:1089F0001317060193970601631EF700135706012C
:108A000093D706013305F7409375F50F6390050280
:108A1000678000001357070193D707013305F7401C
:108A20009375F50F63940500678000001377F70FC7
:108A300093F7F70F3305F740678000000346050002
:108A400083C6050013051500938515006314D60031
:108A5000E31606FE3305D640678000001305450087
:108A600093854500E31CD6FC1305000067800000D9
:108A70001305850093858500E312D6FC13050000DD
:108A8000678000001305C5009385C500E318D6FA7A
:108A9000130500006780000013050501938505019B
:108AA000E31ED6F81305000067800000130101FEE5
:108AB000232A91008327050183A40501232E110099
:108AC00063C0971C9384F4FF13932400232C81002C
:108AD000138445012326310123244101B309640095
:108AE000130A450183A7090033036A000327030023
:108AF0002328210123225101938717003359F702BC
:108B0000930A0500636AF70A370501009308040019
:108B100013080A00930E0000930600001305F5FFEA
:108B200003A70800032E0800130848003376A700A7
:108B300013570701B377AE00135E0E019388480008
:108B400033062603330727033306D601B37EA60078
:108B5000B387D74113560601B387D70093D6074191
:108B6000B3F7A7003307C7003376A700B386C64024
:108B7000B386C60113960601B3E7C700232EF8FE9D
:108B8000935E070193D60641E3FC19F9832703009E
:108B9000639407021303C3FF63686A006F008001D8
:108BA0009384F4FF63786A00832703001303C3FFF1
:108BB000E38807FE23A89A0013850A00EF20401CD3
:108BC000634C05083705010093050A0013070000F0
:108BD0001305F5FF83A605000326040093854500D1
:108BE000B3F7A6003378A600B3870741B387E70041
:108BF00013D707411356060193D606013307C74022
:108C00003307D70093160701B3F7A700B3E7D700E0
:108C10001304440023AEF5FE13570741E3FC89FA21
:108C200093972400B307FA0003A707006314070211
:108C30009387C7FF6368FA006F0080019384F4FF95
:108C40006378FA0003A707009387C7FFE30807FECE
:108C500023A89A0013091900032481018320C1016C
:108C60008329C100032A8100832A41008324410112
:108C700013050900032901011301010267800000A7
:108C80008320C10183244101130500001301010267
:108C90006780000003238503130101F4232C810A5C
:108CA000232A910A2328210B2322510B2326B109C1
:108CB000232E110A2326310B232EE100232AF10053
:108CC000232811012326B1022324C1001304050027
:108CD000938D050093040600938A0600130908008B
:108CE000630203020327C5039307100093050300E3
:108CF000B397E7002322E3002324F300EF10006C76
:108D0000232C0402938904009306000063DC040012
:108D10009394140093D714002324F100938907003F
:108D2000930610003707F07F2320D900B3F6E9003F
:108D30006388E6608324810013850D00130600001C
:108D400093850400930600002320B103232291029F
:108D5000EF409033631A0504032741019307100085
:108D60002320F7000327010163080700B7070280EB
:108D7000938797782320F700B70902809389897831
:108D80008320C10B0324810B8324410B0329010B96
:108D9000832A410A832DC108138509008329C10A4A
:108DA0001301010C6780000013860400130781077C
:108DB0009306C10793850D00130504002324410B7E
:108DC0002320610B232E7109232C8109232A910969
:108DD0002328A10913D94901EF20403E930405003F
:108DE0006312095A832B81070329C10793070002E5
:108DF00033892B0113072943E3D0E732930700049B
:108E0000B387E74013052941B397F90033D5AD0087
:108E100033E5A700EF509067B70710FE93061000E8
:108E200013070500B387B7001309F9FF2324D10402
:108E300003A641C283A681C21305070093850700DC
:108E4000EF50403B03A6C1C283A601C3EF40104DC3
:108E500003A641C383A681C3EF30D01D130A0500CA
:108E60001305090093890500EF50D05603A6C1C32E
:108E700083A601C4EF40904A1306050093860500BF
:108E800013050A0093850900EF30D01A130B050073
:108E900093890500EF50D04B130A05009385090014
:108EA00013050B001306000093060000EF409036F8
:108EB0006350050213050A00EF50D05113060B0052
:108EC00093860900EF40501C3335A000330AAA40B6
:108ED00033892B4193076001130BF9FFE3E8471D2A
:108EE0003717028093173A00130787B4B387E70058
:108EF00003A6070083A6470003250102832541023C
:108F0000EF405031E35A051E130AFAFF232E0102E7
:108F1000232C0100634C0B4863540A4A83278101C8
:108F200023244103B3874741232CF100B307404179
:108F3000232CF10293079000130A000063EC5749B9
:108F400093075000E3D0571F938ACAFF930730005E
:108F500013090000E388FA62E3D0575F93074000EB
:108F6000E390FA52930710002328F1020326C1016F
:108F7000E352C0602326C104130C0600930670015F
:108F8000130710009307400063C4C6006F10802FC2
:108F9000939717009386470193050700130717005F
:108FA000E378D6FE232EB40213050400EF10C0357B
:108FB00093090500631405006F10002B232CA402F5
:108FC0009307E00063E6874F6304094E832681021E
:108FD000E35AD05E93F7F60037170280130787B481
:108FE0009397370093DC4640B387E70093F60C0174
:108FF00003A8070003A74700E3880652B7170280BB
:1090000003A687C583A6C7C50325010283254102A0
:109010002328E10423200105EF40400E032801042A
:109020000327010593FCFC0013030500138D0500C5
:1090300013093000638C0C04B71B028023208104C9
:10904000938B8BC3130409009305070013090300D6
:1090500093F71C00638E070003A60B0083A64B004A
:109060001305080013041400EF40502B13080500EB
:1090700093DC1C40938B8B00E39C0CFC13030900D6
:109080001309040003240104138705009306070055
:10909000130608001305030093050D00EF400006BA
:1090A00013070500938705008326C1036388060222
:1090B00003A641C483A681C4130507009385070056
:1090C0002328E1042320F104EF40D0148327010476
:1090D00003270105635405006F1000011305090003
:1090E0002320F1062320E104EF50D02E03270104B2
:1090F0008327010613060700938607002328E1044F
:109100002320F104EF40902103A641C583A681C529
:10911000EF304072B706C0FC832701040327010526
:10912000930C0500B38BB600630E0C3283268102CC
:10913000232081072324D106130507009385070008
:109140002328E1042320F104EF5090208327010617
:1091500037160280130905009386F7FF93963600B1
:10916000930786B4B386D70003A846002326F106EA
:1091700083A70600232E010523229107232CF10447
:10918000EF5050250327010583270104130605002E
:10919000938605001305070093850700EF508005AF
:1091A00003270103138D1900130309032320A105CD
:1091B000930C05001373F30FE304075A03A541C68C
:1091C000032681058326C1052320B10483A581C61A
:1091D00023286104EF3090720326410693860B002A
:1091E000EF504001832801040323010513860C007E
:1091F000938608002380690013090500938B0500FE
:10920000EF404071832801046354A0006F00507840
:1092100083A741C403A881C4232C41052328F1045A
:10922000232A010503A801C583A7C1C4232261071E
:10923000232681072320F10493070000032C010655
:1092400023220105138B070023205107138A0800EE
:109250006F000009130B1B0063448B016F005078F3
:1092600003260104832641041305090093850B009E
:10927000EF40D00A032601048326410413090500A8
:10928000938B050013850C0093050A00EF4010092D
:10929000938C0500930A0500EF50900B130A05000C
:1092A000EF505013130605009386050013850A003E
:1092B00093850C00EF40107493070A03130609000E
:1092C00093860B002300FD00130D1D00930C050079
:1092D000138A0500EF400074635405006F00506B63
:1092E000032501058325410513860C0093060A001A
:1092F000EF4050701306090093860B00EF40807119
:10930000E35A05F483278106930B0D00138C170095
:10931000130690036F008000E386796583C6FBFF28
:10932000138D0B00938BFBFFE388C6FE938616001C
:1093300093F6F60F2380DB00930D0C006F00004DB9
:1093400083264101372700009397C9001307F77060
:1093500093D7C70023A0E600B3E7B7016380070AED
:1093600083270101B7190280938909ABE38A07A01B
:10937000B7170280938737AB032701012320F7003B
:109380006FF01FA083274102B706F03F832B8107B0
:109390009397C70093D7C70003270102B3E7D7000D
:1093A000130919C0232401046FF09FA8930710002C
:1093B000B3872741232CF100130B0000E3400AB6CA
:1093C00023244103232C010293079000330B4B010C
:1093D000E3F857B79307100013091000930A000031
:1093E0002328F102130CF0FF232E0100232E040288
:1093F00023268105930500006FF01FBB8327010121
:10940000B7190280938949AAE38C0796B71702809F
:109410009387C7AA6FF05FF6130509002320F106B2
:109420002320E104EF50007B03270104832701067A
:1094300013060700938607002328E1042320F10484
:10944000EF40C06D03A641C583A681C5EF30803EC5
:109450008327010403270105B706C0FC930C050010
:10946000B38BB60003A6C1C583A601C613050700CA
:1094700093850700EF40105813860C0093860B006D
:10948000130D050013890500EF40C048E342A04ECC
:10949000B7070080B3C7770113860C0013050D00D2
:1094A0009386070093050900EF40C0566348050600
:1094B0008327C10763CE0718832681021307E000C4
:1094C0006348D7188327810237170280130787B4B0
:1094D00093973700B387E70003AA070083AA4700E2
:1094E0008327C10163D807046346800563180C0213
:1094F00003A6C1C583A601C613050A0093850A0009
:10950000EF40C061130605009386050003250102A4
:1095100083254102EF400050E34CA044138D090025
:1095200023200102130900008327C10193CDF7FF17
:109530006F004069938719002320F104032B010277
:109540000329410213060A0093860A0013050B0043
:1095500093050900EF30903AEF50805F130D05003E
:10956000EF50406713060A0093860A00EF40005B45
:10957000130605009386050013050B0093050900EB
:10958000EF40504793070D032380F90013061000A6
:10959000832B01041307050093860500E30CCC0C14
:1095A00083A7C1C403A801C5930D10002324F100B3
:1095B000232601016F00000613060A0093860A00A5
:1095C00013050B0093050900EF305033EF5040585E
:1095D000130D0500EF50006013060A0093860A0081
:1095E000EF40C0539386050013060500930509005C
:1095F00013050B00EF401040938B1B0093070D03E6
:10960000938D1D00A38FFBFE1307050093860500B5
:10961000E302BC0703268100938506008326C10070
:1096200013050700EF40804F13060000930600006B
:10963000130B050013890500EF400025E31E05F616
:1096400083278102138D0B00938D17006F00001C80
:109650000327010363160726832B8103832C8101D3
:10966000232801021309000063820C026350600387
:1096700093870C0063449B6703278101B38CFC40F4
:10968000330BFB403307F740232CE1008327810392
:10969000638207028327010363840700E39C0B06B0
:1096A000032681039385040013050400EF10403F57
:1096B000930405009305100013050400EF1000103B
:1096C0002320A102631C0A509307100063DC575546
:1096D000B387670193F7F7016380071E1307000242
:1096E0003307F7409306400063D4E6581307C001E0
:1096F000B307F74003278101B38CFC00330BFB0059
:109700003307F700232CE100832781016340F01425
:10971000635C60018325010213060B00130504003E
:10972000EF10004D2320A1028327C103639C071281
:1097300063548045832701036390072683278102B2
:10974000938D1700832A0102130A10006F00000294
:1097500093850400930600001306A000130504007F
:10976000EF00104893040500130A1A0093850A00BD
:1097700013850400EFF08FB3930B0503B387490102
:10978000A38F77FFE3468AFD130A100063448055D8
:10979000338A4901930A00009385040013061000E0
:1097A00013050400EF10C044832501029304050053
:1097B000EF10005D635EA04E930690036F00800083
:1097C000638A495F8347FAFF130D0A00130AFAFF01
:1097D000E388D7FE938717002300FA008325010250
:1097E00013050400EF00903D63020902638A0A003A
:1097F00063882A0193850A0013050400EF00103CDA
:109800009305090013050400EF00503B9385040005
:1098100013050400EF00903A8327410123000D0057
:1098200023A0B701832701016384070023A0A701B8
:10983000032A810A032B010A832BC109032C810906
:10984000832C4109032D01096FF08FD39385040008
:109850001386070013050400EF10803993040500F8
:109860006FF01FEB8325010213850400EF104051B8
:10987000E35005EC832781029385040093060000E2
:109880001306A00013050400138BF7FFEF005035FB
:109890008327010393040500639E070C032CC10476
:1098A000E35A8015832D81026FF0DFE993071000E2
:1098B000232EF1026FF0CFE59307C0016FF09FE315
:1098C000130710006354574D83278103930BFCFF4C
:1098D00063CA7741B38B774183278101B38C87417A
:1098E000E3500C0E9305100013050400EF00106DFB
:1098F000130905006FF05FD7232E0102232C01000E
:10990000E34020AD93071000B3872741232CF100DB
:10991000130B00006FF0DFAAB387E7403395FD001B
:109920006FF04FCF9307300013091000638CFA4497
:1099300063C657E393072000E38CFA14232E040236
:109940009305000013050400EF00101C93090500A7
:10995000E30C0510930710002328F1029307F0FF92
:10996000232CA4022326F104130CF0FF232E010064
:109970006FF01FB493050900930600001306A000C2
:1099800013050400EF00D025032CC10413090500C2
:10999000E356800923246103635C90019305090069
:1099A00013860C0013050400EF1080241309050032
:1099B000130B0900631E0A508327C102138DF9FFA0
:1099C000938C0900232C31018329010293F717009E
:1099D000330D8D012324F100232EB101938509005D
:1099E00013850400EFF08F8C130C0500930509001C
:1099F00013850400EF10C038130A050013060B008E
:109A00009385090013050400EF10003D0327C500EE
:109A1000930B0C03930D0500631C070893050500C9
:109A200013850400EF10C0351307050093850D0062
:109A300013050400930D0700EF005018B3E65D0115
:109A4000639A060E83278100638A077463420A764D
:109A500023807C01138A1C0063049D6793850400A6
:109A6000930600001306A00013050400EF00501732
:109A700093040500930600001306A0009305090057
:109A800013050400630E6909EF00901593050B00A0
:109A900013090500930600001306A0001305040037
:109AA000EF001014130B0500930C0A006FF01FF366
:109AB000930505001305040083298101832DC1014D
:109AC000EF00D00F634A0A0013F71D00336A5A01F2
:109AD00033674701631E07069385040013061000D1
:109AE00013050400EF10C010832501029304050044
:109AF000EF1000296358A02413079003638CEB2414
:109B0000930B1C0383278102930A0900138D1C0009
:109B100023807C01938D170013090B006FF01FCC7D
:109B2000EF00100C13090500130B0500930C0A003D
:109B30006FF0DFEA63440A7283278100336A5A01B7
:109B400033EA4701630C0A70E354B0F183298101C1
:109B5000130790036380EB200327810293871B0088
:109B6000930A0900138D1C00930D17002380FC003D
:109B700013090B006FF09FC693072000E3DC57BB6F
:109B8000138D0900E3120C9A83250102930600004D
:109B90001306500013050400EF0090049305050020
:109BA0002320A10213850400EF10801DE35EA09620
:109BB000930710032380F90083278102138D190076
:109BC000938D17008325010213050400938D1D005A
:109BD000EF00C07EE31609C26FF05FC39305050076
:109BE00013060A0013050400EF00906B93071000A2
:109BF0002320A10263DE5711130A0000032701028C
:109C0000832707019387370093972700B307F7004F
:109C100003A54700EF00102593070002B387A74074
:109C20006FF01FAB8327C102639007048327810075
:109C30009397C700639A0702832681009307000069
:109C400013D746011377F77F630C07008327810141
:109C5000130B1B0093871700232CF10093071000B0
:109C6000631C0A54138A0700930710006FF05FA665
:109C7000E30CD7A81307C003B307F7406FF09FA703
:109C800093071000930A50002328F1028327C10193
:109C900003278102B387E700138C17002326F10402
:109CA00013060C00634C80AD130610006FF00FAD6F
:109CB0006316050093F71B00E39007B093060003BB
:109CC0008347FAFF130D0A00130AFAFFE38AD7FE4F
:109CD0006FF0DFB0130A0C006FF09FAB93070B001F
:109CE0006FF09F998327810303278101232C710340
:109CF000B387FB40330AFA00B3078701930C0700D0
:109D0000330B8B01232CF100930B00006FF09FBDF0
:109D10008327C102E39207EE832781009397C70050
:109D2000E39C07EC6FF05FF103230102032D410276
:109D3000130920006FF00FB0930A200023280102BE
:109D40006FF0CFA2E31005DC13F71B00E31607DA70
:109D50006FF05FDB930790032380FC008327810271
:109D6000930A0900138A1C00938D170013090B0036
:109D70006FF09FA493071000130C1000232EF10026
:109D80006FF0CFE6232801026FF05FF00327810414
:109D9000630407300327810193873743330BFB00AC
:109DA000B307F700832B8103930C0700232CF100EA
:109DB0006FF05FB3930710032380F900938D1D00AC
:109DC0006FF0DFA18327810263880730B30BF04077
:109DD00093F7FB0037170280130787B49397370078
:109DE000B387E70003A6070083A647000325010207
:109DF0008325410293DB4B40EF305052138D050019
:109E000063880B4213092000B71C028023208104C1
:109E1000938C8CC31304090013070500130600007C
:109E20001309050093F61B006380060203A60C00CD
:109E300083A64C001305070013041400EF30104EE6
:109E4000130705001306100093DB1B40938C8C0056
:109E5000E39A0BFC1305090093870500130904001E
:109E600003240104631206A41307050093070D00E1
:109E70006FF08FA3938506001306070013050700F4
:109E8000EF20501B8327810213060A0093860A00E5
:109E9000938D1700130B050013890500138C0D001B
:109EA000EF3050276346A0C613050B009305090049
:109EB00013060A0093860A00EF30101D6316050092
:109EC000137D1D0063160DC4138D0B006FF01F94DE
:109ED0008325490013050400EF000043130A050021
:109EE00063000536032609019305C9001305C50063
:109EF0001306260013162600EF901F9E130610006F
:109F000093050A0013050400EF00904E130B0500A3
:109F10006FF09FAA9305090013860B001305040038
:109F2000EF0010381386040093050500130905009F
:109F300013050400EF0090139307050093850400B8
:109F40001305040093840700EF0040478327810333
:109F5000B3877741232CF102638E07F46FF04FF43F
:109F6000032681058326C105032541062328B10464
:109F700093850B0023286102EF30503A032301033D
:109F80008327010693061000238069002324A1047F
:109F90008328010513890500B38BF900638CD7264C
:109FA00083A7C1C403A801C5232891042328F10273
:109FB000232A01032320810613850C0093850800C2
:109FC0000326010383264103130D1D00EF301035D6
:109FD0001384050093040500EF409037930C0500AF
:109FE000EF40503F130605009386050013850400DB
:109FF00093050400938C0C03EF40C01FA30F9DFF3B
:10A00000E390ABFD8324010503240106930C0500B6
:10A010009388050003A641C683A681C60325810453
:10A020009305090023281103EF20D00083280103A2
:10A0300013860C0093860800EF30D01D634C051882
:10A040000326810403A541C683A581C693060900A2
:10A05000EF40401A8328010313860C009386080002
:10A06000EF30500B634CA0108327C10763C607DE97
:10A07000032781029307E00063C0E7DE83278102A4
:10A080000327C10693973700B307F70003AA070019
:10A0900083AA47006FF08FCA0327810783268101B7
:10A0A00093076003B387E740330BFB00B387F600E9
:10A0B000832B8103938C0600232CF1006FF09F8289
:10A0C00083278102930A090083298101938D170058
:10A0D00013090B006FF04FEC0327010283274102A5
:10A0E000130920006FE05FFC63080CB2032DC1046C
:10A0F0006350A0BD938507008327810283A601C515
:10A1000003A6C1C49387F7FF130507002324F106B4
:10A11000EF30D02013070500130519002328E104B0
:10A120002320B104EF40102B0327010583270104EE
:10A130001306070093860700EF30501E03A641C5A3
:10A1400083A681C5EF20006FB706C0FC83270104FA
:10A1500003270105930C0500B38BB6002320A1074C
:10A160006FE09FFD93061003130C1C006FF08F9C93
:10A1700023200102130900006FF09FA313060003C0
:10A1800083C7FBFF138D0B00938BFBFFE38AC7FE96
:10A1900083278106938D17006FF04FE71307900315
:10A1A00083298101E388EBBAE34C40956FF09F95DA
:10A1B000832981016FF01F95138A07006FF01FA498
:10A1C000938C0700B3878701330B8B01232CF1009D
:10A1D0006FF04FF183278106138C17006FF04F93B8
:10A1E000032A8105032B4106032CC106832A01069D
:10A1F0006FF00FAC9307200063C85701832D8102D5
:10A20000032CC1046FF00FD4032CC1042324610379
:10A210006FF01F97832B01046FF0DFDF930720009F
:10A22000E3C457FF032CC104232461036FF0CFF66E
:10A230001307050093870500130920006FE0DFE690
:10A24000B716028037150280938646AB13060000CE
:10A250009305F02E130585ACEF101064832981015E
:10A26000E34CB0876FF01F8AB71602803715028063
:10A27000938646AB130600009305F01A130585ACD0
:10A28000EF109061232E0402930500006FE0DFD1F0
:10A29000232801026FE09FCD83A701B967800700E3
:10A2A0006380050263020604638806048347060090
:10A2B00023A0F500034506003335A00067800000A9
:10A2C000130101FF9305C10063040602638A0602BD
:10A2D0008347060023A0F500034506003335A000A0
:10A2E0001301010167800000130500006780000072
:10A2F000130500006FF0DFFE1305E0FF678000002C
:10A300001305E0FF6FF0DFFD83274504130101FF14
:10A310002324810023229100232611001304050029
:10A3200093840500638C070213972400B387E7002A
:10A3300003A50700630405040327050023A0E70025
:10A3400023280500232605008320C1000324810063
:10A3500083244100130101016780000013061002ED
:10A3600093054000EF10D0592322A4049307050061
:10A37000E31C05FA130500006FF01FFD23202101E7
:10A3800013091000331999001306590013162600FB
:10A390009305100013050400EF109056630A0500A2
:10A3A0002324250123229500032901006FF05FF982
:10A3B00003290100130500006FF01FF963800502F7
:10A3C00003A745008327450413172700B387E70039
:10A3D00003A7070023A0E50023A0B70067800000C3
:10A3E000130101FE232A910083A405013703010014
:10A3F000232C81002328210123263101232E110043
:10A40000138905009309050013840600138845018C
:10A41000930800001303F3FF832708001308480084
:10A420009388180033F767003307C70293D60701F4
:10A43000B386C602B307870013D70701B3F76700D7
:10A44000B386E60013970601B307F700232EF8FE44
:10A4500013D40601E3C298FC630204028327890037
:10A4600063DEF4029387440093972700B307F90053
:10A4700023A2870093841400232899008320C1011C
:10A4800003248101832441018329C10013050900AC
:10A49000032901011301010267800000832549009F
:10A4A000138509002324410193851500EFF0DFE5B2
:10A4B000130A0500630E0504032609019305C9006C
:10A4C0001305C5001306260013162600EF90CFC013
:10A4D0000327490083A7490413172700B387E70020
:10A4E00003A707002320E90023A027019387440046
:10A4F00013090A0093972700B307F900032A810084
:10A500009384140023A28700232899006FF01FF77B
:10A51000B716028037150280938646AB13060000FB
:10A520009305A00B130505B0EF101037130101FEC2
:10A53000232C8100232A9100232821012326310185
:10A540002324410193890600930790009386860097
:10A55000232E1100B3C6F60213090500138405006B
:10A56000130A06009304070063DA370D93071000FF
:10A57000930500009397170093851500E3CCD7FE51
:10A5800013050900EFF05FD893050500630C050A79
:10A59000930710002328F500232A950093079000C5
:10A5A00063D8470923225101930A940093840A0037
:10A5B0003304440183C604001306A00013050900F8
:10A5C000938606FDEFF0DFE1938414009305050008
:10A5D000E39284FE13048AFF33848A00832A4100B5
:10A5E00063563A03B3894941B309340183460400F1
:10A5F0001306A00013050900938606FDEFF05FDE49
:10A600001304140093050500E31234FF8320C101F5
:10A610000324810183244101032901018329C1000D
:10A62000032A8100138505001301010267800000E1
:10A630001304A400130A90006FF09FFA9305000022
:10A640006FF01FF4B716028037150280938646AB71
:10A65000130600009305300D130505B023225101A8
:10A66000EF10902393070500370701001305000042
:10A6700063F6E70093970701130500013707000110
:10A6800063F6E700130585009397870037070010EE
:10A6900063F6E7001305450093974700370700402E
:10A6A00063EAE70093C7F7FF93D7F7013305F50097
:10A6B000678000009397270063CA0700139717006D
:10A6C000634A070013050002678000001305250098
:10A6D00067800000130535006780000083270500B0
:10A6E0001307050093F677006384060293F61700BC
:10A6F00013050000639E060493F627006388060A8C
:10A7000093D717002320F70013051000678000007F
:10A710009396070193D6060113050000638E060683
:10A7200093F6F70F6380060693F6F700638206043C
:10A7300093F637006384060293F61700639C0600C5
:10A7400093D7170013051500639607001305000241
:10A75000678000002320F7006780000093D7270060
:10A7600093F6170013052500E39606FE6FF05FFDD4
:10A7700093D7470093F6370013054500E39E06FA8A
:10A780006FF0DFFD93D7870093F6F7001305850080
:10A79000E39006FA6FF0DFFD93D7070193F6F70F0A
:10A7A00013050001E39206F86FF0DFFD93D7270051
:10A7B0002320F7001305200067800000832745044D
:10A7C000130101FF2324810023229100232611007D
:10A7D0001304050093840500638C070203A547005A
:10A7E000630205060327050023A2E7008320C100BA
:10A7F0000324810093071000232A950023260500D7
:10A800002328F50083244100130101016780000023
:10A810001306100293054000EF10900E2322A404AB
:10A8200093070500E31C05FAB7160280371502806E
:10A83000938646AB1306000093055014130505B02C
:10A84000EF1090051306C0019305100013050400D6
:10A85000EF10100BE30A05FC930710002322F5000C
:10A86000930720002324F5006FF05FF8130101FE29
:10A87000232821012326310103A90501832906018B
:10A88000232A910023244101232E1100232C81002F
:10A89000138A050093040600634C390113870900ED
:10A8A0009384050093090900130A060013090700A1
:10A8B00083A7840083A5440033842901B3A78700BC
:10A8C000B385F500EFF05FA4630E051A130345018D
:10A8D00093182400B308130193070300637813014E
:10A8E00023A0070093874700E3EC17FF13084A01F2
:10A8F000131E2900938E440193952900330EC8013D
:10A90000B385BE006376C81393875401130F4000CC
:10A9100063F0F516B70601009386F6FF6F0080011D
:10A9200093DF0F0163980F081308480013034300D7
:10A930006370C811832F0800B3F3DF00E38203FEC6
:10A9400093020300938F0E009304000083A70F006F
:10A9500003A602009382420033F7D7003307770241
:10A9600093D707013379D60013560601938F4F0012
:10A97000B387770233072701330797009354070102
:10A980003377D700B387C700B387970013960701C3
:10A990003367E60023AEE2FE93D40701E3E8BFFA93
:10A9A000B307E30123A09700832F080093DF0F0173
:10A9B000E38C0FF6032703009302030013860E00B7
:10A9C00093040700930300008327060093D9040132
:10A9D0003377D700B3F7D700B387F70383A44200D8
:10A9E000938242001306460033F9D400B387770000
:10A9F000B38737019393070133E7E30023AEE2FE09
:10AA00000357E6FF93D707013307F70333072701FF
:10AA10003307F70093530701E368B6FAB307E3017E
:10AA200023A0E7001308480013034300E364C8F1C0
:10AA3000634880006F0080011304F4FF6308040082
:10AA400083A7C8FF9388C8FFE38807FE8320C1015E
:10AA50002328850003248101832441010329010166
:10AA60008329C100032A81001301010267800000CD
:10AA7000B38795409387B7FE93F7C7FF138F4700BF
:10AA80006FF05FE9B716028037150280938646ABF8
:10AA90001306000093052016130505B0EF10C05FE4
:10AAA000130101FE232C81002328210123263101DB
:10AAB000232E110093773600130406009309050036
:10AAC00013890500639C070A13542440630A040693
:10AAD000232A910083A409046386040C937714004D
:10AAE0006390070213541440630A040403A504008E
:10AAF000630605069304050093771400E38407FEBC
:10AB0000138604009305090013850900EFF01FD692
:10AB1000630009020327490083A74904131727008C
:10AB2000B387E70003A707002320E90023A027013C
:10AB30001354144013090500E31A04FA8324410155
:10AB40008320C101032481018329C1001305090069
:10AB5000032901011301010267800000138604002C
:10AB60009385040013850900EFF05FD023A0A400B3
:10AB700023200500930405006FF01FF89387F7FF6B
:10AB800037170280130787B393972700B307F7009F
:10AB900003A6070093060000EFF09F841309050049
:10ABA0006FF09FF29305100013850900EFF0CFF5C9
:10ABB000930405006300050293071027232AF5007C
:10ABC000930710002328F50023A0A90423200500E3
:10ABD0006FF0DFF0B716028037150280938646AB20
:10ABE0001306000093055014130505B0EF10C04A7A
:10ABF000130101FE2322510183AA050183A78500C9
:10AC00002326310193595640B38A5901232C8100E0
:10AC1000232A91002328210123244101232E1100FE
:10AC200013891A00938405001304060083A54500C8
:10AC3000130A050063D82701939717009385150021
:10AC4000E3CC27FF13050A00EFF00FEC630C0510AF
:10AC500013084501635430039389590093992900DF
:10AC600033073501930708009387470023AE07FE9B
:10AC7000E39CE7FE9389C9FE3308380183A80401E9
:10AC8000938744011376F40193982800B388170141
:10AC90006304060A93050002B385C5401303080048
:10ACA0009306000003A707001303430093874700A0
:10ACB0003317C7003367D700232EE3FE83A6C7FFF1
:10ACC000B3D6B600E3E017FF9387540113074000A3
:10ACD00063EAF800B38798409387B7FE93F7C7FFFE
:10ACE000138747003308E8002320D8006394060048
:10ACF00013890A0003A7440083274A048320C10163
:10AD000013172700B387E70003A7070023282501AF
:10AD10000324810123A0E40023A09700032901015B
:10AD2000832441018329C100032A8100832A410031
:10AD3000130101026780000003A707009387470003
:10AD400013084800232EE8FEE3F417FB03A70700CF
:10AD50009387470013084800232EE8FEE3EE17FD13
:10AD60006FF01FF9B716028037150280938646AB45
:10AD7000130600009305E01D130505B0EF10C03168
:10AD80000327050183A70501130805003305F740D4
:10AD90006312F70493972700130848019385450130
:10ADA0003307F800B387F5006F0080006374E80292
:10ADB0000326C7FF83A6C7FF1307C7FF9387C7FFF5
:10ADC000E306D6FE130510006376D6001305F0FFE8
:10ADD000678000006780000003A705018327060144
:10ADE000130101FF23248100232291002326110057
:10ADF000232021011384050093040600B306F740C5
:10AE0000631EF718939627001386450113874401A4
:10AE1000B307D6003307D7006F008000637CF618B5
:10AE200083A5C7FF8326C7FF9387C7FF1307C7FF05
:10AE3000E386D5FE1309100063EAD500938704006A
:10AE400013090000930404001384070083A5440041
:10AE5000EFF08FCB6306051A83A804018322040157
:10AE6000938F440113932800130844019392220006
:10AE700093054501370E01002326250133836F001A
:10AE8000B3025800138F0500938E0F009306000045
:10AE9000130EFEFF03A70E0003260800130F4F003A
:10AEA000B377C701B373C601B3877740B387D700C1
:10AEB000135707011356060193D607413307C740BE
:10AEC0003307D70093160701B3F7C701B3E7D700DD
:10AED00013084800232EFFFE938E4E009356074121
:10AEE000E36A58FA13075401338482401304B4FE12
:10AEF000B3B2E20013CF1200135424001307400032
:10AF00006384020AB38FEF003388E500B70E0100B7
:10AF1000130E080013860F00938EFEFF63F46F0C70
:10AF200083270600130E4E001306460033F7D701A1
:10AF30003307D70093D50701135707413307B700ED
:10AF4000B387D700B3F7D70193160701B3E7D7004C
:10AF5000232EFEFE93560741E36466FC1303F3FFC2
:10AF60003303F3411373C3FF33076800639A070089
:10AF70008327C7FF9388F8FF1307C7FFE38A07FEFD
:10AF80008320C1000324810023281501832441006C
:10AF9000032901001301010167800000130910005B
:10AFA000E3DE06E86FF09FEA13071400131727008B
:10AFB0006FF05FF593050000EFF00FB56300050635
:10AFC0008320C10003248100930710002328F5008B
:10AFD000232A0500832441000329010013010101F4
:10AFE000678000001307000063160F003387E50039
:10AFF0006FF0DFF7131724003387E5006FF01FF7BA
:10B00000B716028037150280938646AB1306000000
:10B0100093055024130505B0EF100008B716028001
:10B0200037150280938646AB130600009305702304
:10B03000130505B0EF104006B707F07FB3F5B70072
:10B04000B707C0FCB385F500930700006356B00056
:10B050001385070067800000B305B04093D54541D4
:10B060009307300163CCB700B7070800B3D5B740EA
:10B070009307000013850700678000009385C5FED5
:10B080001307E001930710006346B700B70700807D
:10B09000B3D7B70093050000138507006780000051
:10B0A000130101FE232A910083240501232C810032
:10B0B0001304450193942400B30494002328210130
:10B0C00003A9C4FF232631012324410113050900EC
:10B0D00093890500232E1100EFF0CFD8130700024B
:10B0E000B307A74023A0F9009307A000138AC4FF69
:10B0F00063DCA708130655FF6370440583A784FF2C
:10B10000630C0604B306C74033D7D7003319C90010
:10B110003369E900938584FF3707F03F3367E9001F
:10B12000B397C700637EB40203A644FFB356D600AC
:10B13000B3E7D7006F00C0029307B000630CF500BF
:10B140003319C9003707F03F3367E9009307000060
:10B150006F000001930700003707F03F3367E900F5
:10B160008320C101032481018324410103290101BA
:10B170008329C100032A8100138507009305070076
:10B1800013010102678000009306B000B386A64059
:10B19000B707F03F3357D9003367F7009307000034
:10B1A0006376440183A784FFB3D7D7001305550105
:10B1B0003319A900B367F9006FF09FFA130101FD7D
:10B1C000232A5101938A050093051000232291023E
:10B1D000232E3101232C4101232611022324810235
:10B1E0002320210393040600138A06009309070015
:10B1F000EFF08F91630205103707100013D9440157
:10B200009307F7FF1379F97F13040500B3F797004D
:10B2100063040900B3E7E7002326F10063920A06FE
:10B220001305C100EFF08FCB0327C100930410007A
:10B2300023289400232AE4009307050263080908E1
:10B240001309D9BC3309F9009304500323202A01C0
:10B250003385F44023A0A9008320C1021305040014
:10B260000324810283244102032901028329C101AD
:10B27000032A8101832A4101130101036780000031
:10B280001305810023245101EFF04FC50327C100AE
:10B2900093070500630E0504032681009306000250
:10B2A000B386A640B316D7003357A700B3E6C6004F
:10B2B0002326E100B334E00093841400232AD40051
:10B2C000232CE40023289400E31C09F613972400A0
:10B2D0003307E400032507019387E7BC2320FA0026
:10B2E000EFF04FB8939454003385A4406FF09FF66D
:10B2F000832681006FF01FFCB7160280371502808D
:10B30000938646AB130600009305F030130505B095
:10B31000EF009058130101FD23202103138905003C
:10B320009305810023261102232481022322910206
:10B33000232E310193090500EFF09FD693040500F9
:10B3400013840500130509009305C100EFF05FD5D4
:10B350000327090183A709018326C100B387E740BA
:10B3600003278100939757003307D740B387E7003F
:10B3700013070500635EF00293974701338487004B
:10B380009386050013850400930504001306070047
:10B39000EF10D0568320C10203248102832441028E
:10B3A000032901028329C101130101036780000001
:10B3B00093974701B385F5406FF09FFC130101FFA0
:10B3C0002320210123261100930770011309050092
:10B3D00063DAA70483A741C483A581C42324810021
:10B3E0002322910003A4C1C483A401C513850700CF
:10B3F0001306040093860400EF2040721309F9FF3E
:10B4000093070500E31409FE032481008320C10093
:10B410008324410003290100138507001301010162
:10B42000678000003717028013193500130787B3B0
:10B4300033072701832707018320C10083254701A4
:10B440000329010013850700130101016780000033
:10B45000832606019385F5FF93D555409385150006
:10B46000930746019396260093952500B386D7004F
:10B47000B305B50063F8D7021307050003A807005A
:10B480009387470013074700232E07FFE3E8D7FE03
:10B49000B387C6409387B7FE93F7C7FF93874700EC
:10B4A0003305F5006378B50013054500232E05FE2E
:10B4B000E36CB5FE678000000327050113D65540F5
:10B4C000930645016352C70213172700B387E600AE
:10B4D00063F2F60403A7C7FF9387C7FFE30A07FEDB
:10B4E000130510006780000093172600B387F6004D
:10B4F000E350E6FE93F5F501E38C05FC03A6070097
:10B50000130510003357B6003317B700E302E6FC0B
:10B51000678000001305000067800000130101FD33
:10B520002322910223261102930406006388051E3C
:10B53000232481022320210313840500232E3101BB
:10B54000232A5101232C410113090500EF904FB824
:10B550000327C4FF9387B40093066001930A84FF16
:10B560009379C7FF63F2F61013FA87FF63C20710DF
:10B5700063609A1063D24913B717028023248101B4
:10B58000138C871C03268C00B3863A0183A74600E0
:10B590006308D61C13F6E7FF3386C6000326460071
:10B5A00013761600631A061493F7C7FF3386F90063
:10B5B0006358460D13771700631C07022326710199
:10B5C000832B84FF23286101B38B7A4103A74B00AF
:10B5D0001377C7FFB387E700338B3701635C4B33C7
:10B5E000338BE90063584B29032B0101832BC100E6
:10B5F0009385040013050900EF801FB29304050032
:10B60000630805408327C4FF130785FF93F7E7FF0F
:10B61000B387FA006386E7241386C9FF93074002C5
:10B6200063E4C72E13073001636AC7209307050040
:10B63000130704008326070023A0D70083264700B2
:10B6400023A2D7000327870023A4E7009305040063
:10B6500013050900EF800FFC13050900EF908FA779
:10B66000032C81006F00C006130A0001E3749AF0F6
:10B670009307C0002320F900930400006F004005E9
:10B6800083A7C60003A78600032C81009309060048
:10B690002326F70023A4E70083A74A00B386494185
:10B6A0001306F00093F7170033873A016362D60858
:10B6B000B3E7370123A2FA008327470093E7170077
:10B6C0002322F70013050900EF90CFA09304040094
:10B6D000032481028320C102032901028329C101BD
:10B6E000032A8101832A4101138504008324410236
:10B6F000130101036780000013771700E31A07EEB8
:10B7000023267101832B84FF23286101B38B7A41A7
:10B7100003A74B001377C7FF6FF09FEC8320C10294
:10B720008324410293050600130101036F80DF9E0D
:10B73000B3E7470123A2FA00B3854A0193E6160056
:10B7400023A2D500832747009385850013050900B0
:10B7500093E717002322F700EF80CFEB6FF09FF6FF
:10B7600093F7C7FFB386370113060A0163D0C626D5
:10B7700013771700E31E07E623267101832B84FF4E
:10B7800023286101B38B7A4103A74B001377C7FFCE
:10B79000B387E700338B3701E344CBE483A7CB00C7
:10B7A00003A78B001386C9FF930640022326F700E8
:10B7B00023A4E70093848B0063E4C62813073001B9
:10B7C000938704006372C702032704009307B00144
:10B7D00023A4EB000327440023A6EB0063EAC7265B
:10B7E0001304840093870B010327040023A0E700C0
:10B7F0000327440023A2E7000327840023A4E700D3
:10B8000033874B01330B4B412324EC0093671B0020
:10B810002322F70083A74B001305090093F71700B5
:10B82000B3E7470123A2FB00EF90CF8A032B01016E
:10B83000832BC100032C81006FF09FE98326040055
:10B840001307B0012320D500832644002322D5000E
:10B85000636EC71413078400930785006FF09FDDA4
:10B860008327C5FF032C810093F7C7FFB389F90035
:10B870006FF09FE283A7CB0003A78B001386C9FF5D
:10B88000930640022326F70023A4E70093848B004D
:10B8900063E6C6101307300193870400637CC70278
:10B8A000032704009307B00123A4EB0003274400FF
:10B8B00023A6EB0063F8C7148327840023A8FB00AA
:10B8C0008327C40023AAFB00630CD60A13040401D7
:10B8D00093878B010327040023A0E700032744007C
:10B8E00023A2E7000327840023A4E70093090B00A9
:10B8F000938A0B00032B0101832BC100032C8100D1
:10B90000138404006FF05FD993050400EFC09FF12A
:10B910006FF0DFD383A7C60003A786001386C9FF95
:10B92000930640022326F70023A4E70003A78B0019
:10B9300083A7CB0093848B002326F70023A4E70082
:10B9400063EEC6041307300193870400E374C7F85D
:10B95000032704009307B00123A4EB00032744004E
:10B9600023A6EB0063F0C70A032784009307400275
:10B9700023A8EB000327C40023AAEB00E318F6F486
:10B980000327040193870B021304840123ACEB000B
:10B990000327C4FF23AEEB006FF0DFF39305040031
:10B9A00013850400EFC01FE86FF05FF403278400E5
:10B9B0002324E5000327C4002326E5006304F606DC
:10B9C00013070401930705016FF0DFC6B38A4A012C
:10B9D000B386464123245C0193E7160023A2FA00B4
:10B9E0008327C4FF130509009304040093F717008D
:10B9F000B3E74701232EF4FEEF80DFED032C810037
:10BA00006FF01FCD1304840093870B016FF09FEC40
:10BA100013050900EF801FEC93040000032C810044
:10BA20006FF01FCB83260401130784019307850160
:10BA30002328D50083264401232AD5006FF09FBF19
:10BA40009305040013850400EFC0DFDD6FF05FDBBA
:10BA50008327840023A8FB008327C40023AAFB00BC
:10BA60006308D6001304040193878B016FF0DFD7BE
:10BA70000327040193870B021304840123ACEB001A
:10BA80000327C4FF23AEEB006FF01FD683A7C1B816
:10BA900067800700638405029307F00F63E8C7001F
:10BAA0002380C50013051000678000009307A008DD
:10BAB0002320F5001305F0FF678000001305000048
:10BAC00067800000130101FE232C8100232A9100CE
:10BAD000232E110083A7C1B8130405009384060028
:10BAE00063820502E78007009307F0FF6306F50213
:10BAF0008320C10103248101832441011301010238
:10BB0000678000001306000093054100E7800700EE
:10BB10009307F0FFE31EF5FC23A004009307A008A1
:10BB20008320C1012320F4000324810183244101E7
:10BB30001301010267800000130101FE232C810024
:10BB4000232A9100232E110083A401C783A7C1B823
:10BB500013040600630A0502138605009306040019
:10BB60009305050013850400E78007009307F0FFA5
:10BB7000630AF5028320C10103248101832441016A
:10BB8000130101026780000093060600930541003F
:10BB90001306000013850400E78007009307F0FFF9
:10BBA000E31AF5FC232004008320C1010324810152
:10BBB0009307A00823A0F40083244101130101028C
:10BBC000678000008397C500130101F8232C8106CC
:10BBD000232E110613F727001384050063040702C0
:10BBE0009387350423A0F50023A8F50093071000E0
:10BBF00023AAF5008320C10703248107130101084C
:10BC0000678000008395E500232A910623282107F9
:10BC100023263107232441079304050063C6050842
:10BC200013068100EF00403B634E05068327C100E9
:10BC300037F90000B71900003379F900B7E7FFFFC3
:10BC40003309F90013391900130A00409389098058
:10BC500093050A0013850400EF800FCC8317C400FE
:10BC60006308050693E707082320A4002328A400FF
:10BC70002316F400232A44016310090AB3E73701AD
:10BC80008320C1072316F40003248107832441077E
:10BC9000032901078329C106032A8106130101082C
:10BCA000678000008317C40093F70708130900009A
:10BCB000638E0704130A000493050A001385040029
:10BCC000EF808FC58317C40093090000E31C05F8BB
:10BCD00013F70720631E070493F7C7FF93E72700B6
:10BCE000130734042316F40093071000832441073C
:10BCF000032901078329C106032A81062320E400C2
:10BD00002328E400232AF4006FF0DFEE130A00403A
:10BD1000930900006FF0DFF38315E400138504003E
:10BD2000EF00C031631005028317C4006FF01FF5E8
:10BD300083244107032901078329C106032A8106B9
:10BD40006FF05FEB8357C40093F7C7FF93E71700CB
:10BD50009397070193D707416FF05FF2130101F941
:10BD600023248106138405008395E5002322910690
:10BD700023202107232611069304060013890600B9
:10BD800063CA050413068100EF000025634405041F
:10BD90000327C100B7F700008320C106B3F7E7000F
:10BDA00037E7FFFFB387E7000324810693B7170047
:10BDB0002320F9001307004023A0E40037150000FA
:10BDC0008324410603290106130505801301010799
:10BDD000678000008357C40093F707086388070251
:10BDE0008320C10603248106930700002320F90065
:10BDF0001307000423A0E40003290106832441065D
:10BE00001305000013010107678000008320C106AD
:10BE1000032481062320F9001307004023A0E40037
:10BE200003290106832441061305000013010107BD
:10BE300067800000130101FE232C8100232A91005A
:10BE400023282101232E11001309050093840500E6
:10BE50001304060063060500832745036380071665
:10BE6000832784010317C4002324F40093778700F9
:10BE70006380070883270401638C070623263101AA
:10BE80009316270193F9F40F93F4F40F63D806087F
:10BE90000327040083264401B307F74063D8D70A79
:10BEA00083268400130617002320C4009386F6FF20
:10BEB0002324D4002300370103274401938717006C
:10BEC0006302F70C8357C40093F71700639A070CBB
:10BED0008329C1008320C1010324810103290101B9
:10BEE00013850400832441011301010267800000CF
:10BEF0009305040013050900EFC00FC1631E050878
:10BF00000317C40023263101832704019316270158
:10BF100093F9F40F93F4F40FE3CC06F6832644066A
:10BF200037E6FFFFB72500003367B7001306F6FFBB
:10BF3000B3F6C6002316E400032704002322D40628
:10BF400083264401B307F740E3CCD7F493050400FC
:10BF500013050900EFB01FDC631E05020327040070
:10BF60008326840093071000130617009386F6FFBC
:10BF70002320C4002324D4002300370103274401D5
:10BF8000E312F7F49305040013050900EFB09FD8FE
:10BF9000E30005F48329C1009304F0FF6FF09FF3E1
:10BFA0009307A000E396F4F293050400130509003B
:10BFB000EFB05FD6E30E05F06FF0DFFDEF70CF90CE
:10BFC0006FF01FEA9307050003A501C7138605005C
:10BFD000938507006FF01FE6130101FF138705002B
:10BFE00023248100232291001304050093050600F9
:10BFF000130507002326110023A401C8EF40CFCB6F
:10C000009307F0FF630CF5008320C1000324810037
:10C0100083244100130101016780000083A781C8C8
:10C02000E38407FE8320C1002320F4000324810061
:10C03000832441001301010167800000130101FF07
:10C040002324810023229100130405001385050099
:10C050002326110023A401C8EF408FCB9307F0FFE4
:10C06000630CF5008320C100032481008324410078
:10C07000130101016780000083A781C8E38407FEE4
:10C080008320C1002320F400032481008324410085
:10C09000130101016780000003A701C7130101FF1D
:10C0A0009387060013080600232611008328C70083
:10C0B0009306050013870500138607006300080236
:10C0C000B7170280938747D6B7150280938545D767
:10C0D00013850800EF00C014EF00C01937F8008086
:10C0E00093074849130848496FF01FFE130101FFE9
:10C0F000930606001306000023261100EFF0DFF977
:10C10000B3B7C502130101FF2326110023248100C8
:10C11000B385C5026390070AEF800F801304050002
:10C120006300050A0326C5FF130740021376C6FF06
:10C130001306C6FF6368C704930630019307050022
:10C1400063F2C60223200500232205009307B001F5
:10C1500063F8C7042324050023260500930705017F
:10C16000630CE60623A0070023A2070023A4070010
:10C170008320C10013050400032481001301010181
:10C180006780000093050000EF704FE78320C10037
:10C1900013050400032481001301010167800000DE
:10C1A0009307850023A0070023A2070023A407000C
:10C1B0006FF01FFCEF00800B9307C0002320F500F9
:10C1C000130400008320C100130504000324810030
:10C1D00013010101678000002328050093078501F2
:10C1E000232A05006FF01FF8130101FC1303C1029D
:10C1F0002326D10293060300232E11002328E102F7
:10C20000232AF102232C0103232E1103232661008C
:10C21000EFA09F808320C10113010104678000000B
:10C22000130E0500130101FC03A501C713038102CE
:10C230002324C1022326D10213860500930603009E
:10C2400093050E00232E11002328E102232AF10278
:10C25000232C0103232E110323266100EFA0CFFB23
:10C260008320C101130101046780000003A501C7F9
:10C2700067800000130101FF1305600023261100F1
:10C28000EF00802A13051000EF400FA083278511CF
:10C29000638607001305000067800000130101FF9B
:10C2A00093050008232481002326110013040500B0
:10C2B000EF709FE6232CA410630405029307050882
:10C2C0002320050013054500E31CF5FE13050000BF
:10C2D0008320C10003248100130101016780000055
:10C2E0001305F0FF6FF0DFFE130101FE232A91001A
:10C2F000232E11009307F0019304050063ECB702AD
:10C3000083278511232C810013840500638C070289
:10C3100013142400B38787000324810103A50700B9
:10C3200023A0C7008320C10183244101130101021E
:10C3300067800000930760012320F5001305F0FFDC
:10C340006FF05FFE930500082326C100EF70DFDC6D
:10C3500023ACA4100326C1009307050013070500B2
:10C3600093060508630A050023200700130747000A
:10C37000E31CD7FE6FF0DFF9032481011305F0FF02
:10C380006FF05FFA130101FF2322910023261100B1
:10C390009307F0019304050063E0B70A8327851132
:10C3A0002324810013840500638407041397250068
:10C3B000B387E70003A70700630C0702930610008A
:10C3C000630CD7009306F0FF6308D70423A007008F
:10C3D00013850500E7000700032481001305000012
:10C3E0008320C10083244100130101016780000004
:10C3F00013850400EF00C0431306040003248100EA
:10C400008320C100930505001385040083244100A7
:10C41000130101016F00803B032481008320C100D0
:10C42000930760012320F5008324410013051000C9
:10C430001301010167800000930760012320F500CC
:10C440001305F0FF6FF0DFF99307F00163EAB70C13
:10C4500083278511130101FF2324810023229100EA
:10C460002326110013840500930405006380070848
:10C4700013172400B387E70003A70700630C070224
:10C480009306F0FF6300D706930610006300D704FD
:10C490001305040023A00700E700070013050000B0
:10C4A0008320C10003248100832441001301010182
:10C4B000678000008320C1000324810083244100A1
:10C4C0001305100013010101678000008320C100E3
:10C4D000032481008324410013053000130101016E
:10C4E00067800000130520006FF09FFB9305000894
:10C4F000EF709FC223ACA41093070500630E0500E4
:10C5000013070500930605082320070013074700BB
:10C51000E31CD7FE6FF0DFF51305F0FF6FF05FF857
:10C520001305F0FF67800000130101FF2322910033
:10C53000232611009307F00183A401C763EEA70827
:10C5400083A7841123248100130405006382070458
:10C5500013172500B387E70003A70700630A070244
:10C5600093061000630AD7009306F0FF6306D70412
:10C5700023A00700E7000700032481001305000043
:10C580008320C10083244100130101016780000062
:10C5900013850400EF00C029130604000324810062
:10C5A0008320C10093050500138504008324410006
:10C5B000130101016F008021032481008320C10049
:10C5C0009307600123A0F4001305100083244100A9
:10C5D00013010101678000009307600123A0F400AC
:10C5E0001305F0FF6FF0DFF9130101FF2320210194
:10C5F000232611009307F00103A901C763E2A704F2
:10C6000023248100130405000325891123229100AE
:10C6100093840500630E050213142400B3078500FC
:10C6200003A507000324810023A097008324410071
:10C630008320C1000329010013010101678000006C
:10C64000930760012320F9001305F0FF6FF05FFEF0
:10C650009305000813050900EF701FAC232CA910E7
:10C660009307050013070508630A050023A00700C8
:10C6700093874700E31CF7FE6FF01FFA0324810045
:10C68000832441001305F0FF6FF09FFA130101FFAF
:10C690002324810003A401C72326110083278411CA
:10C6A000638C0700130500008320C1000324810070
:10C6B00013010101678000009305000813050400C1
:10C6C000EF709FA5232CA410630C050093070508A9
:10C6D0002320050013054500E31CF5FE6FF09FFCC9
:10C6E0001305F0FF6FF05FFC130101FF232291009F
:10C6F000232611009307F00183A401C763E4A70C6C
:10C7000083A7841123248100130405006382070892
:10C7100013172400B387E70003A70700630C070281
:10C720009306F0FF6300D706930610006300D7045A
:10C730001305040023A00700E7000700032481007D
:10C74000130500008320C10083244100130101016F
:10C7500067800000032481008320C10083244100FE
:10C7600013051000130101016780000003248100FC
:10C770008320C1008324410013053000130101010F
:10C780006780000003248100130520006FF09FFBE9
:10C790009305000813850400EF701F9823ACA410C4
:10C7A00093070500630E05001307050093060508AF
:10C7B0002320070013074700E39CE6FE6FF05FF5B8
:10C7C000032481001305F0FF6FF0DFF7130101FF71
:10C7D0001387050023248100232291001304050000
:10C7E00093050600130507002326110023A401C8A2
:10C7F000EF30DFD29307F0FF630CF5008320C10018
:10C80000032481008324410013010101678000009B
:10C8100083A781C8E38407FE8320C1002320F4009E
:10C82000032481008324410013010101678000007B
:10C830006F309FCCB7071000130101FE938EF7FFF6
:10C8400033F8BE00B3F7DE0013D3460123282101DD
:10C8500013D9450193973700232C81001318380012
:10C8600013D4F5011357D5019358D6011379F97FE5
:10C870001373F37F232E1100232A91002326310105
:10C8800093D6F601B3E8F800336707019315350036
:10C89000131F3600B30769406304D41E6352F016B9
:10C8A000630603289306F07F6306D942930680034C
:10C8B0001306100063CEF602B7068000B3E8D80076
:10C8C0009306F00163CEF65293060002B386F6405B
:10C8D0003396D8003355FF00B316DF003366A60049
:10C8E000B336D000B3D8F8003366D600330717410B
:10C8F0003386C540B3B5C50093040600B309B740FD
:10C900009397890063DA0732B70780009387F7FFB0
:10C91000B3F9F9006388092C13850900EF20100191
:10C92000930785FF930600023387F64033D7E40070
:10C93000B399F90033673701B394F40063C8274B08
:10C94000B387274193871700B386F6403396D40008
:10C95000B3D9F4003336C00033663601B316D700BE
:10C96000B3E4C600B359F7001309000093F774004D
:10C970006380070293F7F40013074000638AE7001F
:10C980009387440033B69700B389C90093840700A6
:10C990009397890063DA076E930719001307F07FF6
:10C9A000130E04006386E72A370780FF1307F7FF9B
:10C9B00033F7E90093F7F77F1318D70113D6340044
:10C9C000131797003368C8001357C7008320C101AD
:10C9D0000324810193974701B3E7E7001317FE0192
:10C9E000B3E7E70083244101032901018329C10042
:10C9F00013050800938507001301010267800000FA
:10CA0000638C0714B30723416312093C3365B700F5
:10CA10006304054C1385F7FF630205601308F07F7C
:10CA200063860757930780031306100063CCA702A1
:10CA3000930705001306F001634CF6561305000238
:10CA40003305F5403316A70033D8F5003395A5001C
:10CA5000336606013335A0003357F7003366A6006E
:10CA6000B388E8403306CF403337CF009304060045
:10CA7000B389E84013090300138406006FF05FE8F0
:10CA80006350F01E63100314B3E6E801638C0626BE
:10CA90009386F7FF638006481306F07F638CC722F6
:10CAA000930780039309100063CCD7029387060095
:10CAB0009306F00163C0F64A93060002B386F6407F
:10CAC000B399D8003356FF00B316DF00B3E9C900AD
:10CAD000B336D000B3D8F800B3E9D9003307170153
:10CAE000B385B900B3B9350193840500B389E90072
:10CAF0009397890063D20714130919009307F07FF5
:10CB0000630CF936B70780FF9387F7FF13F614001D
:10CB1000B3F7F90013D714003367C7001396F70172
:10CB2000B364E60093D917006FF05FE4B3E6E80161
:10CB3000638A061C9386F7FF638006401306F07F26
:10CB4000638AC7189307800313061000E3C2D7DA7D
:10CB5000938706006FF0DFD6130819001378E87F7B
:10CB6000631C08223363B70033E8E8016310093817
:10CB7000630E034663060840B389E54133B53501CA
:10CB8000330617413306A64013158600635E055031
:10CB9000B305BF403387E840333FBF003307E74169
:10CBA0001316870093840500635E0652B70780FF63
:10CBB0009387F7FF3377F700138E06009307100073
:10CBC0006FF09FDF9306F07F6306D9109306800312
:10CBD00093091000E3C6F6F0B7068000B3E8D8006A
:10CBE0006FF01FED13850400EF204054930785017B
:10CBF0009306F001E3D8F6D2130785FF3397E400DC
:10CC000063C62723338927419307190063D6F64863
:10CC1000130919FE93060002B3542701638CD70051
:10CC200093060004B387F6403317F7003337E0006C
:10CC3000B3E4E4001309000093F77400E39C07D207
:10CC40009307090013D63400138709006F00000C06
:10CC50009307F07F13070000130800006FF01FD741
:10CC6000638A070CB30723416302091E9306F07F12
:10CC70006308D332930680039309100063CEF60253
:10CC8000B70680003367D7009306F00163C8F63C0F
:10CC900093060002B386F640B319D70033D6F500E9
:10CCA000B396D500B3E9C900B336D0003357F700C7
:10CCB000B3E9D900B388E8003387E901B339370114
:10CCC00093040700B3891901130903006FF05FE2B1
:10CCD0006310080213163500135636001318D701D7
:10CCE0003368C80013573700336707016306071816
:10CCF000130E00009307F07F3707080013080000A9
:10CD00006FF0DFCC13163500135636001318D70119
:10CD10009306F07F3368C80013573700E386D7FCCB
:10CD20001317C7001357C70093F7F77F130E0400BC
:10CD30006FF0DFC99306190013F8E67F6318081433
:10CD4000B366B700631C092863820630B3E6E801C6
:10CD500063880622B387E501B3B5B700330717012F
:10CD60003307B70013D8370093178700130E04005A
:10CD700063DE0734B70780FF9387F7FF3377F70049
:10CD80009317D7011357370033E807013377D701DB
:10CD9000930710006FF09FC33388E541B3B70501D7
:10CDA000B3091741B389F9409397890093040800A8
:10CDB00063C6071033683801E31E08B4130E000081
:10CDC00093070000130700006FF05FC01305F07FAA
:10CDD000630EA31A1305800313061000E344F5C87D
:10CDE000370680003367C7006FF0DFC4B70980FFE4
:10CDF0009389F9FF3309F940B37937016FF01FB711
:10CE0000938607FE13060002B3D6D800638AC700D4
:10CE100013060004B307F640B397F800336FFF0022
:10CE20003336E0013366D6006FF09FACB70680FF63
:10CE30009386F6FFB307F9403377D7001318D7016D
:10CE400033683801135737006FF09FEDB366B700B2
:10CE50006386061E9386F7FF638E060A1305F07F2E
:10CE60006380A7149307800393091000E3C6D7E4F7
:10CE7000938706006FF05FE1130E04009307F07FC5
:10CE800013070000130800006FF05FB49307F07FF2
:10CE9000E384F6FE338FE501B335BF00B307170116
:10CEA000B387B7001396F701135F1F00B364E60161
:10CEB00093D91700138906006FF05FAB3306BF40AC
:10CEC000B387E8403337CF0093040600B389E740C7
:10CED000138406006FF01FA4131636001356360095
:10CEE00013840600138708006FF05FE2E31203DE8D
:10CEF0006306081C13D73800131636009398D80120
:10CF000033671701135636003367C70013840600D2
:10CF10006FF0DFDD338FE501B3081701B335BF00D4
:10CF2000B389B8009397890093040F0063D4070E68
:10CF3000130920006FF01FBD338FE541B30817417F
:10CF4000B3B5E50193040F00B389B840130910008D
:10CF50006FF01F9B938607FE13060002B3D6D8001E
:10CF6000638AC70013060004B307F640B397F800BE
:10CF7000336FFF00B339E001B3E9D9006FF05FB65A
:10CF800013163500935936006FF05FEB1316360019
:10CF90001356360013840600138708006FF01FD461
:10CFA0001316360013563600138708006FF01FD390
:10CFB000138507FE130600023355A700638AC700D6
:10CFC00013060004B307F640B317F700B3E5F50006
:10CFD0003336B0003366A6006FF0DFA8E38206FCAC
:10CFE00033EFE801E3160FD06FF0DFCEE30808DC83
:10CFF000131836009397D8011358380013D7380008
:10D000003368F8003377D701138E060093070000CA
:10D010006FF0DF9B930710006FF0DFC2B305BF40D6
:10D02000B388E8403337BF0093840500B389E840F4
:10D0300013840600130910006FF09F8C131636003E
:10D0400013563600138708006FF05FCC13163600B6
:10D0500093593600138708006FF05FDE938607FE52
:10D0600013060002B356D700638AC70013060004F4
:10D07000B307F640B317F700B3E5F500B339B000D6
:10D08000B3E9D9006FF05FC313D6340093070900EA
:10D09000138709006FF09FC793060002B386F6401E
:10D0A000130600006FF05F8B33E8C900E30808D077
:10D0B00093D93900130706006FF05FD8130E0000F4
:10D0C0009307F07F370708006FF05F909317D70141
:10D0D0001357370033E807013377D7019307000070
:10D0E0006FF0DF8E1318D70193D535003368B80081
:10D0F00013573700138406006FF09FC2130101FD20
:10D10000232E310193D94501232481022322910248
:10D1100023202103232C4101232671019394C50070
:10D1200023261102232A510123286101232481018E
:10D1300093F9F97F13040500930B06001389060089
:10D1400093D4C40013DAF501638A09189307F07FBA
:10D150006388F908939434009357D501B3E7970097
:10D1600037078000B3EAE700131B3500938919C025
:10D1700093040000130C0000935749011314C900D5
:10D1800093F7F77F1354C4001359F901638207081A
:10D190001307F07F638AE7181314340013D7DB01F9
:10D1A00033678700938717C0370480003364870094
:10D1B00093983B00B389F940130600001307F00071
:10D1C000B3462A0163649724B7170280939424001E
:10D1D000938747DAB384F40003A7040067000700CD
:10D1E000B3EAA400639E0A1C935749011314C900B3
:10D1F00093F7F77F130B0000930480009309F07FEF
:10D20000130C20001354C4001359F901E39207F8DA
:10D21000B36874016382081C630A044A130504009E
:10D22000EF10D07093070500930655FF1307D00148
:10D23000938887FF3307D7403314140133D7EB00AB
:10D2400033648700B3981B01B38737019389373F55
:10D25000130600006FF09FF63307F74013068003B4
:10D26000635AE64E93070000130600001307000000
:10D270008320C1020324810293974701B3E7C700CB
:10D280009396F601B3E7D7008324410203290102F4
:10D290008329C101032A8101832A4101032B010152
:10D2A000832BC100032C8100130507009385070021
:10D2B00013010103678000009307F07F130600004D
:10D2C000130700006FF0DFFA930600009307F07F6A
:10D2D00037060800130700006FF09FF9B3EAA400B7
:10D2E000638C0A106388044013850400EF101064F7
:10D2F00013070500930655FF9307D001130B87FF13
:10D30000B387D740B3946401B357F400B3EA9700EE
:10D31000331B64019309D0C0B389E9409304000032
:10D32000130C00006FF05FE5B368740193891980F6
:10D33000639C080A93E424001304000013062000F1
:10D340006FF0DFE713090A0013840A0093080B004B
:10D35000930720006308FC4E93073000E306FCF6B9
:10D360009307100093060900E30EFCEE9387F93F44
:10D370006356F02A13F778006316074A13177400F0
:10D38000635A0700B70700FF9387F7FF3374F40071
:10D39000938709401307E07FE340F7F293D8380002
:10D3A0001317D40113169400336717011356C600E0
:10D3B00093F7F77F6FF0DFEB130C06006FF05FF968
:10D3C000938A0400130B05009304C0009309F07FB7
:10D3D000130C30006FF05FDA93E4140013040000C4
:10D3E000130610006FF09FDD93E4340093880B0068
:10D3F000130630006FF09FDC130B00009304400015
:10D4000093090000130C10006FF01FD76364542BB6
:10D4100063808A2A13030B009389F9FF93870A001C
:10D42000130B0000131784001355070133D4A70210
:10D4300013D688013366E600131806011358080155
:10D440009395880013570301B3F7A702B308880226
:10D4500093970701B367F70063FA1701B307F60064
:10D460001307F4FF63F0C72E13040700B3871741B7
:10D47000B3D8A7021317030113570701B3F7A70285
:10D48000B30F1803939707013367F700637AF70127
:10D490003307E6009387F8FF637EC7289388070069
:10D4A00013140401B7020100336414011383F2FF63
:10D4B000B3786400935E040113DE050133F3650065
:10D4C000330F13033307F741B3081E0393570F01BC
:10D4D000B38F6E02B388F801B3871701B38ECE0302
:10D4E00063F4F701B38E5E00B70F0100938FFFFF67
:10D4F00093D80701B3F7F70193970701337FFF0133
:10D50000B388D801B387E701636E1717630A17174B
:10D51000B307FB4033071741333BFB003307674139
:10D520006300E62EB358A70293DE07013377A70204
:10D53000330F18031317070133E7EE00637EE7018B
:10D540003307E600938EF8FF636AC72E6378E72FF0
:10D550009388E8FF3307C7003307E741B35EA702AC
:10D560009397070193D707013377A7023308D803AE
:10D5700013170701B3E7E70063FE0701B307F600DF
:10D580001387FEFF63E8C72A63F6072B938EEEFF2F
:10D59000B387C70093980801B3E8D8011395080131
:10D5A00013DF080113550501B30E6502B387074168
:10D5B0003305AE0213D70E0133036F023305650046
:10D5C0003307A700330EEE036376670037050100CB
:10D5D000330EAE00370801001308F8FF135507019A
:10D5E0003377070113170701B3FE0E013305C50199
:10D5F0003307D70163F2A712B307F6001383F8FFCE
:10D600001388070063E4C71C63E8A7246386A72682
:10D610009308030093E818006FF05FD5130710001C
:10D62000E39C07C29389E941B3973801B337F0000F
:10D63000B3193401B3E73701B3D8E800B3E8F80011
:10D6400093F778003354E4006380070293F7F800FF
:10D6500013074000638AE70093874800B3B81701B7
:10D660003304140193880700931584009307100076
:10D670001306000013070000E3CC05BE6F00401343
:10D68000E378FBE8B30EBB0033BF6E01B30FCF00EE
:10D690003307F701138B0E00930FF4FF6374E60852
:10D6A00063621715638EE81213840F006FF05FE654
:10D6B000E3621BD713571B001393FA0193D71A0089
:10D6C0003363E300131BFB016FF0DFD513850B0001
:10D6D000EF10D025930655011307C00193070502EB
:10D6E000E356D7B4130585FF930800003394AB00CD
:10D6F0006FF09FB5EF109023930655019307C0017B
:10D7000013070502E3DAD7BE930785FFB31AF400C7
:10D71000130B00006FF01FC0E39EA7EEE30807C4E1
:10D720006FF09FEDE312E6F8E30C0FF613840F00A1
:10D730006FF01FDEE374F7D79388E8FF3307C70065
:10D740006FF01FD6E3F217D31304E4FFB387C700CB
:10D750006FF0DFD11306F001E356E6EC130610FE7E
:10D76000B307F64013060002B357F4006308C7007E
:10D770009389E943B3193401B3E83801B338100190
:10D78000B3E8F80013F778001306000063080702F7
:10D7900093F7F8001307400013040000638AE700C2
:10D7A00093874800B3B817013334100193880700FA
:10D7B000131694001317D4011356C60093D83800DB
:10D7C00033E7E800930700006FF09FAA9308030077
:10D7D000E312A8E4E30CB7B893E818006FF01FB9A0
:10D7E000E3F4FEECB38ED50133BFBE00330FCF00A0
:10D7F0001304E4FF138B0E003307E7016FF05FD1D2
:10D80000130720C09387F93F9308F0FFE3C8E9E0CE
:10D8100013874800B3381701330414019308070035
:10D820006FF0DFB513F7F80013064000E308C7B444
:10D830006FF01FFE930E07006FF0DFD593880E0088
:10D840006FF09FD1930609009307F07F1306000045
:10D85000130700006FF0DFA1139315003338B300F6
:10D860003308C800338807019388E8FF9305030055
:10D87000E302A8F66FF01FDAE3E0E5FE9308030089
:10D88000E31CB7F46FF09FAE13D74501B707100044
:10D890009387F7FF13D846011377F77F1303F07FC1
:10D8A00033FEB70093080500B3F7D70093D5F50111
:10D8B0001378F87F93D6F60113051000630C670008
:10D8C00063086800631407016306FE0267800000B6
:10D8D00067800000E31CE8FEB367FE00B3E7C70003
:10D8E000B3E71701E39407FEB385D5403335B000A5
:10D8F00067800000E39CC8FC638AD500E31807FC3E
:10D90000336E1E013335C00167800000130500002F
:10D910006780000093D84501B70710009387F7FF91
:10D9200013D7460193F8F87F130EF07F33F3B70057
:10D9300013080500930E0500B3F7D70093D5F50142
:10D94000130F06001375F77F93D6F6016388C80599
:10D950006304C503639A0806336803016310050670
:10D9600033E6C700630C06086312080A13051000AB
:10D97000638206086780000033E6C7006314060868
:10D980006396080033630301E30203FE6380D50658
:10D9900063920506130510006780000033630301DE
:10D9A00063120306E31615FFB3E7C700639C070481
:10D9B000E390D5FE1305000067800000E30808FA35
:10D9C000E398D5FC6F008002E30405FCE392D5FCEC
:10D9D000E34015FD63CCA800E3EC67FA6318F3009D
:10D9E000E368DFFB13050000E3F6EEF91305100012
:10D9F000E39205F81305F0FF67800000E31A08F8CA
:10DA0000678000001305E0FF67800000E386D5FC17
:10DA10006FF01FF893D84501B70710009387F7FF01
:10DA200013D7460193F8F87F1303F07F33FEB70056
:10DA300013080500930E0500B3F7D70093D5F50141
:10DA4000130F06001375F77F93D6F601638A6804F7
:10DA5000630465026398080633680E01631E0508B7
:10DA600033E6C7006304060A6316080A13051000AC
:10DA7000638006086780000033E6C70013052000B6
:10DA8000E31A06FE63960800336E0E01E3000EFEF5
:10DA9000638CD504639E05041305100067800000A5
:10DAA000336E0E0163100E06E31615FFB3E7C700D1
:10DAB00013052000E39007FCE39ED5FC130500004E
:10DAC00067800000E30805FCE396D5FCE34415FD00
:10DAD00063CCA800E3E0C7FD6318FE00E36CDFFB46
:10DAE00013050000E3F8EEF913051000E39405F8C0
:10DAF0001305F0FF67800000E30A08F6E39CD5F801
:10DB00006FF09FFE1305200067800000E31408F803
:10DB100067800000E380D5FC6FF0DFF7130101FDA3
:10DB200093D745012324810223229102232021033C
:10DB3000232E3101232A51019394C500232611027B
:10DB4000232C410123286101232671012324810113
:10DB500093F7F77F13040500930A060093890600E4
:10DB600093D4C40013D9F501638407421307F07FEF
:10DB70006386E70A939634001357D5013367D700BD
:10DB8000B7068000B364D700131A3500138C17C092
:10DB9000130B0000930B000093D749011397C900A2
:10DBA00093F7F77F138F0A001354C70093D9F90135
:10DBB0006380070A1307F07F638EE714131734009E
:10DBC00093D5DA01B3E5E500938717C037078000E6
:10DBD00033E4E500139F3A00B38887011303000084
:10DBE0001307A00013851800634C670BB345390178
:10DBF000930720001388050063C66715130BFBFF0E
:10DC00001307100063606717630AF33C9304040072
:10DC1000130A0F00930B03006F00C00933EAA4003E
:10DC200063180A3C93D749011397C90093F7F77F0C
:10DC300093040000130B8000130CF07F930B200063
:10DC4000138F0A001354C70093D9F901E39407F620
:10DC5000B36754016382073C6300044A1305040060
:10DC6000EF10C04C93080500130755FF9307D00130
:10DC7000138F88FFB387E740B3D7FA003317E40167
:10DC800033E4E700339FEA01B3081C419388D8C00E
:10DC90001307A0001303000013851800E35867F56D
:10DCA0009305090093072000638AFB329307300035
:10DCB000638CFB489307100013880500639AFB46AA
:10DCC0009307000093060000130700008320C102A1
:10DCD0000324810293974701B3E7D7009316F80115
:10DCE000B3E7D70083244102032901028329C1013C
:10DCF000032A8101832A4101032B0101832BC100E7
:10DD0000032C81001305070093850700130101030D
:10DD100067800000336754019308FC7F630A073073
:10DD2000371700003348390113070780136B3B0096
:10DD30009306A000930508003305EC0063C0663924
:10DD400013033000130610003316660113770653D1
:10DD5000E31A07F4937706246394073C1376860846
:10DD60006312062EB70F0100938EFFFFB377DA011F
:10DD700093560A01B37EDF01135E0F013387D70389
:10DD80003383D603935507013306FE02330666003C
:10DD9000B385C500338FC60363F46500330FFF01FD
:10DDA000B70301001386F3FF33F3C500935F04014B
:10DDB0003377C7003374C40013130301B38287029F
:10DDC0003303E30093D505013387860213D602019E
:10DDD000B387FF02B387E7003306F600B387F60385
:10DDE0006374E600B3877700370901009309F9FFF0
:10DDF0003377360193D30401B3F63401B3F2320121
:10DE000013170701B384DE023307570013560601C8
:10DE10003306F600B385E500B302DE0293D70401B2
:10DE2000B38ED303B382D201B3875700330E7E0281
:10DE300063F4D701330E2E01B7090100938EF9FF69
:10DE4000B3F2D70193D70701B387C701B3FED4015B
:10DE5000939202013309D402B382D2013384830244
:10DE6000135E0901B386DF02B3868600330EDE003F
:10DE7000B38E7F0263748E00B38E3E01B70F010034
:10DE8000938FFFFFB376FE01939606013379F90174
:10DE9000B385E501B38626013386C60033B7E500B6
:10DEA0003307E600338F5500B307F700B335BF00E3
:10DEB000B385B700B336D6003336C700B3E6C60025
:10DEC00033B7E700135E0E01B3B7F500B386C601A2
:10DED0003367F70093179F003307D700B3E7670056
:10DEE0003307D701B337F00013567F01131797009C
:10DEF00093D67501B3E7C7009395950033EAB70051
:10DF000093177700B364D70063D0070213571A0042
:10DF100093771A009396F401B367F70033EAD700BA
:10DF200093D41400930805001386F83F6356C0127B
:10DF300093777A00638007029377FA001307400013
:10DF4000638AE70013074A00B3374701B384F4003C
:10DF5000130A07009397740063DA0700B70700FFFE
:10DF60009387F7FFB3F4F400138608409307E07F2C
:10DF700063C4C71C93573A001397D4019396940037
:10DF80003367F70093D6C6009377F67F6FF01FD400
:10DF900033EAA40063080A06638E041213850400A2
:10DFA000EF10C01813060500930655FF1307D001A4
:10DFB000930786FF3307D7403357E400B396F40046
:10DFC000B364D700331AF4009307D0C0338CC74032
:10DFD000130B0000930B00006FF01FBC13880500AB
:10DFE0009307F07F93060000130700006FF01FCE29
:10DFF000130A0500130BC000130CF07F930B3000C5
:10E000006FF09FB993040000130B4000130C000045
:10E01000930B10006FF05FB8136B1B0093080C009C
:10E0200013040000130F0000130310006FF05FBB18
:10E03000136B2B0013040000130F000013032000C8
:10E040006FF01FBA93040400130A0F00930B030030
:10E05000938509006FF01FC51307100063100610A9
:10E060009388E84133161A013336C000B39814017F
:10E07000B357EA00336616013366F60093777600ED
:10E08000B3D5E400638007029377F60013074000DE
:10E09000638AE7009307460033B6C700B385C5001F
:10E0A0001386070013958500930710009306000060
:10E0B00013070000E34C05C06F00C0101307F00009
:10E0C0006310EB1213080000B706080013070000E6
:10E0D0006FF0DFBFEF108005930655019307C00175
:10E0E00013060502E3D4D7EC130585FF130A0000DD
:10E0F000B314A4006FF05FED13850A00EF10000366
:10E10000130755019307C00193080502E3D0E7B652
:10E11000130585FF130F00003394AA006FF0DFB6DC
:10E12000130800009307F07FB70608006FF01FBACE
:10E13000930805006FF05FDF9307F07F9306000000
:10E14000130700006FF09FB8130800009307F07FDB
:10E15000B7060800130700006FF05FB73307C7402A
:10E1600093078003E3CEE7B49307F001E3DAE7EE29
:10E17000930710FEB387C74093060002B3D7F4009D
:10E180006308D7009388E843B3981401336A1A01EF
:10E19000333640013366F6001377760093060000AD
:10E1A000630807029377F600130740009305000009
:10E1B000638AE7009307460033B6C700B335C00053
:10E1C00013860700939695001397D50193D6C60042
:10E1D000135636003367E600930700006FF01FAF59
:10E1E00093040400138A0A00930B300093850900FE
:10E1F0006FF05FABB70710009387F7FF130101FEC5
:10E20000B3F8B70033F8D70093D746019398380096
:10E21000232C81002326310113D4F50193D9450124
:10E220001357D501131838009355D601232E11002A
:10E23000232A91002328210113FFF77F1303F07F86
:10E240003367170193F9F97F130E04009318350013
:10E2500093D6F601B3E50501931E3600630C6F20DB
:10E2600093C61600B387E9416302D416E35AF0005F
:10E27000630A0F246384693C93068003130510002E
:10E2800063CEF602B7068000B3E5D5009306F00131
:10E2900063C4F64E93060002B386F6403395D5006C
:10E2A00033D6FE00B396DE003365C500B336D0002A
:10E2B000B3D7F5003365D5003307F7403385A84061
:10E2C00033B6A800930405003309C74093178900AB
:10E2D00063D80734B70780009387F7FF3379F900D5
:10E2E0006306092E13050900EF005064930785FFAC
:10E2F000930600023387F64033D7E4003319F90060
:10E3000033672701B394F40063C4373FB3873741C1
:10E3100093871700B386F6403396D40033D9F400C0
:10E320003336C0003366C900B316D700B3E4C60065
:10E330003359F7009309000093F7740063800702D4
:10E3400093F7F40013074000638AE70093874400C3
:10E3500033B597003309A900938407009317890008
:10E3600063D0076C938719001307F07F6386E72457
:10E37000370780FF1307F7FF3377E90093F7F77F3D
:10E380001318D70113D53400131797003368A8006A
:10E390001357C700137E14008320C1010324810199
:10E3A00093974701B3E7E7001317FE01B3E7E700D0
:10E3B00083244101032901018329C10013050800B9
:10E3C0009385070013010102678000006352F0701B
:10E3D00063160F1CB3E6D501638E06269386F7FFFE
:10E3E00063880646638C6724930780031309100033
:10E3F00063CCD702938706009306F00163CAF64800
:10E4000093060002B386F6403399D50033D6FE005A
:10E41000B396DE003369C900B336D000B3D7F50038
:10E420003369D9003307F700330619013339260160
:10E43000930406003309E9009317890063D2071E8D
:10E44000938919009307F07F6388F916B70780FF57
:10E450009387F7FF13F51400B377F90013D714006F
:10E460003367A7001395F701B364E50013D91700CC
:10E470006FF09FEC33E8D501138319806308080619
:10E48000630AD4066304030E638E0926131536004F
:10E490001355350013840600138705001318D701A0
:10E4A0003368A80013573700336707016306071066
:10E4B000130E00009307F07F3707080013080000D1
:10E4C0006FF09FEDB3E6D501638606189386F7FFDC
:10E4D0006382063A6384671693078003130510006E
:10E4E000E3CED7DC938706006FF05FDA93C61600A1
:10E4F000E31AD4F8630803186390092C9307F07F9C
:10E50000B3661701638806489386F7FF6382063473
:10E510001305F07F6382A72A930780031309100075
:10E5200063CAD7029307F00163C6D74C9307000272
:10E53000B387D7403319F70033D6D800B397F80024
:10E540003369C900B337F000B356D7003369F90017
:10E55000B385D5003307D901333927019304070068
:10E560003309B90093090F006FF01FED938719006D
:10E5700093F7E77F6394071433E8D501B367170176
:10E580006394092A638E07386310083C131535001D
:10E5900013593500930700006F0040116380690A2A
:10E5A0009306800313091000E3C0F6E8B706800065
:10E5B000B3E5D5006FF05FE4137E14009307F07F9E
:10E5C00013070000130800006FF01FDD138504001F
:10E5D000EF00D035930785019306F001E3DAF6D01A
:10E5E000130785FF3397E40063CE371BB3893741A8
:10E5F0009387190063DEF642938919FE93060002A1
:10E60000B3543701638CD70093060004B387F640F8
:10E610003317F7003337E000B3E4E4009309000058
:10E6200093F77400E39E07D09387090013D5340055
:10E63000130709006F008002E31C08E6131535007C
:10E640001318D701135535003368A8001357370046
:10E650006FF09FE513153500135535001318D701DA
:10E660009306F07F3368A80013573700E38ED7E294
:10E670001317C7001357C70093F7F77F137E1400D3
:10E680006FF09FD19386190093F7E67F639E071280
:10E69000B3671701639A092463860730B3E7D5018E
:10E6A000639A073013153500135935001318D70135
:10E6B00033682801135737006FF09FFB3388D84128
:10E6C000B3B708013309B7403309F94093178900FC
:10E6D0009304080063C2071233682801E31208C0DC
:10E6E000130E000093070000130700006FF0DFCA4D
:10E6F000370980FF1309F9FFB389F94033792701FE
:10E700006FF09FC39307F07F336517016304051013
:10E710001388F7FF6302081E1305F07FE388A7D66E
:10E7200093078003138406001305100063CA0703D0
:10E730009307F00163C4071993070002B3870741E9
:10E740003315F700B3D60801B397F8003365D50049
:10E75000B337F000335807013365F500B385054141
:10E760003385AE4033B7AE00930405003389E540EE
:10E7700093090F006FF09FB5938607FE1306000202
:10E78000B3D6D500638AC70013060004B307F6406A
:10E79000B397F500B3EEFE003335D0013365D500F5
:10E7A0006FF0DFB1B70680FF9386F6FFB387F940BD
:10E7B0003377D7006FF09FEF1315360013553500F0
:10E7C000138705006FF09FCD9307F07FE386F6DE99
:10E7D000B38ED80133B61E01B307B700B387C700A5
:10E7E0001395F70193DE1E00B364D50113D917000A
:10E7F000938906006FF05FB433861E41B387E5400E
:10E8000033B7CE00930406003389E7401384060033
:10E810006FF01FAD13163600135536001384060033
:10E82000138705006FF09FE3E39807E06306082273
:10E8300013D73500131636009395D5013367B7000B
:10E84000135636003367C700138406006FF01FC6E7
:10E85000B38ED801B305B70033B61E013389C500A6
:10E860009317890093840E0063D8070A9309200048
:10E870006FF0DFBDB38ED841B305B74033B6D801D2
:10E8800093840E003389C540930910006FF01FA4D4
:10E89000938607FE13060002B3D6D500638AC7002D
:10E8A00013060004B307F640B397F500B3EEFE007D
:10E8B0003339D0013369D9006FF01FB7930708FED1
:10E8C00093060002B357F700630AD80093060004CA
:10E8D000B38606413317D700B3E8E800333510019B
:10E8E0003365F5006FF0DFE7E38807ECB3EED501A1
:10E8F000E3900EBC6FF09FD433861E41B385E54094
:10E9000033B7CE00930406003389E5401384060034
:10E91000930910006FF09F9B930710006FF01FD1B9
:10E92000E30008DC13163600935736001398D50120
:10E93000139795003368F8001357C700138E06002D
:10E94000930700006FF05FA53389D841B3B7280162
:10E950003306B7403306F6409317860063D2070E9E
:10E9600033861E413387E540B3BECE003307D7411F
:10E97000931787009304060063DE0712B70780FF32
:10E980009387F7FF3377F70013840600930710008F
:10E990006FF01F9F131636001355360013870500BE
:10E9A0006FF0DFCB131636001359360013870500BE
:10E9B0006FF0DFCFB386D801B307B70033B61601C7
:10E9C000B387C7001397870013D83600635E070824
:10E9D000370780FF1307F7FFB3F7E7001397D70157
:10E9E000939797003368070113D7C7009307100068
:10E9F0006FF09F9A938706FE13060002B357F70045
:10EA0000638AC60013060004B306D6403317D70046
:10EA1000B3E8E800333910013369F9006FF09FB3B0
:10EA200013D5340093870900130709006FF01FC343
:10EA300093060002B386F640130600006FF09F8E27
:10EA40003368C900E30E08C8135939009307000062
:10EA5000130706006FF09FC5130E00009307F07FA9
:10EA6000370708006FF05F931397D70193979700CC
:10EA70003368070113D7C700930700006FF0DF91D9
:10EA8000E38607AE33083F4193070800E38E09C6CB
:10EA90009307800363CA0701B70780003367F70055
:10EAA000138406006FF0DFC81384060013051000FE
:10EAB0006FF01FCB1318D701135636003368C80008
:10EAC0001357370093070000138406006FF05FBAF6
:10EAD000E38A07BAB3063F416396090093870600AD
:10EAE0006FF01FA29307800313091000E3C4D7A699
:10EAF000B70780003367F7006FF0DFA213D7450137
:10EB0000B70710009387F7FF1347F7FF13D84601A5
:10EB1000B3F5B700B3F7D700931657011378F87F12
:10EB2000638006021307F07F130500006304E8000A
:10EB300067800000B3E7C7003335F000678000004E
:10EB4000B3E5A50013051000E38E05FC6780000007
:10EB500093D74501B70610001387F6FF93F7F77FA9
:10EB60001306E03F3377B70093D5F501635EF600F7
:10EB70001306D041635EF600370500801305F5FFEC
:10EB80003385A50067800000130500006780000042
:10EB9000130630433306F6401308F0013367D700FD
:10EBA0006350C80293063041B387F6403357F700ED
:10EBB0003305E040E39C05FC130507006780000077
:10EBC0009387D7BE3317F7003355C5003367A700C7
:10EBD0006FF01FFE130101FF232611002324810083
:10EBE00023229100630A05041357F541B344A7009B
:10EBF000B384E440930705001385040013D4F701A0
:10EC0000EF00C0529307E041B387A7401307A0006D
:10EC100093F7F77F6340A7061307B0003307A740B9
:10EC200033D7E400130555011317C700B394A400AC
:10EC30001357C7006F004001130400009307000042
:10EC40001307000093040000939747011314F40185
:10EC5000B3E7E7008320C100B3E787000324810006
:10EC600013850400938507008324410013010101EB
:10EC700067800000130555FF3397A4001317C700E2
:10EC80001357C700930400006FF01FFC130101FF2E
:10EC9000232481002326110013040500630C0504BE
:10ECA000EF00C0489307E041B387A7401307A000D7
:10ECB00093F7F77F6344A7061307B0003307A74015
:10ECC000130555013357E4003314A4008320C10019
:10ECD000130504001317C700032481001357C7004E
:10ECE00093974701B3E7E7009385070013010101FC
:10ECF000678000008320C100130504009307000013
:10ED0000032481001307000093974701B3E7E7004E
:10ED1000938507001301010167800000130555FF6B
:10ED20003317A400130400008320C100130504005E
:10ED30001317C700032481001357C7009397470197
:10ED4000B3E7E70093850700130101016780000026
:10ED50008325C500832785000328050083264500F9
:10ED600013960501130101FE1397150013560601B2
:10ED70002324F1002326B100232CF10023200101DC
:10ED80002322D10023280101232AD100232EC100F0
:10ED90001357170193D5F501930801019307C1019A
:10EDA0001315360003A6C7FF9387C7FF9356D601F6
:10EDB000B3E6A60023A2D700E394F8FE930617005B
:10EDC0001318380013961601232801011356260143
:10EDD00063020604B7C6FFFF938606403307D700D9
:10EDE0009306E07F63D4E6109307F07F13060000DC
:10EDF00093060000939747019395F501B3E7C70089
:10EE0000B3E7B700138506009385070013010102DD
:10EE10006780000003264101832881010325C10189
:10EE2000B3661601B3E6A600B3E606016314070451
:10EE300063820614930650001306000093D7360031
:10EE40009316D601B3E6F600131696009377F77F74
:10EE50001356C600939747019395F501B3E7C70092
:10EE6000B3E7B7001385060093850700130101027D
:10EE7000678000006384061293D7C801131545000C
:10EE8000B3E7A700B7068000B3F6D7006382061C7D
:10EE9000370780FF9356C601939848001307F7FF82
:10EEA00033F6E700B3E61601B70740003366F60015
:10EEB00093F686FF9307000013D736009316D6010A
:10EEC000131696001356C600939747019395F501C4
:10EED000B3E7C700B3E6E600B3E7B7001385060063
:10EEE000938507001301010267800000635CE00C5A
:10EEF00083274101032581010326C1019396470021
:10EF0000B3E6060193D7C701131845001316460050
:10EF10001355C501B336D000B3E707013366A60029
:10EF2000B3E6F60093F776006380070293F7F600E6
:10EF300013054000638AA70093874600B3B6D70045
:10EF40003306D60093860700B7078000B377F60034
:10EF5000E38607EE130717009307F07FE306F7E851
:10EF6000B70780FF9387F7FF3376F6009377F77F35
:10EF70006FF09FF49307000013060000939747017A
:10EF80009395F501B3E7C700B3E7B7001385060013
:10EF90009385070013010102678000009307F07F4B
:10EFA00013060000939747019395F501B3E7C70057
:10EFB000B3E7B7001385060093850700130101022C
:10EFC000678000009306C0FC634CD7089306D0030B
:10EFD000B386E6400327C10113DE5640B70E080092
:10EFE000B3EEEE0013152E00232ED10193F6F60199
:10EFF0003388A800138608001307000003230600C7
:10F000001306460033676700E31AC8FE1306300094
:10F010003306C641639A0604032808009386160047
:10F020009387470023AE07FF634ED6003388A700BF
:10F0300003280800938616009387470023AE07FF36
:10F04000E356D6FE93074000B387C7416F004008E0
:10F05000930500009307F07F370608006FF09FD9F3
:10F06000130700006FF01FDD1308050233082800A6
:10F07000032808FF130F0002330FDF403318E801A5
:10F0800033670701630E060813182600B30FF80054
:10F090003386A80003250600032346009387470014
:10F0A0003355D5003313E3013365650023AEA7FE66
:10F0B00013064600E390FFFE93074000B387C74165
:10F0C0001306080233062600B3DEDE002328D6FF2F
:10F0D00093064000B386F640939626009397270048
:10F0E00013068000B388F80063EAC60023A0080076
:10F0F00023A20800938686FF938888009307400028
:10F1000063E4F60023A00800832701013337E00001
:10F1100003264101B366F700130700006FF09FE07C
:10F1200093071000130800006FF09FF9B707010064
:10F13000637AF502133705101337170013173700DA
:10F14000B70702803355E50093878764B387A7002C
:10F1500003C5070093060002B386E6403385A64048
:10F1600067800000B70700016374F5021307000110
:10F17000B70702803355E50093878764B387A700FC
:10F1800003C50700930600013385A6406780000091
:10F1900013078001B70702803355E5009387876422
:10F1A000B387A70003C50700930680003385A640F8
:04F1B0006780000074
:10F1B800696C6C6567616C20696E737472756374D1
:10F1C800696F6E20657863657074696F6E20686119
:10F1D8006E646C657220656E74657265640A00659C
:10F1E80063616C6C20657863657074696F6E206804
:10F1F800616E646C657220656E74657265640A0080
:10F2080065627265616B20657863657074696F6E9D
:10F218002068616E646C657220656E7465726564E1
:10F228000A00756E6B6E6F776E2065786365707413
:10F23800696F6E2068616E646C657220656E7465B6
:10F248007265640A006E6F20657863657074696F13
:10F258006E2068616E646C657220696E7374616C8F
:10F268006C65640A00000000556E696D706C656D10
:10F27800656E7465642073797374656D2063616C61
:10F288006C2063616C6C6564210A00007414FFFFD4
:10F298007414FFFF4414FFFF4414FFFF4414FFFFDE
:10F2A8004414FFFF4414FFFF4414FFFF7414FFFFCE
:10F2B8006414FFFF4414FFFF4414FFFF4414FFFFCE
:10F2C8004414FFFF6414FFFF6414FFFF3C15FFFFA5
:10F2D8004414FFFF4414FFFF4414FFFF4414FFFFCE
:10F2E8004414FFFF4414FFFF4414FFFF4414FFFFBE
:10F2F8004414FFFF4414FFFF4414FFFF4414FFFFAE
:10F308004414FFFF4414FFFF7414FFFFEC14FFFFC5
:10F318004414FFFF4414FFFF4414FFFF4414FFFF8D
:10F328004414FFFF4414FFFF4414FFFF4414FFFF7D
:10F338004414FFFF4414FFFF4414FFFF4414FFFF6D
:10F348002015FFFF4414FFFF4414FFFF4414FFFF80
:10F358004414FFFF4414FFFF4414FFFF4414FFFF4D
:10F368004414FFFF4414FFFF4414FFFF4414FFFF3D
:10F378004414FFFF4414FFFF4414FFFF4414FFFF2D
:10F388004414FFFF4414FFFF4414FFFF4414FFFF1D
:10F398004414FFFF4414FFFF4414FFFF4414FFFF0D
:10F3A8004414FFFF4414FFFF4414FFFF4414FFFFFD
:10F3B8004414FFFF4414FFFF4414FFFF4414FFFFED
:10F3C8004414FFFF4414FFFF4414FFFF4414FFFFDD
:10F3D8003015FFFF1C13FFFFC013FFFFCC13FFFF07
:10F3E800FC12FFFFFC12FFFFFC12FFFFFC12FFFFE5
:10F3F800FC12FFFFFC12FFFF2C13FFFFFC12FFFFA4
:10F40800FC12FFFFFC12FFFFFC12FFFFA413FFFF1B
:10F418002C13FFFF457870656374656420203D20D8
:10F4280025640A00507265646963746564203D2030
:10F4380025640A00526573756C74203A2025642F80
:10F44800310A000063726564656E63653A2025645D
:10F458000A000000656E763030303300696D6167F0
:10F46800652025733A20256420696E73747275636C
:10F4780074696F6E730A0000696D61676520257392
:10F488003A202564206379636C65730A00000000E4
:10F498000D08FAFDF6F60105FC01FB07FEFEFAF27F
:10F4A80006F6F9EBE0DAD8D8D6F10902112A2533A5
:10F4B800D3C6C3D2F9FFFAF723282F24100A110B59
:10F4C800DFF10625DFEF0D2CE1F11D1CE2F2051A34
:10F4D800F3000A0BE4EB1815E502170C00F90DFD13
:10F4E800FB01162000FEF30201EEDAE3030E190019
:10F4F800F7E1EA19F1E8F924E8E4062BEEEF0A202F
:10F508002517FFFEFCF0FFFBEBFDF513F1FE0C1DCC
:10F518001024FCD5341423F82C1D0EFB140A2006E5
:10F52800C8031B1BE4191B15171C27F51610E7C584
:10F538000114231CEDF0161BDFD6E5FB01F2F7F3EF
:10F5480008E4F51C1AF4D2041906F401FD1401FAB2
:10F55800111125361D1A1121F9F4F203D0D0CDDF8F
:10F56800FCFBEBEB19FFE0BF130D05DA1636310F84
:10F57800081D3534DED3F332E2E2CCFDFCF5E6E4D7
:10F58800FFEFF4F010F7FE030C0CF9FF15FCF6F38F
:10F598008000000080000000800000008000000063
:10F5A8008000000080000000800000008000000053
:10F5B8008000000080000000800000008000000043
:10F5C8008000000080000000800000008000000033
:10F5D8008000000080000000800000008000000023
:10F5E8008000000080000000800000008000000013
:10F5F8008000000080000000800000008000000003
:10F6080080000000800000008000000080000000F2
:10F6180080000000800000008000000080000000E2
:10F6280080000000800000008000000080000000D2
:10F6380080000000800000008000000080000000C2
:10F6480080000000800000008000000080000000B2
:10F6580080000000800000008000000080000000A2
:10F668008000000080000000800000008000000092
:10F678008000000080000000800000008000000082
:10F688008000000080000000800000008000000072
:10F698008000000080000000800000008000000062
:10F6A8008000000080000000800000008000000052
:10F6B8008000000080000000800000008000000042
:10F6C8008000000080000000800000008000000032
:10F6D8008000000080000000800000008000000022
:10F6E8008000000080000000800000008000000012
:10F6F8008000000080000000800000008000000002
:10F7080080000000800000008000000080000000F1
:10F7180080000000800000008000000080000000E1
:10F7280080000000800000008000000080000000D1
:10F7380080000000800000008000000080000000C1
:10F7480080000000800000008000000080000000B1
:10F7580080000000800000008000000080000000A1
:10F768008000000080000000800000008000000091
:10F778008000000080000000800000008000000081
:10F788008000000080000000800000008000000071
:10F798008000000080000000800000008000000061
:10F7A8008000000080000000800000008000000051
:10F7B8008000000080000000800000008000000041
:10F7C8008000000080000000800000008000000031
:10F7D8008000000080000000800000008000000021
:10F7E8008000000080000000800000008000000011
:10F7F8008000000080000000800000008000000001
:10F8080080000000800000008000000080000000F0
:10F8180080000000800000008000000080000000E0
:10F8280080000000800000008000000080000000D0
:10F8380080000000800000008000000080000000C0
:10F8480080000000800000008000000080000000B0
:10F8580080000000800000008000000080000000A0
:10F868008000000080000000800000008000000090
:10F878008000000080000000800000008000000080
:10F888008000000080000000000400000004000068
:10F898000004000000040000000400000004000050
:10F8A8000004000000040000000400000004000040
:10F8B800C9FBFAE4E6DA1EE3FBE4E72CF8EDF9E924
:10F8C800F21DF61C1E21DAD9DC10F2EDE7F4FD3A40
:10F8D80006FBD5291BFCE92C1CDFFE0328E9F92EC1
:10F8E80026EBEDD8F7EFEBF322F9FCD62F24F6E25E
:10F8F800EBE61CE23201143C2C2AF6FB1EFCF8F85D
:10F90800FADD28ECECE912E00CEDF82CE812DF2720
:10F9180025E91BD9021F0EE231DED0E7ECFD26F007
:10F9280027E300FB07E5061427F3F6FDDBD7F8DF2E
:10F93800F8FDFCF902210AE72EF3F5DCE3F3E4FF16
:10F9480005F6F5EDDDE60E34E204EBDDDDF028EE3C
:10F95800E12427F92DFA20FB02EDE5E629233AE711
:10F9680022DA06ECF6EF3004FA1FE1F804DD343150
:10F97800EAFBEDE1F1F8D3EB25DB012AE6D0EFF560
:10F98800EBE4F0EE1316093507181DD7F3E5F1EE91
:10F99800E7EDEFF2DA1CFA3521E5DB1622D10BF898
:10F9A800F4DB2EEC25E0E315E826321AE836EDE420
:10F9B800F2CA18F3E5EF01E5F316291FEBD92A2B54
:10F9C8000DECEB19E52FF1DAF0E7FE37FCEBF5EC7F
:10F9D80013F1293635EF2A32FAF9EE35E7273032B6
:10F9E800DFDB0027D5EF03162CFEE4E530F408270B
:10F9F8001B1DCCCD391EDEE807020707E5FD2D13D8
:10FA0800142021F32CF3EEF5E92FF7E407CFCEC14C
:10FA1800FF32F014F70102F238E40AD504FDE52DAF
:10FA280019D63716D721DFEC20F5D4E62831D4E2F1
:10FA3800282F14E4F41D31E0D130D1F3D0C7E42BE2
:10FA4800FB11F92A27D81BDFEDF4E5EA17E72AFFAF
:10FA5800E811FA31E90124FFF81FDAF0FCE6E8368C
:10FA6800D9ED2522CC1BFF2D23E4D92305ED08FC75
:10FA78000CE4F9E81DFDD90D32F2E1E43AE92F036F
:10FA8800E2F82EF81422D81D362CD4E3E2D9F8F87F
:10FA9800E5E3EDEF37CEE63728E2E6E72306ECF8B4
:10FAA800E4F3D42F282FF0F7E7ECD639FBDDE4F0A8
:10FAB800FE2201EB1CE9F7CBFDDBFB0B3933100011
:10FAC8002EE3DDE6EEE314EE0BFDFFFAEB06E5F6BA
:10FAD800DBE6DE1BD629EB0F2BEBE83227D9E5FD59
:10FAE800EE39DD302431EFCFF32EED322027DB1D48
:10FAF800DC39EB2EFB2B17E1FB1E0B15ED22E5F98C
:10FB0800ECEFE4EEFAF2ECDF2EF1E4F6ED2FF0E79D
:10FB1800FC33E3F6CEE4191BDBFBF8DEEFF6E0FD81
:10FB2800FE2E1D00EAFEFFD125F6E1F016C9CFE052
:10FB38000F2DE70740F237EBDDE9DC23FEFC312C23
:10FB4800E2E53034F8ED2721F336CDE5092AFDE169
:10FB58001BD5F0E539FCDBF634FBE4E71C09FA2990
:10FB680006FE302303EF1C26EEDEF7DA1DF0E2FD79
:10FB7800EA04CF26F1F8CB24EA06DBF7EB1F37E4DB
:10FB8800D62D11F027DD29E70BFA32E31B361ACE02
:10FB98002422FDD421F0252FFC2EFBF31D2925F569
:10FBA800FAFE23E7281C04FDE205F2F2E713C8EE8B
:10FBB80001D420CC2E1DD8F8D33BF3193524E937CE
:10FBC80015D3ED0ED11FF4F4030DE8FA010E212828
:10FBD800E02AF5ECFF1B272AF415F725E4E5EDF6F6
:10FBE8000C0EDB1800F6D6CD2D1DD0FE2FFEE1EE53
:10FBF80014331DD409E0F9FB00D624F122F42122A4
:10FC080017DAFEE426EAED2E293414FD2EE6EBEA97
:10FC180022EA2110EDE306E3DF25E219FB360406AC
:10FC2800F5D516E214CFD4D405E2F43BE001E5F3B0
:10FC38000510DFDBD7FAD7E938E61415E5FAE30C47
:10FC4800E3EFE7EEEF18EDE5D8DF18E5E7E3FC2E84
:10FC5800F4E401F1EA1922272A15EC28D939F0FD34
:10FC6800EE21E9F91E0AE1D805ECEC3706F800DECA
:10FC7800F22EEAE7F701EC232FEFED382FDAF0F454
:10FC8800D7F02913D12F0B3BF2EE01E00B00F22C39
:10FC980017F126D221E6F2DFE6F4CF23F0E8D922E5
:10FCA8002D4B27EC18F1F5F0F81832E50DEBFCE5D3
:10FCB800E0DE06E9F8ED3AE130E5EFD636CFFFD1E0
:10FCC80025E6E3EDE803FCDBF6E7271B2736ED31F5
:10FCD800DEE2102ADEDC2220F24435F6EFE72500CA
:10FCE800E0E000F5EBCE3139040D03F3D8DD15D88B
:10FCF80029D9EDD4EE06F501EA1FEADB21F4F8294B
:10FD080007F12BDDE2221E2235252FFBFDF6D92E29
:10FD1800EFCEFB10F41CE1F8EAFAD8EDECE3F61F9D
:10FD2800E5110D31F0D2EEFCD1290C0DE12E3D0983
:10FD38001BF318E51FCFEBFCE03121F8F23128D98D
:10FD4800EBE326FD13E623DCE9F4FCE2FF20F3D91C
:10FD5800EC26E725EB22E6F533DEF2EDFF2C342C1A
:10FD6800C7E028EC3212E832212F29E5D617040023
:10FD7800DA001032D11CF70112F71E26F1FEF71A2D
:10FD8800EEED192AE72F2414D1FF3500ED1CD9FA1E
:10FD980021180F2827DEF8DFD6FCE21C0ED8E3D2A4
:10FDA800EB060D04DD32DF30E50FEEF8F9F3271727
:10FDB80010EB142BF20CC02002F0F40D2D29E0D228
:10FDC80016182A23ECD7DCE31C051D1A2BFA25F696
:10FDD800E02311E2F91B041505ECE9E728253EDFCD
:10FDE800463DF132E9150B26D4F01025EAECD5DEB4
:10FDF80035EC06D60AEB27EED1E0031CD0DF1FF264
:10FE08002AE6FC3125D5EA0912FB1CFA001826134C
:10FE18001D322401F1FD22FACBDDCFCECF220FCF48
:10FE2800250628E337F70A211A2BEFEB2EDC0F0003
:10FE38002914C3F4EA2C06DC0EF4F1F0FCCC1426E9
:10FE48001BF1223CE10B33EFF700EDD3F73809EB58
:10FE5800DB22E5E5252F100F2BCBC8FC19FADD387E
:10FE6800ED28E2FA0BD9E41DDAEEEDE0DC0DC9CCA1
:10FE7800C431241833F3F222E0E7C5D3D425251B77
:10FE88001014D403271AF60905332B200EEA0C0B9D
:10FE9800F506F7F002F40DEAFAF607050A0A0B0868
:10FEA8000F0CDAF507E9140B00F60AFCF608F6FD64
:10FEB800FD08F5F008090413FB0BF0FA0817020E09
:10FEC800F8FEFDF5FFFBF20A010300E4140109073F
:10FED800F30213F4020E06FC0AFEF6F50B0203FD0C
:10FEE80002FD03EAFF0AE8F7F2FB170DF1FF0FFC2A
:10FEF8000BFA05FFF6EE0601F907F3FAFA0724ED07
:10FF080017050508F20D10F9F5EF03FE02FE040CC3
:10FF1800F50806FD04F9FDFF1B29FF0DF315EAFCA2
:10FF280004FBFB1801E003010101FF07080114FCB1
:10FF380005F40FFD13E5F01200FFFAFA02EC04FDD8
:10FF48000DFA06FF0EFEFB0500FD1CFDFEEA03FD93
:10FF5800FE01001504F6F714FA01F3ED0BFE00FBA1
:10FF68000A0B1103D7F922F9F7FEFAFA04DB000AA3
:10FF7800FEF5FAF50AF305181917160CF30305032D
:10FF880003FDF51102F900FCFA0C01F9080A0C0F3F
:10FF980004DAF6FAE808E7F900FC0400FFF6F9F8D5
:10FFA80004F40EF612FE0E061113F919ED04EDFC19
:10FFB800FC0F06F2FDFB040C0DF80005F2FAE7143D
:10FFC800E6F927F5F713F80001EF06E803FC01014D
:10FFD800F8FC0B0FED062306F0FE121500F2010DDA
:10FFE800FDED0205F4F601E4F404FC01080A21FF22
:08FFF800E5E6AD04F7E6FB0DA0
:02000004800179
:1000000002EDF103FCF5FDDBFBFE01F71DFF0E0524
:10001000D3F9E1FEFFF5EFFB090FFE09FE04FAF745
:1000200001F704FB03FAF0F4F9F11D03EEEAFFF720
:10003000FDEFFFF6090600FCFF05FB0B0DFCFB02C4
:100040000DE71103E420F7FB08F3060CFFFBEAFCC5
:10005000FEF402FE0A0315FA0C0810F8ED0BD6FCAC
:10006000F5F9FE0502F909DE06FE00EF11FD12E5C5
:10007000F5F2E6FD291BE8070704F7EEFBF8F2228C
:10008000FEF5080AF7FCF703F4DE48F70CD5270461
:1000900005F3F5E0FEEEE6F4F0EF0C01F2090215CF
:1000A000F0E32C1904FF0D0FFDF6FBFC04EFFFDF5E
:1000B000E4FF05EE0706170406BE05FFE6C5EDFDE5
:1000C00001FDFADE01F1F2ECFFFAFDEA130C132058
:1000D000CFEBF647F62DF10CFBFC0EEA05F5F30E1F
:1000E000E80DFCECE3E8FE12EDDA230D3E100710FC
:1000F0000C01FDD40805F7F9F5FE03020308132DE2
:10010000F3E6DD25130A0001E8F2FBD80505EDF55D
:10011000F509E805FA071A17F9FC0E04190AF1EBBC
:10012000F8FB04EA0D0802050010F1F8FEEF0F04D9
:10013000EA0D1134D4F501F7F6FFF8EEF71CFAF2E8
:10014000FB04FA3CFBF60DF5F6DDE1080600F400D1
:10015000040A050C0A19F9DFECFEF4170E14070661
:1001600009F6090F0408FA07FB1405EA01F5FDF288
:10017000F5FFF10527EBEDF8FC382D1EF21F0DFD04
:10018000020E07EC0AD80C170B09E913F3F3E11C74
:1001900009414AD90EFD0900F503FB05FC18110BB6
:1001A0000BF50C1A0C09F41B06010FEEE1FA0CFD1D
:1001B000010D050605010510140801200001ED23BD
:1001C000FE2018F31D0C010AF70FFF0304E401FBE6
:1001D0000BFB020BF5F9F2FDFB270CFD1A18FFFDD6
:1001E0000704090201FCFDECFF05FF10020710F5F2
:1001F000FA0400EA18150200FEFFFE06FFF40412DE
:100200000BFEFA1004FF09FC070F05FB26150B0A6D
:10021000FA0001FFFCED08E703FE0A0EEFF900FC0F
:10022000EB01E0FA00FC0CFB00FBFBF1FE190B1BE1
:10023000050C1B02F902190B09F5020BFD1F080042
:1002400002FEFCF3F81EF924F80B0D0CFD18F00764
:10025000E700F7F71626FAFDFAFC0FF8F20201F6AE
:10026000FDFE0D09F7FE1924EBD4FD121B16F20555
:10027000FE0008F2F61D060DFF06000201FAEAFC78
:10028000ECF3BB1D1312EAF8051101F9020DFCECA9
:10029000020203F7130AE2040E17FFFEF80B000830
:1002A000091403F501FF031F010FF9000D07EFD338
:1002B000EC18FEE8FD0A050802FF04F6041C06E43B
:1002C000EF03F306FE0619DEED00E0FE05F40CF484
:1002D000F90BFB09FAD90FEF0400F300FB07FEE06E
:1002E000FEF0F70107FCFFFC0208F401FDEEF80B3D
:1002F00013040309F6EFF6F517E715D6FEFE02FD27
:10030000F6FFFDFD03F903ED0EF8FA15FBFBFB010B
:10031000F90608EB0FB2F705FD02FD2006F307F220
:100320000CF4031207F9EBDDF0012803D6FCF7F417
:10033000020A08FB07EE090DFEF91002FF0BE7F2B7
:100340000F1A17F6D118E7FE07FEF72603EAFB009F
:100350000104071204FA0BF807F506F308F1F70495
:1003600006F80007FFEB03FF0902FF000B0C00F388
:10037000F3FBEADD1EEB03FFF6F9F6E5FA000113E5
:1003800006FE07FDFEEEF626F8E027031BFE0B0C2B
:10039000F800FAF3FEDBFDFDE3FE0D0AF7F8F727A0
:1003A00006F5F0F2FDE10BFE05F7FFFAF0E606F8C0
:1003B000FF07130D050802FE16F4F80E0C1AFCF6E2
:1003C000FD0707F401F5F8F1F6081AF61200031715
:1003D0000401FD1A0123F512EE0002F6FEFAFFF900
:1003E000FF02F825FAF5FDEFF2DAEB0F150406F936
:1003F000FC070AF1FDED01FBFCFC09270BFDFE18D3
:1004000009F9F10F07F4FF04FDFC03E1FF1000FD03
:10041000FF0AFC0B05F8F21E00FFEC04FD12EFF2E0
:10042000FF0404F403FBFC040508FDFFF8EF18EFDC
:10043000111310FBE0EF07F6FCF700F4001D0C2190
:100440000DF8FA20EB0B18EFF3E90004D305F401E3
:100450000F0104160722F302EE00F718FD1510FA3B
:10046000F7F5E2FB0003F3FFFEF7FFFDF9FE06E6FA
:100470000FFE00001AF9EFF0F111E610F8F3EC01AD
:100480000AFE00F3F8E0FCE70A070A0C05ECFC01A1
:10049000E2113A090DFF0300FAFEF906F81AFAEA2A
:1004A0001308FBEC050D12F6F0FCC8FD1507FA0267
:1004B000F50809E908FF020F0EFDFAF01D0102F828
:1004C000EEF1FD0E3E1D15F10405FFE0FF1FFA1DC4
:1004D000FCFAFF021609F7FEDC0F2B1A0D1111F9B9
:1004E000000AFFF0FE02FE21030CFBFA05FADDF222
:1004F000ECF55003FDE5FC030604071A03FC1801A4
:100500000E0EFEFD040513F30537E4F6FB24EA0D99
:10051000000CF9EBFF0303FE1B0701030D00FDF9BF
:100520000A00F9FC08220B0509FBFFDCFFF70B159D
:10053000050E061DF7F9E10AF4F604000D2A19FF6D
:10054000FE0500FE000004FD14FEFA22F2ECDB05BD
:10055000F52432F209FA0402F9F9061E04F90BF245
:10056000FD09FEF1FB03130807ED01F3DD15ED0BAB
:10057000FF010DF10B19FBFC0417FBEBEFF4FAFD87
:10058000F6FBDC0BF425EF01FE0D01F307FA0AF48C
:100590001B050C06FA00E90F1B1007FA02FC050107
:1005A000FAFF08080BEA06F503030E0AF1FC011135
:1005B0000808F9D7FA1202010D03030DF7FE07EE42
:1005C0000DFFFB00FF040AF5EE11E1030CE800FE4D
:1005D000040607110F0F0E12010107EB0EF9DFEFF2
:1005E000FB0BEFF909F007020004F9FFFAE30B1027
:1005F0000FFFFE05F3F505F82000FCF5FEFC1907DA
:10060000FFFE04E90202050AF7F607FFF6FF1611DE
:100610001FEDE2FBF339030EF9F305F10417FDF2C8
:1006200005FAF7FC02060D0D1A140C0005FE0F0B5F
:10063000F100080906E707FBFBF8FB120507FC07BA
:10064000FD1016F60A25110E0B0CF2F4090D01FB34
:10065000E5FF0909FFFF0EE701F6DCFE080C0001CB
:100660000DF1FDF90421FA0AFB01ECF6020F230655
:1006700016F2D5FFEFFDF6FC05FD0FFF0C1604F694
:100680001004FA0609FA0DF10A201AFEFB2409FAF1
:100690000A080109FD0EFBF8FC070606100501EB30
:1006A0000714FEF2F9F30305F809FAF4FD24010337
:1006B000F601FEF20C0A0AF00703F30B101C000708
:1006C000F3FA0A14F51800FE01FFF4FBFD0E03E730
:1006D000F7F0E6F6FFF900F604040012FFE6031552
:1006E00006F2FE0E1DF6FDE3FC2918FF03F408FFD9
:1006F00002FFFC2EFA1602FC1EF7FBF7F7F5F6E3F5
:100700000F10FBF1031803050501FCF2F4F7FD17C8
:1007100006ED00EFFFE80B070B03F5F8FE0CFE10EB
:100720000300F807FD080305FC02FF100E05F5DFC6
:10073000110606EDF21305F001FA04ECFA0F0E03B0
:10074000170308F1FC031012FDC608F3EB04FE06C4
:10075000FFF606EC09F10BE51EFD0F12E10A17E6A4
:10076000D401E217E906EFF3020300FEFF0204EBF7
:1007700009F8F522EE0F1EEBBFD0BAE8E500E6FD62
:10078000FE00F70BF809FBEC01F909160B0A04E867
:10079000CFEFE80B08DBF4FAFDFCF7EF01E903FF0C
:1007A000F300FFF0FEFDE9FEF4E516F809F402FDA2
:1007B00003FEEFF404FC0312FAF5F5E604FB110660
:1007C000FA0018FCD6CF090BF900FB0EFBFE02164F
:1007D000E60801EE080BF90C0BFA0704EEF5F8FC3D
:1007E00005FD0914FA0B03EDEB10FFF400F100F620
:1007F000FF09FB04ECE1FCF4FDF9FAFF01F8FD024E
:10080000FA0C010003F2000F00E2F90D0508F7FFF2
:10081000FAFD0DFC021A0610E3FEF90A14F3E62CA9
:10082000F5E4051708480DF6FA04FE1101F9F9F28E
:100830001301F3FC00F7E901F81A0D06FBEC0BFFBE
:10084000FAF808F90CE9FF03FAF3F005F400EA17E7
:10085000FC221AECF9F406F1FDFCF600FFCDFBF4E6
:10086000F706FCFF1407FF1A1215F9FFEA03060248
:10087000FB08FE06F7E803030703021E05FEE9185E
:10088000F9150AEE0CFE0200030A07FAFDFF06F551
:1008900012030610E9F8F9FAFA0FFA06DBF8FFFC82
:1008A000FEFF06FDF303000A0EF9040BE9FF080042
:1008B0001907D7D10F05FEFB0507031AFBEA0C0346
:1008C00004F30212FAFFF81B0827E300EF06F50312
:1008D000FA0AF827FF13FA0D0BF302FEF7F1E721EE
:1008E0001F0FF4F805F205FF090702FFFB00ED07F3
:1008F0000105000EF7F4FD1729FE04FCF6F304FDD4
:1009000005FDFFFA061EFD06010605F9F4F309F4DC
:1009100003DDFA182807F70100F9FCE20223F8F2D8
:10092000F30502FDFB03F70F01F8DCFF00100FFBDE
:100930000207F9E70805FD01FE1AFC09FDFFF505B0
:10094000E7EFF603F51313FD0E0D0002FF1B011078
:10095000FBFA0A0402FDF4EA02FFF5010DDDFE04D4
:100960000709080D07F0F90CFCFFFC16F3081CD66C
:100970000BF5F4F605E507FB0B13FDFC0B02F8FE87
:100980000A06F5FC070607F8FE2DE703F80F160B1D
:1009900005120109FCEE21E924FEFEF7EF02F4FF47
:1009A000F40EF4EDFBF913FD0400FBD4FF0809F885
:1009B0000CFD05FAF812FBF7F9FE1D011A0F06F2FD
:1009C000FF0301F5FD23FB030EF40901FAFFF5E82F
:1009D0000902F60A091805FF070606060CF901D8F0
:1009E0001A02FF16E7FD0A3301160AEF060FEE178B
:1009F000000801FD001DF9E905080B04F6F9FE0CDD
:100A0000EB10C6FADB13F2FB06FCFEE7F817090C45
:100A100011F1FEF90411E3020917F80609EDFC08CB
:100A2000F70A020D01EA0901EE01FC05E7F6DC090F
:100A3000D113ECD21119FF0200F7FF12F824FAF6D5
:100A4000F209010E020F19C8FAFAD6FA07D7F00216
:100A5000010D0212FBEC00FE10FE07F906F7F6D3BB
:100A6000F7F7E7F122F91307000BFF03FCB80500C5
:100A70000E07EC13F1EE0D0516FBECCEFBFC0007A8
:100A8000F90AFD12F7FE0804F3030F0DF6FF141028
:100A90002709D0D9021000FE05F9F7ED05EBEFF0BC
:100AA000F7FD030814F708F6F8F3DB05FEE8EE108F
:100AB00003120017F1FB0202F4040D0FE900FDF12F
:100AC000EDF3DD17203EF5010205F2F50B01FEF90D
:100AD00011F6F30DFDFAF0F209010BFD091016F7FE
:100AE000020E08FC00FE0203FDF40407F6FBF6FF0D
:100AF000160405F6FA0701FE020502F407F002F2F9
:100B0000F003FFFDFD07F809FFEFDD03F2E5FFF954
:100B1000080809160AFE09EF1007FC0CFC0AFB0C7A
:100B2000ED0BE0FE010CFDFF03FFF603010FFCFFE0
:100B3000090006FF001B0402FCEBFFEE0913FD0693
:100B40000A0002FE010A040310F70BFB05FB0CFB75
:100B5000FDF30F0B03050C07FB0603FCFE00011061
:100B60000305FFFBF6FC1208FA15E30DF208F80185
:100B7000FFF3F500F91B0811F8F6FFEAE50509F6A1
:100B80000005E9E8EE09F20C01F4F9040510F60F8E
:100B900001FC06F91410F0E909E5FCF20EFAF60082
:100BA000FC09FA0604F9FEF5EFFAFAF800FB1AF46C
:100BB000EAECED1EF108FB0102F1FE020801FFEB79
:100BC000F5FF00F6F10314E4FBE9E7050EEB0B0279
:100BD0000FF301FE04FB0CD5F6FF00EB0EFC18E64C
:100BE000E5D9F7F0F8F8F40400F7EFF406F200EDB9
:100BF000F60F03F5100DF8F401FCEA09F4E8FEFC29
:100C00000DFCFEFA05F4FDF1FEF8FF0010F811FBF3
:100C1000FEEEF41A022803050702050D051303F37F
:100C200008090205FF060C04F928F7F7D6F509F9BB
:100C300004FE04F7FCED10E903F600F91923060899
:100C40001C0A0BF305D4160701F704DAFD2106F49C
:100C5000F50A02FA0F072506FAEAFAF4111EE9036B
:100C6000FEF902F202410219F704E8F3161843EB09
:100C7000E5EC11F20BEEFFF212050203001305F191
:100C80000602FF040C100617050416FE0C2412F5CC
:100C9000F80FFB0706E002E804FB03FF010AF3E597
:100CA000152315DEF2F60A040D01FBE007160FEE20
:100CB000F1F3F2E405F709FDFD14F21619140EF52F
:100CC0000E0BF9E90926050A0503F512060CDCC628
:100CD000F907EE0609060301F4050202FCFA10FA10
:100CE00007FE0202090DFFF20A1505E9E6E50A030F
:100CF000FDF4F805F50914031BF808F4FCFD04E104
:100D00000005E411E813F010031216F90015071995
:100D10001AFC0F080502EB030E22F20BFA0A08096F
:100D2000F80D0E0804F9100B0102020FFB01E9DFB8
:100D3000041F2BD6F80117F8FAFBFC0FFDF702F0A1
:100D400006F1FC0AF8EA23EDF205F009D304FDFEF2
:100D5000FCF7010AFFF116E1030503120E090EDB91
:100D6000E4F4B715F6F6E802FE0DF802FDF5090207
:100D700014FB0000EC1108F5F7E0D2E9E3F9FB06FB
:100D8000F00301EF03F5FAF407F60E0FF90A0A0B68
:100D9000FFF612EC1CF7FBF3FE0404E30108050761
:100DA000FC0402F2F3FAF80405DCF3180919E70170
:100DB000FE0DFEF6030B06160E04FEFFE8F8F90B17
:100DC000EE19E60D0C280004F907FD0006E60705FC
:100DD00002FB0507E9FAD7F3EC37FCEFEDAC1A108C
:100DE000FFFFFC0A08EE03F8FEEFFE10ECF8FD161C
:100DF000050FE0EDEBE0FFFAF5FDFDFD03FA06EC73
:100E00000104F11C09EF06E7F00FE30CEAE4F20835
:100E1000100804F904DD08F10C06FA1BF505F6FBD1
:100E2000E7F70102120B05E8FD02FEF50324043684
:100E300008041803010CF4FA11DEEEF6011D03029A
:100E400003F403F2021A0B1D03FF10FAFAEA21F071
:100E50001EE3F0FDFFF314EE01FFFCF6F7E903F7E4
:100E6000090D02E401FC0114FE1205FEF8F5F2FB87
:100E7000F10D030FFC15FD0F08000AF6EEFAEDDF89
:100E800003F51AEFEDFC0DF5F700FE080808FAF679
:100E9000E9F7F8FAF707E7E803F9F5FAF0ED0BFBE5
:100EA000FDEC09FA03F5FFEFE700F4FDF5FFF5C8E7
:100EB00002DCED070A0E000000FFFCFCF8F2100255
:100EC000FE0803F21009FB0E0216F9FD2010FFFDCB
:100ED000F5FEF7FC02F50111200E0AF705EBEB0712
:100EE000FAFE2EE207060F010004F801FCEB0B1AD4
:100EF0000F08FFF90C0A10E907F0DEF9F0F8F2FC30
:100F000004FB070E04EFF1FFFD01F6F207F82604DB
:100F100005FEDDDCFBD801FEFBFBFAF008F000E388
:100F2000F5FBF4DEF7FDE4FAF3F408F5F8F111044B
:100F3000FB0100F4F7EAF9F9ECF904EB0AF00C1FF5
:100F4000FFFEE606DDDD09F504FDFE031015F2FEE9
:100F5000EE0900E30003081DF7F7D9FDF407EC0ADA
:100F6000FDF505FEFCF50216FEFA070115FF08FE69
:100F7000E0F70F17FD05FA01FDF106F0F6EFFB06AD
:100F8000F1FBFAFDEA01FA09F807FF0B03160D025F
:100F90000803F5F00417F6F6FDFBF6FCF206FF0772
:100FA00002E7EE13FF0FF2F6FEF1FA0108FF0BDA8B
:100FB000EFFAF40D0D04060F01ED0AF6F2F9FEF951
:100FC00003F50603FDFAFCEC0AFBFC0CFD031D1205
:100FD0000211F930F709FC06EB0202F7F902F10001
:100FE000F806F90105080CE6F2F8F100090109FC20
:100FF000FCF303F1FC0DF4F8F105FD03180AFBED19
:10100000F9F308FAF6EAFC0602EF05F8000B000611
:10101000F6FD01F9FBFEF20307ECFA0BEFFAF5021D
:1010200000F8FF010C12F712FA08070403F805F4A0
:10103000D0EFFC18F1F6F402F901EFF1FC05F8FB32
:101040000C01010B080CF8F7F7091403DC1003037B
:10105000FEF4F803F316F4F3EC05FEFD18FDF7F9C2
:101060001FF83801EBFDE8F6FF04F4F9F4E000E9BD
:10107000100800F40708FCF804F13F2402F7F2FA24
:10108000F502F6EEFEF505F7FBFA0403EDF702FABA
:10109000EAF91C0FFB0207FAF2FFFB0701F3F90A5A
:1010A00006F5FE010502EF021BFA2707FD0EF5010A
:1010B000FAF6FEFFFB02013613F8070B0BFB0016D6
:1010C0000B110804EB02F60603FB081F00FC00F2FC
:1010D00015F500FC14030512101609F10CE604F7CF
:1010E0000103070503F308EF02F60AF30305FB0506
:1010F000E8EEE5FA14E8FEFDF8FD060800FEEA0653
:10110000F4FEFA0EF6F101EEF7B7250314D7030744
:1011100000F804EA0203E2F8F7FEFE0AFF0213FEFB
:10112000F8D0CE23081DF90406F50005030A0BF3D9
:10113000FB050A04110A20040D02FB1B0928080004
:10114000FCFBFAFBFFF603FDF60805F2050BF4269F
:101150001204FE11F90B01F502E600E4FFFEF302B2
:10116000E4100002EEF4F6DCF9CE0B1125F7FAFDDF
:10117000FFF7FE0A0424FB15E9F6F4F4FE0507FF69
:10118000EBE2F41A12F1070105FEF8FEFDF1F5F0AD
:101190000300FC03050AF9FDFF040A0315F9130611
:1011A000F9FA0CF200F106F4F60DFEFE02F9FE006B
:1011B0000F0108F8F9FBFF01FCF001DC080103F561
:1011C000F8F7FD06F9FD0422F4D80B01FA11ED073A
:1011D0000A1000FD0404FD01F80703F9FB0C1305D8
:1011E000F1FA00161103FCF8FD00F4EEFB18F8F11B
:1011F0000D0706050701F5F4F6F90116DF070603EA
:1012000005090B05010AFD0B09FFEF03FCF7F3F3DA
:10121000E8F21506FAFAFD030E0503F80816F005C4
:10122000F9FFFC02F2FD02FAFFE7E60C0B37EF07CD
:101230000406F2F7FE0B0B2D1E03F407F9EDEFEB9E
:10124000E70AED0B1B47F0EE0211FBFAFA050E1050
:1012500010040D14F6FBC9FBDF1908FD10EE2AF788
:101260000B0AFAF6F8E4FAE002010211F4EFDBF9F6
:1012700007FF00FDE6BA02090101FD080904FEE5C9
:101280000101F60306F202D6010DE2FF0BE5E600CE
:10129000FE13F3F809F60CEF17FCFF03120D02FC26
:1012A000D4FDF4FD08F1F6050107F415FD02F70B76
:1012B0000D08070AFE02FAF2FAF3F9F7EC3E1105FF
:1012C00003FAFE00FFF804FC06FA0BF10204191AF7
:1012D0000EF3FDF406E9050DF60A05FA08EC060E14
:1012E000FCFCF5E50BF3F714ED16EDFC0905FBFF2F
:1012F00005FE07FB00FEF810F60B04E8F5020C05EE
:101300000BD7FEF2EB00F003FC09030CFF18FC08FE
:10131000F8FDFDFFFF03E60000E5DEF32204040E06
:101320000AFBFBFDFBFE00E7E9FD00FF010412E6FE
:1013300014E0F018F60BF6FB040700FCFE12FD04A7
:1013400003EF12F7F1FFE1FEEFE40A03E404F5FF17
:101350000AFB00EEFD07EFFAF3FD0401EDFF19E6CD
:10136000EDEFFFFBE700F40904060416FA00F8F9B4
:10137000FAE9F7040E0510E2D4DFE10CE0EDEC0031
:10138000F6F3FC28F1FC06F8FCFFF9EF0CFCFFF08B
:10139000E2FECC091AF60001050AFFFB09F107F687
:1013A000EC04F8EAFE04140DFED6D209FAFDF509A4
:1013B0000EFA0014030CFC030A0F09F7020605F8E5
:1013C000E6E3CE0F224108FD00F405F4060402070F
:1013D0000409FAF90211FE1006E8100108F01601DE
:1013E000FCFF010E07FF09020CFD0AF1F5110508CB
:1013F000FB080106ED0B11000800FF02F707F5E1FD
:1014000000F7F00E01FFF802FCF8DA05F8ECF0FA4C
:10141000FDFA001DF4EBFAEE0613FDF80601F005E7
:10142000041BEDFF00C806FE0D0DFEEFF01505FADA
:10143000EE00FBF61105FDFD1DE5F4EB2F0806039C
:10144000F2000BFBFC0F0C0407FC07FCFCFB17F184
:10145000F7EF0C1AFD05F80A09FEF9FDFFF6F61A7A
:1014600026FF0BE9F5F2F5EBFD03F70C03EFE3F1D3
:1014700003FE0D12150E040712EE01FB010E1501FD
:10148000F9182C01E607F7F80C03F402FE04F10743
:10149000F0000119FF0EFCEC0FDBEEEDFA0AF7FD90
:1014A00005FD09FC0500F705F7FFFC03000C12EF32
:1014B000E8081B3EE80508FDF5F7F8FA091203F7FE
:1014C000F40405FEFD05FCF3FAE7F1F8F5F4FE037C
:1014D00013EEF9FEFF0EFBE3F1040302130F24E900
:1014E000F3EEEFFAE803050EFBF5FE10FFF3F6EA64
:1014F000FA0605FA0E02F7F9EBFC0007FAEDFDFF1C
:101500000203FFF105FA05EE0508F80C0A000CF5D8
:10151000EE010325EAF005FAFF00030E01F4FEEBED
:101520001004F6FFFA070BE7011DE3F1EEFA0401E0
:10153000EEFF030006F0062015FBF2EE0B06ED01B0
:101540000B22F8F8224D0709F5F90500FC07FDF517
:10155000F6FEF8F707FC19E8131801020C61FB10FE
:1015600005FDFBFA0B31FA07FD05FB080C0915DB3D
:10157000F7FDEFF80A1A10FD00020915FAFDFDFC4F
:101580000CFCFCFD11042010011507FF00180905D3
:10159000FE0105F9FCF605F9F20F0E00010909F646
:1015A00007D5F2E5EDF5F6FAFCF90C06FF15FEE7B6
:1015B000FFFDF50C12F10DFBDD03FB2204F500F934
:1015C000F60205F501F403F3EC09E600FC05F1EC85
:1015D000D6F613F909FFFBFF08FBFE0AF704FEE845
:1015E000E8FFF60BF6000FFEF9EE17F40CF3160108
:1015F00006EE04F4F502FBF6F4FC01FA0F011BE918
:1016000000F5BE0F17FB05080902FCF1F6EF000D0F
:101610000BFF02DF16FF08061116F1FDFE0BF506A3
:10162000F80802F802EBFA120F0103030500E410B8
:101630001A2909FB130507FAFB0000F4F704F9FB6C
:1016400017F9FCFFF903FE10F0D3EBEFE3F3FCFE18
:10165000FCFBF3F700F70FE40700F602F10401F0DA
:10166000F208BC21E603E903F906FDFE0BF1F6E002
:101670001EFEF9FFF1F9FB03E5EBFA07FDFDEC02B5
:10168000F4F204F0FDF0F5E70BFBFD19FDF4EAF7C9
:10169000F5F6120D1819F1F3FEFA0013FCF3011818
:1016A0000D040C0AF5F2EAED11F652F0F4FBE7FA3C
:1016B00003FC0607F7E9FC23FBF1FFF1FDFAFAFB57
:1016C000041919FD1003F9010CF700220801F803B1
:1016D0000BF302FA0CFE1709111FE600F2E7F40102
:1016E000F3FA0AF7F9F9F5E9FE0602ED030C1AF22E
:1016F0000202C3F8FFE4FCF4FDF505F101FFF41468
:10170000FEFF0005EBF4FBFAF6C217F9FE0F00042A
:1017100001F102FE070AF90BEA05F608ED01F70DE3
:10172000F2F8EC2204FEFA0207F900040400F503C3
:10173000F203FAF40C07F9FC09F9F611F1F2FEFBD9
:1017400001F402EA04F90609F806F5E605FE0F15AC
:10175000FCEBFC0FFD01F7FCFFFD01D2FDF7F7F5F7
:10176000F3FEFF0705F3F2FCECE914010C09100B82
:10177000F1FC0F070002F8F5F9F7F50F05F7FCFA91
:10178000F2060C1015F912F3050301030212FCF224
:1017900000F7F00E0C03E4FDF90BFC13160F080123
:1017A000FC0504EFF8F8F706FF0DEAF701F2021165
:1017B000FFFE061C110D08FEFEEEF7DD07010AF71D
:1017C000FEFDF71BF4F6021B03EC0AFDF50AF90512
:1017D0000904FE100212FD14FD07020AFF080B2C7B
:1017E0000502F905FE0BF6FDFB09F7F001070A02F9
:1017F0000BFE00FC1301EF05090B0E0B1604FDF99F
:10180000FC050700FC02FCF808FCF70CFBEF04F1F8
:10181000FC0C1907F403FF08FE020AF0041A0CED91
:10182000FD06FAE906FD061502F8EDFCD51009FEE5
:1018300012F6050EFD0E020DFDFEFCFF07FBFDF886
:10184000F803F61321F300F8F7FF04F2020AF90295
:10185000F2FEE40E060AF9F4E40AF4070F0EF9FFAB
:10186000F603080601F600F402F5F5FB07FC031188
:10187000F4160901F5F3F501F1EF0601FB0403F598
:10188000F705FD0A090B00EF05E4DF18EDDDFC05A7
:10189000040AFEF9F802EDFCFB09F60C070508F452
:1018A00001F306F9FF09FCFB0A0301F400F803EF5A
:1018B0000E0E09FB0208FE05F3F50A0D07110805D7
:1018C0000EFD0219FCFDF9000405F808F00FF90CF3
:1018D0000016EBFF0BFAFAFC12EE000901FB07FD04
:1018E000FA05FFF91F12F2D9061EDFFAF5F5FA0C18
:1018F000FAEB09F9F3FC03F4FFFBF4EFFEF303F753
:101900000AEFFAF8270FFE0302F2F2ED15FE010DC1
:10191000020206F7EFFBF311EBFA09FD2502FF09BE
:10192000170A0207FF1B091102FB01F0F3FDF50383
:10193000F5F3F7FF09F902F9FFF7071B0AECF20EBE
:10194000070CFFF60EFEF7FC0B0F0B000702010859
:1019500004FE0AF9F0EDFA090311040609FDFF0778
:10196000011711E8120F04090A00FEF7F503FA0A3D
:10197000FEFDF10B0FED02FD050718FCF4080AFD52
:10198000F50902F7FD080817F904F7FD0FF5F9FC52
:1019900009F20B05F1F704FD020000F6FC0E000A47
:1019A000F90900FFFFFA02F703FD0203130002FB2F
:1019B0000206070100FC020912F801FCF7F7F8FB28
:1019C00000FF02F913FAFAF9020700F3F5FD03FF2D
:1019D000F7FE0503F90801050707F9FCFDFD09FB02
:1019E000FF02FF07030402FBFE00FDF905000606E7
:1019F00006FFF300FC0101050AF3FDFB06FEF5FC02
:101A00000705FB08080007FD03FDF80A11F7F9FCBC
:101A1000FB0BFD0A01FAFE0209FEFE01030407FAB0
:101A2000FC01FC04FF1B00FCFF0901F80205000B90
:101A300008FF070505FFF7F90305FB02000AFBF89D
:101A40000300FE02F901FD0404F9FAFDF5FA06F0BF
:101A500011F2FE08FFFE0A0007FB03EBFDFB060286
:101A6000FD07FFF8F9FCF9FCFBFAF906F4FD0303A6
:101A7000020204030BFF0A0AF702FB0401FAF7F063
:101A8000FB080BFA0CFDF4F4FCFDF7FF02F0F9FA89
:101A90000205F9FFFBFBFDF50403FCFBF9FDFAFC75
:101AA000FD0607FE01F0FDFEF90CFE0C04FDFEFC38
:101AB000F701F9FC1D0DEFFB000104FAFF0006F52C
:101AC000110006F610FDFAFCFA0C06030FFC01FDEE
:101AD000040401F909EC07FE0AFBF7FEFCFDEEFC2D
:101AE00005F90CFD0403FCF5FE0302FFF703F2FE0B
:101AF000050004FBFF03FA030504F6F911FB0702D6
:101B0000FB0104F6FDFAFDFF0507FDF9FEFE0801E5
:101B100008FFED002108F907FFFBFD01FC07061295
:101B2000F2FBFC1A03FAE319FEFB290B1D0A06FA65
:101B30000005FC00090300FFFC020102EE04F9FDB0
:101B4000F3FB03FAF7EB0E0608FD0112FDE906F1BF
:101B500006010DF0F7F6F5000E13E3F2F8D10602D8
:101B6000F8FC00FD04FEFEFCF7F8F7FC010E200374
:101B700033FBB7E2FD1EF801030307FB040500FC7D
:101B80000AF3F61B04F7FCF6F605F5FE041FEC0558
:101B9000FF07F810FB11FF0209FAF716F7F1F2F050
:101BA000EA0BD402040112F3011105FDFB21030F1E
:101BB00005F101ECFC0A07EE081ADC0C26FA0B060C
:101BC000F8FDF8F5FC1EFF15F50904F1080EF9ED16
:101BD00012F4F10301F701F501FF08EE030A06F61E
:101BE00006040A02F800FD1BFA0EFBF93007FA02A0
:101BF0000509F408021F05FA10F901080F06FEF89E
:101C0000F507F40714020208FEF9FEFC090FFEF9BD
:101C100007FEFFE9F512EFFCF81E15FFF800FF08BC
:101C2000060206031000FBFCF2FEFBF9EFF9F2FCE2
:101C30000409E2DF0516060C04F10203040403E9BB
:101C4000ED08F602120211F00FFADB010C02000B94
:101C5000030D03FD03F80CFA08F508F208FBEEE5A6
:101C600001F2F2FA110118F5FE1707FDFB06FE2C32
:101C70000D0004F6FDF8F7F006FBE5E102FF0804AD
:101C8000FEF8FC00FE22FD14F60A0A0AF002F60D28
:101C90000C00DFFAE41009F5FC05FFF1FF0EFEF180
:101CA0000206FB0AFF042A0A00F7C2082000EF0F11
:101CB000ED1103E303F702E60602051EF80AD82633
:101CC000EF15EEFF141108F5F20B05FE0FEAF4070D
:101CD000F6FEFE08F7F1DB1DF811160AF3270AF0ED
:101CE000F009F60100E00211FE05F9FDE1F0D30A6A
:101CF000F10D1AFEF2E50D07FE0BFCFC07FC0804D3
:101D0000040306EFF2031704FA24D709DABFECF64E
:101D1000FB0FF4F503EA0EFF05FF0603FFF3FFEDEB
:101D2000101814EEEDDEE4FEFBFCF31AFFCBFAEF25
:101D30000DFF0C3AF4EB0F0B00F10BF8C1E8F406C1
:101D4000FB07022A04D403D80DFA101C030B01165A
:101D50000A0144FBFCEDF30D0105070200F807142E
:101D6000120708EE040ED6F502FB1B02F0F11D006F
:101D7000FB0208EC07E2F80EEEFA0BFFEBEEFCF8C4
:101D80000B0B10F016DD1C0215F2010308EFFEFA32
:101D9000E00604FEFFFF1607FCE7F7FFEFFAFA0282
:101DA000FCF20E03EBFF0DF4EBF40AD81923171520
:101DB00007D8EC19FEDDECFFFD08110810DCF50872
:101DC0001300FE1EF9F5E111FEFE200F08020404C7
:101DD00006F6FCE009F204EEEF070616050A01120A
:101DE00007F60600FD000304040405E5F50EF5D52D
:101DF00001F2040AFE01FB1BF8DFFC0EEE03FBF709
:101E000002F7ECFA02F306F9F0FC08032606F706DF
:101E100004EC14133243EAEFFC0704F4FA00002147
:101E2000FC01FC0DF900D71B010541EDFD09FB028A
:101E3000030EFB18FFE0FE07FCF20A09EAFBEF08BD
:101E40000D28E6EEE7EA0600FEFF090008D916F3C2
:101E500010020B0EF4F50007181FDCF001DD00077F
:101E6000FCF5022A06F70FFB04FB0E11FF0F181CEE
:101E70002A0CB5EB121CF7F600000DF0FDF6F90682
:101E800007F9F91D00E80413F3E6D900052BFCFD62
:101E9000FD02001AFA10FE0111070017F5F3DDE844
:101EA000F321F507020515F408F7FD06FF0307FE09
:101EB00001FCFCE402130F170A0316EFFFD8020718
:101EC0000EEBFD04F81BFF1502FC04D0FD0418FB0B
:101ED00019DDDE0FF5010D06FD0402F6F71B04EF18
:101EE000E4070015FC070AE803E1CF0A36F9E50428
:101EF000FD01FEFC040408EE12FDFE12320ADFE8CA
:101F000001FF160B15F406030106FFFC023107075B
:101F100006FFF9FAFFFFEEFFEE0026FD0F15E708BA
:101F20000000050A0718FD090BF9FEF10C13FCF37C
:101F3000D90006FEF6F70005F8070503071004FCB4
:101F4000EF0BFDF21F0504EE0F0AE2F3F6F608FFB1
:101F5000030805F2F8D50D080F0502060FFBE40B88
:101F6000140520EE0B140DF2080700D9F20B04F350
:101F700000FB0A060EF6E91E24FD2BE3400F07F0D6
:101F8000F807EFF9FE21FC1209FFFB02FEF8ED0A4B
:101F9000F0F21FFF15F3FBF4FEF7FBE801D0F9E9BF
:101FA0000BFF01F6F80FFADB02EC17F737FE070D0F
:101FB000FCF5FEFDF1FAFE1519FEFAEBFD000CE151
:101FC00008DB14FFF2E1000105F900F6F80FF01448
:101FD000FEF204D50A08FCFD09F40C04F418F6FC22
:101FE000FE0405DE041B011CF30DF9E3FCF1FCD338
:101FF000DFF1112EEDEE14F202FC0500FC00031FD0
:10200000F4060900EBF3FEDE06DB11F7082CF804FA
:10201000FDFBFE2503140402DE0AF8F701F527068E
:10202000F2E5F8230119DE04F9FCFA0EFC06F0FFD4
:1020300006F5FF022EFEE3FB112A0702E4DB050191
:1020400005F7F9E104D80FF4F9FDEA06F4F6CA0E33
:10205000EA0B03FBF0FC0DF900FDFCED08D5FF02D7
:10206000F9FAFEFBFCFDF624140133FAECE0FA0663
:102070000003FE1401F6F6160BFDFDF7E5F510164C
:10208000FB0500F505F903FAF608071DF6C0FAF698
:1020900008F70B12FF0911E607161103F6E8F6160A
:1020A00000F40CFA07E4FEFB06F80B0F0005F92913
:1020B0001109DC144FFE05FCF90200F6FDD60401FF
:1020C00012F4FE12FDEFF234ED1129F925090AFE92
:1020D0000AFE00E60D160413FD01040CFAF4FA2CB6
:1020E000F5F421F5060318F3F9EB08F8EC12FE16E7
:1020F000F10C10FE07F7091F13011926ED030EEB73
:1021000004FEF4F3FE19FD03E702FEE6FCFA00FF0D
:102110001EEFEDF203FBF9FF100A08EAFAF20809D4
:10212000F307FD0303F8EDDFFFFDFAFE430FEE08B2
:102130000504F719FFECF61E06FDF8F8EDFB00CFDD
:10214000FBD514EEEFFFF90B0D01F9F7F312FA23AB
:102150000EF7FAEFFBF9F8F4FF041006F4D7FDF3DD
:10216000FE06FBE4FDFDFB05F201F70DFAE60EDDD0
:10217000E301192AE8BC02FCFE12062406E6F4F884
:102180000810081FF3E8DFD4E9070AFAE6D0E008F0
:10219000010D043AFAFD0B0EEC11010CFAFF13F3DA
:1021A000F1E5F9F7FB1DE21101130B1BFE0F000D0A
:1021B00003F4FEFB1D12CDFD0A04E3E50902F40F52
:1021C000F001FBDF04F4F814010FEE03F5F4E0E690
:1021D000FEEB221811FB0404F9FE04E203DCF825EF
:1021E00010080BDBF202EC30090444E5DCD2FEF708
:1021F0001104F309FEF5071C0F0400F2EAF4FAF2E9
:10220000F60D23F7EAE40C0E0906F31405D7FDF7E3
:1022100004E701F5F10E0D00F70D0BF7E6E4E70713
:10222000F9FE08F50AC2F3F5FA00FEFC09131328BB
:10223000EB1BF8174901FF09F108FCD90DC8F70994
:102240002206ED1E1BEFF33D053210EE320A1AFC9A
:102250000A0AF7E61101FC02F7FD0DFDF5FF013B4F
:10226000EDE81604070D1603050300F2EFF9F91C5B
:10227000E90015EFF601200E2A101520D30F0206F3
:102280000802FAED01F9FD21F70104F609FA25FA31
:1022900027030C03EAEF020600F7FEEE060AFFF83A
:1022A0000602FD03FE0A11F5FBF6EF050F0303FD21
:1022B0000BFEEB02FBF902FFF9F7FF100205FEE44B
:1022C000DF01ED09D6F50D00F1020407FBFA02E487
:1022D000DDFFFBFFFA0A0D0611D0FA02F4B6FB0689
:1022E00000040C0400F80EFE0A02FF0B01FA11DFD5
:1022F00011DCE5F20AD7FB02110DF3FB00F4010932
:10230000080202F605F704080520E8FEF5F70902C1
:102310000908001C0503F31F13FC00EEEC00F30F8B
:10232000F40E0AFCF7F009060504FCFA080C0CFC94
:10233000F6F0FCE1FB030404FCD3FFEFE30BEF0436
:1023400009F5F6F2FB0BFCF3FFF7F0E90F0015FCC3
:10235000EEEE002F010CF80200FC05F2FA00FF017E
:10236000F800FD03F2FA0819F9F32508F10818FF3F
:1023700006FFFEFAFB1BFFF8FA02020FF002181527
:1023800005DC01081C00F3FCFBF703FCFA29FC0A3E
:10239000DE09FD000A21ECF016DBFB0317E8F8F577
:1023A000FE1506F00303FB05EF17F3EE0AFA010230
:1023B000DFE2141B081301FFF90303EAFE28FF0FF5
:1023C000FD01F90A07FC06F10AEEF60D06FC03060C
:1023D00005FDFF07F507F5F8EDF9F8F2100220F614
:1023E000E715DE0C1601F5F80001091E03EA06F7F1
:1023F0000504F0F0180609F8F853EE0A3D2A100D0E
:102400000611FFF7FEF705130906EBFE0807E424A3
:102410003F1FFDC4EDD2FCFD0503F8FE08FAF6F3FC
:10242000FBFF050001F51B03EED507FDC6E71F08FE
:102430000CEE020001070DF8D918FCED0205F611AB
:102440000CE6F406F5ED0407FBFEFC20F0FB100A99
:10245000EBFBFE13080A210A05EEF3EFD6BEE0F609
:10246000FEFAFC0DF800F7EA020406F4041E07EC7D
:1024700000D6F5E8F740000A2109FDFCFE27FB081D
:10248000F50E00FE0700F92AF5E5011506FA1AF324
:1024900003F3F8EA0AFE00F7FA04F6F9FB01E51B7C
:1024A0001DFB02FDF2D125FB02F308FAF7E206E973
:1024B000E50B07FAFDFC21FC0BE8DFFAD1C1F108BE
:1024C00012F80809F91A03FBFBFFF9F22F11FDF9C5
:1024D00021E1DDF0F700ECFBFE0A05FF10100DF71F
:1024E00010F00510E1FDFD1DEE07FC02000A0F04CF
:1024F000FE0CF8FCF5E4190C19F3F01CFCF9DAEC0D
:102500000B3216FFDE060E0702F801FCFF15FB0773
:10251000EE050A05ECEF1E23FF17E9F9011AE7FEA5
:10252000FBFE0316F207F9FD0601EEFC0BEF0DD0E2
:10253000FE1B19F8DFF1E308F70E051C001BF8FC81
:10254000F60D170704F108DD0AF00AF1D808FBFFC1
:10255000000402EDFF0CF3E6DBFC11F4F30EFFF8D0
:1025600011E41209FE0003F700F5F50B030D0FFE51
:102570000302000106FB09E7FD09D902EDF7ECFCB7
:10258000050AFD3B0BE00DF5010E10050BFC0FF3EA
:10259000FA2CFD10DEDAF70405F40609F710FEFE4A
:1025A000E703FAF7EBEC0E01EFD7CB1CE7D9F2F516
:1025B000000AF9EC04F80DF6E90CF8F608040FF33C
:1025C000F4D7C0131B19FAF90BFC04F7F6FD0EF94A
:1025D000FC170BEF060B13111202FE110FDD1F1477
:1025E00002090EF2080302F50FFF11F6FB13F7F6CE
:1025F000FC11EEECFAF5FC09FE0C010F070807E1EF
:102600000C02F90D05F6EE07031FCA09DAE0FA0D10
:10261000FE0D150C01F0FFE5130B010BFB00F6049A
:10262000F01CE10AFFDB0FF7080002EDF42A1008A6
:10263000F306FCFB080605F725EBEBEF121CF8F0A0
:10264000F907FBD9FD1B0826FF0B0DF3F4F31AE87D
:1026500026DD06FCFA0B0AF20503FB040B0E13FD44
:102660000C0907F8EBF10C15FD130809D50EE3FE74
:10267000FF050822F313FE141B0400E2F106E6F244
:10268000F20DFEFBF9F1E9FC020B0A20060E08F43C
:10269000DEEF0A02F90EE8E80BFAFDE800EEF6FAC2
:1026A0000505FEECFBFC06F0070003FCF5F701D77F
:1026B000FBFDFA19CC05F802F60E0400F31C07F234
:1026C000F6030FF8FD0D16D7F004CD0707E0FB0168
:1026D00004F8F907FEE008E4FEFD00F50D0A26D037
:1026E000C9EBDC06F4FEF300F511FD3105CB030761
:1026F000F2F710F701220FE6F9F6E6F7DAEB02033C
:102700000900FEEEFEF201E60EF6040A090105F7E5
:1027100006E5F6FD08E5F9F7FFF305EFFF25FA13E7
:10272000F30701E90BFB00EFF4E9E1062011EA10E1
:10273000F705FEE5F7190B1BF906F8E80EFE03FE98
:10274000F5FCFC13282706FDFE07FED8F515FF282B
:10275000000BF6FB00F9ECF1C3061713032213FB81
:10276000010605F608F7FF19FDFF0101EDF8D50197
:10277000E2095507F9ECF2FDFD0402FB06FE06E650
:1027800002FEFF0CFEFAFCDFF611D7FE073000F761
:10279000FB0503EDFCF50202FA0303050311F9F052
:1027A000F8FFF9F708130003FBFEF5E0FEE902105D
:1027B0000C0BF32B0100DC03F8FA050A06081608D7
:1027C000F6F708FB02DA03ED0B07F826FEF3E82024
:1027D0000BFC38F900F6F6030A06F916FFF707F7BF
:1027E0001FFEFAEFF6F809F8FC23EDF7E516EC0DFD
:1027F000F90804F80602F40B000E00F8EEFB06F0F0
:10280000FE08EAEAEE0DEE07FBFEFFFD06120A0ADD
:102810001AFCFE0DFBFFE6030E04FDF908FA040C9A
:10282000FDFDFB0BF8E0FAE2F2F8F9FA0502030D00
:102830000CFBF1F6F908FD080EF5060D050BFDF190
:1028400021010D0B00FDFAFCF40CF100F1F3FDF594
:10285000070303050913FB09F4FD0FF50305E7F36F
:10286000F5FDF2E208F3EF05EDFFF511F0EF0105DC
:1028700004030007EA0000FA11F4F201F2FAFD0580
:10288000FFFBF60FFBF1F40AF102F6FCFFF91C0B5B
:102890000C03D4FCEB0B010AF613FD01F5F001E883
:1028A000090002FA0E00FEFF0F0EFEF7FB0EF7F80E
:1028B0000104FEEFFCE8060A0C030801F2ECD61452
:1028C000011D1C093B410103F40E04F8FCF5F71847
:1028D0001BFE0B09F4FBEAFFFA260BFC07141D0094
:1028E0000712F3F010F3F6EE06070106F2FBF70508
:1028F0001110F5F3010FFBFA00F906FFFAF4F718CF
:102900000EF9040A040D16F0030125F0EAF006FBA7
:10291000FDF9F5ECF9E304FF100A061204FF1601B5
:10292000D5F80EFEF91BEC0502F80918FA0BFF00AA
:10293000060F041800FB03EDDD0D041EF02EEE1152
:1029400001FEFEF60AE607E604FA000109FFFC1A9A
:1029500002FCF3F3F504F6FF01FEF3F5FC04F006C8
:102960000DF70206FBF9F9FEF709170D020408FE40
:10297000FDFAFDFB02F1EC13ECF70FFCFBFA0F087C
:1029800014EEF705FCE5FA030F02FA000002030457
:10299000F9FDFDFE09010702F6ED02F802FDF30163
:1029A00001FBFBFA0A0406F100EEFF030BF4060438
:1029B00019E7F30ADEF6F8FE05FD05D402FEF2F390
:1029C000F3F6010AE5FBF505E9C806F8BCF4FBFCE3
:1029D000F6F002EB01FFF6D6FEF4FB11000210E662
:1029E000D6CCE10FECF2DE0DF4EF0A02000003E0BA
:1029F0000AFAF6FDF7FC09ECB9E4E408EAF8EEFEA1
:102A0000040400F702FBE9E603FCFA040FF8FBED0F
:102A1000C9F0F91F132A05FC000B060D05F609FD88
:102A200019FD000802FD0401041CFFFC01F403FA77
:102A30000803F20307FEFA0C07FDFF040D06082742
:102A400000250D021B020200F0FF0C06F8FE01FA41
:102A5000FDF202F80809100C131803F8142B0405F2
:102A600004FF0BF90B0606ECEB0706F6110D06103A
:102A7000F8F8FAF904EA0E0AF8F5F611FFF1FF0B7F
:102A80000DFCFFF9F7F827F8FE0807FA0044EF17E6
:102A900005F40DFD050703071D01FC03FC080CFDF3
:102AA00005F0FB06F32CFCFFFB010B17FDF90EF301
:102AB0000FF6020C04FA11FEEB1AED2CFE0EF8FFD5
:102AC000F4020DFFF5F70502FE01F91F0501DFFA1B
:102AD000DC065219FF0A02F904FA0503F80EFAF1AE
:102AE000F901040B070A0DFAFDEE0800DAF70406F7
:102AF000FF00FCFB0AEA04F7F4EFF7EFF7FA13F72D
:102B000004F7CE17F80301FEFCFF00FDFD00FEF602
:102B1000FFF10AE91402F90B07FDE719FC00EFF9D0
:102B2000FD04FA04F8F001FE12FF06FA10FBF005AE
:102B3000081CF0EF02FBFFFDFF07FAF508F9120E83
:102B40000E0BFF06FBEE0218F3E8F90DE00008FAA1
:102B5000FB0EFFF0FE0604EC06FEF009F50BF9E9AA
:102B6000F8E9D614F6FCE90508FE080402F1F8E0DD
:102B70001106F904EFFE04F4E3ECF20CFDFDE2F3C0
:102B8000FEFB03EDF8E9FFEA17F3F91106F1F8FF90
:102B9000DAF502FFE6EE0BF907FBF909F7FCFEE8B0
:102BA0000207FC0C05091FEAFE0EC200DC06EE005F
:102BB000020511E001ED08FD12FCEBFC0C04E4F34E
:102BC0001D07F3FDE93602F8060AF9F514F3FE0CC9
:102BD00003F107FEFCF4E2D8E5E7351D0319E60032
:102BE00006FBF7F0030307F2F80C06F604EDE5CA5E
:102BF000EDD845FD07E810081005FE09F903010BA3
:102C000000FCF2E3FC110BF90A170BFDEEE1F5F203
:102C1000F10202FB06C406FE1DF003F70802E8F30A
:102C2000190B23ED0BFA06F7180403FE05C9F5E3AB
:102C30002B03F321010504150410FBE2EABF02098E
:102C4000F3030A0EF7D112F3EBFEFC0AF605E607D2
:102C5000F326EDFE0FFC07F404FE01FE06FD06045C
:102C6000060B0AFAEDFAFC03EEDB4DFFFD08010B43
:102C70000D0204E9F0DD0012ECF605F0EBF1EF21B6
:102C8000FC18F702FFEF1A00FE0405F1F6D209E87E
:102C9000021D16020AF71E1EFEFEEE0FFE01FE08C2
:102CA000FA14050D10F8F8EE2EFB0AEE18070022B4
:102CB000F3060FEBF2ECFAF8EE0413E500E5F30986
:102CC000F7F4062BFAF9EB00F8FC0E050918FE07DD
:102CD0000A0EFBE103DCFF02FEF9FBF4F0F6F5FD62
:102CE00019FAF00E150402E703FE0FE6F41E02FBCC
:102CF000FD0D0905F204FF150806F20D130E010281
:102D0000FF0A07E70CFBFDFAFBFE09F603FD151AA7
:102D1000F2EBE7D3240EFAFB09FC08070208FCFAE1
:102D200000EF0A0507FC1E09F107D304F11400089F
:102D300003FD0205FF0F05D90E01F417F9FB051B72
:102D40000108D202EE34ED05FA0D020708FBFF017F
:102D50000F10FB0901FCE81A020102F1F053EEFA30
:102D600011FAFF150FF8FD0E1000051FFC02ECD341
:102D7000F11317EA19E40406F602F9F5F51005FC5B
:102D8000FA14FFE808FA1FF7F404EEFFF5E00C036D
:102D900000F9F70304050502FB02FEF5F7F902034B
:102DA0000AF1E201EBC510F8F704FE1D0ADD07F396
:102DB00019050013EEFA21EFDFFD00FEEECEF60A54
:102DC0000A09051EFFFDF6F8ECF70C080F260D06A4
:102DD000FF03F7FC0B02FAFDFCFB01E40613FE0601
:102DE000ED02F8F70810030E00F0F60008FA1B0BCE
:102DF0000D0E05F3FCE609F5E8F8FDEDF3FFE9F348
:102E000001EDF3FD01E90700FAF408ED070C0BF9F9
:102E1000D9150DE10B1202EF02DDF906DBF9F00620
:102E2000FD10F60A081FFEFF0A010DE7070A0BF363
:102E3000E9E6F2FD18FDFA0BFF0C0307FB0008FEA4
:102E4000F101FAFC150EF8FA0209E10118FE10086A
:102E500007FB01E7FB0AFC12FFFAECF10C01EC01A5
:102E600039F506FEF90106F7FEF811E5F509FCF55E
:102E7000040609ED0103EA2322FA14061B0405FBEC
:102E8000FE01FEE2ED170702FB0507F30406E2026E
:102E9000FCF1060B10FCFB0908F6FFEBF9FFF70647
:102EA000F20FF0E2090A2B02F8D7D50D14F8030847
:102EB0000D060F200510FBF0FCFD01F6FF0313F9D2
:102EC000FFFBE1FF03FB0F0804FE000D0913FEEBFF
:102ED000E3EE03010211011810E4F9F8F0BBFAF671
:102EE00000000DF7FEF909EC0EF108EEFB06FB09F8
:102EF00006E9F4F5FAE70BFDFDFFF406F4F6F8F445
:102F000018FBE9FC08FC07ECFCF9E115DFC9FAF550
:102F100007FFFE0D061BEF02030DEAF4030DF3009D
:102F2000F3E808F90AE90208F7F8F02100F305EFE1
:102F3000F40AF7F0160412F204D4E4F9F5FEF6FDF3
:102F4000F5EF09F8FCF501EAEFF703E00EFF17FDD6
:102F500020E7E701F7FCFEF6080C080FEDFFFD0A7D
:102F6000FEFEF5F2F4F509E5FC10F812F1EC06139B
:102F7000FB0A0BF707E7F105DB01FE0C1506DEF790
:102F80001A0A3DE80F020506F6EE0413FEFDFAFCF0
:102F9000D3F8E7F2F6F910DF0FD1ECEB05F8EB0709
:102FA000F8F700EA07FCF5FBF6FD02EB121119E752
:102FB00016EC0243E0E7EB09FEFF02F905F6FD041B
:102FC000F70402EEF3FAFBF4F8F72C00E7E400054F
:102FD000FAECF71205F5F5EAF30304040A0216FE0B
:102FE000ECEE160BFD02FB0606EB0820FEDF06CF1B
:102FF000FB02FB0A150E0DFCDB00D404D7FCEBF83A
:10300000F60AFF1303E503EE0FFFF9EA100304FFCE
:10301000F0FFF909D8C00D0807FEFF1100FBF6F319
:1030200010FFFFF4030533D6F401B1F5FE0DF6F8F9
:1030300004F312E50AFA05EF2B0406FD0703E9D5B0
:10304000FBFB07F2F036EFEA010B04E30A01030C85
:1030500005FAF5F2FCF9D1CDD2FE2C0BF92EFEEBE0
:10306000FA0100E903F105FE010301F9FAF8D1B70D
:10307000E8D2450E0EE00BF9F9FFFE0D040EFE0737
:103080000D02F7EF04060BF2F9FDFB02EE12F5F666
:10309000FF09F5F004E00A20F7EC11F40305EDFE5A
:1030A0001D0114F70D26FDFFF10508FAFCD3F7F812
:1030B00030F50301FBF90313FA0C09F4F6CB100108
:1030C000110EFEF2FDD3FDE9F307E5050B05E70D53
:1030D0000015EE0CFB020504F9F8FC020EE802FEF6
:1030E000FD0BFEF304F8EE08FAE531FBF1080801E8
:1030F000FFFF05F402DF0A03FE010AF4E5EC00110C
:10310000F91201FB21020C0D02070CE5FBCAFBEDD5
:10311000FBFAFB00FFFD180B091DF020F1FBFD0978
:10312000F1EE01120CEAFDED1B010BEC0C05FD2D7F
:10313000EB17F7FBFBEDF0F508FE05FBFADFFFF2FE
:10314000FCFD090CEDEBDBEF00F11EFC2011EFE7BD
:103150000B0B01E400D4EB1BF305FD0AE8060C0998
:10316000010D06F70EF80B09F9EE05EEFA200F0A2D
:10317000110D0206FDF2F217050C1500EE090A0802
:103180000CFAF40AF40D02FE02FB060301FB191C03
:10319000040518DC14E60200FDFDFF21F9F0FFF93B
:1031A000F5FEFF04EEFFFADF0DF716E8F4F7FCFA80
:1031B000FDFAF802FFEBFF24FAFD02E5FDFFFAED50
:1031C00015F6EFF917B1FC0A000D01FDFEF60A0E27
:1031D000FEFD01FC050206FAF8F70406F6CE1CF324
:1031E00007FF02EE06F4FBFBFD090C0207F2EC03FD
:1031F000FEFF0CF2032502F6FD00030F02DBF303D2
:10320000F20AF2F7F4F30009F2CE1FEE24E8F3021B
:1032100005FD0B07FD000507F5FD01011005FA1678
:103220000A00F214182808FE010EF9EEF81B081126
:10323000FF03EC0D01FBD9F10C1A01090B2109FB6D
:10324000FF0509DBFDF2000C08FDFB1CEEF3E014AA
:10325000EE060FDFFD0CFD0FFA03F6FB01EF0BFF8F
:10326000F5020401F2080D210CEDFB05041DF1002F
:10327000FD110700011A02080FF20513FD08EC0703
:10328000F805F3FAF710F6F9FB0C050704EB00F369
:1032900021000420F1EEEBE4F82C1803FB060C04EB
:1032A000F90E00F805F107EB11FDFB1DE7F20C0C20
:1032B0000A0CF7F4F60AFE00FD0108150A03FDF8F2
:1032C00002FAF507F4FEF7140A0406FD25F8F8FEE5
:1032D000FE0FFA14FA0CF91406F304E7FEF5D714FE
:1032E0000D1915FB0FF909F6F90106F30A0103237D
:1032F0000C020CFFF7F3040923FE14FE0BF904F98A
:103300000101FDFB0122FB0AFE07FF01F3021B1076
:1033100012FBE40614EE0600FB0505F5F316FBEDC3
:10332000FAFF080908FD1407F3FDF81D0D0F060745
:10333000FDF5FB07052701FD06030205FE0A18102F
:10334000E30EE10DE8D5FD060404FF00FFF311FFD5
:10335000FF000014070BEEFE0F0DF3080717FB0527
:1033600002FCFB1A000106F8FF01F8F90800030F40
:103370001616E711FC060400FEFD0404010D0AEE1A
:10338000010105080BFAFD04F70CFBFE0902F1FF31
:1033900004FEF4F6FC0A07FE1003F80605FD04031C
:1033A000F0F9E60108BC16FBFB1302E907F801F986
:1033B000020204F7EF0002ECFAED01F5F7F7100056
:1033C00004FB04000E170112FE0903EEF80D1112A2
:1033D000EAEEE6FF06080204060006EF042104EF09
:1033E000F90BFBF6F00923EEF5E7C0152A1CE20005
:1033F000010407FBFE01020AFB0706FC0719F3FFA5
:1034000006E7020CF710F9FE0A0E02FA070F0BFB93
:10341000020903FCF2FB00050907230FFFFFFAFF77
:103420000108FC070306FDFE0A00FC07060C0EF06F
:10343000FC040C11FBEF04F9F304FC09021CEED6AA
:10344000DA0CFCF5180D1FD507F2B80D21E70105C0
:10345000080A04FAFCF30108FAFDF6EE29FFF4E38A
:1034600006E6F6F0060611FE060502DBFFE70D177D
:103470000610FB09F504F90F20EFFDE004031A0420
:103480000612010B06F90300050600F9F803F81B04
:10349000F8F91817EEEB0CF10809FE0A0D1502F900
:1034A000080712E8F514FEF804FC2A0509F310F1E8
:1034B000F6EE10F0FB1CE5DD0606FCD30E021B0C3D
:1034C0001D1B1E1A15BBFF0E04E30FF2FAFEFCE2F1
:1034D000E0FAF3DF1B0F26030809FC1EE7FAF813D6
:1034E00004FA1319F70C01E9EFF9F8E41A16FD3C98
:1034F000ECE3FF0E15F409F8F9F0FFECF816090EED
:10350000F405FEE3151331080EF3E715221F0BFE39
:10351000F7FB04D90423FF06EDFEFEEFFFF31229AB
:1035200016FD0A15091B05ED08F503F9FED907DE9E
:10353000F605FEFC02FD280CFFF8FD0EF8070E094B
:1035400009FB020AF7040CE606FE0114FB1E031039
:10355000021EE509E3FBED01F6FD0207FE1DF4E6A0
:10356000EDFBFAFF031711BDF5E2E9040812F907B4
:10357000020701F708EF04040302F12604EA15DE4E
:10358000EEEFF52939F605050B0DF1F2FD0503FF08
:1035900014FCF817FBEAFF0FF62FF90C1517000AB9
:1035A0000A10FC030923F21E020F00FAF202030CB8
:1035B0000D0FFFD0D4EE0802FB01FC0FFFFDECE382
:1035C0000102F9F7F70418DEFA08E509C9F0F8FE78
:1035D000070AFBF70814FF0803F9FAF5FE18FDEED9
:1035E000FDE8FF06F30AEEF504100BEC020F0CFEEB
:1035F000010808140002E207F3F80FEC000E04F8CB
:10360000FF11F9E7FAFCF91306090F12E6F4F1F4D9
:10361000E10946101906F9FBFFF80411F619FB0041
:10362000F0FC0E0D0304E90FFCE8190807F3FFFC9A
:10363000030BF902F6FE00FAFE01FBFF04F5F1F6BA
:1036400008EAE6F9F8CAFE05F207030AFCF8061ACA
:1036500018EF0EFDFCF804F3011AEF02F0FF01E988
:10366000FBFD1105FEF10209FCFE0301FA09080742
:103670000808F6F013D0F903F3FFFB0AF011FF0678
:10368000F7FAFF05FF04FAF7FDF901121413FC0322
:1036900002FBFF13031404F7F0FDF6FEF5FAED024A
:1036A000F801030D09FB06EFFE0700C5F41FFE0C31
:1036B00013F2FBF8F9F4E2E7F612FCFC101603F63D
:1036C000F6FEFCF31617FF12F617040AEEFB07F1DD
:1036D0000B0206F8070EFEFA000005E5F104FEFBFA
:1036E0000105FC0606FC0F16FAF9F9001917D3FDBF
:1036F000F60300220530FA051209FF13F8ECEDE895
:10370000DD03DAFE280CF7F8FD0EFEF0F806F9ED01
:1037100021F4FAFAF802E4F90217F60E09F41A088D
:10372000F60008F600E800E600F60016E9F1DC18FD
:10373000E814E3D606040901FDFB09FFFAF5F8F9E0
:10374000DE00F905090115F20902F0FF26F4FDFD7E
:10375000091A020DF9E907FC310DFC0209F0E0E756
:10376000F2FCFEEE0BFB1EF8FC140DFEF3E1FD1166
:103770001706FA08F4F0FF070E2EE6DB2AEE220AFF
:10378000FA0CFFFBFB1D07100006FB09F9091115D8
:103790004301B1CB0AECFA0C0B04FFF3FBFD04026E
:1037A000FEF506F916FBEC180AF23CF0E4F704000B
:1037B000FEF9F715FCED041314FA0A03F3F8E9F91E
:1037C000FDFF14F40FFA1003060CF80C09D40FF2E5
:1037D00001F30105FFFA00E70B1BF7F809EB1900ED
:1037E000000BF805F8F600F9FA010606FD0015F8D9
:1037F0001E0BB9EF1405FBFD020EFBED03FD0522C8
:1038000008F7FD1902E4E310EA0E43E81E29000759
:103810000510FD0F01F308FEFCF7040BF3F30B0595
:10382000EA0CFBFF012B1AFCF50BFEDE0230FF2435
:10383000FC0009040308ED070F02F307092AF6004C
:10384000000FFDDF0A19EF17050004ECF6F8E4E6B7
:1038500001F90112FC25FCFE06FF08DCFF1305FD43
:10386000FD0D011FF6F51918EAE0E0132C27F80208
:10387000F9130516FC2CFD011406010AFA12E900E1
:10388000F708040AFDFFF1ECF514040CFFFF06FD38
:10389000F60200F8FE05D8F40224050BE6EFFF0B54
:1038A000010F07E5FDF000010300EC0AE507F0DB7E
:1038B000110705D40F0A100A01FBF5E4F70406DF2F
:1038C000EF00F30C110517EE071901F40FFDFF06C9
:1038D000FD09040DF9EC06151206FB05FEECE9DF07
:1038E000FBF012DF0CFDFEFEF00301F604EB0C15FD
:1038F0000DF90AFAFEFDE5F802F7FCE903F708FE08
:1039000000FC00FBFAFDF9FF1B05FF03E50A0E0EA4
:1039100000FCE6FDE3F9F70009FC03FBFD17F902E3
:10392000FCFA07E905FA10FADFF6D8101CFDF603D9
:10393000FE0E05DF0E120019FA13FAFE04FBF40C5A
:10394000F0E8F710FB3F08F6040EFFF3010DF80E48
:103950000C14FB0E0CF3D7E9CE192204FE1EFFFC5B
:10396000FE0704FF03DCFD1002F907EEF7E2D50FB6
:10397000F31E3F09E119F9F2040200000408FFF9FF
:10398000F103F8EDF7FC01DE0218E6F805F3EEFFAF
:10399000FE0501EE03E90AF405100B040C08FAF128
:1039A00002F206F30713010403050002FFD8FB032C
:1039B000200F0224FEF9E2FDF4090BE80DF70D08D3
:1039C000F906FC19FECFFCFE07F603240305F712E7
:1039D00008141EFD00E9000CFF08022400EAF30CA5
:1039E000060500ED08080DDCFE29F7FCD206FC0AEE
:1039F000FFF4F50701ECFCF9F405F5EEFFFAE8F742
:103A000007FD0AE1F90CF80100F302F202FFFF01E1
:103A1000F9130512F3ED1713F7F602FCFEFB07FE90
:103A20000CF90710020C02ECFDEC0E04EF0E1C1357
:103A300009E8F9FA04EDF4060E10020200ECFE08A3
:103A4000150111FFF3F803090BFD08050706FDFF3B
:103A5000FD0004181200FFF3FCFF0D020804DF094B
:103A60000C1806D4FFFF03FE09FD02EDF918FFF85C
:103A70000C04F2FE0506ED130EFE1E140DFB10EFF6
:103A80000BF905F8FA01060AF6FE0BEE00FC010D33
:103A900012F4FD1015F806FC030DFD030A13F60DD4
:103AA00011F7FFFDE4FF0100F6F01104E6FC08FD4C
:103AB000FAF601F6041607F51106FD09FB001D00D4
:103AC000E108F8FAC7DFF7F4F4000808FCF2FFFC9D
:103AD000F809090509FF0FF9FF0A0900E4CFDC0F17
:103AE000FFFC131F06EB04F8FE1008F2081410D1B7
:103AF000EEEFF1FC2612FEFEE7F400F603FDFD0EEC
:103B0000F404FBFC00FC0205FCEA27111BD51BF9A1
:103B1000F8F00EF501F902FCF1FD01EC06EF0A08E0
:103B2000FF070A04F3C212F808FA0CE60DD505EEF9
:103B3000FD000AE2F9092BEC06CAF4EC04B4FA051C
:103B40000AFFF70AFE0108F7FAFB0DEE12FC1BFF55
:103B5000F8DDEE27FF21FBFCFEFBFEE1050600F78A
:103B6000FA0F0006FF01F6080AE8140C181009F015
:103B70000601F8D1F31203FBFAFBFA18FCF5F5F78E
:103B800009DE0AFA29E424F706F5FBDBFF0CFFEB5C
:103B9000FF04F50813041FF7F9F2F906F10002F823
:103BA00009ECFBFCFF1B0309F01902E90202FE0FFE
:103BB000F4F70422EFFBF50CF20A020FFC14F325D4
:103BC000000C0216FDF901FA11FAE40AF605E60600
:103BD00001FD0AF20204F7FFED19F4070B04F91ACC
:103BE00013FF06FA0D0F01FBFA07F8F9000BFBFAB9
:103BF000FB0DF4F306FC001D152F010C28150C031A
:103C0000010EFF05F4FCFE09040DEF03FBF9D618C5
:103C1000F24012C1E1C11104F602000DF8F800DF14
:103C2000F3F9F5E901FF1EF111FACCFFC8AE020667
:103C300007F600FDFE0BEED5D8FAF9D3290A2BF4CE
:103C400005CBC30FF4B411FB01EE04D7072503E63F
:103C5000DFFCF6DE1B3B3B12FDD5E117060BFD0436
:103C6000F804FDF1FB210AFCFF02F6EB1808000A3C
:103C7000EFDA0C0FFFE71A0806F503EAFF1008F366
:103C8000FB02F8DE0D13F9F914EAE209173CF8001B
:103C900008F705010600F0F4EE0B09DC1DFD190321
:103CA0002FEEE5200302F3F608FFF4EEF924FB0003
:103CB000FE06F7F303FAFDFFF606EA05022A0E0AEE
:103CC0000410060400F704F902FBF9F9EBF9F00C13
:103CD0000A1DEEF601FB10030C0302F906F503F8CA
:103CE000FC0508F00DFA10DA18FAF904FAFAE608F9
:103CF000F202FC11041302F20FFCF8EF08F21DF3BC
:103D0000EB0D0505F807EBFEF30C020500071000AC
:103D1000F704F1090CF8F6FCFD05FDF2DA010AFEE4
:103D2000FBFA0CFFFC02FE08FBF9FB15F2FCFF039B
:103D30000E08F602F1FF0E010700FB03FB09040267
:103D400000FB03FFFC0102FDFD020B05DF00F9FA99
:103D50000408FC0B0108FDF6F6F70A0503081FF23C
:103D6000E50F0DFA02F00502FEFFFC1E06F1FE084B
:103D700007FF0014110808F7F50D0F13EAEEFBFA20
:103D8000FCFC0517F903F9EFF60601FEF20111F745
:103D90000807FCEFFCE0F7FBF40503D9F33201134D
:103DA000F3090305FAE914F4ECF8DD202936EEF7FF
:103DB0000B2807EDFBE820050500FA0BE4EAC9DD56
:103DC000D6FBFCFD2E211800FE1DFCF105EE02F8CD
:103DD00006040509DAF3CED6F604EAFB01D0130790
:103DE000FDF9FAEF04EB010D0FFD0511E000021FD4
:103DF00024F8B8FEEBE4F111080803FEFFFF0CDF26
:103E000024FFFC2F09EAF5DEFA2FE60F00F9DE09A0
:103E10000A1DFF07FE1312012FF5FA21E30CE7E359
:103E2000BC29FEFCFF25050CF710FE1CFC4D0322EF
:103E300002FB090AF410D3F124F3E2F10E0802F9AF
:103E40000BF906EC00260123011309E9E4041BD059
:103E500034F1F709EC00080306010309FBF51A0C1D
:103E60001E0C03F0E9EFF923EC3EF1DAD30CE90A7A
:103E70000907090CFF18040C04101700F5080ACBF9
:103E8000EE0300E2FA10F9FDFDF70E2C0714FA0517
:103E9000040516F7F009CEDE1415EEFBCC01F9038C
:103EA000030C010F04E6F9D7FCFFE1F8010606DF79
:103EB000EFFDCEF221100606FAF9F7E201F70CF356
:103EC0000209FFE40AFB160B0EF604F71FFB1300B2
:103ED000F80BFCEA01E917EE19FA00FEF4F5F2ED31
:103EE000DC0504ED03F81600FB18F8F608D5072EDC
:103EF000FB0006F8FC09F5F602DEE2D805F4FCF555
:103F00000E0906FB0E09081AEFF70BFAF2F418F087
:103F100028E4D30AF910010505FC05F901FE0201A8
:103F200003FCFAF8FDFFFBFD07F6FE0305FB01FBB2
:103F3000FE0602FFFC05FA03020603FBF900F90185
:103F400001FEFF07040005FEFFF90002FCFF010768
:103F5000FD0302FBFDF903FF030501FEFB05030260
:103F6000FA02FF03000103FFF7020405FDFC020053
:103F700000FD04FEFC02010101FC020604FAF8FD4A
:103F80000106FE000504F9FF0800FEFDFEF004FE38
:103F9000050200FEFCFCFF00FAFB0001FFFBFAFF3C
:103FA00002FBFB0CFFFAFC02FCFD05FDFAFFF70229
:103FB00004FDFF00FA02FA0000FC00FD02FA04FA18
:103FC000FA01FEFE01010BFE0505020003FE04FFDF
:103FD000FBFB01FF05FF05FA0201FFFB03030202E1
:103FE00000000105FDFC0904FFFDFF040FFAFEFFC0
:103FF000F8FFFEF8FF0103F9F9FEF70201F9FBFFF4
:10400000FC02FB0701FE020000FFF6F9010000FAC6
:10401000FDFF00050408FD0000FD00FCF70004FBA7
:10402000F8F6FF07FE0204FC0502FCFFFD01FF039A
:104030000404FDFEFD01080103FE00FE0301FFF97B
:10404000FD01FE02FEFC0302FB0002F900FFF90184
:10405000FD000104FDFC040107FB0000FAF901FC6E
:1040600000FFFCFC02FB0301FBFD0B0400FFFEFD57
:1040700004FCFDFE02FAFC060404F9FBEE02FF0359
:1040800002FBFD0107FEFD000204FEFF0400040424
:10409000FDFF0100191C0705FBFBF8F50410FD04EA
:1040A000F7FEF60101FE002BFB09F31205F509FEF0
:1040B000F604F9EEFC0AF4F2F8FEFB1AF202FF2E07
:1040C0000CF8E5FAAF000EF4FEFDFD10FEF8FEEC74
:1040D000E803F801F00B2B141FF7EEF2F31AE20CD1
:1040E00007FCFA12FC160AF80CEFF20B09120FE7A4
:1040F00009F2F0EA000AFBFFFCF6F3F30D1DF2FEF5
:10410000FC04FCF4FE160A0EFADEC90F23E6FFFEDD
:10411000F5F5FCED000A05E9F4F600F5180007EBEB
:10412000FCDC04F6FCD501F700F7F40AF6EBFEE739
:1041300004FEF7E9FEFB130BE7D3FAFFE3A4ED0659
:104140000B00073701FBFFEFFFFD04E01A221FE819
:1041500001F0D601FAE501FDFA060805011FFC1180
:10416000F6FCFEE92E0EFFE0F318C40EFA050A076E
:10417000F3FC000001F60219FF07F1F303EAEDDB9F
:104180001D0810F11C0C20040DF009E808050609B3
:10419000ED0601E004020702F9EB04FA250FFAF339
:1041A000FEF4FD1C07220A03000000E6000608F7E3
:1041B00002EFE0F606ECF40C0502072B03F6F8100C
:1041C00002FE00ED120706F4111227FB011802038C
:1041D000F3F40300FCFBF8FCF7FAF40B07F9F7091A
:1041E0001BF018FEEC0F0BFF09F00100F710F9E3CC
:1041F0000202F50BF5FC070FE9EBD8FD1A0FFA05E3
:1042000005FA051D0322F9FAF2FCFAFE0003F70293
:10421000FB0FFC08F1D802F0000208E6FC04F6FCF3
:10422000F3F804F50BFC0701F1EC2F0AEDF00500A3
:10423000F90502F60810040CE30A0AF30901FFE28B
:10424000E8F017FB02BCF0FBF5FBFD0EFBF4FEED06
:10425000F5FC06FB0CF8EBEFF0F802140DC2FF02C0
:104260000500010405CDF6F3F70603E700FEFC1F89
:10427000F0F9050012150304FAF8FBE803FDF6094E
:10428000FF08F4010504E51C060A17F615390B0CA6
:10429000000A06E9FDE900E5FEECF30A0DFFF52250
:1042A0000C0CFE070F161104080605DB04F3080FBB
:1042B000FC0DFEFFECF6F80D10FA060C182F0EF9A7
:1042C000FB0303E001FB09EE09FF040F02F8FC28E1
:1042D0001EFA06F9F01F04FF06080EF7FA27FEEC97
:1042E000F6FDFF11FBFE0AE8ECDBCF10211EE70410
:1042F000041112F9F31B0A140911F9080303EFEF73
:1043000001FDE9031E18F2F50306FAEDF10501F5CA
:104310000E12000CFAF2EDF2F4160F07130405FA70
:1043200006030006FAF6FE0013FFF920F2F205FB81
:10433000F50536F5EADF060801FDFC11040204ED7F
:104340000BF1FDFFFC0D02E0FF27E003FBEF05FD95
:10435000000EF609F8EF0404F1F3FBF2FC08E8EDB7
:10436000EE0711F8FB02F600FE0501FD03FCFC1B45
:1043700002FCFDED00FAF3F008151DFD1E0DFEFC1C
:10438000FC00F5EE04E504F9160507F6E500FB066A
:10439000E4042605FFF8F607010002FC030D02F312
:1043A000F109F5F8FC070DF0EFF2E405FE10040149
:1043B000FF01080AFAFD04E5FF1B03EFF21021E8F4
:1043C0000FE2D8FD050FFCFA05F502F8070F04FF10
:1043D000090C07E502FC0AFE02E4ECFCF8ED0AFB1E
:1043E000FE0D0A0303F400F5030002FCF3000005D0
:1043F000F3F600F7E3F1FB08000B0908F105FAED0D
:104400000B05FCFE000BF7FBFA0FF7FEF6B100F40C
:104410000211FE0CFCF103F915F9F9EC08EFE8F9CB
:104420001A3022FD0AD50002040AFE0DFAF2090D27
:10443000EBFBFFE2F4FBFAFC10ECF1F0FFF6F50EFB
:10444000F503FF020A0F01EFFEEF06E609FB1AED86
:104450001DF5E9FDFFEFF402FC16FE11F7DE032364
:10446000120B04EAFEF3E4FA0130FCE9D2F7FFFA9A
:104470000A0505F000E800101E070003F7EFE1F160
:1044800012302FEAE0FD050A08FF081B0409F405B5
:10449000EEF5120BECF70BFF03F5F8EB02F1F2FF70
:1044A00002ED03F905F70BFCFFFEFBF117FD0FE131
:1044B000F9DF1D48ED030408FBFDFCF4FD0306F6DF
:1044C000050509FCF0FDF30E05FC11000C03F7FDDA
:1044D0000E0800DE010700F1EFF8131405FA0620BC
:1044E000F3F1F707EF06070408FF00EF0BEE01E713
:1044F000F700020B01FD09E8ECFBF00CFBF809F9F1
:10450000F9FEF61705E8FBF40100FEF40401FA00D9
:10451000EF05F61B202EFF0206EC03F911E9F5E486
:10452000020707011401F3071926E3F106F1F6F477
:10453000FAF011EFFE03F4F0FA0301F90E00144152
:10454000FE17F90523F808EEFAF4032100FE0FFA2E
:10455000FAF9EB0603F3F2300A2C09FBFB2F0612E3
:1045600005FDF90D06ECFA080AF9F91B1E01F30E18
:10457000052AEBE7071A0A0B0A0108EDF4F209FF16
:1045800004F0EF0B030A39131401E408F543ED0AB4
:10459000FFEBF7EE040C01F614070201F2F1000143
:1045A000FDE2FAFEF9FBEBFDF2F90535F0E408CA8D
:1045B00019F11014F9FF23DCDB0B1504E504FD08E9
:1045C00009F3133900F410EF07FD061FF71CFB0C6D
:1045D000FA1536040107FB00F9F7FDE60E0C09F5A4
:1045E000E4FE03FA0420EDF010E1F4F90CD8050C18
:1045F000FF00FBDE02D40DF0F20200EE07F815D743
:1046000016CDE30407DA12FA06FB08F7F70EFCE210
:10461000F6EB14E20F1918E6E8E1000DF0F4EB08F0
:10462000F8FF00FDFD1DFD010BFE0DE60A170CED68
:10463000F2D4DCE704F60210FF03FBF9FBF000E81C
:10464000E806F5F31412FAFBFF04D1110FF2F40A95
:104650000D03F6C916F9EC001903010A05F6EDEC95
:1046600034D7251AFEE801FB03F8F9E0FC0509EF51
:10467000F2F6F3F7FCF7FA23E9CB3DEBD30401FFA5
:10468000F902F6D1F61FF1F0F1E60CFAFD02F6FEA2
:10469000E5E5162CECE8FA00000013FA0028FAE928
:1046A000F70FFBF4FBFB19FEDE08D909EFFEFB0454
:1046B000FF0A08F40B12FFF00F06F7010E03EBFFE1
:1046C000EEFEEA19081500F5FE0404F407FDFF17D5
:1046D000090FF204FAF8DDFEDC1326090129F702BE
:1046E000FD06060707F4111E060203010401E50397
:1046F000F20B3DFAF5F105FE090106FEF7FE08F999
:10470000FCF8FBF605090B010141DCFC01EF040696
:10471000FB0AFFF7FDF617F4080A02EB0F04F8FA9C
:104720000C11F9F3F5E4FE03F608070909E410F9A2
:1047300013030E0EF2F1FD15FBF902EEFDF5110665
:10474000010AF60D0AF601EC0809F729FF0B070527
:10475000F71525EE07FF0705FBFE0912022704EAFD
:1047600002F5FFF1F90C2EF2FAF5E901F50FF70069
:10477000FCFBF8F9FDFF08F3EB130FFDFC09EAFE63
:104780000EFCF7FCEE1BF80204FD0DF40C0FF9080B
:104790000BF710FC0105FD090CFB021228F20E09B3
:1047A00002070001050703070DFE07FC0B1602FDBB
:1047B000EFED0EECF5EAFE0307040115070602F51E
:1047C000FB0C06FE0C0D06DC0212D80A23FD020BC0
:1047D000F611FFF60BF5070708FDF8EF1A00E7E3FF
:1047E00017F905E2FF0706EE040403ECF718140BB3
:1047F000F9F70102F1FBF10D1BF82FEFFA030FF9A6
:10480000F502F9EEFC0C0E13EA030EFCF70AF106B2
:1048100016F71011F211FA03FAFA04FC071208FD58
:10482000EB010F00FEFAF6EEFBF304F90925F3F6AF
:104830000C18FCFE04F801FE01FB0412E0E6FAEE9F
:10484000F904E9FF2104FCFCF202FFE90909F71E63
:10485000010105FDF3F2E1F8F522F301F6FB07FC97
:10486000030E08E702F1F81CF405FDFCF6F5F8016B
:1048700016090306F4E2F303FE0906090B040AEA2B
:10488000F8040618EFEE02D30308F2FE1107E70161
:10489000080B0706001D1004FCEE0013FCFDF7EEEC
:1048A000E7EDE8F51BFFFAF6F30F00E3F71FFA0F49
:1048B0000602050D09FCFBE8160406E4DF0B00F810
:1048C00004FAFCEE04F7FC131507FBF7EEF10BF40A
:1048D00003000CF6F8F2F4F200F9FF08FEE9FA0E14
:1048E0000A05FAEAF3F711E6E9161802F903E7F404
:1048F000070AFF1AFA12FE03090402EAF404F1DAC5
:10490000F023F9E5F3F4EC08FF0AF413FFE00FEDF0
:1049100009FE0403F405FEF5F92D1315F9EA091152
:1049200009EBF50AFEE0F6E205E6F206F7FDF70E02
:10493000EF0CD8E5460CFBF20CF401CBF1F205F5D7
:104940000800F8F71004FB39F4FA12F3461AFEFED9
:1049500014F8FDE002EA09001B0A040203EFD71D68
:10496000EBF329EE14F41EF9FC0300E402EA03233E
:1049700007F61305EBFE05F70FF9F9FEEEE909124C
:1049800005EDF8140B05EB0BF4030EFDF90A2301FA
:1049900011DDC6E30BE2FD0600FAF5E704E5040DC0
:1049A000FBFE0AEF05F9F4FE0BFB10001300F5FF08
:1049B00008FF0501F9D60416F8FC02FBECE3F4E26B
:1049C000011916FD1E3702FB07050204FCFB02ED70
:1049D00002EC0AFBF400FDF91911FAFBFAF31101DC
:1049E000F9FC08F6F910FD00FAF90BF3EB001706D5
:1049F00022F9B80A03ED0405FC05F70202F3FE05EF
:104A00000A08061AFCF9F6F0F1EE0B010514EF06A0
:104A10000DFF030FFC1AFF0BFDFF090FEE0210073D
:104A2000CCF405FF0614F604020404060330FC0D62
:104A3000F4F6F505141DD6F1F605FCF314100BF78A
:104A400001FF03FCFFFEFD0AFE0903E2F1FBFAF79A
:104A500001F7F203FCF20CFA04FAFBE701F20C0E88
:104A600002FD02070CF5050DF602FDF5ECF104045C
:104A700002080216010DFEFFF9000A01F70604E024
:104A8000F5FC1BFBE9F5FB00030A031CEE01000427
:104A900003FA07020204FDDE040A0E08DDF603072E
:104AA00000FEFCF405F0FB0AF7F9F6080C03050913
:104AB0000305E4042D100A0900FB04E401EF05F4EA
:104AC00000F8F7F504FBF81D130608F5F4FC1007D1
:104AD000030AF3E6F9FBFFF4FA01FAFBFAEDF91029
:104AE000EFF8ED00E6FB00FB07060301FEF7FF070A
:104AF00000FFFAF9010C01FA04EFF819ECF7EB01E9
:104B000006F509EDFB06FE01FEEA01F2F2FD0AD709
:104B100004E3DF25E211F60A02FFF408FF1D081482
:104B2000F6010311F104F503F9ECF302F6F60507BB
:104B3000F30F07FEFCFCFF110409041CE60EF60748
:104B4000F900F7F20915F906F405FDFAFF020C0E5B
:104B5000FF0A1009F8FBF3F0ED0212ED07F8FB0273
:104B6000FC0D05E001FD041901020C0A07FD16F415
:104B7000070C0909EDDAFC02FCF4031E04FA06D75F
:104B80000BFFFF15F401F9DBF70ED607EBFDF2077B
:104B9000F30EF80CFDFB08F2EEFE130F061401E312
:104BA000010CEB080502F80DF80AEFE4FF330633B9
:104BB00003F7FEF7FE01DE0211EF0AF4E91BF7012D
:104BC000070B05FFFB140A1E04F0051FEEFBFEEFAA
:104BD000130337F710EA10EC0508FE0B00F009206C
:104BE0001309F6E803F60726F63621EDF6F2F80487
:104BF000FEFF01160400041414FFF9EFF1F0E4EED7
:104C0000F92F26E3EB0E0402030F001803F1060947
:104C1000FEF7FBFF03FEF2F806140200ECF3FEF6CB
:104C20000202FC03FCE504FDEDFB0214F300FCEBC7
:104C3000FD09FEF25A22ED02FA0301F0F90A17F615
:104C40000504F80303FBF922F8F616F92E0D090303
:104C5000070900E6021B130501010CFBF2FAED1532
:104C600004E40006F4FF0DEEF1F803FDFDF600117B
:104C7000FCFC110CEC070CF314D0EC0FEDF4060562
:104C8000F9EE0E0EF70A01FCF80A0AF9F6FF19FF11
:104C9000F1F7CF18110FF6FE03F60700FBF9E1F567
:104CA000F90BFC130BFCFAFCFB0EF015FEED090DE5
:104CB000FF04FE0A040D11FEFC0DF3FD00FF0A0CBB
:104CC000EBF2ECE6030014F9F616FEDEF2E50AF567
:104CD000ECF9FBF8FD0DFBFFEDF6EF07F40412ED28
:104CE000F1050706FE0CFE190804FBF8F9FD0CEBB4
:104CF000EFFD00FF000012060306010000ED10F7B3
:104D000013F30A1A09F5010BF116EDECEF19E70A96
:104D10000308F0FBFFF01CF616070106F502F4008D
:104D2000F501DDFA00DB17F90E15F9F40C161E1368
:104D30001AFA07FD0009F00BFDFE13022C14FCFC0F
:104D400009FD04F7F324F81D03030B0400F5F6EC4A
:104D5000E1E3F7F20BFFF7EBFEEFFAF8F61013E7DB
:104D6000FE0103FAEDF01E03FCEFE7FB050EFBFD71
:104D700008FA09F50317110D100F0EF9F90A00F8DA
:104D8000FDE9C9FEF717F1FBED0A040DFE05FF135F
:104D900006F7FEF4F80800DE1306FBEB090000013D
:104DA00003F6FDFA07040200FAF2F71CFCFBFCDB39
:104DB000E6EDF9D1F529F5F6F7FE06F2EE11FBFD69
:104DC000090AFBFA010C1CC70509D3F91CDC02F720
:104DD000EE08FEF2FED409EB00FD0DFD08F8E6D961
:104DE000E7F1F4F028E20908FC0DEFE702E8FF180C
:104DF0000106F9EF000610F519E7FDE5D8E9FEF226
:104E00000906F9F9F9E6FD03FCF010F8FD002300AE
:104E1000FCFAEF1DFBDEFD01F2F9010AF6DDFCFBF9
:104E2000F70508ED000102F503F314F0E7E3EFE8FE
:104E300005EEFB06F9030312F7F1FC0413FAF00F79
:104E400004151001C20DE8F702E6051B1109F8046C
:104E5000EC0A060B1B16190E2C1218FF0BF8E404B3
:104E6000F9FDF7030A0501E1FF0C0DFB0C0601EA51
:104E700008F3EFFA141403FFEBF7FAEAF5F4F32959
:104E800004F7F10B02EE111DF9EB3B04F11D2509AE
:104E90000EF1060103F4FA18CE0607000902FF1FFF
:104EA000FFCAFCFFE9E9030E00F6000E01F5FAD295
:104EB000FAFE06100F0D220005C9FB17F4E2F803F5
:104EC00001FA13E5F7E9FFEBF10CFDF01C0D0323EC
:104ED000E6F3ED1B00400710F1FD0BE40009F5F3CC
:104EE000E1F2F422EFFBF711EBC5400F18081C02AA
:104EF00009FC0BF1FC0CF306E902F9270814001C6D
:104F0000F0CFDE3911E2F8F502FFFAECFA0DFC03FE
:104F1000F20EEC0902090E17F7DDF111FB02FAFEA1
:104F200007FCEEF7FBF3FEF4F222F9F201E80B0BBB
:104F3000F50C26FEE805F50203F9F7DBFD2CFDFF75
:104F4000FFFCF213EAFF1FEE04E1F913DE08FF088D
:104F50000EF7000CFE16F1ECDA0FFC0719201AF61A
:104F6000F5F3D128EB05E101000A000900E801E3AF
:104F70000701F6EA29F2EFFAFB3008171C29FBEBD0
:104F8000F20308F6FDF5F7190B0BFB19FBFEE10028
:104F90000E4842D51317F906FA0014FDF8200F0643
:104FA000FDFCFE05EE0A1405E9D7E115F909060D29
:104FB000FB0207F9FF0404FEF30800030D0C0012C6
:104FC000FAE0D4FB08190905010C07000E08FBF0F4
:104FD0000701F4F40A131B05E9DCFB06F2D9060607
:104FE000F70803F9FD0BFBF3F9EC00FCF70DF3F800
:104FF000F2EDEFFCFEFD150A090F00F7FFFFFAF1D5
:1050000012080502080910F7F510DA11EEBA00EEE1
:105010000A1003F5FCFAF5FEF80D05F40402F2E4BB
:105020000437FB00F509140B06FDFA05F9FFFF0E26
:10503000EDFB0ADFF3010BFE0CE5DEF308C907FF09
:1050400002FBFD0CFF06FA00F0F0FAEE120413CD9D
:1050500014D9EEFC07EFFBFB050EFC20FDF0F82356
:10506000000604EA0F03F6040A3804F7D5E90B0238
:105070000701FAF308D60E040AF6F802FCE6E2DAB3
:105080002A2444F1FD0A0F02FDDE0200FA13061382
:10509000E709FBFBEBFB1815F9ECEDF5FE0BFAF855
:1050A000FCF702F900EC14FE00030BFA12FAF9DC2B
:1050B000100E2035E9EBEAFF0409030C0A0E022D5D
:1050C0000C01FDF2EE03040F04F51400F5F909F8E4
:1050D000F305FBF3ECEDF5E5FCF5130DEF00071818
:1050E000DB0506FDEE090C0B16F6031801F600E7CA
:1050F000E900070E05FB18F4D9EAD2F21FFCEB0217
:10510000FAFB0B1700E0FEF5F0FB010B1E0301F9A3
:10511000EA0403F9EFB1FFF503EC05F307FBFCE448
:10512000F400FBF5030F0003FAE0F903DDEB10FCDC
:10513000FCF30FEFFFF2F1CFE40B01D40C052900D3
:105140000DD5EF17E0D6F913FA00FB030121000B90
:10515000E10001DF140B18F2F3DBEF1C0509EC078B
:1051600003FBF9FF0A0EFDFCE50AFCE8130B01F155
:10517000F1DC110F0CF5020800F209EE00FC03F55A
:10518000F1FAF7F50207210005E9DF151ADA07F051
:1051900005F606D5FDF9E7EFE809F2F217F1191661
:1051A00019E7070F08CAFE03FBFB03F70400F9F039
:1051B000FA0EE5F605FEF01400FAD90F0CF7110609
:1051C000000702E50BE2FEF30CF3F3FC0EF9EE0828
:1051D000F916FBF1FEFCFB050209FB0A0701FB00C7
:1051E000F9FEEDFB05011DDF0C10DE04F915F712C9
:1051F000FA06FF08000002111700030B08F510F370
:10520000073015070114F40AF8F9FF18FCEBFA0D42
:1052100016000608EFF1ED10031FF904FC0D06FB64
:105220000A0BF7F001F6FE211AF40115FB0A070834
:10523000212D0ACDFCE1F7F7FF0DFC0507F604F27E
:1052400002F804F8040514F6F5011102D7ED11FE79
:1052500001110409F3F7FC020A05FFF5F80702F44F
:10526000E7100416EAF30707FA02011A040C03F622
:10527000F3080B0DD6F4FAFDF0F911F9EAFF02F884
:10528000F802FDF801FC1006FAF40B0207130900FE
:10529000F6FF260BDAE61202FBFAFE1C020AF9E51B
:1052A000FF07FE000E0925EDF8F5C2FED708F80548
:1052B00006FEFDED06F106E8190504F9F905EA0018
:1052C000F71B0511F624FAFAFF0FF8F507F0FB03B8
:1052D0000C02FDFC04FFE8FBF815290B031CF8FD8C
:1052E000F6FEF2070500FC06F602F1FCF3F1DBE145
:1052F000E00031F2E9DB130AFEF60914FA0904FCB6
:10530000FDFE04EC010B1EEF0613E2FCD3EEE7F406
:10531000030001F7F8E111EC0BFA01F7FC0DF2F6CE
:1053200008FF00F5EFEDE903F9FEFF180AC906F6DC
:105330001BFF072E0AFA0016F80FFE0DD9D0FE1239
:1053400002FFFD06FDCD03F305FA0129000E090851
:10535000041128EDFAF102000406F20403F010072C
:105360000D05F1E5FB0BF3000AF92A0405F607F930
:10537000F001FCF301DD0508F3F80CF4FCF0F8FD96
:105380000B110B03FEED050907F305F8F9E1FDF13B
:10539000060CFF0106051F07EF10EE03E2F1FD0406
:1053A00000FB070313F2F4E708F604EC1502151BE3
:1053B0000EF8F2FBF3E4EDF8FB0402F3FEE5F90668
:1053C00009FAFD15FBF3E4F7F4FA0FFA060A0202F4
:1053D000050209E907FAFB02F40103FF02F5FC0FDD
:1053E0000E000008F500040103E8FDE10818FEF9CD
:1053F0000C090201FCFA02190DF7EF10040F0B065D
:10540000F2F206F3FE0F040DFD0200FF01030B0490
:1054100003F0FE0B0DBAF5F5F603FEE1F6D402EE4D
:10542000EDFB04EEF8F4DBD8EDEB1FFA1305F50AFB
:10543000FF09F60E10FD10FFFD09FBDCF8F309D89B
:10544000FCE007FFEEE005F6F7FCF50CFD10F9FFB8
:10545000FAFA07EEF6FDFDE710DB07F7EBF00CFBC1
:1054600000F0F7090B02010F0815FFEF00E916DA4B
:1054700004F3DB0FFB071F0000F0F9E2F2EA09106A
:10548000F914FFFBFEEAE008F9ECF7F20ADCFFFE94
:105490000BFEFE0DFE0A0B10FD10F506F20411FACC
:1054A000E4FE1EF408ECFFF8F90EFD2F08E7F60401
:1054B000FCFDEE160801DEE5F5340CF3BFFBF1FB55
:1054C000F91203F5FFF6FE00F5F9FDF4EAEBEFE55E
:1054D000DBFEF0FEF80A0318F90408F601BB12F629
:1054E000F5FAF8FEF700CA521606E7F608EFEC03E5
:1054F000FD06FFEC00EBF9E607ED060401010C29BF
:1055000008F50BE9E2DFFEF3F9F7030AFFF3F7F022
:105510000E060A06ECEBFEE9EB02EFEAEB06F302FD
:105520000B0009FDF8FBFF130304000404240DFF26
:105530002FF2EB02FB100505FF07032806E60FFD1F
:10554000EEF8070AFBFAFAF9FD24FCFBE9FCFE057C
:10555000F2F5EFF9FE15000E0CF6FA14F40B0A1A28
:1055600013E9E9FD1D020BFCF8050AF1FE2902040E
:10557000E4FA0A0203FF0C17F6DC10FEEAF7F4FA6D
:1055800005F502E0140605EBEFF7FEDEF7F5FC0289
:10559000EBEA032B05F0F90DF9F405EAFA0B03F534
:1055A000F7FDFFECFBF603F4EDC6EA0EE01318FC82
:1055B0000B03F9F109FCF314FB1A0BCE01FE1BF0EF
:1055C000FDCFDAF0212E030BFAF9FCE40B0EFF04F9
:1055D000F10202D1F80B0A09E605DF02FBD9FB094B
:1055E000F008EFED06FD1015F90B04DCF80CED08E2
:1055F000F700E501E817FF0700F00804030DFDE4DC
:10560000ED10F70510FBF3F00AFBCC0B01F9F1EA02
:10561000FC1A0B1FFFDFF1D4F30102F801FBF8F3D2
:105620000833FE0300F215FE0DFAF8EB05FA072425
:10563000F0E9FCD3FEFAEAF928E9F2EC0DFCF7FEFA
:10564000F9F901EA0507F7FCF1F0F6F5FF0513E3B8
:105650002CF3E7FDF3E20CFF1124062BF8F1042CE8
:105660001000FCE402F9EAE80D460EEAD50BDB0176
:10567000FF02FE1BFBE1FC0B1AFFF5FFE9F7D8E97F
:1056800025392BE8E3F10006F2E808FE1203FE17C5
:10569000F1F5031AE3FB07E90CEAF1E6F805FA0174
:1056A000FBF0F900020800FFF0FA03F9FDFE0FD746
:1056B0000BE71F37F5E5FF0AFBF405FAFC050CF6CE
:1056C000EFFB0FEBF1FFF506F4D81F0DD9F603EE53
:1056D0000CF4FEE2FC150BF2F1F1190B011520F6AA
:1056E000DBD6EF21DCF7F00AFBFB0B0503F8F4E651
:1056F000EF0A10F9FD0112FECFE3FB18E1FDE1F91D
:1057000001FA01320CEAFDF3F506FDF61509F0FB8E
:10571000D418151FE916020C08FC03FEFF2EF6EB49
:10572000FF091005EB061112FFF5BBFC2F1305173F
:10573000ED09F9EF03F0FEFFFF12F3FA1011FDFF80
:10574000F505130007FB04050DFFFFEA0205FB1139
:10575000DC1AF2F602FC03FC020710EF0F17F80B3D
:1057600001020A03F8FEF414EC09FBE7FC03130042
:10577000FAFB1EF6E9E8FE040D0E032BFCF90A0302
:105780001F00010B181F01EB094BDDF5FE050E068E
:10579000FA1701FC09DA09FC07FE07020D01F6EE13
:1057A000243503E00A16060E0B0900F500F3FE107F
:1057B000F9F2FA20F0E7FF2721EB16EDF50E08FAD3
:1057C000FE05F806F50BF7F9FEFF0829FE060BE5C6
:1057D0000D1B11F804FAFC05FD0BF622FAEF0C0F75
:1057E000240113F9FDEA09EFF5FF32F4D8F70A04B2
:1057F0000A15F9F40000F61312EFF814F4EDE800BE
:10580000EE25FFF6DAFEF70D080C0109F701082175
:105810000C03FD19FAF508FA140BFE05FD04F4F368
:10582000FD0B101BFA11070000F80AFC121401ED21
:10583000EE003BF4F00603FEFDFD070A051CF7E64B
:10584000FEFA17FDF2FE09E3E8F3C2F8E9F600FFFD
:10585000F80405F00AFF05F7E8F9FAE90F120E0758
:10586000FCDDC51CFF00F101F7EF0304FCED01CBEB
:10587000F9F0F70F090A02FCF0C7F906DD04FD0193
:10588000F7F403FE10E1F7F1F5FF0DF5110CEC0252
:10589000E405FA0DD51D06080011041EFC0D06F8DE
:1058A0000505031DFAFF03050708FB05FB28110981
:1058B000F6030707100B050622F7F8220401E3168A
:1058C000F52A1405142DFC16FF050002FDE9FEFD66
:1058D00010EE00FF0100E9FA14210E02DF2CDE01B8
:1058E00002F8FE0D01F90DF404F20B05FE0204EDC1
:1058F0000D10EBE905EE02FA0F080809EF0AFBF6B6
:1059000006F90105090B310FFE06E5FDF3EFFB007B
:10591000FDF9000402030DF3FAFD040DF609F6FA91
:10592000F8DFEDF9F4B402F402F2FF1706F5FDE436
:10593000F706080CF70511E7E9F2F70BF9DEF4FCBE
:105940000101FF1C03FBF313F4090EF60D1A060800
:10595000DFFEFBFB09F8FE0500F005F4F42FFEF96D
:10596000D30102FE05141714FFE5E0123B020509FE
:105970000A0C12E1FA060804F609F8E00208FA0730
:1059800000D5D6190FFAF9F10C0105CEF91000F087
:10599000F00C06EB13120903E9FE14151E020005B4
:1059A000080CF800FD0CFA0DF90FFBF10EFB02F8E4
:1059B000F9F403FEF309F401F6F80303FE2DF9E50B
:1059C000E614F4090E0515DFFDD6A805E7E9F60C87
:1059D000F7FCFDFA05D50211F009F41515FFEBD817
:1059E00010E7D311050B06F902FAFFE409EAFEEF0E
:1059F000120DE8080AF1001C16F00EE51D2210F346
:105A0000FD0DFFF1F720030A0606F00CFDFEEB0E7C
:105A1000F42610FCE9020FFAFC0706110702FEE269
:105A2000040909F10AFF0EF8FBFBC5051AF8F9F89D
:105A300004F9FADE0A0C06EF0F08FEE80F08091653
:105A4000F70AF10CE9260105F8FBF8F6FFFA02FB6C
:105A50000808050D00F8DF07D7053513022EFFF300
:105A60000FF7F708F5FA03FCEE000B0500ECD6F390
:105A7000E60F3110F0E605F7FEFD060A0B130508E8
:105A8000EB05FBE708011EF214FBC808FC0CF40050
:105A9000F9FA01E902F416F1031300091AFD20FCDA
:105AA00008EEF702F618ED0709070512FBBF0AEB2F
:105AB00029010A2FFEF1F2F9DF0E1501E1DEFC0CDF
:105AC000000BF62403BE06EC04FCF433080DFC1EA8
:105AD000EE2524E202EA021205F803100BEAFFF1B8
:105AE000F901F7F21313FCEB19F60708F1F80601B8
:105AF00001F50AF6FCE30305F7FAF4FFF8001704D2
:105B0000FE00E90D05E3F2FE01FD040813D3FAECF3
:105B10000D0DFFFC11F232F8EA130316DBE7FDFA74
:105B2000F4F5020CF80C00FF0C0720FC06141E1004
:105B3000F0E9DDDFD700F3040109110CFCEAFB0AF0
:105B400006F0130802F9E8FFF7FFFDFE0E07141335
:105B5000060505FFF604040509F103EF1003EB1C2D
:105B60001210EB0FF8FB0DFB08F30AEAF6180AEF28
:105B700008F9FF0EEBF20A130DF70904FE0207F70E
:105B800008F6FEDC081E030CEBFBF1F30C170EFF0E
:105B900011D514EAFA1B1BFDFA04FD0A00D8F1FB2B
:105BA00006F2080914F7F01F244B11DEC1C11808D2
:105BB000F4EE092902F2F1FED9EBFBF41E0C3A29AE
:105BC0002E1911FAC6F1021306EE030F0B1C020583
:105BD000D60B03F221012B0F0DECE2DFF802E205F8
:105BE00007F4FCF6081903F2E7190BFC182020153E
:105BF000F6DBF40209FC0FF4FBF5F806FAF3F903FF
:105C0000F8FA0008FC042A1A0DEF2009052A130EE1
:105C1000FEE10B0B07FE0914F60F19EA14051EFB33
:105C2000250C08F6F119F2F6FEE8100EFCF9F5E87D
:105C3000F1FF01E419FF20F7FA0BFB221012F7F431
:105C4000FFFD03FF0915F4000300E4031307E2F36B
:105C5000F70CE9F404FEFCF6FDFC01EDFA0BF8028A
:105C6000E70E0C0FF91205E206DB1006EAF9FDF764
:105C7000F105F517F8F2FBFE0A050401F8F5FCF44E
:105C8000FD18F12F05F6F30700FAF302F9FDFF0303
:105C900002F5EEF310F21DF6FD00F9F9DD07FE093D
:105CA000FE000CFB011BFC1B12FB07F904ECE7DDFB
:105CB000122A2705C6F4F4F4FC040BF202F40AFBE2
:105CC000FBF5F80DECFD1D15E4BD13F9CFFFF1FB5D
:105CD000FBEFFA05FCF9EDDCFC05FD0E080C12F6F5
:105CE000CDD2DE21F8F2EDF803F5F811FF0C05CE68
:105CF000EFF906F6FC0114F9C8E5B3F7E9F3EFF79D
:105D0000020B03E6FAF109E402F7EEF9090504F8DB
:105D1000D2ED0010E9F8F8F7FDF90BF2F8FD04F800
:105D2000FDF3FAEEFEF30206070F0CFE3009FFFE4C
:105D3000FE03F41201E0FF05FD010AF3F509F1E9A4
:105D400009060903131E050409FE021108150207BE
:105D5000FF0002EEFAFF180611FDF607F8DEF9045F
:105D600001F70D01F70803F6F70000EBF9070B0F39
:105D700006F0E610EAD4F20204F7FAFF050FFA0281
:105D800003FDFB0FFB00F6EF03E61AF619F8F8FD2A
:105D9000FA000806021002F8EF0AF7080BF90903E7
:105DA00008FB1C0E0904F30B00F20A07FE1200FCAC
:105DB000EBFAFDFA0E0913010AE5F10BE902F9FB12
:105DC00001E9FE09FBF5FDF3FCEAF7EBFFFC02013C
:105DD0000EFAE20FF8E3F8F907F2FD09FDF9FB1AF4
:105DE00003FAFFEB05F8FFDCF31D0A06DBF1F8050B
:105DF00004FDFF19F40DF30A0404FAF801F7F2F9AF
:105E0000061F0E08FD040F050502FE09020D020C17
:105E1000DEFBF0E9F1F815E80FECFFF3F9F306F714
:105E2000F6FE00F504140E05F0FAFDE7FFFF15F38A
:105E30000FE3F241030403FEFFFD06CB030D05F063
:105E4000F7F406E9FB03ED42FED21EF8E41607FD67
:105E5000F5F809E1050805FE04FD0806F3FE2D0A24
:105E6000E2EBFBFFEA02F00303F401020522E8F78C
:105E7000F2F60305F90704EEDAE8D716DBF8EAFDD7
:105E8000FDEFF60BF9F0FFF405F4F4F212F516EB62
:105E9000C8EEED1DDFF501F9F80AF4F2FDED03F8A7
:105EA00007FB02F4140804020B1000EFEAD5040407
:105EB00006F7FEEFFDF70F150203EFF00803F61EDD
:105EC000FF2200FF12220DFC01FD080FFAF6071455
:105ED00005F70AE9010A030AF420EFFFF9080200B6
:105EE000FFFE09F3FC050CEE01F706F90901FD19A7
:105EF0000803ED0C0B0B00F80BFD0BF106FB012763
:105F000002020DF7F60B13010AE21803EA1308F375
:105F1000F4F60AF3F402F203090602010B100FF083
:105F2000F8F20DFDFA43F80108EEFE0C0108F7EB5C
:105F30000BFBFC1CFBF90901E90C06161524FBFF01
:105F400006FC08F1FCF008F2FF080408FD0EF71249
:105F5000F0F9FAE5F40708F701FAFDF90204040183
:105F6000EDFFFD03F30BF8F0F5EA12080D0C00F25B
:105F70000B02FFED03F002F6FBF6F5FCF6EE21E373
:105F8000F7F9D8130207FF010BEFFD030206011C0E
:105F900007FBFFF51305F8F4F7F9E31CE005020031
:105FA00005F9FA01F409FBFD12020C0100F70FF7E5
:105FB000020205F1F2FBFB08FEFEFDEE07F000F128
:105FC00005080106FEFDED0BF9CDF01003FBF6010F
:105FD000FDE6F8E6F4FAF4DF0708F900F1000CE753
:105FE000E8DCDB28F6ECF8FE0BF8050F0B0200DC12
:105FF000FE07F8F3F41406FCD9E4E80604F6E40915
:1060000008FF13FDF413FCF508F200010902F6F491
:10601000DCEA001A20D4190A0BF6F3F4F8F1FDF1CA
:10602000EDFCFEE81302FD050B06FDF8DCB3170BD3
:1060300007F9050A0710F8DDDF0AEFDE1B0E321440
:1060400012EBF203E8C30BF8F9F005F6FA0B04E9DA
:10605000D807EDDC18271FFA25D5D8F70CDDF1108D
:106060000601F5EE0D340204EFE9FCE30A141EE824
:10607000FAC2E917F13300F6FFF00AF1F32403093D
:10608000F20104F9FF08F61813F6071111260C06A1
:10609000F9EB0410F609F2FADCFFFBF308FF02F457
:1060A0001700FB06F7EA04FF02F509050AEDFDE318
:1060B000F604F8D80F0B0906F1E2E1F802F6EAEE71
:1060C0000DFA0104010CF9FDFA04F1ED1218FC02BD
:1060D000F90FCFF907FE0EFDF70606F80A00F202E7
:1060E000F403FB02EB00DAF6070A35F7C7EB1504F9
:1060F000FFFEEB1B0AEC02FA020C05EAF3E918E6D4
:10610000FC35F804CA020602FC01FFFDFD00F40D97
:10611000E907F4EA201B02FCFB06E4E10207F8FFB2
:106120000A0EFFFF00F7F81B180A01F7F3EDEBFF6B
:10613000F72919042B0B130DF40D06EA01F2F40AEA
:10614000F2FD0803F9F5F00408FA17F90513F2FF58
:10615000FAE7FD030515F5EEE906EE01FB09140B60
:10616000F3F4160EE2FFF702090CFC12FCEB06F248
:1061700001F5F90400070BEF0810D0F2F5FDED036F
:106180000913000D02E9FA0B1307FA04F4FDFCF9F8
:10619000FD100EF5C6EBEB0205FBFEDDF7F80E0673
:1061A000F0FC07DAF8E4FAFCF5E6FA0C2A26E80334
:1061B000050D02F404F20D2312EE0206D8F0E601FA
:1061C000E714F503F419EEFD0A0CF8240C02090E8D
:1061D0002CEEFC18EDF2D5F716FE03FCF5E712FAEB
:1061E000FA140204FCF30B0109F0FE1DEAE219FAAD
:1061F000313CCD03F6D7E9F9F8F5FFEBFA15FFFBD3
:10620000F8F6F61E01FCE8DCE7C8B7F906E1D500B0
:1062100005081308EFFF01041C0209361B0C04EEED
:10622000CECBE3F0050CF809010A09270F3001F67F
:10623000040E0310131AF2D9DB0B1FFEE3DBFF027F
:106240001501FE2AFAF706020DE603FCE5E527D262
:1062500028F8FC22ECE5170305EBF7D309D40AFB79
:106260000C0AF5EC10F60A000513E3FDF101EFFA54
:1062700015FF0929FD17E8FBE2EE06FF0108DED64F
:1062800006E612EEDECF1B0BFBF2F220FAFDF7F072
:10629000EC091CD0F7180BE8E0E8F0ECCEE105FBC8
:1062A00005DEFA14F9E8EFF308F119E4021011EF32
:1062B000EAD4DA0F3A000F0A110E040E16DF0BFAB9
:1062C00008F100F41606E62C1C292EE8210014FC27
:1062D0000DED01C30616F717090304F808E10909D3
:1062E0003B061CE9F40423FD07E70CE1F9260F0D3A
:1062F000F20404EB0214FF2107CFF807E6F0F5EFF4
:1063000009EAF9E9010DF7FAED07EED40B0316F2ED
:1063100000C1DD3C01CA000C11F40410F71DF803A4
:10632000EF0D05EFF8F0F4F3EAF322F80FDA0707C0
:1063300009F9FDF3070CFA11FDF8FBE11904FBE77D
:10634000EB0020040DC40604FB000A0AF50B090942
:10635000F10003EF1CFE0AF3EEF81515F1DC100254
:1063600001000F0604D703EAF60B0BE20F0DE3243E
:10637000F6D104090E19FFFC02FDFEFCFBEFFBFE4B
:1063800007F9F709ECF50710F2E812051F2AFBFEE2
:10639000FCF3FBDF03FAEF05E701FEEF060E132324
:1063A000001CFC0D1137050C070901D6FCD01101AA
:1063B000EBFB04200FFAF30809F408121F030DFE8B
:1063C00006F50BEA0BD2FDE10903F013F9EE0D41DE
:1063D000F21B0526F70C030BFCF5F500030AFFDBA7
:1063E000ECFEF809F4FA16D1F7DDD00FF511E6034B
:1063F00007F104E7FF1BFBEAEC01F129180C11FC83
:10640000EBF5F51B150DEBFFEA040DFC0602FDF3A1
:10641000FB18FD2C06FEFFFB0A0EF7021309000C09
:1064200001F901ED041404EA06F4FD0BF7ED211562
:10643000F2FA031ED1F5030807FAF510020500F77A
:1064400000010408020108E0F7FDEB07D7DBF703C2
:106450001213FF1FFA0AFD05E702F9E0170601F91A
:10646000FD0CFD0004F6ECF8EFFDF614F60B02FF50
:10647000F80801FD0AF102F11836EE0A211111FEA9
:10648000FDFBFEFEF9ECF3070A05F103FF0306032B
:10649000053417E43012F6F7FEFE04F7FC0BF8089B
:1064A000FDFBFBE20C11F906FCF700091BEDF9FE00
:1064B000F9E903F2F41DF7FE0DFCF9020DFA1B01D8
:1064C00004110F1503DC0B0B00FDFD010AFDF7EFB6
:1064D000F1F4F9F50808F30E0906020CF607FA0CB8
:1064E0000B00FA1BFFFCF9E8F7F8F6FEFAFEE922CA
:1064F000FCECF318F9F7FFF708FBFAEA021503FAC8
:10650000EB07F2FBFEF90AEDFDDEFD1BF707EF02DC
:10651000FCFD02FA0512FB00ED0400FB0901041466
:10652000F1D5EE1C16E5040604F2FA07FFE000ECD4
:10653000FB0502F8101314F303FBFFE6FC0F150133
:1065400000FB071101DBFAE70702F3DEF905163C51
:10655000FA12DF08EBF3F703FEF4FBFE0DFEECEDA1
:10656000E209FE02100608CAF8E0C50323FEEF099F
:1065700009E80CF2F601FDF2F2FCF7021408F1F45E
:10658000F9E1E9060CFFFDFB07F5FDE9FEF609DF81
:10659000F8FAFD0904F10709E0F6F60B1E00FD0705
:1065A0000804F8F9F719FA0E060EF7F0EF020A1BC5
:1065B000FDF7EC0DFFE506FC0EF50512FD0005F7F5
:1065C000FB00FEF5070600EC0200E2FFF202EAFC27
:1065D00004FDFA18020CFD0DEEFFFA05050AF5019F
:1065E00028100AE80A10FEFFFC07FDF6EE15030569
:1065F000E2FC00F112FCE2022B04350F100907F750
:106600000200FFFFFA0708231816EC09FCFFEE044E
:1066100009FF48F3EE1103FEFB06FE1B0211FDFB12
:106620000C0304111007F7160C26F3F6ED0412F50F
:10663000010806FA05E505040102FE000811FA0E3C
:10664000071832EEFC150506F9FE0101021EFC06D4
:10665000F710FDF208F91CF10BEE00EE1020FA0520
:10666000FD000A0A0723030BF403F4F011042CEBDA
:10667000F0FDEEF4F5E3F60A0916F813031110FA2B
:106680001BFD09070F08F6FA0438F7F4F62906FE91
:1066900000FEFD0901E6FFE61208070FFC100FFDE2
:1066A00003180AE4FA04060203FC0202000EF9F8D9
:1066B000FEFBFAF808F90AFA0822FB0EFC24FA029B
:1066C00002060615090DFFF1FAFEF2070201FACEE5
:1066D000E80A0205EFE407010205FE2A06FE0CF4B3
:1066E0000AFD151BFDFFFFEEFF29E5EDEFF40008A5
:1066F00002FA060103FD00F801FB101D111608093E
:106700000013EA05E10BFD09FD06F9E80BEB020BAE
:10671000090005F712F002071D190003FF05FB0829
:10672000FFFD0519FA03FE141DFBFF0603F6FDF33A
:10673000102111D9E5F40E0B0AFEFB10020A10EA33
:106740000FFC07FDF0F814F1ECF8D3F8DFEF0701C8
:10675000F5F6FE100DED04F30801F711FB1401E14D
:10676000F8FAB420E7F9FAFBFC02F90102DC1AE2BC
:106770001AFEFE01F6050A0DF6DFFEF4FFFDEF013D
:106780000109F9FAEE02FDF20AF50F0DFF0F07FC01
:1067900004F6FEEBE8E301F1FFFEF9FAF72BFA0647
:1067A000EDF509F6FEF7FEFAEEC619F7D4E7F8F5AF
:1067B000F7FFF800F0FCFFDE2006080EFDF3FAEA12
:1067C000E7D3E4F8DBEAF8FAF50AFE1EF7D8050D80
:1067D000F1001303FAFAFDF9F023ECFC00D7E4F220
:1067E000FDFCFD0706DBF8F8EDF503EF190D0BE3F3
:1067F000FCECF3D115EDFE0006FF13EC07E7F60FF6
:1068000007FB03FBF001F604F2F923100ABE16F7AA
:1068100005F6F2D8EDE7FCFDFDF9F9F1F9F9F8100C
:1068200008EF19131EDF13FFF8FA0BDCFFDD190365
:10683000EEF700F0FCF919E6FDBD141010DB0E03B5
:10684000F602010606FCFAFB03F50DFF09F608F354
:10685000F2E70F1D04290A07FD0000E0050DF90FFE
:10686000F40001FDDC02FB1C07C6E8FA2816F8005C
:106870000301F8C8080AFBFFFEFDFC080CE3F9174A
:10688000EBF7F618290AFEF5FE01F9C6141204EF1B
:10689000F702ECFEFE010F19FD040A114F18FBF47C
:1068A0000DF70AF0FE370705090302F1ECFD0DFEB6
:1068B000DADF0513DCFA010402FE030EFD19F11400
:1068C0000209F21BE8FC19CDF5EEDA0712E6E5073E
:1068D0000302FFF900F1FCEAF801F8FD0803EAEF12
:1068E000021BFD0528FB00F0F6050907FA06F7E094
:1068F0000204FEF613EAF31AFF2607DF33192AF41F
:10690000F10D0900FD03F4FB071EEA12FA00D82777
:10691000F22A13C30CFCF5F7030A07FFF61CFCF27E
:10692000F7FEFEFF0AFF0707F0090201ED0F090855
:10693000060800FD001E02FB01F2FEF2FC03F7FE5A
:10694000EA0AEA001E030108FC0BFAF5F8F308F85E
:1069500009F9F60701F8E2EAEF0BE10605FB050984
:10696000FD04F31000E2FFFBFC07F7FD0302F8193A
:106970000004F8FE101BFD07FAF9F4FDFA0906FE03
:10698000FCF4F8040F03FBF8FA09E7F70018FC0C15
:10699000FCF9F4ECFF0710F813FA080A08FEFAFAFB
:1069A000F6F4EA060CFF0402040603F704F80606F0
:1069B0000805FE0DEC0DFAF001F605EF01100CEFE5
:1069C00001FFFF10010BFA0C0D0E02FAF302011782
:1069D000050EF4FE02F6F9FC01FC05FDF82603EBBA
:1069E000FD01FCFCFC0A1AE5FBF9A9031817F60ED9
:1069F00003FFFCF6060A0704FA1605E90D0DFDEC87
:106A0000F8F1EFFE0819F4000106FD0C0007070479
:106A1000FC0501F1F4F9F5140D05180A05F90C024D
:106A2000FA05FA00FB06030B090007000C1703FB2D
:106A3000EDF60AF808F508080000010DFC1303EB59
:106A4000F105FDEB1B0B12D3FF0DCDF733E809F970
:106A5000F709FCF9FEE00C0C0AFDF8F80005F3E676
:106A600003FC1AE0100012F400050ADA00F103102A
:106A7000FBFBFC040102E90D1DF12CD204031204FE
:106A80000502FFEE01F304FFFBFF03F2FA07021118
:106A900004F3231619F5FD07FC0510F40917FA0392
:106AA000FDFEFFEE0C09F00BFCEBE90BFCECFBFD33
:106AB000F9F4FBD20923F2E7E0F308EB0501190B27
:106AC000F6EBEC271DDF03FD0DFB0BEDFC15FEE8DF
:106AD000FBFBF9FFFC11F202E811F017FB00010AC1
:106AE0000DFA0618FB02FAE5080101F50602E71D9A
:106AF0000100F60EFBD301F9F9FD01E6F91EFEF3E4
:106B0000E402FDF3100107F504DCD3131822E601BB
:106B1000F7F201D5002BE9F4EDF9EFFF15FD08FFC1
:106B2000F9CEF91B161B0A0008010B01F5EA04F265
:106B3000F600F204F70401E9E6090B07F6FA230868
:106B40000108FF2608E3F8ED06F301F1020FF71242
:106B5000F82AE2E600E7090B05F70008F00CEDDE85
:106B6000ECF4FCE3270A0FDE02FABC0EFE02F90485
:106B700002F4F6FC08F104EF030DFDF1FFFA02EF59
:106B800002E1FE091B050A07FF0A06E4F90303FCFC
:106B90000C0A01FFEE03070CE1110EF1070B06FDD5
:106BA000020202FFF811F7FF08FC040BFD031107B6
:106BB00008E1D3E9F6EF08030D00072101E9F5012B
:106BC00001FA02EA110DFCE30609FF07DFF4F605FE
:106BD000F7040D0107F8FC200F01FBFBFEFBFDFD98
:106BE00010050AF2130AFEF5F909FFE0F70B02F8A7
:106BF000F811FCF8FCFF02FB06FD12F311FF04FF85
:106C00000DFAFDEA031CFA00F70002F5FC02F9FD9B
:106C100008EA0C07EE07FD0005FCFFEE001702096D
:106C2000F8FA0AFDF7040114F1EB0410F635F6FB4F
:106C3000FB090CF7FFF40318030C090CE6EED30A6A
:106C4000EEF71B060C4AF4F60409FD0A04ED13FDE9
:106C5000140C0924E4EED5FEF93011EAE9E80A063D
:106C6000F4FB0720FFD80CED0BF50A19EDF4090A27
:106C70002016CDEFF903FAF3FB02FFEEFE0401EB61
:106C8000F910F918FCF81305F2F6E605EF16EF0215
:106C90000110FEF000FA0EDC10FE0514FC08E008FE
:106CA000E0101A011AD709010409F415FE0C0306B5
:106CB000FF0A09FFF91115FAFBE31CF5FCEE0F01C1
:106CC00000FC010F010CFF0B09F70CE101012EE79D
:106CD00021D9EB01FEFCF811FDFF02FE07F9F1FDE1
:106CE000100200FAFEFA04F2FC05E70E0807F6F3BC
:106CF000F001FCF906FFFF17F807FFFCFA02F2FCAF
:106D000016E315FAF9EE13FD03F501E8F71FE6F9AE
:106D1000E60902FDFDFDEDFCF2DBF60114FF0006C5
:106D2000070200FD061B02F5E80AFBF5140F1FF62B
:106D3000DDD3EF20E0F5FF090A05F705F713FD089D
:106D4000FC0406FFFEFE03E501FA01F8DE01F9F19D
:106D5000F00101E6F9F40600F106FF02FAF5FE0083
:106D60000E0E07EF0606EB08F603FEF0F90DF60A25
:106D7000F0FCFC0115F8E1FEFDF6120C080CFFFC1E
:106D8000FCFA0902FDF906F8F903F9F103FFF7FA35
:106D9000FBEA051613EBE915000406FBFBE40219F8
:106DA0000A0E010AF402FBE40A042BFE1530F50773
:106DB00004F6FBF318FB001D31020814ECE6E9F5BC
:106DC0000EFAF6FB20091902FE01F8FD010000038E
:106DD00012EBFFFFEAF0DB06FE100BEEFD03F9FEFF
:106DE00008FE02F6FCEEF51CF3FEFFFCF4F9F900D8
:106DF000E9032EFCFB05F702F9ECEE0EFC11F5FAA7
:106E0000F50B01FFE9EB01CBF6CF080D150DE4F80A
:106E10000213FD15FC14F30FF0EE080F00F916E352
:106E2000CFDAD21D0731F8FB0303FF02F91AEF078F
:106E3000FC1101010212EAF7FE06EE02F111FFF663
:106E40000CF209EEFDFC0C18E8FB0611EAF114F94E
:106E50001FFB13F9F3DC03F50605FDE207DA061064
:106E6000EE1209FAF1F206F8FCE81AFD0EF000FC49
:106E7000FF0E01FF0015FD15E5F3F9F7F1FAD1D189
:106E80000A1914E900EC13060C0CFE2B0BE3F4FBBF
:106E900007F8F711FDFD05E5FA19010CCFE71C0213
:106EA00005F6F8F80CE1F7E30702FD1401F6F70622
:106EB000F502E7F8440EDD02F1060EC209D90D0312
:106EC00016FD040602E5F53FFFF753FE341F0B01E4
:106ED000090601EDF3E4FFE61EFE17FBE7E9EA3FD2
:106EE000F0232EF417141DEF0BF305CE071B001132
:106EF000FDFD1F05F701F5FC17F9EB0EDDECFD09B3
:106F0000FFF408FD0D15F31904F90AE8FEF916F36C
:106F100005CFCE053F030CF6F5FA07ECF9C81AFECB
:106F200009FA09F10C02F11D22103FE917F80C06CD
:106F300005060C1AFBE7FF05E7EE06E6FEF5E9217C
:106F4000FFF221EAF9D60107030303F701FFEC0181
:106F5000F802FCF105FAF5FF0EBFECFCFDD7F7EBEC
:106F60001304FC00FD06060AF0F7FD01F7F010031C
:106F7000220BE110F5110507FBE9F80D09EAF024F1
:106F8000FD010209FAEF0EF1FFD1FA01144AEF07F1
:106F900000060AFFF22C0123FF030C0FFAFFFE008C
:106FA000F30DE308EC48EEECFB06F71B07080FF6C1
:106FB000200BFB0C13FBEDF0F32B100EF22001F273
:106FC000FB14FDE9F6E7F719FE0EF11302EEDD03FF
:106FD000CC0B35F9FF06F0F1FD03F9E601E8FD15EC
:106FE000F402F20EFEECE53F12FD2F1C23ED01F939
:106FF000F1FD030D02CEFBF3FDF00EF9F8FAF81ED9
:10700000F5EA06F4E9D805FEF5170B0BFFCA03F401
:1070100014E40E02EAEA02EC071925EFC2F5F813B0
:10702000030311F30FFA000103FC0603F1FD09123B
:107030001203E6DD0603FCEBFF05FDFB04F10FF791
:10704000F9F50F19E9EDF122EFC7160619FBFB035D
:10705000F8FCF7F1FE000FFA1D0B0714F6F9D30C3C
:107060001FEAE60006FCF8FAFC00EFED0729FE1324
:10707000EE01011AE8070425FAF5EFFC16DB03011F
:1070800007E001E4F909FDF8F6FC03F8E6F8F5F18C
:10709000EFC6E1F80EF905F706FAEFE3071CF3E790
:1070A000DF0EFEE7F800FF11E9E40D03F010FC022B
:1070B0000707000605E90D04F90410FAF0FE0A1AA4
:1070C000FCF0DFFCC8CF0A11FC02FF2406E606062E
:1070D000F6F10DF8EC0F12FD130807EED1D1E6051D
:1070E000FDF9F832010AF9E7FEE9FDFEFF0B21F197
:1070F00027E4AEDE0C1D0609FE08F1D30205F1E41B
:107100000206FCF6FFFEF90DF8F5F7121DE709FB84
:10711000F401F8F2030C04EE03F7F606FCFEDEEAD7
:10712000FF0E09EF04B22505FD02FFF207F512F587
:10713000F0FBFED8F20C26F109CA07FBFEBA0101EA
:1071400012E90223031FFF01F6F8FEDB1C1625ECF3
:1071500019E4DAF4F2100201F60E0200000F0A0739
:1071600000FAFD05F1010717F3FAF5F8270DFF0BFB
:10717000FF08FFDAFBFDF606030AFB1005F7DBF05C
:10718000101134EA180125FE09F0F9F202190C0D6C
:10719000F3F9F9E8F50102ECF104FD012403F9F833
:1071A00003DFF6FCFC17F611E6F1F4D808FA0CD56B
:1071B000FCDEF4F619F8F608030C081EFF0DF212B7
:1071C000F2FA08FD000800EB10110909E70B040BA7
:1071D000FD09FFE501EE0011E80EF8FE09F8DB23DA
:1071E000200F30ED0F260BFC0808FAEB0D1D07EE03
:1071F000F6F900FEF7FAF80A0426E1F6070FF107A0
:107200000B0D021DFDF20A111105FA060E06E80D1E
:10721000FC1CF5D82315FFFFF9FD0ADAFC23F50A5B
:10722000EF0AFFE7E9F0FB13DCD9D61E4956E4F17B
:10723000FF0801EBFE0CFC160518FCFDDBF9CFF88E
:10724000E7FBEB053E1B0501F60906F5FE060612F7
:1072500013F51417F4F9D110EFF0E2F8F6C908EAC3
:10726000FB0107F9FEDF00FBF6ECF0F7EEEDDB1BB0
:1072700010F7EEF3EBDEFF0BFFFAFFFCF7F003EC89
:107280001C06F6FFF5F1E9D2DE0FE201F5C7E0F7E3
:10729000F71500EF09F409100F020001FE04D3E80E
:1072A000D3102EEE06F00205F4FFFB19F30D0021BA
:1072B000F4080C04F7F500D61DE00FE3F8D6FA0E3B
:1072C00007020114FCE5FDE1FFE511DDFFF22EF5FB
:1072D00026D7D90AECE9FAFFF60A0800FBD60BF923
:1072E000060002EB1AF1F3E608230AE7EFF0FAF9D9
:1072F000FCFFFEE005EBFD01F50D0FE3EF0AE5F401
:107300001AD536CDE40A11FC02F70329FD0DF70466
:10731000E1FDF0F7F1F8F0F2F5E4F5E706F9FE012A
:10732000FFEBF400F700EFD2DDF9F5E4170F1CE1F5
:10733000FFD5F94202EDF1FC04F0FBFCF603191253
:10734000230902FF1105F8FFF6EB32FC0603ED04FA
:10735000080001F8F6F202F309EC05F9EFFBE42767
:10736000EB0A25E505F41602FAFB0AEBFA08FBF72F
:10737000F3FFF6060D1217E7F1EFC90D0109F1F55C
:10738000FBE70E3D02F2FEE602FFFEE815EE19E90C
:10739000E803E008F8E3FFF9FAF4FB1401F4F9F765
:1073A0000F1302070002FCE20A0203E500040507CE
:1073B000000C040C02FC0B11F7F403EEFA0304EDCD
:1073C000FFF2FCFA2CECFDFE020301D1FC0C02F8EA
:1073D000FAEFFDFA07F9EFE0DFCBFC0D110F22EC1D
:1073E000030404D806170410FB0DF706FBE7EC07AF
:1073F000F4FC1305DE010EF6040907130CEAF6107F
:10740000EF0511EEFBF506FD11F317F90504EAFC93
:10741000F902030EF815F512050605FE0DEF15EA43
:1074200011EEE3040030F2FAFE0B05F40B28FA111A
:107430000A0EF025F405C6FAEB2AF51D1D350B14CE
:10744000FC15FDE303F603280F09F23EE8F5BD0F36
:10745000E31F20E314F60300FF02FEEC09E304FC43
:1074600001EFF8F3060B1C2A121303F0F0050C06CB
:107470000F130B10F201F8F60903F8E7F7FC1023DD
:10748000F7FCF5F7EB0DEB0AFE0F04180BCE10F529
:1074900033FF0313E702F1F50627FA00DFF5030FC8
:1074A0000504F1F8FDEE0B00FBF00719EF120706DB
:1074B000240BC0DF1B1FFFF003FCF60906ECFBE703
:1074C00001F10D060501E910F7FBFC013B040E0874
:1074D000F2120502090500171FF405E9FFEAD60BB1
:1074E000FFFD00F00EED0FF4090BFDE90224004151
:1074F000F00111F5DF090D122DD91BD416E209FA9E
:10750000FAF0F9F9F61BFEFDEDF8FCD9F30402F8E8
:1075100010BCE61AFBDF12FEF30406F3FFF1F9F0EC
:10752000F003F8E80AFB1104F501D61705F9020487
:10753000FC03FEFA072403F8020101E9080400FD38
:10754000F8F4FF01FD0DFD01011504F80F15FC080D
:1075500007FEF6EF090BF2EEF2F6F9FA18D91A0265
:1075600004F9F0F7000D0501FD08FE10F0ED03E948
:10757000F9FD0C14EA111C0303FDF90E060A0BECCD
:10758000060EEB0606F7FFFF08FFE30EF521F6FFF8
:10759000FCFDF90CFFF006F91308F2060B0905FAD9
:1075A000FAF9EEEF05040101FD03F8EBEEFD07F536
:1075B000FA0A02010A1600F50EFFFDFAF803FE0BA7
:1075C000FE05F2F3EB16EBFF0F0207F701FC0FFAD3
:1075D000F2FC060D00F212FA01F108F801FF05F6BF
:1075E0000B040C00FCFA21FEFA02F309F7FCF1FC93
:1075F00011050E13FD0202FCF902F4F8F001FFF48C
:10760000F9F4E8F1D8FCF010FC0202090705020CBD
:10761000F4FAF6EC0307FD0007FFEB02F7ECFC0EB3
:107620000700FF10FEFF0B05FA07F1FBFBFC05034B
:10763000FC09EA14DF170DFBFD0305EAF0F306F081
:10764000EB0800F0F4F7FFEFFBF9EE04E7010205A9
:10765000FBFC080BFD0A0EF0F3F205E30208FFE362
:10766000F20CE601F4050100F005080B0ADC00034A
:10767000F1FBFEF1061906FA1303FA07F2FD040402
:10768000000701FA01ED09FFFAFA0EFDFD1118F9E4
:1076900016F5ECFBD808FBFC0AFCFBFA022BFE00FB
:1076A0000705FB09E80724F1DFEEE910F321FF0EDF
:1076B00001FEFB06FB0502F30312F607FC0323E9B8
:1076C000D7F3DE101D200A06010B070309E90EE6B9
:1076D000FD0D070AF311100311DAEEE7E8C71005F4
:1076E000FFFBFB07F3010DF302000303FC14050984
:1076F00001ECE6CC0ACB03F80A07F1FDF7FFFFF631
:10770000000905F809050723EE24E708DCCB00EBA8
:10771000FF0E040402E80C0121F5FEF8F1F2D3F2A9
:10772000143019F6FE060D06030503FAFDF9050AE5
:10773000FE0206E4E40C18F011E2E4EF1622F30670
:10774000F302FCF2F51BFE0FFB0607E52AFC38EC02
:107750002BDE02F20316F1080708FAFBF422180BDD
:1077600015F903F4F3FDF70FEDF6E8FD1CFF04FB3C
:10777000040B00DC05190A0AFB06FBF6F7FE0D09EF
:10778000170603031BF4F705F5F9FFFE031AF70EBE
:10779000D6F603F9EAFEEEF90906F2EB23F5F1005D
:1077A000FD03FE08F8F40FF7EB06F4EA1FF706BC3A
:1077B000EE13363109FAFB03F903020BFC2C051A10
:1077C0000302FF050B1702E70300E80B01F10B0EA4
:1077D000FD030AF609120A08F9FFF9F0F7000FE9AC
:1077E000E60A1BF302F007060CFD05FC03D1F8FEC8
:1077F000FD05FDF517090CEB072DF2F21714140621
:10780000FA01FC3E0BE602051811060DFDF5FC1D04
:10781000014B16DAE2D8FAFCFFF6F7FE030201F696
:10782000F8F504E3FCFC0CF5E9FF0001FBF8F206B7
:10783000F4F8FE1504F8F70D02F7F9E0220305E964
:10784000FF05050E00C7EB0E04FBFFFAFF0B01F16D
:10785000E60101DC1B1306030ED9F91B07DC0B0143
:1078600005F3FEF006F6FAF8F103FEE91301F00D58
:10787000E9E60815FA030FF0F1F906F002EDFBF660
:10788000F6F5FDF9EE040DD900E3110AFB0505FB41
:107890000CFC0AF9FF19F4EDF104FEF7FBFE12FDF2
:1078A000EFD5F31E0D4C020500F702E10B04F70BB8
:1078B00001F9FCFA14FDEBF707EBE8041318F9FFE4
:1078C0000EF1FEDDFEF0F5E6FC07F6FCF6F11133F5
:1078D000F20DE628F50600F903F104F903FCEDFCCE
:1078E000F7FCF5FBF6F611FCFBE6E10BEF12FE03ED
:1078F000FEFBFB07083100FCEA04FB02F80F1E0B3D
:1079000009E8E0FE0E00F302EEFEFDF103E8EF05EC
:10791000F70CF00F05FF04F0F9F3100211FE13F657
:10792000F0F500FFE81104FB0509FB0BF2F50D0E65
:10793000F9ED1BFEFBFCFC0BFE02FBE9FD0BF50069
:10794000FCF9FF04FA0408F108FAEEFBF7F301066C
:10795000FBFA081A0217F811E708F7F812FD0AFEF9
:10796000050810FAFC11EEF6FC0D050EF4F8F614FD
:10797000F704F9F60CF703F5072B3421100F02FF7B
:107980000109F4F3FCF3F3FAFE04F8FBFB0BF80730
:10799000100D24E916FEFE0203F400F105E107F5DF
:1079A0000303F7F903FCFF0004F1DF0AEEE40E0124
:1079B00011F5F80B020EFCE8FD03061204FE0B0C99
:1079C000F6FCC50DEAFC0403070C0F0C000CF7F7DE
:1079D0000604F805FB0CF63003FFF10D073FEA053E
:1079E000F9FF0807FAFCFB140504F21BFFFCFE0E6E
:1079F000F81826F80320080C030401EDFBFD1BFE1C
:107A00000808FCF80907060FFAE8E6060B1811FB50
:107A100003F5FDF3081A02EAF707F1F2F9060F1E63
:107A2000EFEEDE0701EF01FB0CFE040707FE050683
:107A300002F2F3FD0C1B11E7F00524F6EDF7F6FD5D
:107A400001F9FD1EF7060601FAF80117F80E0D0CF4
:107A5000E9FC151009040CFA03FA03EC03F7FF0123
:107A6000FC06FAFE051610ED00E7DD180BF50B021B
:107A7000F5010E0507190B06F4FD07FAF412F3F4ED
:107A8000F8E6F10405ECF80302F502E7F7080CEA62
:107A9000F90405F001FEFDEB0DDA1909F7ECFEF82B
:107AA0000A0E04FC0317EF04F0FD06F6FC0911F5BD
:107AB000F5EAE91CFC020DF7E8080113FCFEF901E8
:107AC000EB01F912171416F5050FF7FE1200FE046C
:107AD00006FAFE03F1090206FFFFF7EC0B0107FAB5
:107AE0002FF016F5FD090AF9FEFC0FEB001401F862
:107AF000FDFFF5DF0807F7FC3CD3200BF4EDF7FDA5
:107B00000AF908F9FAF9EEF2FBF8FDE7F2F116F4DA
:107B1000FCE0EC1DD7DB01FB09F1F50CFE0A05F5D5
:107B2000FE0DF209F50A14F2F506C7F8FF09FC0F7D
:107B3000F90AFCF704F90EEFFE0BFD000205FE1139
:107B40000407EB011C4003F8030D02CC021A09F6EE
:107B5000F50802FB0A00E6FECFFB0F0C0F1707FC2F
:107B6000060E06F0FF00071E0CFDFE08FFF0D5E034
:107B7000D81055EFFDCC020405FC0318F7F70A05F1
:107B8000FBF303F1F8FD0104FE20EFF3F413FAF820
:107B90000207F60001F612FF1F0203F50009F511B6
:107BA000060CEAEFFE110200F510FFEBFFED080DE9
:107BB00017FFF232F3FBF11A03060CE50C3106F560
:107BC000001003EEFAF8F80A14060C36F004E1ECA3
:107BD000E60738FC03FDFBEF0D020705EF0DFCEE99
:107BE00005F70601F5FF15F902F5F9F8D609F700D2
:107BF000F306F9F906050510F20B03F1FA06E5EDB7
:107C0000F4FAD5E8EC0FECFFF703080DF7EF0B0DD6
:107C100016030CFB03010504060600030EE8FF052E
:107C200003FB030C03D808F4FBFD04F600FAFB0881
:107C30000A02F3E81A0AFF01FAF4FC0D0207FEF348
:107C40000FFD03F8FAF5FFF3FA0DE5F72BE8FB0457
:107C5000FD1A080AFDFA100305F801E60D03DBED35
:107C6000F7FBFDF40AFB0EF3FE00FCEC06F8080B34
:107C7000FFFF0505EB0104FA38E8ECF009F6F9FF1F
:107C80000AFE0AF6FBF202F9F4F112FB01FE2400EF
:107C900012F7D1FF0DF0FF03070D020CFEFFF3F604
:107CA000F3FE0B08EEFA04E8FFF107F901DE0D031D
:107CB0000007051701F2F9F2FFEDF8FA0A00F4FDEA
:107CC00007F3F3EDC6D2FB0BFDFC07F5FFEEF8F66C
:107CD00001F6FAE90AFA2711FEE304F5FFFC06F9BA
:107CE0000600FB00021F0C18F70BF7FD0AFA09F754
:107CF000F3FC02FB0D0A090512FA09FEFC04FEF76B
:107D0000F40207F1F80410210605F2020717150323
:107D1000FFFEF709FEF9F80F06FB03F906FAE40E79
:107D20001F08F4ECF5F8020502FF03F7F8F8FB0969
:107D30000EEC00F6F9EA031AF905F6EF0DFFF1FF74
:107D40000604FDECFA0703ECF20202180505F9F04F
:107D5000E8F335F80B0905FC0802F90301010307F4
:107D6000FBFB000B000D01020C000DF60E08FA0ED5
:107D7000FD0F060BF6EF000610F5FB0B01EBEAE733
:107D800007271402F70108FD1006F5F007F3FBFCC6
:107D9000F201F60105F8EBEBF4140401E50800FB31
:107DA000FD0601F1FBE4020F00F2FCF6F606F7FA1D
:107DB000051C01ED0906F90D0910041106ECF6FF8A
:107DC0000DF9FF0EF9EF020BFDFE30F70016000370
:107DD000FE0402FAFA0C08FB150108FF09FFF60081
:107DE0000DE61C0DF5030A03FDF906E3FB0AF30794
:107DF00009F70617F4EF0AF2FEFEE811FF10F4048B
:107E0000FFFF05F4F8F4F8FA00F6F30EF004FCF5C1
:107E1000D714FD02170B170A0B0202F1F7F7FFEB5D
:107E2000F5F7FDFA2410012207F60E00D7FB13F632
:107E300003FBFA15FD0D0017FBFFFFFA0601FC140A
:107E4000F806FFE6E6BD0E02EEFC011506FE010097
:107E5000E2F203041B131BFB16DC0301F3E3F4053E
:107E600005FC050D020800F3050D0209070722E8CD
:107E7000E2FBF3EE2942010407FEFF04F8F2FA1FC9
:107E8000040EF21600040B1109120EFA22F518FF67
:107E900010FEF612FDF1FB00EBF50408F5FB1E15D4
:107EA000FB0C0FF2EB260FFC01FFFAE5FC0205F2DA
:107EB000E80108FF0D000A1013DE09FE101800F695
:107EC000F9FC01F20A1508100802021E0400E10A7A
:107ED000E306040F0119FD0DFFF7FBFAF703E9E1D3
:107EE000FD070510F4F7152407DC03161416FEF63B
:107EF00008FAFCF6FC33F90401F8FC08F603F0FF7D
:107F000000F6DF1B1EF7F4FF09F9F8F3FF01FE048A
:107F1000F600F2010800F4FCFEFCF7150FF602056E
:107F2000F80B11FB0307F301000B020101F302F24E
:107F3000F90E34E7E906FD05FF0605FBFF32F60101
:107F4000F606FE02F30B2FECF202D004F4E3F20289
:107F500002FFFAFF08F405F2E8FDF7EA050BEAE88C
:107F6000F7E5F7FEF70204F60A1A05F804E4FE0442
:107F7000100300F3F1F40105052206F51B0901FDCC
:107F8000011007F6F70202F20F06091CF9FB010DBA
:107F90000B3727F713FA03FC03FD060201F905125C
:107FA00008FF09FDF7000BEE00E81E01E3FAE70801
:107FB000F2EBF81DFC1BF5F70811FB06FF00DA16C3
:107FC000031C2AEEC7E0F2F5F600F007FCCEFEF83F
:107FD00005030E030C0FDD0C1514F5F5E9BADDFDF4
:107FE000040A011E0BEE05EBE4F4FCF70001D8FADD
:107FF000ED0AEE06040DFFF0FC0904D5031404207D
:10800000F000EEE6F3F2F9F8FDB527122DFE0003BD
:10801000ECF109180AF3FC05F202F2F212F7E11290
:10802000FBF30A1B11ED1BF00FF7F40501D6FEE47C
:108030001AFAF7F4FEFDF1E5F6E927DEDDA311F902
:10804000FCF9F61B0DD00008FF020C060405141CF9
:10805000F2FF18D607FD1004010006C204BEF3F1BA
:10806000E80A0A0B0400E619FFEE05EFE616180B06
:10807000020405FA02E70B1D0BEE0D1FE6E7F011F7
:10808000F8FF01FD14F718F4FF0F02ED0CE6F7E21C
:10809000F3140610161B0608F811E8FFF2FB02F5B0
:1080A000FB00FBF4F914FE02050B00DCE6F90D23DE
:1080B000F3F8FD08FE14F2E8F70900080BDEFE1ED7
:1080C0000409F814FE01D72B221B05EE0124F3FB53
:1080D00007F301E0F507F80CF50C09150109F9366D
:1080E0003DF426FCFD0D09F5FC0EFFEFF3FF060A3B
:1080F000FF050AF70BECEB0F4C3323F5012403FDCE
:10810000FC01FCFFFF08041E0C04F4FAFAF4051746
:10811000323A1BCCDBFCFE02FC09FAEEFD1F090C17
:10812000F7070303F5081A0800F4FE12042EF6FF01
:10813000F60F0B00FB08FDF9F4110D1CE7FEECF245
:10814000EFFCF6FA1709FBFDF11308F002F90B0634
:108150000703F907F100F908FA09FDF7F3E80B0B3B
:108160000102021405F0FBF700FC0603F601F1160C
:10817000F30CF9F4EBD102FF07FE090803FEFCF54E
:108180000509060807FCFEE8EE0CF2040AB0020B33
:10819000FB0AFF0A01EB07E718FDFF040FFCE5EA05
:1081A000EC2AFFED0EE41106060AFB0500160B1182
:1081B000FC030AFAEB08030314E3FAF30C1DFDFEBB
:1081C00001F4FA0F0709FE0D05F509FF0205090084
:1081D00024EBFDE70AFDF8010305F71004E00314A2
:1081E00022050CE70BF7E807062CFAFFE10B040564
:1081F000F8050707FB03020F2100FB02F702FDEF62
:10820000131C01EEEA13FD06F9F7FB000017F81343
:10821000F6F70200EC02F9F312EA09F708F9F9F6A9
:10822000F401FF06F6FB0C00F8F2FC08060000DA89
:10823000FBE90127F30FFCFD01F807F4041E0DEE26
:1082400003F913F9F10CEB05F8EAFEF5D8FD0AEF96
:10825000FDF503E6FB0702F904FE0F0BEB0A14FD24
:10826000E3F1E500EC02F010F807FD1AFFFDFF0155
:1082700001FB0302040300EDE2D6F1F6E0F8E6FDAF
:1082800002FB0B110208FBEDFC04FBF20C020EEAF0
:10829000CD01FA1912FAFFFE00FE02FE00FCFE02FA
:1082A000FEFAFFFA04FE0303FDFF02FFFDFDFB04DF
:1082B000FE0102FB00FFFF020100FE0604FF02FBBD
:1082C000FAFFFE04F4FE01FC02030502FFF7FC01C5
:1082D00005FF02050103FF00FE01FE00FAFF03FF98
:1082E00001040002FD0000FD0408FA0200FCF8038E
:1082F000FCFDFFFBF9F3040204FBFEFE0001FE019E
:10830000FF0401040301FCFEFFFE010108F4F4FF79
:10831000FDFCFE00FDFE010001FEFE02FFFEFCFE74
:1083200001FBFEFC03FAFE04FFF7FFFFFEFCFE0369
:1083300001030302FEFEFC00FCFF04FF0007FF0434
:10834000FC0401F900FD0103FA0202FF04F902FD39
:1083500002FCFE000800FBFFFF0006FCFFFCFD0125
:1083600000FB01FAFD01FC03FFFFFA01F0FDFD0037
:1083700004FFFCFDFDFD03FAFD03F7FC0003030011
:1083800000020400F600000001FDFCFD040302FFF2
:1083900001FCFC05FD00FF00FBF8FCFE04030403E8
:1083A000F902FF02FD020306FE010306F700FEFFCD
:1083B000FAFB03FBF809FC00FF02FF0101FFF9FED5
:1083C000020200FAFAFDFE0303FEFB0003000202B4
:1083D000FBFD0105040300FF000106FF00FD05FE93
:1083E00000FF0301F804FFFAFE04FCFE00FD00019B
:1083F000FEFC0203FBFCFF05FE04FFFA03FEFBFC90
:1084000005000300FC00F701020302FAFE0000FF72
:10841000FEFFFAFFCD02F5FFFC080C14FCF211FD83
:108420001504F315F408F6E90E1A0DE7E8E4EF0B6E
:108430000802080401F1FA111EFF1011F906F217E3
:10844000FB262BFE1D350C11F906FA0AF1EF01E7A8
:1084500003E4FDF903FEF4FC0426FCED0003FDFA41
:1084600007000AFB080AEEEDFBFB00EF0D100E0BF8
:108470000AF6E5FD06B90DEBF2F60003030500016F
:10848000EFFB1DFAF20B1C09FCFA17F6F8F20DFAD5
:1084900004F404FA09FFFEFEF8000811000C1212A1
:1084A00007D5E201EFE6FF0508F60113F60EFBDD46
:1084B00006FA1313F6F50F0700EEF926ED0A0D0D77
:1084C000F404FCF1FEFD00F1000E040F070CDE11B8
:1084D000060AFBF40E02F30B07F905F60F11F80577
:1084E000F0F5FC060606F803E8EE170515FA17FF87
:1084F00000070DEFFEF8F7F105F8FCFF0B09081671
:10850000F402CC2F0AFF05F6010907E4F1FC11FF84
:10851000080904EA16FDF12AFCFAF00C1B0FFDFD18
:10852000FDFCF4FFF8FF09FA04FA0B02FBEDEEFE86
:108530001F0413F5C40EFEFC0D00EFDD0117FAED6C
:108540000BFC0009F1FB1211F0C9E6F6D807060A88
:108550000DF310EA0805FEF10906F527050C1AD6F9
:10856000E5E7C41EEFF9DE02F3FA070EF5F500ECBD
:1085700018F8F00A05F3FA0FCFE4F30E14F4EEF452
:1085800002FDF6F2F2F007EC07F2FB2301FBF0ED3F
:10859000DBF4231200BB0E0AF302FBFCFACB07E06C
:1085A000E50505E505011BF60800F705D9C70AF63C
:1085B00000E7030605EF16D5CF0801EA021B330ECC
:1085C00011E2FCE6BABEFA15F900F619F8EAFCF772
:1085D000D8000CF1061F16051FD5F9F0F8DBD6FA06
:1085E000FDF00E02071506F8FEF905F316150DDA73
:1085F00014D9E3F402F409090EF5F8FA01020DF7B3
:10860000FBFDFCF9FCF81A3F11000102FEF20DF22D
:10861000FAFE01F007EA05F6F7F4FCF713FCF82080
:108620004416F6F5F0CB0704F8F7F9EE01F006CEA4
:10863000F7ECF8E6F8F0110A01F1DEF2F1CEFFFCFA
:10864000F1FA00F6FD05FEF6E8FE07F001F7FCD5AD
:108650000D01DCED1802FB0D100BF80C0013FF0FE1
:10866000E80F142AF90BF20308F0EEEF1606EF0BF1
:10867000F21112FDFD000FF72EF6F3190C01E7F2CF
:108680000D1B0101FD0013F20104F80D12E4090BAA
:108690002004F3F5FCFA0E07FB2CF2EBDE18E5FFE5
:1086A0000909080D0E0B03071EFC04ED16F7EEE199
:1086B0000A3F33D80CF6FEF6F1080706120417201D
:1086C00007FF0504EE09FFF60BF62DFE070800FD77
:1086D000000317EAFE03F3FD0AEE09F3FF01140796
:1086E000EAEE1F0DD8F3F6FBFFFCFE0DFFFE06E3DE
:1086F0000CF50213F3F50BF2D0FAD21404F6FAF5E6
:108700000715FF1700F9080A15F71221F70302F2FF
:10871000E2190C01FD0B04FFFBF903F80B2E030813
:10872000F4FF02F5000E0709FFE2E30520F109015D
:1087300005FE00E7FF26F801EA04FEFC030E05092A
:10874000F8F9F01833FE04000406F6F20003F2EB29
:108750000000F301000902FCFFECE10C04FC09023B
:10876000040A061E020601FF130903F40B05041F89
:108770000208FE05F223F003FDFF0BF6081604EADB
:10878000FEFD04F2050E09E3FDE8BD022728F80A04
:10879000ECF6F5D5001901E90605FEF7120C09E51E
:1087A000F8E3FE050DEC07000007FBF201050908E0
:1087B000FB09FCF3ECF0F901FFFFF5FA0D10150CC5
:1087C0000404001F0B07FD0A08FE04EA0D19001639
:1087D0001106DBDCF5E602FB0302FF1A050BF700CE
:1087E0001AFDF2EA1F1BFFC0002DD002F60BF100AC
:1087F0000AFFFE0C03E90D041501F603FB04FAEF72
:10880000000E04E8160FED01010D06E2FE1F04192B
:10881000FB0504FAF506F5F5F6FF02FD130D08FE5B
:108820000FF6FC0F0A14FA04FA00F9FBFA0F04F32E
:1088300008DAFDF5F2F2120903FE031F00F403FF4C
:10884000FFFE05D80DFCFDF5021B00F2DF01F2FC76
:1088500006FD06080DFFFE0406F8F70514FCE7F711
:10886000F9220EDFF20BFF03FF0611FC05F2FEFBFF
:10887000F8FE030705140502F4F6EAF509070AFBFA
:1088800000F8FE0B0312F60CFCF709F30906F1F2EF
:1088900013F6031ED8191CF9FDFE02FDFFF20CEFC2
:1088A0000505FEFCFBFB11F2F608D0F9ECE70A1017
:1088B00001FC040C000AF3E30EFA02FE100D1AF19B
:1088C000F7F8DD04F1D70304F90204DD05F303E74B
:1088D000F50200EE13F70100F1EC11070631F6FF87
:1088E000FE0C02F10A1D001F1907F61DFE04DFDE53
:1088F000F61B43070CE90BF90509F2FBFFFB0BFC28
:10890000FDFBFB04160101FD0512F300ECFB070063
:108910000703050C01F70B0109060FF20AFB1410FF
:108920000A0CDBFAE711070401070900FFFE090F33
:1089300015F5FB0E0408F20D080A07FFF823FD09E0
:10894000FC0C09E90609080D04FD0D22F2FFED01FA
:10895000ECF4330D05070AFDF5FB07F9FF180900D4
:1089600011FD02FBF6FE160D02E10813F20D0CFFDD
:108970000BFD0D0BFC1A0002F70D03E6F80500F1E4
:10898000F0F3EFF9FFF4F108F9FD0209EDF003044B
:10899000F0F707EF180D03F7FFF90318E8F404FBED
:1089A000FB0BFEFC00DEFDF2FD070AF4F508F00506
:1089B00002FCEC060F0902FEF70504FEFE01F800BA
:1089C000FFFA0504FFFF06EBF309010223020BFB8C
:1089D000000BFE0000010605040AFEF205FAF1DABA
:1089E000F7F30BFB17FE09FBFD01FA1207FBFB1B5C
:1089F00005FD0DF2F5FD00F51BFDF515E8FDF00296
:108A0000FEF903F4F7DE08F90DFC09FA04F710F497
:108A100015E8DA000D26F5F802041405F823F6EA45
:108A2000FBF9FF16020FF120F5E6F91036F00D05FF
:108A30000202010BF50C15F9FD050A210001DCFC11
:108A4000F00AF4FBE8DD0A0FF704081A08010EF239
:108A50001F0012FBFBFDFDF40A09DBF3030302090F
:108A6000F30405F1FCE9F8FBF0F804DE110B24EE49
:108A700016FFDCDC0F040C0C09F900F6F01005F40D
:108A80000A070CFC120EE007FD26ED02F60511F9AF
:108A90000208F8F7F5EF03E90FFE01F3FDEAF2FA39
:108AA000F213F402EBEE140F03FD06FA10FE0EFEB5
:108AB00001F4F0E3F40605F1FEF0EA03FFF8080321
:108AC0001006FAF6FD09030F030801040416FAFA6A
:108AD000100701FC0701F109FFF6051BFA110EE76B
:108AE00007F40505F7060CF3F711E0163304EB085D
:108AF000F609FDF3FA1901E7110CF40704050E233A
:108B0000EC01E70A030CE70C02F803F1FB1209057C
:108B10001FFAFEF8F4F6F20AF704E4150704FB1056
:108B2000FD0B010301E00CFA020BFDF7FBF8070156
:108B30000008FBDFE6EE0807010E08060316F3EA5D
:108B4000FB11FFF003120ED10AEAC60204DDF0F7B2
:108B5000FB08F71DEE05000D100303F31007FADF05
:108B600001F9BDFF31FD090FFA06EA120502010104
:108B70001C0000F42205F1F6F014E8E91600211CAF
:108B8000030202FDFB1007E70C0EFC07E606E31BE1
:108B9000133FEBBBF9C90B0DFAFD01F3FEFBFDF72B
:108BA000FC0204E5100223E4F9E3C2020CBC0AFC57
:108BB0000EF100F90213FFE6FBFFF8EF050421FFB9
:108BC000F5E5CF09010F08F612FBFFEEFB20F40BD1
:108BD0000500FBF1170A1B15E0F10F100121F8FD4C
:108BE00001FDF2F6FF12FC110602F6F80805E0039B
:108BF000C30A360BEAFC09000AFD02F70CF5FFF97F
:108C0000FC0CFFE7F6FA0AEC05F5DE05240607FA88
:108C1000FEFC08110506F6F0001602E319FE14FD2D
:108C20001516EE1A0608F10600FF0503F8F006FF18
:108C3000F901FAF80904EB02FBF900FC14C5F90B81
:108C400002FEFAF00CD7FBEEFAFAEE060501090D6A
:108C5000F6FF1608FBEA05050102FB11FDF7FEFE13
:108C6000030707040A0AF5F7061FF402CBF103070E
:108C7000F401FCFD08E8FC05F90DEEE9EFF1170041
:108C80000D1229F2E311F608FEFC0114FAEF03FDC0
:108C9000F7FCFF0D1002F3FF08F1EAEAE3FAF5F939
:108CA000FCF9FAEEF4EB05E9FFF8FDEBFF03111513
:108CB00019FCEF320DFC0500FBFE09F7FEF3091667
:108CC0000BFC03FC0203FF1502FE0E04F0FD15F978
:108CD00008EDFB0DFF0DFDFAFBF9090203091B2945
:108CE000010A17FBF701F804FF03FD1F0AFB00F957
:108CF000F505050D0FFD0CFAFC09F218E5E904076E
:108D00000400F409FEE0FB05EBFB02F807010BFD94
:108D10000208F8E4012C05FF02FBF3EAF605FA0766
:108D20000CF70008000F100CFB03EB14FE0B0FF9FF
:108D300001F9FAEEF70402F1F403F909FE0411094E
:108D40001005F5FCDCF808F700FF010FF7FE0EF246
:108D5000EA000016EC0707031104FAF8DEDAECF873
:108D6000FFF50517F9F5FEF005EDFF03FF02F8FF2B
:108D700013EADFF5F7190609000E08F5FAFEFCF311
:108D8000FD0105EF0E080C0DED0ED604FCCB14F31F
:108D900001F8F2F5FE0800FAFD03F8F41120F6FDE3
:108DA000F7FAF7E9F8CA0F0BFFF0F01FFDE605FC34
:108DB000F8FD10EBFF002002FED7F804E5BCFD0D26
:108DC00001FA0933FC0603E7F3F609DC1D1826F95E
:108DD00003DBD41306F7FE04FB0C000E0309FCFBB7
:108DE0000400F7F20E08FFED05FEEF0008021B0479
:108DF00008F901E3FDE60302E1FAFA0A0E04E1F2E2
:108E000024E81F0600F81FFA09F2F9FE0C0F09FB0F
:108E1000E5F1FFDBFAF100F5FCE905EEFD0FF0F5F9
:108E200006F100FC0527FB0100FCF9E1250910E132
:108E300015DBE4F6E7EFF80400FBFB1706F8060D78
:108E40000103F9FB0B08EAFB0B0622EFFC04FEFF13
:108E5000FBF5FF05FADF0707E5F6050200F8ED165A
:108E600006011204EA010BFE04F70907001301E9E9
:108E7000F6F80A01F5FF04FBEEE8E5FDF601E10F67
:108E800004F7F208FFF903EFF3FEF4002E0401FDEE
:108E9000FDE8E608F1D0030801F80607FE0CFDF135
:108EA000FAFFFDF303FD11FBF3F6D00F12F90A07E9
:108EB00002F5FEE3011BFEF20807FAFA0C0C0B1296
:108EC000E4EBDA192B1EF9FEFB05FCE9030E0405A1
:108ED0000802FB06F4F9DB00CE0F1318142AFCFC81
:108EE000FE11FDFEF701030E0EFC0011FDF8CFF799
:108EF000F10C450EF1EAF8040109F906FD0F0B0625
:108F0000FD0207FCFD0716E4090AD105FC16E20381
:108F1000F5FA08EFF41C03EE001302F2001007123A
:108F200005F6FAF70631FBF505FD0C0106E5010231
:108F300021080A15FDFE0702F80410FCF2200705BF
:108F4000F514032BFFE001FD0F07FC190C10F31AB9
:108F5000F2171BF4FFE4FBFC13F100150516EFE418
:108F600003FAEDED06160DF209FFE50CFEFFF60A19
:108F7000020509F303F10805020A09E0030200F201
:108F8000F7FAE7F1FDFCE607FF1307FF0A04020406
:108F90000302FCF3FA03FD03F808F21401F7050BD2
:108FA00007FDFFF1F80B05F508FA0BFAFC1B0DF9AC
:108FB00000E1E2EBE3F1F504090AFE0A01FA030914
:108FC000080009FD0110F4F5FE17F90111F2FEFD8C
:108FD000F50EFAF900EF090F06F5F9FD0600F9FEA6
:108FE000101907F506FB0FECFE10F5F80516FFFF4C
:108FF000EF07FCFFECF1F5120CED23EAEDF501FEB5
:1090000002FFF8EF07FDFAF6F2FDFDF903F70A0D8E
:109010001AEDF31FF30011FE09F7F6ED09EFFFFB60
:10902000090701F00801FEFD0CFE00F4FB18E80D35
:109030000305F813F2F2070D0FFEFC0403F2EDED49
:109040001629F2FA080E05FDF61D02010716F110A9
:1090500010E50F0FE901EA050E2F020504F609EFEE
:10906000FA10FFEEF70A0413FFFBFA16E7EAF2FE26
:109070001E1A0616FB000200F8F902FFF4090D00A3
:10908000FCF6F40CFBF2EEE8F0F000031813EA062D
:109090000E150012F71604F9F908021CF8F0250560
:1090A000D8DFE1FDFC1CFBF00812F50A0818F901F5
:1090B0000A00F226170FF0E3F0010AF0FD13FDFF9E
:1090C000F6F7F4EC0DFDF9090500020DDEE4EEEE15
:1090D000F2EB2615FAEC15F10CFE01F000EE001390
:1090E000030AFBF5FCE40201F5131903FBF3F2F4A8
:1090F00002F80318FE12FFFEEEF50311E716FECE8E
:10910000F0F2F6F9F6F501070800012B0BDF00EA93
:109110001BFFFBFC0612FAEAF418F7FEE2EA0BF575
:10912000F9EFFB0C02D8FAE7FD0B0807FF01F91075
:10913000EF12E902531005FE04F304DB02ED13F312
:10914000F701FEE013F7F142FCF220F01B111BF7D0
:10915000F20DFBE5041005F01308FFF0ECF50D101F
:10916000F4E702F4D9160C0CF70212E505F5FB0B37
:10917000F8F402F9FE111AEEFFFBD91FB7DCE10685
:10918000F5F0FFEE05E9F0F4FDF509E4F9FE2AEB50
:1091900011DDB819ED1CF20A0103FCDC043206FFF4
:1091A000000100F602030105D7E2D1170921F2FD03
:1091B000080902DF07FB0A09FB17FF15EC0BE0FCAF
:1091C000E71014F9FA2602F2060BF603F702F71B72
:1091D00004010311FDFDE1F50608220C0E1501FB4B
:1091E000F506FBFF05F3FF07040602F7F8E90002A6
:1091F0000B0218F8DAE0FF0606F904FBFB1006F391
:109200001201FE13100AF5DBF23CC701FDC2FCF8A7
:109210000213FFEF06E7FFFC04FD041B0100EFE073
:10922000F4080BE011E40912F3050202F909FA0946
:1092300003030F0A0800F7040EEA03E8F6E4100936
:1092400004F7091603F5070614F3FDFFE5F00C001B
:109250000B06F81402F4F500FA10001301E50AFFFA
:1092600019FB0BE507FDFCE5083F19FAE800EAFEEB
:10927000F5050E040E00F012F8030BF7E6F9E4030F
:1092800011033AD8F5100003F5FA0506F80E0801A7
:10929000FA06FD0BEFF2EAFE0DF501F8F8FC020606
:1092A000FFFBF60BFFFE08ECE7FDF2F207020710EA
:1092B00002FB00F8F8F8000605100312FEFC0C0E85
:1092C00007FF03FE0B0D0BE5FD07F4EE09F7FB07A7
:1092D00000F10C0504FEFEF5FE02000402FAF9F6A8
:1092E000FAFFF3E2150510F9F9FBFA04FDEF0801A6
:1092F000F4FBF10C09FDFF0BFDE91B020DF9FD0E5E
:1093000006F0FD1BFB020BF4F90804FFFFFAFD0059
:1093100001F8EAFBF9FBFE000004FAFAFE00FF0880
:1093200007F507050D01EB0B1BF023FC0AF705FB06
:10933000FCF5010306FFFE1DFFF10608FDF7FA0725
:1093400013FB15F8F9EB05FF02FA0A1908EDF9FD10
:10935000FBF70BFCFBF80CFA072209FB11DC0302FC
:109360000204FBFDFDF9FFF1F602FCF4080A17F414
:109370000B02ECEE111701F2FB05F8F605E60314FB
:1093800005F9010301FCEE0CF4FD37E9041619FDA3
:10939000FE01FE1A03F6F7EEE700F513EC000807EE
:1093A000EBF2ED05FF28110504FAFFEE0520FA05A2
:1093B000F20006F3040702140BF7F6130B2BF1026D
:1093C000F80505E8010AFE17FC000903FBFCFA0D8D
:1093D000EAFEFF0D081F0BFA02FD07DAFA09F5FE97
:1093E000EA020C15ECF6051AF0DD09134C16FE071F
:1093F0000604091BFD18000BFB030B17F008E6031E
:10940000FCFCE80606FA01F5FC0A010A0B0309F563
:1094100001FBFE060004EC050A0AE3030E07F7064B
:10942000FD16F7F0000AF90704FCFD05F4FFFEEB5A
:10943000010A15EA1E1807FD02FE08EA02080606E0
:10944000FFFCF31204050CF30502F0F308FF0DFB1B
:10945000020CFD15F70608F90004F1FA08F8FB06FE
:109460000AF6FCFCF90CF2FE0403070A00FB0005F7
:109470001BFD01FE0CFCF8EB0C17F807FCF2F906DB
:10948000F10604F5FCEDFAED0A060200EFF6200203
:109490000212F5FB10E901FFFBFEFA0AFBE107EB04
:1094A00001F803FD0A12FE1A1A1FF1F4EAA71103CC
:1094B000FEEAFFFF05FAFBE2E7F901F113FE220FD6
:1094C00017E6F2F505C010020EEFF919F62002ECCE
:1094D000E901FAFA121720180BE3FBFF0FD6F90087
:1094E00001F50AFBFD1104FCE9F8FCF31011140D61
:1094F00000DCFD09001204F9FBF5FB090012FC0772
:10950000FF01FE02FA15F7010AF0F50E0D360B0306
:109510000DECFCFB0DFEFC01FF03FEF312FD1D0430
:109520000F180F02F33B0101FCF3020501FC01F8E7
:109530000FF7F2E802051DFEF40121FA090EF9F316
:109540000F040000041F05FEFC07030A0C05ED0FC5
:109550000517FC0BFCF808FFFF02FEF6FAF9FDFF09
:10956000F1FC0201080BF3E6FBF40A12FBFDF50126
:109570000509FF060007FB0B050306070700FBF5BF
:10958000FE2001080EFD01FD0603FE03FB01F505AB
:10959000F3F3081008FF180604FD06FCEB05FBF9C1
:1095A0000BFC0203000C04100504FEFD04FEF7F2A0
:1095B000FDF4FA0EF1F815FEFA00F3FD050E01F5C3
:1095C000F8FDFEF8FFFA03F402E40015DF06F602E8
:1095D0000CFF00F5F4F9FCE5EEFE0401FB0516F5C1
:1095E00008E2FE18E4FA040407F8FF050C0400DCA6
:1095F0000DFF0E09090102FFDEFBEA1D08F605FA60
:1096000004FBFDFCFF09FAF40701FDFCFAFDF90279
:10961000E8FBE00C0813F7FDF205FBFC05020D105A
:1096200002F7EFF900EEFA0802E91B0110F4FD0061
:1096300005EAFC0B040300190EF5FC0DEA06031104
:10964000E9121D04ED07FA0108E7052907EB09F007
:109650000DFE0A0BFF11EFFE140813FAE2EFF416E9
:1096600003F6002008F110E1FBF307FB06F6241EC9
:109670001904C40EE31607F1FAF6FEF0FEFFF80433
:10968000F803050201F60BF405D0140706EBF3F915
:10969000F5F4FB070001F5FCE7F8FE14101405F9DA
:1096A000E8EAF516FBF0090314F8010B0FFC06EDD0
:1096B000080DFCE0050608F308E7DEE7F0EEF5012B
:1096C0000DFBFA111103020AECF110DB04F90FEEA5
:1096D00001ECDE00F3EF01080A0902F003D9F8ED0E
:1096E000EC1003F10E04FC0F03EF0A0DF20701FE6C
:1096F00000F408F606F1FDF2F8ED000815F603E6B1
:1097000009EC120629EB07ED10FBFBF10AFEEFF264
:10971000F8EA02F5F8F5FB07E7F6F700F805FB01B4
:1097200011060010021B0013041104F8F7020505CE
:10973000FFEAF505EB03030203050B0AFDE90EE85A
:10974000E3F8FB0900F9F013110BEAF60316F50430
:10975000040305120C2AF010EF0505FC09FCF617AE
:109760002B15DAEB06FC03F6FB05FBF3001704FCF4
:10977000FB0510031105F30C1A1D0CFCFE0C0AF975
:10978000000302F9F91105090100EDF6FDFCF3FAF9
:1097900012041A04E521F7FD011302EAF6FBFD129B
:1097A00015F70C03FCFB03FCFEFF08FE0539D7038D
:1097B000ED08FBFAF2E8012F0201130DE0EAEA04DA
:1097C000FF0A10F81C3300FCEC0CFE1E00F3F9F944
:1097D00005E80417F7E2E6190CFC12F802E004F1C0
:1097E000FFEF020C04EDFEE7FAF5070DFE08FD178A
:1097F0000AEF07F0E7F4FF030802080307F1F80F88
:1098000000FCFE00EA0211D8F1E703F1C9D5F30B21
:109810000000FD19F8080B0C18F4041E04080AEBEC
:10982000D6E205E70303F805FE0CF43E08FCFB0650
:1098300015FF0B200D0407ED08280901CD02F70ADA
:10984000FBF9FD0BFED5FDFBFEFB0C07FA031AE549
:109850001FFB1F14F1F004FD04FBFD11FCE00904E3
:10986000FE0DF5EA22FAEEFEED031A0BE3F10DF719
:1098700002FB0BFF01E2F200F7EB0CF3DFFFDA0370
:1098800018E623FBFCE02303FEFCFE0DF0E4F1E808
:10989000F2FAFCF5FCF125040500F30FF1E50D08E3
:1098A000FBF9030CF9FB02E706E410F00A12FE0DC7
:1098B00010D3D60326FDED09FC04FAF201DE0119EE
:1098C00007E4FE17F3EFCD28031347FCFC05000265
:1098D00000F506DEFD04EE0A0EFC15FAECFC092587
:1098E0000A0C0FFCEF120BFD01E7F8D70425F6F385
:1098F000F904FEFF030F0011E6BDE8FBEB05D6FE01
:1099000004FBFDFFFB0FF5E5EBF8FFE7100514EE98
:10991000F3D1F32CFCB6FCEEF406FFF90011F6FDD2
:10992000DEFFF4E5F30B10F6F1D80D0E1BEAF3079A
:109930000501070D0205F21CE5F7F6F41704FED049
:10994000F2EB11041FB2F302F7FC071008FFEBF073
:10995000FA0206EE220C15F6FDF20123F1E50E00E7
:10996000F2F612F209E204EBE20A0BC60610EC2151
:10997000EDD9E7160D15FDF406F8F2E702F0F4054F
:10998000F5F4FBF6000900F302D523EE0D1A13FFE0
:10999000FAF3080905F0FFE1DC0203D4EFEB0D1048
:1099A000F5F01D251B4B000D0BEA03CCFCF3F80B67
:1099B000EA04060E0FFB0C0818E4FC00242E13E743
:1099C000020305E2FEF2FFD80C0BEF0917F013407B
:1099D00003FDF022F4080DFC050005D7FEF7F0EFBB
:1099E000F00BFDFBF0E902E70DD8DE07FC14F50BE8
:1099F000F6F8F6FD03240107EE0AFA12FB201D0B10
:109A0000FBE6D60E1705EAF1FF01F9E6030702F4BB
:109A1000FA14F12003F304F8F506070016FF0DF31E
:109A2000020001F7F600FFF70B08F90A050011091B
:109A3000FF0A3313FDE3FDFA010005FD020AF801F8
:109A4000F603010C050E0FEFFF04DF0D10E9000B0C
:109A50000E001210FA1AEE0BDDFDF5E4FF0C09F111
:109A600006102AF2FFFBFEF7F50C0016F6F90C08BB
:109A7000EE0C01E91707E6F01F473F1118200B0411
:109A80000A0E0A1500D80A03FFFE0DFFF6F3F018C0
:109A90001B391BC3F828FBFFFF03FE050601080363
:109AA000FCFF011B06F8E122FB1010EADCF303FEC9
:109AB000F4010AFEF8EEFEEB0CFB001516FDE7299B
:109AC000F4220DF8C7E60001060A091201EB0604AC
:109AD0001EE7F91DF5ECDD0DFB300C040121F2FA57
:109AE000F7F90A1C04E809ED04F10614F7F7F91870
:109AF000081BF4F912F8050A05F207FDF9F6070448
:109B000001F5FA150A03001BFE04E5F4F405FEFB5B
:109B100003F908DFFF010FF012EFFC1205FB0A1A30
:109B2000FC08F0F004FB07F70A05FA1D00EA12E250
:109B300008FC1302E9FB03F804FE1DEEF7DD04FB4D
:109B400000F6040F030EF912FAFE0A05FE1E08FBCA
:109B5000080BE80DFEF5EF0F01F707FEFC160EE609
:109B6000ED020A0408051DD5F2C9C10BF70306046E
:109B700001F60AE20AF703FB0607FDF30F0FF2F8FE
:109B800008EEF120190805F300F6F6F50D26FF039F
:109B9000F9F509FA02FBEA07F0FF1C070006F2FCE0
:109BA000FF040107FE22FB14FC0AFCE60E0202F58C
:109BB000F4F507F4D5E80704FA13FF090312ECF1F2
:109BC000F00AFDF72C0A16E0FBFACB0AF2ED0B04C3
:109BD000FAF60DF908FF08EDEC00ED161B02F5EBA7
:109BE00019DF010D090112FA030507D601FBFFE990
:109BF000F800FA080FF2E81812E53FED241200F21F
:109C0000000FFCE1FE1BFF0404010115F8FAD9FA6C
:109C100009014605E005FE01FE0006FD04FB0816ED
:109C2000F2FE0101F909FCE6F0E9F3F52B0DEAF784
:109C30000A0E01FAFAD9091B0BF0FD09DEF0EDE07E
:109C4000FEE7FEEF1C0BFA01FC0006F902EB011C1B
:109C500003F605ECE9F0EE04EE0912F7FDF004EF6F
:109C6000FDF900EAF5E60E0807FBFCEFE2EC12FB5B
:109C7000FB062300E4E6FCFD0303F70F00DC04040D
:109C8000F806000BE7EF02BEFBE9EBFBF303E9F696
:109C9000FB0DFC2DFF1E05160300051BE70608E85B
:109CA000E60BC9031819F410050D08130423F53445
:109CB000FBEC080709F5CA070914EDECE8FBF5EF22
:109CC000FC0202EFF4E7FB0C0AFDFA06F4F3F9EFED
:109CD0000A062EF2FDF3F6F6020A04EC09CC08227D
:109CE00016FF00E7F9FD0533FB0727FDF7F5010037
:109CF0000006FD02F003F4200DEFFBF1E7FCEEF7A8
:109D0000ED1F0EEFDFE70D0403F30324FECEF70291
:109D100005F40A04EEF405E6FF0E0C00AFF9F706B1
:109D2000F4F208F0FDE30BF2F8FC09F81512100B41
:109D3000FE08E906230FF507FD050AE9FDEC0C0412
:109D40002300FC27FD01F635030F2EFF221C15F61C
:109D50000409FFDCFC1208060BFC13FDE90BDC26F2
:109D60000AEFEBFD040B150701FA05F6060EFE02DD
:109D700001FD0805E9F116F417DDE109E7F0070632
:109D8000FDFAFAF6000D0014F1F704F1140E1C06AA
:109D900007D3E816EDF701020A03F41E03E8090DE4
:109DA0000CF6FF1E0F05F2F7120319DFC800F505C8
:109DB000FD100225FCDE01020AF9061BF4ECE304A7
:109DC00008F302F008D8F609FF11FEFC09E70004C9
:109DD0000A000F20FFFBE8F7FDE717F616FA08F96F
:109DE00006FF07F105E60A0CFF0D190CF0E905F472
:109DF00009050EF9160217F906070808F6C70F0F2E
:109E00000209FBF1EFF6E11003F631E804FF0AFC6A
:109E100016120628FDF7F51715F80E0DF7EC11F5DB
:109E20000908EBF6F1090E04FA11F5EDFB05051A28
:109E300021F70D18FB08EA100718FC0A192EFAFA88
:109E4000FD0A02CD0229FF1608100B2BFAEFDC03E6
:109E5000DC002A000F20FFF903FC03E7060A0705D0
:109E60001A00070EF4ED0047F7FA140F321B07FB38
:109E70000408F612F41DFCF9FD050A020E06E41AA8
:109E8000FC1FEEFBF5FC02FCFE1705F415FEF6F7D1
:109E900020FA0FFEF5FEDFF40F1AF915CFF40B00D0
:109EA000FD0202E6FEEDFA0C0308030FF0FCF515C7
:109EB000EE160BF0111EF91009FCF9F6FEFE010278
:109EC000FA00FC10F506F314FB130D022003020642
:109ED000EB0B08F4F61109FA1C090705FAFDDDEF92
:109EE00017E810FD11E403FCFB08F600F615F9FB7A
:109EF000130EFA03E7F7F0080FDCE90AECDC02FDC9
:109F000001FD00F3FE0C17FDFF010005F30C1B1211
:109F1000F8E7D61BF4C4F5090D00FFFBFE12EEF4C2
:109F2000F40AFEF4FEF815FEEEC2CC17F7040BFEA1
:109F300001FCFFD9FF21F2F9F7FEF8E9160F18FB33
:109F4000F3D3CA1413160908F5F8FDDC062811131B
:109F5000F51407F3150B0502CBE40D100E18FC05E4
:109F6000000E06020124012E0715FF0412F8E2FE7E
:109F7000D01A4E09E8E91102FA0A0E12FC18FADEAC
:109F8000E80AF603090C13F80D17CE06FB05FEF0E0
:109F9000FD05FDE9F8FC01FDEB15F6101500F9FAD9
:109FA000280AE515FFE91009010BF0E307F40B1788
:109FB000EF0FF3FFF8D8DF001DF8F2F2142B1609AB
:109FC000F70EFFF0FEF40EF10B00F71804FE02ECA2
:109FD0000BFE2EF902E6FD0C0408012802EE09FF33
:109FE0001207FFDF000800061319F9DDED0703046F
:109FF000030700F607E107021EFFFAF9EBEBFBFA95
:10A000000A361702EA19E612FBFCFF0E09F70900EF
:10A0100005FDF609EFFEE50513FFE7F1F110000875
:10A02000EE13F9F9FAE602030BF106030416000831
:10A03000140704F117F802000E04091410030A10A3
:10A04000270009FBF2060910FBFC0DFC02FF0FFFC5
:10A0500003010B11FDFE04FC06FD1BFE03FAFB0FC2
:10A06000EEF9E600EEF901F702F902F801E90A0655
:10A07000F9060710F60E090B0502F4F5EFFB09FBD4
:10A0800007F402FE02EAF2FBF8100D0C0D06200A9E
:10A090000606FA0B03ECFFF901FD0FE4031FFDF0C8
:10A0A000F006F8E5FFF50318F4F5BF02FDEFF70839
:10A0B000F90003FFFB0C0408F4F6FBE917FE15DDBD
:10A0C000E500EB121CFE10F404F7FCE1F413FAF7C0
:10A0D0000F0B01E0071211FFF2FA0210061713FE30
:10A0E000090AF500FF07FFF6150307FD0AF908F650
:10A0F000E914F3F700F504FC0B0C060201060DE46D
:10A100000DFAEE0916FEF4FB0317C1061E0CFFFC48
:10A110000407FDF0030C0FF21DFA04030304090306
:10A12000F0FDFEE60F180FFAFD04FAF4022209040E
:10A130001203FE110831E6FB0BFD04FAFA200F05AD
:10A14000FC1606F2FA1A000E010BFC0AEFEDE5FE12
:10A15000FDF51202F805150D020AFA1E042412FA82
:10A160000BEAFBFF07F90DFD011FE408E307DF0A17
:10A17000ED0001010927FF00F1090F07F6101AE3AE
:10A18000EFF8E802EE1AE0FEF40BF9040AF912F80F
:10A1900016F40E12020CD3FF061A190304EA120D6C
:10A1A000F40AF81600EC10F1EF04FD0DE9FFEE07DC
:10A1B000FC1BD1E2F4041C03080DF40401F50CDDD2
:10A1C000E61909FDFE0728D5ED0BC1010DDBEFFBFC
:10A1D000030D0125FCE31EE51602FAF513F7DDC8B1
:10A1E000D70807F40AE41009F9190305FEC214148C
:10A1F0000500F8F8FC0B02E219EEF9E704EEFE1296
:10A2000012FFFDF30AFF0BFC09081F02E30726FA01
:10A210002DCFCDE5ECF0FDFF0C03F3F1FD0E02E9CF
:10A22000ED050FDE0B0508E8F9E0E00518ECF9078D
:10A2300001F80BE7070507DEE9F90CCE160719EE62
:10A24000F7E2E01D69D7FD010102FCC70B230316ED
:10A25000E8FEFCC70E1207F4C0D7EA310C0918F764
:10A26000050B07EEFCFBFFF4060803E7F70AE732ED
:10A27000E4FB131CEB22FD0B01FCF8101206FAF4B0
:10A2800000F303F2002109DE11E1D4F63D15E200EE
:10A29000F8F202CFF11EF3F3F108F5F728F8160EE5
:10A2A000F6DEEC222055ECF9F80AF7DAFA09FCFEA2
:10A2B000FE09F91F050BD4DAE31DEC0C2F6D1C0011
:10A2C00010FC06F5FFE512EE150BEF1FF4F8F6286B
:10A2D000F613E0DAF7F3F5F9F6FBF602FBEBF5DD42
:10A2E000F8F0FDE0101206D7150AB301CFF6F4F529
:10A2F000FD08F90CFEFDECE7FE04F2EE10FE0CF595
:10A30000EEF5D9F8DF13E308050B06F000FE0BF7B6
:10A310001609ED19E8FB04EC1021F202180D0710E4
:10A3200002F801F3F11AF5050A02FD1AF202110D05
:10A330001BF3DBC3EFFF10FEFFF7FD05FCF110FE82
:10A34000FEED0FF5FD0804E8FD0FDE14F9E4F0FF63
:10A35000FC010815F3FF0A190703FBE500F6E40703
:10A36000F420E4F00EE6FFF1020AFD10FD020210F7
:10A37000EAF105E8120FFDFA0D0B1EDEF5FBFF07F3
:10A380000EFA0BF4FF010607F3F7EEECF30502EF0C
:10A390001EE4FBEDEEFDEFF50AFA01F4FE2AFDF4F2
:10A3A000FEFCF4F5FEF70B08DFF4B90CFB08F50B27
:10A3B000FF040BE2FF090009FC0EFD07E6FEE80BB7
:10A3C000E1ECCF133B4008F80516F7EA0502FB065F
:10A3D0000F00FA15EAF8D8F9B30B1015183710F773
:10A3E000FF09FAFCFBECFC2219FFF00DF9EEC6F7B1
:10A3F000E9224005F0E607010709FE06F5F601EC43
:10A40000000507F5060204E9F320C010CDD6FB02D3
:10A410000A1C07FCFFFD20F514000B060011F1FBE0
:10A42000F801EBFC03D4FD07FE100700FCF20C1B47
:10A430000EF90215F709EF06FEF705E1EBFD15FC35
:10A44000080B070D0BE3080D130A1A1DF10905FD92
:10A450000C082EF7FFED020A02FB0E1EFE08FEEDB1
:10A460000E0A06E101021BFD0531CDFAF322FFFBC6
:10A47000040505EF00F70808E2FE03E8FB0ED6F23C
:10A4800001EAFAD3E3FAE0020CF9FE09080A15051D
:10A49000F7110DFAF5FCF70DFDEB02FCEDFCF70CE6
:10A4A00009F4FF1702F5FFEE000114FB041414F881
:10A4B000F1D901ED08FA00FC03F1FC210C0401FCC8
:10A4C0000F06FAF505090BE90303E2F527FC08007E
:10A4D000F4FF04FE03F7031107FCF4FC1303D9F5A2
:10A4E000161008CC1401FCFF0305FCE602FF091A54
:10A4F000F9FCFCFF01FAE5FE28E213FFF6F018FC78
:10A50000000901E2F4F5FC0BF5FE02EFFE1107FD78
:10A510001FD9FB052B0F08FB0B02F70C00ECFB0D02
:10A520000FF6080119EAE9192A2443FA06E913FF8C
:10A53000FEEBFD2BFEF003FDDBED04060A09180A15
:10A540001DF3FEE5F7D50A0F09F100F8FE1DF4FA38
:10A55000F000FFFFFA031E060AD5CDF104E0EE0C71
:10A56000FAF0FFF2050506FAFA0AF8F816162DF9C0
:10A5700012EDD71F022F02F70DF4FFFE020CF60EAC
:10A5800009050809FA17EEE511EA32F71446030641
:10A5900001F6F90BF714F708EC110AE40BEB0EF4D3
:10A5A0002718F3F90352FCF4F9FA02EF0210FE0443
:10A5B000EE01F3CE0E0BF1E40419F7080D11FCF9CE
:10A5C000040009FE0508FD02F4FAF7EAF9FAEFE6DD
:10A5D0000519FCF101FE05FAFF07F6DC01E2040AA9
:10A5E0000115F905FFF3EF01FBFB07060C0105FE62
:10A5F000FC0AFC2A00F9FC082EFBF80501F0EDDF4F
:10A60000F9240BFD1505F003FB15FF10FFF10C0BF2
:10A6100017EEF9F8E7F9F4EB06121F04FA0D080F2C
:10A62000001406E80103051D05FDFF12F4FBE2DE40
:10A630001307FFE4F81503FF04FCF8E0FCED0CEB56
:10A64000FEF9FF0BFAFC04200ED82901F2FBFD02F3
:10A6500005030515F6F500EA02FE0115F1020D19D4
:10A6600003F2FAF4EC0EF4020EFDF808F01A02F50B
:10A67000FDF41202ED0E11F6EC00C6E7E8EBF2F382
:10A6800004F400090321EC14F2F301FEEC0113D8E9
:10A69000E7E1E20808110DFDFF030211F50B0209C5
:10A6A000FC00010B10FB0111020A12FDDEEDF80C9B
:10A6B000F6F9FEE60B1206F80A0011F707FD012372
:10A6C000F61A261DF2FEF9F406FBFF1105EFFAF16A
:10A6D00004F9F01BFCFDF20BFD28080AFCFB010E3F
:10A6E00000FFF60DFDED00F105F9FD0D1711EB2250
:10A6F000F20BFB061308FF07FCFBF3DFF606EFFC8B
:10A70000F5F2FFFBFE03240504E503160FE3FFFF4C
:10A7100004FA0AE5FB0B0AF2FB030115070A09011B
:10A72000E5E7F2010620FF0200FE060B08F003ED4C
:10A73000170B050A09030DF2E7EEFB06FEF4120300
:10A7400006F9001103F1FEF105090DFB060F1120BA
:10A75000F106F6FCF3F9010006EB02FDFF12E6F24A
:10A76000DFFEFCF8081118DFFAE1F00E12F000002D
:10A77000FBEAFFDEFEF702F7EDFFFDFE050303082F
:10A78000F0D4E01314E00B090C0802DF0200FBEA2E
:10A79000ED03FBF3180307FADC06FA0C1C0405FBB7
:10A7A00001FCFCFDFF1D0AFDED1501F10009192357
:10A7B000F7EDEDF9C9E4FE0B13FC040B0B07FBF9F5
:10A7C000E6FEF9F1080916F20AD2C709DAF6FFFC2B
:10A7D000F5FFFCF60505F90FEF03EEF90E0603DBB6
:10A7E0000DFACF14FBFBF200F80E00ED1504FEF19C
:10A7F0000A16F40302FB0603090D18FD17090202ED
:10A80000FA03FAF6FE12030E01F50501FE08E5054E
:10A810000015FF0BFA21F905070B01F5FDE2050A0A
:10A82000FF030204F5FAFCFA0FF52DF9EF00F9FB2E
:10A830000001FD11FFEF091209EC0007EAF6F4F43C
:10A840000201E8F827E1151109FFFF02FBFDFAD923
:10A8500008F8070DF4050FF911F2C4E9FDD003F271
:10A86000FBF0F8F10B04F109F301F9FBFC053108E9
:10A8700027EEBB0DF30706FB000000F3FCE50D0A15
:10A880001607FB25EFFFEDF1FD010F032301ED029C
:10A890000205F815112CFE1A09FD0708F907FBDF60
:10A8A000F1FBFC05110DF4F6F917FF0A0340FE2336
:10A8B000FE01FAD90C0EDBD016320B0005F0F7FAC8
:10A8C000F80002F5F4F702080701E5D8FFF60CD509
:10A8D0000D08F6F80A02FCF90508F6DCF206000994
:10A8E000FDF70302F4EFF721F6E709FD10F0FF058D
:10A8F000000000210405090613F10CEB0FF7EFE54A
:10A90000E60FF8F0F0F90300F908FE16FED7040C84
:10A9100016FD04F8F407F7E6E93024FFF5FD010A17
:10A92000FFF701FD08F8FFFE0EF6FC020002F8F04A
:10A930000D07D5E23614FD060AF701F600F8FBFE16
:10A94000FFF9F10F08F3FE0201011A03180704F1E1
:10A95000F603FDE50CE702F202F8030D01F5F00441
:10A96000F60FFE0A0D051706F50E06F2F50CFC12A1
:10A97000F8FC07FCF30700080BDFF1FE25F30F08D6
:10A98000040DFAFA040BFC06F0FB05EBED0A08EEE9
:10A9900010CEE9FBC3E603FCF20EF80F04D4060167
:10A9A000FFFBF925EE0BEBE0FFF632EDF7000105BA
:10A9B0000508001801EDFB060BF70215F3EBECF2AE
:10A9C0001B01F2F3DBE0FA080300FE0CFDCD071DCE
:10A9D00009FD140C02F6DDFE08061B00F1D315FE7E
:10A9E000FCF90111FAD8F8F2F1F60B19F3F3EEF7CE
:10A9F000190410D31E01FDEBFEFC06FF0AE3FD1C4B
:10AA0000000600F4EEF90A20F1D911F9F3E0E40BA5
:10AA10000D06EC1BF8FA0A1A0CFC0A02F1E6E9161C
:10AA20000510E61003030AE9FA16F6EF0FF5FD0626
:10AA300021FF0012FBFCE40707141D01F407FEF5DB
:10AA40000AFBFFDFFD0EF9160B060B19F6F20217D3
:10AA5000EAF32EFA0C230CFF00F409C3070805F7EC
:10AA6000F80CF522FE00FF27F9DBFE1D2614EB0B88
:10AA7000F80FFEFFFF1E0010FFF902110AEEC802D8
:10AA8000020B11FAFD08FDE7F8050704011BF700AA
:10AA900014070126E9F6ECF1FC22F70F040014FC80
:10AAA00003FB00ECFFF5F311EE050A17EDFEFE0EB9
:10AAB000E8010B080A01EE12F701F8FE01F2FC04AE
:10AAC000EC03F9100AFBFCFD040F12022106FDFE47
:10AAD000F60901EFFDFAF503190306FA08F2D9EEBB
:10AAE0001BE937EA22F609F00103FDE9FC01F60B48
:10AAF00013FF08FEE8E5EB1113160FFA13F50B0030
:10AB0000F60000E4010CF90411FA0A06F9F907202D
:10AB10000204FDE91DE8F7F7FEFEEDF204F9082551
:10AB2000060105ECFF00DBF0121F47E9F402EFFA23
:10AB3000FFFBF10FFADAFB1BEEF3FCF1FBFA02EA82
:10AB4000161710F007FF1DFD050307020B09F6029B
:10AB5000E5FAFAEBF80220021817E202FE02FC0402
:10AB600004F5F5FBFE0AFF03FF0609F502EE1AECF9
:10AB700010FABF16FFDEECFEFFFD0AE603EDFC1443
:10AB8000F704FE03E7E6F1ECE6C137070F2EEBFB17
:10AB9000FCF9F300031AEB1DEA090302E7F711FFC2
:10ABA000F2DDEE09124206FBFEFF08F9031EE9146E
:10ABB000EE0E00FA1100EAEAFE10F00CEF050300B9
:10ABC000F80008EBF7E9FF0BF0FDF4D4EDE6FFF534
:10ABD000FC01FDE9FBF60CEE06FAF6D3FFDFF015FB
:10ABE000F7F5F62207EA0505EE0016FD2A000AF23F
:10ABF000FE05FA1F060CFEF30AFFF007F4FDD8DC91
:10AC0000F51222FC03E90FFCF60802F8F5DCF80364
:10AC100009F3E604EBE3D3F5F01B0A16DC080B0698
:10AC2000FC0509F10D06060A08FEF911F1EBEBFB34
:10AC3000F5060700232DFCFEFEFBFCC203F511ED1B
:10AC400005FAF6FDF5FBF937100532F9F01AF1FFB8
:10AC500005F8F1FDF4EAEEF10A040F06F00703121D
:10AC6000FD01DDEFD4240101FD06FA07F517060109
:10AC700006F70802E505FF03E1E8E40FF8F8D6F56A
:10AC8000F401FDECF916F2F6FCF605FEEEEE1CE51D
:10AC9000E7CBFA0BF2F40707FDFB06FD11CE02F439
:10ACA000070507EA0FFAEBED0B15F8EF21D30206C3
:10ACB00005FD07E702F0FD1404F3020A15F7F1029F
:10ACC000081821F507DBF8070AFAF91AF411F81247
:10ACD00004F4000B23F61404031225FD12270108C7
:10ACE000090207F2F408FDFAFF0607060A08FE1833
:10ACF0000FF71B22F8F706FA09FAFE0C04FB0715FA
:10AD0000EFFCFEFDFAF20E14FBF70F04F92FFCFF27
:10AD100001081AE6FE15F312EC040314FB08300CCC
:10AD2000F0C5E413E03BE6F3FBFD0329010EEDEA79
:10AD3000F8FA0319110B2A05D8072E1AED16E500AB
:10AD40000E01F907FE0800FD0801F8190A07FDFFCA
:10AD5000F01B2922FC00F9FFFFF409080D11F4F2A1
:10AD6000ED020107EEFB1AF7FDF1090CDBF2030916
:10AD700004F8F60104FA03DBE1F40300050627FA00
:10AD8000FEECDC0609E30004F5F819ECFC0BFCF220
:10AD9000EBFBFBE731151AF8F2D6111BF8F5F806B4
:10ADA000070E1409FEF1FCE9FEFD0DE005050400A7
:10ADB000FAF1F51718FD00FFF4FC07F60507F9EEA8
:10ADC000EFF40303E8F109240DDBE9120EE710119B
:10ADD0000002F5F80524F8E1070E0EFD120D01FC46
:10ADE0000EDCE81CE6EB04FEF5F203F7FBFB02C801
:10ADF00004FCF1F108FE230013EBF422FEFAED044B
:10AE0000070008E8F4EE03F403F9FBF21003020173
:10AE1000F0FDEF1DDFCD120D0AF10B08EF1407F462
:10AE2000F00F02EDF7012AF9F9FCD6F9F1C7021388
:10AE300000F2FD1B11FAFAC7E701FAE62B212CE715
:10AE400013C4CF04E8B9050AFDFCFACE011105DDF3
:10AE5000DF10FCE6291A1904F6CDF00C0E05EEFA07
:10AE60000B01FCF5FE2AFF00180D0A0E141B15112C
:10AE7000FAF916130ED90B0F09F3EDFEFB040AE6DF
:10AE8000EE0C02ED120E0610FFFAEE0B05F90E02A3
:10AE9000F9FFF906FDFC0AF603F2FAE41DEE15E4EB
:10AEA0003613D503EB111504050105D5FE390A0E3D
:10AEB00005FFF2E50608F3010EE7E8032C0808F8A1
:10AEC000F21DF9F1F83100160C110621F0F6E8F444
:10AED000E00525F3040F180BF90BFA0AF524FD061B
:10AEE000FB02F9EDFDF611080813E701DD10F20190
:10AEF000EFFC0706FA1F030A0BF907E9F90316EA44
:10AF0000091FF21EE018E803F916FB05FBE200003A
:10AF1000020EFFFB0A0BEBF80A3607010620FC04C1
:10AF20000C08F9FEFFE205230DFEFB11F0FCE00228
:10AF3000020D0DEBFE0612FDF908F90DFF181002C7
:10AF4000F50F0C02FE0322E9F30EF80DF5EDFB02FE
:10AF5000FD0EF31610E511F00302F8F90C0AF8E003
:10AF6000D7F60D07F7FDFCF80611050700CCFB121C
:10AF700013F2170CFA09F9EF0CF70DF406FC020DA9
:10AF8000F8F0FC0104EF0CEC09FC0D18F50612FAC0
:10AF90000E080906F6DF0913FEF6F90B08FA0CDBBA
:10AFA000F000FDE706040BFB09E1D619D1CD1EF236
:10AFB000FEE500F1060EF5BAECFB03C6110F2B10EF
:10AFC000FDB8CD12F9B10C1407EB06E70207FCDB64
:10AFD000C60CFFD12220241DFDCFD30C0415FA0A84
:10AFE00003FF02040E38FA16FAF7FAF11C281E06BF
:10AFF000E2DC1B0C061710030FF202FAFA2405EB31
:10B000000308FEFFEF051200160AD60AFADF08FC55
:10B01000FFE5F2EAF70601FBEE1205E81EFDFFE18F
:10B020002E0ADC170104F2F3050CFCECF7F6140011
:10B03000F409E8EAEDF4F5E30813C502142406FF69
:10B04000FB07F9F0F80500FF0400ED01090DE2EB44
:10B050001008FBE803E7030303FBF2150C0102FFF2
:10B060000EF8F0F40E0208ED0B0701EDEC12EF06FE
:10B07000F41202FEFCE812FB33F8010011F3FAE9C6
:10B08000F33CF1140E25F7FB03F8F703F5F40DF28A
:10B09000FEF8F804F5F7F6FDF309EEE2F2120D08FA
:10B0A0000804F7FD0BF1FD130F000016E9FFE5F9A9
:10B0B000190F0CE3FBF90F020103F719FEFE070B52
:10B0C000F6F818F8F90011EF0109E409ECFAF114A7
:10B0D000080CF90B08FB0AFA17FD03F8041117F224
:10B0E000DE16F005F9F9FF07F908FD1002EE0BF581
:10B0F00006FE0800E80409F0CE04F6F4F70008079D
:10B100000305000FF9FFFE0DF5070101FC0BFA0224
:10B11000F5F70C18F9E5F7F903FA02F20116FF0545
:10B12000E606FDFBF0FF03F5E8CE1C03F8F0FEF9A0
:10B13000F90401090AF9091BF90002FEF200FCDE1C
:10B14000DFCAF0EE01DD09050305F4180DE416155C
:10B15000080110FAE5E8F2D40F23E5F803CF06045E
:10B1600001FDFC20FEE106F504FE0D00FC1135FAA0
:10B170001506B9F51CDEFDFA02FF03FA03FBFB0816
:10B180000209F4020AEE071DF512FD02F5330E085E
:10B19000060A0CF20300070D0FF0E608F900DD02C5
:10B1A0000128070A061A1B0302070502FE09060A00
:10B1B000ED0202E5F705FCEC01F912040CF5F407C9
:10B1C000FDF0FE000815061DFDF313DCFC0402E192
:10B1D00017E5EBF6FD0208FFF6F8FBE7FEF81201B3
:10B1E000EB0108FEE5040316FDF9EBF83110E0F978
:10B1F000FE07F5F00B0F0EFD07FC011C080AE1F23B
:10B20000FCFB1EFD32E609FDF9FC06F60A09FFEA21
:10B210000B0802F7E5FBF404FCEFF50BFE0302FF5D
:10B22000F802FCE8F90A0B08010902FDF30517DD35
:10B23000E10CF6F8FD09F504FDFF0506031A01030C
:10B24000FB13030D010A15E90A04F4FF0B010B03BC
:10B25000FC090103FAF5120CF9F8F8E9FFF4EEFD28
:10B2600007F6F9F4001706FAEE01F9FC09150116C4
:10B27000FC0709001101F3F11618FCE11010140B82
:10B28000F800F5FBFF000B020C01F3F9FFF5F110DC
:10B29000FEF203ECEC1D15FF0C040E03F5EC00F7B9
:10B2A0000307F9EA0BFF0EF30106DDF6F5F80904D2
:10B2B000FCFCF7FF05080C17F5F00C02040D0F0B52
:10B2C0000335010BF9F6FF0E0203FE0A01FEEB093E
:10B2D000EDF300FF0EFEF9E122070CFB0FFCE4008A
:10B2E000F9FE030504FCFFFBF9F3030A0406F6EE7E
:10B2F0002215F90006040EFC12F70D0AFF10FFF0EC
:10B30000F901F9FD120C3407040ACD0FEF0A000C05
:10B3100004EDFE01FD1609F0DD00FD010A101FFE1F
:10B32000F6B9D7F8FEE401FBF5FDFD1BFDF2FBDDF0
:10B3300010EBFEF119001FF5E303F415ECE2EDFB51
:10B34000F5F90D11FB050FFBFA04FD02FC100423B7
:10B35000FDEDDDFDFCFB0E0A08F1F70A0B290AE6FC
:10B36000EAF2FEF7FB1129D7F3F3E705E5EA031448
:10B37000F2FCFE11F005F5E5EEF3F9FF220A11DF0C
:10B38000F1C8D700FFE4FA0103FDF5E3030006F47A
:10B39000E703F1ED211D01D7F4EB0517F2F5F101FB
:10B3A000F80C02230214F9040AFFFBF6FAFB09F277
:10B3B00000F9E0E7F6F3190A0CFD021500EEECDBEC
:10B3C000E6F803EF1A0410EE03F5B004F2E2FC0312
:10B3D00003ED0411FBFB06DFEE09F2E91D0C0CF78F
:10B3E0001ADFDA0EF7000C040709FFF9F9FE05E889
:10B3F00007F4FDE815071E0D1EE3FA01DCDCF10A77
:10B40000170003FF0A06FFF8FBFC02EA080605F135
:10B4100010DADA1538F5FF0E020B040308D8FC0623
:10B4200000F314F7070DF90F120D37F4EFB51DFDFA
:10B43000FEF7F8160BEFFDDFF2F6F3010E080C0F26
:10B440000CEBE8FFE7C110030BE4070D001DF6F756
:10B45000E1FBFBD5131B3A1234E6D9F7EEEDED0212
:10B4600004FA01FA082AFB05F60802EE181214EB9A
:10B4700002DEEB160C1F0CFAF9F207F60322FA13A0
:10B480000100FDFBF40DF4F402D9F8132F2D130184
:10B4900007EFF609000F00FFECFE03FD1400120B8E
:10B4A0000702ED1B0A18020205EFFAFEFE06F5E898
:10B4B00009F6F7E50C1204F70A0AF9FE04F207FC94
:10B4C000FEF30106FD0D03F8FD02F0E20A02E908B1
:10B4D0001707E3EE00F70802FF05F5FCFE03EF0E89
:10B4E000F5FDF20A0501F7FD03FC1502FB030AFD59
:10B4F000FB0A000BFFF6100617EFFCF713FB00F832
:10B50000FC231501030301FDFDFE080AF9FF01F804
:10B51000000E01F8F9F614F2FAF520F8E40511012D
:10B5200009FFFCFF06FD010F0A01F80FF0F806F60F
:10B530000A14F802000A06FBF503F3090AF90707E3
:10B54000FBFF0107F7F813F902F91410F311FB05DB
:10B5500004F80AF8F90CFDE5F800F80201081502F4
:10B560000EF9081D050DFBFFFBF4FA02F51A0AEDB2
:10B57000FDF309FD060F0707EFFAEC1BF106F9F6DC
:10B58000FD0FFF07020F000BFA010EE6F50A04EEAD
:10B590000302FA0911B105FBFC03060602BEFEDF39
:10B5A0000F00FFF20FFBE5FBF50E57FB00ED07EC7C
:10B5B000070AFE2706FCF800FC0306D701FBFB0682
:10B5C00009EE20F2FBE204FE04FDFD0401F0010B94
:10B5D000DCFF11F5010425F63304F2EFF7C9EF1192
:10B5E0000BF9020AF9F9F5EDF5F6F0F9020A21F086
:10B5F00023D3B7F50D4002FE08EC01D501F9E808A8
:10B60000FD13FC06EEF2F12718DA2DF1162F0BFCD4
:10B61000F1FE01060001EE180AF5F305FEE8E90C5B
:10B62000092510F10B1A16FE05F3F8DD04FE01F3EF
:10B63000F8F6F7E505F109FC070300FD13E2FBF658
:10B64000F90CFDF4FA0AFFFEF804FBED13F811F112
:10B65000F5ECF208F9180B0404FCF6EB01E406FA29
:10B6600005F1F935F3F30E2BFFF417F9171CF50864
:10B67000F60EF90906FFF2F82703F63C06F0F10E84
:10B680000B30160F130002F0F7FAFB2707F7FB0544
:10B690000F030207F0EB11FC061FE303EF13060A8A
:10B6A000F407FEF90708F8231A0A01FEE604ECF491
:10B6B0000E2310EEFA03F90E03FEFC03F9F60C0F4D
:10B6C000FCFFFB0CEE04F50FFDFB1801DDFEF7F5AA
:10B6D000FFFEF8F5FA0C06F80EFB0AF6F80604FE73
:10B6E000160E0C060605F205F8010B030606F5F02A
:10B6F00004FE170EF0F0F4F8F626FDFFDF0001F46B
:10B700000707FB0104F405F10402020DFD0502F632
:10B71000E5132609E9D4EDFB0C0607FB05F60CFC46
:10B72000E40401FBF304F1EBDFE60C0103F1ED01AE
:10B73000FFF4F3F8F9E10B1F0E0EFE0AFCF2EDE642
:10B74000F8FA02F2F740FF0402FD02FBFCFB0617C9
:10B7500028F30205EDEFD4FAFD131502FBF4F8F21D
:10B7600002F4FB07EAECEF0C06F403F8EDE4F10950
:10B77000F70725FCF2E20005FCF001FF06F205FCEC
:10B7800000F5050EF6FD02DEF2DDE5FFEBF7DAFC73
:10B790000D070005050904FD0603FE00F201F1F6A0
:10B7A000D9FFED010DFAFFF8FCFCFF0AF9F5F425CD
:10B7B00002F606071DFDDAFEFB04F5E7EFD50401EE
:10B7C00000F603F7FBF1FC08F9FE0200FDEDFFEBCC
:10B7D00015EEFF0A00E502FD1305FE01FEC6FE1E82
:10B7E0001707FCEE01F7F709112C1DF3D9E602FE4D
:10B7F0000603030E01F1F11B05F8FAECEDF3E40387
:10B80000041D2CF6FAE30DFCF8F6FB22FBE3F5FF32
:10B810000C0DFE17ECF100F40D11DF05BCF4F6057C
:10B8200003E9FAF1F8F500E8F3F109FD060E0F233C
:10B8300006EEF112470CF104FAFAFDE107E208F610
:10B8400012F8FA14F1F7FB3DF60030FE2517040458
:10B85000000AFEE80808FEF9FB0305F7FBF6F547CA
:10B8600012F5190B080B0C07F7F3FFCF041FFBFBB6
:10B87000060B0002F603080C0DE6FD0AF1F20FFAC2
:10B88000F6FD00F6040302FDF8F704F1F4020701E7
:10B8900003EEEC1BFD0C06080A03FEEA1027120E4D
:10B8A000FB08FD050600F60DF509F81204100D1150
:10B8B0001704FF0FF5030402020C0B0FF9FFFCFF46
:10B8C000F7010EEA2617140B021405EC02F900EC3E
:10B8D000FA0A0704FAF302E6FEFCF6050F3A1E1216
:10B8E000FE0A0102031601000E09000702071600F6
:10B8F000FF0EEFE8FCFB0207FF0F02FEF2FE06F56B
:10B9000009F8FE0C24FB07F6FF3AE8F2E4FA00F52A
:10B91000000009FFFADF1DEE2B08070F1314F5E6F0
:10B92000F22304CEF016070D01FF06F40622FA0AF0
:10B93000FDEA0E02FA05EF05070EF4FF1D34FAF7D3
:10B94000FB03FCF30123FB03FA00050EFBF5FBF7F9
:10B9500001E4F1F205F4F4FDFF0D001701F80BFE10
:10B9600020F7050D02F7FDFEFD28FA050FFF08FC84
:10B97000FF0904FF0720091F18FD1003F6060BF04E
:10B98000FA14EFF4F519F10EFF0501FFF21CFF3276
:10B9900006EFFFFFF6F5EDEE09F6FCFE190207F9DA
:10B9A000FF01FD00FC020A1BF909EF0BFD02FED1AD
:10B9B00004FE10EBE40B050A02F2F601F92207DEA1
:10B9C000EAF5050BEB0203D9F9E6CCFBD7EAF7FD64
:10B9D000070201FCF8F106D80EFC0EFE05051DCD90
:10B9E000D7F2CA02F908E8041201080702EFFF10B3
:10B9F0000702FAFA0203FFDFE5E4F4EE0FFBEC06C0
:10BA000004FE02010404FFEFFFF405090AFE01E051
:10BA1000E5FE0E0BFF22F709050FFF07FD1A0519BA
:10BA20000304FF0FED0A07FAECFB04091026E708F0
:10BA3000050EF80602ED0F0916FD0117E3E5C8E84B
:10BA4000FEFA06F2E8CFF8FE0B0EF502FBE908FE5F
:10BA50001CF3FC0AEBFAEFF9081206F4F9CF09FB24
:10BA6000F8F702EFF3FC01010309040FFBFE11F3E9
:10BA700005E6F3F4F4C50A050413F40EFEF9020119
:10BA800005F5F209F5E8F9ECEE11F7FE03EA020418
:10BA9000FD02022BFC1806360EF303FEE9E7EFCF9A
:10BAA000F52212FFFDF3F5F70604FDEB0715000F75
:10BAB0000A020EFDF202FB021007E2E7E4ED04F4D5
:10BAC000F7FC04CF03FBFA140103FFDEEAF701F9E8
:10BAD00011EEFD050F080AF7FC0A010404070A022B
:10BAE0001F0F0AFBE7F2EB37F80630EE16FEF40AFA
:10BAF000F70E0A000321F715FF00FFFD010610DC19
:10BB0000E8FFF40802EF05F3FFFD06F9F711FBFD6E
:10BB1000F9090200ED12E6EEFE0CE818E8FE12123A
:10BB2000FE0801FE03000DEAF3FDF41302F9F10A29
:10BB3000FD12D7E5040F0909FF0B02EDFF07FFF324
:10BB4000FA08021401FF03F00814EFFD2C0EF504AF
:10BB500002020CF501020BF6FF0DF4F4F9FBE3FC15
:10BB600008FF39FC150521F0FF09FD0EF5E8FD0E73
:10BB7000F8FD02FF0702E7F9131817F40D0C13FF85
:10BB80000F000E1EFA020F160207FD04F8FDFE1E3E
:10BB90002015F4CCE8DDECFE070204FE021E04FCD6
:10BBA000F1190206ED020FE2E2F0DFFF0017F906DD
:10BBB0000A0E080A1A010AF5FC16FA0EF603F2F04C
:10BBC000E6E1E2042305FFF9FA13FED6FF0517FEAE
:10BBD0000D0306FAE6F9EE05ECF1D3F50AF613F6D5
:10BBE000070306F7FB06030F15F8F6FCFD1109F530
:10BBF000FA1AF2EEF9C40D03020DEB0F05F30FDA9A
:10BC00000F0607060EFBF829053DE700EDA601FF2C
:10BC1000F820030703EA1AF72EF70B14FDF9D2EE0A
:10BC2000033DDDECF0D3140FFB1C00FBFF260B1BC8
:10BC3000FDFD0105F9FFEAFF1C03E8DB1621F0FD1D
:10BC400001080907F81C0218FEF40EFFF2FE27BBDC
:10BC500011D8FD05010C05FB0706FE09FE0F090EB4
:10BC60002A0A0AEFDDFD070D0401DFF6E508F20DF3
:10BC7000080FFD06FC0B1304290805D5F0F6F1E8C2
:10BC8000031EEEFBDE05E909F8070812FD070A129C
:10BC9000FEFE07FBE3F9E7F810100700F4FB02F7DC
:10BCA000F9070FFAF4F703EAFBFEFB00130C01C4DB
:10BCB000E20515F4F2000103FC0F0B05000BF6EA98
:10BCC000FEFD06FF010C1FEAED07A70B1CE317FEA4
:10BCD000080709EEF8CC14F6050004EA0A1107CFAC
:10BCE000EFF9C7DFF203090303FAFC0902DD0507D8
:10BCF000F7F900F5FFFD10F703D9FDE81A0201037B
:10BD0000FAF3F1F5F7FCFC06000713F5090201E769
:10BD10000CDCF2F8DEDA0BF9F90804F303CC06F4D4
:10BD200010FC04FAFEF6F7D1FAF92CF50EF9F9FD3C
:10BD300006040202F4F0051807F207EC07FEFCE720
:10BD40000FEF100300DE06F000FDFF0A0600F515F8
:10BD500014FFF5DCF9F506E914061F01FBD1FDF629
:10BD6000F901F7E50121FD08010600FF02EE01B42B
:10BD7000F4FA252AF03603FA0A03F6F80CECFC1B59
:10BD8000EF0E0300F4F0EBECFBCF26E5E63F0B0BE8
:10BD900003000B2109F50814EB11000101011B0937
:10BDA000F4F3FC17054DEBFDFF07000FFE11EEFC51
:10BDB00010FCF30F10FCD8F81A2107FEFCC403F6A0
:10BDC000FDFEEFE008DBFCF4F704F302ECEDCB0D35
:10BDD000D01406ECFFF6FB0106F8F8D901CE091CD9
:10BDE000EB0303FB08F3E139040042F50AEF06F721
:10BDF000FFFBF514FCDFF5FF11FC0901E20A0F2A35
:10BE0000021BFBED0ADC13FAF511090FFFC5FD005B
:10BE100012EA080BFAFF0BFBE7161004E7EEFEFB35
:10BE2000F806F9FDF8E1FBFF040A07F9FDFDF74A02
:10BE30000107E90D521DEDFDFAF9F4E502CC070505
:10BE400001FAF72DFCFADC37FB1825E6491A0DFD3F
:10BE5000040102D3FAFFFF10F602080BFC070E25BF
:10BE600008FF1501070219F2FFF502EBFF05120E9C
:10BE7000FFFA07FEFAFF08240EFE002DE0120DF770
:10BE8000FFFE03ECFF19F201F30103EAFCEC0CFFE7
:10BE90000AF8F401040DFB120304F9E80B22010B6C
:10BEA000F304FD0D0C01F208F61AE506DE180B0F7F
:10BEB000FE190910F2FCFC09F80BF2FEF1F8FCF196
:10BEC000F105F6080AF314170212F6E5FDF110EB7E
:10BED000E70605DCF80F04F9020DF8FB12FB02FF80
:10BEE0000004FBF401FD0A0706FBFAEA11142BCD4E
:10BEF0000508F5F9F41E0B110017F700FAF812E027
:10BF000008FBF8132201F0100166E0EADE0E07FBE1
:10BF1000F50AF92B02E120D83DEB0E15EF0EF502E4
:10BF2000032FE8E6F6ED0CF2040DF3D5FB30080222
:10BF300028FEFDF7FD0EF7181B1215FF150A10F26B
:10BF4000FD0602F2FE2FFF1D0C1C0317F61C07D482
:10BF5000F9F8F1FA15110FE501070409F20913E1E7
:10BF60001FFC060EFBF90F15FE18E302EBF6E603C5
:10BF7000061400F7F616080A181B10F5F6120AF652
:10BF8000EEFABDF7E919DF09FE070B00FA2310FEF0
:10BF90001CFA11E91505E2060A1F0FF6E50205096C
:10BFA000FE0C03FD0601FB14F300F515FE01E2CAC9
:10BFB000FC040FD0241916F809F8F8140A1102E845
:10BFC000E81AFE03FE0420B4FD18AD0433E30803B1
:10BFD0000313F51200F005E70B0B09E50FF9DAAAD8
:10BFE000E8E6D4F607F40CFB080D04FDFBC4074695
:10BFF000FB050911EB0D0CE824C7FABA01E103FDBA
:10C000000404F9F210FC01E8070D0305FD090AF02C
:10C0100011F1D4F8061EF5F4F80207F603210B0C13
:10C02000F4060502F9FDF5EFEEFCFC160719FEF724
:10C03000030E0AFB02EF0F00040FF811E9F1E9DA31
:10C04000F309EEFC3D2B0AF8FC0602E409EC04F4CB
:10C0500008F80A05ECF1EFFFFF06D4EEF8D511F76A
:10C06000F207FCE702FFF6FD05F70D01FAF61815D9
:10C0700018F5C2F401EBEC07FCF90104090411E71F
:10C0800010FC040807F7EFF7EA27F3031005E2F8BE
:10C090000007F513FC0F0A0000FC0506DF0602F698
:10C0A000D80702F70400FE05F80AFEEFFC58023438
:10C0B0001BF703E8FF00CCE51CFFE3F60D1A09FAB5
:10C0C00004FDFAF8091A0815040E0102EE110FDA40
:10C0D00014FB03040B0F09FBF9F9F9E40503091537
:10C0E0001A0404E5EFFD0312EB22F3F5F10604FD5B
:10C0F00003FDFE16FA1FFEFC050D00DEF80EEEDB5A
:10C10000E9090600F5F1FF14F50FFD1007EEFC023A
:10C11000090106DDF101DFEAFF3008FEEBF509FE5B
:10C1200005F707F9FDD9FFF305F8F7000A0AE90753
:10C13000EC0EC7E80F060BF60A02F8E203F20DEF69
:10C140000111FBFA13FF0904070E1005320D0DF75C
:10C1500001FEFEE002E211F5120E0CF503EFFAFE0D
:10C16000DD0018F0FAF01CFCF90601FAFFE60C08F5
:10C1700016F908EEFC0CF9E806DBEBF3FBFA060710
:10C18000FD0AFFF70F1F01190206000AF8032AF043
:10C1900025CED1FE17D1F91BFA08FFFD031BFFF0D6
:10C1A000FF02FDDC0708FCDEF4DCEB0B0DE9F4F824
:10C1B00002F5FBD7FF32F4E9F1FC03E1220421F997
:10C1C00001D0E62325C71207FDF003C2031403F3D1
:10C1D000E3F0FBD51C1241FEF1CCF52CFC0F11094C
:10C1E00002F9F604FB43F1FCF20E06EBF903E81644
:10C1F000DBE50E040300FFFCF3EE0408FF17EBEA97
:10C20000E50901F411100AEFFEE3DF014700F8F041
:10C21000F7E303E00323F309FC0E02F30E0502F239
:10C220001AFCF22019530204FFFEFDD6070F030F7C
:10C23000EE0EF009F704F9F90213FF0F1F2216F7AB
:10C24000020EFDF50A0705FFF403FA210507E111C7
:10C25000E302EFE1FCF5030BFFF60816F5ECFAE25A
:10C2600004F8FCEB120504DE1327E2F1EA0EEF0CF2
:10C2700000F5F01006F202F6020AE8050AE821F8D5
:10C28000F926FC0F0429EBFF01060CEE07FC10FA5F
:10C29000180FF81601020018F92DE4F6060B21FE1E
:10C2A000FA07FC020F05030219F6F30AE701F21779
:10C2B0001A01F7E3DCF8080205FDF71908F005FCA0
:10C2C00009F7FDF0E4F314F6F60AF2FEECE7EC09E8
:10C2D000FA0000FEFE1806040BF40A000A1707EF26
:10C2E000EA0001FEFFE500FB07FE0E0200F202136A
:10C2F00004F2FC08FD07F6FEF10B0CEB1CF90F062F
:10C300000A06FE07FFEDF70C03F8F401F7F704EB5C
:10C3100009FA090FDF01F9060A04EFED04F2090733
:10C32000031001FEFF09070B03E319FCBFFB160115
:10C330000500071301F505FA040405FBF7F7EB0EFA
:10C34000F4FD1400E505F603F9FE062009CA12FA09
:10C35000FA010A0609FDDEEFE81C12F800B21AF82D
:10C3600011FDFC15F9E30CE911F5051D04F709F9B8
:10C370000901E1C7210F08FFFCFEF0F005E2FF1CF8
:10C3800002FDFD050EF2F41DFE2C27F8F712070F33
:10C39000FA09FDFE00D308EB1DFAF513F8F3F804D3
:10C3A000F00FE8EFF4031AFA140303E80925082153
:10C3B00008091DFEE106F70C18E6FB03240901FC41
:10C3C000FA0602E6FA390824FBFF1309F909FBFA19
:10C3D0000AE9EDE5162C12FDFB1004E003030DF352
:10C3E000FCF90A23EAEF0524E9D4E50F4C32EB010E
:10C3F000FDFA04FB052217191611070EF410D5FFDC
:10C40000F6FEE30E0800E9EEF60AFA0FF91609FE49
:10C41000060FFAFCFD10E30A0A07F2F4FEFC070D12
:10C420000509FBECFEF9FD09F814F508E6FBE6B496
:10C43000F4062BE6FC0DFF01FB0403FD0216ECE9FC
:10C440000005F10A0E0715E5FC1EF1E916F009FDDD
:10C450000616031EF5E220060C00FFFA0708E6DCCC
:10C46000FAF71CEC17F90502F8040AFB09F4F525A4
:10C470000F0708FFEBF2F4D626F901C8FCF20A0117
:10C48000FB08F9F50BE40AFD07FFFDFCF6021515A4
:10C49000F00FFDF1F9D20803FC040A0EFFE509F7DD
:10C4A000F8F8FB030F01FDDAFFF512FEF9D207FEE3
:10C4B00002F704F0F9FFF4DAF9F300DD1A032701BB
:10C4C00015D7ED0BFCAA0602FBE608E9F520F9FCFE
:10C4D000C50502E0261B2D07FDCAF6190813E6FD67
:10C4E00008F802FDF92704F7F111FEEE13040F0F0F
:10C4F000E0E8FD16FAF30EFCFDEEF9140C05F2F976
:10C50000F80F0AF5FB1304FE08DAE4031A1DF1FA2A
:10C51000F4F500EF0716F609ED0D02EC2409000012
:10C520001FFFF51516FCF700FD04FCFB0112F707D1
:10C53000F00EF3F0FC00ECEEF61BF2FC101316FA12
:10C54000000A0AF1F5FEF9F4040AF109FB05E20616
:10C55000EC1EE5E7F6E30D070308F1FD02E3FEF04C
:10C56000F4FFF7ED1406F81423081CEC16FFFDFB8E
:10C57000FA05030A03E305FF1EECF4F700F10C0DC6
:10C580000C1A1F08091AFCFBFA0A00FEFBE7FF0F52
:10C5900017F5F313F7F3E300FF0D04EAEEF8F401E7
:10C5A000F50404FBF505050D0DFA0325F1FBF80B69
:10C5B0000F07ECE9160B0506F80C001104F0FA124F
:10C5C00006F1060AFA030AF407081806010AFC0431
:10C5D000000FF705F510F9060B0A090C0102110707
:10C5E000F90E050707F1F602F7FEFE12F91E031A0F
:10C5F000EAED0C08F2FDE70CFAFF0705F9EEFE0183
:10C60000F903F90EFEFDFF0DEEF9F5F5F20609FA54
:10C61000EF03F611EFF90D0009FBFD04FBF506F33E
:10C62000F700FE01040513FB0800E6FEF9D209122B
:10C6300006F7FB24FBF50ADFEB04EF04100B1C01EB
:10C6400003FEE7FCD3B0130602F90604FAF9FEEB89
:10C65000FB0604F1150D20121E0101F7F5F9E702A2
:10C66000FDFE04FFFB210E02FC040201130D010577
:10C670000105F0F60FFF0D0104FFFB05F70DFFF9B3
:10C68000FC01FBF618FBFF130D0CEEFBFA1D040B6F
:10C6900002F8020DFFFE04ED02F808E505F90A07AD
:10C6A0001B01E5FEF2F303FFFD0007FC001709F58F
:10C6B00002F6F6EE0B1212F108F6EEFFF905FC0099
:10C6C0000304FAFEFE0F0012FCFCFEF60612EDF863
:10C6D00002EFEFF6020308F7FFF90111FC1EFD0758
:10C6E000020303F7F90009090800F204060B050A22
:10C6F000F802040E0B161903090205020E080EF8C3
:10C70000FD0502FC00FFFD03FF0001F901080B031A
:10C71000F8090DFD0B0E0FFDFEEDFDF8E505FA071E
:10C720000908FC07FF05FF0A01F60200070DFCE0FF
:10C73000FA1206F901000DFCFAFBFB0BFA0A01F0F4
:10C74000F20306F80D000BE407EEF303F4F0F8082B
:10C750000CF9FB00FEF20CDEFC0DFEFF0A0302F0FA
:10C76000FCE8F70FF9F70502060B0000FDFE05EAED
:10C7700005FD0BF506FC0F0714ECF4FAFCF7FE03BD
:10C78000FEF8F714040001F5FF0503F4090200F8B0
:10C79000FBFBFC1BE0C1FE0108000B0508E9F3DB15
:10C7A000F50601FAEDFDFB02F4FC09EBE2D213FB06
:10C7B00004F10612F5F704F2D607FCF20911350769
:10C7C000FCD3EADCC9E8E90DF0EFFD23F0DFFC095A
:10C7D000E51503EC0FF7111506F7FCF3EAC9E7FFBF
:10C7E00010FB0606FED704F3F5FB02ED1B15FBF369
:10C7F0000806ECF51D19FFEF0601FCF9FFF7030829
:10C8000002F9F2F907F5EF351111140D130923FDA3
:10C81000FFF509ECFAE6FEF1FDF6F5FB0E02092143
:10C82000340FF0E7FCF216FAFD03F3E602E618F126
:10C8300003ED07E7F000041615DEFFE5FCE4F9FF61
:10C84000FBFEFEF8F806FE0300FEF4111BFD09FCDA
:10C85000200718F80A0F0509EE00FDFBF91D030774
:10C8600009050E22F100F018FBC60100152108FF92
:10C87000FFFFFAEAF60105F32DF80026FEFFEB01B3
:10C88000FF2A11031C020A01FCF10204FF05F6EC69
:10C89000080BFD07E8F4FA030A180EF9F400F30197
:10C8A0000E0EF600FBF800FC070009F003F713EC8E
:10C8B000E7291305F5FAFCFEFD13F6FBF60B001550
:10C8C00001F5FC140405F2CD0AF911FDEFF4F203B1
:10C8D00003000CFC07EA0104F6F805F2EAFE0DF38A
:10C8E00001FB2211FFFD0E05050203F303E601F42F
:10C8F000F9000E06F1EB01F10A19FFF5E0FEE9007F
:10C90000FA0501F8FDF603ED0B03F20EF20303093D
:10C91000EB2C000D11F5EDF2FDFF01EB0614F40711
:10C920000206FF01F4F9F2F8EBCC0D11192BE1F836
:10C93000090A00F10008031508050706EDF3E3FEF8
:10C94000CF03130E4249FAF9EF2300F7FEDD070586
:10C9500015070E1BDFF6CDEFF41806FD1EDF290CC0
:10C960000008061B09EDFCF300EAFE12EEF0E8FAFF
:10C970000A11DEE30200F8FF020EF30C09F6ECFCEC
:10C98000FBFAF40803E6FC05DE0C0FFCD9FAFE07FF
:10C99000020FFBFBFCE00D001104F826F4FBEB0F8B
:10C9A000DA0AF9F8090710FF020F02090724100E2E
:10C9B00007101013F217FA1A0ADDCF1A22FBFE062F
:10C9C000FCF3FDF00D17FF2204FC27E8F4F711FD3E
:10C9D0001EDEFAE9040E00050CFCFCEC01F707F87A
:10C9E000FFFF0809F6F9030BF706EC08350DFAF21C
:10C9F000F20302F6F90A0117F60B0304F201FCFA3E
:10CA0000F7EA0416010006FDF005FD02FA19030815
:10CA1000F30005FBF400DDF809E5E9F61BF2010778
:10CA2000FC01EFDEFD0F01F8E6020707F0FB01B99C
:10CA3000FFE70B10FD0501F605FB04EF031009FDF0
:10CA4000F6FEFC0AFE0D14EFFD02FEFCEF090106E6
:10CA5000FE0E0311FA07FD140E0AFE0DEBFE07E1B0
:10CA6000EB0807F30F10DF0D01FBFE1BF3F2FD07D0
:10CA700001F907FA1405F5EDFA09EDF1EBF8FA05FD
:10CA800000F9081902D702ED0714FB0116090A0A7A
:10CA9000F811E7051B02F8F703FEFEF00904FDF7A5
:10CAA000EAFFFEF502FE060F00E8DB0A0801F8F0D7
:10CAB000FFF7FDE1F31BFBFCEF03F9EF02011A0C9A
:10CAC00003EE041800F5F7FDFBF303FEF80406F08F
:10CAD000F6F4FB0B0111FBFEF0FCFA10F6F60CFD70
:10CAE00003F8FC1A05FB00E4050607ED0204E9164D
:10CAF0000B08F806F5F8F00002050AE80222FCEF40
:10CB0000E9FFFDFC030008F6FBDACC131C06EEFE81
:10CB1000FCE9FCD9FF160005F7FE01FD120903F23E
:10CB2000F2CEF3140D11FBFBFD000301FEE003FD4B
:10CB30000809F7E5FB0614E1E103170AFD080F0EEB
:10CB4000FF00FD1C05E3FEEE040300F20F0E080BD0
:10CB5000F513DFE0F4EA0AFEFBFA0CFEF9FFF5E854
:10CB6000F1F2F6F0211C1AD21AFBB1F419F5F7F81C
:10CB700002F9FB1A02E4FEF5F809E3EF05FAEFEE1D
:10CB800011F1F407040504000D0203D9040409019E
:10CB9000F700FAF6FBFD0802F2F20AE70C0304FCC8
:10CBA000FD07FA0204250E0F03FC08F1000D0BFC33
:10CBB00005DAD2F1F1F009040808020FFDEA0310CA
:10CBC000F9FF06EA090D00EB181724EFE401F4025F
:10CBD000FEF8FC1608E9040EF8F6F2F9FDF7F8F98C
:10CBE000041810E808F70004FF06F4EFF81600F840
:10CBF000EBF8F610010C0902EDEBF0F106000FF96D
:10CC0000FD07FFEAF51BFC0FF202FEEBF9EBFBEF71
:10CC100019E80D02FD00F5FDF50BF206FEF0F1FF3F
:10CC2000020802FCFAFFEC01FAE935010C14E9F202
:10CC300002F601060CF00413FEE90F01F301F306FE
:10CC40000AFE0DF31B1D0C10F6F6081703DB05F4A6
:10CC50000CFC14FEFBFC1E072011E8F0FBDC0001BD
:10CC600006FD010E04FD0BD7F7FF01FB010D1410AB
:10CC700014E6B9EA0430F4F605F906FD07F7F210F8
:10CC80000CFCF8FCEAF0F20AF2E0220917F705FAC8
:10CC900000F9EEFD0F07FC08FAFCFA17FCFFEBFAAF
:10CCA000EF0BFD08FB1F010802F4090301FCFE095C
:10CCB000EF130FF9050317F80D0407122F07FBFDFB
:10CCC00004F0F6FD10FFFE09FAFCFFE20805FFFB89
:10CCD00016FDE3FBFEF80001FFF801F904FD0C1658
:10CCE000EC02F31301F40107F6FAEE0B0BF50D0657
:10CCF000F70C04FF0808061601FBFE06FFF7E4ED3B
:10CD0000030F181104EB11F9FFFDF811FD07FA0DDF
:10CD1000FEF50400E7FFFC00E907F5FE1012FCFE3B
:10CD2000080106F6030CFDFB03F9F1F50CFFFAF21E
:10CD30001307090CE004FB000800F7ECFA000702F7
:10CD400002F5F30BE703181EF8F23301F01C08FD9F
:10CD5000F90606EC0F12FCF902060907F4FC0C3484
:10CD6000000CFC1AF10AF600FD0607FFF12EF6E7AB
:10CD700012050AFBE4EEFFF5E0EDD812F5FBF7FC37
:10CD8000F80AF103030404EAFE0106110A0901EEA0
:10CD9000F00B1D0501F903FDFDFEF7060508FDF981
:10CDA000F8070A05FDFB00E8FC01F309E608EEFBC5
:10CDB000FD00FC0211FBFDF606FC0AF206080FF46A
:10CDC000FCF0EE030704FA06050207F1FC01F9F195
:10CDD00002F9FAFAFBF6F500FEEDFB020AF207078C
:10CDE000FAFAFF020403F7FE010803FBFA01EFFB66
:10CDF000F30B050011E909F707FAFCFDF7F2F80259
:10CE000002F7FC0101030701FCFDFEF5F6FD05FB41
:10CE1000FBFBFB06060302FE0A030603F1FFFF0508
:10CE2000FF0CFA000104F70505030805FCF507FBF4
:10CE3000040B010004070CFF08FBF8FD010BFC08C4
:10CE4000FE02FCF507F90702FF0A071001FD100CAE
:10CE5000FBFFF80801010400FC0303F7FDFD06F9E0
:10CE600001020210FCFA0605FAF4FFF8E7FD0CF5E2
:10CE70000608030000FCF1F4EEFF02FAFA010509CE
:10CE8000FDF7F9FD0D0000FEF7F604000DFF0407A5
:10CE900004020CFD1108FDFE0902F8FC1607040649
:10CEA000070DFAF7F8FD0403F8070501FFF5050182
:10CEB000FB02041C020902FD000702FBFA03040046
:10CEC00006F9FEF7010DF8120001050901FFFD0347
:10CED000FE0600F9FC08FCFAFF09FD0B0709F9F64C
:10CEE0000002F001F9080CFEFC04F10403F800FD57
:10CEF0000005FD05FB02FFFF051300F8E104FAFA47
:10CF0000F6FC04FF03FE000902FDF7F20805FBFE34
:10CF10000D0301F8FB19F606020908FBFF1BFB08CD
:10CF200008FC0302F805FEF8FFF7080BF8F6E7F532
:10CF3000FC09F9F9020902181DF60919F3F3F712B1
:10CF4000F403FC12FA3BFA0102100809FEE70D1186
:10CF500004FF0412EF00E709F62C07F303F91206A9
:10CF6000F603010905EAEFEB03060907FA03FC0BD8
:10CF7000FA0AF8E317C3FE01050803050BF9F70BDE
:10CF80000BFB050C07F4FD01EA0C14FEFBC1FCFFD2
:10CF900007F2F6F904E90AEF10F9FD1EFD07FC049B
:10CFA000E0F1E808F3DB15FC04FC1004FE0BF909C2
:10CFB000FC07161AFE04F6F90EFAE409F343FB0B1C
:10CFC0000D0806ED0102F31CF6FB13F5FF06030E38
:10CFD0000AE802EA091AF6F8FF0306E911F201FE6F
:10CFE000FA00FF0BFCF10421F7F30E0A2914FDFBF4
:10CFF000050207F6001AFB16FFFC04FFF4F3FA0D16
:10D00000F3E2E6000C0A00FEF70101060313FC0838
:10D01000FE01F2FEF803DFFD06F4F5FC12F6ECF774
:10D020000B0702EE0506F8EFF60BF50C02F502D140
:10D0300003F813F2EC0902F705FFFEF5FA200202ED
:10D04000FE010111EAFF01E8FADFFC00F0FA02F943
:10D050000102030206F6F8FE0F02F20E00FB02EBDD
:10D06000ED000202F4FEF5FC05FCFC12F5EE00F109
:10D07000FEF9FAFA14FD00EDFE0CF8F8E7F4F803F7
:10D08000FB0500FEF8EB04DA04FC08090EE70501D5
:10D09000F511EFEDC6C8FF040FF2F8F900ED04E555
:10D0A000EB0805F301FF15F301F3FE01F7E2FA0ABD
:10D0B00000F3F81905FDFEFCEBF307DC250C0FE788
:10D0C00006D40006F5CFFCFEFFF8FCFE0316F8F4CC
:10D0D000E2020EDE0F0E24FE08E5EA170B20F10235
:10D0E00001FCFAF6FDF6ED03F1FF05E10A0D01037F
:10D0F00004EFF30704EE11F901FDFCE905ED0DFB6A
:10D10000F4FBFDFA0BFFFE0A0AEEFFFFFE010FF231
:10D11000F7F9F805F9FAE8E9EF01FEF2FAEC140C78
:10D1200007DEE611F73FFFFB02FD08DDFE000BFF07
:10D13000EC03F5EF1201011401E0EAFE163709F9DC
:10D140000802FEECF8F8FDED0303F8F1FF02020D12
:10D15000FF0FEF24F6150EFFF4FEFBF2FE04FC02B7
:10D16000E9FEF404F8F808F801F3E0F90D0BF30B0D
:10D17000FBFA000FFC13F8060507F11D0A091B0254
:10D18000020C04060AFEFEF8F90205FFFBEDFB0C9B
:10D19000FA0AF3100204FF01130C08000E09060737
:10D1A000FB03FE0100F4FCFB0B0AF80DF6E8F8188F
:10D1B00005030C03FEFF06F70B0901F6FF1A090C25
:10D1C00002FBF3FDFE04FCF00306190CF2FAFA0868
:10D1D000F90210170101FE0CF3FE0500FCF010FE31
:10D1E000F0042900EDF9F601080904140C00FB0213
:10D1F0000302FEFB0FFFEA0BF314211DDC1502F600
:10D2000005FEF702F9EB04000C0B040CF909FB070F
:10D21000E71727F01AFA0E0D0EF40102F400FEF2E1
:10D220000BFE04DDFCFD04E9FDF7E301210E07FE22
:10D23000F4001008EFFD0512200C09F40101FEFDB9
:10D2400001F608F3CC1702FAF9020CEE01F7F60327
:10D25000FF09F0E31C11EE01090A29F3052BF3E5A0
:10D2600008FA02EFFC15EE1B000AFDF1EBF2E3AF4A
:10D27000C70F5513F8010CF100F8FE10F4010B1262
:10D280000601FCF505F4FBFD0218100ADD11FDF89E
:10D29000FE04FD0302D9FE0CF40801EEF306270795
:10D2A00014030CF2FDE6E4FF03F91008FBBFF6FBE4
:10D2B00006EE01111608F0110F0EF4F4E1ACEB01CB
:10D2C000F3FEFAF9FDD2F7ECF9FBF01CFCFBF510CC
:10D2D000E3042C1B10F601FCFE0B12FA0BF9FE1CEA
:10D2E000FC100307F700E00606023FF7FEF214FB0E
:10D2F0000306060FFCE90814D6FE0AEAEB101B250C
:10D3000008010CF2D6E113FDFEF3FA0705DBF7F096
:10D31000FC0101002519121014F00509E7E1F3F9E9
:10D32000F3F1030AFEC8FEDDF9040AE5060DF42553
:10D33000FFF9EA222BF5F603F20B04E103EEFD18E8
:10D3400009F7FC30FFF1E41DE9FD35F11FF9030198
:10D3500001FEFAFAFF11FCFEEF021602F40BFB08C5
:10D36000FFFD2910F3141E09F7EC03F7FBF0FE0C88
:10D37000E106110A0E06041D4518071B050FFCF8EF
:10D3800010F5F40601FCFB08FC02FDF1F9F427FEA0
:10D39000FE1EF4DF00D20D05FC07010206E0FDF9D8
:10D3A000F3F7FFE60CF9ECFB0AFB0BF700E7F205DD
:10D3B000FAFFFE0AFAF2000B06ED07000504FFF67D
:10D3C000FD0A0FFD4546FB0507F8FC07011704128F
:10D3D000050405EA00010E0F0B1D0C0A0D060B06D5
:10D3E000040602ED0310FBFCF905FEF4060CF30F36
:10D3F00015000EFDFF1C00FEFCF9FCE108F9FB0620
:10D400000C02020FEF08F7FAFEFD15FAF10E0DFE01
:10D41000F70000070901F6FBF80B0FF4FFFB1702FA
:10D42000F40015F90240FB040BF60215F609F5D0DD
:10D43000EC050804151600F702F305060221FE0CA0
:10D440000BFE02FFF9DFF7DD03FB0AEEF7F3090736
:10D450000C02F732FA02F7F8F5FE03ED0AF9F90CBF
:10D46000F705FD0608FE03D6FF031913FB07F1F2CB
:10D47000FDFB05240B17FEFFF6F1F5FDFBF410F99B
:10D4800003F8000F04E3EB0703FAF9EDFDFDF418D0
:10D49000F20104F4F60C12F601F402FBEB0BFDFAB8
:10D4A000FB06F80100010712F0FC050002F50CF480
:10D4B0000BFDFA20C0ED05FC00F1FCCB030807E8EA
:10D4C000E9F3F905EFF7111CEFB7FD0BC6FB08FBFD
:10D4D00001E807F40510FED0ECF9001002094BDD5D
:10D4E000D4E1B60ED3EECF1103F4F50CF50405D557
:10D4F000F4F2F9EB0C1C05F6B4E6FA25F3F2D4FDD0
:10D5000007FAF8F501EAF4E1F9EFECFC070AF3EFAA
:10D51000C4F5133503D0FB0EF4F30904F6E9F2EB7E
:10D52000E9FB0BF9F5FC14F8EDD8F003F3C71C0A7E
:10D5300004FC0AFDF60503EDE91315E6F9141E0BCC
:10D54000F7D3BDFAF513F902FF03FBF604F905134F
:10D55000030BFCDE01010314E7EDE9F1FBE8FB033B
:10D5600006FFFFFBF9FD01FC0908EFE2030EFAFAE2
:10D57000E8F90202E332040310F402F3070EF8E3C1
:10D58000F90CFD06F308FE08F9EFD80AC5DF0BFA1F
:10D59000EE08FB1AFFFAFAD0F612F9EE0EFEFDEED7
:10D5A0002235DAF1F2E10BF8030900F6FB00F9018C
:10D5B000EBF302E905FDFE012FD6DBF0FBEBE30206
:10D5C0000AF4F6ECEF05F8EFF6EC08FB090712D0C9
:10D5D00025FFF2F907E5F6F60A0AFB20FD030B0327
:10D5E00011FAFDF0EEEEECE20536F9DBD4F8F6F8D0
:10D5F000FE060304FAF002152FFDFE080DFBE8DD20
:10D600002B3B2AE5DB0D010408FC010EFDFD080A99
:10D61000E903050CF0F902F9FF0DF0E91C28FBF80D
:10D6200005F3F70BFEEAFE0B0606FDEE07F90AE628
:10D63000041F353217EFEF07F20AFCF1F11400F482
:10D64000FDFE22EE06F6F90EEDCA30F2EA07020000
:10D65000F4050DDBFAFE02EA01E81D09110B0810C2
:10D66000F6E01608DEEBF10504FA0DF7F9DA00D85A
:10D67000020A13FDF9020001C7E5F71EF7FAF3F9F4
:10D680000206FE04FDF0F5FA00030010140DEEF79B
:10D69000CE0E2F17CAD0100109FC0606F301FFE5D4
:10D6A0000107020409FE09F7FD08DFFFEADBFC08B9
:10D6B000FF16F81600EE1AD2F8FEFDF9FC051DE281
:10D6C000F4DBD2FFCCF10A090BFF05FC00F106E701
:10D6D0000002EC0310FD08F2FEF8FC0419F4090145
:10D6E0000E10F8EBF9FB06020CEEFD010E0109F637
:10D6F0002102D6E51CE50800F903F9FD02E6F6F380
:10D7000007F9020F1BFB032D021FE0E5F424F611BD
:10D710000F08F80E080700F61FF20B22FAFB030DA4
:10D72000F105DCE5EAF70309F71B01080221FAFA23
:10D730000CFB050AFD13F50610F1EDF2142AF6F7BD
:10D740000C0804F5FC31F62003030306F7EFDDE7D0
:10D75000F2E706060D24121404F9F3E00A4D0B0556
:10D7600001F8FDEBF0001105F2ECC9032527F4FFE9
:10D770001109FAF5032C0DFAF20B03EEEC0AF9FA93
:10D7800000EAEEFBF705F507FB080316F9FC0DFDB3
:10D790000205FBE60018ECEC0CF62A0702F2F90190
:10D7A00002F5F6F8FFF6FCFBFC00F004FC00F3DDEC
:10D7B000E907F8F701EF060D01080005F90BF6EA95
:10D7C000F30906002C0833C5F404D60A3FEE070C13
:10D7D00002080AEBF5EB18F904FEDDEC21F8F4C8B9
:10D7E000D9D80FF928ED18FAFC05FB0FFDDA060E63
:10D7F0000FF301E60301000713EFFBE12400070428
:10D80000F3FF040B0311FBF8F5F507FE0A0B1907EC
:10D810001CE8E916FB270005FB0BFE01F9EC08F5F7
:10D820000205FCEBFD0108F9FBEBD903FBB80F0C7B
:10D8300004F9FDFCF5F601E2FC03FBEA180F33F2F4
:10D840000DDBD2F9FEC2FFFE02FB0F05072604EF37
:10D85000F40507EE0B1D493102D8EB08EF15E40083
:10D860000B0302F3011603FD08FEFB010C0BFDFF89
:10D87000E6E6F60909E610F6FCF4F5020209FFF007
:10D88000F80210ECFF00F10B05E2E516F81B13059A
:10D89000FDF5F407010EFFEDE602F3E611F515FEC6
:10D8A0002508EC0301EAFFFFFBF804F3061704E97F
:10D8B000EEF9F1E41A051CF90CE7E5010B01FBF4A4
:10D8C000FA0209F5FE0A0DF2F6F0F10004FEF3F398
:10D8D000E309E20C06FE1303F90A0A0100F6E91453
:10D8E000FA0600F9FBF903E116020B0400EDEFF76D
:10D8F000FBFF0A320B03F10D0BFB01ED04FA0107EC
:10D9000005152417F1F8FEF1FDF1FEFE020EEA0303
:10D91000EEFCFE02FC0106F20AF1F5FDEEF4F8EF72
:10D92000FE000502F5FE000AF104FCF5000302F911
:10D93000EEFF1D1AF00803FDFDFCFFF0FC07FFFFE2
:10D94000FCFE05F4FB03F6FAF9D2F709FFFD01FE30
:10D9500007F004020D0001E3EA051402FE013A009B
:10D96000EAF0EF11EC06F30408FBFE0D16F1FDE5FD
:10D97000F5F908F5220EF5F6DA030D3304F7070979
:10D98000F2F70305FCECFBF1F405F4F00EF00AF7F6
:10D99000EBF9FF1C10F8FC07F9020002070402FD76
:10D9A000F80602FCFF02FC01F3FA030AF404030187
:10D9B00006000106FF00FAFFFC07FE07F904FDFF61
:10D9C00005FE00FEFE04050000F307FAFF0009FD56
:10D9D000FFF5FA03FE0806FBF7FDFD0800F108FD60
:10D9E000FEFCFB06F5FE0702FDFAFDFBF90506F954
:10D9F00001FE00FCFF05FBF50104FEFFFC02000137
:10DA00000706F3FDF902FC01FC0202FA05F6FF0627
:10DA10000A05FBFEF6FD0605FD00FC000103FE0104
:10DA2000FE03FE03FCF6FFFDFD07FBFCFBF6010019
:10DA30000201FCFC06FCFBF9FA01FD040DFCFD01F2
:10DA4000FDFFFC03FAFA00FAF9F7F7FF0B01F2FC0D
:10DA5000000200FEFBF702FCFDF900020501FE00DA
:10DA600006F903FB0C05FE0501FFFBFB0701F80BA4
:10DA700001FDFBF9FD020604020301FCF903FFF7B7
:10DA8000FFFDFAFFF9FF04F8FDFD00FE030105FFAD
:10DA900003FEFBFEFEFFF5F6FBF9FBFEF5040A02B2
:10DAA000F501FE0100FDFBFCFD0404F802FB01FD95
:10DAB000FB0207F701F801080802FDFE01FF020260
:10DAC000FA04F900FF00FBF501010101FF05000266
:10DAD000FBFA09FC050209FA0402FA05F20107FA49
:10DAE000FE030006F4FFFDFAFAFD06070304000436
:10DAF000F701FC0000FD000AFC00030500FDFE002C
:10DB00000100FE0401F7FD00FFFBFFFEFB030A0618
:10DB10000BFA00FD10190DFAFEFBFFF00A060000DB
:10DB200002FF02FF02FAF1FE0AF2EE0AEE21F80904
:10DB3000011905DFF104FA130504FE08F6F8E60CF6
:10DB4000DE0720FF3A450BFFF90F06FBFDFE000D37
:10DB500006F7070EF3E5DB12F91402F204E326FEE2
:10DB60000305F7F5FCE00107F5FB0300EFEDDE1A16
:10DB70000EFE0FFDE4E8EF010402020001F70002CF
:10DB8000FEEFF906FF000DE60A08EE07F517E10CB7
:10DB90000102FEEEFC02040C120E03110AFB00F55A
:10DBA000DE0CFBEA012AF9FC0E040121F60805123D
:10DBB0001D14122EF4FB05F50406080CFC241305B5
:10DBC000F8FDFEFD0ADE0DE516F906FBFF001F2637
:10DBD000FAFC1109EAE1F0030410ED180305050A47
:10DBE0000EFA00F117F7EDE4F70A0D1004EEFB044E
:10DBF000FFEFFAFDFDEFFCF7F4F7ECF6F400FBF7AE
:10DC00001AEEFDFA06F81504FF050801FD03ED0202
:10DC1000FEF8010207FA11FD05EC0A09090EF013DE
:10DC2000FDF3FD0D080906EBF6F306ED08FB1BFE00
:10DC300021FAEC2FE5F3010900F702ED010A07FADA
:10DC40000EFB0DFCE4F6EF17EBD028F9C81202FB2F
:10DC5000F3F0FFE0FD0705F8F7000503EAFD13E325
:10DC6000DEECFBF9E400E408FAEDF609040DF5E05A
:10DC7000ECF9EAFDFE0C15E8B7DAD012C9E4E500CC
:10DC8000F6010A18F6ECF8E400F9EA000AF8F0F0F8
:10DC9000BCF5DD21F8050405FB01FDF0010D00FDDB
:10DCA0000A04F70AF8FBF008FEF105FE240B07FD55
:10DCB000FF050AED04FF02160EF1F9070CF0F70E4E
:10DCC000FD0C1CF22330F503FD0000F10003FE0FF4
:10DCD00013FE03F606FCFC07021909010DF20813F6
:10DCE000FB0907FAFFF5FB0207F6FFF3F903F6114C
:10DCF000FAFB05F8FE0001031007F8F200FEFD0232
:10DD00000BFEF606FE07EDF100020AF9E608FC0438
:10DD1000FC0507F902EDFDFD1401070A0302FFFCF3
:10DD2000FA0DF9F80A05060C0E00EE03FB0303F6E4
:10DD3000F9000B00FFF9060F00F4030BF01000F9D7
:10DD4000F5F504F9080C0AEF09FF05F1F5F8FD28CF
:10DD500004F4E4E807F8EFFFF703F50A03EDFE0427
:10DD600004000C0B0AEAF2F003060D06EEEC0001CB
:10DD7000FDF00AFDFEE7000E0A01E3F2F9F80418CF
:10DD80001AF40501F403210108F303FDFCFFF51665
:10DD900007FC09F803F90C1A04D7F0FF0E1AE8047F
:10DDA000F8EFFD01FB1CFCF800F3F70209FD10F28F
:10DDB00016F1FF10BF01F903FAF8FCF004FB0405AB
:10DDC00013FFF915EEF703F5F0D206FEB609FCFDD8
:10DDD0000AFC06E60519F5ECF1FE060FE6081CD56F
:10DDE000D4D7E60FE6FCE00A00EDFD0E0106F3D401
:10DDF00001FFF0FBF7021CEBBAEBB5F9F3F4E4FD1D
:10DE0000FDF7FE0004F0FAF2FAFDF3F20C04F6EF6F
:10DE1000D20BF41F1909070C00000C00FFF4F7F4F3
:10DE200005FAFFFD0600F1060C15FEFF12FC02FFCD
:10DE30000301F600F8E7FCFDF50801FC0FFF15F9FA
:10DE40000E0109112D4CF803FAFD07FB0821F50F0F
:10DE5000F3FC04F4020312080205F9030DF80402AE
:10DE6000FC0A020A04100408FA1305E20B09070A67
:10DE700015F70C010C1FEFFDF706F6F2FE0D01F68B
:10DE80000F0A0109FB08FCFA17040F0105DD04F570
:10DE900003F204F904F0F4F9FA010AF7FE0511F9A6
:10DEA0000AFD1701FC14FF0803FD070A000DFDE23F
:10DEB000FA0305000E030DF7EFE714192010E6F73B
:10DEC00000F005FC06F2F7DE09F207FCF307EF06A7
:10DED000F1F7F515F6F703F80CFAFDFE0201F7234A
:10DEE00003FE03FC0207F9EE00161D08F50702F811
:10DEF00003000C00F912F31B0901FE04000203E801
:10DF00000AF3170BD8FCFD07FCEC01FDFCFEFB112E
:10DF1000ECF4FC0D080208F805E3EB05F601FBF64E
:10DF20000205F8F7FF030106F2F7FFF40DFAFFE729
:10DF30000DF41033BF010CF401FA06EEFB090DF0ED
:10DF4000F6F2070FED0118FFF9BB0705D7F8090531
:10DF5000FEE606001010FACDE1F4011D01FF3BE1E1
:10DF6000C2C8BF2AC5F3D30BFFF7FA040304F7CAEC
:10DF70000F06F1EE1C0E02F4BCDBDC0CD5F1F00058
:10DF8000EFF206FF01F4FEF1F902F0E32D10F3EBDE
:10DF9000BAFB0E340506000000000000000000007F
:10DFA000000000000203000000000000000000006C
:10DFB00000000000FCFA000000000000000000006B
:10DFC0000000000002F0000000000000000000005F
:10DFD0000000000001DF0000000000000000000061
:10DFE00000000000FD120000000000000000000022
:10DFF00000000000FF17000000000000000000000B
:10E0000000000000040F00000000000000000000FD
:10E01000000000000AF20000000000000000000004
:10E0200000000000FEEF0000000000000000000003
:10E0300000000000060300000000000000000000D7
:10E0400000000000FA1E00000000000000000000B8
:10E0500000000000021200000000000000000000AC
:10E0600000000000080800000000000000000000A0
:10E070000000000007FF000000000000000000009A
:10E0800000000000FC100000000000000000000084
:10E0900000000000071F000000000000000000005A
:10E0A0000000000004330000000000000000000039
:10E0B0000000000000370000000000000000000029
:10E0C00000000000FF25000000000000000000002C
:10E0D00000000000FAED0000000000000000000059
:10E0E00000000000FD010000000000000000000032
:10E0F00000000000021A0000000000000000000004
:10E10000000000000B1B00000000000000000000E9
:10E11000000000000E0A00000000000000000000E7
:10E12000000000000001E900000000000000000005
:10E130000000000000E7CD0000000000000000002B
:10E140000000000000E8E000000000000000000007
:10E150000000000000E9D600000000000000000000
:10E1600000000000000BE6000000000000000000BE
:10E170000000000000FB1000000000000000000094
:10E1800000000000002B1400000000000000000050
:10E190000000000000290B0000000000000000004B
:10E1A0000000000000380F00000000000000000028
:10E1B0000000000000FAFB0000000000000000006A
:10E1C00000000000001BFE00000000000000000036
:10E1D0000000000000291500000000000000000001
:10E1E0000000000000201E000000000000000000F1
:10E1F0000000000000FE25000000000000000000FC
:10E200000000000000D9FF00000000000000000036
:10E2100000000000000F1A000000000000000000D5
:10E220000000000000F6FB000000000000000000FD
:10E23000000000000006F2000000000000000000E6
:10E240000000000000FCF5000000000000000000DD
:10E250000000000000FEF9000000000000000000C7
:10E260000000000000D3CF0000000000000000000C
:10E270000000000000E6E4000000000000000000D4
:10E28000000000000012FD0000000000000000007F
:10E290000000000000FCFD00000000000000000085
:10E2A0000000000000EA0100000000000000000083
:10E2B0000000000000000503000000000000000056
:10E2C000000000000000090800000000000000003D
:10E2D00000000000000002F100000000000000004B
:10E2E000000000000000D801000000000000000055
:10E2F000000000000000EA1B000000000000000019
:10E300000000000000000DFC000000000000000004
:10E310000000000000000E0A0000000000000000E5
:10E32000000000000000FDEB000000000000000005
:10E33000000000000000EA0B0000000000000000E8
:10E34000000000000000E5250000000000000000C3
:10E3500000000000000007F60000000000000000C0
:10E36000000000000000F9060000000000000000AE
:10E3700000000000000006E60000000000000000B1
:10E38000000000000000ED1100000000000000008F
:10E39000000000000000E13000000000000000006C
:10E3A0000000000000003FF9000000000000000035
:10E3B000000000000000240C00000000000000002D
:10E3C0000000000000001601000000000000000036
:10E3D000000000000000FAFF000000000000000044
:10E3E000000000000000EF1400000000000000002A
:10E3F0000000000000004B020000000000000000D0
:10E4000000000000000027EE0000000000000000F7
:10E410000000000000000FF80000000000000000F5
:10E4200000000000000006F80000000000000000EE
:10E43000000000000000F6060000000000000000E0
:10E4400000000000000000E40500000000000000E3
:10E450000000000000000000EC00000000000000D0
:10E4600000000000000000EBFE00000000000000C3
:10E4700000000000000000F5ED00000000000000BA
:10E4800000000000000000FDF5000000000000009A
:10E4900000000000000000EDE700000000000000A8
:10E4A0000000000000000022190000000000000031
:10E4B00000000000000000FBFB0000000000000066
:10E4C00000000000000000F1E80000000000000073
:10E4D00000000000000000FAE5000000000000005D
:10E4E000000000000000000CF6000000000000002A
:10E4F0000000000000000012040000000000000006
:10E50000000000000000000F0800000000000000F4
:10E5100000000000000000FCEA0000000000000015
:10E5200000000000000000FF0000000000000000EC
:10E53000000000000000000D1600000000000000B8
:10E5400000000000000000070700000000000000BD
:10E5500000000000000000120B000000000000009E
:10E5600000000000000000F1F200000000000000C8
:10E570000000000000000008030000000000000090
:10E5800000000000000000120F000000000000006A
:10E59000000000000000000C060000000000000069
:10E5A00000000000000000271F0000000000000025
:10E5B00000000000000000F6FF0000000000000066
:10E5C00000000000000000EDED0000000000000071
:10E5D0000000000000000000F2F300000000000056
:10E5E0000000000000000000F30200000000000036
:10E5F0000000000000000000060100000000000014
:10E6000000000000000000000BFA00000000000005
:10E6100000000000000000000602000000000000F2
:10E620000000000000000000F002000000000000F8
:10E630000000000000000000EEF7000000000000F5
:10E640000000000000000000FAFC000000000000D4
:10E6500000000000000000001EFA000000000000A2
:10E6600000000000000000000604000000000000A0
:10E670000000000000000000F9FF000000000000A2
:10E680000000000000000000EEEE000000000000AE
:10E690000000000000000000F00100000000000089
:10E6A0000000000000000000230B0000000000003C
:10E6B000000000000000000009FB00000000000056
:10E6C0000000000000000000EF000000000000005B
:10E6D0000000000000000000010200000000000037
:10E6E000000000000000000004F300000000000033
:10E6F0000000000000000000F8060000000000001C
:10E7000000000000000000000814000000000000ED
:10E71000000000000000000002FE000000000000F9
:10E7200000000000000000000EFA000000000000E1
:10E730000000000000000000F5F9000000000000EB
:10E740000000000000000000FD07000000000000C5
:10E750000000000000000000FC0A000000000000B3
:10E76000000000000000000000FE0B0000000000A0
:10E770000000000000000000001A0300000000007C
:10E78000000000000000000000260900000000005A
:10E790000000000000000000001F04000000000056
:10E7A0000000000000000000001DEF00000000005D
:10E7B0000000000000000000000D0200000000004A
:10E7C000000000000000000000170400000000002E
:10E7D00000000000000000000030F2000000000017
:10E7E0000000000000000000001CF300000000001A
:10E7F00000000000000000000022FE0000000000F9
:10E800000000000000000000000404000000000000
:10E8100000000000000000000025F80000000000DB
:10E8200000000000000000000032F30000000000C3
:10E8300000000000000000000022FC0000000000BA
:10E8400000000000000000000025ED0000000000B6
:10E850000000000000000000002F01000000000088
:10E860000000000000000000001EFA000000000090
:10E870000000000000000000002403000000000071
:10E8800000000000000000000029FC000000000063
:10E8900000000000000000000009F300000000007C
:10E8A0000000000000000000001BFD000000000050
:10E8B000000000000000000000380200000000001E
:10E8C0000000000000000000002A0000000000001E
:10E8D00000000000000000000004F500000000003F
:10E8E0000000000000000000000105000000000022
:10E8F00000000000000000000000FDF40000000027
:10E9000000000000000000000000F7F5000000001B
:10E9100000000000000000000000F0F50000000012
:10E9200000000000000000000000F4F20000000001
:10E9300000000000000000000000FAF600000000E7
:10E9400000000000000000000000F4F100000000E2
:10E950000000000000000000000003EE00000000C6
:10E9600000000000000000000000FF0600000000A2
:10E9700000000000000000000000FFFF0000000099
:10E980000000000000000000000001FD0000000089
:10E990000000000000000000000002F50000000080
:10E9A00000000000000000000000FE020000000067
:10E9B000000000000000000000000EF80000000051
:10E9C0000000000000000000000002F20000000053
:10E9D00000000000000000000000FBED000000004F
:10E9E00000000000000000000000FBF60000000036
:10E9F000000000000000000000000CFF000000000C
:10EA000000000000000000000000110800000000ED
:10EA100000000000000000000000FEFB00000000FD
:10EA200000000000000000000000FE1000000000D8
:10EA300000000000000000000000F7E900000000F6
:10EA400000000000000000000000180E00000000A0
:10EA500000000000000000000000090A00000000A3
:10EA600000000000000000000000FB0000000000AB
:10EA70000000000000000000000007F90000000096
:10EA8000000000000000000000000008FA00000084
:10EA900000000000000000000000000E090000005F
:10EAA0000000000000000000000000F91B00000052
:10EAB0000000000000000000000000FE1000000048
:10EAC0000000000000000000000000CAE700000095
:10EAD000000000000000000000000005F20000003F
:10EAE000000000000000000000000023FC00000007
:10EAF00000000000000000000000001F0F000000E8
:10EB00000000000000000000000000142C000000C5
:10EB10000000000000000000000000D30C00000016
:10EB20000000000000000000000000DEED0000001A
:10EB30000000000000000000000000FCF5000000E4
:10EB400000000000000000000000000F03000000B3
:10EB50000000000000000000000000F2240000009F
:10EB60000000000000000000000000D417000000BA
:10EB70000000000000000000000000EAF2000000B9
:10EB80000000000000000000000000D1D3000000E1
:10EB90000000000000000000000000FAF800000083
:10EBA0000000000000000000000000F6210000004E
:10EBB0000000000000000000000000DD0500000073
:10EBC0000000000000000000000000F6000000004F
:10EBD0000000000000000000000000C8E00000008D
:10EBE000000000000000000000000000D500000050
:10EBF0000000000000000000000000F60800000017
:10EC00000000000000000000000000EA0C0000000E
:10EC1000000000000000000000000000FAF6000004
:10EC200000000000000000000000000000050000DF
:10EC3000000000000000000000000000FAFD0000DD
:10EC4000000000000000000000000000080E0000AE
:10EC5000000000000000000000000000F9000000BB
:10EC600000000000000000000000000001010000A2
:10EC7000000000000000000000000000FBE90000B0
:10EC8000000000000000000000000000FFF600008F
:10EC9000000000000000000000000000000D000067
:10ECA0000000000000000000000000000308000059
:10ECB000000000000000000000000000F9F9000062
:10ECC000000000000000000000000000F80200004A
:10ECD000000000000000000000000000F1FC000047
:10ECE0000000000000000000000000000914000007
:10ECF000000000000000000000000000010500000E
:10ED0000000000000000000000000000FCFD00000A
:10ED1000000000000000000000000000F8F6000005
:10ED2000000000000000000000000000F1F30000FF
:10ED300000000000000000000000000006F60000D7
:10ED4000000000000000000000000000F8F70000D4
:10ED5000000000000000000000000000FF080000AC
:10ED6000000000000000000000000000F2F40000BD
:10ED70000000000000000000000000000D03000083
:10ED8000000000000000000000000000F1FA000098
:10ED9000000000000000000000000000F0FB000088
:10EDA00000000000000000000000000000F4FE0071
:10EDB00000000000000000000000000000F8080053
:10EDC00000000000000000000000000000F40D0042
:10EDD0000000000000000000000000000017070015
:10EDE000000000000000000000000000000EFA001B
:10EDF00000000000000000000000000000F9150005
:10EE000000000000000000000000000000C103003E
:10EE10000000000000000000000000000009EF00FA
:10EE2000000000000000000000000000004FE200B1
:10EE30000000000000000000000000000047E300A8
:10EE400000000000000000000000000000E80D00CD
:10EE5000000000000000000000000000000AE900BF
:10EE60000000000000000000000000000039DB008E
:10EE7000000000000000000000000000004AC80080
:10EE8000000000000000000000000000001ADE008A
:10EE9000000000000000000000000000000206006A
:10EEA0000000000000000000000000000013E70068
:10EEB0000000000000000000000000000025EA0043
:10EEC0000000000000000000000000000003EE0051
:10EED00000000000000000000000000000BCF40082
:10EEE0000000000000000000000000000006EF002D
:10EEF0000000000000000000000000000001ED0024
:10EF000000000000000000000000000000EF0B0007
:10EF100000000000000000000000000000DC150000
:10EF200000000000000000000000000000DC0700FE
:10EF30000000000000000000000000000000F904D4
:10EF40000000000000000000000000000000F003CE
:10EF500000000000000000000000000000000203AC
:10EF60000000000000000000000000000000121C73
:10EF700000000000000000000000000000002D194B
:10EF80000000000000000000000000000000FDF88C
:10EF90000000000000000000000000000000FF1260
:10EFA00000000000000000000000000000000AF364
:10EFB0000000000000000000000000000000021639
:10EFC00000000000000000000000000000001F1E04
:10EFD0000000000000000000000000000000EFFB47
:10EFE0000000000000000000000000000000F00E23
:10EFF00000000000000000000000000000000E0DF6
:10F000000000000000000000000000000000231EBF
:10F0100000000000000000000000000000001A19BD
:10F020000000000000000000000000000000FBFEE7
:10F030000000000000000000000000000000020BC3
:10F040000000000000000000000000000000FD22A1
:10F050000000000000000000000000000000FA0EA8
:10F060000000000000000000000000000000FF00A1
:10F0700000000000000000000000000000000C0E76
:10F08000000000000000000000000000000001126D
:10F090000000000000000000000000000000F91562
:10F0A0000000000000000000000000000000F80167
:10F0B0000000000000000000000000000000FB0352
:10F0C0000000000000000000000000000000000937
:10F0D000FA00000000000000000000000000000036
:10F0E0000600000000000000000000000000000713
:10F0F00016000000000000000000000000000013E7
:10F10000F700000000000000000000000000000EFA
:10F11000E90000000000000000000000000000F412
:10F120000D000000000000000000000000000008CA
:10F1300002000000000000000000000000000009C4
:10F14000E50000000000000000000000000000F6E4
:10F15000E40000000000000000000000000000F8D3
:10F16000E7000000000000000000000000000007B1
:10F17000E0000000000000000000000000000007A8
:10F18000DB000000000000000000000000000000A4
:10F19000050000000000000000000000000000F179
:10F1A0002F0000000000000000000000000000F739
:10F1B0002500000000000000000000000000000A20
:10F1C000120000000000000000000000000000EA43
:10F1D0003A0000000000000000000000000000F401
:10F1E000440000000000000000000000000000E6F5
:10F1F000290000000000000000000000000000EBFB
:10F20000E90000000000000000000000000000F322
:10F21000060000000000000000000000000000F8F0
:10F22000EA0000000000000000000000000000FEF6
:10F23000CC0000000000000000000000000000EF13
:10F24000D10000000000000000000000000000E30A
:10F25000DA000000000000000000000000000000D4
:10F2600001ED0000000000000000000000000000B0
:10F27000FB1800000000000000000000000000007B
:10F28000EA00000000000000000000000000000094
:10F2900001D5000000000000000000000000000098
:10F2A00018CF000000000000000000000000000077
:10F2B000FCE600000000000000000000000000006C
:10F2C00013FD00000000000000000000000000002E
:10F2D0000C3D0000000000000000000000000000E5
:10F2E000DE540000000000000000000000000000EC
:10F2F000DF340000000000000000000000000000FB
:10F30000EF07000000000000000000000000000007
:10F310001FEA0000000000000000000000000000E4
:10F3200033C00000000000000000000000000000EA
:10F3300034F00000000000000000000000000000A9
:10F340001F1D000000000000000000000000000081
:10F35000E8190000000000000000000000000000AC
:10F36000D4160000000000000000000000000000B3
:10F37000DEFC0000000000000000000000000000B3
:10F3800002F7000000000000000000000000000084
:10F3900005F8000000000000000000000000000070
:10F3A00015FF000000000000000000000000000049
:10F3B000F3FB00000000000000000000000000005F
:10F3C000F804000000000000000000000000000041
:10F3D000F2E100000000000000000000000000005A
:10F3E000F8EE000000000000000000000000000037
:10F3F00000FCFB0000000000000000000000000016
:10F4000000030600000000000000000000000000F3
:10F4100000E6020000000000000000000000000004
:10F4200000F50300000000000000000000000000E4
:10F4300000FFFD00000000000000000000000000D0
:10F4400000F1FA00000000000000000000000000D1
:10F4500000F1FA00000000000000000000000000C1
:10F4600000E80000000000000000000000000000B4
:10F4700000F8EE00000000000000000000000000A6
:10F480000015F40000000000000000000000000073
:10F4900000F2F70000000000000000000000000083
:10F4A0000005ED000000000000000000000000006A
:10F4B000000DEF0000000000000000000000000050
:10F4C000000002000000000000000000000000003A
:10F4D000000F040000000000000000000000000019
:10F4E00000F7EF0000000000000000000000000036
:10F4F00000EEF90000000000000000000000000025
:10F500000001F10000000000000000000000000009
:10F5100000F60400000000000000000000000000F1
:10F5200000141200000000000000000000000000B5
:10F530000041F0000000000000000000000000009A
:10F54000001C1A0000000000000000000000000085
:10F55000001B04000000000000000000000000008C
:10F56000001FFF000000000000000000000000007D
:10F570000009120000000000000000000000000070
:10F58000000029F000000000000000000000000062
:10F590000000301300000000000000000000000028
:10F5A0000000240F00000000000000000000000028
:10F5B0000000260B0000000000000000000000001A
:10F5C00000000B060000000000000000000000002A
:10F5D000000028FD00000000000000000000000006
:10F5E00000001F03000000000000000000000000F9
:10F5F00000000F1D000000000000000000000000DF
:10F6000000000018000000000000000000000000E2
:10F610000000FD0C000000000000000000000000E1
:10F6200000000404000000000000000000000000D2
:10F63000000008FC000000000000000000000000C6
:10F640000000090C000000000000000000000000A5
:10F6500000000A150000000000000000000000008B
:10F6600000000D1800000000000000000000000075
:10F670000000F41000000000000000000000000086
:10F680000000EDEC000000000000000000000000A1
:10F690000000FDEB00000000000000000000000082
:10F6A0000000F1F500000000000000000000000074
:10F6B0000000FAF50000000000000000000000005B
:10F6C000000000000000000000000000000000003A
:10F6D0000000F6F50000000000000000000000003F
:10F6E0000000F4F500000000000000000000000031
:10F6F0000000F7EF00000000000000000000000024
:10F700000000F4EC010B07E700000000000000001F
:10F7100000000000062D15DD0000000000000000C4
:10F7200000000000053A0FEB0000000000000000A0
:10F73000000000000A3221F3000000000000000079
:10F7400000000000031719EC00000000000000009A
:10F7500000000000FDFFFDE60000000000000000CA
:10F7600000000000000F1EDD00000000000000008F
:10F7700000000000071233EA000000000000000053
:10F7800000000000FE041AF300000000000000006A
:10F790000000000009FF23E6000000000000000058
:10F7A0000000000000FCEDF100000000000000007F
:10F7B00000000000FFFFE1F4000000000000000076
:10F7C0000000000002F5EFF700000000000000005C
:10F7D00000000000FF031500000000000000000012
:10F7E0000000000006FC1BF5000000000000000007
:10F7F00000000000FEF719F7000000000000000004
:10F8000000000000F4ECEEFC00000000000000002E
:10F8100000000000F8EFEF0700000000000000000B
:10F8200000000000F5EBF0190000000000000000EF
:10F8300000000000F6ED13170000000000000000BB
:10F840000000000004FE0EFC0000000000000000AC
:10F850000000000010FEF6EF0000000000000000B5
:10F8600000000000060601F4000000000000000097
:10F870000000000001F2E8FF0000000000000000AE
:10F880000000000008ECE60F00000000000000008F
:10F89000000000000000E402F0E3000000000000AF
:10F8A000000000000000E6F8EAE7000000000000A9
:10F8B000000000000000E71902E80000000000005E
:10F8C000000000000000C8FF02E00000000000008F
:10F8D000000000000000E203F3EB00000000000065
:10F8E000000000000000E916FFDC0000000000003E
:10F8F000000000000000F60F08EB00000000000010
:10F90000000000000000E91603E200000000000013
:10F91000000000000000BBFAE4E800000000000066
:10F92000000000000000EB0DFCE5000000000000FE
:10F93000000000000000F92A18ED0000000000009F
:10F94000000000000000F31B18E1000000000000B0
:10F95000000000000000D2F9F5D90000000000000E
:10F96000000000000000E602EAEA000000000000DB
:10F97000000000000000060E0CFA0000000000006D
:10F98000000000000000EE281CE300000000000062
:10F99000000000000000EF2116DC00000000000065
:10F9A000000000000000FAE8F7EF0000000000008F
:10F9B0000000000000002A01EEFA00000000000034
:10F9C00000000000000022F4F4020000000000002B
:10F9D000000000000000DF111CF600000000000025
:10F9E000000000000000ED161904000000000000F7
:10F9F0000000000000000AFC0803000000000000F6
:10FA00000000000000001EF0F8FE000000000000F2
:10FA100000000000000019FBFEFA000000000000DA
:10FA20000000000000000000FBEC00F500000000FA
:10FA30000000000000000000FA2EF0E300000000CB
:10FA40000000000000000000DD1B051400000000A5
:10FA500000000000000000002BF21438000000003D
:10FA6000000000000000000001F5EC0700000000AD
:10FA7000000000000000000001F11F350000000040
:10FA800000000000000000001FEDF0140000000066
:10FA90000000000000000000F1E918C500000000AF
:10FAA00000000000000000001EDD1A03000000003E
:10FAB0000000000000000000F0E808020000000064
:10FAC00000000000000000001DEE591300000000BF
:10FAD000000000000000000029DA0D0C000000000A
:10FAE0000000000000000000E8DF18D60000000061
:10FAF000000000000000000018D333F000000000F8
:10FB00000000000000000000F8D22FE40000000018
:10FB1000000000000000000018F2320A000000009F
:10FB200000000000000000003CE520F5000000009F
:10FB30000000000000000000F1DEEBF1000000001A
:10FB4000000000000000000003E72AE500000000BC
:10FB5000000000000000000005FDF8E400000000C7
:10FB60000000000000000000F8F420FC000000008D
:10FB700000000000000000001CE9FAF00000000096
:10FB80000000000000000000EFF6F7000000000099
:10FB9000000000000000000001F522D80000000075
:10FBA0000000000000000000F4EA0BF40000000078
:10FBB00000000000000000000000FA0F06EA00004C
:10FBC00000000000000000000000EBF7EBE900007F
:10FBD00000000000000000000000FAE4DEF1000078
:10FBE00000000000000000000000F8F9F9CE00005D
:10FBF0000000000000000000000007FB0FFF0000F5
:10FC000000000000000000000000011732E30000C7
:10FC100000000000000000000000F4F310F80000F5
:10FC20000000000000000000000018E0D1E000002B
:10FC3000000000000000000000001B23CACF0000ED
:10FC40000000000000000000000028F11403000084
:10FC50000000000000000000000020082C2E000022
:10FC60000000000000000000000004D32327000073
:10FC70000000000000000000000024F9F4C40000AF
:10FC80000000000000000000000031FAC7FC000086
:10FC90000000000000000000000046EE251A0000F1
:10FCA000000000000000000000001BF9022300001B
:10FCB00000000000000000000000FCFE0B2100001E
:10FCC0000000000000000000000014FDD2AA0000A7
:10FCD000000000000000000000002CF7D52000000C
:10FCE000000000000000000000001FDC2C070000E6
:10FCF00000000000000000000000081BF50B0000E1
:10FD000000000000000000000000101A02D60000F1
:10FD10000000000000000000000000F5E2DF00002D
:10FD20000000000000000000000020CFFF160000CF
:10FD30000000000000000000000004E215080000C0
:10FD4000000000000000000000000000E6CE1219D4
:10FD5000000000000000000000000000C8D10BF50A
:10FD6000000000000000000000000000CCE805F9E1
:10FD7000000000000000000000000000EA0801F39D
:10FD80000000000000000000000000001D1705FD3D
:10FD9000000000000000000000000000F9CCFD1F82
:10FDA000000000000000000000000000E9CF071A7A
:10FDB000000000000000000000000000D4C2261B6C
:10FDC000000000000000000000000000C6E1330851
:10FDD000000000000000000000000000DE063716F2
:10FDE00000000000000000000000000003FE0C14F2
:10FDF00000000000000000000000000008C109131E
:10FE0000000000000000000000000000FFA6FD0B45
:10FE1000000000000000000000000000DFC50B2B08
:10FE2000000000000000000000000000CBE91419F1
:10FE30000000000000000000000000000B151D1F66
:10FE4000000000000000000000000000130711196E
:10FE50000000000000000000000000002526FF1048
:10FE60000000000000000000000000001926031C34
:10FE700000000000000000000000000003EEFC1580
:10FE80000000000000000000000000002A22ED1326
:10FE90000000000000000000000000002643F213F4
:10FEA0000000000000000000000000002D32F802F9
:10FEB0000000000000000000000000001B21221CC8
:10FEC00000000000000000000000000011EC180A13
:10FED00000000000000000000000000000000C1DF9
:10FEE000F5210000000000000000000000001217D3
:10FEF000F821000000000000000000000000001ACF
:10FF0000F81F000000000000000000000000F212D6
:10FF1000EE0F000000000000000000000000FF0ADB
:10FF2000EF02000000000000000000000000040FCD
:10FF3000E90000000000000000000000000018358B
:10FF4000FB200000000000000000000000000E1474
:10FF5000E21D000000000000000000000000021C84
:10FF6000E70B000000000000000000000000010797
:10FF7000F2EA000000000000000000000000F50EA2
:10FF8000E2EB000000000000000000000000F8129A
:10FF9000F40B000000000000000000000000F01260
:10FFA000CD13000000000000000000000000EF1C66
:10FFB000E501000000000000000000000000FA065B
:10FFC000E8ED000000000000000000000000EE0E60
:10FFD0000410000000000000000000000000F6F720
:10FFE00015EC000000000000000000000000EEF82A
:10FFF000160A000000000000000000000000E9FDFB
:02000004800278
:1000000007EE000000000000000000000000F1F515
:10001000F2E100000000000000000000000010F805
:100020003CF0000000000000000000000000FEDACC
:100030002FF100000000000000000000000009F0A7
:100040000C0400000000000000000000000000FDA3
:10005000FFFC000000000000000000000000FCFDAC
:100060001AFB00000000000000000000000000007B
:10007000F1F2FFF3000000000000000000000000AB
:10008000F7F4E200000000000000000000000000A3
:10009000F6ECE4F6000000000000000000000000A4
:1000A000FECBE7F5000000000000000000000000AB
:1000B00008D4FAEE0000000000000000000000007C
:1000C0000AE9EDF900000000000000000000000057
:1000D000F61406F10000000000000000000000001F
:1000E000E613F4F000000000000000000000000033
:1000F000E817F4E700000000000000000000000026
:10010000EE0D03ED00000000000000000000000004
:100110000AE50CF7000000000000000000000000ED
:100120000E2B24060000000000000000000000006C
:10013000FE492CFF0000000000000000000000004D
:100140000A4C110800000000000000000000000040
:10015000EB13EEF2000000000000000000000000C1
:1001600007E80BFD00000000000000000000000098
:1001700016CC1B0200000000000000000000000080
:1001800015E22DFF0000000000000000000000004C
:1001900016103E16000000000000000000000000E5
:1001A000F420010700000000000000000000000033
:1001B000EE0DF80400000000000000000000000048
:1001C000F90306FD00000000000000000000000030
:1001D000EEDE14F50000000000000000000000004A
:1001E00003B411F400000000000000000000000053
:1001F000F4E50AFDFF110B050DF7FD010308FDF401
:10020000FA0FFAFBFF080302F5041806FEEFEE0FE3
:10021000FB17FB0A04030913080D1308FF08F5F088
:10022000ED0002110913FFFF0BFC0A0BF61DF8FF8E
:10023000EDF3F0070A3A22020313130F0B10FDEC43
:100240001C0904FC07090BF5FC1000F00FF505FB79
:1002500020FF03E708FFFE04FD0BFDFC07F70B1072
:100260000F0F14F61112EA100A0009070C09070310
:10027000062408090B33061613F216FA021F06ECC1
:100280001C100F1407351E0304F409F21114FCF4BA
:100290002AF20CFC07F305D8E010D7FEFCE31801A6
:1002A00016F912F7080817E4E31CE3E901EC1BFF59
:1002B000132E1B000D0C31E7E70FE3EEF70315F5E6
:1002C00014041008102717E0F600D4FDF20EFBEB23
:1002D0000CE7FCFFFC240DE8F4F3F4F6F30AF2DB80
:1002E0000FC3FCF3010F14CCE121D3E3F5D721FBBD
:1002F000EF132000061B21E0E31EE2EDEDDF1D13EE
:100300000F1D1910052836D8E504EB00DFD80FFEC5
:100310001203050C033249D6E226EFFDD9EBFEDECF
:1003200002D9F0FD06232BE7E60FF700EAEEECDF3B
:10033000F5DDE3F5FA271EE0DF0BF4EFF5FB0C012A
:1003400014F3FE09FF0C1B04FA0C06FAEFF6FD0687
:10035000E205FB090709190AFD07FFEEDCF3F1FCD2
:10036000E60EEE030A0B1803F60203E7EB04F8F1BE
:1003700000F5FB01011F4204F704FFEBFD06FEF749
:100380002122FBEF0014002117EA1AF74D24F4EEA6
:100390001309FA1A06F2FA10FFF109D71B10FFEB46
:1003A00006F606F9F8E3010AFCF202EB0606FEFF88
:1003B000F3EA000AFCFAF7F8F9F207F8FCDEF901B3
:1003C000EEFF02FFFB08020803F908F9EDF8F80A4E
:1003D000ECFAFF050FF4FA1404EB03F83A2CF90DCC
:1003E0001406FE1EFDF7E908F30105E9030D05F605
:1003F00009FEFEF1FCFEEA0DFCFF0706F3E2FCFD40
:1004000000E8FB00FF04EAFB05F1030CE901FDEA4B
:10041000EEE3FCF6F910FC0200F00F00FC06EEFA29
:10042000FEDDF5F701F6EB1004E301F71D19F7F710
:1004300009E8F715F101E302F2F702F3F2E5F1F54D
:10044000E6E2EDEBFB09000804FE0B0FE6F2F4F721
:10045000E7DDF6F9051C1DFAFAFD0201F80EEFF3CF
:10046000F3F1F5F70611180209F80A03FA18EF007C
:1004700003EAF4FB04F7DB06FBF9F8F2FEFFF3F8FE
:10048000F4E9F810F60DE804F1F20AFFE2D7ECF116
:10049000DCE7F4FEFD0C0D0A06FB0802EB14F0EF9E
:1004A000F2E9F1F3FF031204020504FF030BEFEF7F
:1004B000FDEFEE0206070508080A0B110E15F7FA04
:1004C00005F9FDF60004E200F6EC08EDF3E2EFFCBE
:1004D000D6F8EB07FA06F11D00FE16FCEDECF20073
:1004E000E0FDF7FDF909061211FB02F8FA09FAF529
:1004F000F3F6F4F9FEFCF803FF08010F090404F019
:10050000FA09FCFA020703110F0D06060F06FEFAA0
:10051000050EFFF82573206F7574206F6620626FDB
:10052000756E647320256C75203E20256C750A005D
:10053000556E6B6E6F776E2050474D2066696C6507
:1005400020666F726D61740050474D20696D616760
:10055000652073697A6520646F6573206E6F7420FF
:100560006D617463682061727261792073697A6564
:100570000000000066726561642829206E756D6256
:100580006572206F662072656164206F626A6563C0
:1005900074732028256C7529206469666665726508
:1005A0006E74207468616E2065787065637465642C
:1005B0002028257529205B646174615D0A000000B4
:1005C00066726561642829206E756D626572206FA0
:1005D000662072656164206F626A656374732028A7
:1005E000256C752920646966666572656E74207471
:1005F00068616E2065787065637465642028257570
:1006000029205B6F757470757454617267657473BB
:100610005D0A0000454F46206E6F7420726561636D
:100620006865642C2046696C65206572726F722063
:1006300021210000726561645F6D6E6973745F698A
:100640006E707574000000000001020203030303D2
:100650000404040404040404050505050505050552
:100660000505050505050505060606060606060632
:10067000060606060606060606060606060606061A
:100680000606060606060606070707070707070702
:1006900007070707070707070707070707070707EA
:1006A00007070707070707070707070707070707DA
:1006B00007070707070707070707070707070707CA
:1006C00007070707070707070808080808080808B2
:1006D000080808080808080808080808080808089A
:1006E000080808080808080808080808080808088A
:1006F000080808080808080808080808080808087A
:100700000808080808080808080808080808080869
:100710000808080808080808080808080808080859
:100720000808080808080808080808080808080849
:100730000808080808080808080808080808080839
:100740000808080808080808494E4600696E66004F
:100750004E414E006E616E003031323334353637E3
:1007600038394142434445460000000030313233BD
:1007700034353637383961626364656600000000DD
:10078000286E756C6C2900003000000080500080DD
:10079000BC4A0080BC4A008074500080BC4A008083
:1007A000BC4A0080BC4A0080BC4A0080BC4A008031
:1007B000BC4A0080784F008064500080BC4A0080B2
:1007C000904F00809C4F0080BC4A008024500080E5
:1007D000884A0080884A0080884A0080884A0080D1
:1007E000884A0080884A0080884A0080884A0080C1
:1007F000884A0080BC4A0080BC4A0080BC4A008015
:10080000BC4A0080BC4A0080BC4A0080BC4A0080D0
:10081000BC4A0080BC4A0080BC4A0080F84F00807F
:10082000E44D0080BC4A0080E44D0080BC4A00805A
:10083000BC4A0080BC4A0080BC4A008098500080BE
:10084000BC4A0080BC4A00807C510080BC4A0080C9
:10085000BC4A0080BC4A0080BC4A0080BC4A008080
:10086000A4500080BC4A0080BC4A0080905C00809C
:10087000BC4A0080BC4A0080BC4A0080BC4A008060
:10088000BC4A0080BC4A0080BC4A0080BC4A008050
:10089000BC4A0080BC4A00803C500080D44E00809E
:1008A000E44D0080E44D0080E44D00803050008035
:1008B000D44E0080BC4A0080BC4A0080944C00802A
:1008C000BC4A0080985200806852008030520080FC
:1008D000944C0080BC4A0080C8510080BC4A008013
:1008E00098510080BC4A0080BC4A0080E85C0080CF
:1008F00020202020202020202020202020202020F8
:1009000030303030303030303030303030303030E7
:1009100028700080886C0080886C00801C700080CB
:10092000886C0080886C0080886C0080886C0080F7
:10093000886C0080886C00807C6F00800C70008068
:10094000886C00808C6F0080986F0080886C0080BD
:1009500000700080546C0080546C0080546C0080E7
:10096000546C0080546C0080546C0080546C008087
:10097000546C0080546C0080886C0080886C00800F
:10098000886C0080886C0080886C0080886C008097
:10099000886C0080886C0080886C0080886C008087
:1009A000EC6F0080886C0080886C0080886C008010
:1009B000886C0080886C0080886C0080886C008067
:1009C000886C0080886C0080886C0080AC7000802F
:1009D000886C0080886C0080886C0080886C008047
:1009E000886C008060700080886C0080886C00805B
:1009F00044770080886C0080886C0080886C008060
:100A0000886C0080886C0080886C0080886C008016
:100A1000886C0080886C0080886C0080407000804A
:100A2000D86E0080886C0080886C0080886C0080A4
:100A300074710080D86E0080886C0080886C0080A3
:100A4000E06D0080886C00803C7100801471008033
:100A500008720080E06D0080886C0080A8710080C2
:100A6000886C008080710080886C0080886C0080B9
:100A70009877008020202020202020202020202067
:100A800020202020303030303030303030303030A6
:100A90003030303043000000504F534958000000C0
:100AA0002E000000496E66696E69747900000000CE
:100AB0004E614E0042616C6C6F63207375636365B9
:100AC00065646564000000002E2E2F2E2E2F2E2E22
:100AD0002F2E2E2F2E2E2F2E2E2F7372632F6E65FC
:100AE000776C69622F6E65776C69622F6C696263DF
:100AF0002F7374646C69622F64746F612E630000DD
:100B00002E2E2F2E2E2F2E2E2F2E2E2F2E2E2F2E00
:100B10002E2F7372632F6E65776C69622F6E657707
:100B20006C69622F6C6962632F7374646C69622FE5
:100B30006D707265632E63000500000019000000EF
:100B40007D00000000000000000000000000F03FF9
:100B50000000000000002440000000000000594098
:100B60000000000000408F40000000000088C340EB
:100B700000000000006AF8400000000080842E4160
:100B800000000000D01263410000000084D79741AC
:100B90000000000065CDCD41000000205FA00242B2
:100BA000000000E876483742000000A2941A6D4227
:100BB000000040E59C30A2420000901EC4BCD6421A
:100BC00000003426F56B0C430080E03779C34143C5
:100BD00000A0D8855734764300C84E676DC1AB433B
:100BE000003D9160E458E143408CB5781DAF154459
:100BF00050EFE2D6E41A4B4492D54D06CFF0804434
:100C0000F64AE1C7022DB544B49DD9794378EA4448
:100C1000BC89D897B2D29C3C33A7A8D523F64939D2
:100C20003DA7F444FD0FA5329D978CCF08BA5B25F4
:100C3000436FAC642806C80A0080E03779C341439B
:100C4000176E05B5B5B89346F5F93FE9034F384D32
:100C5000321D30F94877825A3CBF737FDD4F1575DE
:100C6000002020202020202020202828282828207C
:100C70002020202020202020202020202020202074
:100C800020881010101010101010101010101010DC
:100C900010040404040404040404041010101010CC
:100CA0001010414141414141010101010101010196
:100CB00001010101010101010101010110101010E8
:100CC0001010424242424242020202020202020268
:100CD00002020202020202020202020210101010BC
:100CE00020000000000000000000000000000000E4
:100CF00000000000000000000000000000000000F4
:100D000000000000000000000000000000000000E3
:100D100000000000000000000000000000000000D3
:100D200000000000000000000000000000000000C3
:100D300000000000000000000000000000000000B3
:100D400000000000000000000000000000000000A3
:100D50000000000000000000000000000000000093
:100D6000000000002C2066756E6374696F6E3A2077
:100D700000000000617373657274696F6E20222534
:100D80007322206661696C65643A2066696C65202F
:100D9000222573222C206C696E652025642573251D
:100DA000730A00000CD40080B8D2008064D20080A6
:100DB000B8D3008064D20080C8D2008064D20080A2
:100DC000B8D30080B8D20080B8D20080C8D20080EA
:100DD000B8D3008044D3008044D3008044D3008043
:040DE000C8D20080F5
:100DE4001000000000000000037A5200017C0101A1
:100DF4001B0D020010000000180000000416FEFF86
:100E0400DC04000000000000100000002C000000C2
:0C0E1400CC1AFEFF90040000000000005B
:100E200000000010000000000000000000000000B2
:100E300000000000000000000000000000000000B2
:100E4000000000000000000050350A323420323427
:100E50000A3235350A0000000000000000000000E2
:100E60000000000000000000000000000000000082
:100E70000000000000000000000000000000000072
:100E80000000000000000000000000000000000062
:100E90000000000000000000000000000000000052
:100EA000000000000005040000000000000002D265
:100EB00042000000000000000000000007B38700AF
:100EC00000000000000064FE5C0000000000000064
:100ED000000000006FFE9D00000000000003CBFE3C
:100EE000360000000000000000000020E7FE660061
:100EF000000000000024FED81200000000000000E6
:100F00000000007EFEB300000000000000ACFE3BCD
:100F1000000000000000000000002EFCEA120000AB
:100F20000000000005E2F5230000000000000000C2
:100F3000000080FE660000000000000025FEA90001
:100F40000000000000000000001AF1FB1300000088
:100F500000000000AAFE5500000000000000000094
:100F6000002EFEC20000000000000009E7F623008A
:100F700000000000000000000076FF981D00000047
:100F800000000074FEB60000000000000000000039
:100F90000076FEFEF3D7D7D7CAB985D1FE830011FC
:100FA0000000000000000000003EF3FEFEFEFEFE1A
:100FB000FEFEFEFEFEE89D23000000000000000093
:100FC00000004684944649616161BBFEF922040039
:100FD0000000000000000000000000000000000011
:100FE0000000AEFE710000000000000000000000E4
:100FF00000000000000000000016EEFE35000000BA
:1010000000000000000000000000000000000000E0
:101010000073FE9F010000000000000000000000BF
:10102000000000000000000000AEFE6100000000B3
:1010300000000000000000000000000000000000B0
:1010400000D7FE7300000000000000000000000058
:10105000000000000000000055FBFE6900000000D9
:101060000000000000000000000000000000000080
:1010700054F2880A00000000000000000000000098
:101080000000000000000000000000000000000060
:10109000000000000004000000000000000000004C
:1010A0000300000034200280000000003420028091
:1010B0009C2002800421028000000000000000004B
:1010C0000000000000000000000000000000000020
:1010D0000000000000000000000000000000000010
:1010E0000000000000000000000000000000000000
:1010F00000000000000000000000000000000000F0
:1011000000000000000000000000000000000000DF
:1011100000000000000000000000000000000000CF
:1011200000000000000000000000000000000000BF
:1011300000000000000000000000000000000000AF
:1011400001000000000000000E33CDAB34126DE64C
:10115000ECDE05000B0000000000000000000000B5
:10116000000000000000000000000000000000007F
:10117000000000000000000000000000000000006F
:10118000000000000000000000000000000000005F
:10119000000000000000000000000000000000004F
:1011A000000000000000000000000000000000003F
:1011B000000000000000000000000000000000002F
:1011C000000000000000000000000000000000001F
:1011D000C8110280C8110280D0110280D011028093
:1011E000D8110280D8110280E0110280E011028043
:1011F000E8110280E8110280F0110280F0110280F3
:10120000F8110280F81102800012028000120280A0
:10121000081202800812028010120280101202804E
:1012200018120280181202802012028020120280FE
:1012300028120280281202803012028030120280AE
:10124000381202803812028040120280401202805E
:10125000481202804812028050120280501202800E
:1012600058120280581202806012028060120280BE
:10127000681202806812028070120280701202806E
:10128000781202807812028080120280801202801E
:1012900088120280881202809012028090120280CE
:1012A0009812028098120280A0120280A01202807E
:1012B000A8120280A8120280B0120280B01202802E
:1012C000B8120280B8120280C0120280C0120280DE
:1012D000C8120280C8120280D0120280D01202808E
:1012E000D8120280D8120280E0120280E01202803E
:1012F000E8120280E8120280F0120280F0120280EE
:10130000F8120280F812028000130280001302809B
:101310000813028008130280101302801013028049
:1013200018130280181302802013028020130280F9
:1013300028130280281302803013028030130280A9
:101340003813028038130280401302804013028059
:101350004813028048130280501302805013028009
:1013600058130280581302806013028060130280B9
:101370006813028068130280701302807013028069
:101380007813028078130280801302808013028019
:1013900088130280881302809013028090130280C9
:1013A0009813028098130280A0130280A013028079
:1013B000A8130280A8130280B0130280B013028029
:1013C000B8130280B8130280C0130280C0130280D9
:1013D000C8130280C8130280D0130280D013028089
:1013E000D8130280D8130280E0130280E013028039
:1013F000E8130280E8130280F0130280F0130280E9
:10140000F8130280F8130280001402800014028096
:101410000814028008140280101402801014028044
:1014200018140280181402802014028020140280F4
:1014300028140280281402803014028030140280A4
:101440003814028038140280401402804014028054
:101450004814028048140280501402805014028004
:1014600058140280581402806014028060140280B4
:101470006814028068140280701402807014028064
:101480007814028078140280801402808014028014
:1014900088140280881402809014028090140280C4
:1014A0009814028098140280A0140280A014028074
:1014B000A8140280A8140280B0140280B014028024
:1014C000B8140280B8140280C0140280C0140280D4
:1014D000C8140280C8140280D0140280D014028084
:1014E000D8140280D8140280E0140280E014028034
:1014F000E8140280E8140280F0140280F0140280E4
:10150000F8140280F8140280001502800015028091
:10151000081502800815028010150280101502803F
:1015200018150280181502802015028020150280EF
:10153000281502802815028030150280301502809F
:10154000381502803815028040150280401502804F
:1015500048150280481502805015028050150280FF
:1015600058150280581502806015028060150280AF
:10157000681502806815028070150280701502805F
:10158000781502807815028080150280801502800F
:1015900088150280881502809015028090150280BF
:1015A0009815028098150280A0150280A01502806F
:1015B000A8150280A8150280B0150280B01502801F
:1015C000B8150280B8150280C0150280C0150280CF
:1015D00043000000000000000000000000000000C8
:1015E00000000000000000000000000000000000FB
:1015F00043000000000000000000000000000000A8
:1016000000000000000000000000000000000000DA
:101610004300000000000000000000000000000087
:1016200000000000000000000000000000000000BA
:101630004300000000000000000000000000000067
:10164000000000000000000000000000000000009A
:101650004300000000000000000000000000000047
:10166000000000000000000000000000000000007A
:101670004300000000000000000000000000000027
:10168000000000000000000000000000000000005A
:101690004300000000000000000000000000000007
:1016A000000000000000000000000000000000003A
:1016B00094BA0080A0A2008000000000600C0280AC
:1016C000A00A028094F4008094F4008094F40080D6
:1016D00094F4008094F4008094F4008094F40080EA
:1016E00094F4008094F40080FFFFFFFFFFFFFFFFF2
:1016F000FFFFFFFFFFFF0000010041534349490086
:1017000000000000000000000000000000000000D9
:101710000000000000000000000041534349490060
:1017200000000000000000000000000000000000B9
:0C173000000000000000000000000000AD
:10174000FFFFFFFFFFFFEF7F000000000000F83FFA
:1017500061436F63A787D23FB3C8608B288AC63FB7
:10176000FB799F501344D33F000000000000F03F7E
:1017700000000000000024400000000000001C40A9
:101780000000000000001440000000000000E03FE6
:1017900030230280A8100280FFFFFFFF000002003C
:0400000580000080F7
:00000001FF
