:0200000480007A
:100000006F00402E6F00801D6F00C02C6F00802C91
:100010006F00402C6F00002C6F00C02B6F00802BF6
:100020006F00402B6F00002B6F00C02A6F00802AEA
:100030006F00402A6F00002A6F00C0296F008029DE
:100040006F0040296F0000296F00C0286F008028D2
:100050006F0040286F0000286F00C0276F008027C6
:100060006F0040276F0000276F00C0266F008026BA
:100070006F0040266F0000266F00C0256F00C0365D
:10008000972102009381C17B17010300130181F7BF
:1000900017050000130505F713651500731055309B
:1000A0001385C1C717360200130686F93306A6402A
:1000B00093050000EF40404A1745000013054544F2
:1000C000EF30D020EF40C039130500009305000049
:1000D00013060000EF00C0006F3090206780000022
:1000E000130101D993078100130710009306010142
:1000F0001306800193058001130500242326112691
:10010000232481262322912623202127232E3125D3
:10011000232C4125EF20D05CF32920B0F32400B03C
:10012000930671001306C1009305810013050101B8
:10013000EF00507213040500732A20B0732900B039
:10014000832581001705010013050503EF30906238
:100150008325C1001705010013050503EF309061E9
:10016000930504001705010013050503EF309060A7
:10017000834571001705010013050503EF30905FFB
:1001800033063A41970501009385050317050100E1
:1001900013050503EF30105E330699409705010003
:1001A000938585011705010013054503EF30905C29
:1001B0008320C12603248126832441260329012686
:1001C0008329C125032A8125130500001301012776
:1001D0006780000013050000678000001305000021
:1001E0006780000013050000678000001305000011
:1001F0006780000013050000678000001305000001
:1002000067800000130500006780000013050000F0
:1002100067800000130500006780000013050000E0
:1002200067800000130500006780000013050000D0
:1002300067800000130500006780000013050000C0
:1002400067800000130500006780000013050000B0
:1002500067800000130500006780000013050000A0
:100260006780000013050000678000001305000090
:100270006780000013050000678000001305000080
:100280006780000013050000678000001305000070
:100290006780000013050000678000001305000060
:1002A0006780000013050000678000001305000050
:1002B0006780000013050000678000001305000040
:1002C0006780000013050000678000001305000030
:1002D0006780000017050100130515CDEF30505B56
:1002E0006FF05FFF130101FC232011002322A10006
:1002F0002324B1002326C1002328D100232AE100B2
:10030000232CF100232E010123201103232251026B
:1003100023246102232671022328C103232AD10347
:10032000232CE103232EF103F322203413032000B6
:10033000638862021303B000638862001303300015
:10034000638862006F00C002EF0000346F0040035A
:1003500017050100130505C1EF3090536F004002EF
:1003600017050100130505BBEF3090526F004001E7
:1003700017050100130525C1EF3090516F004002B1
:10038000F322103403830200130530003373A300FB
:100390006314A3009382220093822200739012348C
:1003A0008320010003254100832581000326C1002D
:1003B0008326010103274101832781010328C1010D
:1003C0008328010283224102032381028323C10285
:1003D000032E0103832E4103032F8103832FC103C7
:1003E0001301010473002030730020303305A04056
:1003F00023A4A1C81305F0FF6780000017070100C0
:100400001307C7BC93075005B70600101307170062
:1004100023A0F60083470700E39A07FE67800000E9
:100420009307800523A4F1C81305F0FF678000003F
:100430009307800523A4F1C81305F0FF678000002F
:100440009307800523A4F1C81305F0FF678000001F
:100450009307800523A4F1C81305F0FF678000000F
:100460009307800523A4F1C81305F0FF67800000FF
:100470001305F0FF678000009307C00023A4F1C8B4
:100480001305F0FF67800000B707048023A0A700D2
:10049000730050106F0000009307800523A4F1C87B
:1004A0001305F0FF678000009307B00023A4F1C894
:1004B0001305F0FF67800000B727000023A2F500B6
:1004C00013050000678000009307800523A4F1C88E
:1004D0001305F0FF678000009307800523A4F1C88F
:1004E0001305F0FF67800000930780FA23A4F1C88A
:1004F00013050000678000001305100067800000EE
:10050000930780FA23A4F1C81305F0FF6780000069
:100510001305F5FF13351500678000009307600190
:1005200023A4F1C81305F0FF678000009307F001D2
:1005300023A4F1C81305F0FF678000001305000035
:10054000678000009307800523A4F1C81305F0FF1E
:10055000678000001305F0FF6780000093078005A7
:1005600023A4F1C81305F0FF678000001305000005
:1005700067800000B727000023A2F50013050000E4
:10058000678000001305F0FF678000001305F0FF8F
:10059000678000009307200023A4F1C81305F0FF33
:1005A000678000009307800523A4F1C81305F0FFBE
:1005B000678000009307A00023A4F1C81305F0FF93
:1005C00067800000130101FF232021011389C1C7A7
:1005D0008327090023248100232291002326110070
:1005E0009384050013040600638A070213060400BF
:1005F000938504001715020013054554EF0080533E
:100600008320C100130504000324810083244100DA
:10061000032901001301010167800000B7C5010033
:1006200013063000938505201715020013050551A8
:10063000EF000043930710002320F9006FF01FFB29
:1006400023A6A1C613050000678000001387C1C65A
:10065000832707003385A7002320A700637C25009C
:10066000170703001307079A6376E5001385070051
:10067000678000009307C00023A4F1C89307F0FF30
:100680001385070067800000130101FF23229100FA
:1006900023261100930710089384050063C21709ED
:1006A0009307F00263D61703938808FD930710059C
:1006B00063E4170317070100130787939398280033
:1006C000B388E80083A70800B387E70067800700C6
:1006D000930710016380F80A13075005970701007C
:1006E0009387C78EB70600109387170023A0E600F4
:1006F00003C70700E31A07FE8320C10083244100DB
:1007000013010101678000008320C1009307800569
:1007100023A4F1C883244100130101016780000074
:100720009307F040E3CA17FB9307F03F63D6170324
:10073000938808C09307F000E3E017FB1707010058
:100740001307879F93982800B388E80083A70800C1
:10075000B387E700678007009307C00AE38EF8F8C5
:1007600063C6170393079009E388F8F89307900A84
:10077000E394F8F6930780FA23A4F1C86FF0DFF74B
:10078000B727000023A2F4006FF01FF79307600D56
:10079000E394F8F423A6A1C66FF01FF69307F001C7
:1007A00023A4F1C86FF05FF59307200023A4F1C8DC
:1007B0006FF09FF4B707048023A0A70073005010C8
:1007C0006F0000009307600123A4F1C86FF0DFF20F
:1007D000232021011389C1C7832709002324810015
:1007E0001304060063860702130604000324810035
:1007F000032901008320C100938504008324410064
:100800001715020013058533130101016F008032B3
:10081000B7C50100130630009385052017150200A7
:100820001305C531EF00C023930710002320F90002
:100830006FF09FFB8327C50063880720832805018D
:10084000638408200328050003469500032745011B
:100850008346480133E6C600A304C50093F60602AA
:100860006382061EB386E840130600011383060068
:100870006374D60013030001638AE81C3386E70023
:10088000034E060093051700130610002300C8014D
:10089000232AB5006370D61A3386B700834E06004C
:1008A00013062700130E20002300D801232AC500B9
:1008B0006372DE183386C700834E060013063700C6
:1008C000130E30002300D801232AC5006374DE16FE
:1008D0003386C700834E060013064700130E400000
:1008E0002300D801232AC5006376DE143386C700AF
:1008F000834E060013065700130E50002300D80144
:10090000232AC5006378DE123386C700834E0600B3
:1009100013066700130E60002300D801232AC500C8
:10092000637ADE103386C700834E06001306770015
:10093000130E70002300D801232AC500637CDE0E4D
:100940003386C700834E060013068700130E80000F
:100950002300D801232AC500637EDE0C3386C7003E
:10096000834E060013069700130E90002300D80153
:10097000232AC5006370DE0C3386C700834E060051
:100980001306A700130EA0002300D801232AC500D8
:100990006372DE0A3386C700834E06001306B70073
:1009A000130EB0002300D801232AC5006374DE08AB
:1009B0003386C700834E06001306C700130EC0001F
:1009C0002300D801232AC5006376DE063386C700DC
:1009D000834E06001306D700130ED0002300D80163
:1009E000232AC5006378DE043386C700834E0600E1
:1009F0001306E700130EE0002300D801232AC500E8
:100A0000637ADE023386C700834E06001306F700C2
:100A1000130EF0002300D801232AC500637CDE00FA
:100A2000B387C70083C70700130707012300F80037
:100A3000232AE50013070000638406001307F3FF71
:100A40003307B7006384E8006780000083474800ED
:100A50002328050093F7D70F2302F80067800000D2
:100A6000130101FE232A910083240500232C810019
:100A70002328210123263101232E11002382040083
:100A800023840400930770FC2384F400238804006B
:100A90002322B500130405003785D71713890500F5
:100AA0009309060093060000138605001305054010
:100AB00093050000EF209038B70780006374F502BB
:100AC0009357F500130700F82386E40093F7F70F18
:100AD000135575002382F4001375F50F2380A400CD
:100AE000238604002386340123043401A304040074
:100AF00097070000938747D4232224018320C10154
:100B00002328040023260400232A0400232E0400A3
:100B1000232C0400232204022320F4020324810155
:100B200083244101032901018329C100130101022A
:100B300067800000130101FF23260100638A050876
:100B400063080608032505003388C5001307100352
:100B500083474501232601000326C10093F6F70FC2
:100B6000636CC7008327C100938717002326F10019
:100B70008327C100E378F7FE93F70602E38A07FCB8
:100B8000232601008327C100636CF7008327C1007F
:100B9000938717002326F1008327C100E378F7FE2F
:100BA00083C705002300F500232601008327C10029
:100BB000636CF7008327C100938717002326F10099
:100BC0008327C100E378F7FE93851500E39205F9CA
:100BD00013010101678000006384050403C605005A
:100BE0006300060403270500130101FF9386150027
:100BF0008347470193F7F70FA307F1008347F100FD
:100C000093F70702E38607FE2300C70003C606002A
:100C100093861600E31E06FC1301010167800000A5
:100C200067800000630C0602638A05020327050043
:100C300097060000938646C02326B50083474700E9
:100C40002328C500232A05002320D50293E7270087
:100C50002302F700F32740F1638407006780000058
:100C60003727000C97170200938747ED832607006C
:100C70003305F5401335150093071000B397A7000F
:100C8000B3E7D7002320F700678000008327050023
:100C9000034795008326050183C7470133E7E70033
:100CA000A304E50093F7F70F6398060093D7670056
:100CB00013F517006780000013050000678000002F
:100CC0001307050063800506630E0604032805006C
:100CD0008346950083474801B3E6D700A304D500B7
:100CE00093F7170063800704130500006F0080006E
:100CF0006308A60283460800B387A5001305150004
:100D00002380D700032807008346970083474801C4
:100D1000B3E6D700A304D70093F71700E39A07FCC4
:100D2000678000001305000067800000F32740F192
:100D300063960702B726000C17170200130707E097
:100D400003A606003307E54013371700930710008A
:100D5000B397E700B3E7C70023A0F600B707010089
:100D60009387F7FF638CF5000327050093F5F500E3
:100D700083474700B3E7B7002302F700678000000E
:100D8000638E05029307000C63EAC7020327050080
:100D9000232EB5008347870093F7F703B3E7C70017
:100DA00093F7F70F2304F7008347470093E71700F3
:100DB0002302F700F32740F16384070067800000F7
:100DC0003727000C97170200938747D78326070021
:100DD0003305F5401335150093071000B397A700AE
:100DE000B3E7D7002320F700678000006384050283
:100DF000032705002320B50223260500834747006B
:100E00002328050093E727002302F700F32740F18A
:100E100063840700678000003727000C97170200E3
:100E20009387C7D1832607003305F5401335150096
:100E300093071000B397A700B3E7D7002320F7006C
:100E40006780000063800502032705002322B502A6
:100E50008347470093E787002302F700F32740F119
:100E600063840700678000003727000C9717020093
:100E70009387C7CC832607003305F540133515004B
:100E800093071000B397A700B3E7D7002320F7001C
:100E90006780000063880512630606128327050039
:100EA0008346950003C74701B366D700A304D50066
:100EB00013770702630807101307000113050600E4
:100EC0006374C7001305000183C6050013071000F3
:100ED0002380D700637AC70E83C61500130720004E
:100EE0002380D7006372C70E83C625001307300026
:100EF0002380D700637AC70C83C6350013074000F0
:100F00002380D7006372C70C83C6450013075000C7
:100F10002380D700637AC70A83C655001307600091
:100F20002380D7006372C70A83C665001307700069
:100F30002380D700637AC70883C675001307800033
:100F40002380D7006372C70883C68500130790000B
:100F50002380D700637AC70683C695001307A000D5
:100F60002380D7006372C70683C6A5001307B000AD
:100F70002380D700637AC70483C6B5001307C00077
:100F80002380D7006372C70483C6C5001307D0004F
:100F90002380D700637AC70283C6D5001307E00019
:100FA0002380D7006372C70283C6E5001307F000F1
:100FB0002380D700637AC70003C7F5002380E700CA
:100FC000678000001305000067800000832705008C
:100FD0000347950083C74701A304050033E5E700F5
:100FE0001375E509678000008327050003C58701A5
:100FF00067800000032705008347950003474701EA
:10100000B367F700A304F5001375070667800000B7
:10101000032705008347C70093E707042306F7006B
:1010200067800000032705008347C70093F7F70B8D
:101030002306F700678000009306050093870500EC
:101040001307100013068001930580011305002487
:101050006F101069130101FF23248100130406009F
:101060002322910013860600938405009305040053
:1010700023261100EF00000383A7040013050000DE
:1010800063C80700032504003305F5401335150038
:101090008320C10003248100832441001301010146
:1010A00067800000130101FB23268104232491049F
:1010B0002322210523203105232E4103232C510314
:1010C000232A610323287103232681032324910308
:1010D0002322A1032320B103930705002B00000066
:1010E00013050000130B000093030000138A01EEA8
:1010F000138C71EE938D91EE138DA1EE938CB1EE66
:10110000938BC1EE130300089308F00F938A03003A
:10111000232261012324A1002326F1002328B1000A
:10112000232AC1008327C1000327410037F9FFFFAD
:10113000130909793387E70083278100130500002D
:101140009303F062139B470093070B0023202101B8
:10115000138B0A00938A07003368AB00930687015C
:10116000130607039305870493870A00137E37004D
:10117000E3DC531183270100B387FA0063140E00E8
:101180006F105041930E20006314DE016F10D043A6
:10119000B306FA0023800600E3080816930603004E
:1011A0008B06000013C6F6FF1356F641B3F6C600D1
:1011B00093D68640138611EE3306F60063D4D8002A
:1011C0009306F00F2300D600930603008B06000061
:1011D00013C6F6FF1356F641B3F6C60093D6864003
:1011E000138621EE3306F60063D4D8009306F00F81
:1011F0002300D600930603008B06000013C6F6FFFB
:101200001356F641B3F6C60093D68640138631EEE8
:101210003306F60063D4D8009306F00F2300D600FF
:10122000930603008B06000013C6F6FF1356F64123
:10123000B3F6C60093D68640138641EE3306F60019
:1012400063D4D8009306F00F2300D6009306030062
:101250008B06000013C6F6FF1356F641B3F6C60020
:1012600093D68640138651EE3306F60063D4D80039
:101270009306F00F2300D600930603008B060000B0
:1012800013C6F6FF1356F641B3F6C60093D6864052
:10129000138661EE3306F60063D4D8009306F00F90
:1012A0002300D600930603008B06000013C6F6FF4A
:1012B0001356F641B3F6C60093D686403306FC00BB
:1012C00063D4D8009306F00F2300D60093060300E2
:1012D0008B06000013C6F6FF1356F641B3F6C600A0
:1012E00093D68640138681EE3306F60063D4D80089
:1012F0009306F00F2300D600930603008B06000030
:1013000013C6F6FF1356F641B3F6C60093D68640D1
:101310003386FD0063D4D8009306F00F2300D60077
:10132000930603008B06000013C6F6FF1356F64122
:10133000B3F6C60093D686403306FD0063D4D800CA
:101340009306F00F2300D600930603008B060000DF
:1013500013C6F6FF1356F641B3F6C60093D6864081
:101360003386FC0063D4D8009306F00F2300D60028
:10137000930603008B06000013C6F6FF1356F641D2
:10138000B3F6C60093D686403386FB0063D4D800FC
:101390009306F00F2300D600930603008B0600008F
:1013A00013C6F6FF1356F641B3F6C60093D6864031
:1013B0001386D1EE3306F60063D4D8009306F00FFF
:1013C0002300D600930603008B06000013C6F6FF29
:1013D0001356F641B3F6C60093D686401386E1EE67
:1013E0003306F60063D4D8009306F00F2300D6002E
:1013F000930603008B06000013C6F6FF1356F64152
:10140000B3F6C60093D686401386F1EEB307F60016
:1014100063D4D8009306F00F2380D700130515007E
:101420009307B00013072700938A0A01E316F5D249
:1014300083274100930A1B00938707032322F100AF
:10144000832781009387B7002324F100E39CAACC73
:1014500003280101032641012B0C000037FEFFFF8A
:10146000971702009387C70737FBFFFFB7FAFFFF05
:10147000B7F3FFFFB7F2FFFF13050000130E0E795D
:1014800013830700938807001309000017F4000076
:10149000130444EC1307F062130B0B7A930D400115
:1014A000938A0A7D9383037C9382027B9304800159
:1014B000130C05002320C10113155900938B08005C
:1014C000930C00002328F100232A2101232C110171
:1014D000232E010193050600336D9C0163160D4216
:1014E000130F000817E60100130686809307050016
:1014F000130840009308900113090F002322810173
:10150000232471012326A1006F00C0118329050047
:10151000832B4500032C8500832CC50003AE0600F9
:1015200083AE460003AF860083AFC6005B302FCE8C
:10153000938607016354D700B3866701B306DA00C8
:10154000130506FD83290500832B4500032C850028
:10155000832CC50003AE060083AE460003AF8600B1
:1015600083AFC6005B302FCE938607026354D7004B
:10157000B3865700B306DA00130506FE832905007B
:10158000832B4500032C8500832CC50003AE060089
:1015900083AE460003AF860083AFC6005B302FCE1C
:1015A000938607036354D700B3867700B306DA0047
:1015B000130506FF83290500832B4500032C8500B6
:1015C000832CC50003AE060083AE460003AF860041
:1015D00083AFC6005B302FCE938607046354D700D9
:1015E000B3865701B306DA00E30C98100325060012
:1015F00083294600832B8600032CC60003AE060019
:1016000083AE460003AF860083AFC6005BA0E6C58D
:10161000130D5D009387070B13060605130858008A
:1016200063041D05938607006356F70083260100B7
:10163000B386D700B306DA00130506FCE3180DECF9
:1016400083290500832B4500032C8500832CC500CE
:1016500003AE060083AE460003AF860083AFC6002C
:101660005B392FCE6FF0DFEC9347F9FF93D7F7414B
:10167000B377F90093D787409306F00F032C41000E
:10168000832B81000325C10063D4F6009307F00F7C
:101690002380FB1617F80000130808C613860B00FA
:1016A00097D701009387C779170E0200130E4EB823
:1016B0009308F00F8326080083AE070003AF4700AE
:1016C00083AF870003A9C7008BD6FD9793860701D8
:1016D00083AE060003AF460083AF860003A9C600B1
:1016E0000BD0FD9783AE060103AF460183AF8601A1
:1016F00003A9C6010BD0FD9783AE060203AF4602D5
:1017000083AF860203A9C6020BD0FD9783AE060302
:1017100003AF460383AF860303A9C6030BD0FD972F
:101720009386070583AE060003AF460083AF8600AD
:1017300003A9C6000BD0FD9783AE060103AF460197
:1017400083AF860103A9C6010BD0FD9783AE0602C5
:1017500003AF460283AF860203A9C6020BD0FD97F2
:1017600083AE060303AF460383AF860303A9C60314
:101770000BD0FD979386070983AE060003AF4600A2
:1017800083AF860003A9C6000BD0FD9783AE060188
:1017900003AF460183AF860103A9C6010BD0FD97B5
:1017A00083AE060203AF460283AF860203A9C602D8
:1017B0000BD0FD9783AE060303AF460383AF8603CA
:1017C00003A9C6030BD0FD979386070D83AE0600D1
:1017D00003AF460083AF860003A9C6000BD0FD9778
:1017E00083AE060103AF460183AF860103A9C6019C
:1017F0000BD0FD9783AE060203AF460283AF86028D
:1018000003A9C6020BD0FD9783AE060303AF4603C0
:1018100083AF860303A9C6030BD0FD9793860711F8
:1018200083AE060003AF460083AF860003A9C6005F
:101830000BD0FD9783AE060103AF460183AF86014F
:1018400003A9C6010BD0FD9783AE060203AF460283
:1018500083AF860203A9C6020BD0FD9783AE0603B1
:1018600003AF460383AF860303A9C6030BD0FD97DE
:101870009386071583AE060003AF460083AF86004C
:1018800003A9C6000BD0FD979386071683AE06000A
:1018900003AF460083AF860003A9C6000BD0FD97B7
:1018A0009386071783AE060003AF460083AF86001A
:1018B00003A9C6000BD0FD979386071883AE0600D8
:1018C00003AF460083AF860003A9C6008BD6FD9701
:1018D00093CEF6FF93DEFE41B3F6D60193D6864053
:1018E0009387071963D4D8009306F00FA300D61688
:1018F0001308480013061600E39EC7DB938B8B0189
:1019000013050502930C1000930705006356A7000A
:1019100083270100B307F500B307FA009306000818
:1019200003AE070083AE470003AF870083AFC70055
:10193000DB06000013060000930705009308700102
:10194000930950011309600193860701138807006A
:101950006354D700B3866701B306DA00630E160D31
:1019600003AE060083AE460003AF860083AFC60019
:101970005B000000138E0702B38657006364C70143
:1019800093060E00B306DA006302265B03AE060080
:1019900083AE460003AF860083AFC6005B00000045
:1019A000138E0703B38677006364C70193060E00A6
:1019B000B306DA006302365B03AE060083AE460070
:1019C00003AF860083AFC6005B000000138E0704E0
:1019D000B38657016364C70193060E00B306DA00AD
:1019E0006302B65B03AE060083AE460003AF86001B
:1019F00083AFC6005B0000009387070B6354F706B4
:101A0000130808841306560033080A016302960679
:101A1000032E0800832E4800032F8800832FC80060
:101A20005B0000009386070113880700E344D7F2A8
:101A3000B306DA00E31616F303AE060083AE4600E3
:101A400003AF860083AFC600DB060000138E0702DB
:101A5000B306CA01E37CC7F3B3865700B306DA00C6
:101A60006FF0DFF2130656003308FA00E31296FA1D
:101A7000032E0800832E4800032F8800832FC80000
:101A80005B0800006FF05FEC630408006F104032E9
:101A900063140E006F10C02C130520006312AE06F5
:101AA0001305030017E800001308C8740324080096
:101AB00083244800032988008329C800035E0700A7
:101AC0008352270093920201336E5E0083DE06008C
:101AD00083D2260093920201B3EE5E00035F0600FC
:101AE0008352260093920201336F5F0083DF05006B
:101AF00083D2250093920201B3EF5F005B85929C35
:101B0000B3065A01238006009306030017EE000077
:101B1000130E4E6F03260E0083254E0003258E0004
:101B20000328CE008BC6968213C6F6FF1356F641E5
:101B3000B3F6C60093D68640138611EE3306F60040
:101B400063D4D8009306F00F2300D60017EE0000F0
:101B5000130E4E6C9306030003260E0083254E00E1
:101B600003258E000328CE008BC6968213C6F6FF8F
:101B70001356F641B3F6C60093D68640138621EE7F
:101B80003306F60063D4D8009306F00F2300D60086
:101B900017EE0000130E0E699306030003260E00D5
:101BA00083254E0003258E000328CE008BC6968227
:101BB00013C6F6FF1356F641B3F6C60093D6864019
:101BC000138631EE3306F60063D4D8009306F00F87
:101BD0002300D60017EE0000130ECE659306030017
:101BE00003260E0083254E0003258E000328CE0019
:101BF0008BC6968213C6F6FF1356F641B3F6C6009F
:101C000093D68640138641EE3306F60063D4D8009F
:101C10009306F00F2300D60017EE0000130E8E621D
:101C20009306030003260E0083254E0003258E0035
:101C30000328CE008BC6968213C6F6FF1356F641D4
:101C4000B3F6C60093D68640138651EE3306F600EF
:101C500063D4D8009306F00F2300D60017EE0000DF
:101C6000130E4E5F9306030003260E0083254E00DD
:101C700003258E000328CE008BC6968213C6F6FF7E
:101C80001356F641B3F6C60093D68640138661EE2E
:101C90003306F60063D4D8009306F00F2300D60075
:101CA00017EE0000130E0E5C9306030003260E00D1
:101CB00083254E0003258E000328CE008BC6968216
:101CC00013C6F6FF1356F641B3F6C60093D6864008
:101CD0003306FC0063D4D8009306F00F2300D6002F
:101CE00017EE0000130E0E599306030003260E0094
:101CF00083254E0003258E000328CE008BC69682D6
:101D000013C6F6FF1356F641B3F6C60093D68640C7
:101D1000138681EE3306F60063D4D8009306F00FE5
:101D20002300D60017EE0000130ECE5593060300D5
:101D300003260E0083254E0003258E000328CE00C7
:101D40008BC6968213C6F6FF1356F641B3F6C6004D
:101D500093D686403386FD0063D4D8009306F00FF7
:101D60002300D60017EE0000130ECE529306030098
:101D700003260E0083254E0003258E000328CE0087
:101D80008BC6968213C6F6FF1356F641B3F6C6000D
:101D900093D686403306FD0063D4D8009306F00F37
:101DA0002300D60017EE0000130ECE4F930603005B
:101DB00003260E0083254E0003258E000328CE0047
:101DC0008BC6968213C6F6FF1356F641B3F6C600CD
:101DD00093D686403386FC0063D4D8009306F00F78
:101DE0002300D60017EE0000130ECE4C930603001E
:101DF00003260E0083254E0003258E000328CE0007
:101E00008BC6968213C6F6FF1356F641B3F6C6008C
:101E100093D686403386FB0063D4D8009306F00F38
:101E20002300D60017EE0000130ECE4993060300E0
:101E300003260E0083254E0003258E000328CE00C6
:101E40008BC6968213C6F6FF1356F641B3F6C6004C
:101E500093D686401386D1EE3306F60063D4D800BD
:101E60009306F00F2300D60017EE0000130E8E46E7
:101E70009306030003260E0083254E0003258E00E3
:101E80000328CE008BC6968213C6F6FF1356F64182
:101E9000B3F6C60093D686401386E1EE3306F6000D
:101EA00063D4D8009306F00F2300D60017EE00008D
:101EB000130E4E439306030003260E0083254E00A7
:101EC00003258E000328CE008BC6968213C6F6FF2C
:101ED0001356F641B3F6C60093D686401386F1EE4C
:101EE000B307F60063D4D8009306F00F2380D70021
:101EF00013072700938A0A01130510006FF0CFA57E
:101F0000032506000329460083298600832BC6008B
:101F100003AE060083AE460003AF860083AFC60063
:101F2000DBA6E4BC138906006FF08FEE03AE06005B
:101F300083AE460003AF860083AFC600DB06000019
:101F4000138E0703B306CA01E378C7A7B3867700E9
:101F5000B306DA006FF05FA603AE060083AE46005C
:101F600003AF860083AFC600DB060000138E0704B4
:101F7000B306CA01E378C7A7B3865701B306DA00F0
:101F80006FF05FA603AE060083AE460003AF860087
:101F900083AFC600DB06000093C7F6FF93D7F74177
:101FA000B3F6F60093D786409306F00F63D4F6009D
:101FB0009307F00F2380FB1697E600009386C63345
:101FC00013880B009308F00F83A706008B0700000F
:101FD0000B0000000B0000000B0000000B000000D5
:101FE0000B0000000B0000000B0000000B000000C5
:101FF0000B0000000B0000000B0000000B000000B5
:102000000B0000000B0000000B0000000B000000A4
:102010000B0000000B0000000B0000000B00000094
:102020000B0000000B0000000B0000008B070000FD
:1020300013C6F7FF1356F641B3F7C70093D787408F
:102040009386460063D4F8009307F00FA300F816B8
:1020500013081800E31AD4F6938C1C009307400071
:10206000938B8B01130505026398FCC6032941017C
:1020700083288101130C1C00832701010328C1015F
:10208000138605001309B9009388080663169CC3DC
:1020900013050C00AB0B00001307000897060200A5
:1020A0009386065A97F50000938585B083A80500AE
:1020B00083A2450083A3850003A4C50003AE0600E8
:1020C00083AE460003AF860083AFC6005B17CB41EB
:1020D000170702001307C75797F60000938646AE0E
:1020E00083A5060083A8460083A2860083A3C600BA
:1020F000032E0700832E4700032F8700832FC7007E
:102100005BB0623983A5060183A8460183A28601DC
:1021100083A3C601032E0701832E4701032F8701E6
:10212000832FC7015BB0623983A5060283A84602EC
:1021300083A2860283A3C602032E0702832E4702D0
:10214000032F8702832FC7025BB0623983A5060382
:1021500083A8460383A2860383A3C603032E070333
:10216000832E4703032F8703832FC7035BB0623996
:10217000170702001307C75197F60000938646A879
:1021800083A5060083A8460083A2860083A3C60019
:10219000032E0700832E4700032F8700832FC700DD
:1021A0005BB0623983A5060183A8460183A286013C
:1021B00083A3C601032E0701832E4701032F870146
:1021C000832FC7015BB0623983A5060283A846024C
:1021D00083A2860283A3C602032E0702832E470230
:1021E000032F8702832FC7025BB0623983A50603E2
:1021F00083A8460383A2860383A3C603032E070393
:10220000832E4703032F8703832FC7035BB06239F5
:10221000138701E997F60000938686A283A506003E
:1022200083A8460083A2860083A3C600032E07006E
:10223000832E4700032F8700832FC7005BB06239CE
:1022400083A5060183A8460183A2860183A3C60154
:10225000032E0701832E4701032F8701832FC70118
:102260005BB0623983A5060283A8460283A2860278
:1022700083A3C602032E0702832E4702032F870281
:10228000832FC7025BB0623983A5060383A8460388
:1022900083A2860383A3C603032E0703832E47036B
:1022A000032F8703832FC7035BB06239138701EDC8
:1022B00097F600009386C69C83A5060083A8460077
:1022C00083A2860083A3C600032E0700832E470047
:1022D000032F8700832FC7005BB0623983A50601F7
:1022E00083A8460183A2860183A3C601032E0701AA
:1022F000832E4701032F8701832FC7015BB062390B
:1023000083A5060283A8460283A2860283A3C6028F
:10231000032E0702832E4702032F8702832FC70253
:102320005BB0623983A5060383A8460383A28603B4
:1023300083A3C603032E0703832E4703032F8703BC
:10234000832FC7035BB06239138701F197F6000052
:102350009386069783A5060083A8460083A286007D
:1023600083A3C600032E0700832E4700032F870098
:10237000832FC7005BB0623983A5060183A846019D
:1023800083A2860183A3C601032E0701832E470182
:10239000032F8701832FC7015BB0623983A5060233
:1023A00083A8460283A2860283A3C602032E0702E5
:1023B000832E4702032F8702832FC7025BB0623947
:1023C00083A5060383A8460383A2860383A3C603CB
:1023D000032E0703832E4703032F8703832FC7038F
:1023E0005BB06239138701F597F60000938646913A
:1023F00083A5060083A8460083A2860083A3C600A7
:10240000032E0700832E4700032F8700832FC7006A
:102410005BB06239138701F697F600009386468F0A
:1024200083A5060083A8460083A2860083A3C60076
:10243000032E0700832E4700032F8700832FC7003A
:102440005BB06239138701F797F600009386468DDB
:1024500083A5060083A8460083A2860083A3C60046
:10246000032E0700832E4700032F8700832FC7000A
:102470005BB762399346F7FF93D6F6413377D700BF
:10248000135787409306F00F938501F863D4E60055
:102490001307F00F2380E50017EE0000130ECEEBBC
:1024A0009308100017F700001307878897DF0100D3
:1024B000938F0F80130FF00F83260E00832E0700DB
:1024C00083224700832387000324C7008BD6CB4198
:1024D0009306070183AE060083A2460083A386000D
:1024E00003A4C6000BD0CB4183AE060183A24601F4
:1024F00083A3860103A4C6010BD0CB4183AE0602A1
:1025000083A2460283A3860203A4C6020BD0CB415A
:1025100083AE060383A2460383A3860303A4C603F4
:102520000BD0CB419306070583AE060083A246007D
:1025300083A3860003A4C6000BD0CB4183AE060163
:1025400083A2460183A3860103A4C6010BD0CB411D
:1025500083AE060283A2460283A3860203A4C602B8
:102560000BD0CB4183AE060383A2460383A386032D
:1025700003A4C6030BD0CB419306070983AE060024
:1025800083A2460083A3860003A4C6000BD0CB41E0
:1025900083AE060183A2460183A3860103A4C6017C
:1025A0000BD0CB4183AE060283A2460283A38602F0
:1025B00003A4C6020BD0CB4183AE060383A246031D
:1025C00083A3860303A4C6030BD0CB419306070D58
:1025D00083AE060083A2460083A3860003A4C60040
:1025E0000BD0CB4183AE060183A2460183A38601B3
:1025F00003A4C6010BD0CB4183AE060283A24602E0
:1026000083A3860203A4C6020BD0CB4183AE06038C
:1026100083A2460383A3860303A4C6030BD0CB4146
:102620009306071183AE060083A2460083A38600AB
:1026300003A4C6000BD0CB4183AE060183A24601A2
:1026400083A3860103A4C6010BD0CB4183AE06024F
:1026500083A2460283A3860203A4C6020BD0CB4109
:1026600083AE060383A2460383A3860303A4C603A3
:102670000BD0CB419306071583AE060083A246001C
:1026800083A3860003A4C6000BD0CB419306071694
:1026900083AE060083A2460083A3860003A4C6007F
:1026A0000BD0CB419306071783AE060083A24600EA
:1026B00083A3860003A4C6008BD6CB4193CEF6FF3E
:1026C00093DEFE41B3F6D60193D686401307071872
:1026D000B30E13016354DF009306F00F2380DE2E48
:1026E00093881800130E4E00E318F7DD2B0400004A
:1026F0001307004097E60000938646EB83A8060088
:1027000083A2460083A3860003A4C60003AE05008F
:1027100083AE450003AF850083AFC5005B17CB4197
:10272000138701F997E60000938646E983A5060022
:1027300083A8460083A2860083A3C600032E070059
:10274000832E4700032F8700832FC7005BB06239B9
:10275000138701FA97E60000938646E783A50600F3
:1027600083A8460083A2860083A3C600032E070029
:10277000832E4700032F8700832FC7005BB0623989
:10278000138701FB97E60000938646E583A50600C4
:1027900083A8460083A2860083A3C600032E0700F9
:1027A000832E4700032F8700832FC7005BB0623959
:1027B000138701FC97E60000938646E383A5060095
:1027C00083A8460083A2860083A3C600032E0700C9
:1027D000832E4700032F8700832FC7005BB0623929
:1027E000138701FD97E60000938646E183A5060066
:1027F00083A8460083A2860083A3C600032E070099
:10280000832E4700032F8700832FC7005BB06239F8
:10281000138701FE97E60000938646DF83A5060036
:1028200083A8460083A2860083A3C600032E070068
:10283000832E4700032F8700832FC7005BB06239C8
:10284000138701FF97E60000938646DD83A5060007
:1028500083A8460083A2860083A3C600032E070038
:10286000832E4700032F8700832FC7005BB0623998
:102870001387010097E60000938646DB83A80600D5
:1028800083A2460083A3860003A4C600032E07008C
:10289000832E4700032F8700832FC700DB15CB4112
:1028A00083430337834F1337034F2337130750FFF7
:1028B000834E3337330FEF0293962F001397230085
:1028C000034E433733077700B386F6013307B7006B
:1028D00093961600834853371304D0FE3307D7402E
:1028E000B38E8E029306D0FD3307E7019302F00FFB
:1028F000B305DE02930660FE3307D701B386D80224
:102900003307B7003307D7001357B74063D2E25CF1
:102910001307F00F230BE33697EF0000938FCF26BA
:1029200017E700001307E7D197E30000938303281C
:102930009302F00F6F00C0019306F00FA38BD73600
:10294000938F4F00130767099387170063807F32C7
:102950001374370003AF4F00930E0701130E0705E2
:102960009308070693050707930607086304044ABC
:1029700003540700035A2700131A0A013364440161
:1029800083544700035A6700131A0A01B3E4440151
:1029900003598700035AA700131A0A013369490132
:1029A0008359C700035AE700131A0A01B3E9490122
:1029B0000B8F929C03DF0E0083D92E00939909019F
:1029C000336F3F0103D44E0083D96E009399090100
:1029D0003364340183D48E0083D9AE009399090106
:1029E000B3E4340103D9CE0083D9EE0093990901F1
:1029F000336939010BE05192930E070203DF0E0099
:102A000083D92E0093990901336F3F0103D44E00FF
:102A100083D96E00939909013364340183D48E0005
:102A200083D9AE0093990901B3E4340103D9CE00F0
:102A300083D9EE0093990901336939010BE0519272
:102A4000930E070303DF0E0083D92E00939909012B
:102A5000336F3F0103D44E0083D96E00939909016F
:102A60003364340183D48E0083D9AE009399090175
:102A7000B3E4340103D9CE0083D9EE009399090160
:102A8000336939010BE05192930E070403DF0E0006
:102A900083D92E0093990901336F3F0103D44E006F
:102AA00083D96E00939909013364340183D48E0075
:102AB00083D9AE0093990901B3E4340103D9CE0060
:102AC00083D9EE0093990901336939010BE05192E2
:102AD000835E0E0003592E0013190901B3EE2E0177
:102AE000035F4E0003596E0013190901336F2F0164
:102AF00003548E000359AE001319090133642401F5
:102B00008354CE000359EE0013190901B3E42401E4
:102B10000BD03D4A03DE080083D4280093940401BF
:102B2000336E9E0083DE480083D4680093940401D2
:102B3000B3EE9E0003DF880083D4A80093940401C1
:102B4000336F9F0003D4C80083D4E800939404013A
:102B5000336494000BC0BB4783D8050003D4250021
:102B600013140401B3E8880003DE450003D46500B4
:102B700013140401336E8E0083DE850003D4A50098
:102B800013140401B3EE8E0003DFC50003D4E50087
:102B900013140401336F8F000B1079F783D50600EF
:102BA00003DF2600131F0F01B3E5E50183D84600BC
:102BB00003DF6600131F0F01B3E8E80103DE8600A0
:102BC00003DFA600131F0F01336EEE0183DEC60084
:102BD00003DFE600131F0F01B3EEEE018BB622EF09
:102BE000938506008308070983460337830A17097C
:102BF00003441337B3861603030A2709034F233709
:102C000083093709834E333703094709034E433796
:102C1000830457098348533733045403B386B600FB
:102C2000330F4F03B3868600B3853E03B386E601B8
:102C3000330E2E03B386B600B3859802B386C60161
:102C4000B386B60093D6B64093C5F6FF93D5F5414B
:102C5000E3C4D2CEB3F6B600A38BD736938F4F0022
:102C60001307670993871700E3947FCE83076337C1
:102C7000030773379306100063C6E7001387070046
:102C800093060000830783376344F70A930707001E
:102C90000307933763CAE708138707008307A3373F
:102CA0006346F70093070700138506000307B33751
:102CB00063C4E70A138707008307C337634AF7082B
:102CC000930707000307D33763C0E708138707009C
:102CD0008307E3376346F706930707000307F337D5
:102CE00063CCE704138707002300E6000324C10434
:102CF0002320A8008324810403294104832901049B
:102D0000032AC103832A8103032B4103832B01037D
:102D1000032CC102832C8102032D4102832D010269
:102D20001301010567800000930630006FF01FF764
:102D3000930620006FF0DFF5130590006FF0DFFAC7
:102D4000130580006FF09FF9130570006FF05FF8B6
:102D5000130560006FF01FF7130550006FF0DFF5EB
:102D60001305030017D900001309C94803280900F7
:102D700083224900032489008324C900032E07000D
:102D800083AE0600032F060083AF05005B050B4AE8
:102D90006FE01FD793020300032E070083AE0600E7
:102DA000032F060083AF0500DB0200006FE04FBE7B
:102DB000E3020EFE930E20006308DE01B3065A0103
:102DC000238006006FE08FBD13040300035E07003D
:102DD0008352270093920201336E5E0083DE060069
:102DE00083D2260093920201B3EE5E00035F0600D9
:102DF0008352260093920201336F5F0083DF050048
:102E000083D2250093920201B3EF5F005B040000C0
:102E10006FE00FB8032407008324470003298700CD
:102E20008329C7000B8F929C03AF0E0003A44E00B2
:102E300083A48E0003A9CE000BE0519203AF0E01D4
:102E400003A44E0183A48E0103A9CE010BE051928D
:102E500003AF0E0203A44E0283A48E0203A9CE0286
:102E60000BE0519203AF0E0303A44E0383A48E0321
:102E700003A9CE030BE05192832E0E00032F4E00C8
:102E800003248E008324CE000BD03D4A03AE0800FD
:102E900083AE480003AF880003A4C8000BC0BB4743
:102EA00083A8050003AE450083AE850003AFC500CF
:102EB0000B1079F783A5060083A8460003AE8600B1
:102EC00083AEC6008BB622EF938506006FF09FD1CC
:102ED0009346F7FF93D6F6413377D7006FF09FA361
:102EE000130101FD23229102938401C803A304006E
:102EF000232E3101232C4101232A51012328610172
:102F00002326110223248102232021039308230076
:102F100013081025130B0500938A0500130A0600F9
:102F200093890600636C181D17F80100130888C305
:102F300033086800034908000344180023A0140163
:102F400013080005631A09011304B4FC1374F40F89
:102F50009306100063FA860217E501001305052F9A
:102F6000032481028320C102832441020329010238
:102F70008329C101032A8101832A4101032B010115
:102F8000130101036F10C01003A60400930610255F
:102F90001306B60063E0C61A23A0C400930680019E
:102FA0006316DA0A63944A0B83A6040013061025FD
:102FB0003304DB00636A860E6386090297F501001D
:102FC000938545BA13060B00B385D5001385090018
:102FD0002326F1002324E100EF10C0658327C10000
:102FE0000327810023A0840083A604001316270072
:102FF000930510253304D60063E68506638C07002D
:1030000097F50100938505B6B385D50013850700B4
:10301000EF10406223A0840003A70400930710254B
:10302000631CF7028320C10203248102832441022E
:10303000032901028329C101032A8101832A410155
:10304000032B0101130101036780000017E5010054
:10305000130545216FF0DFF017E501001305452D3D
:103060006FF01FF0930610251306040097E501008A
:103070009385052E17E501001305851B2324E10028
:10308000EF00506F032781009307F0FFE306F7F886
:10309000130607009305F0FF17E50100130505244B
:1030A000EF00506D6FF05FF79306102513060400D4
:1030B00097E501009385C52917E50100130545171C
:1030C0002326F1002324E100EF00D06A9306F0FFED
:1030D000032781008327C100E308DBF013060B0000
:1030E0009305F0FF17E501001305851AEF009068BE
:1030F0008327C100032781006FF01FEF930610257F
:103100001386080097E501009385852417E50100E3
:10311000130505122326F1002324E100EF0090653A
:103120008327C10003278100130900001304000056
:103130006FF01FE19306102597E501009385452167
:1031400017E501001305C50E2326F1002324E10035
:10315000EF0050628327C100032781006FF01FE456
:103160001308000063C6051263DC0600B337C00015
:10317000B306D0401348F8FFB386F6403306C0408C
:10318000930806001307050013830500639A060ED3
:1031900063F4C516B70701006364F622B7070001A0
:1031A000930680016374F60093060001B71702804E
:1031B000335ED60093870736B387C70183C70700FE
:1031C000130E0002B387D700B306FE40630CFE0067
:1031D0003393D500B357F500B318D60033E3670037
:1031E0003317D50013D608013355C302939608014F
:1031F00093D60601935707013373C302B385A60222
:1032000013130301B3E7670063FCB700B387F8004B
:103210001303F5FF63E4170163E6B74013050300EA
:10322000B387B740B3D5C702131707011357070178
:10323000B3F7C702B386B602939707013367F70067
:10324000637ED7003387E8009387F5FF6366170135
:103250009385E5FF6364D700938507001315050187
:103260003365B50093050000630A0800B337A0007A
:10327000B305B040B385F5403305A040678000003A
:1032800063F4D50293050000130500006FF0DFFD25
:10329000B337A000B305B040B385F5403305A04077
:1032A0001308F0FF6FF05FECB707010063E8F61E4C
:1032B000B70700019308800163F4F600930800014A
:1032C000B717028033D7160193870736B387E70015
:1032D00003C707009307000233071701B388E740CD
:1032E0006396E71C63E4B6303335C500133515002B
:1032F000930500006FF05FF7630C060CB707010041
:10330000637CF62C133306101333130013133300AE
:10331000B3566600B717028093870736B387D70086
:1033200083C6070093070002B3866600B38ED740BA
:103330006394D70CB386C5401353060113160601D8
:10334000135606019305100033D566029357070103
:10335000B3F66602330EC50293960601B3E7D700B3
:1033600063FCC701B387F8009306F5FF63E4170118
:1033700063E4C72B13850600B387C741B3D6670242
:103380001317070113570701B3F767023386C60205
:10339000939707013367F700637EC7003387E80020
:1033A0009387F6FF636617019386E6FF6364C700A1
:1033B00093860700131505013365D5006FF0DFEA2A
:1033C0009336061093B61600939636006FF01FDE04
:1033D000B71702809306000093870736B387D7009C
:1033E00083C607001303000093070002B38666003C
:1033F000B38ED740E380D7F4B318D60133DED500BF
:1034000013D30801B3576E02139608011356060131
:10341000B356D5003317D501B395D501B3E6B60041
:1034200093D50601337E6E023305F602131E0E019C
:10343000B3E5C50163FEA500B385B800138EF7FFA1
:1034400063E4151D63F2A51C9387E7FFB38515019F
:10345000B385A54033D565029396060193D6060140
:10346000B3F56502330EA60293950501B3E6B600E7
:1034700063FEC601B386D8009305F5FF63EE161709
:1034800063FCC6171305E5FFB38616019395070184
:10349000B386C641B3E5A5006FF01FEB93B80610E5
:1034A00093B81800939838006FF09FE1B35EE60080
:1034B000B3961601B3EEDE0033D3E50013DF0E0141
:1034C000B357E303139E0E01B3951501135E0E016E
:1034D0003357E5003367B7009356070133161601DB
:1034E0003373E303B305FE0213130301B3E666006F
:1034F00063FEB600B386DE001383F7FF63EAD611DE
:1035000063F8B6109387E7FFB386D601B386B6405B
:10351000B3D5E6031317070113570701B3F6E60304
:103520003303BE02939606013367D700637E6700BC
:103530003387EE009386F5FF6364D70D6372670CE3
:103540009385E5FF3307D70193970701370F0100F4
:10355000B3E7B7009306FFFFB3F5D70013DE07010B
:10356000B376D60013560601B38ED50233076740F3
:10357000B306DE0213D30E01B385C502B385D500B1
:10358000B305B300330ECE0263F4D500330EEE0163
:1035900093D60501B386C601636AD7026308D700D4
:1035A00013850700930500006FF01FCCB7060100DC
:1035B0009386F6FF33F7D50013170701B3FEDE003D
:1035C000331515013307D701E37CE5FC1385F7FFBD
:1035D000930500006FF05FC9B7070001637AF60436
:1035E00093560601130300016FF0DFD2930500002C
:1035F000130510006FF05FC7138505006FF01FE91A
:10360000938506006FF05FF493070E006FF05FE4A0
:10361000930703006FF09FEF1305E5FFB3871701D2
:103620006FF09FD51305E5FFB38717016FF05FBFFC
:1036300093568601130380016FF0DFCD1308060057
:1036400093080500138705006390060E63FEC512FC
:10365000B7070100636EF61EB707000193068001ED
:103660006374F60093060001B71702803353D60047
:1036700093870736B387670083C7070013030002E9
:10368000B387D700B306F340630CF3003397D5003C
:10369000B357F5003318D60033E7E700B318D50069
:1036A000135608013355C7029316080193D6060135
:1036B00093D708013377C702B385A6021317070112
:1036C000B3E7E70063FCB700B307F8001307F5FFA3
:1036D00063E4070163E0B73E13050700B387B74013
:1036E00033D7C7029398080193D80801B3F7C702EC
:1036F000B386E60293970701B3E8F80063FED800AB
:10370000B30818019307F7FF63E608011307E7FF03
:1037100063E4D80013870700131505013365E5003E
:10372000930500006780000063F8D5009305000052
:103730001305000067800000B707010063E8F61E6C
:10374000B70700011308800163F4F60013080001B5
:10375000B717028033D7060193870736B387E70090
:1037600003C7070093070002330707013388E740C8
:103770006396E71C63E4B6303335C5001335150096
:103780009305000067800000630C060CB70701007A
:10379000637CF62C13370610133717001317370006
:1037A000B356E600B717028093870736B387D70072
:1037B00083C7070093060002B387E700B38EF64085
:1037C0006394F60CB387C5409356060113160601A1
:1037D000135606019305100033D5D70213D70801FD
:1037E000B3F7D7023303C50293970701B367F70016
:1037F00063FC6700B307F8001307F5FF63E40701F4
:1038000063E4672A13050700B387674033D7D702FD
:103810009398080193D80801B3F7D7023306C7027B
:1038200093970701B3E8F80063FEC800B3081801D6
:103830009307F7FF63E608011307E7FF63E4C80097
:1038400013870700131505013365E5006780000045
:103850009336061093B61600939636006FF0DFE0AD
:10386000B71702809306000093870736B387D70007
:1038700083C707001307000093060002B387E70021
:10388000B38EF640E380F6F43318D60133D3F50057
:1038900093560801335ED30213160801B395D50180
:1038A00013560601B357F500B3E7B70013D7070166
:1038B000B318D5013373D302B305C6031313030141
:1038C00033676700637EB7003307E8001305FEFF28
:1038D0006364071D6372B71C130EEEFF3307070105
:1038E0003307B7403355D7029397070193D70701A2
:1038F0003377D7023303A60213170701B3E7E700B4
:1039000063FE6700B307F8001307F5FF63EE0717C0
:1039100063FC67161305E5FFB387070193150E01D6
:10392000B3876740B3E5A5006FF01FEB13B806102F
:1039300013381800131838006FF09FE1335EE6006B
:10394000B3960601336EDE00B3D8E500935E0E0138
:10395000B3D7D80313130E01B39505011353030115
:103960003357E5003367B700935607013316060156
:10397000B3F8D803B305F30293980801B3E6160130
:1039800063FEB600B306DE009388F7FF63EAC61154
:1039900063F8B6109387E7FFB386C601B386B640D7
:1039A000B3D5D6031317070113570701B3F6D60390
:1039B000B308B302939606013367D700637E1701FD
:1039C0003307EE009386F5FF6364C70D6372170D2E
:1039D0009385E5FF3307C70193970701B70E0100F1
:1039E000B3E7B7009386FEFFB3F5D70013D3070103
:1039F000B376D60013560601338ED502330717412E
:103A0000B306D30293580E01B385C502B385D50022
:103A1000B385B8003303C30263F4D5003303D30185
:103A200093D60501B3866600636AD7026308D700A0
:103A3000138507009305000067800000B7060100AA
:103A40009386F6FF33F7D50013170701337EDE00A8
:103A5000331505013307C701E37CE5FC1385F7FF48
:103A60009305000067800000B7070001637AF60441
:103A700093560601130700016FF0DFD29305000093
:103A80001305100067800000130507006FF01FE9A1
:103A9000938506006FF05FF4130E05006FF05FE48E
:103AA000938708006FF09FEF1305E5FFB3870701C9
:103AB0006FF09FD51305E5FFB38707016FF01FC2B5
:103AC00093568601130780016FF0DFCD9305050043
:103AD0009306000013060000130500006F009058C5
:103AE000130101FF93050000232481002326110008
:103AF00013040500EF00906083A741C863840700AA
:103B0000E780070013050400EFC01F9813050000AD
:103B10006780000037260280B78500803725028045
:103B2000130646DB93850571130505DC6F004035F0
:103B3000130101FF832545002324810023229100E6
:103B4000232611001384015193040500638485002A
:103B5000EF40103C83A58400930784066386F5003C
:103B600013850400EF40D03A83A5C4001304040D6C
:103B7000638E8500032481008320C1001385040027
:103B800083244100130101016F4090388320C1005C
:103B90000324810083244100130101016780000098
:103BA0001305000067800000130101FE232C810033
:103BB000B747008013840151938747B1232E11002A
:103BC000232A9100232821012326310123244101A6
:103BD00023A2F1C81306800093074000930500005C
:103BE0001305C4052326F400232004002322040027
:103BF000232404002322040623280400232A04008B
:103C0000232C0400EF005015B7070100374A00804D
:103C1000B749008037490080B7440080130ACA09B9
:103C200093890910130989189384042093879700B6
:103C300013068000930500001305440C2320440361
:103C4000232234032324240323269402232AF40664
:103C5000232E840023240406232604062328040696
:103C60002326040C232C0406232E040623200408F8
:103C7000EF00900EB7070200130784069387270111
:103C80001305C41213068000930500002324440981
:103C90002326340923282409232A9408232EF40CEC
:103CA0002322E4082328040C232A040C232C040CCC
:103CB000232A04122320040E2322040E2324040E9C
:103CC000EF0090099307040D2328440F232A340F93
:103CD000232C240F232E940E8320C1012326F40EBF
:103CE0000324810183244101032901018329C100A7
:103CF000032A8100130101026780000083A741C8E5
:103D0000130101FE23263101232E1100232C8100F3
:103D1000232A910023282101930905006388070EB7
:103D200037290280130949DB9304F0FF83274900F8
:103D3000032489009387F7FF63D807006F0000080A
:103D400013048406638C97060317C4009387F7FF58
:103D5000E31807FEB707FFFF938717002326F40039
:103D60002322040623200400232404002322040029
:103D700023280400232A0400232C040013068000B7
:103D8000930500001305C405EF00007D23280402FD
:103D9000232A040223220404232404048320C101CF
:103DA0001305040003248101832441010329010137
:103DB0008329C10013010102678000000324090068
:103DC00063060400130904006FF05FF69305C01A40
:103DD00013850900EF10000A13040500630C0502A7
:103DE0001305C50093074000232004002322F4009C
:103DF0002324A4001306001A93050000EF00C075E9
:103E000023208900130904006FF05FF2EFF0DFD97F
:103E10006FF01FF1232009009307C00023A0F900D1
:103E20006FF0DFF783274503638407006780000096
:103E300003A741C8B7470080938707B3232AF50239
:103E4000E31607FE6FF05FD6678000006780000012
:103E500037260280B7450080130646DB9385C5B040
:103E6000130500006F00C00137260280B7450080AF
:103E7000130646DB938505BA130500006F0040006A
:103E8000130101FD23202103232E3101232C4101A5
:103E9000232A5101232861012326710123261102BF
:103EA0002324810223229102130B0500938B05002A
:103EB000930A0600130A0000930910001309F0FF8B
:103EC00083A44A0003A48A009384F4FF63C8040215
:103ED0008357C40063FEF9008317E40093050400D0
:103EE00013050B0063862701E7800B00336AAA00E5
:103EF0009384F4FF13048406E39C24FD83AA0A0040
:103F0000E3900AFC8320C10203248102832441023E
:103F1000032901028329C101832A4101032B0101E5
:103F2000832BC10013050A00032A81011301010339
:103F300067800000130101FC2324C1022326D10263
:103F40002328E102232AF102232C0103232E11034B
:103F5000138605008325850093068102232E110018
:103F60002326D100EF10006D8320C101130101044D
:103F70006780000003A301C7130101FC2324C102D1
:103F80002326D1022322B1022328E102232AF102AF
:103F9000232C0103232E1103832583009306410262
:103FA0001306050013050300232E11002326D1005C
:103FB000EF1040688320C1011301010467800000F5
:103FC000130101FC232C8102130405001385050055
:103FD000232A9102232E110293840500EF00C07F53
:103FE000B71702809387472D2324F102930710000F
:103FF0002326F102032744039307010293061500C9
:10400000232AF10093072000232091022322A102FA
:10401000232ED100232CF1008325840063000706A2
:104020008397C500139727016342070203A745063C
:10403000B7E6FFFF9386F6FF37260000B3E7C70019
:104040003377D7002396F50023A2E5061306410136
:1040500013050400EF4010308320C10303248103C3
:10406000133515003305A0401375B50083244103B3
:104070001305F5FF13010104678000001305040018
:104080002326B100EFF01FDA8325C1006FF05FF93E
:104090009305050003A501C76FF09FF2130101FF0F
:1040A00023248100138405008395E5002326110055
:1040B000EF00002E63400502832704058320C10022
:1040C000B387A7002328F40403248100130101010E
:1040D000678000008357C40037F7FFFF1307F7FF1F
:1040E000B3F7E7008320C1002316F4000324810006
:1040F00013010101678000001305000067800000C4
:104100008397C500130101FE232C8100232A91000F
:104110002328210123263101232E110013F7071034
:104120001384050093040500130906009389060013
:104130006310070437F7FFFF1307F7FFB3F7E70034
:104140008315E4002316F400032481018320C101B8
:1041500093860900130609008329C1000329010180
:104160001385040083244101130101026F00C0285C
:104170008395E5009306200013060000EF00C01AA7
:104180008317C4006FF01FFB130101FF232481007C
:10419000138405008395E50023261100EF00C01865
:1041A0009307F0FF6308F5028357C4003717000038
:1041B0008320C100B3E7E7009397070193D7074136
:1041C0002328A4042316F400032481001301010111
:1041D000678000008357C40037F7FFFF1307F7FF1E
:1041E000B3F7E7009397070193D707418320C100F6
:1041F0002316F400032481001301010167800000ED
:104200008395E5006F004000130101FF2324810026
:1042100023229100130405001385050023261100B5
:1042200023A401C8EFC0CFA49307F0FF630CF500EF
:104230008320C10003248100832441001301010174
:104240006780000083A781C8E38407FE8320C10044
:104250002320F40003248100832441001301010181
:104260006780000083A701C7638EA70A83254504E2
:10427000130101FE232A9100232E1100930405004F
:10428000638C05042328210123263101232C81007E
:104290001309000093090008B387250103A4070050
:1042A000630E040093050400032404001385040036
:1042B000EF00100CE31804FE83A544041309490021
:1042C000E31C39FD13850400EF00900A03248101EB
:1042D000032901018329C10083A5840363860500A6
:1042E00013850400EF00D00883A5C404638605008D
:1042F00013850400EF00D00783A74403638C0700F5
:104300008320C101138504008324410113010102AC
:10431000678007008320C10183244101130101024A
:104320006780000067800000130101FF138705000C
:104330002324810023229100930506001304050025
:1043400013860600130507002326110023A401C8C5
:10435000EFC0CF9E9307F0FF630CF5008320C100F0
:1043600003248100832441001301010167800000C0
:1043700083A781C8E38407FE8320C1002320F400C3
:1043800003248100832441001301010167800000A0
:10439000130101FF138705002324810023229100CC
:1043A0009305060013040500138606001305070095
:1043B0002326110023A401C8EFC04F9B9307F0FFF1
:1043C000630CF5008320C100032481008324410095
:1043D000130101016780000083A781C8E38407FE01
:1043E0008320C1002320F4000324810083244100A2
:1043F0001301010167800000130101FF138705000D
:104400002324810023229100930506001304050054
:1044100013860600130507002326110023A401C8F4
:10442000EFC04F9A9307F0FF630CF5008320C100A3
:1044300003248100832441001301010167800000EF
:1044400083A781C8E38407FE8320C1002320F400F2
:1044500003248100832441001301010167800000CF
:10446000130101FF23248100B72702803724028033
:1044700023202101938787B3130784B323261100D8
:10448000232291003389E7406382E70213592940D0
:10449000130484B39304000083270400938414005E
:1044A00013044400E7800700E3E824FF3724028078
:1044B000B7270280938787B3130784B33389E74014
:1044C000135929406380E702130484B39304000066
:1044D000832704009384140013044400E78007003A
:1044E000E3E824FF8320C1000324810083244100EA
:1044F000032901001301010167800000130101FF7E
:1045000023248100B727028037240280938787B352
:10451000130484B33304F4402322910023261100B2
:1045200093542440638004021304C4FF3304F40052
:10453000832704009384F4FF1304C4FFE78007007B
:10454000E39804FE8320C1000324810083244100FA
:1045500013010101678000001303F0001307050039
:10456000637EC3029377F7006390070A639205089E
:10457000937606FF1376F600B386E6002320B70095
:104580002322B7002324B7002326B700130707010F
:10459000E366D7FE6314060067800000B306C340DD
:1045A0009396260097020000B38656006780C600E7
:1045B0002307B700A306B7002306B700A305B7007B
:1045C0002305B700A304B7002304B700A303B70073
:1045D0002303B700A302B7002302B700A301B7006B
:1045E0002301B700A300B7002300B70067800000D5
:1045F00093F5F50F93968500B3E5D50093960501E5
:10460000B3E5D5006FF0DFF6939627009702000020
:10461000B386560093820000E78006FA938002007A
:10462000938707FF3307F7403306F600E378C3F6B6
:104630006FF0DFF3B3C7A50093F73700B308C500E9
:10464000639407069307300063F0C706937735003D
:1046500013070500639A070613F6C8FFB306E64082
:104660009307000263CED7089386050093070700DF
:104670006378C70203A80600938747009386460025
:1046800023AE07FFE3E8C7FE9307F6FFB387E740D3
:1046900093F7C7FF938747003307F700B385F5000B
:1046A000636817016780000013070500637815052C
:1046B00083C705001307170093851500A30FF7FEA6
:1046C000E398E8FE6780000083C605001307170023
:1046D00093773700A30FD7FE93851500E38E07F677
:1046E00083C605001307170093773700A30FD7FE83
:1046F00093851500E39A07FC6FF01FF667800000B2
:10470000130101FF232681001304000283A3050087
:1047100083A2450083AF850003AFC50083AE0501CA
:1047200003AE450103A3850103A8C50183A60502C5
:1047300013074702B307E640232E77FC232057FEDA
:104740002322F7FF2324E7FF2326D7FF2328C7FFD1
:10475000232A67FE232C07FF232ED7FE93854502CD
:10476000E346F4FA93860500930707006378C702CF
:1047700003A80600938747009386460023AE07FFF1
:10478000E3E8C7FE9307F6FFB387E74093F7C7FF59
:10479000938747003307F700B385F5006368170177
:1047A0000324C100130101016780000083C70500D5
:1047B0001307170093851500A30FF7FEE382E8FEA9
:1047C00083C705001307170093851500A30FF7FE95
:1047D000E39EE8FC6FF0DFFC9377350013070500DC
:1047E000639C0704B7867F7F9386F6F79305F0FFF7
:1047F0000326070013074700B377D600B387D70017
:10480000B3E7C700B3E7D700E384B7FE8346C7FF2B
:10481000B307A740638406048346D7FF638C060270
:104820000345E7FF3335A0003305F5001305E5FF29
:1048300067800000E38806FA834707001307170024
:1048400093763700E39807FE3307A7401305F7FF79
:10485000678000001385D7FF678000001385C7FFBE
:104860006780000083A7C1C8638C070403A74700C3
:104870001308F0016340E8081318270063060502D7
:10488000338307012324C30883A887181306100065
:104890003316E600B3E8C80023A417192324D31065
:1048A000930620006306D5021307170023A2E70032
:1048B000B387070123A4B700130500006780000039
:1048C0001388816423A601C9938781646FF01FFA5E
:1048D00083A6C7181307170023A2E700B3E6C60094
:1048E00023A6D718B387070123A4B7001305000038
:1048F000678000001305F0FF67800000130101FDD1
:10490000232C41012320210303A9C1C8232611021E
:104910006308090A232E3101232A5101232861014A
:104920002326710123248102232291022324810161
:10493000130B0500938B05009309F0FF930A1000F9
:10494000832449001384F4FF634E040493942400E9
:10495000B304990063900B088327490083A64400A1
:104960009387F7FF638C870A23A2040063860602FD
:104970008327891833978A00032C4900B377F700FF
:1049800063960706E78006000327490083A7C1C88E
:1049900063108709639E27071304F4FF9384C4FF01
:1049A000E31A34FB03248102832441028329C101D9
:1049B000832A4101032B0101832BC100032C8100B9
:1049C0008320C10203290102032A8101130101038B
:1049D0006780000083A74410E38077F91304F4FF95
:1049E0009384C4FFE31834FF6FF0DFFB8327C918FB
:1049F00083A544083377F7006316070213050B00FD
:104A0000E78006000327490083A7C1C8E30487F9AC
:104A1000E38A07F8138907006FF09FF223228900C9
:104A20006FF0DFF413850500E78006006FF0DFF517
:104A3000130101FE23263101B7290280232C8100B6
:104A4000232A91002328210123244101232E110030
:104A5000138A050013090500938909EEEF00103D44
:104A600003A78900B71700009387F7FE8324470048
:104A70003717000093F4C4FF3384F4003304444137
:104A80001354C4001304F4FF1314C400634EE40071
:104A90009305000013050900EF40D02883A7890083
:104AA000B38797006308F50213050900EF0050383B
:104AB0008320C101032481018324410103290101D1
:104AC0008329C100032A810013050000130101029C
:104AD00067800000B305804013050900EF40902473
:104AE0009307F0FF630AF504B73702809387470105
:104AF00003A7070083A68900B384844093E41400CD
:104B0000330787401305090023A2960023A0E7007E
:104B1000EF0010328320C10103248101832441016D
:104B2000032901018329C100032A81001305100014
:104B300013010102678000009305000013050900BE
:104B4000EF40501E03A789009306F000B307E5402D
:104B5000E3DCF6F483A641C793E717002322F700AE
:104B60003305D540B736028023AAA6006FF0DFF3E5
:104B700063820518130101FF232481002322910081
:104B8000138405009304050023261100EF00102A6A
:104B90000325C4FF130784FFB72502809377E5FF41
:104BA0003306F700938505EE8326460003A88500AB
:104BB00093F6C6FF6302C81A2322D60013751500A8
:104BC0003308D6006310050A032384FF0328480036
:104BD000372502803307674083288700130585EE59
:104BE000B3876700137818006382A8140323C700F3
:104BF00023A66800232413016306081A93E617000E
:104C00002322D7002320F6009306F01F63ECF6065C
:104C100093F687FF9386860003A54500B386D500EB
:104C200003A6060013D8570093071000B397070197
:104C3000B3E7A700138586FF2326A7002324C70018
:104C400023A2F50023A0E6002326E600032481002A
:104C50008320C10013850400832441001301010156
:104C60006F00101D03254800137515006306050825
:104C700093E61700232ED4FE2320F6009306F01FA0
:104C8000E3F8F6F893D69700130640006360D61257
:104C900093D6670013859603138686031315350094
:104CA0003385A50083260500130585FF6318D5000D
:104CB0006F00401583A686006308D50003A6460052
:104CC0001376C6FFE3E8C7FE03A5C6002326A700A8
:104CD0002324D700032481002324E5008320C1007E
:104CE000138504008324410023A6E600130101017B
:104CF0006F0010146780000037250280B387D7004B
:104D0000130585EE83268600638CA60C0328C60057
:104D100013E517003306F70023A606012324D80065
:104D20002322A7002320F6006FF01FEE631C081259
:104D3000832586000326C600B386F60093E7160097
:104D400023A6C5002324B6002322F7003307D7008B
:104D50002320D7006FF09FEF13751500B386D7009F
:104D600063100502032584FF3307A7408327C7008C
:104D700003268700B386A6002326F60023A4C700D7
:104D800013E6160083A781C72322C70023A4E500EA
:104D9000E3EEF6EA83A581C913850400EFF05FC94D
:104DA0006FF0DFEAB387D7006FF0DFF5130640013D
:104DB0006370D602130640056364D60693D6C70017
:104DC0001385F6061386E606131535006FF05FEDC2
:104DD0001385C6051386B605131535006FF05FEC15
:104DE00023AAE50023A8E50093E617002326A700E1
:104DF0002324A7002322D7003307F7002320F7003E
:104E00006FF0DFE403A84500135626409307100017
:104E1000B397C700B3E7070123A2F5006FF01FEBBC
:104E200013064015636CD60093D6F70013858607EA
:104E300013867607131535006FF09FE6130640556D
:104E4000636CD60093D627011385D6071386C60751
:104E5000131535006FF0DFE41305803F1306E007FC
:104E60006FF01FE493E617002322D7002320F600FB
:104E70006FF0DFDD130101FD232E31012326110226
:104E80002324810223229102232021039387B5004A
:104E900013076001930905006362F7089307000197
:104EA00063E4B720EF00807893078001930520002A
:104EB0009304000137290280130909EEB307F900B2
:104EC00003A44700138787FF6302E4348327440069
:104ED0008326C4000326840093F7C7FFB307F400BA
:104EE00003A747002326D60023A4C6001367170094
:104EF0001385090023A2E700EF00807313058400E7
:104F00008320C10203248102832441020329010278
:104F10008329C101130101036780000093F487FF17
:104F200063C4071863E2B418EF0040709307701F62
:104F300063F8973E93D794006380071813074000E7
:104F4000636EF73293D764009385970313888703C2
:104F50001396350037290280130909EE3306C9007C
:104F600003244600130686FF630886021305F0003B
:104F70006F0040018326C40063560728630ED600E5
:104F8000138406008327440093F7C7FF33879740B5
:104F9000E352E5FE93050800032409019308890004
:104FA000630E1425832744009306F00093F7C7FF90
:104FB0003387974063CCE636232A19012328190149
:104FC000635007341307F01F032549006368F72473
:104FD00013F787FF130787003307E90083260700CD
:104FE00013D6570093071000B397C7003365F50039
:104FF000930787FF2326F4002324D4002322A9004B
:105000002320870023A6860093D72540130610008F
:105010003316F600636AC50AB377A60063940702E5
:105020001316160093F5C5FFB377A60093854500C8
:10503000639A070013161600B377A6009385450000
:10504000E38A07FE1308F000139335003303690069
:10505000130503008327C500138E05006302F524A2
:1050600003A747001384070083A7C7001377C7FF70
:10507000B30697406342D824E3C206FE3307E40038
:1050800083264700032684001385090093E6160053
:105090002322D7002326F60023A4C700EF0040599F
:1050A000130584006FF0DFE59307C00023A0F9002B
:1050B000130500006FF0DFE41306002093050004E1
:1050C0001308F0036FF01FE903248900232861010E
:1050D0008327440013FBC7FF63689B0033079B4093
:1050E0009307F00063CAE70C23229101232A5101A0
:1050F00003A741C783AA81C9232C4101232671013B
:105100009307F0FF330A6401B38A54016306F73C46
:10511000B71700009387F700B38AFA00B7F7FFFFCD
:10512000B3FAFA0093850A0013850900EF40803F27
:105130009307F0FF930B0500630AF54423248101D4
:10514000636E4523138C817D83250C00B385BA00E3
:105150002320BC00138705006316AA2A9317450174
:105160006392072A832B8900B3075B0193E717003B
:1051700023A2FB0083A641C963F4B60023AAB1C8E9
:1051800083A601C963F4B60023A8B1C8032C81002B
:1051900013840B0093F7C7FF3387974063EA973870
:1051A0009307F00063D6E738032A8101832A41017F
:1051B000832BC100832C410093E714002322F400C9
:1051C000B304940023249900136717001385090082
:1051D00023A2E400EF00C0458320C1021305840030
:1051E00003248102032B01018324410203290102CC
:1051F0008329C101130101036780000003254900D1
:105200006FF09FE0032684006FF05FCD03A4C7001A
:1052100093852500E38287D86FF05FCB13D7970083
:105220009306400063F2E6149306400163E4E6321D
:105230001306C7059306B705131636003306C900D3
:1052400003270600130686FF6318E6006F00402957
:10525000032787006308E6008326470093F6C6FF0E
:10526000E3E8D7FE0326C7002326C4002324E40076
:1052700023248600232687006FF01FD913074001DF
:105280006378F710130740056364F72E93D7C400C3
:105290009385F7061388E706139635006FF09FCBCA
:1052A000130E1E0093773E001305850063800710E0
:1052B0008327C5006FF09FDA0326840093E514006E
:1052C0002322B4002326F60023A4C700B3049400CD
:1052D000232A99002328990093E7160023A6140196
:1052E00023A4140123A2F4003307E400138509006A
:1052F0002320D700EF00C033130584006FF05FC098
:10530000B307F40003A747001385090013671700CC
:1053100023A2E700EF00C031130584006FF05FBEE9
:1053200093D53400938784006FF0DFB893E61400C0
:105330002322D400B3049400232A9900232899003F
:105340009366170023A6140123A4140123A2D400FA
:10535000B307F4001385090023A0E700EF00402DF8
:10536000130584006FF0DFB913D7670013069703A6
:1053700093068703131636006FF05FEC630C240767
:1053800003248900032C8100832744006FF09FE0F1
:105390009385C7051388B705139635006FF09FBB3B
:1053A000832783009385F5FF639E672693F7350077
:1053B000130383FFE39607FE032749009347F6FF95
:1053C000B3F7E7002322F90013161600E3EEC7CE69
:1053D000E30C06CE3377F600631A070013161600A7
:1053E0003377F600130E4E00E30A07FE93050E0016
:1053F0006FF09FC5138C817D03270C003387EA0073
:105400002320EC0083A641C79307F0FF6386F618BC
:10541000B3874B41B387E7002320FC0093FC7B005C
:10542000638C0C0CB38B9B41B717000093878700EC
:10543000938B8B00B3859741B38A5B01B38555414C
:105440009395450113DA450193050A001385090078
:10545000EF40400D9307F0FF6300F51833057541E9
:10546000B30A450103270C002324790193E71A00AE
:10547000B305EA002320BC0023A2FB00E30C24CFE9
:105480009306F00063F0660B0327440093074BFF7D
:1054900093F787FF137717003367F7002322E400A1
:1054A000130650003307F4002322C7002324C7004B
:1054B00063E6F60083A74B006FF0DFCB9305840013
:1054C00013850900EFF0CFEA832B890083250C00B8
:1054D00083A74B006FF01FCA938A0A016FF09FC425
:1054E00093D6264093071000B397D7003365F50095
:1054F0002322A9006FF05FD7B3855B01B305B040ED
:105500009395450113DA450193050A0013850900B7
:10551000EF4040019307F0FFE312F5F4130A000097
:105520006FF05FF4032C81009307100023A2FB00AF
:1055300013850900EF00C00F13050000032A810145
:10554000832A4101032B0101832BC100832C4100DD
:105550006FF01F9B9306400563E4E60413D7C70072
:105560001306F7069306E706131636006FF01FCDF5
:10557000130740156364F70493D7F40093858707F6
:1055800013887707139635006FF0DF9C032489009A
:10559000832744006FF01FC023AA71C76FF01FE874
:1055A0009306401563E4E60413D7F7001306870754
:1055B00093067707131636006FF05FC81307405540
:1055C0006364F70493D724019385D7071388C7072B
:1055D000139635006FF01F98938C8CFFB38A9A0155
:1055E000B38A7A41130A00006FF0DFE79306405553
:1055F00063E4E60213D727011306D7079306C7070C
:10560000131636006FF09FC31306803F9305F00713
:105610001308E0076FF01F941306803F9306E0071E
:105620006FF0DFC1832749006FF01FDA6780000049
:1056300067800000130101ED23261112232291122D
:10564000232A511123267111938A05009304060021
:105650002324D100930B0500EF30D06B8327050086
:10566000138507002322F102EFF00F972320A102F8
:1056700063880B0083A74B03639407006F1040738C
:105680008397CA00139727016346070203A74A06B8
:1056900037260000B7E6FFFFB3E7C7009386F6FFA3
:1056A0009397070193D707413377D7002396FA00E2
:1056B00023A2EA0613F787006302072E03A70A0155
:1056C000630E072C93F7A7011307A000638AE72E48
:1056D000B71702802328611123248111130B010BBA
:1056E0009387474A371C028023248112232C4111BF
:1056F000232EB10F23202113232E311123229111A8
:105700002320A111232E6107232201082320010851
:10571000232A0100232C0100232E010013040B0077
:105720002324010223280102232201002326F10061
:10573000130A0001130C8C6123207101938D040066
:1057400083C70D00638C071E93840D00130750025E
:105750006386E72A83C7140093841400E39A07FE44
:105760003389B441638CB41D0327410883270108A2
:105770002320B40133072701938717002322240134
:105780002322E1082320F10813077000130484008A
:10579000634EF7260327410083C704003307270120
:1057A0002322E100638C071893841400A30F0104E3
:1057B0009309F0FF930B0000130900009306800586
:1057C00003CD0400938D140093070DFE63E6F604E9
:1057D0000327C10093972700B387E70083A707003B
:1057E00067800700930B000093070DFD13069000E0
:1057F00003CD0D0013972B00B30B7701939B1B0078
:10580000B38B770193070DFD938D1D00E372F6FEB8
:1058100093070DFEE3FEF6FA63020D122304A109BD
:10582000A30F01041307100093041000930C8108C8
:10583000130F09009309000023280100930F0000B3
:1058400093724F080329410863960200B387EB4027
:10585000E342F0448347F105638A07028327010886
:105860009306F1052320D4001309190093061000B4
:10587000938717002322D400232221092320F10833
:10588000930670001304840063C0F61A638A0F0243
:1058900083270108930601062320D4001309290059
:1058A00093062000938717002322D4002322210986
:1058B0002320F1089306700013048400E3CEF64E13
:1058C00093070008E38AF208B3899940E34E301940
:1058D00093770F10639407748327010833099900A5
:1058E0002320940193871700232294002322210967
:1058F0002320F1089306700063CCF6201304840083
:10590000137F4F0063060F00B384EB40E342904ED9
:1059100013830B0063D4EB001303070083274100BC
:10592000B38767002322F100E31A092283C70D0021
:105930002320010813040B00E39807E083274108A4
:10594000832B0100638407006F10407583D7CA0062
:10595000032481120329011293F707048329C1113B
:10596000032A8111032B0111032C8110832C411078
:10597000032D0110832DC10F638407006F10901D4C
:105980008320C1120325410083244112832A41113F
:10599000832BC110130101136780000093850A0057
:1059A00013850B00EF30006C630405006F10901A34
:1059B0008397CA001307A00093F7A701E39AE7D0E3
:1059C0008397EA00E3C607D0832681008320C112B3
:1059D0001386040093850A0083244112832A41110F
:1059E00013850B00832BC110130101136F101038A6
:1059F0001369090193840D006FF09FDC3389B44172
:105A0000E394B4D783C704006FF0DFD90325010006
:105A10001306C10793850A00EF105054E31805F2EE
:105A200013040B006FF01FD7032501001306C107F5
:105A300093850A00232EE102232CE103232A51023D
:105A40002326F103EF109051E31205F003294108DA
:105A50000327C103032F810383224103832FC10244
:105A600013040B006FF09FE283270108B716028032
:105A70009386064A2320D4001309190093061000C8
:105A8000938717002322D400232221092320F10821
:105A9000930670001304840063D4F6006F10801026
:105AA000630406006F1080458326410193771F0031
:105AB000B3E7D700E38607E4832741028326010288
:105AC0002320F40083270108B38526012322D40074
:105AD000938717002322B1082320F1089306700052
:105AE00063D4F6006F1080641304840083264101A0
:105AF00093871700232094013389B6002322D40012
:105B0000232221092320F10893067000E3D8F6DE52
:105B1000032501001306C10793850A002326E1022D
:105B20002328E101EF109043E31205E20329410825
:105B3000032F01010327C10213040B006FF05FDC88
:105B400093778900E39C0760832781009387770020
:105B500093F787FF03A7070093878700232CE100B3
:105B600003A7C7FF2324F100232EE100832CC101EA
:105B700003A7C1C18326810183A701C293941C009E
:105B800093D41400138506009385040013060700C0
:105B900093860700EF90504C630405006F100004DB
:105BA0008326810103A7C1C183A701C21385060013
:105BB000938504001306070093860700EF80503B8F
:105BC0006344A0006F1080010327810193850C00BE
:105BD000130600001305070093060000EF805039FC
:105BE000635405006F1040438346F105930770042A
:105BF00063D4A7016F108041B71C0280938C0C46C0
:105C000023280100137FF9F71307300093043000B5
:105C1000930900006384060013071700937F2F0089
:105C2000E3800FC213072700930F20006FF05FC1BE
:105C3000832681009377090103A706009386460017
:105C40002324D10063920712937609049307070077
:105C5000E390064E634E07108346F10563C40904C2
:105C6000137FF9F7631E070213071000639E0920D4
:105C7000E314073C93741900930C0B006382040433
:105C800093070003A307F10A930CF10A138704009A
:105C900063CC340323280100E39006F86FF01FF86B
:105CA00013090F0013079000E364F76C9387070351
:105CB000A307F10A130F090093041000930CF10AD3
:105CC00013870400E3D834FD13870900232801005B
:105CD0006FF09FFC8327810083AB07009387470009
:105CE0002324F100E3D80BD0B30B704113694900B2
:105CF00093840D006FF0DFAC03CD0D009307A0027D
:105D0000938D1D006314FD006F10807D93070DFDC2
:105D100093059000130700001306900093090000FC
:105D2000E3E4F5AA03CD0D0093192700B389E90038
:105D3000939919003387F90093070DFD938D1D008A
:105D4000E372F6FE93090700E35007A89309F0FFFA
:105D50006FF09FA7832781001369090103A707003C
:105D6000938747002324F10093070700E35607EECB
:105D7000B307E0409306D002130710006F00000A3B
:105D80001369090893840D006FF09FA31369090438
:105D900093840D006FF0DFA203278100A30F01049D
:105DA0009304100083270700130747002324E10012
:105DB0002304F10813071000930C81086FF05FA70C
:105DC0009307B002A30FF10493840D006FF05F9F5F
:105DD0001369190093840D006FF09F9E8347F105AE
:105DE000E39A07C093070002A30FF10493840D0008
:105DF0006FF01F9D1369890093840D006FF05F9C05
:105E0000032781001369090183270700130747004F
:105E10002324E1001307100093060000A30FD10410
:105E200063C80900137FF9F7E38207E413090F0041
:105E300013061000E308C7E6130620006306C70632
:105E4000930C0B0013F7770013070703A38FECFEE7
:105E500093D7370013860C00938CFCFFE39407FE66
:105E60009377190063840706930700036300F7061E
:105E70001306E6FFA38FFCFEB304CB40130F09000B
:105E8000930C06006FF0DFE3930710006314F70034
:105E90006F10C03F9307200013090F006304F70041
:105EA0006F1000219307000003268102930C0B0062
:105EB00013F7F7003307E6000347070093D74700BF
:105EC000938CFCFF2380EC00E39407FEB3049B411A
:105ED000130F09006FF0DFDE03278100136909014A
:105EE00083270700130747002324E100130700005E
:105EF0006FF09FF2832681001377090183A70600C4
:105F0000938646002324D100E31607F01377090493
:105F1000E30207F09397070193D7070113071000D7
:105F20006FF09FEF83278100A30F010483AC07006C
:105F300013884700E3800C322324010163D4090055
:105F40006F104007138609009305000013850C00AD
:105F5000EF30003F03288100631405006F10803A82
:105F6000B30495418346F10513C7F4FF1357F74176
:105F7000232401012328010033F7E400130F090053
:105F800093090000E39A06C86FF05FC98326810079
:105F900037870000130707832310E10613874600A5
:105FA0002324E10037170280130747482324E10226
:105FB00083A706001369290013072000130D80072B
:105FC0006FF09FE5832681001377090183A7060000
:105FD000938646002324D100E31A07F013770904BF
:105FE000E30607F09397070193D707011307000013
:105FF0006FF09FE293770901E38407148327810000
:106000000327410083A7070023A0E700832781001F
:10601000938747002324F1006FF08FF29307500617
:1060200063DAA735832681018327C10113060000A7
:10603000138506009385070093060000232AE102DA
:106040002326E103EF80005A032FC10203274103F7
:106050006316056683270108B71602809386064AF1
:106060002320D4001309190093061000938717000A
:106070002322D400232221092320F1089306700053
:1060800013048400E3C0F64C8327410683264101B4
:10609000E3D8D70883274102832601021304840032
:1060A000232CF4FE832701083309D900232ED4FEC4
:1060B00093871700232221092320F10893067000FB
:1060C000E3CCF60E832741019384F7FFE35A9082D5
:1060D000930600018327010863C496006F10003DFA
:1060E000B7160280938686612326E102032D010004
:1060F000130704009309000113840400930C70003B
:106100002328E101938406006F00C000130404FFFC
:10611000E3D6894A130909019387170023209700C2
:1061200023223701232221092320F10813078700A6
:10613000E3DEFCFC1306C10793850A0013050D007E
:10614000EF10C061E314058003294108832701088B
:1061500013070B006FF09FFBB387EB406356F0F61D
:10616000930600010326010863C4F6006F10C01DEA
:10617000B716028093868661232A9102930509004F
:106180009308000113090700930F70001307040020
:106190002326E10313840700938406006F00C000E8
:1061A000130404FF63DA88049385050113061600BF
:1061B00023209700232217012322B1082320C1089E
:1061C00013078700E3DECFFC032501001306C10798
:1061D00093850A00EF108058631A05F693080001B2
:1061E000130404FF832541080326010813070B004D
:1061F000930F7000E3CA88FA93860400032FC1024C
:1062000083244103930704001304070013070900C4
:10621000138905003309F900130616002322F40040
:106220002320D400232221092320C10893077000D2
:106230001304840063DAC7E8032501001306C107CD
:1062400093850A00232AE1022326E103EF1000517F
:10625000631E05EE0329410803274103032FC102F2
:1062600013040B006FF04FE6B71602808327010876
:1062700093868661635A3A09930609009308700071
:10628000130907002326E103130704001384090000
:1062900093090C006F00C000130404FF63588A04C4
:1062A0009386060193871700232087012322470145
:1062B0002322D1082320F10813078700E3DEF8FC2E
:1062C000032501001306C10793850A00EF1000495A
:1062D000631E05E6130404FF832641088327010893
:1062E00013070B0093087000E34C8AFA032FC102D6
:1062F000138609009309040013040700130709001B
:1063000013890600930606003309390193871700A5
:106310002320D40023223401232221092320F10841
:10632000930670001304840063D4F6DA0325010099
:106330001306C10793850A00232AE1022326E103FD
:10634000EF10C041631405E003294108032741030E
:10635000032FC10213040B006FF08FD70325010038
:106360001306C10793850A00EF10403F630005DC68
:106370006FF0CFDD832401088326410193071000CD
:1063800023209401130919009384140093098400B5
:1063900063DAD74A930710002322F400232221094D
:1063A000232091089307700063CC97748327010220
:1063B00083264102938414003309F90023A2F900D3
:1063C00023A0D900232221092320910893077000DC
:1063D0009389890063C297768327C101832681014F
:1063E00013060000938507008327410113850600EB
:1063F000930600002326E1022328E1011384F7FF1E
:10640000EF80401E032F01010327C10263040548EA
:10641000938C1C00938414003309890023A09901F4
:1064200023A28900232221092320910893077000C9
:1064300093898900E3C29714832601039307C10659
:10644000938414003389260123A0F90023A2D900E4
:1064500023222109232091089307700013848900C7
:1064600063D097CA032501001306C10793850A006C
:106470002326E1022328E101EF10402E631805CC0A
:10648000032941080327C102032F010113040B0054
:106490006FF00FC79306000103260108E3D6F668E4
:1064A000B716028093868660232E91029305090019
:1064B00093080001130907009303700013070400F9
:1064C0002326F103232A5102232CE103138407001E
:1064D000938406006F00C000130404FF63DA88048D
:1064E0009385050113061600232097002322170128
:1064F0002322B1082320C10813078700E3DEC3FC71
:10650000032501001306C10793850A00EF1000253B
:10651000631E05C293080001130404FF832541088C
:106520000326010813070B0093037000E3CA88FADF
:1065300093860400832FC10283224103032F81032A
:106540008324C10393070400130407001307090001
:10655000138905003309F900130616002322F400FD
:106560002320D400232221092320C108930770008F
:106570001304840063D0C7AE032501001306C107CE
:1065800093850A00232EE102232CE103232A5102E2
:106590002326F103EF10801C631A05BA0329410872
:1065A0000327C103032F810383224103832FC102E9
:1065B00013040B006FF00FAA032501001306C10797
:1065C00093850A00232CE102232AE10323265102AA
:1065D000EF10C018631C05B6032941080327810387
:1065E000032F41038322C10213040B006FF04FAD50
:1065F0009306000183270108E3D29654B716028060
:1066000093868660138D040093090001930C70003B
:106610002328E100938406006F00C000130D0DFFD6
:1066200063D6A90513090901938717002320940055
:1066300023223401232221092320F108130484009A
:10664000E3DEFCFC032501001306C10793850A0065
:10665000EF10C010631C05AE130D0DFF0329410898
:106660008327010813040B00E3CEA9FB03270101D4
:106670009386040093040D00330999009387170053
:106680002320D40023229400232221092320F1086F
:106690009306700063DEF6A6032501001306C1070A
:1066A00093850A002328E100EF10400B631005AA30
:1066B00003294108032701016FF08FA50326410636
:1066C0006354C0BA832741018326010193890700DF
:1066D00063C8F62C63563003832701083309390158
:1066E00023209401938717002322340123222109B8
:1066F0002320F1089306700013048400E3CEF61AF9
:1067000093C7F9FF93D7F741B3F9F9008327010144
:10671000B3893741634030378326410683274101DF
:1067200063D6F6288327410203260102130484005E
:10673000232CF4FE832701083309C900232EC4FE4D
:1067400093871700232221092320F10813067000E4
:10675000E342F6308327410103260101B386D74087
:10676000B389C74063D4360193890600635A300366
:10677000832701010326010833093901B38CFC008A
:106780001306160023209401232234012322210919
:106790002320C1089307700013048400E3C0C732AC
:1067A00013C6F9FF1356F641B3F7C900B384F64098
:1067B000635890949306000183270108E3D8964E0E
:1067C000B7160280938686612326E102032D01001D
:1067D000130704009309000113840400930C700054
:1067E0002328E101938406006F00C000130404FF16
:1067F00063D6895C1309090193871700232097004A
:1068000023223701232221092320F10813078700BF
:10681000E3DEFCFC1306C10793850A0013050D0097
:10682000EF00D07363140592032941088327010800
:1068300013070B006FF09FFB93040000930C0B00F9
:106840006FF00FC893761F00E39606B42322F4007E
:10685000232221092320910893077000E3DE97BCCF
:10686000032501001306C10793850A002326E102D0
:106870002328E101EF00906E631A058C032941087B
:10688000832401080327C102032F010193090B0090
:106890006FF09FBA8326410193071000E3DED7B85B
:1068A00093071001E3DED73EB71602809386866118
:1068B00093870900930C000193090700130D7000E2
:1068C000130709002328E101138906006F00C000A7
:1068D000130404FF63DA8C70130707019384140018
:1068E00023A0270123A297012322E1082320910856
:1068F00093878700E35E9DFC032501001306C10713
:1069000093850A00EF009065630405006FF00F8423
:10691000032741088324010893070B006FF05FFBF6
:1069200093771F00639407006FE09FFD6FF08FF671
:106930001317070113570741930707006FF00FC3A1
:10694000937F0904638C0FEA8327810003274100AA
:1069500083A707002390E7006FF04FEB0327810028
:1069600013050104832707009304470003A70700CA
:106970002320E10403A747002322E10403A78700A3
:106980002324E10483A7C7002326F104EF9000121B
:10699000232CA100232EB100232491006FF00F9D22
:1069A00093890600E34A30D36FF09FD593771F0099
:1069B000E38207DA6FF01FD7032501001306C10732
:1069C00093850A002326E1022328E101EF001059F4
:1069D000630405006FE09FF7032941080327C10204
:1069E000032F010113040B006FF0CFEDB7170280E6
:1069F000938707472324F102832681001377090137
:106A000083A70600938646002324D100631A07005B
:106A100013770904630607009397070193D70701CB
:106A20009376190013072000638806BE638607BEAD
:106A3000930600032300D106A300A10713692900D0
:106A40006FF08FBDB7170280938747482324F10268
:106A50006FF09FFA930760009384090063E8376939
:106A6000B71C02801387040023240101938C8C49F6
:106A70006FE01FDC9306000183270108E3DC362565
:106A8000B7160280930507009386866113070400FA
:106A90001306090013840900130D0001930470000C
:106AA0002326E10313890600938905006F00C000C7
:106AB000130404FF635A8D561306060193871700CB
:106AC000232027012322A7012322C1082320F10824
:106AD00013078700E3DEF4FC032501001306C1075A
:106AE00093850A00EF009047630405006FE01FE6FE
:106AF000032641088327010813070B006FF05FFB93
:106B0000032501001306C10793850A002326E1022D
:106B10002328E101EF009044630405006FE01FE3C8
:106B200003294108832401080327C102032F01011F
:106B300093090B006FF09F87032501001306C1071F
:106B400093850A002326E1022328E101EF0010418A
:106B5000630405006FE09FDF0329410883240108D7
:106B60000327C102032F010193090B006FF0DF8699
:106B7000930C0B001306A0001305900033F7C70217
:106B8000938CFCFF93850700130707032380EC0019
:106B9000B3D7C702E364B5FEB3049B41130F0900EA
:106BA0006FF00F92032501001306C10793850A00B9
:106BB0002326E1022328E101EF00503A6304050097
:106BC0006FE0DFD803264106032941080327C102ED
:106BD000032F010113040B006FE09FEC03288101D8
:106BE0008327C101130608001305080093860700D8
:106BF00093850700EF805046E31205021377FDFDF1
:106C00009307F0FF2326E102136F09106388F96EE2
:106C1000930770046302F7688327C10193020000A1
:106C20009384070063C0074E93076006138709002B
:106C3000930630006310FD4E032681011308810680
:106C4000930741061305060093050500032501007F
:106C50009308410713860400232A5102232AE101E5
:106C60002328E100EF20D058032701019307600695
:106C7000032F410183224103930C05003308E500F3
:106C8000631CFD0083C60C00930700036380F65667
:106C9000832741063308F800832781019385040088
:106CA000130600001385070093060000232A5102F3
:106CB000232A01012328E101EF70D012032F0101E3
:106CC00003284101832241036306054283274107CC
:106CD00063FE07019306000313871700232AE106CA
:106CE0002380D70083274107E3E807FF03274106F6
:106CF0002328E100B3879741232AF1008327C102AB
:106D0000130770046384E714930760066312FD1889
:106D10000327010193771900B3E737016356E07E3B
:106D2000639C077283240101130D6006138704001E
:106D3000638802509307D002A30FF1049309000067
:106D40006FE09FED032501001306C10793850A003C
:106D50002326E1022328E101EF005020630405000F
:106D60006FE0DFBE032941080327C102032F0101A1
:106D700013040B006FF04FB1032501001306C10788
:106D800093850A002326E1022328E101EF00101D6C
:106D9000630405006FE09FBB0329410883240108B9
:106DA000032F01010327C10293090B006FF0CFE805
:106DB00013850B00EFD00F876FE09F8C9386040044
:106DC000032F010193040400130407000327C102E9
:106DD00033099900938717002320D4006FE0DFB0B8
:106DE00063CC07688324C10193020000930910005B
:106DF0000327810193074106930841071305070004
:106E00009305050003250100130881061387090077
:106E10009306200013860400232A51002328E10151
:106E2000EF20103D93771900032F010183224101C8
:106E3000930C050063900750832741062328F10037
:106E400083274107B387A740232AF10003270101C5
:106E50009307D0FF634CF70263CAE902832741011D
:106E600003270101634CF750937F19008327010129
:106E700063960F5C13C7F7FF1357F74133F7E7002B
:106E800093840700130D70066FF09FEA130DEDFF5A
:106E9000032701012306A1079307B0029308F7FF18
:106EA0002322110763CC0832A306F1069307900052
:106EB00063C0172D9387080313070003A307F10688
:106EC000930740002307E1062328F102032741012D
:106ED0008326010393071000B304D70063D2E74869
:106EE0008327010223280100B384F40013C7F4FFB1
:106EF0001357F74133F7E4006FF09FE38327410214
:106F00008326010213048400232CF4FE8327010846
:106F1000B3852601232ED4FE938717002322B108C0
:106F20002320F1089306700063C2F6206344060034
:106F30006FE0DFBB930600FFB304C0406356D6602A
:106F4000B7160280938686612328E1009309000129
:106F50001307040013097000130D0F0013840600BB
:106F60006F00C000938404FF63D4994493850501A6
:106F70009387170023208700232237012322B1089B
:106F80002320F10813078700E35EF9FC03250100C5
:106F90001306C10793850A00EF00407C63040500D7
:106FA0006FE0DF9A832541088327010813070B0050
:106FB0006FF05FFB13850C00EFD01F828346F10555
:106FC0001347F5FF1357F7412328010093040500E9
:106FD0003377E500130F090093090000638406006E
:106FE0006FE09FC36FE09FC3032F01019306090069
:106FF00013090700138709009389070033098900E3
:107000009384140023A0D9006FF08FC1B71C0280B5
:10701000938C4C466FE0DFBE9307D002A30FF104C0
:107020009306D0026FE09FBC032FC1029385090035
:1070300093060900930904001309060013040700CE
:107040001387050033093901938717002320D400E3
:1070500023223401232221092320F1089306700002
:107060001304840063DAF6EA032501001306C1075E
:1070700093850A00232AE1022326E103EF00006E34
:10708000630405006FE09F8C032941080327410337
:10709000032FC10213040B006FF00FE81306C107A2
:1070A00093850A0013850B00EF00406B6FE01F8A89
:1070B000930700006FE0DFD8032501001306C10726
:1070C00093850A00232AE1022326E103EF000069E9
:1070D000630405006FE09F870329410803274103EC
:1070E000032FC10213040B006FF08FE193046000C3
:1070F0006FF01F97832741062328F10093070800AC
:107100006FF05FBFB7040080B3C4F4009302D002F5
:107110006FF09FB10327C10293075004E31AF7CC25
:1071200013871900930620006FF01FB1032501009B
:107130001306C10793850A002326E1022328E101F3
:10714000EF00C061630405006FE05F800326410625
:1071500083254108832701080327C102032F01016A
:1071600013040B00634406006FE05F986FF09FDC30
:107170001305B107930605001306A0001308300697
:1071800033E7C80293870600938508009386F6FFCD
:1071900013070703A38FE7FEB3C8C802E342B8FE94
:1071A000938808031387E7FFA38F16FF6378A73838
:1071B0009306E1060346070013071700938616009F
:1071C000A38FC6FEE318A7FE1307010FB307F7400E
:1071D0009387F7F82328F1026FF05FCF9307100031
:1071E000B388E7409307D0026FF01FCC832681015C
:1071F0009385040013060000138506009306000023
:10720000232C5102232A0103232AE1002328E10130
:10721000EF70403D032F0101032741010328410383
:107220008322810363140526832741063308F8006F
:107230002328F100B3079841232AF1006FF05FADD6
:107240008346F10593090000638406006FE0DF9C2C
:107250006FE0DF9C032501001306C10793850A0038
:10726000232AE1022326E103EF00404F63040500D7
:107270006FE0CFED83264106032941080327410330
:10728000032FC10213040B006FF0CFCC13090F00C2
:10729000930700006FE09FA18327C101E38209B437
:1072A0009384070093020000E3D407B4B70400807E
:1072B000B3C4F4009302D0026FF09FB30325010022
:1072C0001306C10793850A002326E1022328E10162
:1072D000EF00C048630405006FE04FE783264106D6
:1072E00083274101032941080327C102032F01011C
:1072F00013040B00B386D7406FF08FCA9309600068
:107300006FF09F918346F105232801001387090040
:1073100093840900130F0900930900006384060099
:107320006FE09F8F6FE09F8FB71602809386866015
:107330006FF04FA2330835016FF01F96B716028029
:10734000938686606FF04FB3B7160280938686618E
:107350006FE05FEC9307F0FF2322F1006FE04FE254
:10736000937719002328F100E39C07B613C7F4FFB5
:107370001357F74133F7E4006FF09F9B83274101D8
:1073800003270102B384E700832701016348F0006B
:10739000832701013388F4409304180013C7F4FFD6
:1073A0001357F74133F7E400130D70066FF05F9841
:1073B000930604001304070003270101130F0D00B7
:1073C000B3859500938717002320D40023229400CF
:1073D0002322B1082320F1089306700063C4F6004D
:1073E0006FE08FF0032501001306C10793850A00A3
:1073F0002326E1022328E101EF0040366304050063
:107400006FE0CFD483254108832701080327C102F9
:10741000032F010113040B006FE04FED8327C1011F
:1074200063C2070A8346F1059307700463C6A70980
:10743000B71C0280938C8C466FE08FFC03270102FF
:10744000130D7006B384E70013C7F4FF1357F74119
:1074500033F7E4006FF0DF8D832701023388E90002
:10746000130D6006B304F80013C7F4FF1357F74178
:1074700033F7E4006FF0DF8BB7040080B3C4F4008F
:107480009302D002930910006FF09F9693071000AB
:10749000B387E7402322F1063308F8006FF0CFFFEF
:1074A000B7160280938686616FF05FB5B7160280CB
:1074B000938686616FF0DF91B71C0280938CCC4677
:1074C0006FE00FF49307D002A30FF1049306D002EC
:1074D0006FF09FF5B7160280938686616FF09FB6B6
:1074E0008327810083A907009387470063C80900A9
:1074F0002324F10093840D006FE08FAC9309F0FF1B
:107500002324F1006FF01FFF639A07001307100098
:10751000130D6006930410006FF09F818327010212
:10752000130D600613881700B304380113C7F4FF66
:107530001357F74133F7E4006FF08FFF93072000F4
:107540002328F1026FF09F98B71602809386866118
:107550006FF01FE79307050003A501C79306060018
:1075600013860500938507006FE0CF8C130101B8E7
:107570008397C50003D7E500232C814613840500BB
:10758000B70501009385D5FF032E44060323C401EC
:107590008328440213170701B3F7B700B3E7E700E6
:1075A00013080040232AF100930581009307010787
:1075B000232A914623282147232E1146130905002B
:1075C0002326C10723226102232611032324F1006D
:1075D000232CF10023280101232E01012320010285
:1075E000EFE04F8593040500635C0502835741017A
:1075F00093F70704638807008357C40093E70704E1
:107600002316F4008320C14703248147032901473F
:10761000138504008324414713010148678000005B
:107620009305810013050900EF108044E30005FC79
:107630009304F0FF6FF09FFB83A74506130101FD44
:10764000232861012326110213972701130B06003B
:107650006358070E8327860023202103232E310140
:10766000232A51012326710113890500832B06006B
:1076700093090500930AF0FF6388070A2324810217
:1076800023229102232C41012324810103AC4B00CE
:1076900003A40B00135A2C0063060A06930400008F
:1076A0006F00C00013044400630C9A048325040097
:1076B0001306090013850900EF10103E938414008F
:1076C000E31255FF032481028324410203290102AE
:1076D0008329C101032A8101832A4101832BC1002F
:1076E000032C81001305F0FF8320C10223240B002B
:1076F00023220B00032B010113010103678000000B
:1077000083278B00137CCCFFB38787412324FB00A6
:10771000938B8B00E39C07F60324810283244102B0
:10772000032A8101032C8100032901028329C1015D
:10773000832A4101832BC100130500006FF0DFFA9B
:10774000EF1040418320C10223240B0023220B00B1
:10775000032B01011301010367800000032786004A
:10776000630407006FF05FED23220600130500009D
:1077700067800000130101F22326310D232C810BB9
:107780002326B10B232E110C2320A1009389050081
:10779000930D0600138C060063060500832745033E
:1077A000E38E07588397C9001397270163460702A2
:1077B00003A7490637260000B7E6FFFFB3E7C70077
:1077C0009386F6FF9397070193D707413377D70046
:1077D0002396F90023A2E90613F78700630807122E
:1077E00003A709016304071293F7A7011307A00079
:1077F000638EE712B71702802328210D232E710B09
:107800001309010693878762B71B0280232C810C22
:10781000232A910C2324410D2322510D2320610D95
:10782000232A910B2328A10B23262103232A0102BB
:107830002328010213070900232601002322010047
:107840002328F10013040001938BCB7983C70D002B
:107850006386071093840D00930650026386D72E2B
:1078600083C7140093841400E39A07FE338AB4415B
:107870006386B40F83264103832701032320B701C6
:10788000B306DA009387170023224701232AD10287
:107890002328F10213067000130787006350F602D5
:1078A000E382062E032501001306C1029385090019
:1078B000EFF09FD86318050A1307090083264100DB
:1078C00083C70400B38646012322D10063880708DA
:1078D00093871400A30301029306F0FF93040000B2
:1078E000930C00001305800503C60700938D170055
:1078F000930706FE6368F50E832501019397270021
:10790000B387B70083A7070067800700032501003E
:1079100093850900EF100075E31E054C8397C9009D
:107920001307A00093F7A701E396E7EC8397E9001C
:10793000E3C207EC032501008320C10D93060C0070
:1079400013860D00032C810B832DC10A938509003A
:107950008329C10C1301010E6F00D04E8327410310
:10796000E39C074283D7C9000324810D8324410D82
:1079700093F707040329010D032A810C832A410C84
:10798000032B010C832BC10B832C410B032D010B0B
:10799000E39207468320C10D032541008329C10CD2
:1079A000032C810B832DC10A1301010E6780000097
:1079B00093040000930706FD1308900003C60D0012
:1079C00093952400B385950093951500B384B70073
:1079D000930706FD938D1D00E372F8FE930706FEE4
:1079E000E37CF5F0E30C06F6230CC102A3030102CD
:1079F000130A1000130B1000930A81039306000072
:107A0000130F00000326010393FF4C088327410353
:107A100093051600138E050063960F00338D4441C5
:107A2000E340A00383457102638A050213067102D5
:107A3000938717002320C700130610002322C700D6
:107A4000232AF1022328C103130670006342C6797A
:107A500013060E0013078700130E1E0063000F06A7
:107A600013068102938727002320C70013062000F6
:107A70002322C700232AF1022328C1031306700022
:107A80006358C67BE3860710032501001306C10275
:107A900093850900232AD1002324F101EFF0DFB9F7
:107AA000E31205EC032601038327410383264101EA
:107AB000832F810013070900130E16009305000899
:107AC0006382BF54338D66416348A063B307FB00F4
:107AD0002320570123226701232AF1022328C1030F
:107AE0009306700063D4C65163880706032501001E
:107AF0001306C10293850900EFF01FB4E31405E6F5
:107B0000832741031307090013F34C0063060300A6
:107B1000338B4441634E600563D4440193040A00EF
:107B200003274100330797002322E100639E076685
:107B300023280102130709006FF05FD193EC0C01B9
:107B400093870D006FF05FDA338AB441E394B4D3C6
:107B500083C704006FF09FD72328010213F34C0062
:107B60006300037C338B4441635C607B1307090033
:107B70009306000103260103E3D86625371E028021
:107B8000130ECE78130D0001930A70006F00800170
:107B9000930526001307870013860600130B0BFFBF
:107BA000635C6D0593870701930616002320C701C8
:107BB0002322A701232AF1022328D102E3DADAFCE7
:107BC000638A0742032501001306C1029385090059
:107BD0002324C101EFF05FA6E31605D803260103B5
:107BE000130B0BFF83274103032E810013070900AA
:107BF00093051600E3486DFBB38767012320C70197
:107C000023226701232AF1022328B10213077000FF
:107C1000E354B7F063860770032501001306C10221
:107C200093850900EFF05FA1E31E05D2832741038E
:107C30006FF09FEE93F70C0103260C00130C4C0021
:107C4000639A071093F50C0493070600E39205006E
:107C5000634006040345710263C8060493FCFCF705
:107C600063140604E39A0616130A0000130B0000BF
:107C7000930A090063040500130A1A0013FF2C007D
:107C8000E3020FD8130A2A00130F20006FF09FD7CA
:107C90009307D002A303F102B307C04063C40600F8
:107CA00093FCFCF71305D002130690006364F6748E
:107CB0009387070393F7F70FA30FF104138A0600C6
:107CC0006344D000130A1000130B1000930AF1054F
:107CD000E31405FA6FF09FFA83240C00130C4C0098
:107CE000E3D004E6B304904093EC4C0093870D007E
:107CF0006FF09FBF03C60D009307A00293881D007D
:107D0000E300F610930706FD93069000930500002C
:107D100013089000E3E4F60A03C6080093962500D2
:107D2000B386B60093961600B385D700930706FD79
:107D300093881800E372F8FE9386050063C005740B
:107D4000938D08006FF0DFBA03260C0093EC0C0152
:107D5000130C4C00930706006FF09FEF93EC0C0898
:107D600093870D006FF05FB89307B002A303F10291
:107D700093870D006FF05FB793EC1C0093870D00A5
:107D80006FF09FB683477102E39C07DA9307000206
:107D9000A303F10293870D006FF01FB583270C003A
:107DA000A3030102130C4C00230CF102130A100070
:107DB000130B1000930A81036FF05FC483270C003C
:107DC00013EB0C01130C4C00A3030102130610006B
:107DD000930C0B0013050000E3C806EC937CFBF743
:107DE0006392075663920674631E065E137B1B0044
:107DF00063020B6493070003A30FF104130A0B0043
:107E0000930AF1056FF09FE783270C0013EB0C0139
:107E1000130C4C00A303010213060000930C0B008B
:107E2000E3DE06FA930A090013F677001306060349
:107E3000A38FCAFE93D7370093850A00938AFAFF6F
:107E4000E39407FE93F71C00638A07169307000369
:107E50006306F6169385E5FFA38FFAFE330BB94050
:107E6000138A060063C66661938A05006FF01FE1FE
:107E700013F60C0183270C00130C4C00631A060048
:107E800013F60C04630606009397070193D70701C6
:107E9000138B0C006FF01FF893F70C01639007022F
:107EA00013F30C04630C030083270C0083264100AA
:107EB000130C4C002390D7006FF05F9983270C00C0
:107EC00083264100130C4C0023A0D7006FF01F98AD
:107ED00093EC0C0493870D006FF01FA113F60C01B7
:107EE00083270C00130C4C00631A060013F60C04D5
:107EF000630606009397070193D70701138B0C00C5
:107F00006FF09FEC832A0C00A3030102130C4C00BA
:107F1000638A0A6263CA0656138606009305000048
:107F200013850A00232AE1002324D100EF104041E9
:107F30008326810003274101138B0600630405009B
:107F4000330B554183477102134AFBFF135AFA4121
:107F5000337A4B0193060000130F0000E39E07D015
:107F60006FF05FAA37860000130606832314C10250
:107F7000371602801306464883270C0093EC2C002A
:107F8000130C4C002326C100A3030102138B0C0029
:107F900013062000E3D406E4930A09008325C100F8
:107FA00013F6F700938AFAFF3386C50003460600EE
:107FB00093D747002380CA00E39207FE330B594151
:107FC000138A0600E3DC66CB130A0B006FF01FCBAD
:107FD000130710002328E10293070B002320510709
:107FE00023226107232A610313070900130787006F
:107FF0006FF09FB1930510001306000013070900EE
:108000006FF0DFB9338D4441E35EA0AB930500010F
:1080100063D8A55DB71502809385C5792324B10087
:10802000130E0001130F70006F008001130526006E
:108030001307870013860500130D0DFF6352AE076B
:108040000325810093870701930516002320A700CD
:108050002322C701232AF1022328B102E358BFFCDF
:1080600063800716032501001306C10293850900EA
:10807000232AD100EFF04FDCE316058E032601031F
:10808000130E0001130D0DFF8327410383264101C9
:108090001307090013051600130F7000E342AEFB2F
:1080A00003268100B387A7012322A7012320C7004D
:1080B000232AF1022328A102130670006352A63876
:1080C0006388074A032501001306C102938509004E
:1080D0002324D100EFF04FD6E316058883268100D4
:1080E0000326010383274103338D664113070900EB
:1080F000130E1600E35CA09D6354A4472324710172
:10810000930E70006F008001130E26001307870086
:1081100013860500130D0DFF635AA405938707010D
:10812000930516002320770123228700232AF102DA
:108130002328B102E3DABEFC6380070603250100B1
:108140001306C10293850900EFF00FCFE31C0580F1
:1081500003260103130D0DFF8327410313070900B5
:10816000130E1600930E7000E34AA4FB83268100D1
:10817000B387A7012322A7012320D700232AF102D6
:108180002328C1039306700063C8C61D1307870028
:10819000130E1E006FF09F93130E100013060000C5
:1081A000130709006FF01FF7032501001306C10232
:1081B00093850900EFF04FC8E30C05966FF08FFA36
:1081C0001305100013060000130709006FF0DFE627
:1081D00063820704032501001306C1029385090089
:1081E000232CD100232AF1012324E101EFF0CFC495
:1081F000631A05F6032601038327410383268101C1
:10820000832F4101032F810013070900130E16006D
:108210006FF0DF8463060F24930781022320F106A9
:10822000930720002322F106130E10001307090004
:1082300013060E0013078700130E1E006FF01F8831
:10824000130500016354A537371E0280130ECE7844
:10825000930E0001930270006F00C0011305260009
:108260001307870013860500130D0DFF63DCAE07AF
:1082700093051600938707012320C7012322D70106
:10828000232AF1022328B102E3DAB2FC6382070851
:10829000032501001306C10293850900232EC101A5
:1082A000232CD100232AF1012324E101EFF0CFB8E0
:1082B000631A05EA03260103930E0001130D0DFF57
:1082C00083274103032EC10183268101832F4101AE
:1082D000032F810013070900130516009302700095
:1082E000E3C8AEF9B387A7012320C7012322A70162
:1082F000232AF1022328A102130670006342A60A72
:1083000013078700130E1500130605006FF08FF199
:108310001306000013051000130709006FF0DFF4C7
:1083200063D4440193040A0083274100B387970074
:108330002322F1006FF0CFFF13F3FCF7936C2300BF
:108340001306200093051000630EB62C9305200041
:10835000E31AB6AC6FF05FC4E38C07C603250100D7
:108360001306C10293850900EFF00FAD631C05DE13
:10837000032E01038327410313070900130E1E0078
:108380006FF0CFF423280102130709006FF00FD319
:10839000130E100013060000130709006FF00FF210
:1083A00063820716032501001306C10293850900A5
:1083B000232CD100232AF1012324E101EFF0CFA7E0
:1083C000631205DA03260103832741038326810113
:1083D000832F4101032F810013070900130E16009C
:1083E0006FF04FE4130A0000130B0000930A09001A
:1083F0006FF0DF88930A09009305A000930E9000A8
:1084000033F6B702938AFAFF138E070013060603AA
:108410002380CA00B3D7B702E3E4CEFF330B594140
:10842000138A0600E3D86685130A0B00E316058459
:108430006FF0DF84130A0000930A09006FF01F84B5
:1084400013078700130E1500130605006FF08FE762
:108450001316060113560641930706006FF04FFFEF
:1084600013060000130E1000130709006FF00FE54C
:10847000130A0B00938A05006FF05F809306F0FFEC
:10848000938D08006FF0CFC613850A002324E10006
:10849000EFC08FB403278100130B05006FF09FAA74
:1084A000B7170280938707472326F10093F50C0145
:1084B00083270C00130C4C00639A050093F50C0401
:1084C000638605009397070193D7070193F51C0076
:1084D000E38C05AAE38A07AA930500032304B102EB
:1084E000A304C102A3030102E3D806E493EC2C0029
:1084F0006FF09FAAB7170280938747482326F100A1
:108500006FF0DFFA034771026300070893077102F7
:108510002320F106930710002322F106130E10000A
:10852000130709006FF0CFD293051000E310B6E2F5
:1085300013050000930700036FF00FF8EFB09F8E54
:108540006FF04FA693076000138B060063EAD70213
:1085500037180280130A0B00930A88496FF00FCA7C
:10856000B71602809386C6792324D1006FF01FC00E
:10857000130E100013060000130709006FF08FD4CC
:10858000130B60006FF0DFFC13060000130E1000E9
:10859000130709006FF08FCC032501001306C102F9
:1085A00093850900EFF04F896FF0CFBB371E028033
:1085B00013850500130ECE786FF0DFD2938D08007F
:1085C000930600006FF0CFB2371E028093051600AD
:1085D000130ECE786FF04FE2930700036FF0CFEDEC
:1085E000371602801306C67913050E002324C10036
:1085F0006FF01FAB9307F0FF2322F1006FF08FB9EC
:1086000083260C00130C4C0063C80600938D0800F1
:1086100093870D006FF04FAD9306F0FF938D080028
:108620006FF01FFF130500006FF00FE893070500C0
:1086300003A501C79306060013860500938507006E
:108640006FF04F93130101B88397C50003D7E5007E
:10865000232C814613840500B70501009385D5FFBF
:10866000032E44060323C401832844021317070181
:10867000B3F7B700B3E7E70013080040232AF1007F
:108680009305810093070107232A91462328214758
:10869000232E1146130905002326C1072322610258
:1086A000232611032324F100232CF10023280101A8
:1086B000232E010123200102EFF0CF8B930405004C
:1086C000635C05028357410193F707046388070041
:1086D0008357C40093E707042316F4008320C1479F
:1086E000032481470329014713850400832441475C
:1086F00013010148678000009305810013050900FC
:10870000EF000037E30005FC9304F0FF6FF09FFBE0
:10871000130101FF23261100232021016388050294
:108720002324810023229100138405009304050073
:108730006306050083274503638C070C8317C40079
:108740006392070203248100832441008320C10037
:108750001309000013050900032901001301010199
:10876000678000009305040013850400EF00800B70
:108770008327C40213090500638A07008325C40107
:1087800013850400E7800700634405068357C4008F
:1087900093F707086396070683250403638C050097
:1087A000930704046386F50013850400EFC04FBCF3
:1087B00023280402832544046388050013850400EC
:1087C000EFC00FBB23220404EFB00FE82316040010
:1087D000EFB0CFE78320C100032481008324410050
:1087E000130509000329010013010101678000003E
:1087F0008357C4001309F0FF93F70708E38E07F8C7
:108800008325040113850400EFC08FB66FF0DFF8F5
:10881000EFB04FE16FF09FF29305050003A501C78C
:108820006FF01FEF0397C500130101FE232C810099
:1088300023263101232E110093778700138405002E
:108840009309050063900712B7170000938707800C
:1088500083A64500B367F7002396F5006352D0184E
:10886000032884026304080E232A9100931637011B
:1088700083A4090023A009008325C40163CE061642
:10888000130600009306100013850900E700080096
:108890009307F0FF130605006304F51A8317C4005D
:1088A000032884028325C40193F74700638E0700E1
:1088B00003274400832704033306E640638607004A
:1088C0008327C4033306F64093060000138509008E
:1088D000E70008009307F0FF6314F51283A6090070
:1088E0009307D0010317C40063EAD716B7074020E7
:1088F00093871700B3D7D70093F717006380071645
:1089000003260401B7F7FFFF9387F77FB377F700DC
:108910002316F400232204002320C40093173701F8
:1089200063D40700638206108325040323A0990003
:1089300063840510930704046386F500138509001A
:10894000EFC00FA383244101232804021305000074
:108950008320C101032481018329C1001301010285
:10896000678000002328210103A90501630209088B
:10897000232A910083A405001377370023A0250143
:10898000B3842441930700006314070083A74501C3
:108990002324F400634890006F0040053309A900C8
:1089A00063569004832744028325C4019386040000
:1089B0001306090013850900E7800700B384A4406B
:1089C000E34EA0FC0317C400032901011367070449
:1089D000832441012316E4001305F0FF6FF05FF7D5
:1089E00083A6C503E34ED0E66FF05FF68324410112
:1089F000032901016FF09FF5032604056FF0DFEAFC
:108A00000317C40083260401B7F7FFFF9387F77F9E
:108A1000B377F7002316F400232204002320D400A8
:108A200093173701E3D207F0832504032328A40416
:108A300023A09900E39005F0832441016FF01FF11A
:108A400083A70900E38C07E41307D001638CE700D8
:108A5000130760016388E7000317C4001367070466
:108A60006FF01FF723A09900832441016FF01FEEE0
:108A7000130101FE232C8100232E11001304050095
:108A80006306050083274503638A07028397C500B1
:108A9000639C07008320C1010324810113050000AA
:108AA0001301010267800000130504000324810103
:108AB0008320C101130101026FF0DFD62326B1002C
:108AC000EFB04FB68325C1006FF05FFC6300050671
:108AD0009305050003A501C7630605008327450329
:108AE000638C07008397C500639607001305000099
:108AF000678000006FF01FD3130101FE2326B10031
:108B00002324A100232E1100EFB0CFB18325C10093
:108B1000032581008397C500639807028320C10164
:108B20001305000013010102678000003726028050
:108B3000B795008037250280130646DB938505A78D
:108B4000130505DC6FB0CFB38320C101130101020F
:108B50006FF05FCD832786006384072C8396C50062
:108B6000130101FD23248102232C410123286101EB
:108B70002326110293F78600130B0600130A050043
:108B800013840500638E070883A70501638A07081D
:108B90002322910223202103232E3101232A510174
:108BA00093F7260083240B006384070A832744027B
:108BB0008325C401B70A008093090000130900004F
:108BC000938A0AC01386090013050A006302090488
:108BD0009306090063F42A0193860A00E7800700E0
:108BE0006350A04683278B00B389A9003309A940AD
:108BF000B387A7402324FB006386071A8327440218
:108C00008325C4011386090013050A00E31209FC39
:108C100083A9040003A94400938484006FF09FFAA1
:108C20009305040013050A00EF00C043631C051CF4
:108C30008316C4002322910223202103232E310115
:108C4000232A510193F7260083240B00E39007F6B3
:108C5000232671012324810193F716006396071CD4
:108C60008327040003278400B70A00802322910190
:108C7000930B000093090000938AFAFF1385070005
:108C8000130C07006382091013F6062063080628F8
:108C9000930C070063E6E93213F70648630A0708F6
:108CA0000326440183250401131716003307C70068
:108CB0003389B740135CF701330CEC0093071900BC
:108CC000135C1C40B387370113060C006376FC006D
:108CD000138C07001386070093F60640638E063058
:108CE0009305060013050A00EFC0CF98930C05000A
:108CF000630C05348325040113060900EFB09F932C
:108D00008357C40093F7F7B793E707082316F400D7
:108D100033852C01B3072C4123289401232A840195
:108D20002320A400138C09002324F400938C090051
:108D300013860C0093850B00EF009004032784003A
:108D4000832704001389090033078741B3879701FC
:108D50002324E4002320F4009309000083278B00E0
:108D6000B38B2B01B38727412324FB0063860702C3
:108D700083270400032784008316C400138507009B
:108D8000130C0700E39209F083AB040083A94400AD
:108D9000938484006FF09FEE832BC100032C81002D
:108DA000832C41008320C1020324810283244102D9
:108DB000032901028329C101832A4101032A810178
:108DC000032B01011305000013010103678000005C
:108DD0009305040013050A00EFF09FC9630E050A0E
:108DE0008317C400832BC100032C8100832441021C
:108DF000032901028329C101832A410193E7070462
:108E00002316F4008320C10203248102032A810176
:108E1000032B01011305F0FF13010103678000001C
:108E20001305000067800000930A0000130500008E
:108E3000130C00009309000063820908630A050807
:108E400093870A00938B090063F43701938B070023
:108E50000325040083270401032984008326440199
:108E600063F6A7003309D9006344790963C0DB16B0
:108E7000832744028325C40113060C0013050A004E
:108E8000E780070013090500E35CA0F4B38A2A41D8
:108E900013051000E38E0AF283278B00330C2C019C
:108EA000B3892941B38727412324FB00E39607F8C0
:108EB000832BC100032C81006FF0DFEE83A94400F7
:108EC0009387040093848400E38A09FE03AC0700BF
:108ED000138609009305A00013050C00EF0040461F
:108EE000630A051413051500B30A85416FF05FF599
:108EF00093050C0013060900EF0080688327040027
:108F00009305040013050A00B38727012320F4000A
:108F1000EFF01FB6E30C05F66FF09FEC832604011B
:108F200063E2F6040326440163EEC9029387090055
:108F300063F43A0193870A00B3E6C70203274402A9
:108F40008325C40113860B0013050A00B386D7409E
:108F5000E700070013090500635AA004B3892941FB
:108F60006FF0DFDF1309070063F4E90013890900DC
:108F7000138507001306090093850B00EF0040607E
:108F8000032784008327040033072741B387270181
:108F90002324E4002320F400E31207FC93050400DB
:108FA00013050A00EFF0DFACE30A05FA8317C400EB
:108FB000832BC100032C8100832C41006FF01FE341
:108FC000138C0900938C09006FF09FD613860B0059
:108FD00093050C00EF00C05A032784008327040088
:108FE00013890B0033077741B38777012324E4000B
:108FF0002320F4006FF09FE913050A00EF30C0272B
:10900000930C0500E31605D08325040113050A001F
:10901000EFB01FB68317C4001307C000832BC10035
:10902000032C8100832C41002320EA0093F7F7F7FB
:109030006FF0DFDB93871900938A07006FF09FE0E2
:109040008317C4006FF09FDA1307C0008317C400B2
:10905000832BC100032C8100832C41002320EA00D4
:109060006FF0DFD883A701C7130101FF232481001C
:109070002322910023261100930405001384050088
:109080006386070003A74703630C070E8317C4001A
:1090900013F78700630A070603270401630607081E
:1090A00093F61700638806028326440123240400F4
:1090B00013050000B306D040232CD400630A070236
:1090C0008320C10003248100832441001301010196
:1090D0006780000093F627001306000063940600E3
:1090E000032644012324C40013050000E31A07FCEF
:1090F00013F70708E30607FC93E707042316F400B9
:109100001305F0FF6FF0DFFB13F70701630007089B
:1091100013F74700631C07020327040193E7870046
:109120002316F400E31E07F693F607281306002023
:10913000E388C6F69305040013850400EF30407EF3
:109140008317C400032704016FF09FF583250403F0
:10915000638E0500130704046388E500138504008B
:10916000EFB01FA18317C4002328040203270401C2
:1091700093F7B7FD232204002320E4006FF01FFAC9
:1091800013850700EFA01FCA6FF05FF01307900070
:1091900023A0E40093E707042316F4001305F0FF6F
:1091A0006FF01FF2130101FE232C8100232A91008E
:1091B00023282101232E11001309050093840500A3
:1091C00013040600EF00002C93071000631CF50049
:1091D0009387F4FF1307E00F6366F70023069100FF
:1091E0006F0040029306C405138604009305C10076
:1091F00013050900EF30C0629307F0FF6304F50820
:10920000630C0502832784008345C1009387F7FF21
:109210002324F40063DA07000327840163CCE70208
:109220009307A0006388F5028327040013871700C3
:109230002320E4002380B7008320C101032481019F
:109240000329010113850400832441011301010254
:10925000678000001306040013050900EF30501367
:109260009307F0FFE31AF5FC1305F0FF8320C1011B
:109270000324810183244101032901011301010217
:10928000678000008357C4001305F0FF93E70704CD
:109290002316F4006FF09FFD8317C6001397270174
:1092A0006340070203274606B7260000B3E7D7004E
:1092B000B72600003367D7002316F6002322E60600
:1092C0006FF05FEE130101FE232C810003A401C7A0
:1092D000232E110013860500930505006306040084
:1092E00083274403638007048317C600139727016D
:1092F0006340070203274606B7260000B3E7D700FE
:10930000B72600003367D7002316F6002322E606AF
:1093100013050400032481018320C101130101020C
:109320006FF05FE82324A100130504002326C10089
:10933000EFA05FAF0326C100832581006FF0DFFA45
:109340009377350093F6F50F638A07029307F6FFCC
:10935000630E06021306F0FF6F008001130515006F
:1093600013773500630E07009387F7FF6380C7020A
:1093700003470500E314D7FE67800000930706004B
:10938000130730006368F7006390070613050000B9
:109390006780000093F5F50F13978500B305B700BC
:1093A00013970501B708FFFE37888080B385E50075
:1093B0009388F8EF13080808130330006F000001CA
:1093C0009387C7FF13054500E370F3FC03270500EF
:1093D00033C7E500330617011347F7FF3377E6007D
:1093E00033770701E30E07FCB307F5006F00C000F9
:1093F00013051500E38CA7F803470500E31AD7FE11
:1094000067800000130101FF232611002322910031
:10941000630E0602B71502809385057B13050600CF
:109420002324810013040600EF004026B7140280B5
:1094300063120502032481001385C47A8320C100CE
:10944000832441001301010167800000B7140280EA
:109450006FF09FFE9385C47A13050400EF0000238C
:10946000E30A05FCB70501809385C51E13050400BA
:10947000EF00C021E30005FC032481001305000078
:109480006FF0DFFB03C541BD67800000130101FFE2
:109490002326110023229100638E050223248100DC
:1094A00013840500B71502809385057B130504001E
:1094B000EF00C01DB714028063120502032481006F
:1094C0001385C47A8320C100832441001301010164
:1094D00067800000B71402806FF09FFE9385C47A06
:1094E00013050400EF00801AE30A05FCB7050180AC
:1094F0009385C51E13050400EF004019E30005FC29
:1095000003248100130500006FF0DFFB1305050F36
:10951000678000001385C1B9678000001385C1B959
:1095200067800000130101FF2324810023229100A2
:1095300013040500138505002326110023A401C888
:10954000EF70CF909307F0FF630CF5008320C1000C
:10955000032481008324410013010101678000007E
:1095600083A781C8E38407FE8320C1002320F40081
:10957000032481008324410013010101678000005E
:1095800063F6A5023387C5006372E502B307C50021
:10959000630606048346F7FF9387F7FF1307F7FF79
:1095A0002380D700E318F5FE678000009307F000E2
:1095B00063E8C702930705009306F6FF6302060CF3
:1095C00093861600B386D70003C70500938717005C
:1095D00093851500A38FE7FEE398D7FE6780000010
:1095E000B367B50093F7370063960708930806FF43
:1095F00093F808FF93880801B30615011387050047
:109600009307050003280700130707019387070145
:1096100023A807FF032847FF23AA07FF032887FF84
:1096200023AC07FF0328C7FF23AE07FFE39CD7FC4B
:109630001378C600B38515011377F6006304080498
:109640001308C7FF1378C8FF13084800B387060143
:1096500013870500832807009386460013074700F9
:1096600023AE16FFE398F6FE13763600B3850501A8
:109670006FF09FF49306F6FF930705006FF05FF419
:1096800067800000130607006FF01FF33367B50013
:109690009303F0FF1377370063100710B7877F7FBE
:1096A0009387F7F70326050083A60500B372F6003B
:1096B0003363F600B382F200B3E262006392721089
:1096C0006316D6080326450083A64500B372F6004C
:1096D0003363F600B382F200B3E26200639E720C61
:1096E0006316D6060326850083A68500B372F600AE
:1096F0003363F600B382F200B3E262006398720C47
:109700006316D6040326C50083A6C500B372F6000F
:109710003363F600B382F200B3E262006392720C2C
:109720006316D6020326050183A60501B372F6006F
:109730003363F600B382F200B3E26200639C720A04
:109740001305450193854501E30ED6F41317060171
:1097500093970601631EF7001357060193D706017E
:109760003305F7409375F50F63900502678000009D
:109770001357070193D707013305F7409375F50F8A
:1097800063940500678000001377F70F93F7F70FD6
:109790003305F740678000000346050083C60500D7
:1097A00013051500938515006314D600E31606FE15
:1097B0003305D640678000001305450093854500BA
:1097C000E31CD6FC1305000067800000130585002C
:1097D00093858500E312D6FC130500006780000026
:1097E0001305C5009385C500E318D6FA13050000DC
:1097F000678000001305050193850501E31ED6F877
:109800001305000067800000130101FE232A910068
:109810008327050183A40501232E110063C0971C33
:109820009384F4FF13932400232C810013844501B7
:109830002326310123244101B3096400130A4501A1
:1098400083A7090033036A000327030023282101AB
:1098500023225101938717003359F702930A050019
:10986000636AF70A370501009308040013080A0029
:10987000930E0000930600001305F5FF03A70800F0
:10988000032E0800130848003376A700135707017A
:10989000B377AE00135E0E019388480033062603AB
:1098A000330727033306D601B37EA600B387D7411B
:1098B00013560601B387D70093D60741B3F7A70025
:1098C0003307C7003376A700B386C640B386C60108
:1098D00013960601B3E7C700232EF8FE935E070137
:1098E00093D60641E3FC19F983270300639407022A
:1098F0001303C3FF63686A006F0080019384F4FF61
:1099000063786A00832703001303C3FFE38807FE1D
:1099100023A89A0013850A00EF20401C634C050819
:109920003705010093050A00130700001305F5FF32
:1099300083A605000326040093854500B3F7A6001F
:109940003378A600B3870741B387E70013D70741F1
:109950001356060193D606013307C7403307D700D5
:1099600093160701B3F7A700B3E7D7001304440029
:1099700023AEF5FE13570741E3FC89FA93972400C1
:10998000B307FA0003A70700631407029387C7FF12
:109990006368FA006F0080019384F4FF6378FA0033
:1099A00003A707009387C7FFE30807FE23A89A00D1
:1099B00013091900032481018320C1018329C100F7
:1099C000032A8100832A41008324410113050900F1
:1099D0000329010113010102678000008320C101F6
:1099E0008324410113050000130101026780000078
:1099F00003238503130101F4232C810A232A910AEE
:109A00002328210B2322510B2326B109232E110ACF
:109A10002326310B232EE100232AF10023281101F4
:109A20002326B1022324C10013040500938D0500F1
:109A300093040600938A06001309080063020302D8
:109A40000327C5039307100093050300B397E700AE
:109A50002322E3002324F300EF10006C232C0402E4
:109A6000938904009306000063DC040093941400BF
:109A700093D714002324F100938907009306100064
:109A80003707F07F2320D900B3F6E9006388E6604A
:109A90008324810013850D001306000093850400C4
:109AA000930600002320B10323229102EF4090335C
:109AB000631A050403274101930710002320F700D0
:109AC0000327010163080700B71702809387174A2D
:109AD0002320F700B71902809389094A8320C10B1C
:109AE0000324810B8324410B0329010B832A410AA0
:109AF000832DC108138509008329C10A1301010CB4
:109B00006780000013860400130781079306C107CE
:109B100093850D00130504002324410B2320610BC2
:109B2000232E7109232C8109232A91092328A109B5
:109B300013D94901EF20403E930405006312095AEE
:109B4000832B81070329C1079307000233892B0167
:109B500013072943E3D0E73293070004B387E740B4
:109B600013052941B397F90033D5AD0033E5A700BC
:109B7000EF509067B70710FE93061000130705001B
:109B8000B387B7001309F9FF2324D10403A641C208
:109B900083A681C21305070093850700EF50403B61
:109BA00003A6C1C283A601C3EF40104D03A641C363
:109BB00083A681C3EF30D01D130A050013050900E9
:109BC00093890500EF50D05603A6C1C383A601C4F4
:109BD000EF40904A130605009386050013050A001E
:109BE00093850900EF30D01A130B05009389050007
:109BF000EF50D04B130A05009385090013050B00A5
:109C00001306000093060000EF40903663500502F3
:109C100013050A00EF50D05113060B00938609007C
:109C2000EF40501C3335A000330AAA4033892B4142
:109C300093076001130BF9FFE3E8471D3727028004
:109C400093173A0013070786B387E70003A60700B8
:109C500083A647000325010283254102EF405031CE
:109C6000E35A051E130AFAFF232E0102232C0100DA
:109C7000634C0B4863540A4A832781012324410320
:109C8000B3874741232CF100B3074041232CF10255
:109C900093079000130A000063EC574993075000A4
:109CA000E3D0571F938ACAFF9307300013090000BF
:109CB000E388FA62E3D0575F93074000E390FA52DB
:109CC000930710002328F1020326C101E352C0606C
:109CD0002326C104130C060093067001130710001D
:109CE0009307400063C4C6006F10802F939717003E
:109CF000938647019305070013071700E378D6FE04
:109D0000232EB40213050400EF10C035930905009B
:109D1000631405006F10002B232CA4029307E000AE
:109D200063E6874F6304094E83268102E35AD05EBF
:109D300093F7F600372702801307078693973700BB
:109D400093DC4640B387E70093F60C0103A80700B5
:109D500003A74700E3880652B727028003A60797A8
:109D600083A6479703250102832541022328E104A6
:109D700023200105EF40400E0328010403270105BD
:109D800093FCFC0013030500138D0500130930003C
:109D9000638C0C04B72B028023208104938B0B95DA
:109DA00013040900930507001309030093F71C002F
:109DB000638E070003A60B0083A64B001305080063
:109DC00013041400EF40502B1308050093DC1C40D3
:109DD000938B8B00E39C0CFC130309001309040014
:109DE00003240104138705009306070013060800E7
:109DF0001305030093050D00EF400006130705004F
:109E0000938705008326C1036388060203A641C425
:109E100083A681C413050700938507002328E10466
:109E20002320F104EF40D014832701040327010508
:109E3000635405006F100001130509002320F1068B
:109E40002320E104EF50D02E0327010483270106CD
:109E500013060700938607002328E1042320F1045A
:109E6000EF40902103A641C583A681C5EF30407223
:109E7000B706C0FC8327010403270105930C0500E6
:109E8000B38BB600630E0C32832681022320810738
:109E90002324D10613050700938507002328E10436
:109EA0002320F104EF5090208327010637260280FB
:109EB000130905009386F7FF9396360093070686ED
:109EC000B386D70003A846002326F10683A7060021
:109ED000232E010523229107232CF104EF50502556
:109EE0000327010583270104130605009386050057
:109EF0001305070093850700EF5080050327010332
:109F0000138D1900130309032320A105930C0500E9
:109F10001373F30FE304075A03A541C60326810513
:109F20008326C1052320B10483A581C623286104AB
:109F3000EF3090720326410693860B00EF504001EC
:109F4000832801040323010513860C00938608006F
:109F50002380690013090500938B0500EF404071D1
:109F6000832801046354A0006F00507883A741C484
:109F700003A881C4232C41052328F104232A0105C9
:109F800003A801C583A7C1C4232261072326810733
:109F90002320F10493070000032C0106232201056E
:109FA000138B070023205107138A08006F00000954
:109FB000130B1B0063448B016F00507803260104D0
:109FC000832641041305090093850B00EF40D00A56
:109FD000032601048326410413090500938B050021
:109FE00013850C0093050A00EF401009938C0500BF
:109FF000930A0500EF50900B130A0500EF50501321
:10A00000130605009386050013850A0093850C004E
:10A01000EF40107493070A031306090093860B00A0
:10A020002300FD00130D1D00930C0500138A05008D
:10A03000EF400074635405006F00506B0325010569
:10A040008325410513860C0093060A00EF405070EB
:10A050001306090093860B00EF408071E35A05F464
:10A0600083278106930B0D00138C170013069003B2
:10A070006F008000E386796583C6FBFF138D0B00BC
:10A08000938BFBFFE388C6FE9386160093F6F60FCC
:10A090002380DB00930D0C006F00004D83264101EF
:10A0A000372700009397C9001307F77093D7C700AD
:10A0B00023A0E600B3E7B7016380070A8327010105
:10A0C000B71902809389897CE38A07A0B7170280B9
:10A0D0009387B77C032701012320F7006FF01FA0AF
:10A0E00083274102B706F03F832B81079397C70070
:10A0F00093D7C70003270102B3E7D700130919C09C
:10A10000232401046FF09FA893071000B387274111
:10A11000232CF100130B0000E3400AB62324410373
:10A12000232C010293079000330B4B01E3F857B740
:10A130009307100013091000930A00002328F1026E
:10A14000130CF0FF232E0100232E04022326810589
:10A15000930500006FF01FBB83270101B719028030
:10A160009389C97BE38C0796B71702809387477C56
:10A170006FF05FF6130509002320F1062320E104A8
:10A18000EF50007B03270104832701061306070015
:10A19000938607002328E1042320F104EF40C06DDB
:10A1A00003A641C583A681C5EF30803E8327010405
:10A1B00003270105B706C0FC930C0500B38BB6005E
:10A1C00003A6C1C583A601C6130507009385070032
:10A1D000EF40105813860C0093860B00130D0500FA
:10A1E00013890500EF40C048E342A04EB707008046
:10A1F000B3C7770113860C0013050D009386070083
:10A2000093050900EF40C056634805068327C10740
:10A2100063CE0718832681021307E0006348D7182E
:10A220008327810237270280130707869397370019
:10A23000B387E70003AA070083AA47008327C10169
:10A2400063D807046346800563180C0203A6C1C5E2
:10A2500083A601C613050A0093850A00EF40C0617A
:10A26000130605009386050003250102832541029C
:10A27000EF400050E34CA044138D0900232001025D
:10A28000130900008327C10193CDF7FF6F004069D8
:10A29000938719002320F104032B010203294102B3
:10A2A00013060A0093860A0013050B0093050900A4
:10A2B000EF30903AEF50805F130D0500EF5040678C
:10A2C00013060A0093860A00EF40005B13060500A0
:10A2D0009386050013050B0093050900EF405047D6
:10A2E00093070D032380F90013061000832B01044C
:10A2F0001307050093860500E30CCC0C83A7C1C4AB
:10A3000003A801C5930D10002324F10023260101A9
:10A310006F00000613060A0093860A0013050B005F
:10A3200093050900EF305033EF504058130D0500EE
:10A33000EF50006013060A0093860A00EF40C053F6
:10A3400093860500130605009305090013050B000D
:10A35000EF401040938B1B0093070D03938D1D005E
:10A36000A38FFBFE1307050093860500E302BC07DD
:10A3700003268100938506008326C100130507008C
:10A38000EF40804F1306000093060000130B0500FA
:10A3900013890500EF400025E31E05F6832781029F
:10A3A000138D0B00938D17006F00001C0327010312
:10A3B00063160726832B8103832C81012328010246
:10A3C0001309000063820C026350600393870C0042
:10A3D00063449B6703278101B38CFC40330BFB4034
:10A3E0003307F740232CE1008327810363820702B0
:10A3F0008327010363840700E39C0B060326810384
:10A400009385040013050400EF10403F93040500FA
:10A410009305100013050400EF1000102320A10283
:10A42000631C0A509307100063DC5755B38767011C
:10A4300093F7F7016380071E130700023307F74005
:10A440009306400063D4E6581307C001B307F740F2
:10A4500003278101B38CFC00330BFB003307F700AB
:10A46000232CE100832781016340F014635C6001C9
:10A470008325010213060B0013050400EF10004DA5
:10A480002320A1028327C103639C071263548045E4
:10A49000832701036390072683278102938D17008A
:10A4A000832A0102130A10006F0000029385040042
:10A4B000930600001306A00013050400EF001048E7
:10A4C00093040500130A1A0093850A0013850400FB
:10A4D000EFF08FB3930B0503B3874901A38F77FF89
:10A4E000E3468AFD130A100063448055338A49010C
:10A4F000930A00009385040013061000130504005E
:10A50000EF10C0448325010293040500EF10005DA5
:10A51000635EA04E930690036F008000638A495FDC
:10A520008347FAFF130D0A00130AFAFFE388D7FEE8
:10A53000938717002300FA00832501021305040006
:10A54000EF00903D63020902638A0A0063882A01D2
:10A5500093850A0013050400EF00103C93050900E1
:10A5600013050400EF00503B93850400130504001D
:10A57000EF00903A8327410123000D0023A0B7018B
:10A58000832701016384070023A0A701032A810A0E
:10A59000032B010A832BC109032C8109832C410958
:10A5A000032D01096FF08FD39385040013860700F4
:10A5B00013050400EF108039930405006FF01FEBC2
:10A5C0008325010213850400EF104051E35005EC90
:10A5D0008327810293850400930600001306A000E0
:10A5E00013050400138BF7FFEF0050358327010399
:10A5F00093040500639E070C032CC104E35A8015E5
:10A60000832D81026FF0DFE993071000232EF10202
:10A610006FF0CFE59307C0016FF09FE313071000C1
:10A620006354574D83278103930BFCFF63CA774123
:10A63000B38B774183278101B38C8741E3500C0EA4
:10A640009305100013050400EF00106D13090500B9
:10A650006FF05FD7232E0102232C0100E34020ADD1
:10A6600093071000B3872741232CF100130B000040
:10A670006FF0DFAAB387E7403395FD006FF04FCF4F
:10A680009307300013091000638CFA4463C657E344
:10A6900093072000E38CFA14232E04029305000094
:10A6A00013050400EF00101C93090500E30C0510CE
:10A6B000930710002328F1029307F0FF232CA40234
:10A6C0002326F104130CF0FF232E01006FF01FB4BA
:10A6D00093050900930600001306A000130504006B
:10A6E000EF00D025032CC10413090500E3568009AF
:10A6F00023246103635C90019305090013860C0019
:10A7000013050400EF10802413090500130B090042
:10A71000631E0A508327C102138DF9FF938C090031
:10A72000232C31018329010293F71700330D8D018A
:10A730002324F100232EB101938509001385040021
:10A74000EFF08F8C130C05009305090013850400AE
:10A75000EF10C038130A050013060B00938509009B
:10A7600013050400EF10003D0327C500930B0C03F5
:10A77000930D0500631C070893050500138504006D
:10A78000EF10C0351307050093850D001305040075
:10A79000930D0700EF005018B3E65D01639A060EB3
:10A7A00083278100638A077463420A7623807C01D1
:10A7B000138A1C0063049D679385040093060000C0
:10A7C0001306A00013050400EF00501793040500C2
:10A7D000930600001306A00093050900130504006A
:10A7E000630E6909EF00901593050B00130905002E
:10A7F000930600001306A00013050400EF001014D8
:10A80000130B0500930C0A006FF01FF3930505006E
:10A810001305040083298101832DC101EF00D00FAE
:10A82000634A0A0013F71D00336A5A013367470170
:10A83000631E070693850400130610001305040029
:10A84000EF10C0108325010293040500EF100029CA
:10A850006358A02413079003638CEB24930B1C0311
:10A8600083278102930A0900138D1C0023807C0139
:10A87000938D170013090B006FF01FCCEF00100C25
:10A8800013090500130B0500930C0A006FF0DFEAB3
:10A8900063440A7283278100336A5A0133EA47010D
:10A8A000630C0A70E354B0F183298101130790030C
:10A8B0006380EB200327810293871B00930A090022
:10A8C000138D1C00930D17002380FC0013090B004F
:10A8D0006FF09FC693072000E3DC57BB138D090080
:10A8E000E3120C9A83250102930600001306500020
:10A8F00013050400EF009004930505002320A10236
:10A9000013850400EF10801DE35EA09693071003EB
:10A910002380F90083278102138D1900938D17007E
:10A920008325010213050400938D1D00EF00C07EF6
:10A93000E31609C26FF05FC39305050013060A0012
:10A9400013050400EF00906B930710002320A10271
:10A9500063DE5711130A0000032701028327070152
:10A960009387370093972700B307F70003A54700A5
:10A97000EF00102593070002B387A7406FF01FABCD
:10A980008327C10263900704832781009397C70040
:10A99000639A0702832681009307000013D74601BC
:10A9A0001377F77F630C070083278101130B1B00CC
:10A9B00093871700232CF10093071000631C0A549F
:10A9C000138A0700930710006FF05FA6E30CD7A867
:10A9D0001307C003B307F7406FF09FA7930710005A
:10A9E000930A50002328F1028327C1010327810223
:10A9F000B387E700138C17002326F10413060C001D
:10AA0000634C80AD130610006FF00FAD63160500A8
:10AA100093F71B00E39007B0930600038347FAFF08
:10AA2000130D0A00130AFAFFE38AD7FE6FF0DFB0B6
:10AA3000130A0C006FF09FAB93070B006FF09F9908
:10AA40008327810303278101232C7103B387FB40F4
:10AA5000330AFA00B3078701930C0700330B8B010D
:10AA6000232CF100930B00006FF09FBD8327C102E0
:10AA7000E39207EE832781009397C700E39C07ECDE
:10AA80006FF05FF103230102032D4102130920003F
:10AA90006FF00FB0930A2000232801026FF0CFA2BD
:10AAA000E31005DC13F71B00E31607DA6FF05FDB3A
:10AAB000930790032380FC0083278102930A0900F7
:10AAC000138A1C00938D170013090B006FF09FA4CD
:10AAD00093071000130C1000232EF1006FF0CFE647
:10AAE000232801026FF05FF003278104630407301D
:10AAF0000327810193873743330BFB00B307F7002C
:10AB0000832B8103930C0700232CF1006FF05FB3BC
:10AB1000930710032380F900938D1D006FF0DFA1D0
:10AB20008327810263880730B30BF04093F7FB0063
:10AB3000372702801307078693973700B387E7000C
:10AB400003A6070083A647000325010283254102CF
:10AB500093DB4B40EF305052138D050063880B425E
:10AB600013092000B72C028023208104938C0C95BC
:10AB7000130409001307050013060000130905005C
:10AB800093F61B006380060203A60C0083A64C000C
:10AB90001305070013041400EF30104E13070500CF
:10ABA0001306100093DB1B40938C8C00E39A0BFC84
:10ABB0001305090093870500130904000324010409
:10ABC000631206A41307050093070D006FF08FA30F
:10ABD000938506001306070013050700EF20501B9E
:10ABE0008327810213060A0093860A00938D1700BB
:10ABF000130B050013890500138C0D00EF3050274F
:10AC00006346A0C613050B009305090013060A004E
:10AC100093860A00EF30101D63160500137D1D009A
:10AC200063160DC4138D0B006FF01F94832549002C
:10AC300013050400EF000043130A05006300053606
:10AC4000032609019305C9001305C5001306260054
:10AC500013162600EF901F9E1306100093050A009E
:10AC600013050400EF00904E130B05006FF09FAA30
:10AC70009305090013860B0013050400EF0010383C
:10AC8000138604009305050013090500130504004D
:10AC9000EF0090139307050093850400130504004B
:10ACA00093840700EF00404783278103B3877741F0
:10ACB000232CF102638E07F46FF04FF40326810515
:10ACC0008326C105032541062328B10493850B0083
:10ACD00023286102EF30503A032301038327010642
:10ACE00093061000238069002324A1048328010512
:10ACF00013890500B38BF900638CD72683A7C1C4E1
:10AD000003A801C5232891042328F102232A010363
:10AD10002320810613850C00938508000326010378
:10AD200083264103130D1D00EF30103513840500F9
:10AD300093040500EF409037930C0500EF40503F1F
:10AD4000130605009386050013850400930504008F
:10AD5000938C0C03EF40C01FA30F9DFFE390ABFD4E
:10AD60008324010503240106930C05009388050044
:10AD700003A641C683A681C6032581049305090065
:10AD800023281103EF20D0008328010313860C0031
:10AD900093860800EF30D01D634C0518032681040C
:10ADA00003A541C683A581C693060900EF40401A5A
:10ADB0008328010313860C0093860800EF30500BA4
:10ADC000634CA0108327C10763C607DE03278102F7
:10ADD0009307E00063C0E7DE832781020327C106F3
:10ADE00093973700B307F70003AA070083AA470029
:10ADF0006FF08FCA032781078326810193076003C1
:10AE0000B387E740330BFB00B387F600832B810346
:10AE1000938C0600232CF1006FF09F828327810220
:10AE2000930A090083298101938D170013090B00F0
:10AE30006FF04FEC03270102832741021309200022
:10AE40006FE05FFC63080CB2032DC1046350A0BD2A
:10AE5000938507008327810283A601C503A6C1C489
:10AE60009387F7FF130507002324F106EF30D02066
:10AE700013070500130519002328E1042320B1045A
:10AE8000EF40102B03270105832701041306070059
:10AE900093860700EF30501E03A641C583A681C5E7
:10AEA000EF20006FB706C0FC8327010403270105CC
:10AEB000930C0500B38BB6002320A1076FE09FFD24
:10AEC00093061003130C1C006FF08F9C23200102CB
:10AED000130900006FF09FA31306000383C7FBFF55
:10AEE000138D0B00938BFBFFE38AC7FE832781063C
:10AEF000938D17006FF04FE71307900383298101AB
:10AF0000E388EBBAE34C40956FF09F95832981016C
:10AF10006FF01F95138A07006FF01FA4938C070032
:10AF2000B3878701330B8B01232CF1006FF04FF1B6
:10AF300083278106138C17006FF04F93032A810536
:10AF4000032B4106032CC106832A01066FF00FACC8
:10AF50009307200063C85701832D8102032CC1048D
:10AF60006FF00FD4032CC104232461036FF01F97EB
:10AF7000832B01046FF0DFDF93072000E3C457FF4A
:10AF8000032CC104232461036FF0CFF613070500DF
:10AF900093870500130920006FE0DFE6B7160280F3
:10AFA000371502809386C67C130600009305F02EA9
:10AFB0001305057EEF10106483298101E34CB087EF
:10AFC0006FF01F8AB7160280371502809386C67C01
:10AFD000130600009305F01A1305057EEF1090612B
:10AFE000232E0402930500006FE0DFD12328010225
:10AFF0006FE09FCD83A701B96780070063800502DA
:10B0000063020604638806048347060023A0F50054
:10B01000034506003335A00067800000130101FFDF
:10B020009305C10063040602638A06028347060093
:10B0300023A0F500034506003335A00013010101EC
:10B040006780000013050000678000001305000002
:10B050006FF0DFFE1305E0FF678000001305E0FFDF
:10B060006FF0DFFD83274504130101FF23248100D6
:10B070002322910023261100130405009384050068
:10B08000638C070213972400B387E70003A507002A
:10B09000630405040327050023A0E7002328050017
:10B0A000232605008320C10003248100832441005E
:10B0B0001301010167800000130610029305400090
:10B0C000EF10D0592322A40493070500E31C05FACE
:10B0D000130500006FF01FFD23202101130910004C
:10B0E0003319990013065900131626009305100012
:10B0F00013050400EF109056630A05002324250170
:10B1000023229500032901006FF05FF90329010054
:10B11000130500006FF01FF96380050203A74500C7
:10B120008327450413172700B387E70003A7070009
:10B1300023A0E50023A0B70067800000130101FEF3
:10B14000232A910083A4050137030100232C8100E9
:10B150002328210123263101232E11001389050004
:10B160009309050013840600138845019308000025
:10B170001303F3FF8327080013084800938818007F
:10B1800033F767003307C70293D60701B386C602B9
:10B19000B307870013D70701B3F76700B386E6004C
:10B1A00013970601B307F700232EF8FE13D4060108
:10B1B000E3C298FC630204028327890063DEF40281
:10B1C0009387440093972700B307F90023A28700D1
:10B1D00093841400232899008320C1010324810152
:10B1E000832441018329C1001305090003290101BA
:10B1F00013010102678000008325490013850900BF
:10B200002324410193851500EFF0DFE5130A0500C3
:10B21000630E0504032609019305C9001305C50043
:10B220001306260013162600EF90CFC0032749000F
:10B2300083A7490413172700B387E70003A7070074
:10B240002320E90023A027019387440013090A0063
:10B2500093972700B307F900032A81009384140011
:10B2600023A28700232899006FF01FF7B7160280EA
:10B27000372502809386C67C130600009305A00B39
:10B2800013058581EF101037130101FE232C810077
:10B29000232A91002328210123263101232441015F
:10B2A000938906009307900093868600232E110051
:10B2B000B3C6F6021309050013840500130A06003D
:10B2C0009304070063DA370D93071000930500001D
:10B2D0009397170093851500E3CCD7FE130509005B
:10B2E000EFF05FD893050500630C050A9307100083
:10B2F0002328F500232A95009307900063D8470977
:10B3000023225101930A940093840A0033044401D8
:10B3100083C604001306A00013050900938606FDEA
:10B32000EFF0DFE19384140093050500E39284FEBF
:10B3300013048AFF33848A00832A410063563A0348
:10B34000B3894941B3093401834604001306A000C0
:10B3500013050900938606FDEFF05FDE1304140069
:10B3600093050500E31234FF8320C101032481010A
:10B3700083244101032901018329C100032A81009B
:10B380001385050013010102678000001304A40067
:10B39000130A90006FF09FFA930500006FF01FF4FE
:10B3A000B7160280372502809386C67C13060000FC
:10B3B0009305300D1305858123225101EF10902351
:10B3C00093070500370701001305000063F6E70047
:10B3D00093970701130500013707000163F6E700A3
:10B3E00013058500939787003707001063F6E70081
:10B3F00013054500939747003707004063EAE700CD
:10B4000093C7F7FF93D7F7013305F5006780000076
:10B410009397270063CA070013971700634A070032
:10B4200013050002678000001305250067800000F7
:10B43000130535006780000083270500130705000A
:10B4400093F677006384060293F617001305000055
:10B45000639E060493F627006388060A93D71700B5
:10B460002320F70013051000678000009396070162
:10B4700093D6060113050000638E060693F6F70FB8
:10B480006380060693F6F7006382060493F637009E
:10B490006384060293F61700639C060093D7170097
:10B4A000130515006396070013050002678000006E
:10B4B0002320F7006780000093D7270093F617003A
:10B4C00013052500E39606FE6FF05FFD93D7470056
:10B4D00093F6370013054500E39E06FA6FF0DFFD93
:10B4E00093D7870093F6F70013058500E39006FADB
:10B4F0006FF0DFFD93D7070193F6F70F13050001F7
:10B50000E39206F86FF0DFFD93D727002320F700C2
:10B51000130520006780000083274504130101FF05
:10B520002324810023229100232611001304050007
:10B5300093840500638C070203A547006302050698
:10B540000327050023A2E7008320C1000324810014
:10B5500093071000232A9500232605002328F500D1
:10B5600083244100130101016780000013061002CB
:10B5700093054000EF10900E2322A40493070500CA
:10B58000E31C05FAB7160280372502809386C67C35
:10B59000130600009305501413058581EF109005E4
:10B5A0001306C0019305100013050400EF10100BE3
:10B5B000E30A05FC930710002322F50093072000FF
:10B5C0002324F5006FF05FF8130101FE2328210109
:10B5D0002326310103A9050183290601232A9100AD
:10B5E00023244101232E1100232C8100138A0500FE
:10B5F00093040600634C3901138709009384050006
:10B6000093090900130A06001309070083A78400A1
:10B6100083A5440033842901B3A78700B385F500CF
:10B62000EFF05FA4630E051A13034501931824007D
:10B63000B3081301930703006378130123A00700E5
:10B6400093874700E3EC17FF13084A01131E2900F4
:10B65000938E440193952900330EC801B385BE0033
:10B660006376C81393875401130F400063F0F516F7
:10B67000B70601009386F6FF6F00800193DF0F018C
:10B6800063980F0813084800130343006370C81140
:10B69000832F0800B3F3DF00E38203FE930203006D
:10B6A000938F0E009304000083A70F0003A60200EF
:10B6B0009382420033F7D7003307770293D707010D
:10B6C0003379D60013560601938F4F00B387770264
:10B6D0003307270133079700935407013377D700C7
:10B6E000B387C700B3879700139607013367E60057
:10B6F00023AEE2FE93D40701E3E8BFFAB307E30108
:10B7000023A09700832F080093DF0F01E38C0FF62F
:10B71000032703009302030013860E00930407001F
:10B72000930300008327060093D904013377D700E1
:10B73000B3F7D700B387F70383A442009382420094
:10B740001306460033F9D400B3877700B387370177
:10B750009393070133E7E30023AEE2FE0357E6FFCE
:10B7600093D707013307F703330727013307F700A0
:10B7700093530701E368B6FAB307E30123A0E70098
:10B780001308480013034300E364C8F163488000D2
:10B790006F0080011304F4FF6308040083A7C8FF4F
:10B7A0009388C8FFE38807FE8320C1012328850012
:10B7B0000324810183244101032901018329C1005C
:10B7C000032A81001301010267800000B3879540BE
:10B7D0009387B7FE93F7C7FF138F47006FF05FE9BA
:10B7E000B7160280372502809386C67C13060000B8
:10B7F0009305201613058581EF10C05F130101FE2C
:10B80000232C81002328210123263101232E11001E
:10B810009377360013040600930905001389050089
:10B82000639C070A13542440630A0406232A9100E8
:10B8300083A409046386040C9377140063900702C1
:10B8400013541440630A040403A5040063060506A8
:10B850009304050093771400E38407FE1386040025
:10B860009305090013850900EFF01FD66300090254
:10B870000327490083A7490413172700B387E7006C
:10B8800003A707002320E90023A027011354144035
:10B8900013090500E31A04FA832441018320C1013E
:10B8A000032481018329C100130509000329010133
:10B8B00013010102678000001386040093850400D1
:10B8C00013850900EFF05FD023A0A400232005001A
:10B8D000930405006FF01FF89387F7FF3727028066
:10B8E0001307078593972700B307F70003A6070000
:10B8F00093060000EFF09F84130905006FF09FF29C
:10B900009305100013850900EFF0CFF593040500AF
:10B910006300050293071027232AF5009307100000
:10B920002328F50023A0A904232005006FF0DFF0F1
:10B93000B7160280372502809386C67C1306000066
:10B940009305501413058581EF10C04A130101FEC1
:10B950002322510183AA050183A7850023263101F3
:10B9600093595640B38A5901232C8100232A910010
:10B970002328210123244101232E110013891A00B9
:10B98000938405001304060083A54500130A0500EF
:10B9900063D827019397170093851500E3CC27FF01
:10B9A00013050A00EFF00FEC630C051013084501B6
:10B9B0006354300393895900939929003307350163
:10B9C000930708009387470023AE07FEE39CE7FE3A
:10B9D0009389C9FE3308380183A804019387440181
:10B9E0001376F40193982800B38817016304060ABC
:10B9F00093050002B385C5401303080093060000B9
:10BA000003A7070013034300938747003317C700BA
:10BA10003367D700232EE3FE83A6C7FFB3D6B60055
:10BA2000E3E017FF938754011307400063EAF8002F
:10BA3000B38798409387B7FE93F7C7FF13874700F4
:10BA40003308E8002320D8006394060013890A0015
:10BA500003A7440083274A048320C101131727004A
:10BA6000B387E70003A707002328250103248101EA
:10BA700023A0E40023A097000329010183244101AE
:10BA80008329C100032A8100832A41001301010296
:10BA90006780000003A7070093874700130848004A
:10BAA000232EE8FEE3F417FB03A707009387470064
:10BAB00013084800232EE8FEE3EE17FD6FF01FF990
:10BAC000B7160280372502809386C67C13060000D5
:10BAD0009305E01D13058581EF10C0310327050193
:10BAE00083A70501130805003305F7406312F70427
:10BAF0009397270013084801938545013307F80001
:10BB0000B387F5006F0080006374E8020326C7FF67
:10BB100083A6C7FF1307C7FF9387C7FFE306D6FEB9
:10BB2000130510006376D6001305F0FF6780000050
:10BB30006780000003A7050183270601130101FFA9
:10BB40002324810023229100232611002320210198
:10BB50001384050093040600B306F740631EF7182C
:10BB6000939627001386450113874401B307D60037
:10BB70003307D7006F008000637CF61883A5C7FFEA
:10BB80008326C7FF9387C7FF1307C7FFE386D5FE4A
:10BB90001309100063EAD50093870400130900001D
:10BBA000930404001384070083A54400EFF08FCBB7
:10BBB0006306051A83A8040183220401938F4401BC
:10BBC0001393280013084401939222009305450122
:10BBD000370E01002326250133836F00B30258007E
:10BBE000138F0500938E0F0093060000130EFEFFC7
:10BBF00003A70E0003260800130F4F00B377C701F9
:10BC0000B373C601B3877740B387D70013570701D3
:10BC10001356060193D607413307C7403307D700B1
:10BC200093160701B3F7C701B3E7D700130848001D
:10BC3000232EFFFE938E4E0093560741E36A58FA77
:10BC400013075401338482401304B4FEB3B2E200FC
:10BC500013CF120013542400130740006384020A18
:10BC6000B38FEF003388E500B70E0100130E080014
:10BC700013860F00938EFEFF63F46F0C832706007C
:10BC8000130E4E001306460033F7D7013307D700D3
:10BC900093D50701135707413307B700B387D70080
:10BCA000B3F7D70193160701B3E7D700232EFEFEA3
:10BCB00093560741E36466FC1303F3FF3303F34138
:10BCC0001373C3FF33076800639A07008327C7FF16
:10BCD0009388F8FF1307C7FFE38A07FE8320C1009C
:10BCE0000324810023281501832441000329010036
:10BCF000130101016780000013091000E3DE06E86C
:10BD00006FF09FEA13071400131727006FF05FF519
:10BD100093050000EFF00FB5630005068320C10016
:10BD200003248100930710002328F500232A05002F
:10BD300083244100032901001301010167800000F1
:10BD40001307000063160F003387E5006FF0DFF77D
:10BD5000131724003387E5006FF01FF7B716028032
:10BD6000372502809386C67C130600009305502475
:10BD700013058581EF100008B71602803725028071
:10BD80009386C67C130600009305702313058581F6
:10BD9000EF104006B707F07FB3F5B700B707C0FC58
:10BDA000B385F500930700006356B00013850700C4
:10BDB00067800000B305B04093D54541930730013B
:10BDC00063CCB700B7070800B3D5B74093070000AE
:10BDD00013850700678000009385C5FE1307E00107
:10BDE000930710006346B700B7070080B3D7B700CA
:10BDF000930500001385070067800000130101FE12
:10BE0000232A910083240501232C8100130445017A
:10BE100093942400B30494002328210103A9C4FFB0
:10BE200023263101232441011305090093890500CC
:10BE3000232E1100EFF0CFD813070002B307A7405D
:10BE400023A0F9009307A000138AC4FF63DCA708AE
:10BE5000130655FF6370440583A784FF630C060433
:10BE6000B306C74033D7D7003319C9003369E90097
:10BE7000938584FF3707F03F3367E900B397C70026
:10BE8000637EB40203A644FFB356D600B3E7D700DF
:10BE90006F00C0029307B000630CF5003319C900AE
:10BEA0003707F03F3367E900930700006F00000198
:10BEB000930700003707F03F3367E9008320C10193
:10BEC0000324810183244101032901018329C10045
:10BED000032A81001385070093050700130101025F
:10BEE000678000009306B000B386A640B707F03F16
:10BEF0003357D9003367F700930700006376440196
:10BF000083A784FFB3D7D700130555013319A900C0
:10BF1000B367F9006FF09FFA130101FD232A510165
:10BF2000938A05009305100023229102232E3101EC
:10BF3000232C4101232611022324810223202103E3
:10BF400093040600138A060093090700EFF08F910F
:10BF5000630205103707100013D944019307F7FF58
:10BF60001379F97F13040500B3F797006304090000
:10BF7000B3E7E7002326F10063920A061305C10028
:10BF8000EFF08FCB0327C100930410002328940007
:10BF9000232AE40093070502630809081309D9BCA2
:10BFA0003309F9009304500323202A013385F44018
:10BFB00023A0A9008320C1021305040003248102E9
:10BFC00083244102032901028329C101032A81013B
:10BFD000832A4101130101036780000013058100DA
:10BFE00023245101EFF04FC50327C100930705003B
:10BFF000630E05040326810093060002B386A64063
:10C00000B316D7003357A700B3E6C6002326E100D6
:10C01000B334E00093841400232AD400232CE400DA
:10C0200023289400E31C09F6139724003307E40047
:10C03000032507019387E7BC2320FA00EFF04FB8F0
:10C04000939454003385A4406FF09FF683268100BB
:10C050006FF01FFCB7160280372502809386C67CDE
:10C06000130600009305F03013058581EF0090580A
:10C07000130101FD2320210313890500930581008D
:10C08000232611022324810223229102232E31012F
:10C0900093090500EFF09FD6930405001384050073
:10C0A000130509009305C100EFF05FD503270901CF
:10C0B00083A709018326C100B387E74003278100D6
:10C0C000939757003307D740B387E700130705005E
:10C0D000635EF002939747013384870093860500DF
:10C0E000138504009305040013060700EF10D056D3
:10C0F0008320C10203248102832441020329010217
:10C100008329C10113010103678000009397470150
:10C11000B385F5406FF09FFC130101FF232021013F
:10C1200023261100930770011309050063DAA704A1
:10C1300083A741C483A581C42324810023229100C5
:10C1400003A4C1C483A401C513850700130604001A
:10C1500093860400EF2040721309F9FF930705004E
:10C16000E31409FE032481008320C10083244100DD
:10C1700003290100138507001301010167800000F6
:10C180003727028013193500130707853307270166
:10C19000832707018320C10083254701032901006C
:10C1A0001385070013010101678000008326060143
:10C1B0009385F5FF93D55540938515009307460168
:10C1C0009396260093952500B386D700B305B50056
:10C1D00063F8D7021307050003A8070093874700F9
:10C1E00013074700232E07FFE3E8D7FEB387C640B7
:10C1F0009387B7FE93F7C7FF938747003305F50092
:10C200006378B50013054500232E05FEE36CB5FEEB
:10C21000678000000327050113D6554093064501AA
:10C220006352C70213172700B387E60063F2F604D0
:10C2300003A7C7FF9387C7FFE30A07FE1305100094
:10C240006780000093172600B387F600E350E6FEF0
:10C2500093F5F501E38C05FC03A607001305100018
:10C260003357B6003317B700E302E6FC67800000DF
:10C270001305000067800000130101FD23229102D5
:10C2800023261102930406006388051E23248102DD
:10C290002320210313840500232E3101232A510179
:10C2A000232C410113090500EF904FB80327C4FF69
:10C2B0009387B40093066001930A84FF9379C7FFC4
:10C2C00063F2F61013FA87FF63C2071063609A10D7
:10C2D00063D24913B727028023248101138C07EE10
:10C2E00003268C00B3863A0183A746006308D61C58
:10C2F00013F6E7FF3386C6000326460013761600C2
:10C30000631A061493F7C7FF3386F9006358460D86
:10C3100013771700631C070223267101832B84FF08
:10C3200023286101B38B7A4103A74B001377C7FF22
:10C33000B387E700338B3701635C4B33338BE90002
:10C3400063584B29032B0101832BC1009385040003
:10C3500013050900EF801FB2930405006308054030
:10C360008327C4FF130785FF93F7E7FFB387FA001E
:10C370006386E7241386C9FF9307400263E4C72E50
:10C3800013073001636AC7209307050013070400F1
:10C390008326070023A0D7008326470023A2D700C7
:10C3A0000327870023A4E700930504001305090071
:10C3B000EF800FFC13050900EF908FA7032C81007D
:10C3C0006F00C006130A0001E3749AF09307C000DF
:10C3D0002320F900930400006F00400583A7C600E6
:10C3E00003A78600032C8100930906002326F7008B
:10C3F00023A4E70083A74A00B38649411306F0004F
:10C4000093F7170033873A016362D608B3E7370121
:10C4100023A2FA008327470093E717002322F7009F
:10C4200013050900EF90CFA09304040003248102B8
:10C430008320C102032901028329C101032A81014A
:10C44000832A41011385040083244102130101035F
:10C450006780000013771700E31A07EE23267101A7
:10C46000832B84FF23286101B38B7A4103A74B0000
:10C470001377C7FF6FF09FEC8320C1028324410232
:10C4800093050600130101036F80DF9EB3E74701A8
:10C4900023A2FA00B3854A0193E6160023A2D50031
:10C4A00083274700938585001305090093E717004C
:10C4B0002322F700EF80CFEB6FF09FF693F7C7FFD3
:10C4C000B386370113060A0163D0C6261377170017
:10C4D000E31E07E623267101832B84FF23286101D5
:10C4E000B38B7A4103A74B001377C7FFB387E700ED
:10C4F000338B3701E344CBE483A7CB0003A78B0046
:10C500001386C9FF930640022326F70023A4E70001
:10C5100093848B0063E4C6281307300193870400DB
:10C520006372C702032704009307B00123A4EB0042
:10C530000327440023A6EB0063EAC7261304840004
:10C5400093870B010327040023A0E700032744007F
:10C5500023A2E7000327840023A4E70033874B01CD
:10C56000330B4B412324EC0093671B002322F7007D
:10C5700083A74B001305090093F71700B3E74701A2
:10C5800023A2FB00EF90CF8A032B0101832BC10074
:10C59000032C81006FF09FE9832604001307B0018C
:10C5A0002320D500832644002322D500636EC714C0
:10C5B00013078400930785006FF09FDD8327C5FF75
:10C5C000032C810093F7C7FFB389F9006FF09FE256
:10C5D00083A7CB0003A78B001386C9FF93064002F5
:10C5E0002326F70023A4E70093848B0063E6C6109C
:10C5F0001307300193870400637CC70203270400FC
:10C600009307B00123A4EB000327440023A6EB000B
:10C6100063F8C7148327840023A8FB008327C40082
:10C6200023AAFB00630CD60A1304040193878B0131
:10C630000327040023A0E7000327440023A2E70008
:10C640000327840023A4E70093090B00938A0B00BF
:10C65000032B0101832BC100032C810013840400F0
:10C660006FF05FD993050400EFC09FF16FF0DFD347
:10C6700083A7C60003A786001386C9FF930640025E
:10C680002326F70023A4E70003A78B0083A7CB0092
:10C6900093848B002326F70023A4E70063EEC604EF
:10C6A0001307300193870400E374C7F803270400DD
:10C6B0009307B00123A4EB000327440023A6EB005B
:10C6C00063F0C70A032784009307400223A8EB0006
:10C6D0000327C40023AAEB00E318F6F403270401A0
:10C6E00093870B021304840123ACEB000327C4FFE0
:10C6F00023AEEB006FF0DFF3930504001385040015
:10C70000EFC01FE86FF05FF4032784002324E500E7
:10C710000327C4002326E5006304F606130704017B
:10C72000930705016FF0DFC6B38A4A01B38646411D
:10C7300023245C0193E7160023A2FA008327C4FF99
:10C74000130509009304040093F71700B3E74701AA
:10C75000232EF4FEEF80DFED032C81006FF01FCD60
:10C760001304840093870B016FF09FEC13050900FD
:10C77000EF801FEC93040000032C81006FF01FCBAF
:10C780008326040113078401930785012328D5001C
:10C7900083264401232AD5006FF09FBF9305040030
:10C7A00013850400EFC0DFDD6FF05FDB83278400BB
:10C7B00023A8FB008327C40023AAFB006308D6003C
:10C7C0001304040193878B016FF0DFD70327040163
:10C7D00093870B021304840123ACEB000327C4FFEF
:10C7E00023AEEB006FF01FD683A7C1B867800700A8
:10C7F000638405029307F00F63E8C7002380C50038
:10C8000013051000678000009307A0082320F5009F
:10C810001305F0FF6780000013050000678000002B
:10C82000130101FE232C8100232A9100232E1100E5
:10C8300083A7C1B813040500938406006382050230
:10C84000E78007009307F0FF6306F5028320C1012C
:10C850000324810183244101130101026780000048
:10C860001306000093054100E78007009307F0FFDF
:10C87000E31EF5FC23A004009307A0088320C10158
:10C880002320F400032481018324410113010102C8
:10C8900067800000130101FE232C8100232A9100F0
:10C8A000232E110083A401C783A7C1B81304060077
:10C8B000630A05021386050093060400930505002C
:10C8C00013850400E78007009307F0FF630AF50271
:10C8D0008320C1010324810183244101130101024A
:10C8E00067800000930606009305410013060000D0
:10C8F00013850400E78007009307F0FFE31AF5FCB7
:10C90000232004008320C101032481019307A00890
:10C9100023A0F40083244101130101026780000079
:10C920008397C500130101F8232C8106232E1106DD
:10C9300013F7270013840500630407029387350467
:10C9400023A0F50023A8F5009307100023AAF50003
:10C950008320C107032481071301010867800000B9
:10C960008395E500232A91062328210723263107F2
:10C97000232441079304050063C6050813068100BC
:10C98000EF00403B634E05068327C10037F90000E6
:10C99000B71900003379F900B7E7FFFF3309F90051
:10C9A00013391900130A00409389098093050A007E
:10C9B00013850400EF800FCC8317C40063080506BD
:10C9C00093E707082320A4002328A4002316F400DB
:10C9D000232A44016310090AB3E737018320C10702
:10C9E0002316F40003248107832441070329010748
:10C9F0008329C106032A810613010108678000000C
:10CA00008317C40093F7070813090000638E070417
:10CA1000130A000493050A0013850400EF808FC5F4
:10CA20008317C40093090000E31C05F813F70720DF
:10CA3000631E070493F7C7FF93E727001307340427
:10CA40002316F400930710008324410703290107EC
:10CA50008329C106032A81062320E4002328E40059
:10CA6000232AF4006FF0DFEE130A00409309000060
:10CA70006FF0DFF38315E40013850400EF00C0318D
:10CA8000631005028317C4006FF01FF5832441076C
:10CA9000032901078329C106032A81066FF05FEB92
:10CAA0008357C40093F7C7FF93E7170093970701D5
:10CAB00093D707416FF05FF2130101F92324810638
:10CAC000138405008395E500232291062320210786
:10CAD00023261106930406001389060063CA050481
:10CAE00013068100EF000025634405040327C100FD
:10CAF000B7F700008320C106B3F7E70037E7FFFF71
:10CB0000B387E7000324810693B717002320F900B9
:10CB10001307004023A0E4003715000083244106DA
:10CB20000329010613050580130101076780000032
:10CB30008357C40093F70708638807028320C10660
:10CB400003248106930700002320F9001307000443
:10CB500023A0E400032901068324410613050000F5
:10CB600013010107678000008320C10603248106AA
:10CB70002320F9001307004023A0E4000329010645
:10CB8000832441061305000013010107678000009C
:10CB9000130101FE232C8100232A91002328210167
:10CBA000232E1100130905009384050013040600C9
:10CBB00063060500832745036380071683278401E6
:10CBC0000317C4002324F4009377870063800708C9
:10CBD00083270401638C070623263101931627015E
:10CBE00093F9F40F93F4F40F63D8060803270400B5
:10CBF00083264401B307F74063D8D70A832684000D
:10CC0000130617002320C4009386F6FF2324D400C4
:10CC10002300370103274401938717006302F70CB1
:10CC20008357C40093F71700639A070C8329C10048
:10CC30008320C1010324810103290101138504001C
:10CC40008324410113010102678000009305040061
:10CC500013050900EFC00FC1631E05080317C400C8
:10CC600023263101832704019316270193F9F40F3A
:10CC700093F4F40FE3CC06F68326440637E6FFFF71
:10CC8000B72500003367B7001306F6FFB3F6C600FA
:10CC90002316E400032704002322D406832644013C
:10CCA000B307F740E3CCD7F493050400130509005C
:10CCB000EFB01FDC631E05020327040083268400F7
:10CCC00093071000130617009386F6FF2320C40075
:10CCD0002324D4002300370103274401E312F7F48F
:10CCE0009305040013050900EFB09FD8E30005F495
:10CCF0008329C1009304F0FF6FF09FF39307A00016
:10CD0000E396F4F29305040013050900EFB05FD633
:10CD1000E30E05F06FF0DFFDEF70CF906FF01FEACC
:10CD20009307050003A501C7138605009385070037
:10CD30006FF01FE6130101FF138705002324810014
:10CD40002322910013040500930506001305070034
:10CD50002326110023A401C8EF300FF69307F0FF3C
:10CD6000630CF5008320C10003248100832441006B
:10CD7000130101016780000083A781C8E38407FED7
:10CD80008320C1002320F400032481008324410078
:10CD90001301010167800000130101FF23248100BA
:10CDA000232291001304050013850500232611009A
:10CDB00023A401C8EF30CFF59307F0FF630CF50013
:10CDC0008320C10003248100832441001301010159
:10CDD0006780000083A781C8E38407FE8320C10029
:10CDE0002320F40003248100832441001301010166
:10CDF0006780000003A701C7130101FF93870600A6
:10CE000013080600232611008328C7009306050097
:10CE1000138705001386070063000802B727028006
:10CE20009387C7A7B72502809385C5A813850800F7
:10CE3000EF00C014EF00C019370801809307C81E27
:10CE40001308C81E6FF01FFE130101FF93060600B2
:10CE50001306000023261100EFF0DFF9B3B7C50277
:10CE6000130101FF2326110023248100B385C5028D
:10CE70006390070AEF800F80130405006300050A22
:10CE80000326C5FF130740021376C6FF1306C6FF2D
:10CE90006368C704930630019307050063F2C60276
:10CEA00023200500232205009307B00163F8C7047F
:10CEB000232405002326050093070501630CE606DD
:10CEC00023A0070023A2070023A407008320C1009A
:10CED0001305040003248100130101016780000091
:10CEE00093050000EF704FE78320C1001305040095
:10CEF000032481001301010167800000930785006E
:10CF000023A0070023A2070023A407006FF01FFC43
:10CF1000EF00800B9307C0002320F50013040000EE
:10CF20008320C100130504000324810013010101C3
:10CF3000678000002328050093078501232A050048
:10CF40006FF01FF8130101FC1303C1022326D10265
:10CF500093060300232E11002328E102232AF10265
:10CF6000232C0103232E110323266100EFA09F80B1
:10CF70008320C1011301010467800000130E050026
:10CF8000130101FC03A501C7130381022324C1027D
:10CF90002326D102138605009306030093050E0095
:10CFA000232E11002328E102232AF102232C01035E
:10CFB000232E110323266100EFA0CFFB8320C101A4
:10CFC000130101046780000003A501C7678000000A
:10CFD000130101FF1305600023261100EF00802AD2
:10CFE00013051000EF304FCA8327851163860700B1
:10CFF0001305000067800000130101FF930500087E
:10D00000232481002326110013040500EF709FE6FE
:10D01000232CA410630405029307050823200500B0
:10D0200013054500E31CF5FE130500008320C10035
:10D030000324810013010101678000001305F0FF44
:10D040006FF0DFFE130101FE232A9100232E110051
:10D050009307F0019304050063ECB7028327851161
:10D06000232C810013840500638C07021314240011
:10D07000B38787000324810103A5070023A0C7000D
:10D080008320C10183244101130101026780000054
:10D09000930760012320F5001305F0FF6FF05FFE9A
:10D0A000930500082326C100EF70DFDC23ACA41039
:10D0B0000326C10093070500130705009306050822
:10D0C000630A05002320070013074700E31CD7FE6F
:10D0D0006FF0DFF9032481011305F0FF6FF05FFAB1
:10D0E000130101FF23229100232611009307F00171
:10D0F0009304050063E0B70A832785112324810088
:10D10000138405006384070413972500B387E700A1
:10D1100003A70700630C070293061000630CD700F7
:10D120009306F0FF6308D70423A0070013850500CA
:10D13000E700070003248100130500008320C100DD
:10D14000832441001301010167800000138504005E
:10D15000EF00C04313060400032481008320C100B4
:10D160009305050013850400832441001301010188
:10D170006F00803B032481008320C100930760017E
:10D180002320F50083244100130510001301010141
:10D1900067800000930760012320F5001305F0FF6E
:10D1A0006FF0DFF99307F00163EAB70C832785116D
:10D1B000130101FF23248100232291002326110063
:10D1C00013840500930405006380070813172400E7
:10D1D000B387E70003A70700630C07029306F0FF7D
:10D1E0006300D706930610006300D70413050400FC
:10D1F00023A00700E7000700130500008320C100FB
:10D200000324810083244100130101016780000091
:10D210008320C100032481008324410013051000F2
:10D2200013010101678000008320C10003248100F5
:10D2300083244100130530001301010167800000C1
:10D24000130520006FF09FFB93050008EF709FC24D
:10D2500023ACA41093070500630E05001307050017
:10D26000930605082320070013074700E31CD7FE99
:10D270006FF0DFF51305F0FF6FF05FF81305F0FFB7
:10D2800067800000130101FF232291002326110073
:10D290009307F00183A401C763EEA70883A7841155
:10D2A000232481001304050063820704131725005B
:10D2B000B387E70003A70700630A0702930610007D
:10D2C000630AD7009306F0FF6306D70423A0070084
:10D2D000E700070003248100130500008320C1003C
:10D2E00083244100130101016780000013850400BD
:10D2F000EF00C02913060400032481008320C1002D
:10D3000093050500138504008324410013010101E6
:10D310006F008021032481008320C10093076001F6
:10D3200023A0F40013051000832441001301010120
:10D33000678000009307600123A0F4001305F0FF4D
:10D340006FF0DFF9130101FF2320210123261100D3
:10D350009307F00103A901C763E2A7042324810016
:10D3600013040500032589112322910093840500ED
:10D37000630E050213142400B307850003A50700FC
:10D380000324810023A09700832441008320C1004F
:10D390000329010013010101678000009307600168
:10D3A0002320F9001305F0FF6FF05FFE93050008DE
:10D3B00013050900EF701FAC232CA910930705007B
:10D3C00013070508630A050023A007009387470099
:10D3D000E31CF7FE6FF01FFA032481008324410051
:10D3E0001305F0FF6FF09FFA130101FF2324810062
:10D3F00003A401C72326110083278411638C07002F
:10D40000130500008320C1000324810013010101E2
:10D41000678000009305000813050400EF709FA5C6
:10D42000232CA410630C0500930705082320050096
:10D4300013054500E31CF5FE6FF09FFC1305F0FF9C
:10D440006FF05FFC130101FF2322910023261100DE
:10D450009307F00183A401C763E4A70C83A7841199
:10D460002324810013040500638207081317240096
:10D47000B387E70003A70700630C07029306F0FFDA
:10D480006300D706930610006300D7041305040059
:10D4900023A00700E7000700032481001305000014
:10D4A0008320C10083244100130101016780000033
:10D4B000032481008320C100832441001305100050
:10D4C0001301010167800000032481008320C10053
:10D4D000832441001305300013010101678000001F
:10D4E00003248100130520006FF09FFB93050008C3
:10D4F00013850400EF701F9823ACA4109307050058
:10D50000630E050013070500930605082320070096
:10D5100013074700E39CE6FE6FF05FF503248100EC
:10D520001305F0FF6FF0DFF7130101FF138705000C
:10D530002324810023229100130405009305060093
:10D54000130507002326110023A401C8EF201FFDA7
:10D550009307F0FF630CF5008320C10003248100D2
:10D5600083244100130101016780000083A781C863
:10D57000E38407FE8320C1002320F40003248100FC
:10D580008324410013010101678000006F20DFF652
:10D59000B7071000130101FE938EF7FF33F8BE00AA
:10D5A000B3F7DE0013D346012328210113D9450127
:10D5B00093973700232C81001318380013D4F501FA
:10D5C0001357D5019358D6011379F97F1373F37F5D
:10D5D000232E1100232A91002326310193D6F60130
:10D5E000B3E8F8003367070193153500131F3600C1
:10D5F000B30769406304D41E6352F0166306032820
:10D600009306F07F6306D942930680031306100049
:10D6100063CEF602B7068000B3E8D8009306F001A7
:10D6200063CEF65293060002B386F6403396D800D6
:10D630003355FF00B316DF003366A600B336D000C3
:10D64000B3D8F8003366D600330717413386C54098
:10D65000B3B5C50093040600B309B740939789009A
:10D6600063DA0732B70780009387F7FFB3F9F90051
:10D670006388092C13850900EF201001930785FFAB
:10D68000930600023387F64033D7E400B399F900DC
:10D6900033673701B394F40063C8274BB38727413E
:10D6A00093871700B386F6403396D400B3D9F400BD
:10D6B0003336C00033663601B316D700B3E4C60074
:10D6C000B359F7001309000093F774006380070251
:10D6D00093F7F40013074000638AE7009387440040
:10D6E00033B69700B389C9009384070093978900E4
:10D6F00063DA076E930719001307F07F130E040017
:10D700006386E72A370780FF1307F7FF33F7E9003F
:10D7100093F7F77F1318D70113D634001317970028
:10D720003368C8001357C7008320C1010324810157
:10D7300093974701B3E7E7001317FE01B3E7E7004C
:10D7400083244101032901018329C1001305080035
:10D75000938507001301010267800000638C0714A2
:10D76000B30723416312093C3365B7006304054CDA
:10D770001385F7FF630205601308F07F6386075780
:10D78000930780031306100063CCA70293070500DC
:10D790001306F001634CF656130500023305F540FD
:10D7A0003316A70033D8F5003395A500336606017C
:10D7B0003335A0003357F7003366A600B388E8403E
:10D7C0003306CF403337CF0093040600B389E840D7
:10D7D00013090300138406006FF05FE86350F01E26
:10D7E00063100314B3E6E801638C06269386F7FF03
:10D7F000638006481306F07F638CC722930780037B
:10D800009309100063CCD702938706009306F001BA
:10D8100063C0F64A93060002B386F640B399D80077
:10D820003356FF00B316DF00B3E9C900B336D000AA
:10D83000B3D8F800B3E9D90033071701B385B900AD
:10D84000B3B9350193840500B389E9009397890042
:10D8500063D20714130919009307F07F630CF9369C
:10D86000B70780FF9387F7FF13F61400B3F7F900AB
:10D8700013D714003367C7001396F701B364E600AB
:10D8800093D917006FF05FE4B3E6E801638A061CE2
:10D890009386F7FF638006401306F07F638AC718FC
:10D8A0009307800313061000E3C2D7DA93870600BC
:10D8B0006FF0DFD6130819001378E87F631C082285
:10D8C0003363B70033E8E80163100938630E034699
:10D8D00063060840B389E54133B535013306174186
:10D8E0003306A64013158600635E0550B305BF409E
:10D8F0003387E840333FBF003307E7411316870003
:10D9000093840500635E0652B70780FF9387F7FF95
:10D910003377F700138E0600930710006FF09FDF38
:10D920009306F07F6306D9109306800393091000D5
:10D93000E3C6F6F0B7068000B3E8D8006FF01FED3D
:10D9400013850400EF204054930785019306F001EE
:10D95000E3D8F6D2130785FF3397E40063C6272385
:10D96000338927419307190063D6F648130919FE36
:10D9700093060002B3542701638CD700930600047A
:10D98000B387F6403317F7003337E000B3E4E40021
:10D990001309000093F77400E39C07D29307090072
:10D9A00013D63400138709006F00000C9307F07F33
:10D9B00013070000130800006FF01FD7638A070CDD
:10D9C000B30723416302091E9306F07F6308D33235
:10D9D000930680039309100063CEF602B706800019
:10D9E0003367D7009306F00163C8F63C9306000244
:10D9F000B386F640B319D70033D6F500B396D500F9
:10DA0000B3E9C900B336D0003357F700B3E9D90002
:10DA1000B388E8003387E901B3393701930407007D
:10DA2000B3891901130903006FF05FE26310080264
:10DA300013163500135636001318D7013368C80083
:10DA4000135737003367070163060718130E0000EA
:10DA50009307F07F37070800130800006FF0DFCC52
:10DA600013163500135636001318D7019306F07FAE
:10DA70003368C80013573700E386D7FC1317C70075
:10DA80001357C70093F7F77F130E04006FF0DFC939
:10DA90009306190013F8E67F63180814B366B700FD
:10DAA000631C092863820630B3E6E8016388062216
:10DAB000B387E501B3B5B700330717013307B700E4
:10DAC00013D8370093178700130E040063DE073462
:10DAD000B70780FF9387F7FF3377F7009317D701D6
:10DAE0001357370033E807013377D7019307100046
:10DAF0006FF09FC33388E541B3B70501B309174100
:10DB0000B389F940939789009304080063C607100E
:10DB100033683801E31E08B4130E000093070000B9
:10DB2000130700006FF05FC01305F07F630EA31AA8
:10DB30001305800313061000E344F5C83706800080
:10DB40003367C7006FF0DFC4B70980FF9389F9FF1F
:10DB50003309F940B37937016FF01FB7938607FE99
:10DB600013060002B3D6D800638AC7001306000468
:10DB7000B307F640B397F800336FFF003336E00188
:10DB80003366D6006FF09FACB70680FF9386F6FF32
:10DB9000B307F9403377D7001318D701336838013A
:10DBA000135737006FF09FEDB366B7006386061E0C
:10DBB0009386F7FF638E060A1305F07F6380A71430
:10DBC0009307800393091000E3C6D7E49387060008
:10DBD0006FF05FE1130E04009307F07F130700005E
:10DBE000130800006FF05FB49307F07FE384F6FE44
:10DBF000338FE501B335BF00B3071701B387B70013
:10DC00001396F701135F1F00B364E60193D9170061
:10DC1000138906006FF05FAB3306BF40B387E8405F
:10DC20003337CF0093040600B389E740138406001E
:10DC30006FF01FA413163600135636001384060027
:10DC4000138708006FF05FE2E31203DE6306081C2F
:10DC500013D73800131636009398D801336717018D
:10DC6000135636003367C700138406006FF0DFDDFC
:10DC7000338FE501B3081701B335BF00B389B8008E
:10DC80009397890093040F0063D4070E13092000B3
:10DC90006FF01FBD338FE541B3081741B3B5E50100
:10DCA00093040F00B389B840130910006FF01F9B55
:10DCB000938607FE13060002B3D6D800638AC70016
:10DCC00013060004B307F640B397F800336FFF0064
:10DCD000B339E001B3E9D9006FF05FB61316350030
:10DCE000935936006FF05FEB13163600135636006B
:10DCF00013840600138708006FF01FD41316360034
:10DD000013563600138708006FF01FD3138507FEE4
:10DD1000130600023355A700638AC70013060004E8
:10DD2000B307F640B317F700B3E5F5003336B0009C
:10DD30003366A6006FF0DFA8E38206FC33EFE8014C
:10DD4000E3160FD06FF0DFCEE30808DC13183600BF
:10DD50009397D8011358380013D738003368F80068
:10DD60003377D701138E0600930700006FF0DF9B17
:10DD7000930710006FF0DFC2B305BF40B388E840DF
:10DD80003337BF0093840500B389E840138406004D
:10DD9000130910006FF09F8C1316360013563600CF
:10DDA000138708006FF05FCC1316360093593600C6
:10DDB000138708006FF05FDE938607FE13060002EC
:10DDC000B356D700638AC70013060004B307F640B2
:10DDD000B317F700B3E5F500B339B000B3E9D900E4
:10DDE0006FF05FC313D6340093070900138709004F
:10DDF0006FF09FC793060002B386F640130600003B
:10DE00006FF05F8B33E8C900E30808D093D939007D
:10DE1000130706006FF05FD8130E00009307F07F22
:10DE2000370708006FF05F909317D701135737003B
:10DE300033E807013377D701930700006FF0DF8ED7
:10DE40001318D70193D535003368B800135737003E
:10DE5000138406006FF09FC2130101FD232E3101D0
:10DE600093D94501232481022322910223202103F7
:10DE7000232C4101232671019394C500232611020E
:10DE8000232A5101232861012324810193F9F97F79
:10DE900013040500930B06001389060093D4C400F5
:10DEA00013DAF501638A09189307F07F6388F9088C
:10DEB000939434009357D501B3E797003707800058
:10DEC000B3EAE700131B3500938919C093040000DF
:10DED000130C0000935749011314C90093F7F77FFF
:10DEE0001354C4001359F901638207081307F07F24
:10DEF000638AE7181314340013D7DB0133678700F4
:10DF0000938717C0370480003364870093983B00E1
:10DF1000B389F940130600001307F000B3462A0145
:10DF200063649724B7270280939424009387C7AB38
:10DF3000B384F40003A7040067000700B3EAA40059
:10DF4000639E0A1C935749011314C90093F7F77F86
:10DF5000130B0000930480009309F07F130C200042
:10DF60001354C4001359F901E39207F8B36874011C
:10DF70006382081C630A044A13050400EF10D07082
:10DF800093070500930655FF1307D001938887FF79
:10DF90003307D7403314140133D7EB0033648700C1
:10DFA000B3981B01B38737019389373F13060000ED
:10DFB0006FF09FF63307F74013068003635AE64E6F
:10DFC0009307000013060000130700008320C1021E
:10DFD0000324810293974701B3E7C7009396F601A4
:10DFE000B3E7D70083244102032901028329C10139
:10DFF000032A8101832A4101032B0101832BC100E4
:10E00000032C81001305070093850700130101030A
:10E01000678000009307F07F1306000013070000DD
:10E020006FF0DFFA930600009307F07F37060800D1
:10E03000130700006FF09FF9B3EAA400638C0A1085
:10E040006388044013850400EF1010641307050073
:10E05000930655FF9307D001130B87FFB387D74073
:10E06000B3946401B357F400B3EA9700331B64011F
:10E070009309D0C0B389E94093040000130C000059
:10E080006FF05FE5B368740193891980639C080A97
:10E0900093E4240013040000130620006FF0DFE770
:10E0A00013090A0013840A0093080B009307200049
:10E0B0006308FC4E93073000E306FCF6930710005C
:10E0C00093060900E30EFCEE9387F93F6356F02AAE
:10E0D00013F778006316074A13177400635A070092
:10E0E000B70700FF9387F7FF3374F4009387094065
:10E0F0001307E07FE340F7F293D838001317D401F9
:10E1000013169400336717011356C60093F7F77F71
:10E110006FF0DFEB130C06006FF05FF9938A0400D9
:10E12000130B05009304C0009309F07F130C30001B
:10E130006FF05FDA93E4140013040000130610007C
:10E140006FF09FDD93E4340093880B0013063000DA
:10E150006FF09FDC130B0000930440009309000054
:10E16000130C10006FF01FD76364542B63808A2A4E
:10E1700013030B009389F9FF93870A00130B000028
:10E18000131784001355070133D4A70213D688014F
:10E190003366E600131806011358080193958800AA
:10E1A00013570301B3F7A702B30888029397070137
:10E1B000B367F70063FA1701B307F6001307F4FF1C
:10E1C00063F0C72E13040700B3871741B3D8A70223
:10E1D0001317030113570701B3F7A702B30F18036F
:10E1E000939707013367F700637AF7013307E60077
:10E1F0009387F8FF637EC7289388070013140401F0
:10E20000B7020100336414011383F2FFB378640092
:10E21000935E040113DE050133F36500330F13032E
:10E220003307F741B3081E0393570F01B38F6E02F4
:10E23000B388F801B3871701B38ECE0363F4F701F7
:10E24000B38E5E00B70F0100938FFFFF93D80701D5
:10E25000B3F7F70193970701337FFF01B388D80124
:10E26000B387E701636E1717630A1717B307FB40FD
:10E2700033071741333BFB00330767416300E62E4A
:10E28000B358A70293DE07013377A702330F1803B1
:10E290001317070133E7EE00637EE7013307E6005B
:10E2A000938EF8FF636AC72E6378E72F9388E8FFA1
:10E2B0003307C7003307E741B35EA702939707010F
:10E2C00093D707013377A7023308D8031317070141
:10E2D000B3E7E70063FE0701B307F6001387FEFF0D
:10E2E00063E8C72A63F6072B938EEEFFB387C70058
:10E2F00093980801B3E8D8011395080113DF0801CA
:10E3000013550501B30E6502B38707413305AE020D
:10E3100013D70E0133036F02330565003307A700DF
:10E32000330EEE036376670037050100330EAE004F
:10E33000370801001308F8FF135507013377070169
:10E3400013170701B3FE0E013305C5013307D701CB
:10E3500063F2A712B307F6001383F8FF13880700D0
:10E3600063E4C71C63E8A7246386A7269308030019
:10E3700093E818006FF05FD513071000E39C07C205
:10E380009389E941B3973801B337F000B3193401E9
:10E39000B3E73701B3D8E800B3E8F80093F77800A3
:10E3A0003354E4006380070293F7F800130740003A
:10E3B000638AE70093874800B3B817013304140158
:10E3C000938807009315840093071000130600003C
:10E3D00013070000E3CC05BE6F004013E378FBE8B1
:10E3E000B30EBB0033BF6E01B30FCF003307F7018D
:10E3F000138B0E00930FF4FF6374E6086362171526
:10E40000638EE81213840F006FF05FE6E3621BD7A0
:10E4100013571B001393FA0193D71A003363E300D9
:10E42000131BFB016FF0DFD513850B00EF10D02518
:10E43000930655011307C00193070502E356D7B4AD
:10E44000130585FF930800003394AB006FF09FB570
:10E45000EF109023930655019307C001130705029F
:10E46000E3DAD7BE930785FFB31AF400130B00005D
:10E470006FF01FC0E39EA7EEE30807C46FF09FEDA7
:10E48000E312E6F8E30C0FF613840F006FF01FDEC3
:10E49000E374F7D79388E8FF3307C7006FF01FD600
:10E4A000E3F217D31304E4FFB387C7006FF0DFD1A3
:10E4B0001306F001E356E6EC130610FEB307F64030
:10E4C00013060002B357F4006308C7009389E943B9
:10E4D000B3193401B3E83801B3381001B3E8F800D8
:10E4E00013F77800130600006308070293F7F8009B
:10E4F0001307400013040000638AE7009387480075
:10E50000B3B8170133341001938807001316940031
:10E510001317D4011356C60093D8380033E7E80028
:10E52000930700006FF09FAA93080300E312A8E48A
:10E53000E30CB7B893E818006FF01FB9E3F4FEECF2
:10E54000B38ED50133BFBE00330FCF001304E4FFF9
:10E55000138B0E003307E7016FF05FD1130720C064
:10E560009387F93F9308F0FFE3C8E9E01387480079
:10E57000B338170133041401930807006FF0DFB5B7
:10E5800013F7F80013064000E308C7B46FF01FFE4E
:10E59000930E07006FF0DFD593880E006FF09FD1C8
:10E5A000930609009307F07F13060000130700008D
:10E5B0006FF0DFA1139315003338B3003308C800A0
:10E5C000338807019388E8FF93050300E302A8F668
:10E5D0006FF01FDAE3E0E5FE93080300E31CB7F4F5
:10E5E0006FF09FAE13D74501B70710009387F7FF71
:10E5F00013D846011377F77F1303F07F33FEB7007C
:10E6000093080500B3F7D70093D5F5011378F87F89
:10E6100093D6F60113051000630C670063086800C9
:10E62000631407016306FE02678000006780000034
:10E63000E31CE8FEB367FE00B3E7C700B3E71701CA
:10E64000E39407FEB385D5403335B0006780000002
:10E65000E39CC8FC638AD500E31807FC336E1E01F7
:10E660003335C0016780000013050000678000009B
:10E6700093D84501B70710009387F7FF13D74601DA
:10E6800093F8F87F130EF07F33F3B70013080500FB
:10E69000930E0500B3F7D70093D5F501130F0600CD
:10E6A0001375F77F93D6F6016388C8056304C50325
:10E6B000639A0806336803016310050633E6C70052
:10E6C000630C06086312080A13051000638206082B
:10E6D0006780000033E6C7006314060863960800ED
:10E6E00033630301E30203FE6380D50663920506EC
:10E6F00013051000678000003363030163120306F3
:10E70000E31615FFB3E7C700639C0704E390D5FE4B
:10E710001305000067800000E30808FAE398D5FCC1
:10E720006F008002E30405FCE392D5FCE34015FD95
:10E7300063CCA800E3EC67FA6318F300E368DFFB3F
:10E7400013050000E3F6EEF913051000E39205F857
:10E750001305F0FF67800000E31A08F867800000E7
:10E760001305E0FF67800000E386D5FC6FF01FF81B
:10E7700093D84501B70710009387F7FF13D74601D9
:10E7800093F8F87F1303F07F33FEB70013080500FA
:10E79000930E0500B3F7D70093D5F501130F0600CC
:10E7A0001375F77F93D6F601638A680463046502E4
:10E7B0006398080633680E01631E050833E6C70038
:10E7C0006304060A6316080A13051000638006082E
:10E7D0006780000033E6C70013052000E31A06FE39
:10E7E00063960800336E0E01E3000EFE638CD504C1
:10E7F000639E05041305100067800000336E0E0150
:10E8000063100E06E31615FFB3E7C70013052000DB
:10E81000E39007FCE39ED5FC130500006780000031
:10E82000E30805FCE396D5FCE34415FD63CCA800A2
:10E83000E3E0C7FD6318FE00E36CDFFB1305000097
:10E84000E3F8EEF913051000E39405F81305F0FF63
:10E8500067800000E30A08F6E39CD5F86FF09FFE9E
:10E860001305200067800000E31408F867800000AB
:10E87000E380D5FC6FF0DFF7130101FD93D745016D
:10E88000232481022322910223202103232E3101FC
:10E89000232A51019394C50023261102232C410100
:10E8A00023286101232671012324810193F7F77F37
:10E8B00013040500930A06009389060093D4C4004C
:10E8C00013D9F501638407421307F07F6386E70AD3
:10E8D000939634001357D5013367D700B7068000ED
:10E8E000B364D700131A3500138C17C0130B000044
:10E8F000930B000093D749011397C90093F7F77F53
:10E90000138F0A001354C70093D9F9016380070AD3
:10E910001307F07F638EE7141317340093D5DA01E1
:10E92000B3E5E500938717C03707800033E4E500BF
:10E93000139F3A00B3888701130300001307A00058
:10E9400013851800634C670BB3453901930720000A
:10E950001388050063C66715130BFBFF1307100030
:10E9600063606717630AF33C93040400130A0F0003
:10E97000930B03006F00C00933EAA40063180A3C3C
:10E9800093D749011397C90093F7F77F93040000C9
:10E99000130B8000130CF07F930B2000138F0A00E1
:10E9A0001354C70093D9F901E39407F6B3675401F0
:10E9B0006382073C6300044A13050400EF10C04C57
:10E9C00093080500130755FF9307D001138F88FFA5
:10E9D000B387E740B3D7FA003317E40133E4E70025
:10E9E000339FEA01B3081C419388D8C01307A000E5
:10E9F0001303000013851800E35867F59305090019
:10EA000093072000638AFB3293073000638CFB4836
:10EA10009307100013880500639AFB4693070000D4
:10EA200093060000130700008320C1020324810223
:10EA300093974701B3E7D7009316F801B3E7D700E0
:10EA400083244102032901028329C101032A810190
:10EA5000832A4101032B0101832BC100032C810078
:10EA60001305070093850700130101036780000069
:10EA7000336754019308FC7F630A0730371700009F
:10EA80003348390113070780136B3B009306A0003E
:10EA9000930508003305EC0063C0663913033000AA
:10EAA000130610003316660113770653E31A07F4B2
:10EAB000937706246394073C137686086312062E28
:10EAC000B70F0100938EFFFFB377DA0193560A0167
:10EAD000B37EDF01135E0F013387D7033383D60381
:10EAE000935507013306FE0233066600B385C50061
:10EAF000338FC60363F46500330FFF01B7030100D2
:10EB00001386F3FF33F3C500935F04013377C70027
:10EB10003374C40013130301B38287023303E30089
:10EB200093D505013387860213D60201B387FF020E
:10EB3000B387E7003306F600B387F6036374E60095
:10EB4000B3877700370901009309F9FF337736015E
:10EB500093D30401B3F63401B3F232011317070162
:10EB6000B384DE0233075700135606013306F6005E
:10EB7000B385E500B302DE0293D70401B38ED3035D
:10EB8000B382D201B3875700330E7E0263F4D701FC
:10EB9000330E2E01B7090100938EF9FFB3F2D701AE
:10EBA00093D70701B387C701B3FED4019392020143
:10EBB0003309D402B382D20133848302135E090184
:10EBC000B386DF02B3868600330EDE00B38E7F028B
:10EBD00063748E00B38E3E01B70F0100938FFFFF69
:10EBE000B376FE01939606013379F901B385E50109
:10EBF000B38626013386C60033B7E5003307E60047
:10EC0000338F5500B307F700B335BF00B385B700A6
:10EC1000B336D6003336C700B3E6C60033B7E700D5
:10EC2000135E0E01B3B7F500B386C6013367F70074
:10EC300093179F003307D700B3E767003307D70167
:10EC4000B337F00013567F011317970093D6750161
:10EC5000B3E7C7009395950033EAB70093177700A1
:10EC6000B364D70063D0070213571A0093771A00D2
:10EC70009396F401B367F70033EAD70093D41400F6
:10EC8000930805001386F83F6356C01293777A0005
:10EC9000638007029377FA0013074000638AE70056
:10ECA00013074A00B3374701B384F400130A07007F
:10ECB0009397740063DA0700B70700FF9387F7FFA5
:10ECC000B3F4F400138608409307E07F63C4C71CC5
:10ECD00093573A001397D401939694003367F70043
:10ECE00093D6C6009377F67F6FF01FD433EAA40063
:10ECF00063080A06638E041213850400EF10C0181F
:10ED000013060500930655FF1307D001930786FFEE
:10ED10003307D7403357E400B396F400B364D70009
:10ED2000331AF4009307D0C0338CC740130B000094
:10ED3000930B00006FF01FBC138805009307F07F52
:10ED400093060000130700006FF01FCE130A0500A2
:10ED5000130BC000130CF07F930B30006FF09FB9C2
:10ED600093040000130B4000130C0000930B1000E1
:10ED70006FF05FB8136B1B0093080C0013040000C6
:10ED8000130F0000130310006FF05FBB136B2B0019
:10ED900013040000130F0000130320006FF01FBACC
:10EDA00093040400130A0F00930B030093850900DA
:10EDB0006FF01FC513071000631006109388E84119
:10EDC00033161A013336C000B3981401B357EA0062
:10EDD000336616013366F60093777600B3D5E40008
:10EDE000638007029377F60013074000638AE70009
:10EDF0009307460033B6C700B385C50013860700E6
:10EE00001395850093071000930600001307000078
:10EE1000E34C05C06F00C0101307F0006310EB1245
:10EE200013080000B7060800130700006FF0DFBFEB
:10EE3000EF108005930655019307C00113060502E4
:10EE4000E3D4D7EC130585FF130A0000B314A40024
:10EE50006FF05FED13850A00EF10000313075501F3
:10EE60009307C00193080502E3D0E7B6130585FFB9
:10EE7000130F00003394AA006FF0DFB613080000F0
:10EE80009307F07FB70608006FF01FBA93080500DC
:10EE90006FF05FDF9307F07F930600001307000019
:10EEA0006FF09FB8130800009307F07FB7060800C3
:10EEB000130700006FF05FB73307C7409307800365
:10EEC000E3CEE7B49307F001E3DAE7EE930710FE31
:10EED000B387C74093060002B3D7F4006308D70096
:10EEE0009388E843B3981401336A1A01333640011A
:10EEF0003366F60013777600930600006308070276
:10EF00009377F6001307400093050000638AE7003B
:10EF10009307460033B6C700B335C0001386070019
:10EF2000939695001397D50193D6C60013563600D5
:10EF30003367E600930700006FF01FAF93040400EF
:10EF4000138A0A00930B3000938509006FF05FABC2
:10EF5000B70710009387F7FF130101FEB3F8B7005E
:10EF600033F8D70093D7460193983800232C8100BB
:10EF70002326310113D4F50193D945011357D50147
:10EF8000131838009355D601232E1100232A91001F
:10EF90002328210113FFF77F1303F07F3367170145
:10EFA00093F9F97F130E04009318350093D6F601F8
:10EFB000B3E50501931E3600630C6F2093C616005F
:10EFC000B387E9416302D416E35AF000630A0F24C1
:10EFD0006384693C930680031305100063CEF60238
:10EFE000B7068000B3E5D5009306F00163C4F64E82
:10EFF00093060002B386F6403395D50033D6FE0063
:10F00000B396DE003365C500B336D000B3D7F50044
:10F010003365D5003307F7403385A84033B6A800E1
:10F02000930405003309C7409317890063D8073458
:10F03000B70780009387F7FF3379F9006306092E3D
:10F0400013050900EF005064930785FF9306000243
:10F050003387F64033D7E4003319F90033672701CB
:10F06000B394F40063C4373FB387374193871700E5
:10F07000B386F6403396D40033D9F4003336C0005B
:10F080003366C900B316D700B3E4C6003359F7009E
:10F090009309000093F774006380070293F7F4006C
:10F0A00013074000638AE7009387440033B5970055
:10F0B0003309A900938407009317890063D0076C74
:10F0C000938719001307F07F6386E724370780FFD3
:10F0D0001307F7FF3377E90093F7F77F1318D7018A
:10F0E00013D53400131797003368A8001357C700CF
:10F0F000137E14008320C1010324810193974701EB
:10F10000B3E7E7001317FE01B3E7E70083244101EB
:10F11000032901018329C100130508009385070015
:10F1200013010102678000006352F07063160F1C28
:10F13000B3E6D501638E06269386F7FF63880646FD
:10F14000638C6724930780031309100063CCD702F4
:10F15000938706009306F00163CAF64893060002FF
:10F16000B386F6403399D50033D6FE00B396DE0061
:10F170003369C900B336D000B3D7F5003369D9007D
:10F180003307F700330619013339260193040600CB
:10F190003309E9009317890063D2071E9389190088
:10F1A0009307F07F6388F916B70780FF9387F7FF0F
:10F1B00013F51400B377F90013D714003367A700D1
:10F1C0001395F701B364E50013D917006FF09FECB6
:10F1D00033E8D5011383198063080806630AD4064F
:10F1E0006304030E638E092613153600135535008C
:10F1F00013840600138705001318D7013368A8008D
:10F20000135737003367070163060710130E00001A
:10F210009307F07F37070800130800006FF09FED99
:10F22000B3E6D501638606189386F7FF6382063A34
:10F23000638467169307800313051000E3CED7DCC1
:10F24000938706006FF05FDA93C61600E31AD4F8CE
:10F25000630803186390092C9307F07FB3661701C6
:10F26000638806489386F7FF638206341305F07FB0
:10F270006382A72A930780031309100063CAD70289
:10F280009307F00163C6D74C93070002B387D740BA
:10F290003319F70033D6D800B397F8003369C900A3
:10F2A000B337F000B356D7003369F900B385D50002
:10F2B0003307D90133392701930407003309B90013
:10F2C00093090F006FF01FED9387190093F7E77F05
:10F2D0006394071433E8D501B36717016394092ACF
:10F2E000638E07386310083C131535001359350039
:10F2F000930700006F0040116380690A9306800342
:10F3000013091000E3C0F6E8B7068000B3E5D500A6
:10F310006FF05FE4137E14009307F07F1307000083
:10F32000130800006FF01FDD13850400EF00D035D7
:10F33000930785019306F001E3DAF6D0130785FF02
:10F340003397E40063CE371BB389374193871900A5
:10F3500063DEF642938919FE93060002B354370127
:10F36000638CD70093060004B387F6403317F70089
:10F370003337E000B3E4E4009309000093F774002E
:10F38000E39E07D09387090013D5340013070900C3
:10F390006F008002E31C08E6131535001318D7012F
:10F3A000135535003368A800135737006FF09FE5F9
:10F3B00013153500135535001318D7019306F07F48
:10F3C0003368A80013573700E38ED7E21317C7003E
:10F3D0001357C70093F7F77F137E14006FF09FD188
:10F3E0009386190093F7E67F639E0712B3671701B0
:10F3F000639A092463860730B3E7D501639A07301F
:10F4000013153500135935001318D7013368280137
:10F41000135737006FF09FFB3388D841B3B708010B
:10F420003309B7403309F940931789009304080062
:10F4300063C2071233682801E31208C0130E0000EC
:10F4400093070000130700006FF0DFCA370980FF41
:10F450001309F9FFB389F940337927016FF09FC38E
:10F460009307F07F33651701630405101388F7FFD6
:10F470006302081E1305F07FE388A7D69307800375
:10F48000138406001305100063CA07039307F001F5
:10F4900063C4071993070002B38707413315F700C8
:10F4A000B3D60801B397F8003365D500B337F00041
:10F4B000335807013365F500B38505413385AE4008
:10F4C00033B7AE00930405003389E54093090F007C
:10F4D0006FF09FB5938607FE13060002B3D6D500E2
:10F4E000638AC70013060004B307F640B397F5001C
:10F4F000B3EEFE003335D0013365D5006FF0DFB1D8
:10F50000B70680FF9386F6FFB387F9403377D700BD
:10F510006FF09FEF13153600135535001387050064
:10F520006FF09FCD9307F07FE386F6DEB38ED801B0
:10F5300033B61E01B307B700B387C7001395F701B1
:10F5400093DE1E00B364D50113D91700938906001A
:10F550006FF05FB433861E41B387E54033B7CE000A
:10F56000930406003389E740138406006FF01FAD53
:10F570001316360013553600138406001387050052
:10F580006FF09FE3E39807E06306082213D7350086
:10F59000131636009395D5013367B700135636001E
:10F5A0003367C700138406006FF01FC6B38ED801FF
:10F5B000B305B70033B61E013389C5009317890020
:10F5C00093840E0063D8070A930920006FF0DFBD13
:10F5D000B38ED841B305B74033B6D80193840E003B
:10F5E0003389C540930910006FF01FA4938607FE6E
:10F5F00013060002B3D6D500638AC70013060004C1
:10F60000B307F640B397F500B3EEFE003339D001EF
:10F610003369D9006FF01FB7930708FE9306000205
:10F62000B357F700630AD80093060004B386064177
:10F630003317D700B3E8E800333510013365F50020
:10F640006FF0DFE7E38807ECB3EED501E3900EBC83
:10F650006FF09FD433861E41B385E54033B7CE00AB
:10F66000930406003389E5401384060093091000D3
:10F670006FF09F9B930710006FF01FD1E30008DC31
:10F6800013163600935736001398D501139795003B
:10F690003368F8001357C700138E06009307000065
:10F6A0006FF05FA53389D841B3B728013306B7405F
:10F6B0003306F6409317860063D2070E33861E4149
:10F6C0003387E540B3BECE003307D7419317870099
:10F6D0009304060063DE0712B70780FF9387F7FFE6
:10F6E0003377F70013840600930710006FF01F9F15
:10F6F0001316360013553600138705006FF0DFCB65
:10F700001316360013593600138705006FF0DFCF4C
:10F71000B386D801B307B70033B61601B387C70065
:10F720001397870013D83600635E0708370780FFFA
:10F730001307F7FFB3F7E7001397D70193979700E5
:10F740003368070113D7C700930710006FF09F9A23
:10F75000938706FE13060002B357F700638AC600BC
:10F7600013060004B306D6403317D700B3E8E80009
:10F77000333910013369F9006FF09FB313D53400AA
:10F7800093870900130709006FF01FC39306000257
:10F79000B386F640130600006FF09F8E3368C900F1
:10F7A000E30E08C813593900930700001307060039
:10F7B0006FF09FC5130E00009307F07F3707080016
:10F7C0006FF05F931397D701939797003368070102
:10F7D00013D7C700930700006FF0DF91E38607AEF1
:10F7E00033083F4193070800E38E09C6930780035F
:10F7F00063CA0701B70780003367F7001384060068
:10F800006FF0DFC813840600130510006FF01FCBE4
:10F810001318D701135636003368C8001357370042
:10F8200093070000138406006FF05FBAE38A07BAFB
:10F83000B3063F4163960900938706006FF01FA24D
:10F840009307800313091000E3C4D7A6B70780000D
:10F850003367F7006FF0DFA213D74501B707100039
:10F860009387F7FF1347F7FF13D84601B3F5B700A7
:10F87000B3F7D700931657011378F87F6380060219
:10F880001307F07F130500006304E80067800000A1
:10F89000B3E7C7003335F00067800000B3E5A5008B
:10F8A00013051000E38E05FC6780000093D7450127
:10F8B000B70610001387F6FF93F7F77F1306E03FB4
:10F8C0003377B70093D5F501635EF6001306D04198
:10F8D000635EF600370500801305F5FF3385A5004C
:10F8E00067800000130500006780000013063043A6
:10F8F0003306F6401308F0013367D7006350C8029F
:10F9000093063041B387F6403357F7003305E040A4
:10F91000E39C05FC13050700678000009387D7BEB2
:10F920003317F7003355C5003367A7006FF01FFE8C
:10F93000130101FF232611002324810023229100BB
:10F94000630A05041357F541B344A700B384E440A8
:10F95000930705001385040013D4F701EF00C0528C
:10F960009307E041B387A7401307A00093F7F77F01
:10F970006340A7061307B0003307A74033D7E4005E
:10F98000130555011317C700B394A4001357C700FC
:10F990006F004001130400009307000013070000EC
:10F9A00093040000939747011314F401B3E7E700B1
:10F9B0008320C100B3E7870003248100138504007E
:10F9C0009385070083244100130101016780000033
:10F9D000130555FF3397A4001317C7001357C7002B
:10F9E000930400006FF01FFC130101FF232481002A
:10F9F0002326110013040500630C0504EF00C04822
:10FA00009307E041B387A7401307A00093F7F77F60
:10FA10006344A7061307B0003307A7401305550139
:10FA20003357E4003314A4008320C10013050400FD
:10FA30001317C700032481001357C700939747018A
:10FA4000B3E7E70093850700130101016780000019
:10FA50008320C100130504009307000003248100E4
:10FA60001307000093974701B3E7E700938507006A
:10FA70001301010167800000130555FF3317A4002F
:10FA8000130400008320C100130504001317C700EE
:10FA9000032481001357C70093974701B3E7E7009A
:10FAA0009385070013010101678000008325C500CD
:10FAB000832785000328050083264500139605014A
:10FAC000130101FE13971500135606012324F100BC
:10FAD0002326B100232CF100232001012322D10091
:10FAE00023280101232AD100232EC1001357170117
:10FAF00093D5F501930801019307C1011315360051
:10FB000003A6C7FF9387C7FF9356D601B3E6A600A7
:10FB100023A2D700E394F8FE9306170013183800C9
:10FB200013961601232801011356260163020604C9
:10FB3000B7C6FFFF938606403307D7009306E07FE2
:10FB400063D4E6109307F07F1306000093060000CD
:10FB5000939747019395F501B3E7C700B3E7B70063
:10FB600013850600938507001301010267800000DA
:10FB700003264101832881010325C101B3661601D3
:10FB8000B3E6A600B3E60601631407046382061415
:10FB9000930650001306000093D736009316D60143
:10FBA000B3E6F600131696009377F77F1356C60058
:10FBB000939747019395F501B3E7C700B3E7B70003
:10FBC000138506009385070013010102678000007A
:10FBD0006384061293D7C80113154500B3E7A70045
:10FBE000B7068000B3F6D7006382061C370780FF94
:10FBF0009356C601939848001307F7FF33F6E700C2
:10FC0000B3E61601B70740003366F60093F686FFA9
:10FC10009307000013D736009316D60113169600EB
:10FC20001356C600939747019395F501B3E7C700B4
:10FC3000B3E6E600B3E7B700138506009385070037
:10FC40001301010267800000635CE00C832741011F
:10FC5000032581010326C10193964700B3E60601FF
:10FC600093D7C70113184500131646001355C50155
:10FC7000B336D000B3E707013366A600B3E6F6005B
:10FC800093F776006380070293F7F60013054000B0
:10FC9000638AA70093874600B3B6D7003306D60021
:10FCA00093860700B7078000B377F600E38607EE78
:10FCB000130717009307F07FE306F7E8B70780FF05
:10FCC0009387F7FF3376F6009377F77F6FF09FF413
:10FCD0009307000013060000939747019395F501E1
:10FCE000B3E7C700B3E7B7001385060093850700A5
:10FCF00013010102678000009307F07F13060000E4
:10FD0000939747019395F501B3E7C700B3E7B700B1
:10FD10001385060093850700130101026780000028
:10FD20009306C0FC634CD7089306D003B386E64025
:10FD30000327C10113DE5640B70E0800B3EEEE00F4
:10FD400013152E00232ED10193F6F6013388A80057
:10FD5000138608001307000003230600130646005D
:10FD600033676700E31AC8FE130630003306C64146
:10FD7000639A0604032808009386160093874700B9
:10FD800023AE07FF634ED6003388A7000328080080
:10FD9000938616009387470023AE07FFE356D6FEEF
:10FDA00093074000B387C7416F00400893050000E8
:10FDB0009307F07F370608006FF09FD91307000004
:10FDC0006FF01FDD1308050233082800032808FF21
:10FDD000130F0002330FDF403318E80133670701C8
:10FDE000630E060813182600B30FF8003386A80028
:10FDF0000325060003234600938747003355D500AB
:10FE00003313E3013365650023AEA7FE13064600F6
:10FE1000E390FFFE93074000B387C7411306080233
:10FE200033062600B3DEDE002328D6FF930640000B
:10FE3000B386F6409396260093972700130680001A
:10FE4000B388F80063EAC60023A0080023A20800D4
:10FE5000938686FF938888009307400063E4F6004A
:10FE600023A00800832701013337E0000326410166
:10FE7000B366F700130700006FF09FE093071000D0
:10FE8000130800006FF09FF9B7070100637AF502CD
:10FE9000133705101337170013173700B7170280F1
:10FEA0003355E50093870736B387A70003C50700DE
:10FEB00093060002B386E6403385A64067800000C3
:10FEC000B70700016374F50213070001B71702803A
:10FED0003355E50093870736B387A70003C50700AE
:10FEE000930600013385A640678000001307800158
:10FEF000B71702803355E50093870736B387A7000D
:10FF000003C50700930680003385A6406780000084
:10FF1000696C6C6567616C20696E7374727563746B
:10FF2000696F6E20657863657074696F6E206861B3
:10FF30006E646C657220656E74657265640A006536
:10FF400063616C6C20657863657074696F6E20689E
:10FF5000616E646C657220656E74657265640A001A
:10FF600065627265616B20657863657074696F6E38
:10FF70002068616E646C657220656E74657265647C
:10FF80000A00756E6B6E6F776E20657863657074AE
:10FF9000696F6E2068616E646C657220656E746551
:10FFA0007265640A006E6F20657863657074696FAE
:10FFB0006E2068616E646C657220696E7374616C2A
:10FFC0006C65640A00000000556E696D706C656DAB
:10FFD000656E7465642073797374656D2063616CFC
:10FFE0006C2063616C6C6564210A00001C07FFFFD4
:10FFF0001C07FFFFEC06FFFFEC06FFFFEC06FFFF10
:02000004800179
:10000000EC06FFFFEC06FFFFEC06FFFF1C07FFFFFF
:100010000C07FFFFEC06FFFFEC06FFFFEC06FFFFFF
:10002000EC06FFFF0C07FFFF0C07FFFFE407FFFFD5
:10003000EC06FFFFEC06FFFFEC06FFFFEC06FFFF00
:10004000EC06FFFFEC06FFFFEC06FFFFEC06FFFFF0
:10005000EC06FFFFEC06FFFFEC06FFFFEC06FFFFE0
:10006000EC06FFFFEC06FFFF1C07FFFF9407FFFFF6
:10007000EC06FFFFEC06FFFFEC06FFFFEC06FFFFC0
:10008000EC06FFFFEC06FFFFEC06FFFFEC06FFFFB0
:10009000EC06FFFFEC06FFFFEC06FFFFEC06FFFFA0
:1000A000C807FFFFEC06FFFFEC06FFFFEC06FFFFB3
:1000B000EC06FFFFEC06FFFFEC06FFFFEC06FFFF80
:1000C000EC06FFFFEC06FFFFEC06FFFFEC06FFFF70
:1000D000EC06FFFFEC06FFFFEC06FFFFEC06FFFF60
:1000E000EC06FFFFEC06FFFFEC06FFFFEC06FFFF50
:1000F000EC06FFFFEC06FFFFEC06FFFFEC06FFFF40
:10010000EC06FFFFEC06FFFFEC06FFFFEC06FFFF2F
:10011000EC06FFFFEC06FFFFEC06FFFFEC06FFFF1F
:10012000EC06FFFFEC06FFFFEC06FFFFEC06FFFF0F
:10013000D807FFFFC405FFFF6806FFFF7406FFFF37
:10014000A405FFFFA405FFFFA405FFFFA405FFFF13
:10015000A405FFFFA405FFFFD405FFFFA405FFFFD3
:10016000A405FFFFA405FFFFA405FFFF4C06FFFF4A
:10017000D405FFFF457870656374656420203D20D9
:1001800025640A00507265646963746564203D20CB
:1001900025640A00526573756C74203A2025642F1B
:1001A000310A000063726564656E63653A202564F8
:1001B0000A000000656E763030303300696D61678B
:1001C000652025733A20256420696E737472756307
:1001D00074696F6E730A0000696D6167652025732D
:1001E0003A202564206379636C65730A000000007F
:1001F0000D08FAFDF6F60105FC01FB07FEFEFAF21A
:1002000006F6F9EBE0DAD8D8D6F10902112A25333F
:10021000D3C6C3D2F9FFFAF723282F24100A110BF3
:10022000DFF10625DFEF0D2CE1F11D1CE2F2051ACE
:10023000F3000A0BE4EB1815E502170C00F90DFDAD
:10024000FB01162000FEF30201EEDAE3030E1900B3
:10025000F7E1EA19F1E8F924E8E4062BEEEF0A20C9
:100260002517FFFEFCF0FFFBEBFDF513F1FE0C1D67
:100270001024FCD5341423F82C1D0EFB140A200680
:10028000C8031B1BE4191B15171C27F51610E7C51F
:100290000114231CEDF0161BDFD6E5FB01F2F7F38A
:1002A00008E4F51C1AF4D2041906F401FD1401FA4D
:1002B000111125361D1A1121F9F4F203D0D0CDDF2A
:1002C000FCFBEBEB19FFE0BF130D05DA1636310F1F
:1002D000081D3534DED3F332E2E2CCFDFCF5E6E472
:1002E000FFEFF4F010F7FE030C0CF9FF15FCF6F32A
:1002F00080000000800000008000000080000000FE
:1003000080000000800000008000000080000000ED
:1003100080000000800000008000000080000000DD
:1003200080000000800000008000000080000000CD
:1003300080000000800000008000000080000000BD
:1003400080000000800000008000000080000000AD
:10035000800000008000000080000000800000009D
:10036000800000008000000080000000800000008D
:10037000800000008000000080000000800000007D
:10038000800000008000000080000000800000006D
:10039000800000008000000080000000800000005D
:1003A000800000008000000080000000800000004D
:1003B000800000008000000080000000800000003D
:1003C000800000008000000080000000800000002D
:1003D000800000008000000080000000800000001D
:1003E000800000008000000080000000800000000D
:1003F00080000000800000008000000080000000FD
:1004000080000000800000008000000080000000EC
:1004100080000000800000008000000080000000DC
:1004200080000000800000008000000080000000CC
:1004300080000000800000008000000080000000BC
:1004400080000000800000008000000080000000AC
:10045000800000008000000080000000800000009C
:10046000800000008000000080000000800000008C
:10047000800000008000000080000000800000007C
:10048000800000008000000080000000800000006C
:10049000800000008000000080000000800000005C
:1004A000800000008000000080000000800000004C
:1004B000800000008000000080000000800000003C
:1004C000800000008000000080000000800000002C
:1004D000800000008000000080000000800000001C
:1004E000800000008000000080000000800000000C
:1004F00080000000800000008000000080000000FC
:1005000080000000800000008000000080000000EB
:1005100080000000800000008000000080000000DB
:1005200080000000800000008000000080000000CB
:1005300080000000800000008000000080000000BB
:1005400080000000800000008000000080000000AB
:10055000800000008000000080000000800000009B
:10056000800000008000000080000000800000008B
:10057000800000008000000080000000800000007B
:10058000800000008000000080000000800000006B
:10059000800000008000000080000000800000005B
:1005A0008000000080000000C9FBFAE4E6DA1EE3E8
:1005B000FBE4E72CF8EDF9E9F21DF61C1E21DAD96F
:1005C000DC10F2EDE7F4FD3A06FBD5291BFCE92C23
:1005D0001CDFFE0328E9F92E26EBEDD8F7EFEBF34D
:1005E00022F9FCD62F24F6E2EBE61CE23201143CA1
:1005F0002C2AF6FB1EFCF8F8FADD28ECECE912E0F8
:100600000CEDF82CE812DF2725E91BD9021F0EE2BA
:1006100031DED0E7ECFD26F027E300FB07E506140A
:1006200027F3F6FDDBD7F8DFF8FDFCF902210AE736
:100630002EF3F5DCE3F3E4FF05F6F5EDDDE60E342D
:10064000E204EBDDDDF028EEE12427F92DFA20FBB2
:1006500002EDE5E629233AE722DA06ECF6EF30046C
:10066000FA1FE1F804DD3431EAFBEDE1F1F8D3EBF8
:1006700025DB012AE6D0EFF5EBE4F0EE13160935A1
:1006800007181DD7F3E5F1EEE7EDEFF2DA1CFA35C6
:1006900021E5DB1622D10BF8F4DB2EEC25E0E31587
:1006A000E826321AE836EDE4F2CA18F3E5EF01E580
:1006B000F316291FEBD92A2B0DECEB19E52FF1DAF4
:1006C000F0E7FE37FCEBF5EC13F1293635EF2A3273
:1006D000FAF9EE35E7273032DFDB0027D5EF0316D6
:1006E0002CFEE4E530F408271B1DCCCD391EDEE8D6
:1006F00007020707E5FD2D13142021F32CF3EEF577
:10070000E92FF7E407CFCEC1FF32F014F70102F270
:1007100038E40AD504FDE52D19D63716D721DFECCC
:1007200020F5D4E62831D4E2282F14E4F41D31E07A
:10073000D130D1F3D0C7E42BFB11F92A27D81BDF26
:10074000EDF4E5EA17E72AFFE811FA31E90124FFA1
:10075000F81FDAF0FCE6E836D9ED2522CC1BFF2D98
:1007600023E4D92305ED08FC0CE4F9E81DFDD90DBF
:1007700032F2E1E43AE92F03E2F82EF81422D81D10
:10078000362CD4E3E2D9F8F8E5E3EDEF37CEE637DF
:1007900028E2E6E72306ECF8E4F3D42F282FF0F75D
:1007A000E7ECD639FBDDE4F0FE2201EB1CE9F7CBE8
:1007B000FDDBFB0B393310002EE3DDE6EEE314EE38
:1007C0000BFDFFFAEB06E5F6DBE6DE1BD629EB0FA9
:1007D0002BEBE83227D9E5FDEE39DD302431EFCFC0
:1007E000F32EED322027DB1DDC39EB2EFB2B17E13E
:1007F000FB1E0B15ED22E5F9ECEFE4EEFAF2ECDF6F
:100800002EF1E4F6ED2FF0E7FC33E3F6CEE4191B0E
:10081000DBFBF8DEEFF6E0FDFE2E1D00EAFEFFD169
:1008200025F6E1F016C9CFE00F2DE70740F237EBD0
:10083000DDE9DC23FEFC312CE2E53034F8ED272144
:10084000F336CDE5092AFDE11BD5F0E539FCDBF6F1
:1008500034FBE4E71C09FA2906FE302303EF1C26CB
:10086000EEDEF7DA1DF0E2FDEA04CF26F1F8CB2444
:10087000EA06DBF7EB1F37E4D62D11F027DD29E779
:100880000BFA32E31B361ACE2422FDD421F0252F99
:10089000FC2EFBF31D2925F5FAFE23E7281C04FD99
:1008A000E205F2F2E713C8EE01D420CC2E1DD8F8F1
:1008B000D33BF3193524E93715D3ED0ED11FF4F4EA
:1008C000030DE8FA010E2128E02AF5ECFF1B272A88
:1008D000F415F725E4E5EDF60C0EDB1800F6D6CDA1
:1008E0002D1DD0FE2FFEE1EE14331DD409E0F9FBDF
:1008F00000D624F122F4212217DAFEE426EAED2EB6
:10090000293414FD2EE6EBEA22EA2110EDE306E39A
:10091000DF25E219FB360406F5D516E214CFD4D450
:1009200005E2F43BE001E5F30510DFDBD7FAD7E998
:1009300038E61415E5FAE30CE3EFE7EEEF18EDE522
:10094000D8DF18E5E7E3FC2EF4E401F1EA192227E9
:100950002A15EC28D939F0FDEE21E9F91E0AE1D873
:1009600005ECEC3706F800DEF22EEAE7F701EC239F
:100970002FEFED382FDAF0F4D7F02913D12F0B3BFE
:10098000F2EE01E00B00F22C17F126D221E6F2DFA5
:10099000E6F4CF23F0E8D9222D4B27EC18F1F5F03F
:1009A000F81832E50DEBFCE5E0DE06E9F8ED3AE19A
:1009B00030E5EFD636CFFFD125E6E3EDE803FCDBEB
:1009C000F6E7271B2736ED31DEE2102ADEDC222097
:1009D000F24435F6EFE72500E0E000F5EBCE3139E3
:1009E000040D03F3D8DD15D829D9EDD4EE06F501B1
:1009F000EA1FEADB21F4F82907F12BDDE2221E22AF
:100A000035252FFBFDF6D92EEFCEFB10F41CE1F8B7
:100A1000EAFAD8EDECE3F61FE5110D31F0D2EEFC69
:100A2000D1290C0DE12E3D091BF318E51FCFEBFC7E
:100A3000E03121F8F23128D9EBE326FD13E623DC7F
:100A4000E9F4FCE2FF20F3D9EC26E725EB22E6F5FA
:100A500033DEF2EDFF2C342CC7E028EC3212E83202
:100A6000212F29E5D6170400DA001032D11CF70136
:100A700012F71E26F1FEF71AEEED192AE72F2414BD
:100A8000D1FF3500ED1CD9FA21180F2827DEF8DF39
:100A9000D6FCE21C0ED8E3D2EB060D04DD32DF30CB
:100AA000E50FEEF8F9F3271710EB142BF20CC0202A
:100AB00002F0F40D2D29E0D216182A23ECD7DCE33E
:100AC0001C051D1A2BFA25F6E02311E2F91B04156B
:100AD00005ECE9E728253EDF463DF132E9150B2616
:100AE000D4F01025EAECD5DE35EC06D60AEB27EE7D
:100AF000D1E0031CD0DF1FF22AE6FC3125D5EA093C
:100B000012FB1CFA001826131D322401F1FD22FAF3
:100B1000CBDDCFCECF220FCF250628E337F70A2132
:100B20001A2BEFEB2EDC0F002914C3F4EA2C06DCA1
:100B30000EF4F1F0FCCC14261BF1223CE10B33EF58
:100B4000F700EDD3F73809EBDB22E5E5252F100F91
:100B50002BCBC8FC19FADD38ED28E2FA0BD9E41DDD
:100B6000DAEEEDE0DC0DC9CCC431241833F3F22207
:100B7000E0E7C5D3D425251B1014D403271AF609A2
:100B800005332B20000400000004000000040000D6
:100B90000004000000040000000400000004000045
:100BA0000004000000040000000400000EEA0C0B2A
:100BB000F506F7F002F40DEAFAF607050A0A0B0843
:100BC0000F0CDAF507E9140B00F60AFCF608F6FD3F
:100BD000FD08F5F008090413FB0BF0FA0817020EE4
:100BE000F8FEFDF5FFFBF20A010300E4140109071A
:100BF000F30213F4020E06FC0AFEF6F50B0203FDE7
:100C000002FD03EAFF0AE8F7F2FB170DF1FF0FFC04
:100C10000BFA05FFF6EE0601F907F3FAFA0724EDE1
:100C200017050508F20D10F9F5EF03FE02FE040C9E
:100C3000F50806FD04F9FDFF1B29FF0DF315EAFC7D
:100C400004FBFB1801E003010101FF07080114FC8C
:100C500005F40FFD13E5F01200FFFAFA02EC04FDB3
:100C60000DFA06FF0EFEFB0500FD1CFDFEEA03FD6E
:100C7000FE01001504F6F714FA01F3ED0BFE00FB7C
:100C80000A0B1103D7F922F9F7FEFAFA04DB000A7E
:100C9000FEF5FAF50AF305181917160CF303050308
:100CA00003FDF51102F900FCFA0C01F9080A0C0F1A
:100CB00004DAF6FAE808E7F900FC0400FFF6F9F8B0
:100CC00004F40EF612FE0E061113F919ED04EDFCF4
:100CD000FC0F06F2FDFB040C0DF80005F2FAE71418
:100CE000E6F927F5F713F80001EF06E803FC010128
:100CF000F8FC0B0FED062306F0FE121500F2010DB5
:100D0000FDED0205F4F601E4F404FC01080A21FFFC
:100D1000E5E6AD04F7E6FB0D02EDF103FCF5FDDBC6
:100D2000FBFE01F71DFF0E05D3F9E1FEFFF5EFFB1A
:100D3000090FFE09FE04FAF701F704FB03FAF0F4C9
:100D4000F9F11D03EEEAFFF7FDEFFFF6090600FCDF
:100D5000FF05FB0B0DFCFB020DE71103E420F7FB85
:100D600008F3060CFFFBEAFCFEF402FE0A0315FA88
:100D70000C0810F8ED0BD6FCF5F9FE0502F909DEBA
:100D800006FE00EF11FD12E5F5F2E6FD291BE8076E
:100D90000704F7EEFBF8F222FEF5080AF7FCF7036A
:100DA000F4DE48F70CD5270405F3F5E0FEEEE6F493
:100DB000F0EF0C01F2090215F0E32C1904FF0D0FFE
:100DC000FDF6FBFC04EFFFDFE4FF05EE070617046A
:100DD00006BE05FFE6C5EDFD01FDFADE01F1F2EC10
:100DE000FFFAFDEA130C1320CFEBF647F62DF10CBA
:100DF000FBFC0EEA05F5F30EE80DFCECE3E8FE1251
:100E0000EDDA230D3E1007100C01FDD40805F7F9AB
:100E1000F5FE03020308132DF3E6DD25130A000196
:100E2000E8F2FBD80505EDF5F509E805FA071A170C
:100E3000F9FC0E04190AF1EBF8FB04EA0D080205AF
:100E40000010F1F8FEEF0F04EA0D1134D4F501F7AC
:100E5000F6FFF8EEF71CFAF2FB04FA3CFBF60DF590
:100E6000F6DDE1080600F400040A050C0A19F9DFB2
:100E7000ECFEF4170E14070609F6090F0408FA072A
:100E8000FB1405EA01F5FDF2F5FFF10527EBEDF89E
:100E9000FC382D1EF21F0DFD020E07EC0AD80C17B0
:100EA0000B09E913F3F3E11C09414AD90EFD0900CE
:100EB000F503FB05FC18110B0BF50C1A0C09F41BC0
:100EC00006010FEEE1FA0CFD010D05060501051006
:100ED000140801200001ED23FE2018F31D0C010A67
:100EE000F70FFF0304E401FB0BFB020BF5F9F2FD26
:100EF000FB270CFD1A18FFFD0704090201FCFDEC9D
:100F0000FF05FF10020710F5FA0400EA18150200A9
:100F1000FEFFFE06FFF404120BFEFA1004FF09FCAC
:100F2000070F05FB26150B0AFA0001FFFCED08E789
:100F300003FE0A0EEFF900FCEB01E0FA00FC0CFBEB
:100F400000FBFBF1FE190B1B050C1B02F902190B30
:100F500009F5020BFD1F080002FEFCF3F81EF92440
:100F6000F80B0D0CFD18F007E700F7F71626FAFD51
:100F7000FAFC0FF8F20201F6FDFE0D09F7FE192446
:100F8000EBD4FD121B16F205FE0008F2F61D060D4D
:100F9000FF06000201FAEAFCECF3BB1D1312EAF8AB
:100FA000051101F9020DFCEC020203F7130AE20439
:100FB0000E17FFFEF80B0008091403F501FF031FCD
:100FC000010FF9000D07EFD3EC18FEE8FD0A050844
:100FD00002FF04F6041C06E4EF03F306FE0619DE26
:100FE000ED00E0FE05F40CF4F90BFB09FAD90FEF64
:100FF0000400F300FB07FEE0FEF0F70107FCFFFC36
:101000000208F401FDEEF80B13040309F6EFF6F500
:1010100017E715D6FEFE02FDF6FFFDFD03F903ED11
:101020000EF8FA15FBFBFB01F90608EB0FB2F7050A
:10103000FD02FD2006F307F20CF4031207F9EBDDC5
:10104000F0012803D6FCF7F4020A08FB07EE090DAD
:10105000FEF91002FF0BE7F20F1A17F6D118E7FEA0
:1010600007FEF72603EAFB000104071204FA0BF857
:1010700007F506F308F1F70406F80007FFEB03FF96
:101080000902FF000B0C00F3F3FBEADD1EEB03FF8C
:10109000F6F9F6E5FA00011306FE07FDFEEEF62668
:1010A000F8E027031BFE0B0CF800FAF3FEDBFDFD56
:1010B000E3FE0D0AF7F8F72706F5F0F2FDE10BFE67
:1010C00005F7FFFAF0E606F8FF07130D050802FE24
:1010D00016F4F80E0C1AFCF6FD0707F401F5F8F10A
:1010E000F6081AF6120003170401FD1A0123F5127F
:1010F000EE0002F6FEFAFFF9FF02F825FAF5FDEF21
:10110000F2DAEB0F150406F9FC070AF1FDED01FB1D
:10111000FCFC09270BFDFE1809F9F10F07F4FF0489
:10112000FDFC03E1FF1000FDFF0AFC0B05F8F21EB9
:1011300000FFEC04FD12EFF2FF0404F403FBFC04D7
:101140000508FDFFF8EF18EF111310FBE0EF07F6AD
:10115000FCF700F4001D0C210DF8FA20EB0B18EF42
:10116000F3E90004D305F4010F0104160722F3028A
:10117000EE00F718FD1510FAF7F5E2FB0003F3FF98
:10118000FEF7FFFDF9FE06E60FFE00001AF9EFF08C
:10119000F111E610F8F3EC010AFE00F3F8E0FCE7C9
:1011A0000A070A0C05ECFC01E2113A090DFF0300E5
:1011B000FAFEF906F81AFAEA1308FBEC050D12F626
:1011C000F0FCC8FD1507FA02F50809E908FF020F4F
:1011D0000EFDFAF01D0102F8EEF1FD0E3E1D15F1B7
:1011E0000405FFE0FF1FFA1DFCFAFF021609F7FED7
:1011F000DC0F2B1A0D1111F9000AFFF0FE02FE217F
:10120000030CFBFA05FADDF2ECF55003FDE5FC03F7
:101210000604071A03FC18010E0EFEFD040513F365
:101220000537E4F6FB24EA0D000CF9EBFF0303FE9F
:101230001B0701030D00FDF90A00F9FC08220B054C
:1012400009FBFFDCFFF70B15050E061DF7F9E10A98
:10125000F4F604000D2A19FFFE0500FE000004FD4F
:1012600014FEFA22F2ECDB05F52432F209FA04024C
:10127000F9F9061E04F90BF2FD09FEF1FB03130850
:1012800007ED01F3DD15ED0BFF010DF10B19FBFC73
:101290000417FBEBEFF4FAFDF6FBDC0BF425EF0192
:1012A000FE0D01F307FA0AF41B050C06FA00E90F1C
:1012B0001B1007FA02FC0501FAFF08080BEA06F505
:1012C00003030E0AF1FC01110808F9D7FA12020112
:1012D0000D03030DF7FE07EE0DFFFB00FF040AF5FB
:1012E000EE11E1030CE800FE040607110F0F0E12C9
:1012F000010107EB0EF9DFEFFB0BEFF909F0070235
:101300000004F9FFFAE30B100FFFFE05F3F505F8F3
:101310002000FCF5FEFC1907FFFE04E90202050AA5
:10132000F7F607FFF6FF16111FEDE2FBF339030E88
:10133000F9F305F10417FDF205FAF7FC02060D0DAD
:101340001A140C0005FE0F0BF100080906E707FB55
:10135000FBF8FB120507FC07FD1016F60A25110E17
:101360000B0CF2F4090D01FBE5FF0909FFFF0EE785
:1013700001F6DCFE080C00010DF1FDF90421FA0A6A
:10138000FB01ECF6020F230616F2D5FFEFFDF6FC8B
:1013900005FD0FFF0C1604F61004FA0609FA0DF10C
:1013A0000A201AFEFB2409FA0A080109FD0EFBF8BF
:1013B000FC070606100501EB0714FEF2F9F303051E
:1013C000F809FAF4FD240103F601FEF20C0A0AF012
:1013D0000703F30B101C0007F3FA0A14F51800FEBC
:1013E00001FFF4FBFD0E03E7F7F0E6F6FFF900F668
:1013F00004040012FFE6031506F2FE0E1DF6FDE3DF
:10140000FC2918FF03F408FF02FFFC2EFA1602FC69
:101410001EF7FBF7F7F5F6E30F10FBF103180305D2
:101420000501FCF2F4F7FD1706ED00EFFFE80B07EE
:101430000B03F5F8FE0CFE100300F807FD0803058A
:10144000FC02FF100E05F5DF110606EDF21305F0A4
:1014500001FA04ECFA0F0E03170308F1FC03101253
:10146000FDC608F3EB04FE06FFF606EC09F10BE5FA
:101470001EFD0F12E10A17E6D401E217E906EFF3A9
:10148000020300FEFF0204EB09F8F522EE0F1EEB4B
:10149000BFD0BAE8E500E6FDFE00F70BF809FBEC6B
:1014A00001F909160B0A04E8CFEFE80B08DBF4FAA0
:1014B000FDFCF7EF01E903FFF300FFF0FEFDE9FE9D
:1014C000F4E516F809F402FD03FEEFF404FC031240
:1014D000FAF5F5E604FB1106FA0018FCD6CF090B65
:1014E000F900FB0EFBFE0216E60801EE080BF90CF4
:1014F0000BFA0704EEF5F8FC05FD0914FA0B03EDF1
:10150000EB10FFF400F100F6FF09FB04ECE1FCF442
:10151000FDF9FAFF01F8FD02FA0C010003F2000FD9
:1015200000E2F90D0508F7FFFAFD0DFC021A06109E
:10153000E3FEF90A14F3E62CF5E4051708480DF666
:10154000FA04FE1101F9F9F21301F3FC00F7E901C5
:10155000F81A0D06FBEC0BFFFAF808F90CE9FF038B
:10156000FAF3F005F400EA17FC221AECF9F406F19C
:10157000FDFCF600FFCDFBF4F706FCFF1407FF1A95
:101580001215F9FFEA030602FB08FE06F7E803035B
:101590000703021E05FEE918F9150AEE0CFE02000B
:1015A000030A07FAFDFF06F512030610E9F8F9FA37
:1015B000FA0FFA06DBF8FFFCFEFF06FDF303000A54
:1015C0000EF9040BE9FF08001907D7D10F05FEFB40
:1015D0000507031AFBEA0C0304F30212FAFFF81BD7
:1015E0000827E300EF06F503FA0AF827FF13FA0DC0
:1015F0000BF302FEF7F1E7211F0FF4F805F205FFE8
:10160000090702FFFB00ED070105000EF7F4FD17C7
:1016100029FE04FCF6F304FD05FDFFFA061EFD0697
:10162000010605F9F4F309F403DDFA182807F701B8
:1016300000F9FCE20223F8F2F30502FDFB03F70FC9
:1016400001F8DCFF00100FFB0207F9E70805FD01B8
:10165000FE1AFC09FDFFF505E7EFF603F51313FD90
:101660000E0D0002FF1B0110FBFA0A0402FDF4EA52
:1016700002FFF5010DDDFE040709080D07F0F90C66
:10168000FCFFFC16F3081CD60BF5F4F605E507FB8A
:101690000B13FDFC0B02F8FE0A06F5FC070607F823
:1016A000FE2DE703F80F160B05120109FCEE21E9E8
:1016B00024FEFEF7EF02F4FFF40EF4EDFBF913FD48
:1016C0000400FBD4FF0809F80CFD05FAF812FBF73B
:1016D000F9FE1D011A0F06F2FF0301F5FD23FB03BE
:1016E0000EF40901FAFFF5E80902F60A091805FFE8
:1016F000070606060CF901D81A02FF16E7FD0A33A1
:1017000001160AEF060FEE17000801FD001DF9E9AA
:1017100005080B04F6F9FE0CEB10C6FADB13F2FB1E
:1017200006FCFEE7F817090C11F1FEF90411E302BB
:101730000917F80609EDFC08F70A020D01EA09018C
:10174000EE01FC05E7F6DC09D113ECD21119FF021A
:1017500000F7FF12F824FAF6F209010E020F19C879
:10176000FAFAD6FA07D7F002010D0212FBEC00FEDE
:1017700010FE07F906F7F6D3F7F7E7F122F913079A
:10178000000BFF03FCB805000E07EC13F1EE0D058E
:1017900016FBECCEFBFC0007F90AFD12F7FE08046D
:1017A000F3030F0DF6FF14102709D0D9021000FE25
:1017B00005F9F7ED05EBEFF0F7FD030814F708F670
:1017C000F8F3DB05FEE8EE1003120017F1FB02024E
:1017D000F4040D0FE900FDF1EDF3DD17203EF501F6
:1017E0000205F2F50B01FEF911F6F30DFDFAF0F228
:1017F00009010BFD091016F7020E08FC00FE02039A
:10180000FDF40407F6FBF6FF160405F6FA0701FEE1
:10181000020502F407F002F2F003FFFDFD07F809EC
:10182000FFEFDD03F2E5FFF9080809160AFE09EFEC
:101830001007FC0CFC0AFB0CED0BE0FE010CFDFF9D
:1018400003FFF603010FFCFF090006FF001B040263
:10185000FCEBFFEE0913FD060A0002FE010A040379
:1018600010F70BFB05FB0CFBFDF30F0B03050C073F
:10187000FB0603FCFE0001100305FFFBF6FC12084B
:10188000FA15E30DF208F801FFF3F500F91B081152
:10189000F8F6FFEAE50509F60005E9E8EE09F20CBD
:1018A00001F4F9040510F60F01FC06F91410F0E933
:1018B00009E5FCF20EFAF600FC09FA0604F9FEF559
:1018C000EFFAFAF800FB1AF4EAECED1EF108FB015E
:1018D00002F1FE020801FFEBF5FF00F6F10314E44C
:1018E000FBE9E7050EEB0B020FF301FE04FB0CD541
:1018F000F6FF00EB0EFC18E6E5D9F7F0F8F8F40473
:1019000000F7EFF406F200EDF60F03F5100DF8F412
:1019100001FCEA09F4E8FEFC0DFCFEFA05F4FDF119
:10192000FEF8FF0010F811FBFEEEF41A0228030582
:101930000702050D051303F308090205FF060C0451
:10194000F928F7F7D6F509F904FE04F7FCED10E9DC
:1019500003F600F9192306081C0A0BF305D4160731
:1019600001F704DAFD2106F4F50A02FA0F0725064D
:10197000FAEAFAF4111EE903FEF902F20241021931
:10198000F704E8F3161843EBE5EC11F20BEEFFF267
:1019900012050203001305F10602FF040C100617DE
:1019A000050416FE0C2412F5F80FFB0706E002E80A
:1019B00004FB03FF010AF3E5152315DEF2F60A0422
:1019C0000D01FBE007160FEEF1F3F2E405F709FD58
:1019D000FD14F21619140EF50E0BF9E90926050A85
:1019E0000503F512060CDCC6F907EE06090603012D
:1019F000F4050202FCFA10FA07FE0202090DFFF2DA
:101A00000A1505E9E6E50A03FDF4F805F5091403EE
:101A10001BF808F4FCFD04E10005E411E813F010E4
:101A2000031216F9001507191AFC0F080502EB033B
:101A30000E22F20BFA0A0809F80D0E0804F9100B31
:101A40000102020FFB01E9DF041F2BD6F80117F892
:101A5000FAFBFC0FFDF702F006F1FC0AF8EA23EDB1
:101A6000F205F009D304FDFEFCF7010AFFF116E1CF
:101A7000030503120E090EDBE4F4B715F6F6E802CF
:101A8000FE0DF802FDF5090214FB0000EC1108F54B
:101A9000F7E0D2E9E3F9FB06F00301EF03F5FAF40E
:101AA00007F60E0FF90A0A0BFFF612EC1CF7FBF310
:101AB000FE0404E301080507FC0402F2F3FAF8044B
:101AC00005DCF3180919E701FE0DFEF6030B0616F7
:101AD0000E04FEFFE8F8F90BEE19E60D0C280004E1
:101AE000F907FD0006E6070502FB0507E9FAD7F34B
:101AF000EC37FCEFEDAC1A10FFFFFC0A08EE03F820
:101B0000FEEFFE10ECF8FD16050FE0EDEBE0FFFA3E
:101B1000F5FDFDFD03FA06EC0104F11C09EF06E7F3
:101B2000F00FE30CEAE4F208100804F904DD08F110
:101B30000C06FA1BF505F6FBE7F70102120B05E8A8
:101B4000FD02FEF50324043608041803010CF4FA20
:101B500011DEEEF6011D030203F403F2021A0B1D5F
:101B600003FF10FAFAEA21F01EE3F0FDFFF314EE92
:101B700001FFFCF6F7E903F7090D02E401FC01148B
:101B8000FE1205FEF8F5F2FBF10D030FFC15FD0F3B
:101B900008000AF6EEFAEDDF03F51AEFEDFC0DF59D
:101BA000F700FE080808FAF6E9F7F8FAF707E7E899
:101BB00003F9F5FAF0ED0BFBFDEC09FA03F5FFEF85
:101BC000E700F4FDF5FFF5C802DCED070A0E0000A2
:101BD00000FFFCFCF8F21002FE0803F21009FB0EF5
:101BE0000216F9FD2010FFFDF5FEF7FC02F50111CC
:101BF000200E0AF705EBEB07FAFE2EE207060F01AF
:101C00000004F801FCEB0B1A0F08FFF90C0A10E9AD
:101C100007F0DEF9F0F8F2FC04FB070E04EFF1FF29
:101C2000FD01F6F207F8260405FEDDDCFBD801FE17
:101C3000FBFBFAF008F000E3F5FBF4DEF7FDE4FA55
:101C4000F3F408F5F8F11104FB0100F4F7EAF9F9EF
:101C5000ECF904EB0AF00C1FFFFEE606DDDD09F5EA
:101C600004FDFE031015F2FEEE0900E30003081D5B
:101C7000F7F7D9FDF407EC0AFDF505FEFCF50216B1
:101C8000FEFA070115FF08FEE0F70F17FD05FA0140
:101C9000FDF106F0F6EFFB06F1FBFAFDEA01FA09A9
:101CA000F807FF0B03160D020803F5F00417F6F60C
:101CB000FDFBF6FCF206FF0702E7EE13FF0FF2F65C
:101CC000FEF1FA0108FF0BDAEFFAF40D0D04060F2E
:101CD00001ED0AF6F2F9FEF903F50603FDFAFCEC54
:101CE0000AFBFC0CFD031D120211F930F709FC067A
:101CF000EB0202F7F902F100F806F90105080CE61B
:101D0000F2F8F100090109FCFCF303F1FC0DF4F811
:101D1000F105FD03180AFBEDF9F308FAF6EAFC06F3
:101D200002EF05F8000B0006F6FD01F9FBFEF203D9
:101D300007ECFA0BEFFAF50200F8FF010C12F712AC
:101D4000FA08070403F805F4D0EFFC18F1F6F402E2
:101D5000F901EFF1FC05F8FB0C01010B080CF8F799
:101D6000F7091403DC100303FEF4F803F316F4F38D
:101D7000EC05FEFD18FDF7F91FF83801EBFDE8F65C
:101D8000FF04F4F9F4E000E9100800F40708FCF897
:101D900004F13F2402F7F2FAF502F6EEFEF505F73C
:101DA000FBFA0403EDF702FAEAF91C0FFB0207FA4B
:101DB000F2FFFB0701F3F90A06F5FE010502EF0247
:101DC0001BFA2707FD0EF501FAF6FEFFFB020136AE
:101DD00013F8070B0BFB00160B110804EB02F606B9
:101DE00003FB081F00FC00F215F500FC14030512AC
:101DF000101609F10CE604F70103070503F308EFD9
:101E000002F60AF30305FB05E8EEE5FA14E8FEFD29
:101E1000F8FD060800FEEA06F4FEFA0EF6F101EE01
:101E2000F7B7250314D7030700F804EA0203E2F822
:101E3000F7FEFE0AFF0213FEF8D0CE23081DF904B8
:101E400006F50005030A0BF3FB050A04110A20043A
:101E50000D02FB1B09280800FCFBFAFBFFF603FD43
:101E6000F60805F2050BF4261204FE11F90B01F534
:101E700002E600E4FFFEF302E4100002EEF4F6DCFA
:101E8000F9CE0B1125F7FAFDFFF7FE0A0424FB1526
:101E9000E9F6F4F4FE0507FFEBE2F41A12F107018C
:101EA00005FEF8FEFDF1F5F00300FC03050AF9FD5F
:101EB000FF040A0315F91306F9FA0CF200F106F40F
:101EC000F60DFEFE02F9FE000F0108F8F9FBFF0116
:101ED000FCF001DC080103F5F8F7FD06F9FD04222A
:101EE000F4D80B01FA11ED070A1000FD0404FD01FE
:101EF000F80703F9FB0C1305F1FA00161103FCF8BF
:101F0000FD00F4EEFB18F8F10D0706050701F5F4E6
:101F1000F6F90116DF07060305090B05010AFD0B9B
:101F200009FFEF03FCF7F3F3E8F21506FAFAFD03F5
:101F30000E0503F80816F005F9FFFC02F2FD02FA9F
:101F4000FFE7E60C0B37EF070406F2F7FE0B0B2D4D
:101F50001E03F407F9EDEFEBE70AED0B1B47F0EE7C
:101F60000211FBFAFA050E1010040D14F6FBC9FB62
:101F7000DF1908FD10EE2AF70B0AFAF6F8E4FAE08A
:101F800002010211F4EFDBF907FF00FDE6BA0209D6
:101F90000101FD080904FEE50101F60306F202D67F
:101FA000010DE2FF0BE5E600FE13F3F809F60CEF76
:101FB00017FCFF03120D02FCD4FDF4FD08F1F60539
:101FC0000107F415FD02F70B0D08070AFE02FAF2ED
:101FD000FAF3F9F7EC3E110503FAFE00FFF804FCF2
:101FE00006FA0BF10204191A0EF3FDF406E9050DC9
:101FF000F60A05FA08EC060EFCFCF5E50BF3F714FF
:10200000ED16EDFC0905FBFF05FE07FB00FEF810D1
:10201000F60B04E8F5020C050BD7FEF2EB00F0031B
:10202000FC09030CFF18FC08F8FDFDFFFF03E600A8
:1020300000E5DEF32204040E0AFBFBFDFBFE00E7D5
:10204000E9FD00FF010412E614E0F018F60BF6FBC0
:10205000040700FCFE12FD0403EF12F7F1FFE1FE9E
:10206000EFE40A03E404F5FF0AFB00EEFD07EFFAD4
:10207000F3FD0401EDFF19E6EDEFFFFBE700F409C6
:1020800004060416FA00F8F9FAE9F7040E0510E25E
:10209000D4DFE10CE0EDEC00F6F3FC28F1FC06F8EF
:1020A000FCFFF9EF0CFCFFF0E2FECC091AF6000190
:1020B000050AFFFB09F107F6EC04F8EAFE04140D2B
:1020C000FED6D209FAFDF5090EFA0014030CFC0342
:1020D0000A0F09F7020605F8E6E3CE0F224108FDD4
:1020E00000F405F4060402070409FAF90211FE10CF
:1020F00006E8100108F01601FCFF010E07FF0902B7
:102100000CFD0AF1F5110508FB080106ED0B1100A5
:102110000800FF02F707F5E100F7F00E01FFF802F3
:10212000FCF8DA05F8ECF0FAFDFA001DF4EBFAEE33
:102130000613FDF80601F005041BEDFF00C806FEBE
:102140000D0DFEEFF01505FAEE00FBF61105FDFD95
:102150001DE5F4EB2F080603F2000BFBFC0F0C044B
:1021600007FC07FCFCFB17F1F7EF0C1AFD05F80A5A
:1021700009FEF9FDFFF6F61A26FF0BE9F5F2F5EB7D
:10218000FD03F70C03EFE3F103FE0D12150E040738
:1021900012EE01FB010E1501F9182C01E607F7F804
:1021A0000C03F402FE04F107F0000119FF0EFCEC31
:1021B0000FDBEEEDFA0AF7FD05FD09FC0500F7055A
:1021C000F7FFFC03000C12EFE8081B3EE80508FDD2
:1021D000F5F7F8FA091203F7F40405FEFD05FCF320
:1021E000FAE7F1F8F5F4FE0313EEF9FEFF0EFBE358
:1021F000F1040302130F24E9F3EEEFFAE803050EEE
:10220000FBF5FE10FFF3F6EAFA0605FA0E02F7F9FF
:10221000EBFC0007FAEDFDFF0203FFF105FA05EE06
:102220000508F80C0A000CF5EE010325EAF005FAA2
:10223000FF00030E01F4FEEB1004F6FFFA070BE7B4
:10224000011DE3F1EEFA0401EEFF030006F00620A3
:1022500015FBF2EE0B06ED010B22F8F8224D0709F3
:10226000F5F90500FC07FDF5F6FEF8F707FC19E89F
:10227000131801020C61FB1005FDFBFA0B31FA0784
:10228000FD05FB080C0915DBF7FDEFF80A1A10FD38
:1022900000020915FAFDFDFC0CFCFCFD11042010E8
:1022A000011507FF00180905FE0105F9FCF605F9FF
:1022B000F20F0E00010909F607D5F2E5EDF5F6FA81
:1022C000FCF90C06FF15FEE7FFFDF50C12F10DFB06
:1022D000DD03FB2204F500F9F60205F501F403F332
:1022E000EC09E600FC05F1ECD6F613F909FFFBFF5B
:1022F00008FBFE0AF704FEE8E8FFF60BF6000FFE07
:10230000F9EE17F40CF3160106EE04F4F502FBF6F1
:10231000F4FC01FA0F011BE900F5BE0F17FB0508DD
:102320000902FCF1F6EF000D0BFF02DF16FF0806B5
:102330001116F1FDFE0BF506F80802F802EBFA1291
:102340000F0103030500E4101A2909FB130507FA1E
:10235000FB0000F4F704F9FB17F9FCFFF903FE108A
:10236000F0D3EBEFE3F3FCFEFCFBF3F700F70FE435
:102370000700F602F10401F0F208BC21E603E903CC
:10238000F906FDFE0BF1F6E01EFEF9FFF1F9FB0385
:10239000E5EBFA07FDFDEC02F4F204F0FDF0F5E7E1
:1023A0000BFBFD19FDF4EAF7F5F6120D1819F1F320
:1023B000FEFA0013FCF301180D040C0AF5F2EAED25
:1023C00011F652F0F4FBE7FA03FC0607F7E9FC23E9
:1023D000FBF1FFF1FDFAFAFB041919FD1003F901F5
:1023E0000CF700220801F8030BF302FA0CFE1709A0
:1023F000111FE600F2E7F401F3FA0AF7F9F9F5E93B
:10240000FE0602ED030C1AF20202C3F8FFE4FCF42C
:10241000FDF505F101FFF414FEFF0005EBF4FBFAF6
:10242000F6C217F9FE0F000401F102FE070AF90BCC
:10243000EA05F608ED01F70DF2F8EC2204FEFA02C7
:1024400007F900040400F503F203FAF40C07F9FCA1
:1024500009F9F611F1F2FEFB01F402EA04F90609AA
:10246000F806F5E605FE0F15FCEBFC0FFD01F7FC89
:10247000FFFD01D2FDF7F7F5F3FEFF0705F3F2FCD0
:10248000ECE914010C09100BF1FC0F070002F8F540
:10249000F9F7F50F05F7FCFAF2060C1015F912F32F
:1024A000050301030212FCF200F7F00E0C03E4FD39
:1024B000F90BFC13160F0801FC0504EFF8F8F706FA
:1024C000FF0DEAF701F20211FFFE061C110D08FED6
:1024D000FEEEF7DD07010AF7FEFDF71BF4F6021B1F
:1024E00003EC0AFDF50AF9050904FE100212FD14B9
:1024F000FD07020AFF080B2C0502F905FE0BF6FD8D
:10250000FB09F7F001070A020BFE00FC1301EF05BF
:10251000090B0E0B1604FDF9FC050700FC02FCF884
:1025200008FCF70CFBEF04F1FC0C1907F403FF089F
:10253000FE020AF0041A0CEDFD06FAE906FD061586
:1025400002F8EDFCD51009FE12F6050EFD0E020D87
:10255000FDFEFCFF07FBFDF8F803F61321F300F87E
:10256000F7FF04F2020AF902F2FEE40E060AF9F499
:10257000E40AF4070F0EF9FFF603080601F600F46B
:1025800002F5F5FB07FC0311F4160901F5F3F5015B
:10259000F1EF0601FB0403F5F705FD0A090B00EF57
:1025A00005E4DF18EDDDFC05040AFEF9F802EDFC98
:1025B000FB09F60C070508F401F306F9FF09FCFB1B
:1025C0000A0301F400F803EF0E0E09FB0208FE05F2
:1025D000F3F50A0D071108050EFD0219FCFDF900BF
:1025E0000405F808F00FF90C0016EBFF0BFAFAFCE3
:1025F00012EE000901FB07FDFA05FFF91F12F2D9DF
:10260000061EDFFAF5F5FA0CFAEB09F9F3FC03F410
:10261000FFFBF4EFFEF303F70AEFFAF8270FFE03D0
:1026200002F2F2ED15FE010D020206F7EFFBF311C7
:10263000EBFA09FD2502FF09170A0207FF1B091122
:1026400002FB01F0F3FDF503F5F3F7FF09F902F9D9
:10265000FFF7071B0AECF20E070CFFF60EFEF7FC65
:102660000B0F0B000702010804FE0AF9F0EDFA094E
:102670000311040609FDFF07011711E8120F0409F1
:102680000A00FEF7F503FA0AFEFDF10B0FED02FD5D
:10269000050718FCF4080AFDF50902F7FD080817FC
:1026A000F904F7FD0FF5F9FC09F20B05F1F704FD4C
:1026B000020000F6FC0E000AF90900FFFFFA02F71B
:1026C00003FD0203130002FB0206070100FC0209DE
:1026D00012F801FCF7F7F8FB00FF02F913FAFAF918
:1026E000020700F3F5FD03FFF7FE0503F9080105F6
:1026F0000707F9FCFDFD09FBFF02FF07030402FBCE
:10270000FE00FDF90500060606FFF300FC010105C9
:102710000AF3FDFB06FEF5FC0705FB08080007FDB4
:1027200003FDF80A11F7F9FCFB0BFD0A01FAFE02A2
:1027300009FEFE01030407FAFC01FC04FF1B00FC78
:10274000FF0901F80205000B08FF070505FFF7F96F
:102750000305FB02000AFBF80300FE02F901FD0479
:1027600004F9FAFDF5FA06F011F2FE08FFFE0A0080
:1027700007FB03EBFDFB0602FD07FFF8F9FCF9FC84
:10278000FBFAF906F4FD0303020204030BFF0A0A35
:10279000F702FB0401FAF7F0FB080BFA0CFDF4F466
:1027A000FCFDF7FF02F0F9FA0205F9FFFBFBFDF56E
:1027B0000403FCFBF9FDFAFCFD0607FE01F0FDFE3B
:1027C000F90CFE0C04FDFEFCF701F9FC1D0DEFFBFE
:1027D000000104FAFF0006F5110006F610FDFAFCF0
:1027E000FA0C06030FFC01FD040401F909EC07FED5
:1027F0000AFBF7FEFCFDEEFC05F90CFD0403FCF5FD
:10280000FE0302FFF703F2FE050004FBFF03FA03D9
:102810000504F6F911FB0702FB0104F6FDFAFDFFC2
:102820000507FDF9FEFE080108FFED002108F90784
:10283000FFFBFD01FC070612F2FBFC1A03FAE31989
:10284000FEFB290B1D0A06FA0005FC00090300FF28
:10285000FC020102EE04F9FDF3FB03FAF7EB0E06AE
:1028600008FD0112FDE906F106010DF0F7F6F5008D
:102870000E13E3F2F8D10602F8FC00FD04FEFEFCA4
:10288000F7F8F7FC010E200333FBB7E2FD1EF80159
:10289000030307FB040500FC0AF3F61B04F7FCF630
:1028A000F605F5FE041FEC05FF07F810FB11FF020B
:1028B00009FAF716F7F1F2F0EA0BD402040112F369
:1028C000011105FDFB21030F05F101ECFC0A07EEE8
:1028D000081ADC0C26FA0B06F8FDF8F5FC1EFF15AD
:1028E000F50904F1080EF9ED12F4F10301F701F511
:1028F00001FF08EE030A06F606040A02F800FD1BB3
:10290000FA0EFBF93007FA020509F408021F05FA6E
:1029100010F901080F06FEF8F507F4071402020883
:10292000FEF9FEFC090FFEF907FEFFE9F512EFFCC8
:10293000F81E15FFF800FF08060206031000FBFC56
:10294000F2FEFBF9EFF9F2FC0409E2DF0516060CD2
:1029500004F10203040403E9ED08F602120211F087
:102960000FFADB010C02000B030D03FD03F80CFA58
:1029700008F508F208FBEEE501F2F2FA110118F58C
:10298000FE1707FDFB06FE2C0D0004F6FDF8F7F020
:1029900006FBE5E102FF0804FEF8FC00FE22FD1440
:1029A000F60A0A0AF002F60D0C00DFFAE41009F547
:1029B000FC05FFF1FF0EFEF10206FB0AFF042A0AE6
:1029C00000F7C2082000EF0FED1103E303F702E662
:1029D0000602051EF80AD826EF15EEFF141108F5B9
:1029E000F20B05FE0FEAF407F6FEFE08F7F1DB1D19
:1029F000F811160AF3270AF0F009F60100E00211B7
:102A0000FE05F9FDE1F0D30AF10D1AFEF2E50D071E
:102A1000FE0BFCFC07FC0804040306EFF20317049A
:102A2000FA24D709DABFECF6FB0FF4F503EA0EFF40
:102A300005FF0603FFF3FFED101814EEEDDEE4FED4
:102A4000FBFCF31AFFCBFAEF0DFF0C3AF4EB0F0B84
:102A500000F10BF8C1E8F406FB07022A04D403D8FE
:102A60000DFA101C030B01160A0144FBFCEDF30DDB
:102A70000105070200F80714120708EE040ED6F548
:102A800002FB1B02F0F11D00FB0208EC07E2F80E4E
:102A9000EEFA0BFFEBEEFCF80B0B10F016DD1C0250
:102AA00015F2010308EFFEFAE00604FEFFFF160729
:102AB000FCE7F7FFEFFAFA02FCF20E03EBFF0DF46E
:102AC000EBF40AD81923171507D8EC19FEDDECFF33
:102AD000FD08110810DCF5081300FE1EF9F5E111E0
:102AE000FEFE200F0802040406F6FCE009F204EEE4
:102AF000EF070616050A011207F60600FD0003049B
:102B0000040405E5F50EF5D501F2040AFE01FB1BF0
:102B1000F8DFFC0EEE03FBF702F7ECFA02F306F91E
:102B2000F0FC08032606F70604EC14133243EAEF20
:102B3000FC0704F4FA000021FC01FC0DF900D71B8E
:102B4000010541EDFD09FB02030EFB18FFE0FE0746
:102B5000FCF20A09EAFBEF080D28E6EEE7EA0600B8
:102B6000FEFF090008D916F310020B0EF4F500075A
:102B7000181FDCF001DD0007FCF5022A06F70FFB49
:102B800004FB0E11FF0F181C2A0CB5EB121CF7F6F4
:102B900000000DF0FDF6F90607F9F91D00E8041331
:102BA000F3E6D900052BFCFDFD02001AFA10FE0128
:102BB00011070017F5F3DDE8F321F507020515F419
:102BC00008F7FD06FF0307FE01FCFCE402130F17E4
:102BD0000A0316EFFFD802070EEBFD04F81BFF15E2
:102BE00002FC04D0FD0418FB19DDDE0FF5010D0613
:102BF000FD0402F6F71B04EFE4070015FC070AE8E2
:102C000003E1CF0A36F9E504FD01FEFC040408EEF9
:102C100012FDFE12320ADFE801FF160B15F406035F
:102C20000106FFFC0231070706FFF9FAFFFFEEFF7E
:102C3000EE0026FD0F15E7080000050A0718FD093C
:102C40000BF9FEF10C13FCF3D90006FEF6F70005B4
:102C5000F8070503071004FCEF0BFDF21F0504EE57
:102C60000F0AE2F3F6F608FF030805F2F8D50D089F
:102C70000F0502060FFBE40B140520EE0B140DF2FA
:102C8000080700D9F20B04F300FB0A060EF6E91E52
:102C900024FD2BE3400F07F0F807EFF9FE21FC12AB
:102CA00009FFFB02FEF8ED0AF0F21FFF15F3FBF43B
:102CB000FEF7FBE801D0F9E90BFF01F6F80FFADBAC
:102CC00002EC17F737FE070DFCF5FEFDF1FAFE15D5
:102CD00019FEFAEBFD000CE108DB14FFF2E1000144
:102CE00005F900F6F80FF014FEF204D50A08FCFD11
:102CF00009F40C04F418F6FCFE0405DE041B011CA8
:102D0000F30DF9E3FCF1FCD3DFF1112EEDEE14F23B
:102D100002FC0500FC00031FF4060900EBF3FEDED5
:102D200006DB11F7082CF804FDFBFE250314040252
:102D3000DE0AF8F701F52706F2E5F8230119DE04AB
:102D4000F9FCFA0EFC06F0FF06F5FF022EFEE3FB8F
:102D5000112A0702E4DB050105F7F9E104D80FF4B5
:102D6000F9FDEA06F4F6CA0EEA0B03FBF0FC0DF9D6
:102D700000FDFCED08D5FF02F9FAFEFBFCFDF62490
:102D8000140133FAECE0FA060003FE1401F6F6161D
:102D90000BFDFDF7E5F51016FB0500F505F903FA47
:102DA000F608071DF6C0FAF608F70B12FF0911E640
:102DB00007161103F6E8F61600F40CFA07E4FEFB1A
:102DC00006F80B0F0005F9291109DC144FFE05FC6C
:102DD000F90200F6FDD6040112F4FE12FDEFF23402
:102DE000ED1129F925090AFE0AFE00E60D16041365
:102DF000FD01040CFAF4FA2CF5F421F5060318F39E
:102E0000F9EB08F8EC12FE16F10C10FE07F7091F9B
:102E100013011926ED030EEB04FEF4F3FE19FD0376
:102E2000E702FEE6FCFA00FF1EEFEDF203FBF9FFFE
:102E3000100A08EAFAF20809F307FD0303F8EDDFC8
:102E4000FFFDFAFE430FEE080504F719FFECF61E2E
:102E500006FDF8F8EDFB00CFFBD514EEEFFFF90B04
:102E60000D01F9F7F312FA230EF7FAEFFBF9F8F474
:102E7000FF041006F4D7FDF3FE06FBE4FDFDFB05A1
:102E8000F201F70DFAE60EDDE301192AE8BC02FCB7
:102E9000FE12062406E6F4F80810081FF3E8DFD453
:102EA000E9070AFAE6D0E008010D043AFAFD0B0E34
:102EB000EC11010CFAFF13F3F1E5F9F7FB1DE21138
:102EC00001130B1BFE0F000D03F4FEFB1D12CDFDC5
:102ED0000A04E3E50902F40FF001FBDF04F4F8143F
:102EE000010FEE03F5F4E0E6FEEB221811FB0404FB
:102EF000F9FE04E203DCF82510080BDBF202EC30EB
:102F0000090444E5DCD2FEF71104F309FEF5071CC1
:102F10000F0400F2EAF4FAF2F60D23F7EAE40C0EDD
:102F20000906F31405D7FDF704E701F5F10E0D00CE
:102F3000F70D0BF7E6E4E707F9FE08F50AC2F3F52B
:102F4000FA00FEFC09131328EB1BF8174901FF09CF
:102F5000F108FCD90DC8F7092206ED1E1BEFF33D61
:102F6000053210EE320A1AFC0A0AF7E61101FC02D9
:102F7000F7FD0DFDF5FF013BEDE81604070D160307
:102F8000050300F2EFF9F91CE90015EFF601200E38
:102F90002A101520D30F02060802FAED01F9FD21CF
:102FA000F70104F609FA25FA27030C03EAEF0206F3
:102FB00000F7FEEE060AFFF80602FD03FE0A11F511
:102FC000FBF6EF050F0303FD0BFEEB02FBF902FF1F
:102FD000F9F7FF100205FEE4DF01ED09D6F50D005B
:102FE000F1020407FBFA02E4DDFFFBFFFA0A0D061B
:102FF00011D0FA02F4B6FB0600040C0400F80EFE31
:103000000A02FF0B01FA11DF11DCE5F20AD7FB021D
:10301000110DF3FB00F40109080202F605F704089C
:103020000520E8FEF5F709020908001C0503F31F57
:1030300013FC00EEEC00F30FF40E0AFCF7F00906A7
:103040000504FCFA080C0CFCF6F0FCE1FB0304049C
:10305000FCD3FFEFE30BEF0409F5F6F2FB0BFCF3F7
:10306000FFF7F0E90F0015FCEEEE002F010CF8025F
:1030700000FC05F2FA00FF01F800FD03F2FA08195E
:10308000F9F32508F10818FF06FFFEFAFB1BFFF80D
:10309000FA02020FF002181505DC01081C00F3FC0F
:1030A000FBF703FCFA29FC0ADE09FD000A21ECF01B
:1030B00016DBFB0317E8F8F5FE1506F00303FB0526
:1030C000EF17F3EE0AFA0102DFE2141B081301FF07
:1030D000F90303EAFE28FF0FFD01F90A07FC06F1D8
:1030E0000AEEF60D06FC030605FDFF07F507F5F8E9
:1030F000EDF9F8F2100220F6E715DE0C1601F5F8EE
:103100000001091E03EA06F70504F0F0180609F8A5
:10311000F853EE0A3D2A100D0611FFF7FEF70513CE
:103120000906EBFE0807E4243F1FFDC4EDD2FCFDB9
:103130000503F8FE08FAF6F3FBFF050001F51B0393
:10314000EED507FDC6E71F080CEE020001070DF8DB
:10315000D918FCED0205F6110CE6F406F5ED0407AE
:10316000FBFEFC20F0FB100AEBFBFE13080A210A11
:1031700005EEF3EFD6BEE0F6FEFAFC0DF800F7EA36
:10318000020406F4041E07EC00D6F5E8F740000A36
:103190002109FDFCFE27FB08F50E00FE0700F92AB9
:1031A000F5E5011506FA1AF303F3F8EA0AFE00F74B
:1031B000FA04F6F9FB01E51B1DFB02FDF2D125FB2C
:1031C00002F308FAF7E206E9E50B07FAFDFC21FC39
:1031D0000BE8DFFAD1C1F10812F80809F91A03FB6C
:1031E000FBFFF9F22F11FDF921E1DDF0F700ECFB17
:1031F000FE0A05FF10100DF710F00510E1FDFD1D92
:10320000EE07FC02000A0F04FE0CF8FCF5E4190CB2
:1032100019F3F01CFCF9DAEC0B3216FFDE060E0790
:1032200002F801FCFF15FB07EE050A05ECEF1E2373
:10323000FF17E9F9011AE7FEFBFE0316F207F9FD95
:103240000601EEFC0BEF0DD0FE1B19F8DFF1E308D1
:10325000F70E051C001BF8FCF60D170704F108DD3E
:103260000AF00AF1D808FBFF000402EDFF0CF3E6B8
:10327000DBFC11F4F30EFFF811E41209FE0003F772
:1032800000F5F50B030D0FFE0302000106FB09E735
:10329000FD09D902EDF7ECFC050AFD3B0BE00DF54D
:1032A000010E10050BFC0FF3FA2CFD10DEDAF7040B
:1032B00005F40609F710FEFEE703FAF7EBEC0E0142
:1032C000EFD7CB1CE7D9F2F5000AF9EC04F80DF6BC
:1032D000E90CF8F608040FF3F4D7C0131B19FAF938
:1032E0000BFC04F7F6FD0EF9FC170BEF060B1311A0
:1032F0001202FE110FDD1F1402090EF2080302F57F
:103300000FFF11F6FB13F7F6FC11EEECFAF5FC09D2
:10331000FE0C010F070807E10C02F90D05F6EE0798
:10332000031FCA09DAE0FA0DFE0D150C01F0FFE5E6
:10333000130B010BFB00F604F01CE10AFFDB0FF797
:10334000080002EDF42A1008F306FCFB080605F756
:1033500025EBEBEF121CF8F0F907FBD9FD1B082653
:10336000FF0B0DF3F4F31AE826DD06FCFA0B0AF264
:103370000503FB040B0E13FD0C0907F8EBF10C150C
:10338000FD130809D50EE3FEFF050822F313FE1412
:103390001B0400E2F106E6F2F20DFEFBF9F1E9FC96
:1033A000020B0A20060E08F4DEEF0A02F90EE8E826
:1033B0000BFAFDE800EEF6FA0505FEECFBFC06F064
:1033C000070003FCF5F701D7FBFDFA19CC05F8025D
:1033D000F60E0400F31C07F2F6030FF8FD0D16D7E6
:1033E000F004CD0707E0FB0104F8F907FEE008E46C
:1033F000FEFD00F50D0A26D0C9EBDC06F4FEF30055
:10340000F511FD3105CB0307F2F710F701220FE6A6
:10341000F9F6E6F7DAEB02030900FEEEFEF201E64A
:103420000EF6040A090105F706E5F6FD08E5F9F7C9
:10343000FFF305EFFF25FA13F30701E90BFB00EF9C
:10344000F4E9E1062011EA10F705FEE5F7190B1B78
:10345000F906F8E80EFE03FEF5FCFC13282706FD2E
:10346000FE07FED8F515FF28000BF6FB00F9ECF17E
:10347000C3061713032213FB010605F608F7FF190D
:10348000FDFF0101EDF8D501E2095507F9ECF2FD68
:10349000FD0402FB06FE06E602FEFF0CFEFAFCDF60
:1034A000F611D7FE073000F7FB0503EDFCF502022D
:1034B000FA0303050311F9F0F8FFF9F70813000305
:1034C000FBFEF5E0FEE902100C0BF32B0100DC0320
:1034D000F8FA050A06081608F6F708FB02DA03ED03
:1034E0000B07F826FEF3E8200BFC38F900F6F6038C
:1034F0000A06F916FFF707F71FFEFAEFF6F809F8C4
:10350000FC23EDF7E516EC0DF90804F80602F40BC0
:10351000000E00F8EEFB06F0FE08EAEAEE0DEE07FC
:10352000FBFEFFFD06120A0A1AFCFE0DFBFFE60376
:103530000E04FDF908FA040CFDFDFB0BF8E0FAE2BD
:10354000F2F8F9FA0502030D0CFBF1F6F908FD0893
:103550000EF5060D050BFDF121010D0B00FDFAFC2A
:10356000F40CF100F1F3FDF5070303050913FB0962
:10357000F4FD0FF50305E7F3F5FDF2E208F3EF05BF
:10358000EDFFF511F0EF010504030007EA0000FA72
:1035900011F4F201F2FAFD05FFFBF60FFBF1F40A5C
:1035A000F102F6FCFFF91C0B0C03D4FCEB0B010A37
:1035B000F613FD01F5F001E8090002FA0E00FEFF26
:1035C0000F0EFEF7FB0EF7F80104FEEFFCE8060A0B
:1035D0000C030801F2ECD614011D1C093B41010348
:1035E000F40E04F8FCF5F7181BFE0B09F4FBEAFFD8
:1035F000FA260BFC07141D000712F3F010F3F6EE89
:1036000006070106F2FBF7051110F5F3010FFBFAAF
:1036100000F906FFFAF4F7180EF9040A040D16F083
:10362000030125F0EAF006FBFDF9F5ECF9E304FFF0
:10363000100A061204FF1601D5F80EFEF91BEC0560
:1036400002F80918FA0BFF00060F041800FB03ED3F
:10365000DD0D041EF02EEE1101FEFEF60AE607E671
:1036600004FA000109FFFC1A02FCF3F3F504F6FF6B
:1036700001FEF3F5FC04F0060DF70206FBF9F9FE76
:10368000F709170D020408FEFDFAFDFB02F1EC1329
:10369000ECF70FFCFBFA0F0814EEF705FCE5FA0354
:1036A0000F02FA0000020304F9FDFDFE0901070202
:1036B000F6ED02F802FDF30101FBFBFA0A0406F144
:1036C00000EEFF030BF4060419E7F30ADEF6F8FE3A
:1036D00005FD05D402FEF2F3F3F6010AE5FBF5055C
:1036E000E9C806F8BCF4FBFCF6F002EB01FFF6D6E5
:1036F000FEF4FB11000210E6D6CCE10FECF2DE0D79
:10370000F4EF0A02000003E00AFAF6FDF7FC09EC08
:10371000B9E4E408EAF8EEFE040400F702FBE9E687
:1037200003FCFA040FF8FBEDC9F0F91F132A05FC9E
:10373000000B060D05F609FD19FD000802FD040148
:10374000041CFFFC01F403FA0803F20307FEFA0C61
:1037500007FDFF040D06082700250D021B020200CD
:10376000F0FF0C06F8FE01FAFDF202F80809100C51
:10377000131803F8142B040504FF0BF90B0606ECD1
:10378000EB0706F6110D0610F8F8FAF904EA0E0A2E
:10379000F8F5F611FFF1FF0B0DFCFFF9F7F827F82C
:1037A000FE0807FA0044EF1705F40DFD05070307AF
:1037B0001D01FC03FC080CFD05F0FB06F32CFCFFCF
:1037C000FB010B17FDF90EF30FF6020C04FA11FEC4
:1037D000EB1AED2CFE0EF8FFF4020DFFF5F70502D3
:1037E000FE01F91F0501DFFADC065219FF0A02F992
:1037F00004FA0503F80EFAF1F901040B070A0DFAB1
:10380000FDEE0800DAF70406FF00FCFB0AEA04F705
:10381000F4EFF7EFF7FA13F704F7CE17F80301FE0A
:10382000FCFF00FDFD00FEF6FFF10AE91402F90BB2
:1038300007FDE719FC00EFF9FD04FA04F8F001FEBA
:1038400012FF06FA10FBF005081CF0EF02FBFFFD6B
:10385000FF07FAF508F9120E0E0BFF06FBEE021831
:10386000F3E8F90DE00008FAFB0EFFF0FE0604ECA9
:1038700006FEF009F50BF9E9F8E9D614F6FCE905BE
:1038800008FE080402F1F8E01106F904EFFE04F462
:10389000E3ECF20CFDFDE2F3FEFB03EDF8E9FFEAD9
:1038A00017F3F91106F1F8FFDAF502FFE6EE0BF96E
:1038B00007FBF909F7FCFEE80207FC0C05091FEA03
:1038C000FE0EC200DC06EE00020511E001ED08FD6F
:1038D00012FCEBFC0C04E4F31D07F3FDE93602F8DF
:1038E000060AF9F514F3FE0C03F107FEFCF4E2D826
:1038F000E5E7351D0319E60006FBF7F0030307F2C1
:10390000F80C06F604EDE5CAEDD845FD07E8100809
:103910001005FE09F903010B00FCF2E3FC110BF9A1
:103920000A170BFDEEE1F5F2F10202FB06C406FEFA
:103930001DF003F70802E8F3190B23ED0BFA06F765
:10394000180403FE05C9F5E32B03F3210105041553
:103950000410FBE2EABF0209F3030A0EF7D112F3E7
:10396000EBFEFC0AF605E607F326EDFE0FFC07F476
:1039700004FE01FE06FD0604060B0AFAEDFAFC033E
:10398000EEDB4DFFFD08010B0D0204E9F0DD001236
:10399000ECF605F0EBF1EF21FC18F702FFEF1A004F
:1039A000FE0405F1F6D209E8021D16020AF71E1EF2
:1039B000FEFEEE0FFE01FE08FA14050D10F8F8EEFB
:1039C0002EFB0AEE18070022F3060FEBF2ECFAF8D2
:1039D000EE0413E500E5F309F7F4062BFAF9EB0022
:1039E000F8FC0E050918FE070A0EFBE103DCFF02D6
:1039F000FEF9FBF4F0F6F5FD19FAF00E150402E7F6
:103A000003FE0FE6F41E02FBFD0D0905F204FF158F
:103A10000806F20D130E0102FF0A07E70CFBFDFA80
:103A2000FBFE09F603FD151AF2EBE7D3240EFAFBB1
:103A300009FC08070208FCFA00EF0A0507FC1E094A
:103A4000F107D304F114000803FD0205FF0F05D9A7
:103A50000E01F417F9FB051B0108D202EE34ED0547
:103A6000FA0D020708FBFF010F10FB0901FCE81A21
:103A7000020102F1F053EEFA11FAFF150FF8FD0EF4
:103A80001000051FFC02ECD3F11317EA19E4040639
:103A9000F602F9F5F51005FCFA14FFE808FA1FF72D
:103AA000F404EEFFF5E00C0300F9F703040505024A
:103AB000FB02FEF5F7F902030AF1E201EBC510F88B
:103AC000F704FE1D0ADD07F319050013EEFA21EFD6
:103AD000DFFD00FEEECEF60A0A09051EFFFDF6F830
:103AE000ECF70C080F260D06FF03F7FC0B02FAFD9E
:103AF000FCFB01E40613FE06ED02F8F70810030EC6
:103B000000F0F60008FA1B0B0D0E05F3FCE609F5B4
:103B1000E8F8FDEDF3FFE9F301EDF3FD01E907003E
:103B2000FAF408ED070C0BF9D9150DE10B1202EFB1
:103B300002DDF906DBF9F006FD10F60A081FFEFFAC
:103B40000A010DE7070A0BF3E9E6F2FD18FDFA0B8F
:103B5000FF0C0307FB0008FEF101FAFC150EF8FA52
:103B60000209E10118FE100807FB01E7FB0AFC123D
:103B7000FFFAECF10C01EC0139F506FEF90106F74C
:103B8000FEF811E5F509FCF5040609ED0103EA2349
:103B900022FA14061B0405FBFE01FEE2ED170702E4
:103BA000FB0507F30406E202FCF1060B10FCFB091F
:103BB00008F6FFEBF9FFF706F20FF0E2090A2B0215
:103BC000F8D7D50D14F803080D060F200510FBF0EB
:103BD000FCFD01F6FF0313F9FFFBE1FF03FB0F08F8
:103BE00004FE000D0913FEEBE3EE030102110118C0
:103BF00010E4F9F8F0BBFAF600000DF7FEF909EC55
:103C00000EF108EEFB06FB0906E9F4F5FAE70BFDF9
:103C1000FDFFF406F4F6F8F418FBE9FC08FC07ECE9
:103C2000FCF9E115DFC9FAF507FFFE0D061BEF02EF
:103C3000030DEAF4030DF300F3E808F90AE90208BA
:103C4000F7F8F02100F305EFF40AF7F0160412F28A
:103C500004D4E4F9F5FEF6FDF5EF09F8FCF501EA08
:103C6000EFF703E00EFF17FD20E7E701F7FCFEF694
:103C7000080C080FEDFFFD0AFEFEF5F2F4F509E56C
:103C8000FC10F812F1EC0613FB0A0BF707E7F1053D
:103C9000DB01FE0C1506DEF71A0A3DE80F020506E9
:103CA000F6EE0413FEFDFAFCD3F8E7F2F6F910DFA6
:103CB0000FD1ECEB05F8EB07F8F700EA07FCF5FB92
:103CC000F6FD02EB121119E716EC0243E0E7EB09EF
:103CD000FEFF02F905F6FD04F70402EEF3FAFBF429
:103CE000F8F72C00E7E40005FAECF71205F5F5EA21
:103CF000F30304040A0216FEECEE160BFD02FB06AB
:103D000006EB0820FEDF06CFFB02FB0A150E0DFCBA
:103D1000DB00D404D7FCEBF8F60AFF1303E503EE4F
:103D20000FFFF9EA100304FFF0FFF909D8C00D08EE
:103D300007FEFF1100FBF6F310FFFFF4030533D677
:103D4000F401B1F5FE0DF6F804F312E50AFA05EFF9
:103D50002B0406FD0703E9D5FBFB07F2F036EFEA7B
:103D6000010B04E30A01030C05FAF5F2FCF9D1CDCD
:103D7000D2FE2C0BF92EFEEBFA0100E903F105FE51
:103D8000010301F9FAF8D1B7E8D2450E0EE00BF9BC
:103D9000F9FFFE0D040EFE070D02F7EF04060BF20D
:103DA000F9FDFB02EE12F5F6FF09F5F004E00A203A
:103DB000F7EC11F40305EDFE1D0114F70D26FDFFD0
:103DC000F10508FAFCD3F7F830F50301FBF903130A
:103DD000FA0C09F4F6CB1001110EFEF2FDD3FDE949
:103DE000F307E5050B05E70D0015EE0CFB020504D6
:103DF000F9F8FC020EE802FEFD0BFEF304F8EE08F3
:103E0000FAE531FBF1080801FFFF05F402DF0A03C0
:103E1000FE010AF4E5EC0011F91201FB21020C0D80
:103E200002070CE5FBCAFBEDFBFAFB00FFFD180BDC
:103E3000091DF020F1FBFD09F1EE01120CEAFDED88
:103E40001B010BEC0C05FD2DEB17F7FBFBEDF0F563
:103E500008FE05FBFADFFFF2FCFD090CEDEBDBEFE2
:103E600000F11EFC2011EFE70B0B01E400D4EB1B6B
:103E7000F305FD0AE8060C09010D06F70EF80B091B
:103E8000F9EE05EEFA200F0A110D0206FDF2F21707
:103E9000050C1500EE090A080CFAF40AF40D02FEEE
:103EA00002FB060301FB191C040518DC14E60200E2
:103EB000FDFDFF21F9F0FFF9F5FEFF04EEFFFADF4B
:103EC0000DF716E8F4F7FCFAFDFAF802FFEBFF2411
:103ED000FAFD02E5FDFFFAED15F6EFF917B1FC0A60
:103EE000000D01FDFEF60A0EFEFD01FC050206FABC
:103EF000F8F70406F6CE1CF307FF02EE06F4FBFB10
:103F0000FD090C0207F2EC03FEFF0CF2032502F69A
:103F1000FD00030F02DBF303F20AF2F7F4F30009EA
:103F2000F2CE1FEE24E8F30205FD0B07FD000507A6
:103F3000F5FD01011005FA160A00F214182808FE12
:103F4000010EF9EEF81B0811FF03EC0D01FBD9F18E
:103F50000C1A01090B2109FBFF0509DBFDF2000C1E
:103F600008FDFB1CEEF3E014EE060FDFFD0CFD0F69
:103F7000FA03F6FB01EF0BFFF5020401F2080D2135
:103F80000CEDFB05041DF100FD110700011A0208EC
:103F90000FF20513FD08EC07F805F3FAF710F6F930
:103FA000FB0C050704EB00F321000420F1EEEBE429
:103FB000F82C1803FB060C04F90E00F805F107EBCA
:103FC00011FDFB1DE7F20C0C0A0CF7F4F60AFE00DB
:103FD000FD0108150A03FDF802FAF507F4FEF714CF
:103FE0000A0406FD25F8F8FEFE0FFA14FA0CF9147F
:103FF00006F304E7FEF5D7140D1915FB0FF909F6C2
:10400000F90106F30A0103230C020CFFF7F304097C
:1040100023FE14FE0BF904F90101FDFB0122FB0A4A
:10402000FE07FF01F3021B1012FBE40614EE06006C
:10403000FB0505F5F316FBEDFAFF080908FD14076B
:10404000F3FDF81D0D0F0607FDF5FB07052701FD24
:1040500006030205FE0A1810E30EE10DE8D5FD0681
:104060000404FF00FFF311FFFF000014070BEEFE36
:104070000F0DF3080717FB0502FCFB1A000106F8F9
:10408000FF01F8F90800030F1616E711FC060400FB
:10409000FEFD0404010D0AEE010105080BFAFD0402
:1040A000F70CFBFE0902F1FF04FEF4F6FC0A07FE22
:1040B0001003F80605FD0403F0F9E60108BC16FB41
:1040C000FB1302E907F801F9020204F7EF0002EC22
:1040D000FAED01F5F7F7100004FB04000E170112CA
:1040E000FE0903EEF80D1112EAEEE6FF06080204DF
:1040F000060006EF042104EFF90BFBF6F00923EEAE
:10410000F5E7C0152A1CE200010407FBFE01020AC4
:10411000FB0706FC0719F3FF06E7020CF710F9FE90
:104120000A0E02FA070F0BFB020903FCF2FB000563
:104130000907230FFFFFFAFF0108FC070306FDFE36
:104140000A00FC07060C0EF0FC040C11FBEF04F94E
:10415000F304FC09021CEED6DA0CFCF5180D1FD591
:1041600007F2B80D21E70105080A04FAFCF301087B
:10417000FAFDF6EE29FFF4E306E6F6F0060611FE78
:10418000060502DBFFE70D170610FB09F504F90F22
:1041900020EFFDE004031A040612010B06F90300E8
:1041A000050600F9F803F81BF8F91817EEEB0CF107
:1041B0000809FE0A0D1502F9080712E8F514FEF8C1
:1041C00004FC2A0509F310F1F6EE10F0FB1CE5DD06
:1041D0000606FCD30E021B0C1D1B1E1A15BBFF0E80
:1041E00004E30FF2FAFEFCE2E0FAF3DF1B0F260312
:1041F0000809FC1EE7FAF81304FA1319F70C01E991
:10420000EFF9F8E41A16FD3CECE3FF0E15F409F89B
:10421000F9F0FFECF816090EF405FEE3151331086A
:104220000EF3E715221F0BFEF7FB04D90423FF064C
:10423000EDFEFEEFFFF3122916FD0A15091B05ED31
:1042400008F503F9FED907DEF605FEFC02FD280C91
:10425000FFF8FD0EF8070E0909FB020AF7040CE649
:1042600006FE0114FB1E0310021EE509E3FBED012F
:10427000F6FD0207FE1DF4E6EDFBFAFF031711BD84
:10428000F5E2E9040812F907020701F708EF040450
:104290000302F12604EA15DEEEEFF52939F60505ED
:1042A0000B0DF1F2FD0503FF14FCF817FBEAFF0FFD
:1042B000F62FF90C1517000A0A10FC030923F21E49
:1042C000020F00FAF202030C0D0FFFD0D4EE080229
:1042D000FB01FC0FFFFDECE30102F9F7F70418DE28
:1042E000FA08E509C9F0F8FE070AFBF70814FF0809
:1042F00003F9FAF5FE18FDEEFDE8FF06F30AEEF508
:1043000004100BEC020F0CFE010808140002E20777
:10431000F3F80FEC000E04F8FF11F9E7FAFCF913BB
:1043200006090F12E6F4F1F4E10946101906F9FB4B
:10433000FFF80411F619FB00F0FC0E0D0304E90F61
:10434000FCE8190807F3FFFC030BF902F6FE00FA7C
:10435000FE01FBFF04F5F1F608EAE6F9F8CAFE05EE
:10436000F207030AFCF8061A18EF0EFDFCF804F336
:10437000011AEF02F0FF01E9FBFD1105FEF1020950
:10438000FCFE0301FA0908070808F6F013D0F90348
:10439000F3FFFB0AF011FF06F7FAFF05FF04FAF737
:1043A000FDF901121413FC0302FBFF13031404F7BD
:1043B000F0FDF6FEF5FAED02F801030D09FB06EF3C
:1043C000FE0700C5F41FFE0C13F2FBF8F9F4E2E758
:1043D000F612FCFC101603F6F6FEFCF31617FF129D
:1043E000F617040AEEFB07F10B0206F8070EFEFAB9
:1043F000000005E5F104FEFB0105FC0606FC0F16B6
:10440000FAF9F9001917D3FDF60300220530FA0571
:104410001209FF13F8ECEDE8DD03DAFE280CF7F8DB
:10442000FD0EFEF0F806F9ED21F4FAFAF802E4F9CF
:104430000217F60E09F41A08F60008F600E800E67E
:1044400000F60016E9F1DC18E814E3D606040901C9
:10445000FDFB09FFFAF5F8F9DE00F905090115F28F
:104460000902F0FF26F4FDFD091A020DF9E907FC27
:10447000310DFC0209F0E0E7F2FCFEEE0BFB1EF84A
:10448000FC140DFEF3E1FD111706FA08F4F0FF0726
:104490000E2EE6DB2AEE220AFA0CFFFBFB1D0710AC
:1044A0000006FB09F90911154301B1CB0AECFA0C1E
:1044B0000B04FFF3FBFD0402FEF506F916FBEC18F6
:1044C0000AF23CF0E4F70400FEF9F715FCED0413E2
:1044D00014FA0A03F3F8E9F9FDFF14F40FFA1003D4
:1044E000060CF80C09D40FF201F30105FFFA00E7FE
:1044F0000B1BF7F809EB1900000BF805F8F600F9AB
:10450000FA010606FD0015F81E0BB9EF1405FBFDB8
:10451000020EFBED03FD052208F7FD1902E4E3108E
:10452000EA0E43E81E2900070510FD0F01F308FEFF
:10453000FCF7040BF3F30B05EA0CFBFF012B1AFC51
:10454000F50BFEDE0230FF24FC0009040308ED0732
:104550000F02F307092AF600000FFDDF0A19EF1713
:10456000050004ECF6F8E4E601F90112FC25FCFE76
:1045700006FF08DCFF1305FDFD0D011FF6F51918F8
:10458000EAE0E0132C27F802F9130516FC2CFD01D4
:104590001406010AFA12E900F708040AFDFFF1EC1B
:1045A000F514040CFFFF06FDF60200F8FE05D8F432
:1045B0000224050BE6EFFF0B010F07E5FDF00001FC
:1045C0000300EC0AE507F0DB110705D40F0A100A17
:1045D00001FBF5E4F70406DFEF00F30C110517EE1D
:1045E000071901F40FFDFF06FD09040DF9EC06158E
:1045F0001206FB05FEECE9DFFBF012DF0CFDFEFE10
:10460000F00301F604EB0C150DF90AFAFEFDE5F8CE
:1046100002F7FCE903F708FE00FC00FBFAFDF9FFD6
:104620001B05FF03E50A0E0E00FCE6FDE3F9F700AB
:1046300009FC03FBFD17F902FCFA07E905FA10FA79
:10464000DFF6D8101CFDF603FE0E05DF0E12001972
:10465000FA13FAFE04FBF40CF0E8F710FB3F08F63F
:10466000040EFFF3010DF80E0C14FB0E0CF3D7E94A
:10467000CE192204FE1EFFFCFE0704FF03DCFD1022
:1046800002F907EEF7E2D50FF31E3F09E119F9F23F
:10469000040200000408FFF9F103F8EDF7FC01DE65
:1046A0000218E6F805F3EEFFFE0501EE03E90AF451
:1046B00005100B040C08FAF102F206F307130104CB
:1046C00003050002FFD8FB03200F0224FEF9E2FDE0
:1046D000F4090BE80DF70D08F906FC19FECFFCFEF6
:1046E00007F603240305F71208141EFD00E9000C69
:1046F000FF08022400EAF30C060500ED08080DDCB3
:10470000FE29F7FCD206FC0AFFF4F50701ECFCF9E0
:10471000F405F5EEFFFAE8F707FD0AE1F90CF801F8
:1047200000F302F202FFFF01F9130512F3ED171374
:10473000F7F602FCFEFB07FE0CF90710020C02EC78
:10474000FDEC0E04EF0E1C1309E8F9FA04EDF40673
:104750000E10020200ECFE08150111FFF3F8030928
:104760000BFD08050706FDFFFD0004181200FFF30E
:10477000FCFF0D020804DF090C1806D4FFFF03FE3E
:1047800009FD02EDF918FFF80C04F2FE0506ED1321
:104790000EFE1E140DFB10EF0BF905F8FA01060AC8
:1047A000F6FE0BEE00FC010D12F4FD1015F806FCF0
:1047B000030DFD030A13F60D11F7FFFDE4FF0100E1
:1047C000F6F01104E6FC08FDFAF601F6041607F50A
:1047D0001106FD09FB001D00E108F8FAC7DFF7F438
:1047E000F4000808FCF2FFFCF809090509FF0FF9BD
:1047F000FF0A0900E4CFDC0FFFFC131F06EB04F8EF
:10480000FE1008F2081410D1EEEFF1FC2612FEFEA5
:10481000E7F400F603FDFD0EF404FBFC00FC0205CA
:10482000FCEA27111BD51BF9F8F00EF501F902FC83
:10483000F1FD01EC06EF0A08FF070A04F3C212F8C3
:1048400008FA0CE60DD505EEFD000AE2F9092BEC9D
:1048500006CAF4EC04B4FA050AFFF70AFE0108F7E9
:10486000FAFB0DEE12FC1BFFF8DDEE27FF21FBFC2F
:10487000FEFBFEE1050600F7FA0F0006FF01F60851
:104880000AE8140C181009F00601F8D1F31203FB22
:10489000FAFBFA18FCF5F5F709DE0AFA29E424F721
:1048A00006F5FBDBFF0CFFEBFF04F50813041FF715
:1048B000F9F2F906F10002F809ECFBFCFF1B030911
:1048C000F01902E90202FE0FF4F70422EFFBF50CE7
:1048D000F20A020FFC14F325000C0216FDF901FA8E
:1048E00011FAE40AF605E60601FD0AF20204F7FFF2
:1048F000ED19F4070B04F91A13FF06FA0D0F01FB6B
:10490000FA07F8F9000BFBFAFB0DF4F306FC001DA7
:10491000152F010C28150C03010EFF05F4FCFE09F0
:10492000040DEF03FBF9D618F24012C1E1C11104E6
:10493000F602000DF8F800DFF3F9F5E901FF1EF1CA
:1049400011FACCFFC8AE020607F600FDFE0BEED54D
:10495000D8FAF9D3290A2BF405CBC30FF4B411FB11
:1049600001EE04D7072503E6DFFCF6DE1B3B3B1216
:10497000FDD5E117060BFD04F804FDF1FB210AFC4F
:10498000FF02F6EB1808000AEFDA0C0FFFE71A082F
:1049900006F503EAFF1008F3FB02F8DE0D13F9F940
:1049A00014EAE209173CF80008F705010600F0F4E4
:1049B000EE0B09DC1DFD19032FEEE5200302F3F6D3
:1049C00008FFF4EEF924FB00FE06F7F303FAFDFFFF
:1049D000F606EA05022A0E0A0410060400F704F996
:1049E00002FBF9F9EBF9F00C0A1DEEF601FB1003DE
:1049F0000C0302F906F503F8FC0508F00DFA10DACD
:104A000018FAF904FAFAE608F202FC11041302F2A9
:104A10000FFCF8EF08F21DF3EB0D0505F807EBFEB0
:104A2000F30C020500071000F704F1090CF8F6FC7E
:104A3000FD05FDF2DA010AFEFBFA0CFFFC02FE089E
:104A4000FBF9FB15F2FCFF030E08F602F1FF0E0165
:104A50000700FB03FB09040200FB03FFFC0102FD4E
:104A6000FD020B05DF00F9FA0408FC0B0108FDF656
:104A7000F6F70A0503081FF2E50F0DFA02F005022A
:104A8000FEFFFC1E06F1FE0807FF0014110808F7E0
:104A9000F50D0F13EAEEFBFAFCFC0517F903F9EF2D
:104AA000F60601FEF20111F70807FCEFFCE0F7FB48
:104AB000F40503D9F3320113F3090305FAE914F4F9
:104AC000ECF8DD202936EEF70B2807EDFBE8200592
:104AD0000500FA0BE4EAC9DDD6FBFCFD2E21180027
:104AE000FE1DFCF105EE02F806040509DAF3CED648
:104AF000F604EAFB01D01307FDF9FAEF04EB010D10
:104B00000FFD0511E000021F24F8B8FEEBE4F111DF
:104B1000080803FEFFFF0CDF24FFFC2F09EAF5DE87
:104B2000FA2FE60F00F9DE090A1DFF07FE13120136
:104B30002FF5FA21E30CE7E3BC29FEFCFF25050C69
:104B4000F710FE1CFC4D032202FB090AF410D3F1FE
:104B500024F3E2F10E0802F90BF906EC002601231A
:104B6000011309E9E4041BD034F1F709EC00080350
:104B700006010309FBF51A0C1E0C03F0E9EFF923FB
:104B8000EC3EF1DAD30CE90A0907090CFF18040C12
:104B900004101700F5080ACBEE0300E2FA10F9FD45
:104BA000FDF70E2C0714FA05040516F7F009CEDE02
:104BB0001415EEFBCC01F903030C010F04E6F9D741
:104BC000FCFFE1F8010606DFEFFDCEF2211006063C
:104BD000FAF9F7E201F70CF30209FFE40AFB160BFE
:104BE0000EF604F71FFB1300F80BFCEA01E917EEC1
:104BF00019FA00FEF4F5F2EDDC0504ED03F81600F9
:104C0000FB18F8F608D5072EFB0006F8FC09F5F6A8
:104C100002DEE2D805F4FCF50E0906FB0E09081ABF
:104C2000EFF70BFAF2F418F028E4D30AF9100105B3
:104C300005FC05F901FE020103FCFAF8FDFFFBFD8E
:104C400007F6FE0305FB01FBFE0602FFFC05FA0367
:104C5000020603FBF900F90101FEFF07040005FE4F
:104C6000FFF90002FCFF0107FD0302FBFDF903FF52
:104C7000030501FEFB050302FA02FF03000103FF27
:104C8000F7020405FDFC020000FD04FEFC02010128
:104C900001FC020604FAF8FD0106FE000504F9FF16
:104CA0000800FEFDFEF004FE050200FEFCFCFF0015
:104CB000FAFB0001FFFBFAFF02FBFB0CFFFAFC0210
:104CC000FCFD05FDFAFFF70204FDFF00FA02FA0001
:104CD00000FC00FD02FA04FAFA01FEFE01010BFEDF
:104CE0000505020003FE04FFFBFB01FF05FF05FABB
:104CF0000201FFFB0303020200000105FDFC0904A1
:104D0000FFFDFF040FFAFEFFF8FFFEF8FF0103F9B5
:104D1000F9FEF70201F9FBFFFC02FB0701FE0200AE
:104D200000FFF6F9010000FAFDFF00050408FD0090
:104D300000FD00FCF70004FBF8F6FF07FE0204FC90
:104D40000502FCFFFD01FF030404FDFEFD01080157
:104D500003FE00FE0301FFF9FD01FE02FEFC03025B
:104D6000FB0002F900FFF901FD000104FDFC040154
:104D700007FB0000FAF901FC00FFFCFC02FB030149
:104D8000FBFD0B0400FFFEFD04FCFDFE02FAFC0629
:104D90000404F9FBEE02FF0302FBFD0107FEFD0028
:104DA0000204FEFF04000404FDFF0100191C0705B6
:104DB000FBFBF8F50410FD04F7FEF60101FE002BE5
:104DC000FB09F31205F509FEF604F9EEFC0AF4F20C
:104DD000F8FEFB1AF202FF2E0CF8E5FAAF000EF413
:104DE000FEFDFD10FEF8FEECE803F801F00B2B14BD
:104DF0001FF7EEF2F31AE20C07FCFA12FC160AF89F
:104E00000CEFF20B09120FE709F2F0EA000AFBFFC0
:104E1000FCF6F3F30D1DF2FEFC04FCF4FE160A0E84
:104E2000FADEC90F23E6FFFEF5F5FCED000A05E901
:104E3000F4F600F5180007EBFCDC04F6FCD501F7EE
:104E400000F7F40AF6EBFEE704FEF7E9FEFB130BAE
:104E5000E7D3FAFFE3A4ED060B00073701FBFFEFF2
:104E6000FFFD04E01A221FE801F0D601FAE501FD7A
:104E7000FA060805011FFC11F6FCFEE92E0EFFE004
:104E8000F318C40EFA050A07F3FC000001F6021934
:104E9000FF07F1F303EAEDDB1D0810F11C0C200401
:104EA0000DF009E808050609ED0601E00402070215
:104EB000F9EB04FA250FFAF3FEF4FD1C07220A03AE
:104EC000000000E6000608F702EFE0F606ECF40C3E
:104ED0000502072B03F6F81002FE00ED120706F498
:104EE000111227FB01180203F3F40300FCFBF8FC8A
:104EF000F7FAF40B07F9F7091BF018FEEC0F0BFF9C
:104F000009F00100F710F9E30202F50BF5FC070FB9
:104F1000E9EBD8FD1A0FFA0505FA051D0322F9FA87
:104F2000F2FCFAFE0003F702FB0FFC08F1D802F0D6
:104F3000000208E6FC04F6FCF3F804F50BFC07019C
:104F4000F1EC2F0AEDF00500F90502F60810040C4B
:104F5000E30A0AF30901FFE2E8F017FB02BCF0FBE9
:104F6000F5FBFD0EFBF4FEEDF5FC06FB0CF8EBEF9C
:104F7000F0F802140DC2FF020500010405CDF6F39E
:104F8000F70603E700FEFC1FF0F905001215030405
:104F9000FAF8FBE803FDF609FF08F4010504E51C37
:104FA000060A17F615390B0C000A06E9FDE900E5BB
:104FB000FEECF30A0DFFF5220C0CFE070F16110490
:104FC000080605DB04F3080FFC0DFEFFECF6F80DF8
:104FD00010FA060C182F0EF9FB0303E001FB09EE93
:104FE00009FF040F02F8FC281EFA06F9F01F04FF5F
:104FF00006080EF7FA27FEECF6FDFF11FBFE0AE8A5
:10500000ECDBCF10211EE704041112F9F31B0A1484
:105010000911F9080303EFEF01FDE9031E18F2F58A
:105020000306FAEDF10501F50E12000CFAF2EDF2AD
:10503000F4160F07130405FA06030006FAF6FE003D
:1050400013FFF920F2F205FBF50536F5EADF060855
:1050500001FDFC11040204ED0BF1FDFFFC0D02E06B
:10506000FF27E003FBEF05FD000EF609F8EF04044F
:10507000F1F3FBF2FC08E8EDEE0711F8FB02F60095
:10508000FE0501FD03FCFC1B02FCFDED00FAF3F044
:1050900008151DFD1E0DFEFCFC00F5EE04E504F9EF
:1050A000160507F6E500FB06E4042605FFF8F607FB
:1050B000010002FC030D02F3F109F5F8FC070DF005
:1050C000EFF2E405FE100401FF01080AFAFD04E511
:1050D000FF1B03EFF21021E80FE2D8FD050FFCFAE9
:1050E00005F502F8070F04FF090C07E502FC0AFEAC
:1050F00002E4ECFCF8ED0AFBFE0D0A0303F400F5F4
:10510000030002FCF3000005F3F600F7E3F1FB08EF
:10511000000B0908F105FAED0B05FCFE000BF7FB8F
:10512000FA0FF7FEF6B100F40211FE0CFCF103F9E0
:1051300015F9F9EC08EFE8F91A3022FD0AD500025A
:10514000040AFE0DFAF2090DEBFBFFE2F4FBFAFC98
:1051500010ECF1F0FFF6F50EF503FF020A0F01EF78
:10516000FEEF06E609FB1AED1DF5E9FDFFEFF4027F
:10517000FC16FE11F7DE0323120B04EAFEF3E4FA39
:105180000130FCE9D2F7FFFA0A0505F000E800104B
:105190001E070003F7EFE1F112302FEAE0FD050AE8
:1051A00008FF081B0409F405EEF5120BECF70BFFE2
:1051B00003F5F8EB02F1F2FF02ED03F905F70BFC42
:1051C000FFFEFBF117FD0FE1F9DF1D48ED030408B9
:1051D000FBFDFCF4FD0306F6050509FCF0FDF30EEE
:1051E00005FC11000C03F7FD0E0800DE010700F1BD
:1051F000EFF8131405FA0620F3F1F707EF0607049A
:1052000008FF00EF0BEE01E7F700020B01FD09E8D4
:10521000ECFBF00CFBF809F9F9FEF61705E8FBF4D6
:105220000100FEF40401FA00EF05F61B202EFF0238
:1052300006EC03F911E9F5E4020707011401F3078D
:105240001926E3F106F1F6F4FAF011EFFE03F4F09B
:10525000FA0301F90E001441FE17F90523F808EED0
:10526000FAF4032100FE0FFAFAF9EB0603F3F23029
:105270000A2C09FBFB2F061205FDF90D06ECFA08B6
:105280000AF9F91B1E01F30E052AEBE7071A0A0BB0
:105290000A0108EDF4F209FF04F0EF0B030A3913D9
:1052A0001401E408F543ED0AFFEBF7EE040C01F6F8
:1052B00014070201F2F10001FDE2FAFEF9FBEBFD39
:1052C000F2F90535F0E408CA19F11014F9FF23DCEE
:1052D000DB0B1504E504FD0809F3133900F410EFA6
:1052E00007FD061FF71CFB0CFA1536040107FB002F
:1052F000F9F7FDE60E0C09F5E4FE03FA0420EDF0E3
:1053000010E1F4F90CD8050CFF00FBDE02D40DF01F
:10531000F20200EE07F815D716CDE30407DA12FA09
:1053200006FB08F7F70EFCE2F6EB14E20F1918E69D
:10533000E8E1000DF0F4EB08F8FF00FDFD1DFD01B4
:105340000BFE0DE60A170CEDF2D4DCE704F60210B2
:10535000FF03FBF9FBF000E8E806F5F31412FAFB93
:10536000FF04D1110FF2F40A0D03F6C916F9EC008F
:105370001903010A05F6EDEC34D7251AFEE801FB06
:1053800003F8F9E0FC0509EFF2F6F3F7FCF7FA236E
:10539000E9CB3DEBD30401FFF902F6D1F61FF1F0A2
:1053A000F1E60CFAFD02F6FEE5E5162CECE8FA0053
:1053B000000013FA0028FAE9F70FFBF4FBFB19FED3
:1053C000DE08D909EFFEFB04FF0A08F40B12FFF018
:1053D0000F06F7010E03EBFFEEFEEA19081500F5C4
:1053E000FE0404F407FDFF17090FF204FAF8DDFECE
:1053F000DC1326090129F702FD06060707F4111E32
:10540000060203010401E503F20B3DFAF5F105FE86
:10541000090106FEF7FE08F9FCF8FBF605090B0189
:105420000141DCFC01EF0406FB0AFFF7FDF617F46F
:10543000080A02EB0F04F8FA0C11F9F3F5E4FE0385
:10544000F608070909E410F913030E0EF2F1FD1531
:10545000FBF902EEFDF51106010AF60D0AF601EC64
:105460000809F729FF0B0705F71525EE07FF0705C4
:10547000FBFE0912022704EA02F5FFF1F90C2EF2F5
:10548000FAF5E901F50FF700FCFBF8F9FDFF08F369
:10549000EB130FFDFC09EAFE0EFCF7FCEE1BF80215
:1054A00004FD0DF40C0FF9080BF710FC0105FD09C4
:1054B0000CFB021228F20E09020700010507030780
:1054C0000DFE07FC0B1602FDEFED0EECF5EAFE03F8
:1054D00007040115070602F5FB0C06FE0C0D06DCA1
:1054E0000212D80A23FD020BF611FFF60BF507078F
:1054F00008FDF8EF1A00E7E317F905E2FF0706EEEB
:10550000040403ECF718140BF9F70102F1FBF10D99
:105510001BF82FEFFA030FF9F502F9EEFC0C0E134E
:10552000EA030EFCF70AF10616F71011F211FA035E
:10553000FAFA04FC071208FDEB010F00FEFAF6EE82
:10554000FBF304F90925F3F60C18FCFE04F801FE40
:1055500001FB0412E0E6FAEEF904E9FF2104FCFC89
:10556000F202FFE90909F71E010105FDF3F2E1F876
:10557000F522F301F6FB07FC030E08E702F1F81C25
:10558000F405FDFCF6F5F80116090306F4E2F30351
:10559000FE0906090B040AEAF8040618EFEE02D326
:1055A0000308F2FE1107E701080B0706001D1004AF
:1055B000FCEE0013FCFDF7EEE7EDE8F51BFFFAF655
:1055C000F30F00E3F71FFA0F0602050D09FCFBE8D5
:1055D000160406E4DF0B00F804FAFCEE04F7FC13F3
:1055E0001507FBF7EEF10BF403000CF6F8F2F4F2FA
:1055F00000F9FF08FEE9FA0E0A05FAEAF3F711E6E8
:10560000E9161802F903E7F4070AFF1AFA12FE0373
:10561000090402EAF404F1DAF023F9E5F3F4EC0802
:10562000FF0AF413FFE00FED09FE0403F405FEF595
:10563000F92D1315F9EA091109EBF50AFEE0F6E276
:1056400005E6F206F7FDF70EEF0CD8E5460CFBF287
:105650000CF401CBF1F205F50800F8F71004FB3962
:10566000F4FA12F3461AFEFE14F8FDE002EA09000D
:105670001B0A040203EFD71DEBF329EE14F41EF905
:10568000FC0300E402EA032307F61305EBFE05F72B
:105690000FF9F9FEEEE9091205EDF8140B05EB0B15
:1056A000F4030EFDF90A230111DDC6E30BE2FD064A
:1056B00000FAF5E704E5040DFBFE0AEF05F9F4FE38
:1056C0000BFB10001300F5FF08FF0501F9D60416C7
:1056D000F8FC02FBECE3F4E2011916FD1E3702FBB5
:1056E00007050204FCFB02ED02EC0AFBF400FDF9E5
:1056F0001911FAFBFAF31101F9FC08F6F910FD0093
:10570000FAF90BF3EB00170622F9B80A03ED0405CA
:10571000FC05F70202F3FE050A08061AFCF9F6F08A
:10572000F1EE0B010514EF060DFF030FFC1AFF0B42
:10573000FDFF090FEE021007CCF405FF0614F60476
:10574000020404060330FC0DF4F6F505141DD6F131
:10575000F605FCF314100BF701FF03FCFFFEFD0A36
:10576000FE0903E2F1FBFAF701F7F203FCF20CFA8F
:1057700004FAFBE701F20C0E02FD02070CF5050D21
:10578000F602FDF5ECF1040402080216010DFEFF1D
:10579000F9000A01F70604E0F5FC1BFBE9F5FB0044
:1057A000030A031CEE01000403FA07020204FDDEF3
:1057B000040A0E08DDF6030700FEFCF405F0FB0A00
:1057C000F7F9F6080C0305090305E4042D100A098E
:1057D00000FB04E401EF05F400F8F7F504FBF81D05
:1057E000130608F5F4FC1007030AF3E6F9FBFFF4CF
:1057F000FA01FAFBFAEDF910EFF8ED00E6FB00FB19
:1058000007060301FEF7FF0700FFFAF9010C01FA92
:1058100004EFF819ECF7EB0106F509EDFB06FE01C4
:10582000FEEA01F2F2FD0AD704E3DF25E211F60AEF
:1058300002FFF408FF1D0814F6010311F104F5033B
:10584000F9ECF302F6F60507F30F07FEFCFCFF1177
:105850000409041CE60EF607F900F7F20915F9062B
:10586000F405FDFAFF020C0EFF0A1009F8FBF3F035
:10587000ED0212ED07F8FB02FC0D05E001FD041935
:1058800001020C0A07FD16F4070C0909EDDAFC0207
:10589000FCF4031E04FA06D70BFFFF15F401F9DB35
:1058A000F70ED607EBFDF207F30EF80CFDFB08F23E
:1058B000EEFE130F061401E3010CEB080502F80DD0
:1058C000F80AEFE4FF33063303F7FEF7FE01DE02CA
:1058D00011EF0AF4E91BF701070B05FFFB140A1E81
:1058E00004F0051FEEFBFEEF130337F710EA10EC90
:1058F0000508FE0B00F009201309F6E803F6072659
:10590000F63621EDF6F2F804FEFF01160400041449
:1059100014FFF9EFF1F0E4EEF92F26E3EB0E0402A9
:10592000030F001803F10609FEF7FBFF03FEF2F870
:1059300006140200ECF3FEF60202FC03FCE504FD93
:10594000EDFB0214F300FCEBFD09FEF25A22ED021E
:10595000FA0301F0F90A17F60504F80303FBF9222C
:10596000F8F616F92E0D0903070900E6021B1305C8
:1059700001010CFBF2FAED1504E40006F4FF0DEE54
:10598000F1F803FDFDF60011FCFC110CEC070CF323
:1059900014D0EC0FEDF40605F9EE0E0EF70A01FC3B
:1059A000F80A0AF9F6FF19FFF1F7CF18110FF6FE02
:1059B00003F60700FBF9E1F5F90BFC130BFCFAFC0D
:1059C000FB0EF015FEED090DFF04FE0A040D11FE9D
:1059D000FC0DF3FD00FF0A0CEBF2ECE6030014F9FA
:1059E000F616FEDEF2E50AF5ECF9FBF8FD0DFBFF1D
:1059F000EDF6EF07F40412EDF1050706FE0CFE19B3
:105A00000804FBF8F9FD0CEBEFFD00FF00001206A7
:105A10000306010000ED10F713F30A1A09F5010B54
:105A2000F116EDECEF19E70A0308F0FBFFF01CF6A6
:105A300016070106F502F400F501DDFA00DB17F99F
:105A40000E15F9F40C161E131AFA07FD0009F00BD7
:105A5000FDFE13022C14FCFC09FD04F7F324F81DD1
:105A600003030B0400F5F6ECE1E3F7F20BFFF7EBB1
:105A7000FEEFFAF8F61013E7FE0103FAEDF01E034D
:105A8000FCEFE7FB050EFBFD08FA09F50317110D06
:105A9000100F0EF9F90A00F8FDE9C9FEF717F1FB3E
:105AA000ED0A040DFE05FF1306F7FEF4F80800DE0C
:105AB0001306FBEB0900000103F6FDFA07040200E0
:105AC000FAF2F71CFCFBFCDBE6EDF9D1F529F5F663
:105AD000F7FE06F2EE11FBFD090AFBFA010C1CC7EA
:105AE0000509D3F91CDC02F7EE08FEF2FED409EB3F
:105AF00000FD0DFD08F8E6D9E7F1F4F028E2090809
:105B0000FC0DEFE702E8FF180106F9EF000610F5BB
:105B100019E7FDE5D8E9FEF20906F9F9F9E6FD0312
:105B2000FCF010F8FD002300FCFAEF1DFBDEFD0188
:105B3000F2F9010AF6DDFCFBF70508ED000102F5BC
:105B400003F314F0E7E3EFE805EEFB06F9030312B5
:105B5000F7F1FC0413FAF00F04151001C20DE8F779
:105B600002E6051B1109F804EC0A060B1B16190EB8
:105B70002C1218FF0BF8E404F9FDF7030A0501E104
:105B8000FF0C0DFB0C0601EA08F3EFFA141403FFF7
:105B9000EBF7FAEAF5F4F32904F7F10B02EE111D25
:105BA000F9EB3B04F11D25090EF1060103F4FA1887
:105BB000CE0607000902FF1FFFCAFCFFE9E9030E3A
:105BC00000F6000E01F5FAD2FAFE06100F0D2200C3
:105BD00005C9FB17F4E2F80301FA13E5F7E9FFEB57
:105BE000F10CFDF01C0D0323E6F3ED1B0040071044
:105BF000F1FD0BE40009F5F3E1F2F422EFFBF711FC
:105C0000EBC5400F18081C0209FC0BF1FC0CF30655
:105C1000E902F9270814001CF0CFDE3911E2F8F58B
:105C200002FFFAECFA0DFC03F20EEC0902090E1762
:105C3000F7DDF111FB02FAFE07FCEEF7FBF3FEF4D1
:105C4000F222F9F201E80B0BF50C26FEE805F5024D
:105C500003F9F7DBFD2CFDFFFFFCF213EAFF1FEE5B
:105C600004E1F913DE08FF080EF7000CFE16F1EC54
:105C7000DA0FFC0719201AF6F5F3D128EB05E1013C
:105C8000000A000900E801E30701F6EA29F2EFFA49
:105C9000FB3008171C29FBEBF20308F6FDF5F7199A
:105CA0000B0BFB19FBFEE1000E4842D51317F9065A
:105CB000FA0014FDF8200F06FDFCFE05EE0A14059F
:105CC000E9D7E115F909060DFB0207F9FF0404FE07
:105CD000F30800030D0C0012FAE0D4FB08190905C3
:105CE000010C07000E08FBF00701F4F40A131B0572
:105CF000E9DCFB06F2D90606F70803F9FD0BFBF316
:105D0000F9EC00FCF70DF3F8F2EDEFFCFEFD150ADF
:105D1000090F00F7FFFFFAF112080502080910F752
:105D2000F510DA11EEBA00EE0A1003F5FCFAF5FEF2
:105D3000F80D05F40402F2E40437FB00F509140B36
:105D400006FDFA05F9FFFF0EEDFB0ADFF3010BFE7E
:105D50000CE5DEF308C907FF02FBFD0CFF06FA00A5
:105D6000F0F0FAEE120413CD14D9EEFC07EFFBFBB2
:105D7000050EFC20FDF0F823000604EA0F03F604EC
:105D80000A3804F7D5E90B020701FAF308D60E0426
:105D90000AF6F802FCE6E2DA2A2444F1FD0A0F02D0
:105DA000FDDE0200FA130613E709FBFBEBFB1815F7
:105DB000F9ECEDF5FE0BFAF8FCF702F900EC14FE35
:105DC00000030BFA12FAF9DC100E2035E9EBEAFFBA
:105DD0000409030C0A0E022D0C01FDF2EE03040F60
:105DE00004F51400F5F909F8F305FBF3ECEDF5E51E
:105DF000FCF5130DEF000718DB0506FDEE090C0B93
:105E000016F6031801F600E7E900070E05FB18F483
:105E1000D9EAD2F21FFCEB02FAFB0B1700E0FEF509
:105E2000F0FB010B1E0301F9EA0403F9EFB1FFF5E2
:105E300003EC05F307FBFCE4F400FBF5030F0003A0
:105E4000FAE0F903DDEB10FCFCF30FEFFFF2F1CF0A
:105E5000E40B01D40C0529000DD5EF17E0D6F9139A
:105E6000FA00FB030121000BE10001DF140B18F223
:105E7000F3DBEF1C0509EC0703FBF9FF0A0EFDFC41
:105E8000E50AFCE8130B01F1F1DC110F0CF5020837
:105E900000F209EE00FC03F5F1FAF7F50207210024
:105EA00005E9DF151ADA07F005F606D5FDF9E7EF83
:105EB000E809F2F217F1191619E7070F08CAFE03ED
:105EC000FBFB03F70400F9F0FA0EE5F605FEF0140B
:105ED00000FAD90F0CF71106000702E50BE2FEF3FA
:105EE0000CF3F3FC0EF9EE08F916FBF1FEFCFB05D2
:105EF0000209FB0A0701FB00F9FEEDFB05011DDFAE
:105F00000C10DE04F915F712FA06FF080000021162
:105F10001700030B08F510F3073015070114F40AF6
:105F2000F8F9FF18FCEBFA0D16000608EFF1ED107A
:105F3000031FF904FC0D06FB0A0BF7F001F6FE2126
:105F40001AF40115FB0A0708212D0ACDFCE1F7F729
:105F5000FF0DFC0507F604F202F804F8040514F638
:105F6000F5011102D7ED11FE01110409F3F7FC024E
:105F70000A05FFF5F80702F4E7100416EAF307072D
:105F8000FA02011A040C03F6F3080B0DD6F4FAFD1D
:105F9000F0F911F9EAFF02F8F802FDF801FC100629
:105FA000FAF40B0207130900F6FF260BDAE61202D9
:105FB000FBFAFE1C020AF9E5FF07FE000E0925EDBB
:105FC000F8F5C2FED708F80506FEFDED06F106E875
:105FD000190504F9F905EA00F71B0511F624FAFA88
:105FE000FF0FF8F507F0FB030C02FDFC04FFE8FBD4
:105FF000F815290B031CF8FDF6FEF2070500FC0658
:10600000F602F1FCF3F1DBE1E00031F2E9DB130A27
:10601000FEF60914FA0904FCFDFE04EC010B1EEF68
:106020000613E2FCD3EEE7F4030001F7F8E111EC0C
:106030000BFA01F7FC0DF2F608FF00F5EFEDE903AE
:10604000F9FEFF180AC906F61BFF072E0AFA00160A
:10605000F80FFE0DD9D0FE1202FFFD06FDCD03F3B1
:1060600005FA0129000E0908041128EDFAF10200D1
:106070000406F20403F010070D05F1E5FB0BF30035
:106080000AF92A0405F607F9F001FCF301DD050819
:10609000F3F80CF4FCF0F8FD0B110B03FEED050911
:1060A00007F305F8F9E1FDF1060CFF0106051F07EE
:1060B000EF10EE03E2F1FD0400FB070313F2F4E737
:1060C00008F604EC1502151B0EF8F2FBF3E4EDF8EC
:1060D000FB0402F3FEE5F90609FAFD15FBF3E4F70C
:1060E000F4FA0FFA060A0202050209E907FAFB02AE
:1060F000F40103FF02F5FC0F0E000008F500040197
:1061000003E8FDE10818FEF90C090201FCFA021986
:106110000DF7EF10040F0B06F2F206F3FE0F040D5D
:10612000FD0200FF01030B0403F0FE0B0DBAF5F5B1
:10613000F603FEE1F6D402EEEDFB04EEF8F4DBD854
:10614000EDEB1FFA1305F50AFF09F60E10FD10FF1F
:10615000FD09FBDCF8F309D8FCE007FFEEE005F6EB
:10616000F7FCF50CFD10F9FFFAFA07EEF6FDFDE776
:1061700010DB07F7EBF00CFB00F0F7090B02010F47
:106180000815FFEF00E916DA04F3DB0FFB071F0029
:1061900000F0F9E2F2EA0910F914FFFBFEEAE00868
:1061A000F9ECF7F20ADCFFFE0BFEFE0DFE0A0B1007
:1061B000FD10F506F20411FAE4FE1EF408ECFFF8F7
:1061C000F90EFD2F08E7F604FCFDEE160801DEE5EA
:1061D000F5340CF3BFFBF1FBF91203F5FFF6FE00FB
:1061E000F5F9FDF4EAEBEFE5DBFEF0FEF80A031843
:1061F000F90408F601BB12F6F5FAF8FEF700CA52E8
:106200001606E7F608EFEC03FD06FFEC00EBF9E6F7
:1062100007ED060401010C2908F50BE9E2DFFEF3A6
:10622000F9F7030AFFF3F7F00E060A06ECEBFEE9B6
:10623000EB02EFEAEB06F3020B0009FDF8FBFF139C
:106240000304000404240DFF2FF2EB02FB100505EC
:10625000FF07032806E60FFDEEF8070AFBFAFAF936
:10626000FD24FCFBE9FCFE05F2F5EFF9FE15000E3E
:106270000CF6FA14F40B0A1A13E9E9FD1D020BFCE3
:10628000F8050AF1FE290204E4FA0A0203FF0C17DA
:10629000F6DC10FEEAF7F4FA05F502E0140605EB69
:1062A000EFF7FEDEF7F5FC02EBEA032B05F0F90D44
:1062B000F9F405EAFA0B03F5F7FDFFECFBF603F43E
:1062C000EDC6EA0EE01318FC0B03F9F109FCF31418
:1062D000FB1A0BCE01FE1BF0FDCFDAF0212E030BD3
:1062E000FAF9FCE40B0EFF04F10202D1F80B0A09E3
:1062F000E605DF02FBD9FB09F008EFED06FD1015FE
:10630000F90B04DCF80CED08F700E501E817FF07CE
:1063100000F00804030DFDE4ED10F70510FBF3F0A9
:106320000AFBCC0B01F9F1EAFC1A0B1FFFDFF1D4D9
:10633000F30102F801FBF8F30833FE0300F215FE47
:106340000DFAF8EB05FA0724F0E9FCD3FEFAEAF9B6
:1063500028E9F2EC0DFCF7FEF9F901EA0507F7FC74
:10636000F1F0F6F5FF0513E32CF3E7FDF3E20CFF84
:106370001124062BF8F1042C1000FCE402F9EAE8E1
:106380000D460EEAD50BDB01FF02FE1BFBE1FC0B09
:106390001AFFF5FFE9F7D8E925392BE8E3F1000604
:1063A000F2E808FE1203FE17F1F5031AE3FB07E912
:1063B0000CEAF1E6F805FA01FBF0F900020800FF2B
:1063C000F0FA03F9FDFE0FD70BE71F37F5E5FF0ADB
:1063D000FBF405FAFC050CF6EFFB0FEBF1FFF506FD
:1063E000F4D81F0DD9F603EE0CF4FEE2FC150BF207
:1063F000F1F1190B011520F6DBD6EF21DCF7F00ADD
:10640000FBFB0B0503F8F4E6EF0A10F9FD0112FEA1
:10641000CFE3FB18E1FDE1F901FA01320CEAFDF3EB
:10642000F506FDF61509F0FBD418151FE916020C48
:1064300008FC03FEFF2EF6EBFF091005EB06111218
:10644000FFF5BBFC2F130517ED09F9EF03F0FEFF75
:10645000FF12F3FA1011FDFFF505130007FB040509
:106460000DFFFFEA0205FB11DC1AF2F602FC03FC49
:10647000020710EF0F17F80B01020A03F8FEF414DD
:10648000EC09FBE7FC031300FAFB1EF6E9E8FE0447
:106490000D0E032BFCF90A031F00010B181F01EB63
:1064A000094BDDF5FE050E06FA1701FC09DA09FCB9
:1064B00007FE07020D01F6EE243503E00A16060E6C
:1064C0000B0900F500F3FE10F9F2FA20F0E7FF27C0
:1064D00021EB16EDF50E08FAFE05F806F50BF7F9B7
:1064E000FEFF0829FE060BE50D1B11F804FAFC055A
:1064F000FD0BF622FAEF0C0F240113F9FDEA09EF68
:10650000F5FF32F4D8F70A040A15F9F40000F6137F
:1065100012EFF814F4EDE800EE25FFF6DAFEF70DC1
:10652000080C0109F70108210C03FD19FAF508FA16
:10653000140BFE05FD04F4F3FD0B101BFA1107000C
:1065400000F80AFC121401EDEE003BF4F00603FE25
:10655000FDFD070A051CF7E6FEFA17FDF2FE09E34A
:10656000E8F3C2F8E9F600FFF80405F00AFF05F7C2
:10657000E8F9FAE90F120E07FCDDC51CFF00F10176
:10658000F7EF0304FCED01CBF9F0F70F090A02FC69
:10659000F0C7F906DD04FD01F7F403FE10E1F7F1A1
:1065A000F5FF0DF5110CEC02E405FA0DD51D0608FA
:1065B0000011041EFC0D06F80505031DFAFF030576
:1065C0000708FB05FB281109F6030707100B050652
:1065D00022F7F8220401E316F52A1405142DFC16FF
:1065E000FF050002FDE9FEFD10EE00FF0100E9FAE3
:1065F00014210E02DF2CDE0102F8FE0D01F90DF46C
:1066000004F20B05FE0204ED0D10EBE905EE02FAB3
:106610000F080809EF0AFBF606F90105090B310F0F
:10662000FE06E5FDF3EFFB00FDF9000402030DF3A8
:10663000FAFD040DF609F6FAF8DFEDF9F4B402F408
:1066400002F2FF1706F5FDE4F706080CF70511E75F
:10665000E9F2F70BF9DEF4FC0101FF1C03FBF31375
:10666000F4090EF60D1A0608DFFEFBFB09F8FE051D
:1066700000F005F4F42FFEF9D30102FE05141714FF
:10668000FFE5E0123B0205090A0C12E1FA060804D4
:10669000F609F8E00208FA0700D5D6190FFAF9F161
:1066A0000C0105CEF91000F0F00C06EB13120903F3
:1066B000E9FE14151E020005080CF800FD0CFA0D89
:1066C000F90FFBF10EFB02F8F9F403FEF309F401F4
:1066D000F6F80303FE2DF9E5E614F4090E0515DFBF
:1066E000FDD6A805E7E9F60CF7FCFDFA05D5021181
:1066F000F009F41515FFEBD810E7D311050B06F9D7
:1067000002FAFFE409EAFEEF120DE8080AF1001CA4
:1067100016F00EE51D2210F3FD0DFFF1F720030A20
:106720000606F00CFDFEEB0EF42610FCE9020FFA53
:10673000FC0706110702FEE2040909F10AFF0EF840
:10674000FBFBC5051AF8F9F804F9FADE0A0C06EFA6
:106750000F08FEE80F080916F70AF10CE9260105F3
:10676000F8FBF8F6FFFA02FB0808050D00F8DF0752
:10677000D7053513022EFFF30FF7F708F5FA03FCE0
:10678000EE000B0500ECD6F3E60F3110F0E605F74E
:10679000FEFD060A0B130508EB05FBE708011EF2D8
:1067A00014FBC808FC0CF400F9FA01E902F416F134
:1067B000031300091AFD20FC08EEF702F618ED0796
:1067C00009070512FBBF0AEB29010A2FFEF1F2F9B6
:1067D000DF0E1501E1DEFC0C000BF62403BE06EC17
:1067E00004FCF433080DFC1EEE2524E202EA02123A
:1067F00005F803100BEAFFF1F901F7F21313FCEBB4
:1068000019F60708F1F8060101F50AF6FCE303059D
:10681000F7FAF4FFF8001704FE00E90D05E3F2FEB5
:1068200001FD040813D3FAEC0D0DFFFC11F232F850
:10683000EA130316DBE7FDFAF4F5020CF80C00FF8F
:106840000C0720FC06141E10F0E9DDDFD700F3046E
:106850000109110CFCEAFB0A06F0130802F9E8FF33
:10686000F7FFFDFE0E071413060505FFF6040405E9
:1068700009F103EF1003EB1C1210EB0FF8FB0DFBFB
:1068800008F30AEAF6180AEF08F9FF0EEBF20A130A
:106890000DF70904FE0207F708F6FEDC081E030CDC
:1068A000EBFBF1F30C170EFF11D514EAFA1B1BFDDD
:1068B000FA04FD0A00D8F1FB06F2080914F7F01FEC
:1068C000244B11DEC1C11808F4EE092902F2F1FED1
:1068D000D9EBFBF41E0C3A292E1911FAC6F102135A
:1068E00006EE030F0B1C0205D60B03F221012B0F42
:1068F0000DECE2DFF802E20507F4FCF6081903F2FA
:10690000E7190BFC18202015F6DBF40209FC0FF444
:10691000FBF5F806FAF3F903F8FA0008FC042A1A62
:106920000DEF2009052A130EFEE10B0B07FE0914DB
:10693000F60F19EA14051EFB250C08F6F119F2F6FC
:10694000FEE8100EFCF9F5E8F1FF01E419FF20F76D
:10695000FA0BFB221012F7F4FFFD03FF0915F400F8
:106960000300E4031307E2F3F70CE9F404FEFCF67A
:10697000FDFC01EDFA0BF802E70E0C0FF91205E22F
:1069800006DB1006EAF9FDF7F105F517F8F2FBFE54
:106990000A050401F8F5FCF4FD18F12F05F6F307DC
:1069A00000FAF302F9FDFF0302F5EEF310F21DF613
:1069B000FD00F9F9DD07FE09FE000CFB011BFC1BC5
:1069C00012FB07F904ECE7DD122A2705C6F4F4F4FC
:1069D000FC040BF202F40AFBFBF5F80DECFD1D15AF
:1069E000E4BD13F9CFFFF1FBFBEFFA05FCF9EDDC99
:1069F000FC05FD0E080C12F6CDD2DE21F8F2EDF802
:106A000003F5F811FF0C05CEEFF906F6FC0114F9B9
:106A1000C8E5B3F7E9F3EFF7020B03E6FAF109E48F
:106A200002F7EEF9090504F8D2ED0010E9F8F8F7DD
:106A3000FDF90BF2F8FD04F8FDF3FAEEFEF30206A1
:106A4000070F0CFE3009FFFEFE03F41201E0FF0504
:106A5000FD010AF3F509F1E909060903131E05040E
:106A600009FE021108150207FF0002EEFAFF1806E0
:106A700011FDF607F8DEF90401F70D01F70803F63A
:106A8000F70000EBF9070B0F06F0E610EAD4F2026C
:106A900004F7FAFF050FFA0203FDFB0FFB00F6EF08
:106AA00003E61AF619F8F8FDFA000806021002F8D3
:106AB000EF0AF7080BF9090308FB1C0E0904F30B96
:106AC00000F20A07FE1200FCEBFAFDFA0E091301B0
:106AD0000AE5F10BE902F9FB01E9FE09FBF5FDF31B
:106AE000FCEAF7EBFFFC02010EFAE20FF8E3F8F91B
:106AF00007F2FD09FDF9FB1A03FAFFEB05F8FFDCCD
:106B0000F31D0A06DBF1F80504FDFF19F40DF30A85
:106B10000404FAF801F7F2F9061F0E08FD040F0548
:106B20000502FE09020D020CDEFBF0E9F1F815E8A2
:106B30000FECFFF3F9F306F7F6FE00F504140E056B
:106B4000F0FAFDE7FFFF15F30FE3F241030403FE44
:106B5000FFFD06CB030D05F0F7F406E9FB03ED425C
:106B6000FED21EF8E41607FDF5F809E1050805FE5A
:106B700004FD0806F3FE2D0AE2EBFBFFEA02F00338
:106B800003F401020522E8F7F2F60305F90704EE23
:106B9000DAE8D716DBF8EAFDFDEFF60BF9F0FFF4C3
:106BA00005F4F4F212F516EBC8EEED1DDFF501F970
:106BB000F80AF4F2FDED03F807FB02F414080402EE
:106BC0000B1000EFEAD5040406F7FEEFFDF70F15F2
:106BD0000203EFF00803F61EFF2200FF12220DFC55
:106BE00001FD080FFAF6071405F70AE9010A030A7E
:106BF000F420EFFFF9080200FFFE09F3FC050CEE9C
:106C000001F706F90901FD190803ED0C0B0B00F85B
:106C10000BFD0BF106FB012702020DF7F60B13012A
:106C20000AE21803EA1308F3F4F60AF3F402F20393
:106C3000090602010B100FF0F8F20DFDFA43F801FE
:106C400008EEFE0C0108F7EB0BFBFC1CFBF909013D
:106C5000E90C06161524FBFF06FC08F1FCF008F20F
:106C6000FF080408FD0EF712F0F9FAE5F40708F73B
:106C700001FAFDF902040401EDFFFD03F30BF8F046
:106C8000F5EA12080D0C00F20B02FFED03F002F61C
:106C9000FBF6F5FCF6EE21E3F7F9D8130207FF0146
:106CA0000BEFFD030206011C07FBFFF51305F8F4CB
:106CB000F7F9E31CE005020005F9FA01F409FBFD10
:106CC00012020C0100F70FF7020205F1F2FBFB08BC
:106CD000FEFEFDEE07F000F105080106FEFDED0BDE
:106CE000F9CDF01003FBF601FDE6F8E6F4FAF4DF67
:106CF0000708F900F1000CE7E8DCDB28F6ECF8FE09
:106D00000BF8050F0B0200DCFE07F8F3F41406FC89
:106D1000D9E4E80604F6E40908FF13FDF413FCF5D2
:106D200008F200010902F6F4DCEA001A20D4190A7C
:106D30000BF6F3F4F8F1FDF1EDFCFEE81302FD05AE
:106D40000B06FDF8DCB3170B07F9050A0710F8DD91
:106D5000DF0AEFDE1B0E321412EBF203E8C30BF86E
:106D6000F9F005F6FA0B04E9D807EDDC18271FFA4D
:106D700025D5D8F70CDDF1100601F5EE0D3402042F
:106D8000EFE9FCE30A141EE8FAC2E917F13300F652
:106D9000FFF00AF1F3240309F20104F9FF08F618E1
:106DA00013F6071111260C06F9EB0410F609F2FA96
:106DB000DCFFFBF308FF02F41700FB06F7EA04FF11
:106DC00002F509050AEDFDE3F604F8D80F0B0906F4
:106DD000F1E2E1F802F6EAEE0DFA0104010CF9FD28
:106DE000FA04F1ED1218FC02F90FCFF907FE0EFDBF
:106DF000F70606F80A00F202F403FB02EB00DAF6EB
:106E0000070A35F7C7EB1504FFFEEB1B0AEC02FA85
:106E1000020C05EAF3E918E6FC35F804CA0206029A
:106E2000FC01FFFDFD00F40DE907F4EA201B02FC64
:106E3000FB06E4E10207F8FF0A0EFFFF00F7F81B6C
:106E4000180A01F7F3EDEBFFF72919042B0B130DCB
:106E5000F40D06EA01F2F40AF2FD0803F9F5F00474
:106E600008FA17F90513F2FFFAE7FD030515F5EE29
:106E7000E906EE01FB09140BF3F4160EE2FFF7022C
:106E8000090CFC12FCEB06F201F5F90400070BEF0C
:106E90000810D0F2F5FDED030913000D02E9FA0B1D
:106EA0001307FA04F4FDFCF9FD100EF5C6EBEB0236
:106EB00005FBFEDDF7F80E06F0FC07DAF8E4FAFC55
:106EC000F5E6FA0C2A26E803050D02F404F20D2378
:106ED00012EE0206D8F0E601E714F503F419EEFD10
:106EE0000A0CF8240C02090E2CEEFC18EDF2D5F772
:106EF00016FE03FCF5E712FAFA140204FCF30B0188
:106F000009F0FE1DEAE219FA313CCD03F6D7E9F9A2
:106F1000F8F5FFEBFA15FFFBF8F6F61E01FCE8DCCE
:106F2000E7C8B7F906E1D50005081308EFFF01042B
:106F30001C0209361B0C04EECECBE3F0050CF8095D
:106F4000010A09270F3001F6040E0310131AF2D9B3
:106F5000DB0B1FFEE3DBFF021501FE2AFAF7060238
:106F60000DE603FCE5E527D228F8FC22ECE5170343
:106F700005EBF7D309D40AFB0C0AF5EC10F60A006E
:106F80000513E3FDF101EFFA15FF0929FD17E8FBF1
:106F9000E2EE06FF0108DED606E612EEDECF1B0BA0
:106FA000FBF2F220FAFDF7F0EC091CD0F7180BE821
:106FB000E0E8F0ECCEE105FB05DEFA14F9E8EFF3CA
:106FC00008F119E4021011EFEAD4DA0F3A000F0ABF
:106FD000110E040E16DF0BFA08F100F41606E62C6B
:106FE0001C292EE8210014FC0DED01C30616F7172D
:106FF000090304F808E109093B061CE9F40423FD30
:1070000007E70CE1F9260F0DF20404EB0214FF214F
:1070100007CFF807E6F0F5EF09EAF9E9010DF7FA0D
:10702000ED07EED40B0316F200C1DD3C01CA000CE3
:1070300011F40410F71DF803EF0D05EFF8F0F4F369
:10704000EAF322F80FDA070709F9FDF3070CFA1142
:10705000FDF8FBE11904FBE7EB0020040DC4060476
:10706000FB000A0AF50B0909F10003EF1CFE0AF305
:10707000EEF81515F1DC100201000F0604D703EA43
:10708000F60B0BE20F0DE324F6D104090E19FFFCF9
:1070900002FDFEFCFBEFFBFE07F9F709ECF507101C
:1070A000F2E812051F2AFBFEFCF3FBDF03FAEF05F3
:1070B000E701FEEF060E1323001CFC0D1137050C33
:1070C000070901D6FCD01101EBFB04200FFAF308ED
:1070D00009F408121F030DFE06F50BEA0BD2FDE1C1
:1070E0000903F013F9EE0D41F21B0526F70C030B13
:1070F000FCF5F500030AFFDBECFEF809F4FA16D103
:10710000F7DDD00FF511E60307F104E7FF1BFBEAFB
:10711000EC01F129180C11FCEBF5F51B150DEBFF3B
:10712000EA040DFC0602FDF3FB18FD2C06FEFFFB36
:107130000A0EF7021309000C01F901ED041404EA28
:1071400006F4FD0BF7ED2115F2FA031ED1F5030845
:1071500007FAF510020500F700010408020108E033
:10716000F7FDEB07D7DBF7031213FF1FFA0AFD0544
:10717000E702F9E0170601F9FD0CFD0004F6ECF852
:10718000EFFDF614F60B02FFF80801FD0AF102F11B
:107190001836EE0A211111FEFDFBFEFEF9ECF30795
:1071A0000A05F103FF030603053417E43012F6F76E
:1071B000FEFE04F7FC0BF808FDFBFBE20C11F906E0
:1071C000FCF700091BEDF9FEF9E903F2F41DF7FEE7
:1071D0000DFCF9020DFA1B0104110F1503DC0B0B5A
:1071E00000FDFD010AFDF7EFF1F4F9F50808F30ED3
:1071F0000906020CF607FA0C0B00FA1BFFFCF9E873
:10720000F7F8F6FEFAFEE922FCECF318F9F7FFF7BF
:1072100008FBFAEA021503FAEB07F2FBFEF90AEDA6
:10722000FDDEFD1BF707EF02FCFD02FA0512FB0075
:10723000ED0400FB09010414F1D5EE1C16E504066B
:1072400004F2FA07FFE000ECFB0502F8101314F358
:1072500003FBFFE6FC0F150100FB071101DBFAE75A
:107260000702F3DEF905163CFA12DF08EBF3F70329
:10727000FEF4FBFE0DFEECEDE209FE02100608CA6C
:10728000F8E0C50323FEEF0909E80CF2F601FDF270
:10729000F2FCF7021408F1F4F9E1E9060CFFFDFB3A
:1072A00007F5FDE9FEF609DFF8FAFD0904F1070923
:1072B000E0F6F60B1E00FD070804F8F9F719FA0EC0
:1072C000060EF7F0EF020A1BFDF7EC0DFFE506FCDA
:1072D0000EF50512FD0005F7FB00FEF5070600ECB4
:1072E0000200E2FFF202EAFC04FDFA18020CFD0DB6
:1072F000EEFFFA05050AF50128100AE80A10FEFF5C
:10730000FC07FDF6EE150305E2FC00F112FCE202BB
:107310002B04350F100907F70200FFFFFA070823B7
:107320001816EC09FCFFEE0409FF48F3EE1103FE0A
:10733000FB06FE1B0211FDFB0C0304111007F716E0
:107340000C26F3F6ED0412F5010806FA05E505042E
:107350000102FE000811FA0E071832EEFC150506B0
:10736000F9FE0101021EFC06F710FDF208F91CF1FE
:107370000BEE00EE1020FA05FD000A0A0723030BAE
:10738000F403F4F011042CEBF0FDEEF4F5E3F60A4F
:107390000916F813031110FA1BFD09070F08F6FA76
:1073A0000438F7F4F62906FE00FEFD0901E6FFE6C3
:1073B0001208070FFC100FFD03180AE4FA04060276
:1073C00003FC0202000EF9F8FEFBFAF808F90AFACB
:1073D0000822FB0EFC24FA0202060615090DFFF135
:1073E000FAFEF2070201FACEE80A0205EFE407010D
:1073F0000205FE2A06FE0CF40AFD151BFDFFFFEE3A
:10740000FF29E5EDEFF4000802FA060103FD00F89C
:1074100001FB101D111608090013EA05E10BFD0917
:10742000FD06F9E80BEB020B090005F712F0020765
:107430001D190003FF05FB08FFFD0519FA03FE14E3
:107440001DFBFF0603F6FDF3102111D9E5F40E0B29
:107450000AFEFB10020A10EA0FFC07FDF0F814F117
:10746000ECF8D3F8DFEF0701F5F6FE100DED04F3AD
:107470000801F711FB1401E1F8FAB420E7F9FAFB6F
:10748000FC02F90102DC1AE21AFEFE01F6050A0D01
:10749000F6DFFEF4FFFDEF010109F9FAEE02FDF25D
:1074A0000AF50F0DFF0F07FC04F6FEEBE8E301F110
:1074B000FFFEF9FAF72BFA06EDF509F6FEF7FEFAEC
:1074C000EEC619F7D4E7F8F5F7FFF800F0FCFFDE99
:1074D0002006080EFDF3FAEAE7D3E4F8DBEAF8FA4F
:1074E000F50AFE1EF7D8050DF1001303FAFAFDF9AF
:1074F000F023ECFC00D7E4F2FDFCFD0706DBF8F816
:10750000EDF503EF190D0BE3FCECF3D115EDFE00E7
:1075100006FF13EC07E7F60F07FB03FBF001F60489
:10752000F2F923100ABE16F705F6F2D8EDE7FCFDD6
:10753000FDF9F9F1F9F9F81008EF19131EDF13FF3F
:10754000F8FA0BDCFFDD1903EEF700F0FCF919E6A1
:10755000FDBD141010DB0E03F602010606FCFAFB5B
:1075600003F50DFF09F608F3F2E70F1D04290A07DA
:10757000FD0000E0050DF90FF40001FDDC02FB1C2D
:1075800007C6E8FA2816F8000301F8C8080AFBFF46
:10759000FEFDFC080CE3F917EBF7F618290AFEF5D7
:1075A000FE01F9C6141204EFF702ECFEFE010F19FA
:1075B000FD040A114F18FBF40DF70AF0FE3707051A
:1075C000090302F1ECFD0DFEDADF0513DCFA01041C
:1075D00002FE030EFD19F1140209F21BE8FC19CD9D
:1075E000F5EEDA0712E6E5070302FFF900F1FCEA1F
:1075F000F801F8FD0803EAEF021BFD0528FB00F087
:10760000F6050907FA06F7E00204FEF613EAF31A94
:10761000FF2607DF33192AF4F10D0900FD03F4FBFF
:10762000071EEA12FA00D827F22A13C30CFCF5F75A
:10763000030A07FFF61CFCF2F7FEFEFF0AFF07072E
:10764000F0090201ED0F0908060800FD001E02FB0B
:1076500001F2FEF2FC03F7FEEA0AEA001E0301084B
:10766000FC0BFAF5F8F308F809F9F60701F8E2EA75
:10767000EF0BE10605FB0509FD04F31000E2FFFB3B
:10768000FC07F7FD0302F8190004F8FE101BFD07C4
:10769000FAF9F4FDFA0906FEFCF4F8040F03FBF80E
:1076A000FA09E7F70018FC0CFCF9F4ECFF0710F8F6
:1076B00013FA080A08FEFAFAF6F4EA060CFF0402C6
:1076C000040603F704F806060805FE0DEC0DFAF0B3
:1076D00001F605EF01100CEF01FFFF10010BFA0C92
:1076E0000D0E02FAF3020117050EF4FE02F6F9FC84
:1076F00001FC05FDF82603EBFD01FCFCFC0A1AE584
:10770000FBF9A9031817F60E03FFFCF6060A070497
:10771000FA1605E90D0DFDECF8F1EFFE0819F4007D
:107720000106FD0C00070704FC0501F1F4F9F5144E
:107730000D05180A05F90C02FA05FA00FB06030B01
:10774000090007000C1703FBEDF60AF808F5080816
:107750000000010DFC1303EBF105FDEB1B0B12D335
:10776000FF0DCDF733E809F9F709FCF9FEE00C0C41
:107770000AFDF8F80005F3E603FC1AE0100012F425
:1077800000050ADA00F10310FBFBFC040102E90D1D
:107790001DF12CD2040312040502FFEE01F304FFD5
:1077A000FBFF03F2FA07021104F3231619F5FD0794
:1077B000FC0510F40917FA03FDFEFFEE0C09F00BAF
:1077C000FCEBE90BFCECFBFDF9F4FBD20923F2E73F
:1077D000E0F308EB0501190BF6EBEC271DDF03FDC9
:1077E0000DFB0BEDFC15FEE8FBFBF9FFFC11F202B3
:1077F000E811F017FB00010A0DFA0618FB02FAE582
:10780000080101F50602E71D0100F60EFBD301F9A0
:10781000F9FD01E6F91EFEF3E402FDF3100107F5A0
:1078200004DCD3131822E601F7F201D5002BE9F4AA
:10783000EDF9EFFF15FD08FFF9CEF91B161B0A0045
:1078400008010B01F5EA04F2F600F204F70401E97D
:10785000E6090B07F6FA23080108FF2608E3F8ED0E
:1078600006F301F1020FF712F82AE2E600E7090B2E
:1078700005F70008F00CEDDEECF4FCE3270A0FDE60
:1078800002FABC0EFE02F90402F4F6FC08F104EF61
:10789000030DFDF1FFFA02EF02E1FE091B050A07E5
:1078A000FF0A06E4F90303FC0C0A01FFEE03070CD0
:1078B000E1110EF1070B06FD020202FFF811F7FFBE
:1078C00008FC040BFD03110708E1D3E9F6EF0803F8
:1078D0000D00072101E9F50101FA02EA110DFCE3AF
:1078E0000609FF07DFF4F605F7040D0107F8FC2091
:1078F0000F01FBFBFEFBFDFD10050AF2130AFEF56E
:10790000F909FFE0F70B02F8F811FCF8FCFF02FBA5
:1079100006FD12F311FF04FF0DFAFDEA031CFA0045
:10792000F70002F5FC02F9FD08EA0C07EE07FD007E
:1079300005FCFFEE00170209F8FA0AFDF70401142E
:10794000F1EB0410F635F6FBFB090CF7FFF4031816
:10795000030C090CE6EED30AEEF71B060C4AF4F60C
:107960000409FD0A04ED13FD140C0924E4EED5FE10
:10797000F93011EAE9E80A06F4FB0720FFD80CED1C
:107980000BF50A19EDF4090A2016CDEFF903FAF305
:10799000FB02FFEEFE0401EBF910F918FCF81305E9
:1079A000F2F6E605EF16EF020110FEF000FA0EDC2B
:1079B00010FE0514FC08E008E0101A011AD70901AE
:1079C0000409F415FE0C0306FF0A09FFF91115FA64
:1079D000FBE31CF5FCEE0F0100FC010F010CFF0B9B
:1079E00009F70CE101012EE721D9EB01FEFCF811AA
:1079F000FDFF02FE07F9F1FD100200FAFEFA04F2A3
:107A0000FC05E70E0807F6F3F001FCF906FFFF1787
:107A1000F807FFFCFA02F2FC16E315FAF9EE13FD83
:107A200003F501E8F71FE6F9E60902FDFDFDEDFCAF
:107A3000F2DBF60114FF0006070200FD061B02F54B
:107A4000E80AFBF5140F1FF6DDD3EF20E0F5FF0980
:107A50000A05F705F713FD08FC0406FFFEFE03E523
:107A600001FA01F8DE01F9F1F00101E6F9F406008E
:107A7000F106FF02FAF5FE000E0E07EF0606EB0810
:107A8000F603FEF0F90DF60AF0FCFC0115F8E1FE34
:107A9000FDF6120C080CFFFCFCFA0902FDF906F8D1
:107AA000F903F9F103FFF7FAFBEA051613EBE91501
:107AB000000406FBFBE402190A0E010AF402FBE4CF
:107AC0000A042BFE1530F50704F6FBF318FB001D26
:107AD00031020814ECE6E9F50EFAF6FB200919026A
:107AE000FE01F8FD0100000312EBFFFFEAF0DB06E8
:107AF000FE100BEEFD03F9FE08FE02F6FCEEF51C8F
:107B0000F3FEFFFCF4F9F900E9032EFCFB05F70294
:107B1000F9ECEE0EFC11F5FAF50B01FFE9EB01CBE8
:107B2000F6CF080D150DE4F80213FD15FC14F30F44
:107B3000F0EE080F00F916E3CFDAD21D0731F8FB9B
:107B40000303FF02F91AEF07FC1101010212EAF721
:107B5000FE06EE02F111FFF60CF209EEFDFC0C1828
:107B6000E8FB0611EAF114F91FFB13F9F3DC03F546
:107B70000605FDE207DA0610EE1209FAF1F206F840
:107B8000FCE81AFD0EF000FCFF0E01FF0015FD15CC
:107B9000E5F3F9F7F1FAD1D10A1914E900EC13066B
:107BA0000C0CFE2B0BE3F4FB07F8F711FDFD05E5CC
:107BB000FA19010CCFE71C0205F6F8F80CE1F7E31F
:107BC0000702FD1401F6F706F502E7F8440EDD02A0
:107BD000F1060EC209D90D0316FD040602E5F53FB4
:107BE000FFF753FE341F0B01090601EDF3E4FFE636
:107BF0001EFE17FBE7E9EA3FF0232EF417141DEFF2
:107C00000BF305CE071B0011FDFD1F05F701F5FC69
:107C100017F9EB0EDDECFD09FFF408FD0D15F31966
:107C200004F90AE8FEF916F305CFCE053F030CF67A
:107C3000F5FA07ECF9C81AFE09FA09F10C02F11D70
:107C400022103FE917F80C0605060C1AFBE7FF05A2
:107C5000E7EE06E6FEF5E921FFF221EAF9D6010793
:107C6000030303F701FFEC01F802FCF105FAF5FF4D
:107C70000EBFECFCFDD7F7EB1304FC00FD06060A73
:107C8000F0F7FD01F7F01003220BE110F5110507E5
:107C9000FBE9F80D09EAF024FD010209FAEF0EF103
:107CA000FFD1FA01144AEF0700060AFFF22C012364
:107CB000FF030C0FFAFFFE00F30DE308EC48EEECB7
:107CC000FB06F71B07080FF6200BFB0C13FBEDF070
:107CD000F32B100EF22001F2FB14FDE9F6E7F71981
:107CE000FE0EF11302EEDD03CC0B35F9FF06F0F1C9
:107CF000FD03F9E601E8FD15F402F20EFEECE53FA6
:107D000012FD2F1C23ED01F9F1FD030D02CEFBF353
:107D1000FDF00EF9F8FAF81EF5EA06F4E9D805FECA
:107D2000F5170B0BFFCA03F414E40E02EAEA02ECA7
:107D3000071925EFC2F5F813030311F30FFA000139
:107D400003FC0603F1FD09121203E6DD0603FCEB5A
:107D5000FF05FDFB04F10FF7F9F50F19E9EDF1222D
:107D6000EFC7160619FBFB03F8FCF7F1FE000FFA4C
:107D70001D0B0714F6F9D30C1FEAE60006FCF8FA0F
:107D8000FC00EFED0729FE13EE01011AE8070425B8
:107D9000FAF5EFFC16DB030107E001E4F909FDF851
:107DA000F6FC03F8E6F8F5F1EFC6E1F80EF905F791
:107DB00006FAEFE3071CF3E7DF0EFEE7F800FF111A
:107DC000E9E40D03F010FC020707000605E90D04C5
:107DD000F90410FAF0FE0A1AFCF0DFFCC8CF0A1111
:107DE000FC02FF2406E60606F6F10DF8EC0F12FD84
:107DF000130807EED1D1E605FDF9F832010AF9E7DB
:107E0000FEE9FDFEFF0B21F127E4AEDE0C1D0609A5
:107E1000FE08F1D30205F1E40206FCF6FFFEF90DBF
:107E2000F8F5F7121DE709FBF401F8F2030C04EE74
:107E300003F7F606FCFEDEEAFF0E09EF04B22505A5
:107E4000FD02FFF207F512F5F0FBFED8F20C26F169
:107E500009CA07FBFEBA010112E90223031FFF0151
:107E6000F6F8FEDB1C1625EC19E4DAF4F210020138
:107E7000F60E0200000F0A0700FAFD05F1010717D0
:107E8000F3FAF5F8270DFF0BFF08FFDAFBFDF60606
:107E9000030AFB1005F7DBF0101134EA180125FE88
:107EA00009F0F9F202190C0DF3F9F9E8F50102EC09
:107EB000F104FD012403F9F803DFF6FCFC17F611C9
:107EC000E6F1F4D808FA0CD5FCDEF4F619F8F60859
:107ED000030C081EFF0DF212F2FA08FD000800EB79
:107EE00010110909E70B040BFD09FFE501EE001174
:107EF000E80EF8FE09F8DB23200F30ED0F260BFC0F
:107F00000808FAEB0D1D07EEF6F900FEF7FAF80A7D
:107F10000426E1F6070FF1070B0D021DFDF20A1111
:107F20001105FA060E06E80DFC1CF5D82315FFFF17
:107F3000F9FD0ADAFC23F50AEF0AFFE7E9F0FB1383
:107F4000DCD9D61E4956E4F1FF0801EBFE0CFC1605
:107F50000518FCFDDBF9CFF8E7FBEB053E1B05013F
:107F6000F60906F5FE06061213F51417F4F9D110FA
:107F7000EFF0E2F8F6C908EAFB0107F9FEDF00FBC3
:107F8000F6ECF0F7EEEDDB1B10F7EEF3EBDEFF0B9C
:107F9000FFFAFFFCF7F003EC1C06F6FFF5F1E9D25F
:107FA000DE0FE201F5C7E0F7F71500EF09F409105D
:107FB0000F020001FE04D3E8D3102EEE06F00205F6
:107FC000F4FFFB19F30D0021F4080C04F7F500D6BB
:107FD0001DE00FE3F8D6FA0E07020114FCE5FDE1FF
:107FE000FFE511DDFFF22EF526D7D90AECE9FAFFFD
:107FF000F60A0800FBD60BF9060002EB1AF1F3E6CD
:1080000008230AE7EFF0FAF9FCFFFEE005EBFD01BB
:10801000F50D0FE3EF0AE5F41AD536CDE40A11FCAD
:1080200002F70329FD0DF704E1FDF0F7F1F8F0F296
:10803000F5E4F5E706F9FE01FFEBF400F700EFD2F7
:10804000DDF9F5E4170F1CE1FFD5F94202EDF1FC73
:1080500004F0FBFCF6031912230902FF1105F8FFD7
:10806000F6EB32FC0603ED04080001F8F6F202F329
:1080700009EC05F9EFFBE427EB0A25E505F4160208
:10808000FAFB0AEBFA08FBF7F3FFF6060D1217E707
:10809000F1EFC90D0109F1F5FBE70E3D02F2FEE635
:1080A00002FFFEE815EE19E9E803E008F8E3FFF93E
:1080B000FAF4FB1401F4F9F70F1302070002FCE2D3
:1080C0000A0203E500040507000C040C02FC0B1176
:1080D000F7F403EEFA0304EDFFF2FCFA2CECFDFEDC
:1080E000020301D1FC0C02F8FAEFFDFA07F9EFE008
:1080F000DFCBFC0D110F22EC030404D8061704108B
:10810000FB0DF706FBE7EC07F4FC1305DE010EF6AA
:10811000040907130CEAF610EF0511EEFBF506FD56
:1081200011F317F90504EAFCF902030EF815F5122C
:10813000050605FE0DEF15EA11EEE3040030F2FA34
:10814000FE0B05F40B28FA110A0EF025F405C6FA09
:10815000EB2AF51D1D350B14FC15FDE303F6032872
:108160000F09F23EE8F5BD0FE31F20E314F603000C
:10817000FF02FEEC09E304FC01EFF8F3060B1C2AF6
:10818000121303F0F0050C060F130B10F201F8F6B2
:108190000903F8E7F7FC1023F7FCF5F7EB0DEB0A02
:1081A000FE0F04180BCE10F533FF0313E702F1F5B1
:1081B0000627FA00DFF5030F0504F1F8FDEE0B00CA
:1081C000FBF00719EF120706240BC0DF1B1FFFF09F
:1081D00003FCF60906ECFBE701F10D060501E910C9
:1081E000F7FBFC013B040E08F2120502090500171B
:1081F0001FF405E9FFEAD60BFFFD00F00EED0FF4CA
:10820000090BFDE902240041F00111F5DF090D120F
:108210002DD91BD416E209FAFAF0F9F9F61BFEFD86
:10822000EDF8FCD9F30402F810BCE61AFBDF12FEED
:10823000F30406F3FFF1F9F0F003F8E80AFB110488
:10824000F501D61705F90204FC03FEFA072403F82A
:10825000020101E9080400FDF8F4FF01FD0DFD0134
:10826000011504F80F15FC0807FEF6EF090BF2EEF6
:10827000F2F6F9FA18D91A0204F9F0F7000D05011F
:10828000FD08FE10F0ED03E9F9FD0C14EA111C03E2
:1082900003FDF90E060A0BEC060EEB0606F7FFFFD0
:1082A00008FFE30EF521F6FFFCFDF90CFFF006F9DF
:1082B0001308F2060B0905FAFAF9EEEF05040101BD
:1082C000FD03F8EBEEFD07F5FA0A02010A1600F5C8
:1082D0000EFFFDFAF803FE0BFE05F2F3EB16EBFFC3
:1082E0000F0207F701FC0FFAF2FC060D00F212FA7A
:1082F00001F108F801FF05F60B040C00FCFA21FE61
:10830000FA02F309F7FCF1FC11050E13FD0202FC61
:10831000F902F4F8F001FFF4F9F4E8F1D8FCF010F8
:10832000FC0202090705020CF4FAF6EC0307FD0053
:1083300007FFEB02F7ECFC0E0700FF10FEFF0B053A
:10834000FA07F1FBFBFC0503FC09EA14DF170DFB40
:10835000FD0305EAF0F306F0EB0800F0F4F7FFEF99
:10836000FBF9EE04E7010205FBFC080BFD0A0EF029
:10837000F3F205E30208FFE3F20CE601F405010065
:10838000F005080B0ADC0003F1FBFEF1061906FA02
:108390001303FA07F2FD0404000701FA01ED09FFD7
:1083A000FAFA0EFDFD1118F916F5ECFBD808FBFCE6
:1083B0000AFCFBFA022BFE000705FB09E80724F183
:1083C000DFEEE910F321FF0E01FEFB06FB0502F3D1
:1083D0000312F607FC0323E9D7F3DE101D200A067B
:1083E000010B070309E90EE6FD0D070AF31110035F
:1083F00011DAEEE7E8C71005FFFBFB07F3010DF309
:1084000002000303FC14050901ECE6CC0ACB03F8D7
:108410000A07F1FDF7FFFFF6000905F80905072334
:10842000EE24E708DCCB00EBFF0E040402E80C01AD
:1084300021F5FEF8F1F2D3F2143019F6FE060D061E
:10844000030503FAFDF9050AFE0206E4E40C18F040
:1084500011E2E4EF1622F306F302FCF2F51BFE0F25
:10846000FB0607E52AFC38EC2BDE02F20316F108C6
:108470000708FAFBF422180B15F903F4F3FDF70FC4
:10848000EDF6E8FD1CFF04FB040B00DC05190A0AED
:10849000FB06FBF6F7FE0D09170603031BF4F705B1
:1084A000F5F9FFFE031AF70ED6F603F9EAFEEEF928
:1084B0000906F2EB23F5F100FD03FE08F8F40FF7CF
:1084C000EB06F4EA1FF706BCEE13363109FAFB039C
:1084D000F903020BFC2C051A0302FF050B1702E738
:1084E0000300E80B01F10B0EFD030AF609120A085E
:1084F000F9FFF9F0F7000FE9E60A1BF302F00706AF
:108500000CFD05FC03D1F8FEFD05FDF517090CEB8C
:10851000072DF2F217141406FA01FC3E0BE60205D1
:108520001811060DFDF5FC1D014B16DAE2D8FAFC18
:10853000FFF6F7FE030201F6F8F504E3FCFC0CF588
:10854000E9FF0001FBF8F206F4F8FE1504F8F70D58
:1085500002F7F9E0220305E9FF05050E00C7EB0E5F
:1085600004FBFFFAFF0B01F1E60101DC1B1306031C
:108570000ED9F91B07DC0B0105F3FEF006F6FAF83D
:10858000F103FEE91301F00DE9E60815FA030FF017
:10859000F1F906F002EDFBF6F6F5FDF9EE040DD962
:1085A00000E3110AFB0505FB0CFC0AF9FF19F4EDC9
:1085B000F104FEF7FBFE12FDEFD5F31E0D4C020594
:1085C00000F702E10B04F70B01F9FCFA14FDEBF7DD
:1085D00007EBE8041318F9FF0EF1FEDDFEF0F5E6F7
:1085E000FC07F6FCF6F11133F20DE628F50600F96A
:1085F00003F104F903FCEDFCF7FCF5FBF6F611FCC6
:10860000FBE6E10BEF12FE03FEFBFB07083100FC6B
:10861000EA04FB02F80F1E0B09E8E0FE0E00F3026D
:10862000EEFEFDF103E8EF05F70CF00F05FF04F097
:10863000F9F3100211FE13F6F0F500FFE81104FB48
:108640000509FB0BF2F50D0EF9ED1BFEFBFCFC0B17
:10865000FE02FBE9FD0BF500FCF9FF04FA0408F14A
:1086600008FAEEFBF7F30106FBFA081A0217F811F5
:10867000E708F7F812FD0AFE050810FAFC11EEF6FD
:10868000FC0D050EF4F8F614F704F9F60CF703F5F3
:10869000072B3421100F02FF0109F4F3FCF3F3FA66
:1086A000FE04F8FBFB0BF807100D24E916FEFE0292
:1086B00003F400F105E107F50303F7F903FCFF00FC
:1086C00004F1DF0AEEE40E0111F5F80B020EFCE8EE
:1086D000FD03061204FE0B0CF6FCC50DEAFC0403B8
:1086E000070C0F0C000CF7F70604F805FB0CF6302E
:1086F00003FFF10D073FEA05F9FF0807FAFCFB1439
:108700000504F21BFFFCFE0EF81826F80320080CE7
:10871000030401EDFBFD1BFE0808FCF80907060F2A
:10872000FAE8E6060B1811FB03F5FDF3081A02EA56
:10873000F707F1F2F9060F1EEFEEDE0701EF01FB7E
:108740000CFE040707FE050602F2F3FD0C1B11E701
:10875000F00524F6EDF7F6FD01F9FD1EF70606011A
:10876000FAF80117F80E0D0CE9FC151009040CFAC3
:1087700003FA03EC03F7FF01FC06FAFE051610ED01
:1087800000E7DD180BF50B02F5010E0507190B06C6
:10879000F4FD07FAF412F3F4F8E6F10405ECF8033B
:1087A00002F502E7F7080CEAF90405F001FEFDEB1B
:1087B0000DDA1909F7ECFEF80A0E04FC0317EF04B2
:1087C000F0FD06F6FC0911F5F5EAE91CFC020DF7CF
:1087D000E8080113FCFEF901EB01F912171416F574
:1087E000050FF7FE1200FE0406FAFE03F109020669
:1087F000FFFFF7EC0B0107FA2FF016F5FD090AF958
:10880000FEFC0FEB001401F8FDFFF5DF0807F7FC95
:108810003CD3200BF4EDF7FD0AF908F9FAF9EEF272
:10882000FBF8FDE7F2F116F4FCE0EC1DD7DB01FBF1
:1088300009F1F50CFE0A05F5FE0DF209F50A14F230
:10884000F506C7F8FF09FC0FF90AFCF704F90EEF6B
:10885000FE0BFD000205FE110407EB011C4003F8AE
:10886000030D02CC021A09F6F50802FB0A00E6FE27
:10887000CFFB0F0C0F1707FC060E06F0FF00071EBC
:108880000CFDFE08FFF0D5E0D81055EFFDCC02043A
:1088900005FC0318F7F70A05FBF303F1F8FD0104E3
:1088A000FE20EFF3F413FAF80207F60001F612FFC8
:1088B0001F0203F50009F511060CEAEFFE11020094
:1088C000F510FFEBFFED080D17FFF232F3FBF11A85
:1088D00003060CE50C3106F5001003EEFAF8F80A71
:1088E00014060C36F004E1ECE60738FC03FDFBEF60
:1088F0000D020705EF0DFCEE05F70601F5FF15F972
:1089000002F5F9F8D609F700F306F9F9060505109E
:10891000F20B03F1FA06E5EDF4FAD5E8EC0FECFF03
:10892000F703080DF7EF0B0D16030CFB030105040D
:10893000060600030EE8FF0503FB030C03D808F44A
:10894000FBFD04F600FAFB080A02F3E81A0AFF012D
:10895000FAF4FC0D0207FEF30FFD03F8FAF5FFF33E
:10896000FA0DE5F72BE8FB04FD1A080AFDFA1003DF
:1089700005F801E60D03DBEDF7FBFDF40AFB0EF352
:10898000FE00FCEC06F8080BFFFF0505EB0104FAFE
:1089900038E8ECF009F6F9FF0AFE0AF6FBF202F9F4
:1089A000F4F112FB01FE240012F7D1FF0DF0FF03DA
:1089B000070D020CFEFFF3F6F3FE0B08EEFA04E8D7
:1089C000FFF107F901DE0D030007051701F2F9F2C7
:1089D000FFEDF8FA0A00F4FD07F3F3EDC6D2FB0B46
:1089E000FDFC07F5FFEEF8F601F6FAE90AFA2711A1
:1089F000FEE304F5FFFC06F90600FB00021F0C185D
:108A0000F70BF7FD0AFA09F7F3FC02FB0D0A09055B
:108A100012FA09FEFC04FEF7F40207F1F804102133
:108A20000605F20207171503FFFEF709FEF9F80F16
:108A300006FB03F906FAE40E1F08F4ECF5F802054C
:108A400002FF03F7F8F8FB090EEC00F6F9EA031A47
:108A5000F905F6EF0DFFF1FF0604FDECFA0703EC54
:108A6000F20202180505F9F0E8F335F80B0905FCE8
:108A70000802F90301010307FBFB000B000D0102D3
:108A80000C000DF60E08FA0EFD0F060BF6EF0006B1
:108A900010F5FB0B01EBEAE707271402F70108FDCD
:108AA0001006F5F007F3FBFCF201F60105F8EBEB1D
:108AB000F4140401E50800FBFD0601F1FBE4020FDC
:108AC00000F2FCF6F606F7FA051C01ED0906F90DB1
:108AD0000910041106ECF6FF0DF9FF0EF9EF020B79
:108AE000FDFE30F700160003FE0402FAFA0C08FB44
:108AF000150108FF09FFF6000DE61C0DF5030A033A
:108B0000FDF906E3FB0AF30709F70617F4EF0AF28B
:108B1000FEFEE811FF10F404FFFF05F4F8F4F8FA84
:108B200000F6F30EF004FCF5D714FD02170B170A3C
:108B30000B0202F1F7F7FFEBF5F7FDFA2410012223
:108B400007F60E00D7FB13F603FBFA15FD0D001711
:108B5000FBFFFFFA0601FC14F806FFE6E6BD0E0275
:108B6000EEFC011506FE0100E2F203041B131BFBE1
:108B700016DC0301F3E3F40505FC050D020800F320
:108B8000050D0209070722E8E2FBF3EE2942010482
:108B900007FEFF04F8F2FA1F040EF21600040B1190
:108BA00009120EFA22F518FF10FEF612FDF1FB0075
:108BB000EBF50408F5FB1E15FB0C0FF2EB260FFC82
:108BC00001FFFAE5FC0205F2E80108FF0D000A10BA
:108BD00013DE09FE101800F6F9FC01F20A15081060
:108BE0000802021E0400E10AE306040F0119FD0D4C
:108BF000FFF7FBFAF703E9E1FD070510F4F7152489
:108C000007DC03161416FEF608FAFCF6FC33F9042A
:108C100001F8FC08F603F0FF00F6DF1B1EF7F4FF77
:108C200009F9F8F3FF01FE04F600F2010800F4FC74
:108C3000FEFCF7150FF60205F80B11FB0307F30115
:108C4000000B020101F302F2F90E34E7E906FD051B
:108C5000FF0605FBFF32F601F606FE02F30B2FECD2
:108C6000F202D004F4E3F20202FFFAFF08F405F284
:108C7000E8FDF7EA050BEAE8F7E5F7FEF70204F688
:108C80000A1A05F804E4FE04100300F3F1F40105E8
:108C9000052206F51B0901FD011007F6F70202F295
:108CA0000F06091CF9FB010D0B3727F713FA03FC1C
:108CB00003FD060201F9051208FF09FDF7000BEE9E
:108CC00000E81E01E3FAE708F2EBF81DFC1BF5F7DC
:108CD0000811FB06FF00DA16031C2AEEC7E0F2F5C6
:108CE000F600F007FCCEFEF805030E030C0FDD0CBA
:108CF0001514F5F5E9BADDFD040A011E0BEE05EBCE
:108D0000E4F4FCF70001D8FAED0AEE06040DFFF0DA
:108D1000FC0904D503140420F000EEE6F3F2F9F8A0
:108D2000FDB527122DFE0003ECF109180AF3FC052E
:108D3000F202F2F212F7E112FBF30A1B11ED1BF043
:108D40000FF7F40501D6FEE41AFAF7F4FEFDF1E59B
:108D5000F6E927DEDDA311F9FCF9F61B0DD00008BA
:108D6000FF020C060405141CF2FF18D607FD1004C0
:108D7000010006C204BEF3F1E80A0A0B0400E6197A
:108D8000FFEE05EFE616180B020405FA02E70B1DCD
:108D90000BEE0D1FE6E7F011F8FF01FD14F718F4D4
:108DA000FF0F02ED0CE6F7E2F3140610161B06089F
:108DB000F811E8FFF2FB02F5FB00FBF4F914FE02E8
:108DC000050B00DCE6F90D23F3F8FD08FE14F2E8CC
:108DD000F70900080BDEFE1E0409F814FE01D72B6C
:108DE000221B05EE0124F3FB07F301E0F507F80C65
:108DF000F50C09150109F9363DF426FCFD0D09F5C0
:108E0000FC0EFFEFF3FF060AFF050AF70BECEB0F72
:108E10004C3323F5012403FDFC01FCFFFF08041E75
:108E20000C04F4FAFAF40517323A1BCCDBFCFE0210
:108E3000FC09FAEEFD1F090CF7070303F5081A08F1
:108E400000F4FE12042EF6FFF60F0B00FB08FDF9EE
:108E5000F4110D1CE7FEECF2EFFCF6FA1709FBFD2E
:108E6000F11308F002F90B060703F907F100F908FE
:108E7000FA09FDF7F3E80B0B0102021405F0FBF70A
:108E800000FC0603F601F116F30CF9F4EBD102FF36
:108E900007FE090803FEFCF50509060807FCFEE8C5
:108EA000EE0CF2040AB0020BFB0AFF0A01EB07E723
:108EB00018FDFF040FFCE5EAEC2AFFED0EE41106B5
:108EC000060AFB0500160B11FC030AFAEB08030364
:108ED00014E3FAF30C1DFDFE01F4FA0F0709FE0D71
:108EE00005F509FF0205090024EBFDE70AFDF8017D
:108EF0000305F71004E0031422050CE70BF7E8075D
:108F0000062CFAFFE10B0405F8050707FB03020F27
:108F10002100FB02F702FDEF131C01EEEA13FD0630
:108F2000F9F7FB000017F813F6F70200EC02F9F36B
:108F300012EA09F708F9F9F6F401FF06F6FB0C004E
:108F4000F8F2FC08060000DAFBE90127F30FFCFD4C
:108F500001F807F4041E0DEE03F913F9F10CEB050B
:108F6000F8EAFEF5D8FD0AEFFDF503E6FB0702F986
:108F700004FE0F0BEB0A14FDE3F1E500EC02F01028
:108F8000F807FD1AFFFDFF0101FB0302040300EDDA
:108F9000E2D6F1F6E0F8E6FD02FB0B110208FBED6C
:108FA000FC04FBF20C020EEACD01FA1912FAFFFEE4
:108FB00000FE02FE00FCFE02FEFAFFFA04FE0303BE
:108FC000FDFF02FFFDFDFB04FE0102FB00FFFF02AF
:108FD0000100FE0604FF02FBFAFFFE04F4FE01FCA2
:108FE00002030502FFF7FC0105FF02050103FF0074
:108FF000FE01FE00FAFF03FF01040002FD0000FD78
:109000000408FA0200FCF803FCFDFFFBF9F304027C
:1090100004FBFEFE0001FE01FF0401040301FCFE4F
:10902000FFFE010108F4F4FFFDFCFE00FDFE01005F
:1090300001FEFE02FFFEFCFE01FBFEFC03FAFE0445
:10904000FFF7FFFFFEFCFE0301030302FEFEFC0030
:10905000FCFF04FF0007FF04FC0401F900FD01030D
:10906000FA0202FF04F902FD02FCFE000800FBFF09
:10907000FF0006FCFFFCFD0100FB01FAFD01FC0303
:10908000FFFFFA01F0FDFD0004FFFCFDFDFD03FA0A
:10909000FD03F7FC0003030000020400F6000000DB
:1090A00001FDFCFD040302FF01FCFC05FD00FF00C7
:1090B000FBF8FCFE04030403F902FF02FD020306B1
:1090C000FE010306F700FEFFFAFB03FBF809FC00B4
:1090D000FF02FF0101FFF9FE020200FAFAFDFE03A2
:1090E00003FEFB0003000202FBFD0105040300FF79
:1090F000000106FF00FD05FE00FF0301F804FFFA72
:10910000FE04FCFE00FD0001FEFC0203FBFCFF056B
:10911000FE04FFFA03FEFBFC05000300FC00F70160
:10912000020302FAFE0000FFFEFFFAFFCD02F5FF88
:10913000FC080C14FCF211FD1504F315F408F6E913
:109140000E1A0DE7E8E4EF0B0802080401F1FA112A
:109150001EFF1011F906F217FB262BFE1D350C1110
:10916000F906FA0AF1EF01E703E4FDF903FEF4FC66
:109170000426FCED0003FDFA07000AFB080AEEEDE9
:10918000FBFB00EF0D100E0B0AF6E5FD06B90DEB2B
:10919000F2F6000303050001EFFB1DFAF20B1C09B8
:1091A000FCFA17F6F8F20DFA04F404FA09FFFEFED1
:1091B000F8000811000C121207D5E201EFE6FF05D6
:1091C00008F60113F60EFBDD06FA1313F6F50F078A
:1091D00000EEF926ED0A0D0DF404FCF1FEFD00F1A0
:1091E000000E040F070CDE11060AFBF40E02F30B4F
:1091F00007F905F60F11F805F0F5FC060606F80369
:10920000E8EE170515FA17FF00070DEFFEF8F7F166
:1092100005F8FCFF0B090816F402CC2F0AFF05F62F
:10922000010907E4F1FC11FF080904EA16FDF12A1F
:10923000FCFAF00C1B0FFDFDFDFCF4FFF8FF09FA32
:1092400004FA0B02FBEDEEFE1F0413F5C40EFEFC48
:109250000D00EFDD0117FAED0BFC0009F1FB121117
:10926000F0C9E6F6D807060A0DF310EA0805FEF184
:109270000906F527050C1AD6E5E7C41EEFF9DE024C
:10928000F3FA070EF5F500EC18F8F00A05F3FA0FFB
:10929000CFE4F30E14F4EEF402FDF6F2F2F007EC74
:1092A00007F2FB2301FBF0EDDBF4231200BB0E0AF7
:1092B000F302FBFCFACB07E0E50505E505011BF62B
:1092C0000800F705D9C70AF600E7030605EF16D52B
:1092D000CF0801EA021B330E11E2FCE6BABEFA1512
:1092E000F900F619F8EAFCF7D8000CF1061F16058C
:1092F0001FD5F9F0F8DBD6FAFDF00E02071506F8D7
:10930000FEF905F316150DDA14D9E3F402F4090990
:109310000EF5F8FA01020DF7FBFDFCF9FCF81A3F17
:1093200011000102FEF20DF2FAFE01F007EA05F665
:10933000F7F4FCF713FCF8204416F6F5F0CB07041D
:10934000F8F7F9EE01F006CEF7ECF8E6F8F0110ABE
:1093500001F1DEF2F1CEFFFCF1FA00F6FD05FEF6BA
:10936000E8FE07F001F7FCD50D01DCED1802FB0D5E
:10937000100BF80C0013FF0FE80F142AF90BF2037F
:1093800008F0EEEF1606EF0BF21112FDFD000FF7DD
:109390002EF6F3190C01E7F20D1B0101FD0013F28B
:1093A0000104F80D12E4090B2004F3F5FCFA0E0792
:1093B000FB2CF2EBDE18E5FF0909080D0E0B030785
:1093C0001EFC04ED16F7EEE10A3F33D80CF6FEF66C
:1093D000F10807061204172007FF0504EE09FFF63F
:1093E0000BF62DFE070800FD000317EAFE03F3FD50
:1093F0000AEE09F3FF011407EAEE1F0DD8F3F6FB9E
:10940000FFFCFE0DFFFE06E30CF50213F3F50BF275
:10941000D0FAD21404F6FAF50715FF1700F9080A76
:1094200015F71221F70302F2E2190C01FD0B04FFFC
:10943000FBF903F80B2E0308F4FF02F5000E0709F1
:10944000FFE2E30520F1090105FE00E7FF26F80130
:10945000EA04FEFC030E0509F8F9F01833FE0400D7
:109460000406F6F20003F2EB0000F301000902FC2F
:10947000FFECE10C04FC0902040A061E020601FFCF
:10948000130903F40B05041F0208FE05F223F00381
:10949000FDFF0BF6081604EAFEFD04F2050E09E3D3
:1094A000FDE8BD022728F80AECF6F5D5001901E918
:1094B0000605FEF7120C09E5F8E3FE050DEC0700C2
:1094C0000007FBF201050908FB09FCF3ECF0F901C8
:1094D000FFFFF5FA0D10150C0404001F0B07FD0A21
:1094E00008FE04EA0D1900161106DBDCF5E602FBA6
:1094F0000302FF1A050BF7001AFDF2EA1F1BFFC05B
:10950000002DD002F60BF1000AFFFE0C03E90D045A
:109510001501F603FB04FAEF000E04E8160FED0147
:10952000010D06E2FE1F0419FB0504FAF506F5F528
:10953000F6FF02FD130D08FE0FF6FC0F0A14FA04E5
:10954000FA00F9FBFA0F04F308DAFDF5F2F212095A
:1095500003FE031F00F403FFFFFE05D80DFCFDF51D
:10956000021B00F2DF01F2FC06FD06080DFFFE04FF
:1095700006F8F70514FCE7F7F9220EDFF20BFF03FC
:10958000FF0611FC05F2FEFBF8FE030705140502B9
:10959000F4F6EAF509070AFB00F8FE0B0312F60CD5
:1095A000FCF709F30906F1F213F6031ED8191CF9AA
:1095B000FDFE02FDFFF20CEF0505FEFCFBFB11F2C8
:1095C000F608D0F9ECE70A1001FC040C000AF3E3FA
:1095D0000EFA02FE100D1AF1F7F8DD04F1D70304BC
:1095E000F90204DD05F303E7F50200EE13F70100CD
:1095F000F1EC11070631F6FFFE0C02F10A1D001F07
:109600001907F61DFE04DFDEF61B43070CE90BF914
:109610000509F2FBFFFB0BFCFDFBFB04160101FD42
:109620000512F300ECFB07000703050C01F70B0123
:1096300009060FF20AFB14100A0CDBFAE711070403
:1096400001070900FFFE090F15F5FB0E0408F20DD6
:10965000080A07FFF823FD09FC0C09E90609080DB3
:1096600004FD0D22F2FFED01ECF4330D05070AFDB8
:10967000F5FB07F9FF18090011FD02FBF6FE160DB8
:1096800002E10813F20D0CFF0BFD0D0BFC1A00029A
:10969000F70D03E6F80500F1F0F3EFF9FFF4F10838
:1096A000F9FD0209EDF00304F0F707EF180D03F7D9
:1096B000FFF90318E8F404FBFB0BFEFC00DEFDF2EF
:1096C000FD070AF4F508F00502FCEC060F0902FE9E
:1096D000F70504FEFE01F800FFFA0504FFFF06EBA4
:1096E000F309010223020BFB000BFE00000106053B
:1096F000040AFEF205FAF1DAF7F30BFB17FE09FB99
:10970000FD01FA1207FBFB1B05FD0DF2F5FD00F54F
:109710001BFDF515E8FDF002FEF903F4F7DE08F98C
:109720000DFC09FA04F710F415E8DA000D26F5F837
:1097300002041405F823F6EAFBF9FF16020FF120E4
:10974000F5E6F91036F00D050202010BF50C15F9DE
:10975000FD050A210001DCFCF00AF4FBE8DD0A0F3C
:10976000F704081A08010EF21F0012FBFBFDFDF4BE
:109770000A09DBF303030209F30405F1FCE9F8FB32
:10978000F0F804DE110B24EE16FFDCDC0F040C0CE9
:1097900009F900F6F01005F40A070CFC120EE007B8
:1097A000FD26ED02F60511F90208F8F7F5EF03E9D9
:1097B0000FFE01F3FDEAF2FAF213F402EBEE140FDE
:1097C00003FD06FA10FE0EFE01F4F0E3F40605F1C7
:1097D000FEF0EA03FFF808031006FAF6FD09030F8E
:1097E000030801040416FAFA100701FC0701F10945
:1097F000FFF6051BFA110EE707F40505F7060CF353
:10980000F711E0163304EB08F609FDF3FA1901E746
:10981000110CF40704050E23EC01E70A030CE70C16
:1098200002F803F1FB1209051FFAFEF8F4F6F20A3A
:10983000F704E4150704FB10FD0B010301E00CFA2B
:10984000020BFDF7FBF807010008FBDFE6EE080757
:10985000010E08060316F3EAFB11FFF003120ED106
:109860000AEAC60204DDF0F7FB08F71DEE05000D5D
:10987000100303F31007FADF01F9BDFF31FD090FF3
:10988000FA06EA12050201011C0000F42205F1F6B5
:10989000F014E8E91600211C030202FDFB1007E7A3
:1098A0000C0EFC07E606E31B133FEBBBF9C90B0DDF
:1098B000FAFD01F3FEFBFDF7FC0204E5100223E4D0
:1098C000F9E3C2020CBC0AFC0EF100F90213FFE638
:1098D000FBFFF8EF050421FFF5E5CF09010F08F6BE
:1098E00012FBFFEEFB20F40B0500FBF1170A1B1522
:1098F000E0F10F100121F8FD01FDF2F6FF12FC115D
:109900000602F6F80805E003C30A360BEAFC090074
:109910000AFD02F70CF5FFF9FC0CFFE7F6FA0AEC7A
:1099200005F5DE05240607FAFEFC08110506F6F02B
:10993000001602E319FE14FD1516EE1A0608F106CC
:1099400000FF0503F8F006FFF901FAF80904EB023D
:10995000FBF900FC14C5F90B02FEFAF00CD7FBEE84
:10996000FAFAEE060501090DF6FF1608FBEA0505F1
:109970000102FB11FDF7FEFE030707040A0AF5F7D3
:10998000061FF402CBF10307F401FCFD08E8FC0517
:10999000F90DEEE9EFF117000D1229F2E311F608C7
:1099A000FEFC0114FAEF03FDF7FCFF0D1002F3FFBC
:1099B00008F1EAEAE3FAF5F9FCF9FAEEF4EB05E965
:1099C000FFF8FDEBFF03111519FCEF320DFC05004C
:1099D000FBFE09F7FEF309160BFC03FC0203FF155F
:1099E00002FE0E04F0FD15F908EDFB0DFF0DFDFA6A
:1099F000FBF9090203091B29010A17FBF701F80407
:109A0000FF03FD1F0AFB00F9F505050D0FFD0CFA1C
:109A1000FC09F218E5E904070400F409FEE0FB057F
:109A2000EBFB02F807010BFD0208F8E4012C05FF2F
:109A300002FBF3EAF605FA070CF70008000F100C1A
:109A4000FB03EB14FE0B0FF901F9FAEEF70402F138
:109A5000F403F909FE0411091005F5FCDCF808F718
:109A600000FF010FF7FE0EF2EA000016EC070703F5
:109A70001104FAF8DEDAECF8FFF50517F9F5FEF057
:109A800005EDFF03FF02F8FF13EADFF5F7190609FA
:109A9000000E08F5FAFEFCF3FD0105EF0E080C0DB3
:109AA000ED0ED604FCCB14F301F8F2F5FE0800FA33
:109AB000FD03F8F41120F6FDF7FAF7E9F8CA0F0BE9
:109AC000FFF0F01FFDE605FCF8FD10EBFF002002A3
:109AD000FED7F804E5BCFD0D01FA0933FC0603E7E7
:109AE000F3F609DC1D1826F903DBD41306F7FE0490
:109AF000FB0C000E0309FCFB0400F7F20E08FFED5F
:109B000005FEEF0008021B0408F901E3FDE603026D
:109B1000E1FAFA0A0E04E1F224E81F0600F81FFA3F
:109B200009F2F9FE0C0F09FBE5F1FFDBFAF100F594
:109B3000FCE905EEFD0FF0F506F100FC0527FB0141
:109B400000FCF9E1250910E115DBE4F6E7EFF80484
:109B500000FBFB1706F8060D0103F9FB0B08EAFBF7
:109B60000B0622EFFC04FEFFFBF5FF05FADF0707FB
:109B7000E5F6050200F8ED1606011204EA010BFEF7
:109B800004F70907001301E9F6F80A01F5FF04FBE1
:109B9000EEE8E5FDF601E10F04F7F208FFF903EF47
:109BA000F3FEF4002E0401FDFDE8E608F1D0030801
:109BB00001F80607FE0CFDF1FAFFFDF303FD11FBB2
:109BC000F3F6D00F12F90A0702F5FEE3011BFEF2CD
:109BD0000807FAFA0C0C0B12E4EBDA192B1EF9FE4B
:109BE000FB05FCE9030E04050802FB06F4F9DB00A3
:109BF000CE0F1318142AFCFCFE11FDFEF701030E14
:109C00000EFC0011FDF8CFF7F10C450EF1EAF80457
:109C10000109F906FD0F0B06FD0207FCFD0716E41E
:109C2000090AD105FC16E203F5FA08EFF41C03EE6D
:109C3000001302F20010071205F6FAF70631FBF5E1
:109C400005FD0C0106E5010221080A15FDFE0702CB
:109C5000F80410FCF2200705F514032BFFE001FDCA
:109C60000F07FC190C10F31AF2171BF4FFE4FBFCAE
:109C700013F100150516EFE403FAEDED06160DF2EB
:109C800009FFE50CFEFFF60A020509F303F10805DA
:109C9000020A09E0030200F2F7FAE7F1FDFCE60729
:109CA000FF1307FF0A0402040302FCF3FA03FD0397
:109CB000F808F21401F7050B07FDFFF1F80B05F5A5
:109CC00008FA0BFAFC1B0DF900E1E2EBE3F1F504F5
:109CD000090AFE0A01FA0309080009FD0110F4F55A
:109CE000FE17F90111F2FEFDF50EFAF900EF090F6A
:109CF00006F5F9FD0600F9FE101907F506FB0FEC55
:109D0000FE10F5F80516FFFFEF07FCFFECF1F5126A
:109D10000CED23EAEDF501FE02FFF8EF07FDFAF680
:109D2000F2FDFDF903F70A0D1AEDF31FF30011FE22
:109D300009F7F6ED09EFFFFB090701F00801FEFD49
:109D40000CFE00F4FB18E80D0305F813F2F2070D02
:109D50000FFEFC0403F2EDED1629F2FA080E05FDE4
:109D6000F61D02010716F11010E50F0FE901EA05D3
:109D70000E2F020504F609EFFA10FFEEF70A04139E
:109D8000FFFBFA16E7EAF2FE1E1A0616FB000200B7
:109D9000F8F902FFF4090D00FCF6F40CFBF2EEE812
:109DA000F0F000031813EA060E150012F71604F976
:109DB000F908021CF8F02505D8DFE1FDFC1CFBF0DA
:109DC0000812F50A0818F9010A00F226170FF0E345
:109DD000F0010AF0FD13FDFFF6F7F4EC0DFDF909B3
:109DE0000500020DDEE4EEEEF2EB2615FAEC15F1BD
:109DF0000CFE01F000EE0013030AFBF5FCE4020187
:109E0000F5131903FBF3F2F402F80318FE12FFFE38
:109E1000EEF50311E716FECEF0F2F6F9F6F50107BE
:109E20000800012B0BDF00EA1BFFFBFC0612FAEA1D
:109E3000F418F7FEE2EA0BF5F9EFFB0C02D8FAE7AB
:109E4000FD0B0807FF01F910EF12E902531005FEA0
:109E500004F304DB02ED13F3F701FEE013F7F14224
:109E6000FCF220F01B111BF7F20DFBE5041005F0CE
:109E70001308FFF0ECF50D10F4E702F4D9160C0C02
:109E8000F70212E505F5FB0BF8F402F9FE111AEEE4
:109E9000FFFBD91FB7DCE106F5F0FFEE05E9F0F4B2
:109EA000FDF509E4F9FE2AEB11DDB819ED1CF20A03
:109EB0000103FCDC043206FF000100F60203010589
:109EC000D7E2D1170921F2FD080902DF07FB0A09D1
:109ED000FB17FF15EC0BE0FCE71014F9FA2602F271
:109EE000060BF603F702F71B04010311FDFDE1F574
:109EF0000608220C0E1501FBF506FBFF05F3FF0714
:109F0000040602F7F8E900020B0218F8DAE0FF068F
:109F100006F904FBFB1006F31201FE13100AF5DB31
:109F2000F23CC701FDC2FCF80213FFEF06E7FFFC9D
:109F300004FD041B0100EFE0F4080BE011E409123A
:109F4000F3050202F909FA0903030F0A0800F704EE
:109F50000EEA03E8F6E4100904F7091603F507060C
:109F600014F3FDFFE5F00C000B06F81402F4F50005
:109F7000FA10001301E50AFF19FB0BE507FDFCE5EC
:109F8000083F19FAE800EAFEF5050E040E00F0128B
:109F9000F8030BF7E6F9E40311033AD8F5100003D0
:109FA000F5FA0506F80E0801FA06FD0BEFF2EAFED7
:109FB0000DF501F8F8FC0206FFFBF60BFFFE08ECBE
:109FC000E7FDF2F20702071002FB00F8F8F80006BE
:109FD00005100312FEFC0C0E07FF03FE0B0D0BE534
:109FE000FD07F4EE09F7FB0700F10C0504FEFEF592
:109FF000FE02000402FAF9F6FAFFF3E2150510F981
:10A00000F9FBFA04FDEF0801F4FBF10C09FDFF0B6D
:10A01000FDE91B020DF9FD0E06F0FD1BFB020BF422
:10A02000F90804FFFFFAFD0001F8EAFBF9FBFE0066
:10A030000004FAFAFE00FF0807F507050D01EB0B17
:10A040001BF023FC0AF705FBFCF5010306FFFE1DD0
:10A05000FFF10608FDF7FA0713FB15F8F9EB05FF0A
:10A0600002FA0A1908EDF9FDFBF70BFCFBF80CFAF4
:10A07000072209FB11DC03020204FBFDFDF9FFF1DD
:10A08000F602FCF4080A17F40B02ECEE111701F2C9
:10A09000FB05F8F605E6031405F9010301FCEE0CD7
:10A0A000F4FD37E9041619FDFE01FE1A03F6F7EE7A
:10A0B000E700F513EC000807EBF2ED05FF281105AA
:10A0C00004FAFFEE0520FA05F20006F30407021475
:10A0D0000BF7F6130B2BF102F80505E8010AFE1742
:10A0E000FC000903FBFCFA0DEAFEFF0D081F0BFA4A
:10A0F00002FD07DAFA09F5FEEA020C15ECF6051A7C
:10A10000F0DD09134C16FE070604091BFD18000BB1
:10A11000FB030B17F008E603FCFCE80606FA01F562
:10A12000FC0A010A0B0309F501FBFE060004EC051D
:10A130000A0AE3030E07F706FD16F7F0000AF9070F
:10A1400004FCFD05F4FFFEEB010A15EA1E1807FDED
:10A1500002FE08EA02080606FFFCF31204050CF3EF
:10A160000502F0F308FF0DFB020CFD15F70608F9D8
:10A170000004F1FA08F8FB060AF6FCFCF90CF2FE02
:10A180000403070A00FB00051BFD01FE0CFCF8EBB5
:10A190000C17F807FCF2F906F10604F5FCEDFAEDF0
:10A1A0000A060200EFF620020212F5FB10E901FF99
:10A1B000FBFEFA0AFBE107EB01F803FD0A12FE1AA7
:10A1C0001A1FF1F4EAA71103FEEAFFFF05FAFBE20A
:10A1D000E7F901F113FE220F17E6F2F505C01002B0
:10A1E0000EEFF919F62002ECE901FAFA121720181D
:10A1F0000BE3FBFF0FD6F90001F50AFBFD1104FC90
:10A20000E9F8FCF31011140D00DCFD09001204F94B
:10A21000FBF5FB090012FC07FF01FE02FA15F7012E
:10A220000AF0F50E0D360B030DECFCFB0DFEFC01E8
:10A23000FF03FEF312FD1D040F180F02F33B010193
:10A24000FCF3020501FC01F80FF7F2E802051DFE20
:10A25000F40121FA090EF9F30F040000041F05FEB2
:10A26000FC07030A0C05ED0F0517FC0BFCF808FFB3
:10A27000FF02FEF6FAF9FDFFF1FC0201080BF3E61E
:10A28000FBF40A12FBFDF5010509FF060007FB0BB5
:10A29000050306070700FBF5FE2001080EFD01FD82
:10A2A0000603FE03FB01F505F3F3081008FF18068B
:10A2B00004FD06FCEB05FBF90BFC0203000C04108B
:10A2C0000504FEFD04FEF7F2FDF4FA0EF1F815FEAA
:10A2D000FA00F3FD050E01F5F8FDFEF8FFFA03F4B0
:10A2E00002E40015DF06F6020CFF00F5F4F9FCE5C8
:10A2F000EEFE0401FB0516F508E2FE18E4FA04047C
:10A3000007F8FF050C0400DC0DFF0E09090102FF30
:10A31000DEFBEA1D08F605FA04FBFDFCFF09FAF472
:10A320000701FDFCFAFDF902E8FBE00C0813F7FD5C
:10A33000F205FBFC05020D1002F7EFF900EEFA083A
:10A3400002E91B0110F4FD0005EAFC0B04030019EF
:10A350000EF5FC0DEA060311E9121D04ED07FA01E2
:10A3600008E7052907EB09F00DFE0A0BFF11EFFEC8
:10A37000140813FAE2EFF41603F6002008F110E1D6
:10A38000FBF307FB06F6241E1904C40EE31607F1BF
:10A39000FAF6FEF0FEFFF804F803050201F60BF4EE
:10A3A00005D0140706EBF3F9F5F4FB070001F5FC03
:10A3B000E7F8FE14101405F9E8EAF516FBF00903B6
:10A3C00014F8010B0FFC06ED080DFCE0050608F380
:10A3D00008E7DEE7F0EEF5010DFBFA111103020AC2
:10A3E000ECF110DB04F90FEE01ECDE00F3EF0108F5
:10A3F0000A0902F003D9F8EDEC1003F10E04FC0F8A
:10A4000003EF0A0DF20701FE00F408F606F1FDF273
:10A41000F8ED000815F603E609EC120629EB07ED46
:10A4200010FBFBF10AFEEFF2F8EA02F5F8F5FB0784
:10A43000E7F6F700F805FB0111060010021B0013F8
:10A44000041104F8F7020505FFEAF505EB03030222
:10A4500003050B0AFDE90EE8E3F8FB0900F9F01328
:10A46000110BEAF60316F504040305120C2AF0108A
:10A47000EF0505FC09FCF6172B15DAEB06FC03F6D5
:10A48000FB05FBF3001704FCFB0510031105F30C9F
:10A490001A1D0CFCFE0C0AF9000302F9F91105095A
:10A4A0000100EDF6FDFCF3FA12041A04E521F7FDB4
:10A4B000011302EAF6FBFD1215F70C03FCFB03FC8B
:10A4C000FEFF08FE0539D703ED08FBFAF2E8012F7D
:10A4D0000201130DE0EAEA04FF0A10F81C3300FC45
:10A4E000EC0CFE1E00F3F9F905E80417F7E2E61993
:10A4F0000CFC12F802E004F1FFEF020C04EDFEE7A1
:10A50000FAF5070DFE08FD170AEF07F0E7F4FF0361
:10A510000802080307F1F80F00FCFE00EA0211D858
:10A52000F1E703F1C9D5F30B0000FD19F8080B0C96
:10A5300018F4041E04080AEBD6E205E70303F80545
:10A54000FE0CF43E08FCFB0615FF0B200D0407ED86
:10A5500008280901CD02F70AFBF9FD0BFED5FDFB2A
:10A56000FEFB0C07FA031AE51FFB1F14F1F004FDB4
:10A5700004FBFD11FCE00904FE0DF5EA22FAEEFEF3
:10A58000ED031A0BE3F10DF702FB0BFF01E2F20002
:10A59000F7EB0CF3DFFFDA0318E623FBFCE0230301
:10A5A000FEFCFE0DF0E4F1E8F2FAFCF5FCF1250406
:10A5B0000500F30FF1E50D08FBF9030CF9FB02E7C9
:10A5C00006E410F00A12FE0D10D3D60326FDED09A5
:10A5D000FC04FAF201DE011907E4FE17F3EFCD28BF
:10A5E000031347FCFC05000200F506DEFD04EE0A3D
:10A5F0000EFC15FAECFC09250A0C0FFCEF120BFD02
:10A6000001E7F8D70425F6F3F904FEFF030F001164
:10A61000E6BDE8FBEB05D6FE04FBFDFFFB0FF5E511
:10A62000EBF8FFE7100514EEF3D1F32CFCB6FCEECB
:10A63000F406FFF90011F6FDDEFFF4E5F30B10F66A
:10A64000F1D80D0E1BEAF3070501070D0205F21CF8
:10A65000E5F7F6F41704FED0F2EB11041FB2F30293
:10A66000F7FC071008FFEBF0FA0206EE220C15F6D5
:10A67000FDF20123F1E50E00F2F612F209E204EB1D
:10A68000E20A0BC60610EC21EDD9E7160D15FDF414
:10A6900006F8F2E702F0F405F5F4FBF6000900F322
:10A6A00002D523EE0D1A13FFFAF3080905F0FFE1B6
:10A6B000DC0203D4EFEB0D10F5F01D251B4B000D54
:10A6C0000BEA03CCFCF3F80BEA04060E0FFB0C08B4
:10A6D00018E4FC00242E13E7020305E2FEF2FFD883
:10A6E0000C0BEF0917F0134003FDF022F4080DFCEA
:10A6F000050005D7FEF7F0EFF00BFDFBF0E902E7F0
:10A700000DD8DE07FC14F50BF6F8F6FD032401075F
:10A71000EE0AFA12FB201D0BFBE6D60E1705EAF136
:10A72000FF01F9E6030702F4FA14F12003F304F839
:10A73000F506070016FF0DF3020001F7F600FFF71C
:10A740000B08F90A05001109FF0A3313FDE3FDFAAE
:10A75000010005FD020AF801F603010C050E0FEFDA
:10A76000FF04DF0D10E9000B0E001210FA1AEE0BB9
:10A77000DDFDF5E4FF0C09F106102AF2FFFBFEF700
:10A78000F50C0016F6F90C08EE0C01E91707E6F0D7
:10A790001F473F1118200B040A0E0A1500D80A03A0
:10A7A000FFFE0DFFF6F3F0181B391BC3F828FBFF63
:10A7B000FF03FE0506010803FCFF011B06F8E1226A
:10A7C000FB1010EADCF303FEF4010AFEF8EEFEEBE8
:10A7D0000CFB001516FDE729F4220DF8C7E6000171
:10A7E000060A091201EB06041EE7F91DF5ECDD0D62
:10A7F000FB300C040121F2FAF7F90A1C04E809ED18
:10A8000004F10614F7F7F918081BF4F912F8050A11
:10A8100005F207FDF9F6070401F5FA150A03001B16
:10A82000FE04E5F4F405FEFB03F908DFFF010FF079
:10A8300012EFFC1205FB0A1AFC08F0F004FB07F704
:10A840000A05FA1D00EA12E208FC1302E9FB03F80C
:10A8500004FE1DEEF7DD04FB00F6040F030EF912F3
:10A86000FAFE0A05FE1E08FB080BE80DFEF5EF0FC9
:10A8700001F707FEFC160EE6ED020A0408051DD5D9
:10A88000F2C9C10BF703060401F60AE20AF703FB5B
:10A890000607FDF30F0FF2F808EEF120190805F393
:10A8A00000F6F6F50D26FF03F9F509FA02FBEA07B3
:10A8B000F0FF1C070006F2FCFF040107FE22FB1458
:10A8C000FC0AFCE60E0202F5F4F507F4D5E80704ED
:10A8D000FA13FF090312ECF1F00AFDF72C0A16E057
:10A8E000FBFACB0AF2ED0B04FAF60DF908FF08EDBE
:10A8F000EC00ED161B02F5EB19DF010D090112FA50
:10A90000030507D601FBFFE9F800FA080FF2E81883
:10A9100012E53FED241200F2000FFCE1FE1BFF04E4
:10A9200004010115F8FAD9FA09014605E005FE010E
:10A93000FE0006FD04FB0816F2FE0101F909FCE623
:10A94000F0E9F3F52B0DEAF70A0E01FAFAD9091B23
:10A950000BF0FD09DEF0EDE0FEE7FEEF1C0BFA0167
:10A96000FC0006F902EB011C03F605ECE9F0EE042D
:10A97000EE0912F7FDF004EFFDF900EAF5E60E0826
:10A9800007FBFCEFE2EC12FBFB062300E4E6FCFD18
:10A990000303F70F00DC0404F806000BE7EF02BE28
:10A9A000FBE9EBFBF303E9F6FB0DFC2DFF1E05169F
:10A9B0000300051BE70608E8E60BC9031819F410A5
:10A9C000050D08130423F534FBEC080709F5CA0745
:10A9D0000914EDECE8FBF5EFFC0202EFF4E7FB0CE9
:10A9E0000AFDFA06F4F3F9EF0A062EF2FDF3F6F685
:10A9F000020A04EC09CC082216FF00E7F9FD053332
:10AA0000FB0727FDF7F501000006FD02F003F42027
:10AA10000DEFFBF1E7FCEEF7ED1F0EEFDFE70D04A6
:10AA200003F30324FECEF70205F40A04EEF405E670
:10AA3000FF0E0C00AFF9F706F4F208F0FDE30BF29D
:10AA4000F8FC09F81512100BFE08E906230FF507AC
:10AA5000FD050AE9FDEC0C042300FC27FD01F63599
:10AA6000030F2EFF221C15F60409FFDCFC1208065A
:10AA70000BFC13FDE90BDC260AEFEBFD040B1507BD
:10AA800001FA05F6060EFE0201FD0805E9F116F4CD
:10AA900017DDE109E7F00706FDFAFAF6000D0014EC
:10AAA000F1F704F1140E1C0607D3E816EDF70102C6
:10AAB0000A03F41E03E8090D0CF6FF1E0F05F2F75A
:10AAC000120319DFC800F505FD100225FCDE0102A6
:10AAD0000AF9061BF4ECE30408F302F008D8F609BF
:10AAE000FF11FEFC09E700040A000F20FFFBE8F756
:10AAF000FDE717F616FA08F906FF07F105E60A0C56
:10AB0000FF0D190CF0E905F409050EF9160217F905
:10AB100006070808F6C70F0F0209FBF1EFF6E11070
:10AB200003F631E804FF0AFC16120628FDF7F517B4
:10AB300015F80E0DF7EC11F50908EBF6F1090E0406
:10AB4000FA11F5EDFB05051A21F70D18FB08EA10BF
:10AB50000718FC0A192EFAFAFD0A02CD0229FF167F
:10AB600008100B2BFAEFDC03DC002A000F20FFF9A2
:10AB700003FC03E7060A07051A00070EF4ED004779
:10AB8000F7FA140F321B07FB0408F612F41DFCF948
:10AB9000FD050A020E06E41AFC1FEEFBF5FC02FCA2
:10ABA000FE1705F415FEF6F720FA0FFEF5FEDFF4AA
:10ABB0000F1AF915CFF40B00FD0202E6FEEDFA0CB8
:10ABC0000308030FF0FCF515EE160BF0111EF9103B
:10ABD00009FCF9F6FEFE0102FA00FC10F506F3147A
:10ABE000FB130D0220030206EB0B08F4F61109FA21
:10ABF0001C090705FAFDDDEF17E810FD11E403FC61
:10AC0000FB08F600F615F9FB130EFA03E7F7F00858
:10AC10000FDCE90AECDC02FD01FD00F3FE0C17FD80
:10AC2000FF010005F30C1B12F8E7D61BF4C4F5096D
:10AC30000D00FFFBFE12EEF4F40AFEF4FEF815FE22
:10AC4000EEC2CC17F7040BFE01FCFFD9FF21F2F98D
:10AC5000F7FEF8E9160F18FBF3D3CA141316090808
:10AC6000F5F8FDDC06281113F51407F3150B0502A2
:10AC7000CBE40D100E18FC05000E06020124012E77
:10AC80000715FF0412F8E2FED01A4E09E8E9110296
:10AC9000FA0A0E12FC18FADEE80AF603090C13F899
:10ACA0000D17CE06FB05FEF0FD05FDE9F8FC01FDE4
:10ACB000EB15F6101500F9FA280AE515FFE9100959
:10ACC000010BF0E307F40B17EF0FF3FFF8D8DF00E9
:10ACD0001DF8F2F2142B1609F70EFFF0FEF40EF138
:10ACE0000B00F71804FE02EC0BFE2EF902E6FD0C39
:10ACF0000408012802EE09FF1207FFDF0008000622
:10AD00001319F9DDED070304030700F607E1070255
:10AD10001EFFFAF9EBEBFBFA0A361702EA19E61204
:10AD2000FBFCFF0E09F7090005FDF609EFFEE5053E
:10AD300013FFE7F1F1100008EE13F9F9FAE6020348
:10AD40000BF1060304160008140704F117F80200BB
:10AD50000E04091410030A10270009FBF20609105B
:10AD6000FBFC0DFC02FF0FFF03010B11FDFE04FCB9
:10AD700006FD1BFE03FAFB0FEEF9E600EEF901F704
:10AD800002F902F801E90A06F9060710F60E090BA6
:10AD90000502F4F5EFFB09FB07F402FE02EAF2FB01
:10ADA000F8100D0C0D06200A0606FA0B03ECFFF94D
:10ADB00001FD0FE4031FFDF0F006F8E5FFF50318B1
:10ADC000F4F5BF02FDEFF708F90003FFFB0C0408E0
:10ADD000F4F6FBE917FE15DDE500EB121CFE10F49E
:10ADE00004F7FCE1F413FAF70F0B01E0071211FF6F
:10ADF000F2FA0210061713FE090AF500FF07FFF624
:10AE0000150307FD0AF908F6E914F3F700F504FC49
:10AE10000B0C060201060DE40DFAEE0916FEF4FB1A
:10AE20000317C1061E0CFFFC0407FDF0030C0FF214
:10AE30001DFA040303040903F0FDFEE60F180FFAE0
:10AE4000FD04FAF4022209041203FE110831E6FBA4
:10AE50000BFD04FAFA200F05FC1606F2FA1A000E92
:10AE6000010BFC0AEFEDE5FEFDF51202F805150DEC
:10AE7000020AFA1E042412FA0BEAFBFF07F90DFD81
:10AE8000011FE408E307DF0AED0001010927FF00C5
:10AE9000F1090F07F6101AE3EFF8E802EE1AE0FEE8
:10AEA000F40BF9040AF912F816F40E12020CD3FF8F
:10AEB000061A190304EA120DF40AF81600EC10F150
:10AEC000EF04FD0DE9FFEE07FC1BD1E2F4041C03C7
:10AED000080DF40401F50CDDE61909FDFE0728D57F
:10AEE000ED0BC1010DDBEFFB030D0125FCE31EE5BE
:10AEF0001602FAF513F7DDC8D70807F40AE41009BB
:10AF0000F9190305FEC214140500F8F8FC0B02E25F
:10AF100019EEF9E704EEFE1212FFFDF30AFF0BFC37
:10AF200009081F02E30726FA2DCFCDE5ECF0FDFF5F
:10AF30000C03F3F1FD0E02E9ED050FDE0B0508E849
:10AF4000F9E0E00518ECF90701F80BE7070507DE63
:10AF5000E9F90CCE160719EEF7E2E01D69D7FD01FD
:10AF60000102FCC70B230316E8FEFCC70E1207F410
:10AF7000C0D7EA310C0918F7050B07EEFCFBFFF40C
:10AF8000060803E7F70AE732E4FB131CEB22FD0B8C
:10AF900001FCF8101206FAF400F303F2002109DEB6
:10AFA00011E1D4F63D15E200F8F202CFF11EF3F301
:10AFB000F108F5F728F8160EF6DEEC222055ECF92C
:10AFC000F80AF7DAFA09FCFEFE09F91F050BD4DAD4
:10AFD000E31DEC0C2F6D1C0010FC06F5FFE512EED6
:10AFE000150BEF1FF4F8F628F613E0DAF7F3F5F98E
:10AFF000F6FBF602FBEBF5DDF8F0FDE0101206D7EC
:10B00000150AB301CFF6F4F5FD08F90CFEFDECE7E7
:10B01000FE04F2EE10FE0CF5EEF5D9F8DF13E308AE
:10B02000050B06F000FE0BF71609ED19E8FB04EC22
:10B030001021F202180D071002F801F3F11AF505BC
:10B040000A02FD1AF202110D1BF3DBC3EFFF10FE23
:10B05000FFF7FD05FCF110FEFEED0FF5FD0804E81D
:10B06000FD0FDE14F9E4F0FFFC010815F3FF0A19E7
:10B070000703FBE500F6E407F420E4F00EE6FFF139
:10B08000020AFD10FD020210EAF105E8120FFDFAB6
:10B090000D0B1EDEF5FBFF070EFA0BF4FF01060792
:10B0A000F3F7EEECF30502EF1EE4FBEDEEFDEFF53A
:10B0B0000AFA01F4FE2AFDF4FEFCF4F5FEF70B0893
:10B0C000DFF4B90CFB08F50BFF040BE2FF090009E4
:10B0D000FC0EFD07E6FEE80BE1ECCF133B4008F861
:10B0E0000516F7EA0502FB060F00FA15EAF8D8F98B
:10B0F000B30B1015183710F7FF09FAFCFBECFC2214
:10B1000019FFF00DF9EEC6F7E9224005F0E6070158
:10B110000709FE06F5F601EC000507F5060204E94D
:10B12000F320C010CDD6FB020A1C07FCFFFD20F562
:10B1300014000B060011F1FBF801EBFC03D4FD0732
:10B14000FE100700FCF20C1B0EF90215F709EF06C2
:10B15000FEF705E1EBFD15FC080B070D0BE3080DF1
:10B16000130A1A1DF10905FD0C082EF7FFED020A5E
:10B1700002FB0E1EFE08FEED0E0A06E101021BFD9B
:10B180000531CDFAF322FFFB040505EF00F70808AF
:10B19000E2FE03E8FB0ED6F201EAFAD3E3FAE0029C
:10B1A0000CF9FE09080A1505F7110DFAF5FCF70D63
:10B1B000FDEB02FCEDFCF70C09F4FF1702F5FFEEC6
:10B1C000000114FB041414F8F1D901ED08FA00FC95
:10B1D00003F1FC210C0401FC0F06FAF505090BE94B
:10B1E0000303E2F527FC0800F4FF04FE03F7031154
:10B1F00007FCF4FC1303D9F5161008CC1401FCFF6E
:10B200000305FCE602FF091AF9FCFCFF01FAE5FE62
:10B2100028E213FFF6F018FC000901E2F4F5FC0B3C
:10B22000F5FE02EFFE1107FD1FD9FB052B0F08FBF2
:10B230000B02F70C00ECFB0D0FF6080119EAE919F7
:10B240002A2443FA06E913FFFEEBFD2BFEF003FD73
:10B25000DBED04060A09180A1DF3FEE5F7D50A0F0F
:10B2600009F100F8FE1DF4FAF000FFFFFA031E06D4
:10B270000AD5CDF104E0EE0CFAF0FFF2050506FA6E
:10B28000FA0AF8F816162DF912EDD71F022F02F759
:10B290000DF4FFFE020CF60E09050809FA17EEE59B
:10B2A00011EA32F71446030601F6F90BF714F70812
:10B2B000EC110AE40BEB0EF42718F3F90352FCF43B
:10B2C000F9FA02EF0210FE04EE01F3CE0E0BF1E4E8
:10B2D0000419F7080D11FCF9040009FE0508FD0228
:10B2E000F4FAF7EAF9FAEFE60519FCF101FE05FABE
:10B2F000FF07F6DC01E2040A0115F905FFF3EF018F
:10B30000FBFB07060C0105FEFC0AFC2A00F9FC0801
:10B310002EFBF80501F0EDDFF9240BFD1505F00318
:10B32000FB15FF10FFF10C0B17EEF9F8E7F9F4EB42
:10B3300006121F04FA0D080F001406E80103051D8C
:10B3400005FDFF12F4FBE2DE1307FFE4F81503FF2F
:10B3500004FCF8E0FCED0CEBFEF9FF0BFAFC04201A
:10B360000ED82901F2FBFD0205030515F6F500EAEA
:10B3700002FE0115F1020D1903F2FAF4EC0EF402CB
:10B380000EFDF808F01A02F5FDF41202ED0E11F6AA
:10B39000EC00C6E7E8EBF2F304F400090321EC1437
:10B3A000F2F301FEEC0113D8E7E1E20808110DFD0C
:10B3B000FF030211F50B0209FC00010B10FB011148
:10B3C000020A12FDDEEDF80CF6F9FEE60B1206F8A5
:10B3D0000A0011F707FD0123F61A261DF2FEF9F403
:10B3E00006FBFF1105EFFAF104F9F01BFCFDF20B6F
:10B3F000FD28080AFCFB010E00FFF60DFDED00F133
:10B4000005F9FD0D1711EB22F20BFB061308FF07E0
:10B41000FCFBF3DFF606EFFCF5F2FFFBFE03240571
:10B4200004E503160FE3FFFF04FA0AE5FB0B0AF23B
:10B43000FB030115070A0901E5E7F2010620FF02F7
:10B4400000FE060B08F003ED170B050A09030DF2C9
:10B45000E7EEFB06FEF4120306F9001103F1FEF11C
:10B4600005090DFB060F1120F106F6FCF3F90100AA
:10B4700006EB02FDFF12E6F2DFFEFCF8081118DF12
:10B48000FAE1F00E12F00000FBEAFFDEFEF702F731
:10B49000EDFFFDFE05030308F0D4E01314E00B09F3
:10B4A0000C0802DF0200FBEAED03FBF3180307FAC6
:10B4B000DC06FA0C1C0405FB01FCFCFDFF1D0AFD6B
:10B4C000ED1501F100091923F7EDEDF9C9E4FE0BC3
:10B4D00013FC040B0B07FBF9E6FEF9F1080916F261
:10B4E0000AD2C709DAF6FFFCF5FFFCF60505F90FED
:10B4F000EF03EEF90E0603DB0DFACF14FBFBF200AF
:10B50000F80E00ED1504FEF10A16F40302FB060323
:10B51000090D18FD17090202FA03FAF6FE12030ECE
:10B5200001F50501FE08E5050015FF0BFA21F905F7
:10B53000070B01F5FDE2050AFF030204F5FAFCFA28
:10B540000FF52DF9EF00F9FB0001FD11FFEF0912D6
:10B5500009EC0007EAF6F4F40201E8F827E1151116
:10B5600009FFFF02FBFDFAD908F8070DF4050FF9F2
:10B5700011F2C4E9FDD003F2FBF0F8F10B04F1097C
:10B58000F301F9FBFC05310827EEBB0DF30706FBC1
:10B59000000000F3FCE50D0A1607FB25EFFFEDF1B7
:10B5A000FD010F032301ED020205F815112CFE1A0F
:10B5B00009FD0708F907FBDFF1FBFC05110DF4F6A7
:10B5C000F917FF0A0340FE23FE01FAD90C0EDBD067
:10B5D00016320B0005F0F7FAF80002F5F4F702084E
:10B5E0000701E5D8FFF60CD50D08F6F80A02FCF9BC
:10B5F0000508F6DCF2060009FDF70302F4EFF72177
:10B60000F6E709FD10F0FF0500000021040509061A
:10B6100013F10CEB0FF7EFE5E60FF8F0F0F903008C
:10B62000F908FE16FED7040C16FD04F8F407F7E639
:10B63000E93024FFF5FD010AFFF701FD08F8FFFEE0
:10B640000EF6FC020002F8F00D07D5E23614FD06F6
:10B650000AF701F600F8FBFEFFF9F10F08F3FE020E
:10B6600001011A03180704F1F603FDE50CE702F2E5
:10B6700002F8030D01F5F004F60FFE0A0D0517069A
:10B68000F50E06F2F50CFC12F8FC07FCF3070008B7
:10B690000BDFF1FE25F30F08040DFAFA040BFC068C
:10B6A000F0FB05EBED0A08EE10CEE9FBC3E603FC68
:10B6B000F20EF80F04D40601FFFBF925EE0BEBE0C8
:10B6C000FFF632EDF70001050508001801EDFB0655
:10B6D0000BF70215F3EBECF21B01F2F3DBE0FA08D7
:10B6E0000300FE0CFDCD071D09FD140C02F6DDFE66
:10B6F00008061B00F1D315FEFCF90111FAD8F8F287
:10B70000F1F60B19F3F3EEF7190410D31E01FDEB5C
:10B71000FEFC06FF0AE3FD1C000600F4EEF90A2019
:10B72000F1D911F9F3E0E40B0D06EC1BF8FA0A1A53
:10B730000CFC0A02F1E6E9160510E61003030AE91B
:10B74000FA16F6EF0FF5FD0621FF0012FBFCE407E9
:10B7500007141D01F407FEF50AFBFFDFFD0EF916C5
:10B760000B060B19F6F20217EAF32EFA0C230CFF64
:10B7700000F409C3070805F7F80CF522FE00FF27BF
:10B78000F9DBFE1D2614EB0BF80FFEFFFF1E001069
:10B79000FFF902110AEEC802020B11FAFD08FDE7DB
:10B7A000F8050704011BF70014070126E9F6ECF180
:10B7B000FC22F70F040014FC03FB00ECFFF5F3116F
:10B7C000EE050A17EDFEFE0EE8010B080A01EE1267
:10B7D000F701F8FE01F2FC04EC03F9100AFBFCFD92
:10B7E000040F12022106FDFEF60901EFFDFAF50332
:10B7F000190306FA08F2D9EE1BE937EA22F609F036
:10B800000103FDE9FC01F60B13FF08FEE8E5EB116F
:10B8100013160FFA13F50B00F60000E4010CF904FF
:10B8200011FA0A06F9F907200204FDE91DE8F7F705
:10B83000FEFEEDF204F90825060105ECFF00DBF041
:10B84000121F47E9F402EFFAFFFBF10FFADAFB1BD4
:10B85000EEF3FCF1FBFA02EA161710F007FF1DFDEC
:10B86000050307020B09F602E5FAFAEBF8022002DB
:10B870001817E202FE02FC0404F5F5FBFE0AFF03C2
:10B88000FF0609F502EE1AEC10FABF16FFDEECFE19
:10B89000FFFD0AE603EDFC14F704FE03E7E6F1EC16
:10B8A000E6C137070F2EEBFBFCF9F300031AEB1D83
:10B8B000EA090302E7F711FFF2DDEE09124206FB87
:10B8C000FEFF08F9031EE914EE0E00FA1100EAEA81
:10B8D000FE10F00CEF050300F80008EBF7E9FF0B92
:10B8E000F0FDF4D4EDE6FFF5FC01FDE9FBF60CEE0E
:10B8F00006FAF6D3FFDFF015F7F5F62207EA05059D
:10B90000EE0016FD2A000AF2FE05FA1F060CFEF3F1
:10B910000AFFF007F4FDD8DCF51222FC03E90FFC66
:10B92000F60802F8F5DCF80309F3E604EBE3D3F5D7
:10B93000F01B0A16DC080B06FC0509F10D06060AC9
:10B9400008FEF911F1EBEBFBF5060700232DFCFED9
:10B95000FEFBFCC203F511ED05FAF6FDF5FBF93728
:10B96000100532F9F01AF1FF05F8F1FDF4EAEEF1F5
:10B970000A040F06F0070312FD01DDEFD4240101D4
:10B98000FD06FA07F517060106F70802E505FF03AD
:10B99000E1E8E40FF8F8D6F5F401FDECF916F2F65B
:10B9A000FCF605FEEEEE1CE5E7CBFA0BF2F407071A
:10B9B000FDFB06FD11CE02F4070507EA0FFAEBEDD9
:10B9C0000B15F8EF21D3020605FD07E702F0FD1481
:10B9D00004F3020A15F7F102081821F507DBF8074E
:10B9E0000AFAF91AF411F81204F4000B23F61404FD
:10B9F000031225FD12270108090207F2F408FDFAD7
:10BA0000FF0607060A08FE180FF71B22F8F706FACA
:10BA100009FAFE0C04FB0715EFFCFEFDFAF20E140A
:10BA2000FBF70F04F92FFCFF01081AE6FE15F312CD
:10BA3000EC040314FB08300CF0C5E413E03BE6F320
:10BA4000FBFD0329010EEDEAF8FA0319110B2A0593
:10BA5000D8072E1AED16E5000E01F907FE0800FDC5
:10BA60000801F8190A07FDFFF01B2922FC00F9FF65
:10BA7000FFF409080D11F4F2ED020107EEFB1AF7CD
:10BA8000FDF1090CDBF2030904F8F60104FA03DB0B
:10BA9000E1F40300050627FAFEECDC0609E30004E6
:10BAA000F5F819ECFC0BFCF2EBFBFBE731151AF88F
:10BAB000F2D6111BF8F5F806070E1409FEF1FCE9A1
:10BAC000FEFD0DE005050400FAF1F51718FD00FF75
:10BAD000F4FC07F60507F9EEEFF40303E8F1092497
:10BAE0000DDBE9120EE710110002F5F80524F8E16C
:10BAF000070E0EFD120D01FC0EDCE81CE6EB04FE49
:10BB0000F5F203F7FBFB02C804FCF1F108FE230089
:10BB100013EBF422FEFAED04070008E8F4EE03F458
:10BB200003F9FBF210030201F0FDEF1DDFCD120D52
:10BB30000AF10B08EF1407F4F00F02EDF7012AF9F0
:10BB4000F9FCD6F9F1C7021300F2FD1B11FAFAC78E
:10BB5000E701FAE62B212CE713C4CF04E8B9050A64
:10BB6000FDFCFACE011105DDDF10FCE6291A1904EF
:10BB7000F6CDF00C0E05EEFA0B01FCF5FE2AFF00E7
:10BB8000180D0A0E141B1511FAF916130ED90B0F06
:10BB900009F3EDFEFB040AE6EE0C02ED120E0610B0
:10BBA000FFFAEE0B05F90E02F9FFF906FDFC0AF6A5
:10BBB00003F2FAE41DEE15E43613D503EB11150478
:10BBC000050105D5FE390A0E05FFF2E50608F30169
:10BBD0000EE7E8032C0808F8F21DF9F1F831001619
:10BBE0000C110621F0F6E8F4E00525F3040F180B1C
:10BBF000F90BFA0AF524FD06FB02F9EDFDF6110832
:10BC00000813E701DD10F201EFFC0706FA1F030A33
:10BC10000BF907E9F90316EA091FF21EE018E80319
:10BC2000F916FB05FBE20000020EFFFB0A0BEBF826
:10BC30000A3607010620FC040C08F9FEFFE2052382
:10BC40000DFEFB11F0FCE002020D0DEBFE0612FDF5
:10BC5000F908F90DFF181002F50F0C02FE0322E996
:10BC6000F30EF80DF5EDFB02FD0EF31610E511F0E5
:10BC70000302F8F90C0AF8E0D7F60D07F7FDFCF817
:10BC80000611050700CCFB1213F2170CFA09F9EFA5
:10BC90000CF70DF406FC020DF8F0FC0104EF0CECBF
:10BCA00009FC0D18F50612FA0E080906F6DF09134D
:10BCB000FEF6F90B08FA0CDBF000FDE706040BFBBF
:10BCC00009E1D619D1CD1EF2FEE500F1060EF5BA56
:10BCD000ECFB03C6110F2B10FDB8CD12F9B10C14FB
:10BCE00007EB06E70207FCDBC60CFFD12220241D70
:10BCF000FDCFD30C0415FA0A03FF02040E38FA161E
:10BD0000FAF7FAF11C281E06E2DC1B0C06171003DA
:10BD10000FF202FAFA2405EB0308FEFFEF0512000A
:10BD2000160AD60AFADF08FCFFE5F2EAF70601FB7D
:10BD3000EE1205E81EFDFFE12E0ADC170104F2F306
:10BD4000050CFCECF7F61400F409E8EAEDF4F5E371
:10BD50000813C502142406FFFB07F9F0F80500FFDD
:10BD60000400ED01090DE2EB1008FBE803E7030313
:10BD700003FBF2150C0102FF0EF8F0F40E0208EDC1
:10BD80000B0701EDEC12EF06F41202FEFCE812FBC9
:10BD900033F8010011F3FAE9F33CF1140E25F7FB37
:10BDA00003F8F703F5F40DF2FEF8F804F5F7F6FDE5
:10BDB000F309EEE2F2120D080804F7FD0BF1FD1392
:10BDC0000F000016E9FFE5F9190F0CE3FBF90F026C
:10BDD0000103F719FEFE070BF6F818F8F90011EF4A
:10BDE0000109E409ECFAF114080CF90B08FB0AFA52
:10BDF00017FD03F8041117F2DE16F005F9F9FF0735
:10BE0000F908FD1002EE0BF506FE0800E80409F043
:10BE1000CE04F6F4F70008070305000FF9FFFE0D46
:10BE2000F5070101FC0BFA02F5F70C18F9E5F7F933
:10BE300003FA02F20116FF05E606FDFBF0FF03F52B
:10BE4000E8CE1C03F8F0FEF9F90401090AF9091B10
:10BE5000F90002FEF200FCDEDFCAF0EE01DD0905AA
:10BE60000305F4180DE41615080110FAE5E8F2D4FC
:10BE70000F23E5F803CF060401FDFC20FEE106F5E3
:10BE800004FE0D00FC1135FA1506B9F51CDEFDFAAD
:10BE900002FF03FA03FBFB080209F4020AEE071D86
:10BEA000F512FD02F5330E08060A0CF20300070D29
:10BEB0000FF0E608F900DD020128070A061A1B0345
:10BEC00002070502FE09060AED0202E5F705FCEC91
:10BED00001F912040CF5F407FDF0FE000815061D2B
:10BEE000FDF313DCFC0402E117E5EBF6FD0208FFAD
:10BEF000F6F8FBE7FEF81201EB0108FEE504031675
:10BF0000FDF9EBF83110E0F9FE07F5F00B0F0EFD2F
:10BF100007FC011C080AE1F2FCFB1EFD32E609FDEC
:10BF2000F9FC06F60A09FFEA0B0802F7E5FBF40440
:10BF3000FCEFF50BFE0302FFF802FCE8F90A0B0820
:10BF4000010902FDF30517DDE10CF6F8FD09F50422
:10BF5000FDFF0506031A0103FB13030D010A15E992
:10BF60000A04F4FF0B010B03FC090103FAF5120CA0
:10BF7000F9F8F8E9FFF4EEFD07F6F9F4001706FA10
:10BF8000EE01F9FC09150116FC0709001101F3F196
:10BF90001618FCE11010140BF800F5FBFF000B0263
:10BFA0000C01F3F9FFF5F110FEF203ECEC1D15FFA7
:10BFB0000C040E03F5EC00F70307F9EA0BFF0EF390
:10BFC0000106DDF6F5F80904FCFCF7FF05080C177F
:10BFD000F5F00C02040D0F0B0335010BF9F6FF0E03
:10BFE0000203FE0A01FEEB09EDF300FF0EFEF9E18C
:10BFF00022070CFB0FFCE400F9FE030504FCFFFB29
:10C00000F9F3030A0406F6EE2215F90006040EFC05
:10C0100012F70D0AFF10FFF0F901F9FD120C3407B9
:10C02000040ACD0FEF0A000C04EDFE01FD1609F025
:10C03000DD00FD010A101FFEF6B9D7F8FEE401FB92
:10C04000F5FDFD1BFDF2FBDD10EBFEF119001FF508
:10C05000E303F415ECE2EDFBF5F90D11FB050FFB25
:10C06000FA04FD02FC100423FDEDDDFDFCFB0E0ACD
:10C0700008F1F70A0B290AE6EAF2FEF7FB1129D7C5
:10C08000F3F3E705E5EA0314F2FCFE11F005F5E52C
:10C09000EEF3F9FF220A11DFF1C8D700FFE4FA013D
:10C0A00003FDF5E3030006F4E703F1ED211D01D7DD
:10C0B000F4EB0517F2F5F101F80C02230214F90470
:10C0C0000AFFFBF6FAFB09F200F9E0E7F6F3190ABA
:10C0D0000CFD021500EEECDBE6F803EF1A0410EE9F
:10C0E00003F5B004F2E2FC0303ED0411FBFB06DFF1
:10C0F000EE09F2E91D0C0CF71ADFDA0EF7000C045A
:10C100000709FFF9F9FE05E807F4FDE815071E0D1C
:10C110001EE3FA01DCDCF10A170003FF0A06FFF850
:10C12000FBFC02EA080605F110DADA1538F5FF0E15
:10C13000020B040308D8FC0600F314F7070DF90FEF
:10C14000120D37F4EFB51DFDFEF7F8160BEFFDDF0E
:10C15000F2F6F3010E080C0F0CEBE8FFE7C1100339
:10C160000BE4070D001DF6F7E1FBFBD5131B3A129C
:10C1700034E6D9F7EEEDED0204FA01FA082AFB05E0
:10C18000F60802EE181214EB02DEEB160C1F0CFA86
:10C19000F9F207F60322FA130100FDFBF40DF4F4A3
:10C1A00002D9F8132F2D130107EFF609000F00FF36
:10C1B000ECFE03FD1400120B0702ED1B0A1802022D
:10C1C00005EFFAFEFE06F5E809F6F7E50C1204F7AE
:10C1D0000A0AF9FE04F207FCFEF30106FD0D03F85E
:10C1E000FD02F0E20A02E9081707E3EE00F7080291
:10C1F000FF05F5FCFE03EF0EF5FDF20A0501F7FD64
:10C2000003FC1502FB030AFDFB0A000BFFF61006F8
:10C2100017EFFCF713FB00F8FC231501030301FDE6
:10C22000FDFE080AF9FF01F8000E01F8F9F614F214
:10C23000FAF520F8E405110109FFFCFF06FD010FE6
:10C240000A01F80FF0F806F60A14F802000A06FBD5
:10C25000F503F3090AF90707FBFF0107F7F813F9DC
:10C2600002F91410F311FB0504F80AF8F90CFDE5C6
:10C27000F800F802010815020EF9081D050DFBFF74
:10C28000FBF4FA02F51A0AEDFDF309FD060F0707A4
:10C29000EFFAEC1BF106F9F6FD0FFF07020F000B9A
:10C2A000FA010EE6F50A04EE0302FA0911B105FBE4
:10C2B000FC03060602BEFEDF0F00FFF20FFBE5FBEC
:10C2C000F50E57FB00ED07EC070AFE2706FCF80009
:10C2D000FC0306D701FBFB0609EE20F2FBE204FE9D
:10C2E00004FDFD0401F0010BDCFF11F5010425F64E
:10C2F0003304F2EFF7C9EF110BF9020AF9F9F5ED82
:10C30000F5F6F0F9020A21F023D3B7F50D4002FE4D
:10C3100008EC01D501F9E808FD13FC06EEF2F1275F
:10C3200018DA2DF1162F0BFCF1FE01060001EE18B4
:10C330000AF5F305FEE8E90C092510F10B1A16FEC3
:10C3400005F3F8DD04FE01F3F8F6F7E505F109FC65
:10C35000070300FD13E2FBF6F90CFDF4FA0AFFFEF9
:10C36000F804FBED13F811F1F5ECF208F9180B04E1
:10C3700004FCF6EB01E406FA05F1F935F3F30E2BB4
:10C38000FFF417F9171CF508F60EF90906FFF2F885
:10C390002703F63C06F0F10E0B30160F130002F0E7
:10C3A000F7FAFB2707F7FB050F030207F0EB11FC79
:10C3B000061FE303EF13060AF407FEF90708F82344
:10C3C0001A0A01FEE604ECF40E2310EEFA03F90E4D
:10C3D00003FEFC03F9F60C0FFCFFFB0CEE04F50F5B
:10C3E000FDFB1801DDFEF7F5FFFEF8F5FA0C06F887
:10C3F0000EFB0AF6F80604FE160E0C060605F205FC
:10C40000F8010B030606F5F004FE170EF0F0F4F841
:10C41000F626FDFFDF0001F40707FB0104F405F138
:10C420000402020DFD0502F6E5132609E9D4EDFB31
:10C430000C0607FB05F60CFCE40401FBF304F1EB2E
:10C44000DFE60C0103F1ED01FFF4F3F8F9E10B1F56
:10C450000E0EFE0AFCF2EDE6F8FA02F2F740FF04D7
:10C4600002FD02FBFCFB061728F30205EDEFD4FAF0
:10C47000FD131502FBF4F8F202F4FB07EAECEF0CF3
:10C4800006F403F8EDE4F109F70725FCF2E20005F4
:10C49000FCF001FF06F205FC00F5050EF6FD02DEDC
:10C4A000F2DDE5FFEBF7DAFC0D070005050904FDF9
:10C4B0000603FE00F201F1F6D9FFED010DFAFFF8D7
:10C4C000FCFCFF0AF9F5F42502F606071DFDDAFE6D
:10C4D000FB04F5E7EFD5040100F603F7FBF1FC08D8
:10C4E000F9FE0200FDEDFFEB15EEFF0A00E502FD8F
:10C4F0001305FE01FEC6FE1E1707FCEE01F7F70945
:10C50000112C1DF3D9E602FE0603030E01F1F11B07
:10C5100005F8FAECEDF3E403041D2CF6FAE30DFC48
:10C52000F8F6FB22FBE3F5FF0C0DFE17ECF100F42F
:10C530000D11DF05BCF4F60503E9FAF1F8F500E8A2
:10C54000F3F109FD060E0F2306EEF112470CF1047C
:10C55000FAFAFDE107E208F612F8FA14F1F7FB3DEA
:10C56000F60030FE25170404000AFEE80808FEF96C
:10C57000FB0305F7FBF6F54712F5190B080B0C0743
:10C58000F7F3FFCF041FFBFB060B0002F603080CBA
:10C590000DE6FD0AF1F20FFAF6FD00F6040302FDC6
:10C5A000F8F704F1F402070103EEEC1BFD0C06089A
:10C5B0000A03FEEA1027120EFB08FD050600F60D21
:10C5C000F509F81204100D111704FF0FF50304020A
:10C5D000020C0B0FF9FFFCFFF7010EEA2617140BF4
:10C5E000021405EC02F900ECFA0A0704FAF302E679
:10C5F000FEFCF6050F3A1E12FE0A010203160100A8
:10C600000E09000702071600FF0EEFE8FCFB020709
:10C61000FF0F02FEF2FE06F509F8FE0C24FB07F6FA
:10C62000FF3AE8F2E4FA00F5000009FFFADF1DEE38
:10C630002B08070F1314F5E6F22304CEF016070DAE
:10C6400001FF06F40622FA0AFDEA0E02FA05EF05DA
:10C65000070EF4FF1D34FAF7FB03FCF30123FB0381
:10C66000FA00050EFBF5FBF701E4F1F205F4F4FD29
:10C67000FF0D001701F80BFE20F7050D02F7FDFE78
:10C68000FD28FA050FFF08FCFF0904FF0720091F1A
:10C6900018FD1003F6060BF0FA14EFF4F519F10E7D
:10C6A000FF0501FFF21CFF3206EFFFFFF6F5EDEE8E
:10C6B00009F6FCFE190207F9FF01FD00FC020A1B46
:10C6C000F909EF0BFD02FED104FE10EBE40B050AA5
:10C6D00002F2F601F92207DEEAF5050BEB0203D9B7
:10C6E000F9E6CCFBD7EAF7FD070201FCF8F106D822
:10C6F0000EFC0EFE05051DCDD7F2CA02F908E804AE
:10C700001201080702EFFF100702FAFA0203FFDF27
:10C71000E5E4F4EE0FFBEC0604FE02010404FFEF77
:10C72000FFF405090AFE01E0E5FE0E0BFF22F70902
:10C73000050FFF07FD1A05190304FF0FED0A07FA9D
:10C74000ECFB04091026E708050EF80602ED0F09B8
:10C7500016FD0117E3E5C8E8FEFA06F2E8CFF8FE99
:10C760000B0EF502FBE908FE1CF3FC0AEBFAEFF9ED
:10C77000081206F4F9CF09FBF8F702EFF3FC010108
:10C780000309040FFBFE11F305E6F3F4F4C50A05F3
:10C790000413F40EFEF9020105F5F209F5E8F9ECCF
:10C7A000EE11F7FE03EA0204FD02022BFC18063626
:10C7B0000EF303FEE9E7EFCFF52212FFFDF3F5F7E5
:10C7C0000604FDEB0715000F0A020EFDF202FB0244
:10C7D0001007E2E7E4ED04F4F7FC04CF03FBFA14DE
:10C7E0000103FFDEEAF701F911EEFD050F080AF774
:10C7F000FC0A010404070A021F0F0AFBE7F2EB37E9
:10C80000F80630EE16FEF40AF70E0A000321F715BB
:10C81000FF00FFFD010610DCE8FFF40802EF05F35E
:10C82000FFFD06F9F711FBFDF9090200ED12E6EE36
:10C83000FE0CE818E8FE1212FE0801FE03000DEAE5
:10C84000F3FDF41302F9F10AFD12D7E5040F09090B
:10C85000FF0B02EDFF07FFF3FA08021401FF03F0DC
:10C860000814EFFD2C0EF50402020CF501020BF684
:10C87000FF0DF4F4F9FBE3FC08FF39FC150521F08A
:10C88000FF09FD0EF5E8FD0EF8FD02FF0702E7F9CE
:10C89000131817F40D0C13FF0F000E1EFA020F16DB
:10C8A0000207FD04F8FDFE1E2015F4CCE8DDECFEC9
:10C8B000070204FE021E04FCF1190206ED020FE25B
:10C8C000E2F0DFFF0017F9060A0E080A1A010AF55E
:10C8D000FC16FA0EF603F2F0E6E1E2042305FFF996
:10C8E000FA13FED6FF0517FE0D0306FAE6F9EE056C
:10C8F000ECF1D3F50AF613F6070306F7FB06030F70
:10C9000015F8F6FCFD1109F5FA1AF2EEF9C40D035B
:10C91000020DEB0F05F30FDA0F0607060EFBF829E1
:10C92000053DE700EDA601FFF820030703EA1AF72B
:10C930002EF70B14FDF9D2EE033DDDECF0D3140F0E
:10C94000FB1C00FBFF260B1BFDFD0105F9FFEAFFA9
:10C950001C03E8DB1621F0FD01080907F81C02188A
:10C96000FEF40EFFF2FE27BB11D8FD05010C05FBFE
:10C970000706FE09FE0F090E2A0A0AEFDDFD070D64
:10C980000401DFF6E508F20D080FFD06FC0B1304A9
:10C99000290805D5F0F6F1E8031EEEFBDE05E909EE
:10C9A000F8070812FD070A12FEFE07FBE3F9E7F895
:10C9B00010100700F4FB02F7F9070FFAF4F703EA87
:10C9C000FBFEFB00130C01C4E20515F4F2000103A9
:10C9D000FC0F0B05000BF6EAFEFD06FF010C1FEA3B
:10C9E000ED07A70B1CE317FE080709EEF8CC14F6B9
:10C9F000050004EA0A1107CFEFF9C7DFF2030903C4
:10CA000003FAFC0902DD0507F7F900F5FFFD10F751
:10CA100003D9FDE81A020103FAF3F1F5F7FCFC066D
:10CA2000000713F5090201E70CDCF2F8DEDA0BF976
:10CA3000F90804F303CC06F410FC04FAFEF6F7D16F
:10CA4000FAF92CF50EF9F9FD06040202F4F00518C6
:10CA500007F207EC07FEFCE70FEF100300DE06F01D
:10CA600000FDFF0A0600F51514FFF5DCF9F506E9EF
:10CA700014061F01FBD1FDF6F901F7E50121FD08C0
:10CA8000010600FF02EE01B4F4FA252AF03603FA9B
:10CA90000A03F6F80CECFC1BEF0E0300F4F0EBECD1
:10CAA000FBCF26E5E63F0B0B03000B2109F508142D
:10CAB000EB11000101011B09F4F3FC17054DEBFD1F
:10CAC000FF07000FFE11EEFC10FCF30F10FCD8F86E
:10CAD0001A2107FEFCC403F6FDFEEFE008DBFCF4C0
:10CAE000F704F302ECEDCB0DD01406ECFFF6FB01DE
:10CAF00006F8F8D901CE091CEB0303FB08F3E13972
:10CB0000040042F50AEF06F7FFFBF514FCDFF5FF22
:10CB100011FC0901E20A0F2A021BFBED0ADC13FAE1
:10CB2000F511090FFFC5FD0012EA080BFAFF0BFB18
:10CB3000E7161004E7EEFEFBF806F9FDF8E1FBFF4F
:10CB4000040A07F9FDFDF74A0107E90D521DEDFD45
:10CB5000FAF9F4E502CC070501FAF72DFCFADC3707
:10CB6000FB1825E6491A0DFD040102D3FAFFFF1058
:10CB7000F602080BFC070E2508FF1501070219F243
:10CB8000FFF502EBFF05120EFFFA07FEFAFF08247D
:10CB90000EFE002DE0120DF7FFFE03ECFF19F2016F
:10CBA000F30103EAFCEC0CFF0AF8F401040DFB129C
:10CBB0000304F9E80B22010BF304FD0D0C01F2084C
:10CBC000F61AE506DE180B0FFE190910F2FCFC0937
:10CBD000F80BF2FEF1F8FCF1F105F6080AF3141770
:10CBE0000212F6E5FDF110EBE70605DCF80F04F99B
:10CBF000020DF8FB12FB02FF0004FBF401FD0A0723
:10CC000006FBFAEA11142BCD0508F5F9F41E0B11F9
:10CC10000017F700FAF812E008FBF8132201F010F1
:10CC20000166E0EADE0E07FBF50AF92B02E120D8E7
:10CC30003DEB0E15EF0EF502032FE8E6F6ED0CF2D4
:10CC4000040DF3D5FB30080228FEFDF7FD0EF718A2
:10CC50001B1215FF150A10F2FD0602F2FE2FFF1D32
:10CC60000C1C0317F61C07D4F9F8F1FA15110FE59F
:10CC700001070409F20913E11FFC060EFBF90F1569
:10CC8000FE18E302EBF6E603061400F7F616080AB0
:10CC9000181B10F5F6120AF6EEFABDF7E919DF09CE
:10CCA000FE070B00FA2310FE1CFA11E91505E20637
:10CCB0000A1F0FF6E5020509FE0C03FD0601FB1431
:10CCC000F300F515FE01E2CAFC040FD0241916F892
:10CCD00009F8F8140A1102E8E81AFE03FE0420B469
:10CCE000FD18AD0433E308030313F51200F005E764
:10CCF0000B0B09E50FF9DAAAE8E6D4F607F40CFB0A
:10CD0000080D04FDFBC40746FB050911EB0D0CE8FB
:10CD100024C7FABA01E103FD0404F9F210FC01E8AA
:10CD2000070D0305FD090AF011F1D4F8061EF5F40C
:10CD3000F80207F603210B0CF4060502F9FDF5EFE6
:10CD4000EEFCFC160719FEF7030E0AFB02EF0F00BC
:10CD5000040FF811E9F1E9DAF309EEFC3D2B0AF8CA
:10CD6000FC0602E409EC04F408F80A05ECF1EFFF14
:10CD7000FF06D4EEF8D511F7F207FCE702FFF6FD47
:10CD800005F70D01FAF6181518F5C2F401EBEC07DA
:10CD9000FCF90104090411E710FC040807F7EFF798
:10CDA000EA27F3031005E2F80007F513FC0F0A0069
:10CDB00000FC0506DF0602F6D80702F70400FE05B0
:10CDC000F80AFEEFFC5802341BF703E8FF00CCE53D
:10CDD0001CFFE3F60D1A09FA04FDFAF8091A081502
:10CDE000040E0102EE110FDA14FB03040B0F09FB12
:10CDF000F9F9F9E4050309151A0404E5EFFD031236
:10CE0000EB22F3F5F10604FD03FDFE16FA1FFEFC0E
:10CE1000050D00DEF80EEEDBE9090600F5F1FF1462
:10CE2000F50FFD1007EEFC02090106DDF101DFEA56
:10CE3000FF3008FEEBF509FE05F707F9FDD9FFF312
:10CE400005F8F7000A0AE907EC0EC7E80F060BF62B
:10CE50000A02F8E203F20DEF0111FBFA13FF0904D5
:10CE6000070E1005320D0DF701FEFEE002E211F58E
:10CE7000120E0CF503EFFAFEDD0018F0FAF01CFCC0
:10CE8000F90601FAFFE60C0816F908EEFC0CF9E8C1
:10CE900006DBEBF3FBFA0607FD0AFFF70F1F01198C
:10CEA0000206000AF8032AF025CED1FE17D1F91B9D
:10CEB000FA08FFFD031BFFF0FF02FDDC0708FCDEA4
:10CEC000F4DCEB0B0DE9F4F802F5FBD7FF32F4E9E3
:10CED000F1FC03E1220421F901D0E62325C7120762
:10CEE000FDF003C2031403F3E3F0FBD51C1241FE73
:10CEF000F1CCF52CFC0F110902F9F604FB43F1FC0F
:10CF0000F20E06EBF903E816DBE50E040300FFFC66
:10CF1000F3EE0408FF17EBEAE50901F411100AEF3C
:10CF2000FEE3DF014700F8F0F7E303E00323F30932
:10CF3000FC0E02F30E0502F21AFCF2201953020451
:10CF4000FFFEFDD6070F030FEE0EF009F704F9F907
:10CF50000213FF0F1F2216F7020EFDF50A0705FF49
:10CF6000F403FA210507E111E302EFE1FCF5030BFD
:10CF7000FFF60816F5ECFAE204F8FCEB120504DE05
:10CF80001327E2F1EA0EEF0C00F5F01006F202F6BC
:10CF9000020AE8050AE821F8F926FC0F0429EBFF4C
:10CFA00001060CEE07FC10FA180FF8160102001823
:10CFB000F92DE4F6060B21FEFA07FC020F05030229
:10CFC00019F6F30AE701F2171A01F7E3DCF8080291
:10CFD00005FDF71908F005FC09F7FDF0E4F314F678
:10CFE000F60AF2FEECE7EC09FA0000FEFE18060471
:10CFF0000BF40A000A1707EFEA0001FEFFE500FB49
:10D0000007FE0E0200F2021304F2FC08FD07F6FE12
:10D01000F10B0CEB1CF90F060A06FE07FFEDF70CEF
:10D0200003F8F401F7F704EB09FA090FDF01F90639
:10D030000A04EFED04F20907031001FEFF09070BD4
:10D0400003E319FCBFFB16010500071301F505FA00
:10D05000040405FBF7F7EB0EF4FD1400E505F603F9
:10D06000F9FE062009CA12FAFA010A0609FDDEEFE6
:10D07000E81C12F800B21AF811FDFC15F9E30CE9EE
:10D0800011F5051D04F709F90901E1C7210F08FF92
:10D09000FCFEF0F005E2FF1C02FDFD050EF2F41DA2
:10D0A000FE2C27F8F712070FFA09FDFE00D308EB54
:10D0B0001DFAF513F8F3F804F00FE8EFF4031AFA89
:10D0C000140303E80925082108091DFEE106F70CF1
:10D0D00018E6FB03240901FCFA0602E6FA390824E3
:10D0E000FBFF1309F909FBFA0AE9EDE5162C12FD1D
:10D0F000FB1004E003030DF3FCF90A23EAEF052417
:10D10000E9D4E50F4C32EB01FDFA04FB05221719B7
:10D110001611070EF410D5FFF6FEE30E0800E9EE37
:10D12000F60AFA0FF91609FE060FFAFCFD10E30ADB
:10D130000A07F2F4FEFC070D0509FBECFEF9FD09F8
:10D14000F814F508E6FBE6B4F4062BE6FC0DFF0147
:10D15000FB0403FD0216ECE90005F10A0E0715E5D4
:10D16000FC1EF1E916F009FD0616031EF5E2200685
:10D170000C00FFFA0708E6DCFAF71CEC17F90502C9
:10D18000F8040AFB09F4F5250F0708FFEBF2F4D6C3
:10D1900026F901C8FCF20A01FB08F9F50BE40AFDC7
:10D1A00007FFFDFCF6021515F00FFDF1F9D208039B
:10D1B000FC040A0EFFE509F7F8F8FB030F01FDDA9E
:10D1C000FFF512FEF9D207FE02F704F0F9FFF4DAD8
:10D1D000F9F300DD1A03270115D7ED0BFCAA0602AF
:10D1E000FBE608E9F520F9FCC50502E0261B2D0742
:10D1F000FDCAF6190813E6FD08F802FDF92704F741
:10D20000F111FEEE13040F0FE0E8FD16FAF30EFC29
:10D21000FDEEF9140C05F2F9F80F0AF5FB1304FE04
:10D2200008DAE4031A1DF1FAF4F500EF0716F6091F
:10D23000ED0D02EC240900001FFFF51516FCF700A8
:10D24000FD04FCFB0112F707F00EF3F0FC00ECEE1E
:10D25000F61BF2FC101316FA000A0AF1F5FEF9F4B7
:10D26000040AF109FB05E206EC1EE5E7F6E30D070B
:10D270000308F1FD02E3FEF0F4FFF7ED1406F814E5
:10D2800023081CEC16FFFDFBFA05030A03E305FF68
:10D290001EECF4F700F10C0D0C1A1F08091AFCFB28
:10D2A000FA0A00FEFBE7FF0F17F5F313F7F3E300AD
:10D2B000FF0D04EAEEF8F401F50404FBF505050D95
:10D2C0000DFA0325F1FBF80B0F07ECE9160B050629
:10D2D000F80C001104F0FA1206F1060AFA030AF437
:10D2E00007081806010AFC04000FF705F510F906F7
:10D2F0000B0A090C01021107F90E050707F1F602E6
:10D30000F7FEFE12F91E031AEAED0C08F2FDE70C17
:10D31000FAFF0705F9EEFE01F903F90EFEFDFF0D18
:10D32000EEF9F5F5F20609FAEF03F611EFF90D0043
:10D3300009FBFD04FBF506F3F700FE01040513FBF2
:10D340000800E6FEF9D2091206F7FB24FBF50ADF16
:10D35000EB04EF04100B1C0103FEE7FCD3B0130633
:10D3600002F90604FAF9FEEBFB0604F1150D201292
:10D370001E0101F7F5F9E702FDFE04FFFB210E0295
:10D38000FC040201130D01050105F0F60FFF0D016C
:10D3900004FFFB05F70DFFF9FC01FBF618FBFF137B
:10D3A0000D0CEEFBFA1D040B02F8020DFFFE04ED5E
:10D3B00002F808E505F90A071B01E5FEF2F303FF91
:10D3C000FD0007FC001709F502F6F6EE0B1212F14C
:10D3D00008F6EEFFF905FC000304FAFEFE0F00124A
:10D3E000FCFCFEF60612EDF802EFEFF6020308F77A
:10D3F000FFF90111FC1EFD07020303F7F9000909FB
:10D400000800F204060B050AF802040E0B161903B5
:10D41000090205020E080EF8FD0502FC00FFFD03DF
:10D42000FF0001F901080B03F8090DFD0B0E0FFDBC
:10D43000FEEDFDF8E505FA070908FC07FF05FF0A00
:10D4400001F60200070DFCE0FA1206F901000DFCDE
:10D45000FAFBFB0BFA0A01F0F20306F80D000BE4ED
:10D4600007EEF303F4F0F8080CF9FB00FEF20CDE13
:10D47000FC0DFEFF0A0302F0FCE8F70FF9F70502C6
:10D48000060B0000FDFE05EA05FD0BF506FC0F0787
:10D4900014ECF4FAFCF7FE03FEF8F714040001F5AF
:10D4A000FF0503F4090200F8FBFBFC1BE0C1FE01D1
:10D4B00008000B0508E9F3DBF50601FAEDFDFB02B8
:10D4C000F4FC09EBE2D213FB04F10612F5F704F2C7
:10D4D000D607FCF209113507FCD3EADCC9E8E90DEF
:10D4E000F0EFFD23F0DFFC09E51503EC0FF7111554
:10D4F00006F7FCF3EAC9E7FF10FB0606FED704F3C4
:10D50000F5FB02ED1B15FBF30806ECF51D19FFEF0B
:10D510000601FCF9FFF7030802F9F2F907F5EF3508
:10D520001111140D130923FDFFF509ECFAE6FEF1C4
:10D53000FDF6F5FB0E020921340FF0E7FCF216FAB6
:10D54000FD03F3E602E618F103ED07E7F000041629
:10D5500015DEFFE5FCE4F9FFFBFEFEF8F806FE032E
:10D5600000FEF4111BFD09FC200718F80A0F05093D
:10D57000EE00FDFBF91D030709050E22F100F0186E
:10D58000FBC60100152108FFFFFFFAEAF60105F3CB
:10D590002DF80026FEFFEB01FF2A11031C020A01F1
:10D5A000FCF10204FF05F6EC080BFD07E8F4FA03B2
:10D5B0000A180EF9F400F3010E0EF600FBF800FC59
:10D5C000070009F003F713ECE7291305F5FAFCFE51
:10D5D000FD13F6FBF60B001501F5FC140405F2CD66
:10D5E0000AF911FDEFF4F20303000CFC07EA010451
:10D5F000F6F805F2EAFE0DF301FB2211FFFD0E0520
:10D60000050203F303E601F4F9000E06F1EB01F164
:10D610000A19FFF5E0FEE900FA0501F8FDF603ED51
:10D620000B03F20EF2030309EB2C000D11F5EDF2E2
:10D63000FDFF01EB0614F4070206FF01F4F9F2F80E
:10D64000EBCC0D11192BE1F8090A00F100080315C4
:10D6500008050706EDF3E3FECF03130E4249FAF97E
:10D66000EF2300F7FEDD070515070E1BDFF6CDEFF4
:10D67000F41806FD1EDF290C0008061B09EDFCF35B
:10D6800000EAFE12EEF0E8FA0A11DEE30200F8FF0B
:10D69000020EF30C09F6ECFCFBFAF40803E6FC05B9
:10D6A000DE0C0FFCD9FAFE07020FFBFBFCE00D00BD
:10D6B0001104F826F4FBEB0FDA0AF9F8090710FF5A
:10D6C000020F02090724100E07101013F217FA1A9E
:10D6D0000ADDCF1A22FBFE06FCF3FDF00D17FF2238
:10D6E00004FC27E8F4F711FD1EDEFAE9040E00053C
:10D6F0000CFCFCEC01F707F8FFFF0809F6F9030B37
:10D70000F706EC08350DFAF2F20302F6F90A0117F2
:10D71000F60B0304F201FCFAF7EA0416010006FD19
:10D72000F005FD02FA190308F30005FBF400DDF82B
:10D7300009E5E9F61BF20107FC01EFDEFD0F01F838
:10D74000E6020707F0FB01B9FFE70B10FD0501F644
:10D7500005FB04EF031009FDF6FEFC0AFE0D14EFB5
:10D76000FD02FEFCEF090106FE0E0311FA07FD148F
:10D770000E0AFE0DEBFE07E1EB0807F30F10DF0DBD
:10D7800001FBFE1BF3F2FD0701F907FA1405F5EDA5
:10D79000FA09EDF1EBF8FA0500F9081902D702EDE4
:10D7A0000714FB0116090A0AF811E7051B02F8F72E
:10D7B00003FEFEF00904FDF7EAFFFEF502FE060F88
:10D7C00000E8DB0A0801F8F0FFF7FDE1F31BFBFCC2
:10D7D000EF03F9EF02011A0C03EE041800F5F7FD50
:10D7E000FBF303FEF80406F0F6F4FB0B0111FBFE5D
:10D7F000F0FCFA10F6F60CFD03F8FC1A05FB00E449
:10D80000050607ED0204E9160B08F806F5F8F00026
:10D8100002050AE80222FCEFE9FFFDFC030008F61E
:10D82000FBDACC131C06EEFEFCE9FCD9FF16000562
:10D83000F7FE01FD120903F2F2CEF3140D11FBFB0A
:10D84000FD000301FEE003FD0809F7E5FB0614E116
:10D85000E103170AFD080F0EFF00FD1C05E3FEEEB5
:10D86000040300F20F0E080BF513DFE0F4EA0AFEE2
:10D87000FBFA0CFEF9FFF5E8F1F2F6F0211C1AD2E2
:10D880001AFBB1F419F5F7F802F9FB1A02E4FEF5F8
:10D89000F809E3EF05FAEFEE11F1F40704050400CF
:10D8A0000D0203D904040901F700FAF6FBFD080292
:10D8B000F2F20AE70C0304FCFD07FA0204250E0F3E
:10D8C00003FC08F1000D0BFC05DAD2F1F1F00904BC
:10D8D0000808020FFDEA0310F9FF06EA090D00EB44
:10D8E000181724EFE401F402FEF8FC1608E9040E10
:10D8F000F8F6F2F9FDF7F8F9041810E808F7000453
:10D90000FF06F4EFF81600F8EBF8F610010C090228
:10D91000EDEBF0F106000FF9FD07FFEAF51BFC0F38
:10D92000F202FEEBF9EBFBEF19E80D02FD00F5FD4D
:10D93000F50BF206FEF0F1FF020802FCFAFFEC0123
:10D94000FAE935010C14E9F202F601060CF00413B1
:10D95000FEE90F01F301F3060AFE0DF31B1D0C1087
:10D96000F6F6081703DB05F40CFC14FEFBFC1E079F
:10D970002011E8F0FBDC000106FD010E04FD0BD7D1
:10D98000F7FF01FB010D141014E6B9EA0430F4F6B8
:10D9900005F906FD07F7F2100CFCF8FCEAF0F20AB4
:10D9A000F2E0220917F705FA00F9EEFD0F07FC086F
:10D9B000FAFCFA17FCFFEBFAEF0BFD08FB1F01085E
:10D9C00002F4090301FCFE09EF130FF9050317F830
:10D9D0000D0407122F07FBFD04F0F6FD10FFFE09F2
:10D9E000FAFCFFE20805FFFB16FDE3FBFEF8000171
:10D9F000FFF801F904FD0C16EC02F31301F4010722
:10DA0000F6FAEE0B0BF50D06F70C04FF08080616E8
:10DA100001FBFE06FFF7E4ED030F181104EB11F90B
:10DA2000FFFDF811FD07FA0DFEF50400E7FFFC000D
:10DA3000E907F5FE1012FCFE080106F6030CFDFBDB
:10DA400003F9F1F50CFFFAF21307090CE004FB00EF
:10DA50000800F7ECFA00070202F5F30BE703181EC3
:10DA6000F8F23301F01C08FDF90606EC0F12FCF980
:10DA700002060907F4FC0C34000CFC1AF10AF6004B
:10DA8000FD0607FFF12EF6E712050AFBE4EEFFF5AF
:10DA9000E0EDD812F5FBF7FCF80AF103030404EA01
:10DAA000FE0106110A0901EEF00B1D0501F903FD47
:10DAB000FDFEF7060508FDF9F8070A05FDFB00E87D
:10DAC000FC01F309E608EEFBFD00FC0211FBFDF68C
:10DAD00006FC0AF206080FF4FCF0EE030704FA064F
:10DAE000050207F1FC01F9F102F9FAFAFBF6F5007B
:10DAF000FEEDFB020AF20707FAFAFF020403F7FE43
:10DB0000010803FBFA01EFFBF30B050011E909F72C
:10DB100007FAFCFDF7F2F80202F7FC010103070126
:10DB2000FCFDFEF5F6FD05FBFBFBFB06060302FE16
:10DB30000A030603F1FFFF05FF0CFA000104F705D5
:10DB400005030805FCF507FB040B010004070CFFA7
:10DB500008FBF8FD010BFC08FE02FCF507F90702C3
:10DB6000FF0A071001FD100CFBFFF808010104007B
:10DB7000FC0303F7FDFD06F901020210FCFA06059D
:10DB8000FAF4FFF8E7FD0CF50608030000FCF1F4D9
:10DB9000EEFF02FAFA010509FDF7F9FD0D0000FE9E
:10DBA000F7F604000DFF040704020CFD1108FDFE4A
:10DBB0000902F8FC16070406070DFAF7F8FD04033E
:10DBC000F8070501FFF50501FB02041C020902FD2F
:10DBD000000702FBFA03040006F9FEF7010DF81234
:10DBE0000001050901FFFD03FE0600F9FC08FCFA2F
:10DBF000FF09FD0B0709F9F60002F001F9080CFE18
:10DC0000FC04F10403F800FD0005FD05FB02FFFF25
:10DC1000051300F8E104FAFAF6FC04FF03FE00091C
:10DC200002FDF7F20805FBFE0D0301F8FB19F606ED
:10DC3000020908FBFF1BFB0808FC0302F805FEF8BD
:10DC4000FFF7080BF8F6E7F5FC09F9F902090218E5
:10DC50001DF60919F3F3F712F403FC12FA3BFA016B
:10DC600002100809FEE70D1104FF0412EF00E70996
:10DC7000F62C07F303F91206F603010905EAEFEBA8
:10DC800003060907FA03FC0BFA0AF8E317C3FE01BF
:10DC9000050803050BF9F70B0BFB050C07F4FD0159
:10DCA000EA0C14FEFBC1FCFF07F2F6F904E90AEFE7
:10DCB00010F9FD1EFD07FC04E0F1E808F3DB15FC9C
:10DCC00004FC1004FE0BF909FC07161AFE04F6F911
:10DCD0000EFAE409F343FB0B0D0806ED0102F31CF9
:10DCE000F6FB13F5FF06030E0AE802EA091AF6F836
:10DCF000FF0306E911F201FEFA00FF0BFCF104211B
:10DD0000F7F30E0A2914FDFB050207F6001AFB16AD
:10DD1000FFFC04FFF4F3FA0DF3E2E6000C0A00FE48
:10DD2000F70101060313FC08FE01F2FEF803DFFD14
:10DD300006F4F5FC12F6ECF70B0702EE0506F8EF19
:10DD4000F60BF50C02F502D103F813F2EC0902F719
:10DD500005FFFEF5FA200202FE010111EAFF01E8CB
:10DD6000FADFFC00F0FA02F90102030206F6F8FEFF
:10DD70000F02F20E00FB02EBED000202F4FEF5FCD6
:10DD800005FCFC12F5EE00F1FEF9FAFA14FD00EDC7
:10DD9000FE0CF8F8E7F4F803FB0500FEF8EB04DAF4
:10DDA00004FC08090EE70501F511EFEDC6C8FF04F4
:10DDB0000FF2F8F900ED04E5EB0805F301FF15F3A8
:10DDC00001F3FE01F7E2FA0A00F3F81905FDFEFC83
:10DDD000EBF307DC250C0FE706D40006F5CFFCFEBD
:10DDE000FFF8FCFE0316F8F4E2020EDE0F0E24FE2E
:10DDF00008E5EA170B20F10201FCFAF6FDF6ED0347
:10DE0000F1FF05E10A0D010304EFF30704EE11F938
:10DE100001FDFCE905ED0DFBF4FBFDFA0BFFFE0A2D
:10DE20000AEEFFFFFE010FF2F7F9F805F9FAE8E94B
:10DE3000EF01FEF2FAEC140C07DEE611F73FFFFBF0
:10DE400002FD08DDFE000BFFEC03F5EF12010114EB
:10DE500001E0EAFE163709F90802FEECF8F8FDEDDC
:10DE60000303F8F1FF02020DFF0FEF24F6150EFF7A
:10DE7000F4FEFBF2FE04FC02E9FEF404F8F808F8F4
:10DE800001F3E0F90D0BF30BFBFA000FFC13F8069E
:10DE90000507F11D0A091B02020C04060AFEFEF822
:10DEA000F90205FFFBEDFB0CFA0AF3100204FF0177
:10DEB000130C08000E090607FB03FE0100F4FCFB2F
:10DEC0000B0AF80DF6E8F81805030C03FEFF06F739
:10DED0000B0901F6FF1A090C02FBF3FDFE04FCF02E
:10DEE0000306190CF2FAFA08F90210170101FE0CE8
:10DEF000F3FE0500FCF010FEF0042900EDF9F60138
:10DF0000080904140C00FB020302FEFB0FFFEA0BDE
:10DF1000F314211DDC1502F605FEF702F9EB0400EF
:10DF20000C0B040CF909FB07E71727F01AFA0E0D82
:10DF30000EF40102F400FEF20BFE04DDFCFD04E928
:10DF4000FDF7E301210E07FEF4001008EFFD0512B6
:10DF5000200C09F40101FEFD01F608F3CC1702FACA
:10DF6000F9020CEE01F7F603FF09F0E31C11EE01D4
:10DF7000090A29F3052BF3E508FA02EFFC15EE1B5D
:10DF8000000AFDF1EBF2E3AFC70F5513F8010CF1F6
:10DF900000F8FE10F4010B120601FCF505F4FBFD80
:10DFA0000218100ADD11FDF8FE04FD0302D9FE0C73
:10DFB000F40801EEF306270714030CF2FDE6E4FF74
:10DFC00003F91008FBBFF6FB06EE01111608F0116D
:10DFD0000F0EF4F4E1ACEB01F3FEFAF9FDD2F7EC2D
:10DFE000F9FBF01CFCFBF510E3042C1B10F601FC04
:10DFF000FE0B12FA0BF9FE1CFC100307F700E006FB
:10E0000006023FF7FEF214FB0306060FFCE90814B4
:10E01000D6FE0AEAEB101B2508010CF2D6E113FD2F
:10E02000FEF3FA0705DBF7F0FC01010025191210D9
:10E0300014F00509E7E1F3F9F3F1030AFEC8FEDD88
:10E04000F9040AE5060DF425FFF9EA222BF5F6039B
:10E05000F20B04E103EEFD1809F7FC30FFF1E41DBB
:10E06000E9FD35F11FF9030101FEFAFAFF11FCFE8B
:10E07000EF021602F40BFB08FFFD2910F3141E0932
:10E08000F7EC03F7FBF0FE0CE106110A0E06041D87
:10E090004518071B050FFCF810F5F40601FCFB08FA
:10E0A000FC02FDF1F9F427FEFE1EF4DF00D20D059F
:10E0B000FC07010206E0FDF9F3F7FFE60CF9ECFBC3
:10E0C0000AFB0BF700E7F205FAFFFE0AFAF2000B73
:10E0D00006ED07000504FFF6FD0A0FFD4546FB05AA
:10E0E00007F8FC0701170412050405EA00010E0FEA
:10E0F0000B1D0C0A0D060B06040602ED0310FBFCBB
:10E10000F905FEF4060CF30F15000EFDFF1C00FED2
:10E11000FCF9FCE108F9FB060C02020FEF08F7FA24
:10E12000FEFD15FAF10E0DFEF70000070901F6FBE2
:10E13000F80B0FF4FFFB1702F40015F90240FB0483
:10E140000BF60215F609F5D0EC050804151600F7D4
:10E1500002F305060221FE0C0BFE02FFF9DFF7DDDC
:10E1600003FB0AEEF7F309070C02F732FA02F7F89D
:10E17000F5FE03ED0AF9F90CF705FD0608FE03D6D6
:10E18000FF031913FB07F1F2FDFB05240B17FEFF3C
:10E19000F6F1F5FDFBF410F903F8000F04E3EB07CB
:10E1A00003FAF9EDFDFDF418F20104F4F60C12F691
:10E1B00001F402FBEB0BFDFAFB06F801000107126C
:10E1C000F0FC050002F50CF40BFDFA20C0ED05FC97
:10E1D00000F1FCCB030807E8E9F3F905EFF7111CA0
:10E1E000EFB7FD0BC6FB08FB01E807F40510FED0F6
:10E1F000ECF9001002094BDDD4E1B60ED3EECF11DD
:10E2000003F4F50CF50405D5F4F2F9EB0C1C05F656
:10E21000B4E6FA25F3F2D4FD07FAF8F501EAF4E1E1
:10E22000F9EFECFC070AF3EFC4F5133503D0FB0E4E
:10E23000F4F30904F6E9F2EBE9FB0BF9F5FC14F849
:10E24000EDD8F003F3C71C0A04FC0AFDF60503ED44
:10E25000E91315E6F9141E0BF7D3BDFAF513F9020D
:10E26000FF03FBF604F90513030BFCDE01010314A5
:10E27000E7EDE9F1FBE8FB0306FFFFFBF9FD01FC1D
:10E280000908EFE2030EFAFAE8F90202E3320403A6
:10E2900010F402F3070EF8E3F90CFD06F308FE088C
:10E2A000F9EFD80AC5DF0BFAEE08FB1AFFFAFAD02D
:10E2B000F612F9EE0EFEFDEE2235DAF1F2E10BF880
:10E2C000030900F6FB00F901EBF302E905FDFE018D
:10E2D0002FD6DBF0FBEBE3020AF4F6ECEF05F8EFE8
:10E2E000F6EC08FB090712D025FFF2F907E5F6F670
:10E2F0000A0AFB20FD030B0311FAFDF0EEEEECE23F
:10E300000536F9DBD4F8F6F8FE060304FAF0021538
:10E310002FFDFE080DFBE8DD2B3B2AE5DB0D01049C
:10E3200008FC010EFDFD080AE903050CF0F902F9ED
:10E33000FF0DF0E91C28FBF805F3F70BFEEAFE0BD6
:10E340000606FDEE07F90AE6041F353217EFEF0760
:10E35000F20AFCF1F11400F4FDFE22EE06F6F90ECD
:10E36000EDCA30F2EA070200F4050DDBFAFE02EA1C
:10E3700001E81D09110B0810F6E01608DEEBF105A7
:10E3800004FA0DF7F9DA00D8020A13FDF9020001C8
:10E39000C7E5F71EF7FAF3F90206FE04FDF0F5FAF9
:10E3A00000030010140DEEF7CE0E2F17CAD0100187
:10E3B00009FC0606F301FFE50107020409FE09F75F
:10E3C000FD08DFFFEADBFC08FF16F81600EE1AD2A4
:10E3D000F8FEFDF9FC051DE2F4DBD2FFCCF10A09E1
:10E3E0000BFF05FC00F106E70002EC0310FD08F24C
:10E3F000FEF8FC0419F409010E10F8EBF9FB060213
:10E400000CEEFD010E0109F62102D6E51CE508001F
:10E41000F903F9FD02E6F6F307F9020F1BFB032DE2
:10E42000021FE0E5F424F6110F08F80E080700F6C5
:10E430001FF20B22FAFB030DF105DCE5EAF70309F5
:10E44000F71B01080221FAFA0CFB050AFD13F50679
:10E4500010F1EDF2142AF6F70C0804F5FC31F62061
:10E4600003030306F7EFDDE7F2E706060D241214B7
:10E4700004F9F3E00A4D0B0501F8FDEBF00011057E
:10E48000F2ECC9032527F4FF1109FAF5032C0DFA64
:10E49000F20B03EEEC0AF9FA00EAEEFBF705F507DA
:10E4A000FB080316F9FC0DFD0205FBE60018ECEC79
:10E4B0000CF62A0702F2F90102F5F6F8FFF6FCFB6A
:10E4C000FC00F004FC00F3DDE907F8F701EF060DAE
:10E4D00001080005F90BF6EAF30906002C0833C51C
:10E4E000F404D60A3FEE070C02080AEBF5EB18F924
:10E4F00004FEDDEC21F8F4C8D9D80FF928ED18FA9C
:10E50000FC05FB0FFDDA060E0FF301E60301000721
:10E5100013EFFBE124000704F3FF040B0311FBF8E6
:10E52000F5F507FE0A0B19071CE8E916FB2700059D
:10E53000FB0BFE01F9EC08F50205FCEBFD0108F907
:10E54000FBEBD903FBB80F0C04F9FDFCF5F601E277
:10E55000FC03FBEA180F33F20DDBD2F9FEC2FFFE1B
:10E5600002FB0F05072604EFF40507EE0B1D4931EA
:10E5700002D8EB08EF15E4000B0302F3011603FDCC
:10E5800008FEFB010C0BFDFFE6E6F60909E610F6B6
:10E59000FCF4F5020209FFF0F80210ECFF00F10BA9
:10E5A00005E2E516F81B1305FDF5F407010EFFED76
:10E5B000E602F3E611F515FE2508EC0301EAFFFF7C
:10E5C000FBF804F3061704E9EEF9F1E41A051CF967
:10E5D0000CE7E5010B01FBF4FA0209F5FE0A0DF266
:10E5E000F6F0F10004FEF3F3E309E20C06FE130378
:10E5F000F90A0A0100F6E914FA0600F9FBF903E149
:10E6000016020B0400EDEFF7FBFF0A320B03F10DCE
:10E610000BFB01ED04FA010705152417F1F8FEF1D3
:10E62000FDF1FEFE020EEA03EEFCFE02FC0106F224
:10E630000AF1F5FDEEF4F8EFFE000502F5FE000A22
:10E64000F104FCF5000302F9EEFF1D1AF00803FDCA
:10E65000FDFCFFF0FC07FFFFFCFE05F4FB03F6FAF0
:10E66000F9D2F709FFFD01FE07F004020D0001E3F6
:10E67000EA051402FE013A00EAF0EF11EC06F30499
:10E6800008FBFE0D16F1FDE5F5F908F5220EF5F68D
:10E69000DA030D3304F70709F2F70305FCECFBF18D
:10E6A000F405F4F00EF00AF7EBF9FF1C10F8FC0784
:10E6B000F9020002070402FDF80602FCFF02FC0159
:10E6C000F3FA030AF404030106000106FF00FAFF4F
:10E6D000FC07FE07F904FDFF05FE00FEFE04050031
:10E6E00000F307FAFF0009FDFFF5FA03FE0806FB39
:10E6F000F7FDFD0800F108FDFEFCFB06F5FE070234
:10E70000FDFAFDFBF90506F901FE00FCFF05FBF52E
:10E710000104FEFFFC0200010706F3FDF902FC0103
:10E72000FC0202FA05F6FF060A05FBFEF6FD0605E9
:10E73000FD00FC000103FE01FE03FE03FCF6FFFDED
:10E74000FD07FBFCFBF601000201FCFC06FCFBF9EB
:10E75000FA01FD040DFCFD01FDFFFC03FAFA00FACD
:10E76000F9F7F7FF0B01F2FC000200FEFBF702FCD9
:10E77000FDF900020501FE0006F903FB0C05FE058C
:10E7800001FFFBFB0701F80B01FDFBF9FD0206048D
:10E79000020301FCF903FFF7FFFDFAFFF9FF04F89C
:10E7A000FDFD00FE030105FF03FEFBFEFEFFF5F687
:10E7B000FBF9FBFEF5040A02F501FE0100FDFBFC7E
:10E7C000FD0404F802FB01FDFB0207F701F8010854
:10E7D0000802FDFE01FF0202FA04F900FF00FBF54A
:10E7E00001010101FF050002FBFA09FC050209FA1B
:10E7F0000402FA05F20107FAFE030006F4FFFDFA2F
:10E80000FAFD060703040004F701FC0000FD000AFE
:10E81000FC00030500FDFE000100FE0401F7FD0001
:10E82000FFFBFFFEFB030A060BFA00FD10190DFAB1
:10E83000FEFBFFF00A06000002FF02FF02FAF1FEF3
:10E840000AF2EE0AEE21F809011905DFF104FA13C4
:10E850000504FE08F6F8E60CDE0720FF3A450BFF3C
:10E86000F90F06FBFDFE000D06F7070EF3E5DB12C0
:10E87000F91402F204E326FE0305F7F5FCE00107B4
:10E88000F5FB0300EFEDDE1A0EFE0FFDE4E8EF01ED
:10E890000402020001F70002FEEFF906FF000DE698
:10E8A0000A08EE07F517E10C0102FEEEFC02040C6B
:10E8B000120E03110AFB00F5DE0CFBEA012AF9FC3B
:10E8C0000E040121F60805121D14122EF4FB05F5A5
:10E8D0000406080CFC241305F8FDFEFD0ADE0DE518
:10E8E00016F906FBFF001F26FAFC1109EAE1F00306
:10E8F0000410ED180305050A0EFA00F117F7EDE410
:10E90000F70A0D1004EEFB04FFEFFAFDFDEFFCF734
:10E91000F4F7ECF6F400FBF71AEEFDFA06F815042E
:10E92000FF050801FD03ED02FEF8010207FA11FDE3
:10E9300005EC0A09090EF013FDF3FD0D080906EBBD
:10E94000F6F306ED08FB1BFE21FAEC2FE5F30109B7
:10E9500000F702ED010A07FA0EFB0DFCE4F6EF17D3
:10E96000EBD028F9C81202FBF3F0FFE0FD0705F831
:10E97000F7000503EAFD13E3DEECFBF9E400E4082D
:10E98000FAEDF609040DF5E0ECF9EAFDFE0C15E8E8
:10E99000B7DAD012C9E4E500F6010A18F6ECF8E49B
:10E9A00000F9EA000AF8F0F0BCF5DD21F8050405ED
:10E9B000FB01FDF0010D00FD0A04F70AF8FBF00869
:10E9C000FEF105FE240B07FDFF050AED04FF02160C
:10E9D0000EF1F9070CF0F70EFD0C1CF22330F503D5
:10E9E000FD0000F10003FE0F13FE03F606FCFC071A
:10E9F000021909010DF20813FB0907FAFFF5FB02E2
:10EA000007F6FFF3F903F611FAFB05F8FE00010320
:10EA10001007F8F200FEFD020BFEF606FE07EDF110
:10EA200000020AF9E608FC04FC0507F902EDFDFD09
:10EA30001401070A0302FFFCFA0DF9F80A05060C97
:10EA40000E00EE03FB0303F6F9000B00FFF9060FBF
:10EA500000F4030BF01000F9F5F504F9080C0AEFC7
:10EA600009FF05F1F5F8FD2804F4E4E807F8EFFFE5
:10EA7000F703F50A03EDFE0404000C0B0AEAF2F0BA
:10EA800003060D06EEEC0001FDF00AFDFEE7000EA8
:10EA90000A01E3F2F9F804181AF40501F40321015C
:10EAA00008F303FDFCFFF51607FC09F803F90C1A3F
:10EAB00004D7F0FF0E1AE804F8EFFD01FB1CFCF888
:10EAC00000F3F70209FD10F216F1FF10BF01F90380
:10EAD000FAF8FCF004FB040513FFF915EEF703F553
:10EAE000F0D206FEB609FCFD0AFC06E60519F5ECB7
:10EAF000F1FE060FE6081CD5D4D7E60FE6FCE00AC7
:10EB000000EDFD0E0106F3D401FFF0FBF7021CEB54
:10EB1000BAEBB5F9F3F4E4FDFDF7FE0004F0FAF208
:10EB2000FAFDF3F20C04F6EFD20BF41F1909070CEF
:10EB300000000C00FFF4F7F405FAFFFD0600F106F3
:10EB40000C15FEFF12FC02FF0301F600F8E7FCFDC6
:10EB5000F50801FC0FFF15F90E0109112D4CF80302
:10EB6000FAFD07FB0821F50FF3FC04F40203120879
:10EB70000205F9030DF80402FC0A020A0410040855
:10EB8000FA1305E20B09070A15F70C010C1FEFFD3C
:10EB9000F706F6F2FE0D01F60F0A0109FB08FCFA72
:10EBA00017040F0105DD04F503F204F904F0F4F98C
:10EBB000FA010AF7FE0511F90AFD1701FC14FF0816
:10EBC00003FD070A000DFDE2FA0305000E030DF731
:10EBD000EFE714192010E6F700F005FC06F2F7DE67
:10EBE00009F207FCF307EF06F1F7F515F6F703F85E
:10EBF0000CFAFDFE0201F72303FE03FC0207F9EE07
:10EC000000161D08F50702F803000C00F912F31BAB
:10EC10000901FE04000203E80AF3170BD8FCFD0704
:10EC2000FCEC01FDFCFEFB11ECF4FC0D080208F805
:10EC300005E3EB05F601FBF60205F8F7FF03010615
:10EC4000F2F7FFF40DFAFFE70DF41033BF010CF4F7
:10EC500001FA06EEFB090DF0F6F2070FED0118FFC1
:10EC6000F9BB0705D7F80905FEE606001010FACD36
:10EC7000E1F4011D01FF3BE1C2C8BF2AC5F3D30B7C
:10EC8000FFF7FA040304F7CA0F06F1EE1C0E02F4B4
:10EC9000BCDBDC0CD5F1F000EFF206FF01F4FEF175
:10ECA000F902F0E32D10F3EBBAFB0E340506000079
:10ECB000000000000000000000000000020300004F
:10ECC000000000000000000000000000FCFA00004E
:10ECD00000000000000000000000000002F0000042
:10ECE00000000000000000000000000001DF000044
:10ECF000000000000000000000000000FD12000005
:10ED0000000000000000000000000000FF170000ED
:10ED1000000000000000000000000000040F0000E0
:10ED20000000000000000000000000000AF20000E7
:10ED3000000000000000000000000000FEEF0000E6
:10ED400000000000000000000000000006030000BA
:10ED5000000000000000000000000000FA1E00009B
:10ED6000000000000000000000000000021200008F
:10ED70000000000000000000000000000808000083
:10ED800000000000000000000000000007FF00007D
:10ED9000000000000000000000000000FC10000067
:10EDA000000000000000000000000000071F00003D
:10EDB000000000000000000000000000043300001C
:10EDC000000000000000000000000000003700000C
:10EDD000000000000000000000000000FF2500000F
:10EDE000000000000000000000000000FAED00003C
:10EDF000000000000000000000000000FD01000015
:10EE0000000000000000000000000000021A0000E6
:10EE10000000000000000000000000000B1B0000CC
:10EE20000000000000000000000000000E0A0000CA
:10EE30000000000000000000000000000001E900E8
:10EE400000000000000000000000000000E7CD000E
:10EE500000000000000000000000000000E8E000EA
:10EE600000000000000000000000000000E9D600E3
:10EE7000000000000000000000000000000BE600A1
:10EE800000000000000000000000000000FB100077
:10EE9000000000000000000000000000002B140033
:10EEA00000000000000000000000000000290B002E
:10EEB00000000000000000000000000000380F000B
:10EEC00000000000000000000000000000FAFB004D
:10EED000000000000000000000000000001BFE0019
:10EEE00000000000000000000000000000291500E4
:10EEF00000000000000000000000000000201E00D4
:10EF000000000000000000000000000000FE2500DE
:10EF100000000000000000000000000000D9FF0019
:10EF2000000000000000000000000000000F1A00B8
:10EF300000000000000000000000000000F6FB00E0
:10EF40000000000000000000000000000006F200C9
:10EF500000000000000000000000000000FCF500C0
:10EF600000000000000000000000000000FEF900AA
:10EF700000000000000000000000000000D3CF00EF
:10EF800000000000000000000000000000E6E400B7
:10EF90000000000000000000000000000012FD0062
:10EFA00000000000000000000000000000FCFD0068
:10EFB00000000000000000000000000000EA010066
:10EFC0000000000000000000000000000000050339
:10EFD0000000000000000000000000000000090820
:10EFE000000000000000000000000000000002F12E
:10EFF0000000000000000000000000000000D80138
:10F000000000000000000000000000000000EA1BFB
:10F0100000000000000000000000000000000DFCE7
:10F0200000000000000000000000000000000E0AC8
:10F030000000000000000000000000000000FDEBE8
:10F040000000000000000000000000000000EA0BCB
:10F050000000000000000000000000000000E525A6
:10F06000000000000000000000000000000007F6A3
:10F070000000000000000000000000000000F90691
:10F08000000000000000000000000000000006E694
:10F090000000000000000000000000000000ED1172
:10F0A0000000000000000000000000000000E1304F
:10F0B00000000000000000000000000000003FF918
:10F0C0000000000000000000000000000000240C10
:10F0D0000000000000000000000000000000160119
:10F0E0000000000000000000000000000000FAFF27
:10F0F0000000000000000000000000000000EF140D
:10F1000000000000000000000000000000004B02B2
:10F11000000000000000000000000000000027EEDA
:10F1200000000000000000000000000000000FF8D8
:10F13000000000000000000000000000000006F8D1
:10F140000000000000000000000000000000F606C3
:10F15000000000000000000000000000000000E4CB
:10F16000050000000000000000000000000000009A
:10F17000EC0000000000000000000000000000EBB8
:10F18000FE0000000000000000000000000000F58C
:10F19000ED0000000000000000000000000000FD85
:10F1A000F50000000000000000000000000000ED7D
:10F1B000E700000000000000000000000000002246
:10F1C000190000000000000000000000000000FB2B
:10F1D000FB0000000000000000000000000000F143
:10F1E000E80000000000000000000000000000FA3D
:10F1F000E500000000000000000000000000000C1E
:10F20000F6000000000000000000000000000012F6
:10F210000400000000000000000000000000000FDB
:10F22000080000000000000000000000000000FCDA
:10F23000EA0000000000000000000000000000FFE5
:10F240000000000000000000000000000000000DB1
:10F250001600000000000000000000000000000791
:10F260000700000000000000000000000000001285
:10F270000B0000000000000000000000000000F192
:10F28000F200000000000000000000000000000884
:10F290000300000000000000000000000000001259
:10F2A0000F00000000000000000000000000000C43
:10F2B0000600000000000000000000000000002721
:10F2C0001F0000000000000000000000000000F629
:10F2D000FF0000000000000000000000000000ED42
:10F2E000ED00000000000000000000000000000031
:10F2F000F2F3000000000000000000000000000029
:10F30000F302000000000000000000000000000008
:10F3100006010000000000000000000000000000E6
:10F320000BFA0000000000000000000000000000D8
:10F3300006020000000000000000000000000000C5
:10F34000F0020000000000000000000000000000CB
:10F35000EEF70000000000000000000000000000C8
:10F36000FAFC0000000000000000000000000000A7
:10F370001EFA000000000000000000000000000075
:10F380000604000000000000000000000000000073
:10F39000F9FF000000000000000000000000000075
:10F3A000EEEE000000000000000000000000000081
:10F3B000F00100000000000000000000000000005C
:10F3C000230B00000000000000000000000000000F
:10F3D00009FB000000000000000000000000000029
:10F3E000EF0000000000000000000000000000002E
:10F3F000010200000000000000000000000000000A
:10F4000004F3000000000000000000000000000005
:10F41000F8060000000000000000000000000000EE
:10F4200008140000000000000000000000000000C0
:10F4300002FE0000000000000000000000000000CC
:10F440000EFA0000000000000000000000000000B4
:10F45000F5F90000000000000000000000000000BE
:10F46000FD07000000000000000000000000000098
:10F47000FC0A000000000000000000000000000086
:10F4800000FE0B0000000000000000000000000073
:10F49000001A03000000000000000000000000004F
:10F4A000002609000000000000000000000000002D
:10F4B000001F040000000000000000000000000029
:10F4C000001DEF0000000000000000000000000030
:10F4D000000D02000000000000000000000000001D
:10F4E0000017040000000000000000000000000001
:10F4F0000030F200000000000000000000000000EA
:10F50000001CF300000000000000000000000000EC
:10F510000022FE00000000000000000000000000CB
:10F5200000040400000000000000000000000000D3
:10F530000025F800000000000000000000000000AE
:10F540000032F30000000000000000000000000096
:10F550000022FC000000000000000000000000008D
:10F560000025ED0000000000000000000000000089
:10F57000002F01000000000000000000000000005B
:10F58000001EFA0000000000000000000000000063
:10F590000024030000000000000000000000000044
:10F5A0000029FC0000000000000000000000000036
:10F5B0000009F3000000000000000000000000004F
:10F5C000001BFD0000000000000000000000000023
:10F5D00000380200000000000000000000000000F1
:10F5E000002A0000000000000000000000000000F1
:10F5F0000004F50000000000000000000000000012
:10F6000000010500000000000000000000000000F4
:10F610000000FDF4000000000000000000000000F9
:10F620000000F7F5000000000000000000000000EE
:10F630000000F0F5000000000000000000000000E5
:10F640000000F4F2000000000000000000000000D4
:10F650000000FAF6000000000000000000000000BA
:10F660000000F4F1000000000000000000000000B5
:10F67000000003EE00000000000000000000000099
:10F680000000FF0600000000000000000000000075
:10F690000000FFFF0000000000000000000000006C
:10F6A000000001FD0000000000000000000000005C
:10F6B000000002F500000000000000000000000053
:10F6C0000000FE020000000000000000000000003A
:10F6D00000000EF800000000000000000000000024
:10F6E000000002F200000000000000000000000026
:10F6F0000000FBED00000000000000000000000022
:10F700000000FBF600000000000000000000000008
:10F7100000000CFF000000000000000000000000DE
:10F7200000001108000000000000000000000000C0
:10F730000000FEFB000000000000000000000000D0
:10F740000000FE10000000000000000000000000AB
:10F750000000F7E9000000000000000000000000C9
:10F760000000180E00000000000000000000000073
:10F770000000090A00000000000000000000000076
:10F780000000FB000000000000000000000000007E
:10F79000000007F900000000000000000000000069
:10F7A00000000008FA000000000000000000000057
:10F7B0000000000E09000000000000000000000032
:10F7C000000000F91B000000000000000000000025
:10F7D000000000FE1000000000000000000000001B
:10F7E000000000CAE7000000000000000000000068
:10F7F00000000005F2000000000000000000000012
:10F8000000000023FC0000000000000000000000D9
:10F810000000001F0F0000000000000000000000BA
:10F82000000000142C000000000000000000000098
:10F83000000000D30C0000000000000000000000E9
:10F84000000000DEED0000000000000000000000ED
:10F85000000000FCF50000000000000000000000B7
:10F860000000000F03000000000000000000000086
:10F87000000000F224000000000000000000000072
:10F88000000000D41700000000000000000000008D
:10F89000000000EAF200000000000000000000008C
:10F8A000000000D1D30000000000000000000000B4
:10F8B000000000FAF8000000000000000000000056
:10F8C000000000F621000000000000000000000021
:10F8D000000000DD05000000000000000000000046
:10F8E000000000F600000000000000000000000022
:10F8F000000000C8E0000000000000000000000060
:10F9000000000000D5000000000000000000000022
:10F91000000000F6080000000000000000000000E9
:10F92000000000EA0C0000000000000000000000E1
:10F9300000000000FAF600000000000000000000D7
:10F9400000000000000500000000000000000000B2
:10F9500000000000FAFD00000000000000000000B0
:10F9600000000000080E0000000000000000000081
:10F9700000000000F900000000000000000000008E
:10F980000000000001010000000000000000000075
:10F9900000000000FBE90000000000000000000083
:10F9A00000000000FFF60000000000000000000062
:10F9B00000000000000D000000000000000000003A
:10F9C000000000000308000000000000000000002C
:10F9D00000000000F9F90000000000000000000035
:10F9E00000000000F802000000000000000000001D
:10F9F00000000000F1FC000000000000000000001A
:10FA000000000000091400000000000000000000D9
:10FA100000000000010500000000000000000000E0
:10FA200000000000FCFD00000000000000000000DD
:10FA300000000000F8F600000000000000000000D8
:10FA400000000000F1F300000000000000000000D2
:10FA50000000000006F600000000000000000000AA
:10FA600000000000F8F700000000000000000000A7
:10FA700000000000FF08000000000000000000007F
:10FA800000000000F2F40000000000000000000090
:10FA9000000000000D030000000000000000000056
:10FAA00000000000F1FA000000000000000000006B
:10FAB00000000000F0FB000000000000000000005B
:10FAC0000000000000F4FE00000000000000000044
:10FAD0000000000000F80800000000000000000026
:10FAE0000000000000F40D00000000000000000015
:10FAF00000000000001707000000000000000000E8
:10FB000000000000000EFA000000000000000000ED
:10FB10000000000000F915000000000000000000D7
:10FB20000000000000C10300000000000000000011
:10FB3000000000000009EF000000000000000000CD
:10FB400000000000004FE200000000000000000084
:10FB5000000000000047E30000000000000000007B
:10FB60000000000000E80D000000000000000000A0
:10FB700000000000000AE900000000000000000092
:10FB8000000000000039DB00000000000000000061
:10FB900000000000004AC800000000000000000053
:10FBA00000000000001ADE0000000000000000005D
:10FBB000000000000002060000000000000000003D
:10FBC000000000000013E70000000000000000003B
:10FBD000000000000025EA00000000000000000016
:10FBE000000000000003EE00000000000000000024
:10FBF0000000000000BCF400000000000000000055
:10FC0000000000000006EF000000000000000000FF
:10FC1000000000000001ED000000000000000000F6
:10FC20000000000000EF0B000000000000000000DA
:10FC30000000000000DC15000000000000000000D3
:10FC40000000000000DC07000000000000000000D1
:10FC5000000000000000F9040000000000000000A7
:10FC6000000000000000F0030000000000000000A1
:10FC7000000000000000020300000000000000007F
:10FC8000000000000000121C000000000000000046
:10FC90000000000000002D1900000000000000001E
:10FCA000000000000000FDF800000000000000005F
:10FCB000000000000000FF12000000000000000033
:10FCC0000000000000000AF3000000000000000037
:10FCD000000000000000021600000000000000000C
:10FCE0000000000000001F1E0000000000000000D7
:10FCF000000000000000EFFB00000000000000001A
:10FD0000000000000000F00E0000000000000000F5
:10FD10000000000000000E0D0000000000000000C8
:10FD2000000000000000231E000000000000000092
:10FD30000000000000001A19000000000000000090
:10FD4000000000000000FBFE0000000000000000BA
:10FD5000000000000000020B000000000000000096
:10FD6000000000000000FD22000000000000000074
:10FD7000000000000000FA0E00000000000000007B
:10FD8000000000000000FF00000000000000000074
:10FD90000000000000000C0E000000000000000049
:10FDA0000000000000000112000000000000000040
:10FDB000000000000000F915000000000000000035
:10FDC000000000000000F80100000000000000003A
:10FDD000000000000000FB03000000000000000025
:10FDE0000000000000000009FA0000000000000010
:10FDF00000000000000000000600000000000000FD
:10FE000000000000000000071600000000000000D5
:10FE10000000000000000013F700000000000000D8
:10FE2000000000000000000EE900000000000000DB
:10FE300000000000000000F40D00000000000000C1
:10FE400000000000000000080200000000000000A8
:10FE50000000000000000009E500000000000000B4
:10FE600000000000000000F6E400000000000000B8
:10FE700000000000000000F8E700000000000000A3
:10FE80000000000000000007E0000000000000008B
:10FE90000000000000000007DB0000000000000080
:10FEA000000000000000000005000000000000004D
:10FEB00000000000000000F12F0000000000000022
:10FEC00000000000000000F7250000000000000016
:10FED000000000000000000A120000000000000006
:10FEE00000000000000000EA3A00000000000000EE
:10FEF00000000000000000F44400000000000000CA
:10FF000000000000000000E62900000000000000E2
:10FF100000000000000000EBE9000000000000000D
:10FF200000000000000000F30600000000000000D8
:10FF300000000000000000F8EA00000000000000DF
:10FF400000000000000000FECC00000000000000E7
:10FF500000000000000000EFD100000000000000E1
:10FF600000000000000000E3DA00000000000000D4
:10FF7000000000000000000001ED00000000000093
:10FF80000000000000000000FB180000000000005E
:10FF90000000000000000000EA0000000000000077
:10FFA000000000000000000001D50000000000007B
:10FFB000000000000000000018CF0000000000005A
:10FFC0000000000000000000FCE60000000000004F
:10FFD000000000000000000013FD00000000000011
:10FFE00000000000000000000C3D000000000000C8
:10FFF0000000000000000000DE54000000000000CF
:02000004800278
:100000000000000000000000DF34000000000000DD
:100010000000000000000000EF07000000000000EA
:1000200000000000000000001FEA000000000000C7
:10003000000000000000000033C0000000000000CD
:10004000000000000000000034F00000000000008C
:1000500000000000000000001F1D00000000000064
:100060000000000000000000E8190000000000008F
:100070000000000000000000D41600000000000096
:100080000000000000000000DEFC00000000000096
:10009000000000000000000002F700000000000067
:1000A000000000000000000005F800000000000053
:1000B000000000000000000015FF0000000000002C
:1000C0000000000000000000F3FB00000000000042
:1000D0000000000000000000F80400000000000024
:1000E0000000000000000000F2E10000000000003D
:1000F0000000000000000000F8EE0000000000001A
:10010000000000000000000000FCFB0000000000F8
:1001100000000000000000000003060000000000D6
:10012000000000000000000000E6020000000000E7
:10013000000000000000000000F5030000000000C7
:10014000000000000000000000FFFD0000000000B3
:10015000000000000000000000F1FA0000000000B4
:10016000000000000000000000F1FA0000000000A4
:10017000000000000000000000E800000000000097
:10018000000000000000000000F8EE000000000089
:1001900000000000000000000015F4000000000056
:1001A000000000000000000000F2F7000000000066
:1001B00000000000000000000005ED00000000004D
:1001C0000000000000000000000DEF000000000033
:1001D000000000000000000000000200000000001D
:1001E0000000000000000000000F040000000000FC
:1001F000000000000000000000F7EF000000000019
:10020000000000000000000000EEF9000000000007
:1002100000000000000000000001F10000000000EC
:10022000000000000000000000F6040000000000D4
:100230000000000000000000001412000000000098
:1002400000000000000000000041F000000000007D
:100250000000000000000000001C1A000000000068
:100260000000000000000000001B0400000000006F
:100270000000000000000000001FFF000000000060
:100280000000000000000000000912000000000053
:100290000000000000000000000029F00000000045
:1002A000000000000000000000003013000000000B
:1002B00000000000000000000000240F000000000B
:1002C00000000000000000000000260B00000000FD
:1002D000000000000000000000000B06000000000D
:1002E0000000000000000000000028FD00000000E9
:1002F000000000000000000000001F0300000000DC
:10030000000000000000000000000F1D00000000C1
:1003100000000000000000000000001800000000C5
:1003200000000000000000000000FD0C00000000C4
:1003300000000000000000000000040400000000B5
:100340000000000000000000000008FC00000000A9
:1003500000000000000000000000090C0000000088
:10036000000000000000000000000A15000000006E
:10037000000000000000000000000D180000000058
:1003800000000000000000000000F4100000000069
:1003900000000000000000000000EDEC0000000084
:1003A00000000000000000000000FDEB0000000065
:1003B00000000000000000000000F1F50000000057
:1003C00000000000000000000000FAF5000000003E
:1003D000000000000000000000000000000000001D
:1003E00000000000000000000000F6F50000000022
:1003F00000000000000000000000F4F50000000014
:1004000000000000000000000000F7EF0000000006
:1004100000000000000000000000F4EC010B07E702
:10042000000000000000000000000000062D15DDA7
:10043000000000000000000000000000053A0FEB83
:100440000000000000000000000000000A3221F35C
:10045000000000000000000000000000031719EC7D
:10046000000000000000000000000000FDFFFDE6AD
:10047000000000000000000000000000000F1EDD72
:10048000000000000000000000000000071233EA36
:10049000000000000000000000000000FE041AF34D
:1004A00000000000000000000000000009FF23E63B
:1004B00000000000000000000000000000FCEDF162
:1004C000000000000000000000000000FFFFE1F459
:1004D00000000000000000000000000002F5EFF73F
:1004E000000000000000000000000000FF031500F5
:1004F00000000000000000000000000006FC1BF5EA
:10050000000000000000000000000000FEF719F7E6
:10051000000000000000000000000000F4ECEEFC11
:10052000000000000000000000000000F8EFEF07EE
:10053000000000000000000000000000F5EBF019D2
:10054000000000000000000000000000F6ED13179E
:1005500000000000000000000000000004FE0EFC8F
:1005600000000000000000000000000010FEF6EF98
:10057000000000000000000000000000060601F47A
:1005800000000000000000000000000001F2E8FF91
:1005900000000000000000000000000008ECE60F72
:1005A0000000000000000000000000000000E40265
:1005B000F0E3000000000000000000000000E6F88A
:1005C000EAE7000000000000000000000000E7195A
:1005D00002E8000000000000000000000000C8FF6A
:1005E00002E0000000000000000000000000E20344
:1005F000F3EB000000000000000000000000E9161E
:10060000FFDC000000000000000000000000F60F0A
:1006100008EB000000000000000000000000E916E8
:1006200003E2000000000000000000000000BBFA30
:10063000E4E8000000000000000000000000EB0DF6
:10064000FCE5000000000000000000000000F92AA6
:1006500018ED000000000000000000000000F31B87
:1006600018E1000000000000000000000000D2F9C6
:10067000F5D9000000000000000000000000E602C4
:10068000EAEA000000000000000000000000060E82
:100690000CFA000000000000000000000000EE283E
:1006A0001CE3000000000000000000000000EF213B
:1006B00016DC000000000000000000000000FAE866
:1006C000F7EF0000000000000000000000002A0119
:1006D000EEFA00000000000000000000000022F41C
:1006E000F402000000000000000000000000DF1124
:1006F0001CF6000000000000000000000000ED16E5
:1007000019040000000000000000000000000AFCC6
:1007100008030000000000000000000000001EF0C0
:10072000F8FE00000000000000000000000019FBBF
:10073000FEFA0000000000000000000000000000C1
:10074000FBEC00F5000000000000000000000000CD
:10075000FA2EF0E30000000000000000000000009E
:10076000DD1B051400000000000000000000000078
:100770002BF2143800000000000000000000000010
:1007800001F5EC0700000000000000000000000080
:1007900001F11F3500000000000000000000000013
:1007A0001FEDF01400000000000000000000000039
:1007B000F1E918C500000000000000000000000082
:1007C0001EDD1A0300000000000000000000000011
:1007D000F0E8080200000000000000000000000037
:1007E0001DEE591300000000000000000000000092
:1007F00029DA0D0C000000000000000000000000DD
:10080000E8DF18D600000000000000000000000033
:1008100018D333F0000000000000000000000000CA
:10082000F8D22FE4000000000000000000000000EB
:1008300018F2320A00000000000000000000000072
:100840003CE520F500000000000000000000000072
:10085000F1DEEBF1000000000000000000000000ED
:1008600003E72AE50000000000000000000000008F
:1008700005FDF8E40000000000000000000000009A
:10088000F8F420FC00000000000000000000000060
:100890001CE9FAF000000000000000000000000069
:1008A000EFF6F7000000000000000000000000006C
:1008B00001F522D800000000000000000000000048
:1008C000F4EA0BF40000000000000000000000004B
:1008D0000000FA0F06EA000000000000000000001F
:1008E0000000EBF7EBE90000000000000000000052
:1008F0000000FAE4DEF1000000000000000000004B
:100900000000F8F9F9CE000000000000000000002F
:10091000000007FB0FFF00000000000000000000C7
:100920000000011732E3000000000000000000009A
:100930000000F4F310F800000000000000000000C8
:10094000000018E0D1E000000000000000000000FE
:1009500000001B23CACF00000000000000000000C0
:10096000000028F114030000000000000000000057
:10097000000020082C2E00000000000000000000F5
:10098000000004D323270000000000000000000046
:10099000000024F9F4C40000000000000000000082
:1009A000000031FAC7FC0000000000000000000059
:1009B000000046EE251A00000000000000000000C4
:1009C00000001BF9022300000000000000000000EE
:1009D0000000FCFE0B2100000000000000000000F1
:1009E000000014FDD2AA000000000000000000007A
:1009F00000002CF7D52000000000000000000000DF
:100A000000001FDC2C0700000000000000000000B8
:100A10000000081BF50B00000000000000000000B3
:100A20000000101A02D600000000000000000000C4
:100A3000000000F5E2DF0000000000000000000000
:100A4000000020CFFF1600000000000000000000A2
:100A5000000004E215080000000000000000000093
:100A600000000000E6CE12190000000000000000A7
:100A700000000000C8D10BF50000000000000000DD
:100A800000000000CCE805F90000000000000000B4
:100A900000000000EA0801F3000000000000000070
:100AA000000000001D1705FD000000000000000010
:100AB00000000000F9CCFD1F000000000000000055
:100AC00000000000E9CF071A00000000000000004D
:100AD00000000000D4C2261B00000000000000003F
:100AE00000000000C6E13308000000000000000024
:100AF00000000000DE0637160000000000000000C5
:100B00000000000003FE0C140000000000000000C4
:100B10000000000008C109130000000000000000F0
:100B200000000000FFA6FD0B000000000000000018
:100B300000000000DFC50B2B0000000000000000DB
:100B400000000000CBE914190000000000000000C4
:100B5000000000000B151D1F000000000000000039
:100B60000000000013071119000000000000000041
:100B7000000000002526FF1000000000000000001B
:100B8000000000001926031C000000000000000007
:100B90000000000003EEFC15000000000000000053
:100BA000000000002A22ED130000000000000000F9
:100BB000000000002643F2130000000000000000C7
:100BC000000000002D32F8020000000000000000CC
:100BD000000000001B21221C00000000000000009B
:100BE0000000000011EC180A0000000000000000E6
:100BF0000000000000000C1DF521000000000000B6
:100C00000000000000001217F821000000000000A2
:100C1000000000000000001AF81F000000000000A3
:100C2000000000000000F212EE0F000000000000C3
:100C3000000000000000FF0AEF02000000000000BA
:100C4000000000000000040FE900000000000000A8
:100C50000000000000001835FB200000000000002C
:100C60000000000000000E14E21D00000000000063
:100C7000000000000000021CE70B00000000000064
:100C80000000000000000107F2EA00000000000080
:100C9000000000000000F50EE2EB00000000000084
:100CA000000000000000F812F40B0000000000003B
:100CB000000000000000F012CD1300000000000052
:100CC000000000000000EF1CE50100000000000033
:100CD000000000000000FA06E8ED0000000000003F
:100CE000000000000000EE0E0410000000000000F4
:100CF000000000000000F6F715EC00000000000006
:100D0000000000000000EEF8160A000000000000DD
:100D1000000000000000E9FD07EE000000000000F8
:100D2000000000000000F1F5F2E10000000000000A
:100D300000000000000010F83CF00000000000007F
:100D4000000000000000FEDA2FF1000000000000AB
:100D500000000000000009F00C040000000000008A
:100D600000000000000000FDFFFC0000000000008B
:100D7000000000000000FCFD1AFB00000000000065
:100D80000000000000000000F1F2FFF3000000008E
:100D90000000000000000000F7F4E2000000000086
:100DA0000000000000000000F6ECE4F60000000087
:100DB0000000000000000000FECBE7F5000000008E
:100DC000000000000000000008D4FAEE000000005F
:100DD00000000000000000000AE9EDF9000000003A
:100DE0000000000000000000F61406F10000000002
:100DF0000000000000000000E613F4F00000000016
:100E00000000000000000000E817F4E70000000008
:100E10000000000000000000EE0D03ED00000000E7
:100E200000000000000000000AE50CF700000000D0
:100E300000000000000000000E2B2406000000004F
:100E40000000000000000000FE492CFF0000000030
:100E500000000000000000000A4C11080000000023
:100E60000000000000000000EB13EEF200000000A4
:100E7000000000000000000007E80BFD000000007B
:100E8000000000000000000016CC1B020000000063
:100E9000000000000000000015E22DFF000000002F
:100EA000000000000000000016103E1600000000C8
:100EB0000000000000000000F42001070000000016
:100EC0000000000000000000EE0DF804000000002B
:100ED0000000000000000000F90306FD0000000013
:100EE0000000000000000000EEDE14F5000000002D
:100EF000000000000000000003B411F40000000036
:100F00000000000000000000F4E50AFDFF110B05E1
:100F10000DF7FD010308FDF4FA0FFAFBFF080302C9
:100F2000F5041806FEEFEE0FFB17FB0A0403091386
:100F3000080D1308FF08F5F0ED0002110913FFFF7B
:100F40000BFC0A0BF61DF8FFEDF3F0070A3A22023C
:100F50000313130F0B10FDEC1C0904FC07090BF520
:100F6000FC1000F00FF505FB20FF03E708FFFE046F
:100F7000FD0BFDFC07F70B100F0F14F61112EA1012
:100F80000A0009070C090703062408090B33061693
:100F900013F216FA021F06EC1C100F1407351E037D
:100FA00004F409F21114FCF42AF20CFC07F305D83E
:100FB000E010D7FEFCE3180116F912F7080817E451
:100FC000E31CE3E901EC1BFF132E1B000D0C31E7C2
:100FD000E70FE3EEF70315F514041008102717E0E8
:100FE000F600D4FDF20EFBEB0CE7FCFFFC240DE851
:100FF000F4F3F4F6F30AF2DB0FC3FCF3010F14CCA5
:10100000E121D3E3F5D721FBEF132000061B21E0FC
:10101000E31EE2EDEDDF1D130F1D1910052836D874
:10102000E504EB00DFD80FFE1203050C033249D6AE
:10103000E226EFFDD9EBFEDE02D9F0FD06232BE719
:10104000E60FF700EAEEECDFF5DDE3F5FA271EE048
:10105000DF0BF4EFF5FB0C0114F3FE09FF0C1B048E
:10106000FA0C06FAEFF6FD06E205FB090709190A74
:10107000FD07FFEEDCF3F1FCE60EEE030A0B1803AE
:10108000F60203E7EB04F8F100F5FB01011F42044F
:10109000F704FFEBFD06FEF72122FBEF0014002111
:1010A00017EA1AF74D24F4EE1309FA1A06F2FA10A9
:1010B000FFF109D71B10FFEB06F606F9F8E3010A6A
:1010C000FCF202EB0606FEFFF3EA000AFCFAF7F870
:1010D000F9F207F8FCDEF901EEFF02FFFB08020857
:1010E00003F908F9EDF8F80AECFAFF050FF4FA1421
:1010F00004EB03F83A2CF90D1406FE1EFDF7E9087F
:10110000F30105E9030D05F609FEFEF1FCFEEA0D0B
:10111000FCFF0706F3E2FCFD00E8FB00FF04EAFB2E
:1011200005F1030CE901FDEAEEE3FCF6F910FC021F
:1011300000F00F00FC06EEFAFEDDF5F701F6EB100D
:1011400004E301F71D19F7F709E8F715F101E302C8
:10115000F2F702F3F2E5F1F5E6E2EDEBFB09000848
:1011600004FE0B0FE6F2F4F7E7DDF6F9051C1DFAB5
:10117000FAFD0201F80EEFF3F3F1F5F7061118028C
:1011800009F80A03FA18EF0003EAF4FB04F7DB0698
:10119000FBF9F8F2FEFFF3F8F4E9F810F60DE804B5
:1011A000F1F20AFFE2D7ECF1DCE7F4FEFD0C0D0AE8
:1011B00006FB0802EB14F0EFF2E9F1F3FF0312046F
:1011C000020504FF030BEFEFFDEFEE020607050833
:1011D000080A0B110E15F7FA05F9FDF60004E200F6
:1011E000F6EC08EDF3E2EFFCD6F8EB07FA06F11D9A
:1011F00000FE16FCEDECF200E0FDF7FDF909061229
:1012000011FB02F8FA09FAF5F3F6F4F9FEFCF8031B
:10121000FF08010F090404F0FA09FCFA02070311A0
:101220000F0D06060F06FEFA050EFFF82573206F58
:101230007574206F6620626F756E647320256C75FF
:10124000203E20256C750A00556E6B6E6F776E2000
:1012500050474D2066696C6520666F726D61740041
:1012600050474D20696D6167652073697A65206418
:101270006F6573206E6F74206D6174636820617296
:101280007261792073697A65000000006672656199
:10129000642829206E756D626572206F6620726504
:1012A0006164206F626A656374732028256C7529F8
:1012B00020646966666572656E74207468616E206C
:1012C00065787065637465642028257529205B64E2
:1012D0006174615D0A0000006672656164282920FE
:1012E0006E756D626572206F662072656164206F35
:1012F000626A656374732028256C752920646966A9
:10130000666572656E74207468616E2065787065BC
:10131000637465642028257529205B6F757470756A
:1013200074546172676574735D0A0000454F46200E
:101330006E6F7420726561636865642C2046696C09
:1013400065206572726F72202121000072656164F0
:101350005F6D6E6973745F696E7075740000000074
:10136000000102020303030304040404040404044C
:10137000050505050505050505050505050505051D
:1013800006060606060606060606060606060606FD
:1013900006060606060606060606060606060606ED
:1013A00007070707070707070707070707070707CD
:1013B00007070707070707070707070707070707BD
:1013C00007070707070707070707070707070707AD
:1013D000070707070707070707070707070707079D
:1013E000080808080808080808080808080808087D
:1013F000080808080808080808080808080808086D
:10140000080808080808080808080808080808085C
:10141000080808080808080808080808080808084C
:10142000080808080808080808080808080808083C
:10143000080808080808080808080808080808082C
:10144000080808080808080808080808080808081C
:10145000080808080808080808080808080808080C
:10146000494E4600696E66004E414E006E616E0048
:1014700030313233343536373839414243444546CA
:10148000000000003031323334353637383961628C
:101490006364656600000000286E756C6C290000AE
:1014A00030000000DC5D0080185800801858008073
:1014B000D05D0080185800801858008018580080AF
:1014C000185800801858008018580080D45C00809C
:1014D000C05D008018580080EC5C0080F85C0080E3
:1014E00018580080805D0080E4570080E457008039
:1014F000E4570080E4570080E4570080E457008000
:10150000E4570080E4570080E457008018580080BA
:10151000185800801858008018580080185800800B
:1015200018580080185800801858008018580080FB
:1015300018580080545D0080405B0080185800807F
:10154000405B0080185800801858008018580080B0
:1015500018580080F45D00801858008018580080EA
:10156000D85E0080185800801858008018580080F5
:101570001858008018580080005E008018580080BD
:1015800018580080EC6900801858008018580080B6
:10159000185800801858008018580080185800808B
:1015A000185800801858008018580080185800807B
:1015B000985D0080305C0080405B0080405B008074
:1015C000405B00808C5D0080305C0080185800809B
:1015D00018580080F059008018580080F45F00808F
:1015E000C45F00808C5F0080F05900801858008034
:1015F000245F008018580080F45E00801858008036
:1016000018580080446A00802020202020202020BC
:10161000202020202020202030303030303030304A
:101620003030303030303030847D0080E4790080DC
:10163000E4790080787D0080E4790080E47900809E
:10164000E4790080E4790080E4790080E479008026
:10165000D87C0080687D0080E4790080E87C008090
:10166000F47C0080E47900805C7D0080B0790080AB
:10167000B0790080B0790080B0790080B0790080C6
:10168000B0790080B0790080B0790080B0790080B6
:10169000E4790080E4790080E4790080E4790080D6
:1016A000E4790080E4790080E4790080E4790080C6
:1016B000E4790080E4790080487D0080E47900804E
:1016C000E4790080E4790080E4790080E4790080A6
:1016D000E4790080E4790080E4790080E479008096
:1016E000E4790080087E0080E4790080E47900805D
:1016F000E4790080E4790080E4790080BC7D00809A
:10170000E4790080E4790080A0840080E47900809E
:10171000E4790080E4790080E4790080E479008055
:10172000E4790080E4790080E4790080E479008045
:10173000E47900809C7D0080347C0080E479008026
:10174000E4790080E4790080D07E0080347C0080E1
:10175000E4790080E47900803C7B0080E4790080BB
:10176000987E0080707E0080647F00803C7B0080DB
:10177000E4790080047F0080E4790080DC7E0080D2
:10178000E4790080E4790080F48400802020202027
:101790002020202020202020202020203030303009
:1017A00030303030303030303030303043000000B6
:1017B000504F5349580000002E000000496E6669E2
:1017C0006E697479000000004E614E0042616C6CDD
:1017D0006F63207375636365656465640000000072
:1017E0002E2E2F2E2E2F2E2E2F2E2E2F2E2E2F2E14
:1017F0002E2F7372632F6E65776C69622F6E65771B
:101800006C69622F6C6962632F7374646C69622FF8
:1018100064746F612E6300002E2E2F2E2E2F2E2E1D
:101820002F2E2E2F2E2E2F2E2E2F7372632F6E659E
:10183000776C69622F6E65776C69622F6C69626381
:101840002F7374646C69622F6D707265632E630010
:1018500005000000190000007D00000000000000ED
:10186000000000000000F03F0000000000002440E5
:1018700000000000000059400000000000408F40C0
:10188000000000000088C34000000000006AF8402B
:101890000000000080842E4100000000D01263414F
:1018A0000000000084D797410000000065CDCD41C5
:1018B000000000205FA00242000000E876483742A6
:1018C000000000A2941A6D42000040E59C30A24244
:1018D0000000901EC4BCD64200003426F56B0C43B9
:1018E0000080E03779C3414300A0D8855734764360
:1018F00000C84E676DC1AB43003D9160E458E143C1
:10190000408CB5781DAF154450EFE2D6E41A4B4435
:1019100092D54D06CFF08044F64AE1C7022DB5447A
:10192000B49DD9794378EA44BC89D897B2D29C3C1B
:1019300033A7A8D523F649393DA7F444FD0FA532B6
:101940009D978CCF08BA5B25436FAC642806C80A04
:101950000080E03779C34143176E05B5B5B89346AB
:10196000F5F93FE9034F384D321D30F94877825A77
:101970003CBF737FDD4F15750020202020202020E4
:10198000202028282828282020202020202020202F
:10199000202020202020202020881010101010103F
:1019A000101010101010101010040404040404048B
:1019B0000404041010101010101041414141414125
:1019C0000101010101010101010101010101010107
:1019D0000101010110101010101042424242424217
:1019E00002020202020202020202020202020202D7
:1019F000020202021010101020000000000000007F
:101A000000000000000000000000000000000000D6
:101A100000000000000000000000000000000000C6
:101A200000000000000000000000000000000000B6
:101A300000000000000000000000000000000000A6
:101A40000000000000000000000000000000000096
:101A50000000000000000000000000000000000086
:101A60000000000000000000000000000000000076
:101A70000000000000000000000000002C2066753F
:101A80006E6374696F6E3A200000000061737365C5
:101A90007274696F6E2022257322206661696C65FD
:101AA000643A2066696C6520222573222C206C69BB
:101AB0006E65202564257325730A000068E10080A7
:101AC00014E00080C0DF008014E10080C0DF0080EF
:101AD00024E00080C0DF008014E1008014E000807A
:101AE00014E0008024E0008014E10080A0E0008089
:0C1AF000A0E00080A0E0008024E0008066
:101AFC001000000000000000037A5200017C01017C
:101B0C001B0D020010000000180000004816FEFF1C
:101B1C00DC04000000000000100000002C0000009D
:0C1B2C00101BFEFF9004000000000000F1
:101B3800000000100000000000000000000000008D
:101B4800000000000000000000000000000000008D
:101B5800000000000000000050350A323420323402
:101B68000A3235350A0000000000000000000000BD
:101B7800000000000000000000000000000000005D
:101B8800000000000000000000000000000000004D
:101B9800000000000000000000000000000000003D
:101BA800000000000000000000000000000000002D
:101BB800000000000005040000000000000002D240
:101BC80042000000000000000000000007B387008A
:101BD80000000000000064FE5C000000000000003F
:101BE800000000006FFE9D00000000000003CBFE17
:101BF800360000000000000000000020E7FE66003C
:101C0800000000000024FED81200000000000000C0
:101C18000000007EFEB300000000000000ACFE3BA8
:101C2800000000000000000000002EFCEA12000086
:101C38000000000005E2F52300000000000000009D
:101C4800000080FE660000000000000025FEA900DC
:101C58000000000000000000001AF1FB1300000063
:101C680000000000AAFE550000000000000000006F
:101C7800002EFEC20000000000000009E7F6230065
:101C880000000000000000000076FF981D00000022
:101C980000000074FEB60000000000000000000014
:101CA8000076FEFEF3D7D7D7CAB985D1FE830011D7
:101CB8000000000000000000003EF3FEFEFEFEFEF5
:101CC800FEFEFEFEFEE89D2300000000000000006E
:101CD80000004684944649616161BBFEF922040014
:101CE80000000000000000000000000000000000EC
:101CF8000000AEFE710000000000000000000000BF
:101D080000000000000000000016EEFE3500000094
:101D180000000000000000000000000000000000BB
:101D28000073FE9F0100000000000000000000009A
:101D3800000000000000000000AEFE61000000008E
:101D4800000000000000000000000000000000008B
:101D580000D7FE7300000000000000000000000033
:101D6800000000000000000055FBFE6900000000B4
:101D7800000000000000000000000000000000005B
:101D880054F2880A00000000000000000000000073
:101D9800000000000000000000000000000000003B
:101DA8000000000000040000000000000000000027
:101DB800030000004C2D0280000000004C2D028022
:101DC800B42D02801C2E02800000000000000000DC
:101DD80000000000000000000000000000000000FB
:101DE80000000000000000000000000000000000EB
:101DF80000000000000000000000000000000000DB
:101E080000000000000000000000000000000000CA
:101E180000000000000000000000000000000000BA
:101E280000000000000000000000000000000000AA
:101E3800000000000000000000000000000000009A
:101E4800000000000000000000000000000000008A
:101E580001000000000000000E33CDAB34126DE627
:101E6800ECDE05000B000000000000000000000090
:101E7800000000000000000000000000000000005A
:101E8800000000000000000000000000000000004A
:101E9800000000000000000000000000000000003A
:101EA800000000000000000000000000000000002A
:101EB800000000000000000000000000000000001A
:101EC800000000000000000000000000000000000A
:101ED80000000000000000000000000000000000FA
:101EE800E01E0280E01E0280E81E0280E81E0280DA
:101EF800F01E0280F01E0280F81E0280F81E02808A
:101F0800001F0280001F0280081F0280081F028035
:101F1800101F0280101F0280181F0280181F0280E5
:101F2800201F0280201F0280281F0280281F028095
:101F3800301F0280301F0280381F0280381F028045
:101F4800401F0280401F0280481F0280481F0280F5
:101F5800501F0280501F0280581F0280581F0280A5
:101F6800601F0280601F0280681F0280681F028055
:101F7800701F0280701F0280781F0280781F028005
:101F8800801F0280801F0280881F0280881F0280B5
:101F9800901F0280901F0280981F0280981F028065
:101FA800A01F0280A01F0280A81F0280A81F028015
:101FB800B01F0280B01F0280B81F0280B81F0280C5
:101FC800C01F0280C01F0280C81F0280C81F028075
:101FD800D01F0280D01F0280D81F0280D81F028025
:101FE800E01F0280E01F0280E81F0280E81F0280D5
:101FF800F01F0280F01F0280F81F0280F81F028085
:102008000020028000200280082002800820028030
:1020180010200280102002801820028018200280E0
:102028002020028020200280282002802820028090
:102038003020028030200280382002803820028040
:1020480040200280402002804820028048200280F0
:1020580050200280502002805820028058200280A0
:102068006020028060200280682002806820028050
:102078007020028070200280782002807820028000
:1020880080200280802002808820028088200280B0
:102098009020028090200280982002809820028060
:1020A800A0200280A0200280A8200280A820028010
:1020B800B0200280B0200280B8200280B8200280C0
:1020C800C0200280C0200280C8200280C820028070
:1020D800D0200280D0200280D8200280D820028020
:1020E800E0200280E0200280E8200280E8200280D0
:1020F800F0200280F0200280F8200280F820028080
:10210800002102800021028008210280082102802B
:1021180010210280102102801821028018210280DB
:10212800202102802021028028210280282102808B
:10213800302102803021028038210280382102803B
:1021480040210280402102804821028048210280EB
:10215800502102805021028058210280582102809B
:10216800602102806021028068210280682102804B
:1021780070210280702102807821028078210280FB
:1021880080210280802102808821028088210280AB
:10219800902102809021028098210280982102805B
:1021A800A0210280A0210280A8210280A82102800B
:1021B800B0210280B0210280B8210280B8210280BB
:1021C800C0210280C0210280C8210280C82102806B
:1021D800D0210280D0210280D8210280D82102801B
:1021E800E0210280E0210280E8210280E8210280CB
:1021F800F0210280F0210280F8210280F82102807B
:102208000022028000220280082202800822028026
:1022180010220280102202801822028018220280D6
:102228002022028020220280282202802822028086
:102238003022028030220280382202803822028036
:1022480040220280402202804822028048220280E6
:102258005022028050220280582202805822028096
:102268006022028060220280682202806822028046
:1022780070220280702202807822028078220280F6
:1022880080220280802202808822028088220280A6
:102298009022028090220280982202809822028056
:1022A800A0220280A0220280A8220280A822028006
:1022B800B0220280B0220280B8220280B8220280B6
:1022C800C0220280C0220280C8220280C822028066
:1022D800D0220280D0220280D8220280D822028016
:1022E80043000000000000000000000000000000A3
:1022F80000000000000000000000000000000000D6
:102308004300000000000000000000000000000082
:1023180000000000000000000000000000000000B5
:102328004300000000000000000000000000000062
:102338000000000000000000000000000000000095
:102348004300000000000000000000000000000042
:102358000000000000000000000000000000000075
:102368004300000000000000000000000000000022
:102378000000000000000000000000000000000055
:102388004300000000000000000000000000000002
:102398000000000000000000000000000000000035
:1023A80043000000000000000000000000000000E2
:1023B8000000000000000000000000000000000015
:1023C800F0C70080FCAF0080000000007819028090
:1023D800B8170280EC010180EC010180EC0101805A
:1023E800EC010180EC010180EC010180EC0101802D
:1023F800EC010180EC010180FFFFFFFFFFFFFFFF01
:10240800FFFFFFFFFFFF0000010041534349490060
:1024180000000000000000000000000000000000B4
:10242800000000000000000000004153434949003B
:102438000000000000000000000000000000000094
:0C24480000000000000000000000000088
:10245800FFFFFFFFFFFFEF7F000000000000F83FD5
:1024680061436F63A787D23FB3C8608B288AC63F92
:10247800FB799F501344D33F000000000000F03F59
:1024880000000000000024400000000000001C4084
:102498000000000000001440000000000000E03FC1
:1024A80040300280C01D0280FFFFFFFF00000200D5
:0400000580000080F7
:00000001FF
