Copyright 1986-2022 Xilinx, Inc. All Rights Reserved. Copyright 2022-2024 Advanced Micro Devices, Inc. All Rights Reserved.
------------------------------------------------------------------------------------------------------------------------------------------------------------------------------------------------------------------------------------------
| Tool Version : Vivado v.2024.1 (lin64) Build 5076996 Wed May 22 18:36:09 MDT 2024
| Date         : Tue Jun  9 16:05:04 2026
| Host         : EQI07362 running 64-bit Ubuntu 22.04.5 LTS
| Command      : report_timing_summary -max_paths 10 -report_unconstrained -file cva6_zybo_z7_20_timing_summary_routed.rpt -pb cva6_zybo_z7_20_timing_summary_routed.pb -rpx cva6_zybo_z7_20_timing_summary_routed.rpx -warn_on_violation
| Design       : cva6_zybo_z7_20
| Device       : 7z020-clg400
| Speed File   : -1  PRODUCTION 1.12 2019-11-22
| Design State : Routed
------------------------------------------------------------------------------------------------------------------------------------------------------------------------------------------------------------------------------------------

Timing Summary Report

------------------------------------------------------------------------------------------------
| Timer Settings
| --------------
------------------------------------------------------------------------------------------------

  Enable Multi Corner Analysis               :  Yes
  Enable Pessimism Removal                   :  Yes
  Pessimism Removal Resolution               :  Nearest Common Node
  Enable Input Delay Default Clock           :  No
  Enable Preset / Clear Arcs                 :  No
  Disable Flight Delays                      :  No
  Ignore I/O Paths                           :  No
  Timing Early Launch at Borrowing Latches   :  No
  Borrow Time for Max Delay Exceptions       :  Yes
  Merge Timing Exceptions                    :  Yes
  Inter-SLR Compensation                     :  Conservative

  Corner  Analyze    Analyze    
  Name    Max Paths  Min Paths  
  ------  ---------  ---------  
  Slow    Yes        Yes        
  Fast    Yes        Yes        


------------------------------------------------------------------------------------------------
| Report Methodology
| ------------------
------------------------------------------------------------------------------------------------

Rule       Severity          Description                                     Violations  
---------  ----------------  ----------------------------------------------  ----------  
TIMING-6   Critical Warning  No common primary clock between related clocks  1           
TIMING-7   Critical Warning  No common node between related clocks           1           
LUTAR-1    Warning           LUT drives async reset alert                    4           
SYNTH-10   Warning           Wide multiplier                                 4           
TIMING-10  Warning           Missing property on synchronizer                1           
TIMING-16  Warning           Large setup violation                           2           
TIMING-18  Warning           Missing input or output delay                   3           
TIMING-20  Warning           Non-clocked latch                               32          
XDCH-2     Warning           Same min and max delay values on IO port        3           
LATCH-1    Advisory          Existing latches in the design                  1           

Note: This report is based on the most recent report_methodology run and may not be up-to-date. Run report_methodology on the current design for the latest report.



check_timing report

Table of Contents
-----------------
1. checking no_clock (480)
2. checking constant_clock (0)
3. checking pulse_width_clock (0)
4. checking unconstrained_internal_endpoints (32)
5. checking no_input_delay (2)
6. checking no_output_delay (1)
7. checking multiple_clock (0)
8. checking generated_clocks (0)
9. checking loops (0)
10. checking partial_input_delay (3)
11. checking partial_output_delay (0)
12. checking latch_loops (0)

1. checking no_clock (480)
--------------------------
 There are 32 register/latch pins with no clock driven by root clock pin: i_ariane/i_cva6/ex_stage_i/lsu_i/i_load_unit/ldbuf_q_reg[0][operation][0]/Q (HIGH)

 There are 32 register/latch pins with no clock driven by root clock pin: i_ariane/i_cva6/ex_stage_i/lsu_i/i_load_unit/ldbuf_q_reg[0][operation][1]/Q (HIGH)

 There are 32 register/latch pins with no clock driven by root clock pin: i_ariane/i_cva6/ex_stage_i/lsu_i/i_load_unit/ldbuf_q_reg[0][operation][2]/Q (HIGH)

 There are 32 register/latch pins with no clock driven by root clock pin: i_ariane/i_cva6/ex_stage_i/lsu_i/i_load_unit/ldbuf_q_reg[0][operation][3]/Q (HIGH)

 There are 32 register/latch pins with no clock driven by root clock pin: i_ariane/i_cva6/ex_stage_i/lsu_i/i_load_unit/ldbuf_q_reg[0][operation][4]/Q (HIGH)

 There are 32 register/latch pins with no clock driven by root clock pin: i_ariane/i_cva6/ex_stage_i/lsu_i/i_load_unit/ldbuf_q_reg[0][operation][5]/Q (HIGH)

 There are 32 register/latch pins with no clock driven by root clock pin: i_ariane/i_cva6/ex_stage_i/lsu_i/i_load_unit/ldbuf_q_reg[0][operation][6]/Q (HIGH)

 There are 32 register/latch pins with no clock driven by root clock pin: i_ariane/i_cva6/ex_stage_i/lsu_i/i_load_unit/ldbuf_q_reg[1][operation][0]/Q (HIGH)

 There are 32 register/latch pins with no clock driven by root clock pin: i_ariane/i_cva6/ex_stage_i/lsu_i/i_load_unit/ldbuf_q_reg[1][operation][1]/Q (HIGH)

 There are 32 register/latch pins with no clock driven by root clock pin: i_ariane/i_cva6/ex_stage_i/lsu_i/i_load_unit/ldbuf_q_reg[1][operation][2]/Q (HIGH)

 There are 32 register/latch pins with no clock driven by root clock pin: i_ariane/i_cva6/ex_stage_i/lsu_i/i_load_unit/ldbuf_q_reg[1][operation][3]/Q (HIGH)

 There are 32 register/latch pins with no clock driven by root clock pin: i_ariane/i_cva6/ex_stage_i/lsu_i/i_load_unit/ldbuf_q_reg[1][operation][4]/Q (HIGH)

 There are 32 register/latch pins with no clock driven by root clock pin: i_ariane/i_cva6/ex_stage_i/lsu_i/i_load_unit/ldbuf_q_reg[1][operation][5]/Q (HIGH)

 There are 32 register/latch pins with no clock driven by root clock pin: i_ariane/i_cva6/ex_stage_i/lsu_i/i_load_unit/ldbuf_q_reg[1][operation][6]/Q (HIGH)

 There are 32 register/latch pins with no clock driven by root clock pin: i_ariane/i_cva6/gen_cache_wt.i_cache_subsystem/i_wt_dcache/gen_rd_ports[1].i_wt_dcache_ctrl/id_q_reg[0]/Q (HIGH)


2. checking constant_clock (0)
------------------------------
 There are 0 register/latch pins with constant_clock.


3. checking pulse_width_clock (0)
---------------------------------
 There are 0 register/latch pins which need pulse_width check


4. checking unconstrained_internal_endpoints (32)
-------------------------------------------------
 There are 32 pins that are not constrained for maximum delay. (HIGH)

 There are 0 pins that are not constrained for maximum delay due to constant clock.


5. checking no_input_delay (2)
------------------------------
 There are 2 input ports with no input delay specified. (HIGH)

 There are 0 input ports with no input delay but user has a false path constraint.


6. checking no_output_delay (1)
-------------------------------
 There is 1 port with no output delay specified. (HIGH)

 There are 0 ports with no output delay but user has a false path constraint

 There are 0 ports with no output delay but with a timing clock defined on it or propagating through it


7. checking multiple_clock (0)
------------------------------
 There are 0 register/latch pins with multiple clocks.


8. checking generated_clocks (0)
--------------------------------
 There are 0 generated clocks that are not connected to a clock source.


9. checking loops (0)
---------------------
 There are 0 combinational loops in the design.


10. checking partial_input_delay (3)
------------------------------------
 There are 3 input ports with partial input delay specified. (HIGH)


11. checking partial_output_delay (0)
-------------------------------------
 There are 0 ports with partial output delay specified.


12. checking latch_loops (0)
----------------------------
 There are 0 combinational latch loops in the design through latch input



------------------------------------------------------------------------------------------------
| Design Timing Summary
| ---------------------
------------------------------------------------------------------------------------------------

    WNS(ns)      TNS(ns)  TNS Failing Endpoints  TNS Total Endpoints      WHS(ns)      THS(ns)  THS Failing Endpoints  THS Total Endpoints     WPWS(ns)     TPWS(ns)  TPWS Failing Endpoints  TPWS Total Endpoints  
    -------      -------  ---------------------  -------------------      -------      -------  ---------------------  -------------------     --------     --------  ----------------------  --------------------  
     -1.348      -15.230                     66                48111        0.031        0.000                      0                48075        2.000        0.000                       0                 16735  


Timing constraints are not met.


------------------------------------------------------------------------------------------------
| Clock Summary
| -------------
------------------------------------------------------------------------------------------------

Clock                    Waveform(ns)         Period(ns)      Frequency(MHz)
-----                    ------------         ----------      --------------
clk_sys                  {0.000 4.000}        8.000           125.000         
  clk_out1_xlnx_clk_gen  {0.000 10.000}       20.000          50.000          
  clkfbout_xlnx_clk_gen  {0.000 4.000}        8.000           125.000         
tck                      {0.000 50.000}       100.000         10.000          


------------------------------------------------------------------------------------------------
| Intra Clock Table
| -----------------
------------------------------------------------------------------------------------------------

Clock                        WNS(ns)      TNS(ns)  TNS Failing Endpoints  TNS Total Endpoints      WHS(ns)      THS(ns)  THS Failing Endpoints  THS Total Endpoints     WPWS(ns)     TPWS(ns)  TPWS Failing Endpoints  TPWS Total Endpoints  
-----                        -------      -------  ---------------------  -------------------      -------      -------  ---------------------  -------------------     --------     --------  ----------------------  --------------------  
clk_sys                                                                                                                                                                    2.000        0.000                       0                     1  
  clk_out1_xlnx_clk_gen       -1.348      -15.230                     66                35723        0.031        0.000                      0                35723        8.750        0.000                       0                 16472  
  clkfbout_xlnx_clk_gen                                                                                                                                                    5.845        0.000                       0                     3  
tck                            1.080        0.000                      0                  453        0.140        0.000                      0                  453       49.500        0.000                       0                   259  


------------------------------------------------------------------------------------------------
| Inter Clock Table
| -----------------
------------------------------------------------------------------------------------------------

From Clock             To Clock                   WNS(ns)      TNS(ns)  TNS Failing Endpoints  TNS Total Endpoints      WHS(ns)      THS(ns)  THS Failing Endpoints  THS Total Endpoints  
----------             --------                   -------      -------  ---------------------  -------------------      -------      -------  ---------------------  -------------------  
tck                    clk_out1_xlnx_clk_gen        8.911        0.000                      0                   43        2.817        0.000                      0                   43  
clk_out1_xlnx_clk_gen  tck                         18.269        0.000                      0                   36                                                                        


------------------------------------------------------------------------------------------------
| Other Path Groups Table
| -----------------------
------------------------------------------------------------------------------------------------

Path Group             From Clock             To Clock                   WNS(ns)      TNS(ns)  TNS Failing Endpoints  TNS Total Endpoints      WHS(ns)      THS(ns)  THS Failing Endpoints  THS Total Endpoints  
----------             ----------             --------                   -------      -------  ---------------------  -------------------      -------      -------  ---------------------  -------------------  
**async_default**      clk_out1_xlnx_clk_gen  clk_out1_xlnx_clk_gen       16.987        0.000                      0                11856        0.499        0.000                      0                11856  


------------------------------------------------------------------------------------------------
| User Ignored Path Table
| -----------------------
------------------------------------------------------------------------------------------------

Path Group             From Clock             To Clock             
----------             ----------             --------             
(none)                 clk_out1_xlnx_clk_gen  clk_out1_xlnx_clk_gen  
(none)                                        tck                    
(none)                 clk_out1_xlnx_clk_gen  tck                    


------------------------------------------------------------------------------------------------
| Unconstrained Path Table
| ------------------------
------------------------------------------------------------------------------------------------

Path Group             From Clock             To Clock             
----------             ----------             --------             
(none)                 clk_out1_xlnx_clk_gen                         
(none)                 clkfbout_xlnx_clk_gen                         
(none)                                        clk_out1_xlnx_clk_gen  


------------------------------------------------------------------------------------------------
| Timing Details
| --------------
------------------------------------------------------------------------------------------------


---------------------------------------------------------------------------------------------------
From Clock:  clk_sys
  To Clock:  clk_sys

Setup :           NA  Failing Endpoints,  Worst Slack           NA  ,  Total Violation           NA
Hold  :           NA  Failing Endpoints,  Worst Slack           NA  ,  Total Violation           NA
PW    :            0  Failing Endpoints,  Worst Slack        2.000ns,  Total Violation        0.000ns
---------------------------------------------------------------------------------------------------


Pulse Width Checks
--------------------------------------------------------------------------------------
Clock Name:         clk_sys
Waveform(ns):       { 0.000 4.000 }
Period(ns):         8.000
Sources:            { clk_sys }

Check Type        Corner  Lib Pin            Reference Pin  Required(ns)  Actual(ns)  Slack(ns)  Location         Pin
Min Period        n/a     MMCME2_ADV/CLKIN1  n/a            1.249         8.000       6.751      MMCME2_ADV_X1Y2  i_xlnx_clk_gen/inst/mmcm_adv_inst/CLKIN1
Max Period        n/a     MMCME2_ADV/CLKIN1  n/a            100.000       8.000       92.000     MMCME2_ADV_X1Y2  i_xlnx_clk_gen/inst/mmcm_adv_inst/CLKIN1
Low Pulse Width   Slow    MMCME2_ADV/CLKIN1  n/a            2.000         4.000       2.000      MMCME2_ADV_X1Y2  i_xlnx_clk_gen/inst/mmcm_adv_inst/CLKIN1
Low Pulse Width   Fast    MMCME2_ADV/CLKIN1  n/a            2.000         4.000       2.000      MMCME2_ADV_X1Y2  i_xlnx_clk_gen/inst/mmcm_adv_inst/CLKIN1
High Pulse Width  Slow    MMCME2_ADV/CLKIN1  n/a            2.000         4.000       2.000      MMCME2_ADV_X1Y2  i_xlnx_clk_gen/inst/mmcm_adv_inst/CLKIN1
High Pulse Width  Fast    MMCME2_ADV/CLKIN1  n/a            2.000         4.000       2.000      MMCME2_ADV_X1Y2  i_xlnx_clk_gen/inst/mmcm_adv_inst/CLKIN1



---------------------------------------------------------------------------------------------------
From Clock:  clk_out1_xlnx_clk_gen
  To Clock:  clk_out1_xlnx_clk_gen

Setup :           66  Failing Endpoints,  Worst Slack       -1.348ns,  Total Violation      -15.230ns
Hold  :            0  Failing Endpoints,  Worst Slack        0.031ns,  Total Violation        0.000ns
PW    :            0  Failing Endpoints,  Worst Slack        8.750ns,  Total Violation        0.000ns
---------------------------------------------------------------------------------------------------


Max Delay Paths
--------------------------------------------------------------------------------------
Slack (VIOLATED) :        -1.348ns  (required time - arrival time)
  Source:                 i_ariane/i_cva6/issue_stage_i/i_issue_read_operands/cvxif_off_instr_q_reg[6]/C
                            (rising edge-triggered cell FDCE clocked by clk_out1_xlnx_clk_gen  {rise@0.000ns fall@10.000ns period=20.000ns})
  Destination:            i_ariane/i_cva6/ex_stage_i/vaddr_to_be_flushed_reg[22]/D
                            (rising edge-triggered cell FDCE clocked by clk_out1_xlnx_clk_gen  {rise@0.000ns fall@10.000ns period=20.000ns})
  Path Group:             clk_out1_xlnx_clk_gen
  Path Type:              Setup (Max at Slow Process Corner)
  Requirement:            20.000ns  (clk_out1_xlnx_clk_gen rise@20.000ns - clk_out1_xlnx_clk_gen rise@0.000ns)
  Data Path Delay:        21.156ns  (logic 7.301ns (34.511%)  route 13.855ns (65.489%))
  Logic Levels:           24  (CARRY4=7 LUT2=2 LUT3=4 LUT4=5 LUT5=1 LUT6=5)
  Clock Path Skew:        -0.066ns (DCD - SCD + CPR)
    Destination Clock Delay (DCD):    -1.625ns = ( 18.375 - 20.000 ) 
    Source Clock Delay      (SCD):    -0.992ns
    Clock Pessimism Removal (CPR):    0.567ns
  Clock Uncertainty:      0.079ns  ((TSJ^2 + DJ^2)^1/2) / 2 + PE
    Total System Jitter     (TSJ):    0.071ns
    Discrete Jitter          (DJ):    0.142ns
    Phase Error              (PE):    0.000ns

    Location             Delay type                Incr(ns)  Path(ns)    Netlist Resource(s)
  -------------------------------------------------------------------    -------------------
                         (clock clk_out1_xlnx_clk_gen rise edge)
                                                      0.000     0.000 r  
    K17                                               0.000     0.000 r  clk_sys (IN)
                         net (fo=0)                   0.000     0.000    i_xlnx_clk_gen/inst/clk_in1
    K17                  IBUF (Prop_ibuf_I_O)         1.475     1.475 r  i_xlnx_clk_gen/inst/clkin1_ibufg/O
                         net (fo=1, routed)           1.285     2.760    i_xlnx_clk_gen/inst/clk_in1_xlnx_clk_gen
    MMCME2_ADV_X1Y2      MMCME2_ADV (Prop_mmcme2_adv_CLKIN1_CLKOUT0)
                                                     -7.759    -4.999 r  i_xlnx_clk_gen/inst/mmcm_adv_inst/CLKOUT0
                         net (fo=1, routed)           2.206    -2.793    i_xlnx_clk_gen/inst/clk_out1_xlnx_clk_gen
    BUFGCTRL_X0Y16       BUFG (Prop_bufg_I_O)         0.101    -2.692 r  i_xlnx_clk_gen/inst/clkout1_buf/O
                         net (fo=16470, routed)       1.700    -0.992    i_ariane/i_cva6/issue_stage_i/i_issue_read_operands/clk_out1
    SLICE_X62Y71         FDCE                                         r  i_ariane/i_cva6/issue_stage_i/i_issue_read_operands/cvxif_off_instr_q_reg[6]/C
  -------------------------------------------------------------------    -------------------
    SLICE_X62Y71         FDCE (Prop_fdce_C_Q)         0.518    -0.474 r  i_ariane/i_cva6/issue_stage_i/i_issue_read_operands/cvxif_off_instr_q_reg[6]/Q
                         net (fo=3, routed)           0.670     0.196    i_ariane/i_cva6/issue_stage_i/i_issue_read_operands/x_off_instr_id_ex[6]
    SLICE_X62Y71         LUT2 (Prop_lut2_I1_O)        0.124     0.320 r  i_ariane/i_cva6/issue_stage_i/i_issue_read_operands/i__i_3/O
                         net (fo=3, routed)           0.975     1.295    i_ariane/i_cva6/issue_stage_i/i_issue_read_operands/cvxif_req[x_issue_req][instr][6]
    SLICE_X61Y71         LUT3 (Prop_lut3_I1_O)        0.152     1.447 r  i_ariane/i_cva6/issue_stage_i/i_issue_read_operands/mem_reg_0_7_6_11_i_2/O
                         net (fo=3, routed)           0.467     1.914    i_ariane/i_cva6/issue_stage_i/i_issue_read_operands/mem_reg_0_7_6_11_i_2_n_1
    SLICE_X61Y71         LUT5 (Prop_lut5_I0_O)        0.326     2.240 f  i_ariane/i_cva6/issue_stage_i/i_issue_read_operands/i___1_i_1/O
                         net (fo=72, routed)          0.747     2.987    i_ariane/gen_example_coprocessor.i_cvxif_coprocessor/fifo_commit_i/cvxif_resp[x_issue_resp][accept]
    SLICE_X52Y73         LUT4 (Prop_lut4_I3_O)        0.124     3.111 r  i_ariane/gen_example_coprocessor.i_cvxif_coprocessor/fifo_commit_i/i___173_i_2/O
                         net (fo=180, routed)         1.235     4.346    i_ariane/i_cva6/issue_stage_i/i_issue_read_operands/mem_q_reg[0][sbe][result][31]_i_104
    SLICE_X45Y68         LUT4 (Prop_lut4_I3_O)        0.153     4.499 f  i_ariane/i_cva6/issue_stage_i/i_issue_read_operands/i___174_i_1__0/O
                         net (fo=14, routed)          1.007     5.507    i_ariane/gen_example_coprocessor.i_cvxif_coprocessor/fifo_commit_i/gen_fpga_queue.fifo_ram/mem_q_reg[0][sbe][result][19]_i_135
    SLICE_X45Y69         LUT6 (Prop_lut6_I1_O)        0.327     5.834 r  i_ariane/gen_example_coprocessor.i_cvxif_coprocessor/fifo_commit_i/gen_fpga_queue.fifo_ram/mem_q[0][sbe][result][19]_i_267/O
                         net (fo=2, routed)           0.649     6.482    i_ariane/gen_example_coprocessor.i_cvxif_coprocessor/fifo_commit_i_n_302
    SLICE_X47Y70         LUT6 (Prop_lut6_I0_O)        0.124     6.606 r  i_ariane/gen_example_coprocessor.i_cvxif_coprocessor/mem_q[0][sbe][result][19]_i_271/O
                         net (fo=1, routed)           0.000     6.606    i_ariane/gen_example_coprocessor.i_cvxif_coprocessor/mem_q[0][sbe][result][19]_i_271_n_1
    SLICE_X47Y70         CARRY4 (Prop_carry4_S[1]_O[3])
                                                      0.640     7.246 r  i_ariane/gen_example_coprocessor.i_cvxif_coprocessor/mem_q_reg[0][sbe][result][19]_i_135/O[3]
                         net (fo=2, routed)           1.092     8.338    i_ariane/gen_example_coprocessor.i_cvxif_coprocessor/mem_q_reg[0][sbe][result][19]_i_135_n_5
    SLICE_X50Y71         LUT3 (Prop_lut3_I2_O)        0.335     8.673 r  i_ariane/gen_example_coprocessor.i_cvxif_coprocessor/mem_q[0][sbe][result][19]_i_95/O
                         net (fo=2, routed)           0.708     9.381    i_ariane/gen_example_coprocessor.i_cvxif_coprocessor/mem_q[0][sbe][result][19]_i_95_n_1
    SLICE_X50Y71         LUT4 (Prop_lut4_I0_O)        0.331     9.712 r  i_ariane/gen_example_coprocessor.i_cvxif_coprocessor/mem_q[0][sbe][result][19]_i_99/O
                         net (fo=1, routed)           0.000     9.712    i_ariane/gen_example_coprocessor.i_cvxif_coprocessor/mem_q[0][sbe][result][19]_i_99_n_1
    SLICE_X50Y71         CARRY4 (Prop_carry4_S[3]_CO[3])
                                                      0.376    10.088 r  i_ariane/gen_example_coprocessor.i_cvxif_coprocessor/mem_q_reg[0][sbe][result][19]_i_52/CO[3]
                         net (fo=1, routed)           0.000    10.088    i_ariane/gen_example_coprocessor.i_cvxif_coprocessor/mem_q_reg[0][sbe][result][19]_i_52_n_1
    SLICE_X50Y72         CARRY4 (Prop_carry4_CI_O[1])
                                                      0.323    10.411 r  i_ariane/gen_example_coprocessor.i_cvxif_coprocessor/mem_q_reg[0][sbe][result][31]_i_48/O[1]
                         net (fo=2, routed)           0.848    11.259    i_ariane/gen_example_coprocessor.i_cvxif_coprocessor/mem_q_reg[0][sbe][result][31]_i_48_n_7
    SLICE_X51Y72         LUT3 (Prop_lut3_I0_O)        0.334    11.593 r  i_ariane/gen_example_coprocessor.i_cvxif_coprocessor/mem_q[0][sbe][result][19]_i_40/O
                         net (fo=2, routed)           0.826    12.419    i_ariane/gen_example_coprocessor.i_cvxif_coprocessor/mem_q[0][sbe][result][19]_i_40_n_1
    SLICE_X51Y72         LUT4 (Prop_lut4_I0_O)        0.332    12.751 r  i_ariane/gen_example_coprocessor.i_cvxif_coprocessor/mem_q[0][sbe][result][19]_i_44/O
                         net (fo=1, routed)           0.000    12.751    i_ariane/gen_example_coprocessor.i_cvxif_coprocessor/mem_q[0][sbe][result][19]_i_44_n_1
    SLICE_X51Y72         CARRY4 (Prop_carry4_S[2]_CO[3])
                                                      0.398    13.149 r  i_ariane/gen_example_coprocessor.i_cvxif_coprocessor/mem_q_reg[0][sbe][result][19]_i_22/CO[3]
                         net (fo=1, routed)           0.000    13.149    i_ariane/gen_example_coprocessor.i_cvxif_coprocessor/mem_q_reg[0][sbe][result][19]_i_22_n_1
    SLICE_X51Y73         CARRY4 (Prop_carry4_CI_CO[1])
                                                      0.157    13.306 f  i_ariane/gen_example_coprocessor.i_cvxif_coprocessor/mem_q_reg[0][sbe][result][31]_i_25/CO[1]
                         net (fo=28, routed)          0.956    14.263    i_ariane/gen_example_coprocessor.i_cvxif_coprocessor/CO[0]
    SLICE_X55Y72         LUT3 (Prop_lut3_I1_O)        0.358    14.621 r  i_ariane/gen_example_coprocessor.i_cvxif_coprocessor/mem_q[0][sbe][result][19]_i_8/O
                         net (fo=2, routed)           0.690    15.311    i_ariane/gen_example_coprocessor.i_cvxif_coprocessor/mem_q[0][sbe][result][19]_i_8_n_1
    SLICE_X55Y72         LUT4 (Prop_lut4_I3_O)        0.327    15.638 r  i_ariane/gen_example_coprocessor.i_cvxif_coprocessor/mem_q[0][sbe][result][19]_i_12/O
                         net (fo=1, routed)           0.000    15.638    i_ariane/gen_example_coprocessor.i_cvxif_coprocessor/mem_q[0][sbe][result][19]_i_12_n_1
    SLICE_X55Y72         CARRY4 (Prop_carry4_S[3]_CO[3])
                                                      0.401    16.039 r  i_ariane/gen_example_coprocessor.i_cvxif_coprocessor/mem_q_reg[0][sbe][result][19]_i_5/CO[3]
                         net (fo=1, routed)           0.000    16.039    i_ariane/gen_example_coprocessor.i_cvxif_coprocessor/mem_q_reg[0][sbe][result][19]_i_5_n_1
    SLICE_X55Y73         CARRY4 (Prop_carry4_CI_O[2])
                                                      0.239    16.278 r  i_ariane/gen_example_coprocessor.i_cvxif_coprocessor/mem_q_reg[0][sbe][result][23]_i_5/O[2]
                         net (fo=1, routed)           0.803    17.081    i_ariane/gen_example_coprocessor.i_cvxif_coprocessor/fifo_commit_i/cvxif_resp[x_result][data][22]
    SLICE_X58Y73         LUT2 (Prop_lut2_I0_O)        0.326    17.407 r  i_ariane/gen_example_coprocessor.i_cvxif_coprocessor/fifo_commit_i/mem_q[0][sbe][result][22]_i_2/O
                         net (fo=8, routed)           0.636    18.043    i_ariane/i_cva6/issue_stage_i/i_scoreboard/x_result_ex_id[22]
    SLICE_X59Y75         LUT6 (Prop_lut6_I3_O)        0.328    18.371 r  i_ariane/i_cva6/issue_stage_i/i_scoreboard/i___130_i_2__0/O
                         net (fo=1, routed)           0.469    18.840    i_ariane/i_cva6/issue_stage_i/i_scoreboard_n_169
    SLICE_X59Y75         LUT6 (Prop_lut6_I3_O)        0.124    18.964 r  i_ariane/i_cva6/issue_stage_i/i___130/O
                         net (fo=1, routed)           0.512    19.476    i_ariane/i_cva6/issue_stage_i/rs1_sb_iro[22]
    SLICE_X59Y74         LUT6 (Prop_lut6_I0_O)        0.124    19.600 r  i_ariane/i_cva6/issue_stage_i/operand_a_q[22]_i_1/O
                         net (fo=2, routed)           0.563    20.163    i_ariane/i_cva6/ex_stage_i/vaddr_to_be_flushed_reg[31]_0[22]
    SLICE_X57Y75         FDCE                                         r  i_ariane/i_cva6/ex_stage_i/vaddr_to_be_flushed_reg[22]/D
  -------------------------------------------------------------------    -------------------

                         (clock clk_out1_xlnx_clk_gen rise edge)
                                                     20.000    20.000 r  
    K17                                               0.000    20.000 r  clk_sys (IN)
                         net (fo=0)                   0.000    20.000    i_xlnx_clk_gen/inst/clk_in1
    K17                  IBUF (Prop_ibuf_I_O)         1.404    21.404 r  i_xlnx_clk_gen/inst/clkin1_ibufg/O
                         net (fo=1, routed)           1.162    22.566    i_xlnx_clk_gen/inst/clk_in1_xlnx_clk_gen
    MMCME2_ADV_X1Y2      MMCME2_ADV (Prop_mmcme2_adv_CLKIN1_CLKOUT0)
                                                     -7.814    14.752 r  i_xlnx_clk_gen/inst/mmcm_adv_inst/CLKOUT0
                         net (fo=1, routed)           2.012    16.764    i_xlnx_clk_gen/inst/clk_out1_xlnx_clk_gen
    BUFGCTRL_X0Y16       BUFG (Prop_bufg_I_O)         0.091    16.855 r  i_xlnx_clk_gen/inst/clkout1_buf/O
                         net (fo=16470, routed)       1.520    18.375    i_ariane/i_cva6/ex_stage_i/clk_out1
    SLICE_X57Y75         FDCE                                         r  i_ariane/i_cva6/ex_stage_i/vaddr_to_be_flushed_reg[22]/C
                         clock pessimism              0.567    18.942    
                         clock uncertainty           -0.079    18.862    
    SLICE_X57Y75         FDCE (Setup_fdce_C_D)       -0.047    18.815    i_ariane/i_cva6/ex_stage_i/vaddr_to_be_flushed_reg[22]
  -------------------------------------------------------------------
                         required time                         18.815    
                         arrival time                         -20.163    
  -------------------------------------------------------------------
                         slack                                 -1.348    

Slack (VIOLATED) :        -1.175ns  (required time - arrival time)
  Source:                 i_ariane/i_cva6/issue_stage_i/i_issue_read_operands/cvxif_off_instr_q_reg[6]/C
                            (rising edge-triggered cell FDCE clocked by clk_out1_xlnx_clk_gen  {rise@0.000ns fall@10.000ns period=20.000ns})
  Destination:            i_ariane/i_cva6/issue_stage_i/i_issue_read_operands/operand_a_q_reg[22]/D
                            (rising edge-triggered cell FDCE clocked by clk_out1_xlnx_clk_gen  {rise@0.000ns fall@10.000ns period=20.000ns})
  Path Group:             clk_out1_xlnx_clk_gen
  Path Type:              Setup (Max at Slow Process Corner)
  Requirement:            20.000ns  (clk_out1_xlnx_clk_gen rise@20.000ns - clk_out1_xlnx_clk_gen rise@0.000ns)
  Data Path Delay:        20.990ns  (logic 7.301ns (34.784%)  route 13.689ns (65.216%))
  Logic Levels:           24  (CARRY4=7 LUT2=2 LUT3=4 LUT4=5 LUT5=1 LUT6=5)
  Clock Path Skew:        -0.063ns (DCD - SCD + CPR)
    Destination Clock Delay (DCD):    -1.622ns = ( 18.378 - 20.000 ) 
    Source Clock Delay      (SCD):    -0.992ns
    Clock Pessimism Removal (CPR):    0.567ns
  Clock Uncertainty:      0.079ns  ((TSJ^2 + DJ^2)^1/2) / 2 + PE
    Total System Jitter     (TSJ):    0.071ns
    Discrete Jitter          (DJ):    0.142ns
    Phase Error              (PE):    0.000ns

    Location             Delay type                Incr(ns)  Path(ns)    Netlist Resource(s)
  -------------------------------------------------------------------    -------------------
                         (clock clk_out1_xlnx_clk_gen rise edge)
                                                      0.000     0.000 r  
    K17                                               0.000     0.000 r  clk_sys (IN)
                         net (fo=0)                   0.000     0.000    i_xlnx_clk_gen/inst/clk_in1
    K17                  IBUF (Prop_ibuf_I_O)         1.475     1.475 r  i_xlnx_clk_gen/inst/clkin1_ibufg/O
                         net (fo=1, routed)           1.285     2.760    i_xlnx_clk_gen/inst/clk_in1_xlnx_clk_gen
    MMCME2_ADV_X1Y2      MMCME2_ADV (Prop_mmcme2_adv_CLKIN1_CLKOUT0)
                                                     -7.759    -4.999 r  i_xlnx_clk_gen/inst/mmcm_adv_inst/CLKOUT0
                         net (fo=1, routed)           2.206    -2.793    i_xlnx_clk_gen/inst/clk_out1_xlnx_clk_gen
    BUFGCTRL_X0Y16       BUFG (Prop_bufg_I_O)         0.101    -2.692 r  i_xlnx_clk_gen/inst/clkout1_buf/O
                         net (fo=16470, routed)       1.700    -0.992    i_ariane/i_cva6/issue_stage_i/i_issue_read_operands/clk_out1
    SLICE_X62Y71         FDCE                                         r  i_ariane/i_cva6/issue_stage_i/i_issue_read_operands/cvxif_off_instr_q_reg[6]/C
  -------------------------------------------------------------------    -------------------
    SLICE_X62Y71         FDCE (Prop_fdce_C_Q)         0.518    -0.474 r  i_ariane/i_cva6/issue_stage_i/i_issue_read_operands/cvxif_off_instr_q_reg[6]/Q
                         net (fo=3, routed)           0.670     0.196    i_ariane/i_cva6/issue_stage_i/i_issue_read_operands/x_off_instr_id_ex[6]
    SLICE_X62Y71         LUT2 (Prop_lut2_I1_O)        0.124     0.320 r  i_ariane/i_cva6/issue_stage_i/i_issue_read_operands/i__i_3/O
                         net (fo=3, routed)           0.975     1.295    i_ariane/i_cva6/issue_stage_i/i_issue_read_operands/cvxif_req[x_issue_req][instr][6]
    SLICE_X61Y71         LUT3 (Prop_lut3_I1_O)        0.152     1.447 r  i_ariane/i_cva6/issue_stage_i/i_issue_read_operands/mem_reg_0_7_6_11_i_2/O
                         net (fo=3, routed)           0.467     1.914    i_ariane/i_cva6/issue_stage_i/i_issue_read_operands/mem_reg_0_7_6_11_i_2_n_1
    SLICE_X61Y71         LUT5 (Prop_lut5_I0_O)        0.326     2.240 f  i_ariane/i_cva6/issue_stage_i/i_issue_read_operands/i___1_i_1/O
                         net (fo=72, routed)          0.747     2.987    i_ariane/gen_example_coprocessor.i_cvxif_coprocessor/fifo_commit_i/cvxif_resp[x_issue_resp][accept]
    SLICE_X52Y73         LUT4 (Prop_lut4_I3_O)        0.124     3.111 r  i_ariane/gen_example_coprocessor.i_cvxif_coprocessor/fifo_commit_i/i___173_i_2/O
                         net (fo=180, routed)         1.235     4.346    i_ariane/i_cva6/issue_stage_i/i_issue_read_operands/mem_q_reg[0][sbe][result][31]_i_104
    SLICE_X45Y68         LUT4 (Prop_lut4_I3_O)        0.153     4.499 f  i_ariane/i_cva6/issue_stage_i/i_issue_read_operands/i___174_i_1__0/O
                         net (fo=14, routed)          1.007     5.507    i_ariane/gen_example_coprocessor.i_cvxif_coprocessor/fifo_commit_i/gen_fpga_queue.fifo_ram/mem_q_reg[0][sbe][result][19]_i_135
    SLICE_X45Y69         LUT6 (Prop_lut6_I1_O)        0.327     5.834 r  i_ariane/gen_example_coprocessor.i_cvxif_coprocessor/fifo_commit_i/gen_fpga_queue.fifo_ram/mem_q[0][sbe][result][19]_i_267/O
                         net (fo=2, routed)           0.649     6.482    i_ariane/gen_example_coprocessor.i_cvxif_coprocessor/fifo_commit_i_n_302
    SLICE_X47Y70         LUT6 (Prop_lut6_I0_O)        0.124     6.606 r  i_ariane/gen_example_coprocessor.i_cvxif_coprocessor/mem_q[0][sbe][result][19]_i_271/O
                         net (fo=1, routed)           0.000     6.606    i_ariane/gen_example_coprocessor.i_cvxif_coprocessor/mem_q[0][sbe][result][19]_i_271_n_1
    SLICE_X47Y70         CARRY4 (Prop_carry4_S[1]_O[3])
                                                      0.640     7.246 r  i_ariane/gen_example_coprocessor.i_cvxif_coprocessor/mem_q_reg[0][sbe][result][19]_i_135/O[3]
                         net (fo=2, routed)           1.092     8.338    i_ariane/gen_example_coprocessor.i_cvxif_coprocessor/mem_q_reg[0][sbe][result][19]_i_135_n_5
    SLICE_X50Y71         LUT3 (Prop_lut3_I2_O)        0.335     8.673 r  i_ariane/gen_example_coprocessor.i_cvxif_coprocessor/mem_q[0][sbe][result][19]_i_95/O
                         net (fo=2, routed)           0.708     9.381    i_ariane/gen_example_coprocessor.i_cvxif_coprocessor/mem_q[0][sbe][result][19]_i_95_n_1
    SLICE_X50Y71         LUT4 (Prop_lut4_I0_O)        0.331     9.712 r  i_ariane/gen_example_coprocessor.i_cvxif_coprocessor/mem_q[0][sbe][result][19]_i_99/O
                         net (fo=1, routed)           0.000     9.712    i_ariane/gen_example_coprocessor.i_cvxif_coprocessor/mem_q[0][sbe][result][19]_i_99_n_1
    SLICE_X50Y71         CARRY4 (Prop_carry4_S[3]_CO[3])
                                                      0.376    10.088 r  i_ariane/gen_example_coprocessor.i_cvxif_coprocessor/mem_q_reg[0][sbe][result][19]_i_52/CO[3]
                         net (fo=1, routed)           0.000    10.088    i_ariane/gen_example_coprocessor.i_cvxif_coprocessor/mem_q_reg[0][sbe][result][19]_i_52_n_1
    SLICE_X50Y72         CARRY4 (Prop_carry4_CI_O[1])
                                                      0.323    10.411 r  i_ariane/gen_example_coprocessor.i_cvxif_coprocessor/mem_q_reg[0][sbe][result][31]_i_48/O[1]
                         net (fo=2, routed)           0.848    11.259    i_ariane/gen_example_coprocessor.i_cvxif_coprocessor/mem_q_reg[0][sbe][result][31]_i_48_n_7
    SLICE_X51Y72         LUT3 (Prop_lut3_I0_O)        0.334    11.593 r  i_ariane/gen_example_coprocessor.i_cvxif_coprocessor/mem_q[0][sbe][result][19]_i_40/O
                         net (fo=2, routed)           0.826    12.419    i_ariane/gen_example_coprocessor.i_cvxif_coprocessor/mem_q[0][sbe][result][19]_i_40_n_1
    SLICE_X51Y72         LUT4 (Prop_lut4_I0_O)        0.332    12.751 r  i_ariane/gen_example_coprocessor.i_cvxif_coprocessor/mem_q[0][sbe][result][19]_i_44/O
                         net (fo=1, routed)           0.000    12.751    i_ariane/gen_example_coprocessor.i_cvxif_coprocessor/mem_q[0][sbe][result][19]_i_44_n_1
    SLICE_X51Y72         CARRY4 (Prop_carry4_S[2]_CO[3])
                                                      0.398    13.149 r  i_ariane/gen_example_coprocessor.i_cvxif_coprocessor/mem_q_reg[0][sbe][result][19]_i_22/CO[3]
                         net (fo=1, routed)           0.000    13.149    i_ariane/gen_example_coprocessor.i_cvxif_coprocessor/mem_q_reg[0][sbe][result][19]_i_22_n_1
    SLICE_X51Y73         CARRY4 (Prop_carry4_CI_CO[1])
                                                      0.157    13.306 f  i_ariane/gen_example_coprocessor.i_cvxif_coprocessor/mem_q_reg[0][sbe][result][31]_i_25/CO[1]
                         net (fo=28, routed)          0.956    14.263    i_ariane/gen_example_coprocessor.i_cvxif_coprocessor/CO[0]
    SLICE_X55Y72         LUT3 (Prop_lut3_I1_O)        0.358    14.621 r  i_ariane/gen_example_coprocessor.i_cvxif_coprocessor/mem_q[0][sbe][result][19]_i_8/O
                         net (fo=2, routed)           0.690    15.311    i_ariane/gen_example_coprocessor.i_cvxif_coprocessor/mem_q[0][sbe][result][19]_i_8_n_1
    SLICE_X55Y72         LUT4 (Prop_lut4_I3_O)        0.327    15.638 r  i_ariane/gen_example_coprocessor.i_cvxif_coprocessor/mem_q[0][sbe][result][19]_i_12/O
                         net (fo=1, routed)           0.000    15.638    i_ariane/gen_example_coprocessor.i_cvxif_coprocessor/mem_q[0][sbe][result][19]_i_12_n_1
    SLICE_X55Y72         CARRY4 (Prop_carry4_S[3]_CO[3])
                                                      0.401    16.039 r  i_ariane/gen_example_coprocessor.i_cvxif_coprocessor/mem_q_reg[0][sbe][result][19]_i_5/CO[3]
                         net (fo=1, routed)           0.000    16.039    i_ariane/gen_example_coprocessor.i_cvxif_coprocessor/mem_q_reg[0][sbe][result][19]_i_5_n_1
    SLICE_X55Y73         CARRY4 (Prop_carry4_CI_O[2])
                                                      0.239    16.278 r  i_ariane/gen_example_coprocessor.i_cvxif_coprocessor/mem_q_reg[0][sbe][result][23]_i_5/O[2]
                         net (fo=1, routed)           0.803    17.081    i_ariane/gen_example_coprocessor.i_cvxif_coprocessor/fifo_commit_i/cvxif_resp[x_result][data][22]
    SLICE_X58Y73         LUT2 (Prop_lut2_I0_O)        0.326    17.407 r  i_ariane/gen_example_coprocessor.i_cvxif_coprocessor/fifo_commit_i/mem_q[0][sbe][result][22]_i_2/O
                         net (fo=8, routed)           0.636    18.043    i_ariane/i_cva6/issue_stage_i/i_scoreboard/x_result_ex_id[22]
    SLICE_X59Y75         LUT6 (Prop_lut6_I3_O)        0.328    18.371 r  i_ariane/i_cva6/issue_stage_i/i_scoreboard/i___130_i_2__0/O
                         net (fo=1, routed)           0.469    18.840    i_ariane/i_cva6/issue_stage_i/i_scoreboard_n_169
    SLICE_X59Y75         LUT6 (Prop_lut6_I3_O)        0.124    18.964 r  i_ariane/i_cva6/issue_stage_i/i___130/O
                         net (fo=1, routed)           0.512    19.476    i_ariane/i_cva6/issue_stage_i/rs1_sb_iro[22]
    SLICE_X59Y74         LUT6 (Prop_lut6_I0_O)        0.124    19.600 r  i_ariane/i_cva6/issue_stage_i/operand_a_q[22]_i_1/O
                         net (fo=2, routed)           0.397    19.997    i_ariane/i_cva6/issue_stage_i/i_issue_read_operands/operand_a_q_reg[31]_7[22]
    SLICE_X60Y75         FDCE                                         r  i_ariane/i_cva6/issue_stage_i/i_issue_read_operands/operand_a_q_reg[22]/D
  -------------------------------------------------------------------    -------------------

                         (clock clk_out1_xlnx_clk_gen rise edge)
                                                     20.000    20.000 r  
    K17                                               0.000    20.000 r  clk_sys (IN)
                         net (fo=0)                   0.000    20.000    i_xlnx_clk_gen/inst/clk_in1
    K17                  IBUF (Prop_ibuf_I_O)         1.404    21.404 r  i_xlnx_clk_gen/inst/clkin1_ibufg/O
                         net (fo=1, routed)           1.162    22.566    i_xlnx_clk_gen/inst/clk_in1_xlnx_clk_gen
    MMCME2_ADV_X1Y2      MMCME2_ADV (Prop_mmcme2_adv_CLKIN1_CLKOUT0)
                                                     -7.814    14.752 r  i_xlnx_clk_gen/inst/mmcm_adv_inst/CLKOUT0
                         net (fo=1, routed)           2.012    16.764    i_xlnx_clk_gen/inst/clk_out1_xlnx_clk_gen
    BUFGCTRL_X0Y16       BUFG (Prop_bufg_I_O)         0.091    16.855 r  i_xlnx_clk_gen/inst/clkout1_buf/O
                         net (fo=16470, routed)       1.523    18.378    i_ariane/i_cva6/issue_stage_i/i_issue_read_operands/clk_out1
    SLICE_X60Y75         FDCE                                         r  i_ariane/i_cva6/issue_stage_i/i_issue_read_operands/operand_a_q_reg[22]/C
                         clock pessimism              0.567    18.945    
                         clock uncertainty           -0.079    18.865    
    SLICE_X60Y75         FDCE (Setup_fdce_C_D)       -0.043    18.822    i_ariane/i_cva6/issue_stage_i/i_issue_read_operands/operand_a_q_reg[22]
  -------------------------------------------------------------------
                         required time                         18.822    
                         arrival time                         -19.997    
  -------------------------------------------------------------------
                         slack                                 -1.175    

Slack (VIOLATED) :        -0.891ns  (required time - arrival time)
  Source:                 i_ariane/i_cva6/issue_stage_i/i_issue_read_operands/cvxif_off_instr_q_reg[6]/C
                            (rising edge-triggered cell FDCE clocked by clk_out1_xlnx_clk_gen  {rise@0.000ns fall@10.000ns period=20.000ns})
  Destination:            i_ariane/i_cva6/issue_stage_i/i_issue_read_operands/operand_a_q_reg[21]/D
                            (rising edge-triggered cell FDCE clocked by clk_out1_xlnx_clk_gen  {rise@0.000ns fall@10.000ns period=20.000ns})
  Path Group:             clk_out1_xlnx_clk_gen
  Path Type:              Setup (Max at Slow Process Corner)
  Requirement:            20.000ns  (clk_out1_xlnx_clk_gen rise@20.000ns - clk_out1_xlnx_clk_gen rise@0.000ns)
  Data Path Delay:        20.700ns  (logic 7.169ns (34.632%)  route 13.531ns (65.367%))
  Logic Levels:           24  (CARRY4=7 LUT2=2 LUT3=4 LUT4=5 LUT5=1 LUT6=5)
  Clock Path Skew:        -0.066ns (DCD - SCD + CPR)
    Destination Clock Delay (DCD):    -1.625ns = ( 18.375 - 20.000 ) 
    Source Clock Delay      (SCD):    -0.992ns
    Clock Pessimism Removal (CPR):    0.567ns
  Clock Uncertainty:      0.079ns  ((TSJ^2 + DJ^2)^1/2) / 2 + PE
    Total System Jitter     (TSJ):    0.071ns
    Discrete Jitter          (DJ):    0.142ns
    Phase Error              (PE):    0.000ns

    Location             Delay type                Incr(ns)  Path(ns)    Netlist Resource(s)
  -------------------------------------------------------------------    -------------------
                         (clock clk_out1_xlnx_clk_gen rise edge)
                                                      0.000     0.000 r  
    K17                                               0.000     0.000 r  clk_sys (IN)
                         net (fo=0)                   0.000     0.000    i_xlnx_clk_gen/inst/clk_in1
    K17                  IBUF (Prop_ibuf_I_O)         1.475     1.475 r  i_xlnx_clk_gen/inst/clkin1_ibufg/O
                         net (fo=1, routed)           1.285     2.760    i_xlnx_clk_gen/inst/clk_in1_xlnx_clk_gen
    MMCME2_ADV_X1Y2      MMCME2_ADV (Prop_mmcme2_adv_CLKIN1_CLKOUT0)
                                                     -7.759    -4.999 r  i_xlnx_clk_gen/inst/mmcm_adv_inst/CLKOUT0
                         net (fo=1, routed)           2.206    -2.793    i_xlnx_clk_gen/inst/clk_out1_xlnx_clk_gen
    BUFGCTRL_X0Y16       BUFG (Prop_bufg_I_O)         0.101    -2.692 r  i_xlnx_clk_gen/inst/clkout1_buf/O
                         net (fo=16470, routed)       1.700    -0.992    i_ariane/i_cva6/issue_stage_i/i_issue_read_operands/clk_out1
    SLICE_X62Y71         FDCE                                         r  i_ariane/i_cva6/issue_stage_i/i_issue_read_operands/cvxif_off_instr_q_reg[6]/C
  -------------------------------------------------------------------    -------------------
    SLICE_X62Y71         FDCE (Prop_fdce_C_Q)         0.518    -0.474 r  i_ariane/i_cva6/issue_stage_i/i_issue_read_operands/cvxif_off_instr_q_reg[6]/Q
                         net (fo=3, routed)           0.670     0.196    i_ariane/i_cva6/issue_stage_i/i_issue_read_operands/x_off_instr_id_ex[6]
    SLICE_X62Y71         LUT2 (Prop_lut2_I1_O)        0.124     0.320 r  i_ariane/i_cva6/issue_stage_i/i_issue_read_operands/i__i_3/O
                         net (fo=3, routed)           0.975     1.295    i_ariane/i_cva6/issue_stage_i/i_issue_read_operands/cvxif_req[x_issue_req][instr][6]
    SLICE_X61Y71         LUT3 (Prop_lut3_I1_O)        0.152     1.447 r  i_ariane/i_cva6/issue_stage_i/i_issue_read_operands/mem_reg_0_7_6_11_i_2/O
                         net (fo=3, routed)           0.467     1.914    i_ariane/i_cva6/issue_stage_i/i_issue_read_operands/mem_reg_0_7_6_11_i_2_n_1
    SLICE_X61Y71         LUT5 (Prop_lut5_I0_O)        0.326     2.240 f  i_ariane/i_cva6/issue_stage_i/i_issue_read_operands/i___1_i_1/O
                         net (fo=72, routed)          0.747     2.987    i_ariane/gen_example_coprocessor.i_cvxif_coprocessor/fifo_commit_i/cvxif_resp[x_issue_resp][accept]
    SLICE_X52Y73         LUT4 (Prop_lut4_I3_O)        0.124     3.111 r  i_ariane/gen_example_coprocessor.i_cvxif_coprocessor/fifo_commit_i/i___173_i_2/O
                         net (fo=180, routed)         1.235     4.346    i_ariane/i_cva6/issue_stage_i/i_issue_read_operands/mem_q_reg[0][sbe][result][31]_i_104
    SLICE_X45Y68         LUT4 (Prop_lut4_I3_O)        0.153     4.499 f  i_ariane/i_cva6/issue_stage_i/i_issue_read_operands/i___174_i_1__0/O
                         net (fo=14, routed)          1.007     5.507    i_ariane/gen_example_coprocessor.i_cvxif_coprocessor/fifo_commit_i/gen_fpga_queue.fifo_ram/mem_q_reg[0][sbe][result][19]_i_135
    SLICE_X45Y69         LUT6 (Prop_lut6_I1_O)        0.327     5.834 r  i_ariane/gen_example_coprocessor.i_cvxif_coprocessor/fifo_commit_i/gen_fpga_queue.fifo_ram/mem_q[0][sbe][result][19]_i_267/O
                         net (fo=2, routed)           0.649     6.482    i_ariane/gen_example_coprocessor.i_cvxif_coprocessor/fifo_commit_i_n_302
    SLICE_X47Y70         LUT6 (Prop_lut6_I0_O)        0.124     6.606 r  i_ariane/gen_example_coprocessor.i_cvxif_coprocessor/mem_q[0][sbe][result][19]_i_271/O
                         net (fo=1, routed)           0.000     6.606    i_ariane/gen_example_coprocessor.i_cvxif_coprocessor/mem_q[0][sbe][result][19]_i_271_n_1
    SLICE_X47Y70         CARRY4 (Prop_carry4_S[1]_O[3])
                                                      0.640     7.246 r  i_ariane/gen_example_coprocessor.i_cvxif_coprocessor/mem_q_reg[0][sbe][result][19]_i_135/O[3]
                         net (fo=2, routed)           1.092     8.338    i_ariane/gen_example_coprocessor.i_cvxif_coprocessor/mem_q_reg[0][sbe][result][19]_i_135_n_5
    SLICE_X50Y71         LUT3 (Prop_lut3_I2_O)        0.335     8.673 r  i_ariane/gen_example_coprocessor.i_cvxif_coprocessor/mem_q[0][sbe][result][19]_i_95/O
                         net (fo=2, routed)           0.708     9.381    i_ariane/gen_example_coprocessor.i_cvxif_coprocessor/mem_q[0][sbe][result][19]_i_95_n_1
    SLICE_X50Y71         LUT4 (Prop_lut4_I0_O)        0.331     9.712 r  i_ariane/gen_example_coprocessor.i_cvxif_coprocessor/mem_q[0][sbe][result][19]_i_99/O
                         net (fo=1, routed)           0.000     9.712    i_ariane/gen_example_coprocessor.i_cvxif_coprocessor/mem_q[0][sbe][result][19]_i_99_n_1
    SLICE_X50Y71         CARRY4 (Prop_carry4_S[3]_CO[3])
                                                      0.376    10.088 r  i_ariane/gen_example_coprocessor.i_cvxif_coprocessor/mem_q_reg[0][sbe][result][19]_i_52/CO[3]
                         net (fo=1, routed)           0.000    10.088    i_ariane/gen_example_coprocessor.i_cvxif_coprocessor/mem_q_reg[0][sbe][result][19]_i_52_n_1
    SLICE_X50Y72         CARRY4 (Prop_carry4_CI_O[1])
                                                      0.323    10.411 r  i_ariane/gen_example_coprocessor.i_cvxif_coprocessor/mem_q_reg[0][sbe][result][31]_i_48/O[1]
                         net (fo=2, routed)           0.848    11.259    i_ariane/gen_example_coprocessor.i_cvxif_coprocessor/mem_q_reg[0][sbe][result][31]_i_48_n_7
    SLICE_X51Y72         LUT3 (Prop_lut3_I0_O)        0.334    11.593 r  i_ariane/gen_example_coprocessor.i_cvxif_coprocessor/mem_q[0][sbe][result][19]_i_40/O
                         net (fo=2, routed)           0.826    12.419    i_ariane/gen_example_coprocessor.i_cvxif_coprocessor/mem_q[0][sbe][result][19]_i_40_n_1
    SLICE_X51Y72         LUT4 (Prop_lut4_I0_O)        0.332    12.751 r  i_ariane/gen_example_coprocessor.i_cvxif_coprocessor/mem_q[0][sbe][result][19]_i_44/O
                         net (fo=1, routed)           0.000    12.751    i_ariane/gen_example_coprocessor.i_cvxif_coprocessor/mem_q[0][sbe][result][19]_i_44_n_1
    SLICE_X51Y72         CARRY4 (Prop_carry4_S[2]_CO[3])
                                                      0.398    13.149 r  i_ariane/gen_example_coprocessor.i_cvxif_coprocessor/mem_q_reg[0][sbe][result][19]_i_22/CO[3]
                         net (fo=1, routed)           0.000    13.149    i_ariane/gen_example_coprocessor.i_cvxif_coprocessor/mem_q_reg[0][sbe][result][19]_i_22_n_1
    SLICE_X51Y73         CARRY4 (Prop_carry4_CI_CO[1])
                                                      0.157    13.306 f  i_ariane/gen_example_coprocessor.i_cvxif_coprocessor/mem_q_reg[0][sbe][result][31]_i_25/CO[1]
                         net (fo=28, routed)          0.956    14.263    i_ariane/gen_example_coprocessor.i_cvxif_coprocessor/CO[0]
    SLICE_X55Y72         LUT3 (Prop_lut3_I1_O)        0.358    14.621 r  i_ariane/gen_example_coprocessor.i_cvxif_coprocessor/mem_q[0][sbe][result][19]_i_8/O
                         net (fo=2, routed)           0.690    15.311    i_ariane/gen_example_coprocessor.i_cvxif_coprocessor/mem_q[0][sbe][result][19]_i_8_n_1
    SLICE_X55Y72         LUT4 (Prop_lut4_I3_O)        0.327    15.638 r  i_ariane/gen_example_coprocessor.i_cvxif_coprocessor/mem_q[0][sbe][result][19]_i_12/O
                         net (fo=1, routed)           0.000    15.638    i_ariane/gen_example_coprocessor.i_cvxif_coprocessor/mem_q[0][sbe][result][19]_i_12_n_1
    SLICE_X55Y72         CARRY4 (Prop_carry4_S[3]_CO[3])
                                                      0.401    16.039 r  i_ariane/gen_example_coprocessor.i_cvxif_coprocessor/mem_q_reg[0][sbe][result][19]_i_5/CO[3]
                         net (fo=1, routed)           0.000    16.039    i_ariane/gen_example_coprocessor.i_cvxif_coprocessor/mem_q_reg[0][sbe][result][19]_i_5_n_1
    SLICE_X55Y73         CARRY4 (Prop_carry4_CI_O[1])
                                                      0.334    16.373 r  i_ariane/gen_example_coprocessor.i_cvxif_coprocessor/mem_q_reg[0][sbe][result][23]_i_5/O[1]
                         net (fo=1, routed)           0.618    16.991    i_ariane/gen_example_coprocessor.i_cvxif_coprocessor/fifo_commit_i/cvxif_resp[x_result][data][21]
    SLICE_X56Y74         LUT2 (Prop_lut2_I0_O)        0.303    17.294 r  i_ariane/gen_example_coprocessor.i_cvxif_coprocessor/fifo_commit_i/mem_q[0][sbe][result][21]_i_2/O
                         net (fo=8, routed)           0.508    17.802    i_ariane/i_cva6/issue_stage_i/i_scoreboard/x_result_ex_id[21]
    SLICE_X58Y75         LUT6 (Prop_lut6_I3_O)        0.124    17.926 r  i_ariane/i_cva6/issue_stage_i/i_scoreboard/i___131_i_2__0/O
                         net (fo=1, routed)           0.452    18.378    i_ariane/i_cva6/issue_stage_i/i_scoreboard_n_168
    SLICE_X58Y75         LUT6 (Prop_lut6_I3_O)        0.124    18.502 r  i_ariane/i_cva6/issue_stage_i/i___131/O
                         net (fo=1, routed)           0.502    19.004    i_ariane/i_cva6/issue_stage_i/rs1_sb_iro[21]
    SLICE_X58Y75         LUT6 (Prop_lut6_I0_O)        0.124    19.128 r  i_ariane/i_cva6/issue_stage_i/operand_a_q[21]_i_1/O
                         net (fo=2, routed)           0.580    19.708    i_ariane/i_cva6/issue_stage_i/i_issue_read_operands/operand_a_q_reg[31]_7[21]
    SLICE_X58Y75         FDCE                                         r  i_ariane/i_cva6/issue_stage_i/i_issue_read_operands/operand_a_q_reg[21]/D
  -------------------------------------------------------------------    -------------------

                         (clock clk_out1_xlnx_clk_gen rise edge)
                                                     20.000    20.000 r  
    K17                                               0.000    20.000 r  clk_sys (IN)
                         net (fo=0)                   0.000    20.000    i_xlnx_clk_gen/inst/clk_in1
    K17                  IBUF (Prop_ibuf_I_O)         1.404    21.404 r  i_xlnx_clk_gen/inst/clkin1_ibufg/O
                         net (fo=1, routed)           1.162    22.566    i_xlnx_clk_gen/inst/clk_in1_xlnx_clk_gen
    MMCME2_ADV_X1Y2      MMCME2_ADV (Prop_mmcme2_adv_CLKIN1_CLKOUT0)
                                                     -7.814    14.752 r  i_xlnx_clk_gen/inst/mmcm_adv_inst/CLKOUT0
                         net (fo=1, routed)           2.012    16.764    i_xlnx_clk_gen/inst/clk_out1_xlnx_clk_gen
    BUFGCTRL_X0Y16       BUFG (Prop_bufg_I_O)         0.091    16.855 r  i_xlnx_clk_gen/inst/clkout1_buf/O
                         net (fo=16470, routed)       1.520    18.375    i_ariane/i_cva6/issue_stage_i/i_issue_read_operands/clk_out1
    SLICE_X58Y75         FDCE                                         r  i_ariane/i_cva6/issue_stage_i/i_issue_read_operands/operand_a_q_reg[21]/C
                         clock pessimism              0.567    18.942    
                         clock uncertainty           -0.079    18.862    
    SLICE_X58Y75         FDCE (Setup_fdce_C_D)       -0.045    18.817    i_ariane/i_cva6/issue_stage_i/i_issue_read_operands/operand_a_q_reg[21]
  -------------------------------------------------------------------
                         required time                         18.817    
                         arrival time                         -19.708    
  -------------------------------------------------------------------
                         slack                                 -0.891    

Slack (VIOLATED) :        -0.643ns  (required time - arrival time)
  Source:                 i_ariane/i_cva6/issue_stage_i/i_issue_read_operands/cvxif_off_instr_q_reg[6]/C
                            (rising edge-triggered cell FDCE clocked by clk_out1_xlnx_clk_gen  {rise@0.000ns fall@10.000ns period=20.000ns})
  Destination:            i_ariane/i_cva6/ex_stage_i/vaddr_to_be_flushed_reg[21]/D
                            (rising edge-triggered cell FDCE clocked by clk_out1_xlnx_clk_gen  {rise@0.000ns fall@10.000ns period=20.000ns})
  Path Group:             clk_out1_xlnx_clk_gen
  Path Type:              Setup (Max at Slow Process Corner)
  Requirement:            20.000ns  (clk_out1_xlnx_clk_gen rise@20.000ns - clk_out1_xlnx_clk_gen rise@0.000ns)
  Data Path Delay:        20.455ns  (logic 7.169ns (35.048%)  route 13.286ns (64.952%))
  Logic Levels:           24  (CARRY4=7 LUT2=2 LUT3=4 LUT4=5 LUT5=1 LUT6=5)
  Clock Path Skew:        -0.066ns (DCD - SCD + CPR)
    Destination Clock Delay (DCD):    -1.625ns = ( 18.375 - 20.000 ) 
    Source Clock Delay      (SCD):    -0.992ns
    Clock Pessimism Removal (CPR):    0.567ns
  Clock Uncertainty:      0.079ns  ((TSJ^2 + DJ^2)^1/2) / 2 + PE
    Total System Jitter     (TSJ):    0.071ns
    Discrete Jitter          (DJ):    0.142ns
    Phase Error              (PE):    0.000ns

    Location             Delay type                Incr(ns)  Path(ns)    Netlist Resource(s)
  -------------------------------------------------------------------    -------------------
                         (clock clk_out1_xlnx_clk_gen rise edge)
                                                      0.000     0.000 r  
    K17                                               0.000     0.000 r  clk_sys (IN)
                         net (fo=0)                   0.000     0.000    i_xlnx_clk_gen/inst/clk_in1
    K17                  IBUF (Prop_ibuf_I_O)         1.475     1.475 r  i_xlnx_clk_gen/inst/clkin1_ibufg/O
                         net (fo=1, routed)           1.285     2.760    i_xlnx_clk_gen/inst/clk_in1_xlnx_clk_gen
    MMCME2_ADV_X1Y2      MMCME2_ADV (Prop_mmcme2_adv_CLKIN1_CLKOUT0)
                                                     -7.759    -4.999 r  i_xlnx_clk_gen/inst/mmcm_adv_inst/CLKOUT0
                         net (fo=1, routed)           2.206    -2.793    i_xlnx_clk_gen/inst/clk_out1_xlnx_clk_gen
    BUFGCTRL_X0Y16       BUFG (Prop_bufg_I_O)         0.101    -2.692 r  i_xlnx_clk_gen/inst/clkout1_buf/O
                         net (fo=16470, routed)       1.700    -0.992    i_ariane/i_cva6/issue_stage_i/i_issue_read_operands/clk_out1
    SLICE_X62Y71         FDCE                                         r  i_ariane/i_cva6/issue_stage_i/i_issue_read_operands/cvxif_off_instr_q_reg[6]/C
  -------------------------------------------------------------------    -------------------
    SLICE_X62Y71         FDCE (Prop_fdce_C_Q)         0.518    -0.474 r  i_ariane/i_cva6/issue_stage_i/i_issue_read_operands/cvxif_off_instr_q_reg[6]/Q
                         net (fo=3, routed)           0.670     0.196    i_ariane/i_cva6/issue_stage_i/i_issue_read_operands/x_off_instr_id_ex[6]
    SLICE_X62Y71         LUT2 (Prop_lut2_I1_O)        0.124     0.320 r  i_ariane/i_cva6/issue_stage_i/i_issue_read_operands/i__i_3/O
                         net (fo=3, routed)           0.975     1.295    i_ariane/i_cva6/issue_stage_i/i_issue_read_operands/cvxif_req[x_issue_req][instr][6]
    SLICE_X61Y71         LUT3 (Prop_lut3_I1_O)        0.152     1.447 r  i_ariane/i_cva6/issue_stage_i/i_issue_read_operands/mem_reg_0_7_6_11_i_2/O
                         net (fo=3, routed)           0.467     1.914    i_ariane/i_cva6/issue_stage_i/i_issue_read_operands/mem_reg_0_7_6_11_i_2_n_1
    SLICE_X61Y71         LUT5 (Prop_lut5_I0_O)        0.326     2.240 f  i_ariane/i_cva6/issue_stage_i/i_issue_read_operands/i___1_i_1/O
                         net (fo=72, routed)          0.747     2.987    i_ariane/gen_example_coprocessor.i_cvxif_coprocessor/fifo_commit_i/cvxif_resp[x_issue_resp][accept]
    SLICE_X52Y73         LUT4 (Prop_lut4_I3_O)        0.124     3.111 r  i_ariane/gen_example_coprocessor.i_cvxif_coprocessor/fifo_commit_i/i___173_i_2/O
                         net (fo=180, routed)         1.235     4.346    i_ariane/i_cva6/issue_stage_i/i_issue_read_operands/mem_q_reg[0][sbe][result][31]_i_104
    SLICE_X45Y68         LUT4 (Prop_lut4_I3_O)        0.153     4.499 f  i_ariane/i_cva6/issue_stage_i/i_issue_read_operands/i___174_i_1__0/O
                         net (fo=14, routed)          1.007     5.507    i_ariane/gen_example_coprocessor.i_cvxif_coprocessor/fifo_commit_i/gen_fpga_queue.fifo_ram/mem_q_reg[0][sbe][result][19]_i_135
    SLICE_X45Y69         LUT6 (Prop_lut6_I1_O)        0.327     5.834 r  i_ariane/gen_example_coprocessor.i_cvxif_coprocessor/fifo_commit_i/gen_fpga_queue.fifo_ram/mem_q[0][sbe][result][19]_i_267/O
                         net (fo=2, routed)           0.649     6.482    i_ariane/gen_example_coprocessor.i_cvxif_coprocessor/fifo_commit_i_n_302
    SLICE_X47Y70         LUT6 (Prop_lut6_I0_O)        0.124     6.606 r  i_ariane/gen_example_coprocessor.i_cvxif_coprocessor/mem_q[0][sbe][result][19]_i_271/O
                         net (fo=1, routed)           0.000     6.606    i_ariane/gen_example_coprocessor.i_cvxif_coprocessor/mem_q[0][sbe][result][19]_i_271_n_1
    SLICE_X47Y70         CARRY4 (Prop_carry4_S[1]_O[3])
                                                      0.640     7.246 r  i_ariane/gen_example_coprocessor.i_cvxif_coprocessor/mem_q_reg[0][sbe][result][19]_i_135/O[3]
                         net (fo=2, routed)           1.092     8.338    i_ariane/gen_example_coprocessor.i_cvxif_coprocessor/mem_q_reg[0][sbe][result][19]_i_135_n_5
    SLICE_X50Y71         LUT3 (Prop_lut3_I2_O)        0.335     8.673 r  i_ariane/gen_example_coprocessor.i_cvxif_coprocessor/mem_q[0][sbe][result][19]_i_95/O
                         net (fo=2, routed)           0.708     9.381    i_ariane/gen_example_coprocessor.i_cvxif_coprocessor/mem_q[0][sbe][result][19]_i_95_n_1
    SLICE_X50Y71         LUT4 (Prop_lut4_I0_O)        0.331     9.712 r  i_ariane/gen_example_coprocessor.i_cvxif_coprocessor/mem_q[0][sbe][result][19]_i_99/O
                         net (fo=1, routed)           0.000     9.712    i_ariane/gen_example_coprocessor.i_cvxif_coprocessor/mem_q[0][sbe][result][19]_i_99_n_1
    SLICE_X50Y71         CARRY4 (Prop_carry4_S[3]_CO[3])
                                                      0.376    10.088 r  i_ariane/gen_example_coprocessor.i_cvxif_coprocessor/mem_q_reg[0][sbe][result][19]_i_52/CO[3]
                         net (fo=1, routed)           0.000    10.088    i_ariane/gen_example_coprocessor.i_cvxif_coprocessor/mem_q_reg[0][sbe][result][19]_i_52_n_1
    SLICE_X50Y72         CARRY4 (Prop_carry4_CI_O[1])
                                                      0.323    10.411 r  i_ariane/gen_example_coprocessor.i_cvxif_coprocessor/mem_q_reg[0][sbe][result][31]_i_48/O[1]
                         net (fo=2, routed)           0.848    11.259    i_ariane/gen_example_coprocessor.i_cvxif_coprocessor/mem_q_reg[0][sbe][result][31]_i_48_n_7
    SLICE_X51Y72         LUT3 (Prop_lut3_I0_O)        0.334    11.593 r  i_ariane/gen_example_coprocessor.i_cvxif_coprocessor/mem_q[0][sbe][result][19]_i_40/O
                         net (fo=2, routed)           0.826    12.419    i_ariane/gen_example_coprocessor.i_cvxif_coprocessor/mem_q[0][sbe][result][19]_i_40_n_1
    SLICE_X51Y72         LUT4 (Prop_lut4_I0_O)        0.332    12.751 r  i_ariane/gen_example_coprocessor.i_cvxif_coprocessor/mem_q[0][sbe][result][19]_i_44/O
                         net (fo=1, routed)           0.000    12.751    i_ariane/gen_example_coprocessor.i_cvxif_coprocessor/mem_q[0][sbe][result][19]_i_44_n_1
    SLICE_X51Y72         CARRY4 (Prop_carry4_S[2]_CO[3])
                                                      0.398    13.149 r  i_ariane/gen_example_coprocessor.i_cvxif_coprocessor/mem_q_reg[0][sbe][result][19]_i_22/CO[3]
                         net (fo=1, routed)           0.000    13.149    i_ariane/gen_example_coprocessor.i_cvxif_coprocessor/mem_q_reg[0][sbe][result][19]_i_22_n_1
    SLICE_X51Y73         CARRY4 (Prop_carry4_CI_CO[1])
                                                      0.157    13.306 f  i_ariane/gen_example_coprocessor.i_cvxif_coprocessor/mem_q_reg[0][sbe][result][31]_i_25/CO[1]
                         net (fo=28, routed)          0.956    14.263    i_ariane/gen_example_coprocessor.i_cvxif_coprocessor/CO[0]
    SLICE_X55Y72         LUT3 (Prop_lut3_I1_O)        0.358    14.621 r  i_ariane/gen_example_coprocessor.i_cvxif_coprocessor/mem_q[0][sbe][result][19]_i_8/O
                         net (fo=2, routed)           0.690    15.311    i_ariane/gen_example_coprocessor.i_cvxif_coprocessor/mem_q[0][sbe][result][19]_i_8_n_1
    SLICE_X55Y72         LUT4 (Prop_lut4_I3_O)        0.327    15.638 r  i_ariane/gen_example_coprocessor.i_cvxif_coprocessor/mem_q[0][sbe][result][19]_i_12/O
                         net (fo=1, routed)           0.000    15.638    i_ariane/gen_example_coprocessor.i_cvxif_coprocessor/mem_q[0][sbe][result][19]_i_12_n_1
    SLICE_X55Y72         CARRY4 (Prop_carry4_S[3]_CO[3])
                                                      0.401    16.039 r  i_ariane/gen_example_coprocessor.i_cvxif_coprocessor/mem_q_reg[0][sbe][result][19]_i_5/CO[3]
                         net (fo=1, routed)           0.000    16.039    i_ariane/gen_example_coprocessor.i_cvxif_coprocessor/mem_q_reg[0][sbe][result][19]_i_5_n_1
    SLICE_X55Y73         CARRY4 (Prop_carry4_CI_O[1])
                                                      0.334    16.373 r  i_ariane/gen_example_coprocessor.i_cvxif_coprocessor/mem_q_reg[0][sbe][result][23]_i_5/O[1]
                         net (fo=1, routed)           0.618    16.991    i_ariane/gen_example_coprocessor.i_cvxif_coprocessor/fifo_commit_i/cvxif_resp[x_result][data][21]
    SLICE_X56Y74         LUT2 (Prop_lut2_I0_O)        0.303    17.294 r  i_ariane/gen_example_coprocessor.i_cvxif_coprocessor/fifo_commit_i/mem_q[0][sbe][result][21]_i_2/O
                         net (fo=8, routed)           0.508    17.802    i_ariane/i_cva6/issue_stage_i/i_scoreboard/x_result_ex_id[21]
    SLICE_X58Y75         LUT6 (Prop_lut6_I3_O)        0.124    17.926 r  i_ariane/i_cva6/issue_stage_i/i_scoreboard/i___131_i_2__0/O
                         net (fo=1, routed)           0.452    18.378    i_ariane/i_cva6/issue_stage_i/i_scoreboard_n_168
    SLICE_X58Y75         LUT6 (Prop_lut6_I3_O)        0.124    18.502 r  i_ariane/i_cva6/issue_stage_i/i___131/O
                         net (fo=1, routed)           0.502    19.004    i_ariane/i_cva6/issue_stage_i/rs1_sb_iro[21]
    SLICE_X58Y75         LUT6 (Prop_lut6_I0_O)        0.124    19.128 r  i_ariane/i_cva6/issue_stage_i/operand_a_q[21]_i_1/O
                         net (fo=2, routed)           0.335    19.462    i_ariane/i_cva6/ex_stage_i/vaddr_to_be_flushed_reg[31]_0[21]
    SLICE_X56Y75         FDCE                                         r  i_ariane/i_cva6/ex_stage_i/vaddr_to_be_flushed_reg[21]/D
  -------------------------------------------------------------------    -------------------

                         (clock clk_out1_xlnx_clk_gen rise edge)
                                                     20.000    20.000 r  
    K17                                               0.000    20.000 r  clk_sys (IN)
                         net (fo=0)                   0.000    20.000    i_xlnx_clk_gen/inst/clk_in1
    K17                  IBUF (Prop_ibuf_I_O)         1.404    21.404 r  i_xlnx_clk_gen/inst/clkin1_ibufg/O
                         net (fo=1, routed)           1.162    22.566    i_xlnx_clk_gen/inst/clk_in1_xlnx_clk_gen
    MMCME2_ADV_X1Y2      MMCME2_ADV (Prop_mmcme2_adv_CLKIN1_CLKOUT0)
                                                     -7.814    14.752 r  i_xlnx_clk_gen/inst/mmcm_adv_inst/CLKOUT0
                         net (fo=1, routed)           2.012    16.764    i_xlnx_clk_gen/inst/clk_out1_xlnx_clk_gen
    BUFGCTRL_X0Y16       BUFG (Prop_bufg_I_O)         0.091    16.855 r  i_xlnx_clk_gen/inst/clkout1_buf/O
                         net (fo=16470, routed)       1.520    18.375    i_ariane/i_cva6/ex_stage_i/clk_out1
    SLICE_X56Y75         FDCE                                         r  i_ariane/i_cva6/ex_stage_i/vaddr_to_be_flushed_reg[21]/C
                         clock pessimism              0.567    18.942    
                         clock uncertainty           -0.079    18.862    
    SLICE_X56Y75         FDCE (Setup_fdce_C_D)       -0.043    18.819    i_ariane/i_cva6/ex_stage_i/vaddr_to_be_flushed_reg[21]
  -------------------------------------------------------------------
                         required time                         18.819    
                         arrival time                         -19.462    
  -------------------------------------------------------------------
                         slack                                 -0.643    

Slack (VIOLATED) :        -0.469ns  (required time - arrival time)
  Source:                 i_ariane/i_cva6/issue_stage_i/i_issue_read_operands/cvxif_off_instr_q_reg[6]/C
                            (rising edge-triggered cell FDCE clocked by clk_out1_xlnx_clk_gen  {rise@0.000ns fall@10.000ns period=20.000ns})
  Destination:            i_ariane/i_cva6/issue_stage_i/i_issue_read_operands/operand_a_q_reg[25]/D
                            (rising edge-triggered cell FDCE clocked by clk_out1_xlnx_clk_gen  {rise@0.000ns fall@10.000ns period=20.000ns})
  Path Group:             clk_out1_xlnx_clk_gen
  Path Type:              Setup (Max at Slow Process Corner)
  Requirement:            20.000ns  (clk_out1_xlnx_clk_gen rise@20.000ns - clk_out1_xlnx_clk_gen rise@0.000ns)
  Data Path Delay:        20.251ns  (logic 7.283ns (35.964%)  route 12.968ns (64.036%))
  Logic Levels:           25  (CARRY4=8 LUT2=2 LUT3=4 LUT4=5 LUT5=1 LUT6=5)
  Clock Path Skew:        -0.058ns (DCD - SCD + CPR)
    Destination Clock Delay (DCD):    -1.617ns = ( 18.383 - 20.000 ) 
    Source Clock Delay      (SCD):    -0.992ns
    Clock Pessimism Removal (CPR):    0.567ns
  Clock Uncertainty:      0.079ns  ((TSJ^2 + DJ^2)^1/2) / 2 + PE
    Total System Jitter     (TSJ):    0.071ns
    Discrete Jitter          (DJ):    0.142ns
    Phase Error              (PE):    0.000ns

    Location             Delay type                Incr(ns)  Path(ns)    Netlist Resource(s)
  -------------------------------------------------------------------    -------------------
                         (clock clk_out1_xlnx_clk_gen rise edge)
                                                      0.000     0.000 r  
    K17                                               0.000     0.000 r  clk_sys (IN)
                         net (fo=0)                   0.000     0.000    i_xlnx_clk_gen/inst/clk_in1
    K17                  IBUF (Prop_ibuf_I_O)         1.475     1.475 r  i_xlnx_clk_gen/inst/clkin1_ibufg/O
                         net (fo=1, routed)           1.285     2.760    i_xlnx_clk_gen/inst/clk_in1_xlnx_clk_gen
    MMCME2_ADV_X1Y2      MMCME2_ADV (Prop_mmcme2_adv_CLKIN1_CLKOUT0)
                                                     -7.759    -4.999 r  i_xlnx_clk_gen/inst/mmcm_adv_inst/CLKOUT0
                         net (fo=1, routed)           2.206    -2.793    i_xlnx_clk_gen/inst/clk_out1_xlnx_clk_gen
    BUFGCTRL_X0Y16       BUFG (Prop_bufg_I_O)         0.101    -2.692 r  i_xlnx_clk_gen/inst/clkout1_buf/O
                         net (fo=16470, routed)       1.700    -0.992    i_ariane/i_cva6/issue_stage_i/i_issue_read_operands/clk_out1
    SLICE_X62Y71         FDCE                                         r  i_ariane/i_cva6/issue_stage_i/i_issue_read_operands/cvxif_off_instr_q_reg[6]/C
  -------------------------------------------------------------------    -------------------
    SLICE_X62Y71         FDCE (Prop_fdce_C_Q)         0.518    -0.474 r  i_ariane/i_cva6/issue_stage_i/i_issue_read_operands/cvxif_off_instr_q_reg[6]/Q
                         net (fo=3, routed)           0.670     0.196    i_ariane/i_cva6/issue_stage_i/i_issue_read_operands/x_off_instr_id_ex[6]
    SLICE_X62Y71         LUT2 (Prop_lut2_I1_O)        0.124     0.320 r  i_ariane/i_cva6/issue_stage_i/i_issue_read_operands/i__i_3/O
                         net (fo=3, routed)           0.975     1.295    i_ariane/i_cva6/issue_stage_i/i_issue_read_operands/cvxif_req[x_issue_req][instr][6]
    SLICE_X61Y71         LUT3 (Prop_lut3_I1_O)        0.152     1.447 r  i_ariane/i_cva6/issue_stage_i/i_issue_read_operands/mem_reg_0_7_6_11_i_2/O
                         net (fo=3, routed)           0.467     1.914    i_ariane/i_cva6/issue_stage_i/i_issue_read_operands/mem_reg_0_7_6_11_i_2_n_1
    SLICE_X61Y71         LUT5 (Prop_lut5_I0_O)        0.326     2.240 f  i_ariane/i_cva6/issue_stage_i/i_issue_read_operands/i___1_i_1/O
                         net (fo=72, routed)          0.747     2.987    i_ariane/gen_example_coprocessor.i_cvxif_coprocessor/fifo_commit_i/cvxif_resp[x_issue_resp][accept]
    SLICE_X52Y73         LUT4 (Prop_lut4_I3_O)        0.124     3.111 r  i_ariane/gen_example_coprocessor.i_cvxif_coprocessor/fifo_commit_i/i___173_i_2/O
                         net (fo=180, routed)         1.235     4.346    i_ariane/i_cva6/issue_stage_i/i_issue_read_operands/mem_q_reg[0][sbe][result][31]_i_104
    SLICE_X45Y68         LUT4 (Prop_lut4_I3_O)        0.153     4.499 f  i_ariane/i_cva6/issue_stage_i/i_issue_read_operands/i___174_i_1__0/O
                         net (fo=14, routed)          1.007     5.507    i_ariane/gen_example_coprocessor.i_cvxif_coprocessor/fifo_commit_i/gen_fpga_queue.fifo_ram/mem_q_reg[0][sbe][result][19]_i_135
    SLICE_X45Y69         LUT6 (Prop_lut6_I1_O)        0.327     5.834 r  i_ariane/gen_example_coprocessor.i_cvxif_coprocessor/fifo_commit_i/gen_fpga_queue.fifo_ram/mem_q[0][sbe][result][19]_i_267/O
                         net (fo=2, routed)           0.649     6.482    i_ariane/gen_example_coprocessor.i_cvxif_coprocessor/fifo_commit_i_n_302
    SLICE_X47Y70         LUT6 (Prop_lut6_I0_O)        0.124     6.606 r  i_ariane/gen_example_coprocessor.i_cvxif_coprocessor/mem_q[0][sbe][result][19]_i_271/O
                         net (fo=1, routed)           0.000     6.606    i_ariane/gen_example_coprocessor.i_cvxif_coprocessor/mem_q[0][sbe][result][19]_i_271_n_1
    SLICE_X47Y70         CARRY4 (Prop_carry4_S[1]_O[3])
                                                      0.640     7.246 r  i_ariane/gen_example_coprocessor.i_cvxif_coprocessor/mem_q_reg[0][sbe][result][19]_i_135/O[3]
                         net (fo=2, routed)           1.092     8.338    i_ariane/gen_example_coprocessor.i_cvxif_coprocessor/mem_q_reg[0][sbe][result][19]_i_135_n_5
    SLICE_X50Y71         LUT3 (Prop_lut3_I2_O)        0.335     8.673 r  i_ariane/gen_example_coprocessor.i_cvxif_coprocessor/mem_q[0][sbe][result][19]_i_95/O
                         net (fo=2, routed)           0.708     9.381    i_ariane/gen_example_coprocessor.i_cvxif_coprocessor/mem_q[0][sbe][result][19]_i_95_n_1
    SLICE_X50Y71         LUT4 (Prop_lut4_I0_O)        0.331     9.712 r  i_ariane/gen_example_coprocessor.i_cvxif_coprocessor/mem_q[0][sbe][result][19]_i_99/O
                         net (fo=1, routed)           0.000     9.712    i_ariane/gen_example_coprocessor.i_cvxif_coprocessor/mem_q[0][sbe][result][19]_i_99_n_1
    SLICE_X50Y71         CARRY4 (Prop_carry4_S[3]_CO[3])
                                                      0.376    10.088 r  i_ariane/gen_example_coprocessor.i_cvxif_coprocessor/mem_q_reg[0][sbe][result][19]_i_52/CO[3]
                         net (fo=1, routed)           0.000    10.088    i_ariane/gen_example_coprocessor.i_cvxif_coprocessor/mem_q_reg[0][sbe][result][19]_i_52_n_1
    SLICE_X50Y72         CARRY4 (Prop_carry4_CI_O[1])
                                                      0.323    10.411 r  i_ariane/gen_example_coprocessor.i_cvxif_coprocessor/mem_q_reg[0][sbe][result][31]_i_48/O[1]
                         net (fo=2, routed)           0.848    11.259    i_ariane/gen_example_coprocessor.i_cvxif_coprocessor/mem_q_reg[0][sbe][result][31]_i_48_n_7
    SLICE_X51Y72         LUT3 (Prop_lut3_I0_O)        0.334    11.593 r  i_ariane/gen_example_coprocessor.i_cvxif_coprocessor/mem_q[0][sbe][result][19]_i_40/O
                         net (fo=2, routed)           0.826    12.419    i_ariane/gen_example_coprocessor.i_cvxif_coprocessor/mem_q[0][sbe][result][19]_i_40_n_1
    SLICE_X51Y72         LUT4 (Prop_lut4_I0_O)        0.332    12.751 r  i_ariane/gen_example_coprocessor.i_cvxif_coprocessor/mem_q[0][sbe][result][19]_i_44/O
                         net (fo=1, routed)           0.000    12.751    i_ariane/gen_example_coprocessor.i_cvxif_coprocessor/mem_q[0][sbe][result][19]_i_44_n_1
    SLICE_X51Y72         CARRY4 (Prop_carry4_S[2]_CO[3])
                                                      0.398    13.149 r  i_ariane/gen_example_coprocessor.i_cvxif_coprocessor/mem_q_reg[0][sbe][result][19]_i_22/CO[3]
                         net (fo=1, routed)           0.000    13.149    i_ariane/gen_example_coprocessor.i_cvxif_coprocessor/mem_q_reg[0][sbe][result][19]_i_22_n_1
    SLICE_X51Y73         CARRY4 (Prop_carry4_CI_CO[1])
                                                      0.157    13.306 f  i_ariane/gen_example_coprocessor.i_cvxif_coprocessor/mem_q_reg[0][sbe][result][31]_i_25/CO[1]
                         net (fo=28, routed)          0.956    14.263    i_ariane/gen_example_coprocessor.i_cvxif_coprocessor/CO[0]
    SLICE_X55Y72         LUT3 (Prop_lut3_I1_O)        0.358    14.621 r  i_ariane/gen_example_coprocessor.i_cvxif_coprocessor/mem_q[0][sbe][result][19]_i_8/O
                         net (fo=2, routed)           0.690    15.311    i_ariane/gen_example_coprocessor.i_cvxif_coprocessor/mem_q[0][sbe][result][19]_i_8_n_1
    SLICE_X55Y72         LUT4 (Prop_lut4_I3_O)        0.327    15.638 r  i_ariane/gen_example_coprocessor.i_cvxif_coprocessor/mem_q[0][sbe][result][19]_i_12/O
                         net (fo=1, routed)           0.000    15.638    i_ariane/gen_example_coprocessor.i_cvxif_coprocessor/mem_q[0][sbe][result][19]_i_12_n_1
    SLICE_X55Y72         CARRY4 (Prop_carry4_S[3]_CO[3])
                                                      0.401    16.039 r  i_ariane/gen_example_coprocessor.i_cvxif_coprocessor/mem_q_reg[0][sbe][result][19]_i_5/CO[3]
                         net (fo=1, routed)           0.000    16.039    i_ariane/gen_example_coprocessor.i_cvxif_coprocessor/mem_q_reg[0][sbe][result][19]_i_5_n_1
    SLICE_X55Y73         CARRY4 (Prop_carry4_CI_CO[3])
                                                      0.114    16.153 r  i_ariane/gen_example_coprocessor.i_cvxif_coprocessor/mem_q_reg[0][sbe][result][23]_i_5/CO[3]
                         net (fo=1, routed)           0.000    16.153    i_ariane/gen_example_coprocessor.i_cvxif_coprocessor/mem_q_reg[0][sbe][result][23]_i_5_n_1
    SLICE_X55Y74         CARRY4 (Prop_carry4_CI_O[1])
                                                      0.334    16.487 r  i_ariane/gen_example_coprocessor.i_cvxif_coprocessor/mem_q_reg[0][sbe][result][27]_i_5/O[1]
                         net (fo=1, routed)           0.582    17.069    i_ariane/gen_example_coprocessor.i_cvxif_coprocessor/fifo_commit_i/cvxif_resp[x_result][data][25]
    SLICE_X56Y74         LUT2 (Prop_lut2_I0_O)        0.303    17.372 r  i_ariane/gen_example_coprocessor.i_cvxif_coprocessor/fifo_commit_i/mem_q[0][sbe][result][25]_i_2/O
                         net (fo=8, routed)           0.804    18.176    i_ariane/i_cva6/issue_stage_i/i_scoreboard/x_result_ex_id[25]
    SLICE_X60Y78         LUT6 (Prop_lut6_I3_O)        0.124    18.300 r  i_ariane/i_cva6/issue_stage_i/i_scoreboard/i___127_i_2__0/O
                         net (fo=1, routed)           0.159    18.458    i_ariane/i_cva6/issue_stage_i/i_scoreboard_n_172
    SLICE_X60Y78         LUT6 (Prop_lut6_I3_O)        0.124    18.582 r  i_ariane/i_cva6/issue_stage_i/i___127/O
                         net (fo=1, routed)           0.161    18.744    i_ariane/i_cva6/issue_stage_i/rs1_sb_iro[25]
    SLICE_X60Y78         LUT6 (Prop_lut6_I0_O)        0.124    18.868 r  i_ariane/i_cva6/issue_stage_i/operand_a_q[25]_i_1/O
                         net (fo=2, routed)           0.391    19.259    i_ariane/i_cva6/issue_stage_i/i_issue_read_operands/operand_a_q_reg[31]_7[25]
    SLICE_X61Y78         FDCE                                         r  i_ariane/i_cva6/issue_stage_i/i_issue_read_operands/operand_a_q_reg[25]/D
  -------------------------------------------------------------------    -------------------

                         (clock clk_out1_xlnx_clk_gen rise edge)
                                                     20.000    20.000 r  
    K17                                               0.000    20.000 r  clk_sys (IN)
                         net (fo=0)                   0.000    20.000    i_xlnx_clk_gen/inst/clk_in1
    K17                  IBUF (Prop_ibuf_I_O)         1.404    21.404 r  i_xlnx_clk_gen/inst/clkin1_ibufg/O
                         net (fo=1, routed)           1.162    22.566    i_xlnx_clk_gen/inst/clk_in1_xlnx_clk_gen
    MMCME2_ADV_X1Y2      MMCME2_ADV (Prop_mmcme2_adv_CLKIN1_CLKOUT0)
                                                     -7.814    14.752 r  i_xlnx_clk_gen/inst/mmcm_adv_inst/CLKOUT0
                         net (fo=1, routed)           2.012    16.764    i_xlnx_clk_gen/inst/clk_out1_xlnx_clk_gen
    BUFGCTRL_X0Y16       BUFG (Prop_bufg_I_O)         0.091    16.855 r  i_xlnx_clk_gen/inst/clkout1_buf/O
                         net (fo=16470, routed)       1.528    18.383    i_ariane/i_cva6/issue_stage_i/i_issue_read_operands/clk_out1
    SLICE_X61Y78         FDCE                                         r  i_ariane/i_cva6/issue_stage_i/i_issue_read_operands/operand_a_q_reg[25]/C
                         clock pessimism              0.567    18.950    
                         clock uncertainty           -0.079    18.870    
    SLICE_X61Y78         FDCE (Setup_fdce_C_D)       -0.081    18.789    i_ariane/i_cva6/issue_stage_i/i_issue_read_operands/operand_a_q_reg[25]
  -------------------------------------------------------------------
                         required time                         18.789    
                         arrival time                         -19.259    
  -------------------------------------------------------------------
                         slack                                 -0.469    

Slack (VIOLATED) :        -0.413ns  (required time - arrival time)
  Source:                 i_ariane/i_cva6/issue_stage_i/i_issue_read_operands/cvxif_off_instr_q_reg[6]/C
                            (rising edge-triggered cell FDCE clocked by clk_out1_xlnx_clk_gen  {rise@0.000ns fall@10.000ns period=20.000ns})
  Destination:            i_ariane/i_cva6/ex_stage_i/vaddr_to_be_flushed_reg[25]/D
                            (rising edge-triggered cell FDCE clocked by clk_out1_xlnx_clk_gen  {rise@0.000ns fall@10.000ns period=20.000ns})
  Path Group:             clk_out1_xlnx_clk_gen
  Path Type:              Setup (Max at Slow Process Corner)
  Requirement:            20.000ns  (clk_out1_xlnx_clk_gen rise@20.000ns - clk_out1_xlnx_clk_gen rise@0.000ns)
  Data Path Delay:        20.208ns  (logic 7.283ns (36.040%)  route 12.925ns (63.960%))
  Logic Levels:           25  (CARRY4=8 LUT2=2 LUT3=4 LUT4=5 LUT5=1 LUT6=5)
  Clock Path Skew:        -0.058ns (DCD - SCD + CPR)
    Destination Clock Delay (DCD):    -1.617ns = ( 18.383 - 20.000 ) 
    Source Clock Delay      (SCD):    -0.992ns
    Clock Pessimism Removal (CPR):    0.567ns
  Clock Uncertainty:      0.079ns  ((TSJ^2 + DJ^2)^1/2) / 2 + PE
    Total System Jitter     (TSJ):    0.071ns
    Discrete Jitter          (DJ):    0.142ns
    Phase Error              (PE):    0.000ns

    Location             Delay type                Incr(ns)  Path(ns)    Netlist Resource(s)
  -------------------------------------------------------------------    -------------------
                         (clock clk_out1_xlnx_clk_gen rise edge)
                                                      0.000     0.000 r  
    K17                                               0.000     0.000 r  clk_sys (IN)
                         net (fo=0)                   0.000     0.000    i_xlnx_clk_gen/inst/clk_in1
    K17                  IBUF (Prop_ibuf_I_O)         1.475     1.475 r  i_xlnx_clk_gen/inst/clkin1_ibufg/O
                         net (fo=1, routed)           1.285     2.760    i_xlnx_clk_gen/inst/clk_in1_xlnx_clk_gen
    MMCME2_ADV_X1Y2      MMCME2_ADV (Prop_mmcme2_adv_CLKIN1_CLKOUT0)
                                                     -7.759    -4.999 r  i_xlnx_clk_gen/inst/mmcm_adv_inst/CLKOUT0
                         net (fo=1, routed)           2.206    -2.793    i_xlnx_clk_gen/inst/clk_out1_xlnx_clk_gen
    BUFGCTRL_X0Y16       BUFG (Prop_bufg_I_O)         0.101    -2.692 r  i_xlnx_clk_gen/inst/clkout1_buf/O
                         net (fo=16470, routed)       1.700    -0.992    i_ariane/i_cva6/issue_stage_i/i_issue_read_operands/clk_out1
    SLICE_X62Y71         FDCE                                         r  i_ariane/i_cva6/issue_stage_i/i_issue_read_operands/cvxif_off_instr_q_reg[6]/C
  -------------------------------------------------------------------    -------------------
    SLICE_X62Y71         FDCE (Prop_fdce_C_Q)         0.518    -0.474 r  i_ariane/i_cva6/issue_stage_i/i_issue_read_operands/cvxif_off_instr_q_reg[6]/Q
                         net (fo=3, routed)           0.670     0.196    i_ariane/i_cva6/issue_stage_i/i_issue_read_operands/x_off_instr_id_ex[6]
    SLICE_X62Y71         LUT2 (Prop_lut2_I1_O)        0.124     0.320 r  i_ariane/i_cva6/issue_stage_i/i_issue_read_operands/i__i_3/O
                         net (fo=3, routed)           0.975     1.295    i_ariane/i_cva6/issue_stage_i/i_issue_read_operands/cvxif_req[x_issue_req][instr][6]
    SLICE_X61Y71         LUT3 (Prop_lut3_I1_O)        0.152     1.447 r  i_ariane/i_cva6/issue_stage_i/i_issue_read_operands/mem_reg_0_7_6_11_i_2/O
                         net (fo=3, routed)           0.467     1.914    i_ariane/i_cva6/issue_stage_i/i_issue_read_operands/mem_reg_0_7_6_11_i_2_n_1
    SLICE_X61Y71         LUT5 (Prop_lut5_I0_O)        0.326     2.240 f  i_ariane/i_cva6/issue_stage_i/i_issue_read_operands/i___1_i_1/O
                         net (fo=72, routed)          0.747     2.987    i_ariane/gen_example_coprocessor.i_cvxif_coprocessor/fifo_commit_i/cvxif_resp[x_issue_resp][accept]
    SLICE_X52Y73         LUT4 (Prop_lut4_I3_O)        0.124     3.111 r  i_ariane/gen_example_coprocessor.i_cvxif_coprocessor/fifo_commit_i/i___173_i_2/O
                         net (fo=180, routed)         1.235     4.346    i_ariane/i_cva6/issue_stage_i/i_issue_read_operands/mem_q_reg[0][sbe][result][31]_i_104
    SLICE_X45Y68         LUT4 (Prop_lut4_I3_O)        0.153     4.499 f  i_ariane/i_cva6/issue_stage_i/i_issue_read_operands/i___174_i_1__0/O
                         net (fo=14, routed)          1.007     5.507    i_ariane/gen_example_coprocessor.i_cvxif_coprocessor/fifo_commit_i/gen_fpga_queue.fifo_ram/mem_q_reg[0][sbe][result][19]_i_135
    SLICE_X45Y69         LUT6 (Prop_lut6_I1_O)        0.327     5.834 r  i_ariane/gen_example_coprocessor.i_cvxif_coprocessor/fifo_commit_i/gen_fpga_queue.fifo_ram/mem_q[0][sbe][result][19]_i_267/O
                         net (fo=2, routed)           0.649     6.482    i_ariane/gen_example_coprocessor.i_cvxif_coprocessor/fifo_commit_i_n_302
    SLICE_X47Y70         LUT6 (Prop_lut6_I0_O)        0.124     6.606 r  i_ariane/gen_example_coprocessor.i_cvxif_coprocessor/mem_q[0][sbe][result][19]_i_271/O
                         net (fo=1, routed)           0.000     6.606    i_ariane/gen_example_coprocessor.i_cvxif_coprocessor/mem_q[0][sbe][result][19]_i_271_n_1
    SLICE_X47Y70         CARRY4 (Prop_carry4_S[1]_O[3])
                                                      0.640     7.246 r  i_ariane/gen_example_coprocessor.i_cvxif_coprocessor/mem_q_reg[0][sbe][result][19]_i_135/O[3]
                         net (fo=2, routed)           1.092     8.338    i_ariane/gen_example_coprocessor.i_cvxif_coprocessor/mem_q_reg[0][sbe][result][19]_i_135_n_5
    SLICE_X50Y71         LUT3 (Prop_lut3_I2_O)        0.335     8.673 r  i_ariane/gen_example_coprocessor.i_cvxif_coprocessor/mem_q[0][sbe][result][19]_i_95/O
                         net (fo=2, routed)           0.708     9.381    i_ariane/gen_example_coprocessor.i_cvxif_coprocessor/mem_q[0][sbe][result][19]_i_95_n_1
    SLICE_X50Y71         LUT4 (Prop_lut4_I0_O)        0.331     9.712 r  i_ariane/gen_example_coprocessor.i_cvxif_coprocessor/mem_q[0][sbe][result][19]_i_99/O
                         net (fo=1, routed)           0.000     9.712    i_ariane/gen_example_coprocessor.i_cvxif_coprocessor/mem_q[0][sbe][result][19]_i_99_n_1
    SLICE_X50Y71         CARRY4 (Prop_carry4_S[3]_CO[3])
                                                      0.376    10.088 r  i_ariane/gen_example_coprocessor.i_cvxif_coprocessor/mem_q_reg[0][sbe][result][19]_i_52/CO[3]
                         net (fo=1, routed)           0.000    10.088    i_ariane/gen_example_coprocessor.i_cvxif_coprocessor/mem_q_reg[0][sbe][result][19]_i_52_n_1
    SLICE_X50Y72         CARRY4 (Prop_carry4_CI_O[1])
                                                      0.323    10.411 r  i_ariane/gen_example_coprocessor.i_cvxif_coprocessor/mem_q_reg[0][sbe][result][31]_i_48/O[1]
                         net (fo=2, routed)           0.848    11.259    i_ariane/gen_example_coprocessor.i_cvxif_coprocessor/mem_q_reg[0][sbe][result][31]_i_48_n_7
    SLICE_X51Y72         LUT3 (Prop_lut3_I0_O)        0.334    11.593 r  i_ariane/gen_example_coprocessor.i_cvxif_coprocessor/mem_q[0][sbe][result][19]_i_40/O
                         net (fo=2, routed)           0.826    12.419    i_ariane/gen_example_coprocessor.i_cvxif_coprocessor/mem_q[0][sbe][result][19]_i_40_n_1
    SLICE_X51Y72         LUT4 (Prop_lut4_I0_O)        0.332    12.751 r  i_ariane/gen_example_coprocessor.i_cvxif_coprocessor/mem_q[0][sbe][result][19]_i_44/O
                         net (fo=1, routed)           0.000    12.751    i_ariane/gen_example_coprocessor.i_cvxif_coprocessor/mem_q[0][sbe][result][19]_i_44_n_1
    SLICE_X51Y72         CARRY4 (Prop_carry4_S[2]_CO[3])
                                                      0.398    13.149 r  i_ariane/gen_example_coprocessor.i_cvxif_coprocessor/mem_q_reg[0][sbe][result][19]_i_22/CO[3]
                         net (fo=1, routed)           0.000    13.149    i_ariane/gen_example_coprocessor.i_cvxif_coprocessor/mem_q_reg[0][sbe][result][19]_i_22_n_1
    SLICE_X51Y73         CARRY4 (Prop_carry4_CI_CO[1])
                                                      0.157    13.306 f  i_ariane/gen_example_coprocessor.i_cvxif_coprocessor/mem_q_reg[0][sbe][result][31]_i_25/CO[1]
                         net (fo=28, routed)          0.956    14.263    i_ariane/gen_example_coprocessor.i_cvxif_coprocessor/CO[0]
    SLICE_X55Y72         LUT3 (Prop_lut3_I1_O)        0.358    14.621 r  i_ariane/gen_example_coprocessor.i_cvxif_coprocessor/mem_q[0][sbe][result][19]_i_8/O
                         net (fo=2, routed)           0.690    15.311    i_ariane/gen_example_coprocessor.i_cvxif_coprocessor/mem_q[0][sbe][result][19]_i_8_n_1
    SLICE_X55Y72         LUT4 (Prop_lut4_I3_O)        0.327    15.638 r  i_ariane/gen_example_coprocessor.i_cvxif_coprocessor/mem_q[0][sbe][result][19]_i_12/O
                         net (fo=1, routed)           0.000    15.638    i_ariane/gen_example_coprocessor.i_cvxif_coprocessor/mem_q[0][sbe][result][19]_i_12_n_1
    SLICE_X55Y72         CARRY4 (Prop_carry4_S[3]_CO[3])
                                                      0.401    16.039 r  i_ariane/gen_example_coprocessor.i_cvxif_coprocessor/mem_q_reg[0][sbe][result][19]_i_5/CO[3]
                         net (fo=1, routed)           0.000    16.039    i_ariane/gen_example_coprocessor.i_cvxif_coprocessor/mem_q_reg[0][sbe][result][19]_i_5_n_1
    SLICE_X55Y73         CARRY4 (Prop_carry4_CI_CO[3])
                                                      0.114    16.153 r  i_ariane/gen_example_coprocessor.i_cvxif_coprocessor/mem_q_reg[0][sbe][result][23]_i_5/CO[3]
                         net (fo=1, routed)           0.000    16.153    i_ariane/gen_example_coprocessor.i_cvxif_coprocessor/mem_q_reg[0][sbe][result][23]_i_5_n_1
    SLICE_X55Y74         CARRY4 (Prop_carry4_CI_O[1])
                                                      0.334    16.487 r  i_ariane/gen_example_coprocessor.i_cvxif_coprocessor/mem_q_reg[0][sbe][result][27]_i_5/O[1]
                         net (fo=1, routed)           0.582    17.069    i_ariane/gen_example_coprocessor.i_cvxif_coprocessor/fifo_commit_i/cvxif_resp[x_result][data][25]
    SLICE_X56Y74         LUT2 (Prop_lut2_I0_O)        0.303    17.372 r  i_ariane/gen_example_coprocessor.i_cvxif_coprocessor/fifo_commit_i/mem_q[0][sbe][result][25]_i_2/O
                         net (fo=8, routed)           0.804    18.176    i_ariane/i_cva6/issue_stage_i/i_scoreboard/x_result_ex_id[25]
    SLICE_X60Y78         LUT6 (Prop_lut6_I3_O)        0.124    18.300 r  i_ariane/i_cva6/issue_stage_i/i_scoreboard/i___127_i_2__0/O
                         net (fo=1, routed)           0.159    18.458    i_ariane/i_cva6/issue_stage_i/i_scoreboard_n_172
    SLICE_X60Y78         LUT6 (Prop_lut6_I3_O)        0.124    18.582 r  i_ariane/i_cva6/issue_stage_i/i___127/O
                         net (fo=1, routed)           0.161    18.744    i_ariane/i_cva6/issue_stage_i/rs1_sb_iro[25]
    SLICE_X60Y78         LUT6 (Prop_lut6_I0_O)        0.124    18.868 r  i_ariane/i_cva6/issue_stage_i/operand_a_q[25]_i_1/O
                         net (fo=2, routed)           0.348    19.216    i_ariane/i_cva6/ex_stage_i/vaddr_to_be_flushed_reg[31]_0[25]
    SLICE_X60Y78         FDCE                                         r  i_ariane/i_cva6/ex_stage_i/vaddr_to_be_flushed_reg[25]/D
  -------------------------------------------------------------------    -------------------

                         (clock clk_out1_xlnx_clk_gen rise edge)
                                                     20.000    20.000 r  
    K17                                               0.000    20.000 r  clk_sys (IN)
                         net (fo=0)                   0.000    20.000    i_xlnx_clk_gen/inst/clk_in1
    K17                  IBUF (Prop_ibuf_I_O)         1.404    21.404 r  i_xlnx_clk_gen/inst/clkin1_ibufg/O
                         net (fo=1, routed)           1.162    22.566    i_xlnx_clk_gen/inst/clk_in1_xlnx_clk_gen
    MMCME2_ADV_X1Y2      MMCME2_ADV (Prop_mmcme2_adv_CLKIN1_CLKOUT0)
                                                     -7.814    14.752 r  i_xlnx_clk_gen/inst/mmcm_adv_inst/CLKOUT0
                         net (fo=1, routed)           2.012    16.764    i_xlnx_clk_gen/inst/clk_out1_xlnx_clk_gen
    BUFGCTRL_X0Y16       BUFG (Prop_bufg_I_O)         0.091    16.855 r  i_xlnx_clk_gen/inst/clkout1_buf/O
                         net (fo=16470, routed)       1.528    18.383    i_ariane/i_cva6/ex_stage_i/clk_out1
    SLICE_X60Y78         FDCE                                         r  i_ariane/i_cva6/ex_stage_i/vaddr_to_be_flushed_reg[25]/C
                         clock pessimism              0.567    18.950    
                         clock uncertainty           -0.079    18.870    
    SLICE_X60Y78         FDCE (Setup_fdce_C_D)       -0.067    18.803    i_ariane/i_cva6/ex_stage_i/vaddr_to_be_flushed_reg[25]
  -------------------------------------------------------------------
                         required time                         18.803    
                         arrival time                         -19.216    
  -------------------------------------------------------------------
                         slack                                 -0.413    

Slack (VIOLATED) :        -0.406ns  (required time - arrival time)
  Source:                 i_ariane/i_cva6/issue_stage_i/i_issue_read_operands/cvxif_off_instr_q_reg[6]/C
                            (rising edge-triggered cell FDCE clocked by clk_out1_xlnx_clk_gen  {rise@0.000ns fall@10.000ns period=20.000ns})
  Destination:            i_ariane/i_cva6/ex_stage_i/vaddr_to_be_flushed_reg[18]/D
                            (rising edge-triggered cell FDCE clocked by clk_out1_xlnx_clk_gen  {rise@0.000ns fall@10.000ns period=20.000ns})
  Path Group:             clk_out1_xlnx_clk_gen
  Path Type:              Setup (Max at Slow Process Corner)
  Requirement:            20.000ns  (clk_out1_xlnx_clk_gen rise@20.000ns - clk_out1_xlnx_clk_gen rise@0.000ns)
  Data Path Delay:        20.220ns  (logic 7.116ns (35.192%)  route 13.104ns (64.808%))
  Logic Levels:           22  (CARRY4=6 LUT2=2 LUT3=4 LUT4=6 LUT5=1 LUT6=3)
  Clock Path Skew:        -0.066ns (DCD - SCD + CPR)
    Destination Clock Delay (DCD):    -1.625ns = ( 18.375 - 20.000 ) 
    Source Clock Delay      (SCD):    -0.992ns
    Clock Pessimism Removal (CPR):    0.567ns
  Clock Uncertainty:      0.079ns  ((TSJ^2 + DJ^2)^1/2) / 2 + PE
    Total System Jitter     (TSJ):    0.071ns
    Discrete Jitter          (DJ):    0.142ns
    Phase Error              (PE):    0.000ns

    Location             Delay type                Incr(ns)  Path(ns)    Netlist Resource(s)
  -------------------------------------------------------------------    -------------------
                         (clock clk_out1_xlnx_clk_gen rise edge)
                                                      0.000     0.000 r  
    K17                                               0.000     0.000 r  clk_sys (IN)
                         net (fo=0)                   0.000     0.000    i_xlnx_clk_gen/inst/clk_in1
    K17                  IBUF (Prop_ibuf_I_O)         1.475     1.475 r  i_xlnx_clk_gen/inst/clkin1_ibufg/O
                         net (fo=1, routed)           1.285     2.760    i_xlnx_clk_gen/inst/clk_in1_xlnx_clk_gen
    MMCME2_ADV_X1Y2      MMCME2_ADV (Prop_mmcme2_adv_CLKIN1_CLKOUT0)
                                                     -7.759    -4.999 r  i_xlnx_clk_gen/inst/mmcm_adv_inst/CLKOUT0
                         net (fo=1, routed)           2.206    -2.793    i_xlnx_clk_gen/inst/clk_out1_xlnx_clk_gen
    BUFGCTRL_X0Y16       BUFG (Prop_bufg_I_O)         0.101    -2.692 r  i_xlnx_clk_gen/inst/clkout1_buf/O
                         net (fo=16470, routed)       1.700    -0.992    i_ariane/i_cva6/issue_stage_i/i_issue_read_operands/clk_out1
    SLICE_X62Y71         FDCE                                         r  i_ariane/i_cva6/issue_stage_i/i_issue_read_operands/cvxif_off_instr_q_reg[6]/C
  -------------------------------------------------------------------    -------------------
    SLICE_X62Y71         FDCE (Prop_fdce_C_Q)         0.518    -0.474 r  i_ariane/i_cva6/issue_stage_i/i_issue_read_operands/cvxif_off_instr_q_reg[6]/Q
                         net (fo=3, routed)           0.670     0.196    i_ariane/i_cva6/issue_stage_i/i_issue_read_operands/x_off_instr_id_ex[6]
    SLICE_X62Y71         LUT2 (Prop_lut2_I1_O)        0.124     0.320 r  i_ariane/i_cva6/issue_stage_i/i_issue_read_operands/i__i_3/O
                         net (fo=3, routed)           0.975     1.295    i_ariane/i_cva6/issue_stage_i/i_issue_read_operands/cvxif_req[x_issue_req][instr][6]
    SLICE_X61Y71         LUT3 (Prop_lut3_I1_O)        0.152     1.447 r  i_ariane/i_cva6/issue_stage_i/i_issue_read_operands/mem_reg_0_7_6_11_i_2/O
                         net (fo=3, routed)           0.467     1.914    i_ariane/i_cva6/issue_stage_i/i_issue_read_operands/mem_reg_0_7_6_11_i_2_n_1
    SLICE_X61Y71         LUT5 (Prop_lut5_I0_O)        0.326     2.240 f  i_ariane/i_cva6/issue_stage_i/i_issue_read_operands/i___1_i_1/O
                         net (fo=72, routed)          0.747     2.987    i_ariane/gen_example_coprocessor.i_cvxif_coprocessor/fifo_commit_i/cvxif_resp[x_issue_resp][accept]
    SLICE_X52Y73         LUT4 (Prop_lut4_I3_O)        0.124     3.111 r  i_ariane/gen_example_coprocessor.i_cvxif_coprocessor/fifo_commit_i/i___173_i_2/O
                         net (fo=180, routed)         1.235     4.346    i_ariane/i_cva6/issue_stage_i/i_issue_read_operands/mem_q_reg[0][sbe][result][31]_i_104
    SLICE_X45Y68         LUT4 (Prop_lut4_I3_O)        0.153     4.499 f  i_ariane/i_cva6/issue_stage_i/i_issue_read_operands/i___174_i_1__0/O
                         net (fo=14, routed)          1.007     5.507    i_ariane/gen_example_coprocessor.i_cvxif_coprocessor/fifo_commit_i/gen_fpga_queue.fifo_ram/mem_q_reg[0][sbe][result][19]_i_135
    SLICE_X45Y69         LUT6 (Prop_lut6_I1_O)        0.327     5.834 r  i_ariane/gen_example_coprocessor.i_cvxif_coprocessor/fifo_commit_i/gen_fpga_queue.fifo_ram/mem_q[0][sbe][result][19]_i_267/O
                         net (fo=2, routed)           0.649     6.482    i_ariane/gen_example_coprocessor.i_cvxif_coprocessor/fifo_commit_i_n_302
    SLICE_X47Y70         LUT6 (Prop_lut6_I0_O)        0.124     6.606 r  i_ariane/gen_example_coprocessor.i_cvxif_coprocessor/mem_q[0][sbe][result][19]_i_271/O
                         net (fo=1, routed)           0.000     6.606    i_ariane/gen_example_coprocessor.i_cvxif_coprocessor/mem_q[0][sbe][result][19]_i_271_n_1
    SLICE_X47Y70         CARRY4 (Prop_carry4_S[1]_O[3])
                                                      0.640     7.246 r  i_ariane/gen_example_coprocessor.i_cvxif_coprocessor/mem_q_reg[0][sbe][result][19]_i_135/O[3]
                         net (fo=2, routed)           1.092     8.338    i_ariane/gen_example_coprocessor.i_cvxif_coprocessor/mem_q_reg[0][sbe][result][19]_i_135_n_5
    SLICE_X50Y71         LUT3 (Prop_lut3_I2_O)        0.335     8.673 r  i_ariane/gen_example_coprocessor.i_cvxif_coprocessor/mem_q[0][sbe][result][19]_i_95/O
                         net (fo=2, routed)           0.708     9.381    i_ariane/gen_example_coprocessor.i_cvxif_coprocessor/mem_q[0][sbe][result][19]_i_95_n_1
    SLICE_X50Y71         LUT4 (Prop_lut4_I0_O)        0.331     9.712 r  i_ariane/gen_example_coprocessor.i_cvxif_coprocessor/mem_q[0][sbe][result][19]_i_99/O
                         net (fo=1, routed)           0.000     9.712    i_ariane/gen_example_coprocessor.i_cvxif_coprocessor/mem_q[0][sbe][result][19]_i_99_n_1
    SLICE_X50Y71         CARRY4 (Prop_carry4_S[3]_CO[3])
                                                      0.376    10.088 r  i_ariane/gen_example_coprocessor.i_cvxif_coprocessor/mem_q_reg[0][sbe][result][19]_i_52/CO[3]
                         net (fo=1, routed)           0.000    10.088    i_ariane/gen_example_coprocessor.i_cvxif_coprocessor/mem_q_reg[0][sbe][result][19]_i_52_n_1
    SLICE_X50Y72         CARRY4 (Prop_carry4_CI_O[1])
                                                      0.323    10.411 r  i_ariane/gen_example_coprocessor.i_cvxif_coprocessor/mem_q_reg[0][sbe][result][31]_i_48/O[1]
                         net (fo=2, routed)           0.848    11.259    i_ariane/gen_example_coprocessor.i_cvxif_coprocessor/mem_q_reg[0][sbe][result][31]_i_48_n_7
    SLICE_X51Y72         LUT3 (Prop_lut3_I0_O)        0.334    11.593 r  i_ariane/gen_example_coprocessor.i_cvxif_coprocessor/mem_q[0][sbe][result][19]_i_40/O
                         net (fo=2, routed)           0.826    12.419    i_ariane/gen_example_coprocessor.i_cvxif_coprocessor/mem_q[0][sbe][result][19]_i_40_n_1
    SLICE_X51Y72         LUT4 (Prop_lut4_I0_O)        0.332    12.751 r  i_ariane/gen_example_coprocessor.i_cvxif_coprocessor/mem_q[0][sbe][result][19]_i_44/O
                         net (fo=1, routed)           0.000    12.751    i_ariane/gen_example_coprocessor.i_cvxif_coprocessor/mem_q[0][sbe][result][19]_i_44_n_1
    SLICE_X51Y72         CARRY4 (Prop_carry4_S[2]_CO[3])
                                                      0.398    13.149 r  i_ariane/gen_example_coprocessor.i_cvxif_coprocessor/mem_q_reg[0][sbe][result][19]_i_22/CO[3]
                         net (fo=1, routed)           0.000    13.149    i_ariane/gen_example_coprocessor.i_cvxif_coprocessor/mem_q_reg[0][sbe][result][19]_i_22_n_1
    SLICE_X51Y73         CARRY4 (Prop_carry4_CI_O[0])
                                                      0.222    13.371 r  i_ariane/gen_example_coprocessor.i_cvxif_coprocessor/mem_q_reg[0][sbe][result][31]_i_25/O[0]
                         net (fo=2, routed)           0.773    14.144    i_ariane/gen_example_coprocessor.i_cvxif_coprocessor/mem_q_reg[0][sbe][result][31]_i_25_n_8
    SLICE_X55Y72         LUT3 (Prop_lut3_I2_O)        0.293    14.437 r  i_ariane/gen_example_coprocessor.i_cvxif_coprocessor/mem_q[0][sbe][result][19]_i_10/O
                         net (fo=2, routed)           0.666    15.103    i_ariane/gen_example_coprocessor.i_cvxif_coprocessor/mem_q[0][sbe][result][19]_i_10_n_1
    SLICE_X55Y72         LUT4 (Prop_lut4_I3_O)        0.326    15.429 r  i_ariane/gen_example_coprocessor.i_cvxif_coprocessor/mem_q[0][sbe][result][19]_i_14/O
                         net (fo=1, routed)           0.000    15.429    i_ariane/gen_example_coprocessor.i_cvxif_coprocessor/mem_q[0][sbe][result][19]_i_14_n_1
    SLICE_X55Y72         CARRY4 (Prop_carry4_S[1]_O[2])
                                                      0.580    16.009 r  i_ariane/gen_example_coprocessor.i_cvxif_coprocessor/mem_q_reg[0][sbe][result][19]_i_5/O[2]
                         net (fo=1, routed)           0.740    16.749    i_ariane/gen_example_coprocessor.i_cvxif_coprocessor/fifo_commit_i/cvxif_resp[x_result][data][18]
    SLICE_X57Y74         LUT2 (Prop_lut2_I0_O)        0.328    17.077 r  i_ariane/gen_example_coprocessor.i_cvxif_coprocessor/fifo_commit_i/mem_q[0][sbe][result][18]_i_2/O
                         net (fo=8, routed)           0.800    17.877    i_ariane/i_cva6/issue_stage_i/i_scoreboard/x_result_ex_id[18]
    SLICE_X58Y76         LUT6 (Prop_lut6_I3_O)        0.326    18.203 r  i_ariane/i_cva6/issue_stage_i/i_scoreboard/i___134_i_2__0/O
                         net (fo=1, routed)           0.531    18.734    i_ariane/i_cva6/issue_stage_i/i_scoreboard_n_165
    SLICE_X58Y74         LUT4 (Prop_lut4_I2_O)        0.124    18.858 r  i_ariane/i_cva6/issue_stage_i/operand_a_q[18]_i_1_comp/O
                         net (fo=2, routed)           0.370    19.228    i_ariane/i_cva6/ex_stage_i/vaddr_to_be_flushed_reg[31]_0[18]
    SLICE_X59Y75         FDCE                                         r  i_ariane/i_cva6/ex_stage_i/vaddr_to_be_flushed_reg[18]/D
  -------------------------------------------------------------------    -------------------

                         (clock clk_out1_xlnx_clk_gen rise edge)
                                                     20.000    20.000 r  
    K17                                               0.000    20.000 r  clk_sys (IN)
                         net (fo=0)                   0.000    20.000    i_xlnx_clk_gen/inst/clk_in1
    K17                  IBUF (Prop_ibuf_I_O)         1.404    21.404 r  i_xlnx_clk_gen/inst/clkin1_ibufg/O
                         net (fo=1, routed)           1.162    22.566    i_xlnx_clk_gen/inst/clk_in1_xlnx_clk_gen
    MMCME2_ADV_X1Y2      MMCME2_ADV (Prop_mmcme2_adv_CLKIN1_CLKOUT0)
                                                     -7.814    14.752 r  i_xlnx_clk_gen/inst/mmcm_adv_inst/CLKOUT0
                         net (fo=1, routed)           2.012    16.764    i_xlnx_clk_gen/inst/clk_out1_xlnx_clk_gen
    BUFGCTRL_X0Y16       BUFG (Prop_bufg_I_O)         0.091    16.855 r  i_xlnx_clk_gen/inst/clkout1_buf/O
                         net (fo=16470, routed)       1.520    18.375    i_ariane/i_cva6/ex_stage_i/clk_out1
    SLICE_X59Y75         FDCE                                         r  i_ariane/i_cva6/ex_stage_i/vaddr_to_be_flushed_reg[18]/C
                         clock pessimism              0.567    18.942    
                         clock uncertainty           -0.079    18.862    
    SLICE_X59Y75         FDCE (Setup_fdce_C_D)       -0.040    18.822    i_ariane/i_cva6/ex_stage_i/vaddr_to_be_flushed_reg[18]
  -------------------------------------------------------------------
                         required time                         18.822    
                         arrival time                         -19.228    
  -------------------------------------------------------------------
                         slack                                 -0.406    

Slack (VIOLATED) :        -0.404ns  (required time - arrival time)
  Source:                 i_ariane/i_cva6/issue_stage_i/i_issue_read_operands/cvxif_off_instr_q_reg[6]/C
                            (rising edge-triggered cell FDCE clocked by clk_out1_xlnx_clk_gen  {rise@0.000ns fall@10.000ns period=20.000ns})
  Destination:            i_ariane/i_cva6/issue_stage_i/i_issue_read_operands/operand_b_q_reg[23]/D
                            (rising edge-triggered cell FDCE clocked by clk_out1_xlnx_clk_gen  {rise@0.000ns fall@10.000ns period=20.000ns})
  Path Group:             clk_out1_xlnx_clk_gen
  Path Type:              Setup (Max at Slow Process Corner)
  Requirement:            20.000ns  (clk_out1_xlnx_clk_gen rise@20.000ns - clk_out1_xlnx_clk_gen rise@0.000ns)
  Data Path Delay:        20.347ns  (logic 7.151ns (35.145%)  route 13.196ns (64.855%))
  Logic Levels:           24  (CARRY4=7 LUT2=2 LUT3=4 LUT4=5 LUT5=2 LUT6=4)
  Clock Path Skew:        -0.054ns (DCD - SCD + CPR)
    Destination Clock Delay (DCD):    -1.613ns = ( 18.387 - 20.000 ) 
    Source Clock Delay      (SCD):    -0.992ns
    Clock Pessimism Removal (CPR):    0.567ns
  Clock Uncertainty:      0.079ns  ((TSJ^2 + DJ^2)^1/2) / 2 + PE
    Total System Jitter     (TSJ):    0.071ns
    Discrete Jitter          (DJ):    0.142ns
    Phase Error              (PE):    0.000ns

    Location             Delay type                Incr(ns)  Path(ns)    Netlist Resource(s)
  -------------------------------------------------------------------    -------------------
                         (clock clk_out1_xlnx_clk_gen rise edge)
                                                      0.000     0.000 r  
    K17                                               0.000     0.000 r  clk_sys (IN)
                         net (fo=0)                   0.000     0.000    i_xlnx_clk_gen/inst/clk_in1
    K17                  IBUF (Prop_ibuf_I_O)         1.475     1.475 r  i_xlnx_clk_gen/inst/clkin1_ibufg/O
                         net (fo=1, routed)           1.285     2.760    i_xlnx_clk_gen/inst/clk_in1_xlnx_clk_gen
    MMCME2_ADV_X1Y2      MMCME2_ADV (Prop_mmcme2_adv_CLKIN1_CLKOUT0)
                                                     -7.759    -4.999 r  i_xlnx_clk_gen/inst/mmcm_adv_inst/CLKOUT0
                         net (fo=1, routed)           2.206    -2.793    i_xlnx_clk_gen/inst/clk_out1_xlnx_clk_gen
    BUFGCTRL_X0Y16       BUFG (Prop_bufg_I_O)         0.101    -2.692 r  i_xlnx_clk_gen/inst/clkout1_buf/O
                         net (fo=16470, routed)       1.700    -0.992    i_ariane/i_cva6/issue_stage_i/i_issue_read_operands/clk_out1
    SLICE_X62Y71         FDCE                                         r  i_ariane/i_cva6/issue_stage_i/i_issue_read_operands/cvxif_off_instr_q_reg[6]/C
  -------------------------------------------------------------------    -------------------
    SLICE_X62Y71         FDCE (Prop_fdce_C_Q)         0.518    -0.474 r  i_ariane/i_cva6/issue_stage_i/i_issue_read_operands/cvxif_off_instr_q_reg[6]/Q
                         net (fo=3, routed)           0.670     0.196    i_ariane/i_cva6/issue_stage_i/i_issue_read_operands/x_off_instr_id_ex[6]
    SLICE_X62Y71         LUT2 (Prop_lut2_I1_O)        0.124     0.320 r  i_ariane/i_cva6/issue_stage_i/i_issue_read_operands/i__i_3/O
                         net (fo=3, routed)           0.975     1.295    i_ariane/i_cva6/issue_stage_i/i_issue_read_operands/cvxif_req[x_issue_req][instr][6]
    SLICE_X61Y71         LUT3 (Prop_lut3_I1_O)        0.152     1.447 r  i_ariane/i_cva6/issue_stage_i/i_issue_read_operands/mem_reg_0_7_6_11_i_2/O
                         net (fo=3, routed)           0.467     1.914    i_ariane/i_cva6/issue_stage_i/i_issue_read_operands/mem_reg_0_7_6_11_i_2_n_1
    SLICE_X61Y71         LUT5 (Prop_lut5_I0_O)        0.326     2.240 f  i_ariane/i_cva6/issue_stage_i/i_issue_read_operands/i___1_i_1/O
                         net (fo=72, routed)          0.747     2.987    i_ariane/gen_example_coprocessor.i_cvxif_coprocessor/fifo_commit_i/cvxif_resp[x_issue_resp][accept]
    SLICE_X52Y73         LUT4 (Prop_lut4_I3_O)        0.124     3.111 r  i_ariane/gen_example_coprocessor.i_cvxif_coprocessor/fifo_commit_i/i___173_i_2/O
                         net (fo=180, routed)         1.235     4.346    i_ariane/i_cva6/issue_stage_i/i_issue_read_operands/mem_q_reg[0][sbe][result][31]_i_104
    SLICE_X45Y68         LUT4 (Prop_lut4_I3_O)        0.153     4.499 f  i_ariane/i_cva6/issue_stage_i/i_issue_read_operands/i___174_i_1__0/O
                         net (fo=14, routed)          1.007     5.507    i_ariane/gen_example_coprocessor.i_cvxif_coprocessor/fifo_commit_i/gen_fpga_queue.fifo_ram/mem_q_reg[0][sbe][result][19]_i_135
    SLICE_X45Y69         LUT6 (Prop_lut6_I1_O)        0.327     5.834 r  i_ariane/gen_example_coprocessor.i_cvxif_coprocessor/fifo_commit_i/gen_fpga_queue.fifo_ram/mem_q[0][sbe][result][19]_i_267/O
                         net (fo=2, routed)           0.649     6.482    i_ariane/gen_example_coprocessor.i_cvxif_coprocessor/fifo_commit_i_n_302
    SLICE_X47Y70         LUT6 (Prop_lut6_I0_O)        0.124     6.606 r  i_ariane/gen_example_coprocessor.i_cvxif_coprocessor/mem_q[0][sbe][result][19]_i_271/O
                         net (fo=1, routed)           0.000     6.606    i_ariane/gen_example_coprocessor.i_cvxif_coprocessor/mem_q[0][sbe][result][19]_i_271_n_1
    SLICE_X47Y70         CARRY4 (Prop_carry4_S[1]_O[3])
                                                      0.640     7.246 r  i_ariane/gen_example_coprocessor.i_cvxif_coprocessor/mem_q_reg[0][sbe][result][19]_i_135/O[3]
                         net (fo=2, routed)           1.092     8.338    i_ariane/gen_example_coprocessor.i_cvxif_coprocessor/mem_q_reg[0][sbe][result][19]_i_135_n_5
    SLICE_X50Y71         LUT3 (Prop_lut3_I2_O)        0.335     8.673 r  i_ariane/gen_example_coprocessor.i_cvxif_coprocessor/mem_q[0][sbe][result][19]_i_95/O
                         net (fo=2, routed)           0.708     9.381    i_ariane/gen_example_coprocessor.i_cvxif_coprocessor/mem_q[0][sbe][result][19]_i_95_n_1
    SLICE_X50Y71         LUT4 (Prop_lut4_I0_O)        0.331     9.712 r  i_ariane/gen_example_coprocessor.i_cvxif_coprocessor/mem_q[0][sbe][result][19]_i_99/O
                         net (fo=1, routed)           0.000     9.712    i_ariane/gen_example_coprocessor.i_cvxif_coprocessor/mem_q[0][sbe][result][19]_i_99_n_1
    SLICE_X50Y71         CARRY4 (Prop_carry4_S[3]_CO[3])
                                                      0.376    10.088 r  i_ariane/gen_example_coprocessor.i_cvxif_coprocessor/mem_q_reg[0][sbe][result][19]_i_52/CO[3]
                         net (fo=1, routed)           0.000    10.088    i_ariane/gen_example_coprocessor.i_cvxif_coprocessor/mem_q_reg[0][sbe][result][19]_i_52_n_1
    SLICE_X50Y72         CARRY4 (Prop_carry4_CI_O[1])
                                                      0.323    10.411 r  i_ariane/gen_example_coprocessor.i_cvxif_coprocessor/mem_q_reg[0][sbe][result][31]_i_48/O[1]
                         net (fo=2, routed)           0.848    11.259    i_ariane/gen_example_coprocessor.i_cvxif_coprocessor/mem_q_reg[0][sbe][result][31]_i_48_n_7
    SLICE_X51Y72         LUT3 (Prop_lut3_I0_O)        0.334    11.593 r  i_ariane/gen_example_coprocessor.i_cvxif_coprocessor/mem_q[0][sbe][result][19]_i_40/O
                         net (fo=2, routed)           0.826    12.419    i_ariane/gen_example_coprocessor.i_cvxif_coprocessor/mem_q[0][sbe][result][19]_i_40_n_1
    SLICE_X51Y72         LUT4 (Prop_lut4_I0_O)        0.332    12.751 r  i_ariane/gen_example_coprocessor.i_cvxif_coprocessor/mem_q[0][sbe][result][19]_i_44/O
                         net (fo=1, routed)           0.000    12.751    i_ariane/gen_example_coprocessor.i_cvxif_coprocessor/mem_q[0][sbe][result][19]_i_44_n_1
    SLICE_X51Y72         CARRY4 (Prop_carry4_S[2]_CO[3])
                                                      0.398    13.149 r  i_ariane/gen_example_coprocessor.i_cvxif_coprocessor/mem_q_reg[0][sbe][result][19]_i_22/CO[3]
                         net (fo=1, routed)           0.000    13.149    i_ariane/gen_example_coprocessor.i_cvxif_coprocessor/mem_q_reg[0][sbe][result][19]_i_22_n_1
    SLICE_X51Y73         CARRY4 (Prop_carry4_CI_CO[1])
                                                      0.157    13.306 f  i_ariane/gen_example_coprocessor.i_cvxif_coprocessor/mem_q_reg[0][sbe][result][31]_i_25/CO[1]
                         net (fo=28, routed)          0.956    14.263    i_ariane/gen_example_coprocessor.i_cvxif_coprocessor/CO[0]
    SLICE_X55Y72         LUT3 (Prop_lut3_I1_O)        0.358    14.621 r  i_ariane/gen_example_coprocessor.i_cvxif_coprocessor/mem_q[0][sbe][result][19]_i_8/O
                         net (fo=2, routed)           0.690    15.311    i_ariane/gen_example_coprocessor.i_cvxif_coprocessor/mem_q[0][sbe][result][19]_i_8_n_1
    SLICE_X55Y72         LUT4 (Prop_lut4_I3_O)        0.327    15.638 r  i_ariane/gen_example_coprocessor.i_cvxif_coprocessor/mem_q[0][sbe][result][19]_i_12/O
                         net (fo=1, routed)           0.000    15.638    i_ariane/gen_example_coprocessor.i_cvxif_coprocessor/mem_q[0][sbe][result][19]_i_12_n_1
    SLICE_X55Y72         CARRY4 (Prop_carry4_S[3]_CO[3])
                                                      0.401    16.039 r  i_ariane/gen_example_coprocessor.i_cvxif_coprocessor/mem_q_reg[0][sbe][result][19]_i_5/CO[3]
                         net (fo=1, routed)           0.000    16.039    i_ariane/gen_example_coprocessor.i_cvxif_coprocessor/mem_q_reg[0][sbe][result][19]_i_5_n_1
    SLICE_X55Y73         CARRY4 (Prop_carry4_CI_O[3])
                                                      0.313    16.352 r  i_ariane/gen_example_coprocessor.i_cvxif_coprocessor/mem_q_reg[0][sbe][result][23]_i_5/O[3]
                         net (fo=1, routed)           0.416    16.768    i_ariane/gen_example_coprocessor.i_cvxif_coprocessor/fifo_commit_i/cvxif_resp[x_result][data][23]
    SLICE_X57Y74         LUT2 (Prop_lut2_I0_O)        0.306    17.074 r  i_ariane/gen_example_coprocessor.i_cvxif_coprocessor/fifo_commit_i/mem_q[0][sbe][result][23]_i_2/O
                         net (fo=8, routed)           0.890    17.964    i_ariane/i_cva6/issue_stage_i/i_scoreboard/x_result_ex_id[23]
    SLICE_X62Y82         LUT6 (Prop_lut6_I3_O)        0.124    18.088 r  i_ariane/i_cva6/issue_stage_i/i_scoreboard/i___166_i_2/O
                         net (fo=1, routed)           0.567    18.655    i_ariane/i_cva6/issue_stage_i/i_scoreboard_n_335
    SLICE_X62Y82         LUT6 (Prop_lut6_I3_O)        0.124    18.779 r  i_ariane/i_cva6/issue_stage_i/i___166/O
                         net (fo=1, routed)           0.452    19.231    i_ariane/i_cva6/issue_stage_i/rs2_sb_iro[23]
    SLICE_X62Y82         LUT5 (Prop_lut5_I4_O)        0.124    19.355 r  i_ariane/i_cva6/issue_stage_i/operand_b_q[23]_i_1/O
                         net (fo=1, routed)           0.000    19.355    i_ariane/i_cva6/issue_stage_i/i_issue_read_operands/operand_b_q_reg[31]_4[23]
    SLICE_X62Y82         FDCE                                         r  i_ariane/i_cva6/issue_stage_i/i_issue_read_operands/operand_b_q_reg[23]/D
  -------------------------------------------------------------------    -------------------

                         (clock clk_out1_xlnx_clk_gen rise edge)
                                                     20.000    20.000 r  
    K17                                               0.000    20.000 r  clk_sys (IN)
                         net (fo=0)                   0.000    20.000    i_xlnx_clk_gen/inst/clk_in1
    K17                  IBUF (Prop_ibuf_I_O)         1.404    21.404 r  i_xlnx_clk_gen/inst/clkin1_ibufg/O
                         net (fo=1, routed)           1.162    22.566    i_xlnx_clk_gen/inst/clk_in1_xlnx_clk_gen
    MMCME2_ADV_X1Y2      MMCME2_ADV (Prop_mmcme2_adv_CLKIN1_CLKOUT0)
                                                     -7.814    14.752 r  i_xlnx_clk_gen/inst/mmcm_adv_inst/CLKOUT0
                         net (fo=1, routed)           2.012    16.764    i_xlnx_clk_gen/inst/clk_out1_xlnx_clk_gen
    BUFGCTRL_X0Y16       BUFG (Prop_bufg_I_O)         0.091    16.855 r  i_xlnx_clk_gen/inst/clkout1_buf/O
                         net (fo=16470, routed)       1.532    18.387    i_ariane/i_cva6/issue_stage_i/i_issue_read_operands/clk_out1
    SLICE_X62Y82         FDCE                                         r  i_ariane/i_cva6/issue_stage_i/i_issue_read_operands/operand_b_q_reg[23]/C
                         clock pessimism              0.567    18.954    
                         clock uncertainty           -0.079    18.874    
    SLICE_X62Y82         FDCE (Setup_fdce_C_D)        0.077    18.951    i_ariane/i_cva6/issue_stage_i/i_issue_read_operands/operand_b_q_reg[23]
  -------------------------------------------------------------------
                         required time                         18.951    
                         arrival time                         -19.355    
  -------------------------------------------------------------------
                         slack                                 -0.404    

Slack (VIOLATED) :        -0.399ns  (required time - arrival time)
  Source:                 i_ariane/i_cva6/issue_stage_i/i_issue_read_operands/cvxif_off_instr_q_reg[6]/C
                            (rising edge-triggered cell FDCE clocked by clk_out1_xlnx_clk_gen  {rise@0.000ns fall@10.000ns period=20.000ns})
  Destination:            i_ariane/i_cva6/issue_stage_i/i_issue_read_operands/operand_b_q_reg[22]/D
                            (rising edge-triggered cell FDCE clocked by clk_out1_xlnx_clk_gen  {rise@0.000ns fall@10.000ns period=20.000ns})
  Path Group:             clk_out1_xlnx_clk_gen
  Path Type:              Setup (Max at Slow Process Corner)
  Requirement:            20.000ns  (clk_out1_xlnx_clk_gen rise@20.000ns - clk_out1_xlnx_clk_gen rise@0.000ns)
  Data Path Delay:        20.292ns  (logic 7.301ns (35.980%)  route 12.991ns (64.020%))
  Logic Levels:           24  (CARRY4=7 LUT2=2 LUT3=4 LUT4=5 LUT5=2 LUT6=4)
  Clock Path Skew:        -0.057ns (DCD - SCD + CPR)
    Destination Clock Delay (DCD):    -1.616ns = ( 18.384 - 20.000 ) 
    Source Clock Delay      (SCD):    -0.992ns
    Clock Pessimism Removal (CPR):    0.567ns
  Clock Uncertainty:      0.079ns  ((TSJ^2 + DJ^2)^1/2) / 2 + PE
    Total System Jitter     (TSJ):    0.071ns
    Discrete Jitter          (DJ):    0.142ns
    Phase Error              (PE):    0.000ns

    Location             Delay type                Incr(ns)  Path(ns)    Netlist Resource(s)
  -------------------------------------------------------------------    -------------------
                         (clock clk_out1_xlnx_clk_gen rise edge)
                                                      0.000     0.000 r  
    K17                                               0.000     0.000 r  clk_sys (IN)
                         net (fo=0)                   0.000     0.000    i_xlnx_clk_gen/inst/clk_in1
    K17                  IBUF (Prop_ibuf_I_O)         1.475     1.475 r  i_xlnx_clk_gen/inst/clkin1_ibufg/O
                         net (fo=1, routed)           1.285     2.760    i_xlnx_clk_gen/inst/clk_in1_xlnx_clk_gen
    MMCME2_ADV_X1Y2      MMCME2_ADV (Prop_mmcme2_adv_CLKIN1_CLKOUT0)
                                                     -7.759    -4.999 r  i_xlnx_clk_gen/inst/mmcm_adv_inst/CLKOUT0
                         net (fo=1, routed)           2.206    -2.793    i_xlnx_clk_gen/inst/clk_out1_xlnx_clk_gen
    BUFGCTRL_X0Y16       BUFG (Prop_bufg_I_O)         0.101    -2.692 r  i_xlnx_clk_gen/inst/clkout1_buf/O
                         net (fo=16470, routed)       1.700    -0.992    i_ariane/i_cva6/issue_stage_i/i_issue_read_operands/clk_out1
    SLICE_X62Y71         FDCE                                         r  i_ariane/i_cva6/issue_stage_i/i_issue_read_operands/cvxif_off_instr_q_reg[6]/C
  -------------------------------------------------------------------    -------------------
    SLICE_X62Y71         FDCE (Prop_fdce_C_Q)         0.518    -0.474 r  i_ariane/i_cva6/issue_stage_i/i_issue_read_operands/cvxif_off_instr_q_reg[6]/Q
                         net (fo=3, routed)           0.670     0.196    i_ariane/i_cva6/issue_stage_i/i_issue_read_operands/x_off_instr_id_ex[6]
    SLICE_X62Y71         LUT2 (Prop_lut2_I1_O)        0.124     0.320 r  i_ariane/i_cva6/issue_stage_i/i_issue_read_operands/i__i_3/O
                         net (fo=3, routed)           0.975     1.295    i_ariane/i_cva6/issue_stage_i/i_issue_read_operands/cvxif_req[x_issue_req][instr][6]
    SLICE_X61Y71         LUT3 (Prop_lut3_I1_O)        0.152     1.447 r  i_ariane/i_cva6/issue_stage_i/i_issue_read_operands/mem_reg_0_7_6_11_i_2/O
                         net (fo=3, routed)           0.467     1.914    i_ariane/i_cva6/issue_stage_i/i_issue_read_operands/mem_reg_0_7_6_11_i_2_n_1
    SLICE_X61Y71         LUT5 (Prop_lut5_I0_O)        0.326     2.240 f  i_ariane/i_cva6/issue_stage_i/i_issue_read_operands/i___1_i_1/O
                         net (fo=72, routed)          0.747     2.987    i_ariane/gen_example_coprocessor.i_cvxif_coprocessor/fifo_commit_i/cvxif_resp[x_issue_resp][accept]
    SLICE_X52Y73         LUT4 (Prop_lut4_I3_O)        0.124     3.111 r  i_ariane/gen_example_coprocessor.i_cvxif_coprocessor/fifo_commit_i/i___173_i_2/O
                         net (fo=180, routed)         1.235     4.346    i_ariane/i_cva6/issue_stage_i/i_issue_read_operands/mem_q_reg[0][sbe][result][31]_i_104
    SLICE_X45Y68         LUT4 (Prop_lut4_I3_O)        0.153     4.499 f  i_ariane/i_cva6/issue_stage_i/i_issue_read_operands/i___174_i_1__0/O
                         net (fo=14, routed)          1.007     5.507    i_ariane/gen_example_coprocessor.i_cvxif_coprocessor/fifo_commit_i/gen_fpga_queue.fifo_ram/mem_q_reg[0][sbe][result][19]_i_135
    SLICE_X45Y69         LUT6 (Prop_lut6_I1_O)        0.327     5.834 r  i_ariane/gen_example_coprocessor.i_cvxif_coprocessor/fifo_commit_i/gen_fpga_queue.fifo_ram/mem_q[0][sbe][result][19]_i_267/O
                         net (fo=2, routed)           0.649     6.482    i_ariane/gen_example_coprocessor.i_cvxif_coprocessor/fifo_commit_i_n_302
    SLICE_X47Y70         LUT6 (Prop_lut6_I0_O)        0.124     6.606 r  i_ariane/gen_example_coprocessor.i_cvxif_coprocessor/mem_q[0][sbe][result][19]_i_271/O
                         net (fo=1, routed)           0.000     6.606    i_ariane/gen_example_coprocessor.i_cvxif_coprocessor/mem_q[0][sbe][result][19]_i_271_n_1
    SLICE_X47Y70         CARRY4 (Prop_carry4_S[1]_O[3])
                                                      0.640     7.246 r  i_ariane/gen_example_coprocessor.i_cvxif_coprocessor/mem_q_reg[0][sbe][result][19]_i_135/O[3]
                         net (fo=2, routed)           1.092     8.338    i_ariane/gen_example_coprocessor.i_cvxif_coprocessor/mem_q_reg[0][sbe][result][19]_i_135_n_5
    SLICE_X50Y71         LUT3 (Prop_lut3_I2_O)        0.335     8.673 r  i_ariane/gen_example_coprocessor.i_cvxif_coprocessor/mem_q[0][sbe][result][19]_i_95/O
                         net (fo=2, routed)           0.708     9.381    i_ariane/gen_example_coprocessor.i_cvxif_coprocessor/mem_q[0][sbe][result][19]_i_95_n_1
    SLICE_X50Y71         LUT4 (Prop_lut4_I0_O)        0.331     9.712 r  i_ariane/gen_example_coprocessor.i_cvxif_coprocessor/mem_q[0][sbe][result][19]_i_99/O
                         net (fo=1, routed)           0.000     9.712    i_ariane/gen_example_coprocessor.i_cvxif_coprocessor/mem_q[0][sbe][result][19]_i_99_n_1
    SLICE_X50Y71         CARRY4 (Prop_carry4_S[3]_CO[3])
                                                      0.376    10.088 r  i_ariane/gen_example_coprocessor.i_cvxif_coprocessor/mem_q_reg[0][sbe][result][19]_i_52/CO[3]
                         net (fo=1, routed)           0.000    10.088    i_ariane/gen_example_coprocessor.i_cvxif_coprocessor/mem_q_reg[0][sbe][result][19]_i_52_n_1
    SLICE_X50Y72         CARRY4 (Prop_carry4_CI_O[1])
                                                      0.323    10.411 r  i_ariane/gen_example_coprocessor.i_cvxif_coprocessor/mem_q_reg[0][sbe][result][31]_i_48/O[1]
                         net (fo=2, routed)           0.848    11.259    i_ariane/gen_example_coprocessor.i_cvxif_coprocessor/mem_q_reg[0][sbe][result][31]_i_48_n_7
    SLICE_X51Y72         LUT3 (Prop_lut3_I0_O)        0.334    11.593 r  i_ariane/gen_example_coprocessor.i_cvxif_coprocessor/mem_q[0][sbe][result][19]_i_40/O
                         net (fo=2, routed)           0.826    12.419    i_ariane/gen_example_coprocessor.i_cvxif_coprocessor/mem_q[0][sbe][result][19]_i_40_n_1
    SLICE_X51Y72         LUT4 (Prop_lut4_I0_O)        0.332    12.751 r  i_ariane/gen_example_coprocessor.i_cvxif_coprocessor/mem_q[0][sbe][result][19]_i_44/O
                         net (fo=1, routed)           0.000    12.751    i_ariane/gen_example_coprocessor.i_cvxif_coprocessor/mem_q[0][sbe][result][19]_i_44_n_1
    SLICE_X51Y72         CARRY4 (Prop_carry4_S[2]_CO[3])
                                                      0.398    13.149 r  i_ariane/gen_example_coprocessor.i_cvxif_coprocessor/mem_q_reg[0][sbe][result][19]_i_22/CO[3]
                         net (fo=1, routed)           0.000    13.149    i_ariane/gen_example_coprocessor.i_cvxif_coprocessor/mem_q_reg[0][sbe][result][19]_i_22_n_1
    SLICE_X51Y73         CARRY4 (Prop_carry4_CI_CO[1])
                                                      0.157    13.306 f  i_ariane/gen_example_coprocessor.i_cvxif_coprocessor/mem_q_reg[0][sbe][result][31]_i_25/CO[1]
                         net (fo=28, routed)          0.956    14.263    i_ariane/gen_example_coprocessor.i_cvxif_coprocessor/CO[0]
    SLICE_X55Y72         LUT3 (Prop_lut3_I1_O)        0.358    14.621 r  i_ariane/gen_example_coprocessor.i_cvxif_coprocessor/mem_q[0][sbe][result][19]_i_8/O
                         net (fo=2, routed)           0.690    15.311    i_ariane/gen_example_coprocessor.i_cvxif_coprocessor/mem_q[0][sbe][result][19]_i_8_n_1
    SLICE_X55Y72         LUT4 (Prop_lut4_I3_O)        0.327    15.638 r  i_ariane/gen_example_coprocessor.i_cvxif_coprocessor/mem_q[0][sbe][result][19]_i_12/O
                         net (fo=1, routed)           0.000    15.638    i_ariane/gen_example_coprocessor.i_cvxif_coprocessor/mem_q[0][sbe][result][19]_i_12_n_1
    SLICE_X55Y72         CARRY4 (Prop_carry4_S[3]_CO[3])
                                                      0.401    16.039 r  i_ariane/gen_example_coprocessor.i_cvxif_coprocessor/mem_q_reg[0][sbe][result][19]_i_5/CO[3]
                         net (fo=1, routed)           0.000    16.039    i_ariane/gen_example_coprocessor.i_cvxif_coprocessor/mem_q_reg[0][sbe][result][19]_i_5_n_1
    SLICE_X55Y73         CARRY4 (Prop_carry4_CI_O[2])
                                                      0.239    16.278 r  i_ariane/gen_example_coprocessor.i_cvxif_coprocessor/mem_q_reg[0][sbe][result][23]_i_5/O[2]
                         net (fo=1, routed)           0.803    17.081    i_ariane/gen_example_coprocessor.i_cvxif_coprocessor/fifo_commit_i/cvxif_resp[x_result][data][22]
    SLICE_X58Y73         LUT2 (Prop_lut2_I0_O)        0.326    17.407 r  i_ariane/gen_example_coprocessor.i_cvxif_coprocessor/fifo_commit_i/mem_q[0][sbe][result][22]_i_2/O
                         net (fo=8, routed)           0.592    17.998    i_ariane/i_cva6/issue_stage_i/i_scoreboard/x_result_ex_id[22]
    SLICE_X61Y79         LUT6 (Prop_lut6_I3_O)        0.328    18.326 r  i_ariane/i_cva6/issue_stage_i/i_scoreboard/i___167_i_2__0/O
                         net (fo=1, routed)           0.292    18.619    i_ariane/i_cva6/issue_stage_i/i_scoreboard_n_334
    SLICE_X61Y80         LUT6 (Prop_lut6_I3_O)        0.124    18.743 r  i_ariane/i_cva6/issue_stage_i/i___167/O
                         net (fo=1, routed)           0.433    19.176    i_ariane/i_cva6/issue_stage_i/rs2_sb_iro[22]
    SLICE_X61Y80         LUT5 (Prop_lut5_I4_O)        0.124    19.300 r  i_ariane/i_cva6/issue_stage_i/operand_b_q[22]_i_1/O
                         net (fo=1, routed)           0.000    19.300    i_ariane/i_cva6/issue_stage_i/i_issue_read_operands/operand_b_q_reg[31]_4[22]
    SLICE_X61Y80         FDCE                                         r  i_ariane/i_cva6/issue_stage_i/i_issue_read_operands/operand_b_q_reg[22]/D
  -------------------------------------------------------------------    -------------------

                         (clock clk_out1_xlnx_clk_gen rise edge)
                                                     20.000    20.000 r  
    K17                                               0.000    20.000 r  clk_sys (IN)
                         net (fo=0)                   0.000    20.000    i_xlnx_clk_gen/inst/clk_in1
    K17                  IBUF (Prop_ibuf_I_O)         1.404    21.404 r  i_xlnx_clk_gen/inst/clkin1_ibufg/O
                         net (fo=1, routed)           1.162    22.566    i_xlnx_clk_gen/inst/clk_in1_xlnx_clk_gen
    MMCME2_ADV_X1Y2      MMCME2_ADV (Prop_mmcme2_adv_CLKIN1_CLKOUT0)
                                                     -7.814    14.752 r  i_xlnx_clk_gen/inst/mmcm_adv_inst/CLKOUT0
                         net (fo=1, routed)           2.012    16.764    i_xlnx_clk_gen/inst/clk_out1_xlnx_clk_gen
    BUFGCTRL_X0Y16       BUFG (Prop_bufg_I_O)         0.091    16.855 r  i_xlnx_clk_gen/inst/clkout1_buf/O
                         net (fo=16470, routed)       1.529    18.384    i_ariane/i_cva6/issue_stage_i/i_issue_read_operands/clk_out1
    SLICE_X61Y80         FDCE                                         r  i_ariane/i_cva6/issue_stage_i/i_issue_read_operands/operand_b_q_reg[22]/C
                         clock pessimism              0.567    18.951    
                         clock uncertainty           -0.079    18.871    
    SLICE_X61Y80         FDCE (Setup_fdce_C_D)        0.029    18.900    i_ariane/i_cva6/issue_stage_i/i_issue_read_operands/operand_b_q_reg[22]
  -------------------------------------------------------------------
                         required time                         18.900    
                         arrival time                         -19.300    
  -------------------------------------------------------------------
                         slack                                 -0.399    

Slack (VIOLATED) :        -0.370ns  (required time - arrival time)
  Source:                 i_ariane/i_cva6/issue_stage_i/i_issue_read_operands/cvxif_off_instr_q_reg[6]/C
                            (rising edge-triggered cell FDCE clocked by clk_out1_xlnx_clk_gen  {rise@0.000ns fall@10.000ns period=20.000ns})
  Destination:            i_ariane/i_cva6/issue_stage_i/i_issue_read_operands/operand_a_q_reg[18]/D
                            (rising edge-triggered cell FDCE clocked by clk_out1_xlnx_clk_gen  {rise@0.000ns fall@10.000ns period=20.000ns})
  Path Group:             clk_out1_xlnx_clk_gen
  Path Type:              Setup (Max at Slow Process Corner)
  Requirement:            20.000ns  (clk_out1_xlnx_clk_gen rise@20.000ns - clk_out1_xlnx_clk_gen rise@0.000ns)
  Data Path Delay:        20.194ns  (logic 7.116ns (35.238%)  route 13.078ns (64.762%))
  Logic Levels:           22  (CARRY4=6 LUT2=2 LUT3=4 LUT4=6 LUT5=1 LUT6=3)
  Clock Path Skew:        -0.066ns (DCD - SCD + CPR)
    Destination Clock Delay (DCD):    -1.625ns = ( 18.375 - 20.000 ) 
    Source Clock Delay      (SCD):    -0.992ns
    Clock Pessimism Removal (CPR):    0.567ns
  Clock Uncertainty:      0.079ns  ((TSJ^2 + DJ^2)^1/2) / 2 + PE
    Total System Jitter     (TSJ):    0.071ns
    Discrete Jitter          (DJ):    0.142ns
    Phase Error              (PE):    0.000ns

    Location             Delay type                Incr(ns)  Path(ns)    Netlist Resource(s)
  -------------------------------------------------------------------    -------------------
                         (clock clk_out1_xlnx_clk_gen rise edge)
                                                      0.000     0.000 r  
    K17                                               0.000     0.000 r  clk_sys (IN)
                         net (fo=0)                   0.000     0.000    i_xlnx_clk_gen/inst/clk_in1
    K17                  IBUF (Prop_ibuf_I_O)         1.475     1.475 r  i_xlnx_clk_gen/inst/clkin1_ibufg/O
                         net (fo=1, routed)           1.285     2.760    i_xlnx_clk_gen/inst/clk_in1_xlnx_clk_gen
    MMCME2_ADV_X1Y2      MMCME2_ADV (Prop_mmcme2_adv_CLKIN1_CLKOUT0)
                                                     -7.759    -4.999 r  i_xlnx_clk_gen/inst/mmcm_adv_inst/CLKOUT0
                         net (fo=1, routed)           2.206    -2.793    i_xlnx_clk_gen/inst/clk_out1_xlnx_clk_gen
    BUFGCTRL_X0Y16       BUFG (Prop_bufg_I_O)         0.101    -2.692 r  i_xlnx_clk_gen/inst/clkout1_buf/O
                         net (fo=16470, routed)       1.700    -0.992    i_ariane/i_cva6/issue_stage_i/i_issue_read_operands/clk_out1
    SLICE_X62Y71         FDCE                                         r  i_ariane/i_cva6/issue_stage_i/i_issue_read_operands/cvxif_off_instr_q_reg[6]/C
  -------------------------------------------------------------------    -------------------
    SLICE_X62Y71         FDCE (Prop_fdce_C_Q)         0.518    -0.474 r  i_ariane/i_cva6/issue_stage_i/i_issue_read_operands/cvxif_off_instr_q_reg[6]/Q
                         net (fo=3, routed)           0.670     0.196    i_ariane/i_cva6/issue_stage_i/i_issue_read_operands/x_off_instr_id_ex[6]
    SLICE_X62Y71         LUT2 (Prop_lut2_I1_O)        0.124     0.320 r  i_ariane/i_cva6/issue_stage_i/i_issue_read_operands/i__i_3/O
                         net (fo=3, routed)           0.975     1.295    i_ariane/i_cva6/issue_stage_i/i_issue_read_operands/cvxif_req[x_issue_req][instr][6]
    SLICE_X61Y71         LUT3 (Prop_lut3_I1_O)        0.152     1.447 r  i_ariane/i_cva6/issue_stage_i/i_issue_read_operands/mem_reg_0_7_6_11_i_2/O
                         net (fo=3, routed)           0.467     1.914    i_ariane/i_cva6/issue_stage_i/i_issue_read_operands/mem_reg_0_7_6_11_i_2_n_1
    SLICE_X61Y71         LUT5 (Prop_lut5_I0_O)        0.326     2.240 f  i_ariane/i_cva6/issue_stage_i/i_issue_read_operands/i___1_i_1/O
                         net (fo=72, routed)          0.747     2.987    i_ariane/gen_example_coprocessor.i_cvxif_coprocessor/fifo_commit_i/cvxif_resp[x_issue_resp][accept]
    SLICE_X52Y73         LUT4 (Prop_lut4_I3_O)        0.124     3.111 r  i_ariane/gen_example_coprocessor.i_cvxif_coprocessor/fifo_commit_i/i___173_i_2/O
                         net (fo=180, routed)         1.235     4.346    i_ariane/i_cva6/issue_stage_i/i_issue_read_operands/mem_q_reg[0][sbe][result][31]_i_104
    SLICE_X45Y68         LUT4 (Prop_lut4_I3_O)        0.153     4.499 f  i_ariane/i_cva6/issue_stage_i/i_issue_read_operands/i___174_i_1__0/O
                         net (fo=14, routed)          1.007     5.507    i_ariane/gen_example_coprocessor.i_cvxif_coprocessor/fifo_commit_i/gen_fpga_queue.fifo_ram/mem_q_reg[0][sbe][result][19]_i_135
    SLICE_X45Y69         LUT6 (Prop_lut6_I1_O)        0.327     5.834 r  i_ariane/gen_example_coprocessor.i_cvxif_coprocessor/fifo_commit_i/gen_fpga_queue.fifo_ram/mem_q[0][sbe][result][19]_i_267/O
                         net (fo=2, routed)           0.649     6.482    i_ariane/gen_example_coprocessor.i_cvxif_coprocessor/fifo_commit_i_n_302
    SLICE_X47Y70         LUT6 (Prop_lut6_I0_O)        0.124     6.606 r  i_ariane/gen_example_coprocessor.i_cvxif_coprocessor/mem_q[0][sbe][result][19]_i_271/O
                         net (fo=1, routed)           0.000     6.606    i_ariane/gen_example_coprocessor.i_cvxif_coprocessor/mem_q[0][sbe][result][19]_i_271_n_1
    SLICE_X47Y70         CARRY4 (Prop_carry4_S[1]_O[3])
                                                      0.640     7.246 r  i_ariane/gen_example_coprocessor.i_cvxif_coprocessor/mem_q_reg[0][sbe][result][19]_i_135/O[3]
                         net (fo=2, routed)           1.092     8.338    i_ariane/gen_example_coprocessor.i_cvxif_coprocessor/mem_q_reg[0][sbe][result][19]_i_135_n_5
    SLICE_X50Y71         LUT3 (Prop_lut3_I2_O)        0.335     8.673 r  i_ariane/gen_example_coprocessor.i_cvxif_coprocessor/mem_q[0][sbe][result][19]_i_95/O
                         net (fo=2, routed)           0.708     9.381    i_ariane/gen_example_coprocessor.i_cvxif_coprocessor/mem_q[0][sbe][result][19]_i_95_n_1
    SLICE_X50Y71         LUT4 (Prop_lut4_I0_O)        0.331     9.712 r  i_ariane/gen_example_coprocessor.i_cvxif_coprocessor/mem_q[0][sbe][result][19]_i_99/O
                         net (fo=1, routed)           0.000     9.712    i_ariane/gen_example_coprocessor.i_cvxif_coprocessor/mem_q[0][sbe][result][19]_i_99_n_1
    SLICE_X50Y71         CARRY4 (Prop_carry4_S[3]_CO[3])
                                                      0.376    10.088 r  i_ariane/gen_example_coprocessor.i_cvxif_coprocessor/mem_q_reg[0][sbe][result][19]_i_52/CO[3]
                         net (fo=1, routed)           0.000    10.088    i_ariane/gen_example_coprocessor.i_cvxif_coprocessor/mem_q_reg[0][sbe][result][19]_i_52_n_1
    SLICE_X50Y72         CARRY4 (Prop_carry4_CI_O[1])
                                                      0.323    10.411 r  i_ariane/gen_example_coprocessor.i_cvxif_coprocessor/mem_q_reg[0][sbe][result][31]_i_48/O[1]
                         net (fo=2, routed)           0.848    11.259    i_ariane/gen_example_coprocessor.i_cvxif_coprocessor/mem_q_reg[0][sbe][result][31]_i_48_n_7
    SLICE_X51Y72         LUT3 (Prop_lut3_I0_O)        0.334    11.593 r  i_ariane/gen_example_coprocessor.i_cvxif_coprocessor/mem_q[0][sbe][result][19]_i_40/O
                         net (fo=2, routed)           0.826    12.419    i_ariane/gen_example_coprocessor.i_cvxif_coprocessor/mem_q[0][sbe][result][19]_i_40_n_1
    SLICE_X51Y72         LUT4 (Prop_lut4_I0_O)        0.332    12.751 r  i_ariane/gen_example_coprocessor.i_cvxif_coprocessor/mem_q[0][sbe][result][19]_i_44/O
                         net (fo=1, routed)           0.000    12.751    i_ariane/gen_example_coprocessor.i_cvxif_coprocessor/mem_q[0][sbe][result][19]_i_44_n_1
    SLICE_X51Y72         CARRY4 (Prop_carry4_S[2]_CO[3])
                                                      0.398    13.149 r  i_ariane/gen_example_coprocessor.i_cvxif_coprocessor/mem_q_reg[0][sbe][result][19]_i_22/CO[3]
                         net (fo=1, routed)           0.000    13.149    i_ariane/gen_example_coprocessor.i_cvxif_coprocessor/mem_q_reg[0][sbe][result][19]_i_22_n_1
    SLICE_X51Y73         CARRY4 (Prop_carry4_CI_O[0])
                                                      0.222    13.371 r  i_ariane/gen_example_coprocessor.i_cvxif_coprocessor/mem_q_reg[0][sbe][result][31]_i_25/O[0]
                         net (fo=2, routed)           0.773    14.144    i_ariane/gen_example_coprocessor.i_cvxif_coprocessor/mem_q_reg[0][sbe][result][31]_i_25_n_8
    SLICE_X55Y72         LUT3 (Prop_lut3_I2_O)        0.293    14.437 r  i_ariane/gen_example_coprocessor.i_cvxif_coprocessor/mem_q[0][sbe][result][19]_i_10/O
                         net (fo=2, routed)           0.666    15.103    i_ariane/gen_example_coprocessor.i_cvxif_coprocessor/mem_q[0][sbe][result][19]_i_10_n_1
    SLICE_X55Y72         LUT4 (Prop_lut4_I3_O)        0.326    15.429 r  i_ariane/gen_example_coprocessor.i_cvxif_coprocessor/mem_q[0][sbe][result][19]_i_14/O
                         net (fo=1, routed)           0.000    15.429    i_ariane/gen_example_coprocessor.i_cvxif_coprocessor/mem_q[0][sbe][result][19]_i_14_n_1
    SLICE_X55Y72         CARRY4 (Prop_carry4_S[1]_O[2])
                                                      0.580    16.009 r  i_ariane/gen_example_coprocessor.i_cvxif_coprocessor/mem_q_reg[0][sbe][result][19]_i_5/O[2]
                         net (fo=1, routed)           0.740    16.749    i_ariane/gen_example_coprocessor.i_cvxif_coprocessor/fifo_commit_i/cvxif_resp[x_result][data][18]
    SLICE_X57Y74         LUT2 (Prop_lut2_I0_O)        0.328    17.077 r  i_ariane/gen_example_coprocessor.i_cvxif_coprocessor/fifo_commit_i/mem_q[0][sbe][result][18]_i_2/O
                         net (fo=8, routed)           0.800    17.877    i_ariane/i_cva6/issue_stage_i/i_scoreboard/x_result_ex_id[18]
    SLICE_X58Y76         LUT6 (Prop_lut6_I3_O)        0.326    18.203 r  i_ariane/i_cva6/issue_stage_i/i_scoreboard/i___134_i_2__0/O
                         net (fo=1, routed)           0.531    18.734    i_ariane/i_cva6/issue_stage_i/i_scoreboard_n_165
    SLICE_X58Y74         LUT4 (Prop_lut4_I2_O)        0.124    18.858 r  i_ariane/i_cva6/issue_stage_i/operand_a_q[18]_i_1_comp/O
                         net (fo=2, routed)           0.344    19.202    i_ariane/i_cva6/issue_stage_i/i_issue_read_operands/operand_a_q_reg[31]_7[18]
    SLICE_X58Y74         FDCE                                         r  i_ariane/i_cva6/issue_stage_i/i_issue_read_operands/operand_a_q_reg[18]/D
  -------------------------------------------------------------------    -------------------

                         (clock clk_out1_xlnx_clk_gen rise edge)
                                                     20.000    20.000 r  
    K17                                               0.000    20.000 r  clk_sys (IN)
                         net (fo=0)                   0.000    20.000    i_xlnx_clk_gen/inst/clk_in1
    K17                  IBUF (Prop_ibuf_I_O)         1.404    21.404 r  i_xlnx_clk_gen/inst/clkin1_ibufg/O
                         net (fo=1, routed)           1.162    22.566    i_xlnx_clk_gen/inst/clk_in1_xlnx_clk_gen
    MMCME2_ADV_X1Y2      MMCME2_ADV (Prop_mmcme2_adv_CLKIN1_CLKOUT0)
                                                     -7.814    14.752 r  i_xlnx_clk_gen/inst/mmcm_adv_inst/CLKOUT0
                         net (fo=1, routed)           2.012    16.764    i_xlnx_clk_gen/inst/clk_out1_xlnx_clk_gen
    BUFGCTRL_X0Y16       BUFG (Prop_bufg_I_O)         0.091    16.855 r  i_xlnx_clk_gen/inst/clkout1_buf/O
                         net (fo=16470, routed)       1.520    18.375    i_ariane/i_cva6/issue_stage_i/i_issue_read_operands/clk_out1
    SLICE_X58Y74         FDCE                                         r  i_ariane/i_cva6/issue_stage_i/i_issue_read_operands/operand_a_q_reg[18]/C
                         clock pessimism              0.567    18.942    
                         clock uncertainty           -0.079    18.862    
    SLICE_X58Y74         FDCE (Setup_fdce_C_D)       -0.031    18.831    i_ariane/i_cva6/issue_stage_i/i_issue_read_operands/operand_a_q_reg[18]
  -------------------------------------------------------------------
                         required time                         18.831    
                         arrival time                         -19.202    
  -------------------------------------------------------------------
                         slack                                 -0.370    





Min Delay Paths
--------------------------------------------------------------------------------------
Slack (MET) :             0.031ns  (arrival time - required time)
  Source:                 i_axi_dwidth_converter_dm_slave/inst/gen_downsizer.gen_simple_downsizer.axi_downsizer_inst/USE_WRITE.write_addr_inst/USE_B_CHANNEL.cmd_b_queue/inst/fifo_gen_inst/inst_fifo_gen/gconvfifo.rf/grf.rf/gntv_or_sync_fifo.gl0.wr/wpntr/gcc0.gc0.count_d1_reg[4]/C
                            (rising edge-triggered cell FDCE clocked by clk_out1_xlnx_clk_gen  {rise@0.000ns fall@10.000ns period=20.000ns})
  Destination:            i_axi_dwidth_converter_dm_slave/inst/gen_downsizer.gen_simple_downsizer.axi_downsizer_inst/USE_WRITE.write_addr_inst/USE_B_CHANNEL.cmd_b_queue/inst/fifo_gen_inst/inst_fifo_gen/gconvfifo.rf/grf.rf/gntv_or_sync_fifo.mem/gdm.dm_gen.dm/RAM_reg_0_31_6_8/RAMA/WADR4
                            (rising edge-triggered cell RAMD32 clocked by clk_out1_xlnx_clk_gen  {rise@0.000ns fall@10.000ns period=20.000ns})
  Path Group:             clk_out1_xlnx_clk_gen
  Path Type:              Hold (Min at Fast Process Corner)
  Requirement:            0.000ns  (clk_out1_xlnx_clk_gen rise@0.000ns - clk_out1_xlnx_clk_gen rise@0.000ns)
  Data Path Delay:        0.244ns  (logic 0.141ns (57.706%)  route 0.103ns (42.294%))
  Logic Levels:           0  
  Clock Path Skew:        0.013ns (DCD - SCD - CPR)
    Destination Clock Delay (DCD):    -0.831ns
    Source Clock Delay      (SCD):    -0.594ns
    Clock Pessimism Removal (CPR):    -0.251ns

    Location             Delay type                Incr(ns)  Path(ns)    Netlist Resource(s)
  -------------------------------------------------------------------    -------------------
                         (clock clk_out1_xlnx_clk_gen rise edge)
                                                      0.000     0.000 r  
    K17                                               0.000     0.000 r  clk_sys (IN)
                         net (fo=0)                   0.000     0.000    i_xlnx_clk_gen/inst/clk_in1
    K17                  IBUF (Prop_ibuf_I_O)         0.243     0.243 r  i_xlnx_clk_gen/inst/clkin1_ibufg/O
                         net (fo=1, routed)           0.440     0.683    i_xlnx_clk_gen/inst/clk_in1_xlnx_clk_gen
    MMCME2_ADV_X1Y2      MMCME2_ADV (Prop_mmcme2_adv_CLKIN1_CLKOUT0)
                                                     -2.613    -1.930 r  i_xlnx_clk_gen/inst/mmcm_adv_inst/CLKOUT0
                         net (fo=1, routed)           0.696    -1.233    i_xlnx_clk_gen/inst/clk_out1_xlnx_clk_gen
    BUFGCTRL_X0Y16       BUFG (Prop_bufg_I_O)         0.026    -1.207 r  i_xlnx_clk_gen/inst/clkout1_buf/O
                         net (fo=16470, routed)       0.614    -0.594    i_axi_dwidth_converter_dm_slave/inst/gen_downsizer.gen_simple_downsizer.axi_downsizer_inst/USE_WRITE.write_addr_inst/USE_B_CHANNEL.cmd_b_queue/inst/fifo_gen_inst/inst_fifo_gen/gconvfifo.rf/grf.rf/gntv_or_sync_fifo.gl0.wr/wpntr/clk
    SLICE_X105Y3         FDCE                                         r  i_axi_dwidth_converter_dm_slave/inst/gen_downsizer.gen_simple_downsizer.axi_downsizer_inst/USE_WRITE.write_addr_inst/USE_B_CHANNEL.cmd_b_queue/inst/fifo_gen_inst/inst_fifo_gen/gconvfifo.rf/grf.rf/gntv_or_sync_fifo.gl0.wr/wpntr/gcc0.gc0.count_d1_reg[4]/C
  -------------------------------------------------------------------    -------------------
    SLICE_X105Y3         FDCE (Prop_fdce_C_Q)         0.141    -0.453 r  i_axi_dwidth_converter_dm_slave/inst/gen_downsizer.gen_simple_downsizer.axi_downsizer_inst/USE_WRITE.write_addr_inst/USE_B_CHANNEL.cmd_b_queue/inst/fifo_gen_inst/inst_fifo_gen/gconvfifo.rf/grf.rf/gntv_or_sync_fifo.gl0.wr/wpntr/gcc0.gc0.count_d1_reg[4]/Q
                         net (fo=10, routed)          0.103    -0.349    i_axi_dwidth_converter_dm_slave/inst/gen_downsizer.gen_simple_downsizer.axi_downsizer_inst/USE_WRITE.write_addr_inst/USE_B_CHANNEL.cmd_b_queue/inst/fifo_gen_inst/inst_fifo_gen/gconvfifo.rf/grf.rf/gntv_or_sync_fifo.mem/gdm.dm_gen.dm/RAM_reg_0_31_6_8/ADDRD4
    SLICE_X104Y3         RAMD32                                       r  i_axi_dwidth_converter_dm_slave/inst/gen_downsizer.gen_simple_downsizer.axi_downsizer_inst/USE_WRITE.write_addr_inst/USE_B_CHANNEL.cmd_b_queue/inst/fifo_gen_inst/inst_fifo_gen/gconvfifo.rf/grf.rf/gntv_or_sync_fifo.mem/gdm.dm_gen.dm/RAM_reg_0_31_6_8/RAMA/WADR4
  -------------------------------------------------------------------    -------------------

                         (clock clk_out1_xlnx_clk_gen rise edge)
                                                      0.000     0.000 r  
    K17                                               0.000     0.000 r  clk_sys (IN)
                         net (fo=0)                   0.000     0.000    i_xlnx_clk_gen/inst/clk_in1
    K17                  IBUF (Prop_ibuf_I_O)         0.431     0.431 r  i_xlnx_clk_gen/inst/clkin1_ibufg/O
                         net (fo=1, routed)           0.480     0.911    i_xlnx_clk_gen/inst/clk_in1_xlnx_clk_gen
    MMCME2_ADV_X1Y2      MMCME2_ADV (Prop_mmcme2_adv_CLKIN1_CLKOUT0)
                                                     -3.407    -2.496 r  i_xlnx_clk_gen/inst/mmcm_adv_inst/CLKOUT0
                         net (fo=1, routed)           0.752    -1.744    i_xlnx_clk_gen/inst/clk_out1_xlnx_clk_gen
    BUFGCTRL_X0Y16       BUFG (Prop_bufg_I_O)         0.029    -1.715 r  i_xlnx_clk_gen/inst/clkout1_buf/O
                         net (fo=16470, routed)       0.884    -0.831    i_axi_dwidth_converter_dm_slave/inst/gen_downsizer.gen_simple_downsizer.axi_downsizer_inst/USE_WRITE.write_addr_inst/USE_B_CHANNEL.cmd_b_queue/inst/fifo_gen_inst/inst_fifo_gen/gconvfifo.rf/grf.rf/gntv_or_sync_fifo.mem/gdm.dm_gen.dm/RAM_reg_0_31_6_8/WCLK
    SLICE_X104Y3         RAMD32                                       r  i_axi_dwidth_converter_dm_slave/inst/gen_downsizer.gen_simple_downsizer.axi_downsizer_inst/USE_WRITE.write_addr_inst/USE_B_CHANNEL.cmd_b_queue/inst/fifo_gen_inst/inst_fifo_gen/gconvfifo.rf/grf.rf/gntv_or_sync_fifo.mem/gdm.dm_gen.dm/RAM_reg_0_31_6_8/RAMA/CLK
                         clock pessimism              0.251    -0.581    
    SLICE_X104Y3         RAMD32 (Hold_ramd32_CLK_WADR4)
                                                      0.200    -0.381    i_axi_dwidth_converter_dm_slave/inst/gen_downsizer.gen_simple_downsizer.axi_downsizer_inst/USE_WRITE.write_addr_inst/USE_B_CHANNEL.cmd_b_queue/inst/fifo_gen_inst/inst_fifo_gen/gconvfifo.rf/grf.rf/gntv_or_sync_fifo.mem/gdm.dm_gen.dm/RAM_reg_0_31_6_8/RAMA
  -------------------------------------------------------------------
                         required time                          0.381    
                         arrival time                          -0.349    
  -------------------------------------------------------------------
                         slack                                  0.031    

Slack (MET) :             0.031ns  (arrival time - required time)
  Source:                 i_axi_dwidth_converter_dm_slave/inst/gen_downsizer.gen_simple_downsizer.axi_downsizer_inst/USE_WRITE.write_addr_inst/USE_B_CHANNEL.cmd_b_queue/inst/fifo_gen_inst/inst_fifo_gen/gconvfifo.rf/grf.rf/gntv_or_sync_fifo.gl0.wr/wpntr/gcc0.gc0.count_d1_reg[4]/C
                            (rising edge-triggered cell FDCE clocked by clk_out1_xlnx_clk_gen  {rise@0.000ns fall@10.000ns period=20.000ns})
  Destination:            i_axi_dwidth_converter_dm_slave/inst/gen_downsizer.gen_simple_downsizer.axi_downsizer_inst/USE_WRITE.write_addr_inst/USE_B_CHANNEL.cmd_b_queue/inst/fifo_gen_inst/inst_fifo_gen/gconvfifo.rf/grf.rf/gntv_or_sync_fifo.mem/gdm.dm_gen.dm/RAM_reg_0_31_6_8/RAMA_D1/WADR4
                            (rising edge-triggered cell RAMD32 clocked by clk_out1_xlnx_clk_gen  {rise@0.000ns fall@10.000ns period=20.000ns})
  Path Group:             clk_out1_xlnx_clk_gen
  Path Type:              Hold (Min at Fast Process Corner)
  Requirement:            0.000ns  (clk_out1_xlnx_clk_gen rise@0.000ns - clk_out1_xlnx_clk_gen rise@0.000ns)
  Data Path Delay:        0.244ns  (logic 0.141ns (57.706%)  route 0.103ns (42.294%))
  Logic Levels:           0  
  Clock Path Skew:        0.013ns (DCD - SCD - CPR)
    Destination Clock Delay (DCD):    -0.831ns
    Source Clock Delay      (SCD):    -0.594ns
    Clock Pessimism Removal (CPR):    -0.251ns

    Location             Delay type                Incr(ns)  Path(ns)    Netlist Resource(s)
  -------------------------------------------------------------------    -------------------
                         (clock clk_out1_xlnx_clk_gen rise edge)
                                                      0.000     0.000 r  
    K17                                               0.000     0.000 r  clk_sys (IN)
                         net (fo=0)                   0.000     0.000    i_xlnx_clk_gen/inst/clk_in1
    K17                  IBUF (Prop_ibuf_I_O)         0.243     0.243 r  i_xlnx_clk_gen/inst/clkin1_ibufg/O
                         net (fo=1, routed)           0.440     0.683    i_xlnx_clk_gen/inst/clk_in1_xlnx_clk_gen
    MMCME2_ADV_X1Y2      MMCME2_ADV (Prop_mmcme2_adv_CLKIN1_CLKOUT0)
                                                     -2.613    -1.930 r  i_xlnx_clk_gen/inst/mmcm_adv_inst/CLKOUT0
                         net (fo=1, routed)           0.696    -1.233    i_xlnx_clk_gen/inst/clk_out1_xlnx_clk_gen
    BUFGCTRL_X0Y16       BUFG (Prop_bufg_I_O)         0.026    -1.207 r  i_xlnx_clk_gen/inst/clkout1_buf/O
                         net (fo=16470, routed)       0.614    -0.594    i_axi_dwidth_converter_dm_slave/inst/gen_downsizer.gen_simple_downsizer.axi_downsizer_inst/USE_WRITE.write_addr_inst/USE_B_CHANNEL.cmd_b_queue/inst/fifo_gen_inst/inst_fifo_gen/gconvfifo.rf/grf.rf/gntv_or_sync_fifo.gl0.wr/wpntr/clk
    SLICE_X105Y3         FDCE                                         r  i_axi_dwidth_converter_dm_slave/inst/gen_downsizer.gen_simple_downsizer.axi_downsizer_inst/USE_WRITE.write_addr_inst/USE_B_CHANNEL.cmd_b_queue/inst/fifo_gen_inst/inst_fifo_gen/gconvfifo.rf/grf.rf/gntv_or_sync_fifo.gl0.wr/wpntr/gcc0.gc0.count_d1_reg[4]/C
  -------------------------------------------------------------------    -------------------
    SLICE_X105Y3         FDCE (Prop_fdce_C_Q)         0.141    -0.453 r  i_axi_dwidth_converter_dm_slave/inst/gen_downsizer.gen_simple_downsizer.axi_downsizer_inst/USE_WRITE.write_addr_inst/USE_B_CHANNEL.cmd_b_queue/inst/fifo_gen_inst/inst_fifo_gen/gconvfifo.rf/grf.rf/gntv_or_sync_fifo.gl0.wr/wpntr/gcc0.gc0.count_d1_reg[4]/Q
                         net (fo=10, routed)          0.103    -0.349    i_axi_dwidth_converter_dm_slave/inst/gen_downsizer.gen_simple_downsizer.axi_downsizer_inst/USE_WRITE.write_addr_inst/USE_B_CHANNEL.cmd_b_queue/inst/fifo_gen_inst/inst_fifo_gen/gconvfifo.rf/grf.rf/gntv_or_sync_fifo.mem/gdm.dm_gen.dm/RAM_reg_0_31_6_8/ADDRD4
    SLICE_X104Y3         RAMD32                                       r  i_axi_dwidth_converter_dm_slave/inst/gen_downsizer.gen_simple_downsizer.axi_downsizer_inst/USE_WRITE.write_addr_inst/USE_B_CHANNEL.cmd_b_queue/inst/fifo_gen_inst/inst_fifo_gen/gconvfifo.rf/grf.rf/gntv_or_sync_fifo.mem/gdm.dm_gen.dm/RAM_reg_0_31_6_8/RAMA_D1/WADR4
  -------------------------------------------------------------------    -------------------

                         (clock clk_out1_xlnx_clk_gen rise edge)
                                                      0.000     0.000 r  
    K17                                               0.000     0.000 r  clk_sys (IN)
                         net (fo=0)                   0.000     0.000    i_xlnx_clk_gen/inst/clk_in1
    K17                  IBUF (Prop_ibuf_I_O)         0.431     0.431 r  i_xlnx_clk_gen/inst/clkin1_ibufg/O
                         net (fo=1, routed)           0.480     0.911    i_xlnx_clk_gen/inst/clk_in1_xlnx_clk_gen
    MMCME2_ADV_X1Y2      MMCME2_ADV (Prop_mmcme2_adv_CLKIN1_CLKOUT0)
                                                     -3.407    -2.496 r  i_xlnx_clk_gen/inst/mmcm_adv_inst/CLKOUT0
                         net (fo=1, routed)           0.752    -1.744    i_xlnx_clk_gen/inst/clk_out1_xlnx_clk_gen
    BUFGCTRL_X0Y16       BUFG (Prop_bufg_I_O)         0.029    -1.715 r  i_xlnx_clk_gen/inst/clkout1_buf/O
                         net (fo=16470, routed)       0.884    -0.831    i_axi_dwidth_converter_dm_slave/inst/gen_downsizer.gen_simple_downsizer.axi_downsizer_inst/USE_WRITE.write_addr_inst/USE_B_CHANNEL.cmd_b_queue/inst/fifo_gen_inst/inst_fifo_gen/gconvfifo.rf/grf.rf/gntv_or_sync_fifo.mem/gdm.dm_gen.dm/RAM_reg_0_31_6_8/WCLK
    SLICE_X104Y3         RAMD32                                       r  i_axi_dwidth_converter_dm_slave/inst/gen_downsizer.gen_simple_downsizer.axi_downsizer_inst/USE_WRITE.write_addr_inst/USE_B_CHANNEL.cmd_b_queue/inst/fifo_gen_inst/inst_fifo_gen/gconvfifo.rf/grf.rf/gntv_or_sync_fifo.mem/gdm.dm_gen.dm/RAM_reg_0_31_6_8/RAMA_D1/CLK
                         clock pessimism              0.251    -0.581    
    SLICE_X104Y3         RAMD32 (Hold_ramd32_CLK_WADR4)
                                                      0.200    -0.381    i_axi_dwidth_converter_dm_slave/inst/gen_downsizer.gen_simple_downsizer.axi_downsizer_inst/USE_WRITE.write_addr_inst/USE_B_CHANNEL.cmd_b_queue/inst/fifo_gen_inst/inst_fifo_gen/gconvfifo.rf/grf.rf/gntv_or_sync_fifo.mem/gdm.dm_gen.dm/RAM_reg_0_31_6_8/RAMA_D1
  -------------------------------------------------------------------
                         required time                          0.381    
                         arrival time                          -0.349    
  -------------------------------------------------------------------
                         slack                                  0.031    

Slack (MET) :             0.031ns  (arrival time - required time)
  Source:                 i_axi_dwidth_converter_dm_slave/inst/gen_downsizer.gen_simple_downsizer.axi_downsizer_inst/USE_WRITE.write_addr_inst/USE_B_CHANNEL.cmd_b_queue/inst/fifo_gen_inst/inst_fifo_gen/gconvfifo.rf/grf.rf/gntv_or_sync_fifo.gl0.wr/wpntr/gcc0.gc0.count_d1_reg[4]/C
                            (rising edge-triggered cell FDCE clocked by clk_out1_xlnx_clk_gen  {rise@0.000ns fall@10.000ns period=20.000ns})
  Destination:            i_axi_dwidth_converter_dm_slave/inst/gen_downsizer.gen_simple_downsizer.axi_downsizer_inst/USE_WRITE.write_addr_inst/USE_B_CHANNEL.cmd_b_queue/inst/fifo_gen_inst/inst_fifo_gen/gconvfifo.rf/grf.rf/gntv_or_sync_fifo.mem/gdm.dm_gen.dm/RAM_reg_0_31_6_8/RAMB/WADR4
                            (rising edge-triggered cell RAMD32 clocked by clk_out1_xlnx_clk_gen  {rise@0.000ns fall@10.000ns period=20.000ns})
  Path Group:             clk_out1_xlnx_clk_gen
  Path Type:              Hold (Min at Fast Process Corner)
  Requirement:            0.000ns  (clk_out1_xlnx_clk_gen rise@0.000ns - clk_out1_xlnx_clk_gen rise@0.000ns)
  Data Path Delay:        0.244ns  (logic 0.141ns (57.706%)  route 0.103ns (42.294%))
  Logic Levels:           0  
  Clock Path Skew:        0.013ns (DCD - SCD - CPR)
    Destination Clock Delay (DCD):    -0.831ns
    Source Clock Delay      (SCD):    -0.594ns
    Clock Pessimism Removal (CPR):    -0.251ns

    Location             Delay type                Incr(ns)  Path(ns)    Netlist Resource(s)
  -------------------------------------------------------------------    -------------------
                         (clock clk_out1_xlnx_clk_gen rise edge)
                                                      0.000     0.000 r  
    K17                                               0.000     0.000 r  clk_sys (IN)
                         net (fo=0)                   0.000     0.000    i_xlnx_clk_gen/inst/clk_in1
    K17                  IBUF (Prop_ibuf_I_O)         0.243     0.243 r  i_xlnx_clk_gen/inst/clkin1_ibufg/O
                         net (fo=1, routed)           0.440     0.683    i_xlnx_clk_gen/inst/clk_in1_xlnx_clk_gen
    MMCME2_ADV_X1Y2      MMCME2_ADV (Prop_mmcme2_adv_CLKIN1_CLKOUT0)
                                                     -2.613    -1.930 r  i_xlnx_clk_gen/inst/mmcm_adv_inst/CLKOUT0
                         net (fo=1, routed)           0.696    -1.233    i_xlnx_clk_gen/inst/clk_out1_xlnx_clk_gen
    BUFGCTRL_X0Y16       BUFG (Prop_bufg_I_O)         0.026    -1.207 r  i_xlnx_clk_gen/inst/clkout1_buf/O
                         net (fo=16470, routed)       0.614    -0.594    i_axi_dwidth_converter_dm_slave/inst/gen_downsizer.gen_simple_downsizer.axi_downsizer_inst/USE_WRITE.write_addr_inst/USE_B_CHANNEL.cmd_b_queue/inst/fifo_gen_inst/inst_fifo_gen/gconvfifo.rf/grf.rf/gntv_or_sync_fifo.gl0.wr/wpntr/clk
    SLICE_X105Y3         FDCE                                         r  i_axi_dwidth_converter_dm_slave/inst/gen_downsizer.gen_simple_downsizer.axi_downsizer_inst/USE_WRITE.write_addr_inst/USE_B_CHANNEL.cmd_b_queue/inst/fifo_gen_inst/inst_fifo_gen/gconvfifo.rf/grf.rf/gntv_or_sync_fifo.gl0.wr/wpntr/gcc0.gc0.count_d1_reg[4]/C
  -------------------------------------------------------------------    -------------------
    SLICE_X105Y3         FDCE (Prop_fdce_C_Q)         0.141    -0.453 r  i_axi_dwidth_converter_dm_slave/inst/gen_downsizer.gen_simple_downsizer.axi_downsizer_inst/USE_WRITE.write_addr_inst/USE_B_CHANNEL.cmd_b_queue/inst/fifo_gen_inst/inst_fifo_gen/gconvfifo.rf/grf.rf/gntv_or_sync_fifo.gl0.wr/wpntr/gcc0.gc0.count_d1_reg[4]/Q
                         net (fo=10, routed)          0.103    -0.349    i_axi_dwidth_converter_dm_slave/inst/gen_downsizer.gen_simple_downsizer.axi_downsizer_inst/USE_WRITE.write_addr_inst/USE_B_CHANNEL.cmd_b_queue/inst/fifo_gen_inst/inst_fifo_gen/gconvfifo.rf/grf.rf/gntv_or_sync_fifo.mem/gdm.dm_gen.dm/RAM_reg_0_31_6_8/ADDRD4
    SLICE_X104Y3         RAMD32                                       r  i_axi_dwidth_converter_dm_slave/inst/gen_downsizer.gen_simple_downsizer.axi_downsizer_inst/USE_WRITE.write_addr_inst/USE_B_CHANNEL.cmd_b_queue/inst/fifo_gen_inst/inst_fifo_gen/gconvfifo.rf/grf.rf/gntv_or_sync_fifo.mem/gdm.dm_gen.dm/RAM_reg_0_31_6_8/RAMB/WADR4
  -------------------------------------------------------------------    -------------------

                         (clock clk_out1_xlnx_clk_gen rise edge)
                                                      0.000     0.000 r  
    K17                                               0.000     0.000 r  clk_sys (IN)
                         net (fo=0)                   0.000     0.000    i_xlnx_clk_gen/inst/clk_in1
    K17                  IBUF (Prop_ibuf_I_O)         0.431     0.431 r  i_xlnx_clk_gen/inst/clkin1_ibufg/O
                         net (fo=1, routed)           0.480     0.911    i_xlnx_clk_gen/inst/clk_in1_xlnx_clk_gen
    MMCME2_ADV_X1Y2      MMCME2_ADV (Prop_mmcme2_adv_CLKIN1_CLKOUT0)
                                                     -3.407    -2.496 r  i_xlnx_clk_gen/inst/mmcm_adv_inst/CLKOUT0
                         net (fo=1, routed)           0.752    -1.744    i_xlnx_clk_gen/inst/clk_out1_xlnx_clk_gen
    BUFGCTRL_X0Y16       BUFG (Prop_bufg_I_O)         0.029    -1.715 r  i_xlnx_clk_gen/inst/clkout1_buf/O
                         net (fo=16470, routed)       0.884    -0.831    i_axi_dwidth_converter_dm_slave/inst/gen_downsizer.gen_simple_downsizer.axi_downsizer_inst/USE_WRITE.write_addr_inst/USE_B_CHANNEL.cmd_b_queue/inst/fifo_gen_inst/inst_fifo_gen/gconvfifo.rf/grf.rf/gntv_or_sync_fifo.mem/gdm.dm_gen.dm/RAM_reg_0_31_6_8/WCLK
    SLICE_X104Y3         RAMD32                                       r  i_axi_dwidth_converter_dm_slave/inst/gen_downsizer.gen_simple_downsizer.axi_downsizer_inst/USE_WRITE.write_addr_inst/USE_B_CHANNEL.cmd_b_queue/inst/fifo_gen_inst/inst_fifo_gen/gconvfifo.rf/grf.rf/gntv_or_sync_fifo.mem/gdm.dm_gen.dm/RAM_reg_0_31_6_8/RAMB/CLK
                         clock pessimism              0.251    -0.581    
    SLICE_X104Y3         RAMD32 (Hold_ramd32_CLK_WADR4)
                                                      0.200    -0.381    i_axi_dwidth_converter_dm_slave/inst/gen_downsizer.gen_simple_downsizer.axi_downsizer_inst/USE_WRITE.write_addr_inst/USE_B_CHANNEL.cmd_b_queue/inst/fifo_gen_inst/inst_fifo_gen/gconvfifo.rf/grf.rf/gntv_or_sync_fifo.mem/gdm.dm_gen.dm/RAM_reg_0_31_6_8/RAMB
  -------------------------------------------------------------------
                         required time                          0.381    
                         arrival time                          -0.349    
  -------------------------------------------------------------------
                         slack                                  0.031    

Slack (MET) :             0.031ns  (arrival time - required time)
  Source:                 i_axi_dwidth_converter_dm_slave/inst/gen_downsizer.gen_simple_downsizer.axi_downsizer_inst/USE_WRITE.write_addr_inst/USE_B_CHANNEL.cmd_b_queue/inst/fifo_gen_inst/inst_fifo_gen/gconvfifo.rf/grf.rf/gntv_or_sync_fifo.gl0.wr/wpntr/gcc0.gc0.count_d1_reg[4]/C
                            (rising edge-triggered cell FDCE clocked by clk_out1_xlnx_clk_gen  {rise@0.000ns fall@10.000ns period=20.000ns})
  Destination:            i_axi_dwidth_converter_dm_slave/inst/gen_downsizer.gen_simple_downsizer.axi_downsizer_inst/USE_WRITE.write_addr_inst/USE_B_CHANNEL.cmd_b_queue/inst/fifo_gen_inst/inst_fifo_gen/gconvfifo.rf/grf.rf/gntv_or_sync_fifo.mem/gdm.dm_gen.dm/RAM_reg_0_31_6_8/RAMB_D1/WADR4
                            (rising edge-triggered cell RAMD32 clocked by clk_out1_xlnx_clk_gen  {rise@0.000ns fall@10.000ns period=20.000ns})
  Path Group:             clk_out1_xlnx_clk_gen
  Path Type:              Hold (Min at Fast Process Corner)
  Requirement:            0.000ns  (clk_out1_xlnx_clk_gen rise@0.000ns - clk_out1_xlnx_clk_gen rise@0.000ns)
  Data Path Delay:        0.244ns  (logic 0.141ns (57.706%)  route 0.103ns (42.294%))
  Logic Levels:           0  
  Clock Path Skew:        0.013ns (DCD - SCD - CPR)
    Destination Clock Delay (DCD):    -0.831ns
    Source Clock Delay      (SCD):    -0.594ns
    Clock Pessimism Removal (CPR):    -0.251ns

    Location             Delay type                Incr(ns)  Path(ns)    Netlist Resource(s)
  -------------------------------------------------------------------    -------------------
                         (clock clk_out1_xlnx_clk_gen rise edge)
                                                      0.000     0.000 r  
    K17                                               0.000     0.000 r  clk_sys (IN)
                         net (fo=0)                   0.000     0.000    i_xlnx_clk_gen/inst/clk_in1
    K17                  IBUF (Prop_ibuf_I_O)         0.243     0.243 r  i_xlnx_clk_gen/inst/clkin1_ibufg/O
                         net (fo=1, routed)           0.440     0.683    i_xlnx_clk_gen/inst/clk_in1_xlnx_clk_gen
    MMCME2_ADV_X1Y2      MMCME2_ADV (Prop_mmcme2_adv_CLKIN1_CLKOUT0)
                                                     -2.613    -1.930 r  i_xlnx_clk_gen/inst/mmcm_adv_inst/CLKOUT0
                         net (fo=1, routed)           0.696    -1.233    i_xlnx_clk_gen/inst/clk_out1_xlnx_clk_gen
    BUFGCTRL_X0Y16       BUFG (Prop_bufg_I_O)         0.026    -1.207 r  i_xlnx_clk_gen/inst/clkout1_buf/O
                         net (fo=16470, routed)       0.614    -0.594    i_axi_dwidth_converter_dm_slave/inst/gen_downsizer.gen_simple_downsizer.axi_downsizer_inst/USE_WRITE.write_addr_inst/USE_B_CHANNEL.cmd_b_queue/inst/fifo_gen_inst/inst_fifo_gen/gconvfifo.rf/grf.rf/gntv_or_sync_fifo.gl0.wr/wpntr/clk
    SLICE_X105Y3         FDCE                                         r  i_axi_dwidth_converter_dm_slave/inst/gen_downsizer.gen_simple_downsizer.axi_downsizer_inst/USE_WRITE.write_addr_inst/USE_B_CHANNEL.cmd_b_queue/inst/fifo_gen_inst/inst_fifo_gen/gconvfifo.rf/grf.rf/gntv_or_sync_fifo.gl0.wr/wpntr/gcc0.gc0.count_d1_reg[4]/C
  -------------------------------------------------------------------    -------------------
    SLICE_X105Y3         FDCE (Prop_fdce_C_Q)         0.141    -0.453 r  i_axi_dwidth_converter_dm_slave/inst/gen_downsizer.gen_simple_downsizer.axi_downsizer_inst/USE_WRITE.write_addr_inst/USE_B_CHANNEL.cmd_b_queue/inst/fifo_gen_inst/inst_fifo_gen/gconvfifo.rf/grf.rf/gntv_or_sync_fifo.gl0.wr/wpntr/gcc0.gc0.count_d1_reg[4]/Q
                         net (fo=10, routed)          0.103    -0.349    i_axi_dwidth_converter_dm_slave/inst/gen_downsizer.gen_simple_downsizer.axi_downsizer_inst/USE_WRITE.write_addr_inst/USE_B_CHANNEL.cmd_b_queue/inst/fifo_gen_inst/inst_fifo_gen/gconvfifo.rf/grf.rf/gntv_or_sync_fifo.mem/gdm.dm_gen.dm/RAM_reg_0_31_6_8/ADDRD4
    SLICE_X104Y3         RAMD32                                       r  i_axi_dwidth_converter_dm_slave/inst/gen_downsizer.gen_simple_downsizer.axi_downsizer_inst/USE_WRITE.write_addr_inst/USE_B_CHANNEL.cmd_b_queue/inst/fifo_gen_inst/inst_fifo_gen/gconvfifo.rf/grf.rf/gntv_or_sync_fifo.mem/gdm.dm_gen.dm/RAM_reg_0_31_6_8/RAMB_D1/WADR4
  -------------------------------------------------------------------    -------------------

                         (clock clk_out1_xlnx_clk_gen rise edge)
                                                      0.000     0.000 r  
    K17                                               0.000     0.000 r  clk_sys (IN)
                         net (fo=0)                   0.000     0.000    i_xlnx_clk_gen/inst/clk_in1
    K17                  IBUF (Prop_ibuf_I_O)         0.431     0.431 r  i_xlnx_clk_gen/inst/clkin1_ibufg/O
                         net (fo=1, routed)           0.480     0.911    i_xlnx_clk_gen/inst/clk_in1_xlnx_clk_gen
    MMCME2_ADV_X1Y2      MMCME2_ADV (Prop_mmcme2_adv_CLKIN1_CLKOUT0)
                                                     -3.407    -2.496 r  i_xlnx_clk_gen/inst/mmcm_adv_inst/CLKOUT0
                         net (fo=1, routed)           0.752    -1.744    i_xlnx_clk_gen/inst/clk_out1_xlnx_clk_gen
    BUFGCTRL_X0Y16       BUFG (Prop_bufg_I_O)         0.029    -1.715 r  i_xlnx_clk_gen/inst/clkout1_buf/O
                         net (fo=16470, routed)       0.884    -0.831    i_axi_dwidth_converter_dm_slave/inst/gen_downsizer.gen_simple_downsizer.axi_downsizer_inst/USE_WRITE.write_addr_inst/USE_B_CHANNEL.cmd_b_queue/inst/fifo_gen_inst/inst_fifo_gen/gconvfifo.rf/grf.rf/gntv_or_sync_fifo.mem/gdm.dm_gen.dm/RAM_reg_0_31_6_8/WCLK
    SLICE_X104Y3         RAMD32                                       r  i_axi_dwidth_converter_dm_slave/inst/gen_downsizer.gen_simple_downsizer.axi_downsizer_inst/USE_WRITE.write_addr_inst/USE_B_CHANNEL.cmd_b_queue/inst/fifo_gen_inst/inst_fifo_gen/gconvfifo.rf/grf.rf/gntv_or_sync_fifo.mem/gdm.dm_gen.dm/RAM_reg_0_31_6_8/RAMB_D1/CLK
                         clock pessimism              0.251    -0.581    
    SLICE_X104Y3         RAMD32 (Hold_ramd32_CLK_WADR4)
                                                      0.200    -0.381    i_axi_dwidth_converter_dm_slave/inst/gen_downsizer.gen_simple_downsizer.axi_downsizer_inst/USE_WRITE.write_addr_inst/USE_B_CHANNEL.cmd_b_queue/inst/fifo_gen_inst/inst_fifo_gen/gconvfifo.rf/grf.rf/gntv_or_sync_fifo.mem/gdm.dm_gen.dm/RAM_reg_0_31_6_8/RAMB_D1
  -------------------------------------------------------------------
                         required time                          0.381    
                         arrival time                          -0.349    
  -------------------------------------------------------------------
                         slack                                  0.031    

Slack (MET) :             0.031ns  (arrival time - required time)
  Source:                 i_axi_dwidth_converter_dm_slave/inst/gen_downsizer.gen_simple_downsizer.axi_downsizer_inst/USE_WRITE.write_addr_inst/USE_B_CHANNEL.cmd_b_queue/inst/fifo_gen_inst/inst_fifo_gen/gconvfifo.rf/grf.rf/gntv_or_sync_fifo.gl0.wr/wpntr/gcc0.gc0.count_d1_reg[4]/C
                            (rising edge-triggered cell FDCE clocked by clk_out1_xlnx_clk_gen  {rise@0.000ns fall@10.000ns period=20.000ns})
  Destination:            i_axi_dwidth_converter_dm_slave/inst/gen_downsizer.gen_simple_downsizer.axi_downsizer_inst/USE_WRITE.write_addr_inst/USE_B_CHANNEL.cmd_b_queue/inst/fifo_gen_inst/inst_fifo_gen/gconvfifo.rf/grf.rf/gntv_or_sync_fifo.mem/gdm.dm_gen.dm/RAM_reg_0_31_6_8/RAMC/WADR4
                            (rising edge-triggered cell RAMD32 clocked by clk_out1_xlnx_clk_gen  {rise@0.000ns fall@10.000ns period=20.000ns})
  Path Group:             clk_out1_xlnx_clk_gen
  Path Type:              Hold (Min at Fast Process Corner)
  Requirement:            0.000ns  (clk_out1_xlnx_clk_gen rise@0.000ns - clk_out1_xlnx_clk_gen rise@0.000ns)
  Data Path Delay:        0.244ns  (logic 0.141ns (57.706%)  route 0.103ns (42.294%))
  Logic Levels:           0  
  Clock Path Skew:        0.013ns (DCD - SCD - CPR)
    Destination Clock Delay (DCD):    -0.831ns
    Source Clock Delay      (SCD):    -0.594ns
    Clock Pessimism Removal (CPR):    -0.251ns

    Location             Delay type                Incr(ns)  Path(ns)    Netlist Resource(s)
  -------------------------------------------------------------------    -------------------
                         (clock clk_out1_xlnx_clk_gen rise edge)
                                                      0.000     0.000 r  
    K17                                               0.000     0.000 r  clk_sys (IN)
                         net (fo=0)                   0.000     0.000    i_xlnx_clk_gen/inst/clk_in1
    K17                  IBUF (Prop_ibuf_I_O)         0.243     0.243 r  i_xlnx_clk_gen/inst/clkin1_ibufg/O
                         net (fo=1, routed)           0.440     0.683    i_xlnx_clk_gen/inst/clk_in1_xlnx_clk_gen
    MMCME2_ADV_X1Y2      MMCME2_ADV (Prop_mmcme2_adv_CLKIN1_CLKOUT0)
                                                     -2.613    -1.930 r  i_xlnx_clk_gen/inst/mmcm_adv_inst/CLKOUT0
                         net (fo=1, routed)           0.696    -1.233    i_xlnx_clk_gen/inst/clk_out1_xlnx_clk_gen
    BUFGCTRL_X0Y16       BUFG (Prop_bufg_I_O)         0.026    -1.207 r  i_xlnx_clk_gen/inst/clkout1_buf/O
                         net (fo=16470, routed)       0.614    -0.594    i_axi_dwidth_converter_dm_slave/inst/gen_downsizer.gen_simple_downsizer.axi_downsizer_inst/USE_WRITE.write_addr_inst/USE_B_CHANNEL.cmd_b_queue/inst/fifo_gen_inst/inst_fifo_gen/gconvfifo.rf/grf.rf/gntv_or_sync_fifo.gl0.wr/wpntr/clk
    SLICE_X105Y3         FDCE                                         r  i_axi_dwidth_converter_dm_slave/inst/gen_downsizer.gen_simple_downsizer.axi_downsizer_inst/USE_WRITE.write_addr_inst/USE_B_CHANNEL.cmd_b_queue/inst/fifo_gen_inst/inst_fifo_gen/gconvfifo.rf/grf.rf/gntv_or_sync_fifo.gl0.wr/wpntr/gcc0.gc0.count_d1_reg[4]/C
  -------------------------------------------------------------------    -------------------
    SLICE_X105Y3         FDCE (Prop_fdce_C_Q)         0.141    -0.453 r  i_axi_dwidth_converter_dm_slave/inst/gen_downsizer.gen_simple_downsizer.axi_downsizer_inst/USE_WRITE.write_addr_inst/USE_B_CHANNEL.cmd_b_queue/inst/fifo_gen_inst/inst_fifo_gen/gconvfifo.rf/grf.rf/gntv_or_sync_fifo.gl0.wr/wpntr/gcc0.gc0.count_d1_reg[4]/Q
                         net (fo=10, routed)          0.103    -0.349    i_axi_dwidth_converter_dm_slave/inst/gen_downsizer.gen_simple_downsizer.axi_downsizer_inst/USE_WRITE.write_addr_inst/USE_B_CHANNEL.cmd_b_queue/inst/fifo_gen_inst/inst_fifo_gen/gconvfifo.rf/grf.rf/gntv_or_sync_fifo.mem/gdm.dm_gen.dm/RAM_reg_0_31_6_8/ADDRD4
    SLICE_X104Y3         RAMD32                                       r  i_axi_dwidth_converter_dm_slave/inst/gen_downsizer.gen_simple_downsizer.axi_downsizer_inst/USE_WRITE.write_addr_inst/USE_B_CHANNEL.cmd_b_queue/inst/fifo_gen_inst/inst_fifo_gen/gconvfifo.rf/grf.rf/gntv_or_sync_fifo.mem/gdm.dm_gen.dm/RAM_reg_0_31_6_8/RAMC/WADR4
  -------------------------------------------------------------------    -------------------

                         (clock clk_out1_xlnx_clk_gen rise edge)
                                                      0.000     0.000 r  
    K17                                               0.000     0.000 r  clk_sys (IN)
                         net (fo=0)                   0.000     0.000    i_xlnx_clk_gen/inst/clk_in1
    K17                  IBUF (Prop_ibuf_I_O)         0.431     0.431 r  i_xlnx_clk_gen/inst/clkin1_ibufg/O
                         net (fo=1, routed)           0.480     0.911    i_xlnx_clk_gen/inst/clk_in1_xlnx_clk_gen
    MMCME2_ADV_X1Y2      MMCME2_ADV (Prop_mmcme2_adv_CLKIN1_CLKOUT0)
                                                     -3.407    -2.496 r  i_xlnx_clk_gen/inst/mmcm_adv_inst/CLKOUT0
                         net (fo=1, routed)           0.752    -1.744    i_xlnx_clk_gen/inst/clk_out1_xlnx_clk_gen
    BUFGCTRL_X0Y16       BUFG (Prop_bufg_I_O)         0.029    -1.715 r  i_xlnx_clk_gen/inst/clkout1_buf/O
                         net (fo=16470, routed)       0.884    -0.831    i_axi_dwidth_converter_dm_slave/inst/gen_downsizer.gen_simple_downsizer.axi_downsizer_inst/USE_WRITE.write_addr_inst/USE_B_CHANNEL.cmd_b_queue/inst/fifo_gen_inst/inst_fifo_gen/gconvfifo.rf/grf.rf/gntv_or_sync_fifo.mem/gdm.dm_gen.dm/RAM_reg_0_31_6_8/WCLK
    SLICE_X104Y3         RAMD32                                       r  i_axi_dwidth_converter_dm_slave/inst/gen_downsizer.gen_simple_downsizer.axi_downsizer_inst/USE_WRITE.write_addr_inst/USE_B_CHANNEL.cmd_b_queue/inst/fifo_gen_inst/inst_fifo_gen/gconvfifo.rf/grf.rf/gntv_or_sync_fifo.mem/gdm.dm_gen.dm/RAM_reg_0_31_6_8/RAMC/CLK
                         clock pessimism              0.251    -0.581    
    SLICE_X104Y3         RAMD32 (Hold_ramd32_CLK_WADR4)
                                                      0.200    -0.381    i_axi_dwidth_converter_dm_slave/inst/gen_downsizer.gen_simple_downsizer.axi_downsizer_inst/USE_WRITE.write_addr_inst/USE_B_CHANNEL.cmd_b_queue/inst/fifo_gen_inst/inst_fifo_gen/gconvfifo.rf/grf.rf/gntv_or_sync_fifo.mem/gdm.dm_gen.dm/RAM_reg_0_31_6_8/RAMC
  -------------------------------------------------------------------
                         required time                          0.381    
                         arrival time                          -0.349    
  -------------------------------------------------------------------
                         slack                                  0.031    

Slack (MET) :             0.031ns  (arrival time - required time)
  Source:                 i_axi_dwidth_converter_dm_slave/inst/gen_downsizer.gen_simple_downsizer.axi_downsizer_inst/USE_WRITE.write_addr_inst/USE_B_CHANNEL.cmd_b_queue/inst/fifo_gen_inst/inst_fifo_gen/gconvfifo.rf/grf.rf/gntv_or_sync_fifo.gl0.wr/wpntr/gcc0.gc0.count_d1_reg[4]/C
                            (rising edge-triggered cell FDCE clocked by clk_out1_xlnx_clk_gen  {rise@0.000ns fall@10.000ns period=20.000ns})
  Destination:            i_axi_dwidth_converter_dm_slave/inst/gen_downsizer.gen_simple_downsizer.axi_downsizer_inst/USE_WRITE.write_addr_inst/USE_B_CHANNEL.cmd_b_queue/inst/fifo_gen_inst/inst_fifo_gen/gconvfifo.rf/grf.rf/gntv_or_sync_fifo.mem/gdm.dm_gen.dm/RAM_reg_0_31_6_8/RAMC_D1/WADR4
                            (rising edge-triggered cell RAMD32 clocked by clk_out1_xlnx_clk_gen  {rise@0.000ns fall@10.000ns period=20.000ns})
  Path Group:             clk_out1_xlnx_clk_gen
  Path Type:              Hold (Min at Fast Process Corner)
  Requirement:            0.000ns  (clk_out1_xlnx_clk_gen rise@0.000ns - clk_out1_xlnx_clk_gen rise@0.000ns)
  Data Path Delay:        0.244ns  (logic 0.141ns (57.706%)  route 0.103ns (42.294%))
  Logic Levels:           0  
  Clock Path Skew:        0.013ns (DCD - SCD - CPR)
    Destination Clock Delay (DCD):    -0.831ns
    Source Clock Delay      (SCD):    -0.594ns
    Clock Pessimism Removal (CPR):    -0.251ns

    Location             Delay type                Incr(ns)  Path(ns)    Netlist Resource(s)
  -------------------------------------------------------------------    -------------------
                         (clock clk_out1_xlnx_clk_gen rise edge)
                                                      0.000     0.000 r  
    K17                                               0.000     0.000 r  clk_sys (IN)
                         net (fo=0)                   0.000     0.000    i_xlnx_clk_gen/inst/clk_in1
    K17                  IBUF (Prop_ibuf_I_O)         0.243     0.243 r  i_xlnx_clk_gen/inst/clkin1_ibufg/O
                         net (fo=1, routed)           0.440     0.683    i_xlnx_clk_gen/inst/clk_in1_xlnx_clk_gen
    MMCME2_ADV_X1Y2      MMCME2_ADV (Prop_mmcme2_adv_CLKIN1_CLKOUT0)
                                                     -2.613    -1.930 r  i_xlnx_clk_gen/inst/mmcm_adv_inst/CLKOUT0
                         net (fo=1, routed)           0.696    -1.233    i_xlnx_clk_gen/inst/clk_out1_xlnx_clk_gen
    BUFGCTRL_X0Y16       BUFG (Prop_bufg_I_O)         0.026    -1.207 r  i_xlnx_clk_gen/inst/clkout1_buf/O
                         net (fo=16470, routed)       0.614    -0.594    i_axi_dwidth_converter_dm_slave/inst/gen_downsizer.gen_simple_downsizer.axi_downsizer_inst/USE_WRITE.write_addr_inst/USE_B_CHANNEL.cmd_b_queue/inst/fifo_gen_inst/inst_fifo_gen/gconvfifo.rf/grf.rf/gntv_or_sync_fifo.gl0.wr/wpntr/clk
    SLICE_X105Y3         FDCE                                         r  i_axi_dwidth_converter_dm_slave/inst/gen_downsizer.gen_simple_downsizer.axi_downsizer_inst/USE_WRITE.write_addr_inst/USE_B_CHANNEL.cmd_b_queue/inst/fifo_gen_inst/inst_fifo_gen/gconvfifo.rf/grf.rf/gntv_or_sync_fifo.gl0.wr/wpntr/gcc0.gc0.count_d1_reg[4]/C
  -------------------------------------------------------------------    -------------------
    SLICE_X105Y3         FDCE (Prop_fdce_C_Q)         0.141    -0.453 r  i_axi_dwidth_converter_dm_slave/inst/gen_downsizer.gen_simple_downsizer.axi_downsizer_inst/USE_WRITE.write_addr_inst/USE_B_CHANNEL.cmd_b_queue/inst/fifo_gen_inst/inst_fifo_gen/gconvfifo.rf/grf.rf/gntv_or_sync_fifo.gl0.wr/wpntr/gcc0.gc0.count_d1_reg[4]/Q
                         net (fo=10, routed)          0.103    -0.349    i_axi_dwidth_converter_dm_slave/inst/gen_downsizer.gen_simple_downsizer.axi_downsizer_inst/USE_WRITE.write_addr_inst/USE_B_CHANNEL.cmd_b_queue/inst/fifo_gen_inst/inst_fifo_gen/gconvfifo.rf/grf.rf/gntv_or_sync_fifo.mem/gdm.dm_gen.dm/RAM_reg_0_31_6_8/ADDRD4
    SLICE_X104Y3         RAMD32                                       r  i_axi_dwidth_converter_dm_slave/inst/gen_downsizer.gen_simple_downsizer.axi_downsizer_inst/USE_WRITE.write_addr_inst/USE_B_CHANNEL.cmd_b_queue/inst/fifo_gen_inst/inst_fifo_gen/gconvfifo.rf/grf.rf/gntv_or_sync_fifo.mem/gdm.dm_gen.dm/RAM_reg_0_31_6_8/RAMC_D1/WADR4
  -------------------------------------------------------------------    -------------------

                         (clock clk_out1_xlnx_clk_gen rise edge)
                                                      0.000     0.000 r  
    K17                                               0.000     0.000 r  clk_sys (IN)
                         net (fo=0)                   0.000     0.000    i_xlnx_clk_gen/inst/clk_in1
    K17                  IBUF (Prop_ibuf_I_O)         0.431     0.431 r  i_xlnx_clk_gen/inst/clkin1_ibufg/O
                         net (fo=1, routed)           0.480     0.911    i_xlnx_clk_gen/inst/clk_in1_xlnx_clk_gen
    MMCME2_ADV_X1Y2      MMCME2_ADV (Prop_mmcme2_adv_CLKIN1_CLKOUT0)
                                                     -3.407    -2.496 r  i_xlnx_clk_gen/inst/mmcm_adv_inst/CLKOUT0
                         net (fo=1, routed)           0.752    -1.744    i_xlnx_clk_gen/inst/clk_out1_xlnx_clk_gen
    BUFGCTRL_X0Y16       BUFG (Prop_bufg_I_O)         0.029    -1.715 r  i_xlnx_clk_gen/inst/clkout1_buf/O
                         net (fo=16470, routed)       0.884    -0.831    i_axi_dwidth_converter_dm_slave/inst/gen_downsizer.gen_simple_downsizer.axi_downsizer_inst/USE_WRITE.write_addr_inst/USE_B_CHANNEL.cmd_b_queue/inst/fifo_gen_inst/inst_fifo_gen/gconvfifo.rf/grf.rf/gntv_or_sync_fifo.mem/gdm.dm_gen.dm/RAM_reg_0_31_6_8/WCLK
    SLICE_X104Y3         RAMD32                                       r  i_axi_dwidth_converter_dm_slave/inst/gen_downsizer.gen_simple_downsizer.axi_downsizer_inst/USE_WRITE.write_addr_inst/USE_B_CHANNEL.cmd_b_queue/inst/fifo_gen_inst/inst_fifo_gen/gconvfifo.rf/grf.rf/gntv_or_sync_fifo.mem/gdm.dm_gen.dm/RAM_reg_0_31_6_8/RAMC_D1/CLK
                         clock pessimism              0.251    -0.581    
    SLICE_X104Y3         RAMD32 (Hold_ramd32_CLK_WADR4)
                                                      0.200    -0.381    i_axi_dwidth_converter_dm_slave/inst/gen_downsizer.gen_simple_downsizer.axi_downsizer_inst/USE_WRITE.write_addr_inst/USE_B_CHANNEL.cmd_b_queue/inst/fifo_gen_inst/inst_fifo_gen/gconvfifo.rf/grf.rf/gntv_or_sync_fifo.mem/gdm.dm_gen.dm/RAM_reg_0_31_6_8/RAMC_D1
  -------------------------------------------------------------------
                         required time                          0.381    
                         arrival time                          -0.349    
  -------------------------------------------------------------------
                         slack                                  0.031    

Slack (MET) :             0.031ns  (arrival time - required time)
  Source:                 i_axi_dwidth_converter_dm_slave/inst/gen_downsizer.gen_simple_downsizer.axi_downsizer_inst/USE_WRITE.write_addr_inst/USE_B_CHANNEL.cmd_b_queue/inst/fifo_gen_inst/inst_fifo_gen/gconvfifo.rf/grf.rf/gntv_or_sync_fifo.gl0.wr/wpntr/gcc0.gc0.count_d1_reg[4]/C
                            (rising edge-triggered cell FDCE clocked by clk_out1_xlnx_clk_gen  {rise@0.000ns fall@10.000ns period=20.000ns})
  Destination:            i_axi_dwidth_converter_dm_slave/inst/gen_downsizer.gen_simple_downsizer.axi_downsizer_inst/USE_WRITE.write_addr_inst/USE_B_CHANNEL.cmd_b_queue/inst/fifo_gen_inst/inst_fifo_gen/gconvfifo.rf/grf.rf/gntv_or_sync_fifo.mem/gdm.dm_gen.dm/RAM_reg_0_31_6_8/RAMD/ADR4
                            (rising edge-triggered cell RAMS32 clocked by clk_out1_xlnx_clk_gen  {rise@0.000ns fall@10.000ns period=20.000ns})
  Path Group:             clk_out1_xlnx_clk_gen
  Path Type:              Hold (Min at Fast Process Corner)
  Requirement:            0.000ns  (clk_out1_xlnx_clk_gen rise@0.000ns - clk_out1_xlnx_clk_gen rise@0.000ns)
  Data Path Delay:        0.244ns  (logic 0.141ns (57.706%)  route 0.103ns (42.294%))
  Logic Levels:           0  
  Clock Path Skew:        0.013ns (DCD - SCD - CPR)
    Destination Clock Delay (DCD):    -0.831ns
    Source Clock Delay      (SCD):    -0.594ns
    Clock Pessimism Removal (CPR):    -0.251ns

    Location             Delay type                Incr(ns)  Path(ns)    Netlist Resource(s)
  -------------------------------------------------------------------    -------------------
                         (clock clk_out1_xlnx_clk_gen rise edge)
                                                      0.000     0.000 r  
    K17                                               0.000     0.000 r  clk_sys (IN)
                         net (fo=0)                   0.000     0.000    i_xlnx_clk_gen/inst/clk_in1
    K17                  IBUF (Prop_ibuf_I_O)         0.243     0.243 r  i_xlnx_clk_gen/inst/clkin1_ibufg/O
                         net (fo=1, routed)           0.440     0.683    i_xlnx_clk_gen/inst/clk_in1_xlnx_clk_gen
    MMCME2_ADV_X1Y2      MMCME2_ADV (Prop_mmcme2_adv_CLKIN1_CLKOUT0)
                                                     -2.613    -1.930 r  i_xlnx_clk_gen/inst/mmcm_adv_inst/CLKOUT0
                         net (fo=1, routed)           0.696    -1.233    i_xlnx_clk_gen/inst/clk_out1_xlnx_clk_gen
    BUFGCTRL_X0Y16       BUFG (Prop_bufg_I_O)         0.026    -1.207 r  i_xlnx_clk_gen/inst/clkout1_buf/O
                         net (fo=16470, routed)       0.614    -0.594    i_axi_dwidth_converter_dm_slave/inst/gen_downsizer.gen_simple_downsizer.axi_downsizer_inst/USE_WRITE.write_addr_inst/USE_B_CHANNEL.cmd_b_queue/inst/fifo_gen_inst/inst_fifo_gen/gconvfifo.rf/grf.rf/gntv_or_sync_fifo.gl0.wr/wpntr/clk
    SLICE_X105Y3         FDCE                                         r  i_axi_dwidth_converter_dm_slave/inst/gen_downsizer.gen_simple_downsizer.axi_downsizer_inst/USE_WRITE.write_addr_inst/USE_B_CHANNEL.cmd_b_queue/inst/fifo_gen_inst/inst_fifo_gen/gconvfifo.rf/grf.rf/gntv_or_sync_fifo.gl0.wr/wpntr/gcc0.gc0.count_d1_reg[4]/C
  -------------------------------------------------------------------    -------------------
    SLICE_X105Y3         FDCE (Prop_fdce_C_Q)         0.141    -0.453 r  i_axi_dwidth_converter_dm_slave/inst/gen_downsizer.gen_simple_downsizer.axi_downsizer_inst/USE_WRITE.write_addr_inst/USE_B_CHANNEL.cmd_b_queue/inst/fifo_gen_inst/inst_fifo_gen/gconvfifo.rf/grf.rf/gntv_or_sync_fifo.gl0.wr/wpntr/gcc0.gc0.count_d1_reg[4]/Q
                         net (fo=10, routed)          0.103    -0.349    i_axi_dwidth_converter_dm_slave/inst/gen_downsizer.gen_simple_downsizer.axi_downsizer_inst/USE_WRITE.write_addr_inst/USE_B_CHANNEL.cmd_b_queue/inst/fifo_gen_inst/inst_fifo_gen/gconvfifo.rf/grf.rf/gntv_or_sync_fifo.mem/gdm.dm_gen.dm/RAM_reg_0_31_6_8/ADDRD4
    SLICE_X104Y3         RAMS32                                       r  i_axi_dwidth_converter_dm_slave/inst/gen_downsizer.gen_simple_downsizer.axi_downsizer_inst/USE_WRITE.write_addr_inst/USE_B_CHANNEL.cmd_b_queue/inst/fifo_gen_inst/inst_fifo_gen/gconvfifo.rf/grf.rf/gntv_or_sync_fifo.mem/gdm.dm_gen.dm/RAM_reg_0_31_6_8/RAMD/ADR4
  -------------------------------------------------------------------    -------------------

                         (clock clk_out1_xlnx_clk_gen rise edge)
                                                      0.000     0.000 r  
    K17                                               0.000     0.000 r  clk_sys (IN)
                         net (fo=0)                   0.000     0.000    i_xlnx_clk_gen/inst/clk_in1
    K17                  IBUF (Prop_ibuf_I_O)         0.431     0.431 r  i_xlnx_clk_gen/inst/clkin1_ibufg/O
                         net (fo=1, routed)           0.480     0.911    i_xlnx_clk_gen/inst/clk_in1_xlnx_clk_gen
    MMCME2_ADV_X1Y2      MMCME2_ADV (Prop_mmcme2_adv_CLKIN1_CLKOUT0)
                                                     -3.407    -2.496 r  i_xlnx_clk_gen/inst/mmcm_adv_inst/CLKOUT0
                         net (fo=1, routed)           0.752    -1.744    i_xlnx_clk_gen/inst/clk_out1_xlnx_clk_gen
    BUFGCTRL_X0Y16       BUFG (Prop_bufg_I_O)         0.029    -1.715 r  i_xlnx_clk_gen/inst/clkout1_buf/O
                         net (fo=16470, routed)       0.884    -0.831    i_axi_dwidth_converter_dm_slave/inst/gen_downsizer.gen_simple_downsizer.axi_downsizer_inst/USE_WRITE.write_addr_inst/USE_B_CHANNEL.cmd_b_queue/inst/fifo_gen_inst/inst_fifo_gen/gconvfifo.rf/grf.rf/gntv_or_sync_fifo.mem/gdm.dm_gen.dm/RAM_reg_0_31_6_8/WCLK
    SLICE_X104Y3         RAMS32                                       r  i_axi_dwidth_converter_dm_slave/inst/gen_downsizer.gen_simple_downsizer.axi_downsizer_inst/USE_WRITE.write_addr_inst/USE_B_CHANNEL.cmd_b_queue/inst/fifo_gen_inst/inst_fifo_gen/gconvfifo.rf/grf.rf/gntv_or_sync_fifo.mem/gdm.dm_gen.dm/RAM_reg_0_31_6_8/RAMD/CLK
                         clock pessimism              0.251    -0.581    
    SLICE_X104Y3         RAMS32 (Hold_rams32_CLK_ADR4)
                                                      0.200    -0.381    i_axi_dwidth_converter_dm_slave/inst/gen_downsizer.gen_simple_downsizer.axi_downsizer_inst/USE_WRITE.write_addr_inst/USE_B_CHANNEL.cmd_b_queue/inst/fifo_gen_inst/inst_fifo_gen/gconvfifo.rf/grf.rf/gntv_or_sync_fifo.mem/gdm.dm_gen.dm/RAM_reg_0_31_6_8/RAMD
  -------------------------------------------------------------------
                         required time                          0.381    
                         arrival time                          -0.349    
  -------------------------------------------------------------------
                         slack                                  0.031    

Slack (MET) :             0.031ns  (arrival time - required time)
  Source:                 i_axi_dwidth_converter_dm_slave/inst/gen_downsizer.gen_simple_downsizer.axi_downsizer_inst/USE_WRITE.write_addr_inst/USE_B_CHANNEL.cmd_b_queue/inst/fifo_gen_inst/inst_fifo_gen/gconvfifo.rf/grf.rf/gntv_or_sync_fifo.gl0.wr/wpntr/gcc0.gc0.count_d1_reg[4]/C
                            (rising edge-triggered cell FDCE clocked by clk_out1_xlnx_clk_gen  {rise@0.000ns fall@10.000ns period=20.000ns})
  Destination:            i_axi_dwidth_converter_dm_slave/inst/gen_downsizer.gen_simple_downsizer.axi_downsizer_inst/USE_WRITE.write_addr_inst/USE_B_CHANNEL.cmd_b_queue/inst/fifo_gen_inst/inst_fifo_gen/gconvfifo.rf/grf.rf/gntv_or_sync_fifo.mem/gdm.dm_gen.dm/RAM_reg_0_31_6_8/RAMD_D1/ADR4
                            (rising edge-triggered cell RAMS32 clocked by clk_out1_xlnx_clk_gen  {rise@0.000ns fall@10.000ns period=20.000ns})
  Path Group:             clk_out1_xlnx_clk_gen
  Path Type:              Hold (Min at Fast Process Corner)
  Requirement:            0.000ns  (clk_out1_xlnx_clk_gen rise@0.000ns - clk_out1_xlnx_clk_gen rise@0.000ns)
  Data Path Delay:        0.244ns  (logic 0.141ns (57.706%)  route 0.103ns (42.294%))
  Logic Levels:           0  
  Clock Path Skew:        0.013ns (DCD - SCD - CPR)
    Destination Clock Delay (DCD):    -0.831ns
    Source Clock Delay      (SCD):    -0.594ns
    Clock Pessimism Removal (CPR):    -0.251ns

    Location             Delay type                Incr(ns)  Path(ns)    Netlist Resource(s)
  -------------------------------------------------------------------    -------------------
                         (clock clk_out1_xlnx_clk_gen rise edge)
                                                      0.000     0.000 r  
    K17                                               0.000     0.000 r  clk_sys (IN)
                         net (fo=0)                   0.000     0.000    i_xlnx_clk_gen/inst/clk_in1
    K17                  IBUF (Prop_ibuf_I_O)         0.243     0.243 r  i_xlnx_clk_gen/inst/clkin1_ibufg/O
                         net (fo=1, routed)           0.440     0.683    i_xlnx_clk_gen/inst/clk_in1_xlnx_clk_gen
    MMCME2_ADV_X1Y2      MMCME2_ADV (Prop_mmcme2_adv_CLKIN1_CLKOUT0)
                                                     -2.613    -1.930 r  i_xlnx_clk_gen/inst/mmcm_adv_inst/CLKOUT0
                         net (fo=1, routed)           0.696    -1.233    i_xlnx_clk_gen/inst/clk_out1_xlnx_clk_gen
    BUFGCTRL_X0Y16       BUFG (Prop_bufg_I_O)         0.026    -1.207 r  i_xlnx_clk_gen/inst/clkout1_buf/O
                         net (fo=16470, routed)       0.614    -0.594    i_axi_dwidth_converter_dm_slave/inst/gen_downsizer.gen_simple_downsizer.axi_downsizer_inst/USE_WRITE.write_addr_inst/USE_B_CHANNEL.cmd_b_queue/inst/fifo_gen_inst/inst_fifo_gen/gconvfifo.rf/grf.rf/gntv_or_sync_fifo.gl0.wr/wpntr/clk
    SLICE_X105Y3         FDCE                                         r  i_axi_dwidth_converter_dm_slave/inst/gen_downsizer.gen_simple_downsizer.axi_downsizer_inst/USE_WRITE.write_addr_inst/USE_B_CHANNEL.cmd_b_queue/inst/fifo_gen_inst/inst_fifo_gen/gconvfifo.rf/grf.rf/gntv_or_sync_fifo.gl0.wr/wpntr/gcc0.gc0.count_d1_reg[4]/C
  -------------------------------------------------------------------    -------------------
    SLICE_X105Y3         FDCE (Prop_fdce_C_Q)         0.141    -0.453 r  i_axi_dwidth_converter_dm_slave/inst/gen_downsizer.gen_simple_downsizer.axi_downsizer_inst/USE_WRITE.write_addr_inst/USE_B_CHANNEL.cmd_b_queue/inst/fifo_gen_inst/inst_fifo_gen/gconvfifo.rf/grf.rf/gntv_or_sync_fifo.gl0.wr/wpntr/gcc0.gc0.count_d1_reg[4]/Q
                         net (fo=10, routed)          0.103    -0.349    i_axi_dwidth_converter_dm_slave/inst/gen_downsizer.gen_simple_downsizer.axi_downsizer_inst/USE_WRITE.write_addr_inst/USE_B_CHANNEL.cmd_b_queue/inst/fifo_gen_inst/inst_fifo_gen/gconvfifo.rf/grf.rf/gntv_or_sync_fifo.mem/gdm.dm_gen.dm/RAM_reg_0_31_6_8/ADDRD4
    SLICE_X104Y3         RAMS32                                       r  i_axi_dwidth_converter_dm_slave/inst/gen_downsizer.gen_simple_downsizer.axi_downsizer_inst/USE_WRITE.write_addr_inst/USE_B_CHANNEL.cmd_b_queue/inst/fifo_gen_inst/inst_fifo_gen/gconvfifo.rf/grf.rf/gntv_or_sync_fifo.mem/gdm.dm_gen.dm/RAM_reg_0_31_6_8/RAMD_D1/ADR4
  -------------------------------------------------------------------    -------------------

                         (clock clk_out1_xlnx_clk_gen rise edge)
                                                      0.000     0.000 r  
    K17                                               0.000     0.000 r  clk_sys (IN)
                         net (fo=0)                   0.000     0.000    i_xlnx_clk_gen/inst/clk_in1
    K17                  IBUF (Prop_ibuf_I_O)         0.431     0.431 r  i_xlnx_clk_gen/inst/clkin1_ibufg/O
                         net (fo=1, routed)           0.480     0.911    i_xlnx_clk_gen/inst/clk_in1_xlnx_clk_gen
    MMCME2_ADV_X1Y2      MMCME2_ADV (Prop_mmcme2_adv_CLKIN1_CLKOUT0)
                                                     -3.407    -2.496 r  i_xlnx_clk_gen/inst/mmcm_adv_inst/CLKOUT0
                         net (fo=1, routed)           0.752    -1.744    i_xlnx_clk_gen/inst/clk_out1_xlnx_clk_gen
    BUFGCTRL_X0Y16       BUFG (Prop_bufg_I_O)         0.029    -1.715 r  i_xlnx_clk_gen/inst/clkout1_buf/O
                         net (fo=16470, routed)       0.884    -0.831    i_axi_dwidth_converter_dm_slave/inst/gen_downsizer.gen_simple_downsizer.axi_downsizer_inst/USE_WRITE.write_addr_inst/USE_B_CHANNEL.cmd_b_queue/inst/fifo_gen_inst/inst_fifo_gen/gconvfifo.rf/grf.rf/gntv_or_sync_fifo.mem/gdm.dm_gen.dm/RAM_reg_0_31_6_8/WCLK
    SLICE_X104Y3         RAMS32                                       r  i_axi_dwidth_converter_dm_slave/inst/gen_downsizer.gen_simple_downsizer.axi_downsizer_inst/USE_WRITE.write_addr_inst/USE_B_CHANNEL.cmd_b_queue/inst/fifo_gen_inst/inst_fifo_gen/gconvfifo.rf/grf.rf/gntv_or_sync_fifo.mem/gdm.dm_gen.dm/RAM_reg_0_31_6_8/RAMD_D1/CLK
                         clock pessimism              0.251    -0.581    
    SLICE_X104Y3         RAMS32 (Hold_rams32_CLK_ADR4)
                                                      0.200    -0.381    i_axi_dwidth_converter_dm_slave/inst/gen_downsizer.gen_simple_downsizer.axi_downsizer_inst/USE_WRITE.write_addr_inst/USE_B_CHANNEL.cmd_b_queue/inst/fifo_gen_inst/inst_fifo_gen/gconvfifo.rf/grf.rf/gntv_or_sync_fifo.mem/gdm.dm_gen.dm/RAM_reg_0_31_6_8/RAMD_D1
  -------------------------------------------------------------------
                         required time                          0.381    
                         arrival time                          -0.349    
  -------------------------------------------------------------------
                         slack                                  0.031    

Slack (MET) :             0.034ns  (arrival time - required time)
  Source:                 i_axi_xbar/i_xbar/gen_slv_port_demux[1].i_axi_demux/gen_demux.i_r_spill_reg/spill_register_flushable_i/gen_spill_reg.a_data_q_reg[data][37]/C
                            (rising edge-triggered cell FDCE clocked by clk_out1_xlnx_clk_gen  {rise@0.000ns fall@10.000ns period=20.000ns})
  Destination:            i_axi_xbar/i_xbar/gen_slv_port_demux[1].i_axi_demux/gen_demux.i_r_spill_reg/spill_register_flushable_i/gen_spill_reg.b_data_q_reg[data][37]/D
                            (rising edge-triggered cell FDCE clocked by clk_out1_xlnx_clk_gen  {rise@0.000ns fall@10.000ns period=20.000ns})
  Path Group:             clk_out1_xlnx_clk_gen
  Path Type:              Hold (Min at Fast Process Corner)
  Requirement:            0.000ns  (clk_out1_xlnx_clk_gen rise@0.000ns - clk_out1_xlnx_clk_gen rise@0.000ns)
  Data Path Delay:        0.368ns  (logic 0.141ns (38.343%)  route 0.227ns (61.657%))
  Logic Levels:           0  
  Clock Path Skew:        0.261ns (DCD - SCD - CPR)
    Destination Clock Delay (DCD):    -0.898ns
    Source Clock Delay      (SCD):    -0.657ns
    Clock Pessimism Removal (CPR):    -0.503ns

    Location             Delay type                Incr(ns)  Path(ns)    Netlist Resource(s)
  -------------------------------------------------------------------    -------------------
                         (clock clk_out1_xlnx_clk_gen rise edge)
                                                      0.000     0.000 r  
    K17                                               0.000     0.000 r  clk_sys (IN)
                         net (fo=0)                   0.000     0.000    i_xlnx_clk_gen/inst/clk_in1
    K17                  IBUF (Prop_ibuf_I_O)         0.243     0.243 r  i_xlnx_clk_gen/inst/clkin1_ibufg/O
                         net (fo=1, routed)           0.440     0.683    i_xlnx_clk_gen/inst/clk_in1_xlnx_clk_gen
    MMCME2_ADV_X1Y2      MMCME2_ADV (Prop_mmcme2_adv_CLKIN1_CLKOUT0)
                                                     -2.613    -1.930 r  i_xlnx_clk_gen/inst/mmcm_adv_inst/CLKOUT0
                         net (fo=1, routed)           0.696    -1.233    i_xlnx_clk_gen/inst/clk_out1_xlnx_clk_gen
    BUFGCTRL_X0Y16       BUFG (Prop_bufg_I_O)         0.026    -1.207 r  i_xlnx_clk_gen/inst/clkout1_buf/O
                         net (fo=16470, routed)       0.551    -0.657    i_axi_xbar/i_xbar/gen_slv_port_demux[1].i_axi_demux/gen_demux.i_r_spill_reg/spill_register_flushable_i/clk_out1
    SLICE_X48Y21         FDCE                                         r  i_axi_xbar/i_xbar/gen_slv_port_demux[1].i_axi_demux/gen_demux.i_r_spill_reg/spill_register_flushable_i/gen_spill_reg.a_data_q_reg[data][37]/C
  -------------------------------------------------------------------    -------------------
    SLICE_X48Y21         FDCE (Prop_fdce_C_Q)         0.141    -0.516 r  i_axi_xbar/i_xbar/gen_slv_port_demux[1].i_axi_demux/gen_demux.i_r_spill_reg/spill_register_flushable_i/gen_spill_reg.a_data_q_reg[data][37]/Q
                         net (fo=2, routed)           0.227    -0.289    i_axi_xbar/i_xbar/gen_slv_port_demux[1].i_axi_demux/gen_demux.i_r_spill_reg/spill_register_flushable_i/gen_spill_reg.a_data_q_reg[data][37]
    SLICE_X51Y17         FDCE                                         r  i_axi_xbar/i_xbar/gen_slv_port_demux[1].i_axi_demux/gen_demux.i_r_spill_reg/spill_register_flushable_i/gen_spill_reg.b_data_q_reg[data][37]/D
  -------------------------------------------------------------------    -------------------

                         (clock clk_out1_xlnx_clk_gen rise edge)
                                                      0.000     0.000 r  
    K17                                               0.000     0.000 r  clk_sys (IN)
                         net (fo=0)                   0.000     0.000    i_xlnx_clk_gen/inst/clk_in1
    K17                  IBUF (Prop_ibuf_I_O)         0.431     0.431 r  i_xlnx_clk_gen/inst/clkin1_ibufg/O
                         net (fo=1, routed)           0.480     0.911    i_xlnx_clk_gen/inst/clk_in1_xlnx_clk_gen
    MMCME2_ADV_X1Y2      MMCME2_ADV (Prop_mmcme2_adv_CLKIN1_CLKOUT0)
                                                     -3.407    -2.496 r  i_xlnx_clk_gen/inst/mmcm_adv_inst/CLKOUT0
                         net (fo=1, routed)           0.752    -1.744    i_xlnx_clk_gen/inst/clk_out1_xlnx_clk_gen
    BUFGCTRL_X0Y16       BUFG (Prop_bufg_I_O)         0.029    -1.715 r  i_xlnx_clk_gen/inst/clkout1_buf/O
                         net (fo=16470, routed)       0.817    -0.898    i_axi_xbar/i_xbar/gen_slv_port_demux[1].i_axi_demux/gen_demux.i_r_spill_reg/spill_register_flushable_i/clk_out1
    SLICE_X51Y17         FDCE                                         r  i_axi_xbar/i_xbar/gen_slv_port_demux[1].i_axi_demux/gen_demux.i_r_spill_reg/spill_register_flushable_i/gen_spill_reg.b_data_q_reg[data][37]/C
                         clock pessimism              0.503    -0.395    
    SLICE_X51Y17         FDCE (Hold_fdce_C_D)         0.072    -0.323    i_axi_xbar/i_xbar/gen_slv_port_demux[1].i_axi_demux/gen_demux.i_r_spill_reg/spill_register_flushable_i/gen_spill_reg.b_data_q_reg[data][37]
  -------------------------------------------------------------------
                         required time                          0.323    
                         arrival time                          -0.289    
  -------------------------------------------------------------------
                         slack                                  0.034    

Slack (MET) :             0.037ns  (arrival time - required time)
  Source:                 i_axi_dwidth_converter_dm_slave/inst/gen_downsizer.gen_simple_downsizer.axi_downsizer_inst/USE_WRITE.write_addr_inst/USE_B_CHANNEL.cmd_b_queue/inst/fifo_gen_inst/inst_fifo_gen/gconvfifo.rf/grf.rf/gntv_or_sync_fifo.gl0.wr/wpntr/gcc0.gc0.count_d1_reg[3]/C
                            (rising edge-triggered cell FDCE clocked by clk_out1_xlnx_clk_gen  {rise@0.000ns fall@10.000ns period=20.000ns})
  Destination:            i_axi_dwidth_converter_dm_slave/inst/gen_downsizer.gen_simple_downsizer.axi_downsizer_inst/USE_WRITE.write_addr_inst/USE_B_CHANNEL.cmd_b_queue/inst/fifo_gen_inst/inst_fifo_gen/gconvfifo.rf/grf.rf/gntv_or_sync_fifo.mem/gdm.dm_gen.dm/RAM_reg_0_31_6_8/RAMA/WADR3
                            (rising edge-triggered cell RAMD32 clocked by clk_out1_xlnx_clk_gen  {rise@0.000ns fall@10.000ns period=20.000ns})
  Path Group:             clk_out1_xlnx_clk_gen
  Path Type:              Hold (Min at Fast Process Corner)
  Requirement:            0.000ns  (clk_out1_xlnx_clk_gen rise@0.000ns - clk_out1_xlnx_clk_gen rise@0.000ns)
  Data Path Delay:        0.290ns  (logic 0.141ns (48.687%)  route 0.149ns (51.313%))
  Logic Levels:           0  
  Clock Path Skew:        0.013ns (DCD - SCD - CPR)
    Destination Clock Delay (DCD):    -0.831ns
    Source Clock Delay      (SCD):    -0.594ns
    Clock Pessimism Removal (CPR):    -0.251ns

    Location             Delay type                Incr(ns)  Path(ns)    Netlist Resource(s)
  -------------------------------------------------------------------    -------------------
                         (clock clk_out1_xlnx_clk_gen rise edge)
                                                      0.000     0.000 r  
    K17                                               0.000     0.000 r  clk_sys (IN)
                         net (fo=0)                   0.000     0.000    i_xlnx_clk_gen/inst/clk_in1
    K17                  IBUF (Prop_ibuf_I_O)         0.243     0.243 r  i_xlnx_clk_gen/inst/clkin1_ibufg/O
                         net (fo=1, routed)           0.440     0.683    i_xlnx_clk_gen/inst/clk_in1_xlnx_clk_gen
    MMCME2_ADV_X1Y2      MMCME2_ADV (Prop_mmcme2_adv_CLKIN1_CLKOUT0)
                                                     -2.613    -1.930 r  i_xlnx_clk_gen/inst/mmcm_adv_inst/CLKOUT0
                         net (fo=1, routed)           0.696    -1.233    i_xlnx_clk_gen/inst/clk_out1_xlnx_clk_gen
    BUFGCTRL_X0Y16       BUFG (Prop_bufg_I_O)         0.026    -1.207 r  i_xlnx_clk_gen/inst/clkout1_buf/O
                         net (fo=16470, routed)       0.614    -0.594    i_axi_dwidth_converter_dm_slave/inst/gen_downsizer.gen_simple_downsizer.axi_downsizer_inst/USE_WRITE.write_addr_inst/USE_B_CHANNEL.cmd_b_queue/inst/fifo_gen_inst/inst_fifo_gen/gconvfifo.rf/grf.rf/gntv_or_sync_fifo.gl0.wr/wpntr/clk
    SLICE_X105Y3         FDCE                                         r  i_axi_dwidth_converter_dm_slave/inst/gen_downsizer.gen_simple_downsizer.axi_downsizer_inst/USE_WRITE.write_addr_inst/USE_B_CHANNEL.cmd_b_queue/inst/fifo_gen_inst/inst_fifo_gen/gconvfifo.rf/grf.rf/gntv_or_sync_fifo.gl0.wr/wpntr/gcc0.gc0.count_d1_reg[3]/C
  -------------------------------------------------------------------    -------------------
    SLICE_X105Y3         FDCE (Prop_fdce_C_Q)         0.141    -0.453 r  i_axi_dwidth_converter_dm_slave/inst/gen_downsizer.gen_simple_downsizer.axi_downsizer_inst/USE_WRITE.write_addr_inst/USE_B_CHANNEL.cmd_b_queue/inst/fifo_gen_inst/inst_fifo_gen/gconvfifo.rf/grf.rf/gntv_or_sync_fifo.gl0.wr/wpntr/gcc0.gc0.count_d1_reg[3]/Q
                         net (fo=10, routed)          0.149    -0.304    i_axi_dwidth_converter_dm_slave/inst/gen_downsizer.gen_simple_downsizer.axi_downsizer_inst/USE_WRITE.write_addr_inst/USE_B_CHANNEL.cmd_b_queue/inst/fifo_gen_inst/inst_fifo_gen/gconvfifo.rf/grf.rf/gntv_or_sync_fifo.mem/gdm.dm_gen.dm/RAM_reg_0_31_6_8/ADDRD3
    SLICE_X104Y3         RAMD32                                       r  i_axi_dwidth_converter_dm_slave/inst/gen_downsizer.gen_simple_downsizer.axi_downsizer_inst/USE_WRITE.write_addr_inst/USE_B_CHANNEL.cmd_b_queue/inst/fifo_gen_inst/inst_fifo_gen/gconvfifo.rf/grf.rf/gntv_or_sync_fifo.mem/gdm.dm_gen.dm/RAM_reg_0_31_6_8/RAMA/WADR3
  -------------------------------------------------------------------    -------------------

                         (clock clk_out1_xlnx_clk_gen rise edge)
                                                      0.000     0.000 r  
    K17                                               0.000     0.000 r  clk_sys (IN)
                         net (fo=0)                   0.000     0.000    i_xlnx_clk_gen/inst/clk_in1
    K17                  IBUF (Prop_ibuf_I_O)         0.431     0.431 r  i_xlnx_clk_gen/inst/clkin1_ibufg/O
                         net (fo=1, routed)           0.480     0.911    i_xlnx_clk_gen/inst/clk_in1_xlnx_clk_gen
    MMCME2_ADV_X1Y2      MMCME2_ADV (Prop_mmcme2_adv_CLKIN1_CLKOUT0)
                                                     -3.407    -2.496 r  i_xlnx_clk_gen/inst/mmcm_adv_inst/CLKOUT0
                         net (fo=1, routed)           0.752    -1.744    i_xlnx_clk_gen/inst/clk_out1_xlnx_clk_gen
    BUFGCTRL_X0Y16       BUFG (Prop_bufg_I_O)         0.029    -1.715 r  i_xlnx_clk_gen/inst/clkout1_buf/O
                         net (fo=16470, routed)       0.884    -0.831    i_axi_dwidth_converter_dm_slave/inst/gen_downsizer.gen_simple_downsizer.axi_downsizer_inst/USE_WRITE.write_addr_inst/USE_B_CHANNEL.cmd_b_queue/inst/fifo_gen_inst/inst_fifo_gen/gconvfifo.rf/grf.rf/gntv_or_sync_fifo.mem/gdm.dm_gen.dm/RAM_reg_0_31_6_8/WCLK
    SLICE_X104Y3         RAMD32                                       r  i_axi_dwidth_converter_dm_slave/inst/gen_downsizer.gen_simple_downsizer.axi_downsizer_inst/USE_WRITE.write_addr_inst/USE_B_CHANNEL.cmd_b_queue/inst/fifo_gen_inst/inst_fifo_gen/gconvfifo.rf/grf.rf/gntv_or_sync_fifo.mem/gdm.dm_gen.dm/RAM_reg_0_31_6_8/RAMA/CLK
                         clock pessimism              0.251    -0.581    
    SLICE_X104Y3         RAMD32 (Hold_ramd32_CLK_WADR3)
                                                      0.240    -0.341    i_axi_dwidth_converter_dm_slave/inst/gen_downsizer.gen_simple_downsizer.axi_downsizer_inst/USE_WRITE.write_addr_inst/USE_B_CHANNEL.cmd_b_queue/inst/fifo_gen_inst/inst_fifo_gen/gconvfifo.rf/grf.rf/gntv_or_sync_fifo.mem/gdm.dm_gen.dm/RAM_reg_0_31_6_8/RAMA
  -------------------------------------------------------------------
                         required time                          0.341    
                         arrival time                          -0.304    
  -------------------------------------------------------------------
                         slack                                  0.037    





Pulse Width Checks
--------------------------------------------------------------------------------------
Clock Name:         clk_out1_xlnx_clk_gen
Waveform(ns):       { 0.000 10.000 }
Period(ns):         20.000
Sources:            { i_xlnx_clk_gen/inst/mmcm_adv_inst/CLKOUT0 }

Check Type        Corner  Lib Pin             Reference Pin  Required(ns)  Actual(ns)  Slack(ns)  Location         Pin
Min Period        n/a     RAMB36E1/CLKARDCLK  n/a            2.944         20.000      17.056     RAMB36_X5Y8      i_ariane/i_cva6/ex_stage_i/lsu_i/gen_mmu_sv32.i_cva6_mmu/i_shared_tlb/gen_sram[0].pte_sram/gen_cut[0].i_tc_sram_wrapper/i_ram/Mem_DP_reg/CLKARDCLK
Min Period        n/a     RAMB36E1/CLKBWRCLK  n/a            2.944         20.000      17.056     RAMB36_X5Y8      i_ariane/i_cva6/ex_stage_i/lsu_i/gen_mmu_sv32.i_cva6_mmu/i_shared_tlb/gen_sram[0].pte_sram/gen_cut[0].i_tc_sram_wrapper/i_ram/Mem_DP_reg/CLKBWRCLK
Min Period        n/a     RAMB36E1/CLKARDCLK  n/a            2.944         20.000      17.056     RAMB36_X5Y11     i_ariane/i_cva6/ex_stage_i/lsu_i/gen_mmu_sv32.i_cva6_mmu/i_shared_tlb/gen_sram[0].tag_sram/gen_cut[0].i_tc_sram_wrapper/i_ram/Mem_DP_reg/CLKARDCLK
Min Period        n/a     RAMB36E1/CLKBWRCLK  n/a            2.944         20.000      17.056     RAMB36_X5Y11     i_ariane/i_cva6/ex_stage_i/lsu_i/gen_mmu_sv32.i_cva6_mmu/i_shared_tlb/gen_sram[0].tag_sram/gen_cut[0].i_tc_sram_wrapper/i_ram/Mem_DP_reg/CLKBWRCLK
Min Period        n/a     RAMB36E1/CLKARDCLK  n/a            2.944         20.000      17.056     RAMB36_X5Y9      i_ariane/i_cva6/ex_stage_i/lsu_i/gen_mmu_sv32.i_cva6_mmu/i_shared_tlb/gen_sram[1].pte_sram/gen_cut[0].i_tc_sram_wrapper/i_ram/Mem_DP_reg/CLKARDCLK
Min Period        n/a     RAMB36E1/CLKBWRCLK  n/a            2.944         20.000      17.056     RAMB36_X5Y9      i_ariane/i_cva6/ex_stage_i/lsu_i/gen_mmu_sv32.i_cva6_mmu/i_shared_tlb/gen_sram[1].pte_sram/gen_cut[0].i_tc_sram_wrapper/i_ram/Mem_DP_reg/CLKBWRCLK
Min Period        n/a     RAMB36E1/CLKARDCLK  n/a            2.944         20.000      17.056     RAMB36_X5Y10     i_ariane/i_cva6/ex_stage_i/lsu_i/gen_mmu_sv32.i_cva6_mmu/i_shared_tlb/gen_sram[1].tag_sram/gen_cut[0].i_tc_sram_wrapper/i_ram/Mem_DP_reg/CLKARDCLK
Min Period        n/a     RAMB36E1/CLKBWRCLK  n/a            2.944         20.000      17.056     RAMB36_X5Y10     i_ariane/i_cva6/ex_stage_i/lsu_i/gen_mmu_sv32.i_cva6_mmu/i_shared_tlb/gen_sram[1].tag_sram/gen_cut[0].i_tc_sram_wrapper/i_ram/Mem_DP_reg/CLKBWRCLK
Min Period        n/a     RAMB36E1/CLKARDCLK  n/a            2.944         20.000      17.056     RAMB36_X3Y12     i_ariane/i_cva6/gen_cache_wt.i_cache_subsystem/i_cva6_icache/gen_sram[0].data_sram/gen_cut[0].i_tc_sram_wrapper/i_ram/Mem_DP_reg/CLKARDCLK
Min Period        n/a     RAMB36E1/CLKBWRCLK  n/a            2.944         20.000      17.056     RAMB36_X3Y12     i_ariane/i_cva6/gen_cache_wt.i_cache_subsystem/i_cva6_icache/gen_sram[0].data_sram/gen_cut[0].i_tc_sram_wrapper/i_ram/Mem_DP_reg/CLKBWRCLK
Max Period        n/a     MMCME2_ADV/CLKOUT0  n/a            213.360       20.000      193.360    MMCME2_ADV_X1Y2  i_xlnx_clk_gen/inst/mmcm_adv_inst/CLKOUT0
Low Pulse Width   Slow    RAMD32/CLK          n/a            1.250         10.000      8.750      SLICE_X46Y64     i_ariane/gen_example_coprocessor.i_cvxif_coprocessor/fifo_commit_i/gen_fpga_queue.fifo_ram/mem_reg_0_7_0_5/DP/CLK
Low Pulse Width   Fast    RAMD32/CLK          n/a            1.250         10.000      8.750      SLICE_X46Y64     i_ariane/gen_example_coprocessor.i_cvxif_coprocessor/fifo_commit_i/gen_fpga_queue.fifo_ram/mem_reg_0_7_0_5/DP/CLK
Low Pulse Width   Slow    RAMD32/CLK          n/a            1.250         10.000      8.750      SLICE_X46Y64     i_ariane/gen_example_coprocessor.i_cvxif_coprocessor/fifo_commit_i/gen_fpga_queue.fifo_ram/mem_reg_0_7_0_5/SP/CLK
Low Pulse Width   Fast    RAMD32/CLK          n/a            1.250         10.000      8.750      SLICE_X46Y64     i_ariane/gen_example_coprocessor.i_cvxif_coprocessor/fifo_commit_i/gen_fpga_queue.fifo_ram/mem_reg_0_7_0_5/SP/CLK
Low Pulse Width   Slow    RAMD32/CLK          n/a            1.250         10.000      8.750      SLICE_X38Y70     i_ariane/gen_example_coprocessor.i_cvxif_coprocessor/fifo_commit_i/gen_fpga_queue.fifo_ram/mem_reg_0_7_102_107/RAMA/CLK
Low Pulse Width   Fast    RAMD32/CLK          n/a            1.250         10.000      8.750      SLICE_X38Y70     i_ariane/gen_example_coprocessor.i_cvxif_coprocessor/fifo_commit_i/gen_fpga_queue.fifo_ram/mem_reg_0_7_102_107/RAMA/CLK
Low Pulse Width   Slow    RAMD32/CLK          n/a            1.250         10.000      8.750      SLICE_X38Y70     i_ariane/gen_example_coprocessor.i_cvxif_coprocessor/fifo_commit_i/gen_fpga_queue.fifo_ram/mem_reg_0_7_102_107/RAMA_D1/CLK
Low Pulse Width   Fast    RAMD32/CLK          n/a            1.250         10.000      8.750      SLICE_X38Y70     i_ariane/gen_example_coprocessor.i_cvxif_coprocessor/fifo_commit_i/gen_fpga_queue.fifo_ram/mem_reg_0_7_102_107/RAMA_D1/CLK
Low Pulse Width   Slow    RAMD32/CLK          n/a            1.250         10.000      8.750      SLICE_X38Y70     i_ariane/gen_example_coprocessor.i_cvxif_coprocessor/fifo_commit_i/gen_fpga_queue.fifo_ram/mem_reg_0_7_102_107/RAMB/CLK
Low Pulse Width   Fast    RAMD32/CLK          n/a            1.250         10.000      8.750      SLICE_X38Y70     i_ariane/gen_example_coprocessor.i_cvxif_coprocessor/fifo_commit_i/gen_fpga_queue.fifo_ram/mem_reg_0_7_102_107/RAMB/CLK
High Pulse Width  Slow    RAMD32/CLK          n/a            1.250         10.000      8.750      SLICE_X46Y64     i_ariane/gen_example_coprocessor.i_cvxif_coprocessor/fifo_commit_i/gen_fpga_queue.fifo_ram/mem_reg_0_7_0_5/DP/CLK
High Pulse Width  Fast    RAMD32/CLK          n/a            1.250         10.000      8.750      SLICE_X46Y64     i_ariane/gen_example_coprocessor.i_cvxif_coprocessor/fifo_commit_i/gen_fpga_queue.fifo_ram/mem_reg_0_7_0_5/DP/CLK
High Pulse Width  Slow    RAMD32/CLK          n/a            1.250         10.000      8.750      SLICE_X46Y64     i_ariane/gen_example_coprocessor.i_cvxif_coprocessor/fifo_commit_i/gen_fpga_queue.fifo_ram/mem_reg_0_7_0_5/SP/CLK
High Pulse Width  Fast    RAMD32/CLK          n/a            1.250         10.000      8.750      SLICE_X46Y64     i_ariane/gen_example_coprocessor.i_cvxif_coprocessor/fifo_commit_i/gen_fpga_queue.fifo_ram/mem_reg_0_7_0_5/SP/CLK
High Pulse Width  Slow    RAMD32/CLK          n/a            1.250         10.000      8.750      SLICE_X38Y70     i_ariane/gen_example_coprocessor.i_cvxif_coprocessor/fifo_commit_i/gen_fpga_queue.fifo_ram/mem_reg_0_7_102_107/RAMA/CLK
High Pulse Width  Fast    RAMD32/CLK          n/a            1.250         10.000      8.750      SLICE_X38Y70     i_ariane/gen_example_coprocessor.i_cvxif_coprocessor/fifo_commit_i/gen_fpga_queue.fifo_ram/mem_reg_0_7_102_107/RAMA/CLK
High Pulse Width  Slow    RAMD32/CLK          n/a            1.250         10.000      8.750      SLICE_X38Y70     i_ariane/gen_example_coprocessor.i_cvxif_coprocessor/fifo_commit_i/gen_fpga_queue.fifo_ram/mem_reg_0_7_102_107/RAMA_D1/CLK
High Pulse Width  Fast    RAMD32/CLK          n/a            1.250         10.000      8.750      SLICE_X38Y70     i_ariane/gen_example_coprocessor.i_cvxif_coprocessor/fifo_commit_i/gen_fpga_queue.fifo_ram/mem_reg_0_7_102_107/RAMA_D1/CLK
High Pulse Width  Slow    RAMD32/CLK          n/a            1.250         10.000      8.750      SLICE_X38Y70     i_ariane/gen_example_coprocessor.i_cvxif_coprocessor/fifo_commit_i/gen_fpga_queue.fifo_ram/mem_reg_0_7_102_107/RAMB/CLK
High Pulse Width  Fast    RAMD32/CLK          n/a            1.250         10.000      8.750      SLICE_X38Y70     i_ariane/gen_example_coprocessor.i_cvxif_coprocessor/fifo_commit_i/gen_fpga_queue.fifo_ram/mem_reg_0_7_102_107/RAMB/CLK



---------------------------------------------------------------------------------------------------
From Clock:  clkfbout_xlnx_clk_gen
  To Clock:  clkfbout_xlnx_clk_gen

Setup :           NA  Failing Endpoints,  Worst Slack           NA  ,  Total Violation           NA
Hold  :           NA  Failing Endpoints,  Worst Slack           NA  ,  Total Violation           NA
PW    :            0  Failing Endpoints,  Worst Slack        5.845ns,  Total Violation        0.000ns
---------------------------------------------------------------------------------------------------


Pulse Width Checks
--------------------------------------------------------------------------------------
Clock Name:         clkfbout_xlnx_clk_gen
Waveform(ns):       { 0.000 4.000 }
Period(ns):         8.000
Sources:            { i_xlnx_clk_gen/inst/mmcm_adv_inst/CLKFBOUT }

Check Type  Corner  Lib Pin              Reference Pin  Required(ns)  Actual(ns)  Slack(ns)  Location         Pin
Min Period  n/a     BUFG/I               n/a            2.155         8.000       5.845      BUFGCTRL_X0Y17   i_xlnx_clk_gen/inst/clkf_buf/I
Min Period  n/a     MMCME2_ADV/CLKFBOUT  n/a            1.249         8.000       6.751      MMCME2_ADV_X1Y2  i_xlnx_clk_gen/inst/mmcm_adv_inst/CLKFBOUT
Min Period  n/a     MMCME2_ADV/CLKFBIN   n/a            1.249         8.000       6.751      MMCME2_ADV_X1Y2  i_xlnx_clk_gen/inst/mmcm_adv_inst/CLKFBIN
Max Period  n/a     MMCME2_ADV/CLKFBIN   n/a            100.000       8.000       92.000     MMCME2_ADV_X1Y2  i_xlnx_clk_gen/inst/mmcm_adv_inst/CLKFBIN
Max Period  n/a     MMCME2_ADV/CLKFBOUT  n/a            213.360       8.000       205.360    MMCME2_ADV_X1Y2  i_xlnx_clk_gen/inst/mmcm_adv_inst/CLKFBOUT



---------------------------------------------------------------------------------------------------
From Clock:  tck
  To Clock:  tck

Setup :            0  Failing Endpoints,  Worst Slack        1.080ns,  Total Violation        0.000ns
Hold  :            0  Failing Endpoints,  Worst Slack        0.140ns,  Total Violation        0.000ns
PW    :            0  Failing Endpoints,  Worst Slack       49.500ns,  Total Violation        0.000ns
---------------------------------------------------------------------------------------------------


Max Delay Paths
--------------------------------------------------------------------------------------
Slack (MET) :             1.080ns  (required time - arrival time)
  Source:                 i_dmi_jtag/i_dmi_jtag_tap/td_o_reg/C
                            (falling edge-triggered cell FDCE clocked by tck  {rise@0.000ns fall@50.000ns period=100.000ns})
  Destination:            tdo
                            (output port clocked by tck  {rise@0.000ns fall@50.000ns period=100.000ns})
  Path Group:             tck
  Path Type:              Max at Slow Process Corner
  Requirement:            20.000ns  (MaxDelay Path 20.000ns)
  Data Path Delay:        6.299ns  (logic 4.015ns (63.751%)  route 2.283ns (36.249%))
  Logic Levels:           1  (OBUF=1)
  Output Delay:           5.000ns
  Clock Path Skew:        -7.120ns (DCD - SCD + CPR)
    Destination Clock Delay (DCD):    0.000ns
    Source Clock Delay      (SCD):    7.120ns
    Clock Pessimism Removal (CPR):    0.000ns
  Clock Uncertainty:      0.501ns  ((TSJ^2 + TIJ^2)^1/2 + DJ) / 2 + PE
    Total System Jitter     (TSJ):    0.071ns
    Total Input Jitter      (TIJ):    1.000ns
    Discrete Jitter          (DJ):    0.000ns
    Phase Error              (PE):    0.000ns
  Timing Exception:       MaxDelay Path 20.000ns

    Location             Delay type                Incr(ns)  Path(ns)    Netlist Resource(s)
  -------------------------------------------------------------------    -------------------
                         (clock tck fall edge)        0.000     0.000 f  
    H15                                               0.000     0.000 f  tck (IN)
                         net (fo=0)                   0.000     0.000    tck
    H15                  IBUF (Prop_ibuf_I_O)         1.500     1.500 f  tck_IBUF_inst/O
                         net (fo=1, routed)           3.659     5.159    tck_IBUF
    BUFGCTRL_X0Y0        BUFG (Prop_bufg_I_O)         0.101     5.260 f  tck_IBUF_BUFG_inst/O
                         net (fo=258, routed)         1.860     7.120    i_dmi_jtag/i_dmi_jtag_tap/tck_ni
    SLICE_X111Y83        FDCE                                         r  i_dmi_jtag/i_dmi_jtag_tap/td_o_reg/C  (IS_INVERTED)
  -------------------------------------------------------------------    -------------------
    SLICE_X111Y83        FDCE (Prop_fdce_C_Q)         0.459     7.579 r  i_dmi_jtag/i_dmi_jtag_tap/td_o_reg/Q
                         net (fo=1, routed)           2.283     9.863    tdo_OBUF
    J15                  OBUF (Prop_obuf_I_O)         3.556    13.419 r  tdo_OBUF_inst/O
                         net (fo=0)                   0.000    13.419    tdo
    J15                                                               r  tdo (OUT)
  -------------------------------------------------------------------    -------------------

                         max delay                   20.000    20.000    
                         clock pessimism              0.000    20.000    
                         clock uncertainty           -0.501    19.499    
                         output delay                -5.000    14.499    
  -------------------------------------------------------------------
                         required time                         14.499    
                         arrival time                         -13.419    
  -------------------------------------------------------------------
                         slack                                  1.080    

Slack (MET) :             15.262ns  (required time - arrival time)
  Source:                 tdi
                            (input port clocked by tck  {rise@0.000ns fall@50.000ns period=100.000ns})
  Destination:            i_dmi_jtag/i_dmi_jtag_tap/dtmcs_q_reg[zero1][31]/D
                            (rising edge-triggered cell FDCE clocked by tck  {rise@0.000ns fall@50.000ns period=100.000ns})
  Path Group:             tck
  Path Type:              Setup (Max at Fast Process Corner)
  Requirement:            20.000ns  (MaxDelay Path 20.000ns)
  Data Path Delay:        1.562ns  (logic 0.506ns (32.410%)  route 1.056ns (67.590%))
  Logic Levels:           2  (IBUF=1 LUT2=1)
  Input Delay:            5.000ns
  Clock Path Skew:        2.447ns (DCD - SCD + CPR)
    Destination Clock Delay (DCD):    2.447ns
    Source Clock Delay      (SCD):    0.000ns
    Clock Pessimism Removal (CPR):    0.000ns
  Clock Uncertainty:      0.501ns  ((TSJ^2 + TIJ^2)^1/2 + DJ) / 2 + PE
    Total System Jitter     (TSJ):    0.071ns
    Total Input Jitter      (TIJ):    1.000ns
    Discrete Jitter          (DJ):    0.000ns
    Phase Error              (PE):    0.000ns
  Timing Exception:       MaxDelay Path 20.000ns

    Location             Delay type                Incr(ns)  Path(ns)    Netlist Resource(s)
  -------------------------------------------------------------------    -------------------
                         (clock tck fall edge)        0.000     0.000 f  
                         input delay                  5.000     5.000    
    W16                                               0.000     5.000 r  tdi (IN)
                         net (fo=0)                   0.000     5.000    tdi
    W16                  IBUF (Prop_ibuf_I_O)         0.454     5.454 r  tdi_IBUF_inst/O
                         net (fo=5, routed)           0.846     6.300    i_dmi_jtag/i_dmi_jtag_tap/tdi_IBUF
    SLICE_X109Y37        LUT2 (Prop_lut2_I0_O)        0.052     6.352 r  i_dmi_jtag/i_dmi_jtag_tap/dtmcs_q[zero1][31]_i_1/O
                         net (fo=1, routed)           0.210     6.562    i_dmi_jtag/i_dmi_jtag_tap/dtmcs_d[zero1][31]
    SLICE_X108Y39        FDCE                                         r  i_dmi_jtag/i_dmi_jtag_tap/dtmcs_q_reg[zero1][31]/D
  -------------------------------------------------------------------    -------------------

                         max delay                   20.000    20.000    
    H15                                               0.000    20.000 r  tck (IN)
                         net (fo=0)                   0.000    20.000    tck
    H15                  IBUF (Prop_ibuf_I_O)         0.268    20.268 r  tck_IBUF_inst/O
                         net (fo=1, routed)           1.516    21.784    tck_IBUF
    BUFGCTRL_X0Y0        BUFG (Prop_bufg_I_O)         0.026    21.810 r  tck_IBUF_BUFG_inst/O
                         net (fo=258, routed)         0.637    22.447    i_dmi_jtag/i_dmi_jtag_tap/CLK
    SLICE_X108Y39        FDCE                                         r  i_dmi_jtag/i_dmi_jtag_tap/dtmcs_q_reg[zero1][31]/C
                         clock pessimism              0.000    22.447    
                         clock uncertainty           -0.501    21.945    
    SLICE_X108Y39        FDCE (Setup_fdce_C_D)       -0.121    21.824    i_dmi_jtag/i_dmi_jtag_tap/dtmcs_q_reg[zero1][31]
  -------------------------------------------------------------------
                         required time                         21.824    
                         arrival time                          -6.562    
  -------------------------------------------------------------------
                         slack                                 15.262    

Slack (MET) :             15.352ns  (required time - arrival time)
  Source:                 tdi
                            (input port clocked by tck  {rise@0.000ns fall@50.000ns period=100.000ns})
  Destination:            i_dmi_jtag/i_dmi_jtag_tap/bypass_q_reg/D
                            (rising edge-triggered cell FDCE clocked by tck  {rise@0.000ns fall@50.000ns period=100.000ns})
  Path Group:             tck
  Path Type:              Setup (Max at Fast Process Corner)
  Requirement:            20.000ns  (MaxDelay Path 20.000ns)
  Data Path Delay:        1.625ns  (logic 0.510ns (31.413%)  route 1.114ns (68.587%))
  Logic Levels:           2  (IBUF=1 LUT6=1)
  Input Delay:            5.000ns
  Clock Path Skew:        2.443ns (DCD - SCD + CPR)
    Destination Clock Delay (DCD):    2.443ns
    Source Clock Delay      (SCD):    0.000ns
    Clock Pessimism Removal (CPR):    0.000ns
  Clock Uncertainty:      0.501ns  ((TSJ^2 + TIJ^2)^1/2 + DJ) / 2 + PE
    Total System Jitter     (TSJ):    0.071ns
    Total Input Jitter      (TIJ):    1.000ns
    Discrete Jitter          (DJ):    0.000ns
    Phase Error              (PE):    0.000ns
  Timing Exception:       MaxDelay Path 20.000ns

    Location             Delay type                Incr(ns)  Path(ns)    Netlist Resource(s)
  -------------------------------------------------------------------    -------------------
                         (clock tck fall edge)        0.000     0.000 f  
                         input delay                  5.000     5.000    
    W16                                               0.000     5.000 r  tdi (IN)
                         net (fo=0)                   0.000     5.000    tdi
    W16                  IBUF (Prop_ibuf_I_O)         0.454     5.454 r  tdi_IBUF_inst/O
                         net (fo=5, routed)           1.114     6.569    i_dmi_jtag/i_dmi_jtag_tap/tdi_IBUF
    SLICE_X112Y83        LUT6 (Prop_lut6_I0_O)        0.056     6.625 r  i_dmi_jtag/i_dmi_jtag_tap/bypass_q_i_1/O
                         net (fo=1, routed)           0.000     6.625    i_dmi_jtag/i_dmi_jtag_tap/bypass_q_i_1_n_1
    SLICE_X112Y83        FDCE                                         r  i_dmi_jtag/i_dmi_jtag_tap/bypass_q_reg/D
  -------------------------------------------------------------------    -------------------

                         max delay                   20.000    20.000    
    H15                                               0.000    20.000 r  tck (IN)
                         net (fo=0)                   0.000    20.000    tck
    H15                  IBUF (Prop_ibuf_I_O)         0.268    20.268 r  tck_IBUF_inst/O
                         net (fo=1, routed)           1.516    21.784    tck_IBUF
    BUFGCTRL_X0Y0        BUFG (Prop_bufg_I_O)         0.026    21.810 r  tck_IBUF_BUFG_inst/O
                         net (fo=258, routed)         0.633    22.443    i_dmi_jtag/i_dmi_jtag_tap/CLK
    SLICE_X112Y83        FDCE                                         r  i_dmi_jtag/i_dmi_jtag_tap/bypass_q_reg/C
                         clock pessimism              0.000    22.443    
                         clock uncertainty           -0.501    21.942    
    SLICE_X112Y83        FDCE (Setup_fdce_C_D)        0.035    21.977    i_dmi_jtag/i_dmi_jtag_tap/bypass_q_reg
  -------------------------------------------------------------------
                         required time                         21.977    
                         arrival time                          -6.625    
  -------------------------------------------------------------------
                         slack                                 15.352    

Slack (MET) :             15.442ns  (required time - arrival time)
  Source:                 tdi
                            (input port clocked by tck  {rise@0.000ns fall@50.000ns period=100.000ns})
  Destination:            i_dmi_jtag/i_dmi_jtag_tap/idcode_q_reg[31]/D
                            (rising edge-triggered cell FDCE clocked by tck  {rise@0.000ns fall@50.000ns period=100.000ns})
  Path Group:             tck
  Path Type:              Setup (Max at Fast Process Corner)
  Requirement:            20.000ns  (MaxDelay Path 20.000ns)
  Data Path Delay:        1.536ns  (logic 0.510ns (33.237%)  route 1.025ns (66.763%))
  Logic Levels:           2  (IBUF=1 LUT6=1)
  Input Delay:            5.000ns
  Clock Path Skew:        2.444ns (DCD - SCD + CPR)
    Destination Clock Delay (DCD):    2.444ns
    Source Clock Delay      (SCD):    0.000ns
    Clock Pessimism Removal (CPR):    0.000ns
  Clock Uncertainty:      0.501ns  ((TSJ^2 + TIJ^2)^1/2 + DJ) / 2 + PE
    Total System Jitter     (TSJ):    0.071ns
    Total Input Jitter      (TIJ):    1.000ns
    Discrete Jitter          (DJ):    0.000ns
    Phase Error              (PE):    0.000ns
  Timing Exception:       MaxDelay Path 20.000ns

    Location             Delay type                Incr(ns)  Path(ns)    Netlist Resource(s)
  -------------------------------------------------------------------    -------------------
                         (clock tck fall edge)        0.000     0.000 f  
                         input delay                  5.000     5.000    
    W16                                               0.000     5.000 r  tdi (IN)
                         net (fo=0)                   0.000     5.000    tdi
    W16                  IBUF (Prop_ibuf_I_O)         0.454     5.454 r  tdi_IBUF_inst/O
                         net (fo=5, routed)           1.025     6.480    i_dmi_jtag/i_dmi_jtag_tap/tdi_IBUF
    SLICE_X112Y85        LUT6 (Prop_lut6_I5_O)        0.056     6.536 r  i_dmi_jtag/i_dmi_jtag_tap/idcode_q[31]_i_2/O
                         net (fo=1, routed)           0.000     6.536    i_dmi_jtag/i_dmi_jtag_tap/idcode_d[31]
    SLICE_X112Y85        FDCE                                         r  i_dmi_jtag/i_dmi_jtag_tap/idcode_q_reg[31]/D
  -------------------------------------------------------------------    -------------------

                         max delay                   20.000    20.000    
    H15                                               0.000    20.000 r  tck (IN)
                         net (fo=0)                   0.000    20.000    tck
    H15                  IBUF (Prop_ibuf_I_O)         0.268    20.268 r  tck_IBUF_inst/O
                         net (fo=1, routed)           1.516    21.784    tck_IBUF
    BUFGCTRL_X0Y0        BUFG (Prop_bufg_I_O)         0.026    21.810 r  tck_IBUF_BUFG_inst/O
                         net (fo=258, routed)         0.634    22.444    i_dmi_jtag/i_dmi_jtag_tap/CLK
    SLICE_X112Y85        FDCE                                         r  i_dmi_jtag/i_dmi_jtag_tap/idcode_q_reg[31]/C
                         clock pessimism              0.000    22.444    
                         clock uncertainty           -0.501    21.943    
    SLICE_X112Y85        FDCE (Setup_fdce_C_D)        0.035    21.978    i_dmi_jtag/i_dmi_jtag_tap/idcode_q_reg[31]
  -------------------------------------------------------------------
                         required time                         21.978    
                         arrival time                          -6.536    
  -------------------------------------------------------------------
                         slack                                 15.442    

Slack (MET) :             15.465ns  (required time - arrival time)
  Source:                 tms
                            (input port clocked by tck  {rise@0.000ns fall@50.000ns period=100.000ns})
  Destination:            i_dmi_jtag/i_dmi_jtag_tap/FSM_onehot_tap_state_q_reg[14]/D
                            (rising edge-triggered cell FDCE clocked by tck  {rise@0.000ns fall@50.000ns period=100.000ns})
  Path Group:             tck
  Path Type:              Setup (Max at Fast Process Corner)
  Requirement:            20.000ns  (MaxDelay Path 20.000ns)
  Data Path Delay:        1.491ns  (logic 0.558ns (37.432%)  route 0.933ns (62.568%))
  Logic Levels:           2  (IBUF=1 LUT2=1)
  Input Delay:            5.000ns
  Clock Path Skew:        2.443ns (DCD - SCD + CPR)
    Destination Clock Delay (DCD):    2.443ns
    Source Clock Delay      (SCD):    0.000ns
    Clock Pessimism Removal (CPR):    0.000ns
  Clock Uncertainty:      0.501ns  ((TSJ^2 + TIJ^2)^1/2 + DJ) / 2 + PE
    Total System Jitter     (TSJ):    0.071ns
    Total Input Jitter      (TIJ):    1.000ns
    Discrete Jitter          (DJ):    0.000ns
    Phase Error              (PE):    0.000ns
  Timing Exception:       MaxDelay Path 20.000ns

    Location             Delay type                Incr(ns)  Path(ns)    Netlist Resource(s)
  -------------------------------------------------------------------    -------------------
                         (clock tck fall edge)        0.000     0.000 f  
                         input delay                  5.000     5.000    
    V12                                               0.000     5.000 r  tms (IN)
                         net (fo=0)                   0.000     5.000    tms
    V12                  IBUF (Prop_ibuf_I_O)         0.502     5.502 r  tms_IBUF_inst/O
                         net (fo=16, routed)          0.933     6.435    i_dmi_jtag/i_dmi_jtag_tap/tms_IBUF
    SLICE_X110Y83        LUT2 (Prop_lut2_I1_O)        0.056     6.491 r  i_dmi_jtag/i_dmi_jtag_tap/FSM_onehot_tap_state_q[14]_i_1/O
                         net (fo=1, routed)           0.000     6.491    i_dmi_jtag/i_dmi_jtag_tap/FSM_onehot_tap_state_q[14]_i_1_n_1
    SLICE_X110Y83        FDCE                                         r  i_dmi_jtag/i_dmi_jtag_tap/FSM_onehot_tap_state_q_reg[14]/D
  -------------------------------------------------------------------    -------------------

                         max delay                   20.000    20.000    
    H15                                               0.000    20.000 r  tck (IN)
                         net (fo=0)                   0.000    20.000    tck
    H15                  IBUF (Prop_ibuf_I_O)         0.268    20.268 r  tck_IBUF_inst/O
                         net (fo=1, routed)           1.516    21.784    tck_IBUF
    BUFGCTRL_X0Y0        BUFG (Prop_bufg_I_O)         0.026    21.810 r  tck_IBUF_BUFG_inst/O
                         net (fo=258, routed)         0.633    22.443    i_dmi_jtag/i_dmi_jtag_tap/CLK
    SLICE_X110Y83        FDCE                                         r  i_dmi_jtag/i_dmi_jtag_tap/FSM_onehot_tap_state_q_reg[14]/C
                         clock pessimism              0.000    22.443    
                         clock uncertainty           -0.501    21.942    
    SLICE_X110Y83        FDCE (Setup_fdce_C_D)        0.014    21.956    i_dmi_jtag/i_dmi_jtag_tap/FSM_onehot_tap_state_q_reg[14]
  -------------------------------------------------------------------
                         required time                         21.956    
                         arrival time                          -6.491    
  -------------------------------------------------------------------
                         slack                                 15.465    

Slack (MET) :             15.488ns  (required time - arrival time)
  Source:                 tms
                            (input port clocked by tck  {rise@0.000ns fall@50.000ns period=100.000ns})
  Destination:            i_dmi_jtag/i_dmi_jtag_tap/FSM_onehot_tap_state_q_reg[1]/D
                            (rising edge-triggered cell FDCE clocked by tck  {rise@0.000ns fall@50.000ns period=100.000ns})
  Path Group:             tck
  Path Type:              Setup (Max at Fast Process Corner)
  Requirement:            20.000ns  (MaxDelay Path 20.000ns)
  Data Path Delay:        1.490ns  (logic 0.557ns (37.390%)  route 0.933ns (62.610%))
  Logic Levels:           2  (IBUF=1 LUT4=1)
  Input Delay:            5.000ns
  Clock Path Skew:        2.443ns (DCD - SCD + CPR)
    Destination Clock Delay (DCD):    2.443ns
    Source Clock Delay      (SCD):    0.000ns
    Clock Pessimism Removal (CPR):    0.000ns
  Clock Uncertainty:      0.501ns  ((TSJ^2 + TIJ^2)^1/2 + DJ) / 2 + PE
    Total System Jitter     (TSJ):    0.071ns
    Total Input Jitter      (TIJ):    1.000ns
    Discrete Jitter          (DJ):    0.000ns
    Phase Error              (PE):    0.000ns
  Timing Exception:       MaxDelay Path 20.000ns

    Location             Delay type                Incr(ns)  Path(ns)    Netlist Resource(s)
  -------------------------------------------------------------------    -------------------
                         (clock tck fall edge)        0.000     0.000 f  
                         input delay                  5.000     5.000    
    V12                                               0.000     5.000 r  tms (IN)
                         net (fo=0)                   0.000     5.000    tms
    V12                  IBUF (Prop_ibuf_I_O)         0.502     5.502 r  tms_IBUF_inst/O
                         net (fo=16, routed)          0.933     6.435    i_dmi_jtag/i_dmi_jtag_tap/tms_IBUF
    SLICE_X110Y83        LUT4 (Prop_lut4_I3_O)        0.055     6.490 r  i_dmi_jtag/i_dmi_jtag_tap/FSM_onehot_tap_state_q[1]_i_1/O
                         net (fo=1, routed)           0.000     6.490    i_dmi_jtag/i_dmi_jtag_tap/FSM_onehot_tap_state_q[1]_i_1_n_1
    SLICE_X110Y83        FDCE                                         r  i_dmi_jtag/i_dmi_jtag_tap/FSM_onehot_tap_state_q_reg[1]/D
  -------------------------------------------------------------------    -------------------

                         max delay                   20.000    20.000    
    H15                                               0.000    20.000 r  tck (IN)
                         net (fo=0)                   0.000    20.000    tck
    H15                  IBUF (Prop_ibuf_I_O)         0.268    20.268 r  tck_IBUF_inst/O
                         net (fo=1, routed)           1.516    21.784    tck_IBUF
    BUFGCTRL_X0Y0        BUFG (Prop_bufg_I_O)         0.026    21.810 r  tck_IBUF_BUFG_inst/O
                         net (fo=258, routed)         0.633    22.443    i_dmi_jtag/i_dmi_jtag_tap/CLK
    SLICE_X110Y83        FDCE                                         r  i_dmi_jtag/i_dmi_jtag_tap/FSM_onehot_tap_state_q_reg[1]/C
                         clock pessimism              0.000    22.443    
                         clock uncertainty           -0.501    21.942    
    SLICE_X110Y83        FDCE (Setup_fdce_C_D)        0.036    21.978    i_dmi_jtag/i_dmi_jtag_tap/FSM_onehot_tap_state_q_reg[1]
  -------------------------------------------------------------------
                         required time                         21.978    
                         arrival time                          -6.490    
  -------------------------------------------------------------------
                         slack                                 15.488    

Slack (MET) :             15.563ns  (required time - arrival time)
  Source:                 tms
                            (input port clocked by tck  {rise@0.000ns fall@50.000ns period=100.000ns})
  Destination:            i_dmi_jtag/i_dmi_jtag_tap/FSM_onehot_tap_state_q_reg[13]/D
                            (rising edge-triggered cell FDCE clocked by tck  {rise@0.000ns fall@50.000ns period=100.000ns})
  Path Group:             tck
  Path Type:              Setup (Max at Fast Process Corner)
  Requirement:            20.000ns  (MaxDelay Path 20.000ns)
  Data Path Delay:        1.393ns  (logic 0.558ns (40.076%)  route 0.834ns (59.924%))
  Logic Levels:           2  (IBUF=1 LUT3=1)
  Input Delay:            5.000ns
  Clock Path Skew:        2.443ns (DCD - SCD + CPR)
    Destination Clock Delay (DCD):    2.443ns
    Source Clock Delay      (SCD):    0.000ns
    Clock Pessimism Removal (CPR):    0.000ns
  Clock Uncertainty:      0.501ns  ((TSJ^2 + TIJ^2)^1/2 + DJ) / 2 + PE
    Total System Jitter     (TSJ):    0.071ns
    Total Input Jitter      (TIJ):    1.000ns
    Discrete Jitter          (DJ):    0.000ns
    Phase Error              (PE):    0.000ns
  Timing Exception:       MaxDelay Path 20.000ns

    Location             Delay type                Incr(ns)  Path(ns)    Netlist Resource(s)
  -------------------------------------------------------------------    -------------------
                         (clock tck fall edge)        0.000     0.000 f  
                         input delay                  5.000     5.000    
    V12                                               0.000     5.000 f  tms (IN)
                         net (fo=0)                   0.000     5.000    tms
    V12                  IBUF (Prop_ibuf_I_O)         0.502     5.502 f  tms_IBUF_inst/O
                         net (fo=16, routed)          0.834     6.337    i_dmi_jtag/i_dmi_jtag_tap/tms_IBUF
    SLICE_X110Y83        LUT3 (Prop_lut3_I1_O)        0.056     6.393 r  i_dmi_jtag/i_dmi_jtag_tap/FSM_onehot_tap_state_q[13]_i_1/O
                         net (fo=1, routed)           0.000     6.393    i_dmi_jtag/i_dmi_jtag_tap/FSM_onehot_tap_state_q[13]_i_1_n_1
    SLICE_X110Y83        FDCE                                         r  i_dmi_jtag/i_dmi_jtag_tap/FSM_onehot_tap_state_q_reg[13]/D
  -------------------------------------------------------------------    -------------------

                         max delay                   20.000    20.000    
    H15                                               0.000    20.000 r  tck (IN)
                         net (fo=0)                   0.000    20.000    tck
    H15                  IBUF (Prop_ibuf_I_O)         0.268    20.268 r  tck_IBUF_inst/O
                         net (fo=1, routed)           1.516    21.784    tck_IBUF
    BUFGCTRL_X0Y0        BUFG (Prop_bufg_I_O)         0.026    21.810 r  tck_IBUF_BUFG_inst/O
                         net (fo=258, routed)         0.633    22.443    i_dmi_jtag/i_dmi_jtag_tap/CLK
    SLICE_X110Y83        FDCE                                         r  i_dmi_jtag/i_dmi_jtag_tap/FSM_onehot_tap_state_q_reg[13]/C
                         clock pessimism              0.000    22.443    
                         clock uncertainty           -0.501    21.942    
    SLICE_X110Y83        FDCE (Setup_fdce_C_D)        0.014    21.956    i_dmi_jtag/i_dmi_jtag_tap/FSM_onehot_tap_state_q_reg[13]
  -------------------------------------------------------------------
                         required time                         21.956    
                         arrival time                          -6.393    
  -------------------------------------------------------------------
                         slack                                 15.563    

Slack (MET) :             15.579ns  (required time - arrival time)
  Source:                 tdi
                            (input port clocked by tck  {rise@0.000ns fall@50.000ns period=100.000ns})
  Destination:            i_dmi_jtag/i_dmi_jtag_tap/jtag_ir_shift_q_reg[4]/D
                            (rising edge-triggered cell FDCE clocked by tck  {rise@0.000ns fall@50.000ns period=100.000ns})
  Path Group:             tck
  Path Type:              Setup (Max at Fast Process Corner)
  Requirement:            20.000ns  (MaxDelay Path 20.000ns)
  Data Path Delay:        1.417ns  (logic 0.507ns (35.817%)  route 0.909ns (64.183%))
  Logic Levels:           2  (IBUF=1 LUT3=1)
  Input Delay:            5.000ns
  Clock Path Skew:        2.442ns (DCD - SCD + CPR)
    Destination Clock Delay (DCD):    2.442ns
    Source Clock Delay      (SCD):    0.000ns
    Clock Pessimism Removal (CPR):    0.000ns
  Clock Uncertainty:      0.501ns  ((TSJ^2 + TIJ^2)^1/2 + DJ) / 2 + PE
    Total System Jitter     (TSJ):    0.071ns
    Total Input Jitter      (TIJ):    1.000ns
    Discrete Jitter          (DJ):    0.000ns
    Phase Error              (PE):    0.000ns
  Timing Exception:       MaxDelay Path 20.000ns

    Location             Delay type                Incr(ns)  Path(ns)    Netlist Resource(s)
  -------------------------------------------------------------------    -------------------
                         (clock tck fall edge)        0.000     0.000 f  
                         input delay                  5.000     5.000    
    W16                                               0.000     5.000 r  tdi (IN)
                         net (fo=0)                   0.000     5.000    tdi
    W16                  IBUF (Prop_ibuf_I_O)         0.454     5.454 r  tdi_IBUF_inst/O
                         net (fo=5, routed)           0.909     6.364    i_dmi_jtag/i_dmi_jtag_tap/tdi_IBUF
    SLICE_X112Y82        LUT3 (Prop_lut3_I2_O)        0.053     6.417 r  i_dmi_jtag/i_dmi_jtag_tap/jtag_ir_shift_q[4]_i_2/O
                         net (fo=1, routed)           0.000     6.417    i_dmi_jtag/i_dmi_jtag_tap/jtag_ir_shift_d[4]
    SLICE_X112Y82        FDCE                                         r  i_dmi_jtag/i_dmi_jtag_tap/jtag_ir_shift_q_reg[4]/D
  -------------------------------------------------------------------    -------------------

                         max delay                   20.000    20.000    
    H15                                               0.000    20.000 r  tck (IN)
                         net (fo=0)                   0.000    20.000    tck
    H15                  IBUF (Prop_ibuf_I_O)         0.268    20.268 r  tck_IBUF_inst/O
                         net (fo=1, routed)           1.516    21.784    tck_IBUF
    BUFGCTRL_X0Y0        BUFG (Prop_bufg_I_O)         0.026    21.810 r  tck_IBUF_BUFG_inst/O
                         net (fo=258, routed)         0.632    22.442    i_dmi_jtag/i_dmi_jtag_tap/CLK
    SLICE_X112Y82        FDCE                                         r  i_dmi_jtag/i_dmi_jtag_tap/jtag_ir_shift_q_reg[4]/C
                         clock pessimism              0.000    22.442    
                         clock uncertainty           -0.501    21.941    
    SLICE_X112Y82        FDCE (Setup_fdce_C_D)        0.055    21.996    i_dmi_jtag/i_dmi_jtag_tap/jtag_ir_shift_q_reg[4]
  -------------------------------------------------------------------
                         required time                         21.996    
                         arrival time                          -6.417    
  -------------------------------------------------------------------
                         slack                                 15.579    

Slack (MET) :             15.585ns  (required time - arrival time)
  Source:                 tms
                            (input port clocked by tck  {rise@0.000ns fall@50.000ns period=100.000ns})
  Destination:            i_dmi_jtag/i_dmi_jtag_tap/FSM_onehot_tap_state_q_reg[15]/D
                            (rising edge-triggered cell FDCE clocked by tck  {rise@0.000ns fall@50.000ns period=100.000ns})
  Path Group:             tck
  Path Type:              Setup (Max at Fast Process Corner)
  Requirement:            20.000ns  (MaxDelay Path 20.000ns)
  Data Path Delay:        1.393ns  (logic 0.558ns (40.076%)  route 0.834ns (59.924%))
  Logic Levels:           2  (IBUF=1 LUT3=1)
  Input Delay:            5.000ns
  Clock Path Skew:        2.443ns (DCD - SCD + CPR)
    Destination Clock Delay (DCD):    2.443ns
    Source Clock Delay      (SCD):    0.000ns
    Clock Pessimism Removal (CPR):    0.000ns
  Clock Uncertainty:      0.501ns  ((TSJ^2 + TIJ^2)^1/2 + DJ) / 2 + PE
    Total System Jitter     (TSJ):    0.071ns
    Total Input Jitter      (TIJ):    1.000ns
    Discrete Jitter          (DJ):    0.000ns
    Phase Error              (PE):    0.000ns
  Timing Exception:       MaxDelay Path 20.000ns

    Location             Delay type                Incr(ns)  Path(ns)    Netlist Resource(s)
  -------------------------------------------------------------------    -------------------
                         (clock tck fall edge)        0.000     0.000 f  
                         input delay                  5.000     5.000    
    V12                                               0.000     5.000 r  tms (IN)
                         net (fo=0)                   0.000     5.000    tms
    V12                  IBUF (Prop_ibuf_I_O)         0.502     5.502 r  tms_IBUF_inst/O
                         net (fo=16, routed)          0.834     6.337    i_dmi_jtag/i_dmi_jtag_tap/tms_IBUF
    SLICE_X110Y83        LUT3 (Prop_lut3_I1_O)        0.056     6.393 r  i_dmi_jtag/i_dmi_jtag_tap/FSM_onehot_tap_state_q[15]_i_1/O
                         net (fo=1, routed)           0.000     6.393    i_dmi_jtag/i_dmi_jtag_tap/FSM_onehot_tap_state_q[15]_i_1_n_1
    SLICE_X110Y83        FDCE                                         r  i_dmi_jtag/i_dmi_jtag_tap/FSM_onehot_tap_state_q_reg[15]/D
  -------------------------------------------------------------------    -------------------

                         max delay                   20.000    20.000    
    H15                                               0.000    20.000 r  tck (IN)
                         net (fo=0)                   0.000    20.000    tck
    H15                  IBUF (Prop_ibuf_I_O)         0.268    20.268 r  tck_IBUF_inst/O
                         net (fo=1, routed)           1.516    21.784    tck_IBUF
    BUFGCTRL_X0Y0        BUFG (Prop_bufg_I_O)         0.026    21.810 r  tck_IBUF_BUFG_inst/O
                         net (fo=258, routed)         0.633    22.443    i_dmi_jtag/i_dmi_jtag_tap/CLK
    SLICE_X110Y83        FDCE                                         r  i_dmi_jtag/i_dmi_jtag_tap/FSM_onehot_tap_state_q_reg[15]/C
                         clock pessimism              0.000    22.443    
                         clock uncertainty           -0.501    21.942    
    SLICE_X110Y83        FDCE (Setup_fdce_C_D)        0.036    21.978    i_dmi_jtag/i_dmi_jtag_tap/FSM_onehot_tap_state_q_reg[15]
  -------------------------------------------------------------------
                         required time                         21.978    
                         arrival time                          -6.393    
  -------------------------------------------------------------------
                         slack                                 15.585    

Slack (MET) :             15.601ns  (required time - arrival time)
  Source:                 tdi
                            (input port clocked by tck  {rise@0.000ns fall@50.000ns period=100.000ns})
  Destination:            i_dmi_jtag/dr_q_reg[40]/D
                            (rising edge-triggered cell FDCE clocked by tck  {rise@0.000ns fall@50.000ns period=100.000ns})
  Path Group:             tck
  Path Type:              Setup (Max at Fast Process Corner)
  Requirement:            20.000ns  (MaxDelay Path 20.000ns)
  Data Path Delay:        1.356ns  (logic 0.510ns (37.631%)  route 0.846ns (62.369%))
  Logic Levels:           2  (IBUF=1 LUT4=1)
  Input Delay:            5.000ns
  Clock Path Skew:        2.446ns (DCD - SCD + CPR)
    Destination Clock Delay (DCD):    2.446ns
    Source Clock Delay      (SCD):    0.000ns
    Clock Pessimism Removal (CPR):    0.000ns
  Clock Uncertainty:      0.501ns  ((TSJ^2 + TIJ^2)^1/2 + DJ) / 2 + PE
    Total System Jitter     (TSJ):    0.071ns
    Total Input Jitter      (TIJ):    1.000ns
    Discrete Jitter          (DJ):    0.000ns
    Phase Error              (PE):    0.000ns
  Timing Exception:       MaxDelay Path 20.000ns

    Location             Delay type                Incr(ns)  Path(ns)    Netlist Resource(s)
  -------------------------------------------------------------------    -------------------
                         (clock tck fall edge)        0.000     0.000 f  
                         input delay                  5.000     5.000    
    W16                                               0.000     5.000 r  tdi (IN)
                         net (fo=0)                   0.000     5.000    tdi
    W16                  IBUF (Prop_ibuf_I_O)         0.454     5.454 r  tdi_IBUF_inst/O
                         net (fo=5, routed)           0.846     6.300    i_dmi_jtag/i_dmi_jtag_tap/tdi_IBUF
    SLICE_X109Y37        LUT4 (Prop_lut4_I0_O)        0.056     6.356 r  i_dmi_jtag/i_dmi_jtag_tap/dr_q[40]_i_2/O
                         net (fo=1, routed)           0.000     6.356    i_dmi_jtag/dr_d[40]
    SLICE_X109Y37        FDCE                                         r  i_dmi_jtag/dr_q_reg[40]/D
  -------------------------------------------------------------------    -------------------

                         max delay                   20.000    20.000    
    H15                                               0.000    20.000 r  tck (IN)
                         net (fo=0)                   0.000    20.000    tck
    H15                  IBUF (Prop_ibuf_I_O)         0.268    20.268 r  tck_IBUF_inst/O
                         net (fo=1, routed)           1.516    21.784    tck_IBUF
    BUFGCTRL_X0Y0        BUFG (Prop_bufg_I_O)         0.026    21.810 r  tck_IBUF_BUFG_inst/O
                         net (fo=258, routed)         0.636    22.446    i_dmi_jtag/CLK
    SLICE_X109Y37        FDCE                                         r  i_dmi_jtag/dr_q_reg[40]/C
                         clock pessimism              0.000    22.446    
                         clock uncertainty           -0.501    21.944    
    SLICE_X109Y37        FDCE (Setup_fdce_C_D)        0.013    21.957    i_dmi_jtag/dr_q_reg[40]
  -------------------------------------------------------------------
                         required time                         21.957    
                         arrival time                          -6.356    
  -------------------------------------------------------------------
                         slack                                 15.601    





Min Delay Paths
--------------------------------------------------------------------------------------
Slack (MET) :             0.140ns  (arrival time - required time)
  Source:                 i_dmi_jtag/i_dmi_jtag_tap/dtmcs_q_reg[abits][5]/C
                            (rising edge-triggered cell FDCE clocked by tck  {rise@0.000ns fall@50.000ns period=100.000ns})
  Destination:            i_dmi_jtag/i_dmi_jtag_tap/dtmcs_q_reg[abits][4]/D
                            (rising edge-triggered cell FDCE clocked by tck  {rise@0.000ns fall@50.000ns period=100.000ns})
  Path Group:             tck
  Path Type:              Hold (Min at Fast Process Corner)
  Requirement:            0.000ns  (tck rise@0.000ns - tck rise@0.000ns)
  Data Path Delay:        0.273ns  (logic 0.186ns (68.106%)  route 0.087ns (31.894%))
  Logic Levels:           1  (LUT2=1)
  Clock Path Skew:        0.013ns (DCD - SCD - CPR)
    Destination Clock Delay (DCD):    3.155ns
    Source Clock Delay      (SCD):    2.447ns
    Clock Pessimism Removal (CPR):    0.695ns

    Location             Delay type                Incr(ns)  Path(ns)    Netlist Resource(s)
  -------------------------------------------------------------------    -------------------
                         (clock tck rise edge)        0.000     0.000 r  
    H15                                               0.000     0.000 r  tck (IN)
                         net (fo=0)                   0.000     0.000    tck
    H15                  IBUF (Prop_ibuf_I_O)         0.268     0.268 r  tck_IBUF_inst/O
                         net (fo=1, routed)           1.516     1.784    tck_IBUF
    BUFGCTRL_X0Y0        BUFG (Prop_bufg_I_O)         0.026     1.810 r  tck_IBUF_BUFG_inst/O
                         net (fo=258, routed)         0.637     2.447    i_dmi_jtag/i_dmi_jtag_tap/CLK
    SLICE_X109Y38        FDCE                                         r  i_dmi_jtag/i_dmi_jtag_tap/dtmcs_q_reg[abits][5]/C
  -------------------------------------------------------------------    -------------------
    SLICE_X109Y38        FDCE (Prop_fdce_C_Q)         0.141     2.588 r  i_dmi_jtag/i_dmi_jtag_tap/dtmcs_q_reg[abits][5]/Q
                         net (fo=1, routed)           0.087     2.675    i_dmi_jtag/i_dmi_jtag_tap/p_0_in__0[5]
    SLICE_X108Y38        LUT2 (Prop_lut2_I1_O)        0.045     2.720 r  i_dmi_jtag/i_dmi_jtag_tap/dtmcs_q[abits][4]_i_1/O
                         net (fo=1, routed)           0.000     2.720    i_dmi_jtag/i_dmi_jtag_tap/dtmcs_d[abits][4]
    SLICE_X108Y38        FDCE                                         r  i_dmi_jtag/i_dmi_jtag_tap/dtmcs_q_reg[abits][4]/D
  -------------------------------------------------------------------    -------------------

                         (clock tck rise edge)        0.000     0.000 r  
    H15                                               0.000     0.000 r  tck (IN)
                         net (fo=0)                   0.000     0.000    tck
    H15                  IBUF (Prop_ibuf_I_O)         0.456     0.456 r  tck_IBUF_inst/O
                         net (fo=1, routed)           1.762     2.218    tck_IBUF
    BUFGCTRL_X0Y0        BUFG (Prop_bufg_I_O)         0.029     2.247 r  tck_IBUF_BUFG_inst/O
                         net (fo=258, routed)         0.908     3.155    i_dmi_jtag/i_dmi_jtag_tap/CLK
    SLICE_X108Y38        FDCE                                         r  i_dmi_jtag/i_dmi_jtag_tap/dtmcs_q_reg[abits][4]/C
                         clock pessimism             -0.695     2.460    
    SLICE_X108Y38        FDCE (Hold_fdce_C_D)         0.120     2.580    i_dmi_jtag/i_dmi_jtag_tap/dtmcs_q_reg[abits][4]
  -------------------------------------------------------------------
                         required time                         -2.580    
                         arrival time                           2.720    
  -------------------------------------------------------------------
                         slack                                  0.140    

Slack (MET) :             0.140ns  (arrival time - required time)
  Source:                 i_dmi_jtag/i_dmi_cdc/i_cdc_resp/i_dst/data_dst_q_reg[data][16]/C
                            (rising edge-triggered cell FDCE clocked by tck  {rise@0.000ns fall@50.000ns period=100.000ns})
  Destination:            i_dmi_jtag/data_q_reg[16]/D
                            (rising edge-triggered cell FDCE clocked by tck  {rise@0.000ns fall@50.000ns period=100.000ns})
  Path Group:             tck
  Path Type:              Hold (Min at Fast Process Corner)
  Requirement:            0.000ns  (tck rise@0.000ns - tck rise@0.000ns)
  Data Path Delay:        0.244ns  (logic 0.186ns (76.078%)  route 0.058ns (23.922%))
  Logic Levels:           1  (LUT4=1)
  Clock Path Skew:        0.013ns (DCD - SCD - CPR)
    Destination Clock Delay (DCD):    3.101ns
    Source Clock Delay      (SCD):    2.396ns
    Clock Pessimism Removal (CPR):    0.692ns

    Location             Delay type                Incr(ns)  Path(ns)    Netlist Resource(s)
  -------------------------------------------------------------------    -------------------
                         (clock tck rise edge)        0.000     0.000 r  
    H15                                               0.000     0.000 r  tck (IN)
                         net (fo=0)                   0.000     0.000    tck
    H15                  IBUF (Prop_ibuf_I_O)         0.268     0.268 r  tck_IBUF_inst/O
                         net (fo=1, routed)           1.516     1.784    tck_IBUF
    BUFGCTRL_X0Y0        BUFG (Prop_bufg_I_O)         0.026     1.810 r  tck_IBUF_BUFG_inst/O
                         net (fo=258, routed)         0.586     2.396    i_dmi_jtag/i_dmi_cdc/i_cdc_resp/i_dst/CLK
    SLICE_X81Y7          FDCE                                         r  i_dmi_jtag/i_dmi_cdc/i_cdc_resp/i_dst/data_dst_q_reg[data][16]/C
  -------------------------------------------------------------------    -------------------
    SLICE_X81Y7          FDCE (Prop_fdce_C_Q)         0.141     2.537 r  i_dmi_jtag/i_dmi_cdc/i_cdc_resp/i_dst/data_dst_q_reg[data][16]/Q
                         net (fo=1, routed)           0.058     2.595    i_dmi_jtag/i_dmi_cdc/i_cdc_resp/i_dst/data_dst_q[data][16]
    SLICE_X80Y7          LUT4 (Prop_lut4_I0_O)        0.045     2.640 r  i_dmi_jtag/i_dmi_cdc/i_cdc_resp/i_dst/data_q[16]_i_1/O
                         net (fo=1, routed)           0.000     2.640    i_dmi_jtag/i_dmi_cdc_n_245
    SLICE_X80Y7          FDCE                                         r  i_dmi_jtag/data_q_reg[16]/D
  -------------------------------------------------------------------    -------------------

                         (clock tck rise edge)        0.000     0.000 r  
    H15                                               0.000     0.000 r  tck (IN)
                         net (fo=0)                   0.000     0.000    tck
    H15                  IBUF (Prop_ibuf_I_O)         0.456     0.456 r  tck_IBUF_inst/O
                         net (fo=1, routed)           1.762     2.218    tck_IBUF
    BUFGCTRL_X0Y0        BUFG (Prop_bufg_I_O)         0.029     2.247 r  tck_IBUF_BUFG_inst/O
                         net (fo=258, routed)         0.854     3.101    i_dmi_jtag/CLK
    SLICE_X80Y7          FDCE                                         r  i_dmi_jtag/data_q_reg[16]/C
                         clock pessimism             -0.692     2.409    
    SLICE_X80Y7          FDCE (Hold_fdce_C_D)         0.091     2.500    i_dmi_jtag/data_q_reg[16]
  -------------------------------------------------------------------
                         required time                         -2.500    
                         arrival time                           2.640    
  -------------------------------------------------------------------
                         slack                                  0.140    

Slack (MET) :             0.147ns  (arrival time - required time)
  Source:                 i_dmi_jtag/data_q_reg[11]/C
                            (rising edge-triggered cell FDCE clocked by tck  {rise@0.000ns fall@50.000ns period=100.000ns})
  Destination:            i_dmi_jtag/dr_q_reg[13]/D
                            (rising edge-triggered cell FDCE clocked by tck  {rise@0.000ns fall@50.000ns period=100.000ns})
  Path Group:             tck
  Path Type:              Hold (Min at Fast Process Corner)
  Requirement:            0.000ns  (tck rise@0.000ns - tck rise@0.000ns)
  Data Path Delay:        0.252ns  (logic 0.186ns (73.772%)  route 0.066ns (26.228%))
  Logic Levels:           1  (LUT4=1)
  Clock Path Skew:        0.013ns (DCD - SCD - CPR)
    Destination Clock Delay (DCD):    3.103ns
    Source Clock Delay      (SCD):    2.397ns
    Clock Pessimism Removal (CPR):    0.693ns

    Location             Delay type                Incr(ns)  Path(ns)    Netlist Resource(s)
  -------------------------------------------------------------------    -------------------
                         (clock tck rise edge)        0.000     0.000 r  
    H15                                               0.000     0.000 r  tck (IN)
                         net (fo=0)                   0.000     0.000    tck
    H15                  IBUF (Prop_ibuf_I_O)         0.268     0.268 r  tck_IBUF_inst/O
                         net (fo=1, routed)           1.516     1.784    tck_IBUF
    BUFGCTRL_X0Y0        BUFG (Prop_bufg_I_O)         0.026     1.810 r  tck_IBUF_BUFG_inst/O
                         net (fo=258, routed)         0.587     2.397    i_dmi_jtag/CLK
    SLICE_X84Y6          FDCE                                         r  i_dmi_jtag/data_q_reg[11]/C
  -------------------------------------------------------------------    -------------------
    SLICE_X84Y6          FDCE (Prop_fdce_C_Q)         0.141     2.538 r  i_dmi_jtag/data_q_reg[11]/Q
                         net (fo=2, routed)           0.066     2.604    i_dmi_jtag/i_dmi_jtag_tap/dr_q_reg[33][11]
    SLICE_X85Y6          LUT4 (Prop_lut4_I3_O)        0.045     2.649 r  i_dmi_jtag/i_dmi_jtag_tap/dr_q[13]_i_1/O
                         net (fo=1, routed)           0.000     2.649    i_dmi_jtag/dr_d[13]
    SLICE_X85Y6          FDCE                                         r  i_dmi_jtag/dr_q_reg[13]/D
  -------------------------------------------------------------------    -------------------

                         (clock tck rise edge)        0.000     0.000 r  
    H15                                               0.000     0.000 r  tck (IN)
                         net (fo=0)                   0.000     0.000    tck
    H15                  IBUF (Prop_ibuf_I_O)         0.456     0.456 r  tck_IBUF_inst/O
                         net (fo=1, routed)           1.762     2.218    tck_IBUF
    BUFGCTRL_X0Y0        BUFG (Prop_bufg_I_O)         0.029     2.247 r  tck_IBUF_BUFG_inst/O
                         net (fo=258, routed)         0.856     3.103    i_dmi_jtag/CLK
    SLICE_X85Y6          FDCE                                         r  i_dmi_jtag/dr_q_reg[13]/C
                         clock pessimism             -0.693     2.410    
    SLICE_X85Y6          FDCE (Hold_fdce_C_D)         0.092     2.502    i_dmi_jtag/dr_q_reg[13]
  -------------------------------------------------------------------
                         required time                         -2.502    
                         arrival time                           2.649    
  -------------------------------------------------------------------
                         slack                                  0.147    

Slack (MET) :             0.148ns  (arrival time - required time)
  Source:                 i_dmi_jtag/data_q_reg[8]/C
                            (rising edge-triggered cell FDCE clocked by tck  {rise@0.000ns fall@50.000ns period=100.000ns})
  Destination:            i_dmi_jtag/dr_q_reg[10]/D
                            (rising edge-triggered cell FDCE clocked by tck  {rise@0.000ns fall@50.000ns period=100.000ns})
  Path Group:             tck
  Path Type:              Hold (Min at Fast Process Corner)
  Requirement:            0.000ns  (tck rise@0.000ns - tck rise@0.000ns)
  Data Path Delay:        0.252ns  (logic 0.186ns (73.765%)  route 0.066ns (26.235%))
  Logic Levels:           1  (LUT4=1)
  Clock Path Skew:        0.013ns (DCD - SCD - CPR)
    Destination Clock Delay (DCD):    3.103ns
    Source Clock Delay      (SCD):    2.397ns
    Clock Pessimism Removal (CPR):    0.693ns

    Location             Delay type                Incr(ns)  Path(ns)    Netlist Resource(s)
  -------------------------------------------------------------------    -------------------
                         (clock tck rise edge)        0.000     0.000 r  
    H15                                               0.000     0.000 r  tck (IN)
                         net (fo=0)                   0.000     0.000    tck
    H15                  IBUF (Prop_ibuf_I_O)         0.268     0.268 r  tck_IBUF_inst/O
                         net (fo=1, routed)           1.516     1.784    tck_IBUF
    BUFGCTRL_X0Y0        BUFG (Prop_bufg_I_O)         0.026     1.810 r  tck_IBUF_BUFG_inst/O
                         net (fo=258, routed)         0.587     2.397    i_dmi_jtag/CLK
    SLICE_X84Y6          FDCE                                         r  i_dmi_jtag/data_q_reg[8]/C
  -------------------------------------------------------------------    -------------------
    SLICE_X84Y6          FDCE (Prop_fdce_C_Q)         0.141     2.538 r  i_dmi_jtag/data_q_reg[8]/Q
                         net (fo=2, routed)           0.066     2.604    i_dmi_jtag/i_dmi_jtag_tap/dr_q_reg[33][8]
    SLICE_X85Y6          LUT4 (Prop_lut4_I3_O)        0.045     2.649 r  i_dmi_jtag/i_dmi_jtag_tap/dr_q[10]_i_1/O
                         net (fo=1, routed)           0.000     2.649    i_dmi_jtag/dr_d[10]
    SLICE_X85Y6          FDCE                                         r  i_dmi_jtag/dr_q_reg[10]/D
  -------------------------------------------------------------------    -------------------

                         (clock tck rise edge)        0.000     0.000 r  
    H15                                               0.000     0.000 r  tck (IN)
                         net (fo=0)                   0.000     0.000    tck
    H15                  IBUF (Prop_ibuf_I_O)         0.456     0.456 r  tck_IBUF_inst/O
                         net (fo=1, routed)           1.762     2.218    tck_IBUF
    BUFGCTRL_X0Y0        BUFG (Prop_bufg_I_O)         0.029     2.247 r  tck_IBUF_BUFG_inst/O
                         net (fo=258, routed)         0.856     3.103    i_dmi_jtag/CLK
    SLICE_X85Y6          FDCE                                         r  i_dmi_jtag/dr_q_reg[10]/C
                         clock pessimism             -0.693     2.410    
    SLICE_X85Y6          FDCE (Hold_fdce_C_D)         0.091     2.501    i_dmi_jtag/dr_q_reg[10]
  -------------------------------------------------------------------
                         required time                         -2.501    
                         arrival time                           2.649    
  -------------------------------------------------------------------
                         slack                                  0.148    

Slack (MET) :             0.149ns  (arrival time - required time)
  Source:                 i_dmi_jtag/i_dmi_jtag_tap/idcode_q_reg[7]/C
                            (rising edge-triggered cell FDPE clocked by tck  {rise@0.000ns fall@50.000ns period=100.000ns})
  Destination:            i_dmi_jtag/i_dmi_jtag_tap/idcode_q_reg[6]/D
                            (rising edge-triggered cell FDPE clocked by tck  {rise@0.000ns fall@50.000ns period=100.000ns})
  Path Group:             tck
  Path Type:              Hold (Min at Fast Process Corner)
  Requirement:            0.000ns  (tck rise@0.000ns - tck rise@0.000ns)
  Data Path Delay:        0.285ns  (logic 0.186ns (65.203%)  route 0.099ns (34.797%))
  Logic Levels:           1  (LUT6=1)
  Clock Path Skew:        0.015ns (DCD - SCD - CPR)
    Destination Clock Delay (DCD):    3.152ns
    Source Clock Delay      (SCD):    2.444ns
    Clock Pessimism Removal (CPR):    0.693ns

    Location             Delay type                Incr(ns)  Path(ns)    Netlist Resource(s)
  -------------------------------------------------------------------    -------------------
                         (clock tck rise edge)        0.000     0.000 r  
    H15                                               0.000     0.000 r  tck (IN)
                         net (fo=0)                   0.000     0.000    tck
    H15                  IBUF (Prop_ibuf_I_O)         0.268     0.268 r  tck_IBUF_inst/O
                         net (fo=1, routed)           1.516     1.784    tck_IBUF
    BUFGCTRL_X0Y0        BUFG (Prop_bufg_I_O)         0.026     1.810 r  tck_IBUF_BUFG_inst/O
                         net (fo=258, routed)         0.634     2.444    i_dmi_jtag/i_dmi_jtag_tap/CLK
    SLICE_X110Y85        FDPE                                         r  i_dmi_jtag/i_dmi_jtag_tap/idcode_q_reg[7]/C
  -------------------------------------------------------------------    -------------------
    SLICE_X110Y85        FDPE (Prop_fdpe_C_Q)         0.141     2.585 r  i_dmi_jtag/i_dmi_jtag_tap/idcode_q_reg[7]/Q
                         net (fo=1, routed)           0.099     2.684    i_dmi_jtag/i_dmi_jtag_tap/idcode_q[7]
    SLICE_X112Y86        LUT6 (Prop_lut6_I5_O)        0.045     2.729 r  i_dmi_jtag/i_dmi_jtag_tap/idcode_q[6]_i_1/O
                         net (fo=1, routed)           0.000     2.729    i_dmi_jtag/i_dmi_jtag_tap/idcode_d[6]
    SLICE_X112Y86        FDPE                                         r  i_dmi_jtag/i_dmi_jtag_tap/idcode_q_reg[6]/D
  -------------------------------------------------------------------    -------------------

                         (clock tck rise edge)        0.000     0.000 r  
    H15                                               0.000     0.000 r  tck (IN)
                         net (fo=0)                   0.000     0.000    tck
    H15                  IBUF (Prop_ibuf_I_O)         0.456     0.456 r  tck_IBUF_inst/O
                         net (fo=1, routed)           1.762     2.218    tck_IBUF
    BUFGCTRL_X0Y0        BUFG (Prop_bufg_I_O)         0.029     2.247 r  tck_IBUF_BUFG_inst/O
                         net (fo=258, routed)         0.905     3.152    i_dmi_jtag/i_dmi_jtag_tap/CLK
    SLICE_X112Y86        FDPE                                         r  i_dmi_jtag/i_dmi_jtag_tap/idcode_q_reg[6]/C
                         clock pessimism             -0.693     2.459    
    SLICE_X112Y86        FDPE (Hold_fdpe_C_D)         0.121     2.580    i_dmi_jtag/i_dmi_jtag_tap/idcode_q_reg[6]
  -------------------------------------------------------------------
                         required time                         -2.580    
                         arrival time                           2.729    
  -------------------------------------------------------------------
                         slack                                  0.149    

Slack (MET) :             0.151ns  (arrival time - required time)
  Source:                 i_dmi_jtag/dr_q_reg[27]/C
                            (rising edge-triggered cell FDCE clocked by tck  {rise@0.000ns fall@50.000ns period=100.000ns})
  Destination:            i_dmi_jtag/data_q_reg[25]/D
                            (rising edge-triggered cell FDCE clocked by tck  {rise@0.000ns fall@50.000ns period=100.000ns})
  Path Group:             tck
  Path Type:              Hold (Min at Fast Process Corner)
  Requirement:            0.000ns  (tck rise@0.000ns - tck rise@0.000ns)
  Data Path Delay:        0.255ns  (logic 0.186ns (72.832%)  route 0.069ns (27.168%))
  Logic Levels:           1  (LUT4=1)
  Clock Path Skew:        0.013ns (DCD - SCD - CPR)
    Destination Clock Delay (DCD):    3.101ns
    Source Clock Delay      (SCD):    2.396ns
    Clock Pessimism Removal (CPR):    0.692ns

    Location             Delay type                Incr(ns)  Path(ns)    Netlist Resource(s)
  -------------------------------------------------------------------    -------------------
                         (clock tck rise edge)        0.000     0.000 r  
    H15                                               0.000     0.000 r  tck (IN)
                         net (fo=0)                   0.000     0.000    tck
    H15                  IBUF (Prop_ibuf_I_O)         0.268     0.268 r  tck_IBUF_inst/O
                         net (fo=1, routed)           1.516     1.784    tck_IBUF
    BUFGCTRL_X0Y0        BUFG (Prop_bufg_I_O)         0.026     1.810 r  tck_IBUF_BUFG_inst/O
                         net (fo=258, routed)         0.586     2.396    i_dmi_jtag/CLK
    SLICE_X81Y9          FDCE                                         r  i_dmi_jtag/dr_q_reg[27]/C
  -------------------------------------------------------------------    -------------------
    SLICE_X81Y9          FDCE (Prop_fdce_C_Q)         0.141     2.537 r  i_dmi_jtag/dr_q_reg[27]/Q
                         net (fo=2, routed)           0.069     2.606    i_dmi_jtag/i_dmi_cdc/i_cdc_resp/i_dst/data_q_reg[31][27]
    SLICE_X80Y9          LUT4 (Prop_lut4_I3_O)        0.045     2.651 r  i_dmi_jtag/i_dmi_cdc/i_cdc_resp/i_dst/data_q[25]_i_1/O
                         net (fo=1, routed)           0.000     2.651    i_dmi_jtag/i_dmi_cdc_n_236
    SLICE_X80Y9          FDCE                                         r  i_dmi_jtag/data_q_reg[25]/D
  -------------------------------------------------------------------    -------------------

                         (clock tck rise edge)        0.000     0.000 r  
    H15                                               0.000     0.000 r  tck (IN)
                         net (fo=0)                   0.000     0.000    tck
    H15                  IBUF (Prop_ibuf_I_O)         0.456     0.456 r  tck_IBUF_inst/O
                         net (fo=1, routed)           1.762     2.218    tck_IBUF
    BUFGCTRL_X0Y0        BUFG (Prop_bufg_I_O)         0.029     2.247 r  tck_IBUF_BUFG_inst/O
                         net (fo=258, routed)         0.854     3.101    i_dmi_jtag/CLK
    SLICE_X80Y9          FDCE                                         r  i_dmi_jtag/data_q_reg[25]/C
                         clock pessimism             -0.692     2.409    
    SLICE_X80Y9          FDCE (Hold_fdce_C_D)         0.091     2.500    i_dmi_jtag/data_q_reg[25]
  -------------------------------------------------------------------
                         required time                         -2.500    
                         arrival time                           2.651    
  -------------------------------------------------------------------
                         slack                                  0.151    

Slack (MET) :             0.152ns  (arrival time - required time)
  Source:                 i_dmi_jtag/dr_q_reg[11]/C
                            (rising edge-triggered cell FDCE clocked by tck  {rise@0.000ns fall@50.000ns period=100.000ns})
  Destination:            i_dmi_jtag/data_q_reg[9]/D
                            (rising edge-triggered cell FDCE clocked by tck  {rise@0.000ns fall@50.000ns period=100.000ns})
  Path Group:             tck
  Path Type:              Hold (Min at Fast Process Corner)
  Requirement:            0.000ns  (tck rise@0.000ns - tck rise@0.000ns)
  Data Path Delay:        0.257ns  (logic 0.186ns (72.490%)  route 0.071ns (27.510%))
  Logic Levels:           1  (LUT4=1)
  Clock Path Skew:        0.013ns (DCD - SCD - CPR)
    Destination Clock Delay (DCD):    3.103ns
    Source Clock Delay      (SCD):    2.397ns
    Clock Pessimism Removal (CPR):    0.693ns

    Location             Delay type                Incr(ns)  Path(ns)    Netlist Resource(s)
  -------------------------------------------------------------------    -------------------
                         (clock tck rise edge)        0.000     0.000 r  
    H15                                               0.000     0.000 r  tck (IN)
                         net (fo=0)                   0.000     0.000    tck
    H15                  IBUF (Prop_ibuf_I_O)         0.268     0.268 r  tck_IBUF_inst/O
                         net (fo=1, routed)           1.516     1.784    tck_IBUF
    BUFGCTRL_X0Y0        BUFG (Prop_bufg_I_O)         0.026     1.810 r  tck_IBUF_BUFG_inst/O
                         net (fo=258, routed)         0.587     2.397    i_dmi_jtag/CLK
    SLICE_X85Y6          FDCE                                         r  i_dmi_jtag/dr_q_reg[11]/C
  -------------------------------------------------------------------    -------------------
    SLICE_X85Y6          FDCE (Prop_fdce_C_Q)         0.141     2.538 r  i_dmi_jtag/dr_q_reg[11]/Q
                         net (fo=2, routed)           0.071     2.608    i_dmi_jtag/i_dmi_cdc/i_cdc_resp/i_dst/data_q_reg[31][11]
    SLICE_X84Y6          LUT4 (Prop_lut4_I3_O)        0.045     2.653 r  i_dmi_jtag/i_dmi_cdc/i_cdc_resp/i_dst/data_q[9]_i_1/O
                         net (fo=1, routed)           0.000     2.653    i_dmi_jtag/i_dmi_cdc_n_252
    SLICE_X84Y6          FDCE                                         r  i_dmi_jtag/data_q_reg[9]/D
  -------------------------------------------------------------------    -------------------

                         (clock tck rise edge)        0.000     0.000 r  
    H15                                               0.000     0.000 r  tck (IN)
                         net (fo=0)                   0.000     0.000    tck
    H15                  IBUF (Prop_ibuf_I_O)         0.456     0.456 r  tck_IBUF_inst/O
                         net (fo=1, routed)           1.762     2.218    tck_IBUF
    BUFGCTRL_X0Y0        BUFG (Prop_bufg_I_O)         0.029     2.247 r  tck_IBUF_BUFG_inst/O
                         net (fo=258, routed)         0.856     3.103    i_dmi_jtag/CLK
    SLICE_X84Y6          FDCE                                         r  i_dmi_jtag/data_q_reg[9]/C
                         clock pessimism             -0.693     2.410    
    SLICE_X84Y6          FDCE (Hold_fdce_C_D)         0.092     2.502    i_dmi_jtag/data_q_reg[9]
  -------------------------------------------------------------------
                         required time                         -2.502    
                         arrival time                           2.653    
  -------------------------------------------------------------------
                         slack                                  0.152    

Slack (MET) :             0.165ns  (arrival time - required time)
  Source:                 i_dmi_jtag/data_q_reg[19]/C
                            (rising edge-triggered cell FDCE clocked by tck  {rise@0.000ns fall@50.000ns period=100.000ns})
  Destination:            i_dmi_jtag/i_dmi_cdc/i_cdc_req/i_src/data_src_q_reg[data][19]/D
                            (rising edge-triggered cell FDCE clocked by tck  {rise@0.000ns fall@50.000ns period=100.000ns})
  Path Group:             tck
  Path Type:              Hold (Min at Fast Process Corner)
  Requirement:            0.000ns  (tck rise@0.000ns - tck rise@0.000ns)
  Data Path Delay:        0.253ns  (logic 0.141ns (55.707%)  route 0.112ns (44.293%))
  Logic Levels:           0  
  Clock Path Skew:        0.016ns (DCD - SCD - CPR)
    Destination Clock Delay (DCD):    3.102ns
    Source Clock Delay      (SCD):    2.396ns
    Clock Pessimism Removal (CPR):    0.690ns

    Location             Delay type                Incr(ns)  Path(ns)    Netlist Resource(s)
  -------------------------------------------------------------------    -------------------
                         (clock tck rise edge)        0.000     0.000 r  
    H15                                               0.000     0.000 r  tck (IN)
                         net (fo=0)                   0.000     0.000    tck
    H15                  IBUF (Prop_ibuf_I_O)         0.268     0.268 r  tck_IBUF_inst/O
                         net (fo=1, routed)           1.516     1.784    tck_IBUF
    BUFGCTRL_X0Y0        BUFG (Prop_bufg_I_O)         0.026     1.810 r  tck_IBUF_BUFG_inst/O
                         net (fo=258, routed)         0.586     2.396    i_dmi_jtag/CLK
    SLICE_X79Y6          FDCE                                         r  i_dmi_jtag/data_q_reg[19]/C
  -------------------------------------------------------------------    -------------------
    SLICE_X79Y6          FDCE (Prop_fdce_C_Q)         0.141     2.537 r  i_dmi_jtag/data_q_reg[19]/Q
                         net (fo=2, routed)           0.112     2.649    i_dmi_jtag/i_dmi_cdc/i_cdc_req/i_src/data_src_q_reg[data][31]_0[19]
    SLICE_X77Y6          FDCE                                         r  i_dmi_jtag/i_dmi_cdc/i_cdc_req/i_src/data_src_q_reg[data][19]/D
  -------------------------------------------------------------------    -------------------

                         (clock tck rise edge)        0.000     0.000 r  
    H15                                               0.000     0.000 r  tck (IN)
                         net (fo=0)                   0.000     0.000    tck
    H15                  IBUF (Prop_ibuf_I_O)         0.456     0.456 r  tck_IBUF_inst/O
                         net (fo=1, routed)           1.762     2.218    tck_IBUF
    BUFGCTRL_X0Y0        BUFG (Prop_bufg_I_O)         0.029     2.247 r  tck_IBUF_BUFG_inst/O
                         net (fo=258, routed)         0.855     3.102    i_dmi_jtag/i_dmi_cdc/i_cdc_req/i_src/CLK
    SLICE_X77Y6          FDCE                                         r  i_dmi_jtag/i_dmi_cdc/i_cdc_req/i_src/data_src_q_reg[data][19]/C
                         clock pessimism             -0.690     2.412    
    SLICE_X77Y6          FDCE (Hold_fdce_C_D)         0.072     2.484    i_dmi_jtag/i_dmi_cdc/i_cdc_req/i_src/data_src_q_reg[data][19]
  -------------------------------------------------------------------
                         required time                         -2.484    
                         arrival time                           2.649    
  -------------------------------------------------------------------
                         slack                                  0.165    

Slack (MET) :             0.167ns  (arrival time - required time)
  Source:                 i_dmi_jtag/data_q_reg[30]/C
                            (rising edge-triggered cell FDCE clocked by tck  {rise@0.000ns fall@50.000ns period=100.000ns})
  Destination:            i_dmi_jtag/i_dmi_cdc/i_cdc_req/i_src/data_src_q_reg[data][30]/D
                            (rising edge-triggered cell FDCE clocked by tck  {rise@0.000ns fall@50.000ns period=100.000ns})
  Path Group:             tck
  Path Type:              Hold (Min at Fast Process Corner)
  Requirement:            0.000ns  (tck rise@0.000ns - tck rise@0.000ns)
  Data Path Delay:        0.254ns  (logic 0.141ns (55.468%)  route 0.113ns (44.532%))
  Logic Levels:           0  
  Clock Path Skew:        0.016ns (DCD - SCD - CPR)
    Destination Clock Delay (DCD):    3.101ns
    Source Clock Delay      (SCD):    2.395ns
    Clock Pessimism Removal (CPR):    0.690ns

    Location             Delay type                Incr(ns)  Path(ns)    Netlist Resource(s)
  -------------------------------------------------------------------    -------------------
                         (clock tck rise edge)        0.000     0.000 r  
    H15                                               0.000     0.000 r  tck (IN)
                         net (fo=0)                   0.000     0.000    tck
    H15                  IBUF (Prop_ibuf_I_O)         0.268     0.268 r  tck_IBUF_inst/O
                         net (fo=1, routed)           1.516     1.784    tck_IBUF
    BUFGCTRL_X0Y0        BUFG (Prop_bufg_I_O)         0.026     1.810 r  tck_IBUF_BUFG_inst/O
                         net (fo=258, routed)         0.585     2.395    i_dmi_jtag/CLK
    SLICE_X83Y10         FDCE                                         r  i_dmi_jtag/data_q_reg[30]/C
  -------------------------------------------------------------------    -------------------
    SLICE_X83Y10         FDCE (Prop_fdce_C_Q)         0.141     2.536 r  i_dmi_jtag/data_q_reg[30]/Q
                         net (fo=2, routed)           0.113     2.649    i_dmi_jtag/i_dmi_cdc/i_cdc_req/i_src/data_src_q_reg[data][31]_0[30]
    SLICE_X84Y10         FDCE                                         r  i_dmi_jtag/i_dmi_cdc/i_cdc_req/i_src/data_src_q_reg[data][30]/D
  -------------------------------------------------------------------    -------------------

                         (clock tck rise edge)        0.000     0.000 r  
    H15                                               0.000     0.000 r  tck (IN)
                         net (fo=0)                   0.000     0.000    tck
    H15                  IBUF (Prop_ibuf_I_O)         0.456     0.456 r  tck_IBUF_inst/O
                         net (fo=1, routed)           1.762     2.218    tck_IBUF
    BUFGCTRL_X0Y0        BUFG (Prop_bufg_I_O)         0.029     2.247 r  tck_IBUF_BUFG_inst/O
                         net (fo=258, routed)         0.854     3.101    i_dmi_jtag/i_dmi_cdc/i_cdc_req/i_src/CLK
    SLICE_X84Y10         FDCE                                         r  i_dmi_jtag/i_dmi_cdc/i_cdc_req/i_src/data_src_q_reg[data][30]/C
                         clock pessimism             -0.690     2.411    
    SLICE_X84Y10         FDCE (Hold_fdce_C_D)         0.071     2.482    i_dmi_jtag/i_dmi_cdc/i_cdc_req/i_src/data_src_q_reg[data][30]
  -------------------------------------------------------------------
                         required time                         -2.482    
                         arrival time                           2.649    
  -------------------------------------------------------------------
                         slack                                  0.167    

Slack (MET) :             0.168ns  (arrival time - required time)
  Source:                 i_dmi_jtag/i_dmi_jtag_tap/idcode_q_reg[15]/C
                            (rising edge-triggered cell FDCE clocked by tck  {rise@0.000ns fall@50.000ns period=100.000ns})
  Destination:            i_dmi_jtag/i_dmi_jtag_tap/idcode_q_reg[14]/D
                            (rising edge-triggered cell FDCE clocked by tck  {rise@0.000ns fall@50.000ns period=100.000ns})
  Path Group:             tck
  Path Type:              Hold (Min at Fast Process Corner)
  Requirement:            0.000ns  (tck rise@0.000ns - tck rise@0.000ns)
  Data Path Delay:        0.273ns  (logic 0.186ns (68.212%)  route 0.087ns (31.788%))
  Logic Levels:           1  (LUT6=1)
  Clock Path Skew:        0.013ns (DCD - SCD - CPR)
    Destination Clock Delay (DCD):    3.151ns
    Source Clock Delay      (SCD):    2.444ns
    Clock Pessimism Removal (CPR):    0.694ns

    Location             Delay type                Incr(ns)  Path(ns)    Netlist Resource(s)
  -------------------------------------------------------------------    -------------------
                         (clock tck rise edge)        0.000     0.000 r  
    H15                                               0.000     0.000 r  tck (IN)
                         net (fo=0)                   0.000     0.000    tck
    H15                  IBUF (Prop_ibuf_I_O)         0.268     0.268 r  tck_IBUF_inst/O
                         net (fo=1, routed)           1.516     1.784    tck_IBUF
    BUFGCTRL_X0Y0        BUFG (Prop_bufg_I_O)         0.026     1.810 r  tck_IBUF_BUFG_inst/O
                         net (fo=258, routed)         0.634     2.444    i_dmi_jtag/i_dmi_jtag_tap/CLK
    SLICE_X110Y84        FDCE                                         r  i_dmi_jtag/i_dmi_jtag_tap/idcode_q_reg[15]/C
  -------------------------------------------------------------------    -------------------
    SLICE_X110Y84        FDCE (Prop_fdce_C_Q)         0.141     2.585 r  i_dmi_jtag/i_dmi_jtag_tap/idcode_q_reg[15]/Q
                         net (fo=1, routed)           0.087     2.672    i_dmi_jtag/i_dmi_jtag_tap/idcode_q[15]
    SLICE_X111Y84        LUT6 (Prop_lut6_I5_O)        0.045     2.717 r  i_dmi_jtag/i_dmi_jtag_tap/idcode_q[14]_i_1/O
                         net (fo=1, routed)           0.000     2.717    i_dmi_jtag/i_dmi_jtag_tap/idcode_d[14]
    SLICE_X111Y84        FDCE                                         r  i_dmi_jtag/i_dmi_jtag_tap/idcode_q_reg[14]/D
  -------------------------------------------------------------------    -------------------

                         (clock tck rise edge)        0.000     0.000 r  
    H15                                               0.000     0.000 r  tck (IN)
                         net (fo=0)                   0.000     0.000    tck
    H15                  IBUF (Prop_ibuf_I_O)         0.456     0.456 r  tck_IBUF_inst/O
                         net (fo=1, routed)           1.762     2.218    tck_IBUF
    BUFGCTRL_X0Y0        BUFG (Prop_bufg_I_O)         0.029     2.247 r  tck_IBUF_BUFG_inst/O
                         net (fo=258, routed)         0.904     3.151    i_dmi_jtag/i_dmi_jtag_tap/CLK
    SLICE_X111Y84        FDCE                                         r  i_dmi_jtag/i_dmi_jtag_tap/idcode_q_reg[14]/C
                         clock pessimism             -0.694     2.457    
    SLICE_X111Y84        FDCE (Hold_fdce_C_D)         0.092     2.549    i_dmi_jtag/i_dmi_jtag_tap/idcode_q_reg[14]
  -------------------------------------------------------------------
                         required time                         -2.549    
                         arrival time                           2.717    
  -------------------------------------------------------------------
                         slack                                  0.168    





Pulse Width Checks
--------------------------------------------------------------------------------------
Clock Name:         tck
Waveform(ns):       { 0.000 50.000 }
Period(ns):         100.000
Sources:            { tck }

Check Type        Corner  Lib Pin  Reference Pin  Required(ns)  Actual(ns)  Slack(ns)  Location       Pin
Min Period        n/a     BUFG/I   n/a            2.155         100.000     97.845     BUFGCTRL_X0Y0  tck_IBUF_BUFG_inst/I
Min Period        n/a     FDCE/C   n/a            1.000         100.000     99.000     SLICE_X106Y27  i_dmi_jtag/FSM_sequential_state_q_reg[0]/C
Min Period        n/a     FDCE/C   n/a            1.000         100.000     99.000     SLICE_X106Y28  i_dmi_jtag/FSM_sequential_state_q_reg[1]/C
Min Period        n/a     FDCE/C   n/a            1.000         100.000     99.000     SLICE_X106Y27  i_dmi_jtag/FSM_sequential_state_q_reg[2]/C
Min Period        n/a     FDCE/C   n/a            1.000         100.000     99.000     SLICE_X86Y10   i_dmi_jtag/address_q_reg[0]/C
Min Period        n/a     FDCE/C   n/a            1.000         100.000     99.000     SLICE_X86Y10   i_dmi_jtag/address_q_reg[1]/C
Min Period        n/a     FDCE/C   n/a            1.000         100.000     99.000     SLICE_X86Y10   i_dmi_jtag/address_q_reg[2]/C
Min Period        n/a     FDCE/C   n/a            1.000         100.000     99.000     SLICE_X86Y10   i_dmi_jtag/address_q_reg[3]/C
Min Period        n/a     FDCE/C   n/a            1.000         100.000     99.000     SLICE_X86Y10   i_dmi_jtag/address_q_reg[4]/C
Min Period        n/a     FDCE/C   n/a            1.000         100.000     99.000     SLICE_X86Y10   i_dmi_jtag/address_q_reg[5]/C
Low Pulse Width   Slow    FDCE/C   n/a            0.500         50.000      49.500     SLICE_X106Y27  i_dmi_jtag/FSM_sequential_state_q_reg[0]/C
Low Pulse Width   Fast    FDCE/C   n/a            0.500         50.000      49.500     SLICE_X106Y27  i_dmi_jtag/FSM_sequential_state_q_reg[0]/C
Low Pulse Width   Slow    FDCE/C   n/a            0.500         50.000      49.500     SLICE_X106Y28  i_dmi_jtag/FSM_sequential_state_q_reg[1]/C
Low Pulse Width   Fast    FDCE/C   n/a            0.500         50.000      49.500     SLICE_X106Y28  i_dmi_jtag/FSM_sequential_state_q_reg[1]/C
Low Pulse Width   Slow    FDCE/C   n/a            0.500         50.000      49.500     SLICE_X106Y27  i_dmi_jtag/FSM_sequential_state_q_reg[2]/C
Low Pulse Width   Fast    FDCE/C   n/a            0.500         50.000      49.500     SLICE_X106Y27  i_dmi_jtag/FSM_sequential_state_q_reg[2]/C
Low Pulse Width   Slow    FDCE/C   n/a            0.500         50.000      49.500     SLICE_X86Y10   i_dmi_jtag/address_q_reg[0]/C
Low Pulse Width   Fast    FDCE/C   n/a            0.500         50.000      49.500     SLICE_X86Y10   i_dmi_jtag/address_q_reg[0]/C
Low Pulse Width   Slow    FDCE/C   n/a            0.500         50.000      49.500     SLICE_X86Y10   i_dmi_jtag/address_q_reg[1]/C
Low Pulse Width   Fast    FDCE/C   n/a            0.500         50.000      49.500     SLICE_X86Y10   i_dmi_jtag/address_q_reg[1]/C
High Pulse Width  Slow    FDCE/C   n/a            0.500         50.000      49.500     SLICE_X106Y27  i_dmi_jtag/FSM_sequential_state_q_reg[0]/C
High Pulse Width  Fast    FDCE/C   n/a            0.500         50.000      49.500     SLICE_X106Y27  i_dmi_jtag/FSM_sequential_state_q_reg[0]/C
High Pulse Width  Slow    FDCE/C   n/a            0.500         50.000      49.500     SLICE_X106Y28  i_dmi_jtag/FSM_sequential_state_q_reg[1]/C
High Pulse Width  Fast    FDCE/C   n/a            0.500         50.000      49.500     SLICE_X106Y28  i_dmi_jtag/FSM_sequential_state_q_reg[1]/C
High Pulse Width  Slow    FDCE/C   n/a            0.500         50.000      49.500     SLICE_X106Y27  i_dmi_jtag/FSM_sequential_state_q_reg[2]/C
High Pulse Width  Fast    FDCE/C   n/a            0.500         50.000      49.500     SLICE_X106Y27  i_dmi_jtag/FSM_sequential_state_q_reg[2]/C
High Pulse Width  Slow    FDCE/C   n/a            0.500         50.000      49.500     SLICE_X86Y10   i_dmi_jtag/address_q_reg[0]/C
High Pulse Width  Fast    FDCE/C   n/a            0.500         50.000      49.500     SLICE_X86Y10   i_dmi_jtag/address_q_reg[0]/C
High Pulse Width  Slow    FDCE/C   n/a            0.500         50.000      49.500     SLICE_X86Y10   i_dmi_jtag/address_q_reg[1]/C
High Pulse Width  Fast    FDCE/C   n/a            0.500         50.000      49.500     SLICE_X86Y10   i_dmi_jtag/address_q_reg[1]/C



---------------------------------------------------------------------------------------------------
From Clock:  tck
  To Clock:  clk_out1_xlnx_clk_gen

Setup :            0  Failing Endpoints,  Worst Slack        8.911ns,  Total Violation        0.000ns
Hold  :            0  Failing Endpoints,  Worst Slack        2.817ns,  Total Violation        0.000ns
---------------------------------------------------------------------------------------------------


Max Delay Paths
--------------------------------------------------------------------------------------
Slack (MET) :             8.911ns  (required time - arrival time)
  Source:                 i_dmi_jtag/i_dmi_cdc/i_cdc_req/i_src/data_src_q_reg[addr][6]/C
                            (rising edge-triggered cell FDCE clocked by tck  {rise@0.000ns fall@50.000ns period=100.000ns})
  Destination:            i_dmi_jtag/i_dmi_cdc/i_cdc_req/i_dst/data_dst_q_reg[addr][6]/D
                            (rising edge-triggered cell FDCE clocked by clk_out1_xlnx_clk_gen  {rise@0.000ns fall@10.000ns period=20.000ns})
  Path Group:             clk_out1_xlnx_clk_gen
  Path Type:              Setup (Max at Slow Process Corner)
  Requirement:            20.000ns  (clk_out1_xlnx_clk_gen rise@20.000ns - tck rise@0.000ns)
  Data Path Delay:        1.812ns  (logic 0.456ns (25.162%)  route 1.356ns (74.838%))
  Logic Levels:           0  
  Clock Path Skew:        -8.631ns (DCD - SCD + CPR)
    Destination Clock Delay (DCD):    -1.585ns = ( 18.415 - 20.000 ) 
    Source Clock Delay      (SCD):    7.046ns
    Clock Pessimism Removal (CPR):    0.000ns
  Clock Uncertainty:      0.603ns  ((TSJ^2 + TIJ^2 + DJ^2)^1/2) / 2 + PE
    Total System Jitter     (TSJ):    0.071ns
    Total Input Jitter      (TIJ):    1.000ns
    Discrete Jitter          (DJ):    0.142ns
    Phase Error              (PE):    0.097ns
  Clock Domain Crossing:  Inter clock paths are considered valid unless explicitly excluded by timing constraints such as set_clock_groups or set_false_path.

    Location             Delay type                Incr(ns)  Path(ns)    Netlist Resource(s)
  -------------------------------------------------------------------    -------------------
                         (clock tck rise edge)        0.000     0.000 r  
    H15                                               0.000     0.000 r  tck (IN)
                         net (fo=0)                   0.000     0.000    tck
    H15                  IBUF (Prop_ibuf_I_O)         1.500     1.500 r  tck_IBUF_inst/O
                         net (fo=1, routed)           3.659     5.159    tck_IBUF
    BUFGCTRL_X0Y0        BUFG (Prop_bufg_I_O)         0.101     5.260 r  tck_IBUF_BUFG_inst/O
                         net (fo=258, routed)         1.786     7.046    i_dmi_jtag/i_dmi_cdc/i_cdc_req/i_src/CLK
    SLICE_X103Y21        FDCE                                         r  i_dmi_jtag/i_dmi_cdc/i_cdc_req/i_src/data_src_q_reg[addr][6]/C
  -------------------------------------------------------------------    -------------------
    SLICE_X103Y21        FDCE (Prop_fdce_C_Q)         0.456     7.502 r  i_dmi_jtag/i_dmi_cdc/i_cdc_req/i_src/data_src_q_reg[addr][6]/Q
                         net (fo=1, routed)           1.356     8.859    i_dmi_jtag/i_dmi_cdc/i_cdc_req/i_dst/data_dst_q_reg[addr][6]_1[6]
    SLICE_X83Y9          FDCE                                         r  i_dmi_jtag/i_dmi_cdc/i_cdc_req/i_dst/data_dst_q_reg[addr][6]/D
  -------------------------------------------------------------------    -------------------

                         (clock clk_out1_xlnx_clk_gen rise edge)
                                                     20.000    20.000 r  
    K17                                               0.000    20.000 r  clk_sys (IN)
                         net (fo=0)                   0.000    20.000    i_xlnx_clk_gen/inst/clk_in1
    K17                  IBUF (Prop_ibuf_I_O)         1.404    21.404 r  i_xlnx_clk_gen/inst/clkin1_ibufg/O
                         net (fo=1, routed)           1.162    22.566    i_xlnx_clk_gen/inst/clk_in1_xlnx_clk_gen
    MMCME2_ADV_X1Y2      MMCME2_ADV (Prop_mmcme2_adv_CLKIN1_CLKOUT0)
                                                     -7.814    14.752 r  i_xlnx_clk_gen/inst/mmcm_adv_inst/CLKOUT0
                         net (fo=1, routed)           2.012    16.764    i_xlnx_clk_gen/inst/clk_out1_xlnx_clk_gen
    BUFGCTRL_X0Y16       BUFG (Prop_bufg_I_O)         0.091    16.855 r  i_xlnx_clk_gen/inst/clkout1_buf/O
                         net (fo=16470, routed)       1.560    18.415    i_dmi_jtag/i_dmi_cdc/i_cdc_req/i_dst/clk_out1
    SLICE_X83Y9          FDCE                                         r  i_dmi_jtag/i_dmi_cdc/i_cdc_req/i_dst/data_dst_q_reg[addr][6]/C
                         clock pessimism              0.000    18.415    
                         clock uncertainty           -0.603    17.812    
    SLICE_X83Y9          FDCE (Setup_fdce_C_D)       -0.043    17.769    i_dmi_jtag/i_dmi_cdc/i_cdc_req/i_dst/data_dst_q_reg[addr][6]
  -------------------------------------------------------------------
                         required time                         17.769    
                         arrival time                          -8.859    
  -------------------------------------------------------------------
                         slack                                  8.911    

Slack (MET) :             9.224ns  (required time - arrival time)
  Source:                 i_dmi_jtag/i_dmi_cdc/i_cdc_req/i_src/req_src_q_reg/C
                            (rising edge-triggered cell FDCE clocked by tck  {rise@0.000ns fall@50.000ns period=100.000ns})
  Destination:            i_dmi_jtag/i_dmi_cdc/i_cdc_req/i_dst/req_dst_q_reg/D
                            (rising edge-triggered cell FDCE clocked by clk_out1_xlnx_clk_gen  {rise@0.000ns fall@10.000ns period=20.000ns})
  Path Group:             clk_out1_xlnx_clk_gen
  Path Type:              Setup (Max at Slow Process Corner)
  Requirement:            20.000ns  (clk_out1_xlnx_clk_gen rise@20.000ns - tck rise@0.000ns)
  Data Path Delay:        1.490ns  (logic 0.518ns (34.776%)  route 0.972ns (65.224%))
  Logic Levels:           0  
  Clock Path Skew:        -8.578ns (DCD - SCD + CPR)
    Destination Clock Delay (DCD):    -1.584ns = ( 18.416 - 20.000 ) 
    Source Clock Delay      (SCD):    6.994ns
    Clock Pessimism Removal (CPR):    0.000ns
  Clock Uncertainty:      0.603ns  ((TSJ^2 + TIJ^2 + DJ^2)^1/2) / 2 + PE
    Total System Jitter     (TSJ):    0.071ns
    Total Input Jitter      (TIJ):    1.000ns
    Discrete Jitter          (DJ):    0.142ns
    Phase Error              (PE):    0.097ns
  Clock Domain Crossing:  Inter clock paths are considered valid unless explicitly excluded by timing constraints such as set_clock_groups or set_false_path.

    Location             Delay type                Incr(ns)  Path(ns)    Netlist Resource(s)
  -------------------------------------------------------------------    -------------------
                         (clock tck rise edge)        0.000     0.000 r  
    H15                                               0.000     0.000 r  tck (IN)
                         net (fo=0)                   0.000     0.000    tck
    H15                  IBUF (Prop_ibuf_I_O)         1.500     1.500 r  tck_IBUF_inst/O
                         net (fo=1, routed)           3.659     5.159    tck_IBUF
    BUFGCTRL_X0Y0        BUFG (Prop_bufg_I_O)         0.101     5.260 r  tck_IBUF_BUFG_inst/O
                         net (fo=258, routed)         1.734     6.994    i_dmi_jtag/i_dmi_cdc/i_cdc_req/i_src/CLK
    SLICE_X82Y9          FDCE                                         r  i_dmi_jtag/i_dmi_cdc/i_cdc_req/i_src/req_src_q_reg/C
  -------------------------------------------------------------------    -------------------
    SLICE_X82Y9          FDCE (Prop_fdce_C_Q)         0.518     7.512 r  i_dmi_jtag/i_dmi_cdc/i_cdc_req/i_src/req_src_q_reg/Q
                         net (fo=3, routed)           0.972     8.484    i_dmi_jtag/i_dmi_cdc/i_cdc_req/i_dst/req_dst_q_reg_0
    SLICE_X84Y7          FDCE                                         r  i_dmi_jtag/i_dmi_cdc/i_cdc_req/i_dst/req_dst_q_reg/D
  -------------------------------------------------------------------    -------------------

                         (clock clk_out1_xlnx_clk_gen rise edge)
                                                     20.000    20.000 r  
    K17                                               0.000    20.000 r  clk_sys (IN)
                         net (fo=0)                   0.000    20.000    i_xlnx_clk_gen/inst/clk_in1
    K17                  IBUF (Prop_ibuf_I_O)         1.404    21.404 r  i_xlnx_clk_gen/inst/clkin1_ibufg/O
                         net (fo=1, routed)           1.162    22.566    i_xlnx_clk_gen/inst/clk_in1_xlnx_clk_gen
    MMCME2_ADV_X1Y2      MMCME2_ADV (Prop_mmcme2_adv_CLKIN1_CLKOUT0)
                                                     -7.814    14.752 r  i_xlnx_clk_gen/inst/mmcm_adv_inst/CLKOUT0
                         net (fo=1, routed)           2.012    16.764    i_xlnx_clk_gen/inst/clk_out1_xlnx_clk_gen
    BUFGCTRL_X0Y16       BUFG (Prop_bufg_I_O)         0.091    16.855 r  i_xlnx_clk_gen/inst/clkout1_buf/O
                         net (fo=16470, routed)       1.561    18.416    i_dmi_jtag/i_dmi_cdc/i_cdc_req/i_dst/clk_out1
    SLICE_X84Y7          FDCE                                         r  i_dmi_jtag/i_dmi_cdc/i_cdc_req/i_dst/req_dst_q_reg/C
                         clock pessimism              0.000    18.416    
                         clock uncertainty           -0.603    17.813    
    SLICE_X84Y7          FDCE (Setup_fdce_C_D)       -0.105    17.708    i_dmi_jtag/i_dmi_cdc/i_cdc_req/i_dst/req_dst_q_reg
  -------------------------------------------------------------------
                         required time                         17.708    
                         arrival time                          -8.484    
  -------------------------------------------------------------------
                         slack                                  9.224    

Slack (MET) :             9.292ns  (required time - arrival time)
  Source:                 i_dmi_jtag/i_dmi_cdc/i_cdc_req/i_src/data_src_q_reg[data][10]/C
                            (rising edge-triggered cell FDCE clocked by tck  {rise@0.000ns fall@50.000ns period=100.000ns})
  Destination:            i_dmi_jtag/i_dmi_cdc/i_cdc_req/i_dst/data_dst_q_reg[data][10]/D
                            (rising edge-triggered cell FDCE clocked by clk_out1_xlnx_clk_gen  {rise@0.000ns fall@10.000ns period=20.000ns})
  Path Group:             clk_out1_xlnx_clk_gen
  Path Type:              Setup (Max at Slow Process Corner)
  Requirement:            20.000ns  (clk_out1_xlnx_clk_gen rise@20.000ns - tck rise@0.000ns)
  Data Path Delay:        1.247ns  (logic 0.419ns (33.600%)  route 0.828ns (66.400%))
  Logic Levels:           0  
  Clock Path Skew:        -8.578ns (DCD - SCD + CPR)
    Destination Clock Delay (DCD):    -1.583ns = ( 18.417 - 20.000 ) 
    Source Clock Delay      (SCD):    6.995ns
    Clock Pessimism Removal (CPR):    0.000ns
  Clock Uncertainty:      0.603ns  ((TSJ^2 + TIJ^2 + DJ^2)^1/2) / 2 + PE
    Total System Jitter     (TSJ):    0.071ns
    Total Input Jitter      (TIJ):    1.000ns
    Discrete Jitter          (DJ):    0.142ns
    Phase Error              (PE):    0.097ns
  Clock Domain Crossing:  Inter clock paths are considered valid unless explicitly excluded by timing constraints such as set_clock_groups or set_false_path.

    Location             Delay type                Incr(ns)  Path(ns)    Netlist Resource(s)
  -------------------------------------------------------------------    -------------------
                         (clock tck rise edge)        0.000     0.000 r  
    H15                                               0.000     0.000 r  tck (IN)
                         net (fo=0)                   0.000     0.000    tck
    H15                  IBUF (Prop_ibuf_I_O)         1.500     1.500 r  tck_IBUF_inst/O
                         net (fo=1, routed)           3.659     5.159    tck_IBUF
    BUFGCTRL_X0Y0        BUFG (Prop_bufg_I_O)         0.101     5.260 r  tck_IBUF_BUFG_inst/O
                         net (fo=258, routed)         1.735     6.995    i_dmi_jtag/i_dmi_cdc/i_cdc_req/i_src/CLK
    SLICE_X80Y6          FDCE                                         r  i_dmi_jtag/i_dmi_cdc/i_cdc_req/i_src/data_src_q_reg[data][10]/C
  -------------------------------------------------------------------    -------------------
    SLICE_X80Y6          FDCE (Prop_fdce_C_Q)         0.419     7.414 r  i_dmi_jtag/i_dmi_cdc/i_cdc_req/i_src/data_src_q_reg[data][10]/Q
                         net (fo=1, routed)           0.828     8.243    i_dmi_jtag/i_dmi_cdc/i_cdc_req/i_dst/data_dst_q_reg[data][31]_2[10]
    SLICE_X80Y5          FDCE                                         r  i_dmi_jtag/i_dmi_cdc/i_cdc_req/i_dst/data_dst_q_reg[data][10]/D
  -------------------------------------------------------------------    -------------------

                         (clock clk_out1_xlnx_clk_gen rise edge)
                                                     20.000    20.000 r  
    K17                                               0.000    20.000 r  clk_sys (IN)
                         net (fo=0)                   0.000    20.000    i_xlnx_clk_gen/inst/clk_in1
    K17                  IBUF (Prop_ibuf_I_O)         1.404    21.404 r  i_xlnx_clk_gen/inst/clkin1_ibufg/O
                         net (fo=1, routed)           1.162    22.566    i_xlnx_clk_gen/inst/clk_in1_xlnx_clk_gen
    MMCME2_ADV_X1Y2      MMCME2_ADV (Prop_mmcme2_adv_CLKIN1_CLKOUT0)
                                                     -7.814    14.752 r  i_xlnx_clk_gen/inst/mmcm_adv_inst/CLKOUT0
                         net (fo=1, routed)           2.012    16.764    i_xlnx_clk_gen/inst/clk_out1_xlnx_clk_gen
    BUFGCTRL_X0Y16       BUFG (Prop_bufg_I_O)         0.091    16.855 r  i_xlnx_clk_gen/inst/clkout1_buf/O
                         net (fo=16470, routed)       1.562    18.417    i_dmi_jtag/i_dmi_cdc/i_cdc_req/i_dst/clk_out1
    SLICE_X80Y5          FDCE                                         r  i_dmi_jtag/i_dmi_cdc/i_cdc_req/i_dst/data_dst_q_reg[data][10]/C
                         clock pessimism              0.000    18.417    
                         clock uncertainty           -0.603    17.814    
    SLICE_X80Y5          FDCE (Setup_fdce_C_D)       -0.280    17.534    i_dmi_jtag/i_dmi_cdc/i_cdc_req/i_dst/data_dst_q_reg[data][10]
  -------------------------------------------------------------------
                         required time                         17.534    
                         arrival time                          -8.243    
  -------------------------------------------------------------------
                         slack                                  9.292    

Slack (MET) :             9.386ns  (required time - arrival time)
  Source:                 i_dmi_jtag/i_dmi_cdc/i_cdc_req/i_src/data_src_q_reg[data][18]/C
                            (rising edge-triggered cell FDCE clocked by tck  {rise@0.000ns fall@50.000ns period=100.000ns})
  Destination:            i_dmi_jtag/i_dmi_cdc/i_cdc_req/i_dst/data_dst_q_reg[data][18]/D
                            (rising edge-triggered cell FDCE clocked by clk_out1_xlnx_clk_gen  {rise@0.000ns fall@10.000ns period=20.000ns})
  Path Group:             clk_out1_xlnx_clk_gen
  Path Type:              Setup (Max at Slow Process Corner)
  Requirement:            20.000ns  (clk_out1_xlnx_clk_gen rise@20.000ns - tck rise@0.000ns)
  Data Path Delay:        1.366ns  (logic 0.456ns (33.387%)  route 0.910ns (66.613%))
  Logic Levels:           0  
  Clock Path Skew:        -8.578ns (DCD - SCD + CPR)
    Destination Clock Delay (DCD):    -1.586ns = ( 18.414 - 20.000 ) 
    Source Clock Delay      (SCD):    6.992ns
    Clock Pessimism Removal (CPR):    0.000ns
  Clock Uncertainty:      0.603ns  ((TSJ^2 + TIJ^2 + DJ^2)^1/2) / 2 + PE
    Total System Jitter     (TSJ):    0.071ns
    Total Input Jitter      (TIJ):    1.000ns
    Discrete Jitter          (DJ):    0.142ns
    Phase Error              (PE):    0.097ns
  Clock Domain Crossing:  Inter clock paths are considered valid unless explicitly excluded by timing constraints such as set_clock_groups or set_false_path.

    Location             Delay type                Incr(ns)  Path(ns)    Netlist Resource(s)
  -------------------------------------------------------------------    -------------------
                         (clock tck rise edge)        0.000     0.000 r  
    H15                                               0.000     0.000 r  tck (IN)
                         net (fo=0)                   0.000     0.000    tck
    H15                  IBUF (Prop_ibuf_I_O)         1.500     1.500 r  tck_IBUF_inst/O
                         net (fo=1, routed)           3.659     5.159    tck_IBUF
    BUFGCTRL_X0Y0        BUFG (Prop_bufg_I_O)         0.101     5.260 r  tck_IBUF_BUFG_inst/O
                         net (fo=258, routed)         1.732     6.992    i_dmi_jtag/i_dmi_cdc/i_cdc_req/i_src/CLK
    SLICE_X77Y6          FDCE                                         r  i_dmi_jtag/i_dmi_cdc/i_cdc_req/i_src/data_src_q_reg[data][18]/C
  -------------------------------------------------------------------    -------------------
    SLICE_X77Y6          FDCE (Prop_fdce_C_Q)         0.456     7.448 r  i_dmi_jtag/i_dmi_cdc/i_cdc_req/i_src/data_src_q_reg[data][18]/Q
                         net (fo=1, routed)           0.910     8.358    i_dmi_jtag/i_dmi_cdc/i_cdc_req/i_dst/data_dst_q_reg[data][31]_2[18]
    SLICE_X73Y5          FDCE                                         r  i_dmi_jtag/i_dmi_cdc/i_cdc_req/i_dst/data_dst_q_reg[data][18]/D
  -------------------------------------------------------------------    -------------------

                         (clock clk_out1_xlnx_clk_gen rise edge)
                                                     20.000    20.000 r  
    K17                                               0.000    20.000 r  clk_sys (IN)
                         net (fo=0)                   0.000    20.000    i_xlnx_clk_gen/inst/clk_in1
    K17                  IBUF (Prop_ibuf_I_O)         1.404    21.404 r  i_xlnx_clk_gen/inst/clkin1_ibufg/O
                         net (fo=1, routed)           1.162    22.566    i_xlnx_clk_gen/inst/clk_in1_xlnx_clk_gen
    MMCME2_ADV_X1Y2      MMCME2_ADV (Prop_mmcme2_adv_CLKIN1_CLKOUT0)
                                                     -7.814    14.752 r  i_xlnx_clk_gen/inst/mmcm_adv_inst/CLKOUT0
                         net (fo=1, routed)           2.012    16.764    i_xlnx_clk_gen/inst/clk_out1_xlnx_clk_gen
    BUFGCTRL_X0Y16       BUFG (Prop_bufg_I_O)         0.091    16.855 r  i_xlnx_clk_gen/inst/clkout1_buf/O
                         net (fo=16470, routed)       1.559    18.414    i_dmi_jtag/i_dmi_cdc/i_cdc_req/i_dst/clk_out1
    SLICE_X73Y5          FDCE                                         r  i_dmi_jtag/i_dmi_cdc/i_cdc_req/i_dst/data_dst_q_reg[data][18]/C
                         clock pessimism              0.000    18.414    
                         clock uncertainty           -0.603    17.811    
    SLICE_X73Y5          FDCE (Setup_fdce_C_D)       -0.067    17.744    i_dmi_jtag/i_dmi_cdc/i_cdc_req/i_dst/data_dst_q_reg[data][18]
  -------------------------------------------------------------------
                         required time                         17.744    
                         arrival time                          -8.358    
  -------------------------------------------------------------------
                         slack                                  9.386    

Slack (MET) :             9.397ns  (required time - arrival time)
  Source:                 i_dmi_jtag/i_dmi_cdc/i_cdc_req/i_src/data_src_q_reg[data][27]/C
                            (rising edge-triggered cell FDCE clocked by tck  {rise@0.000ns fall@50.000ns period=100.000ns})
  Destination:            i_dmi_jtag/i_dmi_cdc/i_cdc_req/i_dst/data_dst_q_reg[data][27]/D
                            (rising edge-triggered cell FDCE clocked by clk_out1_xlnx_clk_gen  {rise@0.000ns fall@10.000ns period=20.000ns})
  Path Group:             clk_out1_xlnx_clk_gen
  Path Type:              Setup (Max at Slow Process Corner)
  Requirement:            20.000ns  (clk_out1_xlnx_clk_gen rise@20.000ns - tck rise@0.000ns)
  Data Path Delay:        1.188ns  (logic 0.419ns (35.276%)  route 0.769ns (64.724%))
  Logic Levels:           0  
  Clock Path Skew:        -8.576ns (DCD - SCD + CPR)
    Destination Clock Delay (DCD):    -1.586ns = ( 18.414 - 20.000 ) 
    Source Clock Delay      (SCD):    6.990ns
    Clock Pessimism Removal (CPR):    0.000ns
  Clock Uncertainty:      0.603ns  ((TSJ^2 + TIJ^2 + DJ^2)^1/2) / 2 + PE
    Total System Jitter     (TSJ):    0.071ns
    Total Input Jitter      (TIJ):    1.000ns
    Discrete Jitter          (DJ):    0.142ns
    Phase Error              (PE):    0.097ns
  Clock Domain Crossing:  Inter clock paths are considered valid unless explicitly excluded by timing constraints such as set_clock_groups or set_false_path.

    Location             Delay type                Incr(ns)  Path(ns)    Netlist Resource(s)
  -------------------------------------------------------------------    -------------------
                         (clock tck rise edge)        0.000     0.000 r  
    H15                                               0.000     0.000 r  tck (IN)
                         net (fo=0)                   0.000     0.000    tck
    H15                  IBUF (Prop_ibuf_I_O)         1.500     1.500 r  tck_IBUF_inst/O
                         net (fo=1, routed)           3.659     5.159    tck_IBUF
    BUFGCTRL_X0Y0        BUFG (Prop_bufg_I_O)         0.101     5.260 r  tck_IBUF_BUFG_inst/O
                         net (fo=258, routed)         1.730     6.990    i_dmi_jtag/i_dmi_cdc/i_cdc_req/i_src/CLK
    SLICE_X77Y9          FDCE                                         r  i_dmi_jtag/i_dmi_cdc/i_cdc_req/i_src/data_src_q_reg[data][27]/C
  -------------------------------------------------------------------    -------------------
    SLICE_X77Y9          FDCE (Prop_fdce_C_Q)         0.419     7.409 r  i_dmi_jtag/i_dmi_cdc/i_cdc_req/i_src/data_src_q_reg[data][27]/Q
                         net (fo=1, routed)           0.769     8.178    i_dmi_jtag/i_dmi_cdc/i_cdc_req/i_dst/data_dst_q_reg[data][31]_2[27]
    SLICE_X73Y5          FDCE                                         r  i_dmi_jtag/i_dmi_cdc/i_cdc_req/i_dst/data_dst_q_reg[data][27]/D
  -------------------------------------------------------------------    -------------------

                         (clock clk_out1_xlnx_clk_gen rise edge)
                                                     20.000    20.000 r  
    K17                                               0.000    20.000 r  clk_sys (IN)
                         net (fo=0)                   0.000    20.000    i_xlnx_clk_gen/inst/clk_in1
    K17                  IBUF (Prop_ibuf_I_O)         1.404    21.404 r  i_xlnx_clk_gen/inst/clkin1_ibufg/O
                         net (fo=1, routed)           1.162    22.566    i_xlnx_clk_gen/inst/clk_in1_xlnx_clk_gen
    MMCME2_ADV_X1Y2      MMCME2_ADV (Prop_mmcme2_adv_CLKIN1_CLKOUT0)
                                                     -7.814    14.752 r  i_xlnx_clk_gen/inst/mmcm_adv_inst/CLKOUT0
                         net (fo=1, routed)           2.012    16.764    i_xlnx_clk_gen/inst/clk_out1_xlnx_clk_gen
    BUFGCTRL_X0Y16       BUFG (Prop_bufg_I_O)         0.091    16.855 r  i_xlnx_clk_gen/inst/clkout1_buf/O
                         net (fo=16470, routed)       1.559    18.414    i_dmi_jtag/i_dmi_cdc/i_cdc_req/i_dst/clk_out1
    SLICE_X73Y5          FDCE                                         r  i_dmi_jtag/i_dmi_cdc/i_cdc_req/i_dst/data_dst_q_reg[data][27]/C
                         clock pessimism              0.000    18.414    
                         clock uncertainty           -0.603    17.811    
    SLICE_X73Y5          FDCE (Setup_fdce_C_D)       -0.236    17.575    i_dmi_jtag/i_dmi_cdc/i_cdc_req/i_dst/data_dst_q_reg[data][27]
  -------------------------------------------------------------------
                         required time                         17.575    
                         arrival time                          -8.178    
  -------------------------------------------------------------------
                         slack                                  9.397    

Slack (MET) :             9.419ns  (required time - arrival time)
  Source:                 i_dmi_jtag/i_dmi_cdc/i_cdc_req/i_src/data_src_q_reg[data][13]/C
                            (rising edge-triggered cell FDCE clocked by tck  {rise@0.000ns fall@50.000ns period=100.000ns})
  Destination:            i_dmi_jtag/i_dmi_cdc/i_cdc_req/i_dst/data_dst_q_reg[data][13]/D
                            (rising edge-triggered cell FDCE clocked by clk_out1_xlnx_clk_gen  {rise@0.000ns fall@10.000ns period=20.000ns})
  Path Group:             clk_out1_xlnx_clk_gen
  Path Type:              Setup (Max at Slow Process Corner)
  Requirement:            20.000ns  (clk_out1_xlnx_clk_gen rise@20.000ns - tck rise@0.000ns)
  Data Path Delay:        1.306ns  (logic 0.456ns (34.927%)  route 0.850ns (65.073%))
  Logic Levels:           0  
  Clock Path Skew:        -8.579ns (DCD - SCD + CPR)
    Destination Clock Delay (DCD):    -1.587ns = ( 18.413 - 20.000 ) 
    Source Clock Delay      (SCD):    6.992ns
    Clock Pessimism Removal (CPR):    0.000ns
  Clock Uncertainty:      0.603ns  ((TSJ^2 + TIJ^2 + DJ^2)^1/2) / 2 + PE
    Total System Jitter     (TSJ):    0.071ns
    Total Input Jitter      (TIJ):    1.000ns
    Discrete Jitter          (DJ):    0.142ns
    Phase Error              (PE):    0.097ns
  Clock Domain Crossing:  Inter clock paths are considered valid unless explicitly excluded by timing constraints such as set_clock_groups or set_false_path.

    Location             Delay type                Incr(ns)  Path(ns)    Netlist Resource(s)
  -------------------------------------------------------------------    -------------------
                         (clock tck rise edge)        0.000     0.000 r  
    H15                                               0.000     0.000 r  tck (IN)
                         net (fo=0)                   0.000     0.000    tck
    H15                  IBUF (Prop_ibuf_I_O)         1.500     1.500 r  tck_IBUF_inst/O
                         net (fo=1, routed)           3.659     5.159    tck_IBUF
    BUFGCTRL_X0Y0        BUFG (Prop_bufg_I_O)         0.101     5.260 r  tck_IBUF_BUFG_inst/O
                         net (fo=258, routed)         1.732     6.992    i_dmi_jtag/i_dmi_cdc/i_cdc_req/i_src/CLK
    SLICE_X77Y6          FDCE                                         r  i_dmi_jtag/i_dmi_cdc/i_cdc_req/i_src/data_src_q_reg[data][13]/C
  -------------------------------------------------------------------    -------------------
    SLICE_X77Y6          FDCE (Prop_fdce_C_Q)         0.456     7.448 r  i_dmi_jtag/i_dmi_cdc/i_cdc_req/i_src/data_src_q_reg[data][13]/Q
                         net (fo=1, routed)           0.850     8.298    i_dmi_jtag/i_dmi_cdc/i_cdc_req/i_dst/data_dst_q_reg[data][31]_2[13]
    SLICE_X74Y7          FDCE                                         r  i_dmi_jtag/i_dmi_cdc/i_cdc_req/i_dst/data_dst_q_reg[data][13]/D
  -------------------------------------------------------------------    -------------------

                         (clock clk_out1_xlnx_clk_gen rise edge)
                                                     20.000    20.000 r  
    K17                                               0.000    20.000 r  clk_sys (IN)
                         net (fo=0)                   0.000    20.000    i_xlnx_clk_gen/inst/clk_in1
    K17                  IBUF (Prop_ibuf_I_O)         1.404    21.404 r  i_xlnx_clk_gen/inst/clkin1_ibufg/O
                         net (fo=1, routed)           1.162    22.566    i_xlnx_clk_gen/inst/clk_in1_xlnx_clk_gen
    MMCME2_ADV_X1Y2      MMCME2_ADV (Prop_mmcme2_adv_CLKIN1_CLKOUT0)
                                                     -7.814    14.752 r  i_xlnx_clk_gen/inst/mmcm_adv_inst/CLKOUT0
                         net (fo=1, routed)           2.012    16.764    i_xlnx_clk_gen/inst/clk_out1_xlnx_clk_gen
    BUFGCTRL_X0Y16       BUFG (Prop_bufg_I_O)         0.091    16.855 r  i_xlnx_clk_gen/inst/clkout1_buf/O
                         net (fo=16470, routed)       1.558    18.413    i_dmi_jtag/i_dmi_cdc/i_cdc_req/i_dst/clk_out1
    SLICE_X74Y7          FDCE                                         r  i_dmi_jtag/i_dmi_cdc/i_cdc_req/i_dst/data_dst_q_reg[data][13]/C
                         clock pessimism              0.000    18.413    
                         clock uncertainty           -0.603    17.810    
    SLICE_X74Y7          FDCE (Setup_fdce_C_D)       -0.093    17.717    i_dmi_jtag/i_dmi_cdc/i_cdc_req/i_dst/data_dst_q_reg[data][13]
  -------------------------------------------------------------------
                         required time                         17.717    
                         arrival time                          -8.298    
  -------------------------------------------------------------------
                         slack                                  9.419    

Slack (MET) :             9.456ns  (required time - arrival time)
  Source:                 i_dmi_jtag/i_dmi_cdc/i_cdc_req/i_src/data_src_q_reg[data][11]/C
                            (rising edge-triggered cell FDCE clocked by tck  {rise@0.000ns fall@50.000ns period=100.000ns})
  Destination:            i_dmi_jtag/i_dmi_cdc/i_cdc_req/i_dst/data_dst_q_reg[data][11]/D
                            (rising edge-triggered cell FDCE clocked by clk_out1_xlnx_clk_gen  {rise@0.000ns fall@10.000ns period=20.000ns})
  Path Group:             clk_out1_xlnx_clk_gen
  Path Type:              Setup (Max at Slow Process Corner)
  Requirement:            20.000ns  (clk_out1_xlnx_clk_gen rise@20.000ns - tck rise@0.000ns)
  Data Path Delay:        1.258ns  (logic 0.456ns (36.257%)  route 0.802ns (63.743%))
  Logic Levels:           0  
  Clock Path Skew:        -8.578ns (DCD - SCD + CPR)
    Destination Clock Delay (DCD):    -1.583ns = ( 18.417 - 20.000 ) 
    Source Clock Delay      (SCD):    6.995ns
    Clock Pessimism Removal (CPR):    0.000ns
  Clock Uncertainty:      0.603ns  ((TSJ^2 + TIJ^2 + DJ^2)^1/2) / 2 + PE
    Total System Jitter     (TSJ):    0.071ns
    Total Input Jitter      (TIJ):    1.000ns
    Discrete Jitter          (DJ):    0.142ns
    Phase Error              (PE):    0.097ns
  Clock Domain Crossing:  Inter clock paths are considered valid unless explicitly excluded by timing constraints such as set_clock_groups or set_false_path.

    Location             Delay type                Incr(ns)  Path(ns)    Netlist Resource(s)
  -------------------------------------------------------------------    -------------------
                         (clock tck rise edge)        0.000     0.000 r  
    H15                                               0.000     0.000 r  tck (IN)
                         net (fo=0)                   0.000     0.000    tck
    H15                  IBUF (Prop_ibuf_I_O)         1.500     1.500 r  tck_IBUF_inst/O
                         net (fo=1, routed)           3.659     5.159    tck_IBUF
    BUFGCTRL_X0Y0        BUFG (Prop_bufg_I_O)         0.101     5.260 r  tck_IBUF_BUFG_inst/O
                         net (fo=258, routed)         1.735     6.995    i_dmi_jtag/i_dmi_cdc/i_cdc_req/i_src/CLK
    SLICE_X80Y6          FDCE                                         r  i_dmi_jtag/i_dmi_cdc/i_cdc_req/i_src/data_src_q_reg[data][11]/C
  -------------------------------------------------------------------    -------------------
    SLICE_X80Y6          FDCE (Prop_fdce_C_Q)         0.456     7.451 r  i_dmi_jtag/i_dmi_cdc/i_cdc_req/i_src/data_src_q_reg[data][11]/Q
                         net (fo=1, routed)           0.802     8.253    i_dmi_jtag/i_dmi_cdc/i_cdc_req/i_dst/data_dst_q_reg[data][31]_2[11]
    SLICE_X80Y5          FDCE                                         r  i_dmi_jtag/i_dmi_cdc/i_cdc_req/i_dst/data_dst_q_reg[data][11]/D
  -------------------------------------------------------------------    -------------------

                         (clock clk_out1_xlnx_clk_gen rise edge)
                                                     20.000    20.000 r  
    K17                                               0.000    20.000 r  clk_sys (IN)
                         net (fo=0)                   0.000    20.000    i_xlnx_clk_gen/inst/clk_in1
    K17                  IBUF (Prop_ibuf_I_O)         1.404    21.404 r  i_xlnx_clk_gen/inst/clkin1_ibufg/O
                         net (fo=1, routed)           1.162    22.566    i_xlnx_clk_gen/inst/clk_in1_xlnx_clk_gen
    MMCME2_ADV_X1Y2      MMCME2_ADV (Prop_mmcme2_adv_CLKIN1_CLKOUT0)
                                                     -7.814    14.752 r  i_xlnx_clk_gen/inst/mmcm_adv_inst/CLKOUT0
                         net (fo=1, routed)           2.012    16.764    i_xlnx_clk_gen/inst/clk_out1_xlnx_clk_gen
    BUFGCTRL_X0Y16       BUFG (Prop_bufg_I_O)         0.091    16.855 r  i_xlnx_clk_gen/inst/clkout1_buf/O
                         net (fo=16470, routed)       1.562    18.417    i_dmi_jtag/i_dmi_cdc/i_cdc_req/i_dst/clk_out1
    SLICE_X80Y5          FDCE                                         r  i_dmi_jtag/i_dmi_cdc/i_cdc_req/i_dst/data_dst_q_reg[data][11]/C
                         clock pessimism              0.000    18.417    
                         clock uncertainty           -0.603    17.814    
    SLICE_X80Y5          FDCE (Setup_fdce_C_D)       -0.105    17.709    i_dmi_jtag/i_dmi_cdc/i_cdc_req/i_dst/data_dst_q_reg[data][11]
  -------------------------------------------------------------------
                         required time                         17.709    
                         arrival time                          -8.253    
  -------------------------------------------------------------------
                         slack                                  9.456    

Slack (MET) :             9.492ns  (required time - arrival time)
  Source:                 i_dmi_jtag/i_dmi_cdc/i_cdc_req/i_src/data_src_q_reg[addr][1]/C
                            (rising edge-triggered cell FDCE clocked by tck  {rise@0.000ns fall@50.000ns period=100.000ns})
  Destination:            i_dmi_jtag/i_dmi_cdc/i_cdc_req/i_dst/data_dst_q_reg[addr][1]/D
                            (rising edge-triggered cell FDCE clocked by clk_out1_xlnx_clk_gen  {rise@0.000ns fall@10.000ns period=20.000ns})
  Path Group:             clk_out1_xlnx_clk_gen
  Path Type:              Setup (Max at Slow Process Corner)
  Requirement:            20.000ns  (clk_out1_xlnx_clk_gen rise@20.000ns - tck rise@0.000ns)
  Data Path Delay:        1.062ns  (logic 0.478ns (45.029%)  route 0.584ns (54.971%))
  Logic Levels:           0  
  Clock Path Skew:        -8.579ns (DCD - SCD + CPR)
    Destination Clock Delay (DCD):    -1.585ns = ( 18.415 - 20.000 ) 
    Source Clock Delay      (SCD):    6.994ns
    Clock Pessimism Removal (CPR):    0.000ns
  Clock Uncertainty:      0.603ns  ((TSJ^2 + TIJ^2 + DJ^2)^1/2) / 2 + PE
    Total System Jitter     (TSJ):    0.071ns
    Total Input Jitter      (TIJ):    1.000ns
    Discrete Jitter          (DJ):    0.142ns
    Phase Error              (PE):    0.097ns
  Clock Domain Crossing:  Inter clock paths are considered valid unless explicitly excluded by timing constraints such as set_clock_groups or set_false_path.

    Location             Delay type                Incr(ns)  Path(ns)    Netlist Resource(s)
  -------------------------------------------------------------------    -------------------
                         (clock tck rise edge)        0.000     0.000 r  
    H15                                               0.000     0.000 r  tck (IN)
                         net (fo=0)                   0.000     0.000    tck
    H15                  IBUF (Prop_ibuf_I_O)         1.500     1.500 r  tck_IBUF_inst/O
                         net (fo=1, routed)           3.659     5.159    tck_IBUF
    BUFGCTRL_X0Y0        BUFG (Prop_bufg_I_O)         0.101     5.260 r  tck_IBUF_BUFG_inst/O
                         net (fo=258, routed)         1.734     6.994    i_dmi_jtag/i_dmi_cdc/i_cdc_req/i_src/CLK
    SLICE_X82Y9          FDCE                                         r  i_dmi_jtag/i_dmi_cdc/i_cdc_req/i_src/data_src_q_reg[addr][1]/C
  -------------------------------------------------------------------    -------------------
    SLICE_X82Y9          FDCE (Prop_fdce_C_Q)         0.478     7.472 r  i_dmi_jtag/i_dmi_cdc/i_cdc_req/i_src/data_src_q_reg[addr][1]/Q
                         net (fo=1, routed)           0.584     8.056    i_dmi_jtag/i_dmi_cdc/i_cdc_req/i_dst/data_dst_q_reg[addr][6]_1[1]
    SLICE_X83Y9          FDCE                                         r  i_dmi_jtag/i_dmi_cdc/i_cdc_req/i_dst/data_dst_q_reg[addr][1]/D
  -------------------------------------------------------------------    -------------------

                         (clock clk_out1_xlnx_clk_gen rise edge)
                                                     20.000    20.000 r  
    K17                                               0.000    20.000 r  clk_sys (IN)
                         net (fo=0)                   0.000    20.000    i_xlnx_clk_gen/inst/clk_in1
    K17                  IBUF (Prop_ibuf_I_O)         1.404    21.404 r  i_xlnx_clk_gen/inst/clkin1_ibufg/O
                         net (fo=1, routed)           1.162    22.566    i_xlnx_clk_gen/inst/clk_in1_xlnx_clk_gen
    MMCME2_ADV_X1Y2      MMCME2_ADV (Prop_mmcme2_adv_CLKIN1_CLKOUT0)
                                                     -7.814    14.752 r  i_xlnx_clk_gen/inst/mmcm_adv_inst/CLKOUT0
                         net (fo=1, routed)           2.012    16.764    i_xlnx_clk_gen/inst/clk_out1_xlnx_clk_gen
    BUFGCTRL_X0Y16       BUFG (Prop_bufg_I_O)         0.091    16.855 r  i_xlnx_clk_gen/inst/clkout1_buf/O
                         net (fo=16470, routed)       1.560    18.415    i_dmi_jtag/i_dmi_cdc/i_cdc_req/i_dst/clk_out1
    SLICE_X83Y9          FDCE                                         r  i_dmi_jtag/i_dmi_cdc/i_cdc_req/i_dst/data_dst_q_reg[addr][1]/C
                         clock pessimism              0.000    18.415    
                         clock uncertainty           -0.603    17.812    
    SLICE_X83Y9          FDCE (Setup_fdce_C_D)       -0.264    17.548    i_dmi_jtag/i_dmi_cdc/i_cdc_req/i_dst/data_dst_q_reg[addr][1]
  -------------------------------------------------------------------
                         required time                         17.548    
                         arrival time                          -8.056    
  -------------------------------------------------------------------
                         slack                                  9.492    

Slack (MET) :             9.507ns  (required time - arrival time)
  Source:                 i_dmi_jtag/i_dmi_cdc/i_cdc_req/i_src/data_src_q_reg[data][28]/C
                            (rising edge-triggered cell FDCE clocked by tck  {rise@0.000ns fall@50.000ns period=100.000ns})
  Destination:            i_dmi_jtag/i_dmi_cdc/i_cdc_req/i_dst/data_dst_q_reg[data][28]/D
                            (rising edge-triggered cell FDCE clocked by clk_out1_xlnx_clk_gen  {rise@0.000ns fall@10.000ns period=20.000ns})
  Path Group:             clk_out1_xlnx_clk_gen
  Path Type:              Setup (Max at Slow Process Corner)
  Requirement:            20.000ns  (clk_out1_xlnx_clk_gen rise@20.000ns - tck rise@0.000ns)
  Data Path Delay:        1.074ns  (logic 0.419ns (39.023%)  route 0.655ns (60.977%))
  Logic Levels:           0  
  Clock Path Skew:        -8.580ns (DCD - SCD + CPR)
    Destination Clock Delay (DCD):    -1.586ns = ( 18.414 - 20.000 ) 
    Source Clock Delay      (SCD):    6.994ns
    Clock Pessimism Removal (CPR):    0.000ns
  Clock Uncertainty:      0.603ns  ((TSJ^2 + TIJ^2 + DJ^2)^1/2) / 2 + PE
    Total System Jitter     (TSJ):    0.071ns
    Total Input Jitter      (TIJ):    1.000ns
    Discrete Jitter          (DJ):    0.142ns
    Phase Error              (PE):    0.097ns
  Clock Domain Crossing:  Inter clock paths are considered valid unless explicitly excluded by timing constraints such as set_clock_groups or set_false_path.

    Location             Delay type                Incr(ns)  Path(ns)    Netlist Resource(s)
  -------------------------------------------------------------------    -------------------
                         (clock tck rise edge)        0.000     0.000 r  
    H15                                               0.000     0.000 r  tck (IN)
                         net (fo=0)                   0.000     0.000    tck
    H15                  IBUF (Prop_ibuf_I_O)         1.500     1.500 r  tck_IBUF_inst/O
                         net (fo=1, routed)           3.659     5.159    tck_IBUF
    BUFGCTRL_X0Y0        BUFG (Prop_bufg_I_O)         0.101     5.260 r  tck_IBUF_BUFG_inst/O
                         net (fo=258, routed)         1.734     6.994    i_dmi_jtag/i_dmi_cdc/i_cdc_req/i_src/CLK
    SLICE_X84Y10         FDCE                                         r  i_dmi_jtag/i_dmi_cdc/i_cdc_req/i_src/data_src_q_reg[data][28]/C
  -------------------------------------------------------------------    -------------------
    SLICE_X84Y10         FDCE (Prop_fdce_C_Q)         0.419     7.413 r  i_dmi_jtag/i_dmi_cdc/i_cdc_req/i_src/data_src_q_reg[data][28]/Q
                         net (fo=1, routed)           0.655     8.068    i_dmi_jtag/i_dmi_cdc/i_cdc_req/i_dst/data_dst_q_reg[data][31]_2[28]
    SLICE_X78Y9          FDCE                                         r  i_dmi_jtag/i_dmi_cdc/i_cdc_req/i_dst/data_dst_q_reg[data][28]/D
  -------------------------------------------------------------------    -------------------

                         (clock clk_out1_xlnx_clk_gen rise edge)
                                                     20.000    20.000 r  
    K17                                               0.000    20.000 r  clk_sys (IN)
                         net (fo=0)                   0.000    20.000    i_xlnx_clk_gen/inst/clk_in1
    K17                  IBUF (Prop_ibuf_I_O)         1.404    21.404 r  i_xlnx_clk_gen/inst/clkin1_ibufg/O
                         net (fo=1, routed)           1.162    22.566    i_xlnx_clk_gen/inst/clk_in1_xlnx_clk_gen
    MMCME2_ADV_X1Y2      MMCME2_ADV (Prop_mmcme2_adv_CLKIN1_CLKOUT0)
                                                     -7.814    14.752 r  i_xlnx_clk_gen/inst/mmcm_adv_inst/CLKOUT0
                         net (fo=1, routed)           2.012    16.764    i_xlnx_clk_gen/inst/clk_out1_xlnx_clk_gen
    BUFGCTRL_X0Y16       BUFG (Prop_bufg_I_O)         0.091    16.855 r  i_xlnx_clk_gen/inst/clkout1_buf/O
                         net (fo=16470, routed)       1.559    18.414    i_dmi_jtag/i_dmi_cdc/i_cdc_req/i_dst/clk_out1
    SLICE_X78Y9          FDCE                                         r  i_dmi_jtag/i_dmi_cdc/i_cdc_req/i_dst/data_dst_q_reg[data][28]/C
                         clock pessimism              0.000    18.414    
                         clock uncertainty           -0.603    17.811    
    SLICE_X78Y9          FDCE (Setup_fdce_C_D)       -0.236    17.575    i_dmi_jtag/i_dmi_cdc/i_cdc_req/i_dst/data_dst_q_reg[data][28]
  -------------------------------------------------------------------
                         required time                         17.575    
                         arrival time                          -8.068    
  -------------------------------------------------------------------
                         slack                                  9.507    

Slack (MET) :             9.520ns  (required time - arrival time)
  Source:                 i_dmi_jtag/i_dmi_cdc/i_cdc_req/i_src/data_src_q_reg[data][3]/C
                            (rising edge-triggered cell FDCE clocked by tck  {rise@0.000ns fall@50.000ns period=100.000ns})
  Destination:            i_dmi_jtag/i_dmi_cdc/i_cdc_req/i_dst/data_dst_q_reg[data][3]/D
                            (rising edge-triggered cell FDCE clocked by clk_out1_xlnx_clk_gen  {rise@0.000ns fall@10.000ns period=20.000ns})
  Path Group:             clk_out1_xlnx_clk_gen
  Path Type:              Setup (Max at Slow Process Corner)
  Requirement:            20.000ns  (clk_out1_xlnx_clk_gen rise@20.000ns - tck rise@0.000ns)
  Data Path Delay:        1.066ns  (logic 0.419ns (39.309%)  route 0.647ns (60.691%))
  Logic Levels:           0  
  Clock Path Skew:        -8.576ns (DCD - SCD + CPR)
    Destination Clock Delay (DCD):    -1.586ns = ( 18.414 - 20.000 ) 
    Source Clock Delay      (SCD):    6.990ns
    Clock Pessimism Removal (CPR):    0.000ns
  Clock Uncertainty:      0.603ns  ((TSJ^2 + TIJ^2 + DJ^2)^1/2) / 2 + PE
    Total System Jitter     (TSJ):    0.071ns
    Total Input Jitter      (TIJ):    1.000ns
    Discrete Jitter          (DJ):    0.142ns
    Phase Error              (PE):    0.097ns
  Clock Domain Crossing:  Inter clock paths are considered valid unless explicitly excluded by timing constraints such as set_clock_groups or set_false_path.

    Location             Delay type                Incr(ns)  Path(ns)    Netlist Resource(s)
  -------------------------------------------------------------------    -------------------
                         (clock tck rise edge)        0.000     0.000 r  
    H15                                               0.000     0.000 r  tck (IN)
                         net (fo=0)                   0.000     0.000    tck
    H15                  IBUF (Prop_ibuf_I_O)         1.500     1.500 r  tck_IBUF_inst/O
                         net (fo=1, routed)           3.659     5.159    tck_IBUF
    BUFGCTRL_X0Y0        BUFG (Prop_bufg_I_O)         0.101     5.260 r  tck_IBUF_BUFG_inst/O
                         net (fo=258, routed)         1.730     6.990    i_dmi_jtag/i_dmi_cdc/i_cdc_req/i_src/CLK
    SLICE_X77Y9          FDCE                                         r  i_dmi_jtag/i_dmi_cdc/i_cdc_req/i_src/data_src_q_reg[data][3]/C
  -------------------------------------------------------------------    -------------------
    SLICE_X77Y9          FDCE (Prop_fdce_C_Q)         0.419     7.409 r  i_dmi_jtag/i_dmi_cdc/i_cdc_req/i_src/data_src_q_reg[data][3]/Q
                         net (fo=1, routed)           0.647     8.056    i_dmi_jtag/i_dmi_cdc/i_cdc_req/i_dst/data_dst_q_reg[data][31]_2[3]
    SLICE_X76Y9          FDCE                                         r  i_dmi_jtag/i_dmi_cdc/i_cdc_req/i_dst/data_dst_q_reg[data][3]/D
  -------------------------------------------------------------------    -------------------

                         (clock clk_out1_xlnx_clk_gen rise edge)
                                                     20.000    20.000 r  
    K17                                               0.000    20.000 r  clk_sys (IN)
                         net (fo=0)                   0.000    20.000    i_xlnx_clk_gen/inst/clk_in1
    K17                  IBUF (Prop_ibuf_I_O)         1.404    21.404 r  i_xlnx_clk_gen/inst/clkin1_ibufg/O
                         net (fo=1, routed)           1.162    22.566    i_xlnx_clk_gen/inst/clk_in1_xlnx_clk_gen
    MMCME2_ADV_X1Y2      MMCME2_ADV (Prop_mmcme2_adv_CLKIN1_CLKOUT0)
                                                     -7.814    14.752 r  i_xlnx_clk_gen/inst/mmcm_adv_inst/CLKOUT0
                         net (fo=1, routed)           2.012    16.764    i_xlnx_clk_gen/inst/clk_out1_xlnx_clk_gen
    BUFGCTRL_X0Y16       BUFG (Prop_bufg_I_O)         0.091    16.855 r  i_xlnx_clk_gen/inst/clkout1_buf/O
                         net (fo=16470, routed)       1.559    18.414    i_dmi_jtag/i_dmi_cdc/i_cdc_req/i_dst/clk_out1
    SLICE_X76Y9          FDCE                                         r  i_dmi_jtag/i_dmi_cdc/i_cdc_req/i_dst/data_dst_q_reg[data][3]/C
                         clock pessimism              0.000    18.414    
                         clock uncertainty           -0.603    17.811    
    SLICE_X76Y9          FDCE (Setup_fdce_C_D)       -0.235    17.576    i_dmi_jtag/i_dmi_cdc/i_cdc_req/i_dst/data_dst_q_reg[data][3]
  -------------------------------------------------------------------
                         required time                         17.576    
                         arrival time                          -8.056    
  -------------------------------------------------------------------
                         slack                                  9.520    





Min Delay Paths
--------------------------------------------------------------------------------------
Slack (MET) :             2.817ns  (arrival time - required time)
  Source:                 i_dmi_jtag/i_dmi_cdc/i_cdc_req/i_src/data_src_q_reg[addr][2]/C
                            (rising edge-triggered cell FDCE clocked by tck  {rise@0.000ns fall@50.000ns period=100.000ns})
  Destination:            i_dmi_jtag/i_dmi_cdc/i_cdc_req/i_dst/data_dst_q_reg[addr][2]/D
                            (rising edge-triggered cell FDCE clocked by clk_out1_xlnx_clk_gen  {rise@0.000ns fall@10.000ns period=20.000ns})
  Path Group:             clk_out1_xlnx_clk_gen
  Path Type:              Hold (Min at Fast Process Corner)
  Requirement:            0.000ns  (clk_out1_xlnx_clk_gen rise@0.000ns - tck rise@0.000ns)
  Data Path Delay:        0.213ns  (logic 0.164ns (76.958%)  route 0.049ns (23.042%))
  Logic Levels:           0  
  Clock Path Skew:        -3.254ns (DCD - SCD - CPR)
    Destination Clock Delay (DCD):    -0.858ns
    Source Clock Delay      (SCD):    2.396ns
    Clock Pessimism Removal (CPR):    -0.000ns
  Clock Uncertainty:      0.603ns  ((TSJ^2 + TIJ^2 + DJ^2)^1/2) / 2 + PE
    Total System Jitter     (TSJ):    0.071ns
    Total Input Jitter      (TIJ):    1.000ns
    Discrete Jitter          (DJ):    0.142ns
    Phase Error              (PE):    0.097ns
  Clock Domain Crossing:  Inter clock paths are considered valid unless explicitly excluded by timing constraints such as set_clock_groups or set_false_path.

    Location             Delay type                Incr(ns)  Path(ns)    Netlist Resource(s)
  -------------------------------------------------------------------    -------------------
                         (clock tck rise edge)        0.000     0.000 r  
    H15                                               0.000     0.000 r  tck (IN)
                         net (fo=0)                   0.000     0.000    tck
    H15                  IBUF (Prop_ibuf_I_O)         0.268     0.268 r  tck_IBUF_inst/O
                         net (fo=1, routed)           1.516     1.784    tck_IBUF
    BUFGCTRL_X0Y0        BUFG (Prop_bufg_I_O)         0.026     1.810 r  tck_IBUF_BUFG_inst/O
                         net (fo=258, routed)         0.586     2.396    i_dmi_jtag/i_dmi_cdc/i_cdc_req/i_src/CLK
    SLICE_X82Y9          FDCE                                         r  i_dmi_jtag/i_dmi_cdc/i_cdc_req/i_src/data_src_q_reg[addr][2]/C
  -------------------------------------------------------------------    -------------------
    SLICE_X82Y9          FDCE (Prop_fdce_C_Q)         0.164     2.560 r  i_dmi_jtag/i_dmi_cdc/i_cdc_req/i_src/data_src_q_reg[addr][2]/Q
                         net (fo=1, routed)           0.049     2.609    i_dmi_jtag/i_dmi_cdc/i_cdc_req/i_dst/data_dst_q_reg[addr][6]_1[2]
    SLICE_X83Y9          FDCE                                         r  i_dmi_jtag/i_dmi_cdc/i_cdc_req/i_dst/data_dst_q_reg[addr][2]/D
  -------------------------------------------------------------------    -------------------

                         (clock clk_out1_xlnx_clk_gen rise edge)
                                                      0.000     0.000 r  
    K17                                               0.000     0.000 r  clk_sys (IN)
                         net (fo=0)                   0.000     0.000    i_xlnx_clk_gen/inst/clk_in1
    K17                  IBUF (Prop_ibuf_I_O)         0.431     0.431 r  i_xlnx_clk_gen/inst/clkin1_ibufg/O
                         net (fo=1, routed)           0.480     0.911    i_xlnx_clk_gen/inst/clk_in1_xlnx_clk_gen
    MMCME2_ADV_X1Y2      MMCME2_ADV (Prop_mmcme2_adv_CLKIN1_CLKOUT0)
                                                     -3.407    -2.496 r  i_xlnx_clk_gen/inst/mmcm_adv_inst/CLKOUT0
                         net (fo=1, routed)           0.752    -1.744    i_xlnx_clk_gen/inst/clk_out1_xlnx_clk_gen
    BUFGCTRL_X0Y16       BUFG (Prop_bufg_I_O)         0.029    -1.715 r  i_xlnx_clk_gen/inst/clkout1_buf/O
                         net (fo=16470, routed)       0.857    -0.858    i_dmi_jtag/i_dmi_cdc/i_cdc_req/i_dst/clk_out1
    SLICE_X83Y9          FDCE                                         r  i_dmi_jtag/i_dmi_cdc/i_cdc_req/i_dst/data_dst_q_reg[addr][2]/C
                         clock pessimism              0.000    -0.858    
                         clock uncertainty            0.603    -0.255    
    SLICE_X83Y9          FDCE (Hold_fdce_C_D)         0.047    -0.208    i_dmi_jtag/i_dmi_cdc/i_cdc_req/i_dst/data_dst_q_reg[addr][2]
  -------------------------------------------------------------------
                         required time                          0.208    
                         arrival time                           2.609    
  -------------------------------------------------------------------
                         slack                                  2.817    

Slack (MET) :             2.822ns  (arrival time - required time)
  Source:                 i_dmi_jtag/i_dmi_cdc/i_cdc_req/i_src/data_src_q_reg[data][31]/C
                            (rising edge-triggered cell FDCE clocked by tck  {rise@0.000ns fall@50.000ns period=100.000ns})
  Destination:            i_dmi_jtag/i_dmi_cdc/i_cdc_req/i_dst/data_dst_q_reg[data][31]/D
                            (rising edge-triggered cell FDCE clocked by clk_out1_xlnx_clk_gen  {rise@0.000ns fall@10.000ns period=20.000ns})
  Path Group:             clk_out1_xlnx_clk_gen
  Path Type:              Hold (Min at Fast Process Corner)
  Requirement:            0.000ns  (clk_out1_xlnx_clk_gen rise@0.000ns - tck rise@0.000ns)
  Data Path Delay:        0.187ns  (logic 0.128ns (68.397%)  route 0.059ns (31.603%))
  Logic Levels:           0  
  Clock Path Skew:        -3.254ns (DCD - SCD - CPR)
    Destination Clock Delay (DCD):    -0.859ns
    Source Clock Delay      (SCD):    2.395ns
    Clock Pessimism Removal (CPR):    -0.000ns
  Clock Uncertainty:      0.603ns  ((TSJ^2 + TIJ^2 + DJ^2)^1/2) / 2 + PE
    Total System Jitter     (TSJ):    0.071ns
    Total Input Jitter      (TIJ):    1.000ns
    Discrete Jitter          (DJ):    0.142ns
    Phase Error              (PE):    0.097ns
  Clock Domain Crossing:  Inter clock paths are considered valid unless explicitly excluded by timing constraints such as set_clock_groups or set_false_path.

    Location             Delay type                Incr(ns)  Path(ns)    Netlist Resource(s)
  -------------------------------------------------------------------    -------------------
                         (clock tck rise edge)        0.000     0.000 r  
    H15                                               0.000     0.000 r  tck (IN)
                         net (fo=0)                   0.000     0.000    tck
    H15                  IBUF (Prop_ibuf_I_O)         0.268     0.268 r  tck_IBUF_inst/O
                         net (fo=1, routed)           1.516     1.784    tck_IBUF
    BUFGCTRL_X0Y0        BUFG (Prop_bufg_I_O)         0.026     1.810 r  tck_IBUF_BUFG_inst/O
                         net (fo=258, routed)         0.585     2.395    i_dmi_jtag/i_dmi_cdc/i_cdc_req/i_src/CLK
    SLICE_X77Y8          FDCE                                         r  i_dmi_jtag/i_dmi_cdc/i_cdc_req/i_src/data_src_q_reg[data][31]/C
  -------------------------------------------------------------------    -------------------
    SLICE_X77Y8          FDCE (Prop_fdce_C_Q)         0.128     2.523 r  i_dmi_jtag/i_dmi_cdc/i_cdc_req/i_src/data_src_q_reg[data][31]/Q
                         net (fo=1, routed)           0.059     2.582    i_dmi_jtag/i_dmi_cdc/i_cdc_req/i_dst/data_dst_q_reg[data][31]_2[31]
    SLICE_X76Y8          FDCE                                         r  i_dmi_jtag/i_dmi_cdc/i_cdc_req/i_dst/data_dst_q_reg[data][31]/D
  -------------------------------------------------------------------    -------------------

                         (clock clk_out1_xlnx_clk_gen rise edge)
                                                      0.000     0.000 r  
    K17                                               0.000     0.000 r  clk_sys (IN)
                         net (fo=0)                   0.000     0.000    i_xlnx_clk_gen/inst/clk_in1
    K17                  IBUF (Prop_ibuf_I_O)         0.431     0.431 r  i_xlnx_clk_gen/inst/clkin1_ibufg/O
                         net (fo=1, routed)           0.480     0.911    i_xlnx_clk_gen/inst/clk_in1_xlnx_clk_gen
    MMCME2_ADV_X1Y2      MMCME2_ADV (Prop_mmcme2_adv_CLKIN1_CLKOUT0)
                                                     -3.407    -2.496 r  i_xlnx_clk_gen/inst/mmcm_adv_inst/CLKOUT0
                         net (fo=1, routed)           0.752    -1.744    i_xlnx_clk_gen/inst/clk_out1_xlnx_clk_gen
    BUFGCTRL_X0Y16       BUFG (Prop_bufg_I_O)         0.029    -1.715 r  i_xlnx_clk_gen/inst/clkout1_buf/O
                         net (fo=16470, routed)       0.856    -0.859    i_dmi_jtag/i_dmi_cdc/i_cdc_req/i_dst/clk_out1
    SLICE_X76Y8          FDCE                                         r  i_dmi_jtag/i_dmi_cdc/i_cdc_req/i_dst/data_dst_q_reg[data][31]/C
                         clock pessimism              0.000    -0.859    
                         clock uncertainty            0.603    -0.256    
    SLICE_X76Y8          FDCE (Hold_fdce_C_D)         0.016    -0.240    i_dmi_jtag/i_dmi_cdc/i_cdc_req/i_dst/data_dst_q_reg[data][31]
  -------------------------------------------------------------------
                         required time                          0.240    
                         arrival time                           2.582    
  -------------------------------------------------------------------
                         slack                                  2.822    

Slack (MET) :             2.822ns  (arrival time - required time)
  Source:                 i_dmi_jtag/i_dmi_cdc/i_cdc_req/i_src/data_src_q_reg[data][5]/C
                            (rising edge-triggered cell FDCE clocked by tck  {rise@0.000ns fall@50.000ns period=100.000ns})
  Destination:            i_dmi_jtag/i_dmi_cdc/i_cdc_req/i_dst/data_dst_q_reg[data][5]/D
                            (rising edge-triggered cell FDCE clocked by clk_out1_xlnx_clk_gen  {rise@0.000ns fall@10.000ns period=20.000ns})
  Path Group:             clk_out1_xlnx_clk_gen
  Path Type:              Hold (Min at Fast Process Corner)
  Requirement:            0.000ns  (clk_out1_xlnx_clk_gen rise@0.000ns - tck rise@0.000ns)
  Data Path Delay:        0.190ns  (logic 0.128ns (67.295%)  route 0.062ns (32.705%))
  Logic Levels:           0  
  Clock Path Skew:        -3.254ns (DCD - SCD - CPR)
    Destination Clock Delay (DCD):    -0.859ns
    Source Clock Delay      (SCD):    2.395ns
    Clock Pessimism Removal (CPR):    -0.000ns
  Clock Uncertainty:      0.603ns  ((TSJ^2 + TIJ^2 + DJ^2)^1/2) / 2 + PE
    Total System Jitter     (TSJ):    0.071ns
    Total Input Jitter      (TIJ):    1.000ns
    Discrete Jitter          (DJ):    0.142ns
    Phase Error              (PE):    0.097ns
  Clock Domain Crossing:  Inter clock paths are considered valid unless explicitly excluded by timing constraints such as set_clock_groups or set_false_path.

    Location             Delay type                Incr(ns)  Path(ns)    Netlist Resource(s)
  -------------------------------------------------------------------    -------------------
                         (clock tck rise edge)        0.000     0.000 r  
    H15                                               0.000     0.000 r  tck (IN)
                         net (fo=0)                   0.000     0.000    tck
    H15                  IBUF (Prop_ibuf_I_O)         0.268     0.268 r  tck_IBUF_inst/O
                         net (fo=1, routed)           1.516     1.784    tck_IBUF
    BUFGCTRL_X0Y0        BUFG (Prop_bufg_I_O)         0.026     1.810 r  tck_IBUF_BUFG_inst/O
                         net (fo=258, routed)         0.585     2.395    i_dmi_jtag/i_dmi_cdc/i_cdc_req/i_src/CLK
    SLICE_X77Y8          FDCE                                         r  i_dmi_jtag/i_dmi_cdc/i_cdc_req/i_src/data_src_q_reg[data][5]/C
  -------------------------------------------------------------------    -------------------
    SLICE_X77Y8          FDCE (Prop_fdce_C_Q)         0.128     2.523 r  i_dmi_jtag/i_dmi_cdc/i_cdc_req/i_src/data_src_q_reg[data][5]/Q
                         net (fo=1, routed)           0.062     2.585    i_dmi_jtag/i_dmi_cdc/i_cdc_req/i_dst/data_dst_q_reg[data][31]_2[5]
    SLICE_X76Y8          FDCE                                         r  i_dmi_jtag/i_dmi_cdc/i_cdc_req/i_dst/data_dst_q_reg[data][5]/D
  -------------------------------------------------------------------    -------------------

                         (clock clk_out1_xlnx_clk_gen rise edge)
                                                      0.000     0.000 r  
    K17                                               0.000     0.000 r  clk_sys (IN)
                         net (fo=0)                   0.000     0.000    i_xlnx_clk_gen/inst/clk_in1
    K17                  IBUF (Prop_ibuf_I_O)         0.431     0.431 r  i_xlnx_clk_gen/inst/clkin1_ibufg/O
                         net (fo=1, routed)           0.480     0.911    i_xlnx_clk_gen/inst/clk_in1_xlnx_clk_gen
    MMCME2_ADV_X1Y2      MMCME2_ADV (Prop_mmcme2_adv_CLKIN1_CLKOUT0)
                                                     -3.407    -2.496 r  i_xlnx_clk_gen/inst/mmcm_adv_inst/CLKOUT0
                         net (fo=1, routed)           0.752    -1.744    i_xlnx_clk_gen/inst/clk_out1_xlnx_clk_gen
    BUFGCTRL_X0Y16       BUFG (Prop_bufg_I_O)         0.029    -1.715 r  i_xlnx_clk_gen/inst/clkout1_buf/O
                         net (fo=16470, routed)       0.856    -0.859    i_dmi_jtag/i_dmi_cdc/i_cdc_req/i_dst/clk_out1
    SLICE_X76Y8          FDCE                                         r  i_dmi_jtag/i_dmi_cdc/i_cdc_req/i_dst/data_dst_q_reg[data][5]/C
                         clock pessimism              0.000    -0.859    
                         clock uncertainty            0.603    -0.256    
    SLICE_X76Y8          FDCE (Hold_fdce_C_D)         0.019    -0.237    i_dmi_jtag/i_dmi_cdc/i_cdc_req/i_dst/data_dst_q_reg[data][5]
  -------------------------------------------------------------------
                         required time                          0.237    
                         arrival time                           2.585    
  -------------------------------------------------------------------
                         slack                                  2.822    

Slack (MET) :             2.837ns  (arrival time - required time)
  Source:                 i_dmi_jtag/i_dmi_cdc/i_cdc_req/i_src/data_src_q_reg[op][0]/C
                            (rising edge-triggered cell FDCE clocked by tck  {rise@0.000ns fall@50.000ns period=100.000ns})
  Destination:            i_dmi_jtag/i_dmi_cdc/i_cdc_req/i_dst/data_dst_q_reg[op][0]/D
                            (rising edge-triggered cell FDCE clocked by clk_out1_xlnx_clk_gen  {rise@0.000ns fall@10.000ns period=20.000ns})
  Path Group:             clk_out1_xlnx_clk_gen
  Path Type:              Hold (Min at Fast Process Corner)
  Requirement:            0.000ns  (clk_out1_xlnx_clk_gen rise@0.000ns - tck rise@0.000ns)
  Data Path Delay:        0.261ns  (logic 0.141ns (54.076%)  route 0.120ns (45.924%))
  Logic Levels:           0  
  Clock Path Skew:        -3.255ns (DCD - SCD - CPR)
    Destination Clock Delay (DCD):    -0.858ns
    Source Clock Delay      (SCD):    2.397ns
    Clock Pessimism Removal (CPR):    -0.000ns
  Clock Uncertainty:      0.603ns  ((TSJ^2 + TIJ^2 + DJ^2)^1/2) / 2 + PE
    Total System Jitter     (TSJ):    0.071ns
    Total Input Jitter      (TIJ):    1.000ns
    Discrete Jitter          (DJ):    0.142ns
    Phase Error              (PE):    0.097ns
  Clock Domain Crossing:  Inter clock paths are considered valid unless explicitly excluded by timing constraints such as set_clock_groups or set_false_path.

    Location             Delay type                Incr(ns)  Path(ns)    Netlist Resource(s)
  -------------------------------------------------------------------    -------------------
                         (clock tck rise edge)        0.000     0.000 r  
    H15                                               0.000     0.000 r  tck (IN)
                         net (fo=0)                   0.000     0.000    tck
    H15                  IBUF (Prop_ibuf_I_O)         0.268     0.268 r  tck_IBUF_inst/O
                         net (fo=1, routed)           1.516     1.784    tck_IBUF
    BUFGCTRL_X0Y0        BUFG (Prop_bufg_I_O)         0.026     1.810 r  tck_IBUF_BUFG_inst/O
                         net (fo=258, routed)         0.587     2.397    i_dmi_jtag/i_dmi_cdc/i_cdc_req/i_src/CLK
    SLICE_X80Y6          FDCE                                         r  i_dmi_jtag/i_dmi_cdc/i_cdc_req/i_src/data_src_q_reg[op][0]/C
  -------------------------------------------------------------------    -------------------
    SLICE_X80Y6          FDCE (Prop_fdce_C_Q)         0.141     2.538 r  i_dmi_jtag/i_dmi_cdc/i_cdc_req/i_src/data_src_q_reg[op][0]/Q
                         net (fo=1, routed)           0.120     2.657    i_dmi_jtag/i_dmi_cdc/i_cdc_req/i_dst/data_dst_q_reg[op][1]_1[0]
    SLICE_X80Y5          FDCE                                         r  i_dmi_jtag/i_dmi_cdc/i_cdc_req/i_dst/data_dst_q_reg[op][0]/D
  -------------------------------------------------------------------    -------------------

                         (clock clk_out1_xlnx_clk_gen rise edge)
                                                      0.000     0.000 r  
    K17                                               0.000     0.000 r  clk_sys (IN)
                         net (fo=0)                   0.000     0.000    i_xlnx_clk_gen/inst/clk_in1
    K17                  IBUF (Prop_ibuf_I_O)         0.431     0.431 r  i_xlnx_clk_gen/inst/clkin1_ibufg/O
                         net (fo=1, routed)           0.480     0.911    i_xlnx_clk_gen/inst/clk_in1_xlnx_clk_gen
    MMCME2_ADV_X1Y2      MMCME2_ADV (Prop_mmcme2_adv_CLKIN1_CLKOUT0)
                                                     -3.407    -2.496 r  i_xlnx_clk_gen/inst/mmcm_adv_inst/CLKOUT0
                         net (fo=1, routed)           0.752    -1.744    i_xlnx_clk_gen/inst/clk_out1_xlnx_clk_gen
    BUFGCTRL_X0Y16       BUFG (Prop_bufg_I_O)         0.029    -1.715 r  i_xlnx_clk_gen/inst/clkout1_buf/O
                         net (fo=16470, routed)       0.857    -0.858    i_dmi_jtag/i_dmi_cdc/i_cdc_req/i_dst/clk_out1
    SLICE_X80Y5          FDCE                                         r  i_dmi_jtag/i_dmi_cdc/i_cdc_req/i_dst/data_dst_q_reg[op][0]/C
                         clock pessimism              0.000    -0.858    
                         clock uncertainty            0.603    -0.255    
    SLICE_X80Y5          FDCE (Hold_fdce_C_D)         0.076    -0.179    i_dmi_jtag/i_dmi_cdc/i_cdc_req/i_dst/data_dst_q_reg[op][0]
  -------------------------------------------------------------------
                         required time                          0.179    
                         arrival time                           2.657    
  -------------------------------------------------------------------
                         slack                                  2.837    

Slack (MET) :             2.838ns  (arrival time - required time)
  Source:                 i_dmi_jtag/i_dmi_cdc/i_cdc_req/i_src/data_src_q_reg[data][29]/C
                            (rising edge-triggered cell FDCE clocked by tck  {rise@0.000ns fall@50.000ns period=100.000ns})
  Destination:            i_dmi_jtag/i_dmi_cdc/i_cdc_req/i_dst/data_dst_q_reg[data][29]/D
                            (rising edge-triggered cell FDCE clocked by clk_out1_xlnx_clk_gen  {rise@0.000ns fall@10.000ns period=20.000ns})
  Path Group:             clk_out1_xlnx_clk_gen
  Path Type:              Hold (Min at Fast Process Corner)
  Requirement:            0.000ns  (clk_out1_xlnx_clk_gen rise@0.000ns - tck rise@0.000ns)
  Data Path Delay:        0.253ns  (logic 0.141ns (55.730%)  route 0.112ns (44.270%))
  Logic Levels:           0  
  Clock Path Skew:        -3.254ns (DCD - SCD - CPR)
    Destination Clock Delay (DCD):    -0.859ns
    Source Clock Delay      (SCD):    2.395ns
    Clock Pessimism Removal (CPR):    -0.000ns
  Clock Uncertainty:      0.603ns  ((TSJ^2 + TIJ^2 + DJ^2)^1/2) / 2 + PE
    Total System Jitter     (TSJ):    0.071ns
    Total Input Jitter      (TIJ):    1.000ns
    Discrete Jitter          (DJ):    0.142ns
    Phase Error              (PE):    0.097ns
  Clock Domain Crossing:  Inter clock paths are considered valid unless explicitly excluded by timing constraints such as set_clock_groups or set_false_path.

    Location             Delay type                Incr(ns)  Path(ns)    Netlist Resource(s)
  -------------------------------------------------------------------    -------------------
                         (clock tck rise edge)        0.000     0.000 r  
    H15                                               0.000     0.000 r  tck (IN)
                         net (fo=0)                   0.000     0.000    tck
    H15                  IBUF (Prop_ibuf_I_O)         0.268     0.268 r  tck_IBUF_inst/O
                         net (fo=1, routed)           1.516     1.784    tck_IBUF
    BUFGCTRL_X0Y0        BUFG (Prop_bufg_I_O)         0.026     1.810 r  tck_IBUF_BUFG_inst/O
                         net (fo=258, routed)         0.585     2.395    i_dmi_jtag/i_dmi_cdc/i_cdc_req/i_src/CLK
    SLICE_X77Y8          FDCE                                         r  i_dmi_jtag/i_dmi_cdc/i_cdc_req/i_src/data_src_q_reg[data][29]/C
  -------------------------------------------------------------------    -------------------
    SLICE_X77Y8          FDCE (Prop_fdce_C_Q)         0.141     2.536 r  i_dmi_jtag/i_dmi_cdc/i_cdc_req/i_src/data_src_q_reg[data][29]/Q
                         net (fo=1, routed)           0.112     2.648    i_dmi_jtag/i_dmi_cdc/i_cdc_req/i_dst/data_dst_q_reg[data][31]_2[29]
    SLICE_X76Y8          FDCE                                         r  i_dmi_jtag/i_dmi_cdc/i_cdc_req/i_dst/data_dst_q_reg[data][29]/D
  -------------------------------------------------------------------    -------------------

                         (clock clk_out1_xlnx_clk_gen rise edge)
                                                      0.000     0.000 r  
    K17                                               0.000     0.000 r  clk_sys (IN)
                         net (fo=0)                   0.000     0.000    i_xlnx_clk_gen/inst/clk_in1
    K17                  IBUF (Prop_ibuf_I_O)         0.431     0.431 r  i_xlnx_clk_gen/inst/clkin1_ibufg/O
                         net (fo=1, routed)           0.480     0.911    i_xlnx_clk_gen/inst/clk_in1_xlnx_clk_gen
    MMCME2_ADV_X1Y2      MMCME2_ADV (Prop_mmcme2_adv_CLKIN1_CLKOUT0)
                                                     -3.407    -2.496 r  i_xlnx_clk_gen/inst/mmcm_adv_inst/CLKOUT0
                         net (fo=1, routed)           0.752    -1.744    i_xlnx_clk_gen/inst/clk_out1_xlnx_clk_gen
    BUFGCTRL_X0Y16       BUFG (Prop_bufg_I_O)         0.029    -1.715 r  i_xlnx_clk_gen/inst/clkout1_buf/O
                         net (fo=16470, routed)       0.856    -0.859    i_dmi_jtag/i_dmi_cdc/i_cdc_req/i_dst/clk_out1
    SLICE_X76Y8          FDCE                                         r  i_dmi_jtag/i_dmi_cdc/i_cdc_req/i_dst/data_dst_q_reg[data][29]/C
                         clock pessimism              0.000    -0.859    
                         clock uncertainty            0.603    -0.256    
    SLICE_X76Y8          FDCE (Hold_fdce_C_D)         0.066    -0.190    i_dmi_jtag/i_dmi_cdc/i_cdc_req/i_dst/data_dst_q_reg[data][29]
  -------------------------------------------------------------------
                         required time                          0.190    
                         arrival time                           2.648    
  -------------------------------------------------------------------
                         slack                                  2.838    

Slack (MET) :             2.861ns  (arrival time - required time)
  Source:                 i_dmi_jtag/i_dmi_cdc/i_cdc_req/i_src/data_src_q_reg[data][30]/C
                            (rising edge-triggered cell FDCE clocked by tck  {rise@0.000ns fall@50.000ns period=100.000ns})
  Destination:            i_dmi_jtag/i_dmi_cdc/i_cdc_req/i_dst/data_dst_q_reg[data][30]/D
                            (rising edge-triggered cell FDCE clocked by clk_out1_xlnx_clk_gen  {rise@0.000ns fall@10.000ns period=20.000ns})
  Path Group:             clk_out1_xlnx_clk_gen
  Path Type:              Hold (Min at Fast Process Corner)
  Requirement:            0.000ns  (clk_out1_xlnx_clk_gen rise@0.000ns - tck rise@0.000ns)
  Data Path Delay:        0.236ns  (logic 0.128ns (54.337%)  route 0.108ns (45.663%))
  Logic Levels:           0  
  Clock Path Skew:        -3.253ns (DCD - SCD - CPR)
    Destination Clock Delay (DCD):    -0.858ns
    Source Clock Delay      (SCD):    2.395ns
    Clock Pessimism Removal (CPR):    -0.000ns
  Clock Uncertainty:      0.603ns  ((TSJ^2 + TIJ^2 + DJ^2)^1/2) / 2 + PE
    Total System Jitter     (TSJ):    0.071ns
    Total Input Jitter      (TIJ):    1.000ns
    Discrete Jitter          (DJ):    0.142ns
    Phase Error              (PE):    0.097ns
  Clock Domain Crossing:  Inter clock paths are considered valid unless explicitly excluded by timing constraints such as set_clock_groups or set_false_path.

    Location             Delay type                Incr(ns)  Path(ns)    Netlist Resource(s)
  -------------------------------------------------------------------    -------------------
                         (clock tck rise edge)        0.000     0.000 r  
    H15                                               0.000     0.000 r  tck (IN)
                         net (fo=0)                   0.000     0.000    tck
    H15                  IBUF (Prop_ibuf_I_O)         0.268     0.268 r  tck_IBUF_inst/O
                         net (fo=1, routed)           1.516     1.784    tck_IBUF
    BUFGCTRL_X0Y0        BUFG (Prop_bufg_I_O)         0.026     1.810 r  tck_IBUF_BUFG_inst/O
                         net (fo=258, routed)         0.585     2.395    i_dmi_jtag/i_dmi_cdc/i_cdc_req/i_src/CLK
    SLICE_X84Y10         FDCE                                         r  i_dmi_jtag/i_dmi_cdc/i_cdc_req/i_src/data_src_q_reg[data][30]/C
  -------------------------------------------------------------------    -------------------
    SLICE_X84Y10         FDCE (Prop_fdce_C_Q)         0.128     2.523 r  i_dmi_jtag/i_dmi_cdc/i_cdc_req/i_src/data_src_q_reg[data][30]/Q
                         net (fo=1, routed)           0.108     2.630    i_dmi_jtag/i_dmi_cdc/i_cdc_req/i_dst/data_dst_q_reg[data][31]_2[30]
    SLICE_X83Y9          FDCE                                         r  i_dmi_jtag/i_dmi_cdc/i_cdc_req/i_dst/data_dst_q_reg[data][30]/D
  -------------------------------------------------------------------    -------------------

                         (clock clk_out1_xlnx_clk_gen rise edge)
                                                      0.000     0.000 r  
    K17                                               0.000     0.000 r  clk_sys (IN)
                         net (fo=0)                   0.000     0.000    i_xlnx_clk_gen/inst/clk_in1
    K17                  IBUF (Prop_ibuf_I_O)         0.431     0.431 r  i_xlnx_clk_gen/inst/clkin1_ibufg/O
                         net (fo=1, routed)           0.480     0.911    i_xlnx_clk_gen/inst/clk_in1_xlnx_clk_gen
    MMCME2_ADV_X1Y2      MMCME2_ADV (Prop_mmcme2_adv_CLKIN1_CLKOUT0)
                                                     -3.407    -2.496 r  i_xlnx_clk_gen/inst/mmcm_adv_inst/CLKOUT0
                         net (fo=1, routed)           0.752    -1.744    i_xlnx_clk_gen/inst/clk_out1_xlnx_clk_gen
    BUFGCTRL_X0Y16       BUFG (Prop_bufg_I_O)         0.029    -1.715 r  i_xlnx_clk_gen/inst/clkout1_buf/O
                         net (fo=16470, routed)       0.857    -0.858    i_dmi_jtag/i_dmi_cdc/i_cdc_req/i_dst/clk_out1
    SLICE_X83Y9          FDCE                                         r  i_dmi_jtag/i_dmi_cdc/i_cdc_req/i_dst/data_dst_q_reg[data][30]/C
                         clock pessimism              0.000    -0.858    
                         clock uncertainty            0.603    -0.255    
    SLICE_X83Y9          FDCE (Hold_fdce_C_D)         0.025    -0.230    i_dmi_jtag/i_dmi_cdc/i_cdc_req/i_dst/data_dst_q_reg[data][30]
  -------------------------------------------------------------------
                         required time                          0.230    
                         arrival time                           2.630    
  -------------------------------------------------------------------
                         slack                                  2.861    

Slack (MET) :             2.872ns  (arrival time - required time)
  Source:                 i_dmi_jtag/i_dmi_cdc/i_cdc_req/i_src/data_src_q_reg[addr][4]/C
                            (rising edge-triggered cell FDCE clocked by tck  {rise@0.000ns fall@50.000ns period=100.000ns})
  Destination:            i_dmi_jtag/i_dmi_cdc/i_cdc_req/i_dst/data_dst_q_reg[addr][4]/D
                            (rising edge-triggered cell FDCE clocked by clk_out1_xlnx_clk_gen  {rise@0.000ns fall@10.000ns period=20.000ns})
  Path Group:             clk_out1_xlnx_clk_gen
  Path Type:              Hold (Min at Fast Process Corner)
  Requirement:            0.000ns  (clk_out1_xlnx_clk_gen rise@0.000ns - tck rise@0.000ns)
  Data Path Delay:        0.297ns  (logic 0.141ns (47.522%)  route 0.156ns (52.478%))
  Logic Levels:           0  
  Clock Path Skew:        -3.253ns (DCD - SCD - CPR)
    Destination Clock Delay (DCD):    -0.858ns
    Source Clock Delay      (SCD):    2.395ns
    Clock Pessimism Removal (CPR):    -0.000ns
  Clock Uncertainty:      0.603ns  ((TSJ^2 + TIJ^2 + DJ^2)^1/2) / 2 + PE
    Total System Jitter     (TSJ):    0.071ns
    Total Input Jitter      (TIJ):    1.000ns
    Discrete Jitter          (DJ):    0.142ns
    Phase Error              (PE):    0.097ns
  Clock Domain Crossing:  Inter clock paths are considered valid unless explicitly excluded by timing constraints such as set_clock_groups or set_false_path.

    Location             Delay type                Incr(ns)  Path(ns)    Netlist Resource(s)
  -------------------------------------------------------------------    -------------------
                         (clock tck rise edge)        0.000     0.000 r  
    H15                                               0.000     0.000 r  tck (IN)
                         net (fo=0)                   0.000     0.000    tck
    H15                  IBUF (Prop_ibuf_I_O)         0.268     0.268 r  tck_IBUF_inst/O
                         net (fo=1, routed)           1.516     1.784    tck_IBUF
    BUFGCTRL_X0Y0        BUFG (Prop_bufg_I_O)         0.026     1.810 r  tck_IBUF_BUFG_inst/O
                         net (fo=258, routed)         0.585     2.395    i_dmi_jtag/i_dmi_cdc/i_cdc_req/i_src/CLK
    SLICE_X84Y10         FDCE                                         r  i_dmi_jtag/i_dmi_cdc/i_cdc_req/i_src/data_src_q_reg[addr][4]/C
  -------------------------------------------------------------------    -------------------
    SLICE_X84Y10         FDCE (Prop_fdce_C_Q)         0.141     2.536 r  i_dmi_jtag/i_dmi_cdc/i_cdc_req/i_src/data_src_q_reg[addr][4]/Q
                         net (fo=1, routed)           0.156     2.691    i_dmi_jtag/i_dmi_cdc/i_cdc_req/i_dst/data_dst_q_reg[addr][6]_1[4]
    SLICE_X83Y9          FDCE                                         r  i_dmi_jtag/i_dmi_cdc/i_cdc_req/i_dst/data_dst_q_reg[addr][4]/D
  -------------------------------------------------------------------    -------------------

                         (clock clk_out1_xlnx_clk_gen rise edge)
                                                      0.000     0.000 r  
    K17                                               0.000     0.000 r  clk_sys (IN)
                         net (fo=0)                   0.000     0.000    i_xlnx_clk_gen/inst/clk_in1
    K17                  IBUF (Prop_ibuf_I_O)         0.431     0.431 r  i_xlnx_clk_gen/inst/clkin1_ibufg/O
                         net (fo=1, routed)           0.480     0.911    i_xlnx_clk_gen/inst/clk_in1_xlnx_clk_gen
    MMCME2_ADV_X1Y2      MMCME2_ADV (Prop_mmcme2_adv_CLKIN1_CLKOUT0)
                                                     -3.407    -2.496 r  i_xlnx_clk_gen/inst/mmcm_adv_inst/CLKOUT0
                         net (fo=1, routed)           0.752    -1.744    i_xlnx_clk_gen/inst/clk_out1_xlnx_clk_gen
    BUFGCTRL_X0Y16       BUFG (Prop_bufg_I_O)         0.029    -1.715 r  i_xlnx_clk_gen/inst/clkout1_buf/O
                         net (fo=16470, routed)       0.857    -0.858    i_dmi_jtag/i_dmi_cdc/i_cdc_req/i_dst/clk_out1
    SLICE_X83Y9          FDCE                                         r  i_dmi_jtag/i_dmi_cdc/i_cdc_req/i_dst/data_dst_q_reg[addr][4]/C
                         clock pessimism              0.000    -0.858    
                         clock uncertainty            0.603    -0.255    
    SLICE_X83Y9          FDCE (Hold_fdce_C_D)         0.075    -0.180    i_dmi_jtag/i_dmi_cdc/i_cdc_req/i_dst/data_dst_q_reg[addr][4]
  -------------------------------------------------------------------
                         required time                          0.180    
                         arrival time                           2.691    
  -------------------------------------------------------------------
                         slack                                  2.872    

Slack (MET) :             2.877ns  (arrival time - required time)
  Source:                 i_dmi_jtag/i_dmi_cdc/i_cdc_req/i_src/data_src_q_reg[op][1]/C
                            (rising edge-triggered cell FDCE clocked by tck  {rise@0.000ns fall@50.000ns period=100.000ns})
  Destination:            i_dmi_jtag/i_dmi_cdc/i_cdc_req/i_dst/data_dst_q_reg[op][1]/D
                            (rising edge-triggered cell FDCE clocked by clk_out1_xlnx_clk_gen  {rise@0.000ns fall@10.000ns period=20.000ns})
  Path Group:             clk_out1_xlnx_clk_gen
  Path Type:              Hold (Min at Fast Process Corner)
  Requirement:            0.000ns  (clk_out1_xlnx_clk_gen rise@0.000ns - tck rise@0.000ns)
  Data Path Delay:        0.250ns  (logic 0.128ns (51.218%)  route 0.122ns (48.782%))
  Logic Levels:           0  
  Clock Path Skew:        -3.255ns (DCD - SCD - CPR)
    Destination Clock Delay (DCD):    -0.858ns
    Source Clock Delay      (SCD):    2.397ns
    Clock Pessimism Removal (CPR):    -0.000ns
  Clock Uncertainty:      0.603ns  ((TSJ^2 + TIJ^2 + DJ^2)^1/2) / 2 + PE
    Total System Jitter     (TSJ):    0.071ns
    Total Input Jitter      (TIJ):    1.000ns
    Discrete Jitter          (DJ):    0.142ns
    Phase Error              (PE):    0.097ns
  Clock Domain Crossing:  Inter clock paths are considered valid unless explicitly excluded by timing constraints such as set_clock_groups or set_false_path.

    Location             Delay type                Incr(ns)  Path(ns)    Netlist Resource(s)
  -------------------------------------------------------------------    -------------------
                         (clock tck rise edge)        0.000     0.000 r  
    H15                                               0.000     0.000 r  tck (IN)
                         net (fo=0)                   0.000     0.000    tck
    H15                  IBUF (Prop_ibuf_I_O)         0.268     0.268 r  tck_IBUF_inst/O
                         net (fo=1, routed)           1.516     1.784    tck_IBUF
    BUFGCTRL_X0Y0        BUFG (Prop_bufg_I_O)         0.026     1.810 r  tck_IBUF_BUFG_inst/O
                         net (fo=258, routed)         0.587     2.397    i_dmi_jtag/i_dmi_cdc/i_cdc_req/i_src/CLK
    SLICE_X80Y6          FDCE                                         r  i_dmi_jtag/i_dmi_cdc/i_cdc_req/i_src/data_src_q_reg[op][1]/C
  -------------------------------------------------------------------    -------------------
    SLICE_X80Y6          FDCE (Prop_fdce_C_Q)         0.128     2.525 r  i_dmi_jtag/i_dmi_cdc/i_cdc_req/i_src/data_src_q_reg[op][1]/Q
                         net (fo=1, routed)           0.122     2.647    i_dmi_jtag/i_dmi_cdc/i_cdc_req/i_dst/data_dst_q_reg[op][1]_1[1]
    SLICE_X80Y5          FDCE                                         r  i_dmi_jtag/i_dmi_cdc/i_cdc_req/i_dst/data_dst_q_reg[op][1]/D
  -------------------------------------------------------------------    -------------------

                         (clock clk_out1_xlnx_clk_gen rise edge)
                                                      0.000     0.000 r  
    K17                                               0.000     0.000 r  clk_sys (IN)
                         net (fo=0)                   0.000     0.000    i_xlnx_clk_gen/inst/clk_in1
    K17                  IBUF (Prop_ibuf_I_O)         0.431     0.431 r  i_xlnx_clk_gen/inst/clkin1_ibufg/O
                         net (fo=1, routed)           0.480     0.911    i_xlnx_clk_gen/inst/clk_in1_xlnx_clk_gen
    MMCME2_ADV_X1Y2      MMCME2_ADV (Prop_mmcme2_adv_CLKIN1_CLKOUT0)
                                                     -3.407    -2.496 r  i_xlnx_clk_gen/inst/mmcm_adv_inst/CLKOUT0
                         net (fo=1, routed)           0.752    -1.744    i_xlnx_clk_gen/inst/clk_out1_xlnx_clk_gen
    BUFGCTRL_X0Y16       BUFG (Prop_bufg_I_O)         0.029    -1.715 r  i_xlnx_clk_gen/inst/clkout1_buf/O
                         net (fo=16470, routed)       0.857    -0.858    i_dmi_jtag/i_dmi_cdc/i_cdc_req/i_dst/clk_out1
    SLICE_X80Y5          FDCE                                         r  i_dmi_jtag/i_dmi_cdc/i_cdc_req/i_dst/data_dst_q_reg[op][1]/C
                         clock pessimism              0.000    -0.858    
                         clock uncertainty            0.603    -0.255    
    SLICE_X80Y5          FDCE (Hold_fdce_C_D)         0.025    -0.230    i_dmi_jtag/i_dmi_cdc/i_cdc_req/i_dst/data_dst_q_reg[op][1]
  -------------------------------------------------------------------
                         required time                          0.230    
                         arrival time                           2.647    
  -------------------------------------------------------------------
                         slack                                  2.877    

Slack (MET) :             2.879ns  (arrival time - required time)
  Source:                 i_dmi_jtag/i_dmi_cdc/i_cdc_req/i_src/data_src_q_reg[data][2]/C
                            (rising edge-triggered cell FDCE clocked by tck  {rise@0.000ns fall@50.000ns period=100.000ns})
  Destination:            i_dmi_jtag/i_dmi_cdc/i_cdc_req/i_dst/data_dst_q_reg[data][2]/D
                            (rising edge-triggered cell FDCE clocked by clk_out1_xlnx_clk_gen  {rise@0.000ns fall@10.000ns period=20.000ns})
  Path Group:             clk_out1_xlnx_clk_gen
  Path Type:              Hold (Min at Fast Process Corner)
  Requirement:            0.000ns  (clk_out1_xlnx_clk_gen rise@0.000ns - tck rise@0.000ns)
  Data Path Delay:        0.250ns  (logic 0.128ns (51.279%)  route 0.122ns (48.721%))
  Logic Levels:           0  
  Clock Path Skew:        -3.254ns (DCD - SCD - CPR)
    Destination Clock Delay (DCD):    -0.859ns
    Source Clock Delay      (SCD):    2.395ns
    Clock Pessimism Removal (CPR):    -0.000ns
  Clock Uncertainty:      0.603ns  ((TSJ^2 + TIJ^2 + DJ^2)^1/2) / 2 + PE
    Total System Jitter     (TSJ):    0.071ns
    Total Input Jitter      (TIJ):    1.000ns
    Discrete Jitter          (DJ):    0.142ns
    Phase Error              (PE):    0.097ns
  Clock Domain Crossing:  Inter clock paths are considered valid unless explicitly excluded by timing constraints such as set_clock_groups or set_false_path.

    Location             Delay type                Incr(ns)  Path(ns)    Netlist Resource(s)
  -------------------------------------------------------------------    -------------------
                         (clock tck rise edge)        0.000     0.000 r  
    H15                                               0.000     0.000 r  tck (IN)
                         net (fo=0)                   0.000     0.000    tck
    H15                  IBUF (Prop_ibuf_I_O)         0.268     0.268 r  tck_IBUF_inst/O
                         net (fo=1, routed)           1.516     1.784    tck_IBUF
    BUFGCTRL_X0Y0        BUFG (Prop_bufg_I_O)         0.026     1.810 r  tck_IBUF_BUFG_inst/O
                         net (fo=258, routed)         0.585     2.395    i_dmi_jtag/i_dmi_cdc/i_cdc_req/i_src/CLK
    SLICE_X77Y9          FDCE                                         r  i_dmi_jtag/i_dmi_cdc/i_cdc_req/i_src/data_src_q_reg[data][2]/C
  -------------------------------------------------------------------    -------------------
    SLICE_X77Y9          FDCE (Prop_fdce_C_Q)         0.128     2.523 r  i_dmi_jtag/i_dmi_cdc/i_cdc_req/i_src/data_src_q_reg[data][2]/Q
                         net (fo=1, routed)           0.122     2.644    i_dmi_jtag/i_dmi_cdc/i_cdc_req/i_dst/data_dst_q_reg[data][31]_2[2]
    SLICE_X76Y9          FDCE                                         r  i_dmi_jtag/i_dmi_cdc/i_cdc_req/i_dst/data_dst_q_reg[data][2]/D
  -------------------------------------------------------------------    -------------------

                         (clock clk_out1_xlnx_clk_gen rise edge)
                                                      0.000     0.000 r  
    K17                                               0.000     0.000 r  clk_sys (IN)
                         net (fo=0)                   0.000     0.000    i_xlnx_clk_gen/inst/clk_in1
    K17                  IBUF (Prop_ibuf_I_O)         0.431     0.431 r  i_xlnx_clk_gen/inst/clkin1_ibufg/O
                         net (fo=1, routed)           0.480     0.911    i_xlnx_clk_gen/inst/clk_in1_xlnx_clk_gen
    MMCME2_ADV_X1Y2      MMCME2_ADV (Prop_mmcme2_adv_CLKIN1_CLKOUT0)
                                                     -3.407    -2.496 r  i_xlnx_clk_gen/inst/mmcm_adv_inst/CLKOUT0
                         net (fo=1, routed)           0.752    -1.744    i_xlnx_clk_gen/inst/clk_out1_xlnx_clk_gen
    BUFGCTRL_X0Y16       BUFG (Prop_bufg_I_O)         0.029    -1.715 r  i_xlnx_clk_gen/inst/clkout1_buf/O
                         net (fo=16470, routed)       0.856    -0.859    i_dmi_jtag/i_dmi_cdc/i_cdc_req/i_dst/clk_out1
    SLICE_X76Y9          FDCE                                         r  i_dmi_jtag/i_dmi_cdc/i_cdc_req/i_dst/data_dst_q_reg[data][2]/C
                         clock pessimism              0.000    -0.859    
                         clock uncertainty            0.603    -0.256    
    SLICE_X76Y9          FDCE (Hold_fdce_C_D)         0.022    -0.234    i_dmi_jtag/i_dmi_cdc/i_cdc_req/i_dst/data_dst_q_reg[data][2]
  -------------------------------------------------------------------
                         required time                          0.234    
                         arrival time                           2.644    
  -------------------------------------------------------------------
                         slack                                  2.879    

Slack (MET) :             2.900ns  (arrival time - required time)
  Source:                 i_dmi_jtag/i_dmi_cdc/i_cdc_req/i_src/data_src_q_reg[data][17]/C
                            (rising edge-triggered cell FDCE clocked by tck  {rise@0.000ns fall@50.000ns period=100.000ns})
  Destination:            i_dmi_jtag/i_dmi_cdc/i_cdc_req/i_dst/data_dst_q_reg[data][17]/D
                            (rising edge-triggered cell FDCE clocked by clk_out1_xlnx_clk_gen  {rise@0.000ns fall@10.000ns period=20.000ns})
  Path Group:             clk_out1_xlnx_clk_gen
  Path Type:              Hold (Min at Fast Process Corner)
  Requirement:            0.000ns  (clk_out1_xlnx_clk_gen rise@0.000ns - tck rise@0.000ns)
  Data Path Delay:        0.319ns  (logic 0.141ns (44.180%)  route 0.178ns (55.820%))
  Logic Levels:           0  
  Clock Path Skew:        -3.256ns (DCD - SCD - CPR)
    Destination Clock Delay (DCD):    -0.861ns
    Source Clock Delay      (SCD):    2.395ns
    Clock Pessimism Removal (CPR):    -0.000ns
  Clock Uncertainty:      0.603ns  ((TSJ^2 + TIJ^2 + DJ^2)^1/2) / 2 + PE
    Total System Jitter     (TSJ):    0.071ns
    Total Input Jitter      (TIJ):    1.000ns
    Discrete Jitter          (DJ):    0.142ns
    Phase Error              (PE):    0.097ns
  Clock Domain Crossing:  Inter clock paths are considered valid unless explicitly excluded by timing constraints such as set_clock_groups or set_false_path.

    Location             Delay type                Incr(ns)  Path(ns)    Netlist Resource(s)
  -------------------------------------------------------------------    -------------------
                         (clock tck rise edge)        0.000     0.000 r  
    H15                                               0.000     0.000 r  tck (IN)
                         net (fo=0)                   0.000     0.000    tck
    H15                  IBUF (Prop_ibuf_I_O)         0.268     0.268 r  tck_IBUF_inst/O
                         net (fo=1, routed)           1.516     1.784    tck_IBUF
    BUFGCTRL_X0Y0        BUFG (Prop_bufg_I_O)         0.026     1.810 r  tck_IBUF_BUFG_inst/O
                         net (fo=258, routed)         0.585     2.395    i_dmi_jtag/i_dmi_cdc/i_cdc_req/i_src/CLK
    SLICE_X77Y8          FDCE                                         r  i_dmi_jtag/i_dmi_cdc/i_cdc_req/i_src/data_src_q_reg[data][17]/C
  -------------------------------------------------------------------    -------------------
    SLICE_X77Y8          FDCE (Prop_fdce_C_Q)         0.141     2.536 r  i_dmi_jtag/i_dmi_cdc/i_cdc_req/i_src/data_src_q_reg[data][17]/Q
                         net (fo=1, routed)           0.178     2.714    i_dmi_jtag/i_dmi_cdc/i_cdc_req/i_dst/data_dst_q_reg[data][31]_2[17]
    SLICE_X74Y7          FDCE                                         r  i_dmi_jtag/i_dmi_cdc/i_cdc_req/i_dst/data_dst_q_reg[data][17]/D
  -------------------------------------------------------------------    -------------------

                         (clock clk_out1_xlnx_clk_gen rise edge)
                                                      0.000     0.000 r  
    K17                                               0.000     0.000 r  clk_sys (IN)
                         net (fo=0)                   0.000     0.000    i_xlnx_clk_gen/inst/clk_in1
    K17                  IBUF (Prop_ibuf_I_O)         0.431     0.431 r  i_xlnx_clk_gen/inst/clkin1_ibufg/O
                         net (fo=1, routed)           0.480     0.911    i_xlnx_clk_gen/inst/clk_in1_xlnx_clk_gen
    MMCME2_ADV_X1Y2      MMCME2_ADV (Prop_mmcme2_adv_CLKIN1_CLKOUT0)
                                                     -3.407    -2.496 r  i_xlnx_clk_gen/inst/mmcm_adv_inst/CLKOUT0
                         net (fo=1, routed)           0.752    -1.744    i_xlnx_clk_gen/inst/clk_out1_xlnx_clk_gen
    BUFGCTRL_X0Y16       BUFG (Prop_bufg_I_O)         0.029    -1.715 r  i_xlnx_clk_gen/inst/clkout1_buf/O
                         net (fo=16470, routed)       0.854    -0.861    i_dmi_jtag/i_dmi_cdc/i_cdc_req/i_dst/clk_out1
    SLICE_X74Y7          FDCE                                         r  i_dmi_jtag/i_dmi_cdc/i_cdc_req/i_dst/data_dst_q_reg[data][17]/C
                         clock pessimism              0.000    -0.861    
                         clock uncertainty            0.603    -0.258    
    SLICE_X74Y7          FDCE (Hold_fdce_C_D)         0.072    -0.186    i_dmi_jtag/i_dmi_cdc/i_cdc_req/i_dst/data_dst_q_reg[data][17]
  -------------------------------------------------------------------
                         required time                          0.186    
                         arrival time                           2.714    
  -------------------------------------------------------------------
                         slack                                  2.900    





---------------------------------------------------------------------------------------------------
From Clock:  clk_out1_xlnx_clk_gen
  To Clock:  tck

Setup :            0  Failing Endpoints,  Worst Slack       18.269ns,  Total Violation        0.000ns
Hold  :           NA  Failing Endpoints,  Worst Slack           NA  ,  Total Violation           NA
---------------------------------------------------------------------------------------------------


Max Delay Paths
--------------------------------------------------------------------------------------
Slack (MET) :             18.269ns  (required time - arrival time)
  Source:                 i_dmi_jtag/i_dmi_cdc/i_cdc_resp/i_src/data_src_q_reg[data][0]/C
                            (rising edge-triggered cell FDCE clocked by clk_out1_xlnx_clk_gen  {rise@0.000ns fall@10.000ns period=20.000ns})
  Destination:            i_dmi_jtag/i_dmi_cdc/i_cdc_resp/i_dst/data_dst_q_reg[data][0]/D
                            (rising edge-triggered cell FDCE clocked by tck  {rise@0.000ns fall@50.000ns period=100.000ns})
  Path Group:             tck
  Path Type:              Setup (Max at Slow Process Corner)
  Requirement:            20.000ns  (MaxDelay Path 20.000ns)
  Data Path Delay:        1.457ns  (logic 0.478ns (32.809%)  route 0.979ns (67.191%))
  Logic Levels:           0  
  Timing Exception:       MaxDelay Path 20.000ns -datapath_only

    Location             Delay type                Incr(ns)  Path(ns)    Netlist Resource(s)
  -------------------------------------------------------------------    -------------------
    SLICE_X82Y7                                       0.000     0.000 r  i_dmi_jtag/i_dmi_cdc/i_cdc_resp/i_src/data_src_q_reg[data][0]/C
    SLICE_X82Y7          FDCE (Prop_fdce_C_Q)         0.478     0.478 r  i_dmi_jtag/i_dmi_cdc/i_cdc_resp/i_src/data_src_q_reg[data][0]/Q
                         net (fo=1, routed)           0.979     1.457    i_dmi_jtag/i_dmi_cdc/i_cdc_resp/i_dst/D[0]
    SLICE_X87Y8          FDCE                                         r  i_dmi_jtag/i_dmi_cdc/i_cdc_resp/i_dst/data_dst_q_reg[data][0]/D
  -------------------------------------------------------------------    -------------------

                         max delay                   20.000    20.000    
    SLICE_X87Y8          FDCE (Setup_fdce_C_D)       -0.274    19.726    i_dmi_jtag/i_dmi_cdc/i_cdc_resp/i_dst/data_dst_q_reg[data][0]
  -------------------------------------------------------------------
                         required time                         19.726    
                         arrival time                          -1.457    
  -------------------------------------------------------------------
                         slack                                 18.269    

Slack (MET) :             18.295ns  (required time - arrival time)
  Source:                 i_dmi_jtag/i_dmi_cdc/i_cdc_resp/i_src/data_src_q_reg[data][10]/C
                            (rising edge-triggered cell FDCE clocked by clk_out1_xlnx_clk_gen  {rise@0.000ns fall@10.000ns period=20.000ns})
  Destination:            i_dmi_jtag/i_dmi_cdc/i_cdc_resp/i_dst/data_dst_q_reg[data][10]/D
                            (rising edge-triggered cell FDCE clocked by tck  {rise@0.000ns fall@50.000ns period=100.000ns})
  Path Group:             tck
  Path Type:              Setup (Max at Slow Process Corner)
  Requirement:            20.000ns  (MaxDelay Path 20.000ns)
  Data Path Delay:        1.428ns  (logic 0.478ns (33.462%)  route 0.950ns (66.538%))
  Logic Levels:           0  
  Timing Exception:       MaxDelay Path 20.000ns -datapath_only

    Location             Delay type                Incr(ns)  Path(ns)    Netlist Resource(s)
  -------------------------------------------------------------------    -------------------
    SLICE_X82Y4                                       0.000     0.000 r  i_dmi_jtag/i_dmi_cdc/i_cdc_resp/i_src/data_src_q_reg[data][10]/C
    SLICE_X82Y4          FDCE (Prop_fdce_C_Q)         0.478     0.478 r  i_dmi_jtag/i_dmi_cdc/i_cdc_resp/i_src/data_src_q_reg[data][10]/Q
                         net (fo=1, routed)           0.950     1.428    i_dmi_jtag/i_dmi_cdc/i_cdc_resp/i_dst/D[10]
    SLICE_X83Y5          FDCE                                         r  i_dmi_jtag/i_dmi_cdc/i_cdc_resp/i_dst/data_dst_q_reg[data][10]/D
  -------------------------------------------------------------------    -------------------

                         max delay                   20.000    20.000    
    SLICE_X83Y5          FDCE (Setup_fdce_C_D)       -0.277    19.723    i_dmi_jtag/i_dmi_cdc/i_cdc_resp/i_dst/data_dst_q_reg[data][10]
  -------------------------------------------------------------------
                         required time                         19.723    
                         arrival time                          -1.428    
  -------------------------------------------------------------------
                         slack                                 18.295    

Slack (MET) :             18.296ns  (required time - arrival time)
  Source:                 i_dmi_jtag/i_dmi_cdc/i_cdc_req/i_dst/ack_dst_q_reg/C
                            (rising edge-triggered cell FDCE clocked by clk_out1_xlnx_clk_gen  {rise@0.000ns fall@10.000ns period=20.000ns})
  Destination:            i_dmi_jtag/i_dmi_cdc/i_cdc_req/i_src/ack_src_q_reg/D
                            (rising edge-triggered cell FDCE clocked by tck  {rise@0.000ns fall@50.000ns period=100.000ns})
  Path Group:             tck
  Path Type:              Setup (Max at Slow Process Corner)
  Requirement:            20.000ns  (MaxDelay Path 20.000ns)
  Data Path Delay:        1.599ns  (logic 0.456ns (28.516%)  route 1.143ns (71.484%))
  Logic Levels:           0  
  Timing Exception:       MaxDelay Path 20.000ns -datapath_only

    Location             Delay type                Incr(ns)  Path(ns)    Netlist Resource(s)
  -------------------------------------------------------------------    -------------------
    SLICE_X85Y5                                       0.000     0.000 r  i_dmi_jtag/i_dmi_cdc/i_cdc_req/i_dst/ack_dst_q_reg/C
    SLICE_X85Y5          FDCE (Prop_fdce_C_Q)         0.456     0.456 r  i_dmi_jtag/i_dmi_cdc/i_cdc_req/i_dst/ack_dst_q_reg/Q
                         net (fo=11, routed)          1.143     1.599    i_dmi_jtag/i_dmi_cdc/i_cdc_req/i_src/ack_src_q_reg_0
    SLICE_X89Y9          FDCE                                         r  i_dmi_jtag/i_dmi_cdc/i_cdc_req/i_src/ack_src_q_reg/D
  -------------------------------------------------------------------    -------------------

                         max delay                   20.000    20.000    
    SLICE_X89Y9          FDCE (Setup_fdce_C_D)       -0.105    19.895    i_dmi_jtag/i_dmi_cdc/i_cdc_req/i_src/ack_src_q_reg
  -------------------------------------------------------------------
                         required time                         19.895    
                         arrival time                          -1.599    
  -------------------------------------------------------------------
                         slack                                 18.296    

Slack (MET) :             18.565ns  (required time - arrival time)
  Source:                 i_dmi_jtag/i_dmi_cdc/i_cdc_resp/i_src/data_src_q_reg[data][6]/C
                            (rising edge-triggered cell FDCE clocked by clk_out1_xlnx_clk_gen  {rise@0.000ns fall@10.000ns period=20.000ns})
  Destination:            i_dmi_jtag/i_dmi_cdc/i_cdc_resp/i_dst/data_dst_q_reg[data][6]/D
                            (rising edge-triggered cell FDCE clocked by tck  {rise@0.000ns fall@50.000ns period=100.000ns})
  Path Group:             tck
  Path Type:              Setup (Max at Slow Process Corner)
  Requirement:            20.000ns  (MaxDelay Path 20.000ns)
  Data Path Delay:        1.221ns  (logic 0.478ns (39.144%)  route 0.743ns (60.856%))
  Logic Levels:           0  
  Timing Exception:       MaxDelay Path 20.000ns -datapath_only

    Location             Delay type                Incr(ns)  Path(ns)    Netlist Resource(s)
  -------------------------------------------------------------------    -------------------
    SLICE_X82Y4                                       0.000     0.000 r  i_dmi_jtag/i_dmi_cdc/i_cdc_resp/i_src/data_src_q_reg[data][6]/C
    SLICE_X82Y4          FDCE (Prop_fdce_C_Q)         0.478     0.478 r  i_dmi_jtag/i_dmi_cdc/i_cdc_resp/i_src/data_src_q_reg[data][6]/Q
                         net (fo=1, routed)           0.743     1.221    i_dmi_jtag/i_dmi_cdc/i_cdc_resp/i_dst/D[6]
    SLICE_X81Y7          FDCE                                         r  i_dmi_jtag/i_dmi_cdc/i_cdc_resp/i_dst/data_dst_q_reg[data][6]/D
  -------------------------------------------------------------------    -------------------

                         max delay                   20.000    20.000    
    SLICE_X81Y7          FDCE (Setup_fdce_C_D)       -0.214    19.786    i_dmi_jtag/i_dmi_cdc/i_cdc_resp/i_dst/data_dst_q_reg[data][6]
  -------------------------------------------------------------------
                         required time                         19.786    
                         arrival time                          -1.221    
  -------------------------------------------------------------------
                         slack                                 18.565    

Slack (MET) :             18.615ns  (required time - arrival time)
  Source:                 i_dmi_jtag/i_dmi_cdc/i_cdc_resp/i_src/data_src_q_reg[data][22]/C
                            (rising edge-triggered cell FDCE clocked by clk_out1_xlnx_clk_gen  {rise@0.000ns fall@10.000ns period=20.000ns})
  Destination:            i_dmi_jtag/i_dmi_cdc/i_cdc_resp/i_dst/data_dst_q_reg[data][22]/D
                            (rising edge-triggered cell FDCE clocked by tck  {rise@0.000ns fall@50.000ns period=100.000ns})
  Path Group:             tck
  Path Type:              Setup (Max at Slow Process Corner)
  Requirement:            20.000ns  (MaxDelay Path 20.000ns)
  Data Path Delay:        1.152ns  (logic 0.478ns (41.505%)  route 0.674ns (58.495%))
  Logic Levels:           0  
  Timing Exception:       MaxDelay Path 20.000ns -datapath_only

    Location             Delay type                Incr(ns)  Path(ns)    Netlist Resource(s)
  -------------------------------------------------------------------    -------------------
    SLICE_X82Y3                                       0.000     0.000 r  i_dmi_jtag/i_dmi_cdc/i_cdc_resp/i_src/data_src_q_reg[data][22]/C
    SLICE_X82Y3          FDCE (Prop_fdce_C_Q)         0.478     0.478 r  i_dmi_jtag/i_dmi_cdc/i_cdc_resp/i_src/data_src_q_reg[data][22]/Q
                         net (fo=1, routed)           0.674     1.152    i_dmi_jtag/i_dmi_cdc/i_cdc_resp/i_dst/D[22]
    SLICE_X83Y7          FDCE                                         r  i_dmi_jtag/i_dmi_cdc/i_cdc_resp/i_dst/data_dst_q_reg[data][22]/D
  -------------------------------------------------------------------    -------------------

                         max delay                   20.000    20.000    
    SLICE_X83Y7          FDCE (Setup_fdce_C_D)       -0.233    19.767    i_dmi_jtag/i_dmi_cdc/i_cdc_resp/i_dst/data_dst_q_reg[data][22]
  -------------------------------------------------------------------
                         required time                         19.767    
                         arrival time                          -1.152    
  -------------------------------------------------------------------
                         slack                                 18.615    

Slack (MET) :             18.656ns  (required time - arrival time)
  Source:                 i_dmi_jtag/i_dmi_cdc/i_cdc_resp/i_src/data_src_q_reg[data][20]/C
                            (rising edge-triggered cell FDCE clocked by clk_out1_xlnx_clk_gen  {rise@0.000ns fall@10.000ns period=20.000ns})
  Destination:            i_dmi_jtag/i_dmi_cdc/i_cdc_resp/i_dst/data_dst_q_reg[data][20]/D
                            (rising edge-triggered cell FDCE clocked by tck  {rise@0.000ns fall@50.000ns period=100.000ns})
  Path Group:             tck
  Path Type:              Setup (Max at Slow Process Corner)
  Requirement:            20.000ns  (MaxDelay Path 20.000ns)
  Data Path Delay:        1.124ns  (logic 0.478ns (42.534%)  route 0.646ns (57.466%))
  Logic Levels:           0  
  Timing Exception:       MaxDelay Path 20.000ns -datapath_only

    Location             Delay type                Incr(ns)  Path(ns)    Netlist Resource(s)
  -------------------------------------------------------------------    -------------------
    SLICE_X82Y3                                       0.000     0.000 r  i_dmi_jtag/i_dmi_cdc/i_cdc_resp/i_src/data_src_q_reg[data][20]/C
    SLICE_X82Y3          FDCE (Prop_fdce_C_Q)         0.478     0.478 r  i_dmi_jtag/i_dmi_cdc/i_cdc_resp/i_src/data_src_q_reg[data][20]/Q
                         net (fo=1, routed)           0.646     1.124    i_dmi_jtag/i_dmi_cdc/i_cdc_resp/i_dst/D[20]
    SLICE_X83Y5          FDCE                                         r  i_dmi_jtag/i_dmi_cdc/i_cdc_resp/i_dst/data_dst_q_reg[data][20]/D
  -------------------------------------------------------------------    -------------------

                         max delay                   20.000    20.000    
    SLICE_X83Y5          FDCE (Setup_fdce_C_D)       -0.220    19.780    i_dmi_jtag/i_dmi_cdc/i_cdc_resp/i_dst/data_dst_q_reg[data][20]
  -------------------------------------------------------------------
                         required time                         19.780    
                         arrival time                          -1.124    
  -------------------------------------------------------------------
                         slack                                 18.656    

Slack (MET) :             18.673ns  (required time - arrival time)
  Source:                 i_dmi_jtag/i_dmi_cdc/i_cdc_resp/i_src/data_src_q_reg[data][26]/C
                            (rising edge-triggered cell FDCE clocked by clk_out1_xlnx_clk_gen  {rise@0.000ns fall@10.000ns period=20.000ns})
  Destination:            i_dmi_jtag/i_dmi_cdc/i_cdc_resp/i_dst/data_dst_q_reg[data][26]/D
                            (rising edge-triggered cell FDCE clocked by tck  {rise@0.000ns fall@50.000ns period=100.000ns})
  Path Group:             tck
  Path Type:              Setup (Max at Slow Process Corner)
  Requirement:            20.000ns  (MaxDelay Path 20.000ns)
  Data Path Delay:        1.057ns  (logic 0.478ns (45.214%)  route 0.579ns (54.786%))
  Logic Levels:           0  
  Timing Exception:       MaxDelay Path 20.000ns -datapath_only

    Location             Delay type                Incr(ns)  Path(ns)    Netlist Resource(s)
  -------------------------------------------------------------------    -------------------
    SLICE_X82Y8                                       0.000     0.000 r  i_dmi_jtag/i_dmi_cdc/i_cdc_resp/i_src/data_src_q_reg[data][26]/C
    SLICE_X82Y8          FDCE (Prop_fdce_C_Q)         0.478     0.478 r  i_dmi_jtag/i_dmi_cdc/i_cdc_resp/i_src/data_src_q_reg[data][26]/Q
                         net (fo=1, routed)           0.579     1.057    i_dmi_jtag/i_dmi_cdc/i_cdc_resp/i_dst/D[26]
    SLICE_X83Y8          FDCE                                         r  i_dmi_jtag/i_dmi_cdc/i_cdc_resp/i_dst/data_dst_q_reg[data][26]/D
  -------------------------------------------------------------------    -------------------

                         max delay                   20.000    20.000    
    SLICE_X83Y8          FDCE (Setup_fdce_C_D)       -0.270    19.730    i_dmi_jtag/i_dmi_cdc/i_cdc_resp/i_dst/data_dst_q_reg[data][26]
  -------------------------------------------------------------------
                         required time                         19.730    
                         arrival time                          -1.057    
  -------------------------------------------------------------------
                         slack                                 18.673    

Slack (MET) :             18.673ns  (required time - arrival time)
  Source:                 i_dmi_jtag/i_dmi_cdc/i_cdc_resp/i_src/data_src_q_reg[data][21]/C
                            (rising edge-triggered cell FDCE clocked by clk_out1_xlnx_clk_gen  {rise@0.000ns fall@10.000ns period=20.000ns})
  Destination:            i_dmi_jtag/i_dmi_cdc/i_cdc_resp/i_dst/data_dst_q_reg[data][21]/D
                            (rising edge-triggered cell FDCE clocked by tck  {rise@0.000ns fall@50.000ns period=100.000ns})
  Path Group:             tck
  Path Type:              Setup (Max at Slow Process Corner)
  Requirement:            20.000ns  (MaxDelay Path 20.000ns)
  Data Path Delay:        1.246ns  (logic 0.518ns (41.574%)  route 0.728ns (58.426%))
  Logic Levels:           0  
  Timing Exception:       MaxDelay Path 20.000ns -datapath_only

    Location             Delay type                Incr(ns)  Path(ns)    Netlist Resource(s)
  -------------------------------------------------------------------    -------------------
    SLICE_X82Y3                                       0.000     0.000 r  i_dmi_jtag/i_dmi_cdc/i_cdc_resp/i_src/data_src_q_reg[data][21]/C
    SLICE_X82Y3          FDCE (Prop_fdce_C_Q)         0.518     0.518 r  i_dmi_jtag/i_dmi_cdc/i_cdc_resp/i_src/data_src_q_reg[data][21]/Q
                         net (fo=1, routed)           0.728     1.246    i_dmi_jtag/i_dmi_cdc/i_cdc_resp/i_dst/D[21]
    SLICE_X83Y7          FDCE                                         r  i_dmi_jtag/i_dmi_cdc/i_cdc_resp/i_dst/data_dst_q_reg[data][21]/D
  -------------------------------------------------------------------    -------------------

                         max delay                   20.000    20.000    
    SLICE_X83Y7          FDCE (Setup_fdce_C_D)       -0.081    19.919    i_dmi_jtag/i_dmi_cdc/i_cdc_resp/i_dst/data_dst_q_reg[data][21]
  -------------------------------------------------------------------
                         required time                         19.919    
                         arrival time                          -1.246    
  -------------------------------------------------------------------
                         slack                                 18.673    

Slack (MET) :             18.684ns  (required time - arrival time)
  Source:                 i_dmi_jtag/i_dmi_cdc/i_cdc_resp/i_src/data_src_q_reg[data][12]/C
                            (rising edge-triggered cell FDCE clocked by clk_out1_xlnx_clk_gen  {rise@0.000ns fall@10.000ns period=20.000ns})
  Destination:            i_dmi_jtag/i_dmi_cdc/i_cdc_resp/i_dst/data_dst_q_reg[data][12]/D
                            (rising edge-triggered cell FDCE clocked by tck  {rise@0.000ns fall@50.000ns period=100.000ns})
  Path Group:             tck
  Path Type:              Setup (Max at Slow Process Corner)
  Requirement:            20.000ns  (MaxDelay Path 20.000ns)
  Data Path Delay:        1.052ns  (logic 0.478ns (45.453%)  route 0.574ns (54.547%))
  Logic Levels:           0  
  Timing Exception:       MaxDelay Path 20.000ns -datapath_only

    Location             Delay type                Incr(ns)  Path(ns)    Netlist Resource(s)
  -------------------------------------------------------------------    -------------------
    SLICE_X82Y5                                       0.000     0.000 r  i_dmi_jtag/i_dmi_cdc/i_cdc_resp/i_src/data_src_q_reg[data][12]/C
    SLICE_X82Y5          FDCE (Prop_fdce_C_Q)         0.478     0.478 r  i_dmi_jtag/i_dmi_cdc/i_cdc_resp/i_src/data_src_q_reg[data][12]/Q
                         net (fo=1, routed)           0.574     1.052    i_dmi_jtag/i_dmi_cdc/i_cdc_resp/i_dst/D[12]
    SLICE_X83Y5          FDCE                                         r  i_dmi_jtag/i_dmi_cdc/i_cdc_resp/i_dst/data_dst_q_reg[data][12]/D
  -------------------------------------------------------------------    -------------------

                         max delay                   20.000    20.000    
    SLICE_X83Y5          FDCE (Setup_fdce_C_D)       -0.264    19.736    i_dmi_jtag/i_dmi_cdc/i_cdc_resp/i_dst/data_dst_q_reg[data][12]
  -------------------------------------------------------------------
                         required time                         19.736    
                         arrival time                          -1.052    
  -------------------------------------------------------------------
                         slack                                 18.684    

Slack (MET) :             18.728ns  (required time - arrival time)
  Source:                 i_dmi_jtag/i_dmi_cdc/i_cdc_resp/i_src/data_src_q_reg[data][23]/C
                            (rising edge-triggered cell FDCE clocked by clk_out1_xlnx_clk_gen  {rise@0.000ns fall@10.000ns period=20.000ns})
  Destination:            i_dmi_jtag/i_dmi_cdc/i_cdc_resp/i_dst/data_dst_q_reg[data][23]/D
                            (rising edge-triggered cell FDCE clocked by tck  {rise@0.000ns fall@50.000ns period=100.000ns})
  Path Group:             tck
  Path Type:              Setup (Max at Slow Process Corner)
  Requirement:            20.000ns  (MaxDelay Path 20.000ns)
  Data Path Delay:        1.225ns  (logic 0.518ns (42.287%)  route 0.707ns (57.713%))
  Logic Levels:           0  
  Timing Exception:       MaxDelay Path 20.000ns -datapath_only

    Location             Delay type                Incr(ns)  Path(ns)    Netlist Resource(s)
  -------------------------------------------------------------------    -------------------
    SLICE_X82Y3                                       0.000     0.000 r  i_dmi_jtag/i_dmi_cdc/i_cdc_resp/i_src/data_src_q_reg[data][23]/C
    SLICE_X82Y3          FDCE (Prop_fdce_C_Q)         0.518     0.518 r  i_dmi_jtag/i_dmi_cdc/i_cdc_resp/i_src/data_src_q_reg[data][23]/Q
                         net (fo=1, routed)           0.707     1.225    i_dmi_jtag/i_dmi_cdc/i_cdc_resp/i_dst/D[23]
    SLICE_X81Y7          FDCE                                         r  i_dmi_jtag/i_dmi_cdc/i_cdc_resp/i_dst/data_dst_q_reg[data][23]/D
  -------------------------------------------------------------------    -------------------

                         max delay                   20.000    20.000    
    SLICE_X81Y7          FDCE (Setup_fdce_C_D)       -0.047    19.953    i_dmi_jtag/i_dmi_cdc/i_cdc_resp/i_dst/data_dst_q_reg[data][23]
  -------------------------------------------------------------------
                         required time                         19.953    
                         arrival time                          -1.225    
  -------------------------------------------------------------------
                         slack                                 18.728    





---------------------------------------------------------------------------------------------------
Path Group:  **async_default**
From Clock:  clk_out1_xlnx_clk_gen
  To Clock:  clk_out1_xlnx_clk_gen

Setup :            0  Failing Endpoints,  Worst Slack       16.987ns,  Total Violation        0.000ns
Hold  :            0  Failing Endpoints,  Worst Slack        0.499ns,  Total Violation        0.000ns
---------------------------------------------------------------------------------------------------


Max Delay Paths
--------------------------------------------------------------------------------------
Slack (MET) :             16.987ns  (required time - arrival time)
  Source:                 i_axi_dwidth_converter_dm_slave/inst/gen_downsizer.gen_simple_downsizer.axi_downsizer_inst/USE_WRITE.write_addr_inst/USE_B_CHANNEL.cmd_b_queue/inst/fifo_gen_inst/inst_fifo_gen/gconvfifo.rf/grf.rf/rstblk/ngwrdrst.grst.g7serrst.gnsckt_wrst.rst_wr_reg2_inst/arststages_ff_reg[1]/C
                            (rising edge-triggered cell FDPE clocked by clk_out1_xlnx_clk_gen  {rise@0.000ns fall@10.000ns period=20.000ns})
  Destination:            i_axi_dwidth_converter_dm_slave/inst/gen_downsizer.gen_simple_downsizer.axi_downsizer_inst/USE_WRITE.write_addr_inst/USE_B_CHANNEL.cmd_b_queue/inst/fifo_gen_inst/inst_fifo_gen/gconvfifo.rf/grf.rf/gntv_or_sync_fifo.gl0.rd/rpntr/gc0.count_d1_reg[0]/CLR
                            (recovery check against rising-edge clock clk_out1_xlnx_clk_gen  {rise@0.000ns fall@10.000ns period=20.000ns})
  Path Group:             **async_default**
  Path Type:              Recovery (Max at Slow Process Corner)
  Requirement:            20.000ns  (clk_out1_xlnx_clk_gen rise@20.000ns - clk_out1_xlnx_clk_gen rise@0.000ns)
  Data Path Delay:        2.503ns  (logic 0.773ns (30.877%)  route 1.730ns (69.123%))
  Logic Levels:           1  (LUT3=1)
  Clock Path Skew:        -0.025ns (DCD - SCD + CPR)
    Destination Clock Delay (DCD):    -1.518ns = ( 18.482 - 20.000 ) 
    Source Clock Delay      (SCD):    -0.888ns
    Clock Pessimism Removal (CPR):    0.604ns
  Clock Uncertainty:      0.079ns  ((TSJ^2 + DJ^2)^1/2) / 2 + PE
    Total System Jitter     (TSJ):    0.071ns
    Discrete Jitter          (DJ):    0.142ns
    Phase Error              (PE):    0.000ns

    Location             Delay type                Incr(ns)  Path(ns)    Netlist Resource(s)
  -------------------------------------------------------------------    -------------------
                         (clock clk_out1_xlnx_clk_gen rise edge)
                                                      0.000     0.000 r  
    K17                                               0.000     0.000 r  clk_sys (IN)
                         net (fo=0)                   0.000     0.000    i_xlnx_clk_gen/inst/clk_in1
    K17                  IBUF (Prop_ibuf_I_O)         1.475     1.475 r  i_xlnx_clk_gen/inst/clkin1_ibufg/O
                         net (fo=1, routed)           1.285     2.760    i_xlnx_clk_gen/inst/clk_in1_xlnx_clk_gen
    MMCME2_ADV_X1Y2      MMCME2_ADV (Prop_mmcme2_adv_CLKIN1_CLKOUT0)
                                                     -7.759    -4.999 r  i_xlnx_clk_gen/inst/mmcm_adv_inst/CLKOUT0
                         net (fo=1, routed)           2.206    -2.793    i_xlnx_clk_gen/inst/clk_out1_xlnx_clk_gen
    BUFGCTRL_X0Y16       BUFG (Prop_bufg_I_O)         0.101    -2.692 r  i_xlnx_clk_gen/inst/clkout1_buf/O
                         net (fo=16470, routed)       1.804    -0.888    i_axi_dwidth_converter_dm_slave/inst/gen_downsizer.gen_simple_downsizer.axi_downsizer_inst/USE_WRITE.write_addr_inst/USE_B_CHANNEL.cmd_b_queue/inst/fifo_gen_inst/inst_fifo_gen/gconvfifo.rf/grf.rf/rstblk/ngwrdrst.grst.g7serrst.gnsckt_wrst.rst_wr_reg2_inst/dest_clk
    SLICE_X104Y0         FDPE                                         r  i_axi_dwidth_converter_dm_slave/inst/gen_downsizer.gen_simple_downsizer.axi_downsizer_inst/USE_WRITE.write_addr_inst/USE_B_CHANNEL.cmd_b_queue/inst/fifo_gen_inst/inst_fifo_gen/gconvfifo.rf/grf.rf/rstblk/ngwrdrst.grst.g7serrst.gnsckt_wrst.rst_wr_reg2_inst/arststages_ff_reg[1]/C
  -------------------------------------------------------------------    -------------------
    SLICE_X104Y0         FDPE (Prop_fdpe_C_Q)         0.478    -0.410 f  i_axi_dwidth_converter_dm_slave/inst/gen_downsizer.gen_simple_downsizer.axi_downsizer_inst/USE_WRITE.write_addr_inst/USE_B_CHANNEL.cmd_b_queue/inst/fifo_gen_inst/inst_fifo_gen/gconvfifo.rf/grf.rf/rstblk/ngwrdrst.grst.g7serrst.gnsckt_wrst.rst_wr_reg2_inst/arststages_ff_reg[1]/Q
                         net (fo=3, routed)           0.593     0.183    i_axi_dwidth_converter_dm_slave/inst/gen_downsizer.gen_simple_downsizer.axi_downsizer_inst/USE_WRITE.write_addr_inst/USE_B_CHANNEL.cmd_b_queue/inst/fifo_gen_inst/inst_fifo_gen/gconvfifo.rf/grf.rf/rstblk/ngwrdrst.rst_wr_reg2
    SLICE_X105Y0         LUT3 (Prop_lut3_I2_O)        0.295     0.478 f  i_axi_dwidth_converter_dm_slave/inst/gen_downsizer.gen_simple_downsizer.axi_downsizer_inst/USE_WRITE.write_addr_inst/USE_B_CHANNEL.cmd_b_queue/inst/fifo_gen_inst/inst_fifo_gen/gconvfifo.rf/grf.rf/rstblk/gpregsm1.curr_fwft_state[1]_i_2/O
                         net (fo=32, routed)          1.137     1.615    i_axi_dwidth_converter_dm_slave/inst/gen_downsizer.gen_simple_downsizer.axi_downsizer_inst/USE_WRITE.write_addr_inst/USE_B_CHANNEL.cmd_b_queue/inst/fifo_gen_inst/inst_fifo_gen/gconvfifo.rf/grf.rf/gntv_or_sync_fifo.gl0.rd/rpntr/gc0.count_d1_reg[4]_1
    SLICE_X105Y2         FDCE                                         f  i_axi_dwidth_converter_dm_slave/inst/gen_downsizer.gen_simple_downsizer.axi_downsizer_inst/USE_WRITE.write_addr_inst/USE_B_CHANNEL.cmd_b_queue/inst/fifo_gen_inst/inst_fifo_gen/gconvfifo.rf/grf.rf/gntv_or_sync_fifo.gl0.rd/rpntr/gc0.count_d1_reg[0]/CLR
  -------------------------------------------------------------------    -------------------

                         (clock clk_out1_xlnx_clk_gen rise edge)
                                                     20.000    20.000 r  
    K17                                               0.000    20.000 r  clk_sys (IN)
                         net (fo=0)                   0.000    20.000    i_xlnx_clk_gen/inst/clk_in1
    K17                  IBUF (Prop_ibuf_I_O)         1.404    21.404 r  i_xlnx_clk_gen/inst/clkin1_ibufg/O
                         net (fo=1, routed)           1.162    22.566    i_xlnx_clk_gen/inst/clk_in1_xlnx_clk_gen
    MMCME2_ADV_X1Y2      MMCME2_ADV (Prop_mmcme2_adv_CLKIN1_CLKOUT0)
                                                     -7.814    14.752 r  i_xlnx_clk_gen/inst/mmcm_adv_inst/CLKOUT0
                         net (fo=1, routed)           2.012    16.764    i_xlnx_clk_gen/inst/clk_out1_xlnx_clk_gen
    BUFGCTRL_X0Y16       BUFG (Prop_bufg_I_O)         0.091    16.855 r  i_xlnx_clk_gen/inst/clkout1_buf/O
                         net (fo=16470, routed)       1.627    18.482    i_axi_dwidth_converter_dm_slave/inst/gen_downsizer.gen_simple_downsizer.axi_downsizer_inst/USE_WRITE.write_addr_inst/USE_B_CHANNEL.cmd_b_queue/inst/fifo_gen_inst/inst_fifo_gen/gconvfifo.rf/grf.rf/gntv_or_sync_fifo.gl0.rd/rpntr/clk
    SLICE_X105Y2         FDCE                                         r  i_axi_dwidth_converter_dm_slave/inst/gen_downsizer.gen_simple_downsizer.axi_downsizer_inst/USE_WRITE.write_addr_inst/USE_B_CHANNEL.cmd_b_queue/inst/fifo_gen_inst/inst_fifo_gen/gconvfifo.rf/grf.rf/gntv_or_sync_fifo.gl0.rd/rpntr/gc0.count_d1_reg[0]/C
                         clock pessimism              0.604    19.087    
                         clock uncertainty           -0.079    19.007    
    SLICE_X105Y2         FDCE (Recov_fdce_C_CLR)     -0.405    18.602    i_axi_dwidth_converter_dm_slave/inst/gen_downsizer.gen_simple_downsizer.axi_downsizer_inst/USE_WRITE.write_addr_inst/USE_B_CHANNEL.cmd_b_queue/inst/fifo_gen_inst/inst_fifo_gen/gconvfifo.rf/grf.rf/gntv_or_sync_fifo.gl0.rd/rpntr/gc0.count_d1_reg[0]
  -------------------------------------------------------------------
                         required time                         18.602    
                         arrival time                          -1.615    
  -------------------------------------------------------------------
                         slack                                 16.987    

Slack (MET) :             16.987ns  (required time - arrival time)
  Source:                 i_axi_dwidth_converter_dm_slave/inst/gen_downsizer.gen_simple_downsizer.axi_downsizer_inst/USE_WRITE.write_addr_inst/USE_B_CHANNEL.cmd_b_queue/inst/fifo_gen_inst/inst_fifo_gen/gconvfifo.rf/grf.rf/rstblk/ngwrdrst.grst.g7serrst.gnsckt_wrst.rst_wr_reg2_inst/arststages_ff_reg[1]/C
                            (rising edge-triggered cell FDPE clocked by clk_out1_xlnx_clk_gen  {rise@0.000ns fall@10.000ns period=20.000ns})
  Destination:            i_axi_dwidth_converter_dm_slave/inst/gen_downsizer.gen_simple_downsizer.axi_downsizer_inst/USE_WRITE.write_addr_inst/USE_B_CHANNEL.cmd_b_queue/inst/fifo_gen_inst/inst_fifo_gen/gconvfifo.rf/grf.rf/gntv_or_sync_fifo.gl0.rd/rpntr/gc0.count_d1_reg[1]/CLR
                            (recovery check against rising-edge clock clk_out1_xlnx_clk_gen  {rise@0.000ns fall@10.000ns period=20.000ns})
  Path Group:             **async_default**
  Path Type:              Recovery (Max at Slow Process Corner)
  Requirement:            20.000ns  (clk_out1_xlnx_clk_gen rise@20.000ns - clk_out1_xlnx_clk_gen rise@0.000ns)
  Data Path Delay:        2.503ns  (logic 0.773ns (30.877%)  route 1.730ns (69.123%))
  Logic Levels:           1  (LUT3=1)
  Clock Path Skew:        -0.025ns (DCD - SCD + CPR)
    Destination Clock Delay (DCD):    -1.518ns = ( 18.482 - 20.000 ) 
    Source Clock Delay      (SCD):    -0.888ns
    Clock Pessimism Removal (CPR):    0.604ns
  Clock Uncertainty:      0.079ns  ((TSJ^2 + DJ^2)^1/2) / 2 + PE
    Total System Jitter     (TSJ):    0.071ns
    Discrete Jitter          (DJ):    0.142ns
    Phase Error              (PE):    0.000ns

    Location             Delay type                Incr(ns)  Path(ns)    Netlist Resource(s)
  -------------------------------------------------------------------    -------------------
                         (clock clk_out1_xlnx_clk_gen rise edge)
                                                      0.000     0.000 r  
    K17                                               0.000     0.000 r  clk_sys (IN)
                         net (fo=0)                   0.000     0.000    i_xlnx_clk_gen/inst/clk_in1
    K17                  IBUF (Prop_ibuf_I_O)         1.475     1.475 r  i_xlnx_clk_gen/inst/clkin1_ibufg/O
                         net (fo=1, routed)           1.285     2.760    i_xlnx_clk_gen/inst/clk_in1_xlnx_clk_gen
    MMCME2_ADV_X1Y2      MMCME2_ADV (Prop_mmcme2_adv_CLKIN1_CLKOUT0)
                                                     -7.759    -4.999 r  i_xlnx_clk_gen/inst/mmcm_adv_inst/CLKOUT0
                         net (fo=1, routed)           2.206    -2.793    i_xlnx_clk_gen/inst/clk_out1_xlnx_clk_gen
    BUFGCTRL_X0Y16       BUFG (Prop_bufg_I_O)         0.101    -2.692 r  i_xlnx_clk_gen/inst/clkout1_buf/O
                         net (fo=16470, routed)       1.804    -0.888    i_axi_dwidth_converter_dm_slave/inst/gen_downsizer.gen_simple_downsizer.axi_downsizer_inst/USE_WRITE.write_addr_inst/USE_B_CHANNEL.cmd_b_queue/inst/fifo_gen_inst/inst_fifo_gen/gconvfifo.rf/grf.rf/rstblk/ngwrdrst.grst.g7serrst.gnsckt_wrst.rst_wr_reg2_inst/dest_clk
    SLICE_X104Y0         FDPE                                         r  i_axi_dwidth_converter_dm_slave/inst/gen_downsizer.gen_simple_downsizer.axi_downsizer_inst/USE_WRITE.write_addr_inst/USE_B_CHANNEL.cmd_b_queue/inst/fifo_gen_inst/inst_fifo_gen/gconvfifo.rf/grf.rf/rstblk/ngwrdrst.grst.g7serrst.gnsckt_wrst.rst_wr_reg2_inst/arststages_ff_reg[1]/C
  -------------------------------------------------------------------    -------------------
    SLICE_X104Y0         FDPE (Prop_fdpe_C_Q)         0.478    -0.410 f  i_axi_dwidth_converter_dm_slave/inst/gen_downsizer.gen_simple_downsizer.axi_downsizer_inst/USE_WRITE.write_addr_inst/USE_B_CHANNEL.cmd_b_queue/inst/fifo_gen_inst/inst_fifo_gen/gconvfifo.rf/grf.rf/rstblk/ngwrdrst.grst.g7serrst.gnsckt_wrst.rst_wr_reg2_inst/arststages_ff_reg[1]/Q
                         net (fo=3, routed)           0.593     0.183    i_axi_dwidth_converter_dm_slave/inst/gen_downsizer.gen_simple_downsizer.axi_downsizer_inst/USE_WRITE.write_addr_inst/USE_B_CHANNEL.cmd_b_queue/inst/fifo_gen_inst/inst_fifo_gen/gconvfifo.rf/grf.rf/rstblk/ngwrdrst.rst_wr_reg2
    SLICE_X105Y0         LUT3 (Prop_lut3_I2_O)        0.295     0.478 f  i_axi_dwidth_converter_dm_slave/inst/gen_downsizer.gen_simple_downsizer.axi_downsizer_inst/USE_WRITE.write_addr_inst/USE_B_CHANNEL.cmd_b_queue/inst/fifo_gen_inst/inst_fifo_gen/gconvfifo.rf/grf.rf/rstblk/gpregsm1.curr_fwft_state[1]_i_2/O
                         net (fo=32, routed)          1.137     1.615    i_axi_dwidth_converter_dm_slave/inst/gen_downsizer.gen_simple_downsizer.axi_downsizer_inst/USE_WRITE.write_addr_inst/USE_B_CHANNEL.cmd_b_queue/inst/fifo_gen_inst/inst_fifo_gen/gconvfifo.rf/grf.rf/gntv_or_sync_fifo.gl0.rd/rpntr/gc0.count_d1_reg[4]_1
    SLICE_X105Y2         FDCE                                         f  i_axi_dwidth_converter_dm_slave/inst/gen_downsizer.gen_simple_downsizer.axi_downsizer_inst/USE_WRITE.write_addr_inst/USE_B_CHANNEL.cmd_b_queue/inst/fifo_gen_inst/inst_fifo_gen/gconvfifo.rf/grf.rf/gntv_or_sync_fifo.gl0.rd/rpntr/gc0.count_d1_reg[1]/CLR
  -------------------------------------------------------------------    -------------------

                         (clock clk_out1_xlnx_clk_gen rise edge)
                                                     20.000    20.000 r  
    K17                                               0.000    20.000 r  clk_sys (IN)
                         net (fo=0)                   0.000    20.000    i_xlnx_clk_gen/inst/clk_in1
    K17                  IBUF (Prop_ibuf_I_O)         1.404    21.404 r  i_xlnx_clk_gen/inst/clkin1_ibufg/O
                         net (fo=1, routed)           1.162    22.566    i_xlnx_clk_gen/inst/clk_in1_xlnx_clk_gen
    MMCME2_ADV_X1Y2      MMCME2_ADV (Prop_mmcme2_adv_CLKIN1_CLKOUT0)
                                                     -7.814    14.752 r  i_xlnx_clk_gen/inst/mmcm_adv_inst/CLKOUT0
                         net (fo=1, routed)           2.012    16.764    i_xlnx_clk_gen/inst/clk_out1_xlnx_clk_gen
    BUFGCTRL_X0Y16       BUFG (Prop_bufg_I_O)         0.091    16.855 r  i_xlnx_clk_gen/inst/clkout1_buf/O
                         net (fo=16470, routed)       1.627    18.482    i_axi_dwidth_converter_dm_slave/inst/gen_downsizer.gen_simple_downsizer.axi_downsizer_inst/USE_WRITE.write_addr_inst/USE_B_CHANNEL.cmd_b_queue/inst/fifo_gen_inst/inst_fifo_gen/gconvfifo.rf/grf.rf/gntv_or_sync_fifo.gl0.rd/rpntr/clk
    SLICE_X105Y2         FDCE                                         r  i_axi_dwidth_converter_dm_slave/inst/gen_downsizer.gen_simple_downsizer.axi_downsizer_inst/USE_WRITE.write_addr_inst/USE_B_CHANNEL.cmd_b_queue/inst/fifo_gen_inst/inst_fifo_gen/gconvfifo.rf/grf.rf/gntv_or_sync_fifo.gl0.rd/rpntr/gc0.count_d1_reg[1]/C
                         clock pessimism              0.604    19.087    
                         clock uncertainty           -0.079    19.007    
    SLICE_X105Y2         FDCE (Recov_fdce_C_CLR)     -0.405    18.602    i_axi_dwidth_converter_dm_slave/inst/gen_downsizer.gen_simple_downsizer.axi_downsizer_inst/USE_WRITE.write_addr_inst/USE_B_CHANNEL.cmd_b_queue/inst/fifo_gen_inst/inst_fifo_gen/gconvfifo.rf/grf.rf/gntv_or_sync_fifo.gl0.rd/rpntr/gc0.count_d1_reg[1]
  -------------------------------------------------------------------
                         required time                         18.602    
                         arrival time                          -1.615    
  -------------------------------------------------------------------
                         slack                                 16.987    

Slack (MET) :             16.987ns  (required time - arrival time)
  Source:                 i_axi_dwidth_converter_dm_slave/inst/gen_downsizer.gen_simple_downsizer.axi_downsizer_inst/USE_WRITE.write_addr_inst/USE_B_CHANNEL.cmd_b_queue/inst/fifo_gen_inst/inst_fifo_gen/gconvfifo.rf/grf.rf/rstblk/ngwrdrst.grst.g7serrst.gnsckt_wrst.rst_wr_reg2_inst/arststages_ff_reg[1]/C
                            (rising edge-triggered cell FDPE clocked by clk_out1_xlnx_clk_gen  {rise@0.000ns fall@10.000ns period=20.000ns})
  Destination:            i_axi_dwidth_converter_dm_slave/inst/gen_downsizer.gen_simple_downsizer.axi_downsizer_inst/USE_WRITE.write_addr_inst/USE_B_CHANNEL.cmd_b_queue/inst/fifo_gen_inst/inst_fifo_gen/gconvfifo.rf/grf.rf/gntv_or_sync_fifo.gl0.rd/rpntr/gc0.count_d1_reg[2]/CLR
                            (recovery check against rising-edge clock clk_out1_xlnx_clk_gen  {rise@0.000ns fall@10.000ns period=20.000ns})
  Path Group:             **async_default**
  Path Type:              Recovery (Max at Slow Process Corner)
  Requirement:            20.000ns  (clk_out1_xlnx_clk_gen rise@20.000ns - clk_out1_xlnx_clk_gen rise@0.000ns)
  Data Path Delay:        2.503ns  (logic 0.773ns (30.877%)  route 1.730ns (69.123%))
  Logic Levels:           1  (LUT3=1)
  Clock Path Skew:        -0.025ns (DCD - SCD + CPR)
    Destination Clock Delay (DCD):    -1.518ns = ( 18.482 - 20.000 ) 
    Source Clock Delay      (SCD):    -0.888ns
    Clock Pessimism Removal (CPR):    0.604ns
  Clock Uncertainty:      0.079ns  ((TSJ^2 + DJ^2)^1/2) / 2 + PE
    Total System Jitter     (TSJ):    0.071ns
    Discrete Jitter          (DJ):    0.142ns
    Phase Error              (PE):    0.000ns

    Location             Delay type                Incr(ns)  Path(ns)    Netlist Resource(s)
  -------------------------------------------------------------------    -------------------
                         (clock clk_out1_xlnx_clk_gen rise edge)
                                                      0.000     0.000 r  
    K17                                               0.000     0.000 r  clk_sys (IN)
                         net (fo=0)                   0.000     0.000    i_xlnx_clk_gen/inst/clk_in1
    K17                  IBUF (Prop_ibuf_I_O)         1.475     1.475 r  i_xlnx_clk_gen/inst/clkin1_ibufg/O
                         net (fo=1, routed)           1.285     2.760    i_xlnx_clk_gen/inst/clk_in1_xlnx_clk_gen
    MMCME2_ADV_X1Y2      MMCME2_ADV (Prop_mmcme2_adv_CLKIN1_CLKOUT0)
                                                     -7.759    -4.999 r  i_xlnx_clk_gen/inst/mmcm_adv_inst/CLKOUT0
                         net (fo=1, routed)           2.206    -2.793    i_xlnx_clk_gen/inst/clk_out1_xlnx_clk_gen
    BUFGCTRL_X0Y16       BUFG (Prop_bufg_I_O)         0.101    -2.692 r  i_xlnx_clk_gen/inst/clkout1_buf/O
                         net (fo=16470, routed)       1.804    -0.888    i_axi_dwidth_converter_dm_slave/inst/gen_downsizer.gen_simple_downsizer.axi_downsizer_inst/USE_WRITE.write_addr_inst/USE_B_CHANNEL.cmd_b_queue/inst/fifo_gen_inst/inst_fifo_gen/gconvfifo.rf/grf.rf/rstblk/ngwrdrst.grst.g7serrst.gnsckt_wrst.rst_wr_reg2_inst/dest_clk
    SLICE_X104Y0         FDPE                                         r  i_axi_dwidth_converter_dm_slave/inst/gen_downsizer.gen_simple_downsizer.axi_downsizer_inst/USE_WRITE.write_addr_inst/USE_B_CHANNEL.cmd_b_queue/inst/fifo_gen_inst/inst_fifo_gen/gconvfifo.rf/grf.rf/rstblk/ngwrdrst.grst.g7serrst.gnsckt_wrst.rst_wr_reg2_inst/arststages_ff_reg[1]/C
  -------------------------------------------------------------------    -------------------
    SLICE_X104Y0         FDPE (Prop_fdpe_C_Q)         0.478    -0.410 f  i_axi_dwidth_converter_dm_slave/inst/gen_downsizer.gen_simple_downsizer.axi_downsizer_inst/USE_WRITE.write_addr_inst/USE_B_CHANNEL.cmd_b_queue/inst/fifo_gen_inst/inst_fifo_gen/gconvfifo.rf/grf.rf/rstblk/ngwrdrst.grst.g7serrst.gnsckt_wrst.rst_wr_reg2_inst/arststages_ff_reg[1]/Q
                         net (fo=3, routed)           0.593     0.183    i_axi_dwidth_converter_dm_slave/inst/gen_downsizer.gen_simple_downsizer.axi_downsizer_inst/USE_WRITE.write_addr_inst/USE_B_CHANNEL.cmd_b_queue/inst/fifo_gen_inst/inst_fifo_gen/gconvfifo.rf/grf.rf/rstblk/ngwrdrst.rst_wr_reg2
    SLICE_X105Y0         LUT3 (Prop_lut3_I2_O)        0.295     0.478 f  i_axi_dwidth_converter_dm_slave/inst/gen_downsizer.gen_simple_downsizer.axi_downsizer_inst/USE_WRITE.write_addr_inst/USE_B_CHANNEL.cmd_b_queue/inst/fifo_gen_inst/inst_fifo_gen/gconvfifo.rf/grf.rf/rstblk/gpregsm1.curr_fwft_state[1]_i_2/O
                         net (fo=32, routed)          1.137     1.615    i_axi_dwidth_converter_dm_slave/inst/gen_downsizer.gen_simple_downsizer.axi_downsizer_inst/USE_WRITE.write_addr_inst/USE_B_CHANNEL.cmd_b_queue/inst/fifo_gen_inst/inst_fifo_gen/gconvfifo.rf/grf.rf/gntv_or_sync_fifo.gl0.rd/rpntr/gc0.count_d1_reg[4]_1
    SLICE_X105Y2         FDCE                                         f  i_axi_dwidth_converter_dm_slave/inst/gen_downsizer.gen_simple_downsizer.axi_downsizer_inst/USE_WRITE.write_addr_inst/USE_B_CHANNEL.cmd_b_queue/inst/fifo_gen_inst/inst_fifo_gen/gconvfifo.rf/grf.rf/gntv_or_sync_fifo.gl0.rd/rpntr/gc0.count_d1_reg[2]/CLR
  -------------------------------------------------------------------    -------------------

                         (clock clk_out1_xlnx_clk_gen rise edge)
                                                     20.000    20.000 r  
    K17                                               0.000    20.000 r  clk_sys (IN)
                         net (fo=0)                   0.000    20.000    i_xlnx_clk_gen/inst/clk_in1
    K17                  IBUF (Prop_ibuf_I_O)         1.404    21.404 r  i_xlnx_clk_gen/inst/clkin1_ibufg/O
                         net (fo=1, routed)           1.162    22.566    i_xlnx_clk_gen/inst/clk_in1_xlnx_clk_gen
    MMCME2_ADV_X1Y2      MMCME2_ADV (Prop_mmcme2_adv_CLKIN1_CLKOUT0)
                                                     -7.814    14.752 r  i_xlnx_clk_gen/inst/mmcm_adv_inst/CLKOUT0
                         net (fo=1, routed)           2.012    16.764    i_xlnx_clk_gen/inst/clk_out1_xlnx_clk_gen
    BUFGCTRL_X0Y16       BUFG (Prop_bufg_I_O)         0.091    16.855 r  i_xlnx_clk_gen/inst/clkout1_buf/O
                         net (fo=16470, routed)       1.627    18.482    i_axi_dwidth_converter_dm_slave/inst/gen_downsizer.gen_simple_downsizer.axi_downsizer_inst/USE_WRITE.write_addr_inst/USE_B_CHANNEL.cmd_b_queue/inst/fifo_gen_inst/inst_fifo_gen/gconvfifo.rf/grf.rf/gntv_or_sync_fifo.gl0.rd/rpntr/clk
    SLICE_X105Y2         FDCE                                         r  i_axi_dwidth_converter_dm_slave/inst/gen_downsizer.gen_simple_downsizer.axi_downsizer_inst/USE_WRITE.write_addr_inst/USE_B_CHANNEL.cmd_b_queue/inst/fifo_gen_inst/inst_fifo_gen/gconvfifo.rf/grf.rf/gntv_or_sync_fifo.gl0.rd/rpntr/gc0.count_d1_reg[2]/C
                         clock pessimism              0.604    19.087    
                         clock uncertainty           -0.079    19.007    
    SLICE_X105Y2         FDCE (Recov_fdce_C_CLR)     -0.405    18.602    i_axi_dwidth_converter_dm_slave/inst/gen_downsizer.gen_simple_downsizer.axi_downsizer_inst/USE_WRITE.write_addr_inst/USE_B_CHANNEL.cmd_b_queue/inst/fifo_gen_inst/inst_fifo_gen/gconvfifo.rf/grf.rf/gntv_or_sync_fifo.gl0.rd/rpntr/gc0.count_d1_reg[2]
  -------------------------------------------------------------------
                         required time                         18.602    
                         arrival time                          -1.615    
  -------------------------------------------------------------------
                         slack                                 16.987    

Slack (MET) :             16.987ns  (required time - arrival time)
  Source:                 i_axi_dwidth_converter_dm_slave/inst/gen_downsizer.gen_simple_downsizer.axi_downsizer_inst/USE_WRITE.write_addr_inst/USE_B_CHANNEL.cmd_b_queue/inst/fifo_gen_inst/inst_fifo_gen/gconvfifo.rf/grf.rf/rstblk/ngwrdrst.grst.g7serrst.gnsckt_wrst.rst_wr_reg2_inst/arststages_ff_reg[1]/C
                            (rising edge-triggered cell FDPE clocked by clk_out1_xlnx_clk_gen  {rise@0.000ns fall@10.000ns period=20.000ns})
  Destination:            i_axi_dwidth_converter_dm_slave/inst/gen_downsizer.gen_simple_downsizer.axi_downsizer_inst/USE_WRITE.write_addr_inst/USE_B_CHANNEL.cmd_b_queue/inst/fifo_gen_inst/inst_fifo_gen/gconvfifo.rf/grf.rf/gntv_or_sync_fifo.gl0.rd/rpntr/gc0.count_d1_reg[3]/CLR
                            (recovery check against rising-edge clock clk_out1_xlnx_clk_gen  {rise@0.000ns fall@10.000ns period=20.000ns})
  Path Group:             **async_default**
  Path Type:              Recovery (Max at Slow Process Corner)
  Requirement:            20.000ns  (clk_out1_xlnx_clk_gen rise@20.000ns - clk_out1_xlnx_clk_gen rise@0.000ns)
  Data Path Delay:        2.503ns  (logic 0.773ns (30.877%)  route 1.730ns (69.123%))
  Logic Levels:           1  (LUT3=1)
  Clock Path Skew:        -0.025ns (DCD - SCD + CPR)
    Destination Clock Delay (DCD):    -1.518ns = ( 18.482 - 20.000 ) 
    Source Clock Delay      (SCD):    -0.888ns
    Clock Pessimism Removal (CPR):    0.604ns
  Clock Uncertainty:      0.079ns  ((TSJ^2 + DJ^2)^1/2) / 2 + PE
    Total System Jitter     (TSJ):    0.071ns
    Discrete Jitter          (DJ):    0.142ns
    Phase Error              (PE):    0.000ns

    Location             Delay type                Incr(ns)  Path(ns)    Netlist Resource(s)
  -------------------------------------------------------------------    -------------------
                         (clock clk_out1_xlnx_clk_gen rise edge)
                                                      0.000     0.000 r  
    K17                                               0.000     0.000 r  clk_sys (IN)
                         net (fo=0)                   0.000     0.000    i_xlnx_clk_gen/inst/clk_in1
    K17                  IBUF (Prop_ibuf_I_O)         1.475     1.475 r  i_xlnx_clk_gen/inst/clkin1_ibufg/O
                         net (fo=1, routed)           1.285     2.760    i_xlnx_clk_gen/inst/clk_in1_xlnx_clk_gen
    MMCME2_ADV_X1Y2      MMCME2_ADV (Prop_mmcme2_adv_CLKIN1_CLKOUT0)
                                                     -7.759    -4.999 r  i_xlnx_clk_gen/inst/mmcm_adv_inst/CLKOUT0
                         net (fo=1, routed)           2.206    -2.793    i_xlnx_clk_gen/inst/clk_out1_xlnx_clk_gen
    BUFGCTRL_X0Y16       BUFG (Prop_bufg_I_O)         0.101    -2.692 r  i_xlnx_clk_gen/inst/clkout1_buf/O
                         net (fo=16470, routed)       1.804    -0.888    i_axi_dwidth_converter_dm_slave/inst/gen_downsizer.gen_simple_downsizer.axi_downsizer_inst/USE_WRITE.write_addr_inst/USE_B_CHANNEL.cmd_b_queue/inst/fifo_gen_inst/inst_fifo_gen/gconvfifo.rf/grf.rf/rstblk/ngwrdrst.grst.g7serrst.gnsckt_wrst.rst_wr_reg2_inst/dest_clk
    SLICE_X104Y0         FDPE                                         r  i_axi_dwidth_converter_dm_slave/inst/gen_downsizer.gen_simple_downsizer.axi_downsizer_inst/USE_WRITE.write_addr_inst/USE_B_CHANNEL.cmd_b_queue/inst/fifo_gen_inst/inst_fifo_gen/gconvfifo.rf/grf.rf/rstblk/ngwrdrst.grst.g7serrst.gnsckt_wrst.rst_wr_reg2_inst/arststages_ff_reg[1]/C
  -------------------------------------------------------------------    -------------------
    SLICE_X104Y0         FDPE (Prop_fdpe_C_Q)         0.478    -0.410 f  i_axi_dwidth_converter_dm_slave/inst/gen_downsizer.gen_simple_downsizer.axi_downsizer_inst/USE_WRITE.write_addr_inst/USE_B_CHANNEL.cmd_b_queue/inst/fifo_gen_inst/inst_fifo_gen/gconvfifo.rf/grf.rf/rstblk/ngwrdrst.grst.g7serrst.gnsckt_wrst.rst_wr_reg2_inst/arststages_ff_reg[1]/Q
                         net (fo=3, routed)           0.593     0.183    i_axi_dwidth_converter_dm_slave/inst/gen_downsizer.gen_simple_downsizer.axi_downsizer_inst/USE_WRITE.write_addr_inst/USE_B_CHANNEL.cmd_b_queue/inst/fifo_gen_inst/inst_fifo_gen/gconvfifo.rf/grf.rf/rstblk/ngwrdrst.rst_wr_reg2
    SLICE_X105Y0         LUT3 (Prop_lut3_I2_O)        0.295     0.478 f  i_axi_dwidth_converter_dm_slave/inst/gen_downsizer.gen_simple_downsizer.axi_downsizer_inst/USE_WRITE.write_addr_inst/USE_B_CHANNEL.cmd_b_queue/inst/fifo_gen_inst/inst_fifo_gen/gconvfifo.rf/grf.rf/rstblk/gpregsm1.curr_fwft_state[1]_i_2/O
                         net (fo=32, routed)          1.137     1.615    i_axi_dwidth_converter_dm_slave/inst/gen_downsizer.gen_simple_downsizer.axi_downsizer_inst/USE_WRITE.write_addr_inst/USE_B_CHANNEL.cmd_b_queue/inst/fifo_gen_inst/inst_fifo_gen/gconvfifo.rf/grf.rf/gntv_or_sync_fifo.gl0.rd/rpntr/gc0.count_d1_reg[4]_1
    SLICE_X105Y2         FDCE                                         f  i_axi_dwidth_converter_dm_slave/inst/gen_downsizer.gen_simple_downsizer.axi_downsizer_inst/USE_WRITE.write_addr_inst/USE_B_CHANNEL.cmd_b_queue/inst/fifo_gen_inst/inst_fifo_gen/gconvfifo.rf/grf.rf/gntv_or_sync_fifo.gl0.rd/rpntr/gc0.count_d1_reg[3]/CLR
  -------------------------------------------------------------------    -------------------

                         (clock clk_out1_xlnx_clk_gen rise edge)
                                                     20.000    20.000 r  
    K17                                               0.000    20.000 r  clk_sys (IN)
                         net (fo=0)                   0.000    20.000    i_xlnx_clk_gen/inst/clk_in1
    K17                  IBUF (Prop_ibuf_I_O)         1.404    21.404 r  i_xlnx_clk_gen/inst/clkin1_ibufg/O
                         net (fo=1, routed)           1.162    22.566    i_xlnx_clk_gen/inst/clk_in1_xlnx_clk_gen
    MMCME2_ADV_X1Y2      MMCME2_ADV (Prop_mmcme2_adv_CLKIN1_CLKOUT0)
                                                     -7.814    14.752 r  i_xlnx_clk_gen/inst/mmcm_adv_inst/CLKOUT0
                         net (fo=1, routed)           2.012    16.764    i_xlnx_clk_gen/inst/clk_out1_xlnx_clk_gen
    BUFGCTRL_X0Y16       BUFG (Prop_bufg_I_O)         0.091    16.855 r  i_xlnx_clk_gen/inst/clkout1_buf/O
                         net (fo=16470, routed)       1.627    18.482    i_axi_dwidth_converter_dm_slave/inst/gen_downsizer.gen_simple_downsizer.axi_downsizer_inst/USE_WRITE.write_addr_inst/USE_B_CHANNEL.cmd_b_queue/inst/fifo_gen_inst/inst_fifo_gen/gconvfifo.rf/grf.rf/gntv_or_sync_fifo.gl0.rd/rpntr/clk
    SLICE_X105Y2         FDCE                                         r  i_axi_dwidth_converter_dm_slave/inst/gen_downsizer.gen_simple_downsizer.axi_downsizer_inst/USE_WRITE.write_addr_inst/USE_B_CHANNEL.cmd_b_queue/inst/fifo_gen_inst/inst_fifo_gen/gconvfifo.rf/grf.rf/gntv_or_sync_fifo.gl0.rd/rpntr/gc0.count_d1_reg[3]/C
                         clock pessimism              0.604    19.087    
                         clock uncertainty           -0.079    19.007    
    SLICE_X105Y2         FDCE (Recov_fdce_C_CLR)     -0.405    18.602    i_axi_dwidth_converter_dm_slave/inst/gen_downsizer.gen_simple_downsizer.axi_downsizer_inst/USE_WRITE.write_addr_inst/USE_B_CHANNEL.cmd_b_queue/inst/fifo_gen_inst/inst_fifo_gen/gconvfifo.rf/grf.rf/gntv_or_sync_fifo.gl0.rd/rpntr/gc0.count_d1_reg[3]
  -------------------------------------------------------------------
                         required time                         18.602    
                         arrival time                          -1.615    
  -------------------------------------------------------------------
                         slack                                 16.987    

Slack (MET) :             16.987ns  (required time - arrival time)
  Source:                 i_axi_dwidth_converter_dm_slave/inst/gen_downsizer.gen_simple_downsizer.axi_downsizer_inst/USE_WRITE.write_addr_inst/USE_B_CHANNEL.cmd_b_queue/inst/fifo_gen_inst/inst_fifo_gen/gconvfifo.rf/grf.rf/rstblk/ngwrdrst.grst.g7serrst.gnsckt_wrst.rst_wr_reg2_inst/arststages_ff_reg[1]/C
                            (rising edge-triggered cell FDPE clocked by clk_out1_xlnx_clk_gen  {rise@0.000ns fall@10.000ns period=20.000ns})
  Destination:            i_axi_dwidth_converter_dm_slave/inst/gen_downsizer.gen_simple_downsizer.axi_downsizer_inst/USE_WRITE.write_addr_inst/USE_B_CHANNEL.cmd_b_queue/inst/fifo_gen_inst/inst_fifo_gen/gconvfifo.rf/grf.rf/gntv_or_sync_fifo.gl0.rd/rpntr/gc0.count_d1_reg[4]/CLR
                            (recovery check against rising-edge clock clk_out1_xlnx_clk_gen  {rise@0.000ns fall@10.000ns period=20.000ns})
  Path Group:             **async_default**
  Path Type:              Recovery (Max at Slow Process Corner)
  Requirement:            20.000ns  (clk_out1_xlnx_clk_gen rise@20.000ns - clk_out1_xlnx_clk_gen rise@0.000ns)
  Data Path Delay:        2.503ns  (logic 0.773ns (30.877%)  route 1.730ns (69.123%))
  Logic Levels:           1  (LUT3=1)
  Clock Path Skew:        -0.025ns (DCD - SCD + CPR)
    Destination Clock Delay (DCD):    -1.518ns = ( 18.482 - 20.000 ) 
    Source Clock Delay      (SCD):    -0.888ns
    Clock Pessimism Removal (CPR):    0.604ns
  Clock Uncertainty:      0.079ns  ((TSJ^2 + DJ^2)^1/2) / 2 + PE
    Total System Jitter     (TSJ):    0.071ns
    Discrete Jitter          (DJ):    0.142ns
    Phase Error              (PE):    0.000ns

    Location             Delay type                Incr(ns)  Path(ns)    Netlist Resource(s)
  -------------------------------------------------------------------    -------------------
                         (clock clk_out1_xlnx_clk_gen rise edge)
                                                      0.000     0.000 r  
    K17                                               0.000     0.000 r  clk_sys (IN)
                         net (fo=0)                   0.000     0.000    i_xlnx_clk_gen/inst/clk_in1
    K17                  IBUF (Prop_ibuf_I_O)         1.475     1.475 r  i_xlnx_clk_gen/inst/clkin1_ibufg/O
                         net (fo=1, routed)           1.285     2.760    i_xlnx_clk_gen/inst/clk_in1_xlnx_clk_gen
    MMCME2_ADV_X1Y2      MMCME2_ADV (Prop_mmcme2_adv_CLKIN1_CLKOUT0)
                                                     -7.759    -4.999 r  i_xlnx_clk_gen/inst/mmcm_adv_inst/CLKOUT0
                         net (fo=1, routed)           2.206    -2.793    i_xlnx_clk_gen/inst/clk_out1_xlnx_clk_gen
    BUFGCTRL_X0Y16       BUFG (Prop_bufg_I_O)         0.101    -2.692 r  i_xlnx_clk_gen/inst/clkout1_buf/O
                         net (fo=16470, routed)       1.804    -0.888    i_axi_dwidth_converter_dm_slave/inst/gen_downsizer.gen_simple_downsizer.axi_downsizer_inst/USE_WRITE.write_addr_inst/USE_B_CHANNEL.cmd_b_queue/inst/fifo_gen_inst/inst_fifo_gen/gconvfifo.rf/grf.rf/rstblk/ngwrdrst.grst.g7serrst.gnsckt_wrst.rst_wr_reg2_inst/dest_clk
    SLICE_X104Y0         FDPE                                         r  i_axi_dwidth_converter_dm_slave/inst/gen_downsizer.gen_simple_downsizer.axi_downsizer_inst/USE_WRITE.write_addr_inst/USE_B_CHANNEL.cmd_b_queue/inst/fifo_gen_inst/inst_fifo_gen/gconvfifo.rf/grf.rf/rstblk/ngwrdrst.grst.g7serrst.gnsckt_wrst.rst_wr_reg2_inst/arststages_ff_reg[1]/C
  -------------------------------------------------------------------    -------------------
    SLICE_X104Y0         FDPE (Prop_fdpe_C_Q)         0.478    -0.410 f  i_axi_dwidth_converter_dm_slave/inst/gen_downsizer.gen_simple_downsizer.axi_downsizer_inst/USE_WRITE.write_addr_inst/USE_B_CHANNEL.cmd_b_queue/inst/fifo_gen_inst/inst_fifo_gen/gconvfifo.rf/grf.rf/rstblk/ngwrdrst.grst.g7serrst.gnsckt_wrst.rst_wr_reg2_inst/arststages_ff_reg[1]/Q
                         net (fo=3, routed)           0.593     0.183    i_axi_dwidth_converter_dm_slave/inst/gen_downsizer.gen_simple_downsizer.axi_downsizer_inst/USE_WRITE.write_addr_inst/USE_B_CHANNEL.cmd_b_queue/inst/fifo_gen_inst/inst_fifo_gen/gconvfifo.rf/grf.rf/rstblk/ngwrdrst.rst_wr_reg2
    SLICE_X105Y0         LUT3 (Prop_lut3_I2_O)        0.295     0.478 f  i_axi_dwidth_converter_dm_slave/inst/gen_downsizer.gen_simple_downsizer.axi_downsizer_inst/USE_WRITE.write_addr_inst/USE_B_CHANNEL.cmd_b_queue/inst/fifo_gen_inst/inst_fifo_gen/gconvfifo.rf/grf.rf/rstblk/gpregsm1.curr_fwft_state[1]_i_2/O
                         net (fo=32, routed)          1.137     1.615    i_axi_dwidth_converter_dm_slave/inst/gen_downsizer.gen_simple_downsizer.axi_downsizer_inst/USE_WRITE.write_addr_inst/USE_B_CHANNEL.cmd_b_queue/inst/fifo_gen_inst/inst_fifo_gen/gconvfifo.rf/grf.rf/gntv_or_sync_fifo.gl0.rd/rpntr/gc0.count_d1_reg[4]_1
    SLICE_X105Y2         FDCE                                         f  i_axi_dwidth_converter_dm_slave/inst/gen_downsizer.gen_simple_downsizer.axi_downsizer_inst/USE_WRITE.write_addr_inst/USE_B_CHANNEL.cmd_b_queue/inst/fifo_gen_inst/inst_fifo_gen/gconvfifo.rf/grf.rf/gntv_or_sync_fifo.gl0.rd/rpntr/gc0.count_d1_reg[4]/CLR
  -------------------------------------------------------------------    -------------------

                         (clock clk_out1_xlnx_clk_gen rise edge)
                                                     20.000    20.000 r  
    K17                                               0.000    20.000 r  clk_sys (IN)
                         net (fo=0)                   0.000    20.000    i_xlnx_clk_gen/inst/clk_in1
    K17                  IBUF (Prop_ibuf_I_O)         1.404    21.404 r  i_xlnx_clk_gen/inst/clkin1_ibufg/O
                         net (fo=1, routed)           1.162    22.566    i_xlnx_clk_gen/inst/clk_in1_xlnx_clk_gen
    MMCME2_ADV_X1Y2      MMCME2_ADV (Prop_mmcme2_adv_CLKIN1_CLKOUT0)
                                                     -7.814    14.752 r  i_xlnx_clk_gen/inst/mmcm_adv_inst/CLKOUT0
                         net (fo=1, routed)           2.012    16.764    i_xlnx_clk_gen/inst/clk_out1_xlnx_clk_gen
    BUFGCTRL_X0Y16       BUFG (Prop_bufg_I_O)         0.091    16.855 r  i_xlnx_clk_gen/inst/clkout1_buf/O
                         net (fo=16470, routed)       1.627    18.482    i_axi_dwidth_converter_dm_slave/inst/gen_downsizer.gen_simple_downsizer.axi_downsizer_inst/USE_WRITE.write_addr_inst/USE_B_CHANNEL.cmd_b_queue/inst/fifo_gen_inst/inst_fifo_gen/gconvfifo.rf/grf.rf/gntv_or_sync_fifo.gl0.rd/rpntr/clk
    SLICE_X105Y2         FDCE                                         r  i_axi_dwidth_converter_dm_slave/inst/gen_downsizer.gen_simple_downsizer.axi_downsizer_inst/USE_WRITE.write_addr_inst/USE_B_CHANNEL.cmd_b_queue/inst/fifo_gen_inst/inst_fifo_gen/gconvfifo.rf/grf.rf/gntv_or_sync_fifo.gl0.rd/rpntr/gc0.count_d1_reg[4]/C
                         clock pessimism              0.604    19.087    
                         clock uncertainty           -0.079    19.007    
    SLICE_X105Y2         FDCE (Recov_fdce_C_CLR)     -0.405    18.602    i_axi_dwidth_converter_dm_slave/inst/gen_downsizer.gen_simple_downsizer.axi_downsizer_inst/USE_WRITE.write_addr_inst/USE_B_CHANNEL.cmd_b_queue/inst/fifo_gen_inst/inst_fifo_gen/gconvfifo.rf/grf.rf/gntv_or_sync_fifo.gl0.rd/rpntr/gc0.count_d1_reg[4]
  -------------------------------------------------------------------
                         required time                         18.602    
                         arrival time                          -1.615    
  -------------------------------------------------------------------
                         slack                                 16.987    

Slack (MET) :             16.991ns  (required time - arrival time)
  Source:                 i_axi_dwidth_converter_dm_slave/inst/gen_downsizer.gen_simple_downsizer.axi_downsizer_inst/USE_WRITE.write_addr_inst/cmd_queue/inst/fifo_gen_inst/inst_fifo_gen/gconvfifo.rf/grf.rf/rstblk/ngwrdrst.grst.g7serrst.gnsckt_wrst.gcc_rst.sckt_wr_rst_cc_reg[0]/C
                            (rising edge-triggered cell FDRE clocked by clk_out1_xlnx_clk_gen  {rise@0.000ns fall@10.000ns period=20.000ns})
  Destination:            i_axi_dwidth_converter_dm_slave/inst/gen_downsizer.gen_simple_downsizer.axi_downsizer_inst/USE_WRITE.write_addr_inst/cmd_queue/inst/fifo_gen_inst/inst_fifo_gen/gconvfifo.rf/grf.rf/gntv_or_sync_fifo.gl0.rd/rpntr/gc0.count_reg[0]/PRE
                            (recovery check against rising-edge clock clk_out1_xlnx_clk_gen  {rise@0.000ns fall@10.000ns period=20.000ns})
  Path Group:             **async_default**
  Path Type:              Recovery (Max at Slow Process Corner)
  Requirement:            20.000ns  (clk_out1_xlnx_clk_gen rise@20.000ns - clk_out1_xlnx_clk_gen rise@0.000ns)
  Data Path Delay:        2.504ns  (logic 0.642ns (25.636%)  route 1.862ns (74.365%))
  Logic Levels:           1  (LUT3=1)
  Clock Path Skew:        -0.064ns (DCD - SCD + CPR)
    Destination Clock Delay (DCD):    -1.521ns = ( 18.479 - 20.000 ) 
    Source Clock Delay      (SCD):    -0.889ns
    Clock Pessimism Removal (CPR):    0.567ns
  Clock Uncertainty:      0.079ns  ((TSJ^2 + DJ^2)^1/2) / 2 + PE
    Total System Jitter     (TSJ):    0.071ns
    Discrete Jitter          (DJ):    0.142ns
    Phase Error              (PE):    0.000ns

    Location             Delay type                Incr(ns)  Path(ns)    Netlist Resource(s)
  -------------------------------------------------------------------    -------------------
                         (clock clk_out1_xlnx_clk_gen rise edge)
                                                      0.000     0.000 r  
    K17                                               0.000     0.000 r  clk_sys (IN)
                         net (fo=0)                   0.000     0.000    i_xlnx_clk_gen/inst/clk_in1
    K17                  IBUF (Prop_ibuf_I_O)         1.475     1.475 r  i_xlnx_clk_gen/inst/clkin1_ibufg/O
                         net (fo=1, routed)           1.285     2.760    i_xlnx_clk_gen/inst/clk_in1_xlnx_clk_gen
    MMCME2_ADV_X1Y2      MMCME2_ADV (Prop_mmcme2_adv_CLKIN1_CLKOUT0)
                                                     -7.759    -4.999 r  i_xlnx_clk_gen/inst/mmcm_adv_inst/CLKOUT0
                         net (fo=1, routed)           2.206    -2.793    i_xlnx_clk_gen/inst/clk_out1_xlnx_clk_gen
    BUFGCTRL_X0Y16       BUFG (Prop_bufg_I_O)         0.101    -2.692 r  i_xlnx_clk_gen/inst/clkout1_buf/O
                         net (fo=16470, routed)       1.803    -0.889    i_axi_dwidth_converter_dm_slave/inst/gen_downsizer.gen_simple_downsizer.axi_downsizer_inst/USE_WRITE.write_addr_inst/cmd_queue/inst/fifo_gen_inst/inst_fifo_gen/gconvfifo.rf/grf.rf/rstblk/clk
    SLICE_X98Y1          FDRE                                         r  i_axi_dwidth_converter_dm_slave/inst/gen_downsizer.gen_simple_downsizer.axi_downsizer_inst/USE_WRITE.write_addr_inst/cmd_queue/inst/fifo_gen_inst/inst_fifo_gen/gconvfifo.rf/grf.rf/rstblk/ngwrdrst.grst.g7serrst.gnsckt_wrst.gcc_rst.sckt_wr_rst_cc_reg[0]/C
  -------------------------------------------------------------------    -------------------
    SLICE_X98Y1          FDRE (Prop_fdre_C_Q)         0.518    -0.371 f  i_axi_dwidth_converter_dm_slave/inst/gen_downsizer.gen_simple_downsizer.axi_downsizer_inst/USE_WRITE.write_addr_inst/cmd_queue/inst/fifo_gen_inst/inst_fifo_gen/gconvfifo.rf/grf.rf/rstblk/ngwrdrst.grst.g7serrst.gnsckt_wrst.gcc_rst.sckt_wr_rst_cc_reg[0]/Q
                         net (fo=3, routed)           0.708     0.336    i_axi_dwidth_converter_dm_slave/inst/gen_downsizer.gen_simple_downsizer.axi_downsizer_inst/USE_WRITE.write_addr_inst/cmd_queue/inst/fifo_gen_inst/inst_fifo_gen/gconvfifo.rf/grf.rf/rstblk/ngwrdrst.grst.g7serrst.gnsckt_wrst.gcc_rst.sckt_wr_rst_cc[0]
    SLICE_X96Y2          LUT3 (Prop_lut3_I1_O)        0.124     0.460 f  i_axi_dwidth_converter_dm_slave/inst/gen_downsizer.gen_simple_downsizer.axi_downsizer_inst/USE_WRITE.write_addr_inst/cmd_queue/inst/fifo_gen_inst/inst_fifo_gen/gconvfifo.rf/grf.rf/rstblk/gpregsm1.curr_fwft_state[1]_i_2/O
                         net (fo=32, routed)          1.155     1.615    i_axi_dwidth_converter_dm_slave/inst/gen_downsizer.gen_simple_downsizer.axi_downsizer_inst/USE_WRITE.write_addr_inst/cmd_queue/inst/fifo_gen_inst/inst_fifo_gen/gconvfifo.rf/grf.rf/gntv_or_sync_fifo.gl0.rd/rpntr/gc0.count_d1_reg[4]_1
    SLICE_X96Y4          FDPE                                         f  i_axi_dwidth_converter_dm_slave/inst/gen_downsizer.gen_simple_downsizer.axi_downsizer_inst/USE_WRITE.write_addr_inst/cmd_queue/inst/fifo_gen_inst/inst_fifo_gen/gconvfifo.rf/grf.rf/gntv_or_sync_fifo.gl0.rd/rpntr/gc0.count_reg[0]/PRE
  -------------------------------------------------------------------    -------------------

                         (clock clk_out1_xlnx_clk_gen rise edge)
                                                     20.000    20.000 r  
    K17                                               0.000    20.000 r  clk_sys (IN)
                         net (fo=0)                   0.000    20.000    i_xlnx_clk_gen/inst/clk_in1
    K17                  IBUF (Prop_ibuf_I_O)         1.404    21.404 r  i_xlnx_clk_gen/inst/clkin1_ibufg/O
                         net (fo=1, routed)           1.162    22.566    i_xlnx_clk_gen/inst/clk_in1_xlnx_clk_gen
    MMCME2_ADV_X1Y2      MMCME2_ADV (Prop_mmcme2_adv_CLKIN1_CLKOUT0)
                                                     -7.814    14.752 r  i_xlnx_clk_gen/inst/mmcm_adv_inst/CLKOUT0
                         net (fo=1, routed)           2.012    16.764    i_xlnx_clk_gen/inst/clk_out1_xlnx_clk_gen
    BUFGCTRL_X0Y16       BUFG (Prop_bufg_I_O)         0.091    16.855 r  i_xlnx_clk_gen/inst/clkout1_buf/O
                         net (fo=16470, routed)       1.624    18.479    i_axi_dwidth_converter_dm_slave/inst/gen_downsizer.gen_simple_downsizer.axi_downsizer_inst/USE_WRITE.write_addr_inst/cmd_queue/inst/fifo_gen_inst/inst_fifo_gen/gconvfifo.rf/grf.rf/gntv_or_sync_fifo.gl0.rd/rpntr/clk
    SLICE_X96Y4          FDPE                                         r  i_axi_dwidth_converter_dm_slave/inst/gen_downsizer.gen_simple_downsizer.axi_downsizer_inst/USE_WRITE.write_addr_inst/cmd_queue/inst/fifo_gen_inst/inst_fifo_gen/gconvfifo.rf/grf.rf/gntv_or_sync_fifo.gl0.rd/rpntr/gc0.count_reg[0]/C
                         clock pessimism              0.567    19.047    
                         clock uncertainty           -0.079    18.967    
    SLICE_X96Y4          FDPE (Recov_fdpe_C_PRE)     -0.361    18.606    i_axi_dwidth_converter_dm_slave/inst/gen_downsizer.gen_simple_downsizer.axi_downsizer_inst/USE_WRITE.write_addr_inst/cmd_queue/inst/fifo_gen_inst/inst_fifo_gen/gconvfifo.rf/grf.rf/gntv_or_sync_fifo.gl0.rd/rpntr/gc0.count_reg[0]
  -------------------------------------------------------------------
                         required time                         18.606    
                         arrival time                          -1.615    
  -------------------------------------------------------------------
                         slack                                 16.991    

Slack (MET) :             17.023ns  (required time - arrival time)
  Source:                 i_dm_top/i_dm_csrs/dmcontrol_q_reg[ndmreset]/C
                            (rising edge-triggered cell FDCE clocked by clk_out1_xlnx_clk_gen  {rise@0.000ns fall@10.000ns period=20.000ns})
  Destination:            i_rstgen_main/i_rstgen_bypass/synch_regs_q_reg[3]/CLR
                            (recovery check against rising-edge clock clk_out1_xlnx_clk_gen  {rise@0.000ns fall@10.000ns period=20.000ns})
  Path Group:             **async_default**
  Path Type:              Recovery (Max at Slow Process Corner)
  Requirement:            20.000ns  (clk_out1_xlnx_clk_gen rise@20.000ns - clk_out1_xlnx_clk_gen rise@0.000ns)
  Data Path Delay:        2.511ns  (logic 0.718ns (28.596%)  route 1.793ns (71.404%))
  Logic Levels:           1  (LUT2=1)
  Clock Path Skew:        -0.068ns (DCD - SCD + CPR)
    Destination Clock Delay (DCD):    -1.593ns = ( 18.407 - 20.000 ) 
    Source Clock Delay      (SCD):    -0.957ns
    Clock Pessimism Removal (CPR):    0.567ns
  Clock Uncertainty:      0.079ns  ((TSJ^2 + DJ^2)^1/2) / 2 + PE
    Total System Jitter     (TSJ):    0.071ns
    Discrete Jitter          (DJ):    0.142ns
    Phase Error              (PE):    0.000ns

    Location             Delay type                Incr(ns)  Path(ns)    Netlist Resource(s)
  -------------------------------------------------------------------    -------------------
                         (clock clk_out1_xlnx_clk_gen rise edge)
                                                      0.000     0.000 r  
    K17                                               0.000     0.000 r  clk_sys (IN)
                         net (fo=0)                   0.000     0.000    i_xlnx_clk_gen/inst/clk_in1
    K17                  IBUF (Prop_ibuf_I_O)         1.475     1.475 r  i_xlnx_clk_gen/inst/clkin1_ibufg/O
                         net (fo=1, routed)           1.285     2.760    i_xlnx_clk_gen/inst/clk_in1_xlnx_clk_gen
    MMCME2_ADV_X1Y2      MMCME2_ADV (Prop_mmcme2_adv_CLKIN1_CLKOUT0)
                                                     -7.759    -4.999 r  i_xlnx_clk_gen/inst/mmcm_adv_inst/CLKOUT0
                         net (fo=1, routed)           2.206    -2.793    i_xlnx_clk_gen/inst/clk_out1_xlnx_clk_gen
    BUFGCTRL_X0Y16       BUFG (Prop_bufg_I_O)         0.101    -2.692 r  i_xlnx_clk_gen/inst/clkout1_buf/O
                         net (fo=16470, routed)       1.735    -0.957    i_dm_top/i_dm_csrs/clk_out1
    SLICE_X78Y4          FDCE                                         r  i_dm_top/i_dm_csrs/dmcontrol_q_reg[ndmreset]/C
  -------------------------------------------------------------------    -------------------
    SLICE_X78Y4          FDCE (Prop_fdce_C_Q)         0.419    -0.538 f  i_dm_top/i_dm_csrs/dmcontrol_q_reg[ndmreset]/Q
                         net (fo=3, routed)           0.622     0.084    i_dm_top/i_dm_csrs/ndmreset
    SLICE_X80Y8          LUT2 (Prop_lut2_I0_O)        0.299     0.383 f  i_dm_top/i_dm_csrs/synch_regs_q[3]_i_1/O
                         net (fo=4, routed)           1.171     1.554    i_rstgen_main/i_rstgen_bypass/synch_regs_q_reg[3]_1
    SLICE_X62Y12         FDCE                                         f  i_rstgen_main/i_rstgen_bypass/synch_regs_q_reg[3]/CLR
  -------------------------------------------------------------------    -------------------

                         (clock clk_out1_xlnx_clk_gen rise edge)
                                                     20.000    20.000 r  
    K17                                               0.000    20.000 r  clk_sys (IN)
                         net (fo=0)                   0.000    20.000    i_xlnx_clk_gen/inst/clk_in1
    K17                  IBUF (Prop_ibuf_I_O)         1.404    21.404 r  i_xlnx_clk_gen/inst/clkin1_ibufg/O
                         net (fo=1, routed)           1.162    22.566    i_xlnx_clk_gen/inst/clk_in1_xlnx_clk_gen
    MMCME2_ADV_X1Y2      MMCME2_ADV (Prop_mmcme2_adv_CLKIN1_CLKOUT0)
                                                     -7.814    14.752 r  i_xlnx_clk_gen/inst/mmcm_adv_inst/CLKOUT0
                         net (fo=1, routed)           2.012    16.764    i_xlnx_clk_gen/inst/clk_out1_xlnx_clk_gen
    BUFGCTRL_X0Y16       BUFG (Prop_bufg_I_O)         0.091    16.855 r  i_xlnx_clk_gen/inst/clkout1_buf/O
                         net (fo=16470, routed)       1.552    18.407    i_rstgen_main/i_rstgen_bypass/clk_out1
    SLICE_X62Y12         FDCE                                         r  i_rstgen_main/i_rstgen_bypass/synch_regs_q_reg[3]/C
                         clock pessimism              0.567    18.975    
                         clock uncertainty           -0.079    18.895    
    SLICE_X62Y12         FDCE (Recov_fdce_C_CLR)     -0.319    18.576    i_rstgen_main/i_rstgen_bypass/synch_regs_q_reg[3]
  -------------------------------------------------------------------
                         required time                         18.576    
                         arrival time                          -1.554    
  -------------------------------------------------------------------
                         slack                                 17.023    

Slack (MET) :             17.031ns  (required time - arrival time)
  Source:                 i_axi_dwidth_converter_dm_slave/inst/gen_downsizer.gen_simple_downsizer.axi_downsizer_inst/USE_WRITE.write_addr_inst/USE_B_CHANNEL.cmd_b_queue/inst/fifo_gen_inst/inst_fifo_gen/gconvfifo.rf/grf.rf/rstblk/ngwrdrst.grst.g7serrst.gnsckt_wrst.rst_wr_reg2_inst/arststages_ff_reg[1]/C
                            (rising edge-triggered cell FDPE clocked by clk_out1_xlnx_clk_gen  {rise@0.000ns fall@10.000ns period=20.000ns})
  Destination:            i_axi_dwidth_converter_dm_slave/inst/gen_downsizer.gen_simple_downsizer.axi_downsizer_inst/USE_WRITE.write_addr_inst/USE_B_CHANNEL.cmd_b_queue/inst/fifo_gen_inst/inst_fifo_gen/gconvfifo.rf/grf.rf/gntv_or_sync_fifo.gl0.wr/wpntr/gcc0.gc0.count_d1_reg[1]/CLR
                            (recovery check against rising-edge clock clk_out1_xlnx_clk_gen  {rise@0.000ns fall@10.000ns period=20.000ns})
  Path Group:             **async_default**
  Path Type:              Recovery (Max at Slow Process Corner)
  Requirement:            20.000ns  (clk_out1_xlnx_clk_gen rise@20.000ns - clk_out1_xlnx_clk_gen rise@0.000ns)
  Data Path Delay:        2.503ns  (logic 0.773ns (30.877%)  route 1.730ns (69.123%))
  Logic Levels:           1  (LUT3=1)
  Clock Path Skew:        -0.025ns (DCD - SCD + CPR)
    Destination Clock Delay (DCD):    -1.518ns = ( 18.482 - 20.000 ) 
    Source Clock Delay      (SCD):    -0.888ns
    Clock Pessimism Removal (CPR):    0.604ns
  Clock Uncertainty:      0.079ns  ((TSJ^2 + DJ^2)^1/2) / 2 + PE
    Total System Jitter     (TSJ):    0.071ns
    Discrete Jitter          (DJ):    0.142ns
    Phase Error              (PE):    0.000ns

    Location             Delay type                Incr(ns)  Path(ns)    Netlist Resource(s)
  -------------------------------------------------------------------    -------------------
                         (clock clk_out1_xlnx_clk_gen rise edge)
                                                      0.000     0.000 r  
    K17                                               0.000     0.000 r  clk_sys (IN)
                         net (fo=0)                   0.000     0.000    i_xlnx_clk_gen/inst/clk_in1
    K17                  IBUF (Prop_ibuf_I_O)         1.475     1.475 r  i_xlnx_clk_gen/inst/clkin1_ibufg/O
                         net (fo=1, routed)           1.285     2.760    i_xlnx_clk_gen/inst/clk_in1_xlnx_clk_gen
    MMCME2_ADV_X1Y2      MMCME2_ADV (Prop_mmcme2_adv_CLKIN1_CLKOUT0)
                                                     -7.759    -4.999 r  i_xlnx_clk_gen/inst/mmcm_adv_inst/CLKOUT0
                         net (fo=1, routed)           2.206    -2.793    i_xlnx_clk_gen/inst/clk_out1_xlnx_clk_gen
    BUFGCTRL_X0Y16       BUFG (Prop_bufg_I_O)         0.101    -2.692 r  i_xlnx_clk_gen/inst/clkout1_buf/O
                         net (fo=16470, routed)       1.804    -0.888    i_axi_dwidth_converter_dm_slave/inst/gen_downsizer.gen_simple_downsizer.axi_downsizer_inst/USE_WRITE.write_addr_inst/USE_B_CHANNEL.cmd_b_queue/inst/fifo_gen_inst/inst_fifo_gen/gconvfifo.rf/grf.rf/rstblk/ngwrdrst.grst.g7serrst.gnsckt_wrst.rst_wr_reg2_inst/dest_clk
    SLICE_X104Y0         FDPE                                         r  i_axi_dwidth_converter_dm_slave/inst/gen_downsizer.gen_simple_downsizer.axi_downsizer_inst/USE_WRITE.write_addr_inst/USE_B_CHANNEL.cmd_b_queue/inst/fifo_gen_inst/inst_fifo_gen/gconvfifo.rf/grf.rf/rstblk/ngwrdrst.grst.g7serrst.gnsckt_wrst.rst_wr_reg2_inst/arststages_ff_reg[1]/C
  -------------------------------------------------------------------    -------------------
    SLICE_X104Y0         FDPE (Prop_fdpe_C_Q)         0.478    -0.410 f  i_axi_dwidth_converter_dm_slave/inst/gen_downsizer.gen_simple_downsizer.axi_downsizer_inst/USE_WRITE.write_addr_inst/USE_B_CHANNEL.cmd_b_queue/inst/fifo_gen_inst/inst_fifo_gen/gconvfifo.rf/grf.rf/rstblk/ngwrdrst.grst.g7serrst.gnsckt_wrst.rst_wr_reg2_inst/arststages_ff_reg[1]/Q
                         net (fo=3, routed)           0.593     0.183    i_axi_dwidth_converter_dm_slave/inst/gen_downsizer.gen_simple_downsizer.axi_downsizer_inst/USE_WRITE.write_addr_inst/USE_B_CHANNEL.cmd_b_queue/inst/fifo_gen_inst/inst_fifo_gen/gconvfifo.rf/grf.rf/rstblk/ngwrdrst.rst_wr_reg2
    SLICE_X105Y0         LUT3 (Prop_lut3_I2_O)        0.295     0.478 f  i_axi_dwidth_converter_dm_slave/inst/gen_downsizer.gen_simple_downsizer.axi_downsizer_inst/USE_WRITE.write_addr_inst/USE_B_CHANNEL.cmd_b_queue/inst/fifo_gen_inst/inst_fifo_gen/gconvfifo.rf/grf.rf/rstblk/gpregsm1.curr_fwft_state[1]_i_2/O
                         net (fo=32, routed)          1.137     1.615    i_axi_dwidth_converter_dm_slave/inst/gen_downsizer.gen_simple_downsizer.axi_downsizer_inst/USE_WRITE.write_addr_inst/USE_B_CHANNEL.cmd_b_queue/inst/fifo_gen_inst/inst_fifo_gen/gconvfifo.rf/grf.rf/gntv_or_sync_fifo.gl0.wr/wpntr/AR[0]
    SLICE_X104Y2         FDCE                                         f  i_axi_dwidth_converter_dm_slave/inst/gen_downsizer.gen_simple_downsizer.axi_downsizer_inst/USE_WRITE.write_addr_inst/USE_B_CHANNEL.cmd_b_queue/inst/fifo_gen_inst/inst_fifo_gen/gconvfifo.rf/grf.rf/gntv_or_sync_fifo.gl0.wr/wpntr/gcc0.gc0.count_d1_reg[1]/CLR
  -------------------------------------------------------------------    -------------------

                         (clock clk_out1_xlnx_clk_gen rise edge)
                                                     20.000    20.000 r  
    K17                                               0.000    20.000 r  clk_sys (IN)
                         net (fo=0)                   0.000    20.000    i_xlnx_clk_gen/inst/clk_in1
    K17                  IBUF (Prop_ibuf_I_O)         1.404    21.404 r  i_xlnx_clk_gen/inst/clkin1_ibufg/O
                         net (fo=1, routed)           1.162    22.566    i_xlnx_clk_gen/inst/clk_in1_xlnx_clk_gen
    MMCME2_ADV_X1Y2      MMCME2_ADV (Prop_mmcme2_adv_CLKIN1_CLKOUT0)
                                                     -7.814    14.752 r  i_xlnx_clk_gen/inst/mmcm_adv_inst/CLKOUT0
                         net (fo=1, routed)           2.012    16.764    i_xlnx_clk_gen/inst/clk_out1_xlnx_clk_gen
    BUFGCTRL_X0Y16       BUFG (Prop_bufg_I_O)         0.091    16.855 r  i_xlnx_clk_gen/inst/clkout1_buf/O
                         net (fo=16470, routed)       1.627    18.482    i_axi_dwidth_converter_dm_slave/inst/gen_downsizer.gen_simple_downsizer.axi_downsizer_inst/USE_WRITE.write_addr_inst/USE_B_CHANNEL.cmd_b_queue/inst/fifo_gen_inst/inst_fifo_gen/gconvfifo.rf/grf.rf/gntv_or_sync_fifo.gl0.wr/wpntr/clk
    SLICE_X104Y2         FDCE                                         r  i_axi_dwidth_converter_dm_slave/inst/gen_downsizer.gen_simple_downsizer.axi_downsizer_inst/USE_WRITE.write_addr_inst/USE_B_CHANNEL.cmd_b_queue/inst/fifo_gen_inst/inst_fifo_gen/gconvfifo.rf/grf.rf/gntv_or_sync_fifo.gl0.wr/wpntr/gcc0.gc0.count_d1_reg[1]/C
                         clock pessimism              0.604    19.087    
                         clock uncertainty           -0.079    19.007    
    SLICE_X104Y2         FDCE (Recov_fdce_C_CLR)     -0.361    18.646    i_axi_dwidth_converter_dm_slave/inst/gen_downsizer.gen_simple_downsizer.axi_downsizer_inst/USE_WRITE.write_addr_inst/USE_B_CHANNEL.cmd_b_queue/inst/fifo_gen_inst/inst_fifo_gen/gconvfifo.rf/grf.rf/gntv_or_sync_fifo.gl0.wr/wpntr/gcc0.gc0.count_d1_reg[1]
  -------------------------------------------------------------------
                         required time                         18.646    
                         arrival time                          -1.615    
  -------------------------------------------------------------------
                         slack                                 17.031    

Slack (MET) :             17.031ns  (required time - arrival time)
  Source:                 i_axi_dwidth_converter_dm_slave/inst/gen_downsizer.gen_simple_downsizer.axi_downsizer_inst/USE_WRITE.write_addr_inst/USE_B_CHANNEL.cmd_b_queue/inst/fifo_gen_inst/inst_fifo_gen/gconvfifo.rf/grf.rf/rstblk/ngwrdrst.grst.g7serrst.gnsckt_wrst.rst_wr_reg2_inst/arststages_ff_reg[1]/C
                            (rising edge-triggered cell FDPE clocked by clk_out1_xlnx_clk_gen  {rise@0.000ns fall@10.000ns period=20.000ns})
  Destination:            i_axi_dwidth_converter_dm_slave/inst/gen_downsizer.gen_simple_downsizer.axi_downsizer_inst/USE_WRITE.write_addr_inst/USE_B_CHANNEL.cmd_b_queue/inst/fifo_gen_inst/inst_fifo_gen/gconvfifo.rf/grf.rf/gntv_or_sync_fifo.gl0.wr/wpntr/gcc0.gc0.count_reg[0]/PRE
                            (recovery check against rising-edge clock clk_out1_xlnx_clk_gen  {rise@0.000ns fall@10.000ns period=20.000ns})
  Path Group:             **async_default**
  Path Type:              Recovery (Max at Slow Process Corner)
  Requirement:            20.000ns  (clk_out1_xlnx_clk_gen rise@20.000ns - clk_out1_xlnx_clk_gen rise@0.000ns)
  Data Path Delay:        2.503ns  (logic 0.773ns (30.877%)  route 1.730ns (69.123%))
  Logic Levels:           1  (LUT3=1)
  Clock Path Skew:        -0.025ns (DCD - SCD + CPR)
    Destination Clock Delay (DCD):    -1.518ns = ( 18.482 - 20.000 ) 
    Source Clock Delay      (SCD):    -0.888ns
    Clock Pessimism Removal (CPR):    0.604ns
  Clock Uncertainty:      0.079ns  ((TSJ^2 + DJ^2)^1/2) / 2 + PE
    Total System Jitter     (TSJ):    0.071ns
    Discrete Jitter          (DJ):    0.142ns
    Phase Error              (PE):    0.000ns

    Location             Delay type                Incr(ns)  Path(ns)    Netlist Resource(s)
  -------------------------------------------------------------------    -------------------
                         (clock clk_out1_xlnx_clk_gen rise edge)
                                                      0.000     0.000 r  
    K17                                               0.000     0.000 r  clk_sys (IN)
                         net (fo=0)                   0.000     0.000    i_xlnx_clk_gen/inst/clk_in1
    K17                  IBUF (Prop_ibuf_I_O)         1.475     1.475 r  i_xlnx_clk_gen/inst/clkin1_ibufg/O
                         net (fo=1, routed)           1.285     2.760    i_xlnx_clk_gen/inst/clk_in1_xlnx_clk_gen
    MMCME2_ADV_X1Y2      MMCME2_ADV (Prop_mmcme2_adv_CLKIN1_CLKOUT0)
                                                     -7.759    -4.999 r  i_xlnx_clk_gen/inst/mmcm_adv_inst/CLKOUT0
                         net (fo=1, routed)           2.206    -2.793    i_xlnx_clk_gen/inst/clk_out1_xlnx_clk_gen
    BUFGCTRL_X0Y16       BUFG (Prop_bufg_I_O)         0.101    -2.692 r  i_xlnx_clk_gen/inst/clkout1_buf/O
                         net (fo=16470, routed)       1.804    -0.888    i_axi_dwidth_converter_dm_slave/inst/gen_downsizer.gen_simple_downsizer.axi_downsizer_inst/USE_WRITE.write_addr_inst/USE_B_CHANNEL.cmd_b_queue/inst/fifo_gen_inst/inst_fifo_gen/gconvfifo.rf/grf.rf/rstblk/ngwrdrst.grst.g7serrst.gnsckt_wrst.rst_wr_reg2_inst/dest_clk
    SLICE_X104Y0         FDPE                                         r  i_axi_dwidth_converter_dm_slave/inst/gen_downsizer.gen_simple_downsizer.axi_downsizer_inst/USE_WRITE.write_addr_inst/USE_B_CHANNEL.cmd_b_queue/inst/fifo_gen_inst/inst_fifo_gen/gconvfifo.rf/grf.rf/rstblk/ngwrdrst.grst.g7serrst.gnsckt_wrst.rst_wr_reg2_inst/arststages_ff_reg[1]/C
  -------------------------------------------------------------------    -------------------
    SLICE_X104Y0         FDPE (Prop_fdpe_C_Q)         0.478    -0.410 f  i_axi_dwidth_converter_dm_slave/inst/gen_downsizer.gen_simple_downsizer.axi_downsizer_inst/USE_WRITE.write_addr_inst/USE_B_CHANNEL.cmd_b_queue/inst/fifo_gen_inst/inst_fifo_gen/gconvfifo.rf/grf.rf/rstblk/ngwrdrst.grst.g7serrst.gnsckt_wrst.rst_wr_reg2_inst/arststages_ff_reg[1]/Q
                         net (fo=3, routed)           0.593     0.183    i_axi_dwidth_converter_dm_slave/inst/gen_downsizer.gen_simple_downsizer.axi_downsizer_inst/USE_WRITE.write_addr_inst/USE_B_CHANNEL.cmd_b_queue/inst/fifo_gen_inst/inst_fifo_gen/gconvfifo.rf/grf.rf/rstblk/ngwrdrst.rst_wr_reg2
    SLICE_X105Y0         LUT3 (Prop_lut3_I2_O)        0.295     0.478 f  i_axi_dwidth_converter_dm_slave/inst/gen_downsizer.gen_simple_downsizer.axi_downsizer_inst/USE_WRITE.write_addr_inst/USE_B_CHANNEL.cmd_b_queue/inst/fifo_gen_inst/inst_fifo_gen/gconvfifo.rf/grf.rf/rstblk/gpregsm1.curr_fwft_state[1]_i_2/O
                         net (fo=32, routed)          1.137     1.615    i_axi_dwidth_converter_dm_slave/inst/gen_downsizer.gen_simple_downsizer.axi_downsizer_inst/USE_WRITE.write_addr_inst/USE_B_CHANNEL.cmd_b_queue/inst/fifo_gen_inst/inst_fifo_gen/gconvfifo.rf/grf.rf/gntv_or_sync_fifo.gl0.wr/wpntr/AR[0]
    SLICE_X104Y2         FDPE                                         f  i_axi_dwidth_converter_dm_slave/inst/gen_downsizer.gen_simple_downsizer.axi_downsizer_inst/USE_WRITE.write_addr_inst/USE_B_CHANNEL.cmd_b_queue/inst/fifo_gen_inst/inst_fifo_gen/gconvfifo.rf/grf.rf/gntv_or_sync_fifo.gl0.wr/wpntr/gcc0.gc0.count_reg[0]/PRE
  -------------------------------------------------------------------    -------------------

                         (clock clk_out1_xlnx_clk_gen rise edge)
                                                     20.000    20.000 r  
    K17                                               0.000    20.000 r  clk_sys (IN)
                         net (fo=0)                   0.000    20.000    i_xlnx_clk_gen/inst/clk_in1
    K17                  IBUF (Prop_ibuf_I_O)         1.404    21.404 r  i_xlnx_clk_gen/inst/clkin1_ibufg/O
                         net (fo=1, routed)           1.162    22.566    i_xlnx_clk_gen/inst/clk_in1_xlnx_clk_gen
    MMCME2_ADV_X1Y2      MMCME2_ADV (Prop_mmcme2_adv_CLKIN1_CLKOUT0)
                                                     -7.814    14.752 r  i_xlnx_clk_gen/inst/mmcm_adv_inst/CLKOUT0
                         net (fo=1, routed)           2.012    16.764    i_xlnx_clk_gen/inst/clk_out1_xlnx_clk_gen
    BUFGCTRL_X0Y16       BUFG (Prop_bufg_I_O)         0.091    16.855 r  i_xlnx_clk_gen/inst/clkout1_buf/O
                         net (fo=16470, routed)       1.627    18.482    i_axi_dwidth_converter_dm_slave/inst/gen_downsizer.gen_simple_downsizer.axi_downsizer_inst/USE_WRITE.write_addr_inst/USE_B_CHANNEL.cmd_b_queue/inst/fifo_gen_inst/inst_fifo_gen/gconvfifo.rf/grf.rf/gntv_or_sync_fifo.gl0.wr/wpntr/clk
    SLICE_X104Y2         FDPE                                         r  i_axi_dwidth_converter_dm_slave/inst/gen_downsizer.gen_simple_downsizer.axi_downsizer_inst/USE_WRITE.write_addr_inst/USE_B_CHANNEL.cmd_b_queue/inst/fifo_gen_inst/inst_fifo_gen/gconvfifo.rf/grf.rf/gntv_or_sync_fifo.gl0.wr/wpntr/gcc0.gc0.count_reg[0]/C
                         clock pessimism              0.604    19.087    
                         clock uncertainty           -0.079    19.007    
    SLICE_X104Y2         FDPE (Recov_fdpe_C_PRE)     -0.361    18.646    i_axi_dwidth_converter_dm_slave/inst/gen_downsizer.gen_simple_downsizer.axi_downsizer_inst/USE_WRITE.write_addr_inst/USE_B_CHANNEL.cmd_b_queue/inst/fifo_gen_inst/inst_fifo_gen/gconvfifo.rf/grf.rf/gntv_or_sync_fifo.gl0.wr/wpntr/gcc0.gc0.count_reg[0]
  -------------------------------------------------------------------
                         required time                         18.646    
                         arrival time                          -1.615    
  -------------------------------------------------------------------
                         slack                                 17.031    

Slack (MET) :             17.034ns  (required time - arrival time)
  Source:                 i_axi_dwidth_converter_dm_slave/inst/gen_downsizer.gen_simple_downsizer.axi_downsizer_inst/USE_WRITE.write_addr_inst/USE_B_CHANNEL.cmd_b_queue/inst/fifo_gen_inst/inst_fifo_gen/gconvfifo.rf/grf.rf/rstblk/ngwrdrst.grst.g7serrst.gnsckt_wrst.rst_wr_reg2_inst/arststages_ff_reg[1]/C
                            (rising edge-triggered cell FDPE clocked by clk_out1_xlnx_clk_gen  {rise@0.000ns fall@10.000ns period=20.000ns})
  Destination:            i_axi_dwidth_converter_dm_slave/inst/gen_downsizer.gen_simple_downsizer.axi_downsizer_inst/USE_WRITE.write_addr_inst/USE_B_CHANNEL.cmd_b_queue/inst/fifo_gen_inst/inst_fifo_gen/gconvfifo.rf/grf.rf/gntv_or_sync_fifo.gl0.wr/gwss.wsts/ram_full_fb_i_reg/CLR
                            (recovery check against rising-edge clock clk_out1_xlnx_clk_gen  {rise@0.000ns fall@10.000ns period=20.000ns})
  Path Group:             **async_default**
  Path Type:              Recovery (Max at Slow Process Corner)
  Requirement:            20.000ns  (clk_out1_xlnx_clk_gen rise@20.000ns - clk_out1_xlnx_clk_gen rise@0.000ns)
  Data Path Delay:        2.419ns  (logic 0.773ns (31.962%)  route 1.646ns (68.038%))
  Logic Levels:           1  (LUT3=1)
  Clock Path Skew:        -0.063ns (DCD - SCD + CPR)
    Destination Clock Delay (DCD):    -1.519ns = ( 18.481 - 20.000 ) 
    Source Clock Delay      (SCD):    -0.888ns
    Clock Pessimism Removal (CPR):    0.567ns
  Clock Uncertainty:      0.079ns  ((TSJ^2 + DJ^2)^1/2) / 2 + PE
    Total System Jitter     (TSJ):    0.071ns
    Discrete Jitter          (DJ):    0.142ns
    Phase Error              (PE):    0.000ns

    Location             Delay type                Incr(ns)  Path(ns)    Netlist Resource(s)
  -------------------------------------------------------------------    -------------------
                         (clock clk_out1_xlnx_clk_gen rise edge)
                                                      0.000     0.000 r  
    K17                                               0.000     0.000 r  clk_sys (IN)
                         net (fo=0)                   0.000     0.000    i_xlnx_clk_gen/inst/clk_in1
    K17                  IBUF (Prop_ibuf_I_O)         1.475     1.475 r  i_xlnx_clk_gen/inst/clkin1_ibufg/O
                         net (fo=1, routed)           1.285     2.760    i_xlnx_clk_gen/inst/clk_in1_xlnx_clk_gen
    MMCME2_ADV_X1Y2      MMCME2_ADV (Prop_mmcme2_adv_CLKIN1_CLKOUT0)
                                                     -7.759    -4.999 r  i_xlnx_clk_gen/inst/mmcm_adv_inst/CLKOUT0
                         net (fo=1, routed)           2.206    -2.793    i_xlnx_clk_gen/inst/clk_out1_xlnx_clk_gen
    BUFGCTRL_X0Y16       BUFG (Prop_bufg_I_O)         0.101    -2.692 r  i_xlnx_clk_gen/inst/clkout1_buf/O
                         net (fo=16470, routed)       1.804    -0.888    i_axi_dwidth_converter_dm_slave/inst/gen_downsizer.gen_simple_downsizer.axi_downsizer_inst/USE_WRITE.write_addr_inst/USE_B_CHANNEL.cmd_b_queue/inst/fifo_gen_inst/inst_fifo_gen/gconvfifo.rf/grf.rf/rstblk/ngwrdrst.grst.g7serrst.gnsckt_wrst.rst_wr_reg2_inst/dest_clk
    SLICE_X104Y0         FDPE                                         r  i_axi_dwidth_converter_dm_slave/inst/gen_downsizer.gen_simple_downsizer.axi_downsizer_inst/USE_WRITE.write_addr_inst/USE_B_CHANNEL.cmd_b_queue/inst/fifo_gen_inst/inst_fifo_gen/gconvfifo.rf/grf.rf/rstblk/ngwrdrst.grst.g7serrst.gnsckt_wrst.rst_wr_reg2_inst/arststages_ff_reg[1]/C
  -------------------------------------------------------------------    -------------------
    SLICE_X104Y0         FDPE (Prop_fdpe_C_Q)         0.478    -0.410 f  i_axi_dwidth_converter_dm_slave/inst/gen_downsizer.gen_simple_downsizer.axi_downsizer_inst/USE_WRITE.write_addr_inst/USE_B_CHANNEL.cmd_b_queue/inst/fifo_gen_inst/inst_fifo_gen/gconvfifo.rf/grf.rf/rstblk/ngwrdrst.grst.g7serrst.gnsckt_wrst.rst_wr_reg2_inst/arststages_ff_reg[1]/Q
                         net (fo=3, routed)           0.593     0.183    i_axi_dwidth_converter_dm_slave/inst/gen_downsizer.gen_simple_downsizer.axi_downsizer_inst/USE_WRITE.write_addr_inst/USE_B_CHANNEL.cmd_b_queue/inst/fifo_gen_inst/inst_fifo_gen/gconvfifo.rf/grf.rf/rstblk/ngwrdrst.rst_wr_reg2
    SLICE_X105Y0         LUT3 (Prop_lut3_I2_O)        0.295     0.478 f  i_axi_dwidth_converter_dm_slave/inst/gen_downsizer.gen_simple_downsizer.axi_downsizer_inst/USE_WRITE.write_addr_inst/USE_B_CHANNEL.cmd_b_queue/inst/fifo_gen_inst/inst_fifo_gen/gconvfifo.rf/grf.rf/rstblk/gpregsm1.curr_fwft_state[1]_i_2/O
                         net (fo=32, routed)          1.052     1.530    i_axi_dwidth_converter_dm_slave/inst/gen_downsizer.gen_simple_downsizer.axi_downsizer_inst/USE_WRITE.write_addr_inst/USE_B_CHANNEL.cmd_b_queue/inst/fifo_gen_inst/inst_fifo_gen/gconvfifo.rf/grf.rf/gntv_or_sync_fifo.gl0.wr/gwss.wsts/AR[0]
    SLICE_X103Y2         FDCE                                         f  i_axi_dwidth_converter_dm_slave/inst/gen_downsizer.gen_simple_downsizer.axi_downsizer_inst/USE_WRITE.write_addr_inst/USE_B_CHANNEL.cmd_b_queue/inst/fifo_gen_inst/inst_fifo_gen/gconvfifo.rf/grf.rf/gntv_or_sync_fifo.gl0.wr/gwss.wsts/ram_full_fb_i_reg/CLR
  -------------------------------------------------------------------    -------------------

                         (clock clk_out1_xlnx_clk_gen rise edge)
                                                     20.000    20.000 r  
    K17                                               0.000    20.000 r  clk_sys (IN)
                         net (fo=0)                   0.000    20.000    i_xlnx_clk_gen/inst/clk_in1
    K17                  IBUF (Prop_ibuf_I_O)         1.404    21.404 r  i_xlnx_clk_gen/inst/clkin1_ibufg/O
                         net (fo=1, routed)           1.162    22.566    i_xlnx_clk_gen/inst/clk_in1_xlnx_clk_gen
    MMCME2_ADV_X1Y2      MMCME2_ADV (Prop_mmcme2_adv_CLKIN1_CLKOUT0)
                                                     -7.814    14.752 r  i_xlnx_clk_gen/inst/mmcm_adv_inst/CLKOUT0
                         net (fo=1, routed)           2.012    16.764    i_xlnx_clk_gen/inst/clk_out1_xlnx_clk_gen
    BUFGCTRL_X0Y16       BUFG (Prop_bufg_I_O)         0.091    16.855 r  i_xlnx_clk_gen/inst/clkout1_buf/O
                         net (fo=16470, routed)       1.626    18.481    i_axi_dwidth_converter_dm_slave/inst/gen_downsizer.gen_simple_downsizer.axi_downsizer_inst/USE_WRITE.write_addr_inst/USE_B_CHANNEL.cmd_b_queue/inst/fifo_gen_inst/inst_fifo_gen/gconvfifo.rf/grf.rf/gntv_or_sync_fifo.gl0.wr/gwss.wsts/clk
    SLICE_X103Y2         FDCE                                         r  i_axi_dwidth_converter_dm_slave/inst/gen_downsizer.gen_simple_downsizer.axi_downsizer_inst/USE_WRITE.write_addr_inst/USE_B_CHANNEL.cmd_b_queue/inst/fifo_gen_inst/inst_fifo_gen/gconvfifo.rf/grf.rf/gntv_or_sync_fifo.gl0.wr/gwss.wsts/ram_full_fb_i_reg/C
                         clock pessimism              0.567    19.049    
                         clock uncertainty           -0.079    18.969    
    SLICE_X103Y2         FDCE (Recov_fdce_C_CLR)     -0.405    18.564    i_axi_dwidth_converter_dm_slave/inst/gen_downsizer.gen_simple_downsizer.axi_downsizer_inst/USE_WRITE.write_addr_inst/USE_B_CHANNEL.cmd_b_queue/inst/fifo_gen_inst/inst_fifo_gen/gconvfifo.rf/grf.rf/gntv_or_sync_fifo.gl0.wr/gwss.wsts/ram_full_fb_i_reg
  -------------------------------------------------------------------
                         required time                         18.564    
                         arrival time                          -1.530    
  -------------------------------------------------------------------
                         slack                                 17.034    





Min Delay Paths
--------------------------------------------------------------------------------------
Slack (MET) :             0.499ns  (arrival time - required time)
  Source:                 i_axi_dwidth_converter_dm_slave/inst/gen_downsizer.gen_simple_downsizer.axi_downsizer_inst/USE_READ.read_addr_inst/cmd_queue/inst/fifo_gen_inst/inst_fifo_gen/gconvfifo.rf/grf.rf/rstblk/ngwrdrst.grst.g7serrst.gnsckt_wrst.gcc_rst.sckt_wr_rst_cc_reg[1]/C
                            (rising edge-triggered cell FDRE clocked by clk_out1_xlnx_clk_gen  {rise@0.000ns fall@10.000ns period=20.000ns})
  Destination:            i_axi_dwidth_converter_dm_slave/inst/gen_downsizer.gen_simple_downsizer.axi_downsizer_inst/USE_READ.read_addr_inst/cmd_queue/inst/fifo_gen_inst/inst_fifo_gen/gconvfifo.rf/grf.rf/gntv_or_sync_fifo.gl0.rd/rpntr/gc0.count_d1_reg[0]/CLR
                            (removal check against rising-edge clock clk_out1_xlnx_clk_gen  {rise@0.000ns fall@10.000ns period=20.000ns})
  Path Group:             **async_default**
  Path Type:              Removal (Min at Fast Process Corner)
  Requirement:            0.000ns  (clk_out1_xlnx_clk_gen rise@0.000ns - clk_out1_xlnx_clk_gen rise@0.000ns)
  Data Path Delay:        0.448ns  (logic 0.186ns (41.504%)  route 0.262ns (58.496%))
  Logic Levels:           1  (LUT3=1)
  Clock Path Skew:        0.016ns (DCD - SCD - CPR)
    Destination Clock Delay (DCD):    -0.832ns
    Source Clock Delay      (SCD):    -0.595ns
    Clock Pessimism Removal (CPR):    -0.254ns

    Location             Delay type                Incr(ns)  Path(ns)    Netlist Resource(s)
  -------------------------------------------------------------------    -------------------
                         (clock clk_out1_xlnx_clk_gen rise edge)
                                                      0.000     0.000 r  
    K17                                               0.000     0.000 r  clk_sys (IN)
                         net (fo=0)                   0.000     0.000    i_xlnx_clk_gen/inst/clk_in1
    K17                  IBUF (Prop_ibuf_I_O)         0.243     0.243 r  i_xlnx_clk_gen/inst/clkin1_ibufg/O
                         net (fo=1, routed)           0.440     0.683    i_xlnx_clk_gen/inst/clk_in1_xlnx_clk_gen
    MMCME2_ADV_X1Y2      MMCME2_ADV (Prop_mmcme2_adv_CLKIN1_CLKOUT0)
                                                     -2.613    -1.930 r  i_xlnx_clk_gen/inst/mmcm_adv_inst/CLKOUT0
                         net (fo=1, routed)           0.696    -1.233    i_xlnx_clk_gen/inst/clk_out1_xlnx_clk_gen
    BUFGCTRL_X0Y16       BUFG (Prop_bufg_I_O)         0.026    -1.207 r  i_xlnx_clk_gen/inst/clkout1_buf/O
                         net (fo=16470, routed)       0.613    -0.595    i_axi_dwidth_converter_dm_slave/inst/gen_downsizer.gen_simple_downsizer.axi_downsizer_inst/USE_READ.read_addr_inst/cmd_queue/inst/fifo_gen_inst/inst_fifo_gen/gconvfifo.rf/grf.rf/rstblk/clk
    SLICE_X95Y3          FDRE                                         r  i_axi_dwidth_converter_dm_slave/inst/gen_downsizer.gen_simple_downsizer.axi_downsizer_inst/USE_READ.read_addr_inst/cmd_queue/inst/fifo_gen_inst/inst_fifo_gen/gconvfifo.rf/grf.rf/rstblk/ngwrdrst.grst.g7serrst.gnsckt_wrst.gcc_rst.sckt_wr_rst_cc_reg[1]/C
  -------------------------------------------------------------------    -------------------
    SLICE_X95Y3          FDRE (Prop_fdre_C_Q)         0.141    -0.454 f  i_axi_dwidth_converter_dm_slave/inst/gen_downsizer.gen_simple_downsizer.axi_downsizer_inst/USE_READ.read_addr_inst/cmd_queue/inst/fifo_gen_inst/inst_fifo_gen/gconvfifo.rf/grf.rf/rstblk/ngwrdrst.grst.g7serrst.gnsckt_wrst.gcc_rst.sckt_wr_rst_cc_reg[1]/Q
                         net (fo=2, routed)           0.114    -0.339    i_axi_dwidth_converter_dm_slave/inst/gen_downsizer.gen_simple_downsizer.axi_downsizer_inst/USE_READ.read_addr_inst/cmd_queue/inst/fifo_gen_inst/inst_fifo_gen/gconvfifo.rf/grf.rf/rstblk/ngwrdrst.grst.g7serrst.gnsckt_wrst.gcc_rst.sckt_wr_rst_cc[1]
    SLICE_X95Y4          LUT3 (Prop_lut3_I0_O)        0.045    -0.294 f  i_axi_dwidth_converter_dm_slave/inst/gen_downsizer.gen_simple_downsizer.axi_downsizer_inst/USE_READ.read_addr_inst/cmd_queue/inst/fifo_gen_inst/inst_fifo_gen/gconvfifo.rf/grf.rf/rstblk/gpregsm1.curr_fwft_state[1]_i_2/O
                         net (fo=32, routed)          0.148    -0.146    i_axi_dwidth_converter_dm_slave/inst/gen_downsizer.gen_simple_downsizer.axi_downsizer_inst/USE_READ.read_addr_inst/cmd_queue/inst/fifo_gen_inst/inst_fifo_gen/gconvfifo.rf/grf.rf/gntv_or_sync_fifo.gl0.rd/rpntr/gc0.count_d1_reg[4]_1
    SLICE_X94Y5          FDCE                                         f  i_axi_dwidth_converter_dm_slave/inst/gen_downsizer.gen_simple_downsizer.axi_downsizer_inst/USE_READ.read_addr_inst/cmd_queue/inst/fifo_gen_inst/inst_fifo_gen/gconvfifo.rf/grf.rf/gntv_or_sync_fifo.gl0.rd/rpntr/gc0.count_d1_reg[0]/CLR
  -------------------------------------------------------------------    -------------------

                         (clock clk_out1_xlnx_clk_gen rise edge)
                                                      0.000     0.000 r  
    K17                                               0.000     0.000 r  clk_sys (IN)
                         net (fo=0)                   0.000     0.000    i_xlnx_clk_gen/inst/clk_in1
    K17                  IBUF (Prop_ibuf_I_O)         0.431     0.431 r  i_xlnx_clk_gen/inst/clkin1_ibufg/O
                         net (fo=1, routed)           0.480     0.911    i_xlnx_clk_gen/inst/clk_in1_xlnx_clk_gen
    MMCME2_ADV_X1Y2      MMCME2_ADV (Prop_mmcme2_adv_CLKIN1_CLKOUT0)
                                                     -3.407    -2.496 r  i_xlnx_clk_gen/inst/mmcm_adv_inst/CLKOUT0
                         net (fo=1, routed)           0.752    -1.744    i_xlnx_clk_gen/inst/clk_out1_xlnx_clk_gen
    BUFGCTRL_X0Y16       BUFG (Prop_bufg_I_O)         0.029    -1.715 r  i_xlnx_clk_gen/inst/clkout1_buf/O
                         net (fo=16470, routed)       0.883    -0.832    i_axi_dwidth_converter_dm_slave/inst/gen_downsizer.gen_simple_downsizer.axi_downsizer_inst/USE_READ.read_addr_inst/cmd_queue/inst/fifo_gen_inst/inst_fifo_gen/gconvfifo.rf/grf.rf/gntv_or_sync_fifo.gl0.rd/rpntr/clk
    SLICE_X94Y5          FDCE                                         r  i_axi_dwidth_converter_dm_slave/inst/gen_downsizer.gen_simple_downsizer.axi_downsizer_inst/USE_READ.read_addr_inst/cmd_queue/inst/fifo_gen_inst/inst_fifo_gen/gconvfifo.rf/grf.rf/gntv_or_sync_fifo.gl0.rd/rpntr/gc0.count_d1_reg[0]/C
                         clock pessimism              0.254    -0.579    
    SLICE_X94Y5          FDCE (Remov_fdce_C_CLR)     -0.067    -0.646    i_axi_dwidth_converter_dm_slave/inst/gen_downsizer.gen_simple_downsizer.axi_downsizer_inst/USE_READ.read_addr_inst/cmd_queue/inst/fifo_gen_inst/inst_fifo_gen/gconvfifo.rf/grf.rf/gntv_or_sync_fifo.gl0.rd/rpntr/gc0.count_d1_reg[0]
  -------------------------------------------------------------------
                         required time                          0.646    
                         arrival time                          -0.146    
  -------------------------------------------------------------------
                         slack                                  0.499    

Slack (MET) :             0.499ns  (arrival time - required time)
  Source:                 i_axi_dwidth_converter_dm_slave/inst/gen_downsizer.gen_simple_downsizer.axi_downsizer_inst/USE_READ.read_addr_inst/cmd_queue/inst/fifo_gen_inst/inst_fifo_gen/gconvfifo.rf/grf.rf/rstblk/ngwrdrst.grst.g7serrst.gnsckt_wrst.gcc_rst.sckt_wr_rst_cc_reg[1]/C
                            (rising edge-triggered cell FDRE clocked by clk_out1_xlnx_clk_gen  {rise@0.000ns fall@10.000ns period=20.000ns})
  Destination:            i_axi_dwidth_converter_dm_slave/inst/gen_downsizer.gen_simple_downsizer.axi_downsizer_inst/USE_READ.read_addr_inst/cmd_queue/inst/fifo_gen_inst/inst_fifo_gen/gconvfifo.rf/grf.rf/gntv_or_sync_fifo.gl0.rd/rpntr/gc0.count_d1_reg[1]/CLR
                            (removal check against rising-edge clock clk_out1_xlnx_clk_gen  {rise@0.000ns fall@10.000ns period=20.000ns})
  Path Group:             **async_default**
  Path Type:              Removal (Min at Fast Process Corner)
  Requirement:            0.000ns  (clk_out1_xlnx_clk_gen rise@0.000ns - clk_out1_xlnx_clk_gen rise@0.000ns)
  Data Path Delay:        0.448ns  (logic 0.186ns (41.504%)  route 0.262ns (58.496%))
  Logic Levels:           1  (LUT3=1)
  Clock Path Skew:        0.016ns (DCD - SCD - CPR)
    Destination Clock Delay (DCD):    -0.832ns
    Source Clock Delay      (SCD):    -0.595ns
    Clock Pessimism Removal (CPR):    -0.254ns

    Location             Delay type                Incr(ns)  Path(ns)    Netlist Resource(s)
  -------------------------------------------------------------------    -------------------
                         (clock clk_out1_xlnx_clk_gen rise edge)
                                                      0.000     0.000 r  
    K17                                               0.000     0.000 r  clk_sys (IN)
                         net (fo=0)                   0.000     0.000    i_xlnx_clk_gen/inst/clk_in1
    K17                  IBUF (Prop_ibuf_I_O)         0.243     0.243 r  i_xlnx_clk_gen/inst/clkin1_ibufg/O
                         net (fo=1, routed)           0.440     0.683    i_xlnx_clk_gen/inst/clk_in1_xlnx_clk_gen
    MMCME2_ADV_X1Y2      MMCME2_ADV (Prop_mmcme2_adv_CLKIN1_CLKOUT0)
                                                     -2.613    -1.930 r  i_xlnx_clk_gen/inst/mmcm_adv_inst/CLKOUT0
                         net (fo=1, routed)           0.696    -1.233    i_xlnx_clk_gen/inst/clk_out1_xlnx_clk_gen
    BUFGCTRL_X0Y16       BUFG (Prop_bufg_I_O)         0.026    -1.207 r  i_xlnx_clk_gen/inst/clkout1_buf/O
                         net (fo=16470, routed)       0.613    -0.595    i_axi_dwidth_converter_dm_slave/inst/gen_downsizer.gen_simple_downsizer.axi_downsizer_inst/USE_READ.read_addr_inst/cmd_queue/inst/fifo_gen_inst/inst_fifo_gen/gconvfifo.rf/grf.rf/rstblk/clk
    SLICE_X95Y3          FDRE                                         r  i_axi_dwidth_converter_dm_slave/inst/gen_downsizer.gen_simple_downsizer.axi_downsizer_inst/USE_READ.read_addr_inst/cmd_queue/inst/fifo_gen_inst/inst_fifo_gen/gconvfifo.rf/grf.rf/rstblk/ngwrdrst.grst.g7serrst.gnsckt_wrst.gcc_rst.sckt_wr_rst_cc_reg[1]/C
  -------------------------------------------------------------------    -------------------
    SLICE_X95Y3          FDRE (Prop_fdre_C_Q)         0.141    -0.454 f  i_axi_dwidth_converter_dm_slave/inst/gen_downsizer.gen_simple_downsizer.axi_downsizer_inst/USE_READ.read_addr_inst/cmd_queue/inst/fifo_gen_inst/inst_fifo_gen/gconvfifo.rf/grf.rf/rstblk/ngwrdrst.grst.g7serrst.gnsckt_wrst.gcc_rst.sckt_wr_rst_cc_reg[1]/Q
                         net (fo=2, routed)           0.114    -0.339    i_axi_dwidth_converter_dm_slave/inst/gen_downsizer.gen_simple_downsizer.axi_downsizer_inst/USE_READ.read_addr_inst/cmd_queue/inst/fifo_gen_inst/inst_fifo_gen/gconvfifo.rf/grf.rf/rstblk/ngwrdrst.grst.g7serrst.gnsckt_wrst.gcc_rst.sckt_wr_rst_cc[1]
    SLICE_X95Y4          LUT3 (Prop_lut3_I0_O)        0.045    -0.294 f  i_axi_dwidth_converter_dm_slave/inst/gen_downsizer.gen_simple_downsizer.axi_downsizer_inst/USE_READ.read_addr_inst/cmd_queue/inst/fifo_gen_inst/inst_fifo_gen/gconvfifo.rf/grf.rf/rstblk/gpregsm1.curr_fwft_state[1]_i_2/O
                         net (fo=32, routed)          0.148    -0.146    i_axi_dwidth_converter_dm_slave/inst/gen_downsizer.gen_simple_downsizer.axi_downsizer_inst/USE_READ.read_addr_inst/cmd_queue/inst/fifo_gen_inst/inst_fifo_gen/gconvfifo.rf/grf.rf/gntv_or_sync_fifo.gl0.rd/rpntr/gc0.count_d1_reg[4]_1
    SLICE_X94Y5          FDCE                                         f  i_axi_dwidth_converter_dm_slave/inst/gen_downsizer.gen_simple_downsizer.axi_downsizer_inst/USE_READ.read_addr_inst/cmd_queue/inst/fifo_gen_inst/inst_fifo_gen/gconvfifo.rf/grf.rf/gntv_or_sync_fifo.gl0.rd/rpntr/gc0.count_d1_reg[1]/CLR
  -------------------------------------------------------------------    -------------------

                         (clock clk_out1_xlnx_clk_gen rise edge)
                                                      0.000     0.000 r  
    K17                                               0.000     0.000 r  clk_sys (IN)
                         net (fo=0)                   0.000     0.000    i_xlnx_clk_gen/inst/clk_in1
    K17                  IBUF (Prop_ibuf_I_O)         0.431     0.431 r  i_xlnx_clk_gen/inst/clkin1_ibufg/O
                         net (fo=1, routed)           0.480     0.911    i_xlnx_clk_gen/inst/clk_in1_xlnx_clk_gen
    MMCME2_ADV_X1Y2      MMCME2_ADV (Prop_mmcme2_adv_CLKIN1_CLKOUT0)
                                                     -3.407    -2.496 r  i_xlnx_clk_gen/inst/mmcm_adv_inst/CLKOUT0
                         net (fo=1, routed)           0.752    -1.744    i_xlnx_clk_gen/inst/clk_out1_xlnx_clk_gen
    BUFGCTRL_X0Y16       BUFG (Prop_bufg_I_O)         0.029    -1.715 r  i_xlnx_clk_gen/inst/clkout1_buf/O
                         net (fo=16470, routed)       0.883    -0.832    i_axi_dwidth_converter_dm_slave/inst/gen_downsizer.gen_simple_downsizer.axi_downsizer_inst/USE_READ.read_addr_inst/cmd_queue/inst/fifo_gen_inst/inst_fifo_gen/gconvfifo.rf/grf.rf/gntv_or_sync_fifo.gl0.rd/rpntr/clk
    SLICE_X94Y5          FDCE                                         r  i_axi_dwidth_converter_dm_slave/inst/gen_downsizer.gen_simple_downsizer.axi_downsizer_inst/USE_READ.read_addr_inst/cmd_queue/inst/fifo_gen_inst/inst_fifo_gen/gconvfifo.rf/grf.rf/gntv_or_sync_fifo.gl0.rd/rpntr/gc0.count_d1_reg[1]/C
                         clock pessimism              0.254    -0.579    
    SLICE_X94Y5          FDCE (Remov_fdce_C_CLR)     -0.067    -0.646    i_axi_dwidth_converter_dm_slave/inst/gen_downsizer.gen_simple_downsizer.axi_downsizer_inst/USE_READ.read_addr_inst/cmd_queue/inst/fifo_gen_inst/inst_fifo_gen/gconvfifo.rf/grf.rf/gntv_or_sync_fifo.gl0.rd/rpntr/gc0.count_d1_reg[1]
  -------------------------------------------------------------------
                         required time                          0.646    
                         arrival time                          -0.146    
  -------------------------------------------------------------------
                         slack                                  0.499    

Slack (MET) :             0.499ns  (arrival time - required time)
  Source:                 i_axi_dwidth_converter_dm_slave/inst/gen_downsizer.gen_simple_downsizer.axi_downsizer_inst/USE_READ.read_addr_inst/cmd_queue/inst/fifo_gen_inst/inst_fifo_gen/gconvfifo.rf/grf.rf/rstblk/ngwrdrst.grst.g7serrst.gnsckt_wrst.gcc_rst.sckt_wr_rst_cc_reg[1]/C
                            (rising edge-triggered cell FDRE clocked by clk_out1_xlnx_clk_gen  {rise@0.000ns fall@10.000ns period=20.000ns})
  Destination:            i_axi_dwidth_converter_dm_slave/inst/gen_downsizer.gen_simple_downsizer.axi_downsizer_inst/USE_READ.read_addr_inst/cmd_queue/inst/fifo_gen_inst/inst_fifo_gen/gconvfifo.rf/grf.rf/gntv_or_sync_fifo.gl0.rd/rpntr/gc0.count_d1_reg[2]/CLR
                            (removal check against rising-edge clock clk_out1_xlnx_clk_gen  {rise@0.000ns fall@10.000ns period=20.000ns})
  Path Group:             **async_default**
  Path Type:              Removal (Min at Fast Process Corner)
  Requirement:            0.000ns  (clk_out1_xlnx_clk_gen rise@0.000ns - clk_out1_xlnx_clk_gen rise@0.000ns)
  Data Path Delay:        0.448ns  (logic 0.186ns (41.504%)  route 0.262ns (58.496%))
  Logic Levels:           1  (LUT3=1)
  Clock Path Skew:        0.016ns (DCD - SCD - CPR)
    Destination Clock Delay (DCD):    -0.832ns
    Source Clock Delay      (SCD):    -0.595ns
    Clock Pessimism Removal (CPR):    -0.254ns

    Location             Delay type                Incr(ns)  Path(ns)    Netlist Resource(s)
  -------------------------------------------------------------------    -------------------
                         (clock clk_out1_xlnx_clk_gen rise edge)
                                                      0.000     0.000 r  
    K17                                               0.000     0.000 r  clk_sys (IN)
                         net (fo=0)                   0.000     0.000    i_xlnx_clk_gen/inst/clk_in1
    K17                  IBUF (Prop_ibuf_I_O)         0.243     0.243 r  i_xlnx_clk_gen/inst/clkin1_ibufg/O
                         net (fo=1, routed)           0.440     0.683    i_xlnx_clk_gen/inst/clk_in1_xlnx_clk_gen
    MMCME2_ADV_X1Y2      MMCME2_ADV (Prop_mmcme2_adv_CLKIN1_CLKOUT0)
                                                     -2.613    -1.930 r  i_xlnx_clk_gen/inst/mmcm_adv_inst/CLKOUT0
                         net (fo=1, routed)           0.696    -1.233    i_xlnx_clk_gen/inst/clk_out1_xlnx_clk_gen
    BUFGCTRL_X0Y16       BUFG (Prop_bufg_I_O)         0.026    -1.207 r  i_xlnx_clk_gen/inst/clkout1_buf/O
                         net (fo=16470, routed)       0.613    -0.595    i_axi_dwidth_converter_dm_slave/inst/gen_downsizer.gen_simple_downsizer.axi_downsizer_inst/USE_READ.read_addr_inst/cmd_queue/inst/fifo_gen_inst/inst_fifo_gen/gconvfifo.rf/grf.rf/rstblk/clk
    SLICE_X95Y3          FDRE                                         r  i_axi_dwidth_converter_dm_slave/inst/gen_downsizer.gen_simple_downsizer.axi_downsizer_inst/USE_READ.read_addr_inst/cmd_queue/inst/fifo_gen_inst/inst_fifo_gen/gconvfifo.rf/grf.rf/rstblk/ngwrdrst.grst.g7serrst.gnsckt_wrst.gcc_rst.sckt_wr_rst_cc_reg[1]/C
  -------------------------------------------------------------------    -------------------
    SLICE_X95Y3          FDRE (Prop_fdre_C_Q)         0.141    -0.454 f  i_axi_dwidth_converter_dm_slave/inst/gen_downsizer.gen_simple_downsizer.axi_downsizer_inst/USE_READ.read_addr_inst/cmd_queue/inst/fifo_gen_inst/inst_fifo_gen/gconvfifo.rf/grf.rf/rstblk/ngwrdrst.grst.g7serrst.gnsckt_wrst.gcc_rst.sckt_wr_rst_cc_reg[1]/Q
                         net (fo=2, routed)           0.114    -0.339    i_axi_dwidth_converter_dm_slave/inst/gen_downsizer.gen_simple_downsizer.axi_downsizer_inst/USE_READ.read_addr_inst/cmd_queue/inst/fifo_gen_inst/inst_fifo_gen/gconvfifo.rf/grf.rf/rstblk/ngwrdrst.grst.g7serrst.gnsckt_wrst.gcc_rst.sckt_wr_rst_cc[1]
    SLICE_X95Y4          LUT3 (Prop_lut3_I0_O)        0.045    -0.294 f  i_axi_dwidth_converter_dm_slave/inst/gen_downsizer.gen_simple_downsizer.axi_downsizer_inst/USE_READ.read_addr_inst/cmd_queue/inst/fifo_gen_inst/inst_fifo_gen/gconvfifo.rf/grf.rf/rstblk/gpregsm1.curr_fwft_state[1]_i_2/O
                         net (fo=32, routed)          0.148    -0.146    i_axi_dwidth_converter_dm_slave/inst/gen_downsizer.gen_simple_downsizer.axi_downsizer_inst/USE_READ.read_addr_inst/cmd_queue/inst/fifo_gen_inst/inst_fifo_gen/gconvfifo.rf/grf.rf/gntv_or_sync_fifo.gl0.rd/rpntr/gc0.count_d1_reg[4]_1
    SLICE_X94Y5          FDCE                                         f  i_axi_dwidth_converter_dm_slave/inst/gen_downsizer.gen_simple_downsizer.axi_downsizer_inst/USE_READ.read_addr_inst/cmd_queue/inst/fifo_gen_inst/inst_fifo_gen/gconvfifo.rf/grf.rf/gntv_or_sync_fifo.gl0.rd/rpntr/gc0.count_d1_reg[2]/CLR
  -------------------------------------------------------------------    -------------------

                         (clock clk_out1_xlnx_clk_gen rise edge)
                                                      0.000     0.000 r  
    K17                                               0.000     0.000 r  clk_sys (IN)
                         net (fo=0)                   0.000     0.000    i_xlnx_clk_gen/inst/clk_in1
    K17                  IBUF (Prop_ibuf_I_O)         0.431     0.431 r  i_xlnx_clk_gen/inst/clkin1_ibufg/O
                         net (fo=1, routed)           0.480     0.911    i_xlnx_clk_gen/inst/clk_in1_xlnx_clk_gen
    MMCME2_ADV_X1Y2      MMCME2_ADV (Prop_mmcme2_adv_CLKIN1_CLKOUT0)
                                                     -3.407    -2.496 r  i_xlnx_clk_gen/inst/mmcm_adv_inst/CLKOUT0
                         net (fo=1, routed)           0.752    -1.744    i_xlnx_clk_gen/inst/clk_out1_xlnx_clk_gen
    BUFGCTRL_X0Y16       BUFG (Prop_bufg_I_O)         0.029    -1.715 r  i_xlnx_clk_gen/inst/clkout1_buf/O
                         net (fo=16470, routed)       0.883    -0.832    i_axi_dwidth_converter_dm_slave/inst/gen_downsizer.gen_simple_downsizer.axi_downsizer_inst/USE_READ.read_addr_inst/cmd_queue/inst/fifo_gen_inst/inst_fifo_gen/gconvfifo.rf/grf.rf/gntv_or_sync_fifo.gl0.rd/rpntr/clk
    SLICE_X94Y5          FDCE                                         r  i_axi_dwidth_converter_dm_slave/inst/gen_downsizer.gen_simple_downsizer.axi_downsizer_inst/USE_READ.read_addr_inst/cmd_queue/inst/fifo_gen_inst/inst_fifo_gen/gconvfifo.rf/grf.rf/gntv_or_sync_fifo.gl0.rd/rpntr/gc0.count_d1_reg[2]/C
                         clock pessimism              0.254    -0.579    
    SLICE_X94Y5          FDCE (Remov_fdce_C_CLR)     -0.067    -0.646    i_axi_dwidth_converter_dm_slave/inst/gen_downsizer.gen_simple_downsizer.axi_downsizer_inst/USE_READ.read_addr_inst/cmd_queue/inst/fifo_gen_inst/inst_fifo_gen/gconvfifo.rf/grf.rf/gntv_or_sync_fifo.gl0.rd/rpntr/gc0.count_d1_reg[2]
  -------------------------------------------------------------------
                         required time                          0.646    
                         arrival time                          -0.146    
  -------------------------------------------------------------------
                         slack                                  0.499    

Slack (MET) :             0.499ns  (arrival time - required time)
  Source:                 i_axi_dwidth_converter_dm_slave/inst/gen_downsizer.gen_simple_downsizer.axi_downsizer_inst/USE_READ.read_addr_inst/cmd_queue/inst/fifo_gen_inst/inst_fifo_gen/gconvfifo.rf/grf.rf/rstblk/ngwrdrst.grst.g7serrst.gnsckt_wrst.gcc_rst.sckt_wr_rst_cc_reg[1]/C
                            (rising edge-triggered cell FDRE clocked by clk_out1_xlnx_clk_gen  {rise@0.000ns fall@10.000ns period=20.000ns})
  Destination:            i_axi_dwidth_converter_dm_slave/inst/gen_downsizer.gen_simple_downsizer.axi_downsizer_inst/USE_READ.read_addr_inst/cmd_queue/inst/fifo_gen_inst/inst_fifo_gen/gconvfifo.rf/grf.rf/gntv_or_sync_fifo.gl0.rd/rpntr/gc0.count_d1_reg[3]/CLR
                            (removal check against rising-edge clock clk_out1_xlnx_clk_gen  {rise@0.000ns fall@10.000ns period=20.000ns})
  Path Group:             **async_default**
  Path Type:              Removal (Min at Fast Process Corner)
  Requirement:            0.000ns  (clk_out1_xlnx_clk_gen rise@0.000ns - clk_out1_xlnx_clk_gen rise@0.000ns)
  Data Path Delay:        0.448ns  (logic 0.186ns (41.504%)  route 0.262ns (58.496%))
  Logic Levels:           1  (LUT3=1)
  Clock Path Skew:        0.016ns (DCD - SCD - CPR)
    Destination Clock Delay (DCD):    -0.832ns
    Source Clock Delay      (SCD):    -0.595ns
    Clock Pessimism Removal (CPR):    -0.254ns

    Location             Delay type                Incr(ns)  Path(ns)    Netlist Resource(s)
  -------------------------------------------------------------------    -------------------
                         (clock clk_out1_xlnx_clk_gen rise edge)
                                                      0.000     0.000 r  
    K17                                               0.000     0.000 r  clk_sys (IN)
                         net (fo=0)                   0.000     0.000    i_xlnx_clk_gen/inst/clk_in1
    K17                  IBUF (Prop_ibuf_I_O)         0.243     0.243 r  i_xlnx_clk_gen/inst/clkin1_ibufg/O
                         net (fo=1, routed)           0.440     0.683    i_xlnx_clk_gen/inst/clk_in1_xlnx_clk_gen
    MMCME2_ADV_X1Y2      MMCME2_ADV (Prop_mmcme2_adv_CLKIN1_CLKOUT0)
                                                     -2.613    -1.930 r  i_xlnx_clk_gen/inst/mmcm_adv_inst/CLKOUT0
                         net (fo=1, routed)           0.696    -1.233    i_xlnx_clk_gen/inst/clk_out1_xlnx_clk_gen
    BUFGCTRL_X0Y16       BUFG (Prop_bufg_I_O)         0.026    -1.207 r  i_xlnx_clk_gen/inst/clkout1_buf/O
                         net (fo=16470, routed)       0.613    -0.595    i_axi_dwidth_converter_dm_slave/inst/gen_downsizer.gen_simple_downsizer.axi_downsizer_inst/USE_READ.read_addr_inst/cmd_queue/inst/fifo_gen_inst/inst_fifo_gen/gconvfifo.rf/grf.rf/rstblk/clk
    SLICE_X95Y3          FDRE                                         r  i_axi_dwidth_converter_dm_slave/inst/gen_downsizer.gen_simple_downsizer.axi_downsizer_inst/USE_READ.read_addr_inst/cmd_queue/inst/fifo_gen_inst/inst_fifo_gen/gconvfifo.rf/grf.rf/rstblk/ngwrdrst.grst.g7serrst.gnsckt_wrst.gcc_rst.sckt_wr_rst_cc_reg[1]/C
  -------------------------------------------------------------------    -------------------
    SLICE_X95Y3          FDRE (Prop_fdre_C_Q)         0.141    -0.454 f  i_axi_dwidth_converter_dm_slave/inst/gen_downsizer.gen_simple_downsizer.axi_downsizer_inst/USE_READ.read_addr_inst/cmd_queue/inst/fifo_gen_inst/inst_fifo_gen/gconvfifo.rf/grf.rf/rstblk/ngwrdrst.grst.g7serrst.gnsckt_wrst.gcc_rst.sckt_wr_rst_cc_reg[1]/Q
                         net (fo=2, routed)           0.114    -0.339    i_axi_dwidth_converter_dm_slave/inst/gen_downsizer.gen_simple_downsizer.axi_downsizer_inst/USE_READ.read_addr_inst/cmd_queue/inst/fifo_gen_inst/inst_fifo_gen/gconvfifo.rf/grf.rf/rstblk/ngwrdrst.grst.g7serrst.gnsckt_wrst.gcc_rst.sckt_wr_rst_cc[1]
    SLICE_X95Y4          LUT3 (Prop_lut3_I0_O)        0.045    -0.294 f  i_axi_dwidth_converter_dm_slave/inst/gen_downsizer.gen_simple_downsizer.axi_downsizer_inst/USE_READ.read_addr_inst/cmd_queue/inst/fifo_gen_inst/inst_fifo_gen/gconvfifo.rf/grf.rf/rstblk/gpregsm1.curr_fwft_state[1]_i_2/O
                         net (fo=32, routed)          0.148    -0.146    i_axi_dwidth_converter_dm_slave/inst/gen_downsizer.gen_simple_downsizer.axi_downsizer_inst/USE_READ.read_addr_inst/cmd_queue/inst/fifo_gen_inst/inst_fifo_gen/gconvfifo.rf/grf.rf/gntv_or_sync_fifo.gl0.rd/rpntr/gc0.count_d1_reg[4]_1
    SLICE_X94Y5          FDCE                                         f  i_axi_dwidth_converter_dm_slave/inst/gen_downsizer.gen_simple_downsizer.axi_downsizer_inst/USE_READ.read_addr_inst/cmd_queue/inst/fifo_gen_inst/inst_fifo_gen/gconvfifo.rf/grf.rf/gntv_or_sync_fifo.gl0.rd/rpntr/gc0.count_d1_reg[3]/CLR
  -------------------------------------------------------------------    -------------------

                         (clock clk_out1_xlnx_clk_gen rise edge)
                                                      0.000     0.000 r  
    K17                                               0.000     0.000 r  clk_sys (IN)
                         net (fo=0)                   0.000     0.000    i_xlnx_clk_gen/inst/clk_in1
    K17                  IBUF (Prop_ibuf_I_O)         0.431     0.431 r  i_xlnx_clk_gen/inst/clkin1_ibufg/O
                         net (fo=1, routed)           0.480     0.911    i_xlnx_clk_gen/inst/clk_in1_xlnx_clk_gen
    MMCME2_ADV_X1Y2      MMCME2_ADV (Prop_mmcme2_adv_CLKIN1_CLKOUT0)
                                                     -3.407    -2.496 r  i_xlnx_clk_gen/inst/mmcm_adv_inst/CLKOUT0
                         net (fo=1, routed)           0.752    -1.744    i_xlnx_clk_gen/inst/clk_out1_xlnx_clk_gen
    BUFGCTRL_X0Y16       BUFG (Prop_bufg_I_O)         0.029    -1.715 r  i_xlnx_clk_gen/inst/clkout1_buf/O
                         net (fo=16470, routed)       0.883    -0.832    i_axi_dwidth_converter_dm_slave/inst/gen_downsizer.gen_simple_downsizer.axi_downsizer_inst/USE_READ.read_addr_inst/cmd_queue/inst/fifo_gen_inst/inst_fifo_gen/gconvfifo.rf/grf.rf/gntv_or_sync_fifo.gl0.rd/rpntr/clk
    SLICE_X94Y5          FDCE                                         r  i_axi_dwidth_converter_dm_slave/inst/gen_downsizer.gen_simple_downsizer.axi_downsizer_inst/USE_READ.read_addr_inst/cmd_queue/inst/fifo_gen_inst/inst_fifo_gen/gconvfifo.rf/grf.rf/gntv_or_sync_fifo.gl0.rd/rpntr/gc0.count_d1_reg[3]/C
                         clock pessimism              0.254    -0.579    
    SLICE_X94Y5          FDCE (Remov_fdce_C_CLR)     -0.067    -0.646    i_axi_dwidth_converter_dm_slave/inst/gen_downsizer.gen_simple_downsizer.axi_downsizer_inst/USE_READ.read_addr_inst/cmd_queue/inst/fifo_gen_inst/inst_fifo_gen/gconvfifo.rf/grf.rf/gntv_or_sync_fifo.gl0.rd/rpntr/gc0.count_d1_reg[3]
  -------------------------------------------------------------------
                         required time                          0.646    
                         arrival time                          -0.146    
  -------------------------------------------------------------------
                         slack                                  0.499    

Slack (MET) :             0.499ns  (arrival time - required time)
  Source:                 i_axi_dwidth_converter_dm_slave/inst/gen_downsizer.gen_simple_downsizer.axi_downsizer_inst/USE_READ.read_addr_inst/cmd_queue/inst/fifo_gen_inst/inst_fifo_gen/gconvfifo.rf/grf.rf/rstblk/ngwrdrst.grst.g7serrst.gnsckt_wrst.gcc_rst.sckt_wr_rst_cc_reg[1]/C
                            (rising edge-triggered cell FDRE clocked by clk_out1_xlnx_clk_gen  {rise@0.000ns fall@10.000ns period=20.000ns})
  Destination:            i_axi_dwidth_converter_dm_slave/inst/gen_downsizer.gen_simple_downsizer.axi_downsizer_inst/USE_READ.read_addr_inst/cmd_queue/inst/fifo_gen_inst/inst_fifo_gen/gconvfifo.rf/grf.rf/gntv_or_sync_fifo.gl0.rd/rpntr/gc0.count_d1_reg[4]/CLR
                            (removal check against rising-edge clock clk_out1_xlnx_clk_gen  {rise@0.000ns fall@10.000ns period=20.000ns})
  Path Group:             **async_default**
  Path Type:              Removal (Min at Fast Process Corner)
  Requirement:            0.000ns  (clk_out1_xlnx_clk_gen rise@0.000ns - clk_out1_xlnx_clk_gen rise@0.000ns)
  Data Path Delay:        0.448ns  (logic 0.186ns (41.504%)  route 0.262ns (58.496%))
  Logic Levels:           1  (LUT3=1)
  Clock Path Skew:        0.016ns (DCD - SCD - CPR)
    Destination Clock Delay (DCD):    -0.832ns
    Source Clock Delay      (SCD):    -0.595ns
    Clock Pessimism Removal (CPR):    -0.254ns

    Location             Delay type                Incr(ns)  Path(ns)    Netlist Resource(s)
  -------------------------------------------------------------------    -------------------
                         (clock clk_out1_xlnx_clk_gen rise edge)
                                                      0.000     0.000 r  
    K17                                               0.000     0.000 r  clk_sys (IN)
                         net (fo=0)                   0.000     0.000    i_xlnx_clk_gen/inst/clk_in1
    K17                  IBUF (Prop_ibuf_I_O)         0.243     0.243 r  i_xlnx_clk_gen/inst/clkin1_ibufg/O
                         net (fo=1, routed)           0.440     0.683    i_xlnx_clk_gen/inst/clk_in1_xlnx_clk_gen
    MMCME2_ADV_X1Y2      MMCME2_ADV (Prop_mmcme2_adv_CLKIN1_CLKOUT0)
                                                     -2.613    -1.930 r  i_xlnx_clk_gen/inst/mmcm_adv_inst/CLKOUT0
                         net (fo=1, routed)           0.696    -1.233    i_xlnx_clk_gen/inst/clk_out1_xlnx_clk_gen
    BUFGCTRL_X0Y16       BUFG (Prop_bufg_I_O)         0.026    -1.207 r  i_xlnx_clk_gen/inst/clkout1_buf/O
                         net (fo=16470, routed)       0.613    -0.595    i_axi_dwidth_converter_dm_slave/inst/gen_downsizer.gen_simple_downsizer.axi_downsizer_inst/USE_READ.read_addr_inst/cmd_queue/inst/fifo_gen_inst/inst_fifo_gen/gconvfifo.rf/grf.rf/rstblk/clk
    SLICE_X95Y3          FDRE                                         r  i_axi_dwidth_converter_dm_slave/inst/gen_downsizer.gen_simple_downsizer.axi_downsizer_inst/USE_READ.read_addr_inst/cmd_queue/inst/fifo_gen_inst/inst_fifo_gen/gconvfifo.rf/grf.rf/rstblk/ngwrdrst.grst.g7serrst.gnsckt_wrst.gcc_rst.sckt_wr_rst_cc_reg[1]/C
  -------------------------------------------------------------------    -------------------
    SLICE_X95Y3          FDRE (Prop_fdre_C_Q)         0.141    -0.454 f  i_axi_dwidth_converter_dm_slave/inst/gen_downsizer.gen_simple_downsizer.axi_downsizer_inst/USE_READ.read_addr_inst/cmd_queue/inst/fifo_gen_inst/inst_fifo_gen/gconvfifo.rf/grf.rf/rstblk/ngwrdrst.grst.g7serrst.gnsckt_wrst.gcc_rst.sckt_wr_rst_cc_reg[1]/Q
                         net (fo=2, routed)           0.114    -0.339    i_axi_dwidth_converter_dm_slave/inst/gen_downsizer.gen_simple_downsizer.axi_downsizer_inst/USE_READ.read_addr_inst/cmd_queue/inst/fifo_gen_inst/inst_fifo_gen/gconvfifo.rf/grf.rf/rstblk/ngwrdrst.grst.g7serrst.gnsckt_wrst.gcc_rst.sckt_wr_rst_cc[1]
    SLICE_X95Y4          LUT3 (Prop_lut3_I0_O)        0.045    -0.294 f  i_axi_dwidth_converter_dm_slave/inst/gen_downsizer.gen_simple_downsizer.axi_downsizer_inst/USE_READ.read_addr_inst/cmd_queue/inst/fifo_gen_inst/inst_fifo_gen/gconvfifo.rf/grf.rf/rstblk/gpregsm1.curr_fwft_state[1]_i_2/O
                         net (fo=32, routed)          0.148    -0.146    i_axi_dwidth_converter_dm_slave/inst/gen_downsizer.gen_simple_downsizer.axi_downsizer_inst/USE_READ.read_addr_inst/cmd_queue/inst/fifo_gen_inst/inst_fifo_gen/gconvfifo.rf/grf.rf/gntv_or_sync_fifo.gl0.rd/rpntr/gc0.count_d1_reg[4]_1
    SLICE_X94Y5          FDCE                                         f  i_axi_dwidth_converter_dm_slave/inst/gen_downsizer.gen_simple_downsizer.axi_downsizer_inst/USE_READ.read_addr_inst/cmd_queue/inst/fifo_gen_inst/inst_fifo_gen/gconvfifo.rf/grf.rf/gntv_or_sync_fifo.gl0.rd/rpntr/gc0.count_d1_reg[4]/CLR
  -------------------------------------------------------------------    -------------------

                         (clock clk_out1_xlnx_clk_gen rise edge)
                                                      0.000     0.000 r  
    K17                                               0.000     0.000 r  clk_sys (IN)
                         net (fo=0)                   0.000     0.000    i_xlnx_clk_gen/inst/clk_in1
    K17                  IBUF (Prop_ibuf_I_O)         0.431     0.431 r  i_xlnx_clk_gen/inst/clkin1_ibufg/O
                         net (fo=1, routed)           0.480     0.911    i_xlnx_clk_gen/inst/clk_in1_xlnx_clk_gen
    MMCME2_ADV_X1Y2      MMCME2_ADV (Prop_mmcme2_adv_CLKIN1_CLKOUT0)
                                                     -3.407    -2.496 r  i_xlnx_clk_gen/inst/mmcm_adv_inst/CLKOUT0
                         net (fo=1, routed)           0.752    -1.744    i_xlnx_clk_gen/inst/clk_out1_xlnx_clk_gen
    BUFGCTRL_X0Y16       BUFG (Prop_bufg_I_O)         0.029    -1.715 r  i_xlnx_clk_gen/inst/clkout1_buf/O
                         net (fo=16470, routed)       0.883    -0.832    i_axi_dwidth_converter_dm_slave/inst/gen_downsizer.gen_simple_downsizer.axi_downsizer_inst/USE_READ.read_addr_inst/cmd_queue/inst/fifo_gen_inst/inst_fifo_gen/gconvfifo.rf/grf.rf/gntv_or_sync_fifo.gl0.rd/rpntr/clk
    SLICE_X94Y5          FDCE                                         r  i_axi_dwidth_converter_dm_slave/inst/gen_downsizer.gen_simple_downsizer.axi_downsizer_inst/USE_READ.read_addr_inst/cmd_queue/inst/fifo_gen_inst/inst_fifo_gen/gconvfifo.rf/grf.rf/gntv_or_sync_fifo.gl0.rd/rpntr/gc0.count_d1_reg[4]/C
                         clock pessimism              0.254    -0.579    
    SLICE_X94Y5          FDCE (Remov_fdce_C_CLR)     -0.067    -0.646    i_axi_dwidth_converter_dm_slave/inst/gen_downsizer.gen_simple_downsizer.axi_downsizer_inst/USE_READ.read_addr_inst/cmd_queue/inst/fifo_gen_inst/inst_fifo_gen/gconvfifo.rf/grf.rf/gntv_or_sync_fifo.gl0.rd/rpntr/gc0.count_d1_reg[4]
  -------------------------------------------------------------------
                         required time                          0.646    
                         arrival time                          -0.146    
  -------------------------------------------------------------------
                         slack                                  0.499    

Slack (MET) :             0.503ns  (arrival time - required time)
  Source:                 i_axi_dwidth_converter_dm_slave/inst/gen_downsizer.gen_simple_downsizer.axi_downsizer_inst/USE_READ.read_addr_inst/cmd_queue/inst/fifo_gen_inst/inst_fifo_gen/gconvfifo.rf/grf.rf/rstblk/ngwrdrst.grst.g7serrst.gnsckt_wrst.gcc_rst.sckt_wr_rst_cc_reg[1]/C
                            (rising edge-triggered cell FDRE clocked by clk_out1_xlnx_clk_gen  {rise@0.000ns fall@10.000ns period=20.000ns})
  Destination:            i_axi_dwidth_converter_dm_slave/inst/gen_downsizer.gen_simple_downsizer.axi_downsizer_inst/USE_READ.read_addr_inst/cmd_queue/inst/fifo_gen_inst/inst_fifo_gen/gconvfifo.rf/grf.rf/gntv_or_sync_fifo.gl0.rd/rpntr/gc0.count_reg[0]/PRE
                            (removal check against rising-edge clock clk_out1_xlnx_clk_gen  {rise@0.000ns fall@10.000ns period=20.000ns})
  Path Group:             **async_default**
  Path Type:              Removal (Min at Fast Process Corner)
  Requirement:            0.000ns  (clk_out1_xlnx_clk_gen rise@0.000ns - clk_out1_xlnx_clk_gen rise@0.000ns)
  Data Path Delay:        0.448ns  (logic 0.186ns (41.504%)  route 0.262ns (58.496%))
  Logic Levels:           1  (LUT3=1)
  Clock Path Skew:        0.016ns (DCD - SCD - CPR)
    Destination Clock Delay (DCD):    -0.832ns
    Source Clock Delay      (SCD):    -0.595ns
    Clock Pessimism Removal (CPR):    -0.254ns

    Location             Delay type                Incr(ns)  Path(ns)    Netlist Resource(s)
  -------------------------------------------------------------------    -------------------
                         (clock clk_out1_xlnx_clk_gen rise edge)
                                                      0.000     0.000 r  
    K17                                               0.000     0.000 r  clk_sys (IN)
                         net (fo=0)                   0.000     0.000    i_xlnx_clk_gen/inst/clk_in1
    K17                  IBUF (Prop_ibuf_I_O)         0.243     0.243 r  i_xlnx_clk_gen/inst/clkin1_ibufg/O
                         net (fo=1, routed)           0.440     0.683    i_xlnx_clk_gen/inst/clk_in1_xlnx_clk_gen
    MMCME2_ADV_X1Y2      MMCME2_ADV (Prop_mmcme2_adv_CLKIN1_CLKOUT0)
                                                     -2.613    -1.930 r  i_xlnx_clk_gen/inst/mmcm_adv_inst/CLKOUT0
                         net (fo=1, routed)           0.696    -1.233    i_xlnx_clk_gen/inst/clk_out1_xlnx_clk_gen
    BUFGCTRL_X0Y16       BUFG (Prop_bufg_I_O)         0.026    -1.207 r  i_xlnx_clk_gen/inst/clkout1_buf/O
                         net (fo=16470, routed)       0.613    -0.595    i_axi_dwidth_converter_dm_slave/inst/gen_downsizer.gen_simple_downsizer.axi_downsizer_inst/USE_READ.read_addr_inst/cmd_queue/inst/fifo_gen_inst/inst_fifo_gen/gconvfifo.rf/grf.rf/rstblk/clk
    SLICE_X95Y3          FDRE                                         r  i_axi_dwidth_converter_dm_slave/inst/gen_downsizer.gen_simple_downsizer.axi_downsizer_inst/USE_READ.read_addr_inst/cmd_queue/inst/fifo_gen_inst/inst_fifo_gen/gconvfifo.rf/grf.rf/rstblk/ngwrdrst.grst.g7serrst.gnsckt_wrst.gcc_rst.sckt_wr_rst_cc_reg[1]/C
  -------------------------------------------------------------------    -------------------
    SLICE_X95Y3          FDRE (Prop_fdre_C_Q)         0.141    -0.454 f  i_axi_dwidth_converter_dm_slave/inst/gen_downsizer.gen_simple_downsizer.axi_downsizer_inst/USE_READ.read_addr_inst/cmd_queue/inst/fifo_gen_inst/inst_fifo_gen/gconvfifo.rf/grf.rf/rstblk/ngwrdrst.grst.g7serrst.gnsckt_wrst.gcc_rst.sckt_wr_rst_cc_reg[1]/Q
                         net (fo=2, routed)           0.114    -0.339    i_axi_dwidth_converter_dm_slave/inst/gen_downsizer.gen_simple_downsizer.axi_downsizer_inst/USE_READ.read_addr_inst/cmd_queue/inst/fifo_gen_inst/inst_fifo_gen/gconvfifo.rf/grf.rf/rstblk/ngwrdrst.grst.g7serrst.gnsckt_wrst.gcc_rst.sckt_wr_rst_cc[1]
    SLICE_X95Y4          LUT3 (Prop_lut3_I0_O)        0.045    -0.294 f  i_axi_dwidth_converter_dm_slave/inst/gen_downsizer.gen_simple_downsizer.axi_downsizer_inst/USE_READ.read_addr_inst/cmd_queue/inst/fifo_gen_inst/inst_fifo_gen/gconvfifo.rf/grf.rf/rstblk/gpregsm1.curr_fwft_state[1]_i_2/O
                         net (fo=32, routed)          0.148    -0.146    i_axi_dwidth_converter_dm_slave/inst/gen_downsizer.gen_simple_downsizer.axi_downsizer_inst/USE_READ.read_addr_inst/cmd_queue/inst/fifo_gen_inst/inst_fifo_gen/gconvfifo.rf/grf.rf/gntv_or_sync_fifo.gl0.rd/rpntr/gc0.count_d1_reg[4]_1
    SLICE_X94Y5          FDPE                                         f  i_axi_dwidth_converter_dm_slave/inst/gen_downsizer.gen_simple_downsizer.axi_downsizer_inst/USE_READ.read_addr_inst/cmd_queue/inst/fifo_gen_inst/inst_fifo_gen/gconvfifo.rf/grf.rf/gntv_or_sync_fifo.gl0.rd/rpntr/gc0.count_reg[0]/PRE
  -------------------------------------------------------------------    -------------------

                         (clock clk_out1_xlnx_clk_gen rise edge)
                                                      0.000     0.000 r  
    K17                                               0.000     0.000 r  clk_sys (IN)
                         net (fo=0)                   0.000     0.000    i_xlnx_clk_gen/inst/clk_in1
    K17                  IBUF (Prop_ibuf_I_O)         0.431     0.431 r  i_xlnx_clk_gen/inst/clkin1_ibufg/O
                         net (fo=1, routed)           0.480     0.911    i_xlnx_clk_gen/inst/clk_in1_xlnx_clk_gen
    MMCME2_ADV_X1Y2      MMCME2_ADV (Prop_mmcme2_adv_CLKIN1_CLKOUT0)
                                                     -3.407    -2.496 r  i_xlnx_clk_gen/inst/mmcm_adv_inst/CLKOUT0
                         net (fo=1, routed)           0.752    -1.744    i_xlnx_clk_gen/inst/clk_out1_xlnx_clk_gen
    BUFGCTRL_X0Y16       BUFG (Prop_bufg_I_O)         0.029    -1.715 r  i_xlnx_clk_gen/inst/clkout1_buf/O
                         net (fo=16470, routed)       0.883    -0.832    i_axi_dwidth_converter_dm_slave/inst/gen_downsizer.gen_simple_downsizer.axi_downsizer_inst/USE_READ.read_addr_inst/cmd_queue/inst/fifo_gen_inst/inst_fifo_gen/gconvfifo.rf/grf.rf/gntv_or_sync_fifo.gl0.rd/rpntr/clk
    SLICE_X94Y5          FDPE                                         r  i_axi_dwidth_converter_dm_slave/inst/gen_downsizer.gen_simple_downsizer.axi_downsizer_inst/USE_READ.read_addr_inst/cmd_queue/inst/fifo_gen_inst/inst_fifo_gen/gconvfifo.rf/grf.rf/gntv_or_sync_fifo.gl0.rd/rpntr/gc0.count_reg[0]/C
                         clock pessimism              0.254    -0.579    
    SLICE_X94Y5          FDPE (Remov_fdpe_C_PRE)     -0.071    -0.650    i_axi_dwidth_converter_dm_slave/inst/gen_downsizer.gen_simple_downsizer.axi_downsizer_inst/USE_READ.read_addr_inst/cmd_queue/inst/fifo_gen_inst/inst_fifo_gen/gconvfifo.rf/grf.rf/gntv_or_sync_fifo.gl0.rd/rpntr/gc0.count_reg[0]
  -------------------------------------------------------------------
                         required time                          0.650    
                         arrival time                          -0.146    
  -------------------------------------------------------------------
                         slack                                  0.503    

Slack (MET) :             0.524ns  (arrival time - required time)
  Source:                 i_axi_dwidth_converter_dm_slave/inst/gen_downsizer.gen_simple_downsizer.axi_downsizer_inst/USE_READ.read_addr_inst/cmd_queue/inst/fifo_gen_inst/inst_fifo_gen/gconvfifo.rf/grf.rf/rstblk/ngwrdrst.grst.g7serrst.gnsckt_wrst.gcc_rst.sckt_wr_rst_cc_reg[1]/C
                            (rising edge-triggered cell FDRE clocked by clk_out1_xlnx_clk_gen  {rise@0.000ns fall@10.000ns period=20.000ns})
  Destination:            i_axi_dwidth_converter_dm_slave/inst/gen_downsizer.gen_simple_downsizer.axi_downsizer_inst/USE_READ.read_addr_inst/cmd_queue/inst/fifo_gen_inst/inst_fifo_gen/gconvfifo.rf/grf.rf/gntv_or_sync_fifo.gl0.rd/rpntr/gc0.count_reg[1]/CLR
                            (removal check against rising-edge clock clk_out1_xlnx_clk_gen  {rise@0.000ns fall@10.000ns period=20.000ns})
  Path Group:             **async_default**
  Path Type:              Removal (Min at Fast Process Corner)
  Requirement:            0.000ns  (clk_out1_xlnx_clk_gen rise@0.000ns - clk_out1_xlnx_clk_gen rise@0.000ns)
  Data Path Delay:        0.448ns  (logic 0.186ns (41.504%)  route 0.262ns (58.496%))
  Logic Levels:           1  (LUT3=1)
  Clock Path Skew:        0.016ns (DCD - SCD - CPR)
    Destination Clock Delay (DCD):    -0.832ns
    Source Clock Delay      (SCD):    -0.595ns
    Clock Pessimism Removal (CPR):    -0.254ns

    Location             Delay type                Incr(ns)  Path(ns)    Netlist Resource(s)
  -------------------------------------------------------------------    -------------------
                         (clock clk_out1_xlnx_clk_gen rise edge)
                                                      0.000     0.000 r  
    K17                                               0.000     0.000 r  clk_sys (IN)
                         net (fo=0)                   0.000     0.000    i_xlnx_clk_gen/inst/clk_in1
    K17                  IBUF (Prop_ibuf_I_O)         0.243     0.243 r  i_xlnx_clk_gen/inst/clkin1_ibufg/O
                         net (fo=1, routed)           0.440     0.683    i_xlnx_clk_gen/inst/clk_in1_xlnx_clk_gen
    MMCME2_ADV_X1Y2      MMCME2_ADV (Prop_mmcme2_adv_CLKIN1_CLKOUT0)
                                                     -2.613    -1.930 r  i_xlnx_clk_gen/inst/mmcm_adv_inst/CLKOUT0
                         net (fo=1, routed)           0.696    -1.233    i_xlnx_clk_gen/inst/clk_out1_xlnx_clk_gen
    BUFGCTRL_X0Y16       BUFG (Prop_bufg_I_O)         0.026    -1.207 r  i_xlnx_clk_gen/inst/clkout1_buf/O
                         net (fo=16470, routed)       0.613    -0.595    i_axi_dwidth_converter_dm_slave/inst/gen_downsizer.gen_simple_downsizer.axi_downsizer_inst/USE_READ.read_addr_inst/cmd_queue/inst/fifo_gen_inst/inst_fifo_gen/gconvfifo.rf/grf.rf/rstblk/clk
    SLICE_X95Y3          FDRE                                         r  i_axi_dwidth_converter_dm_slave/inst/gen_downsizer.gen_simple_downsizer.axi_downsizer_inst/USE_READ.read_addr_inst/cmd_queue/inst/fifo_gen_inst/inst_fifo_gen/gconvfifo.rf/grf.rf/rstblk/ngwrdrst.grst.g7serrst.gnsckt_wrst.gcc_rst.sckt_wr_rst_cc_reg[1]/C
  -------------------------------------------------------------------    -------------------
    SLICE_X95Y3          FDRE (Prop_fdre_C_Q)         0.141    -0.454 f  i_axi_dwidth_converter_dm_slave/inst/gen_downsizer.gen_simple_downsizer.axi_downsizer_inst/USE_READ.read_addr_inst/cmd_queue/inst/fifo_gen_inst/inst_fifo_gen/gconvfifo.rf/grf.rf/rstblk/ngwrdrst.grst.g7serrst.gnsckt_wrst.gcc_rst.sckt_wr_rst_cc_reg[1]/Q
                         net (fo=2, routed)           0.114    -0.339    i_axi_dwidth_converter_dm_slave/inst/gen_downsizer.gen_simple_downsizer.axi_downsizer_inst/USE_READ.read_addr_inst/cmd_queue/inst/fifo_gen_inst/inst_fifo_gen/gconvfifo.rf/grf.rf/rstblk/ngwrdrst.grst.g7serrst.gnsckt_wrst.gcc_rst.sckt_wr_rst_cc[1]
    SLICE_X95Y4          LUT3 (Prop_lut3_I0_O)        0.045    -0.294 f  i_axi_dwidth_converter_dm_slave/inst/gen_downsizer.gen_simple_downsizer.axi_downsizer_inst/USE_READ.read_addr_inst/cmd_queue/inst/fifo_gen_inst/inst_fifo_gen/gconvfifo.rf/grf.rf/rstblk/gpregsm1.curr_fwft_state[1]_i_2/O
                         net (fo=32, routed)          0.148    -0.146    i_axi_dwidth_converter_dm_slave/inst/gen_downsizer.gen_simple_downsizer.axi_downsizer_inst/USE_READ.read_addr_inst/cmd_queue/inst/fifo_gen_inst/inst_fifo_gen/gconvfifo.rf/grf.rf/gntv_or_sync_fifo.gl0.rd/rpntr/gc0.count_d1_reg[4]_1
    SLICE_X95Y5          FDCE                                         f  i_axi_dwidth_converter_dm_slave/inst/gen_downsizer.gen_simple_downsizer.axi_downsizer_inst/USE_READ.read_addr_inst/cmd_queue/inst/fifo_gen_inst/inst_fifo_gen/gconvfifo.rf/grf.rf/gntv_or_sync_fifo.gl0.rd/rpntr/gc0.count_reg[1]/CLR
  -------------------------------------------------------------------    -------------------

                         (clock clk_out1_xlnx_clk_gen rise edge)
                                                      0.000     0.000 r  
    K17                                               0.000     0.000 r  clk_sys (IN)
                         net (fo=0)                   0.000     0.000    i_xlnx_clk_gen/inst/clk_in1
    K17                  IBUF (Prop_ibuf_I_O)         0.431     0.431 r  i_xlnx_clk_gen/inst/clkin1_ibufg/O
                         net (fo=1, routed)           0.480     0.911    i_xlnx_clk_gen/inst/clk_in1_xlnx_clk_gen
    MMCME2_ADV_X1Y2      MMCME2_ADV (Prop_mmcme2_adv_CLKIN1_CLKOUT0)
                                                     -3.407    -2.496 r  i_xlnx_clk_gen/inst/mmcm_adv_inst/CLKOUT0
                         net (fo=1, routed)           0.752    -1.744    i_xlnx_clk_gen/inst/clk_out1_xlnx_clk_gen
    BUFGCTRL_X0Y16       BUFG (Prop_bufg_I_O)         0.029    -1.715 r  i_xlnx_clk_gen/inst/clkout1_buf/O
                         net (fo=16470, routed)       0.883    -0.832    i_axi_dwidth_converter_dm_slave/inst/gen_downsizer.gen_simple_downsizer.axi_downsizer_inst/USE_READ.read_addr_inst/cmd_queue/inst/fifo_gen_inst/inst_fifo_gen/gconvfifo.rf/grf.rf/gntv_or_sync_fifo.gl0.rd/rpntr/clk
    SLICE_X95Y5          FDCE                                         r  i_axi_dwidth_converter_dm_slave/inst/gen_downsizer.gen_simple_downsizer.axi_downsizer_inst/USE_READ.read_addr_inst/cmd_queue/inst/fifo_gen_inst/inst_fifo_gen/gconvfifo.rf/grf.rf/gntv_or_sync_fifo.gl0.rd/rpntr/gc0.count_reg[1]/C
                         clock pessimism              0.254    -0.579    
    SLICE_X95Y5          FDCE (Remov_fdce_C_CLR)     -0.092    -0.671    i_axi_dwidth_converter_dm_slave/inst/gen_downsizer.gen_simple_downsizer.axi_downsizer_inst/USE_READ.read_addr_inst/cmd_queue/inst/fifo_gen_inst/inst_fifo_gen/gconvfifo.rf/grf.rf/gntv_or_sync_fifo.gl0.rd/rpntr/gc0.count_reg[1]
  -------------------------------------------------------------------
                         required time                          0.671    
                         arrival time                          -0.146    
  -------------------------------------------------------------------
                         slack                                  0.524    

Slack (MET) :             0.524ns  (arrival time - required time)
  Source:                 i_axi_dwidth_converter_dm_slave/inst/gen_downsizer.gen_simple_downsizer.axi_downsizer_inst/USE_READ.read_addr_inst/cmd_queue/inst/fifo_gen_inst/inst_fifo_gen/gconvfifo.rf/grf.rf/rstblk/ngwrdrst.grst.g7serrst.gnsckt_wrst.gcc_rst.sckt_wr_rst_cc_reg[1]/C
                            (rising edge-triggered cell FDRE clocked by clk_out1_xlnx_clk_gen  {rise@0.000ns fall@10.000ns period=20.000ns})
  Destination:            i_axi_dwidth_converter_dm_slave/inst/gen_downsizer.gen_simple_downsizer.axi_downsizer_inst/USE_READ.read_addr_inst/cmd_queue/inst/fifo_gen_inst/inst_fifo_gen/gconvfifo.rf/grf.rf/gntv_or_sync_fifo.gl0.rd/rpntr/gc0.count_reg[2]/CLR
                            (removal check against rising-edge clock clk_out1_xlnx_clk_gen  {rise@0.000ns fall@10.000ns period=20.000ns})
  Path Group:             **async_default**
  Path Type:              Removal (Min at Fast Process Corner)
  Requirement:            0.000ns  (clk_out1_xlnx_clk_gen rise@0.000ns - clk_out1_xlnx_clk_gen rise@0.000ns)
  Data Path Delay:        0.448ns  (logic 0.186ns (41.504%)  route 0.262ns (58.496%))
  Logic Levels:           1  (LUT3=1)
  Clock Path Skew:        0.016ns (DCD - SCD - CPR)
    Destination Clock Delay (DCD):    -0.832ns
    Source Clock Delay      (SCD):    -0.595ns
    Clock Pessimism Removal (CPR):    -0.254ns

    Location             Delay type                Incr(ns)  Path(ns)    Netlist Resource(s)
  -------------------------------------------------------------------    -------------------
                         (clock clk_out1_xlnx_clk_gen rise edge)
                                                      0.000     0.000 r  
    K17                                               0.000     0.000 r  clk_sys (IN)
                         net (fo=0)                   0.000     0.000    i_xlnx_clk_gen/inst/clk_in1
    K17                  IBUF (Prop_ibuf_I_O)         0.243     0.243 r  i_xlnx_clk_gen/inst/clkin1_ibufg/O
                         net (fo=1, routed)           0.440     0.683    i_xlnx_clk_gen/inst/clk_in1_xlnx_clk_gen
    MMCME2_ADV_X1Y2      MMCME2_ADV (Prop_mmcme2_adv_CLKIN1_CLKOUT0)
                                                     -2.613    -1.930 r  i_xlnx_clk_gen/inst/mmcm_adv_inst/CLKOUT0
                         net (fo=1, routed)           0.696    -1.233    i_xlnx_clk_gen/inst/clk_out1_xlnx_clk_gen
    BUFGCTRL_X0Y16       BUFG (Prop_bufg_I_O)         0.026    -1.207 r  i_xlnx_clk_gen/inst/clkout1_buf/O
                         net (fo=16470, routed)       0.613    -0.595    i_axi_dwidth_converter_dm_slave/inst/gen_downsizer.gen_simple_downsizer.axi_downsizer_inst/USE_READ.read_addr_inst/cmd_queue/inst/fifo_gen_inst/inst_fifo_gen/gconvfifo.rf/grf.rf/rstblk/clk
    SLICE_X95Y3          FDRE                                         r  i_axi_dwidth_converter_dm_slave/inst/gen_downsizer.gen_simple_downsizer.axi_downsizer_inst/USE_READ.read_addr_inst/cmd_queue/inst/fifo_gen_inst/inst_fifo_gen/gconvfifo.rf/grf.rf/rstblk/ngwrdrst.grst.g7serrst.gnsckt_wrst.gcc_rst.sckt_wr_rst_cc_reg[1]/C
  -------------------------------------------------------------------    -------------------
    SLICE_X95Y3          FDRE (Prop_fdre_C_Q)         0.141    -0.454 f  i_axi_dwidth_converter_dm_slave/inst/gen_downsizer.gen_simple_downsizer.axi_downsizer_inst/USE_READ.read_addr_inst/cmd_queue/inst/fifo_gen_inst/inst_fifo_gen/gconvfifo.rf/grf.rf/rstblk/ngwrdrst.grst.g7serrst.gnsckt_wrst.gcc_rst.sckt_wr_rst_cc_reg[1]/Q
                         net (fo=2, routed)           0.114    -0.339    i_axi_dwidth_converter_dm_slave/inst/gen_downsizer.gen_simple_downsizer.axi_downsizer_inst/USE_READ.read_addr_inst/cmd_queue/inst/fifo_gen_inst/inst_fifo_gen/gconvfifo.rf/grf.rf/rstblk/ngwrdrst.grst.g7serrst.gnsckt_wrst.gcc_rst.sckt_wr_rst_cc[1]
    SLICE_X95Y4          LUT3 (Prop_lut3_I0_O)        0.045    -0.294 f  i_axi_dwidth_converter_dm_slave/inst/gen_downsizer.gen_simple_downsizer.axi_downsizer_inst/USE_READ.read_addr_inst/cmd_queue/inst/fifo_gen_inst/inst_fifo_gen/gconvfifo.rf/grf.rf/rstblk/gpregsm1.curr_fwft_state[1]_i_2/O
                         net (fo=32, routed)          0.148    -0.146    i_axi_dwidth_converter_dm_slave/inst/gen_downsizer.gen_simple_downsizer.axi_downsizer_inst/USE_READ.read_addr_inst/cmd_queue/inst/fifo_gen_inst/inst_fifo_gen/gconvfifo.rf/grf.rf/gntv_or_sync_fifo.gl0.rd/rpntr/gc0.count_d1_reg[4]_1
    SLICE_X95Y5          FDCE                                         f  i_axi_dwidth_converter_dm_slave/inst/gen_downsizer.gen_simple_downsizer.axi_downsizer_inst/USE_READ.read_addr_inst/cmd_queue/inst/fifo_gen_inst/inst_fifo_gen/gconvfifo.rf/grf.rf/gntv_or_sync_fifo.gl0.rd/rpntr/gc0.count_reg[2]/CLR
  -------------------------------------------------------------------    -------------------

                         (clock clk_out1_xlnx_clk_gen rise edge)
                                                      0.000     0.000 r  
    K17                                               0.000     0.000 r  clk_sys (IN)
                         net (fo=0)                   0.000     0.000    i_xlnx_clk_gen/inst/clk_in1
    K17                  IBUF (Prop_ibuf_I_O)         0.431     0.431 r  i_xlnx_clk_gen/inst/clkin1_ibufg/O
                         net (fo=1, routed)           0.480     0.911    i_xlnx_clk_gen/inst/clk_in1_xlnx_clk_gen
    MMCME2_ADV_X1Y2      MMCME2_ADV (Prop_mmcme2_adv_CLKIN1_CLKOUT0)
                                                     -3.407    -2.496 r  i_xlnx_clk_gen/inst/mmcm_adv_inst/CLKOUT0
                         net (fo=1, routed)           0.752    -1.744    i_xlnx_clk_gen/inst/clk_out1_xlnx_clk_gen
    BUFGCTRL_X0Y16       BUFG (Prop_bufg_I_O)         0.029    -1.715 r  i_xlnx_clk_gen/inst/clkout1_buf/O
                         net (fo=16470, routed)       0.883    -0.832    i_axi_dwidth_converter_dm_slave/inst/gen_downsizer.gen_simple_downsizer.axi_downsizer_inst/USE_READ.read_addr_inst/cmd_queue/inst/fifo_gen_inst/inst_fifo_gen/gconvfifo.rf/grf.rf/gntv_or_sync_fifo.gl0.rd/rpntr/clk
    SLICE_X95Y5          FDCE                                         r  i_axi_dwidth_converter_dm_slave/inst/gen_downsizer.gen_simple_downsizer.axi_downsizer_inst/USE_READ.read_addr_inst/cmd_queue/inst/fifo_gen_inst/inst_fifo_gen/gconvfifo.rf/grf.rf/gntv_or_sync_fifo.gl0.rd/rpntr/gc0.count_reg[2]/C
                         clock pessimism              0.254    -0.579    
    SLICE_X95Y5          FDCE (Remov_fdce_C_CLR)     -0.092    -0.671    i_axi_dwidth_converter_dm_slave/inst/gen_downsizer.gen_simple_downsizer.axi_downsizer_inst/USE_READ.read_addr_inst/cmd_queue/inst/fifo_gen_inst/inst_fifo_gen/gconvfifo.rf/grf.rf/gntv_or_sync_fifo.gl0.rd/rpntr/gc0.count_reg[2]
  -------------------------------------------------------------------
                         required time                          0.671    
                         arrival time                          -0.146    
  -------------------------------------------------------------------
                         slack                                  0.524    

Slack (MET) :             0.524ns  (arrival time - required time)
  Source:                 i_axi_dwidth_converter_dm_slave/inst/gen_downsizer.gen_simple_downsizer.axi_downsizer_inst/USE_READ.read_addr_inst/cmd_queue/inst/fifo_gen_inst/inst_fifo_gen/gconvfifo.rf/grf.rf/rstblk/ngwrdrst.grst.g7serrst.gnsckt_wrst.gcc_rst.sckt_wr_rst_cc_reg[1]/C
                            (rising edge-triggered cell FDRE clocked by clk_out1_xlnx_clk_gen  {rise@0.000ns fall@10.000ns period=20.000ns})
  Destination:            i_axi_dwidth_converter_dm_slave/inst/gen_downsizer.gen_simple_downsizer.axi_downsizer_inst/USE_READ.read_addr_inst/cmd_queue/inst/fifo_gen_inst/inst_fifo_gen/gconvfifo.rf/grf.rf/gntv_or_sync_fifo.gl0.rd/rpntr/gc0.count_reg[3]/CLR
                            (removal check against rising-edge clock clk_out1_xlnx_clk_gen  {rise@0.000ns fall@10.000ns period=20.000ns})
  Path Group:             **async_default**
  Path Type:              Removal (Min at Fast Process Corner)
  Requirement:            0.000ns  (clk_out1_xlnx_clk_gen rise@0.000ns - clk_out1_xlnx_clk_gen rise@0.000ns)
  Data Path Delay:        0.448ns  (logic 0.186ns (41.504%)  route 0.262ns (58.496%))
  Logic Levels:           1  (LUT3=1)
  Clock Path Skew:        0.016ns (DCD - SCD - CPR)
    Destination Clock Delay (DCD):    -0.832ns
    Source Clock Delay      (SCD):    -0.595ns
    Clock Pessimism Removal (CPR):    -0.254ns

    Location             Delay type                Incr(ns)  Path(ns)    Netlist Resource(s)
  -------------------------------------------------------------------    -------------------
                         (clock clk_out1_xlnx_clk_gen rise edge)
                                                      0.000     0.000 r  
    K17                                               0.000     0.000 r  clk_sys (IN)
                         net (fo=0)                   0.000     0.000    i_xlnx_clk_gen/inst/clk_in1
    K17                  IBUF (Prop_ibuf_I_O)         0.243     0.243 r  i_xlnx_clk_gen/inst/clkin1_ibufg/O
                         net (fo=1, routed)           0.440     0.683    i_xlnx_clk_gen/inst/clk_in1_xlnx_clk_gen
    MMCME2_ADV_X1Y2      MMCME2_ADV (Prop_mmcme2_adv_CLKIN1_CLKOUT0)
                                                     -2.613    -1.930 r  i_xlnx_clk_gen/inst/mmcm_adv_inst/CLKOUT0
                         net (fo=1, routed)           0.696    -1.233    i_xlnx_clk_gen/inst/clk_out1_xlnx_clk_gen
    BUFGCTRL_X0Y16       BUFG (Prop_bufg_I_O)         0.026    -1.207 r  i_xlnx_clk_gen/inst/clkout1_buf/O
                         net (fo=16470, routed)       0.613    -0.595    i_axi_dwidth_converter_dm_slave/inst/gen_downsizer.gen_simple_downsizer.axi_downsizer_inst/USE_READ.read_addr_inst/cmd_queue/inst/fifo_gen_inst/inst_fifo_gen/gconvfifo.rf/grf.rf/rstblk/clk
    SLICE_X95Y3          FDRE                                         r  i_axi_dwidth_converter_dm_slave/inst/gen_downsizer.gen_simple_downsizer.axi_downsizer_inst/USE_READ.read_addr_inst/cmd_queue/inst/fifo_gen_inst/inst_fifo_gen/gconvfifo.rf/grf.rf/rstblk/ngwrdrst.grst.g7serrst.gnsckt_wrst.gcc_rst.sckt_wr_rst_cc_reg[1]/C
  -------------------------------------------------------------------    -------------------
    SLICE_X95Y3          FDRE (Prop_fdre_C_Q)         0.141    -0.454 f  i_axi_dwidth_converter_dm_slave/inst/gen_downsizer.gen_simple_downsizer.axi_downsizer_inst/USE_READ.read_addr_inst/cmd_queue/inst/fifo_gen_inst/inst_fifo_gen/gconvfifo.rf/grf.rf/rstblk/ngwrdrst.grst.g7serrst.gnsckt_wrst.gcc_rst.sckt_wr_rst_cc_reg[1]/Q
                         net (fo=2, routed)           0.114    -0.339    i_axi_dwidth_converter_dm_slave/inst/gen_downsizer.gen_simple_downsizer.axi_downsizer_inst/USE_READ.read_addr_inst/cmd_queue/inst/fifo_gen_inst/inst_fifo_gen/gconvfifo.rf/grf.rf/rstblk/ngwrdrst.grst.g7serrst.gnsckt_wrst.gcc_rst.sckt_wr_rst_cc[1]
    SLICE_X95Y4          LUT3 (Prop_lut3_I0_O)        0.045    -0.294 f  i_axi_dwidth_converter_dm_slave/inst/gen_downsizer.gen_simple_downsizer.axi_downsizer_inst/USE_READ.read_addr_inst/cmd_queue/inst/fifo_gen_inst/inst_fifo_gen/gconvfifo.rf/grf.rf/rstblk/gpregsm1.curr_fwft_state[1]_i_2/O
                         net (fo=32, routed)          0.148    -0.146    i_axi_dwidth_converter_dm_slave/inst/gen_downsizer.gen_simple_downsizer.axi_downsizer_inst/USE_READ.read_addr_inst/cmd_queue/inst/fifo_gen_inst/inst_fifo_gen/gconvfifo.rf/grf.rf/gntv_or_sync_fifo.gl0.rd/rpntr/gc0.count_d1_reg[4]_1
    SLICE_X95Y5          FDCE                                         f  i_axi_dwidth_converter_dm_slave/inst/gen_downsizer.gen_simple_downsizer.axi_downsizer_inst/USE_READ.read_addr_inst/cmd_queue/inst/fifo_gen_inst/inst_fifo_gen/gconvfifo.rf/grf.rf/gntv_or_sync_fifo.gl0.rd/rpntr/gc0.count_reg[3]/CLR
  -------------------------------------------------------------------    -------------------

                         (clock clk_out1_xlnx_clk_gen rise edge)
                                                      0.000     0.000 r  
    K17                                               0.000     0.000 r  clk_sys (IN)
                         net (fo=0)                   0.000     0.000    i_xlnx_clk_gen/inst/clk_in1
    K17                  IBUF (Prop_ibuf_I_O)         0.431     0.431 r  i_xlnx_clk_gen/inst/clkin1_ibufg/O
                         net (fo=1, routed)           0.480     0.911    i_xlnx_clk_gen/inst/clk_in1_xlnx_clk_gen
    MMCME2_ADV_X1Y2      MMCME2_ADV (Prop_mmcme2_adv_CLKIN1_CLKOUT0)
                                                     -3.407    -2.496 r  i_xlnx_clk_gen/inst/mmcm_adv_inst/CLKOUT0
                         net (fo=1, routed)           0.752    -1.744    i_xlnx_clk_gen/inst/clk_out1_xlnx_clk_gen
    BUFGCTRL_X0Y16       BUFG (Prop_bufg_I_O)         0.029    -1.715 r  i_xlnx_clk_gen/inst/clkout1_buf/O
                         net (fo=16470, routed)       0.883    -0.832    i_axi_dwidth_converter_dm_slave/inst/gen_downsizer.gen_simple_downsizer.axi_downsizer_inst/USE_READ.read_addr_inst/cmd_queue/inst/fifo_gen_inst/inst_fifo_gen/gconvfifo.rf/grf.rf/gntv_or_sync_fifo.gl0.rd/rpntr/clk
    SLICE_X95Y5          FDCE                                         r  i_axi_dwidth_converter_dm_slave/inst/gen_downsizer.gen_simple_downsizer.axi_downsizer_inst/USE_READ.read_addr_inst/cmd_queue/inst/fifo_gen_inst/inst_fifo_gen/gconvfifo.rf/grf.rf/gntv_or_sync_fifo.gl0.rd/rpntr/gc0.count_reg[3]/C
                         clock pessimism              0.254    -0.579    
    SLICE_X95Y5          FDCE (Remov_fdce_C_CLR)     -0.092    -0.671    i_axi_dwidth_converter_dm_slave/inst/gen_downsizer.gen_simple_downsizer.axi_downsizer_inst/USE_READ.read_addr_inst/cmd_queue/inst/fifo_gen_inst/inst_fifo_gen/gconvfifo.rf/grf.rf/gntv_or_sync_fifo.gl0.rd/rpntr/gc0.count_reg[3]
  -------------------------------------------------------------------
                         required time                          0.671    
                         arrival time                          -0.146    
  -------------------------------------------------------------------
                         slack                                  0.524    

Slack (MET) :             0.524ns  (arrival time - required time)
  Source:                 i_axi_dwidth_converter_dm_slave/inst/gen_downsizer.gen_simple_downsizer.axi_downsizer_inst/USE_READ.read_addr_inst/cmd_queue/inst/fifo_gen_inst/inst_fifo_gen/gconvfifo.rf/grf.rf/rstblk/ngwrdrst.grst.g7serrst.gnsckt_wrst.gcc_rst.sckt_wr_rst_cc_reg[1]/C
                            (rising edge-triggered cell FDRE clocked by clk_out1_xlnx_clk_gen  {rise@0.000ns fall@10.000ns period=20.000ns})
  Destination:            i_axi_dwidth_converter_dm_slave/inst/gen_downsizer.gen_simple_downsizer.axi_downsizer_inst/USE_READ.read_addr_inst/cmd_queue/inst/fifo_gen_inst/inst_fifo_gen/gconvfifo.rf/grf.rf/gntv_or_sync_fifo.gl0.rd/rpntr/gc0.count_reg[4]/CLR
                            (removal check against rising-edge clock clk_out1_xlnx_clk_gen  {rise@0.000ns fall@10.000ns period=20.000ns})
  Path Group:             **async_default**
  Path Type:              Removal (Min at Fast Process Corner)
  Requirement:            0.000ns  (clk_out1_xlnx_clk_gen rise@0.000ns - clk_out1_xlnx_clk_gen rise@0.000ns)
  Data Path Delay:        0.448ns  (logic 0.186ns (41.504%)  route 0.262ns (58.496%))
  Logic Levels:           1  (LUT3=1)
  Clock Path Skew:        0.016ns (DCD - SCD - CPR)
    Destination Clock Delay (DCD):    -0.832ns
    Source Clock Delay      (SCD):    -0.595ns
    Clock Pessimism Removal (CPR):    -0.254ns

    Location             Delay type                Incr(ns)  Path(ns)    Netlist Resource(s)
  -------------------------------------------------------------------    -------------------
                         (clock clk_out1_xlnx_clk_gen rise edge)
                                                      0.000     0.000 r  
    K17                                               0.000     0.000 r  clk_sys (IN)
                         net (fo=0)                   0.000     0.000    i_xlnx_clk_gen/inst/clk_in1
    K17                  IBUF (Prop_ibuf_I_O)         0.243     0.243 r  i_xlnx_clk_gen/inst/clkin1_ibufg/O
                         net (fo=1, routed)           0.440     0.683    i_xlnx_clk_gen/inst/clk_in1_xlnx_clk_gen
    MMCME2_ADV_X1Y2      MMCME2_ADV (Prop_mmcme2_adv_CLKIN1_CLKOUT0)
                                                     -2.613    -1.930 r  i_xlnx_clk_gen/inst/mmcm_adv_inst/CLKOUT0
                         net (fo=1, routed)           0.696    -1.233    i_xlnx_clk_gen/inst/clk_out1_xlnx_clk_gen
    BUFGCTRL_X0Y16       BUFG (Prop_bufg_I_O)         0.026    -1.207 r  i_xlnx_clk_gen/inst/clkout1_buf/O
                         net (fo=16470, routed)       0.613    -0.595    i_axi_dwidth_converter_dm_slave/inst/gen_downsizer.gen_simple_downsizer.axi_downsizer_inst/USE_READ.read_addr_inst/cmd_queue/inst/fifo_gen_inst/inst_fifo_gen/gconvfifo.rf/grf.rf/rstblk/clk
    SLICE_X95Y3          FDRE                                         r  i_axi_dwidth_converter_dm_slave/inst/gen_downsizer.gen_simple_downsizer.axi_downsizer_inst/USE_READ.read_addr_inst/cmd_queue/inst/fifo_gen_inst/inst_fifo_gen/gconvfifo.rf/grf.rf/rstblk/ngwrdrst.grst.g7serrst.gnsckt_wrst.gcc_rst.sckt_wr_rst_cc_reg[1]/C
  -------------------------------------------------------------------    -------------------
    SLICE_X95Y3          FDRE (Prop_fdre_C_Q)         0.141    -0.454 f  i_axi_dwidth_converter_dm_slave/inst/gen_downsizer.gen_simple_downsizer.axi_downsizer_inst/USE_READ.read_addr_inst/cmd_queue/inst/fifo_gen_inst/inst_fifo_gen/gconvfifo.rf/grf.rf/rstblk/ngwrdrst.grst.g7serrst.gnsckt_wrst.gcc_rst.sckt_wr_rst_cc_reg[1]/Q
                         net (fo=2, routed)           0.114    -0.339    i_axi_dwidth_converter_dm_slave/inst/gen_downsizer.gen_simple_downsizer.axi_downsizer_inst/USE_READ.read_addr_inst/cmd_queue/inst/fifo_gen_inst/inst_fifo_gen/gconvfifo.rf/grf.rf/rstblk/ngwrdrst.grst.g7serrst.gnsckt_wrst.gcc_rst.sckt_wr_rst_cc[1]
    SLICE_X95Y4          LUT3 (Prop_lut3_I0_O)        0.045    -0.294 f  i_axi_dwidth_converter_dm_slave/inst/gen_downsizer.gen_simple_downsizer.axi_downsizer_inst/USE_READ.read_addr_inst/cmd_queue/inst/fifo_gen_inst/inst_fifo_gen/gconvfifo.rf/grf.rf/rstblk/gpregsm1.curr_fwft_state[1]_i_2/O
                         net (fo=32, routed)          0.148    -0.146    i_axi_dwidth_converter_dm_slave/inst/gen_downsizer.gen_simple_downsizer.axi_downsizer_inst/USE_READ.read_addr_inst/cmd_queue/inst/fifo_gen_inst/inst_fifo_gen/gconvfifo.rf/grf.rf/gntv_or_sync_fifo.gl0.rd/rpntr/gc0.count_d1_reg[4]_1
    SLICE_X95Y5          FDCE                                         f  i_axi_dwidth_converter_dm_slave/inst/gen_downsizer.gen_simple_downsizer.axi_downsizer_inst/USE_READ.read_addr_inst/cmd_queue/inst/fifo_gen_inst/inst_fifo_gen/gconvfifo.rf/grf.rf/gntv_or_sync_fifo.gl0.rd/rpntr/gc0.count_reg[4]/CLR
  -------------------------------------------------------------------    -------------------

                         (clock clk_out1_xlnx_clk_gen rise edge)
                                                      0.000     0.000 r  
    K17                                               0.000     0.000 r  clk_sys (IN)
                         net (fo=0)                   0.000     0.000    i_xlnx_clk_gen/inst/clk_in1
    K17                  IBUF (Prop_ibuf_I_O)         0.431     0.431 r  i_xlnx_clk_gen/inst/clkin1_ibufg/O
                         net (fo=1, routed)           0.480     0.911    i_xlnx_clk_gen/inst/clk_in1_xlnx_clk_gen
    MMCME2_ADV_X1Y2      MMCME2_ADV (Prop_mmcme2_adv_CLKIN1_CLKOUT0)
                                                     -3.407    -2.496 r  i_xlnx_clk_gen/inst/mmcm_adv_inst/CLKOUT0
                         net (fo=1, routed)           0.752    -1.744    i_xlnx_clk_gen/inst/clk_out1_xlnx_clk_gen
    BUFGCTRL_X0Y16       BUFG (Prop_bufg_I_O)         0.029    -1.715 r  i_xlnx_clk_gen/inst/clkout1_buf/O
                         net (fo=16470, routed)       0.883    -0.832    i_axi_dwidth_converter_dm_slave/inst/gen_downsizer.gen_simple_downsizer.axi_downsizer_inst/USE_READ.read_addr_inst/cmd_queue/inst/fifo_gen_inst/inst_fifo_gen/gconvfifo.rf/grf.rf/gntv_or_sync_fifo.gl0.rd/rpntr/clk
    SLICE_X95Y5          FDCE                                         r  i_axi_dwidth_converter_dm_slave/inst/gen_downsizer.gen_simple_downsizer.axi_downsizer_inst/USE_READ.read_addr_inst/cmd_queue/inst/fifo_gen_inst/inst_fifo_gen/gconvfifo.rf/grf.rf/gntv_or_sync_fifo.gl0.rd/rpntr/gc0.count_reg[4]/C
                         clock pessimism              0.254    -0.579    
    SLICE_X95Y5          FDCE (Remov_fdce_C_CLR)     -0.092    -0.671    i_axi_dwidth_converter_dm_slave/inst/gen_downsizer.gen_simple_downsizer.axi_downsizer_inst/USE_READ.read_addr_inst/cmd_queue/inst/fifo_gen_inst/inst_fifo_gen/gconvfifo.rf/grf.rf/gntv_or_sync_fifo.gl0.rd/rpntr/gc0.count_reg[4]
  -------------------------------------------------------------------
                         required time                          0.671    
                         arrival time                          -0.146    
  -------------------------------------------------------------------
                         slack                                  0.524    





--------------------------------------------------------------------------------------
Path Group:  (none)
From Clock:  clk_out1_xlnx_clk_gen
  To Clock:  clk_out1_xlnx_clk_gen

Max Delay             6 Endpoints
Min Delay             6 Endpoints
--------------------------------------------------------------------------------------


Max Delay Paths
--------------------------------------------------------------------------------------
Slack:                    inf
  Source:                 i_rstgen_main/i_rstgen_bypass/synch_regs_q_reg[3]/C
                            (rising edge-triggered cell FDCE clocked by clk_out1_xlnx_clk_gen  {rise@0.000ns fall@10.000ns period=20.000ns})
  Destination:            i_axi_dwidth_converter_dm_slave/inst/gen_downsizer.gen_simple_downsizer.axi_downsizer_inst/USE_WRITE.write_addr_inst/USE_B_CHANNEL.cmd_b_queue/inst/fifo_gen_inst/inst_fifo_gen/gconvfifo.rf/grf.rf/rstblk/ngwrdrst.grst.g7serrst.gnsckt_wrst.rst_wr_reg2_inst/arststages_ff_reg[0]/PRE
                            (recovery check against rising-edge clock clk_out1_xlnx_clk_gen  {rise@0.000ns fall@10.000ns period=20.000ns})
  Path Group:             (none)
  Path Type:              Recovery (Max at Slow Process Corner)
  Data Path Delay:        4.694ns  (logic 0.642ns (13.677%)  route 4.052ns (86.323%))
  Logic Levels:           1  (LUT1=1)
  Clock Path Skew:        -0.552ns (DCD - SCD + CPR)
    Destination Clock Delay (DCD):    -1.518ns
    Source Clock Delay      (SCD):    -0.965ns
    Clock Pessimism Removal (CPR):    0.000ns
  Clock Uncertainty:      0.079ns  ((TSJ^2 + DJ^2)^1/2) / 2 + PE
    Total System Jitter     (TSJ):    0.071ns
    Discrete Jitter          (DJ):    0.142ns
    Phase Error              (PE):    0.000ns
  Timing Exception:       False Path

    Location             Delay type                Incr(ns)  Path(ns)    Netlist Resource(s)
  -------------------------------------------------------------------    -------------------
                         (clock clk_out1_xlnx_clk_gen rise edge)
                                                      0.000     0.000 r  
    K17                                               0.000     0.000 r  clk_sys (IN)
                         net (fo=0)                   0.000     0.000    i_xlnx_clk_gen/inst/clk_in1
    K17                  IBUF (Prop_ibuf_I_O)         1.475     1.475 r  i_xlnx_clk_gen/inst/clkin1_ibufg/O
                         net (fo=1, routed)           1.285     2.760    i_xlnx_clk_gen/inst/clk_in1_xlnx_clk_gen
    MMCME2_ADV_X1Y2      MMCME2_ADV (Prop_mmcme2_adv_CLKIN1_CLKOUT0)
                                                     -7.759    -4.999 r  i_xlnx_clk_gen/inst/mmcm_adv_inst/CLKOUT0
                         net (fo=1, routed)           2.206    -2.793    i_xlnx_clk_gen/inst/clk_out1_xlnx_clk_gen
    BUFGCTRL_X0Y16       BUFG (Prop_bufg_I_O)         0.101    -2.692 r  i_xlnx_clk_gen/inst/clkout1_buf/O
                         net (fo=16470, routed)       1.727    -0.965    i_rstgen_main/i_rstgen_bypass/clk_out1
    SLICE_X62Y12         FDCE                                         r  i_rstgen_main/i_rstgen_bypass/synch_regs_q_reg[3]/C
  -------------------------------------------------------------------    -------------------
    SLICE_X62Y12         FDCE (Prop_fdce_C_Q)         0.518    -0.447 r  i_rstgen_main/i_rstgen_bypass/synch_regs_q_reg[3]/Q
                         net (fo=19, routed)          2.740     2.292    i_axi_dwidth_converter_dm_slave/inst/gen_downsizer.gen_simple_downsizer.axi_downsizer_inst/USE_WRITE.write_addr_inst/USE_B_CHANNEL.cmd_b_queue/inst/out
    SLICE_X102Y7         LUT1 (Prop_lut1_I0_O)        0.124     2.416 f  i_axi_dwidth_converter_dm_slave/inst/gen_downsizer.gen_simple_downsizer.axi_downsizer_inst/USE_WRITE.write_addr_inst/USE_B_CHANNEL.cmd_b_queue/inst/S_AXI_AREADY_I_i_1/O
                         net (fo=165, routed)         1.312     3.729    i_axi_dwidth_converter_dm_slave/inst/gen_downsizer.gen_simple_downsizer.axi_downsizer_inst/USE_WRITE.write_addr_inst/USE_B_CHANNEL.cmd_b_queue/inst/fifo_gen_inst/inst_fifo_gen/gconvfifo.rf/grf.rf/rstblk/ngwrdrst.grst.g7serrst.gnsckt_wrst.rst_wr_reg2_inst/src_arst
    SLICE_X104Y0         FDPE                                         f  i_axi_dwidth_converter_dm_slave/inst/gen_downsizer.gen_simple_downsizer.axi_downsizer_inst/USE_WRITE.write_addr_inst/USE_B_CHANNEL.cmd_b_queue/inst/fifo_gen_inst/inst_fifo_gen/gconvfifo.rf/grf.rf/rstblk/ngwrdrst.grst.g7serrst.gnsckt_wrst.rst_wr_reg2_inst/arststages_ff_reg[0]/PRE
  -------------------------------------------------------------------    -------------------

                         (clock clk_out1_xlnx_clk_gen rise edge)
                                                      0.000     0.000 r  
    K17                                               0.000     0.000 r  clk_sys (IN)
                         net (fo=0)                   0.000     0.000    i_xlnx_clk_gen/inst/clk_in1
    K17                  IBUF (Prop_ibuf_I_O)         1.404     1.404 r  i_xlnx_clk_gen/inst/clkin1_ibufg/O
                         net (fo=1, routed)           1.162     2.566    i_xlnx_clk_gen/inst/clk_in1_xlnx_clk_gen
    MMCME2_ADV_X1Y2      MMCME2_ADV (Prop_mmcme2_adv_CLKIN1_CLKOUT0)
                                                     -7.814    -5.248 r  i_xlnx_clk_gen/inst/mmcm_adv_inst/CLKOUT0
                         net (fo=1, routed)           2.012    -3.236    i_xlnx_clk_gen/inst/clk_out1_xlnx_clk_gen
    BUFGCTRL_X0Y16       BUFG (Prop_bufg_I_O)         0.091    -3.145 r  i_xlnx_clk_gen/inst/clkout1_buf/O
                         net (fo=16470, routed)       1.627    -1.518    i_axi_dwidth_converter_dm_slave/inst/gen_downsizer.gen_simple_downsizer.axi_downsizer_inst/USE_WRITE.write_addr_inst/USE_B_CHANNEL.cmd_b_queue/inst/fifo_gen_inst/inst_fifo_gen/gconvfifo.rf/grf.rf/rstblk/ngwrdrst.grst.g7serrst.gnsckt_wrst.rst_wr_reg2_inst/dest_clk
    SLICE_X104Y0         FDPE                                         r  i_axi_dwidth_converter_dm_slave/inst/gen_downsizer.gen_simple_downsizer.axi_downsizer_inst/USE_WRITE.write_addr_inst/USE_B_CHANNEL.cmd_b_queue/inst/fifo_gen_inst/inst_fifo_gen/gconvfifo.rf/grf.rf/rstblk/ngwrdrst.grst.g7serrst.gnsckt_wrst.rst_wr_reg2_inst/arststages_ff_reg[0]/C

Slack:                    inf
  Source:                 i_rstgen_main/i_rstgen_bypass/synch_regs_q_reg[3]/C
                            (rising edge-triggered cell FDCE clocked by clk_out1_xlnx_clk_gen  {rise@0.000ns fall@10.000ns period=20.000ns})
  Destination:            i_axi_dwidth_converter_dm_slave/inst/gen_downsizer.gen_simple_downsizer.axi_downsizer_inst/USE_WRITE.write_addr_inst/USE_B_CHANNEL.cmd_b_queue/inst/fifo_gen_inst/inst_fifo_gen/gconvfifo.rf/grf.rf/rstblk/ngwrdrst.grst.g7serrst.gnsckt_wrst.rst_wr_reg2_inst/arststages_ff_reg[1]/PRE
                            (recovery check against rising-edge clock clk_out1_xlnx_clk_gen  {rise@0.000ns fall@10.000ns period=20.000ns})
  Path Group:             (none)
  Path Type:              Recovery (Max at Slow Process Corner)
  Data Path Delay:        4.694ns  (logic 0.642ns (13.677%)  route 4.052ns (86.323%))
  Logic Levels:           1  (LUT1=1)
  Clock Path Skew:        -0.552ns (DCD - SCD + CPR)
    Destination Clock Delay (DCD):    -1.518ns
    Source Clock Delay      (SCD):    -0.965ns
    Clock Pessimism Removal (CPR):    0.000ns
  Clock Uncertainty:      0.079ns  ((TSJ^2 + DJ^2)^1/2) / 2 + PE
    Total System Jitter     (TSJ):    0.071ns
    Discrete Jitter          (DJ):    0.142ns
    Phase Error              (PE):    0.000ns
  Timing Exception:       False Path

    Location             Delay type                Incr(ns)  Path(ns)    Netlist Resource(s)
  -------------------------------------------------------------------    -------------------
                         (clock clk_out1_xlnx_clk_gen rise edge)
                                                      0.000     0.000 r  
    K17                                               0.000     0.000 r  clk_sys (IN)
                         net (fo=0)                   0.000     0.000    i_xlnx_clk_gen/inst/clk_in1
    K17                  IBUF (Prop_ibuf_I_O)         1.475     1.475 r  i_xlnx_clk_gen/inst/clkin1_ibufg/O
                         net (fo=1, routed)           1.285     2.760    i_xlnx_clk_gen/inst/clk_in1_xlnx_clk_gen
    MMCME2_ADV_X1Y2      MMCME2_ADV (Prop_mmcme2_adv_CLKIN1_CLKOUT0)
                                                     -7.759    -4.999 r  i_xlnx_clk_gen/inst/mmcm_adv_inst/CLKOUT0
                         net (fo=1, routed)           2.206    -2.793    i_xlnx_clk_gen/inst/clk_out1_xlnx_clk_gen
    BUFGCTRL_X0Y16       BUFG (Prop_bufg_I_O)         0.101    -2.692 r  i_xlnx_clk_gen/inst/clkout1_buf/O
                         net (fo=16470, routed)       1.727    -0.965    i_rstgen_main/i_rstgen_bypass/clk_out1
    SLICE_X62Y12         FDCE                                         r  i_rstgen_main/i_rstgen_bypass/synch_regs_q_reg[3]/C
  -------------------------------------------------------------------    -------------------
    SLICE_X62Y12         FDCE (Prop_fdce_C_Q)         0.518    -0.447 r  i_rstgen_main/i_rstgen_bypass/synch_regs_q_reg[3]/Q
                         net (fo=19, routed)          2.740     2.292    i_axi_dwidth_converter_dm_slave/inst/gen_downsizer.gen_simple_downsizer.axi_downsizer_inst/USE_WRITE.write_addr_inst/USE_B_CHANNEL.cmd_b_queue/inst/out
    SLICE_X102Y7         LUT1 (Prop_lut1_I0_O)        0.124     2.416 f  i_axi_dwidth_converter_dm_slave/inst/gen_downsizer.gen_simple_downsizer.axi_downsizer_inst/USE_WRITE.write_addr_inst/USE_B_CHANNEL.cmd_b_queue/inst/S_AXI_AREADY_I_i_1/O
                         net (fo=165, routed)         1.312     3.729    i_axi_dwidth_converter_dm_slave/inst/gen_downsizer.gen_simple_downsizer.axi_downsizer_inst/USE_WRITE.write_addr_inst/USE_B_CHANNEL.cmd_b_queue/inst/fifo_gen_inst/inst_fifo_gen/gconvfifo.rf/grf.rf/rstblk/ngwrdrst.grst.g7serrst.gnsckt_wrst.rst_wr_reg2_inst/src_arst
    SLICE_X104Y0         FDPE                                         f  i_axi_dwidth_converter_dm_slave/inst/gen_downsizer.gen_simple_downsizer.axi_downsizer_inst/USE_WRITE.write_addr_inst/USE_B_CHANNEL.cmd_b_queue/inst/fifo_gen_inst/inst_fifo_gen/gconvfifo.rf/grf.rf/rstblk/ngwrdrst.grst.g7serrst.gnsckt_wrst.rst_wr_reg2_inst/arststages_ff_reg[1]/PRE
  -------------------------------------------------------------------    -------------------

                         (clock clk_out1_xlnx_clk_gen rise edge)
                                                      0.000     0.000 r  
    K17                                               0.000     0.000 r  clk_sys (IN)
                         net (fo=0)                   0.000     0.000    i_xlnx_clk_gen/inst/clk_in1
    K17                  IBUF (Prop_ibuf_I_O)         1.404     1.404 r  i_xlnx_clk_gen/inst/clkin1_ibufg/O
                         net (fo=1, routed)           1.162     2.566    i_xlnx_clk_gen/inst/clk_in1_xlnx_clk_gen
    MMCME2_ADV_X1Y2      MMCME2_ADV (Prop_mmcme2_adv_CLKIN1_CLKOUT0)
                                                     -7.814    -5.248 r  i_xlnx_clk_gen/inst/mmcm_adv_inst/CLKOUT0
                         net (fo=1, routed)           2.012    -3.236    i_xlnx_clk_gen/inst/clk_out1_xlnx_clk_gen
    BUFGCTRL_X0Y16       BUFG (Prop_bufg_I_O)         0.091    -3.145 r  i_xlnx_clk_gen/inst/clkout1_buf/O
                         net (fo=16470, routed)       1.627    -1.518    i_axi_dwidth_converter_dm_slave/inst/gen_downsizer.gen_simple_downsizer.axi_downsizer_inst/USE_WRITE.write_addr_inst/USE_B_CHANNEL.cmd_b_queue/inst/fifo_gen_inst/inst_fifo_gen/gconvfifo.rf/grf.rf/rstblk/ngwrdrst.grst.g7serrst.gnsckt_wrst.rst_wr_reg2_inst/dest_clk
    SLICE_X104Y0         FDPE                                         r  i_axi_dwidth_converter_dm_slave/inst/gen_downsizer.gen_simple_downsizer.axi_downsizer_inst/USE_WRITE.write_addr_inst/USE_B_CHANNEL.cmd_b_queue/inst/fifo_gen_inst/inst_fifo_gen/gconvfifo.rf/grf.rf/rstblk/ngwrdrst.grst.g7serrst.gnsckt_wrst.rst_wr_reg2_inst/arststages_ff_reg[1]/C

Slack:                    inf
  Source:                 i_rstgen_main/i_rstgen_bypass/synch_regs_q_reg[3]/C
                            (rising edge-triggered cell FDCE clocked by clk_out1_xlnx_clk_gen  {rise@0.000ns fall@10.000ns period=20.000ns})
  Destination:            i_axi_dwidth_converter_dm_slave/inst/gen_downsizer.gen_simple_downsizer.axi_downsizer_inst/USE_READ.read_addr_inst/cmd_queue/inst/fifo_gen_inst/inst_fifo_gen/gconvfifo.rf/grf.rf/rstblk/ngwrdrst.grst.g7serrst.gnsckt_wrst.rst_wr_reg2_inst/arststages_ff_reg[0]/PRE
                            (recovery check against rising-edge clock clk_out1_xlnx_clk_gen  {rise@0.000ns fall@10.000ns period=20.000ns})
  Path Group:             (none)
  Path Type:              Recovery (Max at Slow Process Corner)
  Data Path Delay:        4.348ns  (logic 0.642ns (14.765%)  route 3.706ns (85.235%))
  Logic Levels:           1  (LUT1=1)
  Clock Path Skew:        -0.555ns (DCD - SCD + CPR)
    Destination Clock Delay (DCD):    -1.521ns
    Source Clock Delay      (SCD):    -0.965ns
    Clock Pessimism Removal (CPR):    0.000ns
  Clock Uncertainty:      0.079ns  ((TSJ^2 + DJ^2)^1/2) / 2 + PE
    Total System Jitter     (TSJ):    0.071ns
    Discrete Jitter          (DJ):    0.142ns
    Phase Error              (PE):    0.000ns
  Timing Exception:       False Path

    Location             Delay type                Incr(ns)  Path(ns)    Netlist Resource(s)
  -------------------------------------------------------------------    -------------------
                         (clock clk_out1_xlnx_clk_gen rise edge)
                                                      0.000     0.000 r  
    K17                                               0.000     0.000 r  clk_sys (IN)
                         net (fo=0)                   0.000     0.000    i_xlnx_clk_gen/inst/clk_in1
    K17                  IBUF (Prop_ibuf_I_O)         1.475     1.475 r  i_xlnx_clk_gen/inst/clkin1_ibufg/O
                         net (fo=1, routed)           1.285     2.760    i_xlnx_clk_gen/inst/clk_in1_xlnx_clk_gen
    MMCME2_ADV_X1Y2      MMCME2_ADV (Prop_mmcme2_adv_CLKIN1_CLKOUT0)
                                                     -7.759    -4.999 r  i_xlnx_clk_gen/inst/mmcm_adv_inst/CLKOUT0
                         net (fo=1, routed)           2.206    -2.793    i_xlnx_clk_gen/inst/clk_out1_xlnx_clk_gen
    BUFGCTRL_X0Y16       BUFG (Prop_bufg_I_O)         0.101    -2.692 r  i_xlnx_clk_gen/inst/clkout1_buf/O
                         net (fo=16470, routed)       1.727    -0.965    i_rstgen_main/i_rstgen_bypass/clk_out1
    SLICE_X62Y12         FDCE                                         r  i_rstgen_main/i_rstgen_bypass/synch_regs_q_reg[3]/C
  -------------------------------------------------------------------    -------------------
    SLICE_X62Y12         FDCE (Prop_fdce_C_Q)         0.518    -0.447 r  i_rstgen_main/i_rstgen_bypass/synch_regs_q_reg[3]/Q
                         net (fo=19, routed)          2.740     2.292    i_axi_dwidth_converter_dm_slave/inst/gen_downsizer.gen_simple_downsizer.axi_downsizer_inst/USE_WRITE.write_addr_inst/USE_B_CHANNEL.cmd_b_queue/inst/out
    SLICE_X102Y7         LUT1 (Prop_lut1_I0_O)        0.124     2.416 f  i_axi_dwidth_converter_dm_slave/inst/gen_downsizer.gen_simple_downsizer.axi_downsizer_inst/USE_WRITE.write_addr_inst/USE_B_CHANNEL.cmd_b_queue/inst/S_AXI_AREADY_I_i_1/O
                         net (fo=165, routed)         0.966     3.383    i_axi_dwidth_converter_dm_slave/inst/gen_downsizer.gen_simple_downsizer.axi_downsizer_inst/USE_READ.read_addr_inst/cmd_queue/inst/fifo_gen_inst/inst_fifo_gen/gconvfifo.rf/grf.rf/rstblk/ngwrdrst.grst.g7serrst.gnsckt_wrst.rst_wr_reg2_inst/src_arst
    SLICE_X95Y4          FDPE                                         f  i_axi_dwidth_converter_dm_slave/inst/gen_downsizer.gen_simple_downsizer.axi_downsizer_inst/USE_READ.read_addr_inst/cmd_queue/inst/fifo_gen_inst/inst_fifo_gen/gconvfifo.rf/grf.rf/rstblk/ngwrdrst.grst.g7serrst.gnsckt_wrst.rst_wr_reg2_inst/arststages_ff_reg[0]/PRE
  -------------------------------------------------------------------    -------------------

                         (clock clk_out1_xlnx_clk_gen rise edge)
                                                      0.000     0.000 r  
    K17                                               0.000     0.000 r  clk_sys (IN)
                         net (fo=0)                   0.000     0.000    i_xlnx_clk_gen/inst/clk_in1
    K17                  IBUF (Prop_ibuf_I_O)         1.404     1.404 r  i_xlnx_clk_gen/inst/clkin1_ibufg/O
                         net (fo=1, routed)           1.162     2.566    i_xlnx_clk_gen/inst/clk_in1_xlnx_clk_gen
    MMCME2_ADV_X1Y2      MMCME2_ADV (Prop_mmcme2_adv_CLKIN1_CLKOUT0)
                                                     -7.814    -5.248 r  i_xlnx_clk_gen/inst/mmcm_adv_inst/CLKOUT0
                         net (fo=1, routed)           2.012    -3.236    i_xlnx_clk_gen/inst/clk_out1_xlnx_clk_gen
    BUFGCTRL_X0Y16       BUFG (Prop_bufg_I_O)         0.091    -3.145 r  i_xlnx_clk_gen/inst/clkout1_buf/O
                         net (fo=16470, routed)       1.624    -1.521    i_axi_dwidth_converter_dm_slave/inst/gen_downsizer.gen_simple_downsizer.axi_downsizer_inst/USE_READ.read_addr_inst/cmd_queue/inst/fifo_gen_inst/inst_fifo_gen/gconvfifo.rf/grf.rf/rstblk/ngwrdrst.grst.g7serrst.gnsckt_wrst.rst_wr_reg2_inst/dest_clk
    SLICE_X95Y4          FDPE                                         r  i_axi_dwidth_converter_dm_slave/inst/gen_downsizer.gen_simple_downsizer.axi_downsizer_inst/USE_READ.read_addr_inst/cmd_queue/inst/fifo_gen_inst/inst_fifo_gen/gconvfifo.rf/grf.rf/rstblk/ngwrdrst.grst.g7serrst.gnsckt_wrst.rst_wr_reg2_inst/arststages_ff_reg[0]/C

Slack:                    inf
  Source:                 i_rstgen_main/i_rstgen_bypass/synch_regs_q_reg[3]/C
                            (rising edge-triggered cell FDCE clocked by clk_out1_xlnx_clk_gen  {rise@0.000ns fall@10.000ns period=20.000ns})
  Destination:            i_axi_dwidth_converter_dm_slave/inst/gen_downsizer.gen_simple_downsizer.axi_downsizer_inst/USE_READ.read_addr_inst/cmd_queue/inst/fifo_gen_inst/inst_fifo_gen/gconvfifo.rf/grf.rf/rstblk/ngwrdrst.grst.g7serrst.gnsckt_wrst.rst_wr_reg2_inst/arststages_ff_reg[1]/PRE
                            (recovery check against rising-edge clock clk_out1_xlnx_clk_gen  {rise@0.000ns fall@10.000ns period=20.000ns})
  Path Group:             (none)
  Path Type:              Recovery (Max at Slow Process Corner)
  Data Path Delay:        4.348ns  (logic 0.642ns (14.765%)  route 3.706ns (85.235%))
  Logic Levels:           1  (LUT1=1)
  Clock Path Skew:        -0.555ns (DCD - SCD + CPR)
    Destination Clock Delay (DCD):    -1.521ns
    Source Clock Delay      (SCD):    -0.965ns
    Clock Pessimism Removal (CPR):    0.000ns
  Clock Uncertainty:      0.079ns  ((TSJ^2 + DJ^2)^1/2) / 2 + PE
    Total System Jitter     (TSJ):    0.071ns
    Discrete Jitter          (DJ):    0.142ns
    Phase Error              (PE):    0.000ns
  Timing Exception:       False Path

    Location             Delay type                Incr(ns)  Path(ns)    Netlist Resource(s)
  -------------------------------------------------------------------    -------------------
                         (clock clk_out1_xlnx_clk_gen rise edge)
                                                      0.000     0.000 r  
    K17                                               0.000     0.000 r  clk_sys (IN)
                         net (fo=0)                   0.000     0.000    i_xlnx_clk_gen/inst/clk_in1
    K17                  IBUF (Prop_ibuf_I_O)         1.475     1.475 r  i_xlnx_clk_gen/inst/clkin1_ibufg/O
                         net (fo=1, routed)           1.285     2.760    i_xlnx_clk_gen/inst/clk_in1_xlnx_clk_gen
    MMCME2_ADV_X1Y2      MMCME2_ADV (Prop_mmcme2_adv_CLKIN1_CLKOUT0)
                                                     -7.759    -4.999 r  i_xlnx_clk_gen/inst/mmcm_adv_inst/CLKOUT0
                         net (fo=1, routed)           2.206    -2.793    i_xlnx_clk_gen/inst/clk_out1_xlnx_clk_gen
    BUFGCTRL_X0Y16       BUFG (Prop_bufg_I_O)         0.101    -2.692 r  i_xlnx_clk_gen/inst/clkout1_buf/O
                         net (fo=16470, routed)       1.727    -0.965    i_rstgen_main/i_rstgen_bypass/clk_out1
    SLICE_X62Y12         FDCE                                         r  i_rstgen_main/i_rstgen_bypass/synch_regs_q_reg[3]/C
  -------------------------------------------------------------------    -------------------
    SLICE_X62Y12         FDCE (Prop_fdce_C_Q)         0.518    -0.447 r  i_rstgen_main/i_rstgen_bypass/synch_regs_q_reg[3]/Q
                         net (fo=19, routed)          2.740     2.292    i_axi_dwidth_converter_dm_slave/inst/gen_downsizer.gen_simple_downsizer.axi_downsizer_inst/USE_WRITE.write_addr_inst/USE_B_CHANNEL.cmd_b_queue/inst/out
    SLICE_X102Y7         LUT1 (Prop_lut1_I0_O)        0.124     2.416 f  i_axi_dwidth_converter_dm_slave/inst/gen_downsizer.gen_simple_downsizer.axi_downsizer_inst/USE_WRITE.write_addr_inst/USE_B_CHANNEL.cmd_b_queue/inst/S_AXI_AREADY_I_i_1/O
                         net (fo=165, routed)         0.966     3.383    i_axi_dwidth_converter_dm_slave/inst/gen_downsizer.gen_simple_downsizer.axi_downsizer_inst/USE_READ.read_addr_inst/cmd_queue/inst/fifo_gen_inst/inst_fifo_gen/gconvfifo.rf/grf.rf/rstblk/ngwrdrst.grst.g7serrst.gnsckt_wrst.rst_wr_reg2_inst/src_arst
    SLICE_X95Y4          FDPE                                         f  i_axi_dwidth_converter_dm_slave/inst/gen_downsizer.gen_simple_downsizer.axi_downsizer_inst/USE_READ.read_addr_inst/cmd_queue/inst/fifo_gen_inst/inst_fifo_gen/gconvfifo.rf/grf.rf/rstblk/ngwrdrst.grst.g7serrst.gnsckt_wrst.rst_wr_reg2_inst/arststages_ff_reg[1]/PRE
  -------------------------------------------------------------------    -------------------

                         (clock clk_out1_xlnx_clk_gen rise edge)
                                                      0.000     0.000 r  
    K17                                               0.000     0.000 r  clk_sys (IN)
                         net (fo=0)                   0.000     0.000    i_xlnx_clk_gen/inst/clk_in1
    K17                  IBUF (Prop_ibuf_I_O)         1.404     1.404 r  i_xlnx_clk_gen/inst/clkin1_ibufg/O
                         net (fo=1, routed)           1.162     2.566    i_xlnx_clk_gen/inst/clk_in1_xlnx_clk_gen
    MMCME2_ADV_X1Y2      MMCME2_ADV (Prop_mmcme2_adv_CLKIN1_CLKOUT0)
                                                     -7.814    -5.248 r  i_xlnx_clk_gen/inst/mmcm_adv_inst/CLKOUT0
                         net (fo=1, routed)           2.012    -3.236    i_xlnx_clk_gen/inst/clk_out1_xlnx_clk_gen
    BUFGCTRL_X0Y16       BUFG (Prop_bufg_I_O)         0.091    -3.145 r  i_xlnx_clk_gen/inst/clkout1_buf/O
                         net (fo=16470, routed)       1.624    -1.521    i_axi_dwidth_converter_dm_slave/inst/gen_downsizer.gen_simple_downsizer.axi_downsizer_inst/USE_READ.read_addr_inst/cmd_queue/inst/fifo_gen_inst/inst_fifo_gen/gconvfifo.rf/grf.rf/rstblk/ngwrdrst.grst.g7serrst.gnsckt_wrst.rst_wr_reg2_inst/dest_clk
    SLICE_X95Y4          FDPE                                         r  i_axi_dwidth_converter_dm_slave/inst/gen_downsizer.gen_simple_downsizer.axi_downsizer_inst/USE_READ.read_addr_inst/cmd_queue/inst/fifo_gen_inst/inst_fifo_gen/gconvfifo.rf/grf.rf/rstblk/ngwrdrst.grst.g7serrst.gnsckt_wrst.rst_wr_reg2_inst/arststages_ff_reg[1]/C

Slack:                    inf
  Source:                 i_rstgen_main/i_rstgen_bypass/synch_regs_q_reg[3]/C
                            (rising edge-triggered cell FDCE clocked by clk_out1_xlnx_clk_gen  {rise@0.000ns fall@10.000ns period=20.000ns})
  Destination:            i_axi_dwidth_converter_dm_slave/inst/gen_downsizer.gen_simple_downsizer.axi_downsizer_inst/USE_WRITE.write_addr_inst/cmd_queue/inst/fifo_gen_inst/inst_fifo_gen/gconvfifo.rf/grf.rf/rstblk/ngwrdrst.grst.g7serrst.gnsckt_wrst.rst_wr_reg2_inst/arststages_ff_reg[0]/PRE
                            (recovery check against rising-edge clock clk_out1_xlnx_clk_gen  {rise@0.000ns fall@10.000ns period=20.000ns})
  Path Group:             (none)
  Path Type:              Recovery (Max at Slow Process Corner)
  Data Path Delay:        4.062ns  (logic 0.642ns (15.806%)  route 3.420ns (84.194%))
  Logic Levels:           1  (LUT1=1)
  Clock Path Skew:        -0.554ns (DCD - SCD + CPR)
    Destination Clock Delay (DCD):    -1.520ns
    Source Clock Delay      (SCD):    -0.965ns
    Clock Pessimism Removal (CPR):    0.000ns
  Clock Uncertainty:      0.079ns  ((TSJ^2 + DJ^2)^1/2) / 2 + PE
    Total System Jitter     (TSJ):    0.071ns
    Discrete Jitter          (DJ):    0.142ns
    Phase Error              (PE):    0.000ns
  Timing Exception:       False Path

    Location             Delay type                Incr(ns)  Path(ns)    Netlist Resource(s)
  -------------------------------------------------------------------    -------------------
                         (clock clk_out1_xlnx_clk_gen rise edge)
                                                      0.000     0.000 r  
    K17                                               0.000     0.000 r  clk_sys (IN)
                         net (fo=0)                   0.000     0.000    i_xlnx_clk_gen/inst/clk_in1
    K17                  IBUF (Prop_ibuf_I_O)         1.475     1.475 r  i_xlnx_clk_gen/inst/clkin1_ibufg/O
                         net (fo=1, routed)           1.285     2.760    i_xlnx_clk_gen/inst/clk_in1_xlnx_clk_gen
    MMCME2_ADV_X1Y2      MMCME2_ADV (Prop_mmcme2_adv_CLKIN1_CLKOUT0)
                                                     -7.759    -4.999 r  i_xlnx_clk_gen/inst/mmcm_adv_inst/CLKOUT0
                         net (fo=1, routed)           2.206    -2.793    i_xlnx_clk_gen/inst/clk_out1_xlnx_clk_gen
    BUFGCTRL_X0Y16       BUFG (Prop_bufg_I_O)         0.101    -2.692 r  i_xlnx_clk_gen/inst/clkout1_buf/O
                         net (fo=16470, routed)       1.727    -0.965    i_rstgen_main/i_rstgen_bypass/clk_out1
    SLICE_X62Y12         FDCE                                         r  i_rstgen_main/i_rstgen_bypass/synch_regs_q_reg[3]/C
  -------------------------------------------------------------------    -------------------
    SLICE_X62Y12         FDCE (Prop_fdce_C_Q)         0.518    -0.447 r  i_rstgen_main/i_rstgen_bypass/synch_regs_q_reg[3]/Q
                         net (fo=19, routed)          2.740     2.292    i_axi_dwidth_converter_dm_slave/inst/gen_downsizer.gen_simple_downsizer.axi_downsizer_inst/USE_WRITE.write_addr_inst/USE_B_CHANNEL.cmd_b_queue/inst/out
    SLICE_X102Y7         LUT1 (Prop_lut1_I0_O)        0.124     2.416 f  i_axi_dwidth_converter_dm_slave/inst/gen_downsizer.gen_simple_downsizer.axi_downsizer_inst/USE_WRITE.write_addr_inst/USE_B_CHANNEL.cmd_b_queue/inst/S_AXI_AREADY_I_i_1/O
                         net (fo=165, routed)         0.680     3.097    i_axi_dwidth_converter_dm_slave/inst/gen_downsizer.gen_simple_downsizer.axi_downsizer_inst/USE_WRITE.write_addr_inst/cmd_queue/inst/fifo_gen_inst/inst_fifo_gen/gconvfifo.rf/grf.rf/rstblk/ngwrdrst.grst.g7serrst.gnsckt_wrst.rst_wr_reg2_inst/src_arst
    SLICE_X96Y0          FDPE                                         f  i_axi_dwidth_converter_dm_slave/inst/gen_downsizer.gen_simple_downsizer.axi_downsizer_inst/USE_WRITE.write_addr_inst/cmd_queue/inst/fifo_gen_inst/inst_fifo_gen/gconvfifo.rf/grf.rf/rstblk/ngwrdrst.grst.g7serrst.gnsckt_wrst.rst_wr_reg2_inst/arststages_ff_reg[0]/PRE
  -------------------------------------------------------------------    -------------------

                         (clock clk_out1_xlnx_clk_gen rise edge)
                                                      0.000     0.000 r  
    K17                                               0.000     0.000 r  clk_sys (IN)
                         net (fo=0)                   0.000     0.000    i_xlnx_clk_gen/inst/clk_in1
    K17                  IBUF (Prop_ibuf_I_O)         1.404     1.404 r  i_xlnx_clk_gen/inst/clkin1_ibufg/O
                         net (fo=1, routed)           1.162     2.566    i_xlnx_clk_gen/inst/clk_in1_xlnx_clk_gen
    MMCME2_ADV_X1Y2      MMCME2_ADV (Prop_mmcme2_adv_CLKIN1_CLKOUT0)
                                                     -7.814    -5.248 r  i_xlnx_clk_gen/inst/mmcm_adv_inst/CLKOUT0
                         net (fo=1, routed)           2.012    -3.236    i_xlnx_clk_gen/inst/clk_out1_xlnx_clk_gen
    BUFGCTRL_X0Y16       BUFG (Prop_bufg_I_O)         0.091    -3.145 r  i_xlnx_clk_gen/inst/clkout1_buf/O
                         net (fo=16470, routed)       1.625    -1.520    i_axi_dwidth_converter_dm_slave/inst/gen_downsizer.gen_simple_downsizer.axi_downsizer_inst/USE_WRITE.write_addr_inst/cmd_queue/inst/fifo_gen_inst/inst_fifo_gen/gconvfifo.rf/grf.rf/rstblk/ngwrdrst.grst.g7serrst.gnsckt_wrst.rst_wr_reg2_inst/dest_clk
    SLICE_X96Y0          FDPE                                         r  i_axi_dwidth_converter_dm_slave/inst/gen_downsizer.gen_simple_downsizer.axi_downsizer_inst/USE_WRITE.write_addr_inst/cmd_queue/inst/fifo_gen_inst/inst_fifo_gen/gconvfifo.rf/grf.rf/rstblk/ngwrdrst.grst.g7serrst.gnsckt_wrst.rst_wr_reg2_inst/arststages_ff_reg[0]/C

Slack:                    inf
  Source:                 i_rstgen_main/i_rstgen_bypass/synch_regs_q_reg[3]/C
                            (rising edge-triggered cell FDCE clocked by clk_out1_xlnx_clk_gen  {rise@0.000ns fall@10.000ns period=20.000ns})
  Destination:            i_axi_dwidth_converter_dm_slave/inst/gen_downsizer.gen_simple_downsizer.axi_downsizer_inst/USE_WRITE.write_addr_inst/cmd_queue/inst/fifo_gen_inst/inst_fifo_gen/gconvfifo.rf/grf.rf/rstblk/ngwrdrst.grst.g7serrst.gnsckt_wrst.rst_wr_reg2_inst/arststages_ff_reg[1]/PRE
                            (recovery check against rising-edge clock clk_out1_xlnx_clk_gen  {rise@0.000ns fall@10.000ns period=20.000ns})
  Path Group:             (none)
  Path Type:              Recovery (Max at Slow Process Corner)
  Data Path Delay:        4.062ns  (logic 0.642ns (15.806%)  route 3.420ns (84.194%))
  Logic Levels:           1  (LUT1=1)
  Clock Path Skew:        -0.554ns (DCD - SCD + CPR)
    Destination Clock Delay (DCD):    -1.520ns
    Source Clock Delay      (SCD):    -0.965ns
    Clock Pessimism Removal (CPR):    0.000ns
  Clock Uncertainty:      0.079ns  ((TSJ^2 + DJ^2)^1/2) / 2 + PE
    Total System Jitter     (TSJ):    0.071ns
    Discrete Jitter          (DJ):    0.142ns
    Phase Error              (PE):    0.000ns
  Timing Exception:       False Path

    Location             Delay type                Incr(ns)  Path(ns)    Netlist Resource(s)
  -------------------------------------------------------------------    -------------------
                         (clock clk_out1_xlnx_clk_gen rise edge)
                                                      0.000     0.000 r  
    K17                                               0.000     0.000 r  clk_sys (IN)
                         net (fo=0)                   0.000     0.000    i_xlnx_clk_gen/inst/clk_in1
    K17                  IBUF (Prop_ibuf_I_O)         1.475     1.475 r  i_xlnx_clk_gen/inst/clkin1_ibufg/O
                         net (fo=1, routed)           1.285     2.760    i_xlnx_clk_gen/inst/clk_in1_xlnx_clk_gen
    MMCME2_ADV_X1Y2      MMCME2_ADV (Prop_mmcme2_adv_CLKIN1_CLKOUT0)
                                                     -7.759    -4.999 r  i_xlnx_clk_gen/inst/mmcm_adv_inst/CLKOUT0
                         net (fo=1, routed)           2.206    -2.793    i_xlnx_clk_gen/inst/clk_out1_xlnx_clk_gen
    BUFGCTRL_X0Y16       BUFG (Prop_bufg_I_O)         0.101    -2.692 r  i_xlnx_clk_gen/inst/clkout1_buf/O
                         net (fo=16470, routed)       1.727    -0.965    i_rstgen_main/i_rstgen_bypass/clk_out1
    SLICE_X62Y12         FDCE                                         r  i_rstgen_main/i_rstgen_bypass/synch_regs_q_reg[3]/C
  -------------------------------------------------------------------    -------------------
    SLICE_X62Y12         FDCE (Prop_fdce_C_Q)         0.518    -0.447 r  i_rstgen_main/i_rstgen_bypass/synch_regs_q_reg[3]/Q
                         net (fo=19, routed)          2.740     2.292    i_axi_dwidth_converter_dm_slave/inst/gen_downsizer.gen_simple_downsizer.axi_downsizer_inst/USE_WRITE.write_addr_inst/USE_B_CHANNEL.cmd_b_queue/inst/out
    SLICE_X102Y7         LUT1 (Prop_lut1_I0_O)        0.124     2.416 f  i_axi_dwidth_converter_dm_slave/inst/gen_downsizer.gen_simple_downsizer.axi_downsizer_inst/USE_WRITE.write_addr_inst/USE_B_CHANNEL.cmd_b_queue/inst/S_AXI_AREADY_I_i_1/O
                         net (fo=165, routed)         0.680     3.097    i_axi_dwidth_converter_dm_slave/inst/gen_downsizer.gen_simple_downsizer.axi_downsizer_inst/USE_WRITE.write_addr_inst/cmd_queue/inst/fifo_gen_inst/inst_fifo_gen/gconvfifo.rf/grf.rf/rstblk/ngwrdrst.grst.g7serrst.gnsckt_wrst.rst_wr_reg2_inst/src_arst
    SLICE_X96Y0          FDPE                                         f  i_axi_dwidth_converter_dm_slave/inst/gen_downsizer.gen_simple_downsizer.axi_downsizer_inst/USE_WRITE.write_addr_inst/cmd_queue/inst/fifo_gen_inst/inst_fifo_gen/gconvfifo.rf/grf.rf/rstblk/ngwrdrst.grst.g7serrst.gnsckt_wrst.rst_wr_reg2_inst/arststages_ff_reg[1]/PRE
  -------------------------------------------------------------------    -------------------

                         (clock clk_out1_xlnx_clk_gen rise edge)
                                                      0.000     0.000 r  
    K17                                               0.000     0.000 r  clk_sys (IN)
                         net (fo=0)                   0.000     0.000    i_xlnx_clk_gen/inst/clk_in1
    K17                  IBUF (Prop_ibuf_I_O)         1.404     1.404 r  i_xlnx_clk_gen/inst/clkin1_ibufg/O
                         net (fo=1, routed)           1.162     2.566    i_xlnx_clk_gen/inst/clk_in1_xlnx_clk_gen
    MMCME2_ADV_X1Y2      MMCME2_ADV (Prop_mmcme2_adv_CLKIN1_CLKOUT0)
                                                     -7.814    -5.248 r  i_xlnx_clk_gen/inst/mmcm_adv_inst/CLKOUT0
                         net (fo=1, routed)           2.012    -3.236    i_xlnx_clk_gen/inst/clk_out1_xlnx_clk_gen
    BUFGCTRL_X0Y16       BUFG (Prop_bufg_I_O)         0.091    -3.145 r  i_xlnx_clk_gen/inst/clkout1_buf/O
                         net (fo=16470, routed)       1.625    -1.520    i_axi_dwidth_converter_dm_slave/inst/gen_downsizer.gen_simple_downsizer.axi_downsizer_inst/USE_WRITE.write_addr_inst/cmd_queue/inst/fifo_gen_inst/inst_fifo_gen/gconvfifo.rf/grf.rf/rstblk/ngwrdrst.grst.g7serrst.gnsckt_wrst.rst_wr_reg2_inst/dest_clk
    SLICE_X96Y0          FDPE                                         r  i_axi_dwidth_converter_dm_slave/inst/gen_downsizer.gen_simple_downsizer.axi_downsizer_inst/USE_WRITE.write_addr_inst/cmd_queue/inst/fifo_gen_inst/inst_fifo_gen/gconvfifo.rf/grf.rf/rstblk/ngwrdrst.grst.g7serrst.gnsckt_wrst.rst_wr_reg2_inst/arststages_ff_reg[1]/C





Min Delay Paths
--------------------------------------------------------------------------------------
Slack:                    inf
  Source:                 i_rstgen_main/i_rstgen_bypass/synch_regs_q_reg[3]/C
                            (rising edge-triggered cell FDCE clocked by clk_out1_xlnx_clk_gen  {rise@0.000ns fall@10.000ns period=20.000ns})
  Destination:            i_axi_dwidth_converter_dm_slave/inst/gen_downsizer.gen_simple_downsizer.axi_downsizer_inst/USE_WRITE.write_addr_inst/cmd_queue/inst/fifo_gen_inst/inst_fifo_gen/gconvfifo.rf/grf.rf/rstblk/ngwrdrst.grst.g7serrst.gnsckt_wrst.rst_wr_reg2_inst/arststages_ff_reg[0]/PRE
                            (removal check against rising-edge clock clk_out1_xlnx_clk_gen  {rise@0.000ns fall@10.000ns period=20.000ns})
  Path Group:             (none)
  Path Type:              Removal (Min at Fast Process Corner)
  Data Path Delay:        1.647ns  (logic 0.209ns (12.691%)  route 1.438ns (87.309%))
  Logic Levels:           1  (LUT1=1)
  Clock Path Skew:        -0.206ns (DCD - SCD - CPR)
    Destination Clock Delay (DCD):    -0.831ns
    Source Clock Delay      (SCD):    -0.626ns
    Clock Pessimism Removal (CPR):    -0.000ns
  Clock Uncertainty:      0.079ns  ((TSJ^2 + DJ^2)^1/2) / 2 + PE
    Total System Jitter     (TSJ):    0.071ns
    Discrete Jitter          (DJ):    0.142ns
    Phase Error              (PE):    0.000ns
  Timing Exception:       False Path

    Location             Delay type                Incr(ns)  Path(ns)    Netlist Resource(s)
  -------------------------------------------------------------------    -------------------
                         (clock clk_out1_xlnx_clk_gen rise edge)
                                                      0.000     0.000 r  
    K17                                               0.000     0.000 r  clk_sys (IN)
                         net (fo=0)                   0.000     0.000    i_xlnx_clk_gen/inst/clk_in1
    K17                  IBUF (Prop_ibuf_I_O)         0.243     0.243 r  i_xlnx_clk_gen/inst/clkin1_ibufg/O
                         net (fo=1, routed)           0.440     0.683    i_xlnx_clk_gen/inst/clk_in1_xlnx_clk_gen
    MMCME2_ADV_X1Y2      MMCME2_ADV (Prop_mmcme2_adv_CLKIN1_CLKOUT0)
                                                     -2.613    -1.930 r  i_xlnx_clk_gen/inst/mmcm_adv_inst/CLKOUT0
                         net (fo=1, routed)           0.696    -1.233    i_xlnx_clk_gen/inst/clk_out1_xlnx_clk_gen
    BUFGCTRL_X0Y16       BUFG (Prop_bufg_I_O)         0.026    -1.207 r  i_xlnx_clk_gen/inst/clkout1_buf/O
                         net (fo=16470, routed)       0.582    -0.626    i_rstgen_main/i_rstgen_bypass/clk_out1
    SLICE_X62Y12         FDCE                                         r  i_rstgen_main/i_rstgen_bypass/synch_regs_q_reg[3]/C
  -------------------------------------------------------------------    -------------------
    SLICE_X62Y12         FDCE (Prop_fdce_C_Q)         0.164    -0.462 r  i_rstgen_main/i_rstgen_bypass/synch_regs_q_reg[3]/Q
                         net (fo=19, routed)          1.123     0.661    i_axi_dwidth_converter_dm_slave/inst/gen_downsizer.gen_simple_downsizer.axi_downsizer_inst/USE_WRITE.write_addr_inst/USE_B_CHANNEL.cmd_b_queue/inst/out
    SLICE_X102Y7         LUT1 (Prop_lut1_I0_O)        0.045     0.706 f  i_axi_dwidth_converter_dm_slave/inst/gen_downsizer.gen_simple_downsizer.axi_downsizer_inst/USE_WRITE.write_addr_inst/USE_B_CHANNEL.cmd_b_queue/inst/S_AXI_AREADY_I_i_1/O
                         net (fo=165, routed)         0.315     1.021    i_axi_dwidth_converter_dm_slave/inst/gen_downsizer.gen_simple_downsizer.axi_downsizer_inst/USE_WRITE.write_addr_inst/cmd_queue/inst/fifo_gen_inst/inst_fifo_gen/gconvfifo.rf/grf.rf/rstblk/ngwrdrst.grst.g7serrst.gnsckt_wrst.rst_wr_reg2_inst/src_arst
    SLICE_X96Y0          FDPE                                         f  i_axi_dwidth_converter_dm_slave/inst/gen_downsizer.gen_simple_downsizer.axi_downsizer_inst/USE_WRITE.write_addr_inst/cmd_queue/inst/fifo_gen_inst/inst_fifo_gen/gconvfifo.rf/grf.rf/rstblk/ngwrdrst.grst.g7serrst.gnsckt_wrst.rst_wr_reg2_inst/arststages_ff_reg[0]/PRE
  -------------------------------------------------------------------    -------------------

                         (clock clk_out1_xlnx_clk_gen rise edge)
                                                      0.000     0.000 r  
    K17                                               0.000     0.000 r  clk_sys (IN)
                         net (fo=0)                   0.000     0.000    i_xlnx_clk_gen/inst/clk_in1
    K17                  IBUF (Prop_ibuf_I_O)         0.431     0.431 r  i_xlnx_clk_gen/inst/clkin1_ibufg/O
                         net (fo=1, routed)           0.480     0.911    i_xlnx_clk_gen/inst/clk_in1_xlnx_clk_gen
    MMCME2_ADV_X1Y2      MMCME2_ADV (Prop_mmcme2_adv_CLKIN1_CLKOUT0)
                                                     -3.407    -2.496 r  i_xlnx_clk_gen/inst/mmcm_adv_inst/CLKOUT0
                         net (fo=1, routed)           0.752    -1.744    i_xlnx_clk_gen/inst/clk_out1_xlnx_clk_gen
    BUFGCTRL_X0Y16       BUFG (Prop_bufg_I_O)         0.029    -1.715 r  i_xlnx_clk_gen/inst/clkout1_buf/O
                         net (fo=16470, routed)       0.884    -0.831    i_axi_dwidth_converter_dm_slave/inst/gen_downsizer.gen_simple_downsizer.axi_downsizer_inst/USE_WRITE.write_addr_inst/cmd_queue/inst/fifo_gen_inst/inst_fifo_gen/gconvfifo.rf/grf.rf/rstblk/ngwrdrst.grst.g7serrst.gnsckt_wrst.rst_wr_reg2_inst/dest_clk
    SLICE_X96Y0          FDPE                                         r  i_axi_dwidth_converter_dm_slave/inst/gen_downsizer.gen_simple_downsizer.axi_downsizer_inst/USE_WRITE.write_addr_inst/cmd_queue/inst/fifo_gen_inst/inst_fifo_gen/gconvfifo.rf/grf.rf/rstblk/ngwrdrst.grst.g7serrst.gnsckt_wrst.rst_wr_reg2_inst/arststages_ff_reg[0]/C

Slack:                    inf
  Source:                 i_rstgen_main/i_rstgen_bypass/synch_regs_q_reg[3]/C
                            (rising edge-triggered cell FDCE clocked by clk_out1_xlnx_clk_gen  {rise@0.000ns fall@10.000ns period=20.000ns})
  Destination:            i_axi_dwidth_converter_dm_slave/inst/gen_downsizer.gen_simple_downsizer.axi_downsizer_inst/USE_WRITE.write_addr_inst/cmd_queue/inst/fifo_gen_inst/inst_fifo_gen/gconvfifo.rf/grf.rf/rstblk/ngwrdrst.grst.g7serrst.gnsckt_wrst.rst_wr_reg2_inst/arststages_ff_reg[1]/PRE
                            (removal check against rising-edge clock clk_out1_xlnx_clk_gen  {rise@0.000ns fall@10.000ns period=20.000ns})
  Path Group:             (none)
  Path Type:              Removal (Min at Fast Process Corner)
  Data Path Delay:        1.647ns  (logic 0.209ns (12.691%)  route 1.438ns (87.309%))
  Logic Levels:           1  (LUT1=1)
  Clock Path Skew:        -0.206ns (DCD - SCD - CPR)
    Destination Clock Delay (DCD):    -0.831ns
    Source Clock Delay      (SCD):    -0.626ns
    Clock Pessimism Removal (CPR):    -0.000ns
  Clock Uncertainty:      0.079ns  ((TSJ^2 + DJ^2)^1/2) / 2 + PE
    Total System Jitter     (TSJ):    0.071ns
    Discrete Jitter          (DJ):    0.142ns
    Phase Error              (PE):    0.000ns
  Timing Exception:       False Path

    Location             Delay type                Incr(ns)  Path(ns)    Netlist Resource(s)
  -------------------------------------------------------------------    -------------------
                         (clock clk_out1_xlnx_clk_gen rise edge)
                                                      0.000     0.000 r  
    K17                                               0.000     0.000 r  clk_sys (IN)
                         net (fo=0)                   0.000     0.000    i_xlnx_clk_gen/inst/clk_in1
    K17                  IBUF (Prop_ibuf_I_O)         0.243     0.243 r  i_xlnx_clk_gen/inst/clkin1_ibufg/O
                         net (fo=1, routed)           0.440     0.683    i_xlnx_clk_gen/inst/clk_in1_xlnx_clk_gen
    MMCME2_ADV_X1Y2      MMCME2_ADV (Prop_mmcme2_adv_CLKIN1_CLKOUT0)
                                                     -2.613    -1.930 r  i_xlnx_clk_gen/inst/mmcm_adv_inst/CLKOUT0
                         net (fo=1, routed)           0.696    -1.233    i_xlnx_clk_gen/inst/clk_out1_xlnx_clk_gen
    BUFGCTRL_X0Y16       BUFG (Prop_bufg_I_O)         0.026    -1.207 r  i_xlnx_clk_gen/inst/clkout1_buf/O
                         net (fo=16470, routed)       0.582    -0.626    i_rstgen_main/i_rstgen_bypass/clk_out1
    SLICE_X62Y12         FDCE                                         r  i_rstgen_main/i_rstgen_bypass/synch_regs_q_reg[3]/C
  -------------------------------------------------------------------    -------------------
    SLICE_X62Y12         FDCE (Prop_fdce_C_Q)         0.164    -0.462 r  i_rstgen_main/i_rstgen_bypass/synch_regs_q_reg[3]/Q
                         net (fo=19, routed)          1.123     0.661    i_axi_dwidth_converter_dm_slave/inst/gen_downsizer.gen_simple_downsizer.axi_downsizer_inst/USE_WRITE.write_addr_inst/USE_B_CHANNEL.cmd_b_queue/inst/out
    SLICE_X102Y7         LUT1 (Prop_lut1_I0_O)        0.045     0.706 f  i_axi_dwidth_converter_dm_slave/inst/gen_downsizer.gen_simple_downsizer.axi_downsizer_inst/USE_WRITE.write_addr_inst/USE_B_CHANNEL.cmd_b_queue/inst/S_AXI_AREADY_I_i_1/O
                         net (fo=165, routed)         0.315     1.021    i_axi_dwidth_converter_dm_slave/inst/gen_downsizer.gen_simple_downsizer.axi_downsizer_inst/USE_WRITE.write_addr_inst/cmd_queue/inst/fifo_gen_inst/inst_fifo_gen/gconvfifo.rf/grf.rf/rstblk/ngwrdrst.grst.g7serrst.gnsckt_wrst.rst_wr_reg2_inst/src_arst
    SLICE_X96Y0          FDPE                                         f  i_axi_dwidth_converter_dm_slave/inst/gen_downsizer.gen_simple_downsizer.axi_downsizer_inst/USE_WRITE.write_addr_inst/cmd_queue/inst/fifo_gen_inst/inst_fifo_gen/gconvfifo.rf/grf.rf/rstblk/ngwrdrst.grst.g7serrst.gnsckt_wrst.rst_wr_reg2_inst/arststages_ff_reg[1]/PRE
  -------------------------------------------------------------------    -------------------

                         (clock clk_out1_xlnx_clk_gen rise edge)
                                                      0.000     0.000 r  
    K17                                               0.000     0.000 r  clk_sys (IN)
                         net (fo=0)                   0.000     0.000    i_xlnx_clk_gen/inst/clk_in1
    K17                  IBUF (Prop_ibuf_I_O)         0.431     0.431 r  i_xlnx_clk_gen/inst/clkin1_ibufg/O
                         net (fo=1, routed)           0.480     0.911    i_xlnx_clk_gen/inst/clk_in1_xlnx_clk_gen
    MMCME2_ADV_X1Y2      MMCME2_ADV (Prop_mmcme2_adv_CLKIN1_CLKOUT0)
                                                     -3.407    -2.496 r  i_xlnx_clk_gen/inst/mmcm_adv_inst/CLKOUT0
                         net (fo=1, routed)           0.752    -1.744    i_xlnx_clk_gen/inst/clk_out1_xlnx_clk_gen
    BUFGCTRL_X0Y16       BUFG (Prop_bufg_I_O)         0.029    -1.715 r  i_xlnx_clk_gen/inst/clkout1_buf/O
                         net (fo=16470, routed)       0.884    -0.831    i_axi_dwidth_converter_dm_slave/inst/gen_downsizer.gen_simple_downsizer.axi_downsizer_inst/USE_WRITE.write_addr_inst/cmd_queue/inst/fifo_gen_inst/inst_fifo_gen/gconvfifo.rf/grf.rf/rstblk/ngwrdrst.grst.g7serrst.gnsckt_wrst.rst_wr_reg2_inst/dest_clk
    SLICE_X96Y0          FDPE                                         r  i_axi_dwidth_converter_dm_slave/inst/gen_downsizer.gen_simple_downsizer.axi_downsizer_inst/USE_WRITE.write_addr_inst/cmd_queue/inst/fifo_gen_inst/inst_fifo_gen/gconvfifo.rf/grf.rf/rstblk/ngwrdrst.grst.g7serrst.gnsckt_wrst.rst_wr_reg2_inst/arststages_ff_reg[1]/C

Slack:                    inf
  Source:                 i_rstgen_main/i_rstgen_bypass/synch_regs_q_reg[3]/C
                            (rising edge-triggered cell FDCE clocked by clk_out1_xlnx_clk_gen  {rise@0.000ns fall@10.000ns period=20.000ns})
  Destination:            i_axi_dwidth_converter_dm_slave/inst/gen_downsizer.gen_simple_downsizer.axi_downsizer_inst/USE_READ.read_addr_inst/cmd_queue/inst/fifo_gen_inst/inst_fifo_gen/gconvfifo.rf/grf.rf/rstblk/ngwrdrst.grst.g7serrst.gnsckt_wrst.rst_wr_reg2_inst/arststages_ff_reg[0]/PRE
                            (removal check against rising-edge clock clk_out1_xlnx_clk_gen  {rise@0.000ns fall@10.000ns period=20.000ns})
  Path Group:             (none)
  Path Type:              Removal (Min at Fast Process Corner)
  Data Path Delay:        1.764ns  (logic 0.209ns (11.847%)  route 1.555ns (88.153%))
  Logic Levels:           1  (LUT1=1)
  Clock Path Skew:        -0.207ns (DCD - SCD - CPR)
    Destination Clock Delay (DCD):    -0.832ns
    Source Clock Delay      (SCD):    -0.626ns
    Clock Pessimism Removal (CPR):    -0.000ns
  Clock Uncertainty:      0.079ns  ((TSJ^2 + DJ^2)^1/2) / 2 + PE
    Total System Jitter     (TSJ):    0.071ns
    Discrete Jitter          (DJ):    0.142ns
    Phase Error              (PE):    0.000ns
  Timing Exception:       False Path

    Location             Delay type                Incr(ns)  Path(ns)    Netlist Resource(s)
  -------------------------------------------------------------------    -------------------
                         (clock clk_out1_xlnx_clk_gen rise edge)
                                                      0.000     0.000 r  
    K17                                               0.000     0.000 r  clk_sys (IN)
                         net (fo=0)                   0.000     0.000    i_xlnx_clk_gen/inst/clk_in1
    K17                  IBUF (Prop_ibuf_I_O)         0.243     0.243 r  i_xlnx_clk_gen/inst/clkin1_ibufg/O
                         net (fo=1, routed)           0.440     0.683    i_xlnx_clk_gen/inst/clk_in1_xlnx_clk_gen
    MMCME2_ADV_X1Y2      MMCME2_ADV (Prop_mmcme2_adv_CLKIN1_CLKOUT0)
                                                     -2.613    -1.930 r  i_xlnx_clk_gen/inst/mmcm_adv_inst/CLKOUT0
                         net (fo=1, routed)           0.696    -1.233    i_xlnx_clk_gen/inst/clk_out1_xlnx_clk_gen
    BUFGCTRL_X0Y16       BUFG (Prop_bufg_I_O)         0.026    -1.207 r  i_xlnx_clk_gen/inst/clkout1_buf/O
                         net (fo=16470, routed)       0.582    -0.626    i_rstgen_main/i_rstgen_bypass/clk_out1
    SLICE_X62Y12         FDCE                                         r  i_rstgen_main/i_rstgen_bypass/synch_regs_q_reg[3]/C
  -------------------------------------------------------------------    -------------------
    SLICE_X62Y12         FDCE (Prop_fdce_C_Q)         0.164    -0.462 r  i_rstgen_main/i_rstgen_bypass/synch_regs_q_reg[3]/Q
                         net (fo=19, routed)          1.123     0.661    i_axi_dwidth_converter_dm_slave/inst/gen_downsizer.gen_simple_downsizer.axi_downsizer_inst/USE_WRITE.write_addr_inst/USE_B_CHANNEL.cmd_b_queue/inst/out
    SLICE_X102Y7         LUT1 (Prop_lut1_I0_O)        0.045     0.706 f  i_axi_dwidth_converter_dm_slave/inst/gen_downsizer.gen_simple_downsizer.axi_downsizer_inst/USE_WRITE.write_addr_inst/USE_B_CHANNEL.cmd_b_queue/inst/S_AXI_AREADY_I_i_1/O
                         net (fo=165, routed)         0.432     1.138    i_axi_dwidth_converter_dm_slave/inst/gen_downsizer.gen_simple_downsizer.axi_downsizer_inst/USE_READ.read_addr_inst/cmd_queue/inst/fifo_gen_inst/inst_fifo_gen/gconvfifo.rf/grf.rf/rstblk/ngwrdrst.grst.g7serrst.gnsckt_wrst.rst_wr_reg2_inst/src_arst
    SLICE_X95Y4          FDPE                                         f  i_axi_dwidth_converter_dm_slave/inst/gen_downsizer.gen_simple_downsizer.axi_downsizer_inst/USE_READ.read_addr_inst/cmd_queue/inst/fifo_gen_inst/inst_fifo_gen/gconvfifo.rf/grf.rf/rstblk/ngwrdrst.grst.g7serrst.gnsckt_wrst.rst_wr_reg2_inst/arststages_ff_reg[0]/PRE
  -------------------------------------------------------------------    -------------------

                         (clock clk_out1_xlnx_clk_gen rise edge)
                                                      0.000     0.000 r  
    K17                                               0.000     0.000 r  clk_sys (IN)
                         net (fo=0)                   0.000     0.000    i_xlnx_clk_gen/inst/clk_in1
    K17                  IBUF (Prop_ibuf_I_O)         0.431     0.431 r  i_xlnx_clk_gen/inst/clkin1_ibufg/O
                         net (fo=1, routed)           0.480     0.911    i_xlnx_clk_gen/inst/clk_in1_xlnx_clk_gen
    MMCME2_ADV_X1Y2      MMCME2_ADV (Prop_mmcme2_adv_CLKIN1_CLKOUT0)
                                                     -3.407    -2.496 r  i_xlnx_clk_gen/inst/mmcm_adv_inst/CLKOUT0
                         net (fo=1, routed)           0.752    -1.744    i_xlnx_clk_gen/inst/clk_out1_xlnx_clk_gen
    BUFGCTRL_X0Y16       BUFG (Prop_bufg_I_O)         0.029    -1.715 r  i_xlnx_clk_gen/inst/clkout1_buf/O
                         net (fo=16470, routed)       0.883    -0.832    i_axi_dwidth_converter_dm_slave/inst/gen_downsizer.gen_simple_downsizer.axi_downsizer_inst/USE_READ.read_addr_inst/cmd_queue/inst/fifo_gen_inst/inst_fifo_gen/gconvfifo.rf/grf.rf/rstblk/ngwrdrst.grst.g7serrst.gnsckt_wrst.rst_wr_reg2_inst/dest_clk
    SLICE_X95Y4          FDPE                                         r  i_axi_dwidth_converter_dm_slave/inst/gen_downsizer.gen_simple_downsizer.axi_downsizer_inst/USE_READ.read_addr_inst/cmd_queue/inst/fifo_gen_inst/inst_fifo_gen/gconvfifo.rf/grf.rf/rstblk/ngwrdrst.grst.g7serrst.gnsckt_wrst.rst_wr_reg2_inst/arststages_ff_reg[0]/C

Slack:                    inf
  Source:                 i_rstgen_main/i_rstgen_bypass/synch_regs_q_reg[3]/C
                            (rising edge-triggered cell FDCE clocked by clk_out1_xlnx_clk_gen  {rise@0.000ns fall@10.000ns period=20.000ns})
  Destination:            i_axi_dwidth_converter_dm_slave/inst/gen_downsizer.gen_simple_downsizer.axi_downsizer_inst/USE_READ.read_addr_inst/cmd_queue/inst/fifo_gen_inst/inst_fifo_gen/gconvfifo.rf/grf.rf/rstblk/ngwrdrst.grst.g7serrst.gnsckt_wrst.rst_wr_reg2_inst/arststages_ff_reg[1]/PRE
                            (removal check against rising-edge clock clk_out1_xlnx_clk_gen  {rise@0.000ns fall@10.000ns period=20.000ns})
  Path Group:             (none)
  Path Type:              Removal (Min at Fast Process Corner)
  Data Path Delay:        1.764ns  (logic 0.209ns (11.847%)  route 1.555ns (88.153%))
  Logic Levels:           1  (LUT1=1)
  Clock Path Skew:        -0.207ns (DCD - SCD - CPR)
    Destination Clock Delay (DCD):    -0.832ns
    Source Clock Delay      (SCD):    -0.626ns
    Clock Pessimism Removal (CPR):    -0.000ns
  Clock Uncertainty:      0.079ns  ((TSJ^2 + DJ^2)^1/2) / 2 + PE
    Total System Jitter     (TSJ):    0.071ns
    Discrete Jitter          (DJ):    0.142ns
    Phase Error              (PE):    0.000ns
  Timing Exception:       False Path

    Location             Delay type                Incr(ns)  Path(ns)    Netlist Resource(s)
  -------------------------------------------------------------------    -------------------
                         (clock clk_out1_xlnx_clk_gen rise edge)
                                                      0.000     0.000 r  
    K17                                               0.000     0.000 r  clk_sys (IN)
                         net (fo=0)                   0.000     0.000    i_xlnx_clk_gen/inst/clk_in1
    K17                  IBUF (Prop_ibuf_I_O)         0.243     0.243 r  i_xlnx_clk_gen/inst/clkin1_ibufg/O
                         net (fo=1, routed)           0.440     0.683    i_xlnx_clk_gen/inst/clk_in1_xlnx_clk_gen
    MMCME2_ADV_X1Y2      MMCME2_ADV (Prop_mmcme2_adv_CLKIN1_CLKOUT0)
                                                     -2.613    -1.930 r  i_xlnx_clk_gen/inst/mmcm_adv_inst/CLKOUT0
                         net (fo=1, routed)           0.696    -1.233    i_xlnx_clk_gen/inst/clk_out1_xlnx_clk_gen
    BUFGCTRL_X0Y16       BUFG (Prop_bufg_I_O)         0.026    -1.207 r  i_xlnx_clk_gen/inst/clkout1_buf/O
                         net (fo=16470, routed)       0.582    -0.626    i_rstgen_main/i_rstgen_bypass/clk_out1
    SLICE_X62Y12         FDCE                                         r  i_rstgen_main/i_rstgen_bypass/synch_regs_q_reg[3]/C
  -------------------------------------------------------------------    -------------------
    SLICE_X62Y12         FDCE (Prop_fdce_C_Q)         0.164    -0.462 r  i_rstgen_main/i_rstgen_bypass/synch_regs_q_reg[3]/Q
                         net (fo=19, routed)          1.123     0.661    i_axi_dwidth_converter_dm_slave/inst/gen_downsizer.gen_simple_downsizer.axi_downsizer_inst/USE_WRITE.write_addr_inst/USE_B_CHANNEL.cmd_b_queue/inst/out
    SLICE_X102Y7         LUT1 (Prop_lut1_I0_O)        0.045     0.706 f  i_axi_dwidth_converter_dm_slave/inst/gen_downsizer.gen_simple_downsizer.axi_downsizer_inst/USE_WRITE.write_addr_inst/USE_B_CHANNEL.cmd_b_queue/inst/S_AXI_AREADY_I_i_1/O
                         net (fo=165, routed)         0.432     1.138    i_axi_dwidth_converter_dm_slave/inst/gen_downsizer.gen_simple_downsizer.axi_downsizer_inst/USE_READ.read_addr_inst/cmd_queue/inst/fifo_gen_inst/inst_fifo_gen/gconvfifo.rf/grf.rf/rstblk/ngwrdrst.grst.g7serrst.gnsckt_wrst.rst_wr_reg2_inst/src_arst
    SLICE_X95Y4          FDPE                                         f  i_axi_dwidth_converter_dm_slave/inst/gen_downsizer.gen_simple_downsizer.axi_downsizer_inst/USE_READ.read_addr_inst/cmd_queue/inst/fifo_gen_inst/inst_fifo_gen/gconvfifo.rf/grf.rf/rstblk/ngwrdrst.grst.g7serrst.gnsckt_wrst.rst_wr_reg2_inst/arststages_ff_reg[1]/PRE
  -------------------------------------------------------------------    -------------------

                         (clock clk_out1_xlnx_clk_gen rise edge)
                                                      0.000     0.000 r  
    K17                                               0.000     0.000 r  clk_sys (IN)
                         net (fo=0)                   0.000     0.000    i_xlnx_clk_gen/inst/clk_in1
    K17                  IBUF (Prop_ibuf_I_O)         0.431     0.431 r  i_xlnx_clk_gen/inst/clkin1_ibufg/O
                         net (fo=1, routed)           0.480     0.911    i_xlnx_clk_gen/inst/clk_in1_xlnx_clk_gen
    MMCME2_ADV_X1Y2      MMCME2_ADV (Prop_mmcme2_adv_CLKIN1_CLKOUT0)
                                                     -3.407    -2.496 r  i_xlnx_clk_gen/inst/mmcm_adv_inst/CLKOUT0
                         net (fo=1, routed)           0.752    -1.744    i_xlnx_clk_gen/inst/clk_out1_xlnx_clk_gen
    BUFGCTRL_X0Y16       BUFG (Prop_bufg_I_O)         0.029    -1.715 r  i_xlnx_clk_gen/inst/clkout1_buf/O
                         net (fo=16470, routed)       0.883    -0.832    i_axi_dwidth_converter_dm_slave/inst/gen_downsizer.gen_simple_downsizer.axi_downsizer_inst/USE_READ.read_addr_inst/cmd_queue/inst/fifo_gen_inst/inst_fifo_gen/gconvfifo.rf/grf.rf/rstblk/ngwrdrst.grst.g7serrst.gnsckt_wrst.rst_wr_reg2_inst/dest_clk
    SLICE_X95Y4          FDPE                                         r  i_axi_dwidth_converter_dm_slave/inst/gen_downsizer.gen_simple_downsizer.axi_downsizer_inst/USE_READ.read_addr_inst/cmd_queue/inst/fifo_gen_inst/inst_fifo_gen/gconvfifo.rf/grf.rf/rstblk/ngwrdrst.grst.g7serrst.gnsckt_wrst.rst_wr_reg2_inst/arststages_ff_reg[1]/C

Slack:                    inf
  Source:                 i_rstgen_main/i_rstgen_bypass/synch_regs_q_reg[3]/C
                            (rising edge-triggered cell FDCE clocked by clk_out1_xlnx_clk_gen  {rise@0.000ns fall@10.000ns period=20.000ns})
  Destination:            i_axi_dwidth_converter_dm_slave/inst/gen_downsizer.gen_simple_downsizer.axi_downsizer_inst/USE_WRITE.write_addr_inst/USE_B_CHANNEL.cmd_b_queue/inst/fifo_gen_inst/inst_fifo_gen/gconvfifo.rf/grf.rf/rstblk/ngwrdrst.grst.g7serrst.gnsckt_wrst.rst_wr_reg2_inst/arststages_ff_reg[0]/PRE
                            (removal check against rising-edge clock clk_out1_xlnx_clk_gen  {rise@0.000ns fall@10.000ns period=20.000ns})
  Path Group:             (none)
  Path Type:              Removal (Min at Fast Process Corner)
  Data Path Delay:        1.901ns  (logic 0.209ns (10.994%)  route 1.692ns (89.006%))
  Logic Levels:           1  (LUT1=1)
  Clock Path Skew:        -0.205ns (DCD - SCD - CPR)
    Destination Clock Delay (DCD):    -0.830ns
    Source Clock Delay      (SCD):    -0.626ns
    Clock Pessimism Removal (CPR):    -0.000ns
  Clock Uncertainty:      0.079ns  ((TSJ^2 + DJ^2)^1/2) / 2 + PE
    Total System Jitter     (TSJ):    0.071ns
    Discrete Jitter          (DJ):    0.142ns
    Phase Error              (PE):    0.000ns
  Timing Exception:       False Path

    Location             Delay type                Incr(ns)  Path(ns)    Netlist Resource(s)
  -------------------------------------------------------------------    -------------------
                         (clock clk_out1_xlnx_clk_gen rise edge)
                                                      0.000     0.000 r  
    K17                                               0.000     0.000 r  clk_sys (IN)
                         net (fo=0)                   0.000     0.000    i_xlnx_clk_gen/inst/clk_in1
    K17                  IBUF (Prop_ibuf_I_O)         0.243     0.243 r  i_xlnx_clk_gen/inst/clkin1_ibufg/O
                         net (fo=1, routed)           0.440     0.683    i_xlnx_clk_gen/inst/clk_in1_xlnx_clk_gen
    MMCME2_ADV_X1Y2      MMCME2_ADV (Prop_mmcme2_adv_CLKIN1_CLKOUT0)
                                                     -2.613    -1.930 r  i_xlnx_clk_gen/inst/mmcm_adv_inst/CLKOUT0
                         net (fo=1, routed)           0.696    -1.233    i_xlnx_clk_gen/inst/clk_out1_xlnx_clk_gen
    BUFGCTRL_X0Y16       BUFG (Prop_bufg_I_O)         0.026    -1.207 r  i_xlnx_clk_gen/inst/clkout1_buf/O
                         net (fo=16470, routed)       0.582    -0.626    i_rstgen_main/i_rstgen_bypass/clk_out1
    SLICE_X62Y12         FDCE                                         r  i_rstgen_main/i_rstgen_bypass/synch_regs_q_reg[3]/C
  -------------------------------------------------------------------    -------------------
    SLICE_X62Y12         FDCE (Prop_fdce_C_Q)         0.164    -0.462 r  i_rstgen_main/i_rstgen_bypass/synch_regs_q_reg[3]/Q
                         net (fo=19, routed)          1.123     0.661    i_axi_dwidth_converter_dm_slave/inst/gen_downsizer.gen_simple_downsizer.axi_downsizer_inst/USE_WRITE.write_addr_inst/USE_B_CHANNEL.cmd_b_queue/inst/out
    SLICE_X102Y7         LUT1 (Prop_lut1_I0_O)        0.045     0.706 f  i_axi_dwidth_converter_dm_slave/inst/gen_downsizer.gen_simple_downsizer.axi_downsizer_inst/USE_WRITE.write_addr_inst/USE_B_CHANNEL.cmd_b_queue/inst/S_AXI_AREADY_I_i_1/O
                         net (fo=165, routed)         0.569     1.275    i_axi_dwidth_converter_dm_slave/inst/gen_downsizer.gen_simple_downsizer.axi_downsizer_inst/USE_WRITE.write_addr_inst/USE_B_CHANNEL.cmd_b_queue/inst/fifo_gen_inst/inst_fifo_gen/gconvfifo.rf/grf.rf/rstblk/ngwrdrst.grst.g7serrst.gnsckt_wrst.rst_wr_reg2_inst/src_arst
    SLICE_X104Y0         FDPE                                         f  i_axi_dwidth_converter_dm_slave/inst/gen_downsizer.gen_simple_downsizer.axi_downsizer_inst/USE_WRITE.write_addr_inst/USE_B_CHANNEL.cmd_b_queue/inst/fifo_gen_inst/inst_fifo_gen/gconvfifo.rf/grf.rf/rstblk/ngwrdrst.grst.g7serrst.gnsckt_wrst.rst_wr_reg2_inst/arststages_ff_reg[0]/PRE
  -------------------------------------------------------------------    -------------------

                         (clock clk_out1_xlnx_clk_gen rise edge)
                                                      0.000     0.000 r  
    K17                                               0.000     0.000 r  clk_sys (IN)
                         net (fo=0)                   0.000     0.000    i_xlnx_clk_gen/inst/clk_in1
    K17                  IBUF (Prop_ibuf_I_O)         0.431     0.431 r  i_xlnx_clk_gen/inst/clkin1_ibufg/O
                         net (fo=1, routed)           0.480     0.911    i_xlnx_clk_gen/inst/clk_in1_xlnx_clk_gen
    MMCME2_ADV_X1Y2      MMCME2_ADV (Prop_mmcme2_adv_CLKIN1_CLKOUT0)
                                                     -3.407    -2.496 r  i_xlnx_clk_gen/inst/mmcm_adv_inst/CLKOUT0
                         net (fo=1, routed)           0.752    -1.744    i_xlnx_clk_gen/inst/clk_out1_xlnx_clk_gen
    BUFGCTRL_X0Y16       BUFG (Prop_bufg_I_O)         0.029    -1.715 r  i_xlnx_clk_gen/inst/clkout1_buf/O
                         net (fo=16470, routed)       0.885    -0.830    i_axi_dwidth_converter_dm_slave/inst/gen_downsizer.gen_simple_downsizer.axi_downsizer_inst/USE_WRITE.write_addr_inst/USE_B_CHANNEL.cmd_b_queue/inst/fifo_gen_inst/inst_fifo_gen/gconvfifo.rf/grf.rf/rstblk/ngwrdrst.grst.g7serrst.gnsckt_wrst.rst_wr_reg2_inst/dest_clk
    SLICE_X104Y0         FDPE                                         r  i_axi_dwidth_converter_dm_slave/inst/gen_downsizer.gen_simple_downsizer.axi_downsizer_inst/USE_WRITE.write_addr_inst/USE_B_CHANNEL.cmd_b_queue/inst/fifo_gen_inst/inst_fifo_gen/gconvfifo.rf/grf.rf/rstblk/ngwrdrst.grst.g7serrst.gnsckt_wrst.rst_wr_reg2_inst/arststages_ff_reg[0]/C

Slack:                    inf
  Source:                 i_rstgen_main/i_rstgen_bypass/synch_regs_q_reg[3]/C
                            (rising edge-triggered cell FDCE clocked by clk_out1_xlnx_clk_gen  {rise@0.000ns fall@10.000ns period=20.000ns})
  Destination:            i_axi_dwidth_converter_dm_slave/inst/gen_downsizer.gen_simple_downsizer.axi_downsizer_inst/USE_WRITE.write_addr_inst/USE_B_CHANNEL.cmd_b_queue/inst/fifo_gen_inst/inst_fifo_gen/gconvfifo.rf/grf.rf/rstblk/ngwrdrst.grst.g7serrst.gnsckt_wrst.rst_wr_reg2_inst/arststages_ff_reg[1]/PRE
                            (removal check against rising-edge clock clk_out1_xlnx_clk_gen  {rise@0.000ns fall@10.000ns period=20.000ns})
  Path Group:             (none)
  Path Type:              Removal (Min at Fast Process Corner)
  Data Path Delay:        1.901ns  (logic 0.209ns (10.994%)  route 1.692ns (89.006%))
  Logic Levels:           1  (LUT1=1)
  Clock Path Skew:        -0.205ns (DCD - SCD - CPR)
    Destination Clock Delay (DCD):    -0.830ns
    Source Clock Delay      (SCD):    -0.626ns
    Clock Pessimism Removal (CPR):    -0.000ns
  Clock Uncertainty:      0.079ns  ((TSJ^2 + DJ^2)^1/2) / 2 + PE
    Total System Jitter     (TSJ):    0.071ns
    Discrete Jitter          (DJ):    0.142ns
    Phase Error              (PE):    0.000ns
  Timing Exception:       False Path

    Location             Delay type                Incr(ns)  Path(ns)    Netlist Resource(s)
  -------------------------------------------------------------------    -------------------
                         (clock clk_out1_xlnx_clk_gen rise edge)
                                                      0.000     0.000 r  
    K17                                               0.000     0.000 r  clk_sys (IN)
                         net (fo=0)                   0.000     0.000    i_xlnx_clk_gen/inst/clk_in1
    K17                  IBUF (Prop_ibuf_I_O)         0.243     0.243 r  i_xlnx_clk_gen/inst/clkin1_ibufg/O
                         net (fo=1, routed)           0.440     0.683    i_xlnx_clk_gen/inst/clk_in1_xlnx_clk_gen
    MMCME2_ADV_X1Y2      MMCME2_ADV (Prop_mmcme2_adv_CLKIN1_CLKOUT0)
                                                     -2.613    -1.930 r  i_xlnx_clk_gen/inst/mmcm_adv_inst/CLKOUT0
                         net (fo=1, routed)           0.696    -1.233    i_xlnx_clk_gen/inst/clk_out1_xlnx_clk_gen
    BUFGCTRL_X0Y16       BUFG (Prop_bufg_I_O)         0.026    -1.207 r  i_xlnx_clk_gen/inst/clkout1_buf/O
                         net (fo=16470, routed)       0.582    -0.626    i_rstgen_main/i_rstgen_bypass/clk_out1
    SLICE_X62Y12         FDCE                                         r  i_rstgen_main/i_rstgen_bypass/synch_regs_q_reg[3]/C
  -------------------------------------------------------------------    -------------------
    SLICE_X62Y12         FDCE (Prop_fdce_C_Q)         0.164    -0.462 r  i_rstgen_main/i_rstgen_bypass/synch_regs_q_reg[3]/Q
                         net (fo=19, routed)          1.123     0.661    i_axi_dwidth_converter_dm_slave/inst/gen_downsizer.gen_simple_downsizer.axi_downsizer_inst/USE_WRITE.write_addr_inst/USE_B_CHANNEL.cmd_b_queue/inst/out
    SLICE_X102Y7         LUT1 (Prop_lut1_I0_O)        0.045     0.706 f  i_axi_dwidth_converter_dm_slave/inst/gen_downsizer.gen_simple_downsizer.axi_downsizer_inst/USE_WRITE.write_addr_inst/USE_B_CHANNEL.cmd_b_queue/inst/S_AXI_AREADY_I_i_1/O
                         net (fo=165, routed)         0.569     1.275    i_axi_dwidth_converter_dm_slave/inst/gen_downsizer.gen_simple_downsizer.axi_downsizer_inst/USE_WRITE.write_addr_inst/USE_B_CHANNEL.cmd_b_queue/inst/fifo_gen_inst/inst_fifo_gen/gconvfifo.rf/grf.rf/rstblk/ngwrdrst.grst.g7serrst.gnsckt_wrst.rst_wr_reg2_inst/src_arst
    SLICE_X104Y0         FDPE                                         f  i_axi_dwidth_converter_dm_slave/inst/gen_downsizer.gen_simple_downsizer.axi_downsizer_inst/USE_WRITE.write_addr_inst/USE_B_CHANNEL.cmd_b_queue/inst/fifo_gen_inst/inst_fifo_gen/gconvfifo.rf/grf.rf/rstblk/ngwrdrst.grst.g7serrst.gnsckt_wrst.rst_wr_reg2_inst/arststages_ff_reg[1]/PRE
  -------------------------------------------------------------------    -------------------

                         (clock clk_out1_xlnx_clk_gen rise edge)
                                                      0.000     0.000 r  
    K17                                               0.000     0.000 r  clk_sys (IN)
                         net (fo=0)                   0.000     0.000    i_xlnx_clk_gen/inst/clk_in1
    K17                  IBUF (Prop_ibuf_I_O)         0.431     0.431 r  i_xlnx_clk_gen/inst/clkin1_ibufg/O
                         net (fo=1, routed)           0.480     0.911    i_xlnx_clk_gen/inst/clk_in1_xlnx_clk_gen
    MMCME2_ADV_X1Y2      MMCME2_ADV (Prop_mmcme2_adv_CLKIN1_CLKOUT0)
                                                     -3.407    -2.496 r  i_xlnx_clk_gen/inst/mmcm_adv_inst/CLKOUT0
                         net (fo=1, routed)           0.752    -1.744    i_xlnx_clk_gen/inst/clk_out1_xlnx_clk_gen
    BUFGCTRL_X0Y16       BUFG (Prop_bufg_I_O)         0.029    -1.715 r  i_xlnx_clk_gen/inst/clkout1_buf/O
                         net (fo=16470, routed)       0.885    -0.830    i_axi_dwidth_converter_dm_slave/inst/gen_downsizer.gen_simple_downsizer.axi_downsizer_inst/USE_WRITE.write_addr_inst/USE_B_CHANNEL.cmd_b_queue/inst/fifo_gen_inst/inst_fifo_gen/gconvfifo.rf/grf.rf/rstblk/ngwrdrst.grst.g7serrst.gnsckt_wrst.rst_wr_reg2_inst/dest_clk
    SLICE_X104Y0         FDPE                                         r  i_axi_dwidth_converter_dm_slave/inst/gen_downsizer.gen_simple_downsizer.axi_downsizer_inst/USE_WRITE.write_addr_inst/USE_B_CHANNEL.cmd_b_queue/inst/fifo_gen_inst/inst_fifo_gen/gconvfifo.rf/grf.rf/rstblk/ngwrdrst.grst.g7serrst.gnsckt_wrst.rst_wr_reg2_inst/arststages_ff_reg[1]/C





--------------------------------------------------------------------------------------
Path Group:  (none)
From Clock:  
  To Clock:  tck

Max Delay           258 Endpoints
Min Delay           258 Endpoints
--------------------------------------------------------------------------------------


Max Delay Paths
--------------------------------------------------------------------------------------
Slack:                    inf
  Source:                 trst_n
                            (input port)
  Destination:            i_dmi_jtag/dr_q_reg[32]/CLR
                            (recovery check against rising-edge clock tck  {rise@0.000ns fall@50.000ns period=100.000ns})
  Path Group:             (none)
  Path Type:              Recovery (Max at Slow Process Corner)
  Data Path Delay:        9.780ns  (logic 1.694ns (17.323%)  route 8.086ns (82.677%))
  Logic Levels:           2  (IBUF=1 LUT1=1)
  Clock Path Skew:        6.197ns (DCD - SCD + CPR)
    Destination Clock Delay (DCD):    6.197ns
    Source Clock Delay      (SCD):    0.000ns
    Clock Pessimism Removal (CPR):    0.000ns
  Clock Uncertainty:      0.501ns  ((TSJ^2 + TIJ^2)^1/2 + DJ) / 2 + PE
    Total System Jitter     (TSJ):    0.050ns
    Total Input Jitter      (TIJ):    1.000ns
    Discrete Jitter          (DJ):    0.000ns
    Phase Error              (PE):    0.000ns
  Timing Exception:       False Path

    Location             Delay type                Incr(ns)  Path(ns)    Netlist Resource(s)
  -------------------------------------------------------------------    -------------------
    V13                                               0.000     0.000 r  trst_n (IN)
                         net (fo=0)                   0.000     0.000    trst_n
    V13                  IBUF (Prop_ibuf_I_O)         1.570     1.570 r  trst_n_IBUF_inst/O
                         net (fo=1, routed)           1.244     2.814    i_dmi_jtag/i_dmi_jtag_tap/trst_n_IBUF
    SLICE_X113Y90        LUT1 (Prop_lut1_I0_O)        0.124     2.938 f  i_dmi_jtag/i_dmi_jtag_tap/FSM_onehot_tap_state_q[15]_i_2/O
                         net (fo=258, routed)         6.842     9.780    i_dmi_jtag/i_dmi_jtag_tap_n_1
    SLICE_X85Y11         FDCE                                         f  i_dmi_jtag/dr_q_reg[32]/CLR
  -------------------------------------------------------------------    -------------------

                         (clock tck rise edge)        0.000     0.000 r  
    H15                                               0.000     0.000 r  tck (IN)
                         net (fo=0)                   0.000     0.000    tck
    H15                  IBUF (Prop_ibuf_I_O)         1.430     1.430 r  tck_IBUF_inst/O
                         net (fo=1, routed)           3.120     4.550    tck_IBUF
    BUFGCTRL_X0Y0        BUFG (Prop_bufg_I_O)         0.091     4.641 r  tck_IBUF_BUFG_inst/O
                         net (fo=258, routed)         1.556     6.197    i_dmi_jtag/CLK
    SLICE_X85Y11         FDCE                                         r  i_dmi_jtag/dr_q_reg[32]/C

Slack:                    inf
  Source:                 trst_n
                            (input port)
  Destination:            i_dmi_jtag/dr_q_reg[33]/CLR
                            (recovery check against rising-edge clock tck  {rise@0.000ns fall@50.000ns period=100.000ns})
  Path Group:             (none)
  Path Type:              Recovery (Max at Slow Process Corner)
  Data Path Delay:        9.780ns  (logic 1.694ns (17.323%)  route 8.086ns (82.677%))
  Logic Levels:           2  (IBUF=1 LUT1=1)
  Clock Path Skew:        6.197ns (DCD - SCD + CPR)
    Destination Clock Delay (DCD):    6.197ns
    Source Clock Delay      (SCD):    0.000ns
    Clock Pessimism Removal (CPR):    0.000ns
  Clock Uncertainty:      0.501ns  ((TSJ^2 + TIJ^2)^1/2 + DJ) / 2 + PE
    Total System Jitter     (TSJ):    0.050ns
    Total Input Jitter      (TIJ):    1.000ns
    Discrete Jitter          (DJ):    0.000ns
    Phase Error              (PE):    0.000ns
  Timing Exception:       False Path

    Location             Delay type                Incr(ns)  Path(ns)    Netlist Resource(s)
  -------------------------------------------------------------------    -------------------
    V13                                               0.000     0.000 r  trst_n (IN)
                         net (fo=0)                   0.000     0.000    trst_n
    V13                  IBUF (Prop_ibuf_I_O)         1.570     1.570 r  trst_n_IBUF_inst/O
                         net (fo=1, routed)           1.244     2.814    i_dmi_jtag/i_dmi_jtag_tap/trst_n_IBUF
    SLICE_X113Y90        LUT1 (Prop_lut1_I0_O)        0.124     2.938 f  i_dmi_jtag/i_dmi_jtag_tap/FSM_onehot_tap_state_q[15]_i_2/O
                         net (fo=258, routed)         6.842     9.780    i_dmi_jtag/i_dmi_jtag_tap_n_1
    SLICE_X85Y11         FDCE                                         f  i_dmi_jtag/dr_q_reg[33]/CLR
  -------------------------------------------------------------------    -------------------

                         (clock tck rise edge)        0.000     0.000 r  
    H15                                               0.000     0.000 r  tck (IN)
                         net (fo=0)                   0.000     0.000    tck
    H15                  IBUF (Prop_ibuf_I_O)         1.430     1.430 r  tck_IBUF_inst/O
                         net (fo=1, routed)           3.120     4.550    tck_IBUF
    BUFGCTRL_X0Y0        BUFG (Prop_bufg_I_O)         0.091     4.641 r  tck_IBUF_BUFG_inst/O
                         net (fo=258, routed)         1.556     6.197    i_dmi_jtag/CLK
    SLICE_X85Y11         FDCE                                         r  i_dmi_jtag/dr_q_reg[33]/C

Slack:                    inf
  Source:                 trst_n
                            (input port)
  Destination:            i_dmi_jtag/dr_q_reg[34]/CLR
                            (recovery check against rising-edge clock tck  {rise@0.000ns fall@50.000ns period=100.000ns})
  Path Group:             (none)
  Path Type:              Recovery (Max at Slow Process Corner)
  Data Path Delay:        9.780ns  (logic 1.694ns (17.323%)  route 8.086ns (82.677%))
  Logic Levels:           2  (IBUF=1 LUT1=1)
  Clock Path Skew:        6.197ns (DCD - SCD + CPR)
    Destination Clock Delay (DCD):    6.197ns
    Source Clock Delay      (SCD):    0.000ns
    Clock Pessimism Removal (CPR):    0.000ns
  Clock Uncertainty:      0.501ns  ((TSJ^2 + TIJ^2)^1/2 + DJ) / 2 + PE
    Total System Jitter     (TSJ):    0.050ns
    Total Input Jitter      (TIJ):    1.000ns
    Discrete Jitter          (DJ):    0.000ns
    Phase Error              (PE):    0.000ns
  Timing Exception:       False Path

    Location             Delay type                Incr(ns)  Path(ns)    Netlist Resource(s)
  -------------------------------------------------------------------    -------------------
    V13                                               0.000     0.000 r  trst_n (IN)
                         net (fo=0)                   0.000     0.000    trst_n
    V13                  IBUF (Prop_ibuf_I_O)         1.570     1.570 r  trst_n_IBUF_inst/O
                         net (fo=1, routed)           1.244     2.814    i_dmi_jtag/i_dmi_jtag_tap/trst_n_IBUF
    SLICE_X113Y90        LUT1 (Prop_lut1_I0_O)        0.124     2.938 f  i_dmi_jtag/i_dmi_jtag_tap/FSM_onehot_tap_state_q[15]_i_2/O
                         net (fo=258, routed)         6.842     9.780    i_dmi_jtag/i_dmi_jtag_tap_n_1
    SLICE_X85Y11         FDCE                                         f  i_dmi_jtag/dr_q_reg[34]/CLR
  -------------------------------------------------------------------    -------------------

                         (clock tck rise edge)        0.000     0.000 r  
    H15                                               0.000     0.000 r  tck (IN)
                         net (fo=0)                   0.000     0.000    tck
    H15                  IBUF (Prop_ibuf_I_O)         1.430     1.430 r  tck_IBUF_inst/O
                         net (fo=1, routed)           3.120     4.550    tck_IBUF
    BUFGCTRL_X0Y0        BUFG (Prop_bufg_I_O)         0.091     4.641 r  tck_IBUF_BUFG_inst/O
                         net (fo=258, routed)         1.556     6.197    i_dmi_jtag/CLK
    SLICE_X85Y11         FDCE                                         r  i_dmi_jtag/dr_q_reg[34]/C

Slack:                    inf
  Source:                 trst_n
                            (input port)
  Destination:            i_dmi_jtag/dr_q_reg[35]/CLR
                            (recovery check against rising-edge clock tck  {rise@0.000ns fall@50.000ns period=100.000ns})
  Path Group:             (none)
  Path Type:              Recovery (Max at Slow Process Corner)
  Data Path Delay:        9.780ns  (logic 1.694ns (17.323%)  route 8.086ns (82.677%))
  Logic Levels:           2  (IBUF=1 LUT1=1)
  Clock Path Skew:        6.197ns (DCD - SCD + CPR)
    Destination Clock Delay (DCD):    6.197ns
    Source Clock Delay      (SCD):    0.000ns
    Clock Pessimism Removal (CPR):    0.000ns
  Clock Uncertainty:      0.501ns  ((TSJ^2 + TIJ^2)^1/2 + DJ) / 2 + PE
    Total System Jitter     (TSJ):    0.050ns
    Total Input Jitter      (TIJ):    1.000ns
    Discrete Jitter          (DJ):    0.000ns
    Phase Error              (PE):    0.000ns
  Timing Exception:       False Path

    Location             Delay type                Incr(ns)  Path(ns)    Netlist Resource(s)
  -------------------------------------------------------------------    -------------------
    V13                                               0.000     0.000 r  trst_n (IN)
                         net (fo=0)                   0.000     0.000    trst_n
    V13                  IBUF (Prop_ibuf_I_O)         1.570     1.570 r  trst_n_IBUF_inst/O
                         net (fo=1, routed)           1.244     2.814    i_dmi_jtag/i_dmi_jtag_tap/trst_n_IBUF
    SLICE_X113Y90        LUT1 (Prop_lut1_I0_O)        0.124     2.938 f  i_dmi_jtag/i_dmi_jtag_tap/FSM_onehot_tap_state_q[15]_i_2/O
                         net (fo=258, routed)         6.842     9.780    i_dmi_jtag/i_dmi_jtag_tap_n_1
    SLICE_X85Y11         FDCE                                         f  i_dmi_jtag/dr_q_reg[35]/CLR
  -------------------------------------------------------------------    -------------------

                         (clock tck rise edge)        0.000     0.000 r  
    H15                                               0.000     0.000 r  tck (IN)
                         net (fo=0)                   0.000     0.000    tck
    H15                  IBUF (Prop_ibuf_I_O)         1.430     1.430 r  tck_IBUF_inst/O
                         net (fo=1, routed)           3.120     4.550    tck_IBUF
    BUFGCTRL_X0Y0        BUFG (Prop_bufg_I_O)         0.091     4.641 r  tck_IBUF_BUFG_inst/O
                         net (fo=258, routed)         1.556     6.197    i_dmi_jtag/CLK
    SLICE_X85Y11         FDCE                                         r  i_dmi_jtag/dr_q_reg[35]/C

Slack:                    inf
  Source:                 trst_n
                            (input port)
  Destination:            i_dmi_jtag/i_dmi_cdc/i_cdc_req/i_src/data_src_q_reg[data][10]/CLR
                            (recovery check against rising-edge clock tck  {rise@0.000ns fall@50.000ns period=100.000ns})
  Path Group:             (none)
  Path Type:              Recovery (Max at Slow Process Corner)
  Data Path Delay:        9.678ns  (logic 1.694ns (17.505%)  route 7.984ns (82.495%))
  Logic Levels:           2  (IBUF=1 LUT1=1)
  Clock Path Skew:        6.200ns (DCD - SCD + CPR)
    Destination Clock Delay (DCD):    6.200ns
    Source Clock Delay      (SCD):    0.000ns
    Clock Pessimism Removal (CPR):    0.000ns
  Clock Uncertainty:      0.501ns  ((TSJ^2 + TIJ^2)^1/2 + DJ) / 2 + PE
    Total System Jitter     (TSJ):    0.050ns
    Total Input Jitter      (TIJ):    1.000ns
    Discrete Jitter          (DJ):    0.000ns
    Phase Error              (PE):    0.000ns
  Timing Exception:       False Path

    Location             Delay type                Incr(ns)  Path(ns)    Netlist Resource(s)
  -------------------------------------------------------------------    -------------------
    V13                                               0.000     0.000 r  trst_n (IN)
                         net (fo=0)                   0.000     0.000    trst_n
    V13                  IBUF (Prop_ibuf_I_O)         1.570     1.570 r  trst_n_IBUF_inst/O
                         net (fo=1, routed)           1.244     2.814    i_dmi_jtag/i_dmi_jtag_tap/trst_n_IBUF
    SLICE_X113Y90        LUT1 (Prop_lut1_I0_O)        0.124     2.938 f  i_dmi_jtag/i_dmi_jtag_tap/FSM_onehot_tap_state_q[15]_i_2/O
                         net (fo=258, routed)         6.740     9.678    i_dmi_jtag/i_dmi_cdc/i_cdc_req/i_src/data_src_q_reg[data][0]_0
    SLICE_X80Y6          FDCE                                         f  i_dmi_jtag/i_dmi_cdc/i_cdc_req/i_src/data_src_q_reg[data][10]/CLR
  -------------------------------------------------------------------    -------------------

                         (clock tck rise edge)        0.000     0.000 r  
    H15                                               0.000     0.000 r  tck (IN)
                         net (fo=0)                   0.000     0.000    tck
    H15                  IBUF (Prop_ibuf_I_O)         1.430     1.430 r  tck_IBUF_inst/O
                         net (fo=1, routed)           3.120     4.550    tck_IBUF
    BUFGCTRL_X0Y0        BUFG (Prop_bufg_I_O)         0.091     4.641 r  tck_IBUF_BUFG_inst/O
                         net (fo=258, routed)         1.559     6.200    i_dmi_jtag/i_dmi_cdc/i_cdc_req/i_src/CLK
    SLICE_X80Y6          FDCE                                         r  i_dmi_jtag/i_dmi_cdc/i_cdc_req/i_src/data_src_q_reg[data][10]/C

Slack:                    inf
  Source:                 trst_n
                            (input port)
  Destination:            i_dmi_jtag/i_dmi_cdc/i_cdc_req/i_src/data_src_q_reg[data][11]/CLR
                            (recovery check against rising-edge clock tck  {rise@0.000ns fall@50.000ns period=100.000ns})
  Path Group:             (none)
  Path Type:              Recovery (Max at Slow Process Corner)
  Data Path Delay:        9.678ns  (logic 1.694ns (17.505%)  route 7.984ns (82.495%))
  Logic Levels:           2  (IBUF=1 LUT1=1)
  Clock Path Skew:        6.200ns (DCD - SCD + CPR)
    Destination Clock Delay (DCD):    6.200ns
    Source Clock Delay      (SCD):    0.000ns
    Clock Pessimism Removal (CPR):    0.000ns
  Clock Uncertainty:      0.501ns  ((TSJ^2 + TIJ^2)^1/2 + DJ) / 2 + PE
    Total System Jitter     (TSJ):    0.050ns
    Total Input Jitter      (TIJ):    1.000ns
    Discrete Jitter          (DJ):    0.000ns
    Phase Error              (PE):    0.000ns
  Timing Exception:       False Path

    Location             Delay type                Incr(ns)  Path(ns)    Netlist Resource(s)
  -------------------------------------------------------------------    -------------------
    V13                                               0.000     0.000 r  trst_n (IN)
                         net (fo=0)                   0.000     0.000    trst_n
    V13                  IBUF (Prop_ibuf_I_O)         1.570     1.570 r  trst_n_IBUF_inst/O
                         net (fo=1, routed)           1.244     2.814    i_dmi_jtag/i_dmi_jtag_tap/trst_n_IBUF
    SLICE_X113Y90        LUT1 (Prop_lut1_I0_O)        0.124     2.938 f  i_dmi_jtag/i_dmi_jtag_tap/FSM_onehot_tap_state_q[15]_i_2/O
                         net (fo=258, routed)         6.740     9.678    i_dmi_jtag/i_dmi_cdc/i_cdc_req/i_src/data_src_q_reg[data][0]_0
    SLICE_X80Y6          FDCE                                         f  i_dmi_jtag/i_dmi_cdc/i_cdc_req/i_src/data_src_q_reg[data][11]/CLR
  -------------------------------------------------------------------    -------------------

                         (clock tck rise edge)        0.000     0.000 r  
    H15                                               0.000     0.000 r  tck (IN)
                         net (fo=0)                   0.000     0.000    tck
    H15                  IBUF (Prop_ibuf_I_O)         1.430     1.430 r  tck_IBUF_inst/O
                         net (fo=1, routed)           3.120     4.550    tck_IBUF
    BUFGCTRL_X0Y0        BUFG (Prop_bufg_I_O)         0.091     4.641 r  tck_IBUF_BUFG_inst/O
                         net (fo=258, routed)         1.559     6.200    i_dmi_jtag/i_dmi_cdc/i_cdc_req/i_src/CLK
    SLICE_X80Y6          FDCE                                         r  i_dmi_jtag/i_dmi_cdc/i_cdc_req/i_src/data_src_q_reg[data][11]/C

Slack:                    inf
  Source:                 trst_n
                            (input port)
  Destination:            i_dmi_jtag/i_dmi_cdc/i_cdc_req/i_src/data_src_q_reg[data][14]/CLR
                            (recovery check against rising-edge clock tck  {rise@0.000ns fall@50.000ns period=100.000ns})
  Path Group:             (none)
  Path Type:              Recovery (Max at Slow Process Corner)
  Data Path Delay:        9.678ns  (logic 1.694ns (17.505%)  route 7.984ns (82.495%))
  Logic Levels:           2  (IBUF=1 LUT1=1)
  Clock Path Skew:        6.200ns (DCD - SCD + CPR)
    Destination Clock Delay (DCD):    6.200ns
    Source Clock Delay      (SCD):    0.000ns
    Clock Pessimism Removal (CPR):    0.000ns
  Clock Uncertainty:      0.501ns  ((TSJ^2 + TIJ^2)^1/2 + DJ) / 2 + PE
    Total System Jitter     (TSJ):    0.050ns
    Total Input Jitter      (TIJ):    1.000ns
    Discrete Jitter          (DJ):    0.000ns
    Phase Error              (PE):    0.000ns
  Timing Exception:       False Path

    Location             Delay type                Incr(ns)  Path(ns)    Netlist Resource(s)
  -------------------------------------------------------------------    -------------------
    V13                                               0.000     0.000 r  trst_n (IN)
                         net (fo=0)                   0.000     0.000    trst_n
    V13                  IBUF (Prop_ibuf_I_O)         1.570     1.570 r  trst_n_IBUF_inst/O
                         net (fo=1, routed)           1.244     2.814    i_dmi_jtag/i_dmi_jtag_tap/trst_n_IBUF
    SLICE_X113Y90        LUT1 (Prop_lut1_I0_O)        0.124     2.938 f  i_dmi_jtag/i_dmi_jtag_tap/FSM_onehot_tap_state_q[15]_i_2/O
                         net (fo=258, routed)         6.740     9.678    i_dmi_jtag/i_dmi_cdc/i_cdc_req/i_src/data_src_q_reg[data][0]_0
    SLICE_X80Y6          FDCE                                         f  i_dmi_jtag/i_dmi_cdc/i_cdc_req/i_src/data_src_q_reg[data][14]/CLR
  -------------------------------------------------------------------    -------------------

                         (clock tck rise edge)        0.000     0.000 r  
    H15                                               0.000     0.000 r  tck (IN)
                         net (fo=0)                   0.000     0.000    tck
    H15                  IBUF (Prop_ibuf_I_O)         1.430     1.430 r  tck_IBUF_inst/O
                         net (fo=1, routed)           3.120     4.550    tck_IBUF
    BUFGCTRL_X0Y0        BUFG (Prop_bufg_I_O)         0.091     4.641 r  tck_IBUF_BUFG_inst/O
                         net (fo=258, routed)         1.559     6.200    i_dmi_jtag/i_dmi_cdc/i_cdc_req/i_src/CLK
    SLICE_X80Y6          FDCE                                         r  i_dmi_jtag/i_dmi_cdc/i_cdc_req/i_src/data_src_q_reg[data][14]/C

Slack:                    inf
  Source:                 trst_n
                            (input port)
  Destination:            i_dmi_jtag/i_dmi_cdc/i_cdc_req/i_src/data_src_q_reg[data][22]/CLR
                            (recovery check against rising-edge clock tck  {rise@0.000ns fall@50.000ns period=100.000ns})
  Path Group:             (none)
  Path Type:              Recovery (Max at Slow Process Corner)
  Data Path Delay:        9.678ns  (logic 1.694ns (17.505%)  route 7.984ns (82.495%))
  Logic Levels:           2  (IBUF=1 LUT1=1)
  Clock Path Skew:        6.200ns (DCD - SCD + CPR)
    Destination Clock Delay (DCD):    6.200ns
    Source Clock Delay      (SCD):    0.000ns
    Clock Pessimism Removal (CPR):    0.000ns
  Clock Uncertainty:      0.501ns  ((TSJ^2 + TIJ^2)^1/2 + DJ) / 2 + PE
    Total System Jitter     (TSJ):    0.050ns
    Total Input Jitter      (TIJ):    1.000ns
    Discrete Jitter          (DJ):    0.000ns
    Phase Error              (PE):    0.000ns
  Timing Exception:       False Path

    Location             Delay type                Incr(ns)  Path(ns)    Netlist Resource(s)
  -------------------------------------------------------------------    -------------------
    V13                                               0.000     0.000 r  trst_n (IN)
                         net (fo=0)                   0.000     0.000    trst_n
    V13                  IBUF (Prop_ibuf_I_O)         1.570     1.570 r  trst_n_IBUF_inst/O
                         net (fo=1, routed)           1.244     2.814    i_dmi_jtag/i_dmi_jtag_tap/trst_n_IBUF
    SLICE_X113Y90        LUT1 (Prop_lut1_I0_O)        0.124     2.938 f  i_dmi_jtag/i_dmi_jtag_tap/FSM_onehot_tap_state_q[15]_i_2/O
                         net (fo=258, routed)         6.740     9.678    i_dmi_jtag/i_dmi_cdc/i_cdc_req/i_src/data_src_q_reg[data][0]_0
    SLICE_X80Y6          FDCE                                         f  i_dmi_jtag/i_dmi_cdc/i_cdc_req/i_src/data_src_q_reg[data][22]/CLR
  -------------------------------------------------------------------    -------------------

                         (clock tck rise edge)        0.000     0.000 r  
    H15                                               0.000     0.000 r  tck (IN)
                         net (fo=0)                   0.000     0.000    tck
    H15                  IBUF (Prop_ibuf_I_O)         1.430     1.430 r  tck_IBUF_inst/O
                         net (fo=1, routed)           3.120     4.550    tck_IBUF
    BUFGCTRL_X0Y0        BUFG (Prop_bufg_I_O)         0.091     4.641 r  tck_IBUF_BUFG_inst/O
                         net (fo=258, routed)         1.559     6.200    i_dmi_jtag/i_dmi_cdc/i_cdc_req/i_src/CLK
    SLICE_X80Y6          FDCE                                         r  i_dmi_jtag/i_dmi_cdc/i_cdc_req/i_src/data_src_q_reg[data][22]/C

Slack:                    inf
  Source:                 trst_n
                            (input port)
  Destination:            i_dmi_jtag/i_dmi_cdc/i_cdc_req/i_src/data_src_q_reg[data][8]/CLR
                            (recovery check against rising-edge clock tck  {rise@0.000ns fall@50.000ns period=100.000ns})
  Path Group:             (none)
  Path Type:              Recovery (Max at Slow Process Corner)
  Data Path Delay:        9.678ns  (logic 1.694ns (17.505%)  route 7.984ns (82.495%))
  Logic Levels:           2  (IBUF=1 LUT1=1)
  Clock Path Skew:        6.200ns (DCD - SCD + CPR)
    Destination Clock Delay (DCD):    6.200ns
    Source Clock Delay      (SCD):    0.000ns
    Clock Pessimism Removal (CPR):    0.000ns
  Clock Uncertainty:      0.501ns  ((TSJ^2 + TIJ^2)^1/2 + DJ) / 2 + PE
    Total System Jitter     (TSJ):    0.050ns
    Total Input Jitter      (TIJ):    1.000ns
    Discrete Jitter          (DJ):    0.000ns
    Phase Error              (PE):    0.000ns
  Timing Exception:       False Path

    Location             Delay type                Incr(ns)  Path(ns)    Netlist Resource(s)
  -------------------------------------------------------------------    -------------------
    V13                                               0.000     0.000 r  trst_n (IN)
                         net (fo=0)                   0.000     0.000    trst_n
    V13                  IBUF (Prop_ibuf_I_O)         1.570     1.570 r  trst_n_IBUF_inst/O
                         net (fo=1, routed)           1.244     2.814    i_dmi_jtag/i_dmi_jtag_tap/trst_n_IBUF
    SLICE_X113Y90        LUT1 (Prop_lut1_I0_O)        0.124     2.938 f  i_dmi_jtag/i_dmi_jtag_tap/FSM_onehot_tap_state_q[15]_i_2/O
                         net (fo=258, routed)         6.740     9.678    i_dmi_jtag/i_dmi_cdc/i_cdc_req/i_src/data_src_q_reg[data][0]_0
    SLICE_X80Y6          FDCE                                         f  i_dmi_jtag/i_dmi_cdc/i_cdc_req/i_src/data_src_q_reg[data][8]/CLR
  -------------------------------------------------------------------    -------------------

                         (clock tck rise edge)        0.000     0.000 r  
    H15                                               0.000     0.000 r  tck (IN)
                         net (fo=0)                   0.000     0.000    tck
    H15                  IBUF (Prop_ibuf_I_O)         1.430     1.430 r  tck_IBUF_inst/O
                         net (fo=1, routed)           3.120     4.550    tck_IBUF
    BUFGCTRL_X0Y0        BUFG (Prop_bufg_I_O)         0.091     4.641 r  tck_IBUF_BUFG_inst/O
                         net (fo=258, routed)         1.559     6.200    i_dmi_jtag/i_dmi_cdc/i_cdc_req/i_src/CLK
    SLICE_X80Y6          FDCE                                         r  i_dmi_jtag/i_dmi_cdc/i_cdc_req/i_src/data_src_q_reg[data][8]/C

Slack:                    inf
  Source:                 trst_n
                            (input port)
  Destination:            i_dmi_jtag/i_dmi_cdc/i_cdc_req/i_src/data_src_q_reg[data][9]/CLR
                            (recovery check against rising-edge clock tck  {rise@0.000ns fall@50.000ns period=100.000ns})
  Path Group:             (none)
  Path Type:              Recovery (Max at Slow Process Corner)
  Data Path Delay:        9.678ns  (logic 1.694ns (17.505%)  route 7.984ns (82.495%))
  Logic Levels:           2  (IBUF=1 LUT1=1)
  Clock Path Skew:        6.200ns (DCD - SCD + CPR)
    Destination Clock Delay (DCD):    6.200ns
    Source Clock Delay      (SCD):    0.000ns
    Clock Pessimism Removal (CPR):    0.000ns
  Clock Uncertainty:      0.501ns  ((TSJ^2 + TIJ^2)^1/2 + DJ) / 2 + PE
    Total System Jitter     (TSJ):    0.050ns
    Total Input Jitter      (TIJ):    1.000ns
    Discrete Jitter          (DJ):    0.000ns
    Phase Error              (PE):    0.000ns
  Timing Exception:       False Path

    Location             Delay type                Incr(ns)  Path(ns)    Netlist Resource(s)
  -------------------------------------------------------------------    -------------------
    V13                                               0.000     0.000 r  trst_n (IN)
                         net (fo=0)                   0.000     0.000    trst_n
    V13                  IBUF (Prop_ibuf_I_O)         1.570     1.570 r  trst_n_IBUF_inst/O
                         net (fo=1, routed)           1.244     2.814    i_dmi_jtag/i_dmi_jtag_tap/trst_n_IBUF
    SLICE_X113Y90        LUT1 (Prop_lut1_I0_O)        0.124     2.938 f  i_dmi_jtag/i_dmi_jtag_tap/FSM_onehot_tap_state_q[15]_i_2/O
                         net (fo=258, routed)         6.740     9.678    i_dmi_jtag/i_dmi_cdc/i_cdc_req/i_src/data_src_q_reg[data][0]_0
    SLICE_X80Y6          FDCE                                         f  i_dmi_jtag/i_dmi_cdc/i_cdc_req/i_src/data_src_q_reg[data][9]/CLR
  -------------------------------------------------------------------    -------------------

                         (clock tck rise edge)        0.000     0.000 r  
    H15                                               0.000     0.000 r  tck (IN)
                         net (fo=0)                   0.000     0.000    tck
    H15                  IBUF (Prop_ibuf_I_O)         1.430     1.430 r  tck_IBUF_inst/O
                         net (fo=1, routed)           3.120     4.550    tck_IBUF
    BUFGCTRL_X0Y0        BUFG (Prop_bufg_I_O)         0.091     4.641 r  tck_IBUF_BUFG_inst/O
                         net (fo=258, routed)         1.559     6.200    i_dmi_jtag/i_dmi_cdc/i_cdc_req/i_src/CLK
    SLICE_X80Y6          FDCE                                         r  i_dmi_jtag/i_dmi_cdc/i_cdc_req/i_src/data_src_q_reg[data][9]/C





Min Delay Paths
--------------------------------------------------------------------------------------
Slack:                    inf
  Source:                 trst_n
                            (input port)
  Destination:            i_dmi_jtag/i_dmi_jtag_tap/idcode_q_reg[21]/CLR
                            (removal check against rising-edge clock tck  {rise@0.000ns fall@50.000ns period=100.000ns})
  Path Group:             (none)
  Path Type:              Removal (Min at Fast Process Corner)
  Data Path Delay:        1.088ns  (logic 0.382ns (35.107%)  route 0.706ns (64.893%))
  Logic Levels:           2  (IBUF=1 LUT1=1)
  Clock Path Skew:        3.153ns (DCD - SCD - CPR)
    Destination Clock Delay (DCD):    3.153ns
    Source Clock Delay      (SCD):    0.000ns
    Clock Pessimism Removal (CPR):    -0.000ns
  Timing Exception:       False Path

    Location             Delay type                Incr(ns)  Path(ns)    Netlist Resource(s)
  -------------------------------------------------------------------    -------------------
    V13                                               0.000     0.000 r  trst_n (IN)
                         net (fo=0)                   0.000     0.000    trst_n
    V13                  IBUF (Prop_ibuf_I_O)         0.337     0.337 r  trst_n_IBUF_inst/O
                         net (fo=1, routed)           0.471     0.808    i_dmi_jtag/i_dmi_jtag_tap/trst_n_IBUF
    SLICE_X113Y90        LUT1 (Prop_lut1_I0_O)        0.045     0.853 f  i_dmi_jtag/i_dmi_jtag_tap/FSM_onehot_tap_state_q[15]_i_2/O
                         net (fo=258, routed)         0.235     1.088    i_dmi_jtag/i_dmi_jtag_tap/trst_n
    SLICE_X112Y87        FDCE                                         f  i_dmi_jtag/i_dmi_jtag_tap/idcode_q_reg[21]/CLR
  -------------------------------------------------------------------    -------------------

                         (clock tck rise edge)        0.000     0.000 r  
    H15                                               0.000     0.000 r  tck (IN)
                         net (fo=0)                   0.000     0.000    tck
    H15                  IBUF (Prop_ibuf_I_O)         0.456     0.456 r  tck_IBUF_inst/O
                         net (fo=1, routed)           1.762     2.218    tck_IBUF
    BUFGCTRL_X0Y0        BUFG (Prop_bufg_I_O)         0.029     2.247 r  tck_IBUF_BUFG_inst/O
                         net (fo=258, routed)         0.906     3.153    i_dmi_jtag/i_dmi_jtag_tap/CLK
    SLICE_X112Y87        FDCE                                         r  i_dmi_jtag/i_dmi_jtag_tap/idcode_q_reg[21]/C

Slack:                    inf
  Source:                 trst_n
                            (input port)
  Destination:            i_dmi_jtag/i_dmi_jtag_tap/idcode_q_reg[22]/CLR
                            (removal check against rising-edge clock tck  {rise@0.000ns fall@50.000ns period=100.000ns})
  Path Group:             (none)
  Path Type:              Removal (Min at Fast Process Corner)
  Data Path Delay:        1.088ns  (logic 0.382ns (35.107%)  route 0.706ns (64.893%))
  Logic Levels:           2  (IBUF=1 LUT1=1)
  Clock Path Skew:        3.153ns (DCD - SCD - CPR)
    Destination Clock Delay (DCD):    3.153ns
    Source Clock Delay      (SCD):    0.000ns
    Clock Pessimism Removal (CPR):    -0.000ns
  Timing Exception:       False Path

    Location             Delay type                Incr(ns)  Path(ns)    Netlist Resource(s)
  -------------------------------------------------------------------    -------------------
    V13                                               0.000     0.000 r  trst_n (IN)
                         net (fo=0)                   0.000     0.000    trst_n
    V13                  IBUF (Prop_ibuf_I_O)         0.337     0.337 r  trst_n_IBUF_inst/O
                         net (fo=1, routed)           0.471     0.808    i_dmi_jtag/i_dmi_jtag_tap/trst_n_IBUF
    SLICE_X113Y90        LUT1 (Prop_lut1_I0_O)        0.045     0.853 f  i_dmi_jtag/i_dmi_jtag_tap/FSM_onehot_tap_state_q[15]_i_2/O
                         net (fo=258, routed)         0.235     1.088    i_dmi_jtag/i_dmi_jtag_tap/trst_n
    SLICE_X112Y87        FDCE                                         f  i_dmi_jtag/i_dmi_jtag_tap/idcode_q_reg[22]/CLR
  -------------------------------------------------------------------    -------------------

                         (clock tck rise edge)        0.000     0.000 r  
    H15                                               0.000     0.000 r  tck (IN)
                         net (fo=0)                   0.000     0.000    tck
    H15                  IBUF (Prop_ibuf_I_O)         0.456     0.456 r  tck_IBUF_inst/O
                         net (fo=1, routed)           1.762     2.218    tck_IBUF
    BUFGCTRL_X0Y0        BUFG (Prop_bufg_I_O)         0.029     2.247 r  tck_IBUF_BUFG_inst/O
                         net (fo=258, routed)         0.906     3.153    i_dmi_jtag/i_dmi_jtag_tap/CLK
    SLICE_X112Y87        FDCE                                         r  i_dmi_jtag/i_dmi_jtag_tap/idcode_q_reg[22]/C

Slack:                    inf
  Source:                 trst_n
                            (input port)
  Destination:            i_dmi_jtag/i_dmi_jtag_tap/idcode_q_reg[23]/PRE
                            (removal check against rising-edge clock tck  {rise@0.000ns fall@50.000ns period=100.000ns})
  Path Group:             (none)
  Path Type:              Removal (Min at Fast Process Corner)
  Data Path Delay:        1.088ns  (logic 0.382ns (35.107%)  route 0.706ns (64.893%))
  Logic Levels:           2  (IBUF=1 LUT1=1)
  Clock Path Skew:        3.153ns (DCD - SCD - CPR)
    Destination Clock Delay (DCD):    3.153ns
    Source Clock Delay      (SCD):    0.000ns
    Clock Pessimism Removal (CPR):    -0.000ns
  Timing Exception:       False Path

    Location             Delay type                Incr(ns)  Path(ns)    Netlist Resource(s)
  -------------------------------------------------------------------    -------------------
    V13                                               0.000     0.000 r  trst_n (IN)
                         net (fo=0)                   0.000     0.000    trst_n
    V13                  IBUF (Prop_ibuf_I_O)         0.337     0.337 r  trst_n_IBUF_inst/O
                         net (fo=1, routed)           0.471     0.808    i_dmi_jtag/i_dmi_jtag_tap/trst_n_IBUF
    SLICE_X113Y90        LUT1 (Prop_lut1_I0_O)        0.045     0.853 f  i_dmi_jtag/i_dmi_jtag_tap/FSM_onehot_tap_state_q[15]_i_2/O
                         net (fo=258, routed)         0.235     1.088    i_dmi_jtag/i_dmi_jtag_tap/trst_n
    SLICE_X112Y87        FDPE                                         f  i_dmi_jtag/i_dmi_jtag_tap/idcode_q_reg[23]/PRE
  -------------------------------------------------------------------    -------------------

                         (clock tck rise edge)        0.000     0.000 r  
    H15                                               0.000     0.000 r  tck (IN)
                         net (fo=0)                   0.000     0.000    tck
    H15                  IBUF (Prop_ibuf_I_O)         0.456     0.456 r  tck_IBUF_inst/O
                         net (fo=1, routed)           1.762     2.218    tck_IBUF
    BUFGCTRL_X0Y0        BUFG (Prop_bufg_I_O)         0.029     2.247 r  tck_IBUF_BUFG_inst/O
                         net (fo=258, routed)         0.906     3.153    i_dmi_jtag/i_dmi_jtag_tap/CLK
    SLICE_X112Y87        FDPE                                         r  i_dmi_jtag/i_dmi_jtag_tap/idcode_q_reg[23]/C

Slack:                    inf
  Source:                 trst_n
                            (input port)
  Destination:            i_dmi_jtag/i_dmi_jtag_tap/idcode_q_reg[24]/CLR
                            (removal check against rising-edge clock tck  {rise@0.000ns fall@50.000ns period=100.000ns})
  Path Group:             (none)
  Path Type:              Removal (Min at Fast Process Corner)
  Data Path Delay:        1.088ns  (logic 0.382ns (35.107%)  route 0.706ns (64.893%))
  Logic Levels:           2  (IBUF=1 LUT1=1)
  Clock Path Skew:        3.153ns (DCD - SCD - CPR)
    Destination Clock Delay (DCD):    3.153ns
    Source Clock Delay      (SCD):    0.000ns
    Clock Pessimism Removal (CPR):    -0.000ns
  Timing Exception:       False Path

    Location             Delay type                Incr(ns)  Path(ns)    Netlist Resource(s)
  -------------------------------------------------------------------    -------------------
    V13                                               0.000     0.000 r  trst_n (IN)
                         net (fo=0)                   0.000     0.000    trst_n
    V13                  IBUF (Prop_ibuf_I_O)         0.337     0.337 r  trst_n_IBUF_inst/O
                         net (fo=1, routed)           0.471     0.808    i_dmi_jtag/i_dmi_jtag_tap/trst_n_IBUF
    SLICE_X113Y90        LUT1 (Prop_lut1_I0_O)        0.045     0.853 f  i_dmi_jtag/i_dmi_jtag_tap/FSM_onehot_tap_state_q[15]_i_2/O
                         net (fo=258, routed)         0.235     1.088    i_dmi_jtag/i_dmi_jtag_tap/trst_n
    SLICE_X112Y87        FDCE                                         f  i_dmi_jtag/i_dmi_jtag_tap/idcode_q_reg[24]/CLR
  -------------------------------------------------------------------    -------------------

                         (clock tck rise edge)        0.000     0.000 r  
    H15                                               0.000     0.000 r  tck (IN)
                         net (fo=0)                   0.000     0.000    tck
    H15                  IBUF (Prop_ibuf_I_O)         0.456     0.456 r  tck_IBUF_inst/O
                         net (fo=1, routed)           1.762     2.218    tck_IBUF
    BUFGCTRL_X0Y0        BUFG (Prop_bufg_I_O)         0.029     2.247 r  tck_IBUF_BUFG_inst/O
                         net (fo=258, routed)         0.906     3.153    i_dmi_jtag/i_dmi_jtag_tap/CLK
    SLICE_X112Y87        FDCE                                         r  i_dmi_jtag/i_dmi_jtag_tap/idcode_q_reg[24]/C

Slack:                    inf
  Source:                 trst_n
                            (input port)
  Destination:            i_dmi_jtag/i_dmi_jtag_tap/idcode_q_reg[20]/PRE
                            (removal check against rising-edge clock tck  {rise@0.000ns fall@50.000ns period=100.000ns})
  Path Group:             (none)
  Path Type:              Removal (Min at Fast Process Corner)
  Data Path Delay:        1.162ns  (logic 0.382ns (32.883%)  route 0.780ns (67.117%))
  Logic Levels:           2  (IBUF=1 LUT1=1)
  Clock Path Skew:        3.152ns (DCD - SCD - CPR)
    Destination Clock Delay (DCD):    3.152ns
    Source Clock Delay      (SCD):    0.000ns
    Clock Pessimism Removal (CPR):    -0.000ns
  Timing Exception:       False Path

    Location             Delay type                Incr(ns)  Path(ns)    Netlist Resource(s)
  -------------------------------------------------------------------    -------------------
    V13                                               0.000     0.000 r  trst_n (IN)
                         net (fo=0)                   0.000     0.000    trst_n
    V13                  IBUF (Prop_ibuf_I_O)         0.337     0.337 r  trst_n_IBUF_inst/O
                         net (fo=1, routed)           0.471     0.808    i_dmi_jtag/i_dmi_jtag_tap/trst_n_IBUF
    SLICE_X113Y90        LUT1 (Prop_lut1_I0_O)        0.045     0.853 f  i_dmi_jtag/i_dmi_jtag_tap/FSM_onehot_tap_state_q[15]_i_2/O
                         net (fo=258, routed)         0.309     1.162    i_dmi_jtag/i_dmi_jtag_tap/trst_n
    SLICE_X112Y86        FDPE                                         f  i_dmi_jtag/i_dmi_jtag_tap/idcode_q_reg[20]/PRE
  -------------------------------------------------------------------    -------------------

                         (clock tck rise edge)        0.000     0.000 r  
    H15                                               0.000     0.000 r  tck (IN)
                         net (fo=0)                   0.000     0.000    tck
    H15                  IBUF (Prop_ibuf_I_O)         0.456     0.456 r  tck_IBUF_inst/O
                         net (fo=1, routed)           1.762     2.218    tck_IBUF
    BUFGCTRL_X0Y0        BUFG (Prop_bufg_I_O)         0.029     2.247 r  tck_IBUF_BUFG_inst/O
                         net (fo=258, routed)         0.905     3.152    i_dmi_jtag/i_dmi_jtag_tap/CLK
    SLICE_X112Y86        FDPE                                         r  i_dmi_jtag/i_dmi_jtag_tap/idcode_q_reg[20]/C

Slack:                    inf
  Source:                 trst_n
                            (input port)
  Destination:            i_dmi_jtag/i_dmi_jtag_tap/idcode_q_reg[4]/CLR
                            (removal check against rising-edge clock tck  {rise@0.000ns fall@50.000ns period=100.000ns})
  Path Group:             (none)
  Path Type:              Removal (Min at Fast Process Corner)
  Data Path Delay:        1.162ns  (logic 0.382ns (32.883%)  route 0.780ns (67.117%))
  Logic Levels:           2  (IBUF=1 LUT1=1)
  Clock Path Skew:        3.152ns (DCD - SCD - CPR)
    Destination Clock Delay (DCD):    3.152ns
    Source Clock Delay      (SCD):    0.000ns
    Clock Pessimism Removal (CPR):    -0.000ns
  Timing Exception:       False Path

    Location             Delay type                Incr(ns)  Path(ns)    Netlist Resource(s)
  -------------------------------------------------------------------    -------------------
    V13                                               0.000     0.000 r  trst_n (IN)
                         net (fo=0)                   0.000     0.000    trst_n
    V13                  IBUF (Prop_ibuf_I_O)         0.337     0.337 r  trst_n_IBUF_inst/O
                         net (fo=1, routed)           0.471     0.808    i_dmi_jtag/i_dmi_jtag_tap/trst_n_IBUF
    SLICE_X113Y90        LUT1 (Prop_lut1_I0_O)        0.045     0.853 f  i_dmi_jtag/i_dmi_jtag_tap/FSM_onehot_tap_state_q[15]_i_2/O
                         net (fo=258, routed)         0.309     1.162    i_dmi_jtag/i_dmi_jtag_tap/trst_n
    SLICE_X112Y86        FDCE                                         f  i_dmi_jtag/i_dmi_jtag_tap/idcode_q_reg[4]/CLR
  -------------------------------------------------------------------    -------------------

                         (clock tck rise edge)        0.000     0.000 r  
    H15                                               0.000     0.000 r  tck (IN)
                         net (fo=0)                   0.000     0.000    tck
    H15                  IBUF (Prop_ibuf_I_O)         0.456     0.456 r  tck_IBUF_inst/O
                         net (fo=1, routed)           1.762     2.218    tck_IBUF
    BUFGCTRL_X0Y0        BUFG (Prop_bufg_I_O)         0.029     2.247 r  tck_IBUF_BUFG_inst/O
                         net (fo=258, routed)         0.905     3.152    i_dmi_jtag/i_dmi_jtag_tap/CLK
    SLICE_X112Y86        FDCE                                         r  i_dmi_jtag/i_dmi_jtag_tap/idcode_q_reg[4]/C

Slack:                    inf
  Source:                 trst_n
                            (input port)
  Destination:            i_dmi_jtag/i_dmi_jtag_tap/idcode_q_reg[5]/CLR
                            (removal check against rising-edge clock tck  {rise@0.000ns fall@50.000ns period=100.000ns})
  Path Group:             (none)
  Path Type:              Removal (Min at Fast Process Corner)
  Data Path Delay:        1.162ns  (logic 0.382ns (32.883%)  route 0.780ns (67.117%))
  Logic Levels:           2  (IBUF=1 LUT1=1)
  Clock Path Skew:        3.152ns (DCD - SCD - CPR)
    Destination Clock Delay (DCD):    3.152ns
    Source Clock Delay      (SCD):    0.000ns
    Clock Pessimism Removal (CPR):    -0.000ns
  Timing Exception:       False Path

    Location             Delay type                Incr(ns)  Path(ns)    Netlist Resource(s)
  -------------------------------------------------------------------    -------------------
    V13                                               0.000     0.000 r  trst_n (IN)
                         net (fo=0)                   0.000     0.000    trst_n
    V13                  IBUF (Prop_ibuf_I_O)         0.337     0.337 r  trst_n_IBUF_inst/O
                         net (fo=1, routed)           0.471     0.808    i_dmi_jtag/i_dmi_jtag_tap/trst_n_IBUF
    SLICE_X113Y90        LUT1 (Prop_lut1_I0_O)        0.045     0.853 f  i_dmi_jtag/i_dmi_jtag_tap/FSM_onehot_tap_state_q[15]_i_2/O
                         net (fo=258, routed)         0.309     1.162    i_dmi_jtag/i_dmi_jtag_tap/trst_n
    SLICE_X112Y86        FDCE                                         f  i_dmi_jtag/i_dmi_jtag_tap/idcode_q_reg[5]/CLR
  -------------------------------------------------------------------    -------------------

                         (clock tck rise edge)        0.000     0.000 r  
    H15                                               0.000     0.000 r  tck (IN)
                         net (fo=0)                   0.000     0.000    tck
    H15                  IBUF (Prop_ibuf_I_O)         0.456     0.456 r  tck_IBUF_inst/O
                         net (fo=1, routed)           1.762     2.218    tck_IBUF
    BUFGCTRL_X0Y0        BUFG (Prop_bufg_I_O)         0.029     2.247 r  tck_IBUF_BUFG_inst/O
                         net (fo=258, routed)         0.905     3.152    i_dmi_jtag/i_dmi_jtag_tap/CLK
    SLICE_X112Y86        FDCE                                         r  i_dmi_jtag/i_dmi_jtag_tap/idcode_q_reg[5]/C

Slack:                    inf
  Source:                 trst_n
                            (input port)
  Destination:            i_dmi_jtag/i_dmi_jtag_tap/idcode_q_reg[6]/PRE
                            (removal check against rising-edge clock tck  {rise@0.000ns fall@50.000ns period=100.000ns})
  Path Group:             (none)
  Path Type:              Removal (Min at Fast Process Corner)
  Data Path Delay:        1.162ns  (logic 0.382ns (32.883%)  route 0.780ns (67.117%))
  Logic Levels:           2  (IBUF=1 LUT1=1)
  Clock Path Skew:        3.152ns (DCD - SCD - CPR)
    Destination Clock Delay (DCD):    3.152ns
    Source Clock Delay      (SCD):    0.000ns
    Clock Pessimism Removal (CPR):    -0.000ns
  Timing Exception:       False Path

    Location             Delay type                Incr(ns)  Path(ns)    Netlist Resource(s)
  -------------------------------------------------------------------    -------------------
    V13                                               0.000     0.000 r  trst_n (IN)
                         net (fo=0)                   0.000     0.000    trst_n
    V13                  IBUF (Prop_ibuf_I_O)         0.337     0.337 r  trst_n_IBUF_inst/O
                         net (fo=1, routed)           0.471     0.808    i_dmi_jtag/i_dmi_jtag_tap/trst_n_IBUF
    SLICE_X113Y90        LUT1 (Prop_lut1_I0_O)        0.045     0.853 f  i_dmi_jtag/i_dmi_jtag_tap/FSM_onehot_tap_state_q[15]_i_2/O
                         net (fo=258, routed)         0.309     1.162    i_dmi_jtag/i_dmi_jtag_tap/trst_n
    SLICE_X112Y86        FDPE                                         f  i_dmi_jtag/i_dmi_jtag_tap/idcode_q_reg[6]/PRE
  -------------------------------------------------------------------    -------------------

                         (clock tck rise edge)        0.000     0.000 r  
    H15                                               0.000     0.000 r  tck (IN)
                         net (fo=0)                   0.000     0.000    tck
    H15                  IBUF (Prop_ibuf_I_O)         0.456     0.456 r  tck_IBUF_inst/O
                         net (fo=1, routed)           1.762     2.218    tck_IBUF
    BUFGCTRL_X0Y0        BUFG (Prop_bufg_I_O)         0.029     2.247 r  tck_IBUF_BUFG_inst/O
                         net (fo=258, routed)         0.905     3.152    i_dmi_jtag/i_dmi_jtag_tap/CLK
    SLICE_X112Y86        FDPE                                         r  i_dmi_jtag/i_dmi_jtag_tap/idcode_q_reg[6]/C

Slack:                    inf
  Source:                 trst_n
                            (input port)
  Destination:            i_dmi_jtag/i_dmi_jtag_tap/idcode_q_reg[30]/CLR
                            (removal check against rising-edge clock tck  {rise@0.000ns fall@50.000ns period=100.000ns})
  Path Group:             (none)
  Path Type:              Removal (Min at Fast Process Corner)
  Data Path Delay:        1.226ns  (logic 0.382ns (31.171%)  route 0.844ns (68.829%))
  Logic Levels:           2  (IBUF=1 LUT1=1)
  Clock Path Skew:        3.152ns (DCD - SCD - CPR)
    Destination Clock Delay (DCD):    3.152ns
    Source Clock Delay      (SCD):    0.000ns
    Clock Pessimism Removal (CPR):    -0.000ns
  Timing Exception:       False Path

    Location             Delay type                Incr(ns)  Path(ns)    Netlist Resource(s)
  -------------------------------------------------------------------    -------------------
    V13                                               0.000     0.000 r  trst_n (IN)
                         net (fo=0)                   0.000     0.000    trst_n
    V13                  IBUF (Prop_ibuf_I_O)         0.337     0.337 r  trst_n_IBUF_inst/O
                         net (fo=1, routed)           0.471     0.808    i_dmi_jtag/i_dmi_jtag_tap/trst_n_IBUF
    SLICE_X113Y90        LUT1 (Prop_lut1_I0_O)        0.045     0.853 f  i_dmi_jtag/i_dmi_jtag_tap/FSM_onehot_tap_state_q[15]_i_2/O
                         net (fo=258, routed)         0.373     1.226    i_dmi_jtag/i_dmi_jtag_tap/trst_n
    SLICE_X112Y85        FDCE                                         f  i_dmi_jtag/i_dmi_jtag_tap/idcode_q_reg[30]/CLR
  -------------------------------------------------------------------    -------------------

                         (clock tck rise edge)        0.000     0.000 r  
    H15                                               0.000     0.000 r  tck (IN)
                         net (fo=0)                   0.000     0.000    tck
    H15                  IBUF (Prop_ibuf_I_O)         0.456     0.456 r  tck_IBUF_inst/O
                         net (fo=1, routed)           1.762     2.218    tck_IBUF
    BUFGCTRL_X0Y0        BUFG (Prop_bufg_I_O)         0.029     2.247 r  tck_IBUF_BUFG_inst/O
                         net (fo=258, routed)         0.905     3.152    i_dmi_jtag/i_dmi_jtag_tap/CLK
    SLICE_X112Y85        FDCE                                         r  i_dmi_jtag/i_dmi_jtag_tap/idcode_q_reg[30]/C

Slack:                    inf
  Source:                 trst_n
                            (input port)
  Destination:            i_dmi_jtag/i_dmi_jtag_tap/idcode_q_reg[31]/CLR
                            (removal check against rising-edge clock tck  {rise@0.000ns fall@50.000ns period=100.000ns})
  Path Group:             (none)
  Path Type:              Removal (Min at Fast Process Corner)
  Data Path Delay:        1.226ns  (logic 0.382ns (31.171%)  route 0.844ns (68.829%))
  Logic Levels:           2  (IBUF=1 LUT1=1)
  Clock Path Skew:        3.152ns (DCD - SCD - CPR)
    Destination Clock Delay (DCD):    3.152ns
    Source Clock Delay      (SCD):    0.000ns
    Clock Pessimism Removal (CPR):    -0.000ns
  Timing Exception:       False Path

    Location             Delay type                Incr(ns)  Path(ns)    Netlist Resource(s)
  -------------------------------------------------------------------    -------------------
    V13                                               0.000     0.000 r  trst_n (IN)
                         net (fo=0)                   0.000     0.000    trst_n
    V13                  IBUF (Prop_ibuf_I_O)         0.337     0.337 r  trst_n_IBUF_inst/O
                         net (fo=1, routed)           0.471     0.808    i_dmi_jtag/i_dmi_jtag_tap/trst_n_IBUF
    SLICE_X113Y90        LUT1 (Prop_lut1_I0_O)        0.045     0.853 f  i_dmi_jtag/i_dmi_jtag_tap/FSM_onehot_tap_state_q[15]_i_2/O
                         net (fo=258, routed)         0.373     1.226    i_dmi_jtag/i_dmi_jtag_tap/trst_n
    SLICE_X112Y85        FDCE                                         f  i_dmi_jtag/i_dmi_jtag_tap/idcode_q_reg[31]/CLR
  -------------------------------------------------------------------    -------------------

                         (clock tck rise edge)        0.000     0.000 r  
    H15                                               0.000     0.000 r  tck (IN)
                         net (fo=0)                   0.000     0.000    tck
    H15                  IBUF (Prop_ibuf_I_O)         0.456     0.456 r  tck_IBUF_inst/O
                         net (fo=1, routed)           1.762     2.218    tck_IBUF
    BUFGCTRL_X0Y0        BUFG (Prop_bufg_I_O)         0.029     2.247 r  tck_IBUF_BUFG_inst/O
                         net (fo=258, routed)         0.905     3.152    i_dmi_jtag/i_dmi_jtag_tap/CLK
    SLICE_X112Y85        FDCE                                         r  i_dmi_jtag/i_dmi_jtag_tap/idcode_q_reg[31]/C





--------------------------------------------------------------------------------------
Path Group:  (none)
From Clock:  clk_out1_xlnx_clk_gen
  To Clock:  tck

Max Delay             0 Endpoints
Min Delay            36 Endpoints
--------------------------------------------------------------------------------------


Min Delay Paths
--------------------------------------------------------------------------------------
Slack:                    inf
  Source:                 i_dmi_jtag/i_dmi_cdc/i_cdc_resp/i_src/data_src_q_reg[data][14]/C
                            (rising edge-triggered cell FDCE clocked by clk_out1_xlnx_clk_gen  {rise@0.000ns fall@10.000ns period=20.000ns})
  Destination:            i_dmi_jtag/i_dmi_cdc/i_cdc_resp/i_dst/data_dst_q_reg[data][14]/D
                            (rising edge-triggered cell FDCE clocked by tck  {rise@0.000ns fall@50.000ns period=100.000ns})
  Path Group:             (none)
  Path Type:              Hold (Min at Slow Process Corner)
  Data Path Delay:        0.547ns  (logic 0.385ns (70.321%)  route 0.162ns (29.679%))
  Logic Levels:           0  
  Clock Path Skew:        8.579ns (DCD - SCD - CPR)
    Destination Clock Delay (DCD):    6.996ns
    Source Clock Delay      (SCD):    -1.583ns
    Clock Pessimism Removal (CPR):    -0.000ns
  Clock Uncertainty:      0.603ns  ((TSJ^2 + TIJ^2 + DJ^2)^1/2) / 2 + PE
    Total System Jitter     (TSJ):    0.071ns
    Total Input Jitter      (TIJ):    1.000ns
    Discrete Jitter          (DJ):    0.142ns
    Phase Error              (PE):    0.097ns
  Timing Exception:       False Path

    Location             Delay type                Incr(ns)  Path(ns)    Netlist Resource(s)
  -------------------------------------------------------------------    -------------------
                         (clock clk_out1_xlnx_clk_gen rise edge)
                                                      0.000     0.000 r  
    K17                                               0.000     0.000 r  clk_sys (IN)
                         net (fo=0)                   0.000     0.000    i_xlnx_clk_gen/inst/clk_in1
    K17                  IBUF (Prop_ibuf_I_O)         1.404     1.404 r  i_xlnx_clk_gen/inst/clkin1_ibufg/O
                         net (fo=1, routed)           1.162     2.566    i_xlnx_clk_gen/inst/clk_in1_xlnx_clk_gen
    MMCME2_ADV_X1Y2      MMCME2_ADV (Prop_mmcme2_adv_CLKIN1_CLKOUT0)
                                                     -7.814    -5.248 r  i_xlnx_clk_gen/inst/mmcm_adv_inst/CLKOUT0
                         net (fo=1, routed)           2.012    -3.236    i_xlnx_clk_gen/inst/clk_out1_xlnx_clk_gen
    BUFGCTRL_X0Y16       BUFG (Prop_bufg_I_O)         0.091    -3.145 r  i_xlnx_clk_gen/inst/clkout1_buf/O
                         net (fo=16470, routed)       1.562    -1.583    i_dmi_jtag/i_dmi_cdc/i_cdc_resp/i_src/clk_out1
    SLICE_X82Y5          FDCE                                         r  i_dmi_jtag/i_dmi_cdc/i_cdc_resp/i_src/data_src_q_reg[data][14]/C
  -------------------------------------------------------------------    -------------------
    SLICE_X82Y5          FDCE (Prop_fdce_C_Q)         0.385    -1.198 r  i_dmi_jtag/i_dmi_cdc/i_cdc_resp/i_src/data_src_q_reg[data][14]/Q
                         net (fo=1, routed)           0.162    -1.035    i_dmi_jtag/i_dmi_cdc/i_cdc_resp/i_dst/D[14]
    SLICE_X83Y5          FDCE                                         r  i_dmi_jtag/i_dmi_cdc/i_cdc_resp/i_dst/data_dst_q_reg[data][14]/D
  -------------------------------------------------------------------    -------------------

                         (clock tck rise edge)        0.000     0.000 r  
    H15                                               0.000     0.000 r  tck (IN)
                         net (fo=0)                   0.000     0.000    tck
    H15                  IBUF (Prop_ibuf_I_O)         1.500     1.500 r  tck_IBUF_inst/O
                         net (fo=1, routed)           3.659     5.159    tck_IBUF
    BUFGCTRL_X0Y0        BUFG (Prop_bufg_I_O)         0.101     5.260 r  tck_IBUF_BUFG_inst/O
                         net (fo=258, routed)         1.736     6.996    i_dmi_jtag/i_dmi_cdc/i_cdc_resp/i_dst/CLK
    SLICE_X83Y5          FDCE                                         r  i_dmi_jtag/i_dmi_cdc/i_cdc_resp/i_dst/data_dst_q_reg[data][14]/C

Slack:                    inf
  Source:                 i_dmi_jtag/i_dmi_cdc/i_cdc_resp/i_src/data_src_q_reg[data][1]/C
                            (rising edge-triggered cell FDCE clocked by clk_out1_xlnx_clk_gen  {rise@0.000ns fall@10.000ns period=20.000ns})
  Destination:            i_dmi_jtag/i_dmi_cdc/i_cdc_resp/i_dst/data_dst_q_reg[data][1]/D
                            (rising edge-triggered cell FDCE clocked by tck  {rise@0.000ns fall@50.000ns period=100.000ns})
  Path Group:             (none)
  Path Type:              Hold (Min at Slow Process Corner)
  Data Path Delay:        0.634ns  (logic 0.418ns (65.920%)  route 0.216ns (34.080%))
  Logic Levels:           0  
  Clock Path Skew:        8.579ns (DCD - SCD - CPR)
    Destination Clock Delay (DCD):    6.995ns
    Source Clock Delay      (SCD):    -1.584ns
    Clock Pessimism Removal (CPR):    -0.000ns
  Clock Uncertainty:      0.603ns  ((TSJ^2 + TIJ^2 + DJ^2)^1/2) / 2 + PE
    Total System Jitter     (TSJ):    0.071ns
    Total Input Jitter      (TIJ):    1.000ns
    Discrete Jitter          (DJ):    0.142ns
    Phase Error              (PE):    0.097ns
  Timing Exception:       False Path

    Location             Delay type                Incr(ns)  Path(ns)    Netlist Resource(s)
  -------------------------------------------------------------------    -------------------
                         (clock clk_out1_xlnx_clk_gen rise edge)
                                                      0.000     0.000 r  
    K17                                               0.000     0.000 r  clk_sys (IN)
                         net (fo=0)                   0.000     0.000    i_xlnx_clk_gen/inst/clk_in1
    K17                  IBUF (Prop_ibuf_I_O)         1.404     1.404 r  i_xlnx_clk_gen/inst/clkin1_ibufg/O
                         net (fo=1, routed)           1.162     2.566    i_xlnx_clk_gen/inst/clk_in1_xlnx_clk_gen
    MMCME2_ADV_X1Y2      MMCME2_ADV (Prop_mmcme2_adv_CLKIN1_CLKOUT0)
                                                     -7.814    -5.248 r  i_xlnx_clk_gen/inst/mmcm_adv_inst/CLKOUT0
                         net (fo=1, routed)           2.012    -3.236    i_xlnx_clk_gen/inst/clk_out1_xlnx_clk_gen
    BUFGCTRL_X0Y16       BUFG (Prop_bufg_I_O)         0.091    -3.145 r  i_xlnx_clk_gen/inst/clkout1_buf/O
                         net (fo=16470, routed)       1.561    -1.584    i_dmi_jtag/i_dmi_cdc/i_cdc_resp/i_src/clk_out1
    SLICE_X82Y7          FDCE                                         r  i_dmi_jtag/i_dmi_cdc/i_cdc_resp/i_src/data_src_q_reg[data][1]/C
  -------------------------------------------------------------------    -------------------
    SLICE_X82Y7          FDCE (Prop_fdce_C_Q)         0.418    -1.166 r  i_dmi_jtag/i_dmi_cdc/i_cdc_resp/i_src/data_src_q_reg[data][1]/Q
                         net (fo=1, routed)           0.216    -0.949    i_dmi_jtag/i_dmi_cdc/i_cdc_resp/i_dst/D[1]
    SLICE_X83Y7          FDCE                                         r  i_dmi_jtag/i_dmi_cdc/i_cdc_resp/i_dst/data_dst_q_reg[data][1]/D
  -------------------------------------------------------------------    -------------------

                         (clock tck rise edge)        0.000     0.000 r  
    H15                                               0.000     0.000 r  tck (IN)
                         net (fo=0)                   0.000     0.000    tck
    H15                  IBUF (Prop_ibuf_I_O)         1.500     1.500 r  tck_IBUF_inst/O
                         net (fo=1, routed)           3.659     5.159    tck_IBUF
    BUFGCTRL_X0Y0        BUFG (Prop_bufg_I_O)         0.101     5.260 r  tck_IBUF_BUFG_inst/O
                         net (fo=258, routed)         1.735     6.995    i_dmi_jtag/i_dmi_cdc/i_cdc_resp/i_dst/CLK
    SLICE_X83Y7          FDCE                                         r  i_dmi_jtag/i_dmi_cdc/i_cdc_resp/i_dst/data_dst_q_reg[data][1]/C

Slack:                    inf
  Source:                 i_dmi_jtag/i_dmi_cdc/i_cdc_resp/i_src/data_src_q_reg[data][11]/C
                            (rising edge-triggered cell FDCE clocked by clk_out1_xlnx_clk_gen  {rise@0.000ns fall@10.000ns period=20.000ns})
  Destination:            i_dmi_jtag/i_dmi_cdc/i_cdc_resp/i_dst/data_dst_q_reg[data][11]/D
                            (rising edge-triggered cell FDCE clocked by tck  {rise@0.000ns fall@50.000ns period=100.000ns})
  Path Group:             (none)
  Path Type:              Hold (Min at Slow Process Corner)
  Data Path Delay:        0.663ns  (logic 0.418ns (63.030%)  route 0.245ns (36.970%))
  Logic Levels:           0  
  Clock Path Skew:        8.579ns (DCD - SCD - CPR)
    Destination Clock Delay (DCD):    6.996ns
    Source Clock Delay      (SCD):    -1.583ns
    Clock Pessimism Removal (CPR):    -0.000ns
  Clock Uncertainty:      0.603ns  ((TSJ^2 + TIJ^2 + DJ^2)^1/2) / 2 + PE
    Total System Jitter     (TSJ):    0.071ns
    Total Input Jitter      (TIJ):    1.000ns
    Discrete Jitter          (DJ):    0.142ns
    Phase Error              (PE):    0.097ns
  Timing Exception:       False Path

    Location             Delay type                Incr(ns)  Path(ns)    Netlist Resource(s)
  -------------------------------------------------------------------    -------------------
                         (clock clk_out1_xlnx_clk_gen rise edge)
                                                      0.000     0.000 r  
    K17                                               0.000     0.000 r  clk_sys (IN)
                         net (fo=0)                   0.000     0.000    i_xlnx_clk_gen/inst/clk_in1
    K17                  IBUF (Prop_ibuf_I_O)         1.404     1.404 r  i_xlnx_clk_gen/inst/clkin1_ibufg/O
                         net (fo=1, routed)           1.162     2.566    i_xlnx_clk_gen/inst/clk_in1_xlnx_clk_gen
    MMCME2_ADV_X1Y2      MMCME2_ADV (Prop_mmcme2_adv_CLKIN1_CLKOUT0)
                                                     -7.814    -5.248 r  i_xlnx_clk_gen/inst/mmcm_adv_inst/CLKOUT0
                         net (fo=1, routed)           2.012    -3.236    i_xlnx_clk_gen/inst/clk_out1_xlnx_clk_gen
    BUFGCTRL_X0Y16       BUFG (Prop_bufg_I_O)         0.091    -3.145 r  i_xlnx_clk_gen/inst/clkout1_buf/O
                         net (fo=16470, routed)       1.562    -1.583    i_dmi_jtag/i_dmi_cdc/i_cdc_resp/i_src/clk_out1
    SLICE_X82Y4          FDCE                                         r  i_dmi_jtag/i_dmi_cdc/i_cdc_resp/i_src/data_src_q_reg[data][11]/C
  -------------------------------------------------------------------    -------------------
    SLICE_X82Y4          FDCE (Prop_fdce_C_Q)         0.418    -1.165 r  i_dmi_jtag/i_dmi_cdc/i_cdc_resp/i_src/data_src_q_reg[data][11]/Q
                         net (fo=1, routed)           0.245    -0.919    i_dmi_jtag/i_dmi_cdc/i_cdc_resp/i_dst/D[11]
    SLICE_X83Y5          FDCE                                         r  i_dmi_jtag/i_dmi_cdc/i_cdc_resp/i_dst/data_dst_q_reg[data][11]/D
  -------------------------------------------------------------------    -------------------

                         (clock tck rise edge)        0.000     0.000 r  
    H15                                               0.000     0.000 r  tck (IN)
                         net (fo=0)                   0.000     0.000    tck
    H15                  IBUF (Prop_ibuf_I_O)         1.500     1.500 r  tck_IBUF_inst/O
                         net (fo=1, routed)           3.659     5.159    tck_IBUF
    BUFGCTRL_X0Y0        BUFG (Prop_bufg_I_O)         0.101     5.260 r  tck_IBUF_BUFG_inst/O
                         net (fo=258, routed)         1.736     6.996    i_dmi_jtag/i_dmi_cdc/i_cdc_resp/i_dst/CLK
    SLICE_X83Y5          FDCE                                         r  i_dmi_jtag/i_dmi_cdc/i_cdc_resp/i_dst/data_dst_q_reg[data][11]/C

Slack:                    inf
  Source:                 i_dmi_jtag/i_dmi_cdc/i_cdc_resp/i_src/data_src_q_reg[data][31]/C
                            (rising edge-triggered cell FDCE clocked by clk_out1_xlnx_clk_gen  {rise@0.000ns fall@10.000ns period=20.000ns})
  Destination:            i_dmi_jtag/i_dmi_cdc/i_cdc_resp/i_dst/data_dst_q_reg[data][31]/D
                            (rising edge-triggered cell FDCE clocked by tck  {rise@0.000ns fall@50.000ns period=100.000ns})
  Path Group:             (none)
  Path Type:              Hold (Min at Slow Process Corner)
  Data Path Delay:        0.667ns  (logic 0.385ns (57.747%)  route 0.282ns (42.253%))
  Logic Levels:           0  
  Clock Path Skew:        8.578ns (DCD - SCD - CPR)
    Destination Clock Delay (DCD):    6.995ns
    Source Clock Delay      (SCD):    -1.583ns
    Clock Pessimism Removal (CPR):    -0.000ns
  Clock Uncertainty:      0.603ns  ((TSJ^2 + TIJ^2 + DJ^2)^1/2) / 2 + PE
    Total System Jitter     (TSJ):    0.071ns
    Total Input Jitter      (TIJ):    1.000ns
    Discrete Jitter          (DJ):    0.142ns
    Phase Error              (PE):    0.097ns
  Timing Exception:       False Path

    Location             Delay type                Incr(ns)  Path(ns)    Netlist Resource(s)
  -------------------------------------------------------------------    -------------------
                         (clock clk_out1_xlnx_clk_gen rise edge)
                                                      0.000     0.000 r  
    K17                                               0.000     0.000 r  clk_sys (IN)
                         net (fo=0)                   0.000     0.000    i_xlnx_clk_gen/inst/clk_in1
    K17                  IBUF (Prop_ibuf_I_O)         1.404     1.404 r  i_xlnx_clk_gen/inst/clkin1_ibufg/O
                         net (fo=1, routed)           1.162     2.566    i_xlnx_clk_gen/inst/clk_in1_xlnx_clk_gen
    MMCME2_ADV_X1Y2      MMCME2_ADV (Prop_mmcme2_adv_CLKIN1_CLKOUT0)
                                                     -7.814    -5.248 r  i_xlnx_clk_gen/inst/mmcm_adv_inst/CLKOUT0
                         net (fo=1, routed)           2.012    -3.236    i_xlnx_clk_gen/inst/clk_out1_xlnx_clk_gen
    BUFGCTRL_X0Y16       BUFG (Prop_bufg_I_O)         0.091    -3.145 r  i_xlnx_clk_gen/inst/clkout1_buf/O
                         net (fo=16470, routed)       1.562    -1.583    i_dmi_jtag/i_dmi_cdc/i_cdc_resp/i_src/clk_out1
    SLICE_X82Y6          FDCE                                         r  i_dmi_jtag/i_dmi_cdc/i_cdc_resp/i_src/data_src_q_reg[data][31]/C
  -------------------------------------------------------------------    -------------------
    SLICE_X82Y6          FDCE (Prop_fdce_C_Q)         0.385    -1.198 r  i_dmi_jtag/i_dmi_cdc/i_cdc_resp/i_src/data_src_q_reg[data][31]/Q
                         net (fo=1, routed)           0.282    -0.916    i_dmi_jtag/i_dmi_cdc/i_cdc_resp/i_dst/D[31]
    SLICE_X83Y8          FDCE                                         r  i_dmi_jtag/i_dmi_cdc/i_cdc_resp/i_dst/data_dst_q_reg[data][31]/D
  -------------------------------------------------------------------    -------------------

                         (clock tck rise edge)        0.000     0.000 r  
    H15                                               0.000     0.000 r  tck (IN)
                         net (fo=0)                   0.000     0.000    tck
    H15                  IBUF (Prop_ibuf_I_O)         1.500     1.500 r  tck_IBUF_inst/O
                         net (fo=1, routed)           3.659     5.159    tck_IBUF
    BUFGCTRL_X0Y0        BUFG (Prop_bufg_I_O)         0.101     5.260 r  tck_IBUF_BUFG_inst/O
                         net (fo=258, routed)         1.735     6.995    i_dmi_jtag/i_dmi_cdc/i_cdc_resp/i_dst/CLK
    SLICE_X83Y8          FDCE                                         r  i_dmi_jtag/i_dmi_cdc/i_cdc_resp/i_dst/data_dst_q_reg[data][31]/C

Slack:                    inf
  Source:                 i_dmi_jtag/i_dmi_cdc/i_cdc_resp/i_src/data_src_q_reg[resp][0]/C
                            (rising edge-triggered cell FDCE clocked by clk_out1_xlnx_clk_gen  {rise@0.000ns fall@10.000ns period=20.000ns})
  Destination:            i_dmi_jtag/i_dmi_cdc/i_cdc_resp/i_dst/data_dst_q_reg[resp][0]/D
                            (rising edge-triggered cell FDCE clocked by tck  {rise@0.000ns fall@50.000ns period=100.000ns})
  Path Group:             (none)
  Path Type:              Hold (Min at Slow Process Corner)
  Data Path Delay:        0.741ns  (logic 0.337ns (45.456%)  route 0.404ns (54.544%))
  Logic Levels:           0  
  Clock Path Skew:        8.579ns (DCD - SCD - CPR)
    Destination Clock Delay (DCD):    6.995ns
    Source Clock Delay      (SCD):    -1.584ns
    Clock Pessimism Removal (CPR):    -0.000ns
  Clock Uncertainty:      0.603ns  ((TSJ^2 + TIJ^2 + DJ^2)^1/2) / 2 + PE
    Total System Jitter     (TSJ):    0.071ns
    Total Input Jitter      (TIJ):    1.000ns
    Discrete Jitter          (DJ):    0.142ns
    Phase Error              (PE):    0.097ns
  Timing Exception:       False Path

    Location             Delay type                Incr(ns)  Path(ns)    Netlist Resource(s)
  -------------------------------------------------------------------    -------------------
                         (clock clk_out1_xlnx_clk_gen rise edge)
                                                      0.000     0.000 r  
    K17                                               0.000     0.000 r  clk_sys (IN)
                         net (fo=0)                   0.000     0.000    i_xlnx_clk_gen/inst/clk_in1
    K17                  IBUF (Prop_ibuf_I_O)         1.404     1.404 r  i_xlnx_clk_gen/inst/clkin1_ibufg/O
                         net (fo=1, routed)           1.162     2.566    i_xlnx_clk_gen/inst/clk_in1_xlnx_clk_gen
    MMCME2_ADV_X1Y2      MMCME2_ADV (Prop_mmcme2_adv_CLKIN1_CLKOUT0)
                                                     -7.814    -5.248 r  i_xlnx_clk_gen/inst/mmcm_adv_inst/CLKOUT0
                         net (fo=1, routed)           2.012    -3.236    i_xlnx_clk_gen/inst/clk_out1_xlnx_clk_gen
    BUFGCTRL_X0Y16       BUFG (Prop_bufg_I_O)         0.091    -3.145 r  i_xlnx_clk_gen/inst/clkout1_buf/O
                         net (fo=16470, routed)       1.561    -1.584    i_dmi_jtag/i_dmi_cdc/i_cdc_resp/i_src/clk_out1
    SLICE_X85Y7          FDCE                                         r  i_dmi_jtag/i_dmi_cdc/i_cdc_resp/i_src/data_src_q_reg[resp][0]/C
  -------------------------------------------------------------------    -------------------
    SLICE_X85Y7          FDCE (Prop_fdce_C_Q)         0.337    -1.247 r  i_dmi_jtag/i_dmi_cdc/i_cdc_resp/i_src/data_src_q_reg[resp][0]/Q
                         net (fo=1, routed)           0.404    -0.842    i_dmi_jtag/i_dmi_cdc/i_cdc_resp/i_dst/data_dst_q_reg[resp][1]_0[0]
    SLICE_X87Y8          FDCE                                         r  i_dmi_jtag/i_dmi_cdc/i_cdc_resp/i_dst/data_dst_q_reg[resp][0]/D
  -------------------------------------------------------------------    -------------------

                         (clock tck rise edge)        0.000     0.000 r  
    H15                                               0.000     0.000 r  tck (IN)
                         net (fo=0)                   0.000     0.000    tck
    H15                  IBUF (Prop_ibuf_I_O)         1.500     1.500 r  tck_IBUF_inst/O
                         net (fo=1, routed)           3.659     5.159    tck_IBUF
    BUFGCTRL_X0Y0        BUFG (Prop_bufg_I_O)         0.101     5.260 r  tck_IBUF_BUFG_inst/O
                         net (fo=258, routed)         1.735     6.995    i_dmi_jtag/i_dmi_cdc/i_cdc_resp/i_dst/CLK
    SLICE_X87Y8          FDCE                                         r  i_dmi_jtag/i_dmi_cdc/i_cdc_resp/i_dst/data_dst_q_reg[resp][0]/C

Slack:                    inf
  Source:                 i_dmi_jtag/i_dmi_cdc/i_cdc_resp/i_src/data_src_q_reg[data][16]/C
                            (rising edge-triggered cell FDCE clocked by clk_out1_xlnx_clk_gen  {rise@0.000ns fall@10.000ns period=20.000ns})
  Destination:            i_dmi_jtag/i_dmi_cdc/i_cdc_resp/i_dst/data_dst_q_reg[data][16]/D
                            (rising edge-triggered cell FDCE clocked by tck  {rise@0.000ns fall@50.000ns period=100.000ns})
  Path Group:             (none)
  Path Type:              Hold (Min at Slow Process Corner)
  Data Path Delay:        0.761ns  (logic 0.385ns (50.579%)  route 0.376ns (49.421%))
  Logic Levels:           0  
  Clock Path Skew:        8.577ns (DCD - SCD - CPR)
    Destination Clock Delay (DCD):    6.994ns
    Source Clock Delay      (SCD):    -1.583ns
    Clock Pessimism Removal (CPR):    -0.000ns
  Clock Uncertainty:      0.603ns  ((TSJ^2 + TIJ^2 + DJ^2)^1/2) / 2 + PE
    Total System Jitter     (TSJ):    0.071ns
    Total Input Jitter      (TIJ):    1.000ns
    Discrete Jitter          (DJ):    0.142ns
    Phase Error              (PE):    0.097ns
  Timing Exception:       False Path

    Location             Delay type                Incr(ns)  Path(ns)    Netlist Resource(s)
  -------------------------------------------------------------------    -------------------
                         (clock clk_out1_xlnx_clk_gen rise edge)
                                                      0.000     0.000 r  
    K17                                               0.000     0.000 r  clk_sys (IN)
                         net (fo=0)                   0.000     0.000    i_xlnx_clk_gen/inst/clk_in1
    K17                  IBUF (Prop_ibuf_I_O)         1.404     1.404 r  i_xlnx_clk_gen/inst/clkin1_ibufg/O
                         net (fo=1, routed)           1.162     2.566    i_xlnx_clk_gen/inst/clk_in1_xlnx_clk_gen
    MMCME2_ADV_X1Y2      MMCME2_ADV (Prop_mmcme2_adv_CLKIN1_CLKOUT0)
                                                     -7.814    -5.248 r  i_xlnx_clk_gen/inst/mmcm_adv_inst/CLKOUT0
                         net (fo=1, routed)           2.012    -3.236    i_xlnx_clk_gen/inst/clk_out1_xlnx_clk_gen
    BUFGCTRL_X0Y16       BUFG (Prop_bufg_I_O)         0.091    -3.145 r  i_xlnx_clk_gen/inst/clkout1_buf/O
                         net (fo=16470, routed)       1.562    -1.583    i_dmi_jtag/i_dmi_cdc/i_cdc_resp/i_src/clk_out1
    SLICE_X82Y5          FDCE                                         r  i_dmi_jtag/i_dmi_cdc/i_cdc_resp/i_src/data_src_q_reg[data][16]/C
  -------------------------------------------------------------------    -------------------
    SLICE_X82Y5          FDCE (Prop_fdce_C_Q)         0.385    -1.198 r  i_dmi_jtag/i_dmi_cdc/i_cdc_resp/i_src/data_src_q_reg[data][16]/Q
                         net (fo=1, routed)           0.376    -0.821    i_dmi_jtag/i_dmi_cdc/i_cdc_resp/i_dst/D[16]
    SLICE_X81Y7          FDCE                                         r  i_dmi_jtag/i_dmi_cdc/i_cdc_resp/i_dst/data_dst_q_reg[data][16]/D
  -------------------------------------------------------------------    -------------------

                         (clock tck rise edge)        0.000     0.000 r  
    H15                                               0.000     0.000 r  tck (IN)
                         net (fo=0)                   0.000     0.000    tck
    H15                  IBUF (Prop_ibuf_I_O)         1.500     1.500 r  tck_IBUF_inst/O
                         net (fo=1, routed)           3.659     5.159    tck_IBUF
    BUFGCTRL_X0Y0        BUFG (Prop_bufg_I_O)         0.101     5.260 r  tck_IBUF_BUFG_inst/O
                         net (fo=258, routed)         1.734     6.994    i_dmi_jtag/i_dmi_cdc/i_cdc_resp/i_dst/CLK
    SLICE_X81Y7          FDCE                                         r  i_dmi_jtag/i_dmi_cdc/i_cdc_resp/i_dst/data_dst_q_reg[data][16]/C

Slack:                    inf
  Source:                 i_dmi_jtag/i_dmi_cdc/i_cdc_resp/i_src/data_src_q_reg[data][18]/C
                            (rising edge-triggered cell FDCE clocked by clk_out1_xlnx_clk_gen  {rise@0.000ns fall@10.000ns period=20.000ns})
  Destination:            i_dmi_jtag/i_dmi_cdc/i_cdc_resp/i_dst/data_dst_q_reg[data][18]/D
                            (rising edge-triggered cell FDCE clocked by tck  {rise@0.000ns fall@50.000ns period=100.000ns})
  Path Group:             (none)
  Path Type:              Hold (Min at Slow Process Corner)
  Data Path Delay:        0.781ns  (logic 0.385ns (49.275%)  route 0.396ns (50.725%))
  Logic Levels:           0  
  Clock Path Skew:        8.579ns (DCD - SCD - CPR)
    Destination Clock Delay (DCD):    6.996ns
    Source Clock Delay      (SCD):    -1.583ns
    Clock Pessimism Removal (CPR):    -0.000ns
  Clock Uncertainty:      0.603ns  ((TSJ^2 + TIJ^2 + DJ^2)^1/2) / 2 + PE
    Total System Jitter     (TSJ):    0.071ns
    Total Input Jitter      (TIJ):    1.000ns
    Discrete Jitter          (DJ):    0.142ns
    Phase Error              (PE):    0.097ns
  Timing Exception:       False Path

    Location             Delay type                Incr(ns)  Path(ns)    Netlist Resource(s)
  -------------------------------------------------------------------    -------------------
                         (clock clk_out1_xlnx_clk_gen rise edge)
                                                      0.000     0.000 r  
    K17                                               0.000     0.000 r  clk_sys (IN)
                         net (fo=0)                   0.000     0.000    i_xlnx_clk_gen/inst/clk_in1
    K17                  IBUF (Prop_ibuf_I_O)         1.404     1.404 r  i_xlnx_clk_gen/inst/clkin1_ibufg/O
                         net (fo=1, routed)           1.162     2.566    i_xlnx_clk_gen/inst/clk_in1_xlnx_clk_gen
    MMCME2_ADV_X1Y2      MMCME2_ADV (Prop_mmcme2_adv_CLKIN1_CLKOUT0)
                                                     -7.814    -5.248 r  i_xlnx_clk_gen/inst/mmcm_adv_inst/CLKOUT0
                         net (fo=1, routed)           2.012    -3.236    i_xlnx_clk_gen/inst/clk_out1_xlnx_clk_gen
    BUFGCTRL_X0Y16       BUFG (Prop_bufg_I_O)         0.091    -3.145 r  i_xlnx_clk_gen/inst/clkout1_buf/O
                         net (fo=16470, routed)       1.562    -1.583    i_dmi_jtag/i_dmi_cdc/i_cdc_resp/i_src/clk_out1
    SLICE_X82Y3          FDCE                                         r  i_dmi_jtag/i_dmi_cdc/i_cdc_resp/i_src/data_src_q_reg[data][18]/C
  -------------------------------------------------------------------    -------------------
    SLICE_X82Y3          FDCE (Prop_fdce_C_Q)         0.385    -1.198 r  i_dmi_jtag/i_dmi_cdc/i_cdc_resp/i_src/data_src_q_reg[data][18]/Q
                         net (fo=1, routed)           0.396    -0.801    i_dmi_jtag/i_dmi_cdc/i_cdc_resp/i_dst/D[18]
    SLICE_X83Y5          FDCE                                         r  i_dmi_jtag/i_dmi_cdc/i_cdc_resp/i_dst/data_dst_q_reg[data][18]/D
  -------------------------------------------------------------------    -------------------

                         (clock tck rise edge)        0.000     0.000 r  
    H15                                               0.000     0.000 r  tck (IN)
                         net (fo=0)                   0.000     0.000    tck
    H15                  IBUF (Prop_ibuf_I_O)         1.500     1.500 r  tck_IBUF_inst/O
                         net (fo=1, routed)           3.659     5.159    tck_IBUF
    BUFGCTRL_X0Y0        BUFG (Prop_bufg_I_O)         0.101     5.260 r  tck_IBUF_BUFG_inst/O
                         net (fo=258, routed)         1.736     6.996    i_dmi_jtag/i_dmi_cdc/i_cdc_resp/i_dst/CLK
    SLICE_X83Y5          FDCE                                         r  i_dmi_jtag/i_dmi_cdc/i_cdc_resp/i_dst/data_dst_q_reg[data][18]/C

Slack:                    inf
  Source:                 i_dmi_jtag/i_dmi_cdc/i_cdc_resp/i_src/data_src_q_reg[data][4]/C
                            (rising edge-triggered cell FDCE clocked by clk_out1_xlnx_clk_gen  {rise@0.000ns fall@10.000ns period=20.000ns})
  Destination:            i_dmi_jtag/i_dmi_cdc/i_cdc_resp/i_dst/data_dst_q_reg[data][4]/D
                            (rising edge-triggered cell FDCE clocked by tck  {rise@0.000ns fall@50.000ns period=100.000ns})
  Path Group:             (none)
  Path Type:              Hold (Min at Slow Process Corner)
  Data Path Delay:        0.783ns  (logic 0.385ns (49.149%)  route 0.398ns (50.851%))
  Logic Levels:           0  
  Clock Path Skew:        8.579ns (DCD - SCD - CPR)
    Destination Clock Delay (DCD):    6.995ns
    Source Clock Delay      (SCD):    -1.584ns
    Clock Pessimism Removal (CPR):    -0.000ns
  Clock Uncertainty:      0.603ns  ((TSJ^2 + TIJ^2 + DJ^2)^1/2) / 2 + PE
    Total System Jitter     (TSJ):    0.071ns
    Total Input Jitter      (TIJ):    1.000ns
    Discrete Jitter          (DJ):    0.142ns
    Phase Error              (PE):    0.097ns
  Timing Exception:       False Path

    Location             Delay type                Incr(ns)  Path(ns)    Netlist Resource(s)
  -------------------------------------------------------------------    -------------------
                         (clock clk_out1_xlnx_clk_gen rise edge)
                                                      0.000     0.000 r  
    K17                                               0.000     0.000 r  clk_sys (IN)
                         net (fo=0)                   0.000     0.000    i_xlnx_clk_gen/inst/clk_in1
    K17                  IBUF (Prop_ibuf_I_O)         1.404     1.404 r  i_xlnx_clk_gen/inst/clkin1_ibufg/O
                         net (fo=1, routed)           1.162     2.566    i_xlnx_clk_gen/inst/clk_in1_xlnx_clk_gen
    MMCME2_ADV_X1Y2      MMCME2_ADV (Prop_mmcme2_adv_CLKIN1_CLKOUT0)
                                                     -7.814    -5.248 r  i_xlnx_clk_gen/inst/mmcm_adv_inst/CLKOUT0
                         net (fo=1, routed)           2.012    -3.236    i_xlnx_clk_gen/inst/clk_out1_xlnx_clk_gen
    BUFGCTRL_X0Y16       BUFG (Prop_bufg_I_O)         0.091    -3.145 r  i_xlnx_clk_gen/inst/clkout1_buf/O
                         net (fo=16470, routed)       1.561    -1.584    i_dmi_jtag/i_dmi_cdc/i_cdc_resp/i_src/clk_out1
    SLICE_X82Y7          FDCE                                         r  i_dmi_jtag/i_dmi_cdc/i_cdc_resp/i_src/data_src_q_reg[data][4]/C
  -------------------------------------------------------------------    -------------------
    SLICE_X82Y7          FDCE (Prop_fdce_C_Q)         0.385    -1.199 r  i_dmi_jtag/i_dmi_cdc/i_cdc_resp/i_src/data_src_q_reg[data][4]/Q
                         net (fo=1, routed)           0.398    -0.800    i_dmi_jtag/i_dmi_cdc/i_cdc_resp/i_dst/D[4]
    SLICE_X83Y8          FDCE                                         r  i_dmi_jtag/i_dmi_cdc/i_cdc_resp/i_dst/data_dst_q_reg[data][4]/D
  -------------------------------------------------------------------    -------------------

                         (clock tck rise edge)        0.000     0.000 r  
    H15                                               0.000     0.000 r  tck (IN)
                         net (fo=0)                   0.000     0.000    tck
    H15                  IBUF (Prop_ibuf_I_O)         1.500     1.500 r  tck_IBUF_inst/O
                         net (fo=1, routed)           3.659     5.159    tck_IBUF
    BUFGCTRL_X0Y0        BUFG (Prop_bufg_I_O)         0.101     5.260 r  tck_IBUF_BUFG_inst/O
                         net (fo=258, routed)         1.735     6.995    i_dmi_jtag/i_dmi_cdc/i_cdc_resp/i_dst/CLK
    SLICE_X83Y8          FDCE                                         r  i_dmi_jtag/i_dmi_cdc/i_cdc_resp/i_dst/data_dst_q_reg[data][4]/C

Slack:                    inf
  Source:                 i_dmi_jtag/i_dmi_cdc/i_cdc_resp/i_src/data_src_q_reg[data][8]/C
                            (rising edge-triggered cell FDCE clocked by clk_out1_xlnx_clk_gen  {rise@0.000ns fall@10.000ns period=20.000ns})
  Destination:            i_dmi_jtag/i_dmi_cdc/i_cdc_resp/i_dst/data_dst_q_reg[data][8]/D
                            (rising edge-triggered cell FDCE clocked by tck  {rise@0.000ns fall@50.000ns period=100.000ns})
  Path Group:             (none)
  Path Type:              Hold (Min at Slow Process Corner)
  Data Path Delay:        0.786ns  (logic 0.385ns (48.972%)  route 0.401ns (51.028%))
  Logic Levels:           0  
  Clock Path Skew:        8.578ns (DCD - SCD - CPR)
    Destination Clock Delay (DCD):    6.995ns
    Source Clock Delay      (SCD):    -1.583ns
    Clock Pessimism Removal (CPR):    -0.000ns
  Clock Uncertainty:      0.603ns  ((TSJ^2 + TIJ^2 + DJ^2)^1/2) / 2 + PE
    Total System Jitter     (TSJ):    0.071ns
    Total Input Jitter      (TIJ):    1.000ns
    Discrete Jitter          (DJ):    0.142ns
    Phase Error              (PE):    0.097ns
  Timing Exception:       False Path

    Location             Delay type                Incr(ns)  Path(ns)    Netlist Resource(s)
  -------------------------------------------------------------------    -------------------
                         (clock clk_out1_xlnx_clk_gen rise edge)
                                                      0.000     0.000 r  
    K17                                               0.000     0.000 r  clk_sys (IN)
                         net (fo=0)                   0.000     0.000    i_xlnx_clk_gen/inst/clk_in1
    K17                  IBUF (Prop_ibuf_I_O)         1.404     1.404 r  i_xlnx_clk_gen/inst/clkin1_ibufg/O
                         net (fo=1, routed)           1.162     2.566    i_xlnx_clk_gen/inst/clk_in1_xlnx_clk_gen
    MMCME2_ADV_X1Y2      MMCME2_ADV (Prop_mmcme2_adv_CLKIN1_CLKOUT0)
                                                     -7.814    -5.248 r  i_xlnx_clk_gen/inst/mmcm_adv_inst/CLKOUT0
                         net (fo=1, routed)           2.012    -3.236    i_xlnx_clk_gen/inst/clk_out1_xlnx_clk_gen
    BUFGCTRL_X0Y16       BUFG (Prop_bufg_I_O)         0.091    -3.145 r  i_xlnx_clk_gen/inst/clkout1_buf/O
                         net (fo=16470, routed)       1.562    -1.583    i_dmi_jtag/i_dmi_cdc/i_cdc_resp/i_src/clk_out1
    SLICE_X82Y4          FDCE                                         r  i_dmi_jtag/i_dmi_cdc/i_cdc_resp/i_src/data_src_q_reg[data][8]/C
  -------------------------------------------------------------------    -------------------
    SLICE_X82Y4          FDCE (Prop_fdce_C_Q)         0.385    -1.198 r  i_dmi_jtag/i_dmi_cdc/i_cdc_resp/i_src/data_src_q_reg[data][8]/Q
                         net (fo=1, routed)           0.401    -0.796    i_dmi_jtag/i_dmi_cdc/i_cdc_resp/i_dst/D[8]
    SLICE_X83Y7          FDCE                                         r  i_dmi_jtag/i_dmi_cdc/i_cdc_resp/i_dst/data_dst_q_reg[data][8]/D
  -------------------------------------------------------------------    -------------------

                         (clock tck rise edge)        0.000     0.000 r  
    H15                                               0.000     0.000 r  tck (IN)
                         net (fo=0)                   0.000     0.000    tck
    H15                  IBUF (Prop_ibuf_I_O)         1.500     1.500 r  tck_IBUF_inst/O
                         net (fo=1, routed)           3.659     5.159    tck_IBUF
    BUFGCTRL_X0Y0        BUFG (Prop_bufg_I_O)         0.101     5.260 r  tck_IBUF_BUFG_inst/O
                         net (fo=258, routed)         1.735     6.995    i_dmi_jtag/i_dmi_cdc/i_cdc_resp/i_dst/CLK
    SLICE_X83Y7          FDCE                                         r  i_dmi_jtag/i_dmi_cdc/i_cdc_resp/i_dst/data_dst_q_reg[data][8]/C

Slack:                    inf
  Source:                 i_dmi_jtag/i_dmi_cdc/i_cdc_resp/i_src/data_src_q_reg[data][28]/C
                            (rising edge-triggered cell FDCE clocked by clk_out1_xlnx_clk_gen  {rise@0.000ns fall@10.000ns period=20.000ns})
  Destination:            i_dmi_jtag/i_dmi_cdc/i_cdc_resp/i_dst/data_dst_q_reg[data][28]/D
                            (rising edge-triggered cell FDCE clocked by tck  {rise@0.000ns fall@50.000ns period=100.000ns})
  Path Group:             (none)
  Path Type:              Hold (Min at Slow Process Corner)
  Data Path Delay:        0.790ns  (logic 0.385ns (48.738%)  route 0.405ns (51.262%))
  Logic Levels:           0  
  Clock Path Skew:        8.579ns (DCD - SCD - CPR)
    Destination Clock Delay (DCD):    6.995ns
    Source Clock Delay      (SCD):    -1.584ns
    Clock Pessimism Removal (CPR):    -0.000ns
  Clock Uncertainty:      0.603ns  ((TSJ^2 + TIJ^2 + DJ^2)^1/2) / 2 + PE
    Total System Jitter     (TSJ):    0.071ns
    Total Input Jitter      (TIJ):    1.000ns
    Discrete Jitter          (DJ):    0.142ns
    Phase Error              (PE):    0.097ns
  Timing Exception:       False Path

    Location             Delay type                Incr(ns)  Path(ns)    Netlist Resource(s)
  -------------------------------------------------------------------    -------------------
                         (clock clk_out1_xlnx_clk_gen rise edge)
                                                      0.000     0.000 r  
    K17                                               0.000     0.000 r  clk_sys (IN)
                         net (fo=0)                   0.000     0.000    i_xlnx_clk_gen/inst/clk_in1
    K17                  IBUF (Prop_ibuf_I_O)         1.404     1.404 r  i_xlnx_clk_gen/inst/clkin1_ibufg/O
                         net (fo=1, routed)           1.162     2.566    i_xlnx_clk_gen/inst/clk_in1_xlnx_clk_gen
    MMCME2_ADV_X1Y2      MMCME2_ADV (Prop_mmcme2_adv_CLKIN1_CLKOUT0)
                                                     -7.814    -5.248 r  i_xlnx_clk_gen/inst/mmcm_adv_inst/CLKOUT0
                         net (fo=1, routed)           2.012    -3.236    i_xlnx_clk_gen/inst/clk_out1_xlnx_clk_gen
    BUFGCTRL_X0Y16       BUFG (Prop_bufg_I_O)         0.091    -3.145 r  i_xlnx_clk_gen/inst/clkout1_buf/O
                         net (fo=16470, routed)       1.561    -1.584    i_dmi_jtag/i_dmi_cdc/i_cdc_resp/i_src/clk_out1
    SLICE_X82Y8          FDCE                                         r  i_dmi_jtag/i_dmi_cdc/i_cdc_resp/i_src/data_src_q_reg[data][28]/C
  -------------------------------------------------------------------    -------------------
    SLICE_X82Y8          FDCE (Prop_fdce_C_Q)         0.385    -1.199 r  i_dmi_jtag/i_dmi_cdc/i_cdc_resp/i_src/data_src_q_reg[data][28]/Q
                         net (fo=1, routed)           0.405    -0.794    i_dmi_jtag/i_dmi_cdc/i_cdc_resp/i_dst/D[28]
    SLICE_X83Y8          FDCE                                         r  i_dmi_jtag/i_dmi_cdc/i_cdc_resp/i_dst/data_dst_q_reg[data][28]/D
  -------------------------------------------------------------------    -------------------

                         (clock tck rise edge)        0.000     0.000 r  
    H15                                               0.000     0.000 r  tck (IN)
                         net (fo=0)                   0.000     0.000    tck
    H15                  IBUF (Prop_ibuf_I_O)         1.500     1.500 r  tck_IBUF_inst/O
                         net (fo=1, routed)           3.659     5.159    tck_IBUF
    BUFGCTRL_X0Y0        BUFG (Prop_bufg_I_O)         0.101     5.260 r  tck_IBUF_BUFG_inst/O
                         net (fo=258, routed)         1.735     6.995    i_dmi_jtag/i_dmi_cdc/i_cdc_resp/i_dst/CLK
    SLICE_X83Y8          FDCE                                         r  i_dmi_jtag/i_dmi_cdc/i_cdc_resp/i_dst/data_dst_q_reg[data][28]/C





--------------------------------------------------------------------------------------
Path Group:  (none)
From Clock:  clk_out1_xlnx_clk_gen
  To Clock:  

Max Delay            33 Endpoints
Min Delay            33 Endpoints
--------------------------------------------------------------------------------------


Max Delay Paths
--------------------------------------------------------------------------------------
Slack:                    inf
  Source:                 i_ariane/i_cva6/csr_regfile_i/mstatus_q_reg[mpp][1]/C
                            (rising edge-triggered cell FDCE clocked by clk_out1_xlnx_clk_gen  {rise@0.000ns fall@10.000ns period=20.000ns})
  Destination:            i_ariane/i_cva6/ex_stage_i/lsu_i/i_load_unit/result_o_reg[19]/D
  Path Group:             (none)
  Path Type:              Max at Slow Process Corner
  Data Path Delay:        20.207ns  (logic 3.898ns (19.291%)  route 16.309ns (80.709%))
  Logic Levels:           18  (CARRY4=2 LUT3=1 LUT4=4 LUT5=4 LUT6=7)
  Clock Uncertainty:      0.172ns  ((TSJ^2 + DJ^2)^1/2) / 2 + PE
    Total System Jitter     (TSJ):    0.050ns
    Discrete Jitter          (DJ):    0.142ns
    Phase Error              (PE):    0.097ns

    Location             Delay type                Incr(ns)  Path(ns)    Netlist Resource(s)
  -------------------------------------------------------------------    -------------------
                         (clock clk_out1_xlnx_clk_gen rise edge)
                                                      0.000     0.000 r  
    K17                                               0.000     0.000 r  clk_sys (IN)
                         net (fo=0)                   0.000     0.000    i_xlnx_clk_gen/inst/clk_in1
    K17                  IBUF (Prop_ibuf_I_O)         1.475     1.475 r  i_xlnx_clk_gen/inst/clkin1_ibufg/O
                         net (fo=1, routed)           1.285     2.760    i_xlnx_clk_gen/inst/clk_in1_xlnx_clk_gen
    MMCME2_ADV_X1Y2      MMCME2_ADV (Prop_mmcme2_adv_CLKIN1_CLKOUT0)
                                                     -7.759    -4.999 r  i_xlnx_clk_gen/inst/mmcm_adv_inst/CLKOUT0
                         net (fo=1, routed)           2.206    -2.793    i_xlnx_clk_gen/inst/clk_out1_xlnx_clk_gen
    BUFGCTRL_X0Y16       BUFG (Prop_bufg_I_O)         0.101    -2.692 r  i_xlnx_clk_gen/inst/clkout1_buf/O
                         net (fo=16470, routed)       1.780    -0.912    i_ariane/i_cva6/csr_regfile_i/clk_out1
    SLICE_X101Y63        FDCE                                         r  i_ariane/i_cva6/csr_regfile_i/mstatus_q_reg[mpp][1]/C
  -------------------------------------------------------------------    -------------------
    SLICE_X101Y63        FDCE (Prop_fdce_C_Q)         0.456    -0.456 f  i_ariane/i_cva6/csr_regfile_i/mstatus_q_reg[mpp][1]/Q
                         net (fo=6, routed)           1.360     0.904    i_ariane/i_cva6/csr_regfile_i/mstatus_q_reg[mpp][1]_0
    SLICE_X97Y70         LUT5 (Prop_lut5_I0_O)        0.124     1.028 f  i_ariane/i_cva6/csr_regfile_i/gen_register.d_o[34]_i_5/O
                         net (fo=1, routed)           0.795     1.823    i_ariane/i_cva6/csr_regfile_i/ld_st_priv_lvl_csr_ex[1]
    SLICE_X96Y63         LUT4 (Prop_lut4_I0_O)        0.153     1.976 f  i_ariane/i_cva6/csr_regfile_i/gen_register.d_o[34]_i_3/O
                         net (fo=4, routed)           0.720     2.696    i_ariane/i_cva6/ex_stage_i/lsu_i/gen_mmu_sv32.i_cva6_mmu/i_ptw/gen_register.d_o_reg[33]
    SLICE_X97Y53         LUT6 (Prop_lut6_I2_O)        0.331     3.027 r  i_ariane/i_cva6/ex_stage_i/lsu_i/gen_mmu_sv32.i_cva6_mmu/i_ptw/gen_register.d_o[33]_i_1/O
                         net (fo=43, routed)          1.019     4.046    i_ariane/i_cva6/ex_stage_i/lsu_i/i_load_unit/address_tag_q_reg[0][0]
    SLICE_X81Y49         LUT6 (Prop_lut6_I0_O)        0.124     4.170 r  i_ariane/i_cva6/ex_stage_i/lsu_i/i_load_unit/FSM_sequential_state_q[1]_i_3__3/O
                         net (fo=12, routed)          0.927     5.097    i_ariane/i_cva6/gen_cache_wt.i_cache_subsystem/i_wt_dcache/gen_rd_ports[1].i_wt_dcache_ctrl/dcache_req_ports_ex_cache[1][kill_req]
    SLICE_X89Y42         LUT5 (Prop_lut5_I1_O)        0.120     5.217 r  i_ariane/i_cva6/gen_cache_wt.i_cache_subsystem/i_wt_dcache/gen_rd_ports[1].i_wt_dcache_ctrl/i___125_i_2/O
                         net (fo=22, routed)          0.959     6.176    i_ariane/i_cva6/gen_cache_wt.i_cache_subsystem/i_wt_dcache/gen_rd_ports[1].i_wt_dcache_ctrl/FSM_sequential_state_q_reg[2]_1
    SLICE_X96Y40         LUT6 (Prop_lut6_I1_O)        0.327     6.503 f  i_ariane/i_cva6/gen_cache_wt.i_cache_subsystem/i_wt_dcache/gen_rd_ports[1].i_wt_dcache_ctrl/i___131_i_1/O
                         net (fo=1, routed)           0.567     7.070    i_ariane/i_cva6/gen_cache_wt.i_cache_subsystem/i_wt_dcache_n_386
    SLICE_X96Y40         LUT4 (Prop_lut4_I3_O)        0.124     7.194 r  i_ariane/i_cva6/gen_cache_wt.i_cache_subsystem/i___131/O
                         net (fo=3, routed)           1.154     8.348    i_ariane/i_cva6/gen_cache_wt.i_cache_subsystem/i_wt_dcache/i_wt_dcache_missunit/i___139_i_43_0
    SLICE_X93Y32         LUT3 (Prop_lut3_I1_O)        0.150     8.498 r  i_ariane/i_cva6/gen_cache_wt.i_cache_subsystem/i_wt_dcache/i_wt_dcache_missunit/i___139_i_32/O
                         net (fo=2, routed)           0.605     9.103    i_ariane/i_cva6/gen_cache_wt.i_cache_subsystem/i_wt_dcache/i_wt_dcache_missunit/i___139_i_32_n_1
    SLICE_X92Y34         LUT6 (Prop_lut6_I0_O)        0.326     9.429 r  i_ariane/i_cva6/gen_cache_wt.i_cache_subsystem/i_wt_dcache/i_wt_dcache_missunit/i___139_i_11/O
                         net (fo=1, routed)           0.000     9.429    i_ariane/i_cva6/gen_cache_wt.i_cache_subsystem/i_wt_dcache/i_wt_dcache_missunit/i___139_i_11_n_1
    SLICE_X92Y34         CARRY4 (Prop_carry4_S[2]_CO[3])
                                                      0.380     9.809 r  i_ariane/i_cva6/gen_cache_wt.i_cache_subsystem/i_wt_dcache/i_wt_dcache_missunit/i___139_i_4/CO[3]
                         net (fo=1, routed)           0.000     9.809    i_ariane/i_cva6/gen_cache_wt.i_cache_subsystem/i_wt_dcache/i_wt_dcache_missunit/i___139_i_4_n_1
    SLICE_X92Y35         CARRY4 (Prop_carry4_CI_CO[2])
                                                      0.229    10.038 f  i_ariane/i_cva6/gen_cache_wt.i_cache_subsystem/i_wt_dcache/i_wt_dcache_missunit/i___139_i_2/CO[2]
                         net (fo=2, routed)           1.623    11.661    i_ariane/i_cva6/gen_cache_wt.i_cache_subsystem/i_wt_dcache/i_wt_dcache_wbuffer/CO[0]
    SLICE_X66Y46         LUT5 (Prop_lut5_I0_O)        0.310    11.971 f  i_ariane/i_cva6/gen_cache_wt.i_cache_subsystem/i_wt_dcache/i_wt_dcache_wbuffer/i___139_i_1/O
                         net (fo=37, routed)          0.514    12.485    i_ariane/i_cva6/gen_cache_wt.i_cache_subsystem/i_wt_dcache/i_wt_dcache_wbuffer/wbuffer_q_reg[0][valid][0]_1
    SLICE_X66Y45         LUT6 (Prop_lut6_I0_O)        0.124    12.609 f  i_ariane/i_cva6/gen_cache_wt.i_cache_subsystem/i_wt_dcache/i_wt_dcache_wbuffer/i___139_i_3/O
                         net (fo=4, routed)           0.574    13.183    i_ariane/i_cva6/gen_cache_wt.i_cache_subsystem/i_wt_dcache_n_392
    SLICE_X61Y46         LUT4 (Prop_lut4_I3_O)        0.124    13.307 r  i_ariane/i_cva6/gen_cache_wt.i_cache_subsystem/i___140/O
                         net (fo=8, routed)           0.629    13.936    i_ariane/i_cva6/gen_cache_wt.i_cache_subsystem/i_wt_dcache/i_wt_dcache_wbuffer/data_rdata_q_reg[15]
    SLICE_X57Y43         LUT5 (Prop_lut5_I1_O)        0.124    14.060 r  i_ariane/i_cva6/gen_cache_wt.i_cache_subsystem/i_wt_dcache/i_wt_dcache_wbuffer/data_rdata_q[15]_i_1/O
                         net (fo=4, routed)           1.391    15.451    i_ariane/i_cva6/gen_cache_wt.i_cache_subsystem/i_wt_dcache/i_wt_dcache_wbuffer/wbuffer_q_reg[0][data][15]_0
    SLICE_X57Y49         LUT6 (Prop_lut6_I0_O)        0.124    15.575 r  i_ariane/i_cva6/gen_cache_wt.i_cache_subsystem/i_wt_dcache/i_wt_dcache_wbuffer/i___128_i_3__0/O
                         net (fo=1, routed)           0.846    16.421    i_ariane/i_cva6/ex_stage_i/rdata_sign_bit1__2
    SLICE_X49Y49         LUT4 (Prop_lut4_I2_O)        0.124    16.545 r  i_ariane/i_cva6/ex_stage_i/i___128/O
                         net (fo=24, routed)          2.055    18.600    i_ariane/i_cva6/ex_stage_i/i___128_n_1
    SLICE_X60Y49         LUT6 (Prop_lut6_I1_O)        0.124    18.724 r  i_ariane/i_cva6/ex_stage_i/i___671/O
                         net (fo=1, routed)           0.570    19.295    i_ariane/i_cva6/ex_stage_i/lsu_i/i_load_unit/gen_register.d_o_reg[96][19]
    SLICE_X60Y49         LDCE                                         r  i_ariane/i_cva6/ex_stage_i/lsu_i/i_load_unit/result_o_reg[19]/D
  -------------------------------------------------------------------    -------------------

Slack:                    inf
  Source:                 i_ariane/i_cva6/csr_regfile_i/mstatus_q_reg[mpp][1]/C
                            (rising edge-triggered cell FDCE clocked by clk_out1_xlnx_clk_gen  {rise@0.000ns fall@10.000ns period=20.000ns})
  Destination:            i_ariane/i_cva6/ex_stage_i/lsu_i/i_load_unit/result_o_reg[31]/D
  Path Group:             (none)
  Path Type:              Max at Slow Process Corner
  Data Path Delay:        20.112ns  (logic 3.922ns (19.500%)  route 16.190ns (80.500%))
  Logic Levels:           18  (CARRY4=2 LUT3=1 LUT4=5 LUT5=4 LUT6=6)
  Clock Uncertainty:      0.172ns  ((TSJ^2 + DJ^2)^1/2) / 2 + PE
    Total System Jitter     (TSJ):    0.050ns
    Discrete Jitter          (DJ):    0.142ns
    Phase Error              (PE):    0.097ns

    Location             Delay type                Incr(ns)  Path(ns)    Netlist Resource(s)
  -------------------------------------------------------------------    -------------------
                         (clock clk_out1_xlnx_clk_gen rise edge)
                                                      0.000     0.000 r  
    K17                                               0.000     0.000 r  clk_sys (IN)
                         net (fo=0)                   0.000     0.000    i_xlnx_clk_gen/inst/clk_in1
    K17                  IBUF (Prop_ibuf_I_O)         1.475     1.475 r  i_xlnx_clk_gen/inst/clkin1_ibufg/O
                         net (fo=1, routed)           1.285     2.760    i_xlnx_clk_gen/inst/clk_in1_xlnx_clk_gen
    MMCME2_ADV_X1Y2      MMCME2_ADV (Prop_mmcme2_adv_CLKIN1_CLKOUT0)
                                                     -7.759    -4.999 r  i_xlnx_clk_gen/inst/mmcm_adv_inst/CLKOUT0
                         net (fo=1, routed)           2.206    -2.793    i_xlnx_clk_gen/inst/clk_out1_xlnx_clk_gen
    BUFGCTRL_X0Y16       BUFG (Prop_bufg_I_O)         0.101    -2.692 r  i_xlnx_clk_gen/inst/clkout1_buf/O
                         net (fo=16470, routed)       1.780    -0.912    i_ariane/i_cva6/csr_regfile_i/clk_out1
    SLICE_X101Y63        FDCE                                         r  i_ariane/i_cva6/csr_regfile_i/mstatus_q_reg[mpp][1]/C
  -------------------------------------------------------------------    -------------------
    SLICE_X101Y63        FDCE (Prop_fdce_C_Q)         0.456    -0.456 f  i_ariane/i_cva6/csr_regfile_i/mstatus_q_reg[mpp][1]/Q
                         net (fo=6, routed)           1.360     0.904    i_ariane/i_cva6/csr_regfile_i/mstatus_q_reg[mpp][1]_0
    SLICE_X97Y70         LUT5 (Prop_lut5_I0_O)        0.124     1.028 f  i_ariane/i_cva6/csr_regfile_i/gen_register.d_o[34]_i_5/O
                         net (fo=1, routed)           0.795     1.823    i_ariane/i_cva6/csr_regfile_i/ld_st_priv_lvl_csr_ex[1]
    SLICE_X96Y63         LUT4 (Prop_lut4_I0_O)        0.153     1.976 f  i_ariane/i_cva6/csr_regfile_i/gen_register.d_o[34]_i_3/O
                         net (fo=4, routed)           0.720     2.696    i_ariane/i_cva6/ex_stage_i/lsu_i/gen_mmu_sv32.i_cva6_mmu/i_ptw/gen_register.d_o_reg[33]
    SLICE_X97Y53         LUT6 (Prop_lut6_I2_O)        0.331     3.027 r  i_ariane/i_cva6/ex_stage_i/lsu_i/gen_mmu_sv32.i_cva6_mmu/i_ptw/gen_register.d_o[33]_i_1/O
                         net (fo=43, routed)          1.019     4.046    i_ariane/i_cva6/ex_stage_i/lsu_i/i_load_unit/address_tag_q_reg[0][0]
    SLICE_X81Y49         LUT6 (Prop_lut6_I0_O)        0.124     4.170 r  i_ariane/i_cva6/ex_stage_i/lsu_i/i_load_unit/FSM_sequential_state_q[1]_i_3__3/O
                         net (fo=12, routed)          0.927     5.097    i_ariane/i_cva6/gen_cache_wt.i_cache_subsystem/i_wt_dcache/gen_rd_ports[1].i_wt_dcache_ctrl/dcache_req_ports_ex_cache[1][kill_req]
    SLICE_X89Y42         LUT5 (Prop_lut5_I1_O)        0.120     5.217 r  i_ariane/i_cva6/gen_cache_wt.i_cache_subsystem/i_wt_dcache/gen_rd_ports[1].i_wt_dcache_ctrl/i___125_i_2/O
                         net (fo=22, routed)          0.959     6.176    i_ariane/i_cva6/gen_cache_wt.i_cache_subsystem/i_wt_dcache/gen_rd_ports[1].i_wt_dcache_ctrl/FSM_sequential_state_q_reg[2]_1
    SLICE_X96Y40         LUT6 (Prop_lut6_I1_O)        0.327     6.503 f  i_ariane/i_cva6/gen_cache_wt.i_cache_subsystem/i_wt_dcache/gen_rd_ports[1].i_wt_dcache_ctrl/i___131_i_1/O
                         net (fo=1, routed)           0.567     7.070    i_ariane/i_cva6/gen_cache_wt.i_cache_subsystem/i_wt_dcache_n_386
    SLICE_X96Y40         LUT4 (Prop_lut4_I3_O)        0.124     7.194 r  i_ariane/i_cva6/gen_cache_wt.i_cache_subsystem/i___131/O
                         net (fo=3, routed)           1.154     8.348    i_ariane/i_cva6/gen_cache_wt.i_cache_subsystem/i_wt_dcache/i_wt_dcache_missunit/i___139_i_43_0
    SLICE_X93Y32         LUT3 (Prop_lut3_I1_O)        0.150     8.498 r  i_ariane/i_cva6/gen_cache_wt.i_cache_subsystem/i_wt_dcache/i_wt_dcache_missunit/i___139_i_32/O
                         net (fo=2, routed)           0.605     9.103    i_ariane/i_cva6/gen_cache_wt.i_cache_subsystem/i_wt_dcache/i_wt_dcache_missunit/i___139_i_32_n_1
    SLICE_X92Y34         LUT6 (Prop_lut6_I0_O)        0.326     9.429 r  i_ariane/i_cva6/gen_cache_wt.i_cache_subsystem/i_wt_dcache/i_wt_dcache_missunit/i___139_i_11/O
                         net (fo=1, routed)           0.000     9.429    i_ariane/i_cva6/gen_cache_wt.i_cache_subsystem/i_wt_dcache/i_wt_dcache_missunit/i___139_i_11_n_1
    SLICE_X92Y34         CARRY4 (Prop_carry4_S[2]_CO[3])
                                                      0.380     9.809 r  i_ariane/i_cva6/gen_cache_wt.i_cache_subsystem/i_wt_dcache/i_wt_dcache_missunit/i___139_i_4/CO[3]
                         net (fo=1, routed)           0.000     9.809    i_ariane/i_cva6/gen_cache_wt.i_cache_subsystem/i_wt_dcache/i_wt_dcache_missunit/i___139_i_4_n_1
    SLICE_X92Y35         CARRY4 (Prop_carry4_CI_CO[2])
                                                      0.229    10.038 f  i_ariane/i_cva6/gen_cache_wt.i_cache_subsystem/i_wt_dcache/i_wt_dcache_missunit/i___139_i_2/CO[2]
                         net (fo=2, routed)           1.623    11.661    i_ariane/i_cva6/gen_cache_wt.i_cache_subsystem/i_wt_dcache/i_wt_dcache_wbuffer/CO[0]
    SLICE_X66Y46         LUT5 (Prop_lut5_I0_O)        0.310    11.971 f  i_ariane/i_cva6/gen_cache_wt.i_cache_subsystem/i_wt_dcache/i_wt_dcache_wbuffer/i___139_i_1/O
                         net (fo=37, routed)          0.514    12.485    i_ariane/i_cva6/gen_cache_wt.i_cache_subsystem/i_wt_dcache/i_wt_dcache_wbuffer/wbuffer_q_reg[0][valid][0]_1
    SLICE_X66Y45         LUT6 (Prop_lut6_I0_O)        0.124    12.609 f  i_ariane/i_cva6/gen_cache_wt.i_cache_subsystem/i_wt_dcache/i_wt_dcache_wbuffer/i___139_i_3/O
                         net (fo=4, routed)           0.574    13.183    i_ariane/i_cva6/gen_cache_wt.i_cache_subsystem/i_wt_dcache_n_392
    SLICE_X61Y46         LUT4 (Prop_lut4_I3_O)        0.124    13.307 r  i_ariane/i_cva6/gen_cache_wt.i_cache_subsystem/i___140/O
                         net (fo=8, routed)           0.629    13.936    i_ariane/i_cva6/gen_cache_wt.i_cache_subsystem/i_wt_dcache/i_wt_dcache_wbuffer/data_rdata_q_reg[15]
    SLICE_X57Y43         LUT5 (Prop_lut5_I1_O)        0.124    14.060 r  i_ariane/i_cva6/gen_cache_wt.i_cache_subsystem/i_wt_dcache/i_wt_dcache_wbuffer/data_rdata_q[15]_i_1/O
                         net (fo=4, routed)           1.391    15.451    i_ariane/i_cva6/gen_cache_wt.i_cache_subsystem/i_wt_dcache/i_wt_dcache_wbuffer/wbuffer_q_reg[0][data][15]_0
    SLICE_X57Y49         LUT6 (Prop_lut6_I0_O)        0.124    15.575 r  i_ariane/i_cva6/gen_cache_wt.i_cache_subsystem/i_wt_dcache/i_wt_dcache_wbuffer/i___128_i_3__0/O
                         net (fo=1, routed)           0.846    16.421    i_ariane/i_cva6/ex_stage_i/rdata_sign_bit1__2
    SLICE_X49Y49         LUT4 (Prop_lut4_I2_O)        0.124    16.545 r  i_ariane/i_cva6/ex_stage_i/i___128/O
                         net (fo=24, routed)          2.177    18.723    i_ariane/i_cva6/ex_stage_i/i___128_n_1
    SLICE_X62Y48         LUT4 (Prop_lut4_I1_O)        0.148    18.871 r  i_ariane/i_cva6/ex_stage_i/i___683/O
                         net (fo=1, routed)           0.329    19.200    i_ariane/i_cva6/ex_stage_i/lsu_i/i_load_unit/gen_register.d_o_reg[96][31]
    SLICE_X60Y48         LDCE                                         r  i_ariane/i_cva6/ex_stage_i/lsu_i/i_load_unit/result_o_reg[31]/D
  -------------------------------------------------------------------    -------------------

Slack:                    inf
  Source:                 i_ariane/i_cva6/csr_regfile_i/mstatus_q_reg[mpp][1]/C
                            (rising edge-triggered cell FDCE clocked by clk_out1_xlnx_clk_gen  {rise@0.000ns fall@10.000ns period=20.000ns})
  Destination:            i_ariane/i_cva6/ex_stage_i/lsu_i/i_load_unit/result_o_reg[30]/D
  Path Group:             (none)
  Path Type:              Max at Slow Process Corner
  Data Path Delay:        20.090ns  (logic 3.898ns (19.402%)  route 16.192ns (80.598%))
  Logic Levels:           18  (CARRY4=2 LUT3=1 LUT4=5 LUT5=4 LUT6=6)
  Clock Uncertainty:      0.172ns  ((TSJ^2 + DJ^2)^1/2) / 2 + PE
    Total System Jitter     (TSJ):    0.050ns
    Discrete Jitter          (DJ):    0.142ns
    Phase Error              (PE):    0.097ns

    Location             Delay type                Incr(ns)  Path(ns)    Netlist Resource(s)
  -------------------------------------------------------------------    -------------------
                         (clock clk_out1_xlnx_clk_gen rise edge)
                                                      0.000     0.000 r  
    K17                                               0.000     0.000 r  clk_sys (IN)
                         net (fo=0)                   0.000     0.000    i_xlnx_clk_gen/inst/clk_in1
    K17                  IBUF (Prop_ibuf_I_O)         1.475     1.475 r  i_xlnx_clk_gen/inst/clkin1_ibufg/O
                         net (fo=1, routed)           1.285     2.760    i_xlnx_clk_gen/inst/clk_in1_xlnx_clk_gen
    MMCME2_ADV_X1Y2      MMCME2_ADV (Prop_mmcme2_adv_CLKIN1_CLKOUT0)
                                                     -7.759    -4.999 r  i_xlnx_clk_gen/inst/mmcm_adv_inst/CLKOUT0
                         net (fo=1, routed)           2.206    -2.793    i_xlnx_clk_gen/inst/clk_out1_xlnx_clk_gen
    BUFGCTRL_X0Y16       BUFG (Prop_bufg_I_O)         0.101    -2.692 r  i_xlnx_clk_gen/inst/clkout1_buf/O
                         net (fo=16470, routed)       1.780    -0.912    i_ariane/i_cva6/csr_regfile_i/clk_out1
    SLICE_X101Y63        FDCE                                         r  i_ariane/i_cva6/csr_regfile_i/mstatus_q_reg[mpp][1]/C
  -------------------------------------------------------------------    -------------------
    SLICE_X101Y63        FDCE (Prop_fdce_C_Q)         0.456    -0.456 f  i_ariane/i_cva6/csr_regfile_i/mstatus_q_reg[mpp][1]/Q
                         net (fo=6, routed)           1.360     0.904    i_ariane/i_cva6/csr_regfile_i/mstatus_q_reg[mpp][1]_0
    SLICE_X97Y70         LUT5 (Prop_lut5_I0_O)        0.124     1.028 f  i_ariane/i_cva6/csr_regfile_i/gen_register.d_o[34]_i_5/O
                         net (fo=1, routed)           0.795     1.823    i_ariane/i_cva6/csr_regfile_i/ld_st_priv_lvl_csr_ex[1]
    SLICE_X96Y63         LUT4 (Prop_lut4_I0_O)        0.153     1.976 f  i_ariane/i_cva6/csr_regfile_i/gen_register.d_o[34]_i_3/O
                         net (fo=4, routed)           0.720     2.696    i_ariane/i_cva6/ex_stage_i/lsu_i/gen_mmu_sv32.i_cva6_mmu/i_ptw/gen_register.d_o_reg[33]
    SLICE_X97Y53         LUT6 (Prop_lut6_I2_O)        0.331     3.027 r  i_ariane/i_cva6/ex_stage_i/lsu_i/gen_mmu_sv32.i_cva6_mmu/i_ptw/gen_register.d_o[33]_i_1/O
                         net (fo=43, routed)          1.019     4.046    i_ariane/i_cva6/ex_stage_i/lsu_i/i_load_unit/address_tag_q_reg[0][0]
    SLICE_X81Y49         LUT6 (Prop_lut6_I0_O)        0.124     4.170 r  i_ariane/i_cva6/ex_stage_i/lsu_i/i_load_unit/FSM_sequential_state_q[1]_i_3__3/O
                         net (fo=12, routed)          0.927     5.097    i_ariane/i_cva6/gen_cache_wt.i_cache_subsystem/i_wt_dcache/gen_rd_ports[1].i_wt_dcache_ctrl/dcache_req_ports_ex_cache[1][kill_req]
    SLICE_X89Y42         LUT5 (Prop_lut5_I1_O)        0.120     5.217 r  i_ariane/i_cva6/gen_cache_wt.i_cache_subsystem/i_wt_dcache/gen_rd_ports[1].i_wt_dcache_ctrl/i___125_i_2/O
                         net (fo=22, routed)          0.959     6.176    i_ariane/i_cva6/gen_cache_wt.i_cache_subsystem/i_wt_dcache/gen_rd_ports[1].i_wt_dcache_ctrl/FSM_sequential_state_q_reg[2]_1
    SLICE_X96Y40         LUT6 (Prop_lut6_I1_O)        0.327     6.503 f  i_ariane/i_cva6/gen_cache_wt.i_cache_subsystem/i_wt_dcache/gen_rd_ports[1].i_wt_dcache_ctrl/i___131_i_1/O
                         net (fo=1, routed)           0.567     7.070    i_ariane/i_cva6/gen_cache_wt.i_cache_subsystem/i_wt_dcache_n_386
    SLICE_X96Y40         LUT4 (Prop_lut4_I3_O)        0.124     7.194 r  i_ariane/i_cva6/gen_cache_wt.i_cache_subsystem/i___131/O
                         net (fo=3, routed)           1.154     8.348    i_ariane/i_cva6/gen_cache_wt.i_cache_subsystem/i_wt_dcache/i_wt_dcache_missunit/i___139_i_43_0
    SLICE_X93Y32         LUT3 (Prop_lut3_I1_O)        0.150     8.498 r  i_ariane/i_cva6/gen_cache_wt.i_cache_subsystem/i_wt_dcache/i_wt_dcache_missunit/i___139_i_32/O
                         net (fo=2, routed)           0.605     9.103    i_ariane/i_cva6/gen_cache_wt.i_cache_subsystem/i_wt_dcache/i_wt_dcache_missunit/i___139_i_32_n_1
    SLICE_X92Y34         LUT6 (Prop_lut6_I0_O)        0.326     9.429 r  i_ariane/i_cva6/gen_cache_wt.i_cache_subsystem/i_wt_dcache/i_wt_dcache_missunit/i___139_i_11/O
                         net (fo=1, routed)           0.000     9.429    i_ariane/i_cva6/gen_cache_wt.i_cache_subsystem/i_wt_dcache/i_wt_dcache_missunit/i___139_i_11_n_1
    SLICE_X92Y34         CARRY4 (Prop_carry4_S[2]_CO[3])
                                                      0.380     9.809 r  i_ariane/i_cva6/gen_cache_wt.i_cache_subsystem/i_wt_dcache/i_wt_dcache_missunit/i___139_i_4/CO[3]
                         net (fo=1, routed)           0.000     9.809    i_ariane/i_cva6/gen_cache_wt.i_cache_subsystem/i_wt_dcache/i_wt_dcache_missunit/i___139_i_4_n_1
    SLICE_X92Y35         CARRY4 (Prop_carry4_CI_CO[2])
                                                      0.229    10.038 f  i_ariane/i_cva6/gen_cache_wt.i_cache_subsystem/i_wt_dcache/i_wt_dcache_missunit/i___139_i_2/CO[2]
                         net (fo=2, routed)           1.623    11.661    i_ariane/i_cva6/gen_cache_wt.i_cache_subsystem/i_wt_dcache/i_wt_dcache_wbuffer/CO[0]
    SLICE_X66Y46         LUT5 (Prop_lut5_I0_O)        0.310    11.971 f  i_ariane/i_cva6/gen_cache_wt.i_cache_subsystem/i_wt_dcache/i_wt_dcache_wbuffer/i___139_i_1/O
                         net (fo=37, routed)          0.514    12.485    i_ariane/i_cva6/gen_cache_wt.i_cache_subsystem/i_wt_dcache/i_wt_dcache_wbuffer/wbuffer_q_reg[0][valid][0]_1
    SLICE_X66Y45         LUT6 (Prop_lut6_I0_O)        0.124    12.609 f  i_ariane/i_cva6/gen_cache_wt.i_cache_subsystem/i_wt_dcache/i_wt_dcache_wbuffer/i___139_i_3/O
                         net (fo=4, routed)           0.574    13.183    i_ariane/i_cva6/gen_cache_wt.i_cache_subsystem/i_wt_dcache_n_392
    SLICE_X61Y46         LUT4 (Prop_lut4_I3_O)        0.124    13.307 r  i_ariane/i_cva6/gen_cache_wt.i_cache_subsystem/i___140/O
                         net (fo=8, routed)           0.629    13.936    i_ariane/i_cva6/gen_cache_wt.i_cache_subsystem/i_wt_dcache/i_wt_dcache_wbuffer/data_rdata_q_reg[15]
    SLICE_X57Y43         LUT5 (Prop_lut5_I1_O)        0.124    14.060 r  i_ariane/i_cva6/gen_cache_wt.i_cache_subsystem/i_wt_dcache/i_wt_dcache_wbuffer/data_rdata_q[15]_i_1/O
                         net (fo=4, routed)           1.391    15.451    i_ariane/i_cva6/gen_cache_wt.i_cache_subsystem/i_wt_dcache/i_wt_dcache_wbuffer/wbuffer_q_reg[0][data][15]_0
    SLICE_X57Y49         LUT6 (Prop_lut6_I0_O)        0.124    15.575 r  i_ariane/i_cva6/gen_cache_wt.i_cache_subsystem/i_wt_dcache/i_wt_dcache_wbuffer/i___128_i_3__0/O
                         net (fo=1, routed)           0.846    16.421    i_ariane/i_cva6/ex_stage_i/rdata_sign_bit1__2
    SLICE_X49Y49         LUT4 (Prop_lut4_I2_O)        0.124    16.545 r  i_ariane/i_cva6/ex_stage_i/i___128/O
                         net (fo=24, routed)          2.177    18.723    i_ariane/i_cva6/ex_stage_i/i___128_n_1
    SLICE_X62Y48         LUT4 (Prop_lut4_I1_O)        0.124    18.847 r  i_ariane/i_cva6/ex_stage_i/i___682/O
                         net (fo=1, routed)           0.331    19.178    i_ariane/i_cva6/ex_stage_i/lsu_i/i_load_unit/gen_register.d_o_reg[96][30]
    SLICE_X62Y48         LDCE                                         r  i_ariane/i_cva6/ex_stage_i/lsu_i/i_load_unit/result_o_reg[30]/D
  -------------------------------------------------------------------    -------------------

Slack:                    inf
  Source:                 i_ariane/i_cva6/csr_regfile_i/mstatus_q_reg[mpp][1]/C
                            (rising edge-triggered cell FDCE clocked by clk_out1_xlnx_clk_gen  {rise@0.000ns fall@10.000ns period=20.000ns})
  Destination:            i_ariane/i_cva6/ex_stage_i/lsu_i/i_load_unit/result_o_reg[23]/D
  Path Group:             (none)
  Path Type:              Max at Slow Process Corner
  Data Path Delay:        20.046ns  (logic 3.898ns (19.445%)  route 16.148ns (80.555%))
  Logic Levels:           18  (CARRY4=2 LUT3=1 LUT4=4 LUT5=4 LUT6=7)
  Clock Uncertainty:      0.172ns  ((TSJ^2 + DJ^2)^1/2) / 2 + PE
    Total System Jitter     (TSJ):    0.050ns
    Discrete Jitter          (DJ):    0.142ns
    Phase Error              (PE):    0.097ns

    Location             Delay type                Incr(ns)  Path(ns)    Netlist Resource(s)
  -------------------------------------------------------------------    -------------------
                         (clock clk_out1_xlnx_clk_gen rise edge)
                                                      0.000     0.000 r  
    K17                                               0.000     0.000 r  clk_sys (IN)
                         net (fo=0)                   0.000     0.000    i_xlnx_clk_gen/inst/clk_in1
    K17                  IBUF (Prop_ibuf_I_O)         1.475     1.475 r  i_xlnx_clk_gen/inst/clkin1_ibufg/O
                         net (fo=1, routed)           1.285     2.760    i_xlnx_clk_gen/inst/clk_in1_xlnx_clk_gen
    MMCME2_ADV_X1Y2      MMCME2_ADV (Prop_mmcme2_adv_CLKIN1_CLKOUT0)
                                                     -7.759    -4.999 r  i_xlnx_clk_gen/inst/mmcm_adv_inst/CLKOUT0
                         net (fo=1, routed)           2.206    -2.793    i_xlnx_clk_gen/inst/clk_out1_xlnx_clk_gen
    BUFGCTRL_X0Y16       BUFG (Prop_bufg_I_O)         0.101    -2.692 r  i_xlnx_clk_gen/inst/clkout1_buf/O
                         net (fo=16470, routed)       1.780    -0.912    i_ariane/i_cva6/csr_regfile_i/clk_out1
    SLICE_X101Y63        FDCE                                         r  i_ariane/i_cva6/csr_regfile_i/mstatus_q_reg[mpp][1]/C
  -------------------------------------------------------------------    -------------------
    SLICE_X101Y63        FDCE (Prop_fdce_C_Q)         0.456    -0.456 f  i_ariane/i_cva6/csr_regfile_i/mstatus_q_reg[mpp][1]/Q
                         net (fo=6, routed)           1.360     0.904    i_ariane/i_cva6/csr_regfile_i/mstatus_q_reg[mpp][1]_0
    SLICE_X97Y70         LUT5 (Prop_lut5_I0_O)        0.124     1.028 f  i_ariane/i_cva6/csr_regfile_i/gen_register.d_o[34]_i_5/O
                         net (fo=1, routed)           0.795     1.823    i_ariane/i_cva6/csr_regfile_i/ld_st_priv_lvl_csr_ex[1]
    SLICE_X96Y63         LUT4 (Prop_lut4_I0_O)        0.153     1.976 f  i_ariane/i_cva6/csr_regfile_i/gen_register.d_o[34]_i_3/O
                         net (fo=4, routed)           0.720     2.696    i_ariane/i_cva6/ex_stage_i/lsu_i/gen_mmu_sv32.i_cva6_mmu/i_ptw/gen_register.d_o_reg[33]
    SLICE_X97Y53         LUT6 (Prop_lut6_I2_O)        0.331     3.027 r  i_ariane/i_cva6/ex_stage_i/lsu_i/gen_mmu_sv32.i_cva6_mmu/i_ptw/gen_register.d_o[33]_i_1/O
                         net (fo=43, routed)          1.019     4.046    i_ariane/i_cva6/ex_stage_i/lsu_i/i_load_unit/address_tag_q_reg[0][0]
    SLICE_X81Y49         LUT6 (Prop_lut6_I0_O)        0.124     4.170 r  i_ariane/i_cva6/ex_stage_i/lsu_i/i_load_unit/FSM_sequential_state_q[1]_i_3__3/O
                         net (fo=12, routed)          0.927     5.097    i_ariane/i_cva6/gen_cache_wt.i_cache_subsystem/i_wt_dcache/gen_rd_ports[1].i_wt_dcache_ctrl/dcache_req_ports_ex_cache[1][kill_req]
    SLICE_X89Y42         LUT5 (Prop_lut5_I1_O)        0.120     5.217 r  i_ariane/i_cva6/gen_cache_wt.i_cache_subsystem/i_wt_dcache/gen_rd_ports[1].i_wt_dcache_ctrl/i___125_i_2/O
                         net (fo=22, routed)          0.959     6.176    i_ariane/i_cva6/gen_cache_wt.i_cache_subsystem/i_wt_dcache/gen_rd_ports[1].i_wt_dcache_ctrl/FSM_sequential_state_q_reg[2]_1
    SLICE_X96Y40         LUT6 (Prop_lut6_I1_O)        0.327     6.503 f  i_ariane/i_cva6/gen_cache_wt.i_cache_subsystem/i_wt_dcache/gen_rd_ports[1].i_wt_dcache_ctrl/i___131_i_1/O
                         net (fo=1, routed)           0.567     7.070    i_ariane/i_cva6/gen_cache_wt.i_cache_subsystem/i_wt_dcache_n_386
    SLICE_X96Y40         LUT4 (Prop_lut4_I3_O)        0.124     7.194 r  i_ariane/i_cva6/gen_cache_wt.i_cache_subsystem/i___131/O
                         net (fo=3, routed)           1.154     8.348    i_ariane/i_cva6/gen_cache_wt.i_cache_subsystem/i_wt_dcache/i_wt_dcache_missunit/i___139_i_43_0
    SLICE_X93Y32         LUT3 (Prop_lut3_I1_O)        0.150     8.498 r  i_ariane/i_cva6/gen_cache_wt.i_cache_subsystem/i_wt_dcache/i_wt_dcache_missunit/i___139_i_32/O
                         net (fo=2, routed)           0.605     9.103    i_ariane/i_cva6/gen_cache_wt.i_cache_subsystem/i_wt_dcache/i_wt_dcache_missunit/i___139_i_32_n_1
    SLICE_X92Y34         LUT6 (Prop_lut6_I0_O)        0.326     9.429 r  i_ariane/i_cva6/gen_cache_wt.i_cache_subsystem/i_wt_dcache/i_wt_dcache_missunit/i___139_i_11/O
                         net (fo=1, routed)           0.000     9.429    i_ariane/i_cva6/gen_cache_wt.i_cache_subsystem/i_wt_dcache/i_wt_dcache_missunit/i___139_i_11_n_1
    SLICE_X92Y34         CARRY4 (Prop_carry4_S[2]_CO[3])
                                                      0.380     9.809 r  i_ariane/i_cva6/gen_cache_wt.i_cache_subsystem/i_wt_dcache/i_wt_dcache_missunit/i___139_i_4/CO[3]
                         net (fo=1, routed)           0.000     9.809    i_ariane/i_cva6/gen_cache_wt.i_cache_subsystem/i_wt_dcache/i_wt_dcache_missunit/i___139_i_4_n_1
    SLICE_X92Y35         CARRY4 (Prop_carry4_CI_CO[2])
                                                      0.229    10.038 f  i_ariane/i_cva6/gen_cache_wt.i_cache_subsystem/i_wt_dcache/i_wt_dcache_missunit/i___139_i_2/CO[2]
                         net (fo=2, routed)           1.623    11.661    i_ariane/i_cva6/gen_cache_wt.i_cache_subsystem/i_wt_dcache/i_wt_dcache_wbuffer/CO[0]
    SLICE_X66Y46         LUT5 (Prop_lut5_I0_O)        0.310    11.971 f  i_ariane/i_cva6/gen_cache_wt.i_cache_subsystem/i_wt_dcache/i_wt_dcache_wbuffer/i___139_i_1/O
                         net (fo=37, routed)          0.514    12.485    i_ariane/i_cva6/gen_cache_wt.i_cache_subsystem/i_wt_dcache/i_wt_dcache_wbuffer/wbuffer_q_reg[0][valid][0]_1
    SLICE_X66Y45         LUT6 (Prop_lut6_I0_O)        0.124    12.609 f  i_ariane/i_cva6/gen_cache_wt.i_cache_subsystem/i_wt_dcache/i_wt_dcache_wbuffer/i___139_i_3/O
                         net (fo=4, routed)           0.574    13.183    i_ariane/i_cva6/gen_cache_wt.i_cache_subsystem/i_wt_dcache_n_392
    SLICE_X61Y46         LUT4 (Prop_lut4_I3_O)        0.124    13.307 r  i_ariane/i_cva6/gen_cache_wt.i_cache_subsystem/i___140/O
                         net (fo=8, routed)           0.629    13.936    i_ariane/i_cva6/gen_cache_wt.i_cache_subsystem/i_wt_dcache/i_wt_dcache_wbuffer/data_rdata_q_reg[15]
    SLICE_X57Y43         LUT5 (Prop_lut5_I1_O)        0.124    14.060 r  i_ariane/i_cva6/gen_cache_wt.i_cache_subsystem/i_wt_dcache/i_wt_dcache_wbuffer/data_rdata_q[15]_i_1/O
                         net (fo=4, routed)           1.391    15.451    i_ariane/i_cva6/gen_cache_wt.i_cache_subsystem/i_wt_dcache/i_wt_dcache_wbuffer/wbuffer_q_reg[0][data][15]_0
    SLICE_X57Y49         LUT6 (Prop_lut6_I0_O)        0.124    15.575 r  i_ariane/i_cva6/gen_cache_wt.i_cache_subsystem/i_wt_dcache/i_wt_dcache_wbuffer/i___128_i_3__0/O
                         net (fo=1, routed)           0.846    16.421    i_ariane/i_cva6/ex_stage_i/rdata_sign_bit1__2
    SLICE_X49Y49         LUT4 (Prop_lut4_I2_O)        0.124    16.545 r  i_ariane/i_cva6/ex_stage_i/i___128/O
                         net (fo=24, routed)          1.896    18.442    i_ariane/i_cva6/ex_stage_i/i___128_n_1
    SLICE_X62Y48         LUT6 (Prop_lut6_I1_O)        0.124    18.566 r  i_ariane/i_cva6/ex_stage_i/i___675/O
                         net (fo=1, routed)           0.568    19.134    i_ariane/i_cva6/ex_stage_i/lsu_i/i_load_unit/gen_register.d_o_reg[96][23]
    SLICE_X62Y48         LDCE                                         r  i_ariane/i_cva6/ex_stage_i/lsu_i/i_load_unit/result_o_reg[23]/D
  -------------------------------------------------------------------    -------------------

Slack:                    inf
  Source:                 i_ariane/i_cva6/csr_regfile_i/mstatus_q_reg[mpp][1]/C
                            (rising edge-triggered cell FDCE clocked by clk_out1_xlnx_clk_gen  {rise@0.000ns fall@10.000ns period=20.000ns})
  Destination:            i_ariane/i_cva6/ex_stage_i/lsu_i/i_load_unit/result_o_reg[24]/D
  Path Group:             (none)
  Path Type:              Max at Slow Process Corner
  Data Path Delay:        19.972ns  (logic 3.898ns (19.517%)  route 16.074ns (80.483%))
  Logic Levels:           18  (CARRY4=2 LUT3=1 LUT4=5 LUT5=4 LUT6=6)
  Clock Uncertainty:      0.172ns  ((TSJ^2 + DJ^2)^1/2) / 2 + PE
    Total System Jitter     (TSJ):    0.050ns
    Discrete Jitter          (DJ):    0.142ns
    Phase Error              (PE):    0.097ns

    Location             Delay type                Incr(ns)  Path(ns)    Netlist Resource(s)
  -------------------------------------------------------------------    -------------------
                         (clock clk_out1_xlnx_clk_gen rise edge)
                                                      0.000     0.000 r  
    K17                                               0.000     0.000 r  clk_sys (IN)
                         net (fo=0)                   0.000     0.000    i_xlnx_clk_gen/inst/clk_in1
    K17                  IBUF (Prop_ibuf_I_O)         1.475     1.475 r  i_xlnx_clk_gen/inst/clkin1_ibufg/O
                         net (fo=1, routed)           1.285     2.760    i_xlnx_clk_gen/inst/clk_in1_xlnx_clk_gen
    MMCME2_ADV_X1Y2      MMCME2_ADV (Prop_mmcme2_adv_CLKIN1_CLKOUT0)
                                                     -7.759    -4.999 r  i_xlnx_clk_gen/inst/mmcm_adv_inst/CLKOUT0
                         net (fo=1, routed)           2.206    -2.793    i_xlnx_clk_gen/inst/clk_out1_xlnx_clk_gen
    BUFGCTRL_X0Y16       BUFG (Prop_bufg_I_O)         0.101    -2.692 r  i_xlnx_clk_gen/inst/clkout1_buf/O
                         net (fo=16470, routed)       1.780    -0.912    i_ariane/i_cva6/csr_regfile_i/clk_out1
    SLICE_X101Y63        FDCE                                         r  i_ariane/i_cva6/csr_regfile_i/mstatus_q_reg[mpp][1]/C
  -------------------------------------------------------------------    -------------------
    SLICE_X101Y63        FDCE (Prop_fdce_C_Q)         0.456    -0.456 f  i_ariane/i_cva6/csr_regfile_i/mstatus_q_reg[mpp][1]/Q
                         net (fo=6, routed)           1.360     0.904    i_ariane/i_cva6/csr_regfile_i/mstatus_q_reg[mpp][1]_0
    SLICE_X97Y70         LUT5 (Prop_lut5_I0_O)        0.124     1.028 f  i_ariane/i_cva6/csr_regfile_i/gen_register.d_o[34]_i_5/O
                         net (fo=1, routed)           0.795     1.823    i_ariane/i_cva6/csr_regfile_i/ld_st_priv_lvl_csr_ex[1]
    SLICE_X96Y63         LUT4 (Prop_lut4_I0_O)        0.153     1.976 f  i_ariane/i_cva6/csr_regfile_i/gen_register.d_o[34]_i_3/O
                         net (fo=4, routed)           0.720     2.696    i_ariane/i_cva6/ex_stage_i/lsu_i/gen_mmu_sv32.i_cva6_mmu/i_ptw/gen_register.d_o_reg[33]
    SLICE_X97Y53         LUT6 (Prop_lut6_I2_O)        0.331     3.027 r  i_ariane/i_cva6/ex_stage_i/lsu_i/gen_mmu_sv32.i_cva6_mmu/i_ptw/gen_register.d_o[33]_i_1/O
                         net (fo=43, routed)          1.019     4.046    i_ariane/i_cva6/ex_stage_i/lsu_i/i_load_unit/address_tag_q_reg[0][0]
    SLICE_X81Y49         LUT6 (Prop_lut6_I0_O)        0.124     4.170 r  i_ariane/i_cva6/ex_stage_i/lsu_i/i_load_unit/FSM_sequential_state_q[1]_i_3__3/O
                         net (fo=12, routed)          0.927     5.097    i_ariane/i_cva6/gen_cache_wt.i_cache_subsystem/i_wt_dcache/gen_rd_ports[1].i_wt_dcache_ctrl/dcache_req_ports_ex_cache[1][kill_req]
    SLICE_X89Y42         LUT5 (Prop_lut5_I1_O)        0.120     5.217 r  i_ariane/i_cva6/gen_cache_wt.i_cache_subsystem/i_wt_dcache/gen_rd_ports[1].i_wt_dcache_ctrl/i___125_i_2/O
                         net (fo=22, routed)          0.959     6.176    i_ariane/i_cva6/gen_cache_wt.i_cache_subsystem/i_wt_dcache/gen_rd_ports[1].i_wt_dcache_ctrl/FSM_sequential_state_q_reg[2]_1
    SLICE_X96Y40         LUT6 (Prop_lut6_I1_O)        0.327     6.503 f  i_ariane/i_cva6/gen_cache_wt.i_cache_subsystem/i_wt_dcache/gen_rd_ports[1].i_wt_dcache_ctrl/i___131_i_1/O
                         net (fo=1, routed)           0.567     7.070    i_ariane/i_cva6/gen_cache_wt.i_cache_subsystem/i_wt_dcache_n_386
    SLICE_X96Y40         LUT4 (Prop_lut4_I3_O)        0.124     7.194 r  i_ariane/i_cva6/gen_cache_wt.i_cache_subsystem/i___131/O
                         net (fo=3, routed)           1.154     8.348    i_ariane/i_cva6/gen_cache_wt.i_cache_subsystem/i_wt_dcache/i_wt_dcache_missunit/i___139_i_43_0
    SLICE_X93Y32         LUT3 (Prop_lut3_I1_O)        0.150     8.498 r  i_ariane/i_cva6/gen_cache_wt.i_cache_subsystem/i_wt_dcache/i_wt_dcache_missunit/i___139_i_32/O
                         net (fo=2, routed)           0.605     9.103    i_ariane/i_cva6/gen_cache_wt.i_cache_subsystem/i_wt_dcache/i_wt_dcache_missunit/i___139_i_32_n_1
    SLICE_X92Y34         LUT6 (Prop_lut6_I0_O)        0.326     9.429 r  i_ariane/i_cva6/gen_cache_wt.i_cache_subsystem/i_wt_dcache/i_wt_dcache_missunit/i___139_i_11/O
                         net (fo=1, routed)           0.000     9.429    i_ariane/i_cva6/gen_cache_wt.i_cache_subsystem/i_wt_dcache/i_wt_dcache_missunit/i___139_i_11_n_1
    SLICE_X92Y34         CARRY4 (Prop_carry4_S[2]_CO[3])
                                                      0.380     9.809 r  i_ariane/i_cva6/gen_cache_wt.i_cache_subsystem/i_wt_dcache/i_wt_dcache_missunit/i___139_i_4/CO[3]
                         net (fo=1, routed)           0.000     9.809    i_ariane/i_cva6/gen_cache_wt.i_cache_subsystem/i_wt_dcache/i_wt_dcache_missunit/i___139_i_4_n_1
    SLICE_X92Y35         CARRY4 (Prop_carry4_CI_CO[2])
                                                      0.229    10.038 f  i_ariane/i_cva6/gen_cache_wt.i_cache_subsystem/i_wt_dcache/i_wt_dcache_missunit/i___139_i_2/CO[2]
                         net (fo=2, routed)           1.623    11.661    i_ariane/i_cva6/gen_cache_wt.i_cache_subsystem/i_wt_dcache/i_wt_dcache_wbuffer/CO[0]
    SLICE_X66Y46         LUT5 (Prop_lut5_I0_O)        0.310    11.971 f  i_ariane/i_cva6/gen_cache_wt.i_cache_subsystem/i_wt_dcache/i_wt_dcache_wbuffer/i___139_i_1/O
                         net (fo=37, routed)          0.514    12.485    i_ariane/i_cva6/gen_cache_wt.i_cache_subsystem/i_wt_dcache/i_wt_dcache_wbuffer/wbuffer_q_reg[0][valid][0]_1
    SLICE_X66Y45         LUT6 (Prop_lut6_I0_O)        0.124    12.609 f  i_ariane/i_cva6/gen_cache_wt.i_cache_subsystem/i_wt_dcache/i_wt_dcache_wbuffer/i___139_i_3/O
                         net (fo=4, routed)           0.574    13.183    i_ariane/i_cva6/gen_cache_wt.i_cache_subsystem/i_wt_dcache_n_392
    SLICE_X61Y46         LUT4 (Prop_lut4_I3_O)        0.124    13.307 r  i_ariane/i_cva6/gen_cache_wt.i_cache_subsystem/i___140/O
                         net (fo=8, routed)           0.629    13.936    i_ariane/i_cva6/gen_cache_wt.i_cache_subsystem/i_wt_dcache/i_wt_dcache_wbuffer/data_rdata_q_reg[15]
    SLICE_X57Y43         LUT5 (Prop_lut5_I1_O)        0.124    14.060 r  i_ariane/i_cva6/gen_cache_wt.i_cache_subsystem/i_wt_dcache/i_wt_dcache_wbuffer/data_rdata_q[15]_i_1/O
                         net (fo=4, routed)           1.391    15.451    i_ariane/i_cva6/gen_cache_wt.i_cache_subsystem/i_wt_dcache/i_wt_dcache_wbuffer/wbuffer_q_reg[0][data][15]_0
    SLICE_X57Y49         LUT6 (Prop_lut6_I0_O)        0.124    15.575 r  i_ariane/i_cva6/gen_cache_wt.i_cache_subsystem/i_wt_dcache/i_wt_dcache_wbuffer/i___128_i_3__0/O
                         net (fo=1, routed)           0.846    16.421    i_ariane/i_cva6/ex_stage_i/rdata_sign_bit1__2
    SLICE_X49Y49         LUT4 (Prop_lut4_I2_O)        0.124    16.545 r  i_ariane/i_cva6/ex_stage_i/i___128/O
                         net (fo=24, routed)          1.748    18.293    i_ariane/i_cva6/ex_stage_i/i___128_n_1
    SLICE_X60Y47         LUT4 (Prop_lut4_I1_O)        0.124    18.417 r  i_ariane/i_cva6/ex_stage_i/i___676/O
                         net (fo=1, routed)           0.643    19.060    i_ariane/i_cva6/ex_stage_i/lsu_i/i_load_unit/gen_register.d_o_reg[96][24]
    SLICE_X60Y47         LDCE                                         r  i_ariane/i_cva6/ex_stage_i/lsu_i/i_load_unit/result_o_reg[24]/D
  -------------------------------------------------------------------    -------------------

Slack:                    inf
  Source:                 i_ariane/i_cva6/csr_regfile_i/mstatus_q_reg[mpp][1]/C
                            (rising edge-triggered cell FDCE clocked by clk_out1_xlnx_clk_gen  {rise@0.000ns fall@10.000ns period=20.000ns})
  Destination:            i_ariane/i_cva6/ex_stage_i/lsu_i/i_load_unit/result_o_reg[20]/D
  Path Group:             (none)
  Path Type:              Max at Slow Process Corner
  Data Path Delay:        19.872ns  (logic 3.898ns (19.616%)  route 15.974ns (80.384%))
  Logic Levels:           18  (CARRY4=2 LUT3=1 LUT4=4 LUT5=4 LUT6=7)
  Clock Uncertainty:      0.172ns  ((TSJ^2 + DJ^2)^1/2) / 2 + PE
    Total System Jitter     (TSJ):    0.050ns
    Discrete Jitter          (DJ):    0.142ns
    Phase Error              (PE):    0.097ns

    Location             Delay type                Incr(ns)  Path(ns)    Netlist Resource(s)
  -------------------------------------------------------------------    -------------------
                         (clock clk_out1_xlnx_clk_gen rise edge)
                                                      0.000     0.000 r  
    K17                                               0.000     0.000 r  clk_sys (IN)
                         net (fo=0)                   0.000     0.000    i_xlnx_clk_gen/inst/clk_in1
    K17                  IBUF (Prop_ibuf_I_O)         1.475     1.475 r  i_xlnx_clk_gen/inst/clkin1_ibufg/O
                         net (fo=1, routed)           1.285     2.760    i_xlnx_clk_gen/inst/clk_in1_xlnx_clk_gen
    MMCME2_ADV_X1Y2      MMCME2_ADV (Prop_mmcme2_adv_CLKIN1_CLKOUT0)
                                                     -7.759    -4.999 r  i_xlnx_clk_gen/inst/mmcm_adv_inst/CLKOUT0
                         net (fo=1, routed)           2.206    -2.793    i_xlnx_clk_gen/inst/clk_out1_xlnx_clk_gen
    BUFGCTRL_X0Y16       BUFG (Prop_bufg_I_O)         0.101    -2.692 r  i_xlnx_clk_gen/inst/clkout1_buf/O
                         net (fo=16470, routed)       1.780    -0.912    i_ariane/i_cva6/csr_regfile_i/clk_out1
    SLICE_X101Y63        FDCE                                         r  i_ariane/i_cva6/csr_regfile_i/mstatus_q_reg[mpp][1]/C
  -------------------------------------------------------------------    -------------------
    SLICE_X101Y63        FDCE (Prop_fdce_C_Q)         0.456    -0.456 f  i_ariane/i_cva6/csr_regfile_i/mstatus_q_reg[mpp][1]/Q
                         net (fo=6, routed)           1.360     0.904    i_ariane/i_cva6/csr_regfile_i/mstatus_q_reg[mpp][1]_0
    SLICE_X97Y70         LUT5 (Prop_lut5_I0_O)        0.124     1.028 f  i_ariane/i_cva6/csr_regfile_i/gen_register.d_o[34]_i_5/O
                         net (fo=1, routed)           0.795     1.823    i_ariane/i_cva6/csr_regfile_i/ld_st_priv_lvl_csr_ex[1]
    SLICE_X96Y63         LUT4 (Prop_lut4_I0_O)        0.153     1.976 f  i_ariane/i_cva6/csr_regfile_i/gen_register.d_o[34]_i_3/O
                         net (fo=4, routed)           0.720     2.696    i_ariane/i_cva6/ex_stage_i/lsu_i/gen_mmu_sv32.i_cva6_mmu/i_ptw/gen_register.d_o_reg[33]
    SLICE_X97Y53         LUT6 (Prop_lut6_I2_O)        0.331     3.027 r  i_ariane/i_cva6/ex_stage_i/lsu_i/gen_mmu_sv32.i_cva6_mmu/i_ptw/gen_register.d_o[33]_i_1/O
                         net (fo=43, routed)          1.019     4.046    i_ariane/i_cva6/ex_stage_i/lsu_i/i_load_unit/address_tag_q_reg[0][0]
    SLICE_X81Y49         LUT6 (Prop_lut6_I0_O)        0.124     4.170 r  i_ariane/i_cva6/ex_stage_i/lsu_i/i_load_unit/FSM_sequential_state_q[1]_i_3__3/O
                         net (fo=12, routed)          0.927     5.097    i_ariane/i_cva6/gen_cache_wt.i_cache_subsystem/i_wt_dcache/gen_rd_ports[1].i_wt_dcache_ctrl/dcache_req_ports_ex_cache[1][kill_req]
    SLICE_X89Y42         LUT5 (Prop_lut5_I1_O)        0.120     5.217 r  i_ariane/i_cva6/gen_cache_wt.i_cache_subsystem/i_wt_dcache/gen_rd_ports[1].i_wt_dcache_ctrl/i___125_i_2/O
                         net (fo=22, routed)          0.959     6.176    i_ariane/i_cva6/gen_cache_wt.i_cache_subsystem/i_wt_dcache/gen_rd_ports[1].i_wt_dcache_ctrl/FSM_sequential_state_q_reg[2]_1
    SLICE_X96Y40         LUT6 (Prop_lut6_I1_O)        0.327     6.503 f  i_ariane/i_cva6/gen_cache_wt.i_cache_subsystem/i_wt_dcache/gen_rd_ports[1].i_wt_dcache_ctrl/i___131_i_1/O
                         net (fo=1, routed)           0.567     7.070    i_ariane/i_cva6/gen_cache_wt.i_cache_subsystem/i_wt_dcache_n_386
    SLICE_X96Y40         LUT4 (Prop_lut4_I3_O)        0.124     7.194 r  i_ariane/i_cva6/gen_cache_wt.i_cache_subsystem/i___131/O
                         net (fo=3, routed)           1.154     8.348    i_ariane/i_cva6/gen_cache_wt.i_cache_subsystem/i_wt_dcache/i_wt_dcache_missunit/i___139_i_43_0
    SLICE_X93Y32         LUT3 (Prop_lut3_I1_O)        0.150     8.498 r  i_ariane/i_cva6/gen_cache_wt.i_cache_subsystem/i_wt_dcache/i_wt_dcache_missunit/i___139_i_32/O
                         net (fo=2, routed)           0.605     9.103    i_ariane/i_cva6/gen_cache_wt.i_cache_subsystem/i_wt_dcache/i_wt_dcache_missunit/i___139_i_32_n_1
    SLICE_X92Y34         LUT6 (Prop_lut6_I0_O)        0.326     9.429 r  i_ariane/i_cva6/gen_cache_wt.i_cache_subsystem/i_wt_dcache/i_wt_dcache_missunit/i___139_i_11/O
                         net (fo=1, routed)           0.000     9.429    i_ariane/i_cva6/gen_cache_wt.i_cache_subsystem/i_wt_dcache/i_wt_dcache_missunit/i___139_i_11_n_1
    SLICE_X92Y34         CARRY4 (Prop_carry4_S[2]_CO[3])
                                                      0.380     9.809 r  i_ariane/i_cva6/gen_cache_wt.i_cache_subsystem/i_wt_dcache/i_wt_dcache_missunit/i___139_i_4/CO[3]
                         net (fo=1, routed)           0.000     9.809    i_ariane/i_cva6/gen_cache_wt.i_cache_subsystem/i_wt_dcache/i_wt_dcache_missunit/i___139_i_4_n_1
    SLICE_X92Y35         CARRY4 (Prop_carry4_CI_CO[2])
                                                      0.229    10.038 f  i_ariane/i_cva6/gen_cache_wt.i_cache_subsystem/i_wt_dcache/i_wt_dcache_missunit/i___139_i_2/CO[2]
                         net (fo=2, routed)           1.623    11.661    i_ariane/i_cva6/gen_cache_wt.i_cache_subsystem/i_wt_dcache/i_wt_dcache_wbuffer/CO[0]
    SLICE_X66Y46         LUT5 (Prop_lut5_I0_O)        0.310    11.971 f  i_ariane/i_cva6/gen_cache_wt.i_cache_subsystem/i_wt_dcache/i_wt_dcache_wbuffer/i___139_i_1/O
                         net (fo=37, routed)          0.514    12.485    i_ariane/i_cva6/gen_cache_wt.i_cache_subsystem/i_wt_dcache/i_wt_dcache_wbuffer/wbuffer_q_reg[0][valid][0]_1
    SLICE_X66Y45         LUT6 (Prop_lut6_I0_O)        0.124    12.609 f  i_ariane/i_cva6/gen_cache_wt.i_cache_subsystem/i_wt_dcache/i_wt_dcache_wbuffer/i___139_i_3/O
                         net (fo=4, routed)           0.574    13.183    i_ariane/i_cva6/gen_cache_wt.i_cache_subsystem/i_wt_dcache_n_392
    SLICE_X61Y46         LUT4 (Prop_lut4_I3_O)        0.124    13.307 r  i_ariane/i_cva6/gen_cache_wt.i_cache_subsystem/i___140/O
                         net (fo=8, routed)           0.629    13.936    i_ariane/i_cva6/gen_cache_wt.i_cache_subsystem/i_wt_dcache/i_wt_dcache_wbuffer/data_rdata_q_reg[15]
    SLICE_X57Y43         LUT5 (Prop_lut5_I1_O)        0.124    14.060 r  i_ariane/i_cva6/gen_cache_wt.i_cache_subsystem/i_wt_dcache/i_wt_dcache_wbuffer/data_rdata_q[15]_i_1/O
                         net (fo=4, routed)           1.391    15.451    i_ariane/i_cva6/gen_cache_wt.i_cache_subsystem/i_wt_dcache/i_wt_dcache_wbuffer/wbuffer_q_reg[0][data][15]_0
    SLICE_X57Y49         LUT6 (Prop_lut6_I0_O)        0.124    15.575 r  i_ariane/i_cva6/gen_cache_wt.i_cache_subsystem/i_wt_dcache/i_wt_dcache_wbuffer/i___128_i_3__0/O
                         net (fo=1, routed)           0.846    16.421    i_ariane/i_cva6/ex_stage_i/rdata_sign_bit1__2
    SLICE_X49Y49         LUT4 (Prop_lut4_I2_O)        0.124    16.545 r  i_ariane/i_cva6/ex_stage_i/i___128/O
                         net (fo=24, routed)          1.911    18.457    i_ariane/i_cva6/ex_stage_i/i___128_n_1
    SLICE_X62Y48         LUT6 (Prop_lut6_I1_O)        0.124    18.581 r  i_ariane/i_cva6/ex_stage_i/i___672/O
                         net (fo=1, routed)           0.379    18.960    i_ariane/i_cva6/ex_stage_i/lsu_i/i_load_unit/gen_register.d_o_reg[96][20]
    SLICE_X62Y48         LDCE                                         r  i_ariane/i_cva6/ex_stage_i/lsu_i/i_load_unit/result_o_reg[20]/D
  -------------------------------------------------------------------    -------------------

Slack:                    inf
  Source:                 i_ariane/i_cva6/csr_regfile_i/mstatus_q_reg[mpp][1]/C
                            (rising edge-triggered cell FDCE clocked by clk_out1_xlnx_clk_gen  {rise@0.000ns fall@10.000ns period=20.000ns})
  Destination:            i_ariane/i_cva6/ex_stage_i/lsu_i/i_load_unit/result_o_reg[27]/D
  Path Group:             (none)
  Path Type:              Max at Slow Process Corner
  Data Path Delay:        19.844ns  (logic 3.892ns (19.613%)  route 15.952ns (80.387%))
  Logic Levels:           18  (CARRY4=2 LUT3=1 LUT4=5 LUT5=4 LUT6=6)
  Clock Uncertainty:      0.172ns  ((TSJ^2 + DJ^2)^1/2) / 2 + PE
    Total System Jitter     (TSJ):    0.050ns
    Discrete Jitter          (DJ):    0.142ns
    Phase Error              (PE):    0.097ns

    Location             Delay type                Incr(ns)  Path(ns)    Netlist Resource(s)
  -------------------------------------------------------------------    -------------------
                         (clock clk_out1_xlnx_clk_gen rise edge)
                                                      0.000     0.000 r  
    K17                                               0.000     0.000 r  clk_sys (IN)
                         net (fo=0)                   0.000     0.000    i_xlnx_clk_gen/inst/clk_in1
    K17                  IBUF (Prop_ibuf_I_O)         1.475     1.475 r  i_xlnx_clk_gen/inst/clkin1_ibufg/O
                         net (fo=1, routed)           1.285     2.760    i_xlnx_clk_gen/inst/clk_in1_xlnx_clk_gen
    MMCME2_ADV_X1Y2      MMCME2_ADV (Prop_mmcme2_adv_CLKIN1_CLKOUT0)
                                                     -7.759    -4.999 r  i_xlnx_clk_gen/inst/mmcm_adv_inst/CLKOUT0
                         net (fo=1, routed)           2.206    -2.793    i_xlnx_clk_gen/inst/clk_out1_xlnx_clk_gen
    BUFGCTRL_X0Y16       BUFG (Prop_bufg_I_O)         0.101    -2.692 r  i_xlnx_clk_gen/inst/clkout1_buf/O
                         net (fo=16470, routed)       1.780    -0.912    i_ariane/i_cva6/csr_regfile_i/clk_out1
    SLICE_X101Y63        FDCE                                         r  i_ariane/i_cva6/csr_regfile_i/mstatus_q_reg[mpp][1]/C
  -------------------------------------------------------------------    -------------------
    SLICE_X101Y63        FDCE (Prop_fdce_C_Q)         0.456    -0.456 f  i_ariane/i_cva6/csr_regfile_i/mstatus_q_reg[mpp][1]/Q
                         net (fo=6, routed)           1.360     0.904    i_ariane/i_cva6/csr_regfile_i/mstatus_q_reg[mpp][1]_0
    SLICE_X97Y70         LUT5 (Prop_lut5_I0_O)        0.124     1.028 f  i_ariane/i_cva6/csr_regfile_i/gen_register.d_o[34]_i_5/O
                         net (fo=1, routed)           0.795     1.823    i_ariane/i_cva6/csr_regfile_i/ld_st_priv_lvl_csr_ex[1]
    SLICE_X96Y63         LUT4 (Prop_lut4_I0_O)        0.153     1.976 f  i_ariane/i_cva6/csr_regfile_i/gen_register.d_o[34]_i_3/O
                         net (fo=4, routed)           0.720     2.696    i_ariane/i_cva6/ex_stage_i/lsu_i/gen_mmu_sv32.i_cva6_mmu/i_ptw/gen_register.d_o_reg[33]
    SLICE_X97Y53         LUT6 (Prop_lut6_I2_O)        0.331     3.027 r  i_ariane/i_cva6/ex_stage_i/lsu_i/gen_mmu_sv32.i_cva6_mmu/i_ptw/gen_register.d_o[33]_i_1/O
                         net (fo=43, routed)          1.019     4.046    i_ariane/i_cva6/ex_stage_i/lsu_i/i_load_unit/address_tag_q_reg[0][0]
    SLICE_X81Y49         LUT6 (Prop_lut6_I0_O)        0.124     4.170 r  i_ariane/i_cva6/ex_stage_i/lsu_i/i_load_unit/FSM_sequential_state_q[1]_i_3__3/O
                         net (fo=12, routed)          0.927     5.097    i_ariane/i_cva6/gen_cache_wt.i_cache_subsystem/i_wt_dcache/gen_rd_ports[1].i_wt_dcache_ctrl/dcache_req_ports_ex_cache[1][kill_req]
    SLICE_X89Y42         LUT5 (Prop_lut5_I1_O)        0.120     5.217 r  i_ariane/i_cva6/gen_cache_wt.i_cache_subsystem/i_wt_dcache/gen_rd_ports[1].i_wt_dcache_ctrl/i___125_i_2/O
                         net (fo=22, routed)          0.959     6.176    i_ariane/i_cva6/gen_cache_wt.i_cache_subsystem/i_wt_dcache/gen_rd_ports[1].i_wt_dcache_ctrl/FSM_sequential_state_q_reg[2]_1
    SLICE_X96Y40         LUT6 (Prop_lut6_I1_O)        0.327     6.503 f  i_ariane/i_cva6/gen_cache_wt.i_cache_subsystem/i_wt_dcache/gen_rd_ports[1].i_wt_dcache_ctrl/i___131_i_1/O
                         net (fo=1, routed)           0.567     7.070    i_ariane/i_cva6/gen_cache_wt.i_cache_subsystem/i_wt_dcache_n_386
    SLICE_X96Y40         LUT4 (Prop_lut4_I3_O)        0.124     7.194 r  i_ariane/i_cva6/gen_cache_wt.i_cache_subsystem/i___131/O
                         net (fo=3, routed)           1.154     8.348    i_ariane/i_cva6/gen_cache_wt.i_cache_subsystem/i_wt_dcache/i_wt_dcache_missunit/i___139_i_43_0
    SLICE_X93Y32         LUT3 (Prop_lut3_I1_O)        0.150     8.498 r  i_ariane/i_cva6/gen_cache_wt.i_cache_subsystem/i_wt_dcache/i_wt_dcache_missunit/i___139_i_32/O
                         net (fo=2, routed)           0.605     9.103    i_ariane/i_cva6/gen_cache_wt.i_cache_subsystem/i_wt_dcache/i_wt_dcache_missunit/i___139_i_32_n_1
    SLICE_X92Y34         LUT6 (Prop_lut6_I0_O)        0.326     9.429 r  i_ariane/i_cva6/gen_cache_wt.i_cache_subsystem/i_wt_dcache/i_wt_dcache_missunit/i___139_i_11/O
                         net (fo=1, routed)           0.000     9.429    i_ariane/i_cva6/gen_cache_wt.i_cache_subsystem/i_wt_dcache/i_wt_dcache_missunit/i___139_i_11_n_1
    SLICE_X92Y34         CARRY4 (Prop_carry4_S[2]_CO[3])
                                                      0.380     9.809 r  i_ariane/i_cva6/gen_cache_wt.i_cache_subsystem/i_wt_dcache/i_wt_dcache_missunit/i___139_i_4/CO[3]
                         net (fo=1, routed)           0.000     9.809    i_ariane/i_cva6/gen_cache_wt.i_cache_subsystem/i_wt_dcache/i_wt_dcache_missunit/i___139_i_4_n_1
    SLICE_X92Y35         CARRY4 (Prop_carry4_CI_CO[2])
                                                      0.229    10.038 f  i_ariane/i_cva6/gen_cache_wt.i_cache_subsystem/i_wt_dcache/i_wt_dcache_missunit/i___139_i_2/CO[2]
                         net (fo=2, routed)           1.623    11.661    i_ariane/i_cva6/gen_cache_wt.i_cache_subsystem/i_wt_dcache/i_wt_dcache_wbuffer/CO[0]
    SLICE_X66Y46         LUT5 (Prop_lut5_I0_O)        0.310    11.971 f  i_ariane/i_cva6/gen_cache_wt.i_cache_subsystem/i_wt_dcache/i_wt_dcache_wbuffer/i___139_i_1/O
                         net (fo=37, routed)          0.514    12.485    i_ariane/i_cva6/gen_cache_wt.i_cache_subsystem/i_wt_dcache/i_wt_dcache_wbuffer/wbuffer_q_reg[0][valid][0]_1
    SLICE_X66Y45         LUT6 (Prop_lut6_I0_O)        0.124    12.609 f  i_ariane/i_cva6/gen_cache_wt.i_cache_subsystem/i_wt_dcache/i_wt_dcache_wbuffer/i___139_i_3/O
                         net (fo=4, routed)           0.574    13.183    i_ariane/i_cva6/gen_cache_wt.i_cache_subsystem/i_wt_dcache_n_392
    SLICE_X61Y46         LUT4 (Prop_lut4_I3_O)        0.124    13.307 r  i_ariane/i_cva6/gen_cache_wt.i_cache_subsystem/i___140/O
                         net (fo=8, routed)           0.629    13.936    i_ariane/i_cva6/gen_cache_wt.i_cache_subsystem/i_wt_dcache/i_wt_dcache_wbuffer/data_rdata_q_reg[15]
    SLICE_X57Y43         LUT5 (Prop_lut5_I1_O)        0.124    14.060 r  i_ariane/i_cva6/gen_cache_wt.i_cache_subsystem/i_wt_dcache/i_wt_dcache_wbuffer/data_rdata_q[15]_i_1/O
                         net (fo=4, routed)           1.391    15.451    i_ariane/i_cva6/gen_cache_wt.i_cache_subsystem/i_wt_dcache/i_wt_dcache_wbuffer/wbuffer_q_reg[0][data][15]_0
    SLICE_X57Y49         LUT6 (Prop_lut6_I0_O)        0.124    15.575 r  i_ariane/i_cva6/gen_cache_wt.i_cache_subsystem/i_wt_dcache/i_wt_dcache_wbuffer/i___128_i_3__0/O
                         net (fo=1, routed)           0.846    16.421    i_ariane/i_cva6/ex_stage_i/rdata_sign_bit1__2
    SLICE_X49Y49         LUT4 (Prop_lut4_I2_O)        0.124    16.545 r  i_ariane/i_cva6/ex_stage_i/i___128/O
                         net (fo=24, routed)          1.650    18.195    i_ariane/i_cva6/ex_stage_i/i___128_n_1
    SLICE_X60Y49         LUT4 (Prop_lut4_I1_O)        0.118    18.313 r  i_ariane/i_cva6/ex_stage_i/i___679/O
                         net (fo=1, routed)           0.619    18.932    i_ariane/i_cva6/ex_stage_i/lsu_i/i_load_unit/gen_register.d_o_reg[96][27]
    SLICE_X60Y49         LDCE                                         r  i_ariane/i_cva6/ex_stage_i/lsu_i/i_load_unit/result_o_reg[27]/D
  -------------------------------------------------------------------    -------------------

Slack:                    inf
  Source:                 i_ariane/i_cva6/csr_regfile_i/mstatus_q_reg[mpp][1]/C
                            (rising edge-triggered cell FDCE clocked by clk_out1_xlnx_clk_gen  {rise@0.000ns fall@10.000ns period=20.000ns})
  Destination:            i_ariane/i_cva6/ex_stage_i/lsu_i/i_load_unit/result_o_reg[28]/D
  Path Group:             (none)
  Path Type:              Max at Slow Process Corner
  Data Path Delay:        19.788ns  (logic 3.898ns (19.699%)  route 15.890ns (80.301%))
  Logic Levels:           18  (CARRY4=2 LUT3=1 LUT4=5 LUT5=4 LUT6=6)
  Clock Uncertainty:      0.172ns  ((TSJ^2 + DJ^2)^1/2) / 2 + PE
    Total System Jitter     (TSJ):    0.050ns
    Discrete Jitter          (DJ):    0.142ns
    Phase Error              (PE):    0.097ns

    Location             Delay type                Incr(ns)  Path(ns)    Netlist Resource(s)
  -------------------------------------------------------------------    -------------------
                         (clock clk_out1_xlnx_clk_gen rise edge)
                                                      0.000     0.000 r  
    K17                                               0.000     0.000 r  clk_sys (IN)
                         net (fo=0)                   0.000     0.000    i_xlnx_clk_gen/inst/clk_in1
    K17                  IBUF (Prop_ibuf_I_O)         1.475     1.475 r  i_xlnx_clk_gen/inst/clkin1_ibufg/O
                         net (fo=1, routed)           1.285     2.760    i_xlnx_clk_gen/inst/clk_in1_xlnx_clk_gen
    MMCME2_ADV_X1Y2      MMCME2_ADV (Prop_mmcme2_adv_CLKIN1_CLKOUT0)
                                                     -7.759    -4.999 r  i_xlnx_clk_gen/inst/mmcm_adv_inst/CLKOUT0
                         net (fo=1, routed)           2.206    -2.793    i_xlnx_clk_gen/inst/clk_out1_xlnx_clk_gen
    BUFGCTRL_X0Y16       BUFG (Prop_bufg_I_O)         0.101    -2.692 r  i_xlnx_clk_gen/inst/clkout1_buf/O
                         net (fo=16470, routed)       1.780    -0.912    i_ariane/i_cva6/csr_regfile_i/clk_out1
    SLICE_X101Y63        FDCE                                         r  i_ariane/i_cva6/csr_regfile_i/mstatus_q_reg[mpp][1]/C
  -------------------------------------------------------------------    -------------------
    SLICE_X101Y63        FDCE (Prop_fdce_C_Q)         0.456    -0.456 f  i_ariane/i_cva6/csr_regfile_i/mstatus_q_reg[mpp][1]/Q
                         net (fo=6, routed)           1.360     0.904    i_ariane/i_cva6/csr_regfile_i/mstatus_q_reg[mpp][1]_0
    SLICE_X97Y70         LUT5 (Prop_lut5_I0_O)        0.124     1.028 f  i_ariane/i_cva6/csr_regfile_i/gen_register.d_o[34]_i_5/O
                         net (fo=1, routed)           0.795     1.823    i_ariane/i_cva6/csr_regfile_i/ld_st_priv_lvl_csr_ex[1]
    SLICE_X96Y63         LUT4 (Prop_lut4_I0_O)        0.153     1.976 f  i_ariane/i_cva6/csr_regfile_i/gen_register.d_o[34]_i_3/O
                         net (fo=4, routed)           0.720     2.696    i_ariane/i_cva6/ex_stage_i/lsu_i/gen_mmu_sv32.i_cva6_mmu/i_ptw/gen_register.d_o_reg[33]
    SLICE_X97Y53         LUT6 (Prop_lut6_I2_O)        0.331     3.027 r  i_ariane/i_cva6/ex_stage_i/lsu_i/gen_mmu_sv32.i_cva6_mmu/i_ptw/gen_register.d_o[33]_i_1/O
                         net (fo=43, routed)          1.019     4.046    i_ariane/i_cva6/ex_stage_i/lsu_i/i_load_unit/address_tag_q_reg[0][0]
    SLICE_X81Y49         LUT6 (Prop_lut6_I0_O)        0.124     4.170 r  i_ariane/i_cva6/ex_stage_i/lsu_i/i_load_unit/FSM_sequential_state_q[1]_i_3__3/O
                         net (fo=12, routed)          0.927     5.097    i_ariane/i_cva6/gen_cache_wt.i_cache_subsystem/i_wt_dcache/gen_rd_ports[1].i_wt_dcache_ctrl/dcache_req_ports_ex_cache[1][kill_req]
    SLICE_X89Y42         LUT5 (Prop_lut5_I1_O)        0.120     5.217 r  i_ariane/i_cva6/gen_cache_wt.i_cache_subsystem/i_wt_dcache/gen_rd_ports[1].i_wt_dcache_ctrl/i___125_i_2/O
                         net (fo=22, routed)          0.959     6.176    i_ariane/i_cva6/gen_cache_wt.i_cache_subsystem/i_wt_dcache/gen_rd_ports[1].i_wt_dcache_ctrl/FSM_sequential_state_q_reg[2]_1
    SLICE_X96Y40         LUT6 (Prop_lut6_I1_O)        0.327     6.503 f  i_ariane/i_cva6/gen_cache_wt.i_cache_subsystem/i_wt_dcache/gen_rd_ports[1].i_wt_dcache_ctrl/i___131_i_1/O
                         net (fo=1, routed)           0.567     7.070    i_ariane/i_cva6/gen_cache_wt.i_cache_subsystem/i_wt_dcache_n_386
    SLICE_X96Y40         LUT4 (Prop_lut4_I3_O)        0.124     7.194 r  i_ariane/i_cva6/gen_cache_wt.i_cache_subsystem/i___131/O
                         net (fo=3, routed)           1.154     8.348    i_ariane/i_cva6/gen_cache_wt.i_cache_subsystem/i_wt_dcache/i_wt_dcache_missunit/i___139_i_43_0
    SLICE_X93Y32         LUT3 (Prop_lut3_I1_O)        0.150     8.498 r  i_ariane/i_cva6/gen_cache_wt.i_cache_subsystem/i_wt_dcache/i_wt_dcache_missunit/i___139_i_32/O
                         net (fo=2, routed)           0.605     9.103    i_ariane/i_cva6/gen_cache_wt.i_cache_subsystem/i_wt_dcache/i_wt_dcache_missunit/i___139_i_32_n_1
    SLICE_X92Y34         LUT6 (Prop_lut6_I0_O)        0.326     9.429 r  i_ariane/i_cva6/gen_cache_wt.i_cache_subsystem/i_wt_dcache/i_wt_dcache_missunit/i___139_i_11/O
                         net (fo=1, routed)           0.000     9.429    i_ariane/i_cva6/gen_cache_wt.i_cache_subsystem/i_wt_dcache/i_wt_dcache_missunit/i___139_i_11_n_1
    SLICE_X92Y34         CARRY4 (Prop_carry4_S[2]_CO[3])
                                                      0.380     9.809 r  i_ariane/i_cva6/gen_cache_wt.i_cache_subsystem/i_wt_dcache/i_wt_dcache_missunit/i___139_i_4/CO[3]
                         net (fo=1, routed)           0.000     9.809    i_ariane/i_cva6/gen_cache_wt.i_cache_subsystem/i_wt_dcache/i_wt_dcache_missunit/i___139_i_4_n_1
    SLICE_X92Y35         CARRY4 (Prop_carry4_CI_CO[2])
                                                      0.229    10.038 f  i_ariane/i_cva6/gen_cache_wt.i_cache_subsystem/i_wt_dcache/i_wt_dcache_missunit/i___139_i_2/CO[2]
                         net (fo=2, routed)           1.623    11.661    i_ariane/i_cva6/gen_cache_wt.i_cache_subsystem/i_wt_dcache/i_wt_dcache_wbuffer/CO[0]
    SLICE_X66Y46         LUT5 (Prop_lut5_I0_O)        0.310    11.971 f  i_ariane/i_cva6/gen_cache_wt.i_cache_subsystem/i_wt_dcache/i_wt_dcache_wbuffer/i___139_i_1/O
                         net (fo=37, routed)          0.514    12.485    i_ariane/i_cva6/gen_cache_wt.i_cache_subsystem/i_wt_dcache/i_wt_dcache_wbuffer/wbuffer_q_reg[0][valid][0]_1
    SLICE_X66Y45         LUT6 (Prop_lut6_I0_O)        0.124    12.609 f  i_ariane/i_cva6/gen_cache_wt.i_cache_subsystem/i_wt_dcache/i_wt_dcache_wbuffer/i___139_i_3/O
                         net (fo=4, routed)           0.574    13.183    i_ariane/i_cva6/gen_cache_wt.i_cache_subsystem/i_wt_dcache_n_392
    SLICE_X61Y46         LUT4 (Prop_lut4_I3_O)        0.124    13.307 r  i_ariane/i_cva6/gen_cache_wt.i_cache_subsystem/i___140/O
                         net (fo=8, routed)           0.629    13.936    i_ariane/i_cva6/gen_cache_wt.i_cache_subsystem/i_wt_dcache/i_wt_dcache_wbuffer/data_rdata_q_reg[15]
    SLICE_X57Y43         LUT5 (Prop_lut5_I1_O)        0.124    14.060 r  i_ariane/i_cva6/gen_cache_wt.i_cache_subsystem/i_wt_dcache/i_wt_dcache_wbuffer/data_rdata_q[15]_i_1/O
                         net (fo=4, routed)           1.391    15.451    i_ariane/i_cva6/gen_cache_wt.i_cache_subsystem/i_wt_dcache/i_wt_dcache_wbuffer/wbuffer_q_reg[0][data][15]_0
    SLICE_X57Y49         LUT6 (Prop_lut6_I0_O)        0.124    15.575 r  i_ariane/i_cva6/gen_cache_wt.i_cache_subsystem/i_wt_dcache/i_wt_dcache_wbuffer/i___128_i_3__0/O
                         net (fo=1, routed)           0.846    16.421    i_ariane/i_cva6/ex_stage_i/rdata_sign_bit1__2
    SLICE_X49Y49         LUT4 (Prop_lut4_I2_O)        0.124    16.545 r  i_ariane/i_cva6/ex_stage_i/i___128/O
                         net (fo=24, routed)          1.687    18.232    i_ariane/i_cva6/ex_stage_i/i___128_n_1
    SLICE_X60Y48         LUT4 (Prop_lut4_I1_O)        0.124    18.356 r  i_ariane/i_cva6/ex_stage_i/i___680/O
                         net (fo=1, routed)           0.519    18.875    i_ariane/i_cva6/ex_stage_i/lsu_i/i_load_unit/gen_register.d_o_reg[96][28]
    SLICE_X60Y48         LDCE                                         r  i_ariane/i_cva6/ex_stage_i/lsu_i/i_load_unit/result_o_reg[28]/D
  -------------------------------------------------------------------    -------------------

Slack:                    inf
  Source:                 i_ariane/i_cva6/csr_regfile_i/mstatus_q_reg[mpp][1]/C
                            (rising edge-triggered cell FDCE clocked by clk_out1_xlnx_clk_gen  {rise@0.000ns fall@10.000ns period=20.000ns})
  Destination:            i_ariane/i_cva6/ex_stage_i/lsu_i/i_load_unit/result_o_reg[25]/D
  Path Group:             (none)
  Path Type:              Max at Slow Process Corner
  Data Path Delay:        19.740ns  (logic 3.926ns (19.889%)  route 15.814ns (80.111%))
  Logic Levels:           18  (CARRY4=2 LUT3=1 LUT4=5 LUT5=4 LUT6=6)
  Clock Uncertainty:      0.172ns  ((TSJ^2 + DJ^2)^1/2) / 2 + PE
    Total System Jitter     (TSJ):    0.050ns
    Discrete Jitter          (DJ):    0.142ns
    Phase Error              (PE):    0.097ns

    Location             Delay type                Incr(ns)  Path(ns)    Netlist Resource(s)
  -------------------------------------------------------------------    -------------------
                         (clock clk_out1_xlnx_clk_gen rise edge)
                                                      0.000     0.000 r  
    K17                                               0.000     0.000 r  clk_sys (IN)
                         net (fo=0)                   0.000     0.000    i_xlnx_clk_gen/inst/clk_in1
    K17                  IBUF (Prop_ibuf_I_O)         1.475     1.475 r  i_xlnx_clk_gen/inst/clkin1_ibufg/O
                         net (fo=1, routed)           1.285     2.760    i_xlnx_clk_gen/inst/clk_in1_xlnx_clk_gen
    MMCME2_ADV_X1Y2      MMCME2_ADV (Prop_mmcme2_adv_CLKIN1_CLKOUT0)
                                                     -7.759    -4.999 r  i_xlnx_clk_gen/inst/mmcm_adv_inst/CLKOUT0
                         net (fo=1, routed)           2.206    -2.793    i_xlnx_clk_gen/inst/clk_out1_xlnx_clk_gen
    BUFGCTRL_X0Y16       BUFG (Prop_bufg_I_O)         0.101    -2.692 r  i_xlnx_clk_gen/inst/clkout1_buf/O
                         net (fo=16470, routed)       1.780    -0.912    i_ariane/i_cva6/csr_regfile_i/clk_out1
    SLICE_X101Y63        FDCE                                         r  i_ariane/i_cva6/csr_regfile_i/mstatus_q_reg[mpp][1]/C
  -------------------------------------------------------------------    -------------------
    SLICE_X101Y63        FDCE (Prop_fdce_C_Q)         0.456    -0.456 f  i_ariane/i_cva6/csr_regfile_i/mstatus_q_reg[mpp][1]/Q
                         net (fo=6, routed)           1.360     0.904    i_ariane/i_cva6/csr_regfile_i/mstatus_q_reg[mpp][1]_0
    SLICE_X97Y70         LUT5 (Prop_lut5_I0_O)        0.124     1.028 f  i_ariane/i_cva6/csr_regfile_i/gen_register.d_o[34]_i_5/O
                         net (fo=1, routed)           0.795     1.823    i_ariane/i_cva6/csr_regfile_i/ld_st_priv_lvl_csr_ex[1]
    SLICE_X96Y63         LUT4 (Prop_lut4_I0_O)        0.153     1.976 f  i_ariane/i_cva6/csr_regfile_i/gen_register.d_o[34]_i_3/O
                         net (fo=4, routed)           0.720     2.696    i_ariane/i_cva6/ex_stage_i/lsu_i/gen_mmu_sv32.i_cva6_mmu/i_ptw/gen_register.d_o_reg[33]
    SLICE_X97Y53         LUT6 (Prop_lut6_I2_O)        0.331     3.027 r  i_ariane/i_cva6/ex_stage_i/lsu_i/gen_mmu_sv32.i_cva6_mmu/i_ptw/gen_register.d_o[33]_i_1/O
                         net (fo=43, routed)          1.019     4.046    i_ariane/i_cva6/ex_stage_i/lsu_i/i_load_unit/address_tag_q_reg[0][0]
    SLICE_X81Y49         LUT6 (Prop_lut6_I0_O)        0.124     4.170 r  i_ariane/i_cva6/ex_stage_i/lsu_i/i_load_unit/FSM_sequential_state_q[1]_i_3__3/O
                         net (fo=12, routed)          0.927     5.097    i_ariane/i_cva6/gen_cache_wt.i_cache_subsystem/i_wt_dcache/gen_rd_ports[1].i_wt_dcache_ctrl/dcache_req_ports_ex_cache[1][kill_req]
    SLICE_X89Y42         LUT5 (Prop_lut5_I1_O)        0.120     5.217 r  i_ariane/i_cva6/gen_cache_wt.i_cache_subsystem/i_wt_dcache/gen_rd_ports[1].i_wt_dcache_ctrl/i___125_i_2/O
                         net (fo=22, routed)          0.959     6.176    i_ariane/i_cva6/gen_cache_wt.i_cache_subsystem/i_wt_dcache/gen_rd_ports[1].i_wt_dcache_ctrl/FSM_sequential_state_q_reg[2]_1
    SLICE_X96Y40         LUT6 (Prop_lut6_I1_O)        0.327     6.503 f  i_ariane/i_cva6/gen_cache_wt.i_cache_subsystem/i_wt_dcache/gen_rd_ports[1].i_wt_dcache_ctrl/i___131_i_1/O
                         net (fo=1, routed)           0.567     7.070    i_ariane/i_cva6/gen_cache_wt.i_cache_subsystem/i_wt_dcache_n_386
    SLICE_X96Y40         LUT4 (Prop_lut4_I3_O)        0.124     7.194 r  i_ariane/i_cva6/gen_cache_wt.i_cache_subsystem/i___131/O
                         net (fo=3, routed)           1.154     8.348    i_ariane/i_cva6/gen_cache_wt.i_cache_subsystem/i_wt_dcache/i_wt_dcache_missunit/i___139_i_43_0
    SLICE_X93Y32         LUT3 (Prop_lut3_I1_O)        0.150     8.498 r  i_ariane/i_cva6/gen_cache_wt.i_cache_subsystem/i_wt_dcache/i_wt_dcache_missunit/i___139_i_32/O
                         net (fo=2, routed)           0.605     9.103    i_ariane/i_cva6/gen_cache_wt.i_cache_subsystem/i_wt_dcache/i_wt_dcache_missunit/i___139_i_32_n_1
    SLICE_X92Y34         LUT6 (Prop_lut6_I0_O)        0.326     9.429 r  i_ariane/i_cva6/gen_cache_wt.i_cache_subsystem/i_wt_dcache/i_wt_dcache_missunit/i___139_i_11/O
                         net (fo=1, routed)           0.000     9.429    i_ariane/i_cva6/gen_cache_wt.i_cache_subsystem/i_wt_dcache/i_wt_dcache_missunit/i___139_i_11_n_1
    SLICE_X92Y34         CARRY4 (Prop_carry4_S[2]_CO[3])
                                                      0.380     9.809 r  i_ariane/i_cva6/gen_cache_wt.i_cache_subsystem/i_wt_dcache/i_wt_dcache_missunit/i___139_i_4/CO[3]
                         net (fo=1, routed)           0.000     9.809    i_ariane/i_cva6/gen_cache_wt.i_cache_subsystem/i_wt_dcache/i_wt_dcache_missunit/i___139_i_4_n_1
    SLICE_X92Y35         CARRY4 (Prop_carry4_CI_CO[2])
                                                      0.229    10.038 f  i_ariane/i_cva6/gen_cache_wt.i_cache_subsystem/i_wt_dcache/i_wt_dcache_missunit/i___139_i_2/CO[2]
                         net (fo=2, routed)           1.623    11.661    i_ariane/i_cva6/gen_cache_wt.i_cache_subsystem/i_wt_dcache/i_wt_dcache_wbuffer/CO[0]
    SLICE_X66Y46         LUT5 (Prop_lut5_I0_O)        0.310    11.971 f  i_ariane/i_cva6/gen_cache_wt.i_cache_subsystem/i_wt_dcache/i_wt_dcache_wbuffer/i___139_i_1/O
                         net (fo=37, routed)          0.514    12.485    i_ariane/i_cva6/gen_cache_wt.i_cache_subsystem/i_wt_dcache/i_wt_dcache_wbuffer/wbuffer_q_reg[0][valid][0]_1
    SLICE_X66Y45         LUT6 (Prop_lut6_I0_O)        0.124    12.609 f  i_ariane/i_cva6/gen_cache_wt.i_cache_subsystem/i_wt_dcache/i_wt_dcache_wbuffer/i___139_i_3/O
                         net (fo=4, routed)           0.574    13.183    i_ariane/i_cva6/gen_cache_wt.i_cache_subsystem/i_wt_dcache_n_392
    SLICE_X61Y46         LUT4 (Prop_lut4_I3_O)        0.124    13.307 r  i_ariane/i_cva6/gen_cache_wt.i_cache_subsystem/i___140/O
                         net (fo=8, routed)           0.629    13.936    i_ariane/i_cva6/gen_cache_wt.i_cache_subsystem/i_wt_dcache/i_wt_dcache_wbuffer/data_rdata_q_reg[15]
    SLICE_X57Y43         LUT5 (Prop_lut5_I1_O)        0.124    14.060 r  i_ariane/i_cva6/gen_cache_wt.i_cache_subsystem/i_wt_dcache/i_wt_dcache_wbuffer/data_rdata_q[15]_i_1/O
                         net (fo=4, routed)           1.391    15.451    i_ariane/i_cva6/gen_cache_wt.i_cache_subsystem/i_wt_dcache/i_wt_dcache_wbuffer/wbuffer_q_reg[0][data][15]_0
    SLICE_X57Y49         LUT6 (Prop_lut6_I0_O)        0.124    15.575 r  i_ariane/i_cva6/gen_cache_wt.i_cache_subsystem/i_wt_dcache/i_wt_dcache_wbuffer/i___128_i_3__0/O
                         net (fo=1, routed)           0.846    16.421    i_ariane/i_cva6/ex_stage_i/rdata_sign_bit1__2
    SLICE_X49Y49         LUT4 (Prop_lut4_I2_O)        0.124    16.545 r  i_ariane/i_cva6/ex_stage_i/i___128/O
                         net (fo=24, routed)          1.748    18.293    i_ariane/i_cva6/ex_stage_i/i___128_n_1
    SLICE_X60Y47         LUT4 (Prop_lut4_I1_O)        0.152    18.445 r  i_ariane/i_cva6/ex_stage_i/i___677/O
                         net (fo=1, routed)           0.382    18.828    i_ariane/i_cva6/ex_stage_i/lsu_i/i_load_unit/gen_register.d_o_reg[96][25]
    SLICE_X60Y47         LDCE                                         r  i_ariane/i_cva6/ex_stage_i/lsu_i/i_load_unit/result_o_reg[25]/D
  -------------------------------------------------------------------    -------------------

Slack:                    inf
  Source:                 i_ariane/i_cva6/csr_regfile_i/mstatus_q_reg[mpp][1]/C
                            (rising edge-triggered cell FDCE clocked by clk_out1_xlnx_clk_gen  {rise@0.000ns fall@10.000ns period=20.000ns})
  Destination:            i_ariane/i_cva6/ex_stage_i/lsu_i/i_load_unit/result_o_reg[17]/D
  Path Group:             (none)
  Path Type:              Max at Slow Process Corner
  Data Path Delay:        19.707ns  (logic 3.898ns (19.780%)  route 15.809ns (80.220%))
  Logic Levels:           18  (CARRY4=2 LUT3=1 LUT4=4 LUT5=4 LUT6=7)
  Clock Uncertainty:      0.172ns  ((TSJ^2 + DJ^2)^1/2) / 2 + PE
    Total System Jitter     (TSJ):    0.050ns
    Discrete Jitter          (DJ):    0.142ns
    Phase Error              (PE):    0.097ns

    Location             Delay type                Incr(ns)  Path(ns)    Netlist Resource(s)
  -------------------------------------------------------------------    -------------------
                         (clock clk_out1_xlnx_clk_gen rise edge)
                                                      0.000     0.000 r  
    K17                                               0.000     0.000 r  clk_sys (IN)
                         net (fo=0)                   0.000     0.000    i_xlnx_clk_gen/inst/clk_in1
    K17                  IBUF (Prop_ibuf_I_O)         1.475     1.475 r  i_xlnx_clk_gen/inst/clkin1_ibufg/O
                         net (fo=1, routed)           1.285     2.760    i_xlnx_clk_gen/inst/clk_in1_xlnx_clk_gen
    MMCME2_ADV_X1Y2      MMCME2_ADV (Prop_mmcme2_adv_CLKIN1_CLKOUT0)
                                                     -7.759    -4.999 r  i_xlnx_clk_gen/inst/mmcm_adv_inst/CLKOUT0
                         net (fo=1, routed)           2.206    -2.793    i_xlnx_clk_gen/inst/clk_out1_xlnx_clk_gen
    BUFGCTRL_X0Y16       BUFG (Prop_bufg_I_O)         0.101    -2.692 r  i_xlnx_clk_gen/inst/clkout1_buf/O
                         net (fo=16470, routed)       1.780    -0.912    i_ariane/i_cva6/csr_regfile_i/clk_out1
    SLICE_X101Y63        FDCE                                         r  i_ariane/i_cva6/csr_regfile_i/mstatus_q_reg[mpp][1]/C
  -------------------------------------------------------------------    -------------------
    SLICE_X101Y63        FDCE (Prop_fdce_C_Q)         0.456    -0.456 f  i_ariane/i_cva6/csr_regfile_i/mstatus_q_reg[mpp][1]/Q
                         net (fo=6, routed)           1.360     0.904    i_ariane/i_cva6/csr_regfile_i/mstatus_q_reg[mpp][1]_0
    SLICE_X97Y70         LUT5 (Prop_lut5_I0_O)        0.124     1.028 f  i_ariane/i_cva6/csr_regfile_i/gen_register.d_o[34]_i_5/O
                         net (fo=1, routed)           0.795     1.823    i_ariane/i_cva6/csr_regfile_i/ld_st_priv_lvl_csr_ex[1]
    SLICE_X96Y63         LUT4 (Prop_lut4_I0_O)        0.153     1.976 f  i_ariane/i_cva6/csr_regfile_i/gen_register.d_o[34]_i_3/O
                         net (fo=4, routed)           0.720     2.696    i_ariane/i_cva6/ex_stage_i/lsu_i/gen_mmu_sv32.i_cva6_mmu/i_ptw/gen_register.d_o_reg[33]
    SLICE_X97Y53         LUT6 (Prop_lut6_I2_O)        0.331     3.027 r  i_ariane/i_cva6/ex_stage_i/lsu_i/gen_mmu_sv32.i_cva6_mmu/i_ptw/gen_register.d_o[33]_i_1/O
                         net (fo=43, routed)          1.019     4.046    i_ariane/i_cva6/ex_stage_i/lsu_i/i_load_unit/address_tag_q_reg[0][0]
    SLICE_X81Y49         LUT6 (Prop_lut6_I0_O)        0.124     4.170 r  i_ariane/i_cva6/ex_stage_i/lsu_i/i_load_unit/FSM_sequential_state_q[1]_i_3__3/O
                         net (fo=12, routed)          0.927     5.097    i_ariane/i_cva6/gen_cache_wt.i_cache_subsystem/i_wt_dcache/gen_rd_ports[1].i_wt_dcache_ctrl/dcache_req_ports_ex_cache[1][kill_req]
    SLICE_X89Y42         LUT5 (Prop_lut5_I1_O)        0.120     5.217 r  i_ariane/i_cva6/gen_cache_wt.i_cache_subsystem/i_wt_dcache/gen_rd_ports[1].i_wt_dcache_ctrl/i___125_i_2/O
                         net (fo=22, routed)          0.959     6.176    i_ariane/i_cva6/gen_cache_wt.i_cache_subsystem/i_wt_dcache/gen_rd_ports[1].i_wt_dcache_ctrl/FSM_sequential_state_q_reg[2]_1
    SLICE_X96Y40         LUT6 (Prop_lut6_I1_O)        0.327     6.503 f  i_ariane/i_cva6/gen_cache_wt.i_cache_subsystem/i_wt_dcache/gen_rd_ports[1].i_wt_dcache_ctrl/i___131_i_1/O
                         net (fo=1, routed)           0.567     7.070    i_ariane/i_cva6/gen_cache_wt.i_cache_subsystem/i_wt_dcache_n_386
    SLICE_X96Y40         LUT4 (Prop_lut4_I3_O)        0.124     7.194 r  i_ariane/i_cva6/gen_cache_wt.i_cache_subsystem/i___131/O
                         net (fo=3, routed)           1.154     8.348    i_ariane/i_cva6/gen_cache_wt.i_cache_subsystem/i_wt_dcache/i_wt_dcache_missunit/i___139_i_43_0
    SLICE_X93Y32         LUT3 (Prop_lut3_I1_O)        0.150     8.498 r  i_ariane/i_cva6/gen_cache_wt.i_cache_subsystem/i_wt_dcache/i_wt_dcache_missunit/i___139_i_32/O
                         net (fo=2, routed)           0.605     9.103    i_ariane/i_cva6/gen_cache_wt.i_cache_subsystem/i_wt_dcache/i_wt_dcache_missunit/i___139_i_32_n_1
    SLICE_X92Y34         LUT6 (Prop_lut6_I0_O)        0.326     9.429 r  i_ariane/i_cva6/gen_cache_wt.i_cache_subsystem/i_wt_dcache/i_wt_dcache_missunit/i___139_i_11/O
                         net (fo=1, routed)           0.000     9.429    i_ariane/i_cva6/gen_cache_wt.i_cache_subsystem/i_wt_dcache/i_wt_dcache_missunit/i___139_i_11_n_1
    SLICE_X92Y34         CARRY4 (Prop_carry4_S[2]_CO[3])
                                                      0.380     9.809 r  i_ariane/i_cva6/gen_cache_wt.i_cache_subsystem/i_wt_dcache/i_wt_dcache_missunit/i___139_i_4/CO[3]
                         net (fo=1, routed)           0.000     9.809    i_ariane/i_cva6/gen_cache_wt.i_cache_subsystem/i_wt_dcache/i_wt_dcache_missunit/i___139_i_4_n_1
    SLICE_X92Y35         CARRY4 (Prop_carry4_CI_CO[2])
                                                      0.229    10.038 f  i_ariane/i_cva6/gen_cache_wt.i_cache_subsystem/i_wt_dcache/i_wt_dcache_missunit/i___139_i_2/CO[2]
                         net (fo=2, routed)           1.623    11.661    i_ariane/i_cva6/gen_cache_wt.i_cache_subsystem/i_wt_dcache/i_wt_dcache_wbuffer/CO[0]
    SLICE_X66Y46         LUT5 (Prop_lut5_I0_O)        0.310    11.971 f  i_ariane/i_cva6/gen_cache_wt.i_cache_subsystem/i_wt_dcache/i_wt_dcache_wbuffer/i___139_i_1/O
                         net (fo=37, routed)          0.514    12.485    i_ariane/i_cva6/gen_cache_wt.i_cache_subsystem/i_wt_dcache/i_wt_dcache_wbuffer/wbuffer_q_reg[0][valid][0]_1
    SLICE_X66Y45         LUT6 (Prop_lut6_I0_O)        0.124    12.609 f  i_ariane/i_cva6/gen_cache_wt.i_cache_subsystem/i_wt_dcache/i_wt_dcache_wbuffer/i___139_i_3/O
                         net (fo=4, routed)           0.574    13.183    i_ariane/i_cva6/gen_cache_wt.i_cache_subsystem/i_wt_dcache_n_392
    SLICE_X61Y46         LUT4 (Prop_lut4_I3_O)        0.124    13.307 r  i_ariane/i_cva6/gen_cache_wt.i_cache_subsystem/i___140/O
                         net (fo=8, routed)           0.629    13.936    i_ariane/i_cva6/gen_cache_wt.i_cache_subsystem/i_wt_dcache/i_wt_dcache_wbuffer/data_rdata_q_reg[15]
    SLICE_X57Y43         LUT5 (Prop_lut5_I1_O)        0.124    14.060 r  i_ariane/i_cva6/gen_cache_wt.i_cache_subsystem/i_wt_dcache/i_wt_dcache_wbuffer/data_rdata_q[15]_i_1/O
                         net (fo=4, routed)           1.391    15.451    i_ariane/i_cva6/gen_cache_wt.i_cache_subsystem/i_wt_dcache/i_wt_dcache_wbuffer/wbuffer_q_reg[0][data][15]_0
    SLICE_X57Y49         LUT6 (Prop_lut6_I0_O)        0.124    15.575 r  i_ariane/i_cva6/gen_cache_wt.i_cache_subsystem/i_wt_dcache/i_wt_dcache_wbuffer/i___128_i_3__0/O
                         net (fo=1, routed)           0.846    16.421    i_ariane/i_cva6/ex_stage_i/rdata_sign_bit1__2
    SLICE_X49Y49         LUT4 (Prop_lut4_I2_O)        0.124    16.545 r  i_ariane/i_cva6/ex_stage_i/i___128/O
                         net (fo=24, routed)          1.741    18.286    i_ariane/i_cva6/ex_stage_i/i___128_n_1
    SLICE_X60Y47         LUT6 (Prop_lut6_I1_O)        0.124    18.410 r  i_ariane/i_cva6/ex_stage_i/i___669/O
                         net (fo=1, routed)           0.385    18.795    i_ariane/i_cva6/ex_stage_i/lsu_i/i_load_unit/gen_register.d_o_reg[96][17]
    SLICE_X60Y47         LDCE                                         r  i_ariane/i_cva6/ex_stage_i/lsu_i/i_load_unit/result_o_reg[17]/D
  -------------------------------------------------------------------    -------------------





Min Delay Paths
--------------------------------------------------------------------------------------
Slack:                    inf
  Source:                 i_ariane/i_cva6/ex_stage_i/lsu_i/i_load_unit/ldbuf_q_reg[0][address_offset][0]/C
                            (rising edge-triggered cell FDCE clocked by clk_out1_xlnx_clk_gen  {rise@0.000ns fall@10.000ns period=20.000ns})
  Destination:            i_ariane/i_cva6/ex_stage_i/lsu_i/i_load_unit/result_o_reg[16]/D
  Path Group:             (none)
  Path Type:              Min at Slow Process Corner
  Data Path Delay:        1.508ns  (logic 0.567ns (37.603%)  route 0.941ns (62.397%))
  Logic Levels:           2  (LUT6=2)
  Clock Uncertainty:      0.172ns  ((TSJ^2 + DJ^2)^1/2) / 2 + PE
    Total System Jitter     (TSJ):    0.050ns
    Discrete Jitter          (DJ):    0.142ns
    Phase Error              (PE):    0.097ns

    Location             Delay type                Incr(ns)  Path(ns)    Netlist Resource(s)
  -------------------------------------------------------------------    -------------------
                         (clock clk_out1_xlnx_clk_gen rise edge)
                                                      0.000     0.000 r  
    K17                                               0.000     0.000 r  clk_sys (IN)
                         net (fo=0)                   0.000     0.000    i_xlnx_clk_gen/inst/clk_in1
    K17                  IBUF (Prop_ibuf_I_O)         1.404     1.404 r  i_xlnx_clk_gen/inst/clkin1_ibufg/O
                         net (fo=1, routed)           1.162     2.566    i_xlnx_clk_gen/inst/clk_in1_xlnx_clk_gen
    MMCME2_ADV_X1Y2      MMCME2_ADV (Prop_mmcme2_adv_CLKIN1_CLKOUT0)
                                                     -7.814    -5.248 r  i_xlnx_clk_gen/inst/mmcm_adv_inst/CLKOUT0
                         net (fo=1, routed)           2.012    -3.236    i_xlnx_clk_gen/inst/clk_out1_xlnx_clk_gen
    BUFGCTRL_X0Y16       BUFG (Prop_bufg_I_O)         0.091    -3.145 r  i_xlnx_clk_gen/inst/clkout1_buf/O
                         net (fo=16470, routed)       1.555    -1.590    i_ariane/i_cva6/ex_stage_i/lsu_i/i_load_unit/clk_out1
    SLICE_X56Y49         FDCE                                         r  i_ariane/i_cva6/ex_stage_i/lsu_i/i_load_unit/ldbuf_q_reg[0][address_offset][0]/C
  -------------------------------------------------------------------    -------------------
    SLICE_X56Y49         FDCE (Prop_fdce_C_Q)         0.367    -1.223 r  i_ariane/i_cva6/ex_stage_i/lsu_i/i_load_unit/ldbuf_q_reg[0][address_offset][0]/Q
                         net (fo=8, routed)           0.254    -0.969    i_ariane/i_cva6/ex_stage_i/i_load_unit/ldbuf_q_reg[0][address_offset][0]
    SLICE_X57Y49         LUT6 (Prop_lut6_I4_O)        0.100    -0.869 r  i_ariane/i_cva6/ex_stage_i/i___130/O
                         net (fo=8, routed)           0.687    -0.182    i_ariane/i_cva6/ex_stage_i/i___130_n_1
    SLICE_X58Y47         LUT6 (Prop_lut6_I5_O)        0.100    -0.082 r  i_ariane/i_cva6/ex_stage_i/i___668/O
                         net (fo=1, routed)           0.000    -0.082    i_ariane/i_cva6/ex_stage_i/lsu_i/i_load_unit/gen_register.d_o_reg[96][16]
    SLICE_X58Y47         LDCE                                         r  i_ariane/i_cva6/ex_stage_i/lsu_i/i_load_unit/result_o_reg[16]/D
  -------------------------------------------------------------------    -------------------

Slack:                    inf
  Source:                 i_ariane/i_cva6/ex_stage_i/lsu_i/i_load_unit/ldbuf_q_reg[0][address_offset][0]/C
                            (rising edge-triggered cell FDCE clocked by clk_out1_xlnx_clk_gen  {rise@0.000ns fall@10.000ns period=20.000ns})
  Destination:            i_ariane/i_cva6/ex_stage_i/lsu_i/i_load_unit/result_o_reg[22]/D
  Path Group:             (none)
  Path Type:              Min at Slow Process Corner
  Data Path Delay:        1.512ns  (logic 0.567ns (37.501%)  route 0.945ns (62.499%))
  Logic Levels:           2  (LUT6=2)
  Clock Uncertainty:      0.172ns  ((TSJ^2 + DJ^2)^1/2) / 2 + PE
    Total System Jitter     (TSJ):    0.050ns
    Discrete Jitter          (DJ):    0.142ns
    Phase Error              (PE):    0.097ns

    Location             Delay type                Incr(ns)  Path(ns)    Netlist Resource(s)
  -------------------------------------------------------------------    -------------------
                         (clock clk_out1_xlnx_clk_gen rise edge)
                                                      0.000     0.000 r  
    K17                                               0.000     0.000 r  clk_sys (IN)
                         net (fo=0)                   0.000     0.000    i_xlnx_clk_gen/inst/clk_in1
    K17                  IBUF (Prop_ibuf_I_O)         1.404     1.404 r  i_xlnx_clk_gen/inst/clkin1_ibufg/O
                         net (fo=1, routed)           1.162     2.566    i_xlnx_clk_gen/inst/clk_in1_xlnx_clk_gen
    MMCME2_ADV_X1Y2      MMCME2_ADV (Prop_mmcme2_adv_CLKIN1_CLKOUT0)
                                                     -7.814    -5.248 r  i_xlnx_clk_gen/inst/mmcm_adv_inst/CLKOUT0
                         net (fo=1, routed)           2.012    -3.236    i_xlnx_clk_gen/inst/clk_out1_xlnx_clk_gen
    BUFGCTRL_X0Y16       BUFG (Prop_bufg_I_O)         0.091    -3.145 r  i_xlnx_clk_gen/inst/clkout1_buf/O
                         net (fo=16470, routed)       1.555    -1.590    i_ariane/i_cva6/ex_stage_i/lsu_i/i_load_unit/clk_out1
    SLICE_X56Y49         FDCE                                         r  i_ariane/i_cva6/ex_stage_i/lsu_i/i_load_unit/ldbuf_q_reg[0][address_offset][0]/C
  -------------------------------------------------------------------    -------------------
    SLICE_X56Y49         FDCE (Prop_fdce_C_Q)         0.367    -1.223 r  i_ariane/i_cva6/ex_stage_i/lsu_i/i_load_unit/ldbuf_q_reg[0][address_offset][0]/Q
                         net (fo=8, routed)           0.254    -0.969    i_ariane/i_cva6/ex_stage_i/i_load_unit/ldbuf_q_reg[0][address_offset][0]
    SLICE_X57Y49         LUT6 (Prop_lut6_I4_O)        0.100    -0.869 r  i_ariane/i_cva6/ex_stage_i/i___130/O
                         net (fo=8, routed)           0.361    -0.508    i_ariane/i_cva6/ex_stage_i/i___130_n_1
    SLICE_X59Y48         LUT6 (Prop_lut6_I5_O)        0.100    -0.408 r  i_ariane/i_cva6/ex_stage_i/i___674/O
                         net (fo=1, routed)           0.330    -0.078    i_ariane/i_cva6/ex_stage_i/lsu_i/i_load_unit/gen_register.d_o_reg[96][22]
    SLICE_X58Y48         LDCE                                         r  i_ariane/i_cva6/ex_stage_i/lsu_i/i_load_unit/result_o_reg[22]/D
  -------------------------------------------------------------------    -------------------

Slack:                    inf
  Source:                 i_ariane/i_cva6/ex_stage_i/lsu_i/i_load_unit/ldbuf_q_reg[1][address_offset][1]/C
                            (rising edge-triggered cell FDCE clocked by clk_out1_xlnx_clk_gen  {rise@0.000ns fall@10.000ns period=20.000ns})
  Destination:            i_ariane/i_cva6/ex_stage_i/lsu_i/i_load_unit/result_o_reg[6]/D
  Path Group:             (none)
  Path Type:              Min at Slow Process Corner
  Data Path Delay:        1.543ns  (logic 0.567ns (36.741%)  route 0.976ns (63.259%))
  Logic Levels:           2  (LUT3=1 LUT6=1)
  Clock Uncertainty:      0.172ns  ((TSJ^2 + DJ^2)^1/2) / 2 + PE
    Total System Jitter     (TSJ):    0.050ns
    Discrete Jitter          (DJ):    0.142ns
    Phase Error              (PE):    0.097ns

    Location             Delay type                Incr(ns)  Path(ns)    Netlist Resource(s)
  -------------------------------------------------------------------    -------------------
                         (clock clk_out1_xlnx_clk_gen rise edge)
                                                      0.000     0.000 r  
    K17                                               0.000     0.000 r  clk_sys (IN)
                         net (fo=0)                   0.000     0.000    i_xlnx_clk_gen/inst/clk_in1
    K17                  IBUF (Prop_ibuf_I_O)         1.404     1.404 r  i_xlnx_clk_gen/inst/clkin1_ibufg/O
                         net (fo=1, routed)           1.162     2.566    i_xlnx_clk_gen/inst/clk_in1_xlnx_clk_gen
    MMCME2_ADV_X1Y2      MMCME2_ADV (Prop_mmcme2_adv_CLKIN1_CLKOUT0)
                                                     -7.814    -5.248 r  i_xlnx_clk_gen/inst/mmcm_adv_inst/CLKOUT0
                         net (fo=1, routed)           2.012    -3.236    i_xlnx_clk_gen/inst/clk_out1_xlnx_clk_gen
    BUFGCTRL_X0Y16       BUFG (Prop_bufg_I_O)         0.091    -3.145 r  i_xlnx_clk_gen/inst/clkout1_buf/O
                         net (fo=16470, routed)       1.555    -1.590    i_ariane/i_cva6/ex_stage_i/lsu_i/i_load_unit/clk_out1
    SLICE_X57Y48         FDCE                                         r  i_ariane/i_cva6/ex_stage_i/lsu_i/i_load_unit/ldbuf_q_reg[1][address_offset][1]/C
  -------------------------------------------------------------------    -------------------
    SLICE_X57Y48         FDCE (Prop_fdce_C_Q)         0.367    -1.223 r  i_ariane/i_cva6/ex_stage_i/lsu_i/i_load_unit/ldbuf_q_reg[1][address_offset][1]/Q
                         net (fo=7, routed)           0.171    -1.052    i_ariane/i_cva6/ex_stage_i/lsu_i/i_load_unit/ldbuf_q_reg[1][address_offset][1]_0[1]
    SLICE_X56Y48         LUT3 (Prop_lut3_I0_O)        0.100    -0.952 r  i_ariane/i_cva6/ex_stage_i/lsu_i/i_load_unit/result_o_reg[7]_i_3/O
                         net (fo=8, routed)           0.488    -0.463    i_ariane/i_cva6/gen_cache_wt.i_cache_subsystem/i_wt_dcache/i_wt_dcache_wbuffer/ldbuf_rdata[address_offset][1]
    SLICE_X58Y46         LUT6 (Prop_lut6_I3_O)        0.100    -0.363 r  i_ariane/i_cva6/gen_cache_wt.i_cache_subsystem/i_wt_dcache/i_wt_dcache_wbuffer/result_o_reg[6]_i_1/O
                         net (fo=1, routed)           0.317    -0.046    i_ariane/i_cva6/ex_stage_i/lsu_i/i_load_unit/gen_register.d_o_reg[96][6]
    SLICE_X58Y46         LDCE                                         r  i_ariane/i_cva6/ex_stage_i/lsu_i/i_load_unit/result_o_reg[6]/D
  -------------------------------------------------------------------    -------------------

Slack:                    inf
  Source:                 i_ariane/i_cva6/ex_stage_i/lsu_i/i_load_unit/ldbuf_q_reg[1][address_offset][1]/C
                            (rising edge-triggered cell FDCE clocked by clk_out1_xlnx_clk_gen  {rise@0.000ns fall@10.000ns period=20.000ns})
  Destination:            i_ariane/i_cva6/ex_stage_i/lsu_i/i_load_unit/result_o_reg[2]/D
  Path Group:             (none)
  Path Type:              Min at Slow Process Corner
  Data Path Delay:        1.578ns  (logic 0.567ns (35.929%)  route 1.011ns (64.071%))
  Logic Levels:           2  (LUT3=1 LUT6=1)
  Clock Uncertainty:      0.172ns  ((TSJ^2 + DJ^2)^1/2) / 2 + PE
    Total System Jitter     (TSJ):    0.050ns
    Discrete Jitter          (DJ):    0.142ns
    Phase Error              (PE):    0.097ns

    Location             Delay type                Incr(ns)  Path(ns)    Netlist Resource(s)
  -------------------------------------------------------------------    -------------------
                         (clock clk_out1_xlnx_clk_gen rise edge)
                                                      0.000     0.000 r  
    K17                                               0.000     0.000 r  clk_sys (IN)
                         net (fo=0)                   0.000     0.000    i_xlnx_clk_gen/inst/clk_in1
    K17                  IBUF (Prop_ibuf_I_O)         1.404     1.404 r  i_xlnx_clk_gen/inst/clkin1_ibufg/O
                         net (fo=1, routed)           1.162     2.566    i_xlnx_clk_gen/inst/clk_in1_xlnx_clk_gen
    MMCME2_ADV_X1Y2      MMCME2_ADV (Prop_mmcme2_adv_CLKIN1_CLKOUT0)
                                                     -7.814    -5.248 r  i_xlnx_clk_gen/inst/mmcm_adv_inst/CLKOUT0
                         net (fo=1, routed)           2.012    -3.236    i_xlnx_clk_gen/inst/clk_out1_xlnx_clk_gen
    BUFGCTRL_X0Y16       BUFG (Prop_bufg_I_O)         0.091    -3.145 r  i_xlnx_clk_gen/inst/clkout1_buf/O
                         net (fo=16470, routed)       1.555    -1.590    i_ariane/i_cva6/ex_stage_i/lsu_i/i_load_unit/clk_out1
    SLICE_X57Y48         FDCE                                         r  i_ariane/i_cva6/ex_stage_i/lsu_i/i_load_unit/ldbuf_q_reg[1][address_offset][1]/C
  -------------------------------------------------------------------    -------------------
    SLICE_X57Y48         FDCE (Prop_fdce_C_Q)         0.367    -1.223 r  i_ariane/i_cva6/ex_stage_i/lsu_i/i_load_unit/ldbuf_q_reg[1][address_offset][1]/Q
                         net (fo=7, routed)           0.171    -1.052    i_ariane/i_cva6/ex_stage_i/lsu_i/i_load_unit/ldbuf_q_reg[1][address_offset][1]_0[1]
    SLICE_X56Y48         LUT3 (Prop_lut3_I0_O)        0.100    -0.952 r  i_ariane/i_cva6/ex_stage_i/lsu_i/i_load_unit/result_o_reg[7]_i_3/O
                         net (fo=8, routed)           0.523    -0.428    i_ariane/i_cva6/gen_cache_wt.i_cache_subsystem/i_wt_dcache/i_wt_dcache_wbuffer/ldbuf_rdata[address_offset][1]
    SLICE_X58Y46         LUT6 (Prop_lut6_I3_O)        0.100    -0.328 r  i_ariane/i_cva6/gen_cache_wt.i_cache_subsystem/i_wt_dcache/i_wt_dcache_wbuffer/result_o_reg[2]_i_1/O
                         net (fo=1, routed)           0.317    -0.011    i_ariane/i_cva6/ex_stage_i/lsu_i/i_load_unit/gen_register.d_o_reg[96][2]
    SLICE_X58Y46         LDCE                                         r  i_ariane/i_cva6/ex_stage_i/lsu_i/i_load_unit/result_o_reg[2]/D
  -------------------------------------------------------------------    -------------------

Slack:                    inf
  Source:                 i_ariane/i_cva6/ex_stage_i/lsu_i/i_load_unit/ldbuf_q_reg[1][address_offset][1]/C
                            (rising edge-triggered cell FDCE clocked by clk_out1_xlnx_clk_gen  {rise@0.000ns fall@10.000ns period=20.000ns})
  Destination:            i_ariane/i_cva6/ex_stage_i/lsu_i/i_load_unit/result_o_reg[0]/D
  Path Group:             (none)
  Path Type:              Min at Slow Process Corner
  Data Path Delay:        1.582ns  (logic 0.567ns (35.837%)  route 1.015ns (64.163%))
  Logic Levels:           2  (LUT3=1 LUT6=1)
  Clock Uncertainty:      0.172ns  ((TSJ^2 + DJ^2)^1/2) / 2 + PE
    Total System Jitter     (TSJ):    0.050ns
    Discrete Jitter          (DJ):    0.142ns
    Phase Error              (PE):    0.097ns

    Location             Delay type                Incr(ns)  Path(ns)    Netlist Resource(s)
  -------------------------------------------------------------------    -------------------
                         (clock clk_out1_xlnx_clk_gen rise edge)
                                                      0.000     0.000 r  
    K17                                               0.000     0.000 r  clk_sys (IN)
                         net (fo=0)                   0.000     0.000    i_xlnx_clk_gen/inst/clk_in1
    K17                  IBUF (Prop_ibuf_I_O)         1.404     1.404 r  i_xlnx_clk_gen/inst/clkin1_ibufg/O
                         net (fo=1, routed)           1.162     2.566    i_xlnx_clk_gen/inst/clk_in1_xlnx_clk_gen
    MMCME2_ADV_X1Y2      MMCME2_ADV (Prop_mmcme2_adv_CLKIN1_CLKOUT0)
                                                     -7.814    -5.248 r  i_xlnx_clk_gen/inst/mmcm_adv_inst/CLKOUT0
                         net (fo=1, routed)           2.012    -3.236    i_xlnx_clk_gen/inst/clk_out1_xlnx_clk_gen
    BUFGCTRL_X0Y16       BUFG (Prop_bufg_I_O)         0.091    -3.145 r  i_xlnx_clk_gen/inst/clkout1_buf/O
                         net (fo=16470, routed)       1.555    -1.590    i_ariane/i_cva6/ex_stage_i/lsu_i/i_load_unit/clk_out1
    SLICE_X57Y48         FDCE                                         r  i_ariane/i_cva6/ex_stage_i/lsu_i/i_load_unit/ldbuf_q_reg[1][address_offset][1]/C
  -------------------------------------------------------------------    -------------------
    SLICE_X57Y48         FDCE (Prop_fdce_C_Q)         0.367    -1.223 r  i_ariane/i_cva6/ex_stage_i/lsu_i/i_load_unit/ldbuf_q_reg[1][address_offset][1]/Q
                         net (fo=7, routed)           0.171    -1.052    i_ariane/i_cva6/ex_stage_i/lsu_i/i_load_unit/ldbuf_q_reg[1][address_offset][1]_0[1]
    SLICE_X56Y48         LUT3 (Prop_lut3_I0_O)        0.100    -0.952 r  i_ariane/i_cva6/ex_stage_i/lsu_i/i_load_unit/result_o_reg[7]_i_3/O
                         net (fo=8, routed)           0.844    -0.107    i_ariane/i_cva6/gen_cache_wt.i_cache_subsystem/i_wt_dcache/i_wt_dcache_wbuffer/ldbuf_rdata[address_offset][1]
    SLICE_X58Y46         LUT6 (Prop_lut6_I3_O)        0.100    -0.007 r  i_ariane/i_cva6/gen_cache_wt.i_cache_subsystem/i_wt_dcache/i_wt_dcache_wbuffer/result_o_reg[0]_i_1/O
                         net (fo=1, routed)           0.000    -0.007    i_ariane/i_cva6/ex_stage_i/lsu_i/i_load_unit/gen_register.d_o_reg[96][0]
    SLICE_X58Y46         LDCE                                         r  i_ariane/i_cva6/ex_stage_i/lsu_i/i_load_unit/result_o_reg[0]/D
  -------------------------------------------------------------------    -------------------

Slack:                    inf
  Source:                 i_ariane/i_cva6/ex_stage_i/lsu_i/i_load_unit/ldbuf_q_reg[0][address_offset][0]/C
                            (rising edge-triggered cell FDCE clocked by clk_out1_xlnx_clk_gen  {rise@0.000ns fall@10.000ns period=20.000ns})
  Destination:            i_ariane/i_cva6/ex_stage_i/lsu_i/i_load_unit/result_o_reg[11]/D
  Path Group:             (none)
  Path Type:              Min at Slow Process Corner
  Data Path Delay:        1.585ns  (logic 0.567ns (35.779%)  route 1.018ns (64.221%))
  Logic Levels:           2  (LUT5=1 LUT6=1)
  Clock Uncertainty:      0.172ns  ((TSJ^2 + DJ^2)^1/2) / 2 + PE
    Total System Jitter     (TSJ):    0.050ns
    Discrete Jitter          (DJ):    0.142ns
    Phase Error              (PE):    0.097ns

    Location             Delay type                Incr(ns)  Path(ns)    Netlist Resource(s)
  -------------------------------------------------------------------    -------------------
                         (clock clk_out1_xlnx_clk_gen rise edge)
                                                      0.000     0.000 r  
    K17                                               0.000     0.000 r  clk_sys (IN)
                         net (fo=0)                   0.000     0.000    i_xlnx_clk_gen/inst/clk_in1
    K17                  IBUF (Prop_ibuf_I_O)         1.404     1.404 r  i_xlnx_clk_gen/inst/clkin1_ibufg/O
                         net (fo=1, routed)           1.162     2.566    i_xlnx_clk_gen/inst/clk_in1_xlnx_clk_gen
    MMCME2_ADV_X1Y2      MMCME2_ADV (Prop_mmcme2_adv_CLKIN1_CLKOUT0)
                                                     -7.814    -5.248 r  i_xlnx_clk_gen/inst/mmcm_adv_inst/CLKOUT0
                         net (fo=1, routed)           2.012    -3.236    i_xlnx_clk_gen/inst/clk_out1_xlnx_clk_gen
    BUFGCTRL_X0Y16       BUFG (Prop_bufg_I_O)         0.091    -3.145 r  i_xlnx_clk_gen/inst/clkout1_buf/O
                         net (fo=16470, routed)       1.555    -1.590    i_ariane/i_cva6/ex_stage_i/lsu_i/i_load_unit/clk_out1
    SLICE_X56Y49         FDCE                                         r  i_ariane/i_cva6/ex_stage_i/lsu_i/i_load_unit/ldbuf_q_reg[0][address_offset][0]/C
  -------------------------------------------------------------------    -------------------
    SLICE_X56Y49         FDCE (Prop_fdce_C_Q)         0.367    -1.223 f  i_ariane/i_cva6/ex_stage_i/lsu_i/i_load_unit/ldbuf_q_reg[0][address_offset][0]/Q
                         net (fo=8, routed)           0.358    -0.865    i_ariane/i_cva6/ex_stage_i/lsu_i/i_load_unit/ldbuf_q_reg[0][address_offset][1]_0[0]
    SLICE_X57Y48         LUT6 (Prop_lut6_I2_O)        0.100    -0.765 r  i_ariane/i_cva6/ex_stage_i/lsu_i/i_load_unit/i___627_i_2/O
                         net (fo=8, routed)           0.660    -0.105    i_ariane/i_cva6/ex_stage_i/lsu_i_n_795
    SLICE_X56Y46         LUT5 (Prop_lut5_I3_O)        0.100    -0.005 r  i_ariane/i_cva6/ex_stage_i/i___631/O
                         net (fo=1, routed)           0.000    -0.005    i_ariane/i_cva6/ex_stage_i/lsu_i/i_load_unit/gen_register.d_o_reg[96][11]
    SLICE_X56Y46         LDCE                                         r  i_ariane/i_cva6/ex_stage_i/lsu_i/i_load_unit/result_o_reg[11]/D
  -------------------------------------------------------------------    -------------------

Slack:                    inf
  Source:                 i_ariane/i_cva6/ex_stage_i/lsu_i/i_load_unit/ldbuf_q_reg[0][address_offset][0]/C
                            (rising edge-triggered cell FDCE clocked by clk_out1_xlnx_clk_gen  {rise@0.000ns fall@10.000ns period=20.000ns})
  Destination:            i_ariane/i_cva6/ex_stage_i/lsu_i/i_load_unit/result_o_reg[9]/D
  Path Group:             (none)
  Path Type:              Min at Slow Process Corner
  Data Path Delay:        1.618ns  (logic 0.567ns (35.053%)  route 1.051ns (64.947%))
  Logic Levels:           2  (LUT5=1 LUT6=1)
  Clock Uncertainty:      0.172ns  ((TSJ^2 + DJ^2)^1/2) / 2 + PE
    Total System Jitter     (TSJ):    0.050ns
    Discrete Jitter          (DJ):    0.142ns
    Phase Error              (PE):    0.097ns

    Location             Delay type                Incr(ns)  Path(ns)    Netlist Resource(s)
  -------------------------------------------------------------------    -------------------
                         (clock clk_out1_xlnx_clk_gen rise edge)
                                                      0.000     0.000 r  
    K17                                               0.000     0.000 r  clk_sys (IN)
                         net (fo=0)                   0.000     0.000    i_xlnx_clk_gen/inst/clk_in1
    K17                  IBUF (Prop_ibuf_I_O)         1.404     1.404 r  i_xlnx_clk_gen/inst/clkin1_ibufg/O
                         net (fo=1, routed)           1.162     2.566    i_xlnx_clk_gen/inst/clk_in1_xlnx_clk_gen
    MMCME2_ADV_X1Y2      MMCME2_ADV (Prop_mmcme2_adv_CLKIN1_CLKOUT0)
                                                     -7.814    -5.248 r  i_xlnx_clk_gen/inst/mmcm_adv_inst/CLKOUT0
                         net (fo=1, routed)           2.012    -3.236    i_xlnx_clk_gen/inst/clk_out1_xlnx_clk_gen
    BUFGCTRL_X0Y16       BUFG (Prop_bufg_I_O)         0.091    -3.145 r  i_xlnx_clk_gen/inst/clkout1_buf/O
                         net (fo=16470, routed)       1.555    -1.590    i_ariane/i_cva6/ex_stage_i/lsu_i/i_load_unit/clk_out1
    SLICE_X56Y49         FDCE                                         r  i_ariane/i_cva6/ex_stage_i/lsu_i/i_load_unit/ldbuf_q_reg[0][address_offset][0]/C
  -------------------------------------------------------------------    -------------------
    SLICE_X56Y49         FDCE (Prop_fdce_C_Q)         0.367    -1.223 f  i_ariane/i_cva6/ex_stage_i/lsu_i/i_load_unit/ldbuf_q_reg[0][address_offset][0]/Q
                         net (fo=8, routed)           0.358    -0.865    i_ariane/i_cva6/ex_stage_i/lsu_i/i_load_unit/ldbuf_q_reg[0][address_offset][1]_0[0]
    SLICE_X57Y48         LUT6 (Prop_lut6_I2_O)        0.100    -0.765 r  i_ariane/i_cva6/ex_stage_i/lsu_i/i_load_unit/i___627_i_2/O
                         net (fo=8, routed)           0.693    -0.072    i_ariane/i_cva6/ex_stage_i/lsu_i_n_795
    SLICE_X57Y47         LUT5 (Prop_lut5_I3_O)        0.100     0.028 r  i_ariane/i_cva6/ex_stage_i/i___633/O
                         net (fo=1, routed)           0.000     0.028    i_ariane/i_cva6/ex_stage_i/lsu_i/i_load_unit/gen_register.d_o_reg[96][9]
    SLICE_X57Y47         LDCE                                         r  i_ariane/i_cva6/ex_stage_i/lsu_i/i_load_unit/result_o_reg[9]/D
  -------------------------------------------------------------------    -------------------

Slack:                    inf
  Source:                 i_ariane/i_cva6/ex_stage_i/lsu_i/i_load_unit/ldbuf_q_reg[0][address_offset][0]/C
                            (rising edge-triggered cell FDCE clocked by clk_out1_xlnx_clk_gen  {rise@0.000ns fall@10.000ns period=20.000ns})
  Destination:            i_ariane/i_cva6/ex_stage_i/lsu_i/i_load_unit/result_o_reg[13]/D
  Path Group:             (none)
  Path Type:              Min at Slow Process Corner
  Data Path Delay:        1.619ns  (logic 0.567ns (35.031%)  route 1.052ns (64.969%))
  Logic Levels:           2  (LUT5=1 LUT6=1)
  Clock Uncertainty:      0.172ns  ((TSJ^2 + DJ^2)^1/2) / 2 + PE
    Total System Jitter     (TSJ):    0.050ns
    Discrete Jitter          (DJ):    0.142ns
    Phase Error              (PE):    0.097ns

    Location             Delay type                Incr(ns)  Path(ns)    Netlist Resource(s)
  -------------------------------------------------------------------    -------------------
                         (clock clk_out1_xlnx_clk_gen rise edge)
                                                      0.000     0.000 r  
    K17                                               0.000     0.000 r  clk_sys (IN)
                         net (fo=0)                   0.000     0.000    i_xlnx_clk_gen/inst/clk_in1
    K17                  IBUF (Prop_ibuf_I_O)         1.404     1.404 r  i_xlnx_clk_gen/inst/clkin1_ibufg/O
                         net (fo=1, routed)           1.162     2.566    i_xlnx_clk_gen/inst/clk_in1_xlnx_clk_gen
    MMCME2_ADV_X1Y2      MMCME2_ADV (Prop_mmcme2_adv_CLKIN1_CLKOUT0)
                                                     -7.814    -5.248 r  i_xlnx_clk_gen/inst/mmcm_adv_inst/CLKOUT0
                         net (fo=1, routed)           2.012    -3.236    i_xlnx_clk_gen/inst/clk_out1_xlnx_clk_gen
    BUFGCTRL_X0Y16       BUFG (Prop_bufg_I_O)         0.091    -3.145 r  i_xlnx_clk_gen/inst/clkout1_buf/O
                         net (fo=16470, routed)       1.555    -1.590    i_ariane/i_cva6/ex_stage_i/lsu_i/i_load_unit/clk_out1
    SLICE_X56Y49         FDCE                                         r  i_ariane/i_cva6/ex_stage_i/lsu_i/i_load_unit/ldbuf_q_reg[0][address_offset][0]/C
  -------------------------------------------------------------------    -------------------
    SLICE_X56Y49         FDCE (Prop_fdce_C_Q)         0.367    -1.223 f  i_ariane/i_cva6/ex_stage_i/lsu_i/i_load_unit/ldbuf_q_reg[0][address_offset][0]/Q
                         net (fo=8, routed)           0.358    -0.865    i_ariane/i_cva6/ex_stage_i/lsu_i/i_load_unit/ldbuf_q_reg[0][address_offset][1]_0[0]
    SLICE_X57Y48         LUT6 (Prop_lut6_I2_O)        0.100    -0.765 r  i_ariane/i_cva6/ex_stage_i/lsu_i/i_load_unit/i___627_i_2/O
                         net (fo=8, routed)           0.694    -0.071    i_ariane/i_cva6/ex_stage_i/lsu_i_n_795
    SLICE_X57Y47         LUT5 (Prop_lut5_I3_O)        0.100     0.029 r  i_ariane/i_cva6/ex_stage_i/i___629/O
                         net (fo=1, routed)           0.000     0.029    i_ariane/i_cva6/ex_stage_i/lsu_i/i_load_unit/gen_register.d_o_reg[96][13]
    SLICE_X57Y47         LDCE                                         r  i_ariane/i_cva6/ex_stage_i/lsu_i/i_load_unit/result_o_reg[13]/D
  -------------------------------------------------------------------    -------------------

Slack:                    inf
  Source:                 i_ariane/i_cva6/ex_stage_i/lsu_i/i_load_unit/ldbuf_q_reg[0][address_offset][0]/C
                            (rising edge-triggered cell FDCE clocked by clk_out1_xlnx_clk_gen  {rise@0.000ns fall@10.000ns period=20.000ns})
  Destination:            i_ariane/i_cva6/ex_stage_i/lsu_i/i_load_unit/result_o_reg[20]/D
  Path Group:             (none)
  Path Type:              Min at Slow Process Corner
  Data Path Delay:        1.672ns  (logic 0.567ns (33.919%)  route 1.105ns (66.081%))
  Logic Levels:           2  (LUT6=2)
  Clock Uncertainty:      0.172ns  ((TSJ^2 + DJ^2)^1/2) / 2 + PE
    Total System Jitter     (TSJ):    0.050ns
    Discrete Jitter          (DJ):    0.142ns
    Phase Error              (PE):    0.097ns

    Location             Delay type                Incr(ns)  Path(ns)    Netlist Resource(s)
  -------------------------------------------------------------------    -------------------
                         (clock clk_out1_xlnx_clk_gen rise edge)
                                                      0.000     0.000 r  
    K17                                               0.000     0.000 r  clk_sys (IN)
                         net (fo=0)                   0.000     0.000    i_xlnx_clk_gen/inst/clk_in1
    K17                  IBUF (Prop_ibuf_I_O)         1.404     1.404 r  i_xlnx_clk_gen/inst/clkin1_ibufg/O
                         net (fo=1, routed)           1.162     2.566    i_xlnx_clk_gen/inst/clk_in1_xlnx_clk_gen
    MMCME2_ADV_X1Y2      MMCME2_ADV (Prop_mmcme2_adv_CLKIN1_CLKOUT0)
                                                     -7.814    -5.248 r  i_xlnx_clk_gen/inst/mmcm_adv_inst/CLKOUT0
                         net (fo=1, routed)           2.012    -3.236    i_xlnx_clk_gen/inst/clk_out1_xlnx_clk_gen
    BUFGCTRL_X0Y16       BUFG (Prop_bufg_I_O)         0.091    -3.145 r  i_xlnx_clk_gen/inst/clkout1_buf/O
                         net (fo=16470, routed)       1.555    -1.590    i_ariane/i_cva6/ex_stage_i/lsu_i/i_load_unit/clk_out1
    SLICE_X56Y49         FDCE                                         r  i_ariane/i_cva6/ex_stage_i/lsu_i/i_load_unit/ldbuf_q_reg[0][address_offset][0]/C
  -------------------------------------------------------------------    -------------------
    SLICE_X56Y49         FDCE (Prop_fdce_C_Q)         0.367    -1.223 r  i_ariane/i_cva6/ex_stage_i/lsu_i/i_load_unit/ldbuf_q_reg[0][address_offset][0]/Q
                         net (fo=8, routed)           0.254    -0.969    i_ariane/i_cva6/ex_stage_i/i_load_unit/ldbuf_q_reg[0][address_offset][0]
    SLICE_X57Y49         LUT6 (Prop_lut6_I4_O)        0.100    -0.869 r  i_ariane/i_cva6/ex_stage_i/i___130/O
                         net (fo=8, routed)           0.534    -0.335    i_ariane/i_cva6/ex_stage_i/i___130_n_1
    SLICE_X62Y48         LUT6 (Prop_lut6_I5_O)        0.100    -0.235 r  i_ariane/i_cva6/ex_stage_i/i___672/O
                         net (fo=1, routed)           0.317     0.082    i_ariane/i_cva6/ex_stage_i/lsu_i/i_load_unit/gen_register.d_o_reg[96][20]
    SLICE_X62Y48         LDCE                                         r  i_ariane/i_cva6/ex_stage_i/lsu_i/i_load_unit/result_o_reg[20]/D
  -------------------------------------------------------------------    -------------------

Slack:                    inf
  Source:                 i_ariane/i_cva6/ex_stage_i/lsu_i/i_load_unit/ldbuf_q_reg[0][address_offset][0]/C
                            (rising edge-triggered cell FDCE clocked by clk_out1_xlnx_clk_gen  {rise@0.000ns fall@10.000ns period=20.000ns})
  Destination:            i_ariane/i_cva6/ex_stage_i/lsu_i/i_load_unit/result_o_reg[18]/D
  Path Group:             (none)
  Path Type:              Min at Fast Process Corner
  Data Path Delay:        0.731ns  (logic 0.231ns (31.600%)  route 0.500ns (68.400%))
  Logic Levels:           2  (LUT6=2)
  Clock Uncertainty:      0.172ns  ((TSJ^2 + DJ^2)^1/2) / 2 + PE
    Total System Jitter     (TSJ):    0.050ns
    Discrete Jitter          (DJ):    0.142ns
    Phase Error              (PE):    0.097ns

    Location             Delay type                Incr(ns)  Path(ns)    Netlist Resource(s)
  -------------------------------------------------------------------    -------------------
                         (clock clk_out1_xlnx_clk_gen rise edge)
                                                      0.000     0.000 r  
    K17                                               0.000     0.000 r  clk_sys (IN)
                         net (fo=0)                   0.000     0.000    i_xlnx_clk_gen/inst/clk_in1
    K17                  IBUF (Prop_ibuf_I_O)         0.243     0.243 r  i_xlnx_clk_gen/inst/clkin1_ibufg/O
                         net (fo=1, routed)           0.440     0.683    i_xlnx_clk_gen/inst/clk_in1_xlnx_clk_gen
    MMCME2_ADV_X1Y2      MMCME2_ADV (Prop_mmcme2_adv_CLKIN1_CLKOUT0)
                                                     -2.613    -1.930 r  i_xlnx_clk_gen/inst/mmcm_adv_inst/CLKOUT0
                         net (fo=1, routed)           0.696    -1.233    i_xlnx_clk_gen/inst/clk_out1_xlnx_clk_gen
    BUFGCTRL_X0Y16       BUFG (Prop_bufg_I_O)         0.026    -1.207 r  i_xlnx_clk_gen/inst/clkout1_buf/O
                         net (fo=16470, routed)       0.584    -0.624    i_ariane/i_cva6/ex_stage_i/lsu_i/i_load_unit/clk_out1
    SLICE_X56Y49         FDCE                                         r  i_ariane/i_cva6/ex_stage_i/lsu_i/i_load_unit/ldbuf_q_reg[0][address_offset][0]/C
  -------------------------------------------------------------------    -------------------
    SLICE_X56Y49         FDCE (Prop_fdce_C_Q)         0.141    -0.483 r  i_ariane/i_cva6/ex_stage_i/lsu_i/i_load_unit/ldbuf_q_reg[0][address_offset][0]/Q
                         net (fo=8, routed)           0.120    -0.363    i_ariane/i_cva6/ex_stage_i/i_load_unit/ldbuf_q_reg[0][address_offset][0]
    SLICE_X57Y49         LUT6 (Prop_lut6_I4_O)        0.045    -0.318 r  i_ariane/i_cva6/ex_stage_i/i___130/O
                         net (fo=8, routed)           0.258    -0.059    i_ariane/i_cva6/ex_stage_i/i___130_n_1
    SLICE_X60Y49         LUT6 (Prop_lut6_I5_O)        0.045    -0.014 r  i_ariane/i_cva6/ex_stage_i/i___670/O
                         net (fo=1, routed)           0.122     0.107    i_ariane/i_cva6/ex_stage_i/lsu_i/i_load_unit/gen_register.d_o_reg[96][18]
    SLICE_X60Y49         LDCE                                         r  i_ariane/i_cva6/ex_stage_i/lsu_i/i_load_unit/result_o_reg[18]/D
  -------------------------------------------------------------------    -------------------





--------------------------------------------------------------------------------------
Path Group:  (none)
From Clock:  clkfbout_xlnx_clk_gen
  To Clock:  

Max Delay             1 Endpoint
Min Delay             1 Endpoint
--------------------------------------------------------------------------------------


Max Delay Paths
--------------------------------------------------------------------------------------
Slack:                    inf
  Source:                 i_xlnx_clk_gen/inst/mmcm_adv_inst/CLKFBOUT
                            (clock source 'clkfbout_xlnx_clk_gen'  {rise@0.000ns fall@4.000ns period=8.000ns})
  Destination:            i_xlnx_clk_gen/inst/mmcm_adv_inst/CLKFBIN
  Path Group:             (none)
  Path Type:              Max at Slow Process Corner
  Data Path Delay:        4.287ns  (logic 0.101ns (2.356%)  route 4.186ns (97.644%))
  Logic Levels:           1  (BUFG=1)
  Clock Uncertainty:      0.144ns  ((TSJ^2 + DJ^2)^1/2) / 2 + PE
    Total System Jitter     (TSJ):    0.050ns
    Discrete Jitter          (DJ):    0.080ns
    Phase Error              (PE):    0.097ns

    Location             Delay type                Incr(ns)  Path(ns)    Netlist Resource(s)
  -------------------------------------------------------------------    -------------------
                         (clock clkfbout_xlnx_clk_gen fall edge)
                                                      4.000     4.000 f  
    K17                                               0.000     4.000 f  clk_sys (IN)
                         net (fo=0)                   0.000     4.000    i_xlnx_clk_gen/inst/clk_in1
    K17                  IBUF (Prop_ibuf_I_O)         1.475     5.475 f  i_xlnx_clk_gen/inst/clkin1_ibufg/O
                         net (fo=1, routed)           1.285     6.760    i_xlnx_clk_gen/inst/clk_in1_xlnx_clk_gen
  -------------------------------------------------------------------    -------------------
    MMCME2_ADV_X1Y2      MMCME2_ADV (Prop_mmcme2_adv_CLKIN1_CLKFBOUT)
                                                     -7.759    -0.999 f  i_xlnx_clk_gen/inst/mmcm_adv_inst/CLKFBOUT
                         net (fo=1, routed)           2.206     1.207    i_xlnx_clk_gen/inst/clkfbout_xlnx_clk_gen
    BUFGCTRL_X0Y17       BUFG (Prop_bufg_I_O)         0.101     1.308 f  i_xlnx_clk_gen/inst/clkf_buf/O
                         net (fo=1, routed)           1.980     3.288    i_xlnx_clk_gen/inst/clkfbout_buf_xlnx_clk_gen
    MMCME2_ADV_X1Y2      MMCME2_ADV                                   f  i_xlnx_clk_gen/inst/mmcm_adv_inst/CLKFBIN
  -------------------------------------------------------------------    -------------------





Min Delay Paths
--------------------------------------------------------------------------------------
Slack:                    inf
  Source:                 i_xlnx_clk_gen/inst/mmcm_adv_inst/CLKFBOUT
                            (clock source 'clkfbout_xlnx_clk_gen'  {rise@0.000ns fall@4.000ns period=8.000ns})
  Destination:            i_xlnx_clk_gen/inst/mmcm_adv_inst/CLKFBIN
  Path Group:             (none)
  Path Type:              Min at Slow Process Corner
  Data Path Delay:        3.873ns  (logic 0.091ns (2.349%)  route 3.782ns (97.651%))
  Logic Levels:           1  (BUFG=1)
  Clock Uncertainty:      0.144ns  ((TSJ^2 + DJ^2)^1/2) / 2 + PE
    Total System Jitter     (TSJ):    0.050ns
    Discrete Jitter          (DJ):    0.080ns
    Phase Error              (PE):    0.097ns

    Location             Delay type                Incr(ns)  Path(ns)    Netlist Resource(s)
  -------------------------------------------------------------------    -------------------
                         (clock clkfbout_xlnx_clk_gen rise edge)
                                                      0.000     0.000 r  
    K17                                               0.000     0.000 r  clk_sys (IN)
                         net (fo=0)                   0.000     0.000    i_xlnx_clk_gen/inst/clk_in1
    K17                  IBUF (Prop_ibuf_I_O)         1.404     1.404 r  i_xlnx_clk_gen/inst/clkin1_ibufg/O
                         net (fo=1, routed)           1.162     2.566    i_xlnx_clk_gen/inst/clk_in1_xlnx_clk_gen
  -------------------------------------------------------------------    -------------------
    MMCME2_ADV_X1Y2      MMCME2_ADV (Prop_mmcme2_adv_CLKIN1_CLKFBOUT)
                                                     -7.814    -5.248 r  i_xlnx_clk_gen/inst/mmcm_adv_inst/CLKFBOUT
                         net (fo=1, routed)           2.012    -3.236    i_xlnx_clk_gen/inst/clkfbout_xlnx_clk_gen
    BUFGCTRL_X0Y17       BUFG (Prop_bufg_I_O)         0.091    -3.145 r  i_xlnx_clk_gen/inst/clkf_buf/O
                         net (fo=1, routed)           1.770    -1.375    i_xlnx_clk_gen/inst/clkfbout_buf_xlnx_clk_gen
    MMCME2_ADV_X1Y2      MMCME2_ADV                                   r  i_xlnx_clk_gen/inst/mmcm_adv_inst/CLKFBIN
  -------------------------------------------------------------------    -------------------





--------------------------------------------------------------------------------------
Path Group:  (none)
From Clock:  
  To Clock:  clk_out1_xlnx_clk_gen

Max Delay           811 Endpoints
Min Delay           811 Endpoints
--------------------------------------------------------------------------------------


Max Delay Paths
--------------------------------------------------------------------------------------
Slack:                    inf
  Source:                 cpu_reset
                            (input port)
  Destination:            i_dm_axi2mem/ax_req_q_reg[addr][0]/CLR
                            (recovery check against rising-edge clock clk_out1_xlnx_clk_gen  {rise@0.000ns fall@10.000ns period=20.000ns})
  Path Group:             (none)
  Path Type:              Recovery (Max at Slow Process Corner)
  Data Path Delay:        11.290ns  (logic 1.569ns (13.898%)  route 9.721ns (86.102%))
  Logic Levels:           1  (IBUF=1)
  Clock Path Skew:        -1.523ns (DCD - SCD + CPR)
    Destination Clock Delay (DCD):    -1.523ns
    Source Clock Delay      (SCD):    0.000ns
    Clock Pessimism Removal (CPR):    0.000ns
  Clock Uncertainty:      0.172ns  ((TSJ^2 + DJ^2)^1/2) / 2 + PE
    Total System Jitter     (TSJ):    0.050ns
    Discrete Jitter          (DJ):    0.142ns
    Phase Error              (PE):    0.097ns

    Location             Delay type                Incr(ns)  Path(ns)    Netlist Resource(s)
  -------------------------------------------------------------------    -------------------
    Y16                                               0.000     0.000 f  cpu_reset (IN)
                         net (fo=0)                   0.000     0.000    cpu_reset
    Y16                  IBUF (Prop_ibuf_I_O)         1.569     1.569 f  cpu_reset_IBUF_inst/O
                         net (fo=775, routed)         9.721    11.290    i_dm_axi2mem/cpu_reset_IBUF
    SLICE_X91Y4          FDCE                                         f  i_dm_axi2mem/ax_req_q_reg[addr][0]/CLR
  -------------------------------------------------------------------    -------------------

                         (clock clk_out1_xlnx_clk_gen rise edge)
                                                      0.000     0.000 r  
    K17                                               0.000     0.000 r  clk_sys (IN)
                         net (fo=0)                   0.000     0.000    i_xlnx_clk_gen/inst/clk_in1
    K17                  IBUF (Prop_ibuf_I_O)         1.404     1.404 r  i_xlnx_clk_gen/inst/clkin1_ibufg/O
                         net (fo=1, routed)           1.162     2.566    i_xlnx_clk_gen/inst/clk_in1_xlnx_clk_gen
    MMCME2_ADV_X1Y2      MMCME2_ADV (Prop_mmcme2_adv_CLKIN1_CLKOUT0)
                                                     -7.814    -5.248 r  i_xlnx_clk_gen/inst/mmcm_adv_inst/CLKOUT0
                         net (fo=1, routed)           2.012    -3.236    i_xlnx_clk_gen/inst/clk_out1_xlnx_clk_gen
    BUFGCTRL_X0Y16       BUFG (Prop_bufg_I_O)         0.091    -3.145 r  i_xlnx_clk_gen/inst/clkout1_buf/O
                         net (fo=16470, routed)       1.622    -1.523    i_dm_axi2mem/clk_out1
    SLICE_X91Y4          FDCE                                         r  i_dm_axi2mem/ax_req_q_reg[addr][0]/C

Slack:                    inf
  Source:                 cpu_reset
                            (input port)
  Destination:            i_dm_axi2mem/ax_req_q_reg[len][4]/CLR
                            (recovery check against rising-edge clock clk_out1_xlnx_clk_gen  {rise@0.000ns fall@10.000ns period=20.000ns})
  Path Group:             (none)
  Path Type:              Recovery (Max at Slow Process Corner)
  Data Path Delay:        11.290ns  (logic 1.569ns (13.898%)  route 9.721ns (86.102%))
  Logic Levels:           1  (IBUF=1)
  Clock Path Skew:        -1.523ns (DCD - SCD + CPR)
    Destination Clock Delay (DCD):    -1.523ns
    Source Clock Delay      (SCD):    0.000ns
    Clock Pessimism Removal (CPR):    0.000ns
  Clock Uncertainty:      0.172ns  ((TSJ^2 + DJ^2)^1/2) / 2 + PE
    Total System Jitter     (TSJ):    0.050ns
    Discrete Jitter          (DJ):    0.142ns
    Phase Error              (PE):    0.097ns

    Location             Delay type                Incr(ns)  Path(ns)    Netlist Resource(s)
  -------------------------------------------------------------------    -------------------
    Y16                                               0.000     0.000 f  cpu_reset (IN)
                         net (fo=0)                   0.000     0.000    cpu_reset
    Y16                  IBUF (Prop_ibuf_I_O)         1.569     1.569 f  cpu_reset_IBUF_inst/O
                         net (fo=775, routed)         9.721    11.290    i_dm_axi2mem/cpu_reset_IBUF
    SLICE_X91Y4          FDCE                                         f  i_dm_axi2mem/ax_req_q_reg[len][4]/CLR
  -------------------------------------------------------------------    -------------------

                         (clock clk_out1_xlnx_clk_gen rise edge)
                                                      0.000     0.000 r  
    K17                                               0.000     0.000 r  clk_sys (IN)
                         net (fo=0)                   0.000     0.000    i_xlnx_clk_gen/inst/clk_in1
    K17                  IBUF (Prop_ibuf_I_O)         1.404     1.404 r  i_xlnx_clk_gen/inst/clkin1_ibufg/O
                         net (fo=1, routed)           1.162     2.566    i_xlnx_clk_gen/inst/clk_in1_xlnx_clk_gen
    MMCME2_ADV_X1Y2      MMCME2_ADV (Prop_mmcme2_adv_CLKIN1_CLKOUT0)
                                                     -7.814    -5.248 r  i_xlnx_clk_gen/inst/mmcm_adv_inst/CLKOUT0
                         net (fo=1, routed)           2.012    -3.236    i_xlnx_clk_gen/inst/clk_out1_xlnx_clk_gen
    BUFGCTRL_X0Y16       BUFG (Prop_bufg_I_O)         0.091    -3.145 r  i_xlnx_clk_gen/inst/clkout1_buf/O
                         net (fo=16470, routed)       1.622    -1.523    i_dm_axi2mem/clk_out1
    SLICE_X91Y4          FDCE                                         r  i_dm_axi2mem/ax_req_q_reg[len][4]/C

Slack:                    inf
  Source:                 cpu_reset
                            (input port)
  Destination:            i_dm_axi2mem/ax_req_q_reg[len][5]/CLR
                            (recovery check against rising-edge clock clk_out1_xlnx_clk_gen  {rise@0.000ns fall@10.000ns period=20.000ns})
  Path Group:             (none)
  Path Type:              Recovery (Max at Slow Process Corner)
  Data Path Delay:        11.290ns  (logic 1.569ns (13.898%)  route 9.721ns (86.102%))
  Logic Levels:           1  (IBUF=1)
  Clock Path Skew:        -1.523ns (DCD - SCD + CPR)
    Destination Clock Delay (DCD):    -1.523ns
    Source Clock Delay      (SCD):    0.000ns
    Clock Pessimism Removal (CPR):    0.000ns
  Clock Uncertainty:      0.172ns  ((TSJ^2 + DJ^2)^1/2) / 2 + PE
    Total System Jitter     (TSJ):    0.050ns
    Discrete Jitter          (DJ):    0.142ns
    Phase Error              (PE):    0.097ns

    Location             Delay type                Incr(ns)  Path(ns)    Netlist Resource(s)
  -------------------------------------------------------------------    -------------------
    Y16                                               0.000     0.000 f  cpu_reset (IN)
                         net (fo=0)                   0.000     0.000    cpu_reset
    Y16                  IBUF (Prop_ibuf_I_O)         1.569     1.569 f  cpu_reset_IBUF_inst/O
                         net (fo=775, routed)         9.721    11.290    i_dm_axi2mem/cpu_reset_IBUF
    SLICE_X91Y4          FDCE                                         f  i_dm_axi2mem/ax_req_q_reg[len][5]/CLR
  -------------------------------------------------------------------    -------------------

                         (clock clk_out1_xlnx_clk_gen rise edge)
                                                      0.000     0.000 r  
    K17                                               0.000     0.000 r  clk_sys (IN)
                         net (fo=0)                   0.000     0.000    i_xlnx_clk_gen/inst/clk_in1
    K17                  IBUF (Prop_ibuf_I_O)         1.404     1.404 r  i_xlnx_clk_gen/inst/clkin1_ibufg/O
                         net (fo=1, routed)           1.162     2.566    i_xlnx_clk_gen/inst/clk_in1_xlnx_clk_gen
    MMCME2_ADV_X1Y2      MMCME2_ADV (Prop_mmcme2_adv_CLKIN1_CLKOUT0)
                                                     -7.814    -5.248 r  i_xlnx_clk_gen/inst/mmcm_adv_inst/CLKOUT0
                         net (fo=1, routed)           2.012    -3.236    i_xlnx_clk_gen/inst/clk_out1_xlnx_clk_gen
    BUFGCTRL_X0Y16       BUFG (Prop_bufg_I_O)         0.091    -3.145 r  i_xlnx_clk_gen/inst/clkout1_buf/O
                         net (fo=16470, routed)       1.622    -1.523    i_dm_axi2mem/clk_out1
    SLICE_X91Y4          FDCE                                         r  i_dm_axi2mem/ax_req_q_reg[len][5]/C

Slack:                    inf
  Source:                 cpu_reset
                            (input port)
  Destination:            i_dm_axi2mem/ax_req_q_reg[len][0]/CLR
                            (recovery check against rising-edge clock clk_out1_xlnx_clk_gen  {rise@0.000ns fall@10.000ns period=20.000ns})
  Path Group:             (none)
  Path Type:              Recovery (Max at Slow Process Corner)
  Data Path Delay:        11.236ns  (logic 1.569ns (13.965%)  route 9.667ns (86.035%))
  Logic Levels:           1  (IBUF=1)
  Clock Path Skew:        -1.523ns (DCD - SCD + CPR)
    Destination Clock Delay (DCD):    -1.523ns
    Source Clock Delay      (SCD):    0.000ns
    Clock Pessimism Removal (CPR):    0.000ns
  Clock Uncertainty:      0.172ns  ((TSJ^2 + DJ^2)^1/2) / 2 + PE
    Total System Jitter     (TSJ):    0.050ns
    Discrete Jitter          (DJ):    0.142ns
    Phase Error              (PE):    0.097ns

    Location             Delay type                Incr(ns)  Path(ns)    Netlist Resource(s)
  -------------------------------------------------------------------    -------------------
    Y16                                               0.000     0.000 f  cpu_reset (IN)
                         net (fo=0)                   0.000     0.000    cpu_reset
    Y16                  IBUF (Prop_ibuf_I_O)         1.569     1.569 f  cpu_reset_IBUF_inst/O
                         net (fo=775, routed)         9.667    11.236    i_dm_axi2mem/cpu_reset_IBUF
    SLICE_X92Y4          FDCE                                         f  i_dm_axi2mem/ax_req_q_reg[len][0]/CLR
  -------------------------------------------------------------------    -------------------

                         (clock clk_out1_xlnx_clk_gen rise edge)
                                                      0.000     0.000 r  
    K17                                               0.000     0.000 r  clk_sys (IN)
                         net (fo=0)                   0.000     0.000    i_xlnx_clk_gen/inst/clk_in1
    K17                  IBUF (Prop_ibuf_I_O)         1.404     1.404 r  i_xlnx_clk_gen/inst/clkin1_ibufg/O
                         net (fo=1, routed)           1.162     2.566    i_xlnx_clk_gen/inst/clk_in1_xlnx_clk_gen
    MMCME2_ADV_X1Y2      MMCME2_ADV (Prop_mmcme2_adv_CLKIN1_CLKOUT0)
                                                     -7.814    -5.248 r  i_xlnx_clk_gen/inst/mmcm_adv_inst/CLKOUT0
                         net (fo=1, routed)           2.012    -3.236    i_xlnx_clk_gen/inst/clk_out1_xlnx_clk_gen
    BUFGCTRL_X0Y16       BUFG (Prop_bufg_I_O)         0.091    -3.145 r  i_xlnx_clk_gen/inst/clkout1_buf/O
                         net (fo=16470, routed)       1.622    -1.523    i_dm_axi2mem/clk_out1
    SLICE_X92Y4          FDCE                                         r  i_dm_axi2mem/ax_req_q_reg[len][0]/C

Slack:                    inf
  Source:                 cpu_reset
                            (input port)
  Destination:            i_dm_axi2mem/ax_req_q_reg[len][1]/CLR
                            (recovery check against rising-edge clock clk_out1_xlnx_clk_gen  {rise@0.000ns fall@10.000ns period=20.000ns})
  Path Group:             (none)
  Path Type:              Recovery (Max at Slow Process Corner)
  Data Path Delay:        11.236ns  (logic 1.569ns (13.965%)  route 9.667ns (86.035%))
  Logic Levels:           1  (IBUF=1)
  Clock Path Skew:        -1.523ns (DCD - SCD + CPR)
    Destination Clock Delay (DCD):    -1.523ns
    Source Clock Delay      (SCD):    0.000ns
    Clock Pessimism Removal (CPR):    0.000ns
  Clock Uncertainty:      0.172ns  ((TSJ^2 + DJ^2)^1/2) / 2 + PE
    Total System Jitter     (TSJ):    0.050ns
    Discrete Jitter          (DJ):    0.142ns
    Phase Error              (PE):    0.097ns

    Location             Delay type                Incr(ns)  Path(ns)    Netlist Resource(s)
  -------------------------------------------------------------------    -------------------
    Y16                                               0.000     0.000 f  cpu_reset (IN)
                         net (fo=0)                   0.000     0.000    cpu_reset
    Y16                  IBUF (Prop_ibuf_I_O)         1.569     1.569 f  cpu_reset_IBUF_inst/O
                         net (fo=775, routed)         9.667    11.236    i_dm_axi2mem/cpu_reset_IBUF
    SLICE_X92Y4          FDCE                                         f  i_dm_axi2mem/ax_req_q_reg[len][1]/CLR
  -------------------------------------------------------------------    -------------------

                         (clock clk_out1_xlnx_clk_gen rise edge)
                                                      0.000     0.000 r  
    K17                                               0.000     0.000 r  clk_sys (IN)
                         net (fo=0)                   0.000     0.000    i_xlnx_clk_gen/inst/clk_in1
    K17                  IBUF (Prop_ibuf_I_O)         1.404     1.404 r  i_xlnx_clk_gen/inst/clkin1_ibufg/O
                         net (fo=1, routed)           1.162     2.566    i_xlnx_clk_gen/inst/clk_in1_xlnx_clk_gen
    MMCME2_ADV_X1Y2      MMCME2_ADV (Prop_mmcme2_adv_CLKIN1_CLKOUT0)
                                                     -7.814    -5.248 r  i_xlnx_clk_gen/inst/mmcm_adv_inst/CLKOUT0
                         net (fo=1, routed)           2.012    -3.236    i_xlnx_clk_gen/inst/clk_out1_xlnx_clk_gen
    BUFGCTRL_X0Y16       BUFG (Prop_bufg_I_O)         0.091    -3.145 r  i_xlnx_clk_gen/inst/clkout1_buf/O
                         net (fo=16470, routed)       1.622    -1.523    i_dm_axi2mem/clk_out1
    SLICE_X92Y4          FDCE                                         r  i_dm_axi2mem/ax_req_q_reg[len][1]/C

Slack:                    inf
  Source:                 cpu_reset
                            (input port)
  Destination:            i_dm_axi2mem/ax_req_q_reg[len][2]/CLR
                            (recovery check against rising-edge clock clk_out1_xlnx_clk_gen  {rise@0.000ns fall@10.000ns period=20.000ns})
  Path Group:             (none)
  Path Type:              Recovery (Max at Slow Process Corner)
  Data Path Delay:        11.236ns  (logic 1.569ns (13.965%)  route 9.667ns (86.035%))
  Logic Levels:           1  (IBUF=1)
  Clock Path Skew:        -1.523ns (DCD - SCD + CPR)
    Destination Clock Delay (DCD):    -1.523ns
    Source Clock Delay      (SCD):    0.000ns
    Clock Pessimism Removal (CPR):    0.000ns
  Clock Uncertainty:      0.172ns  ((TSJ^2 + DJ^2)^1/2) / 2 + PE
    Total System Jitter     (TSJ):    0.050ns
    Discrete Jitter          (DJ):    0.142ns
    Phase Error              (PE):    0.097ns

    Location             Delay type                Incr(ns)  Path(ns)    Netlist Resource(s)
  -------------------------------------------------------------------    -------------------
    Y16                                               0.000     0.000 f  cpu_reset (IN)
                         net (fo=0)                   0.000     0.000    cpu_reset
    Y16                  IBUF (Prop_ibuf_I_O)         1.569     1.569 f  cpu_reset_IBUF_inst/O
                         net (fo=775, routed)         9.667    11.236    i_dm_axi2mem/cpu_reset_IBUF
    SLICE_X92Y4          FDCE                                         f  i_dm_axi2mem/ax_req_q_reg[len][2]/CLR
  -------------------------------------------------------------------    -------------------

                         (clock clk_out1_xlnx_clk_gen rise edge)
                                                      0.000     0.000 r  
    K17                                               0.000     0.000 r  clk_sys (IN)
                         net (fo=0)                   0.000     0.000    i_xlnx_clk_gen/inst/clk_in1
    K17                  IBUF (Prop_ibuf_I_O)         1.404     1.404 r  i_xlnx_clk_gen/inst/clkin1_ibufg/O
                         net (fo=1, routed)           1.162     2.566    i_xlnx_clk_gen/inst/clk_in1_xlnx_clk_gen
    MMCME2_ADV_X1Y2      MMCME2_ADV (Prop_mmcme2_adv_CLKIN1_CLKOUT0)
                                                     -7.814    -5.248 r  i_xlnx_clk_gen/inst/mmcm_adv_inst/CLKOUT0
                         net (fo=1, routed)           2.012    -3.236    i_xlnx_clk_gen/inst/clk_out1_xlnx_clk_gen
    BUFGCTRL_X0Y16       BUFG (Prop_bufg_I_O)         0.091    -3.145 r  i_xlnx_clk_gen/inst/clkout1_buf/O
                         net (fo=16470, routed)       1.622    -1.523    i_dm_axi2mem/clk_out1
    SLICE_X92Y4          FDCE                                         r  i_dm_axi2mem/ax_req_q_reg[len][2]/C

Slack:                    inf
  Source:                 cpu_reset
                            (input port)
  Destination:            i_dm_axi2mem/ax_req_q_reg[len][3]/CLR
                            (recovery check against rising-edge clock clk_out1_xlnx_clk_gen  {rise@0.000ns fall@10.000ns period=20.000ns})
  Path Group:             (none)
  Path Type:              Recovery (Max at Slow Process Corner)
  Data Path Delay:        11.236ns  (logic 1.569ns (13.965%)  route 9.667ns (86.035%))
  Logic Levels:           1  (IBUF=1)
  Clock Path Skew:        -1.523ns (DCD - SCD + CPR)
    Destination Clock Delay (DCD):    -1.523ns
    Source Clock Delay      (SCD):    0.000ns
    Clock Pessimism Removal (CPR):    0.000ns
  Clock Uncertainty:      0.172ns  ((TSJ^2 + DJ^2)^1/2) / 2 + PE
    Total System Jitter     (TSJ):    0.050ns
    Discrete Jitter          (DJ):    0.142ns
    Phase Error              (PE):    0.097ns

    Location             Delay type                Incr(ns)  Path(ns)    Netlist Resource(s)
  -------------------------------------------------------------------    -------------------
    Y16                                               0.000     0.000 f  cpu_reset (IN)
                         net (fo=0)                   0.000     0.000    cpu_reset
    Y16                  IBUF (Prop_ibuf_I_O)         1.569     1.569 f  cpu_reset_IBUF_inst/O
                         net (fo=775, routed)         9.667    11.236    i_dm_axi2mem/cpu_reset_IBUF
    SLICE_X92Y4          FDCE                                         f  i_dm_axi2mem/ax_req_q_reg[len][3]/CLR
  -------------------------------------------------------------------    -------------------

                         (clock clk_out1_xlnx_clk_gen rise edge)
                                                      0.000     0.000 r  
    K17                                               0.000     0.000 r  clk_sys (IN)
                         net (fo=0)                   0.000     0.000    i_xlnx_clk_gen/inst/clk_in1
    K17                  IBUF (Prop_ibuf_I_O)         1.404     1.404 r  i_xlnx_clk_gen/inst/clkin1_ibufg/O
                         net (fo=1, routed)           1.162     2.566    i_xlnx_clk_gen/inst/clk_in1_xlnx_clk_gen
    MMCME2_ADV_X1Y2      MMCME2_ADV (Prop_mmcme2_adv_CLKIN1_CLKOUT0)
                                                     -7.814    -5.248 r  i_xlnx_clk_gen/inst/mmcm_adv_inst/CLKOUT0
                         net (fo=1, routed)           2.012    -3.236    i_xlnx_clk_gen/inst/clk_out1_xlnx_clk_gen
    BUFGCTRL_X0Y16       BUFG (Prop_bufg_I_O)         0.091    -3.145 r  i_xlnx_clk_gen/inst/clkout1_buf/O
                         net (fo=16470, routed)       1.622    -1.523    i_dm_axi2mem/clk_out1
    SLICE_X92Y4          FDCE                                         r  i_dm_axi2mem/ax_req_q_reg[len][3]/C

Slack:                    inf
  Source:                 cpu_reset
                            (input port)
  Destination:            i_dm_axi2mem/ax_req_q_reg[addr][1]/CLR
                            (recovery check against rising-edge clock clk_out1_xlnx_clk_gen  {rise@0.000ns fall@10.000ns period=20.000ns})
  Path Group:             (none)
  Path Type:              Recovery (Max at Slow Process Corner)
  Data Path Delay:        11.152ns  (logic 1.569ns (14.071%)  route 9.583ns (85.929%))
  Logic Levels:           1  (IBUF=1)
  Clock Path Skew:        -1.523ns (DCD - SCD + CPR)
    Destination Clock Delay (DCD):    -1.523ns
    Source Clock Delay      (SCD):    0.000ns
    Clock Pessimism Removal (CPR):    0.000ns
  Clock Uncertainty:      0.172ns  ((TSJ^2 + DJ^2)^1/2) / 2 + PE
    Total System Jitter     (TSJ):    0.050ns
    Discrete Jitter          (DJ):    0.142ns
    Phase Error              (PE):    0.097ns

    Location             Delay type                Incr(ns)  Path(ns)    Netlist Resource(s)
  -------------------------------------------------------------------    -------------------
    Y16                                               0.000     0.000 f  cpu_reset (IN)
                         net (fo=0)                   0.000     0.000    cpu_reset
    Y16                  IBUF (Prop_ibuf_I_O)         1.569     1.569 f  cpu_reset_IBUF_inst/O
                         net (fo=775, routed)         9.583    11.152    i_dm_axi2mem/cpu_reset_IBUF
    SLICE_X91Y3          FDCE                                         f  i_dm_axi2mem/ax_req_q_reg[addr][1]/CLR
  -------------------------------------------------------------------    -------------------

                         (clock clk_out1_xlnx_clk_gen rise edge)
                                                      0.000     0.000 r  
    K17                                               0.000     0.000 r  clk_sys (IN)
                         net (fo=0)                   0.000     0.000    i_xlnx_clk_gen/inst/clk_in1
    K17                  IBUF (Prop_ibuf_I_O)         1.404     1.404 r  i_xlnx_clk_gen/inst/clkin1_ibufg/O
                         net (fo=1, routed)           1.162     2.566    i_xlnx_clk_gen/inst/clk_in1_xlnx_clk_gen
    MMCME2_ADV_X1Y2      MMCME2_ADV (Prop_mmcme2_adv_CLKIN1_CLKOUT0)
                                                     -7.814    -5.248 r  i_xlnx_clk_gen/inst/mmcm_adv_inst/CLKOUT0
                         net (fo=1, routed)           2.012    -3.236    i_xlnx_clk_gen/inst/clk_out1_xlnx_clk_gen
    BUFGCTRL_X0Y16       BUFG (Prop_bufg_I_O)         0.091    -3.145 r  i_xlnx_clk_gen/inst/clkout1_buf/O
                         net (fo=16470, routed)       1.622    -1.523    i_dm_axi2mem/clk_out1
    SLICE_X91Y3          FDCE                                         r  i_dm_axi2mem/ax_req_q_reg[addr][1]/C

Slack:                    inf
  Source:                 cpu_reset
                            (input port)
  Destination:            i_dm_axi2mem/ax_req_q_reg[len][6]/CLR
                            (recovery check against rising-edge clock clk_out1_xlnx_clk_gen  {rise@0.000ns fall@10.000ns period=20.000ns})
  Path Group:             (none)
  Path Type:              Recovery (Max at Slow Process Corner)
  Data Path Delay:        11.095ns  (logic 1.569ns (14.142%)  route 9.526ns (85.858%))
  Logic Levels:           1  (IBUF=1)
  Clock Path Skew:        -1.523ns (DCD - SCD + CPR)
    Destination Clock Delay (DCD):    -1.523ns
    Source Clock Delay      (SCD):    0.000ns
    Clock Pessimism Removal (CPR):    0.000ns
  Clock Uncertainty:      0.172ns  ((TSJ^2 + DJ^2)^1/2) / 2 + PE
    Total System Jitter     (TSJ):    0.050ns
    Discrete Jitter          (DJ):    0.142ns
    Phase Error              (PE):    0.097ns

    Location             Delay type                Incr(ns)  Path(ns)    Netlist Resource(s)
  -------------------------------------------------------------------    -------------------
    Y16                                               0.000     0.000 f  cpu_reset (IN)
                         net (fo=0)                   0.000     0.000    cpu_reset
    Y16                  IBUF (Prop_ibuf_I_O)         1.569     1.569 f  cpu_reset_IBUF_inst/O
                         net (fo=775, routed)         9.526    11.095    i_dm_axi2mem/cpu_reset_IBUF
    SLICE_X92Y3          FDCE                                         f  i_dm_axi2mem/ax_req_q_reg[len][6]/CLR
  -------------------------------------------------------------------    -------------------

                         (clock clk_out1_xlnx_clk_gen rise edge)
                                                      0.000     0.000 r  
    K17                                               0.000     0.000 r  clk_sys (IN)
                         net (fo=0)                   0.000     0.000    i_xlnx_clk_gen/inst/clk_in1
    K17                  IBUF (Prop_ibuf_I_O)         1.404     1.404 r  i_xlnx_clk_gen/inst/clkin1_ibufg/O
                         net (fo=1, routed)           1.162     2.566    i_xlnx_clk_gen/inst/clk_in1_xlnx_clk_gen
    MMCME2_ADV_X1Y2      MMCME2_ADV (Prop_mmcme2_adv_CLKIN1_CLKOUT0)
                                                     -7.814    -5.248 r  i_xlnx_clk_gen/inst/mmcm_adv_inst/CLKOUT0
                         net (fo=1, routed)           2.012    -3.236    i_xlnx_clk_gen/inst/clk_out1_xlnx_clk_gen
    BUFGCTRL_X0Y16       BUFG (Prop_bufg_I_O)         0.091    -3.145 r  i_xlnx_clk_gen/inst/clkout1_buf/O
                         net (fo=16470, routed)       1.622    -1.523    i_dm_axi2mem/clk_out1
    SLICE_X92Y3          FDCE                                         r  i_dm_axi2mem/ax_req_q_reg[len][6]/C

Slack:                    inf
  Source:                 cpu_reset
                            (input port)
  Destination:            i_dm_axi2mem/ax_req_q_reg[len][7]/CLR
                            (recovery check against rising-edge clock clk_out1_xlnx_clk_gen  {rise@0.000ns fall@10.000ns period=20.000ns})
  Path Group:             (none)
  Path Type:              Recovery (Max at Slow Process Corner)
  Data Path Delay:        11.095ns  (logic 1.569ns (14.142%)  route 9.526ns (85.858%))
  Logic Levels:           1  (IBUF=1)
  Clock Path Skew:        -1.523ns (DCD - SCD + CPR)
    Destination Clock Delay (DCD):    -1.523ns
    Source Clock Delay      (SCD):    0.000ns
    Clock Pessimism Removal (CPR):    0.000ns
  Clock Uncertainty:      0.172ns  ((TSJ^2 + DJ^2)^1/2) / 2 + PE
    Total System Jitter     (TSJ):    0.050ns
    Discrete Jitter          (DJ):    0.142ns
    Phase Error              (PE):    0.097ns

    Location             Delay type                Incr(ns)  Path(ns)    Netlist Resource(s)
  -------------------------------------------------------------------    -------------------
    Y16                                               0.000     0.000 f  cpu_reset (IN)
                         net (fo=0)                   0.000     0.000    cpu_reset
    Y16                  IBUF (Prop_ibuf_I_O)         1.569     1.569 f  cpu_reset_IBUF_inst/O
                         net (fo=775, routed)         9.526    11.095    i_dm_axi2mem/cpu_reset_IBUF
    SLICE_X92Y3          FDCE                                         f  i_dm_axi2mem/ax_req_q_reg[len][7]/CLR
  -------------------------------------------------------------------    -------------------

                         (clock clk_out1_xlnx_clk_gen rise edge)
                                                      0.000     0.000 r  
    K17                                               0.000     0.000 r  clk_sys (IN)
                         net (fo=0)                   0.000     0.000    i_xlnx_clk_gen/inst/clk_in1
    K17                  IBUF (Prop_ibuf_I_O)         1.404     1.404 r  i_xlnx_clk_gen/inst/clkin1_ibufg/O
                         net (fo=1, routed)           1.162     2.566    i_xlnx_clk_gen/inst/clk_in1_xlnx_clk_gen
    MMCME2_ADV_X1Y2      MMCME2_ADV (Prop_mmcme2_adv_CLKIN1_CLKOUT0)
                                                     -7.814    -5.248 r  i_xlnx_clk_gen/inst/mmcm_adv_inst/CLKOUT0
                         net (fo=1, routed)           2.012    -3.236    i_xlnx_clk_gen/inst/clk_out1_xlnx_clk_gen
    BUFGCTRL_X0Y16       BUFG (Prop_bufg_I_O)         0.091    -3.145 r  i_xlnx_clk_gen/inst/clkout1_buf/O
                         net (fo=16470, routed)       1.622    -1.523    i_dm_axi2mem/clk_out1
    SLICE_X92Y3          FDCE                                         r  i_dm_axi2mem/ax_req_q_reg[len][7]/C





Min Delay Paths
--------------------------------------------------------------------------------------
Slack:                    inf
  Source:                 i_ariane/i_cva6/ex_stage_i/lsu_i/i_load_unit/result_o_reg[3]/G
                            (positive level-sensitive latch)
  Destination:            i_ariane/i_cva6/ex_stage_i/lsu_i/i_pipe_reg_load/gen_register.d_o_reg[68]/D
                            (rising edge-triggered cell FDCE clocked by clk_out1_xlnx_clk_gen  {rise@0.000ns fall@10.000ns period=20.000ns})
  Path Group:             (none)
  Path Type:              Hold (Min at Fast Process Corner)
  Data Path Delay:        0.270ns  (logic 0.158ns (58.555%)  route 0.112ns (41.445%))
  Logic Levels:           1  (LDCE=1)
  Clock Uncertainty:      0.172ns  ((TSJ^2 + DJ^2)^1/2) / 2 + PE
    Total System Jitter     (TSJ):    0.050ns
    Discrete Jitter          (DJ):    0.142ns
    Phase Error              (PE):    0.097ns

    Location             Delay type                Incr(ns)  Path(ns)    Netlist Resource(s)
  -------------------------------------------------------------------    -------------------
    SLICE_X56Y48         LDCE                         0.000     0.000 r  i_ariane/i_cva6/ex_stage_i/lsu_i/i_load_unit/result_o_reg[3]/G
    SLICE_X56Y48         LDCE (EnToQ_ldce_G_Q)        0.158     0.158 r  i_ariane/i_cva6/ex_stage_i/lsu_i/i_load_unit/result_o_reg[3]/Q
                         net (fo=1, routed)           0.112     0.270    i_ariane/i_cva6/ex_stage_i/lsu_i/i_pipe_reg_load/D[40]
    SLICE_X57Y49         FDCE                                         r  i_ariane/i_cva6/ex_stage_i/lsu_i/i_pipe_reg_load/gen_register.d_o_reg[68]/D
  -------------------------------------------------------------------    -------------------

                         (clock clk_out1_xlnx_clk_gen rise edge)
                                                      0.000     0.000 r  
    K17                                               0.000     0.000 r  clk_sys (IN)
                         net (fo=0)                   0.000     0.000    i_xlnx_clk_gen/inst/clk_in1
    K17                  IBUF (Prop_ibuf_I_O)         0.431     0.431 r  i_xlnx_clk_gen/inst/clkin1_ibufg/O
                         net (fo=1, routed)           0.480     0.911    i_xlnx_clk_gen/inst/clk_in1_xlnx_clk_gen
    MMCME2_ADV_X1Y2      MMCME2_ADV (Prop_mmcme2_adv_CLKIN1_CLKOUT0)
                                                     -3.407    -2.496 r  i_xlnx_clk_gen/inst/mmcm_adv_inst/CLKOUT0
                         net (fo=1, routed)           0.752    -1.744    i_xlnx_clk_gen/inst/clk_out1_xlnx_clk_gen
    BUFGCTRL_X0Y16       BUFG (Prop_bufg_I_O)         0.029    -1.715 r  i_xlnx_clk_gen/inst/clkout1_buf/O
                         net (fo=16470, routed)       0.853    -0.862    i_ariane/i_cva6/ex_stage_i/lsu_i/i_pipe_reg_load/clk_out1
    SLICE_X57Y49         FDCE                                         r  i_ariane/i_cva6/ex_stage_i/lsu_i/i_pipe_reg_load/gen_register.d_o_reg[68]/C

Slack:                    inf
  Source:                 i_ariane/i_cva6/ex_stage_i/lsu_i/i_load_unit/result_o_reg[0]/G
                            (positive level-sensitive latch)
  Destination:            i_ariane/i_cva6/ex_stage_i/lsu_i/i_pipe_reg_load/gen_register.d_o_reg[65]/D
                            (rising edge-triggered cell FDCE clocked by clk_out1_xlnx_clk_gen  {rise@0.000ns fall@10.000ns period=20.000ns})
  Path Group:             (none)
  Path Type:              Hold (Min at Fast Process Corner)
  Data Path Delay:        0.290ns  (logic 0.178ns (61.378%)  route 0.112ns (38.622%))
  Logic Levels:           1  (LDCE=1)
  Clock Uncertainty:      0.172ns  ((TSJ^2 + DJ^2)^1/2) / 2 + PE
    Total System Jitter     (TSJ):    0.050ns
    Discrete Jitter          (DJ):    0.142ns
    Phase Error              (PE):    0.097ns

    Location             Delay type                Incr(ns)  Path(ns)    Netlist Resource(s)
  -------------------------------------------------------------------    -------------------
    SLICE_X58Y46         LDCE                         0.000     0.000 r  i_ariane/i_cva6/ex_stage_i/lsu_i/i_load_unit/result_o_reg[0]/G
    SLICE_X58Y46         LDCE (EnToQ_ldce_G_Q)        0.178     0.178 r  i_ariane/i_cva6/ex_stage_i/lsu_i/i_load_unit/result_o_reg[0]/Q
                         net (fo=1, routed)           0.112     0.290    i_ariane/i_cva6/ex_stage_i/lsu_i/i_pipe_reg_load/D[37]
    SLICE_X59Y47         FDCE                                         r  i_ariane/i_cva6/ex_stage_i/lsu_i/i_pipe_reg_load/gen_register.d_o_reg[65]/D
  -------------------------------------------------------------------    -------------------

                         (clock clk_out1_xlnx_clk_gen rise edge)
                                                      0.000     0.000 r  
    K17                                               0.000     0.000 r  clk_sys (IN)
                         net (fo=0)                   0.000     0.000    i_xlnx_clk_gen/inst/clk_in1
    K17                  IBUF (Prop_ibuf_I_O)         0.431     0.431 r  i_xlnx_clk_gen/inst/clkin1_ibufg/O
                         net (fo=1, routed)           0.480     0.911    i_xlnx_clk_gen/inst/clk_in1_xlnx_clk_gen
    MMCME2_ADV_X1Y2      MMCME2_ADV (Prop_mmcme2_adv_CLKIN1_CLKOUT0)
                                                     -3.407    -2.496 r  i_xlnx_clk_gen/inst/mmcm_adv_inst/CLKOUT0
                         net (fo=1, routed)           0.752    -1.744    i_xlnx_clk_gen/inst/clk_out1_xlnx_clk_gen
    BUFGCTRL_X0Y16       BUFG (Prop_bufg_I_O)         0.029    -1.715 r  i_xlnx_clk_gen/inst/clkout1_buf/O
                         net (fo=16470, routed)       0.853    -0.862    i_ariane/i_cva6/ex_stage_i/lsu_i/i_pipe_reg_load/clk_out1
    SLICE_X59Y47         FDCE                                         r  i_ariane/i_cva6/ex_stage_i/lsu_i/i_pipe_reg_load/gen_register.d_o_reg[65]/C

Slack:                    inf
  Source:                 i_ariane/i_cva6/ex_stage_i/lsu_i/i_load_unit/result_o_reg[23]/G
                            (positive level-sensitive latch)
  Destination:            i_ariane/i_cva6/ex_stage_i/lsu_i/i_pipe_reg_load/gen_register.d_o_reg[88]/D
                            (rising edge-triggered cell FDCE clocked by clk_out1_xlnx_clk_gen  {rise@0.000ns fall@10.000ns period=20.000ns})
  Path Group:             (none)
  Path Type:              Hold (Min at Fast Process Corner)
  Data Path Delay:        0.295ns  (logic 0.178ns (60.244%)  route 0.117ns (39.756%))
  Logic Levels:           1  (LDCE=1)
  Clock Uncertainty:      0.172ns  ((TSJ^2 + DJ^2)^1/2) / 2 + PE
    Total System Jitter     (TSJ):    0.050ns
    Discrete Jitter          (DJ):    0.142ns
    Phase Error              (PE):    0.097ns

    Location             Delay type                Incr(ns)  Path(ns)    Netlist Resource(s)
  -------------------------------------------------------------------    -------------------
    SLICE_X62Y48         LDCE                         0.000     0.000 r  i_ariane/i_cva6/ex_stage_i/lsu_i/i_load_unit/result_o_reg[23]/G
    SLICE_X62Y48         LDCE (EnToQ_ldce_G_Q)        0.178     0.178 r  i_ariane/i_cva6/ex_stage_i/lsu_i/i_load_unit/result_o_reg[23]/Q
                         net (fo=1, routed)           0.117     0.295    i_ariane/i_cva6/ex_stage_i/lsu_i/i_pipe_reg_load/D[60]
    SLICE_X62Y50         FDCE                                         r  i_ariane/i_cva6/ex_stage_i/lsu_i/i_pipe_reg_load/gen_register.d_o_reg[88]/D
  -------------------------------------------------------------------    -------------------

                         (clock clk_out1_xlnx_clk_gen rise edge)
                                                      0.000     0.000 r  
    K17                                               0.000     0.000 r  clk_sys (IN)
                         net (fo=0)                   0.000     0.000    i_xlnx_clk_gen/inst/clk_in1
    K17                  IBUF (Prop_ibuf_I_O)         0.431     0.431 r  i_xlnx_clk_gen/inst/clkin1_ibufg/O
                         net (fo=1, routed)           0.480     0.911    i_xlnx_clk_gen/inst/clk_in1_xlnx_clk_gen
    MMCME2_ADV_X1Y2      MMCME2_ADV (Prop_mmcme2_adv_CLKIN1_CLKOUT0)
                                                     -3.407    -2.496 r  i_xlnx_clk_gen/inst/mmcm_adv_inst/CLKOUT0
                         net (fo=1, routed)           0.752    -1.744    i_xlnx_clk_gen/inst/clk_out1_xlnx_clk_gen
    BUFGCTRL_X0Y16       BUFG (Prop_bufg_I_O)         0.029    -1.715 r  i_xlnx_clk_gen/inst/clkout1_buf/O
                         net (fo=16470, routed)       0.849    -0.866    i_ariane/i_cva6/ex_stage_i/lsu_i/i_pipe_reg_load/clk_out1
    SLICE_X62Y50         FDCE                                         r  i_ariane/i_cva6/ex_stage_i/lsu_i/i_pipe_reg_load/gen_register.d_o_reg[88]/C

Slack:                    inf
  Source:                 i_ariane/i_cva6/ex_stage_i/lsu_i/i_load_unit/result_o_reg[12]/G
                            (positive level-sensitive latch)
  Destination:            i_ariane/i_cva6/ex_stage_i/lsu_i/i_pipe_reg_load/gen_register.d_o_reg[77]/D
                            (rising edge-triggered cell FDCE clocked by clk_out1_xlnx_clk_gen  {rise@0.000ns fall@10.000ns period=20.000ns})
  Path Group:             (none)
  Path Type:              Hold (Min at Fast Process Corner)
  Data Path Delay:        0.319ns  (logic 0.158ns (49.483%)  route 0.161ns (50.517%))
  Logic Levels:           1  (LDCE=1)
  Clock Uncertainty:      0.172ns  ((TSJ^2 + DJ^2)^1/2) / 2 + PE
    Total System Jitter     (TSJ):    0.050ns
    Discrete Jitter          (DJ):    0.142ns
    Phase Error              (PE):    0.097ns

    Location             Delay type                Incr(ns)  Path(ns)    Netlist Resource(s)
  -------------------------------------------------------------------    -------------------
    SLICE_X56Y48         LDCE                         0.000     0.000 r  i_ariane/i_cva6/ex_stage_i/lsu_i/i_load_unit/result_o_reg[12]/G
    SLICE_X56Y48         LDCE (EnToQ_ldce_G_Q)        0.158     0.158 r  i_ariane/i_cva6/ex_stage_i/lsu_i/i_load_unit/result_o_reg[12]/Q
                         net (fo=1, routed)           0.161     0.319    i_ariane/i_cva6/ex_stage_i/lsu_i/i_pipe_reg_load/D[49]
    SLICE_X58Y49         FDCE                                         r  i_ariane/i_cva6/ex_stage_i/lsu_i/i_pipe_reg_load/gen_register.d_o_reg[77]/D
  -------------------------------------------------------------------    -------------------

                         (clock clk_out1_xlnx_clk_gen rise edge)
                                                      0.000     0.000 r  
    K17                                               0.000     0.000 r  clk_sys (IN)
                         net (fo=0)                   0.000     0.000    i_xlnx_clk_gen/inst/clk_in1
    K17                  IBUF (Prop_ibuf_I_O)         0.431     0.431 r  i_xlnx_clk_gen/inst/clkin1_ibufg/O
                         net (fo=1, routed)           0.480     0.911    i_xlnx_clk_gen/inst/clk_in1_xlnx_clk_gen
    MMCME2_ADV_X1Y2      MMCME2_ADV (Prop_mmcme2_adv_CLKIN1_CLKOUT0)
                                                     -3.407    -2.496 r  i_xlnx_clk_gen/inst/mmcm_adv_inst/CLKOUT0
                         net (fo=1, routed)           0.752    -1.744    i_xlnx_clk_gen/inst/clk_out1_xlnx_clk_gen
    BUFGCTRL_X0Y16       BUFG (Prop_bufg_I_O)         0.029    -1.715 r  i_xlnx_clk_gen/inst/clkout1_buf/O
                         net (fo=16470, routed)       0.853    -0.862    i_ariane/i_cva6/ex_stage_i/lsu_i/i_pipe_reg_load/clk_out1
    SLICE_X58Y49         FDCE                                         r  i_ariane/i_cva6/ex_stage_i/lsu_i/i_pipe_reg_load/gen_register.d_o_reg[77]/C

Slack:                    inf
  Source:                 i_ariane/i_cva6/ex_stage_i/lsu_i/i_load_unit/result_o_reg[17]/G
                            (positive level-sensitive latch)
  Destination:            i_ariane/i_cva6/ex_stage_i/lsu_i/i_pipe_reg_load/gen_register.d_o_reg[82]/D
                            (rising edge-triggered cell FDCE clocked by clk_out1_xlnx_clk_gen  {rise@0.000ns fall@10.000ns period=20.000ns})
  Path Group:             (none)
  Path Type:              Hold (Min at Fast Process Corner)
  Data Path Delay:        0.326ns  (logic 0.158ns (48.509%)  route 0.168ns (51.491%))
  Logic Levels:           1  (LDCE=1)
  Clock Uncertainty:      0.172ns  ((TSJ^2 + DJ^2)^1/2) / 2 + PE
    Total System Jitter     (TSJ):    0.050ns
    Discrete Jitter          (DJ):    0.142ns
    Phase Error              (PE):    0.097ns

    Location             Delay type                Incr(ns)  Path(ns)    Netlist Resource(s)
  -------------------------------------------------------------------    -------------------
    SLICE_X60Y47         LDCE                         0.000     0.000 r  i_ariane/i_cva6/ex_stage_i/lsu_i/i_load_unit/result_o_reg[17]/G
    SLICE_X60Y47         LDCE (EnToQ_ldce_G_Q)        0.158     0.158 r  i_ariane/i_cva6/ex_stage_i/lsu_i/i_load_unit/result_o_reg[17]/Q
                         net (fo=1, routed)           0.168     0.326    i_ariane/i_cva6/ex_stage_i/lsu_i/i_pipe_reg_load/D[54]
    SLICE_X59Y47         FDCE                                         r  i_ariane/i_cva6/ex_stage_i/lsu_i/i_pipe_reg_load/gen_register.d_o_reg[82]/D
  -------------------------------------------------------------------    -------------------

                         (clock clk_out1_xlnx_clk_gen rise edge)
                                                      0.000     0.000 r  
    K17                                               0.000     0.000 r  clk_sys (IN)
                         net (fo=0)                   0.000     0.000    i_xlnx_clk_gen/inst/clk_in1
    K17                  IBUF (Prop_ibuf_I_O)         0.431     0.431 r  i_xlnx_clk_gen/inst/clkin1_ibufg/O
                         net (fo=1, routed)           0.480     0.911    i_xlnx_clk_gen/inst/clk_in1_xlnx_clk_gen
    MMCME2_ADV_X1Y2      MMCME2_ADV (Prop_mmcme2_adv_CLKIN1_CLKOUT0)
                                                     -3.407    -2.496 r  i_xlnx_clk_gen/inst/mmcm_adv_inst/CLKOUT0
                         net (fo=1, routed)           0.752    -1.744    i_xlnx_clk_gen/inst/clk_out1_xlnx_clk_gen
    BUFGCTRL_X0Y16       BUFG (Prop_bufg_I_O)         0.029    -1.715 r  i_xlnx_clk_gen/inst/clkout1_buf/O
                         net (fo=16470, routed)       0.853    -0.862    i_ariane/i_cva6/ex_stage_i/lsu_i/i_pipe_reg_load/clk_out1
    SLICE_X59Y47         FDCE                                         r  i_ariane/i_cva6/ex_stage_i/lsu_i/i_pipe_reg_load/gen_register.d_o_reg[82]/C

Slack:                    inf
  Source:                 i_ariane/i_cva6/ex_stage_i/lsu_i/i_load_unit/result_o_reg[29]/G
                            (positive level-sensitive latch)
  Destination:            i_ariane/i_cva6/ex_stage_i/lsu_i/i_pipe_reg_load/gen_register.d_o_reg[94]/D
                            (rising edge-triggered cell FDCE clocked by clk_out1_xlnx_clk_gen  {rise@0.000ns fall@10.000ns period=20.000ns})
  Path Group:             (none)
  Path Type:              Hold (Min at Fast Process Corner)
  Data Path Delay:        0.330ns  (logic 0.158ns (47.896%)  route 0.172ns (52.104%))
  Logic Levels:           1  (LDCE=1)
  Clock Uncertainty:      0.172ns  ((TSJ^2 + DJ^2)^1/2) / 2 + PE
    Total System Jitter     (TSJ):    0.050ns
    Discrete Jitter          (DJ):    0.142ns
    Phase Error              (PE):    0.097ns

    Location             Delay type                Incr(ns)  Path(ns)    Netlist Resource(s)
  -------------------------------------------------------------------    -------------------
    SLICE_X60Y48         LDCE                         0.000     0.000 r  i_ariane/i_cva6/ex_stage_i/lsu_i/i_load_unit/result_o_reg[29]/G
    SLICE_X60Y48         LDCE (EnToQ_ldce_G_Q)        0.158     0.158 r  i_ariane/i_cva6/ex_stage_i/lsu_i/i_load_unit/result_o_reg[29]/Q
                         net (fo=1, routed)           0.172     0.330    i_ariane/i_cva6/ex_stage_i/lsu_i/i_pipe_reg_load/D[66]
    SLICE_X59Y48         FDCE                                         r  i_ariane/i_cva6/ex_stage_i/lsu_i/i_pipe_reg_load/gen_register.d_o_reg[94]/D
  -------------------------------------------------------------------    -------------------

                         (clock clk_out1_xlnx_clk_gen rise edge)
                                                      0.000     0.000 r  
    K17                                               0.000     0.000 r  clk_sys (IN)
                         net (fo=0)                   0.000     0.000    i_xlnx_clk_gen/inst/clk_in1
    K17                  IBUF (Prop_ibuf_I_O)         0.431     0.431 r  i_xlnx_clk_gen/inst/clkin1_ibufg/O
                         net (fo=1, routed)           0.480     0.911    i_xlnx_clk_gen/inst/clk_in1_xlnx_clk_gen
    MMCME2_ADV_X1Y2      MMCME2_ADV (Prop_mmcme2_adv_CLKIN1_CLKOUT0)
                                                     -3.407    -2.496 r  i_xlnx_clk_gen/inst/mmcm_adv_inst/CLKOUT0
                         net (fo=1, routed)           0.752    -1.744    i_xlnx_clk_gen/inst/clk_out1_xlnx_clk_gen
    BUFGCTRL_X0Y16       BUFG (Prop_bufg_I_O)         0.029    -1.715 r  i_xlnx_clk_gen/inst/clkout1_buf/O
                         net (fo=16470, routed)       0.853    -0.862    i_ariane/i_cva6/ex_stage_i/lsu_i/i_pipe_reg_load/clk_out1
    SLICE_X59Y48         FDCE                                         r  i_ariane/i_cva6/ex_stage_i/lsu_i/i_pipe_reg_load/gen_register.d_o_reg[94]/C

Slack:                    inf
  Source:                 i_ariane/i_cva6/ex_stage_i/lsu_i/i_load_unit/result_o_reg[8]/G
                            (positive level-sensitive latch)
  Destination:            i_ariane/i_cva6/ex_stage_i/lsu_i/i_pipe_reg_load/gen_register.d_o_reg[73]/D
                            (rising edge-triggered cell FDCE clocked by clk_out1_xlnx_clk_gen  {rise@0.000ns fall@10.000ns period=20.000ns})
  Path Group:             (none)
  Path Type:              Hold (Min at Fast Process Corner)
  Data Path Delay:        0.330ns  (logic 0.158ns (47.859%)  route 0.172ns (52.141%))
  Logic Levels:           1  (LDCE=1)
  Clock Uncertainty:      0.172ns  ((TSJ^2 + DJ^2)^1/2) / 2 + PE
    Total System Jitter     (TSJ):    0.050ns
    Discrete Jitter          (DJ):    0.142ns
    Phase Error              (PE):    0.097ns

    Location             Delay type                Incr(ns)  Path(ns)    Netlist Resource(s)
  -------------------------------------------------------------------    -------------------
    SLICE_X57Y46         LDCE                         0.000     0.000 r  i_ariane/i_cva6/ex_stage_i/lsu_i/i_load_unit/result_o_reg[8]/G
    SLICE_X57Y46         LDCE (EnToQ_ldce_G_Q)        0.158     0.158 r  i_ariane/i_cva6/ex_stage_i/lsu_i/i_load_unit/result_o_reg[8]/Q
                         net (fo=1, routed)           0.172     0.330    i_ariane/i_cva6/ex_stage_i/lsu_i/i_pipe_reg_load/D[45]
    SLICE_X57Y49         FDCE                                         r  i_ariane/i_cva6/ex_stage_i/lsu_i/i_pipe_reg_load/gen_register.d_o_reg[73]/D
  -------------------------------------------------------------------    -------------------

                         (clock clk_out1_xlnx_clk_gen rise edge)
                                                      0.000     0.000 r  
    K17                                               0.000     0.000 r  clk_sys (IN)
                         net (fo=0)                   0.000     0.000    i_xlnx_clk_gen/inst/clk_in1
    K17                  IBUF (Prop_ibuf_I_O)         0.431     0.431 r  i_xlnx_clk_gen/inst/clkin1_ibufg/O
                         net (fo=1, routed)           0.480     0.911    i_xlnx_clk_gen/inst/clk_in1_xlnx_clk_gen
    MMCME2_ADV_X1Y2      MMCME2_ADV (Prop_mmcme2_adv_CLKIN1_CLKOUT0)
                                                     -3.407    -2.496 r  i_xlnx_clk_gen/inst/mmcm_adv_inst/CLKOUT0
                         net (fo=1, routed)           0.752    -1.744    i_xlnx_clk_gen/inst/clk_out1_xlnx_clk_gen
    BUFGCTRL_X0Y16       BUFG (Prop_bufg_I_O)         0.029    -1.715 r  i_xlnx_clk_gen/inst/clkout1_buf/O
                         net (fo=16470, routed)       0.853    -0.862    i_ariane/i_cva6/ex_stage_i/lsu_i/i_pipe_reg_load/clk_out1
    SLICE_X57Y49         FDCE                                         r  i_ariane/i_cva6/ex_stage_i/lsu_i/i_pipe_reg_load/gen_register.d_o_reg[73]/C

Slack:                    inf
  Source:                 i_ariane/i_cva6/ex_stage_i/lsu_i/i_load_unit/result_o_reg[9]/G
                            (positive level-sensitive latch)
  Destination:            i_ariane/i_cva6/ex_stage_i/lsu_i/i_pipe_reg_load/gen_register.d_o_reg[74]/D
                            (rising edge-triggered cell FDCE clocked by clk_out1_xlnx_clk_gen  {rise@0.000ns fall@10.000ns period=20.000ns})
  Path Group:             (none)
  Path Type:              Hold (Min at Fast Process Corner)
  Data Path Delay:        0.331ns  (logic 0.158ns (47.802%)  route 0.173ns (52.198%))
  Logic Levels:           1  (LDCE=1)
  Clock Uncertainty:      0.172ns  ((TSJ^2 + DJ^2)^1/2) / 2 + PE
    Total System Jitter     (TSJ):    0.050ns
    Discrete Jitter          (DJ):    0.142ns
    Phase Error              (PE):    0.097ns

    Location             Delay type                Incr(ns)  Path(ns)    Netlist Resource(s)
  -------------------------------------------------------------------    -------------------
    SLICE_X57Y47         LDCE                         0.000     0.000 r  i_ariane/i_cva6/ex_stage_i/lsu_i/i_load_unit/result_o_reg[9]/G
    SLICE_X57Y47         LDCE (EnToQ_ldce_G_Q)        0.158     0.158 r  i_ariane/i_cva6/ex_stage_i/lsu_i/i_load_unit/result_o_reg[9]/Q
                         net (fo=1, routed)           0.173     0.331    i_ariane/i_cva6/ex_stage_i/lsu_i/i_pipe_reg_load/D[46]
    SLICE_X57Y50         FDCE                                         r  i_ariane/i_cva6/ex_stage_i/lsu_i/i_pipe_reg_load/gen_register.d_o_reg[74]/D
  -------------------------------------------------------------------    -------------------

                         (clock clk_out1_xlnx_clk_gen rise edge)
                                                      0.000     0.000 r  
    K17                                               0.000     0.000 r  clk_sys (IN)
                         net (fo=0)                   0.000     0.000    i_xlnx_clk_gen/inst/clk_in1
    K17                  IBUF (Prop_ibuf_I_O)         0.431     0.431 r  i_xlnx_clk_gen/inst/clkin1_ibufg/O
                         net (fo=1, routed)           0.480     0.911    i_xlnx_clk_gen/inst/clk_in1_xlnx_clk_gen
    MMCME2_ADV_X1Y2      MMCME2_ADV (Prop_mmcme2_adv_CLKIN1_CLKOUT0)
                                                     -3.407    -2.496 r  i_xlnx_clk_gen/inst/mmcm_adv_inst/CLKOUT0
                         net (fo=1, routed)           0.752    -1.744    i_xlnx_clk_gen/inst/clk_out1_xlnx_clk_gen
    BUFGCTRL_X0Y16       BUFG (Prop_bufg_I_O)         0.029    -1.715 r  i_xlnx_clk_gen/inst/clkout1_buf/O
                         net (fo=16470, routed)       0.848    -0.867    i_ariane/i_cva6/ex_stage_i/lsu_i/i_pipe_reg_load/clk_out1
    SLICE_X57Y50         FDCE                                         r  i_ariane/i_cva6/ex_stage_i/lsu_i/i_pipe_reg_load/gen_register.d_o_reg[74]/C

Slack:                    inf
  Source:                 i_ariane/i_cva6/ex_stage_i/lsu_i/i_load_unit/result_o_reg[28]/G
                            (positive level-sensitive latch)
  Destination:            i_ariane/i_cva6/ex_stage_i/lsu_i/i_pipe_reg_load/gen_register.d_o_reg[93]/D
                            (rising edge-triggered cell FDCE clocked by clk_out1_xlnx_clk_gen  {rise@0.000ns fall@10.000ns period=20.000ns})
  Path Group:             (none)
  Path Type:              Hold (Min at Fast Process Corner)
  Data Path Delay:        0.337ns  (logic 0.158ns (46.826%)  route 0.179ns (53.174%))
  Logic Levels:           1  (LDCE=1)
  Clock Uncertainty:      0.172ns  ((TSJ^2 + DJ^2)^1/2) / 2 + PE
    Total System Jitter     (TSJ):    0.050ns
    Discrete Jitter          (DJ):    0.142ns
    Phase Error              (PE):    0.097ns

    Location             Delay type                Incr(ns)  Path(ns)    Netlist Resource(s)
  -------------------------------------------------------------------    -------------------
    SLICE_X60Y48         LDCE                         0.000     0.000 r  i_ariane/i_cva6/ex_stage_i/lsu_i/i_load_unit/result_o_reg[28]/G
    SLICE_X60Y48         LDCE (EnToQ_ldce_G_Q)        0.158     0.158 r  i_ariane/i_cva6/ex_stage_i/lsu_i/i_load_unit/result_o_reg[28]/Q
                         net (fo=1, routed)           0.179     0.337    i_ariane/i_cva6/ex_stage_i/lsu_i/i_pipe_reg_load/D[65]
    SLICE_X60Y52         FDCE                                         r  i_ariane/i_cva6/ex_stage_i/lsu_i/i_pipe_reg_load/gen_register.d_o_reg[93]/D
  -------------------------------------------------------------------    -------------------

                         (clock clk_out1_xlnx_clk_gen rise edge)
                                                      0.000     0.000 r  
    K17                                               0.000     0.000 r  clk_sys (IN)
                         net (fo=0)                   0.000     0.000    i_xlnx_clk_gen/inst/clk_in1
    K17                  IBUF (Prop_ibuf_I_O)         0.431     0.431 r  i_xlnx_clk_gen/inst/clkin1_ibufg/O
                         net (fo=1, routed)           0.480     0.911    i_xlnx_clk_gen/inst/clk_in1_xlnx_clk_gen
    MMCME2_ADV_X1Y2      MMCME2_ADV (Prop_mmcme2_adv_CLKIN1_CLKOUT0)
                                                     -3.407    -2.496 r  i_xlnx_clk_gen/inst/mmcm_adv_inst/CLKOUT0
                         net (fo=1, routed)           0.752    -1.744    i_xlnx_clk_gen/inst/clk_out1_xlnx_clk_gen
    BUFGCTRL_X0Y16       BUFG (Prop_bufg_I_O)         0.029    -1.715 r  i_xlnx_clk_gen/inst/clkout1_buf/O
                         net (fo=16470, routed)       0.849    -0.866    i_ariane/i_cva6/ex_stage_i/lsu_i/i_pipe_reg_load/clk_out1
    SLICE_X60Y52         FDCE                                         r  i_ariane/i_cva6/ex_stage_i/lsu_i/i_pipe_reg_load/gen_register.d_o_reg[93]/C

Slack:                    inf
  Source:                 i_ariane/i_cva6/ex_stage_i/lsu_i/i_load_unit/result_o_reg[19]/G
                            (positive level-sensitive latch)
  Destination:            i_ariane/i_cva6/ex_stage_i/lsu_i/i_pipe_reg_load/gen_register.d_o_reg[84]/D
                            (rising edge-triggered cell FDCE clocked by clk_out1_xlnx_clk_gen  {rise@0.000ns fall@10.000ns period=20.000ns})
  Path Group:             (none)
  Path Type:              Hold (Min at Fast Process Corner)
  Data Path Delay:        0.338ns  (logic 0.158ns (46.806%)  route 0.180ns (53.194%))
  Logic Levels:           1  (LDCE=1)
  Clock Uncertainty:      0.172ns  ((TSJ^2 + DJ^2)^1/2) / 2 + PE
    Total System Jitter     (TSJ):    0.050ns
    Discrete Jitter          (DJ):    0.142ns
    Phase Error              (PE):    0.097ns

    Location             Delay type                Incr(ns)  Path(ns)    Netlist Resource(s)
  -------------------------------------------------------------------    -------------------
    SLICE_X60Y49         LDCE                         0.000     0.000 r  i_ariane/i_cva6/ex_stage_i/lsu_i/i_load_unit/result_o_reg[19]/G
    SLICE_X60Y49         LDCE (EnToQ_ldce_G_Q)        0.158     0.158 r  i_ariane/i_cva6/ex_stage_i/lsu_i/i_load_unit/result_o_reg[19]/Q
                         net (fo=1, routed)           0.180     0.338    i_ariane/i_cva6/ex_stage_i/lsu_i/i_pipe_reg_load/D[56]
    SLICE_X61Y51         FDCE                                         r  i_ariane/i_cva6/ex_stage_i/lsu_i/i_pipe_reg_load/gen_register.d_o_reg[84]/D
  -------------------------------------------------------------------    -------------------

                         (clock clk_out1_xlnx_clk_gen rise edge)
                                                      0.000     0.000 r  
    K17                                               0.000     0.000 r  clk_sys (IN)
                         net (fo=0)                   0.000     0.000    i_xlnx_clk_gen/inst/clk_in1
    K17                  IBUF (Prop_ibuf_I_O)         0.431     0.431 r  i_xlnx_clk_gen/inst/clkin1_ibufg/O
                         net (fo=1, routed)           0.480     0.911    i_xlnx_clk_gen/inst/clk_in1_xlnx_clk_gen
    MMCME2_ADV_X1Y2      MMCME2_ADV (Prop_mmcme2_adv_CLKIN1_CLKOUT0)
                                                     -3.407    -2.496 r  i_xlnx_clk_gen/inst/mmcm_adv_inst/CLKOUT0
                         net (fo=1, routed)           0.752    -1.744    i_xlnx_clk_gen/inst/clk_out1_xlnx_clk_gen
    BUFGCTRL_X0Y16       BUFG (Prop_bufg_I_O)         0.029    -1.715 r  i_xlnx_clk_gen/inst/clkout1_buf/O
                         net (fo=16470, routed)       0.849    -0.866    i_ariane/i_cva6/ex_stage_i/lsu_i/i_pipe_reg_load/clk_out1
    SLICE_X61Y51         FDCE                                         r  i_ariane/i_cva6/ex_stage_i/lsu_i/i_pipe_reg_load/gen_register.d_o_reg[84]/C





