:0200000480007A
:100000006F00402E6F00801D6F00C02C6F00802C91
:100010006F00402C6F00002C6F00C02B6F00802BF6
:100020006F00402B6F00002B6F00C02A6F00802AEA
:100030006F00402A6F00002A6F00C0296F008029DE
:100040006F0040296F0000296F00C0286F008028D2
:100050006F0040286F0000286F00C0276F008027C6
:100060006F0040276F0000276F00C0266F008026BA
:100070006F0040266F0000266F00C0256F00C0365D
:10008000971102009381C16317010300130181F7E7
:1000900017050000130505F713651500731055309B
:1000A0001385C1C717260200130686E13306A64052
:1000B00093050000EF3080191735000013058513F4
:1000C000EF20406EEF30000913050000930500009B
:1000D00013060000EF00C0006F20006E6780000074
:1000E000130101D993078100130710009306010142
:1000F0001306800193058001130500242326112691
:10010000232481262322912623202127232E3125D3
:10011000232C4125EF10502AF32920B0F32400B0FE
:10012000930671001306C1009305810013050101B8
:10013000EF00507213040500732A20B0732900B039
:100140008325810017F50000130585E5EF201030A9
:100150008325C10017F50000130585E5EF20102F5A
:100160009305040017F50000130585E5EF20102E18
:100170008345710017F50000130585E5EF20102D6C
:1001800033063A4197F50000938585E517F50000A1
:10019000130585E5EF20902B3306994097F5000075
:1001A000938505E417F500001305C5E5EF20102A37
:1001B0008320C12603248126832441260329012686
:1001C0008329C125032A8125130500001301012776
:1001D0006780000013050000678000001305000021
:1001E0006780000013050000678000001305000011
:1001F0006780000013050000678000001305000001
:1002000067800000130500006780000013050000F0
:1002100067800000130500006780000013050000E0
:1002200067800000130500006780000013050000D0
:1002300067800000130500006780000013050000C0
:1002400067800000130500006780000013050000B0
:1002500067800000130500006780000013050000A0
:100260006780000013050000678000001305000090
:100270006780000013050000678000001305000080
:100280006780000013050000678000001305000070
:100290006780000013050000678000001305000060
:1002A0006780000013050000678000001305000050
:1002B0006780000013050000678000001305000040
:1002C0006780000013050000678000001305000030
:1002D0006780000017F50000130595AFEF20902A06
:1002E0006FF05FFF130101FC232011002322A10006
:1002F0002324B1002326C1002328D100232AE100B2
:10030000232CF100232E010123201103232251026B
:1003100023246102232671022328C103232AD10347
:10032000232CE103232EF103F322203413032000B6
:10033000638862021303B000638862001303300015
:10034000638862006F00C002EF0000346F0040035A
:1003500017F50000130585A3EF20D0226F0040029F
:1003600017F500001305859DEF20D0216F00400197
:1003700017F500001305A5A3EF20D0206F00400261
:10038000F322103403830200130530003373A300FB
:100390006314A3009382220093822200739012348C
:1003A0008320010003254100832581000326C1002D
:1003B0008326010103274101832781010328C1010D
:1003C0008328010283224102032381028323C10285
:1003D000032E0103832E4103032F8103832FC103C7
:1003E0001301010473002030730020303305A04056
:1003F00023A4A1C81305F0FF6780000017F70000D1
:100400001307479F93075005B706001013071700FF
:1004100023A0F60083470700E39A07FE67800000E9
:100420009307800523A4F1C81305F0FF678000003F
:100430009307800523A4F1C81305F0FF678000002F
:100440009307800523A4F1C81305F0FF678000001F
:100450009307800523A4F1C81305F0FF678000000F
:100460009307800523A4F1C81305F0FF67800000FF
:100470001305F0FF678000009307C00023A4F1C8B4
:100480001305F0FF67800000B707048023A0A700D2
:10049000730050106F0000009307800523A4F1C87B
:1004A0001305F0FF678000009307B00023A4F1C894
:1004B0001305F0FF67800000B727000023A2F500B6
:1004C00013050000678000009307800523A4F1C88E
:1004D0001305F0FF678000009307800523A4F1C88F
:1004E0001305F0FF67800000930780FA23A4F1C88A
:1004F00013050000678000001305100067800000EE
:10050000930780FA23A4F1C81305F0FF6780000069
:100510001305F5FF13351500678000009307600190
:1005200023A4F1C81305F0FF678000009307F001D2
:1005300023A4F1C81305F0FF678000001305000035
:10054000678000009307800523A4F1C81305F0FF1E
:10055000678000001305F0FF6780000093078005A7
:1005600023A4F1C81305F0FF678000001305000005
:1005700067800000B727000023A2F50013050000E4
:10058000678000001305F0FF678000001305F0FF8F
:10059000678000009307200023A4F1C81305F0FF33
:1005A000678000009307800523A4F1C81305F0FFBE
:1005B000678000009307A00023A4F1C81305F0FF93
:1005C00067800000130101FF232021011389C1C7A7
:1005D0008327090023248100232291002326110070
:1005E0009384050013040600638A070213060400BF
:1005F00093850400170502001305453CEF00805366
:100600008320C100130504000324810083244100DA
:10061000032901001301010167800000B7C5010033
:1006200013063000938505201705020013050539D0
:10063000EF000043930710002320F9006FF01FFB29
:1006400023A6A1C613050000678000001387C1C65A
:10065000832707003385A7002320A700637C25009C
:10066000170703001307079A6376E5001385070051
:10067000678000009307C00023A4F1C89307F0FF30
:100680001385070067800000130101FF23229100FA
:1006900023261100930710089384050063C21709ED
:1006A0009307F00263D61703938808FD930710059C
:1006B00063E4170317E700001307077693982800F1
:1006C000B388E80083A70800B387E70067800700C6
:1006D000930710016380F80A1307500597E700009D
:1006E00093874771B70600109387170023A0E60091
:1006F00003C70700E31A07FE8320C10083244100DB
:1007000013010101678000008320C1009307800569
:1007100023A4F1C883244100130101016780000074
:100720009307F040E3CA17FB9307F03F63D6170324
:10073000938808C09307F000E3E017FB17F7000069
:100740001307078293982800B388E80083A708005E
:10075000B387E700678007009307C00AE38EF8F8C5
:1007600063C6170393079009E388F8F89307900A84
:10077000E394F8F6930780FA23A4F1C86FF0DFF74B
:10078000B727000023A2F4006FF01FF79307600D56
:10079000E394F8F423A6A1C66FF01FF69307F001C7
:1007A00023A4F1C86FF05FF59307200023A4F1C8DC
:1007B0006FF09FF4B707048023A0A70073005010C8
:1007C0006F0000009307600123A4F1C86FF0DFF20F
:1007D000232021011389C1C7832709002324810015
:1007E0001304060063860702130604000324810035
:1007F000032901008320C100938504008324410064
:10080000170502001305851B130101016F008032DB
:10081000B7C50100130630009385052017050200B7
:100820001305C519EF00C023930710002320F9001A
:100830006FF09FFB8327C50063880720832805018D
:10084000638408200328050003469500032745011B
:100850008346480133E6C600A304C50093F60602AA
:100860006382061EB386E840130600011383060068
:100870006374D60013030001638AE81C3386E70023
:10088000034E060093051700130610002300C8014D
:10089000232AB5006370D61A3386B700834E06004C
:1008A00013062700130E20002300D801232AC500B9
:1008B0006372DE183386C700834E060013063700C6
:1008C000130E30002300D801232AC5006374DE16FE
:1008D0003386C700834E060013064700130E400000
:1008E0002300D801232AC5006376DE143386C700AF
:1008F000834E060013065700130E50002300D80144
:10090000232AC5006378DE123386C700834E0600B3
:1009100013066700130E60002300D801232AC500C8
:10092000637ADE103386C700834E06001306770015
:10093000130E70002300D801232AC500637CDE0E4D
:100940003386C700834E060013068700130E80000F
:100950002300D801232AC500637EDE0C3386C7003E
:10096000834E060013069700130E90002300D80153
:10097000232AC5006370DE0C3386C700834E060051
:100980001306A700130EA0002300D801232AC500D8
:100990006372DE0A3386C700834E06001306B70073
:1009A000130EB0002300D801232AC5006374DE08AB
:1009B0003386C700834E06001306C700130EC0001F
:1009C0002300D801232AC5006376DE063386C700DC
:1009D000834E06001306D700130ED0002300D80163
:1009E000232AC5006378DE043386C700834E0600E1
:1009F0001306E700130EE0002300D801232AC500E8
:100A0000637ADE023386C700834E06001306F700C2
:100A1000130EF0002300D801232AC500637CDE00FA
:100A2000B387C70083C70700130707012300F80037
:100A3000232AE50013070000638406001307F3FF71
:100A40003307B7006384E8006780000083474800ED
:100A50002328050093F7D70F2302F80067800000D2
:100A6000130101FE232A910083240500232C810019
:100A70002328210123263101232E11002382040083
:100A800023840400930770FC2384F400238804006B
:100A90002322B500130405003785D71713890500F5
:100AA0009309060093060000138605001305054010
:100AB00093050000EF101006B70780006374F5027D
:100AC0009357F500130700F82386E40093F7F70F18
:100AD000135575002382F4001375F50F2380A400CD
:100AE000238604002386340123043401A304040074
:100AF00097070000938747D4232224018320C10154
:100B00002328040023260400232A0400232E0400A3
:100B1000232C0400232204022320F4020324810155
:100B200083244101032901018329C100130101022A
:100B300067800000130101FF23260100638A050876
:100B400063080608032505003388C5001307100352
:100B500083474501232601000326C10093F6F70FC2
:100B6000636CC7008327C100938717002326F10019
:100B70008327C100E378F7FE93F70602E38A07FCB8
:100B8000232601008327C100636CF7008327C1007F
:100B9000938717002326F1008327C100E378F7FE2F
:100BA00083C705002300F500232601008327C10029
:100BB000636CF7008327C100938717002326F10099
:100BC0008327C100E378F7FE93851500E39205F9CA
:100BD00013010101678000006384050403C605005A
:100BE0006300060403270500130101FF9386150027
:100BF0008347470193F7F70FA307F1008347F100FD
:100C000093F70702E38607FE2300C70003C606002A
:100C100093861600E31E06FC1301010167800000A5
:100C200067800000630C0602638A05020327050043
:100C300097060000938646C02326B50083474700E9
:100C40002328C500232A05002320D50293E7270087
:100C50002302F700F32740F1638407006780000058
:100C60003727000C97070200938747D58326070094
:100C70003305F5401335150093071000B397A7000F
:100C8000B3E7D7002320F700678000008327050023
:100C9000034795008326050183C7470133E7E70033
:100CA000A304E50093F7F70F6398060093D7670056
:100CB00013F517006780000013050000678000002F
:100CC0001307050063800506630E0604032805006C
:100CD0008346950083474801B3E6D700A304D500B7
:100CE00093F7170063800704130500006F0080006E
:100CF0006308A60283460800B387A5001305150004
:100D00002380D700032807008346970083474801C4
:100D1000B3E6D700A304D70093F71700E39A07FCC4
:100D2000678000001305000067800000F32740F192
:100D300063960702B726000C17070200130707C8BF
:100D400003A606003307E54013371700930710008A
:100D5000B397E700B3E7C70023A0F600B707010089
:100D60009387F7FF638CF5000327050093F5F500E3
:100D700083474700B3E7B7002302F700678000000E
:100D8000638E05029307000C63EAC7020327050080
:100D9000232EB5008347870093F7F703B3E7C70017
:100DA00093F7F70F2304F7008347470093E71700F3
:100DB0002302F700F32740F16384070067800000F7
:100DC0003727000C97070200938747BF8326070049
:100DD0003305F5401335150093071000B397A700AE
:100DE000B3E7D7002320F700678000006384050283
:100DF000032705002320B50223260500834747006B
:100E00002328050093E727002302F700F32740F18A
:100E100063840700678000003727000C97070200F3
:100E20009387C7B9832607003305F54013351500AE
:100E300093071000B397A700B3E7D7002320F7006C
:100E40006780000063800502032705002322B502A6
:100E50008347470093E787002302F700F32740F119
:100E600063840700678000003727000C97070200A3
:100E70009387C7B4832607003305F5401335150063
:100E800093071000B397A700B3E7D7002320F7001C
:100E90006780000063880512630606128327050039
:100EA0008346950003C74701B366D700A304D50066
:100EB00013770702630807101307000113050600E4
:100EC0006374C7001305000183C6050013071000F3
:100ED0002380D700637AC70E83C61500130720004E
:100EE0002380D7006372C70E83C625001307300026
:100EF0002380D700637AC70C83C6350013074000F0
:100F00002380D7006372C70C83C6450013075000C7
:100F10002380D700637AC70A83C655001307600091
:100F20002380D7006372C70A83C665001307700069
:100F30002380D700637AC70883C675001307800033
:100F40002380D7006372C70883C68500130790000B
:100F50002380D700637AC70683C695001307A000D5
:100F60002380D7006372C70683C6A5001307B000AD
:100F70002380D700637AC70483C6B5001307C00077
:100F80002380D7006372C70483C6C5001307D0004F
:100F90002380D700637AC70283C6D5001307E00019
:100FA0002380D7006372C70283C6E5001307F000F1
:100FB0002380D700637AC70003C7F5002380E700CA
:100FC000678000001305000067800000832705008C
:100FD0000347950083C74701A304050033E5E700F5
:100FE0001375E509678000008327050003C58701A5
:100FF00067800000032705008347950003474701EA
:10100000B367F700A304F5001375070667800000B7
:10101000032705008347C70093E707042306F7006B
:1010200067800000032705008347C70093F7F70B8D
:101030002306F700678000009306050093870500EC
:101040001307100013068001930580011305002487
:101050006F009036130101FF232481001304060062
:101060002322910013860600938405009305040053
:1010700023261100EF00000383A7040013050000DE
:1010800063C80700032504003305F5401335150038
:101090008320C10003248100832441001301010146
:1010A00067800000130101F8B7F8FFFF232C8106C9
:1010B000232A910623263107232E7105232A910521
:1010C000232E110623282107232441072322510719
:1010D00023206107232C81052328A1052326B105A0
:1010E0001304010813070000938808799309060088
:1010F000938B050013060000970C0200938C4C267E
:10110000938401EE930F650193070700138F080086
:10111000B300C500138900009398470093800F0027
:101120009306F0621387080063D416013387E80141
:10113000937639006384065A1307072497EA000060
:10114000938A0AEF17EA0000130A8AF2B383EC00CD
:10115000232EF4F8232C14F9232AC4F82328A4F806
:10116000232674F9232434F9232214F82320E4F9E4
:10117000030F0A0003470900830E1A008347190072
:10118000330FEF0203472903830D2A00034E290082
:1011900003033A00034D3900232EE4FA0307DA0073
:1011A00083084A00034C8901B38EFE028307BA000C
:1011B00003085A00834B9901232CF4FA834739031F
:1011C00003056A00034BA9012328E4FA03479904A5
:1011D000338ECD0383057A008349B90103068A0063
:1011E00083400903232AF4FA83069A00830FAA0096
:1011F0008307CA00834219033303A303834D890481
:101200002326E4FA03A70A00130A0A01938A4A0074
:10121000330FEF000307EAFFB38EEE01330EDE015A
:10122000B38888032324E4FA0347A9043303C301E2
:10123000030FFAFF2322E4FA0347B9042320E4FA58
:1012400033087803B38868000327C4FB33056503BC
:1012500033081801B385350333050501330616023B
:10126000B385A500B38656023306B600832544FB3A
:10127000B386C600032684FB3387EF023306B6022B
:101280003307D700832604FB3307E6000326C4FA9E
:10129000B387B703B386C602B387E700032644FAD1
:1012A000032784FAB386F600832704FA3307C702BC
:1012B000B307FF023307D700B387E70013C7F7FF71
:1012C0001357F741B3F7E70093D787401307F00FA1
:1012D0006354F7009307F00F2380F30097E70000B3
:1012E000938707D993831300E39457E98327C4F9BD
:1012F000832884F9032644F9032504F9832BC4F8D1
:10130000832984F8832044F8032F04F81309290063
:101310003387C00093880801E31427E1130606030E
:1013200013070021938F00009387B700E312E6DED6
:10133000B7F2FFFF130500001307000013080000B9
:1013400017EB0000130BCBE8930FF0629382027946
:10135000130F5000130AF00F930A800013060000C9
:1013600013030500930D070093050500930001008A
:10137000130101FA1307010097E70000938747DF85
:101380009306070083AE070003AE470083A88700DB
:1013900003A5C70023A0D60123A2C60123A41601DA
:1013A00023A6A6009387070193860601E39C67FDA9
:1013B0001309000097C6010093864677232C64FA30
:1013C0009307090093080800130C0706232AB4FBAF
:1013D000232804FB130306002326B4FA1305070091
:1013E00013890600B306130193964600930509007E
:1013F00013060000232E64FA1387060063D4DF006F
:10140000338756003387E400032307008323470014
:10141000032E8700832EC7002B600EEF13080500F4
:10142000938D0500130D050003270D0003AE0D007D
:1014300083AE4D0003A38D0083A3CD000B670EEF99
:101440002320ED00130D4D00938D0D19E31EACFD0F
:10145000130616009386060193850501E31EE6F93F
:10146000938717000323C4FB130909059388B80069
:10147000E39AE7F78325C4FA13060300130508006F
:10148000832D44FB032384FB032804FB13890700FB
:10149000B386BC00832705001305450013C7F7FF7B
:1014A0001357F741B3F7E70093D787406354FA0027
:1014B0009307F00F2380F61693861600E31CACFC0E
:1014C000130626009385850113810000E31056EB77
:1014D00013872D001308680113050306E310C7E8FE
:1014E000138E01F897E50000938585CE17E3000081
:1014F0001303C35397E30000938303F393080E0091
:10150000970202009382C201930F0018130FF00F8D
:1015100083A705001388020013050000130708FACB
:101520003306650083460700830E06001307170085
:1015300013061600B386D603B387D700E31407FF5C
:101540001305050613080706E31AF5FD13C7F7FF91
:101550001357F741B3F7E70093D787406354FF0071
:101560009307F00F2380F8009385450093881800B7
:1015700013030318E39EB3F8138A610117E7000011
:10158000130707ED97E60000938606EA930E07001F
:1015900013030A0093050A009308F00F83A70600BF
:1015A0001305070013060E0003480600030F05008D
:1015B00013061600130515003308E803B387070167
:1015C000E314C3FE93D7B74063D4F85A9307F00FE0
:1015D0002380F5009386460093851500130767095D
:1015E000E39ED6FB17E50000130545A3EF10006648
:1015F000138B010297EA0000938A4AA383050A002D
:1016000013850A00130A1A00EF104064E3186AFFFA
:101610001305A000EF10C06883866C3703877C3702
:101620009307100063C6E6001387060093070000C7
:1016300083868C37634ED7569306070003879C3703
:1016400063C4E656138706008386AC37634AD752D5
:10165000930607000387BC3763C6E60013870600BE
:10166000138907008387CC37634CF7529307070031
:101670000387DC3763C2E752138707008387EC37A1
:101680006348F750930707000387FC3763CEE74EA4
:10169000138707002380E90023A02B01130104F81E
:1016A0008320C107032481078324410703290107FD
:1016B0008329C106032A8106832A4106032B0106DA
:1016C000832BC105032C8105832C4105032D0105C6
:1016D000832DC10413010108678000000323090062
:1016E00083238901032E0903832E89042B600EEFC7
:1016F0009306000897E500009385859703A30500EE
:1017000083A3450003AE850083AEC5008B660EEF54
:1017100093C5F6FF93D5F541B3F6B60093D6864050
:101720001308F00FB385E4006354D8009306F00F5C
:101730002380D5009306000897E500009385459423
:1017400003A3050083A3450003AE850083AEC50057
:101750008B660EEF93C5F6FF93D5F541B3F6B60051
:1017600093D68640938511EE1308F00FB305B700AA
:101770006354D8009306F00F2380D5009306000829
:1017800097E500009385C59003A3050083A345005A
:1017900003AE850083AEC5008B660EEF93C5F6FFE2
:1017A00093D5F541B3F6B60093D68640938521EEE6
:1017B0001308F00FB305B7006354D8009306F00F79
:1017C0002380D5009306000897E500009385458D9A
:1017D00003A3050083A3450003AE850083AEC500C7
:1017E0008B660EEF93C5F6FF93D5F541B3F6B600C1
:1017F00093D68640938531EE1308F00FB305B700FA
:101800006354D8009306F00F2380D5009306000898
:1018100097E500009385C58903A3050083A34500D0
:1018200003AE850083AEC5008B660EEF93C5F6FF51
:1018300093D5F541B3F6B60093D68640938541EE35
:101840001308F00FB305B7006354D8009306F00FE8
:101850002380D5009306000897E500009385458610
:1018600003A3050083A3450003AE850083AEC50036
:101870008B660EEF93C5F6FF93D5F541B3F6B60030
:1018800093D68640938551EE1308F00FB305B70049
:101890006354D8009306F00F2380D5009306000808
:1018A00097E500009385C58203A3050083A3450047
:1018B00003AE850083AEC5008B660EEF93C5F6FFC1
:1018C00093D5F541B3F6B60093D68640938561EE85
:1018D0001308F00FB305B7006354D8009306F00F58
:1018E0002380D5009306000897D500009385457F97
:1018F00003A3050083A3450003AE850083AEC500A6
:101900008B660EEF93C5F6FF93D5F541B3F6B6009F
:1019100093D68640938571EE1308F00FB305B70098
:101920006354D8009306F00F2380D5009306000877
:1019300097D500009385C57B03A3050083A34500CD
:1019400003AE850083AEC5008B660EEF93C5F6FF30
:1019500093D5F541B3F6B60093D68640938581EED4
:101960001308F00FB305B7006354D8009306F00FC7
:101970002380D5009306000897D50000938545780D
:1019800003A3050083A3450003AE850083AEC50015
:101990008B660EEF93C5F6FF93D5F541B3F6B6000F
:1019A00093D68640938591EE1308F00FB305B700E8
:1019B0006354D8009306F00F2380D50093060008E7
:1019C00097D500009385C57403A3050083A3450044
:1019D00003AE850083AEC5008B660EEF93C5F6FFA0
:1019E00093D5F541B3F6B60093D686409385A1EE24
:1019F0001308F00FB305B7006354D8009306F00F37
:101A00002380D5009306000897D500009385457183
:101A100003A3050083A3450003AE850083AEC50084
:101A20008B660EEF93C5F6FF93D5F541B3F6B6007E
:101A300093D686409385B1EE1308F00FB305B70037
:101A40006354D8009306F00F2380D5009306000856
:101A500097D500009385C56D03A3050083A34500BA
:101A600003AE850083AEC5008B660EEF93C5F6FF0F
:101A700093D5F541B3F6B60093D686409385C1EE73
:101A80001308F00FB305B7006354D8009306F00FA6
:101A90002380D5009306000897D500009385456AFA
:101AA00003A3050083A3450003AE850083AEC500F4
:101AB0008B660EEF93C5F6FF93D5F541B3F6B600EE
:101AC00093D686409385D1EE1308F00FB305B70087
:101AD0006354D8009306F00F2380D50093060008C6
:101AE00097D500009385C56603A3050083A3450031
:101AF00003AE850083AEC5008B660EEF93C5F6FF7F
:101B000093D5F541B3F6B60093D686409385E1EEC2
:101B10001308F00FB305B7006354D8009306F00F15
:101B20002380D5009306000897D500009385456370
:101B300003A3050083A3450003AE850083AEC50063
:101B40008B660EEF93C5F6FF93D5F541B3F6B6005D
:101B50001388F1EE93D686409305F00F3307070103
:101B600063D4D5009306F00F2300D7006FF00FFA6F
:101B700013C6F7FF1356F641B3F7C7006FF05FA522
:101B8000930740006FF01FAD130990006FF09FB0F6
:101B9000130980006FF05FAF130970006FF01FAE84
:101BA000130960006FF0DFAC930730006FF0DFA91E
:101BB000930720006FF09FA8130101FD23229102DB
:101BC000938401C803A30400232E3101232C410177
:101BD000232A510123286101232611022324810293
:101BE000232021039308230013081025130B05005D
:101BF000938A0500130A060093890600636C181D7A
:101C000017F80100130808DE3308680003490800CC
:101C10000344180023A0140113080005631A0901E6
:101C20001304B4FC1374F40F9306100063FA8602D5
:101C300017E5010013054549032481028320C102F1
:101C400083244102032901028329C101032A81015E
:101C5000832A4101032B0101130101036F1080123C
:101C600003A60400930610251306B60063E0C61A07
:101C700023A0C400930680016316DA0A63944A0B1A
:101C800083A60400130610253304DB00636A860E66
:101C90006386090297F501009385C5D413060B00EE
:101CA000B385D500138509002326F1002324E10024
:101CB000EF1080678327C1000327810023A08400E1
:101CC00083A6040013162700930510253304D600BD
:101CD00063E68506638C070097F50100938585D040
:101CE000B385D50013850700EF10006423A084009E
:101CF00003A7040093071025631CF7028320C10289
:101D00000324810283244102032901028329C101A2
:101D1000032A8101832A4101032B010113010103DD
:101D20006780000017E501001305853B6FF0DFF0C9
:101D300017E50100130585476FF01FF09306102586
:101D40001306040097E501009385454817E5010057
:101D50001305C5352324E100EF00506F03278100F0
:101D60009307F0FFE306F7F8130607009305F0FF6B
:101D700017E501001305453EEF00506D6FF05FF76A
:101D8000930610251306040097E50100938505448A
:101D900017E50100130585312326F1002324E10016
:101DA000EF00D06A9306F0FF032781008327C1006C
:101DB000E308DBF013060B009305F0FF17E50100C5
:101DC0001305C534EF0090688327C1000327810005
:101DD0006FF01FEF930610251386080097E50100AA
:101DE0009385C53E17E501001305452C2326F10018
:101DF0002324E100EF0090658327C10003278100C1
:101E000013090000130400006FF01FE19306102572
:101E100097E501009385853B17E50100130505292A
:101E20002326F1002324E100EF0050628327C10044
:101E3000032781006FF01FE41308000063C605123A
:101E400063DC0600B337C000B306D0401348F8FF88
:101E5000B386F6403306C04093080600130705001A
:101E600013830500639A060E63F4C516B7070100D5
:101E70006364F622B7070001930680016374F600DD
:101E800093060001B7070280335ED6009387C71D13
:101E9000B387C70183C70700130E0002B387D700BB
:101EA000B306FE40630CFE003393D500B357F50034
:101EB000B318D60033E367003317D50013D60801F3
:101EC0003355C3029396080193D606019357070131
:101ED0003373C302B385A60213130301B3E767008C
:101EE00063FCB700B387F8001303F5FF63E4170141
:101EF00063E6B74013050300B387B740B3D5C70205
:101F00001317070113570701B3F7C702B386B602C9
:101F1000939707013367F700637ED7003387E800A4
:101F20009387F5FF636617019385E5FF6364D70028
:101F300093850700131505013365B500930500006F
:101F4000630A0800B337A000B305B040B385F5407D
:101F50003305A0406780000063F4D50293050000BC
:101F6000130500006FF0DFFDB337A000B305B040EC
:101F7000B385F5403305A0401308F0FF6FF05FEC28
:101F8000B707010063E8F61EB70700019308800158
:101F900063F4F60093080001B707028033D71601F7
:101FA0009387C71DB387E70003C7070093070002A5
:101FB00033071701B388E7406396E71C63E4B63044
:101FC0003335C50013351500930500006FF05FF73A
:101FD000630C060CB7070100637CF62C1333061064
:101FE0001333130013133300B3566600B707028090
:101FF0009387C71DB387D70083C6070093070002E6
:10200000B3866600B38ED7406394D70CB386C540C1
:10201000135306011316060113560601930510000B
:1020200033D5660293570701B3F66602330EC50235
:1020300093960601B3E7D70063FCC701B387F800A6
:102040009306F5FF63E4170163E4C72B13850600CD
:10205000B387C741B3D667021317070113570701A8
:10206000B3F767023386C602939707013367F70019
:10207000637EC7003387E8009387F6FF6366170126
:102080009386E6FF6364C700938607001315050176
:102090003365D5006FF0DFEA9336061093B616006D
:1020A000939636006FF01FDEB7070280930600009C
:1020B0009387C71DB387D70083C6070013030000AB
:1020C00093070002B3866600B38ED740E380D7F44F
:1020D000B318D60133DED50013D30801B3576E020F
:1020E0001396080113560601B356D5003317D501D0
:1020F000B395D501B3E6B60093D50601337E6E02E3
:102100003305F602131E0E01B3E5C50163FEA500FB
:10211000B385B800138EF7FF63E4151D63F2A51CA9
:102120009387E7FFB3851501B385A54033D56502D5
:102130009396060193D60601B3F56502330EA60207
:1021400093950501B3E6B60063FEC601B386D800D9
:102150009305F5FF63EE161763FCC6171305E5FF3D
:10216000B386160193950701B386C641B3E5A50072
:102170006FF01FEB93B8061093B8180093983800CF
:102180006FF09FE1B35EE600B3961601B3EEDE009A
:1021900033D3E50013DF0E01B357E303139E0E01A3
:1021A000B3951501135E0E013357E5003367B70091
:1021B00093560701331616013373E303B305FE028A
:1021C00013130301B3E6660063FEB600B386DE00B8
:1021D0001383F7FF63EAD61163F8B6109387E7FF1E
:1021E000B386D601B386B640B3D5E603131707010D
:1021F00013570701B3F6E6033303BE0293960601B5
:102200003367D700637E67003387EE009386F5FF60
:102210006364D70D6372670C9385E5FF3307D701BD
:1022200093970701370F0100B3E7B7009306FFFF4D
:10223000B3F5D70013DE0701B376D60013560601B7
:10224000B38ED50233076740B306DE0213D30E0107
:10225000B385C502B385D500B305B300330ECE02F6
:1022600063F4D500330EEE0193D60501B386C601A3
:10227000636AD7026308D70013850700930500003F
:102280006FF01FCCB70601009386F6FF33F7D50039
:1022900013170701B3FEDE00331515013307D7010D
:1022A000E37CE5FC1385F7FF930500006FF05FC941
:1022B000B7070001637AF604935606011303000181
:1022C0006FF0DFD293050000130510006FF05FC7B9
:1022D000138505006FF01FE9938506006FF05FF42A
:1022E00093070E006FF05FE4930703006FF09FEF1A
:1022F0001305E5FFB38717016FF09FD51305E5FFC1
:10230000B38717016FF05FBF9356860113038001F7
:102310006FF0DFCD13080600930805001387050052
:102320006390060E63FEC512B7070100636EF61ECA
:10233000B7070001930680016374F600930600015D
:10234000B70702803353D6009387C71DB387670052
:1023500083C7070013030002B387D700B306F34017
:10236000630CF3003397D500B357F5003318D6004C
:1023700033E7E700B318D500135608013355C702F9
:102380009316080193D6060193D708013377C70245
:10239000B385A60213170701B3E7E70063FCB70094
:1023A000B307F8001307F5FF63E4070163E0B73EE6
:1023B00013050700B387B74033D7C70293980801C6
:1023C00093D80801B3F7C702B386E60293970701D3
:1023D000B3E8F80063FED800B30818019307F7FFCD
:1023E00063E608011307E7FF63E4D80013870700DB
:1023F000131505013365E5009305000067800000B3
:1024000063F8D50093050000130500006780000005
:10241000B707010063E8F61EB70700011308800143
:1024200063F4F60013080001B707028033D70601F2
:102430009387C71DB387E70003C707009307000210
:10244000330707013388E7406396E71C63E4B6303F
:102450003335C50013351500930500006780000073
:10246000630C060CB7070100637CF62C13370610CB
:102470001337170013173700B356E600B70702806B
:102480009387C71DB387D70083C707009306000251
:10249000B387E700B38EF6406394F60CB387C5406C
:1024A00093560601131606011356060193051000F4
:1024B00033D5D70213D70801B3F7D7023303C502C8
:1024C00093970701B367F70063FC6700B307F80051
:1024D0001307F5FF63E4070163E4672A13050700A8
:1024E000B387674033D7D7029398080193D8080180
:1024F000B3F7D7023306C70293970701B3E8F80092
:1025000063FEC800B30818019307F7FF63E60801EC
:102510001307E7FF63E4C8001387070013150501DD
:102520003365E500678000009336061093B6160009
:10253000939636006FF0DFE0B70702809306000045
:102540009387C71DB387D70083C707001307000011
:1025500093060002B387E700B38EF640E380F6F4FB
:102560003318D60133D3F50093560801335ED302F6
:1025700013160801B395D50113560601B357F5009C
:10258000B3E7B70013D70701B318D5013373D302EC
:10259000B305C6031313030133676700637EB700F7
:1025A0003307E8001305FEFF6364071D6372B71C61
:1025B000130EEEFF330707013307B7403355D70239
:1025C0009397070193D707013377D7023303A60206
:1025D00013170701B3E7E70063FE6700B307F800CE
:1025E0001307F5FF63EE071763FC67161305E5FF96
:1025F000B387070193150E01B3876740B3E5A500C4
:102600006FF01FEB13B806101338180013183800BA
:102610006FF09FE1335EE600B3960601336EDE0095
:10262000B3D8E500935E0E01B3D7D80313130E01A0
:10263000B3950501135303013357E5003367B70022
:102640009356070133160601B3F8D803B305F30216
:1026500093980801B3E6160163FEB600B306DE00E8
:102660009388F7FF63EAC61163F8B6109387E7FF14
:10267000B386C601B386B640B3D5D6031317070198
:1026800013570701B3F6D603B308B30293960601B6
:102690003367D700637E17013307EE009386F5FF9B
:1026A0006364C70D6372170D9385E5FF3307C70198
:1026B00093970701B70E0100B3E7B7009386FEFFBB
:1026C000B3F5D70013D30701B376D600135606012E
:1026D000338ED50233071741B306D30293580E0148
:1026E000B385C502B385D500B385B8003303C302F3
:1026F00063F4D5003303D30193D60501B386660096
:10270000636AD7026308D7001385070093050000AA
:1027100067800000B70601009386F6FF33F7D50007
:1027200013170701337EDE00331505013307C70198
:10273000E37CE5FC1385F7FF93050000678000004C
:10274000B7070001637AF6049356060113070001E8
:102750006FF0DFD2930500001305100067800000C2
:10276000130507006FF01FE9938506006FF05FF413
:10277000130E05006FF05FE4938708006FF09FEF82
:102780001305E5FFB38707016FF09FD51305E5FF3C
:10279000B38707016FF01FC29356860113078001AC
:1027A0006FF0DFCD930505009306000013060000CF
:1027B000130500006F00505A130101FF930500003C
:1027C000232481002326110013040500EF0050622A
:1027D00083A741C863840700E7800700130504004E
:1027E000EFD09FCA130500006780000037160280F3
:1027F000B775008037150280130646C393854540A0
:10280000130505C46F004035130101FF8325450002
:1028100023248100232291002326110013840151D7
:102820009304050063848500EF40D03D83A58400B8
:10283000930784066386F50013850400EF40903CFF
:1028400083A5C4001304040D638E85000324810056
:102850008320C1001385040083244100130101017A
:102860006F40503A8320C10003248100832441003B
:10287000130101016780000013050000678000005C
:10288000130101FE232C8100B7270080138401511E
:102890009387C77E232E1100232A9100232821012C
:1028A000232631012324410123A2F1C8130680000D
:1028B00093074000930500001305C4052326F40088
:1028C00023200400232204002324040023220406DE
:1028D00023280400232A0400232C0400EF001017EF
:1028E000B7070100373A0080B739008037390080D8
:1028F000B7340080130A0AD9938949DF1309C9E75D
:10290000938444EF9387970013068000930500009B
:102910001305440C232044032322340323242403DB
:1029200023269402232AF406232E8400232404065B
:1029300023260406232804062326040C232C04063D
:10294000232E040623200408EF005010B7070200CE
:1029500013078406938727011305C412130680000A
:10296000930500002324440923263409232824093D
:10297000232A9408232EF40C2322E4082328040C91
:10298000232A040C232C040C232A04122320040ED3
:102990002322040E2324040EEF00500B9307040D92
:1029A0002328440F232A340F232C240F232E940E84
:1029B0008320C1012326F40E0324810183244101D5
:1029C000032901018329C100032A810013010102A7
:1029D0006780000083A741C8130101FE232631014F
:1029E000232E1100232C8100232A9100232821016A
:1029F000930905006388070E37190280130949C33C
:102A00009304F0FF83274900032489009387F7FF8D
:102A100063D807006F00000813048406638C9706D0
:102A20000317C4009387F7FFE31807FEB707FFFFFC
:102A3000938717002326F400232204062320040092
:102A4000232404002322040023280400232A040052
:102A5000232C040013068000930500001305C40511
:102A6000EF00C07E23280402232A04022322040448
:102A7000232404048320C1011305040003248101DD
:102A800083244101032901018329C10013010102AB
:102A90006780000003240900630604001309040092
:102AA0006FF05FF69305C01A13850900EF10C00B95
:102AB00013040500630C05021305C50093074000CD
:102AC000232004002322F4002324A4001306001A68
:102AD00093050000EF00807723208900130904008C
:102AE0006FF05FF2EFF0DFD96FF01FF123200900E4
:102AF0009307C00023A0F9006FF0DFF78327450399
:102B0000638407006780000003A741C8B7370080CF
:102B100093878780232AF502E31607FE6FF05FD6BE
:102B2000678000006780000037160280B7250080AC
:102B3000130646C39385457E130500006F00C00150
:102B400037160280B7350080130646C39385858704
:102B5000130500006F004000130101FD2320210335
:102B6000232E3101232C4101232A51012328610105
:102B7000232671012326110223248102232291029C
:102B8000130B0500938B0500930A0600130A00003F
:102B9000930910001309F0FF83A44A0003A48A00DC
:102BA0009384F4FF63C804028357C40063FEF900F2
:102BB0008317E4009305040013050B0063862701C7
:102BC000E7800B00336AAA009384F4FF13048406A1
:102BD000E39C24FD83AA0A00E3900AFC8320C1023F
:102BE0000324810283244102032901028329C101B4
:102BF000832A4101032B0101832BC10013050A0025
:102C0000032A81011301010367800000130101FC05
:102C10002324C1022326D1022328E102232AF10220
:102C2000232C0103232E1103138605008325850021
:102C300093068102232E11002326D100EF10C06ECF
:102C40008320C101130101046780000003A301C7B1
:102C5000130101FC2324C1022326D1022322B10245
:102C60002328E102232AF102232C0103232E11033E
:102C70008325830093064102130605001305030014
:102C8000232E11002326D100EF10006A8320C101FA
:102C90001301010467800000032685006F50C00BFC
:102CA00083A701C79305050003A6870013850700C6
:102CB0006F50800A130101FC232C810213040500CC
:102CC00013850500232A9102232E11029384050007
:102CD000EF00C07FB7070280938707152324F10216
:102CE000930710002326F1020327440393070102F0
:102CF00093061500232AF100930720002320910258
:102D00002322A102232ED100232CF100832584004D
:102D1000630007068397C5001397270163420702E4
:102D200003A74506B7E6FFFF9386F6FF37260000A8
:102D3000B3E7C7003377D7002396F50023A2E50653
:102D40001306410113050400EF4010308320C10336
:102D500003248103133515003305A0401375B50016
:102D6000832441031305F5FF13010104678000006C
:102D7000130504002326B100EFF05FD88325C100BE
:102D80006FF05FF99305050003A501C76FF09FF28F
:102D9000130101FF23248100138405008395E500BE
:102DA00023261100EF00002E63400502832704054F
:102DB0008320C100B387A7002328F40403248100E3
:102DC00013010101678000008357C40037F7FFFF3C
:102DD0001307F7FFB3F7E7008320C1002316F400C1
:102DE0000324810013010101678000001305000026
:102DF000678000008397C500130101FE232C81002A
:102E0000232A91002328210123263101232E11009A
:102E100013F7071013840500930405001309060037
:102E2000938906006310070437F7FFFF1307F7FFC6
:102E3000B3F7E7008315E4002316F40003248101AF
:102E40008320C10193860900130609008329C1006C
:102E500003290101138504008324410113010102A8
:102E60006F00C0288395E50093062000130600003C
:102E7000EF00C01A8317C4006FF01FFB130101FF9E
:102E800023248100138405008395E5002326110087
:102E9000EF00C0189307F0FF6308F5028357C400E2
:102EA000371700008320C100B3E7E70093970701BD
:102EB00093D707412328A4042316F4000324810098
:102EC00013010101678000008357C40037F7FFFF3B
:102ED0001307F7FFB3F7E7009397070193D707416D
:102EE0008320C1002316F400032481001301010193
:102EF000678000008395E5006F004000130101FF2B
:102F0000232481002322910013040500138505006A
:102F10002326110023A401C8EFD08FD59307F0FF1B
:102F2000630CF5008320C100032481008324410049
:102F3000130101016780000083A781C8E38407FEB5
:102F40008320C1002320F400032481008324410056
:102F5000130101016780000083A701C7638EA70AE0
:102F600083254504130101FE232A9100232E11001D
:102F700093040500638C05042328210123263101D5
:102F8000232C81001309000093090008B387250151
:102F900003A40700630E0400930504000324040047
:102FA00013850400EF00100CE31804FE83A544040D
:102FB00013094900E31C39FD13850400EF00900A52
:102FC00003248101032901018329C10083A584030E
:102FD0006386050013850400EF00D00883A5C404B0
:102FE0006386050013850400EF00D00783A7440320
:102FF000638C07008320C1011385040083244101F1
:1030000013010102678007008320C101832441016D
:10301000130101026780000067800000130101FFB7
:1030200013870500232481002322910093050600C5
:10303000130405001386060013050700232611005C
:1030400023A401C8EFD08FCF9307F0FF630CF500E6
:103050008320C10003248100832441001301010166
:103060006780000083A781C8E38407FE8320C10036
:103070002320F40003248100832441001301010173
:1030800067800000130101FF1387050023248100DE
:103090002322910093050600130405001386060001
:1030A000130507002326110023A401C8EFD00FCC7D
:1030B0009307F0FF630CF5008320C1000324810017
:1030C00083244100130101016780000083A781C8A8
:1030D000E38407FE8320C1002320F4000324810041
:1030E000832441001301010167800000130101FFE7
:1030F00013870500232481002322910093050600F5
:10310000130405001386060013050700232611008B
:1031100023A401C8EFD00FCB9307F0FF630CF50099
:103120008320C10003248100832441001301010195
:103130006780000083A781C8E38407FE8320C10065
:103140002320F400032481008324410013010101A2
:1031500067800000130101FF23248100B71702805C
:1031600037140280232021019387879B1307849BB8
:1031700023261100232291003389E7406382E7026E
:10318000135929401304849B9304000083270400EF
:103190009384140013044400E7800700E3E824FF4D
:1031A00037140280B71702809387879B1307849B8D
:1031B0003389E740135929406380E7021304849B55
:1031C0009304000083270400938414001304440034
:1031D000E7800700E3E824FF8320C1000324810087
:1031E00083244100032901001301010167800000CD
:1031F000130101FF23248100B717028037140280D6
:103200009387879B1304849B3304F440232291000B
:103210002326110093542440638004021304C4FF46
:103220003304F400832704009384F4FF1304C4FFE1
:10323000E7800700E39804FE8320C1000324810097
:103240008324410013010101678000001303F00093
:1032500013070500637EC3029377F7006390070AA4
:1032600063920508937606FF1376F600B386E600B0
:103270002320B7002322B7002324B7002326B7005A
:1032800013070701E366D7FE63140600678000009A
:10329000B306C3409396260097020000B3865600FB
:1032A0006780C6002307B700A306B7002306B70050
:1032B000A305B7002305B700A304B7002304B70094
:1032C000A303B7002303B700A302B7002302B7008C
:1032D000A301B7002301B700A300B7002300B70084
:1032E0006780000093F5F50F93968500B3E5D50050
:1032F00093960501B3E5D5006FF0DFF693962700AE
:1033000097020000B386560093820000E78006FA19
:1033100093800200938707FF3307F7403306F600D8
:10332000E378C3F66FF0DFF3B3C7A50093F7370078
:10333000B308C500639407069307300063F0C7061F
:103340009377350013070500639A070613F6C8FF45
:10335000B306E6409307000263CED70893860500C4
:10336000930707006378C70203A806009387470006
:103370009386460023AE07FFE3E8C7FE9307F6FFF8
:10338000B387E74093F7C7FF938747003307F700FA
:10339000B385F50063681701678000001307050017
:1033A0006378150583C7050013071700938515007B
:1033B000A30FF7FEE398E8FE6780000083C60500D0
:1033C0001307170093773700A30FD7FE93851500D7
:1033D000E38E07F683C605001307170093773700BF
:1033E000A30FD7FE93851500E39A07FC6FF01FF635
:1033F00067800000130101FF2326810013040002EF
:1034000083A3050083A2450083AF850003AFC500F9
:1034100083AE050103AE450103A3850103A8C501E1
:1034200083A6050213074702B307E640232E77FC65
:10343000232057FE2322F7FF2324E7FF2326D7FF6D
:103440002328C7FF232A67FE232C07FF232ED7FE3E
:1034500093854502E346F4FA938605009307070037
:103460006378C70203A80600938747009386460047
:1034700023AE07FFE3E8C7FE9307F6FFB387E740F5
:1034800093F7C7FF938747003307F700B385F5002D
:10349000636817010324C100130101016780000064
:1034A00083C705001307170093851500A30FF7FEC8
:1034B000E382E8FE83C70500130717009385150014
:1034C000A30FF7FEE39EE8FC6FF0DFFC9377350077
:1034D00013070500639C0704B7867F7F9386F6F782
:1034E0009305F0FF0326070013074700B377D600C4
:1034F000B387D700B3E7C700B3E7D700E384B7FECD
:103500008346C7FFB307A740638406048346D7FFFB
:10351000638C06020345E7FF3335A0003305F50051
:103520001305E5FF67800000E38806FA834707007C
:103530001307170093763700E39807FE3307A74079
:103540001305F7FF678000001385D7FF6780000031
:103550001385C7FF6780000083A7C1C8638C070479
:1035600003A747001308F0016340E8081318270079
:1035700063060502338307012324C30883A8871841
:10358000130610003316E600B3E8C80023A4171989
:103590002324D310930620006306D50213071700D7
:1035A00023A2E700B387070123A4B7001305000097
:1035B000678000001388816423A601C99387816412
:1035C0006FF01FFA83A6C7181307170023A2E7009E
:1035D000B3E6C60023A6D718B387070123A4B70014
:1035E00013050000678000001305F0FF67800000EE
:1035F000130101FD232C41012320210303A9C1C88C
:10360000232611026308090A232E3101232A5101BE
:1036100023286101232671012324810223229102A0
:1036200023248101130B0500938B05009309F0FF00
:10363000930A1000832449001384F4FF634E0404AA
:1036400093942400B304990063900B0883274900E6
:1036500083A644009387F7FF638C870A23A20400A4
:10366000638606028327891833978A00032C490052
:10367000B377F70063960706E78006000327490043
:1036800083A7C1C863108709639E27071304F4FF4B
:103690009384C4FFE31A34FB032481028324410290
:1036A0008329C101832A4101032B0101832BC1001E
:1036B000032C81008320C10203290102032A810116
:1036C000130101036780000083A74410E38077F9AA
:1036D0001304F4FF9384C4FFE31834FF6FF0DFFB9F
:1036E0008327C91883A544083377F70063160702B8
:1036F00013050B00E78006000327490083A7C1C814
:10370000E30487F9E38A07F8138907006FF09FF253
:10371000232289006FF0DFF413850500E78006009F
:103720006FF0DFF5130101FE23263101B719028086
:10373000232C8100232A91002328210123244101E5
:10374000232E1100138A050013090500938909D659
:10375000EF00103D03A78900B71700009387F7FE1D
:10376000832447003717000093F4C4FF3384F40028
:10377000330444411354C4001304F4FF1314C4006D
:10378000634EE4009305000013050900EF40505616
:1037900083A78900B38797006308F5021305090022
:1037A000EF0050388320C1010324810183244101AB
:1037B000032901018329C100032A810013050000A8
:1037C0001301010267800000B30580401305090062
:1037D000EF4010529307F0FF630AF504B727028009
:1037E000938747E903A7070083A68900B384844031
:1037F00093E41400330787401305090023A29600C1
:1038000023A0E700EF0010328320C10103248101CF
:1038100083244101032901018329C100032A810076
:1038200013051000130101026780000093050000DA
:1038300013050900EF40D04B03A789009306F00061
:10384000B307E540E3DCF6F483A641C793E717002E
:103850002322F7003305D540B726028023AAA6E825
:103860006FF0DFF363820518130101FF2324810049
:1038700023229100138405009304050023261100E0
:10388000EF00102A0325C4FF130784FFB715028039
:103890009377E5FF3306F700938505D68326460028
:1038A00003A8850093F6C6FF6302C81A2322D60038
:1038B000137515003308D6006310050A032384FF2F
:1038C00003284800371502803307674083288700A4
:1038D000130585D6B3876700137818006382A81490
:1038E0000323C70023A66800232413016306081AD4
:1038F00093E617002322D7002320F6009306F01F3B
:1039000063ECF60693F687FF9386860003A54500D1
:10391000B386D50003A6060013D8570093071000FE
:10392000B3970701B3E7A700138586FF2326A700F7
:103930002324C70023A2F50023A0E6002326E600E7
:10394000032481008320C1001385040083244100E7
:10395000130101016F00101D0325480013751500A8
:103960006306050893E61700232ED4FE2320F600F5
:103970009306F01FE3F8F6F893D69700130640007D
:103980006360D61293D66700138596031386860369
:10399000131535003385A50083260500130585FF23
:1039A0006318D5006F00401583A686006308D50014
:1039B00003A646001376C6FFE3E8C7FE03A5C600CC
:1039C0002326A7002324D700032481002324E50015
:1039D0008320C100138504008324410023A6E60050
:1039E000130101016F001014678000003715028079
:1039F000B387D700130585D683268600638CA60C73
:103A00000328C60013E517003306F70023A60601B6
:103A10002324D8002322A7002320F6006FF01FEEF6
:103A2000631C0812832586000326C600B386F600B1
:103A300093E7160023A6C5002324B6002322F7002F
:103A40003307D7002320D7006FF09FEF13751500C1
:103A5000B386D70063100502032584FF3307A74010
:103A60008327C70003268700B386A6002326F60017
:103A700023A4C70013E6160083A781C72322C7002B
:103A800023A4E500E3EEF6EA83A581C913850400CB
:103A9000EFF05FC96FF0DFEAB387D7006FF0DFF5B3
:103AA000130640016370D602130640056364D60610
:103AB00093D6C7001385F6061386E6061315350060
:103AC0006FF05FED1385C6051386B6051315350037
:103AD0006FF05FEC23AAE50023A8E50093E617004A
:103AE0002326A7002324A7002322D7003307F700AB
:103AF0002320F7006FF0DFE403A8450013562640AB
:103B000093071000B397C700B3E7070123A2F5009E
:103B10006FF01FEB13064015636CD60093D6F700C9
:103B20001385860713867607131535006FF09FE619
:103B300013064055636CD60093D627011385D6072C
:103B40001386C607131535006FF0DFE41305803FB9
:103B50001306E0076FF01FE493E617002322D70057
:103B60002320F6006FF0DFDD130101FD232E31016C
:103B700023261102232481022322910223202103E0
:103B80009387B50013076001930905006362F70886
:103B90009307000163E4B720EF008078930780016A
:103BA000930520009304000137190280130909D6F8
:103BB000B307F90003A44700138787FF6302E434C7
:103BC000832744008326C4000326840093F7C7FF9D
:103BD000B307F40003A747002326D60023A4C6009A
:103BE000136717001385090023A2E700EF00807315
:103BF000130584008320C10203248102832441022F
:103C0000032901028329C101130101036780000018
:103C100093F487FF63C4071863E2B418EF004070A1
:103C20009307701F63F8973E93D79400638007183B
:103C300013074000636EF73293D7640093859703B0
:103C4000138887031396350037190280130909D6A4
:103C50003306C90003244600130686FF6308860264
:103C60001305F0006F0040018326C4006356072847
:103C7000630ED600138406008327440093F7C7FF22
:103C800033879740E352E5FE9305080003240901BA
:103C900093088900630E1425832744009306F000DF
:103CA00093F7C7FF3387974063CCE636232A190181
:103CB00023281901635007341307F01F0325490017
:103CC0006368F72413F787FF130787003307E900BA
:103CD0008326070013D6570093071000B397C70039
:103CE0003365F500930787FF2326F4002324D400CF
:103CF0002322A9002320870023A6860093D72540EE
:103D0000130610003316F600636AC50AB377A600DF
:103D1000639407021316160093F5C5FFB377A60048
:103D200093854500639A070013161600B377A60023
:103D300093854500E38A07FE1308F00013933500CE
:103D400033036900130503008327C500138E0500A4
:103D50006302F52403A747001384070083A7C70065
:103D60001377C7FFB30697406342D824E3C206FE29
:103D70003307E400832647000326840013850900E7
:103D800093E616002322D7002326F60023A4C700BB
:103D9000EF004059130584006FF0DFE59307C00082
:103DA00023A0F900130500006FF0DFE413060020E4
:103DB000930500041308F0036FF01FE90324890042
:103DC000232861018327440013FBC7FF63689B001E
:103DD00033079B409307F00063CAE70C232291014D
:103DE000232A510103A741C783AA81C9232C41017A
:103DF000232671019307F0FF330A6401B38A54014B
:103E00006306F73CB71700009387F700B38AFA0000
:103E1000B7F7FFFFB3FAFA0093850A00138509008C
:103E2000EF40006D9307F0FF930B0500630AF54424
:103E300023248101636E4523138C817D83250C002F
:103E4000B385BA002320BC00138705006316AA2A95
:103E5000931745016392072A832B8900B3075B01FF
:103E600093E7170023A2FB0083A641C963F4B600C1
:103E700023AAB1C883A601C963F4B60023A8B1C8B8
:103E8000032C810013840B0093F7C7FF33879740FF
:103E900063EA97389307F00063D6E738032A810175
:103EA000832A4101832BC100832C410093E7140036
:103EB0002322F400B304940023249900136717000D
:103EC0001385090023A2E400EF00C0458320C1024E
:103ED0001305840003248102032B01018324410282
:103EE000032901028329C101130101036780000036
:103EF000032549006FF09FE0032684006FF05FCD3B
:103F000003A4C70093852500E38287D86FF05FCBB9
:103F100013D797009306400063F2E614930640011E
:103F200063E4E6321306C7059306B7051316360099
:103F30003306C90003270600130686FF6318E60050
:103F40006F004029032787006308E60083264700A7
:103F500093F6C6FFE3E8D7FE0326C7002326C40076
:103F60002324E40023248600232687006FF01FD932
:103F7000130740016378F710130740056364F72EB9
:103F800093D7C4009385F7061388E7061396350088
:103F90006FF09FCB130E1E0093773E001305850034
:103FA000638007108327C5006FF09FDA0326840023
:103FB00093E514002322B4002326F60023A4C700AF
:103FC000B3049400232A99002328990093E716004C
:103FD00023A6140123A4140123A2F4003307E40050
:103FE000138509002320D700EF00C0331305840098
:103FF0006FF05FC0B307F40003A747001385090003
:104000001367170023A2E700EF00C03113058400F7
:104010006FF05FBE93D53400938784006FF0DFB8F4
:1040200093E614002322D400B3049400232A9900B9
:10403000232899009366170023A6140123A41401D2
:1040400023A2D400B307F4001385090023A0E700DE
:10405000EF00402D130584006FF0DFB913D7670020
:104060001306970393068703131636006FF05FEC71
:10407000630C240703248900032C81008327440058
:104080006FF09FE09385C7051388B7051396350039
:104090006FF09FBB832783009385F5FF639E6726A0
:1040A00093F73500130383FFE39607FE03274900C8
:1040B0009347F6FFB3F7E7002322F9001316160023
:1040C000E3EEC7CEE30C06CE3377F600631A0700A3
:1040D000131616003377F600130E4E00E30A07FEA0
:1040E00093050E006FF09FC5138C817D03270C0094
:1040F0003387EA002320EC0083A641C79307F0FF33
:104100006386F618B3874B41B387E7002320FC0092
:1041100093FC7B00638C0C0CB38B9B41B7170000A6
:1041200093878700938B8B00B3859741B38A5B019C
:10413000B38555419395450113DA450193050A006E
:1041400013850900EF40C03A9307F0FF6300F518AC
:1041500033057541B30A450103270C002324790177
:1041600093E71A00B305EA002320BC0023A2FB005A
:10417000E30C24CF9306F00063F0660B03274400A2
:1041800093074BFF93F787FF137717003367F70009
:104190002322E400130650003307F4002322C70053
:1041A0002324C70063E6F60083A74B006FF0DFCB44
:1041B0009305840013850900EFF0CFEA832B890073
:1041C00083250C0083A74B006FF01FCA938A0A0156
:1041D0006FF09FC493D6264093071000B397D70083
:1041E0003365F5002322A9006FF05FD7B3855B012B
:1041F000B305B0409395450113DA450193050A00D4
:1042000013850900EF40C02E9307F0FFE312F5F489
:10421000130A00006FF05FF4032C81009307100075
:1042200023A2FB0013850900EF00C00F1305000057
:10423000032A8101832A4101032B0101832BC10041
:10424000832C41006FF01F9B9306400563E4E60456
:1042500013D7C7001306F7069306E70613163600B2
:104260006FF01FCD130740156364F70493D7F40074
:104270009385870713887707139635006FF0DF9CC7
:1042800003248900832744006FF01FC023AA71C74D
:104290006FF01FE89306401563E4E60413D7F700B8
:1042A0001306870793067707131636006FF05FC86B
:1042B000130740556364F70493D724019385D70708
:1042C0001388C707139635006FF01F98938C8CFFE7
:1042D000B38A9A01B38A7A41130A00006FF0DFE7CC
:1042E0009306405563E4E60213D727011306D70768
:1042F0009306C707131636006FF09FC31306803F5F
:104300009305F0071308E0076FF01F941306803F32
:104310009306E0076FF0DFC1832749006FF01FDAD3
:104320006780000067800000130101ED2326111251
:1043300023229112232A511123267111938A0500F9
:10434000930406002324D100930B0500EF4040198D
:1043500083270500138507002322F102EFF00F9752
:104360002320A10263880B0083A74B0363940700FB
:104370006F1040738397CA001397270163460702A3
:1043800003A74A0637260000B7E6FFFFB3E7C700DA
:104390009386F6FF9397070193D707413377D700AA
:1043A0002396FA0023A2EA0613F787006302072E7A
:1043B00003A70A01630E072C93F7A7011307A000B8
:1043C000638AE72EB7070280232861112324811115
:1043D000130B010B93870732370C028023248112C1
:1043E000232C4111232EB10F23202113232E311111
:1043F000232291112320A111232E610723220108DA
:1044000023200108232A0100232C0100232E010070
:1044100013040B002324010223280102232201009C
:104420002326F100130A0001130C4C4923207101CB
:10443000938D040083C70D00638C071E93840D00C9
:10444000130750026386E72A83C71400938414007D
:10445000E39A07FE3389B441638CB41D03274108F6
:10446000832701082320B40133072701938717000E
:10447000232224012322E1082320F10813077000DE
:1044800013048400634EF7260327410083C704000A
:10449000330727012322E100638C0718938414005B
:1044A000A30F01049309F0FF930B00001309000010
:1044B0009306800503CD0400938D140093070DFE31
:1044C00063E6F6040327C10093972700B387E7004C
:1044D00083A7070067800700930B000093070DFD7B
:1044E0001306900003CD0D0013972B00B30B77013B
:1044F000939B1B00B38B770193070DFD938D1D00DC
:10450000E372F6FE93070DFEE3FEF6FA63020D1268
:104510002304A109A30F0104130710009304100042
:10452000930C8108130F0900930900002328010050
:10453000930F000093724F0803294108639602000D
:10454000B387EB40E342F0448347F105638A0702F7
:10455000832701089306F1052320D40013091900CD
:1045600093061000938717002322D40023222109E9
:104570002320F108930670001304840063C0F61A28
:10458000638A0F0283270108930601062320D400C3
:104590001309290093062000938717002322D400D3
:1045A000232221092320F1089306700013048400BC
:1045B000E3CEF64E93070008E38AF208B3899940E8
:1045C000E34E301993770F10639407748327010823
:1045D0003309990023209401938717002322940024
:1045E000232221092320F1089306700063CCF620D2
:1045F00013048400137F4F0063060F00B384EB4065
:10460000E342904E13830B0063D4EB0013030700C7
:1046100083274100B38767002322F100E31A0922B0
:1046200083C70D002320010813040B00E39807E063
:1046300083274108832B0100638407006F104075B6
:1046400083D7CA00032481120329011293F70704B8
:104650008329C111032A8111032B0111032C81101D
:10466000832C4110032D0110832DC10F638407009B
:104670006F10901D8320C112032541008324411235
:10468000832A4111832BC11013010113678000009D
:1046900093850A0013850B00EF3090196304050021
:1046A0006F10901A8397CA001307A00093F7A70111
:1046B000E39AE7D08397EA00E3C607D08326810018
:1046C0008320C1121386040093850A0083244112BB
:1046D000832A411113850B00832BC1101301011391
:1046E0006F1010381369090193840D006FF09FDC7F
:1046F0003389B441E394B4D783C704006FF0DFD9A2
:10470000032501001306C10793850A00EF105054DA
:10471000E31805F213040B006FF01FD70325010007
:104720001306C10793850A00232EE102232CE1031F
:10473000232A51022326F103EF109051E31205F0D2
:10474000032941080327C103032F81038322410367
:10475000832FC10213040B006FF09FE2832701082F
:10476000B70602809386C6312320D40013091900AE
:1047700093061000938717002322D40023222109D7
:104780002320F108930670001304840063D4F6001C
:104790006F108010630406006F108045832641016E
:1047A00093771F00B3E7D700E38607E4832741022E
:1047B000832601022320F40083270108B385260104
:1047C0002322D400938717002322B1082320F10865
:1047D0009306700063D4F6006F10806413048400A5
:1047E0008326410193871700232094013389B60063
:1047F0002322D400232221092320F10893067000EC
:10480000E3D8F6DE032501001306C10793850A00ED
:104810002326E1022328E101EF109043E31205E291
:1048200003294108032F01010327C10213040B00D0
:104830006FF05FDC93778900E39C0760832781003A
:104840009387770093F787FF03A707009387870075
:10485000232CE10003A7C7FF2324F100232EE1004E
:10486000832CC10103A7C1C18326810183A701C293
:1048700093941C0093D414001385060093850400C0
:104880001306070093860700EF90905F630405000E
:104890006F1000048326810103A7C1C183A701C251
:1048A000138506009385040013060700938607000E
:1048B000EF80904E6344A0006F10800103278101B8
:1048C00093850C00130600001305070093060000F3
:1048D000EF80904C635405006F1040438346F10510
:1048E0009307700463D4A7016F108041B70C028056
:1048F000938CCC2D23280100137FF9F71307300088
:104900009304300093090000638406001307170026
:10491000937F2F00E3800FC213072700930F20001F
:104920006FF05FC1832681009377090103A706001A
:10493000938646002324D1006392071293760904DC
:1049400093070700E390064E634E07108346F10578
:1049500063C40904137FF9F7631E070213071000ED
:10496000639E0920E314073C93741900930C0B0019
:104970006382040493070003A307F10A930CF10A6E
:104980001387040063CC340323280100E39006F866
:104990006FF01FF813090F0013079000E364F76C22
:1049A00093870703A307F10A130F0900930410006C
:1049B000930CF10A13870400E3D834FD1387090030
:1049C000232801006FF09FFC8327810083AB070041
:1049D000938747002324F100E3D80BD0B30B704139
:1049E0001369490093840D006FF0DFAC03CD0D0017
:1049F0009307A002938D1D006314FD006F10807D4E
:104A000093070DFD93059000130700001306900017
:104A100093090000E3E4F5AA03CD0D0093192700E4
:104A2000B389E900939919003387F90093070DFDC5
:104A3000938D1D00E372F6FE93090700E35007A86B
:104A40009309F0FF6FF09FA7832781001369090185
:104A500003A70700938747002324F100930707006B
:104A6000E35607EEB307E0409306D00213071000A9
:104A70006F00000A1369090893840D006FF09FA36B
:104A80001369090493840D006FF0DFA203278100EE
:104A9000A30F0104930410008327070013074700A6
:104AA0002324E1002304F10813071000930C81086C
:104AB0006FF05FA79307B002A30FF10493840D007A
:104AC0006FF05F9F1369190093840D006FF09F9E34
:104AD0008347F105E39A07C093070002A30FF1048F
:104AE00093840D006FF01F9D1369890093840D005E
:104AF0006FF05F9C0327810013690901832707007A
:104B0000130747002324E100130710009306000059
:104B1000A30FD10463C80900137FF9F7E38207E408
:104B200013090F0013061000E308C7E61306200060
:104B30006306C706930C0B0013F7770013070703F0
:104B4000A38FECFE93D7370013860C00938CFCFFE9
:104B5000E39407FE93771900638407069307000325
:104B60006300F7061306E6FFA38FFCFEB304CB40F9
:104B7000130F0900930C06006FF0DFE3930710009A
:104B80006314F7006F10C03F9307200013090F0054
:104B90006304F7006F1000219307000003268102D1
:104BA000930C0B0013F7F7003307E60003470700E9
:104BB00093D74700938CFCFF2380EC00E39407FE1F
:104BC000B3049B41130F09006FF0DFDE0327810060
:104BD0001369090183270700130747002324E10015
:104BE000130700006FF09FF28326810013770901FD
:104BF00083A70600938646002324D100E31607F01E
:104C000013770904E30207F09397070193D707018D
:104C1000130710006FF09FEF83278100A30F01049B
:104C200083AC070013884700E3800C322324010182
:104C300063D409006F104007138609009305000034
:104C400013850C00EF30806C03288100631405008D
:104C50006F10803AB30495418346F10513C7F4FF02
:104C60001357F741232401012328010033F7E400FF
:104C7000130F090093090000E39A06C86FF05FC99B
:104C80008326810037870000130707832310E1067E
:104C9000138746002324E1003707028013070730FB
:104CA0002324E10283A706001369290013072000CB
:104CB000130D80076FF09FE58326810013770901AC
:104CC00083A70600938646002324D100E31A07F049
:104CD00013770904E30607F09397070193D70701B9
:104CE000130700006FF09FE293770901E384071434
:104CF000832781000327410083A7070023A0E70043
:104D000083278100938747002324F1006FF08FF2FF
:104D10009307500663DAA735832681018327C101F3
:104D20001306000013850600938507009306000014
:104D3000232AE1022326E103EF80406D032FC10205
:104D4000032741036316056683270108B70602801F
:104D50009386C6312320D40013091900930610004E
:104D6000938717002322D400232221092320F1084E
:104D70009306700013048400E3C0F64C83274106B9
:104D800083264101E3D8D708832741028326010205
:104D900013048400232CF4FE832701083309D9006F
:104DA000232ED4FE93871700232221092320F10804
:104DB00093067000E3CCF60E832741019384F7FF3E
:104DC000E35A9082930600018327010863C496008A
:104DD0006F10003DB7060280938646492326E10204
:104DE000032D01001307040093090001138404003C
:104DF000930C70002328E101938406006F00C0002B
:104E0000130404FFE3D6894A1309090193871700A5
:104E10002320970023223701232221092320F10890
:104E200013078700E3DEFCFC1306C10793850A0025
:104E300013050D00EF10C061E3140580032941083C
:104E40008327010813070B006FF09FFBB387EB402C
:104E50006356F0F6930600010326010863C4F600CA
:104E60006F10C01DB706028093864649232A91021F
:104E7000930509009308000113090700930F7000C0
:104E8000130704002326E10313840700938406001C
:104E90006F00C000130404FF63DA880493850501E2
:104EA0001306160023209700232217012322B1089E
:104EB0002320C10813078700E3DECFFC0325010090
:104EC0001306C10793850A00EF108058631A05F690
:104ED00093080001130404FF8325410803260108F9
:104EE00013070B00930F7000E3CA88FA938604003F
:104EF000032FC10283244103930704001304070016
:104F000013070900138905003309F9001306160079
:104F10002322F4002320D400232221092320C108C6
:104F2000930770001304840063DAC7E803250100C7
:104F30001306C10793850A00232AE1022326E10311
:104F4000EF100051631E05EE0329410803274103BA
:104F5000032FC10213040B006FF04FE6B706028067
:104F60008327010893864649635A3A099306090044
:104F700093087000130907002326E10313070400B8
:104F80001384090093090C006F00C000130404FF90
:104F900063588A04938606019387170023208701AC
:104FA000232247012322D1082320F1081307870079
:104FB000E3DEF8FC032501001306C10793850A0010
:104FC000EF100049631E05E6130404FF8326410821
:104FD0008327010813070B0093087000E34C8AFA3B
:104FE000032FC1021386090093090400130407006C
:104FF00013070900138906009306060033093901D7
:10500000938717002320D40023223401232221096F
:105010002320F108930670001304840063D4F6DAA9
:10502000032501001306C10793850A00232AE10224
:105030002326E103EF10C041631405E00329410872
:1050400003274103032FC10213040B006FF08FD716
:10505000032501001306C10793850A00EF10403FA6
:10506000630005DC6FF0CFDD832401088326410156
:10507000930710002320940113091900938414004E
:105080009309840063DAD74A930710002322F400BF
:1050900023222109232091089307700063CC977481
:1050A0008327010283264102938414003309F90007
:1050B00023A2F90023A0D90023222109232091084B
:1050C000930770009389890063C297768327C10193
:1050D0008326810113060000938507008327410181
:1050E00013850600930600002326E1022328E10130
:1050F0001384F7FFEF808031032F01010327C102E2
:1051000063040548938C1C009384140033098900C0
:1051100023A0990123A28900232221092320910899
:105120009307700093898900E3C2971483260103D3
:105130009307C106938414003389260123A0F90044
:1051400023A2D9002322210923209108930770006C
:105150001384890063D097CA032501001306C10791
:1051600093850A002326E1022328E101EF10402E57
:10517000631805CC032941080327C102032F01014D
:1051800013040B006FF00FC79306000103260108FC
:10519000E3D6F668B706028093864648232E91022E
:1051A0009305090093080001130907009303700099
:1051B000130704002326F103232A5102232CE103C1
:1051C00013840700938406006F00C000130404FFDB
:1051D00063DA8804938505011306160023209700DF
:1051E000232217012322B1082320C10813078700B7
:1051F000E3DEC3FC032501001306C10793850A0003
:10520000EF100025631E05C293080001130404FF7C
:10521000832541080326010813070B009303700040
:10522000E3CA88FA93860400832FC10283224103D4
:10523000032F81038324C103930704001304070091
:1052400013070900138905003309F9001306160036
:105250002322F4002320D400232221092320C10883
:10526000930770001304840063D0C7AE03250100C8
:105270001306C10793850A00232EE102232CE103C4
:10528000232A51022326F103EF10801C631A05BA6A
:10529000032941080327C103032F8103832241030C
:1052A000832FC10213040B006FF00FAA0325010026
:1052B0001306C10793850A00232CE102232AE10388
:1052C00023265102EF10C018631C05B603294108BC
:1052D00003278103032F41038322C10213040B0020
:1052E0006FF04FAD9306000183270108E3D2965477
:1052F000B706028093864648138D04009309000187
:10530000930C70002328E100938406006F00C00016
:10531000130D0DFF63D6A905130909019387170023
:105320002320940023223401232221092320F10881
:1053300013048400E3DEFCFC032501001306C1070F
:1053400093850A00EF10C010631C05AE130D0DFF0E
:10535000032941088327010813040B00E3CEA9FBAE
:10536000032701019386040093040D00330999007B
:10537000938717002320D40023229400232221099D
:105380002320F1089306700063DEF6A603250100D2
:105390001306C10793850A002328E100EF10400B94
:1053A000631005AA03294108032701016FF08FA5A7
:1053B000032641066354C0BA8327410183260101B5
:1053C0009389070063C8F62C6356300383270108CE
:1053D00033093901232094019387170023223401D4
:1053E000232221092320F10893067000130484006E
:1053F000E3CEF61A93C7F9FF93D7F741B3F9F90053
:1054000083270101B3893741634030378326410642
:105410008327410163D6F628832741020326010230
:1054200013048400232CF4FE832701083309C900E8
:10543000232EC4FE93871700232221092320F1087D
:1054400013067000E342F630832741010326010171
:10545000B386D740B389C74063D436019389060029
:10546000635A3003832701010326010833093901F8
:10547000B38CFC0013061600232094012322340170
:10548000232221092320C1089307700013048400FC
:10549000E3C0C73213C6F9FF1356F641B3F7C9008C
:1054A000B384F64063589094930600018327010863
:1054B000E3D8964EB7060280938646492326E1023A
:1054C000032D010013070400930900011384040055
:1054D000930C70002328E101938406006F00C00044
:1054E000130404FF63D6895C13090901938717002D
:1054F0002320970023223701232221092320F108AA
:1055000013078700E3DEFCFC1306C10793850A003E
:1055100013050D00EF00D0736314059203294108B1
:105520008327010813070B006FF09FFB9304000013
:10553000930C0B006FF00FC893761F00E39606B430
:105540002322F400232221092320910893077000CD
:10555000E3DE97BC032501001306C10793850A000B
:105560002326E1022328E101EF00906E631A058CE7
:1055700003294108832401080327C102032F0101E5
:1055800093090B006FF09FBA832641019307100027
:10559000E3DED7B893071001E3DED73EB7060280FB
:1055A0009386464993870900930C000193090700ED
:1055B000130D7000130709002328E1011389060069
:1055C0006F00C000130404FF63DA8C701307070137
:1055D0009384140023A0270123A297012322E1082A
:1055E0002320910893878700E35E9DFC032501003B
:1055F0001306C10793850A00EF0090656304050058
:105600006FF00F84032741088324010893070B00E0
:105610006FF05FFB93771F00639407006FE09FFDBF
:105620006FF08FF613170701135707419307070011
:105630006FF00FC3937F0904638C0FEA8327810007
:105640000327410083A707002390E7006FF04FEB8B
:1056500003278100130501048327070093044700F3
:1056600003A707002320E10403A747002322E10446
:1056700003A787002324E10483A7C7002326F1049E
:10568000EF904025232CA100232EB100232491006C
:105690006FF00F9D93890600E34A30D36FF09FD5DA
:1056A00093771F00E38207DA6FF01FD7032501000D
:1056B0001306C10793850A002326E1022328E1018E
:1056C000EF001059630405006FE09FF703294108BC
:1056D0000327C102032F010113040B006FF0CFED6C
:1056E000B70702809387C72E2324F1028326810007
:1056F0001377090183A70600938646002324D1006F
:10570000631A0700137709046306070093970701DC
:1057100093D707019376190013072000638806BE0C
:10572000638607BE930600032300D106A300A107EA
:10573000136929006FF08FBDB70702809387073088
:105740002324F1026FF09FFA93076000938409000D
:1057500063E83769B70C0280138704002324010132
:10576000938C4C316FE01FDC930600018327010806
:10577000E3DC3625B7060280930507009386464989
:10578000130704001306090013840900130D000118
:10579000930470002326E103138906009389050012
:1057A0006F00C000130404FF635A8D5613060601F0
:1057B00093871700232027012322A7012322C10852
:1057C0002320F10813078700E3DEF4FC0325010022
:1057D0001306C10793850A00EF0090476304050094
:1057E0006FE01FE6032641088327010813070B001B
:1057F0006FF05FFB032501001306C10793850A00C4
:105800002326E1022328E101EF0090446304050010
:105810006FE01FE303294108832401080327C10225
:10582000032F010193090B006FF09F8703250100EF
:105830001306C10793850A002326E1022328E1010C
:10584000EF001041630405006FE09FDF032941086A
:10585000832401080327C102032F010193090B00D0
:105860006FF0DF86930C0B001306A0001305900069
:1058700033F7C702938CFCFF9385070013070703D8
:105880002380EC00B3D7C702E364B5FEB3049B41A9
:10589000130F09006FF00F92032501001306C107D3
:1058A00093850A002326E1022328E101EF00503A04
:1058B000630405006FE0DFD8032641060329410891
:1058C0000327C102032F010113040B006FE09FECBB
:1058D000032881018327C10113060800130508006E
:1058E0009386070093850700EF809059E312050225
:1058F0001377FDFD9307F0FF2326E102136F0910D4
:105900006388F96E930770046302F7688327C10107
:10591000930200009384070063C0074E930760065C
:1059200013870900930630006310FD4E03268101A2
:105930001308810693074106130506009305050029
:10594000032501009308410713860400232A51020E
:10595000232AE1012328E100EF304006032701015B
:1059600093076006032F410183224103930C050036
:105970003308E500631CFD0083C60C009307000399
:105980006380F656832741063308F8008327810198
:10599000938504001306000013850700930600009A
:1059A000232A5102232A01012328E101EF70102646
:1059B000032F0101032841018322410363060542AD
:1059C0008327410763FE070193060003138717002F
:1059D000232AE1062380D70083274107E3E807FF56
:1059E000032741062328E100B3879741232AF100CA
:1059F0008327C102130770046384E71493076006CA
:105A00006312FD180327010193771900B3E73701EB
:105A10006356E07E639C077283240101130D6006C8
:105A200013870400638802509307D002A30FF10488
:105A3000930900006FE09FED032501001306C107E5
:105A400093850A002326E1022328E101EF0050207C
:105A5000630405006FE0DFBE032941080327C1028C
:105A6000032F010113040B006FF04FB10325010058
:105A70001306C10793850A002326E1022328E101CA
:105A8000EF00101D630405006FE09FBB0329410870
:105A900083240108032F01010327C10293090B008E
:105AA0006FF0CFE813850B00EFD04F856FE09F8C30
:105AB00093860400032F01019304040013040700DC
:105AC0000327C10233099900938717002320D400CC
:105AD0006FE0DFB063CC07688324C101930200004C
:105AE000930910000327810193074106930841079A
:105AF000130507009305050003250100130881061F
:105B0000138709009306200013860400232A5100FE
:105B10002328E101EF20906A93771900032F0101F8
:105B200083224101930C05006390075083274106AF
:105B30002328F10083274107B387A740232AF100D8
:105B4000032701019307D0FF634CF70263CAE90200
:105B50008327410103270101634CF750937F19000C
:105B60008327010163960F5C13C7F7FF1357F741B3
:105B700033F7E70093840700130D70066FF09FEA78
:105B8000130DEDFF032701012306A1079307B002C0
:105B90009308F7FF2322110763CC0832A306F1060E
:105BA0009307900063C0172D938708031307000322
:105BB000A307F106930740002307E1062328F1021B
:105BC000032741018326010393071000B304D70084
:105BD00063D2E7488327010223280100B384F4003D
:105BE00013C7F4FF1357F74133F7E4006FF09FE357
:105BF000832741028326010213048400232CF4FE30
:105C000083270108B3852601232ED4FE938717002E
:105C10002322B1082320F1089306700063C2F62006
:105C2000634406006FE0DFBB930600FFB304C0408F
:105C30006356D660B7060280938646492328E10062
:105C4000930900011307040013097000130D0F00DE
:105C5000138406006F00C000938404FF63D499444A
:105C6000938505019387170023208700232237019E
:105C70002322B1082320F10813078700E35EF9FC13
:105C8000032501001306C10793850A00EF00407C3D
:105C9000630405006FE0DF9A83254108832701082C
:105CA00013070B006FF05FFB13850C00EFD01F8212
:105CB0008346F1051347F5FF1357F74123280100E9
:105CC000930405003377E500130F090093090000E2
:105CD000638406006FE09FC36FE09FC3032F010141
:105CE0009306090013090700138709009389070029
:105CF000330989009384140023A0D9006FF08FC169
:105D0000B70C0280938C0C2E6FE0DFBE9307D0029D
:105D1000A30FF1049306D0026FE09FBC032FC102D2
:105D200093850900930609009309040013090600EE
:105D300013040700138705003309390193871700FF
:105D40002320D40023223401232221092320F10817
:105D5000930670001304840063DAF6EA0325010059
:105D60001306C10793850A00232AE1022326E103D3
:105D7000EF00006E630405006FE09F8C032941086B
:105D800003274103032FC10213040B006FF00FE838
:105D90001306C10793850A0013850B00EF00406BC3
:105DA0006FE01F8A930700006FE0DFD80325010032
:105DB0001306C10793850A00232AE1022326E10383
:105DC000EF000069630405006FE09F870329410825
:105DD00003274103032FC10213040B006FF08FE16F
:105DE000930460006FF01F97832741062328F1007A
:105DF000930708006FF05FBFB7040080B3C4F400DE
:105E00009302D0026FF09FB10327C10293075004A1
:105E1000E31AF7CC13871900930620006FF01FB127
:105E2000032501001306C10793850A002326E1021A
:105E30002328E101EF00C061630405006FE05F808B
:105E40000326410683254108832701080327C10251
:105E5000032F010113040B00634406006FE05F98F9
:105E60006FF09FDC1305B107930605001306A00031
:105E70001308300633E7C8029387060093850800AD
:105E80009386F6FF13070703A38FE7FEB3C8C80284
:105E9000E342B8FE938808031387E7FFA38F16FF3A
:105EA0006378A7389306E106034607001307170037
:105EB00093861600A38FC6FEE318A7FE1307010FF3
:105EC000B307F7409387F7F82328F1026FF05FCF0D
:105ED00093071000B388E7409307D0026FF01FCC00
:105EE00083268101938504001306000013850600B4
:105EF00093060000232C5102232A0103232AE100E8
:105F00002328E101EF708050032F01010327410195
:105F10000328410383228103631405268327410656
:105F20003308F8002328F100B3079841232AF10031
:105F30006FF05FAD8346F1059309000063840600AE
:105F40006FE0DF9C6FE0DF9C032501001306C107B3
:105F500093850A00232AE1022326E103EF00404F44
:105F6000630405006FE0CFED832641060329410855
:105F700003274103032FC10213040B006FF0CFCCA2
:105F800013090F00930700006FE09FA18327C10151
:105F9000E38209B49384070093020000E3D407B4BA
:105FA000B7040080B3C4F4009302D0026FF09FB333
:105FB000032501001306C10793850A002326E10289
:105FC0002328E101EF00C048630405006FE04FE7BC
:105FD0008326410683274101032941080327C10283
:105FE000032F010113040B00B386D7406FF08FCA53
:105FF000930960006FF09F918346F105232801000B
:106000001387090093840900130F09009309000006
:10601000638406006FE09F8F6FE09F8FB70602805A
:10602000938646486FF04FA2330835016FF01F96F4
:10603000B7060280938646486FF04FB3B7060280DA
:10604000938646496FE05FEC9307F0FF2322F1004F
:106050006FE04FE2937719002328F100E39C07B625
:1060600013C7F4FF1357F74133F7E4006FF09F9B1A
:106070008327410103270102B384E700832701013D
:106080006348F000832701013388F440930418002B
:1060900013C7F4FF1357F74133F7E400130D7006ED
:1060A0006FF05F98930604001304070003270101B3
:1060B000130F0D00B3859500938717002320D4009C
:1060C000232294002322B1082320F10893067000B4
:1060D00063C4F6006FE08FF0032501001306C107CB
:1060E00093850A002326E1022328E101EF004036D0
:1060F000630405006FE0CFD483254108832701089E
:106100000327C102032F010113040B006FE04FEDC1
:106110008327C10163C2070A8346F1059307700410
:1061200063C6A709B70C0280938C4C2E6FE08FFCDE
:1061300003270102130D7006B384E70013C7F4FFB1
:106140001357F74133F7E4006FF0DF8D8327010227
:106150003388E900130D6006B304F80013C7F4FF99
:106160001357F74133F7E4006FF0DF8BB70400807B
:10617000B3C4F4009302D002930910006FF09F960D
:1061800093071000B387E7402322F1063308F80095
:106190006FF0CFFFB7060280938646496FF05FB578
:1061A000B7060280938646496FF0DF91B70C0280F4
:1061B000938C8C2E6FE00FF49307D002A30FF104A1
:1061C0009306D0026FF09FF5B7060280938646498A
:1061D0006FF09FB68327810083A90700938747004C
:1061E00063C809002324F10093840D006FE08FAC95
:1061F0009309F0FF2324F1006FF01FFF639A07005B
:1062000013071000130D6006930410006FF09F81B8
:1062100083270102130D600613881700B3043801A9
:1062200013C7F4FF1357F74133F7E4006FF08FFF04
:10623000930720002328F1026FF09F98B706028091
:10624000938646496FF01FE79307050003A501C732
:106250009306060013860500938507006FE0CF8C38
:10626000130101B88397C50003D7E500232C8146AD
:1062700013840500B70501009385D5FF032E44065E
:106280000323C4018328440213170701B3F7B7009F
:10629000B3E7E70013080040232AF10093058100CB
:1062A00093070107232A914623282147232E1146CD
:1062B000130905002326C1072322610223261103A7
:1062C0002324F100232CF10023280101232E0101B6
:1062D00023200102EFE04F8593040500635C050273
:1062E0008357410193F70704638807008357C4006D
:1062F00093E707042316F4008320C1470324814752
:1063000003290147138504008324414713010148F1
:10631000678000009305810013050900EF10804499
:10632000E30005FC9304F0FF6FF09FFB83A7450695
:10633000130101FD23286101232611021397270170
:10634000130B06006358070E8327860023202103C2
:10635000232E3101232A51012326710113890500BF
:10636000832B060093090500930AF0FF6388070A50
:106370002324810223229102232C41012324810121
:1063800003AC4B0003A40B00135A2C0063060A064F
:10639000930400006F00C00013044400630C9A04CF
:1063A000832504001306090013850900EF10906B84
:1063B00093841400E31255FF0324810283244102D5
:1063C000032901028329C101032A8101832A410192
:1063D000832BC100032C81001305F0FF8320C10231
:1063E00023240B0023220B00032B010113010103C3
:1063F0006780000083278B00137CCCFFB387874125
:106400002324FB00938B8B00E39C07F6032481027B
:1064100083244102032A8101032C81000329010204
:106420008329C101832A4101832BC1001305000088
:106430006FF0DFFAEF1040418320C10223240B00EC
:1064400023220B00032B01011301010367800000CD
:1064500003278600630407006FF05FED2322060028
:106460001305000067800000130101F22326310D9F
:10647000232C810B2326B10B232E110C2320A100EA
:1064800093890500930D0600138C06006306050032
:1064900083274503E38E07588397C9001397270185
:1064A0006346070203A7490637260000B7E6FFFF49
:1064B000B3E7C7009386F6FF9397070193D7074189
:1064C0003377D7002396F90023A2E90613F7870054
:1064D0006308071203A709016304071293F7A701D2
:1064E0001307A000638EE712B70702802328210D4F
:1064F000232E710B130901069387474AB70B0280BD
:10650000232C810C232A910C2324410D2322510D8D
:106510002320610D232A910B2328A10B232621037D
:10652000232A010223280102130709002326010060
:10653000232201002328F10013040001938B8B61B7
:1065400083C70D006386071093840D0093065002E5
:106550006386D72E83C7140093841400E39A07FE42
:10656000338AB4416386B40F832641038327010332
:106570002320B701B306DA009387170023224701CF
:10658000232AD1022328F102130670001307870083
:106590006350F602E382062E032501001306C102B2
:1065A00093850900EFF09FD86318050A13070900C7
:1065B0008326410083C70400B38646012322D1000D
:1065C0006388070893871400A30301029306F0FF72
:1065D00093040000930C00001305800503C6070018
:1065E000938D1700930706FE6368F50E832501015E
:1065F00093972700B387B70083A70700678007003A
:106600000325010093850900EF109022E31E054C3D
:106610008397C9001307A00093F7A701E396E7EC5F
:106620008397E900E3C207EC032501008320C10D35
:1066300093060C0013860D00032C810B832DC10AD9
:10664000938509008329C10C1301010E6F00D04E00
:1066500083274103E39C074283D7C9000324810DAC
:106660008324410D93F707040329010D032A810CAC
:10667000832A410C032B010C832BC10B832C410B70
:10668000032D010BE39207468320C10D0325410032
:106690008329C10C032C810B832DC10A1301010E28
:1066A0006780000093040000930706FD1308900024
:1066B00003C60D0093952400B385950093951500AE
:1066C000B384B700930706FD938D1D00E372F8FEB7
:1066D000930706FEE37CF5F0E30C06F6230CC102FB
:1066E000A3030102130A1000130B1000930A810385
:1066F00093060000130F00000326010393FF4C08CC
:106700008327410393051600138E050063960F003F
:10671000338D4441E340A00383457102638A05023F
:1067200013067102938717002320C7001306100079
:106730002322C700232AF1022328C1031306700075
:106740006342C67913060E0013078700130E1E005E
:1067500063000F0613068102938727002320C700DA
:10676000130620002322C700232AF1022328C10395
:10677000130670006358C67BE386071003250100EB
:106780001306C10293850900232AD1002324F101B5
:10679000EFF0DFB9E31205EC032601038327410381
:1067A00083264101832F810013070900130E160071
:1067B000930500086382BF54338D66416348A0632C
:1067C000B307FB002320570123226701232AF1028C
:1067D0002328C1039306700063D4C651638807065B
:1067E000032501001306C10293850900EFF01FB4D1
:1067F000E31405E6832741031307090013F34C0054
:1068000063060300338B4441634E600563D4440147
:1068100093040A0003274100330797002322E10075
:10682000639E076623280102130709006FF05FD1FA
:1068300093EC0C0193870D006FF05FDA338AB4415B
:10684000E394B4D383C704006FF09FD723280102D9
:1068500013F34C006300037C338B4441635C607B27
:10686000130709009306000103260103E3D86625F8
:10687000370E0280130E8E60130D0001930A700014
:106880006F0080019305260013078700138606001A
:10689000130B0BFF635C6D059387070193061600CE
:1068A0002320C7012322A701232AF1022328D10292
:1068B000E3DADAFC638A0742032501001306C1020A
:1068C000938509002324C101EFF05FA6E31605D8E4
:1068D00003260103130B0BFF83274103032E8100C3
:1068E0001307090093051600E3486DFBB3876701A2
:1068F0002320C70123226701232AF1022328B102A2
:1069000013077000E354B7F0638607700325010096
:106910001306C10293850900EFF05FA1E31E05D2C3
:10692000832741036FF09FEE93F70C0103260C00C1
:10693000130C4C00639A071093F50C0493070600A0
:10694000E3920500634006040345710263C8060430
:1069500093FCFCF763140604E39A0616130A00007E
:10696000130B0000930A090063040500130A1A00C0
:1069700013FF2C00E3020FD8130A2A00130F200084
:106980006FF09FD79307D002A303F102B307C04073
:1069900063C4060093FCFCF71305D00213069000B5
:1069A0006364F6749387070393F7F70FA30FF1045B
:1069B000138A06006344D000130A1000130B100062
:1069C000930AF105E31405FA6FF09FFA83240C0093
:1069D000130C4C00E3D004E6B304904093EC4C005D
:1069E00093870D006FF09FBF03C60D009307A002B1
:1069F00093881D00E300F610930706FD93069000B0
:106A00009305000013089000E3E4F60A03C60800AB
:106A100093962500B386B60093961600B385D700EB
:106A2000930706FD93881800E372F8FE938605002D
:106A300063C00574938D08006FF0DFBA03260C0065
:106A400093EC0C01130C4C00930706006FF09FEFC2
:106A500093EC0C0893870D006FF05FB89307B002BA
:106A6000A303F10293870D006FF05FB793EC1C0056
:106A700093870D006FF09FB683477102E39C07DA9E
:106A800093070002A303F10293870D006FF01FB577
:106A900083270C00A3030102130C4C00230CF1020A
:106AA000130A1000130B1000930A81036FF05FC4E8
:106AB00083270C0013EB0C01130C4C00A303010201
:106AC00013061000930C0B0013050000E3C806EC3E
:106AD000937CFBF76392075663920674631E065E0F
:106AE000137B1B0063020B6493070003A30FF104E5
:106AF000130A0B00930AF1056FF09FE783270C0040
:106B000013EB0C01130C4C00A3030102130600004D
:106B1000930C0B00E3DE06FA930A090013F67700E4
:106B200013060603A38FCAFE93D7370093850A0086
:106B3000938AFAFFE39407FE93F71C00638A071613
:106B4000930700036306F6169385E5FFA38FFAFE0D
:106B5000330BB940138A060063C66661938A050049
:106B60006FF01FE113F60C0183270C00130C4C008F
:106B7000631A060013F60C046306060093970701D8
:106B800093D70701138B0C006FF01FF893F70C01DC
:106B90006390070213F30C04630C030083270C00BB
:106BA00083264100130C4C002390D7006FF05F99AF
:106BB00083270C0083264100130C4C0023A0D70030
:106BC0006FF01F9893EC0C0493870D006FF01FA1DA
:106BD00013F60C0183270C00130C4C00631A0600FB
:106BE00013F60C04630606009397070193D7070179
:106BF000138B0C006FF09FEC832A0C00A30301029F
:106C0000130C4C00638A0A6263CA06561386060098
:106C10009305000013850A00232AE1002324D100F4
:106C2000EF10C06E8326810003274101138B0600FD
:106C300063040500330B554183477102134AFBFF80
:106C4000135AFA41337A4B0193060000130F0000E8
:106C5000E39E07D06FF05FAA378600001306068315
:106C60002314C102370602801306063083270C0066
:106C700093EC2C00130C4C002326C100A30301024B
:106C8000138B0C0013062000E3D406E4930A0900DA
:106C90008325C10013F6F700938AFAFF3386C500F7
:106CA0000346060093D747002380CA00E39207FEFD
:106CB000330B5941138A0600E3DC66CB130A0B0041
:106CC0006FF01FCB130710002328E10293070B007E
:106CD0002320510723226107232A61031307090098
:106CE000130787006FF09FB1930510001306000093
:106CF000130709006FF0DFB9338D4441E35EA0ABA9
:106D00009305000163D8A55DB70502809385856171
:106D10002324B100130E0001130F70006F008001D7
:106D2000130526001307870013860500130D0DFFBA
:106D30006352AE0703258100938707019305160070
:106D40002320A7002322C701232AF1022328B1020E
:106D5000E358BFFC63800716032501001306C10238
:106D600093850900232AD100EFF04FDCE316058E4E
:106D700003260103130E0001130D0DFF83274103AA
:106D8000832641011307090013051600130F700035
:106D9000E342AEFB03268100B387A7012322A701AC
:106DA0002320C700232AF1022328A1021306700022
:106DB0006352A6386388074A032501001306C102FF
:106DC000938509002324D100EFF04FD6E316058800
:106DD000832681000326010383274103338D664107
:106DE00013070900130E1600E35CA09D6354A4472B
:106DF00023247101930E70006F008001130E260092
:106E00001307870013860500130D0DFF635AA405B1
:106E1000938707019305160023207701232287001B
:106E2000232AF1022328B102E3DABEFC63800706BD
:106E3000032501001306C10293850900EFF00FCF6F
:106E4000E31C058003260103130D0DFF8327410377
:106E500013070900130E1600930E7000E34AA4FBFB
:106E600083268100B387A7012322A7012320D7000F
:106E7000232AF1022328C1039306700063C8C61DAC
:106E800013078700130E1E006FF09F93130E100060
:106E900013060000130709006FF01FF70325010018
:106EA0001306C10293850900EFF04FC8E30C059665
:106EB0006FF08FFA13051000130600001307090086
:106EC0006FF0DFE663820704032501001306C102A9
:106ED00093850900232CD100232AF1012324E10109
:106EE000EFF0CFC4631A05F603260103832741039D
:106EF00083268101832F4101032F8100130709009D
:106F0000130E16006FF0DF8463060F2493078102CF
:106F10002320F106930720002322F106130E100010
:106F20001307090013060E0013078700130E1E0037
:106F30006FF01F88130500016354A537370E0280D8
:106F4000130E8E60930E0001930270006F00C0015B
:106F5000130526001307870013860500130D0DFF88
:106F600063DCAE0793051600938707012320C70152
:106F70002322D701232AF1022328B102E3DAB2FC4B
:106F800063820708032501001306C10293850900E7
:106F9000232EC101232CD100232AF1012324E10156
:106FA000EFF0CFB8631A05EA03260103930E000140
:106FB000130D0DFF83274103032EC1018326810199
:106FC000832F4101032F81001307090013051600C9
:106FD00093027000E3C8AEF9B387A7012320C7016D
:106FE0002322A701232AF1022328A10213067000FD
:106FF0006342A60A13078700130E15001306050047
:107000006FF08FF11306000013051000130709003D
:107010006FF0DFF463D4440193040A008327410036
:10702000B38797002322F1006FF0CFFF13F3FCF733
:10703000936C23001306200093051000630EB62CFA
:1070400093052000E31AB6AC6FF05FC4E38C07C66B
:10705000032501001306C10293850900EFF00FAD6F
:10706000631C05DE032E0103832741031307090078
:10707000130E1E006FF0CFF423280102130709003E
:107080006FF00FD3130E1000130600001307090052
:107090006FF00FF263820716032501001306C10289
:1070A00093850900232CD100232AF1012324E10137
:1070B000EFF0CFA7631205DA03260103832741030C
:1070C00083268101832F4101032F810013070900CB
:1070D000130E16006FF04FE4130A0000130B0000AC
:1070E000930A09006FF0DF88930A09009305A00056
:1070F000930E900033F6B702938AFAFF138E0700BF
:10710000130606032380CA00B3D7B702E3E4CEFF19
:10711000330B5941138A0600E3D86685130A0B0026
:10712000E31605846FF0DF84130A0000930A090058
:107130006FF01F8413078700130E15001306050058
:107140006FF08FE7131606011356064193070600EA
:107150006FF04FFF13060000130E10001307090015
:107160006FF00FE5130A0B00938A05006FF05F8044
:107170009306F0FF938D08006FF0CFC613850A00C9
:107180002324E100EFC08FB403278100130B050017
:107190006FF09FAAB70702809387C72E2326F100BE
:1071A00093F50C0183270C00130C4C00639A050027
:1071B00093F50C04638605009397070193D70701A5
:1071C00093F51C00E38C05AAE38A07AA9305000344
:1071D0002304B102A304C102A3030102E3D806E41D
:1071E00093EC2C006FF09FAAB707028093870730BB
:1071F0002326F1006FF0DFFA0347710263000708EE
:10720000930771022320F106930710002322F10651
:10721000130E1000130709006FF0CFD29305100072
:10722000E310B6E213050000930700036FF00FF8B8
:10723000EFB0DF8C6FF04FA693076000138B060052
:1072400063EAD70237080280130A0B00930A483119
:107250006FF00FCAB7060280938686612324D1009F
:107260006FF01FC0130E1000130600001307090073
:107270006FF08FD4130B60006FF0DFFC130600007B
:10728000130E1000130709006FF08FCC03250100C7
:107290001306C10293850900EFF04F896FF0CFBB51
:1072A000370E028013850500130E8E606FF0DFD25B
:1072B000938D0800930600006FF0CFB2370E028066
:1072C00093051600130E8E606FF04FE293070003D4
:1072D0006FF0CFED370602801306866113050E00AE
:1072E0002324C1006FF01FAB9307F0FF2322F100AE
:1072F0006FF08FB983260C00130C4C0063C8060096
:10730000938D080093870D006FF04FAD9306F0FF4B
:10731000938D08006FF01FFF130500006FF00FE85A
:107320009307050003A501C7930606001386050011
:10733000938507006FF04F93130101B88397C50041
:1073400003D7E500232C814613840500B70501000F
:107350009385D5FF032E44060323C40183284402EA
:1073600013170701B3F7B700B3E7E70013080040AE
:10737000232AF1009305810093070107232A9146F0
:1073800023282147232E1146130905002326C10770
:1073900023226102232611032324F100232CF10070
:1073A00023280101232E010123200102EFF0CF8BBE
:1073B00093040500635C05028357410193F70704BA
:1073C000638807008357C40093E707042316F4007B
:1073D0008320C14703248147032901471385040003
:1073E0008324414713010148678000009305810011
:1073F00013050900EF000037E30005FC9304F0FFDC
:107400006FF09FFB130101FF2326110023202101B0
:107410006388050223248100232291001384050040
:10742000930405006306050083274503638C070C5E
:107430008317C40063920702032481008324410060
:107440008320C1001309000013050900032901006E
:1074500013010101678000009305040013850400F7
:10746000EF00800B8327C40213090500638A07001D
:107470008325C40113850400E780070063440506E3
:107480008357C40093F70708639607068325040310
:10749000638C0500930704046386F50013850400DC
:1074A000EFC04FBC232804028325440463880500F1
:1074B00013850400EFC00FBB23220404EFB04FE696
:1074C00023160400EFB00FE68320C10003248100DF
:1074D0008324410013050900032901001301010160
:1074E000678000008357C4001309F0FF93F7070873
:1074F000E38E07F88325040113850400EFC08FB6DF
:107500006FF0DFF8EFB08FDF6FF09FF293050500AB
:1075100003A501C76FF01FEF0397C500130101FE1C
:10752000232C810023263101232E1100937787001D
:10753000138405009309050063900712B717000034
:107540009387078083A64500B367F7002396F5006D
:107550006352D018032884026304080E232A910082
:107560009316370183A4090023A009008325C401D1
:1075700063CE06161306000093061000138509005B
:10758000E70008009307F0FF130605006304F51AEF
:107590008317C400032884028325C40193F747009E
:1075A000638E070003274400832704033306E64065
:1075B000638607008327C4033306F6409306000062
:1075C00013850900E70008009307F0FF6314F51224
:1075D00083A609009307D0010317C40063EAD716F6
:1075E000B707402093871700B3D7D70093F717004A
:1075F0006380071603260401B7F7FFFF9387F77F21
:10760000B377F7002316F400232204002320C400DC
:107610009317370163D407006382061083250403A0
:1076200023A0990063840510930704046386F50082
:1076300013850900EFC00FA383244101232804020E
:10764000130500008320C101032481018329C100A7
:1076500013010102678000002328210103A905010D
:1076600063020908232A910083A4050013773700D9
:1076700023A02501B384244193070000631407006D
:1076800083A745012324F400634890006F00400560
:107690003309A90063569004832744028325C4015B
:1076A000938604001306090013850900E78007008C
:1076B000B384A440E34EA0FC0317C40003290101D6
:1076C00013670704832441012316E4001305F0FF28
:1076D0006FF05FF783A6C503E34ED0E66FF05FF669
:1076E00083244101032901016FF09FF5032604055E
:1076F0006FF0DFEA0317C40083260401B7F7FFFF2A
:107700009387F77FB377F7002316F4002322040052
:107710002320D40093173701E3D207F08325040315
:107720002328A40423A09900E39005F083244101B9
:107730006FF01FF183A70900E38C07E41307D00162
:10774000638CE700130760016388E7000317C40038
:10775000136707046FF01FF723A0990083244101EA
:107760006FF01FEE130101FE232C8100232E110068
:10777000130405006306050083274503638A070297
:107780008397C500639C07008320C1010324810106
:1077900013050000130101026780000013050400B7
:1077A000032481018320C101130101026FF0DFD6A0
:1077B0002326B100EFB08FB48325C1006FF05FFCCA
:1077C000630005069305050003A501C763060500D0
:1077D00083274503638C07008397C50063960700E2
:1077E00013050000678000006FF01FD3130101FE36
:1077F0002326B1002324A100232E1100EFB00FB0E7
:107800008325C100032581008397C5006398070283
:107810008320C101130500001301010267800000ED
:1078200037160280B775008037150280130646C3ED
:1078300093854576130505C46FB00FB28320C1014F
:10784000130101026FF05FCD832786006384072C4C
:107850008396C500130101FD23248102232C4101DD
:10786000232861012326110293F78600130B0600DB
:10787000130A050013840500638E070883A705011A
:10788000638A07082322910223202103232E31013A
:10789000232A510193F7260083240B006384070AEF
:1078A000832744028325C401B70A0080930900009E
:1078B00013090000938A0AC01386090013050A0001
:1078C000630209049306090063F42A0193860A00FF
:1078D000E78007006350A04683278B00B389A90087
:1078E0003309A940B387A7402324FB006386071A06
:1078F000832744028325C4011386090013050A0067
:10790000E31209FC83A9040003A9440093848400C2
:107910006FF09FFA9305040013050A00EF00407111
:10792000631C051C8316C40023229102232021031B
:10793000232E3101232A510193F7260083240B00C3
:10794000E39007F6232671012324810193F71600A3
:107950006396071C8327040003278400B70A00806E
:1079600023229101930B000093090000938AFAFFF0
:1079700013850700130C07006382091013F6062015
:1079800063080628930C070063E6E93213F70648FC
:10799000630A070803264401832504011317160010
:1079A0003307C7003389B740135CF701330CEC0091
:1079B00093071900135C1C40B387370113060C00B2
:1079C0006376FC00138C07001386070093F60640CD
:1079D000638E06309305060013050A00EFC0CF98AA
:1079E000930C0500630C053483250401130609007C
:1079F000EFB09F938357C40093F7F7B793E7070857
:107A00002316F40033852C01B3072C41232894015D
:107A1000232A84012320A400138C09002324F400CA
:107A2000938C090013860C0093850B00EF00103235
:107A30000327840083270400138909003307874143
:107A4000B38797012324E4002320F4009309000066
:107A500083278B00B38B2B01B38727412324FB00A3
:107A60006386070283270400032784008316C4006B
:107A700013850700130C0700E39209F083AB0400A1
:107A800083A94400938484006FF09FEE832BC10090
:107A9000032C8100832C41008320C1020324810236
:107AA00083244102032901028329C101832A410160
:107AB000032A8101032B01011305000013010103B7
:107AC000678000009305040013050A00EFF09FC9CA
:107AD000630E050A8317C400832BC100032C8100A9
:107AE00083244102032901028329C101832A410120
:107AF00093E707042316F4008320C10203248102C4
:107B0000032A8101032B01011305F0FF1301010377
:107B1000678000001305000067800000930A0000E2
:107B200013050000130C000093090000638209088C
:107B3000630A050893870A00938B090063F43701F1
:107B4000938B070003250400832704010329840085
:107B50008326440163F6A7003309D90063447909F9
:107B600063C0DB16832744028325C40113060C007F
:107B700013050A00E780070013090500E35CA0F481
:107B8000B38A2A4113051000E38E0AF283278B0083
:107B9000330C2C01B3892941B38727412324FB00EF
:107BA000E39607F8832BC100032C81006FF0DFEE12
:107BB00083A944009387040093848400E38A09FE28
:107BC00003AC0700138609009305A00013050C0001
:107BD000EF00C073630A051413051500B30A85414D
:107BE0006FF05FF593050C0013060900EF00101607
:107BF000832704009305040013050A00B3872701B7
:107C00002320F400EFF01FB6E30C05F66FF09FECB5
:107C10008326040163E2F6040326440163EEC902ED
:107C20009387090063F43A0193870A00B3E6C70219
:107C3000032744028325C40113860B0013050A00A1
:107C4000B386D740E700070013090500635AA00474
:107C5000B38929416FF0DFDF1309070063F4E900FE
:107C600013890900138507001306090093850B008B
:107C7000EF00D00D0327840083270400330727413A
:107C8000B38727012324E4002320F400E31207FC38
:107C90009305040013050A00EFF0DFACE30A05FAD0
:107CA0008317C400832BC100032C8100832C410067
:107CB0006FF01FE3138C0900938C09006FF09FD6BF
:107CC00013860B0093050C00EF0050080327840077
:107CD0008327040013890B0033077741B3877701AB
:107CE0002324E4002320F4006FF09FE913050A0029
:107CF000EF304055930C0500E31605D083250401B1
:107D000013050A00EFB01FB68317C4001307C000A5
:107D1000832BC100032C8100832C41002320EA0027
:107D200093F7F7F76FF0DFDB93871900938A07006B
:107D30006FF09FE08317C4006FF09FDA1307C00055
:107D40008317C400832BC100032C8100832C4100C6
:107D50002320EA006FF0DFD8130101FE232C8100FD
:107D6000232E110013040500630605008327450335
:107D700063800706832786009387F7FF2324F60096
:107D800063DC07000327860163CAE70293F7F50F58
:107D90001307A0006384E7028327060013F5F50F9D
:107DA000138717002320E6002380B7008320C1013A
:107DB0000324810113010102678000001305040000
:107DC000032481018320C101130101026F00000C13
:107DD0002326C1002324B100EFA05FD20326C100F7
:107DE000832581006FF01FF9130101FE232A210171
:107DF00003A901C7232C9100232E11009304050031
:107E000063060900832749036388070683A7850063
:107E10009387F7FF23A4F50063DC070003A7850120
:107E200063CCE70293F7F40F1307A0006386E70221
:107E300083A7050013F5F40F1387170023A0E500AF
:107E4000238097008320C1018324810103294101FC
:107E500013010102678000008320C1011386050021
:107E6000130509009385040003294101832481013E
:107E7000130101026F008001130509002326B100E0
:107E8000EFA0DFC78325C1006FF05FF8130101FE8B
:107E9000232C8100232A910023282101232E110065
:107EA000130905009384050013040600630605000A
:107EB0008327450363800716832784010317C400C3
:107EC0002324F40093778700638007088327040145
:107ED000638C0706232631019316270193F9F40FCB
:107EE00093F4F40F63D806080327040083264401A3
:107EF000B307F74063D8D70A832684001306170018
:107F00002320C4009386F6FF2324D40023003701E6
:107F100003274401938717006302F70C8357C400BB
:107F200093F71700639A070C8329C1008320C101CE
:107F300003248101032901011385040083244101E5
:107F40001301010267800000930504001305090076
:107F5000EF00000E631E05080317C400232631013D
:107F6000832704019316270193F9F40F93F4F40F78
:107F7000E3CC06F68326440637E6FFFFB72500006C
:107F80003367B7001306F6FFB3F6C6002316E40006
:107F9000032704002322D40683264401B307F740B5
:107FA000E3CCD7F49305040013050900EFF08FFB31
:107FB000631E050203270400832684009307100034
:107FC000130617009386F6FF2320C4002324D40051
:107FD0002300370103274401E312F7F4930504005B
:107FE00013050900EFF00FF8E30005F48329C10041
:107FF0009304F0FF6FF09FF39307A000E396F4F271
:108000009305040013050900EFF0CFF5E30E05F02A
:108010006FF0DFFDEFA09FAE6FF01FEA9307050042
:1080200003A501C713860500938507006FF01FE6BF
:1080300083A701C7130101FF23248100232291009C
:1080400023261100930405001384050063860700AE
:1080500003A74703630C070E8317C40013F78700B9
:10806000630A0706032704016306070893F617004F
:1080700063880602832644012324040013050000BC
:10808000B306D040232CD400630A07028320C1002A
:108090000324810083244100130101016780000053
:1080A00093F627001306000063940600032644019C
:1080B0002324C40013050000E31A07FC13F7070884
:1080C000E30607FC93E707042316F4001305F0FF0B
:1080D0006FF0DFFB13F707016300070813F7470092
:1080E000631C07020327040193E787002316F400AB
:1080F000E31E07F693F6072813060020E388C6F66A
:108100009305040013850400EF30407E8317C400FC
:10811000032704016FF09FF583250403638E050098
:10812000130704046388E50013850400EFB08FF3A0
:108130008317C400232804020327040193F7B7FD23
:10814000232204002320E4006FF01FFA13850700A8
:10815000EFA0DF9A6FF05FF01307900023A0E40018
:1081600093E707042316F4001305F0FF6FF01FF2E6
:10817000130101FE232C8100232A910023282101D1
:10818000232E110013090500938405001304060033
:10819000EF00002C93071000631CF5009387F4FF99
:1081A0001307E00F6366F700230691006F0040029B
:1081B0009306C405138604009305C1001305090046
:1081C000EF30C0629307F0FF6304F508630C05020B
:1081D000832784008345C1009387F7FF2324F4009D
:1081E00063DA07000327840163CCE7029307A0004A
:1081F0006388F50283270400138717002320E40017
:108200002380B7008320C1010324810103290101D8
:1082100013850400832441011301010267800000DB
:108220001306040013050900EFF05FC69307F0FF83
:10823000E31AF5FC1305F0FF8320C101032481013B
:108240008324410103290101130101026780000019
:108250008357C4001305F0FF93E707042316F400C7
:108260006FF09FFD8317C600139727016340070235
:1082700003274606B7260000B3E7D700B72600005D
:108280003367D7002316F6002322E6066FF05FEE71
:10829000130101FE232C810003A401C7232E11002A
:1082A0001386050093050500630604008327440335
:1082B000638007048317C6001397270163400702F2
:1082C00003274606B7260000B3E7D700B72600000D
:1082D0003367D7002316F6002322E60613050400B1
:1082E000032481018320C101130101026FF05FE8C3
:1082F0002324A100130504002326C100EFA01F8042
:108300000326C100832581006FF0DFFA93773500E3
:1083100093F6F50F638A07029307F6FF630E0602D2
:108320001306F0FF6F008001130515001377350069
:10833000630E07009387F7FF6380C70203470500BA
:10834000E314D7FE67800000930706001307300090
:108350006368F7006390070613050000678000005C
:1083600093F5F50F13978500B305B7001397050133
:10837000B708FFFE37888080B385E5009388F8EF63
:1083800013080808130330006F0000019387C7FF2C
:1083900013054500E370F3FC0327050033C7E50030
:1083A000330617011347F7FF3377E60033770701EA
:1083B000E30E07FCB307F5006F00C00013051500BE
:1083C000E38CA7F803470500E31AD7FE6780000097
:1083D000130101FF2326110023229100630E0602E0
:1083E000B70502809385C56213050600232481002A
:1083F00013040600EF004026B70402806312050252
:1084000003248100138584628320C10083244100FA
:108410001301010167800000B70402806FF09FFE26
:108420009385846213050400EF000023E30A05FC32
:10843000B7F500809385450113050400EF00C021C6
:10844000E30005FC03248100130500006FF0DFFB4F
:1084500003C541BD67800000130101FF2326110001
:1084600023229100638E05022324810013840500DA
:10847000B70502809385C56213050400EF00C01D97
:10848000B70402806312050203248100138584620D
:108490008320C10083244100130101016780000093
:1084A000B70402806FF09FFE938584621305040079
:1084B000EF00801AE30A05FCB7F5008093854501BB
:1084C00013050400EF004019E30005FC03248100BC
:1084D000130500006FF0DFFB1305050F6780000038
:1084E0001385C1B9678000001385C1B9678000009A
:1084F000130101FF232481002322910013040500AE
:10850000138505002326110023A401C8EF800F94D2
:108510009307F0FF630CF5008320C1000324810062
:1085200083244100130101016780000083A781C8F3
:10853000E38407FE8320C1002320F400032481008C
:1085400083244100130101016780000063F6A50246
:108550003387C5006372E502B307C50063060604EE
:108560008346F7FF9387F7FF1307F7FF2380D700B2
:10857000E318F5FE678000009307F00063E8C70288
:10858000930705009306F6FF6302060C9386160018
:10859000B386D70003C7050093871700938515009E
:1085A000A38FE7FEE398D7FE67800000B367B500AE
:1085B00093F7370063960708930806FF93F808FFC0
:1085C00093880801B306150113870500930705007A
:1085D00003280700130707019387070123A807FF54
:1085E000032847FF23AA07FF032887FF23AC07FFC1
:1085F0000328C7FF23AE07FFE39CD7FC1378C60010
:10860000B38515011377F600630408041308C7FF48
:108610001378C8FF13084800B387060113870500C5
:1086200083280700938646001307470023AE16FFF2
:10863000E398F6FE13763600B38505016FF09FF4DC
:108640009306F6FF930705006FF05FF46780000064
:10865000130607006FF01FF33367B5009303F0FFB5
:108660001377370063100710B7877F7F9387F7F77B
:108670000326050083A60500B372F6003363F600F7
:10868000B382F200B3E26200639272106316D608FE
:108690000326450083A64500B372F6003363F60057
:1086A000B382F200B3E26200639E720C6316D606D8
:1086B0000326850083A68500B372F6003363F600B7
:1086C000B382F200B3E262006398720C6316D604C0
:1086D0000326C50083A6C500B372F6003363F60017
:1086E000B382F200B3E262006392720C6316D602A8
:1086F0000326050183A60501B372F6003363F60075
:10870000B382F200B3E26200639C720A1305450172
:1087100093854501E30ED6F41317060193970601DE
:10872000631EF7001357060193D706013305F74080
:108730009375F50F639005026780000013570701DA
:1087400093D707013305F7409375F50F6394050040
:10875000678000001377F70F93F7F70F3305F740A3
:10876000678000000346050083C605001305150059
:10877000938515006314D600E31606FE3305D64034
:10878000678000001305450093854500E31CD6FC77
:1087900013050000678000001305850093858500A0
:1087A000E312D6FC13050000678000001305C50026
:1087B0009385C500E318D6FA130500006780000012
:1087C0001305050193850501E31ED6F81305000086
:1087D00067800000130101FE232A91008327050111
:1087E00083A40501232E110063C0971C9384F4FF1A
:1087F00013932400232C8100138445012326310187
:1088000023244101B3096400130A450183A7090029
:1088100033036A0003270300232821012322510187
:10882000938717003359F702930A0500636AF70A22
:10883000370501009308040013080A00930E000096
:10884000930600001305F5FF03A70800032E080098
:10885000130848003376A70013570701B377AE001B
:10886000135E0E019388480033062603330727035F
:108870003306D601B37EA600B387D741135606014F
:10888000B387D70093D60741B3F7A7003307C700D4
:108890003376A700B386C640B386C6011396060199
:1088A000B3E7C700232EF8FE935E070193D6064177
:1088B000E3FC19F983270300639407021303C3FF42
:1088C00063686A006F0080019384F4FF63786A0034
:1088D000832703001303C3FFE38807FE23A89A003E
:1088E00013850A00EF20401C634C05083705010082
:1088F00093050A00130700001305F5FF83A6050082
:108900000326040093854500B3F7A6003378A6003C
:10891000B3870741B387E70013D707411356060112
:1089200093D606013307C7403307D70093160701D4
:10893000B3F7A700B3E7D7001304440023AEF5FE56
:1089400013570741E3FC89FA93972400B307FA0011
:1089500003A70700631407029387C7FF6368FA0041
:108960006F0080019384F4FF6378FA0003A7070087
:108970009387C7FFE30807FE23A89A00130919008D
:10898000032481018320C1018329C100032A8100BE
:10899000832A4100832441011305090003290101B1
:1089A00013010102678000008320C101832441017B
:1089B00013050000130101026780000003238503F3
:1089C000130101F4232C810A232A910A2328210B65
:1089D0002322510B2326B109232E110A2326310B02
:1089E000232EE100232AF100232811012326B102BE
:1089F0002324C10013040500938D05009304060091
:108A0000938A060013090800630203020327C503C3
:108A10009307100093050300B397E7002322E300B8
:108A20002324F300EF10006C232C0402938904002C
:108A30009306000063DC04009394140093D71400A1
:108A40002324F10093890700930610003707F07F75
:108A50002320D900B3F6E9006388E660832481000F
:108A600013850D0013060000938504009306000093
:108A70002320B10323229102EF405019631A050409
:108A800003274101930710002320F700032701016A
:108A900063080700B70702809387D7312320F700C8
:108AA000B70902809389C9318320C10B0324810B4C
:108AB0008324410B0329010B832A410A832DC1081A
:108AC000138509008329C10A1301010C6780000086
:108AD00013860400130781079306C10793850D00D1
:108AE000130504002324410B2320610B232E71095D
:108AF000232C8109232A91092328A10913D949018B
:108B0000EF20403E930405006312095A832B81072E
:108B10000329C1079307000233892B011307294357
:108B2000E3D0E73293070004B387E74013052941F8
:108B3000B397F90033D5AD0033E5A700EF50504DA2
:108B4000B70710FE9306100013070500B387B700A0
:108B50001309F9FF2324D10403A641C283A681C2CD
:108B60001305070093850700EF50002103A6C1C23B
:108B700083A601C3EF40D03203A641C383A681C3BD
:108B8000EF309003130A05001305090093890500CF
:108B9000EF50903C03A6C1C383A601C4EF40503000
:108BA000130605009386050013050A009385090046
:108BB000EF309000130B050093890500EF509031C2
:108BC000130A05009385090013050B001306000026
:108BD00093060000EF40501C6350050213050A0085
:108BE000EF50903713060B0093860900EF401002F8
:108BF0003335A000330AAA4033892B419307600123
:108C0000130BF9FFE3E8471D3707028093173A007B
:108C10001307076EB387E70003A6070083A6470084
:108C20000325010283254102EF401017E35A051E78
:108C3000130AFAFF232E0102232C0100634C0B4878
:108C400063540A4A8327810123244103B3874741A0
:108C5000232CF100B3074041232CF102930790002D
:108C6000130A000063EC574993075000E3D0571FE5
:108C7000938ACAFF9307300013090000E388FA6261
:108C8000E3D0575F93074000E390FA529307100038
:108C90002328F1020326C101E352C0602326C10448
:108CA000130C060093067001130710009307400091
:108CB00063C4C6006F10802F9397170093864701F7
:108CC0009305070013071700E378D6FE232EB4029E
:108CD00013050400EF10C035930905006314050067
:108CE0006F10002B232CA4029307E00063E6874F4C
:108CF0006304094E83268102E35AD05E93F7F6009F
:108D0000370702801307076E9397370093DC4640BE
:108D1000B387E70093F60C0103A8070003A74700F9
:108D2000E3880652B707028003A6077F83A6477F22
:108D300003250102832541022328E10423200105A4
:108D4000EF301074032801040327010593FCFC0095
:108D500013030500138D050013093000638C0C0408
:108D6000B70B028023208104938B0B7D1304090031
:108D7000930507001309030093F71C00638E070097
:108D800003A60B0083A64B00130508001304140070
:108D9000EF4010111308050093DC1C40938B8B00EF
:108DA000E39C0CFC130309001309040003240104D1
:108DB0001387050093060700130608001305030038
:108DC00093050D00EF30D06B130705009387050066
:108DD0008326C1036388060203A641C483A681C417
:108DE00013050700938507002328E1042320F104DD
:108DF000EF40807A832701040327010563540500AF
:108E00006F100001130509002320F1062320E1045F
:108E1000EF5090140327010483270106130607006F
:108E2000938607002328E1042320F104EF40500734
:108E300003A641C583A681C5EF300058B706C0FC24
:108E40008327010403270105930C0500B38BB600AB
:108E5000630E0C3283268102232081072324D1064E
:108E600013050700938507002328E1042320F1045C
:108E7000EF505006832701063706028013090500CC
:108E80009386F7FF939636009307066EB386D70056
:108E900003A846002326F10683A70600232E01051A
:108EA00023229107232CF104EF50100B0327010517
:108EB00083270104130605009386050013050700A8
:108EC00093850700EF40506B03270103138D1900B2
:108ED000130309032320A105930C05001373F30F5B
:108EE000E304075A03A541C6032681058326C1056D
:108EF0002320B10483A581C623286104EF30505894
:108F00000326410693860B00EF4010678328010477
:108F10000323010513860C00938608002380690053
:108F200013090500938B0500EF40005783280104C7
:108F30006354A0006F00507883A741C403A881C484
:108F4000232C41052328F104232A010503A801C588
:108F500083A7C1C423226107232681072320F104AC
:108F600093070000032C010623220105138B070041
:108F700023205107138A08006F000009130B1B0000
:108F800063448B016F00507803260104832641045B
:108F90001305090093850B00EF4080700326010440
:108FA0008326410413090500938B050013850C00EB
:108FB00093050A00EF40C06E938C0500930A0500EC
:108FC000EF504071130A0500EF50007913060500B9
:108FD0009386050013850A0093850C00EF40D05955
:108FE00093070A031306090093860B002300FD0074
:108FF000130D1D00930C0500138A0500EF40C059A6
:10900000635405006F00506B03250105832541055E
:1090100013860C0093060A00EF4010561306090051
:1090200093860B00EF404057E35A05F483278106EF
:10903000930B0D00138C1700130690036F00800034
:10904000E386796583C6FBFF138D0B00938BFBFFD3
:10905000E388C6FE9386160093F6F60F2380DB00A6
:10906000930D0C006F00004D83264101372700004F
:109070009397C9001307F77093D7C70023A0E600A2
:10908000B3E7B7016380070A83270101B7090280AC
:1090900093894964E38A07A0B707028093877764BE
:1090A000032701012320F7006FF01FA0832741024F
:1090B000B706F03F832B81079397C70093D7C7006C
:1090C00003270102B3E7D700130919C023240104C1
:1090D0006FF09FA893071000B3872741232CF1005E
:1090E000130B0000E3400AB623244103232C0102A2
:1090F00093079000330B4B01E3F857B79307100029
:1091000013091000930A00002328F102130CF0FF4A
:10911000232E0100232E040223268105930500003F
:109120006FF01FBB83270101B70902809389896310
:10913000E38C0796B7070280938707646FF05FF6AA
:10914000130509002320F1062320E104EF50C0603D
:1091500003270104832701061306070093860700EF
:109160002328E1042320F104EF40805303A641C5E6
:1091700083A681C5EF30402483270104032701051E
:10918000B706C0FC930C0500B38BB60003A6C1C59F
:1091900083A601C61305070093850700EF40D03D65
:1091A00013860C0093860B00130D05001389050030
:1091B000EF40802EE342A04EB7070080B3C777018F
:1091C00013860C0013050D00938607009305090014
:1091D000EF40803C634805068327C10763CE07182C
:1091E000832681021307E0006348D7188327810292
:1091F000370702801307076E93973700B387E7009E
:1092000003AA070083AA47008327C10163D8070484
:109210006346800563180C0203A6C1C583A601C678
:1092200013050A0093850A00EF40804713060500E6
:10923000938605000325010283254102EF40C035D6
:10924000E34CA044138D0900232001021309000000
:109250008327C10193CDF7FF6F0040699387190001
:109260002320F104032B01020329410213060A0003
:1092700093860A0013050B0093050900EF30502078
:10928000EF504045130D0500EF50004D13060A0046
:1092900093860A00EF40C040130605009386050040
:1092A00013050B0093050900EF40102D93070D03E4
:1092B0002380F90013061000832B01041307050017
:1092C00093860500E30CCC0C83A7C1C403A801C599
:1092D000930D10002324F100232601016F000006E6
:1092E00013060A0093860A0013050B009305090074
:1092F000EF301019EF50003E130D0500EF50C04540
:1093000013060A0093860A00EF4080399386050011
:10931000130605009305090013050B00EF40D02547
:10932000938B1B0093070D03938D1D00A38FFBFEF2
:109330001307050093860500E302BC07032681009E
:10934000938506008326C10013050700EF404035D2
:109350001306000093060000130B05001389050097
:10936000EF40C00AE31E05F683278102138D0B0030
:10937000938D17006F00001C032701036316072657
:10938000832B8103832C8101232801021309000010
:1093900063820C026350600393870C0063449B67F5
:1093A00003278101B38CFC40330BFB403307F740AC
:1093B000232CE100832781036382070283270103B3
:1093C00063840700E39C0B06032681039385040056
:1093D00013050400EF10403F9304050093051000AF
:1093E00013050400EF1000102320A102631C0A5093
:1093F0009307100063DC5755B387670193F7F701B4
:109400006380071E130700023307F74093064000EE
:1094100063D4E6581307C001B307F740032781015F
:10942000B38CFC00330BFB003307F700232CE10067
:10943000832781016340F014635C6001832501028E
:1094400013060B0013050400EF10004D2320A102AA
:109450008327C103639C071263548045832701035C
:109460006390072683278102938D1700832A0102C8
:10947000130A10006F000002938504009306000099
:109480001306A00013050400EF0010489304050024
:10949000130A1A0093850A0013850400EFF08FB3B6
:1094A000930B0503B3874901A38F77FFE3468AFD3A
:1094B000130A100063448055338A4901930A00005F
:1094C000938504001306100013050400EF10C04438
:1094D0008325010293040500EF10005D635EA04E3A
:1094E000930690036F008000638A495F8347FAFF09
:1094F000130D0A00130AFAFFE388D7FE93871700BB
:109500002300FA008325010213050400EF00903DBB
:1095100063020902638A0A0063882A0193850A00AC
:1095200013050400EF00103C930509001305040027
:10953000EF00503B9385040013050400EF00903AC0
:109540008327410123000D0023A0B70183270101D8
:109550006384070023A0A701032A810A032B010AC1
:10956000832BC109032C8109832C4109032D010997
:109570006FF08FD393850400138607001305040052
:10958000EF108039930405006FF01FEB8325010273
:1095900013850400EF104051E35005EC832781024E
:1095A00093850400930600001306A0001305040031
:1095B000138BF7FFEF005035832701039304050059
:1095C000639E070C032CC104E35A8015832D81028E
:1095D0006FF0DFE993071000232EF1026FF0CFE563
:1095E0009307C0016FF09FE3130710006354574DBA
:1095F00083278103930BFCFF63CA7741B38B7741C9
:1096000083278101B38C8741E3500C0E9305100032
:1096100013050400EF00106D130905006FF05FD70C
:10962000232E0102232C0100E34020AD93071000FC
:10963000B3872741232CF100130B00006FF0DFAA42
:10964000B387E7403395FD006FF04FCF93073000AD
:1096500013091000638CFA4463C657E39307200094
:10966000E38CFA14232E0402930500001305040072
:10967000EF00101C93090500E30C05109307100080
:109680002328F1029307F0FF232CA4022326F104E0
:10969000130CF0FF232E01006FF01FB49305090097
:1096A000930600001306A00013050400EF00D02568
:1096B000032CC10413090500E35680092324610328
:1096C000635C90019305090013860C0013050400E8
:1096D000EF10802413090500130B0900631E0A50C4
:1096E0008327C102138DF9FF938C0900232C3101CC
:1096F0008329010293F71700330D8D012324F10014
:10970000232EB1019385090013850400EFF08F8C9F
:10971000130C05009305090013850400EF10C038F1
:10972000130A050013060B009385090013050400B6
:10973000EF10003D0327C500930B0C03930D0500AC
:10974000631C07089305050013850400EF10C0355E
:109750001307050093850D0013050400930D070002
:10976000EF005018B3E65D01639A060E832781006F
:10977000638A077463420A7623807C01138A1C0083
:1097800063049D6793850400930600001306A00000
:1097900013050400EF005017930405009306000022
:1097A0001306A0009305090013050400630E690960
:1097B000EF00901593050B001309050093060000B8
:1097C0001306A00013050400EF001014130B05008E
:1097D000930C0A006FF01FF39305050013050400B6
:1097E00083298101832DC101EF00D00F634A0A0054
:1097F00013F71D00336A5A0133674701631E0706DA
:10980000938504001306100013050400EF10C01028
:109810008325010293040500EF1000296358A0245A
:1098200013079003638CEB24930B1C0383278102A3
:10983000930A0900138D1C0023807C01938D17006F
:1098400013090B006FF01FCCEF00100C130905007B
:10985000130B0500930C0A006FF0DFEA63440A72F1
:1098600083278100336A5A0133EA4701630C0A7087
:10987000E354B0F183298101130790036380EB2047
:109880000327810293871B00930A0900138D1C0094
:10989000930D17002380FC0013090B006FF09FC687
:1098A00093072000E3DC57BB138D0900E3120C9AE9
:1098B00083250102930600001306500013050400DF
:1098C000EF009004930505002320A10213850400F6
:1098D000EF10801DE35EA096930710032380F9002C
:1098E00083278102138D1900938D170083250102B0
:1098F00013050400938D1D00EF00C07EE31609C21E
:109900006FF05FC39305050013060A0013050400FA
:10991000EF00906B930710002320A10263DE571124
:10992000130A0000032701028327070193873700EA
:1099300093972700B307F70003A54700EF00102512
:1099400093070002B387A7406FF01FAB8327C102C4
:1099500063900704832781009397C700639A0702E7
:10996000832681009307000013D746011377F77F02
:10997000630C070083278101130B1B0093871700DB
:10998000232CF10093071000631C0A54138A07006C
:10999000930710006FF05FA6E30CD7A81307C0036E
:1099A000B307F7406FF09FA793071000930A50008A
:1099B0002328F1028327C10103278102B387E7002F
:1099C000138C17002326F10413060C00634C80ADA2
:1099D000130610006FF00FAD6316050093F71B0020
:1099E000E39007B0930600038347FAFF130D0A00C4
:1099F000130AFAFFE38AD7FE6FF0DFB0130A0C00F8
:109A00006FF09FAB93070B006FF09F998327810343
:109A100003278101232C7103B387FB40330AFA002B
:109A2000B3078701930C0700330B8B01232CF10044
:109A3000930B00006FF09FBD8327C102E39207EEF6
:109A4000832781009397C700E39C07EC6FF05FF1D9
:109A500003230102032D4102130920006FF00FB010
:109A6000930A2000232801026FF0CFA2E31005DC47
:109A700013F71B00E31607DA6FF05FDB9307900321
:109A80002380FC0083278102930A0900138A1C00AB
:109A9000938D170013090B006FF09FA4930710001C
:109AA000130C1000232EF1006FF0CFE623280102E3
:109AB0006FF05FF0032781046304073003278101FF
:109AC00093873743330BFB00B307F700832B8103E6
:109AD000930C0700232CF1006FF05FB39307100382
:109AE0002380F900938D1D006FF0DFA18327810291
:109AF00063880730B30BF04093F7FB003707028011
:109B00001307076E93973700B387E70003A6070094
:109B100083A64700032501028325410293DB4B40C6
:109B2000EF301038138D050063880B4213092000B5
:109B3000B70C028023208104938C0C7D1304090050
:109B400013070500130600001309050093F61B0018
:109B50006380060203A60C0083A64C0013050700D1
:109B600013041400EF30D033130705001306100060
:109B700093DB1B40938C8C00E39A0BFC13050900CC
:109B8000938705001309040003240104631206A44B
:109B90001307050093070D006FF08FA39385060050
:109BA0001306070013050700EF2010018327810229
:109BB00013060A0093860A00938D1700130B050005
:109BC00013890500138C0D00EF30100D6346A0C6FD
:109BD00013050B009305090013060A0093860A007B
:109BE000EF30D00263160500137D1D0063160DC40F
:109BF000138D0B006FF01F9483254900130504009B
:109C0000EF000043130A050063000536032609012F
:109C10009305C9001305C500130626001316260078
:109C2000EF908FF01306100093050A00130504004F
:109C3000EF00904E130B05006FF09FAA93050900EB
:109C400013860B0013050400EF0010381386040080
:109C5000930505001309050013050400EF00901398
:109C600093070500938504001305040093840700FF
:109C7000EF00404783278103B3877741232CF1020C
:109C8000638E07F46FF04FF4032681058326C10528
:109C9000032541062328B10493850B002328610284
:109CA000EF301020032301038327010693061000E1
:109CB000238069002324A10483280105138905005A
:109CC000B38BF900638CD72683A7C1C403A801C551
:109CD000232891042328F102232A0103232081064B
:109CE00013850C0093850800032601038326410396
:109CF000130D1D00EF30D01A1384050093040500E6
:109D0000EF40501D930C0500EF4010251306050091
:109D1000938605001385040093050400938C0C03BF
:109D2000EF408005A30F9DFFE390ABFD8324010569
:109D300003240106930C05009388050003A641C681
:109D400083A681C6032581049305090023281103F6
:109D5000EF2080668328010313860C009386080099
:109D6000EF309003634C05180326810403A541C618
:109D700083A581C693060900EF40000083280103F4
:109D800013860C0093860800EF300071634CA0101E
:109D90008327C10763C607DE032781029307E0001C
:109DA00063C0E7DE832781020327C106939737004C
:109DB000B307F70003AA070083AA47006FF08FCA12
:109DC000032781078326810193076003B387E74058
:109DD000330BFB00B387F600832B8103938C0600C3
:109DE000232CF1006FF09F8283278102930A0900E0
:109DF00083298101938D170013090B006FF04FEC3D
:109E00000327010283274102130920006FE05FFC52
:109E100063080CB2032DC1046350A0BD93850700F5
:109E20008327810283A601C503A6C1C49387F7FFD8
:109E3000130507002324F106EF30900613070500F1
:109E4000130519002328E1042320B104EF40D010AA
:109E500003270105832701041306070093860700E3
:109E6000EF30100403A641C583A681C5EF20C0547E
:109E7000B706C0FC8327010403270105930C0500E6
:109E8000B38BB6002320A1076FE09FFD930610035C
:109E9000130C1C006FF08F9C23200102130900009B
:109EA0006FF09FA31306000383C7FBFF138D0B0006
:109EB000938BFBFFE38AC7FE83278106938D1700F0
:109EC0006FF04FE71307900383298101E388EBBA12
:109ED000E34C40956FF09F95832981016FF01F95AA
:109EE000138A07006FF01FA4938C0700B3878701C4
:109EF000330B8B01232CF1006FF04FF18327810688
:109F0000138C17006FF04F93032A8105032B410632
:109F1000032CC106832A01066FF00FAC93072000C3
:109F200063C85701832D8102032CC1046FF00FD445
:109F3000032CC104232461036FF01F97832B0104BA
:109F40006FF0DFDF93072000E3C457FF032CC10449
:109F5000232461036FF0CFF61307050093870500F4
:109F6000130920006FE0DFE6B706028037050280A4
:109F700093868664130600009305F02E1305C565CD
:109F8000EF10D04983298101E34CB0876FF01F8A1D
:109F9000B7060280370502809386866413060000A8
:109FA0009305F01A1305C565EF105047232E0402E0
:109FB000930500006FE0DFD1232801026FE09FCD01
:109FC00083A701B967800700638005026302060466
:109FD000638806048347060023A0F50003450600B6
:109FE0003335A00067800000130101FF9305C10015
:109FF00063040602638A06028347060023A0F50075
:10A00000034506003335A0001301010167800000FD
:10A010001305000067800000130500006FF0DFFEED
:10A020001305E0FF678000001305E0FF6FF0DFFD20
:10A0300083274504130101FF23248100232291007B
:10A04000232611001304050093840500638C070286
:10A0500013972400B387E70003A5070063040504F2
:10A060000327050023A0E700232805002326050079
:10A070008320C100032481008324410013010101D6
:10A08000678000001306100293054000EF10903F18
:10A090002322A40493070500E31C05FA130500001E
:10A0A0006FF01FFD232021011309100033199900BF
:10A0B000130659001316260093051000130504001B
:10A0C000EF10503C630A050023242501232295004C
:10A0D000032901006FF05FF9032901001305000057
:10A0E0006FF01FF96380050203A74500832745042D
:10A0F00013172700B387E70003A7070023A0E50095
:10A1000023A0B70067800000130101FE232A9100FD
:10A1100083A4050137030100232C8100232821019A
:10A1200023263101232E1100138905009309050010
:10A130001384060013884501930800001303F3FFFE
:10A1400083270800130848009388180033F7670036
:10A150003307C70293D60701B386C602B307870049
:10A1600013D70701B3F76700B386E600139706011C
:10A17000B307F700232EF8FE13D40601E3C298FCC0
:10A18000630204028327890063DEF402938744009C
:10A1900093972700B307F90023A287009384140044
:10A1A000232899008320C1010324810183244101D4
:10A1B0008329C100130509000329010113010102CC
:10A1C000678000008325490013850900232441018D
:10A1D00093851500EFF0DFE5130A0500630E050413
:10A1E000032609019305C9001305C50013062600BF
:10A1F00013162600EF904F930327490083A74904C5
:10A2000013172700B387E70003A707002320E900FF
:10A2100023A027019387440013090A00939727007E
:10A22000B307F900032A81009384140023A2870056
:10A23000232899006FF01FF7B706028037050280C8
:10A2400093868664130600009305A00B13054569E9
:10A25000EF10D01C130101FE232C8100232A910052
:10A26000232821012326310123244101938906005B
:10A270009307900093868600232E1100B3C6F60242
:10A280001309050013840500130A06009304070050
:10A2900063DA370D930710009305000093971700BA
:10A2A00093851500E3CCD7FE13050900EFF05FD8C6
:10A2B00093050500630C050A930710002328F50099
:10A2C000232A95009307900063D847092322510160
:10A2D000930A940093840A003304440183C6040063
:10A2E0001306A00013050900938606FDEFF0DFE1D9
:10A2F0009384140093050500E39284FE13048AFFFF
:10A3000033848A00832A410063563A03B389494162
:10A31000B3093401834604001306A00013050900A5
:10A32000938606FDEFF05FDE13041400930505002D
:10A33000E31234FF8320C1010324810183244101FE
:10A34000032901018329C100032A81001385050027
:10A3500013010102678000001304A400130A900097
:10A360006FF09FFA930500006FF01FF4B7060280AC
:10A370003705028093868664130600009305300D2E
:10A380001305456923225101EF1050099307050079
:10A39000370701001305000063F6E70093970701F4
:10A3A000130500013707000163F6E7001305850078
:10A3B000939787003707001063F6E7001305450001
:10A3C000939747003707004063EAE70093C7F7FF1A
:10A3D00093D7F7013305F5006780000093972700B6
:10A3E00063CA070013971700634A070013050002AA
:10A3F0006780000013052500678000001305350005
:10A4000067800000832705001307050093F6770097
:10A410006384060293F6170013050000639E06048A
:10A4200093F627006388060A93D717002320F700C6
:10A4300013051000678000009396070193D606016C
:10A4400013050000638E060693F6F70F6380060679
:10A4500093F6F7006382060493F6370063840602DE
:10A4600093F61700639C060093D717001305150099
:10A470006396070013050002678000002320F700A1
:10A480006780000093D7270093F617001305250077
:10A49000E39606FE6FF05FFD93D7470093F6370013
:10A4A00013054500E39E06FA6FF0DFFD93D78700A2
:10A4B00093F6F70013058500E39006FA6FF0DFFDD1
:10A4C00093D7070193F6F70F13050001E39206F8FF
:10A4D0006FF0DFFD93D727002320F700130520003E
:10A4E0006780000083274504130101FF23248100B6
:10A4F00023229100232611001304050093840500F4
:10A50000638C070203A547006302050603270500C5
:10A5100023A2E7008320C1000324810093071000D9
:10A52000232A9500232605002328F50083244100D3
:10A53000130101016780000013061002930540001B
:10A54000EF1040742322A40493070500E31C05FACE
:10A55000B7060280370502809386866413060000E2
:10A560009305501413054569EF10406B1306C001A5
:10A570009305100013050400EF10C070E30A05FCFA
:10A58000930710002322F500930720002324F500F1
:10A590006FF05FF8130101FE23282101232631010A
:10A5A00003A9050183290601232A910023244101DF
:10A5B000232E1100232C8100138A0500930406002A
:10A5C000634C39011387090093840500930909003E
:10A5D000130A06001309070083A7840083A544001B
:10A5E00033842901B3A78700B385F500EFF05FA49A
:10A5F000630E051A1303450193182400B3081301D1
:10A60000930703006378130123A007009387470093
:10A61000E3EC17FF13084A01131E2900938E44012F
:10A6200093952900330EC801B385BE006376C81325
:10A6300093875401130F400063F0F516B70601002D
:10A640009386F6FF6F00800193DF0F0163980F0878
:10A6500013084800130343006370C811832F0800D8
:10A66000B3F3DF00E38203FE93020300938F0E0037
:10A670009304000083A70F0003A602009382420008
:10A6800033F7D7003307770293D707013379D60022
:10A6900013560601938F4F00B387770233072701C4
:10A6A00033079700935407013377D700B387C70068
:10A6B000B3879700139607013367E60023AEE2FEE7
:10A6C00093D40701E3E8BFFAB307E30123A097009F
:10A6D000832F080093DF0F01E38C0FF6032703009D
:10A6E0009302030013860E009304070093030000F7
:10A6F0008327060093D904013377D700B3F7D70037
:10A70000B387F70383A442009382420013064600F6
:10A7100033F9D400B3877700B387370193930701E8
:10A7200033E7E30023AEE2FE0357E6FF93D70701CA
:10A730003307F703330727013307F7009353070164
:10A74000E368B6FAB307E30123A0E7001308480063
:10A7500013034300E364C8F1634880006F00800185
:10A760001304F4FF6308040083A7C8FF9388C8FF9D
:10A77000E38807FE8320C10123288500032481018B
:10A7800083244101032901018329C100032A810097
:10A790001301010267800000B38795409387B7FEDD
:10A7A00093F7C7FF138F47006FF05FE9B70602808A
:10A7B00037050280938686641306000093052016F1
:10A7C00013054569EF108045130101FE232C81001C
:10A7D0002328210123263101232E110093773600EF
:10A7E000130406009309050013890500639C070AFA
:10A7F00013542440630A0406232A910083A4090405
:10A800006386040C9377140063900702135414407A
:10A81000630A040403A50400630605069304050007
:10A8200093771400E38407FE138604009305090060
:10A8300013850900EFF01FD66300090203274900C2
:10A8400083A7490413172700B387E70003A707006E
:10A850002320E90023A02701135414401309050005
:10A86000E31A04FA832441018320C10103248101F6
:10A870008329C10013050900032901011301010205
:10A880006780000013860400938504001385090087
:10A89000EFF05FD023A0A40023200500930405005F
:10A8A0006FF01FF89387F7FF370702801307076DD4
:10A8B00093972700B307F70003A60700930600004D
:10A8C000EFF09F84130905006FF09FF293051000CD
:10A8D00013850900EFF0CFF593040500630005022E
:10A8E00093071027232AF500930710002328F5006B
:10A8F00023A0A904232005006FF0DFF0B706028033
:10A900003705028093868664130600009305501471
:10A9100013054569EF108030130101FE2322510118
:10A9200083AA050183A78500232631019359564048
:10A93000B38A5901232C8100232A91002328210165
:10A9400023244101232E110013891A00938405004A
:10A950001304060083A54500130A050063D82701E8
:10A960009397170093851500E3CC27FF13050A0082
:10A97000EFF00FEC630C051013084501635430032E
:10A9800093895900939929003307350193070800EB
:10A990009387470023AE07FEE39CE7FE9389C9FE39
:10A9A0003308380183A80401938744011376F40126
:10A9B00093982800B38817016304060A93050002E0
:10A9C000B385C540130308009306000003A70700E2
:10A9D00013034300938747003317C7003367D7003B
:10A9E000232EE3FE83A6C7FFB3D6B600E3E017FF2E
:10A9F000938754011307400063EAF800B387984037
:10AA00009387B7FE93F7C7FF138747003308E80023
:10AA10002320D8006394060013890A0003A744008A
:10AA200083274A048320C10113172700B387E70057
:10AA300003A70700232825010324810123A0E400A4
:10AA400023A0970003290101832441018329C10028
:10AA5000032A8100832A410013010102678000005C
:10AA600003A707009387470013084800232EE8FE3A
:10AA7000E3F417FB03A70700938747001308480078
:10AA8000232EE8FEE3EE17FD6FF01FF9B7060280F4
:10AA90003705028093868664130600009305E01D47
:10AAA00013054569EF1080170327050183A70501EA
:10AAB000130805003305F7406312F7049397270046
:10AAC00013084801938545013307F800B387F50063
:10AAD0006F0080006374E8020326C7FF83A6C7FFE8
:10AAE0001307C7FF9387C7FFE306D6FE13051000C1
:10AAF0006376D6001305F0FF6780000067800000D2
:10AB000003A7050183270601130101FF2324810008
:10AB10002322910023261100232021011384050004
:10AB200093040600B306F740631EF71893962700B8
:10AB30001386450113874401B307D6003307D700B6
:10AB40006F008000637CF61883A5C7FF8326C7FFCC
:10AB50009387C7FF1307C7FFE386D5FE13091000CD
:10AB600063EAD500938704001309000093040400EE
:10AB70001384070083A54400EFF08FCB6306051A0A
:10AB800083A8040183220401938F440113932800B6
:10AB9000130844019392220093054501370E0100EA
:10ABA0002326250133836F00B3025800138F05005D
:10ABB000938E0F0093060000130EFEFF03A70E00F6
:10ABC00003260800130F4F00B377C701B373C60104
:10ABD000B3877740B387D700135707011356060191
:10ABE00093D607413307C7403307D70093160701B1
:10ABF000B3F7C701B3E7D70013084800232EFFFEC1
:10AC0000938E4E0093560741E36A58FA1307540196
:10AC1000338482401304B4FEB3B2E20013CF1200B7
:10AC200013542400130740006384020AB38FEF001B
:10AC30003388E500B70E0100130E080013860F00DD
:10AC4000938EFEFF63F46F0C83270600130E4E00F5
:10AC50001306460033F7D7013307D70093D5070112
:10AC6000135707413307B700B387D700B3F7D701AE
:10AC700093160701B3E7D700232EFEFE9356074134
:10AC8000E36466FC1303F3FF3303F3411373C3FF61
:10AC900033076800639A07008327C7FF9388F8FF8C
:10ACA0001307C7FFE38A07FE8320C1000324810046
:10ACB0002328150183244100032901001301010108
:10ACC0006780000013091000E3DE06E86FF09FEADA
:10ACD00013071400131727006FF05FF593050000AA
:10ACE000EFF00FB5630005068320C1000324810047
:10ACF000930710002328F500232A05008324410030
:10AD000003290100130101016780000013070000FF
:10AD100063160F003387E5006FF0DFF71317240089
:10AD20003387E5006FF01FF7B70602803705028012
:10AD30009386866413060000930550241305456925
:10AD4000EF00D06DB70602803705028093868664D7
:10AD5000130600009305702313054569EF00106C7E
:10AD6000B707F07FB3F5B700B707C0FCB385F500B0
:10AD7000930700006356B00013850700678000004A
:10AD8000B305B04093D545419307300163CCB7007C
:10AD9000B7070800B3D5B740930700001385070035
:10ADA000678000009385C5FE1307E001930710003C
:10ADB0006346B700B7070080B3D7B700930500001C
:10ADC0001385070067800000130101FE232A91000C
:10ADD00083240501232C810013044501939424004E
:10ADE000B30494002328210103A9C4FF23263101C1
:10ADF000232441011305090093890500232E110026
:10AE0000EFF0CFD813070002B307A74023A0F90043
:10AE10009307A000138AC4FF63DCA708130655FF3D
:10AE20006370440583A784FF630C0604B306C74020
:10AE300033D7D7003319C9003369E900938584FFFC
:10AE40003707F03F3367E900B397C700637EB4026A
:10AE500003A644FFB356D600B3E7D7006F00C00285
:10AE60009307B000630CF5003319C9003707F03FB2
:10AE70003367E900930700006F00000193070000AB
:10AE80003707F03F3367E9008320C10103248101C4
:10AE900083244101032901018329C100032A810080
:10AEA0001385070093050700130101026780000066
:10AEB0009306B000B386A640B707F03F3357D900DA
:10AEC0003367F700930700006376440183A784FF8C
:10AED000B3D7D700130555013319A900B367F9009B
:10AEE0006FF09FFA130101FD232A5101938A050097
:10AEF0009305100023229102232E3101232C4101BE
:10AF00002326110223248102232021039304060017
:10AF1000138A060093090700EFF08F916302051072
:10AF20003707100013D944019307F7FF1379F97F0E
:10AF300013040500B3F7970063040900B3E7E700C3
:10AF40002326F10063920A061305C100EFF08FCBB0
:10AF50000327C1009304100023289400232AE4004F
:10AF600093070502630809081309D9BC3309F900DE
:10AF70009304500323202A013385F44023A0A90021
:10AF80008320C102130504000324810283244102AB
:10AF9000032901028329C101032A8101832A410176
:10AFA0001301010367800000130581002324510170
:10AFB000EFF04FC50327C10093070500630E05049A
:10AFC0000326810093060002B386A640B316D7007D
:10AFD0003357A700B3E6C6002326E100B334E000F0
:10AFE00093841400232AD400232CE4002328940003
:10AFF000E31C09F6139724003307E4000325070137
:10B000009387E7BC2320FA00EFF04FB893945400E5
:10B010003385A4406FF09FF6832681006FF01FFCFC
:10B02000B706028037050280938686641306000007
:10B030009305F03013054569EF00503E130101FD03
:10B040002320210313890500930581002326110283
:10B050002324810223229102232E3101930905002A
:10B06000EFF09FD693040500138405001305090033
:10B070009305C100EFF05FD50327090183A70901FC
:10B080008326C100B387E7400327810093975700C9
:10B090003307D740B387E70013070500635EF0026C
:10B0A0009397470133848700938605001385040036
:10B0B0009305040013060700EF10903C8320C102A3
:10B0C0000324810283244102032901028329C1014F
:10B0D000130101036780000093974701B385F54092
:10B0E0006FF09FFC130101FF232021012326110093
:10B0F000930770011309050063DAA70483A741C40D
:10B1000083A581C4232481002322910003A4C1C408
:10B1100083A401C513850700130604009386040069
:10B12000EF2000581309F9FF93070500E31409FE07
:10B13000032481008320C1008324410003290100EE
:10B1400013850700130101016780000037070280A3
:10B15000131935001307076D3307270183270701EC
:10B160008320C100832547010329010013850700BF
:10B170001301010167800000832606019385F5FF16
:10B1800093D5554093851500930746019396260065
:10B1900093952500B386D700B305B50063F8D702B1
:10B1A0001307050003A8070093874700130747000C
:10B1B000232E07FFE3E8D7FEB387C6409387B7FE89
:10B1C00093F7C7FF938747003305F5006378B50011
:10B1D00013054500232E05FEE36CB5FE67800000D5
:10B1E0000327050113D65540930645016352C70254
:10B1F00013172700B387E60063F2F60403A7C7FF1F
:10B200009387C7FFE30A07FE13051000678000005D
:10B2100093172600B387F600E350E6FE93F5F50199
:10B22000E38C05FC03A60700130510003357B60096
:10B230003317B700E302E6FC678000001305000047
:10B2400067800000130101FD2322910223261102D1
:10B25000930406006388051E232481022320210312
:10B2600013840500232E3101232A5101232C41018F
:10B2700013090500EF90CF8A0327C4FF9387B4001A
:10B2800093066001930A84FF9379C7FF63F2F61077
:10B2900013FA87FF63C2071063609A1063D24913E1
:10B2A000B717028023248101138C07D603268C0054
:10B2B000B3863A0183A746006308D61C13F6E7FF5E
:10B2C0003386C6000326460013761600631A06145A
:10B2D00093F7C7FF3386F9006358460D13771700BD
:10B2E000631C070223267101832B84FF232861013D
:10B2F000B38B7A4103A74B001377C7FFB387E700EF
:10B30000338B3701635C4B33338BE90063584B2934
:10B31000032B0101832BC100938504001305090051
:10B32000EF809F8493040500630805408327C4FFD2
:10B33000130785FF93F7E7FFB387FA006386E724D7
:10B340001386C9FF9307400263E4C72E1307300139
:10B35000636AC720930705001307040083260700CC
:10B3600023A0D7008326470023A2D7000327870006
:10B3700023A4E7009305040013050900EF808FCE96
:10B3800013050900EF801FFA032C81006F00C0062F
:10B39000130A0001E3749AF09307C0002320F90018
:10B3A000930400006F00400583A7C60003A7860032
:10B3B000032C8100930906002326F70023A4E7004D
:10B3C00083A74A00B38649411306F00093F717009C
:10B3D00033873A016362D608B3E7370123A2FA0044
:10B3E0008327470093E717002322F700130509007E
:10B3F000EF805FF393040400032481028320C102E1
:10B40000032901028329C101032A8101832A410101
:10B4100013850400832441021301010367800000A7
:10B4200013771700E31A07EE23267101832B84FF9D
:10B4300023286101B38B7A4103A74B001377C7FF21
:10B440006FF09FEC8320C102832441029305060024
:10B45000130101036F804FF1B3E7470123A2FA0004
:10B46000B3854A0193E6160023A2D500832747003F
:10B47000938585001305090093E717002322F70041
:10B48000EF804FBE6FF09FF693F7C7FFB38637018B
:10B4900013060A0163D0C62613771700E31E07E6DA
:10B4A00023267101832B84FF23286101B38B7A410A
:10B4B00003A74B001377C7FFB387E700338B370130
:10B4C000E344CBE483A7CB0003A78B001386C9FF1B
:10B4D000930640022326F70023A4E70093848B0001
:10B4E00063E4C62813073001938704006372C70220
:10B4F000032704009307B00123A4EB0003274400B3
:10B5000023A6EB0063EAC7261304840093870B018C
:10B510000327040023A0E7000327440023A2E70039
:10B520000327840023A4E70033874B01330B4B41EF
:10B530002324EC0093671B002322F70083A74B0012
:10B540001305090093F71700B3E7470123A2FB0097
:10B55000EF805FDD032B0101832BC100032C8100F1
:10B560006FF09FE9832604001307B0012320D50064
:10B57000832644002322D500636EC714130784007A
:10B58000930785006FF09FDD8327C5FF032C8100A3
:10B5900093F7C7FFB389F9006FF09FE283A7CB0051
:10B5A00003A78B001386C9FF930640022326F700EA
:10B5B00023A4E70093848B0063E6C61013073001D1
:10B5C00093870400637CC702032704009307B0013C
:10B5D00023A4EB000327440023A6EB0063F8C71461
:10B5E0008327840023A8FB008327C40023AAFB0031
:10B5F000630CD60A1304040193878B01032704000C
:10B6000023A0E7000327440023A2E70003278400C8
:10B6100023A4E70093090B00938A0B00032B01017D
:10B62000832BC100032C8100138404006FF05FD9C9
:10B6300093050400EFC09FF16FF0DFD383A7C6002E
:10B6400003A786001386C9FF930640022326F7004E
:10B6500023A4E70003A78B0083A7CB0093848B0070
:10B660002326F70023A4E70063EEC6041307300186
:10B6700093870400E374C7F8032704009307B0011D
:10B6800023A4EB000327440023A6EB0063F0C70AC2
:10B69000032784009307400223A8EB000327C4007C
:10B6A00023AAEB00E318F6F40327040193870B02A7
:10B6B0001304840123ACEB000327C4FF23AEEB008B
:10B6C0006FF0DFF39305040013850400EFC01FE85B
:10B6D0006FF05FF4032784002324E5000327C400F0
:10B6E0002326E5006304F60613070401930705010A
:10B6F0006FF0DFC6B38A4A01B386464123245C015A
:10B7000093E7160023A2FA008327C4FF130509005C
:10B710009304040093F71700B3E74701232EF4FEC8
:10B72000EF805FC0032C81006FF01FCD13048400F5
:10B7300093870B016FF09FEC13050900EF809FBE0C
:10B7400093040000032C81006FF01FCB83260401BB
:10B7500013078401930785012328D500832644011C
:10B76000232AD5006FF09FBF9305040013850400C2
:10B77000EFC0DFDD6FF05FDB8327840023A8FB00D1
:10B780008327C40023AAFB006308D6001304040126
:10B7900093878B016FF0DFD70327040193870B0298
:10B7A0001304840123ACEB000327C4FF23AEEB009A
:10B7B0006FF01FD683A7C1B86780070063840502B6
:10B7C0009307F00F63E8C7002380C500130510003E
:10B7D000678000009307A0082320F5001305F0FF01
:10B7E000678000001305000067800000130101FE60
:10B7F000232C8100232A9100232E110083A7C1B896
:10B80000130405009384060063820502E7800700A5
:10B810009307F0FF6306F5028320C1010324810131
:10B820008324410113010102678000001306000018
:10B8300093054100E78007009307F0FFE31EF5FC46
:10B8400023A004009307A0088320C1012320F40053
:10B850000324810183244101130101026780000058
:10B86000130101FE232C8100232A9100232E1100B5
:10B8700083A401C783A7C1B813040600630A0502A5
:10B880001386050093060400930505001385040044
:10B89000E78007009307F0FF630AF5028320C101E8
:10B8A0000324810183244101130101026780000008
:10B8B000930606009305410013060000138504005B
:10B8C000E78007009307F0FFE31AF5FC232004004C
:10B8D0008320C101032481019307A00823A0F40061
:10B8E0008324410113010102678000008397C50092
:10B8F000130101F8232C8106232E110613F72700CC
:10B9000013840500630407029387350423A0F50020
:10B9100023A8F5009307100023AAF5008320C10790
:10B920000324810713010108678000008395E50067
:10B93000232A9106232821072326310723244107A0
:10B940009304050063C6050813068100EF0000217B
:10B95000634E05068327C10037F90000B7190000C0
:10B960003379F900B7E7FFFF3309F90013391900FC
:10B97000130A00409389098093050A001385040087
:10B98000EF808F9E8317C4006308050693E70708BE
:10B990002320A4002328A4002316F400232A440112
:10B9A0006310090AB3E737018320C1072316F400A7
:10B9B0000324810783244107032901078329C10642
:10B9C000032A810613010108678000008317C40061
:10B9D00093F7070813090000638E0704130A000495
:10B9E00093050A0013850400EF800F988317C400A5
:10B9F00093090000E31C05F813F70720631E0704F2
:10BA000093F7C7FF93E72700130734042316F400C6
:10BA10009307100083244107032901078329C106E6
:10BA2000032A81062320E4002328E400232AF400CB
:10BA30006FF0DFEE130A0040930900006FF0DFF3B0
:10BA40008315E40013850400EF00801763100502DE
:10BA50008317C4006FF01FF58324410703290107F2
:10BA60008329C106032A81066FF05FEB8357C40068
:10BA700093F7C7FF93E717009397070193D7074101
:10BA80006FF05FF2130101F923248106138405008E
:10BA90008395E50023229106232021072326110602
:10BAA000930406001389060063CA05041306810087
:10BAB000EF00C00A634405040327C100B7F7000084
:10BAC0008320C106B3F7E70037E7FFFFB387E7003E
:10BAD0000324810693B717002320F90013070040C1
:10BAE00023A0E40037150000832441060329010642
:10BAF0001305058013010107678000008357C40008
:10BB000093F70708638807028320C1060324810690
:10BB1000930700002320F9001307000423A0E4008A
:10BB200003290106832441061305000013010107C0
:10BB3000678000008320C106032481062320F900CA
:10BB40001307004023A0E4000329010683244106D3
:10BB5000130500001301010767800000130101FFB6
:10BB6000138705002324810023229100130405007C
:10BB700093050600130507002326110023A401C81E
:10BB8000EF409F939307F0FF630CF5008320C10003
:10BB90000324810083244100130101016780000018
:10BBA00083A781C8E38407FE8320C1002320F4001B
:10BBB00003248100832441001301010167800000F8
:10BBC000130101FF232481002322910013040500A7
:10BBD000138505002326110023A401C8EF405F93BD
:10BBE0009307F0FF630CF5008320C100032481005C
:10BBF00083244100130101016780000083A781C8ED
:10BC0000E38407FE8320C1002320F4000324810085
:10BC100083244100130101016780000003A701C7CD
:10BC2000130101FF93870600130806002326110065
:10BC30008328C700930605001387050013860700B5
:10BC400063000802B71702809387C78FB715028079
:10BC50009385C59013850800EF00C014EF00C0194C
:10BC600037F8008093074801130848016FF01FFE62
:10BC7000130101FF9306060013060000232611009E
:10BC8000EFF0DFF9B3B7C502130101FF232611005E
:10BC900023248100B385C5026390070AEF70DFECAF
:10BCA000130405006300050A0326C5FF13074002BD
:10BCB0001376C6FF1306C6FF6368C70493063001F8
:10BCC0009307050063F2C602232005002322050026
:10BCD0009307B00163F8C704232405002326050059
:10BCE00093070501630CE60623A0070023A20700C3
:10BCF00023A407008320C10013050400032481004E
:10BD0000130101016780000093050000EF700FD45C
:10BD10008320C100130504000324810013010101E5
:10BD2000678000009307850023A0070023A2070077
:10BD300023A407006FF01FFCEF00800B9307C000E7
:10BD40002320F500130400008320C1001305040024
:10BD500003248100130101016780000023280500EE
:10BD600093078501232A05006FF01FF8130101FCDA
:10BD70001303C1022326D10293060300232E1100D0
:10BD80002328E102232AF102232C0103232E11038D
:10BD900023266100EFA04FED8320C10113010104B0
:10BDA00067800000130E0500130101FC03A501C705
:10BDB000130381022324C1022326D1021386050026
:10BDC0009306030093050E00232E11002328E102A1
:10BDD000232AF102232C0103232E110323266100C1
:10BDE000EFA08FE88320C1011301010467800000E8
:10BDF00003A501C767800000130101FF1305600060
:10BE000023261100EF00802A13051000EF40CFE732
:10BE100083278511638607001305000067800000F3
:10BE2000130101FF9305000823248100232611003C
:10BE300013040500EF705FD3232CA41063040502E4
:10BE4000930705082320050013054500E31CF5FEB4
:10BE5000130500008320C1000324810013010101A8
:10BE6000678000001305F0FF6FF0DFFE130101FE95
:10BE7000232A9100232E11009307F001930405005B
:10BE800063ECB70283278511232C810013840500FE
:10BE9000638C070213142400B387870003248101F5
:10BEA00003A5070023A0C7008320C101832441010B
:10BEB0001301010267800000930760012320F50051
:10BEC0001305F0FF6FF05FFE930500082326C10005
:10BED000EF709FC923ACA4100326C100930705008F
:10BEE0001307050093060508630A050023200700D1
:10BEF00013074700E31CD7FE6FF0DFF9032481012D
:10BF00001305F0FF6FF05FFA130101FF2322910088
:10BF1000232611009307F0019304050063E0B70A9C
:10BF2000832785112324810013840500638407047B
:10BF300013972500B387E70003A70700630C0702E8
:10BF400093061000630CD7009306F0FF6308D70434
:10BF500023A0070013850500E700070003248100E4
:10BF6000130500008320C100832441001301010157
:10BF70006780000013850400EF00C043130604002F
:10BF8000032481008320C10093050500138504006C
:10BF900083244100130101016F00803B03248100D1
:10BFA0008320C100930760012320F5008324410012
:10BFB0001305100013010101678000009307600161
:10BFC0002320F5001305F0FF6FF0DFF99307F00170
:10BFD00063EAB70C83278511130101FF2324810035
:10BFE00023229100232611001384050093040500E9
:10BFF0006380070813172400B387E70003A707002F
:10C00000630C07029306F0FF6300D7069306100047
:10C010006300D7041305040023A00700E70007000E
:10C02000130500008320C100032481008324410004
:10C0300013010101678000008320C10003248100F7
:10C0400083244100130510001301010167800000E3
:10C050008320C100032481008324410013053000A4
:10C060001301010167800000130520006FF09FFBA2
:10C0700093050008EF705FAF23ACA4109307050091
:10C08000630E05001307050093060508232007002B
:10C0900013074700E31CD7FE6FF0DFF51305F0FF31
:10C0A0006FF05FF81305F0FF67800000130101FFD8
:10C0B00023229100232611009307F00183A401C7D6
:10C0C00063EEA70883A784112324810013040500CD
:10C0D0006382070413172500B387E70003A707004F
:10C0E000630A070293061000630AD7009306F0FF65
:10C0F0006306D70423A00700E7000700032481009C
:10C10000130500008320C1008324410013010101B5
:10C110006780000013850400EF00C02913060400A7
:10C12000032481008320C1009305050013850400CA
:10C1300083244100130101016F0080210324810049
:10C140008320C1009307600123A0F40013051000B1
:10C1500083244100130101016780000093076001FF
:10C1600023A0F4001305F0FF6FF0DFF9130101FFC6
:10C1700023202101232611009307F00103A901C701
:10C1800063E2A70423248100130405000325891119
:10C190002322910093840500630E050213142400EA
:10C1A000B307850003A507000324810023A097009F
:10C1B000832441008320C1000329010013010101F0
:10C1C00067800000930760012320F9001305F0FF4A
:10C1D0006FF05FFE9305000813050900EF70DF980C
:10C1E000232CA9109307050013070508630A05000F
:10C1F00023A0070093874700E31CF7FE6FF01FFAA8
:10C2000003248100832441001305F0FF6FF09FFA9F
:10C21000130101FF2324810003A401C72326110079
:10C2200083278411638C0700130500008320C1005D
:10C2300003248100130101016780000093050008B9
:10C2400013050400EF705F92232CA410630C05000B
:10C25000930705082320050013054500E31CF5FEA0
:10C260006FF09FFC1305F0FF6FF05FFC130101FFFF
:10C2700023229100232611009307F00183A401C714
:10C2800063E4A70C83A78411232481001304050011
:10C290006382070813172400B387E70003A707008A
:10C2A000630C07029306F0FF6300D70693061000A5
:10C2B0006300D7041305040023A00700E70007006C
:10C2C00003248100130500008320C1008324410062
:10C2D0001301010167800000032481008320C10055
:10C2E0008324410013051000130101016780000041
:10C2F000032481008320C100832441001305300002
:10C300001301010167800000032481001305200050
:10C310006FF09FFB9305000813850400EF70DF8426
:10C3200023ACA41093070500630E05001307050056
:10C33000930605082320070013074700E39CE6FE49
:10C340006FF05FF5032481001305F0FF6FF0DFF756
:10C35000130101FF1387050023248100232291008C
:10C36000130405009305060013050700232611009A
:10C3700023A401C8EF408F9A9307F0FF630CF500E8
:10C380008320C100032481008324410013010101A3
:10C390006780000083A781C8E38407FE8320C10073
:10C3A0002320F400032481008324410013010101B0
:10C3B000678000006F404F94B7071000130101FE23
:10C3C000938EF7FF33F8BE00B3F7DE0013D34601B8
:10C3D0002328210113D9450193973700232C81008D
:10C3E0001318380013D4F5011357D5019358D6010B
:10C3F0001379F97F1373F37F232E1100232A910001
:10C400002326310193D6F601B3E8F800336707011C
:10C4100093153500131F3600B30769406304D41E1B
:10C420006352F016630603289306F07F6306D94231
:10C43000930680031306100063CEF602B706800051
:10C44000B3E8D8009306F00163CEF65293060002DB
:10C45000B386F6403396D8003355FF00B316DF009D
:10C460003366A600B336D000B3D8F8003366D600E2
:10C47000330717413386C540B3B5C50093040600A2
:10C48000B309B7409397890063DA0732B707800092
:10C490009387F7FFB3F9F9006388092C1385090026
:10C4A000EF201001930785FF930600023387F640C3
:10C4B00033D7E400B399F90033673701B394F4003C
:10C4C00063C8274BB387274193871700B386F6408D
:10C4D0003396D400B3D9F4003336C0003366360146
:10C4E000B316D700B3E4C600B359F7001309000030
:10C4F00093F774006380070293F7F400130740007A
:10C50000638AE7009387440033B69700B389C90074
:10C51000938407009397890063DA076E93071900E5
:10C520001307F07F130E04006386E72A370780FFA6
:10C530001307F7FF33F7E90093F7F77F1318D701D5
:10C5400013D63400131797003368C8001357C70079
:10C550008320C1010324810193974701B3E7E700DA
:10C560001317FE01B3E7E70083244101032901010A
:10C570008329C100130508009385070013010102F8
:10C5800067800000638C0714B30723416312093CE2
:10C590003365B7006304054C1385F7FF630205603C
:10C5A0001308F07F63860757930780031306100074
:10C5B00063CCA702930705001306F001634CF656FF
:10C5C000130500023305F5403316A70033D8F500F4
:10C5D0003395A500336606013335A0003357F700C5
:10C5E0003366A600B388E8403306CF403337CF0028
:10C5F00093040600B389E84013090300138406007E
:10C600006FF05FE86350F01E63100314B3E6E801B7
:10C61000638C06269386F7FF638006481306F07F37
:10C62000638CC722930780039309100063CCD70261
:10C63000938706009306F00163C0F64A9306000252
:10C64000B386F640B399D8003356FF00B316DF0027
:10C65000B3E9C900B336D000B3D8F800B3E9D900C4
:10C6600033071701B385B900B3B9350193840500C9
:10C67000B389E9009397890063D20714130919005D
:10C680009307F07F630CF936B70780FF9387F7FFB6
:10C6900013F61400B3F7F90013D714003367C7007B
:10C6A0001396F701B364E60093D917006FF05FE4C7
:10C6B000B3E6E801638A061C9386F7FF63800640B1
:10C6C0001306F07F638AC7189307800313061000D0
:10C6D000E3C2D7DA938706006FF0DFD6130819009C
:10C6E0001378E87F631C08223363B70033E8E8015E
:10C6F00063100938630E034663060840B389E541B9
:10C7000033B53501330617413306A64013158600AD
:10C71000635E0550B305BF403387E840333FBF0039
:10C720003307E7411316870093840500635E0652C2
:10C73000B70780FF9387F7FF3377F700138E060064
:10C74000930710006FF09FDF9306F07F6306D91008
:10C750009306800393091000E3C6F6F0B706800045
:10C76000B3E8D8006FF01FED13850400EF204054AC
:10C77000930785019306F001E3D8F6D2130785FFEE
:10C780003397E40063C627233389274193071900B1
:10C7900063D6F648130919FE93060002B354270125
:10C7A000638CD70093060004B387F6403317F70075
:10C7B0003337E000B3E4E4001309000093F774009A
:10C7C000E39C07D29307090013D6340013870900AE
:10C7D0006F00000C9307F07F1307000013080000A0
:10C7E0006FF01FD7638A070CB30723416302091E4A
:10C7F0009306F07F6308D3329306800393091000F9
:10C8000063CEF602B70680003367D7009306F001C7
:10C8100063C8F63C93060002B386F640B319D7000E
:10C8200033D6F500B396D500B3E9C900B336D000CE
:10C830003357F700B3E9D900B388E8003387E9013B
:10C84000B339370193040700B389190113090300B1
:10C850006FF05FE2631008021316350013563600BE
:10C860001318D7013368C80013573700336707011F
:10C8700063060718130E00009307F07F37070800C0
:10C88000130800006FF0DFCC131635001356360086
:10C890001318D7019306F07F3368C8001357370089
:10C8A000E386D7FC1317C7001357C70093F7F77F2A
:10C8B000130E04006FF0DFC99306190013F8E67F2A
:10C8C00063180814B366B700631C09286382063036
:10C8D000B3E6E80163880622B387E501B3B5B70084
:10C8E000330717013307B70013D8370093178700B2
:10C8F000130E040063DE0734B70780FF9387F7FF4A
:10C900003377F7009317D7011357370033E8070140
:10C910003377D701930710006FF09FC33388E54149
:10C92000B3B70501B3091741B389F940939789005B
:10C930009304080063C6071033683801E31E08B487
:10C94000130E000093070000130700006FF05FC094
:10C950001305F07F630EA31A13058003130610005E
:10C96000E344F5C8370680003367C7006FF0DFC4C3
:10C97000B70980FF9389F9FF3309F940B37937018B
:10C980006FF01FB7938607FE13060002B3D6D800D8
:10C99000638AC70013060004B307F640B397F80094
:10C9A000336FFF003336E0013366D6006FF09FAC83
:10C9B000B70680FF9386F6FFB307F9403377D700B9
:10C9C0001318D70133683801135737006FF09FED04
:10C9D000B366B7006386061E9386F7FF638E060A6A
:10C9E0001305F07F6380A714930780039309100059
:10C9F000E3C6D7E4938706006FF05FE1130E0400EF
:10CA00009307F07F13070000130800006FF05FB476
:10CA10009307F07FE384F6FE338FE501B335BF0063
:10CA2000B3071701B387B7001396F701135F1F0011
:10CA3000B364E60193D91700138906006FF05FAB6A
:10CA40003306BF40B387E8403337CF009304060076
:10CA5000B389E740138406006FF01FA41316360055
:10CA60001356360013840600138708006FF05FE248
:10CA7000E31203DE6306081C13D7380013163600D2
:10CA80009398D80133671701135636003367C700F0
:10CA9000138406006FF0DFDD338FE501B308170163
:10CAA000B335BF00B389B8009397890093040F0092
:10CAB00063D4070E130920006FF01FBD338FE541CB
:10CAC000B3081741B3B5E50193040F00B389B8402B
:10CAD000130910006FF01F9B938607FE13060002D8
:10CAE000B3D6D800638AC70013060004B307F64024
:10CAF000B397F800336FFF00B339E001B3E9D90011
:10CB00006FF05FB613163500935936006FF05FEB88
:10CB100013163600135636001384060013870800D8
:10CB20006FF01FD413163600135636001387080013
:10CB30006FF01FD3138507FE130600023355A700BD
:10CB4000638AC70013060004B307F640B317F70063
:10CB5000B3E5F5003336B0003366A6006FF0DFA80A
:10CB6000E38206FC33EFE801E3160FD06FF0DFCE6F
:10CB7000E30808DC131836009397D80113583800DF
:10CB800013D738003368F8003377D701138E0600C7
:10CB9000930700006FF0DF9B930710006FF0DFC278
:10CBA000B305BF40B388E8403337BF009384050026
:10CBB000B389E84013840600130910006FF09F8CBE
:10CBC0001316360013563600138708006FF05FCC3B
:10CBD0001316360093593600138708006FF05FDE96
:10CBE000938607FE13060002B356D700638AC70078
:10CBF00013060004B307F640B317F700B3E5F500DA
:10CC0000B339B000B3E9D9006FF05FC313D6340075
:10CC100093070900138709006FF09FC7930600026E
:10CC2000B386F640130600006FF05F8B33E8C9004F
:10CC3000E30808D093D93900130706006FF05FD8D6
:10CC4000130E00009307F07F370708006FF05F9026
:10CC50009317D7011357370033E807013377D7010C
:10CC6000930700006FF0DF8E1318D70193D53500BE
:10CC70003368B80013573700138406006FF09FC263
:10CC8000130101FD232E310193D945012324810293
:10CC90002322910223202103232C41012326710109
:10CCA0009394C50023261102232A510123286101F0
:10CCB0002324810193F9F97F13040500930B0600E7
:10CCC0001389060093D4C40013DAF501638A0918A6
:10CCD0009307F07F6388F908939434009357D50144
:10CCE000B3E7970037078000B3EAE700131B35006E
:10CCF000938919C093040000130C00009357490155
:10CD00001314C90093F7F77F1354C4001359F901A2
:10CD1000638207081307F07F638AE718131434004F
:10CD200013D7DB0133678700938717C03704800070
:10CD30003364870093983B00B389F94013060000E1
:10CD40001307F000B3462A0163649724B7170280E3
:10CD5000939424009387C793B384F40003A704003B
:10CD600067000700B3EAA400639E0A1C93574901B9
:10CD70001314C90093F7F77F130B0000930480008E
:10CD80009309F07F130C20001354C4001359F901C8
:10CD9000E39207F8B36874016382081C630A044ACB
:10CDA00013050400EF10D07093070500930655FF9C
:10CDB0001307D001938887FF3307D740331414013A
:10CDC00033D7EB0033648700B3981B01B387370177
:10CDD0009389373F130600006FF09FF63307F74043
:10CDE00013068003635AE64E930700001306000003
:10CDF000130700008320C102032481029397470197
:10CE0000B3E7C7009396F601B3E7D7008324410246
:10CE1000032901028329C101032A8101832A4101D7
:10CE2000032B0101832BC100032C81001305070094
:10CE30009385070013010103678000009307F07FCB
:10CE400013060000130700006FF0DFFA93060000DE
:10CE50009307F07F37060800130700006FF09FF973
:10CE6000B3EAA400638C0A106388044013850400AD
:10CE7000EF10106413070500930655FF9307D001C8
:10CE8000130B87FFB387D740B3946401B357F40003
:10CE9000B3EA9700331B64019309D0C0B389E9401A
:10CEA00093040000130C00006FF05FE5B368740199
:10CEB00093891980639C080A93E4240013040000FA
:10CEC000130620006FF0DFE713090A0013840A003D
:10CED00093080B00930720006308FC4E9307300073
:10CEE000E306FCF69307100093060900E30EFCEE40
:10CEF0009387F93F6356F02A13F778006316074AC1
:10CF000013177400635A0700B70700FF9387F7FFF2
:10CF10003374F400938709401307E07FE340F7F28E
:10CF200093D838001317D4011316940033671701F0
:10CF30001356C60093F7F77F6FF0DFEB130C060074
:10CF40006FF05FF9938A0400130B05009304C0008F
:10CF50009309F07F130C30006FF05FDA93E4140054
:10CF600013040000130610006FF09FDD93E43400FB
:10CF700093880B00130630006FF09FDC130B00004A
:10CF80009304400093090000130C10006FF01FD7AA
:10CF90006364542B63808A2A13030B009389F9FF7F
:10CFA00093870A00130B0000131784001355070121
:10CFB00033D4A70213D688013366E600131806019E
:10CFC000135808019395880013570301B3F7A7027C
:10CFD000B308880293970701B367F70063FA170154
:10CFE000B307F6001307F4FF63F0C72E130407001E
:10CFF000B3871741B3D8A7021317030113570701CB
:10D00000B3F7A702B30F1803939707013367F7002D
:10D01000637AF7013307E6009387F8FF637EC7283A
:10D020009388070013140401B7020100336414014C
:10D030001383F2FFB3786400935E040113DE0501ED
:10D0400033F36500330F13033307F741B3081E03AF
:10D0500093570F01B38F6E02B388F801B38717019E
:10D06000B38ECE0363F4F701B38E5E00B70F0100F9
:10D07000938FFFFF93D80701B3F7F7019397070149
:10D08000337FFF01B388D801B387E701636E1717B9
:10D09000630A1717B307FB4033071741333BFB0005
:10D0A000330767416300E62EB358A70293DE0701FA
:10D0B0003377A702330F18031317070133E7EE0086
:10D0C000637EE7013307E600938EF8FF636AC72E9D
:10D0D0006378E72F9388E8FF3307C7003307E741FA
:10D0E000B35EA7029397070193D707013377A7028F
:10D0F0003308D80313170701B3E7E70063FE0701FE
:10D10000B307F6001387FEFF63E8C72A63F6072B11
:10D11000938EEEFFB387C70093980801B3E8D80158
:10D120001395080113DF080113550501B30E6502BD
:10D13000B38707413305AE0213D70E0133036F02E5
:10D14000330565003307A700330EEE0363766700EF
:10D1500037050100330EAE00370801001308F8FF51
:10D16000135507013377070113170701B3FE0E01AB
:10D170003305C5013307D70163F2A712B307F600E1
:10D180001383F8FF1388070063E4C71C63E8A72430
:10D190006386A7269308030093E818006FF05FD515
:10D1A00013071000E39C07C29389E941B397380144
:10D1B000B337F000B3193401B3E73701B3D8E8004F
:10D1C000B3E8F80093F778003354E4006380070273
:10D1D00093F7F80013074000638AE700938748003D
:10D1E000B3B8170133041401938807009315840022
:10D1F000930710001306000013070000E3CC05BEE0
:10D200006F004013E378FBE8B30EBB0033BF6E0141
:10D21000B30FCF003307F701138B0E00930FF4FF0A
:10D220006374E60863621715638EE81213840F00B7
:10D230006FF05FE6E3621BD713571B001393FA01ED
:10D2400093D71A003363E300131BFB016FF0DFD5A4
:10D2500013850B00EF10D025930655011307C0016D
:10D2600093070502E356D7B4130585FF9308000022
:10D270003394AB006FF09FB5EF10902393065501E8
:10D280009307C00113070502E3DAD7BE930785FFB2
:10D29000B31AF400130B00006FF01FC0E39EA7EE5B
:10D2A000E30807C46FF09FEDE312E6F8E30C0FF616
:10D2B00013840F006FF01FDEE374F7D79388E8FF45
:10D2C0003307C7006FF01FD6E3F217D31304E4FF50
:10D2D000B387C7006FF0DFD11306F001E356E6EC29
:10D2E000130610FEB307F64013060002B357F4000E
:10D2F0006308C7009389E943B3193401B3E83801DF
:10D30000B3381001B3E8F80013F7780013060000F3
:10D310006308070293F7F8001307400013040000A6
:10D32000638AE70093874800B3B8170133341001CC
:10D3300093880700131694001317D4011356C600E0
:10D3400093D8380033E7E800930700006FF09FAAF6
:10D3500093080300E312A8E4E30CB7B893E81800BD
:10D360006FF01FB9E3F4FEECB38ED50133BFBE00FE
:10D37000330FCF001304E4FF138B0E003307E701D4
:10D380006FF05FD1130720C09387F93F9308F0FF38
:10D39000E3C8E9E013874800B338170133041401E8
:10D3A000930807006FF0DFB513F7F800130640008D
:10D3B000E308C7B46FF01FFE930E07006FF0DFD5D0
:10D3C00093880E006FF09FD1930609009307F07FBA
:10D3D00013060000130700006FF0DFA11393150080
:10D3E0003338B3003308C800338807019388E8FF57
:10D3F00093050300E302A8F66FF01FDAE3E0E5FE11
:10D4000093080300E31CB7F46FF09FAE13D74501F8
:10D41000B70710009387F7FF13D846011377F77FFC
:10D420001303F07F33FEB70093080500B3F7D7006E
:10D4300093D5F5011378F87F93D6F6011305100004
:10D44000630C670063086800631407016306FE024B
:10D450006780000067800000E31CE8FEB367FE0001
:10D46000B3E7C700B3E71701E39407FEB385D540E0
:10D470003335B00067800000E39CC8FC638AD500A8
:10D48000E31807FC336E1E013335C00167800000CE
:10D49000130500006780000093D84501B70710000E
:10D4A0009387F7FF13D7460193F8F87F130EF07FA9
:10D4B00033F3B70013080500930E0500B3F7D70048
:10D4C00093D5F501130F06001375F77F93D6F60178
:10D4D0006388C8056304C503639A080633680301BB
:10D4E0006310050633E6C700630C06086312080ADA
:10D4F00013051000638206086780000033E6C7004A
:10D50000631406086396080033630301E30203FE15
:10D510006380D5066392050613051000678000003E
:10D520003363030163120306E31615FFB3E7C70075
:10D53000639C0704E390D5FE13050000678000009C
:10D54000E30808FAE398D5FC6F008002E30405FCC9
:10D55000E392D5FCE34015FD63CCA800E3EC67FA49
:10D560006318F300E368DFFB13050000E3F6EEF950
:10D5700013051000E39205F81305F0FF6780000023
:10D58000E31A08F8678000001305E0FF67800000D9
:10D59000E386D5FC6FF01FF893D84501B70710005C
:10D5A0009387F7FF13D7460193F8F87F1303F07FB3
:10D5B00033FEB70013080500930E0500B3F7D7003C
:10D5C00093D5F501130F06001375F77F93D6F60177
:10D5D000638A6804630465026398080633680E0171
:10D5E000631E050833E6C7006304060A6316080ACB
:10D5F00013051000638006086780000033E6C7004B
:10D6000013052000E31A06FE63960800336E0E0130
:10D61000E3000EFE638CD504639E05041305100021
:10D6200067800000336E0E0163100E06E31615FFCF
:10D63000B3E7C70013052000E39007FCE39ED5FC89
:10D640001305000067800000E30805FCE396D5FCA5
:10D65000E34415FD63CCA800E3E0C7FD6318FE00BA
:10D66000E36CDFFB13050000E3F8EEF9130510008F
:10D67000E39405F81305F0FF67800000E30A08F65D
:10D68000E39CD5F86FF09FFE130520006780000033
:10D69000E31408F867800000E380D5FC6FF0DFF743
:10D6A000130101FD93D74501232481022322910216
:10D6B00023202103232E3101232A51019394C500F5
:10D6C00023261102232C4101232861012326710105
:10D6D0002324810193F7F77F13040500930A0600C2
:10D6E0009389060093D4C40013D9F50163840742DB
:10D6F0001307F07F6386E70A939634001357D5012A
:10D700003367D700B7068000B364D700131A35001B
:10D71000138C17C0130B0000930B000093D7490123
:10D720001397C90093F7F77F138F0A001354C700AC
:10D7300093D9F9016380070A1307F07F638EE7141A
:10D740001317340093D5DA01B3E5E500938717C0CA
:10D750003707800033E4E500139F3A00B388870160
:10D76000130300001307A00013851800634C670B18
:10D77000B3453901930720001388050063C6671578
:10D78000130BFBFF1307100063606717630AF33C7A
:10D7900093040400130A0F00930B03006F00C009E9
:10D7A00033EAA40063180A3C93D749011397C900D0
:10D7B00093F7F77F93040000130B8000130CF07FA6
:10D7C000930B2000138F0A001354C70093D9F9015B
:10D7D000E39407F6B36754016382073C6300044A8D
:10D7E00013050400EF10C04C93080500130755FF04
:10D7F0009307D001138F88FFB387E740B3D7FA00B0
:10D800003317E40133E4E700339FEA01B3081C4116
:10D810009388D8C01307A0001303000013851800D5
:10D82000E35867F59305090093072000638AFB32EC
:10D8300093073000638CFB489307100013880500A2
:10D84000639AFB469307000093060000130700004D
:10D850008320C1020324810293974701B3E7D700D5
:10D860009316F801B3E7D70083244102032901028C
:10D870008329C101032A8101832A4101032B01016C
:10D88000832BC100032C810013050700938507003B
:10D890001301010367800000336754019308FC7F84
:10D8A000630A073037170000334839011307078030
:10D8B000136B3B009306A000930508003305EC00B2
:10D8C00063C0663913033000130610003316660177
:10D8D00013770653E31A07F4937706246394073CFF
:10D8E000137686086312062EB70F0100938EFFFF92
:10D8F000B377DA0193560A01B37EDF01135E0F019D
:10D900003387D7033383D603935507013306FE02CB
:10D9100033066600B385C500338FC60363F4650024
:10D92000330FFF01B70301001386F3FF33F3C50084
:10D93000935F04013377C7003374C40013130301EA
:10D94000B38287023303E30093D505013387860250
:10D9500013D60201B387FF02B387E7003306F60050
:10D96000B387F6036374E600B387770037090100D5
:10D970009309F9FF3377360193D30401B3F63401E9
:10D98000B3F2320113170701B384DE0233075700E5
:10D99000135606013306F600B385E500B302DE0236
:10D9A00093D70401B38ED303B382D201B387570058
:10D9B000330E7E0263F4D701330E2E01B709010046
:10D9C000938EF9FFB3F2D70193D70701B387C7014D
:10D9D000B3FED401939202013309D402B382D2017F
:10D9E00033848302135E0901B386DF02B3868600A7
:10D9F000330EDE00B38E7F0263748E00B38E3E0161
:10DA0000B70F0100938FFFFFB376FE0193960601D7
:10DA10003379F901B385E501B38626013386C60063
:10DA200033B7E5003307E600338F5500B307F7003F
:10DA3000B335BF00B385B700B336D6003336C70061
:10DA4000B3E6C60033B7E700135E0E01B3B7F500C7
:10DA5000B386C6013367F70093179F003307D700DB
:10DA6000B3E767003307D701B337F00013567F01E0
:10DA70001317970093D67501B3E7C70093959500E8
:10DA800033EAB70093177700B364D70063D0070277
:10DA900013571A0093771A009396F401B367F700AF
:10DAA00033EAD70093D41400930805001386F83F97
:10DAB0006356C01293777A00638007029377FA0067
:10DAC00013074000638AE70013074A00B337470192
:10DAD000B384F400130A07009397740063DA070015
:10DAE000B70700FF9387F7FFB3F4F40013860840ED
:10DAF0009307E07F63C4C71C93573A001397D40180
:10DB0000939694003367F70093D6C6009377F67F19
:10DB10006FF01FD433EAA40063080A06638E041270
:10DB200013850400EF10C01813060500930655FF77
:10DB30001307D001930786FF3307D7403357E4001C
:10DB4000B396F400B364D700331AF4009307D0C03F
:10DB5000338CC740130B0000930B00006FF01FBC09
:10DB6000138805009307F07F930600001307000059
:10DB70006FF01FCE130A0500130BC000130CF07FCB
:10DB8000930B30006FF09FB993040000130B40001B
:10DB9000130C0000930B10006FF05FB8136B1B00A9
:10DBA00093080C0013040000130F0000130310006F
:10DBB0006FF05FBB136B2B0013040000130F00000A
:10DBC000130320006FF01FBA93040400130A0F0020
:10DBD000930B0300938509006FF01FC51307100016
:10DBE000631006109388E84133161A013336C000DB
:10DBF000B3981401B357EA00336616013366F60092
:10DC000093777600B3D5E400638007029377F6003C
:10DC100013074000638AE7009307460033B6C70046
:10DC2000B385C50013860700139585009307100080
:10DC30009306000013070000E34C05C06F00C010FE
:10DC40001307F0006310EB1213080000B70608007A
:10DC5000130700006FF0DFBFEF108005930655013A
:10DC60009307C00113060502E3D4D7EC130585FF23
:10DC7000130A0000B314A4006FF05FED13850A00CF
:10DC8000EF100003130755019307C0019308050225
:10DC9000E3D0E7B6130585FF130F00003394AA0005
:10DCA0006FF0DFB6130800009307F07FB706080097
:10DCB0006FF01FBA930805006FF05FDF9307F07FE6
:10DCC00093060000130700006FF09FB813080000D0
:10DCD0009307F07FB7060800130700006FF05FB7E7
:10DCE0003307C74093078003E3CEE7B49307F001FF
:10DCF000E3DAE7EE930710FEB387C740930600020E
:10DD0000B3D7F4006308D7009388E843B3981401AD
:10DD1000336A1A01333640013366F6001377760012
:10DD200093060000630807029377F600130740008C
:10DD300093050000638AE7009307460033B6C700E7
:10DD4000B335C00013860700939695001397D5014D
:10DD500093D6C600135636003367E60093070000DB
:10DD60006FF01FAF93040400138A0A00930B300076
:10DD7000938509006FF05FABB70710009387F7FF3B
:10DD8000130101FEB3F8B70033F8D70093D746016B
:10DD900093983800232C81002326310113D4F501F8
:10DDA00093D945011357D501131838009355D6015F
:10DDB000232E1100232A91002328210113FFF77F2E
:10DDC0001303F07F3367170193F9F97F130E0400F3
:10DDD0009318350093D6F601B3E50501931E36007E
:10DDE000630C6F2093C61600B387E9416302D41613
:10DDF000E35AF000630A0F246384693C93068003AE
:10DE00001305100063CEF602B7068000B3E5D50017
:10DE10009306F00163C4F64E93060002B386F64003
:10DE20003395D50033D6FE00B396DE003365C500CA
:10DE3000B336D000B3D7F5003365D5003307F740CC
:10DE40003385A84033B6A800930405003309C740C2
:10DE50009317890063D80734B70780009387F7FFCB
:10DE60003379F9006306092E13050900EF005064A9
:10DE7000930785FF930600023387F64033D7E4000B
:10DE80003319F90033672701B394F40063C4373FB3
:10DE9000B387374193871700B386F6403396D40093
:10DEA00033D9F4003336C0003366C900B316D70047
:10DEB000B3E4C6003359F7009309000093F77400E8
:10DEC0006380070293F7F40013074000638AE700BA
:10DED0009387440033B597003309A9009384070062
:10DEE0009317890063D0076C938719001307F07F9D
:10DEF0006386E724370780FF1307F7FF3377E900CE
:10DF000093F7F77F1318D70113D534001317970031
:10DF10003368A8001357C700137E14008320C10183
:10DF20000324810193974701B3E7E7001317FE012C
:10DF3000B3E7E70083244101032901018329C100DC
:10DF40001305080093850700130101026780000094
:10DF50006352F07063160F1CB3E6D501638E06267C
:10DF60009386F7FF63880646638C672493078003D4
:10DF70001309100063CCD702938706009306F001C3
:10DF800063CAF64893060002B386F6403399D5007B
:10DF900033D6FE00B396DE003369C900B336D00035
:10DFA000B3D7F5003369D9003307F70033061901F9
:10DFB00033392601930406003309E90093178900D9
:10DFC00063D2071E938919009307F07F6388F916BF
:10DFD000B70780FF9387F7FF13F51400B377F900B5
:10DFE00013D714003367A7001395F701B364E50056
:10DFF00013D917006FF09FEC33E8D5011383198014
:10E0000063080806630AD4066304030E638E0926B8
:10E0100013153600135535001384060013870500C9
:10E020001318D7013368A800135737003367070167
:10E0300063060710130E00009307F07F37070800F0
:10E04000130800006FF09FEDB3E6D5016386061854
:10E050009386F7FF6382063A63846716930780030B
:10E0600013051000E3CED7DC938706006FF05FDA6C
:10E0700093C61600E31AD4F8630803186390092CBA
:10E080009307F07FB3661701638806489386F7FF0E
:10E09000638206341305F07F6382A72A9307800307
:10E0A0001309100063CAD7029307F00163C6D74C67
:10E0B00093070002B387D7403319F70033D6D8004F
:10E0C000B397F8003369C900B337F000B356D700EF
:10E0D0003369F900B385D5003307D90133392701F6
:10E0E000930407003309B90093090F006FF01FED87
:10E0F0009387190093F7E77F6394071433E8D501FA
:10E10000B36717016394092A638E07386310083CCC
:10E110001315350013593500930700006F004011A7
:10E120006380690A9306800313091000E3C0F6E8D0
:10E13000B7068000B3E5D5006FF05FE4137E1400EE
:10E140009307F07F13070000130800006FF01FDD36
:10E1500013850400EF00D035930785019306F00185
:10E16000E3DAF6D0130785FF3397E40063CE371B5D
:10E17000B38937419387190063DEF642938919FE0C
:10E1800093060002B3543701638CD7009306000452
:10E19000B387F6403317F7003337E000B3E4E40009
:10E1A0009309000093F77400E39E07D0938709005A
:10E1B00013D53400130709006F008002E31C08E642
:10E1C000131535001318D701135535003368A8000F
:10E1D000135737006FF09FE51315350013553500C1
:10E1E0001318D7019306F07F3368A8001357370040
:10E1F000E38ED7E21317C7001357C70093F7F77FD3
:10E20000137E14006FF09FD19386190093F7E67F79
:10E21000639E0712B3671701639A09246386073068
:10E22000B3E7D501639A073013153500135935004C
:10E230001318D70133682801135737006FF09FFB7D
:10E240003388D841B3B708013309B7403309F940DF
:10E25000931789009304080063C2071233682801EA
:10E26000E31208C0130E000093070000130700001C
:10E270006FF0DFCA370980FF1309F9FFB389F9404E
:10E28000337927016FF09FC39307F07F3365170140
:10E29000630405101388F7FF6302081E1305F07F5F
:10E2A000E388A7D6930780031384060013051000A4
:10E2B00063CA07039307F00163C4071993070002B9
:10E2C000B38707413315F700B3D60801B397F800B9
:10E2D0003365D500B337F000335807013365F500D7
:10E2E000B38505413385AE4033B7AE0093040500D6
:10E2F0003389E54093090F006FF09FB5938607FEC1
:10E3000013060002B3D6D500638AC70013060004C3
:10E31000B307F640B397F500B3EEFE003335D001F6
:10E320003365D5006FF0DFB1B70680FF9386F6FF47
:10E33000B387F9403377D7006FF09FEF131536009E
:10E3400013553500138705006FF09FCD9307F07FBD
:10E35000E386F6DEB38ED80133B61E01B307B700ED
:10E36000B387C7001395F70193DE1E00B364D50190
:10E3700013D91700938906006FF05FB433861E41EE
:10E38000B387E54033B7CE00930406003389E740F6
:10E39000138406006FF01FAD1316360013553600B8
:10E3A00013840600138705006FF09FE3E39807E0EE
:10E3B0006306082213D73500131636009395D5014E
:10E3C0003367B700135636003367C700138406005F
:10E3D0006FF01FC6B38ED801B305B70033B61E0168
:10E3E0003389C5009317890093840E0063D8070A08
:10E3F000930920006FF0DFBDB38ED841B305B7405D
:10E4000033B6D80193840E003389C54093091000B8
:10E410006FF01FA4938607FE13060002B3D6D50043
:10E42000638AC70013060004B307F640B397F500EC
:10E43000B3EEFE003339D0013369D9006FF01FB756
:10E44000930708FE93060002B357F700630AD8004B
:10E4500093060004B38606413317D700B3E8E800FB
:10E46000333510013365F5006FF0DFE7E38807EC23
:10E47000B3EED501E3900EBC6FF09FD433861E41FE
:10E48000B385E54033B7CE00930406003389E540F9
:10E4900013840600930910006FF09F9B93071000F0
:10E4A0006FF01FD1E30008DC1316360093573600D7
:10E4B0001398D501139795003368F8001357C700D8
:10E4C000138E0600930700006FF05FA53389D841D3
:10E4D000B3B728013306B7403306F64093178600DA
:10E4E00063D2070E33861E413387E540B3BECE00AC
:10E4F0003307D741931787009304060063DE0712A2
:10E50000B70780FF9387F7FF3377F7001384060080
:10E51000930710006FF01F9F131636001355360037
:10E52000138705006FF0DFCB131636001359360042
:10E53000138705006FF0DFCFB386D801B307B700AC
:10E5400033B61601B387C7001397870013D8360078
:10E55000635E0708370780FF1307F7FFB3F7E7008D
:10E560001397D701939797003368070113D7C70014
:10E57000930710006FF09F9A938706FE1306000220
:10E58000B357F700638AC60013060004B306D640EB
:10E590003317D700B3E8E800333910013369F900C5
:10E5A0006FF09FB313D53400938709001307090058
:10E5B0006FF01FC393060002B386F64013060000F7
:10E5C0006FF09F8E3368C900E30E08C813593900F5
:10E5D00093070000130706006FF09FC5130E00009D
:10E5E0009307F07F370708006FF05F931397D70109
:10E5F000939797003368070113D7C700930700006C
:10E600006FF0DF91E38607AE33083F4193070800C0
:10E61000E38E09C69307800363CA0701B70780002A
:10E620003367F700138406006FF0DFC81384060019
:10E63000130510006FF01FCB1318D70113563600C7
:10E640003368C8001357370093070000138406008F
:10E650006FF05FBAE38A07BAB3063F4163960900D9
:10E66000938706006FF01FA2930780031309100021
:10E67000E3C4D7A6B70780003367F7006FF0DFA2C7
:10E6800013D74501B70710009387F7FF1347F7FF2C
:10E6900013D84601B3F5B700B3F7D7009316570167
:10E6A0001378F87F638006021307F07F13050000DC
:10E6B0006304E80067800000B3E7C7003335F0006B
:10E6C00067800000B3E5A50013051000E38E05FC8C
:10E6D0006780000093D74501B70610001387F6FF47
:10E6E00093F7F77F1306E03F3377B70093D5F50133
:10E6F000635EF6001306D041635EF60037050080C6
:10E700001305F5FF3385A5006780000013050000A1
:10E7100067800000130630433306F6401308F0010B
:10E720003367D7006350C80293063041B387F64081
:10E730003357F7003305E040E39C05FC1305070061
:10E74000678000009387D7BE3317F7003355C500A5
:10E750003367A7006FF01FFE130101FF232611008E
:10E760002324810023229100630A05041357F541F5
:10E77000B344A700B384E440930705001385040065
:10E7800013D4F701EF00C0529307E041B387A740CD
:10E790001307A00093F7F77F6340A7061307B000A5
:10E7A0003307A74033D7E400130555011317C700FB
:10E7B000B394A4001357C7006F0040011304000076
:10E7C000930700001307000093040000939747018C
:10E7D0001314F401B3E7E7008320C100B3E7870017
:10E7E00003248100138504009385070083244100DE
:10E7F0001301010167800000130555FF3397A40042
:10E800001317C7001357C700930400006FF01FFCD5
:10E81000130101FF232481002326110013040500A6
:10E82000630C0504EF00C0489307E041B387A7409D
:10E830001307A00093F7F77F6344A7061307B00000
:10E840003307A740130555013357E4003314A400E0
:10E850008320C100130504001317C700032481009F
:10E860001357C70093974701B3E7E7009385070065
:10E8700013010101678000008320C100130504001B
:10E8800093070000032481001307000093974701BA
:10E89000B3E7E700938507001301010167800000DB
:10E8A000130555FF3317A400130400008320C10093
:10E8B000130504001317C700032481001357C70072
:10E8C00093974701B3E7E700938507001301010120
:10E8D000678000008325C500832785000328050085
:10E8E0008326450013960501130101FE13971500B9
:10E8F000135606012324F1002326B100232CF10036
:10E90000232001012322D10023280101232AD10041
:10E91000232EC1001357170193D5F5019308010168
:10E920009307C1011315360003A6C7FF9387C7FFDE
:10E930009356D601B3E6A60023A2D700E394F8FECF
:10E9400093061700131838001396160123280101A7
:10E950001356260163020604B7C6FFFF93860640DE
:10E960003307D7009306E07F63D4E6109307F07F68
:10E970001306000093060000939747019395F50155
:10E98000B3E7C700B3E7B700138506009385070018
:10E9900013010102678000000326410183288101E1
:10E9A0000325C101B3661601B3E6A600B3E606016E
:10E9B00063140704638206149306500013060000D4
:10E9C00093D736009316D601B3E6F60013169600D9
:10E9D0009377F77F1356C600939747019395F501F8
:10E9E000B3E7C700B3E7B7001385060093850700B8
:10E9F00013010102678000006384061293D7C801E7
:10EA000013154500B3E7A700B7068000B3F6D7009B
:10EA10006382061C370780FF9356C601939848000F
:10EA20001307F7FF33F6E700B3E61601B707400018
:10EA30003366F60093F686FF9307000013D736007F
:10EA40009316D601131696001356C60093974701E6
:10EA50009395F501B3E7C700B3E6E600B3E7B70067
:10EA600013850600938507001301010267800000EB
:10EA7000635CE00C83274101032581010326C1016A
:10EA800093964700B3E6060193D7C70113184500D4
:10EA9000131646001355C501B336D000B3E707017E
:10EAA0003366A600B3E6F60093F7760063800702AC
:10EAB00093F7F60013054000638AA700938746008A
:10EAC000B3B6D7003306D60093860700B707800099
:10EAD000B377F600E38607EE130717009307F07F7E
:10EAE000E306F7E8B70780FF9387F7FF3376F60072
:10EAF0009377F77F6FF09FF49307000013060000F1
:10EB0000939747019395F501B3E7C700B3E7B700C3
:10EB1000138506009385070013010102678000003A
:10EB20009307F07F13060000939747019395F50133
:10EB3000B3E7C700B3E7B700138506009385070066
:10EB400013010102678000009306C0FC634CD708E4
:10EB50009306D003B386E6400327C10113DE564077
:10EB6000B70E0800B3EEEE0013152E00232ED101D0
:10EB700093F6F6013388A8001386080013070000F7
:10EB8000032306001306460033676700E31AC8FE36
:10EB9000130630003306C641639A060403280800B2
:10EBA000938616009387470023AE07FF634ED60077
:10EBB0003388A70003280800938616009387470030
:10EBC00023AE07FFE356D6FE93074000B387C74145
:10EBD0006F004008930500009307F07F3706080098
:10EBE0006FF09FD9130700006FF01FDD13080502B7
:10EBF00033082800032808FF130F0002330FDF40FB
:10EC00003318E80133670701630E0608131826005E
:10EC1000B30FF8003386A80003250600032346003F
:10EC2000938747003355D5003313E30133656500FF
:10EC300023AEA7FE13064600E390FFFE93074000B5
:10EC4000B387C7411306080233062600B3DEDE0091
:10EC50002328D6FF93064000B386F64093962600FD
:10EC60009397270013068000B388F80063EAC60074
:10EC700023A0080023A20800938686FF93888800BB
:10EC80009307400063E4F60023A0080083270101F6
:10EC90003337E00003264101B366F7001307000095
:10ECA0006FF09FE093071000130800006FF09FF9CA
:10ECB000B7070100637AF502133705101337170001
:10ECC00013173700B70702803355E5009387C71D38
:10ECD000B387A70003C5070093060002B386E6408A
:10ECE0003385A64067800000B70700016374F50212
:10ECF00013070001B70702803355E5009387C71D4E
:10ED0000B387A70003C50700930600013385A6401B
:10ED10006780000013078001B70702803355E500C4
:10ED20009387C71DB387A70003C50700930680001C
:08ED30003385A6406780000056
:10ED3800696C6C6567616C20696E73747275637455
:10ED4800696F6E20657863657074696F6E2068619D
:10ED58006E646C657220656E74657265640A006520
:10ED680063616C6C20657863657074696F6E206888
:10ED7800616E646C657220656E74657265640A0004
:10ED880065627265616B20657863657074696F6E22
:10ED98002068616E646C657220656E746572656466
:10EDA8000A00756E6B6E6F776E2065786365707498
:10EDB800696F6E2068616E646C657220656E74653B
:10EDC8007265640A006E6F20657863657074696F98
:10EDD8006E2068616E646C657220696E7374616C14
:10EDE8006C65640A00000000556E696D706C656D95
:10EDF800656E7465642073797374656D2063616CE6
:10EE08006C2063616C6C6564210A0000F418FFFFD4
:10EE1800F418FFFFC418FFFFC418FFFFC418FFFF52
:10EE2800C418FFFFC418FFFFC418FFFFF418FFFF42
:10EE3800E418FFFFC418FFFFC418FFFFC418FFFF42
:10EE4800C418FFFFE418FFFFE418FFFFBC19FFFF19
:10EE5800C418FFFFC418FFFFC418FFFFC418FFFF42
:10EE6800C418FFFFC418FFFFC418FFFFC418FFFF32
:10EE7800C418FFFFC418FFFFC418FFFFC418FFFF22
:10EE8800C418FFFFC418FFFFF418FFFF6C19FFFF39
:10EE9800C418FFFFC418FFFFC418FFFFC418FFFF02
:10EEA800C418FFFFC418FFFFC418FFFFC418FFFFF2
:10EEB800C418FFFFC418FFFFC418FFFFC418FFFFE2
:10EEC800A019FFFFC418FFFFC418FFFFC418FFFFF5
:10EED800C418FFFFC418FFFFC418FFFFC418FFFFC2
:10EEE800C418FFFFC418FFFFC418FFFFC418FFFFB2
:10EEF800C418FFFFC418FFFFC418FFFFC418FFFFA2
:10EF0800C418FFFFC418FFFFC418FFFFC418FFFF91
:10EF1800C418FFFFC418FFFFC418FFFFC418FFFF81
:10EF2800C418FFFFC418FFFFC418FFFFC418FFFF71
:10EF3800C418FFFFC418FFFFC418FFFFC418FFFF61
:10EF4800C418FFFFC418FFFFC418FFFFC418FFFF51
:10EF5800B019FFFF9C17FFFF4018FFFF4C18FFFF79
:10EF68007C17FFFF7C17FFFF7C17FFFF7C17FFFF55
:10EF78007C17FFFF7C17FFFFAC17FFFF7C17FFFF15
:10EF88007C17FFFF7C17FFFF7C17FFFF2418FFFF8C
:10EF9800AC17FFFF457870656374656420203D20D9
:10EFA80025640A00507265646963746564203D20B5
:10EFB80025640A00526573756C74203A2025642F05
:10EFC800310A000063726564656E63653A202564E2
:10EFD8000A000000656E763030303300696D616775
:10EFE800652025733A20256420696E7374727563F1
:10EFF80074696F6E730A0000696D61676520257317
:10F008003A202564206379636C65730A0000000068
:10F018006663325F6F7574707574203D2000000060
:10F0280025642000800000008000000080000000AF
:10F0380080000000800000008000000080000000C8
:10F0480080000000800000008000000080000000B8
:10F0580080000000800000008000000080000000A8
:10F06800800000000D08FAFDF6F60105FC01FB071B
:10F07800FEFEFAF206F6F9EBE0DAD8D8D6F1090284
:10F08800112A2533D3C6C3D2F9FFFAF723282F2430
:10F09800100A110BDFF10625DFEF0D2CE1F11D1C25
:10F0A800E2F2051AF3000A0BE4EB1815E502170C57
:10F0B80000F90DFDFB01162000FEF30201EEDAE374
:10F0C800030E1900F7E1EA19F1E8F924E8E4062B40
:10F0D800EEEF0A202517FFFEFCF0FFFBEBFDF51312
:10F0E800F1FE0C1D1024FCD5341423F82C1D0EFB46
:10F0F800140A2006C8031B1BE4191B15171C27F547
:10F108001610E7C50114231CEDF0161BDFD6E5FB2E
:10F1180001F2F7F308E4F51C1AF4D2041906F40115
:10F12800FD1401FA111125361D1A1121F9F4F20303
:10F13800D0D0CDDFFCFBEBEB19FFE0BF130D05DAF8
:10F148001636310F081D3534DED3F332E2E2CCFD3A
:10F15800FCF5E6E4FFEFF4F010F7FE030C0CF9FF02
:10F1680015FCF6F38000000080000000800000001D
:10F178008000000080000000800000008000000087
:10F188008000000080000000800000008000000077
:10F198008000000080000000800000008000000067
:10F1A8008000000080000000800000008000000057
:10F1B8008000000080000000800000008000000047
:10F1C8008000000080000000800000008000000037
:10F1D8008000000080000000800000008000000027
:10F1E8008000000080000000800000008000000017
:10F1F8008000000080000000800000008000000007
:10F2080080000000800000008000000080000000F6
:10F2180080000000800000008000000080000000E6
:10F2280080000000800000008000000080000000D6
:10F2380080000000800000008000000080000000C6
:10F2480080000000800000008000000080000000B6
:10F2580080000000800000008000000080000000A6
:10F268008000000080000000800000008000000096
:10F278008000000080000000800000008000000086
:10F288008000000080000000800000008000000076
:10F298008000000080000000800000008000000066
:10F2A8008000000080000000800000008000000056
:10F2B8008000000080000000800000008000000046
:10F2C8008000000080000000800000008000000036
:10F2D8008000000080000000800000008000000026
:10F2E8008000000080000000800000008000000016
:10F2F8008000000080000000800000008000000006
:10F3080080000000800000008000000080000000F5
:10F3180080000000800000008000000080000000E5
:10F3280080000000800000008000000080000000D5
:10F3380080000000800000008000000080000000C5
:10F3480080000000800000008000000080000000B5
:10F3580080000000800000008000000080000000A5
:10F368008000000080000000800000008000000095
:10F378008000000080000000800000008000000085
:10F388008000000080000000800000008000000075
:10F398008000000080000000800000008000000065
:10F3A8008000000080000000800000008000000055
:10F3B8008000000080000000800000008000000045
:10F3C8008000000080000000800000008000000035
:10F3D8008000000080000000800000008000000025
:10F3E8008000000080000000800000008000000015
:10F3F8008000000080000000800000008000000005
:10F4080080000000800000008000000080000000F4
:10F418008000000080000000800000000004000060
:10F4280000040000000400000004000000040000C4
:10F4380000040000000400000004000000040000B4
:10F4480000040000C9FBFAE4E6DA1EE3FBE4E72C5B
:10F45800F8EDF9E9F21DF61C1E21DAD9DC10F2EDFF
:10F46800E7F4FD3A06FBD5291BFCE92C1CDFFE035B
:10F4780028E9F92E26EBEDD8F7EFEBF322F9FCD6C5
:10F488002F24F6E2EBE61CE23201143C2C2AF6FBB0
:10F498001EFCF8F8FADD28ECECE912E00CEDF82C8B
:10F4A800E812DF2725E91BD9021F0EE231DED0E77B
:10F4B800ECFD26F027E300FB07E5061427F3F6FD2D
:10F4C800DBD7F8DFF8FDFCF902210AE72EF3F5DCBB
:10F4D800E3F3E4FF05F6F5EDDDE60E34E204EBDDDB
:10F4E800DDF028EEE12427F92DFA20FB02EDE5E610
:10F4F80029233AE722DA06ECF6EF3004FA1FE1F89E
:10F5080004DD3431EAFBEDE1F1F8D3EB25DB012A28
:10F51800E6D0EFF5EBE4F0EE1316093507181DD722
:10F52800F3E5F1EEE7EDEFF2DA1CFA3521E5DB164B
:10F5380022D10BF8F4DB2EEC25E0E315E826321A8D
:10F54800E836EDE4F2CA18F3E5EF01E5F316291FF2
:10F55800EBD92A2B0DECEB19E52FF1DAF0E7FE37A2
:10F56800FCEBF5EC13F1293635EF2A32FAF9EE35D2
:10F57800E7273032DFDB0027D5EF03162CFEE4E562
:10F5880030F408271B1DCCCD391EDEE8070207071B
:10F59800E5FD2D13142021F32CF3EEF5E92FF7E404
:10F5A80007CFCEC1FF32F014F70102F238E40AD5D2
:10F5B80004FDE52D19D63716D721DFEC20F5D4E662
:10F5C8002831D4E2282F14E4F41D31E0D130D1F3EE
:10F5D800D0C7E42BFB11F92A27D81BDFEDF4E5EAA5
:10F5E80017E72AFFE811FA31E90124FFF81FDAF0DA
:10F5F800FCE6E836D9ED2522CC1BFF2D23E4D923E0
:10F6080005ED08FC0CE4F9E81DFDD90D32F2E1E442
:10F618003AE92F03E2F82EF81422D81D362CD4E349
:10F62800E2D9F8F8E5E3EDEF37CEE63728E2E6E78A
:10F638002306ECF8E4F3D42F282FF0F7E7ECD639BB
:10F64800FBDDE4F0FE2201EB1CE9F7CBFDDBFB0B55
:10F65800393310002EE3DDE6EEE314EE0BFDFFFA7E
:10F66800EB06E5F6DBE6DE1BD629EB0F2BEBE832E3
:10F6780027D9E5FDEE39DD302431EFCFF32EED3219
:10F688002027DB1DDC39EB2EFB2B17E1FB1E0B15AE
:10F69800ED22E5F9ECEFE4EEFAF2ECDF2EF1E4F618
:10F6A800ED2FF0E7FC33E3F6CEE4191BDBFBF8DEC5
:10F6B800EFF6E0FDFE2E1D00EAFEFFD125F6E1F093
:10F6C80016C9CFE00F2DE70740F237EBDDE9DC2361
:10F6D800FEFC312CE2E53034F8ED2721F336CDE598
:10F6E800092AFDE11BD5F0E539FCDBF634FBE4E73C
:10F6F8001C09FA2906FE302303EF1C26EEDEF7DA92
:10F708001DF0E2FDEA04CF26F1F8CB24EA06DBF788
:10F71800EB1F37E4D62D11F027DD29E70BFA32E38A
:10F728001B361ACE2422FDD421F0252FFC2EFBF304
:10F738001D2925F5FAFE23E7281C04FDE205F2F24F
:10F74800E713C8EE01D420CC2E1DD8F8D33BF3190B
:10F758003524E93715D3ED0ED11FF4F4030DE8FA7B
:10F76800010E2128E02AF5ECFF1B272AF415F725BE
:10F77800E4E5EDF60C0EDB1800F6D6CD2D1DD0FE17
:10F788002FFEE1EE14331DD409E0F9FB00D624F175
:10F7980022F4212217DAFEE426EAED2E293414FD9C
:10F7A8002EE6EBEA22EA2110EDE306E3DF25E21973
:10F7B800FB360406F5D516E214CFD4D405E2F43BA3
:10F7C800E001E5F30510DFDBD7FAD7E938E61415D1
:10F7D800E5FAE30CE3EFE7EEEF18EDE5D8DF18E51F
:10F7E800E7E3FC2EF4E401F1EA1922272A15EC28B4
:10F7F800D939F0FDEE21E9F91E0AE1D805ECEC371C
:10F8080006F800DEF22EEAE7F701EC232FEFED38D9
:10F818002FDAF0F4D7F02913D12F0B3BF2EE01E0E9
:10F828000B00F22C17F126D221E6F2DFE6F4CF2303
:10F83800F0E8D9222D4B27EC18F1F5F0F81832E54D
:10F848000DEBFCE5E0DE06E9F8ED3AE130E5EFD650
:10F8580036CFFFD125E6E3EDE803FCDBF6E7271B0F
:10F868002736ED31DEE2102ADEDC2220F24435F6BE
:10F87800EFE72500E0E000F5EBCE3139040D03F3A6
:10F88800D8DD15D829D9EDD4EE06F501EA1FEADB53
:10F8980021F4F82907F12BDDE2221E2235252FFB62
:10F8A800FDF6D92EEFCEFB10F41CE1F8EAFAD8EDFC
:10F8B800ECE3F61FE5110D31F0D2EEFCD1290C0D69
:10F8C800E12E3D091BF318E51FCFEBFCE03121F8D1
:10F8D800F23128D9EBE326FD13E623DCE9F4FCE258
:10F8E800FF20F3D9EC26E725EB22E6F533DEF2ED2F
:10F8F800FF2C342CC7E028EC3212E832212F29E5FE
:10F90800D6170400DA001032D11CF70112F71E26B0
:10F91800F1FEF71AEEED192AE72F2414D1FF35006E
:10F92800ED1CD9FA21180F2827DEF8DFD6FCE21CD7
:10F938000ED8E3D2EB060D04DD32DF30E50FEEF82A
:10F94800F9F3271710EB142BF20CC02002F0F40D7A
:10F958002D29E0D216182A23ECD7DCE31C051D1A42
:10F968002BFA25F6E02311E2F91B041505ECE9E76B
:10F9780028253EDF463DF132E9150B26D4F0102547
:10F98800EAECD5DE35EC06D60AEB27EED1E0031C0F
:10F99800D0DF1FF22AE6FC3125D5EA0912FB1CFA52
:10F9A800001826131D322401F1FD22FACBDDCFCE3B
:10F9B800CF220FCF250628E337F70A211A2BEFEBC2
:10F9C8002EDC0F002914C3F4EA2C06DC0EF4F1F047
:10F9D800FCCC14261BF1223CE10B33EFF700EDD3EE
:10F9E800F73809EBDB22E5E5252F100F2BCBC8FCF8
:10F9F80019FADD38ED28E2FA0BD9E41DDAEEEDE06C
:10FA0800DC0DC9CCC431241833F3F222E0E7C5D3A6
:10FA1800D425251B1014D403271AF60905332B20E7
:10FA28000EEA0C0BF506F7F002F40DEAFAF60705F4
:10FA38000A0A0B080F0CDAF507E9140B00F60AFCA2
:10FA4800F608F6FDFD08F5F008090413FB0BF0FABB
:10FA58000817020EF8FEFDF5FFFBF20A010300E4A9
:10FA680014010907F30213F4020E06FC0AFEF6F568
:10FA78000B0203FD02FD03EAFF0AE8F7F2FB170D8C
:10FA8800F1FF0FFC0BFA05FFF6EE0601F907F3FA92
:10FA9800FA0724ED17050508F20D10F9F5EF03FE36
:10FAA80002FE040CF50806FD04F9FDFF1B29FF0DF5
:10FAB800F315EAFC04FBFB1801E003010101FF0751
:10FAC800080114FC05F40FFD13E5F01200FFFAFA23
:10FAD80002EC04FD0DFA06FF0EFEFB0500FD1CFD01
:10FAE800FEEA03FDFE01001504F6F714FA01F3ED32
:10FAF8000BFE00FB0A0B1103D7F922F9F7FEFAFAFD
:10FB080004DB000AFEF5FAF50AF305181917160CB6
:10FB1800F303050303FDF51102F900FCFA0C01F9E2
:10FB2800080A0C0F04DAF6FAE808E7F900FC040002
:10FB3800FFF6F9F804F40EF612FE0E061113F91981
:10FB4800ED04EDFCFC0F06F2FDFB040C0DF80005BE
:10FB5800F2FAE714E6F927F5F713F80001EF06E8DB
:10FB680003FC0101F8FC0B0FED062306F0FE12154D
:10FB780000F2010DFDED0205F4F601E4F404FC01C8
:10FB8800080A21FFE5E6AD04F7E6FB0D02EDF103F7
:10FB9800FCF5FDDBFBFE01F71DFF0E05D3F9E1FEC9
:10FBA800FFF5EFFB090FFE09FE04FAF701F704FB66
:10FBB80003FAF0F4F9F11D03EEEAFFF7FDEFFFF6A3
:10FBC800090600FCFF05FB0B0DFCFB020DE711030A
:10FBD800E420F7FB08F3060CFFFBEAFCFEF402FE48
:10FBE8000A0315FA0C0810F8ED0BD6FCF5F9FE051A
:10FBF80002F909DE06FE00EF11FD12E5F5F2E6FD59
:10FC0800291BE8070704F7EEFBF8F222FEF5080ABD
:10FC1800F7FCF703F4DE48F70CD5270405F3F5E005
:10FC2800FEEEE6F4F0EF0C01F2090215F0E32C19F0
:10FC380004FF0D0FFDF6FBFC04EFFFDFE4FF05EE0C
:10FC48000706170406BE05FFE6C5EDFD01FDFADE51
:10FC580001F1F2ECFFFAFDEA130C1320CFEBF647A3
:10FC6800F62DF10CFBFC0EEA05F5F30EE80DFCECA5
:10FC7800E3E8FE12EDDA230D3E1007100C01FDD467
:10FC88000805F7F9F5FE03020308132DF3E6DD2551
:10FC9800130A0001E8F2FBD80505EDF5F509E805BA
:10FCA800FA071A17F9FC0E04190AF1EBF8FB04EA33
:10FCB8000D0802050010F1F8FEEF0F04EA0D1134EB
:10FCC800D4F501F7F6FFF8EEF71CFAF2FB04FA3C5C
:10FCD800FBF60DF5F6DDE1080600F400040A050C54
:10FCE8000A19F9DFECFEF4170E14070609F6090FD6
:10FCF8000408FA07FB1405EA01F5FDF2F5FFF10522
:10FD080027EBEDF8FC382D1EF21F0DFD020E07EC57
:10FD18000AD80C170B09E913F3F3E11C09414AD976
:10FD28000EFD0900F503FB05FC18110B0BF50C1A69
:10FD38000C09F41B06010FEEE1FA0CFD010D050696
:10FD480005010510140801200001ED23FE2018F319
:10FD58001D0C010AF70FFF0304E401FB0BFB020B68
:10FD6800F5F9F2FDFB270CFD1A18FFFD070409023F
:10FD780001FCFDECFF05FF10020710F5FA0400EA8C
:10FD880018150200FEFFFE06FFF404120BFEFA101F
:10FD980004FF09FC070F05FB26150B0AFA0001FFF3
:10FDA800FCED08E703FE0A0EEFF900FCEB01E0FAB0
:10FDB80000FC0CFB00FBFBF1FE190B1B050C1B02E6
:10FDC800F902190B09F5020BFD1F080002FEFCF3EE
:10FDD800F81EF924F80B0D0CFD18F007E700F7F7EB
:10FDE8001626FAFDFAFC0FF8F20201F6FDFE0D09DF
:10FDF800F7FE1924EBD4FD121B16F205FE0008F2DB
:10FE0800F61D060DFF06000201FAEAFCECF3BB1D25
:10FE18001312EAF8051101F9020DFCEC020203F7CE
:10FE2800130AE2040E17FFFEF80B0008091403F585
:10FE380001FF031F010FF9000D07EFD3EC18FEE8CF
:10FE4800FD0A050802FF04F6041C06E4EF03F306A6
:10FE5800FE0619DEED00E0FE05F40CF4F90BFB09D3
:10FE6800FAD90FEF0400F300FB07FEE0FEF0F701FC
:10FE780007FCFFFC0208F401FDEEF80B130403096C
:10FE8800F6EFF6F517E715D6FEFE02FDF6FFFDFDC7
:10FE980003F903ED0EF8FA15FBFBFB01F90608EB75
:10FEA8000FB2F705FD02FD2006F307F20CF403126A
:10FEB80007F9EBDDF0012803D6FCF7F4020A08FB8A
:10FEC80007EE090DFEF91002FF0BE7F20F1A17F6FD
:10FED800D118E7FE07FEF72603EAFB000104071224
:10FEE80004FA0BF807F506F308F1F70406F800071B
:10FEF800FFEB03FF0902FF000B0C00F3F3FBEADD45
:10FF08001EEB03FFF6F9F6E5FA00011306FE07FDFE
:10FF1800FEEEF626F8E027031BFE0B0CF800FAF3BA
:10FF2800FEDBFDFDE3FE0D0AF7F8F72706F5F0F214
:10FF3800FDE10BFE05F7FFFAF0E606F8FF07130DE3
:10FF4800050802FE16F4F80E0C1AFCF6FD0707F475
:10FF580001F5F8F1F6081AF6120003170401FD1A64
:10FF68000123F512EE0002F6FEFAFFF9FF02F8256A
:10FF7800FAF5FDEFF2DAEB0F150406F9FC070AF1C2
:10FF8800FDED01FBFCFC09270BFDFE1809F9F10F3B
:10FF980007F4FF04FDFC03E1FF1000FDFF0AFC0B62
:10FFA80005F8F21E00FFEC04FD12EFF2FF0404F462
:10FFB80003FBFC040508FDFFF8EF18EF111310FB15
:10FFC800E0EF07F6FCF700F4001D0C210DF8FA200D
:10FFD800EB0B18EFF3E90004D305F4010F01041645
:10FFE8000722F302EE00F718FD1510FAF7F5E2FB09
:08FFF8000003F3FFFEF7FFFD1B
:02000004800179
:10000000F9FE06E60FFE00001AF9EFF0F111E61016
:10001000F8F3EC010AFE00F3F8E0FCE70A070A0C2B
:1000200005ECFC01E2113A090DFF0300FAFEF906A6
:10003000F81AFAEA1308FBEC050D12F6F0FCC8FDFD
:100040001507FA02F50809E908FF020F0EFDFAF09C
:100050001D0102F8EEF1FD0E3E1D15F10405FFE055
:10006000FF1FFA1DFCFAFF021609F7FEDC0F2B1A20
:100070000D1111F9000AFFF0FE02FE21030CFBFA3C
:1000800005FADDF2ECF55003FDE5FC030604071A62
:1000900003FC18010E0EFEFD040513F30537E4F60C
:1000A000FB24EA0D000CF9EBFF0303FE1B07010321
:1000B0000D00FDF90A00F9FC08220B0509FBFFDC25
:1000C000FFF70B15050E061DF7F9E10AF4F604001B
:1000D0000D2A19FFFE0500FE000004FD14FEFA22A1
:1000E000F2ECDB05F52432F209FA0402F9F9061EF6
:1000F00004F90BF2FD09FEF1FB03130807ED01F310
:10010000DD15ED0BFF010DF10B19FBFC0417FBEBEB
:10011000EFF4FAFDF6FBDC0BF425EF01FE0D01F325
:1001200007FA0AF41B050C06FA00E90F1B1007FA80
:1001300002FC0501FAFF08080BEA06F503030E0AA4
:10014000F1FC01110808F9D7FA1202010D03030DA1
:10015000F7FE07EE0DFFFB00FF040AF5EE11E103C9
:100160000CE800FE040607110F0F0E12010107EB49
:100170000EF9DFEFFB0BEFF909F007020004F9FFBE
:10018000FAE30B100FFFFE05F3F505F82000FCF570
:10019000FEFC1907FFFE04E90202050AF7F607FF55
:1001A000F6FF16111FEDE2FBF339030EF9F305F12B
:1001B0000417FDF205FAF7FC02060D0D1A140C00E7
:1001C00005FE0F0BF100080906E707FBFBF8FB1221
:1001D0000507FC07FD1016F60A25110E0B0CF2F4AC
:1001E000090D01FBE5FF0909FFFF0EE701F6DCFE43
:1001F000080C00010DF1FDF90421FA0AFB01ECF6EF
:10020000020F230616F2D5FFEFFDF6FC05FD0FFFEA
:100210000C1604F61004FA0609FA0DF10A201AFE6B
:10022000FB2409FA0A080109FD0EFBF8FC07060683
:10023000100501EB0714FEF2F9F30305F809FAF4CF
:10024000FD240103F601FEF20C0A0AF00703F30B8A
:10025000101C0007F3FA0A14F51800FE01FFF4FB66
:10026000FD0E03E7F7F0E6F6FFF900F604040012CE
:10027000FFE6031506F2FE0E1DF6FDE3FC2918FF4E
:1002800003F408FF02FFFC2EFA1602FC1EF7FBF730
:10029000F7F5F6E30F10FBF1031803050501FCF277
:1002A000F4F7FD1706ED00EFFFE80B070B03F5F879
:1002B000FE0CFE100300F807FD080305FC02FF100A
:1002C0000E05F5DF110606EDF21305F001FA04EC58
:1002D000FA0F0E03170308F1FC031012FDC608F312
:1002E000EB04FE06FFF606EC09F10BE51EFD0F120E
:1002F000E10A17E6D401E217E906EFF3020300FE74
:10030000FF0204EB09F8F522EE0F1EEBBFD0BAE8AE
:10031000E500E6FDFE00F70BF809FBEC01F9091614
:100320000B0A04E8CFEFE80B08DBF4FAFDFCF7EF6B
:1003300001E903FFF300FFF0FEFDE9FEF4E516F826
:1003400009F402FD03FEEFF404FC0312FAF5F5E6EE
:1003500004FB1106FA0018FCD6CF090BF900FB0EBE
:10036000FBFE0216E60801EE080BF90C0BFA070477
:10037000EEF5F8FC05FD0914FA0B03EDEB10FFF4A4
:1003800000F100F6FF09FB04ECE1FCF4FDF9FAFFD3
:1003900001F8FD02FA0C010003F2000F00E2F90D72
:1003A0000508F7FFFAFD0DFC021A0610E3FEF90A34
:1003B00014F3E62CF5E4051708480DF6FA04FE11CF
:1003C00001F9F9F21301F3FC00F7E901F81A0D063F
:1003D000FBEC0BFFFAF808F90CE9FF03FAF3F00560
:1003E000F400EA17FC221AECF9F406F1FDFCF60021
:1003F000FFCDFBF4F706FCFF1407FF1A1215F9FFF7
:10040000EA030602FB08FE06F7E803030703021EE1
:1004100005FEE918F9150AEE0CFE0200030A07FAB8
:10042000FDFF06F512030610E9F8F9FAFA0FFA06CD
:10043000DBF8FFFCFEFF06FDF303000A0EF9040BD8
:10044000E9FF08001907D7D10F05FEFB0507031ABE
:10045000FBEA0C0304F30212FAFFF81B0827E3007F
:10046000EF06F503FA0AF827FF13FA0D0BF302FE65
:10047000F7F1E7211F0FF4F805F205FF090702FF66
:10048000FB00ED070105000EF7F4FD1729FE04FC43
:10049000F6F304FD05FDFFFA061EFD06010605F94B
:1004A000F4F309F403DDFA182807F70100F9FCE278
:1004B0000223F8F2F30502FDFB03F70F01F8DCFF5E
:1004C00000100FFB0207F9E70805FD01FE1AFC0901
:1004D000FDFFF505E7EFF603F51313FD0E0D000222
:1004E000FF1B0110FBFA0A0402FDF4EA02FFF5010A
:1004F0000DDDFE040709080D07F0F90CFCFFFC16E2
:10050000F3081CD60BF5F4F605E507FB0B13FDFC11
:100510000B02F8FE0A06F5FC070607F8FE2DE703B6
:10052000F80F160B05120109FCEE21E924FEFEF777
:10053000EF02F4FFF40EF4EDFBF913FD0400FBD41D
:10054000FF0809F80CFD05FAF812FBF7F9FE1D018A
:100550001A0F06F2FF0301F5FD23FB030EF4090158
:10056000FAFFF5E80902F60A091805FF070606066C
:100570000CF901D81A02FF16E7FD0A3301160AEF3B
:10058000060FEE17000801FD001DF9E905080B0430
:10059000F6F9FE0CEB10C6FADB13F2FB06FCFEE7E5
:1005A000F817090C11F1FEF90411E3020917F80616
:1005B00009EDFC08F70A020D01EA0901EE01FC054C
:1005C000E7F6DC09D113ECD21119FF0200F7FF1294
:1005D000F824FAF6F209010E020F19C8FAFAD6FA4F
:1005E00007D7F002010D0212FBEC00FE10FE07F926
:1005F00006F7F6D3F7F7E7F122F91307000BFF032D
:10060000FCB805000E07EC13F1EE0D0516FBECCE61
:10061000FBFC0007F90AFD12F7FE0804F3030F0DB7
:10062000F6FF14102709D0D9021000FE05F9F7EDE6
:1006300005EBEFF0F7FD030814F708F6F8F3DB0518
:10064000FEE8EE1003120017F1FB0202F4040D0F96
:10065000E900FDF1EDF3DD17203EF5010205F2F5AD
:100660000B01FEF911F6F30DFDFAF0F209010BFD95
:10067000091016F7020E08FC00FE0203FDF4040741
:10068000F6FBF6FF160405F6FA0701FE020502F472
:1006900007F002F2F003FFFDFD07F809FFEFDD03AD
:1006A000F2E5FFF9080809160AFE09EF1007FC0C2D
:1006B000FC0AFB0CED0BE0FE010CFDFF03FFF60353
:1006C000010FFCFF090006FF001B0402FCEBFFEE1C
:1006D0000913FD060A0002FE010A040310F70BFBD2
:1006E00005FB0CFBFDF30F0B03050C07FB0603FCDE
:1006F000FE0001100305FFFBF6FC1208FA15E30DDE
:10070000F208F801FFF3F500F91B0811F8F6FFEA0B
:10071000E50509F60005E9E8EE09F20C01F4F90433
:100720000510F60F01FC06F91410F0E909E5FCF2DA
:100730000EFAF600FC09FA0604F9FEF5EFFAFAF8EB
:1007400000FB1AF4EAECED1EF108FB0102F1FE02D7
:100750000801FFEBF5FF00F6F10314E4FBE9E70500
:100760000EEB0B020FF301FE04FB0CD5F6FF00EBC2
:100770000EFC18E6E5D9F7F0F8F8F40400F7EFF40A
:1007800006F200EDF60F03F5100DF8F401FCEA098E
:10079000F4E8FEFC0DFCFEFA05F4FDF1FEF8FF00A6
:1007A00010F811FBFEEEF41A022803050702050DEE
:1007B000051303F308090205FF060C04F928F7F7EF
:1007C000D6F509F904FE04F7FCED10E903F600F98B
:1007D000192306081C0A0BF305D4160701F704DADF
:1007E000FD2106F4F50A02FA0F072506FAEAFAF4E3
:1007F000111EE903FEF902F202410219F704E8F3BF
:10080000161843EBE5EC11F20BEEFFF212050203B2
:10081000001305F10602FF040C100617050416FE6E
:100820000C2412F5F80FFB0706E002E804FB03FFB7
:10083000010AF3E5152315DEF2F60A040D01FBE0CB
:1008400007160FEEF1F3F2E405F709FDFD14F216B9
:1008500019140EF50E0BF9E90926050A0503F51220
:10086000060CDCC6F907EE0609060301F4050202D0
:10087000FCFA10FA07FE0202090DFFF20A1505E95B
:10088000E6E50A03FDF4F805F50914031BF808F47E
:10089000FCFD04E10005E411E813F010031216F961
:1008A000001507191AFC0F080502EB030E22F20BC4
:1008B000FA0A0809F80D0E0804F9100B0102020FDC
:1008C000FB01E9DF041F2BD6F80117F8FAFBFC0F38
:1008D000FDF702F006F1FC0AF8EA23EDF205F00953
:1008E000D304FDFEFCF7010AFFF116E10305031234
:1008F0000E090EDBE4F4B715F6F6E802FE0DF80279
:10090000FDF5090214FB0000EC1108F5F7E0D2E94F
:10091000E3F9FB06F00301EF03F5FAF407F60E0F17
:10092000F90A0A0BFFF612EC1CF7FBF3FE0404E3D2
:1009300001080507FC0402F2F3FAF80405DCF318D9
:100940000919E701FE0DFEF6030B06160E04FEFF65
:10095000E8F8F90BEE19E60D0C280004F907FD0084
:1009600006E6070502FB0507E9FAD7F3EC37FCEFCB
:10097000EDAC1A10FFFFFC0A08EE03F8FEEFFE10C4
:10098000ECF8FD16050FE0EDEBE0FFFAF5FDFDFDDF
:1009900003FA06EC0104F11C09EF06E7F00FE30C83
:1009A000EAE4F208100804F904DD08F10C06FA1B69
:1009B000F505F6FBE7F70102120B05E8FD02FEF56F
:1009C0000324043608041803010CF4FA11DEEEF6D1
:1009D000011D030203F403F2021A0B1D03FF10FAB8
:1009E000FAEA21F01EE3F0FDFFF314EE01FFFCF63E
:1009F000F7E903F7090D02E401FC0114FE1205FEFC
:100A0000F8F5F2FBF10D030FFC15FD0F08000AF6D7
:100A1000EEFAEDDF03F51AEFEDFC0DF5F700FE0839
:100A20000808FAF6E9F7F8FAF707E7E803F9F5FA3C
:100A3000F0ED0BFBFDEC09FA03F5FFEFE700F4FD29
:100A4000F5FFF5C802DCED070A0E000000FFFCFC14
:100A5000F8F21002FE0803F21009FB0E0216F9FD6F
:100A60002010FFFDF5FEF7FC02F50111200E0AF73C
:100A700005EBEB07FAFE2EE207060F010004F80172
:100A8000FCEB0B1A0F08FFF90C0A10E907F0DEF96E
:100A9000F0F8F2FC04FB070E04EFF1FFFD01F6F2A3
:100AA00007F8260405FEDDDCFBD801FEFBFBFAF0AF
:100AB00008F000E3F5FBF4DEF7FDE4FAF3F408F5E3
:100AC000F8F11104FB0100F4F7EAF9F9ECF904EB91
:100AD0000AF00C1FFFFEE606DDDD09F504FDFE034E
:100AE0001015F2FEEE0900E30003081DF7F7D9FD2B
:100AF000F407EC0AFDF505FEFCF50216FEFA070107
:100B000015FF08FEE0F70F17FD05FA01FDF106F0ED
:100B1000F6EFFB06F1FBFAFDEA01FA09F807FF0B15
:100B200003160D020803F5F00417F6F6FDFBF6FCBC
:100B3000F206FF0702E7EE13FF0FF2F6FEF1FA01ED
:100B400008FF0BDAEFFAF40D0D04060F01ED0AF6BB
:100B5000F2F9FEF903F50603FDFAFCEC0AFBFC0CC6
:100B6000FD031D120211F930F709FC06EB0202F732
:100B7000F902F100F806F90105080CE6F2F8F100B7
:100B8000090109FCFCF303F1FC0DF4F8F105FD0388
:100B9000180AFBEDF9F308FAF6EAFC0602EF05F88D
:100BA000000B0006F6FD01F9FBFEF20307ECFA0B61
:100BB000EFFAF50200F8FF010C12F712FA08070429
:100BC00003F805F4D0EFFC18F1F6F402F901EFF1A7
:100BD000FC05F8FB0C01010B080CF8F7F7091403EE
:100BE000DC100303FEF4F803F316F4F3EC05FEFD4A
:100BF00018FDF7F91FF83801EBFDE8F6FF04F4F9EA
:100C0000F4E000E9100800F40708FCF804F13F24C0
:100C100002F7F2FAF502F6EEFEF505F7FBFA040329
:100C2000EDF702FAEAF91C0FFB0207FAF2FFFB07E5
:100C300001F3F90A06F5FE010502EF021BFA270788
:100C4000FD0EF501FAF6FEFFFB02013613F8070B65
:100C50000BFB00160B110804EB02F60603FB081F42
:100C600000FC00F215F500FC14030512101609F142
:100C70000CE604F70103070503F308EF02F60AF395
:100C80000305FB05E8EEE5FA14E8FEFDF8FD0608AD
:100C900000FEEA06F4FEFA0EF6F101EEF7B72503C0
:100CA00014D7030700F804EA0203E2F8F7FEFE0A8D
:100CB000FF0213FEF8D0CE23081DF90406F5000547
:100CC000030A0BF3FB050A04110A20040D02FB1BA7
:100CD00009280800FCFBFAFBFFF603FDF60805F205
:100CE000050BF4261204FE11F90B01F502E600E4EF
:100CF000FFFEF302E4100002EEF4F6DCF9CE0B1175
:100D000025F7FAFDFFF7FE0A0424FB15E9F6F4F4D3
:100D1000FE0507FFEBE2F41A12F1070105FEF8FEEB
:100D2000FDF1F5F00300FC03050AF9FDFF040A03D9
:100D300015F91306F9FA0CF200F106F4F60DFEFEB1
:100D400002F9FE000F0108F8F9FBFF01FCF001DCDD
:100D5000080103F5F8F7FD06F9FD0422F4D80B01AC
:100D6000FA11ED070A1000FD0404FD01F80703F96C
:100D7000FB0C1305F1FA00161103FCF8FD00F4EE6C
:100D8000FB18F8F10D0706050701F5F4F6F9011651
:100D9000DF07060305090B05010AFD0B09FFEF0339
:100DA000FCF7F3F3E8F21506FAFAFD030E0503F873
:100DB0000816F005F9FFFC02F2FD02FAFFE7E60C67
:100DC0000B37EF070406F2F7FE0B0B2D1E03F4079B
:100DD000F9EDEFEBE70AED0B1B47F0EE0211FBFA22
:100DE000FA050E1010040D14F6FBC9FBDF1908FDFF
:100DF00010EE2AF70B0AFAF6F8E4FAE00201021103
:100E0000F4EFDBF907FF00FDE6BA02090101FD0876
:100E10000904FEE50101F60306F202D6010DE2FF28
:100E20000BE5E600FE13F3F809F60CEF17FCFF03E1
:100E3000120D02FCD4FDF4FD08F1F6050107F415CE
:100E4000FD02F70B0D08070AFE02FAF2FAF3F9F7B2
:100E5000EC3E110503FAFE00FFF804FC06FA0BF164
:100E60000204191A0EF3FDF406E9050DF60A05FA57
:100E700008EC060EFCFCF5E50BF3F714ED16EDFCA3
:100E80000905FBFF05FE07FB00FEF810F60B04E862
:100E9000F5020C050BD7FEF2EB00F003FC09030C86
:100EA000FF18FC08F8FDFDFFFF03E60000E5DEF398
:100EB0002204040E0AFBFBFDFBFE00E7E9FD00FF38
:100EC000010412E614E0F018F60BF6FB040700FC30
:100ED000FE12FD0403EF12F7F1FFE1FEEFE40A0357
:100EE000E404F5FF0AFB00EEFD07EFFAF3FD040151
:100EF000EDFF19E6EDEFFFFBE700F4090406041629
:100F0000FA00F8F9FAE9F7040E0510E2D4DFE10C73
:100F1000E0EDEC00F6F3FC28F1FC06F8FCFFF9EF3D
:100F20000CFCFFF0E2FECC091AF60001050AFFFBFB
:100F300009F107F6EC04F8EAFE04140DFED6D20916
:100F4000FAFDF5090EFA0014030CFC030A0F09F769
:100F5000020605F8E6E3CE0F224108FD00F405F491
:100F6000060402070409FAF90211FE1006E810014E
:100F700008F01601FCFF010E07FF09020CFD0AF143
:100F8000F5110508FB080106ED0B11000800FF0232
:100F9000F707F5E100F7F00E01FFF802FCF8DA05BB
:100FA000F8ECF0FAFDFA001DF4EBFAEE0613FDF88A
:100FB0000601F005041BEDFF00C806FE0D0DFEEF57
:100FC000F01505FAEE00FBF61105FDFD1DE5F4EB4D
:100FD0002F080603F2000BFBFC0F0C0407FC07FCB8
:100FE000FCFB17F1F7EF0C1AFD05F80A09FEF9FDF5
:100FF000FFF6F61A26FF0BE9F5F2F5EBFD03F70C09
:1010000003EFE3F103FE0D12150E040712EE01FBD0
:10101000010E1501F9182C01E607F7F80C03F4028C
:10102000FE04F107F0000119FF0EFCEC0FDBEEED02
:10103000FA0AF7FD05FD09FC0500F705F7FFFC03BB
:10104000000C12EFE8081B3EE80508FDF5F7F8FA7A
:10105000091203F7F40405FEFD05FCF3FAE7F1F8C5
:10106000F5F4FE0313EEF9FEFF0EFBE3F1040302B9
:10107000130F24E9F3EEEFFAE803050EFBF5FE107B
:10108000FFF3F6EAFA0605FA0E02F7F9EBFC0007A1
:10109000FAEDFDFF0203FFF105FA05EE0508F80C75
:1010A0000A000CF5EE010325EAF005FAFF00030E35
:1010B00001F4FEEB1004F6FFFA070BE7011DE3F164
:1010C000EEFA0401EEFF030006F0062015FBF2EE37
:1010D0000B06ED010B22F8F8224D0709F5F9050082
:1010E000FC07FDF5F6FEF8F707FC19E813180102F6
:1010F0000C61FB1005FDFBFA0B31FA07FD05FB083F
:101100000C0915DBF7FDEFF80A1A10FD00020915AE
:10111000FAFDFDFC0CFCFCFD11042010011507FF7D
:1011200000180905FE0105F9FCF605F9F20F0E009D
:10113000010909F607D5F2E5EDF5F6FAFCF90C061A
:10114000FF15FEE7FFFDF50C12F10DFBDD03FB22A1
:1011500004F500F9F60205F501F403F3EC09E600E5
:10116000FC05F1ECD6F613F909FFFBFF08FBFE0ABC
:10117000F704FEE8E8FFF60BF6000FFEF9EE17F4B1
:101180000CF3160106EE04F4F502FBF6F4FC01FA8A
:101190000F011BE900F5BE0F17FB05080902FCF162
:1011A000F6EF000D0BFF02DF16FF08061116F1FD2A
:1011B000FE0BF506F80802F802EBFA120F01030322
:1011C0000500E4101A2909FB130507FAFB0000F4D7
:1011D000F704F9FB17F9FCFFF903FE10F0D3EBEF6E
:1011E000E3F3FCFEFCFBF3F700F70FE40700F60265
:1011F000F10401F0F208BC21E603E903F906FDFE63
:101200000BF1F6E01EFEF9FFF1F9FB03E5EBFA073F
:10121000FDFDEC02F4F204F0FDF0F5E70BFBFD1927
:10122000FDF4EAF7F5F6120D1819F1F3FEFA0013C2
:10123000FCF301180D040C0AF5F2EAED11F652F078
:10124000F4FBE7FA03FC0607F7E9FC23FBF1FFF1E7
:10125000FDFAFAFB041919FD1003F9010CF700223D
:101260000801F8030BF302FA0CFE1709111FE60040
:10127000F2E7F401F3FA0AF7F9F9F5E9FE0602EDEF
:10128000030C1AF20202C3F8FFE4FCF4FDF505F1C9
:1012900001FFF414FEFF0005EBF4FBFAF6C217F9A8
:1012A000FE0F000401F102FE070AF90BEA05F60839
:1012B000ED01F70DF2F8EC2204FEFA0207F9000442
:1012C0000400F503F203FAF40C07F9FC09F9F6112E
:1012D000F1F2FEFB01F402EA04F90609F806F5E66C
:1012E00005FE0F15FCEBFC0FFD01F7FCFFFD01D225
:1012F000FDF7F7F5F3FEFF0705F3F2FCECE9140147
:101300000C09100BF1FC0F070002F8F5F9F7F50FC7
:1013100005F7FCFAF2060C1015F912F305030103A8
:101320000212FCF200F7F00E0C03E4FDF90BFC13C3
:10133000160F0801FC0504EFF8F8F706FF0DEAF7B1
:1013400001F20211FFFE061C110D08FEFEEEF7DD94
:1013500007010AF7FEFDF71BF4F6021B03EC0AFD7A
:10136000F50AF9050904FE100212FD14FD07020A30
:10137000FF080B2C0502F905FE0BF6FDFB09F7F043
:1013800001070A020BFE00FC1301EF05090B0E0B0F
:101390001604FDF9FC050700FC02FCF808FCF70C3C
:1013A000FBEF04F1FC0C1907F403FF08FE020AF03E
:1013B000041A0CEDFD06FAE906FD061502F8EDFC2F
:1013C000D51009FE12F6050EFD0E020DFDFEFCFF06
:1013D00007FBFDF8F803F61321F300F8F7FF04F21A
:1013E000020AF902F2FEE40E060AF9F4E40AF4072E
:1013F0000F0EF9FFF603080601F600F402F5F5FBFF
:1014000007FC0311F4160901F5F3F501F1EF0601EC
:10141000FB0403F5F705FD0A090B00EF05E4DF18EF
:10142000EDDDFC05040AFEF9F802EDFCFB09F60C03
:10143000070508F401F306F9FF09FCFB0A0301F4B0
:1014400000F803EF0E0E09FB0208FE05F3F50A0D86
:10145000071108050EFD0219FCFDF9000405F80846
:10146000F00FF90C0016EBFF0BFAFAFC12EE000974
:1014700001FB07FDFA05FFF91F12F2D9061EDFFA7C
:10148000F5F5FA0CFAEB09F9F3FC03F4FFFBF4EFC2
:10149000FEF303F70AEFFAF8270FFE0302F2F2ED6C
:1014A00015FE010D020206F7EFFBF311EBFA09FD41
:1014B0002502FF09170A0207FF1B091102FB01F0B1
:1014C000F3FDF503F5F3F7FF09F902F9FFF7071B41
:1014D0000AECF20E070CFFF60EFEF7FC0B0F0B00EA
:1014E0000702010804FE0AF9F0EDFA0903110406E7
:1014F00009FDFF07011711E8120F04090A00FEF7A2
:10150000F503FA0AFEFDF10B0FED02FD050718FCCD
:10151000F4080AFDF50902F7FD080817F904F7FDBC
:101520000FF5F9FC09F20B05F1F704FD020000F6D6
:10153000FC0E000AF90900FFFFFA02F703FD02039F
:10154000130002FB0206070100FC020912F801FC6D
:10155000F7F7F8FB00FF02F913FAFAF9020700F3B4
:10156000F5FD03FFF7FE0503F90801050707F9FC80
:10157000FDFD09FBFF02FF07030402FBFE00FDF96E
:101580000500060606FFF300FC0101050AF3FDFB5A
:1015900006FEF5FC0705FB08080007FD03FDF80A39
:1015A00011F7F9FCFB0BFD0A01FAFE0209FEFE0130
:1015B000030407FAFC01FC04FF1B00FCFF0901F80F
:1015C0000205000B08FF070505FFF7F90305FB02FD
:1015D000000AFBF80300FE02F901FD0404F9FAFD1C
:1015E000F5FA06F011F2FE08FFFE0A0007FB03EB16
:1015F000FDFB0602FD07FFF8F9FCF9FCFBFAF90612
:10160000F4FD0303020204030BFF0A0AF702FB04C2
:1016100001FAF7F0FB080BFA0CFDF4F4FCFDF7FF00
:1016200002F0F9FA0205F9FFFBFBFDF50403FCFBF0
:10163000F9FDFAFCFD0607FE01F0FDFEF90CFE0CBB
:1016400004FDFEFCF701F9FC1D0DEFFB000104FA9F
:10165000FF0006F5110006F610FDFAFCFA0C060371
:101660000FFC01FD040401F909EC07FE0AFBF7FE7B
:10167000FCFDEEFC05F90CFD0403FCF5FE0302FF86
:10168000F703F2FE050004FBFF03FA030504F6F975
:1016900011FB0702FB0104F6FDFAFDFF0507FDF94A
:1016A000FEFE080108FFED002108F907FFFBFD0120
:1016B000FC070612F2FBFC1A03FAE319FEFB290BE6
:1016C0001D0A06FA0005FC00090300FFFC020102E6
:1016D000EE04F9FDF3FB03FAF7EB0E0608FD011229
:1016E000FDE906F106010DF0F7F6F5000E13E3F241
:1016F000F8D10602F8FC00FD04FEFEFCF7F8F7FC4A
:10170000010E200333FBB7E2FD1EF801030307FBC4
:10171000040500FC0AF3F61B04F7FCF6F605F5FEDB
:10172000041FEC05FF07F810FB11FF0209FAF7167A
:10173000F7F1F2F0EA0BD402040112F3011105FDF6
:10174000FB21030F05F101ECFC0A07EE081ADC0C83
:1017500026FA0B06F8FDF8F5FC1EFF15F50904F155
:10176000080EF9ED12F4F10301F701F501FF08EE9F
:10177000030A06F606040A02F800FD1BFA0EFBF93E
:101780003007FA020509F408021F05FA10F90108EA
:101790000F06FEF8F507F40714020208FEF9FEFC36
:1017A000090FFEF907FEFFE9F512EFFCF81E15FF21
:1017B000F800FF08060206031000FBFCF2FEFBF92E
:1017C000EFF9F2FC0409E2DF0516060C04F102034E
:1017D000040403E9ED08F602120211F00FFADB012E
:1017E0000C02000B030D03FD03F80CFA08F508F2D8
:1017F00008FBEEE501F2F2FA110118F5FE1707FDFC
:10180000FB06FE2C0D0004F6FDF8F7F006FBE5E103
:1018100002FF0804FEF8FC00FE22FD14F60A0A0A84
:10182000F002F60D0C00DFFAE41009F5FC05FFF1FB
:10183000FF0EFEF10206FB0AFF042A0A00F7C208A7
:101840002000EF0FED1103E303F702E60602051E89
:10185000F80AD826EF15EEFF141108F5F20B05FE75
:101860000FEAF407F6FEFE08F7F1DB1DF811160A81
:10187000F3270AF0F009F60100E00211FE05F9FD78
:10188000E1F0D30AF10D1AFEF2E50D07FE0BFCFCA8
:1018900007FC0804040306EFF2031704FA24D7092F
:1018A000DABFECF6FB0FF4F503EA0EFF05FF0603C3
:1018B000FFF3FFED101814EEEDDEE4FEFBFCF31A6F
:1018C000FFCBFAEF0DFF0C3AF4EB0F0B00F10BF826
:1018D000C1E8F406FB07022A04D403D80DFA101C51
:1018E000030B01160A0144FBFCEDF30D0105070291
:1018F00000F80714120708EE040ED6F502FB1B02CF
:10190000F0F11D00FB0208EC07E2F80EEEFA0BFF07
:10191000EBEEFCF80B0B10F016DD1C0215F20103C8
:1019200008EFFEFAE00604FEFFFF1607FCE7F7FFEC
:10193000EFFAFA02FCF20E03EBFF0DF4EBF40AD817
:101940001923171507D8EC19FEDDECFFFD08110867
:1019500010DCF5081300FE1EF9F5E111FEFE200F64
:101960000802040406F6FCE009F204EEEF0706168E
:10197000050A011207F60600FD000304040405E54C
:10198000F50EF5D501F2040AFE01FB1BF8DFFC0E93
:10199000EE03FBF702F7ECFA02F306F9F0FC08039A
:1019A0002606F70604EC14133243EAEFFC0704F4AE
:1019B000FA000021FC01FC0DF900D71B010541EDE7
:1019C000FD09FB02030EFB18FFE0FE07FCF20A090B
:1019D000EAFBEF080D28E6EEE7EA0600FEFF090045
:1019E00008D916F310020B0EF4F50007181FDCF0EF
:1019F00001DD0007FCF5022A06F70FFB04FB0E11C0
:101A0000FF0F181C2A0CB5EB121CF7F600000DF0A6
:101A1000FDF6F90607F9F91D00E80413F3E6D9000D
:101A2000052BFCFDFD02001AFA10FE01110700173C
:101A3000F5F3DDE8F321F507020515F408F7FD06D7
:101A4000FF0307FE01FCFCE402130F170A0316EF65
:101A5000FFD802070EEBFD04F81BFF1502FC04D0B3
:101A6000FD0418FB19DDDE0FF5010D06FD0402F67D
:101A7000F71B04EFE4070015FC070AE803E1CF0AAF
:101A800036F9E504FD01FEFC040408EE12FDFE1229
:101A9000320ADFE801FF160B15F406030106FFFC0E
:101AA0000231070706FFF9FAFFFFEEFFEE0026FD01
:101AB0000F15E7080000050A0718FD090BF9FEF1EC
:101AC0000C13FCF3D90006FEF6F70005F807050332
:101AD000071004FCEF0BFDF21F0504EE0F0AE2F302
:101AE000F6F608FF030805F2F8D50D080F05020603
:101AF0000FFBE40B140520EE0B140DF2080700D9C0
:101B0000F20B04F300FB0A060EF6E91E24FD2BE39C
:101B1000400F07F0F807EFF9FE21FC1209FFFB0266
:101B2000FEF8ED0AF0F21FFF15F3FBF4FEF7FBE8F9
:101B300001D0F9E90BFF01F6F80FFADB02EC17F719
:101B400037FE070DFCF5FEFDF1FAFE1519FEFAEB66
:101B5000FD000CE108DB14FFF2E1000105F900F6DD
:101B6000F80FF014FEF204D50A08FCFD09F40C0489
:101B7000F418F6FCFE0405DE041B011CF30DF9E36A
:101B8000FCF1FCD3DFF1112EEDEE14F202FC0500A6
:101B9000FC00031FF4060900EBF3FEDE06DB11F781
:101BA000082CF804FDFBFE2503140402DE0AF8F7F6
:101BB00001F52706F2E5F8230119DE04F9FCFA0E17
:101BC000FC06F0FF06F5FF022EFEE3FB112A0702DA
:101BD000E4DB050105F7F9E104D80FF4F9FDEA06A5
:101BE000F4F6CA0EEA0B03FBF0FC0DF900FDFCED68
:101BF00008D5FF02F9FAFEFBFCFDF624140133FAC6
:101C0000ECE0FA060003FE1401F6F6160BFDFDF7F4
:101C1000E5F51016FB0500F505F903FAF608071DB2
:101C2000F6C0FAF608F70B12FF0911E607161103C2
:101C3000F6E8F61600F40CFA07E4FEFB06F80B0FC4
:101C40000005F9291109DC144FFE05FCF90200F624
:101C5000FDD6040112F4FE12FDEFF234ED1129F964
:101C600025090AFE0AFE00E60D160413FD01040C08
:101C7000FAF4FA2CF5F421F5060318F3F9EB08F859
:101C8000EC12FE16F10C10FE07F7091F13011926BE
:101C9000ED030EEB04FEF4F3FE19FD03E702FEE68E
:101CA000FCFA00FF1EEFEDF203FBF9FF100A08EA51
:101CB000FAF20809F307FD0303F8EDDFFFFDFAFE72
:101CC000430FEE080504F719FFECF61E06FDF8F8C1
:101CD000EDFB00CFFBD514EEEFFFF90B0D01F9F78B
:101CE000F312FA230EF7FAEFFBF9F8F4FF041006EB
:101CF000F4D7FDF3FE06FBE4FDFDFB05F201F70D55
:101D0000FAE60EDDE301192AE8BC02FCFE12062405
:101D100006E6F4F80810081FF3E8DFD4E9070AFA2A
:101D2000E6D0E008010D043AFAFD0B0EEC11010CAF
:101D3000FAFF13F3F1E5F9F7FB1DE21101130B1B99
:101D4000FE0F000D03F4FEFB1D12CDFD0A04E3E5BA
:101D50000902F40FF001FBDF04F4F814010FEE03A5
:101D6000F5F4E0E6FEEB221811FB0404F9FE04E2B0
:101D700003DCF82510080BDBF202EC30090444E523
:101D8000DCD2FEF71104F309FEF5071C0F0400F284
:101D9000EAF4FAF2F60D23F7EAE40C0E0906F3145E
:101DA00005D7FDF704E701F5F10E0D00F70D0BF770
:101DB000E6E4E707F9FE08F50AC2F3F5FA00FEFCCF
:101DC00009131328EB1BF8174901FF09F108FCD987
:101DD0000DC8F7092206ED1E1BEFF33D053210EE8C
:101DE000320A1AFC0A0AF7E61101FC02F7FD0DFDA2
:101DF000F5FF013BEDE81604070D1603050300F29D
:101E0000EFF9F91CE90015EFF601200E2A10152054
:101E1000D30F02060802FAED01F9FD21F70104F6DD
:101E200009FA25FA27030C03EAEF020600F7FEEE93
:101E3000060AFFF80602FD03FE0A11F5FBF6EF05A0
:101E40000F0303FD0BFEEB02FBF902FFF9F7FF1096
:101E50000205FEE4DF01ED09D6F50D00F1020407ED
:101E6000FBFA02E4DDFFFBFFFA0A0D0611D0FA02CD
:101E7000F4B6FB0600040C0400F80EFE0A02FF0B89
:101E800001FA11DF11DCE5F20AD7FB02110DF3FBB9
:101E900000F40109080202F605F704080520E8FE2F
:101EA000F5F709020908001C0503F31F13FC00EEF7
:101EB000EC00F30FF40E0AFCF7F009060504FCFA37
:101EC000080C0CFCF6F0FCE1FB030404FCD3FFEF70
:101ED000E30BEF0409F5F6F2FB0BFCF3FFF7F0E977
:101EE0000F0015FCEEEE002F010CF80200FC05F2CD
:101EF000FA00FF01F800FD03F2FA0819F9F32508CA
:101F0000F10818FF06FFFEFAFB1BFFF8FA02020FAA
:101F1000F002181505DC01081C00F3FCFBF703FCBC
:101F2000FA29FC0ADE09FD000A21ECF016DBFB03AE
:101F300017E8F8F5FE1506F00303FB05EF17F3EEBF
:101F40000AFA0102DFE2141B081301FFF90303EA96
:101F5000FE28FF0FFD01F90A07FC06F10AEEF60D57
:101F600006FC030605FDFF07F507F5F8EDF9F8F2A5
:101F7000100220F6E715DE0C1601F5F80001091E27
:101F800003EA06F70504F0F0180609F8F853EE0A1C
:101F90003D2A100D0611FFF7FEF705130906EBFEAB
:101FA0000807E4243F1FFDC4EDD2FCFD0503F8FE45
:101FB00008FAF6F3FBFF050001F51B03EED507FD5C
:101FC000C6E71F080CEE020001070DF8D918FCED5A
:101FD0000205F6110CE6F406F5ED0407FBFEFC2005
:101FE000F0FB100AEBFBFE13080A210A05EEF3EFE3
:101FF000D6BEE0F6FEFAFC0DF800F7EA020406F49D
:10200000041E07EC00D6F5E8F740000A2109FDFCA4
:10201000FE27FB08F50E00FE0700F92AF5E501157D
:1020200006FA1AF303F3F8EA0AFE00F7FA04F6F9DF
:10203000FB01E51B1DFB02FDF2D125FB02F308FAB3
:10204000F7E206E9E50B07FAFDFC21FC0BE8DFFAF5
:10205000D1C1F10812F80809F91A03FBFBFFF9F2E4
:102060002F11FDF921E1DDF0F700ECFBFE0A05FF81
:1020700010100DF710F00510E1FDFD1DEE07FC023C
:10208000000A0F04FE0CF8FCF5E4190C19F3F01C1F
:10209000FCF9DAEC0B3216FFDE060E0702F801FC43
:1020A000FF15FB07EE050A05ECEF1E23FF17E9F904
:1020B000011AE7FEFBFE0316F207F9FD0601EEFC2E
:1020C0000BEF0DD0FE1B19F8DFF1E308F70E051C2E
:1020D000001BF8FCF60D170704F108DD0AF00AF101
:1020E000D808FBFF000402EDFF0CF3E6DBFC11F463
:1020F000F30EFFF811E41209FE0003F700F5F50BEB
:10210000030D0FFE0302000106FB09E7FD09D902DA
:10211000EDF7ECFC050AFD3B0BE00DF5010E10059B
:102120000BFC0FF3FA2CFD10DEDAF70405F40609B8
:10213000F710FEFEE703FAF7EBEC0E01EFD7CB1C2E
:10214000E7D9F2F5000AF9EC04F80DF6E90CF8F617
:1021500008040FF3F4D7C0131B19FAF90BFC04F7AA
:10216000F6FD0EF9FC170BEF060B13111202FE1110
:102170000FDD1F1402090EF2080302F50FFF11F61E
:10218000FB13F7F6FC11EEECFAF5FC09FE0C010F5F
:10219000070807E10C02F90D05F6EE07031FCA094F
:1021A000DAE0FA0DFE0D150C01F0FFE5130B010B43
:1021B000FB00F604F01CE10AFFDB0FF7080002ED5C
:1021C000F42A1008F306FCFB080605F725EBEBEFF5
:1021D000121CF8F0F907FBD9FD1B0826FF0B0DF3C5
:1021E000F4F31AE826DD06FCFA0B0AF20503FB04F9
:1021F0000B0E13FD0C0907F8EBF10C15FD13080984
:10220000D50EE3FEFF050822F313FE141B0400E2C3
:10221000F106E6F2F20DFEFBF9F1E9FC020B0A20F1
:10222000060E08F4DEEF0A02F90EE8E80BFAFDE804
:1022300000EEF6FA0505FEECFBFC06F0070003FCD9
:10224000F5F701D7FBFDFA19CC05F802F60E0400EC
:10225000F31C07F2F6030FF8FD0D16D7F004CD07B7
:1022600007E0FB0104F8F907FEE008E4FEFD00F5D5
:102270000D0A26D0C9EBDC06F4FEF300F511FD31A2
:1022800005CB0307F2F710F701220FE6F9F6E6F7A0
:10229000DAEB02030900FEEEFEF201E60EF6040A96
:1022A000090105F706E5F6FD08E5F9F7FFF305EF87
:1022B000FF25FA13F30701E90BFB00EFF4E9E10650
:1022C0002011EA10F705FEE5F7190B1BF906F8E8EF
:1022D0000EFE03FEF5FCFC13282706FDFE07FED8C4
:1022E000F515FF28000BF6FB00F9ECF1C3061713F8
:1022F000032213FB010605F608F7FF19FDFF010194
:10230000EDF8D501E2095507F9ECF2FDFD0402FBF9
:1023100006FE06E602FEFF0CFEFAFCDFF611D7FE13
:10232000073000F7FB0503EDFCF50202FA03030595
:102330000311F9F0F8FFF9F708130003FBFEF5E0CD
:10234000FEE902100C0BF32B0100DC03F8FA050A7E
:1023500006081608F6F708FB02DA03ED0B07F82665
:10236000FEF3E8200BFC38F900F6F6030A06F9162E
:10237000FFF707F71FFEFAEFF6F809F8FC23EDF771
:10238000E516EC0DF90804F80602F40B000E00F84F
:10239000EEFB06F0FE08EAEAEE0DEE07FBFEFFFD9F
:1023A00006120A0A1AFCFE0DFBFFE6030E04FDF9F5
:1023B00008FA040CFDFDFB0BF8E0FAE2F2F8F9FA7A
:1023C0000502030D0CFBF1F6F908FD080EF5060DEC
:1023D000050BFDF121010D0B00FDFAFCF40CF100E1
:1023E000F1F3FDF5070303050913FB09F4FD0FF5F0
:1023F0000305E7F3F5FDF2E208F3EF05EDFFF51154
:10240000F0EF010504030007EA0000FA11F4F201FD
:10241000F2FAFD05FFFBF60FFBF1F40AF102F6FC00
:10242000FFF91C0B0C03D4FCEB0B010AF613FD01A6
:10243000F5F001E8090002FA0E00FEFF0F0EFEF7AC
:10244000FB0EF7F80104FEEFFCE8060A0C03080196
:10245000F2ECD614011D1C093B410103F40E04F8F3
:10246000FCF5F7181BFE0B09F4FBEAFFFA260BFC40
:1024700007141D000712F3F010F3F6EE060701062D
:10248000F2FBF7051110F5F3010FFBFA00F906FF57
:10249000FAF4F7180EF9040A040D16F0030125F0FA
:1024A000EAF006FBFDF9F5ECF9E304FF100A061269
:1024B00004FF1601D5F80EFEF91BEC0502F8091809
:1024C000FA0BFF00060F041800FB03EDDD0D041EE0
:1024D000F02EEE1101FEFEF60AE607E604FA000110
:1024E00009FFFC1A02FCF3F3F504F6FF01FEF3F515
:1024F000FC04F0060DF70206FBF9F9FEF709170DCB
:10250000020408FEFDFAFDFB02F1EC13ECF70FFCF0
:10251000FBFA0F0814EEF705FCE5FA030F02FA00C8
:1025200000020304F9FDFDFE09010702F6ED02F8C1
:1025300002FDF30101FBFBFA0A0406F100EEFF03C2
:102540000BF4060419E7F30ADEF6F8FE05FD05D4E0
:1025500002FEF2F3F3F6010AE5FBF505E9C806F819
:10256000BCF4FBFCF6F002EB01FFF6D6FEF4FB1127
:10257000000210E6D6CCE10FECF2DE0DF4EF0A0219
:10258000000003E00AFAF6FDF7FC09ECB9E4E40800
:10259000EAF8EEFE040400F702FBE9E603FCFA04A5
:1025A0000FF8FBEDC9F0F91F132A05FC000B060D0F
:1025B00005F609FD19FD000802FD0401041CFFFCDD
:1025C00001F403FA0803F20307FEFA0C07FDFF0407
:1025D0000D06082700250D021B020200F0FF0C0665
:1025E000F8FE01FAFDF202F80809100C131803F8BE
:1025F000142B040504FF0BF90B0606ECEB0706F69B
:10260000110D0610F8F8FAF904EA0E0AF8F5F611B9
:10261000FFF1FF0B0DFCFFF9F7F827F8FE0807FAAA
:102620000044EF1705F40DFD050703071D01FC032A
:10263000FC080CFD05F0FB06F32CFCFFFB010B175F
:10264000FDF90EF30FF6020C04FA11FEEB1AED2C55
:10265000FE0EF8FFF4020DFFF5F70502FE01F91F6B
:102660000501DFFADC065219FF0A02F904FA050334
:10267000F80EFAF1F901040B070A0DFAFDEE080055
:10268000DAF70406FF00FCFB0AEA04F7F4EFF7EFC1
:10269000F7FA13F704F7CE17F80301FEFCFF00FD6D
:1026A000FD00FEF6FFF10AE91402F90B07FDE71938
:1026B000FC00EFF9FD04FA04F8F001FE12FF06FA3F
:1026C00010FBF005081CF0EF02FBFFFDFF07FAF519
:1026D00008F9120E0E0BFF06FBEE0218F3E8F90DD7
:1026E000E00008FAFB0EFFF0FE0604EC06FEF0091F
:1026F000F50BF9E9F8E9D614F6FCE90508FE08043B
:1027000002F1F8E01106F904EFFE04F4E3ECF20C38
:10271000FDFDE2F3FEFB03EDF8E9FFEA17F3F91123
:1027200006F1F8FFDAF502FFE6EE0BF907FBF9090F
:10273000F7FCFEE80207FC0C05091FEAFE0EC200CA
:10274000DC06EE00020511E001ED08FD12FCEBFCD9
:102750000C04E4F31D07F3FDE93602F8060AF9F567
:1027600014F3FE0C03F107FEFCF4E2D8E5E7351D97
:102770000319E60006FBF7F0030307F2F80C06F670
:1027800004EDE5CAEDD845FD07E810081005FE097F
:10279000F903010B00FCF2E3FC110BF90A170BFD26
:1027A000EEE1F5F2F10202FB06C406FE1DF003F7AE
:1027B0000802E8F3190B23ED0BFA06F7180403FEE1
:1027C00005C9F5E32B03F321010504150410FBE211
:1027D000EABF0209F3030A0EF7D112F3EBFEFC0A7B
:1027E000F605E607F326EDFE0FFC07F404FE01FEF6
:1027F00006FD0604060B0AFAEDFAFC03EEDB4DFFBC
:10280000FD08010B0D0204E9F0DD0012ECF605F005
:10281000EBF1EF21FC18F702FFEF1A00FE0405F1BF
:10282000F6D209E8021D16020AF71E1EFEFEEE0F82
:10283000FE01FE08FA14050D10F8F8EE2EFB0AEE64
:1028400018070022F3060FEBF2ECFAF8EE0413E59A
:1028500000E5F309F7F4062BFAF9EB00F8FC0E0596
:102860000918FE070A0EFBE103DCFF02FEF9FBF488
:10287000F0F6F5FD19FAF00E150402E703FE0FE677
:10288000F41E02FBFD0D0905F204FF150806F20D0A
:10289000130E0102FF0A07E70CFBFDFAFBFE09F627
:1028A00003FD151AF2EBE7D3240EFAFB09FC080727
:1028B0000208FCFA00EF0A0507FC1E09F107D30421
:1028C000F114000803FD0205FF0F05D90E01F417EE
:1028D000F9FB051B0108D202EE34ED05FA0D0207E3
:1028E00008FBFF010F10FB0901FCE81A020102F1CD
:1028F000F053EEFA11FAFF150FF8FD0E1000051F48
:10290000FC02ECD3F11317EA19E40406F602F9F518
:10291000F51005FCFA14FFE808FA1FF7F404EEFFBF
:10292000F5E00C0300F9F70304050502FB02FEF5D0
:10293000F7F902030AF1E201EBC510F8F704FE1DF6
:102940000ADD07F319050013EEFA21EFDFFD00FEA3
:10295000EECEF60A0A09051EFFFDF6F8ECF70C08A4
:102960000F260D06FF03F7FC0B02FAFDFCFB01E44A
:102970000613FE06ED02F8F70810030E00F0F6004D
:1029800008FA1B0B0D0E05F3FCE609F5E8F8FDED62
:10299000F3FFE9F301EDF3FD01E90700FAF408EDB7
:1029A000070C0BF9D9150DE10B1202EF02DDF90648
:1029B000DBF9F006FD10F60A081FFEFF0A010DE71D
:1029C000070A0BF3E9E6F2FD18FDFA0BFF0C03070B
:1029D000FB0008FEF101FAFC150EF8FA0209E1010C
:1029E00018FE100807FB01E7FB0AFC12FFFAECF1E6
:1029F0000C01EC0139F506FEF90106F7FEF811E5C8
:102A0000F509FCF5040609ED0103EA2322FA140690
:102A10001B0405FBFE01FEE2ED170702FB0507F3B1
:102A20000406E202FCF1060B10FCFB0908F6FFEBC2
:102A3000F9FFF706F20FF0E2090A2B02F8D7D50DDD
:102A400014F803080D060F200510FBF0FCFD01F63D
:102A5000FF0313F9FFFBE1FF03FB0F0804FE000D6A
:102A60000913FEEBE3EE03010211011810E4F9F87B
:102A7000F0BBFAF600000DF7FEF909EC0EF108EED6
:102A8000FB06FB0906E9F4F5FAE70BFDFDFFF4068A
:102A9000F4F6F8F418FBE9FC08FC07ECFCF9E11586
:102AA000DFC9FAF507FFFE0D061BEF02030DEAF47E
:102AB000030DF300F3E808F90AE90208F7F8F0213A
:102AC00000F305EFF40AF7F0160412F204D4E4F967
:102AD000F5FEF6FDF5EF09F8FCF501EAEFF703E086
:102AE0000EFF17FD20E7E701F7FCFEF6080C080FC4
:102AF000EDFFFD0AFEFEF5F2F4F509E5FC10F81213
:102B0000F1EC0613FB0A0BF707E7F105DB01FE0CFE
:102B10001506DEF71A0A3DE80F020506F6EE041365
:102B2000FEFDFAFCD3F8E7F2F6F910DF0FD1ECEB7B
:102B300005F8EB07F8F700EA07FCF5FBF6FD02EBFA
:102B4000121119E716EC0243E0E7EB09FEFF02F968
:102B500005F6FD04F70402EEF3FAFBF4F8F72C0097
:102B6000E7E40005FAECF71205F5F5EAF3030404CF
:102B70000A0216FEECEE160BFD02FB0606EB082021
:102B8000FEDF06CFFB02FB0A150E0DFCDB00D404B2
:102B9000D7FCEBF8F60AFF1303E503EE0FFFF9EAA3
:102BA000100304FFF0FFF909D8C00D0807FEFF115C
:102BB00000FBF6F310FFFFF4030533D6F401B1F583
:102BC000FE0DF6F804F312E50AFA05EF2B0406FDF4
:102BD0000703E9D5FBFB07F2F036EFEA010B04E34C
:102BE0000A01030C05FAF5F2FCF9D1CDD2FE2C0B4B
:102BF000F92EFEEBFA0100E903F105FE010301F9EC
:102C0000FAF8D1B7E8D2450E0EE00BF9F9FFFE0D48
:102C1000040EFE070D02F7EF04060BF2F9FDFB02AE
:102C2000EE12F5F6FF09F5F004E00A20F7EC11F4D6
:102C30000305EDFE1D0114F70D26FDFFF10508FA51
:102C4000FCD3F7F830F50301FBF90313FA0C09F490
:102C5000F6CB1001110EFEF2FDD3FDE9F307E505F9
:102C60000B05E70D0015EE0CFB020504F9F8FC025C
:102C70000EE802FEFD0BFEF304F8EE08FAE531FB68
:102C8000F1080801FFFF05F402DF0A03FE010AF460
:102C9000E5EC0011F91201FB21020C0D02070CE515
:102CA000FBCAFBEDFBFAFB00FFFD180B091DF02032
:102CB000F1FBFD09F1EE01120CEAFDED1B010BEC3D
:102CC0000C05FD2DEB17F7FBFBEDF0F508FE05FB02
:102CD000FADFFFF2FCFD090CEDEBDBEF00F11EFC6F
:102CE0002011EFE70B0B01E400D4EB1BF305FD0A09
:102CF000E8060C09010D06F70EF80B09F9EE05EED2
:102D0000FA200F0A110D0206FDF2F217050C15004C
:102D1000EE090A080CFAF40AF40D02FE02FB06039F
:102D200001FB191C040518DC14E60200FDFDFF215F
:102D3000F9F0FFF9F5FEFF04EEFFFADF0DF716E8F4
:102D4000F4F7FCFAFDFAF802FFEBFF24FAFD02E5C6
:102D5000FDFFFAED15F6EFF917B1FC0A000D01FDC4
:102D6000FEF60A0EFEFD01FC050206FAF8F704065F
:102D7000F6CE1CF307FF02EE06F4FBFBFD090C0286
:102D800007F2EC03FEFF0CF2032502F6FD00030F31
:102D900002DBF303F20AF2F7F4F30009F2CE1FEEBE
:102DA00024E8F30205FD0B07FD000507F5FD010111
:102DB0001005FA160A00F214182808FE010EF9EEA2
:102DC000F81B0811FF03EC0D01FBD9F10C1A0109E6
:102DD0000B2109FBFF0509DBFDF2000C08FDFB1CC4
:102DE000EEF3E014EE060FDFFD0CFD0FFA03F6FB29
:102DF00001EF0BFFF5020401F2080D210CEDFB05BC
:102E0000041DF100FD110700011A02080FF205135D
:102E1000FD08EC07F805F3FAF710F6F9FB0C0507C7
:102E200004EB00F321000420F1EEEBE4F82C18038E
:102E3000FB060C04F90E00F805F107EB11FDFB1D74
:102E4000E7F20C0C0A0CF7F4F60AFE00FD01081577
:102E50000A03FDF802FAF507F4FEF7140A0406FD6A
:102E600025F8F8FEFE0FFA14FA0CF91406F304E73D
:102E7000FEF5D7140D1915FB0FF909F6F90106F344
:102E80000A0103230C020CFFF7F3040923FE14FECE
:102E90000BF904F90101FDFB0122FB0AFE07FF010A
:102EA000F3021B1012FBE40614EE0600FB0505F509
:102EB000F316FBEDFAFF080908FD1407F3FDF81DF2
:102EC0000D0F0607FDF5FB07052701FD06030205AB
:102ED000FE0A1810E30EE10DE8D5FD060404FF001C
:102EE000FFF311FFFF000014070BEEFE0F0DF308B8
:102EF0000717FB0502FCFB1A000106F8FF01F8F9B1
:102F00000800030F1616E711FC060400FEFD04047A
:102F1000010D0AEE010105080BFAFD04F70CFBFE9A
:102F20000902F1FF04FEF4F6FC0A07FE1003F8069E
:102F300005FD0403F0F9E60108BC16FBFB1302E9EA
:102F400007F801F9020204F7EF0002ECFAED01F5CF
:102F5000F7F7100004FB04000E170112FE0903EE40
:102F6000F80D1112EAEEE6FF06080204060006EF6D
:102F7000042104EFF90BFBF6F00923EEF5E7C01589
:102F80002A1CE200010407FBFE01020AFB0706FC03
:102F90000719F3FF06E7020CF710F9FE0A0E02FA12
:102FA000070F0BFB020903FCF2FB00050907230FC7
:102FB000FFFFFAFF0108FC070306FDFE0A00FC07FD
:102FC000060C0EF0FC040C11FBEF04F9F304FC09F1
:102FD000021CEED6DA0CFCF5180D1FD507F2B80D61
:102FE00021E70105080A04FAFCF30108FAFDF6EEF0
:102FF00029FFF4E306E6F6F0060611FE060502DBFD
:10300000FFE70D170610FB09F504F90F20EFFDE0AF
:1030100004031A040612010B06F90300050600F961
:10302000F803F81BF8F91817EEEB0CF10809FE0A83
:103030000D1502F9080712E8F514FEF804FC2A053C
:1030400009F310F1F6EE10F0FB1CE5DD0606FCD3EB
:103050000E021B0C1D1B1E1A15BBFF0E04E30FF204
:10306000FAFEFCE2E0FAF3DF1B0F26030809FC1E60
:10307000E7FAF81304FA1319F70C01E9EFF9F8E489
:103080001A16FD3CECE3FF0E15F409F8F9F0FFEC1D
:10309000F816090EF405FEE3151331080EF3E715D3
:1030A000221F0BFEF7FB04D90423FF06EDFEFEEF03
:1030B000FFF3122916FD0A15091B05ED08F503F9A2
:1030C000FED907DEF605FEFC02FD280CFFF8FD0E1A
:1030D000F8070E0909FB020AF7040CE606FE0114C4
:1030E000FB1E0310021EE509E3FBED01F6FD0207DE
:1030F000FE1DF4E6EDFBFAFF031711BDF5E2E9044E
:103100000812F907020701F708EF04040302F12689
:1031100004EA15DEEEEFF52939F605050B0DF1F29F
:10312000FD0503FF14FCF817FBEAFF0FF62FF90C5F
:103130001517000A0A10FC030923F21E020F00FAF9
:10314000F202030C0D0FFFD0D4EE0802FB01FC0FBE
:10315000FFFDECE30102F9F7F70418DEFA08E509D0
:10316000C9F0F8FE070AFBF70814FF0803F9FAF59F
:10317000FE18FDEEFDE8FF06F30AEEF504100BEC79
:10318000020F0CFE010808140002E207F3F80FEC2E
:10319000000E04F8FF11F9E7FAFCF91306090F1203
:1031A000E6F4F1F4E10946101906F9FBFFF8041101
:1031B000F619FB00F0FC0E0D0304E90FFCE81908FA
:1031C00007F3FFFC030BF902F6FE00FAFE01FBFF1A
:1031D00004F5F1F608EAE6F9F8CAFE05F207030A73
:1031E000FCF8061A18EF0EFDFCF804F3011AEF02C2
:1031F000F0FF01E9FBFD1105FEF10209FCFE0301F0
:10320000FA0908070808F6F013D0F903F3FFFB0AE0
:10321000F011FF06F7FAFF05FF04FAF7FDF90112B6
:103220001413FC0302FBFF13031404F7F0FDF6FE76
:10323000F5FAED02F801030D09FB06EFFE0700C5E4
:10324000F41FFE0C13F2FBF8F9F4E2E7F612FCFCB3
:10325000101603F6F6FEFCF31617FF12F617040A13
:10326000EEFB07F10B0206F8070EFEFA000005E57B
:10327000F104FEFB0105FC0606FC0F16FAF9F90045
:103280001917D3FDF60300220530FA051209FF13C2
:10329000F8ECEDE8DD03DAFE280CF7F8FD0EFEF0A1
:1032A000F806F9ED21F4FAFAF802E4F90217F60E3D
:1032B00009F41A08F60008F600E800E600F6001621
:1032C000E9F1DC18E814E3D606040901FDFB09FF67
:1032D000FAF5F8F9DE00F905090115F20902F0FF27
:1032E00026F4FDFD091A020DF9E907FC310DFC0277
:1032F00009F0E0E7F2FCFEEE0BFB1EF8FC140DFEFD
:10330000F3E1FD111706FA08F4F0FF070E2EE6DBD5
:103310002AEE220AFA0CFFFBFB1D07100006FB0930
:10332000F90911154301B1CB0AECFA0C0B04FFF3B8
:10333000FBFD0402FEF506F916FBEC180AF23CF060
:10334000E4F70400FEF9F715FCED041314FA0A0380
:10335000F3F8E9F9FDFF14F40FFA1003060CF80C6A
:1033600009D40FF201F30105FFFA00E70B1BF7F890
:1033700009EB1900000BF805F8F600F9FA0106064A
:10338000FD0015F81E0BB9EF1405FBFD020EFBED59
:1033900003FD052208F7FD1902E4E310EA0E43E8F5
:1033A0001E2900070510FD0F01F308FEFCF7040BB2
:1033B000F3F30B05EA0CFBFF012B1AFCF50BFEDE09
:1033C0000230FF24FC0009040308ED070F02F30795
:1033D000092AF600000FFDDF0A19EF17050004ECBB
:1033E000F6F8E4E601F90112FC25FCFE06FF08DC14
:1033F000FF1305FDFD0D011FF6F51918EAE0E013B6
:103400002C27F802F9130516FC2CFD011406010AFD
:10341000FA12E900F708040AFDFFF1ECF514040CB8
:10342000FFFF06FDF60200F8FE05D8F40224050BA6
:10343000E6EFFF0B010F07E5FDF000010300EC0ACA
:10344000E507F0DB110705D40F0A100A01FBF5E4CC
:10345000F70406DFEF00F30C110517EE071901F46E
:103460000FFDFF06FD09040DF9EC06151206FB051C
:10347000FEECE9DFFBF012DF0CFDFEFEF00301F6CF
:1034800004EB0C150DF90AFAFEFDE5F802F7FCE96C
:1034900003F708FE00FC00FBFAFDF9FF1B05FF0324
:1034A000E50A0E0E00FCE6FDE3F9F70009FC03FB5C
:1034B000FD17F902FCFA07E905FA10FADFF6D81051
:1034C0001CFDF603FE0E05DF0E120019FA13FAFEBC
:1034D00004FBF40CF0E8F710FB3F08F6040EFFF3D2
:1034E000010DF80E0C14FB0E0CF3D7E9CE192204D3
:1034F000FE1EFFFCFE0704FF03DCFD1002F907EED1
:10350000F7E2D50FF31E3F09E119F9F204020000BA
:103510000408FFF9F103F8EDF7FC01DE0218E6F804
:1035200005F3EEFFFE0501EE03E90AF405100B04B6
:103530000C08FAF102F206F3071301040305000276
:10354000FFD8FB03200F0224FEF9E2FDF4090BE88B
:103550000DF70D08F906FC19FECFFCFE07F6032453
:103560000305F71208141EFD00E9000CFF080224F1
:1035700000EAF30C060500ED08080DDCFE29F7FC57
:10358000D206FC0AFFF4F50701ECFCF9F405F5EEB0
:10359000FFFAE8F707FD0AE1F90CF80100F302F27F
:1035A00002FFFF01F9130512F3ED1713F7F602FC02
:1035B000FEFB07FE0CF90710020C02ECFDEC0E04FA
:1035C000EF0E1C1309E8F9FA04EDF4060E100202DE
:1035D00000ECFE08150111FFF3F803090BFD0805C7
:1035E0000706FDFFFD0004181200FFF3FCFF0D02AB
:1035F0000804DF090C1806D4FFFF03FE09FD02EDE5
:10360000F918FFF80C04F2FE0506ED130EFE1E1469
:103610000DFB10EF0BF905F8FA01060AF6FE0BEEAA
:1036200000FC010D12F4FD1015F806FC030DFD035E
:103630000A13F60D11F7FFFDE4FF0100F6F0110487
:10364000E6FC08FDFAF601F6041607F51106FD0979
:10365000FB001D00E108F8FAC7DFF7F4F4000808E2
:10366000FCF2FFFCF809090509FF0FF9FF0A090040
:10367000E4CFDC0FFFFC131F06EB04F8FE1008F28A
:10368000081410D1EEEFF1FC2612FEFEE7F400F66E
:1036900003FDFD0EF404FBFC00FC0205FCEA27110F
:1036A0001BD51BF9F8F00EF501F902FCF1FD01EC58
:1036B00006EF0A08FF070A04F3C212F808FA0CE63C
:1036C0000DD505EEFD000AE2F9092BEC06CAF4EC73
:1036D00004B4FA050AFFF70AFE0108F7FAFB0DEE3B
:1036E00012FC1BFFF8DDEE27FF21FBFCFEFBFEE1D9
:1036F000050600F7FA0F0006FF01F6080AE8140CA9
:10370000181009F00601F8D1F31203FBFAFBFA18BE
:10371000FCF5F5F709DE0AFA29E424F706F5FBDBE8
:10372000FF0CFFEBFF04F50813041FF7F9F2F9068D
:10373000F10002F809ECFBFCFF1B0309F01902E998
:103740000202FE0FF4F70422EFFBF50CF20A020F5F
:10375000FC14F325000C0216FDF901FA11FAE40A33
:10376000F605E60601FD0AF20204F7FFED19F4077B
:103770000B04F91A13FF06FA0D0F01FBFA07F8F90B
:10378000000BFBFAFB0DF4F306FC001D152F010CDA
:1037900028150C03010EFF05F4FCFE09040DEF03D0
:1037A000FBF9D618F24012C1E1C11104F602000D76
:1037B000F8F800DFF3F9F5E901FF1EF111FACCFF8B
:1037C000C8AE020607F600FDFE0BEED5D8FAF9D317
:1037D000290A2BF405CBC30FF4B411FB01EE04D777
:1037E000072503E6DFFCF6DE1B3B3B12FDD5E117A8
:1037F000060BFD04F804FDF1FB210AFCFF02F6EBC9
:103800001808000AEFDA0C0FFFE71A0806F503EABA
:10381000FF1008F3FB02F8DE0D13F9F914EAE209D0
:10382000173CF80008F705010600F0F4EE0B09DC80
:103830001DFD19032FEEE5200302F3F608FFF4EE59
:10384000F924FB00FE06F7F303FAFDFFF606EA058E
:10385000022A0E0A0410060400F704F902FBF9F923
:10386000EBF9F00C0A1DEEF601FB10030C0302F954
:1038700006F503F8FC0508F00DFA10DA18FAF90459
:10388000FAFAE608F202FC11041302F20FFCF8EF58
:1038900008F21DF3EB0D0505F807EBFEF30C02052E
:1038A00000071000F704F1090CF8F6FCFD05FDF225
:1038B000DA010AFEFBFA0CFFFC02FE08FBF9FB151D
:1038C000F2FCFF030E08F602F1FF0E010700FB03F6
:1038D000FB09040200FB03FFFC0102FDFD020B05D6
:1038E000DF00F9FA0408FC0B0108FDF6F6F70A05FB
:1038F00003081FF2E50F0DFA02F00502FEFFFC1EA1
:1039000006F1FE0807FF0014110808F7F50D0F1364
:10391000EAEEFBFAFCFC0517F903F9EFF60601FEE7
:10392000F20111F70807FCEFFCE0F7FBF40503D9FF
:10393000F3320113F3090305FAE914F4ECF8DD207E
:103940002936EEF70B2807EDFBE820050500FA0BFA
:10395000E4EAC9DDD6FBFCFD2E211800FE1DFCF1BA
:1039600005EE02F806040509DAF3CED6F604EAFB02
:1039700001D01307FDF9FAEF04EB010D0FFD05115E
:10398000E000021F24F8B8FEEBE4F111080803FE82
:10399000FFFF0CDF24FFFC2F09EAF5DEFA2FE60F0C
:1039A00000F9DE090A1DFF07FE1312012FF5FA21A7
:1039B000E30CE7E3BC29FEFCFF25050CF710FE1C19
:1039C000FC4D032202FB090AF410D3F124F3E2F1C7
:1039D0000E0802F90BF906EC00260123011309E990
:1039E000E4041BD034F1F709EC00080306010309D5
:1039F000FBF51A0C1E0C03F0E9EFF923EC3EF1DAAB
:103A0000D30CE90A0907090CFF18040C041017006D
:103A1000F5080ACBEE0300E2FA10F9FDFDF70E2CD3
:103A20000714FA05040516F7F009CEDE1415EEFBAF
:103A3000CC01F903030C010F04E6F9D7FCFFE1F810
:103A4000010606DFEFFDCEF221100606FAF9F7E2D5
:103A500001F70CF30209FFE40AFB160B0EF604F75C
:103A60001FFB1300F80BFCEA01E917EE19FA00FE40
:103A7000F4F5F2EDDC0504ED03F81600FB18F8F69A
:103A800008D5072EFB0006F8FC09F5F602DEE2D8A1
:103A900005F4FCF50E0906FB0E09081AEFF70BFA00
:103AA000F2F418F028E4D30AF910010505FC05F931
:103AB00001FE020103FCFAF8FDFFFBFD07F6FE0321
:103AC00005FB01FBFE0602FFFC05FA03020603FBF1
:103AD000F900F90101FEFF07040005FEFFF90002ED
:103AE000FCFF0107FD0302FBFDF903FF030501FED7
:103AF000FB050302FA02FF03000103FFF7020405BE
:103B0000FDFC020000FD04FEFC02010101FC0206B6
:103B100004FAF8FD0106FE000504F9FF0800FEFDA9
:103B2000FEF004FE050200FEFCFCFF00FAFB0001B3
:103B3000FFFBFAFF02FBFB0CFFFAFC02FCFD05FD9C
:103B4000FAFFF70204FDFF00FA02FA0000FC00FD94
:103B500002FA04FAFA01FEFE01010BFE050502005D
:103B600003FE04FFFBFB01FF05FF05FA0201FFFB5B
:103B70000303020200000105FDFC0904FFFDFF0430
:103B80000FFAFEFFF8FFFEF8FF0103F9F9FEF70256
:103B900001F9FBFFFC02FB0701FE020000FFF6F942
:103BA000010000FAFDFF00050408FD0000FD00FC17
:103BB000F70004FBF8F6FF07FE0204FC0502FCFF19
:103BC000FD01FF030404FDFEFD01080103FE00FEEC
:103BD0000301FFF9FD01FE02FEFC0302FB0002F9F6
:103BE00000FFF901FD000104FDFC040107FB0000DA
:103BF000FAF901FC00FFFCFC02FB0301FBFD0B04D6
:103C000000FFFEFD04FCFDFE02FAFC060404F9FBC5
:103C1000EE02FF0302FBFD0107FEFD000204FEFFB2
:103C200004000404FDFF0100191C0705FBFBF8F567
:103C30000410FD04F7FEF60101FE002BFB09F31250
:103C400005F509FEF604F9EEFC0AF4F2F8FEFB1A9B
:103C5000F202FF2E0CF8E5FAAF000EF4FEFDFD10A7
:103C6000FEF8FEECE803F801F00B2B141FF7EEF260
:103C7000F31AE20C07FCFA12FC160AF80CEFF20B2E
:103C800009120FE709F2F0EA000AFBFFFCF6F3F372
:103C90000D1DF2FEFC04FCF4FE160A0EFADEC90F3E
:103CA00023E6FFFEF5F5FCED000A05E9F4F600F564
:103CB000180007EBFCDC04F6FCD501F700F7F40A6A
:103CC000F6EBFEE704FEF7E9FEFB130BE7D3FAFF82
:103CD000E3A4ED060B00073701FBFFEFFFFD04E057
:103CE0001A221FE801F0D601FAE501FDFA060805DF
:103CF000011FFC11F6FCFEE92E0EFFE0F318C40EC6
:103D0000FA050A07F3FC000001F60219FF07F1F3B8
:103D100003EAEDDB1D0810F11C0C20040DF009E88E
:103D200008050609ED0601E004020702F9EB04FAB2
:103D3000250FFAF3FEF4FD1C07220A03000000E63B
:103D4000000608F702EFE0F606ECF40C0502072B7C
:103D500003F6F81002FE00ED120706F4111227FB1D
:103D600001180203F3F40300FCFBF8FCF7FAF40B70
:103D700007F9F7091BF018FEEC0F0BFF09F0010023
:103D8000F710F9E30202F50BF5FC070FE9EBD8FD9C
:103D90001A0FFA0505FA051D0322F9FAF2FCFAFEDC
:103DA0000003F702FB0FFC08F1D802F0000208E65E
:103DB000FC04F6FCF3F804F50BFC0701F1EC2F0A08
:103DC000EDF00500F90502F60810040CE30A0AF309
:103DD0000901FFE2E8F017FB02BCF0FBF5FBFD0E6A
:103DE000FBF4FEEDF5FC06FB0CF8EBEFF0F802142B
:103DF0000DC2FF020500010405CDF6F3F70603E747
:103E000000FEFC1FF0F9050012150304FAF8FBE8A8
:103E100003FDF609FF08F4010504E51C060A17F680
:103E200015390B0C000A06E9FDE900E5FEECF30A82
:103E30000DFFF5220C0CFE070F161104080605DB1A
:103E400004F3080FFC0DFEFFECF6F80D10FA060C5B
:103E5000182F0EF9FB0303E001FB09EE09FF040F25
:103E600002F8FC281EFA06F9F01F04FF06080EF7F8
:103E7000FA27FEECF6FDFF11FBFE0AE8ECDBCF10A3
:103E8000211EE704041112F9F31B0A140911F908A1
:103E90000303EFEF01FDE9031E18F2F50306FAED47
:103EA000F10501F50E12000CFAF2EDF2F4160F070F
:103EB000130405FA06030006FAF6FE0013FFF920C4
:103EC000F2F205FBF50536F5EADF060801FDFC1107
:103ED000040204ED0BF1FDFFFC0D02E0FF27E003FF
:103EE000FBEF05FD000EF609F8EF0404F1F3FBF219
:103EF000FC08E8EDEE0711F8FB02F600FE0501FDF7
:103F000003FCFC1B02FCFDED00FAF3F008151DFD9F
:103F10001E0DFEFCFC00F5EE04E504F9160507F69F
:103F2000E500FB06E4042605FFF8F607010002FCA5
:103F3000030D02F3F109F5F8FC070DF0EFF2E405CB
:103F4000FE100401FF01080AFAFD04E5FF1B03EF60
:103F5000F21021E80FE2D8FD050FFCFA05F502F892
:103F6000070F04FF090C07E502FC0AFE02E4ECFC63
:103F7000F8ED0AFBFE0D0A0303F400F5030002FC52
:103F8000F3000005F3F600F7E3F1FB08000B090866
:103F9000F105FAED0B05FCFE000BF7FBFA0FF7FE3F
:103FA000F6B100F40211FE0CFCF103F915F9F9EC7D
:103FB00008EFE8F91A3022FD0AD50002040AFE0DC6
:103FC000FAF2090DEBFBFFE2F4FBFAFC10ECF1F066
:103FD000FFF6F50EF503FF020A0F01EFFEEF06E60E
:103FE00009FB1AED1DF5E9FDFFEFF402FC16FE11C9
:103FF000F7DE0323120B04EAFEF3E4FA0130FCE9D6
:10400000D2F7FFFA0A0505F000E800101E070003CA
:10401000F7EFE1F112302FEAE0FD050A08FF081B77
:104020000409F405EEF5120BECF70BFF03F5F8EBC2
:1040300002F1F2FF02ED03F905F70BFCFFFEFBF1C5
:1040400017FD0FE1F9DF1D48ED030408FBFDFCF44B
:10405000FD0306F6050509FCF0FDF30E05FC110055
:104060000C03F7FD0E0800DE010700F1EFF8131452
:1040700005FA0620F3F1F707EF06070408FF00EF43
:104080000BEE01E7F700020B01FD09E8ECFBF00C79
:10409000FBF809F9F9FEF61705E8FBF40100FEF458
:1040A0000401FA00EF05F61B202EFF0206EC03F9CF
:1040B00011E9F5E4020707011401F3071926E3F1FA
:1040C00006F1F6F4FAF011EFFE03F4F0FA0301F949
:1040D0000E001441FE17F90523F808EEFAF4032147
:1040E00000FE0FFAFAF9EB0603F3F2300A2C09FB93
:1040F000FB2F061205FDF90D06ECFA080AF9F91B6B
:104100001E01F30E052AEBE7071A0A0B0A0108ED58
:10411000F4F209FF04F0EF0B030A39131401E40869
:10412000F543ED0AFFEBF7EE040C01F6140702016C
:10413000F2F10001FDE2FAFEF9FBEBFDF2F90535C3
:10414000F0E408CA19F11014F9FF23DCDB0B1504A5
:10415000E504FD0809F3133900F410EF07FD061F0D
:10416000F71CFB0CFA1536040107FB00F9F7FDE616
:104170000E0C09F5E4FE03FA0420EDF010E1F4F969
:104180000CD8050CFF00FBDE02D40DF0F20200EEAD
:1041900007F815D716CDE30407DA12FA06FB08F77D
:1041A000F70EFCE2F6EB14E20F1918E6E8E1000D59
:1041B000F0F4EB08F8FF00FDFD1DFD010BFE0DE620
:1041C0000A170CEDF2D4DCE704F60210FF03FBF94A
:1041D000FBF000E8E806F5F31412FAFBFF04D11136
:1041E0000FF2F40A0D03F6C916F9EC001903010ADF
:1041F00005F6EDEC34D7251AFEE801FB03F8F9E0EB
:10420000FC0509EFF2F6F3F7FCF7FA23E9CB3DEBF7
:10421000D30401FFF902F6D1F61FF1F0F1E60CFA32
:10422000FD02F6FEE5E5162CECE8FA00000013FAB4
:104230000028FAE9F70FFBF4FBFB19FEDE08D909A9
:10424000EFFEFB04FF0A08F40B12FFF00F06F70164
:104250000E03EBFFEEFEEA19081500F5FE0404F468
:1042600007FDFF17090FF204FAF8DDFEDC1326093B
:104270000129F702FD06060707F4111E06020301D5
:104280000401E503F20B3DFAF5F105FE090106FE16
:10429000F7FE08F9FCF8FBF605090B010141DCFC0F
:1042A00001EF0406FB0AFFF7FDF617F4080A02EB1C
:1042B0000F04F8FA0C11F9F3F5E4FE03F608070908
:1042C00009E410F913030E0EF2F1FD15FBF902EEED
:1042D000FDF51106010AF60D0AF601EC0809F729A9
:1042E000FF0B0705F71525EE07FF0705FBFE091273
:1042F000022704EA02F5FFF1F90C2EF2FAF5E901C2
:10430000F50FF700FCFBF8F9FDFF08F3EB130FFDC9
:10431000FC09EAFE0EFCF7FCEE1BF80204FD0DF4AE
:104320000C0FF9080BF710FC0105FD090CFB02123C
:1043300028F20E0902070001050703070DFE07FC1E
:104340000B1602FDEFED0EECF5EAFE030704011576
:10435000070602F5FB0C06FE0C0D06DC0212D80A5D
:1043600023FD020BF611FFF60BF5070708FDF8EF2A
:104370001A00E7E317F905E2FF0706EE040403EC71
:10438000F718140BF9F70102F1FBF10D1BF82FEFF1
:10439000FA030FF9F502F9EEFC0C0E13EA030EFC1A
:1043A000F70AF10616F71011F211FA03FAFA04FCF3
:1043B000071208FDEB010F00FEFAF6EEFBF304F91D
:1043C0000925F3F60C18FCFE04F801FE01FB0412AB
:1043D000E0E6FAEEF904E9FF2104FCFCF202FFE951
:1043E0000909F71E010105FDF3F2E1F8F522F301D9
:1043F000F6FB07FC030E08E702F1F81CF405FDFCD0
:10440000F6F5F80116090306F4E2F303FE090609BE
:104410000B040AEAF8040618EFEE02D30308F2FED2
:104420001107E701080B0706001D1004FCEE00133E
:10443000FCFDF7EEE7EDE8F51BFFFAF6F30F00E3FE
:10444000F71FFA0F0602050D09FCFBE8160406E447
:10445000DF0B00F804FAFCEE04F7FC131507FBF77A
:10446000EEF10BF403000CF6F8F2F4F200F9FF0899
:10447000FEE9FA0E0A05FAEAF3F711E6E916180260
:10448000F903E7F4070AFF1AFA12FE03090402EA25
:10449000F404F1DAF023F9E5F3F4EC08FF0AF4137D
:1044A000FFE00FED09FE0403F405FEF5F92D1315E9
:1044B000F9EA091109EBF50AFEE0F6E205E6F20673
:1044C000F7FDF70EEF0CD8E5460CFBF20CF401CB30
:1044D000F1F205F50800F8F71004FB39F4FA12F3CD
:1044E000461AFEFE14F8FDE002EA09001B0A040267
:1044F00003EFD71DEBF329EE14F41EF9FC0300E4DF
:1045000002EA032307F61305EBFE05F70FF9F9FEA0
:10451000EEE9091205EDF8140B05EB0BF4030EFDA3
:10452000F90A230111DDC6E30BE2FD0600FAF5E707
:1045300004E5040DFBFE0AEF05F9F4FE0BFB100089
:104540001300F5FF08FF0501F9D60416F8FC02FB7D
:10455000ECE3F4E2011916FD1E3702FB0705020425
:10456000FCFB02ED02EC0AFBF400FDF91911FAFB69
:10457000FAF31101F9FC08F6F910FD00FAF90BF352
:10458000EB00170622F9B80A03ED0405FC05F70253
:1045900002F3FE050A08061AFCF9F6F0F1EE0B012B
:1045A0000514EF060DFF030FFC1AFF0BFDFF090FAB
:1045B000EE021007CCF405FF0614F604020404060C
:1045C0000330FC0DF4F6F505141DD6F1F605FCF3E9
:1045D00014100BF701FF03FCFFFEFD0AFE0903E2C6
:1045E000F1FBFAF701F7F203FCF20CFA04FAFBE72D
:1045F00001F20C0E02FD02070CF5050DF602FDF5A9
:10460000ECF1040402080216010DFEFFF9000A0194
:10461000F70604E0F5FC1BFBE9F5FB00030A031CAD
:10462000EE01000403FA07020204FDDE040A0E088C
:10463000DDF6030700FEFCF405F0FB0AF7F9F608C7
:104640000C0305090305E4042D100A0900FB04E42A
:1046500001EF05F400F8F7F504FBF81D130608F563
:10466000F4FC1007030AF3E6F9FBFFF4FA01FAFB86
:10467000FAEDF910EFF8ED00E6FB00FB0706030189
:10468000FEF7FF0700FFFAF9010C01FA04EFF81931
:10469000ECF7EB0106F509EDFB06FE01FEEA01F27F
:1046A000F2FD0AD704E3DF25E211F60A02FFF4085F
:1046B000FF1D0814F6010311F104F503F9ECF302F0
:1046C000F6F60507F30F07FEFCFCFF110409041CB6
:1046D000E60EF607F900F7F20915F906F405FDFAFA
:1046E000FF020C0EFF0A1009F8FBF3F0ED0212EDC9
:1046F00007F8FB02FC0D05E001FD041901020C0A9C
:1047000007FD16F4070C0909EDDAFC02FCF4031EA0
:1047100004FA06D70BFFFF15F401F9DBF70ED607F5
:10472000EBFDF207F30EF80CFDFB08F2EEFE130FA3
:10473000061401E3010CEB080502F80DF80AEFE49A
:10474000FF33063303F7FEF7FE01DE0211EF0AF432
:10475000E91BF701070B05FFFB140A1E04F0051FF8
:10476000EEFBFEEF130337F710EA10EC0508FE0B23
:1047700000F009201309F6E803F60726F63621EDC6
:10478000F6F2F804FEFF01160400041414FFF9EF1A
:10479000F1F0E4EEF92F26E3EB0E0402030F00180C
:1047A00003F10609FEF7FBFF03FEF2F80614020010
:1047B000ECF3FEF60202FC03FCE504FDEDFB021443
:1047C000F300FCEBFD09FEF25A22ED02FA0301F0C0
:1047D000F90A17F60504F80303FBF922F8F616F9AF
:1047E0002E0D0903070900E6021B130501010CFB4E
:1047F000F2FAED1504E40006F4FF0DEEF1F803FD06
:10480000FDF60011FCFC110CEC070CF314D0EC0FBE
:10481000EDF40605F9EE0E0EF70A01FCF80A0AF9A6
:10482000F6FF19FFF1F7CF18110FF6FE03F6070098
:10483000FBF9E1F5F90BFC130BFCFAFCFB0EF01590
:10484000FEED090DFF04FE0A040D11FEFC0DF3FD43
:1048500000FF0A0CEBF2ECE6030014F9F616FEDE9C
:10486000F2E50AF5ECF9FBF8FD0DFBFFEDF6EF07BD
:10487000F40412EDF1050706FE0CFE190804FBF81E
:10488000F9FD0CEBEFFD00FF00001206030601002E
:1048900000ED10F713F30A1A09F5010BF116EDEC10
:1048A000EF19E70A0308F0FBFFF01CF616070106F4
:1048B000F502F400F501DDFA00DB17F90E15F9F445
:1048C0000C161E131AFA07FD0009F00BFDFE130269
:1048D0002C14FCFC09FD04F7F324F81D03030B045E
:1048E00000F5F6ECE1E3F7F20BFFF7EBFEEFFAF879
:1048F000F61013E7FE0103FAEDF01E03FCEFE7FBF1
:10490000050EFBFD08FA09F50317110D100F0EF93E
:10491000F90A00F8FDE9C9FEF717F1FBED0A040DED
:10492000FE05FF1306F7FEF4F80800DE1306FBEBA6
:104930000900000103F6FDFA07040200FAF2F71C71
:10494000FCFBFCDBE6EDF9D1F529F5F6F7FE06F206
:10495000EE11FBFD090AFBFA010C1CC70509D3F98E
:104960001CDC02F7EE08FEF2FED409EB00FD0DFDA3
:1049700008F8E6D9E7F1F4F028E20908FC0DEFE7C2
:1049800002E8FF180106F9EF000610F519E7FDE54A
:10499000D8E9FEF20906F9F9F9E6FD03FCF010F892
:1049A000FD002300FCFAEF1DFBDEFD01F2F9010A18
:1049B000F6DDFCFBF70508ED000102F503F314F04A
:1049C000E7E3EFE805EEFB06F9030312F7F1FC0459
:1049D00013FAF00F04151001C20DE8F702E6051BEB
:1049E0001109F804EC0A060B1B16190E2C1218FFFD
:1049F0000BF8E404F9FDF7030A0501E1FF0C0DFBD8
:104A00000C0601EA08F3EFFA141403FFEBF7FAEAD5
:104A1000F5F4F32904F7F10B02EE111DF9EB3B0459
:104A2000F11D25090EF1060103F4FA18CE06070060
:104A30000902FF1FFFCAFCFFE9E9030E00F6000EA2
:104A400001F5FAD2FAFE06100F0D220005C9FB1778
:104A5000F4E2F80301FA13E5F7E9FFEBF10CFDF0DE
:104A60001C0D0323E6F3ED1B00400710F1FD0BE4E2
:104A70000009F5F3E1F2F422EFFBF711EBC5400F6B
:104A800018081C0209FC0BF1FC0CF306E902F927DB
:104A90000814001CF0CFDE3911E2F8F502FFFAEC41
:104AA000FA0DFC03F20EEC0902090E17F7DDF11105
:104AB000FB02FAFE07FCEEF7FBF3FEF4F222F9F23A
:104AC00001E80B0BF50C26FEE805F50203F9F7DB10
:104AD000FD2CFDFFFFFCF213EAFF1FEE04E1F913CA
:104AE000DE08FF080EF7000CFE16F1ECDA0FFC07EB
:104AF00019201AF6F5F3D128EB05E101000A0009A7
:104B000000E801E30701F6EA29F2EFFAFB300817A3
:104B10001C29FBEBF20308F6FDF5F7190B0BFB194B
:104B2000FBFEE1000E4842D51317F906FA0014FD0A
:104B3000F8200F06FDFCFE05EE0A1405E9D7E11585
:104B4000F909060DFB0207F9FF0404FEF308000350
:104B50000D0C0012FAE0D4FB08190905010C07003E
:104B60000E08FBF00701F4F40A131B05E9DCFB0651
:104B7000F2D90606F70803F9FD0BFBF3F9EC00FC8C
:104B8000F70DF3F8F2EDEFFCFEFD150A090F00F743
:104B9000FFFFFAF112080502080910F7F510DA1103
:104BA000EEBA00EE0A1003F5FCFAF5FEF80D05F476
:104BB0000402F2E40437FB00F509140B06FDFA05C4
:104BC000F9FFFF0EEDFB0ADFF3010BFE0CE5DEF350
:104BD00008C907FF02FBFD0CFF06FA00F0F0FAEE31
:104BE000120413CD14D9EEFC07EFFBFB050EFC20DD
:104BF000FDF0F823000604EA0F03F6040A3804F770
:104C0000D5E90B020701FAF308D60E040AF6F802FA
:104C1000FCE6E2DA2A2444F1FD0A0F02FDDE02007E
:104C2000FA130613E709FBFBEBFB1815F9ECEDF59E
:104C3000FE0BFAF8FCF702F900EC14FE00030BFA85
:104C400012FAF9DC100E2035E9EBEAFF0409030C37
:104C50000A0E022D0C01FDF2EE03040F04F5140000
:104C6000F5F909F8F305FBF3ECEDF5E5FCF5130DAB
:104C7000EF000718DB0506FDEE090C0B16F603180E
:104C800001F600E7E900070E05FB18F4D9EAD2F2B5
:104C90001FFCEB02FAFB0B1700E0FEF5F0FB010B2B
:104CA0001E0301F9EA0403F9EFB1FFF503EC05F384
:104CB00007FBFCE4F400FBF5030F0003FAE0F90343
:104CC000DDEB10FCFCF30FEFFFF2F1CFE40B01D4AE
:104CD0000C0529000DD5EF17E0D6F913FA00FB03F8
:104CE0000121000BE10001DF140B18F2F3DBEF1CD4
:104CF0000509EC0703FBF9FF0A0EFDFCE50AFCE8D9
:104D0000130B01F1F1DC110F0CF5020800F209EEB2
:104D100000FC03F5F1FAF7F50207210005E9DF15BC
:104D20001ADA07F005F606D5FDF9E7EFE809F2F221
:104D300017F1191619E7070F08CAFE03FBFB03F763
:104D40000400F9F0FA0EE5F605FEF01400FAD90FAA
:104D50000CF71106000702E50BE2FEF30CF3F3FC7F
:104D60000EF9EE08F916FBF1FEFCFB050209FB0A41
:104D70000701FB00F9FEEDFB05011DDF0C10DE0451
:104D8000F915F712FA06FF08000002111700030BCD
:104D900008F510F3073015070114F40AF8F9FF18A5
:104DA000FCEBFA0D16000608EFF1ED10031FF904F5
:104DB000FC0D06FB0A0BF7F001F6FE211AF40115B3
:104DC000FB0A0708212D0ACDFCE1F7F7FF0DFC05D2
:104DD00007F604F202F804F8040514F6F5011102CE
:104DE000D7ED11FE01110409F3F7FC020A05FFF5E6
:104DF000F80702F4E7100416EAF30707FA02011AAB
:104E0000040C03F6F3080B0DD6F4FAFDF0F911F9D2
:104E1000EAFF02F8F802FDF801FC1006FAF40B02B2
:104E200007130900F6FF260BDAE61202FBFAFE1C56
:104E3000020AF9E5FF07FE000E0925EDF8F5C2FEAE
:104E4000D708F80506FEFDED06F106E8190504F998
:104E5000F905EA00F71B0511F624FAFAFF0FF8F539
:104E600007F0FB030C02FDFC04FFE8FBF815290B1F
:104E7000031CF8FDF6FEF2070500FC06F602F1FC45
:104E8000F3F1DBE1E00031F2E9DB130AFEF609148D
:104E9000FA0904FCFDFE04EC010B1EEF0613E2FC14
:104EA000D3EEE7F4030001F7F8E111EC0BFA01F798
:104EB000FC0DF2F608FF00F5EFEDE903F9FEFF182F
:104EC0000AC906F61BFF072E0AFA0016F80FFE0D98
:104ED000D9D0FE1202FFFD06FDCD03F305FA01292C
:104EE000000E0908041128EDFAF102000406F2048C
:104EF00003F010070D05F1E5FB0BF3000AF92A0496
:104F000005F607F9F001FCF301DD0508F3F80CF4F0
:104F1000FCF0F8FD0B110B03FEED050907F305F896
:104F2000F9E1FDF1060CFF0106051F07EF10EE0386
:104F3000E2F1FD0400FB070313F2F4E708F604ECCA
:104F40001502151B0EF8F2FBF3E4EDF8FB0402F377
:104F5000FEE5F90609FAFD15FBF3E4F7F4FA0FFA9A
:104F6000060A0202050209E907FAFB02F40103FF3F
:104F700002F5FC0F0E000008F500040103E8FDE156
:104F80000818FEF90C090201FCFA02190DF7EF10DE
:104F9000040F0B06F2F206F3FE0F040DFD0200FFF4
:104FA00001030B0403F0FE0B0DBAF5F5F603FEE169
:104FB000F6D402EEEDFB04EEF8F4DBD8EDEB1FFACD
:104FC0001305F50AFF09F60E10FD10FFFD09FBDCC5
:104FD000F8F309D8FCE007FFEEE005F6F7FCF50C66
:104FE000FD10F9FFFAFA07EEF6FDFDE710DB07F713
:104FF000EBF00CFB00F0F7090B02010F0815FFEFB7
:1050000000E916DA04F3DB0FFB071F0000F0F9E2FA
:10501000F2EA0910F914FFFBFEEAE008F9ECF7F2F6
:105020000ADCFFFE0BFEFE0DFE0A0B10FD10F5065E
:10503000F20411FAE4FE1EF408ECFFF8F90EFD2F5D
:1050400008E7F604FCFDEE160801DEE5F5340CF386
:10505000BFFBF1FBF91203F5FFF6FE00F5F9FDF4D5
:10506000EAEBEFE5DBFEF0FEF80A0318F90408F6B8
:1050700001BB12F6F5FAF8FEF700CA521606E7F67B
:1050800008EFEC03FD06FFEC00EBF9E607ED060484
:1050900001010C2908F50BE9E2DFFEF3F9F7030A39
:1050A000FFF3F7F00E060A06ECEBFEE9EB02EFEA7F
:1050B000EB06F3020B0009FDF8FBFF1303040004E9
:1050C00004240DFF2FF2EB02FB100505FF07032858
:1050D00006E60FFDEEF8070AFBFAFAF9FD24FCFBE1
:1050E000E9FCFE05F2F5EFF9FE15000E0CF6FA14D8
:1050F000F40B0A1A13E9E9FD1D020BFCF8050AF18D
:10510000FE290204E4FA0A0203FF0C17F6DC10FE83
:10511000EAF7F4FA05F502E0140605EBEFF7FEDE18
:10512000F7F5FC02EBEA032B05F0F90DF9F405EABB
:10513000FA0B03F5F7FDFFECFBF603F4EDC6EA0E00
:10514000E01318FC0B03F9F109FCF314FB1A0BCE66
:1051500001FE1BF0FDCFDAF0212E030BFAF9FCE47F
:105160000B0EFF04F10202D1F80B0A09E605DF027B
:10517000FBD9FB09F008EFED06FD1015F90B04DC77
:10518000F80CED08F700E501E817FF0700F0080448
:10519000030DFDE4ED10F70510FBF3F00AFBCC0B5B
:1051A00001F9F1EAFC1A0B1FFFDFF1D4F30102F859
:1051B00001FBF8F30833FE0300F215FE0DFAF8EBDD
:1051C00005FA0724F0E9FCD3FEFAEAF928E9F2EC43
:1051D0000DFCF7FEF9F901EA0507F7FCF1F0F6F529
:1051E000FF0513E32CF3E7FDF3E20CFF1124062B7C
:1051F000F8F1042C1000FCE402F9EAE80D460EEA8E
:10520000D50BDB01FF02FE1BFBE1FC0B1AFFF5FFD8
:10521000E9F7D8E925392BE8E3F10006F2E808FEC2
:105220001203FE17F1F5031AE3FB07E90CEAF1E6B6
:10523000F805FA01FBF0F900020800FFF0FA03F9A3
:10524000FDFE0FD70BE71F37F5E5FF0AFBF405FA64
:10525000FC050CF6EFFB0FEBF1FFF506F4D81F0D84
:10526000D9F603EE0CF4FEE2FC150BF2F1F1190B8A
:10527000011520F6DBD6EF21DCF7F00AFBFB0B056E
:1052800003F8F4E6EF0A10F9FD0112FECFE3FB1874
:10529000E1FDE1F901FA01320CEAFDF3F506FDF654
:1052A0001509F0FBD418151FE916020C08FC03FEC3
:1052B000FF2EF6EBFF091005EB061112FFF5BBFC04
:1052C0002F130517ED09F9EF03F0FEFFFF12F3FAB4
:1052D0001011FDFFF505130007FB04050DFFFFEAA4
:1052E0000205FB11DC1AF2F602FC03FC020710EFC8
:1052F0000F17F80B01020A03F8FEF414EC09FBE7A0
:10530000FC031300FAFB1EF6E9E8FE040D0E032B66
:10531000FCF90A031F00010B181F01EB094BDDF517
:10532000FE050E06FA1701FC09DA09FC07FE070262
:105330000D01F6EE243503E00A16060E0B0900F502
:1053400000F3FE10F9F2FA20F0E7FF2721EB16ED4B
:10535000F50E08FAFE05F806F50BF7F9FEFF082929
:10536000FE060BE50D1B11F804FAFC05FD0BF622F9
:10537000FAEF0C0F240113F9FDEA09EFF5FF32F4FF
:10538000D8F70A040A15F9F40000F61312EFF8141E
:10539000F4EDE800EE25FFF6DAFEF70D080C010942
:1053A000F70108210C03FD19FAF508FA140BFE05A4
:1053B000FD04F4F3FD0B101BFA11070000F80AFCC2
:1053C000121401EDEE003BF4F00603FEFDFD070AAA
:1053D000051CF7E6FEFA17FDF2FE09E3E8F3C2F852
:1053E000E9F600FFF80405F00AFF05F7E8F9FAE925
:1053F0000F120E07FCDDC51CFF00F101F7EF0304DF
:10540000FCED01CBF9F0F70F090A02FCF0C7F90631
:10541000DD04FD01F7F403FE10E1F7F1F5FF0DF5F2
:10542000110CEC02E405FA0DD51D06080011041E4E
:10543000FC0D06F80505031DFAFF03050708FB052B
:10544000FB281109F6030707100B050622F7F822BF
:105450000401E316F52A1405142DFC16FF050002BD
:10546000FDE9FEFD10EE00FF0100E9FA14210E0235
:10547000DF2CDE0102F8FE0D01F90DF404F20B053C
:10548000FE0204ED0D10EBE905EE02FA0F08080923
:10549000EF0AFBF606F90105090B310FFE06E5FDE3
:1054A000F3EFFB00FDF9000402030DF3FAFD040D18
:1054B000F609F6FAF8DFEDF9F4B402F402F2FF1798
:1054C00006F5FDE4F706080CF70511E7E9F2F70B1E
:1054D000F9DEF4FC0101FF1C03FBF313F4090EF6E3
:1054E0000D1A0608DFFEFBFB09F8FE0500F005F4C7
:1054F000F42FFEF9D30102FE05141714FFE5E012A4
:105500003B0205090A0C12E1FA060804F609F8E064
:105510000208FA0700D5D6190FFAF9F10C0105CEE9
:10552000F91000F0F00C06EB13120903E9FE141554
:105530001E020005080CF800FD0CFA0DF90FFBF136
:105540000EFB02F8F9F403FEF309F401F6F8030385
:10555000FE2DF9E5E614F4090E0515DFFDD6A805C4
:10556000E7E9F60CF7FCFDFA05D50211F009F41590
:1055700015FFEBD810E7D311050B06F902FAFFE48B
:1055800009EAFEEF120DE8080AF1001C16F00EE51C
:105590001D2210F3FD0DFFF1F720030A0606F00CA3
:1055A000FDFEEB0EF42610FCE9020FFAFC070611D3
:1055B0000702FEE2040909F10AFF0EF8FBFBC5052C
:1055C0001AF8F9F804F9FADE0A0C06EF0F08FEE8FB
:1055D0000F080916F70AF10CE9260105F8FBF8F6A1
:1055E000FFFA02FB0808050D00F8DF07D7053513A1
:1055F000022EFFF30FF7F708F5FA03FCEE000B0598
:1056000000ECD6F3E60F3110F0E605F7FEFD060AD2
:105610000B130508EB05FBE708011EF214FBC80895
:10562000FC0CF400F9FA01E902F416F10313000985
:105630001AFD20FC08EEF702F618ED07090705121F
:10564000FBBF0AEB29010A2FFEF1F2F9DF0E15016B
:10565000E1DEFC0C000BF62403BE06EC04FCF43384
:10566000080DFC1EEE2524E202EA021205F80310E2
:105670000BEAFFF1F901F7F21313FCEB19F6070837
:10568000F1F8060101F50AF6FCE30305F7FAF4FF69
:10569000F8001704FE00E90D05E3F2FE01FD040821
:1056A00013D3FAEC0D0DFFFC11F232F8EA130316D6
:1056B000DBE7FDFAF4F5020CF80C00FF0C0720FC08
:1056C00006141E10F0E9DDDFD700F3040109110C08
:1056D000FCEAFB0A06F0130802F9E8FFF7FFFDFEFB
:1056E0000E071413060505FFF604040509F103EF80
:1056F0001003EB1C1210EB0FF8FB0DFB08F30AEA8A
:10570000F6180AEF08F9FF0EEBF20A130DF7090479
:10571000FE0207F708F6FEDC081E030CEBFBF1F3B4
:105720000C170EFF11D514EAFA1B1BFDFA04FD0A33
:1057300000D8F1FB06F2080914F7F01F244B11DE24
:10574000C1C11808F4EE092902F2F1FED9EBFBF40D
:105750001E0C3A292E1911FAC6F1021306EE030F98
:105760000B1C0205D60B03F221012B0F0DECE2DF1F
:10577000F802E20507F4FCF6081903F2E7190BFC3E
:1057800018202015F6DBF40209FC0FF4FBF5F806EF
:10579000FAF3F903F8FA0008FC042A1A0DEF2009BD
:1057A000052A130EFEE10B0B07FE0914F60F19EA8A
:1057B00014051EFB250C08F6F119F2F6FEE8100E92
:1057C000FCF9F5E8F1FF01E419FF20F7FA0BFB22E1
:1057D0001012F7F4FFFD03FF0915F4000300E403C2
:1057E0001307E2F3F70CE9F404FEFCF6FDFC01ED0F
:1057F000FA0BF802E70E0C0FF91205E206DB1006B1
:10580000EAF9FDF7F105F517F8F2FBFE0A050401C8
:10581000F8F5FCF4FD18F12F05F6F30700FAF30292
:10582000F9FDFF0302F5EEF310F21DF6FD00F9F9A4
:10583000DD07FE09FE000CFB011BFC1B12FB07F938
:1058400004ECE7DD122A2705C6F4F4F4FC040BF29D
:1058500002F40AFBFBF5F80DECFD1D15E4BD13F990
:10586000CFFFF1FBFBEFFA05FCF9EDDCFC05FD0ECB
:10587000080C12F6CDD2DE21F8F2EDF803F5F8119E
:10588000FF0C05CEEFF906F6FC0114F9C8E5B3F7F5
:10589000E9F3EFF7020B03E6FAF109E402F7EEF998
:1058A000090504F8D2ED0010E9F8F8F7FDF90BF25C
:1058B000F8FD04F8FDF3FAEEFEF30206070F0CFE06
:1058C0003009FFFEFE03F41201E0FF05FD010AF3BB
:1058D000F509F1E909060903131E050409FE021181
:1058E00008150207FF0002EEFAFF180611FDF60781
:1058F000F8DEF90401F70D01F70803F6F70000EBF5
:10590000F9070B0F06F0E610EAD4F20204F7FAFFEB
:10591000050FFA0203FDFB0FFB00F6EF03E61AF694
:1059200019F8F8FDFA000806021002F8EF0AF70865
:105930000BF9090308FB1C0E0904F30B00F20A071C
:10594000FE1200FCEBFAFDFA0E0913010AE5F10B59
:10595000E902F9FB01E9FE09FBF5FDF3FCEAF7EBCF
:10596000FFFC02010EFAE20FF8E3F8F907F2FD0975
:10597000FDF9FB1A03FAFFEB05F8FFDCF31D0A063D
:10598000DBF1F80504FDFF19F40DF30A0404FAF83D
:1059900001F7F2F9061F0E08FD040F050502FE09C6
:1059A000020D020CDEFBF0E9F1F815E80FECFFF355
:1059B000F9F306F7F6FE00F504140E05F0FAFDE71C
:1059C000FFFF15F30FE3F241030403FEFFFD06CBD7
:1059D000030D05F0F7F406E9FB03ED42FED21EF8D5
:1059E000E41607FDF5F809E1050805FE04FD0806C3
:1059F000F3FE2D0AE2EBFBFFEA02F00303F40102DF
:105A00000522E8F7F2F60305F90704EEDAE8D716FF
:105A1000DBF8EAFDFDEFF60BF9F0FFF405F4F4F224
:105A200012F516EBC8EEED1DDFF501F9F80AF4F2F8
:105A3000FDED03F807FB02F4140804020B1000EF5D
:105A4000EAD5040406F7FEEFFDF70F150203EFF0A9
:105A50000803F61EFF2200FF12220DFC01FD080FB5
:105A6000FAF6071405F70AE9010A030AF420EFFF22
:105A7000F9080200FFFE09F3FC050CEE01F706F938
:105A80000901FD190803ED0C0B0B00F80BFD0BF1E0
:105A900006FB012702020DF7F60B13010AE21803B9
:105AA000EA1308F3F4F60AF3F402F203090602011A
:105AB0000B100FF0F8F20DFDFA43F80108EEFE0CA2
:105AC0000108F7EB0BFBFC1CFBF90901E90C0616BE
:105AD0001524FBFF06FC08F1FCF008F2FF0804089F
:105AE000FD0EF712F0F9FAE5F40708F701FAFDF9EF
:105AF00002040401EDFFFD03F30BF8F0F5EA1208D0
:105B00000D0C00F20B02FFED03F002F6FBF6F5FCC4
:105B1000F6EE21E3F7F9D8130207FF010BEFFD03BF
:105B20000206011C07FBFFF51305F8F4F7F9E31C67
:105B3000E005020005F9FA01F409FBFD12020C016F
:105B400000F70FF7020205F1F2FBFB08FEFEFDEE87
:105B500007F000F105080106FEFDED0BF9CDF01090
:105B600003FBF601FDE6F8E6F4FAF4DF0708F900B6
:105B7000F1000CE7E8DCDB28F6ECF8FE0BF8050F8B
:105B80000B0200DCFE07F8F3F41406FCD9E4E80687
:105B900004F6E40908FF13FDF413FCF508F2000114
:105BA0000902F6F4DCEA001A20D4190A0BF6F3F421
:105BB000F8F1FDF1EDFCFEE81302FD050B06FDF822
:105BC000DCB3170B07F9050A0710F8DDDF0AEFDE73
:105BD0001B0E321412EBF203E8C30BF8F9F005F6D2
:105BE000FA0B04E9D807EDDC18271FFA25D5D8F7FA
:105BF0000CDDF1100601F5EE0D340204EFE9FCE3D3
:105C00000A141EE8FAC2E917F13300F6FFF00AF1B0
:105C1000F3240309F20104F9FF08F61813F607113B
:105C200011260C06F9EB0410F609F2FADCFFFBF37F
:105C300008FF02F41700FB06F7EA04FF02F5090566
:105C40000AEDFDE3F604F8D80F0B0906F1E2E1F8DE
:105C500002F6EAEE0DFA0104010CF9FDFA04F1ED89
:105C60001218FC02F90FCFF907FE0EFDF70606F831
:105C70000A00F202F403FB02EB00DAF6070A35F73A
:105C8000C7EB1504FFFEEB1B0AEC02FA020C05EA57
:105C9000F3E918E6FC35F804CA020602FC01FFFD30
:105CA000FD00F40DE907F4EA201B02FCFB06E4E129
:105CB0000207F8FF0A0EFFFF00F7F81B180A01F7AA
:105CC000F3EDEBFFF72919042B0B130DF40D06EA86
:105CD00001F2F40AF2FD0803F9F5F00408FA17F9E5
:105CE0000513F2FFFAE7FD030515F5EEE906EE01EF
:105CF000FB09140BF3F4160EE2FFF702090CFC1279
:105D0000FCEB06F201F5F90400070BEF0810D0F2E6
:105D1000F5FDED030913000D02E9FA0B1307FA0470
:105D2000F4FDFCF9FD100EF5C6EBEB0205FBFEDD04
:105D3000F7F80E06F0FC07DAF8E4FAFCF5E6FA0CE0
:105D40002A26E803050D02F404F20D2312EE0206E2
:105D5000D8F0E601E714F503F419EEFD0A0CF82477
:105D60000C02090E2CEEFC18EDF2D5F716FE03FC22
:105D7000F5E712FAFA140204FCF30B0109F0FE1D18
:105D8000EAE219FA313CCD03F6D7E9F9F8F5FFEB71
:105D9000FA15FFFBF8F6F61E01FCE8DCE7C8B7F9D8
:105DA00006E1D50005081308EFFF01041C020936BF
:105DB0001B0C04EECECBE3F0050CF809010A092711
:105DC0000F3001F6040E0310131AF2D9DB0B1FFE7D
:105DD000E3DBFF021501FE2AFAF706020DE603FCDB
:105DE000E5E527D228F8FC22ECE5170305EBF7D30D
:105DF00009D40AFB0C0AF5EC10F60A000513E3FDC2
:105E0000F101EFFA15FF0929FD17E8FBE2EE06FFA5
:105E10000108DED606E612EEDECF1B0BFBF2F22007
:105E2000FAFDF7F0EC091CD0F7180BE8E0E8F0EC0D
:105E3000CEE105FB05DEFA14F9E8EFF308F119E409
:105E4000021011EFEAD4DA0F3A000F0A110E040E15
:105E500016DF0BFA08F100F41606E62C1C292EE8D2
:105E6000210014FC0DED01C30616F717090304F811
:105E700008E109093B061CE9F40423FD07E70CE1EE
:105E8000F9260F0DF20404EB0214FF2107CFF807E7
:105E9000E6F0F5EF09EAF9E9010DF7FAED07EED4BE
:105EA0000B0316F200C1DD3C01CA000C11F4041012
:105EB000F71DF803EF0D05EFF8F0F4F3EAF322F81D
:105EC0000FDA070709F9FDF3070CFA11FDF8FBE1FA
:105ED0001904FBE7EB0020040DC40604FB000A0ACA
:105EE000F50B0909F10003EF1CFE0AF3EEF8151596
:105EF000F1DC100201000F0604D703EAF60B0BE2F7
:105F00000F0DE324F6D104090E19FFFC02FDFEFC7F
:105F1000FBEFFBFE07F9F709ECF50710F2E81205B5
:105F20001F2AFBFEFCF3FBDF03FAEF05E701FEEFA0
:105F3000060E1323001CFC0D1137050C070901D6B2
:105F4000FCD01101EBFB04200FFAF30809F408124E
:105F50001F030DFE06F50BEA0BD2FDE10903F0135A
:105F6000F9EE0D41F21B0526F70C030BFCF5F500CD
:105F7000030AFFDBECFEF809F4FA16D1F7DDD00FC7
:105F8000F511E60307F104E7FF1BFBEAEC01F12939
:105F9000180C11FCEBF5F51B150DEBFFEA040DFCDD
:105FA0000602FDF3FB18FD2C06FEFFFB0A0EF702AE
:105FB0001309000C01F901ED041404EA06F4FD0BC9
:105FC000F7ED2115F2FA031ED1F5030807FAF510D3
:105FD000020500F700010408020108E0F7FDEB07E5
:105FE000D7DBF7031213FF1FFA0AFD05E702F9E0FA
:105FF000170601F9FD0CFD0004F6ECF8EFFDF614B0
:10600000F60B02FFF80801FD0AF102F11836EE0A5C
:10601000211111FEFDFBFEFEF9ECF3070A05F10369
:10602000FF030603053417E43012F6F7FEFE04F70B
:10603000FC0BF808FDFBFBE20C11F906FCF700096C
:106040001BEDF9FEF9E903F2F41DF7FE0DFCF90270
:106050000DFA1B0104110F1503DC0B0B00FDFD01F4
:106060000AFDF7EFF1F4F9F50808F30E0906020C42
:10607000F607FA0C0B00FA1BFFFCF9E8F7F8F6FE3E
:10608000FAFEE922FCECF318F9F7FFF708FBFAEA4D
:10609000021503FAEB07F2FBFEF90AEDFDDEFD1B2C
:1060A000F707EF02FCFD02FA0512FB00ED0400FB0E
:1060B00009010414F1D5EE1C16E5040604F2FA07F2
:1060C000FFE000ECFB0502F8101314F303FBFFE6FE
:1060D000FC0F150100FB071101DBFAE70702F3DEF5
:1060E000F905163CFA12DF08EBF3F703FEF4FBFEAA
:1060F0000DFEECEDE209FE02100608CAF8E0C50349
:1061000023FEEF0909E80CF2F601FDF2F2FCF702BA
:106110001408F1F4F9E1E9060CFFFDFB07F5FDE9D0
:10612000FEF609DFF8FAFD0904F10709E0F6F60BBF
:106130001E00FD070804F8F9F719FA0E060EF7F02D
:10614000EF020A1BFDF7EC0DFFE506FC0EF505124C
:10615000FD0005F7FB00FEF5070600EC0200E2FF7C
:10616000F202EAFC04FDFA18020CFD0DEEFFFA053E
:10617000050AF50128100AE80A10FEFFFC07FDF6E3
:10618000EE150305E2FC00F112FCE2022B04350FD0
:10619000100907F70200FFFFFA0708231816EC0999
:1061A000FCFFEE0409FF48F3EE1103FEFB06FE1BA5
:1061B0000211FDFB0C0304111007F7160C26F3F671
:1061C000ED0412F5010806FA05E505040102FE00DA
:1061D0000811FA0E071832EEFC150506F9FE01014A
:1061E000021EFC06F710FDF208F91CF10BEE00EEA2
:1061F0001020FA05FD000A0A0723030BF403F4F04C
:1062000011042CEBF0FDEEF4F5E3F60A0916F81391
:10621000031110FA1BFD09070F08F6FA0438F7F40A
:10622000F62906FE00FEFD0901E6FFE61208070F4B
:10623000FC100FFD03180AE4FA04060203FC020234
:10624000000EF9F8FEFBFAF808F90AFA0822FB0E2C
:10625000FC24FA0202060615090DFFF1FAFEF20708
:106260000201FACEE80A0205EFE407010205FE2A60
:1062700006FE0CF40AFD151BFDFFFFEEFF29E5ED00
:10628000EFF4000802FA060103FD00F801FB101DFF
:10629000111608090013EA05E10BFD09FD06F9E8EE
:1062A0000BEB020B090005F712F002071D190003A2
:1062B000FF05FB08FFFD0519FA03FE141DFBFF0691
:1062C00003F6FDF3102111D9E5F40E0B0AFEFB10C5
:1062D000020A10EA0FFC07FDF0F814F1ECF8D3F80D
:1062E000DFEF0701F5F6FE100DED04F30801F711DD
:1062F000FB1401E1F8FAB420E7F9FAFBFC02F9011A
:1063000002DC1AE21AFEFE01F6050A0DF6DFFEF4C3
:10631000FFFDEF010109F9FAEE02FDF20AF50F0D9A
:10632000FF0F07FC04F6FEEBE8E301F1FFFEF9FACC
:10633000F72BFA06EDF509F6FEF7FEFAEEC619F7A9
:10634000D4E7F8F5F7FFF800F0FCFFDE2006080EB2
:10635000FDF3FAEAE7D3E4F8DBEAF8FAF50AFE1E01
:10636000F7D8050DF1001303FAFAFDF9F023ECFC60
:1063700000D7E4F2FDFCFD0706DBF8F8EDF503EFCE
:10638000190D0BE3FCECF3D115EDFE0006FF13EC49
:1063900007E7F60F07FB03FBF001F604F2F9231001
:1063A0000ABE16F705F6F2D8EDE7FCFDFDF9F9F1A6
:1063B000F9F9F81008EF19131EDF13FFF8FA0BDCD8
:1063C000FFDD1903EEF700F0FCF919E6FDBD14102E
:1063D00010DB0E03F602010606FCFAFB03F50DFFC7
:1063E00009F608F3F2E70F1D04290A07FD0000E093
:1063F000050DF90FF40001FDDC02FB1C07C6E8FAED
:106400002816F8000301F8C8080AFBFFFEFDFC0887
:106410000CE3F917EBF7F618290AFEF5FE01F9C6A9
:10642000141204EFF702ECFEFE010F19FD040A112D
:106430004F18FBF40DF70AF0FE370705090302F1C8
:10644000ECFD0DFEDADF0513DCFA010402FE030E9B
:10645000FD19F1140209F21BE8FC19CDF5EEDA077B
:1064600012E6E5070302FFF900F1FCEAF801F8FD86
:106470000803EAEF021BFD0528FB00F0F6050907FB
:10648000FA06F7E00204FEF613EAF31AFF2607DF26
:1064900033192AF4F10D0900FD03F4FB071EEA127B
:1064A000FA00D827F22A13C30CFCF5F7030A07FFFA
:1064B000F61CFCF2F7FEFEFF0AFF0707F0090201D7
:1064C000ED0F0908060800FD001E02FB01F2FEF2B6
:1064D000FC03F7FEEA0AEA001E030108FC0BFAF5CA
:1064E000F8F308F809F9F60701F8E2EAEF0BE1061C
:1064F00005FB0509FD04F31000E2FFFBFC07F7FDB7
:106500000302F8190004F8FE101BFD07FAF9F4FD68
:10651000FA0906FEFCF4F8040F03FBF8FA09E7F7A2
:106520000018FC0CFCF9F4ECFF0710F813FA080A49
:1065300008FEFAFAF6F4EA060CFF0402040603F772
:1065400004F806060805FE0DEC0DFAF001F605EF5D
:1065500001100CEF01FFFF10010BFA0C0D0E02FAF7
:10656000F3020117050EF4FE02F6F9FC01FC05FD2D
:10657000F82603EBFD01FCFCFC0A1AE5FBF9A90374
:106580001817F60E03FFFCF6060A0704FA1605E9CB
:106590000D0DFDECF8F1EFFE0819F4000106FD0CFD
:1065A00000070704FC0501F1F4F9F5140D05180ABC
:1065B00005F90C02FA05FA00FB06030B09000700B7
:1065C0000C1703FBEDF60AF808F508080000010DAA
:1065D000FC1303EBF105FDEB1B0B12D3FF0DCDF705
:1065E00033E809F9F709FCF9FEE00C0C0AFDF8F8AC
:1065F0000005F3E603FC1AE0100012F400050ADAC5
:1066000000F10310FBFBFC040102E90D1DF12CD28B
:10661000040312040502FFEE01F304FFFBFF03F283
:10662000FA07021104F3231619F5FD07FC0510F40F
:106630000917FA03FDFEFFEE0C09F00BFCEBE90B6A
:10664000FCECFBFDF9F4FBD20923F2E7E0F308EBE5
:106650000501190BF6EBEC271DDF03FD0DFB0BED20
:10666000FC15FEE8FBFBF9FFFC11F202E811F01744
:10667000FB00010A0DFA0618FB02FAE5080101F514
:106680000602E71D0100F60EFBD301F9F9FD01E654
:10669000F91EFEF3E402FDF3100107F504DCD31349
:1066A0001822E601F7F201D5002BE9F4EDF9EFFF2E
:1066B00015FD08FFF9CEF91B161B0A0008010B0196
:1066C000F5EA04F2F600F204F70401E9E6090B0723
:1066D000F6FA23080108FF2608E3F8ED06F301F1B6
:1066E000020FF712F82AE2E600E7090B05F70008A7
:1066F000F00CEDDEECF4FCE3270A0FDE02FABC0E30
:10670000FE02F90402F4F6FC08F104EF030DFDF1BA
:10671000FFFA02EF02E1FE091B050A07FF0A06E481
:10672000F90303FC0C0A01FFEE03070CE1110EF163
:10673000070B06FD020202FFF811F7FF08FC040B2D
:10674000FD03110708E1D3E9F6EF08030D00072167
:1067500001E9F50101FA02EA110DFCE30609FF0760
:10676000DFF4F605F7040D0107F8FC200F01FBFB31
:10677000FEFBFDFD10050AF2130AFEF5F909FFE024
:10678000F70B02F8F811FCF8FCFF02FB06FD12F310
:1067900011FF04FF0DFAFDEA031CFA00F70002F5F1
:1067A000FC02F9FD08EA0C07EE07FD0005FCFFEE10
:1067B00000170209F8FA0AFDF7040114F1EB0410BE
:1067C000F635F6FBFB090CF7FFF40318030C090C74
:1067D000E6EED30AEEF71B060C4AF4F60409FD0AAE
:1067E00004ED13FD140C0924E4EED5FEF93011EA92
:1067F000E9E80A06F4FB0720FFD80CED0BF50A19AF
:10680000EDF4090A2016CDEFF903FAF3FB02FFEECF
:10681000FE0401EBF910F918FCF81305F2F6E60591
:10682000EF16EF020110FEF000FA0EDC10FE051468
:10683000FC08E008E0101A011AD709010409F41550
:10684000FE0C0306FF0A09FFF91115FAFBE31CF51C
:10685000FCEE0F0100FC010F010CFF0B09F70CE12E
:1068600001012EE721D9EB01FEFCF811FDFF02FE2C
:1068700007F9F1FD100200FAFEFA04F2FC05E70E3A
:106880000807F6F3F001FCF906FFFF17F807FFFC15
:10689000FA02F2FC16E315FAF9EE13FD03F501E82E
:1068A000F71FE6F9E60902FDFDFDEDFCF2DBF6015E
:1068B00014FF0006070200FD061B02F5E80AFBF5BF
:1068C000140F1FF6DDD3EF20E0F5FF090A05F705E9
:1068D000F713FD08FC0406FFFEFE03E501FA01F8CC
:1068E000DE01F9F1F00101E6F9F40600F106FF021C
:1068F000FAF5FE000E0E07EF0606EB08F603FEF0B3
:10690000F90DF60AF0FCFC0115F8E1FEFDF6120C9B
:10691000080CFFFCFCFA0902FDF906F8F903F9F18D
:1069200003FFF7FAFBEA051613EBE915000406FB73
:10693000FBE402190A0E010AF402FBE40A042BFE2E
:106940001530F50704F6FBF318FB001D310208149F
:10695000ECE6E9F50EFAF6FB20091902FE01F8FD56
:106960000100000312EBFFFFEAF0DB06FE100BEE66
:10697000FD03F9FE08FE02F6FCEEF51CF3FEFFFC3B
:10698000F4F9F900E9032EFCFB05F702F9ECEE0E31
:10699000FC11F5FAF50B01FFE9EB01CBF6CF080D81
:1069A000150DE4F80213FD15FC14F30FF0EE080FBB
:1069B00000F916E3CFDAD21D0731F8FB0303FF021B
:1069C000F91AEF07FC1101010212EAF7FE06EE02C6
:1069D000F111FFF60CF209EEFDFC0C18E8FB0611B4
:1069E000EAF114F91FFB13F9F3DC03F50605FDE2E8
:1069F00007DA0610EE1209FAF1F206F8FCE81AFDC1
:106A00000EF000FCFF0E01FF0015FD15E5F3F9F790
:106A1000F1FAD1D10A1914E900EC13060C0CFE2B83
:106A20000BE3F4FB07F8F711FDFD05E5FA19010C7E
:106A3000CFE71C0205F6F8F80CE1F7E30702FD14B6
:106A400001F6F706F502E7F8440EDD02F1060EC284
:106A500009D90D0316FD040602E5F53FFFF753FEC5
:106A6000341F0B01090601EDF3E4FFE61EFE17FBE0
:106A7000E7E9EA3FF0232EF417141DEF0BF305CEE0
:106A8000071B0011FDFD1F05F701F5FC17F9EB0EC3
:106A9000DDECFD09FFF408FD0D15F31904F90AE812
:106AA000FEF916F305CFCE053F030CF6F5FA07EC19
:106AB000F9C81AFE09FA09F10C02F11D22103FE98A
:106AC00017F80C0605060C1AFBE7FF05E7EE06E6CD
:106AD000FEF5E921FFF221EAF9D60107030303F7E6
:106AE00001FFEC01F802FCF105FAF5FF0EBFECFC2A
:106AF000FDD7F7EB1304FC00FD06060AF0F7FD01D5
:106B0000F7F01003220BE110F5110507FBE9F80D72
:106B100009EAF024FD010209FAEF0EF1FFD1FA01B2
:106B2000144AEF0700060AFFF22C0123FF030C0FA3
:106B3000FAFFFE00F30DE308EC48EEECFB06F71B52
:106B400007080FF6200BFB0C13FBEDF0F32B100ED8
:106B5000F22001F2FB14FDE9F6E7F719FE0EF1133E
:106B600002EEDD03CC0B35F9FF06F0F1FD03F9E68B
:106B700001E8FD15F402F20EFEECE53F12FD2F1CBC
:106B800023ED01F9F1FD030D02CEFBF3FDF00EF94B
:106B9000F8FAF81EF5EA06F4E9D805FEF5170B0B2E
:106BA000FFCA03F414E40E02EAEA02EC071925EF27
:106BB000C2F5F813030311F30FFA000103FC0603F7
:106BC000F1FD09121203E6DD0603FCEBFF05FDFBF8
:106BD00004F10FF7F9F50F19E9EDF122EFC71606E9
:106BE00019FBFB03F8FCF7F1FE000FFA1D0B07146D
:106BF000F6F9D30C1FEAE60006FCF8FAFC00EFED0C
:106C00000729FE13EE01011AE8070425FAF5EFFC47
:106C100016DB030107E001E4F909FDF8F6FC03F8CF
:106C2000E6F8F5F1EFC6E1F80EF905F706FAEFE33D
:106C3000071CF3E7DF0EFEE7F800FF11E9E40D03A0
:106C4000F010FC020707000605E90D04F90410FA2C
:106C5000F0FE0A1AFCF0DFFCC8CF0A11FC02FF2488
:106C600006E60606F6F10DF8EC0F12FD130807EE26
:106C7000D1D1E605FDF9F832010AF9E7FEE9FDFE9A
:106C8000FF0B21F127E4AEDE0C1D0609FE08F1D34F
:106C90000205F1E40206FCF6FFFEF90DF8F5F71225
:106CA0001DE709FBF401F8F2030C04EE03F7F60606
:106CB000FCFEDEEAFF0E09EF04B22505FD02FFF23D
:106CC00007F512F5F0FBFED8F20C26F109CA07FB16
:106CD000FEBA010112E90223031FFF01F6F8FEDBF1
:106CE0001C1625EC19E4DAF4F2100201F60E02008B
:106CF000000F0A0700FAFD05F1010717F3FAF5F88E
:106D0000270DFF0BFF08FFDAFBFDF606030AFB1059
:106D100005F7DBF0101134EA180125FE09F0F9F24D
:106D200002190C0DF3F9F9E8F50102ECF104FD018B
:106D30002403F9F803DFF6FCFC17F611E6F1F4D8AA
:106D400008FA0CD5FCDEF4F619F8F608030C081E58
:106D5000FF0DF212F2FA08FD000800EB101109090C
:106D6000E70B040BFD09FFE501EE0011E80EF8FE4C
:106D700009F8DB23200F30ED0F260BFC0808FAEB97
:106D80000D1D07EEF6F900FEF7FAF80A0426E1F603
:106D9000070FF1070B0D021DFDF20A111105FA068E
:106DA0000E06E80DFC1CF5D82315FFFFF9FD0ADAE5
:106DB000FC23F50AEF0AFFE7E9F0FB13DCD9D61E46
:106DC0004956E4F1FF0801EBFE0CFC160518FCFD2A
:106DD000DBF9CFF8E7FBEB053E1B0501F60906F5ED
:106DE000FE06061213F51417F4F9D110EFF0E2F8CD
:106DF000F6C908EAFB0107F9FEDF00FBF6ECF0F745
:106E0000EEEDDB1B10F7EEF3EBDEFF0BFFFAFFFC02
:106E1000F7F003EC1C06F6FFF5F1E9D2DE0FE20114
:106E2000F5C7E0F7F71500EF09F409100F020001AC
:106E3000FE04D3E8D3102EEE06F00205F4FFFB1992
:106E4000F30D0021F4080C04F7F500D61DE00FE364
:106E5000F8D6FA0E07020114FCE5FDE1FFE511DDAD
:106E6000FFF22EF526D7D90AECE9FAFFF60A080058
:106E7000FBD60BF9060002EB1AF1F3E608230AE74A
:106E8000EFF0FAF9FCFFFEE005EBFD01F50D0FE375
:106E9000EF0AE5F41AD536CDE40A11FC02F703290E
:106EA000FD0DF704E1FDF0F7F1F8F0F2F5E4F5E798
:106EB00006F9FE01FFEBF400F700EFD2DDF9F5E48F
:106EC000170F1CE1FFD5F94202EDF1FC04F0FBFCC9
:106ED000F6031912230902FF1105F8FFF6EB32FC45
:106EE0000603ED04080001F8F6F202F309EC05F9D7
:106EF000EFFBE427EB0A25E505F41602FAFB0AEBA3
:106F0000FA08FBF7F3FFF6060D1217E7F1EFC90DCC
:106F10000109F1F5FBE70E3D02F2FEE602FFFEE895
:106F200015EE19E9E803E008F8E3FFF9FAF4FB14B9
:106F300001F4F9F70F1302070002FCE20A0203E56D
:106F400000040507000C040C02FC0B11F7F403EE1F
:106F5000FA0304EDFFF2FCFA2CECFDFE020301D172
:106F6000FC0C02F8FAEFFDFA07F9EFE0DFCBFC0DBD
:106F7000110F22EC030404D806170410FB0DF706CA
:106F8000FBE7EC07F4FC1305DE010EF6040907131A
:106F90000CEAF610EF0511EEFBF506FD11F317F9FB
:106FA0000504EAFCF902030EF815F512050605FEC4
:106FB0000DEF15EA11EEE3040030F2FAFE0B05F4D2
:106FC0000B28FA110A0EF025F405C6FAEB2AF51D76
:106FD0001D350B14FC15FDE303F603280F09F23EE3
:106FE000E8F5BD0FE31F20E314F60300FF02FEECFB
:106FF00009E304FC01EFF8F3060B1C2A121303F05B
:10700000F0050C060F130B10F201F8F60903F8E770
:10701000F7FC1023F7FCF5F7EB0DEB0AFE0F041855
:107020000BCE10F533FF0313E702F1F50627FA0044
:10703000DFF5030F0504F1F8FDEE0B00FBF0071977
:10704000EF120706240BC0DF1B1FFFF003FCF6093D
:1070500006ECFBE701F10D060501E910F7FBFC0169
:107060003B040E08F2120502090500171FF405E99A
:10707000FFEAD60BFFFD00F00EED0FF4090BFDE962
:1070800002240041F00111F5DF090D122DD91BD4A6
:1070900016E209FAFAF0F9F9F61BFEFDEDF8FCD953
:1070A000F30402F810BCE61AFBDF12FEF30406F349
:1070B000FFF1F9F0F003F8E80AFB1104F501D61727
:1070C00005F90204FC03FEFA072403F8020101E9B2
:1070D000080400FDF8F4FF01FD0DFD01011504F8A1
:1070E0000F15FC0807FEF6EF090BF2EEF2F6F9FABF
:1070F00018D91A0204F9F0F7000D0501FD08FE1079
:10710000F0ED03E9F9FD0C14EA111C0303FDF90E7F
:10711000060A0BEC060EEB0606F7FFFF08FFE30E70
:10712000F521F6FFFCFDF90CFFF006F91308F20655
:107130000B0905FAFAF9EEEF05040101FD03F8EB7E
:10714000EEFD07F5FA0A02010A1600F50EFFFDFA38
:10715000F803FE0BFE05F2F3EB16EBFF0F0207F749
:1071600001FC0FFAF2FC060D00F212FA01F108F828
:1071700001FF05F60B040C00FCFA21FEFA02F309EC
:10718000F7FCF1FC11050E13FD0202FCF902F4F804
:10719000F001FFF4F9F4E8F1D8FCF010FC02020968
:1071A0000705020CF4FAF6EC0307FD0007FFEB02FB
:1071B000F7ECFC0E0700FF10FEFF0B05FA07F1FBD2
:1071C000FBFC0503FC09EA14DF170DFBFD0305EAD0
:1071D000F0F306F0EB0800F0F4F7FFEFFBF9EE0434
:1071E000E7010205FBFC080BFD0A0EF0F3F205E3D4
:1071F0000208FFE3F20CE601F4050100F005080BBC
:107200000ADC0003F1FBFEF1061906FA1303FA0784
:10721000F2FD0404000701FA01ED09FFFAFA0EFD80
:10722000FD1118F916F5ECFBD808FBFC0AFCFBFA7B
:10723000022BFE000705FB09E80724F1DFEEE91049
:10724000F321FF0E01FEFB06FB0502F30312F60716
:10725000FC0323E9D7F3DE101D200A06010B070308
:1072600009E90EE6FD0D070AF311100311DAEEE746
:10727000E8C71005FFFBFB07F3010DF30200030352
:10728000FC14050901ECE6CC0ACB03F80A07F1FD72
:10729000F7FFFFF6000905F809050723EE24E708C4
:1072A000DCCB00EBFF0E040402E80C0121F5FEF834
:1072B000F1F2D3F2143019F6FE060D06030503FAB7
:1072C000FDF9050AFE0206E4E40C18F011E2E4EF11
:1072D0001622F306F302FCF2F51BFE0FFB0607E590
:1072E0002AFC38EC2BDE02F20316F1080708FAFB41
:1072F000F422180B15F903F4F3FDF70FEDF6E8FD92
:107300001CFF04FB040B00DC05190A0AFB06FBF654
:10731000F7FE0D09170603031BF4F705F5F9FFFE49
:10732000031AF70ED6F603F9EAFEEEF90906F2EBB8
:1073300023F5F100FD03FE08F8F40FF7EB06F4EA7D
:107340001FF706BCEE13363109FAFB03F903020BF3
:10735000FC2C051A0302FF050B1702E70300E80BDC
:1073600001F10B0EFD030AF609120A08F9FFF9F004
:10737000F7000FE9E60A1BF302F007060CFD05FC17
:1073800003D1F8FEFD05FDF517090CEB072DF2F210
:1073900017141406FA01FC3E0BE602051811060D3F
:1073A000FDF5FC1D014B16DAE2D8FAFCFFF6F7FEFC
:1073B000030201F6F8F504E3FCFC0CF5E9FF00011B
:1073C000FBF8F206F4F8FE1504F8F70D02F7F9E001
:1073D000220305E9FF05050E00C7EB0E04FBFFFACB
:1073E000FF0B01F1E60101DC1B1306030ED9F91BAB
:1073F00007DC0B0105F3FEF006F6FAF8F103FEE9EF
:107400001301F00DE9E60815FA030FF0F1F906F0A3
:1074100002EDFBF6F6F5FDF9EE040DD900E3110AD5
:10742000FB0505FB0CFC0AF9FF19F4EDF104FEF76E
:10743000FBFE12FDEFD5F31E0D4C020500F702E135
:107440000B04F70B01F9FCFA14FDEBF707EBE8046A
:107450001318F9FF0EF1FEDDFEF0F5E6FC07F6FC71
:10746000F6F11133F20DE628F50600F903F104F9FF
:1074700003FCEDFCF7FCF5FBF6F611FCFBE6E10B7B
:10748000EF12FE03FEFBFB07083100FCEA04FB02DF
:10749000F80F1E0B09E8E0FE0E00F302EEFEFDF110
:1074A00003E8EF05F70CF00F05FF04F0F9F3100205
:1074B00011FE13F6F0F500FFE81104FB0509FB0BC4
:1074C000F2F50D0EF9ED1BFEFBFCFC0BFE02FBE9D9
:1074D000FD0BF500FCF9FF04FA0408F108FAEEFBD5
:1074E000F7F30106FBFA081A0217F811E708F7F894
:1074F00012FD0AFE050810FAFC11EEF6FC0D050E51
:10750000F4F8F614F704F9F60CF703F5072B342119
:10751000100F02FF0109F4F3FCF3F3FAFE04F8FB89
:10752000FB0BF807100D24E916FEFE0203F400F130
:1075300005E107F50303F7F903FCFF0004F1DF0A97
:10754000EEE40E0111F5F80B020EFCE8FD03061245
:1075500004FE0B0CF6FCC50DEAFC0403070C0F0C33
:10756000000CF7F70604F805FB0CF63003FFF10DED
:10757000073FEA05F9FF0807FAFCFB140504F21BB4
:10758000FFFCFE0EF81826F80320080C030401ED9A
:10759000FBFD1BFE0808FCF80907060FFAE8E606E3
:1075A0000B1811FB03F5FDF3081A02EAF707F1F2D5
:1075B000F9060F1EEFEEDE0701EF01FB0CFE0407DC
:1075C00007FE050602F2F3FD0C1B11E7F00524F699
:1075D000EDF7F6FD01F9FD1EF7060601FAF80117B1
:1075E000F80E0D0CE9FC151009040CFA03FA03EC73
:1075F00003F7FF01FC06FAFE051610ED00E7DD18A3
:107600000BF50B02F5010E0507190B06F4FD07FA41
:10761000F412F3F4F8E6F10405ECF80302F502E7DE
:10762000F7080CEAF90405F001FEFDEB0DDA190983
:10763000F7ECFEF80A0E04FC0317EF04F0FD06F663
:10764000FC0911F5F5EAE91CFC020DF7E808011345
:10765000FCFEF901EB01F912171416F5050FF7FE00
:107660001200FE0406FAFE03F1090206FFFFF7EC22
:107670000B0107FA2FF016F5FD090AF9FEFC0FEBD6
:10768000001401F8FDFFF5DF0807F7FC3CD3200BE1
:10769000F4EDF7FD0AF908F9FAF9EEF2FBF8FDE767
:1076A000F2F116F4FCE0EC1DD7DB01FB09F1F50C5F
:1076B000FE0A05F5FE0DF209F50A14F2F506C7F803
:1076C000FF09FC0FF90AFCF704F90EEFFE0BFD00B1
:1076D0000205FE110407EB011C4003F8030D02CC68
:1076E000021A09F6F50802FB0A00E6FECFFB0F0CB2
:1076F0000F1707FC060E06F0FF00071E0CFDFE0824
:10770000FFF0D5E0D81055EFFDCC020405FC0318BE
:10771000F7F70A05FBF303F1F8FD0104FE20EFF390
:10772000F413FAF80207F60001F612FF1F0203F540
:107730000009F511060CEAEFFE110200F510FFEB4F
:10774000FFED080D17FFF232F3FBF11A03060CE50B
:107750000C3106F5001003EEFAF8F80A14060C36A0
:10776000F004E1ECE60738FC03FDFBEF0D02070532
:10777000EF0DFCEE05F70601F5FF15F902F5F9F836
:10778000D609F700F306F9F906050510F20B03F127
:10779000FA06E5EDF4FAD5E8EC0FECFFF703080D77
:1077A000F7EF0B0D16030CFB03010504060600039F
:1077B0000EE8FF0503FB030C03D808F4FBFD04F6F9
:1077C00000FAFB080A02F3E81A0AFF01FAF4FC0DBA
:1077D0000207FEF30FFD03F8FAF5FFF3FA0DE5F7E4
:1077E0002BE8FB04FD1A080AFDFA100305F801E670
:1077F0000D03DBEDF7FBFDF40AFB0EF3FE00FCECE2
:1078000006F8080BFFFF0505EB0104FA38E8ECF079
:1078100009F6F9FF0AFE0AF6FBF202F9F4F112FB8F
:1078200001FE240012F7D1FF0DF0FF03070D020C3B
:10783000FEFFF3F6F3FE0B08EEFA04E8FFF107F99A
:1078400001DE0D030007051701F2F9F2FFEDF8FA6A
:107850000A00F4FD07F3F3EDC6D2FB0BFDFC07F5C0
:10786000FFEEF8F601F6FAE90AFA2711FEE304F54D
:10787000FFFC06F90600FB00021F0C18F70BF7FDD2
:107880000AFA09F7F3FC02FB0D0A090512FA09FED0
:10789000FC04FEF7F40207F1F80410210605F202D9
:1078A00007171503FFFEF709FEF9F80F06FB03F9AA
:1078B00006FAE40E1F08F4ECF5F8020502FF03F7E0
:1078C000F8F8FB090EEC00F6F9EA031AF905F6EFF1
:1078D0000DFFF1FF0604FDECFA0703ECF2020218BB
:1078E0000505F9F0E8F335F80B0905FC0802F90382
:1078F00001010307FBFB000B000D01020C000DF65C
:107900000E08FA0EFD0F060BF6EF000610F5FB0B46
:1079100001EBEAE707271402F70108FD1006F5F06E
:1079200007F3FBFCF201F60105F8EBEBF41404019C
:10793000E50800FBFD0601F1FBE4020F00F2FCF696
:10794000F606F7FA051C01ED0906F90D09100411F8
:1079500006ECF6FF0DF9FF0EF9EF020BFDFE30F716
:1079600000160003FE0402FAFA0C08FB150108FFDA
:1079700009FFF6000DE61C0DF5030A03FDF906E309
:10798000FB0AF30709F70617F4EF0AF2FEFEE81107
:10799000FF10F404FFFF05F4F8F4F8FA00F6F30E14
:1079A000F004FCF5D714FD02170B170A0B0202F1C5
:1079B000F7F7FFEBF5F7FDFA2410012207F60E00AA
:1079C000D7FB13F603FBFA15FD0D0017FBFFFFFABB
:1079D0000601FC14F806FFE6E6BD0E02EEFC0115FA
:1079E00006FE0100E2F203041B131BFB16DC03017D
:1079F000F3E3F40505FC050D020800F3050D02098B
:107A0000070722E8E2FBF3EE2942010407FEFF0428
:107A1000F8F2FA1F040EF21600040B1109120EFA06
:107A200022F518FF10FEF612FDF1FB00EBF504083D
:107A3000F5FB1E15FB0C0FF2EB260FFC01FFFAE520
:107A4000FC0205F2E80108FF0D000A1013DE09FE32
:107A5000101800F6F9FC01F20A1508100802021EBF
:107A60000400E10AE306040F0119FD0DFFF7FBFA1C
:107A7000F703E9E1FD070510F4F7152407DC031609
:107A80001416FEF608FAFCF6FC33F90401F8FC08BB
:107A9000F603F0FF00F6DF1B1EF7F4FF09F9F8F319
:107AA000FF01FE04F600F2010800F4FCFEFCF715ED
:107AB0000FF60205F80B11FB0307F301000B02019F
:107AC00001F302F2F90E34E7E906FD05FF0605FBB6
:107AD000FF32F601F606FE02F30B2FECF202D004A1
:107AE000F4E3F20202FFFAFF08F405F2E8FDF7EA18
:107AF000050BEAE8F7E5F7FEF70204F60A1A05F8BF
:107B000004E4FE04100300F3F1F40105052206F578
:107B10001B0901FD011007F6F70202F20F06091C0E
:107B2000F9FB010D0B3727F713FA03FC03FD0602DF
:107B300001F9051208FF09FDF7000BEE00E81E0130
:107B4000E3FAE708F2EBF81DFC1BF5F70811FB065A
:107B5000FF00DA16031C2AEEC7E0F2F5F600F00784
:107B6000FCCEFEF805030E030C0FDD0C1514F5F525
:107B7000E9BADDFD040A011E0BEE05EBE4F4FCF7A7
:107B80000001D8FAED0AEE06040DFFF0FC0904D559
:107B900003140420F000EEE6F3F2F9F8FDB5271225
:107BA0002DFE0003ECF109180AF3FC05F202F2F2D3
:107BB00012F7E112FBF30A1B11ED1BF00FF7F405AE
:107BC00001D6FEE41AFAF7F4FEFDF1E5F6E927DE48
:107BD000DDA311F9FCF9F61B0DD00008FF020C061D
:107BE0000405141CF2FF18D607FD1004010006C29C
:107BF00004BEF3F1E80A0A0B0400E619FFEE05EFF4
:107C0000E616180B020405FA02E70B1D0BEE0D1F1A
:107C1000E6E7F011F8FF01FD14F718F4FF0F02ED8D
:107C20000CE6F7E2F3140610161B0608F811E8FF3D
:107C3000F2FB02F5FB00FBF4F914FE02050B00DC7D
:107C4000E6F90D23F3F8FD08FE14F2E8F709000841
:107C50000BDEFE1E0409F814FE01D72B221B05EED5
:107C60000124F3FB07F301E0F507F80CF50C091507
:107C70000109F9363DF426FCFD0D09F5FC0EFFEF78
:107C8000F3FF060AFF050AF70BECEB0F4C3323F565
:107C9000012403FDFC01FCFFFF08041E0C04F4FAA0
:107CA000FAF40517323A1BCCDBFCFE02FC09FAEEB3
:107CB000FD1F090CF7070303F5081A0800F4FE126C
:107CC000042EF6FFF60F0B00FB08FDF9F4110D1C56
:107CD000E7FEECF2EFFCF6FA1709FBFDF11308F0F2
:107CE00002F90B060703F907F100F908FA09FDF795
:107CF000F3E80B0B0102021405F0FBF700FC06038E
:107D0000F601F116F30CF9F4EBD102FF07FE0908B6
:107D100003FEFCF50509060807FCFEE8EE0CF2047C
:107D20000AB0020BFB0AFF0A01EB07E718FDFF048C
:107D30000FFCE5EAEC2AFFED0EE41106060AFB054E
:107D400000160B11FC030AFAEB08030314E3FAF321
:107D50000C1DFDFE01F4FA0F0709FE0D05F509FFE4
:107D60000205090024EBFDE70AFDF8010305F71001
:107D700004E0031422050CE70BF7E807062CFAFFD2
:107D8000E10B0405F8050707FB03020F2100FB02C6
:107D9000F702FDEF131C01EEEA13FD06F9F7FB00F5
:107DA0000017F813F6F70200EC02F9F312EA09F7EC
:107DB00008F9F9F6F401FF06F6FB0C00F8F2FC08EE
:107DC000060000DAFBE90127F30FFCFD01F807F4D8
:107DD000041E0DEE03F913F9F10CEB05F8EAFEF5BC
:107DE000D8FD0AEFFDF503E6FB0702F904FE0F0BD1
:107DF000EB0A14FDE3F1E500EC02F010F807FD1AC0
:107E0000FFFDFF0101FB0302040300EDE2D6F1F6E2
:107E1000E0F8E6FD02FB0B110208FBEDFC04FBF2AF
:107E20000C020EEACD01FA1912FAFFFE00FE02FE64
:107E300000FCFE02FEFAFFFA04FE0303FDFF02FF50
:107E4000FDFDFB04FE0102FB00FFFF020100FE0638
:107E500004FF02FBFAFFFE04F4FE01FC020305022C
:107E6000FFF7FC0105FF02050103FF00FE01FE0014
:107E7000FAFF03FF01040002FD0000FD0408FA02FE
:107E800000FCF803FCFDFFFBF9F3040204FBFEFE1B
:107E90000001FE01FF0401040301FCFEFFFE0101DD
:107EA00008F4F4FFFDFCFE00FDFE010001FEFE02F1
:107EB000FFFEFCFE01FBFEFC03FAFE04FFF7FFFFE2
:107EC000FEFCFE0301030302FEFEFC00FCFF04FFB8
:107ED0000007FF04FC0401F900FD0103FA0202FFA0
:107EE00004F902FD02FCFE000800FBFFFF0006FC97
:107EF000FFFCFD0100FB01FAFD01FC03FFFFFA019D
:107F0000F0FDFD0004FFFCFDFDFD03FAFD03F7FCA1
:107F10000003030000020400F600000001FDFCFD68
:107F2000040302FF01FCFC05FD00FF00FBF8FCFE62
:107F300004030403F902FF02FD020306FE01030627
:107F4000F700FEFFFAFB03FBF809FC00FF02FF014C
:107F500001FFF9FE020200FAFAFDFE0303FEFB0038
:107F600003000202FBFD0105040300FF000106FF00
:107F700000FD05FE00FF0301F804FFFAFE04FCFE0D
:107F800000FD0001FEFC0203FBFCFF05FE04FFFAFE
:107F900003FEFBFC05000300FC00F701020302FAEC
:107FA000FE0000FFFEFFFAFFCD02F5FFFC080C14F7
:107FB000FCF211FD1504F315F408F6E90E1A0DE7AD
:107FC000E8E4EF0B0802080401F1FA111EFF10119A
:107FD000F906F217FB262BFE1D350C11F906FA0ADD
:107FE000F1EF01E703E4FDF903FEF4FC0426FCEDE8
:107FF0000003FDFA07000AFB080AEEEDFBFB00EFA9
:108000000D100E0B0AF6E5FD06B90DEBF2F60003B6
:1080100003050001EFFB1DFAF20B1C09FCFA17F631
:10802000F8F20DFA04F404FA09FFFEFEF800081154
:10803000000C121207D5E201EFE6FF0508F6011366
:10804000F60EFBDD06FA1313F6F50F0700EEF92620
:10805000ED0A0D0DF404FCF1FEFD00F1000E040F1D
:10806000070CDE11060AFBF40E02F30B07F905F606
:108070000F11F805F0F5FC060606F803E8EE170503
:1080800015FA17FF00070DEFFEF8F7F105F8FCFFF2
:108090000B090816F402CC2F0AFF05F6010907E4C4
:1080A000F1FC11FF080904EA16FDF12AFCFAF00CB4
:1080B0001B0FFDFDFDFCF4FFF8FF09FA04FA0B02AB
:1080C000FBEDEEFE1F0413F5C40EFEFC0D00EFDD0C
:1080D0000117FAED0BFC0009F1FB1211F0C9E6F6ED
:1080E000D807060A0DF310EA0805FEF10906F52780
:1080F000050C1AD6E5E7C41EEFF9DE02F3FA070E07
:10810000F5F500EC18F8F00A05F3FA0FCFE4F30EDA
:1081100014F4EEF402FDF6F2F2F007EC07F2FB23A2
:1081200001FBF0EDDBF4231200BB0E0AF302FBFCB3
:10813000FACB07E0E50505E505011BF60800F705A4
:10814000D9C70AF600E7030605EF16D5CF0801EAFE
:10815000021B330E11E2FCE6BABEFA15F900F6195D
:10816000F8EAFCF7D8000CF1061F16051FD5F9F048
:10817000F8DBD6FAFDF00E02071506F8FEF905F356
:1081800016150DDA14D9E3F402F409090EF5F8FA1C
:1081900001020DF7FBFDFCF9FCF81A3F110001028A
:1081A000FEF20DF2FAFE01F007EA05F6F7F4FCF72D
:1081B00013FCF8204416F6F5F0CB0704F8F7F9EEB7
:1081C00001F006CEF7ECF8E6F8F0110A01F1DEF264
:1081D000F1CEFFFCF1FA00F6FD05FEF6E8FE07F031
:1081E00001F7FCD50D01DCED1802FB0D100BF80CAE
:1081F0000013FF0FE80F142AF90BF20308F0EEEF5B
:108200001606EF0BF21112FDFD000FF72EF6F31913
:108210000C01E7F20D1B0101FD0013F20104F80D42
:1082200012E4090B2004F3F5FCFA0E07FB2CF2EB29
:10823000DE18E5FF0909080D0E0B03071EFC04ED0F
:1082400016F7EEE10A3F33D80CF6FEF6F108070602
:108250001204172007FF0504EE09FFF60BF62DFEAA
:10826000070800FD000317EAFE03F3FD0AEE09F319
:10827000FF011407EAEE1F0DD8F3F6FBFFFCFE0D1D
:10828000FFFE06E30CF50213F3F50BF2D0FAD2145D
:1082900004F6FAF50715FF1700F9080A15F7122179
:1082A000F70302F2E2190C01FD0B04FFFBF903F8DE
:1082B0000B2E0308F4FF02F5000E0709FFE2E305A9
:1082C00020F1090105FE00E7FF26F801EA04FEFCA3
:1082D000030E0509F8F9F01833FE04000406F6F25F
:1082E0000003F2EB0000F301000902FCFFECE10CDB
:1082F00004FC0902040A061E020601FF130903F426
:108300000B05041F0208FE05F223F003FDFF0BF628
:10831000081604EAFEFD04F2050E09E3FDE8BD02BD
:108320002728F80AECF6F5D5001901E90605FEF74D
:10833000120C09E5F8E3FE050DEC07000007FBF25F
:1083400001050908FB09FCF3ECF0F901FFFFF5FA60
:108350000D10150C0404001F0B07FD0A08FE04EAAB
:108360000D1900161106DBDCF5E602FB0302FF1A0D
:10837000050BF7001AFDF2EA1F1BFFC0002DD0020B
:10838000F60BF1000AFFFE0C03E90D041501F603DC
:10839000FB04FAEF000E04E8160FED01010D06E2F2
:1083A000FE1F0419FB0504FAF506F5F5F6FF02FDBC
:1083B000130D08FE0FF6FC0F0A14FA04FA00F9FB7D
:1083C000FA0F04F308DAFDF5F2F2120903FE031FB7
:1083D00000F403FFFFFE05D80DFCFDF5021B00F2C3
:1083E000DF01F2FC06FD06080DFFFE0406F8F705A6
:1083F00014FCE7F7F9220EDFF20BFF03FF0611FC76
:1084000005F2FEFBF8FE030705140502F4F6EAF593
:1084100009070AFB00F8FE0B0312F60CFCF709F340
:108420000906F1F213F6031ED8191CF9FDFE02FD30
:10843000FFF20CEF0505FEFCFBFB11F2F608D0F98C
:10844000ECE70A1001FC040C000AF3E30EFA02FE4A
:10845000100D1AF1F7F8DD04F1D70304F90204DD79
:1084600005F303E7F50200EE13F70100F1EC110745
:108470000631F6FFFE0C02F10A1D001F1907F61D5A
:10848000FE04DFDEF61B43070CE90BF90509F2FBDE
:10849000FFFB0BFCFDFBFB04160101FD0512F300C5
:1084A000ECFB07000703050C01F70B0109060FF2AF
:1084B0000AFB14100A0CDBFAE71107040107090094
:1084C000FFFE090F15F5FB0E0408F20D080A07FF61
:1084D000F823FD09FC0C09E90609080D04FD0D222D
:1084E000F2FFED01ECF4330D05070AFDF5FB07F98A
:1084F000FF18090011FD02FBF6FE160D02E108133C
:10850000F20D0CFF0BFD0D0BFC1A0002F70D03E63C
:10851000F80500F1F0F3EFF9FFF4F108F9FD0209B5
:10852000EDF00304F0F707EF180D03F7FFF9031858
:10853000E8F404FBFB0BFEFC00DEFDF2FD070AF491
:10854000F508F00502FCEC060F0902FEF70504FE33
:10855000FE01F800FFFA0504FFFF06EBF309010234
:1085600023020BFB000BFE0000010605040AFEF2CD
:1085700005FAF1DAF7F30BFB17FE09FBFD01FA121E
:1085800007FBFB1B05FD0DF2F5FD00F51BFDF515C9
:10859000E8FDF002FEF903F4F7DE08F90DFC09FA34
:1085A00004F710F415E8DA000D26F5F802041405B6
:1085B000F823F6EAFBF9FF16020FF120F5E6F910B1
:1085C00036F00D050202010BF50C15F9FD050A2127
:1085D0000001DCFCF00AF4FBE8DD0A0FF704081ADE
:1085E00008010EF21F0012FBFBFDFDF40A09DBF38C
:1085F00003030209F30405F1FCE9F8FBF0F804DEDB
:10860000110B24EE16FFDCDC0F040C0C09F900F64C
:10861000F01005F40A070CFC120EE007FD26ED022F
:10862000F60511F90208F8F7F5EF03E90FFE01F37B
:10863000FDEAF2FAF213F402EBEE140F03FD06FA70
:1086400010FE0EFE01F4F0E3F40605F1FEF0EA037D
:10865000FFF808031006FAF6FD09030F03080104EA
:108660000416FAFA100701FC0701F109FFF6051BD1
:10867000FA110EE707F40505F7060CF3F711E016FB
:108680003304EB08F609FDF3FA1901E7110CF407BE
:1086900004050E23EC01E70A030CE70C02F803F1D2
:1086A000FB1209051FFAFEF8F4F6F20AF704E415C6
:1086B0000704FB10FD0B010301E00CFA020BFDF7B0
:1086C000FBF807010008FBDFE6EE0807010E0806CD
:1086D0000316F3EAFB11FFF003120ED10AEAC602F9
:1086E00004DDF0F7FB08F71DEE05000D100303F3A2
:1086F0001007FADF01F9BDFF31FD090FFA06EA1292
:10870000050201011C0000F42205F1F6F014E8E96D
:108710001600211C030202FDFB1007E70C0EFC07EC
:10872000E606E31B133FEBBBF9C90B0DFAFD01F3A2
:10873000FEFBFDF7FC0204E5100223E4F9E3C202AC
:108740000CBC0AFC0EF100F90213FFE6FBFFF8EF88
:10875000050421FFF5E5CF09010F08F612FBFFEE36
:10876000FB20F40B0500FBF1170A1B15E0F10F10BD
:108770000121F8FD01FDF2F6FF12FC110602F6F8E8
:108780000805E003C30A360BEAFC09000AFD02F7FC
:108790000CF5FFF9FC0CFFE7F6FA0AEC05F5DE052F
:1087A000240607FAFEFC08110506F6F0001602E39F
:1087B00019FE14FD1516EE1A0608F10600FF050352
:1087C000F8F006FFF901FAF80904EB02FBF900FCE6
:1087D00014C5F90B02FEFAF00CD7FBEEFAFAEE061E
:1087E0000501090DF6FF1608FBEA05050102FB115C
:1087F000FDF7FEFE030707040A0AF5F7061FF40259
:10880000CBF10307F401FCFD08E8FC05F90DEEE9E6
:10881000EFF117000D1229F2E311F608FEFC011426
:10882000FAEF03FDF7FCFF0D1002F3FF08F1EAEA8F
:10883000E3FAF5F9FCF9FAEEF4EB05E9FFF8FDEBE4
:10884000FF03111519FCEF320DFC0500FBFE09F7C3
:10885000FEF309160BFC03FC0203FF1502FE0E04D7
:10886000F0FD15F908EDFB0DFF0DFDFAFBF909020E
:1088700003091B29010A17FBF701F804FF03FD1F79
:108880000AFB00F9F505050D0FFD0CFAFC09F218BD
:10889000E5E904070400F409FEE0FB05EBFB02F840
:1088A00007010BFD0208F8E4012C05FF02FBF3EAC7
:1088B000F605FA070CF70008000F100CFB03EB1489
:1088C000FE0B0FF901F9FAEEF70402F1F403F909CE
:1088D000FE0411091005F5FCDCF808F700FF010F94
:1088E000F7FE0EF2EA000016EC0707031104FAF88F
:1088F000DEDAECF8FFF50517F9F5FEF005EDFF03FC
:10890000FF02F8FF13EADFF5F7190609000E08F574
:10891000FAFEFCF3FD0105EF0E080C0DED0ED6047A
:10892000FCCB14F301F8F2F5FE0800FAFD03F8F4AD
:108930001120F6FDF7FAF7E9F8CA0F0BFFF0F01F68
:10894000FDE605FCF8FD10EBFF002002FED7F80461
:10895000E5BCFD0D01FA0933FC0603E7F3F609DC7B
:108960001D1826F903DBD41306F7FE04FB0C000EDA
:108970000309FCFB0400F7F20E08FFED05FEEF0013
:1089800008021B0408F901E3FDE60302E1FAFA0A12
:108990000E04E1F224E81F0600F81FFA09F2F9FEBE
:1089A0000C0F09FBE5F1FFDBFAF100F5FCE905EE40
:1089B000FD0FF0F506F100FC0527FB0100FCF9E1D5
:1089C000250910E115DBE4F6E7EFF80400FBFB17DF
:1089D00006F8060D0103F9FB0B08EAFB0B0622EF74
:1089E000FC04FEFFFBF5FF05FADF0707E5F60502CD
:1089F00000F8ED1606011204EA010BFE04F7090760
:108A0000001301E9F6F80A01F5FF04FBEEE8E5FDC5
:108A1000F601E10F04F7F208FFF903EFF3FEF400AB
:108A20002E0401FDFDE8E608F1D0030801F8060771
:108A3000FE0CFDF1FAFFFDF303FD11FBF3F6D00F81
:108A400012F90A0702F5FEE3011BFEF20807FAFA23
:108A50000C0C0B12E4EBDA192B1EF9FEFB05FCE9FA
:108A6000030E04050802FB06F4F9DB00CE0F131811
:108A7000142AFCFCFE11FDFEF701030E0EFC001192
:108A8000FDF8CFF7F10C450EF1EAF8040109F906FB
:108A9000FD0F0B06FD0207FCFD0716E4090AD105D0
:108AA000FC16E203F5FA08EFF41C03EE001302F2E1
:108AB0000010071205F6FAF70631FBF505FD0C016B
:108AC00006E5010221080A15FDFE0702F80410FC64
:108AD000F2200705F514032BFFE001FD0F07FC1939
:108AE0000C10F31AF2171BF4FFE4FBFC13F1001552
:108AF0000516EFE403FAEDED06160DF209FFE50C9D
:108B0000FEFFF60A020509F303F10805020A09E06F
:108B1000030200F2F7FAE7F1FDFCE607FF1307FF97
:108B20000A0402040302FCF3FA03FD03F808F2143A
:108B300001F7050B07FDFFF1F80B05F508FA0BFA35
:108B4000FC1B0DF900E1E2EBE3F1F504090AFE0A72
:108B500001FA0309080009FD0110F4F5FE17F901F7
:108B600011F2FEFDF50EFAF900EF090F06F5F9FD19
:108B70000600F9FE101907F506FB0FECFE10F5F8DC
:108B80000516FFFFEF07FCFFECF1F5120CED23EAF1
:108B9000EDF501FE02FFF8EF07FDFAF6F2FDFDF933
:108BA00003F70A0D1AEDF31FF30011FE09F7F6EDB6
:108BB00009EFFFFB090701F00801FEFD0CFE00F4C0
:108BC000FB18E80D0305F813F2F2070D0FFEFC0485
:108BD00003F2EDED1629F2FA080E05FDF61D02016D
:108BE0000716F11010E50F0FE901EA050E2F020537
:108BF00004F609EFFA10FFEEF70A0413FFFBFA166A
:108C0000E7EAF2FE1E1A0616FB000200F8F902FF60
:108C1000F4090D00FCF6F40CFBF2EEE8F0F00003B2
:108C20001813EA060E150012F71604F9F908021CCB
:108C3000F8F02505D8DFE1FDFC1CFBF00812F50A71
:108C40000818F9010A00F226170FF0E3F0010AF004
:108C5000FD13FDFFF6F7F4EC0DFDF9090500020D1B
:108C6000DEE4EEEEF2EB2615FAEC15F10CFE01F067
:108C700000EE0013030AFBF5FCE40201F5131903EF
:108C8000FBF3F2F402F80318FE12FFFEEEF50311F7
:108C9000E716FECEF0F2F6F9F6F501070800012B13
:108CA0000BDF00EA1BFFFBFC0612FAEAF418F7FEE2
:108CB000E2EA0BF5F9EFFB0C02D8FAE7FD0B080727
:108CC000FF01F910EF12E902531005FE04F304DB73
:108CD00002ED13F3F701FEE013F7F142FCF220F08E
:108CE0001B111BF7F20DFBE5041005F01308FFF054
:108CF000ECF50D10F4E702F4D9160C0CF70212E5AE
:108D000005F5FB0BF8F402F9FE111AEEFFFBD91F73
:108D1000B7DCE106F5F0FFEE05E9F0F4FDF509E456
:108D2000F9FE2AEB11DDB819ED1CF20A0103FCDC97
:108D3000043206FF000100F602030105D7E2D11755
:108D40000921F2FD080902DF07FB0A09FB17FF15DD
:108D5000EC0BE0FCE71014F9FA2602F2060BF6031E
:108D6000F702F71B04010311FDFDE1F50608220CD3
:108D70000E1501FBF506FBFF05F3FF07040602F7DE
:108D8000F8E900020B0218F8DAE0FF0606F904FB26
:108D9000FB1006F31201FE13100AF5DBF23CC701CB
:108DA000FDC2FCF80213FFEF06E7FFFC04FD041B05
:108DB0000100EFE0F4080BE011E40912F3050202F0
:108DC000F909FA0903030F0A0800F7040EEA03E899
:108DD000F6E4100904F7091603F5070614F3FDFF7E
:108DE000E5F00C000B06F81402F4F500FA1000137D
:108DF00001E50AFF19FB0BE507FDFCE5083F19FA41
:108E0000E800EAFEF5050E040E00F012F8030BF779
:108E1000E6F9E40311033AD8F5100003F5FA050664
:108E2000F80E0801FA06FD0BEFF2EAFE0DF501F867
:108E3000F8FC0206FFFBF60BFFFE08ECE7FDF2F282
:108E40000702071002FB00F8F8F8000605100312ED
:108E5000FEFC0C0E07FF03FE0B0D0BE5FD07F4EE09
:108E600009F7FB0700F10C0504FEFEF5FE02000405
:108E700002FAF9F6FAFFF3E2150510F9F9FBFA0424
:108E8000FDEF0801F4FBF10C09FDFF0BFDE91B02EE
:108E90000DF9FD0E06F0FD1BFB020BF4F90804FFB3
:108EA000FFFAFD0001F8EAFBF9FBFE000004FAFA04
:108EB000FE00FF0807F507050D01EB0B1BF023FC77
:108EC0000AF705FBFCF5010306FFFE1DFFF106088E
:108ED000FDF7FA0713FB15F8F9EB05FF02FA0A197B
:108EE00008EDF9FDFBF70BFCFBF80CFA072209FB78
:108EF00011DC03020204FBFDFDF9FFF1F602FCF4B4
:108F0000080A17F40B02ECEE111701F2FB05F8F654
:108F100005E6031405F9010301FCEE0CF4FD37E945
:108F2000041619FDFE01FE1A03F6F7EEE700F5132D
:108F3000EC000807EBF2ED05FF28110504FAFFEE3F
:108F40000520FA05F20006F3040702140BF7F613E6
:108F50000B2BF102F80505E8010AFE17FC000903D6
:108F6000FBFCFA0DEAFEFF0D081F0BFA02FD07DA03
:108F7000FA09F5FEEA020C15ECF6051AF0DD091304
:108F80004C16FE070604091BFD18000BFB030B170C
:108F9000F008E603FCFCE80606FA01F5FC0A010A03
:108FA0000B0309F501FBFE060004EC050A0AE303C6
:108FB0000E07F706FD16F7F0000AF90704FCFD0599
:108FC000F4FFFEEB010A15EA1E1807FD02FE08EA8F
:108FD00002080606FFFCF31204050CF30502F0F389
:108FE00008FF0DFB020CFD15F70608F90004F1FA65
:108FF00008F8FB060AF6FCFCF90CF2FE0403070A6B
:1090000000FB00051BFD01FE0CFCF8EB0C17F8073C
:10901000FCF2F906F10604F5FCEDFAED0A06020091
:10902000EFF620020212F5FB10E901FFFBFEFA0A3F
:10903000FBE107EB01F803FD0A12FE1A1A1FF1F417
:10904000EAA71103FEEAFFFF05FAFBE2E7F901F1E7
:1090500013FE220F17E6F2F505C010020EEFF91904
:10906000F62002ECE901FAFA121720180BE3FBFFD5
:109070000FD6F90001F50AFBFD1104FCE9F8FCF339
:109080001011140D00DCFD09001204F9FBF5FB09B9
:109090000012FC07FF01FE02FA15F7010AF0F50EB7
:1090A0000D360B030DECFCFB0DFEFC01FF03FEF384
:1090B00012FD1D040F180F02F33B0101FCF3020522
:1090C00001FC01F80FF7F2E802051DFEF40121FA98
:1090D000090EF9F30F040000041F05FEFC07030A44
:1090E0000C05ED0F0517FC0BFCF808FFFF02FEF660
:1090F000FAF9FDFFF1FC0201080BF3E6FBF40A129A
:10910000FBFDF5010509FF060007FB0B050306073C
:109110000700FBF5FE2001080EFD01FD0603FE031E
:10912000FB01F505F3F3081008FF180604FD06FC23
:10913000EB05FBF90BFC0203000C04100504FEFD1B
:1091400004FEF7F2FDF4FA0EF1F815FEFA00F3FD55
:10915000050E01F5F8FDFEF8FFFA03F402E4001530
:10916000DF06F6020CFF00F5F4F9FCE5EEFE040163
:10917000FB0516F508E2FE18E4FA040407F8FF05FB
:109180000C0400DC0DFF0E09090102FFDEFBEA1DE5
:1091900008F605FA04FBFDFCFF09FAF40701FDFCE3
:1091A000FAFDF902E8FBE00C0813F7FDF205FBFC01
:1091B00005020D1002F7EFF900EEFA0802E91B01B3
:1091C00010F4FD0005EAFC0B040300190EF5FC0D7C
:1091D000EA060311E9121D04ED07FA0108E7052963
:1091E00007EB09F00DFE0A0BFF11EFFE140813FA4E
:1091F000E2EFF41603F6002008F110E1FBF307FBA1
:1092000006F6241E1904C40EE31607F1FAF6FEF062
:10921000FEFFF804F803050201F60BF405D014076D
:1092200006EBF3F9F5F4FB070001F5FCE7F8FE1493
:10923000101405F9E8EAF516FBF0090314F8010B20
:109240000FFC06ED080DFCE0050608F308E7DEE775
:10925000F0EEF5010DFBFA111103020AECF110DB3F
:1092600004F90FEE01ECDE00F3EF01080A0902F049
:1092700003D9F8EDEC1003F10E04FC0F03EF0A0D17
:10928000F20701FE00F408F606F1FDF2F8ED000821
:1092900015F603E609EC120629EB07ED10FBFBF1CE
:1092A0000AFEEFF2F8EA02F5F8F5FB07E7F6F70039
:1092B000F805FB0111060010021B0013041104F84D
:1092C000F7020505FFEAF505EB03030203050B0AA8
:1092D000FDE90EE8E3F8FB0900F9F013110BEAF6DB
:1092E0000316F504040305120C2AF010EF0505FC23
:1092F00009FCF6172B15DAEB06FC03F6FB05FBF36E
:10930000001704FCFB0510031105F30C1A1D0CFCDF
:10931000FE0C0AF9000302F9F91105090100EDF646
:10932000FDFCF3FA12041A04E521F7FD011302EA29
:10933000F6FBFD1215F70C03FCFB03FCFEFF08FE19
:109340000539D703ED08FBFAF2E8012F0201130DEE
:10935000E0EAEA04FF0A10F81C3300FCEC0CFE1EE5
:1093600000F3F9F905E80417F7E2E6190CFC12F826
:1093700002E004F1FFEF020C04EDFEE7FAF5070D41
:10938000FE08FD170AEF07F0E7F4FF0308020803E1
:1093900007F1F80F00FCFE00EA0211D8F1E703F133
:1093A000C9D5F30B0000FD19F8080B0C18F4041EC6
:1093B00004080AEBD6E205E70303F805FE0CF43EC9
:1093C00008FCFB0615FF0B200D0407ED082809011A
:1093D000CD02F70AFBF9FD0BFED5FDFBFEFB0C07EA
:1093E000FA031AE51FFB1F14F1F004FD04FBFD1145
:1093F000FCE00904FE0DF5EA22FAEEFEED031A0B7D
:10940000E3F10DF702FB0BFF01E2F200F7EB0CF3C7
:10941000DFFFDA0318E623FBFCE02303FEFCFE0D6E
:10942000F0E4F1E8F2FAFCF5FCF125040500F30F95
:10943000F1E50D08FBF9030CF9FB02E706E410F077
:109440000A12FE0D10D3D60326FDED09FC04FAF234
:1094500001DE011907E4FE17F3EFCD28031347FCE3
:10946000FC05000200F506DEFD04EE0A0EFC15FA0E
:10947000ECFC09250A0C0FFCEF120BFD01E7F8D7F5
:109480000425F6F3F904FEFF030F0011E6BDE8FB27
:10949000EB05D6FE04FBFDFFFB0FF5E5EBF8FFE760
:1094A000100514EEF3D1F32CFCB6FCEEF406FFF934
:1094B0000011F6FDDEFFF4E5F30B10F6F1D80D0E0A
:1094C0001BEAF3070501070D0205F21CE5F7F6F4A8
:1094D0001704FED0F2EB11041FB2F302F7FC0710E1
:1094E00008FFEBF0FA0206EE220C15F6FDF201235E
:1094F000F1E50E00F2F612F209E204EBE20A0BC605
:109500000610EC21EDD9E7160D15FDF406F8F2E78B
:1095100002F0F405F5F4FBF6000900F302D523EEA2
:109520000D1A13FFFAF3080905F0FFE1DC0203D47A
:10953000EFEB0D10F5F01D251B4B000D0BEA03CCD6
:10954000FCF3F80BEA04060E0FFB0C0818E4FC0011
:10955000242E13E7020305E2FEF2FFD80C0BEF09FD
:1095600017F0134003FDF022F4080DFC050005D7A9
:10957000FEF7F0EFF00BFDFBF0E902E70DD8DE0798
:10958000FC14F50BF6F8F6FD03240107EE0AFA12B7
:10959000FB201D0BFBE6D60E1705EAF1FF01F9E6ED
:1095A000030702F4FA14F12003F304F8F5060700A8
:1095B00016FF0DF3020001F7F600FFF70B08F90A9A
:1095C00005001109FF0A3313FDE3FDFA010005FD53
:1095D000020AF801F603010C050E0FEFFF04DF0D80
:1095E00010E9000B0E001210FA1AEE0BDDFDF5E487
:1095F000FF0C09F106102AF2FFFBFEF7F50C00162E
:10960000F6F90C08EE0C01E91707E6F01F473F11C9
:1096100018200B040A0E0A1500D80A03FFFE0DFFDE
:10962000F6F3F0181B391BC3F828FBFFFF03FE05F8
:1096300006010803FCFF011B06F8E122FB1010EAFB
:10964000DCF303FEF4010AFEF8EEFEEB0CFB001562
:1096500016FDE729F4220DF8C7E60001060A0912F3
:1096600001EB06041EE7F91DF5ECDD0DFB300C04E3
:109670000121F2FAF7F90A1C04E809ED04F10614D5
:10968000F7F7F918081BF4F912F8050A05F207FDB7
:10969000F9F6070401F5FA150A03001BFE04E5F4C8
:1096A000F405FEFB03F908DFFF010FF012EFFC12D7
:1096B00005FB0A1AFC08F0F004FB07F70A05FA1D7F
:1096C00000EA12E208FC1302E9FB03F804FE1DEEB7
:1096D000F7DD04FB00F6040F030EF912FAFE0A058B
:1096E000FE1E08FB080BE80DFEF5EF0F01F707FE65
:1096F000FC160EE6ED020A0408051DD5F2C9C10BE1
:10970000F703060401F60AE20AF703FB0607FDF376
:109710000F0FF2F808EEF120190805F300F6F6F540
:109720000D26FF03F9F509FA02FBEA07F0FF1C0713
:109730000006F2FCFF040107FE22FB14FC0AFCE613
:109740000E0202F5F4F507F4D5E80704FA13FF0951
:109750000312ECF1F00AFDF72C0A16E0FBFACB0A33
:10976000F2ED0B04FAF60DF908FF08EDEC00ED162A
:109770001B02F5EB19DF010D090112FA030507D6EB
:1097800001FBFFE9F800FA080FF2E81812E53FEDD7
:10979000241200F2000FFCE1FE1BFF04040101157E
:1097A000F8FAD9FA09014605E005FE01FE0006FDBA
:1097B00004FB0816F2FE0101F909FCE6F0E9F3F5F5
:1097C0002B0DEAF70A0E01FAFAD9091B0BF0FD0975
:1097D000DEF0EDE0FEE7FEEF1C0BFA01FC0006F9FF
:1097E00002EB011C03F605ECE9F0EE04EE0912F7BA
:1097F000FDF004EFFDF900EAF5E60E0807FBFCEFCB
:10980000E2EC12FBFB062300E4E6FCFD0303F70F8A
:1098100000DC0404F806000BE7EF02BEFBE9EBFBFB
:10982000F303E9F6FB0DFC2DFF1E05160300051BD7
:10983000E70608E8E60BC9031819F410050D08132C
:109840000423F534FBEC080709F5CA070914EDEC0D
:10985000E8FBF5EFFC0202EFF4E7FB0C0AFDFA0669
:10986000F4F3F9EF0A062EF2FDF3F6F6020A04EC21
:1098700009CC082216FF00E7F9FD0533FB0727FD99
:10988000F7F501000006FD02F003F4200DEFFBF1F7
:10989000E7FCEEF7ED1F0EEFDFE70D0403F3032403
:1098A000FECEF70205F40A04EEF405E6FF0E0C0006
:1098B000AFF9F706F4F208F0FDE30BF2F8FC09F853
:1098C0001512100BFE08E906230FF507FD050AE93E
:1098D000FDEC0C042300FC27FD01F635030F2EFFE1
:1098E000221C15F60409FFDCFC1208060BFC13FD14
:1098F000E90BDC260AEFEBFD040B150701FA05F670
:10990000060EFE0201FD0805E9F116F417DDE10976
:10991000E7F00706FDFAFAF6000D0014F1F704F17E
:10992000140E1C0607D3E816EDF701020A03F41E15
:1099300003E8090D0CF6FF1E0F05F2F7120319DFFD
:10994000C800F505FD100225FCDE01020AF9061B20
:10995000F4ECE30408F302F008D8F609FF11FEFC6A
:1099600009E700040A000F20FFFBE8F7FDE717F600
:1099700016FA08F906FF07F105E60A0CFF0D190CA7
:10998000F0E905F409050EF9160217F906070808AB
:10999000F6C70F0F0209FBF1EFF6E11003F631E80D
:1099A00004FF0AFC16120628FDF7F51715F80E0D30
:1099B000F7EC11F50908EBF6F1090E04FA11F5EDD3
:1099C000FB05051A21F70D18FB08EA100718FC0A19
:1099D000192EFAFAFD0A02CD0229FF1608100B2BE8
:1099E000FAEFDC03DC002A000F20FFF903FC03E799
:1099F000060A07051A00070EF4ED0047F7FA140FE0
:109A0000321B07FB0408F612F41DFCF9FD050A02DF
:109A10000E06E41AFC1FEEFBF5FC02FCFE1705F433
:109A200015FEF6F720FA0FFEF5FEDFF40F1AF91512
:109A3000CFF40B00FD0202E6FEEDFA0C0308030F63
:109A4000F0FCF515EE160BF0111EF91009FCF9F6F5
:109A5000FEFE0102FA00FC10F506F314FB130D02E2
:109A600020030206EB0B08F4F61109FA1C0907059E
:109A7000FAFDDDEF17E810FD11E403FCFB08F6002A
:109A8000F615F9FB130EFA03E7F7F0080FDCE90A05
:109A9000ECDC02FD01FD00F3FE0C17FDFF010005EB
:109AA000F30C1B12F8E7D61BF4C4F5090D00FFFBFD
:109AB000FE12EEF4F40AFEF4FEF815FEEEC2CC1728
:109AC000F7040BFE01FCFFD9FF21F2F9F7FEF8E9DC
:109AD000160F18FBF3D3CA1413160908F5F8FDDCAA
:109AE00006281113F51407F3150B0502CBE40D102E
:109AF0000E18FC05000E06020124012E0715FF04B6
:109B000012F8E2FED01A4E09E8E91102FA0A0E1222
:109B1000FC18FADEE80AF603090C13F80D17CE0656
:109B2000FB05FEF0FD05FDE9F8FC01FDEB15F61067
:109B30001500F9FA280AE515FFE91009010BF0E311
:109B400007F40B17EF0FF3FFF8D8DF001DF8F2F260
:109B5000142B1609F70EFFF0FEF40EF10B00F718A8
:109B600004FE02EC0BFE2EF902E6FD0C04080128AF
:109B700002EE09FF1207FFDF000800061319F9DDE6
:109B8000ED070304030700F607E107021EFFFAF9D9
:109B9000EBEBFBFA0A361702EA19E612FBFCFF0EA2
:109BA00009F7090005FDF609EFFEE50513FFE7F1EA
:109BB000F1100008EE13F9F9FAE602030BF10603BF
:109BC00004160008140704F117F802000E04091423
:109BD00010030A10270009FBF2060910FBFC0DFC1C
:109BE00002FF0FFF03010B11FDFE04FC06FD1BFE2F
:109BF00003FAFB0FEEF9E600EEF901F702F902F8BD
:109C000001E90A06F9060710F60E090B0502F4F53C
:109C1000EFFB09FB07F402FE02EAF2FBF8100D0C61
:109C20000D06200A0606FA0B03ECFFF901FD0FE40E
:109C3000031FFDF0F006F8E5FFF50318F4F5BF0289
:109C4000FDEFF708F90003FFFB0C0408F4F6FBE94D
:109C500017FE15DDE500EB121CFE10F404F7FCE125
:109C6000F413FAF70F0B01E0071211FFF2FA0210DA
:109C7000061713FE090AF500FF07FFF6150307FD97
:109C80000AF908F6E914F3F700F504FC0B0C0602D8
:109C900001060DE40DFAEE0916FEF4FB0317C106EA
:109CA0001E0CFFFC0407FDF0030C0FF21DFA040369
:109CB00003040903F0FDFEE60F180FFAFD04FAF4A1
:109CC000022209041203FE110831E6FB0BFD04FA1F
:109CD000FA200F05FC1606F2FA1A000E010BFC0A18
:109CE000EFEDE5FEFDF51202F805150D020AFA1E6C
:109CF000042412FA0BEAFBFF07F90DFD011FE4082B
:109D0000E307DF0AED0001010927FF00F1090F0752
:109D1000F6101AE3EFF8E802EE1AE0FEF40BF9048D
:109D20000AF912F816F40E12020CD3FF061A1903E0
:109D300004EA120DF40AF81600EC10F1EF04FD0D20
:109D4000E9FFEE07FC1BD1E2F4041C03080DF40448
:109D500001F50CDDE61909FDFE0728D5ED0BC10163
:109D60000DDBEFFB030D0125FCE31EE51602FAF502
:109D700013F7DDC8D70807F40AE41009F919030539
:109D8000FEC214140500F8F8FC0B02E219EEF9E724
:109D900004EEFE1212FFFDF30AFF0BFC09081F027E
:109DA000E30726FA2DCFCDE5ECF0FDFF0C03F3F130
:109DB000FD0E02E9ED050FDE0B0508E8F9E0E00510
:109DC00018ECF90701F80BE7070507DEE9F90CCEF7
:109DD000160719EEF7E2E01D69D7FD010102FCC785
:109DE0000B230316E8FEFCC70E1207F4C0D7EA31B6
:109DF0000C0918F7050B07EEFCFBFFF4060803E758
:109E0000F70AE732E4FB131CEB22FD0B01FCF81010
:109E10001206FAF400F303F2002109DE11E1D4F690
:109E20003D15E200F8F202CFF11EF3F3F108F5F769
:109E300028F8160EF6DEEC222055ECF9F80AF7DACF
:109E4000FA09FCFEFE09F91F050BD4DAE31DEC0C40
:109E50002F6D1C0010FC06F5FFE512EE150BEF1F31
:109E6000F4F8F628F613E0DAF7F3F5F9F6FBF60264
:109E7000FBEBF5DDF8F0FDE0101206D7150AB30193
:109E8000CFF6F4F5FD08F90CFEFDECE7FE04F2EE6A
:109E900010FE0CF5EEF5D9F8DF13E308050B06F01C
:109EA00000FE0BF71609ED19E8FB04EC1021F20295
:109EB000180D071002F801F3F11AF5050A02FD1A50
:109EC000F202110D1BF3DBC3EFFF10FEFFF7FD05E0
:109ED000FCF110FEFEED0FF5FD0804E8FD0FDE14A9
:109EE000F9E4F0FFFC010815F3FF0A190703FBE58D
:109EF00000F6E407F420E4F00EE6FFF1020AFD109C
:109F0000FD020210EAF105E8120FFDFA0D0B1EDE4C
:109F1000F5FBFF070EFA0BF4FF010607F3F7EEEC73
:109F2000F30502EF1EE4FBEDEEFDEFF50AFA01F496
:109F3000FE2AFDF4FEFCF4F5FEF70B08DFF4B90C85
:109F4000FB08F50BFF040BE2FF090009FC0EFD07FF
:109F5000E6FEE80BE1ECCF133B4008F80516F7EA04
:109F60000502FB060F00FA15EAF8D8F9B30B101535
:109F7000183710F7FF09FAFCFBECFC2219FFF00D73
:109F8000F9EEC6F7E9224005F0E607010709FE06EB
:109F9000F5F601EC000507F5060204E9F320C01010
:109FA000CDD6FB020A1C07FCFFFD20F514000B06B2
:109FB0000011F1FBF801EBFC03D4FD07FE100700D4
:109FC000FCF20C1B0EF90215F709EF06FEF705E18E
:109FD000EBFD15FC080B070D0BE3080D130A1A1D0A
:109FE000F10905FD0C082EF7FFED020A02FB0E1E1B
:109FF000FE08FEED0E0A06E101021BFD0531CDFA59
:10A00000F322FFFB040505EF00F70808E2FE03E872
:10A01000FB0ED6F201EAFAD3E3FAE0020CF9FE09EC
:10A02000080A1505F7110DFAF5FCF70DFDEB02FC1A
:10A03000EDFCF70C09F4FF1702F5FFEE000114FB2D
:10A04000041414F8F1D901ED08FA00FC03F1FC2125
:10A050000C0401FC0F06FAF505090BE90303E2F510
:10A0600027FC0800F4FF04FE03F7031107FCF4FCCF
:10A070001303D9F5161008CC1401FCFF0305FCE608
:10A0800002FF091AF9FCFCFF01FAE5FE28E213FFC2
:10A09000F6F018FC000901E2F4F5FC0BF5FE02EF06
:10A0A000FE1107FD1FD9FB052B0F08FB0B02F70C58
:10A0B00000ECFB0D0FF6080119EAE9192A2443FA0E
:10A0C00006E913FFFEEBFD2BFEF003FDDBED0406BE
:10A0D0000A09180A1DF3FEE5F7D50A0F09F100F881
:10A0E000FE1DF4FAF000FFFFFA031E060AD5CDF1BB
:10A0F00004E0EE0CFAF0FFF2050506FAFA0AF8F8A9
:10A1000016162DF912EDD71F022F02F70DF4FFFEE0
:10A11000020CF60E09050809FA17EEE511EA32F706
:10A120001446030601F6F90BF714F708EC110AE4DC
:10A130000BEB0EF42718F3F90352FCF4F9FA02EFD3
:10A140000210FE04EE01F3CE0E0BF1E40419F70841
:10A150000D11FCF9040009FE0508FD02F4FAF7EA06
:10A16000F9FAEFE60519FCF101FE05FAFF07F6DC46
:10A1700001E2040A0115F905FFF3EF01FBFB0706F5
:10A180000C0105FEFC0AFC2A00F9FC082EFBF80570
:10A1900001F0EDDFF9240BFD1505F003FB15FF10B1
:10A1A000FFF10C0B17EEF9F8E7F9F4EB06121F04B8
:10A1B000FA0D080F001406E80103051D05FDFF1246
:10A1C000F4FBE2DE1307FFE4F81503FF04FCF8E0FC
:10A1D000FCED0CEBFEF9FF0BFAFC04200ED8290174
:10A1E000F2FBFD0205030515F6F500EA02FE011576
:10A1F000F1020D1903F2FAF4EC0EF4020EFDF80868
:10A20000F01A02F5FDF41202ED0E11F6EC00C6E7AD
:10A21000E8EBF2F304F400090321EC14F2F301FE7D
:10A22000EC0113D8E7E1E20808110DFDFF0302116C
:10A23000F50B0209FC00010B10FB0111020A12FDD3
:10A24000DEEDF80CF6F9FEE60B1206F80A0011F73F
:10A2500007FD0123F61A261DF2FEF9F406FBFF1195
:10A2600005EFFAF104F9F01BFCFDF20BFD28080ADA
:10A27000FCFB010E00FFF60DFDED00F105F9FD0DF3
:10A280001711EB22F20BFB061308FF07FCFBF3DFB1
:10A29000F606EFFCF5F2FFFBFE03240504E50316CA
:10A2A0000FE3FFFF04FA0AE5FB0B0AF2FB030115BB
:10A2B000070A0901E5E7F2010620FF0200FE060B8E
:10A2C00008F003ED170B050A09030DF2E7EEFB0694
:10A2D000FEF4120306F9001103F1FEF105090DFB6E
:10A2E000060F1120F106F6FCF3F9010006EB02FD62
:10A2F000FF12E6F2DFFEFCF8081118DFFAE1F00EBB
:10A3000012F00000FBEAFFDEFEF702F7EDFFFDFEB4
:10A3100005030308F0D4E01314E00B090C0802DF76
:10A320000200FBEAED03FBF3180307FADC06FA0C64
:10A330001C0405FB01FCFCFDFF1D0AFDED1501F1F0
:10A3400000091923F7EDEDF9C9E4FE0B13FC040B2A
:10A350000B07FBF9E6FEF9F1080916F20AD2C70964
:10A36000DAF6FFFCF5FFFCF60505F90FEF03EEF951
:10A370000E0603DB0DFACF14FBFBF200F80E00ED26
:10A380001504FEF10A16F40302FB0603090D18FD7D
:10A3900017090202FA03FAF6FE12030E01F505018F
:10A3A000FE08E5050015FF0BFA21F905070B01F57D
:10A3B000FDE2050AFF030204F5FAFCFA0FF52DF998
:10A3C000EF00F9FB0001FD11FFEF091209EC000796
:10A3D000EAF6F4F40201E8F827E1151109FFFF029B
:10A3E000FBFDFAD908F8070DF4050FF911F2C4E9DD
:10A3F000FDD003F2FBF0F8F10B04F109F301F9FBD6
:10A40000FC05310827EEBB0DF30706FB000000F347
:10A41000FCE50D0A1607FB25EFFFEDF1FD010F032B
:10A420002301ED020205F815112CFE1A09FD07089B
:10A43000F907FBDFF1FBFC05110DF4F6F917FF0A34
:10A440000340FE23FE01FAD90C0EDBD016320B00BE
:10A4500005F0F7FAF80002F5F4F702080701E5D86D
:10A46000FFF60CD50D08F6F80A02FCF90508F6DC33
:10A47000F2060009FDF70302F4EFF721F6E709FD04
:10A4800010F0FF05000000210405090613F10CEB94
:10A490000FF7EFE5E60FF8F0F0F90300F908FE1604
:10A4A000FED7040C16FD04F8F407F7E6E93024FFA4
:10A4B000F5FD010AFFF701FD08F8FFFE0EF6FC02AC
:10A4C0000002F8F00D07D5E23614FD060AF701F692
:10A4D00000F8FBFEFFF9F10F08F3FE0201011A0379
:10A4E000180704F1F603FDE50CE702F202F8030D8C
:10A4F00001F5F004F60FFE0A0D051706F50E06F23B
:10A50000F50CFC12F8FC07FCF30700080BDFF1FE6A
:10A5100025F30F08040DFAFA040BFC06F0FB05EB1B
:10A52000ED0A08EE10CEE9FBC3E603FCF20EF80FCD
:10A5300004D40601FFFBF925EE0BEBE0FFF632ED4C
:10A54000F70001050508001801EDFB060BF70215E1
:10A55000F3EBECF21B01F2F3DBE0FA080300FE0C74
:10A56000FDCD071D09FD140C02F6DDFE08061B00DB
:10A57000F1D315FEFCF90111FAD8F8F2F1F60B1936
:10A58000F3F3EEF7190410D31E01FDEBFEFC06FFFA
:10A590000AE3FD1C000600F4EEF90A20F1D911F9D6
:10A5A000F3E0E40B0D06EC1BF8FA0A1A0CFC0A02A5
:10A5B000F1E6E9160510E61003030AE9FA16F6EFCC
:10A5C0000FF5FD0621FF0012FBFCE40707141D0137
:10A5D000F407FEF50AFBFFDFFD0EF9160B060B195B
:10A5E000F6F20217EAF32EFA0C230CFF00F409C36B
:10A5F000070805F7F80CF522FE00FF27F9DBFE1D22
:10A600002614EB0BF80FFEFFFF1E0010FFF90211DE
:10A610000AEEC802020B11FAFD08FDE7F80507046F
:10A62000011BF70014070126E9F6ECF1FC22F70FF5
:10A63000040014FC03FB00ECFFF5F311EE050A1710
:10A64000EDFEFE0EE8010B080A01EE12F701F8FE1E
:10A6500001F2FC04EC03F9100AFBFCFD040F1202EA
:10A660002106FDFEF60901EFFDFAF503190306FACE
:10A6700008F2D9EE1BE937EA22F609F00103FDE9F9
:10A68000FC01F60B13FF08FEE8E5EB1113160FFAB9
:10A6900013F50B00F60000E4010CF90411FA0A06A8
:10A6A000F9F907200204FDE91DE8F7F7FEFEEDF2D7
:10A6B00004F90825060105ECFF00DBF0121F47E94D
:10A6C000F402EFFAFFFBF10FFADAFB1BEEF3FCF1F9
:10A6D000FBFA02EA161710F007FF1DFD050307023B
:10A6E0000B09F602E5FAFAEBF80220021817E2026B
:10A6F000FE02FC0404F5F5FBFE0AFF03FF0609F564
:10A7000002EE1AEC10FABF16FFDEECFEFFFD0AE6C1
:10A7100003EDFC14F704FE03E7E6F1ECE6C13707AE
:10A720000F2EEBFBFCF9F300031AEB1DEA09030201
:10A73000E7F711FFF2DDEE09124206FBFEFF08F912
:10A74000031EE914EE0E00FA1100EAEAFE10F00C06
:10A75000EF050300F80008EBF7E9FF0BF0FDF4D478
:10A76000EDE6FFF5FC01FDE9FBF60CEE06FAF6D38B
:10A77000FFDFF015F7F5F62207EA0505EE0016FDF6
:10A780002A000AF2FE05FA1F060CFEF30AFFF00784
:10A79000F4FDD8DCF51222FC03E90FFCF60802F800
:10A7A000F5DCF80309F3E604EBE3D3F5F01B0A1636
:10A7B000DC080B06FC0509F10D06060A08FEF91176
:10A7C000F1EBEBFBF5060700232DFCFEFEFBFCC2C4
:10A7D00003F511ED05FAF6FDF5FBF937100532F931
:10A7E000F01AF1FF05F8F1FDF4EAEEF10A040F06A4
:10A7F000F0070312FD01DDEFD4240101FD06FA0785
:10A80000F517060106F70802E505FF03E1E8E40F86
:10A81000F8F8D6F5F401FDECF916F2F6FCF605FEB3
:10A82000EEEE1CE5E7CBFA0BF2F40707FDFB06FDA5
:10A8300011CE02F4070507EA0FFAEBED0B15F8EF5E
:10A8400021D3020605FD07E702F0FD1404F3020A16
:10A8500015F7F102081821F507DBF8070AFAF91ACB
:10A86000F411F81204F4000B23F61404031225FD6E
:10A8700012270108090207F2F408FDFAFF0607068D
:10A880000A08FE180FF71B22F8F706FA09FAFE0C61
:10A8900004FB0715EFFCFEFDFAF20E14FBF70F04A4
:10A8A000F92FFCFF01081AE6FE15F312EC0403145D
:10A8B000FB08300CF0C5E413E03BE6F3FBFD032995
:10A8C000010EEDEAF8FA0319110B2A05D8072E1A22
:10A8D000ED16E5000E01F907FE0800FD0801F81964
:10A8E0000A07FDFFF01B2922FC00F9FFFFF409080D
:10A8F0000D11F4F2ED020107EEFB1AF7FDF1090C60
:10A90000DBF2030904F8F60104FA03DBE1F40300C7
:10A91000050627FAFEECDC0609E30004F5F819EC5D
:10A92000FC0BFCF2EBFBFBE731151AF8F2D6111B1E
:10A93000F8F5F806070E1409FEF1FCE9FEFD0DE03E
:10A9400005050400FAF1F51718FD00FFF4FC07F601
:10A950000507F9EEEFF40303E8F109240DDBE91232
:10A960000EE710110002F5F80524F8E1070E0EFDC0
:10A97000120D01FC0EDCE81CE6EB04FEF5F203F719
:10A98000FBFB02C804FCF1F108FE230013EBF422E8
:10A99000FEFAED04070008E8F4EE03F403F9FBF215
:10A9A00010030201F0FDEF1DDFCD120D0AF10B08BF
:10A9B000EF1407F4F00F02EDF7012AF9F9FCD6F9CC
:10A9C000F1C7021300F2FD1B11FAFAC7E701FAE61C
:10A9D0002B212CE713C4CF04E8B9050AFDFCFACEFD
:10A9E000011105DDDF10FCE6291A1904F6CDF00C83
:10A9F0000E05EEFA0B01FCF5FE2AFF00180D0A0EFB
:10AA0000141B1511FAF916130ED90B0F09F3EDFEED
:10AA1000FB040AE6EE0C02ED120E0610FFFAEE0B36
:10AA200005F90E02F9FFF906FDFC0AF603F2FAE455
:10AA30001DEE15E43613D503EB111504050105D5FC
:10AA4000FE390A0E05FFF2E50608F3010EE7E803FA
:10AA50002C0808F8F21DF9F1F83100160C11062146
:10AA6000F0F6E8F4E00525F3040F180BF90BFA0AE9
:10AA7000F524FD06FB02F9EDFDF611080813E701C8
:10AA8000DD10F201EFFC0706FA1F030A0BF907E9D4
:10AA9000F90316EA091FF21EE018E803F916FB0590
:10AAA000FBE20000020EFFFB0A0BEBF80A3607017F
:10AAB0000620FC040C08F9FEFFE205230DFEFB1145
:10AAC000F0FCE002020D0DEBFE0612FDF908F90D97
:10AAD000FF181002F50F0C02FE0322E9F30EF80D29
:10AAE000F5EDFB02FD0EF31610E511F00302F8F987
:10AAF0000C0AF8E0D7F60D07F7FDFCF8061105077C
:10AB000000CCFB1213F2170CFA09F9EF0CF70DF455
:10AB100006FC020DF8F0FC0104EF0CEC09FC0D182A
:10AB2000F50612FA0E080906F6DF0913FEF6F90B10
:10AB300008FA0CDBF000FDE706040BFB09E1D6196F
:10AB4000D1CD1EF2FEE500F1060EF5BAECFB03C610
:10AB5000110F2B10FDB8CD12F9B10C1407EB06E75D
:10AB60000207FCDBC60CFFD12220241DFDCFD30C35
:10AB70000415FA0A03FF02040E38FA16FAF7FAF17E
:10AB80001C281E06E2DC1B0C061710030FF202FA4B
:10AB9000FA2405EB0308FEFFEF051200160AD60A99
:10ABA000FADF08FCFFE5F2EAF70601FBEE1205E822
:10ABB0001EFDFFE12E0ADC170104F2F3050CFCEC8C
:10ABC000F7F61400F409E8EAEDF4F5E30813C5021A
:10ABD000142406FFFB07F9F0F80500FF0400ED015F
:10ABE000090DE2EB1008FBE803E7030303FBF21592
:10ABF0000C0102FF0EF8F0F40E0208ED0B0701ED58
:10AC0000EC12EF06F41202FEFCE812FB33F801002E
:10AC100011F3FAE9F33CF1140E25F7FB03F8F703FF
:10AC2000F5F40DF2FEF8F804F5F7F6FDF309EEE29F
:10AC3000F2120D080804F7FD0BF1FD130F000016CA
:10AC4000E9FFE5F9190F0CE3FBF90F020103F7190E
:10AC5000FEFE070BF6F818F8F90011EF0109E409F8
:10AC6000ECFAF114080CF90B08FB0AFA17FD03F8CB
:10AC7000041117F2DE16F005F9F9FF07F908FD10C7
:10AC800002EE0BF506FE0800E80409F0CE04F6F427
:10AC9000F70008070305000FF9FFFE0DF507010196
:10ACA000FC0BFA02F5F70C18F9E5F7F903FA02F2D2
:10ACB0000116FF05E606FDFBF0FF03F5E8CE1C03D9
:10ACC000F8F0FEF9F90401090AF9091BF90002FE7E
:10ACD000F200FCDEDFCAF0EE01DD09050305F41821
:10ACE0000DE41615080110FAE5E8F2D40F23E5F893
:10ACF00003CF060401FDFC20FEE106F504FE0D0075
:10AD0000FC1135FA1506B9F51CDEFDFA02FF03FA4F
:10AD100003FBFB080209F4020AEE071DF512FD020F
:10AD2000F5330E08060A0CF20300070D0FF0E608D3
:10AD3000F900DD020128070A061A1B0302070502B3
:10AD4000FE09060AED0202E5F705FCEC01F9120422
:10AD50000CF5F407FDF0FE000815061DFDF313DCED
:10AD6000FC0402E117E5EBF6FD0208FFF6F8FBE74D
:10AD7000FEF81201EB0108FEE5040316FDF9EBF8FD
:10AD80003110E0F9FE07F5F00B0F0EFD07FC011C7A
:10AD9000080AE1F2FCFB1EFD32E609FDF9FC06F6AD
:10ADA0000A09FFEA0B0802F7E5FBF404FCEFF50BD8
:10ADB000FE0302FFF802FCE8F90A0B08010902FD94
:10ADC000F30517DDE10CF6F8FD09F504FDFF0506B6
:10ADD000031A0103FB13030D010A15E90A04F4FF2A
:10ADE0000B010B03FC090103FAF5120CF9F8F8E961
:10ADF000FFF4EEFD07F6F9F4001706FAEE01F9FC90
:10AE000009150116FC0709001101F3F11618FCE100
:10AE10001010140BF800F5FBFF000B020C01F3F906
:10AE2000FFF5F110FEF203ECEC1D15FF0C040E0310
:10AE3000F5EC00F70307F9EA0BFF0EF30106DDF668
:10AE4000F5F80904FCFCF7FF05080C17F5F00C02F7
:10AE5000040D0F0B0335010BF9F6FF0E0203FE0A7A
:10AE600001FEEB09EDF300FF0EFEF9E122070CFBFA
:10AE70000FFCE400F9FE030504FCFFFBF9F3030AF1
:10AE80000406F6EE2215F90006040EFC12F70D0A70
:10AE9000FF10FFF0F901F9FD120C3407040ACD0F81
:10AEA000EF0A000C04EDFE01FD1609F0DD00FD01C6
:10AEB0000A101FFEF6B9D7F8FEE401FBF5FDFD1BF5
:10AEC000FDF2FBDD10EBFEF119001FF5E303F415B5
:10AED000ECE2EDFBF5F90D11FB050FFBFA04FD02A9
:10AEE000FC100423FDEDDDFDFCFB0E0A08F1F70A62
:10AEF0000B290AE6EAF2FEF7FB1129D7F3F3E7057F
:10AF0000E5EA0314F2FCFE11F005F5E5EEF3F9FFB6
:10AF1000220A11DFF1C8D700FFE4FA0103FDF5E3CF
:10AF2000030006F4E703F1ED211D01D7F4EB05174B
:10AF3000F2F5F101F80C02230214F9040AFFFBF602
:10AF4000FAFB09F200F9E0E7F6F3190A0CFD021525
:10AF500000EEECDBE6F803EF1A0410EE03F5B004A4
:10AF6000F2E2FC0303ED0411FBFB06DFEE09F2E95C
:10AF70001D0C0CF71ADFDA0EF7000C040709FFF9B5
:10AF8000F9FE05E807F4FDE815071E0D1EE3FA01BA
:10AF9000DCDCF10A170003FF0A06FFF8FBFC02EAFB
:10AFA000080605F110DADA1538F5FF0E020B040376
:10AFB00008D8FC0600F314F7070DF90F120D37F44B
:10AFC000EFB51DFDFEF7F8160BEFFDDFF2F6F3010E
:10AFD0000E080C0F0CEBE8FFE7C110030BE4070DA4
:10AFE000001DF6F7E1FBFBD5131B3A1234E6D9F747
:10AFF000EEEDED0204FA01FA082AFB05F60802EE6E
:10B00000181214EB02DEEB160C1F0CFAF9F207F61D
:10B010000322FA130100FDFBF40DF4F402D9F81336
:10B020002F2D130107EFF609000F00FFECFE03FDC3
:10B030001400120B0702ED1B0A18020205EFFAFEBC
:10B04000FE06F5E809F6F7E50C1204F70A0AF9FE20
:10B0500004F207FCFEF30106FD0D03F8FD02F0E229
:10B060000A02E9081707E3EE00F70802FF05F5FCFE
:10B07000FE03EF0EF5FDF20A0501F7FD03FC1502D4
:10B08000FB030AFDFB0A000BFFF6100617EFFCF7A7
:10B0900013FB00F8FC231501030301FDFDFE080A64
:10B0A000F9FF01F8000E01F8F9F614F2FAF520F8AC
:10B0B000E405110109FFFCFF06FD010F0A01F80F6D
:10B0C000F0F806F60A14F802000A06FBF503F30985
:10B0D0000AF90707FBFF0107F7F813F902F9141043
:10B0E000F311FB0504F80AF8F90CFDE5F800F80285
:10B0F000010815020EF9081D050DFBFFFBF4FA020D
:10B10000F51A0AEDFDF309FD060F0707EFFAEC1B30
:10B11000F106F9F6FD0FFF07020F000BFA010EE62C
:10B12000F50A04EE0302FA0911B105FBFC03060659
:10B1300002BEFEDF0F00FFF20FFBE5FBF50E57FB33
:10B1400000ED07EC070AFE2706FCF800FC0306D713
:10B1500001FBFB0609EE20F2FBE204FE04FDFD0408
:10B1600001F0010BDCFF11F5010425F63304F2EFC9
:10B17000F7C9EF110BF9020AF9F9F5EDF5F6F0F957
:10B18000020A21F023D3B7F50D4002FE08EC01D5E9
:10B1900001F9E808FD13FC06EEF2F12718DA2DF1AB
:10B1A000162F0BFCF1FE01060001EE180AF5F3055F
:10B1B000FEE8E90C092510F10B1A16FE05F3F8DD7F
:10B1C00004FE01F3F8F6F7E505F109FC070300FDBD
:10B1D00013E2FBF6F90CFDF4FA0AFFFEF804FBEDAE
:10B1E00013F811F1F5ECF208F9180B0404FCF6EB76
:10B1F00001E406FA05F1F935F3F30E2BFFF417F924
:10B20000171CF508F60EF90906FFF2F82703F63CBD
:10B2100006F0F10E0B30160F130002F0F7FAFB27C1
:10B2200007F7FB050F030207F0EB11FC061FE30312
:10B23000EF13060AF407FEF90708F8231A0A01FEBD
:10B24000E604ECF40E2310EEFA03F90E03FEFC0301
:10B25000F9F60C0FFCFFFB0CEE04F50FFDFB1801DB
:10B26000DDFEF7F5FFFEF8F5FA0C06F80EFB0AF620
:10B27000F80604FE160E0C060605F205F8010B038F
:10B280000606F5F004FE170EF0F0F4F8F626FDFFC2
:10B29000DF0001F40707FB0104F405F10402020DCD
:10B2A000FD0502F6E5132609E9D4EDFB0C0607FBC4
:10B2B00005F60CFCE40401FBF304F1EBDFE60C0102
:10B2C00003F1ED01FFF4F3F8F9E10B1F0E0EFE0A96
:10B2D000FCF2EDE6F8FA02F2F740FF0402FD02FB91
:10B2E000FCFB061728F30205EDEFD4FAFD13150257
:10B2F000FBF4F8F202F4FB07EAECEF0C06F403F8B7
:10B30000EDE4F109F70725FCF2E20005FCF001FF8E
:10B3100006F205FC00F5050EF6FD02DEF2DDE5FFA6
:10B32000EBF7DAFC0D070005050904FD0603FE0036
:10B33000F201F1F6D9FFED010DFAFFF8FCFCFF0A6E
:10B34000F9F5F42502F606071DFDDAFEFB04F5E724
:10B35000EFD5040100F603F7FBF1FC08F9FE02004B
:10B36000FDEDFFEB15EEFF0A00E502FD1305FE0102
:10B37000FEC6FE1E1707FCEE01F7F709112C1DF3A0
:10B38000D9E602FE0603030E01F1F11B05F8FAEC03
:10B39000EDF3E403041D2CF6FAE30DFCF8F6FB22B2
:10B3A000FBE3F5FF0C0DFE17ECF100F40D11DF05CA
:10B3B000BCF4F60503E9FAF1F8F500E8F3F109FD4C
:10B3C000060E0F2306EEF112470CF104FAFAFDE126
:10B3D00007E208F612F8FA14F1F7FB3DF60030FE2A
:10B3E00025170404000AFEE80808FEF9FB0305F728
:10B3F000FBF6F54712F5190B080B0C07F7F3FFCF17
:10B40000041FFBFB060B0002F603080C0DE6FD0A09
:10B41000F1F20FFAF6FD00F6040302FDF8F704F16D
:10B42000F402070103EEEC1BFD0C06080A03FEEA1A
:10B430001027120EFB08FD050600F60DF509F8129F
:10B4400004100D111704FF0FF5030402020C0B0F7B
:10B45000F9FFFCFFF7010EEA2617140B021405ECA6
:10B4600002F900ECFA0A0704FAF302E6FEFCF6051C
:10B470000F3A1E12FE0A0102031601000E09000710
:10B4800002071600FF0EEFE8FCFB0207FF0F02FEAB
:10B49000F2FE06F509F8FE0C24FB07F6FF3AE8F287
:10B4A000E4FA00F5000009FFFADF1DEE2B08070F94
:10B4B0001314F5E6F22304CEF016070D01FF06F48F
:10B4C0000622FA0AFDEA0E02FA05EF05070EF4FF5E
:10B4D0001D34FAF7FB03FCF30123FB03FA00050E0E
:10B4E000FBF5FBF701E4F1F205F4F4FDFF0D0017A5
:10B4F00001F80BFE20F7050D02F7FDFEFD28FA0509
:10B500000FFF08FCFF0904FF0720091F18FD1003A7
:10B51000F6060BF0FA14EFF4F519F10EFF0501FF32
:10B52000F21CFF3206EFFFFFF6F5EDEE09F6FCFE2A
:10B53000190207F9FF01FD00FC020A1BF909EF0BD4
:10B54000FD02FED104FE10EBE40B050A02F2F60147
:10B55000F92207DEEAF5050BEB0203D9F9E6CCFB8D
:10B56000D7EAF7FD070201FCF8F106D80EFC0EFE43
:10B5700005051DCDD7F2CA02F908E8041201080733
:10B5800002EFFF100702FAFA0203FFDFE5E4F4EE30
:10B590000FFBEC0604FE02010404FFEFFFF40509B3
:10B5A0000AFE01E0E5FE0E0BFF22F709050FFF077B
:10B5B000FD1A05190304FF0FED0A07FAECFB040955
:10B5C0001026E708050EF80602ED0F0916FD011713
:10B5D000E3E5C8E8FEFA06F2E8CFF8FE0B0EF50246
:10B5E000FBE908FE1CF3FC0AEBFAEFF9081206F47B
:10B5F000F9CF09FBF8F702EFF3FC01010309040F8F
:10B60000FBFE11F305E6F3F4F4C50A050413F40E8A
:10B61000FEF9020105F5F209F5E8F9ECEE11F7FE85
:10B6200003EA0204FD02022BFC1806360EF303FEA9
:10B63000E9E7EFCFF52212FFFDF3F5F70604FDEB86
:10B640000715000F0A020EFDF202FB021007E2E7E7
:10B65000E4ED04F4F7FC04CF03FBFA140103FFDE6E
:10B66000EAF701F911EEFD050F080AF7FC0A0104DB
:10B6700004070A021F0F0AFBE7F2EB37F80630EE69
:10B6800016FEF40AF70E0A000321F715FF00FFFD6E
:10B69000010610DCE8FFF40802EF05F3FFFD06F9F0
:10B6A000F711FBFDF9090200ED12E6EEFE0CE818B9
:10B6B000E8FE1212FE0801FE03000DEAF3FDF4138A
:10B6C00002F9F10AFD12D7E5040F0909FF0B02ED9B
:10B6D000FF07FFF3FA08021401FF03F00814EFFD5F
:10B6E0002C0EF50402020CF501020BF6FF0DF4F42A
:10B6F000F9FBE3FC08FF39FC150521F0FF09FD0EFD
:10B70000F5E8FD0EF8FD02FF0702E7F9131817F43C
:10B710000D0C13FF0F000E1EFA020F160207FD0498
:10B72000F8FDFE1E2015F4CCE8DDECFE070204FE59
:10B73000021E04FCF1190206ED020FE2E2F0DFFF47
:10B740000017F9060A0E080A1A010AF5FC16FA0E85
:10B75000F603F2F0E6E1E2042305FFF9FA13FED660
:10B76000FF0517FE0D0306FAE6F9EE05ECF1D3F539
:10B770000AF613F6070306F7FB06030F15F8F6FCA7
:10B78000FD1109F5FA1AF2EEF9C40D03020DEB0FE3
:10B7900005F30FDA0F0607060EFBF829053DE70053
:10B7A000EDA601FFF820030703EA1AF72EF70B14A2
:10B7B000FDF9D2EE033DDDECF0D3140FFB1C00FBD2
:10B7C000FF260B1BFDFD0105F9FFEAFF1C03E8DB6B
:10B7D0001621F0FD01080907F81C0218FEF40EFFFF
:10B7E000F2FE27BB11D8FD05010C05FB0706FE097B
:10B7F000FE0F090E2A0A0AEFDDFD070D0401DFF630
:10B80000E508F20D080FFD06FC0B1304290805D509
:10B81000F0F6F1E8031EEEFBDE05E909F807081271
:10B82000FD070A12FEFE07FBE3F9E7F81010070018
:10B83000F4FB02F7F9070FFAF4F703EAFBFEFB004B
:10B84000130C01C4E20515F4F2000103FC0F0B0513
:10B85000000BF6EAFEFD06FF010C1FEAED07A70B41
:10B860001CE317FE080709EEF8CC14F6050004EAFD
:10B870000A1107CFEFF9C7DFF203090303FAFC0946
:10B8800002DD0507F7F900F5FFFD10F703D9FDE824
:10B890001A020103FAF3F1F5F7FCFC06000713F5B1
:10B8A000090201E70CDCF2F8DEDA0BF9F90804F31F
:10B8B00003CC06F410FC04FAFEF6F7D1FAF92CF5E5
:10B8C0000EF9F9FD06040202F4F0051807F207EC80
:10B8D00007FEFCE70FEF100300DE06F000FDFF0A95
:10B8E0000600F51514FFF5DCF9F506E914061F014D
:10B8F000FBD1FDF6F901F7E50121FD08010600FF86
:10B9000002EE01B4F4FA252AF03603FA0A03F6F837
:10B910000CECFC1BEF0E0300F4F0EBECFBCF26E588
:10B92000E63F0B0B03000B2109F50814EB11000196
:10B9300001011B09F4F3FC17054DEBFDFF07000F98
:10B94000FE11EEFC10FCF30F10FCD8F81A2107FED4
:10B95000FCC403F6FDFEEFE008DBFCF4F704F302A1
:10B96000ECEDCB0DD01406ECFFF6FB0106F8F8D990
:10B9700001CE091CEB0303FB08F3E139040042F597
:10B980000AEF06F7FFFBF514FCDFF5FF11FC0901D8
:10B99000E20A0F2A021BFBED0ADC13FAF511090F6C
:10B9A000FFC5FD0012EA080BFAFF0BFBE7161004B7
:10B9B000E7EEFEFBF806F9FDF8E1FBFF040A07F9E4
:10B9C000FDFDF74A0107E90D521DEDFDFAF9F4E519
:10B9D00002CC070501FAF72DFCFADC37FB1825E647
:10B9E000491A0DFD040102D3FAFFFF10F602080BFD
:10B9F000FC070E2508FF1501070219F2FFF502EBFF
:10BA0000FF05120EFFFA07FEFAFF08240EFE002DB6
:10BA1000E0120DF7FFFE03ECFF19F201F30103EA58
:10BA2000FCEC0CFF0AF8F401040DFB120304F9E826
:10BA30000B22010BF304FD0D0C01F208F61AE506CA
:10BA4000DE180B0FFE190910F2FCFC09F80BF2FED0
:10BA5000F1F8FCF1F105F6080AF314170212F6E505
:10BA6000FDF110EBE70605DCF80F04F9020DF8FB19
:10BA700012FB02FF0004FBF401FD0A0706FBFAEAD1
:10BA800011142BCD0508F5F9F41E0B110017F70062
:10BA9000FAF812E008FBF8132201F0100166E0EA60
:10BAA000DE0E07FBF50AF92B02E120D83DEB0E155F
:10BAB000EF0EF502032FE8E6F6ED0CF2040DF3D5D8
:10BAC000FB30080228FEFDF7FD0EF7181B1215FFCC
:10BAD000150A10F2FD0602F2FE2FFF1D0C1C0317C3
:10BAE000F61C07D4F9F8F1FA15110FE5010704095E
:10BAF000F20913E11FFC060EFBF90F15FE18E30215
:10BB0000EBF6E603061400F7F616080A181B10F504
:10BB1000F6120AF6EEFABDF7E919DF09FE070B0087
:10BB2000FA2310FE1CFA11E91505E2060A1F0FF6AA
:10BB3000E5020509FE0C03FD0601FB14F300F515F3
:10BB4000FE01E2CAFC040FD0241916F809F8F81413
:10BB50000A1102E8E81AFE03FE0420B4FD18AD0441
:10BB600033E308030313F51200F005E70B0B09E5B7
:10BB70000FF9DAAAE8E6D4F607F40CFB080D04FD89
:10BB8000FBC40746FB050911EB0D0CE824C7FABA04
:10BB900001E103FD0404F9F210FC01E8070D0305BF
:10BBA000FD090AF011F1D4F8061EF5F4F80207F6C3
:10BBB00003210B0CF4060502F9FDF5EFEEFCFC1673
:10BBC0000719FEF7030E0AFB02EF0F00040FF8112E
:10BBD000E9F1E9DAF309EEFC3D2B0AF8FC0602E490
:10BBE00009EC04F408F80A05ECF1EFFFFF06D4EEC7
:10BBF000F8D511F7F207FCE702FFF6FD05F70D0196
:10BC0000FAF6181518F5C2F401EBEC07FCF901047B
:10BC1000090411E710FC040807F7EFF7EA27F3031C
:10BC20001005E2F80007F513FC0F0A0000FC0506FA
:10BC3000DF0602F6D80702F70400FE05F80AFEEF59
:10BC4000FC5802341BF703E8FF00CCE51CFFE3F6C9
:10BC50000D1A09FA04FDFAF8091A0815040E010272
:10BC6000EE110FDA14FB03040B0F09FBF9F9F9E4E9
:10BC7000050309151A0404E5EFFD0312EB22F3F5A1
:10BC8000F10604FD03FDFE16FA1FFEFC050D00DEA5
:10BC9000F80EEEDBE9090600F5F1FF14F50FFD10D3
:10BCA00007EEFC02090106DDF101DFEAFF3008FEC4
:10BCB000EBF509FE05F707F9FDD9FFF305F8F700E5
:10BCC0000A0AE907EC0EC7E80F060BF60A02F8E2CB
:10BCD00003F20DEF0111FBFA13FF0904070E100523
:10BCE000320D0DF701FEFEE002E211F5120E0CF529
:10BCF00003EFFAFEDD0018F0FAF01CFCF90601FA79
:10BD0000FFE60C0816F908EEFC0CF9E806DBEBF38D
:10BD1000FBFA0607FD0AFFF70F1F01190206000ACA
:10BD2000F8032AF025CED1FE17D1F91BFA08FFFD42
:10BD3000031BFFF0FF02FDDC0708FCDEF4DCEB0B6D
:10BD40000DE9F4F802F5FBD7FF32F4E9F1FC03E169
:10BD5000220421F901D0E62325C71207FDF003C212
:10BD6000031403F3E3F0FBD51C1241FEF1CCF52CD8
:10BD7000FC0F110902F9F604FB43F1FCF20E06EB8D
:10BD8000F903E816DBE50E040300FFFCF3EE0408FC
:10BD9000FF17EBEAE50901F411100AEFFEE3DF01FA
:10BDA0004700F8F0F7E303E00323F309FC0E02F386
:10BDB0000E0502F21AFCF22019530204FFFEFDD612
:10BDC000070F030FEE0EF009F704F9F90213FF0F46
:10BDD0001F2216F7020EFDF50A0705FFF403FA21EC
:10BDE0000507E111E302EFE1FCF5030BFFF608168E
:10BDF000F5ECFAE204F8FCEB120504DE1327E2F19D
:10BE0000EA0EEF0C00F5F01006F202F6020AE80561
:10BE10000AE821F8F926FC0F0429EBFF01060CEED5
:10BE200007FC10FA180FF81601020018F92DE4F6B5
:10BE3000060B21FEFA07FC020F05030219F6F30AAE
:10BE4000E701F2171A01F7E3DCF8080205FDF7191C
:10BE500008F005FC09F7FDF0E4F314F6F60AF2FE2B
:10BE6000ECE7EC09FA0000FEFE1806040BF40A00E9
:10BE70000A1707EFEA0001FEFFE500FB07FE0E02CE
:10BE800000F2021304F2FC08FD07F6FEF10B0CEBC6
:10BE90001CF90F060A06FE07FFEDF70C03F8F40184
:10BEA000F7F704EB09FA090FDF01F9060A04EFEDD1
:10BEB00004F20907031001FEFF09070B03E319FC55
:10BEC000BFFB16010500071301F505FA040405FB85
:10BED000F7F7EB0EF4FD1400E505F603F9FE062076
:10BEE00009CA12FAFA010A0609FDDEEFE81C12F887
:10BEF00000B21AF811FDFC15F9E30CE911F5051D66
:10BF000004F709F90901E1C7210F08FFFCFEF0F071
:10BF100005E2FF1C02FDFD050EF2F41DFE2C27F8C4
:10BF2000F712070FFA09FDFE00D308EB1DFAF5130F
:10BF3000F8F3F804F00FE8EFF4031AFA140303E837
:10BF40000925082108091DFEE106F70C18E6FB0388
:10BF5000240901FCFA0602E6FA390824FBFF13095A
:10BF6000F909FBFA0AE9EDE5162C12FDFB1004E0D5
:10BF700003030DF3FCF90A23EAEF0524E9D4E50FE6
:10BF80004C32EB01FDFA04FB052217191611070EBE
:10BF9000F410D5FFF6FEE30E0800E9EEF60AFA0FFC
:10BFA000F91609FE060FFAFCFD10E30A0A07F2F47F
:10BFB000FEFC070D0509FBECFEF9FD09F814F50878
:10BFC000E6FBE6B4F4062BE6FC0DFF01FB0403FDE3
:10BFD0000216ECE90005F10A0E0715E5FC1EF1E971
:10BFE00016F009FD0616031EF5E220060C00FFFA06
:10BFF0000708E6DCFAF71CEC17F90502F8040AFB5F
:10C0000009F4F5250F0708FFEBF2F4D626F901C86D
:10C01000FCF20A01FB08F9F50BE40AFD07FFFDFC41
:10C02000F6021515F00FFDF1F9D20803FC040A0E13
:10C03000FFE509F7F8F8FB030F01FDDAFFF512FE43
:10C04000F9D207FE02F704F0F9FFF4DAF9F300DDA4
:10C050001A03270115D7ED0BFCAA0602FBE608E937
:10C06000F520F9FCC50502E0261B2D07FDCAF619CF
:10C070000813E6FD08F802FDF92704F7F111FEEEBA
:10C0800013040F0FE0E8FD16FAF30EFCFDEEF914B1
:10C090000C05F2F9F80F0AF5FB1304FE08DAE403C5
:10C0A0001A1DF1FAF4F500EF0716F609ED0D02EC92
:10C0B000240900001FFFF51516FCF700FD04FCFB2A
:10C0C0000112F707F00EF3F0FC00ECEEF61BF2FCA9
:10C0D000101316FA000A0AF1F5FEF9F4040AF10940
:10C0E000FB05E206EC1EE5E7F6E30D070308F1FDAC
:10C0F00002E3FEF0F4FFF7ED1406F81423081CEC3D
:10C1000016FFFDFBFA05030A03E305FF1EECF4F737
:10C1100000F10C0D0C1A1F08091AFCFBFA0A00FEAC
:10C12000FBE7FF0F17F5F313F7F3E300FF0D04EA46
:10C13000EEF8F401F50404FBF505050D0DFA0325F1
:10C14000F1FBF80B0F07ECE9160B0506F80C0011D4
:10C1500004F0FA1206F1060AFA030AF407081806B0
:10C16000010AFC04000FF705F510F9060B0A090C8B
:10C1700001021107F90E050707F1F602F7FEFE129C
:10C18000F91E031AEAED0C08F2FDE70CFAFF0705A9
:10C19000F9EEFE01F903F90EFEFDFF0DEEF9F5F5DE
:10C1A000F20609FAEF03F611EFF90D0009FBFD04A1
:10C1B000FBF506F3F700FE01040513FB0800E6FE9D
:10C1C000F9D2091206F7FB24FBF50ADFEB04EF04B2
:10C1D000100B1C0103FEE7FCD3B0130602F90604A2
:10C1E000FAF9FEEBFB0604F1150D20121E0101F712
:10C1F000F5F9E702FDFE04FFFB210E02FC0402013B
:10C20000130D01050105F0F60FFF0D0104FFFB05FD
:10C21000F70DFFF9FC01FBF618FBFF130D0CEEFB0D
:10C22000FA1D040B02F8020DFFFE04ED02F808E50A
:10C2300005F90A071B01E5FEF2F303FFFD0007FC09
:10C24000001709F502F6F6EE0B1212F108F6EEFFF2
:10C25000F905FC000304FAFEFE0F0012FCFCFEF6DA
:10C260000612EDF802EFEFF6020308F7FFF90111ED
:10C27000FC1EFD07020303F7F90009090800F20498
:10C28000060B050AF802040E0B1619030902050233
:10C290000E080EF8FD0502FC00FFFD03FF0001F98A
:10C2A00001080B03F8090DFD0B0E0FFDFEEDFDF867
:10C2B000E505FA070908FC07FF05FF0A01F6020079
:10C2C000070DFCE0FA1206F901000DFCFAFBFB0B6E
:10C2D000FA0A01F0F20306F80D000BE407EEF3038F
:10C2E000F4F0F8080CF9FB00FEF20CDEFC0DFEFF8A
:10C2F0000A0302F0FCE8F70FF9F70502060B00004D
:10C30000FDFE05EA05FD0BF506FC0F0714ECF4FA3B
:10C31000FCF7FE03FEF8F714040001F5FF0503F433
:10C32000090200F8FBFBFC1BE0C1FE0108000B0545
:10C3300008E9F3DBF50601FAEDFDFB02F4FC09EB7D
:10C34000E2D213FB04F10612F5F704F2D607FCF271
:10C3500009113507FCD3EADCC9E8E90DF0EFFD234C
:10C36000F0DFFC09E51503EC0FF7111506F7FCF3F8
:10C37000EAC9E7FF10FB0606FED704F3F5FB02ED62
:10C380001B15FBF30806ECF51D19FFEF0601FCF980
:10C39000FFF7030802F9F2F907F5EF351111140D53
:10C3A000130923FDFFF509ECFAE6FEF1FDF6F5FBB6
:10C3B0000E020921340FF0E7FCF216FAFD03F3E652
:10C3C00002E618F103ED07E7F000041615DEFFE5BD
:10C3D000FCE4F9FFFBFEFEF8F806FE0300FEF41194
:10C3E0001BFD09FC200718F80A0F0509EE00FDFBEC
:10C3F000F91D030709050E22F100F018FBC6010024
:10C40000152108FFFFFFFAEAF60105F32DF80026D3
:10C41000FEFFEB01FF2A11031C020A01FCF10204DA
:10C42000FF05F6EC080BFD07E8F4FA030A180EF90D
:10C43000F400F3010E0EF600FBF800FC070009F013
:10C4400003F713ECE7291305F5FAFCFEFD13F6FBE1
:10C45000F60B001501F5FC140405F2CD0AF911FDE7
:10C46000EFF4F20303000CFC07EA0104F6F805F20E
:10C47000EAFE0DF301FB2211FFFD0E05050203F399
:10C4800003E601F4F9000E06F1EB01F10A19FFF5DC
:10C49000E0FEE900FA0501F8FDF603ED0B03F20EEC
:10C4A000F2030309EB2C000D11F5EDF2FDFF01EB9A
:10C4B0000614F4070206FF01F4F9F2F8EBCC0D11B3
:10C4C000192BE1F8090A00F1000803150805070611
:10C4D000EDF3E3FECF03130E4249FAF9EF2300F721
:10C4E000FEDD070515070E1BDFF6CDEFF41806FD80
:10C4F0001EDF290C0008061B09EDFCF300EAFE1202
:10C50000EEF0E8FA0A11DEE30200F8FF020EF30C87
:10C5100009F6ECFCFBFAF40803E6FC05DE0C0FFC64
:10C52000D9FAFE07020FFBFBFCE00D001104F82610
:10C53000F4FBEB0FDA0AF9F8090710FF020F020902
:10C540000724100E07101013F217FA1A0ADDCF1A7B
:10C5500022FBFE06FCF3FDF00D17FF2204FC27E88A
:10C56000F4F711FD1EDEFAE9040E00050CFCFCECEC
:10C5700001F707F8FFFF0809F6F9030BF706EC08C7
:10C58000350DFAF2F20302F6F90A0117F60B03046D
:10C59000F201FCFAF7EA0416010006FDF005FD02BF
:10C5A000FA190308F30005FBF400DDF809E5E9F6E4
:10C5B0001BF20107FC01EFDEFD0F01F8E6020707A1
:10C5C000F0FB01B9FFE70B10FD0501F605FB04EFD9
:10C5D000031009FDF6FEFC0AFE0D14EFFD02FEFC41
:10C5E000EF090106FE0E0311FA07FD140E0AFE0DF7
:10C5F000EBFE07E1EB0807F30F10DF0D01FBFE1B5D
:10C60000F3F2FD0701F907FA1405F5EDFA09EDF16A
:10C61000EBF8FA0500F9081902D702ED0714FB013F
:10C6200016090A0AF811E7051B02F8F703FEFEF0E7
:10C630000904FDF7EAFFFEF502FE060F00E8DB0A3B
:10C640000801F8F0FFF7FDE1F31BFBFCEF03F9EF46
:10C6500002011A0C03EE041800F5F7FDFBF303FECC
:10C66000F80406F0F6F4FB0B0111FBFEF0FCFA10E7
:10C67000F6F60CFD03F8FC1A05FB00E4050607EDD1
:10C680000204E9160B08F806F5F8F00002050AE8BE
:10C690000222FCEFE9FFFDFC030008F6FBDACC13F5
:10C6A0001C06EEFEFCE9FCD9FF160005F7FE01FDB5
:10C6B000120903F2F2CEF3140D11FBFBFD0003018E
:10C6C000FEE003FD0809F7E5FB0614E1E103170AA4
:10C6D000FD080F0EFF00FD1C05E3FEEE040300F253
:10C6E0000F0E080BF513DFE0F4EA0AFEFBFA0CFE6E
:10C6F000F9FFF5E8F1F2F6F0211C1AD21AFBB1F4B9
:10C7000019F5F7F802F9FB1A02E4FEF5F809E3EF70
:10C7100005FAEFEE11F1F407040504000D0203D948
:10C7200004040901F700FAF6FBFD0802F2F20AE739
:10C730000C0304FCFD07FA0204250E0F03FC08F1AC
:10C74000000D0BFC05DAD2F1F1F009040808020F24
:10C75000FDEA0310F9FF06EA090D00EB181724EFB4
:10C76000E401F402FEF8FC1608E9040EF8F6F2F90A
:10C77000FDF7F8F9041810E808F70004FF06F4EFD5
:10C78000F81600F8EBF8F610010C0902EDEBF0F1E9
:10C7900006000FF9FD07FFEAF51BFC0FF202FEEBA6
:10C7A000F9EBFBEF19E80D02FD00F5FDF50BF206C4
:10C7B000FEF0F1FF020802FCFAFFEC01FAE9350194
:10C7C0000C14E9F202F601060CF00413FEE90F0165
:10C7D000F301F3060AFE0DF31B1D0C10F6F6081705
:10C7E00003DB05F40CFC14FEFBFC1E072011E8F033
:10C7F000FBDC000106FD010E04FD0BD7F7FF01FB7A
:10C80000010D141014E6B9EA0430F4F605F906FD3A
:10C8100007F7F2100CFCF8FCEAF0F20AF2E0220949
:10C8200017F705FA00F9EEFD0F07FC08FAFCFA17F6
:10C83000FCFFEBFAEF0BFD08FB1F010802F40903F4
:10C8400001FCFE09EF130FF9050317F80D04071299
:10C850002F07FBFD04F0F6FD10FFFE09FAFCFFE2D6
:10C860000805FFFB16FDE3FBFEF80001FFF801F9E8
:10C8700004FD0C16EC02F31301F40107F6FAEE0BBB
:10C880000BF50D06F70C04FF0808061601FBFE0663
:10C89000FFF7E4ED030F181104EB11F9FFFDF81198
:10C8A000FD07FA0DFEF50400E7FFFC00E907F5FEC1
:10C8B0001012FCFE080106F6030CFDFB03F9F1F56E
:10C8C0000CFFFAF21307090CE004FB000800F7EC78
:10C8D000FA00070202F5F30BE703181EF8F2330122
:10C8E000F01C08FDF90606EC0F12FCF90206090718
:10C8F000F4FC0C34000CFC1AF10AF600FD0607FFEC
:10C90000F12EF6E712050AFBE4EEFFF5E0EDD81292
:10C91000F5FBF7FCF80AF103030404EAFE01061133
:10C920000A0901EEF00B1D0501F903FDFDFEF706F6
:10C930000508FDF9F8070A05FDFB00E8FC01F3090D
:10C94000E608EEFBFD00FC0211FBFDF606FC0AF218
:10C9500006080FF4FCF0EE030704FA06050207F1DF
:10C96000FC01F9F102F9FAFAFBF6F500FEEDFB0223
:10C970000AF20707FAFAFF020403F7FE010803FBB5
:10C98000FA01EFFBF30B050011E909F707FAFCFDCB
:10C99000F7F2F80202F7FC0101030701FCFDFEF5C6
:10C9A000F6FD05FBFBFBFB06060302FE0A0306037E
:10C9B000F1FFFF05FF0CFA000104F7050503080568
:10C9C000FCF507FB040B010004070CFF08FBF8FD56
:10C9D000010BFC08FE02FCF507F90702FF0A07102D
:10C9E00001FD100CFBFFF80801010400FC0303F734
:10C9F000FDFD06F901020210FCFA0605FAF4FFF843
:10CA0000E7FD0CF50608030000FCF1F4EEFF02FA66
:10CA1000FA010509FDF7F9FD0D0000FEF7F6040027
:10CA20000DFF040704020CFD1108FDFE0902F8FCCD
:10CA300016070406070DFAF7F8FD0403F8070501C9
:10CA4000FFF50501FB02041C020902FD000702FBC1
:10CA5000FA03040006F9FEF7010DF81200010509BA
:10CA600001FFFD03FE0600F9FC08FCFAFF09FD0BBF
:10CA70000709F9F60002F001F9080CFEFC04F104C4
:10CA800003F800FD0005FD05FB02FFFF051300F89C
:10CA9000E104FAFAF6FC04FF03FE000902FDF7F2D6
:10CAA0000805FBFE0D0301F8FB19F606020908FB59
:10CAB000FF1BFB0808FC0302F805FEF8FFF7080B54
:10CAC000F8F6E7F5FC09F9F9020902181DF609194B
:10CAD000F3F3F712F403FC12FA3BFA01021008090F
:10CAE000FEE70D1104FF0412EF00E709F62C07F32F
:10CAF00003F91206F603010905EAEFEB030609073D
:10CB0000FA03FC0BFA0AF8E317C3FE010508030554
:10CB10000BF9F70B0BFB050C07F4FD01EA0C14FEF7
:10CB2000FBC1FCFF07F2F6F904E90AEF10F9FD1E5C
:10CB3000FD07FC04E0F1E808F3DB15FC04FC10043D
:10CB4000FE0BF909FC07161AFE04F6F90EFAE409C1
:10CB5000F343FB0B0D0806ED0102F31CF6FB13F586
:10CB6000FF06030E0AE802EA091AF6F8FF0306E9CF
:10CB700011F201FEFA00FF0BFCF10421F7F30E0A9B
:10CB80002914FDFB050207F6001AFB16FFFC04FF43
:10CB9000F4F3FA0DF3E2E6000C0A00FEF7010106D9
:10CBA0000313FC08FE01F2FEF803DFFD06F4F5FCBA
:10CBB00012F6ECF70B0702EE0506F8EFF60BF50C94
:10CBC00002F502D103F813F2EC0902F705FFFEF5B6
:10CBD000FA200202FE010111EAFF01E8FADFFC007F
:10CBE000F0FA02F90102030206F6F8FE0F02F20E55
:10CBF00000FB02EBED000202F4FEF5FC05FCFC126A
:10CC0000F5EE00F1FEF9FAFA14FD00EDFE0CF8F86D
:10CC1000E7F4F803FB0500FEF8EB04DA04FC08096E
:10CC20000EE70501F511EFEDC6C8FF040FF2F8F9A4
:10CC300000ED04E5EB0805F301FF15F301F3FE0138
:10CC4000F7E2FA0A00F3F81905FDFEFCEBF307DC46
:10CC5000250C0FE706D40006F5CFFCFEFFF8FCFE1E
:10CC60000316F8F4E2020EDE0F0E24FE08E5EA17C2
:10CC70000B20F10201FCFAF6FDF6ED03F1FF05E1F0
:10CC80000A0D010304EFF30704EE11F901FDFCE9BD
:10CC900005ED0DFBF4FBFDFA0BFFFE0A0AEEFFFFAC
:10CCA000FE010FF2F7F9F805F9FAE8E9EF01FEF2F3
:10CCB000FAEC140C07DEE611F73FFFFB02FD08DD7E
:10CCC000FE000BFFEC03F5EF1201011401E0EAFE98
:10CCD000163709F90802FEECF8F8FDED0303F8F148
:10CCE000FF02020DFF0FEF24F6150EFFF4FEFBF21C
:10CCF000FE04FC02E9FEF404F8F808F801F3E0F998
:10CD00000D0BF30BFBFA000FFC13F8060507F11DE2
:10CD10000A091B02020C04060AFEFEF8F90205FFCE
:10CD2000FBEDFB0CFA0AF3100204FF01130C0800E0
:10CD30000E090607FB03FE0100F4FCFB0B0AF80DCD
:10CD4000F6E8F81805030C03FEFF06F70B0901F6D9
:10CD5000FF1A090C02FBF3FDFE04FCF00306190C9C
:10CD6000F2FAFA08F90210170101FE0CF3FE0500B1
:10CD7000FCF010FEF0042900EDF9F6010809041496
:10CD80000C00FB020302FEFB0FFFEA0BF314211D54
:10CD9000DC1502F605FEF702F9EB04000C0B040C9F
:10CDA000F909FB07E71727F01AFA0E0D0EF4010236
:10CDB000F400FEF20BFE04DDFCFD04E9FDF7E301E7
:10CDC000210E07FEF4001008EFFD0512200C09F4F7
:10CDD0000101FEFD01F608F3CC1702FAF9020CEE90
:10CDE00001F7F603FF09F0E31C11EE01090A29F32C
:10CDF000052BF3E508FA02EFFC15EE1B000AFDF126
:10CE0000EBF2E3AFC70F5513F8010CF100F8FE1079
:10CE1000F4010B120601FCF505F4FBFD0218100AE3
:10CE2000DD11FDF8FE04FD0302D9FE0CF40801EE4D
:10CE3000F306270714030CF2FDE6E4FF03F91008DC
:10CE4000FBBFF6FB06EE01111608F0110F0EF4F40D
:10CE5000E1ACEB01F3FEFAF9FDD2F7ECF9FBF01CC3
:10CE6000FCFBF510E3042C1B10F601FCFE0B12FA80
:10CE70000BF9FE1CFC100307F700E00606023FF763
:10CE8000FEF214FB0306060FFCE90814D6FE0AEABC
:10CE9000EB101B2508010CF2D6E113FDFEF3FA0797
:10CEA00005DBF7F0FC0101002519121014F005094B
:10CEB000E7E1F3F9F3F1030AFEC8FEDDF9040AE540
:10CEC000060DF425FFF9EA222BF5F603F20B04E137
:10CED00003EEFD1809F7FC30FFF1E41DE9FD35F123
:10CEE0001FF9030101FEFAFAFF11FCFEEF02160220
:10CEF000F40BFB08FFFD2910F3141E09F7EC03F7F0
:10CF0000FBF0FE0CE106110A0E06041D4518071B76
:10CF1000050FFCF810F5F40601FCFB08FC02FDF11E
:10CF2000F9F427FEFE1EF4DF00D20D05FC07010216
:10CF300006E0FDF9F3F7FFE60CF9ECFB0AFB0BF753
:10CF400000E7F205FAFFFE0AFAF2000B06ED070011
:10CF50000504FFF6FD0A0FFD4546FB0507F8FC0733
:10CF600001170412050405EA00010E0F0B1D0C0A3F
:10CF70000D060B06040602ED0310FBFCF905FEF49A
:10CF8000060CF30F15000EFDFF1C00FEFCF9FCE182
:10CF900008F9FB060C02020FEF08F7FAFEFD15FA7E
:10CFA000F10E0DFEF70000070901F6FBF80B0FF478
:10CFB000FFFB1702F40015F90240FB040BF6021503
:10CFC000F609F5D0EC050804151600F702F305067E
:10CFD0000221FE0C0BFE02FFF9DFF7DD03FB0AEE78
:10CFE000F7F309070C02F732FA02F7F8F5FE03ED42
:10CFF0000AF9F90CF705FD0608FE03D6FF0319131D
:10D00000FB07F1F2FDFB05240B17FEFFF6F1F5FD22
:10D01000FBF410F903F8000F04E3EB0703FAF9ED52
:10D02000FDFDF418F20104F4F60C12F601F402FB13
:10D03000EB0BFDFAFB06F80100010712F0FC0500FE
:10D0400002F50CF40BFDFA20C0ED05FC00F1FCCB61
:10D05000030807E8E9F3F905EFF7111CEFB7FD0B3B
:10D06000C6FB08FB01E807F40510FED0ECF9001040
:10D0700002094BDDD4E1B60ED3EECF1103F4F50C6B
:10D08000F50405D5F4F2F9EB0C1C05F6B4E6FA2527
:10D09000F3F2D4FD07FAF8F501EAF4E1F9EFECFC5C
:10D0A000070AF3EFC4F5133503D0FB0EF4F30904BC
:10D0B000F6E9F2EBE9FB0BF9F5FC14F8EDD8F00317
:10D0C000F3C71C0A04FC0AFDF60503EDE91315E697
:10D0D000F9141E0BF7D3BDFAF513F902FF03FBF6A3
:10D0E00004F90513030BFCDE01010314E7EDE9F17C
:10D0F000FBE8FB0306FFFFFBF9FD01FC0908EFE27B
:10D10000030EFAFAE8F90202E332040310F402F320
:10D11000070EF8E3F90CFD06F308FE08F9EFD80A4C
:10D12000C5DF0BFAEE08FB1AFFFAFAD0F612F9EE99
:10D130000EFEFDEE2235DAF1F2E10BF8030900F6FE
:10D14000FB00F901EBF302E905FDFE012FD6DBF050
:10D15000FBEBE3020AF4F6ECEF05F8EFF6EC08FB64
:10D16000090712D025FFF2F907E5F6F60A0AFB20B7
:10D17000FD030B0311FAFDF0EEEEECE20536F9DBF0
:10D18000D4F8F6F8FE060304FAF002152FFDFE08A7
:10D190000DFBE8DD2B3B2AE5DB0D010408FC010E4D
:10D1A000FDFD080AE903050CF0F902F9FF0DF0E9AD
:10D1B0001C28FBF805F3F70BFEEAFE0B0606FDEE56
:10D1C00007F90AE6041F353217EFEF07F20AFCF100
:10D1D000F11400F4FDFE22EE06F6F90EEDCA30F26F
:10D1E000EA070200F4050DDBFAFE02EA01E81D0978
:10D1F000110B0810F6E01608DEEBF10504FA0DF746
:10D20000F9DA00D8020A13FDF9020001C7E5F71E9A
:10D21000F7FAF3F90206FE04FDF0F5FA0003001038
:10D22000140DEEF7CE0E2F17CAD0100109FC06061A
:10D23000F301FFE50107020409FE09F7FD08DFFF1E
:10D24000EADBFC08FF16F81600EE1AD2F8FEFDF92C
:10D25000FC051DE2F4DBD2FFCCF10A090BFF05FC53
:10D2600000F106E70002EC0310FD08F2FEF8FC04F2
:10D2700019F409010E10F8EBF9FB06020CEEFD01A2
:10D280000E0109F62102D6E51CE50800F903F9FDB7
:10D2900002E6F6F307F9020F1BFB032D021FE0E580
:10D2A000F424F6110F08F80E080700F61FF20B22FF
:10D2B000FAFB030DF105DCE5EAF70309F71B0108AA
:10D2C0000221FAFA0CFB050AFD13F50610F1EDF246
:10D2D000142AF6F70C0804F5FC31F62003030306C4
:10D2E000F7EFDDE7F2E706060D24121404F9F3E088
:10D2F0000A4D0B0501F8FDEBF0001105F2ECC90336
:10D300002527F4FF1109FAF5032C0DFAF20B03EEB1
:10D31000EC0AF9FA00EAEEFBF705F507FB0803163D
:10D32000F9FC0DFD0205FBE60018ECEC0CF62A07F3
:10D3300002F2F90102F5F6F8FFF6FCFBFC00F0043E
:10D34000FC00F3DDE907F8F701EF060D0108000521
:10D35000F90BF6EAF30906002C0833C5F404D60AE3
:10D360003FEE070C02080AEBF5EB18F904FEDDECC2
:10D3700021F8F4C8D9D80FF928ED18FAFC05FB0FED
:10D38000FDDA060E0FF301E60301000713EFFBE1E0
:10D3900024000704F3FF040B0311FBF8F5F507FE67
:10D3A0000A0B19071CE8E916FB270005FB0BFE0119
:10D3B000F9EC08F50205FCEBFD0108F9FBEBD903DC
:10D3C000FBB80F0C04F9FDFCF5F601E2FC03FBEAE7
:10D3D000180F33F20DDBD2F9FEC2FFFE02FB0F0580
:10D3E000072604EFF40507EE0B1D493102D8EB08C0
:10D3F000EF15E4000B0302F3011603FD08FEFB0129
:10D400000C0BFDFFE6E6F60909E610F6FCF4F50262
:10D410000209FFF0F80210ECFF00F10B05E2E5163F
:10D42000F81B1305FDF5F407010EFFEDE602F3E628
:10D4300011F515FE2508EC0301EAFFFFFBF804F3E4
:10D44000061704E9EEF9F1E41A051CF90CE7E50109
:10D450000B01FBF4FA0209F5FE0A0DF2F6F0F100F9
:10D4600004FEF3F3E309E20C06FE1303F90A0A01D2
:10D4700000F6E914FA0600F9FBF903E116020B04C1
:10D4800000EDEFF7FBFF0A320B03F10D0BFB01ED93
:10D4900004FA010705152417F1F8FEF1FDF1FEFE6F
:10D4A000020EEA03EEFCFE02FC0106F20AF1F5FDB3
:10D4B000EEF4F8EFFE000502F5FE000AF104FCF5BB
:10D4C000000302F9EEFF1D1AF00803FDFDFCFFF05A
:10D4D000FC07FFFFFCFE05F4FB03F6FAF9D2F7099F
:10D4E000FFFD01FE07F004020D0001E3EA0514024E
:10D4F000FE013A00EAF0EF11EC06F30408FBFE0D22
:10D5000016F1FDE5F5F908F5220EF5F6DA030D330F
:10D5100004F70709F2F70305FCECFBF1F405F4F05E
:10D520000EF00AF7EBF9FF1C10F8FC07F9020002F5
:10D53000070402FDF80602FCFF02FC01F3FA030AED
:10D54000F404030106000106FF00FAFFFC07FE07D2
:10D55000F904FDFF05FE00FEFE04050000F307FAD6
:10D56000FF0009FDFFF5FA03FE0806FBF7FDFD08C5
:10D5700000F108FDFEFCFB06F5FE0702FDFAFDFBCF
:10D58000F90506F901FE00FCFF05FBF50104FEFFAD
:10D59000FC0200010706F3FDF902FC01FC0202FA9D
:10D5A00005F6FF060A05FBFEF6FD0605FD00FC007C
:10D5B0000103FE01FE03FE03FCF6FFFDFD07FBFC7D
:10D5C000FBF601000201FCFC06FCFBF9FA01FD047C
:10D5D0000DFCFD01FDFFFC03FAFA00FAF9F7F7FF75
:10D5E0000B01F2FC000200FEFBF702FCFDF9000259
:10D5F0000501FE0006F903FB0C05FE0501FFFBFB20
:10D600000701F80B01FDFBF9FD020604020301FC12
:10D61000F903FFF7FFFDFAFFF9FF04F8FDFD00FE37
:10D62000030105FF03FEFBFEFEFFF5F6FBF9FBFE23
:10D63000F5040A02F501FE0100FDFBFCFD0404F8FF
:10D6400002FB01FDFB0207F701F801080802FDFEDD
:10D6500001FF0202FA04F900FF00FBF501010101DC
:10D66000FF050002FBFA09FC050209FA0402FA05AB
:10D67000F20107FAFE030006F4FFFDFAFAFD0607C1
:10D6800003040004F701FC0000FD000AFC00030590
:10D6900000FDFE000100FE0401F7FD00FFFBFFFEA0
:10D6A000FB030A060BFA00FD10190DFAFEFBFFF052
:10D6B0000A06000002FF02FF02FAF1FE0AF2EE0A79
:10D6C000EE21F809011905DFF104FA130504FE083B
:10D6D000F6F8E60CDE0720FF3A450BFFF90F06FBD4
:10D6E000FDFE000D06F7070EF3E5DB12F91402F25A
:10D6F00004E326FE0305F7F5FCE00107F5FB030054
:10D70000EFEDDE1A0EFE0FFDE4E8EF010402020069
:10D7100001F70002FEEFF906FF000DE60A08EE072A
:10D72000F517E10C0102FEEEFC02040C120E0311CF
:10D730000AFB00F5DE0CFBEA012AF9FC0E040121CC
:10D74000F60805121D14122EF4FB05F50406080C4C
:10D75000FC241305F8FDFEFD0ADE0DE516F906FBB7
:10D76000FF001F26FAFC1109EAE1F0030410ED188E
:10D770000305050A0EFA00F117F7EDE4F70A0D109C
:10D7800004EEFB04FFEFFAFDFDEFFCF7F4F7ECF617
:10D79000F400FBF71AEEFDFA06F81504FF05080180
:10D7A000FD03ED02FEF8010207FA11FD05EC0A097E
:10D7B000090EF013FDF3FD0D080906EBF6F306ED77
:10D7C00008FB1BFE21FAEC2FE5F3010900F702ED3F
:10D7D000010A07FA0EFB0DFCE4F6EF17EBD028F96F
:10D7E000C81202FBF3F0FFE0FD0705F8F7000503A0
:10D7F000EAFD13E3DEECFBF9E400E408FAEDF609D8
:10D80000040DF5E0ECF9EAFDFE0C15E8B7DAD012EC
:10D81000C9E4E500F6010A18F6ECF8E400F9EA00BC
:10D820000AF8F0F0BCF5DD21F8050405FB01FDF078
:10D83000010D00FD0A04F70AF8FBF008FEF105FEF1
:10D84000240B07FDFF050AED04FF02160EF1F90790
:10D850000CF0F70EFD0C1CF22330F503FD0000F177
:10D860000003FE0F13FE03F606FCFC070219090174
:10D870000DF20813FB0907FAFFF5FB0207F6FFF3A9
:10D88000F903F611FAFB05F8FE0001031007F8F2A0
:10D8900000FEFD020BFEF606FE07EDF100020AF99E
:10D8A000E608FC04FC0507F902EDFDFD1401070A7A
:10D8B0000302FFFCFA0DF9F80A05060C0E00EE0350
:10D8C000FB0303F6F9000B00FFF9060F00F4030B4E
:10D8D000F01000F9F5F504F9080C0AEF09FF05F15D
:10D8E000F5F8FD2804F4E4E807F8EFFFF703F50A7C
:10D8F00003EDFE0404000C0B0AEAF2F003060D0629
:10D90000EEEC0001FDF00AFDFEE7000E0A01E3F275
:10D91000F9F804181AF40501F403210108F303FDD2
:10D92000FCFFF51607FC09F803F90C1A04D7F0FF01
:10D930000E1AE804F8EFFD01FB1CFCF800F3F702F7
:10D9400009FD10F216F1FF10BF01F903FAF8FCF01F
:10D9500004FB040513FFF915EEF703F5F0D206FEFC
:10D96000B609FCFD0AFC06E60519F5ECF1FE060F0A
:10D97000E6081CD5D4D7E60FE6FCE00A00EDFD0E64
:10D980000106F3D401FFF0FBF7021CEBBAEBB5F98B
:10D99000F3F4E4FDFDF7FE0004F0FAF2FAFDF3F211
:10D9A0000C04F6EFD20BF41F1909070C00000C0051
:10D9B000FFF4F7F405FAFFFD0600F1060C15FEFF73
:10D9C00012FC02FF0301F600F8E7FCFDF50801FC7C
:10D9D0000FFF15F90E0109112D4CF803FAFD07FB95
:10D9E0000821F50FF3FC04F4020312080205F90301
:10D9F0000DF80402FC0A020A04100408FA1305E2F6
:10DA00000B09070A15F70C010C1FEFFDF706F6F2DC
:10DA1000FE0D01F60F0A0109FB08FCFA17040F01BD
:10DA200005DD04F503F204F904F0F4F9FA010AF74C
:10DA3000FE0511F90AFD1701FC14FF0803FD070A92
:10DA4000000DFDE2FA0305000E030DF7EFE71419D0
:10DA50002010E6F700F005FC06F2F7DE09F207FCFD
:10DA6000F307EF06F1F7F515F6F703F80CFAFDFEEC
:10DA70000201F72303FE03FC0207F9EE00161D085E
:10DA8000F50702F803000C00F912F31B0901FE046C
:10DA9000000203E80AF3170BD8FCFD07FCEC01FDBC
:10DAA000FCFEFB11ECF4FC0D080208F805E3EB05A5
:10DAB000F601FBF60205F8F7FF030106F2F7FFF4A3
:10DAC0000DFAFFE70DF41033BF010CF401FA06EE76
:10DAD000FB090DF0F6F2070FED0118FFF9BB070582
:10DAE000D7F80905FEE606001010FACDE1F4011D95
:10DAF00001FF3BE1C2C8BF2AC5F3D30BFFF7FA040D
:10DB00000304F7CA0F06F1EE1C0E02F4BCDBDC0CBA
:10DB1000D5F1F000EFF206FF01F4FEF1F902F0E3B7
:10DB20002D10F3EBBAFB0E340506000000000000D8
:10DB300000000000000000000203000000000000E0
:10DB40000000000000000000FCFA000000000000DF
:10DB5000000000000000000002F0000000000000D3
:10DB6000000000000000000001DF000000000000D5
:10DB70000000000000000000FD1200000000000096
:10DB80000000000000000000FF170000000000007F
:10DB90000000000000000000040F00000000000072
:10DBA00000000000000000000AF200000000000079
:10DBB0000000000000000000FEEF00000000000078
:10DBC000000000000000000006030000000000004C
:10DBD0000000000000000000FA1E0000000000002D
:10DBE0000000000000000000021200000000000021
:10DBF0000000000000000000080800000000000015
:10DC0000000000000000000007FF0000000000000E
:10DC10000000000000000000FC10000000000000F8
:10DC20000000000000000000071F000000000000CE
:10DC300000000000000000000433000000000000AD
:10DC4000000000000000000000370000000000009D
:10DC50000000000000000000FF25000000000000A0
:10DC60000000000000000000FAED000000000000CD
:10DC70000000000000000000FD01000000000000A6
:10DC80000000000000000000021A00000000000078
:10DC900000000000000000000B1B0000000000005E
:10DCA00000000000000000000E0A0000000000005C
:10DCB00000000000000000000001E900000000007A
:10DCC000000000000000000000E7CD0000000000A0
:10DCD000000000000000000000E8E000000000007C
:10DCE000000000000000000000E9D6000000000075
:10DCF0000000000000000000000BE6000000000033
:10DD0000000000000000000000FB10000000000008
:10DD10000000000000000000002B140000000000C4
:10DD2000000000000000000000290B0000000000BF
:10DD3000000000000000000000380F00000000009C
:10DD4000000000000000000000FAFB0000000000DE
:10DD50000000000000000000001BFE0000000000AA
:10DD60000000000000000000002915000000000075
:10DD7000000000000000000000201E000000000065
:10DD8000000000000000000000FE25000000000070
:10DD9000000000000000000000D9FF0000000000AB
:10DDA0000000000000000000000F1A00000000004A
:10DDB000000000000000000000F6FB000000000072
:10DDC00000000000000000000006F200000000005B
:10DDD000000000000000000000FCF5000000000052
:10DDE000000000000000000000FEF900000000003C
:10DDF000000000000000000000D3CF000000000081
:10DE0000000000000000000000E6E4000000000048
:10DE100000000000000000000012FD0000000000F3
:10DE2000000000000000000000FCFD0000000000F9
:10DE3000000000000000000000EA010000000000F7
:10DE400000000000000000000000050300000000CA
:10DE500000000000000000000000090800000000B1
:10DE60000000000000000000000002F100000000BF
:10DE700000000000000000000000D80100000000C9
:10DE800000000000000000000000EA1B000000008D
:10DE9000000000000000000000000DFC0000000079
:10DEA000000000000000000000000E0A000000005A
:10DEB00000000000000000000000FDEB000000007A
:10DEC00000000000000000000000EA0B000000005D
:10DED00000000000000000000000E5250000000038
:10DEE0000000000000000000000007F60000000035
:10DEF00000000000000000000000F9060000000023
:10DF00000000000000000000000006E60000000025
:10DF100000000000000000000000ED110000000003
:10DF200000000000000000000000E13000000000E0
:10DF3000000000000000000000003FF900000000A9
:10DF400000000000000000000000240C00000000A1
:10DF500000000000000000000000160100000000AA
:10DF600000000000000000000000FAFF00000000B8
:10DF700000000000000000000000EF14000000009E
:10DF8000000000000000000000004B020000000044
:10DF90000000000000000000000027EE000000006C
:10DFA000000000000000000000000FF8000000006A
:10DFB0000000000000000000000006F80000000063
:10DFC00000000000000000000000F6060000000055
:10DFD0000000000000000000000000E40500000058
:10DFE000000000000000000000000000EC00000045
:10DFF0000000000000000000000000EBFE00000038
:10E000000000000000000000000000F5ED0000002E
:10E010000000000000000000000000FDF50000000E
:10E020000000000000000000000000EDE70000001C
:10E0300000000000000000000000002219000000A5
:10E040000000000000000000000000FBFB000000DA
:10E050000000000000000000000000F1E8000000E7
:10E060000000000000000000000000FAE5000000D1
:10E0700000000000000000000000000CF60000009E
:10E08000000000000000000000000012040000007A
:10E0900000000000000000000000000F0800000069
:10E0A0000000000000000000000000FCEA0000008A
:10E0B0000000000000000000000000FF0000000061
:10E0C00000000000000000000000000D160000002D
:10E0D0000000000000000000000000070700000032
:10E0E0000000000000000000000000120B00000013
:10E0F0000000000000000000000000F1F20000003D
:10E100000000000000000000000000080300000004
:10E110000000000000000000000000120F000000DE
:10E1200000000000000000000000000C06000000DD
:10E130000000000000000000000000271F00000099
:10E140000000000000000000000000F6FF000000DA
:10E150000000000000000000000000EDED000000E5
:10E16000000000000000000000000000F2F30000CA
:10E17000000000000000000000000000F3020000AA
:10E180000000000000000000000000000601000088
:10E190000000000000000000000000000BFA00007A
:10E1A0000000000000000000000000000602000067
:10E1B000000000000000000000000000F00200006D
:10E1C000000000000000000000000000EEF700006A
:10E1D000000000000000000000000000FAFC000049
:10E1E0000000000000000000000000001EFA000017
:10E1F0000000000000000000000000000604000015
:10E20000000000000000000000000000F9FF000016
:10E21000000000000000000000000000EEEE000022
:10E22000000000000000000000000000F0010000FD
:10E23000000000000000000000000000230B0000B0
:10E2400000000000000000000000000009FB0000CA
:10E25000000000000000000000000000EF000000CF
:10E2600000000000000000000000000001020000AB
:10E2700000000000000000000000000004F30000A7
:10E28000000000000000000000000000F806000090
:10E290000000000000000000000000000814000062
:10E2A00000000000000000000000000002FE00006E
:10E2B0000000000000000000000000000EFA000056
:10E2C000000000000000000000000000F5F9000060
:10E2D000000000000000000000000000FD0700003A
:10E2E000000000000000000000000000FC0A000028
:10E2F00000000000000000000000000000FE0B0015
:10E30000000000000000000000000000001A0300F0
:10E3100000000000000000000000000000260900CE
:10E32000000000000000000000000000001F0400CA
:10E33000000000000000000000000000001DEF00D1
:10E34000000000000000000000000000000D0200BE
:10E3500000000000000000000000000000170400A2
:10E360000000000000000000000000000030F2008B
:10E37000000000000000000000000000001CF3008E
:10E380000000000000000000000000000022FE006D
:10E390000000000000000000000000000004040075
:10E3A0000000000000000000000000000025F80050
:10E3B0000000000000000000000000000032F30038
:10E3C0000000000000000000000000000022FC002F
:10E3D0000000000000000000000000000025ED002B
:10E3E000000000000000000000000000002F0100FD
:10E3F000000000000000000000000000001EFA0005
:10E4000000000000000000000000000000240300E5
:10E410000000000000000000000000000029FC00D7
:10E420000000000000000000000000000009F300F0
:10E43000000000000000000000000000001BFD00C4
:10E440000000000000000000000000000038020092
:10E45000000000000000000000000000002A000092
:10E460000000000000000000000000000004F500B3
:10E470000000000000000000000000000001050096
:10E480000000000000000000000000000000FDF49B
:10E490000000000000000000000000000000F7F590
:10E4A0000000000000000000000000000000F0F587
:10E4B0000000000000000000000000000000F4F276
:10E4C0000000000000000000000000000000FAF65C
:10E4D0000000000000000000000000000000F4F157
:10E4E000000000000000000000000000000003EE3B
:10E4F0000000000000000000000000000000FF0617
:10E500000000000000000000000000000000FFFF0D
:10E51000000000000000000000000000000001FDFD
:10E52000000000000000000000000000000002F5F4
:10E530000000000000000000000000000000FE02DB
:10E5400000000000000000000000000000000EF8C5
:10E55000000000000000000000000000000002F2C7
:10E560000000000000000000000000000000FBEDC3
:10E570000000000000000000000000000000FBF6AA
:10E5800000000000000000000000000000000CFF80
:10E590000000000000000000000000000000110862
:10E5A0000000000000000000000000000000FEFB72
:10E5B0000000000000000000000000000000FE104D
:10E5C0000000000000000000000000000000F7E96B
:10E5D0000000000000000000000000000000180E15
:10E5E0000000000000000000000000000000090A18
:10E5F0000000000000000000000000000000FB0020
:10E60000000000000000000000000000000007F90A
:10E6100000000000000000000000000000000008F2
:10E62000FA00000000000000000000000000000EE2
:10E63000090000000000000000000000000000F9D8
:10E640001B0000000000000000000000000000FEB1
:10E65000100000000000000000000000000000CAE0
:10E66000E7000000000000000000000000000005BE
:10E67000F200000000000000000000000000002385
:10E68000FC00000000000000000000000000001F6F
:10E690000F00000000000000000000000000001457
:10E6A0002C0000000000000000000000000000D36B
:10E6B0000C0000000000000000000000000000DE70
:10E6C000ED0000000000000000000000000000FC61
:10E6D000F500000000000000000000000000000F36
:10E6E000030000000000000000000000000000F235
:10E6F000240000000000000000000000000000D422
:10E70000170000000000000000000000000000EA08
:10E71000F20000000000000000000000000000D136
:10E72000D30000000000000000000000000000FA1C
:10E73000F80000000000000000000000000000F6EB
:10E74000210000000000000000000000000000DDCB
:10E75000050000000000000000000000000000F6BE
:10E76000000000000000000000000000000000C8E1
:10E77000E0000000000000000000000000000000B9
:10E78000D50000000000000000000000000000F6BE
:10E79000080000000000000000000000000000EA87
:10E7A0000C0000000000000000000000000000005D
:10E7B000FAF6000000000000000000000000000069
:10E7C0000005000000000000000000000000000044
:10E7D000FAFD000000000000000000000000000042
:10E7E000080E000000000000000000000000000013
:10E7F000F900000000000000000000000000000020
:10E800000101000000000000000000000000000006
:10E81000FBE9000000000000000000000000000014
:10E82000FFF60000000000000000000000000000F3
:10E83000000D0000000000000000000000000000CB
:10E8400003080000000000000000000000000000BD
:10E85000F9F90000000000000000000000000000C6
:10E86000F8020000000000000000000000000000AE
:10E87000F1FC0000000000000000000000000000AB
:10E88000091400000000000000000000000000006B
:10E890000105000000000000000000000000000072
:10E8A000FCFD00000000000000000000000000006F
:10E8B000F8F600000000000000000000000000006A
:10E8C000F1F3000000000000000000000000000064
:10E8D00006F600000000000000000000000000003C
:10E8E000F8F7000000000000000000000000000039
:10E8F000FF08000000000000000000000000000011
:10E90000F2F4000000000000000000000000000021
:10E910000D030000000000000000000000000000E7
:10E92000F1FA0000000000000000000000000000FC
:10E93000F0FB0000000000000000000000000000EC
:10E9400000F4FE00000000000000000000000000D5
:10E9500000F80800000000000000000000000000B7
:10E9600000F40D00000000000000000000000000A6
:10E970000017070000000000000000000000000079
:10E98000000EFA000000000000000000000000007F
:10E9900000F9150000000000000000000000000069
:10E9A00000C10300000000000000000000000000A3
:10E9B0000009EF000000000000000000000000005F
:10E9C000004FE20000000000000000000000000016
:10E9D0000047E3000000000000000000000000000D
:10E9E00000E80D0000000000000000000000000032
:10E9F000000AE90000000000000000000000000024
:10EA00000039DB00000000000000000000000000F2
:10EA1000004AC800000000000000000000000000E4
:10EA2000001ADE00000000000000000000000000EE
:10EA300000020600000000000000000000000000CE
:10EA40000013E700000000000000000000000000CC
:10EA50000025EA00000000000000000000000000A7
:10EA60000003EE00000000000000000000000000B5
:10EA700000BCF400000000000000000000000000E6
:10EA80000006EF0000000000000000000000000091
:10EA90000001ED0000000000000000000000000088
:10EAA00000EF0B000000000000000000000000006C
:10EAB00000DC150000000000000000000000000065
:10EAC00000DC070000000000000000000000000063
:10EAD0000000F90400000000000000000000000039
:10EAE0000000F00300000000000000000000000033
:10EAF0000000020300000000000000000000000011
:10EB00000000121C000000000000000000000000D7
:10EB100000002D19000000000000000000000000AF
:10EB20000000FDF8000000000000000000000000F0
:10EB30000000FF12000000000000000000000000C4
:10EB400000000AF3000000000000000000000000C8
:10EB5000000002160000000000000000000000009D
:10EB600000001F1E00000000000000000000000068
:10EB70000000EFFB000000000000000000000000AB
:10EB80000000F00E00000000000000000000000087
:10EB900000000E0D0000000000000000000000005A
:10EBA0000000231E00000000000000000000000024
:10EBB00000001A1900000000000000000000000022
:10EBC0000000FBFE0000000000000000000000004C
:10EBD0000000020B00000000000000000000000028
:10EBE0000000FD2200000000000000000000000006
:10EBF0000000FA0E0000000000000000000000000D
:10EC00000000FF0000000000000000000000000005
:10EC100000000C0E000000000000000000000000DA
:10EC200000000112000000000000000000000000D1
:10EC30000000F915000000000000000000000000C6
:10EC40000000F801000000000000000000000000CB
:10EC50000000FB03000000000000000000000000B6
:10EC600000000009FA0000000000000000000000A1
:10EC7000000000000600000000000000000000008E
:10EC80000000000716000000000000000000000067
:10EC900000000013F700000000000000000000006A
:10ECA0000000000EE900000000000000000000006D
:10ECB000000000F40D000000000000000000000053
:10ECC000000000080200000000000000000000003A
:10ECD00000000009E5000000000000000000000046
:10ECE000000000F6E400000000000000000000004A
:10ECF000000000F8E7000000000000000000000035
:10ED000000000007E000000000000000000000001C
:10ED100000000007DB000000000000000000000011
:10ED200000000000050000000000000000000000DE
:10ED3000000000F12F0000000000000000000000B3
:10ED4000000000F7250000000000000000000000A7
:10ED50000000000A12000000000000000000000097
:10ED6000000000EA3A00000000000000000000007F
:10ED7000000000F44400000000000000000000005B
:10ED8000000000E629000000000000000000000074
:10ED9000000000EBE900000000000000000000009F
:10EDA000000000F30600000000000000000000006A
:10EDB000000000F8EA000000000000000000000071
:10EDC000000000FECC000000000000000000000079
:10EDD000000000EFD1000000000000000000000073
:10EDE000000000E3DA000000000000000000000066
:10EDF0000000000001ED0000000000000000000025
:10EE000000000000FB1800000000000000000000EF
:10EE100000000000EA000000000000000000000008
:10EE20000000000001D5000000000000000000000C
:10EE30000000000018CF00000000000000000000EB
:10EE400000000000FCE600000000000000000000E0
:10EE50000000000013FD00000000000000000000A2
:10EE6000000000000C3D0000000000000000000059
:10EE700000000000DE540000000000000000000060
:10EE800000000000DF34000000000000000000006F
:10EE900000000000EF07000000000000000000007C
:10EEA000000000001FEA0000000000000000000059
:10EEB0000000000033C0000000000000000000005F
:10EEC0000000000034F0000000000000000000001E
:10EED000000000001F1D00000000000000000000F6
:10EEE00000000000E8190000000000000000000021
:10EEF00000000000D4160000000000000000000028
:10EF000000000000DEFC0000000000000000000027
:10EF10000000000002F700000000000000000000F8
:10EF20000000000005F800000000000000000000E4
:10EF30000000000015FF00000000000000000000BD
:10EF400000000000F3FB00000000000000000000D3
:10EF500000000000F80400000000000000000000B5
:10EF600000000000F2E100000000000000000000CE
:10EF700000000000F8EE00000000000000000000AB
:10EF80000000000000FCFB0000000000000000008A
:10EF90000000000000030600000000000000000068
:10EFA0000000000000E60200000000000000000079
:10EFB0000000000000F50300000000000000000059
:10EFC0000000000000FFFD00000000000000000045
:10EFD0000000000000F1FA00000000000000000046
:10EFE0000000000000F1FA00000000000000000036
:10EFF0000000000000E80000000000000000000029
:10F000000000000000F8EE0000000000000000001A
:10F01000000000000015F4000000000000000000E7
:10F020000000000000F2F7000000000000000000F7
:10F03000000000000005ED000000000000000000DE
:10F0400000000000000DEF000000000000000000C4
:10F0500000000000000002000000000000000000AE
:10F0600000000000000F040000000000000000008D
:10F070000000000000F7EF000000000000000000AA
:10F080000000000000EEF900000000000000000099
:10F09000000000000001F10000000000000000007E
:10F0A0000000000000F60400000000000000000066
:10F0B000000000000014120000000000000000002A
:10F0C000000000000041F00000000000000000000F
:10F0D00000000000001C1A000000000000000000FA
:10F0E00000000000001B0400000000000000000001
:10F0F00000000000001FFF000000000000000000F2
:10F1000000000000000912000000000000000000E4
:10F1100000000000000029F00000000000000000D6
:10F12000000000000000301300000000000000009C
:10F13000000000000000240F00000000000000009C
:10F14000000000000000260B00000000000000008E
:10F150000000000000000B0600000000000000009E
:10F1600000000000000028FD00000000000000007A
:10F170000000000000001F0300000000000000006D
:10F180000000000000000F1D000000000000000053
:10F190000000000000000018000000000000000057
:10F1A000000000000000FD0C000000000000000056
:10F1B0000000000000000404000000000000000047
:10F1C00000000000000008FC00000000000000003B
:10F1D000000000000000090C00000000000000001A
:10F1E0000000000000000A15000000000000000000
:10F1F0000000000000000D180000000000000000EA
:10F20000000000000000F4100000000000000000FA
:10F21000000000000000EDEC000000000000000015
:10F22000000000000000FDEB0000000000000000F6
:10F23000000000000000F1F50000000000000000E8
:10F24000000000000000FAF50000000000000000CF
:10F2500000000000000000000000000000000000AE
:10F26000000000000000F6F50000000000000000B3
:10F27000000000000000F4F50000000000000000A5
:10F28000000000000000F7EF000000000000000098
:10F29000000000000000F4EC010B07E70000000094
:10F2A0000000000000000000062D15DD0000000039
:10F2B0000000000000000000053A0FEB0000000015
:10F2C00000000000000000000A3221F300000000EE
:10F2D0000000000000000000031719EC000000000F
:10F2E0000000000000000000FDFFFDE6000000003F
:10F2F0000000000000000000000F1EDD0000000004
:10F300000000000000000000071233EA00000000C7
:10F310000000000000000000FE041AF300000000DE
:10F32000000000000000000009FF23E600000000CC
:10F33000000000000000000000FCEDF100000000F3
:10F340000000000000000000FFFFE1F400000000EA
:10F35000000000000000000002F5EFF700000000D0
:10F360000000000000000000FF0315000000000086
:10F37000000000000000000006FC1BF5000000007B
:10F380000000000000000000FEF719F70000000078
:10F390000000000000000000F4ECEEFC00000000A3
:10F3A0000000000000000000F8EFEF070000000080
:10F3B0000000000000000000F5EBF0190000000064
:10F3C0000000000000000000F6ED13170000000030
:10F3D000000000000000000004FE0EFC0000000021
:10F3E000000000000000000010FEF6EF000000002A
:10F3F0000000000000000000060601F4000000000C
:10F40000000000000000000001F2E8FF0000000022
:10F41000000000000000000008ECE60F0000000003
:10F4200000000000000000000000E402F0E3000023
:10F4300000000000000000000000E6F8EAE700001D
:10F4400000000000000000000000E71902E80000D2
:10F4500000000000000000000000C8FF02E0000003
:10F4600000000000000000000000E203F3EB0000D9
:10F4700000000000000000000000E916FFDC0000B2
:10F4800000000000000000000000F60F08EB000084
:10F4900000000000000000000000E91603E2000088
:10F4A00000000000000000000000BBFAE4E80000DB
:10F4B00000000000000000000000EB0DFCE5000073
:10F4C00000000000000000000000F92A18ED000014
:10F4D00000000000000000000000F31B18E1000025
:10F4E00000000000000000000000D2F9F5D9000083
:10F4F00000000000000000000000E602EAEA000050
:10F5000000000000000000000000060E0CFA0000E1
:10F5100000000000000000000000EE281CE30000D6
:10F5200000000000000000000000EF2116DC0000D9
:10F5300000000000000000000000FAE8F7EF000003
:10F54000000000000000000000002A01EEFA0000A8
:10F550000000000000000000000022F4F40200009F
:10F5600000000000000000000000DF111CF6000099
:10F5700000000000000000000000ED16190400006B
:10F58000000000000000000000000AFC080300006A
:10F59000000000000000000000001EF0F8FE000067
:10F5A0000000000000000000000019FBFEFA00004F
:10F5B000000000000000000000000000FBEC00F56F
:10F5C000000000000000000000000000FA2EF0E340
:10F5D000000000000000000000000000DD1B05141A
:10F5E0000000000000000000000000002BF21438B2
:10F5F00000000000000000000000000001F5EC0722
:10F6000000000000000000000000000001F11F35B4
:10F610000000000000000000000000001FEDF014DA
:10F62000000000000000000000000000F1E918C523
:10F630000000000000000000000000001EDD1A03B2
:10F64000000000000000000000000000F0E80802D8
:10F650000000000000000000000000001DEE591333
:10F6600000000000000000000000000029DA0D0C7E
:10F67000000000000000000000000000E8DF18D6D5
:10F6800000000000000000000000000018D333F06C
:10F69000000000000000000000000000F8D22FE48D
:10F6A00000000000000000000000000018F2320A14
:10F6B0000000000000000000000000003CE520F514
:10F6C000000000000000000000000000F1DEEBF18F
:10F6D00000000000000000000000000003E72AE531
:10F6E00000000000000000000000000005FDF8E43C
:10F6F000000000000000000000000000F8F420FC02
:10F700000000000000000000000000001CE9FAF00A
:10F71000000000000000000000000000EFF6F7000D
:10F7200000000000000000000000000001F522D8E9
:10F73000000000000000000000000000F4EA0BF4EC
:10F740000000000000000000000000000000FA0FB0
:10F7500006EA000000000000000000000000EBF7D7
:10F76000EBE9000000000000000000000000FAE4E7
:10F77000DEF1000000000000000000000000F8F9C9
:10F78000F9CE00000000000000000000000007FBB0
:10F790000FFF000000000000000000000000011743
:10F7A00032E3000000000000000000000000F4F35D
:10F7B00010F800000000000000000000000018E049
:10F7C000D1E00000000000000000000000001B234A
:10F7D000CACF00000000000000000000000028F177
:10F7E00014030000000000000000000000002008DA
:10F7F0002C2E00000000000000000000000004D3D8
:10F80000232700000000000000000000000024F991
:10F81000F4C400000000000000000000000031FA05
:10F82000C7FC00000000000000000000000046EEE1
:10F83000251A0000000000000000000000001BF975
:10F840000223000000000000000000000000FCFE99
:10F850000B2100000000000000000000000014FD6B
:10F86000D2AA0000000000000000000000002CF7F9
:10F87000D5200000000000000000000000001FDC98
:10F880002C07000000000000000000000000081B22
:10F89000F50B000000000000000000000000101A3E
:10F8A00002D600000000000000000000000000F58B
:10F8B000E2DF00000000000000000000000020CF98
:10F8C000FF1600000000000000000000000004E23D
:10F8D000150800000000000000000000000000000B
:10F8E000E6CE121900000000000000000000000039
:10F8F000C8D10BF50000000000000000000000006F
:10F90000CCE805F900000000000000000000000045
:10F91000EA0801F300000000000000000000000001
:10F920001D1705FD000000000000000000000000A1
:10F93000F9CCFD1F000000000000000000000000E6
:10F94000E9CF071A000000000000000000000000DE
:10F95000D4C2261B000000000000000000000000D0
:10F96000C6E13308000000000000000000000000B5
:10F97000DE06371600000000000000000000000056
:10F9800003FE0C1400000000000000000000000056
:10F9900008C1091300000000000000000000000082
:10F9A000FFA6FD0B000000000000000000000000AA
:10F9B000DFC50B2B0000000000000000000000006D
:10F9C000CBE9141900000000000000000000000056
:10F9D0000B151D1F000000000000000000000000CB
:10F9E00013071119000000000000000000000000D3
:10F9F0002526FF10000000000000000000000000AD
:10FA00001926031C00000000000000000000000098
:10FA100003EEFC15000000000000000000000000E4
:10FA20002A22ED130000000000000000000000008A
:10FA30002643F21300000000000000000000000058
:10FA40002D32F8020000000000000000000000005D
:10FA50001B21221C0000000000000000000000002C
:10FA600011EC180A00000000000000000000000077
:10FA700000000C1DF5210000000000000000000047
:10FA800000001217F8210000000000000000000034
:10FA90000000001AF81F0000000000000000000035
:10FAA0000000F212EE0F0000000000000000000055
:10FAB0000000FF0AEF02000000000000000000004C
:10FAC0000000040FE900000000000000000000003A
:10FAD00000001835FB2000000000000000000000BE
:10FAE00000000E14E21D00000000000000000000F5
:10FAF0000000021CE70B00000000000000000000F6
:10FB000000000107F2EA0000000000000000000011
:10FB10000000F50EE2EB0000000000000000000015
:10FB20000000F812F40B00000000000000000000CC
:10FB30000000F012CD1300000000000000000000E3
:10FB40000000EF1CE50100000000000000000000C4
:10FB50000000FA06E8ED00000000000000000000D0
:10FB60000000EE0E04100000000000000000000085
:10FB70000000F6F715EC0000000000000000000097
:10FB80000000EEF8160A000000000000000000006F
:10FB90000000E9FD07EE000000000000000000008A
:10FBA0000000F1F5F2E1000000000000000000009C
:10FBB000000010F83CF00000000000000000000011
:10FBC0000000FEDA2FF1000000000000000000003D
:10FBD000000009F00C04000000000000000000001C
:10FBE000000000FDFFFC000000000000000000001D
:10FBF0000000FCFD1AFB00000000000000000000F7
:10FC000000000000F1F2FFF300000000000000001F
:10FC100000000000F7F4E200000000000000000017
:10FC200000000000F6ECE4F6000000000000000018
:10FC300000000000FECBE7F500000000000000001F
:10FC40000000000008D4FAEE0000000000000000F0
:10FC5000000000000AE9EDF90000000000000000CB
:10FC600000000000F61406F1000000000000000093
:10FC700000000000E613F4F00000000000000000A7
:10FC800000000000E817F4E700000000000000009A
:10FC900000000000EE0D03ED000000000000000079
:10FCA000000000000AE50CF7000000000000000062
:10FCB000000000000E2B24060000000000000000E1
:10FCC00000000000FE492CFF0000000000000000C2
:10FCD000000000000A4C11080000000000000000B5
:10FCE00000000000EB13EEF2000000000000000036
:10FCF0000000000007E80BFD00000000000000000D
:10FD00000000000016CC1B020000000000000000F4
:10FD10000000000015E22DFF0000000000000000C0
:10FD20000000000016103E16000000000000000059
:10FD300000000000F42001070000000000000000A7
:10FD400000000000EE0DF8040000000000000000BC
:10FD500000000000F90306FD0000000000000000A4
:10FD600000000000EEDE14F50000000000000000BE
:10FD70000000000003B411F40000000000000000C7
:10FD800000000000F4E50AFDFF110B050DF7FD0171
:10FD90000308FDF4FA0FFAFBFF080302F504180646
:10FDA000FEEFEE0FFB17FB0A04030913080D1308FF
:10FDB000FF08F5F0ED0002110913FFFF0BFC0A0B21
:10FDC000F61DF8FFEDF3F0070A3A22020313130FB2
:10FDD0000B10FDEC1C0904FC07090BF5FC1000F0EE
:10FDE0000FF505FB20FF03E708FFFE04FD0BFDFCFC
:10FDF00007F70B100F0F14F61112EA100A0009078B
:10FE00000C090703062408090B33061613F216FA29
:10FE1000021F06EC1C100F1407351E0304F409F230
:10FE20001114FCF42AF20CFC07F305D8E010D7FEFD
:10FE3000FCE3180116F912F7080817E4E31CE3E9DC
:10FE400001EC1BFF132E1B000D0C31E7E70FE3EE57
:10FE5000F70315F514041008102717E0F600D4FD79
:10FE6000F20EFBEB0CE7FCFFFC240DE8F4F3F4F6D8
:10FE7000F30AF2DB0FC3FCF3010F14CCE121D3E34F
:10FE8000F5D721FBEF132000061B21E0E31EE2ED76
:10FE9000EDDF1D130F1D1910052836D8E504EB0002
:10FEA000DFD80FFE1203050C033249D6E226EFFD20
:10FEB000D9EBFEDE02D9F0FD06232BE7E60FF700B3
:10FEC000EAEEECDFF5DDE3F5FA271EE0DF0BF4EFF9
:10FED000F5FB0C0114F3FE09FF0C1B04FA0C06FAE7
:10FEE000EFF6FD06E205FB090709190AFD07FFEE1B
:10FEF000DCF3F1FCE60EEE030A0B1803F60203E74F
:10FF0000EB04F8F100F5FB01011F4204F704FFEBDD
:10FF1000FD06FEF72122FBEF0014002117EA1AF775
:10FF20004D24F4EE1309FA1A06F2FA10FFF109D77C
:10FF30001B10FFEB06F606F9F8E3010AFCF202EBF0
:10FF40000606FEFFF3EA000AFCFAF7F8F9F207F8F2
:10FF5000FCDEF901EEFF02FFFB08020803F908F9D5
:10FF6000EDF8F80AECFAFF050FF4FA1404EB03F8C5
:10FF70003A2CF90D1406FE1EFDF7E908F30105E918
:10FF8000030D05F609FEFEF1FCFEEA0DFCFF070677
:10FF9000F3E2FCFD00E8FB00FF04EAFB05F1030CC3
:10FFA000E901FDEAEEE3FCF6F910FC0200F00F00B7
:10FFB000FC06EEFAFEDDF5F701F6EB1004E301F7BF
:10FFC0001D19F7F709E8F715F101E302F2F702F35B
:10FFD000F2E5F1F5E6E2EDEBFB09000804FE0B0F9C
:10FFE000E6F2F4F7E7DDF6F9051C1DFAFAFD020169
:10FFF000F80EEFF3F3F1F5F70611180209F80A030A
:02000004800278
:10000000FA18EF0003EAF4FB04F7DB06FBF9F8F259
:10001000FEFFF3F8F4E9F810F60DE804F1F20AFF38
:10002000E2D7ECF1DCE7F4FEFD0C0D0A06FB08025A
:10003000EB14F0EFF2E9F1F3FF031204020504FF01
:10004000030BEFEFFDEFEE0206070508080A0B11A0
:100050000E15F7FA05F9FDF60004E200F6EC08EDDE
:10006000F3E2EFFCD6F8EB07FA06F11D00FE16FCF2
:10007000EDECF200E0FDF7FDF909061211FB02F8C4
:10008000FA09FAF5F3F6F4F9FEFCF803FF08010F9C
:10009000090404F0FA09FCFA020703110F0D060621
:1000A0000F06FEFA050EFFF82573206F7574206F9A
:1000B0006620626F756E647320256C75203E202566
:1000C0006C750A00556E6B6E6F776E2050474D2031
:1000D00066696C6520666F726D61740050474D20D3
:1000E000696D6167652073697A6520646F65732047
:1000F0006E6F74206D617463682061727261792023
:1001000073697A65000000006672656164282920C1
:100110006E756D626572206F662072656164206F16
:10012000626A656374732028256C7529206469668A
:10013000666572656E74207468616E20657870659E
:10014000637465642028257529205B646174615D92
:100150000A00000066726561642829206E756D6270
:100160006572206F662072656164206F626A6563E4
:1001700074732028256C752920646966666572652C
:100180006E74207468616E20657870656374656450
:100190002028257529205B6F757470757454617201
:1001A000676574735D0A0000454F46206E6F7420CA
:1001B000726561636865642C2046696C65206572B0
:1001C000726F722021210000726561645F6D6E693B
:1001D00073745F696E7075740000000000010202A4
:1001E00003030303040404040404040405050505CF
:1001F00005050505050505050505050506060606AB
:10020000060606060606060606060606060606068E
:10021000060606060606060606060606070707077A
:10022000070707070707070707070707070707075E
:10023000070707070707070707070707070707074E
:10024000070707070707070707070707070707073E
:10025000070707070707070707070707080808082A
:10026000080808080808080808080808080808080E
:1002700008080808080808080808080808080808FE
:1002800008080808080808080808080808080808EE
:1002900008080808080808080808080808080808DE
:1002A00008080808080808080808080808080808CE
:1002B00008080808080808080808080808080808BE
:1002C00008080808080808080808080808080808AE
:1002D000080808080808080808080808494E4600E1
:1002E000696E66004E414E006E616E0030313233F1
:1002F0003435363738394142434445460000000022
:10030000303132333435363738396162636465668B
:1003100000000000286E756C6C29000030000000A1
:10032000D04A00800C4500800C450080C44A008003
:100330000C4500800C4500800C4500800C45008079
:100340000C4500800C450080C8490080B44A0080FC
:100350000C450080E0490080EC4900800C4500809D
:10036000744A0080D8440080D8440080D84400807B
:10037000D8440080D8440080D8440080D84400800D
:10038000D8440080D84400800C4500800C45008093
:100390000C4500800C4500800C4500800C45008019
:1003A0000C4500800C4500800C4500800C45008009
:1003B000484A0080344800800C4500803448008062
:1003C0000C4500800C4500800C4500800C450080E9
:1003D000E84A00800C4500800C450080CC4B008032
:1003E0000C4500800C4500800C4500800C450080C9
:1003F0000C450080F44A00800C4500800C450080CC
:10040000E05600800C4500800C4500800C450080C3
:100410000C4500800C4500800C4500800C45008098
:100420000C4500800C4500800C4500808C4A008003
:1004300024490080344800803448008034480080DB
:10044000804A0080244900800C4500800C450080D3
:10045000E44600800C450080E84C0080B84C0080E9
:10046000804C0080E44600800C450080184C0080E1
:100470000C450080E84B00800C4500800C45008056
:1004800038570080202020202020202020202020DD
:10049000202020203030303030303030303030309C
:1004A00030303030786A0080D8660080D8660080AE
:1004B0006C6A0080D8660080D8660080D8660080AC
:1004C000D8660080D8660080D8660080CC6900803D
:1004D0005C6A0080D8660080DC690080E869008082
:1004E000D8660080506A0080A4660080A466008000
:1004F000A4660080A4660080A4660080A4660080D4
:10050000A4660080A4660080A4660080D86600808F
:10051000D8660080D8660080D8660080D8660080E3
:10052000D8660080D8660080D8660080D8660080D3
:10053000D86600803C6A0080D8660080D86600805B
:10054000D8660080D8660080D8660080D8660080B3
:10055000D8660080D8660080D8660080D8660080A3
:10056000FC6A0080D8660080D8660080D86600806B
:10057000D8660080D8660080B06A0080D8660080A7
:10058000D866008094710080D8660080D8660080AC
:10059000D8660080D8660080D8660080D866008063
:1005A000D8660080D8660080D8660080D866008053
:1005B000906A008028690080D8660080D866008034
:1005C000D8660080C46B008028690080D8660080EF
:1005D000D866008030680080D86600808C6B008010
:1005E000646B0080586C008030680080D8660080A2
:1005F000F86B0080D8660080D06B0080D8660080E1
:10060000D8660080E8710080202020202020202053
:10061000202020202020202030303030303030305A
:10062000303030303030303043000000504F5349CC
:10063000580000002E000000496E66696E697479EA
:10064000000000004E614E0042616C6C6F632073CD
:100650007563636565646564000000002E2E2F2EAF
:100660002E2F2E2E2F2E2E2F2E2E2F2E2E2F73721C
:10067000632F6E65776C69622F6E65776C69622F88
:100680006C6962632F7374646C69622F64746F6148
:100690002E6300002E2E2F2E2E2F2E2E2F2E2E2F9D
:1006A0002E2E2F2E2E2F7372632F6E65776C69623C
:1006B0002F6E65776C69622F6C6962632F73746447
:1006C0006C69622F6D707265632E6300000000001C
:1006D00005000000190000007D000000000000007F
:1006E000000000000000F03F000000000000244077
:1006F00000000000000059400000000000408F4052
:10070000000000000088C34000000000006AF840BC
:100710000000000080842E4100000000D0126341E0
:100720000000000084D797410000000065CDCD4156
:10073000000000205FA00242000000E87648374237
:10074000000000A2941A6D42000040E59C30A242D5
:100750000000901EC4BCD64200003426F56B0C434A
:100760000080E03779C3414300A0D88557347643F1
:1007700000C84E676DC1AB43003D9160E458E14352
:10078000408CB5781DAF154450EFE2D6E41A4B44C7
:1007900092D54D06CFF08044F64AE1C7022DB5440C
:1007A000B49DD9794378EA44BC89D897B2D29C3CAD
:1007B00033A7A8D523F649393DA7F444FD0FA53248
:1007C0009D978CCF08BA5B25436FAC642806C80A96
:1007D0000080E03779C34143176E05B5B5B893463D
:1007E000F5F93FE9034F384D321D30F94877825A09
:1007F0003CBF737FDD4F1575002020202020202076
:1008000020202828282828202020202020202020C0
:1008100020202020202020202088101010101010D0
:10082000101010101010101010040404040404041C
:1008300004040410101010101010414141414141B6
:100840000101010101010101010101010101010198
:1008500001010101101010101010424242424242A8
:100860000202020202020202020202020202020268
:100870000202020210101010200000000000000010
:100880000000000000000000000000000000000068
:100890000000000000000000000000000000000058
:1008A0000000000000000000000000000000000048
:1008B0000000000000000000000000000000000038
:1008C0000000000000000000000000000000000028
:1008D0000000000000000000000000000000000018
:1008E0000000000000000000000000000000000008
:1008F0000000000000000000000000002C206675D1
:100900006E6374696F6E3A20000000006173736556
:100910007274696F6E2022257322206661696C658E
:10092000643A2066696C6520222573222C206C694C
:100930006E65202564257325730A000090CF008022
:100940003CCE0080E8CD00803CCF0080E8CD008028
:100950004CCE0080E8CD00803CCF00803CCE0080B3
:100960003CCE00804CCE00803CCF0080C8CE0080C2
:0C097000C8CE0080C8CE00804CCE0080B5
:10097C001000000000000000037A5200017C01010D
:10098C001B0D02001000000018000000A014FEFF58
:10099C00DC04000000000000100000002C0000002F
:0C09AC006819FEFF90040000000000002D
:1009B800000000100000000000000000000000001F
:1009C800000000000000000000000000000000001F
:1009D800000000000000000050350A323420323494
:1009E8000A3235350A00000000000000000000004F
:1009F80000000000000000000000000000000000EF
:100A080000000000000000000000000000000000DE
:100A180000000000000000000000000000000000CE
:100A280000000000000000000000000000000000BE
:100A3800000000000005040000000000000002D2D1
:100A480042000000000000000000000007B387001B
:100A580000000000000064FE5C00000000000000D0
:100A6800000000006FFE9D00000000000003CBFEA8
:100A7800360000000000000000000020E7FE6600CD
:100A8800000000000024FED8120000000000000052
:100A98000000007EFEB300000000000000ACFE3B3A
:100AA800000000000000000000002EFCEA12000018
:100AB8000000000005E2F52300000000000000002F
:100AC800000080FE660000000000000025FEA9006E
:100AD8000000000000000000001AF1FB13000000F5
:100AE80000000000AAFE5500000000000000000001
:100AF800002EFEC20000000000000009E7F62300F7
:100B080000000000000000000076FF981D000000B3
:100B180000000074FEB600000000000000000000A5
:100B28000076FEFEF3D7D7D7CAB985D1FE83001168
:100B38000000000000000000003EF3FEFEFEFEFE86
:100B4800FEFEFEFEFEE89D230000000000000000FF
:100B580000004684944649616161BBFEF9220400A5
:100B6800000000000000000000000000000000007D
:100B78000000AEFE71000000000000000000000050
:100B880000000000000000000016EEFE3500000026
:100B9800000000000000000000000000000000004D
:100BA8000073FE9F0100000000000000000000002C
:100BB800000000000000000000AEFE610000000020
:100BC800000000000000000000000000000000001D
:100BD80000D7FE73000000000000000000000000C5
:100BE800000000000000000055FBFE690000000046
:100BF80000000000000000000000000000000000ED
:100C080054F2880A00000000000000000000000004
:100C180000000000000000000000000000000000CC
:100C280000000000000400000000000000000000B8
:100C380003000000CC1B028000000000CC1B0280D7
:100C4800341C02809C1C0280000000000000000090
:100C5800000000000000000000000000000000008C
:100C6800000000000000000000000000000000007C
:100C7800000000000000000000000000000000006C
:100C8800000000000000000000000000000000005C
:100C9800000000000000000000000000000000004C
:100CA800000000000000000000000000000000003C
:100CB800000000000000000000000000000000002C
:100CC800000000000000000000000000000000001C
:100CD80001000000000000000E33CDAB34126DE6B9
:100CE800ECDE05000B000000000000000000000022
:100CF80000000000000000000000000000000000EC
:100D080000000000000000000000000000000000DB
:100D180000000000000000000000000000000000CB
:100D280000000000000000000000000000000000BB
:100D380000000000000000000000000000000000AB
:100D4800000000000000000000000000000000009B
:100D5800000000000000000000000000000000008B
:100D6800600D0280600D0280680D0280680D0280AF
:100D7800700D0280700D0280780D0280780D02805F
:100D8800800D0280800D0280880D0280880D02800F
:100D9800900D0280900D0280980D0280980D0280BF
:100DA800A00D0280A00D0280A80D0280A80D02806F
:100DB800B00D0280B00D0280B80D0280B80D02801F
:100DC800C00D0280C00D0280C80D0280C80D0280CF
:100DD800D00D0280D00D0280D80D0280D80D02807F
:100DE800E00D0280E00D0280E80D0280E80D02802F
:100DF800F00D0280F00D0280F80D0280F80D0280DF
:100E0800000E0280000E0280080E0280080E02808A
:100E1800100E0280100E0280180E0280180E02803A
:100E2800200E0280200E0280280E0280280E0280EA
:100E3800300E0280300E0280380E0280380E02809A
:100E4800400E0280400E0280480E0280480E02804A
:100E5800500E0280500E0280580E0280580E0280FA
:100E6800600E0280600E0280680E0280680E0280AA
:100E7800700E0280700E0280780E0280780E02805A
:100E8800800E0280800E0280880E0280880E02800A
:100E9800900E0280900E0280980E0280980E0280BA
:100EA800A00E0280A00E0280A80E0280A80E02806A
:100EB800B00E0280B00E0280B80E0280B80E02801A
:100EC800C00E0280C00E0280C80E0280C80E0280CA
:100ED800D00E0280D00E0280D80E0280D80E02807A
:100EE800E00E0280E00E0280E80E0280E80E02802A
:100EF800F00E0280F00E0280F80E0280F80E0280DA
:100F0800000F0280000F0280080F0280080F028085
:100F1800100F0280100F0280180F0280180F028035
:100F2800200F0280200F0280280F0280280F0280E5
:100F3800300F0280300F0280380F0280380F028095
:100F4800400F0280400F0280480F0280480F028045
:100F5800500F0280500F0280580F0280580F0280F5
:100F6800600F0280600F0280680F0280680F0280A5
:100F7800700F0280700F0280780F0280780F028055
:100F8800800F0280800F0280880F0280880F028005
:100F9800900F0280900F0280980F0280980F0280B5
:100FA800A00F0280A00F0280A80F0280A80F028065
:100FB800B00F0280B00F0280B80F0280B80F028015
:100FC800C00F0280C00F0280C80F0280C80F0280C5
:100FD800D00F0280D00F0280D80F0280D80F028075
:100FE800E00F0280E00F0280E80F0280E80F028025
:100FF800F00F0280F00F0280F80F0280F80F0280D5
:101008000010028000100280081002800810028080
:101018001010028010100280181002801810028030
:1010280020100280201002802810028028100280E0
:101038003010028030100280381002803810028090
:101048004010028040100280481002804810028040
:1010580050100280501002805810028058100280F0
:1010680060100280601002806810028068100280A0
:101078007010028070100280781002807810028050
:101088008010028080100280881002808810028000
:1010980090100280901002809810028098100280B0
:1010A800A0100280A0100280A8100280A810028060
:1010B800B0100280B0100280B8100280B810028010
:1010C800C0100280C0100280C8100280C8100280C0
:1010D800D0100280D0100280D8100280D810028070
:1010E800E0100280E0100280E8100280E810028020
:1010F800F0100280F0100280F8100280F8100280D0
:10110800001102800011028008110280081102807B
:10111800101102801011028018110280181102802B
:1011280020110280201102802811028028110280DB
:10113800301102803011028038110280381102808B
:10114800401102804011028048110280481102803B
:1011580050110280501102805811028058110280EB
:101168004300000000000000000000000000000034
:101178000000000000000000000000000000000067
:101188004300000000000000000000000000000014
:101198000000000000000000000000000000000047
:1011A80043000000000000000000000000000000F4
:1011B8000000000000000000000000000000000027
:1011C80043000000000000000000000000000000D4
:1011D8000000000000000000000000000000000007
:1011E80043000000000000000000000000000000B4
:1011F80000000000000000000000000000000000E7
:101208004300000000000000000000000000000093
:1012180000000000000000000000000000000000C6
:101228004300000000000000000000000000000073
:1012380000000000000000000000000000000000A6
:10124800BCB70080C89F008000000000F80702803B
:101258003406028014F0008014F0008014F000803E
:1012680014F0008014F0008014F0008014F0008066
:1012780014F0008014F00080FFFFFFFFFFFFFFFF66
:10128800FFFFFFFFFFFF00000100415343494900F2
:101298000000000000000000000000000000000046
:1012A80000000000000000000000415343494900CD
:1012B8000000000000000000000000000000000026
:0C12C8000000000000000000000000001A
:1012D800FFFFFFFFFFFFEF7F000000000000F83F67
:1012E80061436F63A787D23FB3C8608B288AC63F24
:1012F800FB799F501344D33F000000000000F03FEB
:1013080000000000000024400000000000001C4015
:101318000000000000001440000000000000E03F52
:10132800C01E0280400C0280FFFFFFFF0000020089
:0400000580000080F7
:00000001FF
