:0200000480007A
:100000006F00402E6F00801D6F00C02C6F00802C91
:100010006F00402C6F00002C6F00C02B6F00802BF6
:100020006F00402B6F00002B6F00C02A6F00802AEA
:100030006F00402A6F00002A6F00C0296F008029DE
:100040006F0040296F0000296F00C0286F008028D2
:100050006F0040286F0000286F00C0276F008027C6
:100060006F0040276F0000276F00C0266F008026BA
:100070006F0040266F0000266F00C0256F00C0365D
:10008000971102009381C15217010300130181F7F8
:1000900017050000130505F713651500731055309B
:1000A0001385C1C717260200130686D03306A64063
:1000B00093050000EF304008173500001305450296
:1000C000EF20005DEF20D0771305000093050000BE
:1000D00013060000EF00C0006F20C05C67800000C6
:1000E000130101D993078100130710009306010142
:1000F0001306800193058001130500242326112691
:10010000232481262322912623202127232E3125D3
:10011000232C4125EF101019F32920B0F32400B04F
:10012000930671001306C1009305810013050101B8
:10013000EF00507213040500732A20B0732900B039
:100140008325810017F50000130585D4EF20D01E0C
:100150008325C10017F50000130585D4EF20D01DBD
:100160009305040017F50000130585D4EF20D01C7B
:100170008345710017F50000130585D4EF20D01BCF
:1001800033063A4197F50000938585D417F50000B2
:10019000130585D4EF20501A3306994097F50000D7
:1001A000938505D317F500001305C5D4EF20D018AB
:1001B0008320C12603248126832441260329012686
:1001C0008329C125032A8125130500001301012776
:1001D0006780000013050000678000001305000021
:1001E0006780000013050000678000001305000011
:1001F0006780000013050000678000001305000001
:1002000067800000130500006780000013050000F0
:1002100067800000130500006780000013050000E0
:1002200067800000130500006780000013050000D0
:1002300067800000130500006780000013050000C0
:1002400067800000130500006780000013050000B0
:1002500067800000130500006780000013050000A0
:100260006780000013050000678000001305000090
:100270006780000013050000678000001305000080
:100280006780000013050000678000001305000070
:100290006780000013050000678000001305000060
:1002A0006780000013050000678000001305000050
:1002B0006780000013050000678000001305000040
:1002C0006780000013050000678000001305000030
:1002D0006780000017F500001305959EEF20501968
:1002E0006FF05FFF130101FC232011002322A10006
:1002F0002324B1002326C1002328D100232AE100B2
:10030000232CF100232E010123201103232251026B
:1003100023246102232671022328C103232AD10347
:10032000232CE103232EF103F322203413032000B6
:10033000638862021303B000638862001303300015
:10034000638862006F00C002EF0000346F0040035A
:1003500017F5000013058592EF2090116F00400201
:1003600017F500001305858CEF2090106F004001F9
:1003700017F500001305A592EF20900F6F004002C3
:10038000F322103403830200130530003373A300FB
:100390006314A3009382220093822200739012348C
:1003A0008320010003254100832581000326C1002D
:1003B0008326010103274101832781010328C1010D
:1003C0008328010283224102032381028323C10285
:1003D000032E0103832E4103032F8103832FC103C7
:1003E0001301010473002030730020303305A04056
:1003F00023A4A1C81305F0FF6780000017F70000D1
:100400001307478E93075005B70600101307170010
:1004100023A0F60083470700E39A07FE67800000E9
:100420009307800523A4F1C81305F0FF678000003F
:100430009307800523A4F1C81305F0FF678000002F
:100440009307800523A4F1C81305F0FF678000001F
:100450009307800523A4F1C81305F0FF678000000F
:100460009307800523A4F1C81305F0FF67800000FF
:100470001305F0FF678000009307C00023A4F1C8B4
:100480001305F0FF67800000B707048023A0A700D2
:10049000730050106F0000009307800523A4F1C87B
:1004A0001305F0FF678000009307B00023A4F1C894
:1004B0001305F0FF67800000B727000023A2F500B6
:1004C00013050000678000009307800523A4F1C88E
:1004D0001305F0FF678000009307800523A4F1C88F
:1004E0001305F0FF67800000930780FA23A4F1C88A
:1004F00013050000678000001305100067800000EE
:10050000930780FA23A4F1C81305F0FF6780000069
:100510001305F5FF13351500678000009307600190
:1005200023A4F1C81305F0FF678000009307F001D2
:1005300023A4F1C81305F0FF678000001305000035
:10054000678000009307800523A4F1C81305F0FF1E
:10055000678000001305F0FF6780000093078005A7
:1005600023A4F1C81305F0FF678000001305000005
:1005700067800000B727000023A2F50013050000E4
:10058000678000001305F0FF678000001305F0FF8F
:10059000678000009307200023A4F1C81305F0FF33
:1005A000678000009307800523A4F1C81305F0FFBE
:1005B000678000009307A00023A4F1C81305F0FF93
:1005C00067800000130101FF232021011389C1C7A7
:1005D0008327090023248100232291002326110070
:1005E0009384050013040600638A070213060400BF
:1005F00093850400170502001305452BEF00805377
:100600008320C100130504000324810083244100DA
:10061000032901001301010167800000B7C5010033
:1006200013063000938505201705020013050528E1
:10063000EF000043930710002320F9006FF01FFB29
:1006400023A6A1C613050000678000001387C1C65A
:10065000832707003385A7002320A700637C25009C
:10066000170703001307079A6376E5001385070051
:10067000678000009307C00023A4F1C89307F0FF30
:100680001385070067800000130101FF23229100FA
:1006900023261100930710089384050063C21709ED
:1006A0009307F00263D61703938808FD930710059C
:1006B00063E4170317E70000130707659398280002
:1006C000B388E80083A70800B387E70067800700C6
:1006D000930710016380F80A1307500597E700009D
:1006E00093874760B70600109387170023A0E600A2
:1006F00003C70700E31A07FE8320C10083244100DB
:1007000013010101678000008320C1009307800569
:1007100023A4F1C883244100130101016780000074
:100720009307F040E3CA17FB9307F03F63D6170324
:10073000938808C09307F000E3E017FB17E7000079
:100740001307077193982800B388E80083A708006F
:10075000B387E700678007009307C00AE38EF8F8C5
:1007600063C6170393079009E388F8F89307900A84
:10077000E394F8F6930780FA23A4F1C86FF0DFF74B
:10078000B727000023A2F4006FF01FF79307600D56
:10079000E394F8F423A6A1C66FF01FF69307F001C7
:1007A00023A4F1C86FF05FF59307200023A4F1C8DC
:1007B0006FF09FF4B707048023A0A70073005010C8
:1007C0006F0000009307600123A4F1C86FF0DFF20F
:1007D000232021011389C1C7832709002324810015
:1007E0001304060063860702130604000324810035
:1007F000032901008320C100938504008324410064
:10080000170502001305850A130101016F008032EC
:10081000B7C50100130630009385052017050200B7
:100820001305C508EF00C023930710002320F9002B
:100830006FF09FFB8327C50063880720832805018D
:10084000638408200328050003469500032745011B
:100850008346480133E6C600A304C50093F60602AA
:100860006382061EB386E840130600011383060068
:100870006374D60013030001638AE81C3386E70023
:10088000034E060093051700130610002300C8014D
:10089000232AB5006370D61A3386B700834E06004C
:1008A00013062700130E20002300D801232AC500B9
:1008B0006372DE183386C700834E060013063700C6
:1008C000130E30002300D801232AC5006374DE16FE
:1008D0003386C700834E060013064700130E400000
:1008E0002300D801232AC5006376DE143386C700AF
:1008F000834E060013065700130E50002300D80144
:10090000232AC5006378DE123386C700834E0600B3
:1009100013066700130E60002300D801232AC500C8
:10092000637ADE103386C700834E06001306770015
:10093000130E70002300D801232AC500637CDE0E4D
:100940003386C700834E060013068700130E80000F
:100950002300D801232AC500637EDE0C3386C7003E
:10096000834E060013069700130E90002300D80153
:10097000232AC5006370DE0C3386C700834E060051
:100980001306A700130EA0002300D801232AC500D8
:100990006372DE0A3386C700834E06001306B70073
:1009A000130EB0002300D801232AC5006374DE08AB
:1009B0003386C700834E06001306C700130EC0001F
:1009C0002300D801232AC5006376DE063386C700DC
:1009D000834E06001306D700130ED0002300D80163
:1009E000232AC5006378DE043386C700834E0600E1
:1009F0001306E700130EE0002300D801232AC500E8
:100A0000637ADE023386C700834E06001306F700C2
:100A1000130EF0002300D801232AC500637CDE00FA
:100A2000B387C70083C70700130707012300F80037
:100A3000232AE50013070000638406001307F3FF71
:100A40003307B7006384E8006780000083474800ED
:100A50002328050093F7D70F2302F80067800000D2
:100A6000130101FE232A910083240500232C810019
:100A70002328210123263101232E11002382040083
:100A800023840400930770FC2384F400238804006B
:100A90002322B500130405003785D71713890500F5
:100AA0009309060093060000138605001305054010
:100AB00093050000EF10C074B70780006374F5025F
:100AC0009357F500130700F82386E40093F7F70F18
:100AD000135575002382F4001375F50F2380A400CD
:100AE000238604002386340123043401A304040074
:100AF00097070000938747D4232224018320C10154
:100B00002328040023260400232A0400232E0400A3
:100B1000232C0400232204022320F4020324810155
:100B200083244101032901018329C100130101022A
:100B300067800000130101FF23260100638A050876
:100B400063080608032505003388C5001307100352
:100B500083474501232601000326C10093F6F70FC2
:100B6000636CC7008327C100938717002326F10019
:100B70008327C100E378F7FE93F70602E38A07FCB8
:100B8000232601008327C100636CF7008327C1007F
:100B9000938717002326F1008327C100E378F7FE2F
:100BA00083C705002300F500232601008327C10029
:100BB000636CF7008327C100938717002326F10099
:100BC0008327C100E378F7FE93851500E39205F9CA
:100BD00013010101678000006384050403C605005A
:100BE0006300060403270500130101FF9386150027
:100BF0008347470193F7F70FA307F1008347F100FD
:100C000093F70702E38607FE2300C70003C606002A
:100C100093861600E31E06FC1301010167800000A5
:100C200067800000630C0602638A05020327050043
:100C300097060000938646C02326B50083474700E9
:100C40002328C500232A05002320D50293E7270087
:100C50002302F700F32740F1638407006780000058
:100C60003727000C97070200938747C483260700A5
:100C70003305F5401335150093071000B397A7000F
:100C8000B3E7D7002320F700678000008327050023
:100C9000034795008326050183C7470133E7E70033
:100CA000A304E50093F7F70F6398060093D7670056
:100CB00013F517006780000013050000678000002F
:100CC0001307050063800506630E0604032805006C
:100CD0008346950083474801B3E6D700A304D500B7
:100CE00093F7170063800704130500006F0080006E
:100CF0006308A60283460800B387A5001305150004
:100D00002380D700032807008346970083474801C4
:100D1000B3E6D700A304D70093F71700E39A07FCC4
:100D2000678000001305000067800000F32740F192
:100D300063960702B726000C17070200130707B7D0
:100D400003A606003307E54013371700930710008A
:100D5000B397E700B3E7C70023A0F600B707010089
:100D60009387F7FF638CF5000327050093F5F500E3
:100D700083474700B3E7B7002302F700678000000E
:100D8000638E05029307000C63EAC7020327050080
:100D9000232EB5008347870093F7F703B3E7C70017
:100DA00093F7F70F2304F7008347470093E71700F3
:100DB0002302F700F32740F16384070067800000F7
:100DC0003727000C97070200938747AE832607005A
:100DD0003305F5401335150093071000B397A700AE
:100DE000B3E7D7002320F700678000006384050283
:100DF000032705002320B50223260500834747006B
:100E00002328050093E727002302F700F32740F18A
:100E100063840700678000003727000C97070200F3
:100E20009387C7A8832607003305F54013351500BF
:100E300093071000B397A700B3E7D7002320F7006C
:100E40006780000063800502032705002322B502A6
:100E50008347470093E787002302F700F32740F119
:100E600063840700678000003727000C97070200A3
:100E70009387C7A3832607003305F5401335150074
:100E800093071000B397A700B3E7D7002320F7001C
:100E90006780000063880512630606128327050039
:100EA0008346950003C74701B366D700A304D50066
:100EB00013770702630807101307000113050600E4
:100EC0006374C7001305000183C6050013071000F3
:100ED0002380D700637AC70E83C61500130720004E
:100EE0002380D7006372C70E83C625001307300026
:100EF0002380D700637AC70C83C6350013074000F0
:100F00002380D7006372C70C83C6450013075000C7
:100F10002380D700637AC70A83C655001307600091
:100F20002380D7006372C70A83C665001307700069
:100F30002380D700637AC70883C675001307800033
:100F40002380D7006372C70883C68500130790000B
:100F50002380D700637AC70683C695001307A000D5
:100F60002380D7006372C70683C6A5001307B000AD
:100F70002380D700637AC70483C6B5001307C00077
:100F80002380D7006372C70483C6C5001307D0004F
:100F90002380D700637AC70283C6D5001307E00019
:100FA0002380D7006372C70283C6E5001307F000F1
:100FB0002380D700637AC70003C7F5002380E700CA
:100FC000678000001305000067800000832705008C
:100FD0000347950083C74701A304050033E5E700F5
:100FE0001375E509678000008327050003C58701A5
:100FF00067800000032705008347950003474701EA
:10100000B367F700A304F5001375070667800000B7
:10101000032705008347C70093E707042306F7006B
:1010200067800000032705008347C70093F7F70B8D
:101030002306F700678000009306050093870500EC
:101040001307100013068001930580011305002487
:101050006F005025130101FF2324810013040600B3
:101060002322910013860600938405009305040053
:1010700023261100EF00000383A7040013050000DE
:1010800063C80700032504003305F5401335150038
:101090008320C10003248100832441001301010146
:1010A00067800000130101F82328210737F9FFFFAB
:1010B000232C8106232A910623244107232061073C
:1010C0002326B105232E110623263107232251079B
:1010D000232E7105232C8105232A91052328A105A0
:1010E0009306050093840500130B0600930200008D
:1010F00013040000130A6501970D0200938D4D152E
:101100001309097993870200B389D200131F4400A1
:1011100093820203B308FA009380090013270F6338
:1011200033062F0193070F0063140700930706008F
:1011300013F730006306077E9387072497E90000C2
:10114000938909E297EB0000938B8BDDB38AFD0056
:10115000232EE10123208102232251022324D102E4
:101160002326910223286103232A1103232C210320
:10117000232E4103038F090083C70000838E1900CB
:1011800003C71000330FFF0283877900038E290005
:1011900083C220002322F1008387D9000383390012
:1011A000838849002324F10083C7900403885900F1
:1011B000038569002326F10083A70B00838F890034
:1011C000838599000384A9008386B900330FFF004B
:1011D000B38EEE0203CD30000387C90083CC8001BB
:1011E00003CC900103CBA00103CAB00103C90003E3
:1011F00083C4100303C62003330E5E0283C330038F
:1012000083C280048387E900B38EEE01038FF90067
:101210002328F10083C7A004938B4B009389090115
:10122000232AF10083C7B0043303A303330EDE0186
:10123000232CF10083274100B38898033303C301B3
:1012400033088803B3886800330565033308180141
:10125000B387470333050501B38F2F03B387A70077
:10126000B3859502B387FF003306C402B385F5004A
:10127000B38676023306B600B30757023387C6003B
:101280000326C10083268100B386C602B387E70028
:101290000326410103270101B386F600832781015C
:1012A0003307C702B307FF023307D700B387E7004E
:1012B00013C7F7FF1357F741B3F7E70093D78740FA
:1012C0001307F00F6354F7009307F00F2380FA0021
:1012D00097E700009387C7C8938A1A00E39CFBE84E
:1012E000032FC101032401028322410283268102CC
:1012F0008324C102032B01038328410303298103B3
:10130000032AC10393802000130F0F01E39810E11B
:10131000930700211304B400E396F2DE37FDFFFFCC
:10132000130700001305000013080000138A01EEE4
:10133000930CF062130D0D7993095000930607008A
:1013400013175800930505002328A100232AD10074
:10135000130600009306070013050B0097EB00002F
:10136000938B0BD0B38ABD0017CB0100130B0B6B13
:101370009317460013070B002322510123209102EB
:10138000938A0B00338CD700232CC100232ED1006D
:10139000930B080093840500130B050083A70A0034
:1013A0009305870013090701930087019302070241
:1013B000930F8702130F070393088703130807048B
:1013C000130687049306070013050C00130400009E
:1013D0002324E100232651011307050063D4AC0048
:1013E0003307A5013307EA00032E070083AE06008A
:1013F0000323470083A346008B177300930A8700DB
:1014000003AE0A0083AE050003A34A0083A3450090
:101410008B177300930A070103AE0A00832E09009D
:1014200003A34A00832349008B177300930A8701A3
:1014300003AE0A0083AE000003A34A0083A340006A
:101440008B177300930A070203AE0A0083AE0200F3
:1014500003A34A0083A342008B177300930A8702F9
:1014600003AE0A0083AE0F0003A34A0083A34F001C
:101470008B177300930A070303AE0A00832E0F0035
:1014800003A34A0083234F008B177300930A87033B
:1014900003AE0A0083AE080003A34A0083A34800FA
:1014A0008B177300930A070403AE0A00832E08000B
:1014B00003A34A00832348008B1773001307870494
:1014C000032E0700832E06000323470083234600D4
:1014D0008B177300130414001305050B9386060580
:1014E000938505051309090593800005938202057C
:1014F000938F0F05130F0F05938808051308080530
:1015000013060605E31A34ED93C6F7FF93D6F641AA
:10151000B3F7D70093D787409306F00F03278100D6
:10152000832AC10063D4F6009307F00F832641009D
:10153000938A4A00130707192380F616938716002B
:101540002322F10097E70000938787B7E39857E5D8
:10155000032681019385040093078000130626006B
:101560008326C1018324010213880B0013050B009D
:1015700093858501E314F6DE8326410103250101ED
:101580001388BB009386260013050506E39AC6DA86
:10159000938F01F817E60000130686B217E50000E6
:1015A0001305C53717EF0000130F0FD713880F006F
:1015B00093850F009308F00F83270600170702009A
:1015C000130707DF93060500032E070083AE06000E
:1015D0000323470083A346008B1773009302870001
:1015E0009380860003AE020083AE000003A3420096
:1015F00083A340008B1773009302070193800601B9
:1016000003AE020083AE000003A3420083A34000A8
:101610008B177300930287019380860103AE02004B
:1016200083AE000003A3420083A340008B17730026
:10163000930207029380060203AE020083AE00000D
:1016400003A3420083A340008B1773009302870219
:101650009380860203AE020083AE000003A3420023
:1016600083A340008B177300930207039380060344
:1016700003AE020083AE000003A3420083A3400038
:101680008B177300930287039380860303AE0200D7
:1016900083AE000003A3420083A340008B177300B6
:1016A000930207049380060403AE020083AE000099
:1016B00003A3420083A340008B17730093028704A7
:1016C0009380860403AE020083AE000003A34200B1
:1016D00083A340008B1773009302070593800605D0
:1016E00003AE020083AE000003A3420083A34000C8
:1016F0008B177300930287059380860503AE020063
:1017000083AE000003A3420083A340008B17730045
:101710001307070693860606E318E8EA13C7F7FFE0
:101720001357F741B3F7E70093D7874063D4F80026
:101730009307F00F2380F5001306460093851500EC
:1017400013050518E31AE6E71389610197E700001E
:10175000938707BF17EF0000130F0FBC938A070092
:10176000130A090093020900938901019300F00F05
:1017700013F73700032E0F00631807229386070024
:1017800013870F0013060E00032E070083AE06001A
:101790000323470083A346000B167300130787003B
:1017A00093868600E31237FF0387070903C80D37C6
:1017B00003C51D37838B170983C52D3783832709FD
:1017C0003308E802130E0600838E370903C63D373F
:1017D00083C64D370383470903C75D37838857099D
:1017E000330575033308C801B38575023305050158
:1017F0003306D603B385A500B38666023306B6006A
:1018000033071703B386C6003307D7001357B74013
:1018100063D6E0241307F00F2380E200130F4F007C
:101820009387670993821200E394EAF517D50000C5
:101830001305C56DEF104030138A010297D90000DF
:101840009389C96D830509001385090013091900DF
:10185000EF10802EE31849FF1305A000EF100033AE
:1018600083866D3703877D379307100063C6E600D4
:10187000138706009307000083868D376340D720C7
:101880009306070003879D3763C6E61E138706008D
:101890008386AD37634CD71C930607000387BD379B
:1018A00063C6E60013870600138407008387CD37DD
:1018B0006346F71E930707000387DD3763CCE71CF9
:1018C000138707008387ED376342F71C93070700F0
:1018D0000387FD3763C8E71A138707002300EB006F
:1018E00023A084008320C1070324810783244107A8
:1018F000032901078329C106032A8106832A410699
:10190000032B0106832BC105032C8105832C410584
:10191000032D0105832DC104130101086780000018
:10192000938707241388000397D500009385455FAC
:1019300017D60000130646633387FD0083A7050012
:10194000130586FF03AE0000832E050003A380016C
:10195000832345008B177300032E0800832E060097
:1019600003238801832346008B17730013C5F7FFF9
:101970001355F541B3F7A70093D787401305F00F30
:10198000130606016354F5009307F00F2300F700D8
:1019900097D700009387476D93854500130717007D
:1019A000E39EC7F86FF01F9603C70D2E0383070051
:1019B00083CE1D2E8388170003CD2D2E038827008C
:1019C0003303E30203C53D2E838C370083C54D2EC0
:1019D000038C47000386570083CB5D2E8386670008
:1019E00083C36D2E03C77D2EB388D8033303C30191
:1019F000838E7700138E0F002322D101938E070070
:101A000033080D03B38868003305950333081801C4
:101A1000B38585033305050133067603B385A50039
:101A20003306B60083254100B38676023307B7023A
:101A3000B386C6003307D70083460E0003860E0028
:101A4000130E1E00938E1E00B386C6023307D70006
:101A5000E314CAFF1357B740E3CEE0DA9346F7FF2B
:101A600093D6F6413377D7006FF01FDB9307400022
:101A70006FF0DFE2930730006FF09FE193072000E3
:101A80006FF05FE0130490006FF05FE513048000D7
:101A90006FF01FE4130470006FF0DFE213046000C6
:101AA0006FF09FE1130101FD23229102938401C88D
:101AB00003A30400232E3101232C4101232A5101C9
:101AC00023286101232611022324810223202103DC
:101AD0009308230013081025130B0500938A0500B3
:101AE000130A060093890600636C181D17F801009D
:101AF000130848DE3308680003490800034418004F
:101B000023A0140113080005631A09011304B4FC8F
:101B10001374F40F9306100063FA860217E50100B0
:101B200013058549032481028320C10283244102D5
:101B3000032901028329C101032A8101832A41016A
:101B4000032B0101130101036F10801203A604008F
:101B5000930610251306B60063E0C61A23A0C4003E
:101B6000930680016316DA0A63944A0B83A6040085
:101B7000130610253304DB00636A860E63860902B0
:101B800097F50100938505D513060B00B385D500A5
:101B9000138509002326F1002324E100EF1080675C
:101BA0008327C1000327810023A0840083A60400AB
:101BB00013162700930510253304D60063E6850627
:101BC000638C070097F501009385C5D0B385D500D8
:101BD00013850700EF10006423A0840003A704000E
:101BE00093071025631CF7028320C102032481029E
:101BF00083244102032901028329C101032A8101AF
:101C0000832A4101032B01011301010367800000B6
:101C100017E501001305C53B6FF0DFF017E5010084
:101C20001305C5476FF01FF0930610251306040037
:101C300097E501009385854817E5010013050536F2
:101C40002324E100EF00506F032781009307F0FF8A
:101C5000E306F7F8130607009305F0FF17E5010008
:101C60001305853EEF00506D6FF05FF7930610256A
:101C70001306040097E501009385454417E501002C
:101C80001305C5312326F1002324E100EF00D06ABB
:101C90009306F0FF032781008327C100E308DBF0F0
:101CA00013060B009305F0FF17E50100130505353A
:101CB000EF0090688327C100032781006FF01FEFBA
:101CC000930610251386080097E501009385053FCC
:101CD00017E501001305852C2326F1002324E100DC
:101CE000EF0090658327C1000327810013090000DE
:101CF000130400006FF01FE19306102597E5010023
:101D00009385C53B17E50100130545292326F100FE
:101D10002324E100EF0050628327C10003278100E4
:101D20006FF01FE41308000063C6051263DC0600B1
:101D3000B337C000B306D0401348F8FFB386F6406F
:101D40003306C040930806001307050013830500FF
:101D5000639A060E63F4C516B70701006364F622A2
:101D6000B7070001930680016374F6009306000133
:101D7000B7070280335ED6009387C70CB387C701CD
:101D800083C70700130E0002B387D700B306FE40D7
:101D9000630CFE003393D500B357F500B318D6009B
:101DA00033E367003317D50013D608013355C30258
:101DB0009396080193D60601935707013373C30224
:101DC000B385A60213130301B3E7670063FCB700F2
:101DD000B387F8001303F5FF63E4170163E6B74028
:101DE00013050300B387B740B3D5C7021317070124
:101DF00013570701B3F7C702B386B60293970701DB
:101E00003367F700637ED7003387E8009387F5FFD9
:101E1000636617019385E5FF6364D7009385070028
:101E2000131505013365B50093050000630A08002A
:101E3000B337A000B305B040B385F5403305A040EB
:101E40006780000063F4D5029305000013050000CD
:101E50006FF0DFFDB337A000B305B040B385F540A8
:101E60003305A0401308F0FF6FF05FECB7070100E7
:101E700063E8F61EB70700019308800163F4F600DB
:101E800093080001B707028033D716019387C70C68
:101E9000B387E70003C70700930700023307170162
:101EA000B388E7406396E71C63E4B6303335C5007A
:101EB00013351500930500006FF05FF7630C060CF7
:101EC000B7070100637CF62C13330610133313009D
:101ED00013133300B3566600B70702809387C70C0D
:101EE000B387D70083C6070093070002B386660056
:101EF000B38ED7406394D70CB386C5401353060105
:101F000013160601135606019305100033D5660219
:101F100093570701B3F66602330EC5029396060186
:101F2000B3E7D70063FCC701B387F8009306F5FF5A
:101F300063E4170163E4C72B13850600B387C74129
:101F4000B3D667021317070113570701B3F76702E8
:101F50003386C602939707013367F700637EC70095
:101F60003387E8009387F6FF636617019386E6FFE1
:101F70006364C70093860700131505013365D50018
:101F80006FF0DFEA9336061093B61600939636008C
:101F90006FF01FDEB7070280930600009387C70C1F
:101FA000B387D70083C6070013030000930700021E
:101FB000B3866600B38ED740E380D7F4B318D6015A
:101FC00033DED50013D30801B3576E021396080110
:101FD00013560601B356D5003317D501B395D50175
:101FE000B3E6B60093D50601337E6E023305F602E2
:101FF000131E0E01B3E5C50163FEA500B385B8004D
:10200000138EF7FF63E4151D63F2A51C9387E7FFAA
:10201000B3851501B385A54033D5650293960601B6
:1020200093D60601B3F56502330EA602939505011A
:10203000B3E6B60063FEC601B386D8009305F5FF8C
:1020400063EE161763FCC6171305E5FFB38616018A
:1020500093950701B386C641B3E5A5006FF01FEB6A
:1020600093B8061093B81800939838006FF09FE16A
:10207000B35EE600B3961601B3EEDE0033D3E5009F
:1020800013DF0E01B357E303139E0E01B395150141
:10209000135E0E013357E5003367B700935607010F
:1020A000331616013373E303B305FE021313030162
:1020B000B3E6660063FEB600B386DE001383F7FF67
:1020C00063EAD61163F8B6109387E7FFB386D601AB
:1020D000B386B640B3D5E6031317070113570701BC
:1020E000B3F6E6033303BE02939606013367D700C7
:1020F000637E67003387EE009386F5FF6364D70D38
:102100006372670C9385E5FF3307D7019397070147
:10211000370F0100B3E7B7009306FFFFB3F5D70011
:1021200013DE0701B376D60013560601B38ED5022F
:1021300033076740B306DE0213D30E01B385C50231
:10214000B385D500B305B300330ECE0263F4D500DA
:10215000330EEE0193D60501B386C601636AD7023A
:102160006308D70013850700930500006FF01FCCAC
:10217000B70601009386F6FF33F7D5001317070162
:10218000B3FEDE00331515013307D701E37CE5FC10
:102190001385F7FF930500006FF05FC9B7070001D3
:1021A000637AF60493560601130300016FF0DFD241
:1021B00093050000130510006FF05FC7138505003D
:1021C0006FF01FE9938506006FF05FF493070E0030
:1021D0006FF05FE4930703006FF09FEF1305E5FFD7
:1021E000B38717016FF09FD51305E5FFB38717017C
:1021F0006FF05FBF93568601130380016FF0DFCD50
:102200001308060093080500138705006390060E67
:1022100063FEC512B7070100636EF61EB707000123
:10222000930680016374F60093060001B7070280ED
:102230003353D6009387C70CB387670083C7070063
:1022400013030002B387D700B306F340630CF30017
:102250003397D500B357F5003318D60033E7E700BE
:10226000B318D500135608013355C7029316080159
:1022700093D6060193D708013377C702B385A60228
:1022800013170701B3E7E70063FCB700B307F800D3
:102290001307F5FF63E4070163E0B73E130507008A
:1022A000B387B74033D7C7029398080193D8080182
:1022B000B3F7C702B386E60293970701B3E8F800C5
:1022C00063FED800B30818019307F7FF63E608011F
:1022D0001307E7FF63E4D800138707001315050110
:1022E0003365E500930500006780000063F8D500C2
:1022F000930500001305000067800000B707010088
:1023000063E8F61EB70700011308800163F4F600C6
:1023100013080001B707028033D706019387C70C63
:10232000B387E70003C707009307000233070701DD
:102330003388E7406396E71C63E4B6303335C50065
:10234000133515009305000067800000630C060C30
:10235000B7070100637CF62C1337061013371700FC
:1023600013173700B356E600B70702809387C70CF0
:10237000B387D70083C7070093060002B387E7003F
:10238000B38EF6406394F60CB387C54093560601AE
:1023900013160601135606019305100033D5D70214
:1023A00013D70801B3F7D7023303C5029397070188
:1023B000B367F70063FC6700B307F8001307F5FF86
:1023C00063E4070163E4672A13050700B3876740E6
:1023D00033D7D7029398080193D80801B3F7D702EF
:1023E0003306C70293970701B3E8F80063FEC800FD
:1023F000B30818019307F7FF63E608011307E7FF27
:1024000063E4C80013870700131505013365E50071
:10241000678000009336061093B616009396360038
:102420006FF0DFE0B7070280930600009387C70CC8
:10243000B387D70083C70700130700009306000285
:10244000B387E700B38EF640E380F6F43318D60185
:1024500033D3F50093560801335ED30213160801F7
:10246000B395D50113560601B357F500B3E7B7008E
:1024700013D70701B318D5013373D302B305C603CD
:102480001313030133676700637EB7003307E80067
:102490001305FEFF6364071D6372B71C130EEEFF86
:1024A000330707013307B7403355D7029397070126
:1024B00093D707013377D7023303A6021317070117
:1024C000B3E7E70063FE6700B307F8001307F5FF03
:1024D00063EE071763FC67161305E5FFB387070173
:1024E00093150E01B3876740B3E5A5006FF01FEBAE
:1024F00013B8061013381800131838006FF09FE156
:10250000335EE600B3960601336EDE00B3D8E50015
:10251000935E0E01B3D7D80313130E01B3950501D3
:10252000135303013357E5003367B7009356070190
:1025300033160601B3F8D803B305F30293980801E4
:10254000B3E6160163FEB600B306DE009388F7FF1C
:1025500063EAC61163F8B6109387E7FFB386C60136
:10256000B386B640B3D5D603131707011357070137
:10257000B3F6D603B308B302939606013367D700C8
:10258000637E17013307EE009386F5FF6364C70D82
:102590006372170D9385E5FF3307C7019397070112
:1025A000B70E0100B3E7B7009386FEFFB3F5D7007F
:1025B00013D30701B376D60013560601338ED50226
:1025C00033071741B306D30293580E01B385C502F2
:1025D000B385D500B385B8003303C30263F4D500D7
:1025E0003303D30193D60501B3866600636AD7022D
:1025F0006308D7001385070093050000678000007B
:10260000B70601009386F6FF33F7D50013170701CD
:10261000337EDE00331505013307C701E37CE5FC9B
:102620001385F7FF9305000067800000B7070001DE
:10263000637AF60493560601130700016FF0DFD2A8
:1026400093050000130510006780000013050700C4
:102650006FF01FE9938506006FF05FF4130E05001D
:102660006FF05FE4938708006FF09FEF1305E5FFBD
:10267000B38707016FF09FD51305E5FFB387070107
:102680006FF01FC293568601130780016FF0DFCDF4
:1026900093050500930600001306000013050000D3
:1026A0006F00505A130101FF93050000232481009D
:1026B0002326110013040500EF00506283A741C8D0
:1026C00063840700E780070013050400EFD0DFDB19
:1026D000130500006780000037160280B775008080
:1026E00037150280130646B29385052F130505B3EF
:1026F0006F004035130101FF83254500232481002D
:102700002322910023261100138401519304050014
:1027100063848500EF40D03D83A584009307840641
:102720006386F50013850400EF40903C83A5C40048
:102730001304040D638E8500032481008320C100EF
:102740001385040083244100130101016F40503AB6
:102750008320C1000324810083244100130101016F
:10276000678000001305000067800000130101FE70
:10277000232C8100B7270080138401519387876D34
:10278000232E1100232A9100232821012326310121
:102790002324410123A2F1C81306800093074000BF
:1027A000930500001305C4052326F400232004002C
:1027B00023220400232404002322040623280400E7
:1027C000232A0400232C0400EF001017B707010090
:1027D000373A0080B739008037390080B73400803D
:1027E000130ACAC7938909CE130989D6938404DED4
:1027F0009387970013068000930500001305440C8F
:102800002320440323223403232424032326940275
:10281000232AF406232E84002324040623260406F8
:10282000232804062326040C232C0406232E040646
:1028300023200408EF005010B70702001307840696
:10284000938727011305C412130680009305000027
:10285000232444092326340923282409232A9408FD
:10286000232EF40C2322E4082328040C232A040C2E
:10287000232C040C232A04122320040E2322040EEA
:102880002324040EEF00500B9307040D2328440F5C
:10289000232A340F232C240F232E940E8320C101CE
:1028A0002326F40E0324810183244101032901011D
:1028B0008329C100032A81001301010267800000FF
:1028C00083A741C8130101FE23263101232E1100E5
:1028D000232C8100232A910023282101930905003C
:1028E0006388070E37190280130949B29304F0FF79
:1028F00083274900032489009387F7FF63D80700E3
:102900006F00000813048406638C97060317C40045
:102910009387F7FFE31807FEB707FFFF93871700BA
:102920002326F40023220406232004002324040089
:102930002322040023280400232A0400232C04005B
:1029400013068000930500001305C405EF00C07E48
:1029500023280402232A0402232204042324040437
:102960008320C10113050400032481018324410154
:10297000032901018329C1001301010267800000BE
:102980000324090063060400130904006FF05FF6D6
:102990009305C01A13850900EF10C00B130405003E
:1029A000630C05021305C5009307400023200400B3
:1029B0002322F4002324A4001306001A9305000028
:1029C000EF00807723208900130904006FF05FF285
:1029D000EFF0DFD96FF01FF1232009009307C0004B
:1029E00023A0F9006FF0DFF7832745036384070016
:1029F0006780000003A741C8B72700809387476F0F
:102A0000232AF502E31607FE6FF05FD66780000009
:102A10006780000037160280B7250080130646B293
:102A20009385056D130500006F00C0013716028005
:102A3000B7250080130646B293854576130500003E
:102A40006F004000130101FD23202103232E3101DB
:102A5000232C4101232A51012328610123267101DE
:102A6000232611022324810223229102130B050045
:102A7000938B0500930A0600130A000093091000C7
:102A80001309F0FF83A44A0003A48A009384F4FF8F
:102A900063C804028357C40063FEF9008317E4008F
:102AA0009305040013050B0063862701E7800B00E4
:102AB000336AAA009384F4FF13048406E39C24FD84
:102AC00083AA0A00E3900AFC8320C1020324810246
:102AD00083244102032901028329C101832A410180
:102AE000032B0101832BC10013050A00032A810176
:102AF0001301010367800000130101FC2324C102BC
:102B00002326D1022328E102232AF102232C0103E8
:102B1000232E110313860500832585009306810269
:102B2000232E11002326D100EF10C06E8320C10197
:102B3000130101046780000003A301C7130101FC16
:102B40002324C1022326D1022322B1022328E10239
:102B5000232AF102232C0103232E11038325830052
:102B6000930641021306050013050300232E1100EE
:102B70002326D100EF10006A8320C1011301010454
:102B800067800000032685006F50C00B83A701C734
:102B90009305050003A68700138507006F50800A80
:102BA000130101FC232C8102130405001385050089
:102BB000232A9102232E110293840500EF00C07F87
:102BC000B7070280938707042324F10293071000BC
:102BD0002326F102032744039307010293061500FD
:102BE000232AF10093072000232091022322A1022F
:102BF000232ED100232CF1008325840063000706D7
:102C00008397C500139727016342070203A7450670
:102C1000B7E6FFFF9386F6FF37260000B3E7C7004D
:102C20003377D7002396F50023A2E506130641016A
:102C300013050400EF4010308320C10303248103F7
:102C4000133515003305A0401375B50083244103E7
:102C50001305F5FF1301010467800000130504004C
:102C60002326B100EFF05FD88325C1006FF05FF934
:102C70009305050003A501C76FF09FF2130101FF43
:102C800023248100138405008395E5002326110089
:102C9000EF00002E63400502832704058320C10056
:102CA000B387A7002328F404032481001301010142
:102CB000678000008357C40037F7FFFF1307F7FF53
:102CC000B3F7E7008320C1002316F400032481003A
:102CD00013010101678000001305000067800000F8
:102CE0008397C500130101FE232C8100232A910044
:102CF0002328210123263101232E110013F7071069
:102D00001384050093040500130906009389060047
:102D10006310070437F7FFFF1307F7FFB3F7E70068
:102D20008315E4002316F400032481018320C101EC
:102D300093860900130609008329C10003290101B4
:102D40001385040083244101130101026F00C02890
:102D50008395E5009306200013060000EF00C01ADB
:102D60008317C4006FF01FFB130101FF23248100B0
:102D7000138405008395E50023261100EF00C01899
:102D80009307F0FF6308F5028357C400371700006C
:102D90008320C100B3E7E7009397070193D707416A
:102DA0002328A4042316F400032481001301010145
:102DB000678000008357C40037F7FFFF1307F7FF52
:102DC000B3F7E7009397070193D707418320C1002A
:102DD0002316F40003248100130101016780000021
:102DE0008395E5006F004000130101FF232481005B
:102DF00023229100130405001385050023261100EA
:102E000023A401C8EFD0CFE69307F0FF630CF500D1
:102E10008320C100032481008324410013010101A8
:102E20006780000083A781C8E38407FE8320C10078
:102E30002320F400032481008324410013010101B5
:102E40006780000083A701C7638EA70A8325450416
:102E5000130101FE232A9100232E11009304050083
:102E6000638C05042328210123263101232C8100B2
:102E70001309000093090008B387250103A4070084
:102E8000630E04009305040003240400138504006A
:102E9000EF00100CE31804FE83A544041309490055
:102EA000E31C39FD13850400EF00900A032481011F
:102EB000032901018329C10083A5840363860500DA
:102EC00013850400EF00D00883A5C40463860500C1
:102ED00013850400EF00D00783A74403638C070029
:102EE0008320C101138504008324410113010102E1
:102EF000678007008320C10183244101130101027F
:102F00006780000067800000130101FF1387050040
:102F10002324810023229100930506001304050059
:102F200013860600130507002326110023A401C8F9
:102F3000EFD0CFE09307F0FF630CF5008320C100D2
:102F400003248100832441001301010167800000F4
:102F500083A781C8E38407FE8320C1002320F400F7
:102F600003248100832441001301010167800000D4
:102F7000130101FF13870500232481002322910000
:102F800093050600130405001386060013050700C9
:102F90002326110023A401C8EFD04FDD9307F0FFD3
:102FA000630CF5008320C1000324810083244100C9
:102FB000130101016780000083A781C8E38407FE35
:102FC0008320C1002320F4000324810083244100D6
:102FD0001301010167800000130101FF1387050041
:102FE0002324810023229100930506001304050089
:102FF00013860600130507002326110023A401C829
:10300000EFD04FDC9307F0FF630CF5008320C10085
:103010000324810083244100130101016780000023
:1030200083A781C8E38407FE8320C1002320F40026
:103030000324810083244100130101016780000003
:10304000130101FF23248100B71702803714028087
:10305000232021019387878A1307848A232611005E
:10306000232291003389E7406382E7021359294004
:103070001304848A930400008327040093841400BB
:1030800013044400E7800700E3E824FF37140280BC
:10309000B71702809387878A1307848A3389E740AA
:1030A000135929406380E7021304848A93040000C3
:1030B000832704009384140013044400E78007006E
:1030C000E3E824FF8320C10003248100832441001E
:1030D000032901001301010167800000130101FFB2
:1030E00023248100B7170280371402809387878AD0
:1030F0001304848A3304F440232291002326110010
:1031000093542440638004021304C4FF3304F40086
:10311000832704009384F4FF1304C4FFE7800700AF
:10312000E39804FE8320C10003248100832441002E
:1031300013010101678000001303F000130705006D
:10314000637EC3029377F7006390070A63920508D2
:10315000937606FF1376F600B386E6002320B700C9
:103160002322B7002324B7002326B7001307070143
:10317000E366D7FE6314060067800000B306C34011
:103180009396260097020000B38656006780C6001B
:103190002307B700A306B7002306B700A305B700AF
:1031A0002305B700A304B7002304B700A303B700A7
:1031B0002303B700A302B7002302B700A301B7009F
:1031C0002301B700A300B7002300B7006780000009
:1031D00093F5F50F93968500B3E5D5009396050119
:1031E000B3E5D5006FF0DFF6939627009702000055
:1031F000B386560093820000E78006FA93800200AF
:10320000938707FF3307F7403306F600E378C3F6EA
:103210006FF0DFF3B3C7A50093F73700B308C5001D
:10322000639407069307300063F0C7069377350071
:1032300013070500639A070613F6C8FFB306E640B6
:103240009307000263CED708938605009307070013
:103250006378C70203A80600938747009386460059
:1032600023AE07FFE3E8C7FE9307F6FFB387E74007
:1032700093F7C7FF938747003307F700B385F5003F
:103280006368170167800000130705006378150560
:1032900083C705001307170093851500A30FF7FEDA
:1032A000E398E8FE6780000083C605001307170057
:1032B00093773700A30FD7FE93851500E38E07F6AB
:1032C00083C605001307170093773700A30FD7FEB7
:1032D00093851500E39A07FC6FF01FF667800000E6
:1032E000130101FF232681001304000283A30500BC
:1032F00083A2450083AF850003AFC50083AE0501FF
:1033000003AE450103A3850103A8C50183A60502F9
:1033100013074702B307E640232E77FC232057FE0E
:103320002322F7FF2324E7FF2326D7FF2328C7FF05
:10333000232A67FE232C07FF232ED7FE9385450201
:10334000E346F4FA93860500930707006378C70203
:1033500003A80600938747009386460023AE07FF25
:10336000E3E8C7FE9307F6FFB387E74093F7C7FF8D
:10337000938747003307F700B385F50063681701AB
:103380000324C100130101016780000083C7050009
:103390001307170093851500A30FF7FEE382E8FEDD
:1033A00083C705001307170093851500A30FF7FEC9
:1033B000E39EE8FC6FF0DFFC937735001307050010
:1033C000639C0704B7867F7F9386F6F79305F0FF2B
:1033D0000326070013074700B377D600B387D7004B
:1033E000B3E7C700B3E7D700E384B7FE8346C7FF60
:1033F000B307A740638406048346D7FF638C0602A5
:103400000345E7FF3335A0003305F5001305E5FF5D
:1034100067800000E38806FA834707001307170058
:1034200093763700E39807FE3307A7401305F7FFAD
:10343000678000001385D7FF678000001385C7FFF2
:103440006780000083A7C1C8638C070403A74700F7
:103450001308F0016340E80813182700630605020B
:10346000338307012324C30883A887181306100099
:103470003316E600B3E8C80023A417192324D31099
:10348000930620006306D5021307170023A2E70066
:10349000B387070123A4B70013050000678000006D
:1034A0001388816423A601C9938781646FF01FFA92
:1034B00083A6C7181307170023A2E700B3E6C600C8
:1034C00023A6D718B387070123A4B700130500006C
:1034D000678000001305F0FF67800000130101FD05
:1034E000232C41012320210303A9C1C82326110253
:1034F0006308090A232E3101232A5101232861017F
:103500002326710123248102232291022324810195
:10351000130B0500938B05009309F0FF930A10002D
:10352000832449001384F4FF634E0404939424001D
:10353000B304990063900B088327490083A64400D5
:103540009387F7FF638C870A23A204006386060231
:103550008327891833978A00032C4900B377F70033
:1035600063960706E78006000327490083A7C1C8C2
:1035700063108709639E27071304F4FF9384C4FF35
:10358000E31A34FB03248102832441028329C1010D
:10359000832A4101032B0101832BC100032C8100ED
:1035A0008320C10203290102032A810113010103BF
:1035B0006780000083A74410E38077F91304F4FFC9
:1035C0009384C4FFE31834FF6FF0DFFB8327C9182F
:1035D00083A544083377F7006316070213050B0031
:1035E000E78006000327490083A7C1C8E30487F9E1
:1035F000E38A07F8138907006FF09FF223228900FE
:103600006FF0DFF413850500E78006006FF0DFF54B
:10361000130101FE23263101B7190280232C8100FA
:10362000232A91002328210123244101232E110064
:10363000138A050013090500938909C5EF00103DA1
:1036400003A78900B71700009387F7FE832447007C
:103650003717000093F4C4FF3384F400330444416B
:103660001354C4001304F4FF1314C400634EE400A5
:103670009305000013050900EF40505683A7890009
:10368000B38797006308F50213050900EF0050386F
:103690008320C10103248101832441010329010105
:1036A0008329C100032A81001305000013010102D0
:1036B00067800000B305804013050900EF401052F9
:1036C0009307F0FF630AF504B7270280938747D872
:1036D00003A7070083A68900B384844093E4140001
:1036E000330787401305090023A2960023A0E700B3
:1036F000EF0010328320C1010324810183244101A2
:10370000032901018329C100032A81001305100048
:1037100013010102678000009305000013050900F2
:10372000EF40D04B03A789009306F000B307E540B4
:10373000E3DCF6F483A641C793E717002322F700E2
:103740003305D540B726028023A2A6D86FF0DFF359
:1037500063820518130101FF2324810023229100B5
:10376000138405009304050023261100EF00102A9E
:103770000325C4FF130784FFB71502809377E5FF85
:103780003306F700938505C58326460003A8850008
:1037900093F6C6FF6302C81A2322D60013751500DC
:1037A0003308D6006310050A032384FF032848006A
:1037B000371502803307674083288700130585C5C6
:1037C000B3876700137818006382A8140323C70027
:1037D00023A66800232413016306081A93E6170042
:1037E0002322D7002320F6009306F01F63ECF60691
:1037F00093F687FF9386860003A54500B386D50020
:1038000003A6060013D8570093071000B3970701CB
:10381000B3E7A700138586FF2326A7002324C7004C
:1038200023A2F50023A0E6002326E600032481005E
:103830008320C1001385040083244100130101018A
:103840006F00101D03254800137515006306050859
:1038500093E61700232ED4FE2320F6009306F01FD4
:10386000E3F8F6F893D69700130640006360D6128B
:1038700093D66700138596031386860313153500C8
:103880003385A50083260500130585FF6318D50041
:103890006F00401583A686006308D50003A6460086
:1038A0001376C6FFE3E8C7FE03A5C6002326A700DC
:1038B0002324D700032481002324E5008320C100B2
:1038C000138504008324410023A6E60013010101AF
:1038D0006F0010146780000037150280B387D7008F
:1038E000130585C583268600638CA60C0328C600B5
:1038F00013E517003306F70023A606012324D8009A
:103900002322A7002320F6006FF01FEE631C08128D
:10391000832586000326C600B386F60093E71600CB
:1039200023A6C5002324B6002322F7003307D700BF
:103930002320D7006FF09FEF13751500B386D700D3
:1039400063100502032584FF3307A7408327C700C0
:1039500003268700B386A6002326F60023A4C7000B
:1039600013E6160083A781C72322C70023A4E5001E
:10397000E3EEF6EA83A581C913850400EFF05FC981
:103980006FF0DFEAB387D7006FF0DFF51306400171
:103990006370D602130640056364D60693D6C7004B
:1039A0001385F6061386E606131535006FF05FEDF6
:1039B0001385C6051386B605131535006FF05FEC49
:1039C00023AAE50023A8E50093E617002326A70015
:1039D0002324A7002322D7003307F7002320F70072
:1039E0006FF0DFE403A8450013562640930710004C
:1039F000B397C700B3E7070123A2F5006FF01FEBF1
:103A000013064015636CD60093D6F700138586071E
:103A100013867607131535006FF09FE613064055A1
:103A2000636CD60093D627011385D6071386C60785
:103A3000131535006FF0DFE41305803F1306E00730
:103A40006FF01FE493E617002322D7002320F6002F
:103A50006FF0DFDD130101FD232E3101232611025A
:103A60002324810223229102232021039387B5007E
:103A700013076001930905006362F70893070001CB
:103A800063E4B720EF00807893078001930520005E
:103A90009304000137190280130909C5B307F9001F
:103AA00003A44700138787FF6302E434832744009D
:103AB0008326C4000326840093F7C7FFB307F400EE
:103AC00003A747002326D60023A4C60013671700C8
:103AD0001385090023A2E700EF008073130584001B
:103AE0008320C102032481028324410203290102AD
:103AF0008329C101130101036780000093F487FF4C
:103B000063C4071863E2B418EF0040709307701F96
:103B100063F8973E93D7940063800718130740001B
:103B2000636EF73293D764009385970313888703F6
:103B30001396350037190280130909C53306C900E9
:103B400003244600130686FF630886021305F0006F
:103B50006F0040018326C40063560728630ED60019
:103B6000138406008327440093F7C7FF33879740E9
:103B7000E352E5FE93050800032409019308890038
:103B8000630E1425832744009306F00093F7C7FFC4
:103B90003387974063CCE636232A1901232819017D
:103BA000635007341307F01F032549006368F724A7
:103BB00013F787FF130787003307E9008326070001
:103BC00013D6570093071000B397C7003365F5006D
:103BD000930787FF2326F4002324D4002322A9007F
:103BE0002320870023A6860093D7254013061000C4
:103BF0003316F600636AC50AB377A600639407021A
:103C00001316160093F5C5FFB377A60093854500FC
:103C1000639A070013161600B377A6009385450034
:103C2000E38A07FE1308F00013933500330369009D
:103C3000130503008327C500138E05006302F524D6
:103C400003A747001384070083A7C7001377C7FFA4
:103C5000B30697406342D824E3C206FE3307E4006C
:103C600083264700032684001385090093E6160087
:103C70002322D7002326F60023A4C700EF004059D3
:103C8000130584006FF0DFE59307C00023A0F9005F
:103C9000130500006FF0DFE4130600209305000415
:103CA0001308F0036FF01FE9032489002328610142
:103CB0008327440013FBC7FF63689B0033079B40C7
:103CC0009307F00063CAE70C23229101232A5101D4
:103CD00003A741C783AA81C9232C4101232671016F
:103CE0009307F0FF330A6401B38A54016306F73C7B
:103CF000B71700009387F700B38AFA00B7F7FFFF02
:103D0000B3FAFA0093850A0013850900EF40006DAD
:103D10009307F0FF930B0500630AF5442324810108
:103D2000636E4523138C817D83250C00B385BA0017
:103D30002320BC00138705006316AA2A93174501A8
:103D40006392072A832B8900B3075B0193E717006F
:103D500023A2FB0083A641C963F4B60023AAB1C81D
:103D600083A601C963F4B60023A8B1C8032C81005F
:103D700013840B0093F7C7FF3387974063EA9738A4
:103D80009307F00063D6E738032A8101832A4101B3
:103D9000832BC100832C410093E714002322F400FD
:103DA000B3049400232499001367170013850900B6
:103DB00023A2E400EF00C0458320C1021305840064
:103DC00003248102032B0101832441020329010200
:103DD0008329C10113010103678000000325490005
:103DE0006FF09FE0032684006FF05FCD03A4C7004F
:103DF00093852500E38287D86FF05FCB13D79700B8
:103E00009306400063F2E6149306400163E4E63251
:103E10001306C7059306B705131636003306C90007
:103E200003270600130686FF6318E6006F0040298B
:103E3000032787006308E6008326470093F6C6FF42
:103E4000E3E8D7FE0326C7002326C4002324E400AA
:103E500023248600232687006FF01FD91307400113
:103E60006378F710130740056364F72E93D7C400F7
:103E70009385F7061388E706139635006FF09FCBFE
:103E8000130E1E0093773E00130585006380071014
:103E90008327C5006FF09FDA0326840093E51400A2
:103EA0002322B4002326F60023A4C700B304940001
:103EB000232A99002328990093E7160023A61401CA
:103EC00023A4140123A2F4003307E400138509009E
:103ED0002320D700EF00C033130584006FF05FC0CC
:103EE000B307F40003A74700138509001367170001
:103EF00023A2E700EF00C031130584006FF05FBE1E
:103F000093D53400938784006FF0DFB893E61400F4
:103F10002322D400B3049400232A99002328990073
:103F20009366170023A6140123A4140123A2D4002E
:103F3000B307F4001385090023A0E700EF00402D2C
:103F4000130584006FF0DFB913D7670013069703DA
:103F500093068703131636006FF05FEC630C24079B
:103F600003248900032C8100832744006FF09FE025
:103F70009385C7051388B705139635006FF09FBB6F
:103F8000832783009385F5FF639E672693F73500AB
:103F9000130383FFE39607FE032749009347F6FFC9
:103FA000B3F7E7002322F90013161600E3EEC7CE9D
:103FB000E30C06CE3377F600631A070013161600DB
:103FC0003377F600130E4E00E30A07FE93050E004A
:103FD0006FF09FC5138C817D03270C003387EA00A7
:103FE0002320EC0083A641C79307F0FF6386F618F1
:103FF000B3874B41B387E7002320FC0093FC7B0091
:10400000638C0C0CB38B9B41B71700009387870020
:10401000938B8B00B3859741B38A5B01B385554180
:104020009395450113DA450193050A0013850900AC
:10403000EF40C03A9307F0FF6300F5183305754170
:10404000B30A450103270C002324790193E71A00E2
:10405000B305EA002320BC0023A2FB00E30C24CF1D
:104060009306F00063F0660B0327440093074BFFB1
:1040700093F787FF137717003367F7002322E400D5
:10408000130650003307F4002322C7002324C7007F
:1040900063E6F60083A74B006FF0DFCB9305840047
:1040A00013850900EFF0CFEA832B890083250C00EC
:1040B00083A74B006FF01FCA938A0A016FF09FC459
:1040C00093D6264093071000B397D7003365F500C9
:1040D0002322A9006FF05FD7B3855B01B305B04021
:1040E0009395450113DA450193050A0013850900EC
:1040F000EF40C02E9307F0FFE312F5F4130A00001F
:104100006FF05FF4032C81009307100023A2FB00E3
:1041100013850900EF00C00F13050000032A810179
:10412000832A4101032B0101832BC100832C410011
:104130006FF01F9B9306400563E4E60413D7C700A6
:104140001306F7069306E706131636006FF01FCD29
:10415000130740156364F70493D7F400938587072A
:1041600013887707139635006FF0DF9C03248900CE
:10417000832744006FF01FC023AA71C76FF01FE8A8
:104180009306401563E4E60413D7F7001306870788
:1041900093067707131636006FF05FC81307405574
:1041A0006364F70493D724019385D7071388C7075F
:1041B000139635006FF01F98938C8CFFB38A9A0189
:1041C000B38A7A41130A00006FF0DFE79306405587
:1041D00063E4E60213D727011306D7079306C70740
:1041E000131636006FF09FC31306803F9305F00748
:1041F0001308E0076FF01F941306803F9306E00753
:104200006FF0DFC1832749006FF01FDA678000007D
:1042100067800000130101ED232611122322911261
:10422000232A511123267111938A05009304060055
:104230002324D100930B0500EF404019832705008C
:10424000138507002322F102EFF00F972320A1022C
:1042500063880B0083A74B03639407006F104073C0
:104260008397CA00139727016346070203A74A06EC
:1042700037260000B7E6FFFFB3E7C7009386F6FFD7
:104280009397070193D707413377D7002396FA0016
:1042900023A2EA0613F787006302072E03A70A0189
:1042A000630E072C93F7A7011307A000638AE72E7C
:1042B000B70702802328611123248111130B010BFE
:1042C00093870721370C028023248112232C41116C
:1042D000232EB10F23202113232E311123229111DC
:1042E0002320A111232E6107232201082320010886
:1042F000232A0100232C0100232E010013040B00AC
:104300002324010223280102232201002326F10095
:10431000130A0001130C4C3823207101938D040003
:1043200083C70D00638C071E93840D001307500292
:104330006386E72A83C7140093841400E39A07FE78
:104340003389B441638CB41D0327410883270108D6
:104350002320B40133072701938717002322240168
:104360002322E1082320F1081307700013048400BE
:10437000634EF7260327410083C704003307270154
:104380002322E100638C071893841400A30F010417
:104390009309F0FF930B00001309000093068005BA
:1043A00003CD0400938D140093070DFE63E6F6041D
:1043B0000327C10093972700B387E70083A707006F
:1043C00067800700930B000093070DFD1306900014
:1043D00003CD0D0013972B00B30B7701939B1B00AC
:1043E000B38B770193070DFD938D1D00E372F6FEED
:1043F00093070DFEE3FEF6FA63020D122304A109F2
:10440000A30F01041307100093041000930C8108FC
:10441000130F09009309000023280100930F0000E7
:1044200093724F080329410863960200B387EB405B
:10443000E342F0448347F105638A070283270108BA
:104440009306F1052320D4001309190093061000E8
:10445000938717002322D400232221092320F10867
:10446000930670001304840063C0F61A638A0F0277
:1044700083270108930601062320D400130929008D
:1044800093062000938717002322D40023222109BA
:104490002320F1089306700013048400E3CEF64E47
:1044A00093070008E38AF208B3899940E34E301974
:1044B00093770F10639407748327010833099900D9
:1044C000232094019387170023229400232221099B
:1044D0002320F1089306700063CCF62013048400B7
:1044E000137F4F0063060F00B384EB40E342904E0E
:1044F00013830B0063D4EB001303070083274100F1
:10450000B38767002322F100E31A092283C70D0055
:104510002320010813040B00E39807E083274108D8
:10452000832B0100638407006F10407583D7CA0096
:10453000032481120329011293F707048329C1116F
:10454000032A8111032B0111032C8110832C4110AC
:10455000032D0110832DC10F638407006F10901D80
:104560008320C1120325410083244112832A411173
:10457000832BC110130101136780000093850A008B
:1045800013850B00EF309019630405006F10901A2B
:104590008397CA001307A00093F7A701E39AE7D017
:1045A0008397EA00E3C607D0832681008320C112E7
:1045B0001386040093850A0083244112832A411143
:1045C00013850B00832BC110130101136F101038DA
:1045D0001369090193840D006FF09FDC3389B441A6
:1045E000E394B4D783C704006FF0DFD9032501003B
:1045F0001306C10793850A00EF105054E31805F223
:1046000013040B006FF01FD7032501001306C10729
:1046100093850A00232EE102232CE103232A510271
:104620002326F103EF109051E31205F0032941080E
:104630000327C103032F810383224103832FC10278
:1046400013040B006FF09FE283270108B706028076
:104650009386C6202320D400130919009306100066
:10466000938717002322D400232221092320F10855
:10467000930670001304840063D4F6006F1080105A
:10468000630406006F1080458326410193771F0065
:10469000B3E7D700E38607E48327410283260102BC
:1046A0002320F40083270108B38526012322D400A8
:1046B000938717002322B1082320F1089306700086
:1046C00063D4F6006F1080641304840083264101D4
:1046D00093871700232094013389B6002322D40046
:1046E000232221092320F10893067000E3D8F6DE87
:1046F000032501001306C10793850A002326E10262
:104700002328E101EF109043E31205E20329410859
:10471000032F01010327C10213040B006FF05FDCBC
:1047200093778900E39C0760832781009387770054
:1047300093F787FF03A7070093878700232CE100E7
:1047400003A7C7FF2324F100232EE100832CC1011E
:1047500003A7C1C18326810183A701C293941C00D2
:1047600093D41400138506009385040013060700F4
:1047700093860700EF90905F630405006F100004BC
:104780008326810103A7C1C183A701C21385060047
:10479000938504001306070093860700EF80904E70
:1047A0006344A0006F1080010327810193850C00F2
:1047B000130600001305070093060000EF80904CDD
:1047C000635405006F1040438346F105930770045E
:1047D00063D4A7016F108041B70C0280938CCC1C6E
:1047E00023280100137FF9F71307300093043000EA
:1047F000930900006384060013071700937F2F00BE
:10480000E3800FC213072700930F20006FF05FC1F2
:10481000832681009377090103A70600938646004B
:104820002324D100639207129376090493070700AB
:10483000E390064E634E07108346F10563C40904F6
:10484000137FF9F7631E070213071000639E092008
:10485000E314073C93741900930C0B006382040467
:1048600093070003A307F10A930CF10A13870400CE
:1048700063CC340323280100E39006F86FF01FF89F
:1048800013090F0013079000E364F76C9387070385
:10489000A307F10A130F090093041000930CF10A07
:1048A00013870400E3D834FD13870900232801008F
:1048B0006FF09FFC8327810083AB0700938747003D
:1048C0002324F100E3D80BD0B30B704113694900E6
:1048D00093840D006FF0DFAC03CD0D009307A002B1
:1048E000938D1D006314FD006F10807D93070DFDF7
:1048F0009305900013070000130690009309000031
:10490000E3E4F5AA03CD0D0093192700B389E9006C
:10491000939919003387F90093070DFD938D1D00BE
:10492000E372F6FE93090700E35007A89309F0FF2E
:104930006FF09FA7832781001369090103A7070070
:10494000938747002324F10093070700E35607EEFF
:10495000B307E0409306D002130710006F00000A6F
:104960001369090893840D006FF09FA3136909046C
:1049700093840D006FF0DFA203278100A30F0104D1
:104980009304100083270700130747002324E10046
:104990002304F10813071000930C81086FF05FA740
:1049A0009307B002A30FF10493840D006FF05F9F93
:1049B0001369190093840D006FF09F9E8347F105E2
:1049C000E39A07C093070002A30FF10493840D003C
:1049D0006FF01F9D1369890093840D006FF05F9C39
:1049E0000327810013690901832707001307470084
:1049F0002324E1001307100093060000A30FD10445
:104A000063C80900137FF9F7E38207E413090F0075
:104A100013061000E308C7E6130620006306C70666
:104A2000930C0B0013F7770013070703A38FECFE1B
:104A300093D7370013860C00938CFCFFE39407FE9A
:104A40009377190063840706930700036300F70652
:104A50001306E6FFA38FFCFEB304CB40130F09003F
:104A6000930C06006FF0DFE3930710006314F70068
:104A70006F10C03F9307200013090F006304F70075
:104A80006F1000219307000003268102930C0B0096
:104A900013F7F7003307E6000347070093D74700F3
:104AA000938CFCFF2380EC00E39407FEB3049B414E
:104AB000130F09006FF0DFDE03278100136909017E
:104AC00083270700130747002324E1001307000092
:104AD0006FF09FF2832681001377090183A70600F8
:104AE000938646002324D100E31607F013770904C8
:104AF000E30207F09397070193D70701130710000C
:104B00006FF09FEF83278100A30F010483AC0700A0
:104B100013884700E3800C322324010163D4090089
:104B20006F104007138609009305000013850C00E1
:104B3000EF30806C03288100631405006F10803A09
:104B4000B30495418346F10513C7F4FF1357F741AA
:104B5000232401012328010033F7E400130F090087
:104B600093090000E39A06C86FF05FC983268100AD
:104B700037870000130707832310E10613874600D9
:104B80002324E100370702801307071F2324E102D3
:104B900083A706001369290013072000130D80075F
:104BA0006FF09FE5832681001377090183A7060034
:104BB000938646002324D100E31A07F013770904F3
:104BC000E30607F09397070193D707011307000047
:104BD0006FF09FE293770901E38407148327810034
:104BE0000327410083A7070023A0E7008327810054
:104BF000938747002324F1006FF08FF2930750064C
:104C000063DAA735832681018327C10113060000DB
:104C1000138506009385070093060000232AE1020E
:104C20002326E103EF80406D032FC10203274103D8
:104C30006316056683270108B70602809386C6209F
:104C40002320D4001309190093061000938717003E
:104C50002322D400232221092320F1089306700087
:104C600013048400E3C0F64C8327410683264101E8
:104C7000E3D8D70883274102832601021304840066
:104C8000232CF4FE832701083309D900232ED4FEF8
:104C900093871700232221092320F108930670002F
:104CA000E3CCF60E832741019384F7FFE35A908209
:104CB000930600018327010863C496006F10003D2E
:104CC000B7060280938646382326E102032D0100B1
:104CD000130704009309000113840400930C70006F
:104CE0002328E101938406006F00C000130404FF31
:104CF000E3D6894A130909019387170023209700F7
:104D000023223701232221092320F10813078700DA
:104D1000E3DEFCFC1306C10793850A0013050D00B2
:104D2000EF10C061E31405800329410883270108BF
:104D300013070B006FF09FFBB387EB406356F0F651
:104D4000930600010326010863C4F6006F10C01D1E
:104D5000B706028093864638232A910293050900FC
:104D60009308000113090700930F70001307040054
:104D70002326E10313840700938406006F00C0001C
:104D8000130404FF63DA88049385050113061600F3
:104D900023209700232217012322B1082320C108D2
:104DA00013078700E3DECFFC032501001306C107CC
:104DB00093850A00EF108058631A05F693080001E6
:104DC000130404FF832541080326010813070B0081
:104DD000930F7000E3CA88FA93860400032FC10280
:104DE00083244103930704001304070013070900F9
:104DF000138905003309F900130616002322F40075
:104E00002320D400232221092320C1089307700006
:104E10001304840063DAC7E8032501001306C10701
:104E200093850A00232AE1022326E103EF100051B3
:104E3000631E05EE0329410803274103032FC10226
:104E400013040B006FF04FE6B706028083270108BA
:104E500093864638635A3A0993060900930870000E
:104E6000130907002326E103130704001384090034
:104E700093090C006F00C000130404FF63588A04F8
:104E80009386060193871700232087012322470179
:104E90002322D1082320F10813078700E3DEF8FC62
:104EA000032501001306C10793850A00EF1000498E
:104EB000631E05E6130404FF8326410883270108C7
:104EC00013070B0093087000E34C8AFA032FC1020A
:104ED000138609009309040013040700130709004F
:104EE00013890600930606003309390193871700DA
:104EF0002320D40023223401232221092320F10876
:104F0000930670001304840063D4F6DA03250100CD
:104F10001306C10793850A00232AE1022326E10331
:104F2000EF10C041631405E0032941080327410342
:104F3000032FC10213040B006FF08FD7032501006C
:104F40001306C10793850A00EF10403F630005DC9C
:104F50006FF0CFDD83240108832641019307100001
:104F600023209401130919009384140093098400E9
:104F700063DAD74A930710002322F4002322210981
:104F8000232091089307700063CC97748327010254
:104F900083264102938414003309F90023A2F90007
:104FA00023A0D90023222109232091089307700010
:104FB0009389890063C297768327C1018326810183
:104FC000130600009385070083274101138506001F
:104FD000930600002326E1022328E1011384F7FF52
:104FE000EF808031032F01010327C10263040548CC
:104FF000938C1C00938414003309890023A0990129
:1050000023A28900232221092320910893077000FD
:1050100093898900E3C29714832601039307C1068D
:10502000938414003389260123A0F90023A2D90018
:1050300023222109232091089307700013848900FB
:1050400063D097CA032501001306C10793850A00A0
:105050002326E1022328E101EF10402E631805CC3E
:10506000032941080327C102032F010113040B0088
:105070006FF00FC79306000103260108E3D6F66818
:10508000B706028093864637232E910293050900C6
:10509000930800011309070093037000130704002D
:1050A0002326F103232A5102232CE1031384070052
:1050B000938406006F00C000130404FF63DA8804C1
:1050C000938505011306160023209700232217015C
:1050D0002322B1082320C10813078700E3DEC3FCA5
:1050E000032501001306C10793850A00EF10002570
:1050F000631E05C293080001130404FF83254108C1
:105100000326010813070B0093037000E3CA88FA13
:1051100093860400832FC10283224103032F81035E
:105120008324C10393070400130407001307090035
:10513000138905003309F900130616002322F40031
:105140002320D400232221092320C10893077000C3
:105150001304840063D0C7AE032501001306C10702
:1051600093850A00232EE102232CE103232A510216
:105170002326F103EF10801C631A05BA03294108A6
:105180000327C103032F810383224103832FC1021D
:1051900013040B006FF00FAA032501001306C107CB
:1051A00093850A00232CE102232AE10323265102DE
:1051B000EF10C018631C05B60329410803278103BB
:1051C000032F41038322C10213040B006FF04FAD84
:1051D0009306000183270108E3D29654B7060280A4
:1051E00093864637138D040093090001930C7000D9
:1051F0002328E100938406006F00C000130D0DFF0B
:1052000063D6A90513090901938717002320940089
:1052100023223401232221092320F10813048400CE
:10522000E3DEFCFC032501001306C10793850A0099
:10523000EF10C010631C05AE130D0DFF03294108CC
:105240008327010813040B00E3CEA9FB0327010108
:105250009386040093040D00330999009387170087
:105260002320D40023229400232221092320F108A3
:105270009306700063DEF6A6032501001306C1073E
:1052800093850A002328E100EF10400B631005AA64
:1052900003294108032701016FF08FA5032641066A
:1052A0006354C0BA83274101832601019389070013
:1052B00063C8F62C6356300383270108330939018C
:1052C00023209401938717002322340123222109EC
:1052D0002320F1089306700013048400E3CEF61A2D
:1052E00093C7F9FF93D7F741B3F9F9008327010179
:1052F000B389374163403037832641068327410114
:1053000063D6F62883274102032601021304840092
:10531000232CF4FE832701083309C900232EC4FE81
:1053200093871700232221092320F1081306700018
:10533000E342F6308327410103260101B386D740BB
:10534000B389C74063D4360193890600635A30039A
:10535000832701010326010833093901B38CFC00BE
:10536000130616002320940123223401232221094D
:105370002320C1089307700013048400E3C0C732E0
:1053800013C6F9FF1356F641B3F7C900B384F640CC
:10539000635890949306000183270108E3D8964E42
:1053A000B7060280938646382326E102032D0100CA
:1053B000130704009309000113840400930C700088
:1053C0002328E101938406006F00C000130404FF4A
:1053D00063D6895C1309090193871700232097007E
:1053E00023223701232221092320F10813078700F4
:1053F000E3DEFCFC1306C10793850A0013050D00CC
:10540000EF00D07363140592032941088327010834
:1054100013070B006FF09FFB93040000930C0B002D
:105420006FF00FC893761F00E39606B42322F400B2
:10543000232221092320910893077000E3DE97BC03
:10544000032501001306C10793850A002326E10204
:105450002328E101EF00906E631A058C03294108AF
:10546000832401080327C102032F010193090B00C4
:105470006FF09FBA8326410193071000E3DED7B88F
:1054800093071001E3DED73EB706028093864638C5
:1054900093870900930C000193090700130D700016
:1054A000130709002328E101138906006F00C000DB
:1054B000130404FF63DA8C7013070701938414004C
:1054C00023A0270123A297012322E108232091088A
:1054D00093878700E35E9DFC032501001306C10747
:1054E00093850A00EF009065630405006FF00F8458
:1054F000032741088324010893070B006FF05FFB2B
:1055000093771F00639407006FE09FFD6FF08FF6A5
:105510001317070113570741930707006FF00FC3D5
:10552000937F0904638C0FEA8327810003274100DE
:1055300083A707002390E7006FF04FEB032781005C
:1055400013050104832707009304470003A70700FE
:105550002320E10403A747002322E10403A78700D7
:105560002324E10483A7C7002326F104EF904025FC
:10557000232CA100232EB100232491006FF00F9D56
:1055800093890600E34A30D36FF09FD593771F00CD
:10559000E38207DA6FF01FD7032501001306C10766
:1055A00093850A002326E1022328E101EF00105928
:1055B000630405006FE09FF7032941080327C10238
:1055C000032F010113040B006FF0CFEDB70702802A
:1055D0009387C71D2324F1028326810013770901D5
:1055E00083A70600938646002324D100631A070090
:1055F00013770904630607009397070193D7070100
:105600009376190013072000638806BE638607BEE1
:10561000930600032300D106A300A1071369290004
:105620006FF08FBDB70702809387071F2324F10215
:105630006FF09FFA930760009384090063E837696D
:10564000B70C02801387040023240101938C4C20A3
:105650006FE01FDC9306000183270108E3DC362599
:10566000B7060280930507009386463813070400A7
:105670001306090013840900130D00019304700040
:105680002326E10313890600938905006F00C000FB
:10569000130404FF635A8D561306060193871700FF
:1056A000232027012322A7012322C1082320F10858
:1056B00013078700E3DEF4FC032501001306C1078E
:1056C00093850A00EF009047630405006FE01FE632
:1056D000032641088327010813070B006FF05FFBC7
:1056E000032501001306C10793850A002326E10262
:1056F0002328E101EF009044630405006FE01FE3FD
:1057000003294108832401080327C102032F010153
:1057100093090B006FF09F87032501001306C10753
:1057200093850A002326E1022328E101EF001041BE
:10573000630405006FE09FDF03294108832401080B
:105740000327C102032F010193090B006FF0DF86CD
:10575000930C0B001306A0001305900033F7C7024B
:10576000938CFCFF93850700130707032380EC004D
:10577000B3D7C702E364B5FEB3049B41130F09001E
:105780006FF00F92032501001306C10793850A00ED
:105790002326E1022328E101EF00503A63040500CB
:1057A0006FE0DFD803264106032941080327C10221
:1057B000032F010113040B006FE09FEC032881010C
:1057C0008327C1011306080013050800938607000C
:1057D00093850700EF809059E31205021377FDFDD2
:1057E0009307F0FF2326E102136F09106388F96E17
:1057F000930770046302F7688327C10193020000D6
:105800009384070063C0074E93076006138709005F
:10581000930630006310FD4E0326810113088106B4
:1058200093074106130506009305050003250100B3
:105830009308410713860400232A5102232AE10119
:105840002328E100EF30400603270101930760069B
:10585000032F410183224103930C05003308E50027
:10586000631CFD0083C60C00930700036380F6569B
:10587000832741063308F8008327810193850400BC
:10588000130600001385070093060000232A510227
:10589000232A01012328E101EF701026032F0101C3
:1058A0000328410183224103630605428327410700
:1058B00063FE07019306000313871700232AE106FE
:1058C0002380D70083274107E3E807FF032741062A
:1058D0002328E100B3879741232AF1008327C102DF
:1058E000130770046384E714930760066312FD18BE
:1058F0000327010193771900B3E737016356E07E70
:10590000639C077283240101130D60061387040052
:10591000638802509307D002A30FF104930900009B
:105920006FE09FED032501001306C10793850A0070
:105930002326E1022328E101EF0050206304050043
:105940006FE0DFBE032941080327C102032F0101D5
:1059500013040B006FF04FB1032501001306C107BC
:1059600093850A002326E1022328E101EF00101DA0
:10597000630405006FE09FBB0329410883240108ED
:10598000032F01010327C10293090B006FF0CFE839
:1059900013850B00EFD04F856FE09F8C938604003A
:1059A000032F010193040400130407000327C1021D
:1059B00033099900938717002320D4006FE0DFB0EC
:1059C00063CC07688324C10193020000930910008F
:1059D0000327810193074106930841071305070038
:1059E00093050500032501001308810613870900AC
:1059F0009306200013860400232A51002328E10186
:105A0000EF20906A93771900032F0101832241014F
:105A1000930C050063900750832741062328F1006B
:105A200083274107B387A740232AF10003270101F9
:105A30009307D0FF634CF70263CAE9028327410151
:105A400003270101634CF750937F1900832701015D
:105A500063960F5C13C7F7FF1357F74133F7E7005F
:105A600093840700130D70066FF09FEA130DEDFF8E
:105A7000032701012306A1079307B0029308F7FF4C
:105A80002322110763CC0832A306F1069307900086
:105A900063C0172D9387080313070003A307F106BC
:105AA000930740002307E1062328F1020327410161
:105AB0008326010393071000B304D70063D2E7489D
:105AC0008327010223280100B384F40013C7F4FFE5
:105AD0001357F74133F7E4006FF09FE38327410248
:105AE0008326010213048400232CF4FE832701087B
:105AF000B3852601232ED4FE938717002322B108F5
:105B00002320F1089306700063C2F6206344060068
:105B10006FE0DFBB930600FFB304C0406356D6605E
:105B2000B7060280938646382328E10093090001D6
:105B30001307040013097000130D0F0013840600EF
:105B40006F00C000938404FF63D4994493850501DA
:105B50009387170023208700232237012322B108CF
:105B60002320F10813078700E35EF9FC03250100F9
:105B70001306C10793850A00EF00407C630405000B
:105B80006FE0DF9A832541088327010813070B0084
:105B90006FF05FFB13850C00EFD01F828346F10589
:105BA0001347F5FF1357F74123280100930405001D
:105BB0003377E500130F09009309000063840600A2
:105BC0006FE09FC36FE09FC3032F0101930609009D
:105BD0001309070013870900938907003309890017
:105BE0009384140023A0D9006FF08FC1B70C0280FA
:105BF000938C0C1D6FE0DFBE9307D002A30FF1045E
:105C00009306D0026FE09FBC032FC1029385090069
:105C10009306090093090400130906001304070002
:105C20001387050033093901938717002320D40017
:105C300023223401232221092320F1089306700036
:105C40001304840063DAF6EA032501001306C10792
:105C500093850A00232AE1022326E103EF00006E68
:105C6000630405006FE09F8C03294108032741036B
:105C7000032FC10213040B006FF00FE81306C107D6
:105C800093850A0013850B00EF00406B6FE01F8ABD
:105C9000930700006FE0DFD8032501001306C1075A
:105CA00093850A00232AE1022326E103EF0000691D
:105CB000630405006FE09F87032941080327410320
:105CC000032FC10213040B006FF08FE193046000F7
:105CD0006FF01F97832741062328F10093070800E0
:105CE0006FF05FBFB7040080B3C4F4009302D0022A
:105CF0006FF09FB10327C10293075004E31AF7CC5A
:105D000013871900930620006FF01FB103250100CF
:105D10001306C10793850A002326E1022328E10127
:105D2000EF00C061630405006FE05F800326410659
:105D300083254108832701080327C102032F01019E
:105D400013040B00634406006FE05F986FF09FDC64
:105D50001305B107930605001306A00013083006CB
:105D600033E7C80293870600938508009386F6FF01
:105D700013070703A38FE7FEB3C8C802E342B8FEC8
:105D8000938808031387E7FFA38F16FF6378A7386C
:105D90009306E106034607001307170093861600D3
:105DA000A38FC6FEE318A7FE1307010FB307F74042
:105DB0009387F7F82328F1026FF05FCF9307100065
:105DC000B388E7409307D0026FF01FCC8326810190
:105DD0009385040013060000138506009306000057
:105DE000232C5102232A0103232AE1002328E10165
:105DF000EF708050032F0101032741010328410365
:105E00008322810363140526832741063308F800A3
:105E10002328F100B3079841232AF1006FF05FAD0A
:105E20008346F10593090000638406006FE0DF9C60
:105E30006FE0DF9C032501001306C10793850A006C
:105E4000232AE1022326E103EF00404F630405000B
:105E50006FE0CFED83264106032941080327410364
:105E6000032FC10213040B006FF0CFCC13090F00F6
:105E7000930700006FE09FA18327C101E38209B46B
:105E80009384070093020000E3D407B4B7040080B2
:105E9000B3C4F4009302D0026FF09FB30325010056
:105EA0001306C10793850A002326E1022328E10196
:105EB000EF00C048630405006FE04FE7832641060A
:105EC00083274101032941080327C102032F010150
:105ED00013040B00B386D7406FF08FCA930960009C
:105EE0006FF09F918346F105232801001387090075
:105EF00093840900130F09009309000063840600CE
:105F00006FE09F8F6FE09F8FB706028093864637C2
:105F10006FF04FA2330835016FF01F96B70602806D
:105F2000938646376FF04FB3B706028093864638A4
:105F30006FE05FEC9307F0FF2322F1006FE04FE288
:105F4000937719002328F100E39C07B613C7F4FFE9
:105F50001357F74133F7E4006FF09F9B832741010C
:105F600003270102B384E700832701016348F0009F
:105F7000832701013388F4409304180013C7F4FF0A
:105F80001357F74133F7E400130D70066FF05F9875
:105F9000930604001304070003270101130F0D00EB
:105FA000B3859500938717002320D4002322940003
:105FB0002322B1082320F1089306700063C4F60081
:105FC0006FE08FF0032501001306C10793850A00D7
:105FD0002326E1022328E101EF0040366304050097
:105FE0006FE0CFD483254108832701080327C1022E
:105FF000032F010113040B006FE04FED8327C10154
:1060000063C2070A8346F1059307700463C6A709B4
:10601000B70C0280938C4C1D6FE08FFC03270102AC
:10602000130D7006B384E70013C7F4FF1357F7414D
:1060300033F7E4006FF0DF8D832701023388E90036
:10604000130D6006B304F80013C7F4FF1357F741AC
:1060500033F7E4006FF0DF8BB7040080B3C4F400C3
:106060009302D002930910006FF09F9693071000DF
:10607000B387E7402322F1063308F8006FF0CFFF23
:10608000B7060280938646386FF05FB5B706028088
:10609000938646386FF0DF91B70C0280938C8C1D8D
:1060A0006FE00FF49307D002A30FF1049306D00220
:1060B0006FF09FF5B7060280938646386FF09FB663
:1060C0008327810083A907009387470063C80900DD
:1060D0002324F10093840D006FE08FAC9309F0FF4F
:1060E0002324F1006FF01FFF639A070013071000CD
:1060F000130D6006930410006FF09F818327010247
:10610000130D600613881700B304380113C7F4FF9A
:106110001357F74133F7E4006FF08FFF9307200028
:106120002328F1026FF09F98B706028093864638C5
:106130006FF01FE79307050003A501C7930606004C
:1061400013860500938507006FE0CF8C130101B81B
:106150008397C50003D7E500232C814613840500EF
:10616000B70501009385D5FF032E44060323C40120
:106170008328440213170701B3F7B700B3E7E7001A
:1061800013080040232AF1009305810093070107BB
:10619000232A914623282147232E1146130905005F
:1061A0002326C10723226102232611032324F100A1
:1061B000232CF10023280101232E010123200102B9
:1061C000EFE04F8593040500635C050283574101AE
:1061D00093F70704638807008357C40093E7070415
:1061E0002316F4008320C147032481470329014774
:1061F0001385040083244147130101486780000090
:106200009305810013050900EF108044E30005FCAD
:106210009304F0FF6FF09FFB83A74506130101FD78
:10622000232861012326110213972701130B06006F
:106230006358070E8327860023202103232E310174
:10624000232A51012326710113890500832B06009F
:1062500093090500930AF0FF6388070A232481024B
:1062600023229102232C41012324810103AC4B0002
:1062700003A40B00135A2C0063060A0693040000C3
:106280006F00C00013044400630C9A0483250400CB
:106290001306090013850900EF10906B9384140016
:1062A000E31255FF032481028324410203290102E2
:1062B0008329C101032A8101832A4101832BC10063
:1062C000032C81001305F0FF8320C10223240B005F
:1062D00023220B00032B010113010103678000003F
:1062E00083278B00137CCCFFB38787412324FB00DB
:1062F000938B8B00E39C07F60324810283244102E5
:10630000032A8101032C8100032901028329C10191
:10631000832A4101832BC100130500006FF0DFFACF
:10632000EF1040418320C10223240B0023220B00E5
:10633000032B01011301010367800000032786007E
:10634000630407006FF05FED2322060013050000D1
:1063500067800000130101F22326310D232C810BED
:106360002326B10B232E110C2320A10093890500B5
:10637000930D0600138C0600630605008327450372
:10638000E38E07588397C9001397270163460702D6
:1063900003A7490637260000B7E6FFFFB3E7C700AB
:1063A0009386F6FF9397070193D707413377D7007A
:1063B0002396F90023A2E90613F787006308071262
:1063C00003A709016304071293F7A7011307A000AD
:1063D000638EE712B70702802328210D232E710B4D
:1063E0001309010693874739B70B0280232C810CD0
:1063F000232A910C2324410D2322510D2320610DCA
:10640000232A910B2328A10B23262103232A0102EF
:10641000232801021307090023260100232201007B
:106420002328F10013040001938B8B5083C70D00C8
:106430006386071093840D00930650026386D72E5F
:1064400083C7140093841400E39A07FE338AB4418F
:106450006386B40F83264103832701032320B701FA
:10646000B306DA009387170023224701232AD102BB
:106470002328F10213067000130787006350F60209
:10648000E382062E032501001306C102938509004D
:10649000EFF09FD86318050A13070900832641000F
:1064A00083C70400B38646012322D100638807080E
:1064B00093871400A30301029306F0FF93040000E6
:1064C000930C00001305800503C60700938D170089
:1064D000930706FE6368F50E832501019397270055
:1064E000B387B70083A70700678007000325010073
:1064F00093850900EF109022E31E054C8397C90095
:106500001307A00093F7A701E396E7EC8397E90050
:10651000E3C207EC032501008320C10D93060C00A4
:1065200013860D00032C810B832DC10A938509006E
:106530008329C10C1301010E6F00D04E8327410344
:10654000E39C074283D7C9000324810D8324410DB6
:1065500093F707040329010D032A810C832A410CB8
:10656000032B010C832BC10B832C410B032D010B3F
:10657000E39207468320C10D032541008329C10C06
:10658000032C810B832DC10A1301010E67800000CB
:1065900093040000930706FD1308900003C60D0046
:1065A00093952400B385950093951500B384B700A7
:1065B000930706FD938D1D00E372F8FE930706FE18
:1065C000E37CF5F0E30C06F6230CC102A303010201
:1065D000130A1000130B1000930A810393060000A6
:1065E000130F00000326010393FF4C088327410388
:1065F00093051600138E050063960F00338D4441FA
:10660000E340A00383457102638A05021306710209
:10661000938717002320C700130610002322C7000A
:10662000232AF1022328C103130670006342C679AE
:1066300013060E0013078700130E1E0063000F06DB
:1066400013068102938727002320C700130620002A
:106650002322C700232AF1022328C1031306700056
:106660006358C67BE3860710032501001306C102A9
:1066700093850900232AD1002324F101EFF0DFB92B
:10668000E31205EC0326010383274103832641011E
:10669000832F810013070900130E160093050008CD
:1066A0006382BF54338D66416348A063B307FB0028
:1066B0002320570123226701232AF1022328C10343
:1066C0009306700063D4C651638807060325010052
:1066D0001306C10293850900EFF01FB4E31405E629
:1066E000832741031307090013F34C0063060300DB
:1066F000338B4441634E600563D4440193040A0024
:1067000003274100330797002322E100639E0766B9
:1067100023280102130709006FF05FD193EC0C01ED
:1067200093870D006FF05FDA338AB441E394B4D3FA
:1067300083C704006FF09FD72328010213F34C0096
:106740006300037C338B4441635C607B1307090067
:106750009306000103260103E3D86625370E028065
:10676000130E8E4F130D0001930A70006F0080010D
:10677000930526001307870013860600130B0BFFF3
:10678000635C6D0593870701930616002320C701FC
:106790002322A701232AF1022328D102E3DADAFC1B
:1067A000638A0742032501001306C102938509008D
:1067B0002324C101EFF05FA6E31605D803260103E9
:1067C000130B0BFF83274103032E810013070900DE
:1067D00093051600E3486DFBB38767012320C701CB
:1067E00023226701232AF1022328B1021307700034
:1067F000E354B7F063860770032501001306C10256
:1068000093850900EFF05FA1E31E05D283274103C2
:106810006FF09FEE93F70C0103260C00130C4C0055
:10682000639A071093F50C0493070600E3920500A2
:10683000634006040345710263C8060493FCFCF739
:1068400063140604E39A0616130A0000130B0000F3
:10685000930A090063040500130A1A0013FF2C00B1
:10686000E3020FD8130A2A00130F20006FF09FD7FE
:106870009307D002A303F102B307C04063C406002C
:1068800093FCFCF71305D002130690006364F674C2
:106890009387070393F7F70FA30FF104138A0600FA
:1068A0006344D000130A1000130B1000930AF10583
:1068B000E31405FA6FF09FFA83240C00130C4C00CC
:1068C000E3D004E6B304904093EC4C0093870D00B2
:1068D0006FF09FBF03C60D009307A00293881D00B1
:1068E000E300F610930706FD930690009305000061
:1068F00013089000E3E4F60A03C608009396250007
:10690000B386B60093961600B385D700930706FDAD
:1069100093881800E372F8FE9386050063C005743F
:10692000938D08006FF0DFBA03260C0093EC0C0186
:10693000130C4C00930706006FF09FEF93EC0C08CC
:1069400093870D006FF05FB89307B002A303F102C5
:1069500093870D006FF05FB793EC1C0093870D00D9
:106960006FF09FB683477102E39C07DA930700023A
:10697000A303F10293870D006FF01FB583270C006E
:10698000A3030102130C4C00230CF102130A1000A4
:10699000130B1000930A81036FF05FC483270C0070
:1069A00013EB0C01130C4C00A3030102130610009F
:1069B000930C0B0013050000E3C806EC937CFBF777
:1069C0006392075663920674631E065E137B1B0078
:1069D00063020B6493070003A30FF104130A0B0077
:1069E000930AF1056FF09FE783270C0013EB0C016E
:1069F000130C4C00A303010213060000930C0B00C0
:106A0000E3DE06FA930A090013F67700130606037D
:106A1000A38FCAFE93D7370093850A00938AFAFFA3
:106A2000E39407FE93F71C00638A0716930700039D
:106A30006306F6169385E5FFA38FFAFE330BB94084
:106A4000138A060063C66661938A05006FF01FE132
:106A500013F60C0183270C00130C4C00631A06007C
:106A600013F60C04630606009397070193D70701FA
:106A7000138B0C006FF01FF893F70C016390070263
:106A800013F30C04630C030083270C0083264100DE
:106A9000130C4C002390D7006FF05F9983270C00F4
:106AA00083264100130C4C0023A0D7006FF01F98E1
:106AB00093EC0C0493870D006FF01FA113F60C01EB
:106AC00083270C00130C4C00631A060013F60C0409
:106AD000630606009397070193D70701138B0C00F9
:106AE0006FF09FEC832A0C00A3030102130C4C00EF
:106AF000638A0A6263CA065613860600930500007D
:106B000013850A00232AE1002324D100EF10C06E70
:106B10008326810003274101138B060063040500CF
:106B2000330B554183477102134AFBFF135AFA4155
:106B3000337A4B0193060000130F0000E39E07D049
:106B40006FF05FAA37860000130606832314C10284
:106B5000370602801306061F83270C0093EC2C00D7
:106B6000130C4C002326C100A3030102138B0C005D
:106B700013062000E3D406E4930A09008325C1002C
:106B800013F6F700938AFAFF3386C5000346060022
:106B900093D747002380CA00E39207FE330B594185
:106BA000138A0600E3DC66CB130A0B006FF01FCBE1
:106BB000130710002328E10293070B00232051073D
:106BC00023226107232A61031307090013078700A3
:106BD0006FF09FB193051000130600001307090022
:106BE0006FF0DFB9338D4441E35EA0AB9305000144
:106BF00063D8A55DB7050280938585502324B10035
:106C0000130E0001130F70006F00800113052600A2
:106C10001307870013860500130D0DFF6352AE079F
:106C20000325810093870701930516002320A70001
:106C30002322C701232AF1022328B102E358BFFC13
:106C400063800716032501001306C102938509001E
:106C5000232AD100EFF04FDCE316058E0326010353
:106C6000130E0001130D0DFF8327410383264101FD
:106C70001307090013051600130F7000E342AEFB63
:106C800003268100B387A7012322A7012320C70081
:106C9000232AF1022328A102130670006352A638AA
:106CA0006388074A032501001306C1029385090082
:106CB0002324D100EFF04FD6E31605888326810008
:106CC0000326010383274103338D6641130709001F
:106CD000130E1600E35CA09D6354A44723247101A6
:106CE000930E70006F008001130E260013078700BB
:106CF00013860500130D0DFF635AA4059387070142
:106D0000930516002320770123228700232AF1020E
:106D10002328B102E3DABEFC6380070603250100E5
:106D20001306C10293850900EFF00FCFE31C058025
:106D300003260103130D0DFF8327410313070900E9
:106D4000130E1600930E7000E34AA4FB8326810005
:106D5000B387A7012322A7012320D700232AF1020A
:106D60002328C1039306700063C8C61D130787005C
:106D7000130E1E006FF09F93130E100013060000F9
:106D8000130709006FF01FF7032501001306C10266
:106D900093850900EFF04FC8E30C05966FF08FFA6A
:106DA0001305100013060000130709006FF0DFE65B
:106DB00063820704032501001306C10293850900BD
:106DC000232CD100232AF1012324E101EFF0CFC4C9
:106DD000631A05F6032601038327410383268101F5
:106DE000832F4101032F810013070900130E1600A2
:106DF0006FF0DF8463060F24930781022320F106DE
:106E0000930720002322F106130E10001307090038
:106E100013060E0013078700130E1E006FF01F8865
:106E2000130500016354A537370E0280130E8E4FF1
:106E3000930E0001930270006F00C001130526003D
:106E40001307870013860500130D0DFF63DCAE07E3
:106E500093051600938707012320C7012322D7013A
:106E6000232AF1022328B102E3DAB2FC6382070885
:106E7000032501001306C10293850900232EC101D9
:106E8000232CD100232AF1012324E101EFF0CFB814
:106E9000631A05EA03260103930E0001130D0DFF8B
:106EA00083274103032EC10183268101832F4101E2
:106EB000032F8100130709001305160093027000C9
:106EC000E3C8AEF9B387A7012320C7012322A70196
:106ED000232AF1022328A102130670006342A60AA6
:106EE00013078700130E1500130605006FF08FF1CE
:106EF0001306000013051000130709006FF0DFF4FC
:106F000063D4440193040A0083274100B3879700A8
:106F10002322F1006FF0CFFF13F3FCF7936C2300F3
:106F20001306200093051000630EB62C9305200075
:106F3000E31AB6AC6FF05FC4E38C07C6032501000B
:106F40001306C10293850900EFF00FAD631C05DE47
:106F5000032E01038327410313070900130E1E00AC
:106F60006FF0CFF423280102130709006FF00FD34D
:106F7000130E100013060000130709006FF00FF244
:106F800063820716032501001306C10293850900D9
:106F9000232CD100232AF1012324E101EFF0CFA714
:106FA000631205DA03260103832741038326810147
:106FB000832F4101032F810013070900130E1600D0
:106FC0006FF04FE4130A0000130B0000930A09004E
:106FD0006FF0DF88930A09009305A000930E9000DC
:106FE00033F6B702938AFAFF138E070013060603DF
:106FF0002380CA00B3D7B702E3E4CEFF330B594175
:10700000138A0600E3D86685130A0B00E31605848D
:107010006FF0DF84130A0000930A09006FF01F84E9
:1070200013078700130E1500130605006FF08FE796
:107030001316060113560641930706006FF04FFF23
:1070400013060000130E1000130709006FF00FE580
:10705000130A0B00938A05006FF05F809306F0FF20
:10706000938D08006FF0CFC613850A002324E1003A
:10707000EFC08FB403278100130B05006FF09FAAA8
:10708000B70702809387C71D2326F10093F50C01F3
:1070900083270C00130C4C00639A050093F50C0435
:1070A000638605009397070193D7070193F51C00AA
:1070B000E38C05AAE38A07AA930500032304B1021F
:1070C000A304C102A3030102E3D806E493EC2C005D
:1070D0006FF09FAAB70702809387071F2326F1004E
:1070E0006FF0DFFA0347710263000708930771022C
:1070F0002320F106930710002322F106130E10003F
:10710000130709006FF0CFD293051000E310B6E229
:1071100013050000930700036FF00FF8EFB0DF8C4A
:107120006FF04FA693076000138B060063EAD70247
:1071300037080280130A0B00930A48206FF00FCA29
:10714000B7060280938686502324D1006FF01FC0BB
:10715000130E100013060000130709006FF08FD400
:10716000130B60006FF0DFFC13060000130E10001D
:10717000130709006FF08FCC032501001306C1022D
:1071800093850900EFF04F896FF0CFBB370E028077
:1071900013850500130E8E4F6FF0DFD2938D08001C
:1071A000930600006FF0CFB2370E028093051600F1
:1071B000130E8E4F6FF04FE2930700036FF0CFED89
:1071C000370602801306865013050E002324C100E3
:1071D0006FF01FAB9307F0FF2322F1006FF08FB920
:1071E00083260C00130C4C0063C80600938D080026
:1071F00093870D006FF04FAD9306F0FF938D08005D
:107200006FF01FFF130500006FF00FE893070500F4
:1072100003A501C7930606001386050093850700A2
:107220006FF04F93130101B88397C50003D7E500B2
:10723000232C814613840500B70501009385D5FFF3
:10724000032E44060323C4018328440213170701B5
:10725000B3F7B700B3E7E70013080040232AF100B3
:107260009305810093070107232A9146232821478C
:10727000232E1146130905002326C107232261028C
:10728000232611032324F100232CF10023280101DC
:10729000232E010123200102EFF0CF8B9304050080
:1072A000635C05028357410193F707046388070075
:1072B0008357C40093E707042316F4008320C147D3
:1072C0000324814703290147138504008324414790
:1072D0001301014867800000930581001305090030
:1072E000EF000037E30005FC9304F0FF6FF09FFB15
:1072F000130101FF232611002320210163880502C9
:1073000023248100232291001384050093040500A7
:107310006306050083274503638C070C8317C400AD
:107320006392070203248100832441008320C1006B
:1073300013090000130509000329010013010101CD
:10734000678000009305040013850400EF00800BA4
:107350008327C40213090500638A07008325C4013B
:1073600013850400E7800700634405068357C400C3
:1073700093F707086396070683250403638C0500CB
:10738000930704046386F50013850400EFC04FBC27
:107390002328040283254404638805001385040020
:1073A000EFC00FBB23220404EFB04FE62316040006
:1073B000EFB00FE68320C100032481008324410045
:1073C0001305090003290100130101016780000072
:1073D0008357C4001309F0FF93F70708E38E07F8FB
:1073E0008325040113850400EFC08FB66FF0DFF82A
:1073F000EFB08FDF6FF09FF29305050003A501C783
:107400006FF01FEF0397C500130101FE232C8100CD
:1074100023263101232E1100937787001384050062
:107420009309050063900712B71700009387078040
:1074300083A64500B367F7002396F5006352D01882
:10744000032884026304080E232A9100931637014F
:1074500083A4090023A009008325C40163CE061676
:10746000130600009306100013850900E7000800CA
:107470009307F0FF130605006304F51A8317C40091
:10748000032884028325C40193F74700638E070015
:1074900003274400832704033306E640638607007E
:1074A0008327C4033306F6409306000013850900C2
:1074B000E70008009307F0FF6314F51283A60900A4
:1074C0009307D0010317C40063EAD716B70740201B
:1074D00093871700B3D7D70093F717006380071679
:1074E00003260401B7F7FFFF9387F77FB377F70011
:1074F0002316F400232204002320C400931737012D
:1075000063D40700638206108325040323A0990037
:1075100063840510930704046386F500138509004E
:10752000EFC00FA3832441012328040213050000A8
:107530008320C101032481018329C10013010102B9
:10754000678000002328210103A9050163020908BF
:10755000232A910083A405001377370023A0250177
:10756000B3842441930700006314070083A74501F7
:107570002324F400634890006F0040053309A900FC
:1075800063569004832744028325C4019386040034
:107590001306090013850900E7800700B384A4409F
:1075A000E34EA0FC0317C40003290101136707047D
:1075B000832441012316E4001305F0FF6FF05FF709
:1075C00083A6C503E34ED0E66FF05FF68324410146
:1075D000032901016FF09FF5032604056FF0DFEA30
:1075E0000317C40083260401B7F7FFFF9387F77FD3
:1075F000B377F7002316F400232204002320D400DD
:1076000093173701E3D207F0832504032328A4044A
:1076100023A09900E39005F0832441016FF01FF14E
:1076200083A70900E38C07E41307D001638CE7000C
:10763000130760016388E7000317C400136707049A
:107640006FF01FF723A09900832441016FF01FEE14
:10765000130101FE232C8100232E110013040500C9
:107660006306050083274503638A07028397C500E5
:10767000639C07008320C1010324810113050000DE
:107680001301010267800000130504000324810137
:107690008320C101130101026FF0DFD62326B10060
:1076A000EFB08FB48325C1006FF05FFC6300050667
:1076B0009305050003A501C763060500832745035D
:1076C000638C07008397C5006396070013050000CD
:1076D000678000006FF01FD3130101FE2326B10065
:1076E0002324A100232E1100EFB00FB08325C10089
:1076F000032581008397C500639807028320C10199
:107700001305000013010102678000003716028094
:10771000B775008037150280130646B2938505655C
:10772000130505B36FB00FB28320C101130101022D
:107730006FF05FCD832786006384072C8396C50096
:10774000130101FD23248102232C4101232861011F
:107750002326110293F78600130B0600130A050077
:1077600013840500638E070883A70501638A070851
:107770002322910223202103232E3101232A5101A8
:1077800093F7260083240B006384070A83274402AF
:107790008325C401B70A0080930900001309000083
:1077A000938A0AC01386090013050A0063020904BC
:1077B0009306090063F42A0193860A00E780070014
:1077C0006350A04683278B00B389A9003309A940E1
:1077D000B387A7402324FB006386071A832744024C
:1077E0008325C4011386090013050A00E31209FC6E
:1077F00083A9040003A94400938484006FF09FFAD6
:107800009305040013050A00EF004071631C051C7A
:107810008316C4002322910223202103232E310149
:10782000232A510193F7260083240B00E39007F6E7
:10783000232671012324810193F716006396071C08
:107840008327040003278400B70A008023229101C4
:10785000930B000093090000938AFAFF1385070039
:10786000130C07006382091013F60620630806282C
:10787000930C070063E6E93213F70648630A07082A
:107880000326440183250401131716003307C7009C
:107890003389B740135CF701330CEC0093071900F0
:1078A000135C1C40B387370113060C006376FC00A1
:1078B000138C07001386070093F60640638E06308C
:1078C0009305060013050A00EFC0CF98930C05003E
:1078D000630C05348325040113060900EFB09F9360
:1078E0008357C40093F7F7B793E707082316F4000C
:1078F00033852C01B3072C4123289401232A8401CA
:107900002320A400138C09002324F400938C090085
:1079100013860C0093850B00EF00103203278400C0
:10792000832704001389090033078741B387970130
:107930002324E4002320F4009309000083278B0014
:10794000B38B2B01B38727412324FB0063860702F7
:1079500083270400032784008316C40013850700CF
:10796000130C0700E39209F083AB040083A94400E1
:10797000938484006FF09FEE832BC100032C810061
:10798000832C41008320C10203248102832441020D
:10799000032901028329C101832A4101032A8101AC
:1079A000032B010113050000130101036780000090
:1079B0009305040013050A00EFF09FC9630E050A42
:1079C0008317C400832BC100032C81008324410250
:1079D000032901028329C101832A410193E7070496
:1079E0002316F4008320C10203248102032A8101AB
:1079F000032B01011305F0FF130101036780000051
:107A00001305000067800000930A000013050000C2
:107A1000130C00009309000063820908630A05083B
:107A200093870A00938B090063F43701938B070057
:107A300003250400832704010329840083264401CD
:107A400063F6A7003309D9006344790963C0DB16E4
:107A5000832744028325C40113060C0013050A0082
:107A6000E780070013090500E35CA0F4B38A2A410C
:107A700013051000E38E0AF283278B00330C2C01D0
:107A8000B3892941B38727412324FB00E39607F8F4
:107A9000832BC100032C81006FF0DFEE83A944002B
:107AA0009387040093848400E38A09FE03AC0700F3
:107AB000138609009305A00013050C00EF00C073A6
:107AC000630A051413051500B30A85416FF05FF5CD
:107AD00093050C0013060900EF001016832704001D
:107AE0009305040013050A00B38727012320F4003F
:107AF000EFF01FB6E30C05F66FF09FEC8326040150
:107B000063E2F6040326440163EEC9029387090089
:107B100063F43A0193870A00B3E6C70203274402DD
:107B20008325C40113860B0013050A00B386D740D2
:107B3000E700070013090500635AA004B38929412F
:107B40006FF0DFDF1309070063F4E9001389090010
:107B5000138507001306090093850B00EF00D00D75
:107B6000032784008327040033072741B3872701B5
:107B70002324E4002320F400E31207FC930504000F
:107B800013050A00EFF0DFACE30A05FA8317C4001F
:107B9000832BC100032C8100832C41006FF01FE375
:107BA000138C0900938C09006FF09FD613860B008D
:107BB00093050C00EF00500803278400832704007E
:107BC00013890B0033077741B38777012324E4003F
:107BD0002320F4006FF09FE913050A00EF304055B1
:107BE000930C0500E31605D08325040113050A0054
:107BF000EFB01FB68317C4001307C000832BC1006A
:107C0000032C8100832C41002320EA0093F7F7F72F
:107C10006FF0DFDB93871900938A07006FF09FE016
:107C20008317C4006FF09FDA1307C0008317C400E6
:107C3000832BC100032C8100832C41002320EA0008
:107C40006FF0DFD8130101FE232C8100232E1100D9
:107C500013040500630605008327450363800706B8
:107C6000832786009387F7FF2324F60063DC070051
:107C70000327860163CAE70293F7F50F1307A000F5
:107C80006384E7028327060013F5F50F13871700B7
:107C90002320E6002380B7008320C1010324810153
:107CA0001301010267800000130504000324810111
:107CB0008320C101130101026F00000C2326C100C3
:107CC0002324B100EFA05FD20326C10083258100E9
:107CD0006FF01FF9130101FE232A210103A901C737
:107CE000232C9100232E1100930405006306090044
:107CF000832749036388070683A785009387F7FFD7
:107D000023A4F50063DC070003A7850163CCE70229
:107D100093F7F40F1307A0006386E70283A705001B
:107D200013F5F40F1387170023A0E50023809700B5
:107D30008320C10183248101032941011301010230
:107D4000678000008320C101138605001305090028
:107D50009385040003294101832481011301010259
:107D60006F008001130509002326B100EFA0DFC7D3
:107D70008325C1006FF05FF8130101FE232C810001
:107D8000232A910023282101232E11001309050025
:107D9000938405001304060063060500832745034A
:107DA00063800716832784010317C4002324F4008B
:107DB000937787006380070883270401638C070695
:107DC000232631019316270193F9F40F93F4F40F4E
:107DD00063D806080327040083264401B307F7404D
:107DE00063D8D70A83268400130617002320C40013
:107DF0009386F6FF2324D400230037010327440190
:107E0000938717006302F70C8357C40093F717009A
:107E1000639A070C8329C1008320C10103248101D7
:107E20000329010113850400832441011301010288
:107E3000678000009305040013050900EF00000EA1
:107E4000631E05080317C40023263101832704019C
:107E50009316270193F9F40F93F4F40FE3CC06F68D
:107E60008326440637E6FFFFB72500003367B700D7
:107E70001306F6FFB3F6C6002316E400032704003A
:107E80002322D40683264401B307F740E3CCD7F47A
:107E90009305040013050900EFF08FFB631E050234
:107EA000032704008326840093071000130617009D
:107EB0009386F6FF2320C4002324D4002300370137
:107EC00003274401E312F7F49305040013050900A6
:107ED000EFF00FF8E30005F48329C1009304F0FFED
:107EE0006FF09FF39307A000E396F4F2930504006C
:107EF00013050900EFF0CFF5E30E05F06FF0DFFD9D
:107F0000EFA09FAE6FF01FEA9307050003A501C71E
:107F100013860500938507006FF01FE683A701C74E
:107F2000130101FF23248100232291002326110045
:107F300093040500138405006386070003A7470325
:107F4000630C070E8317C40013F78700630A070644
:107F5000032704016306070893F6170063880602E7
:107F6000832644012324040013050000B306D040F7
:107F7000232CD400630A07028320C100032481005C
:107F800083244100130101016780000093F627005C
:107F90001306000063940600032644012324C40052
:107FA00013050000E31A07FC13F70708E30607FCB4
:107FB00093E707042316F4001305F0FF6FF0DFFBCF
:107FC00013F707016300070813F74700631C070254
:107FD0000327040193E787002316F400E31E07F646
:107FE00093F6072813060020E388C6F693050400DD
:107FF00013850400EF30407E8317C400032704017B
:108000006FF09FF583250403638E050013070404B6
:108010006388E50013850400EFB08FF38317C40075
:10802000232804020327040193F7B7FD2322040049
:108030002320E4006FF01FFA13850700EFA0DF9AFA
:108040006FF05FF01307900023A0E40093E70704AC
:108050002316F4001305F0FF6FF01FF2130101FE69
:10806000232C8100232A910023282101232E110093
:10807000130905009384050013040600EF00002C8B
:1080800093071000631CF5009387F4FF1307E00FBC
:108090006366F700230691006F0040029306C40553
:1080A000138604009305C10013050900EF30C06278
:1080B0009307F0FF6304F508630C0502832784002F
:1080C0008345C1009387F7FF2324F40063DA070098
:1080D0000327840163CCE7029307A0006388F502BD
:1080E00083270400138717002320E4002380B700B0
:1080F0008320C101032481010329010113850400A8
:10810000832441011301010267800000130604006B
:1081100013050900EFF05FC69307F0FFE31AF5FCC3
:108120001305F0FF8320C101032481018324410151
:108130000329010113010102678000008357C40075
:108140001305F0FF93E707042316F4006FF09FFD7B
:108150008317C600139727016340070203274606CB
:10816000B7260000B3E7D700B72600003367D70073
:108170002316F6002322E6066FF05FEE130101FEE0
:10818000232C810003A401C7232E110013860500B0
:1081900093050500630604008327440363800704F6
:1081A0008317C6001397270163400702032746067B
:1081B000B7260000B3E7D700B72600003367D70023
:1081C0002316F6002322E60613050400032481018A
:1081D0008320C101130101026FF05FE82324A10095
:1081E000130504002326C100EFA01F800326C10051
:1081F000832581006FF0DFFA9377350093F6F50F52
:10820000638A07029307F6FF630E06021306F0FF68
:108210006F0080011305150013773500630E07000A
:108220009387F7FF6380C70203470500E314D7FE77
:108230006780000093070600130730006368F700AB
:1082400063900706130500006780000093F5F50FA3
:1082500013978500B305B70013970501B708FFFE14
:1082600037888080B385E5009388F8EF1308080805
:10827000130330006F0000019387C7FF130545000B
:10828000E370F3FC0327050033C7E500330617014D
:108290001347F7FF3377E60033770701E30E07FC58
:1082A000B307F5006F00C00013051500E38CA7F8B5
:1082B00003470500E31AD7FE67800000130101FFA2
:1082C0002326110023229100630E0602B7050280C7
:1082D0009385C5511305060023248100130406006D
:1082E000EF004026B70402806312050203248100D8
:1082F000138584518320C1008324410013010101AF
:1083000067800000B70402806FF09FFE9385845160
:1083100013050400EF000023E30A05FCB7F5008015
:10832000938545F013050400EF00C021E30005FC30
:1083300003248100130500006FF0DFFB03C541BD7E
:1083400067800000130101FF232611002322910002
:10835000638E05022324810013840500B705028083
:108360009385C55113050400EF00C01DB7040280BA
:108370006312050203248100138584518320C10008
:10838000832441001301010167800000B7040280CB
:108390006FF09FFE9385845113050400EF00801A4F
:1083A000E30A05FCB7F50080938545F0130504004A
:1083B000EF004019E30005FC0324810013050000D1
:1083C0006FF0DFFB1305050F678000001385C1B94F
:1083D000678000001385C1B967800000130101FFA9
:1083E0002324810023229100130405001385050036
:1083F0002326110023A401C8EF804FA59307F0FFA7
:10840000630CF5008320C100032481008324410014
:10841000130101016780000083A781C8E38407FE80
:108420008320C1002320F400032481008324410021
:10843000130101016780000063F6A5023387C500C0
:108440006372E502B307C500630606048346F7FFBF
:108450009387F7FF1307F7FF2380D700E318F5FE94
:10846000678000009307F00063E8C70293070500E8
:108470009306F6FF6302060C93861600B386D700B8
:1084800003C705009387170093851500A38FE7FEA8
:10849000E398D7FE67800000B367B50093F7370015
:1084A00063960708930806FF93F808FF938808016E
:1084B000B30615011387050093070500032807007D
:1084C000130707019387070123A807FF032847FF26
:1084D00023AA07FF032887FF23AC07FF0328C7FF52
:1084E00023AE07FFE39CD7FC1378C600B3851501C4
:1084F0001377F600630408041308C7FF1378C8FF56
:1085000013084800B3870601138705008328070076
:10851000938646001307470023AE16FFE398F6FE46
:1085200013763600B38505016FF09FF49306F6FFCE
:10853000930705006FF05FF46780000013060700E3
:108540006FF01FF33367B5009303F0FF1377370025
:1085500063100710B7877F7F9387F7F7032605001F
:1085600083A60500B372F6003363F600B382F2000F
:10857000B3E26200639272106316D60803264500C8
:1085800083A64500B372F6003363F600B382F200AF
:10859000B3E26200639E720C6316D6060326850062
:1085A00083A68500B372F6003363F600B382F2004F
:1085B000B3E262006398720C6316D6040326C5000A
:1085C00083A6C500B372F6003363F600B382F200EF
:1085D000B3E262006392720C6316D60203260501B1
:1085E00083A60501B372F6003363F600B382F2008E
:1085F000B3E26200639C720A13054501938545014D
:10860000E30ED6F41317060193970601631EF700D5
:108610001357060193D706013305F7409375F50FFD
:1086200063900502678000001357070193D7070185
:108630003305F7409375F50F6394050067800000DC
:108640001377F70F93F7F70F3305F74067800000B4
:108650000346050083C60500130515009385150024
:108660006314D600E31606FE3305D640678000008B
:108670001305450093854500E31CD6FC1305000057
:10868000678000001305850093858500E312D6FC02
:1086900013050000678000001305C5009385C50021
:1086A000E318D6FA130500006780000013050501E2
:1086B00093850501E31ED6F81305000067800000CE
:1086C000130101FE232A91008327050183A40501DC
:1086D000232E110063C0971C9384F4FF139324008E
:1086E000232C8100138445012326310123244101D9
:1086F000B3096400130A450183A7090033036A0024
:108700000327030023282101232251019387170007
:108710003359F702930A0500636AF70A3705010027
:108720009308040013080A00930E0000930600004B
:108730001305F5FF03A70800032E080013084800DF
:108740003376A70013570701B377AE00135E0E010F
:108750009388480033062603330727033306D601E0
:10876000B37EA600B387D74113560601B387D7005F
:1087700093D60741B3F7A7003307C7003376A700A6
:10878000B386C640B386C60113960601B3E7C70099
:10879000232EF8FE935E070193D60641E3FC19F9F8
:1087A00083270300639407021303C3FF63686A000F
:1087B0006F0080019384F4FF63786A0083270300CD
:1087C0001303C3FFE38807FE23A89A0013850A005A
:1087D000EF20401C634C05083705010093050A0093
:1087E000130700001305F5FF83A605000326040008
:1087F00093854500B3F7A6003378A600B3870741F9
:10880000B387E70013D707411356060193D6060135
:108810003307C7403307D70093160701B3F7A70004
:10882000B3E7D7001304440023AEF5FE1357074106
:10883000E3FC89FA93972400B307FA0003A7070023
:10884000631407029387C7FF6368FA006F00800113
:108850009384F4FF6378FA0003A707009387C7FFA8
:10886000E30807FE23A89A001309190003248101D5
:108870008320C1018329C100032A8100832A41008A
:108880008324410113050900032901011301010299
:10889000678000008320C10183244101130500008B
:1088A000130101026780000003238503130101F413
:1088B000232C810A232A910A2328210B2322510BDE
:1088C0002326B109232E110A2326310B232EE10082
:1088D000232AF100232811012326B1022324C100F9
:1088E00013040500938D050093040600938A060087
:1088F00013090800630203020327C503930710004E
:1089000093050300B397E7002322E3002324F30039
:10891000EF10006C232C04029389040093060000DE
:1089200063DC04009394140093D714002324F10013
:1089300093890700930610003707F07F2320D900A2
:10894000B3F6E9006388E6608324810013850D0097
:108950001306000093850400930600002320B10352
:1089600023229102EF405019631A050403274101A5
:10897000930710002320F700032701016308070075
:10898000B70702809387D7202320F700B70902801A
:108990009389C9208320C10B0324810B8324410BBD
:1089A0000329010B832A410A832DC108138509007D
:1089B0008329C10A1301010C67800000138604009B
:1089C000130781079306C10793850D001305040063
:1089D0002324410B2320610B232E7109232C8109B1
:1089E000232A91092328A10913D94901EF20403EE8
:1089F000930405006312095A832B81070329C107D9
:108A00009307000233892B0113072943E3D0E73290
:108A100093070004B387E74013052941B397F90092
:108A200033D5AD0033E5A700EF50504DB70710FE2A
:108A30009306100013070500B387B7001309F9FF69
:108A40002324D10403A641C283A681C213050700D3
:108A500093850700EF50002103A6C1C283A601C37E
:108A6000EF40D03203A641C383A681C3EF30900309
:108A7000130A05001305090093890500EF50903C87
:108A800003A6C1C383A601C4EF40503013060500FE
:108A90009386050013050A0093850900EF309000C6
:108AA000130B050093890500EF509031130A050060
:108AB0009385090013050B001306000093060000C0
:108AC000EF40501C6350050213050A00EF50903729
:108AD00013060B0093860900EF4010023335A00007
:108AE000330AAA4033892B4193076001130BF9FF26
:108AF000E3E8471D3707028093173A001307075D25
:108B0000B387E70003A6070083A6470003250102F9
:108B100083254102EF401017E35A051E130AFAFF9E
:108B2000232E0102232C0100634C0B4863540A4A94
:108B30008327810123244103B3874741232CF1007C
:108B4000B3074041232CF10293079000130A000061
:108B500063EC574993075000E3D0571F938ACAFF2D
:108B60009307300013090000E388FA62E3D0575FEF
:108B700093074000E390FA52930710002328F10274
:108B80000326C101E352C0602326C104130C060072
:108B900093067001130710009307400063C4C600DA
:108BA0006F10802F93971700938647019305070056
:108BB00013071700E378D6FE232EB4021305040032
:108BC000EF10C03593090500631405006F10002BEA
:108BD000232CA4029307E00063E6874F6304094E49
:108BE00083268102E35AD05E93F7F60037070280AE
:108BF0001307075D9397370093DC4640B387E70080
:108C000093F60C0103A8070003A74700E388065268
:108C1000B707028003A6076E83A6476E03250102ED
:108C2000832541022328E10423200105EF3010743D
:108C3000032801040327010593FCFC00130305002E
:108C4000138D050013093000638C0C04B70B0280F0
:108C500023208104938B0B6C1304090093050700F8
:108C60001309030093F71C00638E070003A60B0093
:108C700083A64B001305080013041400EF401011E5
:108C80001308050093DC1C40938B8B00E39C0CFCC9
:108C900013030900130904000324010413870500CA
:108CA00093060700130608001305030093050D0043
:108CB000EF30D06B13070500938705008326C103AF
:108CC0006388060203A641C483A681C41305070076
:108CD000938507002328E1042320F104EF40807AE4
:108CE0008327010403270105635405006F10000169
:108CF000130509002320F1062320E104EF5090140E
:108D00000327010483270106130607009386070043
:108D10002328E1042320F104EF40500703A641C5B6
:108D200083A681C5EF300058B706C0FC8327010435
:108D300003270105930C0500B38BB600630E0C32BC
:108D400083268102232081072324D10613050700EF
:108D5000938507002328E1042320F104EF505006F7
:108D60008327010637060280130905009386F7FF63
:108D7000939636009307065DB386D70003A8460096
:108D80002326F10683A70600232E0105232291073F
:108D9000232CF104EF50100B032701058327010456
:108DA0001306050093860500130507009385070049
:108DB000EF40506B03270103138D190013030903C0
:108DC0002320A105930C05001373F30FE304075A46
:108DD00003A541C6032681058326C1052320B104CE
:108DE00083A581C623286104EF305058032641062D
:108DF00093860B00EF4010678328010403230105CD
:108E000013860C009386080023806900130905006F
:108E1000938B0500EF400057832801046354A000A2
:108E20006F00507883A741C403A881C4232C410557
:108E30002328F104232A010503A801C583A7C1C47F
:108E400023226107232681072320F10493070000D2
:108E5000032C010623220105138B07002320510751
:108E6000138A08006F000009130B1B0063448B0179
:108E70006F0050780326010483264104130509007E
:108E800093850B00EF408070032601048326410484
:108E900013090500938B050013850C0093050A0048
:108EA000EF40C06E938C0500930A0500EF504071AF
:108EB000130A0500EF50007913060500938605009C
:108EC00013850A0093850C00EF40D05993070A03DD
:108ED0001306090093860B002300FD00130D1D00EF
:108EE000930C0500138A0500EF40C0596354050038
:108EF0006F00506B032501058325410513860C0087
:108F000093060A00EF4010561306090093860B00E3
:108F1000EF404057E35A05F483278106930B0D0079
:108F2000138C1700130690036F008000E3867965A9
:108F300083C6FBFF138D0B00938BFBFFE388C6FEFC
:108F40009386160093F6F60F2380DB00930D0C003A
:108F50006F00004D83264101372700009397C90019
:108F60001307F77093D7C70023A0E600B3E7B70154
:108F70006380070A83270101B70902809389495357
:108F8000E38A07A0B707028093877753032701017D
:108F90002320F7006FF01FA083274102B706F03FA0
:108FA000832B81079397C70093D7C700032701023C
:108FB000B3E7D700130919C0232401046FF09FA859
:108FC00093071000B3872741232CF100130B0000F7
:108FD000E3400AB623244103232C010293079000A7
:108FE000330B4B01E3F857B7930710001309100038
:108FF000930A00002328F102130CF0FF232E010036
:10900000232E040223268105930500006FF01FBB69
:1090100083270101B709028093898952E38C07965F
:10902000B7070280938707536FF05FF613050900B7
:109030002320F1062320E104EF50C0600327010440
:109040008327010613060700938607002328E104FF
:109050002320F104EF40805303A641C583A681C5B8
:10906000EF3040248327010403270105B706C0FC25
:10907000930C0500B38BB60003A6C1C583A601C639
:109080001305070093850700EF40D03D13860C00C1
:1090900093860B00130D050013890500EF40802E09
:1090A000E342A04EB7070080B3C7770113860C00D8
:1090B00013050D009386070093050900EF40803CDF
:1090C000634805068327C10763CE071883268102FC
:1090D0001307E0006348D71883278102370702800F
:1090E0001307075D93973700B387E70003AA0700CC
:1090F00083AA47008327C10163D80704634680051C
:1091000063180C0203A6C1C583A601C613050A0095
:1091100093850A00EF4080471306050093860500FB
:109120000325010283254102EF40C035E34CA044F2
:10913000138D090023200102130900008327C101B8
:1091400093CDF7FF6F004069938719002320F10446
:10915000032B01020329410213060A0093860A0029
:1091600013050B0093050900EF305020EF504045E8
:10917000130D0500EF50004D13060A0093860A00F8
:10918000EF40C040130605009386050013050B0051
:1091900093050900EF40102D93070D032380F9007C
:1091A00013061000832B01041307050093860500A6
:1091B000E30CCC0C83A7C1C403A801C5930D100018
:1091C0002324F100232601016F00000613060A0084
:1091D00093860A0013050B0093050900EF30101960
:1091E000EF50003E130D0500EF50C04513060A0076
:1091F00093860A00EF408039938605001306050028
:109200009305090013050B00EF40D025938B1B003D
:1092100093070D03938D1D00A38FFBFE130705001D
:1092200093860500E302BC070326810093850600B0
:109230008326C10013050700EF40403513060000E8
:1092400093060000130B050013890500EF40C00AC8
:10925000E31E05F683278102138D0B00938D170003
:109260006F00001C0327010363160726832B81036D
:10927000832C8101232801021309000063820C0260
:109280006350600393870C0063449B67032781014D
:10929000B38CFC40330BFB403307F740232CE10039
:1092A0008327810363820702832701036384070006
:1092B000E39C0B0603268103938504001305040039
:1092C000EF10403F930405009305100013050400C0
:1092D000EF1000102320A102631C0A509307100016
:1092E00063DC5755B387670193F7F7016380071E67
:1092F000130700023307F7409306400063D4E65893
:109300001307C001B307F74003278101B38CFC00AA
:10931000330BFB003307F700232CE1008327810187
:109320006340F014635C60018325010213060B00A7
:1093300013050400EF10004D2320A1028327C10371
:10934000639C0712635480458327010363900726BB
:1093500083278102938D1700832A0102130A1000CC
:109360006F00000293850400930600001306A0001E
:1093700013050400EF00104893040500130A1A00B7
:1093800093850A0013850400EFF08FB3930B050358
:10939000B3874901A38F77FFE3468AFD130A1000C4
:1093A00063448055338A4901930A00009385040081
:1093B0001306100013050400EF10C04483250102BA
:1093C00093040500EF10005D635EA04E93069003CA
:1093D0006F008000638A495F8347FAFF130D0A001C
:1093E000130AFAFFE388D7FE938717002300FA00D9
:1093F0008325010213050400EF00903D630209027A
:10940000638A0A0063882A0193850A001305040011
:10941000EF00103C9305090013050400EF00503BDA
:109420009385040013050400EF00903A832741015F
:1094300023000D0023A0B7018327010163840700E7
:1094400023A0A701032A810A032B010A832BC10948
:10945000032C8109832C4109032D01096FF08FD35F
:10946000938504001386070013050400EF1080396C
:10947000930405006FF01FEB8325010213850400A0
:10948000EF104051E35005EC8327810293850400DF
:10949000930600001306A00013050400138BF7FFCA
:1094A000EF0050358327010393040500639E070CEA
:1094B000032CC104E35A8015832D81026FF0DFE98C
:1094C00093071000232EF1026FF0CFE59307C00140
:1094D0006FF09FE3130710006354574D83278103F8
:1094E000930BFCFF63CA7741B38B774183278101DC
:1094F000B38C8741E3500C0E930510001305040054
:10950000EF00106D130905006FF05FD7232E0102E5
:10951000232C0100E34020AD93071000B3872741BF
:10952000232CF100130B00006FF0DFAAB387E74094
:109530003395FD006FF04FCF9307300013091000F3
:10954000638CFA4463C657E393072000E38CFA1454
:10955000232E04029305000013050400EF00101CE5
:1095600093090500E30C0510930710002328F1026E
:109570009307F0FF232CA4022326F104130CF0FF21
:10958000232E01006FF01FB493050900930600001D
:109590001306A00013050400EF00D025032CC1041E
:1095A00013090500E356800923246103635C9001DD
:1095B0009305090013860C0013050400EF108024A6
:1095C00013090500130B0900631E0A508327C1020B
:1095D000138DF9FF938C0900232C3101832901029B
:1095E00093F71700330D8D012324F100232EB101D1
:1095F0009385090013850400EFF08F8C130C050090
:109600009305090013850400EF10C038130A050004
:1096100013060B009385090013050400EF10003DAD
:109620000327C500930B0C03930D0500631C07086B
:109630009305050013850400EF10C03513070500DE
:1096400093850D0013050400930D0700EF005018DB
:10965000B3E65D01639A060E83278100638A07746F
:1096600063420A7623807C01138A1C0063049D6791
:1096700093850400930600001306A0001305040060
:10968000EF00501793040500930600001306A00096
:109690009305090013050400630E6909EF00901596
:1096A00093050B0013090500930600001306A000A4
:1096B00013050400EF001014130B0500930C0A00AF
:1096C0006FF01FF393050500130504008329810142
:1096D000832DC101EF00D00F634A0A0013F71D006C
:1096E000336A5A0133674701631E070693850400F6
:1096F0001306100013050400EF10C01083250102AB
:1097000093040500EF1000296358A0241307900369
:10971000638CEB24930B1C0383278102930A0900BB
:10972000138D1C0023807C01938D170013090B00FF
:109730006FF01FCCEF00100C13090500130B050090
:10974000930C0A006FF0DFEA63440A7283278100FA
:10975000336A5A0133EA4701630C0A70E354B0F1EB
:1097600083298101130790036380EB200327810283
:1097700093871B00930A0900138D1C00930D17009B
:109780002380FC0013090B006FF09FC69307200095
:10979000E3DC57BB138D0900E3120C9A8325010209
:1097A000930600001306500013050400EF00900418
:1097B000930505002320A10213850400EF10801DEE
:1097C000E35EA096930710032380F90083278102AC
:1097D000138D1900938D17008325010213050400D2
:1097E000938D1D00EF00C07EE31609C26FF05FC3CA
:1097F0009305050013060A0013050400EF00906BA3
:10980000930710002320A10263DE5711130A000002
:1098100003270102832707019387370093972700C7
:10982000B307F70003A54700EF00102593070002D8
:10983000B387A7406FF01FAB8327C1026390070473
:10984000832781009397C700639A070283268100CC
:109850009307000013D746011377F77F630C0700C7
:1098600083278101130B1B0093871700232CF10022
:1098700093071000631C0A54138A07009307100013
:109880006FF05FA6E30CD7A81307C003B307F74038
:109890006FF09FA793071000930A50002328F1024E
:1098A0008327C10103278102B387E700138C1700C8
:1098B0002326F10413060C00634C80AD1306100040
:1098C0006FF00FAD6316050093F71B00E39007B030
:1098D000930600038347FAFF130D0A00130AFAFFE9
:1098E000E38AD7FE6FF0DFB0130A0C006FF09FAB76
:1098F00093070B006FF09F99832781030327810152
:10990000232C7103B387FB40330AFA00B3078701A6
:10991000930C0700330B8B01232CF100930B0000F9
:109920006FF09FBD8327C102E39207EE832781007A
:109930009397C700E39C07EC6FF05FF103230102EC
:10994000032D4102130920006FF00FB0930A20008D
:10995000232801026FF0CFA2E31005DC13F71B00F0
:10996000E31607DA6FF05FDB930790032380FC00B8
:1099700083278102930A0900138A1C00938D170024
:1099800013090B006FF09FA493071000130C100035
:10999000232EF1006FF0CFE6232801026FF05FF075
:1099A000032781046304073003278101938737432A
:1099B000330BFB00B307F700832B8103930C0700E5
:1099C000232CF1006FF05FB3930710032380F9009D
:1099D000938D1D006FF0DFA183278102638807301C
:1099E000B30BF04093F7FB00370702801307075DC6
:1099F00093973700B387E70003A6070083A64700C5
:109A0000032501028325410293DB4B40EF301038E0
:109A1000138D050063880B4213092000B70C0280E8
:109A200023208104938C0C6C130409001307050098
:109A3000130600001309050093F61B00638006025D
:109A400003A60C0083A64C001305070013041400A2
:109A5000EF30D033130705001306100093DB1B40D3
:109A6000938C8C00E39A0BFC130509009387050087
:109A70001309040003240104631206A4130705005C
:109A800093070D006FF08FA3938506001306070060
:109A900013050700EF2010018327810213060A0037
:109AA00093860A00938D1700130B05001389050098
:109AB000138C0D00EF30100D6346A0C613050B008C
:109AC0009305090013060A0093860A00EF30D002BE
:109AD00063160500137D1D0063160DC4138D0B0066
:109AE0006FF01F948325490013050400EF00004325
:109AF000130A050063000536032609019305C90012
:109B00001305C5001306260013162600EF908FF0EC
:109B10001306100093050A0013050400EF00904E91
:109B2000130B05006FF09FAA9305090013860B0025
:109B300013050400EF001038138604009305050098
:109B40001309050013050400EF00901393070500A7
:109B5000938504001305040093840700EF00404739
:109B600083278103B3877741232CF102638E07F4A7
:109B70006FF04FF4032681058326C10503254106B6
:109B80002328B10493850B0023286102EF301020B5
:109B90000323010383270106930610002380690035
:109BA0002324A1048328010513890500B38BF90040
:109BB000638CD72683A7C1C403A801C523289104B9
:109BC0002328F102232A01032320810613850C0098
:109BD000938508000326010383264103130D1D000E
:109BE000EF30D01A1384050093040500EF40501D98
:109BF000930C0500EF401025130605009386050021
:109C00001385040093050400938C0C03EF4080053A
:109C1000A30F9DFFE390ABFD832401050324010600
:109C2000930C05009388050003A641C683A681C650
:109C3000032581049305090023281103EF20806682
:109C40008328010313860C0093860800EF309003ED
:109C5000634C05180326810403A541C683A581C66C
:109C600093060900EF4000008328010313860C00CF
:109C700093860800EF300071634CA0108327C10762
:109C800063C607DE032781029307E00063C0E7DEB7
:109C9000832781020327C10693973700B307F70094
:109CA00003AA070083AA47006FF08FCA0327810722
:109CB0008326810193076003B387E740330BFB00E2
:109CC000B387F600832B8103938C0600232CF100CD
:109CD0006FF09F8283278102930A09008329810103
:109CE000938D170013090B006FF04FEC032701024F
:109CF00083274102130920006FE05FFC63080CB268
:109D0000032DC1046350A0BD938507008327810202
:109D100083A601C503A6C1C49387F7FF13050700F7
:109D20002324F106EF3090061307050013051900F0
:109D30002328E1042320B104EF40D01003270105BC
:109D4000832701041306070093860700EF301004F1
:109D500003A641C583A681C5EF20C054B706C0FC49
:109D60008327010403270105930C0500B38BB6007C
:109D70002320A1076FE09FFD93061003130C1C0026
:109D80006FF08F9C23200102130900006FF09FA346
:109D90001306000383C7FBFF138D0B00938BFBFFA0
:109DA000E38AC7FE83278106938D17006FF04FE784
:109DB0001307900383298101E388EBBAE34C4095B4
:109DC0006FF09F95832981016FF01F95138A07001B
:109DD0006FF01FA4938C0700B3878701330B8B01AF
:109DE000232CF1006FF04FF183278106138C1700AD
:109DF0006FF04F93032A8105032B4106032CC10604
:109E0000832A01066FF00FAC9307200063C8570147
:109E1000832D8102032CC1046FF00FD4032CC104E5
:109E2000232461036FF01F97832B01046FF0DFDFA2
:109E300093072000E3C457FF032CC10423246103CC
:109E40006FF0CFF613070500938705001309200074
:109E50006FE0DFE6B70602803705028093868653FF
:109E6000130600009305F02E1305C554EF10D049DA
:109E700083298101E34CB0876FF01F8AB706028007
:109E80003705028093868653130600009305F01A67
:109E90001305C554EF105047232E0402930500000C
:109EA0006FE0DFD1232801026FE09FCD83A701B9C6
:109EB0006780070063800502630206046388060466
:109EC0008347060023A0F500034506003335A000B4
:109ED00067800000130101FF9305C10063040602BF
:109EE000638A06028347060023A0F50003450600A7
:109EF0003335A00013010101678000001305000045
:109F000067800000130500006FF0DFFE1305E0FF1F
:109F1000678000001305E0FF6FF0DFFD8327450435
:109F2000130101FF23248100232291002326110025
:109F30001304050093840500638C07021397240023
:109F4000B387E70003A507006304050403270500A2
:109F500023A0E70023280500232605008320C10055
:109F60000324810083244100130101016780000064
:109F70001306100293054000EF10903F2322A40423
:109F800093070500E31C05FA130500006FF01FFDA1
:109F900023202101130910003319990013065900D9
:109FA000131626009305100013050400EF10503C13
:109FB000630A0500232425012322950003290100BB
:109FC0006FF05FF903290100130500006FF01FF91E
:109FD0006380050203A74500832745041317270064
:109FE000B387E70003A7070023A0E50023A0B7007D
:109FF00067800000130101FE232A910083A405015C
:10A0000037030100232C810023282101232631015D
:10A01000232E1100138905009309050013840600FF
:10A0200013884501930800001303F3FF83270800FA
:10A03000130848009388180033F767003307C702F6
:10A0400093D60701B386C602B307870013D707016B
:10A05000B3F76700B386E60013970601B307F7006E
:10A06000232EF8FE13D40601E3C298FC6302040217
:10A070008327890063DEF4029387440093972700C7
:10A08000B307F90023A287009384140023289900C2
:10A090008320C10103248101832441018329C1005C
:10A0A0001305090003290101130101026780000063
:10A0B0008325490013850900232441019385150058
:10A0C000EFF0DFE5130A0500630E0504032609011E
:10A0D0009305C9001305C5001306260013162600B4
:10A0E000EF904F930327490083A7490413172700D4
:10A0F000B387E70003A707002320E90023A0270177
:10A100009387440013090A0093972700B307F900C7
:10A11000032A81009384140023A287002328990036
:10A120006FF01FF7B70602803705028093868653CB
:10A13000130600009305A00B13054558EF10D01C23
:10A14000130101FE232C8100232A910023282101E1
:10A1500023263101232441019389060093079000AF
:10A1600093868600232E1100B3C6F602130905005C
:10A1700013840500130A06009304070063DA370D01
:10A18000930710009305000093971700938515001F
:10A19000E3CCD7FE13050900EFF05FD89305050067
:10A1A000630C050A930710002328F500232A950065
:10A1B0009307900063D8470923225101930A940022
:10A1C00093840A003304440183C604001306A000EC
:10A1D00013050900938606FDEFF0DFE19384140078
:10A1E00093050500E39284FE13048AFF33848A00FA
:10A1F000832A410063563A03B3894941B3093401C4
:10A20000834604001306A00013050900938606FD8B
:10A21000EFF05FDE1304140093050500E31234FF32
:10A220008320C10103248101832441010329010109
:10A230008329C100032A810013850500130101024F
:10A24000678000001304A400130A90006FF09FFAC7
:10A25000930500006FF01FF4B706028037050280F7
:10A2600093868653130600009305300D1305455859
:10A2700023225101EF105009930705003707010011
:10A280001305000063F6E70093970701130500012B
:10A290003707000163F6E7001305850093978700F1
:10A2A0003707001063F6E700130545009397470052
:10A2B0003707004063EAE70093C7F7FF93D7F7013A
:10A2C0003305F500678000009397270063CA0700F5
:10A2D00013971700634A0700130500026780000008
:10A2E0001305250067800000130535006780000016
:10A2F000832705001307050093F6770063840602A1
:10A3000093F6170013050000639E060493F62700DA
:10A310006388060A93D717002320F700130510005F
:10A32000678000009396070193D60601130500008D
:10A33000638E060693F6F70F6380060693F6F70022
:10A340006382060493F637006384060293F61700CF
:10A35000639C060093D7170013051500639607004A
:10A3600013050002678000002320F70067800000CB
:10A3700093D7270093F6170013052500E39606FEF2
:10A380006FF05FFD93D7470093F637001305450044
:10A39000E39E06FA6FF0DFFD93D7870093F6F70090
:10A3A00013058500E39006FA6FF0DFFD93D70701F0
:10A3B00093F6F70F13050001E39206F86FF0DFFD47
:10A3C00093D727002320F7001305200067800000A3
:10A3D00083274504130101FF2324810023229100D8
:10A3E000232611001304050093840500638C0702E3
:10A3F00003A54700630205060327050023A2E70023
:10A400008320C1000324810093071000232A9500B4
:10A41000232605002328F5008324410013010101B0
:10A42000678000001306100293054000EF1040748F
:10A430002322A40493070500E31C05FAB706028053
:10A440003705028093868653130600009305501447
:10A4500013054558EF10406B1306C001930510001B
:10A4600013050400EF10C070E30A05FC9307100009
:10A470002322F500930720002324F5006FF05FF8F6
:10A48000130101FE232821012326310103A905011F
:10A4900083290601232A910023244101232E110040
:10A4A000232C8100138A050093040600634C3901B4
:10A4B000138709009384050093090900130A060015
:10A4C0001309070083A7840083A54400338429016E
:10A4D000B3A78700B385F500EFF05FA4630E051AFC
:10A4E0001303450193182400B308130193070300D5
:10A4F0006378130123A0070093874700E3EC17FF5D
:10A5000013084A01131E2900938E440193952900D4
:10A51000330EC801B385BE006376C8139387540118
:10A52000130F400063F0F516B70601009386F6FF9F
:10A530006F00800193DF0F0163980F081308480034
:10A54000130343006370C811832F0800B3F3DF00C7
:10A55000E38203FE93020300938F0E009304000036
:10A5600083A70F0003A602009382420033F7D700AF
:10A570003307770293D707013379D60013560601C4
:10A58000938F4F00B3877702330727013307970074
:10A59000935407013377D700B387C700B387970079
:10A5A000139607013367E60023AEE2FE93D407015A
:10A5B000E3E8BFFAB307E30123A09700832F080065
:10A5C00093DF0F01E38C0FF60327030093020300D0
:10A5D00013860E00930407009303000083270600F0
:10A5E00093D904013377D700B3F7D700B387F703C4
:10A5F00083A44200938242001306460033F9D4003C
:10A60000B3877700B38737019393070133E7E300FC
:10A6100023AEE2FE0357E6FF93D707013307F703A4
:10A62000330727013307F70093530701E368B6FAAE
:10A63000B307E30123A0E700130848001303430016
:10A64000E364C8F1634880006F0080011304F4FFE5
:10A650006308040083A7C8FF9388C8FFE38807FE48
:10A660008320C10123288500032481018324410123
:10A67000032901018329C100032A8100130101027A
:10A6800067800000B38795409387B7FE93F7C7FFB5
:10A69000138F47006FF05FE9B7060280370502802D
:10A6A000938686531306000093052016130545581C
:10A6B000EF108045130101FE232C81002328210186
:10A6C00023263101232E1100937736001304060050
:10A6D0009309050013890500639C070A135424405D
:10A6E000630A0406232A910083A409046386040CE8
:10A6F000937714006390070213541440630A040410
:10A7000003A504006306050693040500937714006F
:10A71000E38407FE138604009305090013850900EE
:10A72000EFF01FD6630009020327490083A74904FD
:10A7300013172700B387E70003A707002320E900CA
:10A7400023A027011354144013090500E31A04FA47
:10A75000832441018320C101032481018329C10095
:10A76000130509000329010113010102678000009C
:10A77000138604009385040013850900EFF05FD071
:10A7800023A0A40023200500930405006FF01FF808
:10A790009387F7FF370702801307075C939727001B
:10A7A000B307F70003A6070093060000EFF09F84AD
:10A7B000130905006FF09FF293051000138509003F
:10A7C000EFF0CFF59304050063000502930710270F
:10A7D000232AF500930710002328F50023A0A904DD
:10A7E000232005006FF0DFF0B706028037050280F6
:10A7F000938686531306000093055014130545589D
:10A80000EF108030130101FE2322510183AA0501BC
:10A8100083A785002326310193595640B38A5901F5
:10A82000232C8100232A9100232821012324410184
:10A83000232E110013891A009384050013040600C7
:10A8400083A54500130A050063D8270193971700D5
:10A8500093851500E3CC27FF13050A00EFF00FECFA
:10A86000630C0510130845016354300393895900A4
:10A870009399290033073501930708009387470010
:10A8800023AE07FEE39CE7FE9389C9FE3308380137
:10A8900083A80401938744011376F4019398280058
:10A8A000B38817016304060A93050002B385C54007
:10A8B000130308009306000003A7070013034300D7
:10A8C000938747003317C7003367D700232EE3FE73
:10A8D00083A6C7FFB3D6B600E3E017FF9387540102
:10A8E0001307400063EAF800B38798409387B7FEE8
:10A8F00093F7C7FF138747003308E8002320D800E9
:10A900006394060013890A0003A7440083274A04BE
:10A910008320C10113172700B387E70003A70700AF
:10A92000232825010324810123A0E40023A097000C
:10A9300003290101832441018329C100032A8100E5
:10A94000832A4100130101026780000003A707006A
:10A950009387470013084800232EE8FEE3F417FB13
:10A9600003A707009387470013084800232EE8FE3B
:10A97000E3EE17FD6FF01FF9B7060280370502807E
:10A9800093868653130600009305E01D1305455872
:10A99000EF1080170327050183A7050113080500A1
:10A9A0003305F7406312F704939727001308480113
:10A9B000938545013307F800B387F5006F008000E9
:10A9C0006374E8020326C7FF83A6C7FF1307C7FF08
:10A9D0009387C7FFE306D6FE130510006376D60003
:10A9E0001305F0FF678000006780000003A70501E2
:10A9F00083270601130101FF2324810023229100F4
:10AA0000232611002320210113840500930406004E
:10AA1000B306F740631EF718939627001386450187
:10AA200013874401B307D6003307D7006F008000B7
:10AA3000637CF61883A5C7FF8326C7FF9387C7FFEC
:10AA40001307C7FFE386D5FE1309100063EAD5009C
:10AA50009387040013090000930404001384070083
:10AA600083A54400EFF08FCB6306051A83A8040189
:10AA700083220401938F4401139328001308440197
:10AA80009392220093054501370E010023262501EC
:10AA900033836F00B3025800138F0500938E0F00AD
:10AAA00093060000130EFEFF03A70E000326080006
:10AAB000130F4F00B377C701B373C601B387774055
:10AAC000B387D700135707011356060193D60741E2
:10AAD0003307C7403307D70093160701B3F7C70101
:10AAE000B3E7D70013084800232EFFFE938E4E00D5
:10AAF00093560741E36A58FA13075401338482409E
:10AB00001304B4FEB3B2E20013CF120013542400B6
:10AB1000130740006384020AB38FEF003388E50017
:10AB2000B70E0100130E080013860F00938EFEFF70
:10AB300063F46F0C83270600130E4E0013064600C5
:10AB400033F7D7013307D70093D5070113570741D0
:10AB50003307B700B387D700B3F7D70193160701C0
:10AB6000B3E7D700232EFEFE93560741E36466FC4D
:10AB70001303F3FF3303F3411373C3FF3307680079
:10AB8000639A07008327C7FF9388F8FF1307C7FF5F
:10AB9000E38A07FE8320C1000324810023281501D6
:10ABA0008324410003290100130101016780000093
:10ABB00013091000E3DE06E86FF09FEA13071400A4
:10ABC000131727006FF05FF593050000EFF00FB546
:10ABD000630005068320C100032481009307100051
:10ABE0002328F500232A05008324410003290100BE
:10ABF00013010101678000001307000063160F00B6
:10AC00003387E5006FF0DFF7131724003387E50083
:10AC10006FF01FF7B70602803705028093868653D0
:10AC2000130600009305502413054558EF00D06D1E
:10AC3000B70602803705028093868653130600000C
:10AC40009305702313054558EF00106CB707F07F8C
:10AC5000B3F5B700B707C0FCB385F5009307000054
:10AC60006356B0001385070067800000B305B0404D
:10AC700093D545419307300163CCB700B70708006F
:10AC8000B3D5B74093070000138507006780000025
:10AC90009385C5FE1307E001930710006346B700D4
:10ACA000B7070080B3D7B7009305000013850700EE
:10ACB00067800000130101FE232A9100832405010F
:10ACC000232C81001304450193942400B3049400C1
:10ACD0002328210103A9C4FF232631012324410194
:10ACE0001305090093890500232E1100EFF0CFD83A
:10ACF00013070002B307A74023A0F9009307A000A1
:10AD0000138AC4FF63DCA708130655FF637044056C
:10AD100083A784FF630C0604B306C74033D7D7006C
:10AD20003319C9003369E900938584FF3707F03F81
:10AD30003367E900B397C700637EB40203A644FFFC
:10AD4000B356D600B3E7D7006F00C0029307B00038
:10AD5000630CF5003319C9003707F03F3367E9008A
:10AD6000930700006F000001930700003707F03FD2
:10AD70003367E9008320C101032481018324410159
:10AD8000032901018329C100032A810013850700DB
:10AD90009305070013010102678000009306B000CD
:10ADA000B386A640B707F03F3357D9003367F700A3
:10ADB000930700006376440183A784FFB3D7D700CD
:10ADC000130555013319A900B367F9006FF09FFA15
:10ADD000130101FD232A5101938A050093051000F8
:10ADE00023229102232E3101232C4101232611021B
:10ADF000232481022320210393040600138A0600E2
:10AE000093090700EFF08F916302051037071000D8
:10AE100013D944019307F7FF1379F97F1304050051
:10AE2000B3F7970063040900B3E7E7002326F100B6
:10AE300063920A061305C100EFF08FCB0327C10010
:10AE40009304100023289400232AE40093070502AA
:10AE5000630809081309D9BC3309F90093045003A6
:10AE600023202A013385F44023A0A9008320C102B6
:10AE700013050400032481028324410203290102F3
:10AE80008329C101032A8101832A4101130101039E
:10AE9000678000001305810023245101EFF04FC5A6
:10AEA0000327C10093070500630E050403268100F4
:10AEB00093060002B386A640B316D7003357A70007
:10AEC000B3E6C6002326E100B334E0009384140007
:10AED000232AD400232CE40023289400E31C09F641
:10AEE000139724003307E400032507019387E7BC89
:10AEF0002320FA00EFF04FB8939454003385A44018
:10AF00006FF09FF6832681006FF01FFCB70602806A
:10AF10003705028093868653130600009305F030B0
:10AF200013054558EF00503E130101FD2320210376
:10AF30001389050093058100232611022324810231
:10AF400023229102232E310193090500EFF09FD6B1
:10AF50009304050013840500130509009305C1003F
:10AF6000EFF05FD50327090183A709018326C100FC
:10AF7000B387E74003278100939757003307D740F3
:10AF8000B387E70013070500635EF002939747015C
:10AF9000338487009386050013850400930504001D
:10AFA00013060700EF10903C8320C10203248102A6
:10AFB00083244102032901028329C10113010103F2
:10AFC0006780000093974701B385F5406FF09FFCC1
:10AFD000130101FF23202101232611009307700193
:10AFE0001309050063DAA70483A741C483A581C4BC
:10AFF000232481002322910003A4C1C483A401C59A
:10B00000138507001306040093860400EF20005800
:10B010001309F9FF93070500E31409FE03248100D7
:10B020008320C10083244100032901001385070008
:10B0300013010101678000003707028013193500F2
:10B040001307075C33072701832707018320C1000B
:10B05000832547010329010013850700130101011E
:10B0600067800000832606019385F5FF93D5554040
:10B070009385150093074601939626009395250026
:10B08000B386D700B305B50063F8D70213070500F0
:10B0900003A807009387470013074700232E07FFE5
:10B0A000E3E8D7FEB387C6409387B7FE93F7C7FFA1
:10B0B000938747003305F5006378B5001305450015
:10B0C000232E05FEE36CB5FE678000000327050113
:10B0D00013D65540930645016352C7021317270044
:10B0E000B387E60063F2F60403A7C7FF9387C7FFA1
:10B0F000E30A07FE1305100067800000931726007F
:10B10000B387F600E350E6FE93F5F501E38C05FC0A
:10B1100003A60700130510003357B6003317B70016
:10B12000E302E6FC67800000130500006780000072
:10B13000130101FD2322910223261102930406002C
:10B140006388051E23248102232021031384050024
:10B15000232E3101232A5101232C4101130905001B
:10B16000EF90CF8A0327C4FF9387B4009306600152
:10B17000930A84FF9379C7FF63F2F61013FA87FFEF
:10B1800063C2071063609A1063D24913B717028035
:10B1900023248101138C07C503268C00B3863A0152
:10B1A00083A746006308D61C13F6E7FF3386C60064
:10B1B0000326460013761600631A061493F7C7FF9A
:10B1C0003386F9006358460D13771700631C070296
:10B1D00023267101832B84FF23286101B38B7A41DD
:10B1E00003A74B001377C7FFB387E700338B370103
:10B1F000635C4B33338BE90063584B29032B01010C
:10B20000832BC1009385040013050900EF809F8400
:10B2100093040500630805408327C4FF130785FFD7
:10B2200093F7E7FFB387FA006386E7241386C9FF25
:10B230009307400263E4C72E13073001636AC720F7
:10B2400093070500130704008326070023A0D700F7
:10B250008326470023A2D7000327870023A4E70003
:10B260009305040013050900EF808FCE1305090034
:10B27000EF801FFA032C81006F00C006130A000143
:10B28000E3749AF09307C0002320F90093040000B0
:10B290006F00400583A7C60003A78600032C81002A
:10B2A000930906002326F70023A4E70083A74A009A
:10B2B000B38649411306F00093F7170033873A012C
:10B2C0006362D608B3E7370123A2FA008327470059
:10B2D00093E717002322F70013050900EF805FF3BF
:10B2E00093040400032481028320C1020329010284
:10B2F0008329C101032A8101832A410113850400A6
:10B3000083244102130101036780000013771700B3
:10B31000E31A07EE23267101832B84FF23286101A2
:10B32000B38B7A4103A74B001377C7FF6FF09FECF5
:10B330008320C10283244102930506001301010307
:10B340006F804FF1B3E7470123A2FA00B3854A01AA
:10B3500093E6160023A2D500832747009385850036
:10B360001305090093E717002322F700EF804FBE73
:10B370006FF09FF693F7C7FFB386370113060A01F4
:10B3800063D0C62613771700E31E07E62326710154
:10B39000832B84FF23286101B38B7A4103A74B00E1
:10B3A0001377C7FFB387E700338B3701E344CBE460
:10B3B00083A7CB0003A78B001386C9FF9306400227
:10B3C0002326F70023A4E70093848B0063E4C628B8
:10B3D00013073001938704006372C7020327040038
:10B3E0009307B00123A4EB000327440023A6EB003E
:10B3F00063EAC7261304840093870B010327040024
:10B4000023A0E7000327440023A2E70003278400CA
:10B4100023A4E70033874B01330B4B412324EC007B
:10B4200093671B002322F70083A74B001305090035
:10B4300093F71700B3E7470123A2FB00EF805FDD1E
:10B44000032B0101832BC100032C81006FF09FE9C6
:10B45000832604001307B0012320D500832644006F
:10B460002322D500636EC714130784009307850059
:10B470006FF09FDD8327C5FF032C810093F7C7FF83
:10B48000B389F9006FF09FE283A7CB0003A78B007D
:10B490001386C9FF930640022326F70023A4E70082
:10B4A00093848B0063E6C610130730019387040072
:10B4B000637CC702032704009307B00123A4EB00B9
:10B4C0000327440023A6EB0063F8C71483278400F6
:10B4D00023A8FB008327C40023AAFB00630CD60A21
:10B4E0001304040193878B010327040023A0E700C2
:10B4F0000327440023A2E7000327840023A4E700D6
:10B5000093090B00938A0B00032B0101832BC100CD
:10B51000032C8100138404006FF05FD993050400AD
:10B52000EFC09FF16FF0DFD383A7C60003A78600AB
:10B530001386C9FF930640022326F70023A4E700E1
:10B5400003A78B0083A7CB0093848B002326F700EF
:10B5500023A4E70063EEC6041307300193870400B9
:10B56000E374C7F8032704009307B00123A4EB009A
:10B570000327440023A6EB0063F0C70A03278400D7
:10B580009307400223A8EB000327C40023AAEB0083
:10B59000E318F6F40327040193870B0213048401D4
:10B5A00023ACEB000327C4FF23AEEB006FF0DFF307
:10B5B0009305040013850400EFC01FE86FF05FF4EB
:10B5C000032784002324E5000327C4002326E50085
:10B5D0006304F60613070401930705016FF0DFC645
:10B5E000B38A4A01B386464123245C0193E71600DF
:10B5F00023A2FA008327C4FF130509009304040063
:10B6000093F71700B3E74701232EF4FEEF805FC0E6
:10B61000032C81006FF01FCD1304840093870B016E
:10B620006FF09FEC13050900EF809FBE93040000AC
:10B63000032C81006FF01FCB8326040113078401C4
:10B64000930785012328D50083264401232AD500AA
:10B650006FF09FBF9305040013850400EFC0DFDD8A
:10B660006FF05FDB8327840023A8FB008327C400DF
:10B6700023AAFB006308D6001304040193878B01FF
:10B680006FF0DFD70327040193870B0213048401B3
:10B6900023ACEB000327C4FF23AEEB006FF01FD6F3
:10B6A00083A7C1B867800700638405029307F00F82
:10B6B00063E8C7002380C500130510006780000001
:10B6C0009307A0082320F5001305F0FF6780000012
:10B6D0001305000067800000130101FE232C810088
:10B6E000232A9100232E110083A7C1B8130405005B
:10B6F0009384060063820502E78007009307F0FF4A
:10B700006306F5028320C1010324810183244101E2
:10B710001301010267800000130600009305410039
:10B72000E78007009307F0FFE31EF5FC23A0040069
:10B730009307A0088320C1012320F4000324810182
:10B74000832441011301010267800000130101FEFF
:10B75000232C8100232A9100232E110083A401C7EA
:10B7600083A7C1B813040600630A05021386050007
:10B77000930604009305050013850400E780070085
:10B780009307F0FF630AF5028320C10103248101BE
:10B790008324410113010102678000009306060023
:10B7A000930541001306000013850400E78007009D
:10B7B0009307F0FFE31AF5FC232004008320C10166
:10B7C000032481019307A00823A0F40083244101EE
:10B7D00013010102678000008397C500130101F87F
:10B7E000232C8106232E110613F72700138405004E
:10B7F000630407029387350423A0F50023A8F5000E
:10B800009307100023AAF5008320C10703248107B2
:10B8100013010108678000008395E500232A910643
:10B8200023282107232631072324410793040500F9
:10B8300063C6050813068100EF000021634E05066C
:10B840008327C10037F90000B71900003379F900E8
:10B85000B7E7FFFF3309F90013391900130A004055
:10B860009389098093050A0013850400EF808F9E59
:10B870008317C4006308050693E707082320A40084
:10B880002328A4002316F400232A44016310090A84
:10B89000B3E737018320C1072316F400032481078F
:10B8A00083244107032901078329C106032A81064E
:10B8B00013010108678000008317C40093F707088D
:10B8C00013090000638E0704130A000493050A009D
:10B8D00013850400EF800F988317C40093090000BC
:10B8E000E31C05F813F70720631E070493F7C7FF4F
:10B8F00093E72700130734042316F400930710007E
:10B9000083244107032901078329C106032A8106ED
:10B910002320E4002328E400232AF4006FF0DFEE64
:10B92000130A0040930900006FF0DFF38315E40071
:10B9300013850400EF008017631005028317C4000D
:10B940006FF01FF583244107032901078329C106EE
:10B95000032A81066FF05FEB8357C40093F7C7FF9C
:10B9600093E717009397070193D707416FF05FF2B2
:10B97000130101F923248106138405008395E50052
:10B980002322910623202107232611069304060073
:10B990001389060063CA050413068100EF00C00A7C
:10B9A000634405040327C100B7F700008320C106E4
:10B9B000B3F7E70037E7FFFFB387E700032481060B
:10B9C00093B717002320F9001307004023A0E400D9
:10B9D000371500008324410603290106130505805D
:10B9E00013010107678000008357C40093F707081D
:10B9F000638807028320C1060324810693070000A1
:10BA00002320F9001307000423A0E4000329010602
:10BA1000832441061305000013010107678000001D
:10BA20008320C106032481062320F9001307004068
:10BA300023A0E40003290106832441061305000026
:10BA40001301010767800000130101FF1387050040
:10BA5000232481002322910013040500930506008E
:10BA6000130507002326110023A401C8EF40DFA41B
:10BA70009307F0FF630CF5008320C10003248100CD
:10BA800083244100130101016780000083A781C85E
:10BA9000E38407FE8320C1002320F40003248100F7
:10BAA000832441001301010167800000130101FF9D
:10BAB000232481002322910013040500138505002F
:10BAC0002326110023A401C8EF409FA49307F0FF91
:10BAD000630CF5008320C10003248100832441000E
:10BAE000130101016780000083A781C8E38407FE7A
:10BAF0008320C1002320F40003248100832441001B
:10BB0000130101016780000003A701C7130101FFB2
:10BB10009387060013080600232611008328C70018
:10BB200093060500138705001386070063000802CB
:10BB3000B70702809387C77EB70502809385C57FCC
:10BB400013850800EF00C014EF00C01937F800801B
:10BB5000930748F0130848F06FF01FFE130101FF30
:10BB6000930606001306000023261100EFF0DFF90C
:10BB7000B3B7C502130101FF23261100232481005E
:10BB8000B385C5026390070AEF70DFEC130405006C
:10BB90006300050A0326C5FF130740021376C6FF9C
:10BBA0001306C6FF6368C7049306300193070500B8
:10BBB00063F2C60223200500232205009307B0018B
:10BBC00063F8C70423240500232605009307050115
:10BBD000630CE60623A0070023A2070023A40700A6
:10BBE0008320C10013050400032481001301010117
:10BBF0006780000093050000EF700FD48320C10020
:10BC00001305040003248100130101016780000073
:10BC10009307850023A0070023A2070023A40700A1
:10BC20006FF01FFCEF00800B9307C0002320F5008E
:10BC3000130400008320C1001305040003248100C5
:10BC40001301010167800000232805009307850187
:10BC5000232A05006FF01FF8130101FC1303C10232
:10BC60002326D10293060300232E11002328E1028C
:10BC7000232AF102232C0103232E11032326610022
:10BC8000EFA04FED8320C101130101046780000084
:10BC9000130E0500130101FC03A501C71303810264
:10BCA0002324C1022326D102138605009306030034
:10BCB00093050E00232E11002328E102232AF1020E
:10BCC000232C0103232E110323266100EFA08FE80C
:10BCD0008320C101130101046780000003A501C78F
:10BCE00067800000130101FF130560002326110087
:10BCF000EF00802A13051000EF400FF9832785110C
:10BD0000638607001305000067800000130101FF30
:10BD10009305000823248100232611001304050045
:10BD2000EF705FD3232CA41063040502930705086A
:10BD30002320050013054500E31CF5FE1305000054
:10BD40008320C100032481001301010167800000EA
:10BD50001305F0FF6FF0DFFE130101FE232A9100AF
:10BD6000232E11009307F0019304050063ECB70242
:10BD700083278511232C810013840500638C07021F
:10BD800013142400B38787000324810103A507004F
:10BD900023A0C7008320C1018324410113010102B4
:10BDA00067800000930760012320F5001305F0FF72
:10BDB0006FF05FFE930500082326C100EF709FC956
:10BDC00023ACA4100326C100930705001307050048
:10BDD00093060508630A05002320070013074700A0
:10BDE000E31CD7FE6FF0DFF9032481011305F0FF98
:10BDF0006FF05FFA130101FF232291002326110047
:10BE00009307F0019304050063E0B70A83278511C7
:10BE100023248100138405006384070413972500FD
:10BE2000B387E70003A70700630C0702930610001F
:10BE3000630CD7009306F0FF6308D70423A0070024
:10BE400013850500E70007000324810013050000A7
:10BE50008320C10083244100130101016780000099
:10BE600013850400EF00C04313060400032481007F
:10BE70008320C1009305050013850400832441003D
:10BE8000130101016F00803B032481008320C10066
:10BE9000930760012320F50083244100130510005F
:10BEA0001301010167800000930760012320F50062
:10BEB0001305F0FF6FF0DFF99307F00163EAB70CA9
:10BEC00083278511130101FF232481002322910080
:10BED00023261100138405009304050063800708DE
:10BEE00013172400B387E70003A70700630C0702BA
:10BEF0009306F0FF6300D706930610006300D70493
:10BF00001305040023A00700E70007001305000045
:10BF10008320C10003248100832441001301010117
:10BF2000678000008320C100032481008324410036
:10BF30001305100013010101678000008320C10078
:10BF40000324810083244100130530001301010103
:10BF500067800000130520006FF09FFB9305000829
:10BF6000EF705FAF23ACA41093070500630E0500CC
:10BF70001307050093060508232007001307470051
:10BF8000E31CD7FE6FF0DFF51305F0FF6FF05FF8ED
:10BF90001305F0FF67800000130101FF23229100C9
:10BFA000232611009307F00183A401C763EEA708BD
:10BFB00083A78411232481001304050063820704EE
:10BFC00013172500B387E70003A70700630A0702DA
:10BFD00093061000630AD7009306F0FF6306D704A8
:10BFE00023A00700E70007000324810013050000D9
:10BFF0008320C100832441001301010167800000F8
:10C0000013850400EF00C0291306040003248100F7
:10C010008320C1009305050013850400832441009B
:10C02000130101016F008021032481008320C100DE
:10C030009307600123A0F40013051000832441003E
:10C0400013010101678000009307600123A0F40041
:10C050001305F0FF6FF0DFF9130101FF2320210129
:10C06000232611009307F00103A901C763E2A70487
:10C070002324810013040500032589112322910044
:10C0800093840500630E050213142400B307850092
:10C0900003A507000324810023A097008324410007
:10C0A0008320C10003290100130101016780000002
:10C0B000930760012320F9001305F0FF6FF05FFE86
:10C0C0009305000813050900EF70DF98232CA910D1
:10C0D0009307050013070508630A050023A007005E
:10C0E00093874700E31CF7FE6FF01FFA03248100DB
:10C0F000832441001305F0FF6FF09FFA130101FF45
:10C100002324810003A401C723261100832784115F
:10C11000638C0700130500008320C1000324810005
:10C120001301010167800000930500081305040056
:10C13000EF705F92232CA410630C05009307050891
:10C140002320050013054500E31CF5FE6FF09FFC5E
:10C150001305F0FF6FF05FFC130101FF2322910034
:10C16000232611009307F00183A401C763E4A70C01
:10C1700083A7841123248100130405006382070828
:10C1800013172400B387E70003A70700630C070217
:10C190009306F0FF6300D706930610006300D704F0
:10C1A0001305040023A00700E70007000324810013
:10C1B000130500008320C100832441001301010105
:10C1C00067800000032481008320C1008324410094
:10C1D0001305100013010101678000000324810092
:10C1E0008320C100832441001305300013010101A5
:10C1F0006780000003248100130520006FF09FFB7F
:10C200009305000813850400EF70DF8423ACA410AD
:10C2100093070500630E0500130705009306050844
:10C220002320070013074700E39CE6FE6FF05FF54D
:10C23000032481001305F0FF6FF0DFF7130101FF06
:10C240001387050023248100232291001304050095
:10C2500093050600130507002326110023A401C837
:10C26000EF40CFAB9307F0FF630CF5008320C100D4
:10C270000324810083244100130101016780000031
:10C2800083A781C8E38407FE8320C1002320F40034
:10C290000324810083244100130101016780000011
:10C2A0006F408FA5B7071000130101FE938EF7FFB3
:10C2B00033F8BE00B3F7DE0013D346012328210173
:10C2C00013D9450193973700232C810013183800A8
:10C2D00013D4F5011357D5019358D6011379F97F7B
:10C2E0001373F37F232E1100232A9100232631019B
:10C2F00093D6F601B3E8F8003367070193153500CC
:10C30000131F3600B30769406304D41E6352F0164E
:10C31000630603289306F07F6306D94293068003E1
:10C320001306100063CEF602B7068000B3E8D8000B
:10C330009306F00163CEF65293060002B386F640F0
:10C340003396D8003355FF00B316DF003366A600DE
:10C35000B336D000B3D8F8003366D60033071741A0
:10C360003386C540B3B5C50093040600B309B74092
:10C370009397890063DA0732B70780009387F7FF46
:10C38000B3F9F9006388092C13850900EF20100127
:10C39000930785FF930600023387F64033D7E40006
:10C3A000B399F90033673701B394F40063C8274B9E
:10C3B000B387274193871700B386F6403396D4009E
:10C3C000B3D9F4003336C00033663601B316D70054
:10C3D000B3E4C600B359F7001309000093F77400E3
:10C3E0006380070293F7F40013074000638AE700B5
:10C3F0009387440033B69700B389C900938407003C
:10C400009397890063DA076E930719001307F07F8B
:10C41000130E04006386E72A370780FF1307F7FF30
:10C4200033F7E90093F7F77F1318D70113D63400D9
:10C43000131797003368C8001357C7008320C10142
:10C440000324810193974701B3E7E7001317FE0127
:10C45000B3E7E70083244101032901018329C100D7
:10C46000130508009385070013010102678000008F
:10C47000638C0714B30723416312093C3365B7008B
:10C480006304054C1385F7FF630205601308F07F12
:10C4900063860757930780031306100063CCA70237
:10C4A000930705001306F001634CF65613050002CE
:10C4B0003305F5403316A70033D8F5003395A500B2
:10C4C000336606013335A0003357F7003366A60004
:10C4D000B388E8403306CF403337CF0093040600DB
:10C4E000B389E84013090300138406006FF05FE886
:10C4F0006350F01E63100314B3E6E801638C062654
:10C500009386F7FF638006481306F07F638CC7228B
:10C51000930780039309100063CCD702938706002A
:10C520009306F00163C0F64A93060002B386F64014
:10C53000B399D8003356FF00B316DF00B3E9C90042
:10C54000B336D000B3D8F800B3E9D90033071701E8
:10C55000B385B900B3B9350193840500B389E90007
:10C560009397890063D20714130919009307F07F8A
:10C57000630CF936B70780FF9387F7FF13F61400B3
:10C58000B3F7F90013D714003367C7001396F70108
:10C59000B364E60093D917006FF05FE4B3E6E801F7
:10C5A000638A061C9386F7FF638006401306F07FBC
:10C5B000638AC7189307800313061000E3C2D7DA13
:10C5C000938706006FF0DFD6130819001378E87F11
:10C5D000631C08223363B70033E8E80163100938AD
:10C5E000630E034663060840B389E54133B5350160
:10C5F000330617413306A64013158600635E0550C7
:10C60000B305BF403387E840333FBF003307E741FE
:10C610001316870093840500635E0652B70780FFF8
:10C620009387F7FF3377F700138E06009307100008
:10C630006FF09FDF9306F07F6306D91093068003A7
:10C6400093091000E3C6F6F0B7068000B3E8D800FF
:10C650006FF01FED13850400EF2040549307850110
:10C660009306F001E3D8F6D2130785FF3397E40071
:10C6700063C62723338927419307190063D6F648F9
:10C68000130919FE93060002B3542701638CD700E7
:10C6900093060004B387F6403317F7003337E00002
:10C6A000B3E4E4001309000093F77400E39C07D29D
:10C6B0009307090013D63400138709006F00000C9C
:10C6C0009307F07F13070000130800006FF01FD7D7
:10C6D000638A070CB30723416302091E9306F07FA8
:10C6E0006308D332930680039309100063CEF602E9
:10C6F000B70680003367D7009306F00163C8F63CA5
:10C7000093060002B386F640B319D70033D6F5007E
:10C71000B396D500B3E9C900B336D0003357F7005C
:10C72000B3E9D900B388E8003387E901B3393701A9
:10C7300093040700B3891901130903006FF05FE246
:10C740006310080213163500135636001318D7016C
:10C750003368C800135737003367070163060718AB
:10C76000130E00009307F07F37070800130800003E
:10C770006FF0DFCC13163500135636001318D701AF
:10C780009306F07F3368C80013573700E386D7FC61
:10C790001317C7001357C70093F7F77F130E040052
:10C7A0006FF0DFC99306190013F8E67F63180814C9
:10C7B000B366B700631C092863820630B3E6E8015C
:10C7C00063880622B387E501B3B5B70033071701C5
:10C7D0003307B70013D8370093178700130E0400F0
:10C7E00063DE0734B70780FF9387F7FF3377F700DF
:10C7F0009317D7011357370033E807013377D70171
:10C80000930710006FF09FC33388E541B3B705016C
:10C81000B3091741B389F94093978900930408003D
:10C8200063C6071033683801E31E08B4130E000016
:10C8300093070000130700006FF05FC01305F07F3F
:10C84000630EA31A1305800313061000E344F5C812
:10C85000370680003367C7006FF0DFC4B70980FF79
:10C860009389F9FF3309F940B37937016FF01FB7A6
:10C87000938607FE13060002B3D6D800638AC7006A
:10C8800013060004B307F640B397F800336FFF00B8
:10C890003336E0013366D6006FF09FACB70680FFF9
:10C8A0009386F6FFB307F9403377D7001318D70103
:10C8B00033683801135737006FF09FEDB366B70048
:10C8C0006386061E9386F7FF638E060A1305F07FC4
:10C8D0006380A7149307800393091000E3C6D7E48D
:10C8E000938706006FF05FE1130E04009307F07F5B
:10C8F00013070000130800006FF05FB49307F07F88
:10C90000E384F6FE338FE501B335BF00B3071701AB
:10C91000B387B7001396F701135F1F00B364E601F6
:10C9200093D91700138906006FF05FAB3306BF4041
:10C93000B387E8403337CF0093040600B389E7405C
:10C94000138406006FF01FA413163600135636002A
:10C9500013840600138708006FF05FE2E31203DE22
:10C960006306081C13D73800131636009398D801B5
:10C9700033671701135636003367C7001384060068
:10C980006FF0DFDD338FE501B3081701B335BF006A
:10C99000B389B8009397890093040F0063D4070EFE
:10C9A000130920006FF01FBD338FE541B308174115
:10C9B000B3B5E50193040F00B389B8401309100023
:10C9C0006FF01F9B938607FE13060002B3D6D800B4
:10C9D000638AC70013060004B307F640B397F80054
:10C9E000336FFF00B339E001B3E9D9006FF05FB6F0
:10C9F00013163500935936006FF05FEB13163600AF
:10CA00001356360013840600138708006FF01FD4F6
:10CA10001316360013563600138708006FF01FD325
:10CA2000138507FE130600023355A700638AC7006B
:10CA300013060004B307F640B317F700B3E5F5009B
:10CA40003336B0003366A6006FF0DFA8E38206FC41
:10CA500033EFE801E3160FD06FF0DFCEE30808DC18
:10CA6000131836009397D8011358380013D738009D
:10CA70003368F8003377D701138E06009307000060
:10CA80006FF0DF9B930710006FF0DFC2B305BF406C
:10CA9000B388E8403337BF0093840500B389E8408A
:10CAA00013840600130910006FF09F8C13163600D4
:10CAB00013563600138708006FF05FCC131636004C
:10CAC00093593600138708006FF05FDE938607FEE8
:10CAD00013060002B356D700638AC700130600048A
:10CAE000B307F640B317F700B3E5F500B339B0006C
:10CAF000B3E9D9006FF05FC313D634009307090080
:10CB0000138709006FF09FC793060002B386F640B3
:10CB1000130600006FF05F8B33E8C900E30808D00C
:10CB200093D93900130706006FF05FD8130E000089
:10CB30009307F07F370708006FF05F909317D701D6
:10CB40001357370033E807013377D7019307000005
:10CB50006FF0DF8E1318D70193D535003368B80016
:10CB600013573700138406006FF09FC2130101FDB5
:10CB7000232E310193D945012324810223229102DE
:10CB800023202103232C4101232671019394C50006
:10CB900023261102232A5101232861012324810124
:10CBA00093F9F97F13040500930B0600138906001F
:10CBB00093D4C40013DAF501638A09189307F07F50
:10CBC0006388F908939434009357D501B3E797002D
:10CBD00037078000B3EAE700131B3500938919C0BB
:10CBE00093040000130C0000935749011314C9006B
:10CBF00093F7F77F1354C4001359F90163820708B0
:10CC00001307F07F638AE7181314340013D7DB018E
:10CC100033678700938717C0370480003364870029
:10CC200093983B00B389F940130600001307F00006
:10CC3000B3462A0163649724B717028093942400B3
:10CC40009387C782B384F40003A70400670007003A
:10CC5000B3EAA400639E0A1C935749011314C90048
:10CC600093F7F77F130B0000930480009309F07F84
:10CC7000130C20001354C4001359F901E39207F870
:10CC8000B36874016382081C630A044A1305040034
:10CC9000EF10D07093070500930655FF1307D001DE
:10CCA000938887FF3307D7403314140133D7EB0041
:10CCB00033648700B3981B01B38737019389373FEB
:10CCC000130600006FF09FF63307F740130680034A
:10CCD000635AE64E93070000130600001307000096
:10CCE0008320C1020324810293974701B3E7C70061
:10CCF0009396F601B3E7D70083244102032901028A
:10CD00008329C101032A8101832A4101032B0101E7
:10CD1000832BC100032C81001305070093850700B6
:10CD200013010103678000009307F07F13060000E2
:10CD3000130700006FF0DFFA930600009307F07FFF
:10CD400037060800130700006FF09FF9B3EAA4004C
:10CD5000638C0A106388044013850400EF1010648C
:10CD600013070500930655FF9307D001130B87FFA8
:10CD7000B387D740B3946401B357F400B3EA970084
:10CD8000331B64019309D0C0B389E94093040000C8
:10CD9000130C00006FF05FE5B3687401938919808C
:10CDA000639C080A93E42400130400001306200087
:10CDB0006FF0DFE713090A0013840A0093080B00E1
:10CDC000930720006308FC4E93073000E306FCF64F
:10CDD0009307100093060900E30EFCEE9387F93FDA
:10CDE0006356F02A13F778006316074A1317740086
:10CDF000635A0700B70700FF9387F7FF3374F40007
:10CE0000938709401307E07FE340F7F293D8380097
:10CE10001317D40113169400336717011356C60075
:10CE200093F7F77F6FF0DFEB130C06006FF05FF9FD
:10CE3000938A0400130B05009304C0009309F07F4C
:10CE4000130C30006FF05FDA93E414001304000059
:10CE5000130610006FF09FDD93E4340093880B00FD
:10CE6000130630006FF09FDC130B000093044000AA
:10CE700093090000130C10006FF01FD76364542B4C
:10CE800063808A2A13030B009389F9FF93870A00B2
:10CE9000130B0000131784001355070133D4A702A6
:10CEA00013D688013366E6001318060113580801EB
:10CEB0009395880013570301B3F7A702B3088802BC
:10CEC00093970701B367F70063FA1701B307F600FA
:10CED0001307F4FF63F0C72E13040700B38717414D
:10CEE000B3D8A7021317030113570701B3F7A7021B
:10CEF000B30F1803939707013367F700637AF701BD
:10CF00003307E6009387F8FF637EC72893880700FE
:10CF100013140401B7020100336414011383F2FFF8
:10CF2000B3786400935E040113DE050133F36500FA
:10CF3000330F13033307F741B3081E0393570F0151
:10CF4000B38F6E02B388F801B3871701B38ECE0397
:10CF500063F4F701B38E5E00B70F0100938FFFFFFC
:10CF600093D80701B3F7F70193970701337FFF01C8
:10CF7000B388D801B387E701636E1717630A1717E1
:10CF8000B307FB4033071741333BFB0033076741CF
:10CF90006300E62EB358A70293DE07013377A7029A
:10CFA000330F18031317070133E7EE00637EE70121
:10CFB0003307E600938EF8FF636AC72E6378E72F86
:10CFC0009388E8FF3307C7003307E741B35EA70242
:10CFD0009397070193D707013377A7023308D80344
:10CFE00013170701B3E7E70063FE0701B307F60075
:10CFF0001387FEFF63E8C72A63F6072B938EEEFFC5
:10D00000B387C70093980801B3E8D80113950801C6
:10D0100013DF080113550501B30E6502B3870741FD
:10D020003305AE0213D70E0133036F0233056500DB
:10D030003307A700330EEE03637667003705010060
:10D04000330EAE00370801001308F8FF135507012F
:10D050003377070113170701B3FE0E013305C5012E
:10D060003307D70163F2A712B307F6001383F8FF63
:10D070001388070063E4C71C63E8A7246386A72618
:10D080009308030093E818006FF05FD513071000B2
:10D09000E39C07C29389E941B3973801B337F000A5
:10D0A000B3193401B3E73701B3D8E800B3E8F800A7
:10D0B00093F778003354E4006380070293F7F80095
:10D0C00013074000638AE70093874800B3B817014D
:10D0D000330414019388070093158400930710000C
:10D0E0001306000013070000E3CC05BE6F004013D9
:10D0F000E378FBE8B30EBB0033BF6E01B30FCF0084
:10D100003307F701138B0E00930FF4FF6374E608E7
:10D1100063621715638EE81213840F006FF05FE6E9
:10D12000E3621BD713571B001393FA0193D71A001E
:10D130003363E300131BFB016FF0DFD513850B0096
:10D14000EF10D025930655011307C0019307050280
:10D15000E356D7B4130585FF930800003394AB0062
:10D160006FF09FB5EF109023930655019307C00110
:10D1700013070502E3DAD7BE930785FFB31AF4005D
:10D18000130B00006FF01FC0E39EA7EEE30807C477
:10D190006FF09FEDE312E6F8E30C0FF613840F0037
:10D1A0006FF01FDEE374F7D79388E8FF3307C700FB
:10D1B0006FF01FD6E3F217D31304E4FFB387C70061
:10D1C0006FF0DFD11306F001E356E6EC130610FE14
:10D1D000B307F64013060002B357F4006308C70014
:10D1E0009389E943B3193401B3E83801B338100126
:10D1F000B3E8F80013F7780013060000630807028D
:10D2000093F7F8001307400013040000638AE70057
:10D2100093874800B3B8170133341001938807008F
:10D22000131694001317D4011356C60093D8380070
:10D2300033E7E800930700006FF09FAA930803000C
:10D24000E312A8E4E30CB7B893E818006FF01FB935
:10D25000E3F4FEECB38ED50133BFBE00330FCF0035
:10D260001304E4FF138B0E003307E7016FF05FD167
:10D27000130720C09387F93F9308F0FFE3C8E9E064
:10D2800013874800B33817013304140193080700CB
:10D290006FF0DFB513F7F80013064000E308C7B4DA
:10D2A0006FF01FFE930E07006FF0DFD593880E001E
:10D2B0006FF09FD1930609009307F07F13060000DB
:10D2C000130700006FF0DFA1139315003338B3008C
:10D2D0003308C800338807019388E8FF93050300EB
:10D2E000E302A8F66FF01FDAE3E0E5FE930803001F
:10D2F000E31CB7F46FF09FAE13D74501B7071000DA
:10D300009387F7FF13D846011377F77F1303F07F56
:10D3100033FEB70093080500B3F7D70093D5F501A6
:10D320001378F87F93D6F60113051000630C67009D
:10D3300063086800631407016306FE02678000004B
:10D3400067800000E31CE8FEB367FE00B3E7C70098
:10D35000B3E71701E39407FEB385D5403335B0003A
:10D3600067800000E39CC8FC638AD500E31807FCD3
:10D37000336E1E013335C0016780000013050000C5
:10D380006780000093D84501B70710009387F7FF27
:10D3900013D7460193F8F87F130EF07F33F3B700ED
:10D3A00013080500930E0500B3F7D70093D5F501D8
:10D3B000130F06001375F77F93D6F6016388C8052F
:10D3C0006304C503639A0806336803016310050606
:10D3D00033E6C700630C06086312080A1305100041
:10D3E000638206086780000033E6C70063140608FE
:10D3F0006396080033630301E30203FE6380D506EE
:10D400006392050613051000678000003363030173
:10D4100063120306E31615FFB3E7C700639C070416
:10D42000E390D5FE1305000067800000E30808FACA
:10D43000E398D5FC6F008002E30405FCE392D5FC81
:10D44000E34015FD63CCA800E3EC67FA6318F30032
:10D45000E368DFFB13050000E3F6EEF913051000A7
:10D46000E39205F81305F0FF67800000E31A08F85F
:10D47000678000001305E0FF67800000E386D5FCAD
:10D480006FF01FF893D84501B70710009387F7FF97
:10D4900013D7460193F8F87F1303F07F33FEB700EC
:10D4A00013080500930E0500B3F7D70093D5F501D7
:10D4B000130F06001375F77F93D6F601638A68048D
:10D4C000630465026398080633680E01631E05084D
:10D4D00033E6C7006304060A6316080A1305100042
:10D4E000638006086780000033E6C700130520004C
:10D4F000E31A06FE63960800336E0E01E3000EFE8B
:10D50000638CD504639E050413051000678000003A
:10D51000336E0E0163100E06E31615FFB3E7C70066
:10D5200013052000E39007FCE39ED5FC13050000E3
:10D5300067800000E30805FCE396D5FCE34415FD95
:10D5400063CCA800E3E0C7FD6318FE00E36CDFFBDB
:10D5500013050000E3F8EEF913051000E39405F855
:10D560001305F0FF67800000E30A08F6E39CD5F896
:10D570006FF09FFE1305200067800000E31408F899
:10D5800067800000E380D5FC6FF0DFF7130101FD39
:10D5900093D74501232481022322910223202103D2
:10D5A000232E3101232A51019394C5002326110211
:10D5B000232C4101232861012326710123248101A9
:10D5C00093F7F77F13040500930A0600938906007A
:10D5D00093D4C40013D9F501638407421307F07F85
:10D5E0006386E70A939634001357D5013367D70053
:10D5F000B7068000B364D700131A3500138C17C028
:10D60000130B0000930B000093D749011397C90037
:10D6100093F7F77F138F0A001354C70093D9F901CA
:10D620006380070A1307F07F638EE7141317340033
:10D6300093D5DA01B3E5E500938717C0370780007B
:10D6400033E4E500139F3A00B38887011303000019
:10D650001307A00013851800634C670BB34539010D
:10D66000930720001388050063C66715130BFBFFA3
:10D670001307100063606717630AF33C9304040008
:10D68000130A0F00930B03006F00C00933EAA400D4
:10D6900063180A3C93D749011397C90093F7F77FA2
:10D6A00093040000130B8000130CF07F930B2000F9
:10D6B000138F0A001354C70093D9F901E39407F6B6
:10D6C000B36754016382073C6300044A13050400F6
:10D6D000EF10C04C93080500130755FF9307D001C6
:10D6E000138F88FFB387E740B3D7FA003317E401FD
:10D6F00033E4E700339FEA01B3081C419388D8C0A4
:10D700001307A0001303000013851800E35867F502
:10D710009305090093072000638AFB3293073000CA
:10D72000638CFB489307100013880500639AFB463F
:10D730009307000093060000130700008320C10236
:10D740000324810293974701B3E7D7009316F801AA
:10D75000B3E7D70083244102032901028329C101D1
:10D76000032A8101832A4101032B0101832BC1007C
:10D77000032C8100130507009385070013010103A3
:10D7800067800000336754019308FC7F630A073009
:10D79000371700003348390113070780136B3B002C
:10D7A0009306A000930508003305EC0063C06639BA
:10D7B0001303300013061000331666011377065367
:10D7C000E31A07F4937706246394073C13768608DC
:10D7D0006312062EB70F0100938EFFFFB377DA01B5
:10D7E00093560A01B37EDF01135E0F013387D7031F
:10D7F0003383D603935507013306FE0233066600D2
:10D80000B385C500338FC60363F46500330FFF0192
:10D81000B70301001386F3FF33F3C500935F0401E0
:10D820003377C7003374C40013130301B382870234
:10D830003303E30093D505013387860213D6020133
:10D84000B387FF02B387E7003306F600B387F6031A
:10D850006374E600B3877700370901009309F9FF85
:10D860003377360193D30401B3F63401B3F23201B6
:10D8700013170701B384DE0233075700135606015E
:10D880003306F600B385E500B302DE0293D7040148
:10D89000B38ED303B382D201B3875700330E7E0217
:10D8A00063F4D701330E2E01B7090100938EF9FFFF
:10D8B000B3F2D70193D70701B387C701B3FED401F1
:10D8C000939202013309D402B382D20133848302DA
:10D8D000135E0901B386DF02B3868600330EDE00D5
:10D8E000B38E7F0263748E00B38E3E01B70F0100CA
:10D8F000938FFFFFB376FE01939606013379F9010A
:10D90000B385E501B38626013386C60033B7E5004B
:10D910003307E600338F5500B307F700B335BF0078
:10D92000B385B700B336D6003336C700B3E6C600BA
:10D9300033B7E700135E0E01B3B7F500B386C60137
:10D940003367F70093179F003307D700B3E76700EB
:10D950003307D701B337F00013567F011317970031
:10D9600093D67501B3E7C7009395950033EAB700E6
:10D9700093177700B364D70063D0070213571A00D8
:10D9800093771A009396F401B367F70033EAD70050
:10D9900093D41400930805001386F83F6356C01211
:10D9A00093777A00638007029377FA0013074000A9
:10D9B000638AE70013074A00B3374701B384F400D2
:10D9C000130A07009397740063DA0700B70700FF94
:10D9D0009387F7FFB3F4F400138608409307E07FC2
:10D9E00063C4C71C93573A001397D40193969400CD
:10D9F0003367F70093D6C6009377F67F6FF01FD496
:10DA000033EAA40063080A06638E04121385040037
:10DA1000EF10C01813060500930655FF1307D00139
:10DA2000930786FF3307D7403357E400B396F400DB
:10DA3000B364D700331AF4009307D0C0338CC740C7
:10DA4000130B0000930B00006FF01FBC1388050040
:10DA50009307F07F93060000130700006FF01FCEBE
:10DA6000130A0500130BC000130CF07F930B30005A
:10DA70006FF09FB993040000130B4000130C0000DB
:10DA8000930B10006FF05FB8136B1B0093080C0032
:10DA900013040000130F0000130310006FF05FBBAE
:10DAA000136B2B0013040000130F0000130320005E
:10DAB0006FF01FBA93040400130A0F00930B0300C6
:10DAC000938509006FF01FC513071000631006103F
:10DAD0009388E84133161A013336C000B398140115
:10DAE000B357EA00336616013366F6009377760083
:10DAF000B3D5E400638007029377F6001307400074
:10DB0000638AE7009307460033B6C700B385C500B4
:10DB100013860700139585009307100093060000F5
:10DB200013070000E34C05C06F00C0101307F0009E
:10DB30006310EB1213080000B7060800130700007B
:10DB40006FF0DFBFEF108005930655019307C0010A
:10DB500013060502E3D4D7EC130585FF130A000072
:10DB6000B314A4006FF05FED13850A00EF100003FB
:10DB7000130755019307C00193080502E3D0E7B6E8
:10DB8000130585FF130F00003394AA006FF0DFB672
:10DB9000130800009307F07FB70608006FF01FBA64
:10DBA000930805006FF05FDF9307F07F9306000096
:10DBB000130700006FF09FB8130800009307F07F71
:10DBC000B7060800130700006FF05FB73307C740C0
:10DBD00093078003E3CEE7B49307F001E3DAE7EEBF
:10DBE000930710FEB387C74093060002B3D7F40033
:10DBF0006308D7009388E843B3981401336A1A0185
:10DC0000333640013366F600137776009306000042
:10DC1000630807029377F60013074000930500009E
:10DC2000638AE7009307460033B6C700B335C000E8
:10DC300013860700939695001397D50193D6C600D7
:10DC4000135636003367E600930700006FF01FAFEE
:10DC500093040400138A0A00930B30009385090093
:10DC60006FF05FABB70710009387F7FF130101FE5A
:10DC7000B3F8B70033F8D70093D74601939838002C
:10DC8000232C81002326310113D4F50193D94501BA
:10DC90001357D501131838009355D601232E1100C0
:10DCA000232A91002328210113FFF77F1303F07F1C
:10DCB0003367170193F9F97F130E040093183500A9
:10DCC00093D6F601B3E50501931E3600630C6F2071
:10DCD00093C61600B387E9416302D416E35AF000F5
:10DCE000630A0F246384693C9306800313051000C4
:10DCF00063CEF602B7068000B3E5D5009306F001C7
:10DD000063C4F64E93060002B386F6403395D50001
:10DD100033D6FE00B396DE003365C500B336D000BF
:10DD2000B3D7F5003365D5003307F7403385A840F6
:10DD300033B6A800930405003309C7409317890040
:10DD400063D80734B70780009387F7FF3379F9006A
:10DD50006306092E13050900EF005064930785FF41
:10DD6000930600023387F64033D7E4003319F900F5
:10DD700033672701B394F40063C4373FB387374157
:10DD800093871700B386F6403396D40033D9F40056
:10DD90003336C0003366C900B316D700B3E4C600FB
:10DDA0003359F7009309000093F77400638007026A
:10DDB00093F7F40013074000638AE7009387440059
:10DDC00033B597003309A90093840700931789009E
:10DDD00063D0076C938719001307F07F6386E724ED
:10DDE000370780FF1307F7FF3377E90093F7F77FD3
:10DDF0001318D70113D53400131797003368A80000
:10DE00001357C700137E14008320C101032481012E
:10DE100093974701B3E7E7001317FE01B3E7E70065
:10DE200083244101032901018329C100130508004E
:10DE30009385070013010102678000006352F070B0
:10DE400063160F1CB3E6D501638E06269386F7FF93
:10DE500063880646638C67249307800313091000C8
:10DE600063CCD702938706009306F00163CAF64895
:10DE700093060002B386F6403399D50033D6FE00F0
:10DE8000B396DE003369C900B336D000B3D7F500CE
:10DE90003369D9003307F7003306190133392601F6
:10DEA000930406003309E9009317890063D2071E23
:10DEB000938919009307F07F6388F916B70780FFED
:10DEC0009387F7FF13F51400B377F90013D7140005
:10DED0003367A7001395F701B364E50013D9170062
:10DEE0006FF09FEC33E8D5011383198063080806AF
:10DEF000630AD4066304030E638E092613153600E5
:10DF00001355350013840600138705001318D70135
:10DF10003368A800135737003367070163060710FB
:10DF2000130E00009307F07F370708001308000066
:10DF30006FF09FEDB3E6D501638606189386F7FF71
:10DF40006382063A63846716930780031305100003
:10DF5000E3CED7DC938706006FF05FDA93C6160036
:10DF6000E31AD4F8630803186390092C9307F07F31
:10DF7000B3661701638806489386F7FF6382063409
:10DF80001305F07F6382A72A93078003130910000B
:10DF900063CAD7029307F00163C6D74C9307000208
:10DFA000B387D7403319F70033D6D800B397F800BA
:10DFB0003369C900B337F000B356D7003369F900AD
:10DFC000B385D5003307D9013339270193040700FE
:10DFD0003309B90093090F006FF01FED9387190003
:10DFE00093F7E77F6394071433E8D501B36717010C
:10DFF0006394092A638E07386310083C13153500B3
:10E0000013593500930700006F0040116380690ABF
:10E010009306800313091000E3C0F6E8B7068000FA
:10E02000B3E5D5006FF05FE4137E14009307F07F33
:10E0300013070000130800006FF01FDD13850400B4
:10E04000EF00D035930785019306F001E3DAF6D0AF
:10E05000130785FF3397E40063CE371BB38937413D
:10E060009387190063DEF642938919FE9306000236
:10E07000B3543701638CD70093060004B387F6408E
:10E080003317F7003337E000B3E4E40093090000EE
:10E0900093F77400E39E07D09387090013D53400EB
:10E0A000130709006F008002E31C08E61315350012
:10E0B0001318D701135535003368A80013573700DC
:10E0C0006FF09FE513153500135535001318D70170
:10E0D0009306F07F3368A80013573700E38ED7E22A
:10E0E0001317C7001357C70093F7F77F137E140069
:10E0F0006FF09FD19386190093F7E67F639E071216
:10E10000B3671701639A092463860730B3E7D50123
:10E11000639A073013153500135935001318D701CA
:10E1200033682801135737006FF09FFB3388D841BD
:10E13000B3B708013309B7403309F9409317890091
:10E140009304080063C2071233682801E31208C071
:10E15000130E000093070000130700006FF0DFCAE2
:10E16000370980FF1309F9FFB389F9403379270193
:10E170006FF09FC39307F07F3365170163040510A9
:10E180001388F7FF6302081E1305F07FE388A7D604
:10E1900093078003138406001305100063CA070366
:10E1A0009307F00163C4071993070002B38707417F
:10E1B0003315F700B3D60801B397F8003365D500DF
:10E1C000B337F000335807013365F500B3850541D7
:10E1D0003385AE4033B7AE00930405003389E54084
:10E1E00093090F006FF09FB5938607FE1306000298
:10E1F000B3D6D500638AC70013060004B307F64000
:10E20000B397F500B3EEFE003335D0013365D5008A
:10E210006FF0DFB1B70680FF9386F6FFB387F94052
:10E220003377D7006FF09FEF131536001355350085
:10E23000138705006FF09FCD9307F07FE386F6DE2E
:10E24000B38ED80133B61E01B307B700B387C7003A
:10E250001395F70193DE1E00B364D50113D917009F
:10E26000938906006FF05FB433861E41B387E540A3
:10E2700033B7CE00930406003389E74013840600C9
:10E280006FF01FAD131636001355360013840600C9
:10E29000138705006FF09FE3E39807E06306082209
:10E2A00013D73500131636009395D5013367B700A1
:10E2B000135636003367C700138406006FF01FC67D
:10E2C000B38ED801B305B70033B61E013389C5003C
:10E2D0009317890093840E0063D8070A93092000DE
:10E2E0006FF0DFBDB38ED841B305B74033B6D80168
:10E2F00093840E003389C540930910006FF01FA46A
:10E30000938607FE13060002B3D6D500638AC700C2
:10E3100013060004B307F640B397F500B3EEFE0012
:10E320003339D0013369D9006FF01FB7930708FE66
:10E3300093060002B357F700630AD800930600045F
:10E34000B38606413317D700B3E8E8003335100130
:10E350003365F5006FF0DFE7E38807ECB3EED50136
:10E36000E3900EBC6FF09FD433861E41B385E54029
:10E3700033B7CE00930406003389E54013840600CA
:10E38000930910006FF09F9B930710006FF01FD14F
:10E39000E30008DC13163600935736001398D501B6
:10E3A000139795003368F8001357C700138E0600C3
:10E3B000930700006FF05FA53389D841B3B72801F8
:10E3C0003306B7403306F6409317860063D2070E34
:10E3D00033861E413387E540B3BECE003307D741B5
:10E3E000931787009304060063DE0712B70780FFC8
:10E3F0009387F7FF3377F700138406009307100025
:10E400006FF01F9F13163600135536001387050053
:10E410006FF0DFCB13163600135936001387050053
:10E420006FF0DFCFB386D801B307B70033B616015C
:10E43000B387C7001397870013D83600635E0708B9
:10E44000370780FF1307F7FFB3F7E7001397D701EC
:10E45000939797003368070113D7C70093071000FD
:10E460006FF09F9A938706FE13060002B357F700DA
:10E47000638AC60013060004B306D6403317D700DC
:10E48000B3E8E800333910013369F9006FF09FB346
:10E4900013D5340093870900130709006FF01FC3D9
:10E4A00093060002B386F640130600006FF09F8EBD
:10E4B0003368C900E30E08C81359390093070000F8
:10E4C000130706006FF09FC5130E00009307F07F3F
:10E4D000370708006FF05F931397D7019397970062
:10E4E0003368070113D7C700930700006FF0DF916F
:10E4F000E38607AE33083F4193070800E38E09C661
:10E500009307800363CA0701B70780003367F700EA
:10E51000138406006FF0DFC8138406001305100093
:10E520006FF01FCB1318D701135636003368C8009D
:10E530001357370093070000138406006FF05FBA8B
:10E54000E38A07BAB3063F41639609009387060042
:10E550006FF01FA29307800313091000E3C4D7A62E
:10E56000B70780003367F7006FF0DFA213D74501CC
:10E57000B70710009387F7FF1347F7FF13D846013B
:10E58000B3F5B700B3F7D700931657011378F87FA8
:10E59000638006021307F07F130500006304E800A0
:10E5A00067800000B3E7C7003335F00067800000E4
:10E5B000B3E5A50013051000E38E05FC678000009D
:10E5C00093D74501B70610001387F6FF93F7F77F3F
:10E5D0001306E03F3377B70093D5F501635EF6008D
:10E5E0001306D041635EF600370500801305F5FF82
:10E5F0003385A500678000001305000067800000D8
:10E60000130630433306F6401308F0013367D70092
:10E610006350C80293063041B387F6403357F70082
:10E620003305E040E39C05FC13050700678000000C
:10E630009387D7BE3317F7003355C5003367A7005C
:10E640006FF01FFE130101FF232611002324810018
:10E6500023229100630A05041357F541B344A70030
:10E66000B384E440930705001385040013D4F70135
:10E67000EF00C0529307E041B387A7401307A00003
:10E6800093F7F77F6340A7061307B0003307A7404F
:10E6900033D7E400130555011317C700B394A40042
:10E6A0001357C7006F0040011304000093070000D8
:10E6B0001307000093040000939747011314F4011B
:10E6C000B3E7E7008320C100B3E78700032481009C
:10E6D0001385040093850700832441001301010181
:10E6E00067800000130555FF3397A4001317C70078
:10E6F0001357C700930400006FF01FFC130101FFC4
:10E70000232481002326110013040500630C050453
:10E71000EF00C0489307E041B387A7401307A0006C
:10E7200093F7F77F6344A7061307B0003307A740AA
:10E73000130555013357E4003314A4008320C100AE
:10E74000130504001317C700032481001357C700E3
:10E7500093974701B3E7E700938507001301010191
:10E76000678000008320C1001305040093070000A8
:10E77000032481001307000093974701B3E7E700E4
:10E78000938507001301010167800000130555FF01
:10E790003317A400130400008320C10013050400F4
:10E7A0001317C700032481001357C700939747012D
:10E7B000B3E7E700938507001301010167800000BC
:10E7C0008325C5008327850003280500832645008F
:10E7D00013960501130101FE139715001356060148
:10E7E0002324F1002326B100232CF1002320010172
:10E7F0002322D10023280101232AD100232EC10086
:10E800001357170193D5F501930801019307C1012F
:10E810001315360003A6C7FF9387C7FF9356D6018B
:10E82000B3E6A60023A2D700E394F8FE93061700F0
:10E8300013183800139616012328010113562601D8
:10E8400063020604B7C6FFFF938606403307D7006E
:10E850009306E07F63D4E6109307F07F1306000071
:10E8600093060000939747019395F501B3E7C7001E
:10E87000B3E7B70013850600938507001301010273
:10E880006780000003264101832881010325C1011F
:10E89000B3661601B3E6A600B3E6060163140704E7
:10E8A00063820614930650001306000093D73600C7
:10E8B0009316D601B3E6F600131696009377F77F0A
:10E8C0001356C600939747019395F501B3E7C70028
:10E8D000B3E7B70013850600938507001301010213
:10E8E000678000006384061293D7C80113154500A2
:10E8F000B3E7A700B7068000B3F6D7006382061C13
:10E90000370780FF9356C601939848001307F7FF17
:10E9100033F6E700B3E61601B70740003366F600AA
:10E9200093F686FF9307000013D736009316D6019F
:10E93000131696001356C600939747019395F50159
:10E94000B3E7C700B3E6E600B3E7B70013850600F8
:10E95000938507001301010267800000635CE00CEF
:10E9600083274101032581010326C10193964700B6
:10E97000B3E6060193D7C7011318450013164600E6
:10E980001355C501B336D000B3E707013366A600BF
:10E99000B3E6F60093F776006380070293F7F6007C
:10E9A00013054000638AA70093874600B3B6D700DB
:10E9B0003306D60093860700B7078000B377F600CA
:10E9C000E38607EE130717009307F07FE306F7E8E7
:10E9D000B70780FF9387F7FF3376F6009377F77FCB
:10E9E0006FF09FF493070000130600009397470110
:10E9F0009395F501B3E7C700B3E7B70013850600A9
:10EA00009385070013010102678000009307F07FE0
:10EA100013060000939747019395F501B3E7C700EC
:10EA2000B3E7B700138506009385070013010102C1
:10EA3000678000009306C0FC634CD7089306D003A0
:10EA4000B386E6400327C10113DE5640B70E080027
:10EA5000B3EEEE0013152E00232ED10193F6F6012E
:10EA60003388A8001386080013070000032306005C
:10EA70001306460033676700E31AC8FE130630002A
:10EA80003306C641639A06040328080093861600DD
:10EA90009387470023AE07FF634ED6003388A70055
:10EAA00003280800938616009387470023AE07FFCC
:10EAB000E356D6FE93074000B387C7416F00400876
:10EAC000930500009307F07F370608006FF09FD989
:10EAD000130700006FF01FDD13080502330828003C
:10EAE000032808FF130F0002330FDF403318E8013B
:10EAF00033670701630E060813182600B30FF800EA
:10EB00003386A800032506000323460093874700A9
:10EB10003355D5003313E3013365650023AEA7FEFB
:10EB200013064600E390FFFE93074000B387C741FA
:10EB30001306080233062600B3DEDE002328D6FFC4
:10EB400093064000B386F6409396260093972700DD
:10EB500013068000B388F80063EAC60023A008000B
:10EB600023A20800938686FF9388880093074000BD
:10EB700063E4F60023A00800832701013337E00097
:10EB800003264101B366F700130700006FF09FE012
:10EB900093071000130800006FF09FF9B7070100FA
:10EBA000637AF50213370510133717001317370070
:10EBB000B70702803355E5009387C70CB387A700DA
:10EBC00003C5070093060002B386E6403385A640DE
:10EBD00067800000B70700016374F50213070001A6
:10EBE000B70702803355E5009387C70CB387A700AA
:10EBF00003C50700930600013385A6406780000027
:10EC000013078001B70702803355E5009387C70CCF
:10EC1000B387A70003C50700930680003385A6408D
:04EC20006780000009
:10EC2800696C6C6567616C20696E73747275637466
:10EC3800696F6E20657863657074696F6E206861AE
:10EC48006E646C657220656E74657265640A006531
:10EC580063616C6C20657863657074696F6E206899
:10EC6800616E646C657220656E74657265640A0015
:10EC780065627265616B20657863657074696F6E33
:10EC88002068616E646C657220656E746572656477
:10EC98000A00756E6B6E6F776E20657863657074A9
:10ECA800696F6E2068616E646C657220656E74654C
:10ECB8007265640A006E6F20657863657074696FA9
:10ECC8006E2068616E646C657220696E7374616C25
:10ECD8006C65640A00000000556E696D706C656DA6
:10ECE800656E7465642073797374656D2063616CF7
:10ECF8006C2063616C6C6564210A0000041AFFFFD4
:10ED0800041AFFFFD419FFFFD419FFFFD419FFFF1E
:10ED1800D419FFFFD419FFFFD419FFFF041AFFFF0E
:10ED2800F419FFFFD419FFFFD419FFFFD419FFFF0F
:10ED3800D419FFFFF419FFFFF419FFFFCC1AFFFFE6
:10ED4800D419FFFFD419FFFFD419FFFFD419FFFF0F
:10ED5800D419FFFFD419FFFFD419FFFFD419FFFFFF
:10ED6800D419FFFFD419FFFFD419FFFFD419FFFFEF
:10ED7800D419FFFFD419FFFF041AFFFF7C1AFFFF05
:10ED8800D419FFFFD419FFFFD419FFFFD419FFFFCF
:10ED9800D419FFFFD419FFFFD419FFFFD419FFFFBF
:10EDA800D419FFFFD419FFFFD419FFFFD419FFFFAF
:10EDB800B01AFFFFD419FFFFD419FFFFD419FFFFC2
:10EDC800D419FFFFD419FFFFD419FFFFD419FFFF8F
:10EDD800D419FFFFD419FFFFD419FFFFD419FFFF7F
:10EDE800D419FFFFD419FFFFD419FFFFD419FFFF6F
:10EDF800D419FFFFD419FFFFD419FFFFD419FFFF5F
:10EE0800D419FFFFD419FFFFD419FFFFD419FFFF4E
:10EE1800D419FFFFD419FFFFD419FFFFD419FFFF3E
:10EE2800D419FFFFD419FFFFD419FFFFD419FFFF2E
:10EE3800D419FFFFD419FFFFD419FFFFD419FFFF1E
:10EE4800C01AFFFFAC18FFFF5019FFFF5C19FFFF46
:10EE58008C18FFFF8C18FFFF8C18FFFF8C18FFFF22
:10EE68008C18FFFF8C18FFFFBC18FFFF8C18FFFFE2
:10EE78008C18FFFF8C18FFFF8C18FFFF3419FFFF59
:10EE8800BC18FFFF457870656374656420203D20D9
:10EE980025640A00507265646963746564203D20C6
:10EEA80025640A00526573756C74203A2025642F16
:10EEB800310A000063726564656E63653A202564F3
:10EEC8000A000000656E763030303300696D616786
:10EED800652025733A20256420696E737472756302
:10EEE80074696F6E730A0000696D61676520257328
:10EEF8003A202564206379636C65730A000000007A
:10EF08006663325F6F7574707574203D2000000071
:10EF180025642000800000008000000080000000C0
:10EF280080000000800000008000000080000000D9
:10EF380080000000800000008000000080000000C9
:10EF480080000000800000008000000080000000B9
:10EF5800800000000D08FAFDF6F60105FC01FB072C
:10EF6800FEFEFAF206F6F9EBE0DAD8D8D6F1090295
:10EF7800112A2533D3C6C3D2F9FFFAF723282F2441
:10EF8800100A110BDFF10625DFEF0D2CE1F11D1C36
:10EF9800E2F2051AF3000A0BE4EB1815E502170C68
:10EFA80000F90DFDFB01162000FEF30201EEDAE385
:10EFB800030E1900F7E1EA19F1E8F924E8E4062B51
:10EFC800EEEF0A202517FFFEFCF0FFFBEBFDF51323
:10EFD800F1FE0C1D1024FCD5341423F82C1D0EFB57
:10EFE800140A2006C8031B1BE4191B15171C27F558
:10EFF8001610E7C50114231CEDF0161BDFD6E5FB40
:10F0080001F2F7F308E4F51C1AF4D2041906F40126
:10F01800FD1401FA111125361D1A1121F9F4F20314
:10F02800D0D0CDDFFCFBEBEB19FFE0BF130D05DA09
:10F038001636310F081D3534DED3F332E2E2CCFD4B
:10F04800FCF5E6E4FFEFF4F010F7FE030C0CF9FF13
:10F0580015FCF6F38000000080000000800000002E
:10F068008000000080000000800000008000000098
:10F078008000000080000000800000008000000088
:10F088008000000080000000800000008000000078
:10F098008000000080000000800000008000000068
:10F0A8008000000080000000800000008000000058
:10F0B8008000000080000000800000008000000048
:10F0C8008000000080000000800000008000000038
:10F0D8008000000080000000800000008000000028
:10F0E8008000000080000000800000008000000018
:10F0F8008000000080000000800000008000000008
:10F1080080000000800000008000000080000000F7
:10F1180080000000800000008000000080000000E7
:10F1280080000000800000008000000080000000D7
:10F1380080000000800000008000000080000000C7
:10F1480080000000800000008000000080000000B7
:10F1580080000000800000008000000080000000A7
:10F168008000000080000000800000008000000097
:10F178008000000080000000800000008000000087
:10F188008000000080000000800000008000000077
:10F198008000000080000000800000008000000067
:10F1A8008000000080000000800000008000000057
:10F1B8008000000080000000800000008000000047
:10F1C8008000000080000000800000008000000037
:10F1D8008000000080000000800000008000000027
:10F1E8008000000080000000800000008000000017
:10F1F8008000000080000000800000008000000007
:10F2080080000000800000008000000080000000F6
:10F2180080000000800000008000000080000000E6
:10F2280080000000800000008000000080000000D6
:10F2380080000000800000008000000080000000C6
:10F2480080000000800000008000000080000000B6
:10F2580080000000800000008000000080000000A6
:10F268008000000080000000800000008000000096
:10F278008000000080000000800000008000000086
:10F288008000000080000000800000008000000076
:10F298008000000080000000800000008000000066
:10F2A8008000000080000000800000008000000056
:10F2B8008000000080000000800000008000000046
:10F2C8008000000080000000800000008000000036
:10F2D8008000000080000000800000008000000026
:10F2E8008000000080000000800000008000000016
:10F2F8008000000080000000800000008000000006
:10F308008000000080000000800000000004000071
:10F3180000040000000400000004000000040000D5
:10F3280000040000000400000004000000040000C5
:10F3380000040000C9FBFAE4E6DA1EE3FBE4E72C6C
:10F34800F8EDF9E9F21DF61C1E21DAD9DC10F2ED10
:10F35800E7F4FD3A06FBD5291BFCE92C1CDFFE036C
:10F3680028E9F92E26EBEDD8F7EFEBF322F9FCD6D6
:10F378002F24F6E2EBE61CE23201143C2C2AF6FBC1
:10F388001EFCF8F8FADD28ECECE912E00CEDF82C9C
:10F39800E812DF2725E91BD9021F0EE231DED0E78C
:10F3A800ECFD26F027E300FB07E5061427F3F6FD3E
:10F3B800DBD7F8DFF8FDFCF902210AE72EF3F5DCCC
:10F3C800E3F3E4FF05F6F5EDDDE60E34E204EBDDEC
:10F3D800DDF028EEE12427F92DFA20FB02EDE5E621
:10F3E80029233AE722DA06ECF6EF3004FA1FE1F8AF
:10F3F80004DD3431EAFBEDE1F1F8D3EB25DB012A3A
:10F40800E6D0EFF5EBE4F0EE1316093507181DD733
:10F41800F3E5F1EEE7EDEFF2DA1CFA3521E5DB165C
:10F4280022D10BF8F4DB2EEC25E0E315E826321A9E
:10F43800E836EDE4F2CA18F3E5EF01E5F316291F03
:10F44800EBD92A2B0DECEB19E52FF1DAF0E7FE37B3
:10F45800FCEBF5EC13F1293635EF2A32FAF9EE35E3
:10F46800E7273032DFDB0027D5EF03162CFEE4E573
:10F4780030F408271B1DCCCD391EDEE8070207072C
:10F48800E5FD2D13142021F32CF3EEF5E92FF7E415
:10F4980007CFCEC1FF32F014F70102F238E40AD5E3
:10F4A80004FDE52D19D63716D721DFEC20F5D4E673
:10F4B8002831D4E2282F14E4F41D31E0D130D1F3FF
:10F4C800D0C7E42BFB11F92A27D81BDFEDF4E5EAB6
:10F4D80017E72AFFE811FA31E90124FFF81FDAF0EB
:10F4E800FCE6E836D9ED2522CC1BFF2D23E4D923F1
:10F4F80005ED08FC0CE4F9E81DFDD90D32F2E1E454
:10F508003AE92F03E2F82EF81422D81D362CD4E35A
:10F51800E2D9F8F8E5E3EDEF37CEE63728E2E6E79B
:10F528002306ECF8E4F3D42F282FF0F7E7ECD639CC
:10F53800FBDDE4F0FE2201EB1CE9F7CBFDDBFB0B66
:10F54800393310002EE3DDE6EEE314EE0BFDFFFA8F
:10F55800EB06E5F6DBE6DE1BD629EB0F2BEBE832F4
:10F5680027D9E5FDEE39DD302431EFCFF32EED322A
:10F578002027DB1DDC39EB2EFB2B17E1FB1E0B15BF
:10F58800ED22E5F9ECEFE4EEFAF2ECDF2EF1E4F629
:10F59800ED2FF0E7FC33E3F6CEE4191BDBFBF8DED6
:10F5A800EFF6E0FDFE2E1D00EAFEFFD125F6E1F0A4
:10F5B80016C9CFE00F2DE70740F237EBDDE9DC2372
:10F5C800FEFC312CE2E53034F8ED2721F336CDE5A9
:10F5D800092AFDE11BD5F0E539FCDBF634FBE4E74D
:10F5E8001C09FA2906FE302303EF1C26EEDEF7DAA3
:10F5F8001DF0E2FDEA04CF26F1F8CB24EA06DBF79A
:10F60800EB1F37E4D62D11F027DD29E70BFA32E39B
:10F618001B361ACE2422FDD421F0252FFC2EFBF315
:10F628001D2925F5FAFE23E7281C04FDE205F2F260
:10F63800E713C8EE01D420CC2E1DD8F8D33BF3191C
:10F648003524E93715D3ED0ED11FF4F4030DE8FA8C
:10F65800010E2128E02AF5ECFF1B272AF415F725CF
:10F66800E4E5EDF60C0EDB1800F6D6CD2D1DD0FE28
:10F678002FFEE1EE14331DD409E0F9FB00D624F186
:10F6880022F4212217DAFEE426EAED2E293414FDAD
:10F698002EE6EBEA22EA2110EDE306E3DF25E21984
:10F6A800FB360406F5D516E214CFD4D405E2F43BB4
:10F6B800E001E5F30510DFDBD7FAD7E938E61415E2
:10F6C800E5FAE30CE3EFE7EEEF18EDE5D8DF18E530
:10F6D800E7E3FC2EF4E401F1EA1922272A15EC28C5
:10F6E800D939F0FDEE21E9F91E0AE1D805ECEC372D
:10F6F80006F800DEF22EEAE7F701EC232FEFED38EB
:10F708002FDAF0F4D7F02913D12F0B3BF2EE01E0FA
:10F718000B00F22C17F126D221E6F2DFE6F4CF2314
:10F72800F0E8D9222D4B27EC18F1F5F0F81832E55E
:10F738000DEBFCE5E0DE06E9F8ED3AE130E5EFD661
:10F7480036CFFFD125E6E3EDE803FCDBF6E7271B20
:10F758002736ED31DEE2102ADEDC2220F24435F6CF
:10F76800EFE72500E0E000F5EBCE3139040D03F3B7
:10F77800D8DD15D829D9EDD4EE06F501EA1FEADB64
:10F7880021F4F82907F12BDDE2221E2235252FFB73
:10F79800FDF6D92EEFCEFB10F41CE1F8EAFAD8ED0D
:10F7A800ECE3F61FE5110D31F0D2EEFCD1290C0D7A
:10F7B800E12E3D091BF318E51FCFEBFCE03121F8E2
:10F7C800F23128D9EBE326FD13E623DCE9F4FCE269
:10F7D800FF20F3D9EC26E725EB22E6F533DEF2ED40
:10F7E800FF2C342CC7E028EC3212E832212F29E50F
:10F7F800D6170400DA001032D11CF70112F71E26C2
:10F80800F1FEF71AEEED192AE72F2414D1FF35007F
:10F81800ED1CD9FA21180F2827DEF8DFD6FCE21CE8
:10F828000ED8E3D2EB060D04DD32DF30E50FEEF83B
:10F83800F9F3271710EB142BF20CC02002F0F40D8B
:10F848002D29E0D216182A23ECD7DCE31C051D1A53
:10F858002BFA25F6E02311E2F91B041505ECE9E77C
:10F8680028253EDF463DF132E9150B26D4F0102558
:10F87800EAECD5DE35EC06D60AEB27EED1E0031C20
:10F88800D0DF1FF22AE6FC3125D5EA0912FB1CFA63
:10F89800001826131D322401F1FD22FACBDDCFCE4C
:10F8A800CF220FCF250628E337F70A211A2BEFEBD3
:10F8B8002EDC0F002914C3F4EA2C06DC0EF4F1F058
:10F8C800FCCC14261BF1223CE10B33EFF700EDD3FF
:10F8D800F73809EBDB22E5E5252F100F2BCBC8FC09
:10F8E80019FADD38ED28E2FA0BD9E41DDAEEEDE07D
:10F8F800DC0DC9CCC431241833F3F222E0E7C5D3B8
:10F90800D425251B1014D403271AF60905332B20F8
:10F918000EEA0C0BF506F7F002F40DEAFAF6070505
:10F928000A0A0B080F0CDAF507E9140B00F60AFCB3
:10F93800F608F6FDFD08F5F008090413FB0BF0FACC
:10F948000817020EF8FEFDF5FFFBF20A010300E4BA
:10F9580014010907F30213F4020E06FC0AFEF6F579
:10F968000B0203FD02FD03EAFF0AE8F7F2FB170D9D
:10F97800F1FF0FFC0BFA05FFF6EE0601F907F3FAA3
:10F98800FA0724ED17050508F20D10F9F5EF03FE47
:10F9980002FE040CF50806FD04F9FDFF1B29FF0D06
:10F9A800F315EAFC04FBFB1801E003010101FF0762
:10F9B800080114FC05F40FFD13E5F01200FFFAFA34
:10F9C80002EC04FD0DFA06FF0EFEFB0500FD1CFD12
:10F9D800FEEA03FDFE01001504F6F714FA01F3ED43
:10F9E8000BFE00FB0A0B1103D7F922F9F7FEFAFA0E
:10F9F80004DB000AFEF5FAF50AF305181917160CC8
:10FA0800F303050303FDF51102F900FCFA0C01F9F3
:10FA1800080A0C0F04DAF6FAE808E7F900FC040013
:10FA2800FFF6F9F804F40EF612FE0E061113F91992
:10FA3800ED04EDFCFC0F06F2FDFB040C0DF80005CF
:10FA4800F2FAE714E6F927F5F713F80001EF06E8EC
:10FA580003FC0101F8FC0B0FED062306F0FE12155E
:10FA680000F2010DFDED0205F4F601E4F404FC01D9
:10FA7800080A21FFE5E6AD04F7E6FB0D02EDF10308
:10FA8800FCF5FDDBFBFE01F71DFF0E05D3F9E1FEDA
:10FA9800FFF5EFFB090FFE09FE04FAF701F704FB77
:10FAA80003FAF0F4F9F11D03EEEAFFF7FDEFFFF6B4
:10FAB800090600FCFF05FB0B0DFCFB020DE711031B
:10FAC800E420F7FB08F3060CFFFBEAFCFEF402FE59
:10FAD8000A0315FA0C0810F8ED0BD6FCF5F9FE052B
:10FAE80002F909DE06FE00EF11FD12E5F5F2E6FD6A
:10FAF800291BE8070704F7EEFBF8F222FEF5080ACF
:10FB0800F7FCF703F4DE48F70CD5270405F3F5E016
:10FB1800FEEEE6F4F0EF0C01F2090215F0E32C1901
:10FB280004FF0D0FFDF6FBFC04EFFFDFE4FF05EE1D
:10FB38000706170406BE05FFE6C5EDFD01FDFADE62
:10FB480001F1F2ECFFFAFDEA130C1320CFEBF647B4
:10FB5800F62DF10CFBFC0EEA05F5F30EE80DFCECB6
:10FB6800E3E8FE12EDDA230D3E1007100C01FDD478
:10FB78000805F7F9F5FE03020308132DF3E6DD2562
:10FB8800130A0001E8F2FBD80505EDF5F509E805CB
:10FB9800FA071A17F9FC0E04190AF1EBF8FB04EA44
:10FBA8000D0802050010F1F8FEEF0F04EA0D1134FC
:10FBB800D4F501F7F6FFF8EEF71CFAF2FB04FA3C6D
:10FBC800FBF60DF5F6DDE1080600F400040A050C65
:10FBD8000A19F9DFECFEF4170E14070609F6090FE7
:10FBE8000408FA07FB1405EA01F5FDF2F5FFF10533
:10FBF80027EBEDF8FC382D1EF21F0DFD020E07EC69
:10FC08000AD80C170B09E913F3F3E11C09414AD987
:10FC18000EFD0900F503FB05FC18110B0BF50C1A7A
:10FC28000C09F41B06010FEEE1FA0CFD010D0506A7
:10FC380005010510140801200001ED23FE2018F32A
:10FC48001D0C010AF70FFF0304E401FB0BFB020B79
:10FC5800F5F9F2FDFB270CFD1A18FFFD0704090250
:10FC680001FCFDECFF05FF10020710F5FA0400EA9D
:10FC780018150200FEFFFE06FFF404120BFEFA1030
:10FC880004FF09FC070F05FB26150B0AFA0001FF04
:10FC9800FCED08E703FE0A0EEFF900FCEB01E0FAC1
:10FCA80000FC0CFB00FBFBF1FE190B1B050C1B02F7
:10FCB800F902190B09F5020BFD1F080002FEFCF3FF
:10FCC800F81EF924F80B0D0CFD18F007E700F7F7FC
:10FCD8001626FAFDFAFC0FF8F20201F6FDFE0D09F0
:10FCE800F7FE1924EBD4FD121B16F205FE0008F2EC
:10FCF800F61D060DFF06000201FAEAFCECF3BB1D37
:10FD08001312EAF8051101F9020DFCEC020203F7DF
:10FD1800130AE2040E17FFFEF80B0008091403F596
:10FD280001FF031F010FF9000D07EFD3EC18FEE8E0
:10FD3800FD0A050802FF04F6041C06E4EF03F306B7
:10FD4800FE0619DEED00E0FE05F40CF4F90BFB09E4
:10FD5800FAD90FEF0400F300FB07FEE0FEF0F7010D
:10FD680007FCFFFC0208F401FDEEF80B130403097D
:10FD7800F6EFF6F517E715D6FEFE02FDF6FFFDFDD8
:10FD880003F903ED0EF8FA15FBFBFB01F90608EB86
:10FD98000FB2F705FD02FD2006F307F20CF403127B
:10FDA80007F9EBDDF0012803D6FCF7F4020A08FB9B
:10FDB80007EE090DFEF91002FF0BE7F20F1A17F60E
:10FDC800D118E7FE07FEF72603EAFB000104071235
:10FDD80004FA0BF807F506F308F1F70406F800072C
:10FDE800FFEB03FF0902FF000B0C00F3F3FBEADD56
:10FDF8001EEB03FFF6F9F6E5FA00011306FE07FD10
:10FE0800FEEEF626F8E027031BFE0B0CF800FAF3CB
:10FE1800FEDBFDFDE3FE0D0AF7F8F72706F5F0F225
:10FE2800FDE10BFE05F7FFFAF0E606F8FF07130DF4
:10FE3800050802FE16F4F80E0C1AFCF6FD0707F486
:10FE480001F5F8F1F6081AF6120003170401FD1A75
:10FE58000123F512EE0002F6FEFAFFF9FF02F8257B
:10FE6800FAF5FDEFF2DAEB0F150406F9FC070AF1D3
:10FE7800FDED01FBFCFC09270BFDFE1809F9F10F4C
:10FE880007F4FF04FDFC03E1FF1000FDFF0AFC0B73
:10FE980005F8F21E00FFEC04FD12EFF2FF0404F473
:10FEA80003FBFC040508FDFFF8EF18EF111310FB26
:10FEB800E0EF07F6FCF700F4001D0C210DF8FA201E
:10FEC800EB0B18EFF3E90004D305F4010F01041656
:10FED8000722F302EE00F718FD1510FAF7F5E2FB1A
:10FEE8000003F3FFFEF7FFFDF9FE06E60FFE000034
:10FEF8001AF9EFF0F111E610F8F3EC010AFE00F33D
:10FF0800F8E0FCE70A070A0C05ECFC01E2113A09E3
:10FF18000DFF0300FAFEF906F81AFAEA1308FBECDB
:10FF2800050D12F6F0FCC8FD1507FA02F50809E9F7
:10FF380008FF020F0EFDFAF01D0102F8EEF1FD0EAA
:10FF48003E1D15F10405FFE0FF1FFA1DFCFAFF0234
:10FF58001609F7FEDC0F2B1A0D1111F9000AFFF034
:10FF6800FE02FE21030CFBFA05FADDF2ECF5500364
:10FF7800FDE5FC030604071A03FC18010E0EFEFD3E
:10FF8800040513F30537E4F6FB24EA0D000CF9EB3E
:10FF9800FF0303FE1B0701030D00FDF90A00F9FC2E
:10FFA80008220B0509FBFFDCFFF70B15050E061DE4
:10FFB800F7F9E10AF4F604000D2A19FFFE0500FE20
:10FFC800000004FD14FEFA22F2ECDB05F52432F2FF
:10FFD80009FA0402F9F9061E04F90BF2FD09FEF10B
:10FFE800FB03130807ED01F3DD15ED0BFF010DF120
:08FFF8000B19FBFC0417FBEBE5
:02000004800179
:10000000EFF4FAFDF6FBDC0BF425EF01FE0D01F336
:1000100007FA0AF41B050C06FA00E90F1B1007FA91
:1000200002FC0501FAFF08080BEA06F503030E0AB5
:10003000F1FC01110808F9D7FA1202010D03030DB2
:10004000F7FE07EE0DFFFB00FF040AF5EE11E103DA
:100050000CE800FE040607110F0F0E12010107EB5A
:100060000EF9DFEFFB0BEFF909F007020004F9FFCF
:10007000FAE30B100FFFFE05F3F505F82000FCF581
:10008000FEFC1907FFFE04E90202050AF7F607FF66
:10009000F6FF16111FEDE2FBF339030EF9F305F13C
:1000A0000417FDF205FAF7FC02060D0D1A140C00F8
:1000B00005FE0F0BF100080906E707FBFBF8FB1232
:1000C0000507FC07FD1016F60A25110E0B0CF2F4BD
:1000D000090D01FBE5FF0909FFFF0EE701F6DCFE54
:1000E000080C00010DF1FDF90421FA0AFB01ECF600
:1000F000020F230616F2D5FFEFFDF6FC05FD0FFFFC
:100100000C1604F61004FA0609FA0DF10A201AFE7C
:10011000FB2409FA0A080109FD0EFBF8FC07060694
:10012000100501EB0714FEF2F9F30305F809FAF4E0
:10013000FD240103F601FEF20C0A0AF00703F30B9B
:10014000101C0007F3FA0A14F51800FE01FFF4FB77
:10015000FD0E03E7F7F0E6F6FFF900F604040012DF
:10016000FFE6031506F2FE0E1DF6FDE3FC2918FF5F
:1001700003F408FF02FFFC2EFA1602FC1EF7FBF741
:10018000F7F5F6E30F10FBF1031803050501FCF288
:10019000F4F7FD1706ED00EFFFE80B070B03F5F88A
:1001A000FE0CFE100300F807FD080305FC02FF101B
:1001B0000E05F5DF110606EDF21305F001FA04EC69
:1001C000FA0F0E03170308F1FC031012FDC608F323
:1001D000EB04FE06FFF606EC09F10BE51EFD0F121F
:1001E000E10A17E6D401E217E906EFF3020300FE85
:1001F000FF0204EB09F8F522EE0F1EEBBFD0BAE8C0
:10020000E500E6FDFE00F70BF809FBEC01F9091625
:100210000B0A04E8CFEFE80B08DBF4FAFDFCF7EF7C
:1002200001E903FFF300FFF0FEFDE9FEF4E516F837
:1002300009F402FD03FEEFF404FC0312FAF5F5E6FF
:1002400004FB1106FA0018FCD6CF090BF900FB0ECF
:10025000FBFE0216E60801EE080BF90C0BFA070488
:10026000EEF5F8FC05FD0914FA0B03EDEB10FFF4B5
:1002700000F100F6FF09FB04ECE1FCF4FDF9FAFFE4
:1002800001F8FD02FA0C010003F2000F00E2F90D83
:100290000508F7FFFAFD0DFC021A0610E3FEF90A45
:1002A00014F3E62CF5E4051708480DF6FA04FE11E0
:1002B00001F9F9F21301F3FC00F7E901F81A0D0650
:1002C000FBEC0BFFFAF808F90CE9FF03FAF3F00571
:1002D000F400EA17FC221AECF9F406F1FDFCF60032
:1002E000FFCDFBF4F706FCFF1407FF1A1215F9FF08
:1002F000EA030602FB08FE06F7E803030703021EF3
:1003000005FEE918F9150AEE0CFE0200030A07FAC9
:10031000FDFF06F512030610E9F8F9FAFA0FFA06DE
:10032000DBF8FFFCFEFF06FDF303000A0EF9040BE9
:10033000E9FF08001907D7D10F05FEFB0507031ACF
:10034000FBEA0C0304F30212FAFFF81B0827E30090
:10035000EF06F503FA0AF827FF13FA0D0BF302FE76
:10036000F7F1E7211F0FF4F805F205FF090702FF77
:10037000FB00ED070105000EF7F4FD1729FE04FC54
:10038000F6F304FD05FDFFFA061EFD06010605F95C
:10039000F4F309F403DDFA182807F70100F9FCE289
:1003A0000223F8F2F30502FDFB03F70F01F8DCFF6F
:1003B00000100FFB0207F9E70805FD01FE1AFC0912
:1003C000FDFFF505E7EFF603F51313FD0E0D000233
:1003D000FF1B0110FBFA0A0402FDF4EA02FFF5011B
:1003E0000DDDFE040709080D07F0F90CFCFFFC16F3
:1003F000F3081CD60BF5F4F605E507FB0B13FDFC23
:100400000B02F8FE0A06F5FC070607F8FE2DE703C7
:10041000F80F160B05120109FCEE21E924FEFEF788
:10042000EF02F4FFF40EF4EDFBF913FD0400FBD42E
:10043000FF0809F80CFD05FAF812FBF7F9FE1D019B
:100440001A0F06F2FF0301F5FD23FB030EF4090169
:10045000FAFFF5E80902F60A091805FF070606067D
:100460000CF901D81A02FF16E7FD0A3301160AEF4C
:10047000060FEE17000801FD001DF9E905080B0441
:10048000F6F9FE0CEB10C6FADB13F2FB06FCFEE7F6
:10049000F817090C11F1FEF90411E3020917F80627
:1004A00009EDFC08F70A020D01EA0901EE01FC055D
:1004B000E7F6DC09D113ECD21119FF0200F7FF12A5
:1004C000F824FAF6F209010E020F19C8FAFAD6FA60
:1004D00007D7F002010D0212FBEC00FE10FE07F937
:1004E00006F7F6D3F7F7E7F122F91307000BFF033E
:1004F000FCB805000E07EC13F1EE0D0516FBECCE73
:10050000FBFC0007F90AFD12F7FE0804F3030F0DC8
:10051000F6FF14102709D0D9021000FE05F9F7EDF7
:1005200005EBEFF0F7FD030814F708F6F8F3DB0529
:10053000FEE8EE1003120017F1FB0202F4040D0FA7
:10054000E900FDF1EDF3DD17203EF5010205F2F5BE
:100550000B01FEF911F6F30DFDFAF0F209010BFDA6
:10056000091016F7020E08FC00FE0203FDF4040752
:10057000F6FBF6FF160405F6FA0701FE020502F483
:1005800007F002F2F003FFFDFD07F809FFEFDD03BE
:10059000F2E5FFF9080809160AFE09EF1007FC0C3E
:1005A000FC0AFB0CED0BE0FE010CFDFF03FFF60364
:1005B000010FFCFF090006FF001B0402FCEBFFEE2D
:1005C0000913FD060A0002FE010A040310F70BFBE3
:1005D00005FB0CFBFDF30F0B03050C07FB0603FCEF
:1005E000FE0001100305FFFBF6FC1208FA15E30DEF
:1005F000F208F801FFF3F500F91B0811F8F6FFEA1D
:10060000E50509F60005E9E8EE09F20C01F4F90444
:100610000510F60F01FC06F91410F0E909E5FCF2EB
:100620000EFAF600FC09FA0604F9FEF5EFFAFAF8FC
:1006300000FB1AF4EAECED1EF108FB0102F1FE02E8
:100640000801FFEBF5FF00F6F10314E4FBE9E70511
:100650000EEB0B020FF301FE04FB0CD5F6FF00EBD3
:100660000EFC18E6E5D9F7F0F8F8F40400F7EFF41B
:1006700006F200EDF60F03F5100DF8F401FCEA099F
:10068000F4E8FEFC0DFCFEFA05F4FDF1FEF8FF00B7
:1006900010F811FBFEEEF41A022803050702050DFF
:1006A000051303F308090205FF060C04F928F7F700
:1006B000D6F509F904FE04F7FCED10E903F600F99C
:1006C000192306081C0A0BF305D4160701F704DAF0
:1006D000FD2106F4F50A02FA0F072506FAEAFAF4F4
:1006E000111EE903FEF902F202410219F704E8F3D0
:1006F000161843EBE5EC11F20BEEFFF212050203C4
:10070000001305F10602FF040C100617050416FE7F
:100710000C2412F5F80FFB0706E002E804FB03FFC8
:10072000010AF3E5152315DEF2F60A040D01FBE0DC
:1007300007160FEEF1F3F2E405F709FDFD14F216CA
:1007400019140EF50E0BF9E90926050A0503F51231
:10075000060CDCC6F907EE0609060301F4050202E1
:10076000FCFA10FA07FE0202090DFFF20A1505E96C
:10077000E6E50A03FDF4F805F50914031BF808F48F
:10078000FCFD04E10005E411E813F010031216F972
:10079000001507191AFC0F080502EB030E22F20BD5
:1007A000FA0A0809F80D0E0804F9100B0102020FED
:1007B000FB01E9DF041F2BD6F80117F8FAFBFC0F49
:1007C000FDF702F006F1FC0AF8EA23EDF205F00964
:1007D000D304FDFEFCF7010AFFF116E10305031245
:1007E0000E090EDBE4F4B715F6F6E802FE0DF8028A
:1007F000FDF5090214FB0000EC1108F5F7E0D2E961
:10080000E3F9FB06F00301EF03F5FAF407F60E0F28
:10081000F90A0A0BFFF612EC1CF7FBF3FE0404E3E3
:1008200001080507FC0402F2F3FAF80405DCF318EA
:100830000919E701FE0DFEF6030B06160E04FEFF76
:10084000E8F8F90BEE19E60D0C280004F907FD0095
:1008500006E6070502FB0507E9FAD7F3EC37FCEFDC
:10086000EDAC1A10FFFFFC0A08EE03F8FEEFFE10D5
:10087000ECF8FD16050FE0EDEBE0FFFAF5FDFDFDF0
:1008800003FA06EC0104F11C09EF06E7F00FE30C94
:10089000EAE4F208100804F904DD08F10C06FA1B7A
:1008A000F505F6FBE7F70102120B05E8FD02FEF580
:1008B0000324043608041803010CF4FA11DEEEF6E2
:1008C000011D030203F403F2021A0B1D03FF10FAC9
:1008D000FAEA21F01EE3F0FDFFF314EE01FFFCF64F
:1008E000F7E903F7090D02E401FC0114FE1205FE0D
:1008F000F8F5F2FBF10D030FFC15FD0F08000AF6E9
:10090000EEFAEDDF03F51AEFEDFC0DF5F700FE084A
:100910000808FAF6E9F7F8FAF707E7E803F9F5FA4D
:10092000F0ED0BFBFDEC09FA03F5FFEFE700F4FD3A
:10093000F5FFF5C802DCED070A0E000000FFFCFC25
:10094000F8F21002FE0803F21009FB0E0216F9FD80
:100950002010FFFDF5FEF7FC02F50111200E0AF74D
:1009600005EBEB07FAFE2EE207060F010004F80183
:10097000FCEB0B1A0F08FFF90C0A10E907F0DEF97F
:10098000F0F8F2FC04FB070E04EFF1FFFD01F6F2B4
:1009900007F8260405FEDDDCFBD801FEFBFBFAF0C0
:1009A00008F000E3F5FBF4DEF7FDE4FAF3F408F5F4
:1009B000F8F11104FB0100F4F7EAF9F9ECF904EBA2
:1009C0000AF00C1FFFFEE606DDDD09F504FDFE035F
:1009D0001015F2FEEE0900E30003081DF7F7D9FD3C
:1009E000F407EC0AFDF505FEFCF50216FEFA070118
:1009F00015FF08FEE0F70F17FD05FA01FDF106F0FF
:100A0000F6EFFB06F1FBFAFDEA01FA09F807FF0B26
:100A100003160D020803F5F00417F6F6FDFBF6FCCD
:100A2000F206FF0702E7EE13FF0FF2F6FEF1FA01FE
:100A300008FF0BDAEFFAF40D0D04060F01ED0AF6CC
:100A4000F2F9FEF903F50603FDFAFCEC0AFBFC0CD7
:100A5000FD031D120211F930F709FC06EB0202F743
:100A6000F902F100F806F90105080CE6F2F8F100C8
:100A7000090109FCFCF303F1FC0DF4F8F105FD0399
:100A8000180AFBEDF9F308FAF6EAFC0602EF05F89E
:100A9000000B0006F6FD01F9FBFEF20307ECFA0B72
:100AA000EFFAF50200F8FF010C12F712FA0807043A
:100AB00003F805F4D0EFFC18F1F6F402F901EFF1B8
:100AC000FC05F8FB0C01010B080CF8F7F7091403FF
:100AD000DC100303FEF4F803F316F4F3EC05FEFD5B
:100AE00018FDF7F91FF83801EBFDE8F6FF04F4F9FB
:100AF000F4E000E9100800F40708FCF804F13F24D2
:100B000002F7F2FAF502F6EEFEF505F7FBFA04033A
:100B1000EDF702FAEAF91C0FFB0207FAF2FFFB07F6
:100B200001F3F90A06F5FE010502EF021BFA270799
:100B3000FD0EF501FAF6FEFFFB02013613F8070B76
:100B40000BFB00160B110804EB02F60603FB081F53
:100B500000FC00F215F500FC14030512101609F153
:100B60000CE604F70103070503F308EF02F60AF3A6
:100B70000305FB05E8EEE5FA14E8FEFDF8FD0608BE
:100B800000FEEA06F4FEFA0EF6F101EEF7B72503D1
:100B900014D7030700F804EA0203E2F8F7FEFE0A9E
:100BA000FF0213FEF8D0CE23081DF90406F5000558
:100BB000030A0BF3FB050A04110A20040D02FB1BB8
:100BC00009280800FCFBFAFBFFF603FDF60805F216
:100BD000050BF4261204FE11F90B01F502E600E400
:100BE000FFFEF302E4100002EEF4F6DCF9CE0B1186
:100BF00025F7FAFDFFF7FE0A0424FB15E9F6F4F4E5
:100C0000FE0507FFEBE2F41A12F1070105FEF8FEFC
:100C1000FDF1F5F00300FC03050AF9FDFF040A03EA
:100C200015F91306F9FA0CF200F106F4F60DFEFEC2
:100C300002F9FE000F0108F8F9FBFF01FCF001DCEE
:100C4000080103F5F8F7FD06F9FD0422F4D80B01BD
:100C5000FA11ED070A1000FD0404FD01F80703F97D
:100C6000FB0C1305F1FA00161103FCF8FD00F4EE7D
:100C7000FB18F8F10D0706050701F5F4F6F9011662
:100C8000DF07060305090B05010AFD0B09FFEF034A
:100C9000FCF7F3F3E8F21506FAFAFD030E0503F884
:100CA0000816F005F9FFFC02F2FD02FAFFE7E60C78
:100CB0000B37EF070406F2F7FE0B0B2D1E03F407AC
:100CC000F9EDEFEBE70AED0B1B47F0EE0211FBFA33
:100CD000FA050E1010040D14F6FBC9FBDF1908FD10
:100CE00010EE2AF70B0AFAF6F8E4FAE00201021114
:100CF000F4EFDBF907FF00FDE6BA02090101FD0888
:100D00000904FEE50101F60306F202D6010DE2FF39
:100D10000BE5E600FE13F3F809F60CEF17FCFF03F2
:100D2000120D02FCD4FDF4FD08F1F6050107F415DF
:100D3000FD02F70B0D08070AFE02FAF2FAF3F9F7C3
:100D4000EC3E110503FAFE00FFF804FC06FA0BF175
:100D50000204191A0EF3FDF406E9050DF60A05FA68
:100D600008EC060EFCFCF5E50BF3F714ED16EDFCB4
:100D70000905FBFF05FE07FB00FEF810F60B04E873
:100D8000F5020C050BD7FEF2EB00F003FC09030C97
:100D9000FF18FC08F8FDFDFFFF03E60000E5DEF3A9
:100DA0002204040E0AFBFBFDFBFE00E7E9FD00FF49
:100DB000010412E614E0F018F60BF6FB040700FC41
:100DC000FE12FD0403EF12F7F1FFE1FEEFE40A0368
:100DD000E404F5FF0AFB00EEFD07EFFAF3FD040162
:100DE000EDFF19E6EDEFFFFBE700F409040604163A
:100DF000FA00F8F9FAE9F7040E0510E2D4DFE10C85
:100E0000E0EDEC00F6F3FC28F1FC06F8FCFFF9EF4E
:100E10000CFCFFF0E2FECC091AF60001050AFFFB0C
:100E200009F107F6EC04F8EAFE04140DFED6D20927
:100E3000FAFDF5090EFA0014030CFC030A0F09F77A
:100E4000020605F8E6E3CE0F224108FD00F405F4A2
:100E5000060402070409FAF90211FE1006E810015F
:100E600008F01601FCFF010E07FF09020CFD0AF154
:100E7000F5110508FB080106ED0B11000800FF0243
:100E8000F707F5E100F7F00E01FFF802FCF8DA05CC
:100E9000F8ECF0FAFDFA001DF4EBFAEE0613FDF89B
:100EA0000601F005041BEDFF00C806FE0D0DFEEF68
:100EB000F01505FAEE00FBF61105FDFD1DE5F4EB5E
:100EC0002F080603F2000BFBFC0F0C0407FC07FCC9
:100ED000FCFB17F1F7EF0C1AFD05F80A09FEF9FD06
:100EE000FFF6F61A26FF0BE9F5F2F5EBFD03F70C1A
:100EF00003EFE3F103FE0D12150E040712EE01FBE2
:100F0000010E1501F9182C01E607F7F80C03F4029D
:100F1000FE04F107F0000119FF0EFCEC0FDBEEED13
:100F2000FA0AF7FD05FD09FC0500F705F7FFFC03CC
:100F3000000C12EFE8081B3EE80508FDF5F7F8FA8B
:100F4000091203F7F40405FEFD05FCF3FAE7F1F8D6
:100F5000F5F4FE0313EEF9FEFF0EFBE3F1040302CA
:100F6000130F24E9F3EEEFFAE803050EFBF5FE108C
:100F7000FFF3F6EAFA0605FA0E02F7F9EBFC0007B2
:100F8000FAEDFDFF0203FFF105FA05EE0508F80C86
:100F90000A000CF5EE010325EAF005FAFF00030E46
:100FA00001F4FEEB1004F6FFFA070BE7011DE3F175
:100FB000EEFA0401EEFF030006F0062015FBF2EE48
:100FC0000B06ED010B22F8F8224D0709F5F9050093
:100FD000FC07FDF5F6FEF8F707FC19E81318010207
:100FE0000C61FB1005FDFBFA0B31FA07FD05FB0850
:100FF0000C0915DBF7FDEFF80A1A10FD00020915C0
:10100000FAFDFDFC0CFCFCFD11042010011507FF8E
:1010100000180905FE0105F9FCF605F9F20F0E00AE
:10102000010909F607D5F2E5EDF5F6FAFCF90C062B
:10103000FF15FEE7FFFDF50C12F10DFBDD03FB22B2
:1010400004F500F9F60205F501F403F3EC09E600F6
:10105000FC05F1ECD6F613F909FFFBFF08FBFE0ACD
:10106000F704FEE8E8FFF60BF6000FFEF9EE17F4C2
:101070000CF3160106EE04F4F502FBF6F4FC01FA9B
:101080000F011BE900F5BE0F17FB05080902FCF173
:10109000F6EF000D0BFF02DF16FF08061116F1FD3B
:1010A000FE0BF506F80802F802EBFA120F01030333
:1010B0000500E4101A2909FB130507FAFB0000F4E8
:1010C000F704F9FB17F9FCFFF903FE10F0D3EBEF7F
:1010D000E3F3FCFEFCFBF3F700F70FE40700F60276
:1010E000F10401F0F208BC21E603E903F906FDFE74
:1010F0000BF1F6E01EFEF9FFF1F9FB03E5EBFA0751
:10110000FDFDEC02F4F204F0FDF0F5E70BFBFD1938
:10111000FDF4EAF7F5F6120D1819F1F3FEFA0013D3
:10112000FCF301180D040C0AF5F2EAED11F652F089
:10113000F4FBE7FA03FC0607F7E9FC23FBF1FFF1F8
:10114000FDFAFAFB041919FD1003F9010CF700224E
:101150000801F8030BF302FA0CFE1709111FE60051
:10116000F2E7F401F3FA0AF7F9F9F5E9FE0602ED00
:10117000030C1AF20202C3F8FFE4FCF4FDF505F1DA
:1011800001FFF414FEFF0005EBF4FBFAF6C217F9B9
:10119000FE0F000401F102FE070AF90BEA05F6084A
:1011A000ED01F70DF2F8EC2204FEFA0207F9000453
:1011B0000400F503F203FAF40C07F9FC09F9F6113F
:1011C000F1F2FEFB01F402EA04F90609F806F5E67D
:1011D00005FE0F15FCEBFC0FFD01F7FCFFFD01D236
:1011E000FDF7F7F5F3FEFF0705F3F2FCECE9140158
:1011F0000C09100BF1FC0F070002F8F5F9F7F50FD9
:1012000005F7FCFAF2060C1015F912F305030103B9
:101210000212FCF200F7F00E0C03E4FDF90BFC13D4
:10122000160F0801FC0504EFF8F8F706FF0DEAF7C2
:1012300001F20211FFFE061C110D08FEFEEEF7DDA5
:1012400007010AF7FEFDF71BF4F6021B03EC0AFD8B
:10125000F50AF9050904FE100212FD14FD07020A41
:10126000FF080B2C0502F905FE0BF6FDFB09F7F054
:1012700001070A020BFE00FC1301EF05090B0E0B20
:101280001604FDF9FC050700FC02FCF808FCF70C4D
:10129000FBEF04F1FC0C1907F403FF08FE020AF04F
:1012A000041A0CEDFD06FAE906FD061502F8EDFC40
:1012B000D51009FE12F6050EFD0E020DFDFEFCFF17
:1012C00007FBFDF8F803F61321F300F8F7FF04F22B
:1012D000020AF902F2FEE40E060AF9F4E40AF4073F
:1012E0000F0EF9FFF603080601F600F402F5F5FB10
:1012F00007FC0311F4160901F5F3F501F1EF0601FE
:10130000FB0403F5F705FD0A090B00EF05E4DF1800
:10131000EDDDFC05040AFEF9F802EDFCFB09F60C14
:10132000070508F401F306F9FF09FCFB0A0301F4C1
:1013300000F803EF0E0E09FB0208FE05F3F50A0D97
:10134000071108050EFD0219FCFDF9000405F80857
:10135000F00FF90C0016EBFF0BFAFAFC12EE000985
:1013600001FB07FDFA05FFF91F12F2D9061EDFFA8D
:10137000F5F5FA0CFAEB09F9F3FC03F4FFFBF4EFD3
:10138000FEF303F70AEFFAF8270FFE0302F2F2ED7D
:1013900015FE010D020206F7EFFBF311EBFA09FD52
:1013A0002502FF09170A0207FF1B091102FB01F0C2
:1013B000F3FDF503F5F3F7FF09F902F9FFF7071B52
:1013C0000AECF20E070CFFF60EFEF7FC0B0F0B00FB
:1013D0000702010804FE0AF9F0EDFA0903110406F8
:1013E00009FDFF07011711E8120F04090A00FEF7B3
:1013F000F503FA0AFEFDF10B0FED02FD050718FCDF
:10140000F4080AFDF50902F7FD080817F904F7FDCD
:101410000FF5F9FC09F20B05F1F704FD020000F6E7
:10142000FC0E000AF90900FFFFFA02F703FD0203B0
:10143000130002FB0206070100FC020912F801FC7E
:10144000F7F7F8FB00FF02F913FAFAF9020700F3C5
:10145000F5FD03FFF7FE0503F90801050707F9FC91
:10146000FDFD09FBFF02FF07030402FBFE00FDF97F
:101470000500060606FFF300FC0101050AF3FDFB6B
:1014800006FEF5FC0705FB08080007FD03FDF80A4A
:1014900011F7F9FCFB0BFD0A01FAFE0209FEFE0141
:1014A000030407FAFC01FC04FF1B00FCFF0901F820
:1014B0000205000B08FF070505FFF7F90305FB020E
:1014C000000AFBF80300FE02F901FD0404F9FAFD2D
:1014D000F5FA06F011F2FE08FFFE0A0007FB03EB27
:1014E000FDFB0602FD07FFF8F9FCF9FCFBFAF90623
:1014F000F4FD0303020204030BFF0A0AF702FB04D4
:1015000001FAF7F0FB080BFA0CFDF4F4FCFDF7FF11
:1015100002F0F9FA0205F9FFFBFBFDF50403FCFB01
:10152000F9FDFAFCFD0607FE01F0FDFEF90CFE0CCC
:1015300004FDFEFCF701F9FC1D0DEFFB000104FAB0
:10154000FF0006F5110006F610FDFAFCFA0C060382
:101550000FFC01FD040401F909EC07FE0AFBF7FE8C
:10156000FCFDEEFC05F90CFD0403FCF5FE0302FF97
:10157000F703F2FE050004FBFF03FA030504F6F986
:1015800011FB0702FB0104F6FDFAFDFF0507FDF95B
:10159000FEFE080108FFED002108F907FFFBFD0131
:1015A000FC070612F2FBFC1A03FAE319FEFB290BF7
:1015B0001D0A06FA0005FC00090300FFFC020102F7
:1015C000EE04F9FDF3FB03FAF7EB0E0608FD01123A
:1015D000FDE906F106010DF0F7F6F5000E13E3F252
:1015E000F8D10602F8FC00FD04FEFEFCF7F8F7FC5B
:1015F000010E200333FBB7E2FD1EF801030307FBD6
:10160000040500FC0AF3F61B04F7FCF6F605F5FEEC
:10161000041FEC05FF07F810FB11FF0209FAF7168B
:10162000F7F1F2F0EA0BD402040112F3011105FD07
:10163000FB21030F05F101ECFC0A07EE081ADC0C94
:1016400026FA0B06F8FDF8F5FC1EFF15F50904F166
:10165000080EF9ED12F4F10301F701F501FF08EEB0
:10166000030A06F606040A02F800FD1BFA0EFBF94F
:101670003007FA020509F408021F05FA10F90108FB
:101680000F06FEF8F507F40714020208FEF9FEFC47
:10169000090FFEF907FEFFE9F512EFFCF81E15FF32
:1016A000F800FF08060206031000FBFCF2FEFBF93F
:1016B000EFF9F2FC0409E2DF0516060C04F102035F
:1016C000040403E9ED08F602120211F00FFADB013F
:1016D0000C02000B030D03FD03F80CFA08F508F2E9
:1016E00008FBEEE501F2F2FA110118F5FE1707FD0D
:1016F000FB06FE2C0D0004F6FDF8F7F006FBE5E115
:1017000002FF0804FEF8FC00FE22FD14F60A0A0A95
:10171000F002F60D0C00DFFAE41009F5FC05FFF10C
:10172000FF0EFEF10206FB0AFF042A0A00F7C208B8
:101730002000EF0FED1103E303F702E60602051E9A
:10174000F80AD826EF15EEFF141108F5F20B05FE86
:101750000FEAF407F6FEFE08F7F1DB1DF811160A92
:10176000F3270AF0F009F60100E00211FE05F9FD89
:10177000E1F0D30AF10D1AFEF2E50D07FE0BFCFCB9
:1017800007FC0804040306EFF2031704FA24D70940
:10179000DABFECF6FB0FF4F503EA0EFF05FF0603D4
:1017A000FFF3FFED101814EEEDDEE4FEFBFCF31A80
:1017B000FFCBFAEF0DFF0C3AF4EB0F0B00F10BF837
:1017C000C1E8F406FB07022A04D403D80DFA101C62
:1017D000030B01160A0144FBFCEDF30D01050702A2
:1017E00000F80714120708EE040ED6F502FB1B02E0
:1017F000F0F11D00FB0208EC07E2F80EEEFA0BFF19
:10180000EBEEFCF80B0B10F016DD1C0215F20103D9
:1018100008EFFEFAE00604FEFFFF1607FCE7F7FFFD
:10182000EFFAFA02FCF20E03EBFF0DF4EBF40AD828
:101830001923171507D8EC19FEDDECFFFD08110878
:1018400010DCF5081300FE1EF9F5E111FEFE200F75
:101850000802040406F6FCE009F204EEEF0706169F
:10186000050A011207F60600FD000304040405E55D
:10187000F50EF5D501F2040AFE01FB1BF8DFFC0EA4
:10188000EE03FBF702F7ECFA02F306F9F0FC0803AB
:101890002606F70604EC14133243EAEFFC0704F4BF
:1018A000FA000021FC01FC0DF900D71B010541EDF8
:1018B000FD09FB02030EFB18FFE0FE07FCF20A091C
:1018C000EAFBEF080D28E6EEE7EA0600FEFF090056
:1018D00008D916F310020B0EF4F50007181FDCF000
:1018E00001DD0007FCF5022A06F70FFB04FB0E11D1
:1018F000FF0F181C2A0CB5EB121CF7F600000DF0B8
:10190000FDF6F90607F9F91D00E80413F3E6D9001E
:10191000052BFCFDFD02001AFA10FE01110700174D
:10192000F5F3DDE8F321F507020515F408F7FD06E8
:10193000FF0307FE01FCFCE402130F170A0316EF76
:10194000FFD802070EEBFD04F81BFF1502FC04D0C4
:10195000FD0418FB19DDDE0FF5010D06FD0402F68E
:10196000F71B04EFE4070015FC070AE803E1CF0AC0
:1019700036F9E504FD01FEFC040408EE12FDFE123A
:10198000320ADFE801FF160B15F406030106FFFC1F
:101990000231070706FFF9FAFFFFEEFFEE0026FD12
:1019A0000F15E7080000050A0718FD090BF9FEF1FD
:1019B0000C13FCF3D90006FEF6F70005F807050343
:1019C000071004FCEF0BFDF21F0504EE0F0AE2F313
:1019D000F6F608FF030805F2F8D50D080F05020614
:1019E0000FFBE40B140520EE0B140DF2080700D9D1
:1019F000F20B04F300FB0A060EF6E91E24FD2BE3AE
:101A0000400F07F0F807EFF9FE21FC1209FFFB0277
:101A1000FEF8ED0AF0F21FFF15F3FBF4FEF7FBE80A
:101A200001D0F9E90BFF01F6F80FFADB02EC17F72A
:101A300037FE070DFCF5FEFDF1FAFE1519FEFAEB77
:101A4000FD000CE108DB14FFF2E1000105F900F6EE
:101A5000F80FF014FEF204D50A08FCFD09F40C049A
:101A6000F418F6FCFE0405DE041B011CF30DF9E37B
:101A7000FCF1FCD3DFF1112EEDEE14F202FC0500B7
:101A8000FC00031FF4060900EBF3FEDE06DB11F792
:101A9000082CF804FDFBFE2503140402DE0AF8F707
:101AA00001F52706F2E5F8230119DE04F9FCFA0E28
:101AB000FC06F0FF06F5FF022EFEE3FB112A0702EB
:101AC000E4DB050105F7F9E104D80FF4F9FDEA06B6
:101AD000F4F6CA0EEA0B03FBF0FC0DF900FDFCED79
:101AE00008D5FF02F9FAFEFBFCFDF624140133FAD7
:101AF000ECE0FA060003FE1401F6F6160BFDFDF706
:101B0000E5F51016FB0500F505F903FAF608071DC3
:101B1000F6C0FAF608F70B12FF0911E607161103D3
:101B2000F6E8F61600F40CFA07E4FEFB06F80B0FD5
:101B30000005F9291109DC144FFE05FCF90200F635
:101B4000FDD6040112F4FE12FDEFF234ED1129F975
:101B500025090AFE0AFE00E60D160413FD01040C19
:101B6000FAF4FA2CF5F421F5060318F3F9EB08F86A
:101B7000EC12FE16F10C10FE07F7091F13011926CF
:101B8000ED030EEB04FEF4F3FE19FD03E702FEE69F
:101B9000FCFA00FF1EEFEDF203FBF9FF100A08EA62
:101BA000FAF20809F307FD0303F8EDDFFFFDFAFE83
:101BB000430FEE080504F719FFECF61E06FDF8F8D2
:101BC000EDFB00CFFBD514EEEFFFF90B0D01F9F79C
:101BD000F312FA230EF7FAEFFBF9F8F4FF041006FC
:101BE000F4D7FDF3FE06FBE4FDFDFB05F201F70D66
:101BF000FAE60EDDE301192AE8BC02FCFE12062417
:101C000006E6F4F80810081FF3E8DFD4E9070AFA3B
:101C1000E6D0E008010D043AFAFD0B0EEC11010CC0
:101C2000FAFF13F3F1E5F9F7FB1DE21101130B1BAA
:101C3000FE0F000D03F4FEFB1D12CDFD0A04E3E5CB
:101C40000902F40FF001FBDF04F4F814010FEE03B6
:101C5000F5F4E0E6FEEB221811FB0404F9FE04E2C1
:101C600003DCF82510080BDBF202EC30090444E534
:101C7000DCD2FEF71104F309FEF5071C0F0400F295
:101C8000EAF4FAF2F60D23F7EAE40C0E0906F3146F
:101C900005D7FDF704E701F5F10E0D00F70D0BF781
:101CA000E6E4E707F9FE08F50AC2F3F5FA00FEFCE0
:101CB00009131328EB1BF8174901FF09F108FCD998
:101CC0000DC8F7092206ED1E1BEFF33D053210EE9D
:101CD000320A1AFC0A0AF7E61101FC02F7FD0DFDB3
:101CE000F5FF013BEDE81604070D1603050300F2AE
:101CF000EFF9F91CE90015EFF601200E2A10152066
:101D0000D30F02060802FAED01F9FD21F70104F6EE
:101D100009FA25FA27030C03EAEF020600F7FEEEA4
:101D2000060AFFF80602FD03FE0A11F5FBF6EF05B1
:101D30000F0303FD0BFEEB02FBF902FFF9F7FF10A7
:101D40000205FEE4DF01ED09D6F50D00F1020407FE
:101D5000FBFA02E4DDFFFBFFFA0A0D0611D0FA02DE
:101D6000F4B6FB0600040C0400F80EFE0A02FF0B9A
:101D700001FA11DF11DCE5F20AD7FB02110DF3FBCA
:101D800000F40109080202F605F704080520E8FE40
:101D9000F5F709020908001C0503F31F13FC00EE08
:101DA000EC00F30FF40E0AFCF7F009060504FCFA48
:101DB000080C0CFCF6F0FCE1FB030404FCD3FFEF81
:101DC000E30BEF0409F5F6F2FB0BFCF3FFF7F0E988
:101DD0000F0015FCEEEE002F010CF80200FC05F2DE
:101DE000FA00FF01F800FD03F2FA0819F9F32508DB
:101DF000F10818FF06FFFEFAFB1BFFF8FA02020FBC
:101E0000F002181505DC01081C00F3FCFBF703FCCD
:101E1000FA29FC0ADE09FD000A21ECF016DBFB03BF
:101E200017E8F8F5FE1506F00303FB05EF17F3EED0
:101E30000AFA0102DFE2141B081301FFF90303EAA7
:101E4000FE28FF0FFD01F90A07FC06F10AEEF60D68
:101E500006FC030605FDFF07F507F5F8EDF9F8F2B6
:101E6000100220F6E715DE0C1601F5F80001091E38
:101E700003EA06F70504F0F0180609F8F853EE0A2D
:101E80003D2A100D0611FFF7FEF705130906EBFEBC
:101E90000807E4243F1FFDC4EDD2FCFD0503F8FE56
:101EA00008FAF6F3FBFF050001F51B03EED507FD6D
:101EB000C6E71F080CEE020001070DF8D918FCED6B
:101EC0000205F6110CE6F406F5ED0407FBFEFC2016
:101ED000F0FB100AEBFBFE13080A210A05EEF3EFF4
:101EE000D6BEE0F6FEFAFC0DF800F7EA020406F4AE
:101EF000041E07EC00D6F5E8F740000A2109FDFCB6
:101F0000FE27FB08F50E00FE0700F92AF5E501158E
:101F100006FA1AF303F3F8EA0AFE00F7FA04F6F9F0
:101F2000FB01E51B1DFB02FDF2D125FB02F308FAC4
:101F3000F7E206E9E50B07FAFDFC21FC0BE8DFFA06
:101F4000D1C1F10812F80809F91A03FBFBFFF9F2F5
:101F50002F11FDF921E1DDF0F700ECFBFE0A05FF92
:101F600010100DF710F00510E1FDFD1DEE07FC024D
:101F7000000A0F04FE0CF8FCF5E4190C19F3F01C30
:101F8000FCF9DAEC0B3216FFDE060E0702F801FC54
:101F9000FF15FB07EE050A05ECEF1E23FF17E9F915
:101FA000011AE7FEFBFE0316F207F9FD0601EEFC3F
:101FB0000BEF0DD0FE1B19F8DFF1E308F70E051C3F
:101FC000001BF8FCF60D170704F108DD0AF00AF112
:101FD000D808FBFF000402EDFF0CF3E6DBFC11F474
:101FE000F30EFFF811E41209FE0003F700F5F50BFC
:101FF000030D0FFE0302000106FB09E7FD09D902EC
:10200000EDF7ECFC050AFD3B0BE00DF5010E1005AC
:102010000BFC0FF3FA2CFD10DEDAF70405F40609C9
:10202000F710FEFEE703FAF7EBEC0E01EFD7CB1C3F
:10203000E7D9F2F5000AF9EC04F80DF6E90CF8F628
:1020400008040FF3F4D7C0131B19FAF90BFC04F7BB
:10205000F6FD0EF9FC170BEF060B13111202FE1121
:102060000FDD1F1402090EF2080302F50FFF11F62F
:10207000FB13F7F6FC11EEECFAF5FC09FE0C010F70
:10208000070807E10C02F90D05F6EE07031FCA0960
:10209000DAE0FA0DFE0D150C01F0FFE5130B010B54
:1020A000FB00F604F01CE10AFFDB0FF7080002ED6D
:1020B000F42A1008F306FCFB080605F725EBEBEF06
:1020C000121CF8F0F907FBD9FD1B0826FF0B0DF3D6
:1020D000F4F31AE826DD06FCFA0B0AF20503FB040A
:1020E0000B0E13FD0C0907F8EBF10C15FD13080995
:1020F000D50EE3FEFF050822F313FE141B0400E2D5
:10210000F106E6F2F20DFEFBF9F1E9FC020B0A2002
:10211000060E08F4DEEF0A02F90EE8E80BFAFDE815
:1021200000EEF6FA0505FEECFBFC06F0070003FCEA
:10213000F5F701D7FBFDFA19CC05F802F60E0400FD
:10214000F31C07F2F6030FF8FD0D16D7F004CD07C8
:1021500007E0FB0104F8F907FEE008E4FEFD00F5E6
:102160000D0A26D0C9EBDC06F4FEF300F511FD31B3
:1021700005CB0307F2F710F701220FE6F9F6E6F7B1
:10218000DAEB02030900FEEEFEF201E60EF6040AA7
:10219000090105F706E5F6FD08E5F9F7FFF305EF98
:1021A000FF25FA13F30701E90BFB00EFF4E9E10661
:1021B0002011EA10F705FEE5F7190B1BF906F8E800
:1021C0000EFE03FEF5FCFC13282706FDFE07FED8D5
:1021D000F515FF28000BF6FB00F9ECF1C306171309
:1021E000032213FB010605F608F7FF19FDFF0101A5
:1021F000EDF8D501E2095507F9ECF2FDFD0402FB0B
:1022000006FE06E602FEFF0CFEFAFCDFF611D7FE24
:10221000073000F7FB0503EDFCF50202FA030305A6
:102220000311F9F0F8FFF9F708130003FBFEF5E0DE
:10223000FEE902100C0BF32B0100DC03F8FA050A8F
:1022400006081608F6F708FB02DA03ED0B07F82676
:10225000FEF3E8200BFC38F900F6F6030A06F9163F
:10226000FFF707F71FFEFAEFF6F809F8FC23EDF782
:10227000E516EC0DF90804F80602F40B000E00F860
:10228000EEFB06F0FE08EAEAEE0DEE07FBFEFFFDB0
:1022900006120A0A1AFCFE0DFBFFE6030E04FDF906
:1022A00008FA040CFDFDFB0BF8E0FAE2F2F8F9FA8B
:1022B0000502030D0CFBF1F6F908FD080EF5060DFD
:1022C000050BFDF121010D0B00FDFAFCF40CF100F2
:1022D000F1F3FDF5070303050913FB09F4FD0FF501
:1022E0000305E7F3F5FDF2E208F3EF05EDFFF51165
:1022F000F0EF010504030007EA0000FA11F4F2010F
:10230000F2FAFD05FFFBF60FFBF1F40AF102F6FC11
:10231000FFF91C0B0C03D4FCEB0B010AF613FD01B7
:10232000F5F001E8090002FA0E00FEFF0F0EFEF7BD
:10233000FB0EF7F80104FEEFFCE8060A0C030801A7
:10234000F2ECD614011D1C093B410103F40E04F804
:10235000FCF5F7181BFE0B09F4FBEAFFFA260BFC51
:1023600007141D000712F3F010F3F6EE060701063E
:10237000F2FBF7051110F5F3010FFBFA00F906FF68
:10238000FAF4F7180EF9040A040D16F0030125F00B
:10239000EAF006FBFDF9F5ECF9E304FF100A06127A
:1023A00004FF1601D5F80EFEF91BEC0502F809181A
:1023B000FA0BFF00060F041800FB03EDDD0D041EF1
:1023C000F02EEE1101FEFEF60AE607E604FA000121
:1023D00009FFFC1A02FCF3F3F504F6FF01FEF3F526
:1023E000FC04F0060DF70206FBF9F9FEF709170DDC
:1023F000020408FEFDFAFDFB02F1EC13ECF70FFC02
:10240000FBFA0F0814EEF705FCE5FA030F02FA00D9
:1024100000020304F9FDFDFE09010702F6ED02F8D2
:1024200002FDF30101FBFBFA0A0406F100EEFF03D3
:102430000BF4060419E7F30ADEF6F8FE05FD05D4F1
:1024400002FEF2F3F3F6010AE5FBF505E9C806F82A
:10245000BCF4FBFCF6F002EB01FFF6D6FEF4FB1138
:10246000000210E6D6CCE10FECF2DE0DF4EF0A022A
:10247000000003E00AFAF6FDF7FC09ECB9E4E40811
:10248000EAF8EEFE040400F702FBE9E603FCFA04B6
:102490000FF8FBEDC9F0F91F132A05FC000B060D20
:1024A00005F609FD19FD000802FD0401041CFFFCEE
:1024B00001F403FA0803F20307FEFA0C07FDFF0418
:1024C0000D06082700250D021B020200F0FF0C0676
:1024D000F8FE01FAFDF202F80809100C131803F8CF
:1024E000142B040504FF0BF90B0606ECEB0706F6AC
:1024F000110D0610F8F8FAF904EA0E0AF8F5F611CB
:10250000FFF1FF0B0DFCFFF9F7F827F8FE0807FABB
:102510000044EF1705F40DFD050703071D01FC033B
:10252000FC080CFD05F0FB06F32CFCFFFB010B1770
:10253000FDF90EF30FF6020C04FA11FEEB1AED2C66
:10254000FE0EF8FFF4020DFFF5F70502FE01F91F7C
:102550000501DFFADC065219FF0A02F904FA050345
:10256000F80EFAF1F901040B070A0DFAFDEE080066
:10257000DAF70406FF00FCFB0AEA04F7F4EFF7EFD2
:10258000F7FA13F704F7CE17F80301FEFCFF00FD7E
:10259000FD00FEF6FFF10AE91402F90B07FDE71949
:1025A000FC00EFF9FD04FA04F8F001FE12FF06FA50
:1025B00010FBF005081CF0EF02FBFFFDFF07FAF52A
:1025C00008F9120E0E0BFF06FBEE0218F3E8F90DE8
:1025D000E00008FAFB0EFFF0FE0604EC06FEF00930
:1025E000F50BF9E9F8E9D614F6FCE90508FE08044C
:1025F00002F1F8E01106F904EFFE04F4E3ECF20C4A
:10260000FDFDE2F3FEFB03EDF8E9FFEA17F3F91134
:1026100006F1F8FFDAF502FFE6EE0BF907FBF90920
:10262000F7FCFEE80207FC0C05091FEAFE0EC200DB
:10263000DC06EE00020511E001ED08FD12FCEBFCEA
:102640000C04E4F31D07F3FDE93602F8060AF9F578
:1026500014F3FE0C03F107FEFCF4E2D8E5E7351DA8
:102660000319E60006FBF7F0030307F2F80C06F681
:1026700004EDE5CAEDD845FD07E810081005FE0990
:10268000F903010B00FCF2E3FC110BF90A170BFD37
:10269000EEE1F5F2F10202FB06C406FE1DF003F7BF
:1026A0000802E8F3190B23ED0BFA06F7180403FEF2
:1026B00005C9F5E32B03F321010504150410FBE222
:1026C000EABF0209F3030A0EF7D112F3EBFEFC0A8C
:1026D000F605E607F326EDFE0FFC07F404FE01FE07
:1026E00006FD0604060B0AFAEDFAFC03EEDB4DFFCD
:1026F000FD08010B0D0204E9F0DD0012ECF605F017
:10270000EBF1EF21FC18F702FFEF1A00FE0405F1D0
:10271000F6D209E8021D16020AF71E1EFEFEEE0F93
:10272000FE01FE08FA14050D10F8F8EE2EFB0AEE75
:1027300018070022F3060FEBF2ECFAF8EE0413E5AB
:1027400000E5F309F7F4062BFAF9EB00F8FC0E05A7
:102750000918FE070A0EFBE103DCFF02FEF9FBF499
:10276000F0F6F5FD19FAF00E150402E703FE0FE688
:10277000F41E02FBFD0D0905F204FF150806F20D1B
:10278000130E0102FF0A07E70CFBFDFAFBFE09F638
:1027900003FD151AF2EBE7D3240EFAFB09FC080738
:1027A0000208FCFA00EF0A0507FC1E09F107D30432
:1027B000F114000803FD0205FF0F05D90E01F417FF
:1027C000F9FB051B0108D202EE34ED05FA0D0207F4
:1027D00008FBFF010F10FB0901FCE81A020102F1DE
:1027E000F053EEFA11FAFF150FF8FD0E1000051F59
:1027F000FC02ECD3F11317EA19E40406F602F9F52A
:10280000F51005FCFA14FFE808FA1FF7F404EEFFD0
:10281000F5E00C0300F9F70304050502FB02FEF5E1
:10282000F7F902030AF1E201EBC510F8F704FE1D07
:102830000ADD07F319050013EEFA21EFDFFD00FEB4
:10284000EECEF60A0A09051EFFFDF6F8ECF70C08B5
:102850000F260D06FF03F7FC0B02FAFDFCFB01E45B
:102860000613FE06ED02F8F70810030E00F0F6005E
:1028700008FA1B0B0D0E05F3FCE609F5E8F8FDED73
:10288000F3FFE9F301EDF3FD01E90700FAF408EDC8
:10289000070C0BF9D9150DE10B1202EF02DDF90659
:1028A000DBF9F006FD10F60A081FFEFF0A010DE72E
:1028B000070A0BF3E9E6F2FD18FDFA0BFF0C03071C
:1028C000FB0008FEF101FAFC150EF8FA0209E1011D
:1028D00018FE100807FB01E7FB0AFC12FFFAECF1F7
:1028E0000C01EC0139F506FEF90106F7FEF811E5D9
:1028F000F509FCF5040609ED0103EA2322FA1406A2
:102900001B0405FBFE01FEE2ED170702FB0507F3C2
:102910000406E202FCF1060B10FCFB0908F6FFEBD3
:10292000F9FFF706F20FF0E2090A2B02F8D7D50DEE
:1029300014F803080D060F200510FBF0FCFD01F64E
:10294000FF0313F9FFFBE1FF03FB0F0804FE000D7B
:102950000913FEEBE3EE03010211011810E4F9F88C
:10296000F0BBFAF600000DF7FEF909EC0EF108EEE7
:10297000FB06FB0906E9F4F5FAE70BFDFDFFF4069B
:10298000F4F6F8F418FBE9FC08FC07ECFCF9E11597
:10299000DFC9FAF507FFFE0D061BEF02030DEAF48F
:1029A000030DF300F3E808F90AE90208F7F8F0214B
:1029B00000F305EFF40AF7F0160412F204D4E4F978
:1029C000F5FEF6FDF5EF09F8FCF501EAEFF703E097
:1029D0000EFF17FD20E7E701F7FCFEF6080C080FD5
:1029E000EDFFFD0AFEFEF5F2F4F509E5FC10F81224
:1029F000F1EC0613FB0A0BF707E7F105DB01FE0C10
:102A00001506DEF71A0A3DE80F020506F6EE041376
:102A1000FEFDFAFCD3F8E7F2F6F910DF0FD1ECEB8C
:102A200005F8EB07F8F700EA07FCF5FBF6FD02EB0B
:102A3000121119E716EC0243E0E7EB09FEFF02F979
:102A400005F6FD04F70402EEF3FAFBF4F8F72C00A8
:102A5000E7E40005FAECF71205F5F5EAF3030404E0
:102A60000A0216FEECEE160BFD02FB0606EB082032
:102A7000FEDF06CFFB02FB0A150E0DFCDB00D404C3
:102A8000D7FCEBF8F60AFF1303E503EE0FFFF9EAB4
:102A9000100304FFF0FFF909D8C00D0807FEFF116D
:102AA00000FBF6F310FFFFF4030533D6F401B1F594
:102AB000FE0DF6F804F312E50AFA05EF2B0406FD05
:102AC0000703E9D5FBFB07F2F036EFEA010B04E35D
:102AD0000A01030C05FAF5F2FCF9D1CDD2FE2C0B5C
:102AE000F92EFEEBFA0100E903F105FE010301F9FD
:102AF000FAF8D1B7E8D2450E0EE00BF9F9FFFE0D5A
:102B0000040EFE070D02F7EF04060BF2F9FDFB02BF
:102B1000EE12F5F6FF09F5F004E00A20F7EC11F4E7
:102B20000305EDFE1D0114F70D26FDFFF10508FA62
:102B3000FCD3F7F830F50301FBF90313FA0C09F4A1
:102B4000F6CB1001110EFEF2FDD3FDE9F307E5050A
:102B50000B05E70D0015EE0CFB020504F9F8FC026D
:102B60000EE802FEFD0BFEF304F8EE08FAE531FB79
:102B7000F1080801FFFF05F402DF0A03FE010AF471
:102B8000E5EC0011F91201FB21020C0D02070CE526
:102B9000FBCAFBEDFBFAFB00FFFD180B091DF02043
:102BA000F1FBFD09F1EE01120CEAFDED1B010BEC4E
:102BB0000C05FD2DEB17F7FBFBEDF0F508FE05FB13
:102BC000FADFFFF2FCFD090CEDEBDBEF00F11EFC80
:102BD0002011EFE70B0B01E400D4EB1BF305FD0A1A
:102BE000E8060C09010D06F70EF80B09F9EE05EEE3
:102BF000FA200F0A110D0206FDF2F217050C15005E
:102C0000EE090A080CFAF40AF40D02FE02FB0603B0
:102C100001FB191C040518DC14E60200FDFDFF2170
:102C2000F9F0FFF9F5FEFF04EEFFFADF0DF716E805
:102C3000F4F7FCFAFDFAF802FFEBFF24FAFD02E5D7
:102C4000FDFFFAED15F6EFF917B1FC0A000D01FDD5
:102C5000FEF60A0EFEFD01FC050206FAF8F7040670
:102C6000F6CE1CF307FF02EE06F4FBFBFD090C0297
:102C700007F2EC03FEFF0CF2032502F6FD00030F42
:102C800002DBF303F20AF2F7F4F30009F2CE1FEECF
:102C900024E8F30205FD0B07FD000507F5FD010122
:102CA0001005FA160A00F214182808FE010EF9EEB3
:102CB000F81B0811FF03EC0D01FBD9F10C1A0109F7
:102CC0000B2109FBFF0509DBFDF2000C08FDFB1CD5
:102CD000EEF3E014EE060FDFFD0CFD0FFA03F6FB3A
:102CE00001EF0BFFF5020401F2080D210CEDFB05CD
:102CF000041DF100FD110700011A02080FF205136F
:102D0000FD08EC07F805F3FAF710F6F9FB0C0507D8
:102D100004EB00F321000420F1EEEBE4F82C18039F
:102D2000FB060C04F90E00F805F107EB11FDFB1D85
:102D3000E7F20C0C0A0CF7F4F60AFE00FD01081588
:102D40000A03FDF802FAF507F4FEF7140A0406FD7B
:102D500025F8F8FEFE0FFA14FA0CF91406F304E74E
:102D6000FEF5D7140D1915FB0FF909F6F90106F355
:102D70000A0103230C020CFFF7F3040923FE14FEDF
:102D80000BF904F90101FDFB0122FB0AFE07FF011B
:102D9000F3021B1012FBE40614EE0600FB0505F51A
:102DA000F316FBEDFAFF080908FD1407F3FDF81D03
:102DB0000D0F0607FDF5FB07052701FD06030205BC
:102DC000FE0A1810E30EE10DE8D5FD060404FF002D
:102DD000FFF311FFFF000014070BEEFE0F0DF308C9
:102DE0000717FB0502FCFB1A000106F8FF01F8F9C2
:102DF0000800030F1616E711FC060400FEFD04048C
:102E0000010D0AEE010105080BFAFD04F70CFBFEAB
:102E10000902F1FF04FEF4F6FC0A07FE1003F806AF
:102E200005FD0403F0F9E60108BC16FBFB1302E9FB
:102E300007F801F9020204F7EF0002ECFAED01F5E0
:102E4000F7F7100004FB04000E170112FE0903EE51
:102E5000F80D1112EAEEE6FF06080204060006EF7E
:102E6000042104EFF90BFBF6F00923EEF5E7C0159A
:102E70002A1CE200010407FBFE01020AFB0706FC14
:102E80000719F3FF06E7020CF710F9FE0A0E02FA23
:102E9000070F0BFB020903FCF2FB00050907230FD8
:102EA000FFFFFAFF0108FC070306FDFE0A00FC070E
:102EB000060C0EF0FC040C11FBEF04F9F304FC0902
:102EC000021CEED6DA0CFCF5180D1FD507F2B80D72
:102ED00021E70105080A04FAFCF30108FAFDF6EE01
:102EE00029FFF4E306E6F6F0060611FE060502DB0E
:102EF000FFE70D170610FB09F504F90F20EFFDE0C1
:102F000004031A040612010B06F90300050600F972
:102F1000F803F81BF8F91817EEEB0CF10809FE0A94
:102F20000D1502F9080712E8F514FEF804FC2A054D
:102F300009F310F1F6EE10F0FB1CE5DD0606FCD3FC
:102F40000E021B0C1D1B1E1A15BBFF0E04E30FF215
:102F5000FAFEFCE2E0FAF3DF1B0F26030809FC1E71
:102F6000E7FAF81304FA1319F70C01E9EFF9F8E49A
:102F70001A16FD3CECE3FF0E15F409F8F9F0FFEC2E
:102F8000F816090EF405FEE3151331080EF3E715E4
:102F9000221F0BFEF7FB04D90423FF06EDFEFEEF14
:102FA000FFF3122916FD0A15091B05ED08F503F9B3
:102FB000FED907DEF605FEFC02FD280CFFF8FD0E2B
:102FC000F8070E0909FB020AF7040CE606FE0114D5
:102FD000FB1E0310021EE509E3FBED01F6FD0207EF
:102FE000FE1DF4E6EDFBFAFF031711BDF5E2E9045F
:102FF0000812F907020701F708EF04040302F1269B
:1030000004EA15DEEEEFF52939F605050B0DF1F2B0
:10301000FD0503FF14FCF817FBEAFF0FF62FF90C70
:103020001517000A0A10FC030923F21E020F00FA0A
:10303000F202030C0D0FFFD0D4EE0802FB01FC0FCF
:10304000FFFDECE30102F9F7F70418DEFA08E509E1
:10305000C9F0F8FE070AFBF70814FF0803F9FAF5B0
:10306000FE18FDEEFDE8FF06F30AEEF504100BEC8A
:10307000020F0CFE010808140002E207F3F80FEC3F
:10308000000E04F8FF11F9E7FAFCF91306090F1214
:10309000E6F4F1F4E10946101906F9FBFFF8041112
:1030A000F619FB00F0FC0E0D0304E90FFCE819080B
:1030B00007F3FFFC030BF902F6FE00FAFE01FBFF2B
:1030C00004F5F1F608EAE6F9F8CAFE05F207030A84
:1030D000FCF8061A18EF0EFDFCF804F3011AEF02D3
:1030E000F0FF01E9FBFD1105FEF10209FCFE030101
:1030F000FA0908070808F6F013D0F903F3FFFB0AF2
:10310000F011FF06F7FAFF05FF04FAF7FDF90112C7
:103110001413FC0302FBFF13031404F7F0FDF6FE87
:10312000F5FAED02F801030D09FB06EFFE0700C5F5
:10313000F41FFE0C13F2FBF8F9F4E2E7F612FCFCC4
:10314000101603F6F6FEFCF31617FF12F617040A24
:10315000EEFB07F10B0206F8070EFEFA000005E58C
:10316000F104FEFB0105FC0606FC0F16FAF9F90056
:103170001917D3FDF60300220530FA051209FF13D3
:10318000F8ECEDE8DD03DAFE280CF7F8FD0EFEF0B2
:10319000F806F9ED21F4FAFAF802E4F90217F60E4E
:1031A00009F41A08F60008F600E800E600F6001632
:1031B000E9F1DC18E814E3D606040901FDFB09FF78
:1031C000FAF5F8F9DE00F905090115F20902F0FF38
:1031D00026F4FDFD091A020DF9E907FC310DFC0288
:1031E00009F0E0E7F2FCFEEE0BFB1EF8FC140DFE0E
:1031F000F3E1FD111706FA08F4F0FF070E2EE6DBE7
:103200002AEE220AFA0CFFFBFB1D07100006FB0941
:10321000F90911154301B1CB0AECFA0C0B04FFF3C9
:10322000FBFD0402FEF506F916FBEC180AF23CF071
:10323000E4F70400FEF9F715FCED041314FA0A0391
:10324000F3F8E9F9FDFF14F40FFA1003060CF80C7B
:1032500009D40FF201F30105FFFA00E70B1BF7F8A1
:1032600009EB1900000BF805F8F600F9FA0106065B
:10327000FD0015F81E0BB9EF1405FBFD020EFBED6A
:1032800003FD052208F7FD1902E4E310EA0E43E806
:103290001E2900070510FD0F01F308FEFCF7040BC3
:1032A000F3F30B05EA0CFBFF012B1AFCF50BFEDE1A
:1032B0000230FF24FC0009040308ED070F02F307A6
:1032C000092AF600000FFDDF0A19EF17050004ECCC
:1032D000F6F8E4E601F90112FC25FCFE06FF08DC25
:1032E000FF1305FDFD0D011FF6F51918EAE0E013C7
:1032F0002C27F802F9130516FC2CFD011406010A0F
:10330000FA12E900F708040AFDFFF1ECF514040CC9
:10331000FFFF06FDF60200F8FE05D8F40224050BB7
:10332000E6EFFF0B010F07E5FDF000010300EC0ADB
:10333000E507F0DB110705D40F0A100A01FBF5E4DD
:10334000F70406DFEF00F30C110517EE071901F47F
:103350000FFDFF06FD09040DF9EC06151206FB052D
:10336000FEECE9DFFBF012DF0CFDFEFEF00301F6E0
:1033700004EB0C150DF90AFAFEFDE5F802F7FCE97D
:1033800003F708FE00FC00FBFAFDF9FF1B05FF0335
:10339000E50A0E0E00FCE6FDE3F9F70009FC03FB6D
:1033A000FD17F902FCFA07E905FA10FADFF6D81062
:1033B0001CFDF603FE0E05DF0E120019FA13FAFECD
:1033C00004FBF40CF0E8F710FB3F08F6040EFFF3E3
:1033D000010DF80E0C14FB0E0CF3D7E9CE192204E4
:1033E000FE1EFFFCFE0704FF03DCFD1002F907EEE2
:1033F000F7E2D50FF31E3F09E119F9F204020000CC
:103400000408FFF9F103F8EDF7FC01DE0218E6F815
:1034100005F3EEFFFE0501EE03E90AF405100B04C7
:103420000C08FAF102F206F3071301040305000287
:10343000FFD8FB03200F0224FEF9E2FDF4090BE89C
:103440000DF70D08F906FC19FECFFCFE07F6032464
:103450000305F71208141EFD00E9000CFF08022402
:1034600000EAF30C060500ED08080DDCFE29F7FC68
:10347000D206FC0AFFF4F50701ECFCF9F405F5EEC1
:10348000FFFAE8F707FD0AE1F90CF80100F302F290
:1034900002FFFF01F9130512F3ED1713F7F602FC13
:1034A000FEFB07FE0CF90710020C02ECFDEC0E040B
:1034B000EF0E1C1309E8F9FA04EDF4060E100202EF
:1034C00000ECFE08150111FFF3F803090BFD0805D8
:1034D0000706FDFFFD0004181200FFF3FCFF0D02BC
:1034E0000804DF090C1806D4FFFF03FE09FD02EDF6
:1034F000F918FFF80C04F2FE0506ED130EFE1E147B
:103500000DFB10EF0BF905F8FA01060AF6FE0BEEBB
:1035100000FC010D12F4FD1015F806FC030DFD036F
:103520000A13F60D11F7FFFDE4FF0100F6F0110498
:10353000E6FC08FDFAF601F6041607F51106FD098A
:10354000FB001D00E108F8FAC7DFF7F4F4000808F3
:10355000FCF2FFFCF809090509FF0FF9FF0A090051
:10356000E4CFDC0FFFFC131F06EB04F8FE1008F29B
:10357000081410D1EEEFF1FC2612FEFEE7F400F67F
:1035800003FDFD0EF404FBFC00FC0205FCEA271120
:103590001BD51BF9F8F00EF501F902FCF1FD01EC69
:1035A00006EF0A08FF070A04F3C212F808FA0CE64D
:1035B0000DD505EEFD000AE2F9092BEC06CAF4EC84
:1035C00004B4FA050AFFF70AFE0108F7FAFB0DEE4C
:1035D00012FC1BFFF8DDEE27FF21FBFCFEFBFEE1EA
:1035E000050600F7FA0F0006FF01F6080AE8140CBA
:1035F000181009F00601F8D1F31203FBFAFBFA18D0
:10360000FCF5F5F709DE0AFA29E424F706F5FBDBF9
:10361000FF0CFFEBFF04F50813041FF7F9F2F9069E
:10362000F10002F809ECFBFCFF1B0309F01902E9A9
:103630000202FE0FF4F70422EFFBF50CF20A020F70
:10364000FC14F325000C0216FDF901FA11FAE40A44
:10365000F605E60601FD0AF20204F7FFED19F4078C
:103660000B04F91A13FF06FA0D0F01FBFA07F8F91C
:10367000000BFBFAFB0DF4F306FC001D152F010CEB
:1036800028150C03010EFF05F4FCFE09040DEF03E1
:10369000FBF9D618F24012C1E1C11104F602000D87
:1036A000F8F800DFF3F9F5E901FF1EF111FACCFF9C
:1036B000C8AE020607F600FDFE0BEED5D8FAF9D328
:1036C000290A2BF405CBC30FF4B411FB01EE04D788
:1036D000072503E6DFFCF6DE1B3B3B12FDD5E117B9
:1036E000060BFD04F804FDF1FB210AFCFF02F6EBDA
:1036F0001808000AEFDA0C0FFFE71A0806F503EACC
:10370000FF1008F3FB02F8DE0D13F9F914EAE209E1
:10371000173CF80008F705010600F0F4EE0B09DC91
:103720001DFD19032FEEE5200302F3F608FFF4EE6A
:10373000F924FB00FE06F7F303FAFDFFF606EA059F
:10374000022A0E0A0410060400F704F902FBF9F934
:10375000EBF9F00C0A1DEEF601FB10030C0302F965
:1037600006F503F8FC0508F00DFA10DA18FAF9046A
:10377000FAFAE608F202FC11041302F20FFCF8EF69
:1037800008F21DF3EB0D0505F807EBFEF30C02053F
:1037900000071000F704F1090CF8F6FCFD05FDF236
:1037A000DA010AFEFBFA0CFFFC02FE08FBF9FB152E
:1037B000F2FCFF030E08F602F1FF0E010700FB0307
:1037C000FB09040200FB03FFFC0102FDFD020B05E7
:1037D000DF00F9FA0408FC0B0108FDF6F6F70A050C
:1037E00003081FF2E50F0DFA02F00502FEFFFC1EB2
:1037F00006F1FE0807FF0014110808F7F50D0F1376
:10380000EAEEFBFAFCFC0517F903F9EFF60601FEF8
:10381000F20111F70807FCEFFCE0F7FBF40503D910
:10382000F3320113F3090305FAE914F4ECF8DD208F
:103830002936EEF70B2807EDFBE820050500FA0B0B
:10384000E4EAC9DDD6FBFCFD2E211800FE1DFCF1CB
:1038500005EE02F806040509DAF3CED6F604EAFB13
:1038600001D01307FDF9FAEF04EB010D0FFD05116F
:10387000E000021F24F8B8FEEBE4F111080803FE93
:10388000FFFF0CDF24FFFC2F09EAF5DEFA2FE60F1D
:1038900000F9DE090A1DFF07FE1312012FF5FA21B8
:1038A000E30CE7E3BC29FEFCFF25050CF710FE1C2A
:1038B000FC4D032202FB090AF410D3F124F3E2F1D8
:1038C0000E0802F90BF906EC00260123011309E9A1
:1038D000E4041BD034F1F709EC00080306010309E6
:1038E000FBF51A0C1E0C03F0E9EFF923EC3EF1DABC
:1038F000D30CE90A0907090CFF18040C041017007F
:10390000F5080ACBEE0300E2FA10F9FDFDF70E2CE4
:103910000714FA05040516F7F009CEDE1415EEFBC0
:10392000CC01F903030C010F04E6F9D7FCFFE1F821
:10393000010606DFEFFDCEF221100606FAF9F7E2E6
:1039400001F70CF30209FFE40AFB160B0EF604F76D
:103950001FFB1300F80BFCEA01E917EE19FA00FE51
:10396000F4F5F2EDDC0504ED03F81600FB18F8F6AB
:1039700008D5072EFB0006F8FC09F5F602DEE2D8B2
:1039800005F4FCF50E0906FB0E09081AEFF70BFA11
:10399000F2F418F028E4D30AF910010505FC05F942
:1039A00001FE020103FCFAF8FDFFFBFD07F6FE0332
:1039B00005FB01FBFE0602FFFC05FA03020603FB02
:1039C000F900F90101FEFF07040005FEFFF90002FE
:1039D000FCFF0107FD0302FBFDF903FF030501FEE8
:1039E000FB050302FA02FF03000103FFF7020405CF
:1039F000FDFC020000FD04FEFC02010101FC0206C8
:103A000004FAF8FD0106FE000504F9FF0800FEFDBA
:103A1000FEF004FE050200FEFCFCFF00FAFB0001C4
:103A2000FFFBFAFF02FBFB0CFFFAFC02FCFD05FDAD
:103A3000FAFFF70204FDFF00FA02FA0000FC00FDA5
:103A400002FA04FAFA01FEFE01010BFE050502006E
:103A500003FE04FFFBFB01FF05FF05FA0201FFFB6C
:103A60000303020200000105FDFC0904FFFDFF0441
:103A70000FFAFEFFF8FFFEF8FF0103F9F9FEF70267
:103A800001F9FBFFFC02FB0701FE020000FFF6F953
:103A9000010000FAFDFF00050408FD0000FD00FC28
:103AA000F70004FBF8F6FF07FE0204FC0502FCFF2A
:103AB000FD01FF030404FDFEFD01080103FE00FEFD
:103AC0000301FFF9FD01FE02FEFC0302FB0002F907
:103AD00000FFF901FD000104FDFC040107FB0000EB
:103AE000FAF901FC00FFFCFC02FB0301FBFD0B04E7
:103AF00000FFFEFD04FCFDFE02FAFC060404F9FBD7
:103B0000EE02FF0302FBFD0107FEFD000204FEFFC3
:103B100004000404FDFF0100191C0705FBFBF8F578
:103B20000410FD04F7FEF60101FE002BFB09F31261
:103B300005F509FEF604F9EEFC0AF4F2F8FEFB1AAC
:103B4000F202FF2E0CF8E5FAAF000EF4FEFDFD10B8
:103B5000FEF8FEECE803F801F00B2B141FF7EEF271
:103B6000F31AE20C07FCFA12FC160AF80CEFF20B3F
:103B700009120FE709F2F0EA000AFBFFFCF6F3F383
:103B80000D1DF2FEFC04FCF4FE160A0EFADEC90F4F
:103B900023E6FFFEF5F5FCED000A05E9F4F600F575
:103BA000180007EBFCDC04F6FCD501F700F7F40A7B
:103BB000F6EBFEE704FEF7E9FEFB130BE7D3FAFF93
:103BC000E3A4ED060B00073701FBFFEFFFFD04E068
:103BD0001A221FE801F0D601FAE501FDFA060805F0
:103BE000011FFC11F6FCFEE92E0EFFE0F318C40ED7
:103BF000FA050A07F3FC000001F60219FF07F1F3CA
:103C000003EAEDDB1D0810F11C0C20040DF009E89F
:103C100008050609ED0601E004020702F9EB04FAC3
:103C2000250FFAF3FEF4FD1C07220A03000000E64C
:103C3000000608F702EFE0F606ECF40C0502072B8D
:103C400003F6F81002FE00ED120706F4111227FB2E
:103C500001180203F3F40300FCFBF8FCF7FAF40B81
:103C600007F9F7091BF018FEEC0F0BFF09F0010034
:103C7000F710F9E30202F50BF5FC070FE9EBD8FDAD
:103C80001A0FFA0505FA051D0322F9FAF2FCFAFEED
:103C90000003F702FB0FFC08F1D802F0000208E66F
:103CA000FC04F6FCF3F804F50BFC0701F1EC2F0A19
:103CB000EDF00500F90502F60810040CE30A0AF31A
:103CC0000901FFE2E8F017FB02BCF0FBF5FBFD0E7B
:103CD000FBF4FEEDF5FC06FB0CF8EBEFF0F802143C
:103CE0000DC2FF020500010405CDF6F3F70603E758
:103CF00000FEFC1FF0F9050012150304FAF8FBE8BA
:103D000003FDF609FF08F4010504E51C060A17F691
:103D100015390B0C000A06E9FDE900E5FEECF30A93
:103D20000DFFF5220C0CFE070F161104080605DB2B
:103D300004F3080FFC0DFEFFECF6F80D10FA060C6C
:103D4000182F0EF9FB0303E001FB09EE09FF040F36
:103D500002F8FC281EFA06F9F01F04FF06080EF709
:103D6000FA27FEECF6FDFF11FBFE0AE8ECDBCF10B4
:103D7000211EE704041112F9F31B0A140911F908B2
:103D80000303EFEF01FDE9031E18F2F50306FAED58
:103D9000F10501F50E12000CFAF2EDF2F4160F0720
:103DA000130405FA06030006FAF6FE0013FFF920D5
:103DB000F2F205FBF50536F5EADF060801FDFC1118
:103DC000040204ED0BF1FDFFFC0D02E0FF27E00310
:103DD000FBEF05FD000EF609F8EF0404F1F3FBF22A
:103DE000FC08E8EDEE0711F8FB02F600FE0501FD08
:103DF00003FCFC1B02FCFDED00FAF3F008151DFDB1
:103E00001E0DFEFCFC00F5EE04E504F9160507F6B0
:103E1000E500FB06E4042605FFF8F607010002FCB6
:103E2000030D02F3F109F5F8FC070DF0EFF2E405DC
:103E3000FE100401FF01080AFAFD04E5FF1B03EF71
:103E4000F21021E80FE2D8FD050FFCFA05F502F8A3
:103E5000070F04FF090C07E502FC0AFE02E4ECFC74
:103E6000F8ED0AFBFE0D0A0303F400F5030002FC63
:103E7000F3000005F3F600F7E3F1FB08000B090877
:103E8000F105FAED0B05FCFE000BF7FBFA0FF7FE50
:103E9000F6B100F40211FE0CFCF103F915F9F9EC8E
:103EA00008EFE8F91A3022FD0AD50002040AFE0DD7
:103EB000FAF2090DEBFBFFE2F4FBFAFC10ECF1F077
:103EC000FFF6F50EF503FF020A0F01EFFEEF06E61F
:103ED00009FB1AED1DF5E9FDFFEFF402FC16FE11DA
:103EE000F7DE0323120B04EAFEF3E4FA0130FCE9E7
:103EF000D2F7FFFA0A0505F000E800101E070003DC
:103F0000F7EFE1F112302FEAE0FD050A08FF081B88
:103F10000409F405EEF5120BECF70BFF03F5F8EBD3
:103F200002F1F2FF02ED03F905F70BFCFFFEFBF1D6
:103F300017FD0FE1F9DF1D48ED030408FBFDFCF45C
:103F4000FD0306F6050509FCF0FDF30E05FC110066
:103F50000C03F7FD0E0800DE010700F1EFF8131463
:103F600005FA0620F3F1F707EF06070408FF00EF54
:103F70000BEE01E7F700020B01FD09E8ECFBF00C8A
:103F8000FBF809F9F9FEF61705E8FBF40100FEF469
:103F90000401FA00EF05F61B202EFF0206EC03F9E0
:103FA00011E9F5E4020707011401F3071926E3F10B
:103FB00006F1F6F4FAF011EFFE03F4F0FA0301F95A
:103FC0000E001441FE17F90523F808EEFAF4032158
:103FD00000FE0FFAFAF9EB0603F3F2300A2C09FBA4
:103FE000FB2F061205FDF90D06ECFA080AF9F91B7C
:103FF0001E01F30E052AEBE7071A0A0B0A0108ED6A
:10400000F4F209FF04F0EF0B030A39131401E4087A
:10401000F543ED0AFFEBF7EE040C01F6140702017D
:10402000F2F10001FDE2FAFEF9FBEBFDF2F90535D4
:10403000F0E408CA19F11014F9FF23DCDB0B1504B6
:10404000E504FD0809F3133900F410EF07FD061F1E
:10405000F71CFB0CFA1536040107FB00F9F7FDE627
:104060000E0C09F5E4FE03FA0420EDF010E1F4F97A
:104070000CD8050CFF00FBDE02D40DF0F20200EEBE
:1040800007F815D716CDE30407DA12FA06FB08F78E
:10409000F70EFCE2F6EB14E20F1918E6E8E1000D6A
:1040A000F0F4EB08F8FF00FDFD1DFD010BFE0DE631
:1040B0000A170CEDF2D4DCE704F60210FF03FBF95B
:1040C000FBF000E8E806F5F31412FAFBFF04D11147
:1040D0000FF2F40A0D03F6C916F9EC001903010AF0
:1040E00005F6EDEC34D7251AFEE801FB03F8F9E0FC
:1040F000FC0509EFF2F6F3F7FCF7FA23E9CB3DEB09
:10410000D30401FFF902F6D1F61FF1F0F1E60CFA43
:10411000FD02F6FEE5E5162CECE8FA00000013FAC5
:104120000028FAE9F70FFBF4FBFB19FEDE08D909BA
:10413000EFFEFB04FF0A08F40B12FFF00F06F70175
:104140000E03EBFFEEFEEA19081500F5FE0404F479
:1041500007FDFF17090FF204FAF8DDFEDC1326094C
:104160000129F702FD06060707F4111E06020301E6
:104170000401E503F20B3DFAF5F105FE090106FE27
:10418000F7FE08F9FCF8FBF605090B010141DCFC20
:1041900001EF0406FB0AFFF7FDF617F4080A02EB2D
:1041A0000F04F8FA0C11F9F3F5E4FE03F608070919
:1041B00009E410F913030E0EF2F1FD15FBF902EEFE
:1041C000FDF51106010AF60D0AF601EC0809F729BA
:1041D000FF0B0705F71525EE07FF0705FBFE091284
:1041E000022704EA02F5FFF1F90C2EF2FAF5E901D3
:1041F000F50FF700FCFBF8F9FDFF08F3EB130FFDDB
:10420000FC09EAFE0EFCF7FCEE1BF80204FD0DF4BF
:104210000C0FF9080BF710FC0105FD090CFB02124D
:1042200028F20E0902070001050703070DFE07FC2F
:104230000B1602FDEFED0EECF5EAFE030704011587
:10424000070602F5FB0C06FE0C0D06DC0212D80A6E
:1042500023FD020BF611FFF60BF5070708FDF8EF3B
:104260001A00E7E317F905E2FF0706EE040403EC82
:10427000F718140BF9F70102F1FBF10D1BF82FEF02
:10428000FA030FF9F502F9EEFC0C0E13EA030EFC2B
:10429000F70AF10616F71011F211FA03FAFA04FC04
:1042A000071208FDEB010F00FEFAF6EEFBF304F92E
:1042B0000925F3F60C18FCFE04F801FE01FB0412BC
:1042C000E0E6FAEEF904E9FF2104FCFCF202FFE962
:1042D0000909F71E010105FDF3F2E1F8F522F301EA
:1042E000F6FB07FC030E08E702F1F81CF405FDFCE1
:1042F000F6F5F80116090306F4E2F303FE090609D0
:104300000B040AEAF8040618EFEE02D30308F2FEE3
:104310001107E701080B0706001D1004FCEE00134F
:10432000FCFDF7EEE7EDE8F51BFFFAF6F30F00E30F
:10433000F71FFA0F0602050D09FCFBE8160406E458
:10434000DF0B00F804FAFCEE04F7FC131507FBF78B
:10435000EEF10BF403000CF6F8F2F4F200F9FF08AA
:10436000FEE9FA0E0A05FAEAF3F711E6E916180271
:10437000F903E7F4070AFF1AFA12FE03090402EA36
:10438000F404F1DAF023F9E5F3F4EC08FF0AF4138E
:10439000FFE00FED09FE0403F405FEF5F92D1315FA
:1043A000F9EA091109EBF50AFEE0F6E205E6F20684
:1043B000F7FDF70EEF0CD8E5460CFBF20CF401CB41
:1043C000F1F205F50800F8F71004FB39F4FA12F3DE
:1043D000461AFEFE14F8FDE002EA09001B0A040278
:1043E00003EFD71DEBF329EE14F41EF9FC0300E4F0
:1043F00002EA032307F61305EBFE05F70FF9F9FEB2
:10440000EEE9091205EDF8140B05EB0BF4030EFDB4
:10441000F90A230111DDC6E30BE2FD0600FAF5E718
:1044200004E5040DFBFE0AEF05F9F4FE0BFB10009A
:104430001300F5FF08FF0501F9D60416F8FC02FB8E
:10444000ECE3F4E2011916FD1E3702FB0705020436
:10445000FCFB02ED02EC0AFBF400FDF91911FAFB7A
:10446000FAF31101F9FC08F6F910FD00FAF90BF363
:10447000EB00170622F9B80A03ED0405FC05F70264
:1044800002F3FE050A08061AFCF9F6F0F1EE0B013C
:104490000514EF060DFF030FFC1AFF0BFDFF090FBC
:1044A000EE021007CCF405FF0614F604020404061D
:1044B0000330FC0DF4F6F505141DD6F1F605FCF3FA
:1044C00014100BF701FF03FCFFFEFD0AFE0903E2D7
:1044D000F1FBFAF701F7F203FCF20CFA04FAFBE73E
:1044E00001F20C0E02FD02070CF5050DF602FDF5BA
:1044F000ECF1040402080216010DFEFFF9000A01A6
:10450000F70604E0F5FC1BFBE9F5FB00030A031CBE
:10451000EE01000403FA07020204FDDE040A0E089D
:10452000DDF6030700FEFCF405F0FB0AF7F9F608D8
:104530000C0305090305E4042D100A0900FB04E43B
:1045400001EF05F400F8F7F504FBF81D130608F574
:10455000F4FC1007030AF3E6F9FBFFF4FA01FAFB97
:10456000FAEDF910EFF8ED00E6FB00FB070603019A
:10457000FEF7FF0700FFFAF9010C01FA04EFF81942
:10458000ECF7EB0106F509EDFB06FE01FEEA01F290
:10459000F2FD0AD704E3DF25E211F60A02FFF40870
:1045A000FF1D0814F6010311F104F503F9ECF30201
:1045B000F6F60507F30F07FEFCFCFF110409041CC7
:1045C000E60EF607F900F7F20915F906F405FDFA0B
:1045D000FF020C0EFF0A1009F8FBF3F0ED0212EDDA
:1045E00007F8FB02FC0D05E001FD041901020C0AAD
:1045F00007FD16F4070C0909EDDAFC02FCF4031EB2
:1046000004FA06D70BFFFF15F401F9DBF70ED60706
:10461000EBFDF207F30EF80CFDFB08F2EEFE130FB4
:10462000061401E3010CEB080502F80DF80AEFE4AB
:10463000FF33063303F7FEF7FE01DE0211EF0AF443
:10464000E91BF701070B05FFFB140A1E04F0051F09
:10465000EEFBFEEF130337F710EA10EC0508FE0B34
:1046600000F009201309F6E803F60726F63621EDD7
:10467000F6F2F804FEFF01160400041414FFF9EF2B
:10468000F1F0E4EEF92F26E3EB0E0402030F00181D
:1046900003F10609FEF7FBFF03FEF2F80614020021
:1046A000ECF3FEF60202FC03FCE504FDEDFB021454
:1046B000F300FCEBFD09FEF25A22ED02FA0301F0D1
:1046C000F90A17F60504F80303FBF922F8F616F9C0
:1046D0002E0D0903070900E6021B130501010CFB5F
:1046E000F2FAED1504E40006F4FF0DEEF1F803FD17
:1046F000FDF60011FCFC110CEC070CF314D0EC0FD0
:10470000EDF40605F9EE0E0EF70A01FCF80A0AF9B7
:10471000F6FF19FFF1F7CF18110FF6FE03F60700A9
:10472000FBF9E1F5F90BFC130BFCFAFCFB0EF015A1
:10473000FEED090DFF04FE0A040D11FEFC0DF3FD54
:1047400000FF0A0CEBF2ECE6030014F9F616FEDEAD
:10475000F2E50AF5ECF9FBF8FD0DFBFFEDF6EF07CE
:10476000F40412EDF1050706FE0CFE190804FBF82F
:10477000F9FD0CEBEFFD00FF00001206030601003F
:1047800000ED10F713F30A1A09F5010BF116EDEC21
:10479000EF19E70A0308F0FBFFF01CF61607010605
:1047A000F502F400F501DDFA00DB17F90E15F9F456
:1047B0000C161E131AFA07FD0009F00BFDFE13027A
:1047C0002C14FCFC09FD04F7F324F81D03030B046F
:1047D00000F5F6ECE1E3F7F20BFFF7EBFEEFFAF88A
:1047E000F61013E7FE0103FAEDF01E03FCEFE7FB02
:1047F000050EFBFD08FA09F50317110D100F0EF950
:10480000F90A00F8FDE9C9FEF717F1FBED0A040DFE
:10481000FE05FF1306F7FEF4F80800DE1306FBEBB7
:104820000900000103F6FDFA07040200FAF2F71C82
:10483000FCFBFCDBE6EDF9D1F529F5F6F7FE06F217
:10484000EE11FBFD090AFBFA010C1CC70509D3F99F
:104850001CDC02F7EE08FEF2FED409EB00FD0DFDB4
:1048600008F8E6D9E7F1F4F028E20908FC0DEFE7D3
:1048700002E8FF180106F9EF000610F519E7FDE55B
:10488000D8E9FEF20906F9F9F9E6FD03FCF010F8A3
:10489000FD002300FCFAEF1DFBDEFD01F2F9010A29
:1048A000F6DDFCFBF70508ED000102F503F314F05B
:1048B000E7E3EFE805EEFB06F9030312F7F1FC046A
:1048C00013FAF00F04151001C20DE8F702E6051BFC
:1048D0001109F804EC0A060B1B16190E2C1218FF0E
:1048E0000BF8E404F9FDF7030A0501E1FF0C0DFBE9
:1048F0000C0601EA08F3EFFA141403FFEBF7FAEAE7
:10490000F5F4F32904F7F10B02EE111DF9EB3B046A
:10491000F11D25090EF1060103F4FA18CE06070071
:104920000902FF1FFFCAFCFFE9E9030E00F6000EB3
:1049300001F5FAD2FAFE06100F0D220005C9FB1789
:10494000F4E2F80301FA13E5F7E9FFEBF10CFDF0EF
:104950001C0D0323E6F3ED1B00400710F1FD0BE4F3
:104960000009F5F3E1F2F422EFFBF711EBC5400F7C
:1049700018081C0209FC0BF1FC0CF306E902F927EC
:104980000814001CF0CFDE3911E2F8F502FFFAEC52
:10499000FA0DFC03F20EEC0902090E17F7DDF11116
:1049A000FB02FAFE07FCEEF7FBF3FEF4F222F9F24B
:1049B00001E80B0BF50C26FEE805F50203F9F7DB21
:1049C000FD2CFDFFFFFCF213EAFF1FEE04E1F913DB
:1049D000DE08FF080EF7000CFE16F1ECDA0FFC07FC
:1049E00019201AF6F5F3D128EB05E101000A0009B8
:1049F00000E801E30701F6EA29F2EFFAFB300817B5
:104A00001C29FBEBF20308F6FDF5F7190B0BFB195C
:104A1000FBFEE1000E4842D51317F906FA0014FD1B
:104A2000F8200F06FDFCFE05EE0A1405E9D7E11596
:104A3000F909060DFB0207F9FF0404FEF308000361
:104A40000D0C0012FAE0D4FB08190905010C07004F
:104A50000E08FBF00701F4F40A131B05E9DCFB0662
:104A6000F2D90606F70803F9FD0BFBF3F9EC00FC9D
:104A7000F70DF3F8F2EDEFFCFEFD150A090F00F754
:104A8000FFFFFAF112080502080910F7F510DA1114
:104A9000EEBA00EE0A1003F5FCFAF5FEF80D05F487
:104AA0000402F2E40437FB00F509140B06FDFA05D5
:104AB000F9FFFF0EEDFB0ADFF3010BFE0CE5DEF361
:104AC00008C907FF02FBFD0CFF06FA00F0F0FAEE42
:104AD000120413CD14D9EEFC07EFFBFB050EFC20EE
:104AE000FDF0F823000604EA0F03F6040A3804F781
:104AF000D5E90B020701FAF308D60E040AF6F8020C
:104B0000FCE6E2DA2A2444F1FD0A0F02FDDE02008F
:104B1000FA130613E709FBFBEBFB1815F9ECEDF5AF
:104B2000FE0BFAF8FCF702F900EC14FE00030BFA96
:104B300012FAF9DC100E2035E9EBEAFF0409030C48
:104B40000A0E022D0C01FDF2EE03040F04F5140011
:104B5000F5F909F8F305FBF3ECEDF5E5FCF5130DBC
:104B6000EF000718DB0506FDEE090C0B16F603181F
:104B700001F600E7E900070E05FB18F4D9EAD2F2C6
:104B80001FFCEB02FAFB0B1700E0FEF5F0FB010B3C
:104B90001E0301F9EA0403F9EFB1FFF503EC05F395
:104BA00007FBFCE4F400FBF5030F0003FAE0F90354
:104BB000DDEB10FCFCF30FEFFFF2F1CFE40B01D4BF
:104BC0000C0529000DD5EF17E0D6F913FA00FB0309
:104BD0000121000BE10001DF140B18F2F3DBEF1CE5
:104BE0000509EC0703FBF9FF0A0EFDFCE50AFCE8EA
:104BF000130B01F1F1DC110F0CF5020800F209EEC4
:104C000000FC03F5F1FAF7F50207210005E9DF15CD
:104C10001ADA07F005F606D5FDF9E7EFE809F2F232
:104C200017F1191619E7070F08CAFE03FBFB03F774
:104C30000400F9F0FA0EE5F605FEF01400FAD90FBB
:104C40000CF71106000702E50BE2FEF30CF3F3FC90
:104C50000EF9EE08F916FBF1FEFCFB050209FB0A52
:104C60000701FB00F9FEEDFB05011DDF0C10DE0462
:104C7000F915F712FA06FF08000002111700030BDE
:104C800008F510F3073015070114F40AF8F9FF18B6
:104C9000FCEBFA0D16000608EFF1ED10031FF90406
:104CA000FC0D06FB0A0BF7F001F6FE211AF40115C4
:104CB000FB0A0708212D0ACDFCE1F7F7FF0DFC05E3
:104CC00007F604F202F804F8040514F6F5011102DF
:104CD000D7ED11FE01110409F3F7FC020A05FFF5F7
:104CE000F80702F4E7100416EAF30707FA02011ABC
:104CF000040C03F6F3080B0DD6F4FAFDF0F911F9E4
:104D0000EAFF02F8F802FDF801FC1006FAF40B02C3
:104D100007130900F6FF260BDAE61202FBFAFE1C67
:104D2000020AF9E5FF07FE000E0925EDF8F5C2FEBF
:104D3000D708F80506FEFDED06F106E8190504F9A9
:104D4000F905EA00F71B0511F624FAFAFF0FF8F54A
:104D500007F0FB030C02FDFC04FFE8FBF815290B30
:104D6000031CF8FDF6FEF2070500FC06F602F1FC56
:104D7000F3F1DBE1E00031F2E9DB130AFEF609149E
:104D8000FA0904FCFDFE04EC010B1EEF0613E2FC25
:104D9000D3EEE7F4030001F7F8E111EC0BFA01F7A9
:104DA000FC0DF2F608FF00F5EFEDE903F9FEFF1840
:104DB0000AC906F61BFF072E0AFA0016F80FFE0DA9
:104DC000D9D0FE1202FFFD06FDCD03F305FA01293D
:104DD000000E0908041128EDFAF102000406F2049D
:104DE00003F010070D05F1E5FB0BF3000AF92A04A7
:104DF00005F607F9F001FCF301DD0508F3F80CF402
:104E0000FCF0F8FD0B110B03FEED050907F305F8A7
:104E1000F9E1FDF1060CFF0106051F07EF10EE0397
:104E2000E2F1FD0400FB070313F2F4E708F604ECDB
:104E30001502151B0EF8F2FBF3E4EDF8FB0402F388
:104E4000FEE5F90609FAFD15FBF3E4F7F4FA0FFAAB
:104E5000060A0202050209E907FAFB02F40103FF50
:104E600002F5FC0F0E000008F500040103E8FDE167
:104E70000818FEF90C090201FCFA02190DF7EF10EF
:104E8000040F0B06F2F206F3FE0F040DFD0200FF05
:104E900001030B0403F0FE0B0DBAF5F5F603FEE17A
:104EA000F6D402EEEDFB04EEF8F4DBD8EDEB1FFADE
:104EB0001305F50AFF09F60E10FD10FFFD09FBDCD6
:104EC000F8F309D8FCE007FFEEE005F6F7FCF50C77
:104ED000FD10F9FFFAFA07EEF6FDFDE710DB07F724
:104EE000EBF00CFB00F0F7090B02010F0815FFEFC8
:104EF00000E916DA04F3DB0FFB071F0000F0F9E20C
:104F0000F2EA0910F914FFFBFEEAE008F9ECF7F207
:104F10000ADCFFFE0BFEFE0DFE0A0B10FD10F5066F
:104F2000F20411FAE4FE1EF408ECFFF8F90EFD2F6E
:104F300008E7F604FCFDEE160801DEE5F5340CF397
:104F4000BFFBF1FBF91203F5FFF6FE00F5F9FDF4E6
:104F5000EAEBEFE5DBFEF0FEF80A0318F90408F6C9
:104F600001BB12F6F5FAF8FEF700CA521606E7F68C
:104F700008EFEC03FD06FFEC00EBF9E607ED060495
:104F800001010C2908F50BE9E2DFFEF3F9F7030A4A
:104F9000FFF3F7F00E060A06ECEBFEE9EB02EFEA90
:104FA000EB06F3020B0009FDF8FBFF1303040004FA
:104FB00004240DFF2FF2EB02FB100505FF07032869
:104FC00006E60FFDEEF8070AFBFAFAF9FD24FCFBF2
:104FD000E9FCFE05F2F5EFF9FE15000E0CF6FA14E9
:104FE000F40B0A1A13E9E9FD1D020BFCF8050AF19E
:104FF000FE290204E4FA0A0203FF0C17F6DC10FE95
:10500000EAF7F4FA05F502E0140605EBEFF7FEDE29
:10501000F7F5FC02EBEA032B05F0F90DF9F405EACC
:10502000FA0B03F5F7FDFFECFBF603F4EDC6EA0E11
:10503000E01318FC0B03F9F109FCF314FB1A0BCE77
:1050400001FE1BF0FDCFDAF0212E030BFAF9FCE490
:105050000B0EFF04F10202D1F80B0A09E605DF028C
:10506000FBD9FB09F008EFED06FD1015F90B04DC88
:10507000F80CED08F700E501E817FF0700F0080459
:10508000030DFDE4ED10F70510FBF3F00AFBCC0B6C
:1050900001F9F1EAFC1A0B1FFFDFF1D4F30102F86A
:1050A00001FBF8F30833FE0300F215FE0DFAF8EBEE
:1050B00005FA0724F0E9FCD3FEFAEAF928E9F2EC54
:1050C0000DFCF7FEF9F901EA0507F7FCF1F0F6F53A
:1050D000FF0513E32CF3E7FDF3E20CFF1124062B8D
:1050E000F8F1042C1000FCE402F9EAE80D460EEA9F
:1050F000D50BDB01FF02FE1BFBE1FC0B1AFFF5FFEA
:10510000E9F7D8E925392BE8E3F10006F2E808FED3
:105110001203FE17F1F5031AE3FB07E90CEAF1E6C7
:10512000F805FA01FBF0F900020800FFF0FA03F9B4
:10513000FDFE0FD70BE71F37F5E5FF0AFBF405FA75
:10514000FC050CF6EFFB0FEBF1FFF506F4D81F0D95
:10515000D9F603EE0CF4FEE2FC150BF2F1F1190B9B
:10516000011520F6DBD6EF21DCF7F00AFBFB0B057F
:1051700003F8F4E6EF0A10F9FD0112FECFE3FB1885
:10518000E1FDE1F901FA01320CEAFDF3F506FDF665
:105190001509F0FBD418151FE916020C08FC03FED4
:1051A000FF2EF6EBFF091005EB061112FFF5BBFC15
:1051B0002F130517ED09F9EF03F0FEFFFF12F3FAC5
:1051C0001011FDFFF505130007FB04050DFFFFEAB5
:1051D0000205FB11DC1AF2F602FC03FC020710EFD9
:1051E0000F17F80B01020A03F8FEF414EC09FBE7B1
:1051F000FC031300FAFB1EF6E9E8FE040D0E032B78
:10520000FCF90A031F00010B181F01EB094BDDF528
:10521000FE050E06FA1701FC09DA09FC07FE070273
:105220000D01F6EE243503E00A16060E0B0900F513
:1052300000F3FE10F9F2FA20F0E7FF2721EB16ED5C
:10524000F50E08FAFE05F806F50BF7F9FEFF08293A
:10525000FE060BE50D1B11F804FAFC05FD0BF6220A
:10526000FAEF0C0F240113F9FDEA09EFF5FF32F410
:10527000D8F70A040A15F9F40000F61312EFF8142F
:10528000F4EDE800EE25FFF6DAFEF70D080C010953
:10529000F70108210C03FD19FAF508FA140BFE05B5
:1052A000FD04F4F3FD0B101BFA11070000F80AFCD3
:1052B000121401EDEE003BF4F00603FEFDFD070ABB
:1052C000051CF7E6FEFA17FDF2FE09E3E8F3C2F863
:1052D000E9F600FFF80405F00AFF05F7E8F9FAE936
:1052E0000F120E07FCDDC51CFF00F101F7EF0304F0
:1052F000FCED01CBF9F0F70F090A02FCF0C7F90643
:10530000DD04FD01F7F403FE10E1F7F1F5FF0DF503
:10531000110CEC02E405FA0DD51D06080011041E5F
:10532000FC0D06F80505031DFAFF03050708FB053C
:10533000FB281109F6030707100B050622F7F822D0
:105340000401E316F52A1405142DFC16FF050002CE
:10535000FDE9FEFD10EE00FF0100E9FA14210E0246
:10536000DF2CDE0102F8FE0D01F90DF404F20B054D
:10537000FE0204ED0D10EBE905EE02FA0F08080934
:10538000EF0AFBF606F90105090B310FFE06E5FDF4
:10539000F3EFFB00FDF9000402030DF3FAFD040D29
:1053A000F609F6FAF8DFEDF9F4B402F402F2FF17A9
:1053B00006F5FDE4F706080CF70511E7E9F2F70B2F
:1053C000F9DEF4FC0101FF1C03FBF313F4090EF6F4
:1053D0000D1A0608DFFEFBFB09F8FE0500F005F4D8
:1053E000F42FFEF9D30102FE05141714FFE5E012B5
:1053F0003B0205090A0C12E1FA060804F609F8E076
:105400000208FA0700D5D6190FFAF9F10C0105CEFA
:10541000F91000F0F00C06EB13120903E9FE141565
:105420001E020005080CF800FD0CFA0DF90FFBF147
:105430000EFB02F8F9F403FEF309F401F6F8030396
:10544000FE2DF9E5E614F4090E0515DFFDD6A805D5
:10545000E7E9F60CF7FCFDFA05D50211F009F415A1
:1054600015FFEBD810E7D311050B06F902FAFFE49C
:1054700009EAFEEF120DE8080AF1001C16F00EE52D
:105480001D2210F3FD0DFFF1F720030A0606F00CB4
:10549000FDFEEB0EF42610FCE9020FFAFC070611E4
:1054A0000702FEE2040909F10AFF0EF8FBFBC5053D
:1054B0001AF8F9F804F9FADE0A0C06EF0F08FEE80C
:1054C0000F080916F70AF10CE9260105F8FBF8F6B2
:1054D000FFFA02FB0808050D00F8DF07D7053513B2
:1054E000022EFFF30FF7F708F5FA03FCEE000B05A9
:1054F00000ECD6F3E60F3110F0E605F7FEFD060AE4
:105500000B130508EB05FBE708011EF214FBC808A6
:10551000FC0CF400F9FA01E902F416F10313000996
:105520001AFD20FC08EEF702F618ED070907051230
:10553000FBBF0AEB29010A2FFEF1F2F9DF0E15017C
:10554000E1DEFC0C000BF62403BE06EC04FCF43395
:10555000080DFC1EEE2524E202EA021205F80310F3
:105560000BEAFFF1F901F7F21313FCEB19F6070848
:10557000F1F8060101F50AF6FCE30305F7FAF4FF7A
:10558000F8001704FE00E90D05E3F2FE01FD040832
:1055900013D3FAEC0D0DFFFC11F232F8EA130316E7
:1055A000DBE7FDFAF4F5020CF80C00FF0C0720FC19
:1055B00006141E10F0E9DDDFD700F3040109110C19
:1055C000FCEAFB0A06F0130802F9E8FFF7FFFDFE0C
:1055D0000E071413060505FFF604040509F103EF91
:1055E0001003EB1C1210EB0FF8FB0DFB08F30AEA9B
:1055F000F6180AEF08F9FF0EEBF20A130DF709048B
:10560000FE0207F708F6FEDC081E030CEBFBF1F3C5
:105610000C170EFF11D514EAFA1B1BFDFA04FD0A44
:1056200000D8F1FB06F2080914F7F01F244B11DE35
:10563000C1C11808F4EE092902F2F1FED9EBFBF41E
:105640001E0C3A292E1911FAC6F1021306EE030FA9
:105650000B1C0205D60B03F221012B0F0DECE2DF30
:10566000F802E20507F4FCF6081903F2E7190BFC4F
:1056700018202015F6DBF40209FC0FF4FBF5F80600
:10568000FAF3F903F8FA0008FC042A1A0DEF2009CE
:10569000052A130EFEE10B0B07FE0914F60F19EA9B
:1056A00014051EFB250C08F6F119F2F6FEE8100EA3
:1056B000FCF9F5E8F1FF01E419FF20F7FA0BFB22F2
:1056C0001012F7F4FFFD03FF0915F4000300E403D3
:1056D0001307E2F3F70CE9F404FEFCF6FDFC01ED20
:1056E000FA0BF802E70E0C0FF91205E206DB1006C2
:1056F000EAF9FDF7F105F517F8F2FBFE0A050401DA
:10570000F8F5FCF4FD18F12F05F6F30700FAF302A3
:10571000F9FDFF0302F5EEF310F21DF6FD00F9F9B5
:10572000DD07FE09FE000CFB011BFC1B12FB07F949
:1057300004ECE7DD122A2705C6F4F4F4FC040BF2AE
:1057400002F40AFBFBF5F80DECFD1D15E4BD13F9A1
:10575000CFFFF1FBFBEFFA05FCF9EDDCFC05FD0EDC
:10576000080C12F6CDD2DE21F8F2EDF803F5F811AF
:10577000FF0C05CEEFF906F6FC0114F9C8E5B3F706
:10578000E9F3EFF7020B03E6FAF109E402F7EEF9A9
:10579000090504F8D2ED0010E9F8F8F7FDF90BF26D
:1057A000F8FD04F8FDF3FAEEFEF30206070F0CFE17
:1057B0003009FFFEFE03F41201E0FF05FD010AF3CC
:1057C000F509F1E909060903131E050409FE021192
:1057D00008150207FF0002EEFAFF180611FDF60792
:1057E000F8DEF90401F70D01F70803F6F70000EB06
:1057F000F9070B0F06F0E610EAD4F20204F7FAFFFD
:10580000050FFA0203FDFB0FFB00F6EF03E61AF6A5
:1058100019F8F8FDFA000806021002F8EF0AF70876
:105820000BF9090308FB1C0E0904F30B00F20A072D
:10583000FE1200FCEBFAFDFA0E0913010AE5F10B6A
:10584000E902F9FB01E9FE09FBF5FDF3FCEAF7EBE0
:10585000FFFC02010EFAE20FF8E3F8F907F2FD0986
:10586000FDF9FB1A03FAFFEB05F8FFDCF31D0A064E
:10587000DBF1F80504FDFF19F40DF30A0404FAF84E
:1058800001F7F2F9061F0E08FD040F050502FE09D7
:10589000020D020CDEFBF0E9F1F815E80FECFFF366
:1058A000F9F306F7F6FE00F504140E05F0FAFDE72D
:1058B000FFFF15F30FE3F241030403FEFFFD06CBE8
:1058C000030D05F0F7F406E9FB03ED42FED21EF8E6
:1058D000E41607FDF5F809E1050805FE04FD0806D4
:1058E000F3FE2D0AE2EBFBFFEA02F00303F40102F0
:1058F0000522E8F7F2F60305F90704EEDAE8D71611
:10590000DBF8EAFDFDEFF60BF9F0FFF405F4F4F235
:1059100012F516EBC8EEED1DDFF501F9F80AF4F209
:10592000FDED03F807FB02F4140804020B1000EF6E
:10593000EAD5040406F7FEEFFDF70F150203EFF0BA
:105940000803F61EFF2200FF12220DFC01FD080FC6
:10595000FAF6071405F70AE9010A030AF420EFFF33
:10596000F9080200FFFE09F3FC050CEE01F706F949
:105970000901FD190803ED0C0B0B00F80BFD0BF1F1
:1059800006FB012702020DF7F60B13010AE21803CA
:10599000EA1308F3F4F60AF3F402F203090602012B
:1059A0000B100FF0F8F20DFDFA43F80108EEFE0CB3
:1059B0000108F7EB0BFBFC1CFBF90901E90C0616CF
:1059C0001524FBFF06FC08F1FCF008F2FF080408B0
:1059D000FD0EF712F0F9FAE5F40708F701FAFDF900
:1059E00002040401EDFFFD03F30BF8F0F5EA1208E1
:1059F0000D0C00F20B02FFED03F002F6FBF6F5FCD6
:105A0000F6EE21E3F7F9D8130207FF010BEFFD03D0
:105A10000206011C07FBFFF51305F8F4F7F9E31C78
:105A2000E005020005F9FA01F409FBFD12020C0180
:105A300000F70FF7020205F1F2FBFB08FEFEFDEE98
:105A400007F000F105080106FEFDED0BF9CDF010A1
:105A500003FBF601FDE6F8E6F4FAF4DF0708F900C7
:105A6000F1000CE7E8DCDB28F6ECF8FE0BF8050F9C
:105A70000B0200DCFE07F8F3F41406FCD9E4E80698
:105A800004F6E40908FF13FDF413FCF508F2000125
:105A90000902F6F4DCEA001A20D4190A0BF6F3F432
:105AA000F8F1FDF1EDFCFEE81302FD050B06FDF833
:105AB000DCB3170B07F9050A0710F8DDDF0AEFDE84
:105AC0001B0E321412EBF203E8C30BF8F9F005F6E3
:105AD000FA0B04E9D807EDDC18271FFA25D5D8F70B
:105AE0000CDDF1100601F5EE0D340204EFE9FCE3E4
:105AF0000A141EE8FAC2E917F13300F6FFF00AF1C2
:105B0000F3240309F20104F9FF08F61813F607114C
:105B100011260C06F9EB0410F609F2FADCFFFBF390
:105B200008FF02F41700FB06F7EA04FF02F5090577
:105B30000AEDFDE3F604F8D80F0B0906F1E2E1F8EF
:105B400002F6EAEE0DFA0104010CF9FDFA04F1ED9A
:105B50001218FC02F90FCFF907FE0EFDF70606F842
:105B60000A00F202F403FB02EB00DAF6070A35F74B
:105B7000C7EB1504FFFEEB1B0AEC02FA020C05EA68
:105B8000F3E918E6FC35F804CA020602FC01FFFD41
:105B9000FD00F40DE907F4EA201B02FCFB06E4E13A
:105BA0000207F8FF0A0EFFFF00F7F81B180A01F7BB
:105BB000F3EDEBFFF72919042B0B130DF40D06EA97
:105BC00001F2F40AF2FD0803F9F5F00408FA17F9F6
:105BD0000513F2FFFAE7FD030515F5EEE906EE0100
:105BE000FB09140BF3F4160EE2FFF702090CFC128A
:105BF000FCEB06F201F5F90400070BEF0810D0F2F8
:105C0000F5FDED030913000D02E9FA0B1307FA0481
:105C1000F4FDFCF9FD100EF5C6EBEB0205FBFEDD15
:105C2000F7F80E06F0FC07DAF8E4FAFCF5E6FA0CF1
:105C30002A26E803050D02F404F20D2312EE0206F3
:105C4000D8F0E601E714F503F419EEFD0A0CF82488
:105C50000C02090E2CEEFC18EDF2D5F716FE03FC33
:105C6000F5E712FAFA140204FCF30B0109F0FE1D29
:105C7000EAE219FA313CCD03F6D7E9F9F8F5FFEB82
:105C8000FA15FFFBF8F6F61E01FCE8DCE7C8B7F9E9
:105C900006E1D50005081308EFFF01041C020936D0
:105CA0001B0C04EECECBE3F0050CF809010A092722
:105CB0000F3001F6040E0310131AF2D9DB0B1FFE8E
:105CC000E3DBFF021501FE2AFAF706020DE603FCEC
:105CD000E5E527D228F8FC22ECE5170305EBF7D31E
:105CE00009D40AFB0C0AF5EC10F60A000513E3FDD3
:105CF000F101EFFA15FF0929FD17E8FBE2EE06FFB7
:105D00000108DED606E612EEDECF1B0BFBF2F22018
:105D1000FAFDF7F0EC091CD0F7180BE8E0E8F0EC1E
:105D2000CEE105FB05DEFA14F9E8EFF308F119E41A
:105D3000021011EFEAD4DA0F3A000F0A110E040E26
:105D400016DF0BFA08F100F41606E62C1C292EE8E3
:105D5000210014FC0DED01C30616F717090304F822
:105D600008E109093B061CE9F40423FD07E70CE1FF
:105D7000F9260F0DF20404EB0214FF2107CFF807F8
:105D8000E6F0F5EF09EAF9E9010DF7FAED07EED4CF
:105D90000B0316F200C1DD3C01CA000C11F4041023
:105DA000F71DF803EF0D05EFF8F0F4F3EAF322F82E
:105DB0000FDA070709F9FDF3070CFA11FDF8FBE10B
:105DC0001904FBE7EB0020040DC40604FB000A0ADB
:105DD000F50B0909F10003EF1CFE0AF3EEF81515A7
:105DE000F1DC100201000F0604D703EAF60B0BE208
:105DF0000F0DE324F6D104090E19FFFC02FDFEFC91
:105E0000FBEFFBFE07F9F709ECF50710F2E81205C6
:105E10001F2AFBFEFCF3FBDF03FAEF05E701FEEFB1
:105E2000060E1323001CFC0D1137050C070901D6C3
:105E3000FCD01101EBFB04200FFAF30809F408125F
:105E40001F030DFE06F50BEA0BD2FDE10903F0136B
:105E5000F9EE0D41F21B0526F70C030BFCF5F500DE
:105E6000030AFFDBECFEF809F4FA16D1F7DDD00FD8
:105E7000F511E60307F104E7FF1BFBEAEC01F1294A
:105E8000180C11FCEBF5F51B150DEBFFEA040DFCEE
:105E90000602FDF3FB18FD2C06FEFFFB0A0EF702BF
:105EA0001309000C01F901ED041404EA06F4FD0BDA
:105EB000F7ED2115F2FA031ED1F5030807FAF510E4
:105EC000020500F700010408020108E0F7FDEB07F6
:105ED000D7DBF7031213FF1FFA0AFD05E702F9E00B
:105EE000170601F9FD0CFD0004F6ECF8EFFDF614C1
:105EF000F60B02FFF80801FD0AF102F11836EE0A6E
:105F0000211111FEFDFBFEFEF9ECF3070A05F1037A
:105F1000FF030603053417E43012F6F7FEFE04F71C
:105F2000FC0BF808FDFBFBE20C11F906FCF700097D
:105F30001BEDF9FEF9E903F2F41DF7FE0DFCF90281
:105F40000DFA1B0104110F1503DC0B0B00FDFD0105
:105F50000AFDF7EFF1F4F9F50808F30E0906020C53
:105F6000F607FA0C0B00FA1BFFFCF9E8F7F8F6FE4F
:105F7000FAFEE922FCECF318F9F7FFF708FBFAEA5E
:105F8000021503FAEB07F2FBFEF90AEDFDDEFD1B3D
:105F9000F707EF02FCFD02FA0512FB00ED0400FB1F
:105FA00009010414F1D5EE1C16E5040604F2FA0703
:105FB000FFE000ECFB0502F8101314F303FBFFE60F
:105FC000FC0F150100FB071101DBFAE70702F3DE06
:105FD000F905163CFA12DF08EBF3F703FEF4FBFEBB
:105FE0000DFEECEDE209FE02100608CAF8E0C5035A
:105FF00023FEEF0909E80CF2F601FDF2F2FCF702CC
:106000001408F1F4F9E1E9060CFFFDFB07F5FDE9E1
:10601000FEF609DFF8FAFD0904F10709E0F6F60BD0
:106020001E00FD070804F8F9F719FA0E060EF7F03E
:10603000EF020A1BFDF7EC0DFFE506FC0EF505125D
:10604000FD0005F7FB00FEF5070600EC0200E2FF8D
:10605000F202EAFC04FDFA18020CFD0DEEFFFA054F
:10606000050AF50128100AE80A10FEFFFC07FDF6F4
:10607000EE150305E2FC00F112FCE2022B04350FE1
:10608000100907F70200FFFFFA0708231816EC09AA
:10609000FCFFEE0409FF48F3EE1103FEFB06FE1BB6
:1060A0000211FDFB0C0304111007F7160C26F3F682
:1060B000ED0412F5010806FA05E505040102FE00EB
:1060C0000811FA0E071832EEFC150506F9FE01015B
:1060D000021EFC06F710FDF208F91CF10BEE00EEB3
:1060E0001020FA05FD000A0A0723030BF403F4F05D
:1060F00011042CEBF0FDEEF4F5E3F60A0916F813A3
:10610000031110FA1BFD09070F08F6FA0438F7F41B
:10611000F62906FE00FEFD0901E6FFE61208070F5C
:10612000FC100FFD03180AE4FA04060203FC020245
:10613000000EF9F8FEFBFAF808F90AFA0822FB0E3D
:10614000FC24FA0202060615090DFFF1FAFEF20719
:106150000201FACEE80A0205EFE407010205FE2A71
:1061600006FE0CF40AFD151BFDFFFFEEFF29E5ED11
:10617000EFF4000802FA060103FD00F801FB101D10
:10618000111608090013EA05E10BFD09FD06F9E8FF
:106190000BEB020B090005F712F002071D190003B3
:1061A000FF05FB08FFFD0519FA03FE141DFBFF06A2
:1061B00003F6FDF3102111D9E5F40E0B0AFEFB10D6
:1061C000020A10EA0FFC07FDF0F814F1ECF8D3F81E
:1061D000DFEF0701F5F6FE100DED04F30801F711EE
:1061E000FB1401E1F8FAB420E7F9FAFBFC02F9012B
:1061F00002DC1AE21AFEFE01F6050A0DF6DFFEF4D5
:10620000FFFDEF010109F9FAEE02FDF20AF50F0DAB
:10621000FF0F07FC04F6FEEBE8E301F1FFFEF9FADD
:10622000F72BFA06EDF509F6FEF7FEFAEEC619F7BA
:10623000D4E7F8F5F7FFF800F0FCFFDE2006080EC3
:10624000FDF3FAEAE7D3E4F8DBEAF8FAF50AFE1E12
:10625000F7D8050DF1001303FAFAFDF9F023ECFC71
:1062600000D7E4F2FDFCFD0706DBF8F8EDF503EFDF
:10627000190D0BE3FCECF3D115EDFE0006FF13EC5A
:1062800007E7F60F07FB03FBF001F604F2F9231012
:106290000ABE16F705F6F2D8EDE7FCFDFDF9F9F1B7
:1062A000F9F9F81008EF19131EDF13FFF8FA0BDCE9
:1062B000FFDD1903EEF700F0FCF919E6FDBD14103F
:1062C00010DB0E03F602010606FCFAFB03F50DFFD8
:1062D00009F608F3F2E70F1D04290A07FD0000E0A4
:1062E000050DF90FF40001FDDC02FB1C07C6E8FAFE
:1062F0002816F8000301F8C8080AFBFFFEFDFC0899
:106300000CE3F917EBF7F618290AFEF5FE01F9C6BA
:10631000141204EFF702ECFEFE010F19FD040A113E
:106320004F18FBF40DF70AF0FE370705090302F1D9
:10633000ECFD0DFEDADF0513DCFA010402FE030EAC
:10634000FD19F1140209F21BE8FC19CDF5EEDA078C
:1063500012E6E5070302FFF900F1FCEAF801F8FD97
:106360000803EAEF021BFD0528FB00F0F60509070C
:10637000FA06F7E00204FEF613EAF31AFF2607DF37
:1063800033192AF4F10D0900FD03F4FB071EEA128C
:10639000FA00D827F22A13C30CFCF5F7030A07FF0B
:1063A000F61CFCF2F7FEFEFF0AFF0707F0090201E8
:1063B000ED0F0908060800FD001E02FB01F2FEF2C7
:1063C000FC03F7FEEA0AEA001E030108FC0BFAF5DB
:1063D000F8F308F809F9F60701F8E2EAEF0BE1062D
:1063E00005FB0509FD04F31000E2FFFBFC07F7FDC8
:1063F0000302F8190004F8FE101BFD07FAF9F4FD7A
:10640000FA0906FEFCF4F8040F03FBF8FA09E7F7B3
:106410000018FC0CFCF9F4ECFF0710F813FA080A5A
:1064200008FEFAFAF6F4EA060CFF0402040603F783
:1064300004F806060805FE0DEC0DFAF001F605EF6E
:1064400001100CEF01FFFF10010BFA0C0D0E02FA08
:10645000F3020117050EF4FE02F6F9FC01FC05FD3E
:10646000F82603EBFD01FCFCFC0A1AE5FBF9A90385
:106470001817F60E03FFFCF6060A0704FA1605E9DC
:106480000D0DFDECF8F1EFFE0819F4000106FD0C0E
:1064900000070704FC0501F1F4F9F5140D05180ACD
:1064A00005F90C02FA05FA00FB06030B09000700C8
:1064B0000C1703FBEDF60AF808F508080000010DBB
:1064C000FC1303EBF105FDEB1B0B12D3FF0DCDF716
:1064D00033E809F9F709FCF9FEE00C0C0AFDF8F8BD
:1064E0000005F3E603FC1AE0100012F400050ADAD6
:1064F00000F10310FBFBFC040102E90D1DF12CD29D
:10650000040312040502FFEE01F304FFFBFF03F294
:10651000FA07021104F3231619F5FD07FC0510F420
:106520000917FA03FDFEFFEE0C09F00BFCEBE90B7B
:10653000FCECFBFDF9F4FBD20923F2E7E0F308EBF6
:106540000501190BF6EBEC271DDF03FD0DFB0BED31
:10655000FC15FEE8FBFBF9FFFC11F202E811F01755
:10656000FB00010A0DFA0618FB02FAE5080101F525
:106570000602E71D0100F60EFBD301F9F9FD01E665
:10658000F91EFEF3E402FDF3100107F504DCD3135A
:106590001822E601F7F201D5002BE9F4EDF9EFFF3F
:1065A00015FD08FFF9CEF91B161B0A0008010B01A7
:1065B000F5EA04F2F600F204F70401E9E6090B0734
:1065C000F6FA23080108FF2608E3F8ED06F301F1C7
:1065D000020FF712F82AE2E600E7090B05F70008B8
:1065E000F00CEDDEECF4FCE3270A0FDE02FABC0E41
:1065F000FE02F90402F4F6FC08F104EF030DFDF1CC
:10660000FFFA02EF02E1FE091B050A07FF0A06E492
:10661000F90303FC0C0A01FFEE03070CE1110EF174
:10662000070B06FD020202FFF811F7FF08FC040B3E
:10663000FD03110708E1D3E9F6EF08030D00072178
:1066400001E9F50101FA02EA110DFCE30609FF0771
:10665000DFF4F605F7040D0107F8FC200F01FBFB42
:10666000FEFBFDFD10050AF2130AFEF5F909FFE035
:10667000F70B02F8F811FCF8FCFF02FB06FD12F321
:1066800011FF04FF0DFAFDEA031CFA00F70002F502
:10669000FC02F9FD08EA0C07EE07FD0005FCFFEE21
:1066A00000170209F8FA0AFDF7040114F1EB0410CF
:1066B000F635F6FBFB090CF7FFF40318030C090C85
:1066C000E6EED30AEEF71B060C4AF4F60409FD0ABF
:1066D00004ED13FD140C0924E4EED5FEF93011EAA3
:1066E000E9E80A06F4FB0720FFD80CED0BF50A19C0
:1066F000EDF4090A2016CDEFF903FAF3FB02FFEEE1
:10670000FE0401EBF910F918FCF81305F2F6E605A2
:10671000EF16EF020110FEF000FA0EDC10FE051479
:10672000FC08E008E0101A011AD709010409F41561
:10673000FE0C0306FF0A09FFF91115FAFBE31CF52D
:10674000FCEE0F0100FC010F010CFF0B09F70CE13F
:1067500001012EE721D9EB01FEFCF811FDFF02FE3D
:1067600007F9F1FD100200FAFEFA04F2FC05E70E4B
:106770000807F6F3F001FCF906FFFF17F807FFFC26
:10678000FA02F2FC16E315FAF9EE13FD03F501E83F
:10679000F71FE6F9E60902FDFDFDEDFCF2DBF6016F
:1067A00014FF0006070200FD061B02F5E80AFBF5D0
:1067B000140F1FF6DDD3EF20E0F5FF090A05F705FA
:1067C000F713FD08FC0406FFFEFE03E501FA01F8DD
:1067D000DE01F9F1F00101E6F9F40600F106FF022D
:1067E000FAF5FE000E0E07EF0606EB08F603FEF0C4
:1067F000F90DF60AF0FCFC0115F8E1FEFDF6120CAD
:10680000080CFFFCFCFA0902FDF906F8F903F9F19E
:1068100003FFF7FAFBEA051613EBE915000406FB84
:10682000FBE402190A0E010AF402FBE40A042BFE3F
:106830001530F50704F6FBF318FB001D31020814B0
:10684000ECE6E9F50EFAF6FB20091902FE01F8FD67
:106850000100000312EBFFFFEAF0DB06FE100BEE77
:10686000FD03F9FE08FE02F6FCEEF51CF3FEFFFC4C
:10687000F4F9F900E9032EFCFB05F702F9ECEE0E42
:10688000FC11F5FAF50B01FFE9EB01CBF6CF080D92
:10689000150DE4F80213FD15FC14F30FF0EE080FCC
:1068A00000F916E3CFDAD21D0731F8FB0303FF022C
:1068B000F91AEF07FC1101010212EAF7FE06EE02D7
:1068C000F111FFF60CF209EEFDFC0C18E8FB0611C5
:1068D000EAF114F91FFB13F9F3DC03F50605FDE2F9
:1068E00007DA0610EE1209FAF1F206F8FCE81AFDD2
:1068F0000EF000FCFF0E01FF0015FD15E5F3F9F7A2
:10690000F1FAD1D10A1914E900EC13060C0CFE2B94
:106910000BE3F4FB07F8F711FDFD05E5FA19010C8F
:10692000CFE71C0205F6F8F80CE1F7E30702FD14C7
:1069300001F6F706F502E7F8440EDD02F1060EC295
:1069400009D90D0316FD040602E5F53FFFF753FED6
:10695000341F0B01090601EDF3E4FFE61EFE17FBF1
:10696000E7E9EA3FF0232EF417141DEF0BF305CEF1
:10697000071B0011FDFD1F05F701F5FC17F9EB0ED4
:10698000DDECFD09FFF408FD0D15F31904F90AE823
:10699000FEF916F305CFCE053F030CF6F5FA07EC2A
:1069A000F9C81AFE09FA09F10C02F11D22103FE99B
:1069B00017F80C0605060C1AFBE7FF05E7EE06E6DE
:1069C000FEF5E921FFF221EAF9D60107030303F7F7
:1069D00001FFEC01F802FCF105FAF5FF0EBFECFC3B
:1069E000FDD7F7EB1304FC00FD06060AF0F7FD01E6
:1069F000F7F01003220BE110F5110507FBE9F80D84
:106A000009EAF024FD010209FAEF0EF1FFD1FA01C3
:106A1000144AEF0700060AFFF22C0123FF030C0FB4
:106A2000FAFFFE00F30DE308EC48EEECFB06F71B63
:106A300007080FF6200BFB0C13FBEDF0F32B100EE9
:106A4000F22001F2FB14FDE9F6E7F719FE0EF1134F
:106A500002EEDD03CC0B35F9FF06F0F1FD03F9E69C
:106A600001E8FD15F402F20EFEECE53F12FD2F1CCD
:106A700023ED01F9F1FD030D02CEFBF3FDF00EF95C
:106A8000F8FAF81EF5EA06F4E9D805FEF5170B0B3F
:106A9000FFCA03F414E40E02EAEA02EC071925EF38
:106AA000C2F5F813030311F30FFA000103FC060308
:106AB000F1FD09121203E6DD0603FCEBFF05FDFB09
:106AC00004F10FF7F9F50F19E9EDF122EFC71606FA
:106AD00019FBFB03F8FCF7F1FE000FFA1D0B07147E
:106AE000F6F9D30C1FEAE60006FCF8FAFC00EFED1D
:106AF0000729FE13EE01011AE8070425FAF5EFFC59
:106B000016DB030107E001E4F909FDF8F6FC03F8E0
:106B1000E6F8F5F1EFC6E1F80EF905F706FAEFE34E
:106B2000071CF3E7DF0EFEE7F800FF11E9E40D03B1
:106B3000F010FC020707000605E90D04F90410FA3D
:106B4000F0FE0A1AFCF0DFFCC8CF0A11FC02FF2499
:106B500006E60606F6F10DF8EC0F12FD130807EE37
:106B6000D1D1E605FDF9F832010AF9E7FEE9FDFEAB
:106B7000FF0B21F127E4AEDE0C1D0609FE08F1D360
:106B80000205F1E40206FCF6FFFEF90DF8F5F71236
:106B90001DE709FBF401F8F2030C04EE03F7F60617
:106BA000FCFEDEEAFF0E09EF04B22505FD02FFF24E
:106BB00007F512F5F0FBFED8F20C26F109CA07FB27
:106BC000FEBA010112E90223031FFF01F6F8FEDB02
:106BD0001C1625EC19E4DAF4F2100201F60E02009C
:106BE000000F0A0700FAFD05F1010717F3FAF5F89F
:106BF000270DFF0BFF08FFDAFBFDF606030AFB106B
:106C000005F7DBF0101134EA180125FE09F0F9F25E
:106C100002190C0DF3F9F9E8F50102ECF104FD019C
:106C20002403F9F803DFF6FCFC17F611E6F1F4D8BB
:106C300008FA0CD5FCDEF4F619F8F608030C081E69
:106C4000FF0DF212F2FA08FD000800EB101109091D
:106C5000E70B040BFD09FFE501EE0011E80EF8FE5D
:106C600009F8DB23200F30ED0F260BFC0808FAEBA8
:106C70000D1D07EEF6F900FEF7FAF80A0426E1F614
:106C8000070FF1070B0D021DFDF20A111105FA069F
:106C90000E06E80DFC1CF5D82315FFFFF9FD0ADAF6
:106CA000FC23F50AEF0AFFE7E9F0FB13DCD9D61E57
:106CB0004956E4F1FF0801EBFE0CFC160518FCFD3B
:106CC000DBF9CFF8E7FBEB053E1B0501F60906F5FE
:106CD000FE06061213F51417F4F9D110EFF0E2F8DE
:106CE000F6C908EAFB0107F9FEDF00FBF6ECF0F756
:106CF000EEEDDB1B10F7EEF3EBDEFF0BFFFAFFFC14
:106D0000F7F003EC1C06F6FFF5F1E9D2DE0FE20125
:106D1000F5C7E0F7F71500EF09F409100F020001BD
:106D2000FE04D3E8D3102EEE06F00205F4FFFB19A3
:106D3000F30D0021F4080C04F7F500D61DE00FE375
:106D4000F8D6FA0E07020114FCE5FDE1FFE511DDBE
:106D5000FFF22EF526D7D90AECE9FAFFF60A080069
:106D6000FBD60BF9060002EB1AF1F3E608230AE75B
:106D7000EFF0FAF9FCFFFEE005EBFD01F50D0FE386
:106D8000EF0AE5F41AD536CDE40A11FC02F703291F
:106D9000FD0DF704E1FDF0F7F1F8F0F2F5E4F5E7A9
:106DA00006F9FE01FFEBF400F700EFD2DDF9F5E4A0
:106DB000170F1CE1FFD5F94202EDF1FC04F0FBFCDA
:106DC000F6031912230902FF1105F8FFF6EB32FC56
:106DD0000603ED04080001F8F6F202F309EC05F9E8
:106DE000EFFBE427EB0A25E505F41602FAFB0AEBB4
:106DF000FA08FBF7F3FFF6060D1217E7F1EFC90DDE
:106E00000109F1F5FBE70E3D02F2FEE602FFFEE8A6
:106E100015EE19E9E803E008F8E3FFF9FAF4FB14CA
:106E200001F4F9F70F1302070002FCE20A0203E57E
:106E300000040507000C040C02FC0B11F7F403EE30
:106E4000FA0304EDFFF2FCFA2CECFDFE020301D183
:106E5000FC0C02F8FAEFFDFA07F9EFE0DFCBFC0DCE
:106E6000110F22EC030404D806170410FB0DF706DB
:106E7000FBE7EC07F4FC1305DE010EF6040907132B
:106E80000CEAF610EF0511EEFBF506FD11F317F90C
:106E90000504EAFCF902030EF815F512050605FED5
:106EA0000DEF15EA11EEE3040030F2FAFE0B05F4E3
:106EB0000B28FA110A0EF025F405C6FAEB2AF51D87
:106EC0001D350B14FC15FDE303F603280F09F23EF4
:106ED000E8F5BD0FE31F20E314F60300FF02FEEC0C
:106EE00009E304FC01EFF8F3060B1C2A121303F06C
:106EF000F0050C060F130B10F201F8F60903F8E782
:106F0000F7FC1023F7FCF5F7EB0DEB0AFE0F041866
:106F10000BCE10F533FF0313E702F1F50627FA0055
:106F2000DFF5030F0504F1F8FDEE0B00FBF0071988
:106F3000EF120706240BC0DF1B1FFFF003FCF6094E
:106F400006ECFBE701F10D060501E910F7FBFC017A
:106F50003B040E08F2120502090500171FF405E9AB
:106F6000FFEAD60BFFFD00F00EED0FF4090BFDE973
:106F700002240041F00111F5DF090D122DD91BD4B7
:106F800016E209FAFAF0F9F9F61BFEFDEDF8FCD964
:106F9000F30402F810BCE61AFBDF12FEF30406F35A
:106FA000FFF1F9F0F003F8E80AFB1104F501D61738
:106FB00005F90204FC03FEFA072403F8020101E9C3
:106FC000080400FDF8F4FF01FD0DFD01011504F8B2
:106FD0000F15FC0807FEF6EF090BF2EEF2F6F9FAD0
:106FE00018D91A0204F9F0F7000D0501FD08FE108A
:106FF000F0ED03E9F9FD0C14EA111C0303FDF90E91
:10700000060A0BEC060EEB0606F7FFFF08FFE30E81
:10701000F521F6FFFCFDF90CFFF006F91308F20666
:107020000B0905FAFAF9EEEF05040101FD03F8EB8F
:10703000EEFD07F5FA0A02010A1600F50EFFFDFA49
:10704000F803FE0BFE05F2F3EB16EBFF0F0207F75A
:1070500001FC0FFAF2FC060D00F212FA01F108F839
:1070600001FF05F60B040C00FCFA21FEFA02F309FD
:10707000F7FCF1FC11050E13FD0202FCF902F4F815
:10708000F001FFF4F9F4E8F1D8FCF010FC02020979
:107090000705020CF4FAF6EC0307FD0007FFEB020C
:1070A000F7ECFC0E0700FF10FEFF0B05FA07F1FBE3
:1070B000FBFC0503FC09EA14DF170DFBFD0305EAE1
:1070C000F0F306F0EB0800F0F4F7FFEFFBF9EE0445
:1070D000E7010205FBFC080BFD0A0EF0F3F205E3E5
:1070E0000208FFE3F20CE601F4050100F005080BCD
:1070F0000ADC0003F1FBFEF1061906FA1303FA0796
:10710000F2FD0404000701FA01ED09FFFAFA0EFD91
:10711000FD1118F916F5ECFBD808FBFC0AFCFBFA8C
:10712000022BFE000705FB09E80724F1DFEEE9105A
:10713000F321FF0E01FEFB06FB0502F30312F60727
:10714000FC0323E9D7F3DE101D200A06010B070319
:1071500009E90EE6FD0D070AF311100311DAEEE757
:10716000E8C71005FFFBFB07F3010DF30200030363
:10717000FC14050901ECE6CC0ACB03F80A07F1FD83
:10718000F7FFFFF6000905F809050723EE24E708D5
:10719000DCCB00EBFF0E040402E80C0121F5FEF845
:1071A000F1F2D3F2143019F6FE060D06030503FAC8
:1071B000FDF9050AFE0206E4E40C18F011E2E4EF22
:1071C0001622F306F302FCF2F51BFE0FFB0607E5A1
:1071D0002AFC38EC2BDE02F20316F1080708FAFB52
:1071E000F422180B15F903F4F3FDF70FEDF6E8FDA3
:1071F0001CFF04FB040B00DC05190A0AFB06FBF666
:10720000F7FE0D09170603031BF4F705F5F9FFFE5A
:10721000031AF70ED6F603F9EAFEEEF90906F2EBC9
:1072200023F5F100FD03FE08F8F40FF7EB06F4EA8E
:107230001FF706BCEE13363109FAFB03F903020B04
:10724000FC2C051A0302FF050B1702E70300E80BED
:1072500001F10B0EFD030AF609120A08F9FFF9F015
:10726000F7000FE9E60A1BF302F007060CFD05FC28
:1072700003D1F8FEFD05FDF517090CEB072DF2F221
:1072800017141406FA01FC3E0BE602051811060D50
:10729000FDF5FC1D014B16DAE2D8FAFCFFF6F7FE0D
:1072A000030201F6F8F504E3FCFC0CF5E9FF00012C
:1072B000FBF8F206F4F8FE1504F8F70D02F7F9E012
:1072C000220305E9FF05050E00C7EB0E04FBFFFADC
:1072D000FF0B01F1E60101DC1B1306030ED9F91BBC
:1072E00007DC0B0105F3FEF006F6FAF8F103FEE900
:1072F0001301F00DE9E60815FA030FF0F1F906F0B5
:1073000002EDFBF6F6F5FDF9EE040DD900E3110AE6
:10731000FB0505FB0CFC0AF9FF19F4EDF104FEF77F
:10732000FBFE12FDEFD5F31E0D4C020500F702E146
:107330000B04F70B01F9FCFA14FDEBF707EBE8047B
:107340001318F9FF0EF1FEDDFEF0F5E6FC07F6FC82
:10735000F6F11133F20DE628F50600F903F104F910
:1073600003FCEDFCF7FCF5FBF6F611FCFBE6E10B8C
:10737000EF12FE03FEFBFB07083100FCEA04FB02F0
:10738000F80F1E0B09E8E0FE0E00F302EEFEFDF121
:1073900003E8EF05F70CF00F05FF04F0F9F3100216
:1073A00011FE13F6F0F500FFE81104FB0509FB0BD5
:1073B000F2F50D0EF9ED1BFEFBFCFC0BFE02FBE9EA
:1073C000FD0BF500FCF9FF04FA0408F108FAEEFBE6
:1073D000F7F30106FBFA081A0217F811E708F7F8A5
:1073E00012FD0AFE050810FAFC11EEF6FC0D050E62
:1073F000F4F8F614F704F9F60CF703F5072B34212B
:10740000100F02FF0109F4F3FCF3F3FAFE04F8FB9A
:10741000FB0BF807100D24E916FEFE0203F400F141
:1074200005E107F50303F7F903FCFF0004F1DF0AA8
:10743000EEE40E0111F5F80B020EFCE8FD03061256
:1074400004FE0B0CF6FCC50DEAFC0403070C0F0C44
:10745000000CF7F70604F805FB0CF63003FFF10DFE
:10746000073FEA05F9FF0807FAFCFB140504F21BC5
:10747000FFFCFE0EF81826F80320080C030401EDAB
:10748000FBFD1BFE0808FCF80907060FFAE8E606F4
:107490000B1811FB03F5FDF3081A02EAF707F1F2E6
:1074A000F9060F1EEFEEDE0701EF01FB0CFE0407ED
:1074B00007FE050602F2F3FD0C1B11E7F00524F6AA
:1074C000EDF7F6FD01F9FD1EF7060601FAF80117C2
:1074D000F80E0D0CE9FC151009040CFA03FA03EC84
:1074E00003F7FF01FC06FAFE051610ED00E7DD18B4
:1074F0000BF50B02F5010E0507190B06F4FD07FA53
:10750000F412F3F4F8E6F10405ECF80302F502E7EF
:10751000F7080CEAF90405F001FEFDEB0DDA190994
:10752000F7ECFEF80A0E04FC0317EF04F0FD06F674
:10753000FC0911F5F5EAE91CFC020DF7E808011356
:10754000FCFEF901EB01F912171416F5050FF7FE11
:107550001200FE0406FAFE03F1090206FFFFF7EC33
:107560000B0107FA2FF016F5FD090AF9FEFC0FEBE7
:10757000001401F8FDFFF5DF0807F7FC3CD3200BF2
:10758000F4EDF7FD0AF908F9FAF9EEF2FBF8FDE778
:10759000F2F116F4FCE0EC1DD7DB01FB09F1F50C70
:1075A000FE0A05F5FE0DF209F50A14F2F506C7F814
:1075B000FF09FC0FF90AFCF704F90EEFFE0BFD00C2
:1075C0000205FE110407EB011C4003F8030D02CC79
:1075D000021A09F6F50802FB0A00E6FECFFB0F0CC3
:1075E0000F1707FC060E06F0FF00071E0CFDFE0835
:1075F000FFF0D5E0D81055EFFDCC020405FC0318D0
:10760000F7F70A05FBF303F1F8FD0104FE20EFF3A1
:10761000F413FAF80207F60001F612FF1F0203F551
:107620000009F511060CEAEFFE110200F510FFEB60
:10763000FFED080D17FFF232F3FBF11A03060CE51C
:107640000C3106F5001003EEFAF8F80A14060C36B1
:10765000F004E1ECE60738FC03FDFBEF0D02070543
:10766000EF0DFCEE05F70601F5FF15F902F5F9F847
:10767000D609F700F306F9F906050510F20B03F138
:10768000FA06E5EDF4FAD5E8EC0FECFFF703080D88
:10769000F7EF0B0D16030CFB0301050406060003B0
:1076A0000EE8FF0503FB030C03D808F4FBFD04F60A
:1076B00000FAFB080A02F3E81A0AFF01FAF4FC0DCB
:1076C0000207FEF30FFD03F8FAF5FFF3FA0DE5F7F5
:1076D0002BE8FB04FD1A080AFDFA100305F801E681
:1076E0000D03DBEDF7FBFDF40AFB0EF3FE00FCECF3
:1076F00006F8080BFFFF0505EB0104FA38E8ECF08B
:1077000009F6F9FF0AFE0AF6FBF202F9F4F112FBA0
:1077100001FE240012F7D1FF0DF0FF03070D020C4C
:10772000FEFFF3F6F3FE0B08EEFA04E8FFF107F9AB
:1077300001DE0D030007051701F2F9F2FFEDF8FA7B
:107740000A00F4FD07F3F3EDC6D2FB0BFDFC07F5D1
:10775000FFEEF8F601F6FAE90AFA2711FEE304F55E
:10776000FFFC06F90600FB00021F0C18F70BF7FDE3
:107770000AFA09F7F3FC02FB0D0A090512FA09FEE1
:10778000FC04FEF7F40207F1F80410210605F202EA
:1077900007171503FFFEF709FEF9F80F06FB03F9BB
:1077A00006FAE40E1F08F4ECF5F8020502FF03F7F1
:1077B000F8F8FB090EEC00F6F9EA031AF905F6EF02
:1077C0000DFFF1FF0604FDECFA0703ECF2020218CC
:1077D0000505F9F0E8F335F80B0905FC0802F90393
:1077E00001010307FBFB000B000D01020C000DF66D
:1077F0000E08FA0EFD0F060BF6EF000610F5FB0B58
:1078000001EBEAE707271402F70108FD1006F5F07F
:1078100007F3FBFCF201F60105F8EBEBF4140401AD
:10782000E50800FBFD0601F1FBE4020F00F2FCF6A7
:10783000F606F7FA051C01ED0906F90D0910041109
:1078400006ECF6FF0DF9FF0EF9EF020BFDFE30F727
:1078500000160003FE0402FAFA0C08FB150108FFEB
:1078600009FFF6000DE61C0DF5030A03FDF906E31A
:10787000FB0AF30709F70617F4EF0AF2FEFEE81118
:10788000FF10F404FFFF05F4F8F4F8FA00F6F30E25
:10789000F004FCF5D714FD02170B170A0B0202F1D6
:1078A000F7F7FFEBF5F7FDFA2410012207F60E00BB
:1078B000D7FB13F603FBFA15FD0D0017FBFFFFFACC
:1078C0000601FC14F806FFE6E6BD0E02EEFC01150B
:1078D00006FE0100E2F203041B131BFB16DC03018E
:1078E000F3E3F40505FC050D020800F3050D02099C
:1078F000070722E8E2FBF3EE2942010407FEFF043A
:10790000F8F2FA1F040EF21600040B1109120EFA17
:1079100022F518FF10FEF612FDF1FB00EBF504084E
:10792000F5FB1E15FB0C0FF2EB260FFC01FFFAE531
:10793000FC0205F2E80108FF0D000A1013DE09FE43
:10794000101800F6F9FC01F20A1508100802021ED0
:107950000400E10AE306040F0119FD0DFFF7FBFA2D
:10796000F703E9E1FD070510F4F7152407DC03161A
:107970001416FEF608FAFCF6FC33F90401F8FC08CC
:10798000F603F0FF00F6DF1B1EF7F4FF09F9F8F32A
:10799000FF01FE04F600F2010800F4FCFEFCF715FE
:1079A0000FF60205F80B11FB0307F301000B0201B0
:1079B00001F302F2F90E34E7E906FD05FF0605FBC7
:1079C000FF32F601F606FE02F30B2FECF202D004B2
:1079D000F4E3F20202FFFAFF08F405F2E8FDF7EA29
:1079E000050BEAE8F7E5F7FEF70204F60A1A05F8D0
:1079F00004E4FE04100300F3F1F40105052206F58A
:107A00001B0901FD011007F6F70202F20F06091C1F
:107A1000F9FB010D0B3727F713FA03FC03FD0602F0
:107A200001F9051208FF09FDF7000BEE00E81E0141
:107A3000E3FAE708F2EBF81DFC1BF5F70811FB066B
:107A4000FF00DA16031C2AEEC7E0F2F5F600F00795
:107A5000FCCEFEF805030E030C0FDD0C1514F5F536
:107A6000E9BADDFD040A011E0BEE05EBE4F4FCF7B8
:107A70000001D8FAED0AEE06040DFFF0FC0904D56A
:107A800003140420F000EEE6F3F2F9F8FDB5271236
:107A90002DFE0003ECF109180AF3FC05F202F2F2E4
:107AA00012F7E112FBF30A1B11ED1BF00FF7F405BF
:107AB00001D6FEE41AFAF7F4FEFDF1E5F6E927DE59
:107AC000DDA311F9FCF9F61B0DD00008FF020C062E
:107AD0000405141CF2FF18D607FD1004010006C2AD
:107AE00004BEF3F1E80A0A0B0400E619FFEE05EF05
:107AF000E616180B020405FA02E70B1D0BEE0D1F2C
:107B0000E6E7F011F8FF01FD14F718F4FF0F02ED9E
:107B10000CE6F7E2F3140610161B0608F811E8FF4E
:107B2000F2FB02F5FB00FBF4F914FE02050B00DC8E
:107B3000E6F90D23F3F8FD08FE14F2E8F709000852
:107B40000BDEFE1E0409F814FE01D72B221B05EEE6
:107B50000124F3FB07F301E0F507F80CF50C091518
:107B60000109F9363DF426FCFD0D09F5FC0EFFEF89
:107B7000F3FF060AFF050AF70BECEB0F4C3323F576
:107B8000012403FDFC01FCFFFF08041E0C04F4FAB1
:107B9000FAF40517323A1BCCDBFCFE02FC09FAEEC4
:107BA000FD1F090CF7070303F5081A0800F4FE127D
:107BB000042EF6FFF60F0B00FB08FDF9F4110D1C67
:107BC000E7FEECF2EFFCF6FA1709FBFDF11308F003
:107BD00002F90B060703F907F100F908FA09FDF7A6
:107BE000F3E80B0B0102021405F0FBF700FC06039F
:107BF000F601F116F30CF9F4EBD102FF07FE0908C8
:107C000003FEFCF50509060807FCFEE8EE0CF2048D
:107C10000AB0020BFB0AFF0A01EB07E718FDFF049D
:107C20000FFCE5EAEC2AFFED0EE41106060AFB055F
:107C300000160B11FC030AFAEB08030314E3FAF332
:107C40000C1DFDFE01F4FA0F0709FE0D05F509FFF5
:107C50000205090024EBFDE70AFDF8010305F71012
:107C600004E0031422050CE70BF7E807062CFAFFE3
:107C7000E10B0405F8050707FB03020F2100FB02D7
:107C8000F702FDEF131C01EEEA13FD06F9F7FB0006
:107C90000017F813F6F70200EC02F9F312EA09F7FD
:107CA00008F9F9F6F401FF06F6FB0C00F8F2FC08FF
:107CB000060000DAFBE90127F30FFCFD01F807F4E9
:107CC000041E0DEE03F913F9F10CEB05F8EAFEF5CD
:107CD000D8FD0AEFFDF503E6FB0702F904FE0F0BE2
:107CE000EB0A14FDE3F1E500EC02F010F807FD1AD1
:107CF000FFFDFF0101FB0302040300EDE2D6F1F6F4
:107D0000E0F8E6FD02FB0B110208FBEDFC04FBF2C0
:107D10000C020EEACD01FA1912FAFFFE00FE02FE75
:107D200000FCFE02FEFAFFFA04FE0303FDFF02FF61
:107D3000FDFDFB04FE0102FB00FFFF020100FE0649
:107D400004FF02FBFAFFFE04F4FE01FC020305023D
:107D5000FFF7FC0105FF02050103FF00FE01FE0025
:107D6000FAFF03FF01040002FD0000FD0408FA020F
:107D700000FCF803FCFDFFFBF9F3040204FBFEFE2C
:107D80000001FE01FF0401040301FCFEFFFE0101EE
:107D900008F4F4FFFDFCFE00FDFE010001FEFE0202
:107DA000FFFEFCFE01FBFEFC03FAFE04FFF7FFFFF3
:107DB000FEFCFE0301030302FEFEFC00FCFF04FFC9
:107DC0000007FF04FC0401F900FD0103FA0202FFB1
:107DD00004F902FD02FCFE000800FBFFFF0006FCA8
:107DE000FFFCFD0100FB01FAFD01FC03FFFFFA01AE
:107DF000F0FDFD0004FFFCFDFDFD03FAFD03F7FCB3
:107E00000003030000020400F600000001FDFCFD79
:107E1000040302FF01FCFC05FD00FF00FBF8FCFE73
:107E200004030403F902FF02FD020306FE01030638
:107E3000F700FEFFFAFB03FBF809FC00FF02FF015D
:107E400001FFF9FE020200FAFAFDFE0303FEFB0049
:107E500003000202FBFD0105040300FF000106FF11
:107E600000FD05FE00FF0301F804FFFAFE04FCFE1E
:107E700000FD0001FEFC0203FBFCFF05FE04FFFA0F
:107E800003FEFBFC05000300FC00F701020302FAFD
:107E9000FE0000FFFEFFFAFFCD02F5FFFC080C1408
:107EA000FCF211FD1504F315F408F6E90E1A0DE7BE
:107EB000E8E4EF0B0802080401F1FA111EFF1011AB
:107EC000F906F217FB262BFE1D350C11F906FA0AEE
:107ED000F1EF01E703E4FDF903FEF4FC0426FCEDF9
:107EE0000003FDFA07000AFB080AEEEDFBFB00EFBA
:107EF0000D100E0B0AF6E5FD06B90DEBF2F60003C8
:107F000003050001EFFB1DFAF20B1C09FCFA17F642
:107F1000F8F20DFA04F404FA09FFFEFEF800081165
:107F2000000C121207D5E201EFE6FF0508F6011377
:107F3000F60EFBDD06FA1313F6F50F0700EEF92631
:107F4000ED0A0D0DF404FCF1FEFD00F1000E040F2E
:107F5000070CDE11060AFBF40E02F30B07F905F617
:107F60000F11F805F0F5FC060606F803E8EE170514
:107F700015FA17FF00070DEFFEF8F7F105F8FCFF03
:107F80000B090816F402CC2F0AFF05F6010907E4D5
:107F9000F1FC11FF080904EA16FDF12AFCFAF00CC5
:107FA0001B0FFDFDFDFCF4FFF8FF09FA04FA0B02BC
:107FB000FBEDEEFE1F0413F5C40EFEFC0D00EFDD1D
:107FC0000117FAED0BFC0009F1FB1211F0C9E6F6FE
:107FD000D807060A0DF310EA0805FEF10906F52791
:107FE000050C1AD6E5E7C41EEFF9DE02F3FA070E18
:107FF000F5F500EC18F8F00A05F3FA0FCFE4F30EEC
:1080000014F4EEF402FDF6F2F2F007EC07F2FB23B3
:1080100001FBF0EDDBF4231200BB0E0AF302FBFCC4
:10802000FACB07E0E50505E505011BF60800F705B5
:10803000D9C70AF600E7030605EF16D5CF0801EA0F
:10804000021B330E11E2FCE6BABEFA15F900F6196E
:10805000F8EAFCF7D8000CF1061F16051FD5F9F059
:10806000F8DBD6FAFDF00E02071506F8FEF905F367
:1080700016150DDA14D9E3F402F409090EF5F8FA2D
:1080800001020DF7FBFDFCF9FCF81A3F110001029B
:10809000FEF20DF2FAFE01F007EA05F6F7F4FCF73E
:1080A00013FCF8204416F6F5F0CB0704F8F7F9EEC8
:1080B00001F006CEF7ECF8E6F8F0110A01F1DEF275
:1080C000F1CEFFFCF1FA00F6FD05FEF6E8FE07F042
:1080D00001F7FCD50D01DCED1802FB0D100BF80CBF
:1080E0000013FF0FE80F142AF90BF20308F0EEEF6C
:1080F0001606EF0BF21112FDFD000FF72EF6F31925
:108100000C01E7F20D1B0101FD0013F20104F80D53
:1081100012E4090B2004F3F5FCFA0E07FB2CF2EB3A
:10812000DE18E5FF0909080D0E0B03071EFC04ED20
:1081300016F7EEE10A3F33D80CF6FEF6F108070613
:108140001204172007FF0504EE09FFF60BF62DFEBB
:10815000070800FD000317EAFE03F3FD0AEE09F32A
:10816000FF011407EAEE1F0DD8F3F6FBFFFCFE0D2E
:10817000FFFE06E30CF50213F3F50BF2D0FAD2146E
:1081800004F6FAF50715FF1700F9080A15F712218A
:10819000F70302F2E2190C01FD0B04FFFBF903F8EF
:1081A0000B2E0308F4FF02F5000E0709FFE2E305BA
:1081B00020F1090105FE00E7FF26F801EA04FEFCB4
:1081C000030E0509F8F9F01833FE04000406F6F270
:1081D0000003F2EB0000F301000902FCFFECE10CEC
:1081E00004FC0902040A061E020601FF130903F437
:1081F0000B05041F0208FE05F223F003FDFF0BF63A
:10820000081604EAFEFD04F2050E09E3FDE8BD02CE
:108210002728F80AECF6F5D5001901E90605FEF75E
:10822000120C09E5F8E3FE050DEC07000007FBF270
:1082300001050908FB09FCF3ECF0F901FFFFF5FA71
:108240000D10150C0404001F0B07FD0A08FE04EABC
:108250000D1900161106DBDCF5E602FB0302FF1A1E
:10826000050BF7001AFDF2EA1F1BFFC0002DD0021C
:10827000F60BF1000AFFFE0C03E90D041501F603ED
:10828000FB04FAEF000E04E8160FED01010D06E203
:10829000FE1F0419FB0504FAF506F5F5F6FF02FDCD
:1082A000130D08FE0FF6FC0F0A14FA04FA00F9FB8E
:1082B000FA0F04F308DAFDF5F2F2120903FE031FC8
:1082C00000F403FFFFFE05D80DFCFDF5021B00F2D4
:1082D000DF01F2FC06FD06080DFFFE0406F8F705B7
:1082E00014FCE7F7F9220EDFF20BFF03FF0611FC87
:1082F00005F2FEFBF8FE030705140502F4F6EAF5A5
:1083000009070AFB00F8FE0B0312F60CFCF709F351
:108310000906F1F213F6031ED8191CF9FDFE02FD41
:10832000FFF20CEF0505FEFCFBFB11F2F608D0F99D
:10833000ECE70A1001FC040C000AF3E30EFA02FE5B
:10834000100D1AF1F7F8DD04F1D70304F90204DD8A
:1083500005F303E7F50200EE13F70100F1EC110756
:108360000631F6FFFE0C02F10A1D001F1907F61D6B
:10837000FE04DFDEF61B43070CE90BF90509F2FBEF
:10838000FFFB0BFCFDFBFB04160101FD0512F300D6
:10839000ECFB07000703050C01F70B0109060FF2C0
:1083A0000AFB14100A0CDBFAE711070401070900A5
:1083B000FFFE090F15F5FB0E0408F20D080A07FF72
:1083C000F823FD09FC0C09E90609080D04FD0D223E
:1083D000F2FFED01ECF4330D05070AFDF5FB07F99B
:1083E000FF18090011FD02FBF6FE160D02E108134D
:1083F000F20D0CFF0BFD0D0BFC1A0002F70D03E64E
:10840000F80500F1F0F3EFF9FFF4F108F9FD0209C6
:10841000EDF00304F0F707EF180D03F7FFF9031869
:10842000E8F404FBFB0BFEFC00DEFDF2FD070AF4A2
:10843000F508F00502FCEC060F0902FEF70504FE44
:10844000FE01F800FFFA0504FFFF06EBF309010245
:1084500023020BFB000BFE0000010605040AFEF2DE
:1084600005FAF1DAF7F30BFB17FE09FBFD01FA122F
:1084700007FBFB1B05FD0DF2F5FD00F51BFDF515DA
:10848000E8FDF002FEF903F4F7DE08F90DFC09FA45
:1084900004F710F415E8DA000D26F5F802041405C7
:1084A000F823F6EAFBF9FF16020FF120F5E6F910C2
:1084B00036F00D050202010BF50C15F9FD050A2138
:1084C0000001DCFCF00AF4FBE8DD0A0FF704081AEF
:1084D00008010EF21F0012FBFBFDFDF40A09DBF39D
:1084E00003030209F30405F1FCE9F8FBF0F804DEEC
:1084F000110B24EE16FFDCDC0F040C0C09F900F65E
:10850000F01005F40A070CFC120EE007FD26ED0240
:10851000F60511F90208F8F7F5EF03E90FFE01F38C
:10852000FDEAF2FAF213F402EBEE140F03FD06FA81
:1085300010FE0EFE01F4F0E3F40605F1FEF0EA038E
:10854000FFF808031006FAF6FD09030F03080104FB
:108550000416FAFA100701FC0701F109FFF6051BE2
:10856000FA110EE707F40505F7060CF3F711E0160C
:108570003304EB08F609FDF3FA1901E7110CF407CF
:1085800004050E23EC01E70A030CE70C02F803F1E3
:10859000FB1209051FFAFEF8F4F6F20AF704E415D7
:1085A0000704FB10FD0B010301E00CFA020BFDF7C1
:1085B000FBF807010008FBDFE6EE0807010E0806DE
:1085C0000316F3EAFB11FFF003120ED10AEAC6020A
:1085D00004DDF0F7FB08F71DEE05000D100303F3B3
:1085E0001007FADF01F9BDFF31FD090FFA06EA12A3
:1085F000050201011C0000F42205F1F6F014E8E97F
:108600001600211C030202FDFB1007E70C0EFC07FD
:10861000E606E31B133FEBBBF9C90B0DFAFD01F3B3
:10862000FEFBFDF7FC0204E5100223E4F9E3C202BD
:108630000CBC0AFC0EF100F90213FFE6FBFFF8EF99
:10864000050421FFF5E5CF09010F08F612FBFFEE47
:10865000FB20F40B0500FBF1170A1B15E0F10F10CE
:108660000121F8FD01FDF2F6FF12FC110602F6F8F9
:108670000805E003C30A360BEAFC09000AFD02F70D
:108680000CF5FFF9FC0CFFE7F6FA0AEC05F5DE0540
:10869000240607FAFEFC08110506F6F0001602E3B0
:1086A00019FE14FD1516EE1A0608F10600FF050363
:1086B000F8F006FFF901FAF80904EB02FBF900FCF7
:1086C00014C5F90B02FEFAF00CD7FBEEFAFAEE062F
:1086D0000501090DF6FF1608FBEA05050102FB116D
:1086E000FDF7FEFE030707040A0AF5F7061FF4026A
:1086F000CBF10307F401FCFD08E8FC05F90DEEE9F8
:10870000EFF117000D1229F2E311F608FEFC011437
:10871000FAEF03FDF7FCFF0D1002F3FF08F1EAEAA0
:10872000E3FAF5F9FCF9FAEEF4EB05E9FFF8FDEBF5
:10873000FF03111519FCEF320DFC0500FBFE09F7D4
:10874000FEF309160BFC03FC0203FF1502FE0E04E8
:10875000F0FD15F908EDFB0DFF0DFDFAFBF909021F
:1087600003091B29010A17FBF701F804FF03FD1F8A
:108770000AFB00F9F505050D0FFD0CFAFC09F218CE
:10878000E5E904070400F409FEE0FB05EBFB02F851
:1087900007010BFD0208F8E4012C05FF02FBF3EAD8
:1087A000F605FA070CF70008000F100CFB03EB149A
:1087B000FE0B0FF901F9FAEEF70402F1F403F909DF
:1087C000FE0411091005F5FCDCF808F700FF010FA5
:1087D000F7FE0EF2EA000016EC0707031104FAF8A0
:1087E000DEDAECF8FFF50517F9F5FEF005EDFF030D
:1087F000FF02F8FF13EADFF5F7190609000E08F586
:10880000FAFEFCF3FD0105EF0E080C0DED0ED6048B
:10881000FCCB14F301F8F2F5FE0800FAFD03F8F4BE
:108820001120F6FDF7FAF7E9F8CA0F0BFFF0F01F79
:10883000FDE605FCF8FD10EBFF002002FED7F80472
:10884000E5BCFD0D01FA0933FC0603E7F3F609DC8C
:108850001D1826F903DBD41306F7FE04FB0C000EEB
:108860000309FCFB0400F7F20E08FFED05FEEF0024
:1088700008021B0408F901E3FDE60302E1FAFA0A23
:108880000E04E1F224E81F0600F81FFA09F2F9FECF
:108890000C0F09FBE5F1FFDBFAF100F5FCE905EE51
:1088A000FD0FF0F506F100FC0527FB0100FCF9E1E6
:1088B000250910E115DBE4F6E7EFF80400FBFB17F0
:1088C00006F8060D0103F9FB0B08EAFB0B0622EF85
:1088D000FC04FEFFFBF5FF05FADF0707E5F60502DE
:1088E00000F8ED1606011204EA010BFE04F7090771
:1088F000001301E9F6F80A01F5FF04FBEEE8E5FDD7
:10890000F601E10F04F7F208FFF903EFF3FEF400BC
:108910002E0401FDFDE8E608F1D0030801F8060782
:10892000FE0CFDF1FAFFFDF303FD11FBF3F6D00F92
:1089300012F90A0702F5FEE3011BFEF20807FAFA34
:108940000C0C0B12E4EBDA192B1EF9FEFB05FCE90B
:10895000030E04050802FB06F4F9DB00CE0F131822
:10896000142AFCFCFE11FDFEF701030E0EFC0011A3
:10897000FDF8CFF7F10C450EF1EAF8040109F9060C
:10898000FD0F0B06FD0207FCFD0716E4090AD105E1
:10899000FC16E203F5FA08EFF41C03EE001302F2F2
:1089A0000010071205F6FAF70631FBF505FD0C017C
:1089B00006E5010221080A15FDFE0702F80410FC75
:1089C000F2200705F514032BFFE001FD0F07FC194A
:1089D0000C10F31AF2171BF4FFE4FBFC13F1001563
:1089E0000516EFE403FAEDED06160DF209FFE50CAE
:1089F000FEFFF60A020509F303F10805020A09E081
:108A0000030200F2F7FAE7F1FDFCE607FF1307FFA8
:108A10000A0402040302FCF3FA03FD03F808F2144B
:108A200001F7050B07FDFFF1F80B05F508FA0BFA46
:108A3000FC1B0DF900E1E2EBE3F1F504090AFE0A83
:108A400001FA0309080009FD0110F4F5FE17F90108
:108A500011F2FEFDF50EFAF900EF090F06F5F9FD2A
:108A60000600F9FE101907F506FB0FECFE10F5F8ED
:108A70000516FFFFEF07FCFFECF1F5120CED23EA02
:108A8000EDF501FE02FFF8EF07FDFAF6F2FDFDF944
:108A900003F70A0D1AEDF31FF30011FE09F7F6EDC7
:108AA00009EFFFFB090701F00801FEFD0CFE00F4D1
:108AB000FB18E80D0305F813F2F2070D0FFEFC0496
:108AC00003F2EDED1629F2FA080E05FDF61D02017E
:108AD0000716F11010E50F0FE901EA050E2F020548
:108AE00004F609EFFA10FFEEF70A0413FFFBFA167B
:108AF000E7EAF2FE1E1A0616FB000200F8F902FF72
:108B0000F4090D00FCF6F40CFBF2EEE8F0F00003C3
:108B10001813EA060E150012F71604F9F908021CDC
:108B2000F8F02505D8DFE1FDFC1CFBF00812F50A82
:108B30000818F9010A00F226170FF0E3F0010AF015
:108B4000FD13FDFFF6F7F4EC0DFDF9090500020D2C
:108B5000DEE4EEEEF2EB2615FAEC15F10CFE01F078
:108B600000EE0013030AFBF5FCE40201F513190300
:108B7000FBF3F2F402F80318FE12FFFEEEF5031108
:108B8000E716FECEF0F2F6F9F6F501070800012B24
:108B90000BDF00EA1BFFFBFC0612FAEAF418F7FEF3
:108BA000E2EA0BF5F9EFFB0C02D8FAE7FD0B080738
:108BB000FF01F910EF12E902531005FE04F304DB84
:108BC00002ED13F3F701FEE013F7F142FCF220F09F
:108BD0001B111BF7F20DFBE5041005F01308FFF065
:108BE000ECF50D10F4E702F4D9160C0CF70212E5BF
:108BF00005F5FB0BF8F402F9FE111AEEFFFBD91F85
:108C0000B7DCE106F5F0FFEE05E9F0F4FDF509E467
:108C1000F9FE2AEB11DDB819ED1CF20A0103FCDCA8
:108C2000043206FF000100F602030105D7E2D11766
:108C30000921F2FD080902DF07FB0A09FB17FF15EE
:108C4000EC0BE0FCE71014F9FA2602F2060BF6032F
:108C5000F702F71B04010311FDFDE1F50608220CE4
:108C60000E1501FBF506FBFF05F3FF07040602F7EF
:108C7000F8E900020B0218F8DAE0FF0606F904FB37
:108C8000FB1006F31201FE13100AF5DBF23CC701DC
:108C9000FDC2FCF80213FFEF06E7FFFC04FD041B16
:108CA0000100EFE0F4080BE011E40912F305020201
:108CB000F909FA0903030F0A0800F7040EEA03E8AA
:108CC000F6E4100904F7091603F5070614F3FDFF8F
:108CD000E5F00C000B06F81402F4F500FA1000138E
:108CE00001E50AFF19FB0BE507FDFCE5083F19FA52
:108CF000E800EAFEF5050E040E00F012F8030BF78B
:108D0000E6F9E40311033AD8F5100003F5FA050675
:108D1000F80E0801FA06FD0BEFF2EAFE0DF501F878
:108D2000F8FC0206FFFBF60BFFFE08ECE7FDF2F293
:108D30000702071002FB00F8F8F8000605100312FE
:108D4000FEFC0C0E07FF03FE0B0D0BE5FD07F4EE1A
:108D500009F7FB0700F10C0504FEFEF5FE02000416
:108D600002FAF9F6FAFFF3E2150510F9F9FBFA0435
:108D7000FDEF0801F4FBF10C09FDFF0BFDE91B02FF
:108D80000DF9FD0E06F0FD1BFB020BF4F90804FFC4
:108D9000FFFAFD0001F8EAFBF9FBFE000004FAFA15
:108DA000FE00FF0807F507050D01EB0B1BF023FC88
:108DB0000AF705FBFCF5010306FFFE1DFFF106089F
:108DC000FDF7FA0713FB15F8F9EB05FF02FA0A198C
:108DD00008EDF9FDFBF70BFCFBF80CFA072209FB89
:108DE00011DC03020204FBFDFDF9FFF1F602FCF4C5
:108DF000080A17F40B02ECEE111701F2FB05F8F666
:108E000005E6031405F9010301FCEE0CF4FD37E956
:108E1000041619FDFE01FE1A03F6F7EEE700F5133E
:108E2000EC000807EBF2ED05FF28110504FAFFEE50
:108E30000520FA05F20006F3040702140BF7F613F7
:108E40000B2BF102F80505E8010AFE17FC000903E7
:108E5000FBFCFA0DEAFEFF0D081F0BFA02FD07DA14
:108E6000FA09F5FEEA020C15ECF6051AF0DD091315
:108E70004C16FE070604091BFD18000BFB030B171D
:108E8000F008E603FCFCE80606FA01F5FC0A010A14
:108E90000B0309F501FBFE060004EC050A0AE303D7
:108EA0000E07F706FD16F7F0000AF90704FCFD05AA
:108EB000F4FFFEEB010A15EA1E1807FD02FE08EAA0
:108EC00002080606FFFCF31204050CF30502F0F39A
:108ED00008FF0DFB020CFD15F70608F90004F1FA76
:108EE00008F8FB060AF6FCFCF90CF2FE0403070A7C
:108EF00000FB00051BFD01FE0CFCF8EB0C17F8074E
:108F0000FCF2F906F10604F5FCEDFAED0A060200A2
:108F1000EFF620020212F5FB10E901FFFBFEFA0A50
:108F2000FBE107EB01F803FD0A12FE1A1A1FF1F428
:108F3000EAA71103FEEAFFFF05FAFBE2E7F901F1F8
:108F400013FE220F17E6F2F505C010020EEFF91915
:108F5000F62002ECE901FAFA121720180BE3FBFFE6
:108F60000FD6F90001F50AFBFD1104FCE9F8FCF34A
:108F70001011140D00DCFD09001204F9FBF5FB09CA
:108F80000012FC07FF01FE02FA15F7010AF0F50EC8
:108F90000D360B030DECFCFB0DFEFC01FF03FEF395
:108FA00012FD1D040F180F02F33B0101FCF3020533
:108FB00001FC01F80FF7F2E802051DFEF40121FAA9
:108FC000090EF9F30F040000041F05FEFC07030A55
:108FD0000C05ED0F0517FC0BFCF808FFFF02FEF671
:108FE000FAF9FDFFF1FC0201080BF3E6FBF40A12AB
:108FF000FBFDF5010509FF060007FB0B050306074E
:109000000700FBF5FE2001080EFD01FD0603FE032F
:10901000FB01F505F3F3081008FF180604FD06FC34
:10902000EB05FBF90BFC0203000C04100504FEFD2C
:1090300004FEF7F2FDF4FA0EF1F815FEFA00F3FD66
:10904000050E01F5F8FDFEF8FFFA03F402E4001541
:10905000DF06F6020CFF00F5F4F9FCE5EEFE040174
:10906000FB0516F508E2FE18E4FA040407F8FF050C
:109070000C0400DC0DFF0E09090102FFDEFBEA1DF6
:1090800008F605FA04FBFDFCFF09FAF40701FDFCF4
:10909000FAFDF902E8FBE00C0813F7FDF205FBFC12
:1090A00005020D1002F7EFF900EEFA0802E91B01C4
:1090B00010F4FD0005EAFC0B040300190EF5FC0D8D
:1090C000EA060311E9121D04ED07FA0108E7052974
:1090D00007EB09F00DFE0A0BFF11EFFE140813FA5F
:1090E000E2EFF41603F6002008F110E1FBF307FBB2
:1090F00006F6241E1904C40EE31607F1FAF6FEF074
:10910000FEFFF804F803050201F60BF405D014077E
:1091100006EBF3F9F5F4FB070001F5FCE7F8FE14A4
:10912000101405F9E8EAF516FBF0090314F8010B31
:109130000FFC06ED080DFCE0050608F308E7DEE786
:10914000F0EEF5010DFBFA111103020AECF110DB50
:1091500004F90FEE01ECDE00F3EF01080A0902F05A
:1091600003D9F8EDEC1003F10E04FC0F03EF0A0D28
:10917000F20701FE00F408F606F1FDF2F8ED000832
:1091800015F603E609EC120629EB07ED10FBFBF1DF
:109190000AFEEFF2F8EA02F5F8F5FB07E7F6F7004A
:1091A000F805FB0111060010021B0013041104F85E
:1091B000F7020505FFEAF505EB03030203050B0AB9
:1091C000FDE90EE8E3F8FB0900F9F013110BEAF6EC
:1091D0000316F504040305120C2AF010EF0505FC34
:1091E00009FCF6172B15DAEB06FC03F6FB05FBF37F
:1091F000001704FCFB0510031105F30C1A1D0CFCF1
:10920000FE0C0AF9000302F9F91105090100EDF657
:10921000FDFCF3FA12041A04E521F7FD011302EA3A
:10922000F6FBFD1215F70C03FCFB03FCFEFF08FE2A
:109230000539D703ED08FBFAF2E8012F0201130DFF
:10924000E0EAEA04FF0A10F81C3300FCEC0CFE1EF6
:1092500000F3F9F905E80417F7E2E6190CFC12F837
:1092600002E004F1FFEF020C04EDFEE7FAF5070D52
:10927000FE08FD170AEF07F0E7F4FF0308020803F2
:1092800007F1F80F00FCFE00EA0211D8F1E703F144
:10929000C9D5F30B0000FD19F8080B0C18F4041ED7
:1092A00004080AEBD6E205E70303F805FE0CF43EDA
:1092B00008FCFB0615FF0B200D0407ED082809012B
:1092C000CD02F70AFBF9FD0BFED5FDFBFEFB0C07FB
:1092D000FA031AE51FFB1F14F1F004FD04FBFD1156
:1092E000FCE00904FE0DF5EA22FAEEFEED031A0B8E
:1092F000E3F10DF702FB0BFF01E2F200F7EB0CF3D9
:10930000DFFFDA0318E623FBFCE02303FEFCFE0D7F
:10931000F0E4F1E8F2FAFCF5FCF125040500F30FA6
:10932000F1E50D08FBF9030CF9FB02E706E410F088
:109330000A12FE0D10D3D60326FDED09FC04FAF245
:1093400001DE011907E4FE17F3EFCD28031347FCF4
:10935000FC05000200F506DEFD04EE0A0EFC15FA1F
:10936000ECFC09250A0C0FFCEF120BFD01E7F8D706
:109370000425F6F3F904FEFF030F0011E6BDE8FB38
:10938000EB05D6FE04FBFDFFFB0FF5E5EBF8FFE771
:10939000100514EEF3D1F32CFCB6FCEEF406FFF945
:1093A0000011F6FDDEFFF4E5F30B10F6F1D80D0E1B
:1093B0001BEAF3070501070D0205F21CE5F7F6F4B9
:1093C0001704FED0F2EB11041FB2F302F7FC0710F2
:1093D00008FFEBF0FA0206EE220C15F6FDF201236F
:1093E000F1E50E00F2F612F209E204EBE20A0BC616
:1093F0000610EC21EDD9E7160D15FDF406F8F2E79D
:1094000002F0F405F5F4FBF6000900F302D523EEB3
:109410000D1A13FFFAF3080905F0FFE1DC0203D48B
:10942000EFEB0D10F5F01D251B4B000D0BEA03CCE7
:10943000FCF3F80BEA04060E0FFB0C0818E4FC0022
:10944000242E13E7020305E2FEF2FFD80C0BEF090E
:1094500017F0134003FDF022F4080DFC050005D7BA
:10946000FEF7F0EFF00BFDFBF0E902E70DD8DE07A9
:10947000FC14F50BF6F8F6FD03240107EE0AFA12C8
:10948000FB201D0BFBE6D60E1705EAF1FF01F9E6FE
:10949000030702F4FA14F12003F304F8F5060700B9
:1094A00016FF0DF3020001F7F600FFF70B08F90AAB
:1094B00005001109FF0A3313FDE3FDFA010005FD64
:1094C000020AF801F603010C050E0FEFFF04DF0D91
:1094D00010E9000B0E001210FA1AEE0BDDFDF5E498
:1094E000FF0C09F106102AF2FFFBFEF7F50C00163F
:1094F000F6F90C08EE0C01E91707E6F01F473F11DB
:1095000018200B040A0E0A1500D80A03FFFE0DFFEF
:10951000F6F3F0181B391BC3F828FBFFFF03FE0509
:1095200006010803FCFF011B06F8E122FB1010EA0C
:10953000DCF303FEF4010AFEF8EEFEEB0CFB001573
:1095400016FDE729F4220DF8C7E60001060A091204
:1095500001EB06041EE7F91DF5ECDD0DFB300C04F4
:109560000121F2FAF7F90A1C04E809ED04F10614E6
:10957000F7F7F918081BF4F912F8050A05F207FDC8
:10958000F9F6070401F5FA150A03001BFE04E5F4D9
:10959000F405FEFB03F908DFFF010FF012EFFC12E8
:1095A00005FB0A1AFC08F0F004FB07F70A05FA1D90
:1095B00000EA12E208FC1302E9FB03F804FE1DEEC8
:1095C000F7DD04FB00F6040F030EF912FAFE0A059C
:1095D000FE1E08FB080BE80DFEF5EF0F01F707FE76
:1095E000FC160EE6ED020A0408051DD5F2C9C10BF2
:1095F000F703060401F60AE20AF703FB0607FDF388
:109600000F0FF2F808EEF120190805F300F6F6F551
:109610000D26FF03F9F509FA02FBEA07F0FF1C0724
:109620000006F2FCFF040107FE22FB14FC0AFCE624
:109630000E0202F5F4F507F4D5E80704FA13FF0962
:109640000312ECF1F00AFDF72C0A16E0FBFACB0A44
:10965000F2ED0B04FAF60DF908FF08EDEC00ED163B
:109660001B02F5EB19DF010D090112FA030507D6FC
:1096700001FBFFE9F800FA080FF2E81812E53FEDE8
:10968000241200F2000FFCE1FE1BFF04040101158F
:10969000F8FAD9FA09014605E005FE01FE0006FDCB
:1096A00004FB0816F2FE0101F909FCE6F0E9F3F506
:1096B0002B0DEAF70A0E01FAFAD9091B0BF0FD0986
:1096C000DEF0EDE0FEE7FEEF1C0BFA01FC0006F910
:1096D00002EB011C03F605ECE9F0EE04EE0912F7CB
:1096E000FDF004EFFDF900EAF5E60E0807FBFCEFDC
:1096F000E2EC12FBFB062300E4E6FCFD0303F70F9C
:1097000000DC0404F806000BE7EF02BEFBE9EBFB0C
:10971000F303E9F6FB0DFC2DFF1E05160300051BE8
:10972000E70608E8E60BC9031819F410050D08133D
:109730000423F534FBEC080709F5CA070914EDEC1E
:10974000E8FBF5EFFC0202EFF4E7FB0C0AFDFA067A
:10975000F4F3F9EF0A062EF2FDF3F6F6020A04EC32
:1097600009CC082216FF00E7F9FD0533FB0727FDAA
:10977000F7F501000006FD02F003F4200DEFFBF108
:10978000E7FCEEF7ED1F0EEFDFE70D0403F3032414
:10979000FECEF70205F40A04EEF405E6FF0E0C0017
:1097A000AFF9F706F4F208F0FDE30BF2F8FC09F864
:1097B0001512100BFE08E906230FF507FD050AE94F
:1097C000FDEC0C042300FC27FD01F635030F2EFFF2
:1097D000221C15F60409FFDCFC1208060BFC13FD25
:1097E000E90BDC260AEFEBFD040B150701FA05F681
:1097F000060EFE0201FD0805E9F116F417DDE10988
:10980000E7F00706FDFAFAF6000D0014F1F704F18F
:10981000140E1C0607D3E816EDF701020A03F41E26
:1098200003E8090D0CF6FF1E0F05F2F7120319DF0E
:10983000C800F505FD100225FCDE01020AF9061B31
:10984000F4ECE30408F302F008D8F609FF11FEFC7B
:1098500009E700040A000F20FFFBE8F7FDE717F611
:1098600016FA08F906FF07F105E60A0CFF0D190CB8
:10987000F0E905F409050EF9160217F906070808BC
:10988000F6C70F0F0209FBF1EFF6E11003F631E81E
:1098900004FF0AFC16120628FDF7F51715F80E0D41
:1098A000F7EC11F50908EBF6F1090E04FA11F5EDE4
:1098B000FB05051A21F70D18FB08EA100718FC0A2A
:1098C000192EFAFAFD0A02CD0229FF1608100B2BF9
:1098D000FAEFDC03DC002A000F20FFF903FC03E7AA
:1098E000060A07051A00070EF4ED0047F7FA140FF1
:1098F000321B07FB0408F612F41DFCF9FD050A02F1
:109900000E06E41AFC1FEEFBF5FC02FCFE1705F444
:1099100015FEF6F720FA0FFEF5FEDFF40F1AF91523
:10992000CFF40B00FD0202E6FEEDFA0C0308030F74
:10993000F0FCF515EE160BF0111EF91009FCF9F606
:10994000FEFE0102FA00FC10F506F314FB130D02F3
:1099500020030206EB0B08F4F61109FA1C090705AF
:10996000FAFDDDEF17E810FD11E403FCFB08F6003B
:10997000F615F9FB130EFA03E7F7F0080FDCE90A16
:10998000ECDC02FD01FD00F3FE0C17FDFF010005FC
:10999000F30C1B12F8E7D61BF4C4F5090D00FFFB0E
:1099A000FE12EEF4F40AFEF4FEF815FEEEC2CC1739
:1099B000F7040BFE01FCFFD9FF21F2F9F7FEF8E9ED
:1099C000160F18FBF3D3CA1413160908F5F8FDDCBB
:1099D00006281113F51407F3150B0502CBE40D103F
:1099E0000E18FC05000E06020124012E0715FF04C7
:1099F00012F8E2FED01A4E09E8E91102FA0A0E1234
:109A0000FC18FADEE80AF603090C13F80D17CE0667
:109A1000FB05FEF0FD05FDE9F8FC01FDEB15F61078
:109A20001500F9FA280AE515FFE91009010BF0E322
:109A300007F40B17EF0FF3FFF8D8DF001DF8F2F271
:109A4000142B1609F70EFFF0FEF40EF10B00F718B9
:109A500004FE02EC0BFE2EF902E6FD0C04080128C0
:109A600002EE09FF1207FFDF000800061319F9DDF7
:109A7000ED070304030700F607E107021EFFFAF9EA
:109A8000EBEBFBFA0A361702EA19E612FBFCFF0EB3
:109A900009F7090005FDF609EFFEE50513FFE7F1FB
:109AA000F1100008EE13F9F9FAE602030BF10603D0
:109AB00004160008140704F117F802000E04091434
:109AC00010030A10270009FBF2060910FBFC0DFC2D
:109AD00002FF0FFF03010B11FDFE04FC06FD1BFE40
:109AE00003FAFB0FEEF9E600EEF901F702F902F8CE
:109AF00001E90A06F9060710F60E090B0502F4F54E
:109B0000EFFB09FB07F402FE02EAF2FBF8100D0C72
:109B10000D06200A0606FA0B03ECFFF901FD0FE41F
:109B2000031FFDF0F006F8E5FFF50318F4F5BF029A
:109B3000FDEFF708F90003FFFB0C0408F4F6FBE95E
:109B400017FE15DDE500EB121CFE10F404F7FCE136
:109B5000F413FAF70F0B01E0071211FFF2FA0210EB
:109B6000061713FE090AF500FF07FFF6150307FDA8
:109B70000AF908F6E914F3F700F504FC0B0C0602E9
:109B800001060DE40DFAEE0916FEF4FB0317C106FB
:109B90001E0CFFFC0407FDF0030C0FF21DFA04037A
:109BA00003040903F0FDFEE60F180FFAFD04FAF4B2
:109BB000022209041203FE110831E6FB0BFD04FA30
:109BC000FA200F05FC1606F2FA1A000E010BFC0A29
:109BD000EFEDE5FEFDF51202F805150D020AFA1E7D
:109BE000042412FA0BEAFBFF07F90DFD011FE4083C
:109BF000E307DF0AED0001010927FF00F1090F0764
:109C0000F6101AE3EFF8E802EE1AE0FEF40BF9049E
:109C10000AF912F816F40E12020CD3FF061A1903F1
:109C200004EA120DF40AF81600EC10F1EF04FD0D31
:109C3000E9FFEE07FC1BD1E2F4041C03080DF40459
:109C400001F50CDDE61909FDFE0728D5ED0BC10174
:109C50000DDBEFFB030D0125FCE31EE51602FAF513
:109C600013F7DDC8D70807F40AE41009F91903054A
:109C7000FEC214140500F8F8FC0B02E219EEF9E735
:109C800004EEFE1212FFFDF30AFF0BFC09081F028F
:109C9000E30726FA2DCFCDE5ECF0FDFF0C03F3F141
:109CA000FD0E02E9ED050FDE0B0508E8F9E0E00521
:109CB00018ECF90701F80BE7070507DEE9F90CCE08
:109CC000160719EEF7E2E01D69D7FD010102FCC796
:109CD0000B230316E8FEFCC70E1207F4C0D7EA31C7
:109CE0000C0918F7050B07EEFCFBFFF4060803E769
:109CF000F70AE732E4FB131CEB22FD0B01FCF81022
:109D00001206FAF400F303F2002109DE11E1D4F6A1
:109D10003D15E200F8F202CFF11EF3F3F108F5F77A
:109D200028F8160EF6DEEC222055ECF9F80AF7DAE0
:109D3000FA09FCFEFE09F91F050BD4DAE31DEC0C51
:109D40002F6D1C0010FC06F5FFE512EE150BEF1F42
:109D5000F4F8F628F613E0DAF7F3F5F9F6FBF60275
:109D6000FBEBF5DDF8F0FDE0101206D7150AB301A4
:109D7000CFF6F4F5FD08F90CFEFDECE7FE04F2EE7B
:109D800010FE0CF5EEF5D9F8DF13E308050B06F02D
:109D900000FE0BF71609ED19E8FB04EC1021F202A6
:109DA000180D071002F801F3F11AF5050A02FD1A61
:109DB000F202110D1BF3DBC3EFFF10FEFFF7FD05F1
:109DC000FCF110FEFEED0FF5FD0804E8FD0FDE14BA
:109DD000F9E4F0FFFC010815F3FF0A190703FBE59E
:109DE00000F6E407F420E4F00EE6FFF1020AFD10AD
:109DF000FD020210EAF105E8120FFDFA0D0B1EDE5E
:109E0000F5FBFF070EFA0BF4FF010607F3F7EEEC84
:109E1000F30502EF1EE4FBEDEEFDEFF50AFA01F4A7
:109E2000FE2AFDF4FEFCF4F5FEF70B08DFF4B90C96
:109E3000FB08F50BFF040BE2FF090009FC0EFD0710
:109E4000E6FEE80BE1ECCF133B4008F80516F7EA15
:109E50000502FB060F00FA15EAF8D8F9B30B101546
:109E6000183710F7FF09FAFCFBECFC2219FFF00D84
:109E7000F9EEC6F7E9224005F0E607010709FE06FC
:109E8000F5F601EC000507F5060204E9F320C01021
:109E9000CDD6FB020A1C07FCFFFD20F514000B06C3
:109EA0000011F1FBF801EBFC03D4FD07FE100700E5
:109EB000FCF20C1B0EF90215F709EF06FEF705E19F
:109EC000EBFD15FC080B070D0BE3080D130A1A1D1B
:109ED000F10905FD0C082EF7FFED020A02FB0E1E2C
:109EE000FE08FEED0E0A06E101021BFD0531CDFA6A
:109EF000F322FFFB040505EF00F70808E2FE03E884
:109F0000FB0ED6F201EAFAD3E3FAE0020CF9FE09FD
:109F1000080A1505F7110DFAF5FCF70DFDEB02FC2B
:109F2000EDFCF70C09F4FF1702F5FFEE000114FB3E
:109F3000041414F8F1D901ED08FA00FC03F1FC2136
:109F40000C0401FC0F06FAF505090BE90303E2F521
:109F500027FC0800F4FF04FE03F7031107FCF4FCE0
:109F60001303D9F5161008CC1401FCFF0305FCE619
:109F700002FF091AF9FCFCFF01FAE5FE28E213FFD3
:109F8000F6F018FC000901E2F4F5FC0BF5FE02EF17
:109F9000FE1107FD1FD9FB052B0F08FB0B02F70C69
:109FA00000ECFB0D0FF6080119EAE9192A2443FA1F
:109FB00006E913FFFEEBFD2BFEF003FDDBED0406CF
:109FC0000A09180A1DF3FEE5F7D50A0F09F100F892
:109FD000FE1DF4FAF000FFFFFA031E060AD5CDF1CC
:109FE00004E0EE0CFAF0FFF2050506FAFA0AF8F8BA
:109FF00016162DF912EDD71F022F02F70DF4FFFEF2
:10A00000020CF60E09050809FA17EEE511EA32F717
:10A010001446030601F6F90BF714F708EC110AE4ED
:10A020000BEB0EF42718F3F90352FCF4F9FA02EFE4
:10A030000210FE04EE01F3CE0E0BF1E40419F70852
:10A040000D11FCF9040009FE0508FD02F4FAF7EA17
:10A05000F9FAEFE60519FCF101FE05FAFF07F6DC57
:10A0600001E2040A0115F905FFF3EF01FBFB070606
:10A070000C0105FEFC0AFC2A00F9FC082EFBF80581
:10A0800001F0EDDFF9240BFD1505F003FB15FF10C2
:10A09000FFF10C0B17EEF9F8E7F9F4EB06121F04C9
:10A0A000FA0D080F001406E80103051D05FDFF1257
:10A0B000F4FBE2DE1307FFE4F81503FF04FCF8E00D
:10A0C000FCED0CEBFEF9FF0BFAFC04200ED8290185
:10A0D000F2FBFD0205030515F6F500EA02FE011587
:10A0E000F1020D1903F2FAF4EC0EF4020EFDF80879
:10A0F000F01A02F5FDF41202ED0E11F6EC00C6E7BF
:10A10000E8EBF2F304F400090321EC14F2F301FE8E
:10A11000EC0113D8E7E1E20808110DFDFF0302117D
:10A12000F50B0209FC00010B10FB0111020A12FDE4
:10A13000DEEDF80CF6F9FEE60B1206F80A0011F750
:10A1400007FD0123F61A261DF2FEF9F406FBFF11A6
:10A1500005EFFAF104F9F01BFCFDF20BFD28080AEB
:10A16000FCFB010E00FFF60DFDED00F105F9FD0D04
:10A170001711EB22F20BFB061308FF07FCFBF3DFC2
:10A18000F606EFFCF5F2FFFBFE03240504E50316DB
:10A190000FE3FFFF04FA0AE5FB0B0AF2FB030115CC
:10A1A000070A0901E5E7F2010620FF0200FE060B9F
:10A1B00008F003ED170B050A09030DF2E7EEFB06A5
:10A1C000FEF4120306F9001103F1FEF105090DFB7F
:10A1D000060F1120F106F6FCF3F9010006EB02FD73
:10A1E000FF12E6F2DFFEFCF8081118DFFAE1F00ECC
:10A1F00012F00000FBEAFFDEFEF702F7EDFFFDFEC6
:10A2000005030308F0D4E01314E00B090C0802DF87
:10A210000200FBEAED03FBF3180307FADC06FA0C75
:10A220001C0405FB01FCFCFDFF1D0AFDED1501F101
:10A2300000091923F7EDEDF9C9E4FE0B13FC040B3B
:10A240000B07FBF9E6FEF9F1080916F20AD2C70975
:10A25000DAF6FFFCF5FFFCF60505F90FEF03EEF962
:10A260000E0603DB0DFACF14FBFBF200F80E00ED37
:10A270001504FEF10A16F40302FB0603090D18FD8E
:10A2800017090202FA03FAF6FE12030E01F50501A0
:10A29000FE08E5050015FF0BFA21F905070B01F58E
:10A2A000FDE2050AFF030204F5FAFCFA0FF52DF9A9
:10A2B000EF00F9FB0001FD11FFEF091209EC0007A7
:10A2C000EAF6F4F40201E8F827E1151109FFFF02AC
:10A2D000FBFDFAD908F8070DF4050FF911F2C4E9EE
:10A2E000FDD003F2FBF0F8F10B04F109F301F9FBE7
:10A2F000FC05310827EEBB0DF30706FB000000F359
:10A30000FCE50D0A1607FB25EFFFEDF1FD010F033C
:10A310002301ED020205F815112CFE1A09FD0708AC
:10A32000F907FBDFF1FBFC05110DF4F6F917FF0A45
:10A330000340FE23FE01FAD90C0EDBD016320B00CF
:10A3400005F0F7FAF80002F5F4F702080701E5D87E
:10A35000FFF60CD50D08F6F80A02FCF90508F6DC44
:10A36000F2060009FDF70302F4EFF721F6E709FD15
:10A3700010F0FF05000000210405090613F10CEBA5
:10A380000FF7EFE5E60FF8F0F0F90300F908FE1615
:10A39000FED7040C16FD04F8F407F7E6E93024FFB5
:10A3A000F5FD010AFFF701FD08F8FFFE0EF6FC02BD
:10A3B0000002F8F00D07D5E23614FD060AF701F6A3
:10A3C00000F8FBFEFFF9F10F08F3FE0201011A038A
:10A3D000180704F1F603FDE50CE702F202F8030D9D
:10A3E00001F5F004F60FFE0A0D051706F50E06F24C
:10A3F000F50CFC12F8FC07FCF30700080BDFF1FE7C
:10A4000025F30F08040DFAFA040BFC06F0FB05EB2C
:10A41000ED0A08EE10CEE9FBC3E603FCF20EF80FDE
:10A4200004D40601FFFBF925EE0BEBE0FFF632ED5D
:10A43000F70001050508001801EDFB060BF70215F2
:10A44000F3EBECF21B01F2F3DBE0FA080300FE0C85
:10A45000FDCD071D09FD140C02F6DDFE08061B00EC
:10A46000F1D315FEFCF90111FAD8F8F2F1F60B1947
:10A47000F3F3EEF7190410D31E01FDEBFEFC06FF0B
:10A480000AE3FD1C000600F4EEF90A20F1D911F9E7
:10A49000F3E0E40B0D06EC1BF8FA0A1A0CFC0A02B6
:10A4A000F1E6E9160510E61003030AE9FA16F6EFDD
:10A4B0000FF5FD0621FF0012FBFCE40707141D0148
:10A4C000F407FEF50AFBFFDFFD0EF9160B060B196C
:10A4D000F6F20217EAF32EFA0C230CFF00F409C37C
:10A4E000070805F7F80CF522FE00FF27F9DBFE1D33
:10A4F0002614EB0BF80FFEFFFF1E0010FFF90211F0
:10A500000AEEC802020B11FAFD08FDE7F805070480
:10A51000011BF70014070126E9F6ECF1FC22F70F06
:10A52000040014FC03FB00ECFFF5F311EE050A1721
:10A53000EDFEFE0EE8010B080A01EE12F701F8FE2F
:10A5400001F2FC04EC03F9100AFBFCFD040F1202FB
:10A550002106FDFEF60901EFFDFAF503190306FADF
:10A5600008F2D9EE1BE937EA22F609F00103FDE90A
:10A57000FC01F60B13FF08FEE8E5EB1113160FFACA
:10A5800013F50B00F60000E4010CF90411FA0A06B9
:10A59000F9F907200204FDE91DE8F7F7FEFEEDF2E8
:10A5A00004F90825060105ECFF00DBF0121F47E95E
:10A5B000F402EFFAFFFBF10FFADAFB1BEEF3FCF10A
:10A5C000FBFA02EA161710F007FF1DFD050307024C
:10A5D0000B09F602E5FAFAEBF80220021817E2027C
:10A5E000FE02FC0404F5F5FBFE0AFF03FF0609F575
:10A5F00002EE1AEC10FABF16FFDEECFEFFFD0AE6D3
:10A6000003EDFC14F704FE03E7E6F1ECE6C13707BF
:10A610000F2EEBFBFCF9F300031AEB1DEA09030212
:10A62000E7F711FFF2DDEE09124206FBFEFF08F923
:10A63000031EE914EE0E00FA1100EAEAFE10F00C17
:10A64000EF050300F80008EBF7E9FF0BF0FDF4D489
:10A65000EDE6FFF5FC01FDE9FBF60CEE06FAF6D39C
:10A66000FFDFF015F7F5F62207EA0505EE0016FD07
:10A670002A000AF2FE05FA1F060CFEF30AFFF00795
:10A68000F4FDD8DCF51222FC03E90FFCF60802F811
:10A69000F5DCF80309F3E604EBE3D3F5F01B0A1647
:10A6A000DC080B06FC0509F10D06060A08FEF91187
:10A6B000F1EBEBFBF5060700232DFCFEFEFBFCC2D5
:10A6C00003F511ED05FAF6FDF5FBF937100532F942
:10A6D000F01AF1FF05F8F1FDF4EAEEF10A040F06B5
:10A6E000F0070312FD01DDEFD4240101FD06FA0796
:10A6F000F517060106F70802E505FF03E1E8E40F98
:10A70000F8F8D6F5F401FDECF916F2F6FCF605FEC4
:10A71000EEEE1CE5E7CBFA0BF2F40707FDFB06FDB6
:10A7200011CE02F4070507EA0FFAEBED0B15F8EF6F
:10A7300021D3020605FD07E702F0FD1404F3020A27
:10A7400015F7F102081821F507DBF8070AFAF91ADC
:10A75000F411F81204F4000B23F61404031225FD7F
:10A7600012270108090207F2F408FDFAFF0607069E
:10A770000A08FE180FF71B22F8F706FA09FAFE0C72
:10A7800004FB0715EFFCFEFDFAF20E14FBF70F04B5
:10A79000F92FFCFF01081AE6FE15F312EC0403146E
:10A7A000FB08300CF0C5E413E03BE6F3FBFD0329A6
:10A7B000010EEDEAF8FA0319110B2A05D8072E1A33
:10A7C000ED16E5000E01F907FE0800FD0801F81975
:10A7D0000A07FDFFF01B2922FC00F9FFFFF409081E
:10A7E0000D11F4F2ED020107EEFB1AF7FDF1090C71
:10A7F000DBF2030904F8F60104FA03DBE1F40300D9
:10A80000050627FAFEECDC0609E30004F5F819EC6E
:10A81000FC0BFCF2EBFBFBE731151AF8F2D6111B2F
:10A82000F8F5F806070E1409FEF1FCE9FEFD0DE04F
:10A8300005050400FAF1F51718FD00FFF4FC07F612
:10A840000507F9EEEFF40303E8F109240DDBE91243
:10A850000EE710110002F5F80524F8E1070E0EFDD1
:10A86000120D01FC0EDCE81CE6EB04FEF5F203F72A
:10A87000FBFB02C804FCF1F108FE230013EBF422F9
:10A88000FEFAED04070008E8F4EE03F403F9FBF226
:10A8900010030201F0FDEF1DDFCD120D0AF10B08D0
:10A8A000EF1407F4F00F02EDF7012AF9F9FCD6F9DD
:10A8B000F1C7021300F2FD1B11FAFAC7E701FAE62D
:10A8C0002B212CE713C4CF04E8B9050AFDFCFACE0E
:10A8D000011105DDDF10FCE6291A1904F6CDF00C94
:10A8E0000E05EEFA0B01FCF5FE2AFF00180D0A0E0C
:10A8F000141B1511FAF916130ED90B0F09F3EDFEFF
:10A90000FB040AE6EE0C02ED120E0610FFFAEE0B47
:10A9100005F90E02F9FFF906FDFC0AF603F2FAE466
:10A920001DEE15E43613D503EB111504050105D50D
:10A93000FE390A0E05FFF2E50608F3010EE7E8030B
:10A940002C0808F8F21DF9F1F83100160C11062157
:10A95000F0F6E8F4E00525F3040F180BF90BFA0AFA
:10A96000F524FD06FB02F9EDFDF611080813E701D9
:10A97000DD10F201EFFC0706FA1F030A0BF907E9E5
:10A98000F90316EA091FF21EE018E803F916FB05A1
:10A99000FBE20000020EFFFB0A0BEBF80A36070190
:10A9A0000620FC040C08F9FEFFE205230DFEFB1156
:10A9B000F0FCE002020D0DEBFE0612FDF908F90DA8
:10A9C000FF181002F50F0C02FE0322E9F30EF80D3A
:10A9D000F5EDFB02FD0EF31610E511F00302F8F998
:10A9E0000C0AF8E0D7F60D07F7FDFCF8061105078D
:10A9F00000CCFB1213F2170CFA09F9EF0CF70DF467
:10AA000006FC020DF8F0FC0104EF0CEC09FC0D183B
:10AA1000F50612FA0E080906F6DF0913FEF6F90B21
:10AA200008FA0CDBF000FDE706040BFB09E1D61980
:10AA3000D1CD1EF2FEE500F1060EF5BAECFB03C621
:10AA4000110F2B10FDB8CD12F9B10C1407EB06E76E
:10AA50000207FCDBC60CFFD12220241DFDCFD30C46
:10AA60000415FA0A03FF02040E38FA16FAF7FAF18F
:10AA70001C281E06E2DC1B0C061710030FF202FA5C
:10AA8000FA2405EB0308FEFFEF051200160AD60AAA
:10AA9000FADF08FCFFE5F2EAF70601FBEE1205E833
:10AAA0001EFDFFE12E0ADC170104F2F3050CFCEC9D
:10AAB000F7F61400F409E8EAEDF4F5E30813C5022B
:10AAC000142406FFFB07F9F0F80500FF0400ED0170
:10AAD000090DE2EB1008FBE803E7030303FBF215A3
:10AAE0000C0102FF0EF8F0F40E0208ED0B0701ED69
:10AAF000EC12EF06F41202FEFCE812FB33F8010040
:10AB000011F3FAE9F33CF1140E25F7FB03F8F70310
:10AB1000F5F40DF2FEF8F804F5F7F6FDF309EEE2B0
:10AB2000F2120D080804F7FD0BF1FD130F000016DB
:10AB3000E9FFE5F9190F0CE3FBF90F020103F7191F
:10AB4000FEFE070BF6F818F8F90011EF0109E40909
:10AB5000ECFAF114080CF90B08FB0AFA17FD03F8DC
:10AB6000041117F2DE16F005F9F9FF07F908FD10D8
:10AB700002EE0BF506FE0800E80409F0CE04F6F438
:10AB8000F70008070305000FF9FFFE0DF5070101A7
:10AB9000FC0BFA02F5F70C18F9E5F7F903FA02F2E3
:10ABA0000116FF05E606FDFBF0FF03F5E8CE1C03EA
:10ABB000F8F0FEF9F90401090AF9091BF90002FE8F
:10ABC000F200FCDEDFCAF0EE01DD09050305F41832
:10ABD0000DE41615080110FAE5E8F2D40F23E5F8A4
:10ABE00003CF060401FDFC20FEE106F504FE0D0086
:10ABF000FC1135FA1506B9F51CDEFDFA02FF03FA61
:10AC000003FBFB080209F4020AEE071DF512FD0220
:10AC1000F5330E08060A0CF20300070D0FF0E608E4
:10AC2000F900DD020128070A061A1B0302070502C4
:10AC3000FE09060AED0202E5F705FCEC01F9120433
:10AC40000CF5F407FDF0FE000815061DFDF313DCFE
:10AC5000FC0402E117E5EBF6FD0208FFF6F8FBE75E
:10AC6000FEF81201EB0108FEE5040316FDF9EBF80E
:10AC70003110E0F9FE07F5F00B0F0EFD07FC011C8B
:10AC8000080AE1F2FCFB1EFD32E609FDF9FC06F6BE
:10AC90000A09FFEA0B0802F7E5FBF404FCEFF50BE9
:10ACA000FE0302FFF802FCE8F90A0B08010902FDA5
:10ACB000F30517DDE10CF6F8FD09F504FDFF0506C7
:10ACC000031A0103FB13030D010A15E90A04F4FF3B
:10ACD0000B010B03FC090103FAF5120CF9F8F8E972
:10ACE000FFF4EEFD07F6F9F4001706FAEE01F9FCA1
:10ACF00009150116FC0709001101F3F11618FCE112
:10AD00001010140BF800F5FBFF000B020C01F3F917
:10AD1000FFF5F110FEF203ECEC1D15FF0C040E0321
:10AD2000F5EC00F70307F9EA0BFF0EF30106DDF679
:10AD3000F5F80904FCFCF7FF05080C17F5F00C0208
:10AD4000040D0F0B0335010BF9F6FF0E0203FE0A8B
:10AD500001FEEB09EDF300FF0EFEF9E122070CFB0B
:10AD60000FFCE400F9FE030504FCFFFBF9F3030A02
:10AD70000406F6EE2215F90006040EFC12F70D0A81
:10AD8000FF10FFF0F901F9FD120C3407040ACD0F92
:10AD9000EF0A000C04EDFE01FD1609F0DD00FD01D7
:10ADA0000A101FFEF6B9D7F8FEE401FBF5FDFD1B06
:10ADB000FDF2FBDD10EBFEF119001FF5E303F415C6
:10ADC000ECE2EDFBF5F90D11FB050FFBFA04FD02BA
:10ADD000FC100423FDEDDDFDFCFB0E0A08F1F70A73
:10ADE0000B290AE6EAF2FEF7FB1129D7F3F3E70590
:10ADF000E5EA0314F2FCFE11F005F5E5EEF3F9FFC8
:10AE0000220A11DFF1C8D700FFE4FA0103FDF5E3E0
:10AE1000030006F4E703F1ED211D01D7F4EB05175C
:10AE2000F2F5F101F80C02230214F9040AFFFBF613
:10AE3000FAFB09F200F9E0E7F6F3190A0CFD021536
:10AE400000EEECDBE6F803EF1A0410EE03F5B004B5
:10AE5000F2E2FC0303ED0411FBFB06DFEE09F2E96D
:10AE60001D0C0CF71ADFDA0EF7000C040709FFF9C6
:10AE7000F9FE05E807F4FDE815071E0D1EE3FA01CB
:10AE8000DCDCF10A170003FF0A06FFF8FBFC02EA0C
:10AE9000080605F110DADA1538F5FF0E020B040387
:10AEA00008D8FC0600F314F7070DF90F120D37F45C
:10AEB000EFB51DFDFEF7F8160BEFFDDFF2F6F3011F
:10AEC0000E080C0F0CEBE8FFE7C110030BE4070DB5
:10AED000001DF6F7E1FBFBD5131B3A1234E6D9F758
:10AEE000EEEDED0204FA01FA082AFB05F60802EE7F
:10AEF000181214EB02DEEB160C1F0CFAF9F207F62F
:10AF00000322FA130100FDFBF40DF4F402D9F81347
:10AF10002F2D130107EFF609000F00FFECFE03FDD4
:10AF20001400120B0702ED1B0A18020205EFFAFECD
:10AF3000FE06F5E809F6F7E50C1204F70A0AF9FE31
:10AF400004F207FCFEF30106FD0D03F8FD02F0E23A
:10AF50000A02E9081707E3EE00F70802FF05F5FC0F
:10AF6000FE03EF0EF5FDF20A0501F7FD03FC1502E5
:10AF7000FB030AFDFB0A000BFFF6100617EFFCF7B8
:10AF800013FB00F8FC231501030301FDFDFE080A75
:10AF9000F9FF01F8000E01F8F9F614F2FAF520F8BD
:10AFA000E405110109FFFCFF06FD010F0A01F80F7E
:10AFB000F0F806F60A14F802000A06FBF503F30996
:10AFC0000AF90707FBFF0107F7F813F902F9141054
:10AFD000F311FB0504F80AF8F90CFDE5F800F80296
:10AFE000010815020EF9081D050DFBFFFBF4FA021E
:10AFF000F51A0AEDFDF309FD060F0707EFFAEC1B42
:10B00000F106F9F6FD0FFF07020F000BFA010EE63D
:10B01000F50A04EE0302FA0911B105FBFC0306066A
:10B0200002BEFEDF0F00FFF20FFBE5FBF50E57FB44
:10B0300000ED07EC070AFE2706FCF800FC0306D724
:10B0400001FBFB0609EE20F2FBE204FE04FDFD0419
:10B0500001F0010BDCFF11F5010425F63304F2EFDA
:10B06000F7C9EF110BF9020AF9F9F5EDF5F6F0F968
:10B07000020A21F023D3B7F50D4002FE08EC01D5FA
:10B0800001F9E808FD13FC06EEF2F12718DA2DF1BC
:10B09000162F0BFCF1FE01060001EE180AF5F30570
:10B0A000FEE8E90C092510F10B1A16FE05F3F8DD90
:10B0B00004FE01F3F8F6F7E505F109FC070300FDCE
:10B0C00013E2FBF6F90CFDF4FA0AFFFEF804FBEDBF
:10B0D00013F811F1F5ECF208F9180B0404FCF6EB87
:10B0E00001E406FA05F1F935F3F30E2BFFF417F935
:10B0F000171CF508F60EF90906FFF2F82703F63CCF
:10B1000006F0F10E0B30160F130002F0F7FAFB27D2
:10B1100007F7FB050F030207F0EB11FC061FE30323
:10B12000EF13060AF407FEF90708F8231A0A01FECE
:10B13000E604ECF40E2310EEFA03F90E03FEFC0312
:10B14000F9F60C0FFCFFFB0CEE04F50FFDFB1801EC
:10B15000DDFEF7F5FFFEF8F5FA0C06F80EFB0AF631
:10B16000F80604FE160E0C060605F205F8010B03A0
:10B170000606F5F004FE170EF0F0F4F8F626FDFFD3
:10B18000DF0001F40707FB0104F405F10402020DDE
:10B19000FD0502F6E5132609E9D4EDFB0C0607FBD5
:10B1A00005F60CFCE40401FBF304F1EBDFE60C0113
:10B1B00003F1ED01FFF4F3F8F9E10B1F0E0EFE0AA7
:10B1C000FCF2EDE6F8FA02F2F740FF0402FD02FBA2
:10B1D000FCFB061728F30205EDEFD4FAFD13150268
:10B1E000FBF4F8F202F4FB07EAECEF0C06F403F8C8
:10B1F000EDE4F109F70725FCF2E20005FCF001FFA0
:10B2000006F205FC00F5050EF6FD02DEF2DDE5FFB7
:10B21000EBF7DAFC0D070005050904FD0603FE0047
:10B22000F201F1F6D9FFED010DFAFFF8FCFCFF0A7F
:10B23000F9F5F42502F606071DFDDAFEFB04F5E735
:10B24000EFD5040100F603F7FBF1FC08F9FE02005C
:10B25000FDEDFFEB15EEFF0A00E502FD1305FE0113
:10B26000FEC6FE1E1707FCEE01F7F709112C1DF3B1
:10B27000D9E602FE0603030E01F1F11B05F8FAEC14
:10B28000EDF3E403041D2CF6FAE30DFCF8F6FB22C3
:10B29000FBE3F5FF0C0DFE17ECF100F40D11DF05DB
:10B2A000BCF4F60503E9FAF1F8F500E8F3F109FD5D
:10B2B000060E0F2306EEF112470CF104FAFAFDE137
:10B2C00007E208F612F8FA14F1F7FB3DF60030FE3B
:10B2D00025170404000AFEE80808FEF9FB0305F739
:10B2E000FBF6F54712F5190B080B0C07F7F3FFCF28
:10B2F000041FFBFB060B0002F603080C0DE6FD0A1B
:10B30000F1F20FFAF6FD00F6040302FDF8F704F17E
:10B31000F402070103EEEC1BFD0C06080A03FEEA2B
:10B320001027120EFB08FD050600F60DF509F812B0
:10B3300004100D111704FF0FF5030402020C0B0F8C
:10B34000F9FFFCFFF7010EEA2617140B021405ECB7
:10B3500002F900ECFA0A0704FAF302E6FEFCF6052D
:10B360000F3A1E12FE0A0102031601000E09000721
:10B3700002071600FF0EEFE8FCFB0207FF0F02FEBC
:10B38000F2FE06F509F8FE0C24FB07F6FF3AE8F298
:10B39000E4FA00F5000009FFFADF1DEE2B08070FA5
:10B3A0001314F5E6F22304CEF016070D01FF06F4A0
:10B3B0000622FA0AFDEA0E02FA05EF05070EF4FF6F
:10B3C0001D34FAF7FB03FCF30123FB03FA00050E1F
:10B3D000FBF5FBF701E4F1F205F4F4FDFF0D0017B6
:10B3E00001F80BFE20F7050D02F7FDFEFD28FA051A
:10B3F0000FFF08FCFF0904FF0720091F18FD1003B9
:10B40000F6060BF0FA14EFF4F519F10EFF0501FF43
:10B41000F21CFF3206EFFFFFF6F5EDEE09F6FCFE3B
:10B42000190207F9FF01FD00FC020A1BF909EF0BE5
:10B43000FD02FED104FE10EBE40B050A02F2F60158
:10B44000F92207DEEAF5050BEB0203D9F9E6CCFB9E
:10B45000D7EAF7FD070201FCF8F106D80EFC0EFE54
:10B4600005051DCDD7F2CA02F908E8041201080744
:10B4700002EFFF100702FAFA0203FFDFE5E4F4EE41
:10B480000FFBEC0604FE02010404FFEFFFF40509C4
:10B490000AFE01E0E5FE0E0BFF22F709050FFF078C
:10B4A000FD1A05190304FF0FED0A07FAECFB040966
:10B4B0001026E708050EF80602ED0F0916FD011724
:10B4C000E3E5C8E8FEFA06F2E8CFF8FE0B0EF50257
:10B4D000FBE908FE1CF3FC0AEBFAEFF9081206F48C
:10B4E000F9CF09FBF8F702EFF3FC01010309040FA0
:10B4F000FBFE11F305E6F3F4F4C50A050413F40E9C
:10B50000FEF9020105F5F209F5E8F9ECEE11F7FE96
:10B5100003EA0204FD02022BFC1806360EF303FEBA
:10B52000E9E7EFCFF52212FFFDF3F5F70604FDEB97
:10B530000715000F0A020EFDF202FB021007E2E7F8
:10B54000E4ED04F4F7FC04CF03FBFA140103FFDE7F
:10B55000EAF701F911EEFD050F080AF7FC0A0104EC
:10B5600004070A021F0F0AFBE7F2EB37F80630EE7A
:10B5700016FEF40AF70E0A000321F715FF00FFFD7F
:10B58000010610DCE8FFF40802EF05F3FFFD06F901
:10B59000F711FBFDF9090200ED12E6EEFE0CE818CA
:10B5A000E8FE1212FE0801FE03000DEAF3FDF4139B
:10B5B00002F9F10AFD12D7E5040F0909FF0B02EDAC
:10B5C000FF07FFF3FA08021401FF03F00814EFFD70
:10B5D0002C0EF50402020CF501020BF6FF0DF4F43B
:10B5E000F9FBE3FC08FF39FC150521F0FF09FD0E0E
:10B5F000F5E8FD0EF8FD02FF0702E7F9131817F44E
:10B600000D0C13FF0F000E1EFA020F160207FD04A9
:10B61000F8FDFE1E2015F4CCE8DDECFE070204FE6A
:10B62000021E04FCF1190206ED020FE2E2F0DFFF58
:10B630000017F9060A0E080A1A010AF5FC16FA0E96
:10B64000F603F2F0E6E1E2042305FFF9FA13FED671
:10B65000FF0517FE0D0306FAE6F9EE05ECF1D3F54A
:10B660000AF613F6070306F7FB06030F15F8F6FCB8
:10B67000FD1109F5FA1AF2EEF9C40D03020DEB0FF4
:10B6800005F30FDA0F0607060EFBF829053DE70064
:10B69000EDA601FFF820030703EA1AF72EF70B14B3
:10B6A000FDF9D2EE033DDDECF0D3140FFB1C00FBE3
:10B6B000FF260B1BFDFD0105F9FFEAFF1C03E8DB7C
:10B6C0001621F0FD01080907F81C0218FEF40EFF10
:10B6D000F2FE27BB11D8FD05010C05FB0706FE098C
:10B6E000FE0F090E2A0A0AEFDDFD070D0401DFF641
:10B6F000E508F20D080FFD06FC0B1304290805D51B
:10B70000F0F6F1E8031EEEFBDE05E909F807081282
:10B71000FD070A12FEFE07FBE3F9E7F81010070029
:10B72000F4FB02F7F9070FFAF4F703EAFBFEFB005C
:10B73000130C01C4E20515F4F2000103FC0F0B0524
:10B74000000BF6EAFEFD06FF010C1FEAED07A70B52
:10B750001CE317FE080709EEF8CC14F6050004EA0E
:10B760000A1107CFEFF9C7DFF203090303FAFC0957
:10B7700002DD0507F7F900F5FFFD10F703D9FDE835
:10B780001A020103FAF3F1F5F7FCFC06000713F5C2
:10B79000090201E70CDCF2F8DEDA0BF9F90804F330
:10B7A00003CC06F410FC04FAFEF6F7D1FAF92CF5F6
:10B7B0000EF9F9FD06040202F4F0051807F207EC91
:10B7C00007FEFCE70FEF100300DE06F000FDFF0AA6
:10B7D0000600F51514FFF5DCF9F506E914061F015E
:10B7E000FBD1FDF6F901F7E50121FD08010600FF97
:10B7F00002EE01B4F4FA252AF03603FA0A03F6F849
:10B800000CECFC1BEF0E0300F4F0EBECFBCF26E599
:10B81000E63F0B0B03000B2109F50814EB110001A7
:10B8200001011B09F4F3FC17054DEBFDFF07000FA9
:10B83000FE11EEFC10FCF30F10FCD8F81A2107FEE5
:10B84000FCC403F6FDFEEFE008DBFCF4F704F302B2
:10B85000ECEDCB0DD01406ECFFF6FB0106F8F8D9A1
:10B8600001CE091CEB0303FB08F3E139040042F5A8
:10B870000AEF06F7FFFBF514FCDFF5FF11FC0901E9
:10B88000E20A0F2A021BFBED0ADC13FAF511090F7D
:10B89000FFC5FD0012EA080BFAFF0BFBE7161004C8
:10B8A000E7EEFEFBF806F9FDF8E1FBFF040A07F9F5
:10B8B000FDFDF74A0107E90D521DEDFDFAF9F4E52A
:10B8C00002CC070501FAF72DFCFADC37FB1825E658
:10B8D000491A0DFD040102D3FAFFFF10F602080B0E
:10B8E000FC070E2508FF1501070219F2FFF502EB10
:10B8F000FF05120EFFFA07FEFAFF08240EFE002DC8
:10B90000E0120DF7FFFE03ECFF19F201F30103EA69
:10B91000FCEC0CFF0AF8F401040DFB120304F9E837
:10B920000B22010BF304FD0D0C01F208F61AE506DB
:10B93000DE180B0FFE190910F2FCFC09F80BF2FEE1
:10B94000F1F8FCF1F105F6080AF314170212F6E516
:10B95000FDF110EBE70605DCF80F04F9020DF8FB2A
:10B9600012FB02FF0004FBF401FD0A0706FBFAEAE2
:10B9700011142BCD0508F5F9F41E0B110017F70073
:10B98000FAF812E008FBF8132201F0100166E0EA71
:10B99000DE0E07FBF50AF92B02E120D83DEB0E1570
:10B9A000EF0EF502032FE8E6F6ED0CF2040DF3D5E9
:10B9B000FB30080228FEFDF7FD0EF7181B1215FFDD
:10B9C000150A10F2FD0602F2FE2FFF1D0C1C0317D4
:10B9D000F61C07D4F9F8F1FA15110FE5010704096F
:10B9E000F20913E11FFC060EFBF90F15FE18E30226
:10B9F000EBF6E603061400F7F616080A181B10F516
:10BA0000F6120AF6EEFABDF7E919DF09FE070B0098
:10BA1000FA2310FE1CFA11E91505E2060A1F0FF6BB
:10BA2000E5020509FE0C03FD0601FB14F300F51504
:10BA3000FE01E2CAFC040FD0241916F809F8F81424
:10BA40000A1102E8E81AFE03FE0420B4FD18AD0452
:10BA500033E308030313F51200F005E70B0B09E5C8
:10BA60000FF9DAAAE8E6D4F607F40CFB080D04FD9A
:10BA7000FBC40746FB050911EB0D0CE824C7FABA15
:10BA800001E103FD0404F9F210FC01E8070D0305D0
:10BA9000FD090AF011F1D4F8061EF5F4F80207F6D4
:10BAA00003210B0CF4060502F9FDF5EFEEFCFC1684
:10BAB0000719FEF7030E0AFB02EF0F00040FF8113F
:10BAC000E9F1E9DAF309EEFC3D2B0AF8FC0602E4A1
:10BAD00009EC04F408F80A05ECF1EFFFFF06D4EED8
:10BAE000F8D511F7F207FCE702FFF6FD05F70D01A7
:10BAF000FAF6181518F5C2F401EBEC07FCF901048D
:10BB0000090411E710FC040807F7EFF7EA27F3032D
:10BB10001005E2F80007F513FC0F0A0000FC05060B
:10BB2000DF0602F6D80702F70400FE05F80AFEEF6A
:10BB3000FC5802341BF703E8FF00CCE51CFFE3F6DA
:10BB40000D1A09FA04FDFAF8091A0815040E010283
:10BB5000EE110FDA14FB03040B0F09FBF9F9F9E4FA
:10BB6000050309151A0404E5EFFD0312EB22F3F5B2
:10BB7000F10604FD03FDFE16FA1FFEFC050D00DEB6
:10BB8000F80EEEDBE9090600F5F1FF14F50FFD10E4
:10BB900007EEFC02090106DDF101DFEAFF3008FED5
:10BBA000EBF509FE05F707F9FDD9FFF305F8F700F6
:10BBB0000A0AE907EC0EC7E80F060BF60A02F8E2DC
:10BBC00003F20DEF0111FBFA13FF0904070E100534
:10BBD000320D0DF701FEFEE002E211F5120E0CF53A
:10BBE00003EFFAFEDD0018F0FAF01CFCF90601FA8A
:10BBF000FFE60C0816F908EEFC0CF9E806DBEBF39F
:10BC0000FBFA0607FD0AFFF70F1F01190206000ADB
:10BC1000F8032AF025CED1FE17D1F91BFA08FFFD53
:10BC2000031BFFF0FF02FDDC0708FCDEF4DCEB0B7E
:10BC30000DE9F4F802F5FBD7FF32F4E9F1FC03E17A
:10BC4000220421F901D0E62325C71207FDF003C223
:10BC5000031403F3E3F0FBD51C1241FEF1CCF52CE9
:10BC6000FC0F110902F9F604FB43F1FCF20E06EB9E
:10BC7000F903E816DBE50E040300FFFCF3EE04080D
:10BC8000FF17EBEAE50901F411100AEFFEE3DF010B
:10BC90004700F8F0F7E303E00323F309FC0E02F397
:10BCA0000E0502F21AFCF22019530204FFFEFDD623
:10BCB000070F030FEE0EF009F704F9F90213FF0F57
:10BCC0001F2216F7020EFDF50A0705FFF403FA21FD
:10BCD0000507E111E302EFE1FCF5030BFFF608169F
:10BCE000F5ECFAE204F8FCEB120504DE1327E2F1AE
:10BCF000EA0EEF0C00F5F01006F202F6020AE80573
:10BD00000AE821F8F926FC0F0429EBFF01060CEEE6
:10BD100007FC10FA180FF81601020018F92DE4F6C6
:10BD2000060B21FEFA07FC020F05030219F6F30ABF
:10BD3000E701F2171A01F7E3DCF8080205FDF7192D
:10BD400008F005FC09F7FDF0E4F314F6F60AF2FE3C
:10BD5000ECE7EC09FA0000FEFE1806040BF40A00FA
:10BD60000A1707EFEA0001FEFFE500FB07FE0E02DF
:10BD700000F2021304F2FC08FD07F6FEF10B0CEBD7
:10BD80001CF90F060A06FE07FFEDF70C03F8F40195
:10BD9000F7F704EB09FA090FDF01F9060A04EFEDE2
:10BDA00004F20907031001FEFF09070B03E319FC66
:10BDB000BFFB16010500071301F505FA040405FB96
:10BDC000F7F7EB0EF4FD1400E505F603F9FE062087
:10BDD00009CA12FAFA010A0609FDDEEFE81C12F898
:10BDE00000B21AF811FDFC15F9E30CE911F5051D77
:10BDF00004F709F90901E1C7210F08FFFCFEF0F083
:10BE000005E2FF1C02FDFD050EF2F41DFE2C27F8D5
:10BE1000F712070FFA09FDFE00D308EB1DFAF51320
:10BE2000F8F3F804F00FE8EFF4031AFA140303E848
:10BE30000925082108091DFEE106F70C18E6FB0399
:10BE4000240901FCFA0602E6FA390824FBFF13096B
:10BE5000F909FBFA0AE9EDE5162C12FDFB1004E0E6
:10BE600003030DF3FCF90A23EAEF0524E9D4E50FF7
:10BE70004C32EB01FDFA04FB052217191611070ECF
:10BE8000F410D5FFF6FEE30E0800E9EEF60AFA0F0D
:10BE9000F91609FE060FFAFCFD10E30A0A07F2F490
:10BEA000FEFC070D0509FBECFEF9FD09F814F50889
:10BEB000E6FBE6B4F4062BE6FC0DFF01FB0403FDF4
:10BEC0000216ECE90005F10A0E0715E5FC1EF1E982
:10BED00016F009FD0616031EF5E220060C00FFFA17
:10BEE0000708E6DCFAF71CEC17F90502F8040AFB70
:10BEF00009F4F5250F0708FFEBF2F4D626F901C87F
:10BF0000FCF20A01FB08F9F50BE40AFD07FFFDFC52
:10BF1000F6021515F00FFDF1F9D20803FC040A0E24
:10BF2000FFE509F7F8F8FB030F01FDDAFFF512FE54
:10BF3000F9D207FE02F704F0F9FFF4DAF9F300DDB5
:10BF40001A03270115D7ED0BFCAA0602FBE608E948
:10BF5000F520F9FCC50502E0261B2D07FDCAF619E0
:10BF60000813E6FD08F802FDF92704F7F111FEEECB
:10BF700013040F0FE0E8FD16FAF30EFCFDEEF914C2
:10BF80000C05F2F9F80F0AF5FB1304FE08DAE403D6
:10BF90001A1DF1FAF4F500EF0716F609ED0D02ECA3
:10BFA000240900001FFFF51516FCF700FD04FCFB3B
:10BFB0000112F707F00EF3F0FC00ECEEF61BF2FCBA
:10BFC000101316FA000A0AF1F5FEF9F4040AF10951
:10BFD000FB05E206EC1EE5E7F6E30D070308F1FDBD
:10BFE00002E3FEF0F4FFF7ED1406F81423081CEC4E
:10BFF00016FFFDFBFA05030A03E305FF1EECF4F749
:10C0000000F10C0D0C1A1F08091AFCFBFA0A00FEBD
:10C01000FBE7FF0F17F5F313F7F3E300FF0D04EA57
:10C02000EEF8F401F50404FBF505050D0DFA032502
:10C03000F1FBF80B0F07ECE9160B0506F80C0011E5
:10C0400004F0FA1206F1060AFA030AF407081806C1
:10C05000010AFC04000FF705F510F9060B0A090C9C
:10C0600001021107F90E050707F1F602F7FEFE12AD
:10C07000F91E031AEAED0C08F2FDE70CFAFF0705BA
:10C08000F9EEFE01F903F90EFEFDFF0DEEF9F5F5EF
:10C09000F20609FAEF03F611EFF90D0009FBFD04B2
:10C0A000FBF506F3F700FE01040513FB0800E6FEAE
:10C0B000F9D2091206F7FB24FBF50ADFEB04EF04C3
:10C0C000100B1C0103FEE7FCD3B0130602F90604B3
:10C0D000FAF9FEEBFB0604F1150D20121E0101F723
:10C0E000F5F9E702FDFE04FFFB210E02FC0402014C
:10C0F000130D01050105F0F60FFF0D0104FFFB050F
:10C10000F70DFFF9FC01FBF618FBFF130D0CEEFB1E
:10C11000FA1D040B02F8020DFFFE04ED02F808E51B
:10C1200005F90A071B01E5FEF2F303FFFD0007FC1A
:10C13000001709F502F6F6EE0B1212F108F6EEFF03
:10C14000F905FC000304FAFEFE0F0012FCFCFEF6EB
:10C150000612EDF802EFEFF6020308F7FFF90111FE
:10C16000FC1EFD07020303F7F90009090800F204A9
:10C17000060B050AF802040E0B1619030902050244
:10C180000E080EF8FD0502FC00FFFD03FF0001F99B
:10C1900001080B03F8090DFD0B0E0FFDFEEDFDF878
:10C1A000E505FA070908FC07FF05FF0A01F602008A
:10C1B000070DFCE0FA1206F901000DFCFAFBFB0B7F
:10C1C000FA0A01F0F20306F80D000BE407EEF303A0
:10C1D000F4F0F8080CF9FB00FEF20CDEFC0DFEFF9B
:10C1E0000A0302F0FCE8F70FF9F70502060B00005E
:10C1F000FDFE05EA05FD0BF506FC0F0714ECF4FA4D
:10C20000FCF7FE03FEF8F714040001F5FF0503F444
:10C21000090200F8FBFBFC1BE0C1FE0108000B0556
:10C2200008E9F3DBF50601FAEDFDFB02F4FC09EB8E
:10C23000E2D213FB04F10612F5F704F2D607FCF282
:10C2400009113507FCD3EADCC9E8E90DF0EFFD235D
:10C25000F0DFFC09E51503EC0FF7111506F7FCF309
:10C26000EAC9E7FF10FB0606FED704F3F5FB02ED73
:10C270001B15FBF30806ECF51D19FFEF0601FCF991
:10C28000FFF7030802F9F2F907F5EF351111140D64
:10C29000130923FDFFF509ECFAE6FEF1FDF6F5FBC7
:10C2A0000E020921340FF0E7FCF216FAFD03F3E663
:10C2B00002E618F103ED07E7F000041615DEFFE5CE
:10C2C000FCE4F9FFFBFEFEF8F806FE0300FEF411A5
:10C2D0001BFD09FC200718F80A0F0509EE00FDFBFD
:10C2E000F91D030709050E22F100F018FBC6010035
:10C2F000152108FFFFFFFAEAF60105F32DF80026E5
:10C30000FEFFEB01FF2A11031C020A01FCF10204EB
:10C31000FF05F6EC080BFD07E8F4FA030A180EF91E
:10C32000F400F3010E0EF600FBF800FC070009F024
:10C3300003F713ECE7291305F5FAFCFEFD13F6FBF2
:10C34000F60B001501F5FC140405F2CD0AF911FDF8
:10C35000EFF4F20303000CFC07EA0104F6F805F21F
:10C36000EAFE0DF301FB2211FFFD0E05050203F3AA
:10C3700003E601F4F9000E06F1EB01F10A19FFF5ED
:10C38000E0FEE900FA0501F8FDF603ED0B03F20EFD
:10C39000F2030309EB2C000D11F5EDF2FDFF01EBAB
:10C3A0000614F4070206FF01F4F9F2F8EBCC0D11C4
:10C3B000192BE1F8090A00F1000803150805070622
:10C3C000EDF3E3FECF03130E4249FAF9EF2300F732
:10C3D000FEDD070515070E1BDFF6CDEFF41806FD91
:10C3E0001EDF290C0008061B09EDFCF300EAFE1213
:10C3F000EEF0E8FA0A11DEE30200F8FF020EF30C99
:10C4000009F6ECFCFBFAF40803E6FC05DE0C0FFC75
:10C41000D9FAFE07020FFBFBFCE00D001104F82621
:10C42000F4FBEB0FDA0AF9F8090710FF020F020913
:10C430000724100E07101013F217FA1A0ADDCF1A8C
:10C4400022FBFE06FCF3FDF00D17FF2204FC27E89B
:10C45000F4F711FD1EDEFAE9040E00050CFCFCECFD
:10C4600001F707F8FFFF0809F6F9030BF706EC08D8
:10C47000350DFAF2F20302F6F90A0117F60B03047E
:10C48000F201FCFAF7EA0416010006FDF005FD02D0
:10C49000FA190308F30005FBF400DDF809E5E9F6F5
:10C4A0001BF20107FC01EFDEFD0F01F8E6020707B2
:10C4B000F0FB01B9FFE70B10FD0501F605FB04EFEA
:10C4C000031009FDF6FEFC0AFE0D14EFFD02FEFC52
:10C4D000EF090106FE0E0311FA07FD140E0AFE0D08
:10C4E000EBFE07E1EB0807F30F10DF0D01FBFE1B6E
:10C4F000F3F2FD0701F907FA1405F5EDFA09EDF17C
:10C50000EBF8FA0500F9081902D702ED0714FB0150
:10C5100016090A0AF811E7051B02F8F703FEFEF0F8
:10C520000904FDF7EAFFFEF502FE060F00E8DB0A4C
:10C530000801F8F0FFF7FDE1F31BFBFCEF03F9EF57
:10C5400002011A0C03EE041800F5F7FDFBF303FEDD
:10C55000F80406F0F6F4FB0B0111FBFEF0FCFA10F8
:10C56000F6F60CFD03F8FC1A05FB00E4050607EDE2
:10C570000204E9160B08F806F5F8F00002050AE8CF
:10C580000222FCEFE9FFFDFC030008F6FBDACC1306
:10C590001C06EEFEFCE9FCD9FF160005F7FE01FDC6
:10C5A000120903F2F2CEF3140D11FBFBFD0003019F
:10C5B000FEE003FD0809F7E5FB0614E1E103170AB5
:10C5C000FD080F0EFF00FD1C05E3FEEE040300F264
:10C5D0000F0E080BF513DFE0F4EA0AFEFBFA0CFE7F
:10C5E000F9FFF5E8F1F2F6F0211C1AD21AFBB1F4CA
:10C5F00019F5F7F802F9FB1A02E4FEF5F809E3EF82
:10C6000005FAEFEE11F1F407040504000D0203D959
:10C6100004040901F700FAF6FBFD0802F2F20AE74A
:10C620000C0304FCFD07FA0204250E0F03FC08F1BD
:10C63000000D0BFC05DAD2F1F1F009040808020F35
:10C64000FDEA0310F9FF06EA090D00EB181724EFC5
:10C65000E401F402FEF8FC1608E9040EF8F6F2F91B
:10C66000FDF7F8F9041810E808F70004FF06F4EFE6
:10C67000F81600F8EBF8F610010C0902EDEBF0F1FA
:10C6800006000FF9FD07FFEAF51BFC0FF202FEEBB7
:10C69000F9EBFBEF19E80D02FD00F5FDF50BF206D5
:10C6A000FEF0F1FF020802FCFAFFEC01FAE93501A5
:10C6B0000C14E9F202F601060CF00413FEE90F0176
:10C6C000F301F3060AFE0DF31B1D0C10F6F6081716
:10C6D00003DB05F40CFC14FEFBFC1E072011E8F044
:10C6E000FBDC000106FD010E04FD0BD7F7FF01FB8B
:10C6F000010D141014E6B9EA0430F4F605F906FD4C
:10C7000007F7F2100CFCF8FCEAF0F20AF2E022095A
:10C7100017F705FA00F9EEFD0F07FC08FAFCFA1707
:10C72000FCFFEBFAEF0BFD08FB1F010802F4090305
:10C7300001FCFE09EF130FF9050317F80D040712AA
:10C740002F07FBFD04F0F6FD10FFFE09FAFCFFE2E7
:10C750000805FFFB16FDE3FBFEF80001FFF801F9F9
:10C7600004FD0C16EC02F31301F40107F6FAEE0BCC
:10C770000BF50D06F70C04FF0808061601FBFE0674
:10C78000FFF7E4ED030F181104EB11F9FFFDF811A9
:10C79000FD07FA0DFEF50400E7FFFC00E907F5FED2
:10C7A0001012FCFE080106F6030CFDFB03F9F1F57F
:10C7B0000CFFFAF21307090CE004FB000800F7EC89
:10C7C000FA00070202F5F30BE703181EF8F2330133
:10C7D000F01C08FDF90606EC0F12FCF90206090729
:10C7E000F4FC0C34000CFC1AF10AF600FD0607FFFD
:10C7F000F12EF6E712050AFBE4EEFFF5E0EDD812A4
:10C80000F5FBF7FCF80AF103030404EAFE01061144
:10C810000A0901EEF00B1D0501F903FDFDFEF70607
:10C820000508FDF9F8070A05FDFB00E8FC01F3091E
:10C83000E608EEFBFD00FC0211FBFDF606FC0AF229
:10C8400006080FF4FCF0EE030704FA06050207F1F0
:10C85000FC01F9F102F9FAFAFBF6F500FEEDFB0234
:10C860000AF20707FAFAFF020403F7FE010803FBC6
:10C87000FA01EFFBF30B050011E909F707FAFCFDDC
:10C88000F7F2F80202F7FC0101030701FCFDFEF5D7
:10C89000F6FD05FBFBFBFB06060302FE0A0306038F
:10C8A000F1FFFF05FF0CFA000104F7050503080579
:10C8B000FCF507FB040B010004070CFF08FBF8FD67
:10C8C000010BFC08FE02FCF507F90702FF0A07103E
:10C8D00001FD100CFBFFF80801010400FC0303F745
:10C8E000FDFD06F901020210FCFA0605FAF4FFF854
:10C8F000E7FD0CF50608030000FCF1F4EEFF02FA78
:10C90000FA010509FDF7F9FD0D0000FEF7F6040038
:10C910000DFF040704020CFD1108FDFE0902F8FCDE
:10C9200016070406070DFAF7F8FD0403F8070501DA
:10C93000FFF50501FB02041C020902FD000702FBD2
:10C94000FA03040006F9FEF7010DF81200010509CB
:10C9500001FFFD03FE0600F9FC08FCFAFF09FD0BD0
:10C960000709F9F60002F001F9080CFEFC04F104D5
:10C9700003F800FD0005FD05FB02FFFF051300F8AD
:10C98000E104FAFAF6FC04FF03FE000902FDF7F2E7
:10C990000805FBFE0D0301F8FB19F606020908FB6A
:10C9A000FF1BFB0808FC0302F805FEF8FFF7080B65
:10C9B000F8F6E7F5FC09F9F9020902181DF609195C
:10C9C000F3F3F712F403FC12FA3BFA010210080920
:10C9D000FEE70D1104FF0412EF00E709F62C07F340
:10C9E00003F91206F603010905EAEFEB030609074E
:10C9F000FA03FC0BFA0AF8E317C3FE010508030566
:10CA00000BF9F70B0BFB050C07F4FD01EA0C14FE08
:10CA1000FBC1FCFF07F2F6F904E90AEF10F9FD1E6D
:10CA2000FD07FC04E0F1E808F3DB15FC04FC10044E
:10CA3000FE0BF909FC07161AFE04F6F90EFAE409D2
:10CA4000F343FB0B0D0806ED0102F31CF6FB13F597
:10CA5000FF06030E0AE802EA091AF6F8FF0306E9E0
:10CA600011F201FEFA00FF0BFCF10421F7F30E0AAC
:10CA70002914FDFB050207F6001AFB16FFFC04FF54
:10CA8000F4F3FA0DF3E2E6000C0A00FEF7010106EA
:10CA90000313FC08FE01F2FEF803DFFD06F4F5FCCB
:10CAA00012F6ECF70B0702EE0506F8EFF60BF50CA5
:10CAB00002F502D103F813F2EC0902F705FFFEF5C7
:10CAC000FA200202FE010111EAFF01E8FADFFC0090
:10CAD000F0FA02F90102030206F6F8FE0F02F20E66
:10CAE00000FB02EBED000202F4FEF5FC05FCFC127B
:10CAF000F5EE00F1FEF9FAFA14FD00EDFE0CF8F87F
:10CB0000E7F4F803FB0500FEF8EB04DA04FC08097F
:10CB10000EE70501F511EFEDC6C8FF040FF2F8F9B5
:10CB200000ED04E5EB0805F301FF15F301F3FE0149
:10CB3000F7E2FA0A00F3F81905FDFEFCEBF307DC57
:10CB4000250C0FE706D40006F5CFFCFEFFF8FCFE2F
:10CB50000316F8F4E2020EDE0F0E24FE08E5EA17D3
:10CB60000B20F10201FCFAF6FDF6ED03F1FF05E101
:10CB70000A0D010304EFF30704EE11F901FDFCE9CE
:10CB800005ED0DFBF4FBFDFA0BFFFE0A0AEEFFFFBD
:10CB9000FE010FF2F7F9F805F9FAE8E9EF01FEF204
:10CBA000FAEC140C07DEE611F73FFFFB02FD08DD8F
:10CBB000FE000BFFEC03F5EF1201011401E0EAFEA9
:10CBC000163709F90802FEECF8F8FDED0303F8F159
:10CBD000FF02020DFF0FEF24F6150EFFF4FEFBF22D
:10CBE000FE04FC02E9FEF404F8F808F801F3E0F9A9
:10CBF0000D0BF30BFBFA000FFC13F8060507F11DF4
:10CC00000A091B02020C04060AFEFEF8F90205FFDF
:10CC1000FBEDFB0CFA0AF3100204FF01130C0800F1
:10CC20000E090607FB03FE0100F4FCFB0B0AF80DDE
:10CC3000F6E8F81805030C03FEFF06F70B0901F6EA
:10CC4000FF1A090C02FBF3FDFE04FCF00306190CAD
:10CC5000F2FAFA08F90210170101FE0CF3FE0500C2
:10CC6000FCF010FEF0042900EDF9F60108090414A7
:10CC70000C00FB020302FEFB0FFFEA0BF314211D65
:10CC8000DC1502F605FEF702F9EB04000C0B040CB0
:10CC9000F909FB07E71727F01AFA0E0D0EF4010247
:10CCA000F400FEF20BFE04DDFCFD04E9FDF7E301F8
:10CCB000210E07FEF4001008EFFD0512200C09F408
:10CCC0000101FEFD01F608F3CC1702FAF9020CEEA1
:10CCD00001F7F603FF09F0E31C11EE01090A29F33D
:10CCE000052BF3E508FA02EFFC15EE1B000AFDF137
:10CCF000EBF2E3AFC70F5513F8010CF100F8FE108B
:10CD0000F4010B120601FCF505F4FBFD0218100AF4
:10CD1000DD11FDF8FE04FD0302D9FE0CF40801EE5E
:10CD2000F306270714030CF2FDE6E4FF03F91008ED
:10CD3000FBBFF6FB06EE01111608F0110F0EF4F41E
:10CD4000E1ACEB01F3FEFAF9FDD2F7ECF9FBF01CD4
:10CD5000FCFBF510E3042C1B10F601FCFE0B12FA91
:10CD60000BF9FE1CFC100307F700E00606023FF774
:10CD7000FEF214FB0306060FFCE90814D6FE0AEACD
:10CD8000EB101B2508010CF2D6E113FDFEF3FA07A8
:10CD900005DBF7F0FC0101002519121014F005095C
:10CDA000E7E1F3F9F3F1030AFEC8FEDDF9040AE551
:10CDB000060DF425FFF9EA222BF5F603F20B04E148
:10CDC00003EEFD1809F7FC30FFF1E41DE9FD35F134
:10CDD0001FF9030101FEFAFAFF11FCFEEF02160231
:10CDE000F40BFB08FFFD2910F3141E09F7EC03F701
:10CDF000FBF0FE0CE106110A0E06041D4518071B88
:10CE0000050FFCF810F5F40601FCFB08FC02FDF12F
:10CE1000F9F427FEFE1EF4DF00D20D05FC07010227
:10CE200006E0FDF9F3F7FFE60CF9ECFB0AFB0BF764
:10CE300000E7F205FAFFFE0AFAF2000B06ED070022
:10CE40000504FFF6FD0A0FFD4546FB0507F8FC0744
:10CE500001170412050405EA00010E0F0B1D0C0A50
:10CE60000D060B06040602ED0310FBFCF905FEF4AB
:10CE7000060CF30F15000EFDFF1C00FEFCF9FCE193
:10CE800008F9FB060C02020FEF08F7FAFEFD15FA8F
:10CE9000F10E0DFEF70000070901F6FBF80B0FF489
:10CEA000FFFB1702F40015F90240FB040BF6021514
:10CEB000F609F5D0EC050804151600F702F305068F
:10CEC0000221FE0C0BFE02FFF9DFF7DD03FB0AEE89
:10CED000F7F309070C02F732FA02F7F8F5FE03ED53
:10CEE0000AF9F90CF705FD0608FE03D6FF0319132E
:10CEF000FB07F1F2FDFB05240B17FEFFF6F1F5FD34
:10CF0000FBF410F903F8000F04E3EB0703FAF9ED63
:10CF1000FDFDF418F20104F4F60C12F601F402FB24
:10CF2000EB0BFDFAFB06F80100010712F0FC05000F
:10CF300002F50CF40BFDFA20C0ED05FC00F1FCCB72
:10CF4000030807E8E9F3F905EFF7111CEFB7FD0B4C
:10CF5000C6FB08FB01E807F40510FED0ECF9001051
:10CF600002094BDDD4E1B60ED3EECF1103F4F50C7C
:10CF7000F50405D5F4F2F9EB0C1C05F6B4E6FA2538
:10CF8000F3F2D4FD07FAF8F501EAF4E1F9EFECFC6D
:10CF9000070AF3EFC4F5133503D0FB0EF4F30904CD
:10CFA000F6E9F2EBE9FB0BF9F5FC14F8EDD8F00328
:10CFB000F3C71C0A04FC0AFDF60503EDE91315E6A8
:10CFC000F9141E0BF7D3BDFAF513F902FF03FBF6B4
:10CFD00004F90513030BFCDE01010314E7EDE9F18D
:10CFE000FBE8FB0306FFFFFBF9FD01FC0908EFE28C
:10CFF000030EFAFAE8F90202E332040310F402F332
:10D00000070EF8E3F90CFD06F308FE08F9EFD80A5D
:10D01000C5DF0BFAEE08FB1AFFFAFAD0F612F9EEAA
:10D020000EFEFDEE2235DAF1F2E10BF8030900F60F
:10D03000FB00F901EBF302E905FDFE012FD6DBF061
:10D04000FBEBE3020AF4F6ECEF05F8EFF6EC08FB75
:10D05000090712D025FFF2F907E5F6F60A0AFB20C8
:10D06000FD030B0311FAFDF0EEEEECE20536F9DB01
:10D07000D4F8F6F8FE060304FAF002152FFDFE08B8
:10D080000DFBE8DD2B3B2AE5DB0D010408FC010E5E
:10D09000FDFD080AE903050CF0F902F9FF0DF0E9BE
:10D0A0001C28FBF805F3F70BFEEAFE0B0606FDEE67
:10D0B00007F90AE6041F353217EFEF07F20AFCF111
:10D0C000F11400F4FDFE22EE06F6F90EEDCA30F280
:10D0D000EA070200F4050DDBFAFE02EA01E81D0989
:10D0E000110B0810F6E01608DEEBF10504FA0DF757
:10D0F000F9DA00D8020A13FDF9020001C7E5F71EAC
:10D10000F7FAF3F90206FE04FDF0F5FA0003001049
:10D11000140DEEF7CE0E2F17CAD0100109FC06062B
:10D12000F301FFE50107020409FE09F7FD08DFFF2F
:10D13000EADBFC08FF16F81600EE1AD2F8FEFDF93D
:10D14000FC051DE2F4DBD2FFCCF10A090BFF05FC64
:10D1500000F106E70002EC0310FD08F2FEF8FC0403
:10D1600019F409010E10F8EBF9FB06020CEEFD01B3
:10D170000E0109F62102D6E51CE50800F903F9FDC8
:10D1800002E6F6F307F9020F1BFB032D021FE0E591
:10D19000F424F6110F08F80E080700F61FF20B2210
:10D1A000FAFB030DF105DCE5EAF70309F71B0108BB
:10D1B0000221FAFA0CFB050AFD13F50610F1EDF257
:10D1C000142AF6F70C0804F5FC31F62003030306D5
:10D1D000F7EFDDE7F2E706060D24121404F9F3E099
:10D1E0000A4D0B0501F8FDEBF0001105F2ECC90347
:10D1F0002527F4FF1109FAF5032C0DFAF20B03EEC3
:10D20000EC0AF9FA00EAEEFBF705F507FB0803164E
:10D21000F9FC0DFD0205FBE60018ECEC0CF62A0704
:10D2200002F2F90102F5F6F8FFF6FCFBFC00F0044F
:10D23000FC00F3DDE907F8F701EF060D0108000532
:10D24000F90BF6EAF30906002C0833C5F404D60AF4
:10D250003FEE070C02080AEBF5EB18F904FEDDECD3
:10D2600021F8F4C8D9D80FF928ED18FAFC05FB0FFE
:10D27000FDDA060E0FF301E60301000713EFFBE1F1
:10D2800024000704F3FF040B0311FBF8F5F507FE78
:10D290000A0B19071CE8E916FB270005FB0BFE012A
:10D2A000F9EC08F50205FCEBFD0108F9FBEBD903ED
:10D2B000FBB80F0C04F9FDFCF5F601E2FC03FBEAF8
:10D2C000180F33F20DDBD2F9FEC2FFFE02FB0F0591
:10D2D000072604EFF40507EE0B1D493102D8EB08D1
:10D2E000EF15E4000B0302F3011603FD08FEFB013A
:10D2F0000C0BFDFFE6E6F60909E610F6FCF4F50274
:10D300000209FFF0F80210ECFF00F10B05E2E51650
:10D31000F81B1305FDF5F407010EFFEDE602F3E639
:10D3200011F515FE2508EC0301EAFFFFFBF804F3F5
:10D33000061704E9EEF9F1E41A051CF90CE7E5011A
:10D340000B01FBF4FA0209F5FE0A0DF2F6F0F1000A
:10D3500004FEF3F3E309E20C06FE1303F90A0A01E3
:10D3600000F6E914FA0600F9FBF903E116020B04D2
:10D3700000EDEFF7FBFF0A320B03F10D0BFB01EDA4
:10D3800004FA010705152417F1F8FEF1FDF1FEFE80
:10D39000020EEA03EEFCFE02FC0106F20AF1F5FDC4
:10D3A000EEF4F8EFFE000502F5FE000AF104FCF5CC
:10D3B000000302F9EEFF1D1AF00803FDFDFCFFF06B
:10D3C000FC07FFFFFCFE05F4FB03F6FAF9D2F709B0
:10D3D000FFFD01FE07F004020D0001E3EA0514025F
:10D3E000FE013A00EAF0EF11EC06F30408FBFE0D33
:10D3F00016F1FDE5F5F908F5220EF5F6DA030D3321
:10D4000004F70709F2F70305FCECFBF1F405F4F06F
:10D410000EF00AF7EBF9FF1C10F8FC07F902000206
:10D42000070402FDF80602FCFF02FC01F3FA030AFE
:10D43000F404030106000106FF00FAFFFC07FE07E3
:10D44000F904FDFF05FE00FEFE04050000F307FAE7
:10D45000FF0009FDFFF5FA03FE0806FBF7FDFD08D6
:10D4600000F108FDFEFCFB06F5FE0702FDFAFDFBE0
:10D47000F90506F901FE00FCFF05FBF50104FEFFBE
:10D48000FC0200010706F3FDF902FC01FC0202FAAE
:10D4900005F6FF060A05FBFEF6FD0605FD00FC008D
:10D4A0000103FE01FE03FE03FCF6FFFDFD07FBFC8E
:10D4B000FBF601000201FCFC06FCFBF9FA01FD048D
:10D4C0000DFCFD01FDFFFC03FAFA00FAF9F7F7FF86
:10D4D0000B01F2FC000200FEFBF702FCFDF900026A
:10D4E0000501FE0006F903FB0C05FE0501FFFBFB31
:10D4F0000701F80B01FDFBF9FD020604020301FC24
:10D50000F903FFF7FFFDFAFFF9FF04F8FDFD00FE48
:10D51000030105FF03FEFBFEFEFFF5F6FBF9FBFE34
:10D52000F5040A02F501FE0100FDFBFCFD0404F810
:10D5300002FB01FDFB0207F701F801080802FDFEEE
:10D5400001FF0202FA04F900FF00FBF501010101ED
:10D55000FF050002FBFA09FC050209FA0402FA05BC
:10D56000F20107FAFE030006F4FFFDFAFAFD0607D2
:10D5700003040004F701FC0000FD000AFC000305A1
:10D5800000FDFE000100FE0401F7FD00FFFBFFFEB1
:10D59000FB030A060BFA00FD10190DFAFEFBFFF063
:10D5A0000A06000002FF02FF02FAF1FE0AF2EE0A8A
:10D5B000EE21F809011905DFF104FA130504FE084C
:10D5C000F6F8E60CDE0720FF3A450BFFF90F06FBE5
:10D5D000FDFE000D06F7070EF3E5DB12F91402F26B
:10D5E00004E326FE0305F7F5FCE00107F5FB030065
:10D5F000EFEDDE1A0EFE0FFDE4E8EF01040202007B
:10D6000001F70002FEEFF906FF000DE60A08EE073B
:10D61000F517E10C0102FEEEFC02040C120E0311E0
:10D620000AFB00F5DE0CFBEA012AF9FC0E040121DD
:10D63000F60805121D14122EF4FB05F50406080C5D
:10D64000FC241305F8FDFEFD0ADE0DE516F906FBC8
:10D65000FF001F26FAFC1109EAE1F0030410ED189F
:10D660000305050A0EFA00F117F7EDE4F70A0D10AD
:10D6700004EEFB04FFEFFAFDFDEFFCF7F4F7ECF628
:10D68000F400FBF71AEEFDFA06F81504FF05080191
:10D69000FD03ED02FEF8010207FA11FD05EC0A098F
:10D6A000090EF013FDF3FD0D080906EBF6F306ED88
:10D6B00008FB1BFE21FAEC2FE5F3010900F702ED50
:10D6C000010A07FA0EFB0DFCE4F6EF17EBD028F980
:10D6D000C81202FBF3F0FFE0FD0705F8F7000503B1
:10D6E000EAFD13E3DEECFBF9E400E408FAEDF609E9
:10D6F000040DF5E0ECF9EAFDFE0C15E8B7DAD012FE
:10D70000C9E4E500F6010A18F6ECF8E400F9EA00CD
:10D710000AF8F0F0BCF5DD21F8050405FB01FDF089
:10D72000010D00FD0A04F70AF8FBF008FEF105FE02
:10D73000240B07FDFF050AED04FF02160EF1F907A1
:10D740000CF0F70EFD0C1CF22330F503FD0000F188
:10D750000003FE0F13FE03F606FCFC070219090185
:10D760000DF20813FB0907FAFFF5FB0207F6FFF3BA
:10D77000F903F611FAFB05F8FE0001031007F8F2B1
:10D7800000FEFD020BFEF606FE07EDF100020AF9AF
:10D79000E608FC04FC0507F902EDFDFD1401070A8B
:10D7A0000302FFFCFA0DF9F80A05060C0E00EE0361
:10D7B000FB0303F6F9000B00FFF9060F00F4030B5F
:10D7C000F01000F9F5F504F9080C0AEF09FF05F16E
:10D7D000F5F8FD2804F4E4E807F8EFFFF703F50A8D
:10D7E00003EDFE0404000C0B0AEAF2F003060D063A
:10D7F000EEEC0001FDF00AFDFEE7000E0A01E3F287
:10D80000F9F804181AF40501F403210108F303FDE3
:10D81000FCFFF51607FC09F803F90C1A04D7F0FF12
:10D820000E1AE804F8EFFD01FB1CFCF800F3F70208
:10D8300009FD10F216F1FF10BF01F903FAF8FCF030
:10D8400004FB040513FFF915EEF703F5F0D206FE0D
:10D85000B609FCFD0AFC06E60519F5ECF1FE060F1B
:10D86000E6081CD5D4D7E60FE6FCE00A00EDFD0E75
:10D870000106F3D401FFF0FBF7021CEBBAEBB5F99C
:10D88000F3F4E4FDFDF7FE0004F0FAF2FAFDF3F222
:10D890000C04F6EFD20BF41F1909070C00000C0062
:10D8A000FFF4F7F405FAFFFD0600F1060C15FEFF84
:10D8B00012FC02FF0301F600F8E7FCFDF50801FC8D
:10D8C0000FFF15F90E0109112D4CF803FAFD07FBA6
:10D8D0000821F50FF3FC04F4020312080205F90312
:10D8E0000DF80402FC0A020A04100408FA1305E207
:10D8F0000B09070A15F70C010C1FEFFDF706F6F2EE
:10D90000FE0D01F60F0A0109FB08FCFA17040F01CE
:10D9100005DD04F503F204F904F0F4F9FA010AF75D
:10D92000FE0511F90AFD1701FC14FF0803FD070AA3
:10D93000000DFDE2FA0305000E030DF7EFE71419E1
:10D940002010E6F700F005FC06F2F7DE09F207FC0E
:10D95000F307EF06F1F7F515F6F703F80CFAFDFEFD
:10D960000201F72303FE03FC0207F9EE00161D086F
:10D97000F50702F803000C00F912F31B0901FE047D
:10D98000000203E80AF3170BD8FCFD07FCEC01FDCD
:10D99000FCFEFB11ECF4FC0D080208F805E3EB05B6
:10D9A000F601FBF60205F8F7FF030106F2F7FFF4B4
:10D9B0000DFAFFE70DF41033BF010CF401FA06EE87
:10D9C000FB090DF0F6F2070FED0118FFF9BB070593
:10D9D000D7F80905FEE606001010FACDE1F4011DA6
:10D9E00001FF3BE1C2C8BF2AC5F3D30BFFF7FA041E
:10D9F0000304F7CA0F06F1EE1C0E02F4BCDBDC0CCC
:10DA0000D5F1F000EFF206FF01F4FEF1F902F0E3C8
:10DA10002D10F3EBBAFB0E340506000000000000E9
:10DA200000000000000000000203000000000000F1
:10DA30000000000000000000FCFA000000000000F0
:10DA4000000000000000000002F0000000000000E4
:10DA5000000000000000000001DF000000000000E6
:10DA60000000000000000000FD12000000000000A7
:10DA70000000000000000000FF1700000000000090
:10DA80000000000000000000040F00000000000083
:10DA900000000000000000000AF20000000000008A
:10DAA0000000000000000000FEEF00000000000089
:10DAB000000000000000000006030000000000005D
:10DAC0000000000000000000FA1E0000000000003E
:10DAD0000000000000000000021200000000000032
:10DAE0000000000000000000080800000000000026
:10DAF000000000000000000007FF00000000000020
:10DB00000000000000000000FC1000000000000009
:10DB10000000000000000000071F000000000000DF
:10DB200000000000000000000433000000000000BE
:10DB300000000000000000000037000000000000AE
:10DB40000000000000000000FF25000000000000B1
:10DB50000000000000000000FAED000000000000DE
:10DB60000000000000000000FD01000000000000B7
:10DB70000000000000000000021A00000000000089
:10DB800000000000000000000B1B0000000000006F
:10DB900000000000000000000E0A0000000000006D
:10DBA00000000000000000000001E900000000008B
:10DBB000000000000000000000E7CD0000000000B1
:10DBC000000000000000000000E8E000000000008D
:10DBD000000000000000000000E9D6000000000086
:10DBE0000000000000000000000BE6000000000044
:10DBF000000000000000000000FB1000000000001A
:10DC00000000000000000000002B140000000000D5
:10DC1000000000000000000000290B0000000000D0
:10DC2000000000000000000000380F0000000000AD
:10DC3000000000000000000000FAFB0000000000EF
:10DC40000000000000000000001BFE0000000000BB
:10DC50000000000000000000002915000000000086
:10DC6000000000000000000000201E000000000076
:10DC7000000000000000000000FE25000000000081
:10DC8000000000000000000000D9FF0000000000BC
:10DC90000000000000000000000F1A00000000005B
:10DCA000000000000000000000F6FB000000000083
:10DCB00000000000000000000006F200000000006C
:10DCC000000000000000000000FCF5000000000063
:10DCD000000000000000000000FEF900000000004D
:10DCE000000000000000000000D3CF000000000092
:10DCF000000000000000000000E6E400000000005A
:10DD000000000000000000000012FD000000000004
:10DD1000000000000000000000FCFD00000000000A
:10DD2000000000000000000000EA01000000000008
:10DD300000000000000000000000050300000000DB
:10DD400000000000000000000000090800000000C2
:10DD50000000000000000000000002F100000000D0
:10DD600000000000000000000000D80100000000DA
:10DD700000000000000000000000EA1B000000009E
:10DD8000000000000000000000000DFC000000008A
:10DD9000000000000000000000000E0A000000006B
:10DDA00000000000000000000000FDEB000000008B
:10DDB00000000000000000000000EA0B000000006E
:10DDC00000000000000000000000E5250000000049
:10DDD0000000000000000000000007F60000000046
:10DDE00000000000000000000000F9060000000034
:10DDF0000000000000000000000006E60000000037
:10DE000000000000000000000000ED110000000014
:10DE100000000000000000000000E13000000000F1
:10DE2000000000000000000000003FF900000000BA
:10DE300000000000000000000000240C00000000B2
:10DE400000000000000000000000160100000000BB
:10DE500000000000000000000000FAFF00000000C9
:10DE600000000000000000000000EF1400000000AF
:10DE7000000000000000000000004B020000000055
:10DE80000000000000000000000027EE000000007D
:10DE9000000000000000000000000FF8000000007B
:10DEA0000000000000000000000006F80000000074
:10DEB00000000000000000000000F6060000000066
:10DEC0000000000000000000000000E40500000069
:10DED000000000000000000000000000EC00000056
:10DEE0000000000000000000000000EBFE00000049
:10DEF0000000000000000000000000F5ED00000040
:10DF00000000000000000000000000FDF50000001F
:10DF10000000000000000000000000EDE70000002D
:10DF200000000000000000000000002219000000B6
:10DF30000000000000000000000000FBFB000000EB
:10DF40000000000000000000000000F1E8000000F8
:10DF50000000000000000000000000FAE5000000E2
:10DF600000000000000000000000000CF6000000AF
:10DF7000000000000000000000000012040000008B
:10DF800000000000000000000000000F080000007A
:10DF90000000000000000000000000FCEA0000009B
:10DFA0000000000000000000000000FF0000000072
:10DFB00000000000000000000000000D160000003E
:10DFC0000000000000000000000000070700000043
:10DFD0000000000000000000000000120B00000024
:10DFE0000000000000000000000000F1F20000004E
:10DFF0000000000000000000000000080300000016
:10E000000000000000000000000000120F000000EF
:10E0100000000000000000000000000C06000000EE
:10E020000000000000000000000000271F000000AA
:10E030000000000000000000000000F6FF000000EB
:10E040000000000000000000000000EDED000000F6
:10E05000000000000000000000000000F2F30000DB
:10E06000000000000000000000000000F3020000BB
:10E070000000000000000000000000000601000099
:10E080000000000000000000000000000BFA00008B
:10E090000000000000000000000000000602000078
:10E0A000000000000000000000000000F00200007E
:10E0B000000000000000000000000000EEF700007B
:10E0C000000000000000000000000000FAFC00005A
:10E0D0000000000000000000000000001EFA000028
:10E0E0000000000000000000000000000604000026
:10E0F000000000000000000000000000F9FF000028
:10E10000000000000000000000000000EEEE000033
:10E11000000000000000000000000000F00100000E
:10E12000000000000000000000000000230B0000C1
:10E1300000000000000000000000000009FB0000DB
:10E14000000000000000000000000000EF000000E0
:10E1500000000000000000000000000001020000BC
:10E1600000000000000000000000000004F30000B8
:10E17000000000000000000000000000F8060000A1
:10E180000000000000000000000000000814000073
:10E1900000000000000000000000000002FE00007F
:10E1A0000000000000000000000000000EFA000067
:10E1B000000000000000000000000000F5F9000071
:10E1C000000000000000000000000000FD0700004B
:10E1D000000000000000000000000000FC0A000039
:10E1E00000000000000000000000000000FE0B0026
:10E1F000000000000000000000000000001A030002
:10E2000000000000000000000000000000260900DF
:10E21000000000000000000000000000001F0400DB
:10E22000000000000000000000000000001DEF00E2
:10E23000000000000000000000000000000D0200CF
:10E2400000000000000000000000000000170400B3
:10E250000000000000000000000000000030F2009C
:10E26000000000000000000000000000001CF3009F
:10E270000000000000000000000000000022FE007E
:10E280000000000000000000000000000004040086
:10E290000000000000000000000000000025F80061
:10E2A0000000000000000000000000000032F30049
:10E2B0000000000000000000000000000022FC0040
:10E2C0000000000000000000000000000025ED003C
:10E2D000000000000000000000000000002F01000E
:10E2E000000000000000000000000000001EFA0016
:10E2F00000000000000000000000000000240300F7
:10E300000000000000000000000000000029FC00E8
:10E310000000000000000000000000000009F30001
:10E32000000000000000000000000000001BFD00D5
:10E3300000000000000000000000000000380200A3
:10E34000000000000000000000000000002A0000A3
:10E350000000000000000000000000000004F500C4
:10E3600000000000000000000000000000010500A7
:10E370000000000000000000000000000000FDF4AC
:10E380000000000000000000000000000000F7F5A1
:10E390000000000000000000000000000000F0F598
:10E3A0000000000000000000000000000000F4F287
:10E3B0000000000000000000000000000000FAF66D
:10E3C0000000000000000000000000000000F4F168
:10E3D000000000000000000000000000000003EE4C
:10E3E0000000000000000000000000000000FF0628
:10E3F0000000000000000000000000000000FFFF1F
:10E40000000000000000000000000000000001FD0E
:10E41000000000000000000000000000000002F505
:10E420000000000000000000000000000000FE02EC
:10E4300000000000000000000000000000000EF8D6
:10E44000000000000000000000000000000002F2D8
:10E450000000000000000000000000000000FBEDD4
:10E460000000000000000000000000000000FBF6BB
:10E4700000000000000000000000000000000CFF91
:10E480000000000000000000000000000000110873
:10E490000000000000000000000000000000FEFB83
:10E4A0000000000000000000000000000000FE105E
:10E4B0000000000000000000000000000000F7E97C
:10E4C0000000000000000000000000000000180E26
:10E4D0000000000000000000000000000000090A29
:10E4E0000000000000000000000000000000FB0031
:10E4F000000000000000000000000000000007F91C
:10E500000000000000000000000000000000000803
:10E51000FA00000000000000000000000000000EF3
:10E52000090000000000000000000000000000F9E9
:10E530001B0000000000000000000000000000FEC2
:10E54000100000000000000000000000000000CAF1
:10E55000E7000000000000000000000000000005CF
:10E56000F200000000000000000000000000002396
:10E57000FC00000000000000000000000000001F80
:10E580000F00000000000000000000000000001468
:10E590002C0000000000000000000000000000D37C
:10E5A0000C0000000000000000000000000000DE81
:10E5B000ED0000000000000000000000000000FC72
:10E5C000F500000000000000000000000000000F47
:10E5D000030000000000000000000000000000F246
:10E5E000240000000000000000000000000000D433
:10E5F000170000000000000000000000000000EA1A
:10E60000F20000000000000000000000000000D147
:10E61000D30000000000000000000000000000FA2D
:10E62000F80000000000000000000000000000F6FC
:10E63000210000000000000000000000000000DDDC
:10E64000050000000000000000000000000000F6CF
:10E65000000000000000000000000000000000C8F2
:10E66000E0000000000000000000000000000000CA
:10E67000D50000000000000000000000000000F6CF
:10E68000080000000000000000000000000000EA98
:10E690000C0000000000000000000000000000006E
:10E6A000FAF600000000000000000000000000007A
:10E6B0000005000000000000000000000000000055
:10E6C000FAFD000000000000000000000000000053
:10E6D000080E000000000000000000000000000024
:10E6E000F900000000000000000000000000000031
:10E6F0000101000000000000000000000000000018
:10E70000FBE9000000000000000000000000000025
:10E71000FFF6000000000000000000000000000004
:10E72000000D0000000000000000000000000000DC
:10E7300003080000000000000000000000000000CE
:10E74000F9F90000000000000000000000000000D7
:10E75000F8020000000000000000000000000000BF
:10E76000F1FC0000000000000000000000000000BC
:10E77000091400000000000000000000000000007C
:10E780000105000000000000000000000000000083
:10E79000FCFD000000000000000000000000000080
:10E7A000F8F600000000000000000000000000007B
:10E7B000F1F3000000000000000000000000000075
:10E7C00006F600000000000000000000000000004D
:10E7D000F8F700000000000000000000000000004A
:10E7E000FF08000000000000000000000000000022
:10E7F000F2F4000000000000000000000000000033
:10E800000D030000000000000000000000000000F8
:10E81000F1FA00000000000000000000000000000D
:10E82000F0FB0000000000000000000000000000FD
:10E8300000F4FE00000000000000000000000000E6
:10E8400000F80800000000000000000000000000C8
:10E8500000F40D00000000000000000000000000B7
:10E86000001707000000000000000000000000008A
:10E87000000EFA0000000000000000000000000090
:10E8800000F915000000000000000000000000007A
:10E8900000C10300000000000000000000000000B4
:10E8A0000009EF0000000000000000000000000070
:10E8B000004FE20000000000000000000000000027
:10E8C0000047E3000000000000000000000000001E
:10E8D00000E80D0000000000000000000000000043
:10E8E000000AE90000000000000000000000000035
:10E8F0000039DB0000000000000000000000000004
:10E90000004AC800000000000000000000000000F5
:10E91000001ADE00000000000000000000000000FF
:10E9200000020600000000000000000000000000DF
:10E930000013E700000000000000000000000000DD
:10E940000025EA00000000000000000000000000B8
:10E950000003EE00000000000000000000000000C6
:10E9600000BCF400000000000000000000000000F7
:10E970000006EF00000000000000000000000000A2
:10E980000001ED0000000000000000000000000099
:10E9900000EF0B000000000000000000000000007D
:10E9A00000DC150000000000000000000000000076
:10E9B00000DC070000000000000000000000000074
:10E9C0000000F9040000000000000000000000004A
:10E9D0000000F00300000000000000000000000044
:10E9E0000000020300000000000000000000000022
:10E9F0000000121C000000000000000000000000E9
:10EA000000002D19000000000000000000000000C0
:10EA10000000FDF800000000000000000000000001
:10EA20000000FF12000000000000000000000000D5
:10EA300000000AF3000000000000000000000000D9
:10EA400000000216000000000000000000000000AE
:10EA500000001F1E00000000000000000000000079
:10EA60000000EFFB000000000000000000000000BC
:10EA70000000F00E00000000000000000000000098
:10EA800000000E0D0000000000000000000000006B
:10EA90000000231E00000000000000000000000035
:10EAA00000001A1900000000000000000000000033
:10EAB0000000FBFE0000000000000000000000005D
:10EAC0000000020B00000000000000000000000039
:10EAD0000000FD2200000000000000000000000017
:10EAE0000000FA0E0000000000000000000000001E
:10EAF0000000FF0000000000000000000000000017
:10EB000000000C0E000000000000000000000000EB
:10EB100000000112000000000000000000000000E2
:10EB20000000F915000000000000000000000000D7
:10EB30000000F801000000000000000000000000DC
:10EB40000000FB03000000000000000000000000C7
:10EB500000000009FA0000000000000000000000B2
:10EB6000000000000600000000000000000000009F
:10EB70000000000716000000000000000000000078
:10EB800000000013F700000000000000000000007B
:10EB90000000000EE900000000000000000000007E
:10EBA000000000F40D000000000000000000000064
:10EBB000000000080200000000000000000000004B
:10EBC00000000009E5000000000000000000000057
:10EBD000000000F6E400000000000000000000005B
:10EBE000000000F8E7000000000000000000000046
:10EBF00000000007E000000000000000000000002E
:10EC000000000007DB000000000000000000000022
:10EC100000000000050000000000000000000000EF
:10EC2000000000F12F0000000000000000000000C4
:10EC3000000000F7250000000000000000000000B8
:10EC40000000000A120000000000000000000000A8
:10EC5000000000EA3A000000000000000000000090
:10EC6000000000F44400000000000000000000006C
:10EC7000000000E629000000000000000000000085
:10EC8000000000EBE90000000000000000000000B0
:10EC9000000000F30600000000000000000000007B
:10ECA000000000F8EA000000000000000000000082
:10ECB000000000FECC00000000000000000000008A
:10ECC000000000EFD1000000000000000000000084
:10ECD000000000E3DA000000000000000000000077
:10ECE0000000000001ED0000000000000000000036
:10ECF00000000000FB180000000000000000000001
:10ED000000000000EA000000000000000000000019
:10ED10000000000001D5000000000000000000001D
:10ED20000000000018CF00000000000000000000FC
:10ED300000000000FCE600000000000000000000F1
:10ED40000000000013FD00000000000000000000B3
:10ED5000000000000C3D000000000000000000006A
:10ED600000000000DE540000000000000000000071
:10ED700000000000DF340000000000000000000080
:10ED800000000000EF07000000000000000000008D
:10ED9000000000001FEA000000000000000000006A
:10EDA0000000000033C00000000000000000000070
:10EDB0000000000034F0000000000000000000002F
:10EDC000000000001F1D0000000000000000000007
:10EDD00000000000E8190000000000000000000032
:10EDE00000000000D4160000000000000000000039
:10EDF00000000000DEFC0000000000000000000039
:10EE00000000000002F70000000000000000000009
:10EE10000000000005F800000000000000000000F5
:10EE20000000000015FF00000000000000000000CE
:10EE300000000000F3FB00000000000000000000E4
:10EE400000000000F80400000000000000000000C6
:10EE500000000000F2E100000000000000000000DF
:10EE600000000000F8EE00000000000000000000BC
:10EE70000000000000FCFB0000000000000000009B
:10EE80000000000000030600000000000000000079
:10EE90000000000000E6020000000000000000008A
:10EEA0000000000000F5030000000000000000006A
:10EEB0000000000000FFFD00000000000000000056
:10EEC0000000000000F1FA00000000000000000057
:10EED0000000000000F1FA00000000000000000047
:10EEE0000000000000E8000000000000000000003A
:10EEF0000000000000F8EE0000000000000000002C
:10EF0000000000000015F4000000000000000000F8
:10EF10000000000000F2F700000000000000000008
:10EF2000000000000005ED000000000000000000EF
:10EF300000000000000DEF000000000000000000D5
:10EF400000000000000002000000000000000000BF
:10EF500000000000000F040000000000000000009E
:10EF60000000000000F7EF000000000000000000BB
:10EF70000000000000EEF9000000000000000000AA
:10EF8000000000000001F10000000000000000008F
:10EF90000000000000F60400000000000000000077
:10EFA000000000000014120000000000000000003B
:10EFB000000000000041F000000000000000000020
:10EFC00000000000001C1A0000000000000000000B
:10EFD00000000000001B0400000000000000000012
:10EFE00000000000001FFF00000000000000000003
:10EFF00000000000000912000000000000000000F6
:10F0000000000000000029F00000000000000000E7
:10F0100000000000000030130000000000000000AD
:10F02000000000000000240F0000000000000000AD
:10F03000000000000000260B00000000000000009F
:10F040000000000000000B060000000000000000AF
:10F0500000000000000028FD00000000000000008B
:10F060000000000000001F0300000000000000007E
:10F070000000000000000F1D000000000000000064
:10F080000000000000000018000000000000000068
:10F09000000000000000FD0C000000000000000067
:10F0A0000000000000000404000000000000000058
:10F0B00000000000000008FC00000000000000004C
:10F0C000000000000000090C00000000000000002B
:10F0D0000000000000000A15000000000000000011
:10F0E0000000000000000D180000000000000000FB
:10F0F000000000000000F41000000000000000000C
:10F10000000000000000EDEC000000000000000026
:10F11000000000000000FDEB000000000000000007
:10F12000000000000000F1F50000000000000000F9
:10F13000000000000000FAF50000000000000000E0
:10F1400000000000000000000000000000000000BF
:10F15000000000000000F6F50000000000000000C4
:10F16000000000000000F4F50000000000000000B6
:10F17000000000000000F7EF0000000000000000A9
:10F18000000000000000F4EC010B07E700000000A5
:10F190000000000000000000062D15DD000000004A
:10F1A0000000000000000000053A0FEB0000000026
:10F1B00000000000000000000A3221F300000000FF
:10F1C0000000000000000000031719EC0000000020
:10F1D0000000000000000000FDFFFDE60000000050
:10F1E0000000000000000000000F1EDD0000000015
:10F1F0000000000000000000071233EA00000000D9
:10F200000000000000000000FE041AF300000000EF
:10F21000000000000000000009FF23E600000000DD
:10F22000000000000000000000FCEDF10000000004
:10F230000000000000000000FFFFE1F400000000FB
:10F24000000000000000000002F5EFF700000000E1
:10F250000000000000000000FF0315000000000097
:10F26000000000000000000006FC1BF5000000008C
:10F270000000000000000000FEF719F70000000089
:10F280000000000000000000F4ECEEFC00000000B4
:10F290000000000000000000F8EFEF070000000091
:10F2A0000000000000000000F5EBF0190000000075
:10F2B0000000000000000000F6ED13170000000041
:10F2C000000000000000000004FE0EFC0000000032
:10F2D000000000000000000010FEF6EF000000003B
:10F2E0000000000000000000060601F4000000001D
:10F2F000000000000000000001F2E8FF0000000034
:10F30000000000000000000008ECE60F0000000014
:10F3100000000000000000000000E402F0E3000034
:10F3200000000000000000000000E6F8EAE700002E
:10F3300000000000000000000000E71902E80000E3
:10F3400000000000000000000000C8FF02E0000014
:10F3500000000000000000000000E203F3EB0000EA
:10F3600000000000000000000000E916FFDC0000C3
:10F3700000000000000000000000F60F08EB000095
:10F3800000000000000000000000E91603E2000099
:10F3900000000000000000000000BBFAE4E80000EC
:10F3A00000000000000000000000EB0DFCE5000084
:10F3B00000000000000000000000F92A18ED000025
:10F3C00000000000000000000000F31B18E1000036
:10F3D00000000000000000000000D2F9F5D9000094
:10F3E00000000000000000000000E602EAEA000061
:10F3F00000000000000000000000060E0CFA0000F3
:10F4000000000000000000000000EE281CE30000E7
:10F4100000000000000000000000EF2116DC0000EA
:10F4200000000000000000000000FAE8F7EF000014
:10F43000000000000000000000002A01EEFA0000B9
:10F440000000000000000000000022F4F4020000B0
:10F4500000000000000000000000DF111CF60000AA
:10F4600000000000000000000000ED16190400007C
:10F47000000000000000000000000AFC080300007B
:10F48000000000000000000000001EF0F8FE000078
:10F490000000000000000000000019FBFEFA000060
:10F4A000000000000000000000000000FBEC00F580
:10F4B000000000000000000000000000FA2EF0E351
:10F4C000000000000000000000000000DD1B05142B
:10F4D0000000000000000000000000002BF21438C3
:10F4E00000000000000000000000000001F5EC0733
:10F4F00000000000000000000000000001F11F35C6
:10F500000000000000000000000000001FEDF014EB
:10F51000000000000000000000000000F1E918C534
:10F520000000000000000000000000001EDD1A03C3
:10F53000000000000000000000000000F0E80802E9
:10F540000000000000000000000000001DEE591344
:10F5500000000000000000000000000029DA0D0C8F
:10F56000000000000000000000000000E8DF18D6E6
:10F5700000000000000000000000000018D333F07D
:10F58000000000000000000000000000F8D22FE49E
:10F5900000000000000000000000000018F2320A25
:10F5A0000000000000000000000000003CE520F525
:10F5B000000000000000000000000000F1DEEBF1A0
:10F5C00000000000000000000000000003E72AE542
:10F5D00000000000000000000000000005FDF8E44D
:10F5E000000000000000000000000000F8F420FC13
:10F5F0000000000000000000000000001CE9FAF01C
:10F60000000000000000000000000000EFF6F7001E
:10F6100000000000000000000000000001F522D8FA
:10F62000000000000000000000000000F4EA0BF4FD
:10F630000000000000000000000000000000FA0FC1
:10F6400006EA000000000000000000000000EBF7E8
:10F65000EBE9000000000000000000000000FAE4F8
:10F66000DEF1000000000000000000000000F8F9DA
:10F67000F9CE00000000000000000000000007FBC1
:10F680000FFF000000000000000000000000011754
:10F6900032E3000000000000000000000000F4F36E
:10F6A00010F800000000000000000000000018E05A
:10F6B000D1E00000000000000000000000001B235B
:10F6C000CACF00000000000000000000000028F188
:10F6D00014030000000000000000000000002008EB
:10F6E0002C2E00000000000000000000000004D3E9
:10F6F000232700000000000000000000000024F9A3
:10F70000F4C400000000000000000000000031FA16
:10F71000C7FC00000000000000000000000046EEF2
:10F72000251A0000000000000000000000001BF986
:10F730000223000000000000000000000000FCFEAA
:10F740000B2100000000000000000000000014FD7C
:10F75000D2AA0000000000000000000000002CF70A
:10F76000D5200000000000000000000000001FDCA9
:10F770002C07000000000000000000000000081B33
:10F78000F50B000000000000000000000000101A4F
:10F7900002D600000000000000000000000000F59C
:10F7A000E2DF00000000000000000000000020CFA9
:10F7B000FF1600000000000000000000000004E24E
:10F7C000150800000000000000000000000000001C
:10F7D000E6CE12190000000000000000000000004A
:10F7E000C8D10BF500000000000000000000000080
:10F7F000CCE805F900000000000000000000000057
:10F80000EA0801F300000000000000000000000012
:10F810001D1705FD000000000000000000000000B2
:10F82000F9CCFD1F000000000000000000000000F7
:10F83000E9CF071A000000000000000000000000EF
:10F84000D4C2261B000000000000000000000000E1
:10F85000C6E13308000000000000000000000000C6
:10F86000DE06371600000000000000000000000067
:10F8700003FE0C1400000000000000000000000067
:10F8800008C1091300000000000000000000000093
:10F89000FFA6FD0B000000000000000000000000BB
:10F8A000DFC50B2B0000000000000000000000007E
:10F8B000CBE9141900000000000000000000000067
:10F8C0000B151D1F000000000000000000000000DC
:10F8D00013071119000000000000000000000000E4
:10F8E0002526FF10000000000000000000000000BE
:10F8F0001926031C000000000000000000000000AA
:10F9000003EEFC15000000000000000000000000F5
:10F910002A22ED130000000000000000000000009B
:10F920002643F21300000000000000000000000069
:10F930002D32F8020000000000000000000000006E
:10F940001B21221C0000000000000000000000003D
:10F9500011EC180A00000000000000000000000088
:10F9600000000C1DF5210000000000000000000058
:10F9700000001217F8210000000000000000000045
:10F980000000001AF81F0000000000000000000046
:10F990000000F212EE0F0000000000000000000066
:10F9A0000000FF0AEF02000000000000000000005D
:10F9B0000000040FE900000000000000000000004B
:10F9C00000001835FB2000000000000000000000CF
:10F9D00000000E14E21D0000000000000000000006
:10F9E0000000021CE70B0000000000000000000007
:10F9F00000000107F2EA0000000000000000000023
:10FA00000000F50EE2EB0000000000000000000026
:10FA10000000F812F40B00000000000000000000DD
:10FA20000000F012CD1300000000000000000000F4
:10FA30000000EF1CE50100000000000000000000D5
:10FA40000000FA06E8ED00000000000000000000E1
:10FA50000000EE0E04100000000000000000000096
:10FA60000000F6F715EC00000000000000000000A8
:10FA70000000EEF8160A0000000000000000000080
:10FA80000000E9FD07EE000000000000000000009B
:10FA90000000F1F5F2E100000000000000000000AD
:10FAA000000010F83CF00000000000000000000022
:10FAB0000000FEDA2FF1000000000000000000004E
:10FAC000000009F00C04000000000000000000002D
:10FAD000000000FDFFFC000000000000000000002E
:10FAE0000000FCFD1AFB0000000000000000000008
:10FAF00000000000F1F2FFF3000000000000000031
:10FB000000000000F7F4E200000000000000000028
:10FB100000000000F6ECE4F6000000000000000029
:10FB200000000000FECBE7F5000000000000000030
:10FB30000000000008D4FAEE000000000000000001
:10FB4000000000000AE9EDF90000000000000000DC
:10FB500000000000F61406F10000000000000000A4
:10FB600000000000E613F4F00000000000000000B8
:10FB700000000000E817F4E70000000000000000AB
:10FB800000000000EE0D03ED00000000000000008A
:10FB9000000000000AE50CF7000000000000000073
:10FBA000000000000E2B24060000000000000000F2
:10FBB00000000000FE492CFF0000000000000000D3
:10FBC000000000000A4C11080000000000000000C6
:10FBD00000000000EB13EEF2000000000000000047
:10FBE0000000000007E80BFD00000000000000001E
:10FBF0000000000016CC1B02000000000000000006
:10FC00000000000015E22DFF0000000000000000D1
:10FC10000000000016103E1600000000000000006A
:10FC200000000000F42001070000000000000000B8
:10FC300000000000EE0DF8040000000000000000CD
:10FC400000000000F90306FD0000000000000000B5
:10FC500000000000EEDE14F50000000000000000CF
:10FC60000000000003B411F40000000000000000D8
:10FC700000000000F4E50AFDFF110B050DF7FD0182
:10FC80000308FDF4FA0FFAFBFF080302F504180657
:10FC9000FEEFEE0FFB17FB0A04030913080D130810
:10FCA000FF08F5F0ED0002110913FFFF0BFC0A0B32
:10FCB000F61DF8FFEDF3F0070A3A22020313130FC3
:10FCC0000B10FDEC1C0904FC07090BF5FC1000F0FF
:10FCD0000FF505FB20FF03E708FFFE04FD0BFDFC0D
:10FCE00007F70B100F0F14F61112EA100A0009079C
:10FCF0000C090703062408090B33061613F216FA3B
:10FD0000021F06EC1C100F1407351E0304F409F241
:10FD10001114FCF42AF20CFC07F305D8E010D7FE0E
:10FD2000FCE3180116F912F7080817E4E31CE3E9ED
:10FD300001EC1BFF132E1B000D0C31E7E70FE3EE68
:10FD4000F70315F514041008102717E0F600D4FD8A
:10FD5000F20EFBEB0CE7FCFFFC240DE8F4F3F4F6E9
:10FD6000F30AF2DB0FC3FCF3010F14CCE121D3E360
:10FD7000F5D721FBEF132000061B21E0E31EE2ED87
:10FD8000EDDF1D130F1D1910052836D8E504EB0013
:10FD9000DFD80FFE1203050C033249D6E226EFFD31
:10FDA000D9EBFEDE02D9F0FD06232BE7E60FF700C4
:10FDB000EAEEECDFF5DDE3F5FA271EE0DF0BF4EF0A
:10FDC000F5FB0C0114F3FE09FF0C1B04FA0C06FAF8
:10FDD000EFF6FD06E205FB090709190AFD07FFEE2C
:10FDE000DCF3F1FCE60EEE030A0B1803F60203E760
:10FDF000EB04F8F100F5FB01011F4204F704FFEBEF
:10FE0000FD06FEF72122FBEF0014002117EA1AF786
:10FE10004D24F4EE1309FA1A06F2FA10FFF109D78D
:10FE20001B10FFEB06F606F9F8E3010AFCF202EB01
:10FE30000606FEFFF3EA000AFCFAF7F8F9F207F803
:10FE4000FCDEF901EEFF02FFFB08020803F908F9E6
:10FE5000EDF8F80AECFAFF050FF4FA1404EB03F8D6
:10FE60003A2CF90D1406FE1EFDF7E908F30105E929
:10FE7000030D05F609FEFEF1FCFEEA0DFCFF070688
:10FE8000F3E2FCFD00E8FB00FF04EAFB05F1030CD4
:10FE9000E901FDEAEEE3FCF6F910FC0200F00F00C8
:10FEA000FC06EEFAFEDDF5F701F6EB1004E301F7D0
:10FEB0001D19F7F709E8F715F101E302F2F702F36C
:10FEC000F2E5F1F5E6E2EDEBFB09000804FE0B0FAD
:10FED000E6F2F4F7E7DDF6F9051C1DFAFAFD02017A
:10FEE000F80EEFF3F3F1F5F70611180209F80A031B
:10FEF000FA18EF0003EAF4FB04F7DB06FBF9F8F26B
:10FF0000FEFFF3F8F4E9F810F60DE804F1F20AFF49
:10FF1000E2D7ECF1DCE7F4FEFD0C0D0A06FB08026B
:10FF2000EB14F0EFF2E9F1F3FF031204020504FF12
:10FF3000030BEFEFFDEFEE0206070508080A0B11B1
:10FF40000E15F7FA05F9FDF60004E200F6EC08EDEF
:10FF5000F3E2EFFCD6F8EB07FA06F11D00FE16FC03
:10FF6000EDECF200E0FDF7FDF909061211FB02F8D5
:10FF7000FA09FAF5F3F6F4F9FEFCF803FF08010FAD
:10FF8000090404F0FA09FCFA020703110F0D060632
:10FF90000F06FEFA050EFFF82573206F7574206FAB
:10FFA0006620626F756E647320256C75203E202577
:10FFB0006C750A00556E6B6E6F776E2050474D2042
:10FFC00066696C6520666F726D61740050474D20E4
:10FFD000696D6167652073697A6520646F65732058
:10FFE0006E6F74206D617463682061727261792034
:10FFF00073697A65000000006672656164282920D3
:02000004800278
:100000006E756D626572206F662072656164206F27
:10001000626A656374732028256C7529206469669B
:10002000666572656E74207468616E2065787065AF
:10003000637465642028257529205B646174615DA3
:100040000A00000066726561642829206E756D6281
:100050006572206F662072656164206F626A6563F5
:1000600074732028256C752920646966666572653D
:100070006E74207468616E20657870656374656461
:100080002028257529205B6F757470757454617212
:10009000676574735D0A0000454F46206E6F7420DB
:1000A000726561636865642C2046696C65206572C1
:1000B000726F722021210000726561645F6D6E694C
:1000C00073745F696E7075740000000000010202B5
:1000D00003030303040404040404040405050505E0
:1000E00005050505050505050505050506060606BC
:1000F00006060606060606060606060606060606A0
:10010000060606060606060606060606070707078B
:10011000070707070707070707070707070707076F
:10012000070707070707070707070707070707075F
:10013000070707070707070707070707070707074F
:10014000070707070707070707070707080808083B
:10015000080808080808080808080808080808081F
:10016000080808080808080808080808080808080F
:1001700008080808080808080808080808080808FF
:1001800008080808080808080808080808080808EF
:1001900008080808080808080808080808080808DF
:1001A00008080808080808080808080808080808CF
:1001B00008080808080808080808080808080808BF
:1001C000080808080808080808080808494E4600F2
:1001D000696E66004E414E006E616E003031323302
:1001E0003435363738394142434445460000000033
:1001F000303132333435363738396162636465669D
:1002000000000000286E756C6C29000030000000B2
:10021000BC490080F8430080F8430080B04900806A
:10022000F8430080F8430080F8430080F8430080E2
:10023000F8430080F8430080B4480080A049008063
:10024000F8430080CC480080D8480080F843008004
:1002500060490080C4430080C4430080C4430080E0
:10026000C4430080C4430080C4430080C443008072
:10027000C4430080C4430080F8430080F8430080FA
:10028000F8430080F8430080F8430080F843008082
:10029000F8430080F8430080F8430080F843008072
:1002A0003449008020470080F843008020470080C8
:1002B000F8430080F8430080F8430080F843008052
:1002C000D4490080F8430080F8430080B84A008099
:1002D000F8430080F8430080F8430080F843008032
:1002E000F8430080E0490080F8430080F843008034
:1002F000CC550080F8430080F8430080F84300802C
:10030000F8430080F8430080F8430080F843008001
:10031000F8430080F8430080F8430080784900806B
:100320001048008020470080204700802047008040
:100330006C49008010480080F8430080F84300803A
:10034000D0450080F8430080D44B0080A44B00804F
:100350006C4B0080D0450080F8430080044B008047
:10036000F8430080D44A0080F8430080F8430080BE
:100370002456008020202020202020202020202003
:1003800020202020303030303030303030303030AD
:100390003030303064690080C4650080C4650080FE
:1003A00058690080C4650080C4650080C465008011
:1003B000C4650080C4650080C4650080B8680080A2
:1003C00048690080C4650080C8680080D4680080E7
:1003D000C46500803C690080906500809065008065
:1003E0009065008090650080906500809065008039
:1003F000906500809065008090650080C4650080F5
:10040000C4650080C4650080C4650080C465008048
:10041000C4650080C4650080C4650080C465008038
:10042000C465008028690080C4650080C4650080C0
:10043000C4650080C4650080C4650080C465008018
:10044000C4650080C4650080C4650080C465008008
:10045000E8690080C4650080C4650080C4650080D0
:10046000C4650080C46500809C690080C46500800C
:10047000C465008080700080C4650080C465008011
:10048000C4650080C4650080C4650080C4650080C8
:10049000C4650080C4650080C4650080C4650080B8
:1004A0007C69008014680080C4650080C465008099
:1004B000C4650080B06A008014680080C465008054
:1004C000C46500801C670080C4650080786A008075
:1004D000506A0080446B00801C670080C465008007
:1004E000E46A0080C4650080BC6A0080C465008046
:1004F000C4650080D470008020202020202020208F
:10050000202020202020202030303030303030306B
:10051000303030303030303043000000504F5349DD
:10052000580000002E000000496E66696E697479FB
:10053000000000004E614E0042616C6C6F632073DE
:100540007563636565646564000000002E2E2F2EC0
:100550002E2F2E2E2F2E2E2F2E2E2F2E2E2F73722D
:10056000632F6E65776C69622F6E65776C69622F99
:100570006C6962632F7374646C69622F64746F6159
:100580002E6300002E2E2F2E2E2F2E2E2F2E2E2FAE
:100590002E2E2F2E2E2F7372632F6E65776C69624D
:1005A0002F6E65776C69622F6C6962632F73746458
:1005B0006C69622F6D707265632E6300000000002D
:1005C00005000000190000007D0000000000000090
:1005D000000000000000F03F000000000000244088
:1005E00000000000000059400000000000408F4063
:1005F000000000000088C34000000000006AF840CE
:100600000000000080842E4100000000D0126341F1
:100610000000000084D797410000000065CDCD4167
:10062000000000205FA00242000000E87648374248
:10063000000000A2941A6D42000040E59C30A242E6
:100640000000901EC4BCD64200003426F56B0C435B
:100650000080E03779C3414300A0D8855734764302
:1006600000C84E676DC1AB43003D9160E458E14363
:10067000408CB5781DAF154450EFE2D6E41A4B44D8
:1006800092D54D06CFF08044F64AE1C7022DB5441D
:10069000B49DD9794378EA44BC89D897B2D29C3CBE
:1006A00033A7A8D523F649393DA7F444FD0FA53259
:1006B0009D978CCF08BA5B25436FAC642806C80AA7
:1006C0000080E03779C34143176E05B5B5B893464E
:1006D000F5F93FE9034F384D321D30F94877825A1A
:1006E0003CBF737FDD4F1575002020202020202087
:1006F00020202828282828202020202020202020D2
:1007000020202020202020202088101010101010E1
:10071000101010101010101010040404040404042D
:1007200004040410101010101010414141414141C7
:1007300001010101010101010101010101010101A9
:1007400001010101101010101010424242424242B9
:100750000202020202020202020202020202020279
:100760000202020210101010200000000000000021
:100770000000000000000000000000000000000079
:100780000000000000000000000000000000000069
:100790000000000000000000000000000000000059
:1007A0000000000000000000000000000000000049
:1007B0000000000000000000000000000000000039
:1007C0000000000000000000000000000000000029
:1007D0000000000000000000000000000000000019
:1007E0000000000000000000000000002C206675E2
:1007F0006E6374696F6E3A20000000006173736568
:100800007274696F6E2022257322206661696C659F
:10081000643A2066696C6520222573222C206C695D
:100820006E65202564257325730A00007CCE008048
:1008300028CD0080D4CC008028CE0080D4CC00808D
:1008400038CD0080D4CC008028CE008028CD008018
:1008500028CD008038CD008028CE0080B4CD008027
:0C086000B4CD0080B4CD008038CD008005
:10086C001000000000000000037A5200017C01011E
:10087C001B0D020010000000180000009C14FEFF6D
:10088C00DC04000000000000100000002C00000040
:0C089C006419FEFF900400000000000042
:1008A8000000001000000000000000000000000030
:1008B8000000000000000000000000000000000030
:1008C800000000000000000050350A3234203234A5
:1008D8000A3235350A000000000000000000000060
:1008E8000000000000000000000000000000000000
:1008F80000000000000000000000000000000000F0
:1009080000000000000000000000000000000000DF
:1009180000000000000000000000000000000000CF
:10092800000000000005040000000000000002D2E2
:1009380042000000000000000000000007B387002C
:1009480000000000000064FE5C00000000000000E1
:10095800000000006FFE9D00000000000003CBFEB9
:10096800360000000000000000000020E7FE6600DE
:10097800000000000024FED8120000000000000063
:100988000000007EFEB300000000000000ACFE3B4B
:10099800000000000000000000002EFCEA12000029
:1009A8000000000005E2F523000000000000000040
:1009B800000080FE660000000000000025FEA9007F
:1009C8000000000000000000001AF1FB1300000006
:1009D80000000000AAFE5500000000000000000012
:1009E800002EFEC20000000000000009E7F6230008
:1009F80000000000000000000076FF981D000000C5
:100A080000000074FEB600000000000000000000B6
:100A18000076FEFEF3D7D7D7CAB985D1FE83001179
:100A28000000000000000000003EF3FEFEFEFEFE97
:100A3800FEFEFEFEFEE89D23000000000000000010
:100A480000004684944649616161BBFEF9220400B6
:100A5800000000000000000000000000000000008E
:100A68000000AEFE71000000000000000000000061
:100A780000000000000000000016EEFE3500000037
:100A8800000000000000000000000000000000005E
:100A98000073FE9F0100000000000000000000003D
:100AA800000000000000000000AEFE610000000031
:100AB800000000000000000000000000000000002E
:100AC80000D7FE73000000000000000000000000D6
:100AD800000000000000000055FBFE690000000057
:100AE80000000000000000000000000000000000FE
:100AF80054F2880A00000000000000000000000016
:100B080000000000000000000000000000000000DD
:100B180000000000000400000000000000000000C9
:100B280003000000BC1A028000000000BC1A02800A
:100B3800241B02808C1B02800000000000000000C3
:100B4800000000000000000000000000000000009D
:100B5800000000000000000000000000000000008D
:100B6800000000000000000000000000000000007D
:100B7800000000000000000000000000000000006D
:100B8800000000000000000000000000000000005D
:100B9800000000000000000000000000000000004D
:100BA800000000000000000000000000000000003D
:100BB800000000000000000000000000000000002D
:100BC80001000000000000000E33CDAB34126DE6CA
:100BD800ECDE05000B000000000000000000000033
:100BE80000000000000000000000000000000000FD
:100BF80000000000000000000000000000000000ED
:100C080000000000000000000000000000000000DC
:100C180000000000000000000000000000000000CC
:100C280000000000000000000000000000000000BC
:100C380000000000000000000000000000000000AC
:100C4800000000000000000000000000000000009C
:100C5800500C0280500C0280580C0280580C028004
:100C6800600C0280600C0280680C0280680C0280B4
:100C7800700C0280700C0280780C0280780C028064
:100C8800800C0280800C0280880C0280880C028014
:100C9800900C0280900C0280980C0280980C0280C4
:100CA800A00C0280A00C0280A80C0280A80C028074
:100CB800B00C0280B00C0280B80C0280B80C028024
:100CC800C00C0280C00C0280C80C0280C80C0280D4
:100CD800D00C0280D00C0280D80C0280D80C028084
:100CE800E00C0280E00C0280E80C0280E80C028034
:100CF800F00C0280F00C0280F80C0280F80C0280E4
:100D0800000D0280000D0280080D0280080D02808F
:100D1800100D0280100D0280180D0280180D02803F
:100D2800200D0280200D0280280D0280280D0280EF
:100D3800300D0280300D0280380D0280380D02809F
:100D4800400D0280400D0280480D0280480D02804F
:100D5800500D0280500D0280580D0280580D0280FF
:100D6800600D0280600D0280680D0280680D0280AF
:100D7800700D0280700D0280780D0280780D02805F
:100D8800800D0280800D0280880D0280880D02800F
:100D9800900D0280900D0280980D0280980D0280BF
:100DA800A00D0280A00D0280A80D0280A80D02806F
:100DB800B00D0280B00D0280B80D0280B80D02801F
:100DC800C00D0280C00D0280C80D0280C80D0280CF
:100DD800D00D0280D00D0280D80D0280D80D02807F
:100DE800E00D0280E00D0280E80D0280E80D02802F
:100DF800F00D0280F00D0280F80D0280F80D0280DF
:100E0800000E0280000E0280080E0280080E02808A
:100E1800100E0280100E0280180E0280180E02803A
:100E2800200E0280200E0280280E0280280E0280EA
:100E3800300E0280300E0280380E0280380E02809A
:100E4800400E0280400E0280480E0280480E02804A
:100E5800500E0280500E0280580E0280580E0280FA
:100E6800600E0280600E0280680E0280680E0280AA
:100E7800700E0280700E0280780E0280780E02805A
:100E8800800E0280800E0280880E0280880E02800A
:100E9800900E0280900E0280980E0280980E0280BA
:100EA800A00E0280A00E0280A80E0280A80E02806A
:100EB800B00E0280B00E0280B80E0280B80E02801A
:100EC800C00E0280C00E0280C80E0280C80E0280CA
:100ED800D00E0280D00E0280D80E0280D80E02807A
:100EE800E00E0280E00E0280E80E0280E80E02802A
:100EF800F00E0280F00E0280F80E0280F80E0280DA
:100F0800000F0280000F0280080F0280080F028085
:100F1800100F0280100F0280180F0280180F028035
:100F2800200F0280200F0280280F0280280F0280E5
:100F3800300F0280300F0280380F0280380F028095
:100F4800400F0280400F0280480F0280480F028045
:100F5800500F0280500F0280580F0280580F0280F5
:100F6800600F0280600F0280680F0280680F0280A5
:100F7800700F0280700F0280780F0280780F028055
:100F8800800F0280800F0280880F0280880F028005
:100F9800900F0280900F0280980F0280980F0280B5
:100FA800A00F0280A00F0280A80F0280A80F028065
:100FB800B00F0280B00F0280B80F0280B80F028015
:100FC800C00F0280C00F0280C80F0280C80F0280C5
:100FD800D00F0280D00F0280D80F0280D80F028075
:100FE800E00F0280E00F0280E80F0280E80F028025
:100FF800F00F0280F00F0280F80F0280F80F0280D5
:101008000010028000100280081002800810028080
:101018001010028010100280181002801810028030
:1010280020100280201002802810028028100280E0
:101038003010028030100280381002803810028090
:101048004010028040100280481002804810028040
:101058004300000000000000000000000000000045
:101068000000000000000000000000000000000078
:101078004300000000000000000000000000000025
:101088000000000000000000000000000000000058
:101098004300000000000000000000000000000005
:1010A8000000000000000000000000000000000038
:1010B80043000000000000000000000000000000E5
:1010C8000000000000000000000000000000000018
:1010D80043000000000000000000000000000000C5
:1010E80000000000000000000000000000000000F8
:1010F80043000000000000000000000000000000A5
:1011080000000000000000000000000000000000D7
:101118004300000000000000000000000000000084
:1011280000000000000000000000000000000000B7
:10113800A8B60080B49E008000000000E806028087
:101148002405028004EF008004EF008004EF008093
:1011580004EF008004EF008004EF008004EF0080BB
:1011680004EF008004EF0080FFFFFFFFFFFFFFFF99
:10117800FFFFFFFFFFFF0000010041534349490003
:101188000000000000000000000000000000000057
:1011980000000000000000000000415343494900DE
:1011A8000000000000000000000000000000000037
:0C11B8000000000000000000000000002B
:1011C800FFFFFFFFFFFFEF7F000000000000F83F78
:1011D80061436F63A787D23FB3C8608B288AC63F35
:1011E800FB799F501344D33F000000000000F03FFC
:1011F80000000000000024400000000000001C4027
:101208000000000000001440000000000000E03F63
:10121800B01D0280300B0280FFFFFFFF00000200BC
:0400000580000080F7
:00000001FF
