Copyright 1986-2022 Xilinx, Inc. All Rights Reserved. Copyright 2022-2024 Advanced Micro Devices, Inc. All Rights Reserved.
------------------------------------------------------------------------------------------------------------------------------------------------------------------------------------------------------------------------------------------
| Tool Version : Vivado v.2024.1 (lin64) Build 5076996 Wed May 22 18:36:09 MDT 2024
| Date         : Tue Jun  9 17:30:53 2026
| Host         : EQI07362 running 64-bit Ubuntu 22.04.5 LTS
| Command      : report_timing_summary -max_paths 10 -report_unconstrained -file cva6_zybo_z7_20_timing_summary_routed.rpt -pb cva6_zybo_z7_20_timing_summary_routed.pb -rpx cva6_zybo_z7_20_timing_summary_routed.rpx -warn_on_violation
| Design       : cva6_zybo_z7_20
| Device       : 7z020-clg400
| Speed File   : -1  PRODUCTION 1.12 2019-11-22
| Design State : Routed
------------------------------------------------------------------------------------------------------------------------------------------------------------------------------------------------------------------------------------------

Timing Summary Report

------------------------------------------------------------------------------------------------
| Timer Settings
| --------------
------------------------------------------------------------------------------------------------

  Enable Multi Corner Analysis               :  Yes
  Enable Pessimism Removal                   :  Yes
  Pessimism Removal Resolution               :  Nearest Common Node
  Enable Input Delay Default Clock           :  No
  Enable Preset / Clear Arcs                 :  No
  Disable Flight Delays                      :  No
  Ignore I/O Paths                           :  No
  Timing Early Launch at Borrowing Latches   :  No
  Borrow Time for Max Delay Exceptions       :  Yes
  Merge Timing Exceptions                    :  Yes
  Inter-SLR Compensation                     :  Conservative

  Corner  Analyze    Analyze    
  Name    Max Paths  Min Paths  
  ------  ---------  ---------  
  Slow    Yes        Yes        
  Fast    Yes        Yes        


------------------------------------------------------------------------------------------------
| Report Methodology
| ------------------
------------------------------------------------------------------------------------------------

Rule       Severity          Description                                     Violations  
---------  ----------------  ----------------------------------------------  ----------  
TIMING-6   Critical Warning  No common primary clock between related clocks  1           
TIMING-7   Critical Warning  No common node between related clocks           1           
LUTAR-1    Warning           LUT drives async reset alert                    4           
SYNTH-10   Warning           Wide multiplier                                 4           
TIMING-10  Warning           Missing property on synchronizer                1           
TIMING-18  Warning           Missing input or output delay                   3           
TIMING-20  Warning           Non-clocked latch                               32          
XDCH-2     Warning           Same min and max delay values on IO port        3           
LATCH-1    Advisory          Existing latches in the design                  1           

Note: This report is based on the most recent report_methodology run and may not be up-to-date. Run report_methodology on the current design for the latest report.



check_timing report

Table of Contents
-----------------
1. checking no_clock (480)
2. checking constant_clock (0)
3. checking pulse_width_clock (0)
4. checking unconstrained_internal_endpoints (32)
5. checking no_input_delay (2)
6. checking no_output_delay (1)
7. checking multiple_clock (0)
8. checking generated_clocks (0)
9. checking loops (0)
10. checking partial_input_delay (3)
11. checking partial_output_delay (0)
12. checking latch_loops (0)

1. checking no_clock (480)
--------------------------
 There are 32 register/latch pins with no clock driven by root clock pin: i_ariane/i_cva6/ex_stage_i/lsu_i/i_load_unit/ldbuf_q_reg[0][operation][0]/Q (HIGH)

 There are 32 register/latch pins with no clock driven by root clock pin: i_ariane/i_cva6/ex_stage_i/lsu_i/i_load_unit/ldbuf_q_reg[0][operation][1]/Q (HIGH)

 There are 32 register/latch pins with no clock driven by root clock pin: i_ariane/i_cva6/ex_stage_i/lsu_i/i_load_unit/ldbuf_q_reg[0][operation][2]/Q (HIGH)

 There are 32 register/latch pins with no clock driven by root clock pin: i_ariane/i_cva6/ex_stage_i/lsu_i/i_load_unit/ldbuf_q_reg[0][operation][3]/Q (HIGH)

 There are 32 register/latch pins with no clock driven by root clock pin: i_ariane/i_cva6/ex_stage_i/lsu_i/i_load_unit/ldbuf_q_reg[0][operation][4]/Q (HIGH)

 There are 32 register/latch pins with no clock driven by root clock pin: i_ariane/i_cva6/ex_stage_i/lsu_i/i_load_unit/ldbuf_q_reg[0][operation][5]/Q (HIGH)

 There are 32 register/latch pins with no clock driven by root clock pin: i_ariane/i_cva6/ex_stage_i/lsu_i/i_load_unit/ldbuf_q_reg[0][operation][6]/Q (HIGH)

 There are 32 register/latch pins with no clock driven by root clock pin: i_ariane/i_cva6/ex_stage_i/lsu_i/i_load_unit/ldbuf_q_reg[1][operation][0]/Q (HIGH)

 There are 32 register/latch pins with no clock driven by root clock pin: i_ariane/i_cva6/ex_stage_i/lsu_i/i_load_unit/ldbuf_q_reg[1][operation][1]/Q (HIGH)

 There are 32 register/latch pins with no clock driven by root clock pin: i_ariane/i_cva6/ex_stage_i/lsu_i/i_load_unit/ldbuf_q_reg[1][operation][2]/Q (HIGH)

 There are 32 register/latch pins with no clock driven by root clock pin: i_ariane/i_cva6/ex_stage_i/lsu_i/i_load_unit/ldbuf_q_reg[1][operation][3]/Q (HIGH)

 There are 32 register/latch pins with no clock driven by root clock pin: i_ariane/i_cva6/ex_stage_i/lsu_i/i_load_unit/ldbuf_q_reg[1][operation][4]/Q (HIGH)

 There are 32 register/latch pins with no clock driven by root clock pin: i_ariane/i_cva6/ex_stage_i/lsu_i/i_load_unit/ldbuf_q_reg[1][operation][5]/Q (HIGH)

 There are 32 register/latch pins with no clock driven by root clock pin: i_ariane/i_cva6/ex_stage_i/lsu_i/i_load_unit/ldbuf_q_reg[1][operation][6]/Q (HIGH)

 There are 32 register/latch pins with no clock driven by root clock pin: i_ariane/i_cva6/gen_cache_wt.i_cache_subsystem/i_wt_dcache/gen_rd_ports[1].i_wt_dcache_ctrl/id_q_reg[0]/Q (HIGH)


2. checking constant_clock (0)
------------------------------
 There are 0 register/latch pins with constant_clock.


3. checking pulse_width_clock (0)
---------------------------------
 There are 0 register/latch pins which need pulse_width check


4. checking unconstrained_internal_endpoints (32)
-------------------------------------------------
 There are 32 pins that are not constrained for maximum delay. (HIGH)

 There are 0 pins that are not constrained for maximum delay due to constant clock.


5. checking no_input_delay (2)
------------------------------
 There are 2 input ports with no input delay specified. (HIGH)

 There are 0 input ports with no input delay but user has a false path constraint.


6. checking no_output_delay (1)
-------------------------------
 There is 1 port with no output delay specified. (HIGH)

 There are 0 ports with no output delay but user has a false path constraint

 There are 0 ports with no output delay but with a timing clock defined on it or propagating through it


7. checking multiple_clock (0)
------------------------------
 There are 0 register/latch pins with multiple clocks.


8. checking generated_clocks (0)
--------------------------------
 There are 0 generated clocks that are not connected to a clock source.


9. checking loops (0)
---------------------
 There are 0 combinational loops in the design.


10. checking partial_input_delay (3)
------------------------------------
 There are 3 input ports with partial input delay specified. (HIGH)


11. checking partial_output_delay (0)
-------------------------------------
 There are 0 ports with partial output delay specified.


12. checking latch_loops (0)
----------------------------
 There are 0 combinational latch loops in the design through latch input



------------------------------------------------------------------------------------------------
| Design Timing Summary
| ---------------------
------------------------------------------------------------------------------------------------

    WNS(ns)      TNS(ns)  TNS Failing Endpoints  TNS Total Endpoints      WHS(ns)      THS(ns)  THS Failing Endpoints  THS Total Endpoints     WPWS(ns)     TPWS(ns)  TPWS Failing Endpoints  TPWS Total Endpoints  
    -------      -------  ---------------------  -------------------      -------      -------  ---------------------  -------------------     --------     --------  ----------------------  --------------------  
     -0.098       -0.098                      1                46868        0.051        0.000                      0                46832        2.000        0.000                       0                 16426  


Timing constraints are not met.


------------------------------------------------------------------------------------------------
| Clock Summary
| -------------
------------------------------------------------------------------------------------------------

Clock                    Waveform(ns)         Period(ns)      Frequency(MHz)
-----                    ------------         ----------      --------------
clk_sys                  {0.000 4.000}        8.000           125.000         
  clk_out1_xlnx_clk_gen  {0.000 10.000}       20.000          50.000          
  clkfbout_xlnx_clk_gen  {0.000 4.000}        8.000           125.000         
tck                      {0.000 50.000}       100.000         10.000          


------------------------------------------------------------------------------------------------
| Intra Clock Table
| -----------------
------------------------------------------------------------------------------------------------

Clock                        WNS(ns)      TNS(ns)  TNS Failing Endpoints  TNS Total Endpoints      WHS(ns)      THS(ns)  THS Failing Endpoints  THS Total Endpoints     WPWS(ns)     TPWS(ns)  TPWS Failing Endpoints  TPWS Total Endpoints  
-----                        -------      -------  ---------------------  -------------------      -------      -------  ---------------------  -------------------     --------     --------  ----------------------  --------------------  
clk_sys                                                                                                                                                                    2.000        0.000                       0                     1  
  clk_out1_xlnx_clk_gen       -0.098       -0.098                      1                34563        0.051        0.000                      0                34563        8.750        0.000                       0                 16163  
  clkfbout_xlnx_clk_gen                                                                                                                                                    5.845        0.000                       0                     3  
tck                            1.571        0.000                      0                  453        0.105        0.000                      0                  453       49.500        0.000                       0                   259  


------------------------------------------------------------------------------------------------
| Inter Clock Table
| -----------------
------------------------------------------------------------------------------------------------

From Clock             To Clock                   WNS(ns)      TNS(ns)  TNS Failing Endpoints  TNS Total Endpoints      WHS(ns)      THS(ns)  THS Failing Endpoints  THS Total Endpoints  
----------             --------                   -------      -------  ---------------------  -------------------      -------      -------  ---------------------  -------------------  
tck                    clk_out1_xlnx_clk_gen        9.489        0.000                      0                   43        2.770        0.000                      0                   43  
clk_out1_xlnx_clk_gen  tck                         18.328        0.000                      0                   36                                                                        


------------------------------------------------------------------------------------------------
| Other Path Groups Table
| -----------------------
------------------------------------------------------------------------------------------------

Path Group             From Clock             To Clock                   WNS(ns)      TNS(ns)  TNS Failing Endpoints  TNS Total Endpoints      WHS(ns)      THS(ns)  THS Failing Endpoints  THS Total Endpoints  
----------             ----------             --------                   -------      -------  ---------------------  -------------------      -------      -------  ---------------------  -------------------  
**async_default**      clk_out1_xlnx_clk_gen  clk_out1_xlnx_clk_gen       16.357        0.000                      0                11773        0.356        0.000                      0                11773  


------------------------------------------------------------------------------------------------
| User Ignored Path Table
| -----------------------
------------------------------------------------------------------------------------------------

Path Group             From Clock             To Clock             
----------             ----------             --------             
(none)                 clk_out1_xlnx_clk_gen  clk_out1_xlnx_clk_gen  
(none)                                        tck                    
(none)                 clk_out1_xlnx_clk_gen  tck                    


------------------------------------------------------------------------------------------------
| Unconstrained Path Table
| ------------------------
------------------------------------------------------------------------------------------------

Path Group             From Clock             To Clock             
----------             ----------             --------             
(none)                 clk_out1_xlnx_clk_gen                         
(none)                 clkfbout_xlnx_clk_gen                         
(none)                                        clk_out1_xlnx_clk_gen  


------------------------------------------------------------------------------------------------
| Timing Details
| --------------
------------------------------------------------------------------------------------------------


---------------------------------------------------------------------------------------------------
From Clock:  clk_sys
  To Clock:  clk_sys

Setup :           NA  Failing Endpoints,  Worst Slack           NA  ,  Total Violation           NA
Hold  :           NA  Failing Endpoints,  Worst Slack           NA  ,  Total Violation           NA
PW    :            0  Failing Endpoints,  Worst Slack        2.000ns,  Total Violation        0.000ns
---------------------------------------------------------------------------------------------------


Pulse Width Checks
--------------------------------------------------------------------------------------
Clock Name:         clk_sys
Waveform(ns):       { 0.000 4.000 }
Period(ns):         8.000
Sources:            { clk_sys }

Check Type        Corner  Lib Pin            Reference Pin  Required(ns)  Actual(ns)  Slack(ns)  Location         Pin
Min Period        n/a     MMCME2_ADV/CLKIN1  n/a            1.249         8.000       6.751      MMCME2_ADV_X1Y2  i_xlnx_clk_gen/inst/mmcm_adv_inst/CLKIN1
Max Period        n/a     MMCME2_ADV/CLKIN1  n/a            100.000       8.000       92.000     MMCME2_ADV_X1Y2  i_xlnx_clk_gen/inst/mmcm_adv_inst/CLKIN1
Low Pulse Width   Slow    MMCME2_ADV/CLKIN1  n/a            2.000         4.000       2.000      MMCME2_ADV_X1Y2  i_xlnx_clk_gen/inst/mmcm_adv_inst/CLKIN1
Low Pulse Width   Fast    MMCME2_ADV/CLKIN1  n/a            2.000         4.000       2.000      MMCME2_ADV_X1Y2  i_xlnx_clk_gen/inst/mmcm_adv_inst/CLKIN1
High Pulse Width  Slow    MMCME2_ADV/CLKIN1  n/a            2.000         4.000       2.000      MMCME2_ADV_X1Y2  i_xlnx_clk_gen/inst/mmcm_adv_inst/CLKIN1
High Pulse Width  Fast    MMCME2_ADV/CLKIN1  n/a            2.000         4.000       2.000      MMCME2_ADV_X1Y2  i_xlnx_clk_gen/inst/mmcm_adv_inst/CLKIN1



---------------------------------------------------------------------------------------------------
From Clock:  clk_out1_xlnx_clk_gen
  To Clock:  clk_out1_xlnx_clk_gen

Setup :            1  Failing Endpoint ,  Worst Slack       -0.098ns,  Total Violation       -0.098ns
Hold  :            0  Failing Endpoints,  Worst Slack        0.051ns,  Total Violation        0.000ns
PW    :            0  Failing Endpoints,  Worst Slack        8.750ns,  Total Violation        0.000ns
---------------------------------------------------------------------------------------------------


Max Delay Paths
--------------------------------------------------------------------------------------
Slack (VIOLATED) :        -0.098ns  (required time - arrival time)
  Source:                 i_ariane/i_cva6/issue_stage_i/i_scoreboard/commit_pointer_q_reg[0][1]/C
                            (rising edge-triggered cell FDCE clocked by clk_out1_xlnx_clk_gen  {rise@0.000ns fall@10.000ns period=20.000ns})
  Destination:            i_ariane/i_cva6/issue_stage_i/i_scoreboard/mem_q_reg[3][sbe][ex][tval][25]/CE
                            (rising edge-triggered cell FDCE clocked by clk_out1_xlnx_clk_gen  {rise@0.000ns fall@10.000ns period=20.000ns})
  Path Group:             clk_out1_xlnx_clk_gen
  Path Type:              Setup (Max at Slow Process Corner)
  Requirement:            20.000ns  (clk_out1_xlnx_clk_gen rise@20.000ns - clk_out1_xlnx_clk_gen rise@0.000ns)
  Data Path Delay:        19.661ns  (logic 3.845ns (19.556%)  route 15.816ns (80.444%))
  Logic Levels:           20  (LUT2=1 LUT3=1 LUT4=4 LUT5=2 LUT6=12)
  Clock Path Skew:        -0.152ns (DCD - SCD + CPR)
    Destination Clock Delay (DCD):    -1.674ns = ( 18.326 - 20.000 ) 
    Source Clock Delay      (SCD):    -1.055ns
    Clock Pessimism Removal (CPR):    0.467ns
  Clock Uncertainty:      0.079ns  ((TSJ^2 + DJ^2)^1/2) / 2 + PE
    Total System Jitter     (TSJ):    0.071ns
    Discrete Jitter          (DJ):    0.142ns
    Phase Error              (PE):    0.000ns

    Location             Delay type                Incr(ns)  Path(ns)    Netlist Resource(s)
  -------------------------------------------------------------------    -------------------
                         (clock clk_out1_xlnx_clk_gen rise edge)
                                                      0.000     0.000 r  
    K17                                               0.000     0.000 r  clk_sys (IN)
                         net (fo=0)                   0.000     0.000    i_xlnx_clk_gen/inst/clk_in1
    K17                  IBUF (Prop_ibuf_I_O)         1.475     1.475 r  i_xlnx_clk_gen/inst/clkin1_ibufg/O
                         net (fo=1, routed)           1.285     2.760    i_xlnx_clk_gen/inst/clk_in1_xlnx_clk_gen
    MMCME2_ADV_X1Y2      MMCME2_ADV (Prop_mmcme2_adv_CLKIN1_CLKOUT0)
                                                     -7.759    -4.999 r  i_xlnx_clk_gen/inst/mmcm_adv_inst/CLKOUT0
                         net (fo=1, routed)           2.206    -2.793    i_xlnx_clk_gen/inst/clk_out1_xlnx_clk_gen
    BUFGCTRL_X0Y16       BUFG (Prop_bufg_I_O)         0.101    -2.692 r  i_xlnx_clk_gen/inst/clkout1_buf/O
                         net (fo=16161, routed)       1.637    -1.055    i_ariane/i_cva6/issue_stage_i/i_scoreboard/clk_out1
    SLICE_X50Y90         FDCE                                         r  i_ariane/i_cva6/issue_stage_i/i_scoreboard/commit_pointer_q_reg[0][1]/C
  -------------------------------------------------------------------    -------------------
    SLICE_X50Y90         FDCE (Prop_fdce_C_Q)         0.478    -0.577 f  i_ariane/i_cva6/issue_stage_i/i_scoreboard/commit_pointer_q_reg[0][1]/Q
                         net (fo=11, routed)          0.881     0.304    i_ariane/i_cva6/issue_stage_i/i_scoreboard/commit_pointer_q_reg[0][1]_0[1]
    SLICE_X51Y91         LUT2 (Prop_lut2_I0_O)        0.301     0.605 r  i_ariane/i_cva6/issue_stage_i/i_scoreboard/speculative_read_pointer_q[1]_i_11/O
                         net (fo=178, routed)         1.075     1.679    i_ariane/i_cva6/issue_stage_i/i_scoreboard/speculative_read_pointer_q[1]_i_11_n_0
    SLICE_X52Y92         LUT4 (Prop_lut4_I2_O)        0.152     1.831 f  i_ariane/i_cva6/issue_stage_i/i_scoreboard/speculative_read_pointer_q[1]_i_10/O
                         net (fo=2, routed)           0.638     2.469    i_ariane/i_cva6/issue_stage_i/i_scoreboard/speculative_read_pointer_q[1]_i_10_n_0
    SLICE_X53Y92         LUT4 (Prop_lut4_I3_O)        0.326     2.795 r  i_ariane/i_cva6/issue_stage_i/i_scoreboard/speculative_read_pointer_q[1]_i_3/O
                         net (fo=10, routed)          1.078     3.873    i_ariane/i_cva6/issue_stage_i/i_scoreboard/mem_q_reg[1][sbe][fu][0]_0
    SLICE_X54Y90         LUT4 (Prop_lut4_I2_O)        0.150     4.023 f  i_ariane/i_cva6/issue_stage_i/i_scoreboard/dcsr_q[step]_i_21/O
                         net (fo=1, routed)           1.079     5.102    i_ariane/i_cva6/issue_stage_i/i_scoreboard/csr_op_commit_csr[3]
    SLICE_X54Y90         LUT6 (Prop_lut6_I3_O)        0.328     5.430 r  i_ariane/i_cva6/issue_stage_i/i_scoreboard/dcsr_q[step]_i_14/O
                         net (fo=4, routed)           0.770     6.200    i_ariane/i_cva6/ex_stage_i/csr_buffer_i/privilege_violation1
    SLICE_X60Y90         LUT6 (Prop_lut6_I3_O)        0.124     6.324 f  i_ariane/i_cva6/ex_stage_i/csr_buffer_i/scause_q[8]_i_14/O
                         net (fo=2, routed)           0.591     6.916    i_ariane/i_cva6/ex_stage_i/csr_buffer_i/scause_q[8]_i_14_n_0
    SLICE_X56Y90         LUT6 (Prop_lut6_I0_O)        0.124     7.040 f  i_ariane/i_cva6/ex_stage_i/csr_buffer_i/scause_q[8]_i_9/O
                         net (fo=1, routed)           0.612     7.652    i_ariane/i_cva6/issue_stage_i/i_scoreboard/scause_q[8]_i_3_1
    SLICE_X54Y89         LUT6 (Prop_lut6_I2_O)        0.124     7.776 f  i_ariane/i_cva6/issue_stage_i/i_scoreboard/scause_q[8]_i_6/O
                         net (fo=1, routed)           0.535     8.311    i_ariane/i_cva6/issue_stage_i/i_scoreboard/scause_q[8]_i_6_n_0
    SLICE_X51Y90         LUT5 (Prop_lut5_I4_O)        0.124     8.435 f  i_ariane/i_cva6/issue_stage_i/i_scoreboard/scause_q[8]_i_3/O
                         net (fo=8, routed)           0.580     9.016    i_ariane/i_cva6/issue_stage_i/i_scoreboard/debug_mode_q_reg_1
    SLICE_X53Y91         LUT6 (Prop_lut6_I5_O)        0.124     9.140 r  i_ariane/i_cva6/issue_stage_i/i_scoreboard/FSM_sequential_state_q[3]_i_8/O
                         net (fo=3, routed)           0.417     9.556    i_ariane/i_cva6/issue_stage_i/i_scoreboard/FSM_sequential_state_q[3]_i_8_n_0
    SLICE_X53Y90         LUT6 (Prop_lut6_I1_O)        0.124     9.680 r  i_ariane/i_cva6/issue_stage_i/i_scoreboard/mem_q[0][sbe][result][31]_i_12/O
                         net (fo=54, routed)          0.961    10.642    i_ariane/i_cva6/ex_stage_i/i_mult/i_multiplier/operand_e_q[31]_i_24_0
    SLICE_X50Y93         LUT5 (Prop_lut5_I1_O)        0.150    10.792 r  i_ariane/i_cva6/ex_stage_i/i_mult/i_multiplier/mem_q[0][sbe][result][31]_i_25/O
                         net (fo=6, routed)           0.489    11.281    i_ariane/i_cva6/issue_stage_i/i_scoreboard/flu_trans_id_ex_id[0]
    SLICE_X51Y96         LUT6 (Prop_lut6_I3_O)        0.348    11.629 r  i_ariane/i_cva6/issue_stage_i/i_scoreboard/operand_e_q[31]_i_25/O
                         net (fo=14, routed)          1.000    12.629    i_ariane/i_cva6/issue_stage_i/i_scoreboard/mem_q_reg[3][sbe][rd][4]_0
    SLICE_X53Y100        LUT3 (Prop_lut3_I0_O)        0.124    12.753 f  i_ariane/i_cva6/issue_stage_i/i_scoreboard/operand_d_q[31]_i_21/O
                         net (fo=1, routed)           0.591    13.344    i_ariane/i_cva6/issue_stage_i/i_scoreboard/operand_d_q[31]_i_21_n_0
    SLICE_X53Y100        LUT6 (Prop_lut6_I2_O)        0.124    13.468 r  i_ariane/i_cva6/issue_stage_i/i_scoreboard/operand_d_q[31]_i_7/O
                         net (fo=34, routed)          0.626    14.095    i_ariane/i_cva6/issue_stage_i/i_scoreboard/operand_d_q[31]_i_7_n_0
    SLICE_X52Y99         LUT6 (Prop_lut6_I2_O)        0.124    14.219 f  i_ariane/i_cva6/issue_stage_i/i_scoreboard/mem_q[0][sbe][pc][31]_i_10/O
                         net (fo=1, routed)           0.582    14.800    i_ariane/i_cva6/id_stage_i/mem_q[0][sbe][pc][31]_i_3_2
    SLICE_X49Y97         LUT6 (Prop_lut6_I4_O)        0.124    14.924 f  i_ariane/i_cva6/id_stage_i/mem_q[0][sbe][pc][31]_i_4/O
                         net (fo=1, routed)           0.571    15.496    i_ariane/i_cva6/id_stage_i/mem_q[0][sbe][pc][31]_i_4_n_0
    SLICE_X49Y96         LUT6 (Prop_lut6_I0_O)        0.124    15.620 r  i_ariane/i_cva6/id_stage_i/mem_q[0][sbe][pc][31]_i_3/O
                         net (fo=26, routed)          0.714    16.333    i_ariane/i_cva6/issue_stage_i/i_scoreboard/issue_ack_iro_sb
    SLICE_X50Y94         LUT6 (Prop_lut6_I1_O)        0.124    16.457 r  i_ariane/i_cva6/issue_stage_i/i_scoreboard/mem_q[3][sbe][pc][31]_i_1/O
                         net (fo=52, routed)          0.859    17.316    i_ariane/i_cva6/issue_stage_i/i_issue_read_operands/mem_n
    SLICE_X49Y88         LUT4 (Prop_lut4_I3_O)        0.124    17.440 r  i_ariane/i_cva6/issue_stage_i/i_issue_read_operands/mem_q[3][sbe][ex][cause][31]_i_1/O
                         net (fo=38, routed)          1.166    18.606    i_ariane/i_cva6/issue_stage_i/i_scoreboard/mem_q_reg[3][sbe][ex][cause][0]_0[0]
    SLICE_X33Y82         FDCE                                         r  i_ariane/i_cva6/issue_stage_i/i_scoreboard/mem_q_reg[3][sbe][ex][tval][25]/CE
  -------------------------------------------------------------------    -------------------

                         (clock clk_out1_xlnx_clk_gen rise edge)
                                                     20.000    20.000 r  
    K17                                               0.000    20.000 r  clk_sys (IN)
                         net (fo=0)                   0.000    20.000    i_xlnx_clk_gen/inst/clk_in1
    K17                  IBUF (Prop_ibuf_I_O)         1.404    21.404 r  i_xlnx_clk_gen/inst/clkin1_ibufg/O
                         net (fo=1, routed)           1.162    22.566    i_xlnx_clk_gen/inst/clk_in1_xlnx_clk_gen
    MMCME2_ADV_X1Y2      MMCME2_ADV (Prop_mmcme2_adv_CLKIN1_CLKOUT0)
                                                     -7.814    14.752 r  i_xlnx_clk_gen/inst/mmcm_adv_inst/CLKOUT0
                         net (fo=1, routed)           2.012    16.764    i_xlnx_clk_gen/inst/clk_out1_xlnx_clk_gen
    BUFGCTRL_X0Y16       BUFG (Prop_bufg_I_O)         0.091    16.855 r  i_xlnx_clk_gen/inst/clkout1_buf/O
                         net (fo=16161, routed)       1.471    18.326    i_ariane/i_cva6/issue_stage_i/i_scoreboard/clk_out1
    SLICE_X33Y82         FDCE                                         r  i_ariane/i_cva6/issue_stage_i/i_scoreboard/mem_q_reg[3][sbe][ex][tval][25]/C
                         clock pessimism              0.467    18.792    
                         clock uncertainty           -0.079    18.713    
    SLICE_X33Y82         FDCE (Setup_fdce_C_CE)      -0.205    18.508    i_ariane/i_cva6/issue_stage_i/i_scoreboard/mem_q_reg[3][sbe][ex][tval][25]
  -------------------------------------------------------------------
                         required time                         18.508    
                         arrival time                         -18.606    
  -------------------------------------------------------------------
                         slack                                 -0.098    

Slack (MET) :             0.006ns  (required time - arrival time)
  Source:                 i_ariane/i_cva6/issue_stage_i/i_scoreboard/commit_pointer_q_reg[0][1]/C
                            (rising edge-triggered cell FDCE clocked by clk_out1_xlnx_clk_gen  {rise@0.000ns fall@10.000ns period=20.000ns})
  Destination:            i_ariane/i_cva6/issue_stage_i/i_scoreboard/mem_q_reg[2][sbe][ex][tval][29]/CE
                            (rising edge-triggered cell FDCE clocked by clk_out1_xlnx_clk_gen  {rise@0.000ns fall@10.000ns period=20.000ns})
  Path Group:             clk_out1_xlnx_clk_gen
  Path Type:              Setup (Max at Slow Process Corner)
  Requirement:            20.000ns  (clk_out1_xlnx_clk_gen rise@20.000ns - clk_out1_xlnx_clk_gen rise@0.000ns)
  Data Path Delay:        19.390ns  (logic 3.840ns (19.804%)  route 15.550ns (80.196%))
  Logic Levels:           20  (LUT2=1 LUT3=1 LUT4=3 LUT5=3 LUT6=12)
  Clock Path Skew:        -0.148ns (DCD - SCD + CPR)
    Destination Clock Delay (DCD):    -1.670ns = ( 18.330 - 20.000 ) 
    Source Clock Delay      (SCD):    -1.055ns
    Clock Pessimism Removal (CPR):    0.467ns
  Clock Uncertainty:      0.079ns  ((TSJ^2 + DJ^2)^1/2) / 2 + PE
    Total System Jitter     (TSJ):    0.071ns
    Discrete Jitter          (DJ):    0.142ns
    Phase Error              (PE):    0.000ns

    Location             Delay type                Incr(ns)  Path(ns)    Netlist Resource(s)
  -------------------------------------------------------------------    -------------------
                         (clock clk_out1_xlnx_clk_gen rise edge)
                                                      0.000     0.000 r  
    K17                                               0.000     0.000 r  clk_sys (IN)
                         net (fo=0)                   0.000     0.000    i_xlnx_clk_gen/inst/clk_in1
    K17                  IBUF (Prop_ibuf_I_O)         1.475     1.475 r  i_xlnx_clk_gen/inst/clkin1_ibufg/O
                         net (fo=1, routed)           1.285     2.760    i_xlnx_clk_gen/inst/clk_in1_xlnx_clk_gen
    MMCME2_ADV_X1Y2      MMCME2_ADV (Prop_mmcme2_adv_CLKIN1_CLKOUT0)
                                                     -7.759    -4.999 r  i_xlnx_clk_gen/inst/mmcm_adv_inst/CLKOUT0
                         net (fo=1, routed)           2.206    -2.793    i_xlnx_clk_gen/inst/clk_out1_xlnx_clk_gen
    BUFGCTRL_X0Y16       BUFG (Prop_bufg_I_O)         0.101    -2.692 r  i_xlnx_clk_gen/inst/clkout1_buf/O
                         net (fo=16161, routed)       1.637    -1.055    i_ariane/i_cva6/issue_stage_i/i_scoreboard/clk_out1
    SLICE_X50Y90         FDCE                                         r  i_ariane/i_cva6/issue_stage_i/i_scoreboard/commit_pointer_q_reg[0][1]/C
  -------------------------------------------------------------------    -------------------
    SLICE_X50Y90         FDCE (Prop_fdce_C_Q)         0.478    -0.577 f  i_ariane/i_cva6/issue_stage_i/i_scoreboard/commit_pointer_q_reg[0][1]/Q
                         net (fo=11, routed)          0.881     0.304    i_ariane/i_cva6/issue_stage_i/i_scoreboard/commit_pointer_q_reg[0][1]_0[1]
    SLICE_X51Y91         LUT2 (Prop_lut2_I0_O)        0.301     0.605 r  i_ariane/i_cva6/issue_stage_i/i_scoreboard/speculative_read_pointer_q[1]_i_11/O
                         net (fo=178, routed)         1.075     1.679    i_ariane/i_cva6/issue_stage_i/i_scoreboard/speculative_read_pointer_q[1]_i_11_n_0
    SLICE_X52Y92         LUT4 (Prop_lut4_I2_O)        0.152     1.831 f  i_ariane/i_cva6/issue_stage_i/i_scoreboard/speculative_read_pointer_q[1]_i_10/O
                         net (fo=2, routed)           0.638     2.469    i_ariane/i_cva6/issue_stage_i/i_scoreboard/speculative_read_pointer_q[1]_i_10_n_0
    SLICE_X53Y92         LUT4 (Prop_lut4_I3_O)        0.326     2.795 r  i_ariane/i_cva6/issue_stage_i/i_scoreboard/speculative_read_pointer_q[1]_i_3/O
                         net (fo=10, routed)          1.078     3.873    i_ariane/i_cva6/issue_stage_i/i_scoreboard/mem_q_reg[1][sbe][fu][0]_0
    SLICE_X54Y90         LUT4 (Prop_lut4_I2_O)        0.150     4.023 f  i_ariane/i_cva6/issue_stage_i/i_scoreboard/dcsr_q[step]_i_21/O
                         net (fo=1, routed)           1.079     5.102    i_ariane/i_cva6/issue_stage_i/i_scoreboard/csr_op_commit_csr[3]
    SLICE_X54Y90         LUT6 (Prop_lut6_I3_O)        0.328     5.430 r  i_ariane/i_cva6/issue_stage_i/i_scoreboard/dcsr_q[step]_i_14/O
                         net (fo=4, routed)           0.770     6.200    i_ariane/i_cva6/ex_stage_i/csr_buffer_i/privilege_violation1
    SLICE_X60Y90         LUT6 (Prop_lut6_I3_O)        0.124     6.324 f  i_ariane/i_cva6/ex_stage_i/csr_buffer_i/scause_q[8]_i_14/O
                         net (fo=2, routed)           0.591     6.916    i_ariane/i_cva6/ex_stage_i/csr_buffer_i/scause_q[8]_i_14_n_0
    SLICE_X56Y90         LUT6 (Prop_lut6_I0_O)        0.124     7.040 f  i_ariane/i_cva6/ex_stage_i/csr_buffer_i/scause_q[8]_i_9/O
                         net (fo=1, routed)           0.612     7.652    i_ariane/i_cva6/issue_stage_i/i_scoreboard/scause_q[8]_i_3_1
    SLICE_X54Y89         LUT6 (Prop_lut6_I2_O)        0.124     7.776 f  i_ariane/i_cva6/issue_stage_i/i_scoreboard/scause_q[8]_i_6/O
                         net (fo=1, routed)           0.535     8.311    i_ariane/i_cva6/issue_stage_i/i_scoreboard/scause_q[8]_i_6_n_0
    SLICE_X51Y90         LUT5 (Prop_lut5_I4_O)        0.124     8.435 f  i_ariane/i_cva6/issue_stage_i/i_scoreboard/scause_q[8]_i_3/O
                         net (fo=8, routed)           0.580     9.016    i_ariane/i_cva6/issue_stage_i/i_scoreboard/debug_mode_q_reg_1
    SLICE_X53Y91         LUT6 (Prop_lut6_I5_O)        0.124     9.140 r  i_ariane/i_cva6/issue_stage_i/i_scoreboard/FSM_sequential_state_q[3]_i_8/O
                         net (fo=3, routed)           0.417     9.556    i_ariane/i_cva6/issue_stage_i/i_scoreboard/FSM_sequential_state_q[3]_i_8_n_0
    SLICE_X53Y90         LUT6 (Prop_lut6_I1_O)        0.124     9.680 r  i_ariane/i_cva6/issue_stage_i/i_scoreboard/mem_q[0][sbe][result][31]_i_12/O
                         net (fo=54, routed)          0.961    10.642    i_ariane/i_cva6/ex_stage_i/i_mult/i_multiplier/operand_e_q[31]_i_24_0
    SLICE_X50Y93         LUT5 (Prop_lut5_I1_O)        0.150    10.792 r  i_ariane/i_cva6/ex_stage_i/i_mult/i_multiplier/mem_q[0][sbe][result][31]_i_25/O
                         net (fo=6, routed)           0.489    11.281    i_ariane/i_cva6/issue_stage_i/i_scoreboard/flu_trans_id_ex_id[0]
    SLICE_X51Y96         LUT6 (Prop_lut6_I3_O)        0.348    11.629 r  i_ariane/i_cva6/issue_stage_i/i_scoreboard/operand_e_q[31]_i_25/O
                         net (fo=14, routed)          1.000    12.629    i_ariane/i_cva6/issue_stage_i/i_scoreboard/mem_q_reg[3][sbe][rd][4]_0
    SLICE_X53Y100        LUT3 (Prop_lut3_I0_O)        0.124    12.753 f  i_ariane/i_cva6/issue_stage_i/i_scoreboard/operand_d_q[31]_i_21/O
                         net (fo=1, routed)           0.591    13.344    i_ariane/i_cva6/issue_stage_i/i_scoreboard/operand_d_q[31]_i_21_n_0
    SLICE_X53Y100        LUT6 (Prop_lut6_I2_O)        0.124    13.468 r  i_ariane/i_cva6/issue_stage_i/i_scoreboard/operand_d_q[31]_i_7/O
                         net (fo=34, routed)          0.626    14.095    i_ariane/i_cva6/issue_stage_i/i_scoreboard/operand_d_q[31]_i_7_n_0
    SLICE_X52Y99         LUT6 (Prop_lut6_I2_O)        0.124    14.219 f  i_ariane/i_cva6/issue_stage_i/i_scoreboard/mem_q[0][sbe][pc][31]_i_10/O
                         net (fo=1, routed)           0.582    14.800    i_ariane/i_cva6/id_stage_i/mem_q[0][sbe][pc][31]_i_3_2
    SLICE_X49Y97         LUT6 (Prop_lut6_I4_O)        0.124    14.924 f  i_ariane/i_cva6/id_stage_i/mem_q[0][sbe][pc][31]_i_4/O
                         net (fo=1, routed)           0.571    15.496    i_ariane/i_cva6/id_stage_i/mem_q[0][sbe][pc][31]_i_4_n_0
    SLICE_X49Y96         LUT6 (Prop_lut6_I0_O)        0.124    15.620 r  i_ariane/i_cva6/id_stage_i/mem_q[0][sbe][pc][31]_i_3/O
                         net (fo=26, routed)          0.783    16.403    i_ariane/i_cva6/issue_stage_i/i_scoreboard/issue_ack_iro_sb
    SLICE_X49Y88         LUT6 (Prop_lut6_I1_O)        0.124    16.527 r  i_ariane/i_cva6/issue_stage_i/i_scoreboard/mem_q[2][sbe][pc][31]_i_1/O
                         net (fo=52, routed)          0.640    17.167    i_ariane/i_cva6/ex_stage_i/lsu_i/i_pipe_reg_load/mem_q_reg[2][sbe][ex][tval][0]_0
    SLICE_X49Y87         LUT5 (Prop_lut5_I4_O)        0.119    17.286 r  i_ariane/i_cva6/ex_stage_i/lsu_i/i_pipe_reg_load/mem_q[2][sbe][ex][cause][31]_i_1/O
                         net (fo=38, routed)          1.049    18.334    i_ariane/i_cva6/issue_stage_i/i_scoreboard/mem_q_reg[2][sbe][ex][tval][0]_0[0]
    SLICE_X34Y85         FDCE                                         r  i_ariane/i_cva6/issue_stage_i/i_scoreboard/mem_q_reg[2][sbe][ex][tval][29]/CE
  -------------------------------------------------------------------    -------------------

                         (clock clk_out1_xlnx_clk_gen rise edge)
                                                     20.000    20.000 r  
    K17                                               0.000    20.000 r  clk_sys (IN)
                         net (fo=0)                   0.000    20.000    i_xlnx_clk_gen/inst/clk_in1
    K17                  IBUF (Prop_ibuf_I_O)         1.404    21.404 r  i_xlnx_clk_gen/inst/clkin1_ibufg/O
                         net (fo=1, routed)           1.162    22.566    i_xlnx_clk_gen/inst/clk_in1_xlnx_clk_gen
    MMCME2_ADV_X1Y2      MMCME2_ADV (Prop_mmcme2_adv_CLKIN1_CLKOUT0)
                                                     -7.814    14.752 r  i_xlnx_clk_gen/inst/mmcm_adv_inst/CLKOUT0
                         net (fo=1, routed)           2.012    16.764    i_xlnx_clk_gen/inst/clk_out1_xlnx_clk_gen
    BUFGCTRL_X0Y16       BUFG (Prop_bufg_I_O)         0.091    16.855 r  i_xlnx_clk_gen/inst/clkout1_buf/O
                         net (fo=16161, routed)       1.475    18.330    i_ariane/i_cva6/issue_stage_i/i_scoreboard/clk_out1
    SLICE_X34Y85         FDCE                                         r  i_ariane/i_cva6/issue_stage_i/i_scoreboard/mem_q_reg[2][sbe][ex][tval][29]/C
                         clock pessimism              0.467    18.797    
                         clock uncertainty           -0.079    18.717    
    SLICE_X34Y85         FDCE (Setup_fdce_C_CE)      -0.377    18.340    i_ariane/i_cva6/issue_stage_i/i_scoreboard/mem_q_reg[2][sbe][ex][tval][29]
  -------------------------------------------------------------------
                         required time                         18.340    
                         arrival time                         -18.334    
  -------------------------------------------------------------------
                         slack                                  0.006    

Slack (MET) :             0.035ns  (required time - arrival time)
  Source:                 i_ariane/i_cva6/issue_stage_i/i_scoreboard/commit_pointer_q_reg[0][1]/C
                            (rising edge-triggered cell FDCE clocked by clk_out1_xlnx_clk_gen  {rise@0.000ns fall@10.000ns period=20.000ns})
  Destination:            i_ariane/i_cva6/issue_stage_i/i_scoreboard/mem_q_reg[1][sbe][ex][tval][27]/CE
                            (rising edge-triggered cell FDCE clocked by clk_out1_xlnx_clk_gen  {rise@0.000ns fall@10.000ns period=20.000ns})
  Path Group:             clk_out1_xlnx_clk_gen
  Path Type:              Setup (Max at Slow Process Corner)
  Requirement:            20.000ns  (clk_out1_xlnx_clk_gen rise@20.000ns - clk_out1_xlnx_clk_gen rise@0.000ns)
  Data Path Delay:        19.534ns  (logic 3.845ns (19.684%)  route 15.689ns (80.316%))
  Logic Levels:           20  (LUT2=1 LUT3=1 LUT4=3 LUT5=3 LUT6=12)
  Clock Path Skew:        -0.147ns (DCD - SCD + CPR)
    Destination Clock Delay (DCD):    -1.669ns = ( 18.331 - 20.000 ) 
    Source Clock Delay      (SCD):    -1.055ns
    Clock Pessimism Removal (CPR):    0.467ns
  Clock Uncertainty:      0.079ns  ((TSJ^2 + DJ^2)^1/2) / 2 + PE
    Total System Jitter     (TSJ):    0.071ns
    Discrete Jitter          (DJ):    0.142ns
    Phase Error              (PE):    0.000ns

    Location             Delay type                Incr(ns)  Path(ns)    Netlist Resource(s)
  -------------------------------------------------------------------    -------------------
                         (clock clk_out1_xlnx_clk_gen rise edge)
                                                      0.000     0.000 r  
    K17                                               0.000     0.000 r  clk_sys (IN)
                         net (fo=0)                   0.000     0.000    i_xlnx_clk_gen/inst/clk_in1
    K17                  IBUF (Prop_ibuf_I_O)         1.475     1.475 r  i_xlnx_clk_gen/inst/clkin1_ibufg/O
                         net (fo=1, routed)           1.285     2.760    i_xlnx_clk_gen/inst/clk_in1_xlnx_clk_gen
    MMCME2_ADV_X1Y2      MMCME2_ADV (Prop_mmcme2_adv_CLKIN1_CLKOUT0)
                                                     -7.759    -4.999 r  i_xlnx_clk_gen/inst/mmcm_adv_inst/CLKOUT0
                         net (fo=1, routed)           2.206    -2.793    i_xlnx_clk_gen/inst/clk_out1_xlnx_clk_gen
    BUFGCTRL_X0Y16       BUFG (Prop_bufg_I_O)         0.101    -2.692 r  i_xlnx_clk_gen/inst/clkout1_buf/O
                         net (fo=16161, routed)       1.637    -1.055    i_ariane/i_cva6/issue_stage_i/i_scoreboard/clk_out1
    SLICE_X50Y90         FDCE                                         r  i_ariane/i_cva6/issue_stage_i/i_scoreboard/commit_pointer_q_reg[0][1]/C
  -------------------------------------------------------------------    -------------------
    SLICE_X50Y90         FDCE (Prop_fdce_C_Q)         0.478    -0.577 f  i_ariane/i_cva6/issue_stage_i/i_scoreboard/commit_pointer_q_reg[0][1]/Q
                         net (fo=11, routed)          0.881     0.304    i_ariane/i_cva6/issue_stage_i/i_scoreboard/commit_pointer_q_reg[0][1]_0[1]
    SLICE_X51Y91         LUT2 (Prop_lut2_I0_O)        0.301     0.605 r  i_ariane/i_cva6/issue_stage_i/i_scoreboard/speculative_read_pointer_q[1]_i_11/O
                         net (fo=178, routed)         1.075     1.679    i_ariane/i_cva6/issue_stage_i/i_scoreboard/speculative_read_pointer_q[1]_i_11_n_0
    SLICE_X52Y92         LUT4 (Prop_lut4_I2_O)        0.152     1.831 f  i_ariane/i_cva6/issue_stage_i/i_scoreboard/speculative_read_pointer_q[1]_i_10/O
                         net (fo=2, routed)           0.638     2.469    i_ariane/i_cva6/issue_stage_i/i_scoreboard/speculative_read_pointer_q[1]_i_10_n_0
    SLICE_X53Y92         LUT4 (Prop_lut4_I3_O)        0.326     2.795 r  i_ariane/i_cva6/issue_stage_i/i_scoreboard/speculative_read_pointer_q[1]_i_3/O
                         net (fo=10, routed)          1.078     3.873    i_ariane/i_cva6/issue_stage_i/i_scoreboard/mem_q_reg[1][sbe][fu][0]_0
    SLICE_X54Y90         LUT4 (Prop_lut4_I2_O)        0.150     4.023 f  i_ariane/i_cva6/issue_stage_i/i_scoreboard/dcsr_q[step]_i_21/O
                         net (fo=1, routed)           1.079     5.102    i_ariane/i_cva6/issue_stage_i/i_scoreboard/csr_op_commit_csr[3]
    SLICE_X54Y90         LUT6 (Prop_lut6_I3_O)        0.328     5.430 r  i_ariane/i_cva6/issue_stage_i/i_scoreboard/dcsr_q[step]_i_14/O
                         net (fo=4, routed)           0.770     6.200    i_ariane/i_cva6/ex_stage_i/csr_buffer_i/privilege_violation1
    SLICE_X60Y90         LUT6 (Prop_lut6_I3_O)        0.124     6.324 f  i_ariane/i_cva6/ex_stage_i/csr_buffer_i/scause_q[8]_i_14/O
                         net (fo=2, routed)           0.591     6.916    i_ariane/i_cva6/ex_stage_i/csr_buffer_i/scause_q[8]_i_14_n_0
    SLICE_X56Y90         LUT6 (Prop_lut6_I0_O)        0.124     7.040 f  i_ariane/i_cva6/ex_stage_i/csr_buffer_i/scause_q[8]_i_9/O
                         net (fo=1, routed)           0.612     7.652    i_ariane/i_cva6/issue_stage_i/i_scoreboard/scause_q[8]_i_3_1
    SLICE_X54Y89         LUT6 (Prop_lut6_I2_O)        0.124     7.776 f  i_ariane/i_cva6/issue_stage_i/i_scoreboard/scause_q[8]_i_6/O
                         net (fo=1, routed)           0.535     8.311    i_ariane/i_cva6/issue_stage_i/i_scoreboard/scause_q[8]_i_6_n_0
    SLICE_X51Y90         LUT5 (Prop_lut5_I4_O)        0.124     8.435 f  i_ariane/i_cva6/issue_stage_i/i_scoreboard/scause_q[8]_i_3/O
                         net (fo=8, routed)           0.580     9.016    i_ariane/i_cva6/issue_stage_i/i_scoreboard/debug_mode_q_reg_1
    SLICE_X53Y91         LUT6 (Prop_lut6_I5_O)        0.124     9.140 r  i_ariane/i_cva6/issue_stage_i/i_scoreboard/FSM_sequential_state_q[3]_i_8/O
                         net (fo=3, routed)           0.417     9.556    i_ariane/i_cva6/issue_stage_i/i_scoreboard/FSM_sequential_state_q[3]_i_8_n_0
    SLICE_X53Y90         LUT6 (Prop_lut6_I1_O)        0.124     9.680 r  i_ariane/i_cva6/issue_stage_i/i_scoreboard/mem_q[0][sbe][result][31]_i_12/O
                         net (fo=54, routed)          0.961    10.642    i_ariane/i_cva6/ex_stage_i/i_mult/i_multiplier/operand_e_q[31]_i_24_0
    SLICE_X50Y93         LUT5 (Prop_lut5_I1_O)        0.150    10.792 r  i_ariane/i_cva6/ex_stage_i/i_mult/i_multiplier/mem_q[0][sbe][result][31]_i_25/O
                         net (fo=6, routed)           0.489    11.281    i_ariane/i_cva6/issue_stage_i/i_scoreboard/flu_trans_id_ex_id[0]
    SLICE_X51Y96         LUT6 (Prop_lut6_I3_O)        0.348    11.629 r  i_ariane/i_cva6/issue_stage_i/i_scoreboard/operand_e_q[31]_i_25/O
                         net (fo=14, routed)          1.000    12.629    i_ariane/i_cva6/issue_stage_i/i_scoreboard/mem_q_reg[3][sbe][rd][4]_0
    SLICE_X53Y100        LUT3 (Prop_lut3_I0_O)        0.124    12.753 f  i_ariane/i_cva6/issue_stage_i/i_scoreboard/operand_d_q[31]_i_21/O
                         net (fo=1, routed)           0.591    13.344    i_ariane/i_cva6/issue_stage_i/i_scoreboard/operand_d_q[31]_i_21_n_0
    SLICE_X53Y100        LUT6 (Prop_lut6_I2_O)        0.124    13.468 r  i_ariane/i_cva6/issue_stage_i/i_scoreboard/operand_d_q[31]_i_7/O
                         net (fo=34, routed)          0.626    14.095    i_ariane/i_cva6/issue_stage_i/i_scoreboard/operand_d_q[31]_i_7_n_0
    SLICE_X52Y99         LUT6 (Prop_lut6_I2_O)        0.124    14.219 f  i_ariane/i_cva6/issue_stage_i/i_scoreboard/mem_q[0][sbe][pc][31]_i_10/O
                         net (fo=1, routed)           0.582    14.800    i_ariane/i_cva6/id_stage_i/mem_q[0][sbe][pc][31]_i_3_2
    SLICE_X49Y97         LUT6 (Prop_lut6_I4_O)        0.124    14.924 f  i_ariane/i_cva6/id_stage_i/mem_q[0][sbe][pc][31]_i_4/O
                         net (fo=1, routed)           0.571    15.496    i_ariane/i_cva6/id_stage_i/mem_q[0][sbe][pc][31]_i_4_n_0
    SLICE_X49Y96         LUT6 (Prop_lut6_I0_O)        0.124    15.620 r  i_ariane/i_cva6/id_stage_i/mem_q[0][sbe][pc][31]_i_3/O
                         net (fo=26, routed)          0.841    16.460    i_ariane/i_cva6/issue_stage_i/i_scoreboard/issue_ack_iro_sb
    SLICE_X50Y93         LUT6 (Prop_lut6_I1_O)        0.124    16.584 r  i_ariane/i_cva6/issue_stage_i/i_scoreboard/mem_q[1][sbe][pc][31]_i_1/O
                         net (fo=52, routed)          0.760    17.345    i_ariane/i_cva6/ex_stage_i/lsu_i/i_pipe_reg_load/mem_q_reg[1][sbe][ex][tval][0]_0
    SLICE_X49Y86         LUT5 (Prop_lut5_I4_O)        0.124    17.469 r  i_ariane/i_cva6/ex_stage_i/lsu_i/i_pipe_reg_load/mem_q[1][sbe][ex][cause][31]_i_1/O
                         net (fo=38, routed)          1.010    18.478    i_ariane/i_cva6/issue_stage_i/i_scoreboard/mem_q_reg[1][sbe][ex][tval][0]_0[0]
    SLICE_X33Y88         FDCE                                         r  i_ariane/i_cva6/issue_stage_i/i_scoreboard/mem_q_reg[1][sbe][ex][tval][27]/CE
  -------------------------------------------------------------------    -------------------

                         (clock clk_out1_xlnx_clk_gen rise edge)
                                                     20.000    20.000 r  
    K17                                               0.000    20.000 r  clk_sys (IN)
                         net (fo=0)                   0.000    20.000    i_xlnx_clk_gen/inst/clk_in1
    K17                  IBUF (Prop_ibuf_I_O)         1.404    21.404 r  i_xlnx_clk_gen/inst/clkin1_ibufg/O
                         net (fo=1, routed)           1.162    22.566    i_xlnx_clk_gen/inst/clk_in1_xlnx_clk_gen
    MMCME2_ADV_X1Y2      MMCME2_ADV (Prop_mmcme2_adv_CLKIN1_CLKOUT0)
                                                     -7.814    14.752 r  i_xlnx_clk_gen/inst/mmcm_adv_inst/CLKOUT0
                         net (fo=1, routed)           2.012    16.764    i_xlnx_clk_gen/inst/clk_out1_xlnx_clk_gen
    BUFGCTRL_X0Y16       BUFG (Prop_bufg_I_O)         0.091    16.855 r  i_xlnx_clk_gen/inst/clkout1_buf/O
                         net (fo=16161, routed)       1.476    18.331    i_ariane/i_cva6/issue_stage_i/i_scoreboard/clk_out1
    SLICE_X33Y88         FDCE                                         r  i_ariane/i_cva6/issue_stage_i/i_scoreboard/mem_q_reg[1][sbe][ex][tval][27]/C
                         clock pessimism              0.467    18.798    
                         clock uncertainty           -0.079    18.718    
    SLICE_X33Y88         FDCE (Setup_fdce_C_CE)      -0.205    18.513    i_ariane/i_cva6/issue_stage_i/i_scoreboard/mem_q_reg[1][sbe][ex][tval][27]
  -------------------------------------------------------------------
                         required time                         18.513    
                         arrival time                         -18.478    
  -------------------------------------------------------------------
                         slack                                  0.035    

Slack (MET) :             0.039ns  (required time - arrival time)
  Source:                 i_ariane/i_cva6/issue_stage_i/i_scoreboard/commit_pointer_q_reg[0][1]/C
                            (rising edge-triggered cell FDCE clocked by clk_out1_xlnx_clk_gen  {rise@0.000ns fall@10.000ns period=20.000ns})
  Destination:            i_ariane/i_cva6/issue_stage_i/i_scoreboard/mem_q_reg[2][sbe][ex][tval][13]/CE
                            (rising edge-triggered cell FDCE clocked by clk_out1_xlnx_clk_gen  {rise@0.000ns fall@10.000ns period=20.000ns})
  Path Group:             clk_out1_xlnx_clk_gen
  Path Type:              Setup (Max at Slow Process Corner)
  Requirement:            20.000ns  (clk_out1_xlnx_clk_gen rise@20.000ns - clk_out1_xlnx_clk_gen rise@0.000ns)
  Data Path Delay:        19.353ns  (logic 3.840ns (19.842%)  route 15.513ns (80.158%))
  Logic Levels:           20  (LUT2=1 LUT3=1 LUT4=3 LUT5=3 LUT6=12)
  Clock Path Skew:        -0.151ns (DCD - SCD + CPR)
    Destination Clock Delay (DCD):    -1.673ns = ( 18.327 - 20.000 ) 
    Source Clock Delay      (SCD):    -1.055ns
    Clock Pessimism Removal (CPR):    0.467ns
  Clock Uncertainty:      0.079ns  ((TSJ^2 + DJ^2)^1/2) / 2 + PE
    Total System Jitter     (TSJ):    0.071ns
    Discrete Jitter          (DJ):    0.142ns
    Phase Error              (PE):    0.000ns

    Location             Delay type                Incr(ns)  Path(ns)    Netlist Resource(s)
  -------------------------------------------------------------------    -------------------
                         (clock clk_out1_xlnx_clk_gen rise edge)
                                                      0.000     0.000 r  
    K17                                               0.000     0.000 r  clk_sys (IN)
                         net (fo=0)                   0.000     0.000    i_xlnx_clk_gen/inst/clk_in1
    K17                  IBUF (Prop_ibuf_I_O)         1.475     1.475 r  i_xlnx_clk_gen/inst/clkin1_ibufg/O
                         net (fo=1, routed)           1.285     2.760    i_xlnx_clk_gen/inst/clk_in1_xlnx_clk_gen
    MMCME2_ADV_X1Y2      MMCME2_ADV (Prop_mmcme2_adv_CLKIN1_CLKOUT0)
                                                     -7.759    -4.999 r  i_xlnx_clk_gen/inst/mmcm_adv_inst/CLKOUT0
                         net (fo=1, routed)           2.206    -2.793    i_xlnx_clk_gen/inst/clk_out1_xlnx_clk_gen
    BUFGCTRL_X0Y16       BUFG (Prop_bufg_I_O)         0.101    -2.692 r  i_xlnx_clk_gen/inst/clkout1_buf/O
                         net (fo=16161, routed)       1.637    -1.055    i_ariane/i_cva6/issue_stage_i/i_scoreboard/clk_out1
    SLICE_X50Y90         FDCE                                         r  i_ariane/i_cva6/issue_stage_i/i_scoreboard/commit_pointer_q_reg[0][1]/C
  -------------------------------------------------------------------    -------------------
    SLICE_X50Y90         FDCE (Prop_fdce_C_Q)         0.478    -0.577 f  i_ariane/i_cva6/issue_stage_i/i_scoreboard/commit_pointer_q_reg[0][1]/Q
                         net (fo=11, routed)          0.881     0.304    i_ariane/i_cva6/issue_stage_i/i_scoreboard/commit_pointer_q_reg[0][1]_0[1]
    SLICE_X51Y91         LUT2 (Prop_lut2_I0_O)        0.301     0.605 r  i_ariane/i_cva6/issue_stage_i/i_scoreboard/speculative_read_pointer_q[1]_i_11/O
                         net (fo=178, routed)         1.075     1.679    i_ariane/i_cva6/issue_stage_i/i_scoreboard/speculative_read_pointer_q[1]_i_11_n_0
    SLICE_X52Y92         LUT4 (Prop_lut4_I2_O)        0.152     1.831 f  i_ariane/i_cva6/issue_stage_i/i_scoreboard/speculative_read_pointer_q[1]_i_10/O
                         net (fo=2, routed)           0.638     2.469    i_ariane/i_cva6/issue_stage_i/i_scoreboard/speculative_read_pointer_q[1]_i_10_n_0
    SLICE_X53Y92         LUT4 (Prop_lut4_I3_O)        0.326     2.795 r  i_ariane/i_cva6/issue_stage_i/i_scoreboard/speculative_read_pointer_q[1]_i_3/O
                         net (fo=10, routed)          1.078     3.873    i_ariane/i_cva6/issue_stage_i/i_scoreboard/mem_q_reg[1][sbe][fu][0]_0
    SLICE_X54Y90         LUT4 (Prop_lut4_I2_O)        0.150     4.023 f  i_ariane/i_cva6/issue_stage_i/i_scoreboard/dcsr_q[step]_i_21/O
                         net (fo=1, routed)           1.079     5.102    i_ariane/i_cva6/issue_stage_i/i_scoreboard/csr_op_commit_csr[3]
    SLICE_X54Y90         LUT6 (Prop_lut6_I3_O)        0.328     5.430 r  i_ariane/i_cva6/issue_stage_i/i_scoreboard/dcsr_q[step]_i_14/O
                         net (fo=4, routed)           0.770     6.200    i_ariane/i_cva6/ex_stage_i/csr_buffer_i/privilege_violation1
    SLICE_X60Y90         LUT6 (Prop_lut6_I3_O)        0.124     6.324 f  i_ariane/i_cva6/ex_stage_i/csr_buffer_i/scause_q[8]_i_14/O
                         net (fo=2, routed)           0.591     6.916    i_ariane/i_cva6/ex_stage_i/csr_buffer_i/scause_q[8]_i_14_n_0
    SLICE_X56Y90         LUT6 (Prop_lut6_I0_O)        0.124     7.040 f  i_ariane/i_cva6/ex_stage_i/csr_buffer_i/scause_q[8]_i_9/O
                         net (fo=1, routed)           0.612     7.652    i_ariane/i_cva6/issue_stage_i/i_scoreboard/scause_q[8]_i_3_1
    SLICE_X54Y89         LUT6 (Prop_lut6_I2_O)        0.124     7.776 f  i_ariane/i_cva6/issue_stage_i/i_scoreboard/scause_q[8]_i_6/O
                         net (fo=1, routed)           0.535     8.311    i_ariane/i_cva6/issue_stage_i/i_scoreboard/scause_q[8]_i_6_n_0
    SLICE_X51Y90         LUT5 (Prop_lut5_I4_O)        0.124     8.435 f  i_ariane/i_cva6/issue_stage_i/i_scoreboard/scause_q[8]_i_3/O
                         net (fo=8, routed)           0.580     9.016    i_ariane/i_cva6/issue_stage_i/i_scoreboard/debug_mode_q_reg_1
    SLICE_X53Y91         LUT6 (Prop_lut6_I5_O)        0.124     9.140 r  i_ariane/i_cva6/issue_stage_i/i_scoreboard/FSM_sequential_state_q[3]_i_8/O
                         net (fo=3, routed)           0.417     9.556    i_ariane/i_cva6/issue_stage_i/i_scoreboard/FSM_sequential_state_q[3]_i_8_n_0
    SLICE_X53Y90         LUT6 (Prop_lut6_I1_O)        0.124     9.680 r  i_ariane/i_cva6/issue_stage_i/i_scoreboard/mem_q[0][sbe][result][31]_i_12/O
                         net (fo=54, routed)          0.961    10.642    i_ariane/i_cva6/ex_stage_i/i_mult/i_multiplier/operand_e_q[31]_i_24_0
    SLICE_X50Y93         LUT5 (Prop_lut5_I1_O)        0.150    10.792 r  i_ariane/i_cva6/ex_stage_i/i_mult/i_multiplier/mem_q[0][sbe][result][31]_i_25/O
                         net (fo=6, routed)           0.489    11.281    i_ariane/i_cva6/issue_stage_i/i_scoreboard/flu_trans_id_ex_id[0]
    SLICE_X51Y96         LUT6 (Prop_lut6_I3_O)        0.348    11.629 r  i_ariane/i_cva6/issue_stage_i/i_scoreboard/operand_e_q[31]_i_25/O
                         net (fo=14, routed)          1.000    12.629    i_ariane/i_cva6/issue_stage_i/i_scoreboard/mem_q_reg[3][sbe][rd][4]_0
    SLICE_X53Y100        LUT3 (Prop_lut3_I0_O)        0.124    12.753 f  i_ariane/i_cva6/issue_stage_i/i_scoreboard/operand_d_q[31]_i_21/O
                         net (fo=1, routed)           0.591    13.344    i_ariane/i_cva6/issue_stage_i/i_scoreboard/operand_d_q[31]_i_21_n_0
    SLICE_X53Y100        LUT6 (Prop_lut6_I2_O)        0.124    13.468 r  i_ariane/i_cva6/issue_stage_i/i_scoreboard/operand_d_q[31]_i_7/O
                         net (fo=34, routed)          0.626    14.095    i_ariane/i_cva6/issue_stage_i/i_scoreboard/operand_d_q[31]_i_7_n_0
    SLICE_X52Y99         LUT6 (Prop_lut6_I2_O)        0.124    14.219 f  i_ariane/i_cva6/issue_stage_i/i_scoreboard/mem_q[0][sbe][pc][31]_i_10/O
                         net (fo=1, routed)           0.582    14.800    i_ariane/i_cva6/id_stage_i/mem_q[0][sbe][pc][31]_i_3_2
    SLICE_X49Y97         LUT6 (Prop_lut6_I4_O)        0.124    14.924 f  i_ariane/i_cva6/id_stage_i/mem_q[0][sbe][pc][31]_i_4/O
                         net (fo=1, routed)           0.571    15.496    i_ariane/i_cva6/id_stage_i/mem_q[0][sbe][pc][31]_i_4_n_0
    SLICE_X49Y96         LUT6 (Prop_lut6_I0_O)        0.124    15.620 r  i_ariane/i_cva6/id_stage_i/mem_q[0][sbe][pc][31]_i_3/O
                         net (fo=26, routed)          0.783    16.403    i_ariane/i_cva6/issue_stage_i/i_scoreboard/issue_ack_iro_sb
    SLICE_X49Y88         LUT6 (Prop_lut6_I1_O)        0.124    16.527 r  i_ariane/i_cva6/issue_stage_i/i_scoreboard/mem_q[2][sbe][pc][31]_i_1/O
                         net (fo=52, routed)          0.640    17.167    i_ariane/i_cva6/ex_stage_i/lsu_i/i_pipe_reg_load/mem_q_reg[2][sbe][ex][tval][0]_0
    SLICE_X49Y87         LUT5 (Prop_lut5_I4_O)        0.119    17.286 r  i_ariane/i_cva6/ex_stage_i/lsu_i/i_pipe_reg_load/mem_q[2][sbe][ex][cause][31]_i_1/O
                         net (fo=38, routed)          1.012    18.298    i_ariane/i_cva6/issue_stage_i/i_scoreboard/mem_q_reg[2][sbe][ex][tval][0]_0[0]
    SLICE_X34Y82         FDCE                                         r  i_ariane/i_cva6/issue_stage_i/i_scoreboard/mem_q_reg[2][sbe][ex][tval][13]/CE
  -------------------------------------------------------------------    -------------------

                         (clock clk_out1_xlnx_clk_gen rise edge)
                                                     20.000    20.000 r  
    K17                                               0.000    20.000 r  clk_sys (IN)
                         net (fo=0)                   0.000    20.000    i_xlnx_clk_gen/inst/clk_in1
    K17                  IBUF (Prop_ibuf_I_O)         1.404    21.404 r  i_xlnx_clk_gen/inst/clkin1_ibufg/O
                         net (fo=1, routed)           1.162    22.566    i_xlnx_clk_gen/inst/clk_in1_xlnx_clk_gen
    MMCME2_ADV_X1Y2      MMCME2_ADV (Prop_mmcme2_adv_CLKIN1_CLKOUT0)
                                                     -7.814    14.752 r  i_xlnx_clk_gen/inst/mmcm_adv_inst/CLKOUT0
                         net (fo=1, routed)           2.012    16.764    i_xlnx_clk_gen/inst/clk_out1_xlnx_clk_gen
    BUFGCTRL_X0Y16       BUFG (Prop_bufg_I_O)         0.091    16.855 r  i_xlnx_clk_gen/inst/clkout1_buf/O
                         net (fo=16161, routed)       1.472    18.327    i_ariane/i_cva6/issue_stage_i/i_scoreboard/clk_out1
    SLICE_X34Y82         FDCE                                         r  i_ariane/i_cva6/issue_stage_i/i_scoreboard/mem_q_reg[2][sbe][ex][tval][13]/C
                         clock pessimism              0.467    18.794    
                         clock uncertainty           -0.079    18.714    
    SLICE_X34Y82         FDCE (Setup_fdce_C_CE)      -0.377    18.337    i_ariane/i_cva6/issue_stage_i/i_scoreboard/mem_q_reg[2][sbe][ex][tval][13]
  -------------------------------------------------------------------
                         required time                         18.337    
                         arrival time                         -18.298    
  -------------------------------------------------------------------
                         slack                                  0.039    

Slack (MET) :             0.039ns  (required time - arrival time)
  Source:                 i_ariane/i_cva6/issue_stage_i/i_scoreboard/commit_pointer_q_reg[0][1]/C
                            (rising edge-triggered cell FDCE clocked by clk_out1_xlnx_clk_gen  {rise@0.000ns fall@10.000ns period=20.000ns})
  Destination:            i_ariane/i_cva6/issue_stage_i/i_scoreboard/mem_q_reg[2][sbe][ex][tval][25]/CE
                            (rising edge-triggered cell FDCE clocked by clk_out1_xlnx_clk_gen  {rise@0.000ns fall@10.000ns period=20.000ns})
  Path Group:             clk_out1_xlnx_clk_gen
  Path Type:              Setup (Max at Slow Process Corner)
  Requirement:            20.000ns  (clk_out1_xlnx_clk_gen rise@20.000ns - clk_out1_xlnx_clk_gen rise@0.000ns)
  Data Path Delay:        19.353ns  (logic 3.840ns (19.842%)  route 15.513ns (80.158%))
  Logic Levels:           20  (LUT2=1 LUT3=1 LUT4=3 LUT5=3 LUT6=12)
  Clock Path Skew:        -0.151ns (DCD - SCD + CPR)
    Destination Clock Delay (DCD):    -1.673ns = ( 18.327 - 20.000 ) 
    Source Clock Delay      (SCD):    -1.055ns
    Clock Pessimism Removal (CPR):    0.467ns
  Clock Uncertainty:      0.079ns  ((TSJ^2 + DJ^2)^1/2) / 2 + PE
    Total System Jitter     (TSJ):    0.071ns
    Discrete Jitter          (DJ):    0.142ns
    Phase Error              (PE):    0.000ns

    Location             Delay type                Incr(ns)  Path(ns)    Netlist Resource(s)
  -------------------------------------------------------------------    -------------------
                         (clock clk_out1_xlnx_clk_gen rise edge)
                                                      0.000     0.000 r  
    K17                                               0.000     0.000 r  clk_sys (IN)
                         net (fo=0)                   0.000     0.000    i_xlnx_clk_gen/inst/clk_in1
    K17                  IBUF (Prop_ibuf_I_O)         1.475     1.475 r  i_xlnx_clk_gen/inst/clkin1_ibufg/O
                         net (fo=1, routed)           1.285     2.760    i_xlnx_clk_gen/inst/clk_in1_xlnx_clk_gen
    MMCME2_ADV_X1Y2      MMCME2_ADV (Prop_mmcme2_adv_CLKIN1_CLKOUT0)
                                                     -7.759    -4.999 r  i_xlnx_clk_gen/inst/mmcm_adv_inst/CLKOUT0
                         net (fo=1, routed)           2.206    -2.793    i_xlnx_clk_gen/inst/clk_out1_xlnx_clk_gen
    BUFGCTRL_X0Y16       BUFG (Prop_bufg_I_O)         0.101    -2.692 r  i_xlnx_clk_gen/inst/clkout1_buf/O
                         net (fo=16161, routed)       1.637    -1.055    i_ariane/i_cva6/issue_stage_i/i_scoreboard/clk_out1
    SLICE_X50Y90         FDCE                                         r  i_ariane/i_cva6/issue_stage_i/i_scoreboard/commit_pointer_q_reg[0][1]/C
  -------------------------------------------------------------------    -------------------
    SLICE_X50Y90         FDCE (Prop_fdce_C_Q)         0.478    -0.577 f  i_ariane/i_cva6/issue_stage_i/i_scoreboard/commit_pointer_q_reg[0][1]/Q
                         net (fo=11, routed)          0.881     0.304    i_ariane/i_cva6/issue_stage_i/i_scoreboard/commit_pointer_q_reg[0][1]_0[1]
    SLICE_X51Y91         LUT2 (Prop_lut2_I0_O)        0.301     0.605 r  i_ariane/i_cva6/issue_stage_i/i_scoreboard/speculative_read_pointer_q[1]_i_11/O
                         net (fo=178, routed)         1.075     1.679    i_ariane/i_cva6/issue_stage_i/i_scoreboard/speculative_read_pointer_q[1]_i_11_n_0
    SLICE_X52Y92         LUT4 (Prop_lut4_I2_O)        0.152     1.831 f  i_ariane/i_cva6/issue_stage_i/i_scoreboard/speculative_read_pointer_q[1]_i_10/O
                         net (fo=2, routed)           0.638     2.469    i_ariane/i_cva6/issue_stage_i/i_scoreboard/speculative_read_pointer_q[1]_i_10_n_0
    SLICE_X53Y92         LUT4 (Prop_lut4_I3_O)        0.326     2.795 r  i_ariane/i_cva6/issue_stage_i/i_scoreboard/speculative_read_pointer_q[1]_i_3/O
                         net (fo=10, routed)          1.078     3.873    i_ariane/i_cva6/issue_stage_i/i_scoreboard/mem_q_reg[1][sbe][fu][0]_0
    SLICE_X54Y90         LUT4 (Prop_lut4_I2_O)        0.150     4.023 f  i_ariane/i_cva6/issue_stage_i/i_scoreboard/dcsr_q[step]_i_21/O
                         net (fo=1, routed)           1.079     5.102    i_ariane/i_cva6/issue_stage_i/i_scoreboard/csr_op_commit_csr[3]
    SLICE_X54Y90         LUT6 (Prop_lut6_I3_O)        0.328     5.430 r  i_ariane/i_cva6/issue_stage_i/i_scoreboard/dcsr_q[step]_i_14/O
                         net (fo=4, routed)           0.770     6.200    i_ariane/i_cva6/ex_stage_i/csr_buffer_i/privilege_violation1
    SLICE_X60Y90         LUT6 (Prop_lut6_I3_O)        0.124     6.324 f  i_ariane/i_cva6/ex_stage_i/csr_buffer_i/scause_q[8]_i_14/O
                         net (fo=2, routed)           0.591     6.916    i_ariane/i_cva6/ex_stage_i/csr_buffer_i/scause_q[8]_i_14_n_0
    SLICE_X56Y90         LUT6 (Prop_lut6_I0_O)        0.124     7.040 f  i_ariane/i_cva6/ex_stage_i/csr_buffer_i/scause_q[8]_i_9/O
                         net (fo=1, routed)           0.612     7.652    i_ariane/i_cva6/issue_stage_i/i_scoreboard/scause_q[8]_i_3_1
    SLICE_X54Y89         LUT6 (Prop_lut6_I2_O)        0.124     7.776 f  i_ariane/i_cva6/issue_stage_i/i_scoreboard/scause_q[8]_i_6/O
                         net (fo=1, routed)           0.535     8.311    i_ariane/i_cva6/issue_stage_i/i_scoreboard/scause_q[8]_i_6_n_0
    SLICE_X51Y90         LUT5 (Prop_lut5_I4_O)        0.124     8.435 f  i_ariane/i_cva6/issue_stage_i/i_scoreboard/scause_q[8]_i_3/O
                         net (fo=8, routed)           0.580     9.016    i_ariane/i_cva6/issue_stage_i/i_scoreboard/debug_mode_q_reg_1
    SLICE_X53Y91         LUT6 (Prop_lut6_I5_O)        0.124     9.140 r  i_ariane/i_cva6/issue_stage_i/i_scoreboard/FSM_sequential_state_q[3]_i_8/O
                         net (fo=3, routed)           0.417     9.556    i_ariane/i_cva6/issue_stage_i/i_scoreboard/FSM_sequential_state_q[3]_i_8_n_0
    SLICE_X53Y90         LUT6 (Prop_lut6_I1_O)        0.124     9.680 r  i_ariane/i_cva6/issue_stage_i/i_scoreboard/mem_q[0][sbe][result][31]_i_12/O
                         net (fo=54, routed)          0.961    10.642    i_ariane/i_cva6/ex_stage_i/i_mult/i_multiplier/operand_e_q[31]_i_24_0
    SLICE_X50Y93         LUT5 (Prop_lut5_I1_O)        0.150    10.792 r  i_ariane/i_cva6/ex_stage_i/i_mult/i_multiplier/mem_q[0][sbe][result][31]_i_25/O
                         net (fo=6, routed)           0.489    11.281    i_ariane/i_cva6/issue_stage_i/i_scoreboard/flu_trans_id_ex_id[0]
    SLICE_X51Y96         LUT6 (Prop_lut6_I3_O)        0.348    11.629 r  i_ariane/i_cva6/issue_stage_i/i_scoreboard/operand_e_q[31]_i_25/O
                         net (fo=14, routed)          1.000    12.629    i_ariane/i_cva6/issue_stage_i/i_scoreboard/mem_q_reg[3][sbe][rd][4]_0
    SLICE_X53Y100        LUT3 (Prop_lut3_I0_O)        0.124    12.753 f  i_ariane/i_cva6/issue_stage_i/i_scoreboard/operand_d_q[31]_i_21/O
                         net (fo=1, routed)           0.591    13.344    i_ariane/i_cva6/issue_stage_i/i_scoreboard/operand_d_q[31]_i_21_n_0
    SLICE_X53Y100        LUT6 (Prop_lut6_I2_O)        0.124    13.468 r  i_ariane/i_cva6/issue_stage_i/i_scoreboard/operand_d_q[31]_i_7/O
                         net (fo=34, routed)          0.626    14.095    i_ariane/i_cva6/issue_stage_i/i_scoreboard/operand_d_q[31]_i_7_n_0
    SLICE_X52Y99         LUT6 (Prop_lut6_I2_O)        0.124    14.219 f  i_ariane/i_cva6/issue_stage_i/i_scoreboard/mem_q[0][sbe][pc][31]_i_10/O
                         net (fo=1, routed)           0.582    14.800    i_ariane/i_cva6/id_stage_i/mem_q[0][sbe][pc][31]_i_3_2
    SLICE_X49Y97         LUT6 (Prop_lut6_I4_O)        0.124    14.924 f  i_ariane/i_cva6/id_stage_i/mem_q[0][sbe][pc][31]_i_4/O
                         net (fo=1, routed)           0.571    15.496    i_ariane/i_cva6/id_stage_i/mem_q[0][sbe][pc][31]_i_4_n_0
    SLICE_X49Y96         LUT6 (Prop_lut6_I0_O)        0.124    15.620 r  i_ariane/i_cva6/id_stage_i/mem_q[0][sbe][pc][31]_i_3/O
                         net (fo=26, routed)          0.783    16.403    i_ariane/i_cva6/issue_stage_i/i_scoreboard/issue_ack_iro_sb
    SLICE_X49Y88         LUT6 (Prop_lut6_I1_O)        0.124    16.527 r  i_ariane/i_cva6/issue_stage_i/i_scoreboard/mem_q[2][sbe][pc][31]_i_1/O
                         net (fo=52, routed)          0.640    17.167    i_ariane/i_cva6/ex_stage_i/lsu_i/i_pipe_reg_load/mem_q_reg[2][sbe][ex][tval][0]_0
    SLICE_X49Y87         LUT5 (Prop_lut5_I4_O)        0.119    17.286 r  i_ariane/i_cva6/ex_stage_i/lsu_i/i_pipe_reg_load/mem_q[2][sbe][ex][cause][31]_i_1/O
                         net (fo=38, routed)          1.012    18.298    i_ariane/i_cva6/issue_stage_i/i_scoreboard/mem_q_reg[2][sbe][ex][tval][0]_0[0]
    SLICE_X34Y82         FDCE                                         r  i_ariane/i_cva6/issue_stage_i/i_scoreboard/mem_q_reg[2][sbe][ex][tval][25]/CE
  -------------------------------------------------------------------    -------------------

                         (clock clk_out1_xlnx_clk_gen rise edge)
                                                     20.000    20.000 r  
    K17                                               0.000    20.000 r  clk_sys (IN)
                         net (fo=0)                   0.000    20.000    i_xlnx_clk_gen/inst/clk_in1
    K17                  IBUF (Prop_ibuf_I_O)         1.404    21.404 r  i_xlnx_clk_gen/inst/clkin1_ibufg/O
                         net (fo=1, routed)           1.162    22.566    i_xlnx_clk_gen/inst/clk_in1_xlnx_clk_gen
    MMCME2_ADV_X1Y2      MMCME2_ADV (Prop_mmcme2_adv_CLKIN1_CLKOUT0)
                                                     -7.814    14.752 r  i_xlnx_clk_gen/inst/mmcm_adv_inst/CLKOUT0
                         net (fo=1, routed)           2.012    16.764    i_xlnx_clk_gen/inst/clk_out1_xlnx_clk_gen
    BUFGCTRL_X0Y16       BUFG (Prop_bufg_I_O)         0.091    16.855 r  i_xlnx_clk_gen/inst/clkout1_buf/O
                         net (fo=16161, routed)       1.472    18.327    i_ariane/i_cva6/issue_stage_i/i_scoreboard/clk_out1
    SLICE_X34Y82         FDCE                                         r  i_ariane/i_cva6/issue_stage_i/i_scoreboard/mem_q_reg[2][sbe][ex][tval][25]/C
                         clock pessimism              0.467    18.794    
                         clock uncertainty           -0.079    18.714    
    SLICE_X34Y82         FDCE (Setup_fdce_C_CE)      -0.377    18.337    i_ariane/i_cva6/issue_stage_i/i_scoreboard/mem_q_reg[2][sbe][ex][tval][25]
  -------------------------------------------------------------------
                         required time                         18.337    
                         arrival time                         -18.298    
  -------------------------------------------------------------------
                         slack                                  0.039    

Slack (MET) :             0.045ns  (required time - arrival time)
  Source:                 i_ariane/i_cva6/issue_stage_i/i_scoreboard/commit_pointer_q_reg[0][1]/C
                            (rising edge-triggered cell FDCE clocked by clk_out1_xlnx_clk_gen  {rise@0.000ns fall@10.000ns period=20.000ns})
  Destination:            i_ariane/i_cva6/issue_stage_i/i_scoreboard/mem_q_reg[1][sbe][ex][tval][13]/CE
                            (rising edge-triggered cell FDCE clocked by clk_out1_xlnx_clk_gen  {rise@0.000ns fall@10.000ns period=20.000ns})
  Path Group:             clk_out1_xlnx_clk_gen
  Path Type:              Setup (Max at Slow Process Corner)
  Requirement:            20.000ns  (clk_out1_xlnx_clk_gen rise@20.000ns - clk_out1_xlnx_clk_gen rise@0.000ns)
  Data Path Delay:        19.555ns  (logic 3.845ns (19.662%)  route 15.710ns (80.338%))
  Logic Levels:           20  (LUT2=1 LUT3=1 LUT4=3 LUT5=3 LUT6=12)
  Clock Path Skew:        -0.151ns (DCD - SCD + CPR)
    Destination Clock Delay (DCD):    -1.673ns = ( 18.327 - 20.000 ) 
    Source Clock Delay      (SCD):    -1.055ns
    Clock Pessimism Removal (CPR):    0.467ns
  Clock Uncertainty:      0.079ns  ((TSJ^2 + DJ^2)^1/2) / 2 + PE
    Total System Jitter     (TSJ):    0.071ns
    Discrete Jitter          (DJ):    0.142ns
    Phase Error              (PE):    0.000ns

    Location             Delay type                Incr(ns)  Path(ns)    Netlist Resource(s)
  -------------------------------------------------------------------    -------------------
                         (clock clk_out1_xlnx_clk_gen rise edge)
                                                      0.000     0.000 r  
    K17                                               0.000     0.000 r  clk_sys (IN)
                         net (fo=0)                   0.000     0.000    i_xlnx_clk_gen/inst/clk_in1
    K17                  IBUF (Prop_ibuf_I_O)         1.475     1.475 r  i_xlnx_clk_gen/inst/clkin1_ibufg/O
                         net (fo=1, routed)           1.285     2.760    i_xlnx_clk_gen/inst/clk_in1_xlnx_clk_gen
    MMCME2_ADV_X1Y2      MMCME2_ADV (Prop_mmcme2_adv_CLKIN1_CLKOUT0)
                                                     -7.759    -4.999 r  i_xlnx_clk_gen/inst/mmcm_adv_inst/CLKOUT0
                         net (fo=1, routed)           2.206    -2.793    i_xlnx_clk_gen/inst/clk_out1_xlnx_clk_gen
    BUFGCTRL_X0Y16       BUFG (Prop_bufg_I_O)         0.101    -2.692 r  i_xlnx_clk_gen/inst/clkout1_buf/O
                         net (fo=16161, routed)       1.637    -1.055    i_ariane/i_cva6/issue_stage_i/i_scoreboard/clk_out1
    SLICE_X50Y90         FDCE                                         r  i_ariane/i_cva6/issue_stage_i/i_scoreboard/commit_pointer_q_reg[0][1]/C
  -------------------------------------------------------------------    -------------------
    SLICE_X50Y90         FDCE (Prop_fdce_C_Q)         0.478    -0.577 f  i_ariane/i_cva6/issue_stage_i/i_scoreboard/commit_pointer_q_reg[0][1]/Q
                         net (fo=11, routed)          0.881     0.304    i_ariane/i_cva6/issue_stage_i/i_scoreboard/commit_pointer_q_reg[0][1]_0[1]
    SLICE_X51Y91         LUT2 (Prop_lut2_I0_O)        0.301     0.605 r  i_ariane/i_cva6/issue_stage_i/i_scoreboard/speculative_read_pointer_q[1]_i_11/O
                         net (fo=178, routed)         1.075     1.679    i_ariane/i_cva6/issue_stage_i/i_scoreboard/speculative_read_pointer_q[1]_i_11_n_0
    SLICE_X52Y92         LUT4 (Prop_lut4_I2_O)        0.152     1.831 f  i_ariane/i_cva6/issue_stage_i/i_scoreboard/speculative_read_pointer_q[1]_i_10/O
                         net (fo=2, routed)           0.638     2.469    i_ariane/i_cva6/issue_stage_i/i_scoreboard/speculative_read_pointer_q[1]_i_10_n_0
    SLICE_X53Y92         LUT4 (Prop_lut4_I3_O)        0.326     2.795 r  i_ariane/i_cva6/issue_stage_i/i_scoreboard/speculative_read_pointer_q[1]_i_3/O
                         net (fo=10, routed)          1.078     3.873    i_ariane/i_cva6/issue_stage_i/i_scoreboard/mem_q_reg[1][sbe][fu][0]_0
    SLICE_X54Y90         LUT4 (Prop_lut4_I2_O)        0.150     4.023 f  i_ariane/i_cva6/issue_stage_i/i_scoreboard/dcsr_q[step]_i_21/O
                         net (fo=1, routed)           1.079     5.102    i_ariane/i_cva6/issue_stage_i/i_scoreboard/csr_op_commit_csr[3]
    SLICE_X54Y90         LUT6 (Prop_lut6_I3_O)        0.328     5.430 r  i_ariane/i_cva6/issue_stage_i/i_scoreboard/dcsr_q[step]_i_14/O
                         net (fo=4, routed)           0.770     6.200    i_ariane/i_cva6/ex_stage_i/csr_buffer_i/privilege_violation1
    SLICE_X60Y90         LUT6 (Prop_lut6_I3_O)        0.124     6.324 f  i_ariane/i_cva6/ex_stage_i/csr_buffer_i/scause_q[8]_i_14/O
                         net (fo=2, routed)           0.591     6.916    i_ariane/i_cva6/ex_stage_i/csr_buffer_i/scause_q[8]_i_14_n_0
    SLICE_X56Y90         LUT6 (Prop_lut6_I0_O)        0.124     7.040 f  i_ariane/i_cva6/ex_stage_i/csr_buffer_i/scause_q[8]_i_9/O
                         net (fo=1, routed)           0.612     7.652    i_ariane/i_cva6/issue_stage_i/i_scoreboard/scause_q[8]_i_3_1
    SLICE_X54Y89         LUT6 (Prop_lut6_I2_O)        0.124     7.776 f  i_ariane/i_cva6/issue_stage_i/i_scoreboard/scause_q[8]_i_6/O
                         net (fo=1, routed)           0.535     8.311    i_ariane/i_cva6/issue_stage_i/i_scoreboard/scause_q[8]_i_6_n_0
    SLICE_X51Y90         LUT5 (Prop_lut5_I4_O)        0.124     8.435 f  i_ariane/i_cva6/issue_stage_i/i_scoreboard/scause_q[8]_i_3/O
                         net (fo=8, routed)           0.580     9.016    i_ariane/i_cva6/issue_stage_i/i_scoreboard/debug_mode_q_reg_1
    SLICE_X53Y91         LUT6 (Prop_lut6_I5_O)        0.124     9.140 r  i_ariane/i_cva6/issue_stage_i/i_scoreboard/FSM_sequential_state_q[3]_i_8/O
                         net (fo=3, routed)           0.417     9.556    i_ariane/i_cva6/issue_stage_i/i_scoreboard/FSM_sequential_state_q[3]_i_8_n_0
    SLICE_X53Y90         LUT6 (Prop_lut6_I1_O)        0.124     9.680 r  i_ariane/i_cva6/issue_stage_i/i_scoreboard/mem_q[0][sbe][result][31]_i_12/O
                         net (fo=54, routed)          0.961    10.642    i_ariane/i_cva6/ex_stage_i/i_mult/i_multiplier/operand_e_q[31]_i_24_0
    SLICE_X50Y93         LUT5 (Prop_lut5_I1_O)        0.150    10.792 r  i_ariane/i_cva6/ex_stage_i/i_mult/i_multiplier/mem_q[0][sbe][result][31]_i_25/O
                         net (fo=6, routed)           0.489    11.281    i_ariane/i_cva6/issue_stage_i/i_scoreboard/flu_trans_id_ex_id[0]
    SLICE_X51Y96         LUT6 (Prop_lut6_I3_O)        0.348    11.629 r  i_ariane/i_cva6/issue_stage_i/i_scoreboard/operand_e_q[31]_i_25/O
                         net (fo=14, routed)          1.000    12.629    i_ariane/i_cva6/issue_stage_i/i_scoreboard/mem_q_reg[3][sbe][rd][4]_0
    SLICE_X53Y100        LUT3 (Prop_lut3_I0_O)        0.124    12.753 f  i_ariane/i_cva6/issue_stage_i/i_scoreboard/operand_d_q[31]_i_21/O
                         net (fo=1, routed)           0.591    13.344    i_ariane/i_cva6/issue_stage_i/i_scoreboard/operand_d_q[31]_i_21_n_0
    SLICE_X53Y100        LUT6 (Prop_lut6_I2_O)        0.124    13.468 r  i_ariane/i_cva6/issue_stage_i/i_scoreboard/operand_d_q[31]_i_7/O
                         net (fo=34, routed)          0.626    14.095    i_ariane/i_cva6/issue_stage_i/i_scoreboard/operand_d_q[31]_i_7_n_0
    SLICE_X52Y99         LUT6 (Prop_lut6_I2_O)        0.124    14.219 f  i_ariane/i_cva6/issue_stage_i/i_scoreboard/mem_q[0][sbe][pc][31]_i_10/O
                         net (fo=1, routed)           0.582    14.800    i_ariane/i_cva6/id_stage_i/mem_q[0][sbe][pc][31]_i_3_2
    SLICE_X49Y97         LUT6 (Prop_lut6_I4_O)        0.124    14.924 f  i_ariane/i_cva6/id_stage_i/mem_q[0][sbe][pc][31]_i_4/O
                         net (fo=1, routed)           0.571    15.496    i_ariane/i_cva6/id_stage_i/mem_q[0][sbe][pc][31]_i_4_n_0
    SLICE_X49Y96         LUT6 (Prop_lut6_I0_O)        0.124    15.620 r  i_ariane/i_cva6/id_stage_i/mem_q[0][sbe][pc][31]_i_3/O
                         net (fo=26, routed)          0.841    16.460    i_ariane/i_cva6/issue_stage_i/i_scoreboard/issue_ack_iro_sb
    SLICE_X50Y93         LUT6 (Prop_lut6_I1_O)        0.124    16.584 r  i_ariane/i_cva6/issue_stage_i/i_scoreboard/mem_q[1][sbe][pc][31]_i_1/O
                         net (fo=52, routed)          0.760    17.345    i_ariane/i_cva6/ex_stage_i/lsu_i/i_pipe_reg_load/mem_q_reg[1][sbe][ex][tval][0]_0
    SLICE_X49Y86         LUT5 (Prop_lut5_I4_O)        0.124    17.469 r  i_ariane/i_cva6/ex_stage_i/lsu_i/i_pipe_reg_load/mem_q[1][sbe][ex][cause][31]_i_1/O
                         net (fo=38, routed)          1.031    18.500    i_ariane/i_cva6/issue_stage_i/i_scoreboard/mem_q_reg[1][sbe][ex][tval][0]_0[0]
    SLICE_X32Y83         FDCE                                         r  i_ariane/i_cva6/issue_stage_i/i_scoreboard/mem_q_reg[1][sbe][ex][tval][13]/CE
  -------------------------------------------------------------------    -------------------

                         (clock clk_out1_xlnx_clk_gen rise edge)
                                                     20.000    20.000 r  
    K17                                               0.000    20.000 r  clk_sys (IN)
                         net (fo=0)                   0.000    20.000    i_xlnx_clk_gen/inst/clk_in1
    K17                  IBUF (Prop_ibuf_I_O)         1.404    21.404 r  i_xlnx_clk_gen/inst/clkin1_ibufg/O
                         net (fo=1, routed)           1.162    22.566    i_xlnx_clk_gen/inst/clk_in1_xlnx_clk_gen
    MMCME2_ADV_X1Y2      MMCME2_ADV (Prop_mmcme2_adv_CLKIN1_CLKOUT0)
                                                     -7.814    14.752 r  i_xlnx_clk_gen/inst/mmcm_adv_inst/CLKOUT0
                         net (fo=1, routed)           2.012    16.764    i_xlnx_clk_gen/inst/clk_out1_xlnx_clk_gen
    BUFGCTRL_X0Y16       BUFG (Prop_bufg_I_O)         0.091    16.855 r  i_xlnx_clk_gen/inst/clkout1_buf/O
                         net (fo=16161, routed)       1.472    18.327    i_ariane/i_cva6/issue_stage_i/i_scoreboard/clk_out1
    SLICE_X32Y83         FDCE                                         r  i_ariane/i_cva6/issue_stage_i/i_scoreboard/mem_q_reg[1][sbe][ex][tval][13]/C
                         clock pessimism              0.467    18.794    
                         clock uncertainty           -0.079    18.714    
    SLICE_X32Y83         FDCE (Setup_fdce_C_CE)      -0.169    18.545    i_ariane/i_cva6/issue_stage_i/i_scoreboard/mem_q_reg[1][sbe][ex][tval][13]
  -------------------------------------------------------------------
                         required time                         18.545    
                         arrival time                         -18.500    
  -------------------------------------------------------------------
                         slack                                  0.045    

Slack (MET) :             0.045ns  (required time - arrival time)
  Source:                 i_ariane/i_cva6/issue_stage_i/i_scoreboard/commit_pointer_q_reg[0][1]/C
                            (rising edge-triggered cell FDCE clocked by clk_out1_xlnx_clk_gen  {rise@0.000ns fall@10.000ns period=20.000ns})
  Destination:            i_ariane/i_cva6/issue_stage_i/i_scoreboard/mem_q_reg[1][sbe][ex][tval][25]/CE
                            (rising edge-triggered cell FDCE clocked by clk_out1_xlnx_clk_gen  {rise@0.000ns fall@10.000ns period=20.000ns})
  Path Group:             clk_out1_xlnx_clk_gen
  Path Type:              Setup (Max at Slow Process Corner)
  Requirement:            20.000ns  (clk_out1_xlnx_clk_gen rise@20.000ns - clk_out1_xlnx_clk_gen rise@0.000ns)
  Data Path Delay:        19.555ns  (logic 3.845ns (19.662%)  route 15.710ns (80.338%))
  Logic Levels:           20  (LUT2=1 LUT3=1 LUT4=3 LUT5=3 LUT6=12)
  Clock Path Skew:        -0.151ns (DCD - SCD + CPR)
    Destination Clock Delay (DCD):    -1.673ns = ( 18.327 - 20.000 ) 
    Source Clock Delay      (SCD):    -1.055ns
    Clock Pessimism Removal (CPR):    0.467ns
  Clock Uncertainty:      0.079ns  ((TSJ^2 + DJ^2)^1/2) / 2 + PE
    Total System Jitter     (TSJ):    0.071ns
    Discrete Jitter          (DJ):    0.142ns
    Phase Error              (PE):    0.000ns

    Location             Delay type                Incr(ns)  Path(ns)    Netlist Resource(s)
  -------------------------------------------------------------------    -------------------
                         (clock clk_out1_xlnx_clk_gen rise edge)
                                                      0.000     0.000 r  
    K17                                               0.000     0.000 r  clk_sys (IN)
                         net (fo=0)                   0.000     0.000    i_xlnx_clk_gen/inst/clk_in1
    K17                  IBUF (Prop_ibuf_I_O)         1.475     1.475 r  i_xlnx_clk_gen/inst/clkin1_ibufg/O
                         net (fo=1, routed)           1.285     2.760    i_xlnx_clk_gen/inst/clk_in1_xlnx_clk_gen
    MMCME2_ADV_X1Y2      MMCME2_ADV (Prop_mmcme2_adv_CLKIN1_CLKOUT0)
                                                     -7.759    -4.999 r  i_xlnx_clk_gen/inst/mmcm_adv_inst/CLKOUT0
                         net (fo=1, routed)           2.206    -2.793    i_xlnx_clk_gen/inst/clk_out1_xlnx_clk_gen
    BUFGCTRL_X0Y16       BUFG (Prop_bufg_I_O)         0.101    -2.692 r  i_xlnx_clk_gen/inst/clkout1_buf/O
                         net (fo=16161, routed)       1.637    -1.055    i_ariane/i_cva6/issue_stage_i/i_scoreboard/clk_out1
    SLICE_X50Y90         FDCE                                         r  i_ariane/i_cva6/issue_stage_i/i_scoreboard/commit_pointer_q_reg[0][1]/C
  -------------------------------------------------------------------    -------------------
    SLICE_X50Y90         FDCE (Prop_fdce_C_Q)         0.478    -0.577 f  i_ariane/i_cva6/issue_stage_i/i_scoreboard/commit_pointer_q_reg[0][1]/Q
                         net (fo=11, routed)          0.881     0.304    i_ariane/i_cva6/issue_stage_i/i_scoreboard/commit_pointer_q_reg[0][1]_0[1]
    SLICE_X51Y91         LUT2 (Prop_lut2_I0_O)        0.301     0.605 r  i_ariane/i_cva6/issue_stage_i/i_scoreboard/speculative_read_pointer_q[1]_i_11/O
                         net (fo=178, routed)         1.075     1.679    i_ariane/i_cva6/issue_stage_i/i_scoreboard/speculative_read_pointer_q[1]_i_11_n_0
    SLICE_X52Y92         LUT4 (Prop_lut4_I2_O)        0.152     1.831 f  i_ariane/i_cva6/issue_stage_i/i_scoreboard/speculative_read_pointer_q[1]_i_10/O
                         net (fo=2, routed)           0.638     2.469    i_ariane/i_cva6/issue_stage_i/i_scoreboard/speculative_read_pointer_q[1]_i_10_n_0
    SLICE_X53Y92         LUT4 (Prop_lut4_I3_O)        0.326     2.795 r  i_ariane/i_cva6/issue_stage_i/i_scoreboard/speculative_read_pointer_q[1]_i_3/O
                         net (fo=10, routed)          1.078     3.873    i_ariane/i_cva6/issue_stage_i/i_scoreboard/mem_q_reg[1][sbe][fu][0]_0
    SLICE_X54Y90         LUT4 (Prop_lut4_I2_O)        0.150     4.023 f  i_ariane/i_cva6/issue_stage_i/i_scoreboard/dcsr_q[step]_i_21/O
                         net (fo=1, routed)           1.079     5.102    i_ariane/i_cva6/issue_stage_i/i_scoreboard/csr_op_commit_csr[3]
    SLICE_X54Y90         LUT6 (Prop_lut6_I3_O)        0.328     5.430 r  i_ariane/i_cva6/issue_stage_i/i_scoreboard/dcsr_q[step]_i_14/O
                         net (fo=4, routed)           0.770     6.200    i_ariane/i_cva6/ex_stage_i/csr_buffer_i/privilege_violation1
    SLICE_X60Y90         LUT6 (Prop_lut6_I3_O)        0.124     6.324 f  i_ariane/i_cva6/ex_stage_i/csr_buffer_i/scause_q[8]_i_14/O
                         net (fo=2, routed)           0.591     6.916    i_ariane/i_cva6/ex_stage_i/csr_buffer_i/scause_q[8]_i_14_n_0
    SLICE_X56Y90         LUT6 (Prop_lut6_I0_O)        0.124     7.040 f  i_ariane/i_cva6/ex_stage_i/csr_buffer_i/scause_q[8]_i_9/O
                         net (fo=1, routed)           0.612     7.652    i_ariane/i_cva6/issue_stage_i/i_scoreboard/scause_q[8]_i_3_1
    SLICE_X54Y89         LUT6 (Prop_lut6_I2_O)        0.124     7.776 f  i_ariane/i_cva6/issue_stage_i/i_scoreboard/scause_q[8]_i_6/O
                         net (fo=1, routed)           0.535     8.311    i_ariane/i_cva6/issue_stage_i/i_scoreboard/scause_q[8]_i_6_n_0
    SLICE_X51Y90         LUT5 (Prop_lut5_I4_O)        0.124     8.435 f  i_ariane/i_cva6/issue_stage_i/i_scoreboard/scause_q[8]_i_3/O
                         net (fo=8, routed)           0.580     9.016    i_ariane/i_cva6/issue_stage_i/i_scoreboard/debug_mode_q_reg_1
    SLICE_X53Y91         LUT6 (Prop_lut6_I5_O)        0.124     9.140 r  i_ariane/i_cva6/issue_stage_i/i_scoreboard/FSM_sequential_state_q[3]_i_8/O
                         net (fo=3, routed)           0.417     9.556    i_ariane/i_cva6/issue_stage_i/i_scoreboard/FSM_sequential_state_q[3]_i_8_n_0
    SLICE_X53Y90         LUT6 (Prop_lut6_I1_O)        0.124     9.680 r  i_ariane/i_cva6/issue_stage_i/i_scoreboard/mem_q[0][sbe][result][31]_i_12/O
                         net (fo=54, routed)          0.961    10.642    i_ariane/i_cva6/ex_stage_i/i_mult/i_multiplier/operand_e_q[31]_i_24_0
    SLICE_X50Y93         LUT5 (Prop_lut5_I1_O)        0.150    10.792 r  i_ariane/i_cva6/ex_stage_i/i_mult/i_multiplier/mem_q[0][sbe][result][31]_i_25/O
                         net (fo=6, routed)           0.489    11.281    i_ariane/i_cva6/issue_stage_i/i_scoreboard/flu_trans_id_ex_id[0]
    SLICE_X51Y96         LUT6 (Prop_lut6_I3_O)        0.348    11.629 r  i_ariane/i_cva6/issue_stage_i/i_scoreboard/operand_e_q[31]_i_25/O
                         net (fo=14, routed)          1.000    12.629    i_ariane/i_cva6/issue_stage_i/i_scoreboard/mem_q_reg[3][sbe][rd][4]_0
    SLICE_X53Y100        LUT3 (Prop_lut3_I0_O)        0.124    12.753 f  i_ariane/i_cva6/issue_stage_i/i_scoreboard/operand_d_q[31]_i_21/O
                         net (fo=1, routed)           0.591    13.344    i_ariane/i_cva6/issue_stage_i/i_scoreboard/operand_d_q[31]_i_21_n_0
    SLICE_X53Y100        LUT6 (Prop_lut6_I2_O)        0.124    13.468 r  i_ariane/i_cva6/issue_stage_i/i_scoreboard/operand_d_q[31]_i_7/O
                         net (fo=34, routed)          0.626    14.095    i_ariane/i_cva6/issue_stage_i/i_scoreboard/operand_d_q[31]_i_7_n_0
    SLICE_X52Y99         LUT6 (Prop_lut6_I2_O)        0.124    14.219 f  i_ariane/i_cva6/issue_stage_i/i_scoreboard/mem_q[0][sbe][pc][31]_i_10/O
                         net (fo=1, routed)           0.582    14.800    i_ariane/i_cva6/id_stage_i/mem_q[0][sbe][pc][31]_i_3_2
    SLICE_X49Y97         LUT6 (Prop_lut6_I4_O)        0.124    14.924 f  i_ariane/i_cva6/id_stage_i/mem_q[0][sbe][pc][31]_i_4/O
                         net (fo=1, routed)           0.571    15.496    i_ariane/i_cva6/id_stage_i/mem_q[0][sbe][pc][31]_i_4_n_0
    SLICE_X49Y96         LUT6 (Prop_lut6_I0_O)        0.124    15.620 r  i_ariane/i_cva6/id_stage_i/mem_q[0][sbe][pc][31]_i_3/O
                         net (fo=26, routed)          0.841    16.460    i_ariane/i_cva6/issue_stage_i/i_scoreboard/issue_ack_iro_sb
    SLICE_X50Y93         LUT6 (Prop_lut6_I1_O)        0.124    16.584 r  i_ariane/i_cva6/issue_stage_i/i_scoreboard/mem_q[1][sbe][pc][31]_i_1/O
                         net (fo=52, routed)          0.760    17.345    i_ariane/i_cva6/ex_stage_i/lsu_i/i_pipe_reg_load/mem_q_reg[1][sbe][ex][tval][0]_0
    SLICE_X49Y86         LUT5 (Prop_lut5_I4_O)        0.124    17.469 r  i_ariane/i_cva6/ex_stage_i/lsu_i/i_pipe_reg_load/mem_q[1][sbe][ex][cause][31]_i_1/O
                         net (fo=38, routed)          1.031    18.500    i_ariane/i_cva6/issue_stage_i/i_scoreboard/mem_q_reg[1][sbe][ex][tval][0]_0[0]
    SLICE_X32Y83         FDCE                                         r  i_ariane/i_cva6/issue_stage_i/i_scoreboard/mem_q_reg[1][sbe][ex][tval][25]/CE
  -------------------------------------------------------------------    -------------------

                         (clock clk_out1_xlnx_clk_gen rise edge)
                                                     20.000    20.000 r  
    K17                                               0.000    20.000 r  clk_sys (IN)
                         net (fo=0)                   0.000    20.000    i_xlnx_clk_gen/inst/clk_in1
    K17                  IBUF (Prop_ibuf_I_O)         1.404    21.404 r  i_xlnx_clk_gen/inst/clkin1_ibufg/O
                         net (fo=1, routed)           1.162    22.566    i_xlnx_clk_gen/inst/clk_in1_xlnx_clk_gen
    MMCME2_ADV_X1Y2      MMCME2_ADV (Prop_mmcme2_adv_CLKIN1_CLKOUT0)
                                                     -7.814    14.752 r  i_xlnx_clk_gen/inst/mmcm_adv_inst/CLKOUT0
                         net (fo=1, routed)           2.012    16.764    i_xlnx_clk_gen/inst/clk_out1_xlnx_clk_gen
    BUFGCTRL_X0Y16       BUFG (Prop_bufg_I_O)         0.091    16.855 r  i_xlnx_clk_gen/inst/clkout1_buf/O
                         net (fo=16161, routed)       1.472    18.327    i_ariane/i_cva6/issue_stage_i/i_scoreboard/clk_out1
    SLICE_X32Y83         FDCE                                         r  i_ariane/i_cva6/issue_stage_i/i_scoreboard/mem_q_reg[1][sbe][ex][tval][25]/C
                         clock pessimism              0.467    18.794    
                         clock uncertainty           -0.079    18.714    
    SLICE_X32Y83         FDCE (Setup_fdce_C_CE)      -0.169    18.545    i_ariane/i_cva6/issue_stage_i/i_scoreboard/mem_q_reg[1][sbe][ex][tval][25]
  -------------------------------------------------------------------
                         required time                         18.545    
                         arrival time                         -18.500    
  -------------------------------------------------------------------
                         slack                                  0.045    

Slack (MET) :             0.051ns  (required time - arrival time)
  Source:                 i_ariane/i_cva6/issue_stage_i/i_scoreboard/commit_pointer_q_reg[0][1]/C
                            (rising edge-triggered cell FDCE clocked by clk_out1_xlnx_clk_gen  {rise@0.000ns fall@10.000ns period=20.000ns})
  Destination:            i_ariane/i_cva6/issue_stage_i/i_scoreboard/mem_q_reg[0][sbe][ex][tval][14]/CE
                            (rising edge-triggered cell FDCE clocked by clk_out1_xlnx_clk_gen  {rise@0.000ns fall@10.000ns period=20.000ns})
  Path Group:             clk_out1_xlnx_clk_gen
  Path Type:              Setup (Max at Slow Process Corner)
  Requirement:            20.000ns  (clk_out1_xlnx_clk_gen rise@20.000ns - clk_out1_xlnx_clk_gen rise@0.000ns)
  Data Path Delay:        19.549ns  (logic 3.845ns (19.669%)  route 15.704ns (80.331%))
  Logic Levels:           20  (LUT2=1 LUT3=1 LUT4=3 LUT5=3 LUT6=12)
  Clock Path Skew:        -0.152ns (DCD - SCD + CPR)
    Destination Clock Delay (DCD):    -1.674ns = ( 18.326 - 20.000 ) 
    Source Clock Delay      (SCD):    -1.055ns
    Clock Pessimism Removal (CPR):    0.467ns
  Clock Uncertainty:      0.079ns  ((TSJ^2 + DJ^2)^1/2) / 2 + PE
    Total System Jitter     (TSJ):    0.071ns
    Discrete Jitter          (DJ):    0.142ns
    Phase Error              (PE):    0.000ns

    Location             Delay type                Incr(ns)  Path(ns)    Netlist Resource(s)
  -------------------------------------------------------------------    -------------------
                         (clock clk_out1_xlnx_clk_gen rise edge)
                                                      0.000     0.000 r  
    K17                                               0.000     0.000 r  clk_sys (IN)
                         net (fo=0)                   0.000     0.000    i_xlnx_clk_gen/inst/clk_in1
    K17                  IBUF (Prop_ibuf_I_O)         1.475     1.475 r  i_xlnx_clk_gen/inst/clkin1_ibufg/O
                         net (fo=1, routed)           1.285     2.760    i_xlnx_clk_gen/inst/clk_in1_xlnx_clk_gen
    MMCME2_ADV_X1Y2      MMCME2_ADV (Prop_mmcme2_adv_CLKIN1_CLKOUT0)
                                                     -7.759    -4.999 r  i_xlnx_clk_gen/inst/mmcm_adv_inst/CLKOUT0
                         net (fo=1, routed)           2.206    -2.793    i_xlnx_clk_gen/inst/clk_out1_xlnx_clk_gen
    BUFGCTRL_X0Y16       BUFG (Prop_bufg_I_O)         0.101    -2.692 r  i_xlnx_clk_gen/inst/clkout1_buf/O
                         net (fo=16161, routed)       1.637    -1.055    i_ariane/i_cva6/issue_stage_i/i_scoreboard/clk_out1
    SLICE_X50Y90         FDCE                                         r  i_ariane/i_cva6/issue_stage_i/i_scoreboard/commit_pointer_q_reg[0][1]/C
  -------------------------------------------------------------------    -------------------
    SLICE_X50Y90         FDCE (Prop_fdce_C_Q)         0.478    -0.577 f  i_ariane/i_cva6/issue_stage_i/i_scoreboard/commit_pointer_q_reg[0][1]/Q
                         net (fo=11, routed)          0.881     0.304    i_ariane/i_cva6/issue_stage_i/i_scoreboard/commit_pointer_q_reg[0][1]_0[1]
    SLICE_X51Y91         LUT2 (Prop_lut2_I0_O)        0.301     0.605 r  i_ariane/i_cva6/issue_stage_i/i_scoreboard/speculative_read_pointer_q[1]_i_11/O
                         net (fo=178, routed)         1.075     1.679    i_ariane/i_cva6/issue_stage_i/i_scoreboard/speculative_read_pointer_q[1]_i_11_n_0
    SLICE_X52Y92         LUT4 (Prop_lut4_I2_O)        0.152     1.831 f  i_ariane/i_cva6/issue_stage_i/i_scoreboard/speculative_read_pointer_q[1]_i_10/O
                         net (fo=2, routed)           0.638     2.469    i_ariane/i_cva6/issue_stage_i/i_scoreboard/speculative_read_pointer_q[1]_i_10_n_0
    SLICE_X53Y92         LUT4 (Prop_lut4_I3_O)        0.326     2.795 r  i_ariane/i_cva6/issue_stage_i/i_scoreboard/speculative_read_pointer_q[1]_i_3/O
                         net (fo=10, routed)          1.078     3.873    i_ariane/i_cva6/issue_stage_i/i_scoreboard/mem_q_reg[1][sbe][fu][0]_0
    SLICE_X54Y90         LUT4 (Prop_lut4_I2_O)        0.150     4.023 f  i_ariane/i_cva6/issue_stage_i/i_scoreboard/dcsr_q[step]_i_21/O
                         net (fo=1, routed)           1.079     5.102    i_ariane/i_cva6/issue_stage_i/i_scoreboard/csr_op_commit_csr[3]
    SLICE_X54Y90         LUT6 (Prop_lut6_I3_O)        0.328     5.430 r  i_ariane/i_cva6/issue_stage_i/i_scoreboard/dcsr_q[step]_i_14/O
                         net (fo=4, routed)           0.770     6.200    i_ariane/i_cva6/ex_stage_i/csr_buffer_i/privilege_violation1
    SLICE_X60Y90         LUT6 (Prop_lut6_I3_O)        0.124     6.324 f  i_ariane/i_cva6/ex_stage_i/csr_buffer_i/scause_q[8]_i_14/O
                         net (fo=2, routed)           0.591     6.916    i_ariane/i_cva6/ex_stage_i/csr_buffer_i/scause_q[8]_i_14_n_0
    SLICE_X56Y90         LUT6 (Prop_lut6_I0_O)        0.124     7.040 f  i_ariane/i_cva6/ex_stage_i/csr_buffer_i/scause_q[8]_i_9/O
                         net (fo=1, routed)           0.612     7.652    i_ariane/i_cva6/issue_stage_i/i_scoreboard/scause_q[8]_i_3_1
    SLICE_X54Y89         LUT6 (Prop_lut6_I2_O)        0.124     7.776 f  i_ariane/i_cva6/issue_stage_i/i_scoreboard/scause_q[8]_i_6/O
                         net (fo=1, routed)           0.535     8.311    i_ariane/i_cva6/issue_stage_i/i_scoreboard/scause_q[8]_i_6_n_0
    SLICE_X51Y90         LUT5 (Prop_lut5_I4_O)        0.124     8.435 f  i_ariane/i_cva6/issue_stage_i/i_scoreboard/scause_q[8]_i_3/O
                         net (fo=8, routed)           0.580     9.016    i_ariane/i_cva6/issue_stage_i/i_scoreboard/debug_mode_q_reg_1
    SLICE_X53Y91         LUT6 (Prop_lut6_I5_O)        0.124     9.140 r  i_ariane/i_cva6/issue_stage_i/i_scoreboard/FSM_sequential_state_q[3]_i_8/O
                         net (fo=3, routed)           0.417     9.556    i_ariane/i_cva6/issue_stage_i/i_scoreboard/FSM_sequential_state_q[3]_i_8_n_0
    SLICE_X53Y90         LUT6 (Prop_lut6_I1_O)        0.124     9.680 r  i_ariane/i_cva6/issue_stage_i/i_scoreboard/mem_q[0][sbe][result][31]_i_12/O
                         net (fo=54, routed)          0.961    10.642    i_ariane/i_cva6/ex_stage_i/i_mult/i_multiplier/operand_e_q[31]_i_24_0
    SLICE_X50Y93         LUT5 (Prop_lut5_I1_O)        0.150    10.792 r  i_ariane/i_cva6/ex_stage_i/i_mult/i_multiplier/mem_q[0][sbe][result][31]_i_25/O
                         net (fo=6, routed)           0.489    11.281    i_ariane/i_cva6/issue_stage_i/i_scoreboard/flu_trans_id_ex_id[0]
    SLICE_X51Y96         LUT6 (Prop_lut6_I3_O)        0.348    11.629 r  i_ariane/i_cva6/issue_stage_i/i_scoreboard/operand_e_q[31]_i_25/O
                         net (fo=14, routed)          1.000    12.629    i_ariane/i_cva6/issue_stage_i/i_scoreboard/mem_q_reg[3][sbe][rd][4]_0
    SLICE_X53Y100        LUT3 (Prop_lut3_I0_O)        0.124    12.753 f  i_ariane/i_cva6/issue_stage_i/i_scoreboard/operand_d_q[31]_i_21/O
                         net (fo=1, routed)           0.591    13.344    i_ariane/i_cva6/issue_stage_i/i_scoreboard/operand_d_q[31]_i_21_n_0
    SLICE_X53Y100        LUT6 (Prop_lut6_I2_O)        0.124    13.468 r  i_ariane/i_cva6/issue_stage_i/i_scoreboard/operand_d_q[31]_i_7/O
                         net (fo=34, routed)          0.626    14.095    i_ariane/i_cva6/issue_stage_i/i_scoreboard/operand_d_q[31]_i_7_n_0
    SLICE_X52Y99         LUT6 (Prop_lut6_I2_O)        0.124    14.219 f  i_ariane/i_cva6/issue_stage_i/i_scoreboard/mem_q[0][sbe][pc][31]_i_10/O
                         net (fo=1, routed)           0.582    14.800    i_ariane/i_cva6/id_stage_i/mem_q[0][sbe][pc][31]_i_3_2
    SLICE_X49Y97         LUT6 (Prop_lut6_I4_O)        0.124    14.924 f  i_ariane/i_cva6/id_stage_i/mem_q[0][sbe][pc][31]_i_4/O
                         net (fo=1, routed)           0.571    15.496    i_ariane/i_cva6/id_stage_i/mem_q[0][sbe][pc][31]_i_4_n_0
    SLICE_X49Y96         LUT6 (Prop_lut6_I0_O)        0.124    15.620 r  i_ariane/i_cva6/id_stage_i/mem_q[0][sbe][pc][31]_i_3/O
                         net (fo=26, routed)          0.749    16.369    i_ariane/i_cva6/issue_stage_i/i_scoreboard/issue_ack_iro_sb
    SLICE_X50Y92         LUT6 (Prop_lut6_I1_O)        0.124    16.493 r  i_ariane/i_cva6/issue_stage_i/i_scoreboard/mem_q[0][sbe][pc][31]_i_1/O
                         net (fo=52, routed)          0.897    17.390    i_ariane/i_cva6/ex_stage_i/lsu_i/i_pipe_reg_load/mem_q_reg[0][sbe][ex][tval][0]_0
    SLICE_X47Y88         LUT5 (Prop_lut5_I0_O)        0.124    17.514 r  i_ariane/i_cva6/ex_stage_i/lsu_i/i_pipe_reg_load/mem_q[0][sbe][ex][cause][31]_i_1/O
                         net (fo=38, routed)          0.979    18.494    i_ariane/i_cva6/issue_stage_i/i_scoreboard/mem_q_reg[0][sbe][ex][tval][0]_0[0]
    SLICE_X36Y82         FDCE                                         r  i_ariane/i_cva6/issue_stage_i/i_scoreboard/mem_q_reg[0][sbe][ex][tval][14]/CE
  -------------------------------------------------------------------    -------------------

                         (clock clk_out1_xlnx_clk_gen rise edge)
                                                     20.000    20.000 r  
    K17                                               0.000    20.000 r  clk_sys (IN)
                         net (fo=0)                   0.000    20.000    i_xlnx_clk_gen/inst/clk_in1
    K17                  IBUF (Prop_ibuf_I_O)         1.404    21.404 r  i_xlnx_clk_gen/inst/clkin1_ibufg/O
                         net (fo=1, routed)           1.162    22.566    i_xlnx_clk_gen/inst/clk_in1_xlnx_clk_gen
    MMCME2_ADV_X1Y2      MMCME2_ADV (Prop_mmcme2_adv_CLKIN1_CLKOUT0)
                                                     -7.814    14.752 r  i_xlnx_clk_gen/inst/mmcm_adv_inst/CLKOUT0
                         net (fo=1, routed)           2.012    16.764    i_xlnx_clk_gen/inst/clk_out1_xlnx_clk_gen
    BUFGCTRL_X0Y16       BUFG (Prop_bufg_I_O)         0.091    16.855 r  i_xlnx_clk_gen/inst/clkout1_buf/O
                         net (fo=16161, routed)       1.471    18.326    i_ariane/i_cva6/issue_stage_i/i_scoreboard/clk_out1
    SLICE_X36Y82         FDCE                                         r  i_ariane/i_cva6/issue_stage_i/i_scoreboard/mem_q_reg[0][sbe][ex][tval][14]/C
                         clock pessimism              0.467    18.792    
                         clock uncertainty           -0.079    18.713    
    SLICE_X36Y82         FDCE (Setup_fdce_C_CE)      -0.169    18.544    i_ariane/i_cva6/issue_stage_i/i_scoreboard/mem_q_reg[0][sbe][ex][tval][14]
  -------------------------------------------------------------------
                         required time                         18.544    
                         arrival time                         -18.494    
  -------------------------------------------------------------------
                         slack                                  0.051    

Slack (MET) :             0.051ns  (required time - arrival time)
  Source:                 i_ariane/i_cva6/issue_stage_i/i_scoreboard/commit_pointer_q_reg[0][1]/C
                            (rising edge-triggered cell FDCE clocked by clk_out1_xlnx_clk_gen  {rise@0.000ns fall@10.000ns period=20.000ns})
  Destination:            i_ariane/i_cva6/issue_stage_i/i_scoreboard/mem_q_reg[0][sbe][ex][tval][21]/CE
                            (rising edge-triggered cell FDCE clocked by clk_out1_xlnx_clk_gen  {rise@0.000ns fall@10.000ns period=20.000ns})
  Path Group:             clk_out1_xlnx_clk_gen
  Path Type:              Setup (Max at Slow Process Corner)
  Requirement:            20.000ns  (clk_out1_xlnx_clk_gen rise@20.000ns - clk_out1_xlnx_clk_gen rise@0.000ns)
  Data Path Delay:        19.549ns  (logic 3.845ns (19.669%)  route 15.704ns (80.331%))
  Logic Levels:           20  (LUT2=1 LUT3=1 LUT4=3 LUT5=3 LUT6=12)
  Clock Path Skew:        -0.152ns (DCD - SCD + CPR)
    Destination Clock Delay (DCD):    -1.674ns = ( 18.326 - 20.000 ) 
    Source Clock Delay      (SCD):    -1.055ns
    Clock Pessimism Removal (CPR):    0.467ns
  Clock Uncertainty:      0.079ns  ((TSJ^2 + DJ^2)^1/2) / 2 + PE
    Total System Jitter     (TSJ):    0.071ns
    Discrete Jitter          (DJ):    0.142ns
    Phase Error              (PE):    0.000ns

    Location             Delay type                Incr(ns)  Path(ns)    Netlist Resource(s)
  -------------------------------------------------------------------    -------------------
                         (clock clk_out1_xlnx_clk_gen rise edge)
                                                      0.000     0.000 r  
    K17                                               0.000     0.000 r  clk_sys (IN)
                         net (fo=0)                   0.000     0.000    i_xlnx_clk_gen/inst/clk_in1
    K17                  IBUF (Prop_ibuf_I_O)         1.475     1.475 r  i_xlnx_clk_gen/inst/clkin1_ibufg/O
                         net (fo=1, routed)           1.285     2.760    i_xlnx_clk_gen/inst/clk_in1_xlnx_clk_gen
    MMCME2_ADV_X1Y2      MMCME2_ADV (Prop_mmcme2_adv_CLKIN1_CLKOUT0)
                                                     -7.759    -4.999 r  i_xlnx_clk_gen/inst/mmcm_adv_inst/CLKOUT0
                         net (fo=1, routed)           2.206    -2.793    i_xlnx_clk_gen/inst/clk_out1_xlnx_clk_gen
    BUFGCTRL_X0Y16       BUFG (Prop_bufg_I_O)         0.101    -2.692 r  i_xlnx_clk_gen/inst/clkout1_buf/O
                         net (fo=16161, routed)       1.637    -1.055    i_ariane/i_cva6/issue_stage_i/i_scoreboard/clk_out1
    SLICE_X50Y90         FDCE                                         r  i_ariane/i_cva6/issue_stage_i/i_scoreboard/commit_pointer_q_reg[0][1]/C
  -------------------------------------------------------------------    -------------------
    SLICE_X50Y90         FDCE (Prop_fdce_C_Q)         0.478    -0.577 f  i_ariane/i_cva6/issue_stage_i/i_scoreboard/commit_pointer_q_reg[0][1]/Q
                         net (fo=11, routed)          0.881     0.304    i_ariane/i_cva6/issue_stage_i/i_scoreboard/commit_pointer_q_reg[0][1]_0[1]
    SLICE_X51Y91         LUT2 (Prop_lut2_I0_O)        0.301     0.605 r  i_ariane/i_cva6/issue_stage_i/i_scoreboard/speculative_read_pointer_q[1]_i_11/O
                         net (fo=178, routed)         1.075     1.679    i_ariane/i_cva6/issue_stage_i/i_scoreboard/speculative_read_pointer_q[1]_i_11_n_0
    SLICE_X52Y92         LUT4 (Prop_lut4_I2_O)        0.152     1.831 f  i_ariane/i_cva6/issue_stage_i/i_scoreboard/speculative_read_pointer_q[1]_i_10/O
                         net (fo=2, routed)           0.638     2.469    i_ariane/i_cva6/issue_stage_i/i_scoreboard/speculative_read_pointer_q[1]_i_10_n_0
    SLICE_X53Y92         LUT4 (Prop_lut4_I3_O)        0.326     2.795 r  i_ariane/i_cva6/issue_stage_i/i_scoreboard/speculative_read_pointer_q[1]_i_3/O
                         net (fo=10, routed)          1.078     3.873    i_ariane/i_cva6/issue_stage_i/i_scoreboard/mem_q_reg[1][sbe][fu][0]_0
    SLICE_X54Y90         LUT4 (Prop_lut4_I2_O)        0.150     4.023 f  i_ariane/i_cva6/issue_stage_i/i_scoreboard/dcsr_q[step]_i_21/O
                         net (fo=1, routed)           1.079     5.102    i_ariane/i_cva6/issue_stage_i/i_scoreboard/csr_op_commit_csr[3]
    SLICE_X54Y90         LUT6 (Prop_lut6_I3_O)        0.328     5.430 r  i_ariane/i_cva6/issue_stage_i/i_scoreboard/dcsr_q[step]_i_14/O
                         net (fo=4, routed)           0.770     6.200    i_ariane/i_cva6/ex_stage_i/csr_buffer_i/privilege_violation1
    SLICE_X60Y90         LUT6 (Prop_lut6_I3_O)        0.124     6.324 f  i_ariane/i_cva6/ex_stage_i/csr_buffer_i/scause_q[8]_i_14/O
                         net (fo=2, routed)           0.591     6.916    i_ariane/i_cva6/ex_stage_i/csr_buffer_i/scause_q[8]_i_14_n_0
    SLICE_X56Y90         LUT6 (Prop_lut6_I0_O)        0.124     7.040 f  i_ariane/i_cva6/ex_stage_i/csr_buffer_i/scause_q[8]_i_9/O
                         net (fo=1, routed)           0.612     7.652    i_ariane/i_cva6/issue_stage_i/i_scoreboard/scause_q[8]_i_3_1
    SLICE_X54Y89         LUT6 (Prop_lut6_I2_O)        0.124     7.776 f  i_ariane/i_cva6/issue_stage_i/i_scoreboard/scause_q[8]_i_6/O
                         net (fo=1, routed)           0.535     8.311    i_ariane/i_cva6/issue_stage_i/i_scoreboard/scause_q[8]_i_6_n_0
    SLICE_X51Y90         LUT5 (Prop_lut5_I4_O)        0.124     8.435 f  i_ariane/i_cva6/issue_stage_i/i_scoreboard/scause_q[8]_i_3/O
                         net (fo=8, routed)           0.580     9.016    i_ariane/i_cva6/issue_stage_i/i_scoreboard/debug_mode_q_reg_1
    SLICE_X53Y91         LUT6 (Prop_lut6_I5_O)        0.124     9.140 r  i_ariane/i_cva6/issue_stage_i/i_scoreboard/FSM_sequential_state_q[3]_i_8/O
                         net (fo=3, routed)           0.417     9.556    i_ariane/i_cva6/issue_stage_i/i_scoreboard/FSM_sequential_state_q[3]_i_8_n_0
    SLICE_X53Y90         LUT6 (Prop_lut6_I1_O)        0.124     9.680 r  i_ariane/i_cva6/issue_stage_i/i_scoreboard/mem_q[0][sbe][result][31]_i_12/O
                         net (fo=54, routed)          0.961    10.642    i_ariane/i_cva6/ex_stage_i/i_mult/i_multiplier/operand_e_q[31]_i_24_0
    SLICE_X50Y93         LUT5 (Prop_lut5_I1_O)        0.150    10.792 r  i_ariane/i_cva6/ex_stage_i/i_mult/i_multiplier/mem_q[0][sbe][result][31]_i_25/O
                         net (fo=6, routed)           0.489    11.281    i_ariane/i_cva6/issue_stage_i/i_scoreboard/flu_trans_id_ex_id[0]
    SLICE_X51Y96         LUT6 (Prop_lut6_I3_O)        0.348    11.629 r  i_ariane/i_cva6/issue_stage_i/i_scoreboard/operand_e_q[31]_i_25/O
                         net (fo=14, routed)          1.000    12.629    i_ariane/i_cva6/issue_stage_i/i_scoreboard/mem_q_reg[3][sbe][rd][4]_0
    SLICE_X53Y100        LUT3 (Prop_lut3_I0_O)        0.124    12.753 f  i_ariane/i_cva6/issue_stage_i/i_scoreboard/operand_d_q[31]_i_21/O
                         net (fo=1, routed)           0.591    13.344    i_ariane/i_cva6/issue_stage_i/i_scoreboard/operand_d_q[31]_i_21_n_0
    SLICE_X53Y100        LUT6 (Prop_lut6_I2_O)        0.124    13.468 r  i_ariane/i_cva6/issue_stage_i/i_scoreboard/operand_d_q[31]_i_7/O
                         net (fo=34, routed)          0.626    14.095    i_ariane/i_cva6/issue_stage_i/i_scoreboard/operand_d_q[31]_i_7_n_0
    SLICE_X52Y99         LUT6 (Prop_lut6_I2_O)        0.124    14.219 f  i_ariane/i_cva6/issue_stage_i/i_scoreboard/mem_q[0][sbe][pc][31]_i_10/O
                         net (fo=1, routed)           0.582    14.800    i_ariane/i_cva6/id_stage_i/mem_q[0][sbe][pc][31]_i_3_2
    SLICE_X49Y97         LUT6 (Prop_lut6_I4_O)        0.124    14.924 f  i_ariane/i_cva6/id_stage_i/mem_q[0][sbe][pc][31]_i_4/O
                         net (fo=1, routed)           0.571    15.496    i_ariane/i_cva6/id_stage_i/mem_q[0][sbe][pc][31]_i_4_n_0
    SLICE_X49Y96         LUT6 (Prop_lut6_I0_O)        0.124    15.620 r  i_ariane/i_cva6/id_stage_i/mem_q[0][sbe][pc][31]_i_3/O
                         net (fo=26, routed)          0.749    16.369    i_ariane/i_cva6/issue_stage_i/i_scoreboard/issue_ack_iro_sb
    SLICE_X50Y92         LUT6 (Prop_lut6_I1_O)        0.124    16.493 r  i_ariane/i_cva6/issue_stage_i/i_scoreboard/mem_q[0][sbe][pc][31]_i_1/O
                         net (fo=52, routed)          0.897    17.390    i_ariane/i_cva6/ex_stage_i/lsu_i/i_pipe_reg_load/mem_q_reg[0][sbe][ex][tval][0]_0
    SLICE_X47Y88         LUT5 (Prop_lut5_I0_O)        0.124    17.514 r  i_ariane/i_cva6/ex_stage_i/lsu_i/i_pipe_reg_load/mem_q[0][sbe][ex][cause][31]_i_1/O
                         net (fo=38, routed)          0.979    18.494    i_ariane/i_cva6/issue_stage_i/i_scoreboard/mem_q_reg[0][sbe][ex][tval][0]_0[0]
    SLICE_X36Y82         FDCE                                         r  i_ariane/i_cva6/issue_stage_i/i_scoreboard/mem_q_reg[0][sbe][ex][tval][21]/CE
  -------------------------------------------------------------------    -------------------

                         (clock clk_out1_xlnx_clk_gen rise edge)
                                                     20.000    20.000 r  
    K17                                               0.000    20.000 r  clk_sys (IN)
                         net (fo=0)                   0.000    20.000    i_xlnx_clk_gen/inst/clk_in1
    K17                  IBUF (Prop_ibuf_I_O)         1.404    21.404 r  i_xlnx_clk_gen/inst/clkin1_ibufg/O
                         net (fo=1, routed)           1.162    22.566    i_xlnx_clk_gen/inst/clk_in1_xlnx_clk_gen
    MMCME2_ADV_X1Y2      MMCME2_ADV (Prop_mmcme2_adv_CLKIN1_CLKOUT0)
                                                     -7.814    14.752 r  i_xlnx_clk_gen/inst/mmcm_adv_inst/CLKOUT0
                         net (fo=1, routed)           2.012    16.764    i_xlnx_clk_gen/inst/clk_out1_xlnx_clk_gen
    BUFGCTRL_X0Y16       BUFG (Prop_bufg_I_O)         0.091    16.855 r  i_xlnx_clk_gen/inst/clkout1_buf/O
                         net (fo=16161, routed)       1.471    18.326    i_ariane/i_cva6/issue_stage_i/i_scoreboard/clk_out1
    SLICE_X36Y82         FDCE                                         r  i_ariane/i_cva6/issue_stage_i/i_scoreboard/mem_q_reg[0][sbe][ex][tval][21]/C
                         clock pessimism              0.467    18.792    
                         clock uncertainty           -0.079    18.713    
    SLICE_X36Y82         FDCE (Setup_fdce_C_CE)      -0.169    18.544    i_ariane/i_cva6/issue_stage_i/i_scoreboard/mem_q_reg[0][sbe][ex][tval][21]
  -------------------------------------------------------------------
                         required time                         18.544    
                         arrival time                         -18.494    
  -------------------------------------------------------------------
                         slack                                  0.051    

Slack (MET) :             0.051ns  (required time - arrival time)
  Source:                 i_ariane/i_cva6/issue_stage_i/i_scoreboard/commit_pointer_q_reg[0][1]/C
                            (rising edge-triggered cell FDCE clocked by clk_out1_xlnx_clk_gen  {rise@0.000ns fall@10.000ns period=20.000ns})
  Destination:            i_ariane/i_cva6/issue_stage_i/i_scoreboard/mem_q_reg[0][sbe][ex][tval][25]/CE
                            (rising edge-triggered cell FDCE clocked by clk_out1_xlnx_clk_gen  {rise@0.000ns fall@10.000ns period=20.000ns})
  Path Group:             clk_out1_xlnx_clk_gen
  Path Type:              Setup (Max at Slow Process Corner)
  Requirement:            20.000ns  (clk_out1_xlnx_clk_gen rise@20.000ns - clk_out1_xlnx_clk_gen rise@0.000ns)
  Data Path Delay:        19.549ns  (logic 3.845ns (19.669%)  route 15.704ns (80.331%))
  Logic Levels:           20  (LUT2=1 LUT3=1 LUT4=3 LUT5=3 LUT6=12)
  Clock Path Skew:        -0.152ns (DCD - SCD + CPR)
    Destination Clock Delay (DCD):    -1.674ns = ( 18.326 - 20.000 ) 
    Source Clock Delay      (SCD):    -1.055ns
    Clock Pessimism Removal (CPR):    0.467ns
  Clock Uncertainty:      0.079ns  ((TSJ^2 + DJ^2)^1/2) / 2 + PE
    Total System Jitter     (TSJ):    0.071ns
    Discrete Jitter          (DJ):    0.142ns
    Phase Error              (PE):    0.000ns

    Location             Delay type                Incr(ns)  Path(ns)    Netlist Resource(s)
  -------------------------------------------------------------------    -------------------
                         (clock clk_out1_xlnx_clk_gen rise edge)
                                                      0.000     0.000 r  
    K17                                               0.000     0.000 r  clk_sys (IN)
                         net (fo=0)                   0.000     0.000    i_xlnx_clk_gen/inst/clk_in1
    K17                  IBUF (Prop_ibuf_I_O)         1.475     1.475 r  i_xlnx_clk_gen/inst/clkin1_ibufg/O
                         net (fo=1, routed)           1.285     2.760    i_xlnx_clk_gen/inst/clk_in1_xlnx_clk_gen
    MMCME2_ADV_X1Y2      MMCME2_ADV (Prop_mmcme2_adv_CLKIN1_CLKOUT0)
                                                     -7.759    -4.999 r  i_xlnx_clk_gen/inst/mmcm_adv_inst/CLKOUT0
                         net (fo=1, routed)           2.206    -2.793    i_xlnx_clk_gen/inst/clk_out1_xlnx_clk_gen
    BUFGCTRL_X0Y16       BUFG (Prop_bufg_I_O)         0.101    -2.692 r  i_xlnx_clk_gen/inst/clkout1_buf/O
                         net (fo=16161, routed)       1.637    -1.055    i_ariane/i_cva6/issue_stage_i/i_scoreboard/clk_out1
    SLICE_X50Y90         FDCE                                         r  i_ariane/i_cva6/issue_stage_i/i_scoreboard/commit_pointer_q_reg[0][1]/C
  -------------------------------------------------------------------    -------------------
    SLICE_X50Y90         FDCE (Prop_fdce_C_Q)         0.478    -0.577 f  i_ariane/i_cva6/issue_stage_i/i_scoreboard/commit_pointer_q_reg[0][1]/Q
                         net (fo=11, routed)          0.881     0.304    i_ariane/i_cva6/issue_stage_i/i_scoreboard/commit_pointer_q_reg[0][1]_0[1]
    SLICE_X51Y91         LUT2 (Prop_lut2_I0_O)        0.301     0.605 r  i_ariane/i_cva6/issue_stage_i/i_scoreboard/speculative_read_pointer_q[1]_i_11/O
                         net (fo=178, routed)         1.075     1.679    i_ariane/i_cva6/issue_stage_i/i_scoreboard/speculative_read_pointer_q[1]_i_11_n_0
    SLICE_X52Y92         LUT4 (Prop_lut4_I2_O)        0.152     1.831 f  i_ariane/i_cva6/issue_stage_i/i_scoreboard/speculative_read_pointer_q[1]_i_10/O
                         net (fo=2, routed)           0.638     2.469    i_ariane/i_cva6/issue_stage_i/i_scoreboard/speculative_read_pointer_q[1]_i_10_n_0
    SLICE_X53Y92         LUT4 (Prop_lut4_I3_O)        0.326     2.795 r  i_ariane/i_cva6/issue_stage_i/i_scoreboard/speculative_read_pointer_q[1]_i_3/O
                         net (fo=10, routed)          1.078     3.873    i_ariane/i_cva6/issue_stage_i/i_scoreboard/mem_q_reg[1][sbe][fu][0]_0
    SLICE_X54Y90         LUT4 (Prop_lut4_I2_O)        0.150     4.023 f  i_ariane/i_cva6/issue_stage_i/i_scoreboard/dcsr_q[step]_i_21/O
                         net (fo=1, routed)           1.079     5.102    i_ariane/i_cva6/issue_stage_i/i_scoreboard/csr_op_commit_csr[3]
    SLICE_X54Y90         LUT6 (Prop_lut6_I3_O)        0.328     5.430 r  i_ariane/i_cva6/issue_stage_i/i_scoreboard/dcsr_q[step]_i_14/O
                         net (fo=4, routed)           0.770     6.200    i_ariane/i_cva6/ex_stage_i/csr_buffer_i/privilege_violation1
    SLICE_X60Y90         LUT6 (Prop_lut6_I3_O)        0.124     6.324 f  i_ariane/i_cva6/ex_stage_i/csr_buffer_i/scause_q[8]_i_14/O
                         net (fo=2, routed)           0.591     6.916    i_ariane/i_cva6/ex_stage_i/csr_buffer_i/scause_q[8]_i_14_n_0
    SLICE_X56Y90         LUT6 (Prop_lut6_I0_O)        0.124     7.040 f  i_ariane/i_cva6/ex_stage_i/csr_buffer_i/scause_q[8]_i_9/O
                         net (fo=1, routed)           0.612     7.652    i_ariane/i_cva6/issue_stage_i/i_scoreboard/scause_q[8]_i_3_1
    SLICE_X54Y89         LUT6 (Prop_lut6_I2_O)        0.124     7.776 f  i_ariane/i_cva6/issue_stage_i/i_scoreboard/scause_q[8]_i_6/O
                         net (fo=1, routed)           0.535     8.311    i_ariane/i_cva6/issue_stage_i/i_scoreboard/scause_q[8]_i_6_n_0
    SLICE_X51Y90         LUT5 (Prop_lut5_I4_O)        0.124     8.435 f  i_ariane/i_cva6/issue_stage_i/i_scoreboard/scause_q[8]_i_3/O
                         net (fo=8, routed)           0.580     9.016    i_ariane/i_cva6/issue_stage_i/i_scoreboard/debug_mode_q_reg_1
    SLICE_X53Y91         LUT6 (Prop_lut6_I5_O)        0.124     9.140 r  i_ariane/i_cva6/issue_stage_i/i_scoreboard/FSM_sequential_state_q[3]_i_8/O
                         net (fo=3, routed)           0.417     9.556    i_ariane/i_cva6/issue_stage_i/i_scoreboard/FSM_sequential_state_q[3]_i_8_n_0
    SLICE_X53Y90         LUT6 (Prop_lut6_I1_O)        0.124     9.680 r  i_ariane/i_cva6/issue_stage_i/i_scoreboard/mem_q[0][sbe][result][31]_i_12/O
                         net (fo=54, routed)          0.961    10.642    i_ariane/i_cva6/ex_stage_i/i_mult/i_multiplier/operand_e_q[31]_i_24_0
    SLICE_X50Y93         LUT5 (Prop_lut5_I1_O)        0.150    10.792 r  i_ariane/i_cva6/ex_stage_i/i_mult/i_multiplier/mem_q[0][sbe][result][31]_i_25/O
                         net (fo=6, routed)           0.489    11.281    i_ariane/i_cva6/issue_stage_i/i_scoreboard/flu_trans_id_ex_id[0]
    SLICE_X51Y96         LUT6 (Prop_lut6_I3_O)        0.348    11.629 r  i_ariane/i_cva6/issue_stage_i/i_scoreboard/operand_e_q[31]_i_25/O
                         net (fo=14, routed)          1.000    12.629    i_ariane/i_cva6/issue_stage_i/i_scoreboard/mem_q_reg[3][sbe][rd][4]_0
    SLICE_X53Y100        LUT3 (Prop_lut3_I0_O)        0.124    12.753 f  i_ariane/i_cva6/issue_stage_i/i_scoreboard/operand_d_q[31]_i_21/O
                         net (fo=1, routed)           0.591    13.344    i_ariane/i_cva6/issue_stage_i/i_scoreboard/operand_d_q[31]_i_21_n_0
    SLICE_X53Y100        LUT6 (Prop_lut6_I2_O)        0.124    13.468 r  i_ariane/i_cva6/issue_stage_i/i_scoreboard/operand_d_q[31]_i_7/O
                         net (fo=34, routed)          0.626    14.095    i_ariane/i_cva6/issue_stage_i/i_scoreboard/operand_d_q[31]_i_7_n_0
    SLICE_X52Y99         LUT6 (Prop_lut6_I2_O)        0.124    14.219 f  i_ariane/i_cva6/issue_stage_i/i_scoreboard/mem_q[0][sbe][pc][31]_i_10/O
                         net (fo=1, routed)           0.582    14.800    i_ariane/i_cva6/id_stage_i/mem_q[0][sbe][pc][31]_i_3_2
    SLICE_X49Y97         LUT6 (Prop_lut6_I4_O)        0.124    14.924 f  i_ariane/i_cva6/id_stage_i/mem_q[0][sbe][pc][31]_i_4/O
                         net (fo=1, routed)           0.571    15.496    i_ariane/i_cva6/id_stage_i/mem_q[0][sbe][pc][31]_i_4_n_0
    SLICE_X49Y96         LUT6 (Prop_lut6_I0_O)        0.124    15.620 r  i_ariane/i_cva6/id_stage_i/mem_q[0][sbe][pc][31]_i_3/O
                         net (fo=26, routed)          0.749    16.369    i_ariane/i_cva6/issue_stage_i/i_scoreboard/issue_ack_iro_sb
    SLICE_X50Y92         LUT6 (Prop_lut6_I1_O)        0.124    16.493 r  i_ariane/i_cva6/issue_stage_i/i_scoreboard/mem_q[0][sbe][pc][31]_i_1/O
                         net (fo=52, routed)          0.897    17.390    i_ariane/i_cva6/ex_stage_i/lsu_i/i_pipe_reg_load/mem_q_reg[0][sbe][ex][tval][0]_0
    SLICE_X47Y88         LUT5 (Prop_lut5_I0_O)        0.124    17.514 r  i_ariane/i_cva6/ex_stage_i/lsu_i/i_pipe_reg_load/mem_q[0][sbe][ex][cause][31]_i_1/O
                         net (fo=38, routed)          0.979    18.494    i_ariane/i_cva6/issue_stage_i/i_scoreboard/mem_q_reg[0][sbe][ex][tval][0]_0[0]
    SLICE_X36Y82         FDCE                                         r  i_ariane/i_cva6/issue_stage_i/i_scoreboard/mem_q_reg[0][sbe][ex][tval][25]/CE
  -------------------------------------------------------------------    -------------------

                         (clock clk_out1_xlnx_clk_gen rise edge)
                                                     20.000    20.000 r  
    K17                                               0.000    20.000 r  clk_sys (IN)
                         net (fo=0)                   0.000    20.000    i_xlnx_clk_gen/inst/clk_in1
    K17                  IBUF (Prop_ibuf_I_O)         1.404    21.404 r  i_xlnx_clk_gen/inst/clkin1_ibufg/O
                         net (fo=1, routed)           1.162    22.566    i_xlnx_clk_gen/inst/clk_in1_xlnx_clk_gen
    MMCME2_ADV_X1Y2      MMCME2_ADV (Prop_mmcme2_adv_CLKIN1_CLKOUT0)
                                                     -7.814    14.752 r  i_xlnx_clk_gen/inst/mmcm_adv_inst/CLKOUT0
                         net (fo=1, routed)           2.012    16.764    i_xlnx_clk_gen/inst/clk_out1_xlnx_clk_gen
    BUFGCTRL_X0Y16       BUFG (Prop_bufg_I_O)         0.091    16.855 r  i_xlnx_clk_gen/inst/clkout1_buf/O
                         net (fo=16161, routed)       1.471    18.326    i_ariane/i_cva6/issue_stage_i/i_scoreboard/clk_out1
    SLICE_X36Y82         FDCE                                         r  i_ariane/i_cva6/issue_stage_i/i_scoreboard/mem_q_reg[0][sbe][ex][tval][25]/C
                         clock pessimism              0.467    18.792    
                         clock uncertainty           -0.079    18.713    
    SLICE_X36Y82         FDCE (Setup_fdce_C_CE)      -0.169    18.544    i_ariane/i_cva6/issue_stage_i/i_scoreboard/mem_q_reg[0][sbe][ex][tval][25]
  -------------------------------------------------------------------
                         required time                         18.544    
                         arrival time                         -18.494    
  -------------------------------------------------------------------
                         slack                                  0.051    





Min Delay Paths
--------------------------------------------------------------------------------------
Slack (MET) :             0.051ns  (arrival time - required time)
  Source:                 i_axi_xbar/i_xbar/gen_mst_port_mux[5].i_axi_mux/gen_mux.i_b_spill_reg/spill_register_flushable_i/gen_spill_reg.a_data_q_reg[id][3]/C
                            (rising edge-triggered cell FDCE clocked by clk_out1_xlnx_clk_gen  {rise@0.000ns fall@10.000ns period=20.000ns})
  Destination:            i_axi_xbar/i_xbar/gen_mst_port_mux[5].i_axi_mux/gen_mux.i_b_spill_reg/spill_register_flushable_i/gen_spill_reg.b_data_q_reg[id][3]/D
                            (rising edge-triggered cell FDCE clocked by clk_out1_xlnx_clk_gen  {rise@0.000ns fall@10.000ns period=20.000ns})
  Path Group:             clk_out1_xlnx_clk_gen
  Path Type:              Hold (Min at Fast Process Corner)
  Requirement:            0.000ns  (clk_out1_xlnx_clk_gen rise@0.000ns - clk_out1_xlnx_clk_gen rise@0.000ns)
  Data Path Delay:        0.388ns  (logic 0.164ns (42.315%)  route 0.224ns (57.685%))
  Logic Levels:           0  
  Clock Path Skew:        0.264ns (DCD - SCD - CPR)
    Destination Clock Delay (DCD):    -0.896ns
    Source Clock Delay      (SCD):    -0.658ns
    Clock Pessimism Removal (CPR):    -0.503ns

    Location             Delay type                Incr(ns)  Path(ns)    Netlist Resource(s)
  -------------------------------------------------------------------    -------------------
                         (clock clk_out1_xlnx_clk_gen rise edge)
                                                      0.000     0.000 r  
    K17                                               0.000     0.000 r  clk_sys (IN)
                         net (fo=0)                   0.000     0.000    i_xlnx_clk_gen/inst/clk_in1
    K17                  IBUF (Prop_ibuf_I_O)         0.243     0.243 r  i_xlnx_clk_gen/inst/clkin1_ibufg/O
                         net (fo=1, routed)           0.440     0.683    i_xlnx_clk_gen/inst/clk_in1_xlnx_clk_gen
    MMCME2_ADV_X1Y2      MMCME2_ADV (Prop_mmcme2_adv_CLKIN1_CLKOUT0)
                                                     -2.613    -1.930 r  i_xlnx_clk_gen/inst/mmcm_adv_inst/CLKOUT0
                         net (fo=1, routed)           0.696    -1.233    i_xlnx_clk_gen/inst/clk_out1_xlnx_clk_gen
    BUFGCTRL_X0Y16       BUFG (Prop_bufg_I_O)         0.026    -1.207 r  i_xlnx_clk_gen/inst/clkout1_buf/O
                         net (fo=16161, routed)       0.550    -0.658    i_axi_xbar/i_xbar/gen_mst_port_mux[5].i_axi_mux/gen_mux.i_b_spill_reg/spill_register_flushable_i/clk_out1
    SLICE_X50Y30         FDCE                                         r  i_axi_xbar/i_xbar/gen_mst_port_mux[5].i_axi_mux/gen_mux.i_b_spill_reg/spill_register_flushable_i/gen_spill_reg.a_data_q_reg[id][3]/C
  -------------------------------------------------------------------    -------------------
    SLICE_X50Y30         FDCE (Prop_fdce_C_Q)         0.164    -0.494 r  i_axi_xbar/i_xbar/gen_mst_port_mux[5].i_axi_mux/gen_mux.i_b_spill_reg/spill_register_flushable_i/gen_spill_reg.a_data_q_reg[id][3]/Q
                         net (fo=2, routed)           0.224    -0.270    i_axi_xbar/i_xbar/gen_mst_port_mux[5].i_axi_mux/gen_mux.i_b_spill_reg/spill_register_flushable_i/gen_spill_reg.a_data_q_reg[id_n_0_][3]
    SLICE_X48Y30         FDCE                                         r  i_axi_xbar/i_xbar/gen_mst_port_mux[5].i_axi_mux/gen_mux.i_b_spill_reg/spill_register_flushable_i/gen_spill_reg.b_data_q_reg[id][3]/D
  -------------------------------------------------------------------    -------------------

                         (clock clk_out1_xlnx_clk_gen rise edge)
                                                      0.000     0.000 r  
    K17                                               0.000     0.000 r  clk_sys (IN)
                         net (fo=0)                   0.000     0.000    i_xlnx_clk_gen/inst/clk_in1
    K17                  IBUF (Prop_ibuf_I_O)         0.431     0.431 r  i_xlnx_clk_gen/inst/clkin1_ibufg/O
                         net (fo=1, routed)           0.480     0.911    i_xlnx_clk_gen/inst/clk_in1_xlnx_clk_gen
    MMCME2_ADV_X1Y2      MMCME2_ADV (Prop_mmcme2_adv_CLKIN1_CLKOUT0)
                                                     -3.407    -2.496 r  i_xlnx_clk_gen/inst/mmcm_adv_inst/CLKOUT0
                         net (fo=1, routed)           0.752    -1.744    i_xlnx_clk_gen/inst/clk_out1_xlnx_clk_gen
    BUFGCTRL_X0Y16       BUFG (Prop_bufg_I_O)         0.029    -1.715 r  i_xlnx_clk_gen/inst/clkout1_buf/O
                         net (fo=16161, routed)       0.819    -0.896    i_axi_xbar/i_xbar/gen_mst_port_mux[5].i_axi_mux/gen_mux.i_b_spill_reg/spill_register_flushable_i/clk_out1
    SLICE_X48Y30         FDCE                                         r  i_axi_xbar/i_xbar/gen_mst_port_mux[5].i_axi_mux/gen_mux.i_b_spill_reg/spill_register_flushable_i/gen_spill_reg.b_data_q_reg[id][3]/C
                         clock pessimism              0.503    -0.393    
    SLICE_X48Y30         FDCE (Hold_fdce_C_D)         0.072    -0.321    i_axi_xbar/i_xbar/gen_mst_port_mux[5].i_axi_mux/gen_mux.i_b_spill_reg/spill_register_flushable_i/gen_spill_reg.b_data_q_reg[id][3]
  -------------------------------------------------------------------
                         required time                          0.321    
                         arrival time                          -0.270    
  -------------------------------------------------------------------
                         slack                                  0.051    

Slack (MET) :             0.055ns  (arrival time - required time)
  Source:                 i_axi_xbar/i_xbar/gen_slv_port_demux[0].i_axi_demux/gen_demux.i_r_spill_reg/spill_register_flushable_i/gen_spill_reg.b_data_q_reg[data][3]/C
                            (rising edge-triggered cell FDCE clocked by clk_out1_xlnx_clk_gen  {rise@0.000ns fall@10.000ns period=20.000ns})
  Destination:            i_ariane/i_cva6/gen_cache_wt.i_cache_subsystem/i_adapter/icache_rd_shift_q_reg[0][3]/D
                            (rising edge-triggered cell FDCE clocked by clk_out1_xlnx_clk_gen  {rise@0.000ns fall@10.000ns period=20.000ns})
  Path Group:             clk_out1_xlnx_clk_gen
  Path Type:              Hold (Min at Fast Process Corner)
  Requirement:            0.000ns  (clk_out1_xlnx_clk_gen rise@0.000ns - clk_out1_xlnx_clk_gen rise@0.000ns)
  Data Path Delay:        0.436ns  (logic 0.186ns (42.621%)  route 0.250ns (57.379%))
  Logic Levels:           1  (LUT5=1)
  Clock Path Skew:        0.260ns (DCD - SCD - CPR)
    Destination Clock Delay (DCD):    -0.896ns
    Source Clock Delay      (SCD):    -0.654ns
    Clock Pessimism Removal (CPR):    -0.503ns

    Location             Delay type                Incr(ns)  Path(ns)    Netlist Resource(s)
  -------------------------------------------------------------------    -------------------
                         (clock clk_out1_xlnx_clk_gen rise edge)
                                                      0.000     0.000 r  
    K17                                               0.000     0.000 r  clk_sys (IN)
                         net (fo=0)                   0.000     0.000    i_xlnx_clk_gen/inst/clk_in1
    K17                  IBUF (Prop_ibuf_I_O)         0.243     0.243 r  i_xlnx_clk_gen/inst/clkin1_ibufg/O
                         net (fo=1, routed)           0.440     0.683    i_xlnx_clk_gen/inst/clk_in1_xlnx_clk_gen
    MMCME2_ADV_X1Y2      MMCME2_ADV (Prop_mmcme2_adv_CLKIN1_CLKOUT0)
                                                     -2.613    -1.930 r  i_xlnx_clk_gen/inst/mmcm_adv_inst/CLKOUT0
                         net (fo=1, routed)           0.696    -1.233    i_xlnx_clk_gen/inst/clk_out1_xlnx_clk_gen
    BUFGCTRL_X0Y16       BUFG (Prop_bufg_I_O)         0.026    -1.207 r  i_xlnx_clk_gen/inst/clkout1_buf/O
                         net (fo=16161, routed)       0.554    -0.654    i_axi_xbar/i_xbar/gen_slv_port_demux[0].i_axi_demux/gen_demux.i_r_spill_reg/spill_register_flushable_i/clk_out1
    SLICE_X49Y58         FDCE                                         r  i_axi_xbar/i_xbar/gen_slv_port_demux[0].i_axi_demux/gen_demux.i_r_spill_reg/spill_register_flushable_i/gen_spill_reg.b_data_q_reg[data][3]/C
  -------------------------------------------------------------------    -------------------
    SLICE_X49Y58         FDCE (Prop_fdce_C_Q)         0.141    -0.513 r  i_axi_xbar/i_xbar/gen_slv_port_demux[0].i_axi_demux/gen_demux.i_r_spill_reg/spill_register_flushable_i/gen_spill_reg.b_data_q_reg[data][3]/Q
                         net (fo=3, routed)           0.250    -0.262    i_axi_xbar/i_xbar/gen_slv_port_demux[0].i_axi_demux/gen_demux.i_r_spill_reg/spill_register_flushable_i/gen_spill_reg.b_data_q_reg[data][3]
    SLICE_X50Y58         LUT5 (Prop_lut5_I0_O)        0.045    -0.217 r  i_axi_xbar/i_xbar/gen_slv_port_demux[0].i_axi_demux/gen_demux.i_r_spill_reg/spill_register_flushable_i/icache_rd_shift_q[0][3]_i_1/O
                         net (fo=1, routed)           0.000    -0.217    i_ariane/i_cva6/gen_cache_wt.i_cache_subsystem/i_adapter/icache_rd_shift_q_reg[0][63]_0[2]
    SLICE_X50Y58         FDCE                                         r  i_ariane/i_cva6/gen_cache_wt.i_cache_subsystem/i_adapter/icache_rd_shift_q_reg[0][3]/D
  -------------------------------------------------------------------    -------------------

                         (clock clk_out1_xlnx_clk_gen rise edge)
                                                      0.000     0.000 r  
    K17                                               0.000     0.000 r  clk_sys (IN)
                         net (fo=0)                   0.000     0.000    i_xlnx_clk_gen/inst/clk_in1
    K17                  IBUF (Prop_ibuf_I_O)         0.431     0.431 r  i_xlnx_clk_gen/inst/clkin1_ibufg/O
                         net (fo=1, routed)           0.480     0.911    i_xlnx_clk_gen/inst/clk_in1_xlnx_clk_gen
    MMCME2_ADV_X1Y2      MMCME2_ADV (Prop_mmcme2_adv_CLKIN1_CLKOUT0)
                                                     -3.407    -2.496 r  i_xlnx_clk_gen/inst/mmcm_adv_inst/CLKOUT0
                         net (fo=1, routed)           0.752    -1.744    i_xlnx_clk_gen/inst/clk_out1_xlnx_clk_gen
    BUFGCTRL_X0Y16       BUFG (Prop_bufg_I_O)         0.029    -1.715 r  i_xlnx_clk_gen/inst/clkout1_buf/O
                         net (fo=16161, routed)       0.819    -0.896    i_ariane/i_cva6/gen_cache_wt.i_cache_subsystem/i_adapter/clk_out1
    SLICE_X50Y58         FDCE                                         r  i_ariane/i_cva6/gen_cache_wt.i_cache_subsystem/i_adapter/icache_rd_shift_q_reg[0][3]/C
                         clock pessimism              0.503    -0.393    
    SLICE_X50Y58         FDCE (Hold_fdce_C_D)         0.121    -0.272    i_ariane/i_cva6/gen_cache_wt.i_cache_subsystem/i_adapter/icache_rd_shift_q_reg[0][3]
  -------------------------------------------------------------------
                         required time                          0.272    
                         arrival time                          -0.217    
  -------------------------------------------------------------------
                         slack                                  0.055    

Slack (MET) :             0.056ns  (arrival time - required time)
  Source:                 i_axi_xbar/i_xbar/gen_mst_port_mux[5].i_axi_mux/gen_mux.i_b_spill_reg/spill_register_flushable_i/gen_spill_reg.a_data_q_reg[id][4]/C
                            (rising edge-triggered cell FDCE clocked by clk_out1_xlnx_clk_gen  {rise@0.000ns fall@10.000ns period=20.000ns})
  Destination:            i_axi_xbar/i_xbar/gen_mst_port_mux[5].i_axi_mux/gen_mux.i_b_spill_reg/spill_register_flushable_i/gen_spill_reg.b_data_q_reg[id][4]/D
                            (rising edge-triggered cell FDCE clocked by clk_out1_xlnx_clk_gen  {rise@0.000ns fall@10.000ns period=20.000ns})
  Path Group:             clk_out1_xlnx_clk_gen
  Path Type:              Hold (Min at Fast Process Corner)
  Requirement:            0.000ns  (clk_out1_xlnx_clk_gen rise@0.000ns - clk_out1_xlnx_clk_gen rise@0.000ns)
  Data Path Delay:        0.337ns  (logic 0.148ns (43.889%)  route 0.189ns (56.111%))
  Logic Levels:           0  
  Clock Path Skew:        0.264ns (DCD - SCD - CPR)
    Destination Clock Delay (DCD):    -0.896ns
    Source Clock Delay      (SCD):    -0.658ns
    Clock Pessimism Removal (CPR):    -0.503ns

    Location             Delay type                Incr(ns)  Path(ns)    Netlist Resource(s)
  -------------------------------------------------------------------    -------------------
                         (clock clk_out1_xlnx_clk_gen rise edge)
                                                      0.000     0.000 r  
    K17                                               0.000     0.000 r  clk_sys (IN)
                         net (fo=0)                   0.000     0.000    i_xlnx_clk_gen/inst/clk_in1
    K17                  IBUF (Prop_ibuf_I_O)         0.243     0.243 r  i_xlnx_clk_gen/inst/clkin1_ibufg/O
                         net (fo=1, routed)           0.440     0.683    i_xlnx_clk_gen/inst/clk_in1_xlnx_clk_gen
    MMCME2_ADV_X1Y2      MMCME2_ADV (Prop_mmcme2_adv_CLKIN1_CLKOUT0)
                                                     -2.613    -1.930 r  i_xlnx_clk_gen/inst/mmcm_adv_inst/CLKOUT0
                         net (fo=1, routed)           0.696    -1.233    i_xlnx_clk_gen/inst/clk_out1_xlnx_clk_gen
    BUFGCTRL_X0Y16       BUFG (Prop_bufg_I_O)         0.026    -1.207 r  i_xlnx_clk_gen/inst/clkout1_buf/O
                         net (fo=16161, routed)       0.550    -0.658    i_axi_xbar/i_xbar/gen_mst_port_mux[5].i_axi_mux/gen_mux.i_b_spill_reg/spill_register_flushable_i/clk_out1
    SLICE_X50Y30         FDCE                                         r  i_axi_xbar/i_xbar/gen_mst_port_mux[5].i_axi_mux/gen_mux.i_b_spill_reg/spill_register_flushable_i/gen_spill_reg.a_data_q_reg[id][4]/C
  -------------------------------------------------------------------    -------------------
    SLICE_X50Y30         FDCE (Prop_fdce_C_Q)         0.148    -0.510 r  i_axi_xbar/i_xbar/gen_mst_port_mux[5].i_axi_mux/gen_mux.i_b_spill_reg/spill_register_flushable_i/gen_spill_reg.a_data_q_reg[id][4]/Q
                         net (fo=4, routed)           0.189    -0.320    i_axi_xbar/i_xbar/gen_mst_port_mux[5].i_axi_mux/gen_mux.i_b_spill_reg/spill_register_flushable_i/gen_spill_reg.a_data_q_reg[id_n_0_][4]
    SLICE_X48Y30         FDCE                                         r  i_axi_xbar/i_xbar/gen_mst_port_mux[5].i_axi_mux/gen_mux.i_b_spill_reg/spill_register_flushable_i/gen_spill_reg.b_data_q_reg[id][4]/D
  -------------------------------------------------------------------    -------------------

                         (clock clk_out1_xlnx_clk_gen rise edge)
                                                      0.000     0.000 r  
    K17                                               0.000     0.000 r  clk_sys (IN)
                         net (fo=0)                   0.000     0.000    i_xlnx_clk_gen/inst/clk_in1
    K17                  IBUF (Prop_ibuf_I_O)         0.431     0.431 r  i_xlnx_clk_gen/inst/clkin1_ibufg/O
                         net (fo=1, routed)           0.480     0.911    i_xlnx_clk_gen/inst/clk_in1_xlnx_clk_gen
    MMCME2_ADV_X1Y2      MMCME2_ADV (Prop_mmcme2_adv_CLKIN1_CLKOUT0)
                                                     -3.407    -2.496 r  i_xlnx_clk_gen/inst/mmcm_adv_inst/CLKOUT0
                         net (fo=1, routed)           0.752    -1.744    i_xlnx_clk_gen/inst/clk_out1_xlnx_clk_gen
    BUFGCTRL_X0Y16       BUFG (Prop_bufg_I_O)         0.029    -1.715 r  i_xlnx_clk_gen/inst/clkout1_buf/O
                         net (fo=16161, routed)       0.819    -0.896    i_axi_xbar/i_xbar/gen_mst_port_mux[5].i_axi_mux/gen_mux.i_b_spill_reg/spill_register_flushable_i/clk_out1
    SLICE_X48Y30         FDCE                                         r  i_axi_xbar/i_xbar/gen_mst_port_mux[5].i_axi_mux/gen_mux.i_b_spill_reg/spill_register_flushable_i/gen_spill_reg.b_data_q_reg[id][4]/C
                         clock pessimism              0.503    -0.393    
    SLICE_X48Y30         FDCE (Hold_fdce_C_D)         0.017    -0.376    i_axi_xbar/i_xbar/gen_mst_port_mux[5].i_axi_mux/gen_mux.i_b_spill_reg/spill_register_flushable_i/gen_spill_reg.b_data_q_reg[id][4]
  -------------------------------------------------------------------
                         required time                          0.376    
                         arrival time                          -0.320    
  -------------------------------------------------------------------
                         slack                                  0.056    

Slack (MET) :             0.056ns  (arrival time - required time)
  Source:                 i_axi_xbar/i_xbar/gen_slv_port_demux[0].i_axi_demux/gen_demux.i_aw_spill_reg/spill_register_flushable_i/gen_spill_reg.a_data_q_reg[aw_select][1]/C
                            (rising edge-triggered cell FDCE clocked by clk_out1_xlnx_clk_gen  {rise@0.000ns fall@10.000ns period=20.000ns})
  Destination:            i_axi_xbar/i_xbar/gen_slv_port_demux[0].i_axi_demux/gen_demux.i_aw_spill_reg/spill_register_flushable_i/gen_spill_reg.b_data_q_reg[aw_select][1]/D
                            (rising edge-triggered cell FDCE clocked by clk_out1_xlnx_clk_gen  {rise@0.000ns fall@10.000ns period=20.000ns})
  Path Group:             clk_out1_xlnx_clk_gen
  Path Type:              Hold (Min at Fast Process Corner)
  Requirement:            0.000ns  (clk_out1_xlnx_clk_gen rise@0.000ns - clk_out1_xlnx_clk_gen rise@0.000ns)
  Data Path Delay:        0.401ns  (logic 0.164ns (40.857%)  route 0.237ns (59.143%))
  Logic Levels:           0  
  Clock Path Skew:        0.274ns (DCD - SCD - CPR)
    Destination Clock Delay (DCD):    -0.861ns
    Source Clock Delay      (SCD):    -0.628ns
    Clock Pessimism Removal (CPR):    -0.508ns

    Location             Delay type                Incr(ns)  Path(ns)    Netlist Resource(s)
  -------------------------------------------------------------------    -------------------
                         (clock clk_out1_xlnx_clk_gen rise edge)
                                                      0.000     0.000 r  
    K17                                               0.000     0.000 r  clk_sys (IN)
                         net (fo=0)                   0.000     0.000    i_xlnx_clk_gen/inst/clk_in1
    K17                  IBUF (Prop_ibuf_I_O)         0.243     0.243 r  i_xlnx_clk_gen/inst/clkin1_ibufg/O
                         net (fo=1, routed)           0.440     0.683    i_xlnx_clk_gen/inst/clk_in1_xlnx_clk_gen
    MMCME2_ADV_X1Y2      MMCME2_ADV (Prop_mmcme2_adv_CLKIN1_CLKOUT0)
                                                     -2.613    -1.930 r  i_xlnx_clk_gen/inst/mmcm_adv_inst/CLKOUT0
                         net (fo=1, routed)           0.696    -1.233    i_xlnx_clk_gen/inst/clk_out1_xlnx_clk_gen
    BUFGCTRL_X0Y16       BUFG (Prop_bufg_I_O)         0.026    -1.207 r  i_xlnx_clk_gen/inst/clkout1_buf/O
                         net (fo=16161, routed)       0.580    -0.628    i_axi_xbar/i_xbar/gen_slv_port_demux[0].i_axi_demux/gen_demux.i_aw_spill_reg/spill_register_flushable_i/clk_out1
    SLICE_X62Y51         FDCE                                         r  i_axi_xbar/i_xbar/gen_slv_port_demux[0].i_axi_demux/gen_demux.i_aw_spill_reg/spill_register_flushable_i/gen_spill_reg.a_data_q_reg[aw_select][1]/C
  -------------------------------------------------------------------    -------------------
    SLICE_X62Y51         FDCE (Prop_fdce_C_Q)         0.164    -0.464 r  i_axi_xbar/i_xbar/gen_slv_port_demux[0].i_axi_demux/gen_demux.i_aw_spill_reg/spill_register_flushable_i/gen_spill_reg.a_data_q_reg[aw_select][1]/Q
                         net (fo=2, routed)           0.237    -0.226    i_axi_xbar/i_xbar/gen_slv_port_demux[0].i_axi_demux/gen_demux.i_aw_spill_reg/spill_register_flushable_i/gen_spill_reg.a_data_q_reg[aw_select_n_0_][1]
    SLICE_X63Y47         FDCE                                         r  i_axi_xbar/i_xbar/gen_slv_port_demux[0].i_axi_demux/gen_demux.i_aw_spill_reg/spill_register_flushable_i/gen_spill_reg.b_data_q_reg[aw_select][1]/D
  -------------------------------------------------------------------    -------------------

                         (clock clk_out1_xlnx_clk_gen rise edge)
                                                      0.000     0.000 r  
    K17                                               0.000     0.000 r  clk_sys (IN)
                         net (fo=0)                   0.000     0.000    i_xlnx_clk_gen/inst/clk_in1
    K17                  IBUF (Prop_ibuf_I_O)         0.431     0.431 r  i_xlnx_clk_gen/inst/clkin1_ibufg/O
                         net (fo=1, routed)           0.480     0.911    i_xlnx_clk_gen/inst/clk_in1_xlnx_clk_gen
    MMCME2_ADV_X1Y2      MMCME2_ADV (Prop_mmcme2_adv_CLKIN1_CLKOUT0)
                                                     -3.407    -2.496 r  i_xlnx_clk_gen/inst/mmcm_adv_inst/CLKOUT0
                         net (fo=1, routed)           0.752    -1.744    i_xlnx_clk_gen/inst/clk_out1_xlnx_clk_gen
    BUFGCTRL_X0Y16       BUFG (Prop_bufg_I_O)         0.029    -1.715 r  i_xlnx_clk_gen/inst/clkout1_buf/O
                         net (fo=16161, routed)       0.854    -0.861    i_axi_xbar/i_xbar/gen_slv_port_demux[0].i_axi_demux/gen_demux.i_aw_spill_reg/spill_register_flushable_i/clk_out1
    SLICE_X63Y47         FDCE                                         r  i_axi_xbar/i_xbar/gen_slv_port_demux[0].i_axi_demux/gen_demux.i_aw_spill_reg/spill_register_flushable_i/gen_spill_reg.b_data_q_reg[aw_select][1]/C
                         clock pessimism              0.508    -0.353    
    SLICE_X63Y47         FDCE (Hold_fdce_C_D)         0.071    -0.282    i_axi_xbar/i_xbar/gen_slv_port_demux[0].i_axi_demux/gen_demux.i_aw_spill_reg/spill_register_flushable_i/gen_spill_reg.b_data_q_reg[aw_select][1]
  -------------------------------------------------------------------
                         required time                          0.282    
                         arrival time                          -0.226    
  -------------------------------------------------------------------
                         slack                                  0.056    

Slack (MET) :             0.057ns  (arrival time - required time)
  Source:                 i_axi_dwidth_converter_dm_slave/inst/gen_downsizer.gen_simple_downsizer.axi_downsizer_inst/USE_WRITE.write_addr_inst/cmd_queue/inst/fifo_gen_inst/inst_fifo_gen/gconvfifo.rf/grf.rf/gntv_or_sync_fifo.gl0.rd/rpntr/gc0.count_d1_reg[3]/C
                            (rising edge-triggered cell FDCE clocked by clk_out1_xlnx_clk_gen  {rise@0.000ns fall@10.000ns period=20.000ns})
  Destination:            i_axi_dwidth_converter_dm_slave/inst/gen_downsizer.gen_simple_downsizer.axi_downsizer_inst/USE_WRITE.write_addr_inst/cmd_queue/inst/fifo_gen_inst/inst_fifo_gen/gconvfifo.rf/grf.rf/gntv_or_sync_fifo.mem/gdm.dm_gen.dm/gpr1.dout_i_reg[4]/D
                            (rising edge-triggered cell FDRE clocked by clk_out1_xlnx_clk_gen  {rise@0.000ns fall@10.000ns period=20.000ns})
  Path Group:             clk_out1_xlnx_clk_gen
  Path Type:              Hold (Min at Fast Process Corner)
  Requirement:            0.000ns  (clk_out1_xlnx_clk_gen rise@0.000ns - clk_out1_xlnx_clk_gen rise@0.000ns)
  Data Path Delay:        0.464ns  (logic 0.190ns (40.971%)  route 0.274ns (59.029%))
  Logic Levels:           1  (RAMD32=1)
  Clock Path Skew:        0.275ns (DCD - SCD - CPR)
    Destination Clock Delay (DCD):    -0.831ns
    Source Clock Delay      (SCD):    -0.599ns
    Clock Pessimism Removal (CPR):    -0.508ns

    Location             Delay type                Incr(ns)  Path(ns)    Netlist Resource(s)
  -------------------------------------------------------------------    -------------------
                         (clock clk_out1_xlnx_clk_gen rise edge)
                                                      0.000     0.000 r  
    K17                                               0.000     0.000 r  clk_sys (IN)
                         net (fo=0)                   0.000     0.000    i_xlnx_clk_gen/inst/clk_in1
    K17                  IBUF (Prop_ibuf_I_O)         0.243     0.243 r  i_xlnx_clk_gen/inst/clkin1_ibufg/O
                         net (fo=1, routed)           0.440     0.683    i_xlnx_clk_gen/inst/clk_in1_xlnx_clk_gen
    MMCME2_ADV_X1Y2      MMCME2_ADV (Prop_mmcme2_adv_CLKIN1_CLKOUT0)
                                                     -2.613    -1.930 r  i_xlnx_clk_gen/inst/mmcm_adv_inst/CLKOUT0
                         net (fo=1, routed)           0.696    -1.233    i_xlnx_clk_gen/inst/clk_out1_xlnx_clk_gen
    BUFGCTRL_X0Y16       BUFG (Prop_bufg_I_O)         0.026    -1.207 r  i_xlnx_clk_gen/inst/clkout1_buf/O
                         net (fo=16161, routed)       0.609    -0.599    i_axi_dwidth_converter_dm_slave/inst/gen_downsizer.gen_simple_downsizer.axi_downsizer_inst/USE_WRITE.write_addr_inst/cmd_queue/inst/fifo_gen_inst/inst_fifo_gen/gconvfifo.rf/grf.rf/gntv_or_sync_fifo.gl0.rd/rpntr/clk
    SLICE_X99Y50         FDCE                                         r  i_axi_dwidth_converter_dm_slave/inst/gen_downsizer.gen_simple_downsizer.axi_downsizer_inst/USE_WRITE.write_addr_inst/cmd_queue/inst/fifo_gen_inst/inst_fifo_gen/gconvfifo.rf/grf.rf/gntv_or_sync_fifo.gl0.rd/rpntr/gc0.count_d1_reg[3]/C
  -------------------------------------------------------------------    -------------------
    SLICE_X99Y50         FDCE (Prop_fdce_C_Q)         0.141    -0.458 r  i_axi_dwidth_converter_dm_slave/inst/gen_downsizer.gen_simple_downsizer.axi_downsizer_inst/USE_WRITE.write_addr_inst/cmd_queue/inst/fifo_gen_inst/inst_fifo_gen/gconvfifo.rf/grf.rf/gntv_or_sync_fifo.gl0.rd/rpntr/gc0.count_d1_reg[3]/Q
                         net (fo=27, routed)          0.274    -0.184    i_axi_dwidth_converter_dm_slave/inst/gen_downsizer.gen_simple_downsizer.axi_downsizer_inst/USE_WRITE.write_addr_inst/cmd_queue/inst/fifo_gen_inst/inst_fifo_gen/gconvfifo.rf/grf.rf/gntv_or_sync_fifo.mem/gdm.dm_gen.dm/RAM_reg_0_31_0_5/ADDRC3
    SLICE_X100Y48        RAMD32 (Prop_ramd32_RADR3_O)
                                                      0.049    -0.135 r  i_axi_dwidth_converter_dm_slave/inst/gen_downsizer.gen_simple_downsizer.axi_downsizer_inst/USE_WRITE.write_addr_inst/cmd_queue/inst/fifo_gen_inst/inst_fifo_gen/gconvfifo.rf/grf.rf/gntv_or_sync_fifo.mem/gdm.dm_gen.dm/RAM_reg_0_31_0_5/RAMC/O
                         net (fo=1, routed)           0.000    -0.135    i_axi_dwidth_converter_dm_slave/inst/gen_downsizer.gen_simple_downsizer.axi_downsizer_inst/USE_WRITE.write_addr_inst/cmd_queue/inst/fifo_gen_inst/inst_fifo_gen/gconvfifo.rf/grf.rf/gntv_or_sync_fifo.mem/gdm.dm_gen.dm/dout_i0[4]
    SLICE_X100Y48        FDRE                                         r  i_axi_dwidth_converter_dm_slave/inst/gen_downsizer.gen_simple_downsizer.axi_downsizer_inst/USE_WRITE.write_addr_inst/cmd_queue/inst/fifo_gen_inst/inst_fifo_gen/gconvfifo.rf/grf.rf/gntv_or_sync_fifo.mem/gdm.dm_gen.dm/gpr1.dout_i_reg[4]/D
  -------------------------------------------------------------------    -------------------

                         (clock clk_out1_xlnx_clk_gen rise edge)
                                                      0.000     0.000 r  
    K17                                               0.000     0.000 r  clk_sys (IN)
                         net (fo=0)                   0.000     0.000    i_xlnx_clk_gen/inst/clk_in1
    K17                  IBUF (Prop_ibuf_I_O)         0.431     0.431 r  i_xlnx_clk_gen/inst/clkin1_ibufg/O
                         net (fo=1, routed)           0.480     0.911    i_xlnx_clk_gen/inst/clk_in1_xlnx_clk_gen
    MMCME2_ADV_X1Y2      MMCME2_ADV (Prop_mmcme2_adv_CLKIN1_CLKOUT0)
                                                     -3.407    -2.496 r  i_xlnx_clk_gen/inst/mmcm_adv_inst/CLKOUT0
                         net (fo=1, routed)           0.752    -1.744    i_xlnx_clk_gen/inst/clk_out1_xlnx_clk_gen
    BUFGCTRL_X0Y16       BUFG (Prop_bufg_I_O)         0.029    -1.715 r  i_xlnx_clk_gen/inst/clkout1_buf/O
                         net (fo=16161, routed)       0.884    -0.831    i_axi_dwidth_converter_dm_slave/inst/gen_downsizer.gen_simple_downsizer.axi_downsizer_inst/USE_WRITE.write_addr_inst/cmd_queue/inst/fifo_gen_inst/inst_fifo_gen/gconvfifo.rf/grf.rf/gntv_or_sync_fifo.mem/gdm.dm_gen.dm/clk
    SLICE_X100Y48        FDRE                                         r  i_axi_dwidth_converter_dm_slave/inst/gen_downsizer.gen_simple_downsizer.axi_downsizer_inst/USE_WRITE.write_addr_inst/cmd_queue/inst/fifo_gen_inst/inst_fifo_gen/gconvfifo.rf/grf.rf/gntv_or_sync_fifo.mem/gdm.dm_gen.dm/gpr1.dout_i_reg[4]/C
                         clock pessimism              0.508    -0.323    
    SLICE_X100Y48        FDRE (Hold_fdre_C_D)         0.131    -0.192    i_axi_dwidth_converter_dm_slave/inst/gen_downsizer.gen_simple_downsizer.axi_downsizer_inst/USE_WRITE.write_addr_inst/cmd_queue/inst/fifo_gen_inst/inst_fifo_gen/gconvfifo.rf/grf.rf/gntv_or_sync_fifo.mem/gdm.dm_gen.dm/gpr1.dout_i_reg[4]
  -------------------------------------------------------------------
                         required time                          0.192    
                         arrival time                          -0.135    
  -------------------------------------------------------------------
                         slack                                  0.057    

Slack (MET) :             0.058ns  (arrival time - required time)
  Source:                 i_axi_xbar/i_xbar/gen_mst_port_mux[5].i_axi_mux/gen_mux.i_r_spill_reg/spill_register_flushable_i/gen_spill_reg.a_data_q_reg[data][63]/C
                            (rising edge-triggered cell FDCE clocked by clk_out1_xlnx_clk_gen  {rise@0.000ns fall@10.000ns period=20.000ns})
  Destination:            i_axi_xbar/i_xbar/gen_mst_port_mux[5].i_axi_mux/gen_mux.i_r_spill_reg/spill_register_flushable_i/gen_spill_reg.b_data_q_reg[data][63]/D
                            (rising edge-triggered cell FDCE clocked by clk_out1_xlnx_clk_gen  {rise@0.000ns fall@10.000ns period=20.000ns})
  Path Group:             clk_out1_xlnx_clk_gen
  Path Type:              Hold (Min at Fast Process Corner)
  Requirement:            0.000ns  (clk_out1_xlnx_clk_gen rise@0.000ns - clk_out1_xlnx_clk_gen rise@0.000ns)
  Data Path Delay:        0.334ns  (logic 0.148ns (44.247%)  route 0.186ns (55.753%))
  Logic Levels:           0  
  Clock Path Skew:        0.263ns (DCD - SCD - CPR)
    Destination Clock Delay (DCD):    -0.893ns
    Source Clock Delay      (SCD):    -0.654ns
    Clock Pessimism Removal (CPR):    -0.503ns

    Location             Delay type                Incr(ns)  Path(ns)    Netlist Resource(s)
  -------------------------------------------------------------------    -------------------
                         (clock clk_out1_xlnx_clk_gen rise edge)
                                                      0.000     0.000 r  
    K17                                               0.000     0.000 r  clk_sys (IN)
                         net (fo=0)                   0.000     0.000    i_xlnx_clk_gen/inst/clk_in1
    K17                  IBUF (Prop_ibuf_I_O)         0.243     0.243 r  i_xlnx_clk_gen/inst/clkin1_ibufg/O
                         net (fo=1, routed)           0.440     0.683    i_xlnx_clk_gen/inst/clk_in1_xlnx_clk_gen
    MMCME2_ADV_X1Y2      MMCME2_ADV (Prop_mmcme2_adv_CLKIN1_CLKOUT0)
                                                     -2.613    -1.930 r  i_xlnx_clk_gen/inst/mmcm_adv_inst/CLKOUT0
                         net (fo=1, routed)           0.696    -1.233    i_xlnx_clk_gen/inst/clk_out1_xlnx_clk_gen
    BUFGCTRL_X0Y16       BUFG (Prop_bufg_I_O)         0.026    -1.207 r  i_xlnx_clk_gen/inst/clkout1_buf/O
                         net (fo=16161, routed)       0.554    -0.654    i_axi_xbar/i_xbar/gen_mst_port_mux[5].i_axi_mux/gen_mux.i_r_spill_reg/spill_register_flushable_i/clk_out1
    SLICE_X50Y15         FDCE                                         r  i_axi_xbar/i_xbar/gen_mst_port_mux[5].i_axi_mux/gen_mux.i_r_spill_reg/spill_register_flushable_i/gen_spill_reg.a_data_q_reg[data][63]/C
  -------------------------------------------------------------------    -------------------
    SLICE_X50Y15         FDCE (Prop_fdce_C_Q)         0.148    -0.506 r  i_axi_xbar/i_xbar/gen_mst_port_mux[5].i_axi_mux/gen_mux.i_r_spill_reg/spill_register_flushable_i/gen_spill_reg.a_data_q_reg[data][63]/Q
                         net (fo=2, routed)           0.186    -0.319    i_axi_xbar/i_xbar/gen_mst_port_mux[5].i_axi_mux/gen_mux.i_r_spill_reg/spill_register_flushable_i/gen_spill_reg.a_data_q_reg[data_n_0_][63]
    SLICE_X49Y16         FDCE                                         r  i_axi_xbar/i_xbar/gen_mst_port_mux[5].i_axi_mux/gen_mux.i_r_spill_reg/spill_register_flushable_i/gen_spill_reg.b_data_q_reg[data][63]/D
  -------------------------------------------------------------------    -------------------

                         (clock clk_out1_xlnx_clk_gen rise edge)
                                                      0.000     0.000 r  
    K17                                               0.000     0.000 r  clk_sys (IN)
                         net (fo=0)                   0.000     0.000    i_xlnx_clk_gen/inst/clk_in1
    K17                  IBUF (Prop_ibuf_I_O)         0.431     0.431 r  i_xlnx_clk_gen/inst/clkin1_ibufg/O
                         net (fo=1, routed)           0.480     0.911    i_xlnx_clk_gen/inst/clk_in1_xlnx_clk_gen
    MMCME2_ADV_X1Y2      MMCME2_ADV (Prop_mmcme2_adv_CLKIN1_CLKOUT0)
                                                     -3.407    -2.496 r  i_xlnx_clk_gen/inst/mmcm_adv_inst/CLKOUT0
                         net (fo=1, routed)           0.752    -1.744    i_xlnx_clk_gen/inst/clk_out1_xlnx_clk_gen
    BUFGCTRL_X0Y16       BUFG (Prop_bufg_I_O)         0.029    -1.715 r  i_xlnx_clk_gen/inst/clkout1_buf/O
                         net (fo=16161, routed)       0.822    -0.893    i_axi_xbar/i_xbar/gen_mst_port_mux[5].i_axi_mux/gen_mux.i_r_spill_reg/spill_register_flushable_i/clk_out1
    SLICE_X49Y16         FDCE                                         r  i_axi_xbar/i_xbar/gen_mst_port_mux[5].i_axi_mux/gen_mux.i_r_spill_reg/spill_register_flushable_i/gen_spill_reg.b_data_q_reg[data][63]/C
                         clock pessimism              0.503    -0.390    
    SLICE_X49Y16         FDCE (Hold_fdce_C_D)         0.013    -0.377    i_axi_xbar/i_xbar/gen_mst_port_mux[5].i_axi_mux/gen_mux.i_r_spill_reg/spill_register_flushable_i/gen_spill_reg.b_data_q_reg[data][63]
  -------------------------------------------------------------------
                         required time                          0.377    
                         arrival time                          -0.319    
  -------------------------------------------------------------------
                         slack                                  0.058    

Slack (MET) :             0.060ns  (arrival time - required time)
  Source:                 i_ariane/i_cva6/id_stage_i/issue_q_reg[sbe][pc][14]/C
                            (rising edge-triggered cell FDCE clocked by clk_out1_xlnx_clk_gen  {rise@0.000ns fall@10.000ns period=20.000ns})
  Destination:            i_ariane/i_cva6/issue_stage_i/i_scoreboard/mem_q_reg[0][sbe][pc][14]/D
                            (rising edge-triggered cell FDCE clocked by clk_out1_xlnx_clk_gen  {rise@0.000ns fall@10.000ns period=20.000ns})
  Path Group:             clk_out1_xlnx_clk_gen
  Path Type:              Hold (Min at Fast Process Corner)
  Requirement:            0.000ns  (clk_out1_xlnx_clk_gen rise@0.000ns - clk_out1_xlnx_clk_gen rise@0.000ns)
  Data Path Delay:        0.395ns  (logic 0.141ns (35.694%)  route 0.254ns (64.306%))
  Logic Levels:           0  
  Clock Path Skew:        0.263ns (DCD - SCD - CPR)
    Destination Clock Delay (DCD):    -0.896ns
    Source Clock Delay      (SCD):    -0.657ns
    Clock Pessimism Removal (CPR):    -0.503ns

    Location             Delay type                Incr(ns)  Path(ns)    Netlist Resource(s)
  -------------------------------------------------------------------    -------------------
                         (clock clk_out1_xlnx_clk_gen rise edge)
                                                      0.000     0.000 r  
    K17                                               0.000     0.000 r  clk_sys (IN)
                         net (fo=0)                   0.000     0.000    i_xlnx_clk_gen/inst/clk_in1
    K17                  IBUF (Prop_ibuf_I_O)         0.243     0.243 r  i_xlnx_clk_gen/inst/clkin1_ibufg/O
                         net (fo=1, routed)           0.440     0.683    i_xlnx_clk_gen/inst/clk_in1_xlnx_clk_gen
    MMCME2_ADV_X1Y2      MMCME2_ADV (Prop_mmcme2_adv_CLKIN1_CLKOUT0)
                                                     -2.613    -1.930 r  i_xlnx_clk_gen/inst/mmcm_adv_inst/CLKOUT0
                         net (fo=1, routed)           0.696    -1.233    i_xlnx_clk_gen/inst/clk_out1_xlnx_clk_gen
    BUFGCTRL_X0Y16       BUFG (Prop_bufg_I_O)         0.026    -1.207 r  i_xlnx_clk_gen/inst/clkout1_buf/O
                         net (fo=16161, routed)       0.551    -0.657    i_ariane/i_cva6/id_stage_i/clk_out1
    SLICE_X48Y86         FDCE                                         r  i_ariane/i_cva6/id_stage_i/issue_q_reg[sbe][pc][14]/C
  -------------------------------------------------------------------    -------------------
    SLICE_X48Y86         FDCE (Prop_fdce_C_Q)         0.141    -0.516 r  i_ariane/i_cva6/id_stage_i/issue_q_reg[sbe][pc][14]/Q
                         net (fo=6, routed)           0.254    -0.261    i_ariane/i_cva6/issue_stage_i/i_scoreboard/D[14]
    SLICE_X52Y90         FDCE                                         r  i_ariane/i_cva6/issue_stage_i/i_scoreboard/mem_q_reg[0][sbe][pc][14]/D
  -------------------------------------------------------------------    -------------------

                         (clock clk_out1_xlnx_clk_gen rise edge)
                                                      0.000     0.000 r  
    K17                                               0.000     0.000 r  clk_sys (IN)
                         net (fo=0)                   0.000     0.000    i_xlnx_clk_gen/inst/clk_in1
    K17                  IBUF (Prop_ibuf_I_O)         0.431     0.431 r  i_xlnx_clk_gen/inst/clkin1_ibufg/O
                         net (fo=1, routed)           0.480     0.911    i_xlnx_clk_gen/inst/clk_in1_xlnx_clk_gen
    MMCME2_ADV_X1Y2      MMCME2_ADV (Prop_mmcme2_adv_CLKIN1_CLKOUT0)
                                                     -3.407    -2.496 r  i_xlnx_clk_gen/inst/mmcm_adv_inst/CLKOUT0
                         net (fo=1, routed)           0.752    -1.744    i_xlnx_clk_gen/inst/clk_out1_xlnx_clk_gen
    BUFGCTRL_X0Y16       BUFG (Prop_bufg_I_O)         0.029    -1.715 r  i_xlnx_clk_gen/inst/clkout1_buf/O
                         net (fo=16161, routed)       0.819    -0.896    i_ariane/i_cva6/issue_stage_i/i_scoreboard/clk_out1
    SLICE_X52Y90         FDCE                                         r  i_ariane/i_cva6/issue_stage_i/i_scoreboard/mem_q_reg[0][sbe][pc][14]/C
                         clock pessimism              0.503    -0.393    
    SLICE_X52Y90         FDCE (Hold_fdce_C_D)         0.072    -0.321    i_ariane/i_cva6/issue_stage_i/i_scoreboard/mem_q_reg[0][sbe][pc][14]
  -------------------------------------------------------------------
                         required time                          0.321    
                         arrival time                          -0.261    
  -------------------------------------------------------------------
                         slack                                  0.060    

Slack (MET) :             0.060ns  (arrival time - required time)
  Source:                 i_ariane/i_cva6/id_stage_i/issue_q_reg[sbe][pc][27]/C
                            (rising edge-triggered cell FDCE clocked by clk_out1_xlnx_clk_gen  {rise@0.000ns fall@10.000ns period=20.000ns})
  Destination:            i_ariane/i_cva6/issue_stage_i/i_scoreboard/mem_q_reg[2][sbe][pc][27]/D
                            (rising edge-triggered cell FDCE clocked by clk_out1_xlnx_clk_gen  {rise@0.000ns fall@10.000ns period=20.000ns})
  Path Group:             clk_out1_xlnx_clk_gen
  Path Type:              Hold (Min at Fast Process Corner)
  Requirement:            0.000ns  (clk_out1_xlnx_clk_gen rise@0.000ns - clk_out1_xlnx_clk_gen rise@0.000ns)
  Data Path Delay:        0.390ns  (logic 0.141ns (36.186%)  route 0.249ns (63.814%))
  Logic Levels:           0  
  Clock Path Skew:        0.259ns (DCD - SCD - CPR)
    Destination Clock Delay (DCD):    -0.896ns
    Source Clock Delay      (SCD):    -0.653ns
    Clock Pessimism Removal (CPR):    -0.503ns

    Location             Delay type                Incr(ns)  Path(ns)    Netlist Resource(s)
  -------------------------------------------------------------------    -------------------
                         (clock clk_out1_xlnx_clk_gen rise edge)
                                                      0.000     0.000 r  
    K17                                               0.000     0.000 r  clk_sys (IN)
                         net (fo=0)                   0.000     0.000    i_xlnx_clk_gen/inst/clk_in1
    K17                  IBUF (Prop_ibuf_I_O)         0.243     0.243 r  i_xlnx_clk_gen/inst/clkin1_ibufg/O
                         net (fo=1, routed)           0.440     0.683    i_xlnx_clk_gen/inst/clk_in1_xlnx_clk_gen
    MMCME2_ADV_X1Y2      MMCME2_ADV (Prop_mmcme2_adv_CLKIN1_CLKOUT0)
                                                     -2.613    -1.930 r  i_xlnx_clk_gen/inst/mmcm_adv_inst/CLKOUT0
                         net (fo=1, routed)           0.696    -1.233    i_xlnx_clk_gen/inst/clk_out1_xlnx_clk_gen
    BUFGCTRL_X0Y16       BUFG (Prop_bufg_I_O)         0.026    -1.207 r  i_xlnx_clk_gen/inst/clkout1_buf/O
                         net (fo=16161, routed)       0.555    -0.653    i_ariane/i_cva6/id_stage_i/clk_out1
    SLICE_X45Y90         FDCE                                         r  i_ariane/i_cva6/id_stage_i/issue_q_reg[sbe][pc][27]/C
  -------------------------------------------------------------------    -------------------
    SLICE_X45Y90         FDCE (Prop_fdce_C_Q)         0.141    -0.512 r  i_ariane/i_cva6/id_stage_i/issue_q_reg[sbe][pc][27]/Q
                         net (fo=6, routed)           0.249    -0.263    i_ariane/i_cva6/issue_stage_i/i_scoreboard/D[27]
    SLICE_X52Y91         FDCE                                         r  i_ariane/i_cva6/issue_stage_i/i_scoreboard/mem_q_reg[2][sbe][pc][27]/D
  -------------------------------------------------------------------    -------------------

                         (clock clk_out1_xlnx_clk_gen rise edge)
                                                      0.000     0.000 r  
    K17                                               0.000     0.000 r  clk_sys (IN)
                         net (fo=0)                   0.000     0.000    i_xlnx_clk_gen/inst/clk_in1
    K17                  IBUF (Prop_ibuf_I_O)         0.431     0.431 r  i_xlnx_clk_gen/inst/clkin1_ibufg/O
                         net (fo=1, routed)           0.480     0.911    i_xlnx_clk_gen/inst/clk_in1_xlnx_clk_gen
    MMCME2_ADV_X1Y2      MMCME2_ADV (Prop_mmcme2_adv_CLKIN1_CLKOUT0)
                                                     -3.407    -2.496 r  i_xlnx_clk_gen/inst/mmcm_adv_inst/CLKOUT0
                         net (fo=1, routed)           0.752    -1.744    i_xlnx_clk_gen/inst/clk_out1_xlnx_clk_gen
    BUFGCTRL_X0Y16       BUFG (Prop_bufg_I_O)         0.029    -1.715 r  i_xlnx_clk_gen/inst/clkout1_buf/O
                         net (fo=16161, routed)       0.819    -0.896    i_ariane/i_cva6/issue_stage_i/i_scoreboard/clk_out1
    SLICE_X52Y91         FDCE                                         r  i_ariane/i_cva6/issue_stage_i/i_scoreboard/mem_q_reg[2][sbe][pc][27]/C
                         clock pessimism              0.503    -0.393    
    SLICE_X52Y91         FDCE (Hold_fdce_C_D)         0.070    -0.323    i_ariane/i_cva6/issue_stage_i/i_scoreboard/mem_q_reg[2][sbe][pc][27]
  -------------------------------------------------------------------
                         required time                          0.323    
                         arrival time                          -0.263    
  -------------------------------------------------------------------
                         slack                                  0.060    

Slack (MET) :             0.061ns  (arrival time - required time)
  Source:                 i_ariane/i_cva6/ex_stage_i/lsu_i/gen_mmu_sv32.i_cva6_mmu/i_ptw/vaddr_q_reg[17]/C
                            (rising edge-triggered cell FDCE clocked by clk_out1_xlnx_clk_gen  {rise@0.000ns fall@10.000ns period=20.000ns})
  Destination:            i_ariane/i_cva6/ex_stage_i/lsu_i/gen_mmu_sv32.i_cva6_mmu/i_shared_tlb/gen_sram[0].tag_sram/gen_cut[0].i_tc_sram_wrapper/i_ram/Mem_DP_reg/DIADI[6]
                            (rising edge-triggered cell RAMB36E1 clocked by clk_out1_xlnx_clk_gen  {rise@0.000ns fall@10.000ns period=20.000ns})
  Path Group:             clk_out1_xlnx_clk_gen
  Path Type:              Hold (Min at Fast Process Corner)
  Requirement:            0.000ns  (clk_out1_xlnx_clk_gen rise@0.000ns - clk_out1_xlnx_clk_gen rise@0.000ns)
  Data Path Delay:        0.274ns  (logic 0.141ns (51.389%)  route 0.133ns (48.611%))
  Logic Levels:           0  
  Clock Path Skew:        0.058ns (DCD - SCD - CPR)
    Destination Clock Delay (DCD):    -0.850ns
    Source Clock Delay      (SCD):    -0.652ns
    Clock Pessimism Removal (CPR):    -0.257ns

    Location             Delay type                Incr(ns)  Path(ns)    Netlist Resource(s)
  -------------------------------------------------------------------    -------------------
                         (clock clk_out1_xlnx_clk_gen rise edge)
                                                      0.000     0.000 r  
    K17                                               0.000     0.000 r  clk_sys (IN)
                         net (fo=0)                   0.000     0.000    i_xlnx_clk_gen/inst/clk_in1
    K17                  IBUF (Prop_ibuf_I_O)         0.243     0.243 r  i_xlnx_clk_gen/inst/clkin1_ibufg/O
                         net (fo=1, routed)           0.440     0.683    i_xlnx_clk_gen/inst/clk_in1_xlnx_clk_gen
    MMCME2_ADV_X1Y2      MMCME2_ADV (Prop_mmcme2_adv_CLKIN1_CLKOUT0)
                                                     -2.613    -1.930 r  i_xlnx_clk_gen/inst/mmcm_adv_inst/CLKOUT0
                         net (fo=1, routed)           0.696    -1.233    i_xlnx_clk_gen/inst/clk_out1_xlnx_clk_gen
    BUFGCTRL_X0Y16       BUFG (Prop_bufg_I_O)         0.026    -1.207 r  i_xlnx_clk_gen/inst/clkout1_buf/O
                         net (fo=16161, routed)       0.556    -0.652    i_ariane/i_cva6/ex_stage_i/lsu_i/gen_mmu_sv32.i_cva6_mmu/i_ptw/clk_out1
    SLICE_X33Y61         FDCE                                         r  i_ariane/i_cva6/ex_stage_i/lsu_i/gen_mmu_sv32.i_cva6_mmu/i_ptw/vaddr_q_reg[17]/C
  -------------------------------------------------------------------    -------------------
    SLICE_X33Y61         FDCE (Prop_fdce_C_Q)         0.141    -0.511 r  i_ariane/i_cva6/ex_stage_i/lsu_i/gen_mmu_sv32.i_cva6_mmu/i_ptw/vaddr_q_reg[17]/Q
                         net (fo=66, routed)          0.133    -0.377    i_ariane/i_cva6/ex_stage_i/lsu_i/gen_mmu_sv32.i_cva6_mmu/i_shared_tlb/gen_sram[0].tag_sram/gen_cut[0].i_tc_sram_wrapper/i_ram/DIADI[6]
    RAMB36_X2Y12         RAMB36E1                                     r  i_ariane/i_cva6/ex_stage_i/lsu_i/gen_mmu_sv32.i_cva6_mmu/i_shared_tlb/gen_sram[0].tag_sram/gen_cut[0].i_tc_sram_wrapper/i_ram/Mem_DP_reg/DIADI[6]
  -------------------------------------------------------------------    -------------------

                         (clock clk_out1_xlnx_clk_gen rise edge)
                                                      0.000     0.000 r  
    K17                                               0.000     0.000 r  clk_sys (IN)
                         net (fo=0)                   0.000     0.000    i_xlnx_clk_gen/inst/clk_in1
    K17                  IBUF (Prop_ibuf_I_O)         0.431     0.431 r  i_xlnx_clk_gen/inst/clkin1_ibufg/O
                         net (fo=1, routed)           0.480     0.911    i_xlnx_clk_gen/inst/clk_in1_xlnx_clk_gen
    MMCME2_ADV_X1Y2      MMCME2_ADV (Prop_mmcme2_adv_CLKIN1_CLKOUT0)
                                                     -3.407    -2.496 r  i_xlnx_clk_gen/inst/mmcm_adv_inst/CLKOUT0
                         net (fo=1, routed)           0.752    -1.744    i_xlnx_clk_gen/inst/clk_out1_xlnx_clk_gen
    BUFGCTRL_X0Y16       BUFG (Prop_bufg_I_O)         0.029    -1.715 r  i_xlnx_clk_gen/inst/clkout1_buf/O
                         net (fo=16161, routed)       0.865    -0.850    i_ariane/i_cva6/ex_stage_i/lsu_i/gen_mmu_sv32.i_cva6_mmu/i_shared_tlb/gen_sram[0].tag_sram/gen_cut[0].i_tc_sram_wrapper/i_ram/clk_out1
    RAMB36_X2Y12         RAMB36E1                                     r  i_ariane/i_cva6/ex_stage_i/lsu_i/gen_mmu_sv32.i_cva6_mmu/i_shared_tlb/gen_sram[0].tag_sram/gen_cut[0].i_tc_sram_wrapper/i_ram/Mem_DP_reg/CLKBWRCLK
                         clock pessimism              0.257    -0.593    
    RAMB36_X2Y12         RAMB36E1 (Hold_ramb36e1_CLKBWRCLK_DIADI[6])
                                                      0.155    -0.438    i_ariane/i_cva6/ex_stage_i/lsu_i/gen_mmu_sv32.i_cva6_mmu/i_shared_tlb/gen_sram[0].tag_sram/gen_cut[0].i_tc_sram_wrapper/i_ram/Mem_DP_reg
  -------------------------------------------------------------------
                         required time                          0.438    
                         arrival time                          -0.377    
  -------------------------------------------------------------------
                         slack                                  0.061    

Slack (MET) :             0.061ns  (arrival time - required time)
  Source:                 i_axi_xbar/i_xbar/gen_mst_port_mux[5].i_axi_mux/gen_mux.i_r_spill_reg/spill_register_flushable_i/gen_spill_reg.a_data_q_reg[data][7]/C
                            (rising edge-triggered cell FDCE clocked by clk_out1_xlnx_clk_gen  {rise@0.000ns fall@10.000ns period=20.000ns})
  Destination:            i_axi_xbar/i_xbar/gen_mst_port_mux[5].i_axi_mux/gen_mux.i_r_spill_reg/spill_register_flushable_i/gen_spill_reg.b_data_q_reg[data][7]/D
                            (rising edge-triggered cell FDCE clocked by clk_out1_xlnx_clk_gen  {rise@0.000ns fall@10.000ns period=20.000ns})
  Path Group:             clk_out1_xlnx_clk_gen
  Path Type:              Hold (Min at Fast Process Corner)
  Requirement:            0.000ns  (clk_out1_xlnx_clk_gen rise@0.000ns - clk_out1_xlnx_clk_gen rise@0.000ns)
  Data Path Delay:        0.338ns  (logic 0.148ns (43.801%)  route 0.190ns (56.199%))
  Logic Levels:           0  
  Clock Path Skew:        0.257ns (DCD - SCD - CPR)
    Destination Clock Delay (DCD):    -0.895ns
    Source Clock Delay      (SCD):    -0.650ns
    Clock Pessimism Removal (CPR):    -0.503ns

    Location             Delay type                Incr(ns)  Path(ns)    Netlist Resource(s)
  -------------------------------------------------------------------    -------------------
                         (clock clk_out1_xlnx_clk_gen rise edge)
                                                      0.000     0.000 r  
    K17                                               0.000     0.000 r  clk_sys (IN)
                         net (fo=0)                   0.000     0.000    i_xlnx_clk_gen/inst/clk_in1
    K17                  IBUF (Prop_ibuf_I_O)         0.243     0.243 r  i_xlnx_clk_gen/inst/clkin1_ibufg/O
                         net (fo=1, routed)           0.440     0.683    i_xlnx_clk_gen/inst/clk_in1_xlnx_clk_gen
    MMCME2_ADV_X1Y2      MMCME2_ADV (Prop_mmcme2_adv_CLKIN1_CLKOUT0)
                                                     -2.613    -1.930 r  i_xlnx_clk_gen/inst/mmcm_adv_inst/CLKOUT0
                         net (fo=1, routed)           0.696    -1.233    i_xlnx_clk_gen/inst/clk_out1_xlnx_clk_gen
    BUFGCTRL_X0Y16       BUFG (Prop_bufg_I_O)         0.026    -1.207 r  i_xlnx_clk_gen/inst/clkout1_buf/O
                         net (fo=16161, routed)       0.558    -0.650    i_axi_xbar/i_xbar/gen_mst_port_mux[5].i_axi_mux/gen_mux.i_r_spill_reg/spill_register_flushable_i/clk_out1
    SLICE_X46Y14         FDCE                                         r  i_axi_xbar/i_xbar/gen_mst_port_mux[5].i_axi_mux/gen_mux.i_r_spill_reg/spill_register_flushable_i/gen_spill_reg.a_data_q_reg[data][7]/C
  -------------------------------------------------------------------    -------------------
    SLICE_X46Y14         FDCE (Prop_fdce_C_Q)         0.148    -0.502 r  i_axi_xbar/i_xbar/gen_mst_port_mux[5].i_axi_mux/gen_mux.i_r_spill_reg/spill_register_flushable_i/gen_spill_reg.a_data_q_reg[data][7]/Q
                         net (fo=2, routed)           0.190    -0.312    i_axi_xbar/i_xbar/gen_mst_port_mux[5].i_axi_mux/gen_mux.i_r_spill_reg/spill_register_flushable_i/gen_spill_reg.a_data_q_reg[data_n_0_][7]
    SLICE_X51Y13         FDCE                                         r  i_axi_xbar/i_xbar/gen_mst_port_mux[5].i_axi_mux/gen_mux.i_r_spill_reg/spill_register_flushable_i/gen_spill_reg.b_data_q_reg[data][7]/D
  -------------------------------------------------------------------    -------------------

                         (clock clk_out1_xlnx_clk_gen rise edge)
                                                      0.000     0.000 r  
    K17                                               0.000     0.000 r  clk_sys (IN)
                         net (fo=0)                   0.000     0.000    i_xlnx_clk_gen/inst/clk_in1
    K17                  IBUF (Prop_ibuf_I_O)         0.431     0.431 r  i_xlnx_clk_gen/inst/clkin1_ibufg/O
                         net (fo=1, routed)           0.480     0.911    i_xlnx_clk_gen/inst/clk_in1_xlnx_clk_gen
    MMCME2_ADV_X1Y2      MMCME2_ADV (Prop_mmcme2_adv_CLKIN1_CLKOUT0)
                                                     -3.407    -2.496 r  i_xlnx_clk_gen/inst/mmcm_adv_inst/CLKOUT0
                         net (fo=1, routed)           0.752    -1.744    i_xlnx_clk_gen/inst/clk_out1_xlnx_clk_gen
    BUFGCTRL_X0Y16       BUFG (Prop_bufg_I_O)         0.029    -1.715 r  i_xlnx_clk_gen/inst/clkout1_buf/O
                         net (fo=16161, routed)       0.820    -0.895    i_axi_xbar/i_xbar/gen_mst_port_mux[5].i_axi_mux/gen_mux.i_r_spill_reg/spill_register_flushable_i/clk_out1
    SLICE_X51Y13         FDCE                                         r  i_axi_xbar/i_xbar/gen_mst_port_mux[5].i_axi_mux/gen_mux.i_r_spill_reg/spill_register_flushable_i/gen_spill_reg.b_data_q_reg[data][7]/C
                         clock pessimism              0.503    -0.392    
    SLICE_X51Y13         FDCE (Hold_fdce_C_D)         0.019    -0.373    i_axi_xbar/i_xbar/gen_mst_port_mux[5].i_axi_mux/gen_mux.i_r_spill_reg/spill_register_flushable_i/gen_spill_reg.b_data_q_reg[data][7]
  -------------------------------------------------------------------
                         required time                          0.373    
                         arrival time                          -0.312    
  -------------------------------------------------------------------
                         slack                                  0.061    





Pulse Width Checks
--------------------------------------------------------------------------------------
Clock Name:         clk_out1_xlnx_clk_gen
Waveform(ns):       { 0.000 10.000 }
Period(ns):         20.000
Sources:            { i_xlnx_clk_gen/inst/mmcm_adv_inst/CLKOUT0 }

Check Type        Corner  Lib Pin             Reference Pin  Required(ns)  Actual(ns)  Slack(ns)  Location         Pin
Min Period        n/a     RAMB36E1/CLKARDCLK  n/a            2.944         20.000      17.056     RAMB36_X2Y13     i_ariane/i_cva6/ex_stage_i/lsu_i/gen_mmu_sv32.i_cva6_mmu/i_shared_tlb/gen_sram[0].pte_sram/gen_cut[0].i_tc_sram_wrapper/i_ram/Mem_DP_reg/CLKARDCLK
Min Period        n/a     RAMB36E1/CLKBWRCLK  n/a            2.944         20.000      17.056     RAMB36_X2Y13     i_ariane/i_cva6/ex_stage_i/lsu_i/gen_mmu_sv32.i_cva6_mmu/i_shared_tlb/gen_sram[0].pte_sram/gen_cut[0].i_tc_sram_wrapper/i_ram/Mem_DP_reg/CLKBWRCLK
Min Period        n/a     RAMB36E1/CLKARDCLK  n/a            2.944         20.000      17.056     RAMB36_X2Y12     i_ariane/i_cva6/ex_stage_i/lsu_i/gen_mmu_sv32.i_cva6_mmu/i_shared_tlb/gen_sram[0].tag_sram/gen_cut[0].i_tc_sram_wrapper/i_ram/Mem_DP_reg/CLKARDCLK
Min Period        n/a     RAMB36E1/CLKBWRCLK  n/a            2.944         20.000      17.056     RAMB36_X2Y12     i_ariane/i_cva6/ex_stage_i/lsu_i/gen_mmu_sv32.i_cva6_mmu/i_shared_tlb/gen_sram[0].tag_sram/gen_cut[0].i_tc_sram_wrapper/i_ram/Mem_DP_reg/CLKBWRCLK
Min Period        n/a     RAMB36E1/CLKARDCLK  n/a            2.944         20.000      17.056     RAMB36_X2Y14     i_ariane/i_cva6/ex_stage_i/lsu_i/gen_mmu_sv32.i_cva6_mmu/i_shared_tlb/gen_sram[1].pte_sram/gen_cut[0].i_tc_sram_wrapper/i_ram/Mem_DP_reg/CLKARDCLK
Min Period        n/a     RAMB36E1/CLKBWRCLK  n/a            2.944         20.000      17.056     RAMB36_X2Y14     i_ariane/i_cva6/ex_stage_i/lsu_i/gen_mmu_sv32.i_cva6_mmu/i_shared_tlb/gen_sram[1].pte_sram/gen_cut[0].i_tc_sram_wrapper/i_ram/Mem_DP_reg/CLKBWRCLK
Min Period        n/a     RAMB36E1/CLKARDCLK  n/a            2.944         20.000      17.056     RAMB36_X1Y9      i_ariane/i_cva6/ex_stage_i/lsu_i/gen_mmu_sv32.i_cva6_mmu/i_shared_tlb/gen_sram[1].tag_sram/gen_cut[0].i_tc_sram_wrapper/i_ram/Mem_DP_reg/CLKARDCLK
Min Period        n/a     RAMB36E1/CLKBWRCLK  n/a            2.944         20.000      17.056     RAMB36_X1Y9      i_ariane/i_cva6/ex_stage_i/lsu_i/gen_mmu_sv32.i_cva6_mmu/i_shared_tlb/gen_sram[1].tag_sram/gen_cut[0].i_tc_sram_wrapper/i_ram/Mem_DP_reg/CLKBWRCLK
Min Period        n/a     RAMB36E1/CLKARDCLK  n/a            2.944         20.000      17.056     RAMB36_X2Y11     i_ariane/i_cva6/gen_cache_wt.i_cache_subsystem/i_cva6_icache/gen_sram[0].data_sram/gen_cut[0].i_tc_sram_wrapper/i_ram/Mem_DP_reg/CLKARDCLK
Min Period        n/a     RAMB36E1/CLKBWRCLK  n/a            2.944         20.000      17.056     RAMB36_X2Y11     i_ariane/i_cva6/gen_cache_wt.i_cache_subsystem/i_cva6_icache/gen_sram[0].data_sram/gen_cut[0].i_tc_sram_wrapper/i_ram/Mem_DP_reg/CLKBWRCLK
Max Period        n/a     MMCME2_ADV/CLKOUT0  n/a            213.360       20.000      193.360    MMCME2_ADV_X1Y2  i_xlnx_clk_gen/inst/mmcm_adv_inst/CLKOUT0
Low Pulse Width   Slow    RAMD64E/CLK         n/a            1.250         10.000      8.750      SLICE_X32Y75     bht_gen.i_bht/gen_fpga_bht.gen_bht_ram[0].i_bht_ram/mem_reg_0_127_0_0/DP.HIGH/CLK
Low Pulse Width   Fast    RAMD64E/CLK         n/a            1.250         10.000      8.750      SLICE_X32Y75     bht_gen.i_bht/gen_fpga_bht.gen_bht_ram[0].i_bht_ram/mem_reg_0_127_0_0/DP.HIGH/CLK
Low Pulse Width   Slow    RAMD64E/CLK         n/a            1.250         10.000      8.750      SLICE_X32Y75     bht_gen.i_bht/gen_fpga_bht.gen_bht_ram[0].i_bht_ram/mem_reg_0_127_0_0/DP.LOW/CLK
Low Pulse Width   Fast    RAMD64E/CLK         n/a            1.250         10.000      8.750      SLICE_X32Y75     bht_gen.i_bht/gen_fpga_bht.gen_bht_ram[0].i_bht_ram/mem_reg_0_127_0_0/DP.LOW/CLK
Low Pulse Width   Slow    RAMD64E/CLK         n/a            1.250         10.000      8.750      SLICE_X32Y75     bht_gen.i_bht/gen_fpga_bht.gen_bht_ram[0].i_bht_ram/mem_reg_0_127_0_0/SP.HIGH/CLK
Low Pulse Width   Fast    RAMD64E/CLK         n/a            1.250         10.000      8.750      SLICE_X32Y75     bht_gen.i_bht/gen_fpga_bht.gen_bht_ram[0].i_bht_ram/mem_reg_0_127_0_0/SP.HIGH/CLK
Low Pulse Width   Slow    RAMD64E/CLK         n/a            1.250         10.000      8.750      SLICE_X32Y75     bht_gen.i_bht/gen_fpga_bht.gen_bht_ram[0].i_bht_ram/mem_reg_0_127_0_0/SP.LOW/CLK
Low Pulse Width   Fast    RAMD64E/CLK         n/a            1.250         10.000      8.750      SLICE_X32Y75     bht_gen.i_bht/gen_fpga_bht.gen_bht_ram[0].i_bht_ram/mem_reg_0_127_0_0/SP.LOW/CLK
Low Pulse Width   Slow    RAMD64E/CLK         n/a            1.250         10.000      8.750      SLICE_X34Y75     bht_gen.i_bht/gen_fpga_bht.gen_bht_ram[0].i_bht_ram/mem_reg_0_127_1_1/DP.HIGH/CLK
Low Pulse Width   Fast    RAMD64E/CLK         n/a            1.250         10.000      8.750      SLICE_X34Y75     bht_gen.i_bht/gen_fpga_bht.gen_bht_ram[0].i_bht_ram/mem_reg_0_127_1_1/DP.HIGH/CLK
High Pulse Width  Slow    RAMD64E/CLK         n/a            1.250         10.000      8.750      SLICE_X32Y75     bht_gen.i_bht/gen_fpga_bht.gen_bht_ram[0].i_bht_ram/mem_reg_0_127_0_0/DP.HIGH/CLK
High Pulse Width  Fast    RAMD64E/CLK         n/a            1.250         10.000      8.750      SLICE_X32Y75     bht_gen.i_bht/gen_fpga_bht.gen_bht_ram[0].i_bht_ram/mem_reg_0_127_0_0/DP.HIGH/CLK
High Pulse Width  Slow    RAMD64E/CLK         n/a            1.250         10.000      8.750      SLICE_X32Y75     bht_gen.i_bht/gen_fpga_bht.gen_bht_ram[0].i_bht_ram/mem_reg_0_127_0_0/DP.LOW/CLK
High Pulse Width  Fast    RAMD64E/CLK         n/a            1.250         10.000      8.750      SLICE_X32Y75     bht_gen.i_bht/gen_fpga_bht.gen_bht_ram[0].i_bht_ram/mem_reg_0_127_0_0/DP.LOW/CLK
High Pulse Width  Slow    RAMD64E/CLK         n/a            1.250         10.000      8.750      SLICE_X32Y75     bht_gen.i_bht/gen_fpga_bht.gen_bht_ram[0].i_bht_ram/mem_reg_0_127_0_0/SP.HIGH/CLK
High Pulse Width  Fast    RAMD64E/CLK         n/a            1.250         10.000      8.750      SLICE_X32Y75     bht_gen.i_bht/gen_fpga_bht.gen_bht_ram[0].i_bht_ram/mem_reg_0_127_0_0/SP.HIGH/CLK
High Pulse Width  Slow    RAMD64E/CLK         n/a            1.250         10.000      8.750      SLICE_X32Y75     bht_gen.i_bht/gen_fpga_bht.gen_bht_ram[0].i_bht_ram/mem_reg_0_127_0_0/SP.LOW/CLK
High Pulse Width  Fast    RAMD64E/CLK         n/a            1.250         10.000      8.750      SLICE_X32Y75     bht_gen.i_bht/gen_fpga_bht.gen_bht_ram[0].i_bht_ram/mem_reg_0_127_0_0/SP.LOW/CLK
High Pulse Width  Slow    RAMD64E/CLK         n/a            1.250         10.000      8.750      SLICE_X34Y75     bht_gen.i_bht/gen_fpga_bht.gen_bht_ram[0].i_bht_ram/mem_reg_0_127_1_1/DP.HIGH/CLK
High Pulse Width  Fast    RAMD64E/CLK         n/a            1.250         10.000      8.750      SLICE_X34Y75     bht_gen.i_bht/gen_fpga_bht.gen_bht_ram[0].i_bht_ram/mem_reg_0_127_1_1/DP.HIGH/CLK



---------------------------------------------------------------------------------------------------
From Clock:  clkfbout_xlnx_clk_gen
  To Clock:  clkfbout_xlnx_clk_gen

Setup :           NA  Failing Endpoints,  Worst Slack           NA  ,  Total Violation           NA
Hold  :           NA  Failing Endpoints,  Worst Slack           NA  ,  Total Violation           NA
PW    :            0  Failing Endpoints,  Worst Slack        5.845ns,  Total Violation        0.000ns
---------------------------------------------------------------------------------------------------


Pulse Width Checks
--------------------------------------------------------------------------------------
Clock Name:         clkfbout_xlnx_clk_gen
Waveform(ns):       { 0.000 4.000 }
Period(ns):         8.000
Sources:            { i_xlnx_clk_gen/inst/mmcm_adv_inst/CLKFBOUT }

Check Type  Corner  Lib Pin              Reference Pin  Required(ns)  Actual(ns)  Slack(ns)  Location         Pin
Min Period  n/a     BUFG/I               n/a            2.155         8.000       5.845      BUFGCTRL_X0Y17   i_xlnx_clk_gen/inst/clkf_buf/I
Min Period  n/a     MMCME2_ADV/CLKFBOUT  n/a            1.249         8.000       6.751      MMCME2_ADV_X1Y2  i_xlnx_clk_gen/inst/mmcm_adv_inst/CLKFBOUT
Min Period  n/a     MMCME2_ADV/CLKFBIN   n/a            1.249         8.000       6.751      MMCME2_ADV_X1Y2  i_xlnx_clk_gen/inst/mmcm_adv_inst/CLKFBIN
Max Period  n/a     MMCME2_ADV/CLKFBIN   n/a            100.000       8.000       92.000     MMCME2_ADV_X1Y2  i_xlnx_clk_gen/inst/mmcm_adv_inst/CLKFBIN
Max Period  n/a     MMCME2_ADV/CLKFBOUT  n/a            213.360       8.000       205.360    MMCME2_ADV_X1Y2  i_xlnx_clk_gen/inst/mmcm_adv_inst/CLKFBOUT



---------------------------------------------------------------------------------------------------
From Clock:  tck
  To Clock:  tck

Setup :            0  Failing Endpoints,  Worst Slack        1.571ns,  Total Violation        0.000ns
Hold  :            0  Failing Endpoints,  Worst Slack        0.105ns,  Total Violation        0.000ns
PW    :            0  Failing Endpoints,  Worst Slack       49.500ns,  Total Violation        0.000ns
---------------------------------------------------------------------------------------------------


Max Delay Paths
--------------------------------------------------------------------------------------
Slack (MET) :             1.571ns  (required time - arrival time)
  Source:                 i_dmi_jtag/i_dmi_jtag_tap/td_o_reg/C
                            (falling edge-triggered cell FDCE clocked by tck  {rise@0.000ns fall@50.000ns period=100.000ns})
  Destination:            tdo
                            (output port clocked by tck  {rise@0.000ns fall@50.000ns period=100.000ns})
  Path Group:             tck
  Path Type:              Max at Slow Process Corner
  Requirement:            20.000ns  (MaxDelay Path 20.000ns)
  Data Path Delay:        5.606ns  (logic 4.080ns (72.787%)  route 1.526ns (27.213%))
  Logic Levels:           1  (OBUF=1)
  Output Delay:           5.000ns
  Clock Path Skew:        -7.321ns (DCD - SCD + CPR)
    Destination Clock Delay (DCD):    0.000ns
    Source Clock Delay      (SCD):    7.321ns
    Clock Pessimism Removal (CPR):    0.000ns
  Clock Uncertainty:      0.501ns  ((TSJ^2 + TIJ^2)^1/2 + DJ) / 2 + PE
    Total System Jitter     (TSJ):    0.071ns
    Total Input Jitter      (TIJ):    1.000ns
    Discrete Jitter          (DJ):    0.000ns
    Phase Error              (PE):    0.000ns
  Timing Exception:       MaxDelay Path 20.000ns

    Location             Delay type                Incr(ns)  Path(ns)    Netlist Resource(s)
  -------------------------------------------------------------------    -------------------
                         (clock tck fall edge)        0.000     0.000 f  
    H15                                               0.000     0.000 f  tck (IN)
                         net (fo=0)                   0.000     0.000    tck
    H15                  IBUF (Prop_ibuf_I_O)         1.500     1.500 f  tck_IBUF_inst/O
                         net (fo=1, routed)           3.659     5.159    tck_IBUF
    BUFGCTRL_X0Y0        BUFG (Prop_bufg_I_O)         0.101     5.260 f  tck_IBUF_BUFG_inst/O
                         net (fo=258, routed)         2.061     7.321    i_dmi_jtag/i_dmi_jtag_tap/tck_ni
    SLICE_X112Y100       FDCE                                         r  i_dmi_jtag/i_dmi_jtag_tap/td_o_reg/C  (IS_INVERTED)
  -------------------------------------------------------------------    -------------------
    SLICE_X112Y100       FDCE (Prop_fdce_C_Q)         0.524     7.845 r  i_dmi_jtag/i_dmi_jtag_tap/td_o_reg/Q
                         net (fo=1, routed)           1.526     9.371    tdo_OBUF
    J15                  OBUF (Prop_obuf_I_O)         3.556    12.927 r  tdo_OBUF_inst/O
                         net (fo=0)                   0.000    12.927    tdo
    J15                                                               r  tdo (OUT)
  -------------------------------------------------------------------    -------------------

                         max delay                   20.000    20.000    
                         clock pessimism              0.000    20.000    
                         clock uncertainty           -0.501    19.499    
                         output delay                -5.000    14.499    
  -------------------------------------------------------------------
                         required time                         14.499    
                         arrival time                         -12.927    
  -------------------------------------------------------------------
                         slack                                  1.571    

Slack (MET) :             14.957ns  (required time - arrival time)
  Source:                 tms
                            (input port clocked by tck  {rise@0.000ns fall@50.000ns period=100.000ns})
  Destination:            i_dmi_jtag/i_dmi_jtag_tap/FSM_onehot_tap_state_q_reg[5]/D
                            (rising edge-triggered cell FDCE clocked by tck  {rise@0.000ns fall@50.000ns period=100.000ns})
  Path Group:             tck
  Path Type:              Setup (Max at Fast Process Corner)
  Requirement:            20.000ns  (MaxDelay Path 20.000ns)
  Data Path Delay:        1.973ns  (logic 0.558ns (28.281%)  route 1.415ns (71.719%))
  Logic Levels:           2  (IBUF=1 LUT4=1)
  Input Delay:            5.000ns
  Clock Path Skew:        2.419ns (DCD - SCD + CPR)
    Destination Clock Delay (DCD):    2.419ns
    Source Clock Delay      (SCD):    0.000ns
    Clock Pessimism Removal (CPR):    0.000ns
  Clock Uncertainty:      0.501ns  ((TSJ^2 + TIJ^2)^1/2 + DJ) / 2 + PE
    Total System Jitter     (TSJ):    0.071ns
    Total Input Jitter      (TIJ):    1.000ns
    Discrete Jitter          (DJ):    0.000ns
    Phase Error              (PE):    0.000ns
  Timing Exception:       MaxDelay Path 20.000ns

    Location             Delay type                Incr(ns)  Path(ns)    Netlist Resource(s)
  -------------------------------------------------------------------    -------------------
                         (clock tck fall edge)        0.000     0.000 f  
                         input delay                  5.000     5.000    
    V12                                               0.000     5.000 f  tms (IN)
                         net (fo=0)                   0.000     5.000    tms
    V12                  IBUF (Prop_ibuf_I_O)         0.502     5.502 f  tms_IBUF_inst/O
                         net (fo=16, routed)          1.415     6.917    i_dmi_jtag/i_dmi_jtag_tap/tms_IBUF
    SLICE_X101Y59        LUT4 (Prop_lut4_I2_O)        0.056     6.973 r  i_dmi_jtag/i_dmi_jtag_tap/FSM_onehot_tap_state_q[5]_i_1/O
                         net (fo=1, routed)           0.000     6.973    i_dmi_jtag/i_dmi_jtag_tap/FSM_onehot_tap_state_q[5]_i_1_n_0
    SLICE_X101Y59        FDCE                                         r  i_dmi_jtag/i_dmi_jtag_tap/FSM_onehot_tap_state_q_reg[5]/D
  -------------------------------------------------------------------    -------------------

                         max delay                   20.000    20.000    
    H15                                               0.000    20.000 r  tck (IN)
                         net (fo=0)                   0.000    20.000    tck
    H15                  IBUF (Prop_ibuf_I_O)         0.268    20.268 r  tck_IBUF_inst/O
                         net (fo=1, routed)           1.516    21.784    tck_IBUF
    BUFGCTRL_X0Y0        BUFG (Prop_bufg_I_O)         0.026    21.810 r  tck_IBUF_BUFG_inst/O
                         net (fo=258, routed)         0.609    22.419    i_dmi_jtag/i_dmi_jtag_tap/CLK
    SLICE_X101Y59        FDCE                                         r  i_dmi_jtag/i_dmi_jtag_tap/FSM_onehot_tap_state_q_reg[5]/C
                         clock pessimism              0.000    22.419    
                         clock uncertainty           -0.501    21.918    
    SLICE_X101Y59        FDCE (Setup_fdce_C_D)        0.013    21.931    i_dmi_jtag/i_dmi_jtag_tap/FSM_onehot_tap_state_q_reg[5]
  -------------------------------------------------------------------
                         required time                         21.931    
                         arrival time                          -6.973    
  -------------------------------------------------------------------
                         slack                                 14.957    

Slack (MET) :             14.977ns  (required time - arrival time)
  Source:                 tms
                            (input port clocked by tck  {rise@0.000ns fall@50.000ns period=100.000ns})
  Destination:            i_dmi_jtag/i_dmi_jtag_tap/FSM_onehot_tap_state_q_reg[8]/D
                            (rising edge-triggered cell FDCE clocked by tck  {rise@0.000ns fall@50.000ns period=100.000ns})
  Path Group:             tck
  Path Type:              Setup (Max at Fast Process Corner)
  Requirement:            20.000ns  (MaxDelay Path 20.000ns)
  Data Path Delay:        1.975ns  (logic 0.558ns (28.253%)  route 1.417ns (71.747%))
  Logic Levels:           2  (IBUF=1 LUT2=1)
  Input Delay:            5.000ns
  Clock Path Skew:        2.419ns (DCD - SCD + CPR)
    Destination Clock Delay (DCD):    2.419ns
    Source Clock Delay      (SCD):    0.000ns
    Clock Pessimism Removal (CPR):    0.000ns
  Clock Uncertainty:      0.501ns  ((TSJ^2 + TIJ^2)^1/2 + DJ) / 2 + PE
    Total System Jitter     (TSJ):    0.071ns
    Total Input Jitter      (TIJ):    1.000ns
    Discrete Jitter          (DJ):    0.000ns
    Phase Error              (PE):    0.000ns
  Timing Exception:       MaxDelay Path 20.000ns

    Location             Delay type                Incr(ns)  Path(ns)    Netlist Resource(s)
  -------------------------------------------------------------------    -------------------
                         (clock tck fall edge)        0.000     0.000 f  
                         input delay                  5.000     5.000    
    V12                                               0.000     5.000 r  tms (IN)
                         net (fo=0)                   0.000     5.000    tms
    V12                  IBUF (Prop_ibuf_I_O)         0.502     5.502 r  tms_IBUF_inst/O
                         net (fo=16, routed)          1.417     6.919    i_dmi_jtag/i_dmi_jtag_tap/tms_IBUF
    SLICE_X100Y59        LUT2 (Prop_lut2_I1_O)        0.056     6.975 r  i_dmi_jtag/i_dmi_jtag_tap/FSM_onehot_tap_state_q[8]_i_1/O
                         net (fo=1, routed)           0.000     6.975    i_dmi_jtag/i_dmi_jtag_tap/FSM_onehot_tap_state_q[8]_i_1_n_0
    SLICE_X100Y59        FDCE                                         r  i_dmi_jtag/i_dmi_jtag_tap/FSM_onehot_tap_state_q_reg[8]/D
  -------------------------------------------------------------------    -------------------

                         max delay                   20.000    20.000    
    H15                                               0.000    20.000 r  tck (IN)
                         net (fo=0)                   0.000    20.000    tck
    H15                  IBUF (Prop_ibuf_I_O)         0.268    20.268 r  tck_IBUF_inst/O
                         net (fo=1, routed)           1.516    21.784    tck_IBUF
    BUFGCTRL_X0Y0        BUFG (Prop_bufg_I_O)         0.026    21.810 r  tck_IBUF_BUFG_inst/O
                         net (fo=258, routed)         0.609    22.419    i_dmi_jtag/i_dmi_jtag_tap/CLK
    SLICE_X100Y59        FDCE                                         r  i_dmi_jtag/i_dmi_jtag_tap/FSM_onehot_tap_state_q_reg[8]/C
                         clock pessimism              0.000    22.419    
                         clock uncertainty           -0.501    21.918    
    SLICE_X100Y59        FDCE (Setup_fdce_C_D)        0.035    21.953    i_dmi_jtag/i_dmi_jtag_tap/FSM_onehot_tap_state_q_reg[8]
  -------------------------------------------------------------------
                         required time                         21.953    
                         arrival time                          -6.975    
  -------------------------------------------------------------------
                         slack                                 14.977    

Slack (MET) :             14.981ns  (required time - arrival time)
  Source:                 tms
                            (input port clocked by tck  {rise@0.000ns fall@50.000ns period=100.000ns})
  Destination:            i_dmi_jtag/i_dmi_jtag_tap/FSM_onehot_tap_state_q_reg[6]/D
                            (rising edge-triggered cell FDCE clocked by tck  {rise@0.000ns fall@50.000ns period=100.000ns})
  Path Group:             tck
  Path Type:              Setup (Max at Fast Process Corner)
  Requirement:            20.000ns  (MaxDelay Path 20.000ns)
  Data Path Delay:        1.972ns  (logic 0.557ns (28.245%)  route 1.415ns (71.755%))
  Logic Levels:           2  (IBUF=1 LUT3=1)
  Input Delay:            5.000ns
  Clock Path Skew:        2.419ns (DCD - SCD + CPR)
    Destination Clock Delay (DCD):    2.419ns
    Source Clock Delay      (SCD):    0.000ns
    Clock Pessimism Removal (CPR):    0.000ns
  Clock Uncertainty:      0.501ns  ((TSJ^2 + TIJ^2)^1/2 + DJ) / 2 + PE
    Total System Jitter     (TSJ):    0.071ns
    Total Input Jitter      (TIJ):    1.000ns
    Discrete Jitter          (DJ):    0.000ns
    Phase Error              (PE):    0.000ns
  Timing Exception:       MaxDelay Path 20.000ns

    Location             Delay type                Incr(ns)  Path(ns)    Netlist Resource(s)
  -------------------------------------------------------------------    -------------------
                         (clock tck fall edge)        0.000     0.000 f  
                         input delay                  5.000     5.000    
    V12                                               0.000     5.000 r  tms (IN)
                         net (fo=0)                   0.000     5.000    tms
    V12                  IBUF (Prop_ibuf_I_O)         0.502     5.502 r  tms_IBUF_inst/O
                         net (fo=16, routed)          1.415     6.917    i_dmi_jtag/i_dmi_jtag_tap/tms_IBUF
    SLICE_X101Y59        LUT3 (Prop_lut3_I2_O)        0.055     6.972 r  i_dmi_jtag/i_dmi_jtag_tap/FSM_onehot_tap_state_q[6]_i_1/O
                         net (fo=1, routed)           0.000     6.972    i_dmi_jtag/i_dmi_jtag_tap/FSM_onehot_tap_state_q[6]_i_1_n_0
    SLICE_X101Y59        FDCE                                         r  i_dmi_jtag/i_dmi_jtag_tap/FSM_onehot_tap_state_q_reg[6]/D
  -------------------------------------------------------------------    -------------------

                         max delay                   20.000    20.000    
    H15                                               0.000    20.000 r  tck (IN)
                         net (fo=0)                   0.000    20.000    tck
    H15                  IBUF (Prop_ibuf_I_O)         0.268    20.268 r  tck_IBUF_inst/O
                         net (fo=1, routed)           1.516    21.784    tck_IBUF
    BUFGCTRL_X0Y0        BUFG (Prop_bufg_I_O)         0.026    21.810 r  tck_IBUF_BUFG_inst/O
                         net (fo=258, routed)         0.609    22.419    i_dmi_jtag/i_dmi_jtag_tap/CLK
    SLICE_X101Y59        FDCE                                         r  i_dmi_jtag/i_dmi_jtag_tap/FSM_onehot_tap_state_q_reg[6]/C
                         clock pessimism              0.000    22.419    
                         clock uncertainty           -0.501    21.918    
    SLICE_X101Y59        FDCE (Setup_fdce_C_D)        0.036    21.954    i_dmi_jtag/i_dmi_jtag_tap/FSM_onehot_tap_state_q_reg[6]
  -------------------------------------------------------------------
                         required time                         21.954    
                         arrival time                          -6.972    
  -------------------------------------------------------------------
                         slack                                 14.981    

Slack (MET) :             15.065ns  (required time - arrival time)
  Source:                 tms
                            (input port clocked by tck  {rise@0.000ns fall@50.000ns period=100.000ns})
  Destination:            i_dmi_jtag/i_dmi_jtag_tap/FSM_onehot_tap_state_q_reg[14]/D
                            (rising edge-triggered cell FDCE clocked by tck  {rise@0.000ns fall@50.000ns period=100.000ns})
  Path Group:             tck
  Path Type:              Setup (Max at Fast Process Corner)
  Requirement:            20.000ns  (MaxDelay Path 20.000ns)
  Data Path Delay:        1.888ns  (logic 0.558ns (29.564%)  route 1.330ns (70.435%))
  Logic Levels:           2  (IBUF=1 LUT2=1)
  Input Delay:            5.000ns
  Clock Path Skew:        2.419ns (DCD - SCD + CPR)
    Destination Clock Delay (DCD):    2.419ns
    Source Clock Delay      (SCD):    0.000ns
    Clock Pessimism Removal (CPR):    0.000ns
  Clock Uncertainty:      0.501ns  ((TSJ^2 + TIJ^2)^1/2 + DJ) / 2 + PE
    Total System Jitter     (TSJ):    0.071ns
    Total Input Jitter      (TIJ):    1.000ns
    Discrete Jitter          (DJ):    0.000ns
    Phase Error              (PE):    0.000ns
  Timing Exception:       MaxDelay Path 20.000ns

    Location             Delay type                Incr(ns)  Path(ns)    Netlist Resource(s)
  -------------------------------------------------------------------    -------------------
                         (clock tck fall edge)        0.000     0.000 f  
                         input delay                  5.000     5.000    
    V12                                               0.000     5.000 r  tms (IN)
                         net (fo=0)                   0.000     5.000    tms
    V12                  IBUF (Prop_ibuf_I_O)         0.502     5.502 r  tms_IBUF_inst/O
                         net (fo=16, routed)          1.330     6.832    i_dmi_jtag/i_dmi_jtag_tap/tms_IBUF
    SLICE_X100Y57        LUT2 (Prop_lut2_I1_O)        0.056     6.888 r  i_dmi_jtag/i_dmi_jtag_tap/FSM_onehot_tap_state_q[14]_i_1/O
                         net (fo=1, routed)           0.000     6.888    i_dmi_jtag/i_dmi_jtag_tap/FSM_onehot_tap_state_q[14]_i_1_n_0
    SLICE_X100Y57        FDCE                                         r  i_dmi_jtag/i_dmi_jtag_tap/FSM_onehot_tap_state_q_reg[14]/D
  -------------------------------------------------------------------    -------------------

                         max delay                   20.000    20.000    
    H15                                               0.000    20.000 r  tck (IN)
                         net (fo=0)                   0.000    20.000    tck
    H15                  IBUF (Prop_ibuf_I_O)         0.268    20.268 r  tck_IBUF_inst/O
                         net (fo=1, routed)           1.516    21.784    tck_IBUF
    BUFGCTRL_X0Y0        BUFG (Prop_bufg_I_O)         0.026    21.810 r  tck_IBUF_BUFG_inst/O
                         net (fo=258, routed)         0.609    22.419    i_dmi_jtag/i_dmi_jtag_tap/CLK
    SLICE_X100Y57        FDCE                                         r  i_dmi_jtag/i_dmi_jtag_tap/FSM_onehot_tap_state_q_reg[14]/C
                         clock pessimism              0.000    22.419    
                         clock uncertainty           -0.501    21.918    
    SLICE_X100Y57        FDCE (Setup_fdce_C_D)        0.035    21.953    i_dmi_jtag/i_dmi_jtag_tap/FSM_onehot_tap_state_q_reg[14]
  -------------------------------------------------------------------
                         required time                         21.953    
                         arrival time                          -6.888    
  -------------------------------------------------------------------
                         slack                                 15.065    

Slack (MET) :             15.077ns  (required time - arrival time)
  Source:                 tms
                            (input port clocked by tck  {rise@0.000ns fall@50.000ns period=100.000ns})
  Destination:            i_dmi_jtag/i_dmi_jtag_tap/FSM_onehot_tap_state_q_reg[7]/D
                            (rising edge-triggered cell FDCE clocked by tck  {rise@0.000ns fall@50.000ns period=100.000ns})
  Path Group:             tck
  Path Type:              Setup (Max at Fast Process Corner)
  Requirement:            20.000ns  (MaxDelay Path 20.000ns)
  Data Path Delay:        1.874ns  (logic 0.558ns (29.775%)  route 1.316ns (70.225%))
  Logic Levels:           2  (IBUF=1 LUT3=1)
  Input Delay:            5.000ns
  Clock Path Skew:        2.419ns (DCD - SCD + CPR)
    Destination Clock Delay (DCD):    2.419ns
    Source Clock Delay      (SCD):    0.000ns
    Clock Pessimism Removal (CPR):    0.000ns
  Clock Uncertainty:      0.501ns  ((TSJ^2 + TIJ^2)^1/2 + DJ) / 2 + PE
    Total System Jitter     (TSJ):    0.071ns
    Total Input Jitter      (TIJ):    1.000ns
    Discrete Jitter          (DJ):    0.000ns
    Phase Error              (PE):    0.000ns
  Timing Exception:       MaxDelay Path 20.000ns

    Location             Delay type                Incr(ns)  Path(ns)    Netlist Resource(s)
  -------------------------------------------------------------------    -------------------
                         (clock tck fall edge)        0.000     0.000 f  
                         input delay                  5.000     5.000    
    V12                                               0.000     5.000 f  tms (IN)
                         net (fo=0)                   0.000     5.000    tms
    V12                  IBUF (Prop_ibuf_I_O)         0.502     5.502 f  tms_IBUF_inst/O
                         net (fo=16, routed)          1.316     6.818    i_dmi_jtag/i_dmi_jtag_tap/tms_IBUF
    SLICE_X100Y59        LUT3 (Prop_lut3_I1_O)        0.056     6.874 r  i_dmi_jtag/i_dmi_jtag_tap/FSM_onehot_tap_state_q[7]_i_1/O
                         net (fo=1, routed)           0.000     6.874    i_dmi_jtag/i_dmi_jtag_tap/FSM_onehot_tap_state_q[7]_i_1_n_0
    SLICE_X100Y59        FDCE                                         r  i_dmi_jtag/i_dmi_jtag_tap/FSM_onehot_tap_state_q_reg[7]/D
  -------------------------------------------------------------------    -------------------

                         max delay                   20.000    20.000    
    H15                                               0.000    20.000 r  tck (IN)
                         net (fo=0)                   0.000    20.000    tck
    H15                  IBUF (Prop_ibuf_I_O)         0.268    20.268 r  tck_IBUF_inst/O
                         net (fo=1, routed)           1.516    21.784    tck_IBUF
    BUFGCTRL_X0Y0        BUFG (Prop_bufg_I_O)         0.026    21.810 r  tck_IBUF_BUFG_inst/O
                         net (fo=258, routed)         0.609    22.419    i_dmi_jtag/i_dmi_jtag_tap/CLK
    SLICE_X100Y59        FDCE                                         r  i_dmi_jtag/i_dmi_jtag_tap/FSM_onehot_tap_state_q_reg[7]/C
                         clock pessimism              0.000    22.419    
                         clock uncertainty           -0.501    21.918    
    SLICE_X100Y59        FDCE (Setup_fdce_C_D)        0.034    21.952    i_dmi_jtag/i_dmi_jtag_tap/FSM_onehot_tap_state_q_reg[7]
  -------------------------------------------------------------------
                         required time                         21.952    
                         arrival time                          -6.874    
  -------------------------------------------------------------------
                         slack                                 15.077    

Slack (MET) :             15.083ns  (required time - arrival time)
  Source:                 tms
                            (input port clocked by tck  {rise@0.000ns fall@50.000ns period=100.000ns})
  Destination:            i_dmi_jtag/i_dmi_jtag_tap/FSM_onehot_tap_state_q_reg[13]/D
                            (rising edge-triggered cell FDCE clocked by tck  {rise@0.000ns fall@50.000ns period=100.000ns})
  Path Group:             tck
  Path Type:              Setup (Max at Fast Process Corner)
  Requirement:            20.000ns  (MaxDelay Path 20.000ns)
  Data Path Delay:        1.869ns  (logic 0.558ns (29.866%)  route 1.311ns (70.134%))
  Logic Levels:           2  (IBUF=1 LUT3=1)
  Input Delay:            5.000ns
  Clock Path Skew:        2.419ns (DCD - SCD + CPR)
    Destination Clock Delay (DCD):    2.419ns
    Source Clock Delay      (SCD):    0.000ns
    Clock Pessimism Removal (CPR):    0.000ns
  Clock Uncertainty:      0.501ns  ((TSJ^2 + TIJ^2)^1/2 + DJ) / 2 + PE
    Total System Jitter     (TSJ):    0.071ns
    Total Input Jitter      (TIJ):    1.000ns
    Discrete Jitter          (DJ):    0.000ns
    Phase Error              (PE):    0.000ns
  Timing Exception:       MaxDelay Path 20.000ns

    Location             Delay type                Incr(ns)  Path(ns)    Netlist Resource(s)
  -------------------------------------------------------------------    -------------------
                         (clock tck fall edge)        0.000     0.000 f  
                         input delay                  5.000     5.000    
    V12                                               0.000     5.000 f  tms (IN)
                         net (fo=0)                   0.000     5.000    tms
    V12                  IBUF (Prop_ibuf_I_O)         0.502     5.502 f  tms_IBUF_inst/O
                         net (fo=16, routed)          1.311     6.813    i_dmi_jtag/i_dmi_jtag_tap/tms_IBUF
    SLICE_X100Y57        LUT3 (Prop_lut3_I1_O)        0.056     6.869 r  i_dmi_jtag/i_dmi_jtag_tap/FSM_onehot_tap_state_q[13]_i_1/O
                         net (fo=1, routed)           0.000     6.869    i_dmi_jtag/i_dmi_jtag_tap/FSM_onehot_tap_state_q[13]_i_1_n_0
    SLICE_X100Y57        FDCE                                         r  i_dmi_jtag/i_dmi_jtag_tap/FSM_onehot_tap_state_q_reg[13]/D
  -------------------------------------------------------------------    -------------------

                         max delay                   20.000    20.000    
    H15                                               0.000    20.000 r  tck (IN)
                         net (fo=0)                   0.000    20.000    tck
    H15                  IBUF (Prop_ibuf_I_O)         0.268    20.268 r  tck_IBUF_inst/O
                         net (fo=1, routed)           1.516    21.784    tck_IBUF
    BUFGCTRL_X0Y0        BUFG (Prop_bufg_I_O)         0.026    21.810 r  tck_IBUF_BUFG_inst/O
                         net (fo=258, routed)         0.609    22.419    i_dmi_jtag/i_dmi_jtag_tap/CLK
    SLICE_X100Y57        FDCE                                         r  i_dmi_jtag/i_dmi_jtag_tap/FSM_onehot_tap_state_q_reg[13]/C
                         clock pessimism              0.000    22.419    
                         clock uncertainty           -0.501    21.918    
    SLICE_X100Y57        FDCE (Setup_fdce_C_D)        0.034    21.952    i_dmi_jtag/i_dmi_jtag_tap/FSM_onehot_tap_state_q_reg[13]
  -------------------------------------------------------------------
                         required time                         21.952    
                         arrival time                          -6.869    
  -------------------------------------------------------------------
                         slack                                 15.083    

Slack (MET) :             15.086ns  (required time - arrival time)
  Source:                 tms
                            (input port clocked by tck  {rise@0.000ns fall@50.000ns period=100.000ns})
  Destination:            i_dmi_jtag/i_dmi_jtag_tap/FSM_onehot_tap_state_q_reg[1]/D
                            (rising edge-triggered cell FDCE clocked by tck  {rise@0.000ns fall@50.000ns period=100.000ns})
  Path Group:             tck
  Path Type:              Setup (Max at Fast Process Corner)
  Requirement:            20.000ns  (MaxDelay Path 20.000ns)
  Data Path Delay:        1.887ns  (logic 0.557ns (29.527%)  route 1.330ns (70.473%))
  Logic Levels:           2  (IBUF=1 LUT4=1)
  Input Delay:            5.000ns
  Clock Path Skew:        2.419ns (DCD - SCD + CPR)
    Destination Clock Delay (DCD):    2.419ns
    Source Clock Delay      (SCD):    0.000ns
    Clock Pessimism Removal (CPR):    0.000ns
  Clock Uncertainty:      0.501ns  ((TSJ^2 + TIJ^2)^1/2 + DJ) / 2 + PE
    Total System Jitter     (TSJ):    0.071ns
    Total Input Jitter      (TIJ):    1.000ns
    Discrete Jitter          (DJ):    0.000ns
    Phase Error              (PE):    0.000ns
  Timing Exception:       MaxDelay Path 20.000ns

    Location             Delay type                Incr(ns)  Path(ns)    Netlist Resource(s)
  -------------------------------------------------------------------    -------------------
                         (clock tck fall edge)        0.000     0.000 f  
                         input delay                  5.000     5.000    
    V12                                               0.000     5.000 r  tms (IN)
                         net (fo=0)                   0.000     5.000    tms
    V12                  IBUF (Prop_ibuf_I_O)         0.502     5.502 r  tms_IBUF_inst/O
                         net (fo=16, routed)          1.330     6.832    i_dmi_jtag/i_dmi_jtag_tap/tms_IBUF
    SLICE_X100Y57        LUT4 (Prop_lut4_I3_O)        0.055     6.887 r  i_dmi_jtag/i_dmi_jtag_tap/FSM_onehot_tap_state_q[1]_i_1/O
                         net (fo=1, routed)           0.000     6.887    i_dmi_jtag/i_dmi_jtag_tap/FSM_onehot_tap_state_q[1]_i_1_n_0
    SLICE_X100Y57        FDCE                                         r  i_dmi_jtag/i_dmi_jtag_tap/FSM_onehot_tap_state_q_reg[1]/D
  -------------------------------------------------------------------    -------------------

                         max delay                   20.000    20.000    
    H15                                               0.000    20.000 r  tck (IN)
                         net (fo=0)                   0.000    20.000    tck
    H15                  IBUF (Prop_ibuf_I_O)         0.268    20.268 r  tck_IBUF_inst/O
                         net (fo=1, routed)           1.516    21.784    tck_IBUF
    BUFGCTRL_X0Y0        BUFG (Prop_bufg_I_O)         0.026    21.810 r  tck_IBUF_BUFG_inst/O
                         net (fo=258, routed)         0.609    22.419    i_dmi_jtag/i_dmi_jtag_tap/CLK
    SLICE_X100Y57        FDCE                                         r  i_dmi_jtag/i_dmi_jtag_tap/FSM_onehot_tap_state_q_reg[1]/C
                         clock pessimism              0.000    22.419    
                         clock uncertainty           -0.501    21.918    
    SLICE_X100Y57        FDCE (Setup_fdce_C_D)        0.055    21.973    i_dmi_jtag/i_dmi_jtag_tap/FSM_onehot_tap_state_q_reg[1]
  -------------------------------------------------------------------
                         required time                         21.973    
                         arrival time                          -6.887    
  -------------------------------------------------------------------
                         slack                                 15.086    

Slack (MET) :             15.097ns  (required time - arrival time)
  Source:                 tms
                            (input port clocked by tck  {rise@0.000ns fall@50.000ns period=100.000ns})
  Destination:            i_dmi_jtag/i_dmi_jtag_tap/FSM_onehot_tap_state_q_reg[9]/D
                            (rising edge-triggered cell FDCE clocked by tck  {rise@0.000ns fall@50.000ns period=100.000ns})
  Path Group:             tck
  Path Type:              Setup (Max at Fast Process Corner)
  Requirement:            20.000ns  (MaxDelay Path 20.000ns)
  Data Path Delay:        1.875ns  (logic 0.559ns (29.813%)  route 1.316ns (70.187%))
  Logic Levels:           2  (IBUF=1 LUT3=1)
  Input Delay:            5.000ns
  Clock Path Skew:        2.419ns (DCD - SCD + CPR)
    Destination Clock Delay (DCD):    2.419ns
    Source Clock Delay      (SCD):    0.000ns
    Clock Pessimism Removal (CPR):    0.000ns
  Clock Uncertainty:      0.501ns  ((TSJ^2 + TIJ^2)^1/2 + DJ) / 2 + PE
    Total System Jitter     (TSJ):    0.071ns
    Total Input Jitter      (TIJ):    1.000ns
    Discrete Jitter          (DJ):    0.000ns
    Phase Error              (PE):    0.000ns
  Timing Exception:       MaxDelay Path 20.000ns

    Location             Delay type                Incr(ns)  Path(ns)    Netlist Resource(s)
  -------------------------------------------------------------------    -------------------
                         (clock tck fall edge)        0.000     0.000 f  
                         input delay                  5.000     5.000    
    V12                                               0.000     5.000 r  tms (IN)
                         net (fo=0)                   0.000     5.000    tms
    V12                  IBUF (Prop_ibuf_I_O)         0.502     5.502 r  tms_IBUF_inst/O
                         net (fo=16, routed)          1.316     6.818    i_dmi_jtag/i_dmi_jtag_tap/tms_IBUF
    SLICE_X100Y59        LUT3 (Prop_lut3_I1_O)        0.057     6.875 r  i_dmi_jtag/i_dmi_jtag_tap/FSM_onehot_tap_state_q[9]_i_1/O
                         net (fo=1, routed)           0.000     6.875    i_dmi_jtag/i_dmi_jtag_tap/FSM_onehot_tap_state_q[9]_i_1_n_0
    SLICE_X100Y59        FDCE                                         r  i_dmi_jtag/i_dmi_jtag_tap/FSM_onehot_tap_state_q_reg[9]/D
  -------------------------------------------------------------------    -------------------

                         max delay                   20.000    20.000    
    H15                                               0.000    20.000 r  tck (IN)
                         net (fo=0)                   0.000    20.000    tck
    H15                  IBUF (Prop_ibuf_I_O)         0.268    20.268 r  tck_IBUF_inst/O
                         net (fo=1, routed)           1.516    21.784    tck_IBUF
    BUFGCTRL_X0Y0        BUFG (Prop_bufg_I_O)         0.026    21.810 r  tck_IBUF_BUFG_inst/O
                         net (fo=258, routed)         0.609    22.419    i_dmi_jtag/i_dmi_jtag_tap/CLK
    SLICE_X100Y59        FDCE                                         r  i_dmi_jtag/i_dmi_jtag_tap/FSM_onehot_tap_state_q_reg[9]/C
                         clock pessimism              0.000    22.419    
                         clock uncertainty           -0.501    21.918    
    SLICE_X100Y59        FDCE (Setup_fdce_C_D)        0.055    21.973    i_dmi_jtag/i_dmi_jtag_tap/FSM_onehot_tap_state_q_reg[9]
  -------------------------------------------------------------------
                         required time                         21.973    
                         arrival time                          -6.875    
  -------------------------------------------------------------------
                         slack                                 15.097    

Slack (MET) :             15.103ns  (required time - arrival time)
  Source:                 tms
                            (input port clocked by tck  {rise@0.000ns fall@50.000ns period=100.000ns})
  Destination:            i_dmi_jtag/i_dmi_jtag_tap/FSM_onehot_tap_state_q_reg[15]/D
                            (rising edge-triggered cell FDCE clocked by tck  {rise@0.000ns fall@50.000ns period=100.000ns})
  Path Group:             tck
  Path Type:              Setup (Max at Fast Process Corner)
  Requirement:            20.000ns  (MaxDelay Path 20.000ns)
  Data Path Delay:        1.870ns  (logic 0.559ns (29.903%)  route 1.311ns (70.097%))
  Logic Levels:           2  (IBUF=1 LUT3=1)
  Input Delay:            5.000ns
  Clock Path Skew:        2.419ns (DCD - SCD + CPR)
    Destination Clock Delay (DCD):    2.419ns
    Source Clock Delay      (SCD):    0.000ns
    Clock Pessimism Removal (CPR):    0.000ns
  Clock Uncertainty:      0.501ns  ((TSJ^2 + TIJ^2)^1/2 + DJ) / 2 + PE
    Total System Jitter     (TSJ):    0.071ns
    Total Input Jitter      (TIJ):    1.000ns
    Discrete Jitter          (DJ):    0.000ns
    Phase Error              (PE):    0.000ns
  Timing Exception:       MaxDelay Path 20.000ns

    Location             Delay type                Incr(ns)  Path(ns)    Netlist Resource(s)
  -------------------------------------------------------------------    -------------------
                         (clock tck fall edge)        0.000     0.000 f  
                         input delay                  5.000     5.000    
    V12                                               0.000     5.000 r  tms (IN)
                         net (fo=0)                   0.000     5.000    tms
    V12                  IBUF (Prop_ibuf_I_O)         0.502     5.502 r  tms_IBUF_inst/O
                         net (fo=16, routed)          1.311     6.813    i_dmi_jtag/i_dmi_jtag_tap/tms_IBUF
    SLICE_X100Y57        LUT3 (Prop_lut3_I1_O)        0.057     6.870 r  i_dmi_jtag/i_dmi_jtag_tap/FSM_onehot_tap_state_q[15]_i_1/O
                         net (fo=1, routed)           0.000     6.870    i_dmi_jtag/i_dmi_jtag_tap/FSM_onehot_tap_state_q[15]_i_1_n_0
    SLICE_X100Y57        FDCE                                         r  i_dmi_jtag/i_dmi_jtag_tap/FSM_onehot_tap_state_q_reg[15]/D
  -------------------------------------------------------------------    -------------------

                         max delay                   20.000    20.000    
    H15                                               0.000    20.000 r  tck (IN)
                         net (fo=0)                   0.000    20.000    tck
    H15                  IBUF (Prop_ibuf_I_O)         0.268    20.268 r  tck_IBUF_inst/O
                         net (fo=1, routed)           1.516    21.784    tck_IBUF
    BUFGCTRL_X0Y0        BUFG (Prop_bufg_I_O)         0.026    21.810 r  tck_IBUF_BUFG_inst/O
                         net (fo=258, routed)         0.609    22.419    i_dmi_jtag/i_dmi_jtag_tap/CLK
    SLICE_X100Y57        FDCE                                         r  i_dmi_jtag/i_dmi_jtag_tap/FSM_onehot_tap_state_q_reg[15]/C
                         clock pessimism              0.000    22.419    
                         clock uncertainty           -0.501    21.918    
    SLICE_X100Y57        FDCE (Setup_fdce_C_D)        0.055    21.973    i_dmi_jtag/i_dmi_jtag_tap/FSM_onehot_tap_state_q_reg[15]
  -------------------------------------------------------------------
                         required time                         21.973    
                         arrival time                          -6.870    
  -------------------------------------------------------------------
                         slack                                 15.103    





Min Delay Paths
--------------------------------------------------------------------------------------
Slack (MET) :             0.105ns  (arrival time - required time)
  Source:                 i_dmi_jtag/dr_q_reg[40]/C
                            (rising edge-triggered cell FDCE clocked by tck  {rise@0.000ns fall@50.000ns period=100.000ns})
  Destination:            i_dmi_jtag/address_q_reg[6]/D
                            (rising edge-triggered cell FDCE clocked by tck  {rise@0.000ns fall@50.000ns period=100.000ns})
  Path Group:             tck
  Path Type:              Hold (Min at Fast Process Corner)
  Requirement:            0.000ns  (tck rise@0.000ns - tck rise@0.000ns)
  Data Path Delay:        0.431ns  (logic 0.164ns (38.071%)  route 0.267ns (61.929%))
  Logic Levels:           0  
  Clock Path Skew:        0.272ns (DCD - SCD - CPR)
    Destination Clock Delay (DCD):    3.129ns
    Source Clock Delay      (SCD):    2.420ns
    Clock Pessimism Removal (CPR):    0.437ns

    Location             Delay type                Incr(ns)  Path(ns)    Netlist Resource(s)
  -------------------------------------------------------------------    -------------------
                         (clock tck rise edge)        0.000     0.000 r  
    H15                                               0.000     0.000 r  tck (IN)
                         net (fo=0)                   0.000     0.000    tck
    H15                  IBUF (Prop_ibuf_I_O)         0.268     0.268 r  tck_IBUF_inst/O
                         net (fo=1, routed)           1.516     1.784    tck_IBUF
    BUFGCTRL_X0Y0        BUFG (Prop_bufg_I_O)         0.026     1.810 r  tck_IBUF_BUFG_inst/O
                         net (fo=258, routed)         0.610     2.420    i_dmi_jtag/CLK
    SLICE_X102Y53        FDCE                                         r  i_dmi_jtag/dr_q_reg[40]/C
  -------------------------------------------------------------------    -------------------
    SLICE_X102Y53        FDCE (Prop_fdce_C_Q)         0.164     2.584 r  i_dmi_jtag/dr_q_reg[40]/Q
                         net (fo=2, routed)           0.267     2.851    i_dmi_jtag/dmi[address][6]
    SLICE_X102Y45        FDCE                                         r  i_dmi_jtag/address_q_reg[6]/D
  -------------------------------------------------------------------    -------------------

                         (clock tck rise edge)        0.000     0.000 r  
    H15                                               0.000     0.000 r  tck (IN)
                         net (fo=0)                   0.000     0.000    tck
    H15                  IBUF (Prop_ibuf_I_O)         0.456     0.456 r  tck_IBUF_inst/O
                         net (fo=1, routed)           1.762     2.218    tck_IBUF
    BUFGCTRL_X0Y0        BUFG (Prop_bufg_I_O)         0.029     2.247 r  tck_IBUF_BUFG_inst/O
                         net (fo=258, routed)         0.882     3.129    i_dmi_jtag/CLK
    SLICE_X102Y45        FDCE                                         r  i_dmi_jtag/address_q_reg[6]/C
                         clock pessimism             -0.437     2.692    
    SLICE_X102Y45        FDCE (Hold_fdce_C_D)         0.053     2.745    i_dmi_jtag/address_q_reg[6]
  -------------------------------------------------------------------
                         required time                         -2.745    
                         arrival time                           2.851    
  -------------------------------------------------------------------
                         slack                                  0.105    

Slack (MET) :             0.118ns  (arrival time - required time)
  Source:                 i_dmi_jtag/dr_q_reg[29]/C
                            (rising edge-triggered cell FDCE clocked by tck  {rise@0.000ns fall@50.000ns period=100.000ns})
  Destination:            i_dmi_jtag/data_q_reg[27]/D
                            (rising edge-triggered cell FDCE clocked by tck  {rise@0.000ns fall@50.000ns period=100.000ns})
  Path Group:             tck
  Path Type:              Hold (Min at Fast Process Corner)
  Requirement:            0.000ns  (tck rise@0.000ns - tck rise@0.000ns)
  Data Path Delay:        0.252ns  (logic 0.186ns (73.740%)  route 0.066ns (26.260%))
  Logic Levels:           1  (LUT4=1)
  Clock Path Skew:        0.013ns (DCD - SCD - CPR)
    Destination Clock Delay (DCD):    3.127ns
    Source Clock Delay      (SCD):    2.421ns
    Clock Pessimism Removal (CPR):    0.693ns

    Location             Delay type                Incr(ns)  Path(ns)    Netlist Resource(s)
  -------------------------------------------------------------------    -------------------
                         (clock tck rise edge)        0.000     0.000 r  
    H15                                               0.000     0.000 r  tck (IN)
                         net (fo=0)                   0.000     0.000    tck
    H15                  IBUF (Prop_ibuf_I_O)         0.268     0.268 r  tck_IBUF_inst/O
                         net (fo=1, routed)           1.516     1.784    tck_IBUF
    BUFGCTRL_X0Y0        BUFG (Prop_bufg_I_O)         0.026     1.810 r  tck_IBUF_BUFG_inst/O
                         net (fo=258, routed)         0.611     2.421    i_dmi_jtag/CLK
    SLICE_X101Y42        FDCE                                         r  i_dmi_jtag/dr_q_reg[29]/C
  -------------------------------------------------------------------    -------------------
    SLICE_X101Y42        FDCE (Prop_fdce_C_Q)         0.141     2.562 r  i_dmi_jtag/dr_q_reg[29]/Q
                         net (fo=2, routed)           0.066     2.628    i_dmi_jtag/i_dmi_cdc/i_cdc_resp/i_dst/data_q_reg[31][29]
    SLICE_X100Y42        LUT4 (Prop_lut4_I3_O)        0.045     2.673 r  i_dmi_jtag/i_dmi_cdc/i_cdc_resp/i_dst/data_q[27]_i_1/O
                         net (fo=1, routed)           0.000     2.673    i_dmi_jtag/i_dmi_cdc_n_233
    SLICE_X100Y42        FDCE                                         r  i_dmi_jtag/data_q_reg[27]/D
  -------------------------------------------------------------------    -------------------

                         (clock tck rise edge)        0.000     0.000 r  
    H15                                               0.000     0.000 r  tck (IN)
                         net (fo=0)                   0.000     0.000    tck
    H15                  IBUF (Prop_ibuf_I_O)         0.456     0.456 r  tck_IBUF_inst/O
                         net (fo=1, routed)           1.762     2.218    tck_IBUF
    BUFGCTRL_X0Y0        BUFG (Prop_bufg_I_O)         0.029     2.247 r  tck_IBUF_BUFG_inst/O
                         net (fo=258, routed)         0.880     3.127    i_dmi_jtag/CLK
    SLICE_X100Y42        FDCE                                         r  i_dmi_jtag/data_q_reg[27]/C
                         clock pessimism             -0.693     2.434    
    SLICE_X100Y42        FDCE (Hold_fdce_C_D)         0.121     2.555    i_dmi_jtag/data_q_reg[27]
  -------------------------------------------------------------------
                         required time                         -2.555    
                         arrival time                           2.673    
  -------------------------------------------------------------------
                         slack                                  0.118    

Slack (MET) :             0.131ns  (arrival time - required time)
  Source:                 i_dmi_jtag/i_dmi_cdc/i_cdc_resp/i_dst/req_dst_q_reg/C
                            (rising edge-triggered cell FDCE clocked by tck  {rise@0.000ns fall@50.000ns period=100.000ns})
  Destination:            i_dmi_jtag/i_dmi_cdc/i_cdc_resp/i_dst/req_q0_reg/D
                            (rising edge-triggered cell FDCE clocked by tck  {rise@0.000ns fall@50.000ns period=100.000ns})
  Path Group:             tck
  Path Type:              Hold (Min at Fast Process Corner)
  Requirement:            0.000ns  (tck rise@0.000ns - tck rise@0.000ns)
  Data Path Delay:        0.206ns  (logic 0.141ns (68.336%)  route 0.065ns (31.664%))
  Logic Levels:           0  
  Clock Path Skew:        0.000ns (DCD - SCD - CPR)
    Destination Clock Delay (DCD):    3.157ns
    Source Clock Delay      (SCD):    2.449ns
    Clock Pessimism Removal (CPR):    0.708ns

    Location             Delay type                Incr(ns)  Path(ns)    Netlist Resource(s)
  -------------------------------------------------------------------    -------------------
                         (clock tck rise edge)        0.000     0.000 r  
    H15                                               0.000     0.000 r  tck (IN)
                         net (fo=0)                   0.000     0.000    tck
    H15                  IBUF (Prop_ibuf_I_O)         0.268     0.268 r  tck_IBUF_inst/O
                         net (fo=1, routed)           1.516     1.784    tck_IBUF
    BUFGCTRL_X0Y0        BUFG (Prop_bufg_I_O)         0.026     1.810 r  tck_IBUF_BUFG_inst/O
                         net (fo=258, routed)         0.639     2.449    i_dmi_jtag/i_dmi_cdc/i_cdc_resp/i_dst/CLK
    SLICE_X106Y45        FDCE                                         r  i_dmi_jtag/i_dmi_cdc/i_cdc_resp/i_dst/req_dst_q_reg/C
  -------------------------------------------------------------------    -------------------
    SLICE_X106Y45        FDCE (Prop_fdce_C_Q)         0.141     2.590 r  i_dmi_jtag/i_dmi_cdc/i_cdc_resp/i_dst/req_dst_q_reg/Q
                         net (fo=1, routed)           0.065     2.655    i_dmi_jtag/i_dmi_cdc/i_cdc_resp/i_dst/req_dst_q
    SLICE_X106Y45        FDCE                                         r  i_dmi_jtag/i_dmi_cdc/i_cdc_resp/i_dst/req_q0_reg/D
  -------------------------------------------------------------------    -------------------

                         (clock tck rise edge)        0.000     0.000 r  
    H15                                               0.000     0.000 r  tck (IN)
                         net (fo=0)                   0.000     0.000    tck
    H15                  IBUF (Prop_ibuf_I_O)         0.456     0.456 r  tck_IBUF_inst/O
                         net (fo=1, routed)           1.762     2.218    tck_IBUF
    BUFGCTRL_X0Y0        BUFG (Prop_bufg_I_O)         0.029     2.247 r  tck_IBUF_BUFG_inst/O
                         net (fo=258, routed)         0.910     3.157    i_dmi_jtag/i_dmi_cdc/i_cdc_resp/i_dst/CLK
    SLICE_X106Y45        FDCE                                         r  i_dmi_jtag/i_dmi_cdc/i_cdc_resp/i_dst/req_q0_reg/C
                         clock pessimism             -0.708     2.449    
    SLICE_X106Y45        FDCE (Hold_fdce_C_D)         0.075     2.524    i_dmi_jtag/i_dmi_cdc/i_cdc_resp/i_dst/req_q0_reg
  -------------------------------------------------------------------
                         required time                         -2.524    
                         arrival time                           2.655    
  -------------------------------------------------------------------
                         slack                                  0.131    

Slack (MET) :             0.136ns  (arrival time - required time)
  Source:                 i_dmi_jtag/i_dmi_jtag_tap/dtmcs_q_reg[abits][9]/C
                            (rising edge-triggered cell FDCE clocked by tck  {rise@0.000ns fall@50.000ns period=100.000ns})
  Destination:            i_dmi_jtag/i_dmi_jtag_tap/dtmcs_q_reg[abits][8]/D
                            (rising edge-triggered cell FDCE clocked by tck  {rise@0.000ns fall@50.000ns period=100.000ns})
  Path Group:             tck
  Path Type:              Hold (Min at Fast Process Corner)
  Requirement:            0.000ns  (tck rise@0.000ns - tck rise@0.000ns)
  Data Path Delay:        0.280ns  (logic 0.189ns (67.475%)  route 0.091ns (32.525%))
  Logic Levels:           1  (LUT2=1)
  Clock Path Skew:        0.013ns (DCD - SCD - CPR)
    Destination Clock Delay (DCD):    3.127ns
    Source Clock Delay      (SCD):    2.420ns
    Clock Pessimism Removal (CPR):    0.694ns

    Location             Delay type                Incr(ns)  Path(ns)    Netlist Resource(s)
  -------------------------------------------------------------------    -------------------
                         (clock tck rise edge)        0.000     0.000 r  
    H15                                               0.000     0.000 r  tck (IN)
                         net (fo=0)                   0.000     0.000    tck
    H15                  IBUF (Prop_ibuf_I_O)         0.268     0.268 r  tck_IBUF_inst/O
                         net (fo=1, routed)           1.516     1.784    tck_IBUF
    BUFGCTRL_X0Y0        BUFG (Prop_bufg_I_O)         0.026     1.810 r  tck_IBUF_BUFG_inst/O
                         net (fo=258, routed)         0.610     2.420    i_dmi_jtag/i_dmi_jtag_tap/CLK
    SLICE_X101Y54        FDCE                                         r  i_dmi_jtag/i_dmi_jtag_tap/dtmcs_q_reg[abits][9]/C
  -------------------------------------------------------------------    -------------------
    SLICE_X101Y54        FDCE (Prop_fdce_C_Q)         0.141     2.561 r  i_dmi_jtag/i_dmi_jtag_tap/dtmcs_q_reg[abits][9]/Q
                         net (fo=1, routed)           0.091     2.652    i_dmi_jtag/i_dmi_jtag_tap/p_0_in__0[9]
    SLICE_X100Y54        LUT2 (Prop_lut2_I0_O)        0.048     2.700 r  i_dmi_jtag/i_dmi_jtag_tap/dtmcs_q[abits][8]_i_1/O
                         net (fo=1, routed)           0.000     2.700    i_dmi_jtag/i_dmi_jtag_tap/dtmcs_d[abits][8]
    SLICE_X100Y54        FDCE                                         r  i_dmi_jtag/i_dmi_jtag_tap/dtmcs_q_reg[abits][8]/D
  -------------------------------------------------------------------    -------------------

                         (clock tck rise edge)        0.000     0.000 r  
    H15                                               0.000     0.000 r  tck (IN)
                         net (fo=0)                   0.000     0.000    tck
    H15                  IBUF (Prop_ibuf_I_O)         0.456     0.456 r  tck_IBUF_inst/O
                         net (fo=1, routed)           1.762     2.218    tck_IBUF
    BUFGCTRL_X0Y0        BUFG (Prop_bufg_I_O)         0.029     2.247 r  tck_IBUF_BUFG_inst/O
                         net (fo=258, routed)         0.880     3.127    i_dmi_jtag/i_dmi_jtag_tap/CLK
    SLICE_X100Y54        FDCE                                         r  i_dmi_jtag/i_dmi_jtag_tap/dtmcs_q_reg[abits][8]/C
                         clock pessimism             -0.694     2.433    
    SLICE_X100Y54        FDCE (Hold_fdce_C_D)         0.131     2.564    i_dmi_jtag/i_dmi_jtag_tap/dtmcs_q_reg[abits][8]
  -------------------------------------------------------------------
                         required time                         -2.564    
                         arrival time                           2.700    
  -------------------------------------------------------------------
                         slack                                  0.136    

Slack (MET) :             0.144ns  (arrival time - required time)
  Source:                 i_dmi_jtag/FSM_sequential_state_q_reg[1]/C
                            (rising edge-triggered cell FDCE clocked by tck  {rise@0.000ns fall@50.000ns period=100.000ns})
  Destination:            i_dmi_jtag/FSM_sequential_state_q_reg[2]/D
                            (rising edge-triggered cell FDCE clocked by tck  {rise@0.000ns fall@50.000ns period=100.000ns})
  Path Group:             tck
  Path Type:              Hold (Min at Fast Process Corner)
  Requirement:            0.000ns  (tck rise@0.000ns - tck rise@0.000ns)
  Data Path Delay:        0.523ns  (logic 0.187ns (35.744%)  route 0.336ns (64.256%))
  Logic Levels:           1  (LUT4=1)
  Clock Path Skew:        0.272ns (DCD - SCD - CPR)
    Destination Clock Delay (DCD):    3.129ns
    Source Clock Delay      (SCD):    2.420ns
    Clock Pessimism Removal (CPR):    0.437ns

    Location             Delay type                Incr(ns)  Path(ns)    Netlist Resource(s)
  -------------------------------------------------------------------    -------------------
                         (clock tck rise edge)        0.000     0.000 r  
    H15                                               0.000     0.000 r  tck (IN)
                         net (fo=0)                   0.000     0.000    tck
    H15                  IBUF (Prop_ibuf_I_O)         0.268     0.268 r  tck_IBUF_inst/O
                         net (fo=1, routed)           1.516     1.784    tck_IBUF
    BUFGCTRL_X0Y0        BUFG (Prop_bufg_I_O)         0.026     1.810 r  tck_IBUF_BUFG_inst/O
                         net (fo=258, routed)         0.610     2.420    i_dmi_jtag/CLK
    SLICE_X105Y54        FDCE                                         r  i_dmi_jtag/FSM_sequential_state_q_reg[1]/C
  -------------------------------------------------------------------    -------------------
    SLICE_X105Y54        FDCE (Prop_fdce_C_Q)         0.141     2.561 r  i_dmi_jtag/FSM_sequential_state_q_reg[1]/Q
                         net (fo=42, routed)          0.336     2.897    i_dmi_jtag/i_dmi_cdc/i_cdc_resp/i_dst/state_q_0[1]
    SLICE_X105Y46        LUT4 (Prop_lut4_I1_O)        0.046     2.943 r  i_dmi_jtag/i_dmi_cdc/i_cdc_resp/i_dst/FSM_sequential_state_q[2]_i_1__4/O
                         net (fo=1, routed)           0.000     2.943    i_dmi_jtag/i_dmi_cdc_n_225
    SLICE_X105Y46        FDCE                                         r  i_dmi_jtag/FSM_sequential_state_q_reg[2]/D
  -------------------------------------------------------------------    -------------------

                         (clock tck rise edge)        0.000     0.000 r  
    H15                                               0.000     0.000 r  tck (IN)
                         net (fo=0)                   0.000     0.000    tck
    H15                  IBUF (Prop_ibuf_I_O)         0.456     0.456 r  tck_IBUF_inst/O
                         net (fo=1, routed)           1.762     2.218    tck_IBUF
    BUFGCTRL_X0Y0        BUFG (Prop_bufg_I_O)         0.029     2.247 r  tck_IBUF_BUFG_inst/O
                         net (fo=258, routed)         0.882     3.129    i_dmi_jtag/CLK
    SLICE_X105Y46        FDCE                                         r  i_dmi_jtag/FSM_sequential_state_q_reg[2]/C
                         clock pessimism             -0.437     2.692    
    SLICE_X105Y46        FDCE (Hold_fdce_C_D)         0.107     2.799    i_dmi_jtag/FSM_sequential_state_q_reg[2]
  -------------------------------------------------------------------
                         required time                         -2.799    
                         arrival time                           2.943    
  -------------------------------------------------------------------
                         slack                                  0.144    

Slack (MET) :             0.152ns  (arrival time - required time)
  Source:                 i_dmi_jtag/dr_q_reg[22]/C
                            (rising edge-triggered cell FDCE clocked by tck  {rise@0.000ns fall@50.000ns period=100.000ns})
  Destination:            i_dmi_jtag/data_q_reg[20]/D
                            (rising edge-triggered cell FDCE clocked by tck  {rise@0.000ns fall@50.000ns period=100.000ns})
  Path Group:             tck
  Path Type:              Hold (Min at Fast Process Corner)
  Requirement:            0.000ns  (tck rise@0.000ns - tck rise@0.000ns)
  Data Path Delay:        0.286ns  (logic 0.186ns (64.988%)  route 0.100ns (35.012%))
  Logic Levels:           1  (LUT4=1)
  Clock Path Skew:        0.013ns (DCD - SCD - CPR)
    Destination Clock Delay (DCD):    3.128ns
    Source Clock Delay      (SCD):    2.421ns
    Clock Pessimism Removal (CPR):    0.694ns

    Location             Delay type                Incr(ns)  Path(ns)    Netlist Resource(s)
  -------------------------------------------------------------------    -------------------
                         (clock tck rise edge)        0.000     0.000 r  
    H15                                               0.000     0.000 r  tck (IN)
                         net (fo=0)                   0.000     0.000    tck
    H15                  IBUF (Prop_ibuf_I_O)         0.268     0.268 r  tck_IBUF_inst/O
                         net (fo=1, routed)           1.516     1.784    tck_IBUF
    BUFGCTRL_X0Y0        BUFG (Prop_bufg_I_O)         0.026     1.810 r  tck_IBUF_BUFG_inst/O
                         net (fo=258, routed)         0.611     2.421    i_dmi_jtag/CLK
    SLICE_X105Y42        FDCE                                         r  i_dmi_jtag/dr_q_reg[22]/C
  -------------------------------------------------------------------    -------------------
    SLICE_X105Y42        FDCE (Prop_fdce_C_Q)         0.141     2.562 r  i_dmi_jtag/dr_q_reg[22]/Q
                         net (fo=2, routed)           0.100     2.662    i_dmi_jtag/i_dmi_cdc/i_cdc_resp/i_dst/data_q_reg[31][22]
    SLICE_X104Y42        LUT4 (Prop_lut4_I3_O)        0.045     2.707 r  i_dmi_jtag/i_dmi_cdc/i_cdc_resp/i_dst/data_q[20]_i_1/O
                         net (fo=1, routed)           0.000     2.707    i_dmi_jtag/i_dmi_cdc_n_240
    SLICE_X104Y42        FDCE                                         r  i_dmi_jtag/data_q_reg[20]/D
  -------------------------------------------------------------------    -------------------

                         (clock tck rise edge)        0.000     0.000 r  
    H15                                               0.000     0.000 r  tck (IN)
                         net (fo=0)                   0.000     0.000    tck
    H15                  IBUF (Prop_ibuf_I_O)         0.456     0.456 r  tck_IBUF_inst/O
                         net (fo=1, routed)           1.762     2.218    tck_IBUF
    BUFGCTRL_X0Y0        BUFG (Prop_bufg_I_O)         0.029     2.247 r  tck_IBUF_BUFG_inst/O
                         net (fo=258, routed)         0.881     3.128    i_dmi_jtag/CLK
    SLICE_X104Y42        FDCE                                         r  i_dmi_jtag/data_q_reg[20]/C
                         clock pessimism             -0.694     2.434    
    SLICE_X104Y42        FDCE (Hold_fdce_C_D)         0.121     2.555    i_dmi_jtag/data_q_reg[20]
  -------------------------------------------------------------------
                         required time                         -2.555    
                         arrival time                           2.707    
  -------------------------------------------------------------------
                         slack                                  0.152    

Slack (MET) :             0.152ns  (arrival time - required time)
  Source:                 i_dmi_jtag/dr_q_reg[16]/C
                            (rising edge-triggered cell FDCE clocked by tck  {rise@0.000ns fall@50.000ns period=100.000ns})
  Destination:            i_dmi_jtag/dr_q_reg[15]/D
                            (rising edge-triggered cell FDCE clocked by tck  {rise@0.000ns fall@50.000ns period=100.000ns})
  Path Group:             tck
  Path Type:              Hold (Min at Fast Process Corner)
  Requirement:            0.000ns  (tck rise@0.000ns - tck rise@0.000ns)
  Data Path Delay:        0.285ns  (logic 0.186ns (65.209%)  route 0.099ns (34.791%))
  Logic Levels:           1  (LUT4=1)
  Clock Path Skew:        0.013ns (DCD - SCD - CPR)
    Destination Clock Delay (DCD):    3.156ns
    Source Clock Delay      (SCD):    2.448ns
    Clock Pessimism Removal (CPR):    0.695ns

    Location             Delay type                Incr(ns)  Path(ns)    Netlist Resource(s)
  -------------------------------------------------------------------    -------------------
                         (clock tck rise edge)        0.000     0.000 r  
    H15                                               0.000     0.000 r  tck (IN)
                         net (fo=0)                   0.000     0.000    tck
    H15                  IBUF (Prop_ibuf_I_O)         0.268     0.268 r  tck_IBUF_inst/O
                         net (fo=1, routed)           1.516     1.784    tck_IBUF
    BUFGCTRL_X0Y0        BUFG (Prop_bufg_I_O)         0.026     1.810 r  tck_IBUF_BUFG_inst/O
                         net (fo=258, routed)         0.638     2.448    i_dmi_jtag/CLK
    SLICE_X109Y42        FDCE                                         r  i_dmi_jtag/dr_q_reg[16]/C
  -------------------------------------------------------------------    -------------------
    SLICE_X109Y42        FDCE (Prop_fdce_C_Q)         0.141     2.589 r  i_dmi_jtag/dr_q_reg[16]/Q
                         net (fo=2, routed)           0.099     2.688    i_dmi_jtag/i_dmi_jtag_tap/Q[16]
    SLICE_X108Y42        LUT4 (Prop_lut4_I0_O)        0.045     2.733 r  i_dmi_jtag/i_dmi_jtag_tap/dr_q[15]_i_1/O
                         net (fo=1, routed)           0.000     2.733    i_dmi_jtag/dr_d[15]
    SLICE_X108Y42        FDCE                                         r  i_dmi_jtag/dr_q_reg[15]/D
  -------------------------------------------------------------------    -------------------

                         (clock tck rise edge)        0.000     0.000 r  
    H15                                               0.000     0.000 r  tck (IN)
                         net (fo=0)                   0.000     0.000    tck
    H15                  IBUF (Prop_ibuf_I_O)         0.456     0.456 r  tck_IBUF_inst/O
                         net (fo=1, routed)           1.762     2.218    tck_IBUF
    BUFGCTRL_X0Y0        BUFG (Prop_bufg_I_O)         0.029     2.247 r  tck_IBUF_BUFG_inst/O
                         net (fo=258, routed)         0.909     3.156    i_dmi_jtag/CLK
    SLICE_X108Y42        FDCE                                         r  i_dmi_jtag/dr_q_reg[15]/C
                         clock pessimism             -0.695     2.461    
    SLICE_X108Y42        FDCE (Hold_fdce_C_D)         0.120     2.581    i_dmi_jtag/dr_q_reg[15]
  -------------------------------------------------------------------
                         required time                         -2.581    
                         arrival time                           2.733    
  -------------------------------------------------------------------
                         slack                                  0.152    

Slack (MET) :             0.152ns  (arrival time - required time)
  Source:                 i_dmi_jtag/i_dmi_jtag_tap/jtag_ir_shift_q_reg[1]/C
                            (rising edge-triggered cell FDCE clocked by tck  {rise@0.000ns fall@50.000ns period=100.000ns})
  Destination:            i_dmi_jtag/i_dmi_jtag_tap/jtag_ir_q_reg[1]/D
                            (rising edge-triggered cell FDCE clocked by tck  {rise@0.000ns fall@50.000ns period=100.000ns})
  Path Group:             tck
  Path Type:              Hold (Min at Fast Process Corner)
  Requirement:            0.000ns  (tck rise@0.000ns - tck rise@0.000ns)
  Data Path Delay:        0.285ns  (logic 0.186ns (65.209%)  route 0.099ns (34.791%))
  Logic Levels:           1  (LUT2=1)
  Clock Path Skew:        0.013ns (DCD - SCD - CPR)
    Destination Clock Delay (DCD):    3.126ns
    Source Clock Delay      (SCD):    2.419ns
    Clock Pessimism Removal (CPR):    0.694ns

    Location             Delay type                Incr(ns)  Path(ns)    Netlist Resource(s)
  -------------------------------------------------------------------    -------------------
                         (clock tck rise edge)        0.000     0.000 r  
    H15                                               0.000     0.000 r  tck (IN)
                         net (fo=0)                   0.000     0.000    tck
    H15                  IBUF (Prop_ibuf_I_O)         0.268     0.268 r  tck_IBUF_inst/O
                         net (fo=1, routed)           1.516     1.784    tck_IBUF
    BUFGCTRL_X0Y0        BUFG (Prop_bufg_I_O)         0.026     1.810 r  tck_IBUF_BUFG_inst/O
                         net (fo=258, routed)         0.609     2.419    i_dmi_jtag/i_dmi_jtag_tap/CLK
    SLICE_X103Y58        FDCE                                         r  i_dmi_jtag/i_dmi_jtag_tap/jtag_ir_shift_q_reg[1]/C
  -------------------------------------------------------------------    -------------------
    SLICE_X103Y58        FDCE (Prop_fdce_C_Q)         0.141     2.560 r  i_dmi_jtag/i_dmi_jtag_tap/jtag_ir_shift_q_reg[1]/Q
                         net (fo=2, routed)           0.099     2.659    i_dmi_jtag/i_dmi_jtag_tap/p_0_in_0[0]
    SLICE_X102Y58        LUT2 (Prop_lut2_I0_O)        0.045     2.704 r  i_dmi_jtag/i_dmi_jtag_tap/jtag_ir_q[1]_i_1/O
                         net (fo=1, routed)           0.000     2.704    i_dmi_jtag/i_dmi_jtag_tap/jtag_ir_d[1]
    SLICE_X102Y58        FDCE                                         r  i_dmi_jtag/i_dmi_jtag_tap/jtag_ir_q_reg[1]/D
  -------------------------------------------------------------------    -------------------

                         (clock tck rise edge)        0.000     0.000 r  
    H15                                               0.000     0.000 r  tck (IN)
                         net (fo=0)                   0.000     0.000    tck
    H15                  IBUF (Prop_ibuf_I_O)         0.456     0.456 r  tck_IBUF_inst/O
                         net (fo=1, routed)           1.762     2.218    tck_IBUF
    BUFGCTRL_X0Y0        BUFG (Prop_bufg_I_O)         0.029     2.247 r  tck_IBUF_BUFG_inst/O
                         net (fo=258, routed)         0.879     3.126    i_dmi_jtag/i_dmi_jtag_tap/CLK
    SLICE_X102Y58        FDCE                                         r  i_dmi_jtag/i_dmi_jtag_tap/jtag_ir_q_reg[1]/C
                         clock pessimism             -0.694     2.432    
    SLICE_X102Y58        FDCE (Hold_fdce_C_D)         0.120     2.552    i_dmi_jtag/i_dmi_jtag_tap/jtag_ir_q_reg[1]
  -------------------------------------------------------------------
                         required time                         -2.552    
                         arrival time                           2.704    
  -------------------------------------------------------------------
                         slack                                  0.152    

Slack (MET) :             0.152ns  (arrival time - required time)
  Source:                 i_dmi_jtag/dr_q_reg[19]/C
                            (rising edge-triggered cell FDCE clocked by tck  {rise@0.000ns fall@50.000ns period=100.000ns})
  Destination:            i_dmi_jtag/data_q_reg[17]/D
                            (rising edge-triggered cell FDCE clocked by tck  {rise@0.000ns fall@50.000ns period=100.000ns})
  Path Group:             tck
  Path Type:              Hold (Min at Fast Process Corner)
  Requirement:            0.000ns  (tck rise@0.000ns - tck rise@0.000ns)
  Data Path Delay:        0.285ns  (logic 0.186ns (65.194%)  route 0.099ns (34.806%))
  Logic Levels:           1  (LUT4=1)
  Clock Path Skew:        0.013ns (DCD - SCD - CPR)
    Destination Clock Delay (DCD):    3.128ns
    Source Clock Delay      (SCD):    2.421ns
    Clock Pessimism Removal (CPR):    0.694ns

    Location             Delay type                Incr(ns)  Path(ns)    Netlist Resource(s)
  -------------------------------------------------------------------    -------------------
                         (clock tck rise edge)        0.000     0.000 r  
    H15                                               0.000     0.000 r  tck (IN)
                         net (fo=0)                   0.000     0.000    tck
    H15                  IBUF (Prop_ibuf_I_O)         0.268     0.268 r  tck_IBUF_inst/O
                         net (fo=1, routed)           1.516     1.784    tck_IBUF
    BUFGCTRL_X0Y0        BUFG (Prop_bufg_I_O)         0.026     1.810 r  tck_IBUF_BUFG_inst/O
                         net (fo=258, routed)         0.611     2.421    i_dmi_jtag/CLK
    SLICE_X105Y42        FDCE                                         r  i_dmi_jtag/dr_q_reg[19]/C
  -------------------------------------------------------------------    -------------------
    SLICE_X105Y42        FDCE (Prop_fdce_C_Q)         0.141     2.562 r  i_dmi_jtag/dr_q_reg[19]/Q
                         net (fo=2, routed)           0.099     2.661    i_dmi_jtag/i_dmi_cdc/i_cdc_resp/i_dst/data_q_reg[31][19]
    SLICE_X104Y42        LUT4 (Prop_lut4_I3_O)        0.045     2.706 r  i_dmi_jtag/i_dmi_cdc/i_cdc_resp/i_dst/data_q[17]_i_1/O
                         net (fo=1, routed)           0.000     2.706    i_dmi_jtag/i_dmi_cdc_n_243
    SLICE_X104Y42        FDCE                                         r  i_dmi_jtag/data_q_reg[17]/D
  -------------------------------------------------------------------    -------------------

                         (clock tck rise edge)        0.000     0.000 r  
    H15                                               0.000     0.000 r  tck (IN)
                         net (fo=0)                   0.000     0.000    tck
    H15                  IBUF (Prop_ibuf_I_O)         0.456     0.456 r  tck_IBUF_inst/O
                         net (fo=1, routed)           1.762     2.218    tck_IBUF
    BUFGCTRL_X0Y0        BUFG (Prop_bufg_I_O)         0.029     2.247 r  tck_IBUF_BUFG_inst/O
                         net (fo=258, routed)         0.881     3.128    i_dmi_jtag/CLK
    SLICE_X104Y42        FDCE                                         r  i_dmi_jtag/data_q_reg[17]/C
                         clock pessimism             -0.694     2.434    
    SLICE_X104Y42        FDCE (Hold_fdce_C_D)         0.120     2.554    i_dmi_jtag/data_q_reg[17]
  -------------------------------------------------------------------
                         required time                         -2.554    
                         arrival time                           2.706    
  -------------------------------------------------------------------
                         slack                                  0.152    

Slack (MET) :             0.155ns  (arrival time - required time)
  Source:                 i_dmi_jtag/data_q_reg[19]/C
                            (rising edge-triggered cell FDCE clocked by tck  {rise@0.000ns fall@50.000ns period=100.000ns})
  Destination:            i_dmi_jtag/i_dmi_cdc/i_cdc_req/i_src/data_src_q_reg[data][19]/D
                            (rising edge-triggered cell FDCE clocked by tck  {rise@0.000ns fall@50.000ns period=100.000ns})
  Path Group:             tck
  Path Type:              Hold (Min at Fast Process Corner)
  Requirement:            0.000ns  (tck rise@0.000ns - tck rise@0.000ns)
  Data Path Delay:        0.268ns  (logic 0.141ns (52.645%)  route 0.127ns (47.355%))
  Logic Levels:           0  
  Clock Path Skew:        0.037ns (DCD - SCD - CPR)
    Destination Clock Delay (DCD):    3.129ns
    Source Clock Delay      (SCD):    2.422ns
    Clock Pessimism Removal (CPR):    0.670ns

    Location             Delay type                Incr(ns)  Path(ns)    Netlist Resource(s)
  -------------------------------------------------------------------    -------------------
                         (clock tck rise edge)        0.000     0.000 r  
    H15                                               0.000     0.000 r  tck (IN)
                         net (fo=0)                   0.000     0.000    tck
    H15                  IBUF (Prop_ibuf_I_O)         0.268     0.268 r  tck_IBUF_inst/O
                         net (fo=1, routed)           1.516     1.784    tck_IBUF
    BUFGCTRL_X0Y0        BUFG (Prop_bufg_I_O)         0.026     1.810 r  tck_IBUF_BUFG_inst/O
                         net (fo=258, routed)         0.612     2.422    i_dmi_jtag/CLK
    SLICE_X105Y43        FDCE                                         r  i_dmi_jtag/data_q_reg[19]/C
  -------------------------------------------------------------------    -------------------
    SLICE_X105Y43        FDCE (Prop_fdce_C_Q)         0.141     2.563 r  i_dmi_jtag/data_q_reg[19]/Q
                         net (fo=2, routed)           0.127     2.690    i_dmi_jtag/i_dmi_cdc/i_cdc_req/i_src/data_src_q_reg[data][31]_0[19]
    SLICE_X102Y43        FDCE                                         r  i_dmi_jtag/i_dmi_cdc/i_cdc_req/i_src/data_src_q_reg[data][19]/D
  -------------------------------------------------------------------    -------------------

                         (clock tck rise edge)        0.000     0.000 r  
    H15                                               0.000     0.000 r  tck (IN)
                         net (fo=0)                   0.000     0.000    tck
    H15                  IBUF (Prop_ibuf_I_O)         0.456     0.456 r  tck_IBUF_inst/O
                         net (fo=1, routed)           1.762     2.218    tck_IBUF
    BUFGCTRL_X0Y0        BUFG (Prop_bufg_I_O)         0.029     2.247 r  tck_IBUF_BUFG_inst/O
                         net (fo=258, routed)         0.882     3.129    i_dmi_jtag/i_dmi_cdc/i_cdc_req/i_src/CLK
    SLICE_X102Y43        FDCE                                         r  i_dmi_jtag/i_dmi_cdc/i_cdc_req/i_src/data_src_q_reg[data][19]/C
                         clock pessimism             -0.670     2.459    
    SLICE_X102Y43        FDCE (Hold_fdce_C_D)         0.076     2.535    i_dmi_jtag/i_dmi_cdc/i_cdc_req/i_src/data_src_q_reg[data][19]
  -------------------------------------------------------------------
                         required time                         -2.535    
                         arrival time                           2.690    
  -------------------------------------------------------------------
                         slack                                  0.155    





Pulse Width Checks
--------------------------------------------------------------------------------------
Clock Name:         tck
Waveform(ns):       { 0.000 50.000 }
Period(ns):         100.000
Sources:            { tck }

Check Type        Corner  Lib Pin  Reference Pin  Required(ns)  Actual(ns)  Slack(ns)  Location       Pin
Min Period        n/a     BUFG/I   n/a            2.155         100.000     97.845     BUFGCTRL_X0Y0  tck_IBUF_BUFG_inst/I
Min Period        n/a     FDCE/C   n/a            1.000         100.000     99.000     SLICE_X105Y46  i_dmi_jtag/FSM_sequential_state_q_reg[0]/C
Min Period        n/a     FDCE/C   n/a            1.000         100.000     99.000     SLICE_X105Y54  i_dmi_jtag/FSM_sequential_state_q_reg[1]/C
Min Period        n/a     FDCE/C   n/a            1.000         100.000     99.000     SLICE_X105Y46  i_dmi_jtag/FSM_sequential_state_q_reg[2]/C
Min Period        n/a     FDCE/C   n/a            1.000         100.000     99.000     SLICE_X102Y45  i_dmi_jtag/address_q_reg[0]/C
Min Period        n/a     FDCE/C   n/a            1.000         100.000     99.000     SLICE_X105Y45  i_dmi_jtag/address_q_reg[1]/C
Min Period        n/a     FDCE/C   n/a            1.000         100.000     99.000     SLICE_X102Y45  i_dmi_jtag/address_q_reg[2]/C
Min Period        n/a     FDCE/C   n/a            1.000         100.000     99.000     SLICE_X102Y45  i_dmi_jtag/address_q_reg[3]/C
Min Period        n/a     FDCE/C   n/a            1.000         100.000     99.000     SLICE_X102Y45  i_dmi_jtag/address_q_reg[4]/C
Min Period        n/a     FDCE/C   n/a            1.000         100.000     99.000     SLICE_X102Y45  i_dmi_jtag/address_q_reg[5]/C
Low Pulse Width   Slow    FDCE/C   n/a            0.500         50.000      49.500     SLICE_X105Y46  i_dmi_jtag/FSM_sequential_state_q_reg[0]/C
Low Pulse Width   Fast    FDCE/C   n/a            0.500         50.000      49.500     SLICE_X105Y46  i_dmi_jtag/FSM_sequential_state_q_reg[0]/C
Low Pulse Width   Slow    FDCE/C   n/a            0.500         50.000      49.500     SLICE_X105Y54  i_dmi_jtag/FSM_sequential_state_q_reg[1]/C
Low Pulse Width   Fast    FDCE/C   n/a            0.500         50.000      49.500     SLICE_X105Y54  i_dmi_jtag/FSM_sequential_state_q_reg[1]/C
Low Pulse Width   Slow    FDCE/C   n/a            0.500         50.000      49.500     SLICE_X105Y46  i_dmi_jtag/FSM_sequential_state_q_reg[2]/C
Low Pulse Width   Fast    FDCE/C   n/a            0.500         50.000      49.500     SLICE_X105Y46  i_dmi_jtag/FSM_sequential_state_q_reg[2]/C
Low Pulse Width   Slow    FDCE/C   n/a            0.500         50.000      49.500     SLICE_X102Y45  i_dmi_jtag/address_q_reg[0]/C
Low Pulse Width   Fast    FDCE/C   n/a            0.500         50.000      49.500     SLICE_X102Y45  i_dmi_jtag/address_q_reg[0]/C
Low Pulse Width   Slow    FDCE/C   n/a            0.500         50.000      49.500     SLICE_X105Y45  i_dmi_jtag/address_q_reg[1]/C
Low Pulse Width   Fast    FDCE/C   n/a            0.500         50.000      49.500     SLICE_X105Y45  i_dmi_jtag/address_q_reg[1]/C
High Pulse Width  Slow    FDCE/C   n/a            0.500         50.000      49.500     SLICE_X105Y46  i_dmi_jtag/FSM_sequential_state_q_reg[0]/C
High Pulse Width  Fast    FDCE/C   n/a            0.500         50.000      49.500     SLICE_X105Y46  i_dmi_jtag/FSM_sequential_state_q_reg[0]/C
High Pulse Width  Slow    FDCE/C   n/a            0.500         50.000      49.500     SLICE_X105Y54  i_dmi_jtag/FSM_sequential_state_q_reg[1]/C
High Pulse Width  Fast    FDCE/C   n/a            0.500         50.000      49.500     SLICE_X105Y54  i_dmi_jtag/FSM_sequential_state_q_reg[1]/C
High Pulse Width  Slow    FDCE/C   n/a            0.500         50.000      49.500     SLICE_X105Y46  i_dmi_jtag/FSM_sequential_state_q_reg[2]/C
High Pulse Width  Fast    FDCE/C   n/a            0.500         50.000      49.500     SLICE_X105Y46  i_dmi_jtag/FSM_sequential_state_q_reg[2]/C
High Pulse Width  Slow    FDCE/C   n/a            0.500         50.000      49.500     SLICE_X102Y45  i_dmi_jtag/address_q_reg[0]/C
High Pulse Width  Fast    FDCE/C   n/a            0.500         50.000      49.500     SLICE_X102Y45  i_dmi_jtag/address_q_reg[0]/C
High Pulse Width  Slow    FDCE/C   n/a            0.500         50.000      49.500     SLICE_X105Y45  i_dmi_jtag/address_q_reg[1]/C
High Pulse Width  Fast    FDCE/C   n/a            0.500         50.000      49.500     SLICE_X105Y45  i_dmi_jtag/address_q_reg[1]/C



---------------------------------------------------------------------------------------------------
From Clock:  tck
  To Clock:  clk_out1_xlnx_clk_gen

Setup :            0  Failing Endpoints,  Worst Slack        9.489ns,  Total Violation        0.000ns
Hold  :            0  Failing Endpoints,  Worst Slack        2.770ns,  Total Violation        0.000ns
---------------------------------------------------------------------------------------------------


Max Delay Paths
--------------------------------------------------------------------------------------
Slack (MET) :             9.489ns  (required time - arrival time)
  Source:                 i_dmi_jtag/i_dmi_cdc/i_cdc_req/i_src/data_src_q_reg[data][3]/C
                            (rising edge-triggered cell FDCE clocked by tck  {rise@0.000ns fall@50.000ns period=100.000ns})
  Destination:            i_dmi_jtag/i_dmi_cdc/i_cdc_req/i_dst/data_dst_q_reg[data][3]/D
                            (rising edge-triggered cell FDCE clocked by clk_out1_xlnx_clk_gen  {rise@0.000ns fall@10.000ns period=20.000ns})
  Path Group:             clk_out1_xlnx_clk_gen
  Path Type:              Setup (Max at Slow Process Corner)
  Requirement:            20.000ns  (clk_out1_xlnx_clk_gen rise@20.000ns - tck rise@0.000ns)
  Data Path Delay:        1.258ns  (logic 0.456ns (36.257%)  route 0.802ns (63.743%))
  Logic Levels:           0  
  Clock Path Skew:        -8.583ns (DCD - SCD + CPR)
    Destination Clock Delay (DCD):    -1.447ns = ( 18.553 - 20.000 ) 
    Source Clock Delay      (SCD):    7.136ns
    Clock Pessimism Removal (CPR):    0.000ns
  Clock Uncertainty:      0.603ns  ((TSJ^2 + TIJ^2 + DJ^2)^1/2) / 2 + PE
    Total System Jitter     (TSJ):    0.071ns
    Total Input Jitter      (TIJ):    1.000ns
    Discrete Jitter          (DJ):    0.142ns
    Phase Error              (PE):    0.097ns
  Clock Domain Crossing:  Inter clock paths are considered valid unless explicitly excluded by timing constraints such as set_clock_groups or set_false_path.

    Location             Delay type                Incr(ns)  Path(ns)    Netlist Resource(s)
  -------------------------------------------------------------------    -------------------
                         (clock tck rise edge)        0.000     0.000 r  
    H15                                               0.000     0.000 r  tck (IN)
                         net (fo=0)                   0.000     0.000    tck
    H15                  IBUF (Prop_ibuf_I_O)         1.500     1.500 r  tck_IBUF_inst/O
                         net (fo=1, routed)           3.659     5.159    tck_IBUF
    BUFGCTRL_X0Y0        BUFG (Prop_bufg_I_O)         0.101     5.260 r  tck_IBUF_BUFG_inst/O
                         net (fo=258, routed)         1.876     7.136    i_dmi_jtag/i_dmi_cdc/i_cdc_req/i_src/CLK
    SLICE_X107Y40        FDCE                                         r  i_dmi_jtag/i_dmi_cdc/i_cdc_req/i_src/data_src_q_reg[data][3]/C
  -------------------------------------------------------------------    -------------------
    SLICE_X107Y40        FDCE (Prop_fdce_C_Q)         0.456     7.592 r  i_dmi_jtag/i_dmi_cdc/i_cdc_req/i_src/data_src_q_reg[data][3]/Q
                         net (fo=1, routed)           0.802     8.394    i_dmi_jtag/i_dmi_cdc/i_cdc_req/i_dst/data_dst_q_reg[data][31]_2[3]
    SLICE_X107Y39        FDCE                                         r  i_dmi_jtag/i_dmi_cdc/i_cdc_req/i_dst/data_dst_q_reg[data][3]/D
  -------------------------------------------------------------------    -------------------

                         (clock clk_out1_xlnx_clk_gen rise edge)
                                                     20.000    20.000 r  
    K17                                               0.000    20.000 r  clk_sys (IN)
                         net (fo=0)                   0.000    20.000    i_xlnx_clk_gen/inst/clk_in1
    K17                  IBUF (Prop_ibuf_I_O)         1.404    21.404 r  i_xlnx_clk_gen/inst/clkin1_ibufg/O
                         net (fo=1, routed)           1.162    22.566    i_xlnx_clk_gen/inst/clk_in1_xlnx_clk_gen
    MMCME2_ADV_X1Y2      MMCME2_ADV (Prop_mmcme2_adv_CLKIN1_CLKOUT0)
                                                     -7.814    14.752 r  i_xlnx_clk_gen/inst/mmcm_adv_inst/CLKOUT0
                         net (fo=1, routed)           2.012    16.764    i_xlnx_clk_gen/inst/clk_out1_xlnx_clk_gen
    BUFGCTRL_X0Y16       BUFG (Prop_bufg_I_O)         0.091    16.855 r  i_xlnx_clk_gen/inst/clkout1_buf/O
                         net (fo=16161, routed)       1.698    18.553    i_dmi_jtag/i_dmi_cdc/i_cdc_req/i_dst/clk_out1
    SLICE_X107Y39        FDCE                                         r  i_dmi_jtag/i_dmi_cdc/i_cdc_req/i_dst/data_dst_q_reg[data][3]/C
                         clock pessimism              0.000    18.553    
                         clock uncertainty           -0.603    17.950    
    SLICE_X107Y39        FDCE (Setup_fdce_C_D)       -0.067    17.883    i_dmi_jtag/i_dmi_cdc/i_cdc_req/i_dst/data_dst_q_reg[data][3]
  -------------------------------------------------------------------
                         required time                         17.883    
                         arrival time                          -8.394    
  -------------------------------------------------------------------
                         slack                                  9.489    

Slack (MET) :             9.550ns  (required time - arrival time)
  Source:                 i_dmi_jtag/i_dmi_cdc/i_cdc_req/i_src/data_src_q_reg[data][28]/C
                            (rising edge-triggered cell FDCE clocked by tck  {rise@0.000ns fall@50.000ns period=100.000ns})
  Destination:            i_dmi_jtag/i_dmi_cdc/i_cdc_req/i_dst/data_dst_q_reg[data][28]/D
                            (rising edge-triggered cell FDCE clocked by clk_out1_xlnx_clk_gen  {rise@0.000ns fall@10.000ns period=20.000ns})
  Path Group:             clk_out1_xlnx_clk_gen
  Path Type:              Setup (Max at Slow Process Corner)
  Requirement:            20.000ns  (clk_out1_xlnx_clk_gen rise@20.000ns - tck rise@0.000ns)
  Data Path Delay:        1.063ns  (logic 0.419ns (39.430%)  route 0.644ns (60.570%))
  Logic Levels:           0  
  Clock Path Skew:        -8.579ns (DCD - SCD + CPR)
    Destination Clock Delay (DCD):    -1.521ns = ( 18.479 - 20.000 ) 
    Source Clock Delay      (SCD):    7.058ns
    Clock Pessimism Removal (CPR):    0.000ns
  Clock Uncertainty:      0.603ns  ((TSJ^2 + TIJ^2 + DJ^2)^1/2) / 2 + PE
    Total System Jitter     (TSJ):    0.071ns
    Total Input Jitter      (TIJ):    1.000ns
    Discrete Jitter          (DJ):    0.142ns
    Phase Error              (PE):    0.097ns
  Clock Domain Crossing:  Inter clock paths are considered valid unless explicitly excluded by timing constraints such as set_clock_groups or set_false_path.

    Location             Delay type                Incr(ns)  Path(ns)    Netlist Resource(s)
  -------------------------------------------------------------------    -------------------
                         (clock tck rise edge)        0.000     0.000 r  
    H15                                               0.000     0.000 r  tck (IN)
                         net (fo=0)                   0.000     0.000    tck
    H15                  IBUF (Prop_ibuf_I_O)         1.500     1.500 r  tck_IBUF_inst/O
                         net (fo=1, routed)           3.659     5.159    tck_IBUF
    BUFGCTRL_X0Y0        BUFG (Prop_bufg_I_O)         0.101     5.260 r  tck_IBUF_BUFG_inst/O
                         net (fo=258, routed)         1.798     7.058    i_dmi_jtag/i_dmi_cdc/i_cdc_req/i_src/CLK
    SLICE_X99Y41         FDCE                                         r  i_dmi_jtag/i_dmi_cdc/i_cdc_req/i_src/data_src_q_reg[data][28]/C
  -------------------------------------------------------------------    -------------------
    SLICE_X99Y41         FDCE (Prop_fdce_C_Q)         0.419     7.477 r  i_dmi_jtag/i_dmi_cdc/i_cdc_req/i_src/data_src_q_reg[data][28]/Q
                         net (fo=1, routed)           0.644     8.121    i_dmi_jtag/i_dmi_cdc/i_cdc_req/i_dst/data_dst_q_reg[data][31]_2[28]
    SLICE_X98Y41         FDCE                                         r  i_dmi_jtag/i_dmi_cdc/i_cdc_req/i_dst/data_dst_q_reg[data][28]/D
  -------------------------------------------------------------------    -------------------

                         (clock clk_out1_xlnx_clk_gen rise edge)
                                                     20.000    20.000 r  
    K17                                               0.000    20.000 r  clk_sys (IN)
                         net (fo=0)                   0.000    20.000    i_xlnx_clk_gen/inst/clk_in1
    K17                  IBUF (Prop_ibuf_I_O)         1.404    21.404 r  i_xlnx_clk_gen/inst/clkin1_ibufg/O
                         net (fo=1, routed)           1.162    22.566    i_xlnx_clk_gen/inst/clk_in1_xlnx_clk_gen
    MMCME2_ADV_X1Y2      MMCME2_ADV (Prop_mmcme2_adv_CLKIN1_CLKOUT0)
                                                     -7.814    14.752 r  i_xlnx_clk_gen/inst/mmcm_adv_inst/CLKOUT0
                         net (fo=1, routed)           2.012    16.764    i_xlnx_clk_gen/inst/clk_out1_xlnx_clk_gen
    BUFGCTRL_X0Y16       BUFG (Prop_bufg_I_O)         0.091    16.855 r  i_xlnx_clk_gen/inst/clkout1_buf/O
                         net (fo=16161, routed)       1.624    18.479    i_dmi_jtag/i_dmi_cdc/i_cdc_req/i_dst/clk_out1
    SLICE_X98Y41         FDCE                                         r  i_dmi_jtag/i_dmi_cdc/i_cdc_req/i_dst/data_dst_q_reg[data][28]/C
                         clock pessimism              0.000    18.479    
                         clock uncertainty           -0.603    17.876    
    SLICE_X98Y41         FDCE (Setup_fdce_C_D)       -0.205    17.671    i_dmi_jtag/i_dmi_cdc/i_cdc_req/i_dst/data_dst_q_reg[data][28]
  -------------------------------------------------------------------
                         required time                         17.671    
                         arrival time                          -8.121    
  -------------------------------------------------------------------
                         slack                                  9.550    

Slack (MET) :             9.553ns  (required time - arrival time)
  Source:                 i_dmi_jtag/i_dmi_cdc/i_cdc_req/i_src/req_src_q_reg/C
                            (rising edge-triggered cell FDCE clocked by tck  {rise@0.000ns fall@50.000ns period=100.000ns})
  Destination:            i_dmi_jtag/i_dmi_cdc/i_cdc_req/i_dst/req_dst_q_reg/D
                            (rising edge-triggered cell FDCE clocked by clk_out1_xlnx_clk_gen  {rise@0.000ns fall@10.000ns period=20.000ns})
  Path Group:             clk_out1_xlnx_clk_gen
  Path Type:              Setup (Max at Slow Process Corner)
  Requirement:            20.000ns  (clk_out1_xlnx_clk_gen rise@20.000ns - tck rise@0.000ns)
  Data Path Delay:        1.208ns  (logic 0.518ns (42.868%)  route 0.690ns (57.132%))
  Logic Levels:           0  
  Clock Path Skew:        -8.579ns (DCD - SCD + CPR)
    Destination Clock Delay (DCD):    -1.519ns = ( 18.481 - 20.000 ) 
    Source Clock Delay      (SCD):    7.060ns
    Clock Pessimism Removal (CPR):    0.000ns
  Clock Uncertainty:      0.603ns  ((TSJ^2 + TIJ^2 + DJ^2)^1/2) / 2 + PE
    Total System Jitter     (TSJ):    0.071ns
    Total Input Jitter      (TIJ):    1.000ns
    Discrete Jitter          (DJ):    0.142ns
    Phase Error              (PE):    0.097ns
  Clock Domain Crossing:  Inter clock paths are considered valid unless explicitly excluded by timing constraints such as set_clock_groups or set_false_path.

    Location             Delay type                Incr(ns)  Path(ns)    Netlist Resource(s)
  -------------------------------------------------------------------    -------------------
                         (clock tck rise edge)        0.000     0.000 r  
    H15                                               0.000     0.000 r  tck (IN)
                         net (fo=0)                   0.000     0.000    tck
    H15                  IBUF (Prop_ibuf_I_O)         1.500     1.500 r  tck_IBUF_inst/O
                         net (fo=1, routed)           3.659     5.159    tck_IBUF
    BUFGCTRL_X0Y0        BUFG (Prop_bufg_I_O)         0.101     5.260 r  tck_IBUF_BUFG_inst/O
                         net (fo=258, routed)         1.800     7.060    i_dmi_jtag/i_dmi_cdc/i_cdc_req/i_src/CLK
    SLICE_X102Y43        FDCE                                         r  i_dmi_jtag/i_dmi_cdc/i_cdc_req/i_src/req_src_q_reg/C
  -------------------------------------------------------------------    -------------------
    SLICE_X102Y43        FDCE (Prop_fdce_C_Q)         0.518     7.578 r  i_dmi_jtag/i_dmi_cdc/i_cdc_req/i_src/req_src_q_reg/Q
                         net (fo=3, routed)           0.690     8.269    i_dmi_jtag/i_dmi_cdc/i_cdc_req/i_dst/req_dst_q_reg_0
    SLICE_X104Y43        FDCE                                         r  i_dmi_jtag/i_dmi_cdc/i_cdc_req/i_dst/req_dst_q_reg/D
  -------------------------------------------------------------------    -------------------

                         (clock clk_out1_xlnx_clk_gen rise edge)
                                                     20.000    20.000 r  
    K17                                               0.000    20.000 r  clk_sys (IN)
                         net (fo=0)                   0.000    20.000    i_xlnx_clk_gen/inst/clk_in1
    K17                  IBUF (Prop_ibuf_I_O)         1.404    21.404 r  i_xlnx_clk_gen/inst/clkin1_ibufg/O
                         net (fo=1, routed)           1.162    22.566    i_xlnx_clk_gen/inst/clk_in1_xlnx_clk_gen
    MMCME2_ADV_X1Y2      MMCME2_ADV (Prop_mmcme2_adv_CLKIN1_CLKOUT0)
                                                     -7.814    14.752 r  i_xlnx_clk_gen/inst/mmcm_adv_inst/CLKOUT0
                         net (fo=1, routed)           2.012    16.764    i_xlnx_clk_gen/inst/clk_out1_xlnx_clk_gen
    BUFGCTRL_X0Y16       BUFG (Prop_bufg_I_O)         0.091    16.855 r  i_xlnx_clk_gen/inst/clkout1_buf/O
                         net (fo=16161, routed)       1.626    18.481    i_dmi_jtag/i_dmi_cdc/i_cdc_req/i_dst/clk_out1
    SLICE_X104Y43        FDCE                                         r  i_dmi_jtag/i_dmi_cdc/i_cdc_req/i_dst/req_dst_q_reg/C
                         clock pessimism              0.000    18.481    
                         clock uncertainty           -0.603    17.878    
    SLICE_X104Y43        FDCE (Setup_fdce_C_D)       -0.056    17.822    i_dmi_jtag/i_dmi_cdc/i_cdc_req/i_dst/req_dst_q_reg
  -------------------------------------------------------------------
                         required time                         17.822    
                         arrival time                          -8.269    
  -------------------------------------------------------------------
                         slack                                  9.553    

Slack (MET) :             9.556ns  (required time - arrival time)
  Source:                 i_dmi_jtag/i_dmi_cdc/i_cdc_req/i_src/data_src_q_reg[data][9]/C
                            (rising edge-triggered cell FDCE clocked by tck  {rise@0.000ns fall@50.000ns period=100.000ns})
  Destination:            i_dmi_jtag/i_dmi_cdc/i_cdc_req/i_dst/data_dst_q_reg[data][9]/D
                            (rising edge-triggered cell FDCE clocked by clk_out1_xlnx_clk_gen  {rise@0.000ns fall@10.000ns period=20.000ns})
  Path Group:             clk_out1_xlnx_clk_gen
  Path Type:              Setup (Max at Slow Process Corner)
  Requirement:            20.000ns  (clk_out1_xlnx_clk_gen rise@20.000ns - tck rise@0.000ns)
  Data Path Delay:        1.024ns  (logic 0.419ns (40.915%)  route 0.605ns (59.085%))
  Logic Levels:           0  
  Clock Path Skew:        -8.583ns (DCD - SCD + CPR)
    Destination Clock Delay (DCD):    -1.445ns = ( 18.555 - 20.000 ) 
    Source Clock Delay      (SCD):    7.138ns
    Clock Pessimism Removal (CPR):    0.000ns
  Clock Uncertainty:      0.603ns  ((TSJ^2 + TIJ^2 + DJ^2)^1/2) / 2 + PE
    Total System Jitter     (TSJ):    0.071ns
    Total Input Jitter      (TIJ):    1.000ns
    Discrete Jitter          (DJ):    0.142ns
    Phase Error              (PE):    0.097ns
  Clock Domain Crossing:  Inter clock paths are considered valid unless explicitly excluded by timing constraints such as set_clock_groups or set_false_path.

    Location             Delay type                Incr(ns)  Path(ns)    Netlist Resource(s)
  -------------------------------------------------------------------    -------------------
                         (clock tck rise edge)        0.000     0.000 r  
    H15                                               0.000     0.000 r  tck (IN)
                         net (fo=0)                   0.000     0.000    tck
    H15                  IBUF (Prop_ibuf_I_O)         1.500     1.500 r  tck_IBUF_inst/O
                         net (fo=1, routed)           3.659     5.159    tck_IBUF
    BUFGCTRL_X0Y0        BUFG (Prop_bufg_I_O)         0.101     5.260 r  tck_IBUF_BUFG_inst/O
                         net (fo=258, routed)         1.878     7.138    i_dmi_jtag/i_dmi_cdc/i_cdc_req/i_src/CLK
    SLICE_X106Y44        FDCE                                         r  i_dmi_jtag/i_dmi_cdc/i_cdc_req/i_src/data_src_q_reg[data][9]/C
  -------------------------------------------------------------------    -------------------
    SLICE_X106Y44        FDCE (Prop_fdce_C_Q)         0.419     7.557 r  i_dmi_jtag/i_dmi_cdc/i_cdc_req/i_src/data_src_q_reg[data][9]/Q
                         net (fo=1, routed)           0.605     8.163    i_dmi_jtag/i_dmi_cdc/i_cdc_req/i_dst/data_dst_q_reg[data][31]_2[9]
    SLICE_X106Y43        FDCE                                         r  i_dmi_jtag/i_dmi_cdc/i_cdc_req/i_dst/data_dst_q_reg[data][9]/D
  -------------------------------------------------------------------    -------------------

                         (clock clk_out1_xlnx_clk_gen rise edge)
                                                     20.000    20.000 r  
    K17                                               0.000    20.000 r  clk_sys (IN)
                         net (fo=0)                   0.000    20.000    i_xlnx_clk_gen/inst/clk_in1
    K17                  IBUF (Prop_ibuf_I_O)         1.404    21.404 r  i_xlnx_clk_gen/inst/clkin1_ibufg/O
                         net (fo=1, routed)           1.162    22.566    i_xlnx_clk_gen/inst/clk_in1_xlnx_clk_gen
    MMCME2_ADV_X1Y2      MMCME2_ADV (Prop_mmcme2_adv_CLKIN1_CLKOUT0)
                                                     -7.814    14.752 r  i_xlnx_clk_gen/inst/mmcm_adv_inst/CLKOUT0
                         net (fo=1, routed)           2.012    16.764    i_xlnx_clk_gen/inst/clk_out1_xlnx_clk_gen
    BUFGCTRL_X0Y16       BUFG (Prop_bufg_I_O)         0.091    16.855 r  i_xlnx_clk_gen/inst/clkout1_buf/O
                         net (fo=16161, routed)       1.700    18.555    i_dmi_jtag/i_dmi_cdc/i_cdc_req/i_dst/clk_out1
    SLICE_X106Y43        FDCE                                         r  i_dmi_jtag/i_dmi_cdc/i_cdc_req/i_dst/data_dst_q_reg[data][9]/C
                         clock pessimism              0.000    18.555    
                         clock uncertainty           -0.603    17.952    
    SLICE_X106Y43        FDCE (Setup_fdce_C_D)       -0.234    17.718    i_dmi_jtag/i_dmi_cdc/i_cdc_req/i_dst/data_dst_q_reg[data][9]
  -------------------------------------------------------------------
                         required time                         17.718    
                         arrival time                          -8.163    
  -------------------------------------------------------------------
                         slack                                  9.556    

Slack (MET) :             9.559ns  (required time - arrival time)
  Source:                 i_dmi_jtag/i_dmi_cdc/i_cdc_req/i_src/data_src_q_reg[data][15]/C
                            (rising edge-triggered cell FDCE clocked by tck  {rise@0.000ns fall@50.000ns period=100.000ns})
  Destination:            i_dmi_jtag/i_dmi_cdc/i_cdc_req/i_dst/data_dst_q_reg[data][15]/D
                            (rising edge-triggered cell FDCE clocked by clk_out1_xlnx_clk_gen  {rise@0.000ns fall@10.000ns period=20.000ns})
  Path Group:             clk_out1_xlnx_clk_gen
  Path Type:              Setup (Max at Slow Process Corner)
  Requirement:            20.000ns  (clk_out1_xlnx_clk_gen rise@20.000ns - tck rise@0.000ns)
  Data Path Delay:        1.174ns  (logic 0.518ns (44.141%)  route 0.656ns (55.859%))
  Logic Levels:           0  
  Clock Path Skew:        -8.583ns (DCD - SCD + CPR)
    Destination Clock Delay (DCD):    -1.445ns = ( 18.555 - 20.000 ) 
    Source Clock Delay      (SCD):    7.138ns
    Clock Pessimism Removal (CPR):    0.000ns
  Clock Uncertainty:      0.603ns  ((TSJ^2 + TIJ^2 + DJ^2)^1/2) / 2 + PE
    Total System Jitter     (TSJ):    0.071ns
    Total Input Jitter      (TIJ):    1.000ns
    Discrete Jitter          (DJ):    0.142ns
    Phase Error              (PE):    0.097ns
  Clock Domain Crossing:  Inter clock paths are considered valid unless explicitly excluded by timing constraints such as set_clock_groups or set_false_path.

    Location             Delay type                Incr(ns)  Path(ns)    Netlist Resource(s)
  -------------------------------------------------------------------    -------------------
                         (clock tck rise edge)        0.000     0.000 r  
    H15                                               0.000     0.000 r  tck (IN)
                         net (fo=0)                   0.000     0.000    tck
    H15                  IBUF (Prop_ibuf_I_O)         1.500     1.500 r  tck_IBUF_inst/O
                         net (fo=1, routed)           3.659     5.159    tck_IBUF
    BUFGCTRL_X0Y0        BUFG (Prop_bufg_I_O)         0.101     5.260 r  tck_IBUF_BUFG_inst/O
                         net (fo=258, routed)         1.878     7.138    i_dmi_jtag/i_dmi_cdc/i_cdc_req/i_src/CLK
    SLICE_X108Y43        FDCE                                         r  i_dmi_jtag/i_dmi_cdc/i_cdc_req/i_src/data_src_q_reg[data][15]/C
  -------------------------------------------------------------------    -------------------
    SLICE_X108Y43        FDCE (Prop_fdce_C_Q)         0.518     7.656 r  i_dmi_jtag/i_dmi_cdc/i_cdc_req/i_src/data_src_q_reg[data][15]/Q
                         net (fo=1, routed)           0.656     8.312    i_dmi_jtag/i_dmi_cdc/i_cdc_req/i_dst/data_dst_q_reg[data][31]_2[15]
    SLICE_X107Y43        FDCE                                         r  i_dmi_jtag/i_dmi_cdc/i_cdc_req/i_dst/data_dst_q_reg[data][15]/D
  -------------------------------------------------------------------    -------------------

                         (clock clk_out1_xlnx_clk_gen rise edge)
                                                     20.000    20.000 r  
    K17                                               0.000    20.000 r  clk_sys (IN)
                         net (fo=0)                   0.000    20.000    i_xlnx_clk_gen/inst/clk_in1
    K17                  IBUF (Prop_ibuf_I_O)         1.404    21.404 r  i_xlnx_clk_gen/inst/clkin1_ibufg/O
                         net (fo=1, routed)           1.162    22.566    i_xlnx_clk_gen/inst/clk_in1_xlnx_clk_gen
    MMCME2_ADV_X1Y2      MMCME2_ADV (Prop_mmcme2_adv_CLKIN1_CLKOUT0)
                                                     -7.814    14.752 r  i_xlnx_clk_gen/inst/mmcm_adv_inst/CLKOUT0
                         net (fo=1, routed)           2.012    16.764    i_xlnx_clk_gen/inst/clk_out1_xlnx_clk_gen
    BUFGCTRL_X0Y16       BUFG (Prop_bufg_I_O)         0.091    16.855 r  i_xlnx_clk_gen/inst/clkout1_buf/O
                         net (fo=16161, routed)       1.700    18.555    i_dmi_jtag/i_dmi_cdc/i_cdc_req/i_dst/clk_out1
    SLICE_X107Y43        FDCE                                         r  i_dmi_jtag/i_dmi_cdc/i_cdc_req/i_dst/data_dst_q_reg[data][15]/C
                         clock pessimism              0.000    18.555    
                         clock uncertainty           -0.603    17.952    
    SLICE_X107Y43        FDCE (Setup_fdce_C_D)       -0.081    17.871    i_dmi_jtag/i_dmi_cdc/i_cdc_req/i_dst/data_dst_q_reg[data][15]
  -------------------------------------------------------------------
                         required time                         17.871    
                         arrival time                          -8.312    
  -------------------------------------------------------------------
                         slack                                  9.559    

Slack (MET) :             9.578ns  (required time - arrival time)
  Source:                 i_dmi_jtag/i_dmi_cdc/i_cdc_req/i_src/data_src_q_reg[data][27]/C
                            (rising edge-triggered cell FDCE clocked by tck  {rise@0.000ns fall@50.000ns period=100.000ns})
  Destination:            i_dmi_jtag/i_dmi_cdc/i_cdc_req/i_dst/data_dst_q_reg[data][27]/D
                            (rising edge-triggered cell FDCE clocked by clk_out1_xlnx_clk_gen  {rise@0.000ns fall@10.000ns period=20.000ns})
  Path Group:             clk_out1_xlnx_clk_gen
  Path Type:              Setup (Max at Slow Process Corner)
  Requirement:            20.000ns  (clk_out1_xlnx_clk_gen rise@20.000ns - tck rise@0.000ns)
  Data Path Delay:        1.035ns  (logic 0.419ns (40.497%)  route 0.616ns (59.503%))
  Logic Levels:           0  
  Clock Path Skew:        -8.579ns (DCD - SCD + CPR)
    Destination Clock Delay (DCD):    -1.520ns = ( 18.480 - 20.000 ) 
    Source Clock Delay      (SCD):    7.059ns
    Clock Pessimism Removal (CPR):    0.000ns
  Clock Uncertainty:      0.603ns  ((TSJ^2 + TIJ^2 + DJ^2)^1/2) / 2 + PE
    Total System Jitter     (TSJ):    0.071ns
    Total Input Jitter      (TIJ):    1.000ns
    Discrete Jitter          (DJ):    0.142ns
    Phase Error              (PE):    0.097ns
  Clock Domain Crossing:  Inter clock paths are considered valid unless explicitly excluded by timing constraints such as set_clock_groups or set_false_path.

    Location             Delay type                Incr(ns)  Path(ns)    Netlist Resource(s)
  -------------------------------------------------------------------    -------------------
                         (clock tck rise edge)        0.000     0.000 r  
    H15                                               0.000     0.000 r  tck (IN)
                         net (fo=0)                   0.000     0.000    tck
    H15                  IBUF (Prop_ibuf_I_O)         1.500     1.500 r  tck_IBUF_inst/O
                         net (fo=1, routed)           3.659     5.159    tck_IBUF
    BUFGCTRL_X0Y0        BUFG (Prop_bufg_I_O)         0.101     5.260 r  tck_IBUF_BUFG_inst/O
                         net (fo=258, routed)         1.799     7.059    i_dmi_jtag/i_dmi_cdc/i_cdc_req/i_src/CLK
    SLICE_X101Y43        FDCE                                         r  i_dmi_jtag/i_dmi_cdc/i_cdc_req/i_src/data_src_q_reg[data][27]/C
  -------------------------------------------------------------------    -------------------
    SLICE_X101Y43        FDCE (Prop_fdce_C_Q)         0.419     7.478 r  i_dmi_jtag/i_dmi_cdc/i_cdc_req/i_src/data_src_q_reg[data][27]/Q
                         net (fo=1, routed)           0.616     8.094    i_dmi_jtag/i_dmi_cdc/i_cdc_req/i_dst/data_dst_q_reg[data][31]_2[27]
    SLICE_X100Y43        FDCE                                         r  i_dmi_jtag/i_dmi_cdc/i_cdc_req/i_dst/data_dst_q_reg[data][27]/D
  -------------------------------------------------------------------    -------------------

                         (clock clk_out1_xlnx_clk_gen rise edge)
                                                     20.000    20.000 r  
    K17                                               0.000    20.000 r  clk_sys (IN)
                         net (fo=0)                   0.000    20.000    i_xlnx_clk_gen/inst/clk_in1
    K17                  IBUF (Prop_ibuf_I_O)         1.404    21.404 r  i_xlnx_clk_gen/inst/clkin1_ibufg/O
                         net (fo=1, routed)           1.162    22.566    i_xlnx_clk_gen/inst/clk_in1_xlnx_clk_gen
    MMCME2_ADV_X1Y2      MMCME2_ADV (Prop_mmcme2_adv_CLKIN1_CLKOUT0)
                                                     -7.814    14.752 r  i_xlnx_clk_gen/inst/mmcm_adv_inst/CLKOUT0
                         net (fo=1, routed)           2.012    16.764    i_xlnx_clk_gen/inst/clk_out1_xlnx_clk_gen
    BUFGCTRL_X0Y16       BUFG (Prop_bufg_I_O)         0.091    16.855 r  i_xlnx_clk_gen/inst/clkout1_buf/O
                         net (fo=16161, routed)       1.625    18.480    i_dmi_jtag/i_dmi_cdc/i_cdc_req/i_dst/clk_out1
    SLICE_X100Y43        FDCE                                         r  i_dmi_jtag/i_dmi_cdc/i_cdc_req/i_dst/data_dst_q_reg[data][27]/C
                         clock pessimism              0.000    18.480    
                         clock uncertainty           -0.603    17.877    
    SLICE_X100Y43        FDCE (Setup_fdce_C_D)       -0.205    17.672    i_dmi_jtag/i_dmi_cdc/i_cdc_req/i_dst/data_dst_q_reg[data][27]
  -------------------------------------------------------------------
                         required time                         17.672    
                         arrival time                          -8.094    
  -------------------------------------------------------------------
                         slack                                  9.578    

Slack (MET) :             9.584ns  (required time - arrival time)
  Source:                 i_dmi_jtag/i_dmi_cdc/i_cdc_req/i_src/data_src_q_reg[op][1]/C
                            (rising edge-triggered cell FDCE clocked by tck  {rise@0.000ns fall@50.000ns period=100.000ns})
  Destination:            i_dmi_jtag/i_dmi_cdc/i_cdc_req/i_dst/data_dst_q_reg[op][1]/D
                            (rising edge-triggered cell FDCE clocked by clk_out1_xlnx_clk_gen  {rise@0.000ns fall@10.000ns period=20.000ns})
  Path Group:             clk_out1_xlnx_clk_gen
  Path Type:              Setup (Max at Slow Process Corner)
  Requirement:            20.000ns  (clk_out1_xlnx_clk_gen rise@20.000ns - tck rise@0.000ns)
  Data Path Delay:        1.003ns  (logic 0.478ns (47.670%)  route 0.525ns (52.330%))
  Logic Levels:           0  
  Clock Path Skew:        -8.580ns (DCD - SCD + CPR)
    Destination Clock Delay (DCD):    -1.520ns = ( 18.480 - 20.000 ) 
    Source Clock Delay      (SCD):    7.060ns
    Clock Pessimism Removal (CPR):    0.000ns
  Clock Uncertainty:      0.603ns  ((TSJ^2 + TIJ^2 + DJ^2)^1/2) / 2 + PE
    Total System Jitter     (TSJ):    0.071ns
    Total Input Jitter      (TIJ):    1.000ns
    Discrete Jitter          (DJ):    0.142ns
    Phase Error              (PE):    0.097ns
  Clock Domain Crossing:  Inter clock paths are considered valid unless explicitly excluded by timing constraints such as set_clock_groups or set_false_path.

    Location             Delay type                Incr(ns)  Path(ns)    Netlist Resource(s)
  -------------------------------------------------------------------    -------------------
                         (clock tck rise edge)        0.000     0.000 r  
    H15                                               0.000     0.000 r  tck (IN)
                         net (fo=0)                   0.000     0.000    tck
    H15                  IBUF (Prop_ibuf_I_O)         1.500     1.500 r  tck_IBUF_inst/O
                         net (fo=1, routed)           3.659     5.159    tck_IBUF
    BUFGCTRL_X0Y0        BUFG (Prop_bufg_I_O)         0.101     5.260 r  tck_IBUF_BUFG_inst/O
                         net (fo=258, routed)         1.800     7.060    i_dmi_jtag/i_dmi_cdc/i_cdc_req/i_src/CLK
    SLICE_X102Y43        FDCE                                         r  i_dmi_jtag/i_dmi_cdc/i_cdc_req/i_src/data_src_q_reg[op][1]/C
  -------------------------------------------------------------------    -------------------
    SLICE_X102Y43        FDCE (Prop_fdce_C_Q)         0.478     7.538 r  i_dmi_jtag/i_dmi_cdc/i_cdc_req/i_src/data_src_q_reg[op][1]/Q
                         net (fo=1, routed)           0.525     8.063    i_dmi_jtag/i_dmi_cdc/i_cdc_req/i_dst/data_dst_q_reg[op][1]_1[1]
    SLICE_X103Y43        FDCE                                         r  i_dmi_jtag/i_dmi_cdc/i_cdc_req/i_dst/data_dst_q_reg[op][1]/D
  -------------------------------------------------------------------    -------------------

                         (clock clk_out1_xlnx_clk_gen rise edge)
                                                     20.000    20.000 r  
    K17                                               0.000    20.000 r  clk_sys (IN)
                         net (fo=0)                   0.000    20.000    i_xlnx_clk_gen/inst/clk_in1
    K17                  IBUF (Prop_ibuf_I_O)         1.404    21.404 r  i_xlnx_clk_gen/inst/clkin1_ibufg/O
                         net (fo=1, routed)           1.162    22.566    i_xlnx_clk_gen/inst/clk_in1_xlnx_clk_gen
    MMCME2_ADV_X1Y2      MMCME2_ADV (Prop_mmcme2_adv_CLKIN1_CLKOUT0)
                                                     -7.814    14.752 r  i_xlnx_clk_gen/inst/mmcm_adv_inst/CLKOUT0
                         net (fo=1, routed)           2.012    16.764    i_xlnx_clk_gen/inst/clk_out1_xlnx_clk_gen
    BUFGCTRL_X0Y16       BUFG (Prop_bufg_I_O)         0.091    16.855 r  i_xlnx_clk_gen/inst/clkout1_buf/O
                         net (fo=16161, routed)       1.625    18.480    i_dmi_jtag/i_dmi_cdc/i_cdc_req/i_dst/clk_out1
    SLICE_X103Y43        FDCE                                         r  i_dmi_jtag/i_dmi_cdc/i_cdc_req/i_dst/data_dst_q_reg[op][1]/C
                         clock pessimism              0.000    18.480    
                         clock uncertainty           -0.603    17.877    
    SLICE_X103Y43        FDCE (Setup_fdce_C_D)       -0.230    17.647    i_dmi_jtag/i_dmi_cdc/i_cdc_req/i_dst/data_dst_q_reg[op][1]
  -------------------------------------------------------------------
                         required time                         17.647    
                         arrival time                          -8.063    
  -------------------------------------------------------------------
                         slack                                  9.584    

Slack (MET) :             9.585ns  (required time - arrival time)
  Source:                 i_dmi_jtag/i_dmi_cdc/i_cdc_req/i_src/data_src_q_reg[data][4]/C
                            (rising edge-triggered cell FDCE clocked by tck  {rise@0.000ns fall@50.000ns period=100.000ns})
  Destination:            i_dmi_jtag/i_dmi_cdc/i_cdc_req/i_dst/data_dst_q_reg[data][4]/D
                            (rising edge-triggered cell FDCE clocked by clk_out1_xlnx_clk_gen  {rise@0.000ns fall@10.000ns period=20.000ns})
  Path Group:             clk_out1_xlnx_clk_gen
  Path Type:              Setup (Max at Slow Process Corner)
  Requirement:            20.000ns  (clk_out1_xlnx_clk_gen rise@20.000ns - tck rise@0.000ns)
  Data Path Delay:        1.171ns  (logic 0.518ns (44.255%)  route 0.653ns (55.745%))
  Logic Levels:           0  
  Clock Path Skew:        -8.583ns (DCD - SCD + CPR)
    Destination Clock Delay (DCD):    -1.445ns = ( 18.555 - 20.000 ) 
    Source Clock Delay      (SCD):    7.138ns
    Clock Pessimism Removal (CPR):    0.000ns
  Clock Uncertainty:      0.603ns  ((TSJ^2 + TIJ^2 + DJ^2)^1/2) / 2 + PE
    Total System Jitter     (TSJ):    0.071ns
    Total Input Jitter      (TIJ):    1.000ns
    Discrete Jitter          (DJ):    0.142ns
    Phase Error              (PE):    0.097ns
  Clock Domain Crossing:  Inter clock paths are considered valid unless explicitly excluded by timing constraints such as set_clock_groups or set_false_path.

    Location             Delay type                Incr(ns)  Path(ns)    Netlist Resource(s)
  -------------------------------------------------------------------    -------------------
                         (clock tck rise edge)        0.000     0.000 r  
    H15                                               0.000     0.000 r  tck (IN)
                         net (fo=0)                   0.000     0.000    tck
    H15                  IBUF (Prop_ibuf_I_O)         1.500     1.500 r  tck_IBUF_inst/O
                         net (fo=1, routed)           3.659     5.159    tck_IBUF
    BUFGCTRL_X0Y0        BUFG (Prop_bufg_I_O)         0.101     5.260 r  tck_IBUF_BUFG_inst/O
                         net (fo=258, routed)         1.878     7.138    i_dmi_jtag/i_dmi_cdc/i_cdc_req/i_src/CLK
    SLICE_X108Y43        FDCE                                         r  i_dmi_jtag/i_dmi_cdc/i_cdc_req/i_src/data_src_q_reg[data][4]/C
  -------------------------------------------------------------------    -------------------
    SLICE_X108Y43        FDCE (Prop_fdce_C_Q)         0.518     7.656 r  i_dmi_jtag/i_dmi_cdc/i_cdc_req/i_src/data_src_q_reg[data][4]/Q
                         net (fo=1, routed)           0.653     8.309    i_dmi_jtag/i_dmi_cdc/i_cdc_req/i_dst/data_dst_q_reg[data][31]_2[4]
    SLICE_X107Y43        FDCE                                         r  i_dmi_jtag/i_dmi_cdc/i_cdc_req/i_dst/data_dst_q_reg[data][4]/D
  -------------------------------------------------------------------    -------------------

                         (clock clk_out1_xlnx_clk_gen rise edge)
                                                     20.000    20.000 r  
    K17                                               0.000    20.000 r  clk_sys (IN)
                         net (fo=0)                   0.000    20.000    i_xlnx_clk_gen/inst/clk_in1
    K17                  IBUF (Prop_ibuf_I_O)         1.404    21.404 r  i_xlnx_clk_gen/inst/clkin1_ibufg/O
                         net (fo=1, routed)           1.162    22.566    i_xlnx_clk_gen/inst/clk_in1_xlnx_clk_gen
    MMCME2_ADV_X1Y2      MMCME2_ADV (Prop_mmcme2_adv_CLKIN1_CLKOUT0)
                                                     -7.814    14.752 r  i_xlnx_clk_gen/inst/mmcm_adv_inst/CLKOUT0
                         net (fo=1, routed)           2.012    16.764    i_xlnx_clk_gen/inst/clk_out1_xlnx_clk_gen
    BUFGCTRL_X0Y16       BUFG (Prop_bufg_I_O)         0.091    16.855 r  i_xlnx_clk_gen/inst/clkout1_buf/O
                         net (fo=16161, routed)       1.700    18.555    i_dmi_jtag/i_dmi_cdc/i_cdc_req/i_dst/clk_out1
    SLICE_X107Y43        FDCE                                         r  i_dmi_jtag/i_dmi_cdc/i_cdc_req/i_dst/data_dst_q_reg[data][4]/C
                         clock pessimism              0.000    18.555    
                         clock uncertainty           -0.603    17.952    
    SLICE_X107Y43        FDCE (Setup_fdce_C_D)       -0.058    17.894    i_dmi_jtag/i_dmi_cdc/i_cdc_req/i_dst/data_dst_q_reg[data][4]
  -------------------------------------------------------------------
                         required time                         17.894    
                         arrival time                          -8.309    
  -------------------------------------------------------------------
                         slack                                  9.585    

Slack (MET) :             9.596ns  (required time - arrival time)
  Source:                 i_dmi_jtag/i_dmi_cdc/i_cdc_req/i_src/data_src_q_reg[data][29]/C
                            (rising edge-triggered cell FDCE clocked by tck  {rise@0.000ns fall@50.000ns period=100.000ns})
  Destination:            i_dmi_jtag/i_dmi_cdc/i_cdc_req/i_dst/data_dst_q_reg[data][29]/D
                            (rising edge-triggered cell FDCE clocked by clk_out1_xlnx_clk_gen  {rise@0.000ns fall@10.000ns period=20.000ns})
  Path Group:             clk_out1_xlnx_clk_gen
  Path Type:              Setup (Max at Slow Process Corner)
  Requirement:            20.000ns  (clk_out1_xlnx_clk_gen rise@20.000ns - tck rise@0.000ns)
  Data Path Delay:        1.037ns  (logic 0.419ns (40.413%)  route 0.618ns (59.587%))
  Logic Levels:           0  
  Clock Path Skew:        -8.579ns (DCD - SCD + CPR)
    Destination Clock Delay (DCD):    -1.521ns = ( 18.479 - 20.000 ) 
    Source Clock Delay      (SCD):    7.058ns
    Clock Pessimism Removal (CPR):    0.000ns
  Clock Uncertainty:      0.603ns  ((TSJ^2 + TIJ^2 + DJ^2)^1/2) / 2 + PE
    Total System Jitter     (TSJ):    0.071ns
    Total Input Jitter      (TIJ):    1.000ns
    Discrete Jitter          (DJ):    0.142ns
    Phase Error              (PE):    0.097ns
  Clock Domain Crossing:  Inter clock paths are considered valid unless explicitly excluded by timing constraints such as set_clock_groups or set_false_path.

    Location             Delay type                Incr(ns)  Path(ns)    Netlist Resource(s)
  -------------------------------------------------------------------    -------------------
                         (clock tck rise edge)        0.000     0.000 r  
    H15                                               0.000     0.000 r  tck (IN)
                         net (fo=0)                   0.000     0.000    tck
    H15                  IBUF (Prop_ibuf_I_O)         1.500     1.500 r  tck_IBUF_inst/O
                         net (fo=1, routed)           3.659     5.159    tck_IBUF
    BUFGCTRL_X0Y0        BUFG (Prop_bufg_I_O)         0.101     5.260 r  tck_IBUF_BUFG_inst/O
                         net (fo=258, routed)         1.798     7.058    i_dmi_jtag/i_dmi_cdc/i_cdc_req/i_src/CLK
    SLICE_X99Y41         FDCE                                         r  i_dmi_jtag/i_dmi_cdc/i_cdc_req/i_src/data_src_q_reg[data][29]/C
  -------------------------------------------------------------------    -------------------
    SLICE_X99Y41         FDCE (Prop_fdce_C_Q)         0.419     7.477 r  i_dmi_jtag/i_dmi_cdc/i_cdc_req/i_src/data_src_q_reg[data][29]/Q
                         net (fo=1, routed)           0.618     8.095    i_dmi_jtag/i_dmi_cdc/i_cdc_req/i_dst/data_dst_q_reg[data][31]_2[29]
    SLICE_X98Y41         FDCE                                         r  i_dmi_jtag/i_dmi_cdc/i_cdc_req/i_dst/data_dst_q_reg[data][29]/D
  -------------------------------------------------------------------    -------------------

                         (clock clk_out1_xlnx_clk_gen rise edge)
                                                     20.000    20.000 r  
    K17                                               0.000    20.000 r  clk_sys (IN)
                         net (fo=0)                   0.000    20.000    i_xlnx_clk_gen/inst/clk_in1
    K17                  IBUF (Prop_ibuf_I_O)         1.404    21.404 r  i_xlnx_clk_gen/inst/clkin1_ibufg/O
                         net (fo=1, routed)           1.162    22.566    i_xlnx_clk_gen/inst/clk_in1_xlnx_clk_gen
    MMCME2_ADV_X1Y2      MMCME2_ADV (Prop_mmcme2_adv_CLKIN1_CLKOUT0)
                                                     -7.814    14.752 r  i_xlnx_clk_gen/inst/mmcm_adv_inst/CLKOUT0
                         net (fo=1, routed)           2.012    16.764    i_xlnx_clk_gen/inst/clk_out1_xlnx_clk_gen
    BUFGCTRL_X0Y16       BUFG (Prop_bufg_I_O)         0.091    16.855 r  i_xlnx_clk_gen/inst/clkout1_buf/O
                         net (fo=16161, routed)       1.624    18.479    i_dmi_jtag/i_dmi_cdc/i_cdc_req/i_dst/clk_out1
    SLICE_X98Y41         FDCE                                         r  i_dmi_jtag/i_dmi_cdc/i_cdc_req/i_dst/data_dst_q_reg[data][29]/C
                         clock pessimism              0.000    18.479    
                         clock uncertainty           -0.603    17.876    
    SLICE_X98Y41         FDCE (Setup_fdce_C_D)       -0.185    17.691    i_dmi_jtag/i_dmi_cdc/i_cdc_req/i_dst/data_dst_q_reg[data][29]
  -------------------------------------------------------------------
                         required time                         17.691    
                         arrival time                          -8.095    
  -------------------------------------------------------------------
                         slack                                  9.596    

Slack (MET) :             9.598ns  (required time - arrival time)
  Source:                 i_dmi_jtag/i_dmi_cdc/i_cdc_req/i_src/data_src_q_reg[addr][2]/C
                            (rising edge-triggered cell FDCE clocked by tck  {rise@0.000ns fall@50.000ns period=100.000ns})
  Destination:            i_dmi_jtag/i_dmi_cdc/i_cdc_req/i_dst/data_dst_q_reg[addr][2]/D
                            (rising edge-triggered cell FDCE clocked by clk_out1_xlnx_clk_gen  {rise@0.000ns fall@10.000ns period=20.000ns})
  Path Group:             clk_out1_xlnx_clk_gen
  Path Type:              Setup (Max at Slow Process Corner)
  Requirement:            20.000ns  (clk_out1_xlnx_clk_gen rise@20.000ns - tck rise@0.000ns)
  Data Path Delay:        1.002ns  (logic 0.478ns (47.706%)  route 0.524ns (52.294%))
  Logic Levels:           0  
  Clock Path Skew:        -8.581ns (DCD - SCD + CPR)
    Destination Clock Delay (DCD):    -1.521ns = ( 18.479 - 20.000 ) 
    Source Clock Delay      (SCD):    7.060ns
    Clock Pessimism Removal (CPR):    0.000ns
  Clock Uncertainty:      0.603ns  ((TSJ^2 + TIJ^2 + DJ^2)^1/2) / 2 + PE
    Total System Jitter     (TSJ):    0.071ns
    Total Input Jitter      (TIJ):    1.000ns
    Discrete Jitter          (DJ):    0.142ns
    Phase Error              (PE):    0.097ns
  Clock Domain Crossing:  Inter clock paths are considered valid unless explicitly excluded by timing constraints such as set_clock_groups or set_false_path.

    Location             Delay type                Incr(ns)  Path(ns)    Netlist Resource(s)
  -------------------------------------------------------------------    -------------------
                         (clock tck rise edge)        0.000     0.000 r  
    H15                                               0.000     0.000 r  tck (IN)
                         net (fo=0)                   0.000     0.000    tck
    H15                  IBUF (Prop_ibuf_I_O)         1.500     1.500 r  tck_IBUF_inst/O
                         net (fo=1, routed)           3.659     5.159    tck_IBUF
    BUFGCTRL_X0Y0        BUFG (Prop_bufg_I_O)         0.101     5.260 r  tck_IBUF_BUFG_inst/O
                         net (fo=258, routed)         1.800     7.060    i_dmi_jtag/i_dmi_cdc/i_cdc_req/i_src/CLK
    SLICE_X102Y43        FDCE                                         r  i_dmi_jtag/i_dmi_cdc/i_cdc_req/i_src/data_src_q_reg[addr][2]/C
  -------------------------------------------------------------------    -------------------
    SLICE_X102Y43        FDCE (Prop_fdce_C_Q)         0.478     7.538 r  i_dmi_jtag/i_dmi_cdc/i_cdc_req/i_src/data_src_q_reg[addr][2]/Q
                         net (fo=1, routed)           0.524     8.062    i_dmi_jtag/i_dmi_cdc/i_cdc_req/i_dst/data_dst_q_reg[addr][6]_1[2]
    SLICE_X102Y41        FDCE                                         r  i_dmi_jtag/i_dmi_cdc/i_cdc_req/i_dst/data_dst_q_reg[addr][2]/D
  -------------------------------------------------------------------    -------------------

                         (clock clk_out1_xlnx_clk_gen rise edge)
                                                     20.000    20.000 r  
    K17                                               0.000    20.000 r  clk_sys (IN)
                         net (fo=0)                   0.000    20.000    i_xlnx_clk_gen/inst/clk_in1
    K17                  IBUF (Prop_ibuf_I_O)         1.404    21.404 r  i_xlnx_clk_gen/inst/clkin1_ibufg/O
                         net (fo=1, routed)           1.162    22.566    i_xlnx_clk_gen/inst/clk_in1_xlnx_clk_gen
    MMCME2_ADV_X1Y2      MMCME2_ADV (Prop_mmcme2_adv_CLKIN1_CLKOUT0)
                                                     -7.814    14.752 r  i_xlnx_clk_gen/inst/mmcm_adv_inst/CLKOUT0
                         net (fo=1, routed)           2.012    16.764    i_xlnx_clk_gen/inst/clk_out1_xlnx_clk_gen
    BUFGCTRL_X0Y16       BUFG (Prop_bufg_I_O)         0.091    16.855 r  i_xlnx_clk_gen/inst/clkout1_buf/O
                         net (fo=16161, routed)       1.624    18.479    i_dmi_jtag/i_dmi_cdc/i_cdc_req/i_dst/clk_out1
    SLICE_X102Y41        FDCE                                         r  i_dmi_jtag/i_dmi_cdc/i_cdc_req/i_dst/data_dst_q_reg[addr][2]/C
                         clock pessimism              0.000    18.479    
                         clock uncertainty           -0.603    17.876    
    SLICE_X102Y41        FDCE (Setup_fdce_C_D)       -0.216    17.660    i_dmi_jtag/i_dmi_cdc/i_cdc_req/i_dst/data_dst_q_reg[addr][2]
  -------------------------------------------------------------------
                         required time                         17.660    
                         arrival time                          -8.062    
  -------------------------------------------------------------------
                         slack                                  9.598    





Min Delay Paths
--------------------------------------------------------------------------------------
Slack (MET) :             2.770ns  (arrival time - required time)
  Source:                 i_dmi_jtag/i_dmi_cdc/i_cdc_req/i_src/data_src_q_reg[data][24]/C
                            (rising edge-triggered cell FDCE clocked by tck  {rise@0.000ns fall@50.000ns period=100.000ns})
  Destination:            i_dmi_jtag/i_dmi_cdc/i_cdc_req/i_dst/data_dst_q_reg[data][24]/D
                            (rising edge-triggered cell FDCE clocked by clk_out1_xlnx_clk_gen  {rise@0.000ns fall@10.000ns period=20.000ns})
  Path Group:             clk_out1_xlnx_clk_gen
  Path Type:              Hold (Min at Fast Process Corner)
  Requirement:            0.000ns  (clk_out1_xlnx_clk_gen rise@0.000ns - tck rise@0.000ns)
  Data Path Delay:        0.195ns  (logic 0.141ns (72.269%)  route 0.054ns (27.731%))
  Logic Levels:           0  
  Clock Path Skew:        -3.254ns (DCD - SCD - CPR)
    Destination Clock Delay (DCD):    -0.833ns
    Source Clock Delay      (SCD):    2.421ns
    Clock Pessimism Removal (CPR):    -0.000ns
  Clock Uncertainty:      0.603ns  ((TSJ^2 + TIJ^2 + DJ^2)^1/2) / 2 + PE
    Total System Jitter     (TSJ):    0.071ns
    Total Input Jitter      (TIJ):    1.000ns
    Discrete Jitter          (DJ):    0.142ns
    Phase Error              (PE):    0.097ns
  Clock Domain Crossing:  Inter clock paths are considered valid unless explicitly excluded by timing constraints such as set_clock_groups or set_false_path.

    Location             Delay type                Incr(ns)  Path(ns)    Netlist Resource(s)
  -------------------------------------------------------------------    -------------------
                         (clock tck rise edge)        0.000     0.000 r  
    H15                                               0.000     0.000 r  tck (IN)
                         net (fo=0)                   0.000     0.000    tck
    H15                  IBUF (Prop_ibuf_I_O)         0.268     0.268 r  tck_IBUF_inst/O
                         net (fo=1, routed)           1.516     1.784    tck_IBUF
    BUFGCTRL_X0Y0        BUFG (Prop_bufg_I_O)         0.026     1.810 r  tck_IBUF_BUFG_inst/O
                         net (fo=258, routed)         0.611     2.421    i_dmi_jtag/i_dmi_cdc/i_cdc_req/i_src/CLK
    SLICE_X99Y41         FDCE                                         r  i_dmi_jtag/i_dmi_cdc/i_cdc_req/i_src/data_src_q_reg[data][24]/C
  -------------------------------------------------------------------    -------------------
    SLICE_X99Y41         FDCE (Prop_fdce_C_Q)         0.141     2.562 r  i_dmi_jtag/i_dmi_cdc/i_cdc_req/i_src/data_src_q_reg[data][24]/Q
                         net (fo=1, routed)           0.054     2.616    i_dmi_jtag/i_dmi_cdc/i_cdc_req/i_dst/data_dst_q_reg[data][31]_2[24]
    SLICE_X98Y41         FDCE                                         r  i_dmi_jtag/i_dmi_cdc/i_cdc_req/i_dst/data_dst_q_reg[data][24]/D
  -------------------------------------------------------------------    -------------------

                         (clock clk_out1_xlnx_clk_gen rise edge)
                                                      0.000     0.000 r  
    K17                                               0.000     0.000 r  clk_sys (IN)
                         net (fo=0)                   0.000     0.000    i_xlnx_clk_gen/inst/clk_in1
    K17                  IBUF (Prop_ibuf_I_O)         0.431     0.431 r  i_xlnx_clk_gen/inst/clkin1_ibufg/O
                         net (fo=1, routed)           0.480     0.911    i_xlnx_clk_gen/inst/clk_in1_xlnx_clk_gen
    MMCME2_ADV_X1Y2      MMCME2_ADV (Prop_mmcme2_adv_CLKIN1_CLKOUT0)
                                                     -3.407    -2.496 r  i_xlnx_clk_gen/inst/mmcm_adv_inst/CLKOUT0
                         net (fo=1, routed)           0.752    -1.744    i_xlnx_clk_gen/inst/clk_out1_xlnx_clk_gen
    BUFGCTRL_X0Y16       BUFG (Prop_bufg_I_O)         0.029    -1.715 r  i_xlnx_clk_gen/inst/clkout1_buf/O
                         net (fo=16161, routed)       0.882    -0.833    i_dmi_jtag/i_dmi_cdc/i_cdc_req/i_dst/clk_out1
    SLICE_X98Y41         FDCE                                         r  i_dmi_jtag/i_dmi_cdc/i_cdc_req/i_dst/data_dst_q_reg[data][24]/C
                         clock pessimism              0.000    -0.833    
                         clock uncertainty            0.603    -0.230    
    SLICE_X98Y41         FDCE (Hold_fdce_C_D)         0.076    -0.154    i_dmi_jtag/i_dmi_cdc/i_cdc_req/i_dst/data_dst_q_reg[data][24]
  -------------------------------------------------------------------
                         required time                          0.154    
                         arrival time                           2.616    
  -------------------------------------------------------------------
                         slack                                  2.770    

Slack (MET) :             2.794ns  (arrival time - required time)
  Source:                 i_dmi_jtag/i_dmi_cdc/i_cdc_req/i_src/data_src_q_reg[data][20]/C
                            (rising edge-triggered cell FDCE clocked by tck  {rise@0.000ns fall@50.000ns period=100.000ns})
  Destination:            i_dmi_jtag/i_dmi_cdc/i_cdc_req/i_dst/data_dst_q_reg[data][20]/D
                            (rising edge-triggered cell FDCE clocked by clk_out1_xlnx_clk_gen  {rise@0.000ns fall@10.000ns period=20.000ns})
  Path Group:             clk_out1_xlnx_clk_gen
  Path Type:              Hold (Min at Fast Process Corner)
  Requirement:            0.000ns  (clk_out1_xlnx_clk_gen rise@0.000ns - tck rise@0.000ns)
  Data Path Delay:        0.228ns  (logic 0.141ns (61.814%)  route 0.087ns (38.186%))
  Logic Levels:           0  
  Clock Path Skew:        -3.254ns (DCD - SCD - CPR)
    Destination Clock Delay (DCD):    -0.833ns
    Source Clock Delay      (SCD):    2.421ns
    Clock Pessimism Removal (CPR):    -0.000ns
  Clock Uncertainty:      0.603ns  ((TSJ^2 + TIJ^2 + DJ^2)^1/2) / 2 + PE
    Total System Jitter     (TSJ):    0.071ns
    Total Input Jitter      (TIJ):    1.000ns
    Discrete Jitter          (DJ):    0.142ns
    Phase Error              (PE):    0.097ns
  Clock Domain Crossing:  Inter clock paths are considered valid unless explicitly excluded by timing constraints such as set_clock_groups or set_false_path.

    Location             Delay type                Incr(ns)  Path(ns)    Netlist Resource(s)
  -------------------------------------------------------------------    -------------------
                         (clock tck rise edge)        0.000     0.000 r  
    H15                                               0.000     0.000 r  tck (IN)
                         net (fo=0)                   0.000     0.000    tck
    H15                  IBUF (Prop_ibuf_I_O)         0.268     0.268 r  tck_IBUF_inst/O
                         net (fo=1, routed)           1.516     1.784    tck_IBUF
    BUFGCTRL_X0Y0        BUFG (Prop_bufg_I_O)         0.026     1.810 r  tck_IBUF_BUFG_inst/O
                         net (fo=258, routed)         0.611     2.421    i_dmi_jtag/i_dmi_cdc/i_cdc_req/i_src/CLK
    SLICE_X99Y41         FDCE                                         r  i_dmi_jtag/i_dmi_cdc/i_cdc_req/i_src/data_src_q_reg[data][20]/C
  -------------------------------------------------------------------    -------------------
    SLICE_X99Y41         FDCE (Prop_fdce_C_Q)         0.141     2.562 r  i_dmi_jtag/i_dmi_cdc/i_cdc_req/i_src/data_src_q_reg[data][20]/Q
                         net (fo=1, routed)           0.087     2.649    i_dmi_jtag/i_dmi_cdc/i_cdc_req/i_dst/data_dst_q_reg[data][31]_2[20]
    SLICE_X98Y41         FDCE                                         r  i_dmi_jtag/i_dmi_cdc/i_cdc_req/i_dst/data_dst_q_reg[data][20]/D
  -------------------------------------------------------------------    -------------------

                         (clock clk_out1_xlnx_clk_gen rise edge)
                                                      0.000     0.000 r  
    K17                                               0.000     0.000 r  clk_sys (IN)
                         net (fo=0)                   0.000     0.000    i_xlnx_clk_gen/inst/clk_in1
    K17                  IBUF (Prop_ibuf_I_O)         0.431     0.431 r  i_xlnx_clk_gen/inst/clkin1_ibufg/O
                         net (fo=1, routed)           0.480     0.911    i_xlnx_clk_gen/inst/clk_in1_xlnx_clk_gen
    MMCME2_ADV_X1Y2      MMCME2_ADV (Prop_mmcme2_adv_CLKIN1_CLKOUT0)
                                                     -3.407    -2.496 r  i_xlnx_clk_gen/inst/mmcm_adv_inst/CLKOUT0
                         net (fo=1, routed)           0.752    -1.744    i_xlnx_clk_gen/inst/clk_out1_xlnx_clk_gen
    BUFGCTRL_X0Y16       BUFG (Prop_bufg_I_O)         0.029    -1.715 r  i_xlnx_clk_gen/inst/clkout1_buf/O
                         net (fo=16161, routed)       0.882    -0.833    i_dmi_jtag/i_dmi_cdc/i_cdc_req/i_dst/clk_out1
    SLICE_X98Y41         FDCE                                         r  i_dmi_jtag/i_dmi_cdc/i_cdc_req/i_dst/data_dst_q_reg[data][20]/C
                         clock pessimism              0.000    -0.833    
                         clock uncertainty            0.603    -0.230    
    SLICE_X98Y41         FDCE (Hold_fdce_C_D)         0.085    -0.145    i_dmi_jtag/i_dmi_cdc/i_cdc_req/i_dst/data_dst_q_reg[data][20]
  -------------------------------------------------------------------
                         required time                          0.145    
                         arrival time                           2.649    
  -------------------------------------------------------------------
                         slack                                  2.794    

Slack (MET) :             2.831ns  (arrival time - required time)
  Source:                 i_dmi_jtag/i_dmi_cdc/i_cdc_req/i_src/data_src_q_reg[data][16]/C
                            (rising edge-triggered cell FDCE clocked by tck  {rise@0.000ns fall@50.000ns period=100.000ns})
  Destination:            i_dmi_jtag/i_dmi_cdc/i_cdc_req/i_dst/data_dst_q_reg[data][16]/D
                            (rising edge-triggered cell FDCE clocked by clk_out1_xlnx_clk_gen  {rise@0.000ns fall@10.000ns period=20.000ns})
  Path Group:             clk_out1_xlnx_clk_gen
  Path Type:              Hold (Min at Fast Process Corner)
  Requirement:            0.000ns  (clk_out1_xlnx_clk_gen rise@0.000ns - tck rise@0.000ns)
  Data Path Delay:        0.251ns  (logic 0.141ns (56.174%)  route 0.110ns (43.826%))
  Logic Levels:           0  
  Clock Path Skew:        -3.253ns (DCD - SCD - CPR)
    Destination Clock Delay (DCD):    -0.805ns
    Source Clock Delay      (SCD):    2.448ns
    Clock Pessimism Removal (CPR):    -0.000ns
  Clock Uncertainty:      0.603ns  ((TSJ^2 + TIJ^2 + DJ^2)^1/2) / 2 + PE
    Total System Jitter     (TSJ):    0.071ns
    Total Input Jitter      (TIJ):    1.000ns
    Discrete Jitter          (DJ):    0.142ns
    Phase Error              (PE):    0.097ns
  Clock Domain Crossing:  Inter clock paths are considered valid unless explicitly excluded by timing constraints such as set_clock_groups or set_false_path.

    Location             Delay type                Incr(ns)  Path(ns)    Netlist Resource(s)
  -------------------------------------------------------------------    -------------------
                         (clock tck rise edge)        0.000     0.000 r  
    H15                                               0.000     0.000 r  tck (IN)
                         net (fo=0)                   0.000     0.000    tck
    H15                  IBUF (Prop_ibuf_I_O)         0.268     0.268 r  tck_IBUF_inst/O
                         net (fo=1, routed)           1.516     1.784    tck_IBUF
    BUFGCTRL_X0Y0        BUFG (Prop_bufg_I_O)         0.026     1.810 r  tck_IBUF_BUFG_inst/O
                         net (fo=258, routed)         0.638     2.448    i_dmi_jtag/i_dmi_cdc/i_cdc_req/i_src/CLK
    SLICE_X107Y40        FDCE                                         r  i_dmi_jtag/i_dmi_cdc/i_cdc_req/i_src/data_src_q_reg[data][16]/C
  -------------------------------------------------------------------    -------------------
    SLICE_X107Y40        FDCE (Prop_fdce_C_Q)         0.141     2.589 r  i_dmi_jtag/i_dmi_cdc/i_cdc_req/i_src/data_src_q_reg[data][16]/Q
                         net (fo=1, routed)           0.110     2.699    i_dmi_jtag/i_dmi_cdc/i_cdc_req/i_dst/data_dst_q_reg[data][31]_2[16]
    SLICE_X106Y39        FDCE                                         r  i_dmi_jtag/i_dmi_cdc/i_cdc_req/i_dst/data_dst_q_reg[data][16]/D
  -------------------------------------------------------------------    -------------------

                         (clock clk_out1_xlnx_clk_gen rise edge)
                                                      0.000     0.000 r  
    K17                                               0.000     0.000 r  clk_sys (IN)
                         net (fo=0)                   0.000     0.000    i_xlnx_clk_gen/inst/clk_in1
    K17                  IBUF (Prop_ibuf_I_O)         0.431     0.431 r  i_xlnx_clk_gen/inst/clkin1_ibufg/O
                         net (fo=1, routed)           0.480     0.911    i_xlnx_clk_gen/inst/clk_in1_xlnx_clk_gen
    MMCME2_ADV_X1Y2      MMCME2_ADV (Prop_mmcme2_adv_CLKIN1_CLKOUT0)
                                                     -3.407    -2.496 r  i_xlnx_clk_gen/inst/mmcm_adv_inst/CLKOUT0
                         net (fo=1, routed)           0.752    -1.744    i_xlnx_clk_gen/inst/clk_out1_xlnx_clk_gen
    BUFGCTRL_X0Y16       BUFG (Prop_bufg_I_O)         0.029    -1.715 r  i_xlnx_clk_gen/inst/clkout1_buf/O
                         net (fo=16161, routed)       0.910    -0.805    i_dmi_jtag/i_dmi_cdc/i_cdc_req/i_dst/clk_out1
    SLICE_X106Y39        FDCE                                         r  i_dmi_jtag/i_dmi_cdc/i_cdc_req/i_dst/data_dst_q_reg[data][16]/C
                         clock pessimism              0.000    -0.805    
                         clock uncertainty            0.603    -0.202    
    SLICE_X106Y39        FDCE (Hold_fdce_C_D)         0.070    -0.132    i_dmi_jtag/i_dmi_cdc/i_cdc_req/i_dst/data_dst_q_reg[data][16]
  -------------------------------------------------------------------
                         required time                          0.132    
                         arrival time                           2.699    
  -------------------------------------------------------------------
                         slack                                  2.831    

Slack (MET) :             2.833ns  (arrival time - required time)
  Source:                 i_dmi_jtag/i_dmi_cdc/i_cdc_req/i_src/data_src_q_reg[data][10]/C
                            (rising edge-triggered cell FDCE clocked by tck  {rise@0.000ns fall@50.000ns period=100.000ns})
  Destination:            i_dmi_jtag/i_dmi_cdc/i_cdc_req/i_dst/data_dst_q_reg[data][10]/D
                            (rising edge-triggered cell FDCE clocked by clk_out1_xlnx_clk_gen  {rise@0.000ns fall@10.000ns period=20.000ns})
  Path Group:             clk_out1_xlnx_clk_gen
  Path Type:              Hold (Min at Fast Process Corner)
  Requirement:            0.000ns  (clk_out1_xlnx_clk_gen rise@0.000ns - tck rise@0.000ns)
  Data Path Delay:        0.254ns  (logic 0.141ns (55.543%)  route 0.113ns (44.456%))
  Logic Levels:           0  
  Clock Path Skew:        -3.252ns (DCD - SCD - CPR)
    Destination Clock Delay (DCD):    -0.803ns
    Source Clock Delay      (SCD):    2.449ns
    Clock Pessimism Removal (CPR):    -0.000ns
  Clock Uncertainty:      0.603ns  ((TSJ^2 + TIJ^2 + DJ^2)^1/2) / 2 + PE
    Total System Jitter     (TSJ):    0.071ns
    Total Input Jitter      (TIJ):    1.000ns
    Discrete Jitter          (DJ):    0.142ns
    Phase Error              (PE):    0.097ns
  Clock Domain Crossing:  Inter clock paths are considered valid unless explicitly excluded by timing constraints such as set_clock_groups or set_false_path.

    Location             Delay type                Incr(ns)  Path(ns)    Netlist Resource(s)
  -------------------------------------------------------------------    -------------------
                         (clock tck rise edge)        0.000     0.000 r  
    H15                                               0.000     0.000 r  tck (IN)
                         net (fo=0)                   0.000     0.000    tck
    H15                  IBUF (Prop_ibuf_I_O)         0.268     0.268 r  tck_IBUF_inst/O
                         net (fo=1, routed)           1.516     1.784    tck_IBUF
    BUFGCTRL_X0Y0        BUFG (Prop_bufg_I_O)         0.026     1.810 r  tck_IBUF_BUFG_inst/O
                         net (fo=258, routed)         0.639     2.449    i_dmi_jtag/i_dmi_cdc/i_cdc_req/i_src/CLK
    SLICE_X106Y44        FDCE                                         r  i_dmi_jtag/i_dmi_cdc/i_cdc_req/i_src/data_src_q_reg[data][10]/C
  -------------------------------------------------------------------    -------------------
    SLICE_X106Y44        FDCE (Prop_fdce_C_Q)         0.141     2.590 r  i_dmi_jtag/i_dmi_cdc/i_cdc_req/i_src/data_src_q_reg[data][10]/Q
                         net (fo=1, routed)           0.113     2.703    i_dmi_jtag/i_dmi_cdc/i_cdc_req/i_dst/data_dst_q_reg[data][31]_2[10]
    SLICE_X106Y43        FDCE                                         r  i_dmi_jtag/i_dmi_cdc/i_cdc_req/i_dst/data_dst_q_reg[data][10]/D
  -------------------------------------------------------------------    -------------------

                         (clock clk_out1_xlnx_clk_gen rise edge)
                                                      0.000     0.000 r  
    K17                                               0.000     0.000 r  clk_sys (IN)
                         net (fo=0)                   0.000     0.000    i_xlnx_clk_gen/inst/clk_in1
    K17                  IBUF (Prop_ibuf_I_O)         0.431     0.431 r  i_xlnx_clk_gen/inst/clkin1_ibufg/O
                         net (fo=1, routed)           0.480     0.911    i_xlnx_clk_gen/inst/clk_in1_xlnx_clk_gen
    MMCME2_ADV_X1Y2      MMCME2_ADV (Prop_mmcme2_adv_CLKIN1_CLKOUT0)
                                                     -3.407    -2.496 r  i_xlnx_clk_gen/inst/mmcm_adv_inst/CLKOUT0
                         net (fo=1, routed)           0.752    -1.744    i_xlnx_clk_gen/inst/clk_out1_xlnx_clk_gen
    BUFGCTRL_X0Y16       BUFG (Prop_bufg_I_O)         0.029    -1.715 r  i_xlnx_clk_gen/inst/clkout1_buf/O
                         net (fo=16161, routed)       0.912    -0.803    i_dmi_jtag/i_dmi_cdc/i_cdc_req/i_dst/clk_out1
    SLICE_X106Y43        FDCE                                         r  i_dmi_jtag/i_dmi_cdc/i_cdc_req/i_dst/data_dst_q_reg[data][10]/C
                         clock pessimism              0.000    -0.803    
                         clock uncertainty            0.603    -0.200    
    SLICE_X106Y43        FDCE (Hold_fdce_C_D)         0.070    -0.130    i_dmi_jtag/i_dmi_cdc/i_cdc_req/i_dst/data_dst_q_reg[data][10]
  -------------------------------------------------------------------
                         required time                          0.130    
                         arrival time                           2.703    
  -------------------------------------------------------------------
                         slack                                  2.833    

Slack (MET) :             2.834ns  (arrival time - required time)
  Source:                 i_dmi_jtag/i_dmi_cdc/i_cdc_req/i_src/data_src_q_reg[data][11]/C
                            (rising edge-triggered cell FDCE clocked by tck  {rise@0.000ns fall@50.000ns period=100.000ns})
  Destination:            i_dmi_jtag/i_dmi_cdc/i_cdc_req/i_dst/data_dst_q_reg[data][11]/D
                            (rising edge-triggered cell FDCE clocked by clk_out1_xlnx_clk_gen  {rise@0.000ns fall@10.000ns period=20.000ns})
  Path Group:             clk_out1_xlnx_clk_gen
  Path Type:              Hold (Min at Fast Process Corner)
  Requirement:            0.000ns  (clk_out1_xlnx_clk_gen rise@0.000ns - tck rise@0.000ns)
  Data Path Delay:        0.257ns  (logic 0.141ns (54.912%)  route 0.116ns (45.088%))
  Logic Levels:           0  
  Clock Path Skew:        -3.252ns (DCD - SCD - CPR)
    Destination Clock Delay (DCD):    -0.803ns
    Source Clock Delay      (SCD):    2.449ns
    Clock Pessimism Removal (CPR):    -0.000ns
  Clock Uncertainty:      0.603ns  ((TSJ^2 + TIJ^2 + DJ^2)^1/2) / 2 + PE
    Total System Jitter     (TSJ):    0.071ns
    Total Input Jitter      (TIJ):    1.000ns
    Discrete Jitter          (DJ):    0.142ns
    Phase Error              (PE):    0.097ns
  Clock Domain Crossing:  Inter clock paths are considered valid unless explicitly excluded by timing constraints such as set_clock_groups or set_false_path.

    Location             Delay type                Incr(ns)  Path(ns)    Netlist Resource(s)
  -------------------------------------------------------------------    -------------------
                         (clock tck rise edge)        0.000     0.000 r  
    H15                                               0.000     0.000 r  tck (IN)
                         net (fo=0)                   0.000     0.000    tck
    H15                  IBUF (Prop_ibuf_I_O)         0.268     0.268 r  tck_IBUF_inst/O
                         net (fo=1, routed)           1.516     1.784    tck_IBUF
    BUFGCTRL_X0Y0        BUFG (Prop_bufg_I_O)         0.026     1.810 r  tck_IBUF_BUFG_inst/O
                         net (fo=258, routed)         0.639     2.449    i_dmi_jtag/i_dmi_cdc/i_cdc_req/i_src/CLK
    SLICE_X106Y44        FDCE                                         r  i_dmi_jtag/i_dmi_cdc/i_cdc_req/i_src/data_src_q_reg[data][11]/C
  -------------------------------------------------------------------    -------------------
    SLICE_X106Y44        FDCE (Prop_fdce_C_Q)         0.141     2.590 r  i_dmi_jtag/i_dmi_cdc/i_cdc_req/i_src/data_src_q_reg[data][11]/Q
                         net (fo=1, routed)           0.116     2.706    i_dmi_jtag/i_dmi_cdc/i_cdc_req/i_dst/data_dst_q_reg[data][31]_2[11]
    SLICE_X106Y43        FDCE                                         r  i_dmi_jtag/i_dmi_cdc/i_cdc_req/i_dst/data_dst_q_reg[data][11]/D
  -------------------------------------------------------------------    -------------------

                         (clock clk_out1_xlnx_clk_gen rise edge)
                                                      0.000     0.000 r  
    K17                                               0.000     0.000 r  clk_sys (IN)
                         net (fo=0)                   0.000     0.000    i_xlnx_clk_gen/inst/clk_in1
    K17                  IBUF (Prop_ibuf_I_O)         0.431     0.431 r  i_xlnx_clk_gen/inst/clkin1_ibufg/O
                         net (fo=1, routed)           0.480     0.911    i_xlnx_clk_gen/inst/clk_in1_xlnx_clk_gen
    MMCME2_ADV_X1Y2      MMCME2_ADV (Prop_mmcme2_adv_CLKIN1_CLKOUT0)
                                                     -3.407    -2.496 r  i_xlnx_clk_gen/inst/mmcm_adv_inst/CLKOUT0
                         net (fo=1, routed)           0.752    -1.744    i_xlnx_clk_gen/inst/clk_out1_xlnx_clk_gen
    BUFGCTRL_X0Y16       BUFG (Prop_bufg_I_O)         0.029    -1.715 r  i_xlnx_clk_gen/inst/clkout1_buf/O
                         net (fo=16161, routed)       0.912    -0.803    i_dmi_jtag/i_dmi_cdc/i_cdc_req/i_dst/clk_out1
    SLICE_X106Y43        FDCE                                         r  i_dmi_jtag/i_dmi_cdc/i_cdc_req/i_dst/data_dst_q_reg[data][11]/C
                         clock pessimism              0.000    -0.803    
                         clock uncertainty            0.603    -0.200    
    SLICE_X106Y43        FDCE (Hold_fdce_C_D)         0.072    -0.128    i_dmi_jtag/i_dmi_cdc/i_cdc_req/i_dst/data_dst_q_reg[data][11]
  -------------------------------------------------------------------
                         required time                          0.128    
                         arrival time                           2.706    
  -------------------------------------------------------------------
                         slack                                  2.834    

Slack (MET) :             2.835ns  (arrival time - required time)
  Source:                 i_dmi_jtag/i_dmi_cdc/i_cdc_req/i_src/data_src_q_reg[data][14]/C
                            (rising edge-triggered cell FDCE clocked by tck  {rise@0.000ns fall@50.000ns period=100.000ns})
  Destination:            i_dmi_jtag/i_dmi_cdc/i_cdc_req/i_dst/data_dst_q_reg[data][14]/D
                            (rising edge-triggered cell FDCE clocked by clk_out1_xlnx_clk_gen  {rise@0.000ns fall@10.000ns period=20.000ns})
  Path Group:             clk_out1_xlnx_clk_gen
  Path Type:              Hold (Min at Fast Process Corner)
  Requirement:            0.000ns  (clk_out1_xlnx_clk_gen rise@0.000ns - tck rise@0.000ns)
  Data Path Delay:        0.251ns  (logic 0.141ns (56.174%)  route 0.110ns (43.826%))
  Logic Levels:           0  
  Clock Path Skew:        -3.253ns (DCD - SCD - CPR)
    Destination Clock Delay (DCD):    -0.805ns
    Source Clock Delay      (SCD):    2.448ns
    Clock Pessimism Removal (CPR):    -0.000ns
  Clock Uncertainty:      0.603ns  ((TSJ^2 + TIJ^2 + DJ^2)^1/2) / 2 + PE
    Total System Jitter     (TSJ):    0.071ns
    Total Input Jitter      (TIJ):    1.000ns
    Discrete Jitter          (DJ):    0.142ns
    Phase Error              (PE):    0.097ns
  Clock Domain Crossing:  Inter clock paths are considered valid unless explicitly excluded by timing constraints such as set_clock_groups or set_false_path.

    Location             Delay type                Incr(ns)  Path(ns)    Netlist Resource(s)
  -------------------------------------------------------------------    -------------------
                         (clock tck rise edge)        0.000     0.000 r  
    H15                                               0.000     0.000 r  tck (IN)
                         net (fo=0)                   0.000     0.000    tck
    H15                  IBUF (Prop_ibuf_I_O)         0.268     0.268 r  tck_IBUF_inst/O
                         net (fo=1, routed)           1.516     1.784    tck_IBUF
    BUFGCTRL_X0Y0        BUFG (Prop_bufg_I_O)         0.026     1.810 r  tck_IBUF_BUFG_inst/O
                         net (fo=258, routed)         0.638     2.448    i_dmi_jtag/i_dmi_cdc/i_cdc_req/i_src/CLK
    SLICE_X107Y40        FDCE                                         r  i_dmi_jtag/i_dmi_cdc/i_cdc_req/i_src/data_src_q_reg[data][14]/C
  -------------------------------------------------------------------    -------------------
    SLICE_X107Y40        FDCE (Prop_fdce_C_Q)         0.141     2.589 r  i_dmi_jtag/i_dmi_cdc/i_cdc_req/i_src/data_src_q_reg[data][14]/Q
                         net (fo=1, routed)           0.110     2.699    i_dmi_jtag/i_dmi_cdc/i_cdc_req/i_dst/data_dst_q_reg[data][31]_2[14]
    SLICE_X106Y39        FDCE                                         r  i_dmi_jtag/i_dmi_cdc/i_cdc_req/i_dst/data_dst_q_reg[data][14]/D
  -------------------------------------------------------------------    -------------------

                         (clock clk_out1_xlnx_clk_gen rise edge)
                                                      0.000     0.000 r  
    K17                                               0.000     0.000 r  clk_sys (IN)
                         net (fo=0)                   0.000     0.000    i_xlnx_clk_gen/inst/clk_in1
    K17                  IBUF (Prop_ibuf_I_O)         0.431     0.431 r  i_xlnx_clk_gen/inst/clkin1_ibufg/O
                         net (fo=1, routed)           0.480     0.911    i_xlnx_clk_gen/inst/clk_in1_xlnx_clk_gen
    MMCME2_ADV_X1Y2      MMCME2_ADV (Prop_mmcme2_adv_CLKIN1_CLKOUT0)
                                                     -3.407    -2.496 r  i_xlnx_clk_gen/inst/mmcm_adv_inst/CLKOUT0
                         net (fo=1, routed)           0.752    -1.744    i_xlnx_clk_gen/inst/clk_out1_xlnx_clk_gen
    BUFGCTRL_X0Y16       BUFG (Prop_bufg_I_O)         0.029    -1.715 r  i_xlnx_clk_gen/inst/clkout1_buf/O
                         net (fo=16161, routed)       0.910    -0.805    i_dmi_jtag/i_dmi_cdc/i_cdc_req/i_dst/clk_out1
    SLICE_X106Y39        FDCE                                         r  i_dmi_jtag/i_dmi_cdc/i_cdc_req/i_dst/data_dst_q_reg[data][14]/C
                         clock pessimism              0.000    -0.805    
                         clock uncertainty            0.603    -0.202    
    SLICE_X106Y39        FDCE (Hold_fdce_C_D)         0.066    -0.136    i_dmi_jtag/i_dmi_cdc/i_cdc_req/i_dst/data_dst_q_reg[data][14]
  -------------------------------------------------------------------
                         required time                          0.136    
                         arrival time                           2.699    
  -------------------------------------------------------------------
                         slack                                  2.835    

Slack (MET) :             2.837ns  (arrival time - required time)
  Source:                 i_dmi_jtag/i_dmi_cdc/i_cdc_req/i_src/data_src_q_reg[data][13]/C
                            (rising edge-triggered cell FDCE clocked by tck  {rise@0.000ns fall@50.000ns period=100.000ns})
  Destination:            i_dmi_jtag/i_dmi_cdc/i_cdc_req/i_dst/data_dst_q_reg[data][13]/D
                            (rising edge-triggered cell FDCE clocked by clk_out1_xlnx_clk_gen  {rise@0.000ns fall@10.000ns period=20.000ns})
  Path Group:             clk_out1_xlnx_clk_gen
  Path Type:              Hold (Min at Fast Process Corner)
  Requirement:            0.000ns  (clk_out1_xlnx_clk_gen rise@0.000ns - tck rise@0.000ns)
  Data Path Delay:        0.257ns  (logic 0.141ns (54.893%)  route 0.116ns (45.107%))
  Logic Levels:           0  
  Clock Path Skew:        -3.253ns (DCD - SCD - CPR)
    Destination Clock Delay (DCD):    -0.805ns
    Source Clock Delay      (SCD):    2.448ns
    Clock Pessimism Removal (CPR):    -0.000ns
  Clock Uncertainty:      0.603ns  ((TSJ^2 + TIJ^2 + DJ^2)^1/2) / 2 + PE
    Total System Jitter     (TSJ):    0.071ns
    Total Input Jitter      (TIJ):    1.000ns
    Discrete Jitter          (DJ):    0.142ns
    Phase Error              (PE):    0.097ns
  Clock Domain Crossing:  Inter clock paths are considered valid unless explicitly excluded by timing constraints such as set_clock_groups or set_false_path.

    Location             Delay type                Incr(ns)  Path(ns)    Netlist Resource(s)
  -------------------------------------------------------------------    -------------------
                         (clock tck rise edge)        0.000     0.000 r  
    H15                                               0.000     0.000 r  tck (IN)
                         net (fo=0)                   0.000     0.000    tck
    H15                  IBUF (Prop_ibuf_I_O)         0.268     0.268 r  tck_IBUF_inst/O
                         net (fo=1, routed)           1.516     1.784    tck_IBUF
    BUFGCTRL_X0Y0        BUFG (Prop_bufg_I_O)         0.026     1.810 r  tck_IBUF_BUFG_inst/O
                         net (fo=258, routed)         0.638     2.448    i_dmi_jtag/i_dmi_cdc/i_cdc_req/i_src/CLK
    SLICE_X107Y40        FDCE                                         r  i_dmi_jtag/i_dmi_cdc/i_cdc_req/i_src/data_src_q_reg[data][13]/C
  -------------------------------------------------------------------    -------------------
    SLICE_X107Y40        FDCE (Prop_fdce_C_Q)         0.141     2.589 r  i_dmi_jtag/i_dmi_cdc/i_cdc_req/i_src/data_src_q_reg[data][13]/Q
                         net (fo=1, routed)           0.116     2.705    i_dmi_jtag/i_dmi_cdc/i_cdc_req/i_dst/data_dst_q_reg[data][31]_2[13]
    SLICE_X106Y39        FDCE                                         r  i_dmi_jtag/i_dmi_cdc/i_cdc_req/i_dst/data_dst_q_reg[data][13]/D
  -------------------------------------------------------------------    -------------------

                         (clock clk_out1_xlnx_clk_gen rise edge)
                                                      0.000     0.000 r  
    K17                                               0.000     0.000 r  clk_sys (IN)
                         net (fo=0)                   0.000     0.000    i_xlnx_clk_gen/inst/clk_in1
    K17                  IBUF (Prop_ibuf_I_O)         0.431     0.431 r  i_xlnx_clk_gen/inst/clkin1_ibufg/O
                         net (fo=1, routed)           0.480     0.911    i_xlnx_clk_gen/inst/clk_in1_xlnx_clk_gen
    MMCME2_ADV_X1Y2      MMCME2_ADV (Prop_mmcme2_adv_CLKIN1_CLKOUT0)
                                                     -3.407    -2.496 r  i_xlnx_clk_gen/inst/mmcm_adv_inst/CLKOUT0
                         net (fo=1, routed)           0.752    -1.744    i_xlnx_clk_gen/inst/clk_out1_xlnx_clk_gen
    BUFGCTRL_X0Y16       BUFG (Prop_bufg_I_O)         0.029    -1.715 r  i_xlnx_clk_gen/inst/clkout1_buf/O
                         net (fo=16161, routed)       0.910    -0.805    i_dmi_jtag/i_dmi_cdc/i_cdc_req/i_dst/clk_out1
    SLICE_X106Y39        FDCE                                         r  i_dmi_jtag/i_dmi_cdc/i_cdc_req/i_dst/data_dst_q_reg[data][13]/C
                         clock pessimism              0.000    -0.805    
                         clock uncertainty            0.603    -0.202    
    SLICE_X106Y39        FDCE (Hold_fdce_C_D)         0.070    -0.132    i_dmi_jtag/i_dmi_cdc/i_cdc_req/i_dst/data_dst_q_reg[data][13]
  -------------------------------------------------------------------
                         required time                          0.132    
                         arrival time                           2.705    
  -------------------------------------------------------------------
                         slack                                  2.837    

Slack (MET) :             2.844ns  (arrival time - required time)
  Source:                 i_dmi_jtag/i_dmi_cdc/i_cdc_req/i_src/data_src_q_reg[data][2]/C
                            (rising edge-triggered cell FDCE clocked by tck  {rise@0.000ns fall@50.000ns period=100.000ns})
  Destination:            i_dmi_jtag/i_dmi_cdc/i_cdc_req/i_dst/data_dst_q_reg[data][2]/D
                            (rising edge-triggered cell FDCE clocked by clk_out1_xlnx_clk_gen  {rise@0.000ns fall@10.000ns period=20.000ns})
  Path Group:             clk_out1_xlnx_clk_gen
  Path Type:              Hold (Min at Fast Process Corner)
  Requirement:            0.000ns  (clk_out1_xlnx_clk_gen rise@0.000ns - tck rise@0.000ns)
  Data Path Delay:        0.265ns  (logic 0.164ns (61.886%)  route 0.101ns (38.114%))
  Logic Levels:           0  
  Clock Path Skew:        -3.252ns (DCD - SCD - CPR)
    Destination Clock Delay (DCD):    -0.803ns
    Source Clock Delay      (SCD):    2.449ns
    Clock Pessimism Removal (CPR):    -0.000ns
  Clock Uncertainty:      0.603ns  ((TSJ^2 + TIJ^2 + DJ^2)^1/2) / 2 + PE
    Total System Jitter     (TSJ):    0.071ns
    Total Input Jitter      (TIJ):    1.000ns
    Discrete Jitter          (DJ):    0.142ns
    Phase Error              (PE):    0.097ns
  Clock Domain Crossing:  Inter clock paths are considered valid unless explicitly excluded by timing constraints such as set_clock_groups or set_false_path.

    Location             Delay type                Incr(ns)  Path(ns)    Netlist Resource(s)
  -------------------------------------------------------------------    -------------------
                         (clock tck rise edge)        0.000     0.000 r  
    H15                                               0.000     0.000 r  tck (IN)
                         net (fo=0)                   0.000     0.000    tck
    H15                  IBUF (Prop_ibuf_I_O)         0.268     0.268 r  tck_IBUF_inst/O
                         net (fo=1, routed)           1.516     1.784    tck_IBUF
    BUFGCTRL_X0Y0        BUFG (Prop_bufg_I_O)         0.026     1.810 r  tck_IBUF_BUFG_inst/O
                         net (fo=258, routed)         0.639     2.449    i_dmi_jtag/i_dmi_cdc/i_cdc_req/i_src/CLK
    SLICE_X108Y43        FDCE                                         r  i_dmi_jtag/i_dmi_cdc/i_cdc_req/i_src/data_src_q_reg[data][2]/C
  -------------------------------------------------------------------    -------------------
    SLICE_X108Y43        FDCE (Prop_fdce_C_Q)         0.164     2.613 r  i_dmi_jtag/i_dmi_cdc/i_cdc_req/i_src/data_src_q_reg[data][2]/Q
                         net (fo=1, routed)           0.101     2.714    i_dmi_jtag/i_dmi_cdc/i_cdc_req/i_dst/data_dst_q_reg[data][31]_2[2]
    SLICE_X107Y43        FDCE                                         r  i_dmi_jtag/i_dmi_cdc/i_cdc_req/i_dst/data_dst_q_reg[data][2]/D
  -------------------------------------------------------------------    -------------------

                         (clock clk_out1_xlnx_clk_gen rise edge)
                                                      0.000     0.000 r  
    K17                                               0.000     0.000 r  clk_sys (IN)
                         net (fo=0)                   0.000     0.000    i_xlnx_clk_gen/inst/clk_in1
    K17                  IBUF (Prop_ibuf_I_O)         0.431     0.431 r  i_xlnx_clk_gen/inst/clkin1_ibufg/O
                         net (fo=1, routed)           0.480     0.911    i_xlnx_clk_gen/inst/clk_in1_xlnx_clk_gen
    MMCME2_ADV_X1Y2      MMCME2_ADV (Prop_mmcme2_adv_CLKIN1_CLKOUT0)
                                                     -3.407    -2.496 r  i_xlnx_clk_gen/inst/mmcm_adv_inst/CLKOUT0
                         net (fo=1, routed)           0.752    -1.744    i_xlnx_clk_gen/inst/clk_out1_xlnx_clk_gen
    BUFGCTRL_X0Y16       BUFG (Prop_bufg_I_O)         0.029    -1.715 r  i_xlnx_clk_gen/inst/clkout1_buf/O
                         net (fo=16161, routed)       0.912    -0.803    i_dmi_jtag/i_dmi_cdc/i_cdc_req/i_dst/clk_out1
    SLICE_X107Y43        FDCE                                         r  i_dmi_jtag/i_dmi_cdc/i_cdc_req/i_dst/data_dst_q_reg[data][2]/C
                         clock pessimism              0.000    -0.803    
                         clock uncertainty            0.603    -0.200    
    SLICE_X107Y43        FDCE (Hold_fdce_C_D)         0.070    -0.130    i_dmi_jtag/i_dmi_cdc/i_cdc_req/i_dst/data_dst_q_reg[data][2]
  -------------------------------------------------------------------
                         required time                          0.130    
                         arrival time                           2.714    
  -------------------------------------------------------------------
                         slack                                  2.844    

Slack (MET) :             2.844ns  (arrival time - required time)
  Source:                 i_dmi_jtag/i_dmi_cdc/i_cdc_req/i_src/data_src_q_reg[data][26]/C
                            (rising edge-triggered cell FDCE clocked by tck  {rise@0.000ns fall@50.000ns period=100.000ns})
  Destination:            i_dmi_jtag/i_dmi_cdc/i_cdc_req/i_dst/data_dst_q_reg[data][26]/D
                            (rising edge-triggered cell FDCE clocked by clk_out1_xlnx_clk_gen  {rise@0.000ns fall@10.000ns period=20.000ns})
  Path Group:             clk_out1_xlnx_clk_gen
  Path Type:              Hold (Min at Fast Process Corner)
  Requirement:            0.000ns  (clk_out1_xlnx_clk_gen rise@0.000ns - tck rise@0.000ns)
  Data Path Delay:        0.253ns  (logic 0.141ns (55.730%)  route 0.112ns (44.270%))
  Logic Levels:           0  
  Clock Path Skew:        -3.254ns (DCD - SCD - CPR)
    Destination Clock Delay (DCD):    -0.833ns
    Source Clock Delay      (SCD):    2.421ns
    Clock Pessimism Removal (CPR):    -0.000ns
  Clock Uncertainty:      0.603ns  ((TSJ^2 + TIJ^2 + DJ^2)^1/2) / 2 + PE
    Total System Jitter     (TSJ):    0.071ns
    Total Input Jitter      (TIJ):    1.000ns
    Discrete Jitter          (DJ):    0.142ns
    Phase Error              (PE):    0.097ns
  Clock Domain Crossing:  Inter clock paths are considered valid unless explicitly excluded by timing constraints such as set_clock_groups or set_false_path.

    Location             Delay type                Incr(ns)  Path(ns)    Netlist Resource(s)
  -------------------------------------------------------------------    -------------------
                         (clock tck rise edge)        0.000     0.000 r  
    H15                                               0.000     0.000 r  tck (IN)
                         net (fo=0)                   0.000     0.000    tck
    H15                  IBUF (Prop_ibuf_I_O)         0.268     0.268 r  tck_IBUF_inst/O
                         net (fo=1, routed)           1.516     1.784    tck_IBUF
    BUFGCTRL_X0Y0        BUFG (Prop_bufg_I_O)         0.026     1.810 r  tck_IBUF_BUFG_inst/O
                         net (fo=258, routed)         0.611     2.421    i_dmi_jtag/i_dmi_cdc/i_cdc_req/i_src/CLK
    SLICE_X99Y41         FDCE                                         r  i_dmi_jtag/i_dmi_cdc/i_cdc_req/i_src/data_src_q_reg[data][26]/C
  -------------------------------------------------------------------    -------------------
    SLICE_X99Y41         FDCE (Prop_fdce_C_Q)         0.141     2.562 r  i_dmi_jtag/i_dmi_cdc/i_cdc_req/i_src/data_src_q_reg[data][26]/Q
                         net (fo=1, routed)           0.112     2.674    i_dmi_jtag/i_dmi_cdc/i_cdc_req/i_dst/data_dst_q_reg[data][31]_2[26]
    SLICE_X98Y41         FDCE                                         r  i_dmi_jtag/i_dmi_cdc/i_cdc_req/i_dst/data_dst_q_reg[data][26]/D
  -------------------------------------------------------------------    -------------------

                         (clock clk_out1_xlnx_clk_gen rise edge)
                                                      0.000     0.000 r  
    K17                                               0.000     0.000 r  clk_sys (IN)
                         net (fo=0)                   0.000     0.000    i_xlnx_clk_gen/inst/clk_in1
    K17                  IBUF (Prop_ibuf_I_O)         0.431     0.431 r  i_xlnx_clk_gen/inst/clkin1_ibufg/O
                         net (fo=1, routed)           0.480     0.911    i_xlnx_clk_gen/inst/clk_in1_xlnx_clk_gen
    MMCME2_ADV_X1Y2      MMCME2_ADV (Prop_mmcme2_adv_CLKIN1_CLKOUT0)
                                                     -3.407    -2.496 r  i_xlnx_clk_gen/inst/mmcm_adv_inst/CLKOUT0
                         net (fo=1, routed)           0.752    -1.744    i_xlnx_clk_gen/inst/clk_out1_xlnx_clk_gen
    BUFGCTRL_X0Y16       BUFG (Prop_bufg_I_O)         0.029    -1.715 r  i_xlnx_clk_gen/inst/clkout1_buf/O
                         net (fo=16161, routed)       0.882    -0.833    i_dmi_jtag/i_dmi_cdc/i_cdc_req/i_dst/clk_out1
    SLICE_X98Y41         FDCE                                         r  i_dmi_jtag/i_dmi_cdc/i_cdc_req/i_dst/data_dst_q_reg[data][26]/C
                         clock pessimism              0.000    -0.833    
                         clock uncertainty            0.603    -0.230    
    SLICE_X98Y41         FDCE (Hold_fdce_C_D)         0.060    -0.170    i_dmi_jtag/i_dmi_cdc/i_cdc_req/i_dst/data_dst_q_reg[data][26]
  -------------------------------------------------------------------
                         required time                          0.170    
                         arrival time                           2.674    
  -------------------------------------------------------------------
                         slack                                  2.844    

Slack (MET) :             2.845ns  (arrival time - required time)
  Source:                 i_dmi_jtag/i_dmi_cdc/i_cdc_req/i_src/data_src_q_reg[addr][5]/C
                            (rising edge-triggered cell FDCE clocked by tck  {rise@0.000ns fall@50.000ns period=100.000ns})
  Destination:            i_dmi_jtag/i_dmi_cdc/i_cdc_req/i_dst/data_dst_q_reg[addr][5]/D
                            (rising edge-triggered cell FDCE clocked by clk_out1_xlnx_clk_gen  {rise@0.000ns fall@10.000ns period=20.000ns})
  Path Group:             clk_out1_xlnx_clk_gen
  Path Type:              Hold (Min at Fast Process Corner)
  Requirement:            0.000ns  (clk_out1_xlnx_clk_gen rise@0.000ns - tck rise@0.000ns)
  Data Path Delay:        0.280ns  (logic 0.141ns (50.338%)  route 0.139ns (49.662%))
  Logic Levels:           0  
  Clock Path Skew:        -3.254ns (DCD - SCD - CPR)
    Destination Clock Delay (DCD):    -0.832ns
    Source Clock Delay      (SCD):    2.422ns
    Clock Pessimism Removal (CPR):    -0.000ns
  Clock Uncertainty:      0.603ns  ((TSJ^2 + TIJ^2 + DJ^2)^1/2) / 2 + PE
    Total System Jitter     (TSJ):    0.071ns
    Total Input Jitter      (TIJ):    1.000ns
    Discrete Jitter          (DJ):    0.142ns
    Phase Error              (PE):    0.097ns
  Clock Domain Crossing:  Inter clock paths are considered valid unless explicitly excluded by timing constraints such as set_clock_groups or set_false_path.

    Location             Delay type                Incr(ns)  Path(ns)    Netlist Resource(s)
  -------------------------------------------------------------------    -------------------
                         (clock tck rise edge)        0.000     0.000 r  
    H15                                               0.000     0.000 r  tck (IN)
                         net (fo=0)                   0.000     0.000    tck
    H15                  IBUF (Prop_ibuf_I_O)         0.268     0.268 r  tck_IBUF_inst/O
                         net (fo=1, routed)           1.516     1.784    tck_IBUF
    BUFGCTRL_X0Y0        BUFG (Prop_bufg_I_O)         0.026     1.810 r  tck_IBUF_BUFG_inst/O
                         net (fo=258, routed)         0.612     2.422    i_dmi_jtag/i_dmi_cdc/i_cdc_req/i_src/CLK
    SLICE_X101Y43        FDCE                                         r  i_dmi_jtag/i_dmi_cdc/i_cdc_req/i_src/data_src_q_reg[addr][5]/C
  -------------------------------------------------------------------    -------------------
    SLICE_X101Y43        FDCE (Prop_fdce_C_Q)         0.141     2.563 r  i_dmi_jtag/i_dmi_cdc/i_cdc_req/i_src/data_src_q_reg[addr][5]/Q
                         net (fo=1, routed)           0.139     2.702    i_dmi_jtag/i_dmi_cdc/i_cdc_req/i_dst/data_dst_q_reg[addr][6]_1[5]
    SLICE_X100Y43        FDCE                                         r  i_dmi_jtag/i_dmi_cdc/i_cdc_req/i_dst/data_dst_q_reg[addr][5]/D
  -------------------------------------------------------------------    -------------------

                         (clock clk_out1_xlnx_clk_gen rise edge)
                                                      0.000     0.000 r  
    K17                                               0.000     0.000 r  clk_sys (IN)
                         net (fo=0)                   0.000     0.000    i_xlnx_clk_gen/inst/clk_in1
    K17                  IBUF (Prop_ibuf_I_O)         0.431     0.431 r  i_xlnx_clk_gen/inst/clkin1_ibufg/O
                         net (fo=1, routed)           0.480     0.911    i_xlnx_clk_gen/inst/clk_in1_xlnx_clk_gen
    MMCME2_ADV_X1Y2      MMCME2_ADV (Prop_mmcme2_adv_CLKIN1_CLKOUT0)
                                                     -3.407    -2.496 r  i_xlnx_clk_gen/inst/mmcm_adv_inst/CLKOUT0
                         net (fo=1, routed)           0.752    -1.744    i_xlnx_clk_gen/inst/clk_out1_xlnx_clk_gen
    BUFGCTRL_X0Y16       BUFG (Prop_bufg_I_O)         0.029    -1.715 r  i_xlnx_clk_gen/inst/clkout1_buf/O
                         net (fo=16161, routed)       0.883    -0.832    i_dmi_jtag/i_dmi_cdc/i_cdc_req/i_dst/clk_out1
    SLICE_X100Y43        FDCE                                         r  i_dmi_jtag/i_dmi_cdc/i_cdc_req/i_dst/data_dst_q_reg[addr][5]/C
                         clock pessimism              0.000    -0.832    
                         clock uncertainty            0.603    -0.229    
    SLICE_X100Y43        FDCE (Hold_fdce_C_D)         0.086    -0.143    i_dmi_jtag/i_dmi_cdc/i_cdc_req/i_dst/data_dst_q_reg[addr][5]
  -------------------------------------------------------------------
                         required time                          0.143    
                         arrival time                           2.702    
  -------------------------------------------------------------------
                         slack                                  2.845    





---------------------------------------------------------------------------------------------------
From Clock:  clk_out1_xlnx_clk_gen
  To Clock:  tck

Setup :            0  Failing Endpoints,  Worst Slack       18.328ns,  Total Violation        0.000ns
Hold  :           NA  Failing Endpoints,  Worst Slack           NA  ,  Total Violation           NA
---------------------------------------------------------------------------------------------------


Max Delay Paths
--------------------------------------------------------------------------------------
Slack (MET) :             18.328ns  (required time - arrival time)
  Source:                 i_dmi_jtag/i_dmi_cdc/i_cdc_resp/i_src/req_src_q_reg/C
                            (rising edge-triggered cell FDCE clocked by clk_out1_xlnx_clk_gen  {rise@0.000ns fall@10.000ns period=20.000ns})
  Destination:            i_dmi_jtag/i_dmi_cdc/i_cdc_resp/i_dst/req_dst_q_reg/D
                            (rising edge-triggered cell FDCE clocked by tck  {rise@0.000ns fall@50.000ns period=100.000ns})
  Path Group:             tck
  Path Type:              Setup (Max at Slow Process Corner)
  Requirement:            20.000ns  (MaxDelay Path 20.000ns)
  Data Path Delay:        1.567ns  (logic 0.518ns (33.049%)  route 1.049ns (66.951%))
  Logic Levels:           0  
  Timing Exception:       MaxDelay Path 20.000ns -datapath_only

    Location             Delay type                Incr(ns)  Path(ns)    Netlist Resource(s)
  -------------------------------------------------------------------    -------------------
    SLICE_X104Y44                                     0.000     0.000 r  i_dmi_jtag/i_dmi_cdc/i_cdc_resp/i_src/req_src_q_reg/C
    SLICE_X104Y44        FDCE (Prop_fdce_C_Q)         0.518     0.518 r  i_dmi_jtag/i_dmi_cdc/i_cdc_resp/i_src/req_src_q_reg/Q
                         net (fo=6, routed)           1.049     1.567    i_dmi_jtag/i_dmi_cdc/i_cdc_resp/i_dst/req_dst_q_reg_0
    SLICE_X106Y45        FDCE                                         r  i_dmi_jtag/i_dmi_cdc/i_cdc_resp/i_dst/req_dst_q_reg/D
  -------------------------------------------------------------------    -------------------

                         max delay                   20.000    20.000    
    SLICE_X106Y45        FDCE (Setup_fdce_C_D)       -0.105    19.895    i_dmi_jtag/i_dmi_cdc/i_cdc_resp/i_dst/req_dst_q_reg
  -------------------------------------------------------------------
                         required time                         19.895    
                         arrival time                          -1.567    
  -------------------------------------------------------------------
                         slack                                 18.328    

Slack (MET) :             18.474ns  (required time - arrival time)
  Source:                 i_dmi_jtag/i_dmi_cdc/i_cdc_resp/i_src/data_src_q_reg[data][24]/C
                            (rising edge-triggered cell FDCE clocked by clk_out1_xlnx_clk_gen  {rise@0.000ns fall@10.000ns period=20.000ns})
  Destination:            i_dmi_jtag/i_dmi_cdc/i_cdc_resp/i_dst/data_dst_q_reg[data][24]/D
                            (rising edge-triggered cell FDCE clocked by tck  {rise@0.000ns fall@50.000ns period=100.000ns})
  Path Group:             tck
  Path Type:              Setup (Max at Slow Process Corner)
  Requirement:            20.000ns  (MaxDelay Path 20.000ns)
  Data Path Delay:        1.288ns  (logic 0.478ns (37.098%)  route 0.810ns (62.902%))
  Logic Levels:           0  
  Timing Exception:       MaxDelay Path 20.000ns -datapath_only

    Location             Delay type                Incr(ns)  Path(ns)    Netlist Resource(s)
  -------------------------------------------------------------------    -------------------
    SLICE_X100Y39                                     0.000     0.000 r  i_dmi_jtag/i_dmi_cdc/i_cdc_resp/i_src/data_src_q_reg[data][24]/C
    SLICE_X100Y39        FDCE (Prop_fdce_C_Q)         0.478     0.478 r  i_dmi_jtag/i_dmi_cdc/i_cdc_resp/i_src/data_src_q_reg[data][24]/Q
                         net (fo=1, routed)           0.810     1.288    i_dmi_jtag/i_dmi_cdc/i_cdc_resp/i_dst/D[24]
    SLICE_X99Y40         FDCE                                         r  i_dmi_jtag/i_dmi_cdc/i_cdc_resp/i_dst/data_dst_q_reg[data][24]/D
  -------------------------------------------------------------------    -------------------

                         max delay                   20.000    20.000    
    SLICE_X99Y40         FDCE (Setup_fdce_C_D)       -0.238    19.762    i_dmi_jtag/i_dmi_cdc/i_cdc_resp/i_dst/data_dst_q_reg[data][24]
  -------------------------------------------------------------------
                         required time                         19.762    
                         arrival time                          -1.288    
  -------------------------------------------------------------------
                         slack                                 18.474    

Slack (MET) :             18.498ns  (required time - arrival time)
  Source:                 i_dmi_jtag/i_dmi_cdc/i_cdc_resp/i_src/data_src_q_reg[data][0]/C
                            (rising edge-triggered cell FDCE clocked by clk_out1_xlnx_clk_gen  {rise@0.000ns fall@10.000ns period=20.000ns})
  Destination:            i_dmi_jtag/i_dmi_cdc/i_cdc_resp/i_dst/data_dst_q_reg[data][0]/D
                            (rising edge-triggered cell FDCE clocked by tck  {rise@0.000ns fall@50.000ns period=100.000ns})
  Path Group:             tck
  Path Type:              Setup (Max at Slow Process Corner)
  Requirement:            20.000ns  (MaxDelay Path 20.000ns)
  Data Path Delay:        1.264ns  (logic 0.478ns (37.827%)  route 0.786ns (62.173%))
  Logic Levels:           0  
  Timing Exception:       MaxDelay Path 20.000ns -datapath_only

    Location             Delay type                Incr(ns)  Path(ns)    Netlist Resource(s)
  -------------------------------------------------------------------    -------------------
    SLICE_X104Y40                                     0.000     0.000 r  i_dmi_jtag/i_dmi_cdc/i_cdc_resp/i_src/data_src_q_reg[data][0]/C
    SLICE_X104Y40        FDCE (Prop_fdce_C_Q)         0.478     0.478 r  i_dmi_jtag/i_dmi_cdc/i_cdc_resp/i_src/data_src_q_reg[data][0]/Q
                         net (fo=1, routed)           0.786     1.264    i_dmi_jtag/i_dmi_cdc/i_cdc_resp/i_dst/D[0]
    SLICE_X105Y41        FDCE                                         r  i_dmi_jtag/i_dmi_cdc/i_cdc_resp/i_dst/data_dst_q_reg[data][0]/D
  -------------------------------------------------------------------    -------------------

                         max delay                   20.000    20.000    
    SLICE_X105Y41        FDCE (Setup_fdce_C_D)       -0.238    19.762    i_dmi_jtag/i_dmi_cdc/i_cdc_resp/i_dst/data_dst_q_reg[data][0]
  -------------------------------------------------------------------
                         required time                         19.762    
                         arrival time                          -1.264    
  -------------------------------------------------------------------
                         slack                                 18.498    

Slack (MET) :             18.522ns  (required time - arrival time)
  Source:                 i_dmi_jtag/i_dmi_cdc/i_cdc_resp/i_src/data_src_q_reg[data][12]/C
                            (rising edge-triggered cell FDCE clocked by clk_out1_xlnx_clk_gen  {rise@0.000ns fall@10.000ns period=20.000ns})
  Destination:            i_dmi_jtag/i_dmi_cdc/i_cdc_resp/i_dst/data_dst_q_reg[data][12]/D
                            (rising edge-triggered cell FDCE clocked by tck  {rise@0.000ns fall@50.000ns period=100.000ns})
  Path Group:             tck
  Path Type:              Setup (Max at Slow Process Corner)
  Requirement:            20.000ns  (MaxDelay Path 20.000ns)
  Data Path Delay:        1.214ns  (logic 0.478ns (39.369%)  route 0.736ns (60.631%))
  Logic Levels:           0  
  Timing Exception:       MaxDelay Path 20.000ns -datapath_only

    Location             Delay type                Incr(ns)  Path(ns)    Netlist Resource(s)
  -------------------------------------------------------------------    -------------------
    SLICE_X104Y39                                     0.000     0.000 r  i_dmi_jtag/i_dmi_cdc/i_cdc_resp/i_src/data_src_q_reg[data][12]/C
    SLICE_X104Y39        FDCE (Prop_fdce_C_Q)         0.478     0.478 r  i_dmi_jtag/i_dmi_cdc/i_cdc_resp/i_src/data_src_q_reg[data][12]/Q
                         net (fo=1, routed)           0.736     1.214    i_dmi_jtag/i_dmi_cdc/i_cdc_resp/i_dst/D[12]
    SLICE_X106Y42        FDCE                                         r  i_dmi_jtag/i_dmi_cdc/i_cdc_resp/i_dst/data_dst_q_reg[data][12]/D
  -------------------------------------------------------------------    -------------------

                         max delay                   20.000    20.000    
    SLICE_X106Y42        FDCE (Setup_fdce_C_D)       -0.264    19.736    i_dmi_jtag/i_dmi_cdc/i_cdc_resp/i_dst/data_dst_q_reg[data][12]
  -------------------------------------------------------------------
                         required time                         19.736    
                         arrival time                          -1.214    
  -------------------------------------------------------------------
                         slack                                 18.522    

Slack (MET) :             18.578ns  (required time - arrival time)
  Source:                 i_dmi_jtag/i_dmi_cdc/i_cdc_resp/i_src/data_src_q_reg[data][10]/C
                            (rising edge-triggered cell FDCE clocked by clk_out1_xlnx_clk_gen  {rise@0.000ns fall@10.000ns period=20.000ns})
  Destination:            i_dmi_jtag/i_dmi_cdc/i_cdc_resp/i_dst/data_dst_q_reg[data][10]/D
                            (rising edge-triggered cell FDCE clocked by tck  {rise@0.000ns fall@50.000ns period=100.000ns})
  Path Group:             tck
  Path Type:              Setup (Max at Slow Process Corner)
  Requirement:            20.000ns  (MaxDelay Path 20.000ns)
  Data Path Delay:        1.155ns  (logic 0.478ns (41.402%)  route 0.677ns (58.598%))
  Logic Levels:           0  
  Timing Exception:       MaxDelay Path 20.000ns -datapath_only

    Location             Delay type                Incr(ns)  Path(ns)    Netlist Resource(s)
  -------------------------------------------------------------------    -------------------
    SLICE_X104Y41                                     0.000     0.000 r  i_dmi_jtag/i_dmi_cdc/i_cdc_resp/i_src/data_src_q_reg[data][10]/C
    SLICE_X104Y41        FDCE (Prop_fdce_C_Q)         0.478     0.478 r  i_dmi_jtag/i_dmi_cdc/i_cdc_resp/i_src/data_src_q_reg[data][10]/Q
                         net (fo=1, routed)           0.677     1.155    i_dmi_jtag/i_dmi_cdc/i_cdc_resp/i_dst/D[10]
    SLICE_X106Y42        FDCE                                         r  i_dmi_jtag/i_dmi_cdc/i_cdc_resp/i_dst/data_dst_q_reg[data][10]/D
  -------------------------------------------------------------------    -------------------

                         max delay                   20.000    20.000    
    SLICE_X106Y42        FDCE (Setup_fdce_C_D)       -0.267    19.733    i_dmi_jtag/i_dmi_cdc/i_cdc_resp/i_dst/data_dst_q_reg[data][10]
  -------------------------------------------------------------------
                         required time                         19.733    
                         arrival time                          -1.155    
  -------------------------------------------------------------------
                         slack                                 18.578    

Slack (MET) :             18.621ns  (required time - arrival time)
  Source:                 i_dmi_jtag/i_dmi_cdc/i_cdc_resp/i_src/data_src_q_reg[data][23]/C
                            (rising edge-triggered cell FDCE clocked by clk_out1_xlnx_clk_gen  {rise@0.000ns fall@10.000ns period=20.000ns})
  Destination:            i_dmi_jtag/i_dmi_cdc/i_cdc_resp/i_dst/data_dst_q_reg[data][23]/D
                            (rising edge-triggered cell FDCE clocked by tck  {rise@0.000ns fall@50.000ns period=100.000ns})
  Path Group:             tck
  Path Type:              Setup (Max at Slow Process Corner)
  Requirement:            20.000ns  (MaxDelay Path 20.000ns)
  Data Path Delay:        1.312ns  (logic 0.518ns (39.480%)  route 0.794ns (60.520%))
  Logic Levels:           0  
  Timing Exception:       MaxDelay Path 20.000ns -datapath_only

    Location             Delay type                Incr(ns)  Path(ns)    Netlist Resource(s)
  -------------------------------------------------------------------    -------------------
    SLICE_X102Y40                                     0.000     0.000 r  i_dmi_jtag/i_dmi_cdc/i_cdc_resp/i_src/data_src_q_reg[data][23]/C
    SLICE_X102Y40        FDCE (Prop_fdce_C_Q)         0.518     0.518 r  i_dmi_jtag/i_dmi_cdc/i_cdc_resp/i_src/data_src_q_reg[data][23]/Q
                         net (fo=1, routed)           0.794     1.312    i_dmi_jtag/i_dmi_cdc/i_cdc_resp/i_dst/D[23]
    SLICE_X101Y44        FDCE                                         r  i_dmi_jtag/i_dmi_cdc/i_cdc_resp/i_dst/data_dst_q_reg[data][23]/D
  -------------------------------------------------------------------    -------------------

                         max delay                   20.000    20.000    
    SLICE_X101Y44        FDCE (Setup_fdce_C_D)       -0.067    19.933    i_dmi_jtag/i_dmi_cdc/i_cdc_resp/i_dst/data_dst_q_reg[data][23]
  -------------------------------------------------------------------
                         required time                         19.933    
                         arrival time                          -1.312    
  -------------------------------------------------------------------
                         slack                                 18.621    

Slack (MET) :             18.628ns  (required time - arrival time)
  Source:                 i_dmi_jtag/i_dmi_cdc/i_cdc_resp/i_src/data_src_q_reg[data][20]/C
                            (rising edge-triggered cell FDCE clocked by clk_out1_xlnx_clk_gen  {rise@0.000ns fall@10.000ns period=20.000ns})
  Destination:            i_dmi_jtag/i_dmi_cdc/i_cdc_resp/i_dst/data_dst_q_reg[data][20]/D
                            (rising edge-triggered cell FDCE clocked by tck  {rise@0.000ns fall@50.000ns period=100.000ns})
  Path Group:             tck
  Path Type:              Setup (Max at Slow Process Corner)
  Requirement:            20.000ns  (MaxDelay Path 20.000ns)
  Data Path Delay:        1.102ns  (logic 0.478ns (43.364%)  route 0.624ns (56.636%))
  Logic Levels:           0  
  Timing Exception:       MaxDelay Path 20.000ns -datapath_only

    Location             Delay type                Incr(ns)  Path(ns)    Netlist Resource(s)
  -------------------------------------------------------------------    -------------------
    SLICE_X102Y40                                     0.000     0.000 r  i_dmi_jtag/i_dmi_cdc/i_cdc_resp/i_src/data_src_q_reg[data][20]/C
    SLICE_X102Y40        FDCE (Prop_fdce_C_Q)         0.478     0.478 r  i_dmi_jtag/i_dmi_cdc/i_cdc_resp/i_src/data_src_q_reg[data][20]/Q
                         net (fo=1, routed)           0.624     1.102    i_dmi_jtag/i_dmi_cdc/i_cdc_resp/i_dst/D[20]
    SLICE_X103Y41        FDCE                                         r  i_dmi_jtag/i_dmi_cdc/i_cdc_resp/i_dst/data_dst_q_reg[data][20]/D
  -------------------------------------------------------------------    -------------------

                         max delay                   20.000    20.000    
    SLICE_X103Y41        FDCE (Setup_fdce_C_D)       -0.270    19.730    i_dmi_jtag/i_dmi_cdc/i_cdc_resp/i_dst/data_dst_q_reg[data][20]
  -------------------------------------------------------------------
                         required time                         19.730    
                         arrival time                          -1.102    
  -------------------------------------------------------------------
                         slack                                 18.628    

Slack (MET) :             18.641ns  (required time - arrival time)
  Source:                 i_dmi_jtag/i_dmi_cdc/i_cdc_resp/i_src/data_src_q_reg[data][4]/C
                            (rising edge-triggered cell FDCE clocked by clk_out1_xlnx_clk_gen  {rise@0.000ns fall@10.000ns period=20.000ns})
  Destination:            i_dmi_jtag/i_dmi_cdc/i_cdc_resp/i_dst/data_dst_q_reg[data][4]/D
                            (rising edge-triggered cell FDCE clocked by tck  {rise@0.000ns fall@50.000ns period=100.000ns})
  Path Group:             tck
  Path Type:              Setup (Max at Slow Process Corner)
  Requirement:            20.000ns  (MaxDelay Path 20.000ns)
  Data Path Delay:        1.125ns  (logic 0.478ns (42.472%)  route 0.647ns (57.528%))
  Logic Levels:           0  
  Timing Exception:       MaxDelay Path 20.000ns -datapath_only

    Location             Delay type                Incr(ns)  Path(ns)    Netlist Resource(s)
  -------------------------------------------------------------------    -------------------
    SLICE_X104Y40                                     0.000     0.000 r  i_dmi_jtag/i_dmi_cdc/i_cdc_resp/i_src/data_src_q_reg[data][4]/C
    SLICE_X104Y40        FDCE (Prop_fdce_C_Q)         0.478     0.478 r  i_dmi_jtag/i_dmi_cdc/i_cdc_resp/i_src/data_src_q_reg[data][4]/Q
                         net (fo=1, routed)           0.647     1.125    i_dmi_jtag/i_dmi_cdc/i_cdc_resp/i_dst/D[4]
    SLICE_X105Y40        FDCE                                         r  i_dmi_jtag/i_dmi_cdc/i_cdc_resp/i_dst/data_dst_q_reg[data][4]/D
  -------------------------------------------------------------------    -------------------

                         max delay                   20.000    20.000    
    SLICE_X105Y40        FDCE (Setup_fdce_C_D)       -0.234    19.766    i_dmi_jtag/i_dmi_cdc/i_cdc_resp/i_dst/data_dst_q_reg[data][4]
  -------------------------------------------------------------------
                         required time                         19.766    
                         arrival time                          -1.125    
  -------------------------------------------------------------------
                         slack                                 18.641    

Slack (MET) :             18.653ns  (required time - arrival time)
  Source:                 i_dmi_jtag/i_dmi_cdc/i_cdc_resp/i_src/data_src_q_reg[data][14]/C
                            (rising edge-triggered cell FDCE clocked by clk_out1_xlnx_clk_gen  {rise@0.000ns fall@10.000ns period=20.000ns})
  Destination:            i_dmi_jtag/i_dmi_cdc/i_cdc_resp/i_dst/data_dst_q_reg[data][14]/D
                            (rising edge-triggered cell FDCE clocked by tck  {rise@0.000ns fall@50.000ns period=100.000ns})
  Path Group:             tck
  Path Type:              Setup (Max at Slow Process Corner)
  Requirement:            20.000ns  (MaxDelay Path 20.000ns)
  Data Path Delay:        1.075ns  (logic 0.478ns (44.447%)  route 0.597ns (55.553%))
  Logic Levels:           0  
  Timing Exception:       MaxDelay Path 20.000ns -datapath_only

    Location             Delay type                Incr(ns)  Path(ns)    Netlist Resource(s)
  -------------------------------------------------------------------    -------------------
    SLICE_X104Y39                                     0.000     0.000 r  i_dmi_jtag/i_dmi_cdc/i_cdc_resp/i_src/data_src_q_reg[data][14]/C
    SLICE_X104Y39        FDCE (Prop_fdce_C_Q)         0.478     0.478 r  i_dmi_jtag/i_dmi_cdc/i_cdc_resp/i_src/data_src_q_reg[data][14]/Q
                         net (fo=1, routed)           0.597     1.075    i_dmi_jtag/i_dmi_cdc/i_cdc_resp/i_dst/D[14]
    SLICE_X105Y40        FDCE                                         r  i_dmi_jtag/i_dmi_cdc/i_cdc_resp/i_dst/data_dst_q_reg[data][14]/D
  -------------------------------------------------------------------    -------------------

                         max delay                   20.000    20.000    
    SLICE_X105Y40        FDCE (Setup_fdce_C_D)       -0.272    19.728    i_dmi_jtag/i_dmi_cdc/i_cdc_resp/i_dst/data_dst_q_reg[data][14]
  -------------------------------------------------------------------
                         required time                         19.728    
                         arrival time                          -1.075    
  -------------------------------------------------------------------
                         slack                                 18.653    

Slack (MET) :             18.655ns  (required time - arrival time)
  Source:                 i_dmi_jtag/i_dmi_cdc/i_cdc_resp/i_src/data_src_q_reg[data][3]/C
                            (rising edge-triggered cell FDCE clocked by clk_out1_xlnx_clk_gen  {rise@0.000ns fall@10.000ns period=20.000ns})
  Destination:            i_dmi_jtag/i_dmi_cdc/i_cdc_resp/i_dst/data_dst_q_reg[data][3]/D
                            (rising edge-triggered cell FDCE clocked by tck  {rise@0.000ns fall@50.000ns period=100.000ns})
  Path Group:             tck
  Path Type:              Setup (Max at Slow Process Corner)
  Requirement:            20.000ns  (MaxDelay Path 20.000ns)
  Data Path Delay:        1.298ns  (logic 0.518ns (39.904%)  route 0.780ns (60.096%))
  Logic Levels:           0  
  Timing Exception:       MaxDelay Path 20.000ns -datapath_only

    Location             Delay type                Incr(ns)  Path(ns)    Netlist Resource(s)
  -------------------------------------------------------------------    -------------------
    SLICE_X104Y40                                     0.000     0.000 r  i_dmi_jtag/i_dmi_cdc/i_cdc_resp/i_src/data_src_q_reg[data][3]/C
    SLICE_X104Y40        FDCE (Prop_fdce_C_Q)         0.518     0.518 r  i_dmi_jtag/i_dmi_cdc/i_cdc_resp/i_src/data_src_q_reg[data][3]/Q
                         net (fo=1, routed)           0.780     1.298    i_dmi_jtag/i_dmi_cdc/i_cdc_resp/i_dst/D[3]
    SLICE_X105Y40        FDCE                                         r  i_dmi_jtag/i_dmi_cdc/i_cdc_resp/i_dst/data_dst_q_reg[data][3]/D
  -------------------------------------------------------------------    -------------------

                         max delay                   20.000    20.000    
    SLICE_X105Y40        FDCE (Setup_fdce_C_D)       -0.047    19.953    i_dmi_jtag/i_dmi_cdc/i_cdc_resp/i_dst/data_dst_q_reg[data][3]
  -------------------------------------------------------------------
                         required time                         19.953    
                         arrival time                          -1.298    
  -------------------------------------------------------------------
                         slack                                 18.655    





---------------------------------------------------------------------------------------------------
Path Group:  **async_default**
From Clock:  clk_out1_xlnx_clk_gen
  To Clock:  clk_out1_xlnx_clk_gen

Setup :            0  Failing Endpoints,  Worst Slack       16.357ns,  Total Violation        0.000ns
Hold  :            0  Failing Endpoints,  Worst Slack        0.356ns,  Total Violation        0.000ns
---------------------------------------------------------------------------------------------------


Max Delay Paths
--------------------------------------------------------------------------------------
Slack (MET) :             16.357ns  (required time - arrival time)
  Source:                 i_dm_top/i_dm_csrs/dmcontrol_q_reg[ndmreset]/C
                            (rising edge-triggered cell FDCE clocked by clk_out1_xlnx_clk_gen  {rise@0.000ns fall@10.000ns period=20.000ns})
  Destination:            i_rstgen_main/i_rstgen_bypass/synch_regs_q_reg[3]/CLR
                            (recovery check against rising-edge clock clk_out1_xlnx_clk_gen  {rise@0.000ns fall@10.000ns period=20.000ns})
  Path Group:             **async_default**
  Path Type:              Recovery (Max at Slow Process Corner)
  Requirement:            20.000ns  (clk_out1_xlnx_clk_gen rise@20.000ns - clk_out1_xlnx_clk_gen rise@0.000ns)
  Data Path Delay:        3.031ns  (logic 0.580ns (19.138%)  route 2.451ns (80.862%))
  Logic Levels:           1  (LUT2=1)
  Clock Path Skew:        -0.128ns (DCD - SCD + CPR)
    Destination Clock Delay (DCD):    -1.589ns = ( 18.411 - 20.000 ) 
    Source Clock Delay      (SCD):    -0.893ns
    Clock Pessimism Removal (CPR):    0.567ns
  Clock Uncertainty:      0.079ns  ((TSJ^2 + DJ^2)^1/2) / 2 + PE
    Total System Jitter     (TSJ):    0.071ns
    Discrete Jitter          (DJ):    0.142ns
    Phase Error              (PE):    0.000ns

    Location             Delay type                Incr(ns)  Path(ns)    Netlist Resource(s)
  -------------------------------------------------------------------    -------------------
                         (clock clk_out1_xlnx_clk_gen rise edge)
                                                      0.000     0.000 r  
    K17                                               0.000     0.000 r  clk_sys (IN)
                         net (fo=0)                   0.000     0.000    i_xlnx_clk_gen/inst/clk_in1
    K17                  IBUF (Prop_ibuf_I_O)         1.475     1.475 r  i_xlnx_clk_gen/inst/clkin1_ibufg/O
                         net (fo=1, routed)           1.285     2.760    i_xlnx_clk_gen/inst/clk_in1_xlnx_clk_gen
    MMCME2_ADV_X1Y2      MMCME2_ADV (Prop_mmcme2_adv_CLKIN1_CLKOUT0)
                                                     -7.759    -4.999 r  i_xlnx_clk_gen/inst/mmcm_adv_inst/CLKOUT0
                         net (fo=1, routed)           2.206    -2.793    i_xlnx_clk_gen/inst/clk_out1_xlnx_clk_gen
    BUFGCTRL_X0Y16       BUFG (Prop_bufg_I_O)         0.101    -2.692 r  i_xlnx_clk_gen/inst/clkout1_buf/O
                         net (fo=16161, routed)       1.799    -0.893    i_dm_top/i_dm_csrs/clk_out1
    SLICE_X99Y38         FDCE                                         r  i_dm_top/i_dm_csrs/dmcontrol_q_reg[ndmreset]/C
  -------------------------------------------------------------------    -------------------
    SLICE_X99Y38         FDCE (Prop_fdce_C_Q)         0.456    -0.437 f  i_dm_top/i_dm_csrs/dmcontrol_q_reg[ndmreset]/Q
                         net (fo=3, routed)           0.850     0.413    i_dm_top/i_dm_csrs/ndmreset
    SLICE_X101Y43        LUT2 (Prop_lut2_I0_O)        0.124     0.537 f  i_dm_top/i_dm_csrs/synch_regs_q[3]_i_1/O
                         net (fo=4, routed)           1.600     2.137    i_rstgen_main/i_rstgen_bypass/synch_regs_q_reg[3]_1
    SLICE_X71Y40         FDCE                                         f  i_rstgen_main/i_rstgen_bypass/synch_regs_q_reg[3]/CLR
  -------------------------------------------------------------------    -------------------

                         (clock clk_out1_xlnx_clk_gen rise edge)
                                                     20.000    20.000 r  
    K17                                               0.000    20.000 r  clk_sys (IN)
                         net (fo=0)                   0.000    20.000    i_xlnx_clk_gen/inst/clk_in1
    K17                  IBUF (Prop_ibuf_I_O)         1.404    21.404 r  i_xlnx_clk_gen/inst/clkin1_ibufg/O
                         net (fo=1, routed)           1.162    22.566    i_xlnx_clk_gen/inst/clk_in1_xlnx_clk_gen
    MMCME2_ADV_X1Y2      MMCME2_ADV (Prop_mmcme2_adv_CLKIN1_CLKOUT0)
                                                     -7.814    14.752 r  i_xlnx_clk_gen/inst/mmcm_adv_inst/CLKOUT0
                         net (fo=1, routed)           2.012    16.764    i_xlnx_clk_gen/inst/clk_out1_xlnx_clk_gen
    BUFGCTRL_X0Y16       BUFG (Prop_bufg_I_O)         0.091    16.855 r  i_xlnx_clk_gen/inst/clkout1_buf/O
                         net (fo=16161, routed)       1.556    18.411    i_rstgen_main/i_rstgen_bypass/clk_out1
    SLICE_X71Y40         FDCE                                         r  i_rstgen_main/i_rstgen_bypass/synch_regs_q_reg[3]/C
                         clock pessimism              0.567    18.979    
                         clock uncertainty           -0.079    18.899    
    SLICE_X71Y40         FDCE (Recov_fdce_C_CLR)     -0.405    18.494    i_rstgen_main/i_rstgen_bypass/synch_regs_q_reg[3]
  -------------------------------------------------------------------
                         required time                         18.494    
                         arrival time                          -2.137    
  -------------------------------------------------------------------
                         slack                                 16.357    

Slack (MET) :             16.833ns  (required time - arrival time)
  Source:                 i_dm_top/i_dm_csrs/dmcontrol_q_reg[ndmreset]/C
                            (rising edge-triggered cell FDCE clocked by clk_out1_xlnx_clk_gen  {rise@0.000ns fall@10.000ns period=20.000ns})
  Destination:            i_rstgen_main/i_rstgen_bypass/synch_regs_q_reg[2]/CLR
                            (recovery check against rising-edge clock clk_out1_xlnx_clk_gen  {rise@0.000ns fall@10.000ns period=20.000ns})
  Path Group:             **async_default**
  Path Type:              Recovery (Max at Slow Process Corner)
  Requirement:            20.000ns  (clk_out1_xlnx_clk_gen rise@20.000ns - clk_out1_xlnx_clk_gen rise@0.000ns)
  Data Path Delay:        2.559ns  (logic 0.580ns (22.662%)  route 1.979ns (77.338%))
  Logic Levels:           1  (LUT2=1)
  Clock Path Skew:        -0.123ns (DCD - SCD + CPR)
    Destination Clock Delay (DCD):    -1.584ns = ( 18.416 - 20.000 ) 
    Source Clock Delay      (SCD):    -0.893ns
    Clock Pessimism Removal (CPR):    0.567ns
  Clock Uncertainty:      0.079ns  ((TSJ^2 + DJ^2)^1/2) / 2 + PE
    Total System Jitter     (TSJ):    0.071ns
    Discrete Jitter          (DJ):    0.142ns
    Phase Error              (PE):    0.000ns

    Location             Delay type                Incr(ns)  Path(ns)    Netlist Resource(s)
  -------------------------------------------------------------------    -------------------
                         (clock clk_out1_xlnx_clk_gen rise edge)
                                                      0.000     0.000 r  
    K17                                               0.000     0.000 r  clk_sys (IN)
                         net (fo=0)                   0.000     0.000    i_xlnx_clk_gen/inst/clk_in1
    K17                  IBUF (Prop_ibuf_I_O)         1.475     1.475 r  i_xlnx_clk_gen/inst/clkin1_ibufg/O
                         net (fo=1, routed)           1.285     2.760    i_xlnx_clk_gen/inst/clk_in1_xlnx_clk_gen
    MMCME2_ADV_X1Y2      MMCME2_ADV (Prop_mmcme2_adv_CLKIN1_CLKOUT0)
                                                     -7.759    -4.999 r  i_xlnx_clk_gen/inst/mmcm_adv_inst/CLKOUT0
                         net (fo=1, routed)           2.206    -2.793    i_xlnx_clk_gen/inst/clk_out1_xlnx_clk_gen
    BUFGCTRL_X0Y16       BUFG (Prop_bufg_I_O)         0.101    -2.692 r  i_xlnx_clk_gen/inst/clkout1_buf/O
                         net (fo=16161, routed)       1.799    -0.893    i_dm_top/i_dm_csrs/clk_out1
    SLICE_X99Y38         FDCE                                         r  i_dm_top/i_dm_csrs/dmcontrol_q_reg[ndmreset]/C
  -------------------------------------------------------------------    -------------------
    SLICE_X99Y38         FDCE (Prop_fdce_C_Q)         0.456    -0.437 f  i_dm_top/i_dm_csrs/dmcontrol_q_reg[ndmreset]/Q
                         net (fo=3, routed)           0.850     0.413    i_dm_top/i_dm_csrs/ndmreset
    SLICE_X101Y43        LUT2 (Prop_lut2_I0_O)        0.124     0.537 f  i_dm_top/i_dm_csrs/synch_regs_q[3]_i_1/O
                         net (fo=4, routed)           1.129     1.666    i_rstgen_main/i_rstgen_bypass/synch_regs_q_reg[3]_1
    SLICE_X80Y42         FDCE                                         f  i_rstgen_main/i_rstgen_bypass/synch_regs_q_reg[2]/CLR
  -------------------------------------------------------------------    -------------------

                         (clock clk_out1_xlnx_clk_gen rise edge)
                                                     20.000    20.000 r  
    K17                                               0.000    20.000 r  clk_sys (IN)
                         net (fo=0)                   0.000    20.000    i_xlnx_clk_gen/inst/clk_in1
    K17                  IBUF (Prop_ibuf_I_O)         1.404    21.404 r  i_xlnx_clk_gen/inst/clkin1_ibufg/O
                         net (fo=1, routed)           1.162    22.566    i_xlnx_clk_gen/inst/clk_in1_xlnx_clk_gen
    MMCME2_ADV_X1Y2      MMCME2_ADV (Prop_mmcme2_adv_CLKIN1_CLKOUT0)
                                                     -7.814    14.752 r  i_xlnx_clk_gen/inst/mmcm_adv_inst/CLKOUT0
                         net (fo=1, routed)           2.012    16.764    i_xlnx_clk_gen/inst/clk_out1_xlnx_clk_gen
    BUFGCTRL_X0Y16       BUFG (Prop_bufg_I_O)         0.091    16.855 r  i_xlnx_clk_gen/inst/clkout1_buf/O
                         net (fo=16161, routed)       1.561    18.416    i_rstgen_main/i_rstgen_bypass/clk_out1
    SLICE_X80Y42         FDCE                                         r  i_rstgen_main/i_rstgen_bypass/synch_regs_q_reg[2]/C
                         clock pessimism              0.567    18.984    
                         clock uncertainty           -0.079    18.904    
    SLICE_X80Y42         FDCE (Recov_fdce_C_CLR)     -0.405    18.499    i_rstgen_main/i_rstgen_bypass/synch_regs_q_reg[2]
  -------------------------------------------------------------------
                         required time                         18.499    
                         arrival time                          -1.666    
  -------------------------------------------------------------------
                         slack                                 16.833    

Slack (MET) :             16.953ns  (required time - arrival time)
  Source:                 i_axi_dwidth_converter_dm_slave/inst/gen_downsizer.gen_simple_downsizer.axi_downsizer_inst/USE_READ.read_addr_inst/cmd_queue/inst/fifo_gen_inst/inst_fifo_gen/gconvfifo.rf/grf.rf/rstblk/ngwrdrst.grst.g7serrst.gnsckt_wrst.gcc_rst.sckt_wr_rst_cc_reg[0]/C
                            (rising edge-triggered cell FDRE clocked by clk_out1_xlnx_clk_gen  {rise@0.000ns fall@10.000ns period=20.000ns})
  Destination:            i_axi_dwidth_converter_dm_slave/inst/gen_downsizer.gen_simple_downsizer.axi_downsizer_inst/USE_READ.read_addr_inst/cmd_queue/inst/fifo_gen_inst/inst_fifo_gen/gconvfifo.rf/grf.rf/gntv_or_sync_fifo.gl0.wr/gwss.wsts/ram_full_fb_i_reg/CLR
                            (recovery check against rising-edge clock clk_out1_xlnx_clk_gen  {rise@0.000ns fall@10.000ns period=20.000ns})
  Path Group:             **async_default**
  Path Type:              Recovery (Max at Slow Process Corner)
  Requirement:            20.000ns  (clk_out1_xlnx_clk_gen rise@20.000ns - clk_out1_xlnx_clk_gen rise@0.000ns)
  Data Path Delay:        2.501ns  (logic 0.642ns (25.668%)  route 1.859ns (74.332%))
  Logic Levels:           1  (LUT3=1)
  Clock Path Skew:        -0.062ns (DCD - SCD + CPR)
    Destination Clock Delay (DCD):    -1.599ns = ( 18.401 - 20.000 ) 
    Source Clock Delay      (SCD):    -0.970ns
    Clock Pessimism Removal (CPR):    0.567ns
  Clock Uncertainty:      0.079ns  ((TSJ^2 + DJ^2)^1/2) / 2 + PE
    Total System Jitter     (TSJ):    0.071ns
    Discrete Jitter          (DJ):    0.142ns
    Phase Error              (PE):    0.000ns

    Location             Delay type                Incr(ns)  Path(ns)    Netlist Resource(s)
  -------------------------------------------------------------------    -------------------
                         (clock clk_out1_xlnx_clk_gen rise edge)
                                                      0.000     0.000 r  
    K17                                               0.000     0.000 r  clk_sys (IN)
                         net (fo=0)                   0.000     0.000    i_xlnx_clk_gen/inst/clk_in1
    K17                  IBUF (Prop_ibuf_I_O)         1.475     1.475 r  i_xlnx_clk_gen/inst/clkin1_ibufg/O
                         net (fo=1, routed)           1.285     2.760    i_xlnx_clk_gen/inst/clk_in1_xlnx_clk_gen
    MMCME2_ADV_X1Y2      MMCME2_ADV (Prop_mmcme2_adv_CLKIN1_CLKOUT0)
                                                     -7.759    -4.999 r  i_xlnx_clk_gen/inst/mmcm_adv_inst/CLKOUT0
                         net (fo=1, routed)           2.206    -2.793    i_xlnx_clk_gen/inst/clk_out1_xlnx_clk_gen
    BUFGCTRL_X0Y16       BUFG (Prop_bufg_I_O)         0.101    -2.692 r  i_xlnx_clk_gen/inst/clkout1_buf/O
                         net (fo=16161, routed)       1.722    -0.970    i_axi_dwidth_converter_dm_slave/inst/gen_downsizer.gen_simple_downsizer.axi_downsizer_inst/USE_READ.read_addr_inst/cmd_queue/inst/fifo_gen_inst/inst_fifo_gen/gconvfifo.rf/grf.rf/rstblk/clk
    SLICE_X82Y50         FDRE                                         r  i_axi_dwidth_converter_dm_slave/inst/gen_downsizer.gen_simple_downsizer.axi_downsizer_inst/USE_READ.read_addr_inst/cmd_queue/inst/fifo_gen_inst/inst_fifo_gen/gconvfifo.rf/grf.rf/rstblk/ngwrdrst.grst.g7serrst.gnsckt_wrst.gcc_rst.sckt_wr_rst_cc_reg[0]/C
  -------------------------------------------------------------------    -------------------
    SLICE_X82Y50         FDRE (Prop_fdre_C_Q)         0.518    -0.452 f  i_axi_dwidth_converter_dm_slave/inst/gen_downsizer.gen_simple_downsizer.axi_downsizer_inst/USE_READ.read_addr_inst/cmd_queue/inst/fifo_gen_inst/inst_fifo_gen/gconvfifo.rf/grf.rf/rstblk/ngwrdrst.grst.g7serrst.gnsckt_wrst.gcc_rst.sckt_wr_rst_cc_reg[0]/Q
                         net (fo=3, routed)           0.830     0.378    i_axi_dwidth_converter_dm_slave/inst/gen_downsizer.gen_simple_downsizer.axi_downsizer_inst/USE_READ.read_addr_inst/cmd_queue/inst/fifo_gen_inst/inst_fifo_gen/gconvfifo.rf/grf.rf/rstblk/ngwrdrst.grst.g7serrst.gnsckt_wrst.gcc_rst.sckt_wr_rst_cc[0]
    SLICE_X82Y50         LUT3 (Prop_lut3_I1_O)        0.124     0.502 f  i_axi_dwidth_converter_dm_slave/inst/gen_downsizer.gen_simple_downsizer.axi_downsizer_inst/USE_READ.read_addr_inst/cmd_queue/inst/fifo_gen_inst/inst_fifo_gen/gconvfifo.rf/grf.rf/rstblk/gpregsm1.curr_fwft_state[1]_i_2/O
                         net (fo=32, routed)          1.029     1.531    i_axi_dwidth_converter_dm_slave/inst/gen_downsizer.gen_simple_downsizer.axi_downsizer_inst/USE_READ.read_addr_inst/cmd_queue/inst/fifo_gen_inst/inst_fifo_gen/gconvfifo.rf/grf.rf/gntv_or_sync_fifo.gl0.wr/gwss.wsts/AR[0]
    SLICE_X81Y51         FDCE                                         f  i_axi_dwidth_converter_dm_slave/inst/gen_downsizer.gen_simple_downsizer.axi_downsizer_inst/USE_READ.read_addr_inst/cmd_queue/inst/fifo_gen_inst/inst_fifo_gen/gconvfifo.rf/grf.rf/gntv_or_sync_fifo.gl0.wr/gwss.wsts/ram_full_fb_i_reg/CLR
  -------------------------------------------------------------------    -------------------

                         (clock clk_out1_xlnx_clk_gen rise edge)
                                                     20.000    20.000 r  
    K17                                               0.000    20.000 r  clk_sys (IN)
                         net (fo=0)                   0.000    20.000    i_xlnx_clk_gen/inst/clk_in1
    K17                  IBUF (Prop_ibuf_I_O)         1.404    21.404 r  i_xlnx_clk_gen/inst/clkin1_ibufg/O
                         net (fo=1, routed)           1.162    22.566    i_xlnx_clk_gen/inst/clk_in1_xlnx_clk_gen
    MMCME2_ADV_X1Y2      MMCME2_ADV (Prop_mmcme2_adv_CLKIN1_CLKOUT0)
                                                     -7.814    14.752 r  i_xlnx_clk_gen/inst/mmcm_adv_inst/CLKOUT0
                         net (fo=1, routed)           2.012    16.764    i_xlnx_clk_gen/inst/clk_out1_xlnx_clk_gen
    BUFGCTRL_X0Y16       BUFG (Prop_bufg_I_O)         0.091    16.855 r  i_xlnx_clk_gen/inst/clkout1_buf/O
                         net (fo=16161, routed)       1.546    18.401    i_axi_dwidth_converter_dm_slave/inst/gen_downsizer.gen_simple_downsizer.axi_downsizer_inst/USE_READ.read_addr_inst/cmd_queue/inst/fifo_gen_inst/inst_fifo_gen/gconvfifo.rf/grf.rf/gntv_or_sync_fifo.gl0.wr/gwss.wsts/clk
    SLICE_X81Y51         FDCE                                         r  i_axi_dwidth_converter_dm_slave/inst/gen_downsizer.gen_simple_downsizer.axi_downsizer_inst/USE_READ.read_addr_inst/cmd_queue/inst/fifo_gen_inst/inst_fifo_gen/gconvfifo.rf/grf.rf/gntv_or_sync_fifo.gl0.wr/gwss.wsts/ram_full_fb_i_reg/C
                         clock pessimism              0.567    18.968    
                         clock uncertainty           -0.079    18.888    
    SLICE_X81Y51         FDCE (Recov_fdce_C_CLR)     -0.405    18.483    i_axi_dwidth_converter_dm_slave/inst/gen_downsizer.gen_simple_downsizer.axi_downsizer_inst/USE_READ.read_addr_inst/cmd_queue/inst/fifo_gen_inst/inst_fifo_gen/gconvfifo.rf/grf.rf/gntv_or_sync_fifo.gl0.wr/gwss.wsts/ram_full_fb_i_reg
  -------------------------------------------------------------------
                         required time                         18.483    
                         arrival time                          -1.531    
  -------------------------------------------------------------------
                         slack                                 16.953    

Slack (MET) :             16.973ns  (required time - arrival time)
  Source:                 i_axi_dwidth_converter_dm_slave/inst/gen_downsizer.gen_simple_downsizer.axi_downsizer_inst/USE_READ.read_addr_inst/cmd_queue/inst/fifo_gen_inst/inst_fifo_gen/gconvfifo.rf/grf.rf/rstblk/ngwrdrst.grst.g7serrst.gnsckt_wrst.gcc_rst.sckt_wr_rst_cc_reg[0]/C
                            (rising edge-triggered cell FDRE clocked by clk_out1_xlnx_clk_gen  {rise@0.000ns fall@10.000ns period=20.000ns})
  Destination:            i_axi_dwidth_converter_dm_slave/inst/gen_downsizer.gen_simple_downsizer.axi_downsizer_inst/USE_READ.read_addr_inst/cmd_queue/inst/fifo_gen_inst/inst_fifo_gen/gconvfifo.rf/grf.rf/gntv_or_sync_fifo.gl0.wr/wpntr/gcc0.gc0.count_d1_reg[0]/CLR
                            (recovery check against rising-edge clock clk_out1_xlnx_clk_gen  {rise@0.000ns fall@10.000ns period=20.000ns})
  Path Group:             **async_default**
  Path Type:              Recovery (Max at Slow Process Corner)
  Requirement:            20.000ns  (clk_out1_xlnx_clk_gen rise@20.000ns - clk_out1_xlnx_clk_gen rise@0.000ns)
  Data Path Delay:        2.521ns  (logic 0.642ns (25.470%)  route 1.879ns (74.530%))
  Logic Levels:           1  (LUT3=1)
  Clock Path Skew:        -0.022ns (DCD - SCD + CPR)
    Destination Clock Delay (DCD):    -1.598ns = ( 18.402 - 20.000 ) 
    Source Clock Delay      (SCD):    -0.970ns
    Clock Pessimism Removal (CPR):    0.606ns
  Clock Uncertainty:      0.079ns  ((TSJ^2 + DJ^2)^1/2) / 2 + PE
    Total System Jitter     (TSJ):    0.071ns
    Discrete Jitter          (DJ):    0.142ns
    Phase Error              (PE):    0.000ns

    Location             Delay type                Incr(ns)  Path(ns)    Netlist Resource(s)
  -------------------------------------------------------------------    -------------------
                         (clock clk_out1_xlnx_clk_gen rise edge)
                                                      0.000     0.000 r  
    K17                                               0.000     0.000 r  clk_sys (IN)
                         net (fo=0)                   0.000     0.000    i_xlnx_clk_gen/inst/clk_in1
    K17                  IBUF (Prop_ibuf_I_O)         1.475     1.475 r  i_xlnx_clk_gen/inst/clkin1_ibufg/O
                         net (fo=1, routed)           1.285     2.760    i_xlnx_clk_gen/inst/clk_in1_xlnx_clk_gen
    MMCME2_ADV_X1Y2      MMCME2_ADV (Prop_mmcme2_adv_CLKIN1_CLKOUT0)
                                                     -7.759    -4.999 r  i_xlnx_clk_gen/inst/mmcm_adv_inst/CLKOUT0
                         net (fo=1, routed)           2.206    -2.793    i_xlnx_clk_gen/inst/clk_out1_xlnx_clk_gen
    BUFGCTRL_X0Y16       BUFG (Prop_bufg_I_O)         0.101    -2.692 r  i_xlnx_clk_gen/inst/clkout1_buf/O
                         net (fo=16161, routed)       1.722    -0.970    i_axi_dwidth_converter_dm_slave/inst/gen_downsizer.gen_simple_downsizer.axi_downsizer_inst/USE_READ.read_addr_inst/cmd_queue/inst/fifo_gen_inst/inst_fifo_gen/gconvfifo.rf/grf.rf/rstblk/clk
    SLICE_X82Y50         FDRE                                         r  i_axi_dwidth_converter_dm_slave/inst/gen_downsizer.gen_simple_downsizer.axi_downsizer_inst/USE_READ.read_addr_inst/cmd_queue/inst/fifo_gen_inst/inst_fifo_gen/gconvfifo.rf/grf.rf/rstblk/ngwrdrst.grst.g7serrst.gnsckt_wrst.gcc_rst.sckt_wr_rst_cc_reg[0]/C
  -------------------------------------------------------------------    -------------------
    SLICE_X82Y50         FDRE (Prop_fdre_C_Q)         0.518    -0.452 f  i_axi_dwidth_converter_dm_slave/inst/gen_downsizer.gen_simple_downsizer.axi_downsizer_inst/USE_READ.read_addr_inst/cmd_queue/inst/fifo_gen_inst/inst_fifo_gen/gconvfifo.rf/grf.rf/rstblk/ngwrdrst.grst.g7serrst.gnsckt_wrst.gcc_rst.sckt_wr_rst_cc_reg[0]/Q
                         net (fo=3, routed)           0.830     0.378    i_axi_dwidth_converter_dm_slave/inst/gen_downsizer.gen_simple_downsizer.axi_downsizer_inst/USE_READ.read_addr_inst/cmd_queue/inst/fifo_gen_inst/inst_fifo_gen/gconvfifo.rf/grf.rf/rstblk/ngwrdrst.grst.g7serrst.gnsckt_wrst.gcc_rst.sckt_wr_rst_cc[0]
    SLICE_X82Y50         LUT3 (Prop_lut3_I1_O)        0.124     0.502 f  i_axi_dwidth_converter_dm_slave/inst/gen_downsizer.gen_simple_downsizer.axi_downsizer_inst/USE_READ.read_addr_inst/cmd_queue/inst/fifo_gen_inst/inst_fifo_gen/gconvfifo.rf/grf.rf/rstblk/gpregsm1.curr_fwft_state[1]_i_2/O
                         net (fo=32, routed)          1.048     1.550    i_axi_dwidth_converter_dm_slave/inst/gen_downsizer.gen_simple_downsizer.axi_downsizer_inst/USE_READ.read_addr_inst/cmd_queue/inst/fifo_gen_inst/inst_fifo_gen/gconvfifo.rf/grf.rf/gntv_or_sync_fifo.gl0.wr/wpntr/AR[0]
    SLICE_X83Y50         FDCE                                         f  i_axi_dwidth_converter_dm_slave/inst/gen_downsizer.gen_simple_downsizer.axi_downsizer_inst/USE_READ.read_addr_inst/cmd_queue/inst/fifo_gen_inst/inst_fifo_gen/gconvfifo.rf/grf.rf/gntv_or_sync_fifo.gl0.wr/wpntr/gcc0.gc0.count_d1_reg[0]/CLR
  -------------------------------------------------------------------    -------------------

                         (clock clk_out1_xlnx_clk_gen rise edge)
                                                     20.000    20.000 r  
    K17                                               0.000    20.000 r  clk_sys (IN)
                         net (fo=0)                   0.000    20.000    i_xlnx_clk_gen/inst/clk_in1
    K17                  IBUF (Prop_ibuf_I_O)         1.404    21.404 r  i_xlnx_clk_gen/inst/clkin1_ibufg/O
                         net (fo=1, routed)           1.162    22.566    i_xlnx_clk_gen/inst/clk_in1_xlnx_clk_gen
    MMCME2_ADV_X1Y2      MMCME2_ADV (Prop_mmcme2_adv_CLKIN1_CLKOUT0)
                                                     -7.814    14.752 r  i_xlnx_clk_gen/inst/mmcm_adv_inst/CLKOUT0
                         net (fo=1, routed)           2.012    16.764    i_xlnx_clk_gen/inst/clk_out1_xlnx_clk_gen
    BUFGCTRL_X0Y16       BUFG (Prop_bufg_I_O)         0.091    16.855 r  i_xlnx_clk_gen/inst/clkout1_buf/O
                         net (fo=16161, routed)       1.547    18.402    i_axi_dwidth_converter_dm_slave/inst/gen_downsizer.gen_simple_downsizer.axi_downsizer_inst/USE_READ.read_addr_inst/cmd_queue/inst/fifo_gen_inst/inst_fifo_gen/gconvfifo.rf/grf.rf/gntv_or_sync_fifo.gl0.wr/wpntr/clk
    SLICE_X83Y50         FDCE                                         r  i_axi_dwidth_converter_dm_slave/inst/gen_downsizer.gen_simple_downsizer.axi_downsizer_inst/USE_READ.read_addr_inst/cmd_queue/inst/fifo_gen_inst/inst_fifo_gen/gconvfifo.rf/grf.rf/gntv_or_sync_fifo.gl0.wr/wpntr/gcc0.gc0.count_d1_reg[0]/C
                         clock pessimism              0.606    19.008    
                         clock uncertainty           -0.079    18.928    
    SLICE_X83Y50         FDCE (Recov_fdce_C_CLR)     -0.405    18.523    i_axi_dwidth_converter_dm_slave/inst/gen_downsizer.gen_simple_downsizer.axi_downsizer_inst/USE_READ.read_addr_inst/cmd_queue/inst/fifo_gen_inst/inst_fifo_gen/gconvfifo.rf/grf.rf/gntv_or_sync_fifo.gl0.wr/wpntr/gcc0.gc0.count_d1_reg[0]
  -------------------------------------------------------------------
                         required time                         18.523    
                         arrival time                          -1.550    
  -------------------------------------------------------------------
                         slack                                 16.973    

Slack (MET) :             16.973ns  (required time - arrival time)
  Source:                 i_axi_dwidth_converter_dm_slave/inst/gen_downsizer.gen_simple_downsizer.axi_downsizer_inst/USE_READ.read_addr_inst/cmd_queue/inst/fifo_gen_inst/inst_fifo_gen/gconvfifo.rf/grf.rf/rstblk/ngwrdrst.grst.g7serrst.gnsckt_wrst.gcc_rst.sckt_wr_rst_cc_reg[0]/C
                            (rising edge-triggered cell FDRE clocked by clk_out1_xlnx_clk_gen  {rise@0.000ns fall@10.000ns period=20.000ns})
  Destination:            i_axi_dwidth_converter_dm_slave/inst/gen_downsizer.gen_simple_downsizer.axi_downsizer_inst/USE_READ.read_addr_inst/cmd_queue/inst/fifo_gen_inst/inst_fifo_gen/gconvfifo.rf/grf.rf/gntv_or_sync_fifo.gl0.wr/wpntr/gcc0.gc0.count_d1_reg[2]/CLR
                            (recovery check against rising-edge clock clk_out1_xlnx_clk_gen  {rise@0.000ns fall@10.000ns period=20.000ns})
  Path Group:             **async_default**
  Path Type:              Recovery (Max at Slow Process Corner)
  Requirement:            20.000ns  (clk_out1_xlnx_clk_gen rise@20.000ns - clk_out1_xlnx_clk_gen rise@0.000ns)
  Data Path Delay:        2.521ns  (logic 0.642ns (25.470%)  route 1.879ns (74.530%))
  Logic Levels:           1  (LUT3=1)
  Clock Path Skew:        -0.022ns (DCD - SCD + CPR)
    Destination Clock Delay (DCD):    -1.598ns = ( 18.402 - 20.000 ) 
    Source Clock Delay      (SCD):    -0.970ns
    Clock Pessimism Removal (CPR):    0.606ns
  Clock Uncertainty:      0.079ns  ((TSJ^2 + DJ^2)^1/2) / 2 + PE
    Total System Jitter     (TSJ):    0.071ns
    Discrete Jitter          (DJ):    0.142ns
    Phase Error              (PE):    0.000ns

    Location             Delay type                Incr(ns)  Path(ns)    Netlist Resource(s)
  -------------------------------------------------------------------    -------------------
                         (clock clk_out1_xlnx_clk_gen rise edge)
                                                      0.000     0.000 r  
    K17                                               0.000     0.000 r  clk_sys (IN)
                         net (fo=0)                   0.000     0.000    i_xlnx_clk_gen/inst/clk_in1
    K17                  IBUF (Prop_ibuf_I_O)         1.475     1.475 r  i_xlnx_clk_gen/inst/clkin1_ibufg/O
                         net (fo=1, routed)           1.285     2.760    i_xlnx_clk_gen/inst/clk_in1_xlnx_clk_gen
    MMCME2_ADV_X1Y2      MMCME2_ADV (Prop_mmcme2_adv_CLKIN1_CLKOUT0)
                                                     -7.759    -4.999 r  i_xlnx_clk_gen/inst/mmcm_adv_inst/CLKOUT0
                         net (fo=1, routed)           2.206    -2.793    i_xlnx_clk_gen/inst/clk_out1_xlnx_clk_gen
    BUFGCTRL_X0Y16       BUFG (Prop_bufg_I_O)         0.101    -2.692 r  i_xlnx_clk_gen/inst/clkout1_buf/O
                         net (fo=16161, routed)       1.722    -0.970    i_axi_dwidth_converter_dm_slave/inst/gen_downsizer.gen_simple_downsizer.axi_downsizer_inst/USE_READ.read_addr_inst/cmd_queue/inst/fifo_gen_inst/inst_fifo_gen/gconvfifo.rf/grf.rf/rstblk/clk
    SLICE_X82Y50         FDRE                                         r  i_axi_dwidth_converter_dm_slave/inst/gen_downsizer.gen_simple_downsizer.axi_downsizer_inst/USE_READ.read_addr_inst/cmd_queue/inst/fifo_gen_inst/inst_fifo_gen/gconvfifo.rf/grf.rf/rstblk/ngwrdrst.grst.g7serrst.gnsckt_wrst.gcc_rst.sckt_wr_rst_cc_reg[0]/C
  -------------------------------------------------------------------    -------------------
    SLICE_X82Y50         FDRE (Prop_fdre_C_Q)         0.518    -0.452 f  i_axi_dwidth_converter_dm_slave/inst/gen_downsizer.gen_simple_downsizer.axi_downsizer_inst/USE_READ.read_addr_inst/cmd_queue/inst/fifo_gen_inst/inst_fifo_gen/gconvfifo.rf/grf.rf/rstblk/ngwrdrst.grst.g7serrst.gnsckt_wrst.gcc_rst.sckt_wr_rst_cc_reg[0]/Q
                         net (fo=3, routed)           0.830     0.378    i_axi_dwidth_converter_dm_slave/inst/gen_downsizer.gen_simple_downsizer.axi_downsizer_inst/USE_READ.read_addr_inst/cmd_queue/inst/fifo_gen_inst/inst_fifo_gen/gconvfifo.rf/grf.rf/rstblk/ngwrdrst.grst.g7serrst.gnsckt_wrst.gcc_rst.sckt_wr_rst_cc[0]
    SLICE_X82Y50         LUT3 (Prop_lut3_I1_O)        0.124     0.502 f  i_axi_dwidth_converter_dm_slave/inst/gen_downsizer.gen_simple_downsizer.axi_downsizer_inst/USE_READ.read_addr_inst/cmd_queue/inst/fifo_gen_inst/inst_fifo_gen/gconvfifo.rf/grf.rf/rstblk/gpregsm1.curr_fwft_state[1]_i_2/O
                         net (fo=32, routed)          1.048     1.550    i_axi_dwidth_converter_dm_slave/inst/gen_downsizer.gen_simple_downsizer.axi_downsizer_inst/USE_READ.read_addr_inst/cmd_queue/inst/fifo_gen_inst/inst_fifo_gen/gconvfifo.rf/grf.rf/gntv_or_sync_fifo.gl0.wr/wpntr/AR[0]
    SLICE_X83Y50         FDCE                                         f  i_axi_dwidth_converter_dm_slave/inst/gen_downsizer.gen_simple_downsizer.axi_downsizer_inst/USE_READ.read_addr_inst/cmd_queue/inst/fifo_gen_inst/inst_fifo_gen/gconvfifo.rf/grf.rf/gntv_or_sync_fifo.gl0.wr/wpntr/gcc0.gc0.count_d1_reg[2]/CLR
  -------------------------------------------------------------------    -------------------

                         (clock clk_out1_xlnx_clk_gen rise edge)
                                                     20.000    20.000 r  
    K17                                               0.000    20.000 r  clk_sys (IN)
                         net (fo=0)                   0.000    20.000    i_xlnx_clk_gen/inst/clk_in1
    K17                  IBUF (Prop_ibuf_I_O)         1.404    21.404 r  i_xlnx_clk_gen/inst/clkin1_ibufg/O
                         net (fo=1, routed)           1.162    22.566    i_xlnx_clk_gen/inst/clk_in1_xlnx_clk_gen
    MMCME2_ADV_X1Y2      MMCME2_ADV (Prop_mmcme2_adv_CLKIN1_CLKOUT0)
                                                     -7.814    14.752 r  i_xlnx_clk_gen/inst/mmcm_adv_inst/CLKOUT0
                         net (fo=1, routed)           2.012    16.764    i_xlnx_clk_gen/inst/clk_out1_xlnx_clk_gen
    BUFGCTRL_X0Y16       BUFG (Prop_bufg_I_O)         0.091    16.855 r  i_xlnx_clk_gen/inst/clkout1_buf/O
                         net (fo=16161, routed)       1.547    18.402    i_axi_dwidth_converter_dm_slave/inst/gen_downsizer.gen_simple_downsizer.axi_downsizer_inst/USE_READ.read_addr_inst/cmd_queue/inst/fifo_gen_inst/inst_fifo_gen/gconvfifo.rf/grf.rf/gntv_or_sync_fifo.gl0.wr/wpntr/clk
    SLICE_X83Y50         FDCE                                         r  i_axi_dwidth_converter_dm_slave/inst/gen_downsizer.gen_simple_downsizer.axi_downsizer_inst/USE_READ.read_addr_inst/cmd_queue/inst/fifo_gen_inst/inst_fifo_gen/gconvfifo.rf/grf.rf/gntv_or_sync_fifo.gl0.wr/wpntr/gcc0.gc0.count_d1_reg[2]/C
                         clock pessimism              0.606    19.008    
                         clock uncertainty           -0.079    18.928    
    SLICE_X83Y50         FDCE (Recov_fdce_C_CLR)     -0.405    18.523    i_axi_dwidth_converter_dm_slave/inst/gen_downsizer.gen_simple_downsizer.axi_downsizer_inst/USE_READ.read_addr_inst/cmd_queue/inst/fifo_gen_inst/inst_fifo_gen/gconvfifo.rf/grf.rf/gntv_or_sync_fifo.gl0.wr/wpntr/gcc0.gc0.count_d1_reg[2]
  -------------------------------------------------------------------
                         required time                         18.523    
                         arrival time                          -1.550    
  -------------------------------------------------------------------
                         slack                                 16.973    

Slack (MET) :             16.973ns  (required time - arrival time)
  Source:                 i_axi_dwidth_converter_dm_slave/inst/gen_downsizer.gen_simple_downsizer.axi_downsizer_inst/USE_READ.read_addr_inst/cmd_queue/inst/fifo_gen_inst/inst_fifo_gen/gconvfifo.rf/grf.rf/rstblk/ngwrdrst.grst.g7serrst.gnsckt_wrst.gcc_rst.sckt_wr_rst_cc_reg[0]/C
                            (rising edge-triggered cell FDRE clocked by clk_out1_xlnx_clk_gen  {rise@0.000ns fall@10.000ns period=20.000ns})
  Destination:            i_axi_dwidth_converter_dm_slave/inst/gen_downsizer.gen_simple_downsizer.axi_downsizer_inst/USE_READ.read_addr_inst/cmd_queue/inst/fifo_gen_inst/inst_fifo_gen/gconvfifo.rf/grf.rf/gntv_or_sync_fifo.gl0.wr/wpntr/gcc0.gc0.count_reg[2]/CLR
                            (recovery check against rising-edge clock clk_out1_xlnx_clk_gen  {rise@0.000ns fall@10.000ns period=20.000ns})
  Path Group:             **async_default**
  Path Type:              Recovery (Max at Slow Process Corner)
  Requirement:            20.000ns  (clk_out1_xlnx_clk_gen rise@20.000ns - clk_out1_xlnx_clk_gen rise@0.000ns)
  Data Path Delay:        2.521ns  (logic 0.642ns (25.470%)  route 1.879ns (74.530%))
  Logic Levels:           1  (LUT3=1)
  Clock Path Skew:        -0.022ns (DCD - SCD + CPR)
    Destination Clock Delay (DCD):    -1.598ns = ( 18.402 - 20.000 ) 
    Source Clock Delay      (SCD):    -0.970ns
    Clock Pessimism Removal (CPR):    0.606ns
  Clock Uncertainty:      0.079ns  ((TSJ^2 + DJ^2)^1/2) / 2 + PE
    Total System Jitter     (TSJ):    0.071ns
    Discrete Jitter          (DJ):    0.142ns
    Phase Error              (PE):    0.000ns

    Location             Delay type                Incr(ns)  Path(ns)    Netlist Resource(s)
  -------------------------------------------------------------------    -------------------
                         (clock clk_out1_xlnx_clk_gen rise edge)
                                                      0.000     0.000 r  
    K17                                               0.000     0.000 r  clk_sys (IN)
                         net (fo=0)                   0.000     0.000    i_xlnx_clk_gen/inst/clk_in1
    K17                  IBUF (Prop_ibuf_I_O)         1.475     1.475 r  i_xlnx_clk_gen/inst/clkin1_ibufg/O
                         net (fo=1, routed)           1.285     2.760    i_xlnx_clk_gen/inst/clk_in1_xlnx_clk_gen
    MMCME2_ADV_X1Y2      MMCME2_ADV (Prop_mmcme2_adv_CLKIN1_CLKOUT0)
                                                     -7.759    -4.999 r  i_xlnx_clk_gen/inst/mmcm_adv_inst/CLKOUT0
                         net (fo=1, routed)           2.206    -2.793    i_xlnx_clk_gen/inst/clk_out1_xlnx_clk_gen
    BUFGCTRL_X0Y16       BUFG (Prop_bufg_I_O)         0.101    -2.692 r  i_xlnx_clk_gen/inst/clkout1_buf/O
                         net (fo=16161, routed)       1.722    -0.970    i_axi_dwidth_converter_dm_slave/inst/gen_downsizer.gen_simple_downsizer.axi_downsizer_inst/USE_READ.read_addr_inst/cmd_queue/inst/fifo_gen_inst/inst_fifo_gen/gconvfifo.rf/grf.rf/rstblk/clk
    SLICE_X82Y50         FDRE                                         r  i_axi_dwidth_converter_dm_slave/inst/gen_downsizer.gen_simple_downsizer.axi_downsizer_inst/USE_READ.read_addr_inst/cmd_queue/inst/fifo_gen_inst/inst_fifo_gen/gconvfifo.rf/grf.rf/rstblk/ngwrdrst.grst.g7serrst.gnsckt_wrst.gcc_rst.sckt_wr_rst_cc_reg[0]/C
  -------------------------------------------------------------------    -------------------
    SLICE_X82Y50         FDRE (Prop_fdre_C_Q)         0.518    -0.452 f  i_axi_dwidth_converter_dm_slave/inst/gen_downsizer.gen_simple_downsizer.axi_downsizer_inst/USE_READ.read_addr_inst/cmd_queue/inst/fifo_gen_inst/inst_fifo_gen/gconvfifo.rf/grf.rf/rstblk/ngwrdrst.grst.g7serrst.gnsckt_wrst.gcc_rst.sckt_wr_rst_cc_reg[0]/Q
                         net (fo=3, routed)           0.830     0.378    i_axi_dwidth_converter_dm_slave/inst/gen_downsizer.gen_simple_downsizer.axi_downsizer_inst/USE_READ.read_addr_inst/cmd_queue/inst/fifo_gen_inst/inst_fifo_gen/gconvfifo.rf/grf.rf/rstblk/ngwrdrst.grst.g7serrst.gnsckt_wrst.gcc_rst.sckt_wr_rst_cc[0]
    SLICE_X82Y50         LUT3 (Prop_lut3_I1_O)        0.124     0.502 f  i_axi_dwidth_converter_dm_slave/inst/gen_downsizer.gen_simple_downsizer.axi_downsizer_inst/USE_READ.read_addr_inst/cmd_queue/inst/fifo_gen_inst/inst_fifo_gen/gconvfifo.rf/grf.rf/rstblk/gpregsm1.curr_fwft_state[1]_i_2/O
                         net (fo=32, routed)          1.048     1.550    i_axi_dwidth_converter_dm_slave/inst/gen_downsizer.gen_simple_downsizer.axi_downsizer_inst/USE_READ.read_addr_inst/cmd_queue/inst/fifo_gen_inst/inst_fifo_gen/gconvfifo.rf/grf.rf/gntv_or_sync_fifo.gl0.wr/wpntr/AR[0]
    SLICE_X83Y50         FDCE                                         f  i_axi_dwidth_converter_dm_slave/inst/gen_downsizer.gen_simple_downsizer.axi_downsizer_inst/USE_READ.read_addr_inst/cmd_queue/inst/fifo_gen_inst/inst_fifo_gen/gconvfifo.rf/grf.rf/gntv_or_sync_fifo.gl0.wr/wpntr/gcc0.gc0.count_reg[2]/CLR
  -------------------------------------------------------------------    -------------------

                         (clock clk_out1_xlnx_clk_gen rise edge)
                                                     20.000    20.000 r  
    K17                                               0.000    20.000 r  clk_sys (IN)
                         net (fo=0)                   0.000    20.000    i_xlnx_clk_gen/inst/clk_in1
    K17                  IBUF (Prop_ibuf_I_O)         1.404    21.404 r  i_xlnx_clk_gen/inst/clkin1_ibufg/O
                         net (fo=1, routed)           1.162    22.566    i_xlnx_clk_gen/inst/clk_in1_xlnx_clk_gen
    MMCME2_ADV_X1Y2      MMCME2_ADV (Prop_mmcme2_adv_CLKIN1_CLKOUT0)
                                                     -7.814    14.752 r  i_xlnx_clk_gen/inst/mmcm_adv_inst/CLKOUT0
                         net (fo=1, routed)           2.012    16.764    i_xlnx_clk_gen/inst/clk_out1_xlnx_clk_gen
    BUFGCTRL_X0Y16       BUFG (Prop_bufg_I_O)         0.091    16.855 r  i_xlnx_clk_gen/inst/clkout1_buf/O
                         net (fo=16161, routed)       1.547    18.402    i_axi_dwidth_converter_dm_slave/inst/gen_downsizer.gen_simple_downsizer.axi_downsizer_inst/USE_READ.read_addr_inst/cmd_queue/inst/fifo_gen_inst/inst_fifo_gen/gconvfifo.rf/grf.rf/gntv_or_sync_fifo.gl0.wr/wpntr/clk
    SLICE_X83Y50         FDCE                                         r  i_axi_dwidth_converter_dm_slave/inst/gen_downsizer.gen_simple_downsizer.axi_downsizer_inst/USE_READ.read_addr_inst/cmd_queue/inst/fifo_gen_inst/inst_fifo_gen/gconvfifo.rf/grf.rf/gntv_or_sync_fifo.gl0.wr/wpntr/gcc0.gc0.count_reg[2]/C
                         clock pessimism              0.606    19.008    
                         clock uncertainty           -0.079    18.928    
    SLICE_X83Y50         FDCE (Recov_fdce_C_CLR)     -0.405    18.523    i_axi_dwidth_converter_dm_slave/inst/gen_downsizer.gen_simple_downsizer.axi_downsizer_inst/USE_READ.read_addr_inst/cmd_queue/inst/fifo_gen_inst/inst_fifo_gen/gconvfifo.rf/grf.rf/gntv_or_sync_fifo.gl0.wr/wpntr/gcc0.gc0.count_reg[2]
  -------------------------------------------------------------------
                         required time                         18.523    
                         arrival time                          -1.550    
  -------------------------------------------------------------------
                         slack                                 16.973    

Slack (MET) :             17.019ns  (required time - arrival time)
  Source:                 i_axi_dwidth_converter_dm_slave/inst/gen_downsizer.gen_simple_downsizer.axi_downsizer_inst/USE_READ.read_addr_inst/cmd_queue/inst/fifo_gen_inst/inst_fifo_gen/gconvfifo.rf/grf.rf/rstblk/ngwrdrst.grst.g7serrst.gnsckt_wrst.gcc_rst.sckt_wr_rst_cc_reg[0]/C
                            (rising edge-triggered cell FDRE clocked by clk_out1_xlnx_clk_gen  {rise@0.000ns fall@10.000ns period=20.000ns})
  Destination:            i_axi_dwidth_converter_dm_slave/inst/gen_downsizer.gen_simple_downsizer.axi_downsizer_inst/USE_READ.read_addr_inst/cmd_queue/inst/fifo_gen_inst/inst_fifo_gen/gconvfifo.rf/grf.rf/gntv_or_sync_fifo.gl0.wr/wpntr/gcc0.gc0.count_reg[0]/PRE
                            (recovery check against rising-edge clock clk_out1_xlnx_clk_gen  {rise@0.000ns fall@10.000ns period=20.000ns})
  Path Group:             **async_default**
  Path Type:              Recovery (Max at Slow Process Corner)
  Requirement:            20.000ns  (clk_out1_xlnx_clk_gen rise@20.000ns - clk_out1_xlnx_clk_gen rise@0.000ns)
  Data Path Delay:        2.521ns  (logic 0.642ns (25.470%)  route 1.879ns (74.530%))
  Logic Levels:           1  (LUT3=1)
  Clock Path Skew:        -0.022ns (DCD - SCD + CPR)
    Destination Clock Delay (DCD):    -1.598ns = ( 18.402 - 20.000 ) 
    Source Clock Delay      (SCD):    -0.970ns
    Clock Pessimism Removal (CPR):    0.606ns
  Clock Uncertainty:      0.079ns  ((TSJ^2 + DJ^2)^1/2) / 2 + PE
    Total System Jitter     (TSJ):    0.071ns
    Discrete Jitter          (DJ):    0.142ns
    Phase Error              (PE):    0.000ns

    Location             Delay type                Incr(ns)  Path(ns)    Netlist Resource(s)
  -------------------------------------------------------------------    -------------------
                         (clock clk_out1_xlnx_clk_gen rise edge)
                                                      0.000     0.000 r  
    K17                                               0.000     0.000 r  clk_sys (IN)
                         net (fo=0)                   0.000     0.000    i_xlnx_clk_gen/inst/clk_in1
    K17                  IBUF (Prop_ibuf_I_O)         1.475     1.475 r  i_xlnx_clk_gen/inst/clkin1_ibufg/O
                         net (fo=1, routed)           1.285     2.760    i_xlnx_clk_gen/inst/clk_in1_xlnx_clk_gen
    MMCME2_ADV_X1Y2      MMCME2_ADV (Prop_mmcme2_adv_CLKIN1_CLKOUT0)
                                                     -7.759    -4.999 r  i_xlnx_clk_gen/inst/mmcm_adv_inst/CLKOUT0
                         net (fo=1, routed)           2.206    -2.793    i_xlnx_clk_gen/inst/clk_out1_xlnx_clk_gen
    BUFGCTRL_X0Y16       BUFG (Prop_bufg_I_O)         0.101    -2.692 r  i_xlnx_clk_gen/inst/clkout1_buf/O
                         net (fo=16161, routed)       1.722    -0.970    i_axi_dwidth_converter_dm_slave/inst/gen_downsizer.gen_simple_downsizer.axi_downsizer_inst/USE_READ.read_addr_inst/cmd_queue/inst/fifo_gen_inst/inst_fifo_gen/gconvfifo.rf/grf.rf/rstblk/clk
    SLICE_X82Y50         FDRE                                         r  i_axi_dwidth_converter_dm_slave/inst/gen_downsizer.gen_simple_downsizer.axi_downsizer_inst/USE_READ.read_addr_inst/cmd_queue/inst/fifo_gen_inst/inst_fifo_gen/gconvfifo.rf/grf.rf/rstblk/ngwrdrst.grst.g7serrst.gnsckt_wrst.gcc_rst.sckt_wr_rst_cc_reg[0]/C
  -------------------------------------------------------------------    -------------------
    SLICE_X82Y50         FDRE (Prop_fdre_C_Q)         0.518    -0.452 f  i_axi_dwidth_converter_dm_slave/inst/gen_downsizer.gen_simple_downsizer.axi_downsizer_inst/USE_READ.read_addr_inst/cmd_queue/inst/fifo_gen_inst/inst_fifo_gen/gconvfifo.rf/grf.rf/rstblk/ngwrdrst.grst.g7serrst.gnsckt_wrst.gcc_rst.sckt_wr_rst_cc_reg[0]/Q
                         net (fo=3, routed)           0.830     0.378    i_axi_dwidth_converter_dm_slave/inst/gen_downsizer.gen_simple_downsizer.axi_downsizer_inst/USE_READ.read_addr_inst/cmd_queue/inst/fifo_gen_inst/inst_fifo_gen/gconvfifo.rf/grf.rf/rstblk/ngwrdrst.grst.g7serrst.gnsckt_wrst.gcc_rst.sckt_wr_rst_cc[0]
    SLICE_X82Y50         LUT3 (Prop_lut3_I1_O)        0.124     0.502 f  i_axi_dwidth_converter_dm_slave/inst/gen_downsizer.gen_simple_downsizer.axi_downsizer_inst/USE_READ.read_addr_inst/cmd_queue/inst/fifo_gen_inst/inst_fifo_gen/gconvfifo.rf/grf.rf/rstblk/gpregsm1.curr_fwft_state[1]_i_2/O
                         net (fo=32, routed)          1.048     1.550    i_axi_dwidth_converter_dm_slave/inst/gen_downsizer.gen_simple_downsizer.axi_downsizer_inst/USE_READ.read_addr_inst/cmd_queue/inst/fifo_gen_inst/inst_fifo_gen/gconvfifo.rf/grf.rf/gntv_or_sync_fifo.gl0.wr/wpntr/AR[0]
    SLICE_X83Y50         FDPE                                         f  i_axi_dwidth_converter_dm_slave/inst/gen_downsizer.gen_simple_downsizer.axi_downsizer_inst/USE_READ.read_addr_inst/cmd_queue/inst/fifo_gen_inst/inst_fifo_gen/gconvfifo.rf/grf.rf/gntv_or_sync_fifo.gl0.wr/wpntr/gcc0.gc0.count_reg[0]/PRE
  -------------------------------------------------------------------    -------------------

                         (clock clk_out1_xlnx_clk_gen rise edge)
                                                     20.000    20.000 r  
    K17                                               0.000    20.000 r  clk_sys (IN)
                         net (fo=0)                   0.000    20.000    i_xlnx_clk_gen/inst/clk_in1
    K17                  IBUF (Prop_ibuf_I_O)         1.404    21.404 r  i_xlnx_clk_gen/inst/clkin1_ibufg/O
                         net (fo=1, routed)           1.162    22.566    i_xlnx_clk_gen/inst/clk_in1_xlnx_clk_gen
    MMCME2_ADV_X1Y2      MMCME2_ADV (Prop_mmcme2_adv_CLKIN1_CLKOUT0)
                                                     -7.814    14.752 r  i_xlnx_clk_gen/inst/mmcm_adv_inst/CLKOUT0
                         net (fo=1, routed)           2.012    16.764    i_xlnx_clk_gen/inst/clk_out1_xlnx_clk_gen
    BUFGCTRL_X0Y16       BUFG (Prop_bufg_I_O)         0.091    16.855 r  i_xlnx_clk_gen/inst/clkout1_buf/O
                         net (fo=16161, routed)       1.547    18.402    i_axi_dwidth_converter_dm_slave/inst/gen_downsizer.gen_simple_downsizer.axi_downsizer_inst/USE_READ.read_addr_inst/cmd_queue/inst/fifo_gen_inst/inst_fifo_gen/gconvfifo.rf/grf.rf/gntv_or_sync_fifo.gl0.wr/wpntr/clk
    SLICE_X83Y50         FDPE                                         r  i_axi_dwidth_converter_dm_slave/inst/gen_downsizer.gen_simple_downsizer.axi_downsizer_inst/USE_READ.read_addr_inst/cmd_queue/inst/fifo_gen_inst/inst_fifo_gen/gconvfifo.rf/grf.rf/gntv_or_sync_fifo.gl0.wr/wpntr/gcc0.gc0.count_reg[0]/C
                         clock pessimism              0.606    19.008    
                         clock uncertainty           -0.079    18.928    
    SLICE_X83Y50         FDPE (Recov_fdpe_C_PRE)     -0.359    18.569    i_axi_dwidth_converter_dm_slave/inst/gen_downsizer.gen_simple_downsizer.axi_downsizer_inst/USE_READ.read_addr_inst/cmd_queue/inst/fifo_gen_inst/inst_fifo_gen/gconvfifo.rf/grf.rf/gntv_or_sync_fifo.gl0.wr/wpntr/gcc0.gc0.count_reg[0]
  -------------------------------------------------------------------
                         required time                         18.569    
                         arrival time                          -1.550    
  -------------------------------------------------------------------
                         slack                                 17.019    

Slack (MET) :             17.043ns  (required time - arrival time)
  Source:                 i_axi_dwidth_converter_dm_slave/inst/gen_downsizer.gen_simple_downsizer.axi_downsizer_inst/USE_WRITE.write_addr_inst/cmd_queue/inst/fifo_gen_inst/inst_fifo_gen/gconvfifo.rf/grf.rf/rstblk/ngwrdrst.grst.g7serrst.gnsckt_wrst.gcc_rst.sckt_wr_rst_cc_reg[0]/C
                            (rising edge-triggered cell FDRE clocked by clk_out1_xlnx_clk_gen  {rise@0.000ns fall@10.000ns period=20.000ns})
  Destination:            i_axi_dwidth_converter_dm_slave/inst/gen_downsizer.gen_simple_downsizer.axi_downsizer_inst/USE_WRITE.write_addr_inst/cmd_queue/inst/fifo_gen_inst/inst_fifo_gen/gconvfifo.rf/grf.rf/gntv_or_sync_fifo.gl0.wr/wpntr/gcc0.gc0.count_d1_reg[0]/CLR
                            (recovery check against rising-edge clock clk_out1_xlnx_clk_gen  {rise@0.000ns fall@10.000ns period=20.000ns})
  Path Group:             **async_default**
  Path Type:              Recovery (Max at Slow Process Corner)
  Requirement:            20.000ns  (clk_out1_xlnx_clk_gen rise@20.000ns - clk_out1_xlnx_clk_gen rise@0.000ns)
  Data Path Delay:        2.279ns  (logic 0.580ns (25.455%)  route 1.699ns (74.545%))
  Logic Levels:           1  (LUT3=1)
  Clock Path Skew:        -0.194ns (DCD - SCD + CPR)
    Destination Clock Delay (DCD):    -1.536ns = ( 18.464 - 20.000 ) 
    Source Clock Delay      (SCD):    -0.889ns
    Clock Pessimism Removal (CPR):    0.453ns
  Clock Uncertainty:      0.079ns  ((TSJ^2 + DJ^2)^1/2) / 2 + PE
    Total System Jitter     (TSJ):    0.071ns
    Discrete Jitter          (DJ):    0.142ns
    Phase Error              (PE):    0.000ns

    Location             Delay type                Incr(ns)  Path(ns)    Netlist Resource(s)
  -------------------------------------------------------------------    -------------------
                         (clock clk_out1_xlnx_clk_gen rise edge)
                                                      0.000     0.000 r  
    K17                                               0.000     0.000 r  clk_sys (IN)
                         net (fo=0)                   0.000     0.000    i_xlnx_clk_gen/inst/clk_in1
    K17                  IBUF (Prop_ibuf_I_O)         1.475     1.475 r  i_xlnx_clk_gen/inst/clkin1_ibufg/O
                         net (fo=1, routed)           1.285     2.760    i_xlnx_clk_gen/inst/clk_in1_xlnx_clk_gen
    MMCME2_ADV_X1Y2      MMCME2_ADV (Prop_mmcme2_adv_CLKIN1_CLKOUT0)
                                                     -7.759    -4.999 r  i_xlnx_clk_gen/inst/mmcm_adv_inst/CLKOUT0
                         net (fo=1, routed)           2.206    -2.793    i_xlnx_clk_gen/inst/clk_out1_xlnx_clk_gen
    BUFGCTRL_X0Y16       BUFG (Prop_bufg_I_O)         0.101    -2.692 r  i_xlnx_clk_gen/inst/clkout1_buf/O
                         net (fo=16161, routed)       1.803    -0.889    i_axi_dwidth_converter_dm_slave/inst/gen_downsizer.gen_simple_downsizer.axi_downsizer_inst/USE_WRITE.write_addr_inst/cmd_queue/inst/fifo_gen_inst/inst_fifo_gen/gconvfifo.rf/grf.rf/rstblk/clk
    SLICE_X101Y49        FDRE                                         r  i_axi_dwidth_converter_dm_slave/inst/gen_downsizer.gen_simple_downsizer.axi_downsizer_inst/USE_WRITE.write_addr_inst/cmd_queue/inst/fifo_gen_inst/inst_fifo_gen/gconvfifo.rf/grf.rf/rstblk/ngwrdrst.grst.g7serrst.gnsckt_wrst.gcc_rst.sckt_wr_rst_cc_reg[0]/C
  -------------------------------------------------------------------    -------------------
    SLICE_X101Y49        FDRE (Prop_fdre_C_Q)         0.456    -0.433 f  i_axi_dwidth_converter_dm_slave/inst/gen_downsizer.gen_simple_downsizer.axi_downsizer_inst/USE_WRITE.write_addr_inst/cmd_queue/inst/fifo_gen_inst/inst_fifo_gen/gconvfifo.rf/grf.rf/rstblk/ngwrdrst.grst.g7serrst.gnsckt_wrst.gcc_rst.sckt_wr_rst_cc_reg[0]/Q
                         net (fo=3, routed)           0.869     0.436    i_axi_dwidth_converter_dm_slave/inst/gen_downsizer.gen_simple_downsizer.axi_downsizer_inst/USE_WRITE.write_addr_inst/cmd_queue/inst/fifo_gen_inst/inst_fifo_gen/gconvfifo.rf/grf.rf/rstblk/ngwrdrst.grst.g7serrst.gnsckt_wrst.gcc_rst.sckt_wr_rst_cc[0]
    SLICE_X101Y48        LUT3 (Prop_lut3_I1_O)        0.124     0.560 f  i_axi_dwidth_converter_dm_slave/inst/gen_downsizer.gen_simple_downsizer.axi_downsizer_inst/USE_WRITE.write_addr_inst/cmd_queue/inst/fifo_gen_inst/inst_fifo_gen/gconvfifo.rf/grf.rf/rstblk/gpregsm1.curr_fwft_state[1]_i_2/O
                         net (fo=32, routed)          0.829     1.389    i_axi_dwidth_converter_dm_slave/inst/gen_downsizer.gen_simple_downsizer.axi_downsizer_inst/USE_WRITE.write_addr_inst/cmd_queue/inst/fifo_gen_inst/inst_fifo_gen/gconvfifo.rf/grf.rf/gntv_or_sync_fifo.gl0.wr/wpntr/AR[0]
    SLICE_X97Y50         FDCE                                         f  i_axi_dwidth_converter_dm_slave/inst/gen_downsizer.gen_simple_downsizer.axi_downsizer_inst/USE_WRITE.write_addr_inst/cmd_queue/inst/fifo_gen_inst/inst_fifo_gen/gconvfifo.rf/grf.rf/gntv_or_sync_fifo.gl0.wr/wpntr/gcc0.gc0.count_d1_reg[0]/CLR
  -------------------------------------------------------------------    -------------------

                         (clock clk_out1_xlnx_clk_gen rise edge)
                                                     20.000    20.000 r  
    K17                                               0.000    20.000 r  clk_sys (IN)
                         net (fo=0)                   0.000    20.000    i_xlnx_clk_gen/inst/clk_in1
    K17                  IBUF (Prop_ibuf_I_O)         1.404    21.404 r  i_xlnx_clk_gen/inst/clkin1_ibufg/O
                         net (fo=1, routed)           1.162    22.566    i_xlnx_clk_gen/inst/clk_in1_xlnx_clk_gen
    MMCME2_ADV_X1Y2      MMCME2_ADV (Prop_mmcme2_adv_CLKIN1_CLKOUT0)
                                                     -7.814    14.752 r  i_xlnx_clk_gen/inst/mmcm_adv_inst/CLKOUT0
                         net (fo=1, routed)           2.012    16.764    i_xlnx_clk_gen/inst/clk_out1_xlnx_clk_gen
    BUFGCTRL_X0Y16       BUFG (Prop_bufg_I_O)         0.091    16.855 r  i_xlnx_clk_gen/inst/clkout1_buf/O
                         net (fo=16161, routed)       1.609    18.464    i_axi_dwidth_converter_dm_slave/inst/gen_downsizer.gen_simple_downsizer.axi_downsizer_inst/USE_WRITE.write_addr_inst/cmd_queue/inst/fifo_gen_inst/inst_fifo_gen/gconvfifo.rf/grf.rf/gntv_or_sync_fifo.gl0.wr/wpntr/clk
    SLICE_X97Y50         FDCE                                         r  i_axi_dwidth_converter_dm_slave/inst/gen_downsizer.gen_simple_downsizer.axi_downsizer_inst/USE_WRITE.write_addr_inst/cmd_queue/inst/fifo_gen_inst/inst_fifo_gen/gconvfifo.rf/grf.rf/gntv_or_sync_fifo.gl0.wr/wpntr/gcc0.gc0.count_d1_reg[0]/C
                         clock pessimism              0.453    18.917    
                         clock uncertainty           -0.079    18.837    
    SLICE_X97Y50         FDCE (Recov_fdce_C_CLR)     -0.405    18.432    i_axi_dwidth_converter_dm_slave/inst/gen_downsizer.gen_simple_downsizer.axi_downsizer_inst/USE_WRITE.write_addr_inst/cmd_queue/inst/fifo_gen_inst/inst_fifo_gen/gconvfifo.rf/grf.rf/gntv_or_sync_fifo.gl0.wr/wpntr/gcc0.gc0.count_d1_reg[0]
  -------------------------------------------------------------------
                         required time                         18.432    
                         arrival time                          -1.389    
  -------------------------------------------------------------------
                         slack                                 17.043    

Slack (MET) :             17.043ns  (required time - arrival time)
  Source:                 i_axi_dwidth_converter_dm_slave/inst/gen_downsizer.gen_simple_downsizer.axi_downsizer_inst/USE_WRITE.write_addr_inst/cmd_queue/inst/fifo_gen_inst/inst_fifo_gen/gconvfifo.rf/grf.rf/rstblk/ngwrdrst.grst.g7serrst.gnsckt_wrst.gcc_rst.sckt_wr_rst_cc_reg[0]/C
                            (rising edge-triggered cell FDRE clocked by clk_out1_xlnx_clk_gen  {rise@0.000ns fall@10.000ns period=20.000ns})
  Destination:            i_axi_dwidth_converter_dm_slave/inst/gen_downsizer.gen_simple_downsizer.axi_downsizer_inst/USE_WRITE.write_addr_inst/cmd_queue/inst/fifo_gen_inst/inst_fifo_gen/gconvfifo.rf/grf.rf/gntv_or_sync_fifo.gl0.wr/wpntr/gcc0.gc0.count_d1_reg[3]/CLR
                            (recovery check against rising-edge clock clk_out1_xlnx_clk_gen  {rise@0.000ns fall@10.000ns period=20.000ns})
  Path Group:             **async_default**
  Path Type:              Recovery (Max at Slow Process Corner)
  Requirement:            20.000ns  (clk_out1_xlnx_clk_gen rise@20.000ns - clk_out1_xlnx_clk_gen rise@0.000ns)
  Data Path Delay:        2.279ns  (logic 0.580ns (25.455%)  route 1.699ns (74.545%))
  Logic Levels:           1  (LUT3=1)
  Clock Path Skew:        -0.194ns (DCD - SCD + CPR)
    Destination Clock Delay (DCD):    -1.536ns = ( 18.464 - 20.000 ) 
    Source Clock Delay      (SCD):    -0.889ns
    Clock Pessimism Removal (CPR):    0.453ns
  Clock Uncertainty:      0.079ns  ((TSJ^2 + DJ^2)^1/2) / 2 + PE
    Total System Jitter     (TSJ):    0.071ns
    Discrete Jitter          (DJ):    0.142ns
    Phase Error              (PE):    0.000ns

    Location             Delay type                Incr(ns)  Path(ns)    Netlist Resource(s)
  -------------------------------------------------------------------    -------------------
                         (clock clk_out1_xlnx_clk_gen rise edge)
                                                      0.000     0.000 r  
    K17                                               0.000     0.000 r  clk_sys (IN)
                         net (fo=0)                   0.000     0.000    i_xlnx_clk_gen/inst/clk_in1
    K17                  IBUF (Prop_ibuf_I_O)         1.475     1.475 r  i_xlnx_clk_gen/inst/clkin1_ibufg/O
                         net (fo=1, routed)           1.285     2.760    i_xlnx_clk_gen/inst/clk_in1_xlnx_clk_gen
    MMCME2_ADV_X1Y2      MMCME2_ADV (Prop_mmcme2_adv_CLKIN1_CLKOUT0)
                                                     -7.759    -4.999 r  i_xlnx_clk_gen/inst/mmcm_adv_inst/CLKOUT0
                         net (fo=1, routed)           2.206    -2.793    i_xlnx_clk_gen/inst/clk_out1_xlnx_clk_gen
    BUFGCTRL_X0Y16       BUFG (Prop_bufg_I_O)         0.101    -2.692 r  i_xlnx_clk_gen/inst/clkout1_buf/O
                         net (fo=16161, routed)       1.803    -0.889    i_axi_dwidth_converter_dm_slave/inst/gen_downsizer.gen_simple_downsizer.axi_downsizer_inst/USE_WRITE.write_addr_inst/cmd_queue/inst/fifo_gen_inst/inst_fifo_gen/gconvfifo.rf/grf.rf/rstblk/clk
    SLICE_X101Y49        FDRE                                         r  i_axi_dwidth_converter_dm_slave/inst/gen_downsizer.gen_simple_downsizer.axi_downsizer_inst/USE_WRITE.write_addr_inst/cmd_queue/inst/fifo_gen_inst/inst_fifo_gen/gconvfifo.rf/grf.rf/rstblk/ngwrdrst.grst.g7serrst.gnsckt_wrst.gcc_rst.sckt_wr_rst_cc_reg[0]/C
  -------------------------------------------------------------------    -------------------
    SLICE_X101Y49        FDRE (Prop_fdre_C_Q)         0.456    -0.433 f  i_axi_dwidth_converter_dm_slave/inst/gen_downsizer.gen_simple_downsizer.axi_downsizer_inst/USE_WRITE.write_addr_inst/cmd_queue/inst/fifo_gen_inst/inst_fifo_gen/gconvfifo.rf/grf.rf/rstblk/ngwrdrst.grst.g7serrst.gnsckt_wrst.gcc_rst.sckt_wr_rst_cc_reg[0]/Q
                         net (fo=3, routed)           0.869     0.436    i_axi_dwidth_converter_dm_slave/inst/gen_downsizer.gen_simple_downsizer.axi_downsizer_inst/USE_WRITE.write_addr_inst/cmd_queue/inst/fifo_gen_inst/inst_fifo_gen/gconvfifo.rf/grf.rf/rstblk/ngwrdrst.grst.g7serrst.gnsckt_wrst.gcc_rst.sckt_wr_rst_cc[0]
    SLICE_X101Y48        LUT3 (Prop_lut3_I1_O)        0.124     0.560 f  i_axi_dwidth_converter_dm_slave/inst/gen_downsizer.gen_simple_downsizer.axi_downsizer_inst/USE_WRITE.write_addr_inst/cmd_queue/inst/fifo_gen_inst/inst_fifo_gen/gconvfifo.rf/grf.rf/rstblk/gpregsm1.curr_fwft_state[1]_i_2/O
                         net (fo=32, routed)          0.829     1.389    i_axi_dwidth_converter_dm_slave/inst/gen_downsizer.gen_simple_downsizer.axi_downsizer_inst/USE_WRITE.write_addr_inst/cmd_queue/inst/fifo_gen_inst/inst_fifo_gen/gconvfifo.rf/grf.rf/gntv_or_sync_fifo.gl0.wr/wpntr/AR[0]
    SLICE_X97Y50         FDCE                                         f  i_axi_dwidth_converter_dm_slave/inst/gen_downsizer.gen_simple_downsizer.axi_downsizer_inst/USE_WRITE.write_addr_inst/cmd_queue/inst/fifo_gen_inst/inst_fifo_gen/gconvfifo.rf/grf.rf/gntv_or_sync_fifo.gl0.wr/wpntr/gcc0.gc0.count_d1_reg[3]/CLR
  -------------------------------------------------------------------    -------------------

                         (clock clk_out1_xlnx_clk_gen rise edge)
                                                     20.000    20.000 r  
    K17                                               0.000    20.000 r  clk_sys (IN)
                         net (fo=0)                   0.000    20.000    i_xlnx_clk_gen/inst/clk_in1
    K17                  IBUF (Prop_ibuf_I_O)         1.404    21.404 r  i_xlnx_clk_gen/inst/clkin1_ibufg/O
                         net (fo=1, routed)           1.162    22.566    i_xlnx_clk_gen/inst/clk_in1_xlnx_clk_gen
    MMCME2_ADV_X1Y2      MMCME2_ADV (Prop_mmcme2_adv_CLKIN1_CLKOUT0)
                                                     -7.814    14.752 r  i_xlnx_clk_gen/inst/mmcm_adv_inst/CLKOUT0
                         net (fo=1, routed)           2.012    16.764    i_xlnx_clk_gen/inst/clk_out1_xlnx_clk_gen
    BUFGCTRL_X0Y16       BUFG (Prop_bufg_I_O)         0.091    16.855 r  i_xlnx_clk_gen/inst/clkout1_buf/O
                         net (fo=16161, routed)       1.609    18.464    i_axi_dwidth_converter_dm_slave/inst/gen_downsizer.gen_simple_downsizer.axi_downsizer_inst/USE_WRITE.write_addr_inst/cmd_queue/inst/fifo_gen_inst/inst_fifo_gen/gconvfifo.rf/grf.rf/gntv_or_sync_fifo.gl0.wr/wpntr/clk
    SLICE_X97Y50         FDCE                                         r  i_axi_dwidth_converter_dm_slave/inst/gen_downsizer.gen_simple_downsizer.axi_downsizer_inst/USE_WRITE.write_addr_inst/cmd_queue/inst/fifo_gen_inst/inst_fifo_gen/gconvfifo.rf/grf.rf/gntv_or_sync_fifo.gl0.wr/wpntr/gcc0.gc0.count_d1_reg[3]/C
                         clock pessimism              0.453    18.917    
                         clock uncertainty           -0.079    18.837    
    SLICE_X97Y50         FDCE (Recov_fdce_C_CLR)     -0.405    18.432    i_axi_dwidth_converter_dm_slave/inst/gen_downsizer.gen_simple_downsizer.axi_downsizer_inst/USE_WRITE.write_addr_inst/cmd_queue/inst/fifo_gen_inst/inst_fifo_gen/gconvfifo.rf/grf.rf/gntv_or_sync_fifo.gl0.wr/wpntr/gcc0.gc0.count_d1_reg[3]
  -------------------------------------------------------------------
                         required time                         18.432    
                         arrival time                          -1.389    
  -------------------------------------------------------------------
                         slack                                 17.043    

Slack (MET) :             17.043ns  (required time - arrival time)
  Source:                 i_axi_dwidth_converter_dm_slave/inst/gen_downsizer.gen_simple_downsizer.axi_downsizer_inst/USE_WRITE.write_addr_inst/cmd_queue/inst/fifo_gen_inst/inst_fifo_gen/gconvfifo.rf/grf.rf/rstblk/ngwrdrst.grst.g7serrst.gnsckt_wrst.gcc_rst.sckt_wr_rst_cc_reg[0]/C
                            (rising edge-triggered cell FDRE clocked by clk_out1_xlnx_clk_gen  {rise@0.000ns fall@10.000ns period=20.000ns})
  Destination:            i_axi_dwidth_converter_dm_slave/inst/gen_downsizer.gen_simple_downsizer.axi_downsizer_inst/USE_WRITE.write_addr_inst/cmd_queue/inst/fifo_gen_inst/inst_fifo_gen/gconvfifo.rf/grf.rf/gntv_or_sync_fifo.gl0.wr/wpntr/gcc0.gc0.count_d1_reg[4]/CLR
                            (recovery check against rising-edge clock clk_out1_xlnx_clk_gen  {rise@0.000ns fall@10.000ns period=20.000ns})
  Path Group:             **async_default**
  Path Type:              Recovery (Max at Slow Process Corner)
  Requirement:            20.000ns  (clk_out1_xlnx_clk_gen rise@20.000ns - clk_out1_xlnx_clk_gen rise@0.000ns)
  Data Path Delay:        2.279ns  (logic 0.580ns (25.455%)  route 1.699ns (74.545%))
  Logic Levels:           1  (LUT3=1)
  Clock Path Skew:        -0.194ns (DCD - SCD + CPR)
    Destination Clock Delay (DCD):    -1.536ns = ( 18.464 - 20.000 ) 
    Source Clock Delay      (SCD):    -0.889ns
    Clock Pessimism Removal (CPR):    0.453ns
  Clock Uncertainty:      0.079ns  ((TSJ^2 + DJ^2)^1/2) / 2 + PE
    Total System Jitter     (TSJ):    0.071ns
    Discrete Jitter          (DJ):    0.142ns
    Phase Error              (PE):    0.000ns

    Location             Delay type                Incr(ns)  Path(ns)    Netlist Resource(s)
  -------------------------------------------------------------------    -------------------
                         (clock clk_out1_xlnx_clk_gen rise edge)
                                                      0.000     0.000 r  
    K17                                               0.000     0.000 r  clk_sys (IN)
                         net (fo=0)                   0.000     0.000    i_xlnx_clk_gen/inst/clk_in1
    K17                  IBUF (Prop_ibuf_I_O)         1.475     1.475 r  i_xlnx_clk_gen/inst/clkin1_ibufg/O
                         net (fo=1, routed)           1.285     2.760    i_xlnx_clk_gen/inst/clk_in1_xlnx_clk_gen
    MMCME2_ADV_X1Y2      MMCME2_ADV (Prop_mmcme2_adv_CLKIN1_CLKOUT0)
                                                     -7.759    -4.999 r  i_xlnx_clk_gen/inst/mmcm_adv_inst/CLKOUT0
                         net (fo=1, routed)           2.206    -2.793    i_xlnx_clk_gen/inst/clk_out1_xlnx_clk_gen
    BUFGCTRL_X0Y16       BUFG (Prop_bufg_I_O)         0.101    -2.692 r  i_xlnx_clk_gen/inst/clkout1_buf/O
                         net (fo=16161, routed)       1.803    -0.889    i_axi_dwidth_converter_dm_slave/inst/gen_downsizer.gen_simple_downsizer.axi_downsizer_inst/USE_WRITE.write_addr_inst/cmd_queue/inst/fifo_gen_inst/inst_fifo_gen/gconvfifo.rf/grf.rf/rstblk/clk
    SLICE_X101Y49        FDRE                                         r  i_axi_dwidth_converter_dm_slave/inst/gen_downsizer.gen_simple_downsizer.axi_downsizer_inst/USE_WRITE.write_addr_inst/cmd_queue/inst/fifo_gen_inst/inst_fifo_gen/gconvfifo.rf/grf.rf/rstblk/ngwrdrst.grst.g7serrst.gnsckt_wrst.gcc_rst.sckt_wr_rst_cc_reg[0]/C
  -------------------------------------------------------------------    -------------------
    SLICE_X101Y49        FDRE (Prop_fdre_C_Q)         0.456    -0.433 f  i_axi_dwidth_converter_dm_slave/inst/gen_downsizer.gen_simple_downsizer.axi_downsizer_inst/USE_WRITE.write_addr_inst/cmd_queue/inst/fifo_gen_inst/inst_fifo_gen/gconvfifo.rf/grf.rf/rstblk/ngwrdrst.grst.g7serrst.gnsckt_wrst.gcc_rst.sckt_wr_rst_cc_reg[0]/Q
                         net (fo=3, routed)           0.869     0.436    i_axi_dwidth_converter_dm_slave/inst/gen_downsizer.gen_simple_downsizer.axi_downsizer_inst/USE_WRITE.write_addr_inst/cmd_queue/inst/fifo_gen_inst/inst_fifo_gen/gconvfifo.rf/grf.rf/rstblk/ngwrdrst.grst.g7serrst.gnsckt_wrst.gcc_rst.sckt_wr_rst_cc[0]
    SLICE_X101Y48        LUT3 (Prop_lut3_I1_O)        0.124     0.560 f  i_axi_dwidth_converter_dm_slave/inst/gen_downsizer.gen_simple_downsizer.axi_downsizer_inst/USE_WRITE.write_addr_inst/cmd_queue/inst/fifo_gen_inst/inst_fifo_gen/gconvfifo.rf/grf.rf/rstblk/gpregsm1.curr_fwft_state[1]_i_2/O
                         net (fo=32, routed)          0.829     1.389    i_axi_dwidth_converter_dm_slave/inst/gen_downsizer.gen_simple_downsizer.axi_downsizer_inst/USE_WRITE.write_addr_inst/cmd_queue/inst/fifo_gen_inst/inst_fifo_gen/gconvfifo.rf/grf.rf/gntv_or_sync_fifo.gl0.wr/wpntr/AR[0]
    SLICE_X97Y50         FDCE                                         f  i_axi_dwidth_converter_dm_slave/inst/gen_downsizer.gen_simple_downsizer.axi_downsizer_inst/USE_WRITE.write_addr_inst/cmd_queue/inst/fifo_gen_inst/inst_fifo_gen/gconvfifo.rf/grf.rf/gntv_or_sync_fifo.gl0.wr/wpntr/gcc0.gc0.count_d1_reg[4]/CLR
  -------------------------------------------------------------------    -------------------

                         (clock clk_out1_xlnx_clk_gen rise edge)
                                                     20.000    20.000 r  
    K17                                               0.000    20.000 r  clk_sys (IN)
                         net (fo=0)                   0.000    20.000    i_xlnx_clk_gen/inst/clk_in1
    K17                  IBUF (Prop_ibuf_I_O)         1.404    21.404 r  i_xlnx_clk_gen/inst/clkin1_ibufg/O
                         net (fo=1, routed)           1.162    22.566    i_xlnx_clk_gen/inst/clk_in1_xlnx_clk_gen
    MMCME2_ADV_X1Y2      MMCME2_ADV (Prop_mmcme2_adv_CLKIN1_CLKOUT0)
                                                     -7.814    14.752 r  i_xlnx_clk_gen/inst/mmcm_adv_inst/CLKOUT0
                         net (fo=1, routed)           2.012    16.764    i_xlnx_clk_gen/inst/clk_out1_xlnx_clk_gen
    BUFGCTRL_X0Y16       BUFG (Prop_bufg_I_O)         0.091    16.855 r  i_xlnx_clk_gen/inst/clkout1_buf/O
                         net (fo=16161, routed)       1.609    18.464    i_axi_dwidth_converter_dm_slave/inst/gen_downsizer.gen_simple_downsizer.axi_downsizer_inst/USE_WRITE.write_addr_inst/cmd_queue/inst/fifo_gen_inst/inst_fifo_gen/gconvfifo.rf/grf.rf/gntv_or_sync_fifo.gl0.wr/wpntr/clk
    SLICE_X97Y50         FDCE                                         r  i_axi_dwidth_converter_dm_slave/inst/gen_downsizer.gen_simple_downsizer.axi_downsizer_inst/USE_WRITE.write_addr_inst/cmd_queue/inst/fifo_gen_inst/inst_fifo_gen/gconvfifo.rf/grf.rf/gntv_or_sync_fifo.gl0.wr/wpntr/gcc0.gc0.count_d1_reg[4]/C
                         clock pessimism              0.453    18.917    
                         clock uncertainty           -0.079    18.837    
    SLICE_X97Y50         FDCE (Recov_fdce_C_CLR)     -0.405    18.432    i_axi_dwidth_converter_dm_slave/inst/gen_downsizer.gen_simple_downsizer.axi_downsizer_inst/USE_WRITE.write_addr_inst/cmd_queue/inst/fifo_gen_inst/inst_fifo_gen/gconvfifo.rf/grf.rf/gntv_or_sync_fifo.gl0.wr/wpntr/gcc0.gc0.count_d1_reg[4]
  -------------------------------------------------------------------
                         required time                         18.432    
                         arrival time                          -1.389    
  -------------------------------------------------------------------
                         slack                                 17.043    





Min Delay Paths
--------------------------------------------------------------------------------------
Slack (MET) :             0.356ns  (arrival time - required time)
  Source:                 i_axi_dwidth_converter_dm_slave/inst/gen_downsizer.gen_simple_downsizer.axi_downsizer_inst/USE_WRITE.write_addr_inst/cmd_queue/inst/fifo_gen_inst/inst_fifo_gen/gconvfifo.rf/grf.rf/rstblk/ngwrdrst.grst.g7serrst.gnsckt_wrst.gcc_rst.sckt_wr_rst_cc_reg[1]/C
                            (rising edge-triggered cell FDRE clocked by clk_out1_xlnx_clk_gen  {rise@0.000ns fall@10.000ns period=20.000ns})
  Destination:            i_axi_dwidth_converter_dm_slave/inst/gen_downsizer.gen_simple_downsizer.axi_downsizer_inst/USE_WRITE.write_addr_inst/cmd_queue/inst/fifo_gen_inst/inst_fifo_gen/gconvfifo.rf/grf.rf/gntv_or_sync_fifo.gl0.wr/wpntr/gcc0.gc0.count_d1_reg[1]/CLR
                            (removal check against rising-edge clock clk_out1_xlnx_clk_gen  {rise@0.000ns fall@10.000ns period=20.000ns})
  Path Group:             **async_default**
  Path Type:              Removal (Min at Fast Process Corner)
  Requirement:            0.000ns  (clk_out1_xlnx_clk_gen rise@0.000ns - clk_out1_xlnx_clk_gen rise@0.000ns)
  Data Path Delay:        0.554ns  (logic 0.186ns (33.596%)  route 0.368ns (66.404%))
  Logic Levels:           1  (LUT3=1)
  Clock Path Skew:        0.264ns (DCD - SCD - CPR)
    Destination Clock Delay (DCD):    -0.836ns
    Source Clock Delay      (SCD):    -0.593ns
    Clock Pessimism Removal (CPR):    -0.508ns

    Location             Delay type                Incr(ns)  Path(ns)    Netlist Resource(s)
  -------------------------------------------------------------------    -------------------
                         (clock clk_out1_xlnx_clk_gen rise edge)
                                                      0.000     0.000 r  
    K17                                               0.000     0.000 r  clk_sys (IN)
                         net (fo=0)                   0.000     0.000    i_xlnx_clk_gen/inst/clk_in1
    K17                  IBUF (Prop_ibuf_I_O)         0.243     0.243 r  i_xlnx_clk_gen/inst/clkin1_ibufg/O
                         net (fo=1, routed)           0.440     0.683    i_xlnx_clk_gen/inst/clk_in1_xlnx_clk_gen
    MMCME2_ADV_X1Y2      MMCME2_ADV (Prop_mmcme2_adv_CLKIN1_CLKOUT0)
                                                     -2.613    -1.930 r  i_xlnx_clk_gen/inst/mmcm_adv_inst/CLKOUT0
                         net (fo=1, routed)           0.696    -1.233    i_xlnx_clk_gen/inst/clk_out1_xlnx_clk_gen
    BUFGCTRL_X0Y16       BUFG (Prop_bufg_I_O)         0.026    -1.207 r  i_xlnx_clk_gen/inst/clkout1_buf/O
                         net (fo=16161, routed)       0.615    -0.593    i_axi_dwidth_converter_dm_slave/inst/gen_downsizer.gen_simple_downsizer.axi_downsizer_inst/USE_WRITE.write_addr_inst/cmd_queue/inst/fifo_gen_inst/inst_fifo_gen/gconvfifo.rf/grf.rf/rstblk/clk
    SLICE_X101Y49        FDRE                                         r  i_axi_dwidth_converter_dm_slave/inst/gen_downsizer.gen_simple_downsizer.axi_downsizer_inst/USE_WRITE.write_addr_inst/cmd_queue/inst/fifo_gen_inst/inst_fifo_gen/gconvfifo.rf/grf.rf/rstblk/ngwrdrst.grst.g7serrst.gnsckt_wrst.gcc_rst.sckt_wr_rst_cc_reg[1]/C
  -------------------------------------------------------------------    -------------------
    SLICE_X101Y49        FDRE (Prop_fdre_C_Q)         0.141    -0.452 f  i_axi_dwidth_converter_dm_slave/inst/gen_downsizer.gen_simple_downsizer.axi_downsizer_inst/USE_WRITE.write_addr_inst/cmd_queue/inst/fifo_gen_inst/inst_fifo_gen/gconvfifo.rf/grf.rf/rstblk/ngwrdrst.grst.g7serrst.gnsckt_wrst.gcc_rst.sckt_wr_rst_cc_reg[1]/Q
                         net (fo=2, routed)           0.112    -0.339    i_axi_dwidth_converter_dm_slave/inst/gen_downsizer.gen_simple_downsizer.axi_downsizer_inst/USE_WRITE.write_addr_inst/cmd_queue/inst/fifo_gen_inst/inst_fifo_gen/gconvfifo.rf/grf.rf/rstblk/ngwrdrst.grst.g7serrst.gnsckt_wrst.gcc_rst.sckt_wr_rst_cc[1]
    SLICE_X101Y48        LUT3 (Prop_lut3_I0_O)        0.045    -0.294 f  i_axi_dwidth_converter_dm_slave/inst/gen_downsizer.gen_simple_downsizer.axi_downsizer_inst/USE_WRITE.write_addr_inst/cmd_queue/inst/fifo_gen_inst/inst_fifo_gen/gconvfifo.rf/grf.rf/rstblk/gpregsm1.curr_fwft_state[1]_i_2/O
                         net (fo=32, routed)          0.255    -0.039    i_axi_dwidth_converter_dm_slave/inst/gen_downsizer.gen_simple_downsizer.axi_downsizer_inst/USE_WRITE.write_addr_inst/cmd_queue/inst/fifo_gen_inst/inst_fifo_gen/gconvfifo.rf/grf.rf/gntv_or_sync_fifo.gl0.wr/wpntr/AR[0]
    SLICE_X98Y50         FDCE                                         f  i_axi_dwidth_converter_dm_slave/inst/gen_downsizer.gen_simple_downsizer.axi_downsizer_inst/USE_WRITE.write_addr_inst/cmd_queue/inst/fifo_gen_inst/inst_fifo_gen/gconvfifo.rf/grf.rf/gntv_or_sync_fifo.gl0.wr/wpntr/gcc0.gc0.count_d1_reg[1]/CLR
  -------------------------------------------------------------------    -------------------

                         (clock clk_out1_xlnx_clk_gen rise edge)
                                                      0.000     0.000 r  
    K17                                               0.000     0.000 r  clk_sys (IN)
                         net (fo=0)                   0.000     0.000    i_xlnx_clk_gen/inst/clk_in1
    K17                  IBUF (Prop_ibuf_I_O)         0.431     0.431 r  i_xlnx_clk_gen/inst/clkin1_ibufg/O
                         net (fo=1, routed)           0.480     0.911    i_xlnx_clk_gen/inst/clk_in1_xlnx_clk_gen
    MMCME2_ADV_X1Y2      MMCME2_ADV (Prop_mmcme2_adv_CLKIN1_CLKOUT0)
                                                     -3.407    -2.496 r  i_xlnx_clk_gen/inst/mmcm_adv_inst/CLKOUT0
                         net (fo=1, routed)           0.752    -1.744    i_xlnx_clk_gen/inst/clk_out1_xlnx_clk_gen
    BUFGCTRL_X0Y16       BUFG (Prop_bufg_I_O)         0.029    -1.715 r  i_xlnx_clk_gen/inst/clkout1_buf/O
                         net (fo=16161, routed)       0.879    -0.836    i_axi_dwidth_converter_dm_slave/inst/gen_downsizer.gen_simple_downsizer.axi_downsizer_inst/USE_WRITE.write_addr_inst/cmd_queue/inst/fifo_gen_inst/inst_fifo_gen/gconvfifo.rf/grf.rf/gntv_or_sync_fifo.gl0.wr/wpntr/clk
    SLICE_X98Y50         FDCE                                         r  i_axi_dwidth_converter_dm_slave/inst/gen_downsizer.gen_simple_downsizer.axi_downsizer_inst/USE_WRITE.write_addr_inst/cmd_queue/inst/fifo_gen_inst/inst_fifo_gen/gconvfifo.rf/grf.rf/gntv_or_sync_fifo.gl0.wr/wpntr/gcc0.gc0.count_d1_reg[1]/C
                         clock pessimism              0.508    -0.328    
    SLICE_X98Y50         FDCE (Remov_fdce_C_CLR)     -0.067    -0.395    i_axi_dwidth_converter_dm_slave/inst/gen_downsizer.gen_simple_downsizer.axi_downsizer_inst/USE_WRITE.write_addr_inst/cmd_queue/inst/fifo_gen_inst/inst_fifo_gen/gconvfifo.rf/grf.rf/gntv_or_sync_fifo.gl0.wr/wpntr/gcc0.gc0.count_d1_reg[1]
  -------------------------------------------------------------------
                         required time                          0.395    
                         arrival time                          -0.039    
  -------------------------------------------------------------------
                         slack                                  0.356    

Slack (MET) :             0.356ns  (arrival time - required time)
  Source:                 i_axi_dwidth_converter_dm_slave/inst/gen_downsizer.gen_simple_downsizer.axi_downsizer_inst/USE_WRITE.write_addr_inst/cmd_queue/inst/fifo_gen_inst/inst_fifo_gen/gconvfifo.rf/grf.rf/rstblk/ngwrdrst.grst.g7serrst.gnsckt_wrst.gcc_rst.sckt_wr_rst_cc_reg[1]/C
                            (rising edge-triggered cell FDRE clocked by clk_out1_xlnx_clk_gen  {rise@0.000ns fall@10.000ns period=20.000ns})
  Destination:            i_axi_dwidth_converter_dm_slave/inst/gen_downsizer.gen_simple_downsizer.axi_downsizer_inst/USE_WRITE.write_addr_inst/cmd_queue/inst/fifo_gen_inst/inst_fifo_gen/gconvfifo.rf/grf.rf/gntv_or_sync_fifo.gl0.wr/wpntr/gcc0.gc0.count_d1_reg[2]/CLR
                            (removal check against rising-edge clock clk_out1_xlnx_clk_gen  {rise@0.000ns fall@10.000ns period=20.000ns})
  Path Group:             **async_default**
  Path Type:              Removal (Min at Fast Process Corner)
  Requirement:            0.000ns  (clk_out1_xlnx_clk_gen rise@0.000ns - clk_out1_xlnx_clk_gen rise@0.000ns)
  Data Path Delay:        0.554ns  (logic 0.186ns (33.596%)  route 0.368ns (66.404%))
  Logic Levels:           1  (LUT3=1)
  Clock Path Skew:        0.264ns (DCD - SCD - CPR)
    Destination Clock Delay (DCD):    -0.836ns
    Source Clock Delay      (SCD):    -0.593ns
    Clock Pessimism Removal (CPR):    -0.508ns

    Location             Delay type                Incr(ns)  Path(ns)    Netlist Resource(s)
  -------------------------------------------------------------------    -------------------
                         (clock clk_out1_xlnx_clk_gen rise edge)
                                                      0.000     0.000 r  
    K17                                               0.000     0.000 r  clk_sys (IN)
                         net (fo=0)                   0.000     0.000    i_xlnx_clk_gen/inst/clk_in1
    K17                  IBUF (Prop_ibuf_I_O)         0.243     0.243 r  i_xlnx_clk_gen/inst/clkin1_ibufg/O
                         net (fo=1, routed)           0.440     0.683    i_xlnx_clk_gen/inst/clk_in1_xlnx_clk_gen
    MMCME2_ADV_X1Y2      MMCME2_ADV (Prop_mmcme2_adv_CLKIN1_CLKOUT0)
                                                     -2.613    -1.930 r  i_xlnx_clk_gen/inst/mmcm_adv_inst/CLKOUT0
                         net (fo=1, routed)           0.696    -1.233    i_xlnx_clk_gen/inst/clk_out1_xlnx_clk_gen
    BUFGCTRL_X0Y16       BUFG (Prop_bufg_I_O)         0.026    -1.207 r  i_xlnx_clk_gen/inst/clkout1_buf/O
                         net (fo=16161, routed)       0.615    -0.593    i_axi_dwidth_converter_dm_slave/inst/gen_downsizer.gen_simple_downsizer.axi_downsizer_inst/USE_WRITE.write_addr_inst/cmd_queue/inst/fifo_gen_inst/inst_fifo_gen/gconvfifo.rf/grf.rf/rstblk/clk
    SLICE_X101Y49        FDRE                                         r  i_axi_dwidth_converter_dm_slave/inst/gen_downsizer.gen_simple_downsizer.axi_downsizer_inst/USE_WRITE.write_addr_inst/cmd_queue/inst/fifo_gen_inst/inst_fifo_gen/gconvfifo.rf/grf.rf/rstblk/ngwrdrst.grst.g7serrst.gnsckt_wrst.gcc_rst.sckt_wr_rst_cc_reg[1]/C
  -------------------------------------------------------------------    -------------------
    SLICE_X101Y49        FDRE (Prop_fdre_C_Q)         0.141    -0.452 f  i_axi_dwidth_converter_dm_slave/inst/gen_downsizer.gen_simple_downsizer.axi_downsizer_inst/USE_WRITE.write_addr_inst/cmd_queue/inst/fifo_gen_inst/inst_fifo_gen/gconvfifo.rf/grf.rf/rstblk/ngwrdrst.grst.g7serrst.gnsckt_wrst.gcc_rst.sckt_wr_rst_cc_reg[1]/Q
                         net (fo=2, routed)           0.112    -0.339    i_axi_dwidth_converter_dm_slave/inst/gen_downsizer.gen_simple_downsizer.axi_downsizer_inst/USE_WRITE.write_addr_inst/cmd_queue/inst/fifo_gen_inst/inst_fifo_gen/gconvfifo.rf/grf.rf/rstblk/ngwrdrst.grst.g7serrst.gnsckt_wrst.gcc_rst.sckt_wr_rst_cc[1]
    SLICE_X101Y48        LUT3 (Prop_lut3_I0_O)        0.045    -0.294 f  i_axi_dwidth_converter_dm_slave/inst/gen_downsizer.gen_simple_downsizer.axi_downsizer_inst/USE_WRITE.write_addr_inst/cmd_queue/inst/fifo_gen_inst/inst_fifo_gen/gconvfifo.rf/grf.rf/rstblk/gpregsm1.curr_fwft_state[1]_i_2/O
                         net (fo=32, routed)          0.255    -0.039    i_axi_dwidth_converter_dm_slave/inst/gen_downsizer.gen_simple_downsizer.axi_downsizer_inst/USE_WRITE.write_addr_inst/cmd_queue/inst/fifo_gen_inst/inst_fifo_gen/gconvfifo.rf/grf.rf/gntv_or_sync_fifo.gl0.wr/wpntr/AR[0]
    SLICE_X98Y50         FDCE                                         f  i_axi_dwidth_converter_dm_slave/inst/gen_downsizer.gen_simple_downsizer.axi_downsizer_inst/USE_WRITE.write_addr_inst/cmd_queue/inst/fifo_gen_inst/inst_fifo_gen/gconvfifo.rf/grf.rf/gntv_or_sync_fifo.gl0.wr/wpntr/gcc0.gc0.count_d1_reg[2]/CLR
  -------------------------------------------------------------------    -------------------

                         (clock clk_out1_xlnx_clk_gen rise edge)
                                                      0.000     0.000 r  
    K17                                               0.000     0.000 r  clk_sys (IN)
                         net (fo=0)                   0.000     0.000    i_xlnx_clk_gen/inst/clk_in1
    K17                  IBUF (Prop_ibuf_I_O)         0.431     0.431 r  i_xlnx_clk_gen/inst/clkin1_ibufg/O
                         net (fo=1, routed)           0.480     0.911    i_xlnx_clk_gen/inst/clk_in1_xlnx_clk_gen
    MMCME2_ADV_X1Y2      MMCME2_ADV (Prop_mmcme2_adv_CLKIN1_CLKOUT0)
                                                     -3.407    -2.496 r  i_xlnx_clk_gen/inst/mmcm_adv_inst/CLKOUT0
                         net (fo=1, routed)           0.752    -1.744    i_xlnx_clk_gen/inst/clk_out1_xlnx_clk_gen
    BUFGCTRL_X0Y16       BUFG (Prop_bufg_I_O)         0.029    -1.715 r  i_xlnx_clk_gen/inst/clkout1_buf/O
                         net (fo=16161, routed)       0.879    -0.836    i_axi_dwidth_converter_dm_slave/inst/gen_downsizer.gen_simple_downsizer.axi_downsizer_inst/USE_WRITE.write_addr_inst/cmd_queue/inst/fifo_gen_inst/inst_fifo_gen/gconvfifo.rf/grf.rf/gntv_or_sync_fifo.gl0.wr/wpntr/clk
    SLICE_X98Y50         FDCE                                         r  i_axi_dwidth_converter_dm_slave/inst/gen_downsizer.gen_simple_downsizer.axi_downsizer_inst/USE_WRITE.write_addr_inst/cmd_queue/inst/fifo_gen_inst/inst_fifo_gen/gconvfifo.rf/grf.rf/gntv_or_sync_fifo.gl0.wr/wpntr/gcc0.gc0.count_d1_reg[2]/C
                         clock pessimism              0.508    -0.328    
    SLICE_X98Y50         FDCE (Remov_fdce_C_CLR)     -0.067    -0.395    i_axi_dwidth_converter_dm_slave/inst/gen_downsizer.gen_simple_downsizer.axi_downsizer_inst/USE_WRITE.write_addr_inst/cmd_queue/inst/fifo_gen_inst/inst_fifo_gen/gconvfifo.rf/grf.rf/gntv_or_sync_fifo.gl0.wr/wpntr/gcc0.gc0.count_d1_reg[2]
  -------------------------------------------------------------------
                         required time                          0.395    
                         arrival time                          -0.039    
  -------------------------------------------------------------------
                         slack                                  0.356    

Slack (MET) :             0.356ns  (arrival time - required time)
  Source:                 i_axi_dwidth_converter_dm_slave/inst/gen_downsizer.gen_simple_downsizer.axi_downsizer_inst/USE_WRITE.write_addr_inst/cmd_queue/inst/fifo_gen_inst/inst_fifo_gen/gconvfifo.rf/grf.rf/rstblk/ngwrdrst.grst.g7serrst.gnsckt_wrst.gcc_rst.sckt_wr_rst_cc_reg[1]/C
                            (rising edge-triggered cell FDRE clocked by clk_out1_xlnx_clk_gen  {rise@0.000ns fall@10.000ns period=20.000ns})
  Destination:            i_axi_dwidth_converter_dm_slave/inst/gen_downsizer.gen_simple_downsizer.axi_downsizer_inst/USE_WRITE.write_addr_inst/cmd_queue/inst/fifo_gen_inst/inst_fifo_gen/gconvfifo.rf/grf.rf/gntv_or_sync_fifo.gl0.wr/wpntr/gcc0.gc0.count_reg[1]/CLR
                            (removal check against rising-edge clock clk_out1_xlnx_clk_gen  {rise@0.000ns fall@10.000ns period=20.000ns})
  Path Group:             **async_default**
  Path Type:              Removal (Min at Fast Process Corner)
  Requirement:            0.000ns  (clk_out1_xlnx_clk_gen rise@0.000ns - clk_out1_xlnx_clk_gen rise@0.000ns)
  Data Path Delay:        0.554ns  (logic 0.186ns (33.596%)  route 0.368ns (66.404%))
  Logic Levels:           1  (LUT3=1)
  Clock Path Skew:        0.264ns (DCD - SCD - CPR)
    Destination Clock Delay (DCD):    -0.836ns
    Source Clock Delay      (SCD):    -0.593ns
    Clock Pessimism Removal (CPR):    -0.508ns

    Location             Delay type                Incr(ns)  Path(ns)    Netlist Resource(s)
  -------------------------------------------------------------------    -------------------
                         (clock clk_out1_xlnx_clk_gen rise edge)
                                                      0.000     0.000 r  
    K17                                               0.000     0.000 r  clk_sys (IN)
                         net (fo=0)                   0.000     0.000    i_xlnx_clk_gen/inst/clk_in1
    K17                  IBUF (Prop_ibuf_I_O)         0.243     0.243 r  i_xlnx_clk_gen/inst/clkin1_ibufg/O
                         net (fo=1, routed)           0.440     0.683    i_xlnx_clk_gen/inst/clk_in1_xlnx_clk_gen
    MMCME2_ADV_X1Y2      MMCME2_ADV (Prop_mmcme2_adv_CLKIN1_CLKOUT0)
                                                     -2.613    -1.930 r  i_xlnx_clk_gen/inst/mmcm_adv_inst/CLKOUT0
                         net (fo=1, routed)           0.696    -1.233    i_xlnx_clk_gen/inst/clk_out1_xlnx_clk_gen
    BUFGCTRL_X0Y16       BUFG (Prop_bufg_I_O)         0.026    -1.207 r  i_xlnx_clk_gen/inst/clkout1_buf/O
                         net (fo=16161, routed)       0.615    -0.593    i_axi_dwidth_converter_dm_slave/inst/gen_downsizer.gen_simple_downsizer.axi_downsizer_inst/USE_WRITE.write_addr_inst/cmd_queue/inst/fifo_gen_inst/inst_fifo_gen/gconvfifo.rf/grf.rf/rstblk/clk
    SLICE_X101Y49        FDRE                                         r  i_axi_dwidth_converter_dm_slave/inst/gen_downsizer.gen_simple_downsizer.axi_downsizer_inst/USE_WRITE.write_addr_inst/cmd_queue/inst/fifo_gen_inst/inst_fifo_gen/gconvfifo.rf/grf.rf/rstblk/ngwrdrst.grst.g7serrst.gnsckt_wrst.gcc_rst.sckt_wr_rst_cc_reg[1]/C
  -------------------------------------------------------------------    -------------------
    SLICE_X101Y49        FDRE (Prop_fdre_C_Q)         0.141    -0.452 f  i_axi_dwidth_converter_dm_slave/inst/gen_downsizer.gen_simple_downsizer.axi_downsizer_inst/USE_WRITE.write_addr_inst/cmd_queue/inst/fifo_gen_inst/inst_fifo_gen/gconvfifo.rf/grf.rf/rstblk/ngwrdrst.grst.g7serrst.gnsckt_wrst.gcc_rst.sckt_wr_rst_cc_reg[1]/Q
                         net (fo=2, routed)           0.112    -0.339    i_axi_dwidth_converter_dm_slave/inst/gen_downsizer.gen_simple_downsizer.axi_downsizer_inst/USE_WRITE.write_addr_inst/cmd_queue/inst/fifo_gen_inst/inst_fifo_gen/gconvfifo.rf/grf.rf/rstblk/ngwrdrst.grst.g7serrst.gnsckt_wrst.gcc_rst.sckt_wr_rst_cc[1]
    SLICE_X101Y48        LUT3 (Prop_lut3_I0_O)        0.045    -0.294 f  i_axi_dwidth_converter_dm_slave/inst/gen_downsizer.gen_simple_downsizer.axi_downsizer_inst/USE_WRITE.write_addr_inst/cmd_queue/inst/fifo_gen_inst/inst_fifo_gen/gconvfifo.rf/grf.rf/rstblk/gpregsm1.curr_fwft_state[1]_i_2/O
                         net (fo=32, routed)          0.255    -0.039    i_axi_dwidth_converter_dm_slave/inst/gen_downsizer.gen_simple_downsizer.axi_downsizer_inst/USE_WRITE.write_addr_inst/cmd_queue/inst/fifo_gen_inst/inst_fifo_gen/gconvfifo.rf/grf.rf/gntv_or_sync_fifo.gl0.wr/wpntr/AR[0]
    SLICE_X98Y50         FDCE                                         f  i_axi_dwidth_converter_dm_slave/inst/gen_downsizer.gen_simple_downsizer.axi_downsizer_inst/USE_WRITE.write_addr_inst/cmd_queue/inst/fifo_gen_inst/inst_fifo_gen/gconvfifo.rf/grf.rf/gntv_or_sync_fifo.gl0.wr/wpntr/gcc0.gc0.count_reg[1]/CLR
  -------------------------------------------------------------------    -------------------

                         (clock clk_out1_xlnx_clk_gen rise edge)
                                                      0.000     0.000 r  
    K17                                               0.000     0.000 r  clk_sys (IN)
                         net (fo=0)                   0.000     0.000    i_xlnx_clk_gen/inst/clk_in1
    K17                  IBUF (Prop_ibuf_I_O)         0.431     0.431 r  i_xlnx_clk_gen/inst/clkin1_ibufg/O
                         net (fo=1, routed)           0.480     0.911    i_xlnx_clk_gen/inst/clk_in1_xlnx_clk_gen
    MMCME2_ADV_X1Y2      MMCME2_ADV (Prop_mmcme2_adv_CLKIN1_CLKOUT0)
                                                     -3.407    -2.496 r  i_xlnx_clk_gen/inst/mmcm_adv_inst/CLKOUT0
                         net (fo=1, routed)           0.752    -1.744    i_xlnx_clk_gen/inst/clk_out1_xlnx_clk_gen
    BUFGCTRL_X0Y16       BUFG (Prop_bufg_I_O)         0.029    -1.715 r  i_xlnx_clk_gen/inst/clkout1_buf/O
                         net (fo=16161, routed)       0.879    -0.836    i_axi_dwidth_converter_dm_slave/inst/gen_downsizer.gen_simple_downsizer.axi_downsizer_inst/USE_WRITE.write_addr_inst/cmd_queue/inst/fifo_gen_inst/inst_fifo_gen/gconvfifo.rf/grf.rf/gntv_or_sync_fifo.gl0.wr/wpntr/clk
    SLICE_X98Y50         FDCE                                         r  i_axi_dwidth_converter_dm_slave/inst/gen_downsizer.gen_simple_downsizer.axi_downsizer_inst/USE_WRITE.write_addr_inst/cmd_queue/inst/fifo_gen_inst/inst_fifo_gen/gconvfifo.rf/grf.rf/gntv_or_sync_fifo.gl0.wr/wpntr/gcc0.gc0.count_reg[1]/C
                         clock pessimism              0.508    -0.328    
    SLICE_X98Y50         FDCE (Remov_fdce_C_CLR)     -0.067    -0.395    i_axi_dwidth_converter_dm_slave/inst/gen_downsizer.gen_simple_downsizer.axi_downsizer_inst/USE_WRITE.write_addr_inst/cmd_queue/inst/fifo_gen_inst/inst_fifo_gen/gconvfifo.rf/grf.rf/gntv_or_sync_fifo.gl0.wr/wpntr/gcc0.gc0.count_reg[1]
  -------------------------------------------------------------------
                         required time                          0.395    
                         arrival time                          -0.039    
  -------------------------------------------------------------------
                         slack                                  0.356    

Slack (MET) :             0.356ns  (arrival time - required time)
  Source:                 i_axi_dwidth_converter_dm_slave/inst/gen_downsizer.gen_simple_downsizer.axi_downsizer_inst/USE_WRITE.write_addr_inst/cmd_queue/inst/fifo_gen_inst/inst_fifo_gen/gconvfifo.rf/grf.rf/rstblk/ngwrdrst.grst.g7serrst.gnsckt_wrst.gcc_rst.sckt_wr_rst_cc_reg[1]/C
                            (rising edge-triggered cell FDRE clocked by clk_out1_xlnx_clk_gen  {rise@0.000ns fall@10.000ns period=20.000ns})
  Destination:            i_axi_dwidth_converter_dm_slave/inst/gen_downsizer.gen_simple_downsizer.axi_downsizer_inst/USE_WRITE.write_addr_inst/cmd_queue/inst/fifo_gen_inst/inst_fifo_gen/gconvfifo.rf/grf.rf/gntv_or_sync_fifo.gl0.wr/wpntr/gcc0.gc0.count_reg[2]/CLR
                            (removal check against rising-edge clock clk_out1_xlnx_clk_gen  {rise@0.000ns fall@10.000ns period=20.000ns})
  Path Group:             **async_default**
  Path Type:              Removal (Min at Fast Process Corner)
  Requirement:            0.000ns  (clk_out1_xlnx_clk_gen rise@0.000ns - clk_out1_xlnx_clk_gen rise@0.000ns)
  Data Path Delay:        0.554ns  (logic 0.186ns (33.596%)  route 0.368ns (66.404%))
  Logic Levels:           1  (LUT3=1)
  Clock Path Skew:        0.264ns (DCD - SCD - CPR)
    Destination Clock Delay (DCD):    -0.836ns
    Source Clock Delay      (SCD):    -0.593ns
    Clock Pessimism Removal (CPR):    -0.508ns

    Location             Delay type                Incr(ns)  Path(ns)    Netlist Resource(s)
  -------------------------------------------------------------------    -------------------
                         (clock clk_out1_xlnx_clk_gen rise edge)
                                                      0.000     0.000 r  
    K17                                               0.000     0.000 r  clk_sys (IN)
                         net (fo=0)                   0.000     0.000    i_xlnx_clk_gen/inst/clk_in1
    K17                  IBUF (Prop_ibuf_I_O)         0.243     0.243 r  i_xlnx_clk_gen/inst/clkin1_ibufg/O
                         net (fo=1, routed)           0.440     0.683    i_xlnx_clk_gen/inst/clk_in1_xlnx_clk_gen
    MMCME2_ADV_X1Y2      MMCME2_ADV (Prop_mmcme2_adv_CLKIN1_CLKOUT0)
                                                     -2.613    -1.930 r  i_xlnx_clk_gen/inst/mmcm_adv_inst/CLKOUT0
                         net (fo=1, routed)           0.696    -1.233    i_xlnx_clk_gen/inst/clk_out1_xlnx_clk_gen
    BUFGCTRL_X0Y16       BUFG (Prop_bufg_I_O)         0.026    -1.207 r  i_xlnx_clk_gen/inst/clkout1_buf/O
                         net (fo=16161, routed)       0.615    -0.593    i_axi_dwidth_converter_dm_slave/inst/gen_downsizer.gen_simple_downsizer.axi_downsizer_inst/USE_WRITE.write_addr_inst/cmd_queue/inst/fifo_gen_inst/inst_fifo_gen/gconvfifo.rf/grf.rf/rstblk/clk
    SLICE_X101Y49        FDRE                                         r  i_axi_dwidth_converter_dm_slave/inst/gen_downsizer.gen_simple_downsizer.axi_downsizer_inst/USE_WRITE.write_addr_inst/cmd_queue/inst/fifo_gen_inst/inst_fifo_gen/gconvfifo.rf/grf.rf/rstblk/ngwrdrst.grst.g7serrst.gnsckt_wrst.gcc_rst.sckt_wr_rst_cc_reg[1]/C
  -------------------------------------------------------------------    -------------------
    SLICE_X101Y49        FDRE (Prop_fdre_C_Q)         0.141    -0.452 f  i_axi_dwidth_converter_dm_slave/inst/gen_downsizer.gen_simple_downsizer.axi_downsizer_inst/USE_WRITE.write_addr_inst/cmd_queue/inst/fifo_gen_inst/inst_fifo_gen/gconvfifo.rf/grf.rf/rstblk/ngwrdrst.grst.g7serrst.gnsckt_wrst.gcc_rst.sckt_wr_rst_cc_reg[1]/Q
                         net (fo=2, routed)           0.112    -0.339    i_axi_dwidth_converter_dm_slave/inst/gen_downsizer.gen_simple_downsizer.axi_downsizer_inst/USE_WRITE.write_addr_inst/cmd_queue/inst/fifo_gen_inst/inst_fifo_gen/gconvfifo.rf/grf.rf/rstblk/ngwrdrst.grst.g7serrst.gnsckt_wrst.gcc_rst.sckt_wr_rst_cc[1]
    SLICE_X101Y48        LUT3 (Prop_lut3_I0_O)        0.045    -0.294 f  i_axi_dwidth_converter_dm_slave/inst/gen_downsizer.gen_simple_downsizer.axi_downsizer_inst/USE_WRITE.write_addr_inst/cmd_queue/inst/fifo_gen_inst/inst_fifo_gen/gconvfifo.rf/grf.rf/rstblk/gpregsm1.curr_fwft_state[1]_i_2/O
                         net (fo=32, routed)          0.255    -0.039    i_axi_dwidth_converter_dm_slave/inst/gen_downsizer.gen_simple_downsizer.axi_downsizer_inst/USE_WRITE.write_addr_inst/cmd_queue/inst/fifo_gen_inst/inst_fifo_gen/gconvfifo.rf/grf.rf/gntv_or_sync_fifo.gl0.wr/wpntr/AR[0]
    SLICE_X98Y50         FDCE                                         f  i_axi_dwidth_converter_dm_slave/inst/gen_downsizer.gen_simple_downsizer.axi_downsizer_inst/USE_WRITE.write_addr_inst/cmd_queue/inst/fifo_gen_inst/inst_fifo_gen/gconvfifo.rf/grf.rf/gntv_or_sync_fifo.gl0.wr/wpntr/gcc0.gc0.count_reg[2]/CLR
  -------------------------------------------------------------------    -------------------

                         (clock clk_out1_xlnx_clk_gen rise edge)
                                                      0.000     0.000 r  
    K17                                               0.000     0.000 r  clk_sys (IN)
                         net (fo=0)                   0.000     0.000    i_xlnx_clk_gen/inst/clk_in1
    K17                  IBUF (Prop_ibuf_I_O)         0.431     0.431 r  i_xlnx_clk_gen/inst/clkin1_ibufg/O
                         net (fo=1, routed)           0.480     0.911    i_xlnx_clk_gen/inst/clk_in1_xlnx_clk_gen
    MMCME2_ADV_X1Y2      MMCME2_ADV (Prop_mmcme2_adv_CLKIN1_CLKOUT0)
                                                     -3.407    -2.496 r  i_xlnx_clk_gen/inst/mmcm_adv_inst/CLKOUT0
                         net (fo=1, routed)           0.752    -1.744    i_xlnx_clk_gen/inst/clk_out1_xlnx_clk_gen
    BUFGCTRL_X0Y16       BUFG (Prop_bufg_I_O)         0.029    -1.715 r  i_xlnx_clk_gen/inst/clkout1_buf/O
                         net (fo=16161, routed)       0.879    -0.836    i_axi_dwidth_converter_dm_slave/inst/gen_downsizer.gen_simple_downsizer.axi_downsizer_inst/USE_WRITE.write_addr_inst/cmd_queue/inst/fifo_gen_inst/inst_fifo_gen/gconvfifo.rf/grf.rf/gntv_or_sync_fifo.gl0.wr/wpntr/clk
    SLICE_X98Y50         FDCE                                         r  i_axi_dwidth_converter_dm_slave/inst/gen_downsizer.gen_simple_downsizer.axi_downsizer_inst/USE_WRITE.write_addr_inst/cmd_queue/inst/fifo_gen_inst/inst_fifo_gen/gconvfifo.rf/grf.rf/gntv_or_sync_fifo.gl0.wr/wpntr/gcc0.gc0.count_reg[2]/C
                         clock pessimism              0.508    -0.328    
    SLICE_X98Y50         FDCE (Remov_fdce_C_CLR)     -0.067    -0.395    i_axi_dwidth_converter_dm_slave/inst/gen_downsizer.gen_simple_downsizer.axi_downsizer_inst/USE_WRITE.write_addr_inst/cmd_queue/inst/fifo_gen_inst/inst_fifo_gen/gconvfifo.rf/grf.rf/gntv_or_sync_fifo.gl0.wr/wpntr/gcc0.gc0.count_reg[2]
  -------------------------------------------------------------------
                         required time                          0.395    
                         arrival time                          -0.039    
  -------------------------------------------------------------------
                         slack                                  0.356    

Slack (MET) :             0.356ns  (arrival time - required time)
  Source:                 i_axi_dwidth_converter_dm_slave/inst/gen_downsizer.gen_simple_downsizer.axi_downsizer_inst/USE_WRITE.write_addr_inst/cmd_queue/inst/fifo_gen_inst/inst_fifo_gen/gconvfifo.rf/grf.rf/rstblk/ngwrdrst.grst.g7serrst.gnsckt_wrst.gcc_rst.sckt_wr_rst_cc_reg[1]/C
                            (rising edge-triggered cell FDRE clocked by clk_out1_xlnx_clk_gen  {rise@0.000ns fall@10.000ns period=20.000ns})
  Destination:            i_axi_dwidth_converter_dm_slave/inst/gen_downsizer.gen_simple_downsizer.axi_downsizer_inst/USE_WRITE.write_addr_inst/cmd_queue/inst/fifo_gen_inst/inst_fifo_gen/gconvfifo.rf/grf.rf/gntv_or_sync_fifo.gl0.wr/wpntr/gcc0.gc0.count_reg[3]/CLR
                            (removal check against rising-edge clock clk_out1_xlnx_clk_gen  {rise@0.000ns fall@10.000ns period=20.000ns})
  Path Group:             **async_default**
  Path Type:              Removal (Min at Fast Process Corner)
  Requirement:            0.000ns  (clk_out1_xlnx_clk_gen rise@0.000ns - clk_out1_xlnx_clk_gen rise@0.000ns)
  Data Path Delay:        0.554ns  (logic 0.186ns (33.596%)  route 0.368ns (66.404%))
  Logic Levels:           1  (LUT3=1)
  Clock Path Skew:        0.264ns (DCD - SCD - CPR)
    Destination Clock Delay (DCD):    -0.836ns
    Source Clock Delay      (SCD):    -0.593ns
    Clock Pessimism Removal (CPR):    -0.508ns

    Location             Delay type                Incr(ns)  Path(ns)    Netlist Resource(s)
  -------------------------------------------------------------------    -------------------
                         (clock clk_out1_xlnx_clk_gen rise edge)
                                                      0.000     0.000 r  
    K17                                               0.000     0.000 r  clk_sys (IN)
                         net (fo=0)                   0.000     0.000    i_xlnx_clk_gen/inst/clk_in1
    K17                  IBUF (Prop_ibuf_I_O)         0.243     0.243 r  i_xlnx_clk_gen/inst/clkin1_ibufg/O
                         net (fo=1, routed)           0.440     0.683    i_xlnx_clk_gen/inst/clk_in1_xlnx_clk_gen
    MMCME2_ADV_X1Y2      MMCME2_ADV (Prop_mmcme2_adv_CLKIN1_CLKOUT0)
                                                     -2.613    -1.930 r  i_xlnx_clk_gen/inst/mmcm_adv_inst/CLKOUT0
                         net (fo=1, routed)           0.696    -1.233    i_xlnx_clk_gen/inst/clk_out1_xlnx_clk_gen
    BUFGCTRL_X0Y16       BUFG (Prop_bufg_I_O)         0.026    -1.207 r  i_xlnx_clk_gen/inst/clkout1_buf/O
                         net (fo=16161, routed)       0.615    -0.593    i_axi_dwidth_converter_dm_slave/inst/gen_downsizer.gen_simple_downsizer.axi_downsizer_inst/USE_WRITE.write_addr_inst/cmd_queue/inst/fifo_gen_inst/inst_fifo_gen/gconvfifo.rf/grf.rf/rstblk/clk
    SLICE_X101Y49        FDRE                                         r  i_axi_dwidth_converter_dm_slave/inst/gen_downsizer.gen_simple_downsizer.axi_downsizer_inst/USE_WRITE.write_addr_inst/cmd_queue/inst/fifo_gen_inst/inst_fifo_gen/gconvfifo.rf/grf.rf/rstblk/ngwrdrst.grst.g7serrst.gnsckt_wrst.gcc_rst.sckt_wr_rst_cc_reg[1]/C
  -------------------------------------------------------------------    -------------------
    SLICE_X101Y49        FDRE (Prop_fdre_C_Q)         0.141    -0.452 f  i_axi_dwidth_converter_dm_slave/inst/gen_downsizer.gen_simple_downsizer.axi_downsizer_inst/USE_WRITE.write_addr_inst/cmd_queue/inst/fifo_gen_inst/inst_fifo_gen/gconvfifo.rf/grf.rf/rstblk/ngwrdrst.grst.g7serrst.gnsckt_wrst.gcc_rst.sckt_wr_rst_cc_reg[1]/Q
                         net (fo=2, routed)           0.112    -0.339    i_axi_dwidth_converter_dm_slave/inst/gen_downsizer.gen_simple_downsizer.axi_downsizer_inst/USE_WRITE.write_addr_inst/cmd_queue/inst/fifo_gen_inst/inst_fifo_gen/gconvfifo.rf/grf.rf/rstblk/ngwrdrst.grst.g7serrst.gnsckt_wrst.gcc_rst.sckt_wr_rst_cc[1]
    SLICE_X101Y48        LUT3 (Prop_lut3_I0_O)        0.045    -0.294 f  i_axi_dwidth_converter_dm_slave/inst/gen_downsizer.gen_simple_downsizer.axi_downsizer_inst/USE_WRITE.write_addr_inst/cmd_queue/inst/fifo_gen_inst/inst_fifo_gen/gconvfifo.rf/grf.rf/rstblk/gpregsm1.curr_fwft_state[1]_i_2/O
                         net (fo=32, routed)          0.255    -0.039    i_axi_dwidth_converter_dm_slave/inst/gen_downsizer.gen_simple_downsizer.axi_downsizer_inst/USE_WRITE.write_addr_inst/cmd_queue/inst/fifo_gen_inst/inst_fifo_gen/gconvfifo.rf/grf.rf/gntv_or_sync_fifo.gl0.wr/wpntr/AR[0]
    SLICE_X98Y50         FDCE                                         f  i_axi_dwidth_converter_dm_slave/inst/gen_downsizer.gen_simple_downsizer.axi_downsizer_inst/USE_WRITE.write_addr_inst/cmd_queue/inst/fifo_gen_inst/inst_fifo_gen/gconvfifo.rf/grf.rf/gntv_or_sync_fifo.gl0.wr/wpntr/gcc0.gc0.count_reg[3]/CLR
  -------------------------------------------------------------------    -------------------

                         (clock clk_out1_xlnx_clk_gen rise edge)
                                                      0.000     0.000 r  
    K17                                               0.000     0.000 r  clk_sys (IN)
                         net (fo=0)                   0.000     0.000    i_xlnx_clk_gen/inst/clk_in1
    K17                  IBUF (Prop_ibuf_I_O)         0.431     0.431 r  i_xlnx_clk_gen/inst/clkin1_ibufg/O
                         net (fo=1, routed)           0.480     0.911    i_xlnx_clk_gen/inst/clk_in1_xlnx_clk_gen
    MMCME2_ADV_X1Y2      MMCME2_ADV (Prop_mmcme2_adv_CLKIN1_CLKOUT0)
                                                     -3.407    -2.496 r  i_xlnx_clk_gen/inst/mmcm_adv_inst/CLKOUT0
                         net (fo=1, routed)           0.752    -1.744    i_xlnx_clk_gen/inst/clk_out1_xlnx_clk_gen
    BUFGCTRL_X0Y16       BUFG (Prop_bufg_I_O)         0.029    -1.715 r  i_xlnx_clk_gen/inst/clkout1_buf/O
                         net (fo=16161, routed)       0.879    -0.836    i_axi_dwidth_converter_dm_slave/inst/gen_downsizer.gen_simple_downsizer.axi_downsizer_inst/USE_WRITE.write_addr_inst/cmd_queue/inst/fifo_gen_inst/inst_fifo_gen/gconvfifo.rf/grf.rf/gntv_or_sync_fifo.gl0.wr/wpntr/clk
    SLICE_X98Y50         FDCE                                         r  i_axi_dwidth_converter_dm_slave/inst/gen_downsizer.gen_simple_downsizer.axi_downsizer_inst/USE_WRITE.write_addr_inst/cmd_queue/inst/fifo_gen_inst/inst_fifo_gen/gconvfifo.rf/grf.rf/gntv_or_sync_fifo.gl0.wr/wpntr/gcc0.gc0.count_reg[3]/C
                         clock pessimism              0.508    -0.328    
    SLICE_X98Y50         FDCE (Remov_fdce_C_CLR)     -0.067    -0.395    i_axi_dwidth_converter_dm_slave/inst/gen_downsizer.gen_simple_downsizer.axi_downsizer_inst/USE_WRITE.write_addr_inst/cmd_queue/inst/fifo_gen_inst/inst_fifo_gen/gconvfifo.rf/grf.rf/gntv_or_sync_fifo.gl0.wr/wpntr/gcc0.gc0.count_reg[3]
  -------------------------------------------------------------------
                         required time                          0.395    
                         arrival time                          -0.039    
  -------------------------------------------------------------------
                         slack                                  0.356    

Slack (MET) :             0.356ns  (arrival time - required time)
  Source:                 i_axi_dwidth_converter_dm_slave/inst/gen_downsizer.gen_simple_downsizer.axi_downsizer_inst/USE_WRITE.write_addr_inst/cmd_queue/inst/fifo_gen_inst/inst_fifo_gen/gconvfifo.rf/grf.rf/rstblk/ngwrdrst.grst.g7serrst.gnsckt_wrst.gcc_rst.sckt_wr_rst_cc_reg[1]/C
                            (rising edge-triggered cell FDRE clocked by clk_out1_xlnx_clk_gen  {rise@0.000ns fall@10.000ns period=20.000ns})
  Destination:            i_axi_dwidth_converter_dm_slave/inst/gen_downsizer.gen_simple_downsizer.axi_downsizer_inst/USE_WRITE.write_addr_inst/cmd_queue/inst/fifo_gen_inst/inst_fifo_gen/gconvfifo.rf/grf.rf/gntv_or_sync_fifo.gl0.wr/wpntr/gcc0.gc0.count_reg[4]/CLR
                            (removal check against rising-edge clock clk_out1_xlnx_clk_gen  {rise@0.000ns fall@10.000ns period=20.000ns})
  Path Group:             **async_default**
  Path Type:              Removal (Min at Fast Process Corner)
  Requirement:            0.000ns  (clk_out1_xlnx_clk_gen rise@0.000ns - clk_out1_xlnx_clk_gen rise@0.000ns)
  Data Path Delay:        0.554ns  (logic 0.186ns (33.596%)  route 0.368ns (66.404%))
  Logic Levels:           1  (LUT3=1)
  Clock Path Skew:        0.264ns (DCD - SCD - CPR)
    Destination Clock Delay (DCD):    -0.836ns
    Source Clock Delay      (SCD):    -0.593ns
    Clock Pessimism Removal (CPR):    -0.508ns

    Location             Delay type                Incr(ns)  Path(ns)    Netlist Resource(s)
  -------------------------------------------------------------------    -------------------
                         (clock clk_out1_xlnx_clk_gen rise edge)
                                                      0.000     0.000 r  
    K17                                               0.000     0.000 r  clk_sys (IN)
                         net (fo=0)                   0.000     0.000    i_xlnx_clk_gen/inst/clk_in1
    K17                  IBUF (Prop_ibuf_I_O)         0.243     0.243 r  i_xlnx_clk_gen/inst/clkin1_ibufg/O
                         net (fo=1, routed)           0.440     0.683    i_xlnx_clk_gen/inst/clk_in1_xlnx_clk_gen
    MMCME2_ADV_X1Y2      MMCME2_ADV (Prop_mmcme2_adv_CLKIN1_CLKOUT0)
                                                     -2.613    -1.930 r  i_xlnx_clk_gen/inst/mmcm_adv_inst/CLKOUT0
                         net (fo=1, routed)           0.696    -1.233    i_xlnx_clk_gen/inst/clk_out1_xlnx_clk_gen
    BUFGCTRL_X0Y16       BUFG (Prop_bufg_I_O)         0.026    -1.207 r  i_xlnx_clk_gen/inst/clkout1_buf/O
                         net (fo=16161, routed)       0.615    -0.593    i_axi_dwidth_converter_dm_slave/inst/gen_downsizer.gen_simple_downsizer.axi_downsizer_inst/USE_WRITE.write_addr_inst/cmd_queue/inst/fifo_gen_inst/inst_fifo_gen/gconvfifo.rf/grf.rf/rstblk/clk
    SLICE_X101Y49        FDRE                                         r  i_axi_dwidth_converter_dm_slave/inst/gen_downsizer.gen_simple_downsizer.axi_downsizer_inst/USE_WRITE.write_addr_inst/cmd_queue/inst/fifo_gen_inst/inst_fifo_gen/gconvfifo.rf/grf.rf/rstblk/ngwrdrst.grst.g7serrst.gnsckt_wrst.gcc_rst.sckt_wr_rst_cc_reg[1]/C
  -------------------------------------------------------------------    -------------------
    SLICE_X101Y49        FDRE (Prop_fdre_C_Q)         0.141    -0.452 f  i_axi_dwidth_converter_dm_slave/inst/gen_downsizer.gen_simple_downsizer.axi_downsizer_inst/USE_WRITE.write_addr_inst/cmd_queue/inst/fifo_gen_inst/inst_fifo_gen/gconvfifo.rf/grf.rf/rstblk/ngwrdrst.grst.g7serrst.gnsckt_wrst.gcc_rst.sckt_wr_rst_cc_reg[1]/Q
                         net (fo=2, routed)           0.112    -0.339    i_axi_dwidth_converter_dm_slave/inst/gen_downsizer.gen_simple_downsizer.axi_downsizer_inst/USE_WRITE.write_addr_inst/cmd_queue/inst/fifo_gen_inst/inst_fifo_gen/gconvfifo.rf/grf.rf/rstblk/ngwrdrst.grst.g7serrst.gnsckt_wrst.gcc_rst.sckt_wr_rst_cc[1]
    SLICE_X101Y48        LUT3 (Prop_lut3_I0_O)        0.045    -0.294 f  i_axi_dwidth_converter_dm_slave/inst/gen_downsizer.gen_simple_downsizer.axi_downsizer_inst/USE_WRITE.write_addr_inst/cmd_queue/inst/fifo_gen_inst/inst_fifo_gen/gconvfifo.rf/grf.rf/rstblk/gpregsm1.curr_fwft_state[1]_i_2/O
                         net (fo=32, routed)          0.255    -0.039    i_axi_dwidth_converter_dm_slave/inst/gen_downsizer.gen_simple_downsizer.axi_downsizer_inst/USE_WRITE.write_addr_inst/cmd_queue/inst/fifo_gen_inst/inst_fifo_gen/gconvfifo.rf/grf.rf/gntv_or_sync_fifo.gl0.wr/wpntr/AR[0]
    SLICE_X98Y50         FDCE                                         f  i_axi_dwidth_converter_dm_slave/inst/gen_downsizer.gen_simple_downsizer.axi_downsizer_inst/USE_WRITE.write_addr_inst/cmd_queue/inst/fifo_gen_inst/inst_fifo_gen/gconvfifo.rf/grf.rf/gntv_or_sync_fifo.gl0.wr/wpntr/gcc0.gc0.count_reg[4]/CLR
  -------------------------------------------------------------------    -------------------

                         (clock clk_out1_xlnx_clk_gen rise edge)
                                                      0.000     0.000 r  
    K17                                               0.000     0.000 r  clk_sys (IN)
                         net (fo=0)                   0.000     0.000    i_xlnx_clk_gen/inst/clk_in1
    K17                  IBUF (Prop_ibuf_I_O)         0.431     0.431 r  i_xlnx_clk_gen/inst/clkin1_ibufg/O
                         net (fo=1, routed)           0.480     0.911    i_xlnx_clk_gen/inst/clk_in1_xlnx_clk_gen
    MMCME2_ADV_X1Y2      MMCME2_ADV (Prop_mmcme2_adv_CLKIN1_CLKOUT0)
                                                     -3.407    -2.496 r  i_xlnx_clk_gen/inst/mmcm_adv_inst/CLKOUT0
                         net (fo=1, routed)           0.752    -1.744    i_xlnx_clk_gen/inst/clk_out1_xlnx_clk_gen
    BUFGCTRL_X0Y16       BUFG (Prop_bufg_I_O)         0.029    -1.715 r  i_xlnx_clk_gen/inst/clkout1_buf/O
                         net (fo=16161, routed)       0.879    -0.836    i_axi_dwidth_converter_dm_slave/inst/gen_downsizer.gen_simple_downsizer.axi_downsizer_inst/USE_WRITE.write_addr_inst/cmd_queue/inst/fifo_gen_inst/inst_fifo_gen/gconvfifo.rf/grf.rf/gntv_or_sync_fifo.gl0.wr/wpntr/clk
    SLICE_X98Y50         FDCE                                         r  i_axi_dwidth_converter_dm_slave/inst/gen_downsizer.gen_simple_downsizer.axi_downsizer_inst/USE_WRITE.write_addr_inst/cmd_queue/inst/fifo_gen_inst/inst_fifo_gen/gconvfifo.rf/grf.rf/gntv_or_sync_fifo.gl0.wr/wpntr/gcc0.gc0.count_reg[4]/C
                         clock pessimism              0.508    -0.328    
    SLICE_X98Y50         FDCE (Remov_fdce_C_CLR)     -0.067    -0.395    i_axi_dwidth_converter_dm_slave/inst/gen_downsizer.gen_simple_downsizer.axi_downsizer_inst/USE_WRITE.write_addr_inst/cmd_queue/inst/fifo_gen_inst/inst_fifo_gen/gconvfifo.rf/grf.rf/gntv_or_sync_fifo.gl0.wr/wpntr/gcc0.gc0.count_reg[4]
  -------------------------------------------------------------------
                         required time                          0.395    
                         arrival time                          -0.039    
  -------------------------------------------------------------------
                         slack                                  0.356    

Slack (MET) :             0.377ns  (arrival time - required time)
  Source:                 i_axi_dwidth_converter_dm_slave/inst/gen_downsizer.gen_simple_downsizer.axi_downsizer_inst/USE_WRITE.write_addr_inst/cmd_queue/inst/fifo_gen_inst/inst_fifo_gen/gconvfifo.rf/grf.rf/rstblk/ngwrdrst.grst.g7serrst.gnsckt_wrst.gcc_rst.sckt_wr_rst_cc_reg[1]/C
                            (rising edge-triggered cell FDRE clocked by clk_out1_xlnx_clk_gen  {rise@0.000ns fall@10.000ns period=20.000ns})
  Destination:            i_axi_dwidth_converter_dm_slave/inst/gen_downsizer.gen_simple_downsizer.axi_downsizer_inst/USE_WRITE.write_addr_inst/cmd_queue/inst/fifo_gen_inst/inst_fifo_gen/gconvfifo.rf/grf.rf/gntv_or_sync_fifo.gl0.rd/rpntr/gc0.count_d1_reg[0]/CLR
                            (removal check against rising-edge clock clk_out1_xlnx_clk_gen  {rise@0.000ns fall@10.000ns period=20.000ns})
  Path Group:             **async_default**
  Path Type:              Removal (Min at Fast Process Corner)
  Requirement:            0.000ns  (clk_out1_xlnx_clk_gen rise@0.000ns - clk_out1_xlnx_clk_gen rise@0.000ns)
  Data Path Delay:        0.575ns  (logic 0.186ns (32.371%)  route 0.389ns (67.629%))
  Logic Levels:           1  (LUT3=1)
  Clock Path Skew:        0.264ns (DCD - SCD - CPR)
    Destination Clock Delay (DCD):    -0.836ns
    Source Clock Delay      (SCD):    -0.593ns
    Clock Pessimism Removal (CPR):    -0.508ns

    Location             Delay type                Incr(ns)  Path(ns)    Netlist Resource(s)
  -------------------------------------------------------------------    -------------------
                         (clock clk_out1_xlnx_clk_gen rise edge)
                                                      0.000     0.000 r  
    K17                                               0.000     0.000 r  clk_sys (IN)
                         net (fo=0)                   0.000     0.000    i_xlnx_clk_gen/inst/clk_in1
    K17                  IBUF (Prop_ibuf_I_O)         0.243     0.243 r  i_xlnx_clk_gen/inst/clkin1_ibufg/O
                         net (fo=1, routed)           0.440     0.683    i_xlnx_clk_gen/inst/clk_in1_xlnx_clk_gen
    MMCME2_ADV_X1Y2      MMCME2_ADV (Prop_mmcme2_adv_CLKIN1_CLKOUT0)
                                                     -2.613    -1.930 r  i_xlnx_clk_gen/inst/mmcm_adv_inst/CLKOUT0
                         net (fo=1, routed)           0.696    -1.233    i_xlnx_clk_gen/inst/clk_out1_xlnx_clk_gen
    BUFGCTRL_X0Y16       BUFG (Prop_bufg_I_O)         0.026    -1.207 r  i_xlnx_clk_gen/inst/clkout1_buf/O
                         net (fo=16161, routed)       0.615    -0.593    i_axi_dwidth_converter_dm_slave/inst/gen_downsizer.gen_simple_downsizer.axi_downsizer_inst/USE_WRITE.write_addr_inst/cmd_queue/inst/fifo_gen_inst/inst_fifo_gen/gconvfifo.rf/grf.rf/rstblk/clk
    SLICE_X101Y49        FDRE                                         r  i_axi_dwidth_converter_dm_slave/inst/gen_downsizer.gen_simple_downsizer.axi_downsizer_inst/USE_WRITE.write_addr_inst/cmd_queue/inst/fifo_gen_inst/inst_fifo_gen/gconvfifo.rf/grf.rf/rstblk/ngwrdrst.grst.g7serrst.gnsckt_wrst.gcc_rst.sckt_wr_rst_cc_reg[1]/C
  -------------------------------------------------------------------    -------------------
    SLICE_X101Y49        FDRE (Prop_fdre_C_Q)         0.141    -0.452 f  i_axi_dwidth_converter_dm_slave/inst/gen_downsizer.gen_simple_downsizer.axi_downsizer_inst/USE_WRITE.write_addr_inst/cmd_queue/inst/fifo_gen_inst/inst_fifo_gen/gconvfifo.rf/grf.rf/rstblk/ngwrdrst.grst.g7serrst.gnsckt_wrst.gcc_rst.sckt_wr_rst_cc_reg[1]/Q
                         net (fo=2, routed)           0.112    -0.339    i_axi_dwidth_converter_dm_slave/inst/gen_downsizer.gen_simple_downsizer.axi_downsizer_inst/USE_WRITE.write_addr_inst/cmd_queue/inst/fifo_gen_inst/inst_fifo_gen/gconvfifo.rf/grf.rf/rstblk/ngwrdrst.grst.g7serrst.gnsckt_wrst.gcc_rst.sckt_wr_rst_cc[1]
    SLICE_X101Y48        LUT3 (Prop_lut3_I0_O)        0.045    -0.294 f  i_axi_dwidth_converter_dm_slave/inst/gen_downsizer.gen_simple_downsizer.axi_downsizer_inst/USE_WRITE.write_addr_inst/cmd_queue/inst/fifo_gen_inst/inst_fifo_gen/gconvfifo.rf/grf.rf/rstblk/gpregsm1.curr_fwft_state[1]_i_2/O
                         net (fo=32, routed)          0.276    -0.018    i_axi_dwidth_converter_dm_slave/inst/gen_downsizer.gen_simple_downsizer.axi_downsizer_inst/USE_WRITE.write_addr_inst/cmd_queue/inst/fifo_gen_inst/inst_fifo_gen/gconvfifo.rf/grf.rf/gntv_or_sync_fifo.gl0.rd/rpntr/gc0.count_d1_reg[4]_1
    SLICE_X100Y50        FDCE                                         f  i_axi_dwidth_converter_dm_slave/inst/gen_downsizer.gen_simple_downsizer.axi_downsizer_inst/USE_WRITE.write_addr_inst/cmd_queue/inst/fifo_gen_inst/inst_fifo_gen/gconvfifo.rf/grf.rf/gntv_or_sync_fifo.gl0.rd/rpntr/gc0.count_d1_reg[0]/CLR
  -------------------------------------------------------------------    -------------------

                         (clock clk_out1_xlnx_clk_gen rise edge)
                                                      0.000     0.000 r  
    K17                                               0.000     0.000 r  clk_sys (IN)
                         net (fo=0)                   0.000     0.000    i_xlnx_clk_gen/inst/clk_in1
    K17                  IBUF (Prop_ibuf_I_O)         0.431     0.431 r  i_xlnx_clk_gen/inst/clkin1_ibufg/O
                         net (fo=1, routed)           0.480     0.911    i_xlnx_clk_gen/inst/clk_in1_xlnx_clk_gen
    MMCME2_ADV_X1Y2      MMCME2_ADV (Prop_mmcme2_adv_CLKIN1_CLKOUT0)
                                                     -3.407    -2.496 r  i_xlnx_clk_gen/inst/mmcm_adv_inst/CLKOUT0
                         net (fo=1, routed)           0.752    -1.744    i_xlnx_clk_gen/inst/clk_out1_xlnx_clk_gen
    BUFGCTRL_X0Y16       BUFG (Prop_bufg_I_O)         0.029    -1.715 r  i_xlnx_clk_gen/inst/clkout1_buf/O
                         net (fo=16161, routed)       0.879    -0.836    i_axi_dwidth_converter_dm_slave/inst/gen_downsizer.gen_simple_downsizer.axi_downsizer_inst/USE_WRITE.write_addr_inst/cmd_queue/inst/fifo_gen_inst/inst_fifo_gen/gconvfifo.rf/grf.rf/gntv_or_sync_fifo.gl0.rd/rpntr/clk
    SLICE_X100Y50        FDCE                                         r  i_axi_dwidth_converter_dm_slave/inst/gen_downsizer.gen_simple_downsizer.axi_downsizer_inst/USE_WRITE.write_addr_inst/cmd_queue/inst/fifo_gen_inst/inst_fifo_gen/gconvfifo.rf/grf.rf/gntv_or_sync_fifo.gl0.rd/rpntr/gc0.count_d1_reg[0]/C
                         clock pessimism              0.508    -0.328    
    SLICE_X100Y50        FDCE (Remov_fdce_C_CLR)     -0.067    -0.395    i_axi_dwidth_converter_dm_slave/inst/gen_downsizer.gen_simple_downsizer.axi_downsizer_inst/USE_WRITE.write_addr_inst/cmd_queue/inst/fifo_gen_inst/inst_fifo_gen/gconvfifo.rf/grf.rf/gntv_or_sync_fifo.gl0.rd/rpntr/gc0.count_d1_reg[0]
  -------------------------------------------------------------------
                         required time                          0.395    
                         arrival time                          -0.018    
  -------------------------------------------------------------------
                         slack                                  0.377    

Slack (MET) :             0.377ns  (arrival time - required time)
  Source:                 i_axi_dwidth_converter_dm_slave/inst/gen_downsizer.gen_simple_downsizer.axi_downsizer_inst/USE_WRITE.write_addr_inst/cmd_queue/inst/fifo_gen_inst/inst_fifo_gen/gconvfifo.rf/grf.rf/rstblk/ngwrdrst.grst.g7serrst.gnsckt_wrst.gcc_rst.sckt_wr_rst_cc_reg[1]/C
                            (rising edge-triggered cell FDRE clocked by clk_out1_xlnx_clk_gen  {rise@0.000ns fall@10.000ns period=20.000ns})
  Destination:            i_axi_dwidth_converter_dm_slave/inst/gen_downsizer.gen_simple_downsizer.axi_downsizer_inst/USE_WRITE.write_addr_inst/cmd_queue/inst/fifo_gen_inst/inst_fifo_gen/gconvfifo.rf/grf.rf/gntv_or_sync_fifo.gl0.rd/rpntr/gc0.count_reg[1]/CLR
                            (removal check against rising-edge clock clk_out1_xlnx_clk_gen  {rise@0.000ns fall@10.000ns period=20.000ns})
  Path Group:             **async_default**
  Path Type:              Removal (Min at Fast Process Corner)
  Requirement:            0.000ns  (clk_out1_xlnx_clk_gen rise@0.000ns - clk_out1_xlnx_clk_gen rise@0.000ns)
  Data Path Delay:        0.575ns  (logic 0.186ns (32.371%)  route 0.389ns (67.629%))
  Logic Levels:           1  (LUT3=1)
  Clock Path Skew:        0.264ns (DCD - SCD - CPR)
    Destination Clock Delay (DCD):    -0.836ns
    Source Clock Delay      (SCD):    -0.593ns
    Clock Pessimism Removal (CPR):    -0.508ns

    Location             Delay type                Incr(ns)  Path(ns)    Netlist Resource(s)
  -------------------------------------------------------------------    -------------------
                         (clock clk_out1_xlnx_clk_gen rise edge)
                                                      0.000     0.000 r  
    K17                                               0.000     0.000 r  clk_sys (IN)
                         net (fo=0)                   0.000     0.000    i_xlnx_clk_gen/inst/clk_in1
    K17                  IBUF (Prop_ibuf_I_O)         0.243     0.243 r  i_xlnx_clk_gen/inst/clkin1_ibufg/O
                         net (fo=1, routed)           0.440     0.683    i_xlnx_clk_gen/inst/clk_in1_xlnx_clk_gen
    MMCME2_ADV_X1Y2      MMCME2_ADV (Prop_mmcme2_adv_CLKIN1_CLKOUT0)
                                                     -2.613    -1.930 r  i_xlnx_clk_gen/inst/mmcm_adv_inst/CLKOUT0
                         net (fo=1, routed)           0.696    -1.233    i_xlnx_clk_gen/inst/clk_out1_xlnx_clk_gen
    BUFGCTRL_X0Y16       BUFG (Prop_bufg_I_O)         0.026    -1.207 r  i_xlnx_clk_gen/inst/clkout1_buf/O
                         net (fo=16161, routed)       0.615    -0.593    i_axi_dwidth_converter_dm_slave/inst/gen_downsizer.gen_simple_downsizer.axi_downsizer_inst/USE_WRITE.write_addr_inst/cmd_queue/inst/fifo_gen_inst/inst_fifo_gen/gconvfifo.rf/grf.rf/rstblk/clk
    SLICE_X101Y49        FDRE                                         r  i_axi_dwidth_converter_dm_slave/inst/gen_downsizer.gen_simple_downsizer.axi_downsizer_inst/USE_WRITE.write_addr_inst/cmd_queue/inst/fifo_gen_inst/inst_fifo_gen/gconvfifo.rf/grf.rf/rstblk/ngwrdrst.grst.g7serrst.gnsckt_wrst.gcc_rst.sckt_wr_rst_cc_reg[1]/C
  -------------------------------------------------------------------    -------------------
    SLICE_X101Y49        FDRE (Prop_fdre_C_Q)         0.141    -0.452 f  i_axi_dwidth_converter_dm_slave/inst/gen_downsizer.gen_simple_downsizer.axi_downsizer_inst/USE_WRITE.write_addr_inst/cmd_queue/inst/fifo_gen_inst/inst_fifo_gen/gconvfifo.rf/grf.rf/rstblk/ngwrdrst.grst.g7serrst.gnsckt_wrst.gcc_rst.sckt_wr_rst_cc_reg[1]/Q
                         net (fo=2, routed)           0.112    -0.339    i_axi_dwidth_converter_dm_slave/inst/gen_downsizer.gen_simple_downsizer.axi_downsizer_inst/USE_WRITE.write_addr_inst/cmd_queue/inst/fifo_gen_inst/inst_fifo_gen/gconvfifo.rf/grf.rf/rstblk/ngwrdrst.grst.g7serrst.gnsckt_wrst.gcc_rst.sckt_wr_rst_cc[1]
    SLICE_X101Y48        LUT3 (Prop_lut3_I0_O)        0.045    -0.294 f  i_axi_dwidth_converter_dm_slave/inst/gen_downsizer.gen_simple_downsizer.axi_downsizer_inst/USE_WRITE.write_addr_inst/cmd_queue/inst/fifo_gen_inst/inst_fifo_gen/gconvfifo.rf/grf.rf/rstblk/gpregsm1.curr_fwft_state[1]_i_2/O
                         net (fo=32, routed)          0.276    -0.018    i_axi_dwidth_converter_dm_slave/inst/gen_downsizer.gen_simple_downsizer.axi_downsizer_inst/USE_WRITE.write_addr_inst/cmd_queue/inst/fifo_gen_inst/inst_fifo_gen/gconvfifo.rf/grf.rf/gntv_or_sync_fifo.gl0.rd/rpntr/gc0.count_d1_reg[4]_1
    SLICE_X100Y50        FDCE                                         f  i_axi_dwidth_converter_dm_slave/inst/gen_downsizer.gen_simple_downsizer.axi_downsizer_inst/USE_WRITE.write_addr_inst/cmd_queue/inst/fifo_gen_inst/inst_fifo_gen/gconvfifo.rf/grf.rf/gntv_or_sync_fifo.gl0.rd/rpntr/gc0.count_reg[1]/CLR
  -------------------------------------------------------------------    -------------------

                         (clock clk_out1_xlnx_clk_gen rise edge)
                                                      0.000     0.000 r  
    K17                                               0.000     0.000 r  clk_sys (IN)
                         net (fo=0)                   0.000     0.000    i_xlnx_clk_gen/inst/clk_in1
    K17                  IBUF (Prop_ibuf_I_O)         0.431     0.431 r  i_xlnx_clk_gen/inst/clkin1_ibufg/O
                         net (fo=1, routed)           0.480     0.911    i_xlnx_clk_gen/inst/clk_in1_xlnx_clk_gen
    MMCME2_ADV_X1Y2      MMCME2_ADV (Prop_mmcme2_adv_CLKIN1_CLKOUT0)
                                                     -3.407    -2.496 r  i_xlnx_clk_gen/inst/mmcm_adv_inst/CLKOUT0
                         net (fo=1, routed)           0.752    -1.744    i_xlnx_clk_gen/inst/clk_out1_xlnx_clk_gen
    BUFGCTRL_X0Y16       BUFG (Prop_bufg_I_O)         0.029    -1.715 r  i_xlnx_clk_gen/inst/clkout1_buf/O
                         net (fo=16161, routed)       0.879    -0.836    i_axi_dwidth_converter_dm_slave/inst/gen_downsizer.gen_simple_downsizer.axi_downsizer_inst/USE_WRITE.write_addr_inst/cmd_queue/inst/fifo_gen_inst/inst_fifo_gen/gconvfifo.rf/grf.rf/gntv_or_sync_fifo.gl0.rd/rpntr/clk
    SLICE_X100Y50        FDCE                                         r  i_axi_dwidth_converter_dm_slave/inst/gen_downsizer.gen_simple_downsizer.axi_downsizer_inst/USE_WRITE.write_addr_inst/cmd_queue/inst/fifo_gen_inst/inst_fifo_gen/gconvfifo.rf/grf.rf/gntv_or_sync_fifo.gl0.rd/rpntr/gc0.count_reg[1]/C
                         clock pessimism              0.508    -0.328    
    SLICE_X100Y50        FDCE (Remov_fdce_C_CLR)     -0.067    -0.395    i_axi_dwidth_converter_dm_slave/inst/gen_downsizer.gen_simple_downsizer.axi_downsizer_inst/USE_WRITE.write_addr_inst/cmd_queue/inst/fifo_gen_inst/inst_fifo_gen/gconvfifo.rf/grf.rf/gntv_or_sync_fifo.gl0.rd/rpntr/gc0.count_reg[1]
  -------------------------------------------------------------------
                         required time                          0.395    
                         arrival time                          -0.018    
  -------------------------------------------------------------------
                         slack                                  0.377    

Slack (MET) :             0.377ns  (arrival time - required time)
  Source:                 i_axi_dwidth_converter_dm_slave/inst/gen_downsizer.gen_simple_downsizer.axi_downsizer_inst/USE_WRITE.write_addr_inst/cmd_queue/inst/fifo_gen_inst/inst_fifo_gen/gconvfifo.rf/grf.rf/rstblk/ngwrdrst.grst.g7serrst.gnsckt_wrst.gcc_rst.sckt_wr_rst_cc_reg[1]/C
                            (rising edge-triggered cell FDRE clocked by clk_out1_xlnx_clk_gen  {rise@0.000ns fall@10.000ns period=20.000ns})
  Destination:            i_axi_dwidth_converter_dm_slave/inst/gen_downsizer.gen_simple_downsizer.axi_downsizer_inst/USE_WRITE.write_addr_inst/cmd_queue/inst/fifo_gen_inst/inst_fifo_gen/gconvfifo.rf/grf.rf/gntv_or_sync_fifo.gl0.rd/rpntr/gc0.count_reg[2]/CLR
                            (removal check against rising-edge clock clk_out1_xlnx_clk_gen  {rise@0.000ns fall@10.000ns period=20.000ns})
  Path Group:             **async_default**
  Path Type:              Removal (Min at Fast Process Corner)
  Requirement:            0.000ns  (clk_out1_xlnx_clk_gen rise@0.000ns - clk_out1_xlnx_clk_gen rise@0.000ns)
  Data Path Delay:        0.575ns  (logic 0.186ns (32.371%)  route 0.389ns (67.629%))
  Logic Levels:           1  (LUT3=1)
  Clock Path Skew:        0.264ns (DCD - SCD - CPR)
    Destination Clock Delay (DCD):    -0.836ns
    Source Clock Delay      (SCD):    -0.593ns
    Clock Pessimism Removal (CPR):    -0.508ns

    Location             Delay type                Incr(ns)  Path(ns)    Netlist Resource(s)
  -------------------------------------------------------------------    -------------------
                         (clock clk_out1_xlnx_clk_gen rise edge)
                                                      0.000     0.000 r  
    K17                                               0.000     0.000 r  clk_sys (IN)
                         net (fo=0)                   0.000     0.000    i_xlnx_clk_gen/inst/clk_in1
    K17                  IBUF (Prop_ibuf_I_O)         0.243     0.243 r  i_xlnx_clk_gen/inst/clkin1_ibufg/O
                         net (fo=1, routed)           0.440     0.683    i_xlnx_clk_gen/inst/clk_in1_xlnx_clk_gen
    MMCME2_ADV_X1Y2      MMCME2_ADV (Prop_mmcme2_adv_CLKIN1_CLKOUT0)
                                                     -2.613    -1.930 r  i_xlnx_clk_gen/inst/mmcm_adv_inst/CLKOUT0
                         net (fo=1, routed)           0.696    -1.233    i_xlnx_clk_gen/inst/clk_out1_xlnx_clk_gen
    BUFGCTRL_X0Y16       BUFG (Prop_bufg_I_O)         0.026    -1.207 r  i_xlnx_clk_gen/inst/clkout1_buf/O
                         net (fo=16161, routed)       0.615    -0.593    i_axi_dwidth_converter_dm_slave/inst/gen_downsizer.gen_simple_downsizer.axi_downsizer_inst/USE_WRITE.write_addr_inst/cmd_queue/inst/fifo_gen_inst/inst_fifo_gen/gconvfifo.rf/grf.rf/rstblk/clk
    SLICE_X101Y49        FDRE                                         r  i_axi_dwidth_converter_dm_slave/inst/gen_downsizer.gen_simple_downsizer.axi_downsizer_inst/USE_WRITE.write_addr_inst/cmd_queue/inst/fifo_gen_inst/inst_fifo_gen/gconvfifo.rf/grf.rf/rstblk/ngwrdrst.grst.g7serrst.gnsckt_wrst.gcc_rst.sckt_wr_rst_cc_reg[1]/C
  -------------------------------------------------------------------    -------------------
    SLICE_X101Y49        FDRE (Prop_fdre_C_Q)         0.141    -0.452 f  i_axi_dwidth_converter_dm_slave/inst/gen_downsizer.gen_simple_downsizer.axi_downsizer_inst/USE_WRITE.write_addr_inst/cmd_queue/inst/fifo_gen_inst/inst_fifo_gen/gconvfifo.rf/grf.rf/rstblk/ngwrdrst.grst.g7serrst.gnsckt_wrst.gcc_rst.sckt_wr_rst_cc_reg[1]/Q
                         net (fo=2, routed)           0.112    -0.339    i_axi_dwidth_converter_dm_slave/inst/gen_downsizer.gen_simple_downsizer.axi_downsizer_inst/USE_WRITE.write_addr_inst/cmd_queue/inst/fifo_gen_inst/inst_fifo_gen/gconvfifo.rf/grf.rf/rstblk/ngwrdrst.grst.g7serrst.gnsckt_wrst.gcc_rst.sckt_wr_rst_cc[1]
    SLICE_X101Y48        LUT3 (Prop_lut3_I0_O)        0.045    -0.294 f  i_axi_dwidth_converter_dm_slave/inst/gen_downsizer.gen_simple_downsizer.axi_downsizer_inst/USE_WRITE.write_addr_inst/cmd_queue/inst/fifo_gen_inst/inst_fifo_gen/gconvfifo.rf/grf.rf/rstblk/gpregsm1.curr_fwft_state[1]_i_2/O
                         net (fo=32, routed)          0.276    -0.018    i_axi_dwidth_converter_dm_slave/inst/gen_downsizer.gen_simple_downsizer.axi_downsizer_inst/USE_WRITE.write_addr_inst/cmd_queue/inst/fifo_gen_inst/inst_fifo_gen/gconvfifo.rf/grf.rf/gntv_or_sync_fifo.gl0.rd/rpntr/gc0.count_d1_reg[4]_1
    SLICE_X100Y50        FDCE                                         f  i_axi_dwidth_converter_dm_slave/inst/gen_downsizer.gen_simple_downsizer.axi_downsizer_inst/USE_WRITE.write_addr_inst/cmd_queue/inst/fifo_gen_inst/inst_fifo_gen/gconvfifo.rf/grf.rf/gntv_or_sync_fifo.gl0.rd/rpntr/gc0.count_reg[2]/CLR
  -------------------------------------------------------------------    -------------------

                         (clock clk_out1_xlnx_clk_gen rise edge)
                                                      0.000     0.000 r  
    K17                                               0.000     0.000 r  clk_sys (IN)
                         net (fo=0)                   0.000     0.000    i_xlnx_clk_gen/inst/clk_in1
    K17                  IBUF (Prop_ibuf_I_O)         0.431     0.431 r  i_xlnx_clk_gen/inst/clkin1_ibufg/O
                         net (fo=1, routed)           0.480     0.911    i_xlnx_clk_gen/inst/clk_in1_xlnx_clk_gen
    MMCME2_ADV_X1Y2      MMCME2_ADV (Prop_mmcme2_adv_CLKIN1_CLKOUT0)
                                                     -3.407    -2.496 r  i_xlnx_clk_gen/inst/mmcm_adv_inst/CLKOUT0
                         net (fo=1, routed)           0.752    -1.744    i_xlnx_clk_gen/inst/clk_out1_xlnx_clk_gen
    BUFGCTRL_X0Y16       BUFG (Prop_bufg_I_O)         0.029    -1.715 r  i_xlnx_clk_gen/inst/clkout1_buf/O
                         net (fo=16161, routed)       0.879    -0.836    i_axi_dwidth_converter_dm_slave/inst/gen_downsizer.gen_simple_downsizer.axi_downsizer_inst/USE_WRITE.write_addr_inst/cmd_queue/inst/fifo_gen_inst/inst_fifo_gen/gconvfifo.rf/grf.rf/gntv_or_sync_fifo.gl0.rd/rpntr/clk
    SLICE_X100Y50        FDCE                                         r  i_axi_dwidth_converter_dm_slave/inst/gen_downsizer.gen_simple_downsizer.axi_downsizer_inst/USE_WRITE.write_addr_inst/cmd_queue/inst/fifo_gen_inst/inst_fifo_gen/gconvfifo.rf/grf.rf/gntv_or_sync_fifo.gl0.rd/rpntr/gc0.count_reg[2]/C
                         clock pessimism              0.508    -0.328    
    SLICE_X100Y50        FDCE (Remov_fdce_C_CLR)     -0.067    -0.395    i_axi_dwidth_converter_dm_slave/inst/gen_downsizer.gen_simple_downsizer.axi_downsizer_inst/USE_WRITE.write_addr_inst/cmd_queue/inst/fifo_gen_inst/inst_fifo_gen/gconvfifo.rf/grf.rf/gntv_or_sync_fifo.gl0.rd/rpntr/gc0.count_reg[2]
  -------------------------------------------------------------------
                         required time                          0.395    
                         arrival time                          -0.018    
  -------------------------------------------------------------------
                         slack                                  0.377    

Slack (MET) :             0.381ns  (arrival time - required time)
  Source:                 i_axi_dwidth_converter_dm_slave/inst/gen_downsizer.gen_simple_downsizer.axi_downsizer_inst/USE_WRITE.write_addr_inst/cmd_queue/inst/fifo_gen_inst/inst_fifo_gen/gconvfifo.rf/grf.rf/rstblk/ngwrdrst.grst.g7serrst.gnsckt_wrst.gcc_rst.sckt_wr_rst_cc_reg[1]/C
                            (rising edge-triggered cell FDRE clocked by clk_out1_xlnx_clk_gen  {rise@0.000ns fall@10.000ns period=20.000ns})
  Destination:            i_axi_dwidth_converter_dm_slave/inst/gen_downsizer.gen_simple_downsizer.axi_downsizer_inst/USE_WRITE.write_addr_inst/cmd_queue/inst/fifo_gen_inst/inst_fifo_gen/gconvfifo.rf/grf.rf/gntv_or_sync_fifo.gl0.rd/rpntr/gc0.count_reg[0]/PRE
                            (removal check against rising-edge clock clk_out1_xlnx_clk_gen  {rise@0.000ns fall@10.000ns period=20.000ns})
  Path Group:             **async_default**
  Path Type:              Removal (Min at Fast Process Corner)
  Requirement:            0.000ns  (clk_out1_xlnx_clk_gen rise@0.000ns - clk_out1_xlnx_clk_gen rise@0.000ns)
  Data Path Delay:        0.575ns  (logic 0.186ns (32.371%)  route 0.389ns (67.629%))
  Logic Levels:           1  (LUT3=1)
  Clock Path Skew:        0.264ns (DCD - SCD - CPR)
    Destination Clock Delay (DCD):    -0.836ns
    Source Clock Delay      (SCD):    -0.593ns
    Clock Pessimism Removal (CPR):    -0.508ns

    Location             Delay type                Incr(ns)  Path(ns)    Netlist Resource(s)
  -------------------------------------------------------------------    -------------------
                         (clock clk_out1_xlnx_clk_gen rise edge)
                                                      0.000     0.000 r  
    K17                                               0.000     0.000 r  clk_sys (IN)
                         net (fo=0)                   0.000     0.000    i_xlnx_clk_gen/inst/clk_in1
    K17                  IBUF (Prop_ibuf_I_O)         0.243     0.243 r  i_xlnx_clk_gen/inst/clkin1_ibufg/O
                         net (fo=1, routed)           0.440     0.683    i_xlnx_clk_gen/inst/clk_in1_xlnx_clk_gen
    MMCME2_ADV_X1Y2      MMCME2_ADV (Prop_mmcme2_adv_CLKIN1_CLKOUT0)
                                                     -2.613    -1.930 r  i_xlnx_clk_gen/inst/mmcm_adv_inst/CLKOUT0
                         net (fo=1, routed)           0.696    -1.233    i_xlnx_clk_gen/inst/clk_out1_xlnx_clk_gen
    BUFGCTRL_X0Y16       BUFG (Prop_bufg_I_O)         0.026    -1.207 r  i_xlnx_clk_gen/inst/clkout1_buf/O
                         net (fo=16161, routed)       0.615    -0.593    i_axi_dwidth_converter_dm_slave/inst/gen_downsizer.gen_simple_downsizer.axi_downsizer_inst/USE_WRITE.write_addr_inst/cmd_queue/inst/fifo_gen_inst/inst_fifo_gen/gconvfifo.rf/grf.rf/rstblk/clk
    SLICE_X101Y49        FDRE                                         r  i_axi_dwidth_converter_dm_slave/inst/gen_downsizer.gen_simple_downsizer.axi_downsizer_inst/USE_WRITE.write_addr_inst/cmd_queue/inst/fifo_gen_inst/inst_fifo_gen/gconvfifo.rf/grf.rf/rstblk/ngwrdrst.grst.g7serrst.gnsckt_wrst.gcc_rst.sckt_wr_rst_cc_reg[1]/C
  -------------------------------------------------------------------    -------------------
    SLICE_X101Y49        FDRE (Prop_fdre_C_Q)         0.141    -0.452 f  i_axi_dwidth_converter_dm_slave/inst/gen_downsizer.gen_simple_downsizer.axi_downsizer_inst/USE_WRITE.write_addr_inst/cmd_queue/inst/fifo_gen_inst/inst_fifo_gen/gconvfifo.rf/grf.rf/rstblk/ngwrdrst.grst.g7serrst.gnsckt_wrst.gcc_rst.sckt_wr_rst_cc_reg[1]/Q
                         net (fo=2, routed)           0.112    -0.339    i_axi_dwidth_converter_dm_slave/inst/gen_downsizer.gen_simple_downsizer.axi_downsizer_inst/USE_WRITE.write_addr_inst/cmd_queue/inst/fifo_gen_inst/inst_fifo_gen/gconvfifo.rf/grf.rf/rstblk/ngwrdrst.grst.g7serrst.gnsckt_wrst.gcc_rst.sckt_wr_rst_cc[1]
    SLICE_X101Y48        LUT3 (Prop_lut3_I0_O)        0.045    -0.294 f  i_axi_dwidth_converter_dm_slave/inst/gen_downsizer.gen_simple_downsizer.axi_downsizer_inst/USE_WRITE.write_addr_inst/cmd_queue/inst/fifo_gen_inst/inst_fifo_gen/gconvfifo.rf/grf.rf/rstblk/gpregsm1.curr_fwft_state[1]_i_2/O
                         net (fo=32, routed)          0.276    -0.018    i_axi_dwidth_converter_dm_slave/inst/gen_downsizer.gen_simple_downsizer.axi_downsizer_inst/USE_WRITE.write_addr_inst/cmd_queue/inst/fifo_gen_inst/inst_fifo_gen/gconvfifo.rf/grf.rf/gntv_or_sync_fifo.gl0.rd/rpntr/gc0.count_d1_reg[4]_1
    SLICE_X100Y50        FDPE                                         f  i_axi_dwidth_converter_dm_slave/inst/gen_downsizer.gen_simple_downsizer.axi_downsizer_inst/USE_WRITE.write_addr_inst/cmd_queue/inst/fifo_gen_inst/inst_fifo_gen/gconvfifo.rf/grf.rf/gntv_or_sync_fifo.gl0.rd/rpntr/gc0.count_reg[0]/PRE
  -------------------------------------------------------------------    -------------------

                         (clock clk_out1_xlnx_clk_gen rise edge)
                                                      0.000     0.000 r  
    K17                                               0.000     0.000 r  clk_sys (IN)
                         net (fo=0)                   0.000     0.000    i_xlnx_clk_gen/inst/clk_in1
    K17                  IBUF (Prop_ibuf_I_O)         0.431     0.431 r  i_xlnx_clk_gen/inst/clkin1_ibufg/O
                         net (fo=1, routed)           0.480     0.911    i_xlnx_clk_gen/inst/clk_in1_xlnx_clk_gen
    MMCME2_ADV_X1Y2      MMCME2_ADV (Prop_mmcme2_adv_CLKIN1_CLKOUT0)
                                                     -3.407    -2.496 r  i_xlnx_clk_gen/inst/mmcm_adv_inst/CLKOUT0
                         net (fo=1, routed)           0.752    -1.744    i_xlnx_clk_gen/inst/clk_out1_xlnx_clk_gen
    BUFGCTRL_X0Y16       BUFG (Prop_bufg_I_O)         0.029    -1.715 r  i_xlnx_clk_gen/inst/clkout1_buf/O
                         net (fo=16161, routed)       0.879    -0.836    i_axi_dwidth_converter_dm_slave/inst/gen_downsizer.gen_simple_downsizer.axi_downsizer_inst/USE_WRITE.write_addr_inst/cmd_queue/inst/fifo_gen_inst/inst_fifo_gen/gconvfifo.rf/grf.rf/gntv_or_sync_fifo.gl0.rd/rpntr/clk
    SLICE_X100Y50        FDPE                                         r  i_axi_dwidth_converter_dm_slave/inst/gen_downsizer.gen_simple_downsizer.axi_downsizer_inst/USE_WRITE.write_addr_inst/cmd_queue/inst/fifo_gen_inst/inst_fifo_gen/gconvfifo.rf/grf.rf/gntv_or_sync_fifo.gl0.rd/rpntr/gc0.count_reg[0]/C
                         clock pessimism              0.508    -0.328    
    SLICE_X100Y50        FDPE (Remov_fdpe_C_PRE)     -0.071    -0.399    i_axi_dwidth_converter_dm_slave/inst/gen_downsizer.gen_simple_downsizer.axi_downsizer_inst/USE_WRITE.write_addr_inst/cmd_queue/inst/fifo_gen_inst/inst_fifo_gen/gconvfifo.rf/grf.rf/gntv_or_sync_fifo.gl0.rd/rpntr/gc0.count_reg[0]
  -------------------------------------------------------------------
                         required time                          0.399    
                         arrival time                          -0.018    
  -------------------------------------------------------------------
                         slack                                  0.381    





--------------------------------------------------------------------------------------
Path Group:  (none)
From Clock:  clk_out1_xlnx_clk_gen
  To Clock:  clk_out1_xlnx_clk_gen

Max Delay             6 Endpoints
Min Delay             6 Endpoints
--------------------------------------------------------------------------------------


Max Delay Paths
--------------------------------------------------------------------------------------
Slack:                    inf
  Source:                 i_rstgen_main/i_rstgen_bypass/synch_regs_q_reg[3]/C
                            (rising edge-triggered cell FDCE clocked by clk_out1_xlnx_clk_gen  {rise@0.000ns fall@10.000ns period=20.000ns})
  Destination:            i_axi_dwidth_converter_dm_slave/inst/gen_downsizer.gen_simple_downsizer.axi_downsizer_inst/USE_READ.read_addr_inst/cmd_queue/inst/fifo_gen_inst/inst_fifo_gen/gconvfifo.rf/grf.rf/rstblk/ngwrdrst.grst.g7serrst.gnsckt_wrst.rst_wr_reg2_inst/arststages_ff_reg[0]/PRE
                            (recovery check against rising-edge clock clk_out1_xlnx_clk_gen  {rise@0.000ns fall@10.000ns period=20.000ns})
  Path Group:             (none)
  Path Type:              Recovery (Max at Slow Process Corner)
  Data Path Delay:        4.652ns  (logic 0.580ns (12.467%)  route 4.072ns (87.533%))
  Logic Levels:           1  (LUT1=1)
  Clock Path Skew:        -0.620ns (DCD - SCD + CPR)
    Destination Clock Delay (DCD):    -1.582ns
    Source Clock Delay      (SCD):    -0.961ns
    Clock Pessimism Removal (CPR):    0.000ns
  Clock Uncertainty:      0.079ns  ((TSJ^2 + DJ^2)^1/2) / 2 + PE
    Total System Jitter     (TSJ):    0.071ns
    Discrete Jitter          (DJ):    0.142ns
    Phase Error              (PE):    0.000ns
  Timing Exception:       False Path

    Location             Delay type                Incr(ns)  Path(ns)    Netlist Resource(s)
  -------------------------------------------------------------------    -------------------
                         (clock clk_out1_xlnx_clk_gen rise edge)
                                                      0.000     0.000 r  
    K17                                               0.000     0.000 r  clk_sys (IN)
                         net (fo=0)                   0.000     0.000    i_xlnx_clk_gen/inst/clk_in1
    K17                  IBUF (Prop_ibuf_I_O)         1.475     1.475 r  i_xlnx_clk_gen/inst/clkin1_ibufg/O
                         net (fo=1, routed)           1.285     2.760    i_xlnx_clk_gen/inst/clk_in1_xlnx_clk_gen
    MMCME2_ADV_X1Y2      MMCME2_ADV (Prop_mmcme2_adv_CLKIN1_CLKOUT0)
                                                     -7.759    -4.999 r  i_xlnx_clk_gen/inst/mmcm_adv_inst/CLKOUT0
                         net (fo=1, routed)           2.206    -2.793    i_xlnx_clk_gen/inst/clk_out1_xlnx_clk_gen
    BUFGCTRL_X0Y16       BUFG (Prop_bufg_I_O)         0.101    -2.692 r  i_xlnx_clk_gen/inst/clkout1_buf/O
                         net (fo=16161, routed)       1.731    -0.961    i_rstgen_main/i_rstgen_bypass/clk_out1
    SLICE_X71Y40         FDCE                                         r  i_rstgen_main/i_rstgen_bypass/synch_regs_q_reg[3]/C
  -------------------------------------------------------------------    -------------------
    SLICE_X71Y40         FDCE (Prop_fdce_C_Q)         0.456    -0.505 r  i_rstgen_main/i_rstgen_bypass/synch_regs_q_reg[3]/Q
                         net (fo=19, routed)          2.371     1.866    i_axi_dwidth_converter_dm_slave/inst/gen_downsizer.gen_simple_downsizer.axi_downsizer_inst/USE_WRITE.write_addr_inst/USE_B_CHANNEL.cmd_b_queue/inst/out
    SLICE_X96Y46         LUT1 (Prop_lut1_I0_O)        0.124     1.990 f  i_axi_dwidth_converter_dm_slave/inst/gen_downsizer.gen_simple_downsizer.axi_downsizer_inst/USE_WRITE.write_addr_inst/USE_B_CHANNEL.cmd_b_queue/inst/S_AXI_AREADY_I_i_1/O
                         net (fo=165, routed)         1.701     3.691    i_axi_dwidth_converter_dm_slave/inst/gen_downsizer.gen_simple_downsizer.axi_downsizer_inst/USE_READ.read_addr_inst/cmd_queue/inst/fifo_gen_inst/inst_fifo_gen/gconvfifo.rf/grf.rf/rstblk/ngwrdrst.grst.g7serrst.gnsckt_wrst.rst_wr_reg2_inst/src_arst
    SLICE_X80Y49         FDPE                                         f  i_axi_dwidth_converter_dm_slave/inst/gen_downsizer.gen_simple_downsizer.axi_downsizer_inst/USE_READ.read_addr_inst/cmd_queue/inst/fifo_gen_inst/inst_fifo_gen/gconvfifo.rf/grf.rf/rstblk/ngwrdrst.grst.g7serrst.gnsckt_wrst.rst_wr_reg2_inst/arststages_ff_reg[0]/PRE
  -------------------------------------------------------------------    -------------------

                         (clock clk_out1_xlnx_clk_gen rise edge)
                                                      0.000     0.000 r  
    K17                                               0.000     0.000 r  clk_sys (IN)
                         net (fo=0)                   0.000     0.000    i_xlnx_clk_gen/inst/clk_in1
    K17                  IBUF (Prop_ibuf_I_O)         1.404     1.404 r  i_xlnx_clk_gen/inst/clkin1_ibufg/O
                         net (fo=1, routed)           1.162     2.566    i_xlnx_clk_gen/inst/clk_in1_xlnx_clk_gen
    MMCME2_ADV_X1Y2      MMCME2_ADV (Prop_mmcme2_adv_CLKIN1_CLKOUT0)
                                                     -7.814    -5.248 r  i_xlnx_clk_gen/inst/mmcm_adv_inst/CLKOUT0
                         net (fo=1, routed)           2.012    -3.236    i_xlnx_clk_gen/inst/clk_out1_xlnx_clk_gen
    BUFGCTRL_X0Y16       BUFG (Prop_bufg_I_O)         0.091    -3.145 r  i_xlnx_clk_gen/inst/clkout1_buf/O
                         net (fo=16161, routed)       1.563    -1.582    i_axi_dwidth_converter_dm_slave/inst/gen_downsizer.gen_simple_downsizer.axi_downsizer_inst/USE_READ.read_addr_inst/cmd_queue/inst/fifo_gen_inst/inst_fifo_gen/gconvfifo.rf/grf.rf/rstblk/ngwrdrst.grst.g7serrst.gnsckt_wrst.rst_wr_reg2_inst/dest_clk
    SLICE_X80Y49         FDPE                                         r  i_axi_dwidth_converter_dm_slave/inst/gen_downsizer.gen_simple_downsizer.axi_downsizer_inst/USE_READ.read_addr_inst/cmd_queue/inst/fifo_gen_inst/inst_fifo_gen/gconvfifo.rf/grf.rf/rstblk/ngwrdrst.grst.g7serrst.gnsckt_wrst.rst_wr_reg2_inst/arststages_ff_reg[0]/C

Slack:                    inf
  Source:                 i_rstgen_main/i_rstgen_bypass/synch_regs_q_reg[3]/C
                            (rising edge-triggered cell FDCE clocked by clk_out1_xlnx_clk_gen  {rise@0.000ns fall@10.000ns period=20.000ns})
  Destination:            i_axi_dwidth_converter_dm_slave/inst/gen_downsizer.gen_simple_downsizer.axi_downsizer_inst/USE_READ.read_addr_inst/cmd_queue/inst/fifo_gen_inst/inst_fifo_gen/gconvfifo.rf/grf.rf/rstblk/ngwrdrst.grst.g7serrst.gnsckt_wrst.rst_wr_reg2_inst/arststages_ff_reg[1]/PRE
                            (recovery check against rising-edge clock clk_out1_xlnx_clk_gen  {rise@0.000ns fall@10.000ns period=20.000ns})
  Path Group:             (none)
  Path Type:              Recovery (Max at Slow Process Corner)
  Data Path Delay:        4.652ns  (logic 0.580ns (12.467%)  route 4.072ns (87.533%))
  Logic Levels:           1  (LUT1=1)
  Clock Path Skew:        -0.620ns (DCD - SCD + CPR)
    Destination Clock Delay (DCD):    -1.582ns
    Source Clock Delay      (SCD):    -0.961ns
    Clock Pessimism Removal (CPR):    0.000ns
  Clock Uncertainty:      0.079ns  ((TSJ^2 + DJ^2)^1/2) / 2 + PE
    Total System Jitter     (TSJ):    0.071ns
    Discrete Jitter          (DJ):    0.142ns
    Phase Error              (PE):    0.000ns
  Timing Exception:       False Path

    Location             Delay type                Incr(ns)  Path(ns)    Netlist Resource(s)
  -------------------------------------------------------------------    -------------------
                         (clock clk_out1_xlnx_clk_gen rise edge)
                                                      0.000     0.000 r  
    K17                                               0.000     0.000 r  clk_sys (IN)
                         net (fo=0)                   0.000     0.000    i_xlnx_clk_gen/inst/clk_in1
    K17                  IBUF (Prop_ibuf_I_O)         1.475     1.475 r  i_xlnx_clk_gen/inst/clkin1_ibufg/O
                         net (fo=1, routed)           1.285     2.760    i_xlnx_clk_gen/inst/clk_in1_xlnx_clk_gen
    MMCME2_ADV_X1Y2      MMCME2_ADV (Prop_mmcme2_adv_CLKIN1_CLKOUT0)
                                                     -7.759    -4.999 r  i_xlnx_clk_gen/inst/mmcm_adv_inst/CLKOUT0
                         net (fo=1, routed)           2.206    -2.793    i_xlnx_clk_gen/inst/clk_out1_xlnx_clk_gen
    BUFGCTRL_X0Y16       BUFG (Prop_bufg_I_O)         0.101    -2.692 r  i_xlnx_clk_gen/inst/clkout1_buf/O
                         net (fo=16161, routed)       1.731    -0.961    i_rstgen_main/i_rstgen_bypass/clk_out1
    SLICE_X71Y40         FDCE                                         r  i_rstgen_main/i_rstgen_bypass/synch_regs_q_reg[3]/C
  -------------------------------------------------------------------    -------------------
    SLICE_X71Y40         FDCE (Prop_fdce_C_Q)         0.456    -0.505 r  i_rstgen_main/i_rstgen_bypass/synch_regs_q_reg[3]/Q
                         net (fo=19, routed)          2.371     1.866    i_axi_dwidth_converter_dm_slave/inst/gen_downsizer.gen_simple_downsizer.axi_downsizer_inst/USE_WRITE.write_addr_inst/USE_B_CHANNEL.cmd_b_queue/inst/out
    SLICE_X96Y46         LUT1 (Prop_lut1_I0_O)        0.124     1.990 f  i_axi_dwidth_converter_dm_slave/inst/gen_downsizer.gen_simple_downsizer.axi_downsizer_inst/USE_WRITE.write_addr_inst/USE_B_CHANNEL.cmd_b_queue/inst/S_AXI_AREADY_I_i_1/O
                         net (fo=165, routed)         1.701     3.691    i_axi_dwidth_converter_dm_slave/inst/gen_downsizer.gen_simple_downsizer.axi_downsizer_inst/USE_READ.read_addr_inst/cmd_queue/inst/fifo_gen_inst/inst_fifo_gen/gconvfifo.rf/grf.rf/rstblk/ngwrdrst.grst.g7serrst.gnsckt_wrst.rst_wr_reg2_inst/src_arst
    SLICE_X80Y49         FDPE                                         f  i_axi_dwidth_converter_dm_slave/inst/gen_downsizer.gen_simple_downsizer.axi_downsizer_inst/USE_READ.read_addr_inst/cmd_queue/inst/fifo_gen_inst/inst_fifo_gen/gconvfifo.rf/grf.rf/rstblk/ngwrdrst.grst.g7serrst.gnsckt_wrst.rst_wr_reg2_inst/arststages_ff_reg[1]/PRE
  -------------------------------------------------------------------    -------------------

                         (clock clk_out1_xlnx_clk_gen rise edge)
                                                      0.000     0.000 r  
    K17                                               0.000     0.000 r  clk_sys (IN)
                         net (fo=0)                   0.000     0.000    i_xlnx_clk_gen/inst/clk_in1
    K17                  IBUF (Prop_ibuf_I_O)         1.404     1.404 r  i_xlnx_clk_gen/inst/clkin1_ibufg/O
                         net (fo=1, routed)           1.162     2.566    i_xlnx_clk_gen/inst/clk_in1_xlnx_clk_gen
    MMCME2_ADV_X1Y2      MMCME2_ADV (Prop_mmcme2_adv_CLKIN1_CLKOUT0)
                                                     -7.814    -5.248 r  i_xlnx_clk_gen/inst/mmcm_adv_inst/CLKOUT0
                         net (fo=1, routed)           2.012    -3.236    i_xlnx_clk_gen/inst/clk_out1_xlnx_clk_gen
    BUFGCTRL_X0Y16       BUFG (Prop_bufg_I_O)         0.091    -3.145 r  i_xlnx_clk_gen/inst/clkout1_buf/O
                         net (fo=16161, routed)       1.563    -1.582    i_axi_dwidth_converter_dm_slave/inst/gen_downsizer.gen_simple_downsizer.axi_downsizer_inst/USE_READ.read_addr_inst/cmd_queue/inst/fifo_gen_inst/inst_fifo_gen/gconvfifo.rf/grf.rf/rstblk/ngwrdrst.grst.g7serrst.gnsckt_wrst.rst_wr_reg2_inst/dest_clk
    SLICE_X80Y49         FDPE                                         r  i_axi_dwidth_converter_dm_slave/inst/gen_downsizer.gen_simple_downsizer.axi_downsizer_inst/USE_READ.read_addr_inst/cmd_queue/inst/fifo_gen_inst/inst_fifo_gen/gconvfifo.rf/grf.rf/rstblk/ngwrdrst.grst.g7serrst.gnsckt_wrst.rst_wr_reg2_inst/arststages_ff_reg[1]/C

Slack:                    inf
  Source:                 i_rstgen_main/i_rstgen_bypass/synch_regs_q_reg[3]/C
                            (rising edge-triggered cell FDCE clocked by clk_out1_xlnx_clk_gen  {rise@0.000ns fall@10.000ns period=20.000ns})
  Destination:            i_axi_dwidth_converter_dm_slave/inst/gen_downsizer.gen_simple_downsizer.axi_downsizer_inst/USE_WRITE.write_addr_inst/USE_B_CHANNEL.cmd_b_queue/inst/fifo_gen_inst/inst_fifo_gen/gconvfifo.rf/grf.rf/rstblk/ngwrdrst.grst.g7serrst.gnsckt_wrst.rst_wr_reg2_inst/arststages_ff_reg[0]/PRE
                            (recovery check against rising-edge clock clk_out1_xlnx_clk_gen  {rise@0.000ns fall@10.000ns period=20.000ns})
  Path Group:             (none)
  Path Type:              Recovery (Max at Slow Process Corner)
  Data Path Delay:        4.374ns  (logic 0.580ns (13.261%)  route 3.794ns (86.739%))
  Logic Levels:           1  (LUT1=1)
  Clock Path Skew:        -0.576ns (DCD - SCD + CPR)
    Destination Clock Delay (DCD):    -1.537ns
    Source Clock Delay      (SCD):    -0.961ns
    Clock Pessimism Removal (CPR):    0.000ns
  Clock Uncertainty:      0.079ns  ((TSJ^2 + DJ^2)^1/2) / 2 + PE
    Total System Jitter     (TSJ):    0.071ns
    Discrete Jitter          (DJ):    0.142ns
    Phase Error              (PE):    0.000ns
  Timing Exception:       False Path

    Location             Delay type                Incr(ns)  Path(ns)    Netlist Resource(s)
  -------------------------------------------------------------------    -------------------
                         (clock clk_out1_xlnx_clk_gen rise edge)
                                                      0.000     0.000 r  
    K17                                               0.000     0.000 r  clk_sys (IN)
                         net (fo=0)                   0.000     0.000    i_xlnx_clk_gen/inst/clk_in1
    K17                  IBUF (Prop_ibuf_I_O)         1.475     1.475 r  i_xlnx_clk_gen/inst/clkin1_ibufg/O
                         net (fo=1, routed)           1.285     2.760    i_xlnx_clk_gen/inst/clk_in1_xlnx_clk_gen
    MMCME2_ADV_X1Y2      MMCME2_ADV (Prop_mmcme2_adv_CLKIN1_CLKOUT0)
                                                     -7.759    -4.999 r  i_xlnx_clk_gen/inst/mmcm_adv_inst/CLKOUT0
                         net (fo=1, routed)           2.206    -2.793    i_xlnx_clk_gen/inst/clk_out1_xlnx_clk_gen
    BUFGCTRL_X0Y16       BUFG (Prop_bufg_I_O)         0.101    -2.692 r  i_xlnx_clk_gen/inst/clkout1_buf/O
                         net (fo=16161, routed)       1.731    -0.961    i_rstgen_main/i_rstgen_bypass/clk_out1
    SLICE_X71Y40         FDCE                                         r  i_rstgen_main/i_rstgen_bypass/synch_regs_q_reg[3]/C
  -------------------------------------------------------------------    -------------------
    SLICE_X71Y40         FDCE (Prop_fdce_C_Q)         0.456    -0.505 r  i_rstgen_main/i_rstgen_bypass/synch_regs_q_reg[3]/Q
                         net (fo=19, routed)          2.371     1.866    i_axi_dwidth_converter_dm_slave/inst/gen_downsizer.gen_simple_downsizer.axi_downsizer_inst/USE_WRITE.write_addr_inst/USE_B_CHANNEL.cmd_b_queue/inst/out
    SLICE_X96Y46         LUT1 (Prop_lut1_I0_O)        0.124     1.990 f  i_axi_dwidth_converter_dm_slave/inst/gen_downsizer.gen_simple_downsizer.axi_downsizer_inst/USE_WRITE.write_addr_inst/USE_B_CHANNEL.cmd_b_queue/inst/S_AXI_AREADY_I_i_1/O
                         net (fo=165, routed)         1.423     3.412    i_axi_dwidth_converter_dm_slave/inst/gen_downsizer.gen_simple_downsizer.axi_downsizer_inst/USE_WRITE.write_addr_inst/USE_B_CHANNEL.cmd_b_queue/inst/fifo_gen_inst/inst_fifo_gen/gconvfifo.rf/grf.rf/rstblk/ngwrdrst.grst.g7serrst.gnsckt_wrst.rst_wr_reg2_inst/src_arst
    SLICE_X98Y53         FDPE                                         f  i_axi_dwidth_converter_dm_slave/inst/gen_downsizer.gen_simple_downsizer.axi_downsizer_inst/USE_WRITE.write_addr_inst/USE_B_CHANNEL.cmd_b_queue/inst/fifo_gen_inst/inst_fifo_gen/gconvfifo.rf/grf.rf/rstblk/ngwrdrst.grst.g7serrst.gnsckt_wrst.rst_wr_reg2_inst/arststages_ff_reg[0]/PRE
  -------------------------------------------------------------------    -------------------

                         (clock clk_out1_xlnx_clk_gen rise edge)
                                                      0.000     0.000 r  
    K17                                               0.000     0.000 r  clk_sys (IN)
                         net (fo=0)                   0.000     0.000    i_xlnx_clk_gen/inst/clk_in1
    K17                  IBUF (Prop_ibuf_I_O)         1.404     1.404 r  i_xlnx_clk_gen/inst/clkin1_ibufg/O
                         net (fo=1, routed)           1.162     2.566    i_xlnx_clk_gen/inst/clk_in1_xlnx_clk_gen
    MMCME2_ADV_X1Y2      MMCME2_ADV (Prop_mmcme2_adv_CLKIN1_CLKOUT0)
                                                     -7.814    -5.248 r  i_xlnx_clk_gen/inst/mmcm_adv_inst/CLKOUT0
                         net (fo=1, routed)           2.012    -3.236    i_xlnx_clk_gen/inst/clk_out1_xlnx_clk_gen
    BUFGCTRL_X0Y16       BUFG (Prop_bufg_I_O)         0.091    -3.145 r  i_xlnx_clk_gen/inst/clkout1_buf/O
                         net (fo=16161, routed)       1.608    -1.537    i_axi_dwidth_converter_dm_slave/inst/gen_downsizer.gen_simple_downsizer.axi_downsizer_inst/USE_WRITE.write_addr_inst/USE_B_CHANNEL.cmd_b_queue/inst/fifo_gen_inst/inst_fifo_gen/gconvfifo.rf/grf.rf/rstblk/ngwrdrst.grst.g7serrst.gnsckt_wrst.rst_wr_reg2_inst/dest_clk
    SLICE_X98Y53         FDPE                                         r  i_axi_dwidth_converter_dm_slave/inst/gen_downsizer.gen_simple_downsizer.axi_downsizer_inst/USE_WRITE.write_addr_inst/USE_B_CHANNEL.cmd_b_queue/inst/fifo_gen_inst/inst_fifo_gen/gconvfifo.rf/grf.rf/rstblk/ngwrdrst.grst.g7serrst.gnsckt_wrst.rst_wr_reg2_inst/arststages_ff_reg[0]/C

Slack:                    inf
  Source:                 i_rstgen_main/i_rstgen_bypass/synch_regs_q_reg[3]/C
                            (rising edge-triggered cell FDCE clocked by clk_out1_xlnx_clk_gen  {rise@0.000ns fall@10.000ns period=20.000ns})
  Destination:            i_axi_dwidth_converter_dm_slave/inst/gen_downsizer.gen_simple_downsizer.axi_downsizer_inst/USE_WRITE.write_addr_inst/USE_B_CHANNEL.cmd_b_queue/inst/fifo_gen_inst/inst_fifo_gen/gconvfifo.rf/grf.rf/rstblk/ngwrdrst.grst.g7serrst.gnsckt_wrst.rst_wr_reg2_inst/arststages_ff_reg[1]/PRE
                            (recovery check against rising-edge clock clk_out1_xlnx_clk_gen  {rise@0.000ns fall@10.000ns period=20.000ns})
  Path Group:             (none)
  Path Type:              Recovery (Max at Slow Process Corner)
  Data Path Delay:        4.374ns  (logic 0.580ns (13.261%)  route 3.794ns (86.739%))
  Logic Levels:           1  (LUT1=1)
  Clock Path Skew:        -0.576ns (DCD - SCD + CPR)
    Destination Clock Delay (DCD):    -1.537ns
    Source Clock Delay      (SCD):    -0.961ns
    Clock Pessimism Removal (CPR):    0.000ns
  Clock Uncertainty:      0.079ns  ((TSJ^2 + DJ^2)^1/2) / 2 + PE
    Total System Jitter     (TSJ):    0.071ns
    Discrete Jitter          (DJ):    0.142ns
    Phase Error              (PE):    0.000ns
  Timing Exception:       False Path

    Location             Delay type                Incr(ns)  Path(ns)    Netlist Resource(s)
  -------------------------------------------------------------------    -------------------
                         (clock clk_out1_xlnx_clk_gen rise edge)
                                                      0.000     0.000 r  
    K17                                               0.000     0.000 r  clk_sys (IN)
                         net (fo=0)                   0.000     0.000    i_xlnx_clk_gen/inst/clk_in1
    K17                  IBUF (Prop_ibuf_I_O)         1.475     1.475 r  i_xlnx_clk_gen/inst/clkin1_ibufg/O
                         net (fo=1, routed)           1.285     2.760    i_xlnx_clk_gen/inst/clk_in1_xlnx_clk_gen
    MMCME2_ADV_X1Y2      MMCME2_ADV (Prop_mmcme2_adv_CLKIN1_CLKOUT0)
                                                     -7.759    -4.999 r  i_xlnx_clk_gen/inst/mmcm_adv_inst/CLKOUT0
                         net (fo=1, routed)           2.206    -2.793    i_xlnx_clk_gen/inst/clk_out1_xlnx_clk_gen
    BUFGCTRL_X0Y16       BUFG (Prop_bufg_I_O)         0.101    -2.692 r  i_xlnx_clk_gen/inst/clkout1_buf/O
                         net (fo=16161, routed)       1.731    -0.961    i_rstgen_main/i_rstgen_bypass/clk_out1
    SLICE_X71Y40         FDCE                                         r  i_rstgen_main/i_rstgen_bypass/synch_regs_q_reg[3]/C
  -------------------------------------------------------------------    -------------------
    SLICE_X71Y40         FDCE (Prop_fdce_C_Q)         0.456    -0.505 r  i_rstgen_main/i_rstgen_bypass/synch_regs_q_reg[3]/Q
                         net (fo=19, routed)          2.371     1.866    i_axi_dwidth_converter_dm_slave/inst/gen_downsizer.gen_simple_downsizer.axi_downsizer_inst/USE_WRITE.write_addr_inst/USE_B_CHANNEL.cmd_b_queue/inst/out
    SLICE_X96Y46         LUT1 (Prop_lut1_I0_O)        0.124     1.990 f  i_axi_dwidth_converter_dm_slave/inst/gen_downsizer.gen_simple_downsizer.axi_downsizer_inst/USE_WRITE.write_addr_inst/USE_B_CHANNEL.cmd_b_queue/inst/S_AXI_AREADY_I_i_1/O
                         net (fo=165, routed)         1.423     3.412    i_axi_dwidth_converter_dm_slave/inst/gen_downsizer.gen_simple_downsizer.axi_downsizer_inst/USE_WRITE.write_addr_inst/USE_B_CHANNEL.cmd_b_queue/inst/fifo_gen_inst/inst_fifo_gen/gconvfifo.rf/grf.rf/rstblk/ngwrdrst.grst.g7serrst.gnsckt_wrst.rst_wr_reg2_inst/src_arst
    SLICE_X98Y53         FDPE                                         f  i_axi_dwidth_converter_dm_slave/inst/gen_downsizer.gen_simple_downsizer.axi_downsizer_inst/USE_WRITE.write_addr_inst/USE_B_CHANNEL.cmd_b_queue/inst/fifo_gen_inst/inst_fifo_gen/gconvfifo.rf/grf.rf/rstblk/ngwrdrst.grst.g7serrst.gnsckt_wrst.rst_wr_reg2_inst/arststages_ff_reg[1]/PRE
  -------------------------------------------------------------------    -------------------

                         (clock clk_out1_xlnx_clk_gen rise edge)
                                                      0.000     0.000 r  
    K17                                               0.000     0.000 r  clk_sys (IN)
                         net (fo=0)                   0.000     0.000    i_xlnx_clk_gen/inst/clk_in1
    K17                  IBUF (Prop_ibuf_I_O)         1.404     1.404 r  i_xlnx_clk_gen/inst/clkin1_ibufg/O
                         net (fo=1, routed)           1.162     2.566    i_xlnx_clk_gen/inst/clk_in1_xlnx_clk_gen
    MMCME2_ADV_X1Y2      MMCME2_ADV (Prop_mmcme2_adv_CLKIN1_CLKOUT0)
                                                     -7.814    -5.248 r  i_xlnx_clk_gen/inst/mmcm_adv_inst/CLKOUT0
                         net (fo=1, routed)           2.012    -3.236    i_xlnx_clk_gen/inst/clk_out1_xlnx_clk_gen
    BUFGCTRL_X0Y16       BUFG (Prop_bufg_I_O)         0.091    -3.145 r  i_xlnx_clk_gen/inst/clkout1_buf/O
                         net (fo=16161, routed)       1.608    -1.537    i_axi_dwidth_converter_dm_slave/inst/gen_downsizer.gen_simple_downsizer.axi_downsizer_inst/USE_WRITE.write_addr_inst/USE_B_CHANNEL.cmd_b_queue/inst/fifo_gen_inst/inst_fifo_gen/gconvfifo.rf/grf.rf/rstblk/ngwrdrst.grst.g7serrst.gnsckt_wrst.rst_wr_reg2_inst/dest_clk
    SLICE_X98Y53         FDPE                                         r  i_axi_dwidth_converter_dm_slave/inst/gen_downsizer.gen_simple_downsizer.axi_downsizer_inst/USE_WRITE.write_addr_inst/USE_B_CHANNEL.cmd_b_queue/inst/fifo_gen_inst/inst_fifo_gen/gconvfifo.rf/grf.rf/rstblk/ngwrdrst.grst.g7serrst.gnsckt_wrst.rst_wr_reg2_inst/arststages_ff_reg[1]/C

Slack:                    inf
  Source:                 i_rstgen_main/i_rstgen_bypass/synch_regs_q_reg[3]/C
                            (rising edge-triggered cell FDCE clocked by clk_out1_xlnx_clk_gen  {rise@0.000ns fall@10.000ns period=20.000ns})
  Destination:            i_axi_dwidth_converter_dm_slave/inst/gen_downsizer.gen_simple_downsizer.axi_downsizer_inst/USE_WRITE.write_addr_inst/cmd_queue/inst/fifo_gen_inst/inst_fifo_gen/gconvfifo.rf/grf.rf/rstblk/ngwrdrst.grst.g7serrst.gnsckt_wrst.rst_wr_reg2_inst/arststages_ff_reg[0]/PRE
                            (recovery check against rising-edge clock clk_out1_xlnx_clk_gen  {rise@0.000ns fall@10.000ns period=20.000ns})
  Path Group:             (none)
  Path Type:              Recovery (Max at Slow Process Corner)
  Data Path Delay:        4.173ns  (logic 0.580ns (13.898%)  route 3.593ns (86.102%))
  Logic Levels:           1  (LUT1=1)
  Clock Path Skew:        -0.557ns (DCD - SCD + CPR)
    Destination Clock Delay (DCD):    -1.519ns
    Source Clock Delay      (SCD):    -0.961ns
    Clock Pessimism Removal (CPR):    0.000ns
  Clock Uncertainty:      0.079ns  ((TSJ^2 + DJ^2)^1/2) / 2 + PE
    Total System Jitter     (TSJ):    0.071ns
    Discrete Jitter          (DJ):    0.142ns
    Phase Error              (PE):    0.000ns
  Timing Exception:       False Path

    Location             Delay type                Incr(ns)  Path(ns)    Netlist Resource(s)
  -------------------------------------------------------------------    -------------------
                         (clock clk_out1_xlnx_clk_gen rise edge)
                                                      0.000     0.000 r  
    K17                                               0.000     0.000 r  clk_sys (IN)
                         net (fo=0)                   0.000     0.000    i_xlnx_clk_gen/inst/clk_in1
    K17                  IBUF (Prop_ibuf_I_O)         1.475     1.475 r  i_xlnx_clk_gen/inst/clkin1_ibufg/O
                         net (fo=1, routed)           1.285     2.760    i_xlnx_clk_gen/inst/clk_in1_xlnx_clk_gen
    MMCME2_ADV_X1Y2      MMCME2_ADV (Prop_mmcme2_adv_CLKIN1_CLKOUT0)
                                                     -7.759    -4.999 r  i_xlnx_clk_gen/inst/mmcm_adv_inst/CLKOUT0
                         net (fo=1, routed)           2.206    -2.793    i_xlnx_clk_gen/inst/clk_out1_xlnx_clk_gen
    BUFGCTRL_X0Y16       BUFG (Prop_bufg_I_O)         0.101    -2.692 r  i_xlnx_clk_gen/inst/clkout1_buf/O
                         net (fo=16161, routed)       1.731    -0.961    i_rstgen_main/i_rstgen_bypass/clk_out1
    SLICE_X71Y40         FDCE                                         r  i_rstgen_main/i_rstgen_bypass/synch_regs_q_reg[3]/C
  -------------------------------------------------------------------    -------------------
    SLICE_X71Y40         FDCE (Prop_fdce_C_Q)         0.456    -0.505 r  i_rstgen_main/i_rstgen_bypass/synch_regs_q_reg[3]/Q
                         net (fo=19, routed)          2.371     1.866    i_axi_dwidth_converter_dm_slave/inst/gen_downsizer.gen_simple_downsizer.axi_downsizer_inst/USE_WRITE.write_addr_inst/USE_B_CHANNEL.cmd_b_queue/inst/out
    SLICE_X96Y46         LUT1 (Prop_lut1_I0_O)        0.124     1.990 f  i_axi_dwidth_converter_dm_slave/inst/gen_downsizer.gen_simple_downsizer.axi_downsizer_inst/USE_WRITE.write_addr_inst/USE_B_CHANNEL.cmd_b_queue/inst/S_AXI_AREADY_I_i_1/O
                         net (fo=165, routed)         1.222     3.212    i_axi_dwidth_converter_dm_slave/inst/gen_downsizer.gen_simple_downsizer.axi_downsizer_inst/USE_WRITE.write_addr_inst/cmd_queue/inst/fifo_gen_inst/inst_fifo_gen/gconvfifo.rf/grf.rf/rstblk/ngwrdrst.grst.g7serrst.gnsckt_wrst.rst_wr_reg2_inst/src_arst
    SLICE_X101Y48        FDPE                                         f  i_axi_dwidth_converter_dm_slave/inst/gen_downsizer.gen_simple_downsizer.axi_downsizer_inst/USE_WRITE.write_addr_inst/cmd_queue/inst/fifo_gen_inst/inst_fifo_gen/gconvfifo.rf/grf.rf/rstblk/ngwrdrst.grst.g7serrst.gnsckt_wrst.rst_wr_reg2_inst/arststages_ff_reg[0]/PRE
  -------------------------------------------------------------------    -------------------

                         (clock clk_out1_xlnx_clk_gen rise edge)
                                                      0.000     0.000 r  
    K17                                               0.000     0.000 r  clk_sys (IN)
                         net (fo=0)                   0.000     0.000    i_xlnx_clk_gen/inst/clk_in1
    K17                  IBUF (Prop_ibuf_I_O)         1.404     1.404 r  i_xlnx_clk_gen/inst/clkin1_ibufg/O
                         net (fo=1, routed)           1.162     2.566    i_xlnx_clk_gen/inst/clk_in1_xlnx_clk_gen
    MMCME2_ADV_X1Y2      MMCME2_ADV (Prop_mmcme2_adv_CLKIN1_CLKOUT0)
                                                     -7.814    -5.248 r  i_xlnx_clk_gen/inst/mmcm_adv_inst/CLKOUT0
                         net (fo=1, routed)           2.012    -3.236    i_xlnx_clk_gen/inst/clk_out1_xlnx_clk_gen
    BUFGCTRL_X0Y16       BUFG (Prop_bufg_I_O)         0.091    -3.145 r  i_xlnx_clk_gen/inst/clkout1_buf/O
                         net (fo=16161, routed)       1.626    -1.519    i_axi_dwidth_converter_dm_slave/inst/gen_downsizer.gen_simple_downsizer.axi_downsizer_inst/USE_WRITE.write_addr_inst/cmd_queue/inst/fifo_gen_inst/inst_fifo_gen/gconvfifo.rf/grf.rf/rstblk/ngwrdrst.grst.g7serrst.gnsckt_wrst.rst_wr_reg2_inst/dest_clk
    SLICE_X101Y48        FDPE                                         r  i_axi_dwidth_converter_dm_slave/inst/gen_downsizer.gen_simple_downsizer.axi_downsizer_inst/USE_WRITE.write_addr_inst/cmd_queue/inst/fifo_gen_inst/inst_fifo_gen/gconvfifo.rf/grf.rf/rstblk/ngwrdrst.grst.g7serrst.gnsckt_wrst.rst_wr_reg2_inst/arststages_ff_reg[0]/C

Slack:                    inf
  Source:                 i_rstgen_main/i_rstgen_bypass/synch_regs_q_reg[3]/C
                            (rising edge-triggered cell FDCE clocked by clk_out1_xlnx_clk_gen  {rise@0.000ns fall@10.000ns period=20.000ns})
  Destination:            i_axi_dwidth_converter_dm_slave/inst/gen_downsizer.gen_simple_downsizer.axi_downsizer_inst/USE_WRITE.write_addr_inst/cmd_queue/inst/fifo_gen_inst/inst_fifo_gen/gconvfifo.rf/grf.rf/rstblk/ngwrdrst.grst.g7serrst.gnsckt_wrst.rst_wr_reg2_inst/arststages_ff_reg[1]/PRE
                            (recovery check against rising-edge clock clk_out1_xlnx_clk_gen  {rise@0.000ns fall@10.000ns period=20.000ns})
  Path Group:             (none)
  Path Type:              Recovery (Max at Slow Process Corner)
  Data Path Delay:        4.173ns  (logic 0.580ns (13.898%)  route 3.593ns (86.102%))
  Logic Levels:           1  (LUT1=1)
  Clock Path Skew:        -0.557ns (DCD - SCD + CPR)
    Destination Clock Delay (DCD):    -1.519ns
    Source Clock Delay      (SCD):    -0.961ns
    Clock Pessimism Removal (CPR):    0.000ns
  Clock Uncertainty:      0.079ns  ((TSJ^2 + DJ^2)^1/2) / 2 + PE
    Total System Jitter     (TSJ):    0.071ns
    Discrete Jitter          (DJ):    0.142ns
    Phase Error              (PE):    0.000ns
  Timing Exception:       False Path

    Location             Delay type                Incr(ns)  Path(ns)    Netlist Resource(s)
  -------------------------------------------------------------------    -------------------
                         (clock clk_out1_xlnx_clk_gen rise edge)
                                                      0.000     0.000 r  
    K17                                               0.000     0.000 r  clk_sys (IN)
                         net (fo=0)                   0.000     0.000    i_xlnx_clk_gen/inst/clk_in1
    K17                  IBUF (Prop_ibuf_I_O)         1.475     1.475 r  i_xlnx_clk_gen/inst/clkin1_ibufg/O
                         net (fo=1, routed)           1.285     2.760    i_xlnx_clk_gen/inst/clk_in1_xlnx_clk_gen
    MMCME2_ADV_X1Y2      MMCME2_ADV (Prop_mmcme2_adv_CLKIN1_CLKOUT0)
                                                     -7.759    -4.999 r  i_xlnx_clk_gen/inst/mmcm_adv_inst/CLKOUT0
                         net (fo=1, routed)           2.206    -2.793    i_xlnx_clk_gen/inst/clk_out1_xlnx_clk_gen
    BUFGCTRL_X0Y16       BUFG (Prop_bufg_I_O)         0.101    -2.692 r  i_xlnx_clk_gen/inst/clkout1_buf/O
                         net (fo=16161, routed)       1.731    -0.961    i_rstgen_main/i_rstgen_bypass/clk_out1
    SLICE_X71Y40         FDCE                                         r  i_rstgen_main/i_rstgen_bypass/synch_regs_q_reg[3]/C
  -------------------------------------------------------------------    -------------------
    SLICE_X71Y40         FDCE (Prop_fdce_C_Q)         0.456    -0.505 r  i_rstgen_main/i_rstgen_bypass/synch_regs_q_reg[3]/Q
                         net (fo=19, routed)          2.371     1.866    i_axi_dwidth_converter_dm_slave/inst/gen_downsizer.gen_simple_downsizer.axi_downsizer_inst/USE_WRITE.write_addr_inst/USE_B_CHANNEL.cmd_b_queue/inst/out
    SLICE_X96Y46         LUT1 (Prop_lut1_I0_O)        0.124     1.990 f  i_axi_dwidth_converter_dm_slave/inst/gen_downsizer.gen_simple_downsizer.axi_downsizer_inst/USE_WRITE.write_addr_inst/USE_B_CHANNEL.cmd_b_queue/inst/S_AXI_AREADY_I_i_1/O
                         net (fo=165, routed)         1.222     3.212    i_axi_dwidth_converter_dm_slave/inst/gen_downsizer.gen_simple_downsizer.axi_downsizer_inst/USE_WRITE.write_addr_inst/cmd_queue/inst/fifo_gen_inst/inst_fifo_gen/gconvfifo.rf/grf.rf/rstblk/ngwrdrst.grst.g7serrst.gnsckt_wrst.rst_wr_reg2_inst/src_arst
    SLICE_X101Y48        FDPE                                         f  i_axi_dwidth_converter_dm_slave/inst/gen_downsizer.gen_simple_downsizer.axi_downsizer_inst/USE_WRITE.write_addr_inst/cmd_queue/inst/fifo_gen_inst/inst_fifo_gen/gconvfifo.rf/grf.rf/rstblk/ngwrdrst.grst.g7serrst.gnsckt_wrst.rst_wr_reg2_inst/arststages_ff_reg[1]/PRE
  -------------------------------------------------------------------    -------------------

                         (clock clk_out1_xlnx_clk_gen rise edge)
                                                      0.000     0.000 r  
    K17                                               0.000     0.000 r  clk_sys (IN)
                         net (fo=0)                   0.000     0.000    i_xlnx_clk_gen/inst/clk_in1
    K17                  IBUF (Prop_ibuf_I_O)         1.404     1.404 r  i_xlnx_clk_gen/inst/clkin1_ibufg/O
                         net (fo=1, routed)           1.162     2.566    i_xlnx_clk_gen/inst/clk_in1_xlnx_clk_gen
    MMCME2_ADV_X1Y2      MMCME2_ADV (Prop_mmcme2_adv_CLKIN1_CLKOUT0)
                                                     -7.814    -5.248 r  i_xlnx_clk_gen/inst/mmcm_adv_inst/CLKOUT0
                         net (fo=1, routed)           2.012    -3.236    i_xlnx_clk_gen/inst/clk_out1_xlnx_clk_gen
    BUFGCTRL_X0Y16       BUFG (Prop_bufg_I_O)         0.091    -3.145 r  i_xlnx_clk_gen/inst/clkout1_buf/O
                         net (fo=16161, routed)       1.626    -1.519    i_axi_dwidth_converter_dm_slave/inst/gen_downsizer.gen_simple_downsizer.axi_downsizer_inst/USE_WRITE.write_addr_inst/cmd_queue/inst/fifo_gen_inst/inst_fifo_gen/gconvfifo.rf/grf.rf/rstblk/ngwrdrst.grst.g7serrst.gnsckt_wrst.rst_wr_reg2_inst/dest_clk
    SLICE_X101Y48        FDPE                                         r  i_axi_dwidth_converter_dm_slave/inst/gen_downsizer.gen_simple_downsizer.axi_downsizer_inst/USE_WRITE.write_addr_inst/cmd_queue/inst/fifo_gen_inst/inst_fifo_gen/gconvfifo.rf/grf.rf/rstblk/ngwrdrst.grst.g7serrst.gnsckt_wrst.rst_wr_reg2_inst/arststages_ff_reg[1]/C





Min Delay Paths
--------------------------------------------------------------------------------------
Slack:                    inf
  Source:                 i_rstgen_main/i_rstgen_bypass/synch_regs_q_reg[3]/C
                            (rising edge-triggered cell FDCE clocked by clk_out1_xlnx_clk_gen  {rise@0.000ns fall@10.000ns period=20.000ns})
  Destination:            i_axi_dwidth_converter_dm_slave/inst/gen_downsizer.gen_simple_downsizer.axi_downsizer_inst/USE_WRITE.write_addr_inst/cmd_queue/inst/fifo_gen_inst/inst_fifo_gen/gconvfifo.rf/grf.rf/rstblk/ngwrdrst.grst.g7serrst.gnsckt_wrst.rst_wr_reg2_inst/arststages_ff_reg[0]/PRE
                            (removal check against rising-edge clock clk_out1_xlnx_clk_gen  {rise@0.000ns fall@10.000ns period=20.000ns})
  Path Group:             (none)
  Path Type:              Removal (Min at Fast Process Corner)
  Data Path Delay:        1.708ns  (logic 0.186ns (10.889%)  route 1.522ns (89.111%))
  Logic Levels:           1  (LUT1=1)
  Clock Path Skew:        -0.210ns (DCD - SCD - CPR)
    Destination Clock Delay (DCD):    -0.831ns
    Source Clock Delay      (SCD):    -0.622ns
    Clock Pessimism Removal (CPR):    -0.000ns
  Clock Uncertainty:      0.079ns  ((TSJ^2 + DJ^2)^1/2) / 2 + PE
    Total System Jitter     (TSJ):    0.071ns
    Discrete Jitter          (DJ):    0.142ns
    Phase Error              (PE):    0.000ns
  Timing Exception:       False Path

    Location             Delay type                Incr(ns)  Path(ns)    Netlist Resource(s)
  -------------------------------------------------------------------    -------------------
                         (clock clk_out1_xlnx_clk_gen rise edge)
                                                      0.000     0.000 r  
    K17                                               0.000     0.000 r  clk_sys (IN)
                         net (fo=0)                   0.000     0.000    i_xlnx_clk_gen/inst/clk_in1
    K17                  IBUF (Prop_ibuf_I_O)         0.243     0.243 r  i_xlnx_clk_gen/inst/clkin1_ibufg/O
                         net (fo=1, routed)           0.440     0.683    i_xlnx_clk_gen/inst/clk_in1_xlnx_clk_gen
    MMCME2_ADV_X1Y2      MMCME2_ADV (Prop_mmcme2_adv_CLKIN1_CLKOUT0)
                                                     -2.613    -1.930 r  i_xlnx_clk_gen/inst/mmcm_adv_inst/CLKOUT0
                         net (fo=1, routed)           0.696    -1.233    i_xlnx_clk_gen/inst/clk_out1_xlnx_clk_gen
    BUFGCTRL_X0Y16       BUFG (Prop_bufg_I_O)         0.026    -1.207 r  i_xlnx_clk_gen/inst/clkout1_buf/O
                         net (fo=16161, routed)       0.586    -0.622    i_rstgen_main/i_rstgen_bypass/clk_out1
    SLICE_X71Y40         FDCE                                         r  i_rstgen_main/i_rstgen_bypass/synch_regs_q_reg[3]/C
  -------------------------------------------------------------------    -------------------
    SLICE_X71Y40         FDCE (Prop_fdce_C_Q)         0.141    -0.481 r  i_rstgen_main/i_rstgen_bypass/synch_regs_q_reg[3]/Q
                         net (fo=19, routed)          1.033     0.552    i_axi_dwidth_converter_dm_slave/inst/gen_downsizer.gen_simple_downsizer.axi_downsizer_inst/USE_WRITE.write_addr_inst/USE_B_CHANNEL.cmd_b_queue/inst/out
    SLICE_X96Y46         LUT1 (Prop_lut1_I0_O)        0.045     0.597 f  i_axi_dwidth_converter_dm_slave/inst/gen_downsizer.gen_simple_downsizer.axi_downsizer_inst/USE_WRITE.write_addr_inst/USE_B_CHANNEL.cmd_b_queue/inst/S_AXI_AREADY_I_i_1/O
                         net (fo=165, routed)         0.489     1.087    i_axi_dwidth_converter_dm_slave/inst/gen_downsizer.gen_simple_downsizer.axi_downsizer_inst/USE_WRITE.write_addr_inst/cmd_queue/inst/fifo_gen_inst/inst_fifo_gen/gconvfifo.rf/grf.rf/rstblk/ngwrdrst.grst.g7serrst.gnsckt_wrst.rst_wr_reg2_inst/src_arst
    SLICE_X101Y48        FDPE                                         f  i_axi_dwidth_converter_dm_slave/inst/gen_downsizer.gen_simple_downsizer.axi_downsizer_inst/USE_WRITE.write_addr_inst/cmd_queue/inst/fifo_gen_inst/inst_fifo_gen/gconvfifo.rf/grf.rf/rstblk/ngwrdrst.grst.g7serrst.gnsckt_wrst.rst_wr_reg2_inst/arststages_ff_reg[0]/PRE
  -------------------------------------------------------------------    -------------------

                         (clock clk_out1_xlnx_clk_gen rise edge)
                                                      0.000     0.000 r  
    K17                                               0.000     0.000 r  clk_sys (IN)
                         net (fo=0)                   0.000     0.000    i_xlnx_clk_gen/inst/clk_in1
    K17                  IBUF (Prop_ibuf_I_O)         0.431     0.431 r  i_xlnx_clk_gen/inst/clkin1_ibufg/O
                         net (fo=1, routed)           0.480     0.911    i_xlnx_clk_gen/inst/clk_in1_xlnx_clk_gen
    MMCME2_ADV_X1Y2      MMCME2_ADV (Prop_mmcme2_adv_CLKIN1_CLKOUT0)
                                                     -3.407    -2.496 r  i_xlnx_clk_gen/inst/mmcm_adv_inst/CLKOUT0
                         net (fo=1, routed)           0.752    -1.744    i_xlnx_clk_gen/inst/clk_out1_xlnx_clk_gen
    BUFGCTRL_X0Y16       BUFG (Prop_bufg_I_O)         0.029    -1.715 r  i_xlnx_clk_gen/inst/clkout1_buf/O
                         net (fo=16161, routed)       0.884    -0.831    i_axi_dwidth_converter_dm_slave/inst/gen_downsizer.gen_simple_downsizer.axi_downsizer_inst/USE_WRITE.write_addr_inst/cmd_queue/inst/fifo_gen_inst/inst_fifo_gen/gconvfifo.rf/grf.rf/rstblk/ngwrdrst.grst.g7serrst.gnsckt_wrst.rst_wr_reg2_inst/dest_clk
    SLICE_X101Y48        FDPE                                         r  i_axi_dwidth_converter_dm_slave/inst/gen_downsizer.gen_simple_downsizer.axi_downsizer_inst/USE_WRITE.write_addr_inst/cmd_queue/inst/fifo_gen_inst/inst_fifo_gen/gconvfifo.rf/grf.rf/rstblk/ngwrdrst.grst.g7serrst.gnsckt_wrst.rst_wr_reg2_inst/arststages_ff_reg[0]/C

Slack:                    inf
  Source:                 i_rstgen_main/i_rstgen_bypass/synch_regs_q_reg[3]/C
                            (rising edge-triggered cell FDCE clocked by clk_out1_xlnx_clk_gen  {rise@0.000ns fall@10.000ns period=20.000ns})
  Destination:            i_axi_dwidth_converter_dm_slave/inst/gen_downsizer.gen_simple_downsizer.axi_downsizer_inst/USE_WRITE.write_addr_inst/cmd_queue/inst/fifo_gen_inst/inst_fifo_gen/gconvfifo.rf/grf.rf/rstblk/ngwrdrst.grst.g7serrst.gnsckt_wrst.rst_wr_reg2_inst/arststages_ff_reg[1]/PRE
                            (removal check against rising-edge clock clk_out1_xlnx_clk_gen  {rise@0.000ns fall@10.000ns period=20.000ns})
  Path Group:             (none)
  Path Type:              Removal (Min at Fast Process Corner)
  Data Path Delay:        1.708ns  (logic 0.186ns (10.889%)  route 1.522ns (89.111%))
  Logic Levels:           1  (LUT1=1)
  Clock Path Skew:        -0.210ns (DCD - SCD - CPR)
    Destination Clock Delay (DCD):    -0.831ns
    Source Clock Delay      (SCD):    -0.622ns
    Clock Pessimism Removal (CPR):    -0.000ns
  Clock Uncertainty:      0.079ns  ((TSJ^2 + DJ^2)^1/2) / 2 + PE
    Total System Jitter     (TSJ):    0.071ns
    Discrete Jitter          (DJ):    0.142ns
    Phase Error              (PE):    0.000ns
  Timing Exception:       False Path

    Location             Delay type                Incr(ns)  Path(ns)    Netlist Resource(s)
  -------------------------------------------------------------------    -------------------
                         (clock clk_out1_xlnx_clk_gen rise edge)
                                                      0.000     0.000 r  
    K17                                               0.000     0.000 r  clk_sys (IN)
                         net (fo=0)                   0.000     0.000    i_xlnx_clk_gen/inst/clk_in1
    K17                  IBUF (Prop_ibuf_I_O)         0.243     0.243 r  i_xlnx_clk_gen/inst/clkin1_ibufg/O
                         net (fo=1, routed)           0.440     0.683    i_xlnx_clk_gen/inst/clk_in1_xlnx_clk_gen
    MMCME2_ADV_X1Y2      MMCME2_ADV (Prop_mmcme2_adv_CLKIN1_CLKOUT0)
                                                     -2.613    -1.930 r  i_xlnx_clk_gen/inst/mmcm_adv_inst/CLKOUT0
                         net (fo=1, routed)           0.696    -1.233    i_xlnx_clk_gen/inst/clk_out1_xlnx_clk_gen
    BUFGCTRL_X0Y16       BUFG (Prop_bufg_I_O)         0.026    -1.207 r  i_xlnx_clk_gen/inst/clkout1_buf/O
                         net (fo=16161, routed)       0.586    -0.622    i_rstgen_main/i_rstgen_bypass/clk_out1
    SLICE_X71Y40         FDCE                                         r  i_rstgen_main/i_rstgen_bypass/synch_regs_q_reg[3]/C
  -------------------------------------------------------------------    -------------------
    SLICE_X71Y40         FDCE (Prop_fdce_C_Q)         0.141    -0.481 r  i_rstgen_main/i_rstgen_bypass/synch_regs_q_reg[3]/Q
                         net (fo=19, routed)          1.033     0.552    i_axi_dwidth_converter_dm_slave/inst/gen_downsizer.gen_simple_downsizer.axi_downsizer_inst/USE_WRITE.write_addr_inst/USE_B_CHANNEL.cmd_b_queue/inst/out
    SLICE_X96Y46         LUT1 (Prop_lut1_I0_O)        0.045     0.597 f  i_axi_dwidth_converter_dm_slave/inst/gen_downsizer.gen_simple_downsizer.axi_downsizer_inst/USE_WRITE.write_addr_inst/USE_B_CHANNEL.cmd_b_queue/inst/S_AXI_AREADY_I_i_1/O
                         net (fo=165, routed)         0.489     1.087    i_axi_dwidth_converter_dm_slave/inst/gen_downsizer.gen_simple_downsizer.axi_downsizer_inst/USE_WRITE.write_addr_inst/cmd_queue/inst/fifo_gen_inst/inst_fifo_gen/gconvfifo.rf/grf.rf/rstblk/ngwrdrst.grst.g7serrst.gnsckt_wrst.rst_wr_reg2_inst/src_arst
    SLICE_X101Y48        FDPE                                         f  i_axi_dwidth_converter_dm_slave/inst/gen_downsizer.gen_simple_downsizer.axi_downsizer_inst/USE_WRITE.write_addr_inst/cmd_queue/inst/fifo_gen_inst/inst_fifo_gen/gconvfifo.rf/grf.rf/rstblk/ngwrdrst.grst.g7serrst.gnsckt_wrst.rst_wr_reg2_inst/arststages_ff_reg[1]/PRE
  -------------------------------------------------------------------    -------------------

                         (clock clk_out1_xlnx_clk_gen rise edge)
                                                      0.000     0.000 r  
    K17                                               0.000     0.000 r  clk_sys (IN)
                         net (fo=0)                   0.000     0.000    i_xlnx_clk_gen/inst/clk_in1
    K17                  IBUF (Prop_ibuf_I_O)         0.431     0.431 r  i_xlnx_clk_gen/inst/clkin1_ibufg/O
                         net (fo=1, routed)           0.480     0.911    i_xlnx_clk_gen/inst/clk_in1_xlnx_clk_gen
    MMCME2_ADV_X1Y2      MMCME2_ADV (Prop_mmcme2_adv_CLKIN1_CLKOUT0)
                                                     -3.407    -2.496 r  i_xlnx_clk_gen/inst/mmcm_adv_inst/CLKOUT0
                         net (fo=1, routed)           0.752    -1.744    i_xlnx_clk_gen/inst/clk_out1_xlnx_clk_gen
    BUFGCTRL_X0Y16       BUFG (Prop_bufg_I_O)         0.029    -1.715 r  i_xlnx_clk_gen/inst/clkout1_buf/O
                         net (fo=16161, routed)       0.884    -0.831    i_axi_dwidth_converter_dm_slave/inst/gen_downsizer.gen_simple_downsizer.axi_downsizer_inst/USE_WRITE.write_addr_inst/cmd_queue/inst/fifo_gen_inst/inst_fifo_gen/gconvfifo.rf/grf.rf/rstblk/ngwrdrst.grst.g7serrst.gnsckt_wrst.rst_wr_reg2_inst/dest_clk
    SLICE_X101Y48        FDPE                                         r  i_axi_dwidth_converter_dm_slave/inst/gen_downsizer.gen_simple_downsizer.axi_downsizer_inst/USE_WRITE.write_addr_inst/cmd_queue/inst/fifo_gen_inst/inst_fifo_gen/gconvfifo.rf/grf.rf/rstblk/ngwrdrst.grst.g7serrst.gnsckt_wrst.rst_wr_reg2_inst/arststages_ff_reg[1]/C

Slack:                    inf
  Source:                 i_rstgen_main/i_rstgen_bypass/synch_regs_q_reg[3]/C
                            (rising edge-triggered cell FDCE clocked by clk_out1_xlnx_clk_gen  {rise@0.000ns fall@10.000ns period=20.000ns})
  Destination:            i_axi_dwidth_converter_dm_slave/inst/gen_downsizer.gen_simple_downsizer.axi_downsizer_inst/USE_WRITE.write_addr_inst/USE_B_CHANNEL.cmd_b_queue/inst/fifo_gen_inst/inst_fifo_gen/gconvfifo.rf/grf.rf/rstblk/ngwrdrst.grst.g7serrst.gnsckt_wrst.rst_wr_reg2_inst/arststages_ff_reg[0]/PRE
                            (removal check against rising-edge clock clk_out1_xlnx_clk_gen  {rise@0.000ns fall@10.000ns period=20.000ns})
  Path Group:             (none)
  Path Type:              Removal (Min at Fast Process Corner)
  Data Path Delay:        1.791ns  (logic 0.186ns (10.388%)  route 1.605ns (89.612%))
  Logic Levels:           1  (LUT1=1)
  Clock Path Skew:        -0.216ns (DCD - SCD - CPR)
    Destination Clock Delay (DCD):    -0.837ns
    Source Clock Delay      (SCD):    -0.622ns
    Clock Pessimism Removal (CPR):    -0.000ns
  Clock Uncertainty:      0.079ns  ((TSJ^2 + DJ^2)^1/2) / 2 + PE
    Total System Jitter     (TSJ):    0.071ns
    Discrete Jitter          (DJ):    0.142ns
    Phase Error              (PE):    0.000ns
  Timing Exception:       False Path

    Location             Delay type                Incr(ns)  Path(ns)    Netlist Resource(s)
  -------------------------------------------------------------------    -------------------
                         (clock clk_out1_xlnx_clk_gen rise edge)
                                                      0.000     0.000 r  
    K17                                               0.000     0.000 r  clk_sys (IN)
                         net (fo=0)                   0.000     0.000    i_xlnx_clk_gen/inst/clk_in1
    K17                  IBUF (Prop_ibuf_I_O)         0.243     0.243 r  i_xlnx_clk_gen/inst/clkin1_ibufg/O
                         net (fo=1, routed)           0.440     0.683    i_xlnx_clk_gen/inst/clk_in1_xlnx_clk_gen
    MMCME2_ADV_X1Y2      MMCME2_ADV (Prop_mmcme2_adv_CLKIN1_CLKOUT0)
                                                     -2.613    -1.930 r  i_xlnx_clk_gen/inst/mmcm_adv_inst/CLKOUT0
                         net (fo=1, routed)           0.696    -1.233    i_xlnx_clk_gen/inst/clk_out1_xlnx_clk_gen
    BUFGCTRL_X0Y16       BUFG (Prop_bufg_I_O)         0.026    -1.207 r  i_xlnx_clk_gen/inst/clkout1_buf/O
                         net (fo=16161, routed)       0.586    -0.622    i_rstgen_main/i_rstgen_bypass/clk_out1
    SLICE_X71Y40         FDCE                                         r  i_rstgen_main/i_rstgen_bypass/synch_regs_q_reg[3]/C
  -------------------------------------------------------------------    -------------------
    SLICE_X71Y40         FDCE (Prop_fdce_C_Q)         0.141    -0.481 r  i_rstgen_main/i_rstgen_bypass/synch_regs_q_reg[3]/Q
                         net (fo=19, routed)          1.033     0.552    i_axi_dwidth_converter_dm_slave/inst/gen_downsizer.gen_simple_downsizer.axi_downsizer_inst/USE_WRITE.write_addr_inst/USE_B_CHANNEL.cmd_b_queue/inst/out
    SLICE_X96Y46         LUT1 (Prop_lut1_I0_O)        0.045     0.597 f  i_axi_dwidth_converter_dm_slave/inst/gen_downsizer.gen_simple_downsizer.axi_downsizer_inst/USE_WRITE.write_addr_inst/USE_B_CHANNEL.cmd_b_queue/inst/S_AXI_AREADY_I_i_1/O
                         net (fo=165, routed)         0.572     1.169    i_axi_dwidth_converter_dm_slave/inst/gen_downsizer.gen_simple_downsizer.axi_downsizer_inst/USE_WRITE.write_addr_inst/USE_B_CHANNEL.cmd_b_queue/inst/fifo_gen_inst/inst_fifo_gen/gconvfifo.rf/grf.rf/rstblk/ngwrdrst.grst.g7serrst.gnsckt_wrst.rst_wr_reg2_inst/src_arst
    SLICE_X98Y53         FDPE                                         f  i_axi_dwidth_converter_dm_slave/inst/gen_downsizer.gen_simple_downsizer.axi_downsizer_inst/USE_WRITE.write_addr_inst/USE_B_CHANNEL.cmd_b_queue/inst/fifo_gen_inst/inst_fifo_gen/gconvfifo.rf/grf.rf/rstblk/ngwrdrst.grst.g7serrst.gnsckt_wrst.rst_wr_reg2_inst/arststages_ff_reg[0]/PRE
  -------------------------------------------------------------------    -------------------

                         (clock clk_out1_xlnx_clk_gen rise edge)
                                                      0.000     0.000 r  
    K17                                               0.000     0.000 r  clk_sys (IN)
                         net (fo=0)                   0.000     0.000    i_xlnx_clk_gen/inst/clk_in1
    K17                  IBUF (Prop_ibuf_I_O)         0.431     0.431 r  i_xlnx_clk_gen/inst/clkin1_ibufg/O
                         net (fo=1, routed)           0.480     0.911    i_xlnx_clk_gen/inst/clk_in1_xlnx_clk_gen
    MMCME2_ADV_X1Y2      MMCME2_ADV (Prop_mmcme2_adv_CLKIN1_CLKOUT0)
                                                     -3.407    -2.496 r  i_xlnx_clk_gen/inst/mmcm_adv_inst/CLKOUT0
                         net (fo=1, routed)           0.752    -1.744    i_xlnx_clk_gen/inst/clk_out1_xlnx_clk_gen
    BUFGCTRL_X0Y16       BUFG (Prop_bufg_I_O)         0.029    -1.715 r  i_xlnx_clk_gen/inst/clkout1_buf/O
                         net (fo=16161, routed)       0.878    -0.837    i_axi_dwidth_converter_dm_slave/inst/gen_downsizer.gen_simple_downsizer.axi_downsizer_inst/USE_WRITE.write_addr_inst/USE_B_CHANNEL.cmd_b_queue/inst/fifo_gen_inst/inst_fifo_gen/gconvfifo.rf/grf.rf/rstblk/ngwrdrst.grst.g7serrst.gnsckt_wrst.rst_wr_reg2_inst/dest_clk
    SLICE_X98Y53         FDPE                                         r  i_axi_dwidth_converter_dm_slave/inst/gen_downsizer.gen_simple_downsizer.axi_downsizer_inst/USE_WRITE.write_addr_inst/USE_B_CHANNEL.cmd_b_queue/inst/fifo_gen_inst/inst_fifo_gen/gconvfifo.rf/grf.rf/rstblk/ngwrdrst.grst.g7serrst.gnsckt_wrst.rst_wr_reg2_inst/arststages_ff_reg[0]/C

Slack:                    inf
  Source:                 i_rstgen_main/i_rstgen_bypass/synch_regs_q_reg[3]/C
                            (rising edge-triggered cell FDCE clocked by clk_out1_xlnx_clk_gen  {rise@0.000ns fall@10.000ns period=20.000ns})
  Destination:            i_axi_dwidth_converter_dm_slave/inst/gen_downsizer.gen_simple_downsizer.axi_downsizer_inst/USE_WRITE.write_addr_inst/USE_B_CHANNEL.cmd_b_queue/inst/fifo_gen_inst/inst_fifo_gen/gconvfifo.rf/grf.rf/rstblk/ngwrdrst.grst.g7serrst.gnsckt_wrst.rst_wr_reg2_inst/arststages_ff_reg[1]/PRE
                            (removal check against rising-edge clock clk_out1_xlnx_clk_gen  {rise@0.000ns fall@10.000ns period=20.000ns})
  Path Group:             (none)
  Path Type:              Removal (Min at Fast Process Corner)
  Data Path Delay:        1.791ns  (logic 0.186ns (10.388%)  route 1.605ns (89.612%))
  Logic Levels:           1  (LUT1=1)
  Clock Path Skew:        -0.216ns (DCD - SCD - CPR)
    Destination Clock Delay (DCD):    -0.837ns
    Source Clock Delay      (SCD):    -0.622ns
    Clock Pessimism Removal (CPR):    -0.000ns
  Clock Uncertainty:      0.079ns  ((TSJ^2 + DJ^2)^1/2) / 2 + PE
    Total System Jitter     (TSJ):    0.071ns
    Discrete Jitter          (DJ):    0.142ns
    Phase Error              (PE):    0.000ns
  Timing Exception:       False Path

    Location             Delay type                Incr(ns)  Path(ns)    Netlist Resource(s)
  -------------------------------------------------------------------    -------------------
                         (clock clk_out1_xlnx_clk_gen rise edge)
                                                      0.000     0.000 r  
    K17                                               0.000     0.000 r  clk_sys (IN)
                         net (fo=0)                   0.000     0.000    i_xlnx_clk_gen/inst/clk_in1
    K17                  IBUF (Prop_ibuf_I_O)         0.243     0.243 r  i_xlnx_clk_gen/inst/clkin1_ibufg/O
                         net (fo=1, routed)           0.440     0.683    i_xlnx_clk_gen/inst/clk_in1_xlnx_clk_gen
    MMCME2_ADV_X1Y2      MMCME2_ADV (Prop_mmcme2_adv_CLKIN1_CLKOUT0)
                                                     -2.613    -1.930 r  i_xlnx_clk_gen/inst/mmcm_adv_inst/CLKOUT0
                         net (fo=1, routed)           0.696    -1.233    i_xlnx_clk_gen/inst/clk_out1_xlnx_clk_gen
    BUFGCTRL_X0Y16       BUFG (Prop_bufg_I_O)         0.026    -1.207 r  i_xlnx_clk_gen/inst/clkout1_buf/O
                         net (fo=16161, routed)       0.586    -0.622    i_rstgen_main/i_rstgen_bypass/clk_out1
    SLICE_X71Y40         FDCE                                         r  i_rstgen_main/i_rstgen_bypass/synch_regs_q_reg[3]/C
  -------------------------------------------------------------------    -------------------
    SLICE_X71Y40         FDCE (Prop_fdce_C_Q)         0.141    -0.481 r  i_rstgen_main/i_rstgen_bypass/synch_regs_q_reg[3]/Q
                         net (fo=19, routed)          1.033     0.552    i_axi_dwidth_converter_dm_slave/inst/gen_downsizer.gen_simple_downsizer.axi_downsizer_inst/USE_WRITE.write_addr_inst/USE_B_CHANNEL.cmd_b_queue/inst/out
    SLICE_X96Y46         LUT1 (Prop_lut1_I0_O)        0.045     0.597 f  i_axi_dwidth_converter_dm_slave/inst/gen_downsizer.gen_simple_downsizer.axi_downsizer_inst/USE_WRITE.write_addr_inst/USE_B_CHANNEL.cmd_b_queue/inst/S_AXI_AREADY_I_i_1/O
                         net (fo=165, routed)         0.572     1.169    i_axi_dwidth_converter_dm_slave/inst/gen_downsizer.gen_simple_downsizer.axi_downsizer_inst/USE_WRITE.write_addr_inst/USE_B_CHANNEL.cmd_b_queue/inst/fifo_gen_inst/inst_fifo_gen/gconvfifo.rf/grf.rf/rstblk/ngwrdrst.grst.g7serrst.gnsckt_wrst.rst_wr_reg2_inst/src_arst
    SLICE_X98Y53         FDPE                                         f  i_axi_dwidth_converter_dm_slave/inst/gen_downsizer.gen_simple_downsizer.axi_downsizer_inst/USE_WRITE.write_addr_inst/USE_B_CHANNEL.cmd_b_queue/inst/fifo_gen_inst/inst_fifo_gen/gconvfifo.rf/grf.rf/rstblk/ngwrdrst.grst.g7serrst.gnsckt_wrst.rst_wr_reg2_inst/arststages_ff_reg[1]/PRE
  -------------------------------------------------------------------    -------------------

                         (clock clk_out1_xlnx_clk_gen rise edge)
                                                      0.000     0.000 r  
    K17                                               0.000     0.000 r  clk_sys (IN)
                         net (fo=0)                   0.000     0.000    i_xlnx_clk_gen/inst/clk_in1
    K17                  IBUF (Prop_ibuf_I_O)         0.431     0.431 r  i_xlnx_clk_gen/inst/clkin1_ibufg/O
                         net (fo=1, routed)           0.480     0.911    i_xlnx_clk_gen/inst/clk_in1_xlnx_clk_gen
    MMCME2_ADV_X1Y2      MMCME2_ADV (Prop_mmcme2_adv_CLKIN1_CLKOUT0)
                                                     -3.407    -2.496 r  i_xlnx_clk_gen/inst/mmcm_adv_inst/CLKOUT0
                         net (fo=1, routed)           0.752    -1.744    i_xlnx_clk_gen/inst/clk_out1_xlnx_clk_gen
    BUFGCTRL_X0Y16       BUFG (Prop_bufg_I_O)         0.029    -1.715 r  i_xlnx_clk_gen/inst/clkout1_buf/O
                         net (fo=16161, routed)       0.878    -0.837    i_axi_dwidth_converter_dm_slave/inst/gen_downsizer.gen_simple_downsizer.axi_downsizer_inst/USE_WRITE.write_addr_inst/USE_B_CHANNEL.cmd_b_queue/inst/fifo_gen_inst/inst_fifo_gen/gconvfifo.rf/grf.rf/rstblk/ngwrdrst.grst.g7serrst.gnsckt_wrst.rst_wr_reg2_inst/dest_clk
    SLICE_X98Y53         FDPE                                         r  i_axi_dwidth_converter_dm_slave/inst/gen_downsizer.gen_simple_downsizer.axi_downsizer_inst/USE_WRITE.write_addr_inst/USE_B_CHANNEL.cmd_b_queue/inst/fifo_gen_inst/inst_fifo_gen/gconvfifo.rf/grf.rf/rstblk/ngwrdrst.grst.g7serrst.gnsckt_wrst.rst_wr_reg2_inst/arststages_ff_reg[1]/C

Slack:                    inf
  Source:                 i_rstgen_main/i_rstgen_bypass/synch_regs_q_reg[3]/C
                            (rising edge-triggered cell FDCE clocked by clk_out1_xlnx_clk_gen  {rise@0.000ns fall@10.000ns period=20.000ns})
  Destination:            i_axi_dwidth_converter_dm_slave/inst/gen_downsizer.gen_simple_downsizer.axi_downsizer_inst/USE_READ.read_addr_inst/cmd_queue/inst/fifo_gen_inst/inst_fifo_gen/gconvfifo.rf/grf.rf/rstblk/ngwrdrst.grst.g7serrst.gnsckt_wrst.rst_wr_reg2_inst/arststages_ff_reg[0]/PRE
                            (removal check against rising-edge clock clk_out1_xlnx_clk_gen  {rise@0.000ns fall@10.000ns period=20.000ns})
  Path Group:             (none)
  Path Type:              Removal (Min at Fast Process Corner)
  Data Path Delay:        1.989ns  (logic 0.186ns (9.351%)  route 1.803ns (90.649%))
  Logic Levels:           1  (LUT1=1)
  Clock Path Skew:        -0.236ns (DCD - SCD - CPR)
    Destination Clock Delay (DCD):    -0.857ns
    Source Clock Delay      (SCD):    -0.622ns
    Clock Pessimism Removal (CPR):    -0.000ns
  Clock Uncertainty:      0.079ns  ((TSJ^2 + DJ^2)^1/2) / 2 + PE
    Total System Jitter     (TSJ):    0.071ns
    Discrete Jitter          (DJ):    0.142ns
    Phase Error              (PE):    0.000ns
  Timing Exception:       False Path

    Location             Delay type                Incr(ns)  Path(ns)    Netlist Resource(s)
  -------------------------------------------------------------------    -------------------
                         (clock clk_out1_xlnx_clk_gen rise edge)
                                                      0.000     0.000 r  
    K17                                               0.000     0.000 r  clk_sys (IN)
                         net (fo=0)                   0.000     0.000    i_xlnx_clk_gen/inst/clk_in1
    K17                  IBUF (Prop_ibuf_I_O)         0.243     0.243 r  i_xlnx_clk_gen/inst/clkin1_ibufg/O
                         net (fo=1, routed)           0.440     0.683    i_xlnx_clk_gen/inst/clk_in1_xlnx_clk_gen
    MMCME2_ADV_X1Y2      MMCME2_ADV (Prop_mmcme2_adv_CLKIN1_CLKOUT0)
                                                     -2.613    -1.930 r  i_xlnx_clk_gen/inst/mmcm_adv_inst/CLKOUT0
                         net (fo=1, routed)           0.696    -1.233    i_xlnx_clk_gen/inst/clk_out1_xlnx_clk_gen
    BUFGCTRL_X0Y16       BUFG (Prop_bufg_I_O)         0.026    -1.207 r  i_xlnx_clk_gen/inst/clkout1_buf/O
                         net (fo=16161, routed)       0.586    -0.622    i_rstgen_main/i_rstgen_bypass/clk_out1
    SLICE_X71Y40         FDCE                                         r  i_rstgen_main/i_rstgen_bypass/synch_regs_q_reg[3]/C
  -------------------------------------------------------------------    -------------------
    SLICE_X71Y40         FDCE (Prop_fdce_C_Q)         0.141    -0.481 r  i_rstgen_main/i_rstgen_bypass/synch_regs_q_reg[3]/Q
                         net (fo=19, routed)          1.033     0.552    i_axi_dwidth_converter_dm_slave/inst/gen_downsizer.gen_simple_downsizer.axi_downsizer_inst/USE_WRITE.write_addr_inst/USE_B_CHANNEL.cmd_b_queue/inst/out
    SLICE_X96Y46         LUT1 (Prop_lut1_I0_O)        0.045     0.597 f  i_axi_dwidth_converter_dm_slave/inst/gen_downsizer.gen_simple_downsizer.axi_downsizer_inst/USE_WRITE.write_addr_inst/USE_B_CHANNEL.cmd_b_queue/inst/S_AXI_AREADY_I_i_1/O
                         net (fo=165, routed)         0.770     1.368    i_axi_dwidth_converter_dm_slave/inst/gen_downsizer.gen_simple_downsizer.axi_downsizer_inst/USE_READ.read_addr_inst/cmd_queue/inst/fifo_gen_inst/inst_fifo_gen/gconvfifo.rf/grf.rf/rstblk/ngwrdrst.grst.g7serrst.gnsckt_wrst.rst_wr_reg2_inst/src_arst
    SLICE_X80Y49         FDPE                                         f  i_axi_dwidth_converter_dm_slave/inst/gen_downsizer.gen_simple_downsizer.axi_downsizer_inst/USE_READ.read_addr_inst/cmd_queue/inst/fifo_gen_inst/inst_fifo_gen/gconvfifo.rf/grf.rf/rstblk/ngwrdrst.grst.g7serrst.gnsckt_wrst.rst_wr_reg2_inst/arststages_ff_reg[0]/PRE
  -------------------------------------------------------------------    -------------------

                         (clock clk_out1_xlnx_clk_gen rise edge)
                                                      0.000     0.000 r  
    K17                                               0.000     0.000 r  clk_sys (IN)
                         net (fo=0)                   0.000     0.000    i_xlnx_clk_gen/inst/clk_in1
    K17                  IBUF (Prop_ibuf_I_O)         0.431     0.431 r  i_xlnx_clk_gen/inst/clkin1_ibufg/O
                         net (fo=1, routed)           0.480     0.911    i_xlnx_clk_gen/inst/clk_in1_xlnx_clk_gen
    MMCME2_ADV_X1Y2      MMCME2_ADV (Prop_mmcme2_adv_CLKIN1_CLKOUT0)
                                                     -3.407    -2.496 r  i_xlnx_clk_gen/inst/mmcm_adv_inst/CLKOUT0
                         net (fo=1, routed)           0.752    -1.744    i_xlnx_clk_gen/inst/clk_out1_xlnx_clk_gen
    BUFGCTRL_X0Y16       BUFG (Prop_bufg_I_O)         0.029    -1.715 r  i_xlnx_clk_gen/inst/clkout1_buf/O
                         net (fo=16161, routed)       0.858    -0.857    i_axi_dwidth_converter_dm_slave/inst/gen_downsizer.gen_simple_downsizer.axi_downsizer_inst/USE_READ.read_addr_inst/cmd_queue/inst/fifo_gen_inst/inst_fifo_gen/gconvfifo.rf/grf.rf/rstblk/ngwrdrst.grst.g7serrst.gnsckt_wrst.rst_wr_reg2_inst/dest_clk
    SLICE_X80Y49         FDPE                                         r  i_axi_dwidth_converter_dm_slave/inst/gen_downsizer.gen_simple_downsizer.axi_downsizer_inst/USE_READ.read_addr_inst/cmd_queue/inst/fifo_gen_inst/inst_fifo_gen/gconvfifo.rf/grf.rf/rstblk/ngwrdrst.grst.g7serrst.gnsckt_wrst.rst_wr_reg2_inst/arststages_ff_reg[0]/C

Slack:                    inf
  Source:                 i_rstgen_main/i_rstgen_bypass/synch_regs_q_reg[3]/C
                            (rising edge-triggered cell FDCE clocked by clk_out1_xlnx_clk_gen  {rise@0.000ns fall@10.000ns period=20.000ns})
  Destination:            i_axi_dwidth_converter_dm_slave/inst/gen_downsizer.gen_simple_downsizer.axi_downsizer_inst/USE_READ.read_addr_inst/cmd_queue/inst/fifo_gen_inst/inst_fifo_gen/gconvfifo.rf/grf.rf/rstblk/ngwrdrst.grst.g7serrst.gnsckt_wrst.rst_wr_reg2_inst/arststages_ff_reg[1]/PRE
                            (removal check against rising-edge clock clk_out1_xlnx_clk_gen  {rise@0.000ns fall@10.000ns period=20.000ns})
  Path Group:             (none)
  Path Type:              Removal (Min at Fast Process Corner)
  Data Path Delay:        1.989ns  (logic 0.186ns (9.351%)  route 1.803ns (90.649%))
  Logic Levels:           1  (LUT1=1)
  Clock Path Skew:        -0.236ns (DCD - SCD - CPR)
    Destination Clock Delay (DCD):    -0.857ns
    Source Clock Delay      (SCD):    -0.622ns
    Clock Pessimism Removal (CPR):    -0.000ns
  Clock Uncertainty:      0.079ns  ((TSJ^2 + DJ^2)^1/2) / 2 + PE
    Total System Jitter     (TSJ):    0.071ns
    Discrete Jitter          (DJ):    0.142ns
    Phase Error              (PE):    0.000ns
  Timing Exception:       False Path

    Location             Delay type                Incr(ns)  Path(ns)    Netlist Resource(s)
  -------------------------------------------------------------------    -------------------
                         (clock clk_out1_xlnx_clk_gen rise edge)
                                                      0.000     0.000 r  
    K17                                               0.000     0.000 r  clk_sys (IN)
                         net (fo=0)                   0.000     0.000    i_xlnx_clk_gen/inst/clk_in1
    K17                  IBUF (Prop_ibuf_I_O)         0.243     0.243 r  i_xlnx_clk_gen/inst/clkin1_ibufg/O
                         net (fo=1, routed)           0.440     0.683    i_xlnx_clk_gen/inst/clk_in1_xlnx_clk_gen
    MMCME2_ADV_X1Y2      MMCME2_ADV (Prop_mmcme2_adv_CLKIN1_CLKOUT0)
                                                     -2.613    -1.930 r  i_xlnx_clk_gen/inst/mmcm_adv_inst/CLKOUT0
                         net (fo=1, routed)           0.696    -1.233    i_xlnx_clk_gen/inst/clk_out1_xlnx_clk_gen
    BUFGCTRL_X0Y16       BUFG (Prop_bufg_I_O)         0.026    -1.207 r  i_xlnx_clk_gen/inst/clkout1_buf/O
                         net (fo=16161, routed)       0.586    -0.622    i_rstgen_main/i_rstgen_bypass/clk_out1
    SLICE_X71Y40         FDCE                                         r  i_rstgen_main/i_rstgen_bypass/synch_regs_q_reg[3]/C
  -------------------------------------------------------------------    -------------------
    SLICE_X71Y40         FDCE (Prop_fdce_C_Q)         0.141    -0.481 r  i_rstgen_main/i_rstgen_bypass/synch_regs_q_reg[3]/Q
                         net (fo=19, routed)          1.033     0.552    i_axi_dwidth_converter_dm_slave/inst/gen_downsizer.gen_simple_downsizer.axi_downsizer_inst/USE_WRITE.write_addr_inst/USE_B_CHANNEL.cmd_b_queue/inst/out
    SLICE_X96Y46         LUT1 (Prop_lut1_I0_O)        0.045     0.597 f  i_axi_dwidth_converter_dm_slave/inst/gen_downsizer.gen_simple_downsizer.axi_downsizer_inst/USE_WRITE.write_addr_inst/USE_B_CHANNEL.cmd_b_queue/inst/S_AXI_AREADY_I_i_1/O
                         net (fo=165, routed)         0.770     1.368    i_axi_dwidth_converter_dm_slave/inst/gen_downsizer.gen_simple_downsizer.axi_downsizer_inst/USE_READ.read_addr_inst/cmd_queue/inst/fifo_gen_inst/inst_fifo_gen/gconvfifo.rf/grf.rf/rstblk/ngwrdrst.grst.g7serrst.gnsckt_wrst.rst_wr_reg2_inst/src_arst
    SLICE_X80Y49         FDPE                                         f  i_axi_dwidth_converter_dm_slave/inst/gen_downsizer.gen_simple_downsizer.axi_downsizer_inst/USE_READ.read_addr_inst/cmd_queue/inst/fifo_gen_inst/inst_fifo_gen/gconvfifo.rf/grf.rf/rstblk/ngwrdrst.grst.g7serrst.gnsckt_wrst.rst_wr_reg2_inst/arststages_ff_reg[1]/PRE
  -------------------------------------------------------------------    -------------------

                         (clock clk_out1_xlnx_clk_gen rise edge)
                                                      0.000     0.000 r  
    K17                                               0.000     0.000 r  clk_sys (IN)
                         net (fo=0)                   0.000     0.000    i_xlnx_clk_gen/inst/clk_in1
    K17                  IBUF (Prop_ibuf_I_O)         0.431     0.431 r  i_xlnx_clk_gen/inst/clkin1_ibufg/O
                         net (fo=1, routed)           0.480     0.911    i_xlnx_clk_gen/inst/clk_in1_xlnx_clk_gen
    MMCME2_ADV_X1Y2      MMCME2_ADV (Prop_mmcme2_adv_CLKIN1_CLKOUT0)
                                                     -3.407    -2.496 r  i_xlnx_clk_gen/inst/mmcm_adv_inst/CLKOUT0
                         net (fo=1, routed)           0.752    -1.744    i_xlnx_clk_gen/inst/clk_out1_xlnx_clk_gen
    BUFGCTRL_X0Y16       BUFG (Prop_bufg_I_O)         0.029    -1.715 r  i_xlnx_clk_gen/inst/clkout1_buf/O
                         net (fo=16161, routed)       0.858    -0.857    i_axi_dwidth_converter_dm_slave/inst/gen_downsizer.gen_simple_downsizer.axi_downsizer_inst/USE_READ.read_addr_inst/cmd_queue/inst/fifo_gen_inst/inst_fifo_gen/gconvfifo.rf/grf.rf/rstblk/ngwrdrst.grst.g7serrst.gnsckt_wrst.rst_wr_reg2_inst/dest_clk
    SLICE_X80Y49         FDPE                                         r  i_axi_dwidth_converter_dm_slave/inst/gen_downsizer.gen_simple_downsizer.axi_downsizer_inst/USE_READ.read_addr_inst/cmd_queue/inst/fifo_gen_inst/inst_fifo_gen/gconvfifo.rf/grf.rf/rstblk/ngwrdrst.grst.g7serrst.gnsckt_wrst.rst_wr_reg2_inst/arststages_ff_reg[1]/C





--------------------------------------------------------------------------------------
Path Group:  (none)
From Clock:  
  To Clock:  tck

Max Delay           258 Endpoints
Min Delay           258 Endpoints
--------------------------------------------------------------------------------------


Max Delay Paths
--------------------------------------------------------------------------------------
Slack:                    inf
  Source:                 trst_n
                            (input port)
  Destination:            i_dmi_jtag/data_q_reg[24]/CLR
                            (recovery check against rising-edge clock tck  {rise@0.000ns fall@50.000ns period=100.000ns})
  Path Group:             (none)
  Path Type:              Recovery (Max at Slow Process Corner)
  Data Path Delay:        7.574ns  (logic 1.694ns (22.368%)  route 5.880ns (77.632%))
  Logic Levels:           2  (IBUF=1 LUT1=1)
  Clock Path Skew:        6.261ns (DCD - SCD + CPR)
    Destination Clock Delay (DCD):    6.261ns
    Source Clock Delay      (SCD):    0.000ns
    Clock Pessimism Removal (CPR):    0.000ns
  Clock Uncertainty:      0.501ns  ((TSJ^2 + TIJ^2)^1/2 + DJ) / 2 + PE
    Total System Jitter     (TSJ):    0.050ns
    Total Input Jitter      (TIJ):    1.000ns
    Discrete Jitter          (DJ):    0.000ns
    Phase Error              (PE):    0.000ns
  Timing Exception:       False Path

    Location             Delay type                Incr(ns)  Path(ns)    Netlist Resource(s)
  -------------------------------------------------------------------    -------------------
    V13                                               0.000     0.000 r  trst_n (IN)
                         net (fo=0)                   0.000     0.000    trst_n
    V13                  IBUF (Prop_ibuf_I_O)         1.570     1.570 r  trst_n_IBUF_inst/O
                         net (fo=1, routed)           1.385     2.956    i_dmi_jtag/i_dmi_jtag_tap/trst_n_IBUF
    SLICE_X112Y92        LUT1 (Prop_lut1_I0_O)        0.124     3.080 f  i_dmi_jtag/i_dmi_jtag_tap/FSM_onehot_tap_state_q[15]_i_2/O
                         net (fo=258, routed)         4.494     7.574    i_dmi_jtag/i_dmi_jtag_tap_n_0
    SLICE_X101Y40        FDCE                                         f  i_dmi_jtag/data_q_reg[24]/CLR
  -------------------------------------------------------------------    -------------------

                         (clock tck rise edge)        0.000     0.000 r  
    H15                                               0.000     0.000 r  tck (IN)
                         net (fo=0)                   0.000     0.000    tck
    H15                  IBUF (Prop_ibuf_I_O)         1.430     1.430 r  tck_IBUF_inst/O
                         net (fo=1, routed)           3.120     4.550    tck_IBUF
    BUFGCTRL_X0Y0        BUFG (Prop_bufg_I_O)         0.091     4.641 r  tck_IBUF_BUFG_inst/O
                         net (fo=258, routed)         1.620     6.261    i_dmi_jtag/CLK
    SLICE_X101Y40        FDCE                                         r  i_dmi_jtag/data_q_reg[24]/C

Slack:                    inf
  Source:                 trst_n
                            (input port)
  Destination:            i_dmi_jtag/data_q_reg[25]/CLR
                            (recovery check against rising-edge clock tck  {rise@0.000ns fall@50.000ns period=100.000ns})
  Path Group:             (none)
  Path Type:              Recovery (Max at Slow Process Corner)
  Data Path Delay:        7.574ns  (logic 1.694ns (22.368%)  route 5.880ns (77.632%))
  Logic Levels:           2  (IBUF=1 LUT1=1)
  Clock Path Skew:        6.261ns (DCD - SCD + CPR)
    Destination Clock Delay (DCD):    6.261ns
    Source Clock Delay      (SCD):    0.000ns
    Clock Pessimism Removal (CPR):    0.000ns
  Clock Uncertainty:      0.501ns  ((TSJ^2 + TIJ^2)^1/2 + DJ) / 2 + PE
    Total System Jitter     (TSJ):    0.050ns
    Total Input Jitter      (TIJ):    1.000ns
    Discrete Jitter          (DJ):    0.000ns
    Phase Error              (PE):    0.000ns
  Timing Exception:       False Path

    Location             Delay type                Incr(ns)  Path(ns)    Netlist Resource(s)
  -------------------------------------------------------------------    -------------------
    V13                                               0.000     0.000 r  trst_n (IN)
                         net (fo=0)                   0.000     0.000    trst_n
    V13                  IBUF (Prop_ibuf_I_O)         1.570     1.570 r  trst_n_IBUF_inst/O
                         net (fo=1, routed)           1.385     2.956    i_dmi_jtag/i_dmi_jtag_tap/trst_n_IBUF
    SLICE_X112Y92        LUT1 (Prop_lut1_I0_O)        0.124     3.080 f  i_dmi_jtag/i_dmi_jtag_tap/FSM_onehot_tap_state_q[15]_i_2/O
                         net (fo=258, routed)         4.494     7.574    i_dmi_jtag/i_dmi_jtag_tap_n_0
    SLICE_X101Y40        FDCE                                         f  i_dmi_jtag/data_q_reg[25]/CLR
  -------------------------------------------------------------------    -------------------

                         (clock tck rise edge)        0.000     0.000 r  
    H15                                               0.000     0.000 r  tck (IN)
                         net (fo=0)                   0.000     0.000    tck
    H15                  IBUF (Prop_ibuf_I_O)         1.430     1.430 r  tck_IBUF_inst/O
                         net (fo=1, routed)           3.120     4.550    tck_IBUF
    BUFGCTRL_X0Y0        BUFG (Prop_bufg_I_O)         0.091     4.641 r  tck_IBUF_BUFG_inst/O
                         net (fo=258, routed)         1.620     6.261    i_dmi_jtag/CLK
    SLICE_X101Y40        FDCE                                         r  i_dmi_jtag/data_q_reg[25]/C

Slack:                    inf
  Source:                 trst_n
                            (input port)
  Destination:            i_dmi_jtag/data_q_reg[26]/CLR
                            (recovery check against rising-edge clock tck  {rise@0.000ns fall@50.000ns period=100.000ns})
  Path Group:             (none)
  Path Type:              Recovery (Max at Slow Process Corner)
  Data Path Delay:        7.574ns  (logic 1.694ns (22.368%)  route 5.880ns (77.632%))
  Logic Levels:           2  (IBUF=1 LUT1=1)
  Clock Path Skew:        6.261ns (DCD - SCD + CPR)
    Destination Clock Delay (DCD):    6.261ns
    Source Clock Delay      (SCD):    0.000ns
    Clock Pessimism Removal (CPR):    0.000ns
  Clock Uncertainty:      0.501ns  ((TSJ^2 + TIJ^2)^1/2 + DJ) / 2 + PE
    Total System Jitter     (TSJ):    0.050ns
    Total Input Jitter      (TIJ):    1.000ns
    Discrete Jitter          (DJ):    0.000ns
    Phase Error              (PE):    0.000ns
  Timing Exception:       False Path

    Location             Delay type                Incr(ns)  Path(ns)    Netlist Resource(s)
  -------------------------------------------------------------------    -------------------
    V13                                               0.000     0.000 r  trst_n (IN)
                         net (fo=0)                   0.000     0.000    trst_n
    V13                  IBUF (Prop_ibuf_I_O)         1.570     1.570 r  trst_n_IBUF_inst/O
                         net (fo=1, routed)           1.385     2.956    i_dmi_jtag/i_dmi_jtag_tap/trst_n_IBUF
    SLICE_X112Y92        LUT1 (Prop_lut1_I0_O)        0.124     3.080 f  i_dmi_jtag/i_dmi_jtag_tap/FSM_onehot_tap_state_q[15]_i_2/O
                         net (fo=258, routed)         4.494     7.574    i_dmi_jtag/i_dmi_jtag_tap_n_0
    SLICE_X101Y40        FDCE                                         f  i_dmi_jtag/data_q_reg[26]/CLR
  -------------------------------------------------------------------    -------------------

                         (clock tck rise edge)        0.000     0.000 r  
    H15                                               0.000     0.000 r  tck (IN)
                         net (fo=0)                   0.000     0.000    tck
    H15                  IBUF (Prop_ibuf_I_O)         1.430     1.430 r  tck_IBUF_inst/O
                         net (fo=1, routed)           3.120     4.550    tck_IBUF
    BUFGCTRL_X0Y0        BUFG (Prop_bufg_I_O)         0.091     4.641 r  tck_IBUF_BUFG_inst/O
                         net (fo=258, routed)         1.620     6.261    i_dmi_jtag/CLK
    SLICE_X101Y40        FDCE                                         r  i_dmi_jtag/data_q_reg[26]/C

Slack:                    inf
  Source:                 trst_n
                            (input port)
  Destination:            i_dmi_jtag/data_q_reg[21]/CLR
                            (recovery check against rising-edge clock tck  {rise@0.000ns fall@50.000ns period=100.000ns})
  Path Group:             (none)
  Path Type:              Recovery (Max at Slow Process Corner)
  Data Path Delay:        7.532ns  (logic 1.694ns (22.492%)  route 5.838ns (77.508%))
  Logic Levels:           2  (IBUF=1 LUT1=1)
  Clock Path Skew:        6.262ns (DCD - SCD + CPR)
    Destination Clock Delay (DCD):    6.262ns
    Source Clock Delay      (SCD):    0.000ns
    Clock Pessimism Removal (CPR):    0.000ns
  Clock Uncertainty:      0.501ns  ((TSJ^2 + TIJ^2)^1/2 + DJ) / 2 + PE
    Total System Jitter     (TSJ):    0.050ns
    Total Input Jitter      (TIJ):    1.000ns
    Discrete Jitter          (DJ):    0.000ns
    Phase Error              (PE):    0.000ns
  Timing Exception:       False Path

    Location             Delay type                Incr(ns)  Path(ns)    Netlist Resource(s)
  -------------------------------------------------------------------    -------------------
    V13                                               0.000     0.000 r  trst_n (IN)
                         net (fo=0)                   0.000     0.000    trst_n
    V13                  IBUF (Prop_ibuf_I_O)         1.570     1.570 r  trst_n_IBUF_inst/O
                         net (fo=1, routed)           1.385     2.956    i_dmi_jtag/i_dmi_jtag_tap/trst_n_IBUF
    SLICE_X112Y92        LUT1 (Prop_lut1_I0_O)        0.124     3.080 f  i_dmi_jtag/i_dmi_jtag_tap/FSM_onehot_tap_state_q[15]_i_2/O
                         net (fo=258, routed)         4.453     7.532    i_dmi_jtag/i_dmi_jtag_tap_n_0
    SLICE_X101Y41        FDCE                                         f  i_dmi_jtag/data_q_reg[21]/CLR
  -------------------------------------------------------------------    -------------------

                         (clock tck rise edge)        0.000     0.000 r  
    H15                                               0.000     0.000 r  tck (IN)
                         net (fo=0)                   0.000     0.000    tck
    H15                  IBUF (Prop_ibuf_I_O)         1.430     1.430 r  tck_IBUF_inst/O
                         net (fo=1, routed)           3.120     4.550    tck_IBUF
    BUFGCTRL_X0Y0        BUFG (Prop_bufg_I_O)         0.091     4.641 r  tck_IBUF_BUFG_inst/O
                         net (fo=258, routed)         1.621     6.262    i_dmi_jtag/CLK
    SLICE_X101Y41        FDCE                                         r  i_dmi_jtag/data_q_reg[21]/C

Slack:                    inf
  Source:                 trst_n
                            (input port)
  Destination:            i_dmi_jtag/data_q_reg[28]/CLR
                            (recovery check against rising-edge clock tck  {rise@0.000ns fall@50.000ns period=100.000ns})
  Path Group:             (none)
  Path Type:              Recovery (Max at Slow Process Corner)
  Data Path Delay:        7.532ns  (logic 1.694ns (22.492%)  route 5.838ns (77.508%))
  Logic Levels:           2  (IBUF=1 LUT1=1)
  Clock Path Skew:        6.262ns (DCD - SCD + CPR)
    Destination Clock Delay (DCD):    6.262ns
    Source Clock Delay      (SCD):    0.000ns
    Clock Pessimism Removal (CPR):    0.000ns
  Clock Uncertainty:      0.501ns  ((TSJ^2 + TIJ^2)^1/2 + DJ) / 2 + PE
    Total System Jitter     (TSJ):    0.050ns
    Total Input Jitter      (TIJ):    1.000ns
    Discrete Jitter          (DJ):    0.000ns
    Phase Error              (PE):    0.000ns
  Timing Exception:       False Path

    Location             Delay type                Incr(ns)  Path(ns)    Netlist Resource(s)
  -------------------------------------------------------------------    -------------------
    V13                                               0.000     0.000 r  trst_n (IN)
                         net (fo=0)                   0.000     0.000    trst_n
    V13                  IBUF (Prop_ibuf_I_O)         1.570     1.570 r  trst_n_IBUF_inst/O
                         net (fo=1, routed)           1.385     2.956    i_dmi_jtag/i_dmi_jtag_tap/trst_n_IBUF
    SLICE_X112Y92        LUT1 (Prop_lut1_I0_O)        0.124     3.080 f  i_dmi_jtag/i_dmi_jtag_tap/FSM_onehot_tap_state_q[15]_i_2/O
                         net (fo=258, routed)         4.453     7.532    i_dmi_jtag/i_dmi_jtag_tap_n_0
    SLICE_X101Y41        FDCE                                         f  i_dmi_jtag/data_q_reg[28]/CLR
  -------------------------------------------------------------------    -------------------

                         (clock tck rise edge)        0.000     0.000 r  
    H15                                               0.000     0.000 r  tck (IN)
                         net (fo=0)                   0.000     0.000    tck
    H15                  IBUF (Prop_ibuf_I_O)         1.430     1.430 r  tck_IBUF_inst/O
                         net (fo=1, routed)           3.120     4.550    tck_IBUF
    BUFGCTRL_X0Y0        BUFG (Prop_bufg_I_O)         0.091     4.641 r  tck_IBUF_BUFG_inst/O
                         net (fo=258, routed)         1.621     6.262    i_dmi_jtag/CLK
    SLICE_X101Y41        FDCE                                         r  i_dmi_jtag/data_q_reg[28]/C

Slack:                    inf
  Source:                 trst_n
                            (input port)
  Destination:            i_dmi_jtag/data_q_reg[30]/CLR
                            (recovery check against rising-edge clock tck  {rise@0.000ns fall@50.000ns period=100.000ns})
  Path Group:             (none)
  Path Type:              Recovery (Max at Slow Process Corner)
  Data Path Delay:        7.532ns  (logic 1.694ns (22.492%)  route 5.838ns (77.508%))
  Logic Levels:           2  (IBUF=1 LUT1=1)
  Clock Path Skew:        6.262ns (DCD - SCD + CPR)
    Destination Clock Delay (DCD):    6.262ns
    Source Clock Delay      (SCD):    0.000ns
    Clock Pessimism Removal (CPR):    0.000ns
  Clock Uncertainty:      0.501ns  ((TSJ^2 + TIJ^2)^1/2 + DJ) / 2 + PE
    Total System Jitter     (TSJ):    0.050ns
    Total Input Jitter      (TIJ):    1.000ns
    Discrete Jitter          (DJ):    0.000ns
    Phase Error              (PE):    0.000ns
  Timing Exception:       False Path

    Location             Delay type                Incr(ns)  Path(ns)    Netlist Resource(s)
  -------------------------------------------------------------------    -------------------
    V13                                               0.000     0.000 r  trst_n (IN)
                         net (fo=0)                   0.000     0.000    trst_n
    V13                  IBUF (Prop_ibuf_I_O)         1.570     1.570 r  trst_n_IBUF_inst/O
                         net (fo=1, routed)           1.385     2.956    i_dmi_jtag/i_dmi_jtag_tap/trst_n_IBUF
    SLICE_X112Y92        LUT1 (Prop_lut1_I0_O)        0.124     3.080 f  i_dmi_jtag/i_dmi_jtag_tap/FSM_onehot_tap_state_q[15]_i_2/O
                         net (fo=258, routed)         4.453     7.532    i_dmi_jtag/i_dmi_jtag_tap_n_0
    SLICE_X101Y41        FDCE                                         f  i_dmi_jtag/data_q_reg[30]/CLR
  -------------------------------------------------------------------    -------------------

                         (clock tck rise edge)        0.000     0.000 r  
    H15                                               0.000     0.000 r  tck (IN)
                         net (fo=0)                   0.000     0.000    tck
    H15                  IBUF (Prop_ibuf_I_O)         1.430     1.430 r  tck_IBUF_inst/O
                         net (fo=1, routed)           3.120     4.550    tck_IBUF
    BUFGCTRL_X0Y0        BUFG (Prop_bufg_I_O)         0.091     4.641 r  tck_IBUF_BUFG_inst/O
                         net (fo=258, routed)         1.621     6.262    i_dmi_jtag/CLK
    SLICE_X101Y41        FDCE                                         r  i_dmi_jtag/data_q_reg[30]/C

Slack:                    inf
  Source:                 trst_n
                            (input port)
  Destination:            i_dmi_jtag/data_q_reg[31]/CLR
                            (recovery check against rising-edge clock tck  {rise@0.000ns fall@50.000ns period=100.000ns})
  Path Group:             (none)
  Path Type:              Recovery (Max at Slow Process Corner)
  Data Path Delay:        7.532ns  (logic 1.694ns (22.492%)  route 5.838ns (77.508%))
  Logic Levels:           2  (IBUF=1 LUT1=1)
  Clock Path Skew:        6.262ns (DCD - SCD + CPR)
    Destination Clock Delay (DCD):    6.262ns
    Source Clock Delay      (SCD):    0.000ns
    Clock Pessimism Removal (CPR):    0.000ns
  Clock Uncertainty:      0.501ns  ((TSJ^2 + TIJ^2)^1/2 + DJ) / 2 + PE
    Total System Jitter     (TSJ):    0.050ns
    Total Input Jitter      (TIJ):    1.000ns
    Discrete Jitter          (DJ):    0.000ns
    Phase Error              (PE):    0.000ns
  Timing Exception:       False Path

    Location             Delay type                Incr(ns)  Path(ns)    Netlist Resource(s)
  -------------------------------------------------------------------    -------------------
    V13                                               0.000     0.000 r  trst_n (IN)
                         net (fo=0)                   0.000     0.000    trst_n
    V13                  IBUF (Prop_ibuf_I_O)         1.570     1.570 r  trst_n_IBUF_inst/O
                         net (fo=1, routed)           1.385     2.956    i_dmi_jtag/i_dmi_jtag_tap/trst_n_IBUF
    SLICE_X112Y92        LUT1 (Prop_lut1_I0_O)        0.124     3.080 f  i_dmi_jtag/i_dmi_jtag_tap/FSM_onehot_tap_state_q[15]_i_2/O
                         net (fo=258, routed)         4.453     7.532    i_dmi_jtag/i_dmi_jtag_tap_n_0
    SLICE_X101Y41        FDCE                                         f  i_dmi_jtag/data_q_reg[31]/CLR
  -------------------------------------------------------------------    -------------------

                         (clock tck rise edge)        0.000     0.000 r  
    H15                                               0.000     0.000 r  tck (IN)
                         net (fo=0)                   0.000     0.000    tck
    H15                  IBUF (Prop_ibuf_I_O)         1.430     1.430 r  tck_IBUF_inst/O
                         net (fo=1, routed)           3.120     4.550    tck_IBUF
    BUFGCTRL_X0Y0        BUFG (Prop_bufg_I_O)         0.091     4.641 r  tck_IBUF_BUFG_inst/O
                         net (fo=258, routed)         1.621     6.262    i_dmi_jtag/CLK
    SLICE_X101Y41        FDCE                                         r  i_dmi_jtag/data_q_reg[31]/C

Slack:                    inf
  Source:                 trst_n
                            (input port)
  Destination:            i_dmi_jtag/dr_q_reg[26]/CLR
                            (recovery check against rising-edge clock tck  {rise@0.000ns fall@50.000ns period=100.000ns})
  Path Group:             (none)
  Path Type:              Recovery (Max at Slow Process Corner)
  Data Path Delay:        7.532ns  (logic 1.694ns (22.492%)  route 5.838ns (77.508%))
  Logic Levels:           2  (IBUF=1 LUT1=1)
  Clock Path Skew:        6.262ns (DCD - SCD + CPR)
    Destination Clock Delay (DCD):    6.262ns
    Source Clock Delay      (SCD):    0.000ns
    Clock Pessimism Removal (CPR):    0.000ns
  Clock Uncertainty:      0.501ns  ((TSJ^2 + TIJ^2)^1/2 + DJ) / 2 + PE
    Total System Jitter     (TSJ):    0.050ns
    Total Input Jitter      (TIJ):    1.000ns
    Discrete Jitter          (DJ):    0.000ns
    Phase Error              (PE):    0.000ns
  Timing Exception:       False Path

    Location             Delay type                Incr(ns)  Path(ns)    Netlist Resource(s)
  -------------------------------------------------------------------    -------------------
    V13                                               0.000     0.000 r  trst_n (IN)
                         net (fo=0)                   0.000     0.000    trst_n
    V13                  IBUF (Prop_ibuf_I_O)         1.570     1.570 r  trst_n_IBUF_inst/O
                         net (fo=1, routed)           1.385     2.956    i_dmi_jtag/i_dmi_jtag_tap/trst_n_IBUF
    SLICE_X112Y92        LUT1 (Prop_lut1_I0_O)        0.124     3.080 f  i_dmi_jtag/i_dmi_jtag_tap/FSM_onehot_tap_state_q[15]_i_2/O
                         net (fo=258, routed)         4.453     7.532    i_dmi_jtag/i_dmi_jtag_tap_n_0
    SLICE_X100Y41        FDCE                                         f  i_dmi_jtag/dr_q_reg[26]/CLR
  -------------------------------------------------------------------    -------------------

                         (clock tck rise edge)        0.000     0.000 r  
    H15                                               0.000     0.000 r  tck (IN)
                         net (fo=0)                   0.000     0.000    tck
    H15                  IBUF (Prop_ibuf_I_O)         1.430     1.430 r  tck_IBUF_inst/O
                         net (fo=1, routed)           3.120     4.550    tck_IBUF
    BUFGCTRL_X0Y0        BUFG (Prop_bufg_I_O)         0.091     4.641 r  tck_IBUF_BUFG_inst/O
                         net (fo=258, routed)         1.621     6.262    i_dmi_jtag/CLK
    SLICE_X100Y41        FDCE                                         r  i_dmi_jtag/dr_q_reg[26]/C

Slack:                    inf
  Source:                 trst_n
                            (input port)
  Destination:            i_dmi_jtag/dr_q_reg[27]/CLR
                            (recovery check against rising-edge clock tck  {rise@0.000ns fall@50.000ns period=100.000ns})
  Path Group:             (none)
  Path Type:              Recovery (Max at Slow Process Corner)
  Data Path Delay:        7.532ns  (logic 1.694ns (22.492%)  route 5.838ns (77.508%))
  Logic Levels:           2  (IBUF=1 LUT1=1)
  Clock Path Skew:        6.262ns (DCD - SCD + CPR)
    Destination Clock Delay (DCD):    6.262ns
    Source Clock Delay      (SCD):    0.000ns
    Clock Pessimism Removal (CPR):    0.000ns
  Clock Uncertainty:      0.501ns  ((TSJ^2 + TIJ^2)^1/2 + DJ) / 2 + PE
    Total System Jitter     (TSJ):    0.050ns
    Total Input Jitter      (TIJ):    1.000ns
    Discrete Jitter          (DJ):    0.000ns
    Phase Error              (PE):    0.000ns
  Timing Exception:       False Path

    Location             Delay type                Incr(ns)  Path(ns)    Netlist Resource(s)
  -------------------------------------------------------------------    -------------------
    V13                                               0.000     0.000 r  trst_n (IN)
                         net (fo=0)                   0.000     0.000    trst_n
    V13                  IBUF (Prop_ibuf_I_O)         1.570     1.570 r  trst_n_IBUF_inst/O
                         net (fo=1, routed)           1.385     2.956    i_dmi_jtag/i_dmi_jtag_tap/trst_n_IBUF
    SLICE_X112Y92        LUT1 (Prop_lut1_I0_O)        0.124     3.080 f  i_dmi_jtag/i_dmi_jtag_tap/FSM_onehot_tap_state_q[15]_i_2/O
                         net (fo=258, routed)         4.453     7.532    i_dmi_jtag/i_dmi_jtag_tap_n_0
    SLICE_X100Y41        FDCE                                         f  i_dmi_jtag/dr_q_reg[27]/CLR
  -------------------------------------------------------------------    -------------------

                         (clock tck rise edge)        0.000     0.000 r  
    H15                                               0.000     0.000 r  tck (IN)
                         net (fo=0)                   0.000     0.000    tck
    H15                  IBUF (Prop_ibuf_I_O)         1.430     1.430 r  tck_IBUF_inst/O
                         net (fo=1, routed)           3.120     4.550    tck_IBUF
    BUFGCTRL_X0Y0        BUFG (Prop_bufg_I_O)         0.091     4.641 r  tck_IBUF_BUFG_inst/O
                         net (fo=258, routed)         1.621     6.262    i_dmi_jtag/CLK
    SLICE_X100Y41        FDCE                                         r  i_dmi_jtag/dr_q_reg[27]/C

Slack:                    inf
  Source:                 trst_n
                            (input port)
  Destination:            i_dmi_jtag/dr_q_reg[28]/CLR
                            (recovery check against rising-edge clock tck  {rise@0.000ns fall@50.000ns period=100.000ns})
  Path Group:             (none)
  Path Type:              Recovery (Max at Slow Process Corner)
  Data Path Delay:        7.532ns  (logic 1.694ns (22.492%)  route 5.838ns (77.508%))
  Logic Levels:           2  (IBUF=1 LUT1=1)
  Clock Path Skew:        6.262ns (DCD - SCD + CPR)
    Destination Clock Delay (DCD):    6.262ns
    Source Clock Delay      (SCD):    0.000ns
    Clock Pessimism Removal (CPR):    0.000ns
  Clock Uncertainty:      0.501ns  ((TSJ^2 + TIJ^2)^1/2 + DJ) / 2 + PE
    Total System Jitter     (TSJ):    0.050ns
    Total Input Jitter      (TIJ):    1.000ns
    Discrete Jitter          (DJ):    0.000ns
    Phase Error              (PE):    0.000ns
  Timing Exception:       False Path

    Location             Delay type                Incr(ns)  Path(ns)    Netlist Resource(s)
  -------------------------------------------------------------------    -------------------
    V13                                               0.000     0.000 r  trst_n (IN)
                         net (fo=0)                   0.000     0.000    trst_n
    V13                  IBUF (Prop_ibuf_I_O)         1.570     1.570 r  trst_n_IBUF_inst/O
                         net (fo=1, routed)           1.385     2.956    i_dmi_jtag/i_dmi_jtag_tap/trst_n_IBUF
    SLICE_X112Y92        LUT1 (Prop_lut1_I0_O)        0.124     3.080 f  i_dmi_jtag/i_dmi_jtag_tap/FSM_onehot_tap_state_q[15]_i_2/O
                         net (fo=258, routed)         4.453     7.532    i_dmi_jtag/i_dmi_jtag_tap_n_0
    SLICE_X100Y41        FDCE                                         f  i_dmi_jtag/dr_q_reg[28]/CLR
  -------------------------------------------------------------------    -------------------

                         (clock tck rise edge)        0.000     0.000 r  
    H15                                               0.000     0.000 r  tck (IN)
                         net (fo=0)                   0.000     0.000    tck
    H15                  IBUF (Prop_ibuf_I_O)         1.430     1.430 r  tck_IBUF_inst/O
                         net (fo=1, routed)           3.120     4.550    tck_IBUF
    BUFGCTRL_X0Y0        BUFG (Prop_bufg_I_O)         0.091     4.641 r  tck_IBUF_BUFG_inst/O
                         net (fo=258, routed)         1.621     6.262    i_dmi_jtag/CLK
    SLICE_X100Y41        FDCE                                         r  i_dmi_jtag/dr_q_reg[28]/C





Min Delay Paths
--------------------------------------------------------------------------------------
Slack:                    inf
  Source:                 trst_n
                            (input port)
  Destination:            i_dmi_jtag/i_dmi_jtag_tap/td_o_reg/CLR
                            (removal check against rising-edge clock tck  {rise@0.000ns fall@50.000ns period=100.000ns})
  Path Group:             (none)
  Path Type:              Removal (Min at Fast Process Corner)
  Data Path Delay:        1.234ns  (logic 0.382ns (30.952%)  route 0.852ns (69.048%))
  Logic Levels:           2  (IBUF=1 LUT1=1)
  Clock Path Skew:        3.244ns (DCD - SCD - CPR)
    Destination Clock Delay (DCD):    3.244ns = ( 53.244 - 50.000 ) 
    Source Clock Delay      (SCD):    0.000ns
    Clock Pessimism Removal (CPR):    -0.000ns
  Timing Exception:       False Path

    Location             Delay type                Incr(ns)  Path(ns)    Netlist Resource(s)
  -------------------------------------------------------------------    -------------------
    V13                                               0.000     0.000 r  trst_n (IN)
                         net (fo=0)                   0.000     0.000    trst_n
    V13                  IBUF (Prop_ibuf_I_O)         0.337     0.337 r  trst_n_IBUF_inst/O
                         net (fo=1, routed)           0.519     0.856    i_dmi_jtag/i_dmi_jtag_tap/trst_n_IBUF
    SLICE_X112Y92        LUT1 (Prop_lut1_I0_O)        0.045     0.901 f  i_dmi_jtag/i_dmi_jtag_tap/FSM_onehot_tap_state_q[15]_i_2/O
                         net (fo=258, routed)         0.333     1.234    i_dmi_jtag/i_dmi_jtag_tap/trst_n
    SLICE_X112Y100       FDCE                                         f  i_dmi_jtag/i_dmi_jtag_tap/td_o_reg/CLR
  -------------------------------------------------------------------    -------------------

                         (clock tck fall edge)       50.000    50.000 f  
    H15                                               0.000    50.000 f  tck (IN)
                         net (fo=0)                   0.000    50.000    tck
    H15                  IBUF (Prop_ibuf_I_O)         0.456    50.456 f  tck_IBUF_inst/O
                         net (fo=1, routed)           1.762    52.218    tck_IBUF
    BUFGCTRL_X0Y0        BUFG (Prop_bufg_I_O)         0.029    52.247 f  tck_IBUF_BUFG_inst/O
                         net (fo=258, routed)         0.997    53.244    i_dmi_jtag/i_dmi_jtag_tap/tck_ni
    SLICE_X112Y100       FDCE                                         r  i_dmi_jtag/i_dmi_jtag_tap/td_o_reg/C  (IS_INVERTED)

Slack:                    inf
  Source:                 trst_n
                            (input port)
  Destination:            i_dmi_jtag/i_dmi_jtag_tap/idcode_q_reg[11]/CLR
                            (removal check against rising-edge clock tck  {rise@0.000ns fall@50.000ns period=100.000ns})
  Path Group:             (none)
  Path Type:              Removal (Min at Fast Process Corner)
  Data Path Delay:        1.561ns  (logic 0.382ns (24.479%)  route 1.179ns (75.521%))
  Logic Levels:           2  (IBUF=1 LUT1=1)
  Clock Path Skew:        3.123ns (DCD - SCD - CPR)
    Destination Clock Delay (DCD):    3.123ns
    Source Clock Delay      (SCD):    0.000ns
    Clock Pessimism Removal (CPR):    -0.000ns
  Timing Exception:       False Path

    Location             Delay type                Incr(ns)  Path(ns)    Netlist Resource(s)
  -------------------------------------------------------------------    -------------------
    V13                                               0.000     0.000 r  trst_n (IN)
                         net (fo=0)                   0.000     0.000    trst_n
    V13                  IBUF (Prop_ibuf_I_O)         0.337     0.337 r  trst_n_IBUF_inst/O
                         net (fo=1, routed)           0.519     0.856    i_dmi_jtag/i_dmi_jtag_tap/trst_n_IBUF
    SLICE_X112Y92        LUT1 (Prop_lut1_I0_O)        0.045     0.901 f  i_dmi_jtag/i_dmi_jtag_tap/FSM_onehot_tap_state_q[15]_i_2/O
                         net (fo=258, routed)         0.659     1.561    i_dmi_jtag/i_dmi_jtag_tap/trst_n
    SLICE_X102Y62        FDCE                                         f  i_dmi_jtag/i_dmi_jtag_tap/idcode_q_reg[11]/CLR
  -------------------------------------------------------------------    -------------------

                         (clock tck rise edge)        0.000     0.000 r  
    H15                                               0.000     0.000 r  tck (IN)
                         net (fo=0)                   0.000     0.000    tck
    H15                  IBUF (Prop_ibuf_I_O)         0.456     0.456 r  tck_IBUF_inst/O
                         net (fo=1, routed)           1.762     2.218    tck_IBUF
    BUFGCTRL_X0Y0        BUFG (Prop_bufg_I_O)         0.029     2.247 r  tck_IBUF_BUFG_inst/O
                         net (fo=258, routed)         0.876     3.123    i_dmi_jtag/i_dmi_jtag_tap/CLK
    SLICE_X102Y62        FDCE                                         r  i_dmi_jtag/i_dmi_jtag_tap/idcode_q_reg[11]/C

Slack:                    inf
  Source:                 trst_n
                            (input port)
  Destination:            i_dmi_jtag/i_dmi_jtag_tap/idcode_q_reg[12]/PRE
                            (removal check against rising-edge clock tck  {rise@0.000ns fall@50.000ns period=100.000ns})
  Path Group:             (none)
  Path Type:              Removal (Min at Fast Process Corner)
  Data Path Delay:        1.561ns  (logic 0.382ns (24.479%)  route 1.179ns (75.521%))
  Logic Levels:           2  (IBUF=1 LUT1=1)
  Clock Path Skew:        3.123ns (DCD - SCD - CPR)
    Destination Clock Delay (DCD):    3.123ns
    Source Clock Delay      (SCD):    0.000ns
    Clock Pessimism Removal (CPR):    -0.000ns
  Timing Exception:       False Path

    Location             Delay type                Incr(ns)  Path(ns)    Netlist Resource(s)
  -------------------------------------------------------------------    -------------------
    V13                                               0.000     0.000 r  trst_n (IN)
                         net (fo=0)                   0.000     0.000    trst_n
    V13                  IBUF (Prop_ibuf_I_O)         0.337     0.337 r  trst_n_IBUF_inst/O
                         net (fo=1, routed)           0.519     0.856    i_dmi_jtag/i_dmi_jtag_tap/trst_n_IBUF
    SLICE_X112Y92        LUT1 (Prop_lut1_I0_O)        0.045     0.901 f  i_dmi_jtag/i_dmi_jtag_tap/FSM_onehot_tap_state_q[15]_i_2/O
                         net (fo=258, routed)         0.659     1.561    i_dmi_jtag/i_dmi_jtag_tap/trst_n
    SLICE_X102Y62        FDPE                                         f  i_dmi_jtag/i_dmi_jtag_tap/idcode_q_reg[12]/PRE
  -------------------------------------------------------------------    -------------------

                         (clock tck rise edge)        0.000     0.000 r  
    H15                                               0.000     0.000 r  tck (IN)
                         net (fo=0)                   0.000     0.000    tck
    H15                  IBUF (Prop_ibuf_I_O)         0.456     0.456 r  tck_IBUF_inst/O
                         net (fo=1, routed)           1.762     2.218    tck_IBUF
    BUFGCTRL_X0Y0        BUFG (Prop_bufg_I_O)         0.029     2.247 r  tck_IBUF_BUFG_inst/O
                         net (fo=258, routed)         0.876     3.123    i_dmi_jtag/i_dmi_jtag_tap/CLK
    SLICE_X102Y62        FDPE                                         r  i_dmi_jtag/i_dmi_jtag_tap/idcode_q_reg[12]/C

Slack:                    inf
  Source:                 trst_n
                            (input port)
  Destination:            i_dmi_jtag/i_dmi_jtag_tap/idcode_q_reg[13]/CLR
                            (removal check against rising-edge clock tck  {rise@0.000ns fall@50.000ns period=100.000ns})
  Path Group:             (none)
  Path Type:              Removal (Min at Fast Process Corner)
  Data Path Delay:        1.561ns  (logic 0.382ns (24.479%)  route 1.179ns (75.521%))
  Logic Levels:           2  (IBUF=1 LUT1=1)
  Clock Path Skew:        3.123ns (DCD - SCD - CPR)
    Destination Clock Delay (DCD):    3.123ns
    Source Clock Delay      (SCD):    0.000ns
    Clock Pessimism Removal (CPR):    -0.000ns
  Timing Exception:       False Path

    Location             Delay type                Incr(ns)  Path(ns)    Netlist Resource(s)
  -------------------------------------------------------------------    -------------------
    V13                                               0.000     0.000 r  trst_n (IN)
                         net (fo=0)                   0.000     0.000    trst_n
    V13                  IBUF (Prop_ibuf_I_O)         0.337     0.337 r  trst_n_IBUF_inst/O
                         net (fo=1, routed)           0.519     0.856    i_dmi_jtag/i_dmi_jtag_tap/trst_n_IBUF
    SLICE_X112Y92        LUT1 (Prop_lut1_I0_O)        0.045     0.901 f  i_dmi_jtag/i_dmi_jtag_tap/FSM_onehot_tap_state_q[15]_i_2/O
                         net (fo=258, routed)         0.659     1.561    i_dmi_jtag/i_dmi_jtag_tap/trst_n
    SLICE_X102Y62        FDCE                                         f  i_dmi_jtag/i_dmi_jtag_tap/idcode_q_reg[13]/CLR
  -------------------------------------------------------------------    -------------------

                         (clock tck rise edge)        0.000     0.000 r  
    H15                                               0.000     0.000 r  tck (IN)
                         net (fo=0)                   0.000     0.000    tck
    H15                  IBUF (Prop_ibuf_I_O)         0.456     0.456 r  tck_IBUF_inst/O
                         net (fo=1, routed)           1.762     2.218    tck_IBUF
    BUFGCTRL_X0Y0        BUFG (Prop_bufg_I_O)         0.029     2.247 r  tck_IBUF_BUFG_inst/O
                         net (fo=258, routed)         0.876     3.123    i_dmi_jtag/i_dmi_jtag_tap/CLK
    SLICE_X102Y62        FDCE                                         r  i_dmi_jtag/i_dmi_jtag_tap/idcode_q_reg[13]/C

Slack:                    inf
  Source:                 trst_n
                            (input port)
  Destination:            i_dmi_jtag/i_dmi_jtag_tap/idcode_q_reg[19]/CLR
                            (removal check against rising-edge clock tck  {rise@0.000ns fall@50.000ns period=100.000ns})
  Path Group:             (none)
  Path Type:              Removal (Min at Fast Process Corner)
  Data Path Delay:        1.561ns  (logic 0.382ns (24.479%)  route 1.179ns (75.521%))
  Logic Levels:           2  (IBUF=1 LUT1=1)
  Clock Path Skew:        3.123ns (DCD - SCD - CPR)
    Destination Clock Delay (DCD):    3.123ns
    Source Clock Delay      (SCD):    0.000ns
    Clock Pessimism Removal (CPR):    -0.000ns
  Timing Exception:       False Path

    Location             Delay type                Incr(ns)  Path(ns)    Netlist Resource(s)
  -------------------------------------------------------------------    -------------------
    V13                                               0.000     0.000 r  trst_n (IN)
                         net (fo=0)                   0.000     0.000    trst_n
    V13                  IBUF (Prop_ibuf_I_O)         0.337     0.337 r  trst_n_IBUF_inst/O
                         net (fo=1, routed)           0.519     0.856    i_dmi_jtag/i_dmi_jtag_tap/trst_n_IBUF
    SLICE_X112Y92        LUT1 (Prop_lut1_I0_O)        0.045     0.901 f  i_dmi_jtag/i_dmi_jtag_tap/FSM_onehot_tap_state_q[15]_i_2/O
                         net (fo=258, routed)         0.659     1.561    i_dmi_jtag/i_dmi_jtag_tap/trst_n
    SLICE_X102Y62        FDCE                                         f  i_dmi_jtag/i_dmi_jtag_tap/idcode_q_reg[19]/CLR
  -------------------------------------------------------------------    -------------------

                         (clock tck rise edge)        0.000     0.000 r  
    H15                                               0.000     0.000 r  tck (IN)
                         net (fo=0)                   0.000     0.000    tck
    H15                  IBUF (Prop_ibuf_I_O)         0.456     0.456 r  tck_IBUF_inst/O
                         net (fo=1, routed)           1.762     2.218    tck_IBUF
    BUFGCTRL_X0Y0        BUFG (Prop_bufg_I_O)         0.029     2.247 r  tck_IBUF_BUFG_inst/O
                         net (fo=258, routed)         0.876     3.123    i_dmi_jtag/i_dmi_jtag_tap/CLK
    SLICE_X102Y62        FDCE                                         r  i_dmi_jtag/i_dmi_jtag_tap/idcode_q_reg[19]/C

Slack:                    inf
  Source:                 trst_n
                            (input port)
  Destination:            i_dmi_jtag/i_dmi_jtag_tap/idcode_q_reg[5]/CLR
                            (removal check against rising-edge clock tck  {rise@0.000ns fall@50.000ns period=100.000ns})
  Path Group:             (none)
  Path Type:              Removal (Min at Fast Process Corner)
  Data Path Delay:        1.561ns  (logic 0.382ns (24.479%)  route 1.179ns (75.521%))
  Logic Levels:           2  (IBUF=1 LUT1=1)
  Clock Path Skew:        3.123ns (DCD - SCD - CPR)
    Destination Clock Delay (DCD):    3.123ns
    Source Clock Delay      (SCD):    0.000ns
    Clock Pessimism Removal (CPR):    -0.000ns
  Timing Exception:       False Path

    Location             Delay type                Incr(ns)  Path(ns)    Netlist Resource(s)
  -------------------------------------------------------------------    -------------------
    V13                                               0.000     0.000 r  trst_n (IN)
                         net (fo=0)                   0.000     0.000    trst_n
    V13                  IBUF (Prop_ibuf_I_O)         0.337     0.337 r  trst_n_IBUF_inst/O
                         net (fo=1, routed)           0.519     0.856    i_dmi_jtag/i_dmi_jtag_tap/trst_n_IBUF
    SLICE_X112Y92        LUT1 (Prop_lut1_I0_O)        0.045     0.901 f  i_dmi_jtag/i_dmi_jtag_tap/FSM_onehot_tap_state_q[15]_i_2/O
                         net (fo=258, routed)         0.659     1.561    i_dmi_jtag/i_dmi_jtag_tap/trst_n
    SLICE_X103Y62        FDCE                                         f  i_dmi_jtag/i_dmi_jtag_tap/idcode_q_reg[5]/CLR
  -------------------------------------------------------------------    -------------------

                         (clock tck rise edge)        0.000     0.000 r  
    H15                                               0.000     0.000 r  tck (IN)
                         net (fo=0)                   0.000     0.000    tck
    H15                  IBUF (Prop_ibuf_I_O)         0.456     0.456 r  tck_IBUF_inst/O
                         net (fo=1, routed)           1.762     2.218    tck_IBUF
    BUFGCTRL_X0Y0        BUFG (Prop_bufg_I_O)         0.029     2.247 r  tck_IBUF_BUFG_inst/O
                         net (fo=258, routed)         0.876     3.123    i_dmi_jtag/i_dmi_jtag_tap/CLK
    SLICE_X103Y62        FDCE                                         r  i_dmi_jtag/i_dmi_jtag_tap/idcode_q_reg[5]/C

Slack:                    inf
  Source:                 trst_n
                            (input port)
  Destination:            i_dmi_jtag/i_dmi_jtag_tap/idcode_q_reg[6]/PRE
                            (removal check against rising-edge clock tck  {rise@0.000ns fall@50.000ns period=100.000ns})
  Path Group:             (none)
  Path Type:              Removal (Min at Fast Process Corner)
  Data Path Delay:        1.561ns  (logic 0.382ns (24.479%)  route 1.179ns (75.521%))
  Logic Levels:           2  (IBUF=1 LUT1=1)
  Clock Path Skew:        3.123ns (DCD - SCD - CPR)
    Destination Clock Delay (DCD):    3.123ns
    Source Clock Delay      (SCD):    0.000ns
    Clock Pessimism Removal (CPR):    -0.000ns
  Timing Exception:       False Path

    Location             Delay type                Incr(ns)  Path(ns)    Netlist Resource(s)
  -------------------------------------------------------------------    -------------------
    V13                                               0.000     0.000 r  trst_n (IN)
                         net (fo=0)                   0.000     0.000    trst_n
    V13                  IBUF (Prop_ibuf_I_O)         0.337     0.337 r  trst_n_IBUF_inst/O
                         net (fo=1, routed)           0.519     0.856    i_dmi_jtag/i_dmi_jtag_tap/trst_n_IBUF
    SLICE_X112Y92        LUT1 (Prop_lut1_I0_O)        0.045     0.901 f  i_dmi_jtag/i_dmi_jtag_tap/FSM_onehot_tap_state_q[15]_i_2/O
                         net (fo=258, routed)         0.659     1.561    i_dmi_jtag/i_dmi_jtag_tap/trst_n
    SLICE_X103Y62        FDPE                                         f  i_dmi_jtag/i_dmi_jtag_tap/idcode_q_reg[6]/PRE
  -------------------------------------------------------------------    -------------------

                         (clock tck rise edge)        0.000     0.000 r  
    H15                                               0.000     0.000 r  tck (IN)
                         net (fo=0)                   0.000     0.000    tck
    H15                  IBUF (Prop_ibuf_I_O)         0.456     0.456 r  tck_IBUF_inst/O
                         net (fo=1, routed)           1.762     2.218    tck_IBUF
    BUFGCTRL_X0Y0        BUFG (Prop_bufg_I_O)         0.029     2.247 r  tck_IBUF_BUFG_inst/O
                         net (fo=258, routed)         0.876     3.123    i_dmi_jtag/i_dmi_jtag_tap/CLK
    SLICE_X103Y62        FDPE                                         r  i_dmi_jtag/i_dmi_jtag_tap/idcode_q_reg[6]/C

Slack:                    inf
  Source:                 trst_n
                            (input port)
  Destination:            i_dmi_jtag/i_dmi_jtag_tap/idcode_q_reg[7]/PRE
                            (removal check against rising-edge clock tck  {rise@0.000ns fall@50.000ns period=100.000ns})
  Path Group:             (none)
  Path Type:              Removal (Min at Fast Process Corner)
  Data Path Delay:        1.561ns  (logic 0.382ns (24.479%)  route 1.179ns (75.521%))
  Logic Levels:           2  (IBUF=1 LUT1=1)
  Clock Path Skew:        3.123ns (DCD - SCD - CPR)
    Destination Clock Delay (DCD):    3.123ns
    Source Clock Delay      (SCD):    0.000ns
    Clock Pessimism Removal (CPR):    -0.000ns
  Timing Exception:       False Path

    Location             Delay type                Incr(ns)  Path(ns)    Netlist Resource(s)
  -------------------------------------------------------------------    -------------------
    V13                                               0.000     0.000 r  trst_n (IN)
                         net (fo=0)                   0.000     0.000    trst_n
    V13                  IBUF (Prop_ibuf_I_O)         0.337     0.337 r  trst_n_IBUF_inst/O
                         net (fo=1, routed)           0.519     0.856    i_dmi_jtag/i_dmi_jtag_tap/trst_n_IBUF
    SLICE_X112Y92        LUT1 (Prop_lut1_I0_O)        0.045     0.901 f  i_dmi_jtag/i_dmi_jtag_tap/FSM_onehot_tap_state_q[15]_i_2/O
                         net (fo=258, routed)         0.659     1.561    i_dmi_jtag/i_dmi_jtag_tap/trst_n
    SLICE_X103Y62        FDPE                                         f  i_dmi_jtag/i_dmi_jtag_tap/idcode_q_reg[7]/PRE
  -------------------------------------------------------------------    -------------------

                         (clock tck rise edge)        0.000     0.000 r  
    H15                                               0.000     0.000 r  tck (IN)
                         net (fo=0)                   0.000     0.000    tck
    H15                  IBUF (Prop_ibuf_I_O)         0.456     0.456 r  tck_IBUF_inst/O
                         net (fo=1, routed)           1.762     2.218    tck_IBUF
    BUFGCTRL_X0Y0        BUFG (Prop_bufg_I_O)         0.029     2.247 r  tck_IBUF_BUFG_inst/O
                         net (fo=258, routed)         0.876     3.123    i_dmi_jtag/i_dmi_jtag_tap/CLK
    SLICE_X103Y62        FDPE                                         r  i_dmi_jtag/i_dmi_jtag_tap/idcode_q_reg[7]/C

Slack:                    inf
  Source:                 trst_n
                            (input port)
  Destination:            i_dmi_jtag/i_dmi_jtag_tap/idcode_q_reg[8]/PRE
                            (removal check against rising-edge clock tck  {rise@0.000ns fall@50.000ns period=100.000ns})
  Path Group:             (none)
  Path Type:              Removal (Min at Fast Process Corner)
  Data Path Delay:        1.561ns  (logic 0.382ns (24.479%)  route 1.179ns (75.521%))
  Logic Levels:           2  (IBUF=1 LUT1=1)
  Clock Path Skew:        3.123ns (DCD - SCD - CPR)
    Destination Clock Delay (DCD):    3.123ns
    Source Clock Delay      (SCD):    0.000ns
    Clock Pessimism Removal (CPR):    -0.000ns
  Timing Exception:       False Path

    Location             Delay type                Incr(ns)  Path(ns)    Netlist Resource(s)
  -------------------------------------------------------------------    -------------------
    V13                                               0.000     0.000 r  trst_n (IN)
                         net (fo=0)                   0.000     0.000    trst_n
    V13                  IBUF (Prop_ibuf_I_O)         0.337     0.337 r  trst_n_IBUF_inst/O
                         net (fo=1, routed)           0.519     0.856    i_dmi_jtag/i_dmi_jtag_tap/trst_n_IBUF
    SLICE_X112Y92        LUT1 (Prop_lut1_I0_O)        0.045     0.901 f  i_dmi_jtag/i_dmi_jtag_tap/FSM_onehot_tap_state_q[15]_i_2/O
                         net (fo=258, routed)         0.659     1.561    i_dmi_jtag/i_dmi_jtag_tap/trst_n
    SLICE_X103Y62        FDPE                                         f  i_dmi_jtag/i_dmi_jtag_tap/idcode_q_reg[8]/PRE
  -------------------------------------------------------------------    -------------------

                         (clock tck rise edge)        0.000     0.000 r  
    H15                                               0.000     0.000 r  tck (IN)
                         net (fo=0)                   0.000     0.000    tck
    H15                  IBUF (Prop_ibuf_I_O)         0.456     0.456 r  tck_IBUF_inst/O
                         net (fo=1, routed)           1.762     2.218    tck_IBUF
    BUFGCTRL_X0Y0        BUFG (Prop_bufg_I_O)         0.029     2.247 r  tck_IBUF_BUFG_inst/O
                         net (fo=258, routed)         0.876     3.123    i_dmi_jtag/i_dmi_jtag_tap/CLK
    SLICE_X103Y62        FDPE                                         r  i_dmi_jtag/i_dmi_jtag_tap/idcode_q_reg[8]/C

Slack:                    inf
  Source:                 trst_n
                            (input port)
  Destination:            i_dmi_jtag/i_dmi_jtag_tap/idcode_q_reg[0]/PRE
                            (removal check against rising-edge clock tck  {rise@0.000ns fall@50.000ns period=100.000ns})
  Path Group:             (none)
  Path Type:              Removal (Min at Fast Process Corner)
  Data Path Delay:        1.729ns  (logic 0.382ns (22.100%)  route 1.347ns (77.900%))
  Logic Levels:           2  (IBUF=1 LUT1=1)
  Clock Path Skew:        3.125ns (DCD - SCD - CPR)
    Destination Clock Delay (DCD):    3.125ns
    Source Clock Delay      (SCD):    0.000ns
    Clock Pessimism Removal (CPR):    -0.000ns
  Timing Exception:       False Path

    Location             Delay type                Incr(ns)  Path(ns)    Netlist Resource(s)
  -------------------------------------------------------------------    -------------------
    V13                                               0.000     0.000 r  trst_n (IN)
                         net (fo=0)                   0.000     0.000    trst_n
    V13                  IBUF (Prop_ibuf_I_O)         0.337     0.337 r  trst_n_IBUF_inst/O
                         net (fo=1, routed)           0.519     0.856    i_dmi_jtag/i_dmi_jtag_tap/trst_n_IBUF
    SLICE_X112Y92        LUT1 (Prop_lut1_I0_O)        0.045     0.901 f  i_dmi_jtag/i_dmi_jtag_tap/FSM_onehot_tap_state_q[15]_i_2/O
                         net (fo=258, routed)         0.827     1.729    i_dmi_jtag/i_dmi_jtag_tap/trst_n
    SLICE_X103Y60        FDPE                                         f  i_dmi_jtag/i_dmi_jtag_tap/idcode_q_reg[0]/PRE
  -------------------------------------------------------------------    -------------------

                         (clock tck rise edge)        0.000     0.000 r  
    H15                                               0.000     0.000 r  tck (IN)
                         net (fo=0)                   0.000     0.000    tck
    H15                  IBUF (Prop_ibuf_I_O)         0.456     0.456 r  tck_IBUF_inst/O
                         net (fo=1, routed)           1.762     2.218    tck_IBUF
    BUFGCTRL_X0Y0        BUFG (Prop_bufg_I_O)         0.029     2.247 r  tck_IBUF_BUFG_inst/O
                         net (fo=258, routed)         0.878     3.125    i_dmi_jtag/i_dmi_jtag_tap/CLK
    SLICE_X103Y60        FDPE                                         r  i_dmi_jtag/i_dmi_jtag_tap/idcode_q_reg[0]/C





--------------------------------------------------------------------------------------
Path Group:  (none)
From Clock:  clk_out1_xlnx_clk_gen
  To Clock:  tck

Max Delay             0 Endpoints
Min Delay            36 Endpoints
--------------------------------------------------------------------------------------


Min Delay Paths
--------------------------------------------------------------------------------------
Slack:                    inf
  Source:                 i_dmi_jtag/i_dmi_cdc/i_cdc_resp/i_src/data_src_q_reg[data][18]/C
                            (rising edge-triggered cell FDCE clocked by clk_out1_xlnx_clk_gen  {rise@0.000ns fall@10.000ns period=20.000ns})
  Destination:            i_dmi_jtag/i_dmi_cdc/i_cdc_resp/i_dst/data_dst_q_reg[data][18]/D
                            (rising edge-triggered cell FDCE clocked by tck  {rise@0.000ns fall@50.000ns period=100.000ns})
  Path Group:             (none)
  Path Type:              Hold (Min at Slow Process Corner)
  Data Path Delay:        0.636ns  (logic 0.385ns (60.571%)  route 0.251ns (39.429%))
  Logic Levels:           0  
  Clock Path Skew:        8.581ns (DCD - SCD - CPR)
    Destination Clock Delay (DCD):    7.059ns
    Source Clock Delay      (SCD):    -1.522ns
    Clock Pessimism Removal (CPR):    -0.000ns
  Clock Uncertainty:      0.603ns  ((TSJ^2 + TIJ^2 + DJ^2)^1/2) / 2 + PE
    Total System Jitter     (TSJ):    0.071ns
    Total Input Jitter      (TIJ):    1.000ns
    Discrete Jitter          (DJ):    0.142ns
    Phase Error              (PE):    0.097ns
  Timing Exception:       False Path

    Location             Delay type                Incr(ns)  Path(ns)    Netlist Resource(s)
  -------------------------------------------------------------------    -------------------
                         (clock clk_out1_xlnx_clk_gen rise edge)
                                                      0.000     0.000 r  
    K17                                               0.000     0.000 r  clk_sys (IN)
                         net (fo=0)                   0.000     0.000    i_xlnx_clk_gen/inst/clk_in1
    K17                  IBUF (Prop_ibuf_I_O)         1.404     1.404 r  i_xlnx_clk_gen/inst/clkin1_ibufg/O
                         net (fo=1, routed)           1.162     2.566    i_xlnx_clk_gen/inst/clk_in1_xlnx_clk_gen
    MMCME2_ADV_X1Y2      MMCME2_ADV (Prop_mmcme2_adv_CLKIN1_CLKOUT0)
                                                     -7.814    -5.248 r  i_xlnx_clk_gen/inst/mmcm_adv_inst/CLKOUT0
                         net (fo=1, routed)           2.012    -3.236    i_xlnx_clk_gen/inst/clk_out1_xlnx_clk_gen
    BUFGCTRL_X0Y16       BUFG (Prop_bufg_I_O)         0.091    -3.145 r  i_xlnx_clk_gen/inst/clkout1_buf/O
                         net (fo=16161, routed)       1.623    -1.522    i_dmi_jtag/i_dmi_cdc/i_cdc_resp/i_src/clk_out1
    SLICE_X102Y40        FDCE                                         r  i_dmi_jtag/i_dmi_cdc/i_cdc_resp/i_src/data_src_q_reg[data][18]/C
  -------------------------------------------------------------------    -------------------
    SLICE_X102Y40        FDCE (Prop_fdce_C_Q)         0.385    -1.137 r  i_dmi_jtag/i_dmi_cdc/i_cdc_resp/i_src/data_src_q_reg[data][18]/Q
                         net (fo=1, routed)           0.251    -0.886    i_dmi_jtag/i_dmi_cdc/i_cdc_resp/i_dst/D[18]
    SLICE_X103Y41        FDCE                                         r  i_dmi_jtag/i_dmi_cdc/i_cdc_resp/i_dst/data_dst_q_reg[data][18]/D
  -------------------------------------------------------------------    -------------------

                         (clock tck rise edge)        0.000     0.000 r  
    H15                                               0.000     0.000 r  tck (IN)
                         net (fo=0)                   0.000     0.000    tck
    H15                  IBUF (Prop_ibuf_I_O)         1.500     1.500 r  tck_IBUF_inst/O
                         net (fo=1, routed)           3.659     5.159    tck_IBUF
    BUFGCTRL_X0Y0        BUFG (Prop_bufg_I_O)         0.101     5.260 r  tck_IBUF_BUFG_inst/O
                         net (fo=258, routed)         1.799     7.059    i_dmi_jtag/i_dmi_cdc/i_cdc_resp/i_dst/CLK
    SLICE_X103Y41        FDCE                                         r  i_dmi_jtag/i_dmi_cdc/i_cdc_resp/i_dst/data_dst_q_reg[data][18]/C

Slack:                    inf
  Source:                 i_dmi_jtag/i_dmi_cdc/i_cdc_resp/i_src/data_src_q_reg[data][21]/C
                            (rising edge-triggered cell FDCE clocked by clk_out1_xlnx_clk_gen  {rise@0.000ns fall@10.000ns period=20.000ns})
  Destination:            i_dmi_jtag/i_dmi_cdc/i_cdc_resp/i_dst/data_dst_q_reg[data][21]/D
                            (rising edge-triggered cell FDCE clocked by tck  {rise@0.000ns fall@50.000ns period=100.000ns})
  Path Group:             (none)
  Path Type:              Hold (Min at Slow Process Corner)
  Data Path Delay:        0.662ns  (logic 0.418ns (63.126%)  route 0.244ns (36.874%))
  Logic Levels:           0  
  Clock Path Skew:        8.581ns (DCD - SCD - CPR)
    Destination Clock Delay (DCD):    7.059ns
    Source Clock Delay      (SCD):    -1.522ns
    Clock Pessimism Removal (CPR):    -0.000ns
  Clock Uncertainty:      0.603ns  ((TSJ^2 + TIJ^2 + DJ^2)^1/2) / 2 + PE
    Total System Jitter     (TSJ):    0.071ns
    Total Input Jitter      (TIJ):    1.000ns
    Discrete Jitter          (DJ):    0.142ns
    Phase Error              (PE):    0.097ns
  Timing Exception:       False Path

    Location             Delay type                Incr(ns)  Path(ns)    Netlist Resource(s)
  -------------------------------------------------------------------    -------------------
                         (clock clk_out1_xlnx_clk_gen rise edge)
                                                      0.000     0.000 r  
    K17                                               0.000     0.000 r  clk_sys (IN)
                         net (fo=0)                   0.000     0.000    i_xlnx_clk_gen/inst/clk_in1
    K17                  IBUF (Prop_ibuf_I_O)         1.404     1.404 r  i_xlnx_clk_gen/inst/clkin1_ibufg/O
                         net (fo=1, routed)           1.162     2.566    i_xlnx_clk_gen/inst/clk_in1_xlnx_clk_gen
    MMCME2_ADV_X1Y2      MMCME2_ADV (Prop_mmcme2_adv_CLKIN1_CLKOUT0)
                                                     -7.814    -5.248 r  i_xlnx_clk_gen/inst/mmcm_adv_inst/CLKOUT0
                         net (fo=1, routed)           2.012    -3.236    i_xlnx_clk_gen/inst/clk_out1_xlnx_clk_gen
    BUFGCTRL_X0Y16       BUFG (Prop_bufg_I_O)         0.091    -3.145 r  i_xlnx_clk_gen/inst/clkout1_buf/O
                         net (fo=16161, routed)       1.623    -1.522    i_dmi_jtag/i_dmi_cdc/i_cdc_resp/i_src/clk_out1
    SLICE_X102Y40        FDCE                                         r  i_dmi_jtag/i_dmi_cdc/i_cdc_resp/i_src/data_src_q_reg[data][21]/C
  -------------------------------------------------------------------    -------------------
    SLICE_X102Y40        FDCE (Prop_fdce_C_Q)         0.418    -1.104 r  i_dmi_jtag/i_dmi_cdc/i_cdc_resp/i_src/data_src_q_reg[data][21]/Q
                         net (fo=1, routed)           0.244    -0.859    i_dmi_jtag/i_dmi_cdc/i_cdc_resp/i_dst/D[21]
    SLICE_X103Y41        FDCE                                         r  i_dmi_jtag/i_dmi_cdc/i_cdc_resp/i_dst/data_dst_q_reg[data][21]/D
  -------------------------------------------------------------------    -------------------

                         (clock tck rise edge)        0.000     0.000 r  
    H15                                               0.000     0.000 r  tck (IN)
                         net (fo=0)                   0.000     0.000    tck
    H15                  IBUF (Prop_ibuf_I_O)         1.500     1.500 r  tck_IBUF_inst/O
                         net (fo=1, routed)           3.659     5.159    tck_IBUF
    BUFGCTRL_X0Y0        BUFG (Prop_bufg_I_O)         0.101     5.260 r  tck_IBUF_BUFG_inst/O
                         net (fo=258, routed)         1.799     7.059    i_dmi_jtag/i_dmi_cdc/i_cdc_resp/i_dst/CLK
    SLICE_X103Y41        FDCE                                         r  i_dmi_jtag/i_dmi_cdc/i_cdc_resp/i_dst/data_dst_q_reg[data][21]/C

Slack:                    inf
  Source:                 i_dmi_jtag/i_dmi_cdc/i_cdc_resp/i_src/data_src_q_reg[data][22]/C
                            (rising edge-triggered cell FDCE clocked by clk_out1_xlnx_clk_gen  {rise@0.000ns fall@10.000ns period=20.000ns})
  Destination:            i_dmi_jtag/i_dmi_cdc/i_cdc_resp/i_dst/data_dst_q_reg[data][22]/D
                            (rising edge-triggered cell FDCE clocked by tck  {rise@0.000ns fall@50.000ns period=100.000ns})
  Path Group:             (none)
  Path Type:              Hold (Min at Slow Process Corner)
  Data Path Delay:        0.667ns  (logic 0.385ns (57.747%)  route 0.282ns (42.253%))
  Logic Levels:           0  
  Clock Path Skew:        8.581ns (DCD - SCD - CPR)
    Destination Clock Delay (DCD):    7.059ns
    Source Clock Delay      (SCD):    -1.522ns
    Clock Pessimism Removal (CPR):    -0.000ns
  Clock Uncertainty:      0.603ns  ((TSJ^2 + TIJ^2 + DJ^2)^1/2) / 2 + PE
    Total System Jitter     (TSJ):    0.071ns
    Total Input Jitter      (TIJ):    1.000ns
    Discrete Jitter          (DJ):    0.142ns
    Phase Error              (PE):    0.097ns
  Timing Exception:       False Path

    Location             Delay type                Incr(ns)  Path(ns)    Netlist Resource(s)
  -------------------------------------------------------------------    -------------------
                         (clock clk_out1_xlnx_clk_gen rise edge)
                                                      0.000     0.000 r  
    K17                                               0.000     0.000 r  clk_sys (IN)
                         net (fo=0)                   0.000     0.000    i_xlnx_clk_gen/inst/clk_in1
    K17                  IBUF (Prop_ibuf_I_O)         1.404     1.404 r  i_xlnx_clk_gen/inst/clkin1_ibufg/O
                         net (fo=1, routed)           1.162     2.566    i_xlnx_clk_gen/inst/clk_in1_xlnx_clk_gen
    MMCME2_ADV_X1Y2      MMCME2_ADV (Prop_mmcme2_adv_CLKIN1_CLKOUT0)
                                                     -7.814    -5.248 r  i_xlnx_clk_gen/inst/mmcm_adv_inst/CLKOUT0
                         net (fo=1, routed)           2.012    -3.236    i_xlnx_clk_gen/inst/clk_out1_xlnx_clk_gen
    BUFGCTRL_X0Y16       BUFG (Prop_bufg_I_O)         0.091    -3.145 r  i_xlnx_clk_gen/inst/clkout1_buf/O
                         net (fo=16161, routed)       1.623    -1.522    i_dmi_jtag/i_dmi_cdc/i_cdc_resp/i_src/clk_out1
    SLICE_X102Y40        FDCE                                         r  i_dmi_jtag/i_dmi_cdc/i_cdc_resp/i_src/data_src_q_reg[data][22]/C
  -------------------------------------------------------------------    -------------------
    SLICE_X102Y40        FDCE (Prop_fdce_C_Q)         0.385    -1.137 r  i_dmi_jtag/i_dmi_cdc/i_cdc_resp/i_src/data_src_q_reg[data][22]/Q
                         net (fo=1, routed)           0.282    -0.855    i_dmi_jtag/i_dmi_cdc/i_cdc_resp/i_dst/D[22]
    SLICE_X103Y41        FDCE                                         r  i_dmi_jtag/i_dmi_cdc/i_cdc_resp/i_dst/data_dst_q_reg[data][22]/D
  -------------------------------------------------------------------    -------------------

                         (clock tck rise edge)        0.000     0.000 r  
    H15                                               0.000     0.000 r  tck (IN)
                         net (fo=0)                   0.000     0.000    tck
    H15                  IBUF (Prop_ibuf_I_O)         1.500     1.500 r  tck_IBUF_inst/O
                         net (fo=1, routed)           3.659     5.159    tck_IBUF
    BUFGCTRL_X0Y0        BUFG (Prop_bufg_I_O)         0.101     5.260 r  tck_IBUF_BUFG_inst/O
                         net (fo=258, routed)         1.799     7.059    i_dmi_jtag/i_dmi_cdc/i_cdc_resp/i_dst/CLK
    SLICE_X103Y41        FDCE                                         r  i_dmi_jtag/i_dmi_cdc/i_cdc_resp/i_dst/data_dst_q_reg[data][22]/C

Slack:                    inf
  Source:                 i_dmi_jtag/i_dmi_cdc/i_cdc_resp/i_src/data_src_q_reg[data][2]/C
                            (rising edge-triggered cell FDCE clocked by clk_out1_xlnx_clk_gen  {rise@0.000ns fall@10.000ns period=20.000ns})
  Destination:            i_dmi_jtag/i_dmi_cdc/i_cdc_resp/i_dst/data_dst_q_reg[data][2]/D
                            (rising edge-triggered cell FDCE clocked by tck  {rise@0.000ns fall@50.000ns period=100.000ns})
  Path Group:             (none)
  Path Type:              Hold (Min at Slow Process Corner)
  Data Path Delay:        0.666ns  (logic 0.385ns (57.807%)  route 0.281ns (42.193%))
  Logic Levels:           0  
  Clock Path Skew:        8.580ns (DCD - SCD - CPR)
    Destination Clock Delay (DCD):    7.059ns
    Source Clock Delay      (SCD):    -1.521ns
    Clock Pessimism Removal (CPR):    -0.000ns
  Clock Uncertainty:      0.603ns  ((TSJ^2 + TIJ^2 + DJ^2)^1/2) / 2 + PE
    Total System Jitter     (TSJ):    0.071ns
    Total Input Jitter      (TIJ):    1.000ns
    Discrete Jitter          (DJ):    0.142ns
    Phase Error              (PE):    0.097ns
  Timing Exception:       False Path

    Location             Delay type                Incr(ns)  Path(ns)    Netlist Resource(s)
  -------------------------------------------------------------------    -------------------
                         (clock clk_out1_xlnx_clk_gen rise edge)
                                                      0.000     0.000 r  
    K17                                               0.000     0.000 r  clk_sys (IN)
                         net (fo=0)                   0.000     0.000    i_xlnx_clk_gen/inst/clk_in1
    K17                  IBUF (Prop_ibuf_I_O)         1.404     1.404 r  i_xlnx_clk_gen/inst/clkin1_ibufg/O
                         net (fo=1, routed)           1.162     2.566    i_xlnx_clk_gen/inst/clk_in1_xlnx_clk_gen
    MMCME2_ADV_X1Y2      MMCME2_ADV (Prop_mmcme2_adv_CLKIN1_CLKOUT0)
                                                     -7.814    -5.248 r  i_xlnx_clk_gen/inst/mmcm_adv_inst/CLKOUT0
                         net (fo=1, routed)           2.012    -3.236    i_xlnx_clk_gen/inst/clk_out1_xlnx_clk_gen
    BUFGCTRL_X0Y16       BUFG (Prop_bufg_I_O)         0.091    -3.145 r  i_xlnx_clk_gen/inst/clkout1_buf/O
                         net (fo=16161, routed)       1.624    -1.521    i_dmi_jtag/i_dmi_cdc/i_cdc_resp/i_src/clk_out1
    SLICE_X104Y40        FDCE                                         r  i_dmi_jtag/i_dmi_cdc/i_cdc_resp/i_src/data_src_q_reg[data][2]/C
  -------------------------------------------------------------------    -------------------
    SLICE_X104Y40        FDCE (Prop_fdce_C_Q)         0.385    -1.136 r  i_dmi_jtag/i_dmi_cdc/i_cdc_resp/i_src/data_src_q_reg[data][2]/Q
                         net (fo=1, routed)           0.281    -0.854    i_dmi_jtag/i_dmi_cdc/i_cdc_resp/i_dst/D[2]
    SLICE_X105Y41        FDCE                                         r  i_dmi_jtag/i_dmi_cdc/i_cdc_resp/i_dst/data_dst_q_reg[data][2]/D
  -------------------------------------------------------------------    -------------------

                         (clock tck rise edge)        0.000     0.000 r  
    H15                                               0.000     0.000 r  tck (IN)
                         net (fo=0)                   0.000     0.000    tck
    H15                  IBUF (Prop_ibuf_I_O)         1.500     1.500 r  tck_IBUF_inst/O
                         net (fo=1, routed)           3.659     5.159    tck_IBUF
    BUFGCTRL_X0Y0        BUFG (Prop_bufg_I_O)         0.101     5.260 r  tck_IBUF_BUFG_inst/O
                         net (fo=258, routed)         1.799     7.059    i_dmi_jtag/i_dmi_cdc/i_cdc_resp/i_dst/CLK
    SLICE_X105Y41        FDCE                                         r  i_dmi_jtag/i_dmi_cdc/i_cdc_resp/i_dst/data_dst_q_reg[data][2]/C

Slack:                    inf
  Source:                 i_dmi_jtag/i_dmi_cdc/i_cdc_resp/i_src/data_src_q_reg[resp][0]/C
                            (rising edge-triggered cell FDCE clocked by clk_out1_xlnx_clk_gen  {rise@0.000ns fall@10.000ns period=20.000ns})
  Destination:            i_dmi_jtag/i_dmi_cdc/i_cdc_resp/i_dst/data_dst_q_reg[resp][0]/D
                            (rising edge-triggered cell FDCE clocked by tck  {rise@0.000ns fall@50.000ns period=100.000ns})
  Path Group:             (none)
  Path Type:              Hold (Min at Slow Process Corner)
  Data Path Delay:        0.675ns  (logic 0.385ns (57.039%)  route 0.290ns (42.961%))
  Logic Levels:           0  
  Clock Path Skew:        8.579ns (DCD - SCD - CPR)
    Destination Clock Delay (DCD):    7.060ns
    Source Clock Delay      (SCD):    -1.519ns
    Clock Pessimism Removal (CPR):    -0.000ns
  Clock Uncertainty:      0.603ns  ((TSJ^2 + TIJ^2 + DJ^2)^1/2) / 2 + PE
    Total System Jitter     (TSJ):    0.071ns
    Total Input Jitter      (TIJ):    1.000ns
    Discrete Jitter          (DJ):    0.142ns
    Phase Error              (PE):    0.097ns
  Timing Exception:       False Path

    Location             Delay type                Incr(ns)  Path(ns)    Netlist Resource(s)
  -------------------------------------------------------------------    -------------------
                         (clock clk_out1_xlnx_clk_gen rise edge)
                                                      0.000     0.000 r  
    K17                                               0.000     0.000 r  clk_sys (IN)
                         net (fo=0)                   0.000     0.000    i_xlnx_clk_gen/inst/clk_in1
    K17                  IBUF (Prop_ibuf_I_O)         1.404     1.404 r  i_xlnx_clk_gen/inst/clkin1_ibufg/O
                         net (fo=1, routed)           1.162     2.566    i_xlnx_clk_gen/inst/clk_in1_xlnx_clk_gen
    MMCME2_ADV_X1Y2      MMCME2_ADV (Prop_mmcme2_adv_CLKIN1_CLKOUT0)
                                                     -7.814    -5.248 r  i_xlnx_clk_gen/inst/mmcm_adv_inst/CLKOUT0
                         net (fo=1, routed)           2.012    -3.236    i_xlnx_clk_gen/inst/clk_out1_xlnx_clk_gen
    BUFGCTRL_X0Y16       BUFG (Prop_bufg_I_O)         0.091    -3.145 r  i_xlnx_clk_gen/inst/clkout1_buf/O
                         net (fo=16161, routed)       1.626    -1.519    i_dmi_jtag/i_dmi_cdc/i_cdc_resp/i_src/clk_out1
    SLICE_X104Y44        FDCE                                         r  i_dmi_jtag/i_dmi_cdc/i_cdc_resp/i_src/data_src_q_reg[resp][0]/C
  -------------------------------------------------------------------    -------------------
    SLICE_X104Y44        FDCE (Prop_fdce_C_Q)         0.385    -1.134 r  i_dmi_jtag/i_dmi_cdc/i_cdc_resp/i_src/data_src_q_reg[resp][0]/Q
                         net (fo=1, routed)           0.290    -0.844    i_dmi_jtag/i_dmi_cdc/i_cdc_resp/i_dst/data_dst_q_reg[resp][1]_0[0]
    SLICE_X103Y44        FDCE                                         r  i_dmi_jtag/i_dmi_cdc/i_cdc_resp/i_dst/data_dst_q_reg[resp][0]/D
  -------------------------------------------------------------------    -------------------

                         (clock tck rise edge)        0.000     0.000 r  
    H15                                               0.000     0.000 r  tck (IN)
                         net (fo=0)                   0.000     0.000    tck
    H15                  IBUF (Prop_ibuf_I_O)         1.500     1.500 r  tck_IBUF_inst/O
                         net (fo=1, routed)           3.659     5.159    tck_IBUF
    BUFGCTRL_X0Y0        BUFG (Prop_bufg_I_O)         0.101     5.260 r  tck_IBUF_BUFG_inst/O
                         net (fo=258, routed)         1.800     7.060    i_dmi_jtag/i_dmi_cdc/i_cdc_resp/i_dst/CLK
    SLICE_X103Y44        FDCE                                         r  i_dmi_jtag/i_dmi_cdc/i_cdc_resp/i_dst/data_dst_q_reg[resp][0]/C

Slack:                    inf
  Source:                 i_dmi_jtag/i_dmi_cdc/i_cdc_resp/i_src/data_src_q_reg[data][29]/C
                            (rising edge-triggered cell FDCE clocked by clk_out1_xlnx_clk_gen  {rise@0.000ns fall@10.000ns period=20.000ns})
  Destination:            i_dmi_jtag/i_dmi_cdc/i_cdc_resp/i_dst/data_dst_q_reg[data][29]/D
                            (rising edge-triggered cell FDCE clocked by tck  {rise@0.000ns fall@50.000ns period=100.000ns})
  Path Group:             (none)
  Path Type:              Hold (Min at Slow Process Corner)
  Data Path Delay:        0.703ns  (logic 0.418ns (59.439%)  route 0.285ns (40.561%))
  Logic Levels:           0  
  Clock Path Skew:        8.579ns (DCD - SCD - CPR)
    Destination Clock Delay (DCD):    7.057ns
    Source Clock Delay      (SCD):    -1.522ns
    Clock Pessimism Removal (CPR):    -0.000ns
  Clock Uncertainty:      0.603ns  ((TSJ^2 + TIJ^2 + DJ^2)^1/2) / 2 + PE
    Total System Jitter     (TSJ):    0.071ns
    Total Input Jitter      (TIJ):    1.000ns
    Discrete Jitter          (DJ):    0.142ns
    Phase Error              (PE):    0.097ns
  Timing Exception:       False Path

    Location             Delay type                Incr(ns)  Path(ns)    Netlist Resource(s)
  -------------------------------------------------------------------    -------------------
                         (clock clk_out1_xlnx_clk_gen rise edge)
                                                      0.000     0.000 r  
    K17                                               0.000     0.000 r  clk_sys (IN)
                         net (fo=0)                   0.000     0.000    i_xlnx_clk_gen/inst/clk_in1
    K17                  IBUF (Prop_ibuf_I_O)         1.404     1.404 r  i_xlnx_clk_gen/inst/clkin1_ibufg/O
                         net (fo=1, routed)           1.162     2.566    i_xlnx_clk_gen/inst/clk_in1_xlnx_clk_gen
    MMCME2_ADV_X1Y2      MMCME2_ADV (Prop_mmcme2_adv_CLKIN1_CLKOUT0)
                                                     -7.814    -5.248 r  i_xlnx_clk_gen/inst/mmcm_adv_inst/CLKOUT0
                         net (fo=1, routed)           2.012    -3.236    i_xlnx_clk_gen/inst/clk_out1_xlnx_clk_gen
    BUFGCTRL_X0Y16       BUFG (Prop_bufg_I_O)         0.091    -3.145 r  i_xlnx_clk_gen/inst/clkout1_buf/O
                         net (fo=16161, routed)       1.623    -1.522    i_dmi_jtag/i_dmi_cdc/i_cdc_resp/i_src/clk_out1
    SLICE_X100Y39        FDCE                                         r  i_dmi_jtag/i_dmi_cdc/i_cdc_resp/i_src/data_src_q_reg[data][29]/C
  -------------------------------------------------------------------    -------------------
    SLICE_X100Y39        FDCE (Prop_fdce_C_Q)         0.418    -1.104 r  i_dmi_jtag/i_dmi_cdc/i_cdc_resp/i_src/data_src_q_reg[data][29]/Q
                         net (fo=1, routed)           0.285    -0.818    i_dmi_jtag/i_dmi_cdc/i_cdc_resp/i_dst/D[29]
    SLICE_X99Y40         FDCE                                         r  i_dmi_jtag/i_dmi_cdc/i_cdc_resp/i_dst/data_dst_q_reg[data][29]/D
  -------------------------------------------------------------------    -------------------

                         (clock tck rise edge)        0.000     0.000 r  
    H15                                               0.000     0.000 r  tck (IN)
                         net (fo=0)                   0.000     0.000    tck
    H15                  IBUF (Prop_ibuf_I_O)         1.500     1.500 r  tck_IBUF_inst/O
                         net (fo=1, routed)           3.659     5.159    tck_IBUF
    BUFGCTRL_X0Y0        BUFG (Prop_bufg_I_O)         0.101     5.260 r  tck_IBUF_BUFG_inst/O
                         net (fo=258, routed)         1.797     7.057    i_dmi_jtag/i_dmi_cdc/i_cdc_resp/i_dst/CLK
    SLICE_X99Y40         FDCE                                         r  i_dmi_jtag/i_dmi_cdc/i_cdc_resp/i_dst/data_dst_q_reg[data][29]/C

Slack:                    inf
  Source:                 i_dmi_jtag/i_dmi_cdc/i_cdc_resp/i_src/data_src_q_reg[resp][1]/C
                            (rising edge-triggered cell FDCE clocked by clk_out1_xlnx_clk_gen  {rise@0.000ns fall@10.000ns period=20.000ns})
  Destination:            i_dmi_jtag/i_dmi_cdc/i_cdc_resp/i_dst/data_dst_q_reg[resp][1]/D
                            (rising edge-triggered cell FDCE clocked by tck  {rise@0.000ns fall@50.000ns period=100.000ns})
  Path Group:             (none)
  Path Type:              Hold (Min at Slow Process Corner)
  Data Path Delay:        0.705ns  (logic 0.418ns (59.332%)  route 0.287ns (40.668%))
  Logic Levels:           0  
  Clock Path Skew:        8.579ns (DCD - SCD - CPR)
    Destination Clock Delay (DCD):    7.060ns
    Source Clock Delay      (SCD):    -1.519ns
    Clock Pessimism Removal (CPR):    -0.000ns
  Clock Uncertainty:      0.603ns  ((TSJ^2 + TIJ^2 + DJ^2)^1/2) / 2 + PE
    Total System Jitter     (TSJ):    0.071ns
    Total Input Jitter      (TIJ):    1.000ns
    Discrete Jitter          (DJ):    0.142ns
    Phase Error              (PE):    0.097ns
  Timing Exception:       False Path

    Location             Delay type                Incr(ns)  Path(ns)    Netlist Resource(s)
  -------------------------------------------------------------------    -------------------
                         (clock clk_out1_xlnx_clk_gen rise edge)
                                                      0.000     0.000 r  
    K17                                               0.000     0.000 r  clk_sys (IN)
                         net (fo=0)                   0.000     0.000    i_xlnx_clk_gen/inst/clk_in1
    K17                  IBUF (Prop_ibuf_I_O)         1.404     1.404 r  i_xlnx_clk_gen/inst/clkin1_ibufg/O
                         net (fo=1, routed)           1.162     2.566    i_xlnx_clk_gen/inst/clk_in1_xlnx_clk_gen
    MMCME2_ADV_X1Y2      MMCME2_ADV (Prop_mmcme2_adv_CLKIN1_CLKOUT0)
                                                     -7.814    -5.248 r  i_xlnx_clk_gen/inst/mmcm_adv_inst/CLKOUT0
                         net (fo=1, routed)           2.012    -3.236    i_xlnx_clk_gen/inst/clk_out1_xlnx_clk_gen
    BUFGCTRL_X0Y16       BUFG (Prop_bufg_I_O)         0.091    -3.145 r  i_xlnx_clk_gen/inst/clkout1_buf/O
                         net (fo=16161, routed)       1.626    -1.519    i_dmi_jtag/i_dmi_cdc/i_cdc_resp/i_src/clk_out1
    SLICE_X104Y44        FDCE                                         r  i_dmi_jtag/i_dmi_cdc/i_cdc_resp/i_src/data_src_q_reg[resp][1]/C
  -------------------------------------------------------------------    -------------------
    SLICE_X104Y44        FDCE (Prop_fdce_C_Q)         0.418    -1.101 r  i_dmi_jtag/i_dmi_cdc/i_cdc_resp/i_src/data_src_q_reg[resp][1]/Q
                         net (fo=1, routed)           0.287    -0.814    i_dmi_jtag/i_dmi_cdc/i_cdc_resp/i_dst/data_dst_q_reg[resp][1]_0[1]
    SLICE_X103Y44        FDCE                                         r  i_dmi_jtag/i_dmi_cdc/i_cdc_resp/i_dst/data_dst_q_reg[resp][1]/D
  -------------------------------------------------------------------    -------------------

                         (clock tck rise edge)        0.000     0.000 r  
    H15                                               0.000     0.000 r  tck (IN)
                         net (fo=0)                   0.000     0.000    tck
    H15                  IBUF (Prop_ibuf_I_O)         1.500     1.500 r  tck_IBUF_inst/O
                         net (fo=1, routed)           3.659     5.159    tck_IBUF
    BUFGCTRL_X0Y0        BUFG (Prop_bufg_I_O)         0.101     5.260 r  tck_IBUF_BUFG_inst/O
                         net (fo=258, routed)         1.800     7.060    i_dmi_jtag/i_dmi_cdc/i_cdc_resp/i_dst/CLK
    SLICE_X103Y44        FDCE                                         r  i_dmi_jtag/i_dmi_cdc/i_cdc_resp/i_dst/data_dst_q_reg[resp][1]/C

Slack:                    inf
  Source:                 i_dmi_jtag/i_dmi_cdc/i_cdc_resp/i_src/data_src_q_reg[data][26]/C
                            (rising edge-triggered cell FDCE clocked by clk_out1_xlnx_clk_gen  {rise@0.000ns fall@10.000ns period=20.000ns})
  Destination:            i_dmi_jtag/i_dmi_cdc/i_cdc_resp/i_dst/data_dst_q_reg[data][26]/D
                            (rising edge-triggered cell FDCE clocked by tck  {rise@0.000ns fall@50.000ns period=100.000ns})
  Path Group:             (none)
  Path Type:              Hold (Min at Slow Process Corner)
  Data Path Delay:        0.732ns  (logic 0.385ns (52.564%)  route 0.347ns (47.436%))
  Logic Levels:           0  
  Clock Path Skew:        8.579ns (DCD - SCD - CPR)
    Destination Clock Delay (DCD):    7.057ns
    Source Clock Delay      (SCD):    -1.522ns
    Clock Pessimism Removal (CPR):    -0.000ns
  Clock Uncertainty:      0.603ns  ((TSJ^2 + TIJ^2 + DJ^2)^1/2) / 2 + PE
    Total System Jitter     (TSJ):    0.071ns
    Total Input Jitter      (TIJ):    1.000ns
    Discrete Jitter          (DJ):    0.142ns
    Phase Error              (PE):    0.097ns
  Timing Exception:       False Path

    Location             Delay type                Incr(ns)  Path(ns)    Netlist Resource(s)
  -------------------------------------------------------------------    -------------------
                         (clock clk_out1_xlnx_clk_gen rise edge)
                                                      0.000     0.000 r  
    K17                                               0.000     0.000 r  clk_sys (IN)
                         net (fo=0)                   0.000     0.000    i_xlnx_clk_gen/inst/clk_in1
    K17                  IBUF (Prop_ibuf_I_O)         1.404     1.404 r  i_xlnx_clk_gen/inst/clkin1_ibufg/O
                         net (fo=1, routed)           1.162     2.566    i_xlnx_clk_gen/inst/clk_in1_xlnx_clk_gen
    MMCME2_ADV_X1Y2      MMCME2_ADV (Prop_mmcme2_adv_CLKIN1_CLKOUT0)
                                                     -7.814    -5.248 r  i_xlnx_clk_gen/inst/mmcm_adv_inst/CLKOUT0
                         net (fo=1, routed)           2.012    -3.236    i_xlnx_clk_gen/inst/clk_out1_xlnx_clk_gen
    BUFGCTRL_X0Y16       BUFG (Prop_bufg_I_O)         0.091    -3.145 r  i_xlnx_clk_gen/inst/clkout1_buf/O
                         net (fo=16161, routed)       1.623    -1.522    i_dmi_jtag/i_dmi_cdc/i_cdc_resp/i_src/clk_out1
    SLICE_X100Y39        FDCE                                         r  i_dmi_jtag/i_dmi_cdc/i_cdc_resp/i_src/data_src_q_reg[data][26]/C
  -------------------------------------------------------------------    -------------------
    SLICE_X100Y39        FDCE (Prop_fdce_C_Q)         0.385    -1.137 r  i_dmi_jtag/i_dmi_cdc/i_cdc_resp/i_src/data_src_q_reg[data][26]/Q
                         net (fo=1, routed)           0.347    -0.789    i_dmi_jtag/i_dmi_cdc/i_cdc_resp/i_dst/D[26]
    SLICE_X99Y40         FDCE                                         r  i_dmi_jtag/i_dmi_cdc/i_cdc_resp/i_dst/data_dst_q_reg[data][26]/D
  -------------------------------------------------------------------    -------------------

                         (clock tck rise edge)        0.000     0.000 r  
    H15                                               0.000     0.000 r  tck (IN)
                         net (fo=0)                   0.000     0.000    tck
    H15                  IBUF (Prop_ibuf_I_O)         1.500     1.500 r  tck_IBUF_inst/O
                         net (fo=1, routed)           3.659     5.159    tck_IBUF
    BUFGCTRL_X0Y0        BUFG (Prop_bufg_I_O)         0.101     5.260 r  tck_IBUF_BUFG_inst/O
                         net (fo=258, routed)         1.797     7.057    i_dmi_jtag/i_dmi_cdc/i_cdc_resp/i_dst/CLK
    SLICE_X99Y40         FDCE                                         r  i_dmi_jtag/i_dmi_cdc/i_cdc_resp/i_dst/data_dst_q_reg[data][26]/C

Slack:                    inf
  Source:                 i_dmi_jtag/i_dmi_cdc/i_cdc_resp/i_src/data_src_q_reg[data][16]/C
                            (rising edge-triggered cell FDCE clocked by clk_out1_xlnx_clk_gen  {rise@0.000ns fall@10.000ns period=20.000ns})
  Destination:            i_dmi_jtag/i_dmi_cdc/i_cdc_resp/i_dst/data_dst_q_reg[data][16]/D
                            (rising edge-triggered cell FDCE clocked by tck  {rise@0.000ns fall@50.000ns period=100.000ns})
  Path Group:             (none)
  Path Type:              Hold (Min at Slow Process Corner)
  Data Path Delay:        0.748ns  (logic 0.385ns (51.486%)  route 0.363ns (48.514%))
  Logic Levels:           0  
  Clock Path Skew:        8.579ns (DCD - SCD - CPR)
    Destination Clock Delay (DCD):    7.058ns
    Source Clock Delay      (SCD):    -1.521ns
    Clock Pessimism Removal (CPR):    -0.000ns
  Clock Uncertainty:      0.603ns  ((TSJ^2 + TIJ^2 + DJ^2)^1/2) / 2 + PE
    Total System Jitter     (TSJ):    0.071ns
    Total Input Jitter      (TIJ):    1.000ns
    Discrete Jitter          (DJ):    0.142ns
    Phase Error              (PE):    0.097ns
  Timing Exception:       False Path

    Location             Delay type                Incr(ns)  Path(ns)    Netlist Resource(s)
  -------------------------------------------------------------------    -------------------
                         (clock clk_out1_xlnx_clk_gen rise edge)
                                                      0.000     0.000 r  
    K17                                               0.000     0.000 r  clk_sys (IN)
                         net (fo=0)                   0.000     0.000    i_xlnx_clk_gen/inst/clk_in1
    K17                  IBUF (Prop_ibuf_I_O)         1.404     1.404 r  i_xlnx_clk_gen/inst/clkin1_ibufg/O
                         net (fo=1, routed)           1.162     2.566    i_xlnx_clk_gen/inst/clk_in1_xlnx_clk_gen
    MMCME2_ADV_X1Y2      MMCME2_ADV (Prop_mmcme2_adv_CLKIN1_CLKOUT0)
                                                     -7.814    -5.248 r  i_xlnx_clk_gen/inst/mmcm_adv_inst/CLKOUT0
                         net (fo=1, routed)           2.012    -3.236    i_xlnx_clk_gen/inst/clk_out1_xlnx_clk_gen
    BUFGCTRL_X0Y16       BUFG (Prop_bufg_I_O)         0.091    -3.145 r  i_xlnx_clk_gen/inst/clkout1_buf/O
                         net (fo=16161, routed)       1.624    -1.521    i_dmi_jtag/i_dmi_cdc/i_cdc_resp/i_src/clk_out1
    SLICE_X104Y39        FDCE                                         r  i_dmi_jtag/i_dmi_cdc/i_cdc_resp/i_src/data_src_q_reg[data][16]/C
  -------------------------------------------------------------------    -------------------
    SLICE_X104Y39        FDCE (Prop_fdce_C_Q)         0.385    -1.136 r  i_dmi_jtag/i_dmi_cdc/i_cdc_resp/i_src/data_src_q_reg[data][16]/Q
                         net (fo=1, routed)           0.363    -0.773    i_dmi_jtag/i_dmi_cdc/i_cdc_resp/i_dst/D[16]
    SLICE_X105Y40        FDCE                                         r  i_dmi_jtag/i_dmi_cdc/i_cdc_resp/i_dst/data_dst_q_reg[data][16]/D
  -------------------------------------------------------------------    -------------------

                         (clock tck rise edge)        0.000     0.000 r  
    H15                                               0.000     0.000 r  tck (IN)
                         net (fo=0)                   0.000     0.000    tck
    H15                  IBUF (Prop_ibuf_I_O)         1.500     1.500 r  tck_IBUF_inst/O
                         net (fo=1, routed)           3.659     5.159    tck_IBUF
    BUFGCTRL_X0Y0        BUFG (Prop_bufg_I_O)         0.101     5.260 r  tck_IBUF_BUFG_inst/O
                         net (fo=258, routed)         1.798     7.058    i_dmi_jtag/i_dmi_cdc/i_cdc_resp/i_dst/CLK
    SLICE_X105Y40        FDCE                                         r  i_dmi_jtag/i_dmi_cdc/i_cdc_resp/i_dst/data_dst_q_reg[data][16]/C

Slack:                    inf
  Source:                 i_dmi_jtag/i_dmi_cdc/i_cdc_resp/i_src/data_src_q_reg[data][15]/C
                            (rising edge-triggered cell FDCE clocked by clk_out1_xlnx_clk_gen  {rise@0.000ns fall@10.000ns period=20.000ns})
  Destination:            i_dmi_jtag/i_dmi_cdc/i_cdc_resp/i_dst/data_dst_q_reg[data][15]/D
                            (rising edge-triggered cell FDCE clocked by tck  {rise@0.000ns fall@50.000ns period=100.000ns})
  Path Group:             (none)
  Path Type:              Hold (Min at Slow Process Corner)
  Data Path Delay:        0.778ns  (logic 0.418ns (53.706%)  route 0.360ns (46.294%))
  Logic Levels:           0  
  Clock Path Skew:        8.579ns (DCD - SCD - CPR)
    Destination Clock Delay (DCD):    7.058ns
    Source Clock Delay      (SCD):    -1.521ns
    Clock Pessimism Removal (CPR):    -0.000ns
  Clock Uncertainty:      0.603ns  ((TSJ^2 + TIJ^2 + DJ^2)^1/2) / 2 + PE
    Total System Jitter     (TSJ):    0.071ns
    Total Input Jitter      (TIJ):    1.000ns
    Discrete Jitter          (DJ):    0.142ns
    Phase Error              (PE):    0.097ns
  Timing Exception:       False Path

    Location             Delay type                Incr(ns)  Path(ns)    Netlist Resource(s)
  -------------------------------------------------------------------    -------------------
                         (clock clk_out1_xlnx_clk_gen rise edge)
                                                      0.000     0.000 r  
    K17                                               0.000     0.000 r  clk_sys (IN)
                         net (fo=0)                   0.000     0.000    i_xlnx_clk_gen/inst/clk_in1
    K17                  IBUF (Prop_ibuf_I_O)         1.404     1.404 r  i_xlnx_clk_gen/inst/clkin1_ibufg/O
                         net (fo=1, routed)           1.162     2.566    i_xlnx_clk_gen/inst/clk_in1_xlnx_clk_gen
    MMCME2_ADV_X1Y2      MMCME2_ADV (Prop_mmcme2_adv_CLKIN1_CLKOUT0)
                                                     -7.814    -5.248 r  i_xlnx_clk_gen/inst/mmcm_adv_inst/CLKOUT0
                         net (fo=1, routed)           2.012    -3.236    i_xlnx_clk_gen/inst/clk_out1_xlnx_clk_gen
    BUFGCTRL_X0Y16       BUFG (Prop_bufg_I_O)         0.091    -3.145 r  i_xlnx_clk_gen/inst/clkout1_buf/O
                         net (fo=16161, routed)       1.624    -1.521    i_dmi_jtag/i_dmi_cdc/i_cdc_resp/i_src/clk_out1
    SLICE_X104Y39        FDCE                                         r  i_dmi_jtag/i_dmi_cdc/i_cdc_resp/i_src/data_src_q_reg[data][15]/C
  -------------------------------------------------------------------    -------------------
    SLICE_X104Y39        FDCE (Prop_fdce_C_Q)         0.418    -1.103 r  i_dmi_jtag/i_dmi_cdc/i_cdc_resp/i_src/data_src_q_reg[data][15]/Q
                         net (fo=1, routed)           0.360    -0.742    i_dmi_jtag/i_dmi_cdc/i_cdc_resp/i_dst/D[15]
    SLICE_X105Y40        FDCE                                         r  i_dmi_jtag/i_dmi_cdc/i_cdc_resp/i_dst/data_dst_q_reg[data][15]/D
  -------------------------------------------------------------------    -------------------

                         (clock tck rise edge)        0.000     0.000 r  
    H15                                               0.000     0.000 r  tck (IN)
                         net (fo=0)                   0.000     0.000    tck
    H15                  IBUF (Prop_ibuf_I_O)         1.500     1.500 r  tck_IBUF_inst/O
                         net (fo=1, routed)           3.659     5.159    tck_IBUF
    BUFGCTRL_X0Y0        BUFG (Prop_bufg_I_O)         0.101     5.260 r  tck_IBUF_BUFG_inst/O
                         net (fo=258, routed)         1.798     7.058    i_dmi_jtag/i_dmi_cdc/i_cdc_resp/i_dst/CLK
    SLICE_X105Y40        FDCE                                         r  i_dmi_jtag/i_dmi_cdc/i_cdc_resp/i_dst/data_dst_q_reg[data][15]/C





--------------------------------------------------------------------------------------
Path Group:  (none)
From Clock:  clk_out1_xlnx_clk_gen
  To Clock:  

Max Delay            33 Endpoints
Min Delay            33 Endpoints
--------------------------------------------------------------------------------------


Max Delay Paths
--------------------------------------------------------------------------------------
Slack:                    inf
  Source:                 i_ariane/i_cva6/csr_regfile_i/mstatus_q_reg[mprv]/C
                            (rising edge-triggered cell FDCE clocked by clk_out1_xlnx_clk_gen  {rise@0.000ns fall@10.000ns period=20.000ns})
  Destination:            i_ariane/i_cva6/ex_stage_i/lsu_i/i_load_unit/result_o_reg[31]/D
  Path Group:             (none)
  Path Type:              Max at Slow Process Corner
  Data Path Delay:        20.598ns  (logic 4.396ns (21.342%)  route 16.202ns (78.658%))
  Logic Levels:           21  (CARRY4=2 LUT2=2 LUT3=2 LUT4=1 LUT5=5 LUT6=9)
  Clock Uncertainty:      0.172ns  ((TSJ^2 + DJ^2)^1/2) / 2 + PE
    Total System Jitter     (TSJ):    0.050ns
    Discrete Jitter          (DJ):    0.142ns
    Phase Error              (PE):    0.097ns

    Location             Delay type                Incr(ns)  Path(ns)    Netlist Resource(s)
  -------------------------------------------------------------------    -------------------
                         (clock clk_out1_xlnx_clk_gen rise edge)
                                                      0.000     0.000 r  
    K17                                               0.000     0.000 r  clk_sys (IN)
                         net (fo=0)                   0.000     0.000    i_xlnx_clk_gen/inst/clk_in1
    K17                  IBUF (Prop_ibuf_I_O)         1.475     1.475 r  i_xlnx_clk_gen/inst/clkin1_ibufg/O
                         net (fo=1, routed)           1.285     2.760    i_xlnx_clk_gen/inst/clk_in1_xlnx_clk_gen
    MMCME2_ADV_X1Y2      MMCME2_ADV (Prop_mmcme2_adv_CLKIN1_CLKOUT0)
                                                     -7.759    -4.999 r  i_xlnx_clk_gen/inst/mmcm_adv_inst/CLKOUT0
                         net (fo=1, routed)           2.206    -2.793    i_xlnx_clk_gen/inst/clk_out1_xlnx_clk_gen
    BUFGCTRL_X0Y16       BUFG (Prop_bufg_I_O)         0.101    -2.692 r  i_xlnx_clk_gen/inst/clkout1_buf/O
                         net (fo=16161, routed)       1.710    -0.982    i_ariane/i_cva6/csr_regfile_i/clk_out1
    SLICE_X64Y86         FDCE                                         r  i_ariane/i_cva6/csr_regfile_i/mstatus_q_reg[mprv]/C
  -------------------------------------------------------------------    -------------------
    SLICE_X64Y86         FDCE (Prop_fdce_C_Q)         0.456    -0.526 r  i_ariane/i_cva6/csr_regfile_i/mstatus_q_reg[mprv]/Q
                         net (fo=4, routed)           1.109     0.582    i_ariane/i_cva6/csr_regfile_i/mstatus_q_reg[mprv]__0
    SLICE_X54Y82         LUT3 (Prop_lut3_I2_O)        0.150     0.732 r  i_ariane/i_cva6/csr_regfile_i/en_ld_st_translation_q_i_2/O
                         net (fo=2, routed)           1.127     1.859    i_ariane/i_cva6/csr_regfile_i/p_40_in
    SLICE_X51Y77         LUT6 (Prop_lut6_I1_O)        0.328     2.187 f  i_ariane/i_cva6/csr_regfile_i/gen_register.d_o[34]_i_3/O
                         net (fo=4, routed)           1.105     3.292    i_ariane/i_cva6/ex_stage_i/lsu_i/gen_mmu_sv32.i_cva6_mmu/i_ptw/gen_register.d_o_reg[33]
    SLICE_X41Y67         LUT6 (Prop_lut6_I2_O)        0.124     3.416 r  i_ariane/i_cva6/ex_stage_i/lsu_i/gen_mmu_sv32.i_cva6_mmu/i_ptw/gen_register.d_o[33]_i_1/O
                         net (fo=58, routed)          1.080     4.496    i_ariane/i_cva6/ex_stage_i/lsu_i/i_load_unit/store_exception_ex_id[cause][0]
    SLICE_X53Y75         LUT6 (Prop_lut6_I5_O)        0.124     4.620 r  i_ariane/i_cva6/ex_stage_i/lsu_i/i_load_unit/FSM_sequential_state_q[1]_i_3__2/O
                         net (fo=12, routed)          0.927     5.547    i_ariane/i_cva6/gen_cache_wt.i_cache_subsystem/i_wt_dcache/gen_rd_ports[1].i_wt_dcache_ctrl/dcache_req_ports_ex_cache[1][kill_req]
    SLICE_X60Y72         LUT5 (Prop_lut5_I1_O)        0.118     5.665 r  i_ariane/i_cva6/gen_cache_wt.i_cache_subsystem/i_wt_dcache/gen_rd_ports[1].i_wt_dcache_ctrl/i___125_i_2/O
                         net (fo=22, routed)          1.139     6.804    i_ariane/i_cva6/gen_cache_wt.i_cache_subsystem/i_wt_dcache/i_wt_dcache_mem/rd_hit_oh_q[1]_i_19_0
    SLICE_X80Y64         LUT6 (Prop_lut6_I4_O)        0.326     7.130 f  i_ariane/i_cva6/gen_cache_wt.i_cache_subsystem/i_wt_dcache/i_wt_dcache_mem/i___135_i_1/O
                         net (fo=1, routed)           0.450     7.580    i_ariane/i_cva6/gen_cache_wt.i_cache_subsystem/i_wt_dcache_n_391
    SLICE_X86Y64         LUT4 (Prop_lut4_I3_O)        0.124     7.704 r  i_ariane/i_cva6/gen_cache_wt.i_cache_subsystem/i___135/O
                         net (fo=3, routed)           0.815     8.519    i_ariane/i_cva6/gen_cache_wt.i_cache_subsystem/i_wt_dcache/i_wt_dcache_missunit/i___139_i_45_2
    SLICE_X86Y64         LUT3 (Prop_lut3_I1_O)        0.150     8.669 r  i_ariane/i_cva6/gen_cache_wt.i_cache_subsystem/i_wt_dcache/i_wt_dcache_missunit/i___139_i_39/O
                         net (fo=2, routed)           0.474     9.143    i_ariane/i_cva6/gen_cache_wt.i_cache_subsystem/i_wt_dcache/i_wt_dcache_missunit/i___139_i_39_n_0
    SLICE_X82Y66         LUT6 (Prop_lut6_I3_O)        0.328     9.471 r  i_ariane/i_cva6/gen_cache_wt.i_cache_subsystem/i_wt_dcache/i_wt_dcache_missunit/i___139_i_13/O
                         net (fo=1, routed)           0.000     9.471    i_ariane/i_cva6/gen_cache_wt.i_cache_subsystem/i_wt_dcache/i_wt_dcache_missunit/i___139_i_13_n_0
    SLICE_X82Y66         CARRY4 (Prop_carry4_S[0]_CO[3])
                                                      0.513     9.984 r  i_ariane/i_cva6/gen_cache_wt.i_cache_subsystem/i_wt_dcache/i_wt_dcache_missunit/i___139_i_4/CO[3]
                         net (fo=1, routed)           0.000     9.984    i_ariane/i_cva6/gen_cache_wt.i_cache_subsystem/i_wt_dcache/i_wt_dcache_missunit/i___139_i_4_n_0
    SLICE_X82Y67         CARRY4 (Prop_carry4_CI_CO[2])
                                                      0.229    10.213 f  i_ariane/i_cva6/gen_cache_wt.i_cache_subsystem/i_wt_dcache/i_wt_dcache_missunit/i___139_i_2/CO[2]
                         net (fo=2, routed)           0.604    10.817    i_ariane/i_cva6/gen_cache_wt.i_cache_subsystem/i_wt_dcache/i_wt_dcache_wbuffer/CO[0]
    SLICE_X89Y70         LUT5 (Prop_lut5_I0_O)        0.310    11.127 f  i_ariane/i_cva6/gen_cache_wt.i_cache_subsystem/i_wt_dcache/i_wt_dcache_wbuffer/i___139_i_1/O
                         net (fo=37, routed)          0.573    11.700    i_ariane/i_cva6/gen_cache_wt.i_cache_subsystem/i_wt_dcache/i_wt_dcache_wbuffer/wbuffer_q_reg[0][valid][0]_1
    SLICE_X87Y69         LUT6 (Prop_lut6_I0_O)        0.124    11.824 f  i_ariane/i_cva6/gen_cache_wt.i_cache_subsystem/i_wt_dcache/i_wt_dcache_wbuffer/i___139_i_3/O
                         net (fo=4, routed)           0.379    12.203    i_ariane/i_cva6/gen_cache_wt.i_cache_subsystem/i_wt_dcache_n_393
    SLICE_X87Y70         LUT5 (Prop_lut5_I4_O)        0.124    12.327 r  i_ariane/i_cva6/gen_cache_wt.i_cache_subsystem/i___139/O
                         net (fo=8, routed)           1.333    13.661    i_ariane/i_cva6/gen_cache_wt.i_cache_subsystem/i_wt_dcache/i_wt_dcache_wbuffer/data_rdata_q_reg[7]
    SLICE_X51Y70         LUT5 (Prop_lut5_I1_O)        0.124    13.785 r  i_ariane/i_cva6/gen_cache_wt.i_cache_subsystem/i_wt_dcache/i_wt_dcache_wbuffer/data_rdata_q[7]_i_1/O
                         net (fo=3, routed)           1.150    14.935    i_ariane/i_cva6/gen_cache_wt.i_cache_subsystem/i_wt_dcache/i_wt_dcache_wbuffer/req_port_i[data_rdata][7]
    SLICE_X47Y72         LUT6 (Prop_lut6_I5_O)        0.124    15.059 r  i_ariane/i_cva6/gen_cache_wt.i_cache_subsystem/i_wt_dcache/i_wt_dcache_wbuffer/result_o_reg[22]_i_5/O
                         net (fo=1, routed)           0.433    15.492    i_ariane/i_cva6/ex_stage_i/lsu_i/i_load_unit/result_o_reg[22]_i_3_0
    SLICE_X47Y72         LUT5 (Prop_lut5_I0_O)        0.124    15.616 f  i_ariane/i_cva6/ex_stage_i/lsu_i/i_load_unit/result_o_reg[22]_i_4/O
                         net (fo=1, routed)           0.641    16.257    i_ariane/i_cva6/ex_stage_i/lsu_i/i_load_unit/result_o_reg[22]_i_4_n_0
    SLICE_X47Y73         LUT6 (Prop_lut6_I1_O)        0.124    16.381 r  i_ariane/i_cva6/ex_stage_i/lsu_i/i_load_unit/result_o_reg[22]_i_3/O
                         net (fo=1, routed)           0.433    16.814    i_ariane/i_cva6/ex_stage_i/lsu_i/i_load_unit/result_o_reg[22]_i_3_n_0
    SLICE_X47Y73         LUT2 (Prop_lut2_I1_O)        0.124    16.938 r  i_ariane/i_cva6/ex_stage_i/lsu_i/i_load_unit/result_o_reg[22]_i_2/O
                         net (fo=16, routed)          0.349    17.287    i_ariane/i_cva6/ex_stage_i/lsu_i/i_load_unit/result_o_reg[22]_i_2_n_0
    SLICE_X48Y73         LUT2 (Prop_lut2_I0_O)        0.124    17.411 r  i_ariane/i_cva6/ex_stage_i/lsu_i/i_load_unit/result_o_reg[31]_i_3/O
                         net (fo=9, routed)           1.269    18.680    i_ariane/i_cva6/ex_stage_i/lsu_i/i_load_unit/result_o_reg[31]_i_3_n_0
    SLICE_X50Y74         LUT6 (Prop_lut6_I0_O)        0.124    18.804 r  i_ariane/i_cva6/ex_stage_i/lsu_i/i_load_unit/result_o_reg[31]_i_1/O
                         net (fo=1, routed)           0.812    19.615    i_ariane/i_cva6/ex_stage_i/lsu_i/i_load_unit/result_o_reg[31]_i_1_n_0
    SLICE_X57Y77         LDCE                                         r  i_ariane/i_cva6/ex_stage_i/lsu_i/i_load_unit/result_o_reg[31]/D
  -------------------------------------------------------------------    -------------------

Slack:                    inf
  Source:                 i_ariane/i_cva6/csr_regfile_i/mstatus_q_reg[mprv]/C
                            (rising edge-triggered cell FDCE clocked by clk_out1_xlnx_clk_gen  {rise@0.000ns fall@10.000ns period=20.000ns})
  Destination:            i_ariane/i_cva6/ex_stage_i/lsu_i/i_load_unit/result_o_reg[13]/D
  Path Group:             (none)
  Path Type:              Max at Slow Process Corner
  Data Path Delay:        20.586ns  (logic 4.272ns (20.752%)  route 16.314ns (79.248%))
  Logic Levels:           20  (CARRY4=2 LUT2=1 LUT3=2 LUT4=1 LUT5=5 LUT6=9)
  Clock Uncertainty:      0.172ns  ((TSJ^2 + DJ^2)^1/2) / 2 + PE
    Total System Jitter     (TSJ):    0.050ns
    Discrete Jitter          (DJ):    0.142ns
    Phase Error              (PE):    0.097ns

    Location             Delay type                Incr(ns)  Path(ns)    Netlist Resource(s)
  -------------------------------------------------------------------    -------------------
                         (clock clk_out1_xlnx_clk_gen rise edge)
                                                      0.000     0.000 r  
    K17                                               0.000     0.000 r  clk_sys (IN)
                         net (fo=0)                   0.000     0.000    i_xlnx_clk_gen/inst/clk_in1
    K17                  IBUF (Prop_ibuf_I_O)         1.475     1.475 r  i_xlnx_clk_gen/inst/clkin1_ibufg/O
                         net (fo=1, routed)           1.285     2.760    i_xlnx_clk_gen/inst/clk_in1_xlnx_clk_gen
    MMCME2_ADV_X1Y2      MMCME2_ADV (Prop_mmcme2_adv_CLKIN1_CLKOUT0)
                                                     -7.759    -4.999 r  i_xlnx_clk_gen/inst/mmcm_adv_inst/CLKOUT0
                         net (fo=1, routed)           2.206    -2.793    i_xlnx_clk_gen/inst/clk_out1_xlnx_clk_gen
    BUFGCTRL_X0Y16       BUFG (Prop_bufg_I_O)         0.101    -2.692 r  i_xlnx_clk_gen/inst/clkout1_buf/O
                         net (fo=16161, routed)       1.710    -0.982    i_ariane/i_cva6/csr_regfile_i/clk_out1
    SLICE_X64Y86         FDCE                                         r  i_ariane/i_cva6/csr_regfile_i/mstatus_q_reg[mprv]/C
  -------------------------------------------------------------------    -------------------
    SLICE_X64Y86         FDCE (Prop_fdce_C_Q)         0.456    -0.526 r  i_ariane/i_cva6/csr_regfile_i/mstatus_q_reg[mprv]/Q
                         net (fo=4, routed)           1.109     0.582    i_ariane/i_cva6/csr_regfile_i/mstatus_q_reg[mprv]__0
    SLICE_X54Y82         LUT3 (Prop_lut3_I2_O)        0.150     0.732 r  i_ariane/i_cva6/csr_regfile_i/en_ld_st_translation_q_i_2/O
                         net (fo=2, routed)           1.127     1.859    i_ariane/i_cva6/csr_regfile_i/p_40_in
    SLICE_X51Y77         LUT6 (Prop_lut6_I1_O)        0.328     2.187 f  i_ariane/i_cva6/csr_regfile_i/gen_register.d_o[34]_i_3/O
                         net (fo=4, routed)           1.105     3.292    i_ariane/i_cva6/ex_stage_i/lsu_i/gen_mmu_sv32.i_cva6_mmu/i_ptw/gen_register.d_o_reg[33]
    SLICE_X41Y67         LUT6 (Prop_lut6_I2_O)        0.124     3.416 r  i_ariane/i_cva6/ex_stage_i/lsu_i/gen_mmu_sv32.i_cva6_mmu/i_ptw/gen_register.d_o[33]_i_1/O
                         net (fo=58, routed)          1.080     4.496    i_ariane/i_cva6/ex_stage_i/lsu_i/i_load_unit/store_exception_ex_id[cause][0]
    SLICE_X53Y75         LUT6 (Prop_lut6_I5_O)        0.124     4.620 r  i_ariane/i_cva6/ex_stage_i/lsu_i/i_load_unit/FSM_sequential_state_q[1]_i_3__2/O
                         net (fo=12, routed)          0.927     5.547    i_ariane/i_cva6/gen_cache_wt.i_cache_subsystem/i_wt_dcache/gen_rd_ports[1].i_wt_dcache_ctrl/dcache_req_ports_ex_cache[1][kill_req]
    SLICE_X60Y72         LUT5 (Prop_lut5_I1_O)        0.118     5.665 r  i_ariane/i_cva6/gen_cache_wt.i_cache_subsystem/i_wt_dcache/gen_rd_ports[1].i_wt_dcache_ctrl/i___125_i_2/O
                         net (fo=22, routed)          1.139     6.804    i_ariane/i_cva6/gen_cache_wt.i_cache_subsystem/i_wt_dcache/i_wt_dcache_mem/rd_hit_oh_q[1]_i_19_0
    SLICE_X80Y64         LUT6 (Prop_lut6_I4_O)        0.326     7.130 f  i_ariane/i_cva6/gen_cache_wt.i_cache_subsystem/i_wt_dcache/i_wt_dcache_mem/i___135_i_1/O
                         net (fo=1, routed)           0.450     7.580    i_ariane/i_cva6/gen_cache_wt.i_cache_subsystem/i_wt_dcache_n_391
    SLICE_X86Y64         LUT4 (Prop_lut4_I3_O)        0.124     7.704 r  i_ariane/i_cva6/gen_cache_wt.i_cache_subsystem/i___135/O
                         net (fo=3, routed)           0.815     8.519    i_ariane/i_cva6/gen_cache_wt.i_cache_subsystem/i_wt_dcache/i_wt_dcache_missunit/i___139_i_45_2
    SLICE_X86Y64         LUT3 (Prop_lut3_I1_O)        0.150     8.669 r  i_ariane/i_cva6/gen_cache_wt.i_cache_subsystem/i_wt_dcache/i_wt_dcache_missunit/i___139_i_39/O
                         net (fo=2, routed)           0.474     9.143    i_ariane/i_cva6/gen_cache_wt.i_cache_subsystem/i_wt_dcache/i_wt_dcache_missunit/i___139_i_39_n_0
    SLICE_X82Y66         LUT6 (Prop_lut6_I3_O)        0.328     9.471 r  i_ariane/i_cva6/gen_cache_wt.i_cache_subsystem/i_wt_dcache/i_wt_dcache_missunit/i___139_i_13/O
                         net (fo=1, routed)           0.000     9.471    i_ariane/i_cva6/gen_cache_wt.i_cache_subsystem/i_wt_dcache/i_wt_dcache_missunit/i___139_i_13_n_0
    SLICE_X82Y66         CARRY4 (Prop_carry4_S[0]_CO[3])
                                                      0.513     9.984 r  i_ariane/i_cva6/gen_cache_wt.i_cache_subsystem/i_wt_dcache/i_wt_dcache_missunit/i___139_i_4/CO[3]
                         net (fo=1, routed)           0.000     9.984    i_ariane/i_cva6/gen_cache_wt.i_cache_subsystem/i_wt_dcache/i_wt_dcache_missunit/i___139_i_4_n_0
    SLICE_X82Y67         CARRY4 (Prop_carry4_CI_CO[2])
                                                      0.229    10.213 f  i_ariane/i_cva6/gen_cache_wt.i_cache_subsystem/i_wt_dcache/i_wt_dcache_missunit/i___139_i_2/CO[2]
                         net (fo=2, routed)           0.604    10.817    i_ariane/i_cva6/gen_cache_wt.i_cache_subsystem/i_wt_dcache/i_wt_dcache_wbuffer/CO[0]
    SLICE_X89Y70         LUT5 (Prop_lut5_I0_O)        0.310    11.127 f  i_ariane/i_cva6/gen_cache_wt.i_cache_subsystem/i_wt_dcache/i_wt_dcache_wbuffer/i___139_i_1/O
                         net (fo=37, routed)          0.573    11.700    i_ariane/i_cva6/gen_cache_wt.i_cache_subsystem/i_wt_dcache/i_wt_dcache_wbuffer/wbuffer_q_reg[0][valid][0]_1
    SLICE_X87Y69         LUT6 (Prop_lut6_I0_O)        0.124    11.824 f  i_ariane/i_cva6/gen_cache_wt.i_cache_subsystem/i_wt_dcache/i_wt_dcache_wbuffer/i___139_i_3/O
                         net (fo=4, routed)           0.379    12.203    i_ariane/i_cva6/gen_cache_wt.i_cache_subsystem/i_wt_dcache_n_393
    SLICE_X87Y70         LUT5 (Prop_lut5_I4_O)        0.124    12.327 r  i_ariane/i_cva6/gen_cache_wt.i_cache_subsystem/i___139/O
                         net (fo=8, routed)           1.333    13.661    i_ariane/i_cva6/gen_cache_wt.i_cache_subsystem/i_wt_dcache/i_wt_dcache_wbuffer/data_rdata_q_reg[7]
    SLICE_X51Y70         LUT5 (Prop_lut5_I1_O)        0.124    13.785 r  i_ariane/i_cva6/gen_cache_wt.i_cache_subsystem/i_wt_dcache/i_wt_dcache_wbuffer/data_rdata_q[7]_i_1/O
                         net (fo=3, routed)           1.150    14.935    i_ariane/i_cva6/gen_cache_wt.i_cache_subsystem/i_wt_dcache/i_wt_dcache_wbuffer/req_port_i[data_rdata][7]
    SLICE_X47Y72         LUT6 (Prop_lut6_I5_O)        0.124    15.059 r  i_ariane/i_cva6/gen_cache_wt.i_cache_subsystem/i_wt_dcache/i_wt_dcache_wbuffer/result_o_reg[22]_i_5/O
                         net (fo=1, routed)           0.433    15.492    i_ariane/i_cva6/ex_stage_i/lsu_i/i_load_unit/result_o_reg[22]_i_3_0
    SLICE_X47Y72         LUT5 (Prop_lut5_I0_O)        0.124    15.616 f  i_ariane/i_cva6/ex_stage_i/lsu_i/i_load_unit/result_o_reg[22]_i_4/O
                         net (fo=1, routed)           0.641    16.257    i_ariane/i_cva6/ex_stage_i/lsu_i/i_load_unit/result_o_reg[22]_i_4_n_0
    SLICE_X47Y73         LUT6 (Prop_lut6_I1_O)        0.124    16.381 r  i_ariane/i_cva6/ex_stage_i/lsu_i/i_load_unit/result_o_reg[22]_i_3/O
                         net (fo=1, routed)           0.433    16.814    i_ariane/i_cva6/ex_stage_i/lsu_i/i_load_unit/result_o_reg[22]_i_3_n_0
    SLICE_X47Y73         LUT2 (Prop_lut2_I1_O)        0.124    16.938 r  i_ariane/i_cva6/ex_stage_i/lsu_i/i_load_unit/result_o_reg[22]_i_2/O
                         net (fo=16, routed)          1.393    18.331    i_ariane/i_cva6/ex_stage_i/lsu_i/i_load_unit/result_o_reg[22]_i_2_n_0
    SLICE_X46Y70         LUT6 (Prop_lut6_I0_O)        0.124    18.455 r  i_ariane/i_cva6/ex_stage_i/lsu_i/i_load_unit/result_o_reg[13]_i_1/O
                         net (fo=1, routed)           1.149    19.603    i_ariane/i_cva6/ex_stage_i/lsu_i/i_load_unit/result_o_reg[13]_i_1_n_0
    SLICE_X57Y77         LDCE                                         r  i_ariane/i_cva6/ex_stage_i/lsu_i/i_load_unit/result_o_reg[13]/D
  -------------------------------------------------------------------    -------------------

Slack:                    inf
  Source:                 i_ariane/i_cva6/csr_regfile_i/mstatus_q_reg[mprv]/C
                            (rising edge-triggered cell FDCE clocked by clk_out1_xlnx_clk_gen  {rise@0.000ns fall@10.000ns period=20.000ns})
  Destination:            i_ariane/i_cva6/ex_stage_i/lsu_i/i_load_unit/result_o_reg[23]/D
  Path Group:             (none)
  Path Type:              Max at Slow Process Corner
  Data Path Delay:        20.392ns  (logic 4.396ns (21.557%)  route 15.996ns (78.443%))
  Logic Levels:           21  (CARRY4=2 LUT2=2 LUT3=2 LUT4=1 LUT5=5 LUT6=9)
  Clock Uncertainty:      0.172ns  ((TSJ^2 + DJ^2)^1/2) / 2 + PE
    Total System Jitter     (TSJ):    0.050ns
    Discrete Jitter          (DJ):    0.142ns
    Phase Error              (PE):    0.097ns

    Location             Delay type                Incr(ns)  Path(ns)    Netlist Resource(s)
  -------------------------------------------------------------------    -------------------
                         (clock clk_out1_xlnx_clk_gen rise edge)
                                                      0.000     0.000 r  
    K17                                               0.000     0.000 r  clk_sys (IN)
                         net (fo=0)                   0.000     0.000    i_xlnx_clk_gen/inst/clk_in1
    K17                  IBUF (Prop_ibuf_I_O)         1.475     1.475 r  i_xlnx_clk_gen/inst/clkin1_ibufg/O
                         net (fo=1, routed)           1.285     2.760    i_xlnx_clk_gen/inst/clk_in1_xlnx_clk_gen
    MMCME2_ADV_X1Y2      MMCME2_ADV (Prop_mmcme2_adv_CLKIN1_CLKOUT0)
                                                     -7.759    -4.999 r  i_xlnx_clk_gen/inst/mmcm_adv_inst/CLKOUT0
                         net (fo=1, routed)           2.206    -2.793    i_xlnx_clk_gen/inst/clk_out1_xlnx_clk_gen
    BUFGCTRL_X0Y16       BUFG (Prop_bufg_I_O)         0.101    -2.692 r  i_xlnx_clk_gen/inst/clkout1_buf/O
                         net (fo=16161, routed)       1.710    -0.982    i_ariane/i_cva6/csr_regfile_i/clk_out1
    SLICE_X64Y86         FDCE                                         r  i_ariane/i_cva6/csr_regfile_i/mstatus_q_reg[mprv]/C
  -------------------------------------------------------------------    -------------------
    SLICE_X64Y86         FDCE (Prop_fdce_C_Q)         0.456    -0.526 r  i_ariane/i_cva6/csr_regfile_i/mstatus_q_reg[mprv]/Q
                         net (fo=4, routed)           1.109     0.582    i_ariane/i_cva6/csr_regfile_i/mstatus_q_reg[mprv]__0
    SLICE_X54Y82         LUT3 (Prop_lut3_I2_O)        0.150     0.732 r  i_ariane/i_cva6/csr_regfile_i/en_ld_st_translation_q_i_2/O
                         net (fo=2, routed)           1.127     1.859    i_ariane/i_cva6/csr_regfile_i/p_40_in
    SLICE_X51Y77         LUT6 (Prop_lut6_I1_O)        0.328     2.187 f  i_ariane/i_cva6/csr_regfile_i/gen_register.d_o[34]_i_3/O
                         net (fo=4, routed)           1.105     3.292    i_ariane/i_cva6/ex_stage_i/lsu_i/gen_mmu_sv32.i_cva6_mmu/i_ptw/gen_register.d_o_reg[33]
    SLICE_X41Y67         LUT6 (Prop_lut6_I2_O)        0.124     3.416 r  i_ariane/i_cva6/ex_stage_i/lsu_i/gen_mmu_sv32.i_cva6_mmu/i_ptw/gen_register.d_o[33]_i_1/O
                         net (fo=58, routed)          1.080     4.496    i_ariane/i_cva6/ex_stage_i/lsu_i/i_load_unit/store_exception_ex_id[cause][0]
    SLICE_X53Y75         LUT6 (Prop_lut6_I5_O)        0.124     4.620 r  i_ariane/i_cva6/ex_stage_i/lsu_i/i_load_unit/FSM_sequential_state_q[1]_i_3__2/O
                         net (fo=12, routed)          0.927     5.547    i_ariane/i_cva6/gen_cache_wt.i_cache_subsystem/i_wt_dcache/gen_rd_ports[1].i_wt_dcache_ctrl/dcache_req_ports_ex_cache[1][kill_req]
    SLICE_X60Y72         LUT5 (Prop_lut5_I1_O)        0.118     5.665 r  i_ariane/i_cva6/gen_cache_wt.i_cache_subsystem/i_wt_dcache/gen_rd_ports[1].i_wt_dcache_ctrl/i___125_i_2/O
                         net (fo=22, routed)          1.139     6.804    i_ariane/i_cva6/gen_cache_wt.i_cache_subsystem/i_wt_dcache/i_wt_dcache_mem/rd_hit_oh_q[1]_i_19_0
    SLICE_X80Y64         LUT6 (Prop_lut6_I4_O)        0.326     7.130 f  i_ariane/i_cva6/gen_cache_wt.i_cache_subsystem/i_wt_dcache/i_wt_dcache_mem/i___135_i_1/O
                         net (fo=1, routed)           0.450     7.580    i_ariane/i_cva6/gen_cache_wt.i_cache_subsystem/i_wt_dcache_n_391
    SLICE_X86Y64         LUT4 (Prop_lut4_I3_O)        0.124     7.704 r  i_ariane/i_cva6/gen_cache_wt.i_cache_subsystem/i___135/O
                         net (fo=3, routed)           0.815     8.519    i_ariane/i_cva6/gen_cache_wt.i_cache_subsystem/i_wt_dcache/i_wt_dcache_missunit/i___139_i_45_2
    SLICE_X86Y64         LUT3 (Prop_lut3_I1_O)        0.150     8.669 r  i_ariane/i_cva6/gen_cache_wt.i_cache_subsystem/i_wt_dcache/i_wt_dcache_missunit/i___139_i_39/O
                         net (fo=2, routed)           0.474     9.143    i_ariane/i_cva6/gen_cache_wt.i_cache_subsystem/i_wt_dcache/i_wt_dcache_missunit/i___139_i_39_n_0
    SLICE_X82Y66         LUT6 (Prop_lut6_I3_O)        0.328     9.471 r  i_ariane/i_cva6/gen_cache_wt.i_cache_subsystem/i_wt_dcache/i_wt_dcache_missunit/i___139_i_13/O
                         net (fo=1, routed)           0.000     9.471    i_ariane/i_cva6/gen_cache_wt.i_cache_subsystem/i_wt_dcache/i_wt_dcache_missunit/i___139_i_13_n_0
    SLICE_X82Y66         CARRY4 (Prop_carry4_S[0]_CO[3])
                                                      0.513     9.984 r  i_ariane/i_cva6/gen_cache_wt.i_cache_subsystem/i_wt_dcache/i_wt_dcache_missunit/i___139_i_4/CO[3]
                         net (fo=1, routed)           0.000     9.984    i_ariane/i_cva6/gen_cache_wt.i_cache_subsystem/i_wt_dcache/i_wt_dcache_missunit/i___139_i_4_n_0
    SLICE_X82Y67         CARRY4 (Prop_carry4_CI_CO[2])
                                                      0.229    10.213 f  i_ariane/i_cva6/gen_cache_wt.i_cache_subsystem/i_wt_dcache/i_wt_dcache_missunit/i___139_i_2/CO[2]
                         net (fo=2, routed)           0.604    10.817    i_ariane/i_cva6/gen_cache_wt.i_cache_subsystem/i_wt_dcache/i_wt_dcache_wbuffer/CO[0]
    SLICE_X89Y70         LUT5 (Prop_lut5_I0_O)        0.310    11.127 f  i_ariane/i_cva6/gen_cache_wt.i_cache_subsystem/i_wt_dcache/i_wt_dcache_wbuffer/i___139_i_1/O
                         net (fo=37, routed)          0.573    11.700    i_ariane/i_cva6/gen_cache_wt.i_cache_subsystem/i_wt_dcache/i_wt_dcache_wbuffer/wbuffer_q_reg[0][valid][0]_1
    SLICE_X87Y69         LUT6 (Prop_lut6_I0_O)        0.124    11.824 f  i_ariane/i_cva6/gen_cache_wt.i_cache_subsystem/i_wt_dcache/i_wt_dcache_wbuffer/i___139_i_3/O
                         net (fo=4, routed)           0.379    12.203    i_ariane/i_cva6/gen_cache_wt.i_cache_subsystem/i_wt_dcache_n_393
    SLICE_X87Y70         LUT5 (Prop_lut5_I4_O)        0.124    12.327 r  i_ariane/i_cva6/gen_cache_wt.i_cache_subsystem/i___139/O
                         net (fo=8, routed)           1.333    13.661    i_ariane/i_cva6/gen_cache_wt.i_cache_subsystem/i_wt_dcache/i_wt_dcache_wbuffer/data_rdata_q_reg[7]
    SLICE_X51Y70         LUT5 (Prop_lut5_I1_O)        0.124    13.785 r  i_ariane/i_cva6/gen_cache_wt.i_cache_subsystem/i_wt_dcache/i_wt_dcache_wbuffer/data_rdata_q[7]_i_1/O
                         net (fo=3, routed)           1.150    14.935    i_ariane/i_cva6/gen_cache_wt.i_cache_subsystem/i_wt_dcache/i_wt_dcache_wbuffer/req_port_i[data_rdata][7]
    SLICE_X47Y72         LUT6 (Prop_lut6_I5_O)        0.124    15.059 r  i_ariane/i_cva6/gen_cache_wt.i_cache_subsystem/i_wt_dcache/i_wt_dcache_wbuffer/result_o_reg[22]_i_5/O
                         net (fo=1, routed)           0.433    15.492    i_ariane/i_cva6/ex_stage_i/lsu_i/i_load_unit/result_o_reg[22]_i_3_0
    SLICE_X47Y72         LUT5 (Prop_lut5_I0_O)        0.124    15.616 f  i_ariane/i_cva6/ex_stage_i/lsu_i/i_load_unit/result_o_reg[22]_i_4/O
                         net (fo=1, routed)           0.641    16.257    i_ariane/i_cva6/ex_stage_i/lsu_i/i_load_unit/result_o_reg[22]_i_4_n_0
    SLICE_X47Y73         LUT6 (Prop_lut6_I1_O)        0.124    16.381 r  i_ariane/i_cva6/ex_stage_i/lsu_i/i_load_unit/result_o_reg[22]_i_3/O
                         net (fo=1, routed)           0.433    16.814    i_ariane/i_cva6/ex_stage_i/lsu_i/i_load_unit/result_o_reg[22]_i_3_n_0
    SLICE_X47Y73         LUT2 (Prop_lut2_I1_O)        0.124    16.938 r  i_ariane/i_cva6/ex_stage_i/lsu_i/i_load_unit/result_o_reg[22]_i_2/O
                         net (fo=16, routed)          0.349    17.287    i_ariane/i_cva6/ex_stage_i/lsu_i/i_load_unit/result_o_reg[22]_i_2_n_0
    SLICE_X48Y73         LUT2 (Prop_lut2_I0_O)        0.124    17.411 r  i_ariane/i_cva6/ex_stage_i/lsu_i/i_load_unit/result_o_reg[31]_i_3/O
                         net (fo=9, routed)           0.936    18.347    i_ariane/i_cva6/ex_stage_i/lsu_i/i_load_unit/result_o_reg[31]_i_3_n_0
    SLICE_X49Y73         LUT6 (Prop_lut6_I0_O)        0.124    18.471 r  i_ariane/i_cva6/ex_stage_i/lsu_i/i_load_unit/result_o_reg[23]_i_1/O
                         net (fo=1, routed)           0.938    19.410    i_ariane/i_cva6/ex_stage_i/lsu_i/i_load_unit/result_o_reg[23]_i_1_n_0
    SLICE_X55Y76         LDCE                                         r  i_ariane/i_cva6/ex_stage_i/lsu_i/i_load_unit/result_o_reg[23]/D
  -------------------------------------------------------------------    -------------------

Slack:                    inf
  Source:                 i_ariane/i_cva6/csr_regfile_i/mstatus_q_reg[mprv]/C
                            (rising edge-triggered cell FDCE clocked by clk_out1_xlnx_clk_gen  {rise@0.000ns fall@10.000ns period=20.000ns})
  Destination:            i_ariane/i_cva6/ex_stage_i/lsu_i/i_load_unit/result_o_reg[22]/D
  Path Group:             (none)
  Path Type:              Max at Slow Process Corner
  Data Path Delay:        20.319ns  (logic 4.272ns (21.024%)  route 16.047ns (78.975%))
  Logic Levels:           20  (CARRY4=2 LUT2=1 LUT3=2 LUT4=1 LUT5=5 LUT6=9)
  Clock Uncertainty:      0.172ns  ((TSJ^2 + DJ^2)^1/2) / 2 + PE
    Total System Jitter     (TSJ):    0.050ns
    Discrete Jitter          (DJ):    0.142ns
    Phase Error              (PE):    0.097ns

    Location             Delay type                Incr(ns)  Path(ns)    Netlist Resource(s)
  -------------------------------------------------------------------    -------------------
                         (clock clk_out1_xlnx_clk_gen rise edge)
                                                      0.000     0.000 r  
    K17                                               0.000     0.000 r  clk_sys (IN)
                         net (fo=0)                   0.000     0.000    i_xlnx_clk_gen/inst/clk_in1
    K17                  IBUF (Prop_ibuf_I_O)         1.475     1.475 r  i_xlnx_clk_gen/inst/clkin1_ibufg/O
                         net (fo=1, routed)           1.285     2.760    i_xlnx_clk_gen/inst/clk_in1_xlnx_clk_gen
    MMCME2_ADV_X1Y2      MMCME2_ADV (Prop_mmcme2_adv_CLKIN1_CLKOUT0)
                                                     -7.759    -4.999 r  i_xlnx_clk_gen/inst/mmcm_adv_inst/CLKOUT0
                         net (fo=1, routed)           2.206    -2.793    i_xlnx_clk_gen/inst/clk_out1_xlnx_clk_gen
    BUFGCTRL_X0Y16       BUFG (Prop_bufg_I_O)         0.101    -2.692 r  i_xlnx_clk_gen/inst/clkout1_buf/O
                         net (fo=16161, routed)       1.710    -0.982    i_ariane/i_cva6/csr_regfile_i/clk_out1
    SLICE_X64Y86         FDCE                                         r  i_ariane/i_cva6/csr_regfile_i/mstatus_q_reg[mprv]/C
  -------------------------------------------------------------------    -------------------
    SLICE_X64Y86         FDCE (Prop_fdce_C_Q)         0.456    -0.526 r  i_ariane/i_cva6/csr_regfile_i/mstatus_q_reg[mprv]/Q
                         net (fo=4, routed)           1.109     0.582    i_ariane/i_cva6/csr_regfile_i/mstatus_q_reg[mprv]__0
    SLICE_X54Y82         LUT3 (Prop_lut3_I2_O)        0.150     0.732 r  i_ariane/i_cva6/csr_regfile_i/en_ld_st_translation_q_i_2/O
                         net (fo=2, routed)           1.127     1.859    i_ariane/i_cva6/csr_regfile_i/p_40_in
    SLICE_X51Y77         LUT6 (Prop_lut6_I1_O)        0.328     2.187 f  i_ariane/i_cva6/csr_regfile_i/gen_register.d_o[34]_i_3/O
                         net (fo=4, routed)           1.105     3.292    i_ariane/i_cva6/ex_stage_i/lsu_i/gen_mmu_sv32.i_cva6_mmu/i_ptw/gen_register.d_o_reg[33]
    SLICE_X41Y67         LUT6 (Prop_lut6_I2_O)        0.124     3.416 r  i_ariane/i_cva6/ex_stage_i/lsu_i/gen_mmu_sv32.i_cva6_mmu/i_ptw/gen_register.d_o[33]_i_1/O
                         net (fo=58, routed)          1.080     4.496    i_ariane/i_cva6/ex_stage_i/lsu_i/i_load_unit/store_exception_ex_id[cause][0]
    SLICE_X53Y75         LUT6 (Prop_lut6_I5_O)        0.124     4.620 r  i_ariane/i_cva6/ex_stage_i/lsu_i/i_load_unit/FSM_sequential_state_q[1]_i_3__2/O
                         net (fo=12, routed)          0.927     5.547    i_ariane/i_cva6/gen_cache_wt.i_cache_subsystem/i_wt_dcache/gen_rd_ports[1].i_wt_dcache_ctrl/dcache_req_ports_ex_cache[1][kill_req]
    SLICE_X60Y72         LUT5 (Prop_lut5_I1_O)        0.118     5.665 r  i_ariane/i_cva6/gen_cache_wt.i_cache_subsystem/i_wt_dcache/gen_rd_ports[1].i_wt_dcache_ctrl/i___125_i_2/O
                         net (fo=22, routed)          1.139     6.804    i_ariane/i_cva6/gen_cache_wt.i_cache_subsystem/i_wt_dcache/i_wt_dcache_mem/rd_hit_oh_q[1]_i_19_0
    SLICE_X80Y64         LUT6 (Prop_lut6_I4_O)        0.326     7.130 f  i_ariane/i_cva6/gen_cache_wt.i_cache_subsystem/i_wt_dcache/i_wt_dcache_mem/i___135_i_1/O
                         net (fo=1, routed)           0.450     7.580    i_ariane/i_cva6/gen_cache_wt.i_cache_subsystem/i_wt_dcache_n_391
    SLICE_X86Y64         LUT4 (Prop_lut4_I3_O)        0.124     7.704 r  i_ariane/i_cva6/gen_cache_wt.i_cache_subsystem/i___135/O
                         net (fo=3, routed)           0.815     8.519    i_ariane/i_cva6/gen_cache_wt.i_cache_subsystem/i_wt_dcache/i_wt_dcache_missunit/i___139_i_45_2
    SLICE_X86Y64         LUT3 (Prop_lut3_I1_O)        0.150     8.669 r  i_ariane/i_cva6/gen_cache_wt.i_cache_subsystem/i_wt_dcache/i_wt_dcache_missunit/i___139_i_39/O
                         net (fo=2, routed)           0.474     9.143    i_ariane/i_cva6/gen_cache_wt.i_cache_subsystem/i_wt_dcache/i_wt_dcache_missunit/i___139_i_39_n_0
    SLICE_X82Y66         LUT6 (Prop_lut6_I3_O)        0.328     9.471 r  i_ariane/i_cva6/gen_cache_wt.i_cache_subsystem/i_wt_dcache/i_wt_dcache_missunit/i___139_i_13/O
                         net (fo=1, routed)           0.000     9.471    i_ariane/i_cva6/gen_cache_wt.i_cache_subsystem/i_wt_dcache/i_wt_dcache_missunit/i___139_i_13_n_0
    SLICE_X82Y66         CARRY4 (Prop_carry4_S[0]_CO[3])
                                                      0.513     9.984 r  i_ariane/i_cva6/gen_cache_wt.i_cache_subsystem/i_wt_dcache/i_wt_dcache_missunit/i___139_i_4/CO[3]
                         net (fo=1, routed)           0.000     9.984    i_ariane/i_cva6/gen_cache_wt.i_cache_subsystem/i_wt_dcache/i_wt_dcache_missunit/i___139_i_4_n_0
    SLICE_X82Y67         CARRY4 (Prop_carry4_CI_CO[2])
                                                      0.229    10.213 f  i_ariane/i_cva6/gen_cache_wt.i_cache_subsystem/i_wt_dcache/i_wt_dcache_missunit/i___139_i_2/CO[2]
                         net (fo=2, routed)           0.604    10.817    i_ariane/i_cva6/gen_cache_wt.i_cache_subsystem/i_wt_dcache/i_wt_dcache_wbuffer/CO[0]
    SLICE_X89Y70         LUT5 (Prop_lut5_I0_O)        0.310    11.127 f  i_ariane/i_cva6/gen_cache_wt.i_cache_subsystem/i_wt_dcache/i_wt_dcache_wbuffer/i___139_i_1/O
                         net (fo=37, routed)          0.573    11.700    i_ariane/i_cva6/gen_cache_wt.i_cache_subsystem/i_wt_dcache/i_wt_dcache_wbuffer/wbuffer_q_reg[0][valid][0]_1
    SLICE_X87Y69         LUT6 (Prop_lut6_I0_O)        0.124    11.824 f  i_ariane/i_cva6/gen_cache_wt.i_cache_subsystem/i_wt_dcache/i_wt_dcache_wbuffer/i___139_i_3/O
                         net (fo=4, routed)           0.379    12.203    i_ariane/i_cva6/gen_cache_wt.i_cache_subsystem/i_wt_dcache_n_393
    SLICE_X87Y70         LUT5 (Prop_lut5_I4_O)        0.124    12.327 r  i_ariane/i_cva6/gen_cache_wt.i_cache_subsystem/i___139/O
                         net (fo=8, routed)           1.333    13.661    i_ariane/i_cva6/gen_cache_wt.i_cache_subsystem/i_wt_dcache/i_wt_dcache_wbuffer/data_rdata_q_reg[7]
    SLICE_X51Y70         LUT5 (Prop_lut5_I1_O)        0.124    13.785 r  i_ariane/i_cva6/gen_cache_wt.i_cache_subsystem/i_wt_dcache/i_wt_dcache_wbuffer/data_rdata_q[7]_i_1/O
                         net (fo=3, routed)           1.150    14.935    i_ariane/i_cva6/gen_cache_wt.i_cache_subsystem/i_wt_dcache/i_wt_dcache_wbuffer/req_port_i[data_rdata][7]
    SLICE_X47Y72         LUT6 (Prop_lut6_I5_O)        0.124    15.059 r  i_ariane/i_cva6/gen_cache_wt.i_cache_subsystem/i_wt_dcache/i_wt_dcache_wbuffer/result_o_reg[22]_i_5/O
                         net (fo=1, routed)           0.433    15.492    i_ariane/i_cva6/ex_stage_i/lsu_i/i_load_unit/result_o_reg[22]_i_3_0
    SLICE_X47Y72         LUT5 (Prop_lut5_I0_O)        0.124    15.616 f  i_ariane/i_cva6/ex_stage_i/lsu_i/i_load_unit/result_o_reg[22]_i_4/O
                         net (fo=1, routed)           0.641    16.257    i_ariane/i_cva6/ex_stage_i/lsu_i/i_load_unit/result_o_reg[22]_i_4_n_0
    SLICE_X47Y73         LUT6 (Prop_lut6_I1_O)        0.124    16.381 r  i_ariane/i_cva6/ex_stage_i/lsu_i/i_load_unit/result_o_reg[22]_i_3/O
                         net (fo=1, routed)           0.433    16.814    i_ariane/i_cva6/ex_stage_i/lsu_i/i_load_unit/result_o_reg[22]_i_3_n_0
    SLICE_X47Y73         LUT2 (Prop_lut2_I1_O)        0.124    16.938 r  i_ariane/i_cva6/ex_stage_i/lsu_i/i_load_unit/result_o_reg[22]_i_2/O
                         net (fo=16, routed)          1.172    18.111    i_ariane/i_cva6/ex_stage_i/lsu_i/i_load_unit/result_o_reg[22]_i_2_n_0
    SLICE_X49Y70         LUT6 (Prop_lut6_I0_O)        0.124    18.235 r  i_ariane/i_cva6/ex_stage_i/lsu_i/i_load_unit/result_o_reg[22]_i_1/O
                         net (fo=1, routed)           1.102    19.337    i_ariane/i_cva6/ex_stage_i/lsu_i/i_load_unit/result_o_reg[22]_i_1_n_0
    SLICE_X60Y74         LDCE                                         r  i_ariane/i_cva6/ex_stage_i/lsu_i/i_load_unit/result_o_reg[22]/D
  -------------------------------------------------------------------    -------------------

Slack:                    inf
  Source:                 i_ariane/i_cva6/csr_regfile_i/mstatus_q_reg[mprv]/C
                            (rising edge-triggered cell FDCE clocked by clk_out1_xlnx_clk_gen  {rise@0.000ns fall@10.000ns period=20.000ns})
  Destination:            i_ariane/i_cva6/ex_stage_i/lsu_i/i_load_unit/result_o_reg[30]/D
  Path Group:             (none)
  Path Type:              Max at Slow Process Corner
  Data Path Delay:        20.298ns  (logic 4.396ns (21.657%)  route 15.902ns (78.343%))
  Logic Levels:           21  (CARRY4=2 LUT2=2 LUT3=2 LUT4=1 LUT5=5 LUT6=9)
  Clock Uncertainty:      0.172ns  ((TSJ^2 + DJ^2)^1/2) / 2 + PE
    Total System Jitter     (TSJ):    0.050ns
    Discrete Jitter          (DJ):    0.142ns
    Phase Error              (PE):    0.097ns

    Location             Delay type                Incr(ns)  Path(ns)    Netlist Resource(s)
  -------------------------------------------------------------------    -------------------
                         (clock clk_out1_xlnx_clk_gen rise edge)
                                                      0.000     0.000 r  
    K17                                               0.000     0.000 r  clk_sys (IN)
                         net (fo=0)                   0.000     0.000    i_xlnx_clk_gen/inst/clk_in1
    K17                  IBUF (Prop_ibuf_I_O)         1.475     1.475 r  i_xlnx_clk_gen/inst/clkin1_ibufg/O
                         net (fo=1, routed)           1.285     2.760    i_xlnx_clk_gen/inst/clk_in1_xlnx_clk_gen
    MMCME2_ADV_X1Y2      MMCME2_ADV (Prop_mmcme2_adv_CLKIN1_CLKOUT0)
                                                     -7.759    -4.999 r  i_xlnx_clk_gen/inst/mmcm_adv_inst/CLKOUT0
                         net (fo=1, routed)           2.206    -2.793    i_xlnx_clk_gen/inst/clk_out1_xlnx_clk_gen
    BUFGCTRL_X0Y16       BUFG (Prop_bufg_I_O)         0.101    -2.692 r  i_xlnx_clk_gen/inst/clkout1_buf/O
                         net (fo=16161, routed)       1.710    -0.982    i_ariane/i_cva6/csr_regfile_i/clk_out1
    SLICE_X64Y86         FDCE                                         r  i_ariane/i_cva6/csr_regfile_i/mstatus_q_reg[mprv]/C
  -------------------------------------------------------------------    -------------------
    SLICE_X64Y86         FDCE (Prop_fdce_C_Q)         0.456    -0.526 r  i_ariane/i_cva6/csr_regfile_i/mstatus_q_reg[mprv]/Q
                         net (fo=4, routed)           1.109     0.582    i_ariane/i_cva6/csr_regfile_i/mstatus_q_reg[mprv]__0
    SLICE_X54Y82         LUT3 (Prop_lut3_I2_O)        0.150     0.732 r  i_ariane/i_cva6/csr_regfile_i/en_ld_st_translation_q_i_2/O
                         net (fo=2, routed)           1.127     1.859    i_ariane/i_cva6/csr_regfile_i/p_40_in
    SLICE_X51Y77         LUT6 (Prop_lut6_I1_O)        0.328     2.187 f  i_ariane/i_cva6/csr_regfile_i/gen_register.d_o[34]_i_3/O
                         net (fo=4, routed)           1.105     3.292    i_ariane/i_cva6/ex_stage_i/lsu_i/gen_mmu_sv32.i_cva6_mmu/i_ptw/gen_register.d_o_reg[33]
    SLICE_X41Y67         LUT6 (Prop_lut6_I2_O)        0.124     3.416 r  i_ariane/i_cva6/ex_stage_i/lsu_i/gen_mmu_sv32.i_cva6_mmu/i_ptw/gen_register.d_o[33]_i_1/O
                         net (fo=58, routed)          1.080     4.496    i_ariane/i_cva6/ex_stage_i/lsu_i/i_load_unit/store_exception_ex_id[cause][0]
    SLICE_X53Y75         LUT6 (Prop_lut6_I5_O)        0.124     4.620 r  i_ariane/i_cva6/ex_stage_i/lsu_i/i_load_unit/FSM_sequential_state_q[1]_i_3__2/O
                         net (fo=12, routed)          0.927     5.547    i_ariane/i_cva6/gen_cache_wt.i_cache_subsystem/i_wt_dcache/gen_rd_ports[1].i_wt_dcache_ctrl/dcache_req_ports_ex_cache[1][kill_req]
    SLICE_X60Y72         LUT5 (Prop_lut5_I1_O)        0.118     5.665 r  i_ariane/i_cva6/gen_cache_wt.i_cache_subsystem/i_wt_dcache/gen_rd_ports[1].i_wt_dcache_ctrl/i___125_i_2/O
                         net (fo=22, routed)          1.139     6.804    i_ariane/i_cva6/gen_cache_wt.i_cache_subsystem/i_wt_dcache/i_wt_dcache_mem/rd_hit_oh_q[1]_i_19_0
    SLICE_X80Y64         LUT6 (Prop_lut6_I4_O)        0.326     7.130 f  i_ariane/i_cva6/gen_cache_wt.i_cache_subsystem/i_wt_dcache/i_wt_dcache_mem/i___135_i_1/O
                         net (fo=1, routed)           0.450     7.580    i_ariane/i_cva6/gen_cache_wt.i_cache_subsystem/i_wt_dcache_n_391
    SLICE_X86Y64         LUT4 (Prop_lut4_I3_O)        0.124     7.704 r  i_ariane/i_cva6/gen_cache_wt.i_cache_subsystem/i___135/O
                         net (fo=3, routed)           0.815     8.519    i_ariane/i_cva6/gen_cache_wt.i_cache_subsystem/i_wt_dcache/i_wt_dcache_missunit/i___139_i_45_2
    SLICE_X86Y64         LUT3 (Prop_lut3_I1_O)        0.150     8.669 r  i_ariane/i_cva6/gen_cache_wt.i_cache_subsystem/i_wt_dcache/i_wt_dcache_missunit/i___139_i_39/O
                         net (fo=2, routed)           0.474     9.143    i_ariane/i_cva6/gen_cache_wt.i_cache_subsystem/i_wt_dcache/i_wt_dcache_missunit/i___139_i_39_n_0
    SLICE_X82Y66         LUT6 (Prop_lut6_I3_O)        0.328     9.471 r  i_ariane/i_cva6/gen_cache_wt.i_cache_subsystem/i_wt_dcache/i_wt_dcache_missunit/i___139_i_13/O
                         net (fo=1, routed)           0.000     9.471    i_ariane/i_cva6/gen_cache_wt.i_cache_subsystem/i_wt_dcache/i_wt_dcache_missunit/i___139_i_13_n_0
    SLICE_X82Y66         CARRY4 (Prop_carry4_S[0]_CO[3])
                                                      0.513     9.984 r  i_ariane/i_cva6/gen_cache_wt.i_cache_subsystem/i_wt_dcache/i_wt_dcache_missunit/i___139_i_4/CO[3]
                         net (fo=1, routed)           0.000     9.984    i_ariane/i_cva6/gen_cache_wt.i_cache_subsystem/i_wt_dcache/i_wt_dcache_missunit/i___139_i_4_n_0
    SLICE_X82Y67         CARRY4 (Prop_carry4_CI_CO[2])
                                                      0.229    10.213 f  i_ariane/i_cva6/gen_cache_wt.i_cache_subsystem/i_wt_dcache/i_wt_dcache_missunit/i___139_i_2/CO[2]
                         net (fo=2, routed)           0.604    10.817    i_ariane/i_cva6/gen_cache_wt.i_cache_subsystem/i_wt_dcache/i_wt_dcache_wbuffer/CO[0]
    SLICE_X89Y70         LUT5 (Prop_lut5_I0_O)        0.310    11.127 f  i_ariane/i_cva6/gen_cache_wt.i_cache_subsystem/i_wt_dcache/i_wt_dcache_wbuffer/i___139_i_1/O
                         net (fo=37, routed)          0.573    11.700    i_ariane/i_cva6/gen_cache_wt.i_cache_subsystem/i_wt_dcache/i_wt_dcache_wbuffer/wbuffer_q_reg[0][valid][0]_1
    SLICE_X87Y69         LUT6 (Prop_lut6_I0_O)        0.124    11.824 f  i_ariane/i_cva6/gen_cache_wt.i_cache_subsystem/i_wt_dcache/i_wt_dcache_wbuffer/i___139_i_3/O
                         net (fo=4, routed)           0.379    12.203    i_ariane/i_cva6/gen_cache_wt.i_cache_subsystem/i_wt_dcache_n_393
    SLICE_X87Y70         LUT5 (Prop_lut5_I4_O)        0.124    12.327 r  i_ariane/i_cva6/gen_cache_wt.i_cache_subsystem/i___139/O
                         net (fo=8, routed)           1.333    13.661    i_ariane/i_cva6/gen_cache_wt.i_cache_subsystem/i_wt_dcache/i_wt_dcache_wbuffer/data_rdata_q_reg[7]
    SLICE_X51Y70         LUT5 (Prop_lut5_I1_O)        0.124    13.785 r  i_ariane/i_cva6/gen_cache_wt.i_cache_subsystem/i_wt_dcache/i_wt_dcache_wbuffer/data_rdata_q[7]_i_1/O
                         net (fo=3, routed)           1.150    14.935    i_ariane/i_cva6/gen_cache_wt.i_cache_subsystem/i_wt_dcache/i_wt_dcache_wbuffer/req_port_i[data_rdata][7]
    SLICE_X47Y72         LUT6 (Prop_lut6_I5_O)        0.124    15.059 r  i_ariane/i_cva6/gen_cache_wt.i_cache_subsystem/i_wt_dcache/i_wt_dcache_wbuffer/result_o_reg[22]_i_5/O
                         net (fo=1, routed)           0.433    15.492    i_ariane/i_cva6/ex_stage_i/lsu_i/i_load_unit/result_o_reg[22]_i_3_0
    SLICE_X47Y72         LUT5 (Prop_lut5_I0_O)        0.124    15.616 f  i_ariane/i_cva6/ex_stage_i/lsu_i/i_load_unit/result_o_reg[22]_i_4/O
                         net (fo=1, routed)           0.641    16.257    i_ariane/i_cva6/ex_stage_i/lsu_i/i_load_unit/result_o_reg[22]_i_4_n_0
    SLICE_X47Y73         LUT6 (Prop_lut6_I1_O)        0.124    16.381 r  i_ariane/i_cva6/ex_stage_i/lsu_i/i_load_unit/result_o_reg[22]_i_3/O
                         net (fo=1, routed)           0.433    16.814    i_ariane/i_cva6/ex_stage_i/lsu_i/i_load_unit/result_o_reg[22]_i_3_n_0
    SLICE_X47Y73         LUT2 (Prop_lut2_I1_O)        0.124    16.938 r  i_ariane/i_cva6/ex_stage_i/lsu_i/i_load_unit/result_o_reg[22]_i_2/O
                         net (fo=16, routed)          0.349    17.287    i_ariane/i_cva6/ex_stage_i/lsu_i/i_load_unit/result_o_reg[22]_i_2_n_0
    SLICE_X48Y73         LUT2 (Prop_lut2_I0_O)        0.124    17.411 r  i_ariane/i_cva6/ex_stage_i/lsu_i/i_load_unit/result_o_reg[31]_i_3/O
                         net (fo=9, routed)           0.838    18.249    i_ariane/i_cva6/ex_stage_i/lsu_i/i_load_unit/result_o_reg[31]_i_3_n_0
    SLICE_X49Y74         LUT6 (Prop_lut6_I0_O)        0.124    18.373 r  i_ariane/i_cva6/ex_stage_i/lsu_i/i_load_unit/result_o_reg[30]_i_1/O
                         net (fo=1, routed)           0.943    19.316    i_ariane/i_cva6/ex_stage_i/lsu_i/i_load_unit/result_o_reg[30]_i_1_n_0
    SLICE_X59Y78         LDCE                                         r  i_ariane/i_cva6/ex_stage_i/lsu_i/i_load_unit/result_o_reg[30]/D
  -------------------------------------------------------------------    -------------------

Slack:                    inf
  Source:                 i_ariane/i_cva6/csr_regfile_i/mstatus_q_reg[mprv]/C
                            (rising edge-triggered cell FDCE clocked by clk_out1_xlnx_clk_gen  {rise@0.000ns fall@10.000ns period=20.000ns})
  Destination:            i_ariane/i_cva6/ex_stage_i/lsu_i/i_load_unit/result_o_reg[12]/D
  Path Group:             (none)
  Path Type:              Max at Slow Process Corner
  Data Path Delay:        20.287ns  (logic 4.272ns (21.057%)  route 16.015ns (78.943%))
  Logic Levels:           20  (CARRY4=2 LUT2=1 LUT3=2 LUT4=1 LUT5=5 LUT6=9)
  Clock Uncertainty:      0.172ns  ((TSJ^2 + DJ^2)^1/2) / 2 + PE
    Total System Jitter     (TSJ):    0.050ns
    Discrete Jitter          (DJ):    0.142ns
    Phase Error              (PE):    0.097ns

    Location             Delay type                Incr(ns)  Path(ns)    Netlist Resource(s)
  -------------------------------------------------------------------    -------------------
                         (clock clk_out1_xlnx_clk_gen rise edge)
                                                      0.000     0.000 r  
    K17                                               0.000     0.000 r  clk_sys (IN)
                         net (fo=0)                   0.000     0.000    i_xlnx_clk_gen/inst/clk_in1
    K17                  IBUF (Prop_ibuf_I_O)         1.475     1.475 r  i_xlnx_clk_gen/inst/clkin1_ibufg/O
                         net (fo=1, routed)           1.285     2.760    i_xlnx_clk_gen/inst/clk_in1_xlnx_clk_gen
    MMCME2_ADV_X1Y2      MMCME2_ADV (Prop_mmcme2_adv_CLKIN1_CLKOUT0)
                                                     -7.759    -4.999 r  i_xlnx_clk_gen/inst/mmcm_adv_inst/CLKOUT0
                         net (fo=1, routed)           2.206    -2.793    i_xlnx_clk_gen/inst/clk_out1_xlnx_clk_gen
    BUFGCTRL_X0Y16       BUFG (Prop_bufg_I_O)         0.101    -2.692 r  i_xlnx_clk_gen/inst/clkout1_buf/O
                         net (fo=16161, routed)       1.710    -0.982    i_ariane/i_cva6/csr_regfile_i/clk_out1
    SLICE_X64Y86         FDCE                                         r  i_ariane/i_cva6/csr_regfile_i/mstatus_q_reg[mprv]/C
  -------------------------------------------------------------------    -------------------
    SLICE_X64Y86         FDCE (Prop_fdce_C_Q)         0.456    -0.526 r  i_ariane/i_cva6/csr_regfile_i/mstatus_q_reg[mprv]/Q
                         net (fo=4, routed)           1.109     0.582    i_ariane/i_cva6/csr_regfile_i/mstatus_q_reg[mprv]__0
    SLICE_X54Y82         LUT3 (Prop_lut3_I2_O)        0.150     0.732 r  i_ariane/i_cva6/csr_regfile_i/en_ld_st_translation_q_i_2/O
                         net (fo=2, routed)           1.127     1.859    i_ariane/i_cva6/csr_regfile_i/p_40_in
    SLICE_X51Y77         LUT6 (Prop_lut6_I1_O)        0.328     2.187 f  i_ariane/i_cva6/csr_regfile_i/gen_register.d_o[34]_i_3/O
                         net (fo=4, routed)           1.105     3.292    i_ariane/i_cva6/ex_stage_i/lsu_i/gen_mmu_sv32.i_cva6_mmu/i_ptw/gen_register.d_o_reg[33]
    SLICE_X41Y67         LUT6 (Prop_lut6_I2_O)        0.124     3.416 r  i_ariane/i_cva6/ex_stage_i/lsu_i/gen_mmu_sv32.i_cva6_mmu/i_ptw/gen_register.d_o[33]_i_1/O
                         net (fo=58, routed)          1.080     4.496    i_ariane/i_cva6/ex_stage_i/lsu_i/i_load_unit/store_exception_ex_id[cause][0]
    SLICE_X53Y75         LUT6 (Prop_lut6_I5_O)        0.124     4.620 r  i_ariane/i_cva6/ex_stage_i/lsu_i/i_load_unit/FSM_sequential_state_q[1]_i_3__2/O
                         net (fo=12, routed)          0.927     5.547    i_ariane/i_cva6/gen_cache_wt.i_cache_subsystem/i_wt_dcache/gen_rd_ports[1].i_wt_dcache_ctrl/dcache_req_ports_ex_cache[1][kill_req]
    SLICE_X60Y72         LUT5 (Prop_lut5_I1_O)        0.118     5.665 r  i_ariane/i_cva6/gen_cache_wt.i_cache_subsystem/i_wt_dcache/gen_rd_ports[1].i_wt_dcache_ctrl/i___125_i_2/O
                         net (fo=22, routed)          1.139     6.804    i_ariane/i_cva6/gen_cache_wt.i_cache_subsystem/i_wt_dcache/i_wt_dcache_mem/rd_hit_oh_q[1]_i_19_0
    SLICE_X80Y64         LUT6 (Prop_lut6_I4_O)        0.326     7.130 f  i_ariane/i_cva6/gen_cache_wt.i_cache_subsystem/i_wt_dcache/i_wt_dcache_mem/i___135_i_1/O
                         net (fo=1, routed)           0.450     7.580    i_ariane/i_cva6/gen_cache_wt.i_cache_subsystem/i_wt_dcache_n_391
    SLICE_X86Y64         LUT4 (Prop_lut4_I3_O)        0.124     7.704 r  i_ariane/i_cva6/gen_cache_wt.i_cache_subsystem/i___135/O
                         net (fo=3, routed)           0.815     8.519    i_ariane/i_cva6/gen_cache_wt.i_cache_subsystem/i_wt_dcache/i_wt_dcache_missunit/i___139_i_45_2
    SLICE_X86Y64         LUT3 (Prop_lut3_I1_O)        0.150     8.669 r  i_ariane/i_cva6/gen_cache_wt.i_cache_subsystem/i_wt_dcache/i_wt_dcache_missunit/i___139_i_39/O
                         net (fo=2, routed)           0.474     9.143    i_ariane/i_cva6/gen_cache_wt.i_cache_subsystem/i_wt_dcache/i_wt_dcache_missunit/i___139_i_39_n_0
    SLICE_X82Y66         LUT6 (Prop_lut6_I3_O)        0.328     9.471 r  i_ariane/i_cva6/gen_cache_wt.i_cache_subsystem/i_wt_dcache/i_wt_dcache_missunit/i___139_i_13/O
                         net (fo=1, routed)           0.000     9.471    i_ariane/i_cva6/gen_cache_wt.i_cache_subsystem/i_wt_dcache/i_wt_dcache_missunit/i___139_i_13_n_0
    SLICE_X82Y66         CARRY4 (Prop_carry4_S[0]_CO[3])
                                                      0.513     9.984 r  i_ariane/i_cva6/gen_cache_wt.i_cache_subsystem/i_wt_dcache/i_wt_dcache_missunit/i___139_i_4/CO[3]
                         net (fo=1, routed)           0.000     9.984    i_ariane/i_cva6/gen_cache_wt.i_cache_subsystem/i_wt_dcache/i_wt_dcache_missunit/i___139_i_4_n_0
    SLICE_X82Y67         CARRY4 (Prop_carry4_CI_CO[2])
                                                      0.229    10.213 f  i_ariane/i_cva6/gen_cache_wt.i_cache_subsystem/i_wt_dcache/i_wt_dcache_missunit/i___139_i_2/CO[2]
                         net (fo=2, routed)           0.604    10.817    i_ariane/i_cva6/gen_cache_wt.i_cache_subsystem/i_wt_dcache/i_wt_dcache_wbuffer/CO[0]
    SLICE_X89Y70         LUT5 (Prop_lut5_I0_O)        0.310    11.127 f  i_ariane/i_cva6/gen_cache_wt.i_cache_subsystem/i_wt_dcache/i_wt_dcache_wbuffer/i___139_i_1/O
                         net (fo=37, routed)          0.573    11.700    i_ariane/i_cva6/gen_cache_wt.i_cache_subsystem/i_wt_dcache/i_wt_dcache_wbuffer/wbuffer_q_reg[0][valid][0]_1
    SLICE_X87Y69         LUT6 (Prop_lut6_I0_O)        0.124    11.824 f  i_ariane/i_cva6/gen_cache_wt.i_cache_subsystem/i_wt_dcache/i_wt_dcache_wbuffer/i___139_i_3/O
                         net (fo=4, routed)           0.379    12.203    i_ariane/i_cva6/gen_cache_wt.i_cache_subsystem/i_wt_dcache_n_393
    SLICE_X87Y70         LUT5 (Prop_lut5_I4_O)        0.124    12.327 r  i_ariane/i_cva6/gen_cache_wt.i_cache_subsystem/i___139/O
                         net (fo=8, routed)           1.333    13.661    i_ariane/i_cva6/gen_cache_wt.i_cache_subsystem/i_wt_dcache/i_wt_dcache_wbuffer/data_rdata_q_reg[7]
    SLICE_X51Y70         LUT5 (Prop_lut5_I1_O)        0.124    13.785 r  i_ariane/i_cva6/gen_cache_wt.i_cache_subsystem/i_wt_dcache/i_wt_dcache_wbuffer/data_rdata_q[7]_i_1/O
                         net (fo=3, routed)           1.150    14.935    i_ariane/i_cva6/gen_cache_wt.i_cache_subsystem/i_wt_dcache/i_wt_dcache_wbuffer/req_port_i[data_rdata][7]
    SLICE_X47Y72         LUT6 (Prop_lut6_I5_O)        0.124    15.059 r  i_ariane/i_cva6/gen_cache_wt.i_cache_subsystem/i_wt_dcache/i_wt_dcache_wbuffer/result_o_reg[22]_i_5/O
                         net (fo=1, routed)           0.433    15.492    i_ariane/i_cva6/ex_stage_i/lsu_i/i_load_unit/result_o_reg[22]_i_3_0
    SLICE_X47Y72         LUT5 (Prop_lut5_I0_O)        0.124    15.616 f  i_ariane/i_cva6/ex_stage_i/lsu_i/i_load_unit/result_o_reg[22]_i_4/O
                         net (fo=1, routed)           0.641    16.257    i_ariane/i_cva6/ex_stage_i/lsu_i/i_load_unit/result_o_reg[22]_i_4_n_0
    SLICE_X47Y73         LUT6 (Prop_lut6_I1_O)        0.124    16.381 r  i_ariane/i_cva6/ex_stage_i/lsu_i/i_load_unit/result_o_reg[22]_i_3/O
                         net (fo=1, routed)           0.433    16.814    i_ariane/i_cva6/ex_stage_i/lsu_i/i_load_unit/result_o_reg[22]_i_3_n_0
    SLICE_X47Y73         LUT2 (Prop_lut2_I1_O)        0.124    16.938 r  i_ariane/i_cva6/ex_stage_i/lsu_i/i_load_unit/result_o_reg[22]_i_2/O
                         net (fo=16, routed)          1.330    18.268    i_ariane/i_cva6/ex_stage_i/lsu_i/i_load_unit/result_o_reg[22]_i_2_n_0
    SLICE_X45Y70         LUT6 (Prop_lut6_I0_O)        0.124    18.392 r  i_ariane/i_cva6/ex_stage_i/lsu_i/i_load_unit/result_o_reg[12]_i_1/O
                         net (fo=1, routed)           0.913    19.305    i_ariane/i_cva6/ex_stage_i/lsu_i/i_load_unit/result_o_reg[12]_i_1_n_0
    SLICE_X58Y72         LDCE                                         r  i_ariane/i_cva6/ex_stage_i/lsu_i/i_load_unit/result_o_reg[12]/D
  -------------------------------------------------------------------    -------------------

Slack:                    inf
  Source:                 i_ariane/i_cva6/csr_regfile_i/mstatus_q_reg[mprv]/C
                            (rising edge-triggered cell FDCE clocked by clk_out1_xlnx_clk_gen  {rise@0.000ns fall@10.000ns period=20.000ns})
  Destination:            i_ariane/i_cva6/ex_stage_i/lsu_i/i_load_unit/result_o_reg[26]/D
  Path Group:             (none)
  Path Type:              Max at Slow Process Corner
  Data Path Delay:        20.239ns  (logic 4.396ns (21.720%)  route 15.843ns (78.280%))
  Logic Levels:           21  (CARRY4=2 LUT2=2 LUT3=2 LUT4=1 LUT5=5 LUT6=9)
  Clock Uncertainty:      0.172ns  ((TSJ^2 + DJ^2)^1/2) / 2 + PE
    Total System Jitter     (TSJ):    0.050ns
    Discrete Jitter          (DJ):    0.142ns
    Phase Error              (PE):    0.097ns

    Location             Delay type                Incr(ns)  Path(ns)    Netlist Resource(s)
  -------------------------------------------------------------------    -------------------
                         (clock clk_out1_xlnx_clk_gen rise edge)
                                                      0.000     0.000 r  
    K17                                               0.000     0.000 r  clk_sys (IN)
                         net (fo=0)                   0.000     0.000    i_xlnx_clk_gen/inst/clk_in1
    K17                  IBUF (Prop_ibuf_I_O)         1.475     1.475 r  i_xlnx_clk_gen/inst/clkin1_ibufg/O
                         net (fo=1, routed)           1.285     2.760    i_xlnx_clk_gen/inst/clk_in1_xlnx_clk_gen
    MMCME2_ADV_X1Y2      MMCME2_ADV (Prop_mmcme2_adv_CLKIN1_CLKOUT0)
                                                     -7.759    -4.999 r  i_xlnx_clk_gen/inst/mmcm_adv_inst/CLKOUT0
                         net (fo=1, routed)           2.206    -2.793    i_xlnx_clk_gen/inst/clk_out1_xlnx_clk_gen
    BUFGCTRL_X0Y16       BUFG (Prop_bufg_I_O)         0.101    -2.692 r  i_xlnx_clk_gen/inst/clkout1_buf/O
                         net (fo=16161, routed)       1.710    -0.982    i_ariane/i_cva6/csr_regfile_i/clk_out1
    SLICE_X64Y86         FDCE                                         r  i_ariane/i_cva6/csr_regfile_i/mstatus_q_reg[mprv]/C
  -------------------------------------------------------------------    -------------------
    SLICE_X64Y86         FDCE (Prop_fdce_C_Q)         0.456    -0.526 r  i_ariane/i_cva6/csr_regfile_i/mstatus_q_reg[mprv]/Q
                         net (fo=4, routed)           1.109     0.582    i_ariane/i_cva6/csr_regfile_i/mstatus_q_reg[mprv]__0
    SLICE_X54Y82         LUT3 (Prop_lut3_I2_O)        0.150     0.732 r  i_ariane/i_cva6/csr_regfile_i/en_ld_st_translation_q_i_2/O
                         net (fo=2, routed)           1.127     1.859    i_ariane/i_cva6/csr_regfile_i/p_40_in
    SLICE_X51Y77         LUT6 (Prop_lut6_I1_O)        0.328     2.187 f  i_ariane/i_cva6/csr_regfile_i/gen_register.d_o[34]_i_3/O
                         net (fo=4, routed)           1.105     3.292    i_ariane/i_cva6/ex_stage_i/lsu_i/gen_mmu_sv32.i_cva6_mmu/i_ptw/gen_register.d_o_reg[33]
    SLICE_X41Y67         LUT6 (Prop_lut6_I2_O)        0.124     3.416 r  i_ariane/i_cva6/ex_stage_i/lsu_i/gen_mmu_sv32.i_cva6_mmu/i_ptw/gen_register.d_o[33]_i_1/O
                         net (fo=58, routed)          1.080     4.496    i_ariane/i_cva6/ex_stage_i/lsu_i/i_load_unit/store_exception_ex_id[cause][0]
    SLICE_X53Y75         LUT6 (Prop_lut6_I5_O)        0.124     4.620 r  i_ariane/i_cva6/ex_stage_i/lsu_i/i_load_unit/FSM_sequential_state_q[1]_i_3__2/O
                         net (fo=12, routed)          0.927     5.547    i_ariane/i_cva6/gen_cache_wt.i_cache_subsystem/i_wt_dcache/gen_rd_ports[1].i_wt_dcache_ctrl/dcache_req_ports_ex_cache[1][kill_req]
    SLICE_X60Y72         LUT5 (Prop_lut5_I1_O)        0.118     5.665 r  i_ariane/i_cva6/gen_cache_wt.i_cache_subsystem/i_wt_dcache/gen_rd_ports[1].i_wt_dcache_ctrl/i___125_i_2/O
                         net (fo=22, routed)          1.139     6.804    i_ariane/i_cva6/gen_cache_wt.i_cache_subsystem/i_wt_dcache/i_wt_dcache_mem/rd_hit_oh_q[1]_i_19_0
    SLICE_X80Y64         LUT6 (Prop_lut6_I4_O)        0.326     7.130 f  i_ariane/i_cva6/gen_cache_wt.i_cache_subsystem/i_wt_dcache/i_wt_dcache_mem/i___135_i_1/O
                         net (fo=1, routed)           0.450     7.580    i_ariane/i_cva6/gen_cache_wt.i_cache_subsystem/i_wt_dcache_n_391
    SLICE_X86Y64         LUT4 (Prop_lut4_I3_O)        0.124     7.704 r  i_ariane/i_cva6/gen_cache_wt.i_cache_subsystem/i___135/O
                         net (fo=3, routed)           0.815     8.519    i_ariane/i_cva6/gen_cache_wt.i_cache_subsystem/i_wt_dcache/i_wt_dcache_missunit/i___139_i_45_2
    SLICE_X86Y64         LUT3 (Prop_lut3_I1_O)        0.150     8.669 r  i_ariane/i_cva6/gen_cache_wt.i_cache_subsystem/i_wt_dcache/i_wt_dcache_missunit/i___139_i_39/O
                         net (fo=2, routed)           0.474     9.143    i_ariane/i_cva6/gen_cache_wt.i_cache_subsystem/i_wt_dcache/i_wt_dcache_missunit/i___139_i_39_n_0
    SLICE_X82Y66         LUT6 (Prop_lut6_I3_O)        0.328     9.471 r  i_ariane/i_cva6/gen_cache_wt.i_cache_subsystem/i_wt_dcache/i_wt_dcache_missunit/i___139_i_13/O
                         net (fo=1, routed)           0.000     9.471    i_ariane/i_cva6/gen_cache_wt.i_cache_subsystem/i_wt_dcache/i_wt_dcache_missunit/i___139_i_13_n_0
    SLICE_X82Y66         CARRY4 (Prop_carry4_S[0]_CO[3])
                                                      0.513     9.984 r  i_ariane/i_cva6/gen_cache_wt.i_cache_subsystem/i_wt_dcache/i_wt_dcache_missunit/i___139_i_4/CO[3]
                         net (fo=1, routed)           0.000     9.984    i_ariane/i_cva6/gen_cache_wt.i_cache_subsystem/i_wt_dcache/i_wt_dcache_missunit/i___139_i_4_n_0
    SLICE_X82Y67         CARRY4 (Prop_carry4_CI_CO[2])
                                                      0.229    10.213 f  i_ariane/i_cva6/gen_cache_wt.i_cache_subsystem/i_wt_dcache/i_wt_dcache_missunit/i___139_i_2/CO[2]
                         net (fo=2, routed)           0.604    10.817    i_ariane/i_cva6/gen_cache_wt.i_cache_subsystem/i_wt_dcache/i_wt_dcache_wbuffer/CO[0]
    SLICE_X89Y70         LUT5 (Prop_lut5_I0_O)        0.310    11.127 f  i_ariane/i_cva6/gen_cache_wt.i_cache_subsystem/i_wt_dcache/i_wt_dcache_wbuffer/i___139_i_1/O
                         net (fo=37, routed)          0.573    11.700    i_ariane/i_cva6/gen_cache_wt.i_cache_subsystem/i_wt_dcache/i_wt_dcache_wbuffer/wbuffer_q_reg[0][valid][0]_1
    SLICE_X87Y69         LUT6 (Prop_lut6_I0_O)        0.124    11.824 f  i_ariane/i_cva6/gen_cache_wt.i_cache_subsystem/i_wt_dcache/i_wt_dcache_wbuffer/i___139_i_3/O
                         net (fo=4, routed)           0.379    12.203    i_ariane/i_cva6/gen_cache_wt.i_cache_subsystem/i_wt_dcache_n_393
    SLICE_X87Y70         LUT5 (Prop_lut5_I4_O)        0.124    12.327 r  i_ariane/i_cva6/gen_cache_wt.i_cache_subsystem/i___139/O
                         net (fo=8, routed)           1.333    13.661    i_ariane/i_cva6/gen_cache_wt.i_cache_subsystem/i_wt_dcache/i_wt_dcache_wbuffer/data_rdata_q_reg[7]
    SLICE_X51Y70         LUT5 (Prop_lut5_I1_O)        0.124    13.785 r  i_ariane/i_cva6/gen_cache_wt.i_cache_subsystem/i_wt_dcache/i_wt_dcache_wbuffer/data_rdata_q[7]_i_1/O
                         net (fo=3, routed)           1.150    14.935    i_ariane/i_cva6/gen_cache_wt.i_cache_subsystem/i_wt_dcache/i_wt_dcache_wbuffer/req_port_i[data_rdata][7]
    SLICE_X47Y72         LUT6 (Prop_lut6_I5_O)        0.124    15.059 r  i_ariane/i_cva6/gen_cache_wt.i_cache_subsystem/i_wt_dcache/i_wt_dcache_wbuffer/result_o_reg[22]_i_5/O
                         net (fo=1, routed)           0.433    15.492    i_ariane/i_cva6/ex_stage_i/lsu_i/i_load_unit/result_o_reg[22]_i_3_0
    SLICE_X47Y72         LUT5 (Prop_lut5_I0_O)        0.124    15.616 f  i_ariane/i_cva6/ex_stage_i/lsu_i/i_load_unit/result_o_reg[22]_i_4/O
                         net (fo=1, routed)           0.641    16.257    i_ariane/i_cva6/ex_stage_i/lsu_i/i_load_unit/result_o_reg[22]_i_4_n_0
    SLICE_X47Y73         LUT6 (Prop_lut6_I1_O)        0.124    16.381 r  i_ariane/i_cva6/ex_stage_i/lsu_i/i_load_unit/result_o_reg[22]_i_3/O
                         net (fo=1, routed)           0.433    16.814    i_ariane/i_cva6/ex_stage_i/lsu_i/i_load_unit/result_o_reg[22]_i_3_n_0
    SLICE_X47Y73         LUT2 (Prop_lut2_I1_O)        0.124    16.938 r  i_ariane/i_cva6/ex_stage_i/lsu_i/i_load_unit/result_o_reg[22]_i_2/O
                         net (fo=16, routed)          0.349    17.287    i_ariane/i_cva6/ex_stage_i/lsu_i/i_load_unit/result_o_reg[22]_i_2_n_0
    SLICE_X48Y73         LUT2 (Prop_lut2_I0_O)        0.124    17.411 r  i_ariane/i_cva6/ex_stage_i/lsu_i/i_load_unit/result_o_reg[31]_i_3/O
                         net (fo=9, routed)           0.935    18.346    i_ariane/i_cva6/ex_stage_i/lsu_i/i_load_unit/result_o_reg[31]_i_3_n_0
    SLICE_X49Y73         LUT6 (Prop_lut6_I0_O)        0.124    18.470 r  i_ariane/i_cva6/ex_stage_i/lsu_i/i_load_unit/result_o_reg[26]_i_1/O
                         net (fo=1, routed)           0.787    19.257    i_ariane/i_cva6/ex_stage_i/lsu_i/i_load_unit/result_o_reg[26]_i_1_n_0
    SLICE_X54Y78         LDCE                                         r  i_ariane/i_cva6/ex_stage_i/lsu_i/i_load_unit/result_o_reg[26]/D
  -------------------------------------------------------------------    -------------------

Slack:                    inf
  Source:                 i_ariane/i_cva6/csr_regfile_i/mstatus_q_reg[mprv]/C
                            (rising edge-triggered cell FDCE clocked by clk_out1_xlnx_clk_gen  {rise@0.000ns fall@10.000ns period=20.000ns})
  Destination:            i_ariane/i_cva6/ex_stage_i/lsu_i/i_load_unit/result_o_reg[16]/D
  Path Group:             (none)
  Path Type:              Max at Slow Process Corner
  Data Path Delay:        20.210ns  (logic 4.272ns (21.138%)  route 15.938ns (78.862%))
  Logic Levels:           20  (CARRY4=2 LUT2=1 LUT3=2 LUT4=1 LUT5=5 LUT6=9)
  Clock Uncertainty:      0.172ns  ((TSJ^2 + DJ^2)^1/2) / 2 + PE
    Total System Jitter     (TSJ):    0.050ns
    Discrete Jitter          (DJ):    0.142ns
    Phase Error              (PE):    0.097ns

    Location             Delay type                Incr(ns)  Path(ns)    Netlist Resource(s)
  -------------------------------------------------------------------    -------------------
                         (clock clk_out1_xlnx_clk_gen rise edge)
                                                      0.000     0.000 r  
    K17                                               0.000     0.000 r  clk_sys (IN)
                         net (fo=0)                   0.000     0.000    i_xlnx_clk_gen/inst/clk_in1
    K17                  IBUF (Prop_ibuf_I_O)         1.475     1.475 r  i_xlnx_clk_gen/inst/clkin1_ibufg/O
                         net (fo=1, routed)           1.285     2.760    i_xlnx_clk_gen/inst/clk_in1_xlnx_clk_gen
    MMCME2_ADV_X1Y2      MMCME2_ADV (Prop_mmcme2_adv_CLKIN1_CLKOUT0)
                                                     -7.759    -4.999 r  i_xlnx_clk_gen/inst/mmcm_adv_inst/CLKOUT0
                         net (fo=1, routed)           2.206    -2.793    i_xlnx_clk_gen/inst/clk_out1_xlnx_clk_gen
    BUFGCTRL_X0Y16       BUFG (Prop_bufg_I_O)         0.101    -2.692 r  i_xlnx_clk_gen/inst/clkout1_buf/O
                         net (fo=16161, routed)       1.710    -0.982    i_ariane/i_cva6/csr_regfile_i/clk_out1
    SLICE_X64Y86         FDCE                                         r  i_ariane/i_cva6/csr_regfile_i/mstatus_q_reg[mprv]/C
  -------------------------------------------------------------------    -------------------
    SLICE_X64Y86         FDCE (Prop_fdce_C_Q)         0.456    -0.526 r  i_ariane/i_cva6/csr_regfile_i/mstatus_q_reg[mprv]/Q
                         net (fo=4, routed)           1.109     0.582    i_ariane/i_cva6/csr_regfile_i/mstatus_q_reg[mprv]__0
    SLICE_X54Y82         LUT3 (Prop_lut3_I2_O)        0.150     0.732 r  i_ariane/i_cva6/csr_regfile_i/en_ld_st_translation_q_i_2/O
                         net (fo=2, routed)           1.127     1.859    i_ariane/i_cva6/csr_regfile_i/p_40_in
    SLICE_X51Y77         LUT6 (Prop_lut6_I1_O)        0.328     2.187 f  i_ariane/i_cva6/csr_regfile_i/gen_register.d_o[34]_i_3/O
                         net (fo=4, routed)           1.105     3.292    i_ariane/i_cva6/ex_stage_i/lsu_i/gen_mmu_sv32.i_cva6_mmu/i_ptw/gen_register.d_o_reg[33]
    SLICE_X41Y67         LUT6 (Prop_lut6_I2_O)        0.124     3.416 r  i_ariane/i_cva6/ex_stage_i/lsu_i/gen_mmu_sv32.i_cva6_mmu/i_ptw/gen_register.d_o[33]_i_1/O
                         net (fo=58, routed)          1.080     4.496    i_ariane/i_cva6/ex_stage_i/lsu_i/i_load_unit/store_exception_ex_id[cause][0]
    SLICE_X53Y75         LUT6 (Prop_lut6_I5_O)        0.124     4.620 r  i_ariane/i_cva6/ex_stage_i/lsu_i/i_load_unit/FSM_sequential_state_q[1]_i_3__2/O
                         net (fo=12, routed)          0.927     5.547    i_ariane/i_cva6/gen_cache_wt.i_cache_subsystem/i_wt_dcache/gen_rd_ports[1].i_wt_dcache_ctrl/dcache_req_ports_ex_cache[1][kill_req]
    SLICE_X60Y72         LUT5 (Prop_lut5_I1_O)        0.118     5.665 r  i_ariane/i_cva6/gen_cache_wt.i_cache_subsystem/i_wt_dcache/gen_rd_ports[1].i_wt_dcache_ctrl/i___125_i_2/O
                         net (fo=22, routed)          1.139     6.804    i_ariane/i_cva6/gen_cache_wt.i_cache_subsystem/i_wt_dcache/i_wt_dcache_mem/rd_hit_oh_q[1]_i_19_0
    SLICE_X80Y64         LUT6 (Prop_lut6_I4_O)        0.326     7.130 f  i_ariane/i_cva6/gen_cache_wt.i_cache_subsystem/i_wt_dcache/i_wt_dcache_mem/i___135_i_1/O
                         net (fo=1, routed)           0.450     7.580    i_ariane/i_cva6/gen_cache_wt.i_cache_subsystem/i_wt_dcache_n_391
    SLICE_X86Y64         LUT4 (Prop_lut4_I3_O)        0.124     7.704 r  i_ariane/i_cva6/gen_cache_wt.i_cache_subsystem/i___135/O
                         net (fo=3, routed)           0.815     8.519    i_ariane/i_cva6/gen_cache_wt.i_cache_subsystem/i_wt_dcache/i_wt_dcache_missunit/i___139_i_45_2
    SLICE_X86Y64         LUT3 (Prop_lut3_I1_O)        0.150     8.669 r  i_ariane/i_cva6/gen_cache_wt.i_cache_subsystem/i_wt_dcache/i_wt_dcache_missunit/i___139_i_39/O
                         net (fo=2, routed)           0.474     9.143    i_ariane/i_cva6/gen_cache_wt.i_cache_subsystem/i_wt_dcache/i_wt_dcache_missunit/i___139_i_39_n_0
    SLICE_X82Y66         LUT6 (Prop_lut6_I3_O)        0.328     9.471 r  i_ariane/i_cva6/gen_cache_wt.i_cache_subsystem/i_wt_dcache/i_wt_dcache_missunit/i___139_i_13/O
                         net (fo=1, routed)           0.000     9.471    i_ariane/i_cva6/gen_cache_wt.i_cache_subsystem/i_wt_dcache/i_wt_dcache_missunit/i___139_i_13_n_0
    SLICE_X82Y66         CARRY4 (Prop_carry4_S[0]_CO[3])
                                                      0.513     9.984 r  i_ariane/i_cva6/gen_cache_wt.i_cache_subsystem/i_wt_dcache/i_wt_dcache_missunit/i___139_i_4/CO[3]
                         net (fo=1, routed)           0.000     9.984    i_ariane/i_cva6/gen_cache_wt.i_cache_subsystem/i_wt_dcache/i_wt_dcache_missunit/i___139_i_4_n_0
    SLICE_X82Y67         CARRY4 (Prop_carry4_CI_CO[2])
                                                      0.229    10.213 f  i_ariane/i_cva6/gen_cache_wt.i_cache_subsystem/i_wt_dcache/i_wt_dcache_missunit/i___139_i_2/CO[2]
                         net (fo=2, routed)           0.604    10.817    i_ariane/i_cva6/gen_cache_wt.i_cache_subsystem/i_wt_dcache/i_wt_dcache_wbuffer/CO[0]
    SLICE_X89Y70         LUT5 (Prop_lut5_I0_O)        0.310    11.127 f  i_ariane/i_cva6/gen_cache_wt.i_cache_subsystem/i_wt_dcache/i_wt_dcache_wbuffer/i___139_i_1/O
                         net (fo=37, routed)          0.573    11.700    i_ariane/i_cva6/gen_cache_wt.i_cache_subsystem/i_wt_dcache/i_wt_dcache_wbuffer/wbuffer_q_reg[0][valid][0]_1
    SLICE_X87Y69         LUT6 (Prop_lut6_I0_O)        0.124    11.824 f  i_ariane/i_cva6/gen_cache_wt.i_cache_subsystem/i_wt_dcache/i_wt_dcache_wbuffer/i___139_i_3/O
                         net (fo=4, routed)           0.379    12.203    i_ariane/i_cva6/gen_cache_wt.i_cache_subsystem/i_wt_dcache_n_393
    SLICE_X87Y70         LUT5 (Prop_lut5_I4_O)        0.124    12.327 r  i_ariane/i_cva6/gen_cache_wt.i_cache_subsystem/i___139/O
                         net (fo=8, routed)           1.333    13.661    i_ariane/i_cva6/gen_cache_wt.i_cache_subsystem/i_wt_dcache/i_wt_dcache_wbuffer/data_rdata_q_reg[7]
    SLICE_X51Y70         LUT5 (Prop_lut5_I1_O)        0.124    13.785 r  i_ariane/i_cva6/gen_cache_wt.i_cache_subsystem/i_wt_dcache/i_wt_dcache_wbuffer/data_rdata_q[7]_i_1/O
                         net (fo=3, routed)           1.150    14.935    i_ariane/i_cva6/gen_cache_wt.i_cache_subsystem/i_wt_dcache/i_wt_dcache_wbuffer/req_port_i[data_rdata][7]
    SLICE_X47Y72         LUT6 (Prop_lut6_I5_O)        0.124    15.059 r  i_ariane/i_cva6/gen_cache_wt.i_cache_subsystem/i_wt_dcache/i_wt_dcache_wbuffer/result_o_reg[22]_i_5/O
                         net (fo=1, routed)           0.433    15.492    i_ariane/i_cva6/ex_stage_i/lsu_i/i_load_unit/result_o_reg[22]_i_3_0
    SLICE_X47Y72         LUT5 (Prop_lut5_I0_O)        0.124    15.616 f  i_ariane/i_cva6/ex_stage_i/lsu_i/i_load_unit/result_o_reg[22]_i_4/O
                         net (fo=1, routed)           0.641    16.257    i_ariane/i_cva6/ex_stage_i/lsu_i/i_load_unit/result_o_reg[22]_i_4_n_0
    SLICE_X47Y73         LUT6 (Prop_lut6_I1_O)        0.124    16.381 r  i_ariane/i_cva6/ex_stage_i/lsu_i/i_load_unit/result_o_reg[22]_i_3/O
                         net (fo=1, routed)           0.433    16.814    i_ariane/i_cva6/ex_stage_i/lsu_i/i_load_unit/result_o_reg[22]_i_3_n_0
    SLICE_X47Y73         LUT2 (Prop_lut2_I1_O)        0.124    16.938 r  i_ariane/i_cva6/ex_stage_i/lsu_i/i_load_unit/result_o_reg[22]_i_2/O
                         net (fo=16, routed)          1.211    18.149    i_ariane/i_cva6/ex_stage_i/lsu_i/i_load_unit/result_o_reg[22]_i_2_n_0
    SLICE_X49Y72         LUT6 (Prop_lut6_I0_O)        0.124    18.273 r  i_ariane/i_cva6/ex_stage_i/lsu_i/i_load_unit/result_o_reg[16]_i_1/O
                         net (fo=1, routed)           0.955    19.228    i_ariane/i_cva6/ex_stage_i/lsu_i/i_load_unit/result_o_reg[16]_i_1_n_0
    SLICE_X59Y78         LDCE                                         r  i_ariane/i_cva6/ex_stage_i/lsu_i/i_load_unit/result_o_reg[16]/D
  -------------------------------------------------------------------    -------------------

Slack:                    inf
  Source:                 i_ariane/i_cva6/csr_regfile_i/mstatus_q_reg[mprv]/C
                            (rising edge-triggered cell FDCE clocked by clk_out1_xlnx_clk_gen  {rise@0.000ns fall@10.000ns period=20.000ns})
  Destination:            i_ariane/i_cva6/ex_stage_i/lsu_i/i_load_unit/result_o_reg[9]/D
  Path Group:             (none)
  Path Type:              Max at Slow Process Corner
  Data Path Delay:        20.148ns  (logic 4.272ns (21.203%)  route 15.876ns (78.797%))
  Logic Levels:           20  (CARRY4=2 LUT2=1 LUT3=2 LUT4=1 LUT5=5 LUT6=9)
  Clock Uncertainty:      0.172ns  ((TSJ^2 + DJ^2)^1/2) / 2 + PE
    Total System Jitter     (TSJ):    0.050ns
    Discrete Jitter          (DJ):    0.142ns
    Phase Error              (PE):    0.097ns

    Location             Delay type                Incr(ns)  Path(ns)    Netlist Resource(s)
  -------------------------------------------------------------------    -------------------
                         (clock clk_out1_xlnx_clk_gen rise edge)
                                                      0.000     0.000 r  
    K17                                               0.000     0.000 r  clk_sys (IN)
                         net (fo=0)                   0.000     0.000    i_xlnx_clk_gen/inst/clk_in1
    K17                  IBUF (Prop_ibuf_I_O)         1.475     1.475 r  i_xlnx_clk_gen/inst/clkin1_ibufg/O
                         net (fo=1, routed)           1.285     2.760    i_xlnx_clk_gen/inst/clk_in1_xlnx_clk_gen
    MMCME2_ADV_X1Y2      MMCME2_ADV (Prop_mmcme2_adv_CLKIN1_CLKOUT0)
                                                     -7.759    -4.999 r  i_xlnx_clk_gen/inst/mmcm_adv_inst/CLKOUT0
                         net (fo=1, routed)           2.206    -2.793    i_xlnx_clk_gen/inst/clk_out1_xlnx_clk_gen
    BUFGCTRL_X0Y16       BUFG (Prop_bufg_I_O)         0.101    -2.692 r  i_xlnx_clk_gen/inst/clkout1_buf/O
                         net (fo=16161, routed)       1.710    -0.982    i_ariane/i_cva6/csr_regfile_i/clk_out1
    SLICE_X64Y86         FDCE                                         r  i_ariane/i_cva6/csr_regfile_i/mstatus_q_reg[mprv]/C
  -------------------------------------------------------------------    -------------------
    SLICE_X64Y86         FDCE (Prop_fdce_C_Q)         0.456    -0.526 r  i_ariane/i_cva6/csr_regfile_i/mstatus_q_reg[mprv]/Q
                         net (fo=4, routed)           1.109     0.582    i_ariane/i_cva6/csr_regfile_i/mstatus_q_reg[mprv]__0
    SLICE_X54Y82         LUT3 (Prop_lut3_I2_O)        0.150     0.732 r  i_ariane/i_cva6/csr_regfile_i/en_ld_st_translation_q_i_2/O
                         net (fo=2, routed)           1.127     1.859    i_ariane/i_cva6/csr_regfile_i/p_40_in
    SLICE_X51Y77         LUT6 (Prop_lut6_I1_O)        0.328     2.187 f  i_ariane/i_cva6/csr_regfile_i/gen_register.d_o[34]_i_3/O
                         net (fo=4, routed)           1.105     3.292    i_ariane/i_cva6/ex_stage_i/lsu_i/gen_mmu_sv32.i_cva6_mmu/i_ptw/gen_register.d_o_reg[33]
    SLICE_X41Y67         LUT6 (Prop_lut6_I2_O)        0.124     3.416 r  i_ariane/i_cva6/ex_stage_i/lsu_i/gen_mmu_sv32.i_cva6_mmu/i_ptw/gen_register.d_o[33]_i_1/O
                         net (fo=58, routed)          1.080     4.496    i_ariane/i_cva6/ex_stage_i/lsu_i/i_load_unit/store_exception_ex_id[cause][0]
    SLICE_X53Y75         LUT6 (Prop_lut6_I5_O)        0.124     4.620 r  i_ariane/i_cva6/ex_stage_i/lsu_i/i_load_unit/FSM_sequential_state_q[1]_i_3__2/O
                         net (fo=12, routed)          0.927     5.547    i_ariane/i_cva6/gen_cache_wt.i_cache_subsystem/i_wt_dcache/gen_rd_ports[1].i_wt_dcache_ctrl/dcache_req_ports_ex_cache[1][kill_req]
    SLICE_X60Y72         LUT5 (Prop_lut5_I1_O)        0.118     5.665 r  i_ariane/i_cva6/gen_cache_wt.i_cache_subsystem/i_wt_dcache/gen_rd_ports[1].i_wt_dcache_ctrl/i___125_i_2/O
                         net (fo=22, routed)          1.139     6.804    i_ariane/i_cva6/gen_cache_wt.i_cache_subsystem/i_wt_dcache/i_wt_dcache_mem/rd_hit_oh_q[1]_i_19_0
    SLICE_X80Y64         LUT6 (Prop_lut6_I4_O)        0.326     7.130 f  i_ariane/i_cva6/gen_cache_wt.i_cache_subsystem/i_wt_dcache/i_wt_dcache_mem/i___135_i_1/O
                         net (fo=1, routed)           0.450     7.580    i_ariane/i_cva6/gen_cache_wt.i_cache_subsystem/i_wt_dcache_n_391
    SLICE_X86Y64         LUT4 (Prop_lut4_I3_O)        0.124     7.704 r  i_ariane/i_cva6/gen_cache_wt.i_cache_subsystem/i___135/O
                         net (fo=3, routed)           0.815     8.519    i_ariane/i_cva6/gen_cache_wt.i_cache_subsystem/i_wt_dcache/i_wt_dcache_missunit/i___139_i_45_2
    SLICE_X86Y64         LUT3 (Prop_lut3_I1_O)        0.150     8.669 r  i_ariane/i_cva6/gen_cache_wt.i_cache_subsystem/i_wt_dcache/i_wt_dcache_missunit/i___139_i_39/O
                         net (fo=2, routed)           0.474     9.143    i_ariane/i_cva6/gen_cache_wt.i_cache_subsystem/i_wt_dcache/i_wt_dcache_missunit/i___139_i_39_n_0
    SLICE_X82Y66         LUT6 (Prop_lut6_I3_O)        0.328     9.471 r  i_ariane/i_cva6/gen_cache_wt.i_cache_subsystem/i_wt_dcache/i_wt_dcache_missunit/i___139_i_13/O
                         net (fo=1, routed)           0.000     9.471    i_ariane/i_cva6/gen_cache_wt.i_cache_subsystem/i_wt_dcache/i_wt_dcache_missunit/i___139_i_13_n_0
    SLICE_X82Y66         CARRY4 (Prop_carry4_S[0]_CO[3])
                                                      0.513     9.984 r  i_ariane/i_cva6/gen_cache_wt.i_cache_subsystem/i_wt_dcache/i_wt_dcache_missunit/i___139_i_4/CO[3]
                         net (fo=1, routed)           0.000     9.984    i_ariane/i_cva6/gen_cache_wt.i_cache_subsystem/i_wt_dcache/i_wt_dcache_missunit/i___139_i_4_n_0
    SLICE_X82Y67         CARRY4 (Prop_carry4_CI_CO[2])
                                                      0.229    10.213 f  i_ariane/i_cva6/gen_cache_wt.i_cache_subsystem/i_wt_dcache/i_wt_dcache_missunit/i___139_i_2/CO[2]
                         net (fo=2, routed)           0.604    10.817    i_ariane/i_cva6/gen_cache_wt.i_cache_subsystem/i_wt_dcache/i_wt_dcache_wbuffer/CO[0]
    SLICE_X89Y70         LUT5 (Prop_lut5_I0_O)        0.310    11.127 f  i_ariane/i_cva6/gen_cache_wt.i_cache_subsystem/i_wt_dcache/i_wt_dcache_wbuffer/i___139_i_1/O
                         net (fo=37, routed)          0.573    11.700    i_ariane/i_cva6/gen_cache_wt.i_cache_subsystem/i_wt_dcache/i_wt_dcache_wbuffer/wbuffer_q_reg[0][valid][0]_1
    SLICE_X87Y69         LUT6 (Prop_lut6_I0_O)        0.124    11.824 f  i_ariane/i_cva6/gen_cache_wt.i_cache_subsystem/i_wt_dcache/i_wt_dcache_wbuffer/i___139_i_3/O
                         net (fo=4, routed)           0.379    12.203    i_ariane/i_cva6/gen_cache_wt.i_cache_subsystem/i_wt_dcache_n_393
    SLICE_X87Y70         LUT5 (Prop_lut5_I4_O)        0.124    12.327 r  i_ariane/i_cva6/gen_cache_wt.i_cache_subsystem/i___139/O
                         net (fo=8, routed)           1.333    13.661    i_ariane/i_cva6/gen_cache_wt.i_cache_subsystem/i_wt_dcache/i_wt_dcache_wbuffer/data_rdata_q_reg[7]
    SLICE_X51Y70         LUT5 (Prop_lut5_I1_O)        0.124    13.785 r  i_ariane/i_cva6/gen_cache_wt.i_cache_subsystem/i_wt_dcache/i_wt_dcache_wbuffer/data_rdata_q[7]_i_1/O
                         net (fo=3, routed)           1.150    14.935    i_ariane/i_cva6/gen_cache_wt.i_cache_subsystem/i_wt_dcache/i_wt_dcache_wbuffer/req_port_i[data_rdata][7]
    SLICE_X47Y72         LUT6 (Prop_lut6_I5_O)        0.124    15.059 r  i_ariane/i_cva6/gen_cache_wt.i_cache_subsystem/i_wt_dcache/i_wt_dcache_wbuffer/result_o_reg[22]_i_5/O
                         net (fo=1, routed)           0.433    15.492    i_ariane/i_cva6/ex_stage_i/lsu_i/i_load_unit/result_o_reg[22]_i_3_0
    SLICE_X47Y72         LUT5 (Prop_lut5_I0_O)        0.124    15.616 f  i_ariane/i_cva6/ex_stage_i/lsu_i/i_load_unit/result_o_reg[22]_i_4/O
                         net (fo=1, routed)           0.641    16.257    i_ariane/i_cva6/ex_stage_i/lsu_i/i_load_unit/result_o_reg[22]_i_4_n_0
    SLICE_X47Y73         LUT6 (Prop_lut6_I1_O)        0.124    16.381 r  i_ariane/i_cva6/ex_stage_i/lsu_i/i_load_unit/result_o_reg[22]_i_3/O
                         net (fo=1, routed)           0.433    16.814    i_ariane/i_cva6/ex_stage_i/lsu_i/i_load_unit/result_o_reg[22]_i_3_n_0
    SLICE_X47Y73         LUT2 (Prop_lut2_I1_O)        0.124    16.938 r  i_ariane/i_cva6/ex_stage_i/lsu_i/i_load_unit/result_o_reg[22]_i_2/O
                         net (fo=16, routed)          1.172    18.110    i_ariane/i_cva6/ex_stage_i/lsu_i/i_load_unit/result_o_reg[22]_i_2_n_0
    SLICE_X47Y71         LUT6 (Prop_lut6_I0_O)        0.124    18.234 r  i_ariane/i_cva6/ex_stage_i/lsu_i/i_load_unit/result_o_reg[9]_i_1/O
                         net (fo=1, routed)           0.932    19.166    i_ariane/i_cva6/ex_stage_i/lsu_i/i_load_unit/result_o_reg[9]_i_1_n_0
    SLICE_X54Y75         LDCE                                         r  i_ariane/i_cva6/ex_stage_i/lsu_i/i_load_unit/result_o_reg[9]/D
  -------------------------------------------------------------------    -------------------

Slack:                    inf
  Source:                 i_ariane/i_cva6/csr_regfile_i/mstatus_q_reg[mprv]/C
                            (rising edge-triggered cell FDCE clocked by clk_out1_xlnx_clk_gen  {rise@0.000ns fall@10.000ns period=20.000ns})
  Destination:            i_ariane/i_cva6/ex_stage_i/lsu_i/i_load_unit/result_o_reg[24]/D
  Path Group:             (none)
  Path Type:              Max at Slow Process Corner
  Data Path Delay:        20.148ns  (logic 4.396ns (21.818%)  route 15.752ns (78.181%))
  Logic Levels:           21  (CARRY4=2 LUT2=2 LUT3=2 LUT4=1 LUT5=5 LUT6=9)
  Clock Uncertainty:      0.172ns  ((TSJ^2 + DJ^2)^1/2) / 2 + PE
    Total System Jitter     (TSJ):    0.050ns
    Discrete Jitter          (DJ):    0.142ns
    Phase Error              (PE):    0.097ns

    Location             Delay type                Incr(ns)  Path(ns)    Netlist Resource(s)
  -------------------------------------------------------------------    -------------------
                         (clock clk_out1_xlnx_clk_gen rise edge)
                                                      0.000     0.000 r  
    K17                                               0.000     0.000 r  clk_sys (IN)
                         net (fo=0)                   0.000     0.000    i_xlnx_clk_gen/inst/clk_in1
    K17                  IBUF (Prop_ibuf_I_O)         1.475     1.475 r  i_xlnx_clk_gen/inst/clkin1_ibufg/O
                         net (fo=1, routed)           1.285     2.760    i_xlnx_clk_gen/inst/clk_in1_xlnx_clk_gen
    MMCME2_ADV_X1Y2      MMCME2_ADV (Prop_mmcme2_adv_CLKIN1_CLKOUT0)
                                                     -7.759    -4.999 r  i_xlnx_clk_gen/inst/mmcm_adv_inst/CLKOUT0
                         net (fo=1, routed)           2.206    -2.793    i_xlnx_clk_gen/inst/clk_out1_xlnx_clk_gen
    BUFGCTRL_X0Y16       BUFG (Prop_bufg_I_O)         0.101    -2.692 r  i_xlnx_clk_gen/inst/clkout1_buf/O
                         net (fo=16161, routed)       1.710    -0.982    i_ariane/i_cva6/csr_regfile_i/clk_out1
    SLICE_X64Y86         FDCE                                         r  i_ariane/i_cva6/csr_regfile_i/mstatus_q_reg[mprv]/C
  -------------------------------------------------------------------    -------------------
    SLICE_X64Y86         FDCE (Prop_fdce_C_Q)         0.456    -0.526 r  i_ariane/i_cva6/csr_regfile_i/mstatus_q_reg[mprv]/Q
                         net (fo=4, routed)           1.109     0.582    i_ariane/i_cva6/csr_regfile_i/mstatus_q_reg[mprv]__0
    SLICE_X54Y82         LUT3 (Prop_lut3_I2_O)        0.150     0.732 r  i_ariane/i_cva6/csr_regfile_i/en_ld_st_translation_q_i_2/O
                         net (fo=2, routed)           1.127     1.859    i_ariane/i_cva6/csr_regfile_i/p_40_in
    SLICE_X51Y77         LUT6 (Prop_lut6_I1_O)        0.328     2.187 f  i_ariane/i_cva6/csr_regfile_i/gen_register.d_o[34]_i_3/O
                         net (fo=4, routed)           1.105     3.292    i_ariane/i_cva6/ex_stage_i/lsu_i/gen_mmu_sv32.i_cva6_mmu/i_ptw/gen_register.d_o_reg[33]
    SLICE_X41Y67         LUT6 (Prop_lut6_I2_O)        0.124     3.416 r  i_ariane/i_cva6/ex_stage_i/lsu_i/gen_mmu_sv32.i_cva6_mmu/i_ptw/gen_register.d_o[33]_i_1/O
                         net (fo=58, routed)          1.080     4.496    i_ariane/i_cva6/ex_stage_i/lsu_i/i_load_unit/store_exception_ex_id[cause][0]
    SLICE_X53Y75         LUT6 (Prop_lut6_I5_O)        0.124     4.620 r  i_ariane/i_cva6/ex_stage_i/lsu_i/i_load_unit/FSM_sequential_state_q[1]_i_3__2/O
                         net (fo=12, routed)          0.927     5.547    i_ariane/i_cva6/gen_cache_wt.i_cache_subsystem/i_wt_dcache/gen_rd_ports[1].i_wt_dcache_ctrl/dcache_req_ports_ex_cache[1][kill_req]
    SLICE_X60Y72         LUT5 (Prop_lut5_I1_O)        0.118     5.665 r  i_ariane/i_cva6/gen_cache_wt.i_cache_subsystem/i_wt_dcache/gen_rd_ports[1].i_wt_dcache_ctrl/i___125_i_2/O
                         net (fo=22, routed)          1.139     6.804    i_ariane/i_cva6/gen_cache_wt.i_cache_subsystem/i_wt_dcache/i_wt_dcache_mem/rd_hit_oh_q[1]_i_19_0
    SLICE_X80Y64         LUT6 (Prop_lut6_I4_O)        0.326     7.130 f  i_ariane/i_cva6/gen_cache_wt.i_cache_subsystem/i_wt_dcache/i_wt_dcache_mem/i___135_i_1/O
                         net (fo=1, routed)           0.450     7.580    i_ariane/i_cva6/gen_cache_wt.i_cache_subsystem/i_wt_dcache_n_391
    SLICE_X86Y64         LUT4 (Prop_lut4_I3_O)        0.124     7.704 r  i_ariane/i_cva6/gen_cache_wt.i_cache_subsystem/i___135/O
                         net (fo=3, routed)           0.815     8.519    i_ariane/i_cva6/gen_cache_wt.i_cache_subsystem/i_wt_dcache/i_wt_dcache_missunit/i___139_i_45_2
    SLICE_X86Y64         LUT3 (Prop_lut3_I1_O)        0.150     8.669 r  i_ariane/i_cva6/gen_cache_wt.i_cache_subsystem/i_wt_dcache/i_wt_dcache_missunit/i___139_i_39/O
                         net (fo=2, routed)           0.474     9.143    i_ariane/i_cva6/gen_cache_wt.i_cache_subsystem/i_wt_dcache/i_wt_dcache_missunit/i___139_i_39_n_0
    SLICE_X82Y66         LUT6 (Prop_lut6_I3_O)        0.328     9.471 r  i_ariane/i_cva6/gen_cache_wt.i_cache_subsystem/i_wt_dcache/i_wt_dcache_missunit/i___139_i_13/O
                         net (fo=1, routed)           0.000     9.471    i_ariane/i_cva6/gen_cache_wt.i_cache_subsystem/i_wt_dcache/i_wt_dcache_missunit/i___139_i_13_n_0
    SLICE_X82Y66         CARRY4 (Prop_carry4_S[0]_CO[3])
                                                      0.513     9.984 r  i_ariane/i_cva6/gen_cache_wt.i_cache_subsystem/i_wt_dcache/i_wt_dcache_missunit/i___139_i_4/CO[3]
                         net (fo=1, routed)           0.000     9.984    i_ariane/i_cva6/gen_cache_wt.i_cache_subsystem/i_wt_dcache/i_wt_dcache_missunit/i___139_i_4_n_0
    SLICE_X82Y67         CARRY4 (Prop_carry4_CI_CO[2])
                                                      0.229    10.213 f  i_ariane/i_cva6/gen_cache_wt.i_cache_subsystem/i_wt_dcache/i_wt_dcache_missunit/i___139_i_2/CO[2]
                         net (fo=2, routed)           0.604    10.817    i_ariane/i_cva6/gen_cache_wt.i_cache_subsystem/i_wt_dcache/i_wt_dcache_wbuffer/CO[0]
    SLICE_X89Y70         LUT5 (Prop_lut5_I0_O)        0.310    11.127 f  i_ariane/i_cva6/gen_cache_wt.i_cache_subsystem/i_wt_dcache/i_wt_dcache_wbuffer/i___139_i_1/O
                         net (fo=37, routed)          0.573    11.700    i_ariane/i_cva6/gen_cache_wt.i_cache_subsystem/i_wt_dcache/i_wt_dcache_wbuffer/wbuffer_q_reg[0][valid][0]_1
    SLICE_X87Y69         LUT6 (Prop_lut6_I0_O)        0.124    11.824 f  i_ariane/i_cva6/gen_cache_wt.i_cache_subsystem/i_wt_dcache/i_wt_dcache_wbuffer/i___139_i_3/O
                         net (fo=4, routed)           0.379    12.203    i_ariane/i_cva6/gen_cache_wt.i_cache_subsystem/i_wt_dcache_n_393
    SLICE_X87Y70         LUT5 (Prop_lut5_I4_O)        0.124    12.327 r  i_ariane/i_cva6/gen_cache_wt.i_cache_subsystem/i___139/O
                         net (fo=8, routed)           1.333    13.661    i_ariane/i_cva6/gen_cache_wt.i_cache_subsystem/i_wt_dcache/i_wt_dcache_wbuffer/data_rdata_q_reg[7]
    SLICE_X51Y70         LUT5 (Prop_lut5_I1_O)        0.124    13.785 r  i_ariane/i_cva6/gen_cache_wt.i_cache_subsystem/i_wt_dcache/i_wt_dcache_wbuffer/data_rdata_q[7]_i_1/O
                         net (fo=3, routed)           1.150    14.935    i_ariane/i_cva6/gen_cache_wt.i_cache_subsystem/i_wt_dcache/i_wt_dcache_wbuffer/req_port_i[data_rdata][7]
    SLICE_X47Y72         LUT6 (Prop_lut6_I5_O)        0.124    15.059 r  i_ariane/i_cva6/gen_cache_wt.i_cache_subsystem/i_wt_dcache/i_wt_dcache_wbuffer/result_o_reg[22]_i_5/O
                         net (fo=1, routed)           0.433    15.492    i_ariane/i_cva6/ex_stage_i/lsu_i/i_load_unit/result_o_reg[22]_i_3_0
    SLICE_X47Y72         LUT5 (Prop_lut5_I0_O)        0.124    15.616 f  i_ariane/i_cva6/ex_stage_i/lsu_i/i_load_unit/result_o_reg[22]_i_4/O
                         net (fo=1, routed)           0.641    16.257    i_ariane/i_cva6/ex_stage_i/lsu_i/i_load_unit/result_o_reg[22]_i_4_n_0
    SLICE_X47Y73         LUT6 (Prop_lut6_I1_O)        0.124    16.381 r  i_ariane/i_cva6/ex_stage_i/lsu_i/i_load_unit/result_o_reg[22]_i_3/O
                         net (fo=1, routed)           0.433    16.814    i_ariane/i_cva6/ex_stage_i/lsu_i/i_load_unit/result_o_reg[22]_i_3_n_0
    SLICE_X47Y73         LUT2 (Prop_lut2_I1_O)        0.124    16.938 r  i_ariane/i_cva6/ex_stage_i/lsu_i/i_load_unit/result_o_reg[22]_i_2/O
                         net (fo=16, routed)          0.349    17.287    i_ariane/i_cva6/ex_stage_i/lsu_i/i_load_unit/result_o_reg[22]_i_2_n_0
    SLICE_X48Y73         LUT2 (Prop_lut2_I0_O)        0.124    17.411 r  i_ariane/i_cva6/ex_stage_i/lsu_i/i_load_unit/result_o_reg[31]_i_3/O
                         net (fo=9, routed)           1.007    18.418    i_ariane/i_cva6/ex_stage_i/lsu_i/i_load_unit/result_o_reg[31]_i_3_n_0
    SLICE_X50Y74         LUT6 (Prop_lut6_I0_O)        0.124    18.542 r  i_ariane/i_cva6/ex_stage_i/lsu_i/i_load_unit/result_o_reg[24]_i_1/O
                         net (fo=1, routed)           0.624    19.166    i_ariane/i_cva6/ex_stage_i/lsu_i/i_load_unit/result_o_reg[24]_i_1_n_0
    SLICE_X54Y75         LDCE                                         r  i_ariane/i_cva6/ex_stage_i/lsu_i/i_load_unit/result_o_reg[24]/D
  -------------------------------------------------------------------    -------------------





Min Delay Paths
--------------------------------------------------------------------------------------
Slack:                    inf
  Source:                 i_ariane/i_cva6/gen_cache_wt.i_cache_subsystem/i_wt_dcache/gen_rd_ports[1].i_wt_dcache_ctrl/id_q_reg[0]/C
                            (rising edge-triggered cell FDCE clocked by clk_out1_xlnx_clk_gen  {rise@0.000ns fall@10.000ns period=20.000ns})
  Destination:            i_ariane/i_cva6/ex_stage_i/lsu_i/i_load_unit/result_o_reg[24]/D
  Path Group:             (none)
  Path Type:              Min at Slow Process Corner
  Data Path Delay:        1.387ns  (logic 0.467ns (33.671%)  route 0.920ns (66.329%))
  Logic Levels:           1  (LUT6=1)
  Clock Uncertainty:      0.172ns  ((TSJ^2 + DJ^2)^1/2) / 2 + PE
    Total System Jitter     (TSJ):    0.050ns
    Discrete Jitter          (DJ):    0.142ns
    Phase Error              (PE):    0.097ns

    Location             Delay type                Incr(ns)  Path(ns)    Netlist Resource(s)
  -------------------------------------------------------------------    -------------------
                         (clock clk_out1_xlnx_clk_gen rise edge)
                                                      0.000     0.000 r  
    K17                                               0.000     0.000 r  clk_sys (IN)
                         net (fo=0)                   0.000     0.000    i_xlnx_clk_gen/inst/clk_in1
    K17                  IBUF (Prop_ibuf_I_O)         1.404     1.404 r  i_xlnx_clk_gen/inst/clkin1_ibufg/O
                         net (fo=1, routed)           1.162     2.566    i_xlnx_clk_gen/inst/clk_in1_xlnx_clk_gen
    MMCME2_ADV_X1Y2      MMCME2_ADV (Prop_mmcme2_adv_CLKIN1_CLKOUT0)
                                                     -7.814    -5.248 r  i_xlnx_clk_gen/inst/mmcm_adv_inst/CLKOUT0
                         net (fo=1, routed)           2.012    -3.236    i_xlnx_clk_gen/inst/clk_out1_xlnx_clk_gen
    BUFGCTRL_X0Y16       BUFG (Prop_bufg_I_O)         0.091    -3.145 r  i_xlnx_clk_gen/inst/clkout1_buf/O
                         net (fo=16161, routed)       1.449    -1.696    i_ariane/i_cva6/gen_cache_wt.i_cache_subsystem/i_wt_dcache/gen_rd_ports[1].i_wt_dcache_ctrl/clk_out1
    SLICE_X53Y74         FDCE                                         r  i_ariane/i_cva6/gen_cache_wt.i_cache_subsystem/i_wt_dcache/gen_rd_ports[1].i_wt_dcache_ctrl/id_q_reg[0]/C
  -------------------------------------------------------------------    -------------------
    SLICE_X53Y74         FDCE (Prop_fdce_C_Q)         0.367    -1.329 r  i_ariane/i_cva6/gen_cache_wt.i_cache_subsystem/i_wt_dcache/gen_rd_ports[1].i_wt_dcache_ctrl/id_q_reg[0]/Q
                         net (fo=38, routed)          0.374    -0.955    i_ariane/i_cva6/ex_stage_i/lsu_i/i_load_unit/dcache_req_ports_cache_ex[1][data_rid]
    SLICE_X50Y74         LUT6 (Prop_lut6_I3_O)        0.100    -0.855 r  i_ariane/i_cva6/ex_stage_i/lsu_i/i_load_unit/result_o_reg[24]_i_1/O
                         net (fo=1, routed)           0.546    -0.309    i_ariane/i_cva6/ex_stage_i/lsu_i/i_load_unit/result_o_reg[24]_i_1_n_0
    SLICE_X54Y75         LDCE                                         r  i_ariane/i_cva6/ex_stage_i/lsu_i/i_load_unit/result_o_reg[24]/D
  -------------------------------------------------------------------    -------------------

Slack:                    inf
  Source:                 i_ariane/i_cva6/ex_stage_i/lsu_i/i_load_unit/ldbuf_q_reg[0][address_offset][1]/C
                            (rising edge-triggered cell FDCE clocked by clk_out1_xlnx_clk_gen  {rise@0.000ns fall@10.000ns period=20.000ns})
  Destination:            i_ariane/i_cva6/ex_stage_i/lsu_i/i_load_unit/result_o_reg[25]/D
  Path Group:             (none)
  Path Type:              Min at Slow Process Corner
  Data Path Delay:        1.504ns  (logic 0.518ns (34.439%)  route 0.986ns (65.561%))
  Logic Levels:           1  (LUT6=1)
  Clock Uncertainty:      0.172ns  ((TSJ^2 + DJ^2)^1/2) / 2 + PE
    Total System Jitter     (TSJ):    0.050ns
    Discrete Jitter          (DJ):    0.142ns
    Phase Error              (PE):    0.097ns

    Location             Delay type                Incr(ns)  Path(ns)    Netlist Resource(s)
  -------------------------------------------------------------------    -------------------
                         (clock clk_out1_xlnx_clk_gen rise edge)
                                                      0.000     0.000 r  
    K17                                               0.000     0.000 r  clk_sys (IN)
                         net (fo=0)                   0.000     0.000    i_xlnx_clk_gen/inst/clk_in1
    K17                  IBUF (Prop_ibuf_I_O)         1.404     1.404 r  i_xlnx_clk_gen/inst/clkin1_ibufg/O
                         net (fo=1, routed)           1.162     2.566    i_xlnx_clk_gen/inst/clk_in1_xlnx_clk_gen
    MMCME2_ADV_X1Y2      MMCME2_ADV (Prop_mmcme2_adv_CLKIN1_CLKOUT0)
                                                     -7.814    -5.248 r  i_xlnx_clk_gen/inst/mmcm_adv_inst/CLKOUT0
                         net (fo=1, routed)           2.012    -3.236    i_xlnx_clk_gen/inst/clk_out1_xlnx_clk_gen
    BUFGCTRL_X0Y16       BUFG (Prop_bufg_I_O)         0.091    -3.145 r  i_xlnx_clk_gen/inst/clkout1_buf/O
                         net (fo=16161, routed)       1.449    -1.696    i_ariane/i_cva6/ex_stage_i/lsu_i/i_load_unit/clk_out1
    SLICE_X50Y74         FDCE                                         r  i_ariane/i_cva6/ex_stage_i/lsu_i/i_load_unit/ldbuf_q_reg[0][address_offset][1]/C
  -------------------------------------------------------------------    -------------------
    SLICE_X50Y74         FDCE (Prop_fdce_C_Q)         0.418    -1.278 f  i_ariane/i_cva6/ex_stage_i/lsu_i/i_load_unit/ldbuf_q_reg[0][address_offset][1]/Q
                         net (fo=17, routed)          0.471    -0.808    i_ariane/i_cva6/ex_stage_i/lsu_i/i_load_unit/ldbuf_q_reg[0][address_offset][1]_0[1]
    SLICE_X50Y74         LUT6 (Prop_lut6_I2_O)        0.100    -0.708 r  i_ariane/i_cva6/ex_stage_i/lsu_i/i_load_unit/result_o_reg[25]_i_1/O
                         net (fo=1, routed)           0.515    -0.192    i_ariane/i_cva6/ex_stage_i/lsu_i/i_load_unit/result_o_reg[25]_i_1_n_0
    SLICE_X54Y75         LDCE                                         r  i_ariane/i_cva6/ex_stage_i/lsu_i/i_load_unit/result_o_reg[25]/D
  -------------------------------------------------------------------    -------------------

Slack:                    inf
  Source:                 i_ariane/i_cva6/ex_stage_i/lsu_i/i_load_unit/ldbuf_q_reg[1][address_offset][1]/C
                            (rising edge-triggered cell FDCE clocked by clk_out1_xlnx_clk_gen  {rise@0.000ns fall@10.000ns period=20.000ns})
  Destination:            i_ariane/i_cva6/ex_stage_i/lsu_i/i_load_unit/result_o_reg[26]/D
  Path Group:             (none)
  Path Type:              Min at Slow Process Corner
  Data Path Delay:        1.588ns  (logic 0.467ns (29.417%)  route 1.121ns (70.583%))
  Logic Levels:           1  (LUT6=1)
  Clock Uncertainty:      0.172ns  ((TSJ^2 + DJ^2)^1/2) / 2 + PE
    Total System Jitter     (TSJ):    0.050ns
    Discrete Jitter          (DJ):    0.142ns
    Phase Error              (PE):    0.097ns

    Location             Delay type                Incr(ns)  Path(ns)    Netlist Resource(s)
  -------------------------------------------------------------------    -------------------
                         (clock clk_out1_xlnx_clk_gen rise edge)
                                                      0.000     0.000 r  
    K17                                               0.000     0.000 r  clk_sys (IN)
                         net (fo=0)                   0.000     0.000    i_xlnx_clk_gen/inst/clk_in1
    K17                  IBUF (Prop_ibuf_I_O)         1.404     1.404 r  i_xlnx_clk_gen/inst/clkin1_ibufg/O
                         net (fo=1, routed)           1.162     2.566    i_xlnx_clk_gen/inst/clk_in1_xlnx_clk_gen
    MMCME2_ADV_X1Y2      MMCME2_ADV (Prop_mmcme2_adv_CLKIN1_CLKOUT0)
                                                     -7.814    -5.248 r  i_xlnx_clk_gen/inst/mmcm_adv_inst/CLKOUT0
                         net (fo=1, routed)           2.012    -3.236    i_xlnx_clk_gen/inst/clk_out1_xlnx_clk_gen
    BUFGCTRL_X0Y16       BUFG (Prop_bufg_I_O)         0.091    -3.145 r  i_xlnx_clk_gen/inst/clkout1_buf/O
                         net (fo=16161, routed)       1.462    -1.683    i_ariane/i_cva6/ex_stage_i/lsu_i/i_load_unit/clk_out1
    SLICE_X49Y73         FDCE                                         r  i_ariane/i_cva6/ex_stage_i/lsu_i/i_load_unit/ldbuf_q_reg[1][address_offset][1]/C
  -------------------------------------------------------------------    -------------------
    SLICE_X49Y73         FDCE (Prop_fdce_C_Q)         0.367    -1.316 f  i_ariane/i_cva6/ex_stage_i/lsu_i/i_load_unit/ldbuf_q_reg[1][address_offset][1]/Q
                         net (fo=17, routed)          0.443    -0.874    i_ariane/i_cva6/ex_stage_i/lsu_i/i_load_unit/ldbuf_q_reg[1][address_offset][1]_1[1]
    SLICE_X49Y73         LUT6 (Prop_lut6_I3_O)        0.100    -0.774 r  i_ariane/i_cva6/ex_stage_i/lsu_i/i_load_unit/result_o_reg[26]_i_1/O
                         net (fo=1, routed)           0.678    -0.096    i_ariane/i_cva6/ex_stage_i/lsu_i/i_load_unit/result_o_reg[26]_i_1_n_0
    SLICE_X54Y78         LDCE                                         r  i_ariane/i_cva6/ex_stage_i/lsu_i/i_load_unit/result_o_reg[26]/D
  -------------------------------------------------------------------    -------------------

Slack:                    inf
  Source:                 i_ariane/i_cva6/gen_cache_wt.i_cache_subsystem/i_wt_dcache/gen_rd_ports[1].i_wt_dcache_ctrl/id_q_reg[0]/C
                            (rising edge-triggered cell FDCE clocked by clk_out1_xlnx_clk_gen  {rise@0.000ns fall@10.000ns period=20.000ns})
  Destination:            i_ariane/i_cva6/ex_stage_i/lsu_i/i_load_unit/result_o_reg[31]/D
  Path Group:             (none)
  Path Type:              Min at Slow Process Corner
  Data Path Delay:        1.623ns  (logic 0.467ns (28.778%)  route 1.156ns (71.222%))
  Logic Levels:           1  (LUT6=1)
  Clock Uncertainty:      0.172ns  ((TSJ^2 + DJ^2)^1/2) / 2 + PE
    Total System Jitter     (TSJ):    0.050ns
    Discrete Jitter          (DJ):    0.142ns
    Phase Error              (PE):    0.097ns

    Location             Delay type                Incr(ns)  Path(ns)    Netlist Resource(s)
  -------------------------------------------------------------------    -------------------
                         (clock clk_out1_xlnx_clk_gen rise edge)
                                                      0.000     0.000 r  
    K17                                               0.000     0.000 r  clk_sys (IN)
                         net (fo=0)                   0.000     0.000    i_xlnx_clk_gen/inst/clk_in1
    K17                  IBUF (Prop_ibuf_I_O)         1.404     1.404 r  i_xlnx_clk_gen/inst/clkin1_ibufg/O
                         net (fo=1, routed)           1.162     2.566    i_xlnx_clk_gen/inst/clk_in1_xlnx_clk_gen
    MMCME2_ADV_X1Y2      MMCME2_ADV (Prop_mmcme2_adv_CLKIN1_CLKOUT0)
                                                     -7.814    -5.248 r  i_xlnx_clk_gen/inst/mmcm_adv_inst/CLKOUT0
                         net (fo=1, routed)           2.012    -3.236    i_xlnx_clk_gen/inst/clk_out1_xlnx_clk_gen
    BUFGCTRL_X0Y16       BUFG (Prop_bufg_I_O)         0.091    -3.145 r  i_xlnx_clk_gen/inst/clkout1_buf/O
                         net (fo=16161, routed)       1.449    -1.696    i_ariane/i_cva6/gen_cache_wt.i_cache_subsystem/i_wt_dcache/gen_rd_ports[1].i_wt_dcache_ctrl/clk_out1
    SLICE_X53Y74         FDCE                                         r  i_ariane/i_cva6/gen_cache_wt.i_cache_subsystem/i_wt_dcache/gen_rd_ports[1].i_wt_dcache_ctrl/id_q_reg[0]/C
  -------------------------------------------------------------------    -------------------
    SLICE_X53Y74         FDCE (Prop_fdce_C_Q)         0.367    -1.329 r  i_ariane/i_cva6/gen_cache_wt.i_cache_subsystem/i_wt_dcache/gen_rd_ports[1].i_wt_dcache_ctrl/id_q_reg[0]/Q
                         net (fo=38, routed)          0.451    -0.878    i_ariane/i_cva6/ex_stage_i/lsu_i/i_load_unit/dcache_req_ports_cache_ex[1][data_rid]
    SLICE_X50Y74         LUT6 (Prop_lut6_I3_O)        0.100    -0.778 r  i_ariane/i_cva6/ex_stage_i/lsu_i/i_load_unit/result_o_reg[31]_i_1/O
                         net (fo=1, routed)           0.705    -0.073    i_ariane/i_cva6/ex_stage_i/lsu_i/i_load_unit/result_o_reg[31]_i_1_n_0
    SLICE_X57Y77         LDCE                                         r  i_ariane/i_cva6/ex_stage_i/lsu_i/i_load_unit/result_o_reg[31]/D
  -------------------------------------------------------------------    -------------------

Slack:                    inf
  Source:                 i_ariane/i_cva6/ex_stage_i/lsu_i/i_load_unit/ldbuf_q_reg[0][operation][3]/C
                            (rising edge-triggered cell FDCE clocked by clk_out1_xlnx_clk_gen  {rise@0.000ns fall@10.000ns period=20.000ns})
  Destination:            i_ariane/i_cva6/ex_stage_i/lsu_i/i_load_unit/result_o_reg[15]/D
  Path Group:             (none)
  Path Type:              Min at Slow Process Corner
  Data Path Delay:        1.627ns  (logic 0.567ns (34.853%)  route 1.060ns (65.147%))
  Logic Levels:           2  (LUT6=2)
  Clock Uncertainty:      0.172ns  ((TSJ^2 + DJ^2)^1/2) / 2 + PE
    Total System Jitter     (TSJ):    0.050ns
    Discrete Jitter          (DJ):    0.142ns
    Phase Error              (PE):    0.097ns

    Location             Delay type                Incr(ns)  Path(ns)    Netlist Resource(s)
  -------------------------------------------------------------------    -------------------
                         (clock clk_out1_xlnx_clk_gen rise edge)
                                                      0.000     0.000 r  
    K17                                               0.000     0.000 r  clk_sys (IN)
                         net (fo=0)                   0.000     0.000    i_xlnx_clk_gen/inst/clk_in1
    K17                  IBUF (Prop_ibuf_I_O)         1.404     1.404 r  i_xlnx_clk_gen/inst/clkin1_ibufg/O
                         net (fo=1, routed)           1.162     2.566    i_xlnx_clk_gen/inst/clk_in1_xlnx_clk_gen
    MMCME2_ADV_X1Y2      MMCME2_ADV (Prop_mmcme2_adv_CLKIN1_CLKOUT0)
                                                     -7.814    -5.248 r  i_xlnx_clk_gen/inst/mmcm_adv_inst/CLKOUT0
                         net (fo=1, routed)           2.012    -3.236    i_xlnx_clk_gen/inst/clk_out1_xlnx_clk_gen
    BUFGCTRL_X0Y16       BUFG (Prop_bufg_I_O)         0.091    -3.145 r  i_xlnx_clk_gen/inst/clkout1_buf/O
                         net (fo=16161, routed)       1.463    -1.682    i_ariane/i_cva6/ex_stage_i/lsu_i/i_load_unit/clk_out1
    SLICE_X44Y73         FDCE                                         r  i_ariane/i_cva6/ex_stage_i/lsu_i/i_load_unit/ldbuf_q_reg[0][operation][3]/C
  -------------------------------------------------------------------    -------------------
    SLICE_X44Y73         FDCE (Prop_fdce_C_Q)         0.367    -1.315 r  i_ariane/i_cva6/ex_stage_i/lsu_i/i_load_unit/ldbuf_q_reg[0][operation][3]/Q
                         net (fo=2, routed)           0.549    -0.766    i_ariane/i_cva6/ex_stage_i/lsu_i/i_load_unit/ldbuf_q_reg[0][operation][3]
    SLICE_X46Y73         LUT6 (Prop_lut6_I1_O)        0.100    -0.666 r  i_ariane/i_cva6/ex_stage_i/lsu_i/i_load_unit/result_o_reg[15]_i_2/O
                         net (fo=8, routed)           0.511    -0.155    i_ariane/i_cva6/ex_stage_i/lsu_i/i_load_unit/result_o_reg[15]_i_2_n_0
    SLICE_X47Y72         LUT6 (Prop_lut6_I1_O)        0.100    -0.055 r  i_ariane/i_cva6/ex_stage_i/lsu_i/i_load_unit/result_o_reg[15]_i_1/O
                         net (fo=1, routed)           0.000    -0.055    i_ariane/i_cva6/ex_stage_i/lsu_i/i_load_unit/result_o_reg[15]_i_1_n_0
    SLICE_X47Y72         LDCE                                         r  i_ariane/i_cva6/ex_stage_i/lsu_i/i_load_unit/result_o_reg[15]/D
  -------------------------------------------------------------------    -------------------

Slack:                    inf
  Source:                 i_ariane/i_cva6/ex_stage_i/lsu_i/i_load_unit/ldbuf_q_reg[1][address_offset][1]/C
                            (rising edge-triggered cell FDCE clocked by clk_out1_xlnx_clk_gen  {rise@0.000ns fall@10.000ns period=20.000ns})
  Destination:            i_ariane/i_cva6/ex_stage_i/lsu_i/i_load_unit/result_o_reg[29]/D
  Path Group:             (none)
  Path Type:              Min at Slow Process Corner
  Data Path Delay:        1.721ns  (logic 0.467ns (27.139%)  route 1.254ns (72.861%))
  Logic Levels:           1  (LUT6=1)
  Clock Uncertainty:      0.172ns  ((TSJ^2 + DJ^2)^1/2) / 2 + PE
    Total System Jitter     (TSJ):    0.050ns
    Discrete Jitter          (DJ):    0.142ns
    Phase Error              (PE):    0.097ns

    Location             Delay type                Incr(ns)  Path(ns)    Netlist Resource(s)
  -------------------------------------------------------------------    -------------------
                         (clock clk_out1_xlnx_clk_gen rise edge)
                                                      0.000     0.000 r  
    K17                                               0.000     0.000 r  clk_sys (IN)
                         net (fo=0)                   0.000     0.000    i_xlnx_clk_gen/inst/clk_in1
    K17                  IBUF (Prop_ibuf_I_O)         1.404     1.404 r  i_xlnx_clk_gen/inst/clkin1_ibufg/O
                         net (fo=1, routed)           1.162     2.566    i_xlnx_clk_gen/inst/clk_in1_xlnx_clk_gen
    MMCME2_ADV_X1Y2      MMCME2_ADV (Prop_mmcme2_adv_CLKIN1_CLKOUT0)
                                                     -7.814    -5.248 r  i_xlnx_clk_gen/inst/mmcm_adv_inst/CLKOUT0
                         net (fo=1, routed)           2.012    -3.236    i_xlnx_clk_gen/inst/clk_out1_xlnx_clk_gen
    BUFGCTRL_X0Y16       BUFG (Prop_bufg_I_O)         0.091    -3.145 r  i_xlnx_clk_gen/inst/clkout1_buf/O
                         net (fo=16161, routed)       1.462    -1.683    i_ariane/i_cva6/ex_stage_i/lsu_i/i_load_unit/clk_out1
    SLICE_X49Y73         FDCE                                         r  i_ariane/i_cva6/ex_stage_i/lsu_i/i_load_unit/ldbuf_q_reg[1][address_offset][1]/C
  -------------------------------------------------------------------    -------------------
    SLICE_X49Y73         FDCE (Prop_fdce_C_Q)         0.367    -1.316 f  i_ariane/i_cva6/ex_stage_i/lsu_i/i_load_unit/ldbuf_q_reg[1][address_offset][1]/Q
                         net (fo=17, routed)          0.388    -0.928    i_ariane/i_cva6/ex_stage_i/lsu_i/i_load_unit/ldbuf_q_reg[1][address_offset][1]_1[1]
    SLICE_X49Y73         LUT6 (Prop_lut6_I3_O)        0.100    -0.828 r  i_ariane/i_cva6/ex_stage_i/lsu_i/i_load_unit/result_o_reg[29]_i_1/O
                         net (fo=1, routed)           0.865     0.038    i_ariane/i_cva6/ex_stage_i/lsu_i/i_load_unit/result_o_reg[29]_i_1_n_0
    SLICE_X59Y78         LDCE                                         r  i_ariane/i_cva6/ex_stage_i/lsu_i/i_load_unit/result_o_reg[29]/D
  -------------------------------------------------------------------    -------------------

Slack:                    inf
  Source:                 i_ariane/i_cva6/gen_cache_wt.i_cache_subsystem/i_wt_dcache/gen_rd_ports[1].i_wt_dcache_ctrl/id_q_reg[0]/C
                            (rising edge-triggered cell FDCE clocked by clk_out1_xlnx_clk_gen  {rise@0.000ns fall@10.000ns period=20.000ns})
  Destination:            i_ariane/i_cva6/ex_stage_i/lsu_i/i_load_unit/result_o_reg[28]/D
  Path Group:             (none)
  Path Type:              Min at Slow Process Corner
  Data Path Delay:        1.741ns  (logic 0.467ns (26.823%)  route 1.274ns (73.177%))
  Logic Levels:           1  (LUT6=1)
  Clock Uncertainty:      0.172ns  ((TSJ^2 + DJ^2)^1/2) / 2 + PE
    Total System Jitter     (TSJ):    0.050ns
    Discrete Jitter          (DJ):    0.142ns
    Phase Error              (PE):    0.097ns

    Location             Delay type                Incr(ns)  Path(ns)    Netlist Resource(s)
  -------------------------------------------------------------------    -------------------
                         (clock clk_out1_xlnx_clk_gen rise edge)
                                                      0.000     0.000 r  
    K17                                               0.000     0.000 r  clk_sys (IN)
                         net (fo=0)                   0.000     0.000    i_xlnx_clk_gen/inst/clk_in1
    K17                  IBUF (Prop_ibuf_I_O)         1.404     1.404 r  i_xlnx_clk_gen/inst/clkin1_ibufg/O
                         net (fo=1, routed)           1.162     2.566    i_xlnx_clk_gen/inst/clk_in1_xlnx_clk_gen
    MMCME2_ADV_X1Y2      MMCME2_ADV (Prop_mmcme2_adv_CLKIN1_CLKOUT0)
                                                     -7.814    -5.248 r  i_xlnx_clk_gen/inst/mmcm_adv_inst/CLKOUT0
                         net (fo=1, routed)           2.012    -3.236    i_xlnx_clk_gen/inst/clk_out1_xlnx_clk_gen
    BUFGCTRL_X0Y16       BUFG (Prop_bufg_I_O)         0.091    -3.145 r  i_xlnx_clk_gen/inst/clkout1_buf/O
                         net (fo=16161, routed)       1.449    -1.696    i_ariane/i_cva6/gen_cache_wt.i_cache_subsystem/i_wt_dcache/gen_rd_ports[1].i_wt_dcache_ctrl/clk_out1
    SLICE_X53Y74         FDCE                                         r  i_ariane/i_cva6/gen_cache_wt.i_cache_subsystem/i_wt_dcache/gen_rd_ports[1].i_wt_dcache_ctrl/id_q_reg[0]/C
  -------------------------------------------------------------------    -------------------
    SLICE_X53Y74         FDCE (Prop_fdce_C_Q)         0.367    -1.329 r  i_ariane/i_cva6/gen_cache_wt.i_cache_subsystem/i_wt_dcache/gen_rd_ports[1].i_wt_dcache_ctrl/id_q_reg[0]/Q
                         net (fo=38, routed)          0.840    -0.490    i_ariane/i_cva6/ex_stage_i/lsu_i/i_load_unit/dcache_req_ports_cache_ex[1][data_rid]
    SLICE_X49Y73         LUT6 (Prop_lut6_I3_O)        0.100    -0.390 r  i_ariane/i_cva6/ex_stage_i/lsu_i/i_load_unit/result_o_reg[28]_i_1/O
                         net (fo=1, routed)           0.434     0.045    i_ariane/i_cva6/ex_stage_i/lsu_i/i_load_unit/result_o_reg[28]_i_1_n_0
    SLICE_X49Y74         LDCE                                         r  i_ariane/i_cva6/ex_stage_i/lsu_i/i_load_unit/result_o_reg[28]/D
  -------------------------------------------------------------------    -------------------

Slack:                    inf
  Source:                 i_ariane/i_cva6/ex_stage_i/lsu_i/i_load_unit/ldbuf_q_reg[0][address_offset][1]/C
                            (rising edge-triggered cell FDCE clocked by clk_out1_xlnx_clk_gen  {rise@0.000ns fall@10.000ns period=20.000ns})
  Destination:            i_ariane/i_cva6/ex_stage_i/lsu_i/i_load_unit/result_o_reg[30]/D
  Path Group:             (none)
  Path Type:              Min at Slow Process Corner
  Data Path Delay:        1.757ns  (logic 0.518ns (29.490%)  route 1.239ns (70.510%))
  Logic Levels:           1  (LUT6=1)
  Clock Uncertainty:      0.172ns  ((TSJ^2 + DJ^2)^1/2) / 2 + PE
    Total System Jitter     (TSJ):    0.050ns
    Discrete Jitter          (DJ):    0.142ns
    Phase Error              (PE):    0.097ns

    Location             Delay type                Incr(ns)  Path(ns)    Netlist Resource(s)
  -------------------------------------------------------------------    -------------------
                         (clock clk_out1_xlnx_clk_gen rise edge)
                                                      0.000     0.000 r  
    K17                                               0.000     0.000 r  clk_sys (IN)
                         net (fo=0)                   0.000     0.000    i_xlnx_clk_gen/inst/clk_in1
    K17                  IBUF (Prop_ibuf_I_O)         1.404     1.404 r  i_xlnx_clk_gen/inst/clkin1_ibufg/O
                         net (fo=1, routed)           1.162     2.566    i_xlnx_clk_gen/inst/clk_in1_xlnx_clk_gen
    MMCME2_ADV_X1Y2      MMCME2_ADV (Prop_mmcme2_adv_CLKIN1_CLKOUT0)
                                                     -7.814    -5.248 r  i_xlnx_clk_gen/inst/mmcm_adv_inst/CLKOUT0
                         net (fo=1, routed)           2.012    -3.236    i_xlnx_clk_gen/inst/clk_out1_xlnx_clk_gen
    BUFGCTRL_X0Y16       BUFG (Prop_bufg_I_O)         0.091    -3.145 r  i_xlnx_clk_gen/inst/clkout1_buf/O
                         net (fo=16161, routed)       1.449    -1.696    i_ariane/i_cva6/ex_stage_i/lsu_i/i_load_unit/clk_out1
    SLICE_X50Y74         FDCE                                         r  i_ariane/i_cva6/ex_stage_i/lsu_i/i_load_unit/ldbuf_q_reg[0][address_offset][1]/C
  -------------------------------------------------------------------    -------------------
    SLICE_X50Y74         FDCE (Prop_fdce_C_Q)         0.418    -1.278 f  i_ariane/i_cva6/ex_stage_i/lsu_i/i_load_unit/ldbuf_q_reg[0][address_offset][1]/Q
                         net (fo=17, routed)          0.431    -0.848    i_ariane/i_cva6/ex_stage_i/lsu_i/i_load_unit/ldbuf_q_reg[0][address_offset][1]_0[1]
    SLICE_X49Y74         LUT6 (Prop_lut6_I2_O)        0.100    -0.748 r  i_ariane/i_cva6/ex_stage_i/lsu_i/i_load_unit/result_o_reg[30]_i_1/O
                         net (fo=1, routed)           0.808     0.060    i_ariane/i_cva6/ex_stage_i/lsu_i/i_load_unit/result_o_reg[30]_i_1_n_0
    SLICE_X59Y78         LDCE                                         r  i_ariane/i_cva6/ex_stage_i/lsu_i/i_load_unit/result_o_reg[30]/D
  -------------------------------------------------------------------    -------------------

Slack:                    inf
  Source:                 i_ariane/i_cva6/ex_stage_i/lsu_i/i_load_unit/ldbuf_q_reg[0][address_offset][1]/C
                            (rising edge-triggered cell FDCE clocked by clk_out1_xlnx_clk_gen  {rise@0.000ns fall@10.000ns period=20.000ns})
  Destination:            i_ariane/i_cva6/ex_stage_i/lsu_i/i_load_unit/result_o_reg[27]/D
  Path Group:             (none)
  Path Type:              Min at Slow Process Corner
  Data Path Delay:        1.777ns  (logic 0.518ns (29.151%)  route 1.259ns (70.849%))
  Logic Levels:           1  (LUT6=1)
  Clock Uncertainty:      0.172ns  ((TSJ^2 + DJ^2)^1/2) / 2 + PE
    Total System Jitter     (TSJ):    0.050ns
    Discrete Jitter          (DJ):    0.142ns
    Phase Error              (PE):    0.097ns

    Location             Delay type                Incr(ns)  Path(ns)    Netlist Resource(s)
  -------------------------------------------------------------------    -------------------
                         (clock clk_out1_xlnx_clk_gen rise edge)
                                                      0.000     0.000 r  
    K17                                               0.000     0.000 r  clk_sys (IN)
                         net (fo=0)                   0.000     0.000    i_xlnx_clk_gen/inst/clk_in1
    K17                  IBUF (Prop_ibuf_I_O)         1.404     1.404 r  i_xlnx_clk_gen/inst/clkin1_ibufg/O
                         net (fo=1, routed)           1.162     2.566    i_xlnx_clk_gen/inst/clk_in1_xlnx_clk_gen
    MMCME2_ADV_X1Y2      MMCME2_ADV (Prop_mmcme2_adv_CLKIN1_CLKOUT0)
                                                     -7.814    -5.248 r  i_xlnx_clk_gen/inst/mmcm_adv_inst/CLKOUT0
                         net (fo=1, routed)           2.012    -3.236    i_xlnx_clk_gen/inst/clk_out1_xlnx_clk_gen
    BUFGCTRL_X0Y16       BUFG (Prop_bufg_I_O)         0.091    -3.145 r  i_xlnx_clk_gen/inst/clkout1_buf/O
                         net (fo=16161, routed)       1.449    -1.696    i_ariane/i_cva6/ex_stage_i/lsu_i/i_load_unit/clk_out1
    SLICE_X50Y74         FDCE                                         r  i_ariane/i_cva6/ex_stage_i/lsu_i/i_load_unit/ldbuf_q_reg[0][address_offset][1]/C
  -------------------------------------------------------------------    -------------------
    SLICE_X50Y74         FDCE (Prop_fdce_C_Q)         0.418    -1.278 f  i_ariane/i_cva6/ex_stage_i/lsu_i/i_load_unit/ldbuf_q_reg[0][address_offset][1]/Q
                         net (fo=17, routed)          0.596    -0.683    i_ariane/i_cva6/ex_stage_i/lsu_i/i_load_unit/ldbuf_q_reg[0][address_offset][1]_0[1]
    SLICE_X50Y74         LUT6 (Prop_lut6_I1_O)        0.100    -0.583 r  i_ariane/i_cva6/ex_stage_i/lsu_i/i_load_unit/result_o_reg[27]_i_1/O
                         net (fo=1, routed)           0.663     0.081    i_ariane/i_cva6/ex_stage_i/lsu_i/i_load_unit/result_o_reg[27]_i_1_n_0
    SLICE_X54Y75         LDCE                                         r  i_ariane/i_cva6/ex_stage_i/lsu_i/i_load_unit/result_o_reg[27]/D
  -------------------------------------------------------------------    -------------------

Slack:                    inf
  Source:                 i_ariane/i_cva6/ex_stage_i/lsu_i/i_load_unit/ldbuf_q_reg[1][address_offset][1]/C
                            (rising edge-triggered cell FDCE clocked by clk_out1_xlnx_clk_gen  {rise@0.000ns fall@10.000ns period=20.000ns})
  Destination:            i_ariane/i_cva6/ex_stage_i/lsu_i/i_load_unit/result_o_reg[8]/D
  Path Group:             (none)
  Path Type:              Min at Slow Process Corner
  Data Path Delay:        1.773ns  (logic 0.567ns (31.973%)  route 1.206ns (68.027%))
  Logic Levels:           2  (LUT5=1 LUT6=1)
  Clock Uncertainty:      0.172ns  ((TSJ^2 + DJ^2)^1/2) / 2 + PE
    Total System Jitter     (TSJ):    0.050ns
    Discrete Jitter          (DJ):    0.142ns
    Phase Error              (PE):    0.097ns

    Location             Delay type                Incr(ns)  Path(ns)    Netlist Resource(s)
  -------------------------------------------------------------------    -------------------
                         (clock clk_out1_xlnx_clk_gen rise edge)
                                                      0.000     0.000 r  
    K17                                               0.000     0.000 r  clk_sys (IN)
                         net (fo=0)                   0.000     0.000    i_xlnx_clk_gen/inst/clk_in1
    K17                  IBUF (Prop_ibuf_I_O)         1.404     1.404 r  i_xlnx_clk_gen/inst/clkin1_ibufg/O
                         net (fo=1, routed)           1.162     2.566    i_xlnx_clk_gen/inst/clk_in1_xlnx_clk_gen
    MMCME2_ADV_X1Y2      MMCME2_ADV (Prop_mmcme2_adv_CLKIN1_CLKOUT0)
                                                     -7.814    -5.248 r  i_xlnx_clk_gen/inst/mmcm_adv_inst/CLKOUT0
                         net (fo=1, routed)           2.012    -3.236    i_xlnx_clk_gen/inst/clk_out1_xlnx_clk_gen
    BUFGCTRL_X0Y16       BUFG (Prop_bufg_I_O)         0.091    -3.145 r  i_xlnx_clk_gen/inst/clkout1_buf/O
                         net (fo=16161, routed)       1.462    -1.683    i_ariane/i_cva6/ex_stage_i/lsu_i/i_load_unit/clk_out1
    SLICE_X49Y73         FDCE                                         r  i_ariane/i_cva6/ex_stage_i/lsu_i/i_load_unit/ldbuf_q_reg[1][address_offset][1]/C
  -------------------------------------------------------------------    -------------------
    SLICE_X49Y73         FDCE (Prop_fdce_C_Q)         0.367    -1.316 r  i_ariane/i_cva6/ex_stage_i/lsu_i/i_load_unit/ldbuf_q_reg[1][address_offset][1]/Q
                         net (fo=17, routed)          0.582    -0.734    i_ariane/i_cva6/gen_cache_wt.i_cache_subsystem/i_wt_dcache/i_wt_dcache_wbuffer/result_o_reg[15]_i_1[1]
    SLICE_X46Y71         LUT5 (Prop_lut5_I1_O)        0.100    -0.634 r  i_ariane/i_cva6/gen_cache_wt.i_cache_subsystem/i_wt_dcache/i_wt_dcache_wbuffer/result_o_reg[8]_i_2/O
                         net (fo=1, routed)           0.138    -0.496    i_ariane/i_cva6/ex_stage_i/lsu_i/i_load_unit/gen_register.d_o_reg[73]
    SLICE_X46Y71         LUT6 (Prop_lut6_I5_O)        0.100    -0.396 r  i_ariane/i_cva6/ex_stage_i/lsu_i/i_load_unit/result_o_reg[8]_i_1/O
                         net (fo=1, routed)           0.486     0.090    i_ariane/i_cva6/ex_stage_i/lsu_i/i_load_unit/result_o_reg[8]_i_1_n_0
    SLICE_X46Y71         LDCE                                         r  i_ariane/i_cva6/ex_stage_i/lsu_i/i_load_unit/result_o_reg[8]/D
  -------------------------------------------------------------------    -------------------





--------------------------------------------------------------------------------------
Path Group:  (none)
From Clock:  clkfbout_xlnx_clk_gen
  To Clock:  

Max Delay             1 Endpoint
Min Delay             1 Endpoint
--------------------------------------------------------------------------------------


Max Delay Paths
--------------------------------------------------------------------------------------
Slack:                    inf
  Source:                 i_xlnx_clk_gen/inst/mmcm_adv_inst/CLKFBOUT
                            (clock source 'clkfbout_xlnx_clk_gen'  {rise@0.000ns fall@4.000ns period=8.000ns})
  Destination:            i_xlnx_clk_gen/inst/mmcm_adv_inst/CLKFBIN
  Path Group:             (none)
  Path Type:              Max at Slow Process Corner
  Data Path Delay:        4.287ns  (logic 0.101ns (2.356%)  route 4.186ns (97.644%))
  Logic Levels:           1  (BUFG=1)
  Clock Uncertainty:      0.144ns  ((TSJ^2 + DJ^2)^1/2) / 2 + PE
    Total System Jitter     (TSJ):    0.050ns
    Discrete Jitter          (DJ):    0.080ns
    Phase Error              (PE):    0.097ns

    Location             Delay type                Incr(ns)  Path(ns)    Netlist Resource(s)
  -------------------------------------------------------------------    -------------------
                         (clock clkfbout_xlnx_clk_gen fall edge)
                                                      4.000     4.000 f  
    K17                                               0.000     4.000 f  clk_sys (IN)
                         net (fo=0)                   0.000     4.000    i_xlnx_clk_gen/inst/clk_in1
    K17                  IBUF (Prop_ibuf_I_O)         1.475     5.475 f  i_xlnx_clk_gen/inst/clkin1_ibufg/O
                         net (fo=1, routed)           1.285     6.760    i_xlnx_clk_gen/inst/clk_in1_xlnx_clk_gen
  -------------------------------------------------------------------    -------------------
    MMCME2_ADV_X1Y2      MMCME2_ADV (Prop_mmcme2_adv_CLKIN1_CLKFBOUT)
                                                     -7.759    -0.999 f  i_xlnx_clk_gen/inst/mmcm_adv_inst/CLKFBOUT
                         net (fo=1, routed)           2.206     1.207    i_xlnx_clk_gen/inst/clkfbout_xlnx_clk_gen
    BUFGCTRL_X0Y17       BUFG (Prop_bufg_I_O)         0.101     1.308 f  i_xlnx_clk_gen/inst/clkf_buf/O
                         net (fo=1, routed)           1.980     3.288    i_xlnx_clk_gen/inst/clkfbout_buf_xlnx_clk_gen
    MMCME2_ADV_X1Y2      MMCME2_ADV                                   f  i_xlnx_clk_gen/inst/mmcm_adv_inst/CLKFBIN
  -------------------------------------------------------------------    -------------------





Min Delay Paths
--------------------------------------------------------------------------------------
Slack:                    inf
  Source:                 i_xlnx_clk_gen/inst/mmcm_adv_inst/CLKFBOUT
                            (clock source 'clkfbout_xlnx_clk_gen'  {rise@0.000ns fall@4.000ns period=8.000ns})
  Destination:            i_xlnx_clk_gen/inst/mmcm_adv_inst/CLKFBIN
  Path Group:             (none)
  Path Type:              Min at Slow Process Corner
  Data Path Delay:        3.873ns  (logic 0.091ns (2.349%)  route 3.782ns (97.651%))
  Logic Levels:           1  (BUFG=1)
  Clock Uncertainty:      0.144ns  ((TSJ^2 + DJ^2)^1/2) / 2 + PE
    Total System Jitter     (TSJ):    0.050ns
    Discrete Jitter          (DJ):    0.080ns
    Phase Error              (PE):    0.097ns

    Location             Delay type                Incr(ns)  Path(ns)    Netlist Resource(s)
  -------------------------------------------------------------------    -------------------
                         (clock clkfbout_xlnx_clk_gen rise edge)
                                                      0.000     0.000 r  
    K17                                               0.000     0.000 r  clk_sys (IN)
                         net (fo=0)                   0.000     0.000    i_xlnx_clk_gen/inst/clk_in1
    K17                  IBUF (Prop_ibuf_I_O)         1.404     1.404 r  i_xlnx_clk_gen/inst/clkin1_ibufg/O
                         net (fo=1, routed)           1.162     2.566    i_xlnx_clk_gen/inst/clk_in1_xlnx_clk_gen
  -------------------------------------------------------------------    -------------------
    MMCME2_ADV_X1Y2      MMCME2_ADV (Prop_mmcme2_adv_CLKIN1_CLKFBOUT)
                                                     -7.814    -5.248 r  i_xlnx_clk_gen/inst/mmcm_adv_inst/CLKFBOUT
                         net (fo=1, routed)           2.012    -3.236    i_xlnx_clk_gen/inst/clkfbout_xlnx_clk_gen
    BUFGCTRL_X0Y17       BUFG (Prop_bufg_I_O)         0.091    -3.145 r  i_xlnx_clk_gen/inst/clkf_buf/O
                         net (fo=1, routed)           1.770    -1.375    i_xlnx_clk_gen/inst/clkfbout_buf_xlnx_clk_gen
    MMCME2_ADV_X1Y2      MMCME2_ADV                                   r  i_xlnx_clk_gen/inst/mmcm_adv_inst/CLKFBIN
  -------------------------------------------------------------------    -------------------





--------------------------------------------------------------------------------------
Path Group:  (none)
From Clock:  
  To Clock:  clk_out1_xlnx_clk_gen

Max Delay           811 Endpoints
Min Delay           811 Endpoints
--------------------------------------------------------------------------------------


Max Delay Paths
--------------------------------------------------------------------------------------
Slack:                    inf
  Source:                 cpu_reset
                            (input port)
  Destination:            i_dm_axi_master/cache_line_q_reg[0][12]/CLR
                            (recovery check against rising-edge clock clk_out1_xlnx_clk_gen  {rise@0.000ns fall@10.000ns period=20.000ns})
  Path Group:             (none)
  Path Type:              Recovery (Max at Slow Process Corner)
  Data Path Delay:        9.708ns  (logic 1.569ns (16.163%)  route 8.139ns (83.837%))
  Logic Levels:           1  (IBUF=1)
  Clock Path Skew:        -1.594ns (DCD - SCD + CPR)
    Destination Clock Delay (DCD):    -1.594ns
    Source Clock Delay      (SCD):    0.000ns
    Clock Pessimism Removal (CPR):    0.000ns
  Clock Uncertainty:      0.172ns  ((TSJ^2 + DJ^2)^1/2) / 2 + PE
    Total System Jitter     (TSJ):    0.050ns
    Discrete Jitter          (DJ):    0.142ns
    Phase Error              (PE):    0.097ns

    Location             Delay type                Incr(ns)  Path(ns)    Netlist Resource(s)
  -------------------------------------------------------------------    -------------------
    Y16                                               0.000     0.000 f  cpu_reset (IN)
                         net (fo=0)                   0.000     0.000    cpu_reset
    Y16                  IBUF (Prop_ibuf_I_O)         1.569     1.569 f  cpu_reset_IBUF_inst/O
                         net (fo=775, routed)         8.139     9.708    i_dm_axi_master/cpu_reset_IBUF
    SLICE_X87Y28         FDCE                                         f  i_dm_axi_master/cache_line_q_reg[0][12]/CLR
  -------------------------------------------------------------------    -------------------

                         (clock clk_out1_xlnx_clk_gen rise edge)
                                                      0.000     0.000 r  
    K17                                               0.000     0.000 r  clk_sys (IN)
                         net (fo=0)                   0.000     0.000    i_xlnx_clk_gen/inst/clk_in1
    K17                  IBUF (Prop_ibuf_I_O)         1.404     1.404 r  i_xlnx_clk_gen/inst/clkin1_ibufg/O
                         net (fo=1, routed)           1.162     2.566    i_xlnx_clk_gen/inst/clk_in1_xlnx_clk_gen
    MMCME2_ADV_X1Y2      MMCME2_ADV (Prop_mmcme2_adv_CLKIN1_CLKOUT0)
                                                     -7.814    -5.248 r  i_xlnx_clk_gen/inst/mmcm_adv_inst/CLKOUT0
                         net (fo=1, routed)           2.012    -3.236    i_xlnx_clk_gen/inst/clk_out1_xlnx_clk_gen
    BUFGCTRL_X0Y16       BUFG (Prop_bufg_I_O)         0.091    -3.145 r  i_xlnx_clk_gen/inst/clkout1_buf/O
                         net (fo=16161, routed)       1.551    -1.594    i_dm_axi_master/clk_out1
    SLICE_X87Y28         FDCE                                         r  i_dm_axi_master/cache_line_q_reg[0][12]/C

Slack:                    inf
  Source:                 cpu_reset
                            (input port)
  Destination:            i_dm_axi_master/cache_line_q_reg[0][24]/CLR
                            (recovery check against rising-edge clock clk_out1_xlnx_clk_gen  {rise@0.000ns fall@10.000ns period=20.000ns})
  Path Group:             (none)
  Path Type:              Recovery (Max at Slow Process Corner)
  Data Path Delay:        9.708ns  (logic 1.569ns (16.163%)  route 8.139ns (83.837%))
  Logic Levels:           1  (IBUF=1)
  Clock Path Skew:        -1.594ns (DCD - SCD + CPR)
    Destination Clock Delay (DCD):    -1.594ns
    Source Clock Delay      (SCD):    0.000ns
    Clock Pessimism Removal (CPR):    0.000ns
  Clock Uncertainty:      0.172ns  ((TSJ^2 + DJ^2)^1/2) / 2 + PE
    Total System Jitter     (TSJ):    0.050ns
    Discrete Jitter          (DJ):    0.142ns
    Phase Error              (PE):    0.097ns

    Location             Delay type                Incr(ns)  Path(ns)    Netlist Resource(s)
  -------------------------------------------------------------------    -------------------
    Y16                                               0.000     0.000 f  cpu_reset (IN)
                         net (fo=0)                   0.000     0.000    cpu_reset
    Y16                  IBUF (Prop_ibuf_I_O)         1.569     1.569 f  cpu_reset_IBUF_inst/O
                         net (fo=775, routed)         8.139     9.708    i_dm_axi_master/cpu_reset_IBUF
    SLICE_X87Y28         FDCE                                         f  i_dm_axi_master/cache_line_q_reg[0][24]/CLR
  -------------------------------------------------------------------    -------------------

                         (clock clk_out1_xlnx_clk_gen rise edge)
                                                      0.000     0.000 r  
    K17                                               0.000     0.000 r  clk_sys (IN)
                         net (fo=0)                   0.000     0.000    i_xlnx_clk_gen/inst/clk_in1
    K17                  IBUF (Prop_ibuf_I_O)         1.404     1.404 r  i_xlnx_clk_gen/inst/clkin1_ibufg/O
                         net (fo=1, routed)           1.162     2.566    i_xlnx_clk_gen/inst/clk_in1_xlnx_clk_gen
    MMCME2_ADV_X1Y2      MMCME2_ADV (Prop_mmcme2_adv_CLKIN1_CLKOUT0)
                                                     -7.814    -5.248 r  i_xlnx_clk_gen/inst/mmcm_adv_inst/CLKOUT0
                         net (fo=1, routed)           2.012    -3.236    i_xlnx_clk_gen/inst/clk_out1_xlnx_clk_gen
    BUFGCTRL_X0Y16       BUFG (Prop_bufg_I_O)         0.091    -3.145 r  i_xlnx_clk_gen/inst/clkout1_buf/O
                         net (fo=16161, routed)       1.551    -1.594    i_dm_axi_master/clk_out1
    SLICE_X87Y28         FDCE                                         r  i_dm_axi_master/cache_line_q_reg[0][24]/C

Slack:                    inf
  Source:                 cpu_reset
                            (input port)
  Destination:            i_dm_axi_master/cache_line_q_reg[0][25]/CLR
                            (recovery check against rising-edge clock clk_out1_xlnx_clk_gen  {rise@0.000ns fall@10.000ns period=20.000ns})
  Path Group:             (none)
  Path Type:              Recovery (Max at Slow Process Corner)
  Data Path Delay:        9.708ns  (logic 1.569ns (16.163%)  route 8.139ns (83.837%))
  Logic Levels:           1  (IBUF=1)
  Clock Path Skew:        -1.594ns (DCD - SCD + CPR)
    Destination Clock Delay (DCD):    -1.594ns
    Source Clock Delay      (SCD):    0.000ns
    Clock Pessimism Removal (CPR):    0.000ns
  Clock Uncertainty:      0.172ns  ((TSJ^2 + DJ^2)^1/2) / 2 + PE
    Total System Jitter     (TSJ):    0.050ns
    Discrete Jitter          (DJ):    0.142ns
    Phase Error              (PE):    0.097ns

    Location             Delay type                Incr(ns)  Path(ns)    Netlist Resource(s)
  -------------------------------------------------------------------    -------------------
    Y16                                               0.000     0.000 f  cpu_reset (IN)
                         net (fo=0)                   0.000     0.000    cpu_reset
    Y16                  IBUF (Prop_ibuf_I_O)         1.569     1.569 f  cpu_reset_IBUF_inst/O
                         net (fo=775, routed)         8.139     9.708    i_dm_axi_master/cpu_reset_IBUF
    SLICE_X87Y28         FDCE                                         f  i_dm_axi_master/cache_line_q_reg[0][25]/CLR
  -------------------------------------------------------------------    -------------------

                         (clock clk_out1_xlnx_clk_gen rise edge)
                                                      0.000     0.000 r  
    K17                                               0.000     0.000 r  clk_sys (IN)
                         net (fo=0)                   0.000     0.000    i_xlnx_clk_gen/inst/clk_in1
    K17                  IBUF (Prop_ibuf_I_O)         1.404     1.404 r  i_xlnx_clk_gen/inst/clkin1_ibufg/O
                         net (fo=1, routed)           1.162     2.566    i_xlnx_clk_gen/inst/clk_in1_xlnx_clk_gen
    MMCME2_ADV_X1Y2      MMCME2_ADV (Prop_mmcme2_adv_CLKIN1_CLKOUT0)
                                                     -7.814    -5.248 r  i_xlnx_clk_gen/inst/mmcm_adv_inst/CLKOUT0
                         net (fo=1, routed)           2.012    -3.236    i_xlnx_clk_gen/inst/clk_out1_xlnx_clk_gen
    BUFGCTRL_X0Y16       BUFG (Prop_bufg_I_O)         0.091    -3.145 r  i_xlnx_clk_gen/inst/clkout1_buf/O
                         net (fo=16161, routed)       1.551    -1.594    i_dm_axi_master/clk_out1
    SLICE_X87Y28         FDCE                                         r  i_dm_axi_master/cache_line_q_reg[0][25]/C

Slack:                    inf
  Source:                 cpu_reset
                            (input port)
  Destination:            i_dm_axi_master/cache_line_q_reg[0][6]/CLR
                            (recovery check against rising-edge clock clk_out1_xlnx_clk_gen  {rise@0.000ns fall@10.000ns period=20.000ns})
  Path Group:             (none)
  Path Type:              Recovery (Max at Slow Process Corner)
  Data Path Delay:        9.708ns  (logic 1.569ns (16.163%)  route 8.139ns (83.837%))
  Logic Levels:           1  (IBUF=1)
  Clock Path Skew:        -1.594ns (DCD - SCD + CPR)
    Destination Clock Delay (DCD):    -1.594ns
    Source Clock Delay      (SCD):    0.000ns
    Clock Pessimism Removal (CPR):    0.000ns
  Clock Uncertainty:      0.172ns  ((TSJ^2 + DJ^2)^1/2) / 2 + PE
    Total System Jitter     (TSJ):    0.050ns
    Discrete Jitter          (DJ):    0.142ns
    Phase Error              (PE):    0.097ns

    Location             Delay type                Incr(ns)  Path(ns)    Netlist Resource(s)
  -------------------------------------------------------------------    -------------------
    Y16                                               0.000     0.000 f  cpu_reset (IN)
                         net (fo=0)                   0.000     0.000    cpu_reset
    Y16                  IBUF (Prop_ibuf_I_O)         1.569     1.569 f  cpu_reset_IBUF_inst/O
                         net (fo=775, routed)         8.139     9.708    i_dm_axi_master/cpu_reset_IBUF
    SLICE_X87Y28         FDCE                                         f  i_dm_axi_master/cache_line_q_reg[0][6]/CLR
  -------------------------------------------------------------------    -------------------

                         (clock clk_out1_xlnx_clk_gen rise edge)
                                                      0.000     0.000 r  
    K17                                               0.000     0.000 r  clk_sys (IN)
                         net (fo=0)                   0.000     0.000    i_xlnx_clk_gen/inst/clk_in1
    K17                  IBUF (Prop_ibuf_I_O)         1.404     1.404 r  i_xlnx_clk_gen/inst/clkin1_ibufg/O
                         net (fo=1, routed)           1.162     2.566    i_xlnx_clk_gen/inst/clk_in1_xlnx_clk_gen
    MMCME2_ADV_X1Y2      MMCME2_ADV (Prop_mmcme2_adv_CLKIN1_CLKOUT0)
                                                     -7.814    -5.248 r  i_xlnx_clk_gen/inst/mmcm_adv_inst/CLKOUT0
                         net (fo=1, routed)           2.012    -3.236    i_xlnx_clk_gen/inst/clk_out1_xlnx_clk_gen
    BUFGCTRL_X0Y16       BUFG (Prop_bufg_I_O)         0.091    -3.145 r  i_xlnx_clk_gen/inst/clkout1_buf/O
                         net (fo=16161, routed)       1.551    -1.594    i_dm_axi_master/clk_out1
    SLICE_X87Y28         FDCE                                         r  i_dm_axi_master/cache_line_q_reg[0][6]/C

Slack:                    inf
  Source:                 cpu_reset
                            (input port)
  Destination:            i_dm_axi_master/FSM_sequential_state_q_reg[1]/CLR
                            (recovery check against rising-edge clock clk_out1_xlnx_clk_gen  {rise@0.000ns fall@10.000ns period=20.000ns})
  Path Group:             (none)
  Path Type:              Recovery (Max at Slow Process Corner)
  Data Path Delay:        9.573ns  (logic 1.569ns (16.392%)  route 8.004ns (83.608%))
  Logic Levels:           1  (IBUF=1)
  Clock Path Skew:        -1.590ns (DCD - SCD + CPR)
    Destination Clock Delay (DCD):    -1.590ns
    Source Clock Delay      (SCD):    0.000ns
    Clock Pessimism Removal (CPR):    0.000ns
  Clock Uncertainty:      0.172ns  ((TSJ^2 + DJ^2)^1/2) / 2 + PE
    Total System Jitter     (TSJ):    0.050ns
    Discrete Jitter          (DJ):    0.142ns
    Phase Error              (PE):    0.097ns

    Location             Delay type                Incr(ns)  Path(ns)    Netlist Resource(s)
  -------------------------------------------------------------------    -------------------
    Y16                                               0.000     0.000 f  cpu_reset (IN)
                         net (fo=0)                   0.000     0.000    cpu_reset
    Y16                  IBUF (Prop_ibuf_I_O)         1.569     1.569 f  cpu_reset_IBUF_inst/O
                         net (fo=775, routed)         8.004     9.573    i_dm_axi_master/cpu_reset_IBUF
    SLICE_X85Y33         FDCE                                         f  i_dm_axi_master/FSM_sequential_state_q_reg[1]/CLR
  -------------------------------------------------------------------    -------------------

                         (clock clk_out1_xlnx_clk_gen rise edge)
                                                      0.000     0.000 r  
    K17                                               0.000     0.000 r  clk_sys (IN)
                         net (fo=0)                   0.000     0.000    i_xlnx_clk_gen/inst/clk_in1
    K17                  IBUF (Prop_ibuf_I_O)         1.404     1.404 r  i_xlnx_clk_gen/inst/clkin1_ibufg/O
                         net (fo=1, routed)           1.162     2.566    i_xlnx_clk_gen/inst/clk_in1_xlnx_clk_gen
    MMCME2_ADV_X1Y2      MMCME2_ADV (Prop_mmcme2_adv_CLKIN1_CLKOUT0)
                                                     -7.814    -5.248 r  i_xlnx_clk_gen/inst/mmcm_adv_inst/CLKOUT0
                         net (fo=1, routed)           2.012    -3.236    i_xlnx_clk_gen/inst/clk_out1_xlnx_clk_gen
    BUFGCTRL_X0Y16       BUFG (Prop_bufg_I_O)         0.091    -3.145 r  i_xlnx_clk_gen/inst/clkout1_buf/O
                         net (fo=16161, routed)       1.555    -1.590    i_dm_axi_master/clk_out1
    SLICE_X85Y33         FDCE                                         r  i_dm_axi_master/FSM_sequential_state_q_reg[1]/C

Slack:                    inf
  Source:                 cpu_reset
                            (input port)
  Destination:            i_dm_axi_master/cache_line_q_reg[0][16]/CLR
                            (recovery check against rising-edge clock clk_out1_xlnx_clk_gen  {rise@0.000ns fall@10.000ns period=20.000ns})
  Path Group:             (none)
  Path Type:              Recovery (Max at Slow Process Corner)
  Data Path Delay:        9.567ns  (logic 1.569ns (16.401%)  route 7.998ns (83.599%))
  Logic Levels:           1  (IBUF=1)
  Clock Path Skew:        -1.593ns (DCD - SCD + CPR)
    Destination Clock Delay (DCD):    -1.593ns
    Source Clock Delay      (SCD):    0.000ns
    Clock Pessimism Removal (CPR):    0.000ns
  Clock Uncertainty:      0.172ns  ((TSJ^2 + DJ^2)^1/2) / 2 + PE
    Total System Jitter     (TSJ):    0.050ns
    Discrete Jitter          (DJ):    0.142ns
    Phase Error              (PE):    0.097ns

    Location             Delay type                Incr(ns)  Path(ns)    Netlist Resource(s)
  -------------------------------------------------------------------    -------------------
    Y16                                               0.000     0.000 f  cpu_reset (IN)
                         net (fo=0)                   0.000     0.000    cpu_reset
    Y16                  IBUF (Prop_ibuf_I_O)         1.569     1.569 f  cpu_reset_IBUF_inst/O
                         net (fo=775, routed)         7.998     9.567    i_dm_axi_master/cpu_reset_IBUF
    SLICE_X87Y30         FDCE                                         f  i_dm_axi_master/cache_line_q_reg[0][16]/CLR
  -------------------------------------------------------------------    -------------------

                         (clock clk_out1_xlnx_clk_gen rise edge)
                                                      0.000     0.000 r  
    K17                                               0.000     0.000 r  clk_sys (IN)
                         net (fo=0)                   0.000     0.000    i_xlnx_clk_gen/inst/clk_in1
    K17                  IBUF (Prop_ibuf_I_O)         1.404     1.404 r  i_xlnx_clk_gen/inst/clkin1_ibufg/O
                         net (fo=1, routed)           1.162     2.566    i_xlnx_clk_gen/inst/clk_in1_xlnx_clk_gen
    MMCME2_ADV_X1Y2      MMCME2_ADV (Prop_mmcme2_adv_CLKIN1_CLKOUT0)
                                                     -7.814    -5.248 r  i_xlnx_clk_gen/inst/mmcm_adv_inst/CLKOUT0
                         net (fo=1, routed)           2.012    -3.236    i_xlnx_clk_gen/inst/clk_out1_xlnx_clk_gen
    BUFGCTRL_X0Y16       BUFG (Prop_bufg_I_O)         0.091    -3.145 r  i_xlnx_clk_gen/inst/clkout1_buf/O
                         net (fo=16161, routed)       1.552    -1.593    i_dm_axi_master/clk_out1
    SLICE_X87Y30         FDCE                                         r  i_dm_axi_master/cache_line_q_reg[0][16]/C

Slack:                    inf
  Source:                 cpu_reset
                            (input port)
  Destination:            i_dm_top/i_dm_csrs/sbaddr_q_reg[30]/CLR
                            (recovery check against rising-edge clock clk_out1_xlnx_clk_gen  {rise@0.000ns fall@10.000ns period=20.000ns})
  Path Group:             (none)
  Path Type:              Recovery (Max at Slow Process Corner)
  Data Path Delay:        9.427ns  (logic 1.569ns (16.646%)  route 7.857ns (83.354%))
  Logic Levels:           1  (IBUF=1)
  Clock Path Skew:        -1.586ns (DCD - SCD + CPR)
    Destination Clock Delay (DCD):    -1.586ns
    Source Clock Delay      (SCD):    0.000ns
    Clock Pessimism Removal (CPR):    0.000ns
  Clock Uncertainty:      0.172ns  ((TSJ^2 + DJ^2)^1/2) / 2 + PE
    Total System Jitter     (TSJ):    0.050ns
    Discrete Jitter          (DJ):    0.142ns
    Phase Error              (PE):    0.097ns

    Location             Delay type                Incr(ns)  Path(ns)    Netlist Resource(s)
  -------------------------------------------------------------------    -------------------
    Y16                                               0.000     0.000 f  cpu_reset (IN)
                         net (fo=0)                   0.000     0.000    cpu_reset
    Y16                  IBUF (Prop_ibuf_I_O)         1.569     1.569 f  cpu_reset_IBUF_inst/O
                         net (fo=775, routed)         7.857     9.427    i_dm_top/i_dm_csrs/cpu_reset_IBUF
    SLICE_X88Y37         FDCE                                         f  i_dm_top/i_dm_csrs/sbaddr_q_reg[30]/CLR
  -------------------------------------------------------------------    -------------------

                         (clock clk_out1_xlnx_clk_gen rise edge)
                                                      0.000     0.000 r  
    K17                                               0.000     0.000 r  clk_sys (IN)
                         net (fo=0)                   0.000     0.000    i_xlnx_clk_gen/inst/clk_in1
    K17                  IBUF (Prop_ibuf_I_O)         1.404     1.404 r  i_xlnx_clk_gen/inst/clkin1_ibufg/O
                         net (fo=1, routed)           1.162     2.566    i_xlnx_clk_gen/inst/clk_in1_xlnx_clk_gen
    MMCME2_ADV_X1Y2      MMCME2_ADV (Prop_mmcme2_adv_CLKIN1_CLKOUT0)
                                                     -7.814    -5.248 r  i_xlnx_clk_gen/inst/mmcm_adv_inst/CLKOUT0
                         net (fo=1, routed)           2.012    -3.236    i_xlnx_clk_gen/inst/clk_out1_xlnx_clk_gen
    BUFGCTRL_X0Y16       BUFG (Prop_bufg_I_O)         0.091    -3.145 r  i_xlnx_clk_gen/inst/clkout1_buf/O
                         net (fo=16161, routed)       1.559    -1.586    i_dm_top/i_dm_csrs/clk_out1
    SLICE_X88Y37         FDCE                                         r  i_dm_top/i_dm_csrs/sbaddr_q_reg[30]/C

Slack:                    inf
  Source:                 cpu_reset
                            (input port)
  Destination:            i_dm_top/i_dm_csrs/progbuf_q_reg[5][0]/CLR
                            (recovery check against rising-edge clock clk_out1_xlnx_clk_gen  {rise@0.000ns fall@10.000ns period=20.000ns})
  Path Group:             (none)
  Path Type:              Recovery (Max at Slow Process Corner)
  Data Path Delay:        9.343ns  (logic 1.569ns (16.794%)  route 7.774ns (83.206%))
  Logic Levels:           1  (IBUF=1)
  Clock Path Skew:        -1.525ns (DCD - SCD + CPR)
    Destination Clock Delay (DCD):    -1.525ns
    Source Clock Delay      (SCD):    0.000ns
    Clock Pessimism Removal (CPR):    0.000ns
  Clock Uncertainty:      0.172ns  ((TSJ^2 + DJ^2)^1/2) / 2 + PE
    Total System Jitter     (TSJ):    0.050ns
    Discrete Jitter          (DJ):    0.142ns
    Phase Error              (PE):    0.097ns

    Location             Delay type                Incr(ns)  Path(ns)    Netlist Resource(s)
  -------------------------------------------------------------------    -------------------
    Y16                                               0.000     0.000 f  cpu_reset (IN)
                         net (fo=0)                   0.000     0.000    cpu_reset
    Y16                  IBUF (Prop_ibuf_I_O)         1.569     1.569 f  cpu_reset_IBUF_inst/O
                         net (fo=775, routed)         7.774     9.343    i_dm_top/i_dm_csrs/cpu_reset_IBUF
    SLICE_X93Y39         FDCE                                         f  i_dm_top/i_dm_csrs/progbuf_q_reg[5][0]/CLR
  -------------------------------------------------------------------    -------------------

                         (clock clk_out1_xlnx_clk_gen rise edge)
                                                      0.000     0.000 r  
    K17                                               0.000     0.000 r  clk_sys (IN)
                         net (fo=0)                   0.000     0.000    i_xlnx_clk_gen/inst/clk_in1
    K17                  IBUF (Prop_ibuf_I_O)         1.404     1.404 r  i_xlnx_clk_gen/inst/clkin1_ibufg/O
                         net (fo=1, routed)           1.162     2.566    i_xlnx_clk_gen/inst/clk_in1_xlnx_clk_gen
    MMCME2_ADV_X1Y2      MMCME2_ADV (Prop_mmcme2_adv_CLKIN1_CLKOUT0)
                                                     -7.814    -5.248 r  i_xlnx_clk_gen/inst/mmcm_adv_inst/CLKOUT0
                         net (fo=1, routed)           2.012    -3.236    i_xlnx_clk_gen/inst/clk_out1_xlnx_clk_gen
    BUFGCTRL_X0Y16       BUFG (Prop_bufg_I_O)         0.091    -3.145 r  i_xlnx_clk_gen/inst/clkout1_buf/O
                         net (fo=16161, routed)       1.620    -1.525    i_dm_top/i_dm_csrs/clk_out1
    SLICE_X93Y39         FDCE                                         r  i_dm_top/i_dm_csrs/progbuf_q_reg[5][0]/C

Slack:                    inf
  Source:                 cpu_reset
                            (input port)
  Destination:            i_dm_top/i_dm_csrs/progbuf_q_reg[5][28]/CLR
                            (recovery check against rising-edge clock clk_out1_xlnx_clk_gen  {rise@0.000ns fall@10.000ns period=20.000ns})
  Path Group:             (none)
  Path Type:              Recovery (Max at Slow Process Corner)
  Data Path Delay:        9.343ns  (logic 1.569ns (16.794%)  route 7.774ns (83.206%))
  Logic Levels:           1  (IBUF=1)
  Clock Path Skew:        -1.525ns (DCD - SCD + CPR)
    Destination Clock Delay (DCD):    -1.525ns
    Source Clock Delay      (SCD):    0.000ns
    Clock Pessimism Removal (CPR):    0.000ns
  Clock Uncertainty:      0.172ns  ((TSJ^2 + DJ^2)^1/2) / 2 + PE
    Total System Jitter     (TSJ):    0.050ns
    Discrete Jitter          (DJ):    0.142ns
    Phase Error              (PE):    0.097ns

    Location             Delay type                Incr(ns)  Path(ns)    Netlist Resource(s)
  -------------------------------------------------------------------    -------------------
    Y16                                               0.000     0.000 f  cpu_reset (IN)
                         net (fo=0)                   0.000     0.000    cpu_reset
    Y16                  IBUF (Prop_ibuf_I_O)         1.569     1.569 f  cpu_reset_IBUF_inst/O
                         net (fo=775, routed)         7.774     9.343    i_dm_top/i_dm_csrs/cpu_reset_IBUF
    SLICE_X93Y39         FDCE                                         f  i_dm_top/i_dm_csrs/progbuf_q_reg[5][28]/CLR
  -------------------------------------------------------------------    -------------------

                         (clock clk_out1_xlnx_clk_gen rise edge)
                                                      0.000     0.000 r  
    K17                                               0.000     0.000 r  clk_sys (IN)
                         net (fo=0)                   0.000     0.000    i_xlnx_clk_gen/inst/clk_in1
    K17                  IBUF (Prop_ibuf_I_O)         1.404     1.404 r  i_xlnx_clk_gen/inst/clkin1_ibufg/O
                         net (fo=1, routed)           1.162     2.566    i_xlnx_clk_gen/inst/clk_in1_xlnx_clk_gen
    MMCME2_ADV_X1Y2      MMCME2_ADV (Prop_mmcme2_adv_CLKIN1_CLKOUT0)
                                                     -7.814    -5.248 r  i_xlnx_clk_gen/inst/mmcm_adv_inst/CLKOUT0
                         net (fo=1, routed)           2.012    -3.236    i_xlnx_clk_gen/inst/clk_out1_xlnx_clk_gen
    BUFGCTRL_X0Y16       BUFG (Prop_bufg_I_O)         0.091    -3.145 r  i_xlnx_clk_gen/inst/clkout1_buf/O
                         net (fo=16161, routed)       1.620    -1.525    i_dm_top/i_dm_csrs/clk_out1
    SLICE_X93Y39         FDCE                                         r  i_dm_top/i_dm_csrs/progbuf_q_reg[5][28]/C

Slack:                    inf
  Source:                 cpu_reset
                            (input port)
  Destination:            i_dm_top/i_dm_csrs/progbuf_q_reg[5][30]/CLR
                            (recovery check against rising-edge clock clk_out1_xlnx_clk_gen  {rise@0.000ns fall@10.000ns period=20.000ns})
  Path Group:             (none)
  Path Type:              Recovery (Max at Slow Process Corner)
  Data Path Delay:        9.343ns  (logic 1.569ns (16.794%)  route 7.774ns (83.206%))
  Logic Levels:           1  (IBUF=1)
  Clock Path Skew:        -1.525ns (DCD - SCD + CPR)
    Destination Clock Delay (DCD):    -1.525ns
    Source Clock Delay      (SCD):    0.000ns
    Clock Pessimism Removal (CPR):    0.000ns
  Clock Uncertainty:      0.172ns  ((TSJ^2 + DJ^2)^1/2) / 2 + PE
    Total System Jitter     (TSJ):    0.050ns
    Discrete Jitter          (DJ):    0.142ns
    Phase Error              (PE):    0.097ns

    Location             Delay type                Incr(ns)  Path(ns)    Netlist Resource(s)
  -------------------------------------------------------------------    -------------------
    Y16                                               0.000     0.000 f  cpu_reset (IN)
                         net (fo=0)                   0.000     0.000    cpu_reset
    Y16                  IBUF (Prop_ibuf_I_O)         1.569     1.569 f  cpu_reset_IBUF_inst/O
                         net (fo=775, routed)         7.774     9.343    i_dm_top/i_dm_csrs/cpu_reset_IBUF
    SLICE_X93Y39         FDCE                                         f  i_dm_top/i_dm_csrs/progbuf_q_reg[5][30]/CLR
  -------------------------------------------------------------------    -------------------

                         (clock clk_out1_xlnx_clk_gen rise edge)
                                                      0.000     0.000 r  
    K17                                               0.000     0.000 r  clk_sys (IN)
                         net (fo=0)                   0.000     0.000    i_xlnx_clk_gen/inst/clk_in1
    K17                  IBUF (Prop_ibuf_I_O)         1.404     1.404 r  i_xlnx_clk_gen/inst/clkin1_ibufg/O
                         net (fo=1, routed)           1.162     2.566    i_xlnx_clk_gen/inst/clk_in1_xlnx_clk_gen
    MMCME2_ADV_X1Y2      MMCME2_ADV (Prop_mmcme2_adv_CLKIN1_CLKOUT0)
                                                     -7.814    -5.248 r  i_xlnx_clk_gen/inst/mmcm_adv_inst/CLKOUT0
                         net (fo=1, routed)           2.012    -3.236    i_xlnx_clk_gen/inst/clk_out1_xlnx_clk_gen
    BUFGCTRL_X0Y16       BUFG (Prop_bufg_I_O)         0.091    -3.145 r  i_xlnx_clk_gen/inst/clkout1_buf/O
                         net (fo=16161, routed)       1.620    -1.525    i_dm_top/i_dm_csrs/clk_out1
    SLICE_X93Y39         FDCE                                         r  i_dm_top/i_dm_csrs/progbuf_q_reg[5][30]/C





Min Delay Paths
--------------------------------------------------------------------------------------
Slack:                    inf
  Source:                 i_ariane/i_cva6/ex_stage_i/lsu_i/i_load_unit/result_o_reg[4]/G
                            (positive level-sensitive latch)
  Destination:            i_ariane/i_cva6/ex_stage_i/lsu_i/i_pipe_reg_load/gen_register.d_o_reg[69]/D
                            (rising edge-triggered cell FDCE clocked by clk_out1_xlnx_clk_gen  {rise@0.000ns fall@10.000ns period=20.000ns})
  Path Group:             (none)
  Path Type:              Hold (Min at Fast Process Corner)
  Data Path Delay:        0.365ns  (logic 0.163ns (44.663%)  route 0.202ns (55.337%))
  Logic Levels:           1  (LDCE=1)
  Clock Uncertainty:      0.172ns  ((TSJ^2 + DJ^2)^1/2) / 2 + PE
    Total System Jitter     (TSJ):    0.050ns
    Discrete Jitter          (DJ):    0.142ns
    Phase Error              (PE):    0.097ns

    Location             Delay type                Incr(ns)  Path(ns)    Netlist Resource(s)
  -------------------------------------------------------------------    -------------------
    SLICE_X51Y74         LDCE                         0.000     0.000 r  i_ariane/i_cva6/ex_stage_i/lsu_i/i_load_unit/result_o_reg[4]/G
    SLICE_X51Y74         LDCE (EnToQ_ldce_G_Q)        0.163     0.163 r  i_ariane/i_cva6/ex_stage_i/lsu_i/i_load_unit/result_o_reg[4]/Q
                         net (fo=1, routed)           0.202     0.365    i_ariane/i_cva6/ex_stage_i/lsu_i/i_pipe_reg_load/D[37]
    SLICE_X50Y77         FDCE                                         r  i_ariane/i_cva6/ex_stage_i/lsu_i/i_pipe_reg_load/gen_register.d_o_reg[69]/D
  -------------------------------------------------------------------    -------------------

                         (clock clk_out1_xlnx_clk_gen rise edge)
                                                      0.000     0.000 r  
    K17                                               0.000     0.000 r  clk_sys (IN)
                         net (fo=0)                   0.000     0.000    i_xlnx_clk_gen/inst/clk_in1
    K17                  IBUF (Prop_ibuf_I_O)         0.431     0.431 r  i_xlnx_clk_gen/inst/clkin1_ibufg/O
                         net (fo=1, routed)           0.480     0.911    i_xlnx_clk_gen/inst/clk_in1_xlnx_clk_gen
    MMCME2_ADV_X1Y2      MMCME2_ADV (Prop_mmcme2_adv_CLKIN1_CLKOUT0)
                                                     -3.407    -2.496 r  i_xlnx_clk_gen/inst/mmcm_adv_inst/CLKOUT0
                         net (fo=1, routed)           0.752    -1.744    i_xlnx_clk_gen/inst/clk_out1_xlnx_clk_gen
    BUFGCTRL_X0Y16       BUFG (Prop_bufg_I_O)         0.029    -1.715 r  i_xlnx_clk_gen/inst/clkout1_buf/O
                         net (fo=16161, routed)       0.807    -0.908    i_ariane/i_cva6/ex_stage_i/lsu_i/i_pipe_reg_load/clk_out1
    SLICE_X50Y77         FDCE                                         r  i_ariane/i_cva6/ex_stage_i/lsu_i/i_pipe_reg_load/gen_register.d_o_reg[69]/C

Slack:                    inf
  Source:                 i_ariane/i_cva6/ex_stage_i/lsu_i/i_load_unit/result_o_reg[13]/G
                            (positive level-sensitive latch)
  Destination:            i_ariane/i_cva6/ex_stage_i/lsu_i/i_pipe_reg_load/gen_register.d_o_reg[78]/D
                            (rising edge-triggered cell FDCE clocked by clk_out1_xlnx_clk_gen  {rise@0.000ns fall@10.000ns period=20.000ns})
  Path Group:             (none)
  Path Type:              Hold (Min at Fast Process Corner)
  Data Path Delay:        0.418ns  (logic 0.163ns (39.010%)  route 0.255ns (60.990%))
  Logic Levels:           1  (LDCE=1)
  Clock Uncertainty:      0.172ns  ((TSJ^2 + DJ^2)^1/2) / 2 + PE
    Total System Jitter     (TSJ):    0.050ns
    Discrete Jitter          (DJ):    0.142ns
    Phase Error              (PE):    0.097ns

    Location             Delay type                Incr(ns)  Path(ns)    Netlist Resource(s)
  -------------------------------------------------------------------    -------------------
    SLICE_X57Y77         LDCE                         0.000     0.000 r  i_ariane/i_cva6/ex_stage_i/lsu_i/i_load_unit/result_o_reg[13]/G
    SLICE_X57Y77         LDCE (EnToQ_ldce_G_Q)        0.163     0.163 r  i_ariane/i_cva6/ex_stage_i/lsu_i/i_load_unit/result_o_reg[13]/Q
                         net (fo=1, routed)           0.255     0.418    i_ariane/i_cva6/ex_stage_i/lsu_i/i_pipe_reg_load/D[46]
    SLICE_X57Y86         FDCE                                         r  i_ariane/i_cva6/ex_stage_i/lsu_i/i_pipe_reg_load/gen_register.d_o_reg[78]/D
  -------------------------------------------------------------------    -------------------

                         (clock clk_out1_xlnx_clk_gen rise edge)
                                                      0.000     0.000 r  
    K17                                               0.000     0.000 r  clk_sys (IN)
                         net (fo=0)                   0.000     0.000    i_xlnx_clk_gen/inst/clk_in1
    K17                  IBUF (Prop_ibuf_I_O)         0.431     0.431 r  i_xlnx_clk_gen/inst/clkin1_ibufg/O
                         net (fo=1, routed)           0.480     0.911    i_xlnx_clk_gen/inst/clk_in1_xlnx_clk_gen
    MMCME2_ADV_X1Y2      MMCME2_ADV (Prop_mmcme2_adv_CLKIN1_CLKOUT0)
                                                     -3.407    -2.496 r  i_xlnx_clk_gen/inst/mmcm_adv_inst/CLKOUT0
                         net (fo=1, routed)           0.752    -1.744    i_xlnx_clk_gen/inst/clk_out1_xlnx_clk_gen
    BUFGCTRL_X0Y16       BUFG (Prop_bufg_I_O)         0.029    -1.715 r  i_xlnx_clk_gen/inst/clkout1_buf/O
                         net (fo=16161, routed)       0.842    -0.873    i_ariane/i_cva6/ex_stage_i/lsu_i/i_pipe_reg_load/clk_out1
    SLICE_X57Y86         FDCE                                         r  i_ariane/i_cva6/ex_stage_i/lsu_i/i_pipe_reg_load/gen_register.d_o_reg[78]/C

Slack:                    inf
  Source:                 i_ariane/i_cva6/ex_stage_i/lsu_i/i_load_unit/result_o_reg[2]/G
                            (positive level-sensitive latch)
  Destination:            i_ariane/i_cva6/ex_stage_i/lsu_i/i_pipe_reg_load/gen_register.d_o_reg[67]/D
                            (rising edge-triggered cell FDCE clocked by clk_out1_xlnx_clk_gen  {rise@0.000ns fall@10.000ns period=20.000ns})
  Path Group:             (none)
  Path Type:              Hold (Min at Fast Process Corner)
  Data Path Delay:        0.435ns  (logic 0.181ns (41.577%)  route 0.254ns (58.423%))
  Logic Levels:           1  (LDCE=1)
  Clock Uncertainty:      0.172ns  ((TSJ^2 + DJ^2)^1/2) / 2 + PE
    Total System Jitter     (TSJ):    0.050ns
    Discrete Jitter          (DJ):    0.142ns
    Phase Error              (PE):    0.097ns

    Location             Delay type                Incr(ns)  Path(ns)    Netlist Resource(s)
  -------------------------------------------------------------------    -------------------
    SLICE_X46Y74         LDCE                         0.000     0.000 r  i_ariane/i_cva6/ex_stage_i/lsu_i/i_load_unit/result_o_reg[2]/G
    SLICE_X46Y74         LDCE (EnToQ_ldce_G_Q)        0.181     0.181 r  i_ariane/i_cva6/ex_stage_i/lsu_i/i_load_unit/result_o_reg[2]/Q
                         net (fo=1, routed)           0.254     0.435    i_ariane/i_cva6/ex_stage_i/lsu_i/i_pipe_reg_load/D[35]
    SLICE_X51Y75         FDCE                                         r  i_ariane/i_cva6/ex_stage_i/lsu_i/i_pipe_reg_load/gen_register.d_o_reg[67]/D
  -------------------------------------------------------------------    -------------------

                         (clock clk_out1_xlnx_clk_gen rise edge)
                                                      0.000     0.000 r  
    K17                                               0.000     0.000 r  clk_sys (IN)
                         net (fo=0)                   0.000     0.000    i_xlnx_clk_gen/inst/clk_in1
    K17                  IBUF (Prop_ibuf_I_O)         0.431     0.431 r  i_xlnx_clk_gen/inst/clkin1_ibufg/O
                         net (fo=1, routed)           0.480     0.911    i_xlnx_clk_gen/inst/clk_in1_xlnx_clk_gen
    MMCME2_ADV_X1Y2      MMCME2_ADV (Prop_mmcme2_adv_CLKIN1_CLKOUT0)
                                                     -3.407    -2.496 r  i_xlnx_clk_gen/inst/mmcm_adv_inst/CLKOUT0
                         net (fo=1, routed)           0.752    -1.744    i_xlnx_clk_gen/inst/clk_out1_xlnx_clk_gen
    BUFGCTRL_X0Y16       BUFG (Prop_bufg_I_O)         0.029    -1.715 r  i_xlnx_clk_gen/inst/clkout1_buf/O
                         net (fo=16161, routed)       0.804    -0.911    i_ariane/i_cva6/ex_stage_i/lsu_i/i_pipe_reg_load/clk_out1
    SLICE_X51Y75         FDCE                                         r  i_ariane/i_cva6/ex_stage_i/lsu_i/i_pipe_reg_load/gen_register.d_o_reg[67]/C

Slack:                    inf
  Source:                 i_ariane/i_cva6/ex_stage_i/lsu_i/i_load_unit/result_o_reg[7]/G
                            (positive level-sensitive latch)
  Destination:            i_ariane/i_cva6/ex_stage_i/lsu_i/i_pipe_reg_load/gen_register.d_o_reg[72]/D
                            (rising edge-triggered cell FDCE clocked by clk_out1_xlnx_clk_gen  {rise@0.000ns fall@10.000ns period=20.000ns})
  Path Group:             (none)
  Path Type:              Hold (Min at Fast Process Corner)
  Data Path Delay:        0.445ns  (logic 0.163ns (36.664%)  route 0.282ns (63.336%))
  Logic Levels:           1  (LDCE=1)
  Clock Uncertainty:      0.172ns  ((TSJ^2 + DJ^2)^1/2) / 2 + PE
    Total System Jitter     (TSJ):    0.050ns
    Discrete Jitter          (DJ):    0.142ns
    Phase Error              (PE):    0.097ns

    Location             Delay type                Incr(ns)  Path(ns)    Netlist Resource(s)
  -------------------------------------------------------------------    -------------------
    SLICE_X51Y74         LDCE                         0.000     0.000 r  i_ariane/i_cva6/ex_stage_i/lsu_i/i_load_unit/result_o_reg[7]/G
    SLICE_X51Y74         LDCE (EnToQ_ldce_G_Q)        0.163     0.163 r  i_ariane/i_cva6/ex_stage_i/lsu_i/i_load_unit/result_o_reg[7]/Q
                         net (fo=1, routed)           0.282     0.445    i_ariane/i_cva6/ex_stage_i/lsu_i/i_pipe_reg_load/D[40]
    SLICE_X50Y81         FDCE                                         r  i_ariane/i_cva6/ex_stage_i/lsu_i/i_pipe_reg_load/gen_register.d_o_reg[72]/D
  -------------------------------------------------------------------    -------------------

                         (clock clk_out1_xlnx_clk_gen rise edge)
                                                      0.000     0.000 r  
    K17                                               0.000     0.000 r  clk_sys (IN)
                         net (fo=0)                   0.000     0.000    i_xlnx_clk_gen/inst/clk_in1
    K17                  IBUF (Prop_ibuf_I_O)         0.431     0.431 r  i_xlnx_clk_gen/inst/clkin1_ibufg/O
                         net (fo=1, routed)           0.480     0.911    i_xlnx_clk_gen/inst/clk_in1_xlnx_clk_gen
    MMCME2_ADV_X1Y2      MMCME2_ADV (Prop_mmcme2_adv_CLKIN1_CLKOUT0)
                                                     -3.407    -2.496 r  i_xlnx_clk_gen/inst/mmcm_adv_inst/CLKOUT0
                         net (fo=1, routed)           0.752    -1.744    i_xlnx_clk_gen/inst/clk_out1_xlnx_clk_gen
    BUFGCTRL_X0Y16       BUFG (Prop_bufg_I_O)         0.029    -1.715 r  i_xlnx_clk_gen/inst/clkout1_buf/O
                         net (fo=16161, routed)       0.811    -0.904    i_ariane/i_cva6/ex_stage_i/lsu_i/i_pipe_reg_load/clk_out1
    SLICE_X50Y81         FDCE                                         r  i_ariane/i_cva6/ex_stage_i/lsu_i/i_pipe_reg_load/gen_register.d_o_reg[72]/C

Slack:                    inf
  Source:                 i_ariane/i_cva6/ex_stage_i/lsu_i/i_load_unit/result_o_reg[6]/G
                            (positive level-sensitive latch)
  Destination:            i_ariane/i_cva6/ex_stage_i/lsu_i/i_pipe_reg_load/gen_register.d_o_reg[71]/D
                            (rising edge-triggered cell FDCE clocked by clk_out1_xlnx_clk_gen  {rise@0.000ns fall@10.000ns period=20.000ns})
  Path Group:             (none)
  Path Type:              Hold (Min at Fast Process Corner)
  Data Path Delay:        0.495ns  (logic 0.181ns (36.571%)  route 0.314ns (63.429%))
  Logic Levels:           1  (LDCE=1)
  Clock Uncertainty:      0.172ns  ((TSJ^2 + DJ^2)^1/2) / 2 + PE
    Total System Jitter     (TSJ):    0.050ns
    Discrete Jitter          (DJ):    0.142ns
    Phase Error              (PE):    0.097ns

    Location             Delay type                Incr(ns)  Path(ns)    Netlist Resource(s)
  -------------------------------------------------------------------    -------------------
    SLICE_X58Y73         LDCE                         0.000     0.000 r  i_ariane/i_cva6/ex_stage_i/lsu_i/i_load_unit/result_o_reg[6]/G
    SLICE_X58Y73         LDCE (EnToQ_ldce_G_Q)        0.181     0.181 r  i_ariane/i_cva6/ex_stage_i/lsu_i/i_load_unit/result_o_reg[6]/Q
                         net (fo=1, routed)           0.314     0.495    i_ariane/i_cva6/ex_stage_i/lsu_i/i_pipe_reg_load/D[39]
    SLICE_X58Y79         FDCE                                         r  i_ariane/i_cva6/ex_stage_i/lsu_i/i_pipe_reg_load/gen_register.d_o_reg[71]/D
  -------------------------------------------------------------------    -------------------

                         (clock clk_out1_xlnx_clk_gen rise edge)
                                                      0.000     0.000 r  
    K17                                               0.000     0.000 r  clk_sys (IN)
                         net (fo=0)                   0.000     0.000    i_xlnx_clk_gen/inst/clk_in1
    K17                  IBUF (Prop_ibuf_I_O)         0.431     0.431 r  i_xlnx_clk_gen/inst/clkin1_ibufg/O
                         net (fo=1, routed)           0.480     0.911    i_xlnx_clk_gen/inst/clk_in1_xlnx_clk_gen
    MMCME2_ADV_X1Y2      MMCME2_ADV (Prop_mmcme2_adv_CLKIN1_CLKOUT0)
                                                     -3.407    -2.496 r  i_xlnx_clk_gen/inst/mmcm_adv_inst/CLKOUT0
                         net (fo=1, routed)           0.752    -1.744    i_xlnx_clk_gen/inst/clk_out1_xlnx_clk_gen
    BUFGCTRL_X0Y16       BUFG (Prop_bufg_I_O)         0.029    -1.715 r  i_xlnx_clk_gen/inst/clkout1_buf/O
                         net (fo=16161, routed)       0.836    -0.879    i_ariane/i_cva6/ex_stage_i/lsu_i/i_pipe_reg_load/clk_out1
    SLICE_X58Y79         FDCE                                         r  i_ariane/i_cva6/ex_stage_i/lsu_i/i_pipe_reg_load/gen_register.d_o_reg[71]/C

Slack:                    inf
  Source:                 i_ariane/i_cva6/ex_stage_i/lsu_i/i_load_unit/result_o_reg[3]/G
                            (positive level-sensitive latch)
  Destination:            i_ariane/i_cva6/ex_stage_i/lsu_i/i_pipe_reg_load/gen_register.d_o_reg[68]/D
                            (rising edge-triggered cell FDCE clocked by clk_out1_xlnx_clk_gen  {rise@0.000ns fall@10.000ns period=20.000ns})
  Path Group:             (none)
  Path Type:              Hold (Min at Fast Process Corner)
  Data Path Delay:        0.499ns  (logic 0.163ns (32.671%)  route 0.336ns (67.329%))
  Logic Levels:           1  (LDCE=1)
  Clock Uncertainty:      0.172ns  ((TSJ^2 + DJ^2)^1/2) / 2 + PE
    Total System Jitter     (TSJ):    0.050ns
    Discrete Jitter          (DJ):    0.142ns
    Phase Error              (PE):    0.097ns

    Location             Delay type                Incr(ns)  Path(ns)    Netlist Resource(s)
  -------------------------------------------------------------------    -------------------
    SLICE_X51Y73         LDCE                         0.000     0.000 r  i_ariane/i_cva6/ex_stage_i/lsu_i/i_load_unit/result_o_reg[3]/G
    SLICE_X51Y73         LDCE (EnToQ_ldce_G_Q)        0.163     0.163 r  i_ariane/i_cva6/ex_stage_i/lsu_i/i_load_unit/result_o_reg[3]/Q
                         net (fo=1, routed)           0.336     0.499    i_ariane/i_cva6/ex_stage_i/lsu_i/i_pipe_reg_load/D[36]
    SLICE_X51Y75         FDCE                                         r  i_ariane/i_cva6/ex_stage_i/lsu_i/i_pipe_reg_load/gen_register.d_o_reg[68]/D
  -------------------------------------------------------------------    -------------------

                         (clock clk_out1_xlnx_clk_gen rise edge)
                                                      0.000     0.000 r  
    K17                                               0.000     0.000 r  clk_sys (IN)
                         net (fo=0)                   0.000     0.000    i_xlnx_clk_gen/inst/clk_in1
    K17                  IBUF (Prop_ibuf_I_O)         0.431     0.431 r  i_xlnx_clk_gen/inst/clkin1_ibufg/O
                         net (fo=1, routed)           0.480     0.911    i_xlnx_clk_gen/inst/clk_in1_xlnx_clk_gen
    MMCME2_ADV_X1Y2      MMCME2_ADV (Prop_mmcme2_adv_CLKIN1_CLKOUT0)
                                                     -3.407    -2.496 r  i_xlnx_clk_gen/inst/mmcm_adv_inst/CLKOUT0
                         net (fo=1, routed)           0.752    -1.744    i_xlnx_clk_gen/inst/clk_out1_xlnx_clk_gen
    BUFGCTRL_X0Y16       BUFG (Prop_bufg_I_O)         0.029    -1.715 r  i_xlnx_clk_gen/inst/clkout1_buf/O
                         net (fo=16161, routed)       0.804    -0.911    i_ariane/i_cva6/ex_stage_i/lsu_i/i_pipe_reg_load/clk_out1
    SLICE_X51Y75         FDCE                                         r  i_ariane/i_cva6/ex_stage_i/lsu_i/i_pipe_reg_load/gen_register.d_o_reg[68]/C

Slack:                    inf
  Source:                 i_ariane/i_cva6/ex_stage_i/lsu_i/i_load_unit/result_o_reg[29]/G
                            (positive level-sensitive latch)
  Destination:            i_ariane/i_cva6/ex_stage_i/lsu_i/i_pipe_reg_load/gen_register.d_o_reg[94]/D
                            (rising edge-triggered cell FDCE clocked by clk_out1_xlnx_clk_gen  {rise@0.000ns fall@10.000ns period=20.000ns})
  Path Group:             (none)
  Path Type:              Hold (Min at Fast Process Corner)
  Data Path Delay:        0.503ns  (logic 0.163ns (32.411%)  route 0.340ns (67.589%))
  Logic Levels:           1  (LDCE=1)
  Clock Uncertainty:      0.172ns  ((TSJ^2 + DJ^2)^1/2) / 2 + PE
    Total System Jitter     (TSJ):    0.050ns
    Discrete Jitter          (DJ):    0.142ns
    Phase Error              (PE):    0.097ns

    Location             Delay type                Incr(ns)  Path(ns)    Netlist Resource(s)
  -------------------------------------------------------------------    -------------------
    SLICE_X59Y78         LDCE                         0.000     0.000 r  i_ariane/i_cva6/ex_stage_i/lsu_i/i_load_unit/result_o_reg[29]/G
    SLICE_X59Y78         LDCE (EnToQ_ldce_G_Q)        0.163     0.163 r  i_ariane/i_cva6/ex_stage_i/lsu_i/i_load_unit/result_o_reg[29]/Q
                         net (fo=1, routed)           0.340     0.503    i_ariane/i_cva6/ex_stage_i/lsu_i/i_pipe_reg_load/D[62]
    SLICE_X59Y91         FDCE                                         r  i_ariane/i_cva6/ex_stage_i/lsu_i/i_pipe_reg_load/gen_register.d_o_reg[94]/D
  -------------------------------------------------------------------    -------------------

                         (clock clk_out1_xlnx_clk_gen rise edge)
                                                      0.000     0.000 r  
    K17                                               0.000     0.000 r  clk_sys (IN)
                         net (fo=0)                   0.000     0.000    i_xlnx_clk_gen/inst/clk_in1
    K17                  IBUF (Prop_ibuf_I_O)         0.431     0.431 r  i_xlnx_clk_gen/inst/clkin1_ibufg/O
                         net (fo=1, routed)           0.480     0.911    i_xlnx_clk_gen/inst/clk_in1_xlnx_clk_gen
    MMCME2_ADV_X1Y2      MMCME2_ADV (Prop_mmcme2_adv_CLKIN1_CLKOUT0)
                                                     -3.407    -2.496 r  i_xlnx_clk_gen/inst/mmcm_adv_inst/CLKOUT0
                         net (fo=1, routed)           0.752    -1.744    i_xlnx_clk_gen/inst/clk_out1_xlnx_clk_gen
    BUFGCTRL_X0Y16       BUFG (Prop_bufg_I_O)         0.029    -1.715 r  i_xlnx_clk_gen/inst/clkout1_buf/O
                         net (fo=16161, routed)       0.846    -0.869    i_ariane/i_cva6/ex_stage_i/lsu_i/i_pipe_reg_load/clk_out1
    SLICE_X59Y91         FDCE                                         r  i_ariane/i_cva6/ex_stage_i/lsu_i/i_pipe_reg_load/gen_register.d_o_reg[94]/C

Slack:                    inf
  Source:                 i_ariane/i_cva6/ex_stage_i/lsu_i/i_load_unit/result_o_reg[16]/G
                            (positive level-sensitive latch)
  Destination:            i_ariane/i_cva6/ex_stage_i/lsu_i/i_pipe_reg_load/gen_register.d_o_reg[81]/D
                            (rising edge-triggered cell FDCE clocked by clk_out1_xlnx_clk_gen  {rise@0.000ns fall@10.000ns period=20.000ns})
  Path Group:             (none)
  Path Type:              Hold (Min at Fast Process Corner)
  Data Path Delay:        0.531ns  (logic 0.163ns (30.670%)  route 0.368ns (69.330%))
  Logic Levels:           1  (LDCE=1)
  Clock Uncertainty:      0.172ns  ((TSJ^2 + DJ^2)^1/2) / 2 + PE
    Total System Jitter     (TSJ):    0.050ns
    Discrete Jitter          (DJ):    0.142ns
    Phase Error              (PE):    0.097ns

    Location             Delay type                Incr(ns)  Path(ns)    Netlist Resource(s)
  -------------------------------------------------------------------    -------------------
    SLICE_X59Y78         LDCE                         0.000     0.000 r  i_ariane/i_cva6/ex_stage_i/lsu_i/i_load_unit/result_o_reg[16]/G
    SLICE_X59Y78         LDCE (EnToQ_ldce_G_Q)        0.163     0.163 r  i_ariane/i_cva6/ex_stage_i/lsu_i/i_load_unit/result_o_reg[16]/Q
                         net (fo=1, routed)           0.368     0.531    i_ariane/i_cva6/ex_stage_i/lsu_i/i_pipe_reg_load/D[49]
    SLICE_X59Y90         FDCE                                         r  i_ariane/i_cva6/ex_stage_i/lsu_i/i_pipe_reg_load/gen_register.d_o_reg[81]/D
  -------------------------------------------------------------------    -------------------

                         (clock clk_out1_xlnx_clk_gen rise edge)
                                                      0.000     0.000 r  
    K17                                               0.000     0.000 r  clk_sys (IN)
                         net (fo=0)                   0.000     0.000    i_xlnx_clk_gen/inst/clk_in1
    K17                  IBUF (Prop_ibuf_I_O)         0.431     0.431 r  i_xlnx_clk_gen/inst/clkin1_ibufg/O
                         net (fo=1, routed)           0.480     0.911    i_xlnx_clk_gen/inst/clk_in1_xlnx_clk_gen
    MMCME2_ADV_X1Y2      MMCME2_ADV (Prop_mmcme2_adv_CLKIN1_CLKOUT0)
                                                     -3.407    -2.496 r  i_xlnx_clk_gen/inst/mmcm_adv_inst/CLKOUT0
                         net (fo=1, routed)           0.752    -1.744    i_xlnx_clk_gen/inst/clk_out1_xlnx_clk_gen
    BUFGCTRL_X0Y16       BUFG (Prop_bufg_I_O)         0.029    -1.715 r  i_xlnx_clk_gen/inst/clkout1_buf/O
                         net (fo=16161, routed)       0.846    -0.869    i_ariane/i_cva6/ex_stage_i/lsu_i/i_pipe_reg_load/clk_out1
    SLICE_X59Y90         FDCE                                         r  i_ariane/i_cva6/ex_stage_i/lsu_i/i_pipe_reg_load/gen_register.d_o_reg[81]/C

Slack:                    inf
  Source:                 i_ariane/i_cva6/ex_stage_i/lsu_i/i_load_unit/result_o_reg[11]/G
                            (positive level-sensitive latch)
  Destination:            i_ariane/i_cva6/ex_stage_i/lsu_i/i_pipe_reg_load/gen_register.d_o_reg[76]/D
                            (rising edge-triggered cell FDCE clocked by clk_out1_xlnx_clk_gen  {rise@0.000ns fall@10.000ns period=20.000ns})
  Path Group:             (none)
  Path Type:              Hold (Min at Fast Process Corner)
  Data Path Delay:        0.549ns  (logic 0.163ns (29.680%)  route 0.386ns (70.320%))
  Logic Levels:           1  (LDCE=1)
  Clock Uncertainty:      0.172ns  ((TSJ^2 + DJ^2)^1/2) / 2 + PE
    Total System Jitter     (TSJ):    0.050ns
    Discrete Jitter          (DJ):    0.142ns
    Phase Error              (PE):    0.097ns

    Location             Delay type                Incr(ns)  Path(ns)    Netlist Resource(s)
  -------------------------------------------------------------------    -------------------
    SLICE_X55Y76         LDCE                         0.000     0.000 r  i_ariane/i_cva6/ex_stage_i/lsu_i/i_load_unit/result_o_reg[11]/G
    SLICE_X55Y76         LDCE (EnToQ_ldce_G_Q)        0.163     0.163 r  i_ariane/i_cva6/ex_stage_i/lsu_i/i_load_unit/result_o_reg[11]/Q
                         net (fo=1, routed)           0.386     0.549    i_ariane/i_cva6/ex_stage_i/lsu_i/i_pipe_reg_load/D[44]
    SLICE_X60Y87         FDCE                                         r  i_ariane/i_cva6/ex_stage_i/lsu_i/i_pipe_reg_load/gen_register.d_o_reg[76]/D
  -------------------------------------------------------------------    -------------------

                         (clock clk_out1_xlnx_clk_gen rise edge)
                                                      0.000     0.000 r  
    K17                                               0.000     0.000 r  clk_sys (IN)
                         net (fo=0)                   0.000     0.000    i_xlnx_clk_gen/inst/clk_in1
    K17                  IBUF (Prop_ibuf_I_O)         0.431     0.431 r  i_xlnx_clk_gen/inst/clkin1_ibufg/O
                         net (fo=1, routed)           0.480     0.911    i_xlnx_clk_gen/inst/clk_in1_xlnx_clk_gen
    MMCME2_ADV_X1Y2      MMCME2_ADV (Prop_mmcme2_adv_CLKIN1_CLKOUT0)
                                                     -3.407    -2.496 r  i_xlnx_clk_gen/inst/mmcm_adv_inst/CLKOUT0
                         net (fo=1, routed)           0.752    -1.744    i_xlnx_clk_gen/inst/clk_out1_xlnx_clk_gen
    BUFGCTRL_X0Y16       BUFG (Prop_bufg_I_O)         0.029    -1.715 r  i_xlnx_clk_gen/inst/clkout1_buf/O
                         net (fo=16161, routed)       0.844    -0.871    i_ariane/i_cva6/ex_stage_i/lsu_i/i_pipe_reg_load/clk_out1
    SLICE_X60Y87         FDCE                                         r  i_ariane/i_cva6/ex_stage_i/lsu_i/i_pipe_reg_load/gen_register.d_o_reg[76]/C

Slack:                    inf
  Source:                 i_ariane/i_cva6/ex_stage_i/lsu_i/i_load_unit/result_o_reg[9]/G
                            (positive level-sensitive latch)
  Destination:            i_ariane/i_cva6/ex_stage_i/lsu_i/i_pipe_reg_load/gen_register.d_o_reg[74]/D
                            (rising edge-triggered cell FDCE clocked by clk_out1_xlnx_clk_gen  {rise@0.000ns fall@10.000ns period=20.000ns})
  Path Group:             (none)
  Path Type:              Hold (Min at Fast Process Corner)
  Data Path Delay:        0.560ns  (logic 0.181ns (32.338%)  route 0.379ns (67.662%))
  Logic Levels:           1  (LDCE=1)
  Clock Uncertainty:      0.172ns  ((TSJ^2 + DJ^2)^1/2) / 2 + PE
    Total System Jitter     (TSJ):    0.050ns
    Discrete Jitter          (DJ):    0.142ns
    Phase Error              (PE):    0.097ns

    Location             Delay type                Incr(ns)  Path(ns)    Netlist Resource(s)
  -------------------------------------------------------------------    -------------------
    SLICE_X54Y75         LDCE                         0.000     0.000 r  i_ariane/i_cva6/ex_stage_i/lsu_i/i_load_unit/result_o_reg[9]/G
    SLICE_X54Y75         LDCE (EnToQ_ldce_G_Q)        0.181     0.181 r  i_ariane/i_cva6/ex_stage_i/lsu_i/i_load_unit/result_o_reg[9]/Q
                         net (fo=1, routed)           0.379     0.560    i_ariane/i_cva6/ex_stage_i/lsu_i/i_pipe_reg_load/D[42]
    SLICE_X53Y85         FDCE                                         r  i_ariane/i_cva6/ex_stage_i/lsu_i/i_pipe_reg_load/gen_register.d_o_reg[74]/D
  -------------------------------------------------------------------    -------------------

                         (clock clk_out1_xlnx_clk_gen rise edge)
                                                      0.000     0.000 r  
    K17                                               0.000     0.000 r  clk_sys (IN)
                         net (fo=0)                   0.000     0.000    i_xlnx_clk_gen/inst/clk_in1
    K17                  IBUF (Prop_ibuf_I_O)         0.431     0.431 r  i_xlnx_clk_gen/inst/clkin1_ibufg/O
                         net (fo=1, routed)           0.480     0.911    i_xlnx_clk_gen/inst/clk_in1_xlnx_clk_gen
    MMCME2_ADV_X1Y2      MMCME2_ADV (Prop_mmcme2_adv_CLKIN1_CLKOUT0)
                                                     -3.407    -2.496 r  i_xlnx_clk_gen/inst/mmcm_adv_inst/CLKOUT0
                         net (fo=1, routed)           0.752    -1.744    i_xlnx_clk_gen/inst/clk_out1_xlnx_clk_gen
    BUFGCTRL_X0Y16       BUFG (Prop_bufg_I_O)         0.029    -1.715 r  i_xlnx_clk_gen/inst/clkout1_buf/O
                         net (fo=16161, routed)       0.815    -0.900    i_ariane/i_cva6/ex_stage_i/lsu_i/i_pipe_reg_load/clk_out1
    SLICE_X53Y85         FDCE                                         r  i_ariane/i_cva6/ex_stage_i/lsu_i/i_pipe_reg_load/gen_register.d_o_reg[74]/C





