Copyright 1986-2022 Xilinx, Inc. All Rights Reserved. Copyright 2022-2024 Advanced Micro Devices, Inc. All Rights Reserved.
------------------------------------------------------------------------------------------------------------------------------------------------------------------------------------------------------------------------------------------
| Tool Version : Vivado v.2024.1 (lin64) Build 5076996 Wed May 22 18:36:09 MDT 2024
| Date         : Thu Aug 13 14:40:20 2026
| Host         : EQI07362 running 64-bit Ubuntu 22.04.5 LTS
| Command      : report_timing_summary -max_paths 10 -report_unconstrained -file cva6_zybo_z7_20_timing_summary_routed.rpt -pb cva6_zybo_z7_20_timing_summary_routed.pb -rpx cva6_zybo_z7_20_timing_summary_routed.rpx -warn_on_violation
| Design       : cva6_zybo_z7_20
| Device       : 7z020-clg400
| Speed File   : -1  PRODUCTION 1.12 2019-11-22
| Design State : Routed
------------------------------------------------------------------------------------------------------------------------------------------------------------------------------------------------------------------------------------------

Timing Summary Report

------------------------------------------------------------------------------------------------
| Timer Settings
| --------------
------------------------------------------------------------------------------------------------

  Enable Multi Corner Analysis               :  Yes
  Enable Pessimism Removal                   :  Yes
  Pessimism Removal Resolution               :  Nearest Common Node
  Enable Input Delay Default Clock           :  No
  Enable Preset / Clear Arcs                 :  No
  Disable Flight Delays                      :  No
  Ignore I/O Paths                           :  No
  Timing Early Launch at Borrowing Latches   :  No
  Borrow Time for Max Delay Exceptions       :  Yes
  Merge Timing Exceptions                    :  Yes
  Inter-SLR Compensation                     :  Conservative

  Corner  Analyze    Analyze    
  Name    Max Paths  Min Paths  
  ------  ---------  ---------  
  Slow    Yes        Yes        
  Fast    Yes        Yes        


------------------------------------------------------------------------------------------------
| Report Methodology
| ------------------
------------------------------------------------------------------------------------------------

Rule       Severity          Description                                     Violations  
---------  ----------------  ----------------------------------------------  ----------  
TIMING-6   Critical Warning  No common primary clock between related clocks  1           
TIMING-7   Critical Warning  No common node between related clocks           1           
LUTAR-1    Warning           LUT drives async reset alert                    4           
SYNTH-10   Warning           Wide multiplier                                 4           
TIMING-10  Warning           Missing property on synchronizer                1           
TIMING-18  Warning           Missing input or output delay                   3           
TIMING-20  Warning           Non-clocked latch                               32          
XDCH-2     Warning           Same min and max delay values on IO port        3           
LATCH-1    Advisory          Existing latches in the design                  1           

Note: This report is based on the most recent report_methodology run and may not be up-to-date. Run report_methodology on the current design for the latest report.



check_timing report

Table of Contents
-----------------
1. checking no_clock (480)
2. checking constant_clock (0)
3. checking pulse_width_clock (0)
4. checking unconstrained_internal_endpoints (32)
5. checking no_input_delay (2)
6. checking no_output_delay (1)
7. checking multiple_clock (0)
8. checking generated_clocks (0)
9. checking loops (0)
10. checking partial_input_delay (3)
11. checking partial_output_delay (0)
12. checking latch_loops (0)

1. checking no_clock (480)
--------------------------
 There are 32 register/latch pins with no clock driven by root clock pin: i_ariane/i_cva6/ex_stage_i/lsu_i/i_load_unit/ldbuf_q_reg[0][operation][0]/Q (HIGH)

 There are 32 register/latch pins with no clock driven by root clock pin: i_ariane/i_cva6/ex_stage_i/lsu_i/i_load_unit/ldbuf_q_reg[0][operation][1]/Q (HIGH)

 There are 32 register/latch pins with no clock driven by root clock pin: i_ariane/i_cva6/ex_stage_i/lsu_i/i_load_unit/ldbuf_q_reg[0][operation][2]/Q (HIGH)

 There are 32 register/latch pins with no clock driven by root clock pin: i_ariane/i_cva6/ex_stage_i/lsu_i/i_load_unit/ldbuf_q_reg[0][operation][3]/Q (HIGH)

 There are 32 register/latch pins with no clock driven by root clock pin: i_ariane/i_cva6/ex_stage_i/lsu_i/i_load_unit/ldbuf_q_reg[0][operation][4]/Q (HIGH)

 There are 32 register/latch pins with no clock driven by root clock pin: i_ariane/i_cva6/ex_stage_i/lsu_i/i_load_unit/ldbuf_q_reg[0][operation][5]/Q (HIGH)

 There are 32 register/latch pins with no clock driven by root clock pin: i_ariane/i_cva6/ex_stage_i/lsu_i/i_load_unit/ldbuf_q_reg[0][operation][6]/Q (HIGH)

 There are 32 register/latch pins with no clock driven by root clock pin: i_ariane/i_cva6/ex_stage_i/lsu_i/i_load_unit/ldbuf_q_reg[1][operation][0]/Q (HIGH)

 There are 32 register/latch pins with no clock driven by root clock pin: i_ariane/i_cva6/ex_stage_i/lsu_i/i_load_unit/ldbuf_q_reg[1][operation][1]/Q (HIGH)

 There are 32 register/latch pins with no clock driven by root clock pin: i_ariane/i_cva6/ex_stage_i/lsu_i/i_load_unit/ldbuf_q_reg[1][operation][2]/Q (HIGH)

 There are 32 register/latch pins with no clock driven by root clock pin: i_ariane/i_cva6/ex_stage_i/lsu_i/i_load_unit/ldbuf_q_reg[1][operation][3]/Q (HIGH)

 There are 32 register/latch pins with no clock driven by root clock pin: i_ariane/i_cva6/ex_stage_i/lsu_i/i_load_unit/ldbuf_q_reg[1][operation][4]/Q (HIGH)

 There are 32 register/latch pins with no clock driven by root clock pin: i_ariane/i_cva6/ex_stage_i/lsu_i/i_load_unit/ldbuf_q_reg[1][operation][5]/Q (HIGH)

 There are 32 register/latch pins with no clock driven by root clock pin: i_ariane/i_cva6/ex_stage_i/lsu_i/i_load_unit/ldbuf_q_reg[1][operation][6]/Q (HIGH)

 There are 32 register/latch pins with no clock driven by root clock pin: i_ariane/i_cva6/gen_cache_wt.i_cache_subsystem/i_wt_dcache/gen_rd_ports[1].i_wt_dcache_ctrl/id_q_reg[0]/Q (HIGH)


2. checking constant_clock (0)
------------------------------
 There are 0 register/latch pins with constant_clock.


3. checking pulse_width_clock (0)
---------------------------------
 There are 0 register/latch pins which need pulse_width check


4. checking unconstrained_internal_endpoints (32)
-------------------------------------------------
 There are 32 pins that are not constrained for maximum delay. (HIGH)

 There are 0 pins that are not constrained for maximum delay due to constant clock.


5. checking no_input_delay (2)
------------------------------
 There are 2 input ports with no input delay specified. (HIGH)

 There are 0 input ports with no input delay but user has a false path constraint.


6. checking no_output_delay (1)
-------------------------------
 There is 1 port with no output delay specified. (HIGH)

 There are 0 ports with no output delay but user has a false path constraint

 There are 0 ports with no output delay but with a timing clock defined on it or propagating through it


7. checking multiple_clock (0)
------------------------------
 There are 0 register/latch pins with multiple clocks.


8. checking generated_clocks (0)
--------------------------------
 There are 0 generated clocks that are not connected to a clock source.


9. checking loops (0)
---------------------
 There are 0 combinational loops in the design.


10. checking partial_input_delay (3)
------------------------------------
 There are 3 input ports with partial input delay specified. (HIGH)


11. checking partial_output_delay (0)
-------------------------------------
 There are 0 ports with partial output delay specified.


12. checking latch_loops (0)
----------------------------
 There are 0 combinational latch loops in the design through latch input



------------------------------------------------------------------------------------------------
| Design Timing Summary
| ---------------------
------------------------------------------------------------------------------------------------

    WNS(ns)      TNS(ns)  TNS Failing Endpoints  TNS Total Endpoints      WHS(ns)      THS(ns)  THS Failing Endpoints  THS Total Endpoints     WPWS(ns)     TPWS(ns)  TPWS Failing Endpoints  TPWS Total Endpoints  
    -------      -------  ---------------------  -------------------      -------      -------  ---------------------  -------------------     --------     --------  ----------------------  --------------------  
      0.517        0.000                      0                45270        0.011        0.000                      0                45234        2.000        0.000                       0                 15414  


All user specified timing constraints are met.


------------------------------------------------------------------------------------------------
| Clock Summary
| -------------
------------------------------------------------------------------------------------------------

Clock                    Waveform(ns)         Period(ns)      Frequency(MHz)
-----                    ------------         ----------      --------------
clk_sys                  {0.000 4.000}        8.000           125.000         
  clk_out1_xlnx_clk_gen  {0.000 10.000}       20.000          50.000          
  clkfbout_xlnx_clk_gen  {0.000 4.000}        8.000           125.000         
tck                      {0.000 50.000}       100.000         10.000          


------------------------------------------------------------------------------------------------
| Intra Clock Table
| -----------------
------------------------------------------------------------------------------------------------

Clock                        WNS(ns)      TNS(ns)  TNS Failing Endpoints  TNS Total Endpoints      WHS(ns)      THS(ns)  THS Failing Endpoints  THS Total Endpoints     WPWS(ns)     TPWS(ns)  TPWS Failing Endpoints  TPWS Total Endpoints  
-----                        -------      -------  ---------------------  -------------------      -------      -------  ---------------------  -------------------     --------     --------  ----------------------  --------------------  
clk_sys                                                                                                                                                                    2.000        0.000                       0                     1  
  clk_out1_xlnx_clk_gen        0.517        0.000                      0                33073        0.011        0.000                      0                33073        8.750        0.000                       0                 15151  
  clkfbout_xlnx_clk_gen                                                                                                                                                    5.845        0.000                       0                     3  
tck                            1.107        0.000                      0                  453        0.115        0.000                      0                  453       49.500        0.000                       0                   259  


------------------------------------------------------------------------------------------------
| Inter Clock Table
| -----------------
------------------------------------------------------------------------------------------------

From Clock             To Clock                   WNS(ns)      TNS(ns)  TNS Failing Endpoints  TNS Total Endpoints      WHS(ns)      THS(ns)  THS Failing Endpoints  THS Total Endpoints  
----------             --------                   -------      -------  ---------------------  -------------------      -------      -------  ---------------------  -------------------  
tck                    clk_out1_xlnx_clk_gen        9.333        0.000                      0                   43        2.775        0.000                      0                   43  
clk_out1_xlnx_clk_gen  tck                         18.509        0.000                      0                   36                                                                        


------------------------------------------------------------------------------------------------
| Other Path Groups Table
| -----------------------
------------------------------------------------------------------------------------------------

Path Group             From Clock             To Clock                   WNS(ns)      TNS(ns)  TNS Failing Endpoints  TNS Total Endpoints      WHS(ns)      THS(ns)  THS Failing Endpoints  THS Total Endpoints  
----------             ----------             --------                   -------      -------  ---------------------  -------------------      -------      -------  ---------------------  -------------------  
**async_default**      clk_out1_xlnx_clk_gen  clk_out1_xlnx_clk_gen       17.008        0.000                      0                11665        0.537        0.000                      0                11665  


------------------------------------------------------------------------------------------------
| User Ignored Path Table
| -----------------------
------------------------------------------------------------------------------------------------

Path Group             From Clock             To Clock             
----------             ----------             --------             
(none)                 clk_out1_xlnx_clk_gen  clk_out1_xlnx_clk_gen  
(none)                                        tck                    
(none)                 clk_out1_xlnx_clk_gen  tck                    


------------------------------------------------------------------------------------------------
| Unconstrained Path Table
| ------------------------
------------------------------------------------------------------------------------------------

Path Group             From Clock             To Clock             
----------             ----------             --------             
(none)                 clk_out1_xlnx_clk_gen                         
(none)                 clkfbout_xlnx_clk_gen                         
(none)                                        clk_out1_xlnx_clk_gen  


------------------------------------------------------------------------------------------------
| Timing Details
| --------------
------------------------------------------------------------------------------------------------


---------------------------------------------------------------------------------------------------
From Clock:  clk_sys
  To Clock:  clk_sys

Setup :           NA  Failing Endpoints,  Worst Slack           NA  ,  Total Violation           NA
Hold  :           NA  Failing Endpoints,  Worst Slack           NA  ,  Total Violation           NA
PW    :            0  Failing Endpoints,  Worst Slack        2.000ns,  Total Violation        0.000ns
---------------------------------------------------------------------------------------------------


Pulse Width Checks
--------------------------------------------------------------------------------------
Clock Name:         clk_sys
Waveform(ns):       { 0.000 4.000 }
Period(ns):         8.000
Sources:            { clk_sys }

Check Type        Corner  Lib Pin            Reference Pin  Required(ns)  Actual(ns)  Slack(ns)  Location         Pin
Min Period        n/a     MMCME2_ADV/CLKIN1  n/a            1.249         8.000       6.751      MMCME2_ADV_X1Y2  i_xlnx_clk_gen/inst/mmcm_adv_inst/CLKIN1
Max Period        n/a     MMCME2_ADV/CLKIN1  n/a            100.000       8.000       92.000     MMCME2_ADV_X1Y2  i_xlnx_clk_gen/inst/mmcm_adv_inst/CLKIN1
Low Pulse Width   Slow    MMCME2_ADV/CLKIN1  n/a            2.000         4.000       2.000      MMCME2_ADV_X1Y2  i_xlnx_clk_gen/inst/mmcm_adv_inst/CLKIN1
Low Pulse Width   Fast    MMCME2_ADV/CLKIN1  n/a            2.000         4.000       2.000      MMCME2_ADV_X1Y2  i_xlnx_clk_gen/inst/mmcm_adv_inst/CLKIN1
High Pulse Width  Slow    MMCME2_ADV/CLKIN1  n/a            2.000         4.000       2.000      MMCME2_ADV_X1Y2  i_xlnx_clk_gen/inst/mmcm_adv_inst/CLKIN1
High Pulse Width  Fast    MMCME2_ADV/CLKIN1  n/a            2.000         4.000       2.000      MMCME2_ADV_X1Y2  i_xlnx_clk_gen/inst/mmcm_adv_inst/CLKIN1



---------------------------------------------------------------------------------------------------
From Clock:  clk_out1_xlnx_clk_gen
  To Clock:  clk_out1_xlnx_clk_gen

Setup :            0  Failing Endpoints,  Worst Slack        0.517ns,  Total Violation        0.000ns
Hold  :            0  Failing Endpoints,  Worst Slack        0.011ns,  Total Violation        0.000ns
PW    :            0  Failing Endpoints,  Worst Slack        8.750ns,  Total Violation        0.000ns
---------------------------------------------------------------------------------------------------


Max Delay Paths
--------------------------------------------------------------------------------------
Slack (MET) :             0.517ns  (required time - arrival time)
  Source:                 i_ariane/i_cva6/issue_stage_i/i_issue_read_operands/operand_a_q_reg[1]/C
                            (rising edge-triggered cell FDCE clocked by clk_out1_xlnx_clk_gen  {rise@0.000ns fall@10.000ns period=20.000ns})
  Destination:            i_ariane/i_cva6/gen_cache_wt.i_cache_subsystem/i_wt_dcache/i_wt_dcache_mem/gen_data_banks[2].i_data_sram/gen_cut[0].i_tc_sram_wrapper/i_ram/Mem_DP_reg/ADDRBWRADDR[9]
                            (rising edge-triggered cell RAMB36E1 clocked by clk_out1_xlnx_clk_gen  {rise@0.000ns fall@10.000ns period=20.000ns})
  Path Group:             clk_out1_xlnx_clk_gen
  Path Type:              Setup (Max at Slow Process Corner)
  Requirement:            20.000ns  (clk_out1_xlnx_clk_gen rise@20.000ns - clk_out1_xlnx_clk_gen rise@0.000ns)
  Data Path Delay:        18.803ns  (logic 4.995ns (26.565%)  route 13.808ns (73.435%))
  Logic Levels:           19  (CARRY4=2 LUT3=3 LUT4=4 LUT5=4 LUT6=6)
  Clock Path Skew:        -0.035ns (DCD - SCD + CPR)
    Destination Clock Delay (DCD):    -1.561ns = ( 18.439 - 20.000 ) 
    Source Clock Delay      (SCD):    -0.959ns
    Clock Pessimism Removal (CPR):    0.567ns
  Clock Uncertainty:      0.079ns  ((TSJ^2 + DJ^2)^1/2) / 2 + PE
    Total System Jitter     (TSJ):    0.071ns
    Discrete Jitter          (DJ):    0.142ns
    Phase Error              (PE):    0.000ns

    Location             Delay type                Incr(ns)  Path(ns)    Netlist Resource(s)
  -------------------------------------------------------------------    -------------------
                         (clock clk_out1_xlnx_clk_gen rise edge)
                                                      0.000     0.000 r  
    K17                                               0.000     0.000 r  clk_sys (IN)
                         net (fo=0)                   0.000     0.000    i_xlnx_clk_gen/inst/clk_in1
    K17                  IBUF (Prop_ibuf_I_O)         1.475     1.475 r  i_xlnx_clk_gen/inst/clkin1_ibufg/O
                         net (fo=1, routed)           1.285     2.760    i_xlnx_clk_gen/inst/clk_in1_xlnx_clk_gen
    MMCME2_ADV_X1Y2      MMCME2_ADV (Prop_mmcme2_adv_CLKIN1_CLKOUT0)
                                                     -7.759    -4.999 r  i_xlnx_clk_gen/inst/mmcm_adv_inst/CLKOUT0
                         net (fo=1, routed)           2.206    -2.793    i_xlnx_clk_gen/inst/clk_out1_xlnx_clk_gen
    BUFGCTRL_X0Y16       BUFG (Prop_bufg_I_O)         0.101    -2.692 r  i_xlnx_clk_gen/inst/clkout1_buf/O
                         net (fo=15149, routed)       1.733    -0.959    i_ariane/i_cva6/issue_stage_i/i_issue_read_operands/clk_out1
    SLICE_X70Y6          FDCE                                         r  i_ariane/i_cva6/issue_stage_i/i_issue_read_operands/operand_a_q_reg[1]/C
  -------------------------------------------------------------------    -------------------
    SLICE_X70Y6          FDCE (Prop_fdce_C_Q)         0.456    -0.503 r  i_ariane/i_cva6/issue_stage_i/i_issue_read_operands/operand_a_q_reg[1]/Q
                         net (fo=15, routed)          0.812     0.309    i_ariane/i_cva6/issue_stage_i/i_issue_read_operands/fu_data_id_ex[operand_a][1]
    SLICE_X70Y9          LUT3 (Prop_lut3_I1_O)        0.124     0.433 r  i_ariane/i_cva6/issue_stage_i/i_issue_read_operands/address_off_q[3]_i_9/O
                         net (fo=1, routed)           0.000     0.433    i_ariane/i_cva6/issue_stage_i/i_issue_read_operands/address_off_q[3]_i_9_n_1
    SLICE_X70Y9          CARRY4 (Prop_carry4_S[1]_O[3])
                                                      0.640     1.073 r  i_ariane/i_cva6/issue_stage_i/i_issue_read_operands/address_off_q_reg[3]_i_2/O[3]
                         net (fo=4, routed)           1.303     2.376    i_ariane/i_cva6/ex_stage_i/lsu_i/lsu_bypass_i/misaligned_ex_q_reg[tval][3][3]
    SLICE_X95Y11         LUT6 (Prop_lut6_I5_O)        0.306     2.682 r  i_ariane/i_cva6/ex_stage_i/lsu_i/lsu_bypass_i/address_off_q[3]_i_1__0/O
                         net (fo=13, routed)          0.967     3.650    i_ariane/i_cva6/ex_stage_i/lsu_i/i_store_unit/store_buffer_i/page_offset_matches_o2_inferred__5/i__carry_0
    SLICE_X101Y11        LUT6 (Prop_lut6_I1_O)        0.124     3.774 r  i_ariane/i_cva6/ex_stage_i/lsu_i/i_store_unit/store_buffer_i/i__carry_i_3__6/O
                         net (fo=1, routed)           0.000     3.774    i_ariane/i_cva6/ex_stage_i/lsu_i/i_store_unit/store_buffer_i/i__carry_i_3__6_n_1
    SLICE_X101Y11        CARRY4 (Prop_carry4_S[0]_CO[2])
                                                      0.536     4.310 f  i_ariane/i_cva6/ex_stage_i/lsu_i/i_store_unit/store_buffer_i/page_offset_matches_o2_inferred__3/i__carry/CO[2]
                         net (fo=1, routed)           0.849     5.158    i_ariane/i_cva6/ex_stage_i/lsu_i/i_store_unit/store_buffer_i/page_offset_matches_o21_out
    SLICE_X104Y12        LUT4 (Prop_lut4_I1_O)        0.313     5.471 f  i_ariane/i_cva6/ex_stage_i/lsu_i/i_store_unit/store_buffer_i/i___145_i_7/O
                         net (fo=1, routed)           0.689     6.161    i_ariane/i_cva6/ex_stage_i/lsu_i/i_store_unit/store_buffer_i/i___145_i_7_n_1
    SLICE_X104Y12        LUT5 (Prop_lut5_I4_O)        0.124     6.285 f  i_ariane/i_cva6/ex_stage_i/lsu_i/i_store_unit/store_buffer_i/i___145_i_6/O
                         net (fo=1, routed)           0.638     6.923    i_ariane/i_cva6/ex_stage_i/lsu_i/i_store_unit/store_buffer_i/i___145_i_6_n_1
    SLICE_X104Y12        LUT6 (Prop_lut6_I5_O)        0.124     7.047 f  i_ariane/i_cva6/ex_stage_i/lsu_i/i_store_unit/store_buffer_i/i___145_i_4/O
                         net (fo=6, routed)           0.560     7.607    i_ariane/i_cva6/ex_stage_i/lsu_i/i_load_unit/page_offset_matches
    SLICE_X99Y12         LUT4 (Prop_lut4_I1_O)        0.124     7.731 r  i_ariane/i_cva6/ex_stage_i/lsu_i/i_load_unit/i___145_i_2/O
                         net (fo=3, routed)           0.463     8.194    i_ariane/i_cva6/ex_stage_i/lsu_i/i_load_unit/i___145_i_2_n_1
    SLICE_X99Y12         LUT3 (Prop_lut3_I2_O)        0.124     8.318 r  i_ariane/i_cva6/ex_stage_i/lsu_i/i_load_unit/i___145_i_1/O
                         net (fo=5, routed)           1.169     9.488    i_ariane/i_cva6/gen_cache_wt.i_cache_subsystem/dcache_req_ports_ex_cache[1][data_req]
    SLICE_X98Y23         LUT4 (Prop_lut4_I1_O)        0.148     9.636 r  i_ariane/i_cva6/gen_cache_wt.i_cache_subsystem/i___145/O
                         net (fo=11, routed)          0.529    10.164    i_ariane/i_cva6/gen_cache_wt.i_cache_subsystem/i_wt_dcache/i_wt_dcache_mem/i_rr_arb_tree/rd_ack_q_reg_0
    SLICE_X98Y23         LUT4 (Prop_lut4_I2_O)        0.328    10.492 f  i_ariane/i_cva6/gen_cache_wt.i_cache_subsystem/i_wt_dcache/i_wt_dcache_mem/i_rr_arb_tree/vld_sel_q[1]_i_1/O
                         net (fo=13, routed)          0.577    11.070    i_ariane/i_cva6/gen_cache_wt.i_cache_subsystem/i_wt_dcache_mem/vld_sel_d[1]
    SLICE_X98Y22         LUT6 (Prop_lut6_I1_O)        0.124    11.194 r  i_ariane/i_cva6/gen_cache_wt.i_cache_subsystem/i___117/O
                         net (fo=1, routed)           0.310    11.503    i_ariane/i_cva6/gen_cache_wt.i_cache_subsystem/i_wt_dcache/gen_rd_ports[0].i_wt_dcache_ctrl/address_off_q_reg[3]_0
    SLICE_X96Y22         LUT6 (Prop_lut6_I0_O)        0.124    11.627 r  i_ariane/i_cva6/gen_cache_wt.i_cache_subsystem/i_wt_dcache/gen_rd_ports[0].i_wt_dcache_ctrl/address_off_q[3]_i_1/O
                         net (fo=27, routed)          0.670    12.297    i_ariane/i_cva6/gen_cache_wt.i_cache_subsystem/i_wt_dcache/gen_rd_ports[0].i_wt_dcache_ctrl/FSM_sequential_state_q_reg[0]_0
    SLICE_X91Y23         LUT3 (Prop_lut3_I1_O)        0.118    12.415 r  i_ariane/i_cva6/gen_cache_wt.i_cache_subsystem/i_wt_dcache/gen_rd_ports[0].i_wt_dcache_ctrl/i___112_i_11/O
                         net (fo=2, routed)           0.490    12.906    i_ariane/i_cva6/gen_cache_wt.i_cache_subsystem/i_wt_dcache/i_wt_dcache_wbuffer/i_clean_rr/i___237_i_1_0[0]
    SLICE_X90Y23         LUT6 (Prop_lut6_I1_O)        0.326    13.232 r  i_ariane/i_cva6/gen_cache_wt.i_cache_subsystem/i_wt_dcache/i_wt_dcache_wbuffer/i_clean_rr/i___237_i_4/O
                         net (fo=1, routed)           0.791    14.023    i_ariane/i_cva6/gen_cache_wt.i_cache_subsystem/i_wt_dcache/gen_rd_ports[1].i_wt_dcache_ctrl/bank_off_q_reg[2]
    SLICE_X90Y23         LUT5 (Prop_lut5_I0_O)        0.150    14.173 r  i_ariane/i_cva6/gen_cache_wt.i_cache_subsystem/i_wt_dcache/gen_rd_ports[1].i_wt_dcache_ctrl/i___237_i_1/O
                         net (fo=5, routed)           0.851    15.024    i_ariane/i_cva6/gen_cache_wt.i_cache_subsystem/i_wt_dcache_n_364
    SLICE_X86Y23         LUT5 (Prop_lut5_I3_O)        0.354    15.378 r  i_ariane/i_cva6/gen_cache_wt.i_cache_subsystem/i___238/O
                         net (fo=9, routed)           0.758    16.136    i_ariane/i_cva6/gen_cache_wt.i_cache_subsystem/i_wt_dcache/i_wt_dcache_wbuffer/i_clean_rr/Mem_DP_reg_2
    SLICE_X80Y22         LUT5 (Prop_lut5_I1_O)        0.328    16.464 r  i_ariane/i_cva6/gen_cache_wt.i_cache_subsystem/i_wt_dcache/i_wt_dcache_wbuffer/i_clean_rr/Mem_DP_reg_i_6__2/O
                         net (fo=2, routed)           1.380    17.843    i_ariane/i_cva6/gen_cache_wt.i_cache_subsystem/i_wt_dcache/i_wt_dcache_mem/gen_data_banks[2].i_data_sram/gen_cut[0].i_tc_sram_wrapper/i_ram/Mem_DP_reg_18[3]
    RAMB36_X3Y4          RAMB36E1                                     r  i_ariane/i_cva6/gen_cache_wt.i_cache_subsystem/i_wt_dcache/i_wt_dcache_mem/gen_data_banks[2].i_data_sram/gen_cut[0].i_tc_sram_wrapper/i_ram/Mem_DP_reg/ADDRBWRADDR[9]
  -------------------------------------------------------------------    -------------------

                         (clock clk_out1_xlnx_clk_gen rise edge)
                                                     20.000    20.000 r  
    K17                                               0.000    20.000 r  clk_sys (IN)
                         net (fo=0)                   0.000    20.000    i_xlnx_clk_gen/inst/clk_in1
    K17                  IBUF (Prop_ibuf_I_O)         1.404    21.404 r  i_xlnx_clk_gen/inst/clkin1_ibufg/O
                         net (fo=1, routed)           1.162    22.566    i_xlnx_clk_gen/inst/clk_in1_xlnx_clk_gen
    MMCME2_ADV_X1Y2      MMCME2_ADV (Prop_mmcme2_adv_CLKIN1_CLKOUT0)
                                                     -7.814    14.752 r  i_xlnx_clk_gen/inst/mmcm_adv_inst/CLKOUT0
                         net (fo=1, routed)           2.012    16.764    i_xlnx_clk_gen/inst/clk_out1_xlnx_clk_gen
    BUFGCTRL_X0Y16       BUFG (Prop_bufg_I_O)         0.091    16.855 r  i_xlnx_clk_gen/inst/clkout1_buf/O
                         net (fo=15149, routed)       1.584    18.439    i_ariane/i_cva6/gen_cache_wt.i_cache_subsystem/i_wt_dcache/i_wt_dcache_mem/gen_data_banks[2].i_data_sram/gen_cut[0].i_tc_sram_wrapper/i_ram/clk_out1
    RAMB36_X3Y4          RAMB36E1                                     r  i_ariane/i_cva6/gen_cache_wt.i_cache_subsystem/i_wt_dcache/i_wt_dcache_mem/gen_data_banks[2].i_data_sram/gen_cut[0].i_tc_sram_wrapper/i_ram/Mem_DP_reg/CLKBWRCLK
                         clock pessimism              0.567    19.006    
                         clock uncertainty           -0.079    18.927    
    RAMB36_X3Y4          RAMB36E1 (Setup_ramb36e1_CLKBWRCLK_ADDRBWRADDR[9])
                                                     -0.566    18.361    i_ariane/i_cva6/gen_cache_wt.i_cache_subsystem/i_wt_dcache/i_wt_dcache_mem/gen_data_banks[2].i_data_sram/gen_cut[0].i_tc_sram_wrapper/i_ram/Mem_DP_reg
  -------------------------------------------------------------------
                         required time                         18.361    
                         arrival time                         -17.843    
  -------------------------------------------------------------------
                         slack                                  0.517    

Slack (MET) :             0.602ns  (required time - arrival time)
  Source:                 i_ariane/i_cva6/issue_stage_i/i_issue_read_operands/operand_a_q_reg[1]/C
                            (rising edge-triggered cell FDCE clocked by clk_out1_xlnx_clk_gen  {rise@0.000ns fall@10.000ns period=20.000ns})
  Destination:            i_ariane/i_cva6/gen_cache_wt.i_cache_subsystem/i_wt_dcache/i_wt_dcache_mem/gen_data_banks[2].i_data_sram/gen_cut[0].i_tc_sram_wrapper/i_ram/Mem_DP_reg/ADDRARDADDR[9]
                            (rising edge-triggered cell RAMB36E1 clocked by clk_out1_xlnx_clk_gen  {rise@0.000ns fall@10.000ns period=20.000ns})
  Path Group:             clk_out1_xlnx_clk_gen
  Path Type:              Setup (Max at Slow Process Corner)
  Requirement:            20.000ns  (clk_out1_xlnx_clk_gen rise@20.000ns - clk_out1_xlnx_clk_gen rise@0.000ns)
  Data Path Delay:        18.715ns  (logic 4.995ns (26.690%)  route 13.720ns (73.310%))
  Logic Levels:           19  (CARRY4=2 LUT3=3 LUT4=4 LUT5=4 LUT6=6)
  Clock Path Skew:        -0.038ns (DCD - SCD + CPR)
    Destination Clock Delay (DCD):    -1.564ns = ( 18.436 - 20.000 ) 
    Source Clock Delay      (SCD):    -0.959ns
    Clock Pessimism Removal (CPR):    0.567ns
  Clock Uncertainty:      0.079ns  ((TSJ^2 + DJ^2)^1/2) / 2 + PE
    Total System Jitter     (TSJ):    0.071ns
    Discrete Jitter          (DJ):    0.142ns
    Phase Error              (PE):    0.000ns

    Location             Delay type                Incr(ns)  Path(ns)    Netlist Resource(s)
  -------------------------------------------------------------------    -------------------
                         (clock clk_out1_xlnx_clk_gen rise edge)
                                                      0.000     0.000 r  
    K17                                               0.000     0.000 r  clk_sys (IN)
                         net (fo=0)                   0.000     0.000    i_xlnx_clk_gen/inst/clk_in1
    K17                  IBUF (Prop_ibuf_I_O)         1.475     1.475 r  i_xlnx_clk_gen/inst/clkin1_ibufg/O
                         net (fo=1, routed)           1.285     2.760    i_xlnx_clk_gen/inst/clk_in1_xlnx_clk_gen
    MMCME2_ADV_X1Y2      MMCME2_ADV (Prop_mmcme2_adv_CLKIN1_CLKOUT0)
                                                     -7.759    -4.999 r  i_xlnx_clk_gen/inst/mmcm_adv_inst/CLKOUT0
                         net (fo=1, routed)           2.206    -2.793    i_xlnx_clk_gen/inst/clk_out1_xlnx_clk_gen
    BUFGCTRL_X0Y16       BUFG (Prop_bufg_I_O)         0.101    -2.692 r  i_xlnx_clk_gen/inst/clkout1_buf/O
                         net (fo=15149, routed)       1.733    -0.959    i_ariane/i_cva6/issue_stage_i/i_issue_read_operands/clk_out1
    SLICE_X70Y6          FDCE                                         r  i_ariane/i_cva6/issue_stage_i/i_issue_read_operands/operand_a_q_reg[1]/C
  -------------------------------------------------------------------    -------------------
    SLICE_X70Y6          FDCE (Prop_fdce_C_Q)         0.456    -0.503 r  i_ariane/i_cva6/issue_stage_i/i_issue_read_operands/operand_a_q_reg[1]/Q
                         net (fo=15, routed)          0.812     0.309    i_ariane/i_cva6/issue_stage_i/i_issue_read_operands/fu_data_id_ex[operand_a][1]
    SLICE_X70Y9          LUT3 (Prop_lut3_I1_O)        0.124     0.433 r  i_ariane/i_cva6/issue_stage_i/i_issue_read_operands/address_off_q[3]_i_9/O
                         net (fo=1, routed)           0.000     0.433    i_ariane/i_cva6/issue_stage_i/i_issue_read_operands/address_off_q[3]_i_9_n_1
    SLICE_X70Y9          CARRY4 (Prop_carry4_S[1]_O[3])
                                                      0.640     1.073 r  i_ariane/i_cva6/issue_stage_i/i_issue_read_operands/address_off_q_reg[3]_i_2/O[3]
                         net (fo=4, routed)           1.303     2.376    i_ariane/i_cva6/ex_stage_i/lsu_i/lsu_bypass_i/misaligned_ex_q_reg[tval][3][3]
    SLICE_X95Y11         LUT6 (Prop_lut6_I5_O)        0.306     2.682 r  i_ariane/i_cva6/ex_stage_i/lsu_i/lsu_bypass_i/address_off_q[3]_i_1__0/O
                         net (fo=13, routed)          0.967     3.650    i_ariane/i_cva6/ex_stage_i/lsu_i/i_store_unit/store_buffer_i/page_offset_matches_o2_inferred__5/i__carry_0
    SLICE_X101Y11        LUT6 (Prop_lut6_I1_O)        0.124     3.774 r  i_ariane/i_cva6/ex_stage_i/lsu_i/i_store_unit/store_buffer_i/i__carry_i_3__6/O
                         net (fo=1, routed)           0.000     3.774    i_ariane/i_cva6/ex_stage_i/lsu_i/i_store_unit/store_buffer_i/i__carry_i_3__6_n_1
    SLICE_X101Y11        CARRY4 (Prop_carry4_S[0]_CO[2])
                                                      0.536     4.310 f  i_ariane/i_cva6/ex_stage_i/lsu_i/i_store_unit/store_buffer_i/page_offset_matches_o2_inferred__3/i__carry/CO[2]
                         net (fo=1, routed)           0.849     5.158    i_ariane/i_cva6/ex_stage_i/lsu_i/i_store_unit/store_buffer_i/page_offset_matches_o21_out
    SLICE_X104Y12        LUT4 (Prop_lut4_I1_O)        0.313     5.471 f  i_ariane/i_cva6/ex_stage_i/lsu_i/i_store_unit/store_buffer_i/i___145_i_7/O
                         net (fo=1, routed)           0.689     6.161    i_ariane/i_cva6/ex_stage_i/lsu_i/i_store_unit/store_buffer_i/i___145_i_7_n_1
    SLICE_X104Y12        LUT5 (Prop_lut5_I4_O)        0.124     6.285 f  i_ariane/i_cva6/ex_stage_i/lsu_i/i_store_unit/store_buffer_i/i___145_i_6/O
                         net (fo=1, routed)           0.638     6.923    i_ariane/i_cva6/ex_stage_i/lsu_i/i_store_unit/store_buffer_i/i___145_i_6_n_1
    SLICE_X104Y12        LUT6 (Prop_lut6_I5_O)        0.124     7.047 f  i_ariane/i_cva6/ex_stage_i/lsu_i/i_store_unit/store_buffer_i/i___145_i_4/O
                         net (fo=6, routed)           0.560     7.607    i_ariane/i_cva6/ex_stage_i/lsu_i/i_load_unit/page_offset_matches
    SLICE_X99Y12         LUT4 (Prop_lut4_I1_O)        0.124     7.731 r  i_ariane/i_cva6/ex_stage_i/lsu_i/i_load_unit/i___145_i_2/O
                         net (fo=3, routed)           0.463     8.194    i_ariane/i_cva6/ex_stage_i/lsu_i/i_load_unit/i___145_i_2_n_1
    SLICE_X99Y12         LUT3 (Prop_lut3_I2_O)        0.124     8.318 r  i_ariane/i_cva6/ex_stage_i/lsu_i/i_load_unit/i___145_i_1/O
                         net (fo=5, routed)           1.169     9.488    i_ariane/i_cva6/gen_cache_wt.i_cache_subsystem/dcache_req_ports_ex_cache[1][data_req]
    SLICE_X98Y23         LUT4 (Prop_lut4_I1_O)        0.148     9.636 r  i_ariane/i_cva6/gen_cache_wt.i_cache_subsystem/i___145/O
                         net (fo=11, routed)          0.529    10.164    i_ariane/i_cva6/gen_cache_wt.i_cache_subsystem/i_wt_dcache/i_wt_dcache_mem/i_rr_arb_tree/rd_ack_q_reg_0
    SLICE_X98Y23         LUT4 (Prop_lut4_I2_O)        0.328    10.492 f  i_ariane/i_cva6/gen_cache_wt.i_cache_subsystem/i_wt_dcache/i_wt_dcache_mem/i_rr_arb_tree/vld_sel_q[1]_i_1/O
                         net (fo=13, routed)          0.577    11.070    i_ariane/i_cva6/gen_cache_wt.i_cache_subsystem/i_wt_dcache_mem/vld_sel_d[1]
    SLICE_X98Y22         LUT6 (Prop_lut6_I1_O)        0.124    11.194 r  i_ariane/i_cva6/gen_cache_wt.i_cache_subsystem/i___117/O
                         net (fo=1, routed)           0.310    11.503    i_ariane/i_cva6/gen_cache_wt.i_cache_subsystem/i_wt_dcache/gen_rd_ports[0].i_wt_dcache_ctrl/address_off_q_reg[3]_0
    SLICE_X96Y22         LUT6 (Prop_lut6_I0_O)        0.124    11.627 r  i_ariane/i_cva6/gen_cache_wt.i_cache_subsystem/i_wt_dcache/gen_rd_ports[0].i_wt_dcache_ctrl/address_off_q[3]_i_1/O
                         net (fo=27, routed)          0.670    12.297    i_ariane/i_cva6/gen_cache_wt.i_cache_subsystem/i_wt_dcache/gen_rd_ports[0].i_wt_dcache_ctrl/FSM_sequential_state_q_reg[0]_0
    SLICE_X91Y23         LUT3 (Prop_lut3_I1_O)        0.118    12.415 r  i_ariane/i_cva6/gen_cache_wt.i_cache_subsystem/i_wt_dcache/gen_rd_ports[0].i_wt_dcache_ctrl/i___112_i_11/O
                         net (fo=2, routed)           0.490    12.906    i_ariane/i_cva6/gen_cache_wt.i_cache_subsystem/i_wt_dcache/i_wt_dcache_wbuffer/i_clean_rr/i___237_i_1_0[0]
    SLICE_X90Y23         LUT6 (Prop_lut6_I1_O)        0.326    13.232 r  i_ariane/i_cva6/gen_cache_wt.i_cache_subsystem/i_wt_dcache/i_wt_dcache_wbuffer/i_clean_rr/i___237_i_4/O
                         net (fo=1, routed)           0.791    14.023    i_ariane/i_cva6/gen_cache_wt.i_cache_subsystem/i_wt_dcache/gen_rd_ports[1].i_wt_dcache_ctrl/bank_off_q_reg[2]
    SLICE_X90Y23         LUT5 (Prop_lut5_I0_O)        0.150    14.173 r  i_ariane/i_cva6/gen_cache_wt.i_cache_subsystem/i_wt_dcache/gen_rd_ports[1].i_wt_dcache_ctrl/i___237_i_1/O
                         net (fo=5, routed)           0.851    15.024    i_ariane/i_cva6/gen_cache_wt.i_cache_subsystem/i_wt_dcache_n_364
    SLICE_X86Y23         LUT5 (Prop_lut5_I3_O)        0.354    15.378 r  i_ariane/i_cva6/gen_cache_wt.i_cache_subsystem/i___238/O
                         net (fo=9, routed)           0.758    16.136    i_ariane/i_cva6/gen_cache_wt.i_cache_subsystem/i_wt_dcache/i_wt_dcache_wbuffer/i_clean_rr/Mem_DP_reg_2
    SLICE_X80Y22         LUT5 (Prop_lut5_I1_O)        0.328    16.464 r  i_ariane/i_cva6/gen_cache_wt.i_cache_subsystem/i_wt_dcache/i_wt_dcache_wbuffer/i_clean_rr/Mem_DP_reg_i_6__2/O
                         net (fo=2, routed)           1.292    17.756    i_ariane/i_cva6/gen_cache_wt.i_cache_subsystem/i_wt_dcache/i_wt_dcache_mem/gen_data_banks[2].i_data_sram/gen_cut[0].i_tc_sram_wrapper/i_ram/Mem_DP_reg_18[3]
    RAMB36_X3Y4          RAMB36E1                                     r  i_ariane/i_cva6/gen_cache_wt.i_cache_subsystem/i_wt_dcache/i_wt_dcache_mem/gen_data_banks[2].i_data_sram/gen_cut[0].i_tc_sram_wrapper/i_ram/Mem_DP_reg/ADDRARDADDR[9]
  -------------------------------------------------------------------    -------------------

                         (clock clk_out1_xlnx_clk_gen rise edge)
                                                     20.000    20.000 r  
    K17                                               0.000    20.000 r  clk_sys (IN)
                         net (fo=0)                   0.000    20.000    i_xlnx_clk_gen/inst/clk_in1
    K17                  IBUF (Prop_ibuf_I_O)         1.404    21.404 r  i_xlnx_clk_gen/inst/clkin1_ibufg/O
                         net (fo=1, routed)           1.162    22.566    i_xlnx_clk_gen/inst/clk_in1_xlnx_clk_gen
    MMCME2_ADV_X1Y2      MMCME2_ADV (Prop_mmcme2_adv_CLKIN1_CLKOUT0)
                                                     -7.814    14.752 r  i_xlnx_clk_gen/inst/mmcm_adv_inst/CLKOUT0
                         net (fo=1, routed)           2.012    16.764    i_xlnx_clk_gen/inst/clk_out1_xlnx_clk_gen
    BUFGCTRL_X0Y16       BUFG (Prop_bufg_I_O)         0.091    16.855 r  i_xlnx_clk_gen/inst/clkout1_buf/O
                         net (fo=15149, routed)       1.581    18.436    i_ariane/i_cva6/gen_cache_wt.i_cache_subsystem/i_wt_dcache/i_wt_dcache_mem/gen_data_banks[2].i_data_sram/gen_cut[0].i_tc_sram_wrapper/i_ram/clk_out1
    RAMB36_X3Y4          RAMB36E1                                     r  i_ariane/i_cva6/gen_cache_wt.i_cache_subsystem/i_wt_dcache/i_wt_dcache_mem/gen_data_banks[2].i_data_sram/gen_cut[0].i_tc_sram_wrapper/i_ram/Mem_DP_reg/CLKARDCLK
                         clock pessimism              0.567    19.003    
                         clock uncertainty           -0.079    18.924    
    RAMB36_X3Y4          RAMB36E1 (Setup_ramb36e1_CLKARDCLK_ADDRARDADDR[9])
                                                     -0.566    18.358    i_ariane/i_cva6/gen_cache_wt.i_cache_subsystem/i_wt_dcache/i_wt_dcache_mem/gen_data_banks[2].i_data_sram/gen_cut[0].i_tc_sram_wrapper/i_ram/Mem_DP_reg
  -------------------------------------------------------------------
                         required time                         18.358    
                         arrival time                         -17.756    
  -------------------------------------------------------------------
                         slack                                  0.602    

Slack (MET) :             0.788ns  (required time - arrival time)
  Source:                 i_ariane/i_cva6/issue_stage_i/i_issue_read_operands/operand_a_q_reg[1]/C
                            (rising edge-triggered cell FDCE clocked by clk_out1_xlnx_clk_gen  {rise@0.000ns fall@10.000ns period=20.000ns})
  Destination:            i_ariane/i_cva6/gen_cache_wt.i_cache_subsystem/i_wt_dcache/i_wt_dcache_mem/gen_data_banks[3].i_data_sram/gen_cut[0].i_tc_sram_wrapper/i_ram/Mem_DP_reg/ADDRBWRADDR[12]
                            (rising edge-triggered cell RAMB36E1 clocked by clk_out1_xlnx_clk_gen  {rise@0.000ns fall@10.000ns period=20.000ns})
  Path Group:             clk_out1_xlnx_clk_gen
  Path Type:              Setup (Max at Slow Process Corner)
  Requirement:            20.000ns  (clk_out1_xlnx_clk_gen rise@20.000ns - clk_out1_xlnx_clk_gen rise@0.000ns)
  Data Path Delay:        18.529ns  (logic 4.765ns (25.717%)  route 13.764ns (74.283%))
  Logic Levels:           19  (CARRY4=2 LUT3=3 LUT4=4 LUT5=4 LUT6=6)
  Clock Path Skew:        -0.038ns (DCD - SCD + CPR)
    Destination Clock Delay (DCD):    -1.564ns = ( 18.436 - 20.000 ) 
    Source Clock Delay      (SCD):    -0.959ns
    Clock Pessimism Removal (CPR):    0.567ns
  Clock Uncertainty:      0.079ns  ((TSJ^2 + DJ^2)^1/2) / 2 + PE
    Total System Jitter     (TSJ):    0.071ns
    Discrete Jitter          (DJ):    0.142ns
    Phase Error              (PE):    0.000ns

    Location             Delay type                Incr(ns)  Path(ns)    Netlist Resource(s)
  -------------------------------------------------------------------    -------------------
                         (clock clk_out1_xlnx_clk_gen rise edge)
                                                      0.000     0.000 r  
    K17                                               0.000     0.000 r  clk_sys (IN)
                         net (fo=0)                   0.000     0.000    i_xlnx_clk_gen/inst/clk_in1
    K17                  IBUF (Prop_ibuf_I_O)         1.475     1.475 r  i_xlnx_clk_gen/inst/clkin1_ibufg/O
                         net (fo=1, routed)           1.285     2.760    i_xlnx_clk_gen/inst/clk_in1_xlnx_clk_gen
    MMCME2_ADV_X1Y2      MMCME2_ADV (Prop_mmcme2_adv_CLKIN1_CLKOUT0)
                                                     -7.759    -4.999 r  i_xlnx_clk_gen/inst/mmcm_adv_inst/CLKOUT0
                         net (fo=1, routed)           2.206    -2.793    i_xlnx_clk_gen/inst/clk_out1_xlnx_clk_gen
    BUFGCTRL_X0Y16       BUFG (Prop_bufg_I_O)         0.101    -2.692 r  i_xlnx_clk_gen/inst/clkout1_buf/O
                         net (fo=15149, routed)       1.733    -0.959    i_ariane/i_cva6/issue_stage_i/i_issue_read_operands/clk_out1
    SLICE_X70Y6          FDCE                                         r  i_ariane/i_cva6/issue_stage_i/i_issue_read_operands/operand_a_q_reg[1]/C
  -------------------------------------------------------------------    -------------------
    SLICE_X70Y6          FDCE (Prop_fdce_C_Q)         0.456    -0.503 r  i_ariane/i_cva6/issue_stage_i/i_issue_read_operands/operand_a_q_reg[1]/Q
                         net (fo=15, routed)          0.812     0.309    i_ariane/i_cva6/issue_stage_i/i_issue_read_operands/fu_data_id_ex[operand_a][1]
    SLICE_X70Y9          LUT3 (Prop_lut3_I1_O)        0.124     0.433 r  i_ariane/i_cva6/issue_stage_i/i_issue_read_operands/address_off_q[3]_i_9/O
                         net (fo=1, routed)           0.000     0.433    i_ariane/i_cva6/issue_stage_i/i_issue_read_operands/address_off_q[3]_i_9_n_1
    SLICE_X70Y9          CARRY4 (Prop_carry4_S[1]_O[3])
                                                      0.640     1.073 r  i_ariane/i_cva6/issue_stage_i/i_issue_read_operands/address_off_q_reg[3]_i_2/O[3]
                         net (fo=4, routed)           1.303     2.376    i_ariane/i_cva6/ex_stage_i/lsu_i/lsu_bypass_i/misaligned_ex_q_reg[tval][3][3]
    SLICE_X95Y11         LUT6 (Prop_lut6_I5_O)        0.306     2.682 r  i_ariane/i_cva6/ex_stage_i/lsu_i/lsu_bypass_i/address_off_q[3]_i_1__0/O
                         net (fo=13, routed)          0.967     3.650    i_ariane/i_cva6/ex_stage_i/lsu_i/i_store_unit/store_buffer_i/page_offset_matches_o2_inferred__5/i__carry_0
    SLICE_X101Y11        LUT6 (Prop_lut6_I1_O)        0.124     3.774 r  i_ariane/i_cva6/ex_stage_i/lsu_i/i_store_unit/store_buffer_i/i__carry_i_3__6/O
                         net (fo=1, routed)           0.000     3.774    i_ariane/i_cva6/ex_stage_i/lsu_i/i_store_unit/store_buffer_i/i__carry_i_3__6_n_1
    SLICE_X101Y11        CARRY4 (Prop_carry4_S[0]_CO[2])
                                                      0.536     4.310 f  i_ariane/i_cva6/ex_stage_i/lsu_i/i_store_unit/store_buffer_i/page_offset_matches_o2_inferred__3/i__carry/CO[2]
                         net (fo=1, routed)           0.849     5.158    i_ariane/i_cva6/ex_stage_i/lsu_i/i_store_unit/store_buffer_i/page_offset_matches_o21_out
    SLICE_X104Y12        LUT4 (Prop_lut4_I1_O)        0.313     5.471 f  i_ariane/i_cva6/ex_stage_i/lsu_i/i_store_unit/store_buffer_i/i___145_i_7/O
                         net (fo=1, routed)           0.689     6.161    i_ariane/i_cva6/ex_stage_i/lsu_i/i_store_unit/store_buffer_i/i___145_i_7_n_1
    SLICE_X104Y12        LUT5 (Prop_lut5_I4_O)        0.124     6.285 f  i_ariane/i_cva6/ex_stage_i/lsu_i/i_store_unit/store_buffer_i/i___145_i_6/O
                         net (fo=1, routed)           0.638     6.923    i_ariane/i_cva6/ex_stage_i/lsu_i/i_store_unit/store_buffer_i/i___145_i_6_n_1
    SLICE_X104Y12        LUT6 (Prop_lut6_I5_O)        0.124     7.047 f  i_ariane/i_cva6/ex_stage_i/lsu_i/i_store_unit/store_buffer_i/i___145_i_4/O
                         net (fo=6, routed)           0.560     7.607    i_ariane/i_cva6/ex_stage_i/lsu_i/i_load_unit/page_offset_matches
    SLICE_X99Y12         LUT4 (Prop_lut4_I1_O)        0.124     7.731 r  i_ariane/i_cva6/ex_stage_i/lsu_i/i_load_unit/i___145_i_2/O
                         net (fo=3, routed)           0.463     8.194    i_ariane/i_cva6/ex_stage_i/lsu_i/i_load_unit/i___145_i_2_n_1
    SLICE_X99Y12         LUT3 (Prop_lut3_I2_O)        0.124     8.318 r  i_ariane/i_cva6/ex_stage_i/lsu_i/i_load_unit/i___145_i_1/O
                         net (fo=5, routed)           1.169     9.488    i_ariane/i_cva6/gen_cache_wt.i_cache_subsystem/dcache_req_ports_ex_cache[1][data_req]
    SLICE_X98Y23         LUT4 (Prop_lut4_I1_O)        0.148     9.636 r  i_ariane/i_cva6/gen_cache_wt.i_cache_subsystem/i___145/O
                         net (fo=11, routed)          0.529    10.164    i_ariane/i_cva6/gen_cache_wt.i_cache_subsystem/i_wt_dcache/i_wt_dcache_mem/i_rr_arb_tree/rd_ack_q_reg_0
    SLICE_X98Y23         LUT4 (Prop_lut4_I2_O)        0.328    10.492 f  i_ariane/i_cva6/gen_cache_wt.i_cache_subsystem/i_wt_dcache/i_wt_dcache_mem/i_rr_arb_tree/vld_sel_q[1]_i_1/O
                         net (fo=13, routed)          0.577    11.070    i_ariane/i_cva6/gen_cache_wt.i_cache_subsystem/i_wt_dcache_mem/vld_sel_d[1]
    SLICE_X98Y22         LUT6 (Prop_lut6_I1_O)        0.124    11.194 r  i_ariane/i_cva6/gen_cache_wt.i_cache_subsystem/i___117/O
                         net (fo=1, routed)           0.310    11.503    i_ariane/i_cva6/gen_cache_wt.i_cache_subsystem/i_wt_dcache/gen_rd_ports[0].i_wt_dcache_ctrl/address_off_q_reg[3]_0
    SLICE_X96Y22         LUT6 (Prop_lut6_I0_O)        0.124    11.627 r  i_ariane/i_cva6/gen_cache_wt.i_cache_subsystem/i_wt_dcache/gen_rd_ports[0].i_wt_dcache_ctrl/address_off_q[3]_i_1/O
                         net (fo=27, routed)          0.670    12.297    i_ariane/i_cva6/gen_cache_wt.i_cache_subsystem/i_wt_dcache/gen_rd_ports[0].i_wt_dcache_ctrl/FSM_sequential_state_q_reg[0]_0
    SLICE_X91Y23         LUT3 (Prop_lut3_I1_O)        0.118    12.415 f  i_ariane/i_cva6/gen_cache_wt.i_cache_subsystem/i_wt_dcache/gen_rd_ports[0].i_wt_dcache_ctrl/i___112_i_11/O
                         net (fo=2, routed)           0.490    12.906    i_ariane/i_cva6/gen_cache_wt.i_cache_subsystem/i_wt_dcache/i_wt_dcache_wbuffer/i_clean_rr/i___237_i_1_0[0]
    SLICE_X90Y23         LUT6 (Prop_lut6_I1_O)        0.326    13.232 f  i_ariane/i_cva6/gen_cache_wt.i_cache_subsystem/i_wt_dcache/i_wt_dcache_wbuffer/i_clean_rr/i___237_i_4/O
                         net (fo=1, routed)           0.791    14.023    i_ariane/i_cva6/gen_cache_wt.i_cache_subsystem/i_wt_dcache/gen_rd_ports[1].i_wt_dcache_ctrl/bank_off_q_reg[2]
    SLICE_X90Y23         LUT5 (Prop_lut5_I0_O)        0.150    14.173 f  i_ariane/i_cva6/gen_cache_wt.i_cache_subsystem/i_wt_dcache/gen_rd_ports[1].i_wt_dcache_ctrl/i___237_i_1/O
                         net (fo=5, routed)           0.851    15.024    i_ariane/i_cva6/gen_cache_wt.i_cache_subsystem/i_wt_dcache_n_364
    SLICE_X86Y23         LUT5 (Prop_lut5_I2_O)        0.328    15.352 r  i_ariane/i_cva6/gen_cache_wt.i_cache_subsystem/i___237/O
                         net (fo=9, routed)           0.841    16.193    i_ariane/i_cva6/gen_cache_wt.i_cache_subsystem/i_wt_dcache/i_wt_dcache_wbuffer/Mem_DP_reg_7
    SLICE_X79Y25         LUT5 (Prop_lut5_I1_O)        0.124    16.317 r  i_ariane/i_cva6/gen_cache_wt.i_cache_subsystem/i_wt_dcache/i_wt_dcache_wbuffer/Mem_DP_reg_i_3__3/O
                         net (fo=2, routed)           1.253    17.569    i_ariane/i_cva6/gen_cache_wt.i_cache_subsystem/i_wt_dcache/i_wt_dcache_mem/gen_data_banks[3].i_data_sram/gen_cut[0].i_tc_sram_wrapper/i_ram/Mem_DP_reg_4[6]
    RAMB36_X3Y5          RAMB36E1                                     r  i_ariane/i_cva6/gen_cache_wt.i_cache_subsystem/i_wt_dcache/i_wt_dcache_mem/gen_data_banks[3].i_data_sram/gen_cut[0].i_tc_sram_wrapper/i_ram/Mem_DP_reg/ADDRBWRADDR[12]
  -------------------------------------------------------------------    -------------------

                         (clock clk_out1_xlnx_clk_gen rise edge)
                                                     20.000    20.000 r  
    K17                                               0.000    20.000 r  clk_sys (IN)
                         net (fo=0)                   0.000    20.000    i_xlnx_clk_gen/inst/clk_in1
    K17                  IBUF (Prop_ibuf_I_O)         1.404    21.404 r  i_xlnx_clk_gen/inst/clkin1_ibufg/O
                         net (fo=1, routed)           1.162    22.566    i_xlnx_clk_gen/inst/clk_in1_xlnx_clk_gen
    MMCME2_ADV_X1Y2      MMCME2_ADV (Prop_mmcme2_adv_CLKIN1_CLKOUT0)
                                                     -7.814    14.752 r  i_xlnx_clk_gen/inst/mmcm_adv_inst/CLKOUT0
                         net (fo=1, routed)           2.012    16.764    i_xlnx_clk_gen/inst/clk_out1_xlnx_clk_gen
    BUFGCTRL_X0Y16       BUFG (Prop_bufg_I_O)         0.091    16.855 r  i_xlnx_clk_gen/inst/clkout1_buf/O
                         net (fo=15149, routed)       1.581    18.436    i_ariane/i_cva6/gen_cache_wt.i_cache_subsystem/i_wt_dcache/i_wt_dcache_mem/gen_data_banks[3].i_data_sram/gen_cut[0].i_tc_sram_wrapper/i_ram/clk_out1
    RAMB36_X3Y5          RAMB36E1                                     r  i_ariane/i_cva6/gen_cache_wt.i_cache_subsystem/i_wt_dcache/i_wt_dcache_mem/gen_data_banks[3].i_data_sram/gen_cut[0].i_tc_sram_wrapper/i_ram/Mem_DP_reg/CLKBWRCLK
                         clock pessimism              0.567    19.003    
                         clock uncertainty           -0.079    18.924    
    RAMB36_X3Y5          RAMB36E1 (Setup_ramb36e1_CLKBWRCLK_ADDRBWRADDR[12])
                                                     -0.566    18.358    i_ariane/i_cva6/gen_cache_wt.i_cache_subsystem/i_wt_dcache/i_wt_dcache_mem/gen_data_banks[3].i_data_sram/gen_cut[0].i_tc_sram_wrapper/i_ram/Mem_DP_reg
  -------------------------------------------------------------------
                         required time                         18.358    
                         arrival time                         -17.569    
  -------------------------------------------------------------------
                         slack                                  0.788    

Slack (MET) :             0.790ns  (required time - arrival time)
  Source:                 i_ariane/i_cva6/issue_stage_i/i_issue_read_operands/operand_a_q_reg[1]/C
                            (rising edge-triggered cell FDCE clocked by clk_out1_xlnx_clk_gen  {rise@0.000ns fall@10.000ns period=20.000ns})
  Destination:            i_ariane/i_cva6/gen_cache_wt.i_cache_subsystem/i_wt_dcache/i_wt_dcache_mem/gen_data_banks[3].i_data_sram/gen_cut[0].i_tc_sram_wrapper/i_ram/Mem_DP_reg/ADDRARDADDR[12]
                            (rising edge-triggered cell RAMB36E1 clocked by clk_out1_xlnx_clk_gen  {rise@0.000ns fall@10.000ns period=20.000ns})
  Path Group:             clk_out1_xlnx_clk_gen
  Path Type:              Setup (Max at Slow Process Corner)
  Requirement:            20.000ns  (clk_out1_xlnx_clk_gen rise@20.000ns - clk_out1_xlnx_clk_gen rise@0.000ns)
  Data Path Delay:        18.530ns  (logic 4.765ns (25.715%)  route 13.765ns (74.285%))
  Logic Levels:           19  (CARRY4=2 LUT3=3 LUT4=4 LUT5=4 LUT6=6)
  Clock Path Skew:        -0.035ns (DCD - SCD + CPR)
    Destination Clock Delay (DCD):    -1.561ns = ( 18.439 - 20.000 ) 
    Source Clock Delay      (SCD):    -0.959ns
    Clock Pessimism Removal (CPR):    0.567ns
  Clock Uncertainty:      0.079ns  ((TSJ^2 + DJ^2)^1/2) / 2 + PE
    Total System Jitter     (TSJ):    0.071ns
    Discrete Jitter          (DJ):    0.142ns
    Phase Error              (PE):    0.000ns

    Location             Delay type                Incr(ns)  Path(ns)    Netlist Resource(s)
  -------------------------------------------------------------------    -------------------
                         (clock clk_out1_xlnx_clk_gen rise edge)
                                                      0.000     0.000 r  
    K17                                               0.000     0.000 r  clk_sys (IN)
                         net (fo=0)                   0.000     0.000    i_xlnx_clk_gen/inst/clk_in1
    K17                  IBUF (Prop_ibuf_I_O)         1.475     1.475 r  i_xlnx_clk_gen/inst/clkin1_ibufg/O
                         net (fo=1, routed)           1.285     2.760    i_xlnx_clk_gen/inst/clk_in1_xlnx_clk_gen
    MMCME2_ADV_X1Y2      MMCME2_ADV (Prop_mmcme2_adv_CLKIN1_CLKOUT0)
                                                     -7.759    -4.999 r  i_xlnx_clk_gen/inst/mmcm_adv_inst/CLKOUT0
                         net (fo=1, routed)           2.206    -2.793    i_xlnx_clk_gen/inst/clk_out1_xlnx_clk_gen
    BUFGCTRL_X0Y16       BUFG (Prop_bufg_I_O)         0.101    -2.692 r  i_xlnx_clk_gen/inst/clkout1_buf/O
                         net (fo=15149, routed)       1.733    -0.959    i_ariane/i_cva6/issue_stage_i/i_issue_read_operands/clk_out1
    SLICE_X70Y6          FDCE                                         r  i_ariane/i_cva6/issue_stage_i/i_issue_read_operands/operand_a_q_reg[1]/C
  -------------------------------------------------------------------    -------------------
    SLICE_X70Y6          FDCE (Prop_fdce_C_Q)         0.456    -0.503 r  i_ariane/i_cva6/issue_stage_i/i_issue_read_operands/operand_a_q_reg[1]/Q
                         net (fo=15, routed)          0.812     0.309    i_ariane/i_cva6/issue_stage_i/i_issue_read_operands/fu_data_id_ex[operand_a][1]
    SLICE_X70Y9          LUT3 (Prop_lut3_I1_O)        0.124     0.433 r  i_ariane/i_cva6/issue_stage_i/i_issue_read_operands/address_off_q[3]_i_9/O
                         net (fo=1, routed)           0.000     0.433    i_ariane/i_cva6/issue_stage_i/i_issue_read_operands/address_off_q[3]_i_9_n_1
    SLICE_X70Y9          CARRY4 (Prop_carry4_S[1]_O[3])
                                                      0.640     1.073 r  i_ariane/i_cva6/issue_stage_i/i_issue_read_operands/address_off_q_reg[3]_i_2/O[3]
                         net (fo=4, routed)           1.303     2.376    i_ariane/i_cva6/ex_stage_i/lsu_i/lsu_bypass_i/misaligned_ex_q_reg[tval][3][3]
    SLICE_X95Y11         LUT6 (Prop_lut6_I5_O)        0.306     2.682 r  i_ariane/i_cva6/ex_stage_i/lsu_i/lsu_bypass_i/address_off_q[3]_i_1__0/O
                         net (fo=13, routed)          0.967     3.650    i_ariane/i_cva6/ex_stage_i/lsu_i/i_store_unit/store_buffer_i/page_offset_matches_o2_inferred__5/i__carry_0
    SLICE_X101Y11        LUT6 (Prop_lut6_I1_O)        0.124     3.774 r  i_ariane/i_cva6/ex_stage_i/lsu_i/i_store_unit/store_buffer_i/i__carry_i_3__6/O
                         net (fo=1, routed)           0.000     3.774    i_ariane/i_cva6/ex_stage_i/lsu_i/i_store_unit/store_buffer_i/i__carry_i_3__6_n_1
    SLICE_X101Y11        CARRY4 (Prop_carry4_S[0]_CO[2])
                                                      0.536     4.310 f  i_ariane/i_cva6/ex_stage_i/lsu_i/i_store_unit/store_buffer_i/page_offset_matches_o2_inferred__3/i__carry/CO[2]
                         net (fo=1, routed)           0.849     5.158    i_ariane/i_cva6/ex_stage_i/lsu_i/i_store_unit/store_buffer_i/page_offset_matches_o21_out
    SLICE_X104Y12        LUT4 (Prop_lut4_I1_O)        0.313     5.471 f  i_ariane/i_cva6/ex_stage_i/lsu_i/i_store_unit/store_buffer_i/i___145_i_7/O
                         net (fo=1, routed)           0.689     6.161    i_ariane/i_cva6/ex_stage_i/lsu_i/i_store_unit/store_buffer_i/i___145_i_7_n_1
    SLICE_X104Y12        LUT5 (Prop_lut5_I4_O)        0.124     6.285 f  i_ariane/i_cva6/ex_stage_i/lsu_i/i_store_unit/store_buffer_i/i___145_i_6/O
                         net (fo=1, routed)           0.638     6.923    i_ariane/i_cva6/ex_stage_i/lsu_i/i_store_unit/store_buffer_i/i___145_i_6_n_1
    SLICE_X104Y12        LUT6 (Prop_lut6_I5_O)        0.124     7.047 f  i_ariane/i_cva6/ex_stage_i/lsu_i/i_store_unit/store_buffer_i/i___145_i_4/O
                         net (fo=6, routed)           0.560     7.607    i_ariane/i_cva6/ex_stage_i/lsu_i/i_load_unit/page_offset_matches
    SLICE_X99Y12         LUT4 (Prop_lut4_I1_O)        0.124     7.731 r  i_ariane/i_cva6/ex_stage_i/lsu_i/i_load_unit/i___145_i_2/O
                         net (fo=3, routed)           0.463     8.194    i_ariane/i_cva6/ex_stage_i/lsu_i/i_load_unit/i___145_i_2_n_1
    SLICE_X99Y12         LUT3 (Prop_lut3_I2_O)        0.124     8.318 r  i_ariane/i_cva6/ex_stage_i/lsu_i/i_load_unit/i___145_i_1/O
                         net (fo=5, routed)           1.169     9.488    i_ariane/i_cva6/gen_cache_wt.i_cache_subsystem/dcache_req_ports_ex_cache[1][data_req]
    SLICE_X98Y23         LUT4 (Prop_lut4_I1_O)        0.148     9.636 r  i_ariane/i_cva6/gen_cache_wt.i_cache_subsystem/i___145/O
                         net (fo=11, routed)          0.529    10.164    i_ariane/i_cva6/gen_cache_wt.i_cache_subsystem/i_wt_dcache/i_wt_dcache_mem/i_rr_arb_tree/rd_ack_q_reg_0
    SLICE_X98Y23         LUT4 (Prop_lut4_I2_O)        0.328    10.492 f  i_ariane/i_cva6/gen_cache_wt.i_cache_subsystem/i_wt_dcache/i_wt_dcache_mem/i_rr_arb_tree/vld_sel_q[1]_i_1/O
                         net (fo=13, routed)          0.577    11.070    i_ariane/i_cva6/gen_cache_wt.i_cache_subsystem/i_wt_dcache_mem/vld_sel_d[1]
    SLICE_X98Y22         LUT6 (Prop_lut6_I1_O)        0.124    11.194 r  i_ariane/i_cva6/gen_cache_wt.i_cache_subsystem/i___117/O
                         net (fo=1, routed)           0.310    11.503    i_ariane/i_cva6/gen_cache_wt.i_cache_subsystem/i_wt_dcache/gen_rd_ports[0].i_wt_dcache_ctrl/address_off_q_reg[3]_0
    SLICE_X96Y22         LUT6 (Prop_lut6_I0_O)        0.124    11.627 r  i_ariane/i_cva6/gen_cache_wt.i_cache_subsystem/i_wt_dcache/gen_rd_ports[0].i_wt_dcache_ctrl/address_off_q[3]_i_1/O
                         net (fo=27, routed)          0.670    12.297    i_ariane/i_cva6/gen_cache_wt.i_cache_subsystem/i_wt_dcache/gen_rd_ports[0].i_wt_dcache_ctrl/FSM_sequential_state_q_reg[0]_0
    SLICE_X91Y23         LUT3 (Prop_lut3_I1_O)        0.118    12.415 f  i_ariane/i_cva6/gen_cache_wt.i_cache_subsystem/i_wt_dcache/gen_rd_ports[0].i_wt_dcache_ctrl/i___112_i_11/O
                         net (fo=2, routed)           0.490    12.906    i_ariane/i_cva6/gen_cache_wt.i_cache_subsystem/i_wt_dcache/i_wt_dcache_wbuffer/i_clean_rr/i___237_i_1_0[0]
    SLICE_X90Y23         LUT6 (Prop_lut6_I1_O)        0.326    13.232 f  i_ariane/i_cva6/gen_cache_wt.i_cache_subsystem/i_wt_dcache/i_wt_dcache_wbuffer/i_clean_rr/i___237_i_4/O
                         net (fo=1, routed)           0.791    14.023    i_ariane/i_cva6/gen_cache_wt.i_cache_subsystem/i_wt_dcache/gen_rd_ports[1].i_wt_dcache_ctrl/bank_off_q_reg[2]
    SLICE_X90Y23         LUT5 (Prop_lut5_I0_O)        0.150    14.173 f  i_ariane/i_cva6/gen_cache_wt.i_cache_subsystem/i_wt_dcache/gen_rd_ports[1].i_wt_dcache_ctrl/i___237_i_1/O
                         net (fo=5, routed)           0.851    15.024    i_ariane/i_cva6/gen_cache_wt.i_cache_subsystem/i_wt_dcache_n_364
    SLICE_X86Y23         LUT5 (Prop_lut5_I2_O)        0.328    15.352 r  i_ariane/i_cva6/gen_cache_wt.i_cache_subsystem/i___237/O
                         net (fo=9, routed)           0.841    16.193    i_ariane/i_cva6/gen_cache_wt.i_cache_subsystem/i_wt_dcache/i_wt_dcache_wbuffer/Mem_DP_reg_7
    SLICE_X79Y25         LUT5 (Prop_lut5_I1_O)        0.124    16.317 r  i_ariane/i_cva6/gen_cache_wt.i_cache_subsystem/i_wt_dcache/i_wt_dcache_wbuffer/Mem_DP_reg_i_3__3/O
                         net (fo=2, routed)           1.254    17.571    i_ariane/i_cva6/gen_cache_wt.i_cache_subsystem/i_wt_dcache/i_wt_dcache_mem/gen_data_banks[3].i_data_sram/gen_cut[0].i_tc_sram_wrapper/i_ram/Mem_DP_reg_4[6]
    RAMB36_X3Y5          RAMB36E1                                     r  i_ariane/i_cva6/gen_cache_wt.i_cache_subsystem/i_wt_dcache/i_wt_dcache_mem/gen_data_banks[3].i_data_sram/gen_cut[0].i_tc_sram_wrapper/i_ram/Mem_DP_reg/ADDRARDADDR[12]
  -------------------------------------------------------------------    -------------------

                         (clock clk_out1_xlnx_clk_gen rise edge)
                                                     20.000    20.000 r  
    K17                                               0.000    20.000 r  clk_sys (IN)
                         net (fo=0)                   0.000    20.000    i_xlnx_clk_gen/inst/clk_in1
    K17                  IBUF (Prop_ibuf_I_O)         1.404    21.404 r  i_xlnx_clk_gen/inst/clkin1_ibufg/O
                         net (fo=1, routed)           1.162    22.566    i_xlnx_clk_gen/inst/clk_in1_xlnx_clk_gen
    MMCME2_ADV_X1Y2      MMCME2_ADV (Prop_mmcme2_adv_CLKIN1_CLKOUT0)
                                                     -7.814    14.752 r  i_xlnx_clk_gen/inst/mmcm_adv_inst/CLKOUT0
                         net (fo=1, routed)           2.012    16.764    i_xlnx_clk_gen/inst/clk_out1_xlnx_clk_gen
    BUFGCTRL_X0Y16       BUFG (Prop_bufg_I_O)         0.091    16.855 r  i_xlnx_clk_gen/inst/clkout1_buf/O
                         net (fo=15149, routed)       1.584    18.439    i_ariane/i_cva6/gen_cache_wt.i_cache_subsystem/i_wt_dcache/i_wt_dcache_mem/gen_data_banks[3].i_data_sram/gen_cut[0].i_tc_sram_wrapper/i_ram/clk_out1
    RAMB36_X3Y5          RAMB36E1                                     r  i_ariane/i_cva6/gen_cache_wt.i_cache_subsystem/i_wt_dcache/i_wt_dcache_mem/gen_data_banks[3].i_data_sram/gen_cut[0].i_tc_sram_wrapper/i_ram/Mem_DP_reg/CLKARDCLK
                         clock pessimism              0.567    19.006    
                         clock uncertainty           -0.079    18.927    
    RAMB36_X3Y5          RAMB36E1 (Setup_ramb36e1_CLKARDCLK_ADDRARDADDR[12])
                                                     -0.566    18.361    i_ariane/i_cva6/gen_cache_wt.i_cache_subsystem/i_wt_dcache/i_wt_dcache_mem/gen_data_banks[3].i_data_sram/gen_cut[0].i_tc_sram_wrapper/i_ram/Mem_DP_reg
  -------------------------------------------------------------------
                         required time                         18.361    
                         arrival time                         -17.571    
  -------------------------------------------------------------------
                         slack                                  0.790    

Slack (MET) :             0.807ns  (required time - arrival time)
  Source:                 i_ariane/i_cva6/issue_stage_i/i_issue_read_operands/operand_a_q_reg[1]/C
                            (rising edge-triggered cell FDCE clocked by clk_out1_xlnx_clk_gen  {rise@0.000ns fall@10.000ns period=20.000ns})
  Destination:            i_ariane/i_cva6/gen_cache_wt.i_cache_subsystem/i_wt_dcache/i_wt_dcache_mem/gen_data_banks[2].i_data_sram/gen_cut[0].i_tc_sram_wrapper/i_ram/Mem_DP_reg/ADDRARDADDR[11]
                            (rising edge-triggered cell RAMB36E1 clocked by clk_out1_xlnx_clk_gen  {rise@0.000ns fall@10.000ns period=20.000ns})
  Path Group:             clk_out1_xlnx_clk_gen
  Path Type:              Setup (Max at Slow Process Corner)
  Requirement:            20.000ns  (clk_out1_xlnx_clk_gen rise@20.000ns - clk_out1_xlnx_clk_gen rise@0.000ns)
  Data Path Delay:        18.510ns  (logic 4.995ns (26.985%)  route 13.515ns (73.015%))
  Logic Levels:           19  (CARRY4=2 LUT3=3 LUT4=4 LUT5=4 LUT6=6)
  Clock Path Skew:        -0.038ns (DCD - SCD + CPR)
    Destination Clock Delay (DCD):    -1.564ns = ( 18.436 - 20.000 ) 
    Source Clock Delay      (SCD):    -0.959ns
    Clock Pessimism Removal (CPR):    0.567ns
  Clock Uncertainty:      0.079ns  ((TSJ^2 + DJ^2)^1/2) / 2 + PE
    Total System Jitter     (TSJ):    0.071ns
    Discrete Jitter          (DJ):    0.142ns
    Phase Error              (PE):    0.000ns

    Location             Delay type                Incr(ns)  Path(ns)    Netlist Resource(s)
  -------------------------------------------------------------------    -------------------
                         (clock clk_out1_xlnx_clk_gen rise edge)
                                                      0.000     0.000 r  
    K17                                               0.000     0.000 r  clk_sys (IN)
                         net (fo=0)                   0.000     0.000    i_xlnx_clk_gen/inst/clk_in1
    K17                  IBUF (Prop_ibuf_I_O)         1.475     1.475 r  i_xlnx_clk_gen/inst/clkin1_ibufg/O
                         net (fo=1, routed)           1.285     2.760    i_xlnx_clk_gen/inst/clk_in1_xlnx_clk_gen
    MMCME2_ADV_X1Y2      MMCME2_ADV (Prop_mmcme2_adv_CLKIN1_CLKOUT0)
                                                     -7.759    -4.999 r  i_xlnx_clk_gen/inst/mmcm_adv_inst/CLKOUT0
                         net (fo=1, routed)           2.206    -2.793    i_xlnx_clk_gen/inst/clk_out1_xlnx_clk_gen
    BUFGCTRL_X0Y16       BUFG (Prop_bufg_I_O)         0.101    -2.692 r  i_xlnx_clk_gen/inst/clkout1_buf/O
                         net (fo=15149, routed)       1.733    -0.959    i_ariane/i_cva6/issue_stage_i/i_issue_read_operands/clk_out1
    SLICE_X70Y6          FDCE                                         r  i_ariane/i_cva6/issue_stage_i/i_issue_read_operands/operand_a_q_reg[1]/C
  -------------------------------------------------------------------    -------------------
    SLICE_X70Y6          FDCE (Prop_fdce_C_Q)         0.456    -0.503 r  i_ariane/i_cva6/issue_stage_i/i_issue_read_operands/operand_a_q_reg[1]/Q
                         net (fo=15, routed)          0.812     0.309    i_ariane/i_cva6/issue_stage_i/i_issue_read_operands/fu_data_id_ex[operand_a][1]
    SLICE_X70Y9          LUT3 (Prop_lut3_I1_O)        0.124     0.433 r  i_ariane/i_cva6/issue_stage_i/i_issue_read_operands/address_off_q[3]_i_9/O
                         net (fo=1, routed)           0.000     0.433    i_ariane/i_cva6/issue_stage_i/i_issue_read_operands/address_off_q[3]_i_9_n_1
    SLICE_X70Y9          CARRY4 (Prop_carry4_S[1]_O[3])
                                                      0.640     1.073 r  i_ariane/i_cva6/issue_stage_i/i_issue_read_operands/address_off_q_reg[3]_i_2/O[3]
                         net (fo=4, routed)           1.303     2.376    i_ariane/i_cva6/ex_stage_i/lsu_i/lsu_bypass_i/misaligned_ex_q_reg[tval][3][3]
    SLICE_X95Y11         LUT6 (Prop_lut6_I5_O)        0.306     2.682 r  i_ariane/i_cva6/ex_stage_i/lsu_i/lsu_bypass_i/address_off_q[3]_i_1__0/O
                         net (fo=13, routed)          0.967     3.650    i_ariane/i_cva6/ex_stage_i/lsu_i/i_store_unit/store_buffer_i/page_offset_matches_o2_inferred__5/i__carry_0
    SLICE_X101Y11        LUT6 (Prop_lut6_I1_O)        0.124     3.774 r  i_ariane/i_cva6/ex_stage_i/lsu_i/i_store_unit/store_buffer_i/i__carry_i_3__6/O
                         net (fo=1, routed)           0.000     3.774    i_ariane/i_cva6/ex_stage_i/lsu_i/i_store_unit/store_buffer_i/i__carry_i_3__6_n_1
    SLICE_X101Y11        CARRY4 (Prop_carry4_S[0]_CO[2])
                                                      0.536     4.310 f  i_ariane/i_cva6/ex_stage_i/lsu_i/i_store_unit/store_buffer_i/page_offset_matches_o2_inferred__3/i__carry/CO[2]
                         net (fo=1, routed)           0.849     5.158    i_ariane/i_cva6/ex_stage_i/lsu_i/i_store_unit/store_buffer_i/page_offset_matches_o21_out
    SLICE_X104Y12        LUT4 (Prop_lut4_I1_O)        0.313     5.471 f  i_ariane/i_cva6/ex_stage_i/lsu_i/i_store_unit/store_buffer_i/i___145_i_7/O
                         net (fo=1, routed)           0.689     6.161    i_ariane/i_cva6/ex_stage_i/lsu_i/i_store_unit/store_buffer_i/i___145_i_7_n_1
    SLICE_X104Y12        LUT5 (Prop_lut5_I4_O)        0.124     6.285 f  i_ariane/i_cva6/ex_stage_i/lsu_i/i_store_unit/store_buffer_i/i___145_i_6/O
                         net (fo=1, routed)           0.638     6.923    i_ariane/i_cva6/ex_stage_i/lsu_i/i_store_unit/store_buffer_i/i___145_i_6_n_1
    SLICE_X104Y12        LUT6 (Prop_lut6_I5_O)        0.124     7.047 f  i_ariane/i_cva6/ex_stage_i/lsu_i/i_store_unit/store_buffer_i/i___145_i_4/O
                         net (fo=6, routed)           0.560     7.607    i_ariane/i_cva6/ex_stage_i/lsu_i/i_load_unit/page_offset_matches
    SLICE_X99Y12         LUT4 (Prop_lut4_I1_O)        0.124     7.731 r  i_ariane/i_cva6/ex_stage_i/lsu_i/i_load_unit/i___145_i_2/O
                         net (fo=3, routed)           0.463     8.194    i_ariane/i_cva6/ex_stage_i/lsu_i/i_load_unit/i___145_i_2_n_1
    SLICE_X99Y12         LUT3 (Prop_lut3_I2_O)        0.124     8.318 r  i_ariane/i_cva6/ex_stage_i/lsu_i/i_load_unit/i___145_i_1/O
                         net (fo=5, routed)           1.169     9.488    i_ariane/i_cva6/gen_cache_wt.i_cache_subsystem/dcache_req_ports_ex_cache[1][data_req]
    SLICE_X98Y23         LUT4 (Prop_lut4_I1_O)        0.148     9.636 r  i_ariane/i_cva6/gen_cache_wt.i_cache_subsystem/i___145/O
                         net (fo=11, routed)          0.529    10.164    i_ariane/i_cva6/gen_cache_wt.i_cache_subsystem/i_wt_dcache/i_wt_dcache_mem/i_rr_arb_tree/rd_ack_q_reg_0
    SLICE_X98Y23         LUT4 (Prop_lut4_I2_O)        0.328    10.492 f  i_ariane/i_cva6/gen_cache_wt.i_cache_subsystem/i_wt_dcache/i_wt_dcache_mem/i_rr_arb_tree/vld_sel_q[1]_i_1/O
                         net (fo=13, routed)          0.577    11.070    i_ariane/i_cva6/gen_cache_wt.i_cache_subsystem/i_wt_dcache_mem/vld_sel_d[1]
    SLICE_X98Y22         LUT6 (Prop_lut6_I1_O)        0.124    11.194 r  i_ariane/i_cva6/gen_cache_wt.i_cache_subsystem/i___117/O
                         net (fo=1, routed)           0.310    11.503    i_ariane/i_cva6/gen_cache_wt.i_cache_subsystem/i_wt_dcache/gen_rd_ports[0].i_wt_dcache_ctrl/address_off_q_reg[3]_0
    SLICE_X96Y22         LUT6 (Prop_lut6_I0_O)        0.124    11.627 r  i_ariane/i_cva6/gen_cache_wt.i_cache_subsystem/i_wt_dcache/gen_rd_ports[0].i_wt_dcache_ctrl/address_off_q[3]_i_1/O
                         net (fo=27, routed)          0.670    12.297    i_ariane/i_cva6/gen_cache_wt.i_cache_subsystem/i_wt_dcache/gen_rd_ports[0].i_wt_dcache_ctrl/FSM_sequential_state_q_reg[0]_0
    SLICE_X91Y23         LUT3 (Prop_lut3_I1_O)        0.118    12.415 r  i_ariane/i_cva6/gen_cache_wt.i_cache_subsystem/i_wt_dcache/gen_rd_ports[0].i_wt_dcache_ctrl/i___112_i_11/O
                         net (fo=2, routed)           0.490    12.906    i_ariane/i_cva6/gen_cache_wt.i_cache_subsystem/i_wt_dcache/i_wt_dcache_wbuffer/i_clean_rr/i___237_i_1_0[0]
    SLICE_X90Y23         LUT6 (Prop_lut6_I1_O)        0.326    13.232 r  i_ariane/i_cva6/gen_cache_wt.i_cache_subsystem/i_wt_dcache/i_wt_dcache_wbuffer/i_clean_rr/i___237_i_4/O
                         net (fo=1, routed)           0.791    14.023    i_ariane/i_cva6/gen_cache_wt.i_cache_subsystem/i_wt_dcache/gen_rd_ports[1].i_wt_dcache_ctrl/bank_off_q_reg[2]
    SLICE_X90Y23         LUT5 (Prop_lut5_I0_O)        0.150    14.173 r  i_ariane/i_cva6/gen_cache_wt.i_cache_subsystem/i_wt_dcache/gen_rd_ports[1].i_wt_dcache_ctrl/i___237_i_1/O
                         net (fo=5, routed)           0.851    15.024    i_ariane/i_cva6/gen_cache_wt.i_cache_subsystem/i_wt_dcache_n_364
    SLICE_X86Y23         LUT5 (Prop_lut5_I3_O)        0.354    15.378 r  i_ariane/i_cva6/gen_cache_wt.i_cache_subsystem/i___238/O
                         net (fo=9, routed)           0.531    15.909    i_ariane/i_cva6/gen_cache_wt.i_cache_subsystem/i_wt_dcache/i_wt_dcache_wbuffer/Mem_DP_reg_5
    SLICE_X82Y22         LUT5 (Prop_lut5_I1_O)        0.328    16.237 r  i_ariane/i_cva6/gen_cache_wt.i_cache_subsystem/i_wt_dcache/i_wt_dcache_wbuffer/Mem_DP_reg_i_4__2/O
                         net (fo=2, routed)           1.314    17.551    i_ariane/i_cva6/gen_cache_wt.i_cache_subsystem/i_wt_dcache/i_wt_dcache_mem/gen_data_banks[2].i_data_sram/gen_cut[0].i_tc_sram_wrapper/i_ram/Mem_DP_reg_18[5]
    RAMB36_X3Y4          RAMB36E1                                     r  i_ariane/i_cva6/gen_cache_wt.i_cache_subsystem/i_wt_dcache/i_wt_dcache_mem/gen_data_banks[2].i_data_sram/gen_cut[0].i_tc_sram_wrapper/i_ram/Mem_DP_reg/ADDRARDADDR[11]
  -------------------------------------------------------------------    -------------------

                         (clock clk_out1_xlnx_clk_gen rise edge)
                                                     20.000    20.000 r  
    K17                                               0.000    20.000 r  clk_sys (IN)
                         net (fo=0)                   0.000    20.000    i_xlnx_clk_gen/inst/clk_in1
    K17                  IBUF (Prop_ibuf_I_O)         1.404    21.404 r  i_xlnx_clk_gen/inst/clkin1_ibufg/O
                         net (fo=1, routed)           1.162    22.566    i_xlnx_clk_gen/inst/clk_in1_xlnx_clk_gen
    MMCME2_ADV_X1Y2      MMCME2_ADV (Prop_mmcme2_adv_CLKIN1_CLKOUT0)
                                                     -7.814    14.752 r  i_xlnx_clk_gen/inst/mmcm_adv_inst/CLKOUT0
                         net (fo=1, routed)           2.012    16.764    i_xlnx_clk_gen/inst/clk_out1_xlnx_clk_gen
    BUFGCTRL_X0Y16       BUFG (Prop_bufg_I_O)         0.091    16.855 r  i_xlnx_clk_gen/inst/clkout1_buf/O
                         net (fo=15149, routed)       1.581    18.436    i_ariane/i_cva6/gen_cache_wt.i_cache_subsystem/i_wt_dcache/i_wt_dcache_mem/gen_data_banks[2].i_data_sram/gen_cut[0].i_tc_sram_wrapper/i_ram/clk_out1
    RAMB36_X3Y4          RAMB36E1                                     r  i_ariane/i_cva6/gen_cache_wt.i_cache_subsystem/i_wt_dcache/i_wt_dcache_mem/gen_data_banks[2].i_data_sram/gen_cut[0].i_tc_sram_wrapper/i_ram/Mem_DP_reg/CLKARDCLK
                         clock pessimism              0.567    19.003    
                         clock uncertainty           -0.079    18.924    
    RAMB36_X3Y4          RAMB36E1 (Setup_ramb36e1_CLKARDCLK_ADDRARDADDR[11])
                                                     -0.566    18.358    i_ariane/i_cva6/gen_cache_wt.i_cache_subsystem/i_wt_dcache/i_wt_dcache_mem/gen_data_banks[2].i_data_sram/gen_cut[0].i_tc_sram_wrapper/i_ram/Mem_DP_reg
  -------------------------------------------------------------------
                         required time                         18.358    
                         arrival time                         -17.551    
  -------------------------------------------------------------------
                         slack                                  0.807    

Slack (MET) :             0.809ns  (required time - arrival time)
  Source:                 i_ariane/i_cva6/issue_stage_i/i_issue_read_operands/operand_a_q_reg[1]/C
                            (rising edge-triggered cell FDCE clocked by clk_out1_xlnx_clk_gen  {rise@0.000ns fall@10.000ns period=20.000ns})
  Destination:            i_ariane/i_cva6/gen_cache_wt.i_cache_subsystem/i_wt_dcache/i_wt_dcache_mem/gen_data_banks[2].i_data_sram/gen_cut[0].i_tc_sram_wrapper/i_ram/Mem_DP_reg/ADDRARDADDR[8]
                            (rising edge-triggered cell RAMB36E1 clocked by clk_out1_xlnx_clk_gen  {rise@0.000ns fall@10.000ns period=20.000ns})
  Path Group:             clk_out1_xlnx_clk_gen
  Path Type:              Setup (Max at Slow Process Corner)
  Requirement:            20.000ns  (clk_out1_xlnx_clk_gen rise@20.000ns - clk_out1_xlnx_clk_gen rise@0.000ns)
  Data Path Delay:        18.508ns  (logic 4.995ns (26.988%)  route 13.513ns (73.012%))
  Logic Levels:           19  (CARRY4=2 LUT3=3 LUT4=4 LUT5=4 LUT6=6)
  Clock Path Skew:        -0.038ns (DCD - SCD + CPR)
    Destination Clock Delay (DCD):    -1.564ns = ( 18.436 - 20.000 ) 
    Source Clock Delay      (SCD):    -0.959ns
    Clock Pessimism Removal (CPR):    0.567ns
  Clock Uncertainty:      0.079ns  ((TSJ^2 + DJ^2)^1/2) / 2 + PE
    Total System Jitter     (TSJ):    0.071ns
    Discrete Jitter          (DJ):    0.142ns
    Phase Error              (PE):    0.000ns

    Location             Delay type                Incr(ns)  Path(ns)    Netlist Resource(s)
  -------------------------------------------------------------------    -------------------
                         (clock clk_out1_xlnx_clk_gen rise edge)
                                                      0.000     0.000 r  
    K17                                               0.000     0.000 r  clk_sys (IN)
                         net (fo=0)                   0.000     0.000    i_xlnx_clk_gen/inst/clk_in1
    K17                  IBUF (Prop_ibuf_I_O)         1.475     1.475 r  i_xlnx_clk_gen/inst/clkin1_ibufg/O
                         net (fo=1, routed)           1.285     2.760    i_xlnx_clk_gen/inst/clk_in1_xlnx_clk_gen
    MMCME2_ADV_X1Y2      MMCME2_ADV (Prop_mmcme2_adv_CLKIN1_CLKOUT0)
                                                     -7.759    -4.999 r  i_xlnx_clk_gen/inst/mmcm_adv_inst/CLKOUT0
                         net (fo=1, routed)           2.206    -2.793    i_xlnx_clk_gen/inst/clk_out1_xlnx_clk_gen
    BUFGCTRL_X0Y16       BUFG (Prop_bufg_I_O)         0.101    -2.692 r  i_xlnx_clk_gen/inst/clkout1_buf/O
                         net (fo=15149, routed)       1.733    -0.959    i_ariane/i_cva6/issue_stage_i/i_issue_read_operands/clk_out1
    SLICE_X70Y6          FDCE                                         r  i_ariane/i_cva6/issue_stage_i/i_issue_read_operands/operand_a_q_reg[1]/C
  -------------------------------------------------------------------    -------------------
    SLICE_X70Y6          FDCE (Prop_fdce_C_Q)         0.456    -0.503 r  i_ariane/i_cva6/issue_stage_i/i_issue_read_operands/operand_a_q_reg[1]/Q
                         net (fo=15, routed)          0.812     0.309    i_ariane/i_cva6/issue_stage_i/i_issue_read_operands/fu_data_id_ex[operand_a][1]
    SLICE_X70Y9          LUT3 (Prop_lut3_I1_O)        0.124     0.433 r  i_ariane/i_cva6/issue_stage_i/i_issue_read_operands/address_off_q[3]_i_9/O
                         net (fo=1, routed)           0.000     0.433    i_ariane/i_cva6/issue_stage_i/i_issue_read_operands/address_off_q[3]_i_9_n_1
    SLICE_X70Y9          CARRY4 (Prop_carry4_S[1]_O[3])
                                                      0.640     1.073 r  i_ariane/i_cva6/issue_stage_i/i_issue_read_operands/address_off_q_reg[3]_i_2/O[3]
                         net (fo=4, routed)           1.303     2.376    i_ariane/i_cva6/ex_stage_i/lsu_i/lsu_bypass_i/misaligned_ex_q_reg[tval][3][3]
    SLICE_X95Y11         LUT6 (Prop_lut6_I5_O)        0.306     2.682 r  i_ariane/i_cva6/ex_stage_i/lsu_i/lsu_bypass_i/address_off_q[3]_i_1__0/O
                         net (fo=13, routed)          0.967     3.650    i_ariane/i_cva6/ex_stage_i/lsu_i/i_store_unit/store_buffer_i/page_offset_matches_o2_inferred__5/i__carry_0
    SLICE_X101Y11        LUT6 (Prop_lut6_I1_O)        0.124     3.774 r  i_ariane/i_cva6/ex_stage_i/lsu_i/i_store_unit/store_buffer_i/i__carry_i_3__6/O
                         net (fo=1, routed)           0.000     3.774    i_ariane/i_cva6/ex_stage_i/lsu_i/i_store_unit/store_buffer_i/i__carry_i_3__6_n_1
    SLICE_X101Y11        CARRY4 (Prop_carry4_S[0]_CO[2])
                                                      0.536     4.310 f  i_ariane/i_cva6/ex_stage_i/lsu_i/i_store_unit/store_buffer_i/page_offset_matches_o2_inferred__3/i__carry/CO[2]
                         net (fo=1, routed)           0.849     5.158    i_ariane/i_cva6/ex_stage_i/lsu_i/i_store_unit/store_buffer_i/page_offset_matches_o21_out
    SLICE_X104Y12        LUT4 (Prop_lut4_I1_O)        0.313     5.471 f  i_ariane/i_cva6/ex_stage_i/lsu_i/i_store_unit/store_buffer_i/i___145_i_7/O
                         net (fo=1, routed)           0.689     6.161    i_ariane/i_cva6/ex_stage_i/lsu_i/i_store_unit/store_buffer_i/i___145_i_7_n_1
    SLICE_X104Y12        LUT5 (Prop_lut5_I4_O)        0.124     6.285 f  i_ariane/i_cva6/ex_stage_i/lsu_i/i_store_unit/store_buffer_i/i___145_i_6/O
                         net (fo=1, routed)           0.638     6.923    i_ariane/i_cva6/ex_stage_i/lsu_i/i_store_unit/store_buffer_i/i___145_i_6_n_1
    SLICE_X104Y12        LUT6 (Prop_lut6_I5_O)        0.124     7.047 f  i_ariane/i_cva6/ex_stage_i/lsu_i/i_store_unit/store_buffer_i/i___145_i_4/O
                         net (fo=6, routed)           0.560     7.607    i_ariane/i_cva6/ex_stage_i/lsu_i/i_load_unit/page_offset_matches
    SLICE_X99Y12         LUT4 (Prop_lut4_I1_O)        0.124     7.731 r  i_ariane/i_cva6/ex_stage_i/lsu_i/i_load_unit/i___145_i_2/O
                         net (fo=3, routed)           0.463     8.194    i_ariane/i_cva6/ex_stage_i/lsu_i/i_load_unit/i___145_i_2_n_1
    SLICE_X99Y12         LUT3 (Prop_lut3_I2_O)        0.124     8.318 r  i_ariane/i_cva6/ex_stage_i/lsu_i/i_load_unit/i___145_i_1/O
                         net (fo=5, routed)           1.169     9.488    i_ariane/i_cva6/gen_cache_wt.i_cache_subsystem/dcache_req_ports_ex_cache[1][data_req]
    SLICE_X98Y23         LUT4 (Prop_lut4_I1_O)        0.148     9.636 r  i_ariane/i_cva6/gen_cache_wt.i_cache_subsystem/i___145/O
                         net (fo=11, routed)          0.529    10.164    i_ariane/i_cva6/gen_cache_wt.i_cache_subsystem/i_wt_dcache/i_wt_dcache_mem/i_rr_arb_tree/rd_ack_q_reg_0
    SLICE_X98Y23         LUT4 (Prop_lut4_I2_O)        0.328    10.492 f  i_ariane/i_cva6/gen_cache_wt.i_cache_subsystem/i_wt_dcache/i_wt_dcache_mem/i_rr_arb_tree/vld_sel_q[1]_i_1/O
                         net (fo=13, routed)          0.577    11.070    i_ariane/i_cva6/gen_cache_wt.i_cache_subsystem/i_wt_dcache_mem/vld_sel_d[1]
    SLICE_X98Y22         LUT6 (Prop_lut6_I1_O)        0.124    11.194 r  i_ariane/i_cva6/gen_cache_wt.i_cache_subsystem/i___117/O
                         net (fo=1, routed)           0.310    11.503    i_ariane/i_cva6/gen_cache_wt.i_cache_subsystem/i_wt_dcache/gen_rd_ports[0].i_wt_dcache_ctrl/address_off_q_reg[3]_0
    SLICE_X96Y22         LUT6 (Prop_lut6_I0_O)        0.124    11.627 r  i_ariane/i_cva6/gen_cache_wt.i_cache_subsystem/i_wt_dcache/gen_rd_ports[0].i_wt_dcache_ctrl/address_off_q[3]_i_1/O
                         net (fo=27, routed)          0.670    12.297    i_ariane/i_cva6/gen_cache_wt.i_cache_subsystem/i_wt_dcache/gen_rd_ports[0].i_wt_dcache_ctrl/FSM_sequential_state_q_reg[0]_0
    SLICE_X91Y23         LUT3 (Prop_lut3_I1_O)        0.118    12.415 r  i_ariane/i_cva6/gen_cache_wt.i_cache_subsystem/i_wt_dcache/gen_rd_ports[0].i_wt_dcache_ctrl/i___112_i_11/O
                         net (fo=2, routed)           0.490    12.906    i_ariane/i_cva6/gen_cache_wt.i_cache_subsystem/i_wt_dcache/i_wt_dcache_wbuffer/i_clean_rr/i___237_i_1_0[0]
    SLICE_X90Y23         LUT6 (Prop_lut6_I1_O)        0.326    13.232 r  i_ariane/i_cva6/gen_cache_wt.i_cache_subsystem/i_wt_dcache/i_wt_dcache_wbuffer/i_clean_rr/i___237_i_4/O
                         net (fo=1, routed)           0.791    14.023    i_ariane/i_cva6/gen_cache_wt.i_cache_subsystem/i_wt_dcache/gen_rd_ports[1].i_wt_dcache_ctrl/bank_off_q_reg[2]
    SLICE_X90Y23         LUT5 (Prop_lut5_I0_O)        0.150    14.173 r  i_ariane/i_cva6/gen_cache_wt.i_cache_subsystem/i_wt_dcache/gen_rd_ports[1].i_wt_dcache_ctrl/i___237_i_1/O
                         net (fo=5, routed)           0.851    15.024    i_ariane/i_cva6/gen_cache_wt.i_cache_subsystem/i_wt_dcache_n_364
    SLICE_X86Y23         LUT5 (Prop_lut5_I3_O)        0.354    15.378 r  i_ariane/i_cva6/gen_cache_wt.i_cache_subsystem/i___238/O
                         net (fo=9, routed)           0.670    16.048    i_ariane/i_cva6/gen_cache_wt.i_cache_subsystem/i_wt_dcache/i_wt_dcache_wbuffer/i_clean_rr/Mem_DP_reg_2
    SLICE_X81Y22         LUT5 (Prop_lut5_I1_O)        0.328    16.376 r  i_ariane/i_cva6/gen_cache_wt.i_cache_subsystem/i_wt_dcache/i_wt_dcache_wbuffer/i_clean_rr/Mem_DP_reg_i_7__2/O
                         net (fo=2, routed)           1.173    17.549    i_ariane/i_cva6/gen_cache_wt.i_cache_subsystem/i_wt_dcache/i_wt_dcache_mem/gen_data_banks[2].i_data_sram/gen_cut[0].i_tc_sram_wrapper/i_ram/Mem_DP_reg_18[2]
    RAMB36_X3Y4          RAMB36E1                                     r  i_ariane/i_cva6/gen_cache_wt.i_cache_subsystem/i_wt_dcache/i_wt_dcache_mem/gen_data_banks[2].i_data_sram/gen_cut[0].i_tc_sram_wrapper/i_ram/Mem_DP_reg/ADDRARDADDR[8]
  -------------------------------------------------------------------    -------------------

                         (clock clk_out1_xlnx_clk_gen rise edge)
                                                     20.000    20.000 r  
    K17                                               0.000    20.000 r  clk_sys (IN)
                         net (fo=0)                   0.000    20.000    i_xlnx_clk_gen/inst/clk_in1
    K17                  IBUF (Prop_ibuf_I_O)         1.404    21.404 r  i_xlnx_clk_gen/inst/clkin1_ibufg/O
                         net (fo=1, routed)           1.162    22.566    i_xlnx_clk_gen/inst/clk_in1_xlnx_clk_gen
    MMCME2_ADV_X1Y2      MMCME2_ADV (Prop_mmcme2_adv_CLKIN1_CLKOUT0)
                                                     -7.814    14.752 r  i_xlnx_clk_gen/inst/mmcm_adv_inst/CLKOUT0
                         net (fo=1, routed)           2.012    16.764    i_xlnx_clk_gen/inst/clk_out1_xlnx_clk_gen
    BUFGCTRL_X0Y16       BUFG (Prop_bufg_I_O)         0.091    16.855 r  i_xlnx_clk_gen/inst/clkout1_buf/O
                         net (fo=15149, routed)       1.581    18.436    i_ariane/i_cva6/gen_cache_wt.i_cache_subsystem/i_wt_dcache/i_wt_dcache_mem/gen_data_banks[2].i_data_sram/gen_cut[0].i_tc_sram_wrapper/i_ram/clk_out1
    RAMB36_X3Y4          RAMB36E1                                     r  i_ariane/i_cva6/gen_cache_wt.i_cache_subsystem/i_wt_dcache/i_wt_dcache_mem/gen_data_banks[2].i_data_sram/gen_cut[0].i_tc_sram_wrapper/i_ram/Mem_DP_reg/CLKARDCLK
                         clock pessimism              0.567    19.003    
                         clock uncertainty           -0.079    18.924    
    RAMB36_X3Y4          RAMB36E1 (Setup_ramb36e1_CLKARDCLK_ADDRARDADDR[8])
                                                     -0.566    18.358    i_ariane/i_cva6/gen_cache_wt.i_cache_subsystem/i_wt_dcache/i_wt_dcache_mem/gen_data_banks[2].i_data_sram/gen_cut[0].i_tc_sram_wrapper/i_ram/Mem_DP_reg
  -------------------------------------------------------------------
                         required time                         18.358    
                         arrival time                         -17.549    
  -------------------------------------------------------------------
                         slack                                  0.809    

Slack (MET) :             0.810ns  (required time - arrival time)
  Source:                 i_ariane/i_cva6/issue_stage_i/i_issue_read_operands/operand_a_q_reg[1]/C
                            (rising edge-triggered cell FDCE clocked by clk_out1_xlnx_clk_gen  {rise@0.000ns fall@10.000ns period=20.000ns})
  Destination:            i_ariane/i_cva6/gen_cache_wt.i_cache_subsystem/i_wt_dcache/i_wt_dcache_mem/gen_data_banks[2].i_data_sram/gen_cut[0].i_tc_sram_wrapper/i_ram/Mem_DP_reg/ADDRBWRADDR[11]
                            (rising edge-triggered cell RAMB36E1 clocked by clk_out1_xlnx_clk_gen  {rise@0.000ns fall@10.000ns period=20.000ns})
  Path Group:             clk_out1_xlnx_clk_gen
  Path Type:              Setup (Max at Slow Process Corner)
  Requirement:            20.000ns  (clk_out1_xlnx_clk_gen rise@20.000ns - clk_out1_xlnx_clk_gen rise@0.000ns)
  Data Path Delay:        18.510ns  (logic 4.995ns (26.985%)  route 13.515ns (73.015%))
  Logic Levels:           19  (CARRY4=2 LUT3=3 LUT4=4 LUT5=4 LUT6=6)
  Clock Path Skew:        -0.035ns (DCD - SCD + CPR)
    Destination Clock Delay (DCD):    -1.561ns = ( 18.439 - 20.000 ) 
    Source Clock Delay      (SCD):    -0.959ns
    Clock Pessimism Removal (CPR):    0.567ns
  Clock Uncertainty:      0.079ns  ((TSJ^2 + DJ^2)^1/2) / 2 + PE
    Total System Jitter     (TSJ):    0.071ns
    Discrete Jitter          (DJ):    0.142ns
    Phase Error              (PE):    0.000ns

    Location             Delay type                Incr(ns)  Path(ns)    Netlist Resource(s)
  -------------------------------------------------------------------    -------------------
                         (clock clk_out1_xlnx_clk_gen rise edge)
                                                      0.000     0.000 r  
    K17                                               0.000     0.000 r  clk_sys (IN)
                         net (fo=0)                   0.000     0.000    i_xlnx_clk_gen/inst/clk_in1
    K17                  IBUF (Prop_ibuf_I_O)         1.475     1.475 r  i_xlnx_clk_gen/inst/clkin1_ibufg/O
                         net (fo=1, routed)           1.285     2.760    i_xlnx_clk_gen/inst/clk_in1_xlnx_clk_gen
    MMCME2_ADV_X1Y2      MMCME2_ADV (Prop_mmcme2_adv_CLKIN1_CLKOUT0)
                                                     -7.759    -4.999 r  i_xlnx_clk_gen/inst/mmcm_adv_inst/CLKOUT0
                         net (fo=1, routed)           2.206    -2.793    i_xlnx_clk_gen/inst/clk_out1_xlnx_clk_gen
    BUFGCTRL_X0Y16       BUFG (Prop_bufg_I_O)         0.101    -2.692 r  i_xlnx_clk_gen/inst/clkout1_buf/O
                         net (fo=15149, routed)       1.733    -0.959    i_ariane/i_cva6/issue_stage_i/i_issue_read_operands/clk_out1
    SLICE_X70Y6          FDCE                                         r  i_ariane/i_cva6/issue_stage_i/i_issue_read_operands/operand_a_q_reg[1]/C
  -------------------------------------------------------------------    -------------------
    SLICE_X70Y6          FDCE (Prop_fdce_C_Q)         0.456    -0.503 r  i_ariane/i_cva6/issue_stage_i/i_issue_read_operands/operand_a_q_reg[1]/Q
                         net (fo=15, routed)          0.812     0.309    i_ariane/i_cva6/issue_stage_i/i_issue_read_operands/fu_data_id_ex[operand_a][1]
    SLICE_X70Y9          LUT3 (Prop_lut3_I1_O)        0.124     0.433 r  i_ariane/i_cva6/issue_stage_i/i_issue_read_operands/address_off_q[3]_i_9/O
                         net (fo=1, routed)           0.000     0.433    i_ariane/i_cva6/issue_stage_i/i_issue_read_operands/address_off_q[3]_i_9_n_1
    SLICE_X70Y9          CARRY4 (Prop_carry4_S[1]_O[3])
                                                      0.640     1.073 r  i_ariane/i_cva6/issue_stage_i/i_issue_read_operands/address_off_q_reg[3]_i_2/O[3]
                         net (fo=4, routed)           1.303     2.376    i_ariane/i_cva6/ex_stage_i/lsu_i/lsu_bypass_i/misaligned_ex_q_reg[tval][3][3]
    SLICE_X95Y11         LUT6 (Prop_lut6_I5_O)        0.306     2.682 r  i_ariane/i_cva6/ex_stage_i/lsu_i/lsu_bypass_i/address_off_q[3]_i_1__0/O
                         net (fo=13, routed)          0.967     3.650    i_ariane/i_cva6/ex_stage_i/lsu_i/i_store_unit/store_buffer_i/page_offset_matches_o2_inferred__5/i__carry_0
    SLICE_X101Y11        LUT6 (Prop_lut6_I1_O)        0.124     3.774 r  i_ariane/i_cva6/ex_stage_i/lsu_i/i_store_unit/store_buffer_i/i__carry_i_3__6/O
                         net (fo=1, routed)           0.000     3.774    i_ariane/i_cva6/ex_stage_i/lsu_i/i_store_unit/store_buffer_i/i__carry_i_3__6_n_1
    SLICE_X101Y11        CARRY4 (Prop_carry4_S[0]_CO[2])
                                                      0.536     4.310 f  i_ariane/i_cva6/ex_stage_i/lsu_i/i_store_unit/store_buffer_i/page_offset_matches_o2_inferred__3/i__carry/CO[2]
                         net (fo=1, routed)           0.849     5.158    i_ariane/i_cva6/ex_stage_i/lsu_i/i_store_unit/store_buffer_i/page_offset_matches_o21_out
    SLICE_X104Y12        LUT4 (Prop_lut4_I1_O)        0.313     5.471 f  i_ariane/i_cva6/ex_stage_i/lsu_i/i_store_unit/store_buffer_i/i___145_i_7/O
                         net (fo=1, routed)           0.689     6.161    i_ariane/i_cva6/ex_stage_i/lsu_i/i_store_unit/store_buffer_i/i___145_i_7_n_1
    SLICE_X104Y12        LUT5 (Prop_lut5_I4_O)        0.124     6.285 f  i_ariane/i_cva6/ex_stage_i/lsu_i/i_store_unit/store_buffer_i/i___145_i_6/O
                         net (fo=1, routed)           0.638     6.923    i_ariane/i_cva6/ex_stage_i/lsu_i/i_store_unit/store_buffer_i/i___145_i_6_n_1
    SLICE_X104Y12        LUT6 (Prop_lut6_I5_O)        0.124     7.047 f  i_ariane/i_cva6/ex_stage_i/lsu_i/i_store_unit/store_buffer_i/i___145_i_4/O
                         net (fo=6, routed)           0.560     7.607    i_ariane/i_cva6/ex_stage_i/lsu_i/i_load_unit/page_offset_matches
    SLICE_X99Y12         LUT4 (Prop_lut4_I1_O)        0.124     7.731 r  i_ariane/i_cva6/ex_stage_i/lsu_i/i_load_unit/i___145_i_2/O
                         net (fo=3, routed)           0.463     8.194    i_ariane/i_cva6/ex_stage_i/lsu_i/i_load_unit/i___145_i_2_n_1
    SLICE_X99Y12         LUT3 (Prop_lut3_I2_O)        0.124     8.318 r  i_ariane/i_cva6/ex_stage_i/lsu_i/i_load_unit/i___145_i_1/O
                         net (fo=5, routed)           1.169     9.488    i_ariane/i_cva6/gen_cache_wt.i_cache_subsystem/dcache_req_ports_ex_cache[1][data_req]
    SLICE_X98Y23         LUT4 (Prop_lut4_I1_O)        0.148     9.636 r  i_ariane/i_cva6/gen_cache_wt.i_cache_subsystem/i___145/O
                         net (fo=11, routed)          0.529    10.164    i_ariane/i_cva6/gen_cache_wt.i_cache_subsystem/i_wt_dcache/i_wt_dcache_mem/i_rr_arb_tree/rd_ack_q_reg_0
    SLICE_X98Y23         LUT4 (Prop_lut4_I2_O)        0.328    10.492 f  i_ariane/i_cva6/gen_cache_wt.i_cache_subsystem/i_wt_dcache/i_wt_dcache_mem/i_rr_arb_tree/vld_sel_q[1]_i_1/O
                         net (fo=13, routed)          0.577    11.070    i_ariane/i_cva6/gen_cache_wt.i_cache_subsystem/i_wt_dcache_mem/vld_sel_d[1]
    SLICE_X98Y22         LUT6 (Prop_lut6_I1_O)        0.124    11.194 r  i_ariane/i_cva6/gen_cache_wt.i_cache_subsystem/i___117/O
                         net (fo=1, routed)           0.310    11.503    i_ariane/i_cva6/gen_cache_wt.i_cache_subsystem/i_wt_dcache/gen_rd_ports[0].i_wt_dcache_ctrl/address_off_q_reg[3]_0
    SLICE_X96Y22         LUT6 (Prop_lut6_I0_O)        0.124    11.627 r  i_ariane/i_cva6/gen_cache_wt.i_cache_subsystem/i_wt_dcache/gen_rd_ports[0].i_wt_dcache_ctrl/address_off_q[3]_i_1/O
                         net (fo=27, routed)          0.670    12.297    i_ariane/i_cva6/gen_cache_wt.i_cache_subsystem/i_wt_dcache/gen_rd_ports[0].i_wt_dcache_ctrl/FSM_sequential_state_q_reg[0]_0
    SLICE_X91Y23         LUT3 (Prop_lut3_I1_O)        0.118    12.415 r  i_ariane/i_cva6/gen_cache_wt.i_cache_subsystem/i_wt_dcache/gen_rd_ports[0].i_wt_dcache_ctrl/i___112_i_11/O
                         net (fo=2, routed)           0.490    12.906    i_ariane/i_cva6/gen_cache_wt.i_cache_subsystem/i_wt_dcache/i_wt_dcache_wbuffer/i_clean_rr/i___237_i_1_0[0]
    SLICE_X90Y23         LUT6 (Prop_lut6_I1_O)        0.326    13.232 r  i_ariane/i_cva6/gen_cache_wt.i_cache_subsystem/i_wt_dcache/i_wt_dcache_wbuffer/i_clean_rr/i___237_i_4/O
                         net (fo=1, routed)           0.791    14.023    i_ariane/i_cva6/gen_cache_wt.i_cache_subsystem/i_wt_dcache/gen_rd_ports[1].i_wt_dcache_ctrl/bank_off_q_reg[2]
    SLICE_X90Y23         LUT5 (Prop_lut5_I0_O)        0.150    14.173 r  i_ariane/i_cva6/gen_cache_wt.i_cache_subsystem/i_wt_dcache/gen_rd_ports[1].i_wt_dcache_ctrl/i___237_i_1/O
                         net (fo=5, routed)           0.851    15.024    i_ariane/i_cva6/gen_cache_wt.i_cache_subsystem/i_wt_dcache_n_364
    SLICE_X86Y23         LUT5 (Prop_lut5_I3_O)        0.354    15.378 r  i_ariane/i_cva6/gen_cache_wt.i_cache_subsystem/i___238/O
                         net (fo=9, routed)           0.531    15.909    i_ariane/i_cva6/gen_cache_wt.i_cache_subsystem/i_wt_dcache/i_wt_dcache_wbuffer/Mem_DP_reg_5
    SLICE_X82Y22         LUT5 (Prop_lut5_I1_O)        0.328    16.237 r  i_ariane/i_cva6/gen_cache_wt.i_cache_subsystem/i_wt_dcache/i_wt_dcache_wbuffer/Mem_DP_reg_i_4__2/O
                         net (fo=2, routed)           1.314    17.551    i_ariane/i_cva6/gen_cache_wt.i_cache_subsystem/i_wt_dcache/i_wt_dcache_mem/gen_data_banks[2].i_data_sram/gen_cut[0].i_tc_sram_wrapper/i_ram/Mem_DP_reg_18[5]
    RAMB36_X3Y4          RAMB36E1                                     r  i_ariane/i_cva6/gen_cache_wt.i_cache_subsystem/i_wt_dcache/i_wt_dcache_mem/gen_data_banks[2].i_data_sram/gen_cut[0].i_tc_sram_wrapper/i_ram/Mem_DP_reg/ADDRBWRADDR[11]
  -------------------------------------------------------------------    -------------------

                         (clock clk_out1_xlnx_clk_gen rise edge)
                                                     20.000    20.000 r  
    K17                                               0.000    20.000 r  clk_sys (IN)
                         net (fo=0)                   0.000    20.000    i_xlnx_clk_gen/inst/clk_in1
    K17                  IBUF (Prop_ibuf_I_O)         1.404    21.404 r  i_xlnx_clk_gen/inst/clkin1_ibufg/O
                         net (fo=1, routed)           1.162    22.566    i_xlnx_clk_gen/inst/clk_in1_xlnx_clk_gen
    MMCME2_ADV_X1Y2      MMCME2_ADV (Prop_mmcme2_adv_CLKIN1_CLKOUT0)
                                                     -7.814    14.752 r  i_xlnx_clk_gen/inst/mmcm_adv_inst/CLKOUT0
                         net (fo=1, routed)           2.012    16.764    i_xlnx_clk_gen/inst/clk_out1_xlnx_clk_gen
    BUFGCTRL_X0Y16       BUFG (Prop_bufg_I_O)         0.091    16.855 r  i_xlnx_clk_gen/inst/clkout1_buf/O
                         net (fo=15149, routed)       1.584    18.439    i_ariane/i_cva6/gen_cache_wt.i_cache_subsystem/i_wt_dcache/i_wt_dcache_mem/gen_data_banks[2].i_data_sram/gen_cut[0].i_tc_sram_wrapper/i_ram/clk_out1
    RAMB36_X3Y4          RAMB36E1                                     r  i_ariane/i_cva6/gen_cache_wt.i_cache_subsystem/i_wt_dcache/i_wt_dcache_mem/gen_data_banks[2].i_data_sram/gen_cut[0].i_tc_sram_wrapper/i_ram/Mem_DP_reg/CLKBWRCLK
                         clock pessimism              0.567    19.006    
                         clock uncertainty           -0.079    18.927    
    RAMB36_X3Y4          RAMB36E1 (Setup_ramb36e1_CLKBWRCLK_ADDRBWRADDR[11])
                                                     -0.566    18.361    i_ariane/i_cva6/gen_cache_wt.i_cache_subsystem/i_wt_dcache/i_wt_dcache_mem/gen_data_banks[2].i_data_sram/gen_cut[0].i_tc_sram_wrapper/i_ram/Mem_DP_reg
  -------------------------------------------------------------------
                         required time                         18.361    
                         arrival time                         -17.551    
  -------------------------------------------------------------------
                         slack                                  0.810    

Slack (MET) :             0.814ns  (required time - arrival time)
  Source:                 i_ariane/i_cva6/issue_stage_i/i_issue_read_operands/operand_a_q_reg[1]/C
                            (rising edge-triggered cell FDCE clocked by clk_out1_xlnx_clk_gen  {rise@0.000ns fall@10.000ns period=20.000ns})
  Destination:            i_ariane/i_cva6/gen_cache_wt.i_cache_subsystem/i_wt_dcache/i_wt_dcache_mem/gen_data_banks[2].i_data_sram/gen_cut[0].i_tc_sram_wrapper/i_ram/Mem_DP_reg/ADDRBWRADDR[8]
                            (rising edge-triggered cell RAMB36E1 clocked by clk_out1_xlnx_clk_gen  {rise@0.000ns fall@10.000ns period=20.000ns})
  Path Group:             clk_out1_xlnx_clk_gen
  Path Type:              Setup (Max at Slow Process Corner)
  Requirement:            20.000ns  (clk_out1_xlnx_clk_gen rise@20.000ns - clk_out1_xlnx_clk_gen rise@0.000ns)
  Data Path Delay:        18.506ns  (logic 4.995ns (26.991%)  route 13.511ns (73.009%))
  Logic Levels:           19  (CARRY4=2 LUT3=3 LUT4=4 LUT5=4 LUT6=6)
  Clock Path Skew:        -0.035ns (DCD - SCD + CPR)
    Destination Clock Delay (DCD):    -1.561ns = ( 18.439 - 20.000 ) 
    Source Clock Delay      (SCD):    -0.959ns
    Clock Pessimism Removal (CPR):    0.567ns
  Clock Uncertainty:      0.079ns  ((TSJ^2 + DJ^2)^1/2) / 2 + PE
    Total System Jitter     (TSJ):    0.071ns
    Discrete Jitter          (DJ):    0.142ns
    Phase Error              (PE):    0.000ns

    Location             Delay type                Incr(ns)  Path(ns)    Netlist Resource(s)
  -------------------------------------------------------------------    -------------------
                         (clock clk_out1_xlnx_clk_gen rise edge)
                                                      0.000     0.000 r  
    K17                                               0.000     0.000 r  clk_sys (IN)
                         net (fo=0)                   0.000     0.000    i_xlnx_clk_gen/inst/clk_in1
    K17                  IBUF (Prop_ibuf_I_O)         1.475     1.475 r  i_xlnx_clk_gen/inst/clkin1_ibufg/O
                         net (fo=1, routed)           1.285     2.760    i_xlnx_clk_gen/inst/clk_in1_xlnx_clk_gen
    MMCME2_ADV_X1Y2      MMCME2_ADV (Prop_mmcme2_adv_CLKIN1_CLKOUT0)
                                                     -7.759    -4.999 r  i_xlnx_clk_gen/inst/mmcm_adv_inst/CLKOUT0
                         net (fo=1, routed)           2.206    -2.793    i_xlnx_clk_gen/inst/clk_out1_xlnx_clk_gen
    BUFGCTRL_X0Y16       BUFG (Prop_bufg_I_O)         0.101    -2.692 r  i_xlnx_clk_gen/inst/clkout1_buf/O
                         net (fo=15149, routed)       1.733    -0.959    i_ariane/i_cva6/issue_stage_i/i_issue_read_operands/clk_out1
    SLICE_X70Y6          FDCE                                         r  i_ariane/i_cva6/issue_stage_i/i_issue_read_operands/operand_a_q_reg[1]/C
  -------------------------------------------------------------------    -------------------
    SLICE_X70Y6          FDCE (Prop_fdce_C_Q)         0.456    -0.503 r  i_ariane/i_cva6/issue_stage_i/i_issue_read_operands/operand_a_q_reg[1]/Q
                         net (fo=15, routed)          0.812     0.309    i_ariane/i_cva6/issue_stage_i/i_issue_read_operands/fu_data_id_ex[operand_a][1]
    SLICE_X70Y9          LUT3 (Prop_lut3_I1_O)        0.124     0.433 r  i_ariane/i_cva6/issue_stage_i/i_issue_read_operands/address_off_q[3]_i_9/O
                         net (fo=1, routed)           0.000     0.433    i_ariane/i_cva6/issue_stage_i/i_issue_read_operands/address_off_q[3]_i_9_n_1
    SLICE_X70Y9          CARRY4 (Prop_carry4_S[1]_O[3])
                                                      0.640     1.073 r  i_ariane/i_cva6/issue_stage_i/i_issue_read_operands/address_off_q_reg[3]_i_2/O[3]
                         net (fo=4, routed)           1.303     2.376    i_ariane/i_cva6/ex_stage_i/lsu_i/lsu_bypass_i/misaligned_ex_q_reg[tval][3][3]
    SLICE_X95Y11         LUT6 (Prop_lut6_I5_O)        0.306     2.682 r  i_ariane/i_cva6/ex_stage_i/lsu_i/lsu_bypass_i/address_off_q[3]_i_1__0/O
                         net (fo=13, routed)          0.967     3.650    i_ariane/i_cva6/ex_stage_i/lsu_i/i_store_unit/store_buffer_i/page_offset_matches_o2_inferred__5/i__carry_0
    SLICE_X101Y11        LUT6 (Prop_lut6_I1_O)        0.124     3.774 r  i_ariane/i_cva6/ex_stage_i/lsu_i/i_store_unit/store_buffer_i/i__carry_i_3__6/O
                         net (fo=1, routed)           0.000     3.774    i_ariane/i_cva6/ex_stage_i/lsu_i/i_store_unit/store_buffer_i/i__carry_i_3__6_n_1
    SLICE_X101Y11        CARRY4 (Prop_carry4_S[0]_CO[2])
                                                      0.536     4.310 f  i_ariane/i_cva6/ex_stage_i/lsu_i/i_store_unit/store_buffer_i/page_offset_matches_o2_inferred__3/i__carry/CO[2]
                         net (fo=1, routed)           0.849     5.158    i_ariane/i_cva6/ex_stage_i/lsu_i/i_store_unit/store_buffer_i/page_offset_matches_o21_out
    SLICE_X104Y12        LUT4 (Prop_lut4_I1_O)        0.313     5.471 f  i_ariane/i_cva6/ex_stage_i/lsu_i/i_store_unit/store_buffer_i/i___145_i_7/O
                         net (fo=1, routed)           0.689     6.161    i_ariane/i_cva6/ex_stage_i/lsu_i/i_store_unit/store_buffer_i/i___145_i_7_n_1
    SLICE_X104Y12        LUT5 (Prop_lut5_I4_O)        0.124     6.285 f  i_ariane/i_cva6/ex_stage_i/lsu_i/i_store_unit/store_buffer_i/i___145_i_6/O
                         net (fo=1, routed)           0.638     6.923    i_ariane/i_cva6/ex_stage_i/lsu_i/i_store_unit/store_buffer_i/i___145_i_6_n_1
    SLICE_X104Y12        LUT6 (Prop_lut6_I5_O)        0.124     7.047 f  i_ariane/i_cva6/ex_stage_i/lsu_i/i_store_unit/store_buffer_i/i___145_i_4/O
                         net (fo=6, routed)           0.560     7.607    i_ariane/i_cva6/ex_stage_i/lsu_i/i_load_unit/page_offset_matches
    SLICE_X99Y12         LUT4 (Prop_lut4_I1_O)        0.124     7.731 r  i_ariane/i_cva6/ex_stage_i/lsu_i/i_load_unit/i___145_i_2/O
                         net (fo=3, routed)           0.463     8.194    i_ariane/i_cva6/ex_stage_i/lsu_i/i_load_unit/i___145_i_2_n_1
    SLICE_X99Y12         LUT3 (Prop_lut3_I2_O)        0.124     8.318 r  i_ariane/i_cva6/ex_stage_i/lsu_i/i_load_unit/i___145_i_1/O
                         net (fo=5, routed)           1.169     9.488    i_ariane/i_cva6/gen_cache_wt.i_cache_subsystem/dcache_req_ports_ex_cache[1][data_req]
    SLICE_X98Y23         LUT4 (Prop_lut4_I1_O)        0.148     9.636 r  i_ariane/i_cva6/gen_cache_wt.i_cache_subsystem/i___145/O
                         net (fo=11, routed)          0.529    10.164    i_ariane/i_cva6/gen_cache_wt.i_cache_subsystem/i_wt_dcache/i_wt_dcache_mem/i_rr_arb_tree/rd_ack_q_reg_0
    SLICE_X98Y23         LUT4 (Prop_lut4_I2_O)        0.328    10.492 f  i_ariane/i_cva6/gen_cache_wt.i_cache_subsystem/i_wt_dcache/i_wt_dcache_mem/i_rr_arb_tree/vld_sel_q[1]_i_1/O
                         net (fo=13, routed)          0.577    11.070    i_ariane/i_cva6/gen_cache_wt.i_cache_subsystem/i_wt_dcache_mem/vld_sel_d[1]
    SLICE_X98Y22         LUT6 (Prop_lut6_I1_O)        0.124    11.194 r  i_ariane/i_cva6/gen_cache_wt.i_cache_subsystem/i___117/O
                         net (fo=1, routed)           0.310    11.503    i_ariane/i_cva6/gen_cache_wt.i_cache_subsystem/i_wt_dcache/gen_rd_ports[0].i_wt_dcache_ctrl/address_off_q_reg[3]_0
    SLICE_X96Y22         LUT6 (Prop_lut6_I0_O)        0.124    11.627 r  i_ariane/i_cva6/gen_cache_wt.i_cache_subsystem/i_wt_dcache/gen_rd_ports[0].i_wt_dcache_ctrl/address_off_q[3]_i_1/O
                         net (fo=27, routed)          0.670    12.297    i_ariane/i_cva6/gen_cache_wt.i_cache_subsystem/i_wt_dcache/gen_rd_ports[0].i_wt_dcache_ctrl/FSM_sequential_state_q_reg[0]_0
    SLICE_X91Y23         LUT3 (Prop_lut3_I1_O)        0.118    12.415 r  i_ariane/i_cva6/gen_cache_wt.i_cache_subsystem/i_wt_dcache/gen_rd_ports[0].i_wt_dcache_ctrl/i___112_i_11/O
                         net (fo=2, routed)           0.490    12.906    i_ariane/i_cva6/gen_cache_wt.i_cache_subsystem/i_wt_dcache/i_wt_dcache_wbuffer/i_clean_rr/i___237_i_1_0[0]
    SLICE_X90Y23         LUT6 (Prop_lut6_I1_O)        0.326    13.232 r  i_ariane/i_cva6/gen_cache_wt.i_cache_subsystem/i_wt_dcache/i_wt_dcache_wbuffer/i_clean_rr/i___237_i_4/O
                         net (fo=1, routed)           0.791    14.023    i_ariane/i_cva6/gen_cache_wt.i_cache_subsystem/i_wt_dcache/gen_rd_ports[1].i_wt_dcache_ctrl/bank_off_q_reg[2]
    SLICE_X90Y23         LUT5 (Prop_lut5_I0_O)        0.150    14.173 r  i_ariane/i_cva6/gen_cache_wt.i_cache_subsystem/i_wt_dcache/gen_rd_ports[1].i_wt_dcache_ctrl/i___237_i_1/O
                         net (fo=5, routed)           0.851    15.024    i_ariane/i_cva6/gen_cache_wt.i_cache_subsystem/i_wt_dcache_n_364
    SLICE_X86Y23         LUT5 (Prop_lut5_I3_O)        0.354    15.378 r  i_ariane/i_cva6/gen_cache_wt.i_cache_subsystem/i___238/O
                         net (fo=9, routed)           0.670    16.048    i_ariane/i_cva6/gen_cache_wt.i_cache_subsystem/i_wt_dcache/i_wt_dcache_wbuffer/i_clean_rr/Mem_DP_reg_2
    SLICE_X81Y22         LUT5 (Prop_lut5_I1_O)        0.328    16.376 r  i_ariane/i_cva6/gen_cache_wt.i_cache_subsystem/i_wt_dcache/i_wt_dcache_wbuffer/i_clean_rr/Mem_DP_reg_i_7__2/O
                         net (fo=2, routed)           1.171    17.547    i_ariane/i_cva6/gen_cache_wt.i_cache_subsystem/i_wt_dcache/i_wt_dcache_mem/gen_data_banks[2].i_data_sram/gen_cut[0].i_tc_sram_wrapper/i_ram/Mem_DP_reg_18[2]
    RAMB36_X3Y4          RAMB36E1                                     r  i_ariane/i_cva6/gen_cache_wt.i_cache_subsystem/i_wt_dcache/i_wt_dcache_mem/gen_data_banks[2].i_data_sram/gen_cut[0].i_tc_sram_wrapper/i_ram/Mem_DP_reg/ADDRBWRADDR[8]
  -------------------------------------------------------------------    -------------------

                         (clock clk_out1_xlnx_clk_gen rise edge)
                                                     20.000    20.000 r  
    K17                                               0.000    20.000 r  clk_sys (IN)
                         net (fo=0)                   0.000    20.000    i_xlnx_clk_gen/inst/clk_in1
    K17                  IBUF (Prop_ibuf_I_O)         1.404    21.404 r  i_xlnx_clk_gen/inst/clkin1_ibufg/O
                         net (fo=1, routed)           1.162    22.566    i_xlnx_clk_gen/inst/clk_in1_xlnx_clk_gen
    MMCME2_ADV_X1Y2      MMCME2_ADV (Prop_mmcme2_adv_CLKIN1_CLKOUT0)
                                                     -7.814    14.752 r  i_xlnx_clk_gen/inst/mmcm_adv_inst/CLKOUT0
                         net (fo=1, routed)           2.012    16.764    i_xlnx_clk_gen/inst/clk_out1_xlnx_clk_gen
    BUFGCTRL_X0Y16       BUFG (Prop_bufg_I_O)         0.091    16.855 r  i_xlnx_clk_gen/inst/clkout1_buf/O
                         net (fo=15149, routed)       1.584    18.439    i_ariane/i_cva6/gen_cache_wt.i_cache_subsystem/i_wt_dcache/i_wt_dcache_mem/gen_data_banks[2].i_data_sram/gen_cut[0].i_tc_sram_wrapper/i_ram/clk_out1
    RAMB36_X3Y4          RAMB36E1                                     r  i_ariane/i_cva6/gen_cache_wt.i_cache_subsystem/i_wt_dcache/i_wt_dcache_mem/gen_data_banks[2].i_data_sram/gen_cut[0].i_tc_sram_wrapper/i_ram/Mem_DP_reg/CLKBWRCLK
                         clock pessimism              0.567    19.006    
                         clock uncertainty           -0.079    18.927    
    RAMB36_X3Y4          RAMB36E1 (Setup_ramb36e1_CLKBWRCLK_ADDRBWRADDR[8])
                                                     -0.566    18.361    i_ariane/i_cva6/gen_cache_wt.i_cache_subsystem/i_wt_dcache/i_wt_dcache_mem/gen_data_banks[2].i_data_sram/gen_cut[0].i_tc_sram_wrapper/i_ram/Mem_DP_reg
  -------------------------------------------------------------------
                         required time                         18.361    
                         arrival time                         -17.547    
  -------------------------------------------------------------------
                         slack                                  0.814    

Slack (MET) :             0.825ns  (required time - arrival time)
  Source:                 i_ariane/i_cva6/issue_stage_i/i_issue_read_operands/operand_a_q_reg[1]/C
                            (rising edge-triggered cell FDCE clocked by clk_out1_xlnx_clk_gen  {rise@0.000ns fall@10.000ns period=20.000ns})
  Destination:            i_ariane/i_cva6/gen_cache_wt.i_cache_subsystem/i_wt_dcache/i_wt_dcache_mem/gen_data_banks[2].i_data_sram/gen_cut[0].i_tc_sram_wrapper/i_ram/Mem_DP_reg/ADDRARDADDR[6]
                            (rising edge-triggered cell RAMB36E1 clocked by clk_out1_xlnx_clk_gen  {rise@0.000ns fall@10.000ns period=20.000ns})
  Path Group:             clk_out1_xlnx_clk_gen
  Path Type:              Setup (Max at Slow Process Corner)
  Requirement:            20.000ns  (clk_out1_xlnx_clk_gen rise@20.000ns - clk_out1_xlnx_clk_gen rise@0.000ns)
  Data Path Delay:        18.492ns  (logic 4.995ns (27.011%)  route 13.497ns (72.989%))
  Logic Levels:           19  (CARRY4=2 LUT3=3 LUT4=4 LUT5=4 LUT6=6)
  Clock Path Skew:        -0.038ns (DCD - SCD + CPR)
    Destination Clock Delay (DCD):    -1.564ns = ( 18.436 - 20.000 ) 
    Source Clock Delay      (SCD):    -0.959ns
    Clock Pessimism Removal (CPR):    0.567ns
  Clock Uncertainty:      0.079ns  ((TSJ^2 + DJ^2)^1/2) / 2 + PE
    Total System Jitter     (TSJ):    0.071ns
    Discrete Jitter          (DJ):    0.142ns
    Phase Error              (PE):    0.000ns

    Location             Delay type                Incr(ns)  Path(ns)    Netlist Resource(s)
  -------------------------------------------------------------------    -------------------
                         (clock clk_out1_xlnx_clk_gen rise edge)
                                                      0.000     0.000 r  
    K17                                               0.000     0.000 r  clk_sys (IN)
                         net (fo=0)                   0.000     0.000    i_xlnx_clk_gen/inst/clk_in1
    K17                  IBUF (Prop_ibuf_I_O)         1.475     1.475 r  i_xlnx_clk_gen/inst/clkin1_ibufg/O
                         net (fo=1, routed)           1.285     2.760    i_xlnx_clk_gen/inst/clk_in1_xlnx_clk_gen
    MMCME2_ADV_X1Y2      MMCME2_ADV (Prop_mmcme2_adv_CLKIN1_CLKOUT0)
                                                     -7.759    -4.999 r  i_xlnx_clk_gen/inst/mmcm_adv_inst/CLKOUT0
                         net (fo=1, routed)           2.206    -2.793    i_xlnx_clk_gen/inst/clk_out1_xlnx_clk_gen
    BUFGCTRL_X0Y16       BUFG (Prop_bufg_I_O)         0.101    -2.692 r  i_xlnx_clk_gen/inst/clkout1_buf/O
                         net (fo=15149, routed)       1.733    -0.959    i_ariane/i_cva6/issue_stage_i/i_issue_read_operands/clk_out1
    SLICE_X70Y6          FDCE                                         r  i_ariane/i_cva6/issue_stage_i/i_issue_read_operands/operand_a_q_reg[1]/C
  -------------------------------------------------------------------    -------------------
    SLICE_X70Y6          FDCE (Prop_fdce_C_Q)         0.456    -0.503 r  i_ariane/i_cva6/issue_stage_i/i_issue_read_operands/operand_a_q_reg[1]/Q
                         net (fo=15, routed)          0.812     0.309    i_ariane/i_cva6/issue_stage_i/i_issue_read_operands/fu_data_id_ex[operand_a][1]
    SLICE_X70Y9          LUT3 (Prop_lut3_I1_O)        0.124     0.433 r  i_ariane/i_cva6/issue_stage_i/i_issue_read_operands/address_off_q[3]_i_9/O
                         net (fo=1, routed)           0.000     0.433    i_ariane/i_cva6/issue_stage_i/i_issue_read_operands/address_off_q[3]_i_9_n_1
    SLICE_X70Y9          CARRY4 (Prop_carry4_S[1]_O[3])
                                                      0.640     1.073 r  i_ariane/i_cva6/issue_stage_i/i_issue_read_operands/address_off_q_reg[3]_i_2/O[3]
                         net (fo=4, routed)           1.303     2.376    i_ariane/i_cva6/ex_stage_i/lsu_i/lsu_bypass_i/misaligned_ex_q_reg[tval][3][3]
    SLICE_X95Y11         LUT6 (Prop_lut6_I5_O)        0.306     2.682 r  i_ariane/i_cva6/ex_stage_i/lsu_i/lsu_bypass_i/address_off_q[3]_i_1__0/O
                         net (fo=13, routed)          0.967     3.650    i_ariane/i_cva6/ex_stage_i/lsu_i/i_store_unit/store_buffer_i/page_offset_matches_o2_inferred__5/i__carry_0
    SLICE_X101Y11        LUT6 (Prop_lut6_I1_O)        0.124     3.774 r  i_ariane/i_cva6/ex_stage_i/lsu_i/i_store_unit/store_buffer_i/i__carry_i_3__6/O
                         net (fo=1, routed)           0.000     3.774    i_ariane/i_cva6/ex_stage_i/lsu_i/i_store_unit/store_buffer_i/i__carry_i_3__6_n_1
    SLICE_X101Y11        CARRY4 (Prop_carry4_S[0]_CO[2])
                                                      0.536     4.310 f  i_ariane/i_cva6/ex_stage_i/lsu_i/i_store_unit/store_buffer_i/page_offset_matches_o2_inferred__3/i__carry/CO[2]
                         net (fo=1, routed)           0.849     5.158    i_ariane/i_cva6/ex_stage_i/lsu_i/i_store_unit/store_buffer_i/page_offset_matches_o21_out
    SLICE_X104Y12        LUT4 (Prop_lut4_I1_O)        0.313     5.471 f  i_ariane/i_cva6/ex_stage_i/lsu_i/i_store_unit/store_buffer_i/i___145_i_7/O
                         net (fo=1, routed)           0.689     6.161    i_ariane/i_cva6/ex_stage_i/lsu_i/i_store_unit/store_buffer_i/i___145_i_7_n_1
    SLICE_X104Y12        LUT5 (Prop_lut5_I4_O)        0.124     6.285 f  i_ariane/i_cva6/ex_stage_i/lsu_i/i_store_unit/store_buffer_i/i___145_i_6/O
                         net (fo=1, routed)           0.638     6.923    i_ariane/i_cva6/ex_stage_i/lsu_i/i_store_unit/store_buffer_i/i___145_i_6_n_1
    SLICE_X104Y12        LUT6 (Prop_lut6_I5_O)        0.124     7.047 f  i_ariane/i_cva6/ex_stage_i/lsu_i/i_store_unit/store_buffer_i/i___145_i_4/O
                         net (fo=6, routed)           0.560     7.607    i_ariane/i_cva6/ex_stage_i/lsu_i/i_load_unit/page_offset_matches
    SLICE_X99Y12         LUT4 (Prop_lut4_I1_O)        0.124     7.731 r  i_ariane/i_cva6/ex_stage_i/lsu_i/i_load_unit/i___145_i_2/O
                         net (fo=3, routed)           0.463     8.194    i_ariane/i_cva6/ex_stage_i/lsu_i/i_load_unit/i___145_i_2_n_1
    SLICE_X99Y12         LUT3 (Prop_lut3_I2_O)        0.124     8.318 r  i_ariane/i_cva6/ex_stage_i/lsu_i/i_load_unit/i___145_i_1/O
                         net (fo=5, routed)           1.169     9.488    i_ariane/i_cva6/gen_cache_wt.i_cache_subsystem/dcache_req_ports_ex_cache[1][data_req]
    SLICE_X98Y23         LUT4 (Prop_lut4_I1_O)        0.148     9.636 r  i_ariane/i_cva6/gen_cache_wt.i_cache_subsystem/i___145/O
                         net (fo=11, routed)          0.529    10.164    i_ariane/i_cva6/gen_cache_wt.i_cache_subsystem/i_wt_dcache/i_wt_dcache_mem/i_rr_arb_tree/rd_ack_q_reg_0
    SLICE_X98Y23         LUT4 (Prop_lut4_I2_O)        0.328    10.492 f  i_ariane/i_cva6/gen_cache_wt.i_cache_subsystem/i_wt_dcache/i_wt_dcache_mem/i_rr_arb_tree/vld_sel_q[1]_i_1/O
                         net (fo=13, routed)          0.577    11.070    i_ariane/i_cva6/gen_cache_wt.i_cache_subsystem/i_wt_dcache_mem/vld_sel_d[1]
    SLICE_X98Y22         LUT6 (Prop_lut6_I1_O)        0.124    11.194 r  i_ariane/i_cva6/gen_cache_wt.i_cache_subsystem/i___117/O
                         net (fo=1, routed)           0.310    11.503    i_ariane/i_cva6/gen_cache_wt.i_cache_subsystem/i_wt_dcache/gen_rd_ports[0].i_wt_dcache_ctrl/address_off_q_reg[3]_0
    SLICE_X96Y22         LUT6 (Prop_lut6_I0_O)        0.124    11.627 r  i_ariane/i_cva6/gen_cache_wt.i_cache_subsystem/i_wt_dcache/gen_rd_ports[0].i_wt_dcache_ctrl/address_off_q[3]_i_1/O
                         net (fo=27, routed)          0.670    12.297    i_ariane/i_cva6/gen_cache_wt.i_cache_subsystem/i_wt_dcache/gen_rd_ports[0].i_wt_dcache_ctrl/FSM_sequential_state_q_reg[0]_0
    SLICE_X91Y23         LUT3 (Prop_lut3_I1_O)        0.118    12.415 r  i_ariane/i_cva6/gen_cache_wt.i_cache_subsystem/i_wt_dcache/gen_rd_ports[0].i_wt_dcache_ctrl/i___112_i_11/O
                         net (fo=2, routed)           0.490    12.906    i_ariane/i_cva6/gen_cache_wt.i_cache_subsystem/i_wt_dcache/i_wt_dcache_wbuffer/i_clean_rr/i___237_i_1_0[0]
    SLICE_X90Y23         LUT6 (Prop_lut6_I1_O)        0.326    13.232 r  i_ariane/i_cva6/gen_cache_wt.i_cache_subsystem/i_wt_dcache/i_wt_dcache_wbuffer/i_clean_rr/i___237_i_4/O
                         net (fo=1, routed)           0.791    14.023    i_ariane/i_cva6/gen_cache_wt.i_cache_subsystem/i_wt_dcache/gen_rd_ports[1].i_wt_dcache_ctrl/bank_off_q_reg[2]
    SLICE_X90Y23         LUT5 (Prop_lut5_I0_O)        0.150    14.173 r  i_ariane/i_cva6/gen_cache_wt.i_cache_subsystem/i_wt_dcache/gen_rd_ports[1].i_wt_dcache_ctrl/i___237_i_1/O
                         net (fo=5, routed)           0.851    15.024    i_ariane/i_cva6/gen_cache_wt.i_cache_subsystem/i_wt_dcache_n_364
    SLICE_X86Y23         LUT5 (Prop_lut5_I3_O)        0.354    15.378 r  i_ariane/i_cva6/gen_cache_wt.i_cache_subsystem/i___238/O
                         net (fo=9, routed)           0.558    15.936    i_ariane/i_cva6/gen_cache_wt.i_cache_subsystem/i_wt_dcache/i_wt_dcache_wbuffer/Mem_DP_reg_5
    SLICE_X81Y22         LUT5 (Prop_lut5_I1_O)        0.328    16.264 r  i_ariane/i_cva6/gen_cache_wt.i_cache_subsystem/i_wt_dcache/i_wt_dcache_wbuffer/Mem_DP_reg_i_9__1/O
                         net (fo=2, routed)           1.269    17.533    i_ariane/i_cva6/gen_cache_wt.i_cache_subsystem/i_wt_dcache/i_wt_dcache_mem/gen_data_banks[2].i_data_sram/gen_cut[0].i_tc_sram_wrapper/i_ram/Mem_DP_reg_18[0]
    RAMB36_X3Y4          RAMB36E1                                     r  i_ariane/i_cva6/gen_cache_wt.i_cache_subsystem/i_wt_dcache/i_wt_dcache_mem/gen_data_banks[2].i_data_sram/gen_cut[0].i_tc_sram_wrapper/i_ram/Mem_DP_reg/ADDRARDADDR[6]
  -------------------------------------------------------------------    -------------------

                         (clock clk_out1_xlnx_clk_gen rise edge)
                                                     20.000    20.000 r  
    K17                                               0.000    20.000 r  clk_sys (IN)
                         net (fo=0)                   0.000    20.000    i_xlnx_clk_gen/inst/clk_in1
    K17                  IBUF (Prop_ibuf_I_O)         1.404    21.404 r  i_xlnx_clk_gen/inst/clkin1_ibufg/O
                         net (fo=1, routed)           1.162    22.566    i_xlnx_clk_gen/inst/clk_in1_xlnx_clk_gen
    MMCME2_ADV_X1Y2      MMCME2_ADV (Prop_mmcme2_adv_CLKIN1_CLKOUT0)
                                                     -7.814    14.752 r  i_xlnx_clk_gen/inst/mmcm_adv_inst/CLKOUT0
                         net (fo=1, routed)           2.012    16.764    i_xlnx_clk_gen/inst/clk_out1_xlnx_clk_gen
    BUFGCTRL_X0Y16       BUFG (Prop_bufg_I_O)         0.091    16.855 r  i_xlnx_clk_gen/inst/clkout1_buf/O
                         net (fo=15149, routed)       1.581    18.436    i_ariane/i_cva6/gen_cache_wt.i_cache_subsystem/i_wt_dcache/i_wt_dcache_mem/gen_data_banks[2].i_data_sram/gen_cut[0].i_tc_sram_wrapper/i_ram/clk_out1
    RAMB36_X3Y4          RAMB36E1                                     r  i_ariane/i_cva6/gen_cache_wt.i_cache_subsystem/i_wt_dcache/i_wt_dcache_mem/gen_data_banks[2].i_data_sram/gen_cut[0].i_tc_sram_wrapper/i_ram/Mem_DP_reg/CLKARDCLK
                         clock pessimism              0.567    19.003    
                         clock uncertainty           -0.079    18.924    
    RAMB36_X3Y4          RAMB36E1 (Setup_ramb36e1_CLKARDCLK_ADDRARDADDR[6])
                                                     -0.566    18.358    i_ariane/i_cva6/gen_cache_wt.i_cache_subsystem/i_wt_dcache/i_wt_dcache_mem/gen_data_banks[2].i_data_sram/gen_cut[0].i_tc_sram_wrapper/i_ram/Mem_DP_reg
  -------------------------------------------------------------------
                         required time                         18.358    
                         arrival time                         -17.533    
  -------------------------------------------------------------------
                         slack                                  0.825    

Slack (MET) :             0.827ns  (required time - arrival time)
  Source:                 i_ariane/i_cva6/issue_stage_i/i_issue_read_operands/operand_a_q_reg[1]/C
                            (rising edge-triggered cell FDCE clocked by clk_out1_xlnx_clk_gen  {rise@0.000ns fall@10.000ns period=20.000ns})
  Destination:            i_ariane/i_cva6/gen_cache_wt.i_cache_subsystem/i_wt_dcache/i_wt_dcache_mem/gen_data_banks[2].i_data_sram/gen_cut[0].i_tc_sram_wrapper/i_ram/Mem_DP_reg/ADDRARDADDR[7]
                            (rising edge-triggered cell RAMB36E1 clocked by clk_out1_xlnx_clk_gen  {rise@0.000ns fall@10.000ns period=20.000ns})
  Path Group:             clk_out1_xlnx_clk_gen
  Path Type:              Setup (Max at Slow Process Corner)
  Requirement:            20.000ns  (clk_out1_xlnx_clk_gen rise@20.000ns - clk_out1_xlnx_clk_gen rise@0.000ns)
  Data Path Delay:        18.491ns  (logic 4.995ns (27.014%)  route 13.496ns (72.986%))
  Logic Levels:           19  (CARRY4=2 LUT3=3 LUT4=4 LUT5=4 LUT6=6)
  Clock Path Skew:        -0.038ns (DCD - SCD + CPR)
    Destination Clock Delay (DCD):    -1.564ns = ( 18.436 - 20.000 ) 
    Source Clock Delay      (SCD):    -0.959ns
    Clock Pessimism Removal (CPR):    0.567ns
  Clock Uncertainty:      0.079ns  ((TSJ^2 + DJ^2)^1/2) / 2 + PE
    Total System Jitter     (TSJ):    0.071ns
    Discrete Jitter          (DJ):    0.142ns
    Phase Error              (PE):    0.000ns

    Location             Delay type                Incr(ns)  Path(ns)    Netlist Resource(s)
  -------------------------------------------------------------------    -------------------
                         (clock clk_out1_xlnx_clk_gen rise edge)
                                                      0.000     0.000 r  
    K17                                               0.000     0.000 r  clk_sys (IN)
                         net (fo=0)                   0.000     0.000    i_xlnx_clk_gen/inst/clk_in1
    K17                  IBUF (Prop_ibuf_I_O)         1.475     1.475 r  i_xlnx_clk_gen/inst/clkin1_ibufg/O
                         net (fo=1, routed)           1.285     2.760    i_xlnx_clk_gen/inst/clk_in1_xlnx_clk_gen
    MMCME2_ADV_X1Y2      MMCME2_ADV (Prop_mmcme2_adv_CLKIN1_CLKOUT0)
                                                     -7.759    -4.999 r  i_xlnx_clk_gen/inst/mmcm_adv_inst/CLKOUT0
                         net (fo=1, routed)           2.206    -2.793    i_xlnx_clk_gen/inst/clk_out1_xlnx_clk_gen
    BUFGCTRL_X0Y16       BUFG (Prop_bufg_I_O)         0.101    -2.692 r  i_xlnx_clk_gen/inst/clkout1_buf/O
                         net (fo=15149, routed)       1.733    -0.959    i_ariane/i_cva6/issue_stage_i/i_issue_read_operands/clk_out1
    SLICE_X70Y6          FDCE                                         r  i_ariane/i_cva6/issue_stage_i/i_issue_read_operands/operand_a_q_reg[1]/C
  -------------------------------------------------------------------    -------------------
    SLICE_X70Y6          FDCE (Prop_fdce_C_Q)         0.456    -0.503 r  i_ariane/i_cva6/issue_stage_i/i_issue_read_operands/operand_a_q_reg[1]/Q
                         net (fo=15, routed)          0.812     0.309    i_ariane/i_cva6/issue_stage_i/i_issue_read_operands/fu_data_id_ex[operand_a][1]
    SLICE_X70Y9          LUT3 (Prop_lut3_I1_O)        0.124     0.433 r  i_ariane/i_cva6/issue_stage_i/i_issue_read_operands/address_off_q[3]_i_9/O
                         net (fo=1, routed)           0.000     0.433    i_ariane/i_cva6/issue_stage_i/i_issue_read_operands/address_off_q[3]_i_9_n_1
    SLICE_X70Y9          CARRY4 (Prop_carry4_S[1]_O[3])
                                                      0.640     1.073 r  i_ariane/i_cva6/issue_stage_i/i_issue_read_operands/address_off_q_reg[3]_i_2/O[3]
                         net (fo=4, routed)           1.303     2.376    i_ariane/i_cva6/ex_stage_i/lsu_i/lsu_bypass_i/misaligned_ex_q_reg[tval][3][3]
    SLICE_X95Y11         LUT6 (Prop_lut6_I5_O)        0.306     2.682 r  i_ariane/i_cva6/ex_stage_i/lsu_i/lsu_bypass_i/address_off_q[3]_i_1__0/O
                         net (fo=13, routed)          0.967     3.650    i_ariane/i_cva6/ex_stage_i/lsu_i/i_store_unit/store_buffer_i/page_offset_matches_o2_inferred__5/i__carry_0
    SLICE_X101Y11        LUT6 (Prop_lut6_I1_O)        0.124     3.774 r  i_ariane/i_cva6/ex_stage_i/lsu_i/i_store_unit/store_buffer_i/i__carry_i_3__6/O
                         net (fo=1, routed)           0.000     3.774    i_ariane/i_cva6/ex_stage_i/lsu_i/i_store_unit/store_buffer_i/i__carry_i_3__6_n_1
    SLICE_X101Y11        CARRY4 (Prop_carry4_S[0]_CO[2])
                                                      0.536     4.310 f  i_ariane/i_cva6/ex_stage_i/lsu_i/i_store_unit/store_buffer_i/page_offset_matches_o2_inferred__3/i__carry/CO[2]
                         net (fo=1, routed)           0.849     5.158    i_ariane/i_cva6/ex_stage_i/lsu_i/i_store_unit/store_buffer_i/page_offset_matches_o21_out
    SLICE_X104Y12        LUT4 (Prop_lut4_I1_O)        0.313     5.471 f  i_ariane/i_cva6/ex_stage_i/lsu_i/i_store_unit/store_buffer_i/i___145_i_7/O
                         net (fo=1, routed)           0.689     6.161    i_ariane/i_cva6/ex_stage_i/lsu_i/i_store_unit/store_buffer_i/i___145_i_7_n_1
    SLICE_X104Y12        LUT5 (Prop_lut5_I4_O)        0.124     6.285 f  i_ariane/i_cva6/ex_stage_i/lsu_i/i_store_unit/store_buffer_i/i___145_i_6/O
                         net (fo=1, routed)           0.638     6.923    i_ariane/i_cva6/ex_stage_i/lsu_i/i_store_unit/store_buffer_i/i___145_i_6_n_1
    SLICE_X104Y12        LUT6 (Prop_lut6_I5_O)        0.124     7.047 f  i_ariane/i_cva6/ex_stage_i/lsu_i/i_store_unit/store_buffer_i/i___145_i_4/O
                         net (fo=6, routed)           0.560     7.607    i_ariane/i_cva6/ex_stage_i/lsu_i/i_load_unit/page_offset_matches
    SLICE_X99Y12         LUT4 (Prop_lut4_I1_O)        0.124     7.731 r  i_ariane/i_cva6/ex_stage_i/lsu_i/i_load_unit/i___145_i_2/O
                         net (fo=3, routed)           0.463     8.194    i_ariane/i_cva6/ex_stage_i/lsu_i/i_load_unit/i___145_i_2_n_1
    SLICE_X99Y12         LUT3 (Prop_lut3_I2_O)        0.124     8.318 r  i_ariane/i_cva6/ex_stage_i/lsu_i/i_load_unit/i___145_i_1/O
                         net (fo=5, routed)           1.169     9.488    i_ariane/i_cva6/gen_cache_wt.i_cache_subsystem/dcache_req_ports_ex_cache[1][data_req]
    SLICE_X98Y23         LUT4 (Prop_lut4_I1_O)        0.148     9.636 r  i_ariane/i_cva6/gen_cache_wt.i_cache_subsystem/i___145/O
                         net (fo=11, routed)          0.529    10.164    i_ariane/i_cva6/gen_cache_wt.i_cache_subsystem/i_wt_dcache/i_wt_dcache_mem/i_rr_arb_tree/rd_ack_q_reg_0
    SLICE_X98Y23         LUT4 (Prop_lut4_I2_O)        0.328    10.492 f  i_ariane/i_cva6/gen_cache_wt.i_cache_subsystem/i_wt_dcache/i_wt_dcache_mem/i_rr_arb_tree/vld_sel_q[1]_i_1/O
                         net (fo=13, routed)          0.577    11.070    i_ariane/i_cva6/gen_cache_wt.i_cache_subsystem/i_wt_dcache_mem/vld_sel_d[1]
    SLICE_X98Y22         LUT6 (Prop_lut6_I1_O)        0.124    11.194 r  i_ariane/i_cva6/gen_cache_wt.i_cache_subsystem/i___117/O
                         net (fo=1, routed)           0.310    11.503    i_ariane/i_cva6/gen_cache_wt.i_cache_subsystem/i_wt_dcache/gen_rd_ports[0].i_wt_dcache_ctrl/address_off_q_reg[3]_0
    SLICE_X96Y22         LUT6 (Prop_lut6_I0_O)        0.124    11.627 r  i_ariane/i_cva6/gen_cache_wt.i_cache_subsystem/i_wt_dcache/gen_rd_ports[0].i_wt_dcache_ctrl/address_off_q[3]_i_1/O
                         net (fo=27, routed)          0.670    12.297    i_ariane/i_cva6/gen_cache_wt.i_cache_subsystem/i_wt_dcache/gen_rd_ports[0].i_wt_dcache_ctrl/FSM_sequential_state_q_reg[0]_0
    SLICE_X91Y23         LUT3 (Prop_lut3_I1_O)        0.118    12.415 r  i_ariane/i_cva6/gen_cache_wt.i_cache_subsystem/i_wt_dcache/gen_rd_ports[0].i_wt_dcache_ctrl/i___112_i_11/O
                         net (fo=2, routed)           0.490    12.906    i_ariane/i_cva6/gen_cache_wt.i_cache_subsystem/i_wt_dcache/i_wt_dcache_wbuffer/i_clean_rr/i___237_i_1_0[0]
    SLICE_X90Y23         LUT6 (Prop_lut6_I1_O)        0.326    13.232 r  i_ariane/i_cva6/gen_cache_wt.i_cache_subsystem/i_wt_dcache/i_wt_dcache_wbuffer/i_clean_rr/i___237_i_4/O
                         net (fo=1, routed)           0.791    14.023    i_ariane/i_cva6/gen_cache_wt.i_cache_subsystem/i_wt_dcache/gen_rd_ports[1].i_wt_dcache_ctrl/bank_off_q_reg[2]
    SLICE_X90Y23         LUT5 (Prop_lut5_I0_O)        0.150    14.173 r  i_ariane/i_cva6/gen_cache_wt.i_cache_subsystem/i_wt_dcache/gen_rd_ports[1].i_wt_dcache_ctrl/i___237_i_1/O
                         net (fo=5, routed)           0.851    15.024    i_ariane/i_cva6/gen_cache_wt.i_cache_subsystem/i_wt_dcache_n_364
    SLICE_X86Y23         LUT5 (Prop_lut5_I3_O)        0.354    15.378 r  i_ariane/i_cva6/gen_cache_wt.i_cache_subsystem/i___238/O
                         net (fo=9, routed)           0.669    16.047    i_ariane/i_cva6/gen_cache_wt.i_cache_subsystem/i_wt_dcache/i_wt_dcache_wbuffer/i_clean_rr/Mem_DP_reg_2
    SLICE_X81Y22         LUT5 (Prop_lut5_I1_O)        0.328    16.375 r  i_ariane/i_cva6/gen_cache_wt.i_cache_subsystem/i_wt_dcache/i_wt_dcache_wbuffer/i_clean_rr/Mem_DP_reg_i_8__2/O
                         net (fo=2, routed)           1.156    17.531    i_ariane/i_cva6/gen_cache_wt.i_cache_subsystem/i_wt_dcache/i_wt_dcache_mem/gen_data_banks[2].i_data_sram/gen_cut[0].i_tc_sram_wrapper/i_ram/Mem_DP_reg_18[1]
    RAMB36_X3Y4          RAMB36E1                                     r  i_ariane/i_cva6/gen_cache_wt.i_cache_subsystem/i_wt_dcache/i_wt_dcache_mem/gen_data_banks[2].i_data_sram/gen_cut[0].i_tc_sram_wrapper/i_ram/Mem_DP_reg/ADDRARDADDR[7]
  -------------------------------------------------------------------    -------------------

                         (clock clk_out1_xlnx_clk_gen rise edge)
                                                     20.000    20.000 r  
    K17                                               0.000    20.000 r  clk_sys (IN)
                         net (fo=0)                   0.000    20.000    i_xlnx_clk_gen/inst/clk_in1
    K17                  IBUF (Prop_ibuf_I_O)         1.404    21.404 r  i_xlnx_clk_gen/inst/clkin1_ibufg/O
                         net (fo=1, routed)           1.162    22.566    i_xlnx_clk_gen/inst/clk_in1_xlnx_clk_gen
    MMCME2_ADV_X1Y2      MMCME2_ADV (Prop_mmcme2_adv_CLKIN1_CLKOUT0)
                                                     -7.814    14.752 r  i_xlnx_clk_gen/inst/mmcm_adv_inst/CLKOUT0
                         net (fo=1, routed)           2.012    16.764    i_xlnx_clk_gen/inst/clk_out1_xlnx_clk_gen
    BUFGCTRL_X0Y16       BUFG (Prop_bufg_I_O)         0.091    16.855 r  i_xlnx_clk_gen/inst/clkout1_buf/O
                         net (fo=15149, routed)       1.581    18.436    i_ariane/i_cva6/gen_cache_wt.i_cache_subsystem/i_wt_dcache/i_wt_dcache_mem/gen_data_banks[2].i_data_sram/gen_cut[0].i_tc_sram_wrapper/i_ram/clk_out1
    RAMB36_X3Y4          RAMB36E1                                     r  i_ariane/i_cva6/gen_cache_wt.i_cache_subsystem/i_wt_dcache/i_wt_dcache_mem/gen_data_banks[2].i_data_sram/gen_cut[0].i_tc_sram_wrapper/i_ram/Mem_DP_reg/CLKARDCLK
                         clock pessimism              0.567    19.003    
                         clock uncertainty           -0.079    18.924    
    RAMB36_X3Y4          RAMB36E1 (Setup_ramb36e1_CLKARDCLK_ADDRARDADDR[7])
                                                     -0.566    18.358    i_ariane/i_cva6/gen_cache_wt.i_cache_subsystem/i_wt_dcache/i_wt_dcache_mem/gen_data_banks[2].i_data_sram/gen_cut[0].i_tc_sram_wrapper/i_ram/Mem_DP_reg
  -------------------------------------------------------------------
                         required time                         18.358    
                         arrival time                         -17.531    
  -------------------------------------------------------------------
                         slack                                  0.827    





Min Delay Paths
--------------------------------------------------------------------------------------
Slack (MET) :             0.011ns  (arrival time - required time)
  Source:                 i_axi_dwidth_converter_dm_slave/inst/gen_downsizer.gen_simple_downsizer.axi_downsizer_inst/USE_READ.read_data_inst/WORD_LANE[0].S_AXI_RDATA_II_reg[7]/C
                            (rising edge-triggered cell FDRE clocked by clk_out1_xlnx_clk_gen  {rise@0.000ns fall@10.000ns period=20.000ns})
  Destination:            i_axi_xbar/i_xbar/gen_mst_port_mux[9].i_axi_mux/gen_mux.i_r_spill_reg/spill_register_flushable_i/gen_spill_reg.a_data_q_reg[data][7]/D
                            (rising edge-triggered cell FDCE clocked by clk_out1_xlnx_clk_gen  {rise@0.000ns fall@10.000ns period=20.000ns})
  Path Group:             clk_out1_xlnx_clk_gen
  Path Type:              Hold (Min at Fast Process Corner)
  Requirement:            0.000ns  (clk_out1_xlnx_clk_gen rise@0.000ns - clk_out1_xlnx_clk_gen rise@0.000ns)
  Data Path Delay:        0.393ns  (logic 0.190ns (48.385%)  route 0.203ns (51.615%))
  Logic Levels:           1  (LUT4=1)
  Clock Path Skew:        0.274ns (DCD - SCD - CPR)
    Destination Clock Delay (DCD):    -0.857ns
    Source Clock Delay      (SCD):    -0.624ns
    Clock Pessimism Removal (CPR):    -0.508ns

    Location             Delay type                Incr(ns)  Path(ns)    Netlist Resource(s)
  -------------------------------------------------------------------    -------------------
                         (clock clk_out1_xlnx_clk_gen rise edge)
                                                      0.000     0.000 r  
    K17                                               0.000     0.000 r  clk_sys (IN)
                         net (fo=0)                   0.000     0.000    i_xlnx_clk_gen/inst/clk_in1
    K17                  IBUF (Prop_ibuf_I_O)         0.243     0.243 r  i_xlnx_clk_gen/inst/clkin1_ibufg/O
                         net (fo=1, routed)           0.440     0.683    i_xlnx_clk_gen/inst/clk_in1_xlnx_clk_gen
    MMCME2_ADV_X1Y2      MMCME2_ADV (Prop_mmcme2_adv_CLKIN1_CLKOUT0)
                                                     -2.613    -1.930 r  i_xlnx_clk_gen/inst/mmcm_adv_inst/CLKOUT0
                         net (fo=1, routed)           0.696    -1.233    i_xlnx_clk_gen/inst/clk_out1_xlnx_clk_gen
    BUFGCTRL_X0Y16       BUFG (Prop_bufg_I_O)         0.026    -1.207 r  i_xlnx_clk_gen/inst/clkout1_buf/O
                         net (fo=15149, routed)       0.584    -0.624    i_axi_dwidth_converter_dm_slave/inst/gen_downsizer.gen_simple_downsizer.axi_downsizer_inst/USE_READ.read_data_inst/CLK
    SLICE_X80Y50         FDRE                                         r  i_axi_dwidth_converter_dm_slave/inst/gen_downsizer.gen_simple_downsizer.axi_downsizer_inst/USE_READ.read_data_inst/WORD_LANE[0].S_AXI_RDATA_II_reg[7]/C
  -------------------------------------------------------------------    -------------------
    SLICE_X80Y50         FDRE (Prop_fdre_C_Q)         0.141    -0.483 r  i_axi_dwidth_converter_dm_slave/inst/gen_downsizer.gen_simple_downsizer.axi_downsizer_inst/USE_READ.read_data_inst/WORD_LANE[0].S_AXI_RDATA_II_reg[7]/Q
                         net (fo=1, routed)           0.203    -0.280    i_axi_dwidth_converter_dm_slave/inst/gen_downsizer.gen_simple_downsizer.axi_downsizer_inst/USE_READ.read_data_inst/p_1_in[7]
    SLICE_X81Y49         LUT4 (Prop_lut4_I3_O)        0.049    -0.231 r  i_axi_dwidth_converter_dm_slave/inst/gen_downsizer.gen_simple_downsizer.axi_downsizer_inst/USE_READ.read_data_inst/s_axi_rdata[7]_INST_0/O
                         net (fo=1, routed)           0.000    -0.231    i_axi_xbar/i_xbar/gen_mst_port_mux[9].i_axi_mux/gen_mux.i_r_spill_reg/spill_register_flushable_i/gen_spill_reg.a_data_q_reg[data][63]_0[7]
    SLICE_X81Y49         FDCE                                         r  i_axi_xbar/i_xbar/gen_mst_port_mux[9].i_axi_mux/gen_mux.i_r_spill_reg/spill_register_flushable_i/gen_spill_reg.a_data_q_reg[data][7]/D
  -------------------------------------------------------------------    -------------------

                         (clock clk_out1_xlnx_clk_gen rise edge)
                                                      0.000     0.000 r  
    K17                                               0.000     0.000 r  clk_sys (IN)
                         net (fo=0)                   0.000     0.000    i_xlnx_clk_gen/inst/clk_in1
    K17                  IBUF (Prop_ibuf_I_O)         0.431     0.431 r  i_xlnx_clk_gen/inst/clkin1_ibufg/O
                         net (fo=1, routed)           0.480     0.911    i_xlnx_clk_gen/inst/clk_in1_xlnx_clk_gen
    MMCME2_ADV_X1Y2      MMCME2_ADV (Prop_mmcme2_adv_CLKIN1_CLKOUT0)
                                                     -3.407    -2.496 r  i_xlnx_clk_gen/inst/mmcm_adv_inst/CLKOUT0
                         net (fo=1, routed)           0.752    -1.744    i_xlnx_clk_gen/inst/clk_out1_xlnx_clk_gen
    BUFGCTRL_X0Y16       BUFG (Prop_bufg_I_O)         0.029    -1.715 r  i_xlnx_clk_gen/inst/clkout1_buf/O
                         net (fo=15149, routed)       0.858    -0.857    i_axi_xbar/i_xbar/gen_mst_port_mux[9].i_axi_mux/gen_mux.i_r_spill_reg/spill_register_flushable_i/clk_out1
    SLICE_X81Y49         FDCE                                         r  i_axi_xbar/i_xbar/gen_mst_port_mux[9].i_axi_mux/gen_mux.i_r_spill_reg/spill_register_flushable_i/gen_spill_reg.a_data_q_reg[data][7]/C
                         clock pessimism              0.508    -0.349    
    SLICE_X81Y49         FDCE (Hold_fdce_C_D)         0.107    -0.242    i_axi_xbar/i_xbar/gen_mst_port_mux[9].i_axi_mux/gen_mux.i_r_spill_reg/spill_register_flushable_i/gen_spill_reg.a_data_q_reg[data][7]
  -------------------------------------------------------------------
                         required time                          0.242    
                         arrival time                          -0.231    
  -------------------------------------------------------------------
                         slack                                  0.011    

Slack (MET) :             0.016ns  (arrival time - required time)
  Source:                 i_ariane_peripherals/gen_uart.i_apb_uart/UART_TXFF/Q_reg[6]/C
                            (rising edge-triggered cell FDCE clocked by clk_out1_xlnx_clk_gen  {rise@0.000ns fall@10.000ns period=20.000ns})
  Destination:            i_ariane_peripherals/gen_uart.i_apb_uart/iTSR_reg[6]/D
                            (rising edge-triggered cell FDCE clocked by clk_out1_xlnx_clk_gen  {rise@0.000ns fall@10.000ns period=20.000ns})
  Path Group:             clk_out1_xlnx_clk_gen
  Path Type:              Hold (Min at Fast Process Corner)
  Requirement:            0.000ns  (clk_out1_xlnx_clk_gen rise@0.000ns - clk_out1_xlnx_clk_gen rise@0.000ns)
  Data Path Delay:        0.344ns  (logic 0.141ns (40.971%)  route 0.203ns (59.029%))
  Logic Levels:           0  
  Clock Path Skew:        0.258ns (DCD - SCD - CPR)
    Destination Clock Delay (DCD):    -0.900ns
    Source Clock Delay      (SCD):    -0.656ns
    Clock Pessimism Removal (CPR):    -0.503ns

    Location             Delay type                Incr(ns)  Path(ns)    Netlist Resource(s)
  -------------------------------------------------------------------    -------------------
                         (clock clk_out1_xlnx_clk_gen rise edge)
                                                      0.000     0.000 r  
    K17                                               0.000     0.000 r  clk_sys (IN)
                         net (fo=0)                   0.000     0.000    i_xlnx_clk_gen/inst/clk_in1
    K17                  IBUF (Prop_ibuf_I_O)         0.243     0.243 r  i_xlnx_clk_gen/inst/clkin1_ibufg/O
                         net (fo=1, routed)           0.440     0.683    i_xlnx_clk_gen/inst/clk_in1_xlnx_clk_gen
    MMCME2_ADV_X1Y2      MMCME2_ADV (Prop_mmcme2_adv_CLKIN1_CLKOUT0)
                                                     -2.613    -1.930 r  i_xlnx_clk_gen/inst/mmcm_adv_inst/CLKOUT0
                         net (fo=1, routed)           0.696    -1.233    i_xlnx_clk_gen/inst/clk_out1_xlnx_clk_gen
    BUFGCTRL_X0Y16       BUFG (Prop_bufg_I_O)         0.026    -1.207 r  i_xlnx_clk_gen/inst/clkout1_buf/O
                         net (fo=15149, routed)       0.552    -0.656    i_ariane_peripherals/gen_uart.i_apb_uart/UART_TXFF/clk_out1
    SLICE_X48Y87         FDCE                                         r  i_ariane_peripherals/gen_uart.i_apb_uart/UART_TXFF/Q_reg[6]/C
  -------------------------------------------------------------------    -------------------
    SLICE_X48Y87         FDCE (Prop_fdce_C_Q)         0.141    -0.515 r  i_ariane_peripherals/gen_uart.i_apb_uart/UART_TXFF/Q_reg[6]/Q
                         net (fo=1, routed)           0.203    -0.311    i_ariane_peripherals/gen_uart.i_apb_uart/iTXFIFOQ[6]
    SLICE_X52Y86         FDCE                                         r  i_ariane_peripherals/gen_uart.i_apb_uart/iTSR_reg[6]/D
  -------------------------------------------------------------------    -------------------

                         (clock clk_out1_xlnx_clk_gen rise edge)
                                                      0.000     0.000 r  
    K17                                               0.000     0.000 r  clk_sys (IN)
                         net (fo=0)                   0.000     0.000    i_xlnx_clk_gen/inst/clk_in1
    K17                  IBUF (Prop_ibuf_I_O)         0.431     0.431 r  i_xlnx_clk_gen/inst/clkin1_ibufg/O
                         net (fo=1, routed)           0.480     0.911    i_xlnx_clk_gen/inst/clk_in1_xlnx_clk_gen
    MMCME2_ADV_X1Y2      MMCME2_ADV (Prop_mmcme2_adv_CLKIN1_CLKOUT0)
                                                     -3.407    -2.496 r  i_xlnx_clk_gen/inst/mmcm_adv_inst/CLKOUT0
                         net (fo=1, routed)           0.752    -1.744    i_xlnx_clk_gen/inst/clk_out1_xlnx_clk_gen
    BUFGCTRL_X0Y16       BUFG (Prop_bufg_I_O)         0.029    -1.715 r  i_xlnx_clk_gen/inst/clkout1_buf/O
                         net (fo=15149, routed)       0.815    -0.900    i_ariane_peripherals/gen_uart.i_apb_uart/clk_out1
    SLICE_X52Y86         FDCE                                         r  i_ariane_peripherals/gen_uart.i_apb_uart/iTSR_reg[6]/C
                         clock pessimism              0.503    -0.397    
    SLICE_X52Y86         FDCE (Hold_fdce_C_D)         0.070    -0.327    i_ariane_peripherals/gen_uart.i_apb_uart/iTSR_reg[6]
  -------------------------------------------------------------------
                         required time                          0.327    
                         arrival time                          -0.311    
  -------------------------------------------------------------------
                         slack                                  0.016    

Slack (MET) :             0.024ns  (arrival time - required time)
  Source:                 i_xlnx_blk_mem_gen/U0/inst_blk_mem_gen/gnbram.gaxibmg.axi_wr_fsm/gaxi_bid_gen.bvalid_wr_cnt_r_reg[0]/C
                            (rising edge-triggered cell FDRE clocked by clk_out1_xlnx_clk_gen  {rise@0.000ns fall@10.000ns period=20.000ns})
  Destination:            i_xlnx_blk_mem_gen/U0/inst_blk_mem_gen/gnbram.gaxibmg.axi_wr_fsm/gaxi_bid_gen.axi_bid_array_reg_0_3_0_4/RAMA/WADR0
                            (rising edge-triggered cell RAMD32 clocked by clk_out1_xlnx_clk_gen  {rise@0.000ns fall@10.000ns period=20.000ns})
  Path Group:             clk_out1_xlnx_clk_gen
  Path Type:              Hold (Min at Fast Process Corner)
  Requirement:            0.000ns  (clk_out1_xlnx_clk_gen rise@0.000ns - clk_out1_xlnx_clk_gen rise@0.000ns)
  Data Path Delay:        0.347ns  (logic 0.141ns (40.606%)  route 0.206ns (59.394%))
  Logic Levels:           0  
  Clock Path Skew:        0.013ns (DCD - SCD - CPR)
    Destination Clock Delay (DCD):    -0.831ns
    Source Clock Delay      (SCD):    -0.594ns
    Clock Pessimism Removal (CPR):    -0.251ns

    Location             Delay type                Incr(ns)  Path(ns)    Netlist Resource(s)
  -------------------------------------------------------------------    -------------------
                         (clock clk_out1_xlnx_clk_gen rise edge)
                                                      0.000     0.000 r  
    K17                                               0.000     0.000 r  clk_sys (IN)
                         net (fo=0)                   0.000     0.000    i_xlnx_clk_gen/inst/clk_in1
    K17                  IBUF (Prop_ibuf_I_O)         0.243     0.243 r  i_xlnx_clk_gen/inst/clkin1_ibufg/O
                         net (fo=1, routed)           0.440     0.683    i_xlnx_clk_gen/inst/clk_in1_xlnx_clk_gen
    MMCME2_ADV_X1Y2      MMCME2_ADV (Prop_mmcme2_adv_CLKIN1_CLKOUT0)
                                                     -2.613    -1.930 r  i_xlnx_clk_gen/inst/mmcm_adv_inst/CLKOUT0
                         net (fo=1, routed)           0.696    -1.233    i_xlnx_clk_gen/inst/clk_out1_xlnx_clk_gen
    BUFGCTRL_X0Y16       BUFG (Prop_bufg_I_O)         0.026    -1.207 r  i_xlnx_clk_gen/inst/clkout1_buf/O
                         net (fo=15149, routed)       0.614    -0.594    i_xlnx_blk_mem_gen/U0/inst_blk_mem_gen/gnbram.gaxibmg.axi_wr_fsm/s_aclk
    SLICE_X97Y47         FDRE                                         r  i_xlnx_blk_mem_gen/U0/inst_blk_mem_gen/gnbram.gaxibmg.axi_wr_fsm/gaxi_bid_gen.bvalid_wr_cnt_r_reg[0]/C
  -------------------------------------------------------------------    -------------------
    SLICE_X97Y47         FDRE (Prop_fdre_C_Q)         0.141    -0.453 r  i_xlnx_blk_mem_gen/U0/inst_blk_mem_gen/gnbram.gaxibmg.axi_wr_fsm/gaxi_bid_gen.bvalid_wr_cnt_r_reg[0]/Q
                         net (fo=10, routed)          0.206    -0.246    i_xlnx_blk_mem_gen/U0/inst_blk_mem_gen/gnbram.gaxibmg.axi_wr_fsm/gaxi_bid_gen.axi_bid_array_reg_0_3_0_4/ADDRD0
    SLICE_X96Y47         RAMD32                                       r  i_xlnx_blk_mem_gen/U0/inst_blk_mem_gen/gnbram.gaxibmg.axi_wr_fsm/gaxi_bid_gen.axi_bid_array_reg_0_3_0_4/RAMA/WADR0
  -------------------------------------------------------------------    -------------------

                         (clock clk_out1_xlnx_clk_gen rise edge)
                                                      0.000     0.000 r  
    K17                                               0.000     0.000 r  clk_sys (IN)
                         net (fo=0)                   0.000     0.000    i_xlnx_clk_gen/inst/clk_in1
    K17                  IBUF (Prop_ibuf_I_O)         0.431     0.431 r  i_xlnx_clk_gen/inst/clkin1_ibufg/O
                         net (fo=1, routed)           0.480     0.911    i_xlnx_clk_gen/inst/clk_in1_xlnx_clk_gen
    MMCME2_ADV_X1Y2      MMCME2_ADV (Prop_mmcme2_adv_CLKIN1_CLKOUT0)
                                                     -3.407    -2.496 r  i_xlnx_clk_gen/inst/mmcm_adv_inst/CLKOUT0
                         net (fo=1, routed)           0.752    -1.744    i_xlnx_clk_gen/inst/clk_out1_xlnx_clk_gen
    BUFGCTRL_X0Y16       BUFG (Prop_bufg_I_O)         0.029    -1.715 r  i_xlnx_clk_gen/inst/clkout1_buf/O
                         net (fo=15149, routed)       0.884    -0.831    i_xlnx_blk_mem_gen/U0/inst_blk_mem_gen/gnbram.gaxibmg.axi_wr_fsm/gaxi_bid_gen.axi_bid_array_reg_0_3_0_4/WCLK
    SLICE_X96Y47         RAMD32                                       r  i_xlnx_blk_mem_gen/U0/inst_blk_mem_gen/gnbram.gaxibmg.axi_wr_fsm/gaxi_bid_gen.axi_bid_array_reg_0_3_0_4/RAMA/CLK
                         clock pessimism              0.251    -0.581    
    SLICE_X96Y47         RAMD32 (Hold_ramd32_CLK_WADR0)
                                                      0.310    -0.271    i_xlnx_blk_mem_gen/U0/inst_blk_mem_gen/gnbram.gaxibmg.axi_wr_fsm/gaxi_bid_gen.axi_bid_array_reg_0_3_0_4/RAMA
  -------------------------------------------------------------------
                         required time                          0.271    
                         arrival time                          -0.246    
  -------------------------------------------------------------------
                         slack                                  0.024    

Slack (MET) :             0.024ns  (arrival time - required time)
  Source:                 i_xlnx_blk_mem_gen/U0/inst_blk_mem_gen/gnbram.gaxibmg.axi_wr_fsm/gaxi_bid_gen.bvalid_wr_cnt_r_reg[0]/C
                            (rising edge-triggered cell FDRE clocked by clk_out1_xlnx_clk_gen  {rise@0.000ns fall@10.000ns period=20.000ns})
  Destination:            i_xlnx_blk_mem_gen/U0/inst_blk_mem_gen/gnbram.gaxibmg.axi_wr_fsm/gaxi_bid_gen.axi_bid_array_reg_0_3_0_4/RAMA_D1/WADR0
                            (rising edge-triggered cell RAMD32 clocked by clk_out1_xlnx_clk_gen  {rise@0.000ns fall@10.000ns period=20.000ns})
  Path Group:             clk_out1_xlnx_clk_gen
  Path Type:              Hold (Min at Fast Process Corner)
  Requirement:            0.000ns  (clk_out1_xlnx_clk_gen rise@0.000ns - clk_out1_xlnx_clk_gen rise@0.000ns)
  Data Path Delay:        0.347ns  (logic 0.141ns (40.606%)  route 0.206ns (59.394%))
  Logic Levels:           0  
  Clock Path Skew:        0.013ns (DCD - SCD - CPR)
    Destination Clock Delay (DCD):    -0.831ns
    Source Clock Delay      (SCD):    -0.594ns
    Clock Pessimism Removal (CPR):    -0.251ns

    Location             Delay type                Incr(ns)  Path(ns)    Netlist Resource(s)
  -------------------------------------------------------------------    -------------------
                         (clock clk_out1_xlnx_clk_gen rise edge)
                                                      0.000     0.000 r  
    K17                                               0.000     0.000 r  clk_sys (IN)
                         net (fo=0)                   0.000     0.000    i_xlnx_clk_gen/inst/clk_in1
    K17                  IBUF (Prop_ibuf_I_O)         0.243     0.243 r  i_xlnx_clk_gen/inst/clkin1_ibufg/O
                         net (fo=1, routed)           0.440     0.683    i_xlnx_clk_gen/inst/clk_in1_xlnx_clk_gen
    MMCME2_ADV_X1Y2      MMCME2_ADV (Prop_mmcme2_adv_CLKIN1_CLKOUT0)
                                                     -2.613    -1.930 r  i_xlnx_clk_gen/inst/mmcm_adv_inst/CLKOUT0
                         net (fo=1, routed)           0.696    -1.233    i_xlnx_clk_gen/inst/clk_out1_xlnx_clk_gen
    BUFGCTRL_X0Y16       BUFG (Prop_bufg_I_O)         0.026    -1.207 r  i_xlnx_clk_gen/inst/clkout1_buf/O
                         net (fo=15149, routed)       0.614    -0.594    i_xlnx_blk_mem_gen/U0/inst_blk_mem_gen/gnbram.gaxibmg.axi_wr_fsm/s_aclk
    SLICE_X97Y47         FDRE                                         r  i_xlnx_blk_mem_gen/U0/inst_blk_mem_gen/gnbram.gaxibmg.axi_wr_fsm/gaxi_bid_gen.bvalid_wr_cnt_r_reg[0]/C
  -------------------------------------------------------------------    -------------------
    SLICE_X97Y47         FDRE (Prop_fdre_C_Q)         0.141    -0.453 r  i_xlnx_blk_mem_gen/U0/inst_blk_mem_gen/gnbram.gaxibmg.axi_wr_fsm/gaxi_bid_gen.bvalid_wr_cnt_r_reg[0]/Q
                         net (fo=10, routed)          0.206    -0.246    i_xlnx_blk_mem_gen/U0/inst_blk_mem_gen/gnbram.gaxibmg.axi_wr_fsm/gaxi_bid_gen.axi_bid_array_reg_0_3_0_4/ADDRD0
    SLICE_X96Y47         RAMD32                                       r  i_xlnx_blk_mem_gen/U0/inst_blk_mem_gen/gnbram.gaxibmg.axi_wr_fsm/gaxi_bid_gen.axi_bid_array_reg_0_3_0_4/RAMA_D1/WADR0
  -------------------------------------------------------------------    -------------------

                         (clock clk_out1_xlnx_clk_gen rise edge)
                                                      0.000     0.000 r  
    K17                                               0.000     0.000 r  clk_sys (IN)
                         net (fo=0)                   0.000     0.000    i_xlnx_clk_gen/inst/clk_in1
    K17                  IBUF (Prop_ibuf_I_O)         0.431     0.431 r  i_xlnx_clk_gen/inst/clkin1_ibufg/O
                         net (fo=1, routed)           0.480     0.911    i_xlnx_clk_gen/inst/clk_in1_xlnx_clk_gen
    MMCME2_ADV_X1Y2      MMCME2_ADV (Prop_mmcme2_adv_CLKIN1_CLKOUT0)
                                                     -3.407    -2.496 r  i_xlnx_clk_gen/inst/mmcm_adv_inst/CLKOUT0
                         net (fo=1, routed)           0.752    -1.744    i_xlnx_clk_gen/inst/clk_out1_xlnx_clk_gen
    BUFGCTRL_X0Y16       BUFG (Prop_bufg_I_O)         0.029    -1.715 r  i_xlnx_clk_gen/inst/clkout1_buf/O
                         net (fo=15149, routed)       0.884    -0.831    i_xlnx_blk_mem_gen/U0/inst_blk_mem_gen/gnbram.gaxibmg.axi_wr_fsm/gaxi_bid_gen.axi_bid_array_reg_0_3_0_4/WCLK
    SLICE_X96Y47         RAMD32                                       r  i_xlnx_blk_mem_gen/U0/inst_blk_mem_gen/gnbram.gaxibmg.axi_wr_fsm/gaxi_bid_gen.axi_bid_array_reg_0_3_0_4/RAMA_D1/CLK
                         clock pessimism              0.251    -0.581    
    SLICE_X96Y47         RAMD32 (Hold_ramd32_CLK_WADR0)
                                                      0.310    -0.271    i_xlnx_blk_mem_gen/U0/inst_blk_mem_gen/gnbram.gaxibmg.axi_wr_fsm/gaxi_bid_gen.axi_bid_array_reg_0_3_0_4/RAMA_D1
  -------------------------------------------------------------------
                         required time                          0.271    
                         arrival time                          -0.246    
  -------------------------------------------------------------------
                         slack                                  0.024    

Slack (MET) :             0.024ns  (arrival time - required time)
  Source:                 i_xlnx_blk_mem_gen/U0/inst_blk_mem_gen/gnbram.gaxibmg.axi_wr_fsm/gaxi_bid_gen.bvalid_wr_cnt_r_reg[0]/C
                            (rising edge-triggered cell FDRE clocked by clk_out1_xlnx_clk_gen  {rise@0.000ns fall@10.000ns period=20.000ns})
  Destination:            i_xlnx_blk_mem_gen/U0/inst_blk_mem_gen/gnbram.gaxibmg.axi_wr_fsm/gaxi_bid_gen.axi_bid_array_reg_0_3_0_4/RAMB/WADR0
                            (rising edge-triggered cell RAMD32 clocked by clk_out1_xlnx_clk_gen  {rise@0.000ns fall@10.000ns period=20.000ns})
  Path Group:             clk_out1_xlnx_clk_gen
  Path Type:              Hold (Min at Fast Process Corner)
  Requirement:            0.000ns  (clk_out1_xlnx_clk_gen rise@0.000ns - clk_out1_xlnx_clk_gen rise@0.000ns)
  Data Path Delay:        0.347ns  (logic 0.141ns (40.606%)  route 0.206ns (59.394%))
  Logic Levels:           0  
  Clock Path Skew:        0.013ns (DCD - SCD - CPR)
    Destination Clock Delay (DCD):    -0.831ns
    Source Clock Delay      (SCD):    -0.594ns
    Clock Pessimism Removal (CPR):    -0.251ns

    Location             Delay type                Incr(ns)  Path(ns)    Netlist Resource(s)
  -------------------------------------------------------------------    -------------------
                         (clock clk_out1_xlnx_clk_gen rise edge)
                                                      0.000     0.000 r  
    K17                                               0.000     0.000 r  clk_sys (IN)
                         net (fo=0)                   0.000     0.000    i_xlnx_clk_gen/inst/clk_in1
    K17                  IBUF (Prop_ibuf_I_O)         0.243     0.243 r  i_xlnx_clk_gen/inst/clkin1_ibufg/O
                         net (fo=1, routed)           0.440     0.683    i_xlnx_clk_gen/inst/clk_in1_xlnx_clk_gen
    MMCME2_ADV_X1Y2      MMCME2_ADV (Prop_mmcme2_adv_CLKIN1_CLKOUT0)
                                                     -2.613    -1.930 r  i_xlnx_clk_gen/inst/mmcm_adv_inst/CLKOUT0
                         net (fo=1, routed)           0.696    -1.233    i_xlnx_clk_gen/inst/clk_out1_xlnx_clk_gen
    BUFGCTRL_X0Y16       BUFG (Prop_bufg_I_O)         0.026    -1.207 r  i_xlnx_clk_gen/inst/clkout1_buf/O
                         net (fo=15149, routed)       0.614    -0.594    i_xlnx_blk_mem_gen/U0/inst_blk_mem_gen/gnbram.gaxibmg.axi_wr_fsm/s_aclk
    SLICE_X97Y47         FDRE                                         r  i_xlnx_blk_mem_gen/U0/inst_blk_mem_gen/gnbram.gaxibmg.axi_wr_fsm/gaxi_bid_gen.bvalid_wr_cnt_r_reg[0]/C
  -------------------------------------------------------------------    -------------------
    SLICE_X97Y47         FDRE (Prop_fdre_C_Q)         0.141    -0.453 r  i_xlnx_blk_mem_gen/U0/inst_blk_mem_gen/gnbram.gaxibmg.axi_wr_fsm/gaxi_bid_gen.bvalid_wr_cnt_r_reg[0]/Q
                         net (fo=10, routed)          0.206    -0.246    i_xlnx_blk_mem_gen/U0/inst_blk_mem_gen/gnbram.gaxibmg.axi_wr_fsm/gaxi_bid_gen.axi_bid_array_reg_0_3_0_4/ADDRD0
    SLICE_X96Y47         RAMD32                                       r  i_xlnx_blk_mem_gen/U0/inst_blk_mem_gen/gnbram.gaxibmg.axi_wr_fsm/gaxi_bid_gen.axi_bid_array_reg_0_3_0_4/RAMB/WADR0
  -------------------------------------------------------------------    -------------------

                         (clock clk_out1_xlnx_clk_gen rise edge)
                                                      0.000     0.000 r  
    K17                                               0.000     0.000 r  clk_sys (IN)
                         net (fo=0)                   0.000     0.000    i_xlnx_clk_gen/inst/clk_in1
    K17                  IBUF (Prop_ibuf_I_O)         0.431     0.431 r  i_xlnx_clk_gen/inst/clkin1_ibufg/O
                         net (fo=1, routed)           0.480     0.911    i_xlnx_clk_gen/inst/clk_in1_xlnx_clk_gen
    MMCME2_ADV_X1Y2      MMCME2_ADV (Prop_mmcme2_adv_CLKIN1_CLKOUT0)
                                                     -3.407    -2.496 r  i_xlnx_clk_gen/inst/mmcm_adv_inst/CLKOUT0
                         net (fo=1, routed)           0.752    -1.744    i_xlnx_clk_gen/inst/clk_out1_xlnx_clk_gen
    BUFGCTRL_X0Y16       BUFG (Prop_bufg_I_O)         0.029    -1.715 r  i_xlnx_clk_gen/inst/clkout1_buf/O
                         net (fo=15149, routed)       0.884    -0.831    i_xlnx_blk_mem_gen/U0/inst_blk_mem_gen/gnbram.gaxibmg.axi_wr_fsm/gaxi_bid_gen.axi_bid_array_reg_0_3_0_4/WCLK
    SLICE_X96Y47         RAMD32                                       r  i_xlnx_blk_mem_gen/U0/inst_blk_mem_gen/gnbram.gaxibmg.axi_wr_fsm/gaxi_bid_gen.axi_bid_array_reg_0_3_0_4/RAMB/CLK
                         clock pessimism              0.251    -0.581    
    SLICE_X96Y47         RAMD32 (Hold_ramd32_CLK_WADR0)
                                                      0.310    -0.271    i_xlnx_blk_mem_gen/U0/inst_blk_mem_gen/gnbram.gaxibmg.axi_wr_fsm/gaxi_bid_gen.axi_bid_array_reg_0_3_0_4/RAMB
  -------------------------------------------------------------------
                         required time                          0.271    
                         arrival time                          -0.246    
  -------------------------------------------------------------------
                         slack                                  0.024    

Slack (MET) :             0.024ns  (arrival time - required time)
  Source:                 i_xlnx_blk_mem_gen/U0/inst_blk_mem_gen/gnbram.gaxibmg.axi_wr_fsm/gaxi_bid_gen.bvalid_wr_cnt_r_reg[0]/C
                            (rising edge-triggered cell FDRE clocked by clk_out1_xlnx_clk_gen  {rise@0.000ns fall@10.000ns period=20.000ns})
  Destination:            i_xlnx_blk_mem_gen/U0/inst_blk_mem_gen/gnbram.gaxibmg.axi_wr_fsm/gaxi_bid_gen.axi_bid_array_reg_0_3_0_4/RAMB_D1/WADR0
                            (rising edge-triggered cell RAMD32 clocked by clk_out1_xlnx_clk_gen  {rise@0.000ns fall@10.000ns period=20.000ns})
  Path Group:             clk_out1_xlnx_clk_gen
  Path Type:              Hold (Min at Fast Process Corner)
  Requirement:            0.000ns  (clk_out1_xlnx_clk_gen rise@0.000ns - clk_out1_xlnx_clk_gen rise@0.000ns)
  Data Path Delay:        0.347ns  (logic 0.141ns (40.606%)  route 0.206ns (59.394%))
  Logic Levels:           0  
  Clock Path Skew:        0.013ns (DCD - SCD - CPR)
    Destination Clock Delay (DCD):    -0.831ns
    Source Clock Delay      (SCD):    -0.594ns
    Clock Pessimism Removal (CPR):    -0.251ns

    Location             Delay type                Incr(ns)  Path(ns)    Netlist Resource(s)
  -------------------------------------------------------------------    -------------------
                         (clock clk_out1_xlnx_clk_gen rise edge)
                                                      0.000     0.000 r  
    K17                                               0.000     0.000 r  clk_sys (IN)
                         net (fo=0)                   0.000     0.000    i_xlnx_clk_gen/inst/clk_in1
    K17                  IBUF (Prop_ibuf_I_O)         0.243     0.243 r  i_xlnx_clk_gen/inst/clkin1_ibufg/O
                         net (fo=1, routed)           0.440     0.683    i_xlnx_clk_gen/inst/clk_in1_xlnx_clk_gen
    MMCME2_ADV_X1Y2      MMCME2_ADV (Prop_mmcme2_adv_CLKIN1_CLKOUT0)
                                                     -2.613    -1.930 r  i_xlnx_clk_gen/inst/mmcm_adv_inst/CLKOUT0
                         net (fo=1, routed)           0.696    -1.233    i_xlnx_clk_gen/inst/clk_out1_xlnx_clk_gen
    BUFGCTRL_X0Y16       BUFG (Prop_bufg_I_O)         0.026    -1.207 r  i_xlnx_clk_gen/inst/clkout1_buf/O
                         net (fo=15149, routed)       0.614    -0.594    i_xlnx_blk_mem_gen/U0/inst_blk_mem_gen/gnbram.gaxibmg.axi_wr_fsm/s_aclk
    SLICE_X97Y47         FDRE                                         r  i_xlnx_blk_mem_gen/U0/inst_blk_mem_gen/gnbram.gaxibmg.axi_wr_fsm/gaxi_bid_gen.bvalid_wr_cnt_r_reg[0]/C
  -------------------------------------------------------------------    -------------------
    SLICE_X97Y47         FDRE (Prop_fdre_C_Q)         0.141    -0.453 r  i_xlnx_blk_mem_gen/U0/inst_blk_mem_gen/gnbram.gaxibmg.axi_wr_fsm/gaxi_bid_gen.bvalid_wr_cnt_r_reg[0]/Q
                         net (fo=10, routed)          0.206    -0.246    i_xlnx_blk_mem_gen/U0/inst_blk_mem_gen/gnbram.gaxibmg.axi_wr_fsm/gaxi_bid_gen.axi_bid_array_reg_0_3_0_4/ADDRD0
    SLICE_X96Y47         RAMD32                                       r  i_xlnx_blk_mem_gen/U0/inst_blk_mem_gen/gnbram.gaxibmg.axi_wr_fsm/gaxi_bid_gen.axi_bid_array_reg_0_3_0_4/RAMB_D1/WADR0
  -------------------------------------------------------------------    -------------------

                         (clock clk_out1_xlnx_clk_gen rise edge)
                                                      0.000     0.000 r  
    K17                                               0.000     0.000 r  clk_sys (IN)
                         net (fo=0)                   0.000     0.000    i_xlnx_clk_gen/inst/clk_in1
    K17                  IBUF (Prop_ibuf_I_O)         0.431     0.431 r  i_xlnx_clk_gen/inst/clkin1_ibufg/O
                         net (fo=1, routed)           0.480     0.911    i_xlnx_clk_gen/inst/clk_in1_xlnx_clk_gen
    MMCME2_ADV_X1Y2      MMCME2_ADV (Prop_mmcme2_adv_CLKIN1_CLKOUT0)
                                                     -3.407    -2.496 r  i_xlnx_clk_gen/inst/mmcm_adv_inst/CLKOUT0
                         net (fo=1, routed)           0.752    -1.744    i_xlnx_clk_gen/inst/clk_out1_xlnx_clk_gen
    BUFGCTRL_X0Y16       BUFG (Prop_bufg_I_O)         0.029    -1.715 r  i_xlnx_clk_gen/inst/clkout1_buf/O
                         net (fo=15149, routed)       0.884    -0.831    i_xlnx_blk_mem_gen/U0/inst_blk_mem_gen/gnbram.gaxibmg.axi_wr_fsm/gaxi_bid_gen.axi_bid_array_reg_0_3_0_4/WCLK
    SLICE_X96Y47         RAMD32                                       r  i_xlnx_blk_mem_gen/U0/inst_blk_mem_gen/gnbram.gaxibmg.axi_wr_fsm/gaxi_bid_gen.axi_bid_array_reg_0_3_0_4/RAMB_D1/CLK
                         clock pessimism              0.251    -0.581    
    SLICE_X96Y47         RAMD32 (Hold_ramd32_CLK_WADR0)
                                                      0.310    -0.271    i_xlnx_blk_mem_gen/U0/inst_blk_mem_gen/gnbram.gaxibmg.axi_wr_fsm/gaxi_bid_gen.axi_bid_array_reg_0_3_0_4/RAMB_D1
  -------------------------------------------------------------------
                         required time                          0.271    
                         arrival time                          -0.246    
  -------------------------------------------------------------------
                         slack                                  0.024    

Slack (MET) :             0.024ns  (arrival time - required time)
  Source:                 i_xlnx_blk_mem_gen/U0/inst_blk_mem_gen/gnbram.gaxibmg.axi_wr_fsm/gaxi_bid_gen.bvalid_wr_cnt_r_reg[0]/C
                            (rising edge-triggered cell FDRE clocked by clk_out1_xlnx_clk_gen  {rise@0.000ns fall@10.000ns period=20.000ns})
  Destination:            i_xlnx_blk_mem_gen/U0/inst_blk_mem_gen/gnbram.gaxibmg.axi_wr_fsm/gaxi_bid_gen.axi_bid_array_reg_0_3_0_4/RAMC/WADR0
                            (rising edge-triggered cell RAMD32 clocked by clk_out1_xlnx_clk_gen  {rise@0.000ns fall@10.000ns period=20.000ns})
  Path Group:             clk_out1_xlnx_clk_gen
  Path Type:              Hold (Min at Fast Process Corner)
  Requirement:            0.000ns  (clk_out1_xlnx_clk_gen rise@0.000ns - clk_out1_xlnx_clk_gen rise@0.000ns)
  Data Path Delay:        0.347ns  (logic 0.141ns (40.606%)  route 0.206ns (59.394%))
  Logic Levels:           0  
  Clock Path Skew:        0.013ns (DCD - SCD - CPR)
    Destination Clock Delay (DCD):    -0.831ns
    Source Clock Delay      (SCD):    -0.594ns
    Clock Pessimism Removal (CPR):    -0.251ns

    Location             Delay type                Incr(ns)  Path(ns)    Netlist Resource(s)
  -------------------------------------------------------------------    -------------------
                         (clock clk_out1_xlnx_clk_gen rise edge)
                                                      0.000     0.000 r  
    K17                                               0.000     0.000 r  clk_sys (IN)
                         net (fo=0)                   0.000     0.000    i_xlnx_clk_gen/inst/clk_in1
    K17                  IBUF (Prop_ibuf_I_O)         0.243     0.243 r  i_xlnx_clk_gen/inst/clkin1_ibufg/O
                         net (fo=1, routed)           0.440     0.683    i_xlnx_clk_gen/inst/clk_in1_xlnx_clk_gen
    MMCME2_ADV_X1Y2      MMCME2_ADV (Prop_mmcme2_adv_CLKIN1_CLKOUT0)
                                                     -2.613    -1.930 r  i_xlnx_clk_gen/inst/mmcm_adv_inst/CLKOUT0
                         net (fo=1, routed)           0.696    -1.233    i_xlnx_clk_gen/inst/clk_out1_xlnx_clk_gen
    BUFGCTRL_X0Y16       BUFG (Prop_bufg_I_O)         0.026    -1.207 r  i_xlnx_clk_gen/inst/clkout1_buf/O
                         net (fo=15149, routed)       0.614    -0.594    i_xlnx_blk_mem_gen/U0/inst_blk_mem_gen/gnbram.gaxibmg.axi_wr_fsm/s_aclk
    SLICE_X97Y47         FDRE                                         r  i_xlnx_blk_mem_gen/U0/inst_blk_mem_gen/gnbram.gaxibmg.axi_wr_fsm/gaxi_bid_gen.bvalid_wr_cnt_r_reg[0]/C
  -------------------------------------------------------------------    -------------------
    SLICE_X97Y47         FDRE (Prop_fdre_C_Q)         0.141    -0.453 r  i_xlnx_blk_mem_gen/U0/inst_blk_mem_gen/gnbram.gaxibmg.axi_wr_fsm/gaxi_bid_gen.bvalid_wr_cnt_r_reg[0]/Q
                         net (fo=10, routed)          0.206    -0.246    i_xlnx_blk_mem_gen/U0/inst_blk_mem_gen/gnbram.gaxibmg.axi_wr_fsm/gaxi_bid_gen.axi_bid_array_reg_0_3_0_4/ADDRD0
    SLICE_X96Y47         RAMD32                                       r  i_xlnx_blk_mem_gen/U0/inst_blk_mem_gen/gnbram.gaxibmg.axi_wr_fsm/gaxi_bid_gen.axi_bid_array_reg_0_3_0_4/RAMC/WADR0
  -------------------------------------------------------------------    -------------------

                         (clock clk_out1_xlnx_clk_gen rise edge)
                                                      0.000     0.000 r  
    K17                                               0.000     0.000 r  clk_sys (IN)
                         net (fo=0)                   0.000     0.000    i_xlnx_clk_gen/inst/clk_in1
    K17                  IBUF (Prop_ibuf_I_O)         0.431     0.431 r  i_xlnx_clk_gen/inst/clkin1_ibufg/O
                         net (fo=1, routed)           0.480     0.911    i_xlnx_clk_gen/inst/clk_in1_xlnx_clk_gen
    MMCME2_ADV_X1Y2      MMCME2_ADV (Prop_mmcme2_adv_CLKIN1_CLKOUT0)
                                                     -3.407    -2.496 r  i_xlnx_clk_gen/inst/mmcm_adv_inst/CLKOUT0
                         net (fo=1, routed)           0.752    -1.744    i_xlnx_clk_gen/inst/clk_out1_xlnx_clk_gen
    BUFGCTRL_X0Y16       BUFG (Prop_bufg_I_O)         0.029    -1.715 r  i_xlnx_clk_gen/inst/clkout1_buf/O
                         net (fo=15149, routed)       0.884    -0.831    i_xlnx_blk_mem_gen/U0/inst_blk_mem_gen/gnbram.gaxibmg.axi_wr_fsm/gaxi_bid_gen.axi_bid_array_reg_0_3_0_4/WCLK
    SLICE_X96Y47         RAMD32                                       r  i_xlnx_blk_mem_gen/U0/inst_blk_mem_gen/gnbram.gaxibmg.axi_wr_fsm/gaxi_bid_gen.axi_bid_array_reg_0_3_0_4/RAMC/CLK
                         clock pessimism              0.251    -0.581    
    SLICE_X96Y47         RAMD32 (Hold_ramd32_CLK_WADR0)
                                                      0.310    -0.271    i_xlnx_blk_mem_gen/U0/inst_blk_mem_gen/gnbram.gaxibmg.axi_wr_fsm/gaxi_bid_gen.axi_bid_array_reg_0_3_0_4/RAMC
  -------------------------------------------------------------------
                         required time                          0.271    
                         arrival time                          -0.246    
  -------------------------------------------------------------------
                         slack                                  0.024    

Slack (MET) :             0.024ns  (arrival time - required time)
  Source:                 i_xlnx_blk_mem_gen/U0/inst_blk_mem_gen/gnbram.gaxibmg.axi_wr_fsm/gaxi_bid_gen.bvalid_wr_cnt_r_reg[0]/C
                            (rising edge-triggered cell FDRE clocked by clk_out1_xlnx_clk_gen  {rise@0.000ns fall@10.000ns period=20.000ns})
  Destination:            i_xlnx_blk_mem_gen/U0/inst_blk_mem_gen/gnbram.gaxibmg.axi_wr_fsm/gaxi_bid_gen.axi_bid_array_reg_0_3_0_4/RAMC_D1/WADR0
                            (rising edge-triggered cell RAMD32 clocked by clk_out1_xlnx_clk_gen  {rise@0.000ns fall@10.000ns period=20.000ns})
  Path Group:             clk_out1_xlnx_clk_gen
  Path Type:              Hold (Min at Fast Process Corner)
  Requirement:            0.000ns  (clk_out1_xlnx_clk_gen rise@0.000ns - clk_out1_xlnx_clk_gen rise@0.000ns)
  Data Path Delay:        0.347ns  (logic 0.141ns (40.606%)  route 0.206ns (59.394%))
  Logic Levels:           0  
  Clock Path Skew:        0.013ns (DCD - SCD - CPR)
    Destination Clock Delay (DCD):    -0.831ns
    Source Clock Delay      (SCD):    -0.594ns
    Clock Pessimism Removal (CPR):    -0.251ns

    Location             Delay type                Incr(ns)  Path(ns)    Netlist Resource(s)
  -------------------------------------------------------------------    -------------------
                         (clock clk_out1_xlnx_clk_gen rise edge)
                                                      0.000     0.000 r  
    K17                                               0.000     0.000 r  clk_sys (IN)
                         net (fo=0)                   0.000     0.000    i_xlnx_clk_gen/inst/clk_in1
    K17                  IBUF (Prop_ibuf_I_O)         0.243     0.243 r  i_xlnx_clk_gen/inst/clkin1_ibufg/O
                         net (fo=1, routed)           0.440     0.683    i_xlnx_clk_gen/inst/clk_in1_xlnx_clk_gen
    MMCME2_ADV_X1Y2      MMCME2_ADV (Prop_mmcme2_adv_CLKIN1_CLKOUT0)
                                                     -2.613    -1.930 r  i_xlnx_clk_gen/inst/mmcm_adv_inst/CLKOUT0
                         net (fo=1, routed)           0.696    -1.233    i_xlnx_clk_gen/inst/clk_out1_xlnx_clk_gen
    BUFGCTRL_X0Y16       BUFG (Prop_bufg_I_O)         0.026    -1.207 r  i_xlnx_clk_gen/inst/clkout1_buf/O
                         net (fo=15149, routed)       0.614    -0.594    i_xlnx_blk_mem_gen/U0/inst_blk_mem_gen/gnbram.gaxibmg.axi_wr_fsm/s_aclk
    SLICE_X97Y47         FDRE                                         r  i_xlnx_blk_mem_gen/U0/inst_blk_mem_gen/gnbram.gaxibmg.axi_wr_fsm/gaxi_bid_gen.bvalid_wr_cnt_r_reg[0]/C
  -------------------------------------------------------------------    -------------------
    SLICE_X97Y47         FDRE (Prop_fdre_C_Q)         0.141    -0.453 r  i_xlnx_blk_mem_gen/U0/inst_blk_mem_gen/gnbram.gaxibmg.axi_wr_fsm/gaxi_bid_gen.bvalid_wr_cnt_r_reg[0]/Q
                         net (fo=10, routed)          0.206    -0.246    i_xlnx_blk_mem_gen/U0/inst_blk_mem_gen/gnbram.gaxibmg.axi_wr_fsm/gaxi_bid_gen.axi_bid_array_reg_0_3_0_4/ADDRD0
    SLICE_X96Y47         RAMD32                                       r  i_xlnx_blk_mem_gen/U0/inst_blk_mem_gen/gnbram.gaxibmg.axi_wr_fsm/gaxi_bid_gen.axi_bid_array_reg_0_3_0_4/RAMC_D1/WADR0
  -------------------------------------------------------------------    -------------------

                         (clock clk_out1_xlnx_clk_gen rise edge)
                                                      0.000     0.000 r  
    K17                                               0.000     0.000 r  clk_sys (IN)
                         net (fo=0)                   0.000     0.000    i_xlnx_clk_gen/inst/clk_in1
    K17                  IBUF (Prop_ibuf_I_O)         0.431     0.431 r  i_xlnx_clk_gen/inst/clkin1_ibufg/O
                         net (fo=1, routed)           0.480     0.911    i_xlnx_clk_gen/inst/clk_in1_xlnx_clk_gen
    MMCME2_ADV_X1Y2      MMCME2_ADV (Prop_mmcme2_adv_CLKIN1_CLKOUT0)
                                                     -3.407    -2.496 r  i_xlnx_clk_gen/inst/mmcm_adv_inst/CLKOUT0
                         net (fo=1, routed)           0.752    -1.744    i_xlnx_clk_gen/inst/clk_out1_xlnx_clk_gen
    BUFGCTRL_X0Y16       BUFG (Prop_bufg_I_O)         0.029    -1.715 r  i_xlnx_clk_gen/inst/clkout1_buf/O
                         net (fo=15149, routed)       0.884    -0.831    i_xlnx_blk_mem_gen/U0/inst_blk_mem_gen/gnbram.gaxibmg.axi_wr_fsm/gaxi_bid_gen.axi_bid_array_reg_0_3_0_4/WCLK
    SLICE_X96Y47         RAMD32                                       r  i_xlnx_blk_mem_gen/U0/inst_blk_mem_gen/gnbram.gaxibmg.axi_wr_fsm/gaxi_bid_gen.axi_bid_array_reg_0_3_0_4/RAMC_D1/CLK
                         clock pessimism              0.251    -0.581    
    SLICE_X96Y47         RAMD32 (Hold_ramd32_CLK_WADR0)
                                                      0.310    -0.271    i_xlnx_blk_mem_gen/U0/inst_blk_mem_gen/gnbram.gaxibmg.axi_wr_fsm/gaxi_bid_gen.axi_bid_array_reg_0_3_0_4/RAMC_D1
  -------------------------------------------------------------------
                         required time                          0.271    
                         arrival time                          -0.246    
  -------------------------------------------------------------------
                         slack                                  0.024    

Slack (MET) :             0.024ns  (arrival time - required time)
  Source:                 i_xlnx_blk_mem_gen/U0/inst_blk_mem_gen/gnbram.gaxibmg.axi_wr_fsm/gaxi_bid_gen.bvalid_wr_cnt_r_reg[0]/C
                            (rising edge-triggered cell FDRE clocked by clk_out1_xlnx_clk_gen  {rise@0.000ns fall@10.000ns period=20.000ns})
  Destination:            i_xlnx_blk_mem_gen/U0/inst_blk_mem_gen/gnbram.gaxibmg.axi_wr_fsm/gaxi_bid_gen.axi_bid_array_reg_0_3_0_4/RAMD/ADR0
                            (rising edge-triggered cell RAMS32 clocked by clk_out1_xlnx_clk_gen  {rise@0.000ns fall@10.000ns period=20.000ns})
  Path Group:             clk_out1_xlnx_clk_gen
  Path Type:              Hold (Min at Fast Process Corner)
  Requirement:            0.000ns  (clk_out1_xlnx_clk_gen rise@0.000ns - clk_out1_xlnx_clk_gen rise@0.000ns)
  Data Path Delay:        0.347ns  (logic 0.141ns (40.606%)  route 0.206ns (59.394%))
  Logic Levels:           0  
  Clock Path Skew:        0.013ns (DCD - SCD - CPR)
    Destination Clock Delay (DCD):    -0.831ns
    Source Clock Delay      (SCD):    -0.594ns
    Clock Pessimism Removal (CPR):    -0.251ns

    Location             Delay type                Incr(ns)  Path(ns)    Netlist Resource(s)
  -------------------------------------------------------------------    -------------------
                         (clock clk_out1_xlnx_clk_gen rise edge)
                                                      0.000     0.000 r  
    K17                                               0.000     0.000 r  clk_sys (IN)
                         net (fo=0)                   0.000     0.000    i_xlnx_clk_gen/inst/clk_in1
    K17                  IBUF (Prop_ibuf_I_O)         0.243     0.243 r  i_xlnx_clk_gen/inst/clkin1_ibufg/O
                         net (fo=1, routed)           0.440     0.683    i_xlnx_clk_gen/inst/clk_in1_xlnx_clk_gen
    MMCME2_ADV_X1Y2      MMCME2_ADV (Prop_mmcme2_adv_CLKIN1_CLKOUT0)
                                                     -2.613    -1.930 r  i_xlnx_clk_gen/inst/mmcm_adv_inst/CLKOUT0
                         net (fo=1, routed)           0.696    -1.233    i_xlnx_clk_gen/inst/clk_out1_xlnx_clk_gen
    BUFGCTRL_X0Y16       BUFG (Prop_bufg_I_O)         0.026    -1.207 r  i_xlnx_clk_gen/inst/clkout1_buf/O
                         net (fo=15149, routed)       0.614    -0.594    i_xlnx_blk_mem_gen/U0/inst_blk_mem_gen/gnbram.gaxibmg.axi_wr_fsm/s_aclk
    SLICE_X97Y47         FDRE                                         r  i_xlnx_blk_mem_gen/U0/inst_blk_mem_gen/gnbram.gaxibmg.axi_wr_fsm/gaxi_bid_gen.bvalid_wr_cnt_r_reg[0]/C
  -------------------------------------------------------------------    -------------------
    SLICE_X97Y47         FDRE (Prop_fdre_C_Q)         0.141    -0.453 r  i_xlnx_blk_mem_gen/U0/inst_blk_mem_gen/gnbram.gaxibmg.axi_wr_fsm/gaxi_bid_gen.bvalid_wr_cnt_r_reg[0]/Q
                         net (fo=10, routed)          0.206    -0.246    i_xlnx_blk_mem_gen/U0/inst_blk_mem_gen/gnbram.gaxibmg.axi_wr_fsm/gaxi_bid_gen.axi_bid_array_reg_0_3_0_4/ADDRD0
    SLICE_X96Y47         RAMS32                                       r  i_xlnx_blk_mem_gen/U0/inst_blk_mem_gen/gnbram.gaxibmg.axi_wr_fsm/gaxi_bid_gen.axi_bid_array_reg_0_3_0_4/RAMD/ADR0
  -------------------------------------------------------------------    -------------------

                         (clock clk_out1_xlnx_clk_gen rise edge)
                                                      0.000     0.000 r  
    K17                                               0.000     0.000 r  clk_sys (IN)
                         net (fo=0)                   0.000     0.000    i_xlnx_clk_gen/inst/clk_in1
    K17                  IBUF (Prop_ibuf_I_O)         0.431     0.431 r  i_xlnx_clk_gen/inst/clkin1_ibufg/O
                         net (fo=1, routed)           0.480     0.911    i_xlnx_clk_gen/inst/clk_in1_xlnx_clk_gen
    MMCME2_ADV_X1Y2      MMCME2_ADV (Prop_mmcme2_adv_CLKIN1_CLKOUT0)
                                                     -3.407    -2.496 r  i_xlnx_clk_gen/inst/mmcm_adv_inst/CLKOUT0
                         net (fo=1, routed)           0.752    -1.744    i_xlnx_clk_gen/inst/clk_out1_xlnx_clk_gen
    BUFGCTRL_X0Y16       BUFG (Prop_bufg_I_O)         0.029    -1.715 r  i_xlnx_clk_gen/inst/clkout1_buf/O
                         net (fo=15149, routed)       0.884    -0.831    i_xlnx_blk_mem_gen/U0/inst_blk_mem_gen/gnbram.gaxibmg.axi_wr_fsm/gaxi_bid_gen.axi_bid_array_reg_0_3_0_4/WCLK
    SLICE_X96Y47         RAMS32                                       r  i_xlnx_blk_mem_gen/U0/inst_blk_mem_gen/gnbram.gaxibmg.axi_wr_fsm/gaxi_bid_gen.axi_bid_array_reg_0_3_0_4/RAMD/CLK
                         clock pessimism              0.251    -0.581    
    SLICE_X96Y47         RAMS32 (Hold_rams32_CLK_ADR0)
                                                      0.310    -0.271    i_xlnx_blk_mem_gen/U0/inst_blk_mem_gen/gnbram.gaxibmg.axi_wr_fsm/gaxi_bid_gen.axi_bid_array_reg_0_3_0_4/RAMD
  -------------------------------------------------------------------
                         required time                          0.271    
                         arrival time                          -0.246    
  -------------------------------------------------------------------
                         slack                                  0.024    

Slack (MET) :             0.024ns  (arrival time - required time)
  Source:                 i_xlnx_blk_mem_gen/U0/inst_blk_mem_gen/gnbram.gaxibmg.axi_wr_fsm/gaxi_bid_gen.bvalid_wr_cnt_r_reg[0]/C
                            (rising edge-triggered cell FDRE clocked by clk_out1_xlnx_clk_gen  {rise@0.000ns fall@10.000ns period=20.000ns})
  Destination:            i_xlnx_blk_mem_gen/U0/inst_blk_mem_gen/gnbram.gaxibmg.axi_wr_fsm/gaxi_bid_gen.axi_bid_array_reg_0_3_0_4/RAMD_D1/ADR0
                            (rising edge-triggered cell RAMS32 clocked by clk_out1_xlnx_clk_gen  {rise@0.000ns fall@10.000ns period=20.000ns})
  Path Group:             clk_out1_xlnx_clk_gen
  Path Type:              Hold (Min at Fast Process Corner)
  Requirement:            0.000ns  (clk_out1_xlnx_clk_gen rise@0.000ns - clk_out1_xlnx_clk_gen rise@0.000ns)
  Data Path Delay:        0.347ns  (logic 0.141ns (40.606%)  route 0.206ns (59.394%))
  Logic Levels:           0  
  Clock Path Skew:        0.013ns (DCD - SCD - CPR)
    Destination Clock Delay (DCD):    -0.831ns
    Source Clock Delay      (SCD):    -0.594ns
    Clock Pessimism Removal (CPR):    -0.251ns

    Location             Delay type                Incr(ns)  Path(ns)    Netlist Resource(s)
  -------------------------------------------------------------------    -------------------
                         (clock clk_out1_xlnx_clk_gen rise edge)
                                                      0.000     0.000 r  
    K17                                               0.000     0.000 r  clk_sys (IN)
                         net (fo=0)                   0.000     0.000    i_xlnx_clk_gen/inst/clk_in1
    K17                  IBUF (Prop_ibuf_I_O)         0.243     0.243 r  i_xlnx_clk_gen/inst/clkin1_ibufg/O
                         net (fo=1, routed)           0.440     0.683    i_xlnx_clk_gen/inst/clk_in1_xlnx_clk_gen
    MMCME2_ADV_X1Y2      MMCME2_ADV (Prop_mmcme2_adv_CLKIN1_CLKOUT0)
                                                     -2.613    -1.930 r  i_xlnx_clk_gen/inst/mmcm_adv_inst/CLKOUT0
                         net (fo=1, routed)           0.696    -1.233    i_xlnx_clk_gen/inst/clk_out1_xlnx_clk_gen
    BUFGCTRL_X0Y16       BUFG (Prop_bufg_I_O)         0.026    -1.207 r  i_xlnx_clk_gen/inst/clkout1_buf/O
                         net (fo=15149, routed)       0.614    -0.594    i_xlnx_blk_mem_gen/U0/inst_blk_mem_gen/gnbram.gaxibmg.axi_wr_fsm/s_aclk
    SLICE_X97Y47         FDRE                                         r  i_xlnx_blk_mem_gen/U0/inst_blk_mem_gen/gnbram.gaxibmg.axi_wr_fsm/gaxi_bid_gen.bvalid_wr_cnt_r_reg[0]/C
  -------------------------------------------------------------------    -------------------
    SLICE_X97Y47         FDRE (Prop_fdre_C_Q)         0.141    -0.453 r  i_xlnx_blk_mem_gen/U0/inst_blk_mem_gen/gnbram.gaxibmg.axi_wr_fsm/gaxi_bid_gen.bvalid_wr_cnt_r_reg[0]/Q
                         net (fo=10, routed)          0.206    -0.246    i_xlnx_blk_mem_gen/U0/inst_blk_mem_gen/gnbram.gaxibmg.axi_wr_fsm/gaxi_bid_gen.axi_bid_array_reg_0_3_0_4/ADDRD0
    SLICE_X96Y47         RAMS32                                       r  i_xlnx_blk_mem_gen/U0/inst_blk_mem_gen/gnbram.gaxibmg.axi_wr_fsm/gaxi_bid_gen.axi_bid_array_reg_0_3_0_4/RAMD_D1/ADR0
  -------------------------------------------------------------------    -------------------

                         (clock clk_out1_xlnx_clk_gen rise edge)
                                                      0.000     0.000 r  
    K17                                               0.000     0.000 r  clk_sys (IN)
                         net (fo=0)                   0.000     0.000    i_xlnx_clk_gen/inst/clk_in1
    K17                  IBUF (Prop_ibuf_I_O)         0.431     0.431 r  i_xlnx_clk_gen/inst/clkin1_ibufg/O
                         net (fo=1, routed)           0.480     0.911    i_xlnx_clk_gen/inst/clk_in1_xlnx_clk_gen
    MMCME2_ADV_X1Y2      MMCME2_ADV (Prop_mmcme2_adv_CLKIN1_CLKOUT0)
                                                     -3.407    -2.496 r  i_xlnx_clk_gen/inst/mmcm_adv_inst/CLKOUT0
                         net (fo=1, routed)           0.752    -1.744    i_xlnx_clk_gen/inst/clk_out1_xlnx_clk_gen
    BUFGCTRL_X0Y16       BUFG (Prop_bufg_I_O)         0.029    -1.715 r  i_xlnx_clk_gen/inst/clkout1_buf/O
                         net (fo=15149, routed)       0.884    -0.831    i_xlnx_blk_mem_gen/U0/inst_blk_mem_gen/gnbram.gaxibmg.axi_wr_fsm/gaxi_bid_gen.axi_bid_array_reg_0_3_0_4/WCLK
    SLICE_X96Y47         RAMS32                                       r  i_xlnx_blk_mem_gen/U0/inst_blk_mem_gen/gnbram.gaxibmg.axi_wr_fsm/gaxi_bid_gen.axi_bid_array_reg_0_3_0_4/RAMD_D1/CLK
                         clock pessimism              0.251    -0.581    
    SLICE_X96Y47         RAMS32 (Hold_rams32_CLK_ADR0)
                                                      0.310    -0.271    i_xlnx_blk_mem_gen/U0/inst_blk_mem_gen/gnbram.gaxibmg.axi_wr_fsm/gaxi_bid_gen.axi_bid_array_reg_0_3_0_4/RAMD_D1
  -------------------------------------------------------------------
                         required time                          0.271    
                         arrival time                          -0.246    
  -------------------------------------------------------------------
                         slack                                  0.024    





Pulse Width Checks
--------------------------------------------------------------------------------------
Clock Name:         clk_out1_xlnx_clk_gen
Waveform(ns):       { 0.000 10.000 }
Period(ns):         20.000
Sources:            { i_xlnx_clk_gen/inst/mmcm_adv_inst/CLKOUT0 }

Check Type        Corner  Lib Pin             Reference Pin  Required(ns)  Actual(ns)  Slack(ns)  Location         Pin
Min Period        n/a     RAMB36E1/CLKARDCLK  n/a            2.944         20.000      17.056     RAMB36_X3Y2      i_ariane/i_cva6/ex_stage_i/lsu_i/gen_mmu_sv32.i_cva6_mmu/i_shared_tlb/gen_sram[0].pte_sram/gen_cut[0].i_tc_sram_wrapper/i_ram/Mem_DP_reg/CLKARDCLK
Min Period        n/a     RAMB36E1/CLKBWRCLK  n/a            2.944         20.000      17.056     RAMB36_X3Y2      i_ariane/i_cva6/ex_stage_i/lsu_i/gen_mmu_sv32.i_cva6_mmu/i_shared_tlb/gen_sram[0].pte_sram/gen_cut[0].i_tc_sram_wrapper/i_ram/Mem_DP_reg/CLKBWRCLK
Min Period        n/a     RAMB36E1/CLKARDCLK  n/a            2.944         20.000      17.056     RAMB36_X3Y0      i_ariane/i_cva6/ex_stage_i/lsu_i/gen_mmu_sv32.i_cva6_mmu/i_shared_tlb/gen_sram[0].tag_sram/gen_cut[0].i_tc_sram_wrapper/i_ram/Mem_DP_reg/CLKARDCLK
Min Period        n/a     RAMB36E1/CLKBWRCLK  n/a            2.944         20.000      17.056     RAMB36_X3Y0      i_ariane/i_cva6/ex_stage_i/lsu_i/gen_mmu_sv32.i_cva6_mmu/i_shared_tlb/gen_sram[0].tag_sram/gen_cut[0].i_tc_sram_wrapper/i_ram/Mem_DP_reg/CLKBWRCLK
Min Period        n/a     RAMB36E1/CLKARDCLK  n/a            2.944         20.000      17.056     RAMB36_X3Y3      i_ariane/i_cva6/ex_stage_i/lsu_i/gen_mmu_sv32.i_cva6_mmu/i_shared_tlb/gen_sram[1].pte_sram/gen_cut[0].i_tc_sram_wrapper/i_ram/Mem_DP_reg/CLKARDCLK
Min Period        n/a     RAMB36E1/CLKBWRCLK  n/a            2.944         20.000      17.056     RAMB36_X3Y3      i_ariane/i_cva6/ex_stage_i/lsu_i/gen_mmu_sv32.i_cva6_mmu/i_shared_tlb/gen_sram[1].pte_sram/gen_cut[0].i_tc_sram_wrapper/i_ram/Mem_DP_reg/CLKBWRCLK
Min Period        n/a     RAMB36E1/CLKARDCLK  n/a            2.944         20.000      17.056     RAMB36_X3Y1      i_ariane/i_cva6/ex_stage_i/lsu_i/gen_mmu_sv32.i_cva6_mmu/i_shared_tlb/gen_sram[1].tag_sram/gen_cut[0].i_tc_sram_wrapper/i_ram/Mem_DP_reg/CLKARDCLK
Min Period        n/a     RAMB36E1/CLKBWRCLK  n/a            2.944         20.000      17.056     RAMB36_X3Y1      i_ariane/i_cva6/ex_stage_i/lsu_i/gen_mmu_sv32.i_cva6_mmu/i_shared_tlb/gen_sram[1].tag_sram/gen_cut[0].i_tc_sram_wrapper/i_ram/Mem_DP_reg/CLKBWRCLK
Min Period        n/a     RAMB36E1/CLKARDCLK  n/a            2.944         20.000      17.056     RAMB36_X2Y6      i_ariane/i_cva6/gen_cache_wt.i_cache_subsystem/i_cva6_icache/gen_sram[0].data_sram/gen_cut[0].i_tc_sram_wrapper/i_ram/Mem_DP_reg/CLKARDCLK
Min Period        n/a     RAMB36E1/CLKBWRCLK  n/a            2.944         20.000      17.056     RAMB36_X2Y6      i_ariane/i_cva6/gen_cache_wt.i_cache_subsystem/i_cva6_icache/gen_sram[0].data_sram/gen_cut[0].i_tc_sram_wrapper/i_ram/Mem_DP_reg/CLKBWRCLK
Max Period        n/a     MMCME2_ADV/CLKOUT0  n/a            213.360       20.000      193.360    MMCME2_ADV_X1Y2  i_xlnx_clk_gen/inst/mmcm_adv_inst/CLKOUT0
Low Pulse Width   Slow    RAMD32/CLK          n/a            1.250         10.000      8.750      SLICE_X46Y31     i_ariane/i_cva6/gen_cache_wt.i_cache_subsystem/i_adapter/i_b_fifo/gen_fpga_queue.fifo_ram/mem_reg_0_3_0_4/RAMA/CLK
Low Pulse Width   Fast    RAMD32/CLK          n/a            1.250         10.000      8.750      SLICE_X46Y31     i_ariane/i_cva6/gen_cache_wt.i_cache_subsystem/i_adapter/i_b_fifo/gen_fpga_queue.fifo_ram/mem_reg_0_3_0_4/RAMA/CLK
Low Pulse Width   Slow    RAMD32/CLK          n/a            1.250         10.000      8.750      SLICE_X46Y31     i_ariane/i_cva6/gen_cache_wt.i_cache_subsystem/i_adapter/i_b_fifo/gen_fpga_queue.fifo_ram/mem_reg_0_3_0_4/RAMA_D1/CLK
Low Pulse Width   Fast    RAMD32/CLK          n/a            1.250         10.000      8.750      SLICE_X46Y31     i_ariane/i_cva6/gen_cache_wt.i_cache_subsystem/i_adapter/i_b_fifo/gen_fpga_queue.fifo_ram/mem_reg_0_3_0_4/RAMA_D1/CLK
Low Pulse Width   Slow    RAMD32/CLK          n/a            1.250         10.000      8.750      SLICE_X46Y31     i_ariane/i_cva6/gen_cache_wt.i_cache_subsystem/i_adapter/i_b_fifo/gen_fpga_queue.fifo_ram/mem_reg_0_3_0_4/RAMB/CLK
Low Pulse Width   Fast    RAMD32/CLK          n/a            1.250         10.000      8.750      SLICE_X46Y31     i_ariane/i_cva6/gen_cache_wt.i_cache_subsystem/i_adapter/i_b_fifo/gen_fpga_queue.fifo_ram/mem_reg_0_3_0_4/RAMB/CLK
Low Pulse Width   Slow    RAMD32/CLK          n/a            1.250         10.000      8.750      SLICE_X46Y31     i_ariane/i_cva6/gen_cache_wt.i_cache_subsystem/i_adapter/i_b_fifo/gen_fpga_queue.fifo_ram/mem_reg_0_3_0_4/RAMB_D1/CLK
Low Pulse Width   Fast    RAMD32/CLK          n/a            1.250         10.000      8.750      SLICE_X46Y31     i_ariane/i_cva6/gen_cache_wt.i_cache_subsystem/i_adapter/i_b_fifo/gen_fpga_queue.fifo_ram/mem_reg_0_3_0_4/RAMB_D1/CLK
Low Pulse Width   Slow    RAMD32/CLK          n/a            1.250         10.000      8.750      SLICE_X46Y31     i_ariane/i_cva6/gen_cache_wt.i_cache_subsystem/i_adapter/i_b_fifo/gen_fpga_queue.fifo_ram/mem_reg_0_3_0_4/RAMC/CLK
Low Pulse Width   Fast    RAMD32/CLK          n/a            1.250         10.000      8.750      SLICE_X46Y31     i_ariane/i_cva6/gen_cache_wt.i_cache_subsystem/i_adapter/i_b_fifo/gen_fpga_queue.fifo_ram/mem_reg_0_3_0_4/RAMC/CLK
High Pulse Width  Slow    RAMD32/CLK          n/a            1.250         10.000      8.750      SLICE_X46Y31     i_ariane/i_cva6/gen_cache_wt.i_cache_subsystem/i_adapter/i_b_fifo/gen_fpga_queue.fifo_ram/mem_reg_0_3_0_4/RAMA/CLK
High Pulse Width  Fast    RAMD32/CLK          n/a            1.250         10.000      8.750      SLICE_X46Y31     i_ariane/i_cva6/gen_cache_wt.i_cache_subsystem/i_adapter/i_b_fifo/gen_fpga_queue.fifo_ram/mem_reg_0_3_0_4/RAMA/CLK
High Pulse Width  Slow    RAMD32/CLK          n/a            1.250         10.000      8.750      SLICE_X46Y31     i_ariane/i_cva6/gen_cache_wt.i_cache_subsystem/i_adapter/i_b_fifo/gen_fpga_queue.fifo_ram/mem_reg_0_3_0_4/RAMA_D1/CLK
High Pulse Width  Fast    RAMD32/CLK          n/a            1.250         10.000      8.750      SLICE_X46Y31     i_ariane/i_cva6/gen_cache_wt.i_cache_subsystem/i_adapter/i_b_fifo/gen_fpga_queue.fifo_ram/mem_reg_0_3_0_4/RAMA_D1/CLK
High Pulse Width  Slow    RAMD32/CLK          n/a            1.250         10.000      8.750      SLICE_X46Y31     i_ariane/i_cva6/gen_cache_wt.i_cache_subsystem/i_adapter/i_b_fifo/gen_fpga_queue.fifo_ram/mem_reg_0_3_0_4/RAMB/CLK
High Pulse Width  Fast    RAMD32/CLK          n/a            1.250         10.000      8.750      SLICE_X46Y31     i_ariane/i_cva6/gen_cache_wt.i_cache_subsystem/i_adapter/i_b_fifo/gen_fpga_queue.fifo_ram/mem_reg_0_3_0_4/RAMB/CLK
High Pulse Width  Slow    RAMD32/CLK          n/a            1.250         10.000      8.750      SLICE_X46Y31     i_ariane/i_cva6/gen_cache_wt.i_cache_subsystem/i_adapter/i_b_fifo/gen_fpga_queue.fifo_ram/mem_reg_0_3_0_4/RAMB_D1/CLK
High Pulse Width  Fast    RAMD32/CLK          n/a            1.250         10.000      8.750      SLICE_X46Y31     i_ariane/i_cva6/gen_cache_wt.i_cache_subsystem/i_adapter/i_b_fifo/gen_fpga_queue.fifo_ram/mem_reg_0_3_0_4/RAMB_D1/CLK
High Pulse Width  Slow    RAMD32/CLK          n/a            1.250         10.000      8.750      SLICE_X46Y31     i_ariane/i_cva6/gen_cache_wt.i_cache_subsystem/i_adapter/i_b_fifo/gen_fpga_queue.fifo_ram/mem_reg_0_3_0_4/RAMC/CLK
High Pulse Width  Fast    RAMD32/CLK          n/a            1.250         10.000      8.750      SLICE_X46Y31     i_ariane/i_cva6/gen_cache_wt.i_cache_subsystem/i_adapter/i_b_fifo/gen_fpga_queue.fifo_ram/mem_reg_0_3_0_4/RAMC/CLK



---------------------------------------------------------------------------------------------------
From Clock:  clkfbout_xlnx_clk_gen
  To Clock:  clkfbout_xlnx_clk_gen

Setup :           NA  Failing Endpoints,  Worst Slack           NA  ,  Total Violation           NA
Hold  :           NA  Failing Endpoints,  Worst Slack           NA  ,  Total Violation           NA
PW    :            0  Failing Endpoints,  Worst Slack        5.845ns,  Total Violation        0.000ns
---------------------------------------------------------------------------------------------------


Pulse Width Checks
--------------------------------------------------------------------------------------
Clock Name:         clkfbout_xlnx_clk_gen
Waveform(ns):       { 0.000 4.000 }
Period(ns):         8.000
Sources:            { i_xlnx_clk_gen/inst/mmcm_adv_inst/CLKFBOUT }

Check Type  Corner  Lib Pin              Reference Pin  Required(ns)  Actual(ns)  Slack(ns)  Location         Pin
Min Period  n/a     BUFG/I               n/a            2.155         8.000       5.845      BUFGCTRL_X0Y17   i_xlnx_clk_gen/inst/clkf_buf/I
Min Period  n/a     MMCME2_ADV/CLKFBOUT  n/a            1.249         8.000       6.751      MMCME2_ADV_X1Y2  i_xlnx_clk_gen/inst/mmcm_adv_inst/CLKFBOUT
Min Period  n/a     MMCME2_ADV/CLKFBIN   n/a            1.249         8.000       6.751      MMCME2_ADV_X1Y2  i_xlnx_clk_gen/inst/mmcm_adv_inst/CLKFBIN
Max Period  n/a     MMCME2_ADV/CLKFBIN   n/a            100.000       8.000       92.000     MMCME2_ADV_X1Y2  i_xlnx_clk_gen/inst/mmcm_adv_inst/CLKFBIN
Max Period  n/a     MMCME2_ADV/CLKFBOUT  n/a            213.360       8.000       205.360    MMCME2_ADV_X1Y2  i_xlnx_clk_gen/inst/mmcm_adv_inst/CLKFBOUT



---------------------------------------------------------------------------------------------------
From Clock:  tck
  To Clock:  tck

Setup :            0  Failing Endpoints,  Worst Slack        1.107ns,  Total Violation        0.000ns
Hold  :            0  Failing Endpoints,  Worst Slack        0.115ns,  Total Violation        0.000ns
PW    :            0  Failing Endpoints,  Worst Slack       49.500ns,  Total Violation        0.000ns
---------------------------------------------------------------------------------------------------


Max Delay Paths
--------------------------------------------------------------------------------------
Slack (MET) :             1.107ns  (required time - arrival time)
  Source:                 i_dmi_jtag/i_dmi_jtag_tap/td_o_reg/C
                            (falling edge-triggered cell FDCE clocked by tck  {rise@0.000ns fall@50.000ns period=100.000ns})
  Destination:            tdo
                            (output port clocked by tck  {rise@0.000ns fall@50.000ns period=100.000ns})
  Path Group:             tck
  Path Type:              Max at Slow Process Corner
  Requirement:            20.000ns  (MaxDelay Path 20.000ns)
  Data Path Delay:        6.268ns  (logic 4.015ns (64.057%)  route 2.253ns (35.943%))
  Logic Levels:           1  (OBUF=1)
  Output Delay:           5.000ns
  Clock Path Skew:        -7.123ns (DCD - SCD + CPR)
    Destination Clock Delay (DCD):    0.000ns
    Source Clock Delay      (SCD):    7.123ns
    Clock Pessimism Removal (CPR):    0.000ns
  Clock Uncertainty:      0.501ns  ((TSJ^2 + TIJ^2)^1/2 + DJ) / 2 + PE
    Total System Jitter     (TSJ):    0.071ns
    Total Input Jitter      (TIJ):    1.000ns
    Discrete Jitter          (DJ):    0.000ns
    Phase Error              (PE):    0.000ns
  Timing Exception:       MaxDelay Path 20.000ns

    Location             Delay type                Incr(ns)  Path(ns)    Netlist Resource(s)
  -------------------------------------------------------------------    -------------------
                         (clock tck fall edge)        0.000     0.000 f  
    H15                                               0.000     0.000 f  tck (IN)
                         net (fo=0)                   0.000     0.000    tck
    H15                  IBUF (Prop_ibuf_I_O)         1.500     1.500 f  tck_IBUF_inst/O
                         net (fo=1, routed)           3.659     5.159    tck_IBUF
    BUFGCTRL_X0Y0        BUFG (Prop_bufg_I_O)         0.101     5.260 f  tck_IBUF_BUFG_inst/O
                         net (fo=258, routed)         1.863     7.123    i_dmi_jtag/i_dmi_jtag_tap/tck_ni
    SLICE_X111Y85        FDCE                                         r  i_dmi_jtag/i_dmi_jtag_tap/td_o_reg/C  (IS_INVERTED)
  -------------------------------------------------------------------    -------------------
    SLICE_X111Y85        FDCE (Prop_fdce_C_Q)         0.459     7.582 r  i_dmi_jtag/i_dmi_jtag_tap/td_o_reg/Q
                         net (fo=1, routed)           2.253     9.836    tdo_OBUF
    J15                  OBUF (Prop_obuf_I_O)         3.556    13.392 r  tdo_OBUF_inst/O
                         net (fo=0)                   0.000    13.392    tdo
    J15                                                               r  tdo (OUT)
  -------------------------------------------------------------------    -------------------

                         max delay                   20.000    20.000    
                         clock pessimism              0.000    20.000    
                         clock uncertainty           -0.501    19.499    
                         output delay                -5.000    14.499    
  -------------------------------------------------------------------
                         required time                         14.499    
                         arrival time                         -13.392    
  -------------------------------------------------------------------
                         slack                                  1.107    

Slack (MET) :             14.759ns  (required time - arrival time)
  Source:                 tdi
                            (input port clocked by tck  {rise@0.000ns fall@50.000ns period=100.000ns})
  Destination:            i_dmi_jtag/i_dmi_jtag_tap/dtmcs_q_reg[zero1][31]/D
                            (rising edge-triggered cell FDCE clocked by tck  {rise@0.000ns fall@50.000ns period=100.000ns})
  Path Group:             tck
  Path Type:              Setup (Max at Fast Process Corner)
  Requirement:            20.000ns  (MaxDelay Path 20.000ns)
  Data Path Delay:        2.033ns  (logic 0.509ns (25.052%)  route 1.524ns (74.948%))
  Logic Levels:           2  (IBUF=1 LUT2=1)
  Input Delay:            5.000ns
  Clock Path Skew:        2.418ns (DCD - SCD + CPR)
    Destination Clock Delay (DCD):    2.418ns
    Source Clock Delay      (SCD):    0.000ns
    Clock Pessimism Removal (CPR):    0.000ns
  Clock Uncertainty:      0.501ns  ((TSJ^2 + TIJ^2)^1/2 + DJ) / 2 + PE
    Total System Jitter     (TSJ):    0.071ns
    Total Input Jitter      (TIJ):    1.000ns
    Discrete Jitter          (DJ):    0.000ns
    Phase Error              (PE):    0.000ns
  Timing Exception:       MaxDelay Path 20.000ns

    Location             Delay type                Incr(ns)  Path(ns)    Netlist Resource(s)
  -------------------------------------------------------------------    -------------------
                         (clock tck fall edge)        0.000     0.000 f  
                         input delay                  5.000     5.000    
    W16                                               0.000     5.000 r  tdi (IN)
                         net (fo=0)                   0.000     5.000    tdi
    W16                  IBUF (Prop_ibuf_I_O)         0.454     5.454 r  tdi_IBUF_inst/O
                         net (fo=5, routed)           1.389     6.843    i_dmi_jtag/i_dmi_jtag_tap/tdi_IBUF
    SLICE_X103Y87        LUT2 (Prop_lut2_I0_O)        0.055     6.898 r  i_dmi_jtag/i_dmi_jtag_tap/dtmcs_q[zero1][31]_i_1/O
                         net (fo=1, routed)           0.135     7.033    i_dmi_jtag/i_dmi_jtag_tap/dtmcs_d[zero1][31]
    SLICE_X102Y88        FDCE                                         r  i_dmi_jtag/i_dmi_jtag_tap/dtmcs_q_reg[zero1][31]/D
  -------------------------------------------------------------------    -------------------

                         max delay                   20.000    20.000    
    H15                                               0.000    20.000 r  tck (IN)
                         net (fo=0)                   0.000    20.000    tck
    H15                  IBUF (Prop_ibuf_I_O)         0.268    20.268 r  tck_IBUF_inst/O
                         net (fo=1, routed)           1.516    21.784    tck_IBUF
    BUFGCTRL_X0Y0        BUFG (Prop_bufg_I_O)         0.026    21.810 r  tck_IBUF_BUFG_inst/O
                         net (fo=258, routed)         0.608    22.418    i_dmi_jtag/i_dmi_jtag_tap/CLK
    SLICE_X102Y88        FDCE                                         r  i_dmi_jtag/i_dmi_jtag_tap/dtmcs_q_reg[zero1][31]/C
                         clock pessimism              0.000    22.418    
                         clock uncertainty           -0.501    21.917    
    SLICE_X102Y88        FDCE (Setup_fdce_C_D)       -0.124    21.793    i_dmi_jtag/i_dmi_jtag_tap/dtmcs_q_reg[zero1][31]
  -------------------------------------------------------------------
                         required time                         21.793    
                         arrival time                          -7.033    
  -------------------------------------------------------------------
                         slack                                 14.759    

Slack (MET) :             15.031ns  (required time - arrival time)
  Source:                 tdi
                            (input port clocked by tck  {rise@0.000ns fall@50.000ns period=100.000ns})
  Destination:            i_dmi_jtag/dr_q_reg[40]/D
                            (rising edge-triggered cell FDCE clocked by tck  {rise@0.000ns fall@50.000ns period=100.000ns})
  Path Group:             tck
  Path Type:              Setup (Max at Fast Process Corner)
  Requirement:            20.000ns  (MaxDelay Path 20.000ns)
  Data Path Delay:        1.899ns  (logic 0.510ns (26.877%)  route 1.389ns (73.123%))
  Logic Levels:           2  (IBUF=1 LUT4=1)
  Input Delay:            5.000ns
  Clock Path Skew:        2.417ns (DCD - SCD + CPR)
    Destination Clock Delay (DCD):    2.417ns
    Source Clock Delay      (SCD):    0.000ns
    Clock Pessimism Removal (CPR):    0.000ns
  Clock Uncertainty:      0.501ns  ((TSJ^2 + TIJ^2)^1/2 + DJ) / 2 + PE
    Total System Jitter     (TSJ):    0.071ns
    Total Input Jitter      (TIJ):    1.000ns
    Discrete Jitter          (DJ):    0.000ns
    Phase Error              (PE):    0.000ns
  Timing Exception:       MaxDelay Path 20.000ns

    Location             Delay type                Incr(ns)  Path(ns)    Netlist Resource(s)
  -------------------------------------------------------------------    -------------------
                         (clock tck fall edge)        0.000     0.000 f  
                         input delay                  5.000     5.000    
    W16                                               0.000     5.000 r  tdi (IN)
                         net (fo=0)                   0.000     5.000    tdi
    W16                  IBUF (Prop_ibuf_I_O)         0.454     5.454 r  tdi_IBUF_inst/O
                         net (fo=5, routed)           1.389     6.843    i_dmi_jtag/i_dmi_jtag_tap/tdi_IBUF
    SLICE_X103Y87        LUT4 (Prop_lut4_I0_O)        0.056     6.899 r  i_dmi_jtag/i_dmi_jtag_tap/dr_q[40]_i_2/O
                         net (fo=1, routed)           0.000     6.899    i_dmi_jtag/dr_d[40]
    SLICE_X103Y87        FDCE                                         r  i_dmi_jtag/dr_q_reg[40]/D
  -------------------------------------------------------------------    -------------------

                         max delay                   20.000    20.000    
    H15                                               0.000    20.000 r  tck (IN)
                         net (fo=0)                   0.000    20.000    tck
    H15                  IBUF (Prop_ibuf_I_O)         0.268    20.268 r  tck_IBUF_inst/O
                         net (fo=1, routed)           1.516    21.784    tck_IBUF
    BUFGCTRL_X0Y0        BUFG (Prop_bufg_I_O)         0.026    21.810 r  tck_IBUF_BUFG_inst/O
                         net (fo=258, routed)         0.607    22.417    i_dmi_jtag/CLK
    SLICE_X103Y87        FDCE                                         r  i_dmi_jtag/dr_q_reg[40]/C
                         clock pessimism              0.000    22.417    
                         clock uncertainty           -0.501    21.916    
    SLICE_X103Y87        FDCE (Setup_fdce_C_D)        0.014    21.930    i_dmi_jtag/dr_q_reg[40]
  -------------------------------------------------------------------
                         required time                         21.930    
                         arrival time                          -6.899    
  -------------------------------------------------------------------
                         slack                                 15.031    

Slack (MET) :             15.199ns  (required time - arrival time)
  Source:                 tdi
                            (input port clocked by tck  {rise@0.000ns fall@50.000ns period=100.000ns})
  Destination:            i_dmi_jtag/i_dmi_jtag_tap/jtag_ir_shift_q_reg[4]/D
                            (rising edge-triggered cell FDCE clocked by tck  {rise@0.000ns fall@50.000ns period=100.000ns})
  Path Group:             tck
  Path Type:              Setup (Max at Fast Process Corner)
  Requirement:            20.000ns  (MaxDelay Path 20.000ns)
  Data Path Delay:        1.779ns  (logic 0.506ns (28.470%)  route 1.272ns (71.530%))
  Logic Levels:           2  (IBUF=1 LUT3=1)
  Input Delay:            5.000ns
  Clock Path Skew:        2.443ns (DCD - SCD + CPR)
    Destination Clock Delay (DCD):    2.443ns
    Source Clock Delay      (SCD):    0.000ns
    Clock Pessimism Removal (CPR):    0.000ns
  Clock Uncertainty:      0.501ns  ((TSJ^2 + TIJ^2)^1/2 + DJ) / 2 + PE
    Total System Jitter     (TSJ):    0.071ns
    Total Input Jitter      (TIJ):    1.000ns
    Discrete Jitter          (DJ):    0.000ns
    Phase Error              (PE):    0.000ns
  Timing Exception:       MaxDelay Path 20.000ns

    Location             Delay type                Incr(ns)  Path(ns)    Netlist Resource(s)
  -------------------------------------------------------------------    -------------------
                         (clock tck fall edge)        0.000     0.000 f  
                         input delay                  5.000     5.000    
    W16                                               0.000     5.000 r  tdi (IN)
                         net (fo=0)                   0.000     5.000    tdi
    W16                  IBUF (Prop_ibuf_I_O)         0.454     5.454 r  tdi_IBUF_inst/O
                         net (fo=5, routed)           1.272     6.727    i_dmi_jtag/i_dmi_jtag_tap/tdi_IBUF
    SLICE_X109Y84        LUT3 (Prop_lut3_I2_O)        0.052     6.779 r  i_dmi_jtag/i_dmi_jtag_tap/jtag_ir_shift_q[4]_i_2/O
                         net (fo=1, routed)           0.000     6.779    i_dmi_jtag/i_dmi_jtag_tap/jtag_ir_shift_d[4]
    SLICE_X109Y84        FDCE                                         r  i_dmi_jtag/i_dmi_jtag_tap/jtag_ir_shift_q_reg[4]/D
  -------------------------------------------------------------------    -------------------

                         max delay                   20.000    20.000    
    H15                                               0.000    20.000 r  tck (IN)
                         net (fo=0)                   0.000    20.000    tck
    H15                  IBUF (Prop_ibuf_I_O)         0.268    20.268 r  tck_IBUF_inst/O
                         net (fo=1, routed)           1.516    21.784    tck_IBUF
    BUFGCTRL_X0Y0        BUFG (Prop_bufg_I_O)         0.026    21.810 r  tck_IBUF_BUFG_inst/O
                         net (fo=258, routed)         0.633    22.443    i_dmi_jtag/i_dmi_jtag_tap/CLK
    SLICE_X109Y84        FDCE                                         r  i_dmi_jtag/i_dmi_jtag_tap/jtag_ir_shift_q_reg[4]/C
                         clock pessimism              0.000    22.443    
                         clock uncertainty           -0.501    21.942    
    SLICE_X109Y84        FDCE (Setup_fdce_C_D)        0.036    21.978    i_dmi_jtag/i_dmi_jtag_tap/jtag_ir_shift_q_reg[4]
  -------------------------------------------------------------------
                         required time                         21.978    
                         arrival time                          -6.779    
  -------------------------------------------------------------------
                         slack                                 15.199    

Slack (MET) :             15.220ns  (required time - arrival time)
  Source:                 tdi
                            (input port clocked by tck  {rise@0.000ns fall@50.000ns period=100.000ns})
  Destination:            i_dmi_jtag/i_dmi_jtag_tap/bypass_q_reg/D
                            (rising edge-triggered cell FDCE clocked by tck  {rise@0.000ns fall@50.000ns period=100.000ns})
  Path Group:             tck
  Path Type:              Setup (Max at Fast Process Corner)
  Requirement:            20.000ns  (MaxDelay Path 20.000ns)
  Data Path Delay:        1.736ns  (logic 0.510ns (29.409%)  route 1.225ns (70.591%))
  Logic Levels:           2  (IBUF=1 LUT6=1)
  Input Delay:            5.000ns
  Clock Path Skew:        2.443ns (DCD - SCD + CPR)
    Destination Clock Delay (DCD):    2.443ns
    Source Clock Delay      (SCD):    0.000ns
    Clock Pessimism Removal (CPR):    0.000ns
  Clock Uncertainty:      0.501ns  ((TSJ^2 + TIJ^2)^1/2 + DJ) / 2 + PE
    Total System Jitter     (TSJ):    0.071ns
    Total Input Jitter      (TIJ):    1.000ns
    Discrete Jitter          (DJ):    0.000ns
    Phase Error              (PE):    0.000ns
  Timing Exception:       MaxDelay Path 20.000ns

    Location             Delay type                Incr(ns)  Path(ns)    Netlist Resource(s)
  -------------------------------------------------------------------    -------------------
                         (clock tck fall edge)        0.000     0.000 f  
                         input delay                  5.000     5.000    
    W16                                               0.000     5.000 r  tdi (IN)
                         net (fo=0)                   0.000     5.000    tdi
    W16                  IBUF (Prop_ibuf_I_O)         0.454     5.454 r  tdi_IBUF_inst/O
                         net (fo=5, routed)           1.225     6.680    i_dmi_jtag/i_dmi_jtag_tap/tdi_IBUF
    SLICE_X107Y85        LUT6 (Prop_lut6_I0_O)        0.056     6.736 r  i_dmi_jtag/i_dmi_jtag_tap/bypass_q_i_1/O
                         net (fo=1, routed)           0.000     6.736    i_dmi_jtag/i_dmi_jtag_tap/bypass_q_i_1_n_1
    SLICE_X107Y85        FDCE                                         r  i_dmi_jtag/i_dmi_jtag_tap/bypass_q_reg/D
  -------------------------------------------------------------------    -------------------

                         max delay                   20.000    20.000    
    H15                                               0.000    20.000 r  tck (IN)
                         net (fo=0)                   0.000    20.000    tck
    H15                  IBUF (Prop_ibuf_I_O)         0.268    20.268 r  tck_IBUF_inst/O
                         net (fo=1, routed)           1.516    21.784    tck_IBUF
    BUFGCTRL_X0Y0        BUFG (Prop_bufg_I_O)         0.026    21.810 r  tck_IBUF_BUFG_inst/O
                         net (fo=258, routed)         0.633    22.443    i_dmi_jtag/i_dmi_jtag_tap/CLK
    SLICE_X107Y85        FDCE                                         r  i_dmi_jtag/i_dmi_jtag_tap/bypass_q_reg/C
                         clock pessimism              0.000    22.443    
                         clock uncertainty           -0.501    21.942    
    SLICE_X107Y85        FDCE (Setup_fdce_C_D)        0.014    21.956    i_dmi_jtag/i_dmi_jtag_tap/bypass_q_reg
  -------------------------------------------------------------------
                         required time                         21.956    
                         arrival time                          -6.736    
  -------------------------------------------------------------------
                         slack                                 15.220    

Slack (MET) :             15.516ns  (required time - arrival time)
  Source:                 tdi
                            (input port clocked by tck  {rise@0.000ns fall@50.000ns period=100.000ns})
  Destination:            i_dmi_jtag/i_dmi_jtag_tap/idcode_q_reg[31]/D
                            (rising edge-triggered cell FDCE clocked by tck  {rise@0.000ns fall@50.000ns period=100.000ns})
  Path Group:             tck
  Path Type:              Setup (Max at Fast Process Corner)
  Requirement:            20.000ns  (MaxDelay Path 20.000ns)
  Data Path Delay:        1.440ns  (logic 0.510ns (35.446%)  route 0.930ns (64.554%))
  Logic Levels:           2  (IBUF=1 LUT6=1)
  Input Delay:            5.000ns
  Clock Path Skew:        2.443ns (DCD - SCD + CPR)
    Destination Clock Delay (DCD):    2.443ns
    Source Clock Delay      (SCD):    0.000ns
    Clock Pessimism Removal (CPR):    0.000ns
  Clock Uncertainty:      0.501ns  ((TSJ^2 + TIJ^2)^1/2 + DJ) / 2 + PE
    Total System Jitter     (TSJ):    0.071ns
    Total Input Jitter      (TIJ):    1.000ns
    Discrete Jitter          (DJ):    0.000ns
    Phase Error              (PE):    0.000ns
  Timing Exception:       MaxDelay Path 20.000ns

    Location             Delay type                Incr(ns)  Path(ns)    Netlist Resource(s)
  -------------------------------------------------------------------    -------------------
                         (clock tck fall edge)        0.000     0.000 f  
                         input delay                  5.000     5.000    
    W16                                               0.000     5.000 r  tdi (IN)
                         net (fo=0)                   0.000     5.000    tdi
    W16                  IBUF (Prop_ibuf_I_O)         0.454     5.454 r  tdi_IBUF_inst/O
                         net (fo=5, routed)           0.930     6.384    i_dmi_jtag/i_dmi_jtag_tap/tdi_IBUF
    SLICE_X109Y86        LUT6 (Prop_lut6_I5_O)        0.056     6.440 r  i_dmi_jtag/i_dmi_jtag_tap/idcode_q[31]_i_2/O
                         net (fo=1, routed)           0.000     6.440    i_dmi_jtag/i_dmi_jtag_tap/idcode_d[31]
    SLICE_X109Y86        FDCE                                         r  i_dmi_jtag/i_dmi_jtag_tap/idcode_q_reg[31]/D
  -------------------------------------------------------------------    -------------------

                         max delay                   20.000    20.000    
    H15                                               0.000    20.000 r  tck (IN)
                         net (fo=0)                   0.000    20.000    tck
    H15                  IBUF (Prop_ibuf_I_O)         0.268    20.268 r  tck_IBUF_inst/O
                         net (fo=1, routed)           1.516    21.784    tck_IBUF
    BUFGCTRL_X0Y0        BUFG (Prop_bufg_I_O)         0.026    21.810 r  tck_IBUF_BUFG_inst/O
                         net (fo=258, routed)         0.633    22.443    i_dmi_jtag/i_dmi_jtag_tap/CLK
    SLICE_X109Y86        FDCE                                         r  i_dmi_jtag/i_dmi_jtag_tap/idcode_q_reg[31]/C
                         clock pessimism              0.000    22.443    
                         clock uncertainty           -0.501    21.942    
    SLICE_X109Y86        FDCE (Setup_fdce_C_D)        0.014    21.956    i_dmi_jtag/i_dmi_jtag_tap/idcode_q_reg[31]
  -------------------------------------------------------------------
                         required time                         21.956    
                         arrival time                          -6.440    
  -------------------------------------------------------------------
                         slack                                 15.516    

Slack (MET) :             15.527ns  (required time - arrival time)
  Source:                 tms
                            (input port clocked by tck  {rise@0.000ns fall@50.000ns period=100.000ns})
  Destination:            i_dmi_jtag/i_dmi_jtag_tap/FSM_onehot_tap_state_q_reg[10]/D
                            (rising edge-triggered cell FDCE clocked by tck  {rise@0.000ns fall@50.000ns period=100.000ns})
  Path Group:             tck
  Path Type:              Setup (Max at Fast Process Corner)
  Requirement:            20.000ns  (MaxDelay Path 20.000ns)
  Data Path Delay:        1.428ns  (logic 0.558ns (39.070%)  route 0.870ns (60.930%))
  Logic Levels:           2  (IBUF=1 LUT2=1)
  Input Delay:            5.000ns
  Clock Path Skew:        2.444ns (DCD - SCD + CPR)
    Destination Clock Delay (DCD):    2.444ns
    Source Clock Delay      (SCD):    0.000ns
    Clock Pessimism Removal (CPR):    0.000ns
  Clock Uncertainty:      0.501ns  ((TSJ^2 + TIJ^2)^1/2 + DJ) / 2 + PE
    Total System Jitter     (TSJ):    0.071ns
    Total Input Jitter      (TIJ):    1.000ns
    Discrete Jitter          (DJ):    0.000ns
    Phase Error              (PE):    0.000ns
  Timing Exception:       MaxDelay Path 20.000ns

    Location             Delay type                Incr(ns)  Path(ns)    Netlist Resource(s)
  -------------------------------------------------------------------    -------------------
                         (clock tck fall edge)        0.000     0.000 f  
                         input delay                  5.000     5.000    
    V12                                               0.000     5.000 f  tms (IN)
                         net (fo=0)                   0.000     5.000    tms
    V12                  IBUF (Prop_ibuf_I_O)         0.502     5.502 f  tms_IBUF_inst/O
                         net (fo=16, routed)          0.870     6.372    i_dmi_jtag/i_dmi_jtag_tap/tms_IBUF
    SLICE_X111Y86        LUT2 (Prop_lut2_I1_O)        0.056     6.428 r  i_dmi_jtag/i_dmi_jtag_tap/FSM_onehot_tap_state_q[10]_i_1/O
                         net (fo=1, routed)           0.000     6.428    i_dmi_jtag/i_dmi_jtag_tap/FSM_onehot_tap_state_q[10]_i_1_n_1
    SLICE_X111Y86        FDCE                                         r  i_dmi_jtag/i_dmi_jtag_tap/FSM_onehot_tap_state_q_reg[10]/D
  -------------------------------------------------------------------    -------------------

                         max delay                   20.000    20.000    
    H15                                               0.000    20.000 r  tck (IN)
                         net (fo=0)                   0.000    20.000    tck
    H15                  IBUF (Prop_ibuf_I_O)         0.268    20.268 r  tck_IBUF_inst/O
                         net (fo=1, routed)           1.516    21.784    tck_IBUF
    BUFGCTRL_X0Y0        BUFG (Prop_bufg_I_O)         0.026    21.810 r  tck_IBUF_BUFG_inst/O
                         net (fo=258, routed)         0.634    22.444    i_dmi_jtag/i_dmi_jtag_tap/CLK
    SLICE_X111Y86        FDCE                                         r  i_dmi_jtag/i_dmi_jtag_tap/FSM_onehot_tap_state_q_reg[10]/C
                         clock pessimism              0.000    22.444    
                         clock uncertainty           -0.501    21.943    
    SLICE_X111Y86        FDCE (Setup_fdce_C_D)        0.013    21.956    i_dmi_jtag/i_dmi_jtag_tap/FSM_onehot_tap_state_q_reg[10]
  -------------------------------------------------------------------
                         required time                         21.956    
                         arrival time                          -6.428    
  -------------------------------------------------------------------
                         slack                                 15.527    

Slack (MET) :             15.527ns  (required time - arrival time)
  Source:                 tms
                            (input port clocked by tck  {rise@0.000ns fall@50.000ns period=100.000ns})
  Destination:            i_dmi_jtag/i_dmi_jtag_tap/FSM_onehot_tap_state_q_reg[5]/D
                            (rising edge-triggered cell FDCE clocked by tck  {rise@0.000ns fall@50.000ns period=100.000ns})
  Path Group:             tck
  Path Type:              Setup (Max at Fast Process Corner)
  Requirement:            20.000ns  (MaxDelay Path 20.000ns)
  Data Path Delay:        1.428ns  (logic 0.558ns (39.070%)  route 0.870ns (60.930%))
  Logic Levels:           2  (IBUF=1 LUT4=1)
  Input Delay:            5.000ns
  Clock Path Skew:        2.444ns (DCD - SCD + CPR)
    Destination Clock Delay (DCD):    2.444ns
    Source Clock Delay      (SCD):    0.000ns
    Clock Pessimism Removal (CPR):    0.000ns
  Clock Uncertainty:      0.501ns  ((TSJ^2 + TIJ^2)^1/2 + DJ) / 2 + PE
    Total System Jitter     (TSJ):    0.071ns
    Total Input Jitter      (TIJ):    1.000ns
    Discrete Jitter          (DJ):    0.000ns
    Phase Error              (PE):    0.000ns
  Timing Exception:       MaxDelay Path 20.000ns

    Location             Delay type                Incr(ns)  Path(ns)    Netlist Resource(s)
  -------------------------------------------------------------------    -------------------
                         (clock tck fall edge)        0.000     0.000 f  
                         input delay                  5.000     5.000    
    V12                                               0.000     5.000 f  tms (IN)
                         net (fo=0)                   0.000     5.000    tms
    V12                  IBUF (Prop_ibuf_I_O)         0.502     5.502 f  tms_IBUF_inst/O
                         net (fo=16, routed)          0.870     6.372    i_dmi_jtag/i_dmi_jtag_tap/tms_IBUF
    SLICE_X110Y85        LUT4 (Prop_lut4_I2_O)        0.056     6.428 r  i_dmi_jtag/i_dmi_jtag_tap/FSM_onehot_tap_state_q[5]_i_1/O
                         net (fo=1, routed)           0.000     6.428    i_dmi_jtag/i_dmi_jtag_tap/FSM_onehot_tap_state_q[5]_i_1_n_1
    SLICE_X110Y85        FDCE                                         r  i_dmi_jtag/i_dmi_jtag_tap/FSM_onehot_tap_state_q_reg[5]/D
  -------------------------------------------------------------------    -------------------

                         max delay                   20.000    20.000    
    H15                                               0.000    20.000 r  tck (IN)
                         net (fo=0)                   0.000    20.000    tck
    H15                  IBUF (Prop_ibuf_I_O)         0.268    20.268 r  tck_IBUF_inst/O
                         net (fo=1, routed)           1.516    21.784    tck_IBUF
    BUFGCTRL_X0Y0        BUFG (Prop_bufg_I_O)         0.026    21.810 r  tck_IBUF_BUFG_inst/O
                         net (fo=258, routed)         0.634    22.444    i_dmi_jtag/i_dmi_jtag_tap/CLK
    SLICE_X110Y85        FDCE                                         r  i_dmi_jtag/i_dmi_jtag_tap/FSM_onehot_tap_state_q_reg[5]/C
                         clock pessimism              0.000    22.444    
                         clock uncertainty           -0.501    21.943    
    SLICE_X110Y85        FDCE (Setup_fdce_C_D)        0.013    21.956    i_dmi_jtag/i_dmi_jtag_tap/FSM_onehot_tap_state_q_reg[5]
  -------------------------------------------------------------------
                         required time                         21.956    
                         arrival time                          -6.428    
  -------------------------------------------------------------------
                         slack                                 15.527    

Slack (MET) :             15.551ns  (required time - arrival time)
  Source:                 tms
                            (input port clocked by tck  {rise@0.000ns fall@50.000ns period=100.000ns})
  Destination:            i_dmi_jtag/i_dmi_jtag_tap/FSM_onehot_tap_state_q_reg[2]/D
                            (rising edge-triggered cell FDCE clocked by tck  {rise@0.000ns fall@50.000ns period=100.000ns})
  Path Group:             tck
  Path Type:              Setup (Max at Fast Process Corner)
  Requirement:            20.000ns  (MaxDelay Path 20.000ns)
  Data Path Delay:        1.427ns  (logic 0.557ns (39.027%)  route 0.870ns (60.973%))
  Logic Levels:           2  (IBUF=1 LUT2=1)
  Input Delay:            5.000ns
  Clock Path Skew:        2.444ns (DCD - SCD + CPR)
    Destination Clock Delay (DCD):    2.444ns
    Source Clock Delay      (SCD):    0.000ns
    Clock Pessimism Removal (CPR):    0.000ns
  Clock Uncertainty:      0.501ns  ((TSJ^2 + TIJ^2)^1/2 + DJ) / 2 + PE
    Total System Jitter     (TSJ):    0.071ns
    Total Input Jitter      (TIJ):    1.000ns
    Discrete Jitter          (DJ):    0.000ns
    Phase Error              (PE):    0.000ns
  Timing Exception:       MaxDelay Path 20.000ns

    Location             Delay type                Incr(ns)  Path(ns)    Netlist Resource(s)
  -------------------------------------------------------------------    -------------------
                         (clock tck fall edge)        0.000     0.000 f  
                         input delay                  5.000     5.000    
    V12                                               0.000     5.000 r  tms (IN)
                         net (fo=0)                   0.000     5.000    tms
    V12                  IBUF (Prop_ibuf_I_O)         0.502     5.502 r  tms_IBUF_inst/O
                         net (fo=16, routed)          0.870     6.372    i_dmi_jtag/i_dmi_jtag_tap/tms_IBUF
    SLICE_X111Y86        LUT2 (Prop_lut2_I1_O)        0.055     6.427 r  i_dmi_jtag/i_dmi_jtag_tap/FSM_onehot_tap_state_q[2]_i_1/O
                         net (fo=1, routed)           0.000     6.427    i_dmi_jtag/i_dmi_jtag_tap/FSM_onehot_tap_state_q[2]_i_1_n_1
    SLICE_X111Y86        FDCE                                         r  i_dmi_jtag/i_dmi_jtag_tap/FSM_onehot_tap_state_q_reg[2]/D
  -------------------------------------------------------------------    -------------------

                         max delay                   20.000    20.000    
    H15                                               0.000    20.000 r  tck (IN)
                         net (fo=0)                   0.000    20.000    tck
    H15                  IBUF (Prop_ibuf_I_O)         0.268    20.268 r  tck_IBUF_inst/O
                         net (fo=1, routed)           1.516    21.784    tck_IBUF
    BUFGCTRL_X0Y0        BUFG (Prop_bufg_I_O)         0.026    21.810 r  tck_IBUF_BUFG_inst/O
                         net (fo=258, routed)         0.634    22.444    i_dmi_jtag/i_dmi_jtag_tap/CLK
    SLICE_X111Y86        FDCE                                         r  i_dmi_jtag/i_dmi_jtag_tap/FSM_onehot_tap_state_q_reg[2]/C
                         clock pessimism              0.000    22.444    
                         clock uncertainty           -0.501    21.943    
    SLICE_X111Y86        FDCE (Setup_fdce_C_D)        0.036    21.979    i_dmi_jtag/i_dmi_jtag_tap/FSM_onehot_tap_state_q_reg[2]
  -------------------------------------------------------------------
                         required time                         21.979    
                         arrival time                          -6.427    
  -------------------------------------------------------------------
                         slack                                 15.551    

Slack (MET) :             15.551ns  (required time - arrival time)
  Source:                 tms
                            (input port clocked by tck  {rise@0.000ns fall@50.000ns period=100.000ns})
  Destination:            i_dmi_jtag/i_dmi_jtag_tap/FSM_onehot_tap_state_q_reg[6]/D
                            (rising edge-triggered cell FDCE clocked by tck  {rise@0.000ns fall@50.000ns period=100.000ns})
  Path Group:             tck
  Path Type:              Setup (Max at Fast Process Corner)
  Requirement:            20.000ns  (MaxDelay Path 20.000ns)
  Data Path Delay:        1.427ns  (logic 0.557ns (39.027%)  route 0.870ns (60.973%))
  Logic Levels:           2  (IBUF=1 LUT3=1)
  Input Delay:            5.000ns
  Clock Path Skew:        2.444ns (DCD - SCD + CPR)
    Destination Clock Delay (DCD):    2.444ns
    Source Clock Delay      (SCD):    0.000ns
    Clock Pessimism Removal (CPR):    0.000ns
  Clock Uncertainty:      0.501ns  ((TSJ^2 + TIJ^2)^1/2 + DJ) / 2 + PE
    Total System Jitter     (TSJ):    0.071ns
    Total Input Jitter      (TIJ):    1.000ns
    Discrete Jitter          (DJ):    0.000ns
    Phase Error              (PE):    0.000ns
  Timing Exception:       MaxDelay Path 20.000ns

    Location             Delay type                Incr(ns)  Path(ns)    Netlist Resource(s)
  -------------------------------------------------------------------    -------------------
                         (clock tck fall edge)        0.000     0.000 f  
                         input delay                  5.000     5.000    
    V12                                               0.000     5.000 r  tms (IN)
                         net (fo=0)                   0.000     5.000    tms
    V12                  IBUF (Prop_ibuf_I_O)         0.502     5.502 r  tms_IBUF_inst/O
                         net (fo=16, routed)          0.870     6.372    i_dmi_jtag/i_dmi_jtag_tap/tms_IBUF
    SLICE_X110Y85        LUT3 (Prop_lut3_I2_O)        0.055     6.427 r  i_dmi_jtag/i_dmi_jtag_tap/FSM_onehot_tap_state_q[6]_i_1/O
                         net (fo=1, routed)           0.000     6.427    i_dmi_jtag/i_dmi_jtag_tap/FSM_onehot_tap_state_q[6]_i_1_n_1
    SLICE_X110Y85        FDCE                                         r  i_dmi_jtag/i_dmi_jtag_tap/FSM_onehot_tap_state_q_reg[6]/D
  -------------------------------------------------------------------    -------------------

                         max delay                   20.000    20.000    
    H15                                               0.000    20.000 r  tck (IN)
                         net (fo=0)                   0.000    20.000    tck
    H15                  IBUF (Prop_ibuf_I_O)         0.268    20.268 r  tck_IBUF_inst/O
                         net (fo=1, routed)           1.516    21.784    tck_IBUF
    BUFGCTRL_X0Y0        BUFG (Prop_bufg_I_O)         0.026    21.810 r  tck_IBUF_BUFG_inst/O
                         net (fo=258, routed)         0.634    22.444    i_dmi_jtag/i_dmi_jtag_tap/CLK
    SLICE_X110Y85        FDCE                                         r  i_dmi_jtag/i_dmi_jtag_tap/FSM_onehot_tap_state_q_reg[6]/C
                         clock pessimism              0.000    22.444    
                         clock uncertainty           -0.501    21.943    
    SLICE_X110Y85        FDCE (Setup_fdce_C_D)        0.036    21.979    i_dmi_jtag/i_dmi_jtag_tap/FSM_onehot_tap_state_q_reg[6]
  -------------------------------------------------------------------
                         required time                         21.979    
                         arrival time                          -6.427    
  -------------------------------------------------------------------
                         slack                                 15.551    





Min Delay Paths
--------------------------------------------------------------------------------------
Slack (MET) :             0.115ns  (arrival time - required time)
  Source:                 i_dmi_jtag/dr_q_reg[11]/C
                            (rising edge-triggered cell FDCE clocked by tck  {rise@0.000ns fall@50.000ns period=100.000ns})
  Destination:            i_dmi_jtag/data_q_reg[9]/D
                            (rising edge-triggered cell FDCE clocked by tck  {rise@0.000ns fall@50.000ns period=100.000ns})
  Path Group:             tck
  Path Type:              Hold (Min at Fast Process Corner)
  Requirement:            0.000ns  (tck rise@0.000ns - tck rise@0.000ns)
  Data Path Delay:        0.249ns  (logic 0.186ns (74.636%)  route 0.063ns (25.364%))
  Logic Levels:           1  (LUT4=1)
  Clock Path Skew:        0.013ns (DCD - SCD - CPR)
    Destination Clock Delay (DCD):    3.118ns
    Source Clock Delay      (SCD):    2.413ns
    Clock Pessimism Removal (CPR):    0.692ns

    Location             Delay type                Incr(ns)  Path(ns)    Netlist Resource(s)
  -------------------------------------------------------------------    -------------------
                         (clock tck rise edge)        0.000     0.000 r  
    H15                                               0.000     0.000 r  tck (IN)
                         net (fo=0)                   0.000     0.000    tck
    H15                  IBUF (Prop_ibuf_I_O)         0.268     0.268 r  tck_IBUF_inst/O
                         net (fo=1, routed)           1.516     1.784    tck_IBUF
    BUFGCTRL_X0Y0        BUFG (Prop_bufg_I_O)         0.026     1.810 r  tck_IBUF_BUFG_inst/O
                         net (fo=258, routed)         0.603     2.413    i_dmi_jtag/CLK
    SLICE_X103Y81        FDCE                                         r  i_dmi_jtag/dr_q_reg[11]/C
  -------------------------------------------------------------------    -------------------
    SLICE_X103Y81        FDCE (Prop_fdce_C_Q)         0.141     2.554 r  i_dmi_jtag/dr_q_reg[11]/Q
                         net (fo=2, routed)           0.063     2.617    i_dmi_jtag/i_dmi_cdc/i_cdc_resp/i_dst/data_q_reg[31][11]
    SLICE_X102Y81        LUT4 (Prop_lut4_I3_O)        0.045     2.662 r  i_dmi_jtag/i_dmi_cdc/i_cdc_resp/i_dst/data_q[9]_i_1/O
                         net (fo=1, routed)           0.000     2.662    i_dmi_jtag/i_dmi_cdc_n_252
    SLICE_X102Y81        FDCE                                         r  i_dmi_jtag/data_q_reg[9]/D
  -------------------------------------------------------------------    -------------------

                         (clock tck rise edge)        0.000     0.000 r  
    H15                                               0.000     0.000 r  tck (IN)
                         net (fo=0)                   0.000     0.000    tck
    H15                  IBUF (Prop_ibuf_I_O)         0.456     0.456 r  tck_IBUF_inst/O
                         net (fo=1, routed)           1.762     2.218    tck_IBUF
    BUFGCTRL_X0Y0        BUFG (Prop_bufg_I_O)         0.029     2.247 r  tck_IBUF_BUFG_inst/O
                         net (fo=258, routed)         0.871     3.118    i_dmi_jtag/CLK
    SLICE_X102Y81        FDCE                                         r  i_dmi_jtag/data_q_reg[9]/C
                         clock pessimism             -0.692     2.426    
    SLICE_X102Y81        FDCE (Hold_fdce_C_D)         0.121     2.547    i_dmi_jtag/data_q_reg[9]
  -------------------------------------------------------------------
                         required time                         -2.547    
                         arrival time                           2.662    
  -------------------------------------------------------------------
                         slack                                  0.115    

Slack (MET) :             0.121ns  (arrival time - required time)
  Source:                 i_dmi_jtag/dr_q_reg[13]/C
                            (rising edge-triggered cell FDCE clocked by tck  {rise@0.000ns fall@50.000ns period=100.000ns})
  Destination:            i_dmi_jtag/data_q_reg[11]/D
                            (rising edge-triggered cell FDCE clocked by tck  {rise@0.000ns fall@50.000ns period=100.000ns})
  Path Group:             tck
  Path Type:              Hold (Min at Fast Process Corner)
  Requirement:            0.000ns  (tck rise@0.000ns - tck rise@0.000ns)
  Data Path Delay:        0.254ns  (logic 0.186ns (73.160%)  route 0.068ns (26.840%))
  Logic Levels:           1  (LUT4=1)
  Clock Path Skew:        0.013ns (DCD - SCD - CPR)
    Destination Clock Delay (DCD):    3.118ns
    Source Clock Delay      (SCD):    2.413ns
    Clock Pessimism Removal (CPR):    0.692ns

    Location             Delay type                Incr(ns)  Path(ns)    Netlist Resource(s)
  -------------------------------------------------------------------    -------------------
                         (clock tck rise edge)        0.000     0.000 r  
    H15                                               0.000     0.000 r  tck (IN)
                         net (fo=0)                   0.000     0.000    tck
    H15                  IBUF (Prop_ibuf_I_O)         0.268     0.268 r  tck_IBUF_inst/O
                         net (fo=1, routed)           1.516     1.784    tck_IBUF
    BUFGCTRL_X0Y0        BUFG (Prop_bufg_I_O)         0.026     1.810 r  tck_IBUF_BUFG_inst/O
                         net (fo=258, routed)         0.603     2.413    i_dmi_jtag/CLK
    SLICE_X103Y81        FDCE                                         r  i_dmi_jtag/dr_q_reg[13]/C
  -------------------------------------------------------------------    -------------------
    SLICE_X103Y81        FDCE (Prop_fdce_C_Q)         0.141     2.554 r  i_dmi_jtag/dr_q_reg[13]/Q
                         net (fo=2, routed)           0.068     2.622    i_dmi_jtag/i_dmi_cdc/i_cdc_resp/i_dst/data_q_reg[31][13]
    SLICE_X102Y81        LUT4 (Prop_lut4_I3_O)        0.045     2.667 r  i_dmi_jtag/i_dmi_cdc/i_cdc_resp/i_dst/data_q[11]_i_1/O
                         net (fo=1, routed)           0.000     2.667    i_dmi_jtag/i_dmi_cdc_n_250
    SLICE_X102Y81        FDCE                                         r  i_dmi_jtag/data_q_reg[11]/D
  -------------------------------------------------------------------    -------------------

                         (clock tck rise edge)        0.000     0.000 r  
    H15                                               0.000     0.000 r  tck (IN)
                         net (fo=0)                   0.000     0.000    tck
    H15                  IBUF (Prop_ibuf_I_O)         0.456     0.456 r  tck_IBUF_inst/O
                         net (fo=1, routed)           1.762     2.218    tck_IBUF
    BUFGCTRL_X0Y0        BUFG (Prop_bufg_I_O)         0.029     2.247 r  tck_IBUF_BUFG_inst/O
                         net (fo=258, routed)         0.871     3.118    i_dmi_jtag/CLK
    SLICE_X102Y81        FDCE                                         r  i_dmi_jtag/data_q_reg[11]/C
                         clock pessimism             -0.692     2.426    
    SLICE_X102Y81        FDCE (Hold_fdce_C_D)         0.120     2.546    i_dmi_jtag/data_q_reg[11]
  -------------------------------------------------------------------
                         required time                         -2.546    
                         arrival time                           2.667    
  -------------------------------------------------------------------
                         slack                                  0.121    

Slack (MET) :             0.140ns  (arrival time - required time)
  Source:                 i_dmi_jtag/i_dmi_jtag_tap/dtmcs_q_reg[abits][5]/C
                            (rising edge-triggered cell FDCE clocked by tck  {rise@0.000ns fall@50.000ns period=100.000ns})
  Destination:            i_dmi_jtag/i_dmi_jtag_tap/dtmcs_q_reg[abits][4]/D
                            (rising edge-triggered cell FDCE clocked by tck  {rise@0.000ns fall@50.000ns period=100.000ns})
  Path Group:             tck
  Path Type:              Hold (Min at Fast Process Corner)
  Requirement:            0.000ns  (tck rise@0.000ns - tck rise@0.000ns)
  Data Path Delay:        0.273ns  (logic 0.186ns (68.106%)  route 0.087ns (31.894%))
  Logic Levels:           1  (LUT2=1)
  Clock Path Skew:        0.013ns (DCD - SCD - CPR)
    Destination Clock Delay (DCD):    3.125ns
    Source Clock Delay      (SCD):    2.418ns
    Clock Pessimism Removal (CPR):    0.694ns

    Location             Delay type                Incr(ns)  Path(ns)    Netlist Resource(s)
  -------------------------------------------------------------------    -------------------
                         (clock tck rise edge)        0.000     0.000 r  
    H15                                               0.000     0.000 r  tck (IN)
                         net (fo=0)                   0.000     0.000    tck
    H15                  IBUF (Prop_ibuf_I_O)         0.268     0.268 r  tck_IBUF_inst/O
                         net (fo=1, routed)           1.516     1.784    tck_IBUF
    BUFGCTRL_X0Y0        BUFG (Prop_bufg_I_O)         0.026     1.810 r  tck_IBUF_BUFG_inst/O
                         net (fo=258, routed)         0.608     2.418    i_dmi_jtag/i_dmi_jtag_tap/CLK
    SLICE_X103Y89        FDCE                                         r  i_dmi_jtag/i_dmi_jtag_tap/dtmcs_q_reg[abits][5]/C
  -------------------------------------------------------------------    -------------------
    SLICE_X103Y89        FDCE (Prop_fdce_C_Q)         0.141     2.559 r  i_dmi_jtag/i_dmi_jtag_tap/dtmcs_q_reg[abits][5]/Q
                         net (fo=1, routed)           0.087     2.646    i_dmi_jtag/i_dmi_jtag_tap/p_0_in__0[5]
    SLICE_X102Y89        LUT2 (Prop_lut2_I1_O)        0.045     2.691 r  i_dmi_jtag/i_dmi_jtag_tap/dtmcs_q[abits][4]_i_1/O
                         net (fo=1, routed)           0.000     2.691    i_dmi_jtag/i_dmi_jtag_tap/dtmcs_d[abits][4]
    SLICE_X102Y89        FDCE                                         r  i_dmi_jtag/i_dmi_jtag_tap/dtmcs_q_reg[abits][4]/D
  -------------------------------------------------------------------    -------------------

                         (clock tck rise edge)        0.000     0.000 r  
    H15                                               0.000     0.000 r  tck (IN)
                         net (fo=0)                   0.000     0.000    tck
    H15                  IBUF (Prop_ibuf_I_O)         0.456     0.456 r  tck_IBUF_inst/O
                         net (fo=1, routed)           1.762     2.218    tck_IBUF
    BUFGCTRL_X0Y0        BUFG (Prop_bufg_I_O)         0.029     2.247 r  tck_IBUF_BUFG_inst/O
                         net (fo=258, routed)         0.878     3.125    i_dmi_jtag/i_dmi_jtag_tap/CLK
    SLICE_X102Y89        FDCE                                         r  i_dmi_jtag/i_dmi_jtag_tap/dtmcs_q_reg[abits][4]/C
                         clock pessimism             -0.694     2.431    
    SLICE_X102Y89        FDCE (Hold_fdce_C_D)         0.120     2.551    i_dmi_jtag/i_dmi_jtag_tap/dtmcs_q_reg[abits][4]
  -------------------------------------------------------------------
                         required time                         -2.551    
                         arrival time                           2.691    
  -------------------------------------------------------------------
                         slack                                  0.140    

Slack (MET) :             0.143ns  (arrival time - required time)
  Source:                 i_dmi_jtag/dr_q_reg[9]/C
                            (rising edge-triggered cell FDCE clocked by tck  {rise@0.000ns fall@50.000ns period=100.000ns})
  Destination:            i_dmi_jtag/data_q_reg[7]/D
                            (rising edge-triggered cell FDCE clocked by tck  {rise@0.000ns fall@50.000ns period=100.000ns})
  Path Group:             tck
  Path Type:              Hold (Min at Fast Process Corner)
  Requirement:            0.000ns  (tck rise@0.000ns - tck rise@0.000ns)
  Data Path Delay:        0.277ns  (logic 0.186ns (67.098%)  route 0.091ns (32.902%))
  Logic Levels:           1  (LUT4=1)
  Clock Path Skew:        0.013ns (DCD - SCD - CPR)
    Destination Clock Delay (DCD):    3.120ns
    Source Clock Delay      (SCD):    2.415ns
    Clock Pessimism Removal (CPR):    0.692ns

    Location             Delay type                Incr(ns)  Path(ns)    Netlist Resource(s)
  -------------------------------------------------------------------    -------------------
                         (clock tck rise edge)        0.000     0.000 r  
    H15                                               0.000     0.000 r  tck (IN)
                         net (fo=0)                   0.000     0.000    tck
    H15                  IBUF (Prop_ibuf_I_O)         0.268     0.268 r  tck_IBUF_inst/O
                         net (fo=1, routed)           1.516     1.784    tck_IBUF
    BUFGCTRL_X0Y0        BUFG (Prop_bufg_I_O)         0.026     1.810 r  tck_IBUF_BUFG_inst/O
                         net (fo=258, routed)         0.605     2.415    i_dmi_jtag/CLK
    SLICE_X103Y83        FDCE                                         r  i_dmi_jtag/dr_q_reg[9]/C
  -------------------------------------------------------------------    -------------------
    SLICE_X103Y83        FDCE (Prop_fdce_C_Q)         0.141     2.556 r  i_dmi_jtag/dr_q_reg[9]/Q
                         net (fo=2, routed)           0.091     2.647    i_dmi_jtag/i_dmi_cdc/i_cdc_resp/i_dst/data_q_reg[31][9]
    SLICE_X102Y83        LUT4 (Prop_lut4_I3_O)        0.045     2.692 r  i_dmi_jtag/i_dmi_cdc/i_cdc_resp/i_dst/data_q[7]_i_1/O
                         net (fo=1, routed)           0.000     2.692    i_dmi_jtag/i_dmi_cdc_n_254
    SLICE_X102Y83        FDCE                                         r  i_dmi_jtag/data_q_reg[7]/D
  -------------------------------------------------------------------    -------------------

                         (clock tck rise edge)        0.000     0.000 r  
    H15                                               0.000     0.000 r  tck (IN)
                         net (fo=0)                   0.000     0.000    tck
    H15                  IBUF (Prop_ibuf_I_O)         0.456     0.456 r  tck_IBUF_inst/O
                         net (fo=1, routed)           1.762     2.218    tck_IBUF
    BUFGCTRL_X0Y0        BUFG (Prop_bufg_I_O)         0.029     2.247 r  tck_IBUF_BUFG_inst/O
                         net (fo=258, routed)         0.873     3.120    i_dmi_jtag/CLK
    SLICE_X102Y83        FDCE                                         r  i_dmi_jtag/data_q_reg[7]/C
                         clock pessimism             -0.692     2.428    
    SLICE_X102Y83        FDCE (Hold_fdce_C_D)         0.121     2.549    i_dmi_jtag/data_q_reg[7]
  -------------------------------------------------------------------
                         required time                         -2.549    
                         arrival time                           2.692    
  -------------------------------------------------------------------
                         slack                                  0.143    

Slack (MET) :             0.144ns  (arrival time - required time)
  Source:                 i_dmi_jtag/data_q_reg[17]/C
                            (rising edge-triggered cell FDCE clocked by tck  {rise@0.000ns fall@50.000ns period=100.000ns})
  Destination:            i_dmi_jtag/dr_q_reg[19]/D
                            (rising edge-triggered cell FDCE clocked by tck  {rise@0.000ns fall@50.000ns period=100.000ns})
  Path Group:             tck
  Path Type:              Hold (Min at Fast Process Corner)
  Requirement:            0.000ns  (tck rise@0.000ns - tck rise@0.000ns)
  Data Path Delay:        0.278ns  (logic 0.186ns (66.834%)  route 0.092ns (33.166%))
  Logic Levels:           1  (LUT4=1)
  Clock Path Skew:        0.013ns (DCD - SCD - CPR)
    Destination Clock Delay (DCD):    3.118ns
    Source Clock Delay      (SCD):    2.413ns
    Clock Pessimism Removal (CPR):    0.692ns

    Location             Delay type                Incr(ns)  Path(ns)    Netlist Resource(s)
  -------------------------------------------------------------------    -------------------
                         (clock tck rise edge)        0.000     0.000 r  
    H15                                               0.000     0.000 r  tck (IN)
                         net (fo=0)                   0.000     0.000    tck
    H15                  IBUF (Prop_ibuf_I_O)         0.268     0.268 r  tck_IBUF_inst/O
                         net (fo=1, routed)           1.516     1.784    tck_IBUF
    BUFGCTRL_X0Y0        BUFG (Prop_bufg_I_O)         0.026     1.810 r  tck_IBUF_BUFG_inst/O
                         net (fo=258, routed)         0.603     2.413    i_dmi_jtag/CLK
    SLICE_X93Y83         FDCE                                         r  i_dmi_jtag/data_q_reg[17]/C
  -------------------------------------------------------------------    -------------------
    SLICE_X93Y83         FDCE (Prop_fdce_C_Q)         0.141     2.554 r  i_dmi_jtag/data_q_reg[17]/Q
                         net (fo=2, routed)           0.092     2.646    i_dmi_jtag/i_dmi_jtag_tap/dr_q_reg[33][17]
    SLICE_X92Y83         LUT4 (Prop_lut4_I3_O)        0.045     2.691 r  i_dmi_jtag/i_dmi_jtag_tap/dr_q[19]_i_1/O
                         net (fo=1, routed)           0.000     2.691    i_dmi_jtag/dr_d[19]
    SLICE_X92Y83         FDCE                                         r  i_dmi_jtag/dr_q_reg[19]/D
  -------------------------------------------------------------------    -------------------

                         (clock tck rise edge)        0.000     0.000 r  
    H15                                               0.000     0.000 r  tck (IN)
                         net (fo=0)                   0.000     0.000    tck
    H15                  IBUF (Prop_ibuf_I_O)         0.456     0.456 r  tck_IBUF_inst/O
                         net (fo=1, routed)           1.762     2.218    tck_IBUF
    BUFGCTRL_X0Y0        BUFG (Prop_bufg_I_O)         0.029     2.247 r  tck_IBUF_BUFG_inst/O
                         net (fo=258, routed)         0.871     3.118    i_dmi_jtag/CLK
    SLICE_X92Y83         FDCE                                         r  i_dmi_jtag/dr_q_reg[19]/C
                         clock pessimism             -0.692     2.426    
    SLICE_X92Y83         FDCE (Hold_fdce_C_D)         0.121     2.547    i_dmi_jtag/dr_q_reg[19]
  -------------------------------------------------------------------
                         required time                         -2.547    
                         arrival time                           2.691    
  -------------------------------------------------------------------
                         slack                                  0.144    

Slack (MET) :             0.150ns  (arrival time - required time)
  Source:                 i_dmi_jtag/dr_q_reg[31]/C
                            (rising edge-triggered cell FDCE clocked by tck  {rise@0.000ns fall@50.000ns period=100.000ns})
  Destination:            i_dmi_jtag/data_q_reg[29]/D
                            (rising edge-triggered cell FDCE clocked by tck  {rise@0.000ns fall@50.000ns period=100.000ns})
  Path Group:             tck
  Path Type:              Hold (Min at Fast Process Corner)
  Requirement:            0.000ns  (tck rise@0.000ns - tck rise@0.000ns)
  Data Path Delay:        0.307ns  (logic 0.186ns (60.521%)  route 0.121ns (39.479%))
  Logic Levels:           1  (LUT4=1)
  Clock Path Skew:        0.036ns (DCD - SCD - CPR)
    Destination Clock Delay (DCD):    3.123ns
    Source Clock Delay      (SCD):    2.416ns
    Clock Pessimism Removal (CPR):    0.671ns

    Location             Delay type                Incr(ns)  Path(ns)    Netlist Resource(s)
  -------------------------------------------------------------------    -------------------
                         (clock tck rise edge)        0.000     0.000 r  
    H15                                               0.000     0.000 r  tck (IN)
                         net (fo=0)                   0.000     0.000    tck
    H15                  IBUF (Prop_ibuf_I_O)         0.268     0.268 r  tck_IBUF_inst/O
                         net (fo=1, routed)           1.516     1.784    tck_IBUF
    BUFGCTRL_X0Y0        BUFG (Prop_bufg_I_O)         0.026     1.810 r  tck_IBUF_BUFG_inst/O
                         net (fo=258, routed)         0.606     2.416    i_dmi_jtag/CLK
    SLICE_X91Y88         FDCE                                         r  i_dmi_jtag/dr_q_reg[31]/C
  -------------------------------------------------------------------    -------------------
    SLICE_X91Y88         FDCE (Prop_fdce_C_Q)         0.141     2.557 r  i_dmi_jtag/dr_q_reg[31]/Q
                         net (fo=2, routed)           0.121     2.678    i_dmi_jtag/i_dmi_cdc/i_cdc_resp/i_dst/data_q_reg[31][31]
    SLICE_X92Y88         LUT4 (Prop_lut4_I3_O)        0.045     2.723 r  i_dmi_jtag/i_dmi_cdc/i_cdc_resp/i_dst/data_q[29]_i_1/O
                         net (fo=1, routed)           0.000     2.723    i_dmi_jtag/i_dmi_cdc_n_232
    SLICE_X92Y88         FDCE                                         r  i_dmi_jtag/data_q_reg[29]/D
  -------------------------------------------------------------------    -------------------

                         (clock tck rise edge)        0.000     0.000 r  
    H15                                               0.000     0.000 r  tck (IN)
                         net (fo=0)                   0.000     0.000    tck
    H15                  IBUF (Prop_ibuf_I_O)         0.456     0.456 r  tck_IBUF_inst/O
                         net (fo=1, routed)           1.762     2.218    tck_IBUF
    BUFGCTRL_X0Y0        BUFG (Prop_bufg_I_O)         0.029     2.247 r  tck_IBUF_BUFG_inst/O
                         net (fo=258, routed)         0.876     3.123    i_dmi_jtag/CLK
    SLICE_X92Y88         FDCE                                         r  i_dmi_jtag/data_q_reg[29]/C
                         clock pessimism             -0.671     2.452    
    SLICE_X92Y88         FDCE (Hold_fdce_C_D)         0.121     2.573    i_dmi_jtag/data_q_reg[29]
  -------------------------------------------------------------------
                         required time                         -2.573    
                         arrival time                           2.723    
  -------------------------------------------------------------------
                         slack                                  0.150    

Slack (MET) :             0.152ns  (arrival time - required time)
  Source:                 i_dmi_jtag/i_dmi_jtag_tap/jtag_ir_shift_q_reg[1]/C
                            (rising edge-triggered cell FDCE clocked by tck  {rise@0.000ns fall@50.000ns period=100.000ns})
  Destination:            i_dmi_jtag/i_dmi_jtag_tap/jtag_ir_q_reg[1]/D
                            (rising edge-triggered cell FDCE clocked by tck  {rise@0.000ns fall@50.000ns period=100.000ns})
  Path Group:             tck
  Path Type:              Hold (Min at Fast Process Corner)
  Requirement:            0.000ns  (tck rise@0.000ns - tck rise@0.000ns)
  Data Path Delay:        0.285ns  (logic 0.186ns (65.209%)  route 0.099ns (34.791%))
  Logic Levels:           1  (LUT2=1)
  Clock Path Skew:        0.013ns (DCD - SCD - CPR)
    Destination Clock Delay (DCD):    3.148ns
    Source Clock Delay      (SCD):    2.443ns
    Clock Pessimism Removal (CPR):    0.692ns

    Location             Delay type                Incr(ns)  Path(ns)    Netlist Resource(s)
  -------------------------------------------------------------------    -------------------
                         (clock tck rise edge)        0.000     0.000 r  
    H15                                               0.000     0.000 r  tck (IN)
                         net (fo=0)                   0.000     0.000    tck
    H15                  IBUF (Prop_ibuf_I_O)         0.268     0.268 r  tck_IBUF_inst/O
                         net (fo=1, routed)           1.516     1.784    tck_IBUF
    BUFGCTRL_X0Y0        BUFG (Prop_bufg_I_O)         0.026     1.810 r  tck_IBUF_BUFG_inst/O
                         net (fo=258, routed)         0.633     2.443    i_dmi_jtag/i_dmi_jtag_tap/CLK
    SLICE_X109Y84        FDCE                                         r  i_dmi_jtag/i_dmi_jtag_tap/jtag_ir_shift_q_reg[1]/C
  -------------------------------------------------------------------    -------------------
    SLICE_X109Y84        FDCE (Prop_fdce_C_Q)         0.141     2.584 r  i_dmi_jtag/i_dmi_jtag_tap/jtag_ir_shift_q_reg[1]/Q
                         net (fo=2, routed)           0.099     2.683    i_dmi_jtag/i_dmi_jtag_tap/p_0_in_0[0]
    SLICE_X108Y84        LUT2 (Prop_lut2_I0_O)        0.045     2.728 r  i_dmi_jtag/i_dmi_jtag_tap/jtag_ir_q[1]_i_1/O
                         net (fo=1, routed)           0.000     2.728    i_dmi_jtag/i_dmi_jtag_tap/jtag_ir_d[1]
    SLICE_X108Y84        FDCE                                         r  i_dmi_jtag/i_dmi_jtag_tap/jtag_ir_q_reg[1]/D
  -------------------------------------------------------------------    -------------------

                         (clock tck rise edge)        0.000     0.000 r  
    H15                                               0.000     0.000 r  tck (IN)
                         net (fo=0)                   0.000     0.000    tck
    H15                  IBUF (Prop_ibuf_I_O)         0.456     0.456 r  tck_IBUF_inst/O
                         net (fo=1, routed)           1.762     2.218    tck_IBUF
    BUFGCTRL_X0Y0        BUFG (Prop_bufg_I_O)         0.029     2.247 r  tck_IBUF_BUFG_inst/O
                         net (fo=258, routed)         0.901     3.148    i_dmi_jtag/i_dmi_jtag_tap/CLK
    SLICE_X108Y84        FDCE                                         r  i_dmi_jtag/i_dmi_jtag_tap/jtag_ir_q_reg[1]/C
                         clock pessimism             -0.692     2.456    
    SLICE_X108Y84        FDCE (Hold_fdce_C_D)         0.120     2.576    i_dmi_jtag/i_dmi_jtag_tap/jtag_ir_q_reg[1]
  -------------------------------------------------------------------
                         required time                         -2.576    
                         arrival time                           2.728    
  -------------------------------------------------------------------
                         slack                                  0.152    

Slack (MET) :             0.152ns  (arrival time - required time)
  Source:                 i_dmi_jtag/data_q_reg[14]/C
                            (rising edge-triggered cell FDCE clocked by tck  {rise@0.000ns fall@50.000ns period=100.000ns})
  Destination:            i_dmi_jtag/dr_q_reg[16]/D
                            (rising edge-triggered cell FDCE clocked by tck  {rise@0.000ns fall@50.000ns period=100.000ns})
  Path Group:             tck
  Path Type:              Hold (Min at Fast Process Corner)
  Requirement:            0.000ns  (tck rise@0.000ns - tck rise@0.000ns)
  Data Path Delay:        0.285ns  (logic 0.186ns (65.194%)  route 0.099ns (34.806%))
  Logic Levels:           1  (LUT4=1)
  Clock Path Skew:        0.013ns (DCD - SCD - CPR)
    Destination Clock Delay (DCD):    3.118ns
    Source Clock Delay      (SCD):    2.413ns
    Clock Pessimism Removal (CPR):    0.692ns

    Location             Delay type                Incr(ns)  Path(ns)    Netlist Resource(s)
  -------------------------------------------------------------------    -------------------
                         (clock tck rise edge)        0.000     0.000 r  
    H15                                               0.000     0.000 r  tck (IN)
                         net (fo=0)                   0.000     0.000    tck
    H15                  IBUF (Prop_ibuf_I_O)         0.268     0.268 r  tck_IBUF_inst/O
                         net (fo=1, routed)           1.516     1.784    tck_IBUF
    BUFGCTRL_X0Y0        BUFG (Prop_bufg_I_O)         0.026     1.810 r  tck_IBUF_BUFG_inst/O
                         net (fo=258, routed)         0.603     2.413    i_dmi_jtag/CLK
    SLICE_X93Y83         FDCE                                         r  i_dmi_jtag/data_q_reg[14]/C
  -------------------------------------------------------------------    -------------------
    SLICE_X93Y83         FDCE (Prop_fdce_C_Q)         0.141     2.554 r  i_dmi_jtag/data_q_reg[14]/Q
                         net (fo=2, routed)           0.099     2.653    i_dmi_jtag/i_dmi_jtag_tap/dr_q_reg[33][14]
    SLICE_X92Y83         LUT4 (Prop_lut4_I3_O)        0.045     2.698 r  i_dmi_jtag/i_dmi_jtag_tap/dr_q[16]_i_1/O
                         net (fo=1, routed)           0.000     2.698    i_dmi_jtag/dr_d[16]
    SLICE_X92Y83         FDCE                                         r  i_dmi_jtag/dr_q_reg[16]/D
  -------------------------------------------------------------------    -------------------

                         (clock tck rise edge)        0.000     0.000 r  
    H15                                               0.000     0.000 r  tck (IN)
                         net (fo=0)                   0.000     0.000    tck
    H15                  IBUF (Prop_ibuf_I_O)         0.456     0.456 r  tck_IBUF_inst/O
                         net (fo=1, routed)           1.762     2.218    tck_IBUF
    BUFGCTRL_X0Y0        BUFG (Prop_bufg_I_O)         0.029     2.247 r  tck_IBUF_BUFG_inst/O
                         net (fo=258, routed)         0.871     3.118    i_dmi_jtag/CLK
    SLICE_X92Y83         FDCE                                         r  i_dmi_jtag/dr_q_reg[16]/C
                         clock pessimism             -0.692     2.426    
    SLICE_X92Y83         FDCE (Hold_fdce_C_D)         0.120     2.546    i_dmi_jtag/dr_q_reg[16]
  -------------------------------------------------------------------
                         required time                         -2.546    
                         arrival time                           2.698    
  -------------------------------------------------------------------
                         slack                                  0.152    

Slack (MET) :             0.160ns  (arrival time - required time)
  Source:                 i_dmi_jtag/i_dmi_cdc/i_cdc_resp/i_dst/req_dst_q_reg/C
                            (rising edge-triggered cell FDCE clocked by tck  {rise@0.000ns fall@50.000ns period=100.000ns})
  Destination:            i_dmi_jtag/i_dmi_cdc/i_cdc_resp/i_dst/req_q0_reg/D
                            (rising edge-triggered cell FDCE clocked by tck  {rise@0.000ns fall@50.000ns period=100.000ns})
  Path Group:             tck
  Path Type:              Hold (Min at Fast Process Corner)
  Requirement:            0.000ns  (tck rise@0.000ns - tck rise@0.000ns)
  Data Path Delay:        0.220ns  (logic 0.164ns (74.580%)  route 0.056ns (25.420%))
  Logic Levels:           0  
  Clock Path Skew:        0.000ns (DCD - SCD - CPR)
    Destination Clock Delay (DCD):    3.122ns
    Source Clock Delay      (SCD):    2.416ns
    Clock Pessimism Removal (CPR):    0.706ns

    Location             Delay type                Incr(ns)  Path(ns)    Netlist Resource(s)
  -------------------------------------------------------------------    -------------------
                         (clock tck rise edge)        0.000     0.000 r  
    H15                                               0.000     0.000 r  tck (IN)
                         net (fo=0)                   0.000     0.000    tck
    H15                  IBUF (Prop_ibuf_I_O)         0.268     0.268 r  tck_IBUF_inst/O
                         net (fo=1, routed)           1.516     1.784    tck_IBUF
    BUFGCTRL_X0Y0        BUFG (Prop_bufg_I_O)         0.026     1.810 r  tck_IBUF_BUFG_inst/O
                         net (fo=258, routed)         0.606     2.416    i_dmi_jtag/i_dmi_cdc/i_cdc_resp/i_dst/CLK
    SLICE_X98Y86         FDCE                                         r  i_dmi_jtag/i_dmi_cdc/i_cdc_resp/i_dst/req_dst_q_reg/C
  -------------------------------------------------------------------    -------------------
    SLICE_X98Y86         FDCE (Prop_fdce_C_Q)         0.164     2.580 r  i_dmi_jtag/i_dmi_cdc/i_cdc_resp/i_dst/req_dst_q_reg/Q
                         net (fo=1, routed)           0.056     2.636    i_dmi_jtag/i_dmi_cdc/i_cdc_resp/i_dst/req_dst_q
    SLICE_X98Y86         FDCE                                         r  i_dmi_jtag/i_dmi_cdc/i_cdc_resp/i_dst/req_q0_reg/D
  -------------------------------------------------------------------    -------------------

                         (clock tck rise edge)        0.000     0.000 r  
    H15                                               0.000     0.000 r  tck (IN)
                         net (fo=0)                   0.000     0.000    tck
    H15                  IBUF (Prop_ibuf_I_O)         0.456     0.456 r  tck_IBUF_inst/O
                         net (fo=1, routed)           1.762     2.218    tck_IBUF
    BUFGCTRL_X0Y0        BUFG (Prop_bufg_I_O)         0.029     2.247 r  tck_IBUF_BUFG_inst/O
                         net (fo=258, routed)         0.875     3.122    i_dmi_jtag/i_dmi_cdc/i_cdc_resp/i_dst/CLK
    SLICE_X98Y86         FDCE                                         r  i_dmi_jtag/i_dmi_cdc/i_cdc_resp/i_dst/req_q0_reg/C
                         clock pessimism             -0.706     2.416    
    SLICE_X98Y86         FDCE (Hold_fdce_C_D)         0.060     2.476    i_dmi_jtag/i_dmi_cdc/i_cdc_resp/i_dst/req_q0_reg
  -------------------------------------------------------------------
                         required time                         -2.476    
                         arrival time                           2.636    
  -------------------------------------------------------------------
                         slack                                  0.160    

Slack (MET) :             0.160ns  (arrival time - required time)
  Source:                 i_dmi_jtag/dr_q_reg[24]/C
                            (rising edge-triggered cell FDCE clocked by tck  {rise@0.000ns fall@50.000ns period=100.000ns})
  Destination:            i_dmi_jtag/data_q_reg[22]/D
                            (rising edge-triggered cell FDCE clocked by tck  {rise@0.000ns fall@50.000ns period=100.000ns})
  Path Group:             tck
  Path Type:              Hold (Min at Fast Process Corner)
  Requirement:            0.000ns  (tck rise@0.000ns - tck rise@0.000ns)
  Data Path Delay:        0.315ns  (logic 0.186ns (59.018%)  route 0.129ns (40.982%))
  Logic Levels:           1  (LUT4=1)
  Clock Path Skew:        0.035ns (DCD - SCD - CPR)
    Destination Clock Delay (DCD):    3.121ns
    Source Clock Delay      (SCD):    2.415ns
    Clock Pessimism Removal (CPR):    0.671ns

    Location             Delay type                Incr(ns)  Path(ns)    Netlist Resource(s)
  -------------------------------------------------------------------    -------------------
                         (clock tck rise edge)        0.000     0.000 r  
    H15                                               0.000     0.000 r  tck (IN)
                         net (fo=0)                   0.000     0.000    tck
    H15                  IBUF (Prop_ibuf_I_O)         0.268     0.268 r  tck_IBUF_inst/O
                         net (fo=1, routed)           1.516     1.784    tck_IBUF
    BUFGCTRL_X0Y0        BUFG (Prop_bufg_I_O)         0.026     1.810 r  tck_IBUF_BUFG_inst/O
                         net (fo=258, routed)         0.605     2.415    i_dmi_jtag/CLK
    SLICE_X91Y87         FDCE                                         r  i_dmi_jtag/dr_q_reg[24]/C
  -------------------------------------------------------------------    -------------------
    SLICE_X91Y87         FDCE (Prop_fdce_C_Q)         0.141     2.556 r  i_dmi_jtag/dr_q_reg[24]/Q
                         net (fo=2, routed)           0.129     2.685    i_dmi_jtag/i_dmi_cdc/i_cdc_resp/i_dst/data_q_reg[31][24]
    SLICE_X92Y87         LUT4 (Prop_lut4_I3_O)        0.045     2.730 r  i_dmi_jtag/i_dmi_cdc/i_cdc_resp/i_dst/data_q[22]_i_1/O
                         net (fo=1, routed)           0.000     2.730    i_dmi_jtag/i_dmi_cdc_n_239
    SLICE_X92Y87         FDCE                                         r  i_dmi_jtag/data_q_reg[22]/D
  -------------------------------------------------------------------    -------------------

                         (clock tck rise edge)        0.000     0.000 r  
    H15                                               0.000     0.000 r  tck (IN)
                         net (fo=0)                   0.000     0.000    tck
    H15                  IBUF (Prop_ibuf_I_O)         0.456     0.456 r  tck_IBUF_inst/O
                         net (fo=1, routed)           1.762     2.218    tck_IBUF
    BUFGCTRL_X0Y0        BUFG (Prop_bufg_I_O)         0.029     2.247 r  tck_IBUF_BUFG_inst/O
                         net (fo=258, routed)         0.874     3.121    i_dmi_jtag/CLK
    SLICE_X92Y87         FDCE                                         r  i_dmi_jtag/data_q_reg[22]/C
                         clock pessimism             -0.671     2.450    
    SLICE_X92Y87         FDCE (Hold_fdce_C_D)         0.120     2.570    i_dmi_jtag/data_q_reg[22]
  -------------------------------------------------------------------
                         required time                         -2.570    
                         arrival time                           2.730    
  -------------------------------------------------------------------
                         slack                                  0.160    





Pulse Width Checks
--------------------------------------------------------------------------------------
Clock Name:         tck
Waveform(ns):       { 0.000 50.000 }
Period(ns):         100.000
Sources:            { tck }

Check Type        Corner  Lib Pin  Reference Pin  Required(ns)  Actual(ns)  Slack(ns)  Location       Pin
Min Period        n/a     BUFG/I   n/a            2.155         100.000     97.845     BUFGCTRL_X0Y0  tck_IBUF_BUFG_inst/I
Min Period        n/a     FDCE/C   n/a            1.000         100.000     99.000     SLICE_X100Y86  i_dmi_jtag/FSM_sequential_state_q_reg[0]/C
Min Period        n/a     FDCE/C   n/a            1.000         100.000     99.000     SLICE_X102Y85  i_dmi_jtag/FSM_sequential_state_q_reg[1]/C
Min Period        n/a     FDCE/C   n/a            1.000         100.000     99.000     SLICE_X100Y86  i_dmi_jtag/FSM_sequential_state_q_reg[2]/C
Min Period        n/a     FDCE/C   n/a            1.000         100.000     99.000     SLICE_X100Y88  i_dmi_jtag/address_q_reg[0]/C
Min Period        n/a     FDCE/C   n/a            1.000         100.000     99.000     SLICE_X100Y88  i_dmi_jtag/address_q_reg[1]/C
Min Period        n/a     FDCE/C   n/a            1.000         100.000     99.000     SLICE_X100Y87  i_dmi_jtag/address_q_reg[2]/C
Min Period        n/a     FDCE/C   n/a            1.000         100.000     99.000     SLICE_X100Y87  i_dmi_jtag/address_q_reg[3]/C
Min Period        n/a     FDCE/C   n/a            1.000         100.000     99.000     SLICE_X102Y87  i_dmi_jtag/address_q_reg[4]/C
Min Period        n/a     FDCE/C   n/a            1.000         100.000     99.000     SLICE_X102Y87  i_dmi_jtag/address_q_reg[5]/C
Low Pulse Width   Slow    FDCE/C   n/a            0.500         50.000      49.500     SLICE_X100Y86  i_dmi_jtag/FSM_sequential_state_q_reg[0]/C
Low Pulse Width   Fast    FDCE/C   n/a            0.500         50.000      49.500     SLICE_X100Y86  i_dmi_jtag/FSM_sequential_state_q_reg[0]/C
Low Pulse Width   Slow    FDCE/C   n/a            0.500         50.000      49.500     SLICE_X102Y85  i_dmi_jtag/FSM_sequential_state_q_reg[1]/C
Low Pulse Width   Fast    FDCE/C   n/a            0.500         50.000      49.500     SLICE_X102Y85  i_dmi_jtag/FSM_sequential_state_q_reg[1]/C
Low Pulse Width   Slow    FDCE/C   n/a            0.500         50.000      49.500     SLICE_X100Y86  i_dmi_jtag/FSM_sequential_state_q_reg[2]/C
Low Pulse Width   Fast    FDCE/C   n/a            0.500         50.000      49.500     SLICE_X100Y86  i_dmi_jtag/FSM_sequential_state_q_reg[2]/C
Low Pulse Width   Slow    FDCE/C   n/a            0.500         50.000      49.500     SLICE_X100Y88  i_dmi_jtag/address_q_reg[0]/C
Low Pulse Width   Fast    FDCE/C   n/a            0.500         50.000      49.500     SLICE_X100Y88  i_dmi_jtag/address_q_reg[0]/C
Low Pulse Width   Slow    FDCE/C   n/a            0.500         50.000      49.500     SLICE_X100Y88  i_dmi_jtag/address_q_reg[1]/C
Low Pulse Width   Fast    FDCE/C   n/a            0.500         50.000      49.500     SLICE_X100Y88  i_dmi_jtag/address_q_reg[1]/C
High Pulse Width  Slow    FDCE/C   n/a            0.500         50.000      49.500     SLICE_X100Y86  i_dmi_jtag/FSM_sequential_state_q_reg[0]/C
High Pulse Width  Fast    FDCE/C   n/a            0.500         50.000      49.500     SLICE_X100Y86  i_dmi_jtag/FSM_sequential_state_q_reg[0]/C
High Pulse Width  Slow    FDCE/C   n/a            0.500         50.000      49.500     SLICE_X102Y85  i_dmi_jtag/FSM_sequential_state_q_reg[1]/C
High Pulse Width  Fast    FDCE/C   n/a            0.500         50.000      49.500     SLICE_X102Y85  i_dmi_jtag/FSM_sequential_state_q_reg[1]/C
High Pulse Width  Slow    FDCE/C   n/a            0.500         50.000      49.500     SLICE_X100Y86  i_dmi_jtag/FSM_sequential_state_q_reg[2]/C
High Pulse Width  Fast    FDCE/C   n/a            0.500         50.000      49.500     SLICE_X100Y86  i_dmi_jtag/FSM_sequential_state_q_reg[2]/C
High Pulse Width  Slow    FDCE/C   n/a            0.500         50.000      49.500     SLICE_X100Y88  i_dmi_jtag/address_q_reg[0]/C
High Pulse Width  Fast    FDCE/C   n/a            0.500         50.000      49.500     SLICE_X100Y88  i_dmi_jtag/address_q_reg[0]/C
High Pulse Width  Slow    FDCE/C   n/a            0.500         50.000      49.500     SLICE_X100Y88  i_dmi_jtag/address_q_reg[1]/C
High Pulse Width  Fast    FDCE/C   n/a            0.500         50.000      49.500     SLICE_X100Y88  i_dmi_jtag/address_q_reg[1]/C



---------------------------------------------------------------------------------------------------
From Clock:  tck
  To Clock:  clk_out1_xlnx_clk_gen

Setup :            0  Failing Endpoints,  Worst Slack        9.333ns,  Total Violation        0.000ns
Hold  :            0  Failing Endpoints,  Worst Slack        2.775ns,  Total Violation        0.000ns
---------------------------------------------------------------------------------------------------


Max Delay Paths
--------------------------------------------------------------------------------------
Slack (MET) :             9.333ns  (required time - arrival time)
  Source:                 i_dmi_jtag/i_dmi_cdc/i_cdc_req/i_src/data_src_q_reg[data][3]/C
                            (rising edge-triggered cell FDCE clocked by tck  {rise@0.000ns fall@50.000ns period=100.000ns})
  Destination:            i_dmi_jtag/i_dmi_cdc/i_cdc_req/i_dst/data_dst_q_reg[data][3]/D
                            (rising edge-triggered cell FDCE clocked by clk_out1_xlnx_clk_gen  {rise@0.000ns fall@10.000ns period=20.000ns})
  Path Group:             clk_out1_xlnx_clk_gen
  Path Type:              Setup (Max at Slow Process Corner)
  Requirement:            20.000ns  (clk_out1_xlnx_clk_gen rise@20.000ns - tck rise@0.000ns)
  Data Path Delay:        1.357ns  (logic 0.456ns (33.605%)  route 0.901ns (66.395%))
  Logic Levels:           0  
  Clock Path Skew:        -8.646ns (DCD - SCD + CPR)
    Destination Clock Delay (DCD):    -1.610ns = ( 18.390 - 20.000 ) 
    Source Clock Delay      (SCD):    7.035ns
    Clock Pessimism Removal (CPR):    0.000ns
  Clock Uncertainty:      0.603ns  ((TSJ^2 + TIJ^2 + DJ^2)^1/2) / 2 + PE
    Total System Jitter     (TSJ):    0.071ns
    Total Input Jitter      (TIJ):    1.000ns
    Discrete Jitter          (DJ):    0.142ns
    Phase Error              (PE):    0.097ns
  Clock Domain Crossing:  Inter clock paths are considered valid unless explicitly excluded by timing constraints such as set_clock_groups or set_false_path.

    Location             Delay type                Incr(ns)  Path(ns)    Netlist Resource(s)
  -------------------------------------------------------------------    -------------------
                         (clock tck rise edge)        0.000     0.000 r  
    H15                                               0.000     0.000 r  tck (IN)
                         net (fo=0)                   0.000     0.000    tck
    H15                  IBUF (Prop_ibuf_I_O)         1.500     1.500 r  tck_IBUF_inst/O
                         net (fo=1, routed)           3.659     5.159    tck_IBUF
    BUFGCTRL_X0Y0        BUFG (Prop_bufg_I_O)         0.101     5.260 r  tck_IBUF_BUFG_inst/O
                         net (fo=258, routed)         1.775     7.035    i_dmi_jtag/i_dmi_cdc/i_cdc_req/i_src/CLK
    SLICE_X101Y79        FDCE                                         r  i_dmi_jtag/i_dmi_cdc/i_cdc_req/i_src/data_src_q_reg[data][3]/C
  -------------------------------------------------------------------    -------------------
    SLICE_X101Y79        FDCE (Prop_fdce_C_Q)         0.456     7.491 r  i_dmi_jtag/i_dmi_cdc/i_cdc_req/i_src/data_src_q_reg[data][3]/Q
                         net (fo=1, routed)           0.901     8.392    i_dmi_jtag/i_dmi_cdc/i_cdc_req/i_dst/data_dst_q_reg[data][31]_2[3]
    SLICE_X88Y79         FDCE                                         r  i_dmi_jtag/i_dmi_cdc/i_cdc_req/i_dst/data_dst_q_reg[data][3]/D
  -------------------------------------------------------------------    -------------------

                         (clock clk_out1_xlnx_clk_gen rise edge)
                                                     20.000    20.000 r  
    K17                                               0.000    20.000 r  clk_sys (IN)
                         net (fo=0)                   0.000    20.000    i_xlnx_clk_gen/inst/clk_in1
    K17                  IBUF (Prop_ibuf_I_O)         1.404    21.404 r  i_xlnx_clk_gen/inst/clkin1_ibufg/O
                         net (fo=1, routed)           1.162    22.566    i_xlnx_clk_gen/inst/clk_in1_xlnx_clk_gen
    MMCME2_ADV_X1Y2      MMCME2_ADV (Prop_mmcme2_adv_CLKIN1_CLKOUT0)
                                                     -7.814    14.752 r  i_xlnx_clk_gen/inst/mmcm_adv_inst/CLKOUT0
                         net (fo=1, routed)           2.012    16.764    i_xlnx_clk_gen/inst/clk_out1_xlnx_clk_gen
    BUFGCTRL_X0Y16       BUFG (Prop_bufg_I_O)         0.091    16.855 r  i_xlnx_clk_gen/inst/clkout1_buf/O
                         net (fo=15149, routed)       1.535    18.390    i_dmi_jtag/i_dmi_cdc/i_cdc_req/i_dst/clk_out1
    SLICE_X88Y79         FDCE                                         r  i_dmi_jtag/i_dmi_cdc/i_cdc_req/i_dst/data_dst_q_reg[data][3]/C
                         clock pessimism              0.000    18.390    
                         clock uncertainty           -0.603    17.787    
    SLICE_X88Y79         FDCE (Setup_fdce_C_D)       -0.061    17.726    i_dmi_jtag/i_dmi_cdc/i_cdc_req/i_dst/data_dst_q_reg[data][3]
  -------------------------------------------------------------------
                         required time                         17.726    
                         arrival time                          -8.392    
  -------------------------------------------------------------------
                         slack                                  9.333    

Slack (MET) :             9.402ns  (required time - arrival time)
  Source:                 i_dmi_jtag/i_dmi_cdc/i_cdc_req/i_src/data_src_q_reg[data][29]/C
                            (rising edge-triggered cell FDCE clocked by tck  {rise@0.000ns fall@50.000ns period=100.000ns})
  Destination:            i_dmi_jtag/i_dmi_cdc/i_cdc_req/i_dst/data_dst_q_reg[data][29]/D
                            (rising edge-triggered cell FDCE clocked by clk_out1_xlnx_clk_gen  {rise@0.000ns fall@10.000ns period=20.000ns})
  Path Group:             clk_out1_xlnx_clk_gen
  Path Type:              Setup (Max at Slow Process Corner)
  Requirement:            20.000ns  (clk_out1_xlnx_clk_gen rise@20.000ns - tck rise@0.000ns)
  Data Path Delay:        1.177ns  (logic 0.419ns (35.600%)  route 0.758ns (64.400%))
  Logic Levels:           0  
  Clock Path Skew:        -8.585ns (DCD - SCD + CPR)
    Destination Clock Delay (DCD):    -1.604ns = ( 18.396 - 20.000 ) 
    Source Clock Delay      (SCD):    6.980ns
    Clock Pessimism Removal (CPR):    0.000ns
  Clock Uncertainty:      0.603ns  ((TSJ^2 + TIJ^2 + DJ^2)^1/2) / 2 + PE
    Total System Jitter     (TSJ):    0.071ns
    Total Input Jitter      (TIJ):    1.000ns
    Discrete Jitter          (DJ):    0.142ns
    Phase Error              (PE):    0.097ns
  Clock Domain Crossing:  Inter clock paths are considered valid unless explicitly excluded by timing constraints such as set_clock_groups or set_false_path.

    Location             Delay type                Incr(ns)  Path(ns)    Netlist Resource(s)
  -------------------------------------------------------------------    -------------------
                         (clock tck rise edge)        0.000     0.000 r  
    H15                                               0.000     0.000 r  tck (IN)
                         net (fo=0)                   0.000     0.000    tck
    H15                  IBUF (Prop_ibuf_I_O)         1.500     1.500 r  tck_IBUF_inst/O
                         net (fo=1, routed)           3.659     5.159    tck_IBUF
    BUFGCTRL_X0Y0        BUFG (Prop_bufg_I_O)         0.101     5.260 r  tck_IBUF_BUFG_inst/O
                         net (fo=258, routed)         1.720     6.980    i_dmi_jtag/i_dmi_cdc/i_cdc_req/i_src/CLK
    SLICE_X89Y86         FDCE                                         r  i_dmi_jtag/i_dmi_cdc/i_cdc_req/i_src/data_src_q_reg[data][29]/C
  -------------------------------------------------------------------    -------------------
    SLICE_X89Y86         FDCE (Prop_fdce_C_Q)         0.419     7.399 r  i_dmi_jtag/i_dmi_cdc/i_cdc_req/i_src/data_src_q_reg[data][29]/Q
                         net (fo=1, routed)           0.758     8.157    i_dmi_jtag/i_dmi_cdc/i_cdc_req/i_dst/data_dst_q_reg[data][31]_2[29]
    SLICE_X87Y86         FDCE                                         r  i_dmi_jtag/i_dmi_cdc/i_cdc_req/i_dst/data_dst_q_reg[data][29]/D
  -------------------------------------------------------------------    -------------------

                         (clock clk_out1_xlnx_clk_gen rise edge)
                                                     20.000    20.000 r  
    K17                                               0.000    20.000 r  clk_sys (IN)
                         net (fo=0)                   0.000    20.000    i_xlnx_clk_gen/inst/clk_in1
    K17                  IBUF (Prop_ibuf_I_O)         1.404    21.404 r  i_xlnx_clk_gen/inst/clkin1_ibufg/O
                         net (fo=1, routed)           1.162    22.566    i_xlnx_clk_gen/inst/clk_in1_xlnx_clk_gen
    MMCME2_ADV_X1Y2      MMCME2_ADV (Prop_mmcme2_adv_CLKIN1_CLKOUT0)
                                                     -7.814    14.752 r  i_xlnx_clk_gen/inst/mmcm_adv_inst/CLKOUT0
                         net (fo=1, routed)           2.012    16.764    i_xlnx_clk_gen/inst/clk_out1_xlnx_clk_gen
    BUFGCTRL_X0Y16       BUFG (Prop_bufg_I_O)         0.091    16.855 r  i_xlnx_clk_gen/inst/clkout1_buf/O
                         net (fo=15149, routed)       1.541    18.396    i_dmi_jtag/i_dmi_cdc/i_cdc_req/i_dst/clk_out1
    SLICE_X87Y86         FDCE                                         r  i_dmi_jtag/i_dmi_cdc/i_cdc_req/i_dst/data_dst_q_reg[data][29]/C
                         clock pessimism              0.000    18.396    
                         clock uncertainty           -0.603    17.793    
    SLICE_X87Y86         FDCE (Setup_fdce_C_D)       -0.233    17.560    i_dmi_jtag/i_dmi_cdc/i_cdc_req/i_dst/data_dst_q_reg[data][29]
  -------------------------------------------------------------------
                         required time                         17.560    
                         arrival time                          -8.157    
  -------------------------------------------------------------------
                         slack                                  9.402    

Slack (MET) :             9.442ns  (required time - arrival time)
  Source:                 i_dmi_jtag/i_dmi_cdc/i_cdc_req/i_src/data_src_q_reg[data][23]/C
                            (rising edge-triggered cell FDCE clocked by tck  {rise@0.000ns fall@50.000ns period=100.000ns})
  Destination:            i_dmi_jtag/i_dmi_cdc/i_cdc_req/i_dst/data_dst_q_reg[data][23]/D
                            (rising edge-triggered cell FDCE clocked by clk_out1_xlnx_clk_gen  {rise@0.000ns fall@10.000ns period=20.000ns})
  Path Group:             clk_out1_xlnx_clk_gen
  Path Type:              Setup (Max at Slow Process Corner)
  Requirement:            20.000ns  (clk_out1_xlnx_clk_gen rise@20.000ns - tck rise@0.000ns)
  Data Path Delay:        1.279ns  (logic 0.518ns (40.486%)  route 0.761ns (59.514%))
  Logic Levels:           0  
  Clock Path Skew:        -8.645ns (DCD - SCD + CPR)
    Destination Clock Delay (DCD):    -1.604ns = ( 18.396 - 20.000 ) 
    Source Clock Delay      (SCD):    7.040ns
    Clock Pessimism Removal (CPR):    0.000ns
  Clock Uncertainty:      0.603ns  ((TSJ^2 + TIJ^2 + DJ^2)^1/2) / 2 + PE
    Total System Jitter     (TSJ):    0.071ns
    Total Input Jitter      (TIJ):    1.000ns
    Discrete Jitter          (DJ):    0.142ns
    Phase Error              (PE):    0.097ns
  Clock Domain Crossing:  Inter clock paths are considered valid unless explicitly excluded by timing constraints such as set_clock_groups or set_false_path.

    Location             Delay type                Incr(ns)  Path(ns)    Netlist Resource(s)
  -------------------------------------------------------------------    -------------------
                         (clock tck rise edge)        0.000     0.000 r  
    H15                                               0.000     0.000 r  tck (IN)
                         net (fo=0)                   0.000     0.000    tck
    H15                  IBUF (Prop_ibuf_I_O)         1.500     1.500 r  tck_IBUF_inst/O
                         net (fo=1, routed)           3.659     5.159    tck_IBUF
    BUFGCTRL_X0Y0        BUFG (Prop_bufg_I_O)         0.101     5.260 r  tck_IBUF_BUFG_inst/O
                         net (fo=258, routed)         1.780     7.040    i_dmi_jtag/i_dmi_cdc/i_cdc_req/i_src/CLK
    SLICE_X90Y87         FDCE                                         r  i_dmi_jtag/i_dmi_cdc/i_cdc_req/i_src/data_src_q_reg[data][23]/C
  -------------------------------------------------------------------    -------------------
    SLICE_X90Y87         FDCE (Prop_fdce_C_Q)         0.518     7.558 r  i_dmi_jtag/i_dmi_cdc/i_cdc_req/i_src/data_src_q_reg[data][23]/Q
                         net (fo=1, routed)           0.761     8.320    i_dmi_jtag/i_dmi_cdc/i_cdc_req/i_dst/data_dst_q_reg[data][31]_2[23]
    SLICE_X86Y86         FDCE                                         r  i_dmi_jtag/i_dmi_cdc/i_cdc_req/i_dst/data_dst_q_reg[data][23]/D
  -------------------------------------------------------------------    -------------------

                         (clock clk_out1_xlnx_clk_gen rise edge)
                                                     20.000    20.000 r  
    K17                                               0.000    20.000 r  clk_sys (IN)
                         net (fo=0)                   0.000    20.000    i_xlnx_clk_gen/inst/clk_in1
    K17                  IBUF (Prop_ibuf_I_O)         1.404    21.404 r  i_xlnx_clk_gen/inst/clkin1_ibufg/O
                         net (fo=1, routed)           1.162    22.566    i_xlnx_clk_gen/inst/clk_in1_xlnx_clk_gen
    MMCME2_ADV_X1Y2      MMCME2_ADV (Prop_mmcme2_adv_CLKIN1_CLKOUT0)
                                                     -7.814    14.752 r  i_xlnx_clk_gen/inst/mmcm_adv_inst/CLKOUT0
                         net (fo=1, routed)           2.012    16.764    i_xlnx_clk_gen/inst/clk_out1_xlnx_clk_gen
    BUFGCTRL_X0Y16       BUFG (Prop_bufg_I_O)         0.091    16.855 r  i_xlnx_clk_gen/inst/clkout1_buf/O
                         net (fo=15149, routed)       1.541    18.396    i_dmi_jtag/i_dmi_cdc/i_cdc_req/i_dst/clk_out1
    SLICE_X86Y86         FDCE                                         r  i_dmi_jtag/i_dmi_cdc/i_cdc_req/i_dst/data_dst_q_reg[data][23]/C
                         clock pessimism              0.000    18.396    
                         clock uncertainty           -0.603    17.793    
    SLICE_X86Y86         FDCE (Setup_fdce_C_D)       -0.031    17.762    i_dmi_jtag/i_dmi_cdc/i_cdc_req/i_dst/data_dst_q_reg[data][23]
  -------------------------------------------------------------------
                         required time                         17.762    
                         arrival time                          -8.320    
  -------------------------------------------------------------------
                         slack                                  9.442    

Slack (MET) :             9.447ns  (required time - arrival time)
  Source:                 i_dmi_jtag/i_dmi_cdc/i_cdc_req/i_src/data_src_q_reg[addr][4]/C
                            (rising edge-triggered cell FDCE clocked by tck  {rise@0.000ns fall@50.000ns period=100.000ns})
  Destination:            i_dmi_jtag/i_dmi_cdc/i_cdc_req/i_dst/data_dst_q_reg[addr][4]/D
                            (rising edge-triggered cell FDCE clocked by clk_out1_xlnx_clk_gen  {rise@0.000ns fall@10.000ns period=20.000ns})
  Path Group:             clk_out1_xlnx_clk_gen
  Path Type:              Setup (Max at Slow Process Corner)
  Requirement:            20.000ns  (clk_out1_xlnx_clk_gen rise@20.000ns - tck rise@0.000ns)
  Data Path Delay:        1.118ns  (logic 0.478ns (42.752%)  route 0.640ns (57.248%))
  Logic Levels:           0  
  Clock Path Skew:        -8.588ns (DCD - SCD + CPR)
    Destination Clock Delay (DCD):    -1.542ns = ( 18.458 - 20.000 ) 
    Source Clock Delay      (SCD):    7.045ns
    Clock Pessimism Removal (CPR):    0.000ns
  Clock Uncertainty:      0.603ns  ((TSJ^2 + TIJ^2 + DJ^2)^1/2) / 2 + PE
    Total System Jitter     (TSJ):    0.071ns
    Total Input Jitter      (TIJ):    1.000ns
    Discrete Jitter          (DJ):    0.142ns
    Phase Error              (PE):    0.097ns
  Clock Domain Crossing:  Inter clock paths are considered valid unless explicitly excluded by timing constraints such as set_clock_groups or set_false_path.

    Location             Delay type                Incr(ns)  Path(ns)    Netlist Resource(s)
  -------------------------------------------------------------------    -------------------
                         (clock tck rise edge)        0.000     0.000 r  
    H15                                               0.000     0.000 r  tck (IN)
                         net (fo=0)                   0.000     0.000    tck
    H15                  IBUF (Prop_ibuf_I_O)         1.500     1.500 r  tck_IBUF_inst/O
                         net (fo=1, routed)           3.659     5.159    tck_IBUF
    BUFGCTRL_X0Y0        BUFG (Prop_bufg_I_O)         0.101     5.260 r  tck_IBUF_BUFG_inst/O
                         net (fo=258, routed)         1.785     7.045    i_dmi_jtag/i_dmi_cdc/i_cdc_req/i_src/CLK
    SLICE_X98Y88         FDCE                                         r  i_dmi_jtag/i_dmi_cdc/i_cdc_req/i_src/data_src_q_reg[addr][4]/C
  -------------------------------------------------------------------    -------------------
    SLICE_X98Y88         FDCE (Prop_fdce_C_Q)         0.478     7.523 r  i_dmi_jtag/i_dmi_cdc/i_cdc_req/i_src/data_src_q_reg[addr][4]/Q
                         net (fo=1, routed)           0.640     8.164    i_dmi_jtag/i_dmi_cdc/i_cdc_req/i_dst/data_dst_q_reg[addr][6]_1[4]
    SLICE_X97Y86         FDCE                                         r  i_dmi_jtag/i_dmi_cdc/i_cdc_req/i_dst/data_dst_q_reg[addr][4]/D
  -------------------------------------------------------------------    -------------------

                         (clock clk_out1_xlnx_clk_gen rise edge)
                                                     20.000    20.000 r  
    K17                                               0.000    20.000 r  clk_sys (IN)
                         net (fo=0)                   0.000    20.000    i_xlnx_clk_gen/inst/clk_in1
    K17                  IBUF (Prop_ibuf_I_O)         1.404    21.404 r  i_xlnx_clk_gen/inst/clkin1_ibufg/O
                         net (fo=1, routed)           1.162    22.566    i_xlnx_clk_gen/inst/clk_in1_xlnx_clk_gen
    MMCME2_ADV_X1Y2      MMCME2_ADV (Prop_mmcme2_adv_CLKIN1_CLKOUT0)
                                                     -7.814    14.752 r  i_xlnx_clk_gen/inst/mmcm_adv_inst/CLKOUT0
                         net (fo=1, routed)           2.012    16.764    i_xlnx_clk_gen/inst/clk_out1_xlnx_clk_gen
    BUFGCTRL_X0Y16       BUFG (Prop_bufg_I_O)         0.091    16.855 r  i_xlnx_clk_gen/inst/clkout1_buf/O
                         net (fo=15149, routed)       1.603    18.458    i_dmi_jtag/i_dmi_cdc/i_cdc_req/i_dst/clk_out1
    SLICE_X97Y86         FDCE                                         r  i_dmi_jtag/i_dmi_cdc/i_cdc_req/i_dst/data_dst_q_reg[addr][4]/C
                         clock pessimism              0.000    18.458    
                         clock uncertainty           -0.603    17.855    
    SLICE_X97Y86         FDCE (Setup_fdce_C_D)       -0.244    17.611    i_dmi_jtag/i_dmi_cdc/i_cdc_req/i_dst/data_dst_q_reg[addr][4]
  -------------------------------------------------------------------
                         required time                         17.611    
                         arrival time                          -8.164    
  -------------------------------------------------------------------
                         slack                                  9.447    

Slack (MET) :             9.473ns  (required time - arrival time)
  Source:                 i_dmi_jtag/i_dmi_cdc/i_cdc_req/i_src/data_src_q_reg[data][26]/C
                            (rising edge-triggered cell FDCE clocked by tck  {rise@0.000ns fall@50.000ns period=100.000ns})
  Destination:            i_dmi_jtag/i_dmi_cdc/i_cdc_req/i_dst/data_dst_q_reg[data][26]/D
                            (rising edge-triggered cell FDCE clocked by clk_out1_xlnx_clk_gen  {rise@0.000ns fall@10.000ns period=20.000ns})
  Path Group:             clk_out1_xlnx_clk_gen
  Path Type:              Setup (Max at Slow Process Corner)
  Requirement:            20.000ns  (clk_out1_xlnx_clk_gen rise@20.000ns - tck rise@0.000ns)
  Data Path Delay:        1.218ns  (logic 0.518ns (42.529%)  route 0.700ns (57.471%))
  Logic Levels:           0  
  Clock Path Skew:        -8.645ns (DCD - SCD + CPR)
    Destination Clock Delay (DCD):    -1.604ns = ( 18.396 - 20.000 ) 
    Source Clock Delay      (SCD):    7.040ns
    Clock Pessimism Removal (CPR):    0.000ns
  Clock Uncertainty:      0.603ns  ((TSJ^2 + TIJ^2 + DJ^2)^1/2) / 2 + PE
    Total System Jitter     (TSJ):    0.071ns
    Total Input Jitter      (TIJ):    1.000ns
    Discrete Jitter          (DJ):    0.142ns
    Phase Error              (PE):    0.097ns
  Clock Domain Crossing:  Inter clock paths are considered valid unless explicitly excluded by timing constraints such as set_clock_groups or set_false_path.

    Location             Delay type                Incr(ns)  Path(ns)    Netlist Resource(s)
  -------------------------------------------------------------------    -------------------
                         (clock tck rise edge)        0.000     0.000 r  
    H15                                               0.000     0.000 r  tck (IN)
                         net (fo=0)                   0.000     0.000    tck
    H15                  IBUF (Prop_ibuf_I_O)         1.500     1.500 r  tck_IBUF_inst/O
                         net (fo=1, routed)           3.659     5.159    tck_IBUF
    BUFGCTRL_X0Y0        BUFG (Prop_bufg_I_O)         0.101     5.260 r  tck_IBUF_BUFG_inst/O
                         net (fo=258, routed)         1.780     7.040    i_dmi_jtag/i_dmi_cdc/i_cdc_req/i_src/CLK
    SLICE_X90Y87         FDCE                                         r  i_dmi_jtag/i_dmi_cdc/i_cdc_req/i_src/data_src_q_reg[data][26]/C
  -------------------------------------------------------------------    -------------------
    SLICE_X90Y87         FDCE (Prop_fdce_C_Q)         0.518     7.558 r  i_dmi_jtag/i_dmi_cdc/i_cdc_req/i_src/data_src_q_reg[data][26]/Q
                         net (fo=1, routed)           0.700     8.258    i_dmi_jtag/i_dmi_cdc/i_cdc_req/i_dst/data_dst_q_reg[data][31]_2[26]
    SLICE_X87Y86         FDCE                                         r  i_dmi_jtag/i_dmi_cdc/i_cdc_req/i_dst/data_dst_q_reg[data][26]/D
  -------------------------------------------------------------------    -------------------

                         (clock clk_out1_xlnx_clk_gen rise edge)
                                                     20.000    20.000 r  
    K17                                               0.000    20.000 r  clk_sys (IN)
                         net (fo=0)                   0.000    20.000    i_xlnx_clk_gen/inst/clk_in1
    K17                  IBUF (Prop_ibuf_I_O)         1.404    21.404 r  i_xlnx_clk_gen/inst/clkin1_ibufg/O
                         net (fo=1, routed)           1.162    22.566    i_xlnx_clk_gen/inst/clk_in1_xlnx_clk_gen
    MMCME2_ADV_X1Y2      MMCME2_ADV (Prop_mmcme2_adv_CLKIN1_CLKOUT0)
                                                     -7.814    14.752 r  i_xlnx_clk_gen/inst/mmcm_adv_inst/CLKOUT0
                         net (fo=1, routed)           2.012    16.764    i_xlnx_clk_gen/inst/clk_out1_xlnx_clk_gen
    BUFGCTRL_X0Y16       BUFG (Prop_bufg_I_O)         0.091    16.855 r  i_xlnx_clk_gen/inst/clkout1_buf/O
                         net (fo=15149, routed)       1.541    18.396    i_dmi_jtag/i_dmi_cdc/i_cdc_req/i_dst/clk_out1
    SLICE_X87Y86         FDCE                                         r  i_dmi_jtag/i_dmi_cdc/i_cdc_req/i_dst/data_dst_q_reg[data][26]/C
                         clock pessimism              0.000    18.396    
                         clock uncertainty           -0.603    17.793    
    SLICE_X87Y86         FDCE (Setup_fdce_C_D)       -0.061    17.732    i_dmi_jtag/i_dmi_cdc/i_cdc_req/i_dst/data_dst_q_reg[data][26]
  -------------------------------------------------------------------
                         required time                         17.732    
                         arrival time                          -8.258    
  -------------------------------------------------------------------
                         slack                                  9.473    

Slack (MET) :             9.477ns  (required time - arrival time)
  Source:                 i_dmi_jtag/i_dmi_cdc/i_cdc_req/i_src/data_src_q_reg[data][9]/C
                            (rising edge-triggered cell FDCE clocked by tck  {rise@0.000ns fall@50.000ns period=100.000ns})
  Destination:            i_dmi_jtag/i_dmi_cdc/i_cdc_req/i_dst/data_dst_q_reg[data][9]/D
                            (rising edge-triggered cell FDCE clocked by clk_out1_xlnx_clk_gen  {rise@0.000ns fall@10.000ns period=20.000ns})
  Path Group:             clk_out1_xlnx_clk_gen
  Path Type:              Setup (Max at Slow Process Corner)
  Requirement:            20.000ns  (clk_out1_xlnx_clk_gen rise@20.000ns - tck rise@0.000ns)
  Data Path Delay:        1.132ns  (logic 0.419ns (37.014%)  route 0.713ns (62.986%))
  Logic Levels:           0  
  Clock Path Skew:        -8.586ns (DCD - SCD + CPR)
    Destination Clock Delay (DCD):    -1.548ns = ( 18.452 - 20.000 ) 
    Source Clock Delay      (SCD):    7.037ns
    Clock Pessimism Removal (CPR):    0.000ns
  Clock Uncertainty:      0.603ns  ((TSJ^2 + TIJ^2 + DJ^2)^1/2) / 2 + PE
    Total System Jitter     (TSJ):    0.071ns
    Total Input Jitter      (TIJ):    1.000ns
    Discrete Jitter          (DJ):    0.142ns
    Phase Error              (PE):    0.097ns
  Clock Domain Crossing:  Inter clock paths are considered valid unless explicitly excluded by timing constraints such as set_clock_groups or set_false_path.

    Location             Delay type                Incr(ns)  Path(ns)    Netlist Resource(s)
  -------------------------------------------------------------------    -------------------
                         (clock tck rise edge)        0.000     0.000 r  
    H15                                               0.000     0.000 r  tck (IN)
                         net (fo=0)                   0.000     0.000    tck
    H15                  IBUF (Prop_ibuf_I_O)         1.500     1.500 r  tck_IBUF_inst/O
                         net (fo=1, routed)           3.659     5.159    tck_IBUF
    BUFGCTRL_X0Y0        BUFG (Prop_bufg_I_O)         0.101     5.260 r  tck_IBUF_BUFG_inst/O
                         net (fo=258, routed)         1.777     7.037    i_dmi_jtag/i_dmi_cdc/i_cdc_req/i_src/CLK
    SLICE_X101Y81        FDCE                                         r  i_dmi_jtag/i_dmi_cdc/i_cdc_req/i_src/data_src_q_reg[data][9]/C
  -------------------------------------------------------------------    -------------------
    SLICE_X101Y81        FDCE (Prop_fdce_C_Q)         0.419     7.456 r  i_dmi_jtag/i_dmi_cdc/i_cdc_req/i_src/data_src_q_reg[data][9]/Q
                         net (fo=1, routed)           0.713     8.169    i_dmi_jtag/i_dmi_cdc/i_cdc_req/i_dst/data_dst_q_reg[data][31]_2[9]
    SLICE_X100Y80        FDCE                                         r  i_dmi_jtag/i_dmi_cdc/i_cdc_req/i_dst/data_dst_q_reg[data][9]/D
  -------------------------------------------------------------------    -------------------

                         (clock clk_out1_xlnx_clk_gen rise edge)
                                                     20.000    20.000 r  
    K17                                               0.000    20.000 r  clk_sys (IN)
                         net (fo=0)                   0.000    20.000    i_xlnx_clk_gen/inst/clk_in1
    K17                  IBUF (Prop_ibuf_I_O)         1.404    21.404 r  i_xlnx_clk_gen/inst/clkin1_ibufg/O
                         net (fo=1, routed)           1.162    22.566    i_xlnx_clk_gen/inst/clk_in1_xlnx_clk_gen
    MMCME2_ADV_X1Y2      MMCME2_ADV (Prop_mmcme2_adv_CLKIN1_CLKOUT0)
                                                     -7.814    14.752 r  i_xlnx_clk_gen/inst/mmcm_adv_inst/CLKOUT0
                         net (fo=1, routed)           2.012    16.764    i_xlnx_clk_gen/inst/clk_out1_xlnx_clk_gen
    BUFGCTRL_X0Y16       BUFG (Prop_bufg_I_O)         0.091    16.855 r  i_xlnx_clk_gen/inst/clkout1_buf/O
                         net (fo=15149, routed)       1.597    18.452    i_dmi_jtag/i_dmi_cdc/i_cdc_req/i_dst/clk_out1
    SLICE_X100Y80        FDCE                                         r  i_dmi_jtag/i_dmi_cdc/i_cdc_req/i_dst/data_dst_q_reg[data][9]/C
                         clock pessimism              0.000    18.452    
                         clock uncertainty           -0.603    17.849    
    SLICE_X100Y80        FDCE (Setup_fdce_C_D)       -0.202    17.647    i_dmi_jtag/i_dmi_cdc/i_cdc_req/i_dst/data_dst_q_reg[data][9]
  -------------------------------------------------------------------
                         required time                         17.647    
                         arrival time                          -8.169    
  -------------------------------------------------------------------
                         slack                                  9.477    

Slack (MET) :             9.488ns  (required time - arrival time)
  Source:                 i_dmi_jtag/i_dmi_cdc/i_cdc_req/i_src/data_src_q_reg[data][0]/C
                            (rising edge-triggered cell FDCE clocked by tck  {rise@0.000ns fall@50.000ns period=100.000ns})
  Destination:            i_dmi_jtag/i_dmi_cdc/i_cdc_req/i_dst/data_dst_q_reg[data][0]/D
                            (rising edge-triggered cell FDCE clocked by clk_out1_xlnx_clk_gen  {rise@0.000ns fall@10.000ns period=20.000ns})
  Path Group:             clk_out1_xlnx_clk_gen
  Path Type:              Setup (Max at Slow Process Corner)
  Requirement:            20.000ns  (clk_out1_xlnx_clk_gen rise@20.000ns - tck rise@0.000ns)
  Data Path Delay:        1.270ns  (logic 0.456ns (35.894%)  route 0.814ns (64.106%))
  Logic Levels:           0  
  Clock Path Skew:        -8.585ns (DCD - SCD + CPR)
    Destination Clock Delay (DCD):    -1.547ns = ( 18.453 - 20.000 ) 
    Source Clock Delay      (SCD):    7.037ns
    Clock Pessimism Removal (CPR):    0.000ns
  Clock Uncertainty:      0.603ns  ((TSJ^2 + TIJ^2 + DJ^2)^1/2) / 2 + PE
    Total System Jitter     (TSJ):    0.071ns
    Total Input Jitter      (TIJ):    1.000ns
    Discrete Jitter          (DJ):    0.142ns
    Phase Error              (PE):    0.097ns
  Clock Domain Crossing:  Inter clock paths are considered valid unless explicitly excluded by timing constraints such as set_clock_groups or set_false_path.

    Location             Delay type                Incr(ns)  Path(ns)    Netlist Resource(s)
  -------------------------------------------------------------------    -------------------
                         (clock tck rise edge)        0.000     0.000 r  
    H15                                               0.000     0.000 r  tck (IN)
                         net (fo=0)                   0.000     0.000    tck
    H15                  IBUF (Prop_ibuf_I_O)         1.500     1.500 r  tck_IBUF_inst/O
                         net (fo=1, routed)           3.659     5.159    tck_IBUF
    BUFGCTRL_X0Y0        BUFG (Prop_bufg_I_O)         0.101     5.260 r  tck_IBUF_BUFG_inst/O
                         net (fo=258, routed)         1.777     7.037    i_dmi_jtag/i_dmi_cdc/i_cdc_req/i_src/CLK
    SLICE_X101Y81        FDCE                                         r  i_dmi_jtag/i_dmi_cdc/i_cdc_req/i_src/data_src_q_reg[data][0]/C
  -------------------------------------------------------------------    -------------------
    SLICE_X101Y81        FDCE (Prop_fdce_C_Q)         0.456     7.493 r  i_dmi_jtag/i_dmi_cdc/i_cdc_req/i_src/data_src_q_reg[data][0]/Q
                         net (fo=1, routed)           0.814     8.308    i_dmi_jtag/i_dmi_cdc/i_cdc_req/i_dst/data_dst_q_reg[data][31]_2[0]
    SLICE_X96Y81         FDCE                                         r  i_dmi_jtag/i_dmi_cdc/i_cdc_req/i_dst/data_dst_q_reg[data][0]/D
  -------------------------------------------------------------------    -------------------

                         (clock clk_out1_xlnx_clk_gen rise edge)
                                                     20.000    20.000 r  
    K17                                               0.000    20.000 r  clk_sys (IN)
                         net (fo=0)                   0.000    20.000    i_xlnx_clk_gen/inst/clk_in1
    K17                  IBUF (Prop_ibuf_I_O)         1.404    21.404 r  i_xlnx_clk_gen/inst/clkin1_ibufg/O
                         net (fo=1, routed)           1.162    22.566    i_xlnx_clk_gen/inst/clk_in1_xlnx_clk_gen
    MMCME2_ADV_X1Y2      MMCME2_ADV (Prop_mmcme2_adv_CLKIN1_CLKOUT0)
                                                     -7.814    14.752 r  i_xlnx_clk_gen/inst/mmcm_adv_inst/CLKOUT0
                         net (fo=1, routed)           2.012    16.764    i_xlnx_clk_gen/inst/clk_out1_xlnx_clk_gen
    BUFGCTRL_X0Y16       BUFG (Prop_bufg_I_O)         0.091    16.855 r  i_xlnx_clk_gen/inst/clkout1_buf/O
                         net (fo=15149, routed)       1.598    18.453    i_dmi_jtag/i_dmi_cdc/i_cdc_req/i_dst/clk_out1
    SLICE_X96Y81         FDCE                                         r  i_dmi_jtag/i_dmi_cdc/i_cdc_req/i_dst/data_dst_q_reg[data][0]/C
                         clock pessimism              0.000    18.453    
                         clock uncertainty           -0.603    17.850    
    SLICE_X96Y81         FDCE (Setup_fdce_C_D)       -0.054    17.796    i_dmi_jtag/i_dmi_cdc/i_cdc_req/i_dst/data_dst_q_reg[data][0]
  -------------------------------------------------------------------
                         required time                         17.796    
                         arrival time                          -8.308    
  -------------------------------------------------------------------
                         slack                                  9.488    

Slack (MET) :             9.493ns  (required time - arrival time)
  Source:                 i_dmi_jtag/i_dmi_cdc/i_cdc_req/i_src/data_src_q_reg[data][31]/C
                            (rising edge-triggered cell FDCE clocked by tck  {rise@0.000ns fall@50.000ns period=100.000ns})
  Destination:            i_dmi_jtag/i_dmi_cdc/i_cdc_req/i_dst/data_dst_q_reg[data][31]/D
                            (rising edge-triggered cell FDCE clocked by clk_out1_xlnx_clk_gen  {rise@0.000ns fall@10.000ns period=20.000ns})
  Path Group:             clk_out1_xlnx_clk_gen
  Path Type:              Setup (Max at Slow Process Corner)
  Requirement:            20.000ns  (clk_out1_xlnx_clk_gen rise@20.000ns - tck rise@0.000ns)
  Data Path Delay:        1.054ns  (logic 0.478ns (45.335%)  route 0.576ns (54.665%))
  Logic Levels:           0  
  Clock Path Skew:        -8.645ns (DCD - SCD + CPR)
    Destination Clock Delay (DCD):    -1.604ns = ( 18.396 - 20.000 ) 
    Source Clock Delay      (SCD):    7.040ns
    Clock Pessimism Removal (CPR):    0.000ns
  Clock Uncertainty:      0.603ns  ((TSJ^2 + TIJ^2 + DJ^2)^1/2) / 2 + PE
    Total System Jitter     (TSJ):    0.071ns
    Total Input Jitter      (TIJ):    1.000ns
    Discrete Jitter          (DJ):    0.142ns
    Phase Error              (PE):    0.097ns
  Clock Domain Crossing:  Inter clock paths are considered valid unless explicitly excluded by timing constraints such as set_clock_groups or set_false_path.

    Location             Delay type                Incr(ns)  Path(ns)    Netlist Resource(s)
  -------------------------------------------------------------------    -------------------
                         (clock tck rise edge)        0.000     0.000 r  
    H15                                               0.000     0.000 r  tck (IN)
                         net (fo=0)                   0.000     0.000    tck
    H15                  IBUF (Prop_ibuf_I_O)         1.500     1.500 r  tck_IBUF_inst/O
                         net (fo=1, routed)           3.659     5.159    tck_IBUF
    BUFGCTRL_X0Y0        BUFG (Prop_bufg_I_O)         0.101     5.260 r  tck_IBUF_BUFG_inst/O
                         net (fo=258, routed)         1.780     7.040    i_dmi_jtag/i_dmi_cdc/i_cdc_req/i_src/CLK
    SLICE_X90Y87         FDCE                                         r  i_dmi_jtag/i_dmi_cdc/i_cdc_req/i_src/data_src_q_reg[data][31]/C
  -------------------------------------------------------------------    -------------------
    SLICE_X90Y87         FDCE (Prop_fdce_C_Q)         0.478     7.518 r  i_dmi_jtag/i_dmi_cdc/i_cdc_req/i_src/data_src_q_reg[data][31]/Q
                         net (fo=1, routed)           0.576     8.095    i_dmi_jtag/i_dmi_cdc/i_cdc_req/i_dst/data_dst_q_reg[data][31]_2[31]
    SLICE_X86Y86         FDCE                                         r  i_dmi_jtag/i_dmi_cdc/i_cdc_req/i_dst/data_dst_q_reg[data][31]/D
  -------------------------------------------------------------------    -------------------

                         (clock clk_out1_xlnx_clk_gen rise edge)
                                                     20.000    20.000 r  
    K17                                               0.000    20.000 r  clk_sys (IN)
                         net (fo=0)                   0.000    20.000    i_xlnx_clk_gen/inst/clk_in1
    K17                  IBUF (Prop_ibuf_I_O)         1.404    21.404 r  i_xlnx_clk_gen/inst/clkin1_ibufg/O
                         net (fo=1, routed)           1.162    22.566    i_xlnx_clk_gen/inst/clk_in1_xlnx_clk_gen
    MMCME2_ADV_X1Y2      MMCME2_ADV (Prop_mmcme2_adv_CLKIN1_CLKOUT0)
                                                     -7.814    14.752 r  i_xlnx_clk_gen/inst/mmcm_adv_inst/CLKOUT0
                         net (fo=1, routed)           2.012    16.764    i_xlnx_clk_gen/inst/clk_out1_xlnx_clk_gen
    BUFGCTRL_X0Y16       BUFG (Prop_bufg_I_O)         0.091    16.855 r  i_xlnx_clk_gen/inst/clkout1_buf/O
                         net (fo=15149, routed)       1.541    18.396    i_dmi_jtag/i_dmi_cdc/i_cdc_req/i_dst/clk_out1
    SLICE_X86Y86         FDCE                                         r  i_dmi_jtag/i_dmi_cdc/i_cdc_req/i_dst/data_dst_q_reg[data][31]/C
                         clock pessimism              0.000    18.396    
                         clock uncertainty           -0.603    17.793    
    SLICE_X86Y86         FDCE (Setup_fdce_C_D)       -0.205    17.588    i_dmi_jtag/i_dmi_cdc/i_cdc_req/i_dst/data_dst_q_reg[data][31]
  -------------------------------------------------------------------
                         required time                         17.588    
                         arrival time                          -8.095    
  -------------------------------------------------------------------
                         slack                                  9.493    

Slack (MET) :             9.497ns  (required time - arrival time)
  Source:                 i_dmi_jtag/i_dmi_cdc/i_cdc_req/i_src/data_src_q_reg[data][15]/C
                            (rising edge-triggered cell FDCE clocked by tck  {rise@0.000ns fall@50.000ns period=100.000ns})
  Destination:            i_dmi_jtag/i_dmi_cdc/i_cdc_req/i_dst/data_dst_q_reg[data][15]/D
                            (rising edge-triggered cell FDCE clocked by clk_out1_xlnx_clk_gen  {rise@0.000ns fall@10.000ns period=20.000ns})
  Path Group:             clk_out1_xlnx_clk_gen
  Path Type:              Setup (Max at Slow Process Corner)
  Requirement:            20.000ns  (clk_out1_xlnx_clk_gen rise@20.000ns - tck rise@0.000ns)
  Data Path Delay:        1.187ns  (logic 0.456ns (38.418%)  route 0.731ns (61.582%))
  Logic Levels:           0  
  Clock Path Skew:        -8.646ns (DCD - SCD + CPR)
    Destination Clock Delay (DCD):    -1.610ns = ( 18.390 - 20.000 ) 
    Source Clock Delay      (SCD):    7.035ns
    Clock Pessimism Removal (CPR):    0.000ns
  Clock Uncertainty:      0.603ns  ((TSJ^2 + TIJ^2 + DJ^2)^1/2) / 2 + PE
    Total System Jitter     (TSJ):    0.071ns
    Total Input Jitter      (TIJ):    1.000ns
    Discrete Jitter          (DJ):    0.142ns
    Phase Error              (PE):    0.097ns
  Clock Domain Crossing:  Inter clock paths are considered valid unless explicitly excluded by timing constraints such as set_clock_groups or set_false_path.

    Location             Delay type                Incr(ns)  Path(ns)    Netlist Resource(s)
  -------------------------------------------------------------------    -------------------
                         (clock tck rise edge)        0.000     0.000 r  
    H15                                               0.000     0.000 r  tck (IN)
                         net (fo=0)                   0.000     0.000    tck
    H15                  IBUF (Prop_ibuf_I_O)         1.500     1.500 r  tck_IBUF_inst/O
                         net (fo=1, routed)           3.659     5.159    tck_IBUF
    BUFGCTRL_X0Y0        BUFG (Prop_bufg_I_O)         0.101     5.260 r  tck_IBUF_BUFG_inst/O
                         net (fo=258, routed)         1.775     7.035    i_dmi_jtag/i_dmi_cdc/i_cdc_req/i_src/CLK
    SLICE_X93Y81         FDCE                                         r  i_dmi_jtag/i_dmi_cdc/i_cdc_req/i_src/data_src_q_reg[data][15]/C
  -------------------------------------------------------------------    -------------------
    SLICE_X93Y81         FDCE (Prop_fdce_C_Q)         0.456     7.491 r  i_dmi_jtag/i_dmi_cdc/i_cdc_req/i_src/data_src_q_reg[data][15]/Q
                         net (fo=1, routed)           0.731     8.222    i_dmi_jtag/i_dmi_cdc/i_cdc_req/i_dst/data_dst_q_reg[data][31]_2[15]
    SLICE_X88Y79         FDCE                                         r  i_dmi_jtag/i_dmi_cdc/i_cdc_req/i_dst/data_dst_q_reg[data][15]/D
  -------------------------------------------------------------------    -------------------

                         (clock clk_out1_xlnx_clk_gen rise edge)
                                                     20.000    20.000 r  
    K17                                               0.000    20.000 r  clk_sys (IN)
                         net (fo=0)                   0.000    20.000    i_xlnx_clk_gen/inst/clk_in1
    K17                  IBUF (Prop_ibuf_I_O)         1.404    21.404 r  i_xlnx_clk_gen/inst/clkin1_ibufg/O
                         net (fo=1, routed)           1.162    22.566    i_xlnx_clk_gen/inst/clk_in1_xlnx_clk_gen
    MMCME2_ADV_X1Y2      MMCME2_ADV (Prop_mmcme2_adv_CLKIN1_CLKOUT0)
                                                     -7.814    14.752 r  i_xlnx_clk_gen/inst/mmcm_adv_inst/CLKOUT0
                         net (fo=1, routed)           2.012    16.764    i_xlnx_clk_gen/inst/clk_out1_xlnx_clk_gen
    BUFGCTRL_X0Y16       BUFG (Prop_bufg_I_O)         0.091    16.855 r  i_xlnx_clk_gen/inst/clkout1_buf/O
                         net (fo=15149, routed)       1.535    18.390    i_dmi_jtag/i_dmi_cdc/i_cdc_req/i_dst/clk_out1
    SLICE_X88Y79         FDCE                                         r  i_dmi_jtag/i_dmi_cdc/i_cdc_req/i_dst/data_dst_q_reg[data][15]/C
                         clock pessimism              0.000    18.390    
                         clock uncertainty           -0.603    17.787    
    SLICE_X88Y79         FDCE (Setup_fdce_C_D)       -0.067    17.720    i_dmi_jtag/i_dmi_cdc/i_cdc_req/i_dst/data_dst_q_reg[data][15]
  -------------------------------------------------------------------
                         required time                         17.720    
                         arrival time                          -8.222    
  -------------------------------------------------------------------
                         slack                                  9.497    

Slack (MET) :             9.502ns  (required time - arrival time)
  Source:                 i_dmi_jtag/i_dmi_cdc/i_cdc_req/i_src/data_src_q_reg[data][30]/C
                            (rising edge-triggered cell FDCE clocked by tck  {rise@0.000ns fall@50.000ns period=100.000ns})
  Destination:            i_dmi_jtag/i_dmi_cdc/i_cdc_req/i_dst/data_dst_q_reg[data][30]/D
                            (rising edge-triggered cell FDCE clocked by clk_out1_xlnx_clk_gen  {rise@0.000ns fall@10.000ns period=20.000ns})
  Path Group:             clk_out1_xlnx_clk_gen
  Path Type:              Setup (Max at Slow Process Corner)
  Requirement:            20.000ns  (clk_out1_xlnx_clk_gen rise@20.000ns - tck rise@0.000ns)
  Data Path Delay:        1.033ns  (logic 0.478ns (46.280%)  route 0.555ns (53.720%))
  Logic Levels:           0  
  Clock Path Skew:        -8.644ns (DCD - SCD + CPR)
    Destination Clock Delay (DCD):    -1.603ns = ( 18.397 - 20.000 ) 
    Source Clock Delay      (SCD):    7.040ns
    Clock Pessimism Removal (CPR):    0.000ns
  Clock Uncertainty:      0.603ns  ((TSJ^2 + TIJ^2 + DJ^2)^1/2) / 2 + PE
    Total System Jitter     (TSJ):    0.071ns
    Total Input Jitter      (TIJ):    1.000ns
    Discrete Jitter          (DJ):    0.142ns
    Phase Error              (PE):    0.097ns
  Clock Domain Crossing:  Inter clock paths are considered valid unless explicitly excluded by timing constraints such as set_clock_groups or set_false_path.

    Location             Delay type                Incr(ns)  Path(ns)    Netlist Resource(s)
  -------------------------------------------------------------------    -------------------
                         (clock tck rise edge)        0.000     0.000 r  
    H15                                               0.000     0.000 r  tck (IN)
                         net (fo=0)                   0.000     0.000    tck
    H15                  IBUF (Prop_ibuf_I_O)         1.500     1.500 r  tck_IBUF_inst/O
                         net (fo=1, routed)           3.659     5.159    tck_IBUF
    BUFGCTRL_X0Y0        BUFG (Prop_bufg_I_O)         0.101     5.260 r  tck_IBUF_BUFG_inst/O
                         net (fo=258, routed)         1.780     7.040    i_dmi_jtag/i_dmi_cdc/i_cdc_req/i_src/CLK
    SLICE_X90Y87         FDCE                                         r  i_dmi_jtag/i_dmi_cdc/i_cdc_req/i_src/data_src_q_reg[data][30]/C
  -------------------------------------------------------------------    -------------------
    SLICE_X90Y87         FDCE (Prop_fdce_C_Q)         0.478     7.518 r  i_dmi_jtag/i_dmi_cdc/i_cdc_req/i_src/data_src_q_reg[data][30]/Q
                         net (fo=1, routed)           0.555     8.073    i_dmi_jtag/i_dmi_cdc/i_cdc_req/i_dst/data_dst_q_reg[data][31]_2[30]
    SLICE_X89Y87         FDCE                                         r  i_dmi_jtag/i_dmi_cdc/i_cdc_req/i_dst/data_dst_q_reg[data][30]/D
  -------------------------------------------------------------------    -------------------

                         (clock clk_out1_xlnx_clk_gen rise edge)
                                                     20.000    20.000 r  
    K17                                               0.000    20.000 r  clk_sys (IN)
                         net (fo=0)                   0.000    20.000    i_xlnx_clk_gen/inst/clk_in1
    K17                  IBUF (Prop_ibuf_I_O)         1.404    21.404 r  i_xlnx_clk_gen/inst/clkin1_ibufg/O
                         net (fo=1, routed)           1.162    22.566    i_xlnx_clk_gen/inst/clk_in1_xlnx_clk_gen
    MMCME2_ADV_X1Y2      MMCME2_ADV (Prop_mmcme2_adv_CLKIN1_CLKOUT0)
                                                     -7.814    14.752 r  i_xlnx_clk_gen/inst/mmcm_adv_inst/CLKOUT0
                         net (fo=1, routed)           2.012    16.764    i_xlnx_clk_gen/inst/clk_out1_xlnx_clk_gen
    BUFGCTRL_X0Y16       BUFG (Prop_bufg_I_O)         0.091    16.855 r  i_xlnx_clk_gen/inst/clkout1_buf/O
                         net (fo=15149, routed)       1.542    18.397    i_dmi_jtag/i_dmi_cdc/i_cdc_req/i_dst/clk_out1
    SLICE_X89Y87         FDCE                                         r  i_dmi_jtag/i_dmi_cdc/i_cdc_req/i_dst/data_dst_q_reg[data][30]/C
                         clock pessimism              0.000    18.397    
                         clock uncertainty           -0.603    17.794    
    SLICE_X89Y87         FDCE (Setup_fdce_C_D)       -0.218    17.576    i_dmi_jtag/i_dmi_cdc/i_cdc_req/i_dst/data_dst_q_reg[data][30]
  -------------------------------------------------------------------
                         required time                         17.576    
                         arrival time                          -8.073    
  -------------------------------------------------------------------
                         slack                                  9.502    





Min Delay Paths
--------------------------------------------------------------------------------------
Slack (MET) :             2.775ns  (arrival time - required time)
  Source:                 i_dmi_jtag/i_dmi_cdc/i_cdc_req/i_src/data_src_q_reg[data][13]/C
                            (rising edge-triggered cell FDCE clocked by tck  {rise@0.000ns fall@50.000ns period=100.000ns})
  Destination:            i_dmi_jtag/i_dmi_cdc/i_cdc_req/i_dst/data_dst_q_reg[data][13]/D
                            (rising edge-triggered cell FDCE clocked by clk_out1_xlnx_clk_gen  {rise@0.000ns fall@10.000ns period=20.000ns})
  Path Group:             clk_out1_xlnx_clk_gen
  Path Type:              Hold (Min at Fast Process Corner)
  Requirement:            0.000ns  (clk_out1_xlnx_clk_gen rise@0.000ns - tck rise@0.000ns)
  Data Path Delay:        0.195ns  (logic 0.141ns (72.269%)  route 0.054ns (27.731%))
  Logic Levels:           0  
  Clock Path Skew:        -3.259ns (DCD - SCD - CPR)
    Destination Clock Delay (DCD):    -0.847ns
    Source Clock Delay      (SCD):    2.412ns
    Clock Pessimism Removal (CPR):    -0.000ns
  Clock Uncertainty:      0.603ns  ((TSJ^2 + TIJ^2 + DJ^2)^1/2) / 2 + PE
    Total System Jitter     (TSJ):    0.071ns
    Total Input Jitter      (TIJ):    1.000ns
    Discrete Jitter          (DJ):    0.142ns
    Phase Error              (PE):    0.097ns
  Clock Domain Crossing:  Inter clock paths are considered valid unless explicitly excluded by timing constraints such as set_clock_groups or set_false_path.

    Location             Delay type                Incr(ns)  Path(ns)    Netlist Resource(s)
  -------------------------------------------------------------------    -------------------
                         (clock tck rise edge)        0.000     0.000 r  
    H15                                               0.000     0.000 r  tck (IN)
                         net (fo=0)                   0.000     0.000    tck
    H15                  IBUF (Prop_ibuf_I_O)         0.268     0.268 r  tck_IBUF_inst/O
                         net (fo=1, routed)           1.516     1.784    tck_IBUF
    BUFGCTRL_X0Y0        BUFG (Prop_bufg_I_O)         0.026     1.810 r  tck_IBUF_BUFG_inst/O
                         net (fo=258, routed)         0.602     2.412    i_dmi_jtag/i_dmi_cdc/i_cdc_req/i_src/CLK
    SLICE_X97Y81         FDCE                                         r  i_dmi_jtag/i_dmi_cdc/i_cdc_req/i_src/data_src_q_reg[data][13]/C
  -------------------------------------------------------------------    -------------------
    SLICE_X97Y81         FDCE (Prop_fdce_C_Q)         0.141     2.553 r  i_dmi_jtag/i_dmi_cdc/i_cdc_req/i_src/data_src_q_reg[data][13]/Q
                         net (fo=1, routed)           0.054     2.607    i_dmi_jtag/i_dmi_cdc/i_cdc_req/i_dst/data_dst_q_reg[data][31]_2[13]
    SLICE_X96Y81         FDCE                                         r  i_dmi_jtag/i_dmi_cdc/i_cdc_req/i_dst/data_dst_q_reg[data][13]/D
  -------------------------------------------------------------------    -------------------

                         (clock clk_out1_xlnx_clk_gen rise edge)
                                                      0.000     0.000 r  
    K17                                               0.000     0.000 r  clk_sys (IN)
                         net (fo=0)                   0.000     0.000    i_xlnx_clk_gen/inst/clk_in1
    K17                  IBUF (Prop_ibuf_I_O)         0.431     0.431 r  i_xlnx_clk_gen/inst/clkin1_ibufg/O
                         net (fo=1, routed)           0.480     0.911    i_xlnx_clk_gen/inst/clk_in1_xlnx_clk_gen
    MMCME2_ADV_X1Y2      MMCME2_ADV (Prop_mmcme2_adv_CLKIN1_CLKOUT0)
                                                     -3.407    -2.496 r  i_xlnx_clk_gen/inst/mmcm_adv_inst/CLKOUT0
                         net (fo=1, routed)           0.752    -1.744    i_xlnx_clk_gen/inst/clk_out1_xlnx_clk_gen
    BUFGCTRL_X0Y16       BUFG (Prop_bufg_I_O)         0.029    -1.715 r  i_xlnx_clk_gen/inst/clkout1_buf/O
                         net (fo=15149, routed)       0.868    -0.847    i_dmi_jtag/i_dmi_cdc/i_cdc_req/i_dst/clk_out1
    SLICE_X96Y81         FDCE                                         r  i_dmi_jtag/i_dmi_cdc/i_cdc_req/i_dst/data_dst_q_reg[data][13]/C
                         clock pessimism              0.000    -0.847    
                         clock uncertainty            0.603    -0.244    
    SLICE_X96Y81         FDCE (Hold_fdce_C_D)         0.076    -0.168    i_dmi_jtag/i_dmi_cdc/i_cdc_req/i_dst/data_dst_q_reg[data][13]
  -------------------------------------------------------------------
                         required time                          0.168    
                         arrival time                           2.607    
  -------------------------------------------------------------------
                         slack                                  2.775    

Slack (MET) :             2.826ns  (arrival time - required time)
  Source:                 i_dmi_jtag/i_dmi_cdc/i_cdc_req/i_src/data_src_q_reg[data][19]/C
                            (rising edge-triggered cell FDCE clocked by tck  {rise@0.000ns fall@50.000ns period=100.000ns})
  Destination:            i_dmi_jtag/i_dmi_cdc/i_cdc_req/i_dst/data_dst_q_reg[data][19]/D
                            (rising edge-triggered cell FDCE clocked by clk_out1_xlnx_clk_gen  {rise@0.000ns fall@10.000ns period=20.000ns})
  Path Group:             clk_out1_xlnx_clk_gen
  Path Type:              Hold (Min at Fast Process Corner)
  Requirement:            0.000ns  (clk_out1_xlnx_clk_gen rise@0.000ns - tck rise@0.000ns)
  Data Path Delay:        0.241ns  (logic 0.141ns (58.505%)  route 0.100ns (41.495%))
  Logic Levels:           0  
  Clock Path Skew:        -3.258ns (DCD - SCD - CPR)
    Destination Clock Delay (DCD):    -0.867ns
    Source Clock Delay      (SCD):    2.391ns
    Clock Pessimism Removal (CPR):    -0.000ns
  Clock Uncertainty:      0.603ns  ((TSJ^2 + TIJ^2 + DJ^2)^1/2) / 2 + PE
    Total System Jitter     (TSJ):    0.071ns
    Total Input Jitter      (TIJ):    1.000ns
    Discrete Jitter          (DJ):    0.142ns
    Phase Error              (PE):    0.097ns
  Clock Domain Crossing:  Inter clock paths are considered valid unless explicitly excluded by timing constraints such as set_clock_groups or set_false_path.

    Location             Delay type                Incr(ns)  Path(ns)    Netlist Resource(s)
  -------------------------------------------------------------------    -------------------
                         (clock tck rise edge)        0.000     0.000 r  
    H15                                               0.000     0.000 r  tck (IN)
                         net (fo=0)                   0.000     0.000    tck
    H15                  IBUF (Prop_ibuf_I_O)         0.268     0.268 r  tck_IBUF_inst/O
                         net (fo=1, routed)           1.516     1.784    tck_IBUF
    BUFGCTRL_X0Y0        BUFG (Prop_bufg_I_O)         0.026     1.810 r  tck_IBUF_BUFG_inst/O
                         net (fo=258, routed)         0.581     2.391    i_dmi_jtag/i_dmi_cdc/i_cdc_req/i_src/CLK
    SLICE_X89Y86         FDCE                                         r  i_dmi_jtag/i_dmi_cdc/i_cdc_req/i_src/data_src_q_reg[data][19]/C
  -------------------------------------------------------------------    -------------------
    SLICE_X89Y86         FDCE (Prop_fdce_C_Q)         0.141     2.532 r  i_dmi_jtag/i_dmi_cdc/i_cdc_req/i_src/data_src_q_reg[data][19]/Q
                         net (fo=1, routed)           0.100     2.632    i_dmi_jtag/i_dmi_cdc/i_cdc_req/i_dst/data_dst_q_reg[data][31]_2[19]
    SLICE_X87Y86         FDCE                                         r  i_dmi_jtag/i_dmi_cdc/i_cdc_req/i_dst/data_dst_q_reg[data][19]/D
  -------------------------------------------------------------------    -------------------

                         (clock clk_out1_xlnx_clk_gen rise edge)
                                                      0.000     0.000 r  
    K17                                               0.000     0.000 r  clk_sys (IN)
                         net (fo=0)                   0.000     0.000    i_xlnx_clk_gen/inst/clk_in1
    K17                  IBUF (Prop_ibuf_I_O)         0.431     0.431 r  i_xlnx_clk_gen/inst/clkin1_ibufg/O
                         net (fo=1, routed)           0.480     0.911    i_xlnx_clk_gen/inst/clk_in1_xlnx_clk_gen
    MMCME2_ADV_X1Y2      MMCME2_ADV (Prop_mmcme2_adv_CLKIN1_CLKOUT0)
                                                     -3.407    -2.496 r  i_xlnx_clk_gen/inst/mmcm_adv_inst/CLKOUT0
                         net (fo=1, routed)           0.752    -1.744    i_xlnx_clk_gen/inst/clk_out1_xlnx_clk_gen
    BUFGCTRL_X0Y16       BUFG (Prop_bufg_I_O)         0.029    -1.715 r  i_xlnx_clk_gen/inst/clkout1_buf/O
                         net (fo=15149, routed)       0.848    -0.867    i_dmi_jtag/i_dmi_cdc/i_cdc_req/i_dst/clk_out1
    SLICE_X87Y86         FDCE                                         r  i_dmi_jtag/i_dmi_cdc/i_cdc_req/i_dst/data_dst_q_reg[data][19]/C
                         clock pessimism              0.000    -0.867    
                         clock uncertainty            0.603    -0.264    
    SLICE_X87Y86         FDCE (Hold_fdce_C_D)         0.070    -0.194    i_dmi_jtag/i_dmi_cdc/i_cdc_req/i_dst/data_dst_q_reg[data][19]
  -------------------------------------------------------------------
                         required time                          0.194    
                         arrival time                           2.632    
  -------------------------------------------------------------------
                         slack                                  2.826    

Slack (MET) :             2.833ns  (arrival time - required time)
  Source:                 i_dmi_jtag/i_dmi_cdc/i_cdc_req/i_src/data_src_q_reg[data][7]/C
                            (rising edge-triggered cell FDCE clocked by tck  {rise@0.000ns fall@50.000ns period=100.000ns})
  Destination:            i_dmi_jtag/i_dmi_cdc/i_cdc_req/i_dst/data_dst_q_reg[data][7]/D
                            (rising edge-triggered cell FDCE clocked by clk_out1_xlnx_clk_gen  {rise@0.000ns fall@10.000ns period=20.000ns})
  Path Group:             clk_out1_xlnx_clk_gen
  Path Type:              Hold (Min at Fast Process Corner)
  Requirement:            0.000ns  (clk_out1_xlnx_clk_gen rise@0.000ns - tck rise@0.000ns)
  Data Path Delay:        0.187ns  (logic 0.128ns (68.397%)  route 0.059ns (31.603%))
  Logic Levels:           0  
  Clock Path Skew:        -3.259ns (DCD - SCD - CPR)
    Destination Clock Delay (DCD):    -0.847ns
    Source Clock Delay      (SCD):    2.412ns
    Clock Pessimism Removal (CPR):    -0.000ns
  Clock Uncertainty:      0.603ns  ((TSJ^2 + TIJ^2 + DJ^2)^1/2) / 2 + PE
    Total System Jitter     (TSJ):    0.071ns
    Total Input Jitter      (TIJ):    1.000ns
    Discrete Jitter          (DJ):    0.142ns
    Phase Error              (PE):    0.097ns
  Clock Domain Crossing:  Inter clock paths are considered valid unless explicitly excluded by timing constraints such as set_clock_groups or set_false_path.

    Location             Delay type                Incr(ns)  Path(ns)    Netlist Resource(s)
  -------------------------------------------------------------------    -------------------
                         (clock tck rise edge)        0.000     0.000 r  
    H15                                               0.000     0.000 r  tck (IN)
                         net (fo=0)                   0.000     0.000    tck
    H15                  IBUF (Prop_ibuf_I_O)         0.268     0.268 r  tck_IBUF_inst/O
                         net (fo=1, routed)           1.516     1.784    tck_IBUF
    BUFGCTRL_X0Y0        BUFG (Prop_bufg_I_O)         0.026     1.810 r  tck_IBUF_BUFG_inst/O
                         net (fo=258, routed)         0.602     2.412    i_dmi_jtag/i_dmi_cdc/i_cdc_req/i_src/CLK
    SLICE_X97Y81         FDCE                                         r  i_dmi_jtag/i_dmi_cdc/i_cdc_req/i_src/data_src_q_reg[data][7]/C
  -------------------------------------------------------------------    -------------------
    SLICE_X97Y81         FDCE (Prop_fdce_C_Q)         0.128     2.540 r  i_dmi_jtag/i_dmi_cdc/i_cdc_req/i_src/data_src_q_reg[data][7]/Q
                         net (fo=1, routed)           0.059     2.599    i_dmi_jtag/i_dmi_cdc/i_cdc_req/i_dst/data_dst_q_reg[data][31]_2[7]
    SLICE_X96Y81         FDCE                                         r  i_dmi_jtag/i_dmi_cdc/i_cdc_req/i_dst/data_dst_q_reg[data][7]/D
  -------------------------------------------------------------------    -------------------

                         (clock clk_out1_xlnx_clk_gen rise edge)
                                                      0.000     0.000 r  
    K17                                               0.000     0.000 r  clk_sys (IN)
                         net (fo=0)                   0.000     0.000    i_xlnx_clk_gen/inst/clk_in1
    K17                  IBUF (Prop_ibuf_I_O)         0.431     0.431 r  i_xlnx_clk_gen/inst/clkin1_ibufg/O
                         net (fo=1, routed)           0.480     0.911    i_xlnx_clk_gen/inst/clk_in1_xlnx_clk_gen
    MMCME2_ADV_X1Y2      MMCME2_ADV (Prop_mmcme2_adv_CLKIN1_CLKOUT0)
                                                     -3.407    -2.496 r  i_xlnx_clk_gen/inst/mmcm_adv_inst/CLKOUT0
                         net (fo=1, routed)           0.752    -1.744    i_xlnx_clk_gen/inst/clk_out1_xlnx_clk_gen
    BUFGCTRL_X0Y16       BUFG (Prop_bufg_I_O)         0.029    -1.715 r  i_xlnx_clk_gen/inst/clkout1_buf/O
                         net (fo=15149, routed)       0.868    -0.847    i_dmi_jtag/i_dmi_cdc/i_cdc_req/i_dst/clk_out1
    SLICE_X96Y81         FDCE                                         r  i_dmi_jtag/i_dmi_cdc/i_cdc_req/i_dst/data_dst_q_reg[data][7]/C
                         clock pessimism              0.000    -0.847    
                         clock uncertainty            0.603    -0.244    
    SLICE_X96Y81         FDCE (Hold_fdce_C_D)         0.010    -0.234    i_dmi_jtag/i_dmi_cdc/i_cdc_req/i_dst/data_dst_q_reg[data][7]
  -------------------------------------------------------------------
                         required time                          0.234    
                         arrival time                           2.599    
  -------------------------------------------------------------------
                         slack                                  2.833    

Slack (MET) :             2.845ns  (arrival time - required time)
  Source:                 i_dmi_jtag/i_dmi_cdc/i_cdc_req/i_src/data_src_q_reg[op][1]/C
                            (rising edge-triggered cell FDCE clocked by tck  {rise@0.000ns fall@50.000ns period=100.000ns})
  Destination:            i_dmi_jtag/i_dmi_cdc/i_cdc_req/i_dst/data_dst_q_reg[op][1]/D
                            (rising edge-triggered cell FDCE clocked by clk_out1_xlnx_clk_gen  {rise@0.000ns fall@10.000ns period=20.000ns})
  Path Group:             clk_out1_xlnx_clk_gen
  Path Type:              Hold (Min at Fast Process Corner)
  Requirement:            0.000ns  (clk_out1_xlnx_clk_gen rise@0.000ns - tck rise@0.000ns)
  Data Path Delay:        0.207ns  (logic 0.148ns (71.500%)  route 0.059ns (28.500%))
  Logic Levels:           0  
  Clock Path Skew:        -3.258ns (DCD - SCD - CPR)
    Destination Clock Delay (DCD):    -0.843ns
    Source Clock Delay      (SCD):    2.415ns
    Clock Pessimism Removal (CPR):    -0.000ns
  Clock Uncertainty:      0.603ns  ((TSJ^2 + TIJ^2 + DJ^2)^1/2) / 2 + PE
    Total System Jitter     (TSJ):    0.071ns
    Total Input Jitter      (TIJ):    1.000ns
    Discrete Jitter          (DJ):    0.142ns
    Phase Error              (PE):    0.097ns
  Clock Domain Crossing:  Inter clock paths are considered valid unless explicitly excluded by timing constraints such as set_clock_groups or set_false_path.

    Location             Delay type                Incr(ns)  Path(ns)    Netlist Resource(s)
  -------------------------------------------------------------------    -------------------
                         (clock tck rise edge)        0.000     0.000 r  
    H15                                               0.000     0.000 r  tck (IN)
                         net (fo=0)                   0.000     0.000    tck
    H15                  IBUF (Prop_ibuf_I_O)         0.268     0.268 r  tck_IBUF_inst/O
                         net (fo=1, routed)           1.516     1.784    tck_IBUF
    BUFGCTRL_X0Y0        BUFG (Prop_bufg_I_O)         0.026     1.810 r  tck_IBUF_BUFG_inst/O
                         net (fo=258, routed)         0.605     2.415    i_dmi_jtag/i_dmi_cdc/i_cdc_req/i_src/CLK
    SLICE_X96Y86         FDCE                                         r  i_dmi_jtag/i_dmi_cdc/i_cdc_req/i_src/data_src_q_reg[op][1]/C
  -------------------------------------------------------------------    -------------------
    SLICE_X96Y86         FDCE (Prop_fdce_C_Q)         0.148     2.563 r  i_dmi_jtag/i_dmi_cdc/i_cdc_req/i_src/data_src_q_reg[op][1]/Q
                         net (fo=1, routed)           0.059     2.622    i_dmi_jtag/i_dmi_cdc/i_cdc_req/i_dst/data_dst_q_reg[op][1]_1[1]
    SLICE_X97Y86         FDCE                                         r  i_dmi_jtag/i_dmi_cdc/i_cdc_req/i_dst/data_dst_q_reg[op][1]/D
  -------------------------------------------------------------------    -------------------

                         (clock clk_out1_xlnx_clk_gen rise edge)
                                                      0.000     0.000 r  
    K17                                               0.000     0.000 r  clk_sys (IN)
                         net (fo=0)                   0.000     0.000    i_xlnx_clk_gen/inst/clk_in1
    K17                  IBUF (Prop_ibuf_I_O)         0.431     0.431 r  i_xlnx_clk_gen/inst/clkin1_ibufg/O
                         net (fo=1, routed)           0.480     0.911    i_xlnx_clk_gen/inst/clk_in1_xlnx_clk_gen
    MMCME2_ADV_X1Y2      MMCME2_ADV (Prop_mmcme2_adv_CLKIN1_CLKOUT0)
                                                     -3.407    -2.496 r  i_xlnx_clk_gen/inst/mmcm_adv_inst/CLKOUT0
                         net (fo=1, routed)           0.752    -1.744    i_xlnx_clk_gen/inst/clk_out1_xlnx_clk_gen
    BUFGCTRL_X0Y16       BUFG (Prop_bufg_I_O)         0.029    -1.715 r  i_xlnx_clk_gen/inst/clkout1_buf/O
                         net (fo=15149, routed)       0.872    -0.843    i_dmi_jtag/i_dmi_cdc/i_cdc_req/i_dst/clk_out1
    SLICE_X97Y86         FDCE                                         r  i_dmi_jtag/i_dmi_cdc/i_cdc_req/i_dst/data_dst_q_reg[op][1]/C
                         clock pessimism              0.000    -0.843    
                         clock uncertainty            0.603    -0.240    
    SLICE_X97Y86         FDCE (Hold_fdce_C_D)         0.017    -0.223    i_dmi_jtag/i_dmi_cdc/i_cdc_req/i_dst/data_dst_q_reg[op][1]
  -------------------------------------------------------------------
                         required time                          0.223    
                         arrival time                           2.622    
  -------------------------------------------------------------------
                         slack                                  2.845    

Slack (MET) :             2.855ns  (arrival time - required time)
  Source:                 i_dmi_jtag/i_dmi_cdc/i_cdc_req/i_src/data_src_q_reg[addr][6]/C
                            (rising edge-triggered cell FDCE clocked by tck  {rise@0.000ns fall@50.000ns period=100.000ns})
  Destination:            i_dmi_jtag/i_dmi_cdc/i_cdc_req/i_dst/data_dst_q_reg[addr][6]/D
                            (rising edge-triggered cell FDCE clocked by clk_out1_xlnx_clk_gen  {rise@0.000ns fall@10.000ns period=20.000ns})
  Path Group:             clk_out1_xlnx_clk_gen
  Path Type:              Hold (Min at Fast Process Corner)
  Requirement:            0.000ns  (clk_out1_xlnx_clk_gen rise@0.000ns - tck rise@0.000ns)
  Data Path Delay:        0.265ns  (logic 0.164ns (61.886%)  route 0.101ns (38.114%))
  Logic Levels:           0  
  Clock Path Skew:        -3.259ns (DCD - SCD - CPR)
    Destination Clock Delay (DCD):    -0.843ns
    Source Clock Delay      (SCD):    2.416ns
    Clock Pessimism Removal (CPR):    -0.000ns
  Clock Uncertainty:      0.603ns  ((TSJ^2 + TIJ^2 + DJ^2)^1/2) / 2 + PE
    Total System Jitter     (TSJ):    0.071ns
    Total Input Jitter      (TIJ):    1.000ns
    Discrete Jitter          (DJ):    0.142ns
    Phase Error              (PE):    0.097ns
  Clock Domain Crossing:  Inter clock paths are considered valid unless explicitly excluded by timing constraints such as set_clock_groups or set_false_path.

    Location             Delay type                Incr(ns)  Path(ns)    Netlist Resource(s)
  -------------------------------------------------------------------    -------------------
                         (clock tck rise edge)        0.000     0.000 r  
    H15                                               0.000     0.000 r  tck (IN)
                         net (fo=0)                   0.000     0.000    tck
    H15                  IBUF (Prop_ibuf_I_O)         0.268     0.268 r  tck_IBUF_inst/O
                         net (fo=1, routed)           1.516     1.784    tck_IBUF
    BUFGCTRL_X0Y0        BUFG (Prop_bufg_I_O)         0.026     1.810 r  tck_IBUF_BUFG_inst/O
                         net (fo=258, routed)         0.606     2.416    i_dmi_jtag/i_dmi_cdc/i_cdc_req/i_src/CLK
    SLICE_X100Y84        FDCE                                         r  i_dmi_jtag/i_dmi_cdc/i_cdc_req/i_src/data_src_q_reg[addr][6]/C
  -------------------------------------------------------------------    -------------------
    SLICE_X100Y84        FDCE (Prop_fdce_C_Q)         0.164     2.580 r  i_dmi_jtag/i_dmi_cdc/i_cdc_req/i_src/data_src_q_reg[addr][6]/Q
                         net (fo=1, routed)           0.101     2.681    i_dmi_jtag/i_dmi_cdc/i_cdc_req/i_dst/data_dst_q_reg[addr][6]_1[6]
    SLICE_X99Y84         FDCE                                         r  i_dmi_jtag/i_dmi_cdc/i_cdc_req/i_dst/data_dst_q_reg[addr][6]/D
  -------------------------------------------------------------------    -------------------

                         (clock clk_out1_xlnx_clk_gen rise edge)
                                                      0.000     0.000 r  
    K17                                               0.000     0.000 r  clk_sys (IN)
                         net (fo=0)                   0.000     0.000    i_xlnx_clk_gen/inst/clk_in1
    K17                  IBUF (Prop_ibuf_I_O)         0.431     0.431 r  i_xlnx_clk_gen/inst/clkin1_ibufg/O
                         net (fo=1, routed)           0.480     0.911    i_xlnx_clk_gen/inst/clk_in1_xlnx_clk_gen
    MMCME2_ADV_X1Y2      MMCME2_ADV (Prop_mmcme2_adv_CLKIN1_CLKOUT0)
                                                     -3.407    -2.496 r  i_xlnx_clk_gen/inst/mmcm_adv_inst/CLKOUT0
                         net (fo=1, routed)           0.752    -1.744    i_xlnx_clk_gen/inst/clk_out1_xlnx_clk_gen
    BUFGCTRL_X0Y16       BUFG (Prop_bufg_I_O)         0.029    -1.715 r  i_xlnx_clk_gen/inst/clkout1_buf/O
                         net (fo=15149, routed)       0.872    -0.843    i_dmi_jtag/i_dmi_cdc/i_cdc_req/i_dst/clk_out1
    SLICE_X99Y84         FDCE                                         r  i_dmi_jtag/i_dmi_cdc/i_cdc_req/i_dst/data_dst_q_reg[addr][6]/C
                         clock pessimism              0.000    -0.843    
                         clock uncertainty            0.603    -0.240    
    SLICE_X99Y84         FDCE (Hold_fdce_C_D)         0.066    -0.174    i_dmi_jtag/i_dmi_cdc/i_cdc_req/i_dst/data_dst_q_reg[addr][6]
  -------------------------------------------------------------------
                         required time                          0.174    
                         arrival time                           2.681    
  -------------------------------------------------------------------
                         slack                                  2.855    

Slack (MET) :             2.856ns  (arrival time - required time)
  Source:                 i_dmi_jtag/i_dmi_cdc/i_cdc_req/i_src/data_src_q_reg[data][6]/C
                            (rising edge-triggered cell FDCE clocked by tck  {rise@0.000ns fall@50.000ns period=100.000ns})
  Destination:            i_dmi_jtag/i_dmi_cdc/i_cdc_req/i_dst/data_dst_q_reg[data][6]/D
                            (rising edge-triggered cell FDCE clocked by clk_out1_xlnx_clk_gen  {rise@0.000ns fall@10.000ns period=20.000ns})
  Path Group:             clk_out1_xlnx_clk_gen
  Path Type:              Hold (Min at Fast Process Corner)
  Requirement:            0.000ns  (clk_out1_xlnx_clk_gen rise@0.000ns - tck rise@0.000ns)
  Data Path Delay:        0.253ns  (logic 0.141ns (55.730%)  route 0.112ns (44.270%))
  Logic Levels:           0  
  Clock Path Skew:        -3.259ns (DCD - SCD - CPR)
    Destination Clock Delay (DCD):    -0.847ns
    Source Clock Delay      (SCD):    2.412ns
    Clock Pessimism Removal (CPR):    -0.000ns
  Clock Uncertainty:      0.603ns  ((TSJ^2 + TIJ^2 + DJ^2)^1/2) / 2 + PE
    Total System Jitter     (TSJ):    0.071ns
    Total Input Jitter      (TIJ):    1.000ns
    Discrete Jitter          (DJ):    0.142ns
    Phase Error              (PE):    0.097ns
  Clock Domain Crossing:  Inter clock paths are considered valid unless explicitly excluded by timing constraints such as set_clock_groups or set_false_path.

    Location             Delay type                Incr(ns)  Path(ns)    Netlist Resource(s)
  -------------------------------------------------------------------    -------------------
                         (clock tck rise edge)        0.000     0.000 r  
    H15                                               0.000     0.000 r  tck (IN)
                         net (fo=0)                   0.000     0.000    tck
    H15                  IBUF (Prop_ibuf_I_O)         0.268     0.268 r  tck_IBUF_inst/O
                         net (fo=1, routed)           1.516     1.784    tck_IBUF
    BUFGCTRL_X0Y0        BUFG (Prop_bufg_I_O)         0.026     1.810 r  tck_IBUF_BUFG_inst/O
                         net (fo=258, routed)         0.602     2.412    i_dmi_jtag/i_dmi_cdc/i_cdc_req/i_src/CLK
    SLICE_X97Y81         FDCE                                         r  i_dmi_jtag/i_dmi_cdc/i_cdc_req/i_src/data_src_q_reg[data][6]/C
  -------------------------------------------------------------------    -------------------
    SLICE_X97Y81         FDCE (Prop_fdce_C_Q)         0.141     2.553 r  i_dmi_jtag/i_dmi_cdc/i_cdc_req/i_src/data_src_q_reg[data][6]/Q
                         net (fo=1, routed)           0.112     2.665    i_dmi_jtag/i_dmi_cdc/i_cdc_req/i_dst/data_dst_q_reg[data][31]_2[6]
    SLICE_X96Y81         FDCE                                         r  i_dmi_jtag/i_dmi_cdc/i_cdc_req/i_dst/data_dst_q_reg[data][6]/D
  -------------------------------------------------------------------    -------------------

                         (clock clk_out1_xlnx_clk_gen rise edge)
                                                      0.000     0.000 r  
    K17                                               0.000     0.000 r  clk_sys (IN)
                         net (fo=0)                   0.000     0.000    i_xlnx_clk_gen/inst/clk_in1
    K17                  IBUF (Prop_ibuf_I_O)         0.431     0.431 r  i_xlnx_clk_gen/inst/clkin1_ibufg/O
                         net (fo=1, routed)           0.480     0.911    i_xlnx_clk_gen/inst/clk_in1_xlnx_clk_gen
    MMCME2_ADV_X1Y2      MMCME2_ADV (Prop_mmcme2_adv_CLKIN1_CLKOUT0)
                                                     -3.407    -2.496 r  i_xlnx_clk_gen/inst/mmcm_adv_inst/CLKOUT0
                         net (fo=1, routed)           0.752    -1.744    i_xlnx_clk_gen/inst/clk_out1_xlnx_clk_gen
    BUFGCTRL_X0Y16       BUFG (Prop_bufg_I_O)         0.029    -1.715 r  i_xlnx_clk_gen/inst/clkout1_buf/O
                         net (fo=15149, routed)       0.868    -0.847    i_dmi_jtag/i_dmi_cdc/i_cdc_req/i_dst/clk_out1
    SLICE_X96Y81         FDCE                                         r  i_dmi_jtag/i_dmi_cdc/i_cdc_req/i_dst/data_dst_q_reg[data][6]/C
                         clock pessimism              0.000    -0.847    
                         clock uncertainty            0.603    -0.244    
    SLICE_X96Y81         FDCE (Hold_fdce_C_D)         0.053    -0.191    i_dmi_jtag/i_dmi_cdc/i_cdc_req/i_dst/data_dst_q_reg[data][6]
  -------------------------------------------------------------------
                         required time                          0.191    
                         arrival time                           2.665    
  -------------------------------------------------------------------
                         slack                                  2.856    

Slack (MET) :             2.864ns  (arrival time - required time)
  Source:                 i_dmi_jtag/i_dmi_cdc/i_cdc_req/i_src/data_src_q_reg[addr][3]/C
                            (rising edge-triggered cell FDCE clocked by tck  {rise@0.000ns fall@50.000ns period=100.000ns})
  Destination:            i_dmi_jtag/i_dmi_cdc/i_cdc_req/i_dst/data_dst_q_reg[addr][3]/D
                            (rising edge-triggered cell FDCE clocked by clk_out1_xlnx_clk_gen  {rise@0.000ns fall@10.000ns period=20.000ns})
  Path Group:             clk_out1_xlnx_clk_gen
  Path Type:              Hold (Min at Fast Process Corner)
  Requirement:            0.000ns  (clk_out1_xlnx_clk_gen rise@0.000ns - tck rise@0.000ns)
  Data Path Delay:        0.281ns  (logic 0.164ns (58.465%)  route 0.117ns (41.535%))
  Logic Levels:           0  
  Clock Path Skew:        -3.258ns (DCD - SCD - CPR)
    Destination Clock Delay (DCD):    -0.840ns
    Source Clock Delay      (SCD):    2.418ns
    Clock Pessimism Removal (CPR):    -0.000ns
  Clock Uncertainty:      0.603ns  ((TSJ^2 + TIJ^2 + DJ^2)^1/2) / 2 + PE
    Total System Jitter     (TSJ):    0.071ns
    Total Input Jitter      (TIJ):    1.000ns
    Discrete Jitter          (DJ):    0.142ns
    Phase Error              (PE):    0.097ns
  Clock Domain Crossing:  Inter clock paths are considered valid unless explicitly excluded by timing constraints such as set_clock_groups or set_false_path.

    Location             Delay type                Incr(ns)  Path(ns)    Netlist Resource(s)
  -------------------------------------------------------------------    -------------------
                         (clock tck rise edge)        0.000     0.000 r  
    H15                                               0.000     0.000 r  tck (IN)
                         net (fo=0)                   0.000     0.000    tck
    H15                  IBUF (Prop_ibuf_I_O)         0.268     0.268 r  tck_IBUF_inst/O
                         net (fo=1, routed)           1.516     1.784    tck_IBUF
    BUFGCTRL_X0Y0        BUFG (Prop_bufg_I_O)         0.026     1.810 r  tck_IBUF_BUFG_inst/O
                         net (fo=258, routed)         0.608     2.418    i_dmi_jtag/i_dmi_cdc/i_cdc_req/i_src/CLK
    SLICE_X98Y88         FDCE                                         r  i_dmi_jtag/i_dmi_cdc/i_cdc_req/i_src/data_src_q_reg[addr][3]/C
  -------------------------------------------------------------------    -------------------
    SLICE_X98Y88         FDCE (Prop_fdce_C_Q)         0.164     2.582 r  i_dmi_jtag/i_dmi_cdc/i_cdc_req/i_src/data_src_q_reg[addr][3]/Q
                         net (fo=1, routed)           0.117     2.698    i_dmi_jtag/i_dmi_cdc/i_cdc_req/i_dst/data_dst_q_reg[addr][6]_1[3]
    SLICE_X97Y88         FDCE                                         r  i_dmi_jtag/i_dmi_cdc/i_cdc_req/i_dst/data_dst_q_reg[addr][3]/D
  -------------------------------------------------------------------    -------------------

                         (clock clk_out1_xlnx_clk_gen rise edge)
                                                      0.000     0.000 r  
    K17                                               0.000     0.000 r  clk_sys (IN)
                         net (fo=0)                   0.000     0.000    i_xlnx_clk_gen/inst/clk_in1
    K17                  IBUF (Prop_ibuf_I_O)         0.431     0.431 r  i_xlnx_clk_gen/inst/clkin1_ibufg/O
                         net (fo=1, routed)           0.480     0.911    i_xlnx_clk_gen/inst/clk_in1_xlnx_clk_gen
    MMCME2_ADV_X1Y2      MMCME2_ADV (Prop_mmcme2_adv_CLKIN1_CLKOUT0)
                                                     -3.407    -2.496 r  i_xlnx_clk_gen/inst/mmcm_adv_inst/CLKOUT0
                         net (fo=1, routed)           0.752    -1.744    i_xlnx_clk_gen/inst/clk_out1_xlnx_clk_gen
    BUFGCTRL_X0Y16       BUFG (Prop_bufg_I_O)         0.029    -1.715 r  i_xlnx_clk_gen/inst/clkout1_buf/O
                         net (fo=15149, routed)       0.875    -0.840    i_dmi_jtag/i_dmi_cdc/i_cdc_req/i_dst/clk_out1
    SLICE_X97Y88         FDCE                                         r  i_dmi_jtag/i_dmi_cdc/i_cdc_req/i_dst/data_dst_q_reg[addr][3]/C
                         clock pessimism              0.000    -0.840    
                         clock uncertainty            0.603    -0.237    
    SLICE_X97Y88         FDCE (Hold_fdce_C_D)         0.072    -0.165    i_dmi_jtag/i_dmi_cdc/i_cdc_req/i_dst/data_dst_q_reg[addr][3]
  -------------------------------------------------------------------
                         required time                          0.165    
                         arrival time                           2.698    
  -------------------------------------------------------------------
                         slack                                  2.864    

Slack (MET) :             2.875ns  (arrival time - required time)
  Source:                 i_dmi_jtag/i_dmi_cdc/i_cdc_req/i_src/data_src_q_reg[data][25]/C
                            (rising edge-triggered cell FDCE clocked by tck  {rise@0.000ns fall@50.000ns period=100.000ns})
  Destination:            i_dmi_jtag/i_dmi_cdc/i_cdc_req/i_dst/data_dst_q_reg[data][25]/D
                            (rising edge-triggered cell FDCE clocked by clk_out1_xlnx_clk_gen  {rise@0.000ns fall@10.000ns period=20.000ns})
  Path Group:             clk_out1_xlnx_clk_gen
  Path Type:              Hold (Min at Fast Process Corner)
  Requirement:            0.000ns  (clk_out1_xlnx_clk_gen rise@0.000ns - tck rise@0.000ns)
  Data Path Delay:        0.232ns  (logic 0.128ns (55.264%)  route 0.104ns (44.736%))
  Logic Levels:           0  
  Clock Path Skew:        -3.258ns (DCD - SCD - CPR)
    Destination Clock Delay (DCD):    -0.867ns
    Source Clock Delay      (SCD):    2.391ns
    Clock Pessimism Removal (CPR):    -0.000ns
  Clock Uncertainty:      0.603ns  ((TSJ^2 + TIJ^2 + DJ^2)^1/2) / 2 + PE
    Total System Jitter     (TSJ):    0.071ns
    Total Input Jitter      (TIJ):    1.000ns
    Discrete Jitter          (DJ):    0.142ns
    Phase Error              (PE):    0.097ns
  Clock Domain Crossing:  Inter clock paths are considered valid unless explicitly excluded by timing constraints such as set_clock_groups or set_false_path.

    Location             Delay type                Incr(ns)  Path(ns)    Netlist Resource(s)
  -------------------------------------------------------------------    -------------------
                         (clock tck rise edge)        0.000     0.000 r  
    H15                                               0.000     0.000 r  tck (IN)
                         net (fo=0)                   0.000     0.000    tck
    H15                  IBUF (Prop_ibuf_I_O)         0.268     0.268 r  tck_IBUF_inst/O
                         net (fo=1, routed)           1.516     1.784    tck_IBUF
    BUFGCTRL_X0Y0        BUFG (Prop_bufg_I_O)         0.026     1.810 r  tck_IBUF_BUFG_inst/O
                         net (fo=258, routed)         0.581     2.391    i_dmi_jtag/i_dmi_cdc/i_cdc_req/i_src/CLK
    SLICE_X89Y86         FDCE                                         r  i_dmi_jtag/i_dmi_cdc/i_cdc_req/i_src/data_src_q_reg[data][25]/C
  -------------------------------------------------------------------    -------------------
    SLICE_X89Y86         FDCE (Prop_fdce_C_Q)         0.128     2.519 r  i_dmi_jtag/i_dmi_cdc/i_cdc_req/i_src/data_src_q_reg[data][25]/Q
                         net (fo=1, routed)           0.104     2.622    i_dmi_jtag/i_dmi_cdc/i_cdc_req/i_dst/data_dst_q_reg[data][31]_2[25]
    SLICE_X87Y86         FDCE                                         r  i_dmi_jtag/i_dmi_cdc/i_cdc_req/i_dst/data_dst_q_reg[data][25]/D
  -------------------------------------------------------------------    -------------------

                         (clock clk_out1_xlnx_clk_gen rise edge)
                                                      0.000     0.000 r  
    K17                                               0.000     0.000 r  clk_sys (IN)
                         net (fo=0)                   0.000     0.000    i_xlnx_clk_gen/inst/clk_in1
    K17                  IBUF (Prop_ibuf_I_O)         0.431     0.431 r  i_xlnx_clk_gen/inst/clkin1_ibufg/O
                         net (fo=1, routed)           0.480     0.911    i_xlnx_clk_gen/inst/clk_in1_xlnx_clk_gen
    MMCME2_ADV_X1Y2      MMCME2_ADV (Prop_mmcme2_adv_CLKIN1_CLKOUT0)
                                                     -3.407    -2.496 r  i_xlnx_clk_gen/inst/mmcm_adv_inst/CLKOUT0
                         net (fo=1, routed)           0.752    -1.744    i_xlnx_clk_gen/inst/clk_out1_xlnx_clk_gen
    BUFGCTRL_X0Y16       BUFG (Prop_bufg_I_O)         0.029    -1.715 r  i_xlnx_clk_gen/inst/clkout1_buf/O
                         net (fo=15149, routed)       0.848    -0.867    i_dmi_jtag/i_dmi_cdc/i_cdc_req/i_dst/clk_out1
    SLICE_X87Y86         FDCE                                         r  i_dmi_jtag/i_dmi_cdc/i_cdc_req/i_dst/data_dst_q_reg[data][25]/C
                         clock pessimism              0.000    -0.867    
                         clock uncertainty            0.603    -0.264    
    SLICE_X87Y86         FDCE (Hold_fdce_C_D)         0.012    -0.252    i_dmi_jtag/i_dmi_cdc/i_cdc_req/i_dst/data_dst_q_reg[data][25]
  -------------------------------------------------------------------
                         required time                          0.252    
                         arrival time                           2.622    
  -------------------------------------------------------------------
                         slack                                  2.875    

Slack (MET) :             2.883ns  (arrival time - required time)
  Source:                 i_dmi_jtag/i_dmi_cdc/i_cdc_req/i_src/data_src_q_reg[data][28]/C
                            (rising edge-triggered cell FDCE clocked by tck  {rise@0.000ns fall@50.000ns period=100.000ns})
  Destination:            i_dmi_jtag/i_dmi_cdc/i_cdc_req/i_dst/data_dst_q_reg[data][28]/D
                            (rising edge-triggered cell FDCE clocked by clk_out1_xlnx_clk_gen  {rise@0.000ns fall@10.000ns period=20.000ns})
  Path Group:             clk_out1_xlnx_clk_gen
  Path Type:              Hold (Min at Fast Process Corner)
  Requirement:            0.000ns  (clk_out1_xlnx_clk_gen rise@0.000ns - tck rise@0.000ns)
  Data Path Delay:        0.248ns  (logic 0.128ns (51.686%)  route 0.120ns (48.314%))
  Logic Levels:           0  
  Clock Path Skew:        -3.257ns (DCD - SCD - CPR)
    Destination Clock Delay (DCD):    -0.866ns
    Source Clock Delay      (SCD):    2.391ns
    Clock Pessimism Removal (CPR):    -0.000ns
  Clock Uncertainty:      0.603ns  ((TSJ^2 + TIJ^2 + DJ^2)^1/2) / 2 + PE
    Total System Jitter     (TSJ):    0.071ns
    Total Input Jitter      (TIJ):    1.000ns
    Discrete Jitter          (DJ):    0.142ns
    Phase Error              (PE):    0.097ns
  Clock Domain Crossing:  Inter clock paths are considered valid unless explicitly excluded by timing constraints such as set_clock_groups or set_false_path.

    Location             Delay type                Incr(ns)  Path(ns)    Netlist Resource(s)
  -------------------------------------------------------------------    -------------------
                         (clock tck rise edge)        0.000     0.000 r  
    H15                                               0.000     0.000 r  tck (IN)
                         net (fo=0)                   0.000     0.000    tck
    H15                  IBUF (Prop_ibuf_I_O)         0.268     0.268 r  tck_IBUF_inst/O
                         net (fo=1, routed)           1.516     1.784    tck_IBUF
    BUFGCTRL_X0Y0        BUFG (Prop_bufg_I_O)         0.026     1.810 r  tck_IBUF_BUFG_inst/O
                         net (fo=258, routed)         0.581     2.391    i_dmi_jtag/i_dmi_cdc/i_cdc_req/i_src/CLK
    SLICE_X89Y86         FDCE                                         r  i_dmi_jtag/i_dmi_cdc/i_cdc_req/i_src/data_src_q_reg[data][28]/C
  -------------------------------------------------------------------    -------------------
    SLICE_X89Y86         FDCE (Prop_fdce_C_Q)         0.128     2.519 r  i_dmi_jtag/i_dmi_cdc/i_cdc_req/i_src/data_src_q_reg[data][28]/Q
                         net (fo=1, routed)           0.120     2.638    i_dmi_jtag/i_dmi_cdc/i_cdc_req/i_dst/data_dst_q_reg[data][31]_2[28]
    SLICE_X89Y87         FDCE                                         r  i_dmi_jtag/i_dmi_cdc/i_cdc_req/i_dst/data_dst_q_reg[data][28]/D
  -------------------------------------------------------------------    -------------------

                         (clock clk_out1_xlnx_clk_gen rise edge)
                                                      0.000     0.000 r  
    K17                                               0.000     0.000 r  clk_sys (IN)
                         net (fo=0)                   0.000     0.000    i_xlnx_clk_gen/inst/clk_in1
    K17                  IBUF (Prop_ibuf_I_O)         0.431     0.431 r  i_xlnx_clk_gen/inst/clkin1_ibufg/O
                         net (fo=1, routed)           0.480     0.911    i_xlnx_clk_gen/inst/clk_in1_xlnx_clk_gen
    MMCME2_ADV_X1Y2      MMCME2_ADV (Prop_mmcme2_adv_CLKIN1_CLKOUT0)
                                                     -3.407    -2.496 r  i_xlnx_clk_gen/inst/mmcm_adv_inst/CLKOUT0
                         net (fo=1, routed)           0.752    -1.744    i_xlnx_clk_gen/inst/clk_out1_xlnx_clk_gen
    BUFGCTRL_X0Y16       BUFG (Prop_bufg_I_O)         0.029    -1.715 r  i_xlnx_clk_gen/inst/clkout1_buf/O
                         net (fo=15149, routed)       0.849    -0.866    i_dmi_jtag/i_dmi_cdc/i_cdc_req/i_dst/clk_out1
    SLICE_X89Y87         FDCE                                         r  i_dmi_jtag/i_dmi_cdc/i_cdc_req/i_dst/data_dst_q_reg[data][28]/C
                         clock pessimism              0.000    -0.866    
                         clock uncertainty            0.603    -0.263    
    SLICE_X89Y87         FDCE (Hold_fdce_C_D)         0.019    -0.244    i_dmi_jtag/i_dmi_cdc/i_cdc_req/i_dst/data_dst_q_reg[data][28]
  -------------------------------------------------------------------
                         required time                          0.244    
                         arrival time                           2.638    
  -------------------------------------------------------------------
                         slack                                  2.883    

Slack (MET) :             2.885ns  (arrival time - required time)
  Source:                 i_dmi_jtag/i_dmi_cdc/i_cdc_req/i_src/data_src_q_reg[data][11]/C
                            (rising edge-triggered cell FDCE clocked by tck  {rise@0.000ns fall@50.000ns period=100.000ns})
  Destination:            i_dmi_jtag/i_dmi_cdc/i_cdc_req/i_dst/data_dst_q_reg[data][11]/D
                            (rising edge-triggered cell FDCE clocked by clk_out1_xlnx_clk_gen  {rise@0.000ns fall@10.000ns period=20.000ns})
  Path Group:             clk_out1_xlnx_clk_gen
  Path Type:              Hold (Min at Fast Process Corner)
  Requirement:            0.000ns  (clk_out1_xlnx_clk_gen rise@0.000ns - tck rise@0.000ns)
  Data Path Delay:        0.302ns  (logic 0.141ns (46.632%)  route 0.161ns (53.368%))
  Logic Levels:           0  
  Clock Path Skew:        -3.256ns (DCD - SCD - CPR)
    Destination Clock Delay (DCD):    -0.843ns
    Source Clock Delay      (SCD):    2.413ns
    Clock Pessimism Removal (CPR):    -0.000ns
  Clock Uncertainty:      0.603ns  ((TSJ^2 + TIJ^2 + DJ^2)^1/2) / 2 + PE
    Total System Jitter     (TSJ):    0.071ns
    Total Input Jitter      (TIJ):    1.000ns
    Discrete Jitter          (DJ):    0.142ns
    Phase Error              (PE):    0.097ns
  Clock Domain Crossing:  Inter clock paths are considered valid unless explicitly excluded by timing constraints such as set_clock_groups or set_false_path.

    Location             Delay type                Incr(ns)  Path(ns)    Netlist Resource(s)
  -------------------------------------------------------------------    -------------------
                         (clock tck rise edge)        0.000     0.000 r  
    H15                                               0.000     0.000 r  tck (IN)
                         net (fo=0)                   0.000     0.000    tck
    H15                  IBUF (Prop_ibuf_I_O)         0.268     0.268 r  tck_IBUF_inst/O
                         net (fo=1, routed)           1.516     1.784    tck_IBUF
    BUFGCTRL_X0Y0        BUFG (Prop_bufg_I_O)         0.026     1.810 r  tck_IBUF_BUFG_inst/O
                         net (fo=258, routed)         0.603     2.413    i_dmi_jtag/i_dmi_cdc/i_cdc_req/i_src/CLK
    SLICE_X101Y81        FDCE                                         r  i_dmi_jtag/i_dmi_cdc/i_cdc_req/i_src/data_src_q_reg[data][11]/C
  -------------------------------------------------------------------    -------------------
    SLICE_X101Y81        FDCE (Prop_fdce_C_Q)         0.141     2.554 r  i_dmi_jtag/i_dmi_cdc/i_cdc_req/i_src/data_src_q_reg[data][11]/Q
                         net (fo=1, routed)           0.161     2.715    i_dmi_jtag/i_dmi_cdc/i_cdc_req/i_dst/data_dst_q_reg[data][31]_2[11]
    SLICE_X99Y84         FDCE                                         r  i_dmi_jtag/i_dmi_cdc/i_cdc_req/i_dst/data_dst_q_reg[data][11]/D
  -------------------------------------------------------------------    -------------------

                         (clock clk_out1_xlnx_clk_gen rise edge)
                                                      0.000     0.000 r  
    K17                                               0.000     0.000 r  clk_sys (IN)
                         net (fo=0)                   0.000     0.000    i_xlnx_clk_gen/inst/clk_in1
    K17                  IBUF (Prop_ibuf_I_O)         0.431     0.431 r  i_xlnx_clk_gen/inst/clkin1_ibufg/O
                         net (fo=1, routed)           0.480     0.911    i_xlnx_clk_gen/inst/clk_in1_xlnx_clk_gen
    MMCME2_ADV_X1Y2      MMCME2_ADV (Prop_mmcme2_adv_CLKIN1_CLKOUT0)
                                                     -3.407    -2.496 r  i_xlnx_clk_gen/inst/mmcm_adv_inst/CLKOUT0
                         net (fo=1, routed)           0.752    -1.744    i_xlnx_clk_gen/inst/clk_out1_xlnx_clk_gen
    BUFGCTRL_X0Y16       BUFG (Prop_bufg_I_O)         0.029    -1.715 r  i_xlnx_clk_gen/inst/clkout1_buf/O
                         net (fo=15149, routed)       0.872    -0.843    i_dmi_jtag/i_dmi_cdc/i_cdc_req/i_dst/clk_out1
    SLICE_X99Y84         FDCE                                         r  i_dmi_jtag/i_dmi_cdc/i_cdc_req/i_dst/data_dst_q_reg[data][11]/C
                         clock pessimism              0.000    -0.843    
                         clock uncertainty            0.603    -0.240    
    SLICE_X99Y84         FDCE (Hold_fdce_C_D)         0.070    -0.170    i_dmi_jtag/i_dmi_cdc/i_cdc_req/i_dst/data_dst_q_reg[data][11]
  -------------------------------------------------------------------
                         required time                          0.170    
                         arrival time                           2.715    
  -------------------------------------------------------------------
                         slack                                  2.885    





---------------------------------------------------------------------------------------------------
From Clock:  clk_out1_xlnx_clk_gen
  To Clock:  tck

Setup :            0  Failing Endpoints,  Worst Slack       18.509ns,  Total Violation        0.000ns
Hold  :           NA  Failing Endpoints,  Worst Slack           NA  ,  Total Violation           NA
---------------------------------------------------------------------------------------------------


Max Delay Paths
--------------------------------------------------------------------------------------
Slack (MET) :             18.509ns  (required time - arrival time)
  Source:                 i_dmi_jtag/i_dmi_cdc/i_cdc_resp/i_src/data_src_q_reg[data][24]/C
                            (rising edge-triggered cell FDCE clocked by clk_out1_xlnx_clk_gen  {rise@0.000ns fall@10.000ns period=20.000ns})
  Destination:            i_dmi_jtag/i_dmi_cdc/i_cdc_resp/i_dst/data_dst_q_reg[data][24]/D
                            (rising edge-triggered cell FDCE clocked by tck  {rise@0.000ns fall@50.000ns period=100.000ns})
  Path Group:             tck
  Path Type:              Setup (Max at Slow Process Corner)
  Requirement:            20.000ns  (MaxDelay Path 20.000ns)
  Data Path Delay:        1.225ns  (logic 0.478ns (39.028%)  route 0.747ns (60.972%))
  Logic Levels:           0  
  Timing Exception:       MaxDelay Path 20.000ns -datapath_only

    Location             Delay type                Incr(ns)  Path(ns)    Netlist Resource(s)
  -------------------------------------------------------------------    -------------------
    SLICE_X92Y85                                      0.000     0.000 r  i_dmi_jtag/i_dmi_cdc/i_cdc_resp/i_src/data_src_q_reg[data][24]/C
    SLICE_X92Y85         FDCE (Prop_fdce_C_Q)         0.478     0.478 r  i_dmi_jtag/i_dmi_cdc/i_cdc_resp/i_src/data_src_q_reg[data][24]/Q
                         net (fo=1, routed)           0.747     1.225    i_dmi_jtag/i_dmi_cdc/i_cdc_resp/i_dst/D[24]
    SLICE_X93Y85         FDCE                                         r  i_dmi_jtag/i_dmi_cdc/i_cdc_resp/i_dst/data_dst_q_reg[data][24]/D
  -------------------------------------------------------------------    -------------------

                         max delay                   20.000    20.000    
    SLICE_X93Y85         FDCE (Setup_fdce_C_D)       -0.266    19.734    i_dmi_jtag/i_dmi_cdc/i_cdc_resp/i_dst/data_dst_q_reg[data][24]
  -------------------------------------------------------------------
                         required time                         19.734    
                         arrival time                          -1.225    
  -------------------------------------------------------------------
                         slack                                 18.509    

Slack (MET) :             18.514ns  (required time - arrival time)
  Source:                 i_dmi_jtag/i_dmi_cdc/i_cdc_resp/i_src/data_src_q_reg[data][13]/C
                            (rising edge-triggered cell FDCE clocked by clk_out1_xlnx_clk_gen  {rise@0.000ns fall@10.000ns period=20.000ns})
  Destination:            i_dmi_jtag/i_dmi_cdc/i_cdc_resp/i_dst/data_dst_q_reg[data][13]/D
                            (rising edge-triggered cell FDCE clocked by tck  {rise@0.000ns fall@50.000ns period=100.000ns})
  Path Group:             tck
  Path Type:              Setup (Max at Slow Process Corner)
  Requirement:            20.000ns  (MaxDelay Path 20.000ns)
  Data Path Delay:        1.391ns  (logic 0.518ns (37.250%)  route 0.873ns (62.750%))
  Logic Levels:           0  
  Timing Exception:       MaxDelay Path 20.000ns -datapath_only

    Location             Delay type                Incr(ns)  Path(ns)    Netlist Resource(s)
  -------------------------------------------------------------------    -------------------
    SLICE_X92Y80                                      0.000     0.000 r  i_dmi_jtag/i_dmi_cdc/i_cdc_resp/i_src/data_src_q_reg[data][13]/C
    SLICE_X92Y80         FDCE (Prop_fdce_C_Q)         0.518     0.518 r  i_dmi_jtag/i_dmi_cdc/i_cdc_resp/i_src/data_src_q_reg[data][13]/Q
                         net (fo=1, routed)           0.873     1.391    i_dmi_jtag/i_dmi_cdc/i_cdc_resp/i_dst/D[13]
    SLICE_X93Y82         FDCE                                         r  i_dmi_jtag/i_dmi_cdc/i_cdc_resp/i_dst/data_dst_q_reg[data][13]/D
  -------------------------------------------------------------------    -------------------

                         max delay                   20.000    20.000    
    SLICE_X93Y82         FDCE (Setup_fdce_C_D)       -0.095    19.905    i_dmi_jtag/i_dmi_cdc/i_cdc_resp/i_dst/data_dst_q_reg[data][13]
  -------------------------------------------------------------------
                         required time                         19.905    
                         arrival time                          -1.391    
  -------------------------------------------------------------------
                         slack                                 18.514    

Slack (MET) :             18.568ns  (required time - arrival time)
  Source:                 i_dmi_jtag/i_dmi_cdc/i_cdc_resp/i_src/data_src_q_reg[data][15]/C
                            (rising edge-triggered cell FDCE clocked by clk_out1_xlnx_clk_gen  {rise@0.000ns fall@10.000ns period=20.000ns})
  Destination:            i_dmi_jtag/i_dmi_cdc/i_cdc_resp/i_dst/data_dst_q_reg[data][15]/D
                            (rising edge-triggered cell FDCE clocked by tck  {rise@0.000ns fall@50.000ns period=100.000ns})
  Path Group:             tck
  Path Type:              Setup (Max at Slow Process Corner)
  Requirement:            20.000ns  (MaxDelay Path 20.000ns)
  Data Path Delay:        1.371ns  (logic 0.518ns (37.777%)  route 0.853ns (62.223%))
  Logic Levels:           0  
  Timing Exception:       MaxDelay Path 20.000ns -datapath_only

    Location             Delay type                Incr(ns)  Path(ns)    Netlist Resource(s)
  -------------------------------------------------------------------    -------------------
    SLICE_X92Y80                                      0.000     0.000 r  i_dmi_jtag/i_dmi_cdc/i_cdc_resp/i_src/data_src_q_reg[data][15]/C
    SLICE_X92Y80         FDCE (Prop_fdce_C_Q)         0.518     0.518 r  i_dmi_jtag/i_dmi_cdc/i_cdc_resp/i_src/data_src_q_reg[data][15]/Q
                         net (fo=1, routed)           0.853     1.371    i_dmi_jtag/i_dmi_cdc/i_cdc_resp/i_dst/D[15]
    SLICE_X93Y82         FDCE                                         r  i_dmi_jtag/i_dmi_cdc/i_cdc_resp/i_dst/data_dst_q_reg[data][15]/D
  -------------------------------------------------------------------    -------------------

                         max delay                   20.000    20.000    
    SLICE_X93Y82         FDCE (Setup_fdce_C_D)       -0.061    19.939    i_dmi_jtag/i_dmi_cdc/i_cdc_resp/i_dst/data_dst_q_reg[data][15]
  -------------------------------------------------------------------
                         required time                         19.939    
                         arrival time                          -1.371    
  -------------------------------------------------------------------
                         slack                                 18.568    

Slack (MET) :             18.647ns  (required time - arrival time)
  Source:                 i_dmi_jtag/i_dmi_cdc/i_cdc_resp/i_src/data_src_q_reg[data][12]/C
                            (rising edge-triggered cell FDCE clocked by clk_out1_xlnx_clk_gen  {rise@0.000ns fall@10.000ns period=20.000ns})
  Destination:            i_dmi_jtag/i_dmi_cdc/i_cdc_resp/i_dst/data_dst_q_reg[data][12]/D
                            (rising edge-triggered cell FDCE clocked by tck  {rise@0.000ns fall@50.000ns period=100.000ns})
  Path Group:             tck
  Path Type:              Setup (Max at Slow Process Corner)
  Requirement:            20.000ns  (MaxDelay Path 20.000ns)
  Data Path Delay:        1.137ns  (logic 0.478ns (42.034%)  route 0.659ns (57.966%))
  Logic Levels:           0  
  Timing Exception:       MaxDelay Path 20.000ns -datapath_only

    Location             Delay type                Incr(ns)  Path(ns)    Netlist Resource(s)
  -------------------------------------------------------------------    -------------------
    SLICE_X92Y80                                      0.000     0.000 r  i_dmi_jtag/i_dmi_cdc/i_cdc_resp/i_src/data_src_q_reg[data][12]/C
    SLICE_X92Y80         FDCE (Prop_fdce_C_Q)         0.478     0.478 r  i_dmi_jtag/i_dmi_cdc/i_cdc_resp/i_src/data_src_q_reg[data][12]/Q
                         net (fo=1, routed)           0.659     1.137    i_dmi_jtag/i_dmi_cdc/i_cdc_resp/i_dst/D[12]
    SLICE_X102Y80        FDCE                                         r  i_dmi_jtag/i_dmi_cdc/i_cdc_resp/i_dst/data_dst_q_reg[data][12]/D
  -------------------------------------------------------------------    -------------------

                         max delay                   20.000    20.000    
    SLICE_X102Y80        FDCE (Setup_fdce_C_D)       -0.216    19.784    i_dmi_jtag/i_dmi_cdc/i_cdc_resp/i_dst/data_dst_q_reg[data][12]
  -------------------------------------------------------------------
                         required time                         19.784    
                         arrival time                          -1.137    
  -------------------------------------------------------------------
                         slack                                 18.647    

Slack (MET) :             18.649ns  (required time - arrival time)
  Source:                 i_dmi_jtag/i_dmi_cdc/i_cdc_resp/i_src/data_src_q_reg[data][10]/C
                            (rising edge-triggered cell FDCE clocked by clk_out1_xlnx_clk_gen  {rise@0.000ns fall@10.000ns period=20.000ns})
  Destination:            i_dmi_jtag/i_dmi_cdc/i_cdc_resp/i_dst/data_dst_q_reg[data][10]/D
                            (rising edge-triggered cell FDCE clocked by tck  {rise@0.000ns fall@50.000ns period=100.000ns})
  Path Group:             tck
  Path Type:              Setup (Max at Slow Process Corner)
  Requirement:            20.000ns  (MaxDelay Path 20.000ns)
  Data Path Delay:        1.132ns  (logic 0.478ns (42.232%)  route 0.654ns (57.768%))
  Logic Levels:           0  
  Timing Exception:       MaxDelay Path 20.000ns -datapath_only

    Location             Delay type                Incr(ns)  Path(ns)    Netlist Resource(s)
  -------------------------------------------------------------------    -------------------
    SLICE_X98Y81                                      0.000     0.000 r  i_dmi_jtag/i_dmi_cdc/i_cdc_resp/i_src/data_src_q_reg[data][10]/C
    SLICE_X98Y81         FDCE (Prop_fdce_C_Q)         0.478     0.478 r  i_dmi_jtag/i_dmi_cdc/i_cdc_resp/i_src/data_src_q_reg[data][10]/Q
                         net (fo=1, routed)           0.654     1.132    i_dmi_jtag/i_dmi_cdc/i_cdc_resp/i_dst/D[10]
    SLICE_X102Y80        FDCE                                         r  i_dmi_jtag/i_dmi_cdc/i_cdc_resp/i_dst/data_dst_q_reg[data][10]/D
  -------------------------------------------------------------------    -------------------

                         max delay                   20.000    20.000    
    SLICE_X102Y80        FDCE (Setup_fdce_C_D)       -0.219    19.781    i_dmi_jtag/i_dmi_cdc/i_cdc_resp/i_dst/data_dst_q_reg[data][10]
  -------------------------------------------------------------------
                         required time                         19.781    
                         arrival time                          -1.132    
  -------------------------------------------------------------------
                         slack                                 18.649    

Slack (MET) :             18.664ns  (required time - arrival time)
  Source:                 i_dmi_jtag/i_dmi_cdc/i_cdc_resp/i_src/data_src_q_reg[data][18]/C
                            (rising edge-triggered cell FDCE clocked by clk_out1_xlnx_clk_gen  {rise@0.000ns fall@10.000ns period=20.000ns})
  Destination:            i_dmi_jtag/i_dmi_cdc/i_cdc_resp/i_dst/data_dst_q_reg[data][18]/D
                            (rising edge-triggered cell FDCE clocked by tck  {rise@0.000ns fall@50.000ns period=100.000ns})
  Path Group:             tck
  Path Type:              Setup (Max at Slow Process Corner)
  Requirement:            20.000ns  (MaxDelay Path 20.000ns)
  Data Path Delay:        1.070ns  (logic 0.478ns (44.688%)  route 0.592ns (55.312%))
  Logic Levels:           0  
  Timing Exception:       MaxDelay Path 20.000ns -datapath_only

    Location             Delay type                Incr(ns)  Path(ns)    Netlist Resource(s)
  -------------------------------------------------------------------    -------------------
    SLICE_X92Y86                                      0.000     0.000 r  i_dmi_jtag/i_dmi_cdc/i_cdc_resp/i_src/data_src_q_reg[data][18]/C
    SLICE_X92Y86         FDCE (Prop_fdce_C_Q)         0.478     0.478 r  i_dmi_jtag/i_dmi_cdc/i_cdc_resp/i_src/data_src_q_reg[data][18]/Q
                         net (fo=1, routed)           0.592     1.070    i_dmi_jtag/i_dmi_cdc/i_cdc_resp/i_dst/D[18]
    SLICE_X93Y86         FDCE                                         r  i_dmi_jtag/i_dmi_cdc/i_cdc_resp/i_dst/data_dst_q_reg[data][18]/D
  -------------------------------------------------------------------    -------------------

                         max delay                   20.000    20.000    
    SLICE_X93Y86         FDCE (Setup_fdce_C_D)       -0.266    19.734    i_dmi_jtag/i_dmi_cdc/i_cdc_resp/i_dst/data_dst_q_reg[data][18]
  -------------------------------------------------------------------
                         required time                         19.734    
                         arrival time                          -1.070    
  -------------------------------------------------------------------
                         slack                                 18.664    

Slack (MET) :             18.667ns  (required time - arrival time)
  Source:                 i_dmi_jtag/i_dmi_cdc/i_cdc_resp/i_src/data_src_q_reg[data][20]/C
                            (rising edge-triggered cell FDCE clocked by clk_out1_xlnx_clk_gen  {rise@0.000ns fall@10.000ns period=20.000ns})
  Destination:            i_dmi_jtag/i_dmi_cdc/i_cdc_resp/i_dst/data_dst_q_reg[data][20]/D
                            (rising edge-triggered cell FDCE clocked by tck  {rise@0.000ns fall@50.000ns period=100.000ns})
  Path Group:             tck
  Path Type:              Setup (Max at Slow Process Corner)
  Requirement:            20.000ns  (MaxDelay Path 20.000ns)
  Data Path Delay:        1.095ns  (logic 0.478ns (43.651%)  route 0.617ns (56.349%))
  Logic Levels:           0  
  Timing Exception:       MaxDelay Path 20.000ns -datapath_only

    Location             Delay type                Incr(ns)  Path(ns)    Netlist Resource(s)
  -------------------------------------------------------------------    -------------------
    SLICE_X92Y86                                      0.000     0.000 r  i_dmi_jtag/i_dmi_cdc/i_cdc_resp/i_src/data_src_q_reg[data][20]/C
    SLICE_X92Y86         FDCE (Prop_fdce_C_Q)         0.478     0.478 r  i_dmi_jtag/i_dmi_cdc/i_cdc_resp/i_src/data_src_q_reg[data][20]/Q
                         net (fo=1, routed)           0.617     1.095    i_dmi_jtag/i_dmi_cdc/i_cdc_resp/i_dst/D[20]
    SLICE_X93Y86         FDCE                                         r  i_dmi_jtag/i_dmi_cdc/i_cdc_resp/i_dst/data_dst_q_reg[data][20]/D
  -------------------------------------------------------------------    -------------------

                         max delay                   20.000    20.000    
    SLICE_X93Y86         FDCE (Setup_fdce_C_D)       -0.238    19.762    i_dmi_jtag/i_dmi_cdc/i_cdc_resp/i_dst/data_dst_q_reg[data][20]
  -------------------------------------------------------------------
                         required time                         19.762    
                         arrival time                          -1.095    
  -------------------------------------------------------------------
                         slack                                 18.667    

Slack (MET) :             18.685ns  (required time - arrival time)
  Source:                 i_dmi_jtag/i_dmi_cdc/i_cdc_resp/i_src/data_src_q_reg[data][0]/C
                            (rising edge-triggered cell FDCE clocked by clk_out1_xlnx_clk_gen  {rise@0.000ns fall@10.000ns period=20.000ns})
  Destination:            i_dmi_jtag/i_dmi_cdc/i_cdc_resp/i_dst/data_dst_q_reg[data][0]/D
                            (rising edge-triggered cell FDCE clocked by tck  {rise@0.000ns fall@50.000ns period=100.000ns})
  Path Group:             tck
  Path Type:              Setup (Max at Slow Process Corner)
  Requirement:            20.000ns  (MaxDelay Path 20.000ns)
  Data Path Delay:        1.097ns  (logic 0.478ns (43.588%)  route 0.619ns (56.412%))
  Logic Levels:           0  
  Timing Exception:       MaxDelay Path 20.000ns -datapath_only

    Location             Delay type                Incr(ns)  Path(ns)    Netlist Resource(s)
  -------------------------------------------------------------------    -------------------
    SLICE_X98Y80                                      0.000     0.000 r  i_dmi_jtag/i_dmi_cdc/i_cdc_resp/i_src/data_src_q_reg[data][0]/C
    SLICE_X98Y80         FDCE (Prop_fdce_C_Q)         0.478     0.478 r  i_dmi_jtag/i_dmi_cdc/i_cdc_resp/i_src/data_src_q_reg[data][0]/Q
                         net (fo=1, routed)           0.619     1.097    i_dmi_jtag/i_dmi_cdc/i_cdc_resp/i_dst/D[0]
    SLICE_X102Y82        FDCE                                         r  i_dmi_jtag/i_dmi_cdc/i_cdc_resp/i_dst/data_dst_q_reg[data][0]/D
  -------------------------------------------------------------------    -------------------

                         max delay                   20.000    20.000    
    SLICE_X102Y82        FDCE (Setup_fdce_C_D)       -0.218    19.782    i_dmi_jtag/i_dmi_cdc/i_cdc_resp/i_dst/data_dst_q_reg[data][0]
  -------------------------------------------------------------------
                         required time                         19.782    
                         arrival time                          -1.097    
  -------------------------------------------------------------------
                         slack                                 18.685    

Slack (MET) :             18.788ns  (required time - arrival time)
  Source:                 i_dmi_jtag/i_dmi_cdc/i_cdc_resp/i_src/data_src_q_reg[data][14]/C
                            (rising edge-triggered cell FDCE clocked by clk_out1_xlnx_clk_gen  {rise@0.000ns fall@10.000ns period=20.000ns})
  Destination:            i_dmi_jtag/i_dmi_cdc/i_cdc_resp/i_dst/data_dst_q_reg[data][14]/D
                            (rising edge-triggered cell FDCE clocked by tck  {rise@0.000ns fall@50.000ns period=100.000ns})
  Path Group:             tck
  Path Type:              Setup (Max at Slow Process Corner)
  Requirement:            20.000ns  (MaxDelay Path 20.000ns)
  Data Path Delay:        0.954ns  (logic 0.478ns (50.111%)  route 0.476ns (49.889%))
  Logic Levels:           0  
  Timing Exception:       MaxDelay Path 20.000ns -datapath_only

    Location             Delay type                Incr(ns)  Path(ns)    Netlist Resource(s)
  -------------------------------------------------------------------    -------------------
    SLICE_X92Y80                                      0.000     0.000 r  i_dmi_jtag/i_dmi_cdc/i_cdc_resp/i_src/data_src_q_reg[data][14]/C
    SLICE_X92Y80         FDCE (Prop_fdce_C_Q)         0.478     0.478 r  i_dmi_jtag/i_dmi_cdc/i_cdc_resp/i_src/data_src_q_reg[data][14]/Q
                         net (fo=1, routed)           0.476     0.954    i_dmi_jtag/i_dmi_cdc/i_cdc_resp/i_dst/D[14]
    SLICE_X93Y82         FDCE                                         r  i_dmi_jtag/i_dmi_cdc/i_cdc_resp/i_dst/data_dst_q_reg[data][14]/D
  -------------------------------------------------------------------    -------------------

                         max delay                   20.000    20.000    
    SLICE_X93Y82         FDCE (Setup_fdce_C_D)       -0.258    19.742    i_dmi_jtag/i_dmi_cdc/i_cdc_resp/i_dst/data_dst_q_reg[data][14]
  -------------------------------------------------------------------
                         required time                         19.742    
                         arrival time                          -0.954    
  -------------------------------------------------------------------
                         slack                                 18.788    

Slack (MET) :             18.798ns  (required time - arrival time)
  Source:                 i_dmi_jtag/i_dmi_cdc/i_cdc_resp/i_src/data_src_q_reg[data][31]/C
                            (rising edge-triggered cell FDCE clocked by clk_out1_xlnx_clk_gen  {rise@0.000ns fall@10.000ns period=20.000ns})
  Destination:            i_dmi_jtag/i_dmi_cdc/i_cdc_resp/i_dst/data_dst_q_reg[data][31]/D
                            (rising edge-triggered cell FDCE clocked by tck  {rise@0.000ns fall@50.000ns period=100.000ns})
  Path Group:             tck
  Path Type:              Setup (Max at Slow Process Corner)
  Requirement:            20.000ns  (MaxDelay Path 20.000ns)
  Data Path Delay:        0.990ns  (logic 0.478ns (48.271%)  route 0.512ns (51.729%))
  Logic Levels:           0  
  Timing Exception:       MaxDelay Path 20.000ns -datapath_only

    Location             Delay type                Incr(ns)  Path(ns)    Netlist Resource(s)
  -------------------------------------------------------------------    -------------------
    SLICE_X94Y84                                      0.000     0.000 r  i_dmi_jtag/i_dmi_cdc/i_cdc_resp/i_src/data_src_q_reg[data][31]/C
    SLICE_X94Y84         FDCE (Prop_fdce_C_Q)         0.478     0.478 r  i_dmi_jtag/i_dmi_cdc/i_cdc_resp/i_src/data_src_q_reg[data][31]/Q
                         net (fo=1, routed)           0.512     0.990    i_dmi_jtag/i_dmi_cdc/i_cdc_resp/i_dst/D[31]
    SLICE_X93Y85         FDCE                                         r  i_dmi_jtag/i_dmi_cdc/i_cdc_resp/i_dst/data_dst_q_reg[data][31]/D
  -------------------------------------------------------------------    -------------------

                         max delay                   20.000    20.000    
    SLICE_X93Y85         FDCE (Setup_fdce_C_D)       -0.212    19.788    i_dmi_jtag/i_dmi_cdc/i_cdc_resp/i_dst/data_dst_q_reg[data][31]
  -------------------------------------------------------------------
                         required time                         19.788    
                         arrival time                          -0.990    
  -------------------------------------------------------------------
                         slack                                 18.798    





---------------------------------------------------------------------------------------------------
Path Group:  **async_default**
From Clock:  clk_out1_xlnx_clk_gen
  To Clock:  clk_out1_xlnx_clk_gen

Setup :            0  Failing Endpoints,  Worst Slack       17.008ns,  Total Violation        0.000ns
Hold  :            0  Failing Endpoints,  Worst Slack        0.537ns,  Total Violation        0.000ns
---------------------------------------------------------------------------------------------------


Max Delay Paths
--------------------------------------------------------------------------------------
Slack (MET) :             17.008ns  (required time - arrival time)
  Source:                 i_axi_dwidth_converter_dm_slave/inst/gen_downsizer.gen_simple_downsizer.axi_downsizer_inst/USE_READ.read_addr_inst/cmd_queue/inst/fifo_gen_inst/inst_fifo_gen/gconvfifo.rf/grf.rf/rstblk/ngwrdrst.grst.g7serrst.gnsckt_wrst.gcc_rst.sckt_wr_rst_cc_reg[1]/C
                            (rising edge-triggered cell FDRE clocked by clk_out1_xlnx_clk_gen  {rise@0.000ns fall@10.000ns period=20.000ns})
  Destination:            i_axi_dwidth_converter_dm_slave/inst/gen_downsizer.gen_simple_downsizer.axi_downsizer_inst/USE_READ.read_addr_inst/cmd_queue/inst/fifo_gen_inst/inst_fifo_gen/gconvfifo.rf/grf.rf/gntv_or_sync_fifo.gl0.wr/wpntr/gcc0.gc0.count_d1_reg[0]/CLR
                            (recovery check against rising-edge clock clk_out1_xlnx_clk_gen  {rise@0.000ns fall@10.000ns period=20.000ns})
  Path Group:             **async_default**
  Path Type:              Recovery (Max at Slow Process Corner)
  Requirement:            20.000ns  (clk_out1_xlnx_clk_gen rise@20.000ns - clk_out1_xlnx_clk_gen rise@0.000ns)
  Data Path Delay:        2.481ns  (logic 0.642ns (25.879%)  route 1.839ns (74.121%))
  Logic Levels:           1  (LUT3=1)
  Clock Path Skew:        -0.027ns (DCD - SCD + CPR)
    Destination Clock Delay (DCD):    -1.539ns = ( 18.461 - 20.000 ) 
    Source Clock Delay      (SCD):    -0.907ns
    Clock Pessimism Removal (CPR):    0.605ns
  Clock Uncertainty:      0.079ns  ((TSJ^2 + DJ^2)^1/2) / 2 + PE
    Total System Jitter     (TSJ):    0.071ns
    Discrete Jitter          (DJ):    0.142ns
    Phase Error              (PE):    0.000ns

    Location             Delay type                Incr(ns)  Path(ns)    Netlist Resource(s)
  -------------------------------------------------------------------    -------------------
                         (clock clk_out1_xlnx_clk_gen rise edge)
                                                      0.000     0.000 r  
    K17                                               0.000     0.000 r  clk_sys (IN)
                         net (fo=0)                   0.000     0.000    i_xlnx_clk_gen/inst/clk_in1
    K17                  IBUF (Prop_ibuf_I_O)         1.475     1.475 r  i_xlnx_clk_gen/inst/clkin1_ibufg/O
                         net (fo=1, routed)           1.285     2.760    i_xlnx_clk_gen/inst/clk_in1_xlnx_clk_gen
    MMCME2_ADV_X1Y2      MMCME2_ADV (Prop_mmcme2_adv_CLKIN1_CLKOUT0)
                                                     -7.759    -4.999 r  i_xlnx_clk_gen/inst/mmcm_adv_inst/CLKOUT0
                         net (fo=1, routed)           2.206    -2.793    i_xlnx_clk_gen/inst/clk_out1_xlnx_clk_gen
    BUFGCTRL_X0Y16       BUFG (Prop_bufg_I_O)         0.101    -2.692 r  i_xlnx_clk_gen/inst/clkout1_buf/O
                         net (fo=15149, routed)       1.785    -0.907    i_axi_dwidth_converter_dm_slave/inst/gen_downsizer.gen_simple_downsizer.axi_downsizer_inst/USE_READ.read_addr_inst/cmd_queue/inst/fifo_gen_inst/inst_fifo_gen/gconvfifo.rf/grf.rf/rstblk/clk
    SLICE_X100Y56        FDRE                                         r  i_axi_dwidth_converter_dm_slave/inst/gen_downsizer.gen_simple_downsizer.axi_downsizer_inst/USE_READ.read_addr_inst/cmd_queue/inst/fifo_gen_inst/inst_fifo_gen/gconvfifo.rf/grf.rf/rstblk/ngwrdrst.grst.g7serrst.gnsckt_wrst.gcc_rst.sckt_wr_rst_cc_reg[1]/C
  -------------------------------------------------------------------    -------------------
    SLICE_X100Y56        FDRE (Prop_fdre_C_Q)         0.518    -0.389 f  i_axi_dwidth_converter_dm_slave/inst/gen_downsizer.gen_simple_downsizer.axi_downsizer_inst/USE_READ.read_addr_inst/cmd_queue/inst/fifo_gen_inst/inst_fifo_gen/gconvfifo.rf/grf.rf/rstblk/ngwrdrst.grst.g7serrst.gnsckt_wrst.gcc_rst.sckt_wr_rst_cc_reg[1]/Q
                         net (fo=2, routed)           0.870     0.481    i_axi_dwidth_converter_dm_slave/inst/gen_downsizer.gen_simple_downsizer.axi_downsizer_inst/USE_READ.read_addr_inst/cmd_queue/inst/fifo_gen_inst/inst_fifo_gen/gconvfifo.rf/grf.rf/rstblk/ngwrdrst.grst.g7serrst.gnsckt_wrst.gcc_rst.sckt_wr_rst_cc[1]
    SLICE_X100Y56        LUT3 (Prop_lut3_I0_O)        0.124     0.605 f  i_axi_dwidth_converter_dm_slave/inst/gen_downsizer.gen_simple_downsizer.axi_downsizer_inst/USE_READ.read_addr_inst/cmd_queue/inst/fifo_gen_inst/inst_fifo_gen/gconvfifo.rf/grf.rf/rstblk/gpregsm1.curr_fwft_state[1]_i_2/O
                         net (fo=32, routed)          0.968     1.574    i_axi_dwidth_converter_dm_slave/inst/gen_downsizer.gen_simple_downsizer.axi_downsizer_inst/USE_READ.read_addr_inst/cmd_queue/inst/fifo_gen_inst/inst_fifo_gen/gconvfifo.rf/grf.rf/gntv_or_sync_fifo.gl0.wr/wpntr/AR[0]
    SLICE_X99Y60         FDCE                                         f  i_axi_dwidth_converter_dm_slave/inst/gen_downsizer.gen_simple_downsizer.axi_downsizer_inst/USE_READ.read_addr_inst/cmd_queue/inst/fifo_gen_inst/inst_fifo_gen/gconvfifo.rf/grf.rf/gntv_or_sync_fifo.gl0.wr/wpntr/gcc0.gc0.count_d1_reg[0]/CLR
  -------------------------------------------------------------------    -------------------

                         (clock clk_out1_xlnx_clk_gen rise edge)
                                                     20.000    20.000 r  
    K17                                               0.000    20.000 r  clk_sys (IN)
                         net (fo=0)                   0.000    20.000    i_xlnx_clk_gen/inst/clk_in1
    K17                  IBUF (Prop_ibuf_I_O)         1.404    21.404 r  i_xlnx_clk_gen/inst/clkin1_ibufg/O
                         net (fo=1, routed)           1.162    22.566    i_xlnx_clk_gen/inst/clk_in1_xlnx_clk_gen
    MMCME2_ADV_X1Y2      MMCME2_ADV (Prop_mmcme2_adv_CLKIN1_CLKOUT0)
                                                     -7.814    14.752 r  i_xlnx_clk_gen/inst/mmcm_adv_inst/CLKOUT0
                         net (fo=1, routed)           2.012    16.764    i_xlnx_clk_gen/inst/clk_out1_xlnx_clk_gen
    BUFGCTRL_X0Y16       BUFG (Prop_bufg_I_O)         0.091    16.855 r  i_xlnx_clk_gen/inst/clkout1_buf/O
                         net (fo=15149, routed)       1.606    18.461    i_axi_dwidth_converter_dm_slave/inst/gen_downsizer.gen_simple_downsizer.axi_downsizer_inst/USE_READ.read_addr_inst/cmd_queue/inst/fifo_gen_inst/inst_fifo_gen/gconvfifo.rf/grf.rf/gntv_or_sync_fifo.gl0.wr/wpntr/clk
    SLICE_X99Y60         FDCE                                         r  i_axi_dwidth_converter_dm_slave/inst/gen_downsizer.gen_simple_downsizer.axi_downsizer_inst/USE_READ.read_addr_inst/cmd_queue/inst/fifo_gen_inst/inst_fifo_gen/gconvfifo.rf/grf.rf/gntv_or_sync_fifo.gl0.wr/wpntr/gcc0.gc0.count_d1_reg[0]/C
                         clock pessimism              0.605    19.066    
                         clock uncertainty           -0.079    18.986    
    SLICE_X99Y60         FDCE (Recov_fdce_C_CLR)     -0.405    18.581    i_axi_dwidth_converter_dm_slave/inst/gen_downsizer.gen_simple_downsizer.axi_downsizer_inst/USE_READ.read_addr_inst/cmd_queue/inst/fifo_gen_inst/inst_fifo_gen/gconvfifo.rf/grf.rf/gntv_or_sync_fifo.gl0.wr/wpntr/gcc0.gc0.count_d1_reg[0]
  -------------------------------------------------------------------
                         required time                         18.581    
                         arrival time                          -1.574    
  -------------------------------------------------------------------
                         slack                                 17.008    

Slack (MET) :             17.008ns  (required time - arrival time)
  Source:                 i_axi_dwidth_converter_dm_slave/inst/gen_downsizer.gen_simple_downsizer.axi_downsizer_inst/USE_READ.read_addr_inst/cmd_queue/inst/fifo_gen_inst/inst_fifo_gen/gconvfifo.rf/grf.rf/rstblk/ngwrdrst.grst.g7serrst.gnsckt_wrst.gcc_rst.sckt_wr_rst_cc_reg[1]/C
                            (rising edge-triggered cell FDRE clocked by clk_out1_xlnx_clk_gen  {rise@0.000ns fall@10.000ns period=20.000ns})
  Destination:            i_axi_dwidth_converter_dm_slave/inst/gen_downsizer.gen_simple_downsizer.axi_downsizer_inst/USE_READ.read_addr_inst/cmd_queue/inst/fifo_gen_inst/inst_fifo_gen/gconvfifo.rf/grf.rf/gntv_or_sync_fifo.gl0.wr/wpntr/gcc0.gc0.count_d1_reg[2]/CLR
                            (recovery check against rising-edge clock clk_out1_xlnx_clk_gen  {rise@0.000ns fall@10.000ns period=20.000ns})
  Path Group:             **async_default**
  Path Type:              Recovery (Max at Slow Process Corner)
  Requirement:            20.000ns  (clk_out1_xlnx_clk_gen rise@20.000ns - clk_out1_xlnx_clk_gen rise@0.000ns)
  Data Path Delay:        2.481ns  (logic 0.642ns (25.879%)  route 1.839ns (74.121%))
  Logic Levels:           1  (LUT3=1)
  Clock Path Skew:        -0.027ns (DCD - SCD + CPR)
    Destination Clock Delay (DCD):    -1.539ns = ( 18.461 - 20.000 ) 
    Source Clock Delay      (SCD):    -0.907ns
    Clock Pessimism Removal (CPR):    0.605ns
  Clock Uncertainty:      0.079ns  ((TSJ^2 + DJ^2)^1/2) / 2 + PE
    Total System Jitter     (TSJ):    0.071ns
    Discrete Jitter          (DJ):    0.142ns
    Phase Error              (PE):    0.000ns

    Location             Delay type                Incr(ns)  Path(ns)    Netlist Resource(s)
  -------------------------------------------------------------------    -------------------
                         (clock clk_out1_xlnx_clk_gen rise edge)
                                                      0.000     0.000 r  
    K17                                               0.000     0.000 r  clk_sys (IN)
                         net (fo=0)                   0.000     0.000    i_xlnx_clk_gen/inst/clk_in1
    K17                  IBUF (Prop_ibuf_I_O)         1.475     1.475 r  i_xlnx_clk_gen/inst/clkin1_ibufg/O
                         net (fo=1, routed)           1.285     2.760    i_xlnx_clk_gen/inst/clk_in1_xlnx_clk_gen
    MMCME2_ADV_X1Y2      MMCME2_ADV (Prop_mmcme2_adv_CLKIN1_CLKOUT0)
                                                     -7.759    -4.999 r  i_xlnx_clk_gen/inst/mmcm_adv_inst/CLKOUT0
                         net (fo=1, routed)           2.206    -2.793    i_xlnx_clk_gen/inst/clk_out1_xlnx_clk_gen
    BUFGCTRL_X0Y16       BUFG (Prop_bufg_I_O)         0.101    -2.692 r  i_xlnx_clk_gen/inst/clkout1_buf/O
                         net (fo=15149, routed)       1.785    -0.907    i_axi_dwidth_converter_dm_slave/inst/gen_downsizer.gen_simple_downsizer.axi_downsizer_inst/USE_READ.read_addr_inst/cmd_queue/inst/fifo_gen_inst/inst_fifo_gen/gconvfifo.rf/grf.rf/rstblk/clk
    SLICE_X100Y56        FDRE                                         r  i_axi_dwidth_converter_dm_slave/inst/gen_downsizer.gen_simple_downsizer.axi_downsizer_inst/USE_READ.read_addr_inst/cmd_queue/inst/fifo_gen_inst/inst_fifo_gen/gconvfifo.rf/grf.rf/rstblk/ngwrdrst.grst.g7serrst.gnsckt_wrst.gcc_rst.sckt_wr_rst_cc_reg[1]/C
  -------------------------------------------------------------------    -------------------
    SLICE_X100Y56        FDRE (Prop_fdre_C_Q)         0.518    -0.389 f  i_axi_dwidth_converter_dm_slave/inst/gen_downsizer.gen_simple_downsizer.axi_downsizer_inst/USE_READ.read_addr_inst/cmd_queue/inst/fifo_gen_inst/inst_fifo_gen/gconvfifo.rf/grf.rf/rstblk/ngwrdrst.grst.g7serrst.gnsckt_wrst.gcc_rst.sckt_wr_rst_cc_reg[1]/Q
                         net (fo=2, routed)           0.870     0.481    i_axi_dwidth_converter_dm_slave/inst/gen_downsizer.gen_simple_downsizer.axi_downsizer_inst/USE_READ.read_addr_inst/cmd_queue/inst/fifo_gen_inst/inst_fifo_gen/gconvfifo.rf/grf.rf/rstblk/ngwrdrst.grst.g7serrst.gnsckt_wrst.gcc_rst.sckt_wr_rst_cc[1]
    SLICE_X100Y56        LUT3 (Prop_lut3_I0_O)        0.124     0.605 f  i_axi_dwidth_converter_dm_slave/inst/gen_downsizer.gen_simple_downsizer.axi_downsizer_inst/USE_READ.read_addr_inst/cmd_queue/inst/fifo_gen_inst/inst_fifo_gen/gconvfifo.rf/grf.rf/rstblk/gpregsm1.curr_fwft_state[1]_i_2/O
                         net (fo=32, routed)          0.968     1.574    i_axi_dwidth_converter_dm_slave/inst/gen_downsizer.gen_simple_downsizer.axi_downsizer_inst/USE_READ.read_addr_inst/cmd_queue/inst/fifo_gen_inst/inst_fifo_gen/gconvfifo.rf/grf.rf/gntv_or_sync_fifo.gl0.wr/wpntr/AR[0]
    SLICE_X99Y60         FDCE                                         f  i_axi_dwidth_converter_dm_slave/inst/gen_downsizer.gen_simple_downsizer.axi_downsizer_inst/USE_READ.read_addr_inst/cmd_queue/inst/fifo_gen_inst/inst_fifo_gen/gconvfifo.rf/grf.rf/gntv_or_sync_fifo.gl0.wr/wpntr/gcc0.gc0.count_d1_reg[2]/CLR
  -------------------------------------------------------------------    -------------------

                         (clock clk_out1_xlnx_clk_gen rise edge)
                                                     20.000    20.000 r  
    K17                                               0.000    20.000 r  clk_sys (IN)
                         net (fo=0)                   0.000    20.000    i_xlnx_clk_gen/inst/clk_in1
    K17                  IBUF (Prop_ibuf_I_O)         1.404    21.404 r  i_xlnx_clk_gen/inst/clkin1_ibufg/O
                         net (fo=1, routed)           1.162    22.566    i_xlnx_clk_gen/inst/clk_in1_xlnx_clk_gen
    MMCME2_ADV_X1Y2      MMCME2_ADV (Prop_mmcme2_adv_CLKIN1_CLKOUT0)
                                                     -7.814    14.752 r  i_xlnx_clk_gen/inst/mmcm_adv_inst/CLKOUT0
                         net (fo=1, routed)           2.012    16.764    i_xlnx_clk_gen/inst/clk_out1_xlnx_clk_gen
    BUFGCTRL_X0Y16       BUFG (Prop_bufg_I_O)         0.091    16.855 r  i_xlnx_clk_gen/inst/clkout1_buf/O
                         net (fo=15149, routed)       1.606    18.461    i_axi_dwidth_converter_dm_slave/inst/gen_downsizer.gen_simple_downsizer.axi_downsizer_inst/USE_READ.read_addr_inst/cmd_queue/inst/fifo_gen_inst/inst_fifo_gen/gconvfifo.rf/grf.rf/gntv_or_sync_fifo.gl0.wr/wpntr/clk
    SLICE_X99Y60         FDCE                                         r  i_axi_dwidth_converter_dm_slave/inst/gen_downsizer.gen_simple_downsizer.axi_downsizer_inst/USE_READ.read_addr_inst/cmd_queue/inst/fifo_gen_inst/inst_fifo_gen/gconvfifo.rf/grf.rf/gntv_or_sync_fifo.gl0.wr/wpntr/gcc0.gc0.count_d1_reg[2]/C
                         clock pessimism              0.605    19.066    
                         clock uncertainty           -0.079    18.986    
    SLICE_X99Y60         FDCE (Recov_fdce_C_CLR)     -0.405    18.581    i_axi_dwidth_converter_dm_slave/inst/gen_downsizer.gen_simple_downsizer.axi_downsizer_inst/USE_READ.read_addr_inst/cmd_queue/inst/fifo_gen_inst/inst_fifo_gen/gconvfifo.rf/grf.rf/gntv_or_sync_fifo.gl0.wr/wpntr/gcc0.gc0.count_d1_reg[2]
  -------------------------------------------------------------------
                         required time                         18.581    
                         arrival time                          -1.574    
  -------------------------------------------------------------------
                         slack                                 17.008    

Slack (MET) :             17.008ns  (required time - arrival time)
  Source:                 i_axi_dwidth_converter_dm_slave/inst/gen_downsizer.gen_simple_downsizer.axi_downsizer_inst/USE_READ.read_addr_inst/cmd_queue/inst/fifo_gen_inst/inst_fifo_gen/gconvfifo.rf/grf.rf/rstblk/ngwrdrst.grst.g7serrst.gnsckt_wrst.gcc_rst.sckt_wr_rst_cc_reg[1]/C
                            (rising edge-triggered cell FDRE clocked by clk_out1_xlnx_clk_gen  {rise@0.000ns fall@10.000ns period=20.000ns})
  Destination:            i_axi_dwidth_converter_dm_slave/inst/gen_downsizer.gen_simple_downsizer.axi_downsizer_inst/USE_READ.read_addr_inst/cmd_queue/inst/fifo_gen_inst/inst_fifo_gen/gconvfifo.rf/grf.rf/gntv_or_sync_fifo.gl0.wr/wpntr/gcc0.gc0.count_reg[2]/CLR
                            (recovery check against rising-edge clock clk_out1_xlnx_clk_gen  {rise@0.000ns fall@10.000ns period=20.000ns})
  Path Group:             **async_default**
  Path Type:              Recovery (Max at Slow Process Corner)
  Requirement:            20.000ns  (clk_out1_xlnx_clk_gen rise@20.000ns - clk_out1_xlnx_clk_gen rise@0.000ns)
  Data Path Delay:        2.481ns  (logic 0.642ns (25.879%)  route 1.839ns (74.121%))
  Logic Levels:           1  (LUT3=1)
  Clock Path Skew:        -0.027ns (DCD - SCD + CPR)
    Destination Clock Delay (DCD):    -1.539ns = ( 18.461 - 20.000 ) 
    Source Clock Delay      (SCD):    -0.907ns
    Clock Pessimism Removal (CPR):    0.605ns
  Clock Uncertainty:      0.079ns  ((TSJ^2 + DJ^2)^1/2) / 2 + PE
    Total System Jitter     (TSJ):    0.071ns
    Discrete Jitter          (DJ):    0.142ns
    Phase Error              (PE):    0.000ns

    Location             Delay type                Incr(ns)  Path(ns)    Netlist Resource(s)
  -------------------------------------------------------------------    -------------------
                         (clock clk_out1_xlnx_clk_gen rise edge)
                                                      0.000     0.000 r  
    K17                                               0.000     0.000 r  clk_sys (IN)
                         net (fo=0)                   0.000     0.000    i_xlnx_clk_gen/inst/clk_in1
    K17                  IBUF (Prop_ibuf_I_O)         1.475     1.475 r  i_xlnx_clk_gen/inst/clkin1_ibufg/O
                         net (fo=1, routed)           1.285     2.760    i_xlnx_clk_gen/inst/clk_in1_xlnx_clk_gen
    MMCME2_ADV_X1Y2      MMCME2_ADV (Prop_mmcme2_adv_CLKIN1_CLKOUT0)
                                                     -7.759    -4.999 r  i_xlnx_clk_gen/inst/mmcm_adv_inst/CLKOUT0
                         net (fo=1, routed)           2.206    -2.793    i_xlnx_clk_gen/inst/clk_out1_xlnx_clk_gen
    BUFGCTRL_X0Y16       BUFG (Prop_bufg_I_O)         0.101    -2.692 r  i_xlnx_clk_gen/inst/clkout1_buf/O
                         net (fo=15149, routed)       1.785    -0.907    i_axi_dwidth_converter_dm_slave/inst/gen_downsizer.gen_simple_downsizer.axi_downsizer_inst/USE_READ.read_addr_inst/cmd_queue/inst/fifo_gen_inst/inst_fifo_gen/gconvfifo.rf/grf.rf/rstblk/clk
    SLICE_X100Y56        FDRE                                         r  i_axi_dwidth_converter_dm_slave/inst/gen_downsizer.gen_simple_downsizer.axi_downsizer_inst/USE_READ.read_addr_inst/cmd_queue/inst/fifo_gen_inst/inst_fifo_gen/gconvfifo.rf/grf.rf/rstblk/ngwrdrst.grst.g7serrst.gnsckt_wrst.gcc_rst.sckt_wr_rst_cc_reg[1]/C
  -------------------------------------------------------------------    -------------------
    SLICE_X100Y56        FDRE (Prop_fdre_C_Q)         0.518    -0.389 f  i_axi_dwidth_converter_dm_slave/inst/gen_downsizer.gen_simple_downsizer.axi_downsizer_inst/USE_READ.read_addr_inst/cmd_queue/inst/fifo_gen_inst/inst_fifo_gen/gconvfifo.rf/grf.rf/rstblk/ngwrdrst.grst.g7serrst.gnsckt_wrst.gcc_rst.sckt_wr_rst_cc_reg[1]/Q
                         net (fo=2, routed)           0.870     0.481    i_axi_dwidth_converter_dm_slave/inst/gen_downsizer.gen_simple_downsizer.axi_downsizer_inst/USE_READ.read_addr_inst/cmd_queue/inst/fifo_gen_inst/inst_fifo_gen/gconvfifo.rf/grf.rf/rstblk/ngwrdrst.grst.g7serrst.gnsckt_wrst.gcc_rst.sckt_wr_rst_cc[1]
    SLICE_X100Y56        LUT3 (Prop_lut3_I0_O)        0.124     0.605 f  i_axi_dwidth_converter_dm_slave/inst/gen_downsizer.gen_simple_downsizer.axi_downsizer_inst/USE_READ.read_addr_inst/cmd_queue/inst/fifo_gen_inst/inst_fifo_gen/gconvfifo.rf/grf.rf/rstblk/gpregsm1.curr_fwft_state[1]_i_2/O
                         net (fo=32, routed)          0.968     1.574    i_axi_dwidth_converter_dm_slave/inst/gen_downsizer.gen_simple_downsizer.axi_downsizer_inst/USE_READ.read_addr_inst/cmd_queue/inst/fifo_gen_inst/inst_fifo_gen/gconvfifo.rf/grf.rf/gntv_or_sync_fifo.gl0.wr/wpntr/AR[0]
    SLICE_X99Y60         FDCE                                         f  i_axi_dwidth_converter_dm_slave/inst/gen_downsizer.gen_simple_downsizer.axi_downsizer_inst/USE_READ.read_addr_inst/cmd_queue/inst/fifo_gen_inst/inst_fifo_gen/gconvfifo.rf/grf.rf/gntv_or_sync_fifo.gl0.wr/wpntr/gcc0.gc0.count_reg[2]/CLR
  -------------------------------------------------------------------    -------------------

                         (clock clk_out1_xlnx_clk_gen rise edge)
                                                     20.000    20.000 r  
    K17                                               0.000    20.000 r  clk_sys (IN)
                         net (fo=0)                   0.000    20.000    i_xlnx_clk_gen/inst/clk_in1
    K17                  IBUF (Prop_ibuf_I_O)         1.404    21.404 r  i_xlnx_clk_gen/inst/clkin1_ibufg/O
                         net (fo=1, routed)           1.162    22.566    i_xlnx_clk_gen/inst/clk_in1_xlnx_clk_gen
    MMCME2_ADV_X1Y2      MMCME2_ADV (Prop_mmcme2_adv_CLKIN1_CLKOUT0)
                                                     -7.814    14.752 r  i_xlnx_clk_gen/inst/mmcm_adv_inst/CLKOUT0
                         net (fo=1, routed)           2.012    16.764    i_xlnx_clk_gen/inst/clk_out1_xlnx_clk_gen
    BUFGCTRL_X0Y16       BUFG (Prop_bufg_I_O)         0.091    16.855 r  i_xlnx_clk_gen/inst/clkout1_buf/O
                         net (fo=15149, routed)       1.606    18.461    i_axi_dwidth_converter_dm_slave/inst/gen_downsizer.gen_simple_downsizer.axi_downsizer_inst/USE_READ.read_addr_inst/cmd_queue/inst/fifo_gen_inst/inst_fifo_gen/gconvfifo.rf/grf.rf/gntv_or_sync_fifo.gl0.wr/wpntr/clk
    SLICE_X99Y60         FDCE                                         r  i_axi_dwidth_converter_dm_slave/inst/gen_downsizer.gen_simple_downsizer.axi_downsizer_inst/USE_READ.read_addr_inst/cmd_queue/inst/fifo_gen_inst/inst_fifo_gen/gconvfifo.rf/grf.rf/gntv_or_sync_fifo.gl0.wr/wpntr/gcc0.gc0.count_reg[2]/C
                         clock pessimism              0.605    19.066    
                         clock uncertainty           -0.079    18.986    
    SLICE_X99Y60         FDCE (Recov_fdce_C_CLR)     -0.405    18.581    i_axi_dwidth_converter_dm_slave/inst/gen_downsizer.gen_simple_downsizer.axi_downsizer_inst/USE_READ.read_addr_inst/cmd_queue/inst/fifo_gen_inst/inst_fifo_gen/gconvfifo.rf/grf.rf/gntv_or_sync_fifo.gl0.wr/wpntr/gcc0.gc0.count_reg[2]
  -------------------------------------------------------------------
                         required time                         18.581    
                         arrival time                          -1.574    
  -------------------------------------------------------------------
                         slack                                 17.008    

Slack (MET) :             17.054ns  (required time - arrival time)
  Source:                 i_axi_dwidth_converter_dm_slave/inst/gen_downsizer.gen_simple_downsizer.axi_downsizer_inst/USE_READ.read_addr_inst/cmd_queue/inst/fifo_gen_inst/inst_fifo_gen/gconvfifo.rf/grf.rf/rstblk/ngwrdrst.grst.g7serrst.gnsckt_wrst.gcc_rst.sckt_wr_rst_cc_reg[1]/C
                            (rising edge-triggered cell FDRE clocked by clk_out1_xlnx_clk_gen  {rise@0.000ns fall@10.000ns period=20.000ns})
  Destination:            i_axi_dwidth_converter_dm_slave/inst/gen_downsizer.gen_simple_downsizer.axi_downsizer_inst/USE_READ.read_addr_inst/cmd_queue/inst/fifo_gen_inst/inst_fifo_gen/gconvfifo.rf/grf.rf/gntv_or_sync_fifo.gl0.wr/wpntr/gcc0.gc0.count_reg[0]/PRE
                            (recovery check against rising-edge clock clk_out1_xlnx_clk_gen  {rise@0.000ns fall@10.000ns period=20.000ns})
  Path Group:             **async_default**
  Path Type:              Recovery (Max at Slow Process Corner)
  Requirement:            20.000ns  (clk_out1_xlnx_clk_gen rise@20.000ns - clk_out1_xlnx_clk_gen rise@0.000ns)
  Data Path Delay:        2.481ns  (logic 0.642ns (25.879%)  route 1.839ns (74.121%))
  Logic Levels:           1  (LUT3=1)
  Clock Path Skew:        -0.027ns (DCD - SCD + CPR)
    Destination Clock Delay (DCD):    -1.539ns = ( 18.461 - 20.000 ) 
    Source Clock Delay      (SCD):    -0.907ns
    Clock Pessimism Removal (CPR):    0.605ns
  Clock Uncertainty:      0.079ns  ((TSJ^2 + DJ^2)^1/2) / 2 + PE
    Total System Jitter     (TSJ):    0.071ns
    Discrete Jitter          (DJ):    0.142ns
    Phase Error              (PE):    0.000ns

    Location             Delay type                Incr(ns)  Path(ns)    Netlist Resource(s)
  -------------------------------------------------------------------    -------------------
                         (clock clk_out1_xlnx_clk_gen rise edge)
                                                      0.000     0.000 r  
    K17                                               0.000     0.000 r  clk_sys (IN)
                         net (fo=0)                   0.000     0.000    i_xlnx_clk_gen/inst/clk_in1
    K17                  IBUF (Prop_ibuf_I_O)         1.475     1.475 r  i_xlnx_clk_gen/inst/clkin1_ibufg/O
                         net (fo=1, routed)           1.285     2.760    i_xlnx_clk_gen/inst/clk_in1_xlnx_clk_gen
    MMCME2_ADV_X1Y2      MMCME2_ADV (Prop_mmcme2_adv_CLKIN1_CLKOUT0)
                                                     -7.759    -4.999 r  i_xlnx_clk_gen/inst/mmcm_adv_inst/CLKOUT0
                         net (fo=1, routed)           2.206    -2.793    i_xlnx_clk_gen/inst/clk_out1_xlnx_clk_gen
    BUFGCTRL_X0Y16       BUFG (Prop_bufg_I_O)         0.101    -2.692 r  i_xlnx_clk_gen/inst/clkout1_buf/O
                         net (fo=15149, routed)       1.785    -0.907    i_axi_dwidth_converter_dm_slave/inst/gen_downsizer.gen_simple_downsizer.axi_downsizer_inst/USE_READ.read_addr_inst/cmd_queue/inst/fifo_gen_inst/inst_fifo_gen/gconvfifo.rf/grf.rf/rstblk/clk
    SLICE_X100Y56        FDRE                                         r  i_axi_dwidth_converter_dm_slave/inst/gen_downsizer.gen_simple_downsizer.axi_downsizer_inst/USE_READ.read_addr_inst/cmd_queue/inst/fifo_gen_inst/inst_fifo_gen/gconvfifo.rf/grf.rf/rstblk/ngwrdrst.grst.g7serrst.gnsckt_wrst.gcc_rst.sckt_wr_rst_cc_reg[1]/C
  -------------------------------------------------------------------    -------------------
    SLICE_X100Y56        FDRE (Prop_fdre_C_Q)         0.518    -0.389 f  i_axi_dwidth_converter_dm_slave/inst/gen_downsizer.gen_simple_downsizer.axi_downsizer_inst/USE_READ.read_addr_inst/cmd_queue/inst/fifo_gen_inst/inst_fifo_gen/gconvfifo.rf/grf.rf/rstblk/ngwrdrst.grst.g7serrst.gnsckt_wrst.gcc_rst.sckt_wr_rst_cc_reg[1]/Q
                         net (fo=2, routed)           0.870     0.481    i_axi_dwidth_converter_dm_slave/inst/gen_downsizer.gen_simple_downsizer.axi_downsizer_inst/USE_READ.read_addr_inst/cmd_queue/inst/fifo_gen_inst/inst_fifo_gen/gconvfifo.rf/grf.rf/rstblk/ngwrdrst.grst.g7serrst.gnsckt_wrst.gcc_rst.sckt_wr_rst_cc[1]
    SLICE_X100Y56        LUT3 (Prop_lut3_I0_O)        0.124     0.605 f  i_axi_dwidth_converter_dm_slave/inst/gen_downsizer.gen_simple_downsizer.axi_downsizer_inst/USE_READ.read_addr_inst/cmd_queue/inst/fifo_gen_inst/inst_fifo_gen/gconvfifo.rf/grf.rf/rstblk/gpregsm1.curr_fwft_state[1]_i_2/O
                         net (fo=32, routed)          0.968     1.574    i_axi_dwidth_converter_dm_slave/inst/gen_downsizer.gen_simple_downsizer.axi_downsizer_inst/USE_READ.read_addr_inst/cmd_queue/inst/fifo_gen_inst/inst_fifo_gen/gconvfifo.rf/grf.rf/gntv_or_sync_fifo.gl0.wr/wpntr/AR[0]
    SLICE_X99Y60         FDPE                                         f  i_axi_dwidth_converter_dm_slave/inst/gen_downsizer.gen_simple_downsizer.axi_downsizer_inst/USE_READ.read_addr_inst/cmd_queue/inst/fifo_gen_inst/inst_fifo_gen/gconvfifo.rf/grf.rf/gntv_or_sync_fifo.gl0.wr/wpntr/gcc0.gc0.count_reg[0]/PRE
  -------------------------------------------------------------------    -------------------

                         (clock clk_out1_xlnx_clk_gen rise edge)
                                                     20.000    20.000 r  
    K17                                               0.000    20.000 r  clk_sys (IN)
                         net (fo=0)                   0.000    20.000    i_xlnx_clk_gen/inst/clk_in1
    K17                  IBUF (Prop_ibuf_I_O)         1.404    21.404 r  i_xlnx_clk_gen/inst/clkin1_ibufg/O
                         net (fo=1, routed)           1.162    22.566    i_xlnx_clk_gen/inst/clk_in1_xlnx_clk_gen
    MMCME2_ADV_X1Y2      MMCME2_ADV (Prop_mmcme2_adv_CLKIN1_CLKOUT0)
                                                     -7.814    14.752 r  i_xlnx_clk_gen/inst/mmcm_adv_inst/CLKOUT0
                         net (fo=1, routed)           2.012    16.764    i_xlnx_clk_gen/inst/clk_out1_xlnx_clk_gen
    BUFGCTRL_X0Y16       BUFG (Prop_bufg_I_O)         0.091    16.855 r  i_xlnx_clk_gen/inst/clkout1_buf/O
                         net (fo=15149, routed)       1.606    18.461    i_axi_dwidth_converter_dm_slave/inst/gen_downsizer.gen_simple_downsizer.axi_downsizer_inst/USE_READ.read_addr_inst/cmd_queue/inst/fifo_gen_inst/inst_fifo_gen/gconvfifo.rf/grf.rf/gntv_or_sync_fifo.gl0.wr/wpntr/clk
    SLICE_X99Y60         FDPE                                         r  i_axi_dwidth_converter_dm_slave/inst/gen_downsizer.gen_simple_downsizer.axi_downsizer_inst/USE_READ.read_addr_inst/cmd_queue/inst/fifo_gen_inst/inst_fifo_gen/gconvfifo.rf/grf.rf/gntv_or_sync_fifo.gl0.wr/wpntr/gcc0.gc0.count_reg[0]/C
                         clock pessimism              0.605    19.066    
                         clock uncertainty           -0.079    18.986    
    SLICE_X99Y60         FDPE (Recov_fdpe_C_PRE)     -0.359    18.627    i_axi_dwidth_converter_dm_slave/inst/gen_downsizer.gen_simple_downsizer.axi_downsizer_inst/USE_READ.read_addr_inst/cmd_queue/inst/fifo_gen_inst/inst_fifo_gen/gconvfifo.rf/grf.rf/gntv_or_sync_fifo.gl0.wr/wpntr/gcc0.gc0.count_reg[0]
  -------------------------------------------------------------------
                         required time                         18.627    
                         arrival time                          -1.574    
  -------------------------------------------------------------------
                         slack                                 17.054    

Slack (MET) :             17.123ns  (required time - arrival time)
  Source:                 i_axi_dwidth_converter_dm_slave/inst/gen_downsizer.gen_simple_downsizer.axi_downsizer_inst/USE_WRITE.write_addr_inst/USE_B_CHANNEL.cmd_b_queue/inst/fifo_gen_inst/inst_fifo_gen/gconvfifo.rf/grf.rf/rstblk/ngwrdrst.grst.g7serrst.gnsckt_wrst.gcc_rst.sckt_wr_rst_cc_reg[1]/C
                            (rising edge-triggered cell FDRE clocked by clk_out1_xlnx_clk_gen  {rise@0.000ns fall@10.000ns period=20.000ns})
  Destination:            i_axi_dwidth_converter_dm_slave/inst/gen_downsizer.gen_simple_downsizer.axi_downsizer_inst/USE_WRITE.write_addr_inst/USE_B_CHANNEL.cmd_b_queue/inst/fifo_gen_inst/inst_fifo_gen/gconvfifo.rf/grf.rf/gntv_or_sync_fifo.gl0.rd/gr1.gr1_int.rfwft/empty_fwft_fb_o_i_reg/PRE
                            (recovery check against rising-edge clock clk_out1_xlnx_clk_gen  {rise@0.000ns fall@10.000ns period=20.000ns})
  Path Group:             **async_default**
  Path Type:              Recovery (Max at Slow Process Corner)
  Requirement:            20.000ns  (clk_out1_xlnx_clk_gen rise@20.000ns - clk_out1_xlnx_clk_gen rise@0.000ns)
  Data Path Delay:        2.416ns  (logic 0.642ns (26.570%)  route 1.774ns (73.430%))
  Logic Levels:           1  (LUT3=1)
  Clock Path Skew:        -0.022ns (DCD - SCD + CPR)
    Destination Clock Delay (DCD):    -1.550ns = ( 18.450 - 20.000 ) 
    Source Clock Delay      (SCD):    -0.924ns
    Clock Pessimism Removal (CPR):    0.604ns
  Clock Uncertainty:      0.079ns  ((TSJ^2 + DJ^2)^1/2) / 2 + PE
    Total System Jitter     (TSJ):    0.071ns
    Discrete Jitter          (DJ):    0.142ns
    Phase Error              (PE):    0.000ns

    Location             Delay type                Incr(ns)  Path(ns)    Netlist Resource(s)
  -------------------------------------------------------------------    -------------------
                         (clock clk_out1_xlnx_clk_gen rise edge)
                                                      0.000     0.000 r  
    K17                                               0.000     0.000 r  clk_sys (IN)
                         net (fo=0)                   0.000     0.000    i_xlnx_clk_gen/inst/clk_in1
    K17                  IBUF (Prop_ibuf_I_O)         1.475     1.475 r  i_xlnx_clk_gen/inst/clkin1_ibufg/O
                         net (fo=1, routed)           1.285     2.760    i_xlnx_clk_gen/inst/clk_in1_xlnx_clk_gen
    MMCME2_ADV_X1Y2      MMCME2_ADV (Prop_mmcme2_adv_CLKIN1_CLKOUT0)
                                                     -7.759    -4.999 r  i_xlnx_clk_gen/inst/mmcm_adv_inst/CLKOUT0
                         net (fo=1, routed)           2.206    -2.793    i_xlnx_clk_gen/inst/clk_out1_xlnx_clk_gen
    BUFGCTRL_X0Y16       BUFG (Prop_bufg_I_O)         0.101    -2.692 r  i_xlnx_clk_gen/inst/clkout1_buf/O
                         net (fo=15149, routed)       1.768    -0.924    i_axi_dwidth_converter_dm_slave/inst/gen_downsizer.gen_simple_downsizer.axi_downsizer_inst/USE_WRITE.write_addr_inst/USE_B_CHANNEL.cmd_b_queue/inst/fifo_gen_inst/inst_fifo_gen/gconvfifo.rf/grf.rf/rstblk/clk
    SLICE_X102Y72        FDRE                                         r  i_axi_dwidth_converter_dm_slave/inst/gen_downsizer.gen_simple_downsizer.axi_downsizer_inst/USE_WRITE.write_addr_inst/USE_B_CHANNEL.cmd_b_queue/inst/fifo_gen_inst/inst_fifo_gen/gconvfifo.rf/grf.rf/rstblk/ngwrdrst.grst.g7serrst.gnsckt_wrst.gcc_rst.sckt_wr_rst_cc_reg[1]/C
  -------------------------------------------------------------------    -------------------
    SLICE_X102Y72        FDRE (Prop_fdre_C_Q)         0.518    -0.406 f  i_axi_dwidth_converter_dm_slave/inst/gen_downsizer.gen_simple_downsizer.axi_downsizer_inst/USE_WRITE.write_addr_inst/USE_B_CHANNEL.cmd_b_queue/inst/fifo_gen_inst/inst_fifo_gen/gconvfifo.rf/grf.rf/rstblk/ngwrdrst.grst.g7serrst.gnsckt_wrst.gcc_rst.sckt_wr_rst_cc_reg[1]/Q
                         net (fo=2, routed)           0.811     0.405    i_axi_dwidth_converter_dm_slave/inst/gen_downsizer.gen_simple_downsizer.axi_downsizer_inst/USE_WRITE.write_addr_inst/USE_B_CHANNEL.cmd_b_queue/inst/fifo_gen_inst/inst_fifo_gen/gconvfifo.rf/grf.rf/rstblk/ngwrdrst.grst.g7serrst.gnsckt_wrst.gcc_rst.sckt_wr_rst_cc[1]
    SLICE_X102Y71        LUT3 (Prop_lut3_I0_O)        0.124     0.529 f  i_axi_dwidth_converter_dm_slave/inst/gen_downsizer.gen_simple_downsizer.axi_downsizer_inst/USE_WRITE.write_addr_inst/USE_B_CHANNEL.cmd_b_queue/inst/fifo_gen_inst/inst_fifo_gen/gconvfifo.rf/grf.rf/rstblk/gpregsm1.curr_fwft_state[1]_i_2/O
                         net (fo=32, routed)          0.963     1.492    i_axi_dwidth_converter_dm_slave/inst/gen_downsizer.gen_simple_downsizer.axi_downsizer_inst/USE_WRITE.write_addr_inst/USE_B_CHANNEL.cmd_b_queue/inst/fifo_gen_inst/inst_fifo_gen/gconvfifo.rf/grf.rf/gntv_or_sync_fifo.gl0.rd/gr1.gr1_int.rfwft/gpregsm1.user_valid_reg_0
    SLICE_X103Y72        FDPE                                         f  i_axi_dwidth_converter_dm_slave/inst/gen_downsizer.gen_simple_downsizer.axi_downsizer_inst/USE_WRITE.write_addr_inst/USE_B_CHANNEL.cmd_b_queue/inst/fifo_gen_inst/inst_fifo_gen/gconvfifo.rf/grf.rf/gntv_or_sync_fifo.gl0.rd/gr1.gr1_int.rfwft/empty_fwft_fb_o_i_reg/PRE
  -------------------------------------------------------------------    -------------------

                         (clock clk_out1_xlnx_clk_gen rise edge)
                                                     20.000    20.000 r  
    K17                                               0.000    20.000 r  clk_sys (IN)
                         net (fo=0)                   0.000    20.000    i_xlnx_clk_gen/inst/clk_in1
    K17                  IBUF (Prop_ibuf_I_O)         1.404    21.404 r  i_xlnx_clk_gen/inst/clkin1_ibufg/O
                         net (fo=1, routed)           1.162    22.566    i_xlnx_clk_gen/inst/clk_in1_xlnx_clk_gen
    MMCME2_ADV_X1Y2      MMCME2_ADV (Prop_mmcme2_adv_CLKIN1_CLKOUT0)
                                                     -7.814    14.752 r  i_xlnx_clk_gen/inst/mmcm_adv_inst/CLKOUT0
                         net (fo=1, routed)           2.012    16.764    i_xlnx_clk_gen/inst/clk_out1_xlnx_clk_gen
    BUFGCTRL_X0Y16       BUFG (Prop_bufg_I_O)         0.091    16.855 r  i_xlnx_clk_gen/inst/clkout1_buf/O
                         net (fo=15149, routed)       1.595    18.450    i_axi_dwidth_converter_dm_slave/inst/gen_downsizer.gen_simple_downsizer.axi_downsizer_inst/USE_WRITE.write_addr_inst/USE_B_CHANNEL.cmd_b_queue/inst/fifo_gen_inst/inst_fifo_gen/gconvfifo.rf/grf.rf/gntv_or_sync_fifo.gl0.rd/gr1.gr1_int.rfwft/clk
    SLICE_X103Y72        FDPE                                         r  i_axi_dwidth_converter_dm_slave/inst/gen_downsizer.gen_simple_downsizer.axi_downsizer_inst/USE_WRITE.write_addr_inst/USE_B_CHANNEL.cmd_b_queue/inst/fifo_gen_inst/inst_fifo_gen/gconvfifo.rf/grf.rf/gntv_or_sync_fifo.gl0.rd/gr1.gr1_int.rfwft/empty_fwft_fb_o_i_reg/C
                         clock pessimism              0.604    19.054    
                         clock uncertainty           -0.079    18.974    
    SLICE_X103Y72        FDPE (Recov_fdpe_C_PRE)     -0.359    18.615    i_axi_dwidth_converter_dm_slave/inst/gen_downsizer.gen_simple_downsizer.axi_downsizer_inst/USE_WRITE.write_addr_inst/USE_B_CHANNEL.cmd_b_queue/inst/fifo_gen_inst/inst_fifo_gen/gconvfifo.rf/grf.rf/gntv_or_sync_fifo.gl0.rd/gr1.gr1_int.rfwft/empty_fwft_fb_o_i_reg
  -------------------------------------------------------------------
                         required time                         18.615    
                         arrival time                          -1.492    
  -------------------------------------------------------------------
                         slack                                 17.123    

Slack (MET) :             17.128ns  (required time - arrival time)
  Source:                 i_axi_dwidth_converter_dm_slave/inst/gen_downsizer.gen_simple_downsizer.axi_downsizer_inst/USE_WRITE.write_addr_inst/USE_B_CHANNEL.cmd_b_queue/inst/fifo_gen_inst/inst_fifo_gen/gconvfifo.rf/grf.rf/rstblk/ngwrdrst.grst.g7serrst.gnsckt_wrst.gcc_rst.sckt_wr_rst_cc_reg[1]/C
                            (rising edge-triggered cell FDRE clocked by clk_out1_xlnx_clk_gen  {rise@0.000ns fall@10.000ns period=20.000ns})
  Destination:            i_axi_dwidth_converter_dm_slave/inst/gen_downsizer.gen_simple_downsizer.axi_downsizer_inst/USE_WRITE.write_addr_inst/USE_B_CHANNEL.cmd_b_queue/inst/fifo_gen_inst/inst_fifo_gen/gconvfifo.rf/grf.rf/gntv_or_sync_fifo.gl0.rd/rpntr/gc0.count_d1_reg[1]/CLR
                            (recovery check against rising-edge clock clk_out1_xlnx_clk_gen  {rise@0.000ns fall@10.000ns period=20.000ns})
  Path Group:             **async_default**
  Path Type:              Recovery (Max at Slow Process Corner)
  Requirement:            20.000ns  (clk_out1_xlnx_clk_gen rise@20.000ns - clk_out1_xlnx_clk_gen rise@0.000ns)
  Data Path Delay:        2.369ns  (logic 0.642ns (27.099%)  route 1.727ns (72.901%))
  Logic Levels:           1  (LUT3=1)
  Clock Path Skew:        -0.019ns (DCD - SCD + CPR)
    Destination Clock Delay (DCD):    -1.547ns = ( 18.453 - 20.000 ) 
    Source Clock Delay      (SCD):    -0.924ns
    Clock Pessimism Removal (CPR):    0.604ns
  Clock Uncertainty:      0.079ns  ((TSJ^2 + DJ^2)^1/2) / 2 + PE
    Total System Jitter     (TSJ):    0.071ns
    Discrete Jitter          (DJ):    0.142ns
    Phase Error              (PE):    0.000ns

    Location             Delay type                Incr(ns)  Path(ns)    Netlist Resource(s)
  -------------------------------------------------------------------    -------------------
                         (clock clk_out1_xlnx_clk_gen rise edge)
                                                      0.000     0.000 r  
    K17                                               0.000     0.000 r  clk_sys (IN)
                         net (fo=0)                   0.000     0.000    i_xlnx_clk_gen/inst/clk_in1
    K17                  IBUF (Prop_ibuf_I_O)         1.475     1.475 r  i_xlnx_clk_gen/inst/clkin1_ibufg/O
                         net (fo=1, routed)           1.285     2.760    i_xlnx_clk_gen/inst/clk_in1_xlnx_clk_gen
    MMCME2_ADV_X1Y2      MMCME2_ADV (Prop_mmcme2_adv_CLKIN1_CLKOUT0)
                                                     -7.759    -4.999 r  i_xlnx_clk_gen/inst/mmcm_adv_inst/CLKOUT0
                         net (fo=1, routed)           2.206    -2.793    i_xlnx_clk_gen/inst/clk_out1_xlnx_clk_gen
    BUFGCTRL_X0Y16       BUFG (Prop_bufg_I_O)         0.101    -2.692 r  i_xlnx_clk_gen/inst/clkout1_buf/O
                         net (fo=15149, routed)       1.768    -0.924    i_axi_dwidth_converter_dm_slave/inst/gen_downsizer.gen_simple_downsizer.axi_downsizer_inst/USE_WRITE.write_addr_inst/USE_B_CHANNEL.cmd_b_queue/inst/fifo_gen_inst/inst_fifo_gen/gconvfifo.rf/grf.rf/rstblk/clk
    SLICE_X102Y72        FDRE                                         r  i_axi_dwidth_converter_dm_slave/inst/gen_downsizer.gen_simple_downsizer.axi_downsizer_inst/USE_WRITE.write_addr_inst/USE_B_CHANNEL.cmd_b_queue/inst/fifo_gen_inst/inst_fifo_gen/gconvfifo.rf/grf.rf/rstblk/ngwrdrst.grst.g7serrst.gnsckt_wrst.gcc_rst.sckt_wr_rst_cc_reg[1]/C
  -------------------------------------------------------------------    -------------------
    SLICE_X102Y72        FDRE (Prop_fdre_C_Q)         0.518    -0.406 f  i_axi_dwidth_converter_dm_slave/inst/gen_downsizer.gen_simple_downsizer.axi_downsizer_inst/USE_WRITE.write_addr_inst/USE_B_CHANNEL.cmd_b_queue/inst/fifo_gen_inst/inst_fifo_gen/gconvfifo.rf/grf.rf/rstblk/ngwrdrst.grst.g7serrst.gnsckt_wrst.gcc_rst.sckt_wr_rst_cc_reg[1]/Q
                         net (fo=2, routed)           0.811     0.405    i_axi_dwidth_converter_dm_slave/inst/gen_downsizer.gen_simple_downsizer.axi_downsizer_inst/USE_WRITE.write_addr_inst/USE_B_CHANNEL.cmd_b_queue/inst/fifo_gen_inst/inst_fifo_gen/gconvfifo.rf/grf.rf/rstblk/ngwrdrst.grst.g7serrst.gnsckt_wrst.gcc_rst.sckt_wr_rst_cc[1]
    SLICE_X102Y71        LUT3 (Prop_lut3_I0_O)        0.124     0.529 f  i_axi_dwidth_converter_dm_slave/inst/gen_downsizer.gen_simple_downsizer.axi_downsizer_inst/USE_WRITE.write_addr_inst/USE_B_CHANNEL.cmd_b_queue/inst/fifo_gen_inst/inst_fifo_gen/gconvfifo.rf/grf.rf/rstblk/gpregsm1.curr_fwft_state[1]_i_2/O
                         net (fo=32, routed)          0.916     1.445    i_axi_dwidth_converter_dm_slave/inst/gen_downsizer.gen_simple_downsizer.axi_downsizer_inst/USE_WRITE.write_addr_inst/USE_B_CHANNEL.cmd_b_queue/inst/fifo_gen_inst/inst_fifo_gen/gconvfifo.rf/grf.rf/gntv_or_sync_fifo.gl0.rd/rpntr/gc0.count_d1_reg[4]_1
    SLICE_X103Y69        FDCE                                         f  i_axi_dwidth_converter_dm_slave/inst/gen_downsizer.gen_simple_downsizer.axi_downsizer_inst/USE_WRITE.write_addr_inst/USE_B_CHANNEL.cmd_b_queue/inst/fifo_gen_inst/inst_fifo_gen/gconvfifo.rf/grf.rf/gntv_or_sync_fifo.gl0.rd/rpntr/gc0.count_d1_reg[1]/CLR
  -------------------------------------------------------------------    -------------------

                         (clock clk_out1_xlnx_clk_gen rise edge)
                                                     20.000    20.000 r  
    K17                                               0.000    20.000 r  clk_sys (IN)
                         net (fo=0)                   0.000    20.000    i_xlnx_clk_gen/inst/clk_in1
    K17                  IBUF (Prop_ibuf_I_O)         1.404    21.404 r  i_xlnx_clk_gen/inst/clkin1_ibufg/O
                         net (fo=1, routed)           1.162    22.566    i_xlnx_clk_gen/inst/clk_in1_xlnx_clk_gen
    MMCME2_ADV_X1Y2      MMCME2_ADV (Prop_mmcme2_adv_CLKIN1_CLKOUT0)
                                                     -7.814    14.752 r  i_xlnx_clk_gen/inst/mmcm_adv_inst/CLKOUT0
                         net (fo=1, routed)           2.012    16.764    i_xlnx_clk_gen/inst/clk_out1_xlnx_clk_gen
    BUFGCTRL_X0Y16       BUFG (Prop_bufg_I_O)         0.091    16.855 r  i_xlnx_clk_gen/inst/clkout1_buf/O
                         net (fo=15149, routed)       1.598    18.453    i_axi_dwidth_converter_dm_slave/inst/gen_downsizer.gen_simple_downsizer.axi_downsizer_inst/USE_WRITE.write_addr_inst/USE_B_CHANNEL.cmd_b_queue/inst/fifo_gen_inst/inst_fifo_gen/gconvfifo.rf/grf.rf/gntv_or_sync_fifo.gl0.rd/rpntr/clk
    SLICE_X103Y69        FDCE                                         r  i_axi_dwidth_converter_dm_slave/inst/gen_downsizer.gen_simple_downsizer.axi_downsizer_inst/USE_WRITE.write_addr_inst/USE_B_CHANNEL.cmd_b_queue/inst/fifo_gen_inst/inst_fifo_gen/gconvfifo.rf/grf.rf/gntv_or_sync_fifo.gl0.rd/rpntr/gc0.count_d1_reg[1]/C
                         clock pessimism              0.604    19.057    
                         clock uncertainty           -0.079    18.977    
    SLICE_X103Y69        FDCE (Recov_fdce_C_CLR)     -0.405    18.572    i_axi_dwidth_converter_dm_slave/inst/gen_downsizer.gen_simple_downsizer.axi_downsizer_inst/USE_WRITE.write_addr_inst/USE_B_CHANNEL.cmd_b_queue/inst/fifo_gen_inst/inst_fifo_gen/gconvfifo.rf/grf.rf/gntv_or_sync_fifo.gl0.rd/rpntr/gc0.count_d1_reg[1]
  -------------------------------------------------------------------
                         required time                         18.572    
                         arrival time                          -1.445    
  -------------------------------------------------------------------
                         slack                                 17.128    

Slack (MET) :             17.128ns  (required time - arrival time)
  Source:                 i_axi_dwidth_converter_dm_slave/inst/gen_downsizer.gen_simple_downsizer.axi_downsizer_inst/USE_WRITE.write_addr_inst/USE_B_CHANNEL.cmd_b_queue/inst/fifo_gen_inst/inst_fifo_gen/gconvfifo.rf/grf.rf/rstblk/ngwrdrst.grst.g7serrst.gnsckt_wrst.gcc_rst.sckt_wr_rst_cc_reg[1]/C
                            (rising edge-triggered cell FDRE clocked by clk_out1_xlnx_clk_gen  {rise@0.000ns fall@10.000ns period=20.000ns})
  Destination:            i_axi_dwidth_converter_dm_slave/inst/gen_downsizer.gen_simple_downsizer.axi_downsizer_inst/USE_WRITE.write_addr_inst/USE_B_CHANNEL.cmd_b_queue/inst/fifo_gen_inst/inst_fifo_gen/gconvfifo.rf/grf.rf/gntv_or_sync_fifo.gl0.rd/rpntr/gc0.count_d1_reg[3]/CLR
                            (recovery check against rising-edge clock clk_out1_xlnx_clk_gen  {rise@0.000ns fall@10.000ns period=20.000ns})
  Path Group:             **async_default**
  Path Type:              Recovery (Max at Slow Process Corner)
  Requirement:            20.000ns  (clk_out1_xlnx_clk_gen rise@20.000ns - clk_out1_xlnx_clk_gen rise@0.000ns)
  Data Path Delay:        2.369ns  (logic 0.642ns (27.099%)  route 1.727ns (72.901%))
  Logic Levels:           1  (LUT3=1)
  Clock Path Skew:        -0.019ns (DCD - SCD + CPR)
    Destination Clock Delay (DCD):    -1.547ns = ( 18.453 - 20.000 ) 
    Source Clock Delay      (SCD):    -0.924ns
    Clock Pessimism Removal (CPR):    0.604ns
  Clock Uncertainty:      0.079ns  ((TSJ^2 + DJ^2)^1/2) / 2 + PE
    Total System Jitter     (TSJ):    0.071ns
    Discrete Jitter          (DJ):    0.142ns
    Phase Error              (PE):    0.000ns

    Location             Delay type                Incr(ns)  Path(ns)    Netlist Resource(s)
  -------------------------------------------------------------------    -------------------
                         (clock clk_out1_xlnx_clk_gen rise edge)
                                                      0.000     0.000 r  
    K17                                               0.000     0.000 r  clk_sys (IN)
                         net (fo=0)                   0.000     0.000    i_xlnx_clk_gen/inst/clk_in1
    K17                  IBUF (Prop_ibuf_I_O)         1.475     1.475 r  i_xlnx_clk_gen/inst/clkin1_ibufg/O
                         net (fo=1, routed)           1.285     2.760    i_xlnx_clk_gen/inst/clk_in1_xlnx_clk_gen
    MMCME2_ADV_X1Y2      MMCME2_ADV (Prop_mmcme2_adv_CLKIN1_CLKOUT0)
                                                     -7.759    -4.999 r  i_xlnx_clk_gen/inst/mmcm_adv_inst/CLKOUT0
                         net (fo=1, routed)           2.206    -2.793    i_xlnx_clk_gen/inst/clk_out1_xlnx_clk_gen
    BUFGCTRL_X0Y16       BUFG (Prop_bufg_I_O)         0.101    -2.692 r  i_xlnx_clk_gen/inst/clkout1_buf/O
                         net (fo=15149, routed)       1.768    -0.924    i_axi_dwidth_converter_dm_slave/inst/gen_downsizer.gen_simple_downsizer.axi_downsizer_inst/USE_WRITE.write_addr_inst/USE_B_CHANNEL.cmd_b_queue/inst/fifo_gen_inst/inst_fifo_gen/gconvfifo.rf/grf.rf/rstblk/clk
    SLICE_X102Y72        FDRE                                         r  i_axi_dwidth_converter_dm_slave/inst/gen_downsizer.gen_simple_downsizer.axi_downsizer_inst/USE_WRITE.write_addr_inst/USE_B_CHANNEL.cmd_b_queue/inst/fifo_gen_inst/inst_fifo_gen/gconvfifo.rf/grf.rf/rstblk/ngwrdrst.grst.g7serrst.gnsckt_wrst.gcc_rst.sckt_wr_rst_cc_reg[1]/C
  -------------------------------------------------------------------    -------------------
    SLICE_X102Y72        FDRE (Prop_fdre_C_Q)         0.518    -0.406 f  i_axi_dwidth_converter_dm_slave/inst/gen_downsizer.gen_simple_downsizer.axi_downsizer_inst/USE_WRITE.write_addr_inst/USE_B_CHANNEL.cmd_b_queue/inst/fifo_gen_inst/inst_fifo_gen/gconvfifo.rf/grf.rf/rstblk/ngwrdrst.grst.g7serrst.gnsckt_wrst.gcc_rst.sckt_wr_rst_cc_reg[1]/Q
                         net (fo=2, routed)           0.811     0.405    i_axi_dwidth_converter_dm_slave/inst/gen_downsizer.gen_simple_downsizer.axi_downsizer_inst/USE_WRITE.write_addr_inst/USE_B_CHANNEL.cmd_b_queue/inst/fifo_gen_inst/inst_fifo_gen/gconvfifo.rf/grf.rf/rstblk/ngwrdrst.grst.g7serrst.gnsckt_wrst.gcc_rst.sckt_wr_rst_cc[1]
    SLICE_X102Y71        LUT3 (Prop_lut3_I0_O)        0.124     0.529 f  i_axi_dwidth_converter_dm_slave/inst/gen_downsizer.gen_simple_downsizer.axi_downsizer_inst/USE_WRITE.write_addr_inst/USE_B_CHANNEL.cmd_b_queue/inst/fifo_gen_inst/inst_fifo_gen/gconvfifo.rf/grf.rf/rstblk/gpregsm1.curr_fwft_state[1]_i_2/O
                         net (fo=32, routed)          0.916     1.445    i_axi_dwidth_converter_dm_slave/inst/gen_downsizer.gen_simple_downsizer.axi_downsizer_inst/USE_WRITE.write_addr_inst/USE_B_CHANNEL.cmd_b_queue/inst/fifo_gen_inst/inst_fifo_gen/gconvfifo.rf/grf.rf/gntv_or_sync_fifo.gl0.rd/rpntr/gc0.count_d1_reg[4]_1
    SLICE_X103Y69        FDCE                                         f  i_axi_dwidth_converter_dm_slave/inst/gen_downsizer.gen_simple_downsizer.axi_downsizer_inst/USE_WRITE.write_addr_inst/USE_B_CHANNEL.cmd_b_queue/inst/fifo_gen_inst/inst_fifo_gen/gconvfifo.rf/grf.rf/gntv_or_sync_fifo.gl0.rd/rpntr/gc0.count_d1_reg[3]/CLR
  -------------------------------------------------------------------    -------------------

                         (clock clk_out1_xlnx_clk_gen rise edge)
                                                     20.000    20.000 r  
    K17                                               0.000    20.000 r  clk_sys (IN)
                         net (fo=0)                   0.000    20.000    i_xlnx_clk_gen/inst/clk_in1
    K17                  IBUF (Prop_ibuf_I_O)         1.404    21.404 r  i_xlnx_clk_gen/inst/clkin1_ibufg/O
                         net (fo=1, routed)           1.162    22.566    i_xlnx_clk_gen/inst/clk_in1_xlnx_clk_gen
    MMCME2_ADV_X1Y2      MMCME2_ADV (Prop_mmcme2_adv_CLKIN1_CLKOUT0)
                                                     -7.814    14.752 r  i_xlnx_clk_gen/inst/mmcm_adv_inst/CLKOUT0
                         net (fo=1, routed)           2.012    16.764    i_xlnx_clk_gen/inst/clk_out1_xlnx_clk_gen
    BUFGCTRL_X0Y16       BUFG (Prop_bufg_I_O)         0.091    16.855 r  i_xlnx_clk_gen/inst/clkout1_buf/O
                         net (fo=15149, routed)       1.598    18.453    i_axi_dwidth_converter_dm_slave/inst/gen_downsizer.gen_simple_downsizer.axi_downsizer_inst/USE_WRITE.write_addr_inst/USE_B_CHANNEL.cmd_b_queue/inst/fifo_gen_inst/inst_fifo_gen/gconvfifo.rf/grf.rf/gntv_or_sync_fifo.gl0.rd/rpntr/clk
    SLICE_X103Y69        FDCE                                         r  i_axi_dwidth_converter_dm_slave/inst/gen_downsizer.gen_simple_downsizer.axi_downsizer_inst/USE_WRITE.write_addr_inst/USE_B_CHANNEL.cmd_b_queue/inst/fifo_gen_inst/inst_fifo_gen/gconvfifo.rf/grf.rf/gntv_or_sync_fifo.gl0.rd/rpntr/gc0.count_d1_reg[3]/C
                         clock pessimism              0.604    19.057    
                         clock uncertainty           -0.079    18.977    
    SLICE_X103Y69        FDCE (Recov_fdce_C_CLR)     -0.405    18.572    i_axi_dwidth_converter_dm_slave/inst/gen_downsizer.gen_simple_downsizer.axi_downsizer_inst/USE_WRITE.write_addr_inst/USE_B_CHANNEL.cmd_b_queue/inst/fifo_gen_inst/inst_fifo_gen/gconvfifo.rf/grf.rf/gntv_or_sync_fifo.gl0.rd/rpntr/gc0.count_d1_reg[3]
  -------------------------------------------------------------------
                         required time                         18.572    
                         arrival time                          -1.445    
  -------------------------------------------------------------------
                         slack                                 17.128    

Slack (MET) :             17.128ns  (required time - arrival time)
  Source:                 i_axi_dwidth_converter_dm_slave/inst/gen_downsizer.gen_simple_downsizer.axi_downsizer_inst/USE_WRITE.write_addr_inst/USE_B_CHANNEL.cmd_b_queue/inst/fifo_gen_inst/inst_fifo_gen/gconvfifo.rf/grf.rf/rstblk/ngwrdrst.grst.g7serrst.gnsckt_wrst.gcc_rst.sckt_wr_rst_cc_reg[1]/C
                            (rising edge-triggered cell FDRE clocked by clk_out1_xlnx_clk_gen  {rise@0.000ns fall@10.000ns period=20.000ns})
  Destination:            i_axi_dwidth_converter_dm_slave/inst/gen_downsizer.gen_simple_downsizer.axi_downsizer_inst/USE_WRITE.write_addr_inst/USE_B_CHANNEL.cmd_b_queue/inst/fifo_gen_inst/inst_fifo_gen/gconvfifo.rf/grf.rf/gntv_or_sync_fifo.gl0.rd/rpntr/gc0.count_d1_reg[4]/CLR
                            (recovery check against rising-edge clock clk_out1_xlnx_clk_gen  {rise@0.000ns fall@10.000ns period=20.000ns})
  Path Group:             **async_default**
  Path Type:              Recovery (Max at Slow Process Corner)
  Requirement:            20.000ns  (clk_out1_xlnx_clk_gen rise@20.000ns - clk_out1_xlnx_clk_gen rise@0.000ns)
  Data Path Delay:        2.369ns  (logic 0.642ns (27.099%)  route 1.727ns (72.901%))
  Logic Levels:           1  (LUT3=1)
  Clock Path Skew:        -0.019ns (DCD - SCD + CPR)
    Destination Clock Delay (DCD):    -1.547ns = ( 18.453 - 20.000 ) 
    Source Clock Delay      (SCD):    -0.924ns
    Clock Pessimism Removal (CPR):    0.604ns
  Clock Uncertainty:      0.079ns  ((TSJ^2 + DJ^2)^1/2) / 2 + PE
    Total System Jitter     (TSJ):    0.071ns
    Discrete Jitter          (DJ):    0.142ns
    Phase Error              (PE):    0.000ns

    Location             Delay type                Incr(ns)  Path(ns)    Netlist Resource(s)
  -------------------------------------------------------------------    -------------------
                         (clock clk_out1_xlnx_clk_gen rise edge)
                                                      0.000     0.000 r  
    K17                                               0.000     0.000 r  clk_sys (IN)
                         net (fo=0)                   0.000     0.000    i_xlnx_clk_gen/inst/clk_in1
    K17                  IBUF (Prop_ibuf_I_O)         1.475     1.475 r  i_xlnx_clk_gen/inst/clkin1_ibufg/O
                         net (fo=1, routed)           1.285     2.760    i_xlnx_clk_gen/inst/clk_in1_xlnx_clk_gen
    MMCME2_ADV_X1Y2      MMCME2_ADV (Prop_mmcme2_adv_CLKIN1_CLKOUT0)
                                                     -7.759    -4.999 r  i_xlnx_clk_gen/inst/mmcm_adv_inst/CLKOUT0
                         net (fo=1, routed)           2.206    -2.793    i_xlnx_clk_gen/inst/clk_out1_xlnx_clk_gen
    BUFGCTRL_X0Y16       BUFG (Prop_bufg_I_O)         0.101    -2.692 r  i_xlnx_clk_gen/inst/clkout1_buf/O
                         net (fo=15149, routed)       1.768    -0.924    i_axi_dwidth_converter_dm_slave/inst/gen_downsizer.gen_simple_downsizer.axi_downsizer_inst/USE_WRITE.write_addr_inst/USE_B_CHANNEL.cmd_b_queue/inst/fifo_gen_inst/inst_fifo_gen/gconvfifo.rf/grf.rf/rstblk/clk
    SLICE_X102Y72        FDRE                                         r  i_axi_dwidth_converter_dm_slave/inst/gen_downsizer.gen_simple_downsizer.axi_downsizer_inst/USE_WRITE.write_addr_inst/USE_B_CHANNEL.cmd_b_queue/inst/fifo_gen_inst/inst_fifo_gen/gconvfifo.rf/grf.rf/rstblk/ngwrdrst.grst.g7serrst.gnsckt_wrst.gcc_rst.sckt_wr_rst_cc_reg[1]/C
  -------------------------------------------------------------------    -------------------
    SLICE_X102Y72        FDRE (Prop_fdre_C_Q)         0.518    -0.406 f  i_axi_dwidth_converter_dm_slave/inst/gen_downsizer.gen_simple_downsizer.axi_downsizer_inst/USE_WRITE.write_addr_inst/USE_B_CHANNEL.cmd_b_queue/inst/fifo_gen_inst/inst_fifo_gen/gconvfifo.rf/grf.rf/rstblk/ngwrdrst.grst.g7serrst.gnsckt_wrst.gcc_rst.sckt_wr_rst_cc_reg[1]/Q
                         net (fo=2, routed)           0.811     0.405    i_axi_dwidth_converter_dm_slave/inst/gen_downsizer.gen_simple_downsizer.axi_downsizer_inst/USE_WRITE.write_addr_inst/USE_B_CHANNEL.cmd_b_queue/inst/fifo_gen_inst/inst_fifo_gen/gconvfifo.rf/grf.rf/rstblk/ngwrdrst.grst.g7serrst.gnsckt_wrst.gcc_rst.sckt_wr_rst_cc[1]
    SLICE_X102Y71        LUT3 (Prop_lut3_I0_O)        0.124     0.529 f  i_axi_dwidth_converter_dm_slave/inst/gen_downsizer.gen_simple_downsizer.axi_downsizer_inst/USE_WRITE.write_addr_inst/USE_B_CHANNEL.cmd_b_queue/inst/fifo_gen_inst/inst_fifo_gen/gconvfifo.rf/grf.rf/rstblk/gpregsm1.curr_fwft_state[1]_i_2/O
                         net (fo=32, routed)          0.916     1.445    i_axi_dwidth_converter_dm_slave/inst/gen_downsizer.gen_simple_downsizer.axi_downsizer_inst/USE_WRITE.write_addr_inst/USE_B_CHANNEL.cmd_b_queue/inst/fifo_gen_inst/inst_fifo_gen/gconvfifo.rf/grf.rf/gntv_or_sync_fifo.gl0.rd/rpntr/gc0.count_d1_reg[4]_1
    SLICE_X103Y69        FDCE                                         f  i_axi_dwidth_converter_dm_slave/inst/gen_downsizer.gen_simple_downsizer.axi_downsizer_inst/USE_WRITE.write_addr_inst/USE_B_CHANNEL.cmd_b_queue/inst/fifo_gen_inst/inst_fifo_gen/gconvfifo.rf/grf.rf/gntv_or_sync_fifo.gl0.rd/rpntr/gc0.count_d1_reg[4]/CLR
  -------------------------------------------------------------------    -------------------

                         (clock clk_out1_xlnx_clk_gen rise edge)
                                                     20.000    20.000 r  
    K17                                               0.000    20.000 r  clk_sys (IN)
                         net (fo=0)                   0.000    20.000    i_xlnx_clk_gen/inst/clk_in1
    K17                  IBUF (Prop_ibuf_I_O)         1.404    21.404 r  i_xlnx_clk_gen/inst/clkin1_ibufg/O
                         net (fo=1, routed)           1.162    22.566    i_xlnx_clk_gen/inst/clk_in1_xlnx_clk_gen
    MMCME2_ADV_X1Y2      MMCME2_ADV (Prop_mmcme2_adv_CLKIN1_CLKOUT0)
                                                     -7.814    14.752 r  i_xlnx_clk_gen/inst/mmcm_adv_inst/CLKOUT0
                         net (fo=1, routed)           2.012    16.764    i_xlnx_clk_gen/inst/clk_out1_xlnx_clk_gen
    BUFGCTRL_X0Y16       BUFG (Prop_bufg_I_O)         0.091    16.855 r  i_xlnx_clk_gen/inst/clkout1_buf/O
                         net (fo=15149, routed)       1.598    18.453    i_axi_dwidth_converter_dm_slave/inst/gen_downsizer.gen_simple_downsizer.axi_downsizer_inst/USE_WRITE.write_addr_inst/USE_B_CHANNEL.cmd_b_queue/inst/fifo_gen_inst/inst_fifo_gen/gconvfifo.rf/grf.rf/gntv_or_sync_fifo.gl0.rd/rpntr/clk
    SLICE_X103Y69        FDCE                                         r  i_axi_dwidth_converter_dm_slave/inst/gen_downsizer.gen_simple_downsizer.axi_downsizer_inst/USE_WRITE.write_addr_inst/USE_B_CHANNEL.cmd_b_queue/inst/fifo_gen_inst/inst_fifo_gen/gconvfifo.rf/grf.rf/gntv_or_sync_fifo.gl0.rd/rpntr/gc0.count_d1_reg[4]/C
                         clock pessimism              0.604    19.057    
                         clock uncertainty           -0.079    18.977    
    SLICE_X103Y69        FDCE (Recov_fdce_C_CLR)     -0.405    18.572    i_axi_dwidth_converter_dm_slave/inst/gen_downsizer.gen_simple_downsizer.axi_downsizer_inst/USE_WRITE.write_addr_inst/USE_B_CHANNEL.cmd_b_queue/inst/fifo_gen_inst/inst_fifo_gen/gconvfifo.rf/grf.rf/gntv_or_sync_fifo.gl0.rd/rpntr/gc0.count_d1_reg[4]
  -------------------------------------------------------------------
                         required time                         18.572    
                         arrival time                          -1.445    
  -------------------------------------------------------------------
                         slack                                 17.128    

Slack (MET) :             17.128ns  (required time - arrival time)
  Source:                 i_axi_dwidth_converter_dm_slave/inst/gen_downsizer.gen_simple_downsizer.axi_downsizer_inst/USE_WRITE.write_addr_inst/USE_B_CHANNEL.cmd_b_queue/inst/fifo_gen_inst/inst_fifo_gen/gconvfifo.rf/grf.rf/rstblk/ngwrdrst.grst.g7serrst.gnsckt_wrst.gcc_rst.sckt_wr_rst_cc_reg[1]/C
                            (rising edge-triggered cell FDRE clocked by clk_out1_xlnx_clk_gen  {rise@0.000ns fall@10.000ns period=20.000ns})
  Destination:            i_axi_dwidth_converter_dm_slave/inst/gen_downsizer.gen_simple_downsizer.axi_downsizer_inst/USE_WRITE.write_addr_inst/USE_B_CHANNEL.cmd_b_queue/inst/fifo_gen_inst/inst_fifo_gen/gconvfifo.rf/grf.rf/gntv_or_sync_fifo.gl0.rd/rpntr/gc0.count_reg[3]/CLR
                            (recovery check against rising-edge clock clk_out1_xlnx_clk_gen  {rise@0.000ns fall@10.000ns period=20.000ns})
  Path Group:             **async_default**
  Path Type:              Recovery (Max at Slow Process Corner)
  Requirement:            20.000ns  (clk_out1_xlnx_clk_gen rise@20.000ns - clk_out1_xlnx_clk_gen rise@0.000ns)
  Data Path Delay:        2.369ns  (logic 0.642ns (27.099%)  route 1.727ns (72.901%))
  Logic Levels:           1  (LUT3=1)
  Clock Path Skew:        -0.019ns (DCD - SCD + CPR)
    Destination Clock Delay (DCD):    -1.547ns = ( 18.453 - 20.000 ) 
    Source Clock Delay      (SCD):    -0.924ns
    Clock Pessimism Removal (CPR):    0.604ns
  Clock Uncertainty:      0.079ns  ((TSJ^2 + DJ^2)^1/2) / 2 + PE
    Total System Jitter     (TSJ):    0.071ns
    Discrete Jitter          (DJ):    0.142ns
    Phase Error              (PE):    0.000ns

    Location             Delay type                Incr(ns)  Path(ns)    Netlist Resource(s)
  -------------------------------------------------------------------    -------------------
                         (clock clk_out1_xlnx_clk_gen rise edge)
                                                      0.000     0.000 r  
    K17                                               0.000     0.000 r  clk_sys (IN)
                         net (fo=0)                   0.000     0.000    i_xlnx_clk_gen/inst/clk_in1
    K17                  IBUF (Prop_ibuf_I_O)         1.475     1.475 r  i_xlnx_clk_gen/inst/clkin1_ibufg/O
                         net (fo=1, routed)           1.285     2.760    i_xlnx_clk_gen/inst/clk_in1_xlnx_clk_gen
    MMCME2_ADV_X1Y2      MMCME2_ADV (Prop_mmcme2_adv_CLKIN1_CLKOUT0)
                                                     -7.759    -4.999 r  i_xlnx_clk_gen/inst/mmcm_adv_inst/CLKOUT0
                         net (fo=1, routed)           2.206    -2.793    i_xlnx_clk_gen/inst/clk_out1_xlnx_clk_gen
    BUFGCTRL_X0Y16       BUFG (Prop_bufg_I_O)         0.101    -2.692 r  i_xlnx_clk_gen/inst/clkout1_buf/O
                         net (fo=15149, routed)       1.768    -0.924    i_axi_dwidth_converter_dm_slave/inst/gen_downsizer.gen_simple_downsizer.axi_downsizer_inst/USE_WRITE.write_addr_inst/USE_B_CHANNEL.cmd_b_queue/inst/fifo_gen_inst/inst_fifo_gen/gconvfifo.rf/grf.rf/rstblk/clk
    SLICE_X102Y72        FDRE                                         r  i_axi_dwidth_converter_dm_slave/inst/gen_downsizer.gen_simple_downsizer.axi_downsizer_inst/USE_WRITE.write_addr_inst/USE_B_CHANNEL.cmd_b_queue/inst/fifo_gen_inst/inst_fifo_gen/gconvfifo.rf/grf.rf/rstblk/ngwrdrst.grst.g7serrst.gnsckt_wrst.gcc_rst.sckt_wr_rst_cc_reg[1]/C
  -------------------------------------------------------------------    -------------------
    SLICE_X102Y72        FDRE (Prop_fdre_C_Q)         0.518    -0.406 f  i_axi_dwidth_converter_dm_slave/inst/gen_downsizer.gen_simple_downsizer.axi_downsizer_inst/USE_WRITE.write_addr_inst/USE_B_CHANNEL.cmd_b_queue/inst/fifo_gen_inst/inst_fifo_gen/gconvfifo.rf/grf.rf/rstblk/ngwrdrst.grst.g7serrst.gnsckt_wrst.gcc_rst.sckt_wr_rst_cc_reg[1]/Q
                         net (fo=2, routed)           0.811     0.405    i_axi_dwidth_converter_dm_slave/inst/gen_downsizer.gen_simple_downsizer.axi_downsizer_inst/USE_WRITE.write_addr_inst/USE_B_CHANNEL.cmd_b_queue/inst/fifo_gen_inst/inst_fifo_gen/gconvfifo.rf/grf.rf/rstblk/ngwrdrst.grst.g7serrst.gnsckt_wrst.gcc_rst.sckt_wr_rst_cc[1]
    SLICE_X102Y71        LUT3 (Prop_lut3_I0_O)        0.124     0.529 f  i_axi_dwidth_converter_dm_slave/inst/gen_downsizer.gen_simple_downsizer.axi_downsizer_inst/USE_WRITE.write_addr_inst/USE_B_CHANNEL.cmd_b_queue/inst/fifo_gen_inst/inst_fifo_gen/gconvfifo.rf/grf.rf/rstblk/gpregsm1.curr_fwft_state[1]_i_2/O
                         net (fo=32, routed)          0.916     1.445    i_axi_dwidth_converter_dm_slave/inst/gen_downsizer.gen_simple_downsizer.axi_downsizer_inst/USE_WRITE.write_addr_inst/USE_B_CHANNEL.cmd_b_queue/inst/fifo_gen_inst/inst_fifo_gen/gconvfifo.rf/grf.rf/gntv_or_sync_fifo.gl0.rd/rpntr/gc0.count_d1_reg[4]_1
    SLICE_X103Y69        FDCE                                         f  i_axi_dwidth_converter_dm_slave/inst/gen_downsizer.gen_simple_downsizer.axi_downsizer_inst/USE_WRITE.write_addr_inst/USE_B_CHANNEL.cmd_b_queue/inst/fifo_gen_inst/inst_fifo_gen/gconvfifo.rf/grf.rf/gntv_or_sync_fifo.gl0.rd/rpntr/gc0.count_reg[3]/CLR
  -------------------------------------------------------------------    -------------------

                         (clock clk_out1_xlnx_clk_gen rise edge)
                                                     20.000    20.000 r  
    K17                                               0.000    20.000 r  clk_sys (IN)
                         net (fo=0)                   0.000    20.000    i_xlnx_clk_gen/inst/clk_in1
    K17                  IBUF (Prop_ibuf_I_O)         1.404    21.404 r  i_xlnx_clk_gen/inst/clkin1_ibufg/O
                         net (fo=1, routed)           1.162    22.566    i_xlnx_clk_gen/inst/clk_in1_xlnx_clk_gen
    MMCME2_ADV_X1Y2      MMCME2_ADV (Prop_mmcme2_adv_CLKIN1_CLKOUT0)
                                                     -7.814    14.752 r  i_xlnx_clk_gen/inst/mmcm_adv_inst/CLKOUT0
                         net (fo=1, routed)           2.012    16.764    i_xlnx_clk_gen/inst/clk_out1_xlnx_clk_gen
    BUFGCTRL_X0Y16       BUFG (Prop_bufg_I_O)         0.091    16.855 r  i_xlnx_clk_gen/inst/clkout1_buf/O
                         net (fo=15149, routed)       1.598    18.453    i_axi_dwidth_converter_dm_slave/inst/gen_downsizer.gen_simple_downsizer.axi_downsizer_inst/USE_WRITE.write_addr_inst/USE_B_CHANNEL.cmd_b_queue/inst/fifo_gen_inst/inst_fifo_gen/gconvfifo.rf/grf.rf/gntv_or_sync_fifo.gl0.rd/rpntr/clk
    SLICE_X103Y69        FDCE                                         r  i_axi_dwidth_converter_dm_slave/inst/gen_downsizer.gen_simple_downsizer.axi_downsizer_inst/USE_WRITE.write_addr_inst/USE_B_CHANNEL.cmd_b_queue/inst/fifo_gen_inst/inst_fifo_gen/gconvfifo.rf/grf.rf/gntv_or_sync_fifo.gl0.rd/rpntr/gc0.count_reg[3]/C
                         clock pessimism              0.604    19.057    
                         clock uncertainty           -0.079    18.977    
    SLICE_X103Y69        FDCE (Recov_fdce_C_CLR)     -0.405    18.572    i_axi_dwidth_converter_dm_slave/inst/gen_downsizer.gen_simple_downsizer.axi_downsizer_inst/USE_WRITE.write_addr_inst/USE_B_CHANNEL.cmd_b_queue/inst/fifo_gen_inst/inst_fifo_gen/gconvfifo.rf/grf.rf/gntv_or_sync_fifo.gl0.rd/rpntr/gc0.count_reg[3]
  -------------------------------------------------------------------
                         required time                         18.572    
                         arrival time                          -1.445    
  -------------------------------------------------------------------
                         slack                                 17.128    

Slack (MET) :             17.128ns  (required time - arrival time)
  Source:                 i_axi_dwidth_converter_dm_slave/inst/gen_downsizer.gen_simple_downsizer.axi_downsizer_inst/USE_WRITE.write_addr_inst/USE_B_CHANNEL.cmd_b_queue/inst/fifo_gen_inst/inst_fifo_gen/gconvfifo.rf/grf.rf/rstblk/ngwrdrst.grst.g7serrst.gnsckt_wrst.gcc_rst.sckt_wr_rst_cc_reg[1]/C
                            (rising edge-triggered cell FDRE clocked by clk_out1_xlnx_clk_gen  {rise@0.000ns fall@10.000ns period=20.000ns})
  Destination:            i_axi_dwidth_converter_dm_slave/inst/gen_downsizer.gen_simple_downsizer.axi_downsizer_inst/USE_WRITE.write_addr_inst/USE_B_CHANNEL.cmd_b_queue/inst/fifo_gen_inst/inst_fifo_gen/gconvfifo.rf/grf.rf/gntv_or_sync_fifo.gl0.rd/rpntr/gc0.count_reg[4]/CLR
                            (recovery check against rising-edge clock clk_out1_xlnx_clk_gen  {rise@0.000ns fall@10.000ns period=20.000ns})
  Path Group:             **async_default**
  Path Type:              Recovery (Max at Slow Process Corner)
  Requirement:            20.000ns  (clk_out1_xlnx_clk_gen rise@20.000ns - clk_out1_xlnx_clk_gen rise@0.000ns)
  Data Path Delay:        2.369ns  (logic 0.642ns (27.099%)  route 1.727ns (72.901%))
  Logic Levels:           1  (LUT3=1)
  Clock Path Skew:        -0.019ns (DCD - SCD + CPR)
    Destination Clock Delay (DCD):    -1.547ns = ( 18.453 - 20.000 ) 
    Source Clock Delay      (SCD):    -0.924ns
    Clock Pessimism Removal (CPR):    0.604ns
  Clock Uncertainty:      0.079ns  ((TSJ^2 + DJ^2)^1/2) / 2 + PE
    Total System Jitter     (TSJ):    0.071ns
    Discrete Jitter          (DJ):    0.142ns
    Phase Error              (PE):    0.000ns

    Location             Delay type                Incr(ns)  Path(ns)    Netlist Resource(s)
  -------------------------------------------------------------------    -------------------
                         (clock clk_out1_xlnx_clk_gen rise edge)
                                                      0.000     0.000 r  
    K17                                               0.000     0.000 r  clk_sys (IN)
                         net (fo=0)                   0.000     0.000    i_xlnx_clk_gen/inst/clk_in1
    K17                  IBUF (Prop_ibuf_I_O)         1.475     1.475 r  i_xlnx_clk_gen/inst/clkin1_ibufg/O
                         net (fo=1, routed)           1.285     2.760    i_xlnx_clk_gen/inst/clk_in1_xlnx_clk_gen
    MMCME2_ADV_X1Y2      MMCME2_ADV (Prop_mmcme2_adv_CLKIN1_CLKOUT0)
                                                     -7.759    -4.999 r  i_xlnx_clk_gen/inst/mmcm_adv_inst/CLKOUT0
                         net (fo=1, routed)           2.206    -2.793    i_xlnx_clk_gen/inst/clk_out1_xlnx_clk_gen
    BUFGCTRL_X0Y16       BUFG (Prop_bufg_I_O)         0.101    -2.692 r  i_xlnx_clk_gen/inst/clkout1_buf/O
                         net (fo=15149, routed)       1.768    -0.924    i_axi_dwidth_converter_dm_slave/inst/gen_downsizer.gen_simple_downsizer.axi_downsizer_inst/USE_WRITE.write_addr_inst/USE_B_CHANNEL.cmd_b_queue/inst/fifo_gen_inst/inst_fifo_gen/gconvfifo.rf/grf.rf/rstblk/clk
    SLICE_X102Y72        FDRE                                         r  i_axi_dwidth_converter_dm_slave/inst/gen_downsizer.gen_simple_downsizer.axi_downsizer_inst/USE_WRITE.write_addr_inst/USE_B_CHANNEL.cmd_b_queue/inst/fifo_gen_inst/inst_fifo_gen/gconvfifo.rf/grf.rf/rstblk/ngwrdrst.grst.g7serrst.gnsckt_wrst.gcc_rst.sckt_wr_rst_cc_reg[1]/C
  -------------------------------------------------------------------    -------------------
    SLICE_X102Y72        FDRE (Prop_fdre_C_Q)         0.518    -0.406 f  i_axi_dwidth_converter_dm_slave/inst/gen_downsizer.gen_simple_downsizer.axi_downsizer_inst/USE_WRITE.write_addr_inst/USE_B_CHANNEL.cmd_b_queue/inst/fifo_gen_inst/inst_fifo_gen/gconvfifo.rf/grf.rf/rstblk/ngwrdrst.grst.g7serrst.gnsckt_wrst.gcc_rst.sckt_wr_rst_cc_reg[1]/Q
                         net (fo=2, routed)           0.811     0.405    i_axi_dwidth_converter_dm_slave/inst/gen_downsizer.gen_simple_downsizer.axi_downsizer_inst/USE_WRITE.write_addr_inst/USE_B_CHANNEL.cmd_b_queue/inst/fifo_gen_inst/inst_fifo_gen/gconvfifo.rf/grf.rf/rstblk/ngwrdrst.grst.g7serrst.gnsckt_wrst.gcc_rst.sckt_wr_rst_cc[1]
    SLICE_X102Y71        LUT3 (Prop_lut3_I0_O)        0.124     0.529 f  i_axi_dwidth_converter_dm_slave/inst/gen_downsizer.gen_simple_downsizer.axi_downsizer_inst/USE_WRITE.write_addr_inst/USE_B_CHANNEL.cmd_b_queue/inst/fifo_gen_inst/inst_fifo_gen/gconvfifo.rf/grf.rf/rstblk/gpregsm1.curr_fwft_state[1]_i_2/O
                         net (fo=32, routed)          0.916     1.445    i_axi_dwidth_converter_dm_slave/inst/gen_downsizer.gen_simple_downsizer.axi_downsizer_inst/USE_WRITE.write_addr_inst/USE_B_CHANNEL.cmd_b_queue/inst/fifo_gen_inst/inst_fifo_gen/gconvfifo.rf/grf.rf/gntv_or_sync_fifo.gl0.rd/rpntr/gc0.count_d1_reg[4]_1
    SLICE_X103Y69        FDCE                                         f  i_axi_dwidth_converter_dm_slave/inst/gen_downsizer.gen_simple_downsizer.axi_downsizer_inst/USE_WRITE.write_addr_inst/USE_B_CHANNEL.cmd_b_queue/inst/fifo_gen_inst/inst_fifo_gen/gconvfifo.rf/grf.rf/gntv_or_sync_fifo.gl0.rd/rpntr/gc0.count_reg[4]/CLR
  -------------------------------------------------------------------    -------------------

                         (clock clk_out1_xlnx_clk_gen rise edge)
                                                     20.000    20.000 r  
    K17                                               0.000    20.000 r  clk_sys (IN)
                         net (fo=0)                   0.000    20.000    i_xlnx_clk_gen/inst/clk_in1
    K17                  IBUF (Prop_ibuf_I_O)         1.404    21.404 r  i_xlnx_clk_gen/inst/clkin1_ibufg/O
                         net (fo=1, routed)           1.162    22.566    i_xlnx_clk_gen/inst/clk_in1_xlnx_clk_gen
    MMCME2_ADV_X1Y2      MMCME2_ADV (Prop_mmcme2_adv_CLKIN1_CLKOUT0)
                                                     -7.814    14.752 r  i_xlnx_clk_gen/inst/mmcm_adv_inst/CLKOUT0
                         net (fo=1, routed)           2.012    16.764    i_xlnx_clk_gen/inst/clk_out1_xlnx_clk_gen
    BUFGCTRL_X0Y16       BUFG (Prop_bufg_I_O)         0.091    16.855 r  i_xlnx_clk_gen/inst/clkout1_buf/O
                         net (fo=15149, routed)       1.598    18.453    i_axi_dwidth_converter_dm_slave/inst/gen_downsizer.gen_simple_downsizer.axi_downsizer_inst/USE_WRITE.write_addr_inst/USE_B_CHANNEL.cmd_b_queue/inst/fifo_gen_inst/inst_fifo_gen/gconvfifo.rf/grf.rf/gntv_or_sync_fifo.gl0.rd/rpntr/clk
    SLICE_X103Y69        FDCE                                         r  i_axi_dwidth_converter_dm_slave/inst/gen_downsizer.gen_simple_downsizer.axi_downsizer_inst/USE_WRITE.write_addr_inst/USE_B_CHANNEL.cmd_b_queue/inst/fifo_gen_inst/inst_fifo_gen/gconvfifo.rf/grf.rf/gntv_or_sync_fifo.gl0.rd/rpntr/gc0.count_reg[4]/C
                         clock pessimism              0.604    19.057    
                         clock uncertainty           -0.079    18.977    
    SLICE_X103Y69        FDCE (Recov_fdce_C_CLR)     -0.405    18.572    i_axi_dwidth_converter_dm_slave/inst/gen_downsizer.gen_simple_downsizer.axi_downsizer_inst/USE_WRITE.write_addr_inst/USE_B_CHANNEL.cmd_b_queue/inst/fifo_gen_inst/inst_fifo_gen/gconvfifo.rf/grf.rf/gntv_or_sync_fifo.gl0.rd/rpntr/gc0.count_reg[4]
  -------------------------------------------------------------------
                         required time                         18.572    
                         arrival time                          -1.445    
  -------------------------------------------------------------------
                         slack                                 17.128    





Min Delay Paths
--------------------------------------------------------------------------------------
Slack (MET) :             0.537ns  (arrival time - required time)
  Source:                 i_axi_dwidth_converter_dm_slave/inst/gen_downsizer.gen_simple_downsizer.axi_downsizer_inst/USE_WRITE.write_addr_inst/cmd_queue/inst/fifo_gen_inst/inst_fifo_gen/gconvfifo.rf/grf.rf/rstblk/ngwrdrst.grst.g7serrst.gnsckt_wrst.rst_wr_reg2_inst/arststages_ff_reg[1]/C
                            (rising edge-triggered cell FDPE clocked by clk_out1_xlnx_clk_gen  {rise@0.000ns fall@10.000ns period=20.000ns})
  Destination:            i_axi_dwidth_converter_dm_slave/inst/gen_downsizer.gen_simple_downsizer.axi_downsizer_inst/USE_WRITE.write_addr_inst/cmd_queue/inst/fifo_gen_inst/inst_fifo_gen/gconvfifo.rf/grf.rf/gntv_or_sync_fifo.gl0.rd/gr1.gr1_int.rfwft/gpregsm1.curr_fwft_state_reg[0]/CLR
                            (removal check against rising-edge clock clk_out1_xlnx_clk_gen  {rise@0.000ns fall@10.000ns period=20.000ns})
  Path Group:             **async_default**
  Path Type:              Removal (Min at Fast Process Corner)
  Requirement:            0.000ns  (clk_out1_xlnx_clk_gen rise@0.000ns - clk_out1_xlnx_clk_gen rise@0.000ns)
  Data Path Delay:        0.506ns  (logic 0.227ns (44.874%)  route 0.279ns (55.126%))
  Logic Levels:           1  (LUT3=1)
  Clock Path Skew:        0.036ns (DCD - SCD - CPR)
    Destination Clock Delay (DCD):    -0.844ns
    Source Clock Delay      (SCD):    -0.607ns
    Clock Pessimism Removal (CPR):    -0.274ns

    Location             Delay type                Incr(ns)  Path(ns)    Netlist Resource(s)
  -------------------------------------------------------------------    -------------------
                         (clock clk_out1_xlnx_clk_gen rise edge)
                                                      0.000     0.000 r  
    K17                                               0.000     0.000 r  clk_sys (IN)
                         net (fo=0)                   0.000     0.000    i_xlnx_clk_gen/inst/clk_in1
    K17                  IBUF (Prop_ibuf_I_O)         0.243     0.243 r  i_xlnx_clk_gen/inst/clkin1_ibufg/O
                         net (fo=1, routed)           0.440     0.683    i_xlnx_clk_gen/inst/clk_in1_xlnx_clk_gen
    MMCME2_ADV_X1Y2      MMCME2_ADV (Prop_mmcme2_adv_CLKIN1_CLKOUT0)
                                                     -2.613    -1.930 r  i_xlnx_clk_gen/inst/mmcm_adv_inst/CLKOUT0
                         net (fo=1, routed)           0.696    -1.233    i_xlnx_clk_gen/inst/clk_out1_xlnx_clk_gen
    BUFGCTRL_X0Y16       BUFG (Prop_bufg_I_O)         0.026    -1.207 r  i_xlnx_clk_gen/inst/clkout1_buf/O
                         net (fo=15149, routed)       0.601    -0.607    i_axi_dwidth_converter_dm_slave/inst/gen_downsizer.gen_simple_downsizer.axi_downsizer_inst/USE_WRITE.write_addr_inst/cmd_queue/inst/fifo_gen_inst/inst_fifo_gen/gconvfifo.rf/grf.rf/rstblk/ngwrdrst.grst.g7serrst.gnsckt_wrst.rst_wr_reg2_inst/dest_clk
    SLICE_X103Y68        FDPE                                         r  i_axi_dwidth_converter_dm_slave/inst/gen_downsizer.gen_simple_downsizer.axi_downsizer_inst/USE_WRITE.write_addr_inst/cmd_queue/inst/fifo_gen_inst/inst_fifo_gen/gconvfifo.rf/grf.rf/rstblk/ngwrdrst.grst.g7serrst.gnsckt_wrst.rst_wr_reg2_inst/arststages_ff_reg[1]/C
  -------------------------------------------------------------------    -------------------
    SLICE_X103Y68        FDPE (Prop_fdpe_C_Q)         0.128    -0.479 f  i_axi_dwidth_converter_dm_slave/inst/gen_downsizer.gen_simple_downsizer.axi_downsizer_inst/USE_WRITE.write_addr_inst/cmd_queue/inst/fifo_gen_inst/inst_fifo_gen/gconvfifo.rf/grf.rf/rstblk/ngwrdrst.grst.g7serrst.gnsckt_wrst.rst_wr_reg2_inst/arststages_ff_reg[1]/Q
                         net (fo=3, routed)           0.127    -0.352    i_axi_dwidth_converter_dm_slave/inst/gen_downsizer.gen_simple_downsizer.axi_downsizer_inst/USE_WRITE.write_addr_inst/cmd_queue/inst/fifo_gen_inst/inst_fifo_gen/gconvfifo.rf/grf.rf/rstblk/ngwrdrst.rst_wr_reg2
    SLICE_X103Y67        LUT3 (Prop_lut3_I2_O)        0.099    -0.253 f  i_axi_dwidth_converter_dm_slave/inst/gen_downsizer.gen_simple_downsizer.axi_downsizer_inst/USE_WRITE.write_addr_inst/cmd_queue/inst/fifo_gen_inst/inst_fifo_gen/gconvfifo.rf/grf.rf/rstblk/gpregsm1.curr_fwft_state[1]_i_2/O
                         net (fo=32, routed)          0.152    -0.101    i_axi_dwidth_converter_dm_slave/inst/gen_downsizer.gen_simple_downsizer.axi_downsizer_inst/USE_WRITE.write_addr_inst/cmd_queue/inst/fifo_gen_inst/inst_fifo_gen/gconvfifo.rf/grf.rf/gntv_or_sync_fifo.gl0.rd/gr1.gr1_int.rfwft/gpregsm1.user_valid_reg_0
    SLICE_X104Y67        FDCE                                         f  i_axi_dwidth_converter_dm_slave/inst/gen_downsizer.gen_simple_downsizer.axi_downsizer_inst/USE_WRITE.write_addr_inst/cmd_queue/inst/fifo_gen_inst/inst_fifo_gen/gconvfifo.rf/grf.rf/gntv_or_sync_fifo.gl0.rd/gr1.gr1_int.rfwft/gpregsm1.curr_fwft_state_reg[0]/CLR
  -------------------------------------------------------------------    -------------------

                         (clock clk_out1_xlnx_clk_gen rise edge)
                                                      0.000     0.000 r  
    K17                                               0.000     0.000 r  clk_sys (IN)
                         net (fo=0)                   0.000     0.000    i_xlnx_clk_gen/inst/clk_in1
    K17                  IBUF (Prop_ibuf_I_O)         0.431     0.431 r  i_xlnx_clk_gen/inst/clkin1_ibufg/O
                         net (fo=1, routed)           0.480     0.911    i_xlnx_clk_gen/inst/clk_in1_xlnx_clk_gen
    MMCME2_ADV_X1Y2      MMCME2_ADV (Prop_mmcme2_adv_CLKIN1_CLKOUT0)
                                                     -3.407    -2.496 r  i_xlnx_clk_gen/inst/mmcm_adv_inst/CLKOUT0
                         net (fo=1, routed)           0.752    -1.744    i_xlnx_clk_gen/inst/clk_out1_xlnx_clk_gen
    BUFGCTRL_X0Y16       BUFG (Prop_bufg_I_O)         0.029    -1.715 r  i_xlnx_clk_gen/inst/clkout1_buf/O
                         net (fo=15149, routed)       0.871    -0.844    i_axi_dwidth_converter_dm_slave/inst/gen_downsizer.gen_simple_downsizer.axi_downsizer_inst/USE_WRITE.write_addr_inst/cmd_queue/inst/fifo_gen_inst/inst_fifo_gen/gconvfifo.rf/grf.rf/gntv_or_sync_fifo.gl0.rd/gr1.gr1_int.rfwft/clk
    SLICE_X104Y67        FDCE                                         r  i_axi_dwidth_converter_dm_slave/inst/gen_downsizer.gen_simple_downsizer.axi_downsizer_inst/USE_WRITE.write_addr_inst/cmd_queue/inst/fifo_gen_inst/inst_fifo_gen/gconvfifo.rf/grf.rf/gntv_or_sync_fifo.gl0.rd/gr1.gr1_int.rfwft/gpregsm1.curr_fwft_state_reg[0]/C
                         clock pessimism              0.274    -0.571    
    SLICE_X104Y67        FDCE (Remov_fdce_C_CLR)     -0.067    -0.638    i_axi_dwidth_converter_dm_slave/inst/gen_downsizer.gen_simple_downsizer.axi_downsizer_inst/USE_WRITE.write_addr_inst/cmd_queue/inst/fifo_gen_inst/inst_fifo_gen/gconvfifo.rf/grf.rf/gntv_or_sync_fifo.gl0.rd/gr1.gr1_int.rfwft/gpregsm1.curr_fwft_state_reg[0]
  -------------------------------------------------------------------
                         required time                          0.638    
                         arrival time                          -0.101    
  -------------------------------------------------------------------
                         slack                                  0.537    

Slack (MET) :             0.537ns  (arrival time - required time)
  Source:                 i_axi_dwidth_converter_dm_slave/inst/gen_downsizer.gen_simple_downsizer.axi_downsizer_inst/USE_WRITE.write_addr_inst/cmd_queue/inst/fifo_gen_inst/inst_fifo_gen/gconvfifo.rf/grf.rf/rstblk/ngwrdrst.grst.g7serrst.gnsckt_wrst.rst_wr_reg2_inst/arststages_ff_reg[1]/C
                            (rising edge-triggered cell FDPE clocked by clk_out1_xlnx_clk_gen  {rise@0.000ns fall@10.000ns period=20.000ns})
  Destination:            i_axi_dwidth_converter_dm_slave/inst/gen_downsizer.gen_simple_downsizer.axi_downsizer_inst/USE_WRITE.write_addr_inst/cmd_queue/inst/fifo_gen_inst/inst_fifo_gen/gconvfifo.rf/grf.rf/gntv_or_sync_fifo.gl0.rd/gr1.gr1_int.rfwft/gpregsm1.curr_fwft_state_reg[1]/CLR
                            (removal check against rising-edge clock clk_out1_xlnx_clk_gen  {rise@0.000ns fall@10.000ns period=20.000ns})
  Path Group:             **async_default**
  Path Type:              Removal (Min at Fast Process Corner)
  Requirement:            0.000ns  (clk_out1_xlnx_clk_gen rise@0.000ns - clk_out1_xlnx_clk_gen rise@0.000ns)
  Data Path Delay:        0.506ns  (logic 0.227ns (44.874%)  route 0.279ns (55.126%))
  Logic Levels:           1  (LUT3=1)
  Clock Path Skew:        0.036ns (DCD - SCD - CPR)
    Destination Clock Delay (DCD):    -0.844ns
    Source Clock Delay      (SCD):    -0.607ns
    Clock Pessimism Removal (CPR):    -0.274ns

    Location             Delay type                Incr(ns)  Path(ns)    Netlist Resource(s)
  -------------------------------------------------------------------    -------------------
                         (clock clk_out1_xlnx_clk_gen rise edge)
                                                      0.000     0.000 r  
    K17                                               0.000     0.000 r  clk_sys (IN)
                         net (fo=0)                   0.000     0.000    i_xlnx_clk_gen/inst/clk_in1
    K17                  IBUF (Prop_ibuf_I_O)         0.243     0.243 r  i_xlnx_clk_gen/inst/clkin1_ibufg/O
                         net (fo=1, routed)           0.440     0.683    i_xlnx_clk_gen/inst/clk_in1_xlnx_clk_gen
    MMCME2_ADV_X1Y2      MMCME2_ADV (Prop_mmcme2_adv_CLKIN1_CLKOUT0)
                                                     -2.613    -1.930 r  i_xlnx_clk_gen/inst/mmcm_adv_inst/CLKOUT0
                         net (fo=1, routed)           0.696    -1.233    i_xlnx_clk_gen/inst/clk_out1_xlnx_clk_gen
    BUFGCTRL_X0Y16       BUFG (Prop_bufg_I_O)         0.026    -1.207 r  i_xlnx_clk_gen/inst/clkout1_buf/O
                         net (fo=15149, routed)       0.601    -0.607    i_axi_dwidth_converter_dm_slave/inst/gen_downsizer.gen_simple_downsizer.axi_downsizer_inst/USE_WRITE.write_addr_inst/cmd_queue/inst/fifo_gen_inst/inst_fifo_gen/gconvfifo.rf/grf.rf/rstblk/ngwrdrst.grst.g7serrst.gnsckt_wrst.rst_wr_reg2_inst/dest_clk
    SLICE_X103Y68        FDPE                                         r  i_axi_dwidth_converter_dm_slave/inst/gen_downsizer.gen_simple_downsizer.axi_downsizer_inst/USE_WRITE.write_addr_inst/cmd_queue/inst/fifo_gen_inst/inst_fifo_gen/gconvfifo.rf/grf.rf/rstblk/ngwrdrst.grst.g7serrst.gnsckt_wrst.rst_wr_reg2_inst/arststages_ff_reg[1]/C
  -------------------------------------------------------------------    -------------------
    SLICE_X103Y68        FDPE (Prop_fdpe_C_Q)         0.128    -0.479 f  i_axi_dwidth_converter_dm_slave/inst/gen_downsizer.gen_simple_downsizer.axi_downsizer_inst/USE_WRITE.write_addr_inst/cmd_queue/inst/fifo_gen_inst/inst_fifo_gen/gconvfifo.rf/grf.rf/rstblk/ngwrdrst.grst.g7serrst.gnsckt_wrst.rst_wr_reg2_inst/arststages_ff_reg[1]/Q
                         net (fo=3, routed)           0.127    -0.352    i_axi_dwidth_converter_dm_slave/inst/gen_downsizer.gen_simple_downsizer.axi_downsizer_inst/USE_WRITE.write_addr_inst/cmd_queue/inst/fifo_gen_inst/inst_fifo_gen/gconvfifo.rf/grf.rf/rstblk/ngwrdrst.rst_wr_reg2
    SLICE_X103Y67        LUT3 (Prop_lut3_I2_O)        0.099    -0.253 f  i_axi_dwidth_converter_dm_slave/inst/gen_downsizer.gen_simple_downsizer.axi_downsizer_inst/USE_WRITE.write_addr_inst/cmd_queue/inst/fifo_gen_inst/inst_fifo_gen/gconvfifo.rf/grf.rf/rstblk/gpregsm1.curr_fwft_state[1]_i_2/O
                         net (fo=32, routed)          0.152    -0.101    i_axi_dwidth_converter_dm_slave/inst/gen_downsizer.gen_simple_downsizer.axi_downsizer_inst/USE_WRITE.write_addr_inst/cmd_queue/inst/fifo_gen_inst/inst_fifo_gen/gconvfifo.rf/grf.rf/gntv_or_sync_fifo.gl0.rd/gr1.gr1_int.rfwft/gpregsm1.user_valid_reg_0
    SLICE_X104Y67        FDCE                                         f  i_axi_dwidth_converter_dm_slave/inst/gen_downsizer.gen_simple_downsizer.axi_downsizer_inst/USE_WRITE.write_addr_inst/cmd_queue/inst/fifo_gen_inst/inst_fifo_gen/gconvfifo.rf/grf.rf/gntv_or_sync_fifo.gl0.rd/gr1.gr1_int.rfwft/gpregsm1.curr_fwft_state_reg[1]/CLR
  -------------------------------------------------------------------    -------------------

                         (clock clk_out1_xlnx_clk_gen rise edge)
                                                      0.000     0.000 r  
    K17                                               0.000     0.000 r  clk_sys (IN)
                         net (fo=0)                   0.000     0.000    i_xlnx_clk_gen/inst/clk_in1
    K17                  IBUF (Prop_ibuf_I_O)         0.431     0.431 r  i_xlnx_clk_gen/inst/clkin1_ibufg/O
                         net (fo=1, routed)           0.480     0.911    i_xlnx_clk_gen/inst/clk_in1_xlnx_clk_gen
    MMCME2_ADV_X1Y2      MMCME2_ADV (Prop_mmcme2_adv_CLKIN1_CLKOUT0)
                                                     -3.407    -2.496 r  i_xlnx_clk_gen/inst/mmcm_adv_inst/CLKOUT0
                         net (fo=1, routed)           0.752    -1.744    i_xlnx_clk_gen/inst/clk_out1_xlnx_clk_gen
    BUFGCTRL_X0Y16       BUFG (Prop_bufg_I_O)         0.029    -1.715 r  i_xlnx_clk_gen/inst/clkout1_buf/O
                         net (fo=15149, routed)       0.871    -0.844    i_axi_dwidth_converter_dm_slave/inst/gen_downsizer.gen_simple_downsizer.axi_downsizer_inst/USE_WRITE.write_addr_inst/cmd_queue/inst/fifo_gen_inst/inst_fifo_gen/gconvfifo.rf/grf.rf/gntv_or_sync_fifo.gl0.rd/gr1.gr1_int.rfwft/clk
    SLICE_X104Y67        FDCE                                         r  i_axi_dwidth_converter_dm_slave/inst/gen_downsizer.gen_simple_downsizer.axi_downsizer_inst/USE_WRITE.write_addr_inst/cmd_queue/inst/fifo_gen_inst/inst_fifo_gen/gconvfifo.rf/grf.rf/gntv_or_sync_fifo.gl0.rd/gr1.gr1_int.rfwft/gpregsm1.curr_fwft_state_reg[1]/C
                         clock pessimism              0.274    -0.571    
    SLICE_X104Y67        FDCE (Remov_fdce_C_CLR)     -0.067    -0.638    i_axi_dwidth_converter_dm_slave/inst/gen_downsizer.gen_simple_downsizer.axi_downsizer_inst/USE_WRITE.write_addr_inst/cmd_queue/inst/fifo_gen_inst/inst_fifo_gen/gconvfifo.rf/grf.rf/gntv_or_sync_fifo.gl0.rd/gr1.gr1_int.rfwft/gpregsm1.curr_fwft_state_reg[1]
  -------------------------------------------------------------------
                         required time                          0.638    
                         arrival time                          -0.101    
  -------------------------------------------------------------------
                         slack                                  0.537    

Slack (MET) :             0.537ns  (arrival time - required time)
  Source:                 i_axi_dwidth_converter_dm_slave/inst/gen_downsizer.gen_simple_downsizer.axi_downsizer_inst/USE_WRITE.write_addr_inst/cmd_queue/inst/fifo_gen_inst/inst_fifo_gen/gconvfifo.rf/grf.rf/rstblk/ngwrdrst.grst.g7serrst.gnsckt_wrst.rst_wr_reg2_inst/arststages_ff_reg[1]/C
                            (rising edge-triggered cell FDPE clocked by clk_out1_xlnx_clk_gen  {rise@0.000ns fall@10.000ns period=20.000ns})
  Destination:            i_axi_dwidth_converter_dm_slave/inst/gen_downsizer.gen_simple_downsizer.axi_downsizer_inst/USE_WRITE.write_addr_inst/cmd_queue/inst/fifo_gen_inst/inst_fifo_gen/gconvfifo.rf/grf.rf/gntv_or_sync_fifo.gl0.rd/gr1.gr1_int.rfwft/gpregsm1.user_valid_reg/CLR
                            (removal check against rising-edge clock clk_out1_xlnx_clk_gen  {rise@0.000ns fall@10.000ns period=20.000ns})
  Path Group:             **async_default**
  Path Type:              Removal (Min at Fast Process Corner)
  Requirement:            0.000ns  (clk_out1_xlnx_clk_gen rise@0.000ns - clk_out1_xlnx_clk_gen rise@0.000ns)
  Data Path Delay:        0.506ns  (logic 0.227ns (44.874%)  route 0.279ns (55.126%))
  Logic Levels:           1  (LUT3=1)
  Clock Path Skew:        0.036ns (DCD - SCD - CPR)
    Destination Clock Delay (DCD):    -0.844ns
    Source Clock Delay      (SCD):    -0.607ns
    Clock Pessimism Removal (CPR):    -0.274ns

    Location             Delay type                Incr(ns)  Path(ns)    Netlist Resource(s)
  -------------------------------------------------------------------    -------------------
                         (clock clk_out1_xlnx_clk_gen rise edge)
                                                      0.000     0.000 r  
    K17                                               0.000     0.000 r  clk_sys (IN)
                         net (fo=0)                   0.000     0.000    i_xlnx_clk_gen/inst/clk_in1
    K17                  IBUF (Prop_ibuf_I_O)         0.243     0.243 r  i_xlnx_clk_gen/inst/clkin1_ibufg/O
                         net (fo=1, routed)           0.440     0.683    i_xlnx_clk_gen/inst/clk_in1_xlnx_clk_gen
    MMCME2_ADV_X1Y2      MMCME2_ADV (Prop_mmcme2_adv_CLKIN1_CLKOUT0)
                                                     -2.613    -1.930 r  i_xlnx_clk_gen/inst/mmcm_adv_inst/CLKOUT0
                         net (fo=1, routed)           0.696    -1.233    i_xlnx_clk_gen/inst/clk_out1_xlnx_clk_gen
    BUFGCTRL_X0Y16       BUFG (Prop_bufg_I_O)         0.026    -1.207 r  i_xlnx_clk_gen/inst/clkout1_buf/O
                         net (fo=15149, routed)       0.601    -0.607    i_axi_dwidth_converter_dm_slave/inst/gen_downsizer.gen_simple_downsizer.axi_downsizer_inst/USE_WRITE.write_addr_inst/cmd_queue/inst/fifo_gen_inst/inst_fifo_gen/gconvfifo.rf/grf.rf/rstblk/ngwrdrst.grst.g7serrst.gnsckt_wrst.rst_wr_reg2_inst/dest_clk
    SLICE_X103Y68        FDPE                                         r  i_axi_dwidth_converter_dm_slave/inst/gen_downsizer.gen_simple_downsizer.axi_downsizer_inst/USE_WRITE.write_addr_inst/cmd_queue/inst/fifo_gen_inst/inst_fifo_gen/gconvfifo.rf/grf.rf/rstblk/ngwrdrst.grst.g7serrst.gnsckt_wrst.rst_wr_reg2_inst/arststages_ff_reg[1]/C
  -------------------------------------------------------------------    -------------------
    SLICE_X103Y68        FDPE (Prop_fdpe_C_Q)         0.128    -0.479 f  i_axi_dwidth_converter_dm_slave/inst/gen_downsizer.gen_simple_downsizer.axi_downsizer_inst/USE_WRITE.write_addr_inst/cmd_queue/inst/fifo_gen_inst/inst_fifo_gen/gconvfifo.rf/grf.rf/rstblk/ngwrdrst.grst.g7serrst.gnsckt_wrst.rst_wr_reg2_inst/arststages_ff_reg[1]/Q
                         net (fo=3, routed)           0.127    -0.352    i_axi_dwidth_converter_dm_slave/inst/gen_downsizer.gen_simple_downsizer.axi_downsizer_inst/USE_WRITE.write_addr_inst/cmd_queue/inst/fifo_gen_inst/inst_fifo_gen/gconvfifo.rf/grf.rf/rstblk/ngwrdrst.rst_wr_reg2
    SLICE_X103Y67        LUT3 (Prop_lut3_I2_O)        0.099    -0.253 f  i_axi_dwidth_converter_dm_slave/inst/gen_downsizer.gen_simple_downsizer.axi_downsizer_inst/USE_WRITE.write_addr_inst/cmd_queue/inst/fifo_gen_inst/inst_fifo_gen/gconvfifo.rf/grf.rf/rstblk/gpregsm1.curr_fwft_state[1]_i_2/O
                         net (fo=32, routed)          0.152    -0.101    i_axi_dwidth_converter_dm_slave/inst/gen_downsizer.gen_simple_downsizer.axi_downsizer_inst/USE_WRITE.write_addr_inst/cmd_queue/inst/fifo_gen_inst/inst_fifo_gen/gconvfifo.rf/grf.rf/gntv_or_sync_fifo.gl0.rd/gr1.gr1_int.rfwft/gpregsm1.user_valid_reg_0
    SLICE_X104Y67        FDCE                                         f  i_axi_dwidth_converter_dm_slave/inst/gen_downsizer.gen_simple_downsizer.axi_downsizer_inst/USE_WRITE.write_addr_inst/cmd_queue/inst/fifo_gen_inst/inst_fifo_gen/gconvfifo.rf/grf.rf/gntv_or_sync_fifo.gl0.rd/gr1.gr1_int.rfwft/gpregsm1.user_valid_reg/CLR
  -------------------------------------------------------------------    -------------------

                         (clock clk_out1_xlnx_clk_gen rise edge)
                                                      0.000     0.000 r  
    K17                                               0.000     0.000 r  clk_sys (IN)
                         net (fo=0)                   0.000     0.000    i_xlnx_clk_gen/inst/clk_in1
    K17                  IBUF (Prop_ibuf_I_O)         0.431     0.431 r  i_xlnx_clk_gen/inst/clkin1_ibufg/O
                         net (fo=1, routed)           0.480     0.911    i_xlnx_clk_gen/inst/clk_in1_xlnx_clk_gen
    MMCME2_ADV_X1Y2      MMCME2_ADV (Prop_mmcme2_adv_CLKIN1_CLKOUT0)
                                                     -3.407    -2.496 r  i_xlnx_clk_gen/inst/mmcm_adv_inst/CLKOUT0
                         net (fo=1, routed)           0.752    -1.744    i_xlnx_clk_gen/inst/clk_out1_xlnx_clk_gen
    BUFGCTRL_X0Y16       BUFG (Prop_bufg_I_O)         0.029    -1.715 r  i_xlnx_clk_gen/inst/clkout1_buf/O
                         net (fo=15149, routed)       0.871    -0.844    i_axi_dwidth_converter_dm_slave/inst/gen_downsizer.gen_simple_downsizer.axi_downsizer_inst/USE_WRITE.write_addr_inst/cmd_queue/inst/fifo_gen_inst/inst_fifo_gen/gconvfifo.rf/grf.rf/gntv_or_sync_fifo.gl0.rd/gr1.gr1_int.rfwft/clk
    SLICE_X104Y67        FDCE                                         r  i_axi_dwidth_converter_dm_slave/inst/gen_downsizer.gen_simple_downsizer.axi_downsizer_inst/USE_WRITE.write_addr_inst/cmd_queue/inst/fifo_gen_inst/inst_fifo_gen/gconvfifo.rf/grf.rf/gntv_or_sync_fifo.gl0.rd/gr1.gr1_int.rfwft/gpregsm1.user_valid_reg/C
                         clock pessimism              0.274    -0.571    
    SLICE_X104Y67        FDCE (Remov_fdce_C_CLR)     -0.067    -0.638    i_axi_dwidth_converter_dm_slave/inst/gen_downsizer.gen_simple_downsizer.axi_downsizer_inst/USE_WRITE.write_addr_inst/cmd_queue/inst/fifo_gen_inst/inst_fifo_gen/gconvfifo.rf/grf.rf/gntv_or_sync_fifo.gl0.rd/gr1.gr1_int.rfwft/gpregsm1.user_valid_reg
  -------------------------------------------------------------------
                         required time                          0.638    
                         arrival time                          -0.101    
  -------------------------------------------------------------------
                         slack                                  0.537    

Slack (MET) :             0.541ns  (arrival time - required time)
  Source:                 i_axi_dwidth_converter_dm_slave/inst/gen_downsizer.gen_simple_downsizer.axi_downsizer_inst/USE_WRITE.write_addr_inst/cmd_queue/inst/fifo_gen_inst/inst_fifo_gen/gconvfifo.rf/grf.rf/rstblk/ngwrdrst.grst.g7serrst.gnsckt_wrst.rst_wr_reg2_inst/arststages_ff_reg[1]/C
                            (rising edge-triggered cell FDPE clocked by clk_out1_xlnx_clk_gen  {rise@0.000ns fall@10.000ns period=20.000ns})
  Destination:            i_axi_dwidth_converter_dm_slave/inst/gen_downsizer.gen_simple_downsizer.axi_downsizer_inst/USE_WRITE.write_addr_inst/cmd_queue/inst/fifo_gen_inst/inst_fifo_gen/gconvfifo.rf/grf.rf/gntv_or_sync_fifo.gl0.rd/gr1.gr1_int.rfwft/empty_fwft_fb_o_i_reg/PRE
                            (removal check against rising-edge clock clk_out1_xlnx_clk_gen  {rise@0.000ns fall@10.000ns period=20.000ns})
  Path Group:             **async_default**
  Path Type:              Removal (Min at Fast Process Corner)
  Requirement:            0.000ns  (clk_out1_xlnx_clk_gen rise@0.000ns - clk_out1_xlnx_clk_gen rise@0.000ns)
  Data Path Delay:        0.506ns  (logic 0.227ns (44.874%)  route 0.279ns (55.126%))
  Logic Levels:           1  (LUT3=1)
  Clock Path Skew:        0.036ns (DCD - SCD - CPR)
    Destination Clock Delay (DCD):    -0.844ns
    Source Clock Delay      (SCD):    -0.607ns
    Clock Pessimism Removal (CPR):    -0.274ns

    Location             Delay type                Incr(ns)  Path(ns)    Netlist Resource(s)
  -------------------------------------------------------------------    -------------------
                         (clock clk_out1_xlnx_clk_gen rise edge)
                                                      0.000     0.000 r  
    K17                                               0.000     0.000 r  clk_sys (IN)
                         net (fo=0)                   0.000     0.000    i_xlnx_clk_gen/inst/clk_in1
    K17                  IBUF (Prop_ibuf_I_O)         0.243     0.243 r  i_xlnx_clk_gen/inst/clkin1_ibufg/O
                         net (fo=1, routed)           0.440     0.683    i_xlnx_clk_gen/inst/clk_in1_xlnx_clk_gen
    MMCME2_ADV_X1Y2      MMCME2_ADV (Prop_mmcme2_adv_CLKIN1_CLKOUT0)
                                                     -2.613    -1.930 r  i_xlnx_clk_gen/inst/mmcm_adv_inst/CLKOUT0
                         net (fo=1, routed)           0.696    -1.233    i_xlnx_clk_gen/inst/clk_out1_xlnx_clk_gen
    BUFGCTRL_X0Y16       BUFG (Prop_bufg_I_O)         0.026    -1.207 r  i_xlnx_clk_gen/inst/clkout1_buf/O
                         net (fo=15149, routed)       0.601    -0.607    i_axi_dwidth_converter_dm_slave/inst/gen_downsizer.gen_simple_downsizer.axi_downsizer_inst/USE_WRITE.write_addr_inst/cmd_queue/inst/fifo_gen_inst/inst_fifo_gen/gconvfifo.rf/grf.rf/rstblk/ngwrdrst.grst.g7serrst.gnsckt_wrst.rst_wr_reg2_inst/dest_clk
    SLICE_X103Y68        FDPE                                         r  i_axi_dwidth_converter_dm_slave/inst/gen_downsizer.gen_simple_downsizer.axi_downsizer_inst/USE_WRITE.write_addr_inst/cmd_queue/inst/fifo_gen_inst/inst_fifo_gen/gconvfifo.rf/grf.rf/rstblk/ngwrdrst.grst.g7serrst.gnsckt_wrst.rst_wr_reg2_inst/arststages_ff_reg[1]/C
  -------------------------------------------------------------------    -------------------
    SLICE_X103Y68        FDPE (Prop_fdpe_C_Q)         0.128    -0.479 f  i_axi_dwidth_converter_dm_slave/inst/gen_downsizer.gen_simple_downsizer.axi_downsizer_inst/USE_WRITE.write_addr_inst/cmd_queue/inst/fifo_gen_inst/inst_fifo_gen/gconvfifo.rf/grf.rf/rstblk/ngwrdrst.grst.g7serrst.gnsckt_wrst.rst_wr_reg2_inst/arststages_ff_reg[1]/Q
                         net (fo=3, routed)           0.127    -0.352    i_axi_dwidth_converter_dm_slave/inst/gen_downsizer.gen_simple_downsizer.axi_downsizer_inst/USE_WRITE.write_addr_inst/cmd_queue/inst/fifo_gen_inst/inst_fifo_gen/gconvfifo.rf/grf.rf/rstblk/ngwrdrst.rst_wr_reg2
    SLICE_X103Y67        LUT3 (Prop_lut3_I2_O)        0.099    -0.253 f  i_axi_dwidth_converter_dm_slave/inst/gen_downsizer.gen_simple_downsizer.axi_downsizer_inst/USE_WRITE.write_addr_inst/cmd_queue/inst/fifo_gen_inst/inst_fifo_gen/gconvfifo.rf/grf.rf/rstblk/gpregsm1.curr_fwft_state[1]_i_2/O
                         net (fo=32, routed)          0.152    -0.101    i_axi_dwidth_converter_dm_slave/inst/gen_downsizer.gen_simple_downsizer.axi_downsizer_inst/USE_WRITE.write_addr_inst/cmd_queue/inst/fifo_gen_inst/inst_fifo_gen/gconvfifo.rf/grf.rf/gntv_or_sync_fifo.gl0.rd/gr1.gr1_int.rfwft/gpregsm1.user_valid_reg_0
    SLICE_X104Y67        FDPE                                         f  i_axi_dwidth_converter_dm_slave/inst/gen_downsizer.gen_simple_downsizer.axi_downsizer_inst/USE_WRITE.write_addr_inst/cmd_queue/inst/fifo_gen_inst/inst_fifo_gen/gconvfifo.rf/grf.rf/gntv_or_sync_fifo.gl0.rd/gr1.gr1_int.rfwft/empty_fwft_fb_o_i_reg/PRE
  -------------------------------------------------------------------    -------------------

                         (clock clk_out1_xlnx_clk_gen rise edge)
                                                      0.000     0.000 r  
    K17                                               0.000     0.000 r  clk_sys (IN)
                         net (fo=0)                   0.000     0.000    i_xlnx_clk_gen/inst/clk_in1
    K17                  IBUF (Prop_ibuf_I_O)         0.431     0.431 r  i_xlnx_clk_gen/inst/clkin1_ibufg/O
                         net (fo=1, routed)           0.480     0.911    i_xlnx_clk_gen/inst/clk_in1_xlnx_clk_gen
    MMCME2_ADV_X1Y2      MMCME2_ADV (Prop_mmcme2_adv_CLKIN1_CLKOUT0)
                                                     -3.407    -2.496 r  i_xlnx_clk_gen/inst/mmcm_adv_inst/CLKOUT0
                         net (fo=1, routed)           0.752    -1.744    i_xlnx_clk_gen/inst/clk_out1_xlnx_clk_gen
    BUFGCTRL_X0Y16       BUFG (Prop_bufg_I_O)         0.029    -1.715 r  i_xlnx_clk_gen/inst/clkout1_buf/O
                         net (fo=15149, routed)       0.871    -0.844    i_axi_dwidth_converter_dm_slave/inst/gen_downsizer.gen_simple_downsizer.axi_downsizer_inst/USE_WRITE.write_addr_inst/cmd_queue/inst/fifo_gen_inst/inst_fifo_gen/gconvfifo.rf/grf.rf/gntv_or_sync_fifo.gl0.rd/gr1.gr1_int.rfwft/clk
    SLICE_X104Y67        FDPE                                         r  i_axi_dwidth_converter_dm_slave/inst/gen_downsizer.gen_simple_downsizer.axi_downsizer_inst/USE_WRITE.write_addr_inst/cmd_queue/inst/fifo_gen_inst/inst_fifo_gen/gconvfifo.rf/grf.rf/gntv_or_sync_fifo.gl0.rd/gr1.gr1_int.rfwft/empty_fwft_fb_o_i_reg/C
                         clock pessimism              0.274    -0.571    
    SLICE_X104Y67        FDPE (Remov_fdpe_C_PRE)     -0.071    -0.642    i_axi_dwidth_converter_dm_slave/inst/gen_downsizer.gen_simple_downsizer.axi_downsizer_inst/USE_WRITE.write_addr_inst/cmd_queue/inst/fifo_gen_inst/inst_fifo_gen/gconvfifo.rf/grf.rf/gntv_or_sync_fifo.gl0.rd/gr1.gr1_int.rfwft/empty_fwft_fb_o_i_reg
  -------------------------------------------------------------------
                         required time                          0.642    
                         arrival time                          -0.101    
  -------------------------------------------------------------------
                         slack                                  0.541    

Slack (MET) :             0.562ns  (arrival time - required time)
  Source:                 i_axi_dwidth_converter_dm_slave/inst/gen_downsizer.gen_simple_downsizer.axi_downsizer_inst/USE_WRITE.write_addr_inst/cmd_queue/inst/fifo_gen_inst/inst_fifo_gen/gconvfifo.rf/grf.rf/rstblk/ngwrdrst.grst.g7serrst.gnsckt_wrst.rst_wr_reg2_inst/arststages_ff_reg[1]/C
                            (rising edge-triggered cell FDPE clocked by clk_out1_xlnx_clk_gen  {rise@0.000ns fall@10.000ns period=20.000ns})
  Destination:            i_axi_dwidth_converter_dm_slave/inst/gen_downsizer.gen_simple_downsizer.axi_downsizer_inst/USE_WRITE.write_addr_inst/cmd_queue/inst/fifo_gen_inst/inst_fifo_gen/gconvfifo.rf/grf.rf/gntv_or_sync_fifo.gl0.wr/gwss.wsts/ram_full_fb_i_reg/CLR
                            (removal check against rising-edge clock clk_out1_xlnx_clk_gen  {rise@0.000ns fall@10.000ns period=20.000ns})
  Path Group:             **async_default**
  Path Type:              Removal (Min at Fast Process Corner)
  Requirement:            0.000ns  (clk_out1_xlnx_clk_gen rise@0.000ns - clk_out1_xlnx_clk_gen rise@0.000ns)
  Data Path Delay:        0.511ns  (logic 0.227ns (44.395%)  route 0.284ns (55.605%))
  Logic Levels:           1  (LUT3=1)
  Clock Path Skew:        0.016ns (DCD - SCD - CPR)
    Destination Clock Delay (DCD):    -0.844ns
    Source Clock Delay      (SCD):    -0.607ns
    Clock Pessimism Removal (CPR):    -0.254ns

    Location             Delay type                Incr(ns)  Path(ns)    Netlist Resource(s)
  -------------------------------------------------------------------    -------------------
                         (clock clk_out1_xlnx_clk_gen rise edge)
                                                      0.000     0.000 r  
    K17                                               0.000     0.000 r  clk_sys (IN)
                         net (fo=0)                   0.000     0.000    i_xlnx_clk_gen/inst/clk_in1
    K17                  IBUF (Prop_ibuf_I_O)         0.243     0.243 r  i_xlnx_clk_gen/inst/clkin1_ibufg/O
                         net (fo=1, routed)           0.440     0.683    i_xlnx_clk_gen/inst/clk_in1_xlnx_clk_gen
    MMCME2_ADV_X1Y2      MMCME2_ADV (Prop_mmcme2_adv_CLKIN1_CLKOUT0)
                                                     -2.613    -1.930 r  i_xlnx_clk_gen/inst/mmcm_adv_inst/CLKOUT0
                         net (fo=1, routed)           0.696    -1.233    i_xlnx_clk_gen/inst/clk_out1_xlnx_clk_gen
    BUFGCTRL_X0Y16       BUFG (Prop_bufg_I_O)         0.026    -1.207 r  i_xlnx_clk_gen/inst/clkout1_buf/O
                         net (fo=15149, routed)       0.601    -0.607    i_axi_dwidth_converter_dm_slave/inst/gen_downsizer.gen_simple_downsizer.axi_downsizer_inst/USE_WRITE.write_addr_inst/cmd_queue/inst/fifo_gen_inst/inst_fifo_gen/gconvfifo.rf/grf.rf/rstblk/ngwrdrst.grst.g7serrst.gnsckt_wrst.rst_wr_reg2_inst/dest_clk
    SLICE_X103Y68        FDPE                                         r  i_axi_dwidth_converter_dm_slave/inst/gen_downsizer.gen_simple_downsizer.axi_downsizer_inst/USE_WRITE.write_addr_inst/cmd_queue/inst/fifo_gen_inst/inst_fifo_gen/gconvfifo.rf/grf.rf/rstblk/ngwrdrst.grst.g7serrst.gnsckt_wrst.rst_wr_reg2_inst/arststages_ff_reg[1]/C
  -------------------------------------------------------------------    -------------------
    SLICE_X103Y68        FDPE (Prop_fdpe_C_Q)         0.128    -0.479 f  i_axi_dwidth_converter_dm_slave/inst/gen_downsizer.gen_simple_downsizer.axi_downsizer_inst/USE_WRITE.write_addr_inst/cmd_queue/inst/fifo_gen_inst/inst_fifo_gen/gconvfifo.rf/grf.rf/rstblk/ngwrdrst.grst.g7serrst.gnsckt_wrst.rst_wr_reg2_inst/arststages_ff_reg[1]/Q
                         net (fo=3, routed)           0.127    -0.352    i_axi_dwidth_converter_dm_slave/inst/gen_downsizer.gen_simple_downsizer.axi_downsizer_inst/USE_WRITE.write_addr_inst/cmd_queue/inst/fifo_gen_inst/inst_fifo_gen/gconvfifo.rf/grf.rf/rstblk/ngwrdrst.rst_wr_reg2
    SLICE_X103Y67        LUT3 (Prop_lut3_I2_O)        0.099    -0.253 f  i_axi_dwidth_converter_dm_slave/inst/gen_downsizer.gen_simple_downsizer.axi_downsizer_inst/USE_WRITE.write_addr_inst/cmd_queue/inst/fifo_gen_inst/inst_fifo_gen/gconvfifo.rf/grf.rf/rstblk/gpregsm1.curr_fwft_state[1]_i_2/O
                         net (fo=32, routed)          0.158    -0.095    i_axi_dwidth_converter_dm_slave/inst/gen_downsizer.gen_simple_downsizer.axi_downsizer_inst/USE_WRITE.write_addr_inst/cmd_queue/inst/fifo_gen_inst/inst_fifo_gen/gconvfifo.rf/grf.rf/gntv_or_sync_fifo.gl0.wr/gwss.wsts/AR[0]
    SLICE_X102Y66        FDCE                                         f  i_axi_dwidth_converter_dm_slave/inst/gen_downsizer.gen_simple_downsizer.axi_downsizer_inst/USE_WRITE.write_addr_inst/cmd_queue/inst/fifo_gen_inst/inst_fifo_gen/gconvfifo.rf/grf.rf/gntv_or_sync_fifo.gl0.wr/gwss.wsts/ram_full_fb_i_reg/CLR
  -------------------------------------------------------------------    -------------------

                         (clock clk_out1_xlnx_clk_gen rise edge)
                                                      0.000     0.000 r  
    K17                                               0.000     0.000 r  clk_sys (IN)
                         net (fo=0)                   0.000     0.000    i_xlnx_clk_gen/inst/clk_in1
    K17                  IBUF (Prop_ibuf_I_O)         0.431     0.431 r  i_xlnx_clk_gen/inst/clkin1_ibufg/O
                         net (fo=1, routed)           0.480     0.911    i_xlnx_clk_gen/inst/clk_in1_xlnx_clk_gen
    MMCME2_ADV_X1Y2      MMCME2_ADV (Prop_mmcme2_adv_CLKIN1_CLKOUT0)
                                                     -3.407    -2.496 r  i_xlnx_clk_gen/inst/mmcm_adv_inst/CLKOUT0
                         net (fo=1, routed)           0.752    -1.744    i_xlnx_clk_gen/inst/clk_out1_xlnx_clk_gen
    BUFGCTRL_X0Y16       BUFG (Prop_bufg_I_O)         0.029    -1.715 r  i_xlnx_clk_gen/inst/clkout1_buf/O
                         net (fo=15149, routed)       0.871    -0.844    i_axi_dwidth_converter_dm_slave/inst/gen_downsizer.gen_simple_downsizer.axi_downsizer_inst/USE_WRITE.write_addr_inst/cmd_queue/inst/fifo_gen_inst/inst_fifo_gen/gconvfifo.rf/grf.rf/gntv_or_sync_fifo.gl0.wr/gwss.wsts/clk
    SLICE_X102Y66        FDCE                                         r  i_axi_dwidth_converter_dm_slave/inst/gen_downsizer.gen_simple_downsizer.axi_downsizer_inst/USE_WRITE.write_addr_inst/cmd_queue/inst/fifo_gen_inst/inst_fifo_gen/gconvfifo.rf/grf.rf/gntv_or_sync_fifo.gl0.wr/gwss.wsts/ram_full_fb_i_reg/C
                         clock pessimism              0.254    -0.591    
    SLICE_X102Y66        FDCE (Remov_fdce_C_CLR)     -0.067    -0.658    i_axi_dwidth_converter_dm_slave/inst/gen_downsizer.gen_simple_downsizer.axi_downsizer_inst/USE_WRITE.write_addr_inst/cmd_queue/inst/fifo_gen_inst/inst_fifo_gen/gconvfifo.rf/grf.rf/gntv_or_sync_fifo.gl0.wr/gwss.wsts/ram_full_fb_i_reg
  -------------------------------------------------------------------
                         required time                          0.658    
                         arrival time                          -0.095    
  -------------------------------------------------------------------
                         slack                                  0.562    

Slack (MET) :             0.562ns  (arrival time - required time)
  Source:                 i_axi_dwidth_converter_dm_slave/inst/gen_downsizer.gen_simple_downsizer.axi_downsizer_inst/USE_WRITE.write_addr_inst/cmd_queue/inst/fifo_gen_inst/inst_fifo_gen/gconvfifo.rf/grf.rf/rstblk/ngwrdrst.grst.g7serrst.gnsckt_wrst.rst_wr_reg2_inst/arststages_ff_reg[1]/C
                            (rising edge-triggered cell FDPE clocked by clk_out1_xlnx_clk_gen  {rise@0.000ns fall@10.000ns period=20.000ns})
  Destination:            i_axi_dwidth_converter_dm_slave/inst/gen_downsizer.gen_simple_downsizer.axi_downsizer_inst/USE_WRITE.write_addr_inst/cmd_queue/inst/fifo_gen_inst/inst_fifo_gen/gconvfifo.rf/grf.rf/gntv_or_sync_fifo.gl0.wr/gwss.wsts/ram_full_i_reg/CLR
                            (removal check against rising-edge clock clk_out1_xlnx_clk_gen  {rise@0.000ns fall@10.000ns period=20.000ns})
  Path Group:             **async_default**
  Path Type:              Removal (Min at Fast Process Corner)
  Requirement:            0.000ns  (clk_out1_xlnx_clk_gen rise@0.000ns - clk_out1_xlnx_clk_gen rise@0.000ns)
  Data Path Delay:        0.511ns  (logic 0.227ns (44.395%)  route 0.284ns (55.605%))
  Logic Levels:           1  (LUT3=1)
  Clock Path Skew:        0.016ns (DCD - SCD - CPR)
    Destination Clock Delay (DCD):    -0.844ns
    Source Clock Delay      (SCD):    -0.607ns
    Clock Pessimism Removal (CPR):    -0.254ns

    Location             Delay type                Incr(ns)  Path(ns)    Netlist Resource(s)
  -------------------------------------------------------------------    -------------------
                         (clock clk_out1_xlnx_clk_gen rise edge)
                                                      0.000     0.000 r  
    K17                                               0.000     0.000 r  clk_sys (IN)
                         net (fo=0)                   0.000     0.000    i_xlnx_clk_gen/inst/clk_in1
    K17                  IBUF (Prop_ibuf_I_O)         0.243     0.243 r  i_xlnx_clk_gen/inst/clkin1_ibufg/O
                         net (fo=1, routed)           0.440     0.683    i_xlnx_clk_gen/inst/clk_in1_xlnx_clk_gen
    MMCME2_ADV_X1Y2      MMCME2_ADV (Prop_mmcme2_adv_CLKIN1_CLKOUT0)
                                                     -2.613    -1.930 r  i_xlnx_clk_gen/inst/mmcm_adv_inst/CLKOUT0
                         net (fo=1, routed)           0.696    -1.233    i_xlnx_clk_gen/inst/clk_out1_xlnx_clk_gen
    BUFGCTRL_X0Y16       BUFG (Prop_bufg_I_O)         0.026    -1.207 r  i_xlnx_clk_gen/inst/clkout1_buf/O
                         net (fo=15149, routed)       0.601    -0.607    i_axi_dwidth_converter_dm_slave/inst/gen_downsizer.gen_simple_downsizer.axi_downsizer_inst/USE_WRITE.write_addr_inst/cmd_queue/inst/fifo_gen_inst/inst_fifo_gen/gconvfifo.rf/grf.rf/rstblk/ngwrdrst.grst.g7serrst.gnsckt_wrst.rst_wr_reg2_inst/dest_clk
    SLICE_X103Y68        FDPE                                         r  i_axi_dwidth_converter_dm_slave/inst/gen_downsizer.gen_simple_downsizer.axi_downsizer_inst/USE_WRITE.write_addr_inst/cmd_queue/inst/fifo_gen_inst/inst_fifo_gen/gconvfifo.rf/grf.rf/rstblk/ngwrdrst.grst.g7serrst.gnsckt_wrst.rst_wr_reg2_inst/arststages_ff_reg[1]/C
  -------------------------------------------------------------------    -------------------
    SLICE_X103Y68        FDPE (Prop_fdpe_C_Q)         0.128    -0.479 f  i_axi_dwidth_converter_dm_slave/inst/gen_downsizer.gen_simple_downsizer.axi_downsizer_inst/USE_WRITE.write_addr_inst/cmd_queue/inst/fifo_gen_inst/inst_fifo_gen/gconvfifo.rf/grf.rf/rstblk/ngwrdrst.grst.g7serrst.gnsckt_wrst.rst_wr_reg2_inst/arststages_ff_reg[1]/Q
                         net (fo=3, routed)           0.127    -0.352    i_axi_dwidth_converter_dm_slave/inst/gen_downsizer.gen_simple_downsizer.axi_downsizer_inst/USE_WRITE.write_addr_inst/cmd_queue/inst/fifo_gen_inst/inst_fifo_gen/gconvfifo.rf/grf.rf/rstblk/ngwrdrst.rst_wr_reg2
    SLICE_X103Y67        LUT3 (Prop_lut3_I2_O)        0.099    -0.253 f  i_axi_dwidth_converter_dm_slave/inst/gen_downsizer.gen_simple_downsizer.axi_downsizer_inst/USE_WRITE.write_addr_inst/cmd_queue/inst/fifo_gen_inst/inst_fifo_gen/gconvfifo.rf/grf.rf/rstblk/gpregsm1.curr_fwft_state[1]_i_2/O
                         net (fo=32, routed)          0.158    -0.095    i_axi_dwidth_converter_dm_slave/inst/gen_downsizer.gen_simple_downsizer.axi_downsizer_inst/USE_WRITE.write_addr_inst/cmd_queue/inst/fifo_gen_inst/inst_fifo_gen/gconvfifo.rf/grf.rf/gntv_or_sync_fifo.gl0.wr/gwss.wsts/AR[0]
    SLICE_X102Y66        FDCE                                         f  i_axi_dwidth_converter_dm_slave/inst/gen_downsizer.gen_simple_downsizer.axi_downsizer_inst/USE_WRITE.write_addr_inst/cmd_queue/inst/fifo_gen_inst/inst_fifo_gen/gconvfifo.rf/grf.rf/gntv_or_sync_fifo.gl0.wr/gwss.wsts/ram_full_i_reg/CLR
  -------------------------------------------------------------------    -------------------

                         (clock clk_out1_xlnx_clk_gen rise edge)
                                                      0.000     0.000 r  
    K17                                               0.000     0.000 r  clk_sys (IN)
                         net (fo=0)                   0.000     0.000    i_xlnx_clk_gen/inst/clk_in1
    K17                  IBUF (Prop_ibuf_I_O)         0.431     0.431 r  i_xlnx_clk_gen/inst/clkin1_ibufg/O
                         net (fo=1, routed)           0.480     0.911    i_xlnx_clk_gen/inst/clk_in1_xlnx_clk_gen
    MMCME2_ADV_X1Y2      MMCME2_ADV (Prop_mmcme2_adv_CLKIN1_CLKOUT0)
                                                     -3.407    -2.496 r  i_xlnx_clk_gen/inst/mmcm_adv_inst/CLKOUT0
                         net (fo=1, routed)           0.752    -1.744    i_xlnx_clk_gen/inst/clk_out1_xlnx_clk_gen
    BUFGCTRL_X0Y16       BUFG (Prop_bufg_I_O)         0.029    -1.715 r  i_xlnx_clk_gen/inst/clkout1_buf/O
                         net (fo=15149, routed)       0.871    -0.844    i_axi_dwidth_converter_dm_slave/inst/gen_downsizer.gen_simple_downsizer.axi_downsizer_inst/USE_WRITE.write_addr_inst/cmd_queue/inst/fifo_gen_inst/inst_fifo_gen/gconvfifo.rf/grf.rf/gntv_or_sync_fifo.gl0.wr/gwss.wsts/clk
    SLICE_X102Y66        FDCE                                         r  i_axi_dwidth_converter_dm_slave/inst/gen_downsizer.gen_simple_downsizer.axi_downsizer_inst/USE_WRITE.write_addr_inst/cmd_queue/inst/fifo_gen_inst/inst_fifo_gen/gconvfifo.rf/grf.rf/gntv_or_sync_fifo.gl0.wr/gwss.wsts/ram_full_i_reg/C
                         clock pessimism              0.254    -0.591    
    SLICE_X102Y66        FDCE (Remov_fdce_C_CLR)     -0.067    -0.658    i_axi_dwidth_converter_dm_slave/inst/gen_downsizer.gen_simple_downsizer.axi_downsizer_inst/USE_WRITE.write_addr_inst/cmd_queue/inst/fifo_gen_inst/inst_fifo_gen/gconvfifo.rf/grf.rf/gntv_or_sync_fifo.gl0.wr/gwss.wsts/ram_full_i_reg
  -------------------------------------------------------------------
                         required time                          0.658    
                         arrival time                          -0.095    
  -------------------------------------------------------------------
                         slack                                  0.562    

Slack (MET) :             0.565ns  (arrival time - required time)
  Source:                 i_axi_dwidth_converter_dm_slave/inst/gen_downsizer.gen_simple_downsizer.axi_downsizer_inst/USE_WRITE.write_addr_inst/cmd_queue/inst/fifo_gen_inst/inst_fifo_gen/gconvfifo.rf/grf.rf/rstblk/ngwrdrst.grst.g7serrst.gnsckt_wrst.rst_wr_reg2_inst/arststages_ff_reg[1]/C
                            (rising edge-triggered cell FDPE clocked by clk_out1_xlnx_clk_gen  {rise@0.000ns fall@10.000ns period=20.000ns})
  Destination:            i_axi_dwidth_converter_dm_slave/inst/gen_downsizer.gen_simple_downsizer.axi_downsizer_inst/USE_WRITE.write_addr_inst/cmd_queue/inst/fifo_gen_inst/inst_fifo_gen/gconvfifo.rf/grf.rf/gntv_or_sync_fifo.gl0.rd/gr1.gr1_int.rfwft/aempty_fwft_fb_i_reg/PRE
                            (removal check against rising-edge clock clk_out1_xlnx_clk_gen  {rise@0.000ns fall@10.000ns period=20.000ns})
  Path Group:             **async_default**
  Path Type:              Removal (Min at Fast Process Corner)
  Requirement:            0.000ns  (clk_out1_xlnx_clk_gen rise@0.000ns - clk_out1_xlnx_clk_gen rise@0.000ns)
  Data Path Delay:        0.506ns  (logic 0.227ns (44.874%)  route 0.279ns (55.126%))
  Logic Levels:           1  (LUT3=1)
  Clock Path Skew:        0.036ns (DCD - SCD - CPR)
    Destination Clock Delay (DCD):    -0.844ns
    Source Clock Delay      (SCD):    -0.607ns
    Clock Pessimism Removal (CPR):    -0.274ns

    Location             Delay type                Incr(ns)  Path(ns)    Netlist Resource(s)
  -------------------------------------------------------------------    -------------------
                         (clock clk_out1_xlnx_clk_gen rise edge)
                                                      0.000     0.000 r  
    K17                                               0.000     0.000 r  clk_sys (IN)
                         net (fo=0)                   0.000     0.000    i_xlnx_clk_gen/inst/clk_in1
    K17                  IBUF (Prop_ibuf_I_O)         0.243     0.243 r  i_xlnx_clk_gen/inst/clkin1_ibufg/O
                         net (fo=1, routed)           0.440     0.683    i_xlnx_clk_gen/inst/clk_in1_xlnx_clk_gen
    MMCME2_ADV_X1Y2      MMCME2_ADV (Prop_mmcme2_adv_CLKIN1_CLKOUT0)
                                                     -2.613    -1.930 r  i_xlnx_clk_gen/inst/mmcm_adv_inst/CLKOUT0
                         net (fo=1, routed)           0.696    -1.233    i_xlnx_clk_gen/inst/clk_out1_xlnx_clk_gen
    BUFGCTRL_X0Y16       BUFG (Prop_bufg_I_O)         0.026    -1.207 r  i_xlnx_clk_gen/inst/clkout1_buf/O
                         net (fo=15149, routed)       0.601    -0.607    i_axi_dwidth_converter_dm_slave/inst/gen_downsizer.gen_simple_downsizer.axi_downsizer_inst/USE_WRITE.write_addr_inst/cmd_queue/inst/fifo_gen_inst/inst_fifo_gen/gconvfifo.rf/grf.rf/rstblk/ngwrdrst.grst.g7serrst.gnsckt_wrst.rst_wr_reg2_inst/dest_clk
    SLICE_X103Y68        FDPE                                         r  i_axi_dwidth_converter_dm_slave/inst/gen_downsizer.gen_simple_downsizer.axi_downsizer_inst/USE_WRITE.write_addr_inst/cmd_queue/inst/fifo_gen_inst/inst_fifo_gen/gconvfifo.rf/grf.rf/rstblk/ngwrdrst.grst.g7serrst.gnsckt_wrst.rst_wr_reg2_inst/arststages_ff_reg[1]/C
  -------------------------------------------------------------------    -------------------
    SLICE_X103Y68        FDPE (Prop_fdpe_C_Q)         0.128    -0.479 f  i_axi_dwidth_converter_dm_slave/inst/gen_downsizer.gen_simple_downsizer.axi_downsizer_inst/USE_WRITE.write_addr_inst/cmd_queue/inst/fifo_gen_inst/inst_fifo_gen/gconvfifo.rf/grf.rf/rstblk/ngwrdrst.grst.g7serrst.gnsckt_wrst.rst_wr_reg2_inst/arststages_ff_reg[1]/Q
                         net (fo=3, routed)           0.127    -0.352    i_axi_dwidth_converter_dm_slave/inst/gen_downsizer.gen_simple_downsizer.axi_downsizer_inst/USE_WRITE.write_addr_inst/cmd_queue/inst/fifo_gen_inst/inst_fifo_gen/gconvfifo.rf/grf.rf/rstblk/ngwrdrst.rst_wr_reg2
    SLICE_X103Y67        LUT3 (Prop_lut3_I2_O)        0.099    -0.253 f  i_axi_dwidth_converter_dm_slave/inst/gen_downsizer.gen_simple_downsizer.axi_downsizer_inst/USE_WRITE.write_addr_inst/cmd_queue/inst/fifo_gen_inst/inst_fifo_gen/gconvfifo.rf/grf.rf/rstblk/gpregsm1.curr_fwft_state[1]_i_2/O
                         net (fo=32, routed)          0.152    -0.101    i_axi_dwidth_converter_dm_slave/inst/gen_downsizer.gen_simple_downsizer.axi_downsizer_inst/USE_WRITE.write_addr_inst/cmd_queue/inst/fifo_gen_inst/inst_fifo_gen/gconvfifo.rf/grf.rf/gntv_or_sync_fifo.gl0.rd/gr1.gr1_int.rfwft/gpregsm1.user_valid_reg_0
    SLICE_X105Y67        FDPE                                         f  i_axi_dwidth_converter_dm_slave/inst/gen_downsizer.gen_simple_downsizer.axi_downsizer_inst/USE_WRITE.write_addr_inst/cmd_queue/inst/fifo_gen_inst/inst_fifo_gen/gconvfifo.rf/grf.rf/gntv_or_sync_fifo.gl0.rd/gr1.gr1_int.rfwft/aempty_fwft_fb_i_reg/PRE
  -------------------------------------------------------------------    -------------------

                         (clock clk_out1_xlnx_clk_gen rise edge)
                                                      0.000     0.000 r  
    K17                                               0.000     0.000 r  clk_sys (IN)
                         net (fo=0)                   0.000     0.000    i_xlnx_clk_gen/inst/clk_in1
    K17                  IBUF (Prop_ibuf_I_O)         0.431     0.431 r  i_xlnx_clk_gen/inst/clkin1_ibufg/O
                         net (fo=1, routed)           0.480     0.911    i_xlnx_clk_gen/inst/clk_in1_xlnx_clk_gen
    MMCME2_ADV_X1Y2      MMCME2_ADV (Prop_mmcme2_adv_CLKIN1_CLKOUT0)
                                                     -3.407    -2.496 r  i_xlnx_clk_gen/inst/mmcm_adv_inst/CLKOUT0
                         net (fo=1, routed)           0.752    -1.744    i_xlnx_clk_gen/inst/clk_out1_xlnx_clk_gen
    BUFGCTRL_X0Y16       BUFG (Prop_bufg_I_O)         0.029    -1.715 r  i_xlnx_clk_gen/inst/clkout1_buf/O
                         net (fo=15149, routed)       0.871    -0.844    i_axi_dwidth_converter_dm_slave/inst/gen_downsizer.gen_simple_downsizer.axi_downsizer_inst/USE_WRITE.write_addr_inst/cmd_queue/inst/fifo_gen_inst/inst_fifo_gen/gconvfifo.rf/grf.rf/gntv_or_sync_fifo.gl0.rd/gr1.gr1_int.rfwft/clk
    SLICE_X105Y67        FDPE                                         r  i_axi_dwidth_converter_dm_slave/inst/gen_downsizer.gen_simple_downsizer.axi_downsizer_inst/USE_WRITE.write_addr_inst/cmd_queue/inst/fifo_gen_inst/inst_fifo_gen/gconvfifo.rf/grf.rf/gntv_or_sync_fifo.gl0.rd/gr1.gr1_int.rfwft/aempty_fwft_fb_i_reg/C
                         clock pessimism              0.274    -0.571    
    SLICE_X105Y67        FDPE (Remov_fdpe_C_PRE)     -0.095    -0.666    i_axi_dwidth_converter_dm_slave/inst/gen_downsizer.gen_simple_downsizer.axi_downsizer_inst/USE_WRITE.write_addr_inst/cmd_queue/inst/fifo_gen_inst/inst_fifo_gen/gconvfifo.rf/grf.rf/gntv_or_sync_fifo.gl0.rd/gr1.gr1_int.rfwft/aempty_fwft_fb_i_reg
  -------------------------------------------------------------------
                         required time                          0.666    
                         arrival time                          -0.101    
  -------------------------------------------------------------------
                         slack                                  0.565    

Slack (MET) :             0.565ns  (arrival time - required time)
  Source:                 i_axi_dwidth_converter_dm_slave/inst/gen_downsizer.gen_simple_downsizer.axi_downsizer_inst/USE_WRITE.write_addr_inst/cmd_queue/inst/fifo_gen_inst/inst_fifo_gen/gconvfifo.rf/grf.rf/rstblk/ngwrdrst.grst.g7serrst.gnsckt_wrst.rst_wr_reg2_inst/arststages_ff_reg[1]/C
                            (rising edge-triggered cell FDPE clocked by clk_out1_xlnx_clk_gen  {rise@0.000ns fall@10.000ns period=20.000ns})
  Destination:            i_axi_dwidth_converter_dm_slave/inst/gen_downsizer.gen_simple_downsizer.axi_downsizer_inst/USE_WRITE.write_addr_inst/cmd_queue/inst/fifo_gen_inst/inst_fifo_gen/gconvfifo.rf/grf.rf/gntv_or_sync_fifo.gl0.rd/gr1.gr1_int.rfwft/aempty_fwft_i_reg/PRE
                            (removal check against rising-edge clock clk_out1_xlnx_clk_gen  {rise@0.000ns fall@10.000ns period=20.000ns})
  Path Group:             **async_default**
  Path Type:              Removal (Min at Fast Process Corner)
  Requirement:            0.000ns  (clk_out1_xlnx_clk_gen rise@0.000ns - clk_out1_xlnx_clk_gen rise@0.000ns)
  Data Path Delay:        0.506ns  (logic 0.227ns (44.874%)  route 0.279ns (55.126%))
  Logic Levels:           1  (LUT3=1)
  Clock Path Skew:        0.036ns (DCD - SCD - CPR)
    Destination Clock Delay (DCD):    -0.844ns
    Source Clock Delay      (SCD):    -0.607ns
    Clock Pessimism Removal (CPR):    -0.274ns

    Location             Delay type                Incr(ns)  Path(ns)    Netlist Resource(s)
  -------------------------------------------------------------------    -------------------
                         (clock clk_out1_xlnx_clk_gen rise edge)
                                                      0.000     0.000 r  
    K17                                               0.000     0.000 r  clk_sys (IN)
                         net (fo=0)                   0.000     0.000    i_xlnx_clk_gen/inst/clk_in1
    K17                  IBUF (Prop_ibuf_I_O)         0.243     0.243 r  i_xlnx_clk_gen/inst/clkin1_ibufg/O
                         net (fo=1, routed)           0.440     0.683    i_xlnx_clk_gen/inst/clk_in1_xlnx_clk_gen
    MMCME2_ADV_X1Y2      MMCME2_ADV (Prop_mmcme2_adv_CLKIN1_CLKOUT0)
                                                     -2.613    -1.930 r  i_xlnx_clk_gen/inst/mmcm_adv_inst/CLKOUT0
                         net (fo=1, routed)           0.696    -1.233    i_xlnx_clk_gen/inst/clk_out1_xlnx_clk_gen
    BUFGCTRL_X0Y16       BUFG (Prop_bufg_I_O)         0.026    -1.207 r  i_xlnx_clk_gen/inst/clkout1_buf/O
                         net (fo=15149, routed)       0.601    -0.607    i_axi_dwidth_converter_dm_slave/inst/gen_downsizer.gen_simple_downsizer.axi_downsizer_inst/USE_WRITE.write_addr_inst/cmd_queue/inst/fifo_gen_inst/inst_fifo_gen/gconvfifo.rf/grf.rf/rstblk/ngwrdrst.grst.g7serrst.gnsckt_wrst.rst_wr_reg2_inst/dest_clk
    SLICE_X103Y68        FDPE                                         r  i_axi_dwidth_converter_dm_slave/inst/gen_downsizer.gen_simple_downsizer.axi_downsizer_inst/USE_WRITE.write_addr_inst/cmd_queue/inst/fifo_gen_inst/inst_fifo_gen/gconvfifo.rf/grf.rf/rstblk/ngwrdrst.grst.g7serrst.gnsckt_wrst.rst_wr_reg2_inst/arststages_ff_reg[1]/C
  -------------------------------------------------------------------    -------------------
    SLICE_X103Y68        FDPE (Prop_fdpe_C_Q)         0.128    -0.479 f  i_axi_dwidth_converter_dm_slave/inst/gen_downsizer.gen_simple_downsizer.axi_downsizer_inst/USE_WRITE.write_addr_inst/cmd_queue/inst/fifo_gen_inst/inst_fifo_gen/gconvfifo.rf/grf.rf/rstblk/ngwrdrst.grst.g7serrst.gnsckt_wrst.rst_wr_reg2_inst/arststages_ff_reg[1]/Q
                         net (fo=3, routed)           0.127    -0.352    i_axi_dwidth_converter_dm_slave/inst/gen_downsizer.gen_simple_downsizer.axi_downsizer_inst/USE_WRITE.write_addr_inst/cmd_queue/inst/fifo_gen_inst/inst_fifo_gen/gconvfifo.rf/grf.rf/rstblk/ngwrdrst.rst_wr_reg2
    SLICE_X103Y67        LUT3 (Prop_lut3_I2_O)        0.099    -0.253 f  i_axi_dwidth_converter_dm_slave/inst/gen_downsizer.gen_simple_downsizer.axi_downsizer_inst/USE_WRITE.write_addr_inst/cmd_queue/inst/fifo_gen_inst/inst_fifo_gen/gconvfifo.rf/grf.rf/rstblk/gpregsm1.curr_fwft_state[1]_i_2/O
                         net (fo=32, routed)          0.152    -0.101    i_axi_dwidth_converter_dm_slave/inst/gen_downsizer.gen_simple_downsizer.axi_downsizer_inst/USE_WRITE.write_addr_inst/cmd_queue/inst/fifo_gen_inst/inst_fifo_gen/gconvfifo.rf/grf.rf/gntv_or_sync_fifo.gl0.rd/gr1.gr1_int.rfwft/gpregsm1.user_valid_reg_0
    SLICE_X105Y67        FDPE                                         f  i_axi_dwidth_converter_dm_slave/inst/gen_downsizer.gen_simple_downsizer.axi_downsizer_inst/USE_WRITE.write_addr_inst/cmd_queue/inst/fifo_gen_inst/inst_fifo_gen/gconvfifo.rf/grf.rf/gntv_or_sync_fifo.gl0.rd/gr1.gr1_int.rfwft/aempty_fwft_i_reg/PRE
  -------------------------------------------------------------------    -------------------

                         (clock clk_out1_xlnx_clk_gen rise edge)
                                                      0.000     0.000 r  
    K17                                               0.000     0.000 r  clk_sys (IN)
                         net (fo=0)                   0.000     0.000    i_xlnx_clk_gen/inst/clk_in1
    K17                  IBUF (Prop_ibuf_I_O)         0.431     0.431 r  i_xlnx_clk_gen/inst/clkin1_ibufg/O
                         net (fo=1, routed)           0.480     0.911    i_xlnx_clk_gen/inst/clk_in1_xlnx_clk_gen
    MMCME2_ADV_X1Y2      MMCME2_ADV (Prop_mmcme2_adv_CLKIN1_CLKOUT0)
                                                     -3.407    -2.496 r  i_xlnx_clk_gen/inst/mmcm_adv_inst/CLKOUT0
                         net (fo=1, routed)           0.752    -1.744    i_xlnx_clk_gen/inst/clk_out1_xlnx_clk_gen
    BUFGCTRL_X0Y16       BUFG (Prop_bufg_I_O)         0.029    -1.715 r  i_xlnx_clk_gen/inst/clkout1_buf/O
                         net (fo=15149, routed)       0.871    -0.844    i_axi_dwidth_converter_dm_slave/inst/gen_downsizer.gen_simple_downsizer.axi_downsizer_inst/USE_WRITE.write_addr_inst/cmd_queue/inst/fifo_gen_inst/inst_fifo_gen/gconvfifo.rf/grf.rf/gntv_or_sync_fifo.gl0.rd/gr1.gr1_int.rfwft/clk
    SLICE_X105Y67        FDPE                                         r  i_axi_dwidth_converter_dm_slave/inst/gen_downsizer.gen_simple_downsizer.axi_downsizer_inst/USE_WRITE.write_addr_inst/cmd_queue/inst/fifo_gen_inst/inst_fifo_gen/gconvfifo.rf/grf.rf/gntv_or_sync_fifo.gl0.rd/gr1.gr1_int.rfwft/aempty_fwft_i_reg/C
                         clock pessimism              0.274    -0.571    
    SLICE_X105Y67        FDPE (Remov_fdpe_C_PRE)     -0.095    -0.666    i_axi_dwidth_converter_dm_slave/inst/gen_downsizer.gen_simple_downsizer.axi_downsizer_inst/USE_WRITE.write_addr_inst/cmd_queue/inst/fifo_gen_inst/inst_fifo_gen/gconvfifo.rf/grf.rf/gntv_or_sync_fifo.gl0.rd/gr1.gr1_int.rfwft/aempty_fwft_i_reg
  -------------------------------------------------------------------
                         required time                          0.666    
                         arrival time                          -0.101    
  -------------------------------------------------------------------
                         slack                                  0.565    

Slack (MET) :             0.566ns  (arrival time - required time)
  Source:                 i_axi_dwidth_converter_dm_slave/inst/gen_downsizer.gen_simple_downsizer.axi_downsizer_inst/USE_WRITE.write_addr_inst/cmd_queue/inst/fifo_gen_inst/inst_fifo_gen/gconvfifo.rf/grf.rf/rstblk/ngwrdrst.grst.g7serrst.gnsckt_wrst.rst_wr_reg2_inst/arststages_ff_reg[1]/C
                            (rising edge-triggered cell FDPE clocked by clk_out1_xlnx_clk_gen  {rise@0.000ns fall@10.000ns period=20.000ns})
  Destination:            i_axi_dwidth_converter_dm_slave/inst/gen_downsizer.gen_simple_downsizer.axi_downsizer_inst/USE_WRITE.write_addr_inst/cmd_queue/inst/fifo_gen_inst/inst_fifo_gen/gconvfifo.rf/grf.rf/gntv_or_sync_fifo.gl0.rd/gr1.gr1_int.rfwft/empty_fwft_fb_i_reg/PRE
                            (removal check against rising-edge clock clk_out1_xlnx_clk_gen  {rise@0.000ns fall@10.000ns period=20.000ns})
  Path Group:             **async_default**
  Path Type:              Removal (Min at Fast Process Corner)
  Requirement:            0.000ns  (clk_out1_xlnx_clk_gen rise@0.000ns - clk_out1_xlnx_clk_gen rise@0.000ns)
  Data Path Delay:        0.511ns  (logic 0.227ns (44.395%)  route 0.284ns (55.605%))
  Logic Levels:           1  (LUT3=1)
  Clock Path Skew:        0.016ns (DCD - SCD - CPR)
    Destination Clock Delay (DCD):    -0.844ns
    Source Clock Delay      (SCD):    -0.607ns
    Clock Pessimism Removal (CPR):    -0.254ns

    Location             Delay type                Incr(ns)  Path(ns)    Netlist Resource(s)
  -------------------------------------------------------------------    -------------------
                         (clock clk_out1_xlnx_clk_gen rise edge)
                                                      0.000     0.000 r  
    K17                                               0.000     0.000 r  clk_sys (IN)
                         net (fo=0)                   0.000     0.000    i_xlnx_clk_gen/inst/clk_in1
    K17                  IBUF (Prop_ibuf_I_O)         0.243     0.243 r  i_xlnx_clk_gen/inst/clkin1_ibufg/O
                         net (fo=1, routed)           0.440     0.683    i_xlnx_clk_gen/inst/clk_in1_xlnx_clk_gen
    MMCME2_ADV_X1Y2      MMCME2_ADV (Prop_mmcme2_adv_CLKIN1_CLKOUT0)
                                                     -2.613    -1.930 r  i_xlnx_clk_gen/inst/mmcm_adv_inst/CLKOUT0
                         net (fo=1, routed)           0.696    -1.233    i_xlnx_clk_gen/inst/clk_out1_xlnx_clk_gen
    BUFGCTRL_X0Y16       BUFG (Prop_bufg_I_O)         0.026    -1.207 r  i_xlnx_clk_gen/inst/clkout1_buf/O
                         net (fo=15149, routed)       0.601    -0.607    i_axi_dwidth_converter_dm_slave/inst/gen_downsizer.gen_simple_downsizer.axi_downsizer_inst/USE_WRITE.write_addr_inst/cmd_queue/inst/fifo_gen_inst/inst_fifo_gen/gconvfifo.rf/grf.rf/rstblk/ngwrdrst.grst.g7serrst.gnsckt_wrst.rst_wr_reg2_inst/dest_clk
    SLICE_X103Y68        FDPE                                         r  i_axi_dwidth_converter_dm_slave/inst/gen_downsizer.gen_simple_downsizer.axi_downsizer_inst/USE_WRITE.write_addr_inst/cmd_queue/inst/fifo_gen_inst/inst_fifo_gen/gconvfifo.rf/grf.rf/rstblk/ngwrdrst.grst.g7serrst.gnsckt_wrst.rst_wr_reg2_inst/arststages_ff_reg[1]/C
  -------------------------------------------------------------------    -------------------
    SLICE_X103Y68        FDPE (Prop_fdpe_C_Q)         0.128    -0.479 f  i_axi_dwidth_converter_dm_slave/inst/gen_downsizer.gen_simple_downsizer.axi_downsizer_inst/USE_WRITE.write_addr_inst/cmd_queue/inst/fifo_gen_inst/inst_fifo_gen/gconvfifo.rf/grf.rf/rstblk/ngwrdrst.grst.g7serrst.gnsckt_wrst.rst_wr_reg2_inst/arststages_ff_reg[1]/Q
                         net (fo=3, routed)           0.127    -0.352    i_axi_dwidth_converter_dm_slave/inst/gen_downsizer.gen_simple_downsizer.axi_downsizer_inst/USE_WRITE.write_addr_inst/cmd_queue/inst/fifo_gen_inst/inst_fifo_gen/gconvfifo.rf/grf.rf/rstblk/ngwrdrst.rst_wr_reg2
    SLICE_X103Y67        LUT3 (Prop_lut3_I2_O)        0.099    -0.253 f  i_axi_dwidth_converter_dm_slave/inst/gen_downsizer.gen_simple_downsizer.axi_downsizer_inst/USE_WRITE.write_addr_inst/cmd_queue/inst/fifo_gen_inst/inst_fifo_gen/gconvfifo.rf/grf.rf/rstblk/gpregsm1.curr_fwft_state[1]_i_2/O
                         net (fo=32, routed)          0.158    -0.095    i_axi_dwidth_converter_dm_slave/inst/gen_downsizer.gen_simple_downsizer.axi_downsizer_inst/USE_WRITE.write_addr_inst/cmd_queue/inst/fifo_gen_inst/inst_fifo_gen/gconvfifo.rf/grf.rf/gntv_or_sync_fifo.gl0.rd/gr1.gr1_int.rfwft/gpregsm1.user_valid_reg_0
    SLICE_X102Y66        FDPE                                         f  i_axi_dwidth_converter_dm_slave/inst/gen_downsizer.gen_simple_downsizer.axi_downsizer_inst/USE_WRITE.write_addr_inst/cmd_queue/inst/fifo_gen_inst/inst_fifo_gen/gconvfifo.rf/grf.rf/gntv_or_sync_fifo.gl0.rd/gr1.gr1_int.rfwft/empty_fwft_fb_i_reg/PRE
  -------------------------------------------------------------------    -------------------

                         (clock clk_out1_xlnx_clk_gen rise edge)
                                                      0.000     0.000 r  
    K17                                               0.000     0.000 r  clk_sys (IN)
                         net (fo=0)                   0.000     0.000    i_xlnx_clk_gen/inst/clk_in1
    K17                  IBUF (Prop_ibuf_I_O)         0.431     0.431 r  i_xlnx_clk_gen/inst/clkin1_ibufg/O
                         net (fo=1, routed)           0.480     0.911    i_xlnx_clk_gen/inst/clk_in1_xlnx_clk_gen
    MMCME2_ADV_X1Y2      MMCME2_ADV (Prop_mmcme2_adv_CLKIN1_CLKOUT0)
                                                     -3.407    -2.496 r  i_xlnx_clk_gen/inst/mmcm_adv_inst/CLKOUT0
                         net (fo=1, routed)           0.752    -1.744    i_xlnx_clk_gen/inst/clk_out1_xlnx_clk_gen
    BUFGCTRL_X0Y16       BUFG (Prop_bufg_I_O)         0.029    -1.715 r  i_xlnx_clk_gen/inst/clkout1_buf/O
                         net (fo=15149, routed)       0.871    -0.844    i_axi_dwidth_converter_dm_slave/inst/gen_downsizer.gen_simple_downsizer.axi_downsizer_inst/USE_WRITE.write_addr_inst/cmd_queue/inst/fifo_gen_inst/inst_fifo_gen/gconvfifo.rf/grf.rf/gntv_or_sync_fifo.gl0.rd/gr1.gr1_int.rfwft/clk
    SLICE_X102Y66        FDPE                                         r  i_axi_dwidth_converter_dm_slave/inst/gen_downsizer.gen_simple_downsizer.axi_downsizer_inst/USE_WRITE.write_addr_inst/cmd_queue/inst/fifo_gen_inst/inst_fifo_gen/gconvfifo.rf/grf.rf/gntv_or_sync_fifo.gl0.rd/gr1.gr1_int.rfwft/empty_fwft_fb_i_reg/C
                         clock pessimism              0.254    -0.591    
    SLICE_X102Y66        FDPE (Remov_fdpe_C_PRE)     -0.071    -0.662    i_axi_dwidth_converter_dm_slave/inst/gen_downsizer.gen_simple_downsizer.axi_downsizer_inst/USE_WRITE.write_addr_inst/cmd_queue/inst/fifo_gen_inst/inst_fifo_gen/gconvfifo.rf/grf.rf/gntv_or_sync_fifo.gl0.rd/gr1.gr1_int.rfwft/empty_fwft_fb_i_reg
  -------------------------------------------------------------------
                         required time                          0.662    
                         arrival time                          -0.095    
  -------------------------------------------------------------------
                         slack                                  0.566    

Slack (MET) :             0.566ns  (arrival time - required time)
  Source:                 i_axi_dwidth_converter_dm_slave/inst/gen_downsizer.gen_simple_downsizer.axi_downsizer_inst/USE_WRITE.write_addr_inst/cmd_queue/inst/fifo_gen_inst/inst_fifo_gen/gconvfifo.rf/grf.rf/rstblk/ngwrdrst.grst.g7serrst.gnsckt_wrst.rst_wr_reg2_inst/arststages_ff_reg[1]/C
                            (rising edge-triggered cell FDPE clocked by clk_out1_xlnx_clk_gen  {rise@0.000ns fall@10.000ns period=20.000ns})
  Destination:            i_axi_dwidth_converter_dm_slave/inst/gen_downsizer.gen_simple_downsizer.axi_downsizer_inst/USE_WRITE.write_addr_inst/cmd_queue/inst/fifo_gen_inst/inst_fifo_gen/gconvfifo.rf/grf.rf/gntv_or_sync_fifo.gl0.rd/gr1.gr1_int.rfwft/empty_fwft_i_reg/PRE
                            (removal check against rising-edge clock clk_out1_xlnx_clk_gen  {rise@0.000ns fall@10.000ns period=20.000ns})
  Path Group:             **async_default**
  Path Type:              Removal (Min at Fast Process Corner)
  Requirement:            0.000ns  (clk_out1_xlnx_clk_gen rise@0.000ns - clk_out1_xlnx_clk_gen rise@0.000ns)
  Data Path Delay:        0.511ns  (logic 0.227ns (44.395%)  route 0.284ns (55.605%))
  Logic Levels:           1  (LUT3=1)
  Clock Path Skew:        0.016ns (DCD - SCD - CPR)
    Destination Clock Delay (DCD):    -0.844ns
    Source Clock Delay      (SCD):    -0.607ns
    Clock Pessimism Removal (CPR):    -0.254ns

    Location             Delay type                Incr(ns)  Path(ns)    Netlist Resource(s)
  -------------------------------------------------------------------    -------------------
                         (clock clk_out1_xlnx_clk_gen rise edge)
                                                      0.000     0.000 r  
    K17                                               0.000     0.000 r  clk_sys (IN)
                         net (fo=0)                   0.000     0.000    i_xlnx_clk_gen/inst/clk_in1
    K17                  IBUF (Prop_ibuf_I_O)         0.243     0.243 r  i_xlnx_clk_gen/inst/clkin1_ibufg/O
                         net (fo=1, routed)           0.440     0.683    i_xlnx_clk_gen/inst/clk_in1_xlnx_clk_gen
    MMCME2_ADV_X1Y2      MMCME2_ADV (Prop_mmcme2_adv_CLKIN1_CLKOUT0)
                                                     -2.613    -1.930 r  i_xlnx_clk_gen/inst/mmcm_adv_inst/CLKOUT0
                         net (fo=1, routed)           0.696    -1.233    i_xlnx_clk_gen/inst/clk_out1_xlnx_clk_gen
    BUFGCTRL_X0Y16       BUFG (Prop_bufg_I_O)         0.026    -1.207 r  i_xlnx_clk_gen/inst/clkout1_buf/O
                         net (fo=15149, routed)       0.601    -0.607    i_axi_dwidth_converter_dm_slave/inst/gen_downsizer.gen_simple_downsizer.axi_downsizer_inst/USE_WRITE.write_addr_inst/cmd_queue/inst/fifo_gen_inst/inst_fifo_gen/gconvfifo.rf/grf.rf/rstblk/ngwrdrst.grst.g7serrst.gnsckt_wrst.rst_wr_reg2_inst/dest_clk
    SLICE_X103Y68        FDPE                                         r  i_axi_dwidth_converter_dm_slave/inst/gen_downsizer.gen_simple_downsizer.axi_downsizer_inst/USE_WRITE.write_addr_inst/cmd_queue/inst/fifo_gen_inst/inst_fifo_gen/gconvfifo.rf/grf.rf/rstblk/ngwrdrst.grst.g7serrst.gnsckt_wrst.rst_wr_reg2_inst/arststages_ff_reg[1]/C
  -------------------------------------------------------------------    -------------------
    SLICE_X103Y68        FDPE (Prop_fdpe_C_Q)         0.128    -0.479 f  i_axi_dwidth_converter_dm_slave/inst/gen_downsizer.gen_simple_downsizer.axi_downsizer_inst/USE_WRITE.write_addr_inst/cmd_queue/inst/fifo_gen_inst/inst_fifo_gen/gconvfifo.rf/grf.rf/rstblk/ngwrdrst.grst.g7serrst.gnsckt_wrst.rst_wr_reg2_inst/arststages_ff_reg[1]/Q
                         net (fo=3, routed)           0.127    -0.352    i_axi_dwidth_converter_dm_slave/inst/gen_downsizer.gen_simple_downsizer.axi_downsizer_inst/USE_WRITE.write_addr_inst/cmd_queue/inst/fifo_gen_inst/inst_fifo_gen/gconvfifo.rf/grf.rf/rstblk/ngwrdrst.rst_wr_reg2
    SLICE_X103Y67        LUT3 (Prop_lut3_I2_O)        0.099    -0.253 f  i_axi_dwidth_converter_dm_slave/inst/gen_downsizer.gen_simple_downsizer.axi_downsizer_inst/USE_WRITE.write_addr_inst/cmd_queue/inst/fifo_gen_inst/inst_fifo_gen/gconvfifo.rf/grf.rf/rstblk/gpregsm1.curr_fwft_state[1]_i_2/O
                         net (fo=32, routed)          0.158    -0.095    i_axi_dwidth_converter_dm_slave/inst/gen_downsizer.gen_simple_downsizer.axi_downsizer_inst/USE_WRITE.write_addr_inst/cmd_queue/inst/fifo_gen_inst/inst_fifo_gen/gconvfifo.rf/grf.rf/gntv_or_sync_fifo.gl0.rd/gr1.gr1_int.rfwft/gpregsm1.user_valid_reg_0
    SLICE_X102Y66        FDPE                                         f  i_axi_dwidth_converter_dm_slave/inst/gen_downsizer.gen_simple_downsizer.axi_downsizer_inst/USE_WRITE.write_addr_inst/cmd_queue/inst/fifo_gen_inst/inst_fifo_gen/gconvfifo.rf/grf.rf/gntv_or_sync_fifo.gl0.rd/gr1.gr1_int.rfwft/empty_fwft_i_reg/PRE
  -------------------------------------------------------------------    -------------------

                         (clock clk_out1_xlnx_clk_gen rise edge)
                                                      0.000     0.000 r  
    K17                                               0.000     0.000 r  clk_sys (IN)
                         net (fo=0)                   0.000     0.000    i_xlnx_clk_gen/inst/clk_in1
    K17                  IBUF (Prop_ibuf_I_O)         0.431     0.431 r  i_xlnx_clk_gen/inst/clkin1_ibufg/O
                         net (fo=1, routed)           0.480     0.911    i_xlnx_clk_gen/inst/clk_in1_xlnx_clk_gen
    MMCME2_ADV_X1Y2      MMCME2_ADV (Prop_mmcme2_adv_CLKIN1_CLKOUT0)
                                                     -3.407    -2.496 r  i_xlnx_clk_gen/inst/mmcm_adv_inst/CLKOUT0
                         net (fo=1, routed)           0.752    -1.744    i_xlnx_clk_gen/inst/clk_out1_xlnx_clk_gen
    BUFGCTRL_X0Y16       BUFG (Prop_bufg_I_O)         0.029    -1.715 r  i_xlnx_clk_gen/inst/clkout1_buf/O
                         net (fo=15149, routed)       0.871    -0.844    i_axi_dwidth_converter_dm_slave/inst/gen_downsizer.gen_simple_downsizer.axi_downsizer_inst/USE_WRITE.write_addr_inst/cmd_queue/inst/fifo_gen_inst/inst_fifo_gen/gconvfifo.rf/grf.rf/gntv_or_sync_fifo.gl0.rd/gr1.gr1_int.rfwft/clk
    SLICE_X102Y66        FDPE                                         r  i_axi_dwidth_converter_dm_slave/inst/gen_downsizer.gen_simple_downsizer.axi_downsizer_inst/USE_WRITE.write_addr_inst/cmd_queue/inst/fifo_gen_inst/inst_fifo_gen/gconvfifo.rf/grf.rf/gntv_or_sync_fifo.gl0.rd/gr1.gr1_int.rfwft/empty_fwft_i_reg/C
                         clock pessimism              0.254    -0.591    
    SLICE_X102Y66        FDPE (Remov_fdpe_C_PRE)     -0.071    -0.662    i_axi_dwidth_converter_dm_slave/inst/gen_downsizer.gen_simple_downsizer.axi_downsizer_inst/USE_WRITE.write_addr_inst/cmd_queue/inst/fifo_gen_inst/inst_fifo_gen/gconvfifo.rf/grf.rf/gntv_or_sync_fifo.gl0.rd/gr1.gr1_int.rfwft/empty_fwft_i_reg
  -------------------------------------------------------------------
                         required time                          0.662    
                         arrival time                          -0.095    
  -------------------------------------------------------------------
                         slack                                  0.566    





--------------------------------------------------------------------------------------
Path Group:  (none)
From Clock:  clk_out1_xlnx_clk_gen
  To Clock:  clk_out1_xlnx_clk_gen

Max Delay             6 Endpoints
Min Delay             6 Endpoints
--------------------------------------------------------------------------------------


Max Delay Paths
--------------------------------------------------------------------------------------
Slack:                    inf
  Source:                 i_rstgen_main/i_rstgen_bypass/synch_regs_q_reg[3]/C
                            (rising edge-triggered cell FDCE clocked by clk_out1_xlnx_clk_gen  {rise@0.000ns fall@10.000ns period=20.000ns})
  Destination:            i_axi_dwidth_converter_dm_slave/inst/gen_downsizer.gen_simple_downsizer.axi_downsizer_inst/USE_READ.read_addr_inst/cmd_queue/inst/fifo_gen_inst/inst_fifo_gen/gconvfifo.rf/grf.rf/rstblk/ngwrdrst.grst.g7serrst.gnsckt_wrst.rst_wr_reg2_inst/arststages_ff_reg[0]/PRE
                            (recovery check against rising-edge clock clk_out1_xlnx_clk_gen  {rise@0.000ns fall@10.000ns period=20.000ns})
  Path Group:             (none)
  Path Type:              Recovery (Max at Slow Process Corner)
  Data Path Delay:        4.914ns  (logic 0.642ns (13.065%)  route 4.272ns (86.935%))
  Logic Levels:           1  (LUT1=1)
  Clock Path Skew:        -0.610ns (DCD - SCD + CPR)
    Destination Clock Delay (DCD):    -1.537ns
    Source Clock Delay      (SCD):    -0.927ns
    Clock Pessimism Removal (CPR):    0.000ns
  Clock Uncertainty:      0.079ns  ((TSJ^2 + DJ^2)^1/2) / 2 + PE
    Total System Jitter     (TSJ):    0.071ns
    Discrete Jitter          (DJ):    0.142ns
    Phase Error              (PE):    0.000ns
  Timing Exception:       False Path

    Location             Delay type                Incr(ns)  Path(ns)    Netlist Resource(s)
  -------------------------------------------------------------------    -------------------
                         (clock clk_out1_xlnx_clk_gen rise edge)
                                                      0.000     0.000 r  
    K17                                               0.000     0.000 r  clk_sys (IN)
                         net (fo=0)                   0.000     0.000    i_xlnx_clk_gen/inst/clk_in1
    K17                  IBUF (Prop_ibuf_I_O)         1.475     1.475 r  i_xlnx_clk_gen/inst/clkin1_ibufg/O
                         net (fo=1, routed)           1.285     2.760    i_xlnx_clk_gen/inst/clk_in1_xlnx_clk_gen
    MMCME2_ADV_X1Y2      MMCME2_ADV (Prop_mmcme2_adv_CLKIN1_CLKOUT0)
                                                     -7.759    -4.999 r  i_xlnx_clk_gen/inst/mmcm_adv_inst/CLKOUT0
                         net (fo=1, routed)           2.206    -2.793    i_xlnx_clk_gen/inst/clk_out1_xlnx_clk_gen
    BUFGCTRL_X0Y16       BUFG (Prop_bufg_I_O)         0.101    -2.692 r  i_xlnx_clk_gen/inst/clkout1_buf/O
                         net (fo=15149, routed)       1.765    -0.927    i_rstgen_main/i_rstgen_bypass/clk_out1
    SLICE_X92Y73         FDCE                                         r  i_rstgen_main/i_rstgen_bypass/synch_regs_q_reg[3]/C
  -------------------------------------------------------------------    -------------------
    SLICE_X92Y73         FDCE (Prop_fdce_C_Q)         0.518    -0.409 r  i_rstgen_main/i_rstgen_bypass/synch_regs_q_reg[3]/Q
                         net (fo=19, routed)          1.163     0.754    i_axi_dwidth_converter_dm_slave/inst/gen_downsizer.gen_simple_downsizer.axi_downsizer_inst/USE_WRITE.write_addr_inst/USE_B_CHANNEL.cmd_b_queue/inst/out
    SLICE_X102Y68        LUT1 (Prop_lut1_I0_O)        0.124     0.878 f  i_axi_dwidth_converter_dm_slave/inst/gen_downsizer.gen_simple_downsizer.axi_downsizer_inst/USE_WRITE.write_addr_inst/USE_B_CHANNEL.cmd_b_queue/inst/S_AXI_AREADY_I_i_1/O
                         net (fo=165, routed)         3.109     3.987    i_axi_dwidth_converter_dm_slave/inst/gen_downsizer.gen_simple_downsizer.axi_downsizer_inst/USE_READ.read_addr_inst/cmd_queue/inst/fifo_gen_inst/inst_fifo_gen/gconvfifo.rf/grf.rf/rstblk/ngwrdrst.grst.g7serrst.gnsckt_wrst.rst_wr_reg2_inst/src_arst
    SLICE_X101Y56        FDPE                                         f  i_axi_dwidth_converter_dm_slave/inst/gen_downsizer.gen_simple_downsizer.axi_downsizer_inst/USE_READ.read_addr_inst/cmd_queue/inst/fifo_gen_inst/inst_fifo_gen/gconvfifo.rf/grf.rf/rstblk/ngwrdrst.grst.g7serrst.gnsckt_wrst.rst_wr_reg2_inst/arststages_ff_reg[0]/PRE
  -------------------------------------------------------------------    -------------------

                         (clock clk_out1_xlnx_clk_gen rise edge)
                                                      0.000     0.000 r  
    K17                                               0.000     0.000 r  clk_sys (IN)
                         net (fo=0)                   0.000     0.000    i_xlnx_clk_gen/inst/clk_in1
    K17                  IBUF (Prop_ibuf_I_O)         1.404     1.404 r  i_xlnx_clk_gen/inst/clkin1_ibufg/O
                         net (fo=1, routed)           1.162     2.566    i_xlnx_clk_gen/inst/clk_in1_xlnx_clk_gen
    MMCME2_ADV_X1Y2      MMCME2_ADV (Prop_mmcme2_adv_CLKIN1_CLKOUT0)
                                                     -7.814    -5.248 r  i_xlnx_clk_gen/inst/mmcm_adv_inst/CLKOUT0
                         net (fo=1, routed)           2.012    -3.236    i_xlnx_clk_gen/inst/clk_out1_xlnx_clk_gen
    BUFGCTRL_X0Y16       BUFG (Prop_bufg_I_O)         0.091    -3.145 r  i_xlnx_clk_gen/inst/clkout1_buf/O
                         net (fo=15149, routed)       1.608    -1.537    i_axi_dwidth_converter_dm_slave/inst/gen_downsizer.gen_simple_downsizer.axi_downsizer_inst/USE_READ.read_addr_inst/cmd_queue/inst/fifo_gen_inst/inst_fifo_gen/gconvfifo.rf/grf.rf/rstblk/ngwrdrst.grst.g7serrst.gnsckt_wrst.rst_wr_reg2_inst/dest_clk
    SLICE_X101Y56        FDPE                                         r  i_axi_dwidth_converter_dm_slave/inst/gen_downsizer.gen_simple_downsizer.axi_downsizer_inst/USE_READ.read_addr_inst/cmd_queue/inst/fifo_gen_inst/inst_fifo_gen/gconvfifo.rf/grf.rf/rstblk/ngwrdrst.grst.g7serrst.gnsckt_wrst.rst_wr_reg2_inst/arststages_ff_reg[0]/C

Slack:                    inf
  Source:                 i_rstgen_main/i_rstgen_bypass/synch_regs_q_reg[3]/C
                            (rising edge-triggered cell FDCE clocked by clk_out1_xlnx_clk_gen  {rise@0.000ns fall@10.000ns period=20.000ns})
  Destination:            i_axi_dwidth_converter_dm_slave/inst/gen_downsizer.gen_simple_downsizer.axi_downsizer_inst/USE_READ.read_addr_inst/cmd_queue/inst/fifo_gen_inst/inst_fifo_gen/gconvfifo.rf/grf.rf/rstblk/ngwrdrst.grst.g7serrst.gnsckt_wrst.rst_wr_reg2_inst/arststages_ff_reg[1]/PRE
                            (recovery check against rising-edge clock clk_out1_xlnx_clk_gen  {rise@0.000ns fall@10.000ns period=20.000ns})
  Path Group:             (none)
  Path Type:              Recovery (Max at Slow Process Corner)
  Data Path Delay:        4.914ns  (logic 0.642ns (13.065%)  route 4.272ns (86.935%))
  Logic Levels:           1  (LUT1=1)
  Clock Path Skew:        -0.610ns (DCD - SCD + CPR)
    Destination Clock Delay (DCD):    -1.537ns
    Source Clock Delay      (SCD):    -0.927ns
    Clock Pessimism Removal (CPR):    0.000ns
  Clock Uncertainty:      0.079ns  ((TSJ^2 + DJ^2)^1/2) / 2 + PE
    Total System Jitter     (TSJ):    0.071ns
    Discrete Jitter          (DJ):    0.142ns
    Phase Error              (PE):    0.000ns
  Timing Exception:       False Path

    Location             Delay type                Incr(ns)  Path(ns)    Netlist Resource(s)
  -------------------------------------------------------------------    -------------------
                         (clock clk_out1_xlnx_clk_gen rise edge)
                                                      0.000     0.000 r  
    K17                                               0.000     0.000 r  clk_sys (IN)
                         net (fo=0)                   0.000     0.000    i_xlnx_clk_gen/inst/clk_in1
    K17                  IBUF (Prop_ibuf_I_O)         1.475     1.475 r  i_xlnx_clk_gen/inst/clkin1_ibufg/O
                         net (fo=1, routed)           1.285     2.760    i_xlnx_clk_gen/inst/clk_in1_xlnx_clk_gen
    MMCME2_ADV_X1Y2      MMCME2_ADV (Prop_mmcme2_adv_CLKIN1_CLKOUT0)
                                                     -7.759    -4.999 r  i_xlnx_clk_gen/inst/mmcm_adv_inst/CLKOUT0
                         net (fo=1, routed)           2.206    -2.793    i_xlnx_clk_gen/inst/clk_out1_xlnx_clk_gen
    BUFGCTRL_X0Y16       BUFG (Prop_bufg_I_O)         0.101    -2.692 r  i_xlnx_clk_gen/inst/clkout1_buf/O
                         net (fo=15149, routed)       1.765    -0.927    i_rstgen_main/i_rstgen_bypass/clk_out1
    SLICE_X92Y73         FDCE                                         r  i_rstgen_main/i_rstgen_bypass/synch_regs_q_reg[3]/C
  -------------------------------------------------------------------    -------------------
    SLICE_X92Y73         FDCE (Prop_fdce_C_Q)         0.518    -0.409 r  i_rstgen_main/i_rstgen_bypass/synch_regs_q_reg[3]/Q
                         net (fo=19, routed)          1.163     0.754    i_axi_dwidth_converter_dm_slave/inst/gen_downsizer.gen_simple_downsizer.axi_downsizer_inst/USE_WRITE.write_addr_inst/USE_B_CHANNEL.cmd_b_queue/inst/out
    SLICE_X102Y68        LUT1 (Prop_lut1_I0_O)        0.124     0.878 f  i_axi_dwidth_converter_dm_slave/inst/gen_downsizer.gen_simple_downsizer.axi_downsizer_inst/USE_WRITE.write_addr_inst/USE_B_CHANNEL.cmd_b_queue/inst/S_AXI_AREADY_I_i_1/O
                         net (fo=165, routed)         3.109     3.987    i_axi_dwidth_converter_dm_slave/inst/gen_downsizer.gen_simple_downsizer.axi_downsizer_inst/USE_READ.read_addr_inst/cmd_queue/inst/fifo_gen_inst/inst_fifo_gen/gconvfifo.rf/grf.rf/rstblk/ngwrdrst.grst.g7serrst.gnsckt_wrst.rst_wr_reg2_inst/src_arst
    SLICE_X101Y56        FDPE                                         f  i_axi_dwidth_converter_dm_slave/inst/gen_downsizer.gen_simple_downsizer.axi_downsizer_inst/USE_READ.read_addr_inst/cmd_queue/inst/fifo_gen_inst/inst_fifo_gen/gconvfifo.rf/grf.rf/rstblk/ngwrdrst.grst.g7serrst.gnsckt_wrst.rst_wr_reg2_inst/arststages_ff_reg[1]/PRE
  -------------------------------------------------------------------    -------------------

                         (clock clk_out1_xlnx_clk_gen rise edge)
                                                      0.000     0.000 r  
    K17                                               0.000     0.000 r  clk_sys (IN)
                         net (fo=0)                   0.000     0.000    i_xlnx_clk_gen/inst/clk_in1
    K17                  IBUF (Prop_ibuf_I_O)         1.404     1.404 r  i_xlnx_clk_gen/inst/clkin1_ibufg/O
                         net (fo=1, routed)           1.162     2.566    i_xlnx_clk_gen/inst/clk_in1_xlnx_clk_gen
    MMCME2_ADV_X1Y2      MMCME2_ADV (Prop_mmcme2_adv_CLKIN1_CLKOUT0)
                                                     -7.814    -5.248 r  i_xlnx_clk_gen/inst/mmcm_adv_inst/CLKOUT0
                         net (fo=1, routed)           2.012    -3.236    i_xlnx_clk_gen/inst/clk_out1_xlnx_clk_gen
    BUFGCTRL_X0Y16       BUFG (Prop_bufg_I_O)         0.091    -3.145 r  i_xlnx_clk_gen/inst/clkout1_buf/O
                         net (fo=15149, routed)       1.608    -1.537    i_axi_dwidth_converter_dm_slave/inst/gen_downsizer.gen_simple_downsizer.axi_downsizer_inst/USE_READ.read_addr_inst/cmd_queue/inst/fifo_gen_inst/inst_fifo_gen/gconvfifo.rf/grf.rf/rstblk/ngwrdrst.grst.g7serrst.gnsckt_wrst.rst_wr_reg2_inst/dest_clk
    SLICE_X101Y56        FDPE                                         r  i_axi_dwidth_converter_dm_slave/inst/gen_downsizer.gen_simple_downsizer.axi_downsizer_inst/USE_READ.read_addr_inst/cmd_queue/inst/fifo_gen_inst/inst_fifo_gen/gconvfifo.rf/grf.rf/rstblk/ngwrdrst.grst.g7serrst.gnsckt_wrst.rst_wr_reg2_inst/arststages_ff_reg[1]/C

Slack:                    inf
  Source:                 i_rstgen_main/i_rstgen_bypass/synch_regs_q_reg[3]/C
                            (rising edge-triggered cell FDCE clocked by clk_out1_xlnx_clk_gen  {rise@0.000ns fall@10.000ns period=20.000ns})
  Destination:            i_axi_dwidth_converter_dm_slave/inst/gen_downsizer.gen_simple_downsizer.axi_downsizer_inst/USE_WRITE.write_addr_inst/USE_B_CHANNEL.cmd_b_queue/inst/fifo_gen_inst/inst_fifo_gen/gconvfifo.rf/grf.rf/rstblk/ngwrdrst.grst.g7serrst.gnsckt_wrst.rst_wr_reg2_inst/arststages_ff_reg[0]/PRE
                            (recovery check against rising-edge clock clk_out1_xlnx_clk_gen  {rise@0.000ns fall@10.000ns period=20.000ns})
  Path Group:             (none)
  Path Type:              Recovery (Max at Slow Process Corner)
  Data Path Delay:        3.036ns  (logic 0.642ns (21.145%)  route 2.394ns (78.855%))
  Logic Levels:           1  (LUT1=1)
  Clock Path Skew:        -0.624ns (DCD - SCD + CPR)
    Destination Clock Delay (DCD):    -1.551ns
    Source Clock Delay      (SCD):    -0.927ns
    Clock Pessimism Removal (CPR):    0.000ns
  Clock Uncertainty:      0.079ns  ((TSJ^2 + DJ^2)^1/2) / 2 + PE
    Total System Jitter     (TSJ):    0.071ns
    Discrete Jitter          (DJ):    0.142ns
    Phase Error              (PE):    0.000ns
  Timing Exception:       False Path

    Location             Delay type                Incr(ns)  Path(ns)    Netlist Resource(s)
  -------------------------------------------------------------------    -------------------
                         (clock clk_out1_xlnx_clk_gen rise edge)
                                                      0.000     0.000 r  
    K17                                               0.000     0.000 r  clk_sys (IN)
                         net (fo=0)                   0.000     0.000    i_xlnx_clk_gen/inst/clk_in1
    K17                  IBUF (Prop_ibuf_I_O)         1.475     1.475 r  i_xlnx_clk_gen/inst/clkin1_ibufg/O
                         net (fo=1, routed)           1.285     2.760    i_xlnx_clk_gen/inst/clk_in1_xlnx_clk_gen
    MMCME2_ADV_X1Y2      MMCME2_ADV (Prop_mmcme2_adv_CLKIN1_CLKOUT0)
                                                     -7.759    -4.999 r  i_xlnx_clk_gen/inst/mmcm_adv_inst/CLKOUT0
                         net (fo=1, routed)           2.206    -2.793    i_xlnx_clk_gen/inst/clk_out1_xlnx_clk_gen
    BUFGCTRL_X0Y16       BUFG (Prop_bufg_I_O)         0.101    -2.692 r  i_xlnx_clk_gen/inst/clkout1_buf/O
                         net (fo=15149, routed)       1.765    -0.927    i_rstgen_main/i_rstgen_bypass/clk_out1
    SLICE_X92Y73         FDCE                                         r  i_rstgen_main/i_rstgen_bypass/synch_regs_q_reg[3]/C
  -------------------------------------------------------------------    -------------------
    SLICE_X92Y73         FDCE (Prop_fdce_C_Q)         0.518    -0.409 r  i_rstgen_main/i_rstgen_bypass/synch_regs_q_reg[3]/Q
                         net (fo=19, routed)          1.163     0.754    i_axi_dwidth_converter_dm_slave/inst/gen_downsizer.gen_simple_downsizer.axi_downsizer_inst/USE_WRITE.write_addr_inst/USE_B_CHANNEL.cmd_b_queue/inst/out
    SLICE_X102Y68        LUT1 (Prop_lut1_I0_O)        0.124     0.878 f  i_axi_dwidth_converter_dm_slave/inst/gen_downsizer.gen_simple_downsizer.axi_downsizer_inst/USE_WRITE.write_addr_inst/USE_B_CHANNEL.cmd_b_queue/inst/S_AXI_AREADY_I_i_1/O
                         net (fo=165, routed)         1.231     2.109    i_axi_dwidth_converter_dm_slave/inst/gen_downsizer.gen_simple_downsizer.axi_downsizer_inst/USE_WRITE.write_addr_inst/USE_B_CHANNEL.cmd_b_queue/inst/fifo_gen_inst/inst_fifo_gen/gconvfifo.rf/grf.rf/rstblk/ngwrdrst.grst.g7serrst.gnsckt_wrst.rst_wr_reg2_inst/src_arst
    SLICE_X102Y73        FDPE                                         f  i_axi_dwidth_converter_dm_slave/inst/gen_downsizer.gen_simple_downsizer.axi_downsizer_inst/USE_WRITE.write_addr_inst/USE_B_CHANNEL.cmd_b_queue/inst/fifo_gen_inst/inst_fifo_gen/gconvfifo.rf/grf.rf/rstblk/ngwrdrst.grst.g7serrst.gnsckt_wrst.rst_wr_reg2_inst/arststages_ff_reg[0]/PRE
  -------------------------------------------------------------------    -------------------

                         (clock clk_out1_xlnx_clk_gen rise edge)
                                                      0.000     0.000 r  
    K17                                               0.000     0.000 r  clk_sys (IN)
                         net (fo=0)                   0.000     0.000    i_xlnx_clk_gen/inst/clk_in1
    K17                  IBUF (Prop_ibuf_I_O)         1.404     1.404 r  i_xlnx_clk_gen/inst/clkin1_ibufg/O
                         net (fo=1, routed)           1.162     2.566    i_xlnx_clk_gen/inst/clk_in1_xlnx_clk_gen
    MMCME2_ADV_X1Y2      MMCME2_ADV (Prop_mmcme2_adv_CLKIN1_CLKOUT0)
                                                     -7.814    -5.248 r  i_xlnx_clk_gen/inst/mmcm_adv_inst/CLKOUT0
                         net (fo=1, routed)           2.012    -3.236    i_xlnx_clk_gen/inst/clk_out1_xlnx_clk_gen
    BUFGCTRL_X0Y16       BUFG (Prop_bufg_I_O)         0.091    -3.145 r  i_xlnx_clk_gen/inst/clkout1_buf/O
                         net (fo=15149, routed)       1.594    -1.551    i_axi_dwidth_converter_dm_slave/inst/gen_downsizer.gen_simple_downsizer.axi_downsizer_inst/USE_WRITE.write_addr_inst/USE_B_CHANNEL.cmd_b_queue/inst/fifo_gen_inst/inst_fifo_gen/gconvfifo.rf/grf.rf/rstblk/ngwrdrst.grst.g7serrst.gnsckt_wrst.rst_wr_reg2_inst/dest_clk
    SLICE_X102Y73        FDPE                                         r  i_axi_dwidth_converter_dm_slave/inst/gen_downsizer.gen_simple_downsizer.axi_downsizer_inst/USE_WRITE.write_addr_inst/USE_B_CHANNEL.cmd_b_queue/inst/fifo_gen_inst/inst_fifo_gen/gconvfifo.rf/grf.rf/rstblk/ngwrdrst.grst.g7serrst.gnsckt_wrst.rst_wr_reg2_inst/arststages_ff_reg[0]/C

Slack:                    inf
  Source:                 i_rstgen_main/i_rstgen_bypass/synch_regs_q_reg[3]/C
                            (rising edge-triggered cell FDCE clocked by clk_out1_xlnx_clk_gen  {rise@0.000ns fall@10.000ns period=20.000ns})
  Destination:            i_axi_dwidth_converter_dm_slave/inst/gen_downsizer.gen_simple_downsizer.axi_downsizer_inst/USE_WRITE.write_addr_inst/USE_B_CHANNEL.cmd_b_queue/inst/fifo_gen_inst/inst_fifo_gen/gconvfifo.rf/grf.rf/rstblk/ngwrdrst.grst.g7serrst.gnsckt_wrst.rst_wr_reg2_inst/arststages_ff_reg[1]/PRE
                            (recovery check against rising-edge clock clk_out1_xlnx_clk_gen  {rise@0.000ns fall@10.000ns period=20.000ns})
  Path Group:             (none)
  Path Type:              Recovery (Max at Slow Process Corner)
  Data Path Delay:        3.036ns  (logic 0.642ns (21.145%)  route 2.394ns (78.855%))
  Logic Levels:           1  (LUT1=1)
  Clock Path Skew:        -0.624ns (DCD - SCD + CPR)
    Destination Clock Delay (DCD):    -1.551ns
    Source Clock Delay      (SCD):    -0.927ns
    Clock Pessimism Removal (CPR):    0.000ns
  Clock Uncertainty:      0.079ns  ((TSJ^2 + DJ^2)^1/2) / 2 + PE
    Total System Jitter     (TSJ):    0.071ns
    Discrete Jitter          (DJ):    0.142ns
    Phase Error              (PE):    0.000ns
  Timing Exception:       False Path

    Location             Delay type                Incr(ns)  Path(ns)    Netlist Resource(s)
  -------------------------------------------------------------------    -------------------
                         (clock clk_out1_xlnx_clk_gen rise edge)
                                                      0.000     0.000 r  
    K17                                               0.000     0.000 r  clk_sys (IN)
                         net (fo=0)                   0.000     0.000    i_xlnx_clk_gen/inst/clk_in1
    K17                  IBUF (Prop_ibuf_I_O)         1.475     1.475 r  i_xlnx_clk_gen/inst/clkin1_ibufg/O
                         net (fo=1, routed)           1.285     2.760    i_xlnx_clk_gen/inst/clk_in1_xlnx_clk_gen
    MMCME2_ADV_X1Y2      MMCME2_ADV (Prop_mmcme2_adv_CLKIN1_CLKOUT0)
                                                     -7.759    -4.999 r  i_xlnx_clk_gen/inst/mmcm_adv_inst/CLKOUT0
                         net (fo=1, routed)           2.206    -2.793    i_xlnx_clk_gen/inst/clk_out1_xlnx_clk_gen
    BUFGCTRL_X0Y16       BUFG (Prop_bufg_I_O)         0.101    -2.692 r  i_xlnx_clk_gen/inst/clkout1_buf/O
                         net (fo=15149, routed)       1.765    -0.927    i_rstgen_main/i_rstgen_bypass/clk_out1
    SLICE_X92Y73         FDCE                                         r  i_rstgen_main/i_rstgen_bypass/synch_regs_q_reg[3]/C
  -------------------------------------------------------------------    -------------------
    SLICE_X92Y73         FDCE (Prop_fdce_C_Q)         0.518    -0.409 r  i_rstgen_main/i_rstgen_bypass/synch_regs_q_reg[3]/Q
                         net (fo=19, routed)          1.163     0.754    i_axi_dwidth_converter_dm_slave/inst/gen_downsizer.gen_simple_downsizer.axi_downsizer_inst/USE_WRITE.write_addr_inst/USE_B_CHANNEL.cmd_b_queue/inst/out
    SLICE_X102Y68        LUT1 (Prop_lut1_I0_O)        0.124     0.878 f  i_axi_dwidth_converter_dm_slave/inst/gen_downsizer.gen_simple_downsizer.axi_downsizer_inst/USE_WRITE.write_addr_inst/USE_B_CHANNEL.cmd_b_queue/inst/S_AXI_AREADY_I_i_1/O
                         net (fo=165, routed)         1.231     2.109    i_axi_dwidth_converter_dm_slave/inst/gen_downsizer.gen_simple_downsizer.axi_downsizer_inst/USE_WRITE.write_addr_inst/USE_B_CHANNEL.cmd_b_queue/inst/fifo_gen_inst/inst_fifo_gen/gconvfifo.rf/grf.rf/rstblk/ngwrdrst.grst.g7serrst.gnsckt_wrst.rst_wr_reg2_inst/src_arst
    SLICE_X102Y73        FDPE                                         f  i_axi_dwidth_converter_dm_slave/inst/gen_downsizer.gen_simple_downsizer.axi_downsizer_inst/USE_WRITE.write_addr_inst/USE_B_CHANNEL.cmd_b_queue/inst/fifo_gen_inst/inst_fifo_gen/gconvfifo.rf/grf.rf/rstblk/ngwrdrst.grst.g7serrst.gnsckt_wrst.rst_wr_reg2_inst/arststages_ff_reg[1]/PRE
  -------------------------------------------------------------------    -------------------

                         (clock clk_out1_xlnx_clk_gen rise edge)
                                                      0.000     0.000 r  
    K17                                               0.000     0.000 r  clk_sys (IN)
                         net (fo=0)                   0.000     0.000    i_xlnx_clk_gen/inst/clk_in1
    K17                  IBUF (Prop_ibuf_I_O)         1.404     1.404 r  i_xlnx_clk_gen/inst/clkin1_ibufg/O
                         net (fo=1, routed)           1.162     2.566    i_xlnx_clk_gen/inst/clk_in1_xlnx_clk_gen
    MMCME2_ADV_X1Y2      MMCME2_ADV (Prop_mmcme2_adv_CLKIN1_CLKOUT0)
                                                     -7.814    -5.248 r  i_xlnx_clk_gen/inst/mmcm_adv_inst/CLKOUT0
                         net (fo=1, routed)           2.012    -3.236    i_xlnx_clk_gen/inst/clk_out1_xlnx_clk_gen
    BUFGCTRL_X0Y16       BUFG (Prop_bufg_I_O)         0.091    -3.145 r  i_xlnx_clk_gen/inst/clkout1_buf/O
                         net (fo=15149, routed)       1.594    -1.551    i_axi_dwidth_converter_dm_slave/inst/gen_downsizer.gen_simple_downsizer.axi_downsizer_inst/USE_WRITE.write_addr_inst/USE_B_CHANNEL.cmd_b_queue/inst/fifo_gen_inst/inst_fifo_gen/gconvfifo.rf/grf.rf/rstblk/ngwrdrst.grst.g7serrst.gnsckt_wrst.rst_wr_reg2_inst/dest_clk
    SLICE_X102Y73        FDPE                                         r  i_axi_dwidth_converter_dm_slave/inst/gen_downsizer.gen_simple_downsizer.axi_downsizer_inst/USE_WRITE.write_addr_inst/USE_B_CHANNEL.cmd_b_queue/inst/fifo_gen_inst/inst_fifo_gen/gconvfifo.rf/grf.rf/rstblk/ngwrdrst.grst.g7serrst.gnsckt_wrst.rst_wr_reg2_inst/arststages_ff_reg[1]/C

Slack:                    inf
  Source:                 i_rstgen_main/i_rstgen_bypass/synch_regs_q_reg[3]/C
                            (rising edge-triggered cell FDCE clocked by clk_out1_xlnx_clk_gen  {rise@0.000ns fall@10.000ns period=20.000ns})
  Destination:            i_axi_dwidth_converter_dm_slave/inst/gen_downsizer.gen_simple_downsizer.axi_downsizer_inst/USE_WRITE.write_addr_inst/cmd_queue/inst/fifo_gen_inst/inst_fifo_gen/gconvfifo.rf/grf.rf/rstblk/ngwrdrst.grst.g7serrst.gnsckt_wrst.rst_wr_reg2_inst/arststages_ff_reg[0]/PRE
                            (recovery check against rising-edge clock clk_out1_xlnx_clk_gen  {rise@0.000ns fall@10.000ns period=20.000ns})
  Path Group:             (none)
  Path Type:              Recovery (Max at Slow Process Corner)
  Data Path Delay:        2.346ns  (logic 0.642ns (27.365%)  route 1.704ns (72.635%))
  Logic Levels:           1  (LUT1=1)
  Clock Path Skew:        -0.619ns (DCD - SCD + CPR)
    Destination Clock Delay (DCD):    -1.546ns
    Source Clock Delay      (SCD):    -0.927ns
    Clock Pessimism Removal (CPR):    0.000ns
  Clock Uncertainty:      0.079ns  ((TSJ^2 + DJ^2)^1/2) / 2 + PE
    Total System Jitter     (TSJ):    0.071ns
    Discrete Jitter          (DJ):    0.142ns
    Phase Error              (PE):    0.000ns
  Timing Exception:       False Path

    Location             Delay type                Incr(ns)  Path(ns)    Netlist Resource(s)
  -------------------------------------------------------------------    -------------------
                         (clock clk_out1_xlnx_clk_gen rise edge)
                                                      0.000     0.000 r  
    K17                                               0.000     0.000 r  clk_sys (IN)
                         net (fo=0)                   0.000     0.000    i_xlnx_clk_gen/inst/clk_in1
    K17                  IBUF (Prop_ibuf_I_O)         1.475     1.475 r  i_xlnx_clk_gen/inst/clkin1_ibufg/O
                         net (fo=1, routed)           1.285     2.760    i_xlnx_clk_gen/inst/clk_in1_xlnx_clk_gen
    MMCME2_ADV_X1Y2      MMCME2_ADV (Prop_mmcme2_adv_CLKIN1_CLKOUT0)
                                                     -7.759    -4.999 r  i_xlnx_clk_gen/inst/mmcm_adv_inst/CLKOUT0
                         net (fo=1, routed)           2.206    -2.793    i_xlnx_clk_gen/inst/clk_out1_xlnx_clk_gen
    BUFGCTRL_X0Y16       BUFG (Prop_bufg_I_O)         0.101    -2.692 r  i_xlnx_clk_gen/inst/clkout1_buf/O
                         net (fo=15149, routed)       1.765    -0.927    i_rstgen_main/i_rstgen_bypass/clk_out1
    SLICE_X92Y73         FDCE                                         r  i_rstgen_main/i_rstgen_bypass/synch_regs_q_reg[3]/C
  -------------------------------------------------------------------    -------------------
    SLICE_X92Y73         FDCE (Prop_fdce_C_Q)         0.518    -0.409 r  i_rstgen_main/i_rstgen_bypass/synch_regs_q_reg[3]/Q
                         net (fo=19, routed)          1.163     0.754    i_axi_dwidth_converter_dm_slave/inst/gen_downsizer.gen_simple_downsizer.axi_downsizer_inst/USE_WRITE.write_addr_inst/USE_B_CHANNEL.cmd_b_queue/inst/out
    SLICE_X102Y68        LUT1 (Prop_lut1_I0_O)        0.124     0.878 f  i_axi_dwidth_converter_dm_slave/inst/gen_downsizer.gen_simple_downsizer.axi_downsizer_inst/USE_WRITE.write_addr_inst/USE_B_CHANNEL.cmd_b_queue/inst/S_AXI_AREADY_I_i_1/O
                         net (fo=165, routed)         0.541     1.419    i_axi_dwidth_converter_dm_slave/inst/gen_downsizer.gen_simple_downsizer.axi_downsizer_inst/USE_WRITE.write_addr_inst/cmd_queue/inst/fifo_gen_inst/inst_fifo_gen/gconvfifo.rf/grf.rf/rstblk/ngwrdrst.grst.g7serrst.gnsckt_wrst.rst_wr_reg2_inst/src_arst
    SLICE_X103Y68        FDPE                                         f  i_axi_dwidth_converter_dm_slave/inst/gen_downsizer.gen_simple_downsizer.axi_downsizer_inst/USE_WRITE.write_addr_inst/cmd_queue/inst/fifo_gen_inst/inst_fifo_gen/gconvfifo.rf/grf.rf/rstblk/ngwrdrst.grst.g7serrst.gnsckt_wrst.rst_wr_reg2_inst/arststages_ff_reg[0]/PRE
  -------------------------------------------------------------------    -------------------

                         (clock clk_out1_xlnx_clk_gen rise edge)
                                                      0.000     0.000 r  
    K17                                               0.000     0.000 r  clk_sys (IN)
                         net (fo=0)                   0.000     0.000    i_xlnx_clk_gen/inst/clk_in1
    K17                  IBUF (Prop_ibuf_I_O)         1.404     1.404 r  i_xlnx_clk_gen/inst/clkin1_ibufg/O
                         net (fo=1, routed)           1.162     2.566    i_xlnx_clk_gen/inst/clk_in1_xlnx_clk_gen
    MMCME2_ADV_X1Y2      MMCME2_ADV (Prop_mmcme2_adv_CLKIN1_CLKOUT0)
                                                     -7.814    -5.248 r  i_xlnx_clk_gen/inst/mmcm_adv_inst/CLKOUT0
                         net (fo=1, routed)           2.012    -3.236    i_xlnx_clk_gen/inst/clk_out1_xlnx_clk_gen
    BUFGCTRL_X0Y16       BUFG (Prop_bufg_I_O)         0.091    -3.145 r  i_xlnx_clk_gen/inst/clkout1_buf/O
                         net (fo=15149, routed)       1.599    -1.546    i_axi_dwidth_converter_dm_slave/inst/gen_downsizer.gen_simple_downsizer.axi_downsizer_inst/USE_WRITE.write_addr_inst/cmd_queue/inst/fifo_gen_inst/inst_fifo_gen/gconvfifo.rf/grf.rf/rstblk/ngwrdrst.grst.g7serrst.gnsckt_wrst.rst_wr_reg2_inst/dest_clk
    SLICE_X103Y68        FDPE                                         r  i_axi_dwidth_converter_dm_slave/inst/gen_downsizer.gen_simple_downsizer.axi_downsizer_inst/USE_WRITE.write_addr_inst/cmd_queue/inst/fifo_gen_inst/inst_fifo_gen/gconvfifo.rf/grf.rf/rstblk/ngwrdrst.grst.g7serrst.gnsckt_wrst.rst_wr_reg2_inst/arststages_ff_reg[0]/C

Slack:                    inf
  Source:                 i_rstgen_main/i_rstgen_bypass/synch_regs_q_reg[3]/C
                            (rising edge-triggered cell FDCE clocked by clk_out1_xlnx_clk_gen  {rise@0.000ns fall@10.000ns period=20.000ns})
  Destination:            i_axi_dwidth_converter_dm_slave/inst/gen_downsizer.gen_simple_downsizer.axi_downsizer_inst/USE_WRITE.write_addr_inst/cmd_queue/inst/fifo_gen_inst/inst_fifo_gen/gconvfifo.rf/grf.rf/rstblk/ngwrdrst.grst.g7serrst.gnsckt_wrst.rst_wr_reg2_inst/arststages_ff_reg[1]/PRE
                            (recovery check against rising-edge clock clk_out1_xlnx_clk_gen  {rise@0.000ns fall@10.000ns period=20.000ns})
  Path Group:             (none)
  Path Type:              Recovery (Max at Slow Process Corner)
  Data Path Delay:        2.346ns  (logic 0.642ns (27.365%)  route 1.704ns (72.635%))
  Logic Levels:           1  (LUT1=1)
  Clock Path Skew:        -0.619ns (DCD - SCD + CPR)
    Destination Clock Delay (DCD):    -1.546ns
    Source Clock Delay      (SCD):    -0.927ns
    Clock Pessimism Removal (CPR):    0.000ns
  Clock Uncertainty:      0.079ns  ((TSJ^2 + DJ^2)^1/2) / 2 + PE
    Total System Jitter     (TSJ):    0.071ns
    Discrete Jitter          (DJ):    0.142ns
    Phase Error              (PE):    0.000ns
  Timing Exception:       False Path

    Location             Delay type                Incr(ns)  Path(ns)    Netlist Resource(s)
  -------------------------------------------------------------------    -------------------
                         (clock clk_out1_xlnx_clk_gen rise edge)
                                                      0.000     0.000 r  
    K17                                               0.000     0.000 r  clk_sys (IN)
                         net (fo=0)                   0.000     0.000    i_xlnx_clk_gen/inst/clk_in1
    K17                  IBUF (Prop_ibuf_I_O)         1.475     1.475 r  i_xlnx_clk_gen/inst/clkin1_ibufg/O
                         net (fo=1, routed)           1.285     2.760    i_xlnx_clk_gen/inst/clk_in1_xlnx_clk_gen
    MMCME2_ADV_X1Y2      MMCME2_ADV (Prop_mmcme2_adv_CLKIN1_CLKOUT0)
                                                     -7.759    -4.999 r  i_xlnx_clk_gen/inst/mmcm_adv_inst/CLKOUT0
                         net (fo=1, routed)           2.206    -2.793    i_xlnx_clk_gen/inst/clk_out1_xlnx_clk_gen
    BUFGCTRL_X0Y16       BUFG (Prop_bufg_I_O)         0.101    -2.692 r  i_xlnx_clk_gen/inst/clkout1_buf/O
                         net (fo=15149, routed)       1.765    -0.927    i_rstgen_main/i_rstgen_bypass/clk_out1
    SLICE_X92Y73         FDCE                                         r  i_rstgen_main/i_rstgen_bypass/synch_regs_q_reg[3]/C
  -------------------------------------------------------------------    -------------------
    SLICE_X92Y73         FDCE (Prop_fdce_C_Q)         0.518    -0.409 r  i_rstgen_main/i_rstgen_bypass/synch_regs_q_reg[3]/Q
                         net (fo=19, routed)          1.163     0.754    i_axi_dwidth_converter_dm_slave/inst/gen_downsizer.gen_simple_downsizer.axi_downsizer_inst/USE_WRITE.write_addr_inst/USE_B_CHANNEL.cmd_b_queue/inst/out
    SLICE_X102Y68        LUT1 (Prop_lut1_I0_O)        0.124     0.878 f  i_axi_dwidth_converter_dm_slave/inst/gen_downsizer.gen_simple_downsizer.axi_downsizer_inst/USE_WRITE.write_addr_inst/USE_B_CHANNEL.cmd_b_queue/inst/S_AXI_AREADY_I_i_1/O
                         net (fo=165, routed)         0.541     1.419    i_axi_dwidth_converter_dm_slave/inst/gen_downsizer.gen_simple_downsizer.axi_downsizer_inst/USE_WRITE.write_addr_inst/cmd_queue/inst/fifo_gen_inst/inst_fifo_gen/gconvfifo.rf/grf.rf/rstblk/ngwrdrst.grst.g7serrst.gnsckt_wrst.rst_wr_reg2_inst/src_arst
    SLICE_X103Y68        FDPE                                         f  i_axi_dwidth_converter_dm_slave/inst/gen_downsizer.gen_simple_downsizer.axi_downsizer_inst/USE_WRITE.write_addr_inst/cmd_queue/inst/fifo_gen_inst/inst_fifo_gen/gconvfifo.rf/grf.rf/rstblk/ngwrdrst.grst.g7serrst.gnsckt_wrst.rst_wr_reg2_inst/arststages_ff_reg[1]/PRE
  -------------------------------------------------------------------    -------------------

                         (clock clk_out1_xlnx_clk_gen rise edge)
                                                      0.000     0.000 r  
    K17                                               0.000     0.000 r  clk_sys (IN)
                         net (fo=0)                   0.000     0.000    i_xlnx_clk_gen/inst/clk_in1
    K17                  IBUF (Prop_ibuf_I_O)         1.404     1.404 r  i_xlnx_clk_gen/inst/clkin1_ibufg/O
                         net (fo=1, routed)           1.162     2.566    i_xlnx_clk_gen/inst/clk_in1_xlnx_clk_gen
    MMCME2_ADV_X1Y2      MMCME2_ADV (Prop_mmcme2_adv_CLKIN1_CLKOUT0)
                                                     -7.814    -5.248 r  i_xlnx_clk_gen/inst/mmcm_adv_inst/CLKOUT0
                         net (fo=1, routed)           2.012    -3.236    i_xlnx_clk_gen/inst/clk_out1_xlnx_clk_gen
    BUFGCTRL_X0Y16       BUFG (Prop_bufg_I_O)         0.091    -3.145 r  i_xlnx_clk_gen/inst/clkout1_buf/O
                         net (fo=15149, routed)       1.599    -1.546    i_axi_dwidth_converter_dm_slave/inst/gen_downsizer.gen_simple_downsizer.axi_downsizer_inst/USE_WRITE.write_addr_inst/cmd_queue/inst/fifo_gen_inst/inst_fifo_gen/gconvfifo.rf/grf.rf/rstblk/ngwrdrst.grst.g7serrst.gnsckt_wrst.rst_wr_reg2_inst/dest_clk
    SLICE_X103Y68        FDPE                                         r  i_axi_dwidth_converter_dm_slave/inst/gen_downsizer.gen_simple_downsizer.axi_downsizer_inst/USE_WRITE.write_addr_inst/cmd_queue/inst/fifo_gen_inst/inst_fifo_gen/gconvfifo.rf/grf.rf/rstblk/ngwrdrst.grst.g7serrst.gnsckt_wrst.rst_wr_reg2_inst/arststages_ff_reg[1]/C





Min Delay Paths
--------------------------------------------------------------------------------------
Slack:                    inf
  Source:                 i_rstgen_main/i_rstgen_bypass/synch_regs_q_reg[3]/C
                            (rising edge-triggered cell FDCE clocked by clk_out1_xlnx_clk_gen  {rise@0.000ns fall@10.000ns period=20.000ns})
  Destination:            i_axi_dwidth_converter_dm_slave/inst/gen_downsizer.gen_simple_downsizer.axi_downsizer_inst/USE_WRITE.write_addr_inst/cmd_queue/inst/fifo_gen_inst/inst_fifo_gen/gconvfifo.rf/grf.rf/rstblk/ngwrdrst.grst.g7serrst.gnsckt_wrst.rst_wr_reg2_inst/arststages_ff_reg[0]/PRE
                            (removal check against rising-edge clock clk_out1_xlnx_clk_gen  {rise@0.000ns fall@10.000ns period=20.000ns})
  Path Group:             (none)
  Path Type:              Removal (Min at Fast Process Corner)
  Data Path Delay:        0.849ns  (logic 0.209ns (24.616%)  route 0.640ns (75.384%))
  Logic Levels:           1  (LUT1=1)
  Clock Path Skew:        -0.233ns (DCD - SCD - CPR)
    Destination Clock Delay (DCD):    -0.846ns
    Source Clock Delay      (SCD):    -0.614ns
    Clock Pessimism Removal (CPR):    -0.000ns
  Clock Uncertainty:      0.079ns  ((TSJ^2 + DJ^2)^1/2) / 2 + PE
    Total System Jitter     (TSJ):    0.071ns
    Discrete Jitter          (DJ):    0.142ns
    Phase Error              (PE):    0.000ns
  Timing Exception:       False Path

    Location             Delay type                Incr(ns)  Path(ns)    Netlist Resource(s)
  -------------------------------------------------------------------    -------------------
                         (clock clk_out1_xlnx_clk_gen rise edge)
                                                      0.000     0.000 r  
    K17                                               0.000     0.000 r  clk_sys (IN)
                         net (fo=0)                   0.000     0.000    i_xlnx_clk_gen/inst/clk_in1
    K17                  IBUF (Prop_ibuf_I_O)         0.243     0.243 r  i_xlnx_clk_gen/inst/clkin1_ibufg/O
                         net (fo=1, routed)           0.440     0.683    i_xlnx_clk_gen/inst/clk_in1_xlnx_clk_gen
    MMCME2_ADV_X1Y2      MMCME2_ADV (Prop_mmcme2_adv_CLKIN1_CLKOUT0)
                                                     -2.613    -1.930 r  i_xlnx_clk_gen/inst/mmcm_adv_inst/CLKOUT0
                         net (fo=1, routed)           0.696    -1.233    i_xlnx_clk_gen/inst/clk_out1_xlnx_clk_gen
    BUFGCTRL_X0Y16       BUFG (Prop_bufg_I_O)         0.026    -1.207 r  i_xlnx_clk_gen/inst/clkout1_buf/O
                         net (fo=15149, routed)       0.594    -0.614    i_rstgen_main/i_rstgen_bypass/clk_out1
    SLICE_X92Y73         FDCE                                         r  i_rstgen_main/i_rstgen_bypass/synch_regs_q_reg[3]/C
  -------------------------------------------------------------------    -------------------
    SLICE_X92Y73         FDCE (Prop_fdce_C_Q)         0.164    -0.450 r  i_rstgen_main/i_rstgen_bypass/synch_regs_q_reg[3]/Q
                         net (fo=19, routed)          0.454     0.004    i_axi_dwidth_converter_dm_slave/inst/gen_downsizer.gen_simple_downsizer.axi_downsizer_inst/USE_WRITE.write_addr_inst/USE_B_CHANNEL.cmd_b_queue/inst/out
    SLICE_X102Y68        LUT1 (Prop_lut1_I0_O)        0.045     0.049 f  i_axi_dwidth_converter_dm_slave/inst/gen_downsizer.gen_simple_downsizer.axi_downsizer_inst/USE_WRITE.write_addr_inst/USE_B_CHANNEL.cmd_b_queue/inst/S_AXI_AREADY_I_i_1/O
                         net (fo=165, routed)         0.186     0.236    i_axi_dwidth_converter_dm_slave/inst/gen_downsizer.gen_simple_downsizer.axi_downsizer_inst/USE_WRITE.write_addr_inst/cmd_queue/inst/fifo_gen_inst/inst_fifo_gen/gconvfifo.rf/grf.rf/rstblk/ngwrdrst.grst.g7serrst.gnsckt_wrst.rst_wr_reg2_inst/src_arst
    SLICE_X103Y68        FDPE                                         f  i_axi_dwidth_converter_dm_slave/inst/gen_downsizer.gen_simple_downsizer.axi_downsizer_inst/USE_WRITE.write_addr_inst/cmd_queue/inst/fifo_gen_inst/inst_fifo_gen/gconvfifo.rf/grf.rf/rstblk/ngwrdrst.grst.g7serrst.gnsckt_wrst.rst_wr_reg2_inst/arststages_ff_reg[0]/PRE
  -------------------------------------------------------------------    -------------------

                         (clock clk_out1_xlnx_clk_gen rise edge)
                                                      0.000     0.000 r  
    K17                                               0.000     0.000 r  clk_sys (IN)
                         net (fo=0)                   0.000     0.000    i_xlnx_clk_gen/inst/clk_in1
    K17                  IBUF (Prop_ibuf_I_O)         0.431     0.431 r  i_xlnx_clk_gen/inst/clkin1_ibufg/O
                         net (fo=1, routed)           0.480     0.911    i_xlnx_clk_gen/inst/clk_in1_xlnx_clk_gen
    MMCME2_ADV_X1Y2      MMCME2_ADV (Prop_mmcme2_adv_CLKIN1_CLKOUT0)
                                                     -3.407    -2.496 r  i_xlnx_clk_gen/inst/mmcm_adv_inst/CLKOUT0
                         net (fo=1, routed)           0.752    -1.744    i_xlnx_clk_gen/inst/clk_out1_xlnx_clk_gen
    BUFGCTRL_X0Y16       BUFG (Prop_bufg_I_O)         0.029    -1.715 r  i_xlnx_clk_gen/inst/clkout1_buf/O
                         net (fo=15149, routed)       0.869    -0.846    i_axi_dwidth_converter_dm_slave/inst/gen_downsizer.gen_simple_downsizer.axi_downsizer_inst/USE_WRITE.write_addr_inst/cmd_queue/inst/fifo_gen_inst/inst_fifo_gen/gconvfifo.rf/grf.rf/rstblk/ngwrdrst.grst.g7serrst.gnsckt_wrst.rst_wr_reg2_inst/dest_clk
    SLICE_X103Y68        FDPE                                         r  i_axi_dwidth_converter_dm_slave/inst/gen_downsizer.gen_simple_downsizer.axi_downsizer_inst/USE_WRITE.write_addr_inst/cmd_queue/inst/fifo_gen_inst/inst_fifo_gen/gconvfifo.rf/grf.rf/rstblk/ngwrdrst.grst.g7serrst.gnsckt_wrst.rst_wr_reg2_inst/arststages_ff_reg[0]/C

Slack:                    inf
  Source:                 i_rstgen_main/i_rstgen_bypass/synch_regs_q_reg[3]/C
                            (rising edge-triggered cell FDCE clocked by clk_out1_xlnx_clk_gen  {rise@0.000ns fall@10.000ns period=20.000ns})
  Destination:            i_axi_dwidth_converter_dm_slave/inst/gen_downsizer.gen_simple_downsizer.axi_downsizer_inst/USE_WRITE.write_addr_inst/cmd_queue/inst/fifo_gen_inst/inst_fifo_gen/gconvfifo.rf/grf.rf/rstblk/ngwrdrst.grst.g7serrst.gnsckt_wrst.rst_wr_reg2_inst/arststages_ff_reg[1]/PRE
                            (removal check against rising-edge clock clk_out1_xlnx_clk_gen  {rise@0.000ns fall@10.000ns period=20.000ns})
  Path Group:             (none)
  Path Type:              Removal (Min at Fast Process Corner)
  Data Path Delay:        0.849ns  (logic 0.209ns (24.616%)  route 0.640ns (75.384%))
  Logic Levels:           1  (LUT1=1)
  Clock Path Skew:        -0.233ns (DCD - SCD - CPR)
    Destination Clock Delay (DCD):    -0.846ns
    Source Clock Delay      (SCD):    -0.614ns
    Clock Pessimism Removal (CPR):    -0.000ns
  Clock Uncertainty:      0.079ns  ((TSJ^2 + DJ^2)^1/2) / 2 + PE
    Total System Jitter     (TSJ):    0.071ns
    Discrete Jitter          (DJ):    0.142ns
    Phase Error              (PE):    0.000ns
  Timing Exception:       False Path

    Location             Delay type                Incr(ns)  Path(ns)    Netlist Resource(s)
  -------------------------------------------------------------------    -------------------
                         (clock clk_out1_xlnx_clk_gen rise edge)
                                                      0.000     0.000 r  
    K17                                               0.000     0.000 r  clk_sys (IN)
                         net (fo=0)                   0.000     0.000    i_xlnx_clk_gen/inst/clk_in1
    K17                  IBUF (Prop_ibuf_I_O)         0.243     0.243 r  i_xlnx_clk_gen/inst/clkin1_ibufg/O
                         net (fo=1, routed)           0.440     0.683    i_xlnx_clk_gen/inst/clk_in1_xlnx_clk_gen
    MMCME2_ADV_X1Y2      MMCME2_ADV (Prop_mmcme2_adv_CLKIN1_CLKOUT0)
                                                     -2.613    -1.930 r  i_xlnx_clk_gen/inst/mmcm_adv_inst/CLKOUT0
                         net (fo=1, routed)           0.696    -1.233    i_xlnx_clk_gen/inst/clk_out1_xlnx_clk_gen
    BUFGCTRL_X0Y16       BUFG (Prop_bufg_I_O)         0.026    -1.207 r  i_xlnx_clk_gen/inst/clkout1_buf/O
                         net (fo=15149, routed)       0.594    -0.614    i_rstgen_main/i_rstgen_bypass/clk_out1
    SLICE_X92Y73         FDCE                                         r  i_rstgen_main/i_rstgen_bypass/synch_regs_q_reg[3]/C
  -------------------------------------------------------------------    -------------------
    SLICE_X92Y73         FDCE (Prop_fdce_C_Q)         0.164    -0.450 r  i_rstgen_main/i_rstgen_bypass/synch_regs_q_reg[3]/Q
                         net (fo=19, routed)          0.454     0.004    i_axi_dwidth_converter_dm_slave/inst/gen_downsizer.gen_simple_downsizer.axi_downsizer_inst/USE_WRITE.write_addr_inst/USE_B_CHANNEL.cmd_b_queue/inst/out
    SLICE_X102Y68        LUT1 (Prop_lut1_I0_O)        0.045     0.049 f  i_axi_dwidth_converter_dm_slave/inst/gen_downsizer.gen_simple_downsizer.axi_downsizer_inst/USE_WRITE.write_addr_inst/USE_B_CHANNEL.cmd_b_queue/inst/S_AXI_AREADY_I_i_1/O
                         net (fo=165, routed)         0.186     0.236    i_axi_dwidth_converter_dm_slave/inst/gen_downsizer.gen_simple_downsizer.axi_downsizer_inst/USE_WRITE.write_addr_inst/cmd_queue/inst/fifo_gen_inst/inst_fifo_gen/gconvfifo.rf/grf.rf/rstblk/ngwrdrst.grst.g7serrst.gnsckt_wrst.rst_wr_reg2_inst/src_arst
    SLICE_X103Y68        FDPE                                         f  i_axi_dwidth_converter_dm_slave/inst/gen_downsizer.gen_simple_downsizer.axi_downsizer_inst/USE_WRITE.write_addr_inst/cmd_queue/inst/fifo_gen_inst/inst_fifo_gen/gconvfifo.rf/grf.rf/rstblk/ngwrdrst.grst.g7serrst.gnsckt_wrst.rst_wr_reg2_inst/arststages_ff_reg[1]/PRE
  -------------------------------------------------------------------    -------------------

                         (clock clk_out1_xlnx_clk_gen rise edge)
                                                      0.000     0.000 r  
    K17                                               0.000     0.000 r  clk_sys (IN)
                         net (fo=0)                   0.000     0.000    i_xlnx_clk_gen/inst/clk_in1
    K17                  IBUF (Prop_ibuf_I_O)         0.431     0.431 r  i_xlnx_clk_gen/inst/clkin1_ibufg/O
                         net (fo=1, routed)           0.480     0.911    i_xlnx_clk_gen/inst/clk_in1_xlnx_clk_gen
    MMCME2_ADV_X1Y2      MMCME2_ADV (Prop_mmcme2_adv_CLKIN1_CLKOUT0)
                                                     -3.407    -2.496 r  i_xlnx_clk_gen/inst/mmcm_adv_inst/CLKOUT0
                         net (fo=1, routed)           0.752    -1.744    i_xlnx_clk_gen/inst/clk_out1_xlnx_clk_gen
    BUFGCTRL_X0Y16       BUFG (Prop_bufg_I_O)         0.029    -1.715 r  i_xlnx_clk_gen/inst/clkout1_buf/O
                         net (fo=15149, routed)       0.869    -0.846    i_axi_dwidth_converter_dm_slave/inst/gen_downsizer.gen_simple_downsizer.axi_downsizer_inst/USE_WRITE.write_addr_inst/cmd_queue/inst/fifo_gen_inst/inst_fifo_gen/gconvfifo.rf/grf.rf/rstblk/ngwrdrst.grst.g7serrst.gnsckt_wrst.rst_wr_reg2_inst/dest_clk
    SLICE_X103Y68        FDPE                                         r  i_axi_dwidth_converter_dm_slave/inst/gen_downsizer.gen_simple_downsizer.axi_downsizer_inst/USE_WRITE.write_addr_inst/cmd_queue/inst/fifo_gen_inst/inst_fifo_gen/gconvfifo.rf/grf.rf/rstblk/ngwrdrst.grst.g7serrst.gnsckt_wrst.rst_wr_reg2_inst/arststages_ff_reg[1]/C

Slack:                    inf
  Source:                 i_rstgen_main/i_rstgen_bypass/synch_regs_q_reg[3]/C
                            (rising edge-triggered cell FDCE clocked by clk_out1_xlnx_clk_gen  {rise@0.000ns fall@10.000ns period=20.000ns})
  Destination:            i_axi_dwidth_converter_dm_slave/inst/gen_downsizer.gen_simple_downsizer.axi_downsizer_inst/USE_WRITE.write_addr_inst/USE_B_CHANNEL.cmd_b_queue/inst/fifo_gen_inst/inst_fifo_gen/gconvfifo.rf/grf.rf/rstblk/ngwrdrst.grst.g7serrst.gnsckt_wrst.rst_wr_reg2_inst/arststages_ff_reg[0]/PRE
                            (removal check against rising-edge clock clk_out1_xlnx_clk_gen  {rise@0.000ns fall@10.000ns period=20.000ns})
  Path Group:             (none)
  Path Type:              Removal (Min at Fast Process Corner)
  Data Path Delay:        1.205ns  (logic 0.209ns (17.342%)  route 0.996ns (82.658%))
  Logic Levels:           1  (LUT1=1)
  Clock Path Skew:        -0.239ns (DCD - SCD - CPR)
    Destination Clock Delay (DCD):    -0.852ns
    Source Clock Delay      (SCD):    -0.614ns
    Clock Pessimism Removal (CPR):    -0.000ns
  Clock Uncertainty:      0.079ns  ((TSJ^2 + DJ^2)^1/2) / 2 + PE
    Total System Jitter     (TSJ):    0.071ns
    Discrete Jitter          (DJ):    0.142ns
    Phase Error              (PE):    0.000ns
  Timing Exception:       False Path

    Location             Delay type                Incr(ns)  Path(ns)    Netlist Resource(s)
  -------------------------------------------------------------------    -------------------
                         (clock clk_out1_xlnx_clk_gen rise edge)
                                                      0.000     0.000 r  
    K17                                               0.000     0.000 r  clk_sys (IN)
                         net (fo=0)                   0.000     0.000    i_xlnx_clk_gen/inst/clk_in1
    K17                  IBUF (Prop_ibuf_I_O)         0.243     0.243 r  i_xlnx_clk_gen/inst/clkin1_ibufg/O
                         net (fo=1, routed)           0.440     0.683    i_xlnx_clk_gen/inst/clk_in1_xlnx_clk_gen
    MMCME2_ADV_X1Y2      MMCME2_ADV (Prop_mmcme2_adv_CLKIN1_CLKOUT0)
                                                     -2.613    -1.930 r  i_xlnx_clk_gen/inst/mmcm_adv_inst/CLKOUT0
                         net (fo=1, routed)           0.696    -1.233    i_xlnx_clk_gen/inst/clk_out1_xlnx_clk_gen
    BUFGCTRL_X0Y16       BUFG (Prop_bufg_I_O)         0.026    -1.207 r  i_xlnx_clk_gen/inst/clkout1_buf/O
                         net (fo=15149, routed)       0.594    -0.614    i_rstgen_main/i_rstgen_bypass/clk_out1
    SLICE_X92Y73         FDCE                                         r  i_rstgen_main/i_rstgen_bypass/synch_regs_q_reg[3]/C
  -------------------------------------------------------------------    -------------------
    SLICE_X92Y73         FDCE (Prop_fdce_C_Q)         0.164    -0.450 r  i_rstgen_main/i_rstgen_bypass/synch_regs_q_reg[3]/Q
                         net (fo=19, routed)          0.454     0.004    i_axi_dwidth_converter_dm_slave/inst/gen_downsizer.gen_simple_downsizer.axi_downsizer_inst/USE_WRITE.write_addr_inst/USE_B_CHANNEL.cmd_b_queue/inst/out
    SLICE_X102Y68        LUT1 (Prop_lut1_I0_O)        0.045     0.049 f  i_axi_dwidth_converter_dm_slave/inst/gen_downsizer.gen_simple_downsizer.axi_downsizer_inst/USE_WRITE.write_addr_inst/USE_B_CHANNEL.cmd_b_queue/inst/S_AXI_AREADY_I_i_1/O
                         net (fo=165, routed)         0.542     0.592    i_axi_dwidth_converter_dm_slave/inst/gen_downsizer.gen_simple_downsizer.axi_downsizer_inst/USE_WRITE.write_addr_inst/USE_B_CHANNEL.cmd_b_queue/inst/fifo_gen_inst/inst_fifo_gen/gconvfifo.rf/grf.rf/rstblk/ngwrdrst.grst.g7serrst.gnsckt_wrst.rst_wr_reg2_inst/src_arst
    SLICE_X102Y73        FDPE                                         f  i_axi_dwidth_converter_dm_slave/inst/gen_downsizer.gen_simple_downsizer.axi_downsizer_inst/USE_WRITE.write_addr_inst/USE_B_CHANNEL.cmd_b_queue/inst/fifo_gen_inst/inst_fifo_gen/gconvfifo.rf/grf.rf/rstblk/ngwrdrst.grst.g7serrst.gnsckt_wrst.rst_wr_reg2_inst/arststages_ff_reg[0]/PRE
  -------------------------------------------------------------------    -------------------

                         (clock clk_out1_xlnx_clk_gen rise edge)
                                                      0.000     0.000 r  
    K17                                               0.000     0.000 r  clk_sys (IN)
                         net (fo=0)                   0.000     0.000    i_xlnx_clk_gen/inst/clk_in1
    K17                  IBUF (Prop_ibuf_I_O)         0.431     0.431 r  i_xlnx_clk_gen/inst/clkin1_ibufg/O
                         net (fo=1, routed)           0.480     0.911    i_xlnx_clk_gen/inst/clk_in1_xlnx_clk_gen
    MMCME2_ADV_X1Y2      MMCME2_ADV (Prop_mmcme2_adv_CLKIN1_CLKOUT0)
                                                     -3.407    -2.496 r  i_xlnx_clk_gen/inst/mmcm_adv_inst/CLKOUT0
                         net (fo=1, routed)           0.752    -1.744    i_xlnx_clk_gen/inst/clk_out1_xlnx_clk_gen
    BUFGCTRL_X0Y16       BUFG (Prop_bufg_I_O)         0.029    -1.715 r  i_xlnx_clk_gen/inst/clkout1_buf/O
                         net (fo=15149, routed)       0.863    -0.852    i_axi_dwidth_converter_dm_slave/inst/gen_downsizer.gen_simple_downsizer.axi_downsizer_inst/USE_WRITE.write_addr_inst/USE_B_CHANNEL.cmd_b_queue/inst/fifo_gen_inst/inst_fifo_gen/gconvfifo.rf/grf.rf/rstblk/ngwrdrst.grst.g7serrst.gnsckt_wrst.rst_wr_reg2_inst/dest_clk
    SLICE_X102Y73        FDPE                                         r  i_axi_dwidth_converter_dm_slave/inst/gen_downsizer.gen_simple_downsizer.axi_downsizer_inst/USE_WRITE.write_addr_inst/USE_B_CHANNEL.cmd_b_queue/inst/fifo_gen_inst/inst_fifo_gen/gconvfifo.rf/grf.rf/rstblk/ngwrdrst.grst.g7serrst.gnsckt_wrst.rst_wr_reg2_inst/arststages_ff_reg[0]/C

Slack:                    inf
  Source:                 i_rstgen_main/i_rstgen_bypass/synch_regs_q_reg[3]/C
                            (rising edge-triggered cell FDCE clocked by clk_out1_xlnx_clk_gen  {rise@0.000ns fall@10.000ns period=20.000ns})
  Destination:            i_axi_dwidth_converter_dm_slave/inst/gen_downsizer.gen_simple_downsizer.axi_downsizer_inst/USE_WRITE.write_addr_inst/USE_B_CHANNEL.cmd_b_queue/inst/fifo_gen_inst/inst_fifo_gen/gconvfifo.rf/grf.rf/rstblk/ngwrdrst.grst.g7serrst.gnsckt_wrst.rst_wr_reg2_inst/arststages_ff_reg[1]/PRE
                            (removal check against rising-edge clock clk_out1_xlnx_clk_gen  {rise@0.000ns fall@10.000ns period=20.000ns})
  Path Group:             (none)
  Path Type:              Removal (Min at Fast Process Corner)
  Data Path Delay:        1.205ns  (logic 0.209ns (17.342%)  route 0.996ns (82.658%))
  Logic Levels:           1  (LUT1=1)
  Clock Path Skew:        -0.239ns (DCD - SCD - CPR)
    Destination Clock Delay (DCD):    -0.852ns
    Source Clock Delay      (SCD):    -0.614ns
    Clock Pessimism Removal (CPR):    -0.000ns
  Clock Uncertainty:      0.079ns  ((TSJ^2 + DJ^2)^1/2) / 2 + PE
    Total System Jitter     (TSJ):    0.071ns
    Discrete Jitter          (DJ):    0.142ns
    Phase Error              (PE):    0.000ns
  Timing Exception:       False Path

    Location             Delay type                Incr(ns)  Path(ns)    Netlist Resource(s)
  -------------------------------------------------------------------    -------------------
                         (clock clk_out1_xlnx_clk_gen rise edge)
                                                      0.000     0.000 r  
    K17                                               0.000     0.000 r  clk_sys (IN)
                         net (fo=0)                   0.000     0.000    i_xlnx_clk_gen/inst/clk_in1
    K17                  IBUF (Prop_ibuf_I_O)         0.243     0.243 r  i_xlnx_clk_gen/inst/clkin1_ibufg/O
                         net (fo=1, routed)           0.440     0.683    i_xlnx_clk_gen/inst/clk_in1_xlnx_clk_gen
    MMCME2_ADV_X1Y2      MMCME2_ADV (Prop_mmcme2_adv_CLKIN1_CLKOUT0)
                                                     -2.613    -1.930 r  i_xlnx_clk_gen/inst/mmcm_adv_inst/CLKOUT0
                         net (fo=1, routed)           0.696    -1.233    i_xlnx_clk_gen/inst/clk_out1_xlnx_clk_gen
    BUFGCTRL_X0Y16       BUFG (Prop_bufg_I_O)         0.026    -1.207 r  i_xlnx_clk_gen/inst/clkout1_buf/O
                         net (fo=15149, routed)       0.594    -0.614    i_rstgen_main/i_rstgen_bypass/clk_out1
    SLICE_X92Y73         FDCE                                         r  i_rstgen_main/i_rstgen_bypass/synch_regs_q_reg[3]/C
  -------------------------------------------------------------------    -------------------
    SLICE_X92Y73         FDCE (Prop_fdce_C_Q)         0.164    -0.450 r  i_rstgen_main/i_rstgen_bypass/synch_regs_q_reg[3]/Q
                         net (fo=19, routed)          0.454     0.004    i_axi_dwidth_converter_dm_slave/inst/gen_downsizer.gen_simple_downsizer.axi_downsizer_inst/USE_WRITE.write_addr_inst/USE_B_CHANNEL.cmd_b_queue/inst/out
    SLICE_X102Y68        LUT1 (Prop_lut1_I0_O)        0.045     0.049 f  i_axi_dwidth_converter_dm_slave/inst/gen_downsizer.gen_simple_downsizer.axi_downsizer_inst/USE_WRITE.write_addr_inst/USE_B_CHANNEL.cmd_b_queue/inst/S_AXI_AREADY_I_i_1/O
                         net (fo=165, routed)         0.542     0.592    i_axi_dwidth_converter_dm_slave/inst/gen_downsizer.gen_simple_downsizer.axi_downsizer_inst/USE_WRITE.write_addr_inst/USE_B_CHANNEL.cmd_b_queue/inst/fifo_gen_inst/inst_fifo_gen/gconvfifo.rf/grf.rf/rstblk/ngwrdrst.grst.g7serrst.gnsckt_wrst.rst_wr_reg2_inst/src_arst
    SLICE_X102Y73        FDPE                                         f  i_axi_dwidth_converter_dm_slave/inst/gen_downsizer.gen_simple_downsizer.axi_downsizer_inst/USE_WRITE.write_addr_inst/USE_B_CHANNEL.cmd_b_queue/inst/fifo_gen_inst/inst_fifo_gen/gconvfifo.rf/grf.rf/rstblk/ngwrdrst.grst.g7serrst.gnsckt_wrst.rst_wr_reg2_inst/arststages_ff_reg[1]/PRE
  -------------------------------------------------------------------    -------------------

                         (clock clk_out1_xlnx_clk_gen rise edge)
                                                      0.000     0.000 r  
    K17                                               0.000     0.000 r  clk_sys (IN)
                         net (fo=0)                   0.000     0.000    i_xlnx_clk_gen/inst/clk_in1
    K17                  IBUF (Prop_ibuf_I_O)         0.431     0.431 r  i_xlnx_clk_gen/inst/clkin1_ibufg/O
                         net (fo=1, routed)           0.480     0.911    i_xlnx_clk_gen/inst/clk_in1_xlnx_clk_gen
    MMCME2_ADV_X1Y2      MMCME2_ADV (Prop_mmcme2_adv_CLKIN1_CLKOUT0)
                                                     -3.407    -2.496 r  i_xlnx_clk_gen/inst/mmcm_adv_inst/CLKOUT0
                         net (fo=1, routed)           0.752    -1.744    i_xlnx_clk_gen/inst/clk_out1_xlnx_clk_gen
    BUFGCTRL_X0Y16       BUFG (Prop_bufg_I_O)         0.029    -1.715 r  i_xlnx_clk_gen/inst/clkout1_buf/O
                         net (fo=15149, routed)       0.863    -0.852    i_axi_dwidth_converter_dm_slave/inst/gen_downsizer.gen_simple_downsizer.axi_downsizer_inst/USE_WRITE.write_addr_inst/USE_B_CHANNEL.cmd_b_queue/inst/fifo_gen_inst/inst_fifo_gen/gconvfifo.rf/grf.rf/rstblk/ngwrdrst.grst.g7serrst.gnsckt_wrst.rst_wr_reg2_inst/dest_clk
    SLICE_X102Y73        FDPE                                         r  i_axi_dwidth_converter_dm_slave/inst/gen_downsizer.gen_simple_downsizer.axi_downsizer_inst/USE_WRITE.write_addr_inst/USE_B_CHANNEL.cmd_b_queue/inst/fifo_gen_inst/inst_fifo_gen/gconvfifo.rf/grf.rf/rstblk/ngwrdrst.grst.g7serrst.gnsckt_wrst.rst_wr_reg2_inst/arststages_ff_reg[1]/C

Slack:                    inf
  Source:                 i_rstgen_main/i_rstgen_bypass/synch_regs_q_reg[3]/C
                            (rising edge-triggered cell FDCE clocked by clk_out1_xlnx_clk_gen  {rise@0.000ns fall@10.000ns period=20.000ns})
  Destination:            i_axi_dwidth_converter_dm_slave/inst/gen_downsizer.gen_simple_downsizer.axi_downsizer_inst/USE_READ.read_addr_inst/cmd_queue/inst/fifo_gen_inst/inst_fifo_gen/gconvfifo.rf/grf.rf/rstblk/ngwrdrst.grst.g7serrst.gnsckt_wrst.rst_wr_reg2_inst/arststages_ff_reg[0]/PRE
                            (removal check against rising-edge clock clk_out1_xlnx_clk_gen  {rise@0.000ns fall@10.000ns period=20.000ns})
  Path Group:             (none)
  Path Type:              Removal (Min at Fast Process Corner)
  Data Path Delay:        2.038ns  (logic 0.209ns (10.256%)  route 1.829ns (89.744%))
  Logic Levels:           1  (LUT1=1)
  Clock Path Skew:        -0.224ns (DCD - SCD - CPR)
    Destination Clock Delay (DCD):    -0.837ns
    Source Clock Delay      (SCD):    -0.614ns
    Clock Pessimism Removal (CPR):    -0.000ns
  Clock Uncertainty:      0.079ns  ((TSJ^2 + DJ^2)^1/2) / 2 + PE
    Total System Jitter     (TSJ):    0.071ns
    Discrete Jitter          (DJ):    0.142ns
    Phase Error              (PE):    0.000ns
  Timing Exception:       False Path

    Location             Delay type                Incr(ns)  Path(ns)    Netlist Resource(s)
  -------------------------------------------------------------------    -------------------
                         (clock clk_out1_xlnx_clk_gen rise edge)
                                                      0.000     0.000 r  
    K17                                               0.000     0.000 r  clk_sys (IN)
                         net (fo=0)                   0.000     0.000    i_xlnx_clk_gen/inst/clk_in1
    K17                  IBUF (Prop_ibuf_I_O)         0.243     0.243 r  i_xlnx_clk_gen/inst/clkin1_ibufg/O
                         net (fo=1, routed)           0.440     0.683    i_xlnx_clk_gen/inst/clk_in1_xlnx_clk_gen
    MMCME2_ADV_X1Y2      MMCME2_ADV (Prop_mmcme2_adv_CLKIN1_CLKOUT0)
                                                     -2.613    -1.930 r  i_xlnx_clk_gen/inst/mmcm_adv_inst/CLKOUT0
                         net (fo=1, routed)           0.696    -1.233    i_xlnx_clk_gen/inst/clk_out1_xlnx_clk_gen
    BUFGCTRL_X0Y16       BUFG (Prop_bufg_I_O)         0.026    -1.207 r  i_xlnx_clk_gen/inst/clkout1_buf/O
                         net (fo=15149, routed)       0.594    -0.614    i_rstgen_main/i_rstgen_bypass/clk_out1
    SLICE_X92Y73         FDCE                                         r  i_rstgen_main/i_rstgen_bypass/synch_regs_q_reg[3]/C
  -------------------------------------------------------------------    -------------------
    SLICE_X92Y73         FDCE (Prop_fdce_C_Q)         0.164    -0.450 r  i_rstgen_main/i_rstgen_bypass/synch_regs_q_reg[3]/Q
                         net (fo=19, routed)          0.454     0.004    i_axi_dwidth_converter_dm_slave/inst/gen_downsizer.gen_simple_downsizer.axi_downsizer_inst/USE_WRITE.write_addr_inst/USE_B_CHANNEL.cmd_b_queue/inst/out
    SLICE_X102Y68        LUT1 (Prop_lut1_I0_O)        0.045     0.049 f  i_axi_dwidth_converter_dm_slave/inst/gen_downsizer.gen_simple_downsizer.axi_downsizer_inst/USE_WRITE.write_addr_inst/USE_B_CHANNEL.cmd_b_queue/inst/S_AXI_AREADY_I_i_1/O
                         net (fo=165, routed)         1.375     1.424    i_axi_dwidth_converter_dm_slave/inst/gen_downsizer.gen_simple_downsizer.axi_downsizer_inst/USE_READ.read_addr_inst/cmd_queue/inst/fifo_gen_inst/inst_fifo_gen/gconvfifo.rf/grf.rf/rstblk/ngwrdrst.grst.g7serrst.gnsckt_wrst.rst_wr_reg2_inst/src_arst
    SLICE_X101Y56        FDPE                                         f  i_axi_dwidth_converter_dm_slave/inst/gen_downsizer.gen_simple_downsizer.axi_downsizer_inst/USE_READ.read_addr_inst/cmd_queue/inst/fifo_gen_inst/inst_fifo_gen/gconvfifo.rf/grf.rf/rstblk/ngwrdrst.grst.g7serrst.gnsckt_wrst.rst_wr_reg2_inst/arststages_ff_reg[0]/PRE
  -------------------------------------------------------------------    -------------------

                         (clock clk_out1_xlnx_clk_gen rise edge)
                                                      0.000     0.000 r  
    K17                                               0.000     0.000 r  clk_sys (IN)
                         net (fo=0)                   0.000     0.000    i_xlnx_clk_gen/inst/clk_in1
    K17                  IBUF (Prop_ibuf_I_O)         0.431     0.431 r  i_xlnx_clk_gen/inst/clkin1_ibufg/O
                         net (fo=1, routed)           0.480     0.911    i_xlnx_clk_gen/inst/clk_in1_xlnx_clk_gen
    MMCME2_ADV_X1Y2      MMCME2_ADV (Prop_mmcme2_adv_CLKIN1_CLKOUT0)
                                                     -3.407    -2.496 r  i_xlnx_clk_gen/inst/mmcm_adv_inst/CLKOUT0
                         net (fo=1, routed)           0.752    -1.744    i_xlnx_clk_gen/inst/clk_out1_xlnx_clk_gen
    BUFGCTRL_X0Y16       BUFG (Prop_bufg_I_O)         0.029    -1.715 r  i_xlnx_clk_gen/inst/clkout1_buf/O
                         net (fo=15149, routed)       0.878    -0.837    i_axi_dwidth_converter_dm_slave/inst/gen_downsizer.gen_simple_downsizer.axi_downsizer_inst/USE_READ.read_addr_inst/cmd_queue/inst/fifo_gen_inst/inst_fifo_gen/gconvfifo.rf/grf.rf/rstblk/ngwrdrst.grst.g7serrst.gnsckt_wrst.rst_wr_reg2_inst/dest_clk
    SLICE_X101Y56        FDPE                                         r  i_axi_dwidth_converter_dm_slave/inst/gen_downsizer.gen_simple_downsizer.axi_downsizer_inst/USE_READ.read_addr_inst/cmd_queue/inst/fifo_gen_inst/inst_fifo_gen/gconvfifo.rf/grf.rf/rstblk/ngwrdrst.grst.g7serrst.gnsckt_wrst.rst_wr_reg2_inst/arststages_ff_reg[0]/C

Slack:                    inf
  Source:                 i_rstgen_main/i_rstgen_bypass/synch_regs_q_reg[3]/C
                            (rising edge-triggered cell FDCE clocked by clk_out1_xlnx_clk_gen  {rise@0.000ns fall@10.000ns period=20.000ns})
  Destination:            i_axi_dwidth_converter_dm_slave/inst/gen_downsizer.gen_simple_downsizer.axi_downsizer_inst/USE_READ.read_addr_inst/cmd_queue/inst/fifo_gen_inst/inst_fifo_gen/gconvfifo.rf/grf.rf/rstblk/ngwrdrst.grst.g7serrst.gnsckt_wrst.rst_wr_reg2_inst/arststages_ff_reg[1]/PRE
                            (removal check against rising-edge clock clk_out1_xlnx_clk_gen  {rise@0.000ns fall@10.000ns period=20.000ns})
  Path Group:             (none)
  Path Type:              Removal (Min at Fast Process Corner)
  Data Path Delay:        2.038ns  (logic 0.209ns (10.256%)  route 1.829ns (89.744%))
  Logic Levels:           1  (LUT1=1)
  Clock Path Skew:        -0.224ns (DCD - SCD - CPR)
    Destination Clock Delay (DCD):    -0.837ns
    Source Clock Delay      (SCD):    -0.614ns
    Clock Pessimism Removal (CPR):    -0.000ns
  Clock Uncertainty:      0.079ns  ((TSJ^2 + DJ^2)^1/2) / 2 + PE
    Total System Jitter     (TSJ):    0.071ns
    Discrete Jitter          (DJ):    0.142ns
    Phase Error              (PE):    0.000ns
  Timing Exception:       False Path

    Location             Delay type                Incr(ns)  Path(ns)    Netlist Resource(s)
  -------------------------------------------------------------------    -------------------
                         (clock clk_out1_xlnx_clk_gen rise edge)
                                                      0.000     0.000 r  
    K17                                               0.000     0.000 r  clk_sys (IN)
                         net (fo=0)                   0.000     0.000    i_xlnx_clk_gen/inst/clk_in1
    K17                  IBUF (Prop_ibuf_I_O)         0.243     0.243 r  i_xlnx_clk_gen/inst/clkin1_ibufg/O
                         net (fo=1, routed)           0.440     0.683    i_xlnx_clk_gen/inst/clk_in1_xlnx_clk_gen
    MMCME2_ADV_X1Y2      MMCME2_ADV (Prop_mmcme2_adv_CLKIN1_CLKOUT0)
                                                     -2.613    -1.930 r  i_xlnx_clk_gen/inst/mmcm_adv_inst/CLKOUT0
                         net (fo=1, routed)           0.696    -1.233    i_xlnx_clk_gen/inst/clk_out1_xlnx_clk_gen
    BUFGCTRL_X0Y16       BUFG (Prop_bufg_I_O)         0.026    -1.207 r  i_xlnx_clk_gen/inst/clkout1_buf/O
                         net (fo=15149, routed)       0.594    -0.614    i_rstgen_main/i_rstgen_bypass/clk_out1
    SLICE_X92Y73         FDCE                                         r  i_rstgen_main/i_rstgen_bypass/synch_regs_q_reg[3]/C
  -------------------------------------------------------------------    -------------------
    SLICE_X92Y73         FDCE (Prop_fdce_C_Q)         0.164    -0.450 r  i_rstgen_main/i_rstgen_bypass/synch_regs_q_reg[3]/Q
                         net (fo=19, routed)          0.454     0.004    i_axi_dwidth_converter_dm_slave/inst/gen_downsizer.gen_simple_downsizer.axi_downsizer_inst/USE_WRITE.write_addr_inst/USE_B_CHANNEL.cmd_b_queue/inst/out
    SLICE_X102Y68        LUT1 (Prop_lut1_I0_O)        0.045     0.049 f  i_axi_dwidth_converter_dm_slave/inst/gen_downsizer.gen_simple_downsizer.axi_downsizer_inst/USE_WRITE.write_addr_inst/USE_B_CHANNEL.cmd_b_queue/inst/S_AXI_AREADY_I_i_1/O
                         net (fo=165, routed)         1.375     1.424    i_axi_dwidth_converter_dm_slave/inst/gen_downsizer.gen_simple_downsizer.axi_downsizer_inst/USE_READ.read_addr_inst/cmd_queue/inst/fifo_gen_inst/inst_fifo_gen/gconvfifo.rf/grf.rf/rstblk/ngwrdrst.grst.g7serrst.gnsckt_wrst.rst_wr_reg2_inst/src_arst
    SLICE_X101Y56        FDPE                                         f  i_axi_dwidth_converter_dm_slave/inst/gen_downsizer.gen_simple_downsizer.axi_downsizer_inst/USE_READ.read_addr_inst/cmd_queue/inst/fifo_gen_inst/inst_fifo_gen/gconvfifo.rf/grf.rf/rstblk/ngwrdrst.grst.g7serrst.gnsckt_wrst.rst_wr_reg2_inst/arststages_ff_reg[1]/PRE
  -------------------------------------------------------------------    -------------------

                         (clock clk_out1_xlnx_clk_gen rise edge)
                                                      0.000     0.000 r  
    K17                                               0.000     0.000 r  clk_sys (IN)
                         net (fo=0)                   0.000     0.000    i_xlnx_clk_gen/inst/clk_in1
    K17                  IBUF (Prop_ibuf_I_O)         0.431     0.431 r  i_xlnx_clk_gen/inst/clkin1_ibufg/O
                         net (fo=1, routed)           0.480     0.911    i_xlnx_clk_gen/inst/clk_in1_xlnx_clk_gen
    MMCME2_ADV_X1Y2      MMCME2_ADV (Prop_mmcme2_adv_CLKIN1_CLKOUT0)
                                                     -3.407    -2.496 r  i_xlnx_clk_gen/inst/mmcm_adv_inst/CLKOUT0
                         net (fo=1, routed)           0.752    -1.744    i_xlnx_clk_gen/inst/clk_out1_xlnx_clk_gen
    BUFGCTRL_X0Y16       BUFG (Prop_bufg_I_O)         0.029    -1.715 r  i_xlnx_clk_gen/inst/clkout1_buf/O
                         net (fo=15149, routed)       0.878    -0.837    i_axi_dwidth_converter_dm_slave/inst/gen_downsizer.gen_simple_downsizer.axi_downsizer_inst/USE_READ.read_addr_inst/cmd_queue/inst/fifo_gen_inst/inst_fifo_gen/gconvfifo.rf/grf.rf/rstblk/ngwrdrst.grst.g7serrst.gnsckt_wrst.rst_wr_reg2_inst/dest_clk
    SLICE_X101Y56        FDPE                                         r  i_axi_dwidth_converter_dm_slave/inst/gen_downsizer.gen_simple_downsizer.axi_downsizer_inst/USE_READ.read_addr_inst/cmd_queue/inst/fifo_gen_inst/inst_fifo_gen/gconvfifo.rf/grf.rf/rstblk/ngwrdrst.grst.g7serrst.gnsckt_wrst.rst_wr_reg2_inst/arststages_ff_reg[1]/C





--------------------------------------------------------------------------------------
Path Group:  (none)
From Clock:  
  To Clock:  tck

Max Delay           258 Endpoints
Min Delay           258 Endpoints
--------------------------------------------------------------------------------------


Max Delay Paths
--------------------------------------------------------------------------------------
Slack:                    inf
  Source:                 trst_n
                            (input port)
  Destination:            i_dmi_jtag/i_dmi_cdc/i_cdc_resp/i_dst/data_dst_q_reg[data][18]/CLR
                            (recovery check against rising-edge clock tck  {rise@0.000ns fall@50.000ns period=100.000ns})
  Path Group:             (none)
  Path Type:              Recovery (Max at Slow Process Corner)
  Data Path Delay:        7.058ns  (logic 1.694ns (24.004%)  route 5.364ns (75.996%))
  Logic Levels:           2  (IBUF=1 LUT1=1)
  Clock Path Skew:        6.244ns (DCD - SCD + CPR)
    Destination Clock Delay (DCD):    6.244ns
    Source Clock Delay      (SCD):    0.000ns
    Clock Pessimism Removal (CPR):    0.000ns
  Clock Uncertainty:      0.501ns  ((TSJ^2 + TIJ^2)^1/2 + DJ) / 2 + PE
    Total System Jitter     (TSJ):    0.050ns
    Total Input Jitter      (TIJ):    1.000ns
    Discrete Jitter          (DJ):    0.000ns
    Phase Error              (PE):    0.000ns
  Timing Exception:       False Path

    Location             Delay type                Incr(ns)  Path(ns)    Netlist Resource(s)
  -------------------------------------------------------------------    -------------------
    V13                                               0.000     0.000 r  trst_n (IN)
                         net (fo=0)                   0.000     0.000    trst_n
    V13                  IBUF (Prop_ibuf_I_O)         1.570     1.570 r  trst_n_IBUF_inst/O
                         net (fo=1, routed)           1.135     2.705    i_dmi_jtag/i_dmi_jtag_tap/trst_n_IBUF
    SLICE_X111Y93        LUT1 (Prop_lut1_I0_O)        0.124     2.829 f  i_dmi_jtag/i_dmi_jtag_tap/FSM_onehot_tap_state_q[15]_i_2/O
                         net (fo=258, routed)         4.229     7.058    i_dmi_jtag/i_dmi_cdc/i_cdc_resp/i_dst/data_dst_q_reg[resp][0]_0
    SLICE_X93Y86         FDCE                                         f  i_dmi_jtag/i_dmi_cdc/i_cdc_resp/i_dst/data_dst_q_reg[data][18]/CLR
  -------------------------------------------------------------------    -------------------

                         (clock tck rise edge)        0.000     0.000 r  
    H15                                               0.000     0.000 r  tck (IN)
                         net (fo=0)                   0.000     0.000    tck
    H15                  IBUF (Prop_ibuf_I_O)         1.430     1.430 r  tck_IBUF_inst/O
                         net (fo=1, routed)           3.120     4.550    tck_IBUF
    BUFGCTRL_X0Y0        BUFG (Prop_bufg_I_O)         0.091     4.641 r  tck_IBUF_BUFG_inst/O
                         net (fo=258, routed)         1.604     6.244    i_dmi_jtag/i_dmi_cdc/i_cdc_resp/i_dst/CLK
    SLICE_X93Y86         FDCE                                         r  i_dmi_jtag/i_dmi_cdc/i_cdc_resp/i_dst/data_dst_q_reg[data][18]/C

Slack:                    inf
  Source:                 trst_n
                            (input port)
  Destination:            i_dmi_jtag/i_dmi_cdc/i_cdc_resp/i_dst/data_dst_q_reg[data][19]/CLR
                            (recovery check against rising-edge clock tck  {rise@0.000ns fall@50.000ns period=100.000ns})
  Path Group:             (none)
  Path Type:              Recovery (Max at Slow Process Corner)
  Data Path Delay:        7.058ns  (logic 1.694ns (24.004%)  route 5.364ns (75.996%))
  Logic Levels:           2  (IBUF=1 LUT1=1)
  Clock Path Skew:        6.244ns (DCD - SCD + CPR)
    Destination Clock Delay (DCD):    6.244ns
    Source Clock Delay      (SCD):    0.000ns
    Clock Pessimism Removal (CPR):    0.000ns
  Clock Uncertainty:      0.501ns  ((TSJ^2 + TIJ^2)^1/2 + DJ) / 2 + PE
    Total System Jitter     (TSJ):    0.050ns
    Total Input Jitter      (TIJ):    1.000ns
    Discrete Jitter          (DJ):    0.000ns
    Phase Error              (PE):    0.000ns
  Timing Exception:       False Path

    Location             Delay type                Incr(ns)  Path(ns)    Netlist Resource(s)
  -------------------------------------------------------------------    -------------------
    V13                                               0.000     0.000 r  trst_n (IN)
                         net (fo=0)                   0.000     0.000    trst_n
    V13                  IBUF (Prop_ibuf_I_O)         1.570     1.570 r  trst_n_IBUF_inst/O
                         net (fo=1, routed)           1.135     2.705    i_dmi_jtag/i_dmi_jtag_tap/trst_n_IBUF
    SLICE_X111Y93        LUT1 (Prop_lut1_I0_O)        0.124     2.829 f  i_dmi_jtag/i_dmi_jtag_tap/FSM_onehot_tap_state_q[15]_i_2/O
                         net (fo=258, routed)         4.229     7.058    i_dmi_jtag/i_dmi_cdc/i_cdc_resp/i_dst/data_dst_q_reg[resp][0]_0
    SLICE_X93Y86         FDCE                                         f  i_dmi_jtag/i_dmi_cdc/i_cdc_resp/i_dst/data_dst_q_reg[data][19]/CLR
  -------------------------------------------------------------------    -------------------

                         (clock tck rise edge)        0.000     0.000 r  
    H15                                               0.000     0.000 r  tck (IN)
                         net (fo=0)                   0.000     0.000    tck
    H15                  IBUF (Prop_ibuf_I_O)         1.430     1.430 r  tck_IBUF_inst/O
                         net (fo=1, routed)           3.120     4.550    tck_IBUF
    BUFGCTRL_X0Y0        BUFG (Prop_bufg_I_O)         0.091     4.641 r  tck_IBUF_BUFG_inst/O
                         net (fo=258, routed)         1.604     6.244    i_dmi_jtag/i_dmi_cdc/i_cdc_resp/i_dst/CLK
    SLICE_X93Y86         FDCE                                         r  i_dmi_jtag/i_dmi_cdc/i_cdc_resp/i_dst/data_dst_q_reg[data][19]/C

Slack:                    inf
  Source:                 trst_n
                            (input port)
  Destination:            i_dmi_jtag/i_dmi_cdc/i_cdc_resp/i_dst/data_dst_q_reg[data][20]/CLR
                            (recovery check against rising-edge clock tck  {rise@0.000ns fall@50.000ns period=100.000ns})
  Path Group:             (none)
  Path Type:              Recovery (Max at Slow Process Corner)
  Data Path Delay:        7.058ns  (logic 1.694ns (24.004%)  route 5.364ns (75.996%))
  Logic Levels:           2  (IBUF=1 LUT1=1)
  Clock Path Skew:        6.244ns (DCD - SCD + CPR)
    Destination Clock Delay (DCD):    6.244ns
    Source Clock Delay      (SCD):    0.000ns
    Clock Pessimism Removal (CPR):    0.000ns
  Clock Uncertainty:      0.501ns  ((TSJ^2 + TIJ^2)^1/2 + DJ) / 2 + PE
    Total System Jitter     (TSJ):    0.050ns
    Total Input Jitter      (TIJ):    1.000ns
    Discrete Jitter          (DJ):    0.000ns
    Phase Error              (PE):    0.000ns
  Timing Exception:       False Path

    Location             Delay type                Incr(ns)  Path(ns)    Netlist Resource(s)
  -------------------------------------------------------------------    -------------------
    V13                                               0.000     0.000 r  trst_n (IN)
                         net (fo=0)                   0.000     0.000    trst_n
    V13                  IBUF (Prop_ibuf_I_O)         1.570     1.570 r  trst_n_IBUF_inst/O
                         net (fo=1, routed)           1.135     2.705    i_dmi_jtag/i_dmi_jtag_tap/trst_n_IBUF
    SLICE_X111Y93        LUT1 (Prop_lut1_I0_O)        0.124     2.829 f  i_dmi_jtag/i_dmi_jtag_tap/FSM_onehot_tap_state_q[15]_i_2/O
                         net (fo=258, routed)         4.229     7.058    i_dmi_jtag/i_dmi_cdc/i_cdc_resp/i_dst/data_dst_q_reg[resp][0]_0
    SLICE_X93Y86         FDCE                                         f  i_dmi_jtag/i_dmi_cdc/i_cdc_resp/i_dst/data_dst_q_reg[data][20]/CLR
  -------------------------------------------------------------------    -------------------

                         (clock tck rise edge)        0.000     0.000 r  
    H15                                               0.000     0.000 r  tck (IN)
                         net (fo=0)                   0.000     0.000    tck
    H15                  IBUF (Prop_ibuf_I_O)         1.430     1.430 r  tck_IBUF_inst/O
                         net (fo=1, routed)           3.120     4.550    tck_IBUF
    BUFGCTRL_X0Y0        BUFG (Prop_bufg_I_O)         0.091     4.641 r  tck_IBUF_BUFG_inst/O
                         net (fo=258, routed)         1.604     6.244    i_dmi_jtag/i_dmi_cdc/i_cdc_resp/i_dst/CLK
    SLICE_X93Y86         FDCE                                         r  i_dmi_jtag/i_dmi_cdc/i_cdc_resp/i_dst/data_dst_q_reg[data][20]/C

Slack:                    inf
  Source:                 trst_n
                            (input port)
  Destination:            i_dmi_jtag/i_dmi_cdc/i_cdc_resp/i_dst/data_dst_q_reg[data][21]/CLR
                            (recovery check against rising-edge clock tck  {rise@0.000ns fall@50.000ns period=100.000ns})
  Path Group:             (none)
  Path Type:              Recovery (Max at Slow Process Corner)
  Data Path Delay:        7.058ns  (logic 1.694ns (24.004%)  route 5.364ns (75.996%))
  Logic Levels:           2  (IBUF=1 LUT1=1)
  Clock Path Skew:        6.244ns (DCD - SCD + CPR)
    Destination Clock Delay (DCD):    6.244ns
    Source Clock Delay      (SCD):    0.000ns
    Clock Pessimism Removal (CPR):    0.000ns
  Clock Uncertainty:      0.501ns  ((TSJ^2 + TIJ^2)^1/2 + DJ) / 2 + PE
    Total System Jitter     (TSJ):    0.050ns
    Total Input Jitter      (TIJ):    1.000ns
    Discrete Jitter          (DJ):    0.000ns
    Phase Error              (PE):    0.000ns
  Timing Exception:       False Path

    Location             Delay type                Incr(ns)  Path(ns)    Netlist Resource(s)
  -------------------------------------------------------------------    -------------------
    V13                                               0.000     0.000 r  trst_n (IN)
                         net (fo=0)                   0.000     0.000    trst_n
    V13                  IBUF (Prop_ibuf_I_O)         1.570     1.570 r  trst_n_IBUF_inst/O
                         net (fo=1, routed)           1.135     2.705    i_dmi_jtag/i_dmi_jtag_tap/trst_n_IBUF
    SLICE_X111Y93        LUT1 (Prop_lut1_I0_O)        0.124     2.829 f  i_dmi_jtag/i_dmi_jtag_tap/FSM_onehot_tap_state_q[15]_i_2/O
                         net (fo=258, routed)         4.229     7.058    i_dmi_jtag/i_dmi_cdc/i_cdc_resp/i_dst/data_dst_q_reg[resp][0]_0
    SLICE_X93Y86         FDCE                                         f  i_dmi_jtag/i_dmi_cdc/i_cdc_resp/i_dst/data_dst_q_reg[data][21]/CLR
  -------------------------------------------------------------------    -------------------

                         (clock tck rise edge)        0.000     0.000 r  
    H15                                               0.000     0.000 r  tck (IN)
                         net (fo=0)                   0.000     0.000    tck
    H15                  IBUF (Prop_ibuf_I_O)         1.430     1.430 r  tck_IBUF_inst/O
                         net (fo=1, routed)           3.120     4.550    tck_IBUF
    BUFGCTRL_X0Y0        BUFG (Prop_bufg_I_O)         0.091     4.641 r  tck_IBUF_BUFG_inst/O
                         net (fo=258, routed)         1.604     6.244    i_dmi_jtag/i_dmi_cdc/i_cdc_resp/i_dst/CLK
    SLICE_X93Y86         FDCE                                         r  i_dmi_jtag/i_dmi_cdc/i_cdc_resp/i_dst/data_dst_q_reg[data][21]/C

Slack:                    inf
  Source:                 trst_n
                            (input port)
  Destination:            i_dmi_jtag/i_dmi_cdc/i_cdc_resp/i_dst/data_dst_q_reg[data][22]/CLR
                            (recovery check against rising-edge clock tck  {rise@0.000ns fall@50.000ns period=100.000ns})
  Path Group:             (none)
  Path Type:              Recovery (Max at Slow Process Corner)
  Data Path Delay:        7.058ns  (logic 1.694ns (24.004%)  route 5.364ns (75.996%))
  Logic Levels:           2  (IBUF=1 LUT1=1)
  Clock Path Skew:        6.244ns (DCD - SCD + CPR)
    Destination Clock Delay (DCD):    6.244ns
    Source Clock Delay      (SCD):    0.000ns
    Clock Pessimism Removal (CPR):    0.000ns
  Clock Uncertainty:      0.501ns  ((TSJ^2 + TIJ^2)^1/2 + DJ) / 2 + PE
    Total System Jitter     (TSJ):    0.050ns
    Total Input Jitter      (TIJ):    1.000ns
    Discrete Jitter          (DJ):    0.000ns
    Phase Error              (PE):    0.000ns
  Timing Exception:       False Path

    Location             Delay type                Incr(ns)  Path(ns)    Netlist Resource(s)
  -------------------------------------------------------------------    -------------------
    V13                                               0.000     0.000 r  trst_n (IN)
                         net (fo=0)                   0.000     0.000    trst_n
    V13                  IBUF (Prop_ibuf_I_O)         1.570     1.570 r  trst_n_IBUF_inst/O
                         net (fo=1, routed)           1.135     2.705    i_dmi_jtag/i_dmi_jtag_tap/trst_n_IBUF
    SLICE_X111Y93        LUT1 (Prop_lut1_I0_O)        0.124     2.829 f  i_dmi_jtag/i_dmi_jtag_tap/FSM_onehot_tap_state_q[15]_i_2/O
                         net (fo=258, routed)         4.229     7.058    i_dmi_jtag/i_dmi_cdc/i_cdc_resp/i_dst/data_dst_q_reg[resp][0]_0
    SLICE_X93Y86         FDCE                                         f  i_dmi_jtag/i_dmi_cdc/i_cdc_resp/i_dst/data_dst_q_reg[data][22]/CLR
  -------------------------------------------------------------------    -------------------

                         (clock tck rise edge)        0.000     0.000 r  
    H15                                               0.000     0.000 r  tck (IN)
                         net (fo=0)                   0.000     0.000    tck
    H15                  IBUF (Prop_ibuf_I_O)         1.430     1.430 r  tck_IBUF_inst/O
                         net (fo=1, routed)           3.120     4.550    tck_IBUF
    BUFGCTRL_X0Y0        BUFG (Prop_bufg_I_O)         0.091     4.641 r  tck_IBUF_BUFG_inst/O
                         net (fo=258, routed)         1.604     6.244    i_dmi_jtag/i_dmi_cdc/i_cdc_resp/i_dst/CLK
    SLICE_X93Y86         FDCE                                         r  i_dmi_jtag/i_dmi_cdc/i_cdc_resp/i_dst/data_dst_q_reg[data][22]/C

Slack:                    inf
  Source:                 trst_n
                            (input port)
  Destination:            i_dmi_jtag/i_dmi_cdc/i_cdc_resp/i_dst/data_dst_q_reg[data][23]/CLR
                            (recovery check against rising-edge clock tck  {rise@0.000ns fall@50.000ns period=100.000ns})
  Path Group:             (none)
  Path Type:              Recovery (Max at Slow Process Corner)
  Data Path Delay:        7.058ns  (logic 1.694ns (24.004%)  route 5.364ns (75.996%))
  Logic Levels:           2  (IBUF=1 LUT1=1)
  Clock Path Skew:        6.244ns (DCD - SCD + CPR)
    Destination Clock Delay (DCD):    6.244ns
    Source Clock Delay      (SCD):    0.000ns
    Clock Pessimism Removal (CPR):    0.000ns
  Clock Uncertainty:      0.501ns  ((TSJ^2 + TIJ^2)^1/2 + DJ) / 2 + PE
    Total System Jitter     (TSJ):    0.050ns
    Total Input Jitter      (TIJ):    1.000ns
    Discrete Jitter          (DJ):    0.000ns
    Phase Error              (PE):    0.000ns
  Timing Exception:       False Path

    Location             Delay type                Incr(ns)  Path(ns)    Netlist Resource(s)
  -------------------------------------------------------------------    -------------------
    V13                                               0.000     0.000 r  trst_n (IN)
                         net (fo=0)                   0.000     0.000    trst_n
    V13                  IBUF (Prop_ibuf_I_O)         1.570     1.570 r  trst_n_IBUF_inst/O
                         net (fo=1, routed)           1.135     2.705    i_dmi_jtag/i_dmi_jtag_tap/trst_n_IBUF
    SLICE_X111Y93        LUT1 (Prop_lut1_I0_O)        0.124     2.829 f  i_dmi_jtag/i_dmi_jtag_tap/FSM_onehot_tap_state_q[15]_i_2/O
                         net (fo=258, routed)         4.229     7.058    i_dmi_jtag/i_dmi_cdc/i_cdc_resp/i_dst/data_dst_q_reg[resp][0]_0
    SLICE_X93Y86         FDCE                                         f  i_dmi_jtag/i_dmi_cdc/i_cdc_resp/i_dst/data_dst_q_reg[data][23]/CLR
  -------------------------------------------------------------------    -------------------

                         (clock tck rise edge)        0.000     0.000 r  
    H15                                               0.000     0.000 r  tck (IN)
                         net (fo=0)                   0.000     0.000    tck
    H15                  IBUF (Prop_ibuf_I_O)         1.430     1.430 r  tck_IBUF_inst/O
                         net (fo=1, routed)           3.120     4.550    tck_IBUF
    BUFGCTRL_X0Y0        BUFG (Prop_bufg_I_O)         0.091     4.641 r  tck_IBUF_BUFG_inst/O
                         net (fo=258, routed)         1.604     6.244    i_dmi_jtag/i_dmi_cdc/i_cdc_resp/i_dst/CLK
    SLICE_X93Y86         FDCE                                         r  i_dmi_jtag/i_dmi_cdc/i_cdc_resp/i_dst/data_dst_q_reg[data][23]/C

Slack:                    inf
  Source:                 trst_n
                            (input port)
  Destination:            i_dmi_jtag/i_dmi_cdc/i_cdc_resp/i_dst/data_dst_q_reg[data][24]/CLR
                            (recovery check against rising-edge clock tck  {rise@0.000ns fall@50.000ns period=100.000ns})
  Path Group:             (none)
  Path Type:              Recovery (Max at Slow Process Corner)
  Data Path Delay:        6.767ns  (logic 1.694ns (25.034%)  route 5.073ns (74.966%))
  Logic Levels:           2  (IBUF=1 LUT1=1)
  Clock Path Skew:        6.244ns (DCD - SCD + CPR)
    Destination Clock Delay (DCD):    6.244ns
    Source Clock Delay      (SCD):    0.000ns
    Clock Pessimism Removal (CPR):    0.000ns
  Clock Uncertainty:      0.501ns  ((TSJ^2 + TIJ^2)^1/2 + DJ) / 2 + PE
    Total System Jitter     (TSJ):    0.050ns
    Total Input Jitter      (TIJ):    1.000ns
    Discrete Jitter          (DJ):    0.000ns
    Phase Error              (PE):    0.000ns
  Timing Exception:       False Path

    Location             Delay type                Incr(ns)  Path(ns)    Netlist Resource(s)
  -------------------------------------------------------------------    -------------------
    V13                                               0.000     0.000 r  trst_n (IN)
                         net (fo=0)                   0.000     0.000    trst_n
    V13                  IBUF (Prop_ibuf_I_O)         1.570     1.570 r  trst_n_IBUF_inst/O
                         net (fo=1, routed)           1.135     2.705    i_dmi_jtag/i_dmi_jtag_tap/trst_n_IBUF
    SLICE_X111Y93        LUT1 (Prop_lut1_I0_O)        0.124     2.829 f  i_dmi_jtag/i_dmi_jtag_tap/FSM_onehot_tap_state_q[15]_i_2/O
                         net (fo=258, routed)         3.938     6.767    i_dmi_jtag/i_dmi_cdc/i_cdc_resp/i_dst/data_dst_q_reg[resp][0]_0
    SLICE_X93Y85         FDCE                                         f  i_dmi_jtag/i_dmi_cdc/i_cdc_resp/i_dst/data_dst_q_reg[data][24]/CLR
  -------------------------------------------------------------------    -------------------

                         (clock tck rise edge)        0.000     0.000 r  
    H15                                               0.000     0.000 r  tck (IN)
                         net (fo=0)                   0.000     0.000    tck
    H15                  IBUF (Prop_ibuf_I_O)         1.430     1.430 r  tck_IBUF_inst/O
                         net (fo=1, routed)           3.120     4.550    tck_IBUF
    BUFGCTRL_X0Y0        BUFG (Prop_bufg_I_O)         0.091     4.641 r  tck_IBUF_BUFG_inst/O
                         net (fo=258, routed)         1.604     6.244    i_dmi_jtag/i_dmi_cdc/i_cdc_resp/i_dst/CLK
    SLICE_X93Y85         FDCE                                         r  i_dmi_jtag/i_dmi_cdc/i_cdc_resp/i_dst/data_dst_q_reg[data][24]/C

Slack:                    inf
  Source:                 trst_n
                            (input port)
  Destination:            i_dmi_jtag/i_dmi_cdc/i_cdc_resp/i_dst/data_dst_q_reg[data][25]/CLR
                            (recovery check against rising-edge clock tck  {rise@0.000ns fall@50.000ns period=100.000ns})
  Path Group:             (none)
  Path Type:              Recovery (Max at Slow Process Corner)
  Data Path Delay:        6.767ns  (logic 1.694ns (25.034%)  route 5.073ns (74.966%))
  Logic Levels:           2  (IBUF=1 LUT1=1)
  Clock Path Skew:        6.244ns (DCD - SCD + CPR)
    Destination Clock Delay (DCD):    6.244ns
    Source Clock Delay      (SCD):    0.000ns
    Clock Pessimism Removal (CPR):    0.000ns
  Clock Uncertainty:      0.501ns  ((TSJ^2 + TIJ^2)^1/2 + DJ) / 2 + PE
    Total System Jitter     (TSJ):    0.050ns
    Total Input Jitter      (TIJ):    1.000ns
    Discrete Jitter          (DJ):    0.000ns
    Phase Error              (PE):    0.000ns
  Timing Exception:       False Path

    Location             Delay type                Incr(ns)  Path(ns)    Netlist Resource(s)
  -------------------------------------------------------------------    -------------------
    V13                                               0.000     0.000 r  trst_n (IN)
                         net (fo=0)                   0.000     0.000    trst_n
    V13                  IBUF (Prop_ibuf_I_O)         1.570     1.570 r  trst_n_IBUF_inst/O
                         net (fo=1, routed)           1.135     2.705    i_dmi_jtag/i_dmi_jtag_tap/trst_n_IBUF
    SLICE_X111Y93        LUT1 (Prop_lut1_I0_O)        0.124     2.829 f  i_dmi_jtag/i_dmi_jtag_tap/FSM_onehot_tap_state_q[15]_i_2/O
                         net (fo=258, routed)         3.938     6.767    i_dmi_jtag/i_dmi_cdc/i_cdc_resp/i_dst/data_dst_q_reg[resp][0]_0
    SLICE_X93Y85         FDCE                                         f  i_dmi_jtag/i_dmi_cdc/i_cdc_resp/i_dst/data_dst_q_reg[data][25]/CLR
  -------------------------------------------------------------------    -------------------

                         (clock tck rise edge)        0.000     0.000 r  
    H15                                               0.000     0.000 r  tck (IN)
                         net (fo=0)                   0.000     0.000    tck
    H15                  IBUF (Prop_ibuf_I_O)         1.430     1.430 r  tck_IBUF_inst/O
                         net (fo=1, routed)           3.120     4.550    tck_IBUF
    BUFGCTRL_X0Y0        BUFG (Prop_bufg_I_O)         0.091     4.641 r  tck_IBUF_BUFG_inst/O
                         net (fo=258, routed)         1.604     6.244    i_dmi_jtag/i_dmi_cdc/i_cdc_resp/i_dst/CLK
    SLICE_X93Y85         FDCE                                         r  i_dmi_jtag/i_dmi_cdc/i_cdc_resp/i_dst/data_dst_q_reg[data][25]/C

Slack:                    inf
  Source:                 trst_n
                            (input port)
  Destination:            i_dmi_jtag/i_dmi_cdc/i_cdc_resp/i_dst/data_dst_q_reg[data][26]/CLR
                            (recovery check against rising-edge clock tck  {rise@0.000ns fall@50.000ns period=100.000ns})
  Path Group:             (none)
  Path Type:              Recovery (Max at Slow Process Corner)
  Data Path Delay:        6.767ns  (logic 1.694ns (25.034%)  route 5.073ns (74.966%))
  Logic Levels:           2  (IBUF=1 LUT1=1)
  Clock Path Skew:        6.244ns (DCD - SCD + CPR)
    Destination Clock Delay (DCD):    6.244ns
    Source Clock Delay      (SCD):    0.000ns
    Clock Pessimism Removal (CPR):    0.000ns
  Clock Uncertainty:      0.501ns  ((TSJ^2 + TIJ^2)^1/2 + DJ) / 2 + PE
    Total System Jitter     (TSJ):    0.050ns
    Total Input Jitter      (TIJ):    1.000ns
    Discrete Jitter          (DJ):    0.000ns
    Phase Error              (PE):    0.000ns
  Timing Exception:       False Path

    Location             Delay type                Incr(ns)  Path(ns)    Netlist Resource(s)
  -------------------------------------------------------------------    -------------------
    V13                                               0.000     0.000 r  trst_n (IN)
                         net (fo=0)                   0.000     0.000    trst_n
    V13                  IBUF (Prop_ibuf_I_O)         1.570     1.570 r  trst_n_IBUF_inst/O
                         net (fo=1, routed)           1.135     2.705    i_dmi_jtag/i_dmi_jtag_tap/trst_n_IBUF
    SLICE_X111Y93        LUT1 (Prop_lut1_I0_O)        0.124     2.829 f  i_dmi_jtag/i_dmi_jtag_tap/FSM_onehot_tap_state_q[15]_i_2/O
                         net (fo=258, routed)         3.938     6.767    i_dmi_jtag/i_dmi_cdc/i_cdc_resp/i_dst/data_dst_q_reg[resp][0]_0
    SLICE_X93Y85         FDCE                                         f  i_dmi_jtag/i_dmi_cdc/i_cdc_resp/i_dst/data_dst_q_reg[data][26]/CLR
  -------------------------------------------------------------------    -------------------

                         (clock tck rise edge)        0.000     0.000 r  
    H15                                               0.000     0.000 r  tck (IN)
                         net (fo=0)                   0.000     0.000    tck
    H15                  IBUF (Prop_ibuf_I_O)         1.430     1.430 r  tck_IBUF_inst/O
                         net (fo=1, routed)           3.120     4.550    tck_IBUF
    BUFGCTRL_X0Y0        BUFG (Prop_bufg_I_O)         0.091     4.641 r  tck_IBUF_BUFG_inst/O
                         net (fo=258, routed)         1.604     6.244    i_dmi_jtag/i_dmi_cdc/i_cdc_resp/i_dst/CLK
    SLICE_X93Y85         FDCE                                         r  i_dmi_jtag/i_dmi_cdc/i_cdc_resp/i_dst/data_dst_q_reg[data][26]/C

Slack:                    inf
  Source:                 trst_n
                            (input port)
  Destination:            i_dmi_jtag/i_dmi_cdc/i_cdc_resp/i_dst/data_dst_q_reg[data][27]/CLR
                            (recovery check against rising-edge clock tck  {rise@0.000ns fall@50.000ns period=100.000ns})
  Path Group:             (none)
  Path Type:              Recovery (Max at Slow Process Corner)
  Data Path Delay:        6.767ns  (logic 1.694ns (25.034%)  route 5.073ns (74.966%))
  Logic Levels:           2  (IBUF=1 LUT1=1)
  Clock Path Skew:        6.244ns (DCD - SCD + CPR)
    Destination Clock Delay (DCD):    6.244ns
    Source Clock Delay      (SCD):    0.000ns
    Clock Pessimism Removal (CPR):    0.000ns
  Clock Uncertainty:      0.501ns  ((TSJ^2 + TIJ^2)^1/2 + DJ) / 2 + PE
    Total System Jitter     (TSJ):    0.050ns
    Total Input Jitter      (TIJ):    1.000ns
    Discrete Jitter          (DJ):    0.000ns
    Phase Error              (PE):    0.000ns
  Timing Exception:       False Path

    Location             Delay type                Incr(ns)  Path(ns)    Netlist Resource(s)
  -------------------------------------------------------------------    -------------------
    V13                                               0.000     0.000 r  trst_n (IN)
                         net (fo=0)                   0.000     0.000    trst_n
    V13                  IBUF (Prop_ibuf_I_O)         1.570     1.570 r  trst_n_IBUF_inst/O
                         net (fo=1, routed)           1.135     2.705    i_dmi_jtag/i_dmi_jtag_tap/trst_n_IBUF
    SLICE_X111Y93        LUT1 (Prop_lut1_I0_O)        0.124     2.829 f  i_dmi_jtag/i_dmi_jtag_tap/FSM_onehot_tap_state_q[15]_i_2/O
                         net (fo=258, routed)         3.938     6.767    i_dmi_jtag/i_dmi_cdc/i_cdc_resp/i_dst/data_dst_q_reg[resp][0]_0
    SLICE_X93Y85         FDCE                                         f  i_dmi_jtag/i_dmi_cdc/i_cdc_resp/i_dst/data_dst_q_reg[data][27]/CLR
  -------------------------------------------------------------------    -------------------

                         (clock tck rise edge)        0.000     0.000 r  
    H15                                               0.000     0.000 r  tck (IN)
                         net (fo=0)                   0.000     0.000    tck
    H15                  IBUF (Prop_ibuf_I_O)         1.430     1.430 r  tck_IBUF_inst/O
                         net (fo=1, routed)           3.120     4.550    tck_IBUF
    BUFGCTRL_X0Y0        BUFG (Prop_bufg_I_O)         0.091     4.641 r  tck_IBUF_BUFG_inst/O
                         net (fo=258, routed)         1.604     6.244    i_dmi_jtag/i_dmi_cdc/i_cdc_resp/i_dst/CLK
    SLICE_X93Y85         FDCE                                         r  i_dmi_jtag/i_dmi_cdc/i_cdc_resp/i_dst/data_dst_q_reg[data][27]/C





Min Delay Paths
--------------------------------------------------------------------------------------
Slack:                    inf
  Source:                 trst_n
                            (input port)
  Destination:            i_dmi_jtag/i_dmi_jtag_tap/dtmcs_q_reg[zero1][18]/CLR
                            (removal check against rising-edge clock tck  {rise@0.000ns fall@50.000ns period=100.000ns})
  Path Group:             (none)
  Path Type:              Removal (Min at Fast Process Corner)
  Data Path Delay:        1.110ns  (logic 0.382ns (34.422%)  route 0.728ns (65.578%))
  Logic Levels:           2  (IBUF=1 LUT1=1)
  Clock Path Skew:        3.152ns (DCD - SCD - CPR)
    Destination Clock Delay (DCD):    3.152ns
    Source Clock Delay      (SCD):    0.000ns
    Clock Pessimism Removal (CPR):    -0.000ns
  Timing Exception:       False Path

    Location             Delay type                Incr(ns)  Path(ns)    Netlist Resource(s)
  -------------------------------------------------------------------    -------------------
    V13                                               0.000     0.000 r  trst_n (IN)
                         net (fo=0)                   0.000     0.000    trst_n
    V13                  IBUF (Prop_ibuf_I_O)         0.337     0.337 r  trst_n_IBUF_inst/O
                         net (fo=1, routed)           0.420     0.757    i_dmi_jtag/i_dmi_jtag_tap/trst_n_IBUF
    SLICE_X111Y93        LUT1 (Prop_lut1_I0_O)        0.045     0.802 f  i_dmi_jtag/i_dmi_jtag_tap/FSM_onehot_tap_state_q[15]_i_2/O
                         net (fo=258, routed)         0.308     1.110    i_dmi_jtag/i_dmi_jtag_tap/trst_n
    SLICE_X106Y89        FDCE                                         f  i_dmi_jtag/i_dmi_jtag_tap/dtmcs_q_reg[zero1][18]/CLR
  -------------------------------------------------------------------    -------------------

                         (clock tck rise edge)        0.000     0.000 r  
    H15                                               0.000     0.000 r  tck (IN)
                         net (fo=0)                   0.000     0.000    tck
    H15                  IBUF (Prop_ibuf_I_O)         0.456     0.456 r  tck_IBUF_inst/O
                         net (fo=1, routed)           1.762     2.218    tck_IBUF
    BUFGCTRL_X0Y0        BUFG (Prop_bufg_I_O)         0.029     2.247 r  tck_IBUF_BUFG_inst/O
                         net (fo=258, routed)         0.905     3.152    i_dmi_jtag/i_dmi_jtag_tap/CLK
    SLICE_X106Y89        FDCE                                         r  i_dmi_jtag/i_dmi_jtag_tap/dtmcs_q_reg[zero1][18]/C

Slack:                    inf
  Source:                 trst_n
                            (input port)
  Destination:            i_dmi_jtag/i_dmi_jtag_tap/dtmcs_q_reg[zero1][19]/CLR
                            (removal check against rising-edge clock tck  {rise@0.000ns fall@50.000ns period=100.000ns})
  Path Group:             (none)
  Path Type:              Removal (Min at Fast Process Corner)
  Data Path Delay:        1.110ns  (logic 0.382ns (34.422%)  route 0.728ns (65.578%))
  Logic Levels:           2  (IBUF=1 LUT1=1)
  Clock Path Skew:        3.152ns (DCD - SCD - CPR)
    Destination Clock Delay (DCD):    3.152ns
    Source Clock Delay      (SCD):    0.000ns
    Clock Pessimism Removal (CPR):    -0.000ns
  Timing Exception:       False Path

    Location             Delay type                Incr(ns)  Path(ns)    Netlist Resource(s)
  -------------------------------------------------------------------    -------------------
    V13                                               0.000     0.000 r  trst_n (IN)
                         net (fo=0)                   0.000     0.000    trst_n
    V13                  IBUF (Prop_ibuf_I_O)         0.337     0.337 r  trst_n_IBUF_inst/O
                         net (fo=1, routed)           0.420     0.757    i_dmi_jtag/i_dmi_jtag_tap/trst_n_IBUF
    SLICE_X111Y93        LUT1 (Prop_lut1_I0_O)        0.045     0.802 f  i_dmi_jtag/i_dmi_jtag_tap/FSM_onehot_tap_state_q[15]_i_2/O
                         net (fo=258, routed)         0.308     1.110    i_dmi_jtag/i_dmi_jtag_tap/trst_n
    SLICE_X106Y89        FDCE                                         f  i_dmi_jtag/i_dmi_jtag_tap/dtmcs_q_reg[zero1][19]/CLR
  -------------------------------------------------------------------    -------------------

                         (clock tck rise edge)        0.000     0.000 r  
    H15                                               0.000     0.000 r  tck (IN)
                         net (fo=0)                   0.000     0.000    tck
    H15                  IBUF (Prop_ibuf_I_O)         0.456     0.456 r  tck_IBUF_inst/O
                         net (fo=1, routed)           1.762     2.218    tck_IBUF
    BUFGCTRL_X0Y0        BUFG (Prop_bufg_I_O)         0.029     2.247 r  tck_IBUF_BUFG_inst/O
                         net (fo=258, routed)         0.905     3.152    i_dmi_jtag/i_dmi_jtag_tap/CLK
    SLICE_X106Y89        FDCE                                         r  i_dmi_jtag/i_dmi_jtag_tap/dtmcs_q_reg[zero1][19]/C

Slack:                    inf
  Source:                 trst_n
                            (input port)
  Destination:            i_dmi_jtag/i_dmi_jtag_tap/dtmcs_q_reg[zero1][20]/CLR
                            (removal check against rising-edge clock tck  {rise@0.000ns fall@50.000ns period=100.000ns})
  Path Group:             (none)
  Path Type:              Removal (Min at Fast Process Corner)
  Data Path Delay:        1.110ns  (logic 0.382ns (34.422%)  route 0.728ns (65.578%))
  Logic Levels:           2  (IBUF=1 LUT1=1)
  Clock Path Skew:        3.152ns (DCD - SCD - CPR)
    Destination Clock Delay (DCD):    3.152ns
    Source Clock Delay      (SCD):    0.000ns
    Clock Pessimism Removal (CPR):    -0.000ns
  Timing Exception:       False Path

    Location             Delay type                Incr(ns)  Path(ns)    Netlist Resource(s)
  -------------------------------------------------------------------    -------------------
    V13                                               0.000     0.000 r  trst_n (IN)
                         net (fo=0)                   0.000     0.000    trst_n
    V13                  IBUF (Prop_ibuf_I_O)         0.337     0.337 r  trst_n_IBUF_inst/O
                         net (fo=1, routed)           0.420     0.757    i_dmi_jtag/i_dmi_jtag_tap/trst_n_IBUF
    SLICE_X111Y93        LUT1 (Prop_lut1_I0_O)        0.045     0.802 f  i_dmi_jtag/i_dmi_jtag_tap/FSM_onehot_tap_state_q[15]_i_2/O
                         net (fo=258, routed)         0.308     1.110    i_dmi_jtag/i_dmi_jtag_tap/trst_n
    SLICE_X106Y89        FDCE                                         f  i_dmi_jtag/i_dmi_jtag_tap/dtmcs_q_reg[zero1][20]/CLR
  -------------------------------------------------------------------    -------------------

                         (clock tck rise edge)        0.000     0.000 r  
    H15                                               0.000     0.000 r  tck (IN)
                         net (fo=0)                   0.000     0.000    tck
    H15                  IBUF (Prop_ibuf_I_O)         0.456     0.456 r  tck_IBUF_inst/O
                         net (fo=1, routed)           1.762     2.218    tck_IBUF
    BUFGCTRL_X0Y0        BUFG (Prop_bufg_I_O)         0.029     2.247 r  tck_IBUF_BUFG_inst/O
                         net (fo=258, routed)         0.905     3.152    i_dmi_jtag/i_dmi_jtag_tap/CLK
    SLICE_X106Y89        FDCE                                         r  i_dmi_jtag/i_dmi_jtag_tap/dtmcs_q_reg[zero1][20]/C

Slack:                    inf
  Source:                 trst_n
                            (input port)
  Destination:            i_dmi_jtag/i_dmi_jtag_tap/dtmcs_q_reg[zero1][21]/CLR
                            (removal check against rising-edge clock tck  {rise@0.000ns fall@50.000ns period=100.000ns})
  Path Group:             (none)
  Path Type:              Removal (Min at Fast Process Corner)
  Data Path Delay:        1.110ns  (logic 0.382ns (34.422%)  route 0.728ns (65.578%))
  Logic Levels:           2  (IBUF=1 LUT1=1)
  Clock Path Skew:        3.152ns (DCD - SCD - CPR)
    Destination Clock Delay (DCD):    3.152ns
    Source Clock Delay      (SCD):    0.000ns
    Clock Pessimism Removal (CPR):    -0.000ns
  Timing Exception:       False Path

    Location             Delay type                Incr(ns)  Path(ns)    Netlist Resource(s)
  -------------------------------------------------------------------    -------------------
    V13                                               0.000     0.000 r  trst_n (IN)
                         net (fo=0)                   0.000     0.000    trst_n
    V13                  IBUF (Prop_ibuf_I_O)         0.337     0.337 r  trst_n_IBUF_inst/O
                         net (fo=1, routed)           0.420     0.757    i_dmi_jtag/i_dmi_jtag_tap/trst_n_IBUF
    SLICE_X111Y93        LUT1 (Prop_lut1_I0_O)        0.045     0.802 f  i_dmi_jtag/i_dmi_jtag_tap/FSM_onehot_tap_state_q[15]_i_2/O
                         net (fo=258, routed)         0.308     1.110    i_dmi_jtag/i_dmi_jtag_tap/trst_n
    SLICE_X106Y89        FDCE                                         f  i_dmi_jtag/i_dmi_jtag_tap/dtmcs_q_reg[zero1][21]/CLR
  -------------------------------------------------------------------    -------------------

                         (clock tck rise edge)        0.000     0.000 r  
    H15                                               0.000     0.000 r  tck (IN)
                         net (fo=0)                   0.000     0.000    tck
    H15                  IBUF (Prop_ibuf_I_O)         0.456     0.456 r  tck_IBUF_inst/O
                         net (fo=1, routed)           1.762     2.218    tck_IBUF
    BUFGCTRL_X0Y0        BUFG (Prop_bufg_I_O)         0.029     2.247 r  tck_IBUF_BUFG_inst/O
                         net (fo=258, routed)         0.905     3.152    i_dmi_jtag/i_dmi_jtag_tap/CLK
    SLICE_X106Y89        FDCE                                         r  i_dmi_jtag/i_dmi_jtag_tap/dtmcs_q_reg[zero1][21]/C

Slack:                    inf
  Source:                 trst_n
                            (input port)
  Destination:            i_dmi_jtag/i_dmi_jtag_tap/idcode_q_reg[7]/PRE
                            (removal check against rising-edge clock tck  {rise@0.000ns fall@50.000ns period=100.000ns})
  Path Group:             (none)
  Path Type:              Removal (Min at Fast Process Corner)
  Data Path Delay:        1.193ns  (logic 0.382ns (32.020%)  route 0.811ns (67.980%))
  Logic Levels:           2  (IBUF=1 LUT1=1)
  Clock Path Skew:        3.150ns (DCD - SCD - CPR)
    Destination Clock Delay (DCD):    3.150ns
    Source Clock Delay      (SCD):    0.000ns
    Clock Pessimism Removal (CPR):    -0.000ns
  Timing Exception:       False Path

    Location             Delay type                Incr(ns)  Path(ns)    Netlist Resource(s)
  -------------------------------------------------------------------    -------------------
    V13                                               0.000     0.000 r  trst_n (IN)
                         net (fo=0)                   0.000     0.000    trst_n
    V13                  IBUF (Prop_ibuf_I_O)         0.337     0.337 r  trst_n_IBUF_inst/O
                         net (fo=1, routed)           0.420     0.757    i_dmi_jtag/i_dmi_jtag_tap/trst_n_IBUF
    SLICE_X111Y93        LUT1 (Prop_lut1_I0_O)        0.045     0.802 f  i_dmi_jtag/i_dmi_jtag_tap/FSM_onehot_tap_state_q[15]_i_2/O
                         net (fo=258, routed)         0.391     1.193    i_dmi_jtag/i_dmi_jtag_tap/trst_n
    SLICE_X107Y87        FDPE                                         f  i_dmi_jtag/i_dmi_jtag_tap/idcode_q_reg[7]/PRE
  -------------------------------------------------------------------    -------------------

                         (clock tck rise edge)        0.000     0.000 r  
    H15                                               0.000     0.000 r  tck (IN)
                         net (fo=0)                   0.000     0.000    tck
    H15                  IBUF (Prop_ibuf_I_O)         0.456     0.456 r  tck_IBUF_inst/O
                         net (fo=1, routed)           1.762     2.218    tck_IBUF
    BUFGCTRL_X0Y0        BUFG (Prop_bufg_I_O)         0.029     2.247 r  tck_IBUF_BUFG_inst/O
                         net (fo=258, routed)         0.903     3.150    i_dmi_jtag/i_dmi_jtag_tap/CLK
    SLICE_X107Y87        FDPE                                         r  i_dmi_jtag/i_dmi_jtag_tap/idcode_q_reg[7]/C

Slack:                    inf
  Source:                 trst_n
                            (input port)
  Destination:            i_dmi_jtag/i_dmi_jtag_tap/idcode_q_reg[8]/PRE
                            (removal check against rising-edge clock tck  {rise@0.000ns fall@50.000ns period=100.000ns})
  Path Group:             (none)
  Path Type:              Removal (Min at Fast Process Corner)
  Data Path Delay:        1.193ns  (logic 0.382ns (32.020%)  route 0.811ns (67.980%))
  Logic Levels:           2  (IBUF=1 LUT1=1)
  Clock Path Skew:        3.150ns (DCD - SCD - CPR)
    Destination Clock Delay (DCD):    3.150ns
    Source Clock Delay      (SCD):    0.000ns
    Clock Pessimism Removal (CPR):    -0.000ns
  Timing Exception:       False Path

    Location             Delay type                Incr(ns)  Path(ns)    Netlist Resource(s)
  -------------------------------------------------------------------    -------------------
    V13                                               0.000     0.000 r  trst_n (IN)
                         net (fo=0)                   0.000     0.000    trst_n
    V13                  IBUF (Prop_ibuf_I_O)         0.337     0.337 r  trst_n_IBUF_inst/O
                         net (fo=1, routed)           0.420     0.757    i_dmi_jtag/i_dmi_jtag_tap/trst_n_IBUF
    SLICE_X111Y93        LUT1 (Prop_lut1_I0_O)        0.045     0.802 f  i_dmi_jtag/i_dmi_jtag_tap/FSM_onehot_tap_state_q[15]_i_2/O
                         net (fo=258, routed)         0.391     1.193    i_dmi_jtag/i_dmi_jtag_tap/trst_n
    SLICE_X107Y87        FDPE                                         f  i_dmi_jtag/i_dmi_jtag_tap/idcode_q_reg[8]/PRE
  -------------------------------------------------------------------    -------------------

                         (clock tck rise edge)        0.000     0.000 r  
    H15                                               0.000     0.000 r  tck (IN)
                         net (fo=0)                   0.000     0.000    tck
    H15                  IBUF (Prop_ibuf_I_O)         0.456     0.456 r  tck_IBUF_inst/O
                         net (fo=1, routed)           1.762     2.218    tck_IBUF
    BUFGCTRL_X0Y0        BUFG (Prop_bufg_I_O)         0.029     2.247 r  tck_IBUF_BUFG_inst/O
                         net (fo=258, routed)         0.903     3.150    i_dmi_jtag/i_dmi_jtag_tap/CLK
    SLICE_X107Y87        FDPE                                         r  i_dmi_jtag/i_dmi_jtag_tap/idcode_q_reg[8]/C

Slack:                    inf
  Source:                 trst_n
                            (input port)
  Destination:            i_dmi_jtag/i_dmi_jtag_tap/idcode_q_reg[9]/CLR
                            (removal check against rising-edge clock tck  {rise@0.000ns fall@50.000ns period=100.000ns})
  Path Group:             (none)
  Path Type:              Removal (Min at Fast Process Corner)
  Data Path Delay:        1.193ns  (logic 0.382ns (32.020%)  route 0.811ns (67.980%))
  Logic Levels:           2  (IBUF=1 LUT1=1)
  Clock Path Skew:        3.150ns (DCD - SCD - CPR)
    Destination Clock Delay (DCD):    3.150ns
    Source Clock Delay      (SCD):    0.000ns
    Clock Pessimism Removal (CPR):    -0.000ns
  Timing Exception:       False Path

    Location             Delay type                Incr(ns)  Path(ns)    Netlist Resource(s)
  -------------------------------------------------------------------    -------------------
    V13                                               0.000     0.000 r  trst_n (IN)
                         net (fo=0)                   0.000     0.000    trst_n
    V13                  IBUF (Prop_ibuf_I_O)         0.337     0.337 r  trst_n_IBUF_inst/O
                         net (fo=1, routed)           0.420     0.757    i_dmi_jtag/i_dmi_jtag_tap/trst_n_IBUF
    SLICE_X111Y93        LUT1 (Prop_lut1_I0_O)        0.045     0.802 f  i_dmi_jtag/i_dmi_jtag_tap/FSM_onehot_tap_state_q[15]_i_2/O
                         net (fo=258, routed)         0.391     1.193    i_dmi_jtag/i_dmi_jtag_tap/trst_n
    SLICE_X107Y87        FDCE                                         f  i_dmi_jtag/i_dmi_jtag_tap/idcode_q_reg[9]/CLR
  -------------------------------------------------------------------    -------------------

                         (clock tck rise edge)        0.000     0.000 r  
    H15                                               0.000     0.000 r  tck (IN)
                         net (fo=0)                   0.000     0.000    tck
    H15                  IBUF (Prop_ibuf_I_O)         0.456     0.456 r  tck_IBUF_inst/O
                         net (fo=1, routed)           1.762     2.218    tck_IBUF
    BUFGCTRL_X0Y0        BUFG (Prop_bufg_I_O)         0.029     2.247 r  tck_IBUF_BUFG_inst/O
                         net (fo=258, routed)         0.903     3.150    i_dmi_jtag/i_dmi_jtag_tap/CLK
    SLICE_X107Y87        FDCE                                         r  i_dmi_jtag/i_dmi_jtag_tap/idcode_q_reg[9]/C

Slack:                    inf
  Source:                 trst_n
                            (input port)
  Destination:            i_dmi_jtag/i_dmi_jtag_tap/idcode_q_reg[17]/CLR
                            (removal check against rising-edge clock tck  {rise@0.000ns fall@50.000ns period=100.000ns})
  Path Group:             (none)
  Path Type:              Removal (Min at Fast Process Corner)
  Data Path Delay:        1.198ns  (logic 0.382ns (31.903%)  route 0.816ns (68.097%))
  Logic Levels:           2  (IBUF=1 LUT1=1)
  Clock Path Skew:        3.150ns (DCD - SCD - CPR)
    Destination Clock Delay (DCD):    3.150ns
    Source Clock Delay      (SCD):    0.000ns
    Clock Pessimism Removal (CPR):    -0.000ns
  Timing Exception:       False Path

    Location             Delay type                Incr(ns)  Path(ns)    Netlist Resource(s)
  -------------------------------------------------------------------    -------------------
    V13                                               0.000     0.000 r  trst_n (IN)
                         net (fo=0)                   0.000     0.000    trst_n
    V13                  IBUF (Prop_ibuf_I_O)         0.337     0.337 r  trst_n_IBUF_inst/O
                         net (fo=1, routed)           0.420     0.757    i_dmi_jtag/i_dmi_jtag_tap/trst_n_IBUF
    SLICE_X111Y93        LUT1 (Prop_lut1_I0_O)        0.045     0.802 f  i_dmi_jtag/i_dmi_jtag_tap/FSM_onehot_tap_state_q[15]_i_2/O
                         net (fo=258, routed)         0.396     1.198    i_dmi_jtag/i_dmi_jtag_tap/trst_n
    SLICE_X106Y87        FDCE                                         f  i_dmi_jtag/i_dmi_jtag_tap/idcode_q_reg[17]/CLR
  -------------------------------------------------------------------    -------------------

                         (clock tck rise edge)        0.000     0.000 r  
    H15                                               0.000     0.000 r  tck (IN)
                         net (fo=0)                   0.000     0.000    tck
    H15                  IBUF (Prop_ibuf_I_O)         0.456     0.456 r  tck_IBUF_inst/O
                         net (fo=1, routed)           1.762     2.218    tck_IBUF
    BUFGCTRL_X0Y0        BUFG (Prop_bufg_I_O)         0.029     2.247 r  tck_IBUF_BUFG_inst/O
                         net (fo=258, routed)         0.903     3.150    i_dmi_jtag/i_dmi_jtag_tap/CLK
    SLICE_X106Y87        FDCE                                         r  i_dmi_jtag/i_dmi_jtag_tap/idcode_q_reg[17]/C

Slack:                    inf
  Source:                 trst_n
                            (input port)
  Destination:            i_dmi_jtag/i_dmi_jtag_tap/idcode_q_reg[18]/PRE
                            (removal check against rising-edge clock tck  {rise@0.000ns fall@50.000ns period=100.000ns})
  Path Group:             (none)
  Path Type:              Removal (Min at Fast Process Corner)
  Data Path Delay:        1.198ns  (logic 0.382ns (31.903%)  route 0.816ns (68.097%))
  Logic Levels:           2  (IBUF=1 LUT1=1)
  Clock Path Skew:        3.150ns (DCD - SCD - CPR)
    Destination Clock Delay (DCD):    3.150ns
    Source Clock Delay      (SCD):    0.000ns
    Clock Pessimism Removal (CPR):    -0.000ns
  Timing Exception:       False Path

    Location             Delay type                Incr(ns)  Path(ns)    Netlist Resource(s)
  -------------------------------------------------------------------    -------------------
    V13                                               0.000     0.000 r  trst_n (IN)
                         net (fo=0)                   0.000     0.000    trst_n
    V13                  IBUF (Prop_ibuf_I_O)         0.337     0.337 r  trst_n_IBUF_inst/O
                         net (fo=1, routed)           0.420     0.757    i_dmi_jtag/i_dmi_jtag_tap/trst_n_IBUF
    SLICE_X111Y93        LUT1 (Prop_lut1_I0_O)        0.045     0.802 f  i_dmi_jtag/i_dmi_jtag_tap/FSM_onehot_tap_state_q[15]_i_2/O
                         net (fo=258, routed)         0.396     1.198    i_dmi_jtag/i_dmi_jtag_tap/trst_n
    SLICE_X106Y87        FDPE                                         f  i_dmi_jtag/i_dmi_jtag_tap/idcode_q_reg[18]/PRE
  -------------------------------------------------------------------    -------------------

                         (clock tck rise edge)        0.000     0.000 r  
    H15                                               0.000     0.000 r  tck (IN)
                         net (fo=0)                   0.000     0.000    tck
    H15                  IBUF (Prop_ibuf_I_O)         0.456     0.456 r  tck_IBUF_inst/O
                         net (fo=1, routed)           1.762     2.218    tck_IBUF
    BUFGCTRL_X0Y0        BUFG (Prop_bufg_I_O)         0.029     2.247 r  tck_IBUF_BUFG_inst/O
                         net (fo=258, routed)         0.903     3.150    i_dmi_jtag/i_dmi_jtag_tap/CLK
    SLICE_X106Y87        FDPE                                         r  i_dmi_jtag/i_dmi_jtag_tap/idcode_q_reg[18]/C

Slack:                    inf
  Source:                 trst_n
                            (input port)
  Destination:            i_dmi_jtag/i_dmi_jtag_tap/idcode_q_reg[6]/PRE
                            (removal check against rising-edge clock tck  {rise@0.000ns fall@50.000ns period=100.000ns})
  Path Group:             (none)
  Path Type:              Removal (Min at Fast Process Corner)
  Data Path Delay:        1.198ns  (logic 0.382ns (31.903%)  route 0.816ns (68.097%))
  Logic Levels:           2  (IBUF=1 LUT1=1)
  Clock Path Skew:        3.150ns (DCD - SCD - CPR)
    Destination Clock Delay (DCD):    3.150ns
    Source Clock Delay      (SCD):    0.000ns
    Clock Pessimism Removal (CPR):    -0.000ns
  Timing Exception:       False Path

    Location             Delay type                Incr(ns)  Path(ns)    Netlist Resource(s)
  -------------------------------------------------------------------    -------------------
    V13                                               0.000     0.000 r  trst_n (IN)
                         net (fo=0)                   0.000     0.000    trst_n
    V13                  IBUF (Prop_ibuf_I_O)         0.337     0.337 r  trst_n_IBUF_inst/O
                         net (fo=1, routed)           0.420     0.757    i_dmi_jtag/i_dmi_jtag_tap/trst_n_IBUF
    SLICE_X111Y93        LUT1 (Prop_lut1_I0_O)        0.045     0.802 f  i_dmi_jtag/i_dmi_jtag_tap/FSM_onehot_tap_state_q[15]_i_2/O
                         net (fo=258, routed)         0.396     1.198    i_dmi_jtag/i_dmi_jtag_tap/trst_n
    SLICE_X106Y87        FDPE                                         f  i_dmi_jtag/i_dmi_jtag_tap/idcode_q_reg[6]/PRE
  -------------------------------------------------------------------    -------------------

                         (clock tck rise edge)        0.000     0.000 r  
    H15                                               0.000     0.000 r  tck (IN)
                         net (fo=0)                   0.000     0.000    tck
    H15                  IBUF (Prop_ibuf_I_O)         0.456     0.456 r  tck_IBUF_inst/O
                         net (fo=1, routed)           1.762     2.218    tck_IBUF
    BUFGCTRL_X0Y0        BUFG (Prop_bufg_I_O)         0.029     2.247 r  tck_IBUF_BUFG_inst/O
                         net (fo=258, routed)         0.903     3.150    i_dmi_jtag/i_dmi_jtag_tap/CLK
    SLICE_X106Y87        FDPE                                         r  i_dmi_jtag/i_dmi_jtag_tap/idcode_q_reg[6]/C





--------------------------------------------------------------------------------------
Path Group:  (none)
From Clock:  clk_out1_xlnx_clk_gen
  To Clock:  tck

Max Delay             0 Endpoints
Min Delay            36 Endpoints
--------------------------------------------------------------------------------------


Min Delay Paths
--------------------------------------------------------------------------------------
Slack:                    inf
  Source:                 i_dmi_jtag/i_dmi_cdc/i_cdc_resp/i_src/data_src_q_reg[data][22]/C
                            (rising edge-triggered cell FDCE clocked by clk_out1_xlnx_clk_gen  {rise@0.000ns fall@10.000ns period=20.000ns})
  Destination:            i_dmi_jtag/i_dmi_cdc/i_cdc_resp/i_dst/data_dst_q_reg[data][22]/D
                            (rising edge-triggered cell FDCE clocked by tck  {rise@0.000ns fall@50.000ns period=100.000ns})
  Path Group:             (none)
  Path Type:              Hold (Min at Slow Process Corner)
  Data Path Delay:        0.547ns  (logic 0.385ns (70.385%)  route 0.162ns (29.615%))
  Logic Levels:           0  
  Clock Path Skew:        8.586ns (DCD - SCD - CPR)
    Destination Clock Delay (DCD):    7.041ns
    Source Clock Delay      (SCD):    -1.544ns
    Clock Pessimism Removal (CPR):    -0.000ns
  Clock Uncertainty:      0.603ns  ((TSJ^2 + TIJ^2 + DJ^2)^1/2) / 2 + PE
    Total System Jitter     (TSJ):    0.071ns
    Total Input Jitter      (TIJ):    1.000ns
    Discrete Jitter          (DJ):    0.142ns
    Phase Error              (PE):    0.097ns
  Timing Exception:       False Path

    Location             Delay type                Incr(ns)  Path(ns)    Netlist Resource(s)
  -------------------------------------------------------------------    -------------------
                         (clock clk_out1_xlnx_clk_gen rise edge)
                                                      0.000     0.000 r  
    K17                                               0.000     0.000 r  clk_sys (IN)
                         net (fo=0)                   0.000     0.000    i_xlnx_clk_gen/inst/clk_in1
    K17                  IBUF (Prop_ibuf_I_O)         1.404     1.404 r  i_xlnx_clk_gen/inst/clkin1_ibufg/O
                         net (fo=1, routed)           1.162     2.566    i_xlnx_clk_gen/inst/clk_in1_xlnx_clk_gen
    MMCME2_ADV_X1Y2      MMCME2_ADV (Prop_mmcme2_adv_CLKIN1_CLKOUT0)
                                                     -7.814    -5.248 r  i_xlnx_clk_gen/inst/mmcm_adv_inst/CLKOUT0
                         net (fo=1, routed)           2.012    -3.236    i_xlnx_clk_gen/inst/clk_out1_xlnx_clk_gen
    BUFGCTRL_X0Y16       BUFG (Prop_bufg_I_O)         0.091    -3.145 r  i_xlnx_clk_gen/inst/clkout1_buf/O
                         net (fo=15149, routed)       1.601    -1.544    i_dmi_jtag/i_dmi_cdc/i_cdc_resp/i_src/clk_out1
    SLICE_X92Y86         FDCE                                         r  i_dmi_jtag/i_dmi_cdc/i_cdc_resp/i_src/data_src_q_reg[data][22]/C
  -------------------------------------------------------------------    -------------------
    SLICE_X92Y86         FDCE (Prop_fdce_C_Q)         0.385    -1.159 r  i_dmi_jtag/i_dmi_cdc/i_cdc_resp/i_src/data_src_q_reg[data][22]/Q
                         net (fo=1, routed)           0.162    -0.997    i_dmi_jtag/i_dmi_cdc/i_cdc_resp/i_dst/D[22]
    SLICE_X93Y86         FDCE                                         r  i_dmi_jtag/i_dmi_cdc/i_cdc_resp/i_dst/data_dst_q_reg[data][22]/D
  -------------------------------------------------------------------    -------------------

                         (clock tck rise edge)        0.000     0.000 r  
    H15                                               0.000     0.000 r  tck (IN)
                         net (fo=0)                   0.000     0.000    tck
    H15                  IBUF (Prop_ibuf_I_O)         1.500     1.500 r  tck_IBUF_inst/O
                         net (fo=1, routed)           3.659     5.159    tck_IBUF
    BUFGCTRL_X0Y0        BUFG (Prop_bufg_I_O)         0.101     5.260 r  tck_IBUF_BUFG_inst/O
                         net (fo=258, routed)         1.781     7.041    i_dmi_jtag/i_dmi_cdc/i_cdc_resp/i_dst/CLK
    SLICE_X93Y86         FDCE                                         r  i_dmi_jtag/i_dmi_cdc/i_cdc_resp/i_dst/data_dst_q_reg[data][22]/C

Slack:                    inf
  Source:                 i_dmi_jtag/i_dmi_cdc/i_cdc_resp/i_src/data_src_q_reg[data][28]/C
                            (rising edge-triggered cell FDCE clocked by clk_out1_xlnx_clk_gen  {rise@0.000ns fall@10.000ns period=20.000ns})
  Destination:            i_dmi_jtag/i_dmi_cdc/i_cdc_resp/i_dst/data_dst_q_reg[data][28]/D
                            (rising edge-triggered cell FDCE clocked by tck  {rise@0.000ns fall@50.000ns period=100.000ns})
  Path Group:             (none)
  Path Type:              Hold (Min at Slow Process Corner)
  Data Path Delay:        0.547ns  (logic 0.385ns (70.385%)  route 0.162ns (29.615%))
  Logic Levels:           0  
  Clock Path Skew:        8.586ns (DCD - SCD - CPR)
    Destination Clock Delay (DCD):    7.041ns
    Source Clock Delay      (SCD):    -1.544ns
    Clock Pessimism Removal (CPR):    -0.000ns
  Clock Uncertainty:      0.603ns  ((TSJ^2 + TIJ^2 + DJ^2)^1/2) / 2 + PE
    Total System Jitter     (TSJ):    0.071ns
    Total Input Jitter      (TIJ):    1.000ns
    Discrete Jitter          (DJ):    0.142ns
    Phase Error              (PE):    0.097ns
  Timing Exception:       False Path

    Location             Delay type                Incr(ns)  Path(ns)    Netlist Resource(s)
  -------------------------------------------------------------------    -------------------
                         (clock clk_out1_xlnx_clk_gen rise edge)
                                                      0.000     0.000 r  
    K17                                               0.000     0.000 r  clk_sys (IN)
                         net (fo=0)                   0.000     0.000    i_xlnx_clk_gen/inst/clk_in1
    K17                  IBUF (Prop_ibuf_I_O)         1.404     1.404 r  i_xlnx_clk_gen/inst/clkin1_ibufg/O
                         net (fo=1, routed)           1.162     2.566    i_xlnx_clk_gen/inst/clk_in1_xlnx_clk_gen
    MMCME2_ADV_X1Y2      MMCME2_ADV (Prop_mmcme2_adv_CLKIN1_CLKOUT0)
                                                     -7.814    -5.248 r  i_xlnx_clk_gen/inst/mmcm_adv_inst/CLKOUT0
                         net (fo=1, routed)           2.012    -3.236    i_xlnx_clk_gen/inst/clk_out1_xlnx_clk_gen
    BUFGCTRL_X0Y16       BUFG (Prop_bufg_I_O)         0.091    -3.145 r  i_xlnx_clk_gen/inst/clkout1_buf/O
                         net (fo=15149, routed)       1.601    -1.544    i_dmi_jtag/i_dmi_cdc/i_cdc_resp/i_src/clk_out1
    SLICE_X92Y85         FDCE                                         r  i_dmi_jtag/i_dmi_cdc/i_cdc_resp/i_src/data_src_q_reg[data][28]/C
  -------------------------------------------------------------------    -------------------
    SLICE_X92Y85         FDCE (Prop_fdce_C_Q)         0.385    -1.159 r  i_dmi_jtag/i_dmi_cdc/i_cdc_resp/i_src/data_src_q_reg[data][28]/Q
                         net (fo=1, routed)           0.162    -0.997    i_dmi_jtag/i_dmi_cdc/i_cdc_resp/i_dst/D[28]
    SLICE_X93Y85         FDCE                                         r  i_dmi_jtag/i_dmi_cdc/i_cdc_resp/i_dst/data_dst_q_reg[data][28]/D
  -------------------------------------------------------------------    -------------------

                         (clock tck rise edge)        0.000     0.000 r  
    H15                                               0.000     0.000 r  tck (IN)
                         net (fo=0)                   0.000     0.000    tck
    H15                  IBUF (Prop_ibuf_I_O)         1.500     1.500 r  tck_IBUF_inst/O
                         net (fo=1, routed)           3.659     5.159    tck_IBUF
    BUFGCTRL_X0Y0        BUFG (Prop_bufg_I_O)         0.101     5.260 r  tck_IBUF_BUFG_inst/O
                         net (fo=258, routed)         1.781     7.041    i_dmi_jtag/i_dmi_cdc/i_cdc_resp/i_dst/CLK
    SLICE_X93Y85         FDCE                                         r  i_dmi_jtag/i_dmi_cdc/i_cdc_resp/i_dst/data_dst_q_reg[data][28]/C

Slack:                    inf
  Source:                 i_dmi_jtag/i_dmi_cdc/i_cdc_resp/i_src/data_src_q_reg[data][27]/C
                            (rising edge-triggered cell FDCE clocked by clk_out1_xlnx_clk_gen  {rise@0.000ns fall@10.000ns period=20.000ns})
  Destination:            i_dmi_jtag/i_dmi_cdc/i_cdc_resp/i_dst/data_dst_q_reg[data][27]/D
                            (rising edge-triggered cell FDCE clocked by tck  {rise@0.000ns fall@50.000ns period=100.000ns})
  Path Group:             (none)
  Path Type:              Hold (Min at Slow Process Corner)
  Data Path Delay:        0.547ns  (logic 0.418ns (76.402%)  route 0.129ns (23.598%))
  Logic Levels:           0  
  Clock Path Skew:        8.586ns (DCD - SCD - CPR)
    Destination Clock Delay (DCD):    7.041ns
    Source Clock Delay      (SCD):    -1.544ns
    Clock Pessimism Removal (CPR):    -0.000ns
  Clock Uncertainty:      0.603ns  ((TSJ^2 + TIJ^2 + DJ^2)^1/2) / 2 + PE
    Total System Jitter     (TSJ):    0.071ns
    Total Input Jitter      (TIJ):    1.000ns
    Discrete Jitter          (DJ):    0.142ns
    Phase Error              (PE):    0.097ns
  Timing Exception:       False Path

    Location             Delay type                Incr(ns)  Path(ns)    Netlist Resource(s)
  -------------------------------------------------------------------    -------------------
                         (clock clk_out1_xlnx_clk_gen rise edge)
                                                      0.000     0.000 r  
    K17                                               0.000     0.000 r  clk_sys (IN)
                         net (fo=0)                   0.000     0.000    i_xlnx_clk_gen/inst/clk_in1
    K17                  IBUF (Prop_ibuf_I_O)         1.404     1.404 r  i_xlnx_clk_gen/inst/clkin1_ibufg/O
                         net (fo=1, routed)           1.162     2.566    i_xlnx_clk_gen/inst/clk_in1_xlnx_clk_gen
    MMCME2_ADV_X1Y2      MMCME2_ADV (Prop_mmcme2_adv_CLKIN1_CLKOUT0)
                                                     -7.814    -5.248 r  i_xlnx_clk_gen/inst/mmcm_adv_inst/CLKOUT0
                         net (fo=1, routed)           2.012    -3.236    i_xlnx_clk_gen/inst/clk_out1_xlnx_clk_gen
    BUFGCTRL_X0Y16       BUFG (Prop_bufg_I_O)         0.091    -3.145 r  i_xlnx_clk_gen/inst/clkout1_buf/O
                         net (fo=15149, routed)       1.601    -1.544    i_dmi_jtag/i_dmi_cdc/i_cdc_resp/i_src/clk_out1
    SLICE_X92Y85         FDCE                                         r  i_dmi_jtag/i_dmi_cdc/i_cdc_resp/i_src/data_src_q_reg[data][27]/C
  -------------------------------------------------------------------    -------------------
    SLICE_X92Y85         FDCE (Prop_fdce_C_Q)         0.418    -1.126 r  i_dmi_jtag/i_dmi_cdc/i_cdc_resp/i_src/data_src_q_reg[data][27]/Q
                         net (fo=1, routed)           0.129    -0.997    i_dmi_jtag/i_dmi_cdc/i_cdc_resp/i_dst/D[27]
    SLICE_X93Y85         FDCE                                         r  i_dmi_jtag/i_dmi_cdc/i_cdc_resp/i_dst/data_dst_q_reg[data][27]/D
  -------------------------------------------------------------------    -------------------

                         (clock tck rise edge)        0.000     0.000 r  
    H15                                               0.000     0.000 r  tck (IN)
                         net (fo=0)                   0.000     0.000    tck
    H15                  IBUF (Prop_ibuf_I_O)         1.500     1.500 r  tck_IBUF_inst/O
                         net (fo=1, routed)           3.659     5.159    tck_IBUF
    BUFGCTRL_X0Y0        BUFG (Prop_bufg_I_O)         0.101     5.260 r  tck_IBUF_BUFG_inst/O
                         net (fo=258, routed)         1.781     7.041    i_dmi_jtag/i_dmi_cdc/i_cdc_resp/i_dst/CLK
    SLICE_X93Y85         FDCE                                         r  i_dmi_jtag/i_dmi_cdc/i_cdc_resp/i_dst/data_dst_q_reg[data][27]/C

Slack:                    inf
  Source:                 i_dmi_jtag/i_dmi_cdc/i_cdc_resp/i_src/data_src_q_reg[resp][0]/C
                            (rising edge-triggered cell FDCE clocked by clk_out1_xlnx_clk_gen  {rise@0.000ns fall@10.000ns period=20.000ns})
  Destination:            i_dmi_jtag/i_dmi_cdc/i_cdc_resp/i_dst/data_dst_q_reg[resp][0]/D
                            (rising edge-triggered cell FDCE clocked by tck  {rise@0.000ns fall@50.000ns period=100.000ns})
  Path Group:             (none)
  Path Type:              Hold (Min at Slow Process Corner)
  Data Path Delay:        0.613ns  (logic 0.337ns (55.010%)  route 0.276ns (44.990%))
  Logic Levels:           0  
  Clock Path Skew:        8.586ns (DCD - SCD - CPR)
    Destination Clock Delay (DCD):    7.043ns
    Source Clock Delay      (SCD):    -1.542ns
    Clock Pessimism Removal (CPR):    -0.000ns
  Clock Uncertainty:      0.603ns  ((TSJ^2 + TIJ^2 + DJ^2)^1/2) / 2 + PE
    Total System Jitter     (TSJ):    0.071ns
    Total Input Jitter      (TIJ):    1.000ns
    Discrete Jitter          (DJ):    0.142ns
    Phase Error              (PE):    0.097ns
  Timing Exception:       False Path

    Location             Delay type                Incr(ns)  Path(ns)    Netlist Resource(s)
  -------------------------------------------------------------------    -------------------
                         (clock clk_out1_xlnx_clk_gen rise edge)
                                                      0.000     0.000 r  
    K17                                               0.000     0.000 r  clk_sys (IN)
                         net (fo=0)                   0.000     0.000    i_xlnx_clk_gen/inst/clk_in1
    K17                  IBUF (Prop_ibuf_I_O)         1.404     1.404 r  i_xlnx_clk_gen/inst/clkin1_ibufg/O
                         net (fo=1, routed)           1.162     2.566    i_xlnx_clk_gen/inst/clk_in1_xlnx_clk_gen
    MMCME2_ADV_X1Y2      MMCME2_ADV (Prop_mmcme2_adv_CLKIN1_CLKOUT0)
                                                     -7.814    -5.248 r  i_xlnx_clk_gen/inst/mmcm_adv_inst/CLKOUT0
                         net (fo=1, routed)           2.012    -3.236    i_xlnx_clk_gen/inst/clk_out1_xlnx_clk_gen
    BUFGCTRL_X0Y16       BUFG (Prop_bufg_I_O)         0.091    -3.145 r  i_xlnx_clk_gen/inst/clkout1_buf/O
                         net (fo=15149, routed)       1.603    -1.542    i_dmi_jtag/i_dmi_cdc/i_cdc_resp/i_src/clk_out1
    SLICE_X99Y85         FDCE                                         r  i_dmi_jtag/i_dmi_cdc/i_cdc_resp/i_src/data_src_q_reg[resp][0]/C
  -------------------------------------------------------------------    -------------------
    SLICE_X99Y85         FDCE (Prop_fdce_C_Q)         0.337    -1.205 r  i_dmi_jtag/i_dmi_cdc/i_cdc_resp/i_src/data_src_q_reg[resp][0]/Q
                         net (fo=1, routed)           0.276    -0.930    i_dmi_jtag/i_dmi_cdc/i_cdc_resp/i_dst/data_dst_q_reg[resp][1]_0[0]
    SLICE_X100Y85        FDCE                                         r  i_dmi_jtag/i_dmi_cdc/i_cdc_resp/i_dst/data_dst_q_reg[resp][0]/D
  -------------------------------------------------------------------    -------------------

                         (clock tck rise edge)        0.000     0.000 r  
    H15                                               0.000     0.000 r  tck (IN)
                         net (fo=0)                   0.000     0.000    tck
    H15                  IBUF (Prop_ibuf_I_O)         1.500     1.500 r  tck_IBUF_inst/O
                         net (fo=1, routed)           3.659     5.159    tck_IBUF
    BUFGCTRL_X0Y0        BUFG (Prop_bufg_I_O)         0.101     5.260 r  tck_IBUF_BUFG_inst/O
                         net (fo=258, routed)         1.783     7.043    i_dmi_jtag/i_dmi_cdc/i_cdc_resp/i_dst/CLK
    SLICE_X100Y85        FDCE                                         r  i_dmi_jtag/i_dmi_cdc/i_cdc_resp/i_dst/data_dst_q_reg[resp][0]/C

Slack:                    inf
  Source:                 i_dmi_jtag/i_dmi_cdc/i_cdc_resp/i_src/data_src_q_reg[data][26]/C
                            (rising edge-triggered cell FDCE clocked by clk_out1_xlnx_clk_gen  {rise@0.000ns fall@10.000ns period=20.000ns})
  Destination:            i_dmi_jtag/i_dmi_cdc/i_cdc_resp/i_dst/data_dst_q_reg[data][26]/D
                            (rising edge-triggered cell FDCE clocked by tck  {rise@0.000ns fall@50.000ns period=100.000ns})
  Path Group:             (none)
  Path Type:              Hold (Min at Slow Process Corner)
  Data Path Delay:        0.633ns  (logic 0.385ns (60.805%)  route 0.248ns (39.195%))
  Logic Levels:           0  
  Clock Path Skew:        8.586ns (DCD - SCD - CPR)
    Destination Clock Delay (DCD):    7.041ns
    Source Clock Delay      (SCD):    -1.544ns
    Clock Pessimism Removal (CPR):    -0.000ns
  Clock Uncertainty:      0.603ns  ((TSJ^2 + TIJ^2 + DJ^2)^1/2) / 2 + PE
    Total System Jitter     (TSJ):    0.071ns
    Total Input Jitter      (TIJ):    1.000ns
    Discrete Jitter          (DJ):    0.142ns
    Phase Error              (PE):    0.097ns
  Timing Exception:       False Path

    Location             Delay type                Incr(ns)  Path(ns)    Netlist Resource(s)
  -------------------------------------------------------------------    -------------------
                         (clock clk_out1_xlnx_clk_gen rise edge)
                                                      0.000     0.000 r  
    K17                                               0.000     0.000 r  clk_sys (IN)
                         net (fo=0)                   0.000     0.000    i_xlnx_clk_gen/inst/clk_in1
    K17                  IBUF (Prop_ibuf_I_O)         1.404     1.404 r  i_xlnx_clk_gen/inst/clkin1_ibufg/O
                         net (fo=1, routed)           1.162     2.566    i_xlnx_clk_gen/inst/clk_in1_xlnx_clk_gen
    MMCME2_ADV_X1Y2      MMCME2_ADV (Prop_mmcme2_adv_CLKIN1_CLKOUT0)
                                                     -7.814    -5.248 r  i_xlnx_clk_gen/inst/mmcm_adv_inst/CLKOUT0
                         net (fo=1, routed)           2.012    -3.236    i_xlnx_clk_gen/inst/clk_out1_xlnx_clk_gen
    BUFGCTRL_X0Y16       BUFG (Prop_bufg_I_O)         0.091    -3.145 r  i_xlnx_clk_gen/inst/clkout1_buf/O
                         net (fo=15149, routed)       1.601    -1.544    i_dmi_jtag/i_dmi_cdc/i_cdc_resp/i_src/clk_out1
    SLICE_X92Y85         FDCE                                         r  i_dmi_jtag/i_dmi_cdc/i_cdc_resp/i_src/data_src_q_reg[data][26]/C
  -------------------------------------------------------------------    -------------------
    SLICE_X92Y85         FDCE (Prop_fdce_C_Q)         0.385    -1.159 r  i_dmi_jtag/i_dmi_cdc/i_cdc_resp/i_src/data_src_q_reg[data][26]/Q
                         net (fo=1, routed)           0.248    -0.911    i_dmi_jtag/i_dmi_cdc/i_cdc_resp/i_dst/D[26]
    SLICE_X93Y85         FDCE                                         r  i_dmi_jtag/i_dmi_cdc/i_cdc_resp/i_dst/data_dst_q_reg[data][26]/D
  -------------------------------------------------------------------    -------------------

                         (clock tck rise edge)        0.000     0.000 r  
    H15                                               0.000     0.000 r  tck (IN)
                         net (fo=0)                   0.000     0.000    tck
    H15                  IBUF (Prop_ibuf_I_O)         1.500     1.500 r  tck_IBUF_inst/O
                         net (fo=1, routed)           3.659     5.159    tck_IBUF
    BUFGCTRL_X0Y0        BUFG (Prop_bufg_I_O)         0.101     5.260 r  tck_IBUF_BUFG_inst/O
                         net (fo=258, routed)         1.781     7.041    i_dmi_jtag/i_dmi_cdc/i_cdc_resp/i_dst/CLK
    SLICE_X93Y85         FDCE                                         r  i_dmi_jtag/i_dmi_cdc/i_cdc_resp/i_dst/data_dst_q_reg[data][26]/C

Slack:                    inf
  Source:                 i_dmi_jtag/i_dmi_cdc/i_cdc_resp/i_src/data_src_q_reg[data][19]/C
                            (rising edge-triggered cell FDCE clocked by clk_out1_xlnx_clk_gen  {rise@0.000ns fall@10.000ns period=20.000ns})
  Destination:            i_dmi_jtag/i_dmi_cdc/i_cdc_resp/i_dst/data_dst_q_reg[data][19]/D
                            (rising edge-triggered cell FDCE clocked by tck  {rise@0.000ns fall@50.000ns period=100.000ns})
  Path Group:             (none)
  Path Type:              Hold (Min at Slow Process Corner)
  Data Path Delay:        0.663ns  (logic 0.418ns (63.030%)  route 0.245ns (36.970%))
  Logic Levels:           0  
  Clock Path Skew:        8.586ns (DCD - SCD - CPR)
    Destination Clock Delay (DCD):    7.041ns
    Source Clock Delay      (SCD):    -1.544ns
    Clock Pessimism Removal (CPR):    -0.000ns
  Clock Uncertainty:      0.603ns  ((TSJ^2 + TIJ^2 + DJ^2)^1/2) / 2 + PE
    Total System Jitter     (TSJ):    0.071ns
    Total Input Jitter      (TIJ):    1.000ns
    Discrete Jitter          (DJ):    0.142ns
    Phase Error              (PE):    0.097ns
  Timing Exception:       False Path

    Location             Delay type                Incr(ns)  Path(ns)    Netlist Resource(s)
  -------------------------------------------------------------------    -------------------
                         (clock clk_out1_xlnx_clk_gen rise edge)
                                                      0.000     0.000 r  
    K17                                               0.000     0.000 r  clk_sys (IN)
                         net (fo=0)                   0.000     0.000    i_xlnx_clk_gen/inst/clk_in1
    K17                  IBUF (Prop_ibuf_I_O)         1.404     1.404 r  i_xlnx_clk_gen/inst/clkin1_ibufg/O
                         net (fo=1, routed)           1.162     2.566    i_xlnx_clk_gen/inst/clk_in1_xlnx_clk_gen
    MMCME2_ADV_X1Y2      MMCME2_ADV (Prop_mmcme2_adv_CLKIN1_CLKOUT0)
                                                     -7.814    -5.248 r  i_xlnx_clk_gen/inst/mmcm_adv_inst/CLKOUT0
                         net (fo=1, routed)           2.012    -3.236    i_xlnx_clk_gen/inst/clk_out1_xlnx_clk_gen
    BUFGCTRL_X0Y16       BUFG (Prop_bufg_I_O)         0.091    -3.145 r  i_xlnx_clk_gen/inst/clkout1_buf/O
                         net (fo=15149, routed)       1.601    -1.544    i_dmi_jtag/i_dmi_cdc/i_cdc_resp/i_src/clk_out1
    SLICE_X92Y86         FDCE                                         r  i_dmi_jtag/i_dmi_cdc/i_cdc_resp/i_src/data_src_q_reg[data][19]/C
  -------------------------------------------------------------------    -------------------
    SLICE_X92Y86         FDCE (Prop_fdce_C_Q)         0.418    -1.126 r  i_dmi_jtag/i_dmi_cdc/i_cdc_resp/i_src/data_src_q_reg[data][19]/Q
                         net (fo=1, routed)           0.245    -0.881    i_dmi_jtag/i_dmi_cdc/i_cdc_resp/i_dst/D[19]
    SLICE_X93Y86         FDCE                                         r  i_dmi_jtag/i_dmi_cdc/i_cdc_resp/i_dst/data_dst_q_reg[data][19]/D
  -------------------------------------------------------------------    -------------------

                         (clock tck rise edge)        0.000     0.000 r  
    H15                                               0.000     0.000 r  tck (IN)
                         net (fo=0)                   0.000     0.000    tck
    H15                  IBUF (Prop_ibuf_I_O)         1.500     1.500 r  tck_IBUF_inst/O
                         net (fo=1, routed)           3.659     5.159    tck_IBUF
    BUFGCTRL_X0Y0        BUFG (Prop_bufg_I_O)         0.101     5.260 r  tck_IBUF_BUFG_inst/O
                         net (fo=258, routed)         1.781     7.041    i_dmi_jtag/i_dmi_cdc/i_cdc_resp/i_dst/CLK
    SLICE_X93Y86         FDCE                                         r  i_dmi_jtag/i_dmi_cdc/i_cdc_resp/i_dst/data_dst_q_reg[data][19]/C

Slack:                    inf
  Source:                 i_dmi_jtag/i_dmi_cdc/i_cdc_resp/i_src/data_src_q_reg[data][25]/C
                            (rising edge-triggered cell FDCE clocked by clk_out1_xlnx_clk_gen  {rise@0.000ns fall@10.000ns period=20.000ns})
  Destination:            i_dmi_jtag/i_dmi_cdc/i_cdc_resp/i_dst/data_dst_q_reg[data][25]/D
                            (rising edge-triggered cell FDCE clocked by tck  {rise@0.000ns fall@50.000ns period=100.000ns})
  Path Group:             (none)
  Path Type:              Hold (Min at Slow Process Corner)
  Data Path Delay:        0.663ns  (logic 0.418ns (63.030%)  route 0.245ns (36.970%))
  Logic Levels:           0  
  Clock Path Skew:        8.586ns (DCD - SCD - CPR)
    Destination Clock Delay (DCD):    7.041ns
    Source Clock Delay      (SCD):    -1.544ns
    Clock Pessimism Removal (CPR):    -0.000ns
  Clock Uncertainty:      0.603ns  ((TSJ^2 + TIJ^2 + DJ^2)^1/2) / 2 + PE
    Total System Jitter     (TSJ):    0.071ns
    Total Input Jitter      (TIJ):    1.000ns
    Discrete Jitter          (DJ):    0.142ns
    Phase Error              (PE):    0.097ns
  Timing Exception:       False Path

    Location             Delay type                Incr(ns)  Path(ns)    Netlist Resource(s)
  -------------------------------------------------------------------    -------------------
                         (clock clk_out1_xlnx_clk_gen rise edge)
                                                      0.000     0.000 r  
    K17                                               0.000     0.000 r  clk_sys (IN)
                         net (fo=0)                   0.000     0.000    i_xlnx_clk_gen/inst/clk_in1
    K17                  IBUF (Prop_ibuf_I_O)         1.404     1.404 r  i_xlnx_clk_gen/inst/clkin1_ibufg/O
                         net (fo=1, routed)           1.162     2.566    i_xlnx_clk_gen/inst/clk_in1_xlnx_clk_gen
    MMCME2_ADV_X1Y2      MMCME2_ADV (Prop_mmcme2_adv_CLKIN1_CLKOUT0)
                                                     -7.814    -5.248 r  i_xlnx_clk_gen/inst/mmcm_adv_inst/CLKOUT0
                         net (fo=1, routed)           2.012    -3.236    i_xlnx_clk_gen/inst/clk_out1_xlnx_clk_gen
    BUFGCTRL_X0Y16       BUFG (Prop_bufg_I_O)         0.091    -3.145 r  i_xlnx_clk_gen/inst/clkout1_buf/O
                         net (fo=15149, routed)       1.601    -1.544    i_dmi_jtag/i_dmi_cdc/i_cdc_resp/i_src/clk_out1
    SLICE_X92Y85         FDCE                                         r  i_dmi_jtag/i_dmi_cdc/i_cdc_resp/i_src/data_src_q_reg[data][25]/C
  -------------------------------------------------------------------    -------------------
    SLICE_X92Y85         FDCE (Prop_fdce_C_Q)         0.418    -1.126 r  i_dmi_jtag/i_dmi_cdc/i_cdc_resp/i_src/data_src_q_reg[data][25]/Q
                         net (fo=1, routed)           0.245    -0.881    i_dmi_jtag/i_dmi_cdc/i_cdc_resp/i_dst/D[25]
    SLICE_X93Y85         FDCE                                         r  i_dmi_jtag/i_dmi_cdc/i_cdc_resp/i_dst/data_dst_q_reg[data][25]/D
  -------------------------------------------------------------------    -------------------

                         (clock tck rise edge)        0.000     0.000 r  
    H15                                               0.000     0.000 r  tck (IN)
                         net (fo=0)                   0.000     0.000    tck
    H15                  IBUF (Prop_ibuf_I_O)         1.500     1.500 r  tck_IBUF_inst/O
                         net (fo=1, routed)           3.659     5.159    tck_IBUF
    BUFGCTRL_X0Y0        BUFG (Prop_bufg_I_O)         0.101     5.260 r  tck_IBUF_BUFG_inst/O
                         net (fo=258, routed)         1.781     7.041    i_dmi_jtag/i_dmi_cdc/i_cdc_resp/i_dst/CLK
    SLICE_X93Y85         FDCE                                         r  i_dmi_jtag/i_dmi_cdc/i_cdc_resp/i_dst/data_dst_q_reg[data][25]/C

Slack:                    inf
  Source:                 i_dmi_jtag/i_dmi_cdc/i_cdc_resp/i_src/data_src_q_reg[data][21]/C
                            (rising edge-triggered cell FDCE clocked by clk_out1_xlnx_clk_gen  {rise@0.000ns fall@10.000ns period=20.000ns})
  Destination:            i_dmi_jtag/i_dmi_cdc/i_cdc_resp/i_dst/data_dst_q_reg[data][21]/D
                            (rising edge-triggered cell FDCE clocked by tck  {rise@0.000ns fall@50.000ns period=100.000ns})
  Path Group:             (none)
  Path Type:              Hold (Min at Slow Process Corner)
  Data Path Delay:        0.694ns  (logic 0.418ns (60.230%)  route 0.276ns (39.770%))
  Logic Levels:           0  
  Clock Path Skew:        8.586ns (DCD - SCD - CPR)
    Destination Clock Delay (DCD):    7.041ns
    Source Clock Delay      (SCD):    -1.544ns
    Clock Pessimism Removal (CPR):    -0.000ns
  Clock Uncertainty:      0.603ns  ((TSJ^2 + TIJ^2 + DJ^2)^1/2) / 2 + PE
    Total System Jitter     (TSJ):    0.071ns
    Total Input Jitter      (TIJ):    1.000ns
    Discrete Jitter          (DJ):    0.142ns
    Phase Error              (PE):    0.097ns
  Timing Exception:       False Path

    Location             Delay type                Incr(ns)  Path(ns)    Netlist Resource(s)
  -------------------------------------------------------------------    -------------------
                         (clock clk_out1_xlnx_clk_gen rise edge)
                                                      0.000     0.000 r  
    K17                                               0.000     0.000 r  clk_sys (IN)
                         net (fo=0)                   0.000     0.000    i_xlnx_clk_gen/inst/clk_in1
    K17                  IBUF (Prop_ibuf_I_O)         1.404     1.404 r  i_xlnx_clk_gen/inst/clkin1_ibufg/O
                         net (fo=1, routed)           1.162     2.566    i_xlnx_clk_gen/inst/clk_in1_xlnx_clk_gen
    MMCME2_ADV_X1Y2      MMCME2_ADV (Prop_mmcme2_adv_CLKIN1_CLKOUT0)
                                                     -7.814    -5.248 r  i_xlnx_clk_gen/inst/mmcm_adv_inst/CLKOUT0
                         net (fo=1, routed)           2.012    -3.236    i_xlnx_clk_gen/inst/clk_out1_xlnx_clk_gen
    BUFGCTRL_X0Y16       BUFG (Prop_bufg_I_O)         0.091    -3.145 r  i_xlnx_clk_gen/inst/clkout1_buf/O
                         net (fo=15149, routed)       1.601    -1.544    i_dmi_jtag/i_dmi_cdc/i_cdc_resp/i_src/clk_out1
    SLICE_X92Y86         FDCE                                         r  i_dmi_jtag/i_dmi_cdc/i_cdc_resp/i_src/data_src_q_reg[data][21]/C
  -------------------------------------------------------------------    -------------------
    SLICE_X92Y86         FDCE (Prop_fdce_C_Q)         0.418    -1.126 r  i_dmi_jtag/i_dmi_cdc/i_cdc_resp/i_src/data_src_q_reg[data][21]/Q
                         net (fo=1, routed)           0.276    -0.850    i_dmi_jtag/i_dmi_cdc/i_cdc_resp/i_dst/D[21]
    SLICE_X93Y86         FDCE                                         r  i_dmi_jtag/i_dmi_cdc/i_cdc_resp/i_dst/data_dst_q_reg[data][21]/D
  -------------------------------------------------------------------    -------------------

                         (clock tck rise edge)        0.000     0.000 r  
    H15                                               0.000     0.000 r  tck (IN)
                         net (fo=0)                   0.000     0.000    tck
    H15                  IBUF (Prop_ibuf_I_O)         1.500     1.500 r  tck_IBUF_inst/O
                         net (fo=1, routed)           3.659     5.159    tck_IBUF
    BUFGCTRL_X0Y0        BUFG (Prop_bufg_I_O)         0.101     5.260 r  tck_IBUF_BUFG_inst/O
                         net (fo=258, routed)         1.781     7.041    i_dmi_jtag/i_dmi_cdc/i_cdc_resp/i_dst/CLK
    SLICE_X93Y86         FDCE                                         r  i_dmi_jtag/i_dmi_cdc/i_cdc_resp/i_dst/data_dst_q_reg[data][21]/C

Slack:                    inf
  Source:                 i_dmi_jtag/i_dmi_cdc/i_cdc_resp/i_src/req_src_q_reg/C
                            (rising edge-triggered cell FDCE clocked by clk_out1_xlnx_clk_gen  {rise@0.000ns fall@10.000ns period=20.000ns})
  Destination:            i_dmi_jtag/i_dmi_cdc/i_cdc_resp/i_dst/req_dst_q_reg/D
                            (rising edge-triggered cell FDCE clocked by tck  {rise@0.000ns fall@50.000ns period=100.000ns})
  Path Group:             (none)
  Path Type:              Hold (Min at Slow Process Corner)
  Data Path Delay:        0.752ns  (logic 0.367ns (48.788%)  route 0.385ns (51.212%))
  Logic Levels:           0  
  Clock Path Skew:        8.586ns (DCD - SCD - CPR)
    Destination Clock Delay (DCD):    7.043ns
    Source Clock Delay      (SCD):    -1.542ns
    Clock Pessimism Removal (CPR):    -0.000ns
  Clock Uncertainty:      0.603ns  ((TSJ^2 + TIJ^2 + DJ^2)^1/2) / 2 + PE
    Total System Jitter     (TSJ):    0.071ns
    Total Input Jitter      (TIJ):    1.000ns
    Discrete Jitter          (DJ):    0.142ns
    Phase Error              (PE):    0.097ns
  Timing Exception:       False Path

    Location             Delay type                Incr(ns)  Path(ns)    Netlist Resource(s)
  -------------------------------------------------------------------    -------------------
                         (clock clk_out1_xlnx_clk_gen rise edge)
                                                      0.000     0.000 r  
    K17                                               0.000     0.000 r  clk_sys (IN)
                         net (fo=0)                   0.000     0.000    i_xlnx_clk_gen/inst/clk_in1
    K17                  IBUF (Prop_ibuf_I_O)         1.404     1.404 r  i_xlnx_clk_gen/inst/clkin1_ibufg/O
                         net (fo=1, routed)           1.162     2.566    i_xlnx_clk_gen/inst/clk_in1_xlnx_clk_gen
    MMCME2_ADV_X1Y2      MMCME2_ADV (Prop_mmcme2_adv_CLKIN1_CLKOUT0)
                                                     -7.814    -5.248 r  i_xlnx_clk_gen/inst/mmcm_adv_inst/CLKOUT0
                         net (fo=1, routed)           2.012    -3.236    i_xlnx_clk_gen/inst/clk_out1_xlnx_clk_gen
    BUFGCTRL_X0Y16       BUFG (Prop_bufg_I_O)         0.091    -3.145 r  i_xlnx_clk_gen/inst/clkout1_buf/O
                         net (fo=15149, routed)       1.603    -1.542    i_dmi_jtag/i_dmi_cdc/i_cdc_resp/i_src/clk_out1
    SLICE_X99Y85         FDCE                                         r  i_dmi_jtag/i_dmi_cdc/i_cdc_resp/i_src/req_src_q_reg/C
  -------------------------------------------------------------------    -------------------
    SLICE_X99Y85         FDCE (Prop_fdce_C_Q)         0.367    -1.175 r  i_dmi_jtag/i_dmi_cdc/i_cdc_resp/i_src/req_src_q_reg/Q
                         net (fo=6, routed)           0.385    -0.790    i_dmi_jtag/i_dmi_cdc/i_cdc_resp/i_dst/req_dst_q_reg_0
    SLICE_X98Y86         FDCE                                         r  i_dmi_jtag/i_dmi_cdc/i_cdc_resp/i_dst/req_dst_q_reg/D
  -------------------------------------------------------------------    -------------------

                         (clock tck rise edge)        0.000     0.000 r  
    H15                                               0.000     0.000 r  tck (IN)
                         net (fo=0)                   0.000     0.000    tck
    H15                  IBUF (Prop_ibuf_I_O)         1.500     1.500 r  tck_IBUF_inst/O
                         net (fo=1, routed)           3.659     5.159    tck_IBUF
    BUFGCTRL_X0Y0        BUFG (Prop_bufg_I_O)         0.101     5.260 r  tck_IBUF_BUFG_inst/O
                         net (fo=258, routed)         1.783     7.043    i_dmi_jtag/i_dmi_cdc/i_cdc_resp/i_dst/CLK
    SLICE_X98Y86         FDCE                                         r  i_dmi_jtag/i_dmi_cdc/i_cdc_resp/i_dst/req_dst_q_reg/C

Slack:                    inf
  Source:                 i_dmi_jtag/i_dmi_cdc/i_cdc_resp/i_src/data_src_q_reg[data][2]/C
                            (rising edge-triggered cell FDCE clocked by clk_out1_xlnx_clk_gen  {rise@0.000ns fall@10.000ns period=20.000ns})
  Destination:            i_dmi_jtag/i_dmi_cdc/i_cdc_resp/i_dst/data_dst_q_reg[data][2]/D
                            (rising edge-triggered cell FDCE clocked by tck  {rise@0.000ns fall@50.000ns period=100.000ns})
  Path Group:             (none)
  Path Type:              Hold (Min at Slow Process Corner)
  Data Path Delay:        0.770ns  (logic 0.385ns (49.994%)  route 0.385ns (50.006%))
  Logic Levels:           0  
  Clock Path Skew:        8.585ns (DCD - SCD - CPR)
    Destination Clock Delay (DCD):    7.036ns
    Source Clock Delay      (SCD):    -1.548ns
    Clock Pessimism Removal (CPR):    -0.000ns
  Clock Uncertainty:      0.603ns  ((TSJ^2 + TIJ^2 + DJ^2)^1/2) / 2 + PE
    Total System Jitter     (TSJ):    0.071ns
    Total Input Jitter      (TIJ):    1.000ns
    Discrete Jitter          (DJ):    0.142ns
    Phase Error              (PE):    0.097ns
  Timing Exception:       False Path

    Location             Delay type                Incr(ns)  Path(ns)    Netlist Resource(s)
  -------------------------------------------------------------------    -------------------
                         (clock clk_out1_xlnx_clk_gen rise edge)
                                                      0.000     0.000 r  
    K17                                               0.000     0.000 r  clk_sys (IN)
                         net (fo=0)                   0.000     0.000    i_xlnx_clk_gen/inst/clk_in1
    K17                  IBUF (Prop_ibuf_I_O)         1.404     1.404 r  i_xlnx_clk_gen/inst/clkin1_ibufg/O
                         net (fo=1, routed)           1.162     2.566    i_xlnx_clk_gen/inst/clk_in1_xlnx_clk_gen
    MMCME2_ADV_X1Y2      MMCME2_ADV (Prop_mmcme2_adv_CLKIN1_CLKOUT0)
                                                     -7.814    -5.248 r  i_xlnx_clk_gen/inst/mmcm_adv_inst/CLKOUT0
                         net (fo=1, routed)           2.012    -3.236    i_xlnx_clk_gen/inst/clk_out1_xlnx_clk_gen
    BUFGCTRL_X0Y16       BUFG (Prop_bufg_I_O)         0.091    -3.145 r  i_xlnx_clk_gen/inst/clkout1_buf/O
                         net (fo=15149, routed)       1.597    -1.548    i_dmi_jtag/i_dmi_cdc/i_cdc_resp/i_src/clk_out1
    SLICE_X98Y80         FDCE                                         r  i_dmi_jtag/i_dmi_cdc/i_cdc_resp/i_src/data_src_q_reg[data][2]/C
  -------------------------------------------------------------------    -------------------
    SLICE_X98Y80         FDCE (Prop_fdce_C_Q)         0.385    -1.163 r  i_dmi_jtag/i_dmi_cdc/i_cdc_resp/i_src/data_src_q_reg[data][2]/Q
                         net (fo=1, routed)           0.385    -0.778    i_dmi_jtag/i_dmi_cdc/i_cdc_resp/i_dst/D[2]
    SLICE_X102Y80        FDCE                                         r  i_dmi_jtag/i_dmi_cdc/i_cdc_resp/i_dst/data_dst_q_reg[data][2]/D
  -------------------------------------------------------------------    -------------------

                         (clock tck rise edge)        0.000     0.000 r  
    H15                                               0.000     0.000 r  tck (IN)
                         net (fo=0)                   0.000     0.000    tck
    H15                  IBUF (Prop_ibuf_I_O)         1.500     1.500 r  tck_IBUF_inst/O
                         net (fo=1, routed)           3.659     5.159    tck_IBUF
    BUFGCTRL_X0Y0        BUFG (Prop_bufg_I_O)         0.101     5.260 r  tck_IBUF_BUFG_inst/O
                         net (fo=258, routed)         1.776     7.036    i_dmi_jtag/i_dmi_cdc/i_cdc_resp/i_dst/CLK
    SLICE_X102Y80        FDCE                                         r  i_dmi_jtag/i_dmi_cdc/i_cdc_resp/i_dst/data_dst_q_reg[data][2]/C





--------------------------------------------------------------------------------------
Path Group:  (none)
From Clock:  clk_out1_xlnx_clk_gen
  To Clock:  

Max Delay            33 Endpoints
Min Delay            33 Endpoints
--------------------------------------------------------------------------------------


Max Delay Paths
--------------------------------------------------------------------------------------
Slack:                    inf
  Source:                 i_ariane/i_cva6/csr_regfile_i/debug_mode_q_reg/C
                            (rising edge-triggered cell FDCE clocked by clk_out1_xlnx_clk_gen  {rise@0.000ns fall@10.000ns period=20.000ns})
  Destination:            i_ariane/i_cva6/ex_stage_i/lsu_i/i_load_unit/result_o_reg[11]/D
  Path Group:             (none)
  Path Type:              Max at Slow Process Corner
  Data Path Delay:        20.808ns  (logic 4.034ns (19.386%)  route 16.774ns (80.614%))
  Logic Levels:           19  (CARRY4=2 LUT3=2 LUT4=1 LUT5=5 LUT6=9)
  Clock Uncertainty:      0.172ns  ((TSJ^2 + DJ^2)^1/2) / 2 + PE
    Total System Jitter     (TSJ):    0.050ns
    Discrete Jitter          (DJ):    0.142ns
    Phase Error              (PE):    0.097ns

    Location             Delay type                Incr(ns)  Path(ns)    Netlist Resource(s)
  -------------------------------------------------------------------    -------------------
                         (clock clk_out1_xlnx_clk_gen rise edge)
                                                      0.000     0.000 r  
    K17                                               0.000     0.000 r  clk_sys (IN)
                         net (fo=0)                   0.000     0.000    i_xlnx_clk_gen/inst/clk_in1
    K17                  IBUF (Prop_ibuf_I_O)         1.475     1.475 r  i_xlnx_clk_gen/inst/clkin1_ibufg/O
                         net (fo=1, routed)           1.285     2.760    i_xlnx_clk_gen/inst/clk_in1_xlnx_clk_gen
    MMCME2_ADV_X1Y2      MMCME2_ADV (Prop_mmcme2_adv_CLKIN1_CLKOUT0)
                                                     -7.759    -4.999 r  i_xlnx_clk_gen/inst/mmcm_adv_inst/CLKOUT0
                         net (fo=1, routed)           2.206    -2.793    i_xlnx_clk_gen/inst/clk_out1_xlnx_clk_gen
    BUFGCTRL_X0Y16       BUFG (Prop_bufg_I_O)         0.101    -2.692 r  i_xlnx_clk_gen/inst/clkout1_buf/O
                         net (fo=15149, routed)       1.732    -0.960    i_ariane/i_cva6/csr_regfile_i/clk_out1
    SLICE_X66Y5          FDCE                                         r  i_ariane/i_cva6/csr_regfile_i/debug_mode_q_reg/C
  -------------------------------------------------------------------    -------------------
    SLICE_X66Y5          FDCE (Prop_fdce_C_Q)         0.518    -0.442 f  i_ariane/i_cva6/csr_regfile_i/debug_mode_q_reg/Q
                         net (fo=105, routed)         1.134     0.692    i_ariane/i_cva6/csr_regfile_i/debug_mode_q_reg_2
    SLICE_X68Y11         LUT3 (Prop_lut3_I2_O)        0.150     0.842 r  i_ariane/i_cva6/csr_regfile_i/en_ld_st_translation_q_i_2/O
                         net (fo=2, routed)           0.602     1.444    i_ariane/i_cva6/csr_regfile_i/en_ld_st_translation_q_i_2_n_1
    SLICE_X71Y12         LUT6 (Prop_lut6_I1_O)        0.326     1.770 f  i_ariane/i_cva6/csr_regfile_i/gen_register.d_o[34]_i_3/O
                         net (fo=4, routed)           0.779     2.548    i_ariane/i_cva6/ex_stage_i/lsu_i/gen_mmu_sv32.i_cva6_mmu/i_ptw/gen_register.d_o_reg[33]
    SLICE_X84Y12         LUT6 (Prop_lut6_I2_O)        0.124     2.672 r  i_ariane/i_cva6/ex_stage_i/lsu_i/gen_mmu_sv32.i_cva6_mmu/i_ptw/gen_register.d_o[33]_i_1/O
                         net (fo=53, routed)          0.943     3.615    i_ariane/i_cva6/ex_stage_i/lsu_i/i_load_unit/store_exception_ex_id[cause][0]
    SLICE_X96Y12         LUT6 (Prop_lut6_I0_O)        0.124     3.739 r  i_ariane/i_cva6/ex_stage_i/lsu_i/i_load_unit/i___144_i_1/O
                         net (fo=13, routed)          0.923     4.662    i_ariane/i_cva6/gen_cache_wt.i_cache_subsystem/i_wt_dcache/gen_rd_ports[1].i_wt_dcache_ctrl/dcache_req_ports_ex_cache[1][kill_req]
    SLICE_X99Y22         LUT5 (Prop_lut5_I2_O)        0.124     4.786 r  i_ariane/i_cva6/gen_cache_wt.i_cache_subsystem/i_wt_dcache/gen_rd_ports[1].i_wt_dcache_ctrl/i___124_i_2/O
                         net (fo=22, routed)          0.784     5.571    i_ariane/i_cva6/gen_cache_wt.i_cache_subsystem/i_wt_dcache/gen_rd_ports[1].i_wt_dcache_ctrl/FSM_sequential_state_q_reg[0]_1
    SLICE_X97Y14         LUT6 (Prop_lut6_I1_O)        0.124     5.695 f  i_ariane/i_cva6/gen_cache_wt.i_cache_subsystem/i_wt_dcache/gen_rd_ports[1].i_wt_dcache_ctrl/rd_hit_oh_q[1]_i_27/O
                         net (fo=1, routed)           0.298     5.993    i_ariane/i_cva6/gen_cache_wt.i_cache_subsystem/i_wt_dcache/gen_rd_ports[0].i_wt_dcache_ctrl/rd_hit_oh_q[0]_i_9
    SLICE_X94Y14         LUT6 (Prop_lut6_I5_O)        0.124     6.117 r  i_ariane/i_cva6/gen_cache_wt.i_cache_subsystem/i_wt_dcache/gen_rd_ports[0].i_wt_dcache_ctrl/rd_hit_oh_q[1]_i_17/O
                         net (fo=3, routed)           1.140     7.258    i_ariane/i_cva6/gen_cache_wt.i_cache_subsystem/i_wt_dcache/i_wt_dcache_missunit/i___138_i_44_1
    SLICE_X97Y17         LUT3 (Prop_lut3_I1_O)        0.153     7.411 r  i_ariane/i_cva6/gen_cache_wt.i_cache_subsystem/i_wt_dcache/i_wt_dcache_missunit/i___138_i_37/O
                         net (fo=2, routed)           0.459     7.870    i_ariane/i_cva6/gen_cache_wt.i_cache_subsystem/i_wt_dcache/i_wt_dcache_missunit/i___138_i_37_n_1
    SLICE_X98Y18         LUT6 (Prop_lut6_I5_O)        0.327     8.197 r  i_ariane/i_cva6/gen_cache_wt.i_cache_subsystem/i_wt_dcache/i_wt_dcache_missunit/i___138_i_12/O
                         net (fo=1, routed)           0.000     8.197    i_ariane/i_cva6/gen_cache_wt.i_cache_subsystem/i_wt_dcache/i_wt_dcache_missunit/i___138_i_12_n_1
    SLICE_X98Y18         CARRY4 (Prop_carry4_S[1]_CO[3])
                                                      0.533     8.730 r  i_ariane/i_cva6/gen_cache_wt.i_cache_subsystem/i_wt_dcache/i_wt_dcache_missunit/i___138_i_4/CO[3]
                         net (fo=1, routed)           0.000     8.730    i_ariane/i_cva6/gen_cache_wt.i_cache_subsystem/i_wt_dcache/i_wt_dcache_missunit/i___138_i_4_n_1
    SLICE_X98Y19         CARRY4 (Prop_carry4_CI_CO[2])
                                                      0.229     8.959 f  i_ariane/i_cva6/gen_cache_wt.i_cache_subsystem/i_wt_dcache/i_wt_dcache_missunit/i___138_i_2/CO[2]
                         net (fo=2, routed)           0.859     9.817    i_ariane/i_cva6/gen_cache_wt.i_cache_subsystem/i_wt_dcache/i_wt_dcache_wbuffer/CO[0]
    SLICE_X96Y27         LUT5 (Prop_lut5_I0_O)        0.310    10.127 f  i_ariane/i_cva6/gen_cache_wt.i_cache_subsystem/i_wt_dcache/i_wt_dcache_wbuffer/i___138_i_1/O
                         net (fo=37, routed)          0.473    10.600    i_ariane/i_cva6/gen_cache_wt.i_cache_subsystem/i_wt_dcache/i_wt_dcache_wbuffer/wbuffer_q_reg[0][valid][0]_1
    SLICE_X96Y26         LUT6 (Prop_lut6_I0_O)        0.124    10.724 f  i_ariane/i_cva6/gen_cache_wt.i_cache_subsystem/i_wt_dcache/i_wt_dcache_wbuffer/i___138_i_3/O
                         net (fo=4, routed)           0.611    11.335    i_ariane/i_cva6/gen_cache_wt.i_cache_subsystem/i_wt_dcache_n_393
    SLICE_X93Y27         LUT4 (Prop_lut4_I3_O)        0.124    11.459 r  i_ariane/i_cva6/gen_cache_wt.i_cache_subsystem/i___141/O
                         net (fo=8, routed)           1.234    12.693    i_ariane/i_cva6/gen_cache_wt.i_cache_subsystem/i_wt_dcache/i_wt_dcache_wbuffer/data_rdata_q_reg[31]
    SLICE_X69Y29         LUT5 (Prop_lut5_I1_O)        0.124    12.817 r  i_ariane/i_cva6/gen_cache_wt.i_cache_subsystem/i_wt_dcache/i_wt_dcache_wbuffer/data_rdata_q[31]_i_1/O
                         net (fo=6, routed)           1.676    14.493    i_ariane/i_cva6/gen_cache_wt.i_cache_subsystem/i_wt_dcache/i_wt_dcache_wbuffer/req_port_i[data_rdata][30]
    SLICE_X83Y21         LUT6 (Prop_lut6_I1_O)        0.124    14.617 r  i_ariane/i_cva6/gen_cache_wt.i_cache_subsystem/i_wt_dcache/i_wt_dcache_wbuffer/result_o_reg[31]_i_9/O
                         net (fo=1, routed)           1.121    15.738    i_ariane/i_cva6/ex_stage_i/lsu_i/i_load_unit/rdata_sign_bit1__2
    SLICE_X96Y13         LUT6 (Prop_lut6_I0_O)        0.124    15.862 r  i_ariane/i_cva6/ex_stage_i/lsu_i/i_load_unit/result_o_reg[31]_i_5/O
                         net (fo=1, routed)           0.503    16.365    i_ariane/i_cva6/ex_stage_i/lsu_i/i_load_unit/result_o_reg[31]_i_5_n_1
    SLICE_X96Y13         LUT5 (Prop_lut5_I0_O)        0.124    16.489 r  i_ariane/i_cva6/ex_stage_i/lsu_i/i_load_unit/result_o_reg[31]_i_2/O
                         net (fo=24, routed)          2.331    18.820    i_ariane/i_cva6/ex_stage_i/lsu_i/i_load_unit/rdata_sign_bit__5
    SLICE_X76Y24         LUT5 (Prop_lut5_I0_O)        0.124    18.944 r  i_ariane/i_cva6/ex_stage_i/lsu_i/i_load_unit/result_o_reg[11]_i_1/O
                         net (fo=1, routed)           0.904    19.848    i_ariane/i_cva6/ex_stage_i/lsu_i/i_load_unit/result_o_reg[11]_i_1_n_1
    SLICE_X80Y11         LDCE                                         r  i_ariane/i_cva6/ex_stage_i/lsu_i/i_load_unit/result_o_reg[11]/D
  -------------------------------------------------------------------    -------------------

Slack:                    inf
  Source:                 i_ariane/i_cva6/csr_regfile_i/debug_mode_q_reg/C
                            (rising edge-triggered cell FDCE clocked by clk_out1_xlnx_clk_gen  {rise@0.000ns fall@10.000ns period=20.000ns})
  Destination:            i_ariane/i_cva6/ex_stage_i/lsu_i/i_load_unit/result_o_reg[13]/D
  Path Group:             (none)
  Path Type:              Max at Slow Process Corner
  Data Path Delay:        20.660ns  (logic 4.034ns (19.525%)  route 16.626ns (80.475%))
  Logic Levels:           19  (CARRY4=2 LUT3=2 LUT4=1 LUT5=5 LUT6=9)
  Clock Uncertainty:      0.172ns  ((TSJ^2 + DJ^2)^1/2) / 2 + PE
    Total System Jitter     (TSJ):    0.050ns
    Discrete Jitter          (DJ):    0.142ns
    Phase Error              (PE):    0.097ns

    Location             Delay type                Incr(ns)  Path(ns)    Netlist Resource(s)
  -------------------------------------------------------------------    -------------------
                         (clock clk_out1_xlnx_clk_gen rise edge)
                                                      0.000     0.000 r  
    K17                                               0.000     0.000 r  clk_sys (IN)
                         net (fo=0)                   0.000     0.000    i_xlnx_clk_gen/inst/clk_in1
    K17                  IBUF (Prop_ibuf_I_O)         1.475     1.475 r  i_xlnx_clk_gen/inst/clkin1_ibufg/O
                         net (fo=1, routed)           1.285     2.760    i_xlnx_clk_gen/inst/clk_in1_xlnx_clk_gen
    MMCME2_ADV_X1Y2      MMCME2_ADV (Prop_mmcme2_adv_CLKIN1_CLKOUT0)
                                                     -7.759    -4.999 r  i_xlnx_clk_gen/inst/mmcm_adv_inst/CLKOUT0
                         net (fo=1, routed)           2.206    -2.793    i_xlnx_clk_gen/inst/clk_out1_xlnx_clk_gen
    BUFGCTRL_X0Y16       BUFG (Prop_bufg_I_O)         0.101    -2.692 r  i_xlnx_clk_gen/inst/clkout1_buf/O
                         net (fo=15149, routed)       1.732    -0.960    i_ariane/i_cva6/csr_regfile_i/clk_out1
    SLICE_X66Y5          FDCE                                         r  i_ariane/i_cva6/csr_regfile_i/debug_mode_q_reg/C
  -------------------------------------------------------------------    -------------------
    SLICE_X66Y5          FDCE (Prop_fdce_C_Q)         0.518    -0.442 f  i_ariane/i_cva6/csr_regfile_i/debug_mode_q_reg/Q
                         net (fo=105, routed)         1.134     0.692    i_ariane/i_cva6/csr_regfile_i/debug_mode_q_reg_2
    SLICE_X68Y11         LUT3 (Prop_lut3_I2_O)        0.150     0.842 r  i_ariane/i_cva6/csr_regfile_i/en_ld_st_translation_q_i_2/O
                         net (fo=2, routed)           0.602     1.444    i_ariane/i_cva6/csr_regfile_i/en_ld_st_translation_q_i_2_n_1
    SLICE_X71Y12         LUT6 (Prop_lut6_I1_O)        0.326     1.770 f  i_ariane/i_cva6/csr_regfile_i/gen_register.d_o[34]_i_3/O
                         net (fo=4, routed)           0.779     2.548    i_ariane/i_cva6/ex_stage_i/lsu_i/gen_mmu_sv32.i_cva6_mmu/i_ptw/gen_register.d_o_reg[33]
    SLICE_X84Y12         LUT6 (Prop_lut6_I2_O)        0.124     2.672 r  i_ariane/i_cva6/ex_stage_i/lsu_i/gen_mmu_sv32.i_cva6_mmu/i_ptw/gen_register.d_o[33]_i_1/O
                         net (fo=53, routed)          0.943     3.615    i_ariane/i_cva6/ex_stage_i/lsu_i/i_load_unit/store_exception_ex_id[cause][0]
    SLICE_X96Y12         LUT6 (Prop_lut6_I0_O)        0.124     3.739 r  i_ariane/i_cva6/ex_stage_i/lsu_i/i_load_unit/i___144_i_1/O
                         net (fo=13, routed)          0.923     4.662    i_ariane/i_cva6/gen_cache_wt.i_cache_subsystem/i_wt_dcache/gen_rd_ports[1].i_wt_dcache_ctrl/dcache_req_ports_ex_cache[1][kill_req]
    SLICE_X99Y22         LUT5 (Prop_lut5_I2_O)        0.124     4.786 r  i_ariane/i_cva6/gen_cache_wt.i_cache_subsystem/i_wt_dcache/gen_rd_ports[1].i_wt_dcache_ctrl/i___124_i_2/O
                         net (fo=22, routed)          0.784     5.571    i_ariane/i_cva6/gen_cache_wt.i_cache_subsystem/i_wt_dcache/gen_rd_ports[1].i_wt_dcache_ctrl/FSM_sequential_state_q_reg[0]_1
    SLICE_X97Y14         LUT6 (Prop_lut6_I1_O)        0.124     5.695 f  i_ariane/i_cva6/gen_cache_wt.i_cache_subsystem/i_wt_dcache/gen_rd_ports[1].i_wt_dcache_ctrl/rd_hit_oh_q[1]_i_27/O
                         net (fo=1, routed)           0.298     5.993    i_ariane/i_cva6/gen_cache_wt.i_cache_subsystem/i_wt_dcache/gen_rd_ports[0].i_wt_dcache_ctrl/rd_hit_oh_q[0]_i_9
    SLICE_X94Y14         LUT6 (Prop_lut6_I5_O)        0.124     6.117 r  i_ariane/i_cva6/gen_cache_wt.i_cache_subsystem/i_wt_dcache/gen_rd_ports[0].i_wt_dcache_ctrl/rd_hit_oh_q[1]_i_17/O
                         net (fo=3, routed)           1.140     7.258    i_ariane/i_cva6/gen_cache_wt.i_cache_subsystem/i_wt_dcache/i_wt_dcache_missunit/i___138_i_44_1
    SLICE_X97Y17         LUT3 (Prop_lut3_I1_O)        0.153     7.411 r  i_ariane/i_cva6/gen_cache_wt.i_cache_subsystem/i_wt_dcache/i_wt_dcache_missunit/i___138_i_37/O
                         net (fo=2, routed)           0.459     7.870    i_ariane/i_cva6/gen_cache_wt.i_cache_subsystem/i_wt_dcache/i_wt_dcache_missunit/i___138_i_37_n_1
    SLICE_X98Y18         LUT6 (Prop_lut6_I5_O)        0.327     8.197 r  i_ariane/i_cva6/gen_cache_wt.i_cache_subsystem/i_wt_dcache/i_wt_dcache_missunit/i___138_i_12/O
                         net (fo=1, routed)           0.000     8.197    i_ariane/i_cva6/gen_cache_wt.i_cache_subsystem/i_wt_dcache/i_wt_dcache_missunit/i___138_i_12_n_1
    SLICE_X98Y18         CARRY4 (Prop_carry4_S[1]_CO[3])
                                                      0.533     8.730 r  i_ariane/i_cva6/gen_cache_wt.i_cache_subsystem/i_wt_dcache/i_wt_dcache_missunit/i___138_i_4/CO[3]
                         net (fo=1, routed)           0.000     8.730    i_ariane/i_cva6/gen_cache_wt.i_cache_subsystem/i_wt_dcache/i_wt_dcache_missunit/i___138_i_4_n_1
    SLICE_X98Y19         CARRY4 (Prop_carry4_CI_CO[2])
                                                      0.229     8.959 f  i_ariane/i_cva6/gen_cache_wt.i_cache_subsystem/i_wt_dcache/i_wt_dcache_missunit/i___138_i_2/CO[2]
                         net (fo=2, routed)           0.859     9.817    i_ariane/i_cva6/gen_cache_wt.i_cache_subsystem/i_wt_dcache/i_wt_dcache_wbuffer/CO[0]
    SLICE_X96Y27         LUT5 (Prop_lut5_I0_O)        0.310    10.127 f  i_ariane/i_cva6/gen_cache_wt.i_cache_subsystem/i_wt_dcache/i_wt_dcache_wbuffer/i___138_i_1/O
                         net (fo=37, routed)          0.473    10.600    i_ariane/i_cva6/gen_cache_wt.i_cache_subsystem/i_wt_dcache/i_wt_dcache_wbuffer/wbuffer_q_reg[0][valid][0]_1
    SLICE_X96Y26         LUT6 (Prop_lut6_I0_O)        0.124    10.724 f  i_ariane/i_cva6/gen_cache_wt.i_cache_subsystem/i_wt_dcache/i_wt_dcache_wbuffer/i___138_i_3/O
                         net (fo=4, routed)           0.611    11.335    i_ariane/i_cva6/gen_cache_wt.i_cache_subsystem/i_wt_dcache_n_393
    SLICE_X93Y27         LUT4 (Prop_lut4_I3_O)        0.124    11.459 r  i_ariane/i_cva6/gen_cache_wt.i_cache_subsystem/i___141/O
                         net (fo=8, routed)           1.234    12.693    i_ariane/i_cva6/gen_cache_wt.i_cache_subsystem/i_wt_dcache/i_wt_dcache_wbuffer/data_rdata_q_reg[31]
    SLICE_X69Y29         LUT5 (Prop_lut5_I1_O)        0.124    12.817 r  i_ariane/i_cva6/gen_cache_wt.i_cache_subsystem/i_wt_dcache/i_wt_dcache_wbuffer/data_rdata_q[31]_i_1/O
                         net (fo=6, routed)           1.676    14.493    i_ariane/i_cva6/gen_cache_wt.i_cache_subsystem/i_wt_dcache/i_wt_dcache_wbuffer/req_port_i[data_rdata][30]
    SLICE_X83Y21         LUT6 (Prop_lut6_I1_O)        0.124    14.617 r  i_ariane/i_cva6/gen_cache_wt.i_cache_subsystem/i_wt_dcache/i_wt_dcache_wbuffer/result_o_reg[31]_i_9/O
                         net (fo=1, routed)           1.121    15.738    i_ariane/i_cva6/ex_stage_i/lsu_i/i_load_unit/rdata_sign_bit1__2
    SLICE_X96Y13         LUT6 (Prop_lut6_I0_O)        0.124    15.862 r  i_ariane/i_cva6/ex_stage_i/lsu_i/i_load_unit/result_o_reg[31]_i_5/O
                         net (fo=1, routed)           0.503    16.365    i_ariane/i_cva6/ex_stage_i/lsu_i/i_load_unit/result_o_reg[31]_i_5_n_1
    SLICE_X96Y13         LUT5 (Prop_lut5_I0_O)        0.124    16.489 r  i_ariane/i_cva6/ex_stage_i/lsu_i/i_load_unit/result_o_reg[31]_i_2/O
                         net (fo=24, routed)          2.545    19.034    i_ariane/i_cva6/ex_stage_i/lsu_i/i_load_unit/rdata_sign_bit__5
    SLICE_X77Y24         LUT5 (Prop_lut5_I0_O)        0.124    19.158 r  i_ariane/i_cva6/ex_stage_i/lsu_i/i_load_unit/result_o_reg[13]_i_1/O
                         net (fo=1, routed)           0.542    19.700    i_ariane/i_cva6/ex_stage_i/lsu_i/i_load_unit/result_o_reg[13]_i_1_n_1
    SLICE_X78Y24         LDCE                                         r  i_ariane/i_cva6/ex_stage_i/lsu_i/i_load_unit/result_o_reg[13]/D
  -------------------------------------------------------------------    -------------------

Slack:                    inf
  Source:                 i_ariane/i_cva6/csr_regfile_i/debug_mode_q_reg/C
                            (rising edge-triggered cell FDCE clocked by clk_out1_xlnx_clk_gen  {rise@0.000ns fall@10.000ns period=20.000ns})
  Destination:            i_ariane/i_cva6/ex_stage_i/lsu_i/i_load_unit/result_o_reg[9]/D
  Path Group:             (none)
  Path Type:              Max at Slow Process Corner
  Data Path Delay:        20.644ns  (logic 4.034ns (19.541%)  route 16.610ns (80.459%))
  Logic Levels:           19  (CARRY4=2 LUT3=2 LUT4=1 LUT5=5 LUT6=9)
  Clock Uncertainty:      0.172ns  ((TSJ^2 + DJ^2)^1/2) / 2 + PE
    Total System Jitter     (TSJ):    0.050ns
    Discrete Jitter          (DJ):    0.142ns
    Phase Error              (PE):    0.097ns

    Location             Delay type                Incr(ns)  Path(ns)    Netlist Resource(s)
  -------------------------------------------------------------------    -------------------
                         (clock clk_out1_xlnx_clk_gen rise edge)
                                                      0.000     0.000 r  
    K17                                               0.000     0.000 r  clk_sys (IN)
                         net (fo=0)                   0.000     0.000    i_xlnx_clk_gen/inst/clk_in1
    K17                  IBUF (Prop_ibuf_I_O)         1.475     1.475 r  i_xlnx_clk_gen/inst/clkin1_ibufg/O
                         net (fo=1, routed)           1.285     2.760    i_xlnx_clk_gen/inst/clk_in1_xlnx_clk_gen
    MMCME2_ADV_X1Y2      MMCME2_ADV (Prop_mmcme2_adv_CLKIN1_CLKOUT0)
                                                     -7.759    -4.999 r  i_xlnx_clk_gen/inst/mmcm_adv_inst/CLKOUT0
                         net (fo=1, routed)           2.206    -2.793    i_xlnx_clk_gen/inst/clk_out1_xlnx_clk_gen
    BUFGCTRL_X0Y16       BUFG (Prop_bufg_I_O)         0.101    -2.692 r  i_xlnx_clk_gen/inst/clkout1_buf/O
                         net (fo=15149, routed)       1.732    -0.960    i_ariane/i_cva6/csr_regfile_i/clk_out1
    SLICE_X66Y5          FDCE                                         r  i_ariane/i_cva6/csr_regfile_i/debug_mode_q_reg/C
  -------------------------------------------------------------------    -------------------
    SLICE_X66Y5          FDCE (Prop_fdce_C_Q)         0.518    -0.442 f  i_ariane/i_cva6/csr_regfile_i/debug_mode_q_reg/Q
                         net (fo=105, routed)         1.134     0.692    i_ariane/i_cva6/csr_regfile_i/debug_mode_q_reg_2
    SLICE_X68Y11         LUT3 (Prop_lut3_I2_O)        0.150     0.842 r  i_ariane/i_cva6/csr_regfile_i/en_ld_st_translation_q_i_2/O
                         net (fo=2, routed)           0.602     1.444    i_ariane/i_cva6/csr_regfile_i/en_ld_st_translation_q_i_2_n_1
    SLICE_X71Y12         LUT6 (Prop_lut6_I1_O)        0.326     1.770 f  i_ariane/i_cva6/csr_regfile_i/gen_register.d_o[34]_i_3/O
                         net (fo=4, routed)           0.779     2.548    i_ariane/i_cva6/ex_stage_i/lsu_i/gen_mmu_sv32.i_cva6_mmu/i_ptw/gen_register.d_o_reg[33]
    SLICE_X84Y12         LUT6 (Prop_lut6_I2_O)        0.124     2.672 r  i_ariane/i_cva6/ex_stage_i/lsu_i/gen_mmu_sv32.i_cva6_mmu/i_ptw/gen_register.d_o[33]_i_1/O
                         net (fo=53, routed)          0.943     3.615    i_ariane/i_cva6/ex_stage_i/lsu_i/i_load_unit/store_exception_ex_id[cause][0]
    SLICE_X96Y12         LUT6 (Prop_lut6_I0_O)        0.124     3.739 r  i_ariane/i_cva6/ex_stage_i/lsu_i/i_load_unit/i___144_i_1/O
                         net (fo=13, routed)          0.923     4.662    i_ariane/i_cva6/gen_cache_wt.i_cache_subsystem/i_wt_dcache/gen_rd_ports[1].i_wt_dcache_ctrl/dcache_req_ports_ex_cache[1][kill_req]
    SLICE_X99Y22         LUT5 (Prop_lut5_I2_O)        0.124     4.786 r  i_ariane/i_cva6/gen_cache_wt.i_cache_subsystem/i_wt_dcache/gen_rd_ports[1].i_wt_dcache_ctrl/i___124_i_2/O
                         net (fo=22, routed)          0.784     5.571    i_ariane/i_cva6/gen_cache_wt.i_cache_subsystem/i_wt_dcache/gen_rd_ports[1].i_wt_dcache_ctrl/FSM_sequential_state_q_reg[0]_1
    SLICE_X97Y14         LUT6 (Prop_lut6_I1_O)        0.124     5.695 f  i_ariane/i_cva6/gen_cache_wt.i_cache_subsystem/i_wt_dcache/gen_rd_ports[1].i_wt_dcache_ctrl/rd_hit_oh_q[1]_i_27/O
                         net (fo=1, routed)           0.298     5.993    i_ariane/i_cva6/gen_cache_wt.i_cache_subsystem/i_wt_dcache/gen_rd_ports[0].i_wt_dcache_ctrl/rd_hit_oh_q[0]_i_9
    SLICE_X94Y14         LUT6 (Prop_lut6_I5_O)        0.124     6.117 r  i_ariane/i_cva6/gen_cache_wt.i_cache_subsystem/i_wt_dcache/gen_rd_ports[0].i_wt_dcache_ctrl/rd_hit_oh_q[1]_i_17/O
                         net (fo=3, routed)           1.140     7.258    i_ariane/i_cva6/gen_cache_wt.i_cache_subsystem/i_wt_dcache/i_wt_dcache_missunit/i___138_i_44_1
    SLICE_X97Y17         LUT3 (Prop_lut3_I1_O)        0.153     7.411 r  i_ariane/i_cva6/gen_cache_wt.i_cache_subsystem/i_wt_dcache/i_wt_dcache_missunit/i___138_i_37/O
                         net (fo=2, routed)           0.459     7.870    i_ariane/i_cva6/gen_cache_wt.i_cache_subsystem/i_wt_dcache/i_wt_dcache_missunit/i___138_i_37_n_1
    SLICE_X98Y18         LUT6 (Prop_lut6_I5_O)        0.327     8.197 r  i_ariane/i_cva6/gen_cache_wt.i_cache_subsystem/i_wt_dcache/i_wt_dcache_missunit/i___138_i_12/O
                         net (fo=1, routed)           0.000     8.197    i_ariane/i_cva6/gen_cache_wt.i_cache_subsystem/i_wt_dcache/i_wt_dcache_missunit/i___138_i_12_n_1
    SLICE_X98Y18         CARRY4 (Prop_carry4_S[1]_CO[3])
                                                      0.533     8.730 r  i_ariane/i_cva6/gen_cache_wt.i_cache_subsystem/i_wt_dcache/i_wt_dcache_missunit/i___138_i_4/CO[3]
                         net (fo=1, routed)           0.000     8.730    i_ariane/i_cva6/gen_cache_wt.i_cache_subsystem/i_wt_dcache/i_wt_dcache_missunit/i___138_i_4_n_1
    SLICE_X98Y19         CARRY4 (Prop_carry4_CI_CO[2])
                                                      0.229     8.959 f  i_ariane/i_cva6/gen_cache_wt.i_cache_subsystem/i_wt_dcache/i_wt_dcache_missunit/i___138_i_2/CO[2]
                         net (fo=2, routed)           0.859     9.817    i_ariane/i_cva6/gen_cache_wt.i_cache_subsystem/i_wt_dcache/i_wt_dcache_wbuffer/CO[0]
    SLICE_X96Y27         LUT5 (Prop_lut5_I0_O)        0.310    10.127 f  i_ariane/i_cva6/gen_cache_wt.i_cache_subsystem/i_wt_dcache/i_wt_dcache_wbuffer/i___138_i_1/O
                         net (fo=37, routed)          0.473    10.600    i_ariane/i_cva6/gen_cache_wt.i_cache_subsystem/i_wt_dcache/i_wt_dcache_wbuffer/wbuffer_q_reg[0][valid][0]_1
    SLICE_X96Y26         LUT6 (Prop_lut6_I0_O)        0.124    10.724 f  i_ariane/i_cva6/gen_cache_wt.i_cache_subsystem/i_wt_dcache/i_wt_dcache_wbuffer/i___138_i_3/O
                         net (fo=4, routed)           0.611    11.335    i_ariane/i_cva6/gen_cache_wt.i_cache_subsystem/i_wt_dcache_n_393
    SLICE_X93Y27         LUT4 (Prop_lut4_I3_O)        0.124    11.459 r  i_ariane/i_cva6/gen_cache_wt.i_cache_subsystem/i___141/O
                         net (fo=8, routed)           1.234    12.693    i_ariane/i_cva6/gen_cache_wt.i_cache_subsystem/i_wt_dcache/i_wt_dcache_wbuffer/data_rdata_q_reg[31]
    SLICE_X69Y29         LUT5 (Prop_lut5_I1_O)        0.124    12.817 r  i_ariane/i_cva6/gen_cache_wt.i_cache_subsystem/i_wt_dcache/i_wt_dcache_wbuffer/data_rdata_q[31]_i_1/O
                         net (fo=6, routed)           1.676    14.493    i_ariane/i_cva6/gen_cache_wt.i_cache_subsystem/i_wt_dcache/i_wt_dcache_wbuffer/req_port_i[data_rdata][30]
    SLICE_X83Y21         LUT6 (Prop_lut6_I1_O)        0.124    14.617 r  i_ariane/i_cva6/gen_cache_wt.i_cache_subsystem/i_wt_dcache/i_wt_dcache_wbuffer/result_o_reg[31]_i_9/O
                         net (fo=1, routed)           1.121    15.738    i_ariane/i_cva6/ex_stage_i/lsu_i/i_load_unit/rdata_sign_bit1__2
    SLICE_X96Y13         LUT6 (Prop_lut6_I0_O)        0.124    15.862 r  i_ariane/i_cva6/ex_stage_i/lsu_i/i_load_unit/result_o_reg[31]_i_5/O
                         net (fo=1, routed)           0.503    16.365    i_ariane/i_cva6/ex_stage_i/lsu_i/i_load_unit/result_o_reg[31]_i_5_n_1
    SLICE_X96Y13         LUT5 (Prop_lut5_I0_O)        0.124    16.489 r  i_ariane/i_cva6/ex_stage_i/lsu_i/i_load_unit/result_o_reg[31]_i_2/O
                         net (fo=24, routed)          2.476    18.965    i_ariane/i_cva6/ex_stage_i/lsu_i/i_load_unit/rdata_sign_bit__5
    SLICE_X78Y24         LUT5 (Prop_lut5_I0_O)        0.124    19.089 r  i_ariane/i_cva6/ex_stage_i/lsu_i/i_load_unit/result_o_reg[9]_i_1/O
                         net (fo=1, routed)           0.595    19.684    i_ariane/i_cva6/ex_stage_i/lsu_i/i_load_unit/result_o_reg[9]_i_1_n_1
    SLICE_X78Y24         LDCE                                         r  i_ariane/i_cva6/ex_stage_i/lsu_i/i_load_unit/result_o_reg[9]/D
  -------------------------------------------------------------------    -------------------

Slack:                    inf
  Source:                 i_ariane/i_cva6/csr_regfile_i/debug_mode_q_reg/C
                            (rising edge-triggered cell FDCE clocked by clk_out1_xlnx_clk_gen  {rise@0.000ns fall@10.000ns period=20.000ns})
  Destination:            i_ariane/i_cva6/ex_stage_i/lsu_i/i_load_unit/result_o_reg[12]/D
  Path Group:             (none)
  Path Type:              Max at Slow Process Corner
  Data Path Delay:        20.623ns  (logic 4.034ns (19.560%)  route 16.589ns (80.440%))
  Logic Levels:           19  (CARRY4=2 LUT3=2 LUT4=1 LUT5=5 LUT6=9)
  Clock Uncertainty:      0.172ns  ((TSJ^2 + DJ^2)^1/2) / 2 + PE
    Total System Jitter     (TSJ):    0.050ns
    Discrete Jitter          (DJ):    0.142ns
    Phase Error              (PE):    0.097ns

    Location             Delay type                Incr(ns)  Path(ns)    Netlist Resource(s)
  -------------------------------------------------------------------    -------------------
                         (clock clk_out1_xlnx_clk_gen rise edge)
                                                      0.000     0.000 r  
    K17                                               0.000     0.000 r  clk_sys (IN)
                         net (fo=0)                   0.000     0.000    i_xlnx_clk_gen/inst/clk_in1
    K17                  IBUF (Prop_ibuf_I_O)         1.475     1.475 r  i_xlnx_clk_gen/inst/clkin1_ibufg/O
                         net (fo=1, routed)           1.285     2.760    i_xlnx_clk_gen/inst/clk_in1_xlnx_clk_gen
    MMCME2_ADV_X1Y2      MMCME2_ADV (Prop_mmcme2_adv_CLKIN1_CLKOUT0)
                                                     -7.759    -4.999 r  i_xlnx_clk_gen/inst/mmcm_adv_inst/CLKOUT0
                         net (fo=1, routed)           2.206    -2.793    i_xlnx_clk_gen/inst/clk_out1_xlnx_clk_gen
    BUFGCTRL_X0Y16       BUFG (Prop_bufg_I_O)         0.101    -2.692 r  i_xlnx_clk_gen/inst/clkout1_buf/O
                         net (fo=15149, routed)       1.732    -0.960    i_ariane/i_cva6/csr_regfile_i/clk_out1
    SLICE_X66Y5          FDCE                                         r  i_ariane/i_cva6/csr_regfile_i/debug_mode_q_reg/C
  -------------------------------------------------------------------    -------------------
    SLICE_X66Y5          FDCE (Prop_fdce_C_Q)         0.518    -0.442 f  i_ariane/i_cva6/csr_regfile_i/debug_mode_q_reg/Q
                         net (fo=105, routed)         1.134     0.692    i_ariane/i_cva6/csr_regfile_i/debug_mode_q_reg_2
    SLICE_X68Y11         LUT3 (Prop_lut3_I2_O)        0.150     0.842 r  i_ariane/i_cva6/csr_regfile_i/en_ld_st_translation_q_i_2/O
                         net (fo=2, routed)           0.602     1.444    i_ariane/i_cva6/csr_regfile_i/en_ld_st_translation_q_i_2_n_1
    SLICE_X71Y12         LUT6 (Prop_lut6_I1_O)        0.326     1.770 f  i_ariane/i_cva6/csr_regfile_i/gen_register.d_o[34]_i_3/O
                         net (fo=4, routed)           0.779     2.548    i_ariane/i_cva6/ex_stage_i/lsu_i/gen_mmu_sv32.i_cva6_mmu/i_ptw/gen_register.d_o_reg[33]
    SLICE_X84Y12         LUT6 (Prop_lut6_I2_O)        0.124     2.672 r  i_ariane/i_cva6/ex_stage_i/lsu_i/gen_mmu_sv32.i_cva6_mmu/i_ptw/gen_register.d_o[33]_i_1/O
                         net (fo=53, routed)          0.943     3.615    i_ariane/i_cva6/ex_stage_i/lsu_i/i_load_unit/store_exception_ex_id[cause][0]
    SLICE_X96Y12         LUT6 (Prop_lut6_I0_O)        0.124     3.739 r  i_ariane/i_cva6/ex_stage_i/lsu_i/i_load_unit/i___144_i_1/O
                         net (fo=13, routed)          0.923     4.662    i_ariane/i_cva6/gen_cache_wt.i_cache_subsystem/i_wt_dcache/gen_rd_ports[1].i_wt_dcache_ctrl/dcache_req_ports_ex_cache[1][kill_req]
    SLICE_X99Y22         LUT5 (Prop_lut5_I2_O)        0.124     4.786 r  i_ariane/i_cva6/gen_cache_wt.i_cache_subsystem/i_wt_dcache/gen_rd_ports[1].i_wt_dcache_ctrl/i___124_i_2/O
                         net (fo=22, routed)          0.784     5.571    i_ariane/i_cva6/gen_cache_wt.i_cache_subsystem/i_wt_dcache/gen_rd_ports[1].i_wt_dcache_ctrl/FSM_sequential_state_q_reg[0]_1
    SLICE_X97Y14         LUT6 (Prop_lut6_I1_O)        0.124     5.695 f  i_ariane/i_cva6/gen_cache_wt.i_cache_subsystem/i_wt_dcache/gen_rd_ports[1].i_wt_dcache_ctrl/rd_hit_oh_q[1]_i_27/O
                         net (fo=1, routed)           0.298     5.993    i_ariane/i_cva6/gen_cache_wt.i_cache_subsystem/i_wt_dcache/gen_rd_ports[0].i_wt_dcache_ctrl/rd_hit_oh_q[0]_i_9
    SLICE_X94Y14         LUT6 (Prop_lut6_I5_O)        0.124     6.117 r  i_ariane/i_cva6/gen_cache_wt.i_cache_subsystem/i_wt_dcache/gen_rd_ports[0].i_wt_dcache_ctrl/rd_hit_oh_q[1]_i_17/O
                         net (fo=3, routed)           1.140     7.258    i_ariane/i_cva6/gen_cache_wt.i_cache_subsystem/i_wt_dcache/i_wt_dcache_missunit/i___138_i_44_1
    SLICE_X97Y17         LUT3 (Prop_lut3_I1_O)        0.153     7.411 r  i_ariane/i_cva6/gen_cache_wt.i_cache_subsystem/i_wt_dcache/i_wt_dcache_missunit/i___138_i_37/O
                         net (fo=2, routed)           0.459     7.870    i_ariane/i_cva6/gen_cache_wt.i_cache_subsystem/i_wt_dcache/i_wt_dcache_missunit/i___138_i_37_n_1
    SLICE_X98Y18         LUT6 (Prop_lut6_I5_O)        0.327     8.197 r  i_ariane/i_cva6/gen_cache_wt.i_cache_subsystem/i_wt_dcache/i_wt_dcache_missunit/i___138_i_12/O
                         net (fo=1, routed)           0.000     8.197    i_ariane/i_cva6/gen_cache_wt.i_cache_subsystem/i_wt_dcache/i_wt_dcache_missunit/i___138_i_12_n_1
    SLICE_X98Y18         CARRY4 (Prop_carry4_S[1]_CO[3])
                                                      0.533     8.730 r  i_ariane/i_cva6/gen_cache_wt.i_cache_subsystem/i_wt_dcache/i_wt_dcache_missunit/i___138_i_4/CO[3]
                         net (fo=1, routed)           0.000     8.730    i_ariane/i_cva6/gen_cache_wt.i_cache_subsystem/i_wt_dcache/i_wt_dcache_missunit/i___138_i_4_n_1
    SLICE_X98Y19         CARRY4 (Prop_carry4_CI_CO[2])
                                                      0.229     8.959 f  i_ariane/i_cva6/gen_cache_wt.i_cache_subsystem/i_wt_dcache/i_wt_dcache_missunit/i___138_i_2/CO[2]
                         net (fo=2, routed)           0.859     9.817    i_ariane/i_cva6/gen_cache_wt.i_cache_subsystem/i_wt_dcache/i_wt_dcache_wbuffer/CO[0]
    SLICE_X96Y27         LUT5 (Prop_lut5_I0_O)        0.310    10.127 f  i_ariane/i_cva6/gen_cache_wt.i_cache_subsystem/i_wt_dcache/i_wt_dcache_wbuffer/i___138_i_1/O
                         net (fo=37, routed)          0.473    10.600    i_ariane/i_cva6/gen_cache_wt.i_cache_subsystem/i_wt_dcache/i_wt_dcache_wbuffer/wbuffer_q_reg[0][valid][0]_1
    SLICE_X96Y26         LUT6 (Prop_lut6_I0_O)        0.124    10.724 f  i_ariane/i_cva6/gen_cache_wt.i_cache_subsystem/i_wt_dcache/i_wt_dcache_wbuffer/i___138_i_3/O
                         net (fo=4, routed)           0.611    11.335    i_ariane/i_cva6/gen_cache_wt.i_cache_subsystem/i_wt_dcache_n_393
    SLICE_X93Y27         LUT4 (Prop_lut4_I3_O)        0.124    11.459 r  i_ariane/i_cva6/gen_cache_wt.i_cache_subsystem/i___141/O
                         net (fo=8, routed)           1.234    12.693    i_ariane/i_cva6/gen_cache_wt.i_cache_subsystem/i_wt_dcache/i_wt_dcache_wbuffer/data_rdata_q_reg[31]
    SLICE_X69Y29         LUT5 (Prop_lut5_I1_O)        0.124    12.817 r  i_ariane/i_cva6/gen_cache_wt.i_cache_subsystem/i_wt_dcache/i_wt_dcache_wbuffer/data_rdata_q[31]_i_1/O
                         net (fo=6, routed)           1.676    14.493    i_ariane/i_cva6/gen_cache_wt.i_cache_subsystem/i_wt_dcache/i_wt_dcache_wbuffer/req_port_i[data_rdata][30]
    SLICE_X83Y21         LUT6 (Prop_lut6_I1_O)        0.124    14.617 r  i_ariane/i_cva6/gen_cache_wt.i_cache_subsystem/i_wt_dcache/i_wt_dcache_wbuffer/result_o_reg[31]_i_9/O
                         net (fo=1, routed)           1.121    15.738    i_ariane/i_cva6/ex_stage_i/lsu_i/i_load_unit/rdata_sign_bit1__2
    SLICE_X96Y13         LUT6 (Prop_lut6_I0_O)        0.124    15.862 r  i_ariane/i_cva6/ex_stage_i/lsu_i/i_load_unit/result_o_reg[31]_i_5/O
                         net (fo=1, routed)           0.503    16.365    i_ariane/i_cva6/ex_stage_i/lsu_i/i_load_unit/result_o_reg[31]_i_5_n_1
    SLICE_X96Y13         LUT5 (Prop_lut5_I0_O)        0.124    16.489 r  i_ariane/i_cva6/ex_stage_i/lsu_i/i_load_unit/result_o_reg[31]_i_2/O
                         net (fo=24, routed)          2.166    18.655    i_ariane/i_cva6/ex_stage_i/lsu_i/i_load_unit/rdata_sign_bit__5
    SLICE_X77Y23         LUT5 (Prop_lut5_I0_O)        0.124    18.779 r  i_ariane/i_cva6/ex_stage_i/lsu_i/i_load_unit/result_o_reg[12]_i_1/O
                         net (fo=1, routed)           0.884    19.663    i_ariane/i_cva6/ex_stage_i/lsu_i/i_load_unit/result_o_reg[12]_i_1_n_1
    SLICE_X80Y16         LDCE                                         r  i_ariane/i_cva6/ex_stage_i/lsu_i/i_load_unit/result_o_reg[12]/D
  -------------------------------------------------------------------    -------------------

Slack:                    inf
  Source:                 i_ariane/i_cva6/csr_regfile_i/debug_mode_q_reg/C
                            (rising edge-triggered cell FDCE clocked by clk_out1_xlnx_clk_gen  {rise@0.000ns fall@10.000ns period=20.000ns})
  Destination:            i_ariane/i_cva6/ex_stage_i/lsu_i/i_load_unit/result_o_reg[27]/D
  Path Group:             (none)
  Path Type:              Max at Slow Process Corner
  Data Path Delay:        20.605ns  (logic 4.029ns (19.554%)  route 16.576ns (80.446%))
  Logic Levels:           19  (CARRY4=2 LUT3=2 LUT4=2 LUT5=4 LUT6=9)
  Clock Uncertainty:      0.172ns  ((TSJ^2 + DJ^2)^1/2) / 2 + PE
    Total System Jitter     (TSJ):    0.050ns
    Discrete Jitter          (DJ):    0.142ns
    Phase Error              (PE):    0.097ns

    Location             Delay type                Incr(ns)  Path(ns)    Netlist Resource(s)
  -------------------------------------------------------------------    -------------------
                         (clock clk_out1_xlnx_clk_gen rise edge)
                                                      0.000     0.000 r  
    K17                                               0.000     0.000 r  clk_sys (IN)
                         net (fo=0)                   0.000     0.000    i_xlnx_clk_gen/inst/clk_in1
    K17                  IBUF (Prop_ibuf_I_O)         1.475     1.475 r  i_xlnx_clk_gen/inst/clkin1_ibufg/O
                         net (fo=1, routed)           1.285     2.760    i_xlnx_clk_gen/inst/clk_in1_xlnx_clk_gen
    MMCME2_ADV_X1Y2      MMCME2_ADV (Prop_mmcme2_adv_CLKIN1_CLKOUT0)
                                                     -7.759    -4.999 r  i_xlnx_clk_gen/inst/mmcm_adv_inst/CLKOUT0
                         net (fo=1, routed)           2.206    -2.793    i_xlnx_clk_gen/inst/clk_out1_xlnx_clk_gen
    BUFGCTRL_X0Y16       BUFG (Prop_bufg_I_O)         0.101    -2.692 r  i_xlnx_clk_gen/inst/clkout1_buf/O
                         net (fo=15149, routed)       1.732    -0.960    i_ariane/i_cva6/csr_regfile_i/clk_out1
    SLICE_X66Y5          FDCE                                         r  i_ariane/i_cva6/csr_regfile_i/debug_mode_q_reg/C
  -------------------------------------------------------------------    -------------------
    SLICE_X66Y5          FDCE (Prop_fdce_C_Q)         0.518    -0.442 f  i_ariane/i_cva6/csr_regfile_i/debug_mode_q_reg/Q
                         net (fo=105, routed)         1.134     0.692    i_ariane/i_cva6/csr_regfile_i/debug_mode_q_reg_2
    SLICE_X68Y11         LUT3 (Prop_lut3_I2_O)        0.150     0.842 r  i_ariane/i_cva6/csr_regfile_i/en_ld_st_translation_q_i_2/O
                         net (fo=2, routed)           0.602     1.444    i_ariane/i_cva6/csr_regfile_i/en_ld_st_translation_q_i_2_n_1
    SLICE_X71Y12         LUT6 (Prop_lut6_I1_O)        0.326     1.770 f  i_ariane/i_cva6/csr_regfile_i/gen_register.d_o[34]_i_3/O
                         net (fo=4, routed)           0.779     2.548    i_ariane/i_cva6/ex_stage_i/lsu_i/gen_mmu_sv32.i_cva6_mmu/i_ptw/gen_register.d_o_reg[33]
    SLICE_X84Y12         LUT6 (Prop_lut6_I2_O)        0.124     2.672 r  i_ariane/i_cva6/ex_stage_i/lsu_i/gen_mmu_sv32.i_cva6_mmu/i_ptw/gen_register.d_o[33]_i_1/O
                         net (fo=53, routed)          0.943     3.615    i_ariane/i_cva6/ex_stage_i/lsu_i/i_load_unit/store_exception_ex_id[cause][0]
    SLICE_X96Y12         LUT6 (Prop_lut6_I0_O)        0.124     3.739 r  i_ariane/i_cva6/ex_stage_i/lsu_i/i_load_unit/i___144_i_1/O
                         net (fo=13, routed)          0.923     4.662    i_ariane/i_cva6/gen_cache_wt.i_cache_subsystem/i_wt_dcache/gen_rd_ports[1].i_wt_dcache_ctrl/dcache_req_ports_ex_cache[1][kill_req]
    SLICE_X99Y22         LUT5 (Prop_lut5_I2_O)        0.124     4.786 r  i_ariane/i_cva6/gen_cache_wt.i_cache_subsystem/i_wt_dcache/gen_rd_ports[1].i_wt_dcache_ctrl/i___124_i_2/O
                         net (fo=22, routed)          0.784     5.571    i_ariane/i_cva6/gen_cache_wt.i_cache_subsystem/i_wt_dcache/gen_rd_ports[1].i_wt_dcache_ctrl/FSM_sequential_state_q_reg[0]_1
    SLICE_X97Y14         LUT6 (Prop_lut6_I1_O)        0.124     5.695 f  i_ariane/i_cva6/gen_cache_wt.i_cache_subsystem/i_wt_dcache/gen_rd_ports[1].i_wt_dcache_ctrl/rd_hit_oh_q[1]_i_27/O
                         net (fo=1, routed)           0.298     5.993    i_ariane/i_cva6/gen_cache_wt.i_cache_subsystem/i_wt_dcache/gen_rd_ports[0].i_wt_dcache_ctrl/rd_hit_oh_q[0]_i_9
    SLICE_X94Y14         LUT6 (Prop_lut6_I5_O)        0.124     6.117 r  i_ariane/i_cva6/gen_cache_wt.i_cache_subsystem/i_wt_dcache/gen_rd_ports[0].i_wt_dcache_ctrl/rd_hit_oh_q[1]_i_17/O
                         net (fo=3, routed)           1.140     7.258    i_ariane/i_cva6/gen_cache_wt.i_cache_subsystem/i_wt_dcache/i_wt_dcache_missunit/i___138_i_44_1
    SLICE_X97Y17         LUT3 (Prop_lut3_I1_O)        0.153     7.411 r  i_ariane/i_cva6/gen_cache_wt.i_cache_subsystem/i_wt_dcache/i_wt_dcache_missunit/i___138_i_37/O
                         net (fo=2, routed)           0.459     7.870    i_ariane/i_cva6/gen_cache_wt.i_cache_subsystem/i_wt_dcache/i_wt_dcache_missunit/i___138_i_37_n_1
    SLICE_X98Y18         LUT6 (Prop_lut6_I5_O)        0.327     8.197 r  i_ariane/i_cva6/gen_cache_wt.i_cache_subsystem/i_wt_dcache/i_wt_dcache_missunit/i___138_i_12/O
                         net (fo=1, routed)           0.000     8.197    i_ariane/i_cva6/gen_cache_wt.i_cache_subsystem/i_wt_dcache/i_wt_dcache_missunit/i___138_i_12_n_1
    SLICE_X98Y18         CARRY4 (Prop_carry4_S[1]_CO[3])
                                                      0.533     8.730 r  i_ariane/i_cva6/gen_cache_wt.i_cache_subsystem/i_wt_dcache/i_wt_dcache_missunit/i___138_i_4/CO[3]
                         net (fo=1, routed)           0.000     8.730    i_ariane/i_cva6/gen_cache_wt.i_cache_subsystem/i_wt_dcache/i_wt_dcache_missunit/i___138_i_4_n_1
    SLICE_X98Y19         CARRY4 (Prop_carry4_CI_CO[2])
                                                      0.229     8.959 f  i_ariane/i_cva6/gen_cache_wt.i_cache_subsystem/i_wt_dcache/i_wt_dcache_missunit/i___138_i_2/CO[2]
                         net (fo=2, routed)           0.859     9.817    i_ariane/i_cva6/gen_cache_wt.i_cache_subsystem/i_wt_dcache/i_wt_dcache_wbuffer/CO[0]
    SLICE_X96Y27         LUT5 (Prop_lut5_I0_O)        0.310    10.127 f  i_ariane/i_cva6/gen_cache_wt.i_cache_subsystem/i_wt_dcache/i_wt_dcache_wbuffer/i___138_i_1/O
                         net (fo=37, routed)          0.473    10.600    i_ariane/i_cva6/gen_cache_wt.i_cache_subsystem/i_wt_dcache/i_wt_dcache_wbuffer/wbuffer_q_reg[0][valid][0]_1
    SLICE_X96Y26         LUT6 (Prop_lut6_I0_O)        0.124    10.724 f  i_ariane/i_cva6/gen_cache_wt.i_cache_subsystem/i_wt_dcache/i_wt_dcache_wbuffer/i___138_i_3/O
                         net (fo=4, routed)           0.611    11.335    i_ariane/i_cva6/gen_cache_wt.i_cache_subsystem/i_wt_dcache_n_393
    SLICE_X93Y27         LUT4 (Prop_lut4_I3_O)        0.124    11.459 r  i_ariane/i_cva6/gen_cache_wt.i_cache_subsystem/i___141/O
                         net (fo=8, routed)           1.234    12.693    i_ariane/i_cva6/gen_cache_wt.i_cache_subsystem/i_wt_dcache/i_wt_dcache_wbuffer/data_rdata_q_reg[31]
    SLICE_X69Y29         LUT5 (Prop_lut5_I1_O)        0.124    12.817 r  i_ariane/i_cva6/gen_cache_wt.i_cache_subsystem/i_wt_dcache/i_wt_dcache_wbuffer/data_rdata_q[31]_i_1/O
                         net (fo=6, routed)           1.676    14.493    i_ariane/i_cva6/gen_cache_wt.i_cache_subsystem/i_wt_dcache/i_wt_dcache_wbuffer/req_port_i[data_rdata][30]
    SLICE_X83Y21         LUT6 (Prop_lut6_I1_O)        0.124    14.617 r  i_ariane/i_cva6/gen_cache_wt.i_cache_subsystem/i_wt_dcache/i_wt_dcache_wbuffer/result_o_reg[31]_i_9/O
                         net (fo=1, routed)           1.121    15.738    i_ariane/i_cva6/ex_stage_i/lsu_i/i_load_unit/rdata_sign_bit1__2
    SLICE_X96Y13         LUT6 (Prop_lut6_I0_O)        0.124    15.862 r  i_ariane/i_cva6/ex_stage_i/lsu_i/i_load_unit/result_o_reg[31]_i_5/O
                         net (fo=1, routed)           0.503    16.365    i_ariane/i_cva6/ex_stage_i/lsu_i/i_load_unit/result_o_reg[31]_i_5_n_1
    SLICE_X96Y13         LUT5 (Prop_lut5_I0_O)        0.124    16.489 r  i_ariane/i_cva6/ex_stage_i/lsu_i/i_load_unit/result_o_reg[31]_i_2/O
                         net (fo=24, routed)          2.325    18.814    i_ariane/i_cva6/ex_stage_i/lsu_i/i_load_unit/rdata_sign_bit__5
    SLICE_X70Y26         LUT4 (Prop_lut4_I0_O)        0.119    18.933 r  i_ariane/i_cva6/ex_stage_i/lsu_i/i_load_unit/result_o_reg[27]_i_1/O
                         net (fo=1, routed)           0.711    19.644    i_ariane/i_cva6/ex_stage_i/lsu_i/i_load_unit/result_o_reg[27]_i_1_n_1
    SLICE_X70Y26         LDCE                                         r  i_ariane/i_cva6/ex_stage_i/lsu_i/i_load_unit/result_o_reg[27]/D
  -------------------------------------------------------------------    -------------------

Slack:                    inf
  Source:                 i_ariane/i_cva6/csr_regfile_i/debug_mode_q_reg/C
                            (rising edge-triggered cell FDCE clocked by clk_out1_xlnx_clk_gen  {rise@0.000ns fall@10.000ns period=20.000ns})
  Destination:            i_ariane/i_cva6/ex_stage_i/lsu_i/i_load_unit/result_o_reg[31]/D
  Path Group:             (none)
  Path Type:              Max at Slow Process Corner
  Data Path Delay:        20.563ns  (logic 4.062ns (19.754%)  route 16.501ns (80.246%))
  Logic Levels:           19  (CARRY4=2 LUT3=2 LUT4=2 LUT5=4 LUT6=9)
  Clock Uncertainty:      0.172ns  ((TSJ^2 + DJ^2)^1/2) / 2 + PE
    Total System Jitter     (TSJ):    0.050ns
    Discrete Jitter          (DJ):    0.142ns
    Phase Error              (PE):    0.097ns

    Location             Delay type                Incr(ns)  Path(ns)    Netlist Resource(s)
  -------------------------------------------------------------------    -------------------
                         (clock clk_out1_xlnx_clk_gen rise edge)
                                                      0.000     0.000 r  
    K17                                               0.000     0.000 r  clk_sys (IN)
                         net (fo=0)                   0.000     0.000    i_xlnx_clk_gen/inst/clk_in1
    K17                  IBUF (Prop_ibuf_I_O)         1.475     1.475 r  i_xlnx_clk_gen/inst/clkin1_ibufg/O
                         net (fo=1, routed)           1.285     2.760    i_xlnx_clk_gen/inst/clk_in1_xlnx_clk_gen
    MMCME2_ADV_X1Y2      MMCME2_ADV (Prop_mmcme2_adv_CLKIN1_CLKOUT0)
                                                     -7.759    -4.999 r  i_xlnx_clk_gen/inst/mmcm_adv_inst/CLKOUT0
                         net (fo=1, routed)           2.206    -2.793    i_xlnx_clk_gen/inst/clk_out1_xlnx_clk_gen
    BUFGCTRL_X0Y16       BUFG (Prop_bufg_I_O)         0.101    -2.692 r  i_xlnx_clk_gen/inst/clkout1_buf/O
                         net (fo=15149, routed)       1.732    -0.960    i_ariane/i_cva6/csr_regfile_i/clk_out1
    SLICE_X66Y5          FDCE                                         r  i_ariane/i_cva6/csr_regfile_i/debug_mode_q_reg/C
  -------------------------------------------------------------------    -------------------
    SLICE_X66Y5          FDCE (Prop_fdce_C_Q)         0.518    -0.442 f  i_ariane/i_cva6/csr_regfile_i/debug_mode_q_reg/Q
                         net (fo=105, routed)         1.134     0.692    i_ariane/i_cva6/csr_regfile_i/debug_mode_q_reg_2
    SLICE_X68Y11         LUT3 (Prop_lut3_I2_O)        0.150     0.842 r  i_ariane/i_cva6/csr_regfile_i/en_ld_st_translation_q_i_2/O
                         net (fo=2, routed)           0.602     1.444    i_ariane/i_cva6/csr_regfile_i/en_ld_st_translation_q_i_2_n_1
    SLICE_X71Y12         LUT6 (Prop_lut6_I1_O)        0.326     1.770 f  i_ariane/i_cva6/csr_regfile_i/gen_register.d_o[34]_i_3/O
                         net (fo=4, routed)           0.779     2.548    i_ariane/i_cva6/ex_stage_i/lsu_i/gen_mmu_sv32.i_cva6_mmu/i_ptw/gen_register.d_o_reg[33]
    SLICE_X84Y12         LUT6 (Prop_lut6_I2_O)        0.124     2.672 r  i_ariane/i_cva6/ex_stage_i/lsu_i/gen_mmu_sv32.i_cva6_mmu/i_ptw/gen_register.d_o[33]_i_1/O
                         net (fo=53, routed)          0.943     3.615    i_ariane/i_cva6/ex_stage_i/lsu_i/i_load_unit/store_exception_ex_id[cause][0]
    SLICE_X96Y12         LUT6 (Prop_lut6_I0_O)        0.124     3.739 r  i_ariane/i_cva6/ex_stage_i/lsu_i/i_load_unit/i___144_i_1/O
                         net (fo=13, routed)          0.923     4.662    i_ariane/i_cva6/gen_cache_wt.i_cache_subsystem/i_wt_dcache/gen_rd_ports[1].i_wt_dcache_ctrl/dcache_req_ports_ex_cache[1][kill_req]
    SLICE_X99Y22         LUT5 (Prop_lut5_I2_O)        0.124     4.786 r  i_ariane/i_cva6/gen_cache_wt.i_cache_subsystem/i_wt_dcache/gen_rd_ports[1].i_wt_dcache_ctrl/i___124_i_2/O
                         net (fo=22, routed)          0.784     5.571    i_ariane/i_cva6/gen_cache_wt.i_cache_subsystem/i_wt_dcache/gen_rd_ports[1].i_wt_dcache_ctrl/FSM_sequential_state_q_reg[0]_1
    SLICE_X97Y14         LUT6 (Prop_lut6_I1_O)        0.124     5.695 f  i_ariane/i_cva6/gen_cache_wt.i_cache_subsystem/i_wt_dcache/gen_rd_ports[1].i_wt_dcache_ctrl/rd_hit_oh_q[1]_i_27/O
                         net (fo=1, routed)           0.298     5.993    i_ariane/i_cva6/gen_cache_wt.i_cache_subsystem/i_wt_dcache/gen_rd_ports[0].i_wt_dcache_ctrl/rd_hit_oh_q[0]_i_9
    SLICE_X94Y14         LUT6 (Prop_lut6_I5_O)        0.124     6.117 r  i_ariane/i_cva6/gen_cache_wt.i_cache_subsystem/i_wt_dcache/gen_rd_ports[0].i_wt_dcache_ctrl/rd_hit_oh_q[1]_i_17/O
                         net (fo=3, routed)           1.140     7.258    i_ariane/i_cva6/gen_cache_wt.i_cache_subsystem/i_wt_dcache/i_wt_dcache_missunit/i___138_i_44_1
    SLICE_X97Y17         LUT3 (Prop_lut3_I1_O)        0.153     7.411 r  i_ariane/i_cva6/gen_cache_wt.i_cache_subsystem/i_wt_dcache/i_wt_dcache_missunit/i___138_i_37/O
                         net (fo=2, routed)           0.459     7.870    i_ariane/i_cva6/gen_cache_wt.i_cache_subsystem/i_wt_dcache/i_wt_dcache_missunit/i___138_i_37_n_1
    SLICE_X98Y18         LUT6 (Prop_lut6_I5_O)        0.327     8.197 r  i_ariane/i_cva6/gen_cache_wt.i_cache_subsystem/i_wt_dcache/i_wt_dcache_missunit/i___138_i_12/O
                         net (fo=1, routed)           0.000     8.197    i_ariane/i_cva6/gen_cache_wt.i_cache_subsystem/i_wt_dcache/i_wt_dcache_missunit/i___138_i_12_n_1
    SLICE_X98Y18         CARRY4 (Prop_carry4_S[1]_CO[3])
                                                      0.533     8.730 r  i_ariane/i_cva6/gen_cache_wt.i_cache_subsystem/i_wt_dcache/i_wt_dcache_missunit/i___138_i_4/CO[3]
                         net (fo=1, routed)           0.000     8.730    i_ariane/i_cva6/gen_cache_wt.i_cache_subsystem/i_wt_dcache/i_wt_dcache_missunit/i___138_i_4_n_1
    SLICE_X98Y19         CARRY4 (Prop_carry4_CI_CO[2])
                                                      0.229     8.959 f  i_ariane/i_cva6/gen_cache_wt.i_cache_subsystem/i_wt_dcache/i_wt_dcache_missunit/i___138_i_2/CO[2]
                         net (fo=2, routed)           0.859     9.817    i_ariane/i_cva6/gen_cache_wt.i_cache_subsystem/i_wt_dcache/i_wt_dcache_wbuffer/CO[0]
    SLICE_X96Y27         LUT5 (Prop_lut5_I0_O)        0.310    10.127 f  i_ariane/i_cva6/gen_cache_wt.i_cache_subsystem/i_wt_dcache/i_wt_dcache_wbuffer/i___138_i_1/O
                         net (fo=37, routed)          0.473    10.600    i_ariane/i_cva6/gen_cache_wt.i_cache_subsystem/i_wt_dcache/i_wt_dcache_wbuffer/wbuffer_q_reg[0][valid][0]_1
    SLICE_X96Y26         LUT6 (Prop_lut6_I0_O)        0.124    10.724 f  i_ariane/i_cva6/gen_cache_wt.i_cache_subsystem/i_wt_dcache/i_wt_dcache_wbuffer/i___138_i_3/O
                         net (fo=4, routed)           0.611    11.335    i_ariane/i_cva6/gen_cache_wt.i_cache_subsystem/i_wt_dcache_n_393
    SLICE_X93Y27         LUT4 (Prop_lut4_I3_O)        0.124    11.459 r  i_ariane/i_cva6/gen_cache_wt.i_cache_subsystem/i___141/O
                         net (fo=8, routed)           1.234    12.693    i_ariane/i_cva6/gen_cache_wt.i_cache_subsystem/i_wt_dcache/i_wt_dcache_wbuffer/data_rdata_q_reg[31]
    SLICE_X69Y29         LUT5 (Prop_lut5_I1_O)        0.124    12.817 r  i_ariane/i_cva6/gen_cache_wt.i_cache_subsystem/i_wt_dcache/i_wt_dcache_wbuffer/data_rdata_q[31]_i_1/O
                         net (fo=6, routed)           1.676    14.493    i_ariane/i_cva6/gen_cache_wt.i_cache_subsystem/i_wt_dcache/i_wt_dcache_wbuffer/req_port_i[data_rdata][30]
    SLICE_X83Y21         LUT6 (Prop_lut6_I1_O)        0.124    14.617 r  i_ariane/i_cva6/gen_cache_wt.i_cache_subsystem/i_wt_dcache/i_wt_dcache_wbuffer/result_o_reg[31]_i_9/O
                         net (fo=1, routed)           1.121    15.738    i_ariane/i_cva6/ex_stage_i/lsu_i/i_load_unit/rdata_sign_bit1__2
    SLICE_X96Y13         LUT6 (Prop_lut6_I0_O)        0.124    15.862 r  i_ariane/i_cva6/ex_stage_i/lsu_i/i_load_unit/result_o_reg[31]_i_5/O
                         net (fo=1, routed)           0.503    16.365    i_ariane/i_cva6/ex_stage_i/lsu_i/i_load_unit/result_o_reg[31]_i_5_n_1
    SLICE_X96Y13         LUT5 (Prop_lut5_I0_O)        0.124    16.489 r  i_ariane/i_cva6/ex_stage_i/lsu_i/i_load_unit/result_o_reg[31]_i_2/O
                         net (fo=24, routed)          2.303    18.792    i_ariane/i_cva6/ex_stage_i/lsu_i/i_load_unit/rdata_sign_bit__5
    SLICE_X76Y26         LUT4 (Prop_lut4_I0_O)        0.152    18.944 r  i_ariane/i_cva6/ex_stage_i/lsu_i/i_load_unit/result_o_reg[31]_i_1/O
                         net (fo=1, routed)           0.659    19.602    i_ariane/i_cva6/ex_stage_i/lsu_i/i_load_unit/result_o_reg[31]_i_1_n_1
    SLICE_X76Y26         LDCE                                         r  i_ariane/i_cva6/ex_stage_i/lsu_i/i_load_unit/result_o_reg[31]/D
  -------------------------------------------------------------------    -------------------

Slack:                    inf
  Source:                 i_ariane/i_cva6/csr_regfile_i/debug_mode_q_reg/C
                            (rising edge-triggered cell FDCE clocked by clk_out1_xlnx_clk_gen  {rise@0.000ns fall@10.000ns period=20.000ns})
  Destination:            i_ariane/i_cva6/ex_stage_i/lsu_i/i_load_unit/result_o_reg[16]/D
  Path Group:             (none)
  Path Type:              Max at Slow Process Corner
  Data Path Delay:        20.511ns  (logic 4.034ns (19.668%)  route 16.477ns (80.332%))
  Logic Levels:           19  (CARRY4=2 LUT3=2 LUT4=1 LUT5=4 LUT6=10)
  Clock Uncertainty:      0.172ns  ((TSJ^2 + DJ^2)^1/2) / 2 + PE
    Total System Jitter     (TSJ):    0.050ns
    Discrete Jitter          (DJ):    0.142ns
    Phase Error              (PE):    0.097ns

    Location             Delay type                Incr(ns)  Path(ns)    Netlist Resource(s)
  -------------------------------------------------------------------    -------------------
                         (clock clk_out1_xlnx_clk_gen rise edge)
                                                      0.000     0.000 r  
    K17                                               0.000     0.000 r  clk_sys (IN)
                         net (fo=0)                   0.000     0.000    i_xlnx_clk_gen/inst/clk_in1
    K17                  IBUF (Prop_ibuf_I_O)         1.475     1.475 r  i_xlnx_clk_gen/inst/clkin1_ibufg/O
                         net (fo=1, routed)           1.285     2.760    i_xlnx_clk_gen/inst/clk_in1_xlnx_clk_gen
    MMCME2_ADV_X1Y2      MMCME2_ADV (Prop_mmcme2_adv_CLKIN1_CLKOUT0)
                                                     -7.759    -4.999 r  i_xlnx_clk_gen/inst/mmcm_adv_inst/CLKOUT0
                         net (fo=1, routed)           2.206    -2.793    i_xlnx_clk_gen/inst/clk_out1_xlnx_clk_gen
    BUFGCTRL_X0Y16       BUFG (Prop_bufg_I_O)         0.101    -2.692 r  i_xlnx_clk_gen/inst/clkout1_buf/O
                         net (fo=15149, routed)       1.732    -0.960    i_ariane/i_cva6/csr_regfile_i/clk_out1
    SLICE_X66Y5          FDCE                                         r  i_ariane/i_cva6/csr_regfile_i/debug_mode_q_reg/C
  -------------------------------------------------------------------    -------------------
    SLICE_X66Y5          FDCE (Prop_fdce_C_Q)         0.518    -0.442 f  i_ariane/i_cva6/csr_regfile_i/debug_mode_q_reg/Q
                         net (fo=105, routed)         1.134     0.692    i_ariane/i_cva6/csr_regfile_i/debug_mode_q_reg_2
    SLICE_X68Y11         LUT3 (Prop_lut3_I2_O)        0.150     0.842 r  i_ariane/i_cva6/csr_regfile_i/en_ld_st_translation_q_i_2/O
                         net (fo=2, routed)           0.602     1.444    i_ariane/i_cva6/csr_regfile_i/en_ld_st_translation_q_i_2_n_1
    SLICE_X71Y12         LUT6 (Prop_lut6_I1_O)        0.326     1.770 f  i_ariane/i_cva6/csr_regfile_i/gen_register.d_o[34]_i_3/O
                         net (fo=4, routed)           0.779     2.548    i_ariane/i_cva6/ex_stage_i/lsu_i/gen_mmu_sv32.i_cva6_mmu/i_ptw/gen_register.d_o_reg[33]
    SLICE_X84Y12         LUT6 (Prop_lut6_I2_O)        0.124     2.672 r  i_ariane/i_cva6/ex_stage_i/lsu_i/gen_mmu_sv32.i_cva6_mmu/i_ptw/gen_register.d_o[33]_i_1/O
                         net (fo=53, routed)          0.943     3.615    i_ariane/i_cva6/ex_stage_i/lsu_i/i_load_unit/store_exception_ex_id[cause][0]
    SLICE_X96Y12         LUT6 (Prop_lut6_I0_O)        0.124     3.739 r  i_ariane/i_cva6/ex_stage_i/lsu_i/i_load_unit/i___144_i_1/O
                         net (fo=13, routed)          0.923     4.662    i_ariane/i_cva6/gen_cache_wt.i_cache_subsystem/i_wt_dcache/gen_rd_ports[1].i_wt_dcache_ctrl/dcache_req_ports_ex_cache[1][kill_req]
    SLICE_X99Y22         LUT5 (Prop_lut5_I2_O)        0.124     4.786 r  i_ariane/i_cva6/gen_cache_wt.i_cache_subsystem/i_wt_dcache/gen_rd_ports[1].i_wt_dcache_ctrl/i___124_i_2/O
                         net (fo=22, routed)          0.784     5.571    i_ariane/i_cva6/gen_cache_wt.i_cache_subsystem/i_wt_dcache/gen_rd_ports[1].i_wt_dcache_ctrl/FSM_sequential_state_q_reg[0]_1
    SLICE_X97Y14         LUT6 (Prop_lut6_I1_O)        0.124     5.695 f  i_ariane/i_cva6/gen_cache_wt.i_cache_subsystem/i_wt_dcache/gen_rd_ports[1].i_wt_dcache_ctrl/rd_hit_oh_q[1]_i_27/O
                         net (fo=1, routed)           0.298     5.993    i_ariane/i_cva6/gen_cache_wt.i_cache_subsystem/i_wt_dcache/gen_rd_ports[0].i_wt_dcache_ctrl/rd_hit_oh_q[0]_i_9
    SLICE_X94Y14         LUT6 (Prop_lut6_I5_O)        0.124     6.117 r  i_ariane/i_cva6/gen_cache_wt.i_cache_subsystem/i_wt_dcache/gen_rd_ports[0].i_wt_dcache_ctrl/rd_hit_oh_q[1]_i_17/O
                         net (fo=3, routed)           1.140     7.258    i_ariane/i_cva6/gen_cache_wt.i_cache_subsystem/i_wt_dcache/i_wt_dcache_missunit/i___138_i_44_1
    SLICE_X97Y17         LUT3 (Prop_lut3_I1_O)        0.153     7.411 r  i_ariane/i_cva6/gen_cache_wt.i_cache_subsystem/i_wt_dcache/i_wt_dcache_missunit/i___138_i_37/O
                         net (fo=2, routed)           0.459     7.870    i_ariane/i_cva6/gen_cache_wt.i_cache_subsystem/i_wt_dcache/i_wt_dcache_missunit/i___138_i_37_n_1
    SLICE_X98Y18         LUT6 (Prop_lut6_I5_O)        0.327     8.197 r  i_ariane/i_cva6/gen_cache_wt.i_cache_subsystem/i_wt_dcache/i_wt_dcache_missunit/i___138_i_12/O
                         net (fo=1, routed)           0.000     8.197    i_ariane/i_cva6/gen_cache_wt.i_cache_subsystem/i_wt_dcache/i_wt_dcache_missunit/i___138_i_12_n_1
    SLICE_X98Y18         CARRY4 (Prop_carry4_S[1]_CO[3])
                                                      0.533     8.730 r  i_ariane/i_cva6/gen_cache_wt.i_cache_subsystem/i_wt_dcache/i_wt_dcache_missunit/i___138_i_4/CO[3]
                         net (fo=1, routed)           0.000     8.730    i_ariane/i_cva6/gen_cache_wt.i_cache_subsystem/i_wt_dcache/i_wt_dcache_missunit/i___138_i_4_n_1
    SLICE_X98Y19         CARRY4 (Prop_carry4_CI_CO[2])
                                                      0.229     8.959 f  i_ariane/i_cva6/gen_cache_wt.i_cache_subsystem/i_wt_dcache/i_wt_dcache_missunit/i___138_i_2/CO[2]
                         net (fo=2, routed)           0.859     9.817    i_ariane/i_cva6/gen_cache_wt.i_cache_subsystem/i_wt_dcache/i_wt_dcache_wbuffer/CO[0]
    SLICE_X96Y27         LUT5 (Prop_lut5_I0_O)        0.310    10.127 f  i_ariane/i_cva6/gen_cache_wt.i_cache_subsystem/i_wt_dcache/i_wt_dcache_wbuffer/i___138_i_1/O
                         net (fo=37, routed)          0.473    10.600    i_ariane/i_cva6/gen_cache_wt.i_cache_subsystem/i_wt_dcache/i_wt_dcache_wbuffer/wbuffer_q_reg[0][valid][0]_1
    SLICE_X96Y26         LUT6 (Prop_lut6_I0_O)        0.124    10.724 f  i_ariane/i_cva6/gen_cache_wt.i_cache_subsystem/i_wt_dcache/i_wt_dcache_wbuffer/i___138_i_3/O
                         net (fo=4, routed)           0.611    11.335    i_ariane/i_cva6/gen_cache_wt.i_cache_subsystem/i_wt_dcache_n_393
    SLICE_X93Y27         LUT4 (Prop_lut4_I3_O)        0.124    11.459 r  i_ariane/i_cva6/gen_cache_wt.i_cache_subsystem/i___141/O
                         net (fo=8, routed)           1.234    12.693    i_ariane/i_cva6/gen_cache_wt.i_cache_subsystem/i_wt_dcache/i_wt_dcache_wbuffer/data_rdata_q_reg[31]
    SLICE_X69Y29         LUT5 (Prop_lut5_I1_O)        0.124    12.817 r  i_ariane/i_cva6/gen_cache_wt.i_cache_subsystem/i_wt_dcache/i_wt_dcache_wbuffer/data_rdata_q[31]_i_1/O
                         net (fo=6, routed)           1.676    14.493    i_ariane/i_cva6/gen_cache_wt.i_cache_subsystem/i_wt_dcache/i_wt_dcache_wbuffer/req_port_i[data_rdata][30]
    SLICE_X83Y21         LUT6 (Prop_lut6_I1_O)        0.124    14.617 r  i_ariane/i_cva6/gen_cache_wt.i_cache_subsystem/i_wt_dcache/i_wt_dcache_wbuffer/result_o_reg[31]_i_9/O
                         net (fo=1, routed)           1.121    15.738    i_ariane/i_cva6/ex_stage_i/lsu_i/i_load_unit/rdata_sign_bit1__2
    SLICE_X96Y13         LUT6 (Prop_lut6_I0_O)        0.124    15.862 r  i_ariane/i_cva6/ex_stage_i/lsu_i/i_load_unit/result_o_reg[31]_i_5/O
                         net (fo=1, routed)           0.503    16.365    i_ariane/i_cva6/ex_stage_i/lsu_i/i_load_unit/result_o_reg[31]_i_5_n_1
    SLICE_X96Y13         LUT5 (Prop_lut5_I0_O)        0.124    16.489 r  i_ariane/i_cva6/ex_stage_i/lsu_i/i_load_unit/result_o_reg[31]_i_2/O
                         net (fo=24, routed)          2.346    18.835    i_ariane/i_cva6/ex_stage_i/lsu_i/i_load_unit/rdata_sign_bit__5
    SLICE_X78Y24         LUT6 (Prop_lut6_I0_O)        0.124    18.959 r  i_ariane/i_cva6/ex_stage_i/lsu_i/i_load_unit/result_o_reg[16]_i_1/O
                         net (fo=1, routed)           0.591    19.550    i_ariane/i_cva6/ex_stage_i/lsu_i/i_load_unit/result_o_reg[16]_i_1_n_1
    SLICE_X78Y24         LDCE                                         r  i_ariane/i_cva6/ex_stage_i/lsu_i/i_load_unit/result_o_reg[16]/D
  -------------------------------------------------------------------    -------------------

Slack:                    inf
  Source:                 i_ariane/i_cva6/csr_regfile_i/debug_mode_q_reg/C
                            (rising edge-triggered cell FDCE clocked by clk_out1_xlnx_clk_gen  {rise@0.000ns fall@10.000ns period=20.000ns})
  Destination:            i_ariane/i_cva6/ex_stage_i/lsu_i/i_load_unit/result_o_reg[8]/D
  Path Group:             (none)
  Path Type:              Max at Slow Process Corner
  Data Path Delay:        20.485ns  (logic 4.034ns (19.693%)  route 16.451ns (80.307%))
  Logic Levels:           19  (CARRY4=2 LUT3=2 LUT4=1 LUT5=5 LUT6=9)
  Clock Uncertainty:      0.172ns  ((TSJ^2 + DJ^2)^1/2) / 2 + PE
    Total System Jitter     (TSJ):    0.050ns
    Discrete Jitter          (DJ):    0.142ns
    Phase Error              (PE):    0.097ns

    Location             Delay type                Incr(ns)  Path(ns)    Netlist Resource(s)
  -------------------------------------------------------------------    -------------------
                         (clock clk_out1_xlnx_clk_gen rise edge)
                                                      0.000     0.000 r  
    K17                                               0.000     0.000 r  clk_sys (IN)
                         net (fo=0)                   0.000     0.000    i_xlnx_clk_gen/inst/clk_in1
    K17                  IBUF (Prop_ibuf_I_O)         1.475     1.475 r  i_xlnx_clk_gen/inst/clkin1_ibufg/O
                         net (fo=1, routed)           1.285     2.760    i_xlnx_clk_gen/inst/clk_in1_xlnx_clk_gen
    MMCME2_ADV_X1Y2      MMCME2_ADV (Prop_mmcme2_adv_CLKIN1_CLKOUT0)
                                                     -7.759    -4.999 r  i_xlnx_clk_gen/inst/mmcm_adv_inst/CLKOUT0
                         net (fo=1, routed)           2.206    -2.793    i_xlnx_clk_gen/inst/clk_out1_xlnx_clk_gen
    BUFGCTRL_X0Y16       BUFG (Prop_bufg_I_O)         0.101    -2.692 r  i_xlnx_clk_gen/inst/clkout1_buf/O
                         net (fo=15149, routed)       1.732    -0.960    i_ariane/i_cva6/csr_regfile_i/clk_out1
    SLICE_X66Y5          FDCE                                         r  i_ariane/i_cva6/csr_regfile_i/debug_mode_q_reg/C
  -------------------------------------------------------------------    -------------------
    SLICE_X66Y5          FDCE (Prop_fdce_C_Q)         0.518    -0.442 f  i_ariane/i_cva6/csr_regfile_i/debug_mode_q_reg/Q
                         net (fo=105, routed)         1.134     0.692    i_ariane/i_cva6/csr_regfile_i/debug_mode_q_reg_2
    SLICE_X68Y11         LUT3 (Prop_lut3_I2_O)        0.150     0.842 r  i_ariane/i_cva6/csr_regfile_i/en_ld_st_translation_q_i_2/O
                         net (fo=2, routed)           0.602     1.444    i_ariane/i_cva6/csr_regfile_i/en_ld_st_translation_q_i_2_n_1
    SLICE_X71Y12         LUT6 (Prop_lut6_I1_O)        0.326     1.770 f  i_ariane/i_cva6/csr_regfile_i/gen_register.d_o[34]_i_3/O
                         net (fo=4, routed)           0.779     2.548    i_ariane/i_cva6/ex_stage_i/lsu_i/gen_mmu_sv32.i_cva6_mmu/i_ptw/gen_register.d_o_reg[33]
    SLICE_X84Y12         LUT6 (Prop_lut6_I2_O)        0.124     2.672 r  i_ariane/i_cva6/ex_stage_i/lsu_i/gen_mmu_sv32.i_cva6_mmu/i_ptw/gen_register.d_o[33]_i_1/O
                         net (fo=53, routed)          0.943     3.615    i_ariane/i_cva6/ex_stage_i/lsu_i/i_load_unit/store_exception_ex_id[cause][0]
    SLICE_X96Y12         LUT6 (Prop_lut6_I0_O)        0.124     3.739 r  i_ariane/i_cva6/ex_stage_i/lsu_i/i_load_unit/i___144_i_1/O
                         net (fo=13, routed)          0.923     4.662    i_ariane/i_cva6/gen_cache_wt.i_cache_subsystem/i_wt_dcache/gen_rd_ports[1].i_wt_dcache_ctrl/dcache_req_ports_ex_cache[1][kill_req]
    SLICE_X99Y22         LUT5 (Prop_lut5_I2_O)        0.124     4.786 r  i_ariane/i_cva6/gen_cache_wt.i_cache_subsystem/i_wt_dcache/gen_rd_ports[1].i_wt_dcache_ctrl/i___124_i_2/O
                         net (fo=22, routed)          0.784     5.571    i_ariane/i_cva6/gen_cache_wt.i_cache_subsystem/i_wt_dcache/gen_rd_ports[1].i_wt_dcache_ctrl/FSM_sequential_state_q_reg[0]_1
    SLICE_X97Y14         LUT6 (Prop_lut6_I1_O)        0.124     5.695 f  i_ariane/i_cva6/gen_cache_wt.i_cache_subsystem/i_wt_dcache/gen_rd_ports[1].i_wt_dcache_ctrl/rd_hit_oh_q[1]_i_27/O
                         net (fo=1, routed)           0.298     5.993    i_ariane/i_cva6/gen_cache_wt.i_cache_subsystem/i_wt_dcache/gen_rd_ports[0].i_wt_dcache_ctrl/rd_hit_oh_q[0]_i_9
    SLICE_X94Y14         LUT6 (Prop_lut6_I5_O)        0.124     6.117 r  i_ariane/i_cva6/gen_cache_wt.i_cache_subsystem/i_wt_dcache/gen_rd_ports[0].i_wt_dcache_ctrl/rd_hit_oh_q[1]_i_17/O
                         net (fo=3, routed)           1.140     7.258    i_ariane/i_cva6/gen_cache_wt.i_cache_subsystem/i_wt_dcache/i_wt_dcache_missunit/i___138_i_44_1
    SLICE_X97Y17         LUT3 (Prop_lut3_I1_O)        0.153     7.411 r  i_ariane/i_cva6/gen_cache_wt.i_cache_subsystem/i_wt_dcache/i_wt_dcache_missunit/i___138_i_37/O
                         net (fo=2, routed)           0.459     7.870    i_ariane/i_cva6/gen_cache_wt.i_cache_subsystem/i_wt_dcache/i_wt_dcache_missunit/i___138_i_37_n_1
    SLICE_X98Y18         LUT6 (Prop_lut6_I5_O)        0.327     8.197 r  i_ariane/i_cva6/gen_cache_wt.i_cache_subsystem/i_wt_dcache/i_wt_dcache_missunit/i___138_i_12/O
                         net (fo=1, routed)           0.000     8.197    i_ariane/i_cva6/gen_cache_wt.i_cache_subsystem/i_wt_dcache/i_wt_dcache_missunit/i___138_i_12_n_1
    SLICE_X98Y18         CARRY4 (Prop_carry4_S[1]_CO[3])
                                                      0.533     8.730 r  i_ariane/i_cva6/gen_cache_wt.i_cache_subsystem/i_wt_dcache/i_wt_dcache_missunit/i___138_i_4/CO[3]
                         net (fo=1, routed)           0.000     8.730    i_ariane/i_cva6/gen_cache_wt.i_cache_subsystem/i_wt_dcache/i_wt_dcache_missunit/i___138_i_4_n_1
    SLICE_X98Y19         CARRY4 (Prop_carry4_CI_CO[2])
                                                      0.229     8.959 f  i_ariane/i_cva6/gen_cache_wt.i_cache_subsystem/i_wt_dcache/i_wt_dcache_missunit/i___138_i_2/CO[2]
                         net (fo=2, routed)           0.859     9.817    i_ariane/i_cva6/gen_cache_wt.i_cache_subsystem/i_wt_dcache/i_wt_dcache_wbuffer/CO[0]
    SLICE_X96Y27         LUT5 (Prop_lut5_I0_O)        0.310    10.127 f  i_ariane/i_cva6/gen_cache_wt.i_cache_subsystem/i_wt_dcache/i_wt_dcache_wbuffer/i___138_i_1/O
                         net (fo=37, routed)          0.473    10.600    i_ariane/i_cva6/gen_cache_wt.i_cache_subsystem/i_wt_dcache/i_wt_dcache_wbuffer/wbuffer_q_reg[0][valid][0]_1
    SLICE_X96Y26         LUT6 (Prop_lut6_I0_O)        0.124    10.724 f  i_ariane/i_cva6/gen_cache_wt.i_cache_subsystem/i_wt_dcache/i_wt_dcache_wbuffer/i___138_i_3/O
                         net (fo=4, routed)           0.611    11.335    i_ariane/i_cva6/gen_cache_wt.i_cache_subsystem/i_wt_dcache_n_393
    SLICE_X93Y27         LUT4 (Prop_lut4_I3_O)        0.124    11.459 r  i_ariane/i_cva6/gen_cache_wt.i_cache_subsystem/i___141/O
                         net (fo=8, routed)           1.234    12.693    i_ariane/i_cva6/gen_cache_wt.i_cache_subsystem/i_wt_dcache/i_wt_dcache_wbuffer/data_rdata_q_reg[31]
    SLICE_X69Y29         LUT5 (Prop_lut5_I1_O)        0.124    12.817 r  i_ariane/i_cva6/gen_cache_wt.i_cache_subsystem/i_wt_dcache/i_wt_dcache_wbuffer/data_rdata_q[31]_i_1/O
                         net (fo=6, routed)           1.676    14.493    i_ariane/i_cva6/gen_cache_wt.i_cache_subsystem/i_wt_dcache/i_wt_dcache_wbuffer/req_port_i[data_rdata][30]
    SLICE_X83Y21         LUT6 (Prop_lut6_I1_O)        0.124    14.617 r  i_ariane/i_cva6/gen_cache_wt.i_cache_subsystem/i_wt_dcache/i_wt_dcache_wbuffer/result_o_reg[31]_i_9/O
                         net (fo=1, routed)           1.121    15.738    i_ariane/i_cva6/ex_stage_i/lsu_i/i_load_unit/rdata_sign_bit1__2
    SLICE_X96Y13         LUT6 (Prop_lut6_I0_O)        0.124    15.862 r  i_ariane/i_cva6/ex_stage_i/lsu_i/i_load_unit/result_o_reg[31]_i_5/O
                         net (fo=1, routed)           0.503    16.365    i_ariane/i_cva6/ex_stage_i/lsu_i/i_load_unit/result_o_reg[31]_i_5_n_1
    SLICE_X96Y13         LUT5 (Prop_lut5_I0_O)        0.124    16.489 r  i_ariane/i_cva6/ex_stage_i/lsu_i/i_load_unit/result_o_reg[31]_i_2/O
                         net (fo=24, routed)          1.573    18.062    i_ariane/i_cva6/ex_stage_i/lsu_i/i_load_unit/rdata_sign_bit__5
    SLICE_X79Y23         LUT5 (Prop_lut5_I0_O)        0.124    18.186 r  i_ariane/i_cva6/ex_stage_i/lsu_i/i_load_unit/result_o_reg[8]_i_1/O
                         net (fo=1, routed)           1.339    19.525    i_ariane/i_cva6/ex_stage_i/lsu_i/i_load_unit/result_o_reg[8]_i_1_n_1
    SLICE_X79Y1          LDCE                                         r  i_ariane/i_cva6/ex_stage_i/lsu_i/i_load_unit/result_o_reg[8]/D
  -------------------------------------------------------------------    -------------------

Slack:                    inf
  Source:                 i_ariane/i_cva6/csr_regfile_i/debug_mode_q_reg/C
                            (rising edge-triggered cell FDCE clocked by clk_out1_xlnx_clk_gen  {rise@0.000ns fall@10.000ns period=20.000ns})
  Destination:            i_ariane/i_cva6/ex_stage_i/lsu_i/i_load_unit/result_o_reg[10]/D
  Path Group:             (none)
  Path Type:              Max at Slow Process Corner
  Data Path Delay:        20.461ns  (logic 4.034ns (19.715%)  route 16.427ns (80.285%))
  Logic Levels:           19  (CARRY4=2 LUT3=2 LUT4=1 LUT5=5 LUT6=9)
  Clock Uncertainty:      0.172ns  ((TSJ^2 + DJ^2)^1/2) / 2 + PE
    Total System Jitter     (TSJ):    0.050ns
    Discrete Jitter          (DJ):    0.142ns
    Phase Error              (PE):    0.097ns

    Location             Delay type                Incr(ns)  Path(ns)    Netlist Resource(s)
  -------------------------------------------------------------------    -------------------
                         (clock clk_out1_xlnx_clk_gen rise edge)
                                                      0.000     0.000 r  
    K17                                               0.000     0.000 r  clk_sys (IN)
                         net (fo=0)                   0.000     0.000    i_xlnx_clk_gen/inst/clk_in1
    K17                  IBUF (Prop_ibuf_I_O)         1.475     1.475 r  i_xlnx_clk_gen/inst/clkin1_ibufg/O
                         net (fo=1, routed)           1.285     2.760    i_xlnx_clk_gen/inst/clk_in1_xlnx_clk_gen
    MMCME2_ADV_X1Y2      MMCME2_ADV (Prop_mmcme2_adv_CLKIN1_CLKOUT0)
                                                     -7.759    -4.999 r  i_xlnx_clk_gen/inst/mmcm_adv_inst/CLKOUT0
                         net (fo=1, routed)           2.206    -2.793    i_xlnx_clk_gen/inst/clk_out1_xlnx_clk_gen
    BUFGCTRL_X0Y16       BUFG (Prop_bufg_I_O)         0.101    -2.692 r  i_xlnx_clk_gen/inst/clkout1_buf/O
                         net (fo=15149, routed)       1.732    -0.960    i_ariane/i_cva6/csr_regfile_i/clk_out1
    SLICE_X66Y5          FDCE                                         r  i_ariane/i_cva6/csr_regfile_i/debug_mode_q_reg/C
  -------------------------------------------------------------------    -------------------
    SLICE_X66Y5          FDCE (Prop_fdce_C_Q)         0.518    -0.442 f  i_ariane/i_cva6/csr_regfile_i/debug_mode_q_reg/Q
                         net (fo=105, routed)         1.134     0.692    i_ariane/i_cva6/csr_regfile_i/debug_mode_q_reg_2
    SLICE_X68Y11         LUT3 (Prop_lut3_I2_O)        0.150     0.842 r  i_ariane/i_cva6/csr_regfile_i/en_ld_st_translation_q_i_2/O
                         net (fo=2, routed)           0.602     1.444    i_ariane/i_cva6/csr_regfile_i/en_ld_st_translation_q_i_2_n_1
    SLICE_X71Y12         LUT6 (Prop_lut6_I1_O)        0.326     1.770 f  i_ariane/i_cva6/csr_regfile_i/gen_register.d_o[34]_i_3/O
                         net (fo=4, routed)           0.779     2.548    i_ariane/i_cva6/ex_stage_i/lsu_i/gen_mmu_sv32.i_cva6_mmu/i_ptw/gen_register.d_o_reg[33]
    SLICE_X84Y12         LUT6 (Prop_lut6_I2_O)        0.124     2.672 r  i_ariane/i_cva6/ex_stage_i/lsu_i/gen_mmu_sv32.i_cva6_mmu/i_ptw/gen_register.d_o[33]_i_1/O
                         net (fo=53, routed)          0.943     3.615    i_ariane/i_cva6/ex_stage_i/lsu_i/i_load_unit/store_exception_ex_id[cause][0]
    SLICE_X96Y12         LUT6 (Prop_lut6_I0_O)        0.124     3.739 r  i_ariane/i_cva6/ex_stage_i/lsu_i/i_load_unit/i___144_i_1/O
                         net (fo=13, routed)          0.923     4.662    i_ariane/i_cva6/gen_cache_wt.i_cache_subsystem/i_wt_dcache/gen_rd_ports[1].i_wt_dcache_ctrl/dcache_req_ports_ex_cache[1][kill_req]
    SLICE_X99Y22         LUT5 (Prop_lut5_I2_O)        0.124     4.786 r  i_ariane/i_cva6/gen_cache_wt.i_cache_subsystem/i_wt_dcache/gen_rd_ports[1].i_wt_dcache_ctrl/i___124_i_2/O
                         net (fo=22, routed)          0.784     5.571    i_ariane/i_cva6/gen_cache_wt.i_cache_subsystem/i_wt_dcache/gen_rd_ports[1].i_wt_dcache_ctrl/FSM_sequential_state_q_reg[0]_1
    SLICE_X97Y14         LUT6 (Prop_lut6_I1_O)        0.124     5.695 f  i_ariane/i_cva6/gen_cache_wt.i_cache_subsystem/i_wt_dcache/gen_rd_ports[1].i_wt_dcache_ctrl/rd_hit_oh_q[1]_i_27/O
                         net (fo=1, routed)           0.298     5.993    i_ariane/i_cva6/gen_cache_wt.i_cache_subsystem/i_wt_dcache/gen_rd_ports[0].i_wt_dcache_ctrl/rd_hit_oh_q[0]_i_9
    SLICE_X94Y14         LUT6 (Prop_lut6_I5_O)        0.124     6.117 r  i_ariane/i_cva6/gen_cache_wt.i_cache_subsystem/i_wt_dcache/gen_rd_ports[0].i_wt_dcache_ctrl/rd_hit_oh_q[1]_i_17/O
                         net (fo=3, routed)           1.140     7.258    i_ariane/i_cva6/gen_cache_wt.i_cache_subsystem/i_wt_dcache/i_wt_dcache_missunit/i___138_i_44_1
    SLICE_X97Y17         LUT3 (Prop_lut3_I1_O)        0.153     7.411 r  i_ariane/i_cva6/gen_cache_wt.i_cache_subsystem/i_wt_dcache/i_wt_dcache_missunit/i___138_i_37/O
                         net (fo=2, routed)           0.459     7.870    i_ariane/i_cva6/gen_cache_wt.i_cache_subsystem/i_wt_dcache/i_wt_dcache_missunit/i___138_i_37_n_1
    SLICE_X98Y18         LUT6 (Prop_lut6_I5_O)        0.327     8.197 r  i_ariane/i_cva6/gen_cache_wt.i_cache_subsystem/i_wt_dcache/i_wt_dcache_missunit/i___138_i_12/O
                         net (fo=1, routed)           0.000     8.197    i_ariane/i_cva6/gen_cache_wt.i_cache_subsystem/i_wt_dcache/i_wt_dcache_missunit/i___138_i_12_n_1
    SLICE_X98Y18         CARRY4 (Prop_carry4_S[1]_CO[3])
                                                      0.533     8.730 r  i_ariane/i_cva6/gen_cache_wt.i_cache_subsystem/i_wt_dcache/i_wt_dcache_missunit/i___138_i_4/CO[3]
                         net (fo=1, routed)           0.000     8.730    i_ariane/i_cva6/gen_cache_wt.i_cache_subsystem/i_wt_dcache/i_wt_dcache_missunit/i___138_i_4_n_1
    SLICE_X98Y19         CARRY4 (Prop_carry4_CI_CO[2])
                                                      0.229     8.959 f  i_ariane/i_cva6/gen_cache_wt.i_cache_subsystem/i_wt_dcache/i_wt_dcache_missunit/i___138_i_2/CO[2]
                         net (fo=2, routed)           0.859     9.817    i_ariane/i_cva6/gen_cache_wt.i_cache_subsystem/i_wt_dcache/i_wt_dcache_wbuffer/CO[0]
    SLICE_X96Y27         LUT5 (Prop_lut5_I0_O)        0.310    10.127 f  i_ariane/i_cva6/gen_cache_wt.i_cache_subsystem/i_wt_dcache/i_wt_dcache_wbuffer/i___138_i_1/O
                         net (fo=37, routed)          0.473    10.600    i_ariane/i_cva6/gen_cache_wt.i_cache_subsystem/i_wt_dcache/i_wt_dcache_wbuffer/wbuffer_q_reg[0][valid][0]_1
    SLICE_X96Y26         LUT6 (Prop_lut6_I0_O)        0.124    10.724 f  i_ariane/i_cva6/gen_cache_wt.i_cache_subsystem/i_wt_dcache/i_wt_dcache_wbuffer/i___138_i_3/O
                         net (fo=4, routed)           0.611    11.335    i_ariane/i_cva6/gen_cache_wt.i_cache_subsystem/i_wt_dcache_n_393
    SLICE_X93Y27         LUT4 (Prop_lut4_I3_O)        0.124    11.459 r  i_ariane/i_cva6/gen_cache_wt.i_cache_subsystem/i___141/O
                         net (fo=8, routed)           1.234    12.693    i_ariane/i_cva6/gen_cache_wt.i_cache_subsystem/i_wt_dcache/i_wt_dcache_wbuffer/data_rdata_q_reg[31]
    SLICE_X69Y29         LUT5 (Prop_lut5_I1_O)        0.124    12.817 r  i_ariane/i_cva6/gen_cache_wt.i_cache_subsystem/i_wt_dcache/i_wt_dcache_wbuffer/data_rdata_q[31]_i_1/O
                         net (fo=6, routed)           1.676    14.493    i_ariane/i_cva6/gen_cache_wt.i_cache_subsystem/i_wt_dcache/i_wt_dcache_wbuffer/req_port_i[data_rdata][30]
    SLICE_X83Y21         LUT6 (Prop_lut6_I1_O)        0.124    14.617 r  i_ariane/i_cva6/gen_cache_wt.i_cache_subsystem/i_wt_dcache/i_wt_dcache_wbuffer/result_o_reg[31]_i_9/O
                         net (fo=1, routed)           1.121    15.738    i_ariane/i_cva6/ex_stage_i/lsu_i/i_load_unit/rdata_sign_bit1__2
    SLICE_X96Y13         LUT6 (Prop_lut6_I0_O)        0.124    15.862 r  i_ariane/i_cva6/ex_stage_i/lsu_i/i_load_unit/result_o_reg[31]_i_5/O
                         net (fo=1, routed)           0.503    16.365    i_ariane/i_cva6/ex_stage_i/lsu_i/i_load_unit/result_o_reg[31]_i_5_n_1
    SLICE_X96Y13         LUT5 (Prop_lut5_I0_O)        0.124    16.489 r  i_ariane/i_cva6/ex_stage_i/lsu_i/i_load_unit/result_o_reg[31]_i_2/O
                         net (fo=24, routed)          1.978    18.467    i_ariane/i_cva6/ex_stage_i/lsu_i/i_load_unit/rdata_sign_bit__5
    SLICE_X78Y23         LUT5 (Prop_lut5_I0_O)        0.124    18.591 r  i_ariane/i_cva6/ex_stage_i/lsu_i/i_load_unit/result_o_reg[10]_i_1/O
                         net (fo=1, routed)           0.910    19.501    i_ariane/i_cva6/ex_stage_i/lsu_i/i_load_unit/result_o_reg[10]_i_1_n_1
    SLICE_X80Y12         LDCE                                         r  i_ariane/i_cva6/ex_stage_i/lsu_i/i_load_unit/result_o_reg[10]/D
  -------------------------------------------------------------------    -------------------

Slack:                    inf
  Source:                 i_ariane/i_cva6/csr_regfile_i/debug_mode_q_reg/C
                            (rising edge-triggered cell FDCE clocked by clk_out1_xlnx_clk_gen  {rise@0.000ns fall@10.000ns period=20.000ns})
  Destination:            i_ariane/i_cva6/ex_stage_i/lsu_i/i_load_unit/result_o_reg[26]/D
  Path Group:             (none)
  Path Type:              Max at Slow Process Corner
  Data Path Delay:        20.418ns  (logic 4.034ns (19.758%)  route 16.384ns (80.242%))
  Logic Levels:           19  (CARRY4=2 LUT3=2 LUT4=2 LUT5=4 LUT6=9)
  Clock Uncertainty:      0.172ns  ((TSJ^2 + DJ^2)^1/2) / 2 + PE
    Total System Jitter     (TSJ):    0.050ns
    Discrete Jitter          (DJ):    0.142ns
    Phase Error              (PE):    0.097ns

    Location             Delay type                Incr(ns)  Path(ns)    Netlist Resource(s)
  -------------------------------------------------------------------    -------------------
                         (clock clk_out1_xlnx_clk_gen rise edge)
                                                      0.000     0.000 r  
    K17                                               0.000     0.000 r  clk_sys (IN)
                         net (fo=0)                   0.000     0.000    i_xlnx_clk_gen/inst/clk_in1
    K17                  IBUF (Prop_ibuf_I_O)         1.475     1.475 r  i_xlnx_clk_gen/inst/clkin1_ibufg/O
                         net (fo=1, routed)           1.285     2.760    i_xlnx_clk_gen/inst/clk_in1_xlnx_clk_gen
    MMCME2_ADV_X1Y2      MMCME2_ADV (Prop_mmcme2_adv_CLKIN1_CLKOUT0)
                                                     -7.759    -4.999 r  i_xlnx_clk_gen/inst/mmcm_adv_inst/CLKOUT0
                         net (fo=1, routed)           2.206    -2.793    i_xlnx_clk_gen/inst/clk_out1_xlnx_clk_gen
    BUFGCTRL_X0Y16       BUFG (Prop_bufg_I_O)         0.101    -2.692 r  i_xlnx_clk_gen/inst/clkout1_buf/O
                         net (fo=15149, routed)       1.732    -0.960    i_ariane/i_cva6/csr_regfile_i/clk_out1
    SLICE_X66Y5          FDCE                                         r  i_ariane/i_cva6/csr_regfile_i/debug_mode_q_reg/C
  -------------------------------------------------------------------    -------------------
    SLICE_X66Y5          FDCE (Prop_fdce_C_Q)         0.518    -0.442 f  i_ariane/i_cva6/csr_regfile_i/debug_mode_q_reg/Q
                         net (fo=105, routed)         1.134     0.692    i_ariane/i_cva6/csr_regfile_i/debug_mode_q_reg_2
    SLICE_X68Y11         LUT3 (Prop_lut3_I2_O)        0.150     0.842 r  i_ariane/i_cva6/csr_regfile_i/en_ld_st_translation_q_i_2/O
                         net (fo=2, routed)           0.602     1.444    i_ariane/i_cva6/csr_regfile_i/en_ld_st_translation_q_i_2_n_1
    SLICE_X71Y12         LUT6 (Prop_lut6_I1_O)        0.326     1.770 f  i_ariane/i_cva6/csr_regfile_i/gen_register.d_o[34]_i_3/O
                         net (fo=4, routed)           0.779     2.548    i_ariane/i_cva6/ex_stage_i/lsu_i/gen_mmu_sv32.i_cva6_mmu/i_ptw/gen_register.d_o_reg[33]
    SLICE_X84Y12         LUT6 (Prop_lut6_I2_O)        0.124     2.672 r  i_ariane/i_cva6/ex_stage_i/lsu_i/gen_mmu_sv32.i_cva6_mmu/i_ptw/gen_register.d_o[33]_i_1/O
                         net (fo=53, routed)          0.943     3.615    i_ariane/i_cva6/ex_stage_i/lsu_i/i_load_unit/store_exception_ex_id[cause][0]
    SLICE_X96Y12         LUT6 (Prop_lut6_I0_O)        0.124     3.739 r  i_ariane/i_cva6/ex_stage_i/lsu_i/i_load_unit/i___144_i_1/O
                         net (fo=13, routed)          0.923     4.662    i_ariane/i_cva6/gen_cache_wt.i_cache_subsystem/i_wt_dcache/gen_rd_ports[1].i_wt_dcache_ctrl/dcache_req_ports_ex_cache[1][kill_req]
    SLICE_X99Y22         LUT5 (Prop_lut5_I2_O)        0.124     4.786 r  i_ariane/i_cva6/gen_cache_wt.i_cache_subsystem/i_wt_dcache/gen_rd_ports[1].i_wt_dcache_ctrl/i___124_i_2/O
                         net (fo=22, routed)          0.784     5.571    i_ariane/i_cva6/gen_cache_wt.i_cache_subsystem/i_wt_dcache/gen_rd_ports[1].i_wt_dcache_ctrl/FSM_sequential_state_q_reg[0]_1
    SLICE_X97Y14         LUT6 (Prop_lut6_I1_O)        0.124     5.695 f  i_ariane/i_cva6/gen_cache_wt.i_cache_subsystem/i_wt_dcache/gen_rd_ports[1].i_wt_dcache_ctrl/rd_hit_oh_q[1]_i_27/O
                         net (fo=1, routed)           0.298     5.993    i_ariane/i_cva6/gen_cache_wt.i_cache_subsystem/i_wt_dcache/gen_rd_ports[0].i_wt_dcache_ctrl/rd_hit_oh_q[0]_i_9
    SLICE_X94Y14         LUT6 (Prop_lut6_I5_O)        0.124     6.117 r  i_ariane/i_cva6/gen_cache_wt.i_cache_subsystem/i_wt_dcache/gen_rd_ports[0].i_wt_dcache_ctrl/rd_hit_oh_q[1]_i_17/O
                         net (fo=3, routed)           1.140     7.258    i_ariane/i_cva6/gen_cache_wt.i_cache_subsystem/i_wt_dcache/i_wt_dcache_missunit/i___138_i_44_1
    SLICE_X97Y17         LUT3 (Prop_lut3_I1_O)        0.153     7.411 r  i_ariane/i_cva6/gen_cache_wt.i_cache_subsystem/i_wt_dcache/i_wt_dcache_missunit/i___138_i_37/O
                         net (fo=2, routed)           0.459     7.870    i_ariane/i_cva6/gen_cache_wt.i_cache_subsystem/i_wt_dcache/i_wt_dcache_missunit/i___138_i_37_n_1
    SLICE_X98Y18         LUT6 (Prop_lut6_I5_O)        0.327     8.197 r  i_ariane/i_cva6/gen_cache_wt.i_cache_subsystem/i_wt_dcache/i_wt_dcache_missunit/i___138_i_12/O
                         net (fo=1, routed)           0.000     8.197    i_ariane/i_cva6/gen_cache_wt.i_cache_subsystem/i_wt_dcache/i_wt_dcache_missunit/i___138_i_12_n_1
    SLICE_X98Y18         CARRY4 (Prop_carry4_S[1]_CO[3])
                                                      0.533     8.730 r  i_ariane/i_cva6/gen_cache_wt.i_cache_subsystem/i_wt_dcache/i_wt_dcache_missunit/i___138_i_4/CO[3]
                         net (fo=1, routed)           0.000     8.730    i_ariane/i_cva6/gen_cache_wt.i_cache_subsystem/i_wt_dcache/i_wt_dcache_missunit/i___138_i_4_n_1
    SLICE_X98Y19         CARRY4 (Prop_carry4_CI_CO[2])
                                                      0.229     8.959 f  i_ariane/i_cva6/gen_cache_wt.i_cache_subsystem/i_wt_dcache/i_wt_dcache_missunit/i___138_i_2/CO[2]
                         net (fo=2, routed)           0.859     9.817    i_ariane/i_cva6/gen_cache_wt.i_cache_subsystem/i_wt_dcache/i_wt_dcache_wbuffer/CO[0]
    SLICE_X96Y27         LUT5 (Prop_lut5_I0_O)        0.310    10.127 f  i_ariane/i_cva6/gen_cache_wt.i_cache_subsystem/i_wt_dcache/i_wt_dcache_wbuffer/i___138_i_1/O
                         net (fo=37, routed)          0.473    10.600    i_ariane/i_cva6/gen_cache_wt.i_cache_subsystem/i_wt_dcache/i_wt_dcache_wbuffer/wbuffer_q_reg[0][valid][0]_1
    SLICE_X96Y26         LUT6 (Prop_lut6_I0_O)        0.124    10.724 f  i_ariane/i_cva6/gen_cache_wt.i_cache_subsystem/i_wt_dcache/i_wt_dcache_wbuffer/i___138_i_3/O
                         net (fo=4, routed)           0.611    11.335    i_ariane/i_cva6/gen_cache_wt.i_cache_subsystem/i_wt_dcache_n_393
    SLICE_X93Y27         LUT4 (Prop_lut4_I3_O)        0.124    11.459 r  i_ariane/i_cva6/gen_cache_wt.i_cache_subsystem/i___141/O
                         net (fo=8, routed)           1.234    12.693    i_ariane/i_cva6/gen_cache_wt.i_cache_subsystem/i_wt_dcache/i_wt_dcache_wbuffer/data_rdata_q_reg[31]
    SLICE_X69Y29         LUT5 (Prop_lut5_I1_O)        0.124    12.817 r  i_ariane/i_cva6/gen_cache_wt.i_cache_subsystem/i_wt_dcache/i_wt_dcache_wbuffer/data_rdata_q[31]_i_1/O
                         net (fo=6, routed)           1.676    14.493    i_ariane/i_cva6/gen_cache_wt.i_cache_subsystem/i_wt_dcache/i_wt_dcache_wbuffer/req_port_i[data_rdata][30]
    SLICE_X83Y21         LUT6 (Prop_lut6_I1_O)        0.124    14.617 r  i_ariane/i_cva6/gen_cache_wt.i_cache_subsystem/i_wt_dcache/i_wt_dcache_wbuffer/result_o_reg[31]_i_9/O
                         net (fo=1, routed)           1.121    15.738    i_ariane/i_cva6/ex_stage_i/lsu_i/i_load_unit/rdata_sign_bit1__2
    SLICE_X96Y13         LUT6 (Prop_lut6_I0_O)        0.124    15.862 r  i_ariane/i_cva6/ex_stage_i/lsu_i/i_load_unit/result_o_reg[31]_i_5/O
                         net (fo=1, routed)           0.503    16.365    i_ariane/i_cva6/ex_stage_i/lsu_i/i_load_unit/result_o_reg[31]_i_5_n_1
    SLICE_X96Y13         LUT5 (Prop_lut5_I0_O)        0.124    16.489 r  i_ariane/i_cva6/ex_stage_i/lsu_i/i_load_unit/result_o_reg[31]_i_2/O
                         net (fo=24, routed)          2.325    18.814    i_ariane/i_cva6/ex_stage_i/lsu_i/i_load_unit/rdata_sign_bit__5
    SLICE_X70Y26         LUT4 (Prop_lut4_I0_O)        0.124    18.938 r  i_ariane/i_cva6/ex_stage_i/lsu_i/i_load_unit/result_o_reg[26]_i_1/O
                         net (fo=1, routed)           0.519    19.457    i_ariane/i_cva6/ex_stage_i/lsu_i/i_load_unit/result_o_reg[26]_i_1_n_1
    SLICE_X70Y26         LDCE                                         r  i_ariane/i_cva6/ex_stage_i/lsu_i/i_load_unit/result_o_reg[26]/D
  -------------------------------------------------------------------    -------------------





Min Delay Paths
--------------------------------------------------------------------------------------
Slack:                    inf
  Source:                 i_ariane/i_cva6/ex_stage_i/lsu_i/i_load_unit/ldbuf_q_reg[1][address_offset][1]/C
                            (rising edge-triggered cell FDCE clocked by clk_out1_xlnx_clk_gen  {rise@0.000ns fall@10.000ns period=20.000ns})
  Destination:            i_ariane/i_cva6/ex_stage_i/lsu_i/i_load_unit/result_o_reg[15]/D
  Path Group:             (none)
  Path Type:              Min at Slow Process Corner
  Data Path Delay:        1.454ns  (logic 0.567ns (38.987%)  route 0.887ns (61.013%))
  Logic Levels:           2  (LUT5=1 LUT6=1)
  Clock Uncertainty:      0.172ns  ((TSJ^2 + DJ^2)^1/2) / 2 + PE
    Total System Jitter     (TSJ):    0.050ns
    Discrete Jitter          (DJ):    0.142ns
    Phase Error              (PE):    0.097ns

    Location             Delay type                Incr(ns)  Path(ns)    Netlist Resource(s)
  -------------------------------------------------------------------    -------------------
                         (clock clk_out1_xlnx_clk_gen rise edge)
                                                      0.000     0.000 r  
    K17                                               0.000     0.000 r  clk_sys (IN)
                         net (fo=0)                   0.000     0.000    i_xlnx_clk_gen/inst/clk_in1
    K17                  IBUF (Prop_ibuf_I_O)         1.404     1.404 r  i_xlnx_clk_gen/inst/clkin1_ibufg/O
                         net (fo=1, routed)           1.162     2.566    i_xlnx_clk_gen/inst/clk_in1_xlnx_clk_gen
    MMCME2_ADV_X1Y2      MMCME2_ADV (Prop_mmcme2_adv_CLKIN1_CLKOUT0)
                                                     -7.814    -5.248 r  i_xlnx_clk_gen/inst/mmcm_adv_inst/CLKOUT0
                         net (fo=1, routed)           2.012    -3.236    i_xlnx_clk_gen/inst/clk_out1_xlnx_clk_gen
    BUFGCTRL_X0Y16       BUFG (Prop_bufg_I_O)         0.091    -3.145 r  i_xlnx_clk_gen/inst/clkout1_buf/O
                         net (fo=15149, routed)       1.552    -1.593    i_ariane/i_cva6/ex_stage_i/lsu_i/i_load_unit/clk_out1
    SLICE_X87Y19         FDCE                                         r  i_ariane/i_cva6/ex_stage_i/lsu_i/i_load_unit/ldbuf_q_reg[1][address_offset][1]/C
  -------------------------------------------------------------------    -------------------
    SLICE_X87Y19         FDCE (Prop_fdce_C_Q)         0.367    -1.226 f  i_ariane/i_cva6/ex_stage_i/lsu_i/i_load_unit/ldbuf_q_reg[1][address_offset][1]/Q
                         net (fo=7, routed)           0.411    -0.815    i_ariane/i_cva6/ex_stage_i/lsu_i/i_load_unit/ldbuf_q_reg[1][address_offset][1]
    SLICE_X84Y21         LUT6 (Prop_lut6_I3_O)        0.100    -0.715 r  i_ariane/i_cva6/ex_stage_i/lsu_i/i_load_unit/result_o_reg[15]_i_4/O
                         net (fo=8, routed)           0.477    -0.238    i_ariane/i_cva6/ex_stage_i/lsu_i/i_load_unit/result_o_reg[15]_i_4_n_1
    SLICE_X81Y23         LUT5 (Prop_lut5_I3_O)        0.100    -0.138 r  i_ariane/i_cva6/ex_stage_i/lsu_i/i_load_unit/result_o_reg[15]_i_1/O
                         net (fo=1, routed)           0.000    -0.138    i_ariane/i_cva6/ex_stage_i/lsu_i/i_load_unit/result_o_reg[15]_i_1_n_1
    SLICE_X81Y23         LDCE                                         r  i_ariane/i_cva6/ex_stage_i/lsu_i/i_load_unit/result_o_reg[15]/D
  -------------------------------------------------------------------    -------------------

Slack:                    inf
  Source:                 i_ariane/i_cva6/ex_stage_i/lsu_i/i_load_unit/ldbuf_q_reg[0][address_offset][0]/C
                            (rising edge-triggered cell FDCE clocked by clk_out1_xlnx_clk_gen  {rise@0.000ns fall@10.000ns period=20.000ns})
  Destination:            i_ariane/i_cva6/ex_stage_i/lsu_i/i_load_unit/result_o_reg[14]/D
  Path Group:             (none)
  Path Type:              Min at Fast Process Corner
  Data Path Delay:        0.900ns  (logic 0.231ns (25.658%)  route 0.669ns (74.342%))
  Logic Levels:           2  (LUT5=1 LUT6=1)
  Clock Uncertainty:      0.172ns  ((TSJ^2 + DJ^2)^1/2) / 2 + PE
    Total System Jitter     (TSJ):    0.050ns
    Discrete Jitter          (DJ):    0.142ns
    Phase Error              (PE):    0.097ns

    Location             Delay type                Incr(ns)  Path(ns)    Netlist Resource(s)
  -------------------------------------------------------------------    -------------------
                         (clock clk_out1_xlnx_clk_gen rise edge)
                                                      0.000     0.000 r  
    K17                                               0.000     0.000 r  clk_sys (IN)
                         net (fo=0)                   0.000     0.000    i_xlnx_clk_gen/inst/clk_in1
    K17                  IBUF (Prop_ibuf_I_O)         0.243     0.243 r  i_xlnx_clk_gen/inst/clkin1_ibufg/O
                         net (fo=1, routed)           0.440     0.683    i_xlnx_clk_gen/inst/clk_in1_xlnx_clk_gen
    MMCME2_ADV_X1Y2      MMCME2_ADV (Prop_mmcme2_adv_CLKIN1_CLKOUT0)
                                                     -2.613    -1.930 r  i_xlnx_clk_gen/inst/mmcm_adv_inst/CLKOUT0
                         net (fo=1, routed)           0.696    -1.233    i_xlnx_clk_gen/inst/clk_out1_xlnx_clk_gen
    BUFGCTRL_X0Y16       BUFG (Prop_bufg_I_O)         0.026    -1.207 r  i_xlnx_clk_gen/inst/clkout1_buf/O
                         net (fo=15149, routed)       0.579    -0.629    i_ariane/i_cva6/ex_stage_i/lsu_i/i_load_unit/clk_out1
    SLICE_X84Y21         FDCE                                         r  i_ariane/i_cva6/ex_stage_i/lsu_i/i_load_unit/ldbuf_q_reg[0][address_offset][0]/C
  -------------------------------------------------------------------    -------------------
    SLICE_X84Y21         FDCE (Prop_fdce_C_Q)         0.141    -0.488 f  i_ariane/i_cva6/ex_stage_i/lsu_i/i_load_unit/ldbuf_q_reg[0][address_offset][0]/Q
                         net (fo=8, routed)           0.185    -0.303    i_ariane/i_cva6/ex_stage_i/lsu_i/i_load_unit/ldbuf_q_reg[0][address_offset][0]
    SLICE_X84Y21         LUT6 (Prop_lut6_I2_O)        0.045    -0.258 r  i_ariane/i_cva6/ex_stage_i/lsu_i/i_load_unit/result_o_reg[15]_i_4/O
                         net (fo=8, routed)           0.377     0.120    i_ariane/i_cva6/ex_stage_i/lsu_i/i_load_unit/result_o_reg[15]_i_4_n_1
    SLICE_X76Y23         LUT5 (Prop_lut5_I3_O)        0.045     0.165 r  i_ariane/i_cva6/ex_stage_i/lsu_i/i_load_unit/result_o_reg[14]_i_1/O
                         net (fo=1, routed)           0.107     0.272    i_ariane/i_cva6/ex_stage_i/lsu_i/i_load_unit/result_o_reg[14]_i_1_n_1
    SLICE_X78Y23         LDCE                                         r  i_ariane/i_cva6/ex_stage_i/lsu_i/i_load_unit/result_o_reg[14]/D
  -------------------------------------------------------------------    -------------------

Slack:                    inf
  Source:                 i_ariane/i_cva6/gen_cache_wt.i_cache_subsystem/i_wt_dcache/i_wt_dcache_wbuffer/wbuffer_q_reg[0][data][24]/C
                            (rising edge-triggered cell FDCE clocked by clk_out1_xlnx_clk_gen  {rise@0.000ns fall@10.000ns period=20.000ns})
  Destination:            i_ariane/i_cva6/ex_stage_i/lsu_i/i_load_unit/result_o_reg[24]/D
  Path Group:             (none)
  Path Type:              Min at Fast Process Corner
  Data Path Delay:        0.915ns  (logic 0.231ns (25.254%)  route 0.684ns (74.746%))
  Logic Levels:           2  (LUT4=1 LUT5=1)
  Clock Uncertainty:      0.172ns  ((TSJ^2 + DJ^2)^1/2) / 2 + PE
    Total System Jitter     (TSJ):    0.050ns
    Discrete Jitter          (DJ):    0.142ns
    Phase Error              (PE):    0.097ns

    Location             Delay type                Incr(ns)  Path(ns)    Netlist Resource(s)
  -------------------------------------------------------------------    -------------------
                         (clock clk_out1_xlnx_clk_gen rise edge)
                                                      0.000     0.000 r  
    K17                                               0.000     0.000 r  clk_sys (IN)
                         net (fo=0)                   0.000     0.000    i_xlnx_clk_gen/inst/clk_in1
    K17                  IBUF (Prop_ibuf_I_O)         0.243     0.243 r  i_xlnx_clk_gen/inst/clkin1_ibufg/O
                         net (fo=1, routed)           0.440     0.683    i_xlnx_clk_gen/inst/clk_in1_xlnx_clk_gen
    MMCME2_ADV_X1Y2      MMCME2_ADV (Prop_mmcme2_adv_CLKIN1_CLKOUT0)
                                                     -2.613    -1.930 r  i_xlnx_clk_gen/inst/mmcm_adv_inst/CLKOUT0
                         net (fo=1, routed)           0.696    -1.233    i_xlnx_clk_gen/inst/clk_out1_xlnx_clk_gen
    BUFGCTRL_X0Y16       BUFG (Prop_bufg_I_O)         0.026    -1.207 r  i_xlnx_clk_gen/inst/clkout1_buf/O
                         net (fo=15149, routed)       0.578    -0.630    i_ariane/i_cva6/gen_cache_wt.i_cache_subsystem/i_wt_dcache/i_wt_dcache_wbuffer/clk_out1
    SLICE_X78Y27         FDCE                                         r  i_ariane/i_cva6/gen_cache_wt.i_cache_subsystem/i_wt_dcache/i_wt_dcache_wbuffer/wbuffer_q_reg[0][data][24]/C
  -------------------------------------------------------------------    -------------------
    SLICE_X78Y27         FDCE (Prop_fdce_C_Q)         0.141    -0.489 r  i_ariane/i_cva6/gen_cache_wt.i_cache_subsystem/i_wt_dcache/i_wt_dcache_wbuffer/wbuffer_q_reg[0][data][24]/Q
                         net (fo=10, routed)          0.338    -0.151    i_ariane/i_cva6/gen_cache_wt.i_cache_subsystem/i_wt_dcache/i_wt_dcache_wbuffer/wbuffer_data[0][data][24]
    SLICE_X67Y27         LUT5 (Prop_lut5_I2_O)        0.045    -0.106 r  i_ariane/i_cva6/gen_cache_wt.i_cache_subsystem/i_wt_dcache/i_wt_dcache_wbuffer/data_rdata_q[24]_i_1/O
                         net (fo=5, routed)           0.346     0.240    i_ariane/i_cva6/ex_stage_i/lsu_i/i_load_unit/D[16]
    SLICE_X70Y26         LUT4 (Prop_lut4_I2_O)        0.045     0.285 r  i_ariane/i_cva6/ex_stage_i/lsu_i/i_load_unit/result_o_reg[24]_i_1/O
                         net (fo=1, routed)           0.000     0.285    i_ariane/i_cva6/ex_stage_i/lsu_i/i_load_unit/result_o_reg[24]_i_1_n_1
    SLICE_X70Y26         LDCE                                         r  i_ariane/i_cva6/ex_stage_i/lsu_i/i_load_unit/result_o_reg[24]/D
  -------------------------------------------------------------------    -------------------

Slack:                    inf
  Source:                 i_ariane/i_cva6/gen_cache_wt.i_cache_subsystem/i_wt_dcache/i_wt_dcache_wbuffer/wbuffer_q_reg[1][data][25]/C
                            (rising edge-triggered cell FDCE clocked by clk_out1_xlnx_clk_gen  {rise@0.000ns fall@10.000ns period=20.000ns})
  Destination:            i_ariane/i_cva6/ex_stage_i/lsu_i/i_load_unit/result_o_reg[25]/D
  Path Group:             (none)
  Path Type:              Min at Fast Process Corner
  Data Path Delay:        0.923ns  (logic 0.232ns (25.135%)  route 0.691ns (74.865%))
  Logic Levels:           2  (LUT4=1 LUT5=1)
  Clock Uncertainty:      0.172ns  ((TSJ^2 + DJ^2)^1/2) / 2 + PE
    Total System Jitter     (TSJ):    0.050ns
    Discrete Jitter          (DJ):    0.142ns
    Phase Error              (PE):    0.097ns

    Location             Delay type                Incr(ns)  Path(ns)    Netlist Resource(s)
  -------------------------------------------------------------------    -------------------
                         (clock clk_out1_xlnx_clk_gen rise edge)
                                                      0.000     0.000 r  
    K17                                               0.000     0.000 r  clk_sys (IN)
                         net (fo=0)                   0.000     0.000    i_xlnx_clk_gen/inst/clk_in1
    K17                  IBUF (Prop_ibuf_I_O)         0.243     0.243 r  i_xlnx_clk_gen/inst/clkin1_ibufg/O
                         net (fo=1, routed)           0.440     0.683    i_xlnx_clk_gen/inst/clk_in1_xlnx_clk_gen
    MMCME2_ADV_X1Y2      MMCME2_ADV (Prop_mmcme2_adv_CLKIN1_CLKOUT0)
                                                     -2.613    -1.930 r  i_xlnx_clk_gen/inst/mmcm_adv_inst/CLKOUT0
                         net (fo=1, routed)           0.696    -1.233    i_xlnx_clk_gen/inst/clk_out1_xlnx_clk_gen
    BUFGCTRL_X0Y16       BUFG (Prop_bufg_I_O)         0.026    -1.207 r  i_xlnx_clk_gen/inst/clkout1_buf/O
                         net (fo=15149, routed)       0.578    -0.630    i_ariane/i_cva6/gen_cache_wt.i_cache_subsystem/i_wt_dcache/i_wt_dcache_wbuffer/clk_out1
    SLICE_X78Y28         FDCE                                         r  i_ariane/i_cva6/gen_cache_wt.i_cache_subsystem/i_wt_dcache/i_wt_dcache_wbuffer/wbuffer_q_reg[1][data][25]/C
  -------------------------------------------------------------------    -------------------
    SLICE_X78Y28         FDCE (Prop_fdce_C_Q)         0.141    -0.489 r  i_ariane/i_cva6/gen_cache_wt.i_cache_subsystem/i_wt_dcache/i_wt_dcache_wbuffer/wbuffer_q_reg[1][data][25]/Q
                         net (fo=10, routed)          0.298    -0.190    i_ariane/i_cva6/gen_cache_wt.i_cache_subsystem/i_wt_dcache/i_wt_dcache_wbuffer/wbuffer_data[1][data][25]
    SLICE_X68Y29         LUT5 (Prop_lut5_I4_O)        0.045    -0.145 r  i_ariane/i_cva6/gen_cache_wt.i_cache_subsystem/i_wt_dcache/i_wt_dcache_wbuffer/data_rdata_q[25]_i_1/O
                         net (fo=5, routed)           0.273     0.128    i_ariane/i_cva6/ex_stage_i/lsu_i/i_load_unit/D[17]
    SLICE_X70Y26         LUT4 (Prop_lut4_I2_O)        0.046     0.174 r  i_ariane/i_cva6/ex_stage_i/lsu_i/i_load_unit/result_o_reg[25]_i_1/O
                         net (fo=1, routed)           0.119     0.293    i_ariane/i_cva6/ex_stage_i/lsu_i/i_load_unit/result_o_reg[25]_i_1_n_1
    SLICE_X70Y26         LDCE                                         r  i_ariane/i_cva6/ex_stage_i/lsu_i/i_load_unit/result_o_reg[25]/D
  -------------------------------------------------------------------    -------------------

Slack:                    inf
  Source:                 i_ariane/i_cva6/ex_stage_i/lsu_i/i_load_unit/ldbuf_q_reg[1][address_offset][0]/C
                            (rising edge-triggered cell FDCE clocked by clk_out1_xlnx_clk_gen  {rise@0.000ns fall@10.000ns period=20.000ns})
  Destination:            i_ariane/i_cva6/ex_stage_i/lsu_i/i_load_unit/result_o_reg[17]/D
  Path Group:             (none)
  Path Type:              Min at Fast Process Corner
  Data Path Delay:        0.939ns  (logic 0.231ns (24.597%)  route 0.708ns (75.403%))
  Logic Levels:           2  (LUT6=2)
  Clock Uncertainty:      0.172ns  ((TSJ^2 + DJ^2)^1/2) / 2 + PE
    Total System Jitter     (TSJ):    0.050ns
    Discrete Jitter          (DJ):    0.142ns
    Phase Error              (PE):    0.097ns

    Location             Delay type                Incr(ns)  Path(ns)    Netlist Resource(s)
  -------------------------------------------------------------------    -------------------
                         (clock clk_out1_xlnx_clk_gen rise edge)
                                                      0.000     0.000 r  
    K17                                               0.000     0.000 r  clk_sys (IN)
                         net (fo=0)                   0.000     0.000    i_xlnx_clk_gen/inst/clk_in1
    K17                  IBUF (Prop_ibuf_I_O)         0.243     0.243 r  i_xlnx_clk_gen/inst/clkin1_ibufg/O
                         net (fo=1, routed)           0.440     0.683    i_xlnx_clk_gen/inst/clk_in1_xlnx_clk_gen
    MMCME2_ADV_X1Y2      MMCME2_ADV (Prop_mmcme2_adv_CLKIN1_CLKOUT0)
                                                     -2.613    -1.930 r  i_xlnx_clk_gen/inst/mmcm_adv_inst/CLKOUT0
                         net (fo=1, routed)           0.696    -1.233    i_xlnx_clk_gen/inst/clk_out1_xlnx_clk_gen
    BUFGCTRL_X0Y16       BUFG (Prop_bufg_I_O)         0.026    -1.207 r  i_xlnx_clk_gen/inst/clkout1_buf/O
                         net (fo=15149, routed)       0.582    -0.626    i_ariane/i_cva6/ex_stage_i/lsu_i/i_load_unit/clk_out1
    SLICE_X87Y19         FDCE                                         r  i_ariane/i_cva6/ex_stage_i/lsu_i/i_load_unit/ldbuf_q_reg[1][address_offset][0]/C
  -------------------------------------------------------------------    -------------------
    SLICE_X87Y19         FDCE (Prop_fdce_C_Q)         0.141    -0.485 f  i_ariane/i_cva6/ex_stage_i/lsu_i/i_load_unit/ldbuf_q_reg[1][address_offset][0]/Q
                         net (fo=8, routed)           0.287    -0.197    i_ariane/i_cva6/ex_stage_i/lsu_i/i_load_unit/ldbuf_q_reg[1][address_offset][0]
    SLICE_X82Y21         LUT6 (Prop_lut6_I0_O)        0.045    -0.152 r  i_ariane/i_cva6/ex_stage_i/lsu_i/i_load_unit/result_o_reg[31]_i_4/O
                         net (fo=16, routed)          0.231     0.078    i_ariane/i_cva6/ex_stage_i/lsu_i/i_load_unit/result_o_reg[31]_i_4_n_1
    SLICE_X78Y23         LUT6 (Prop_lut6_I2_O)        0.045     0.123 r  i_ariane/i_cva6/ex_stage_i/lsu_i/i_load_unit/result_o_reg[17]_i_1/O
                         net (fo=1, routed)           0.190     0.314    i_ariane/i_cva6/ex_stage_i/lsu_i/i_load_unit/result_o_reg[17]_i_1_n_1
    SLICE_X78Y23         LDCE                                         r  i_ariane/i_cva6/ex_stage_i/lsu_i/i_load_unit/result_o_reg[17]/D
  -------------------------------------------------------------------    -------------------

Slack:                    inf
  Source:                 i_ariane/i_cva6/ex_stage_i/lsu_i/i_load_unit/ldbuf_q_reg[0][address_offset][0]/C
                            (rising edge-triggered cell FDCE clocked by clk_out1_xlnx_clk_gen  {rise@0.000ns fall@10.000ns period=20.000ns})
  Destination:            i_ariane/i_cva6/ex_stage_i/lsu_i/i_load_unit/result_o_reg[9]/D
  Path Group:             (none)
  Path Type:              Min at Fast Process Corner
  Data Path Delay:        0.944ns  (logic 0.231ns (24.475%)  route 0.713ns (75.525%))
  Logic Levels:           2  (LUT5=1 LUT6=1)
  Clock Uncertainty:      0.172ns  ((TSJ^2 + DJ^2)^1/2) / 2 + PE
    Total System Jitter     (TSJ):    0.050ns
    Discrete Jitter          (DJ):    0.142ns
    Phase Error              (PE):    0.097ns

    Location             Delay type                Incr(ns)  Path(ns)    Netlist Resource(s)
  -------------------------------------------------------------------    -------------------
                         (clock clk_out1_xlnx_clk_gen rise edge)
                                                      0.000     0.000 r  
    K17                                               0.000     0.000 r  clk_sys (IN)
                         net (fo=0)                   0.000     0.000    i_xlnx_clk_gen/inst/clk_in1
    K17                  IBUF (Prop_ibuf_I_O)         0.243     0.243 r  i_xlnx_clk_gen/inst/clkin1_ibufg/O
                         net (fo=1, routed)           0.440     0.683    i_xlnx_clk_gen/inst/clk_in1_xlnx_clk_gen
    MMCME2_ADV_X1Y2      MMCME2_ADV (Prop_mmcme2_adv_CLKIN1_CLKOUT0)
                                                     -2.613    -1.930 r  i_xlnx_clk_gen/inst/mmcm_adv_inst/CLKOUT0
                         net (fo=1, routed)           0.696    -1.233    i_xlnx_clk_gen/inst/clk_out1_xlnx_clk_gen
    BUFGCTRL_X0Y16       BUFG (Prop_bufg_I_O)         0.026    -1.207 r  i_xlnx_clk_gen/inst/clkout1_buf/O
                         net (fo=15149, routed)       0.579    -0.629    i_ariane/i_cva6/ex_stage_i/lsu_i/i_load_unit/clk_out1
    SLICE_X84Y21         FDCE                                         r  i_ariane/i_cva6/ex_stage_i/lsu_i/i_load_unit/ldbuf_q_reg[0][address_offset][0]/C
  -------------------------------------------------------------------    -------------------
    SLICE_X84Y21         FDCE (Prop_fdce_C_Q)         0.141    -0.488 f  i_ariane/i_cva6/ex_stage_i/lsu_i/i_load_unit/ldbuf_q_reg[0][address_offset][0]/Q
                         net (fo=8, routed)           0.185    -0.303    i_ariane/i_cva6/ex_stage_i/lsu_i/i_load_unit/ldbuf_q_reg[0][address_offset][0]
    SLICE_X84Y21         LUT6 (Prop_lut6_I2_O)        0.045    -0.258 r  i_ariane/i_cva6/ex_stage_i/lsu_i/i_load_unit/result_o_reg[15]_i_4/O
                         net (fo=8, routed)           0.331     0.073    i_ariane/i_cva6/ex_stage_i/lsu_i/i_load_unit/result_o_reg[15]_i_4_n_1
    SLICE_X78Y24         LUT5 (Prop_lut5_I3_O)        0.045     0.118 r  i_ariane/i_cva6/ex_stage_i/lsu_i/i_load_unit/result_o_reg[9]_i_1/O
                         net (fo=1, routed)           0.197     0.315    i_ariane/i_cva6/ex_stage_i/lsu_i/i_load_unit/result_o_reg[9]_i_1_n_1
    SLICE_X78Y24         LDCE                                         r  i_ariane/i_cva6/ex_stage_i/lsu_i/i_load_unit/result_o_reg[9]/D
  -------------------------------------------------------------------    -------------------

Slack:                    inf
  Source:                 i_ariane/i_cva6/ex_stage_i/lsu_i/i_load_unit/ldbuf_q_reg[0][address_offset][0]/C
                            (rising edge-triggered cell FDCE clocked by clk_out1_xlnx_clk_gen  {rise@0.000ns fall@10.000ns period=20.000ns})
  Destination:            i_ariane/i_cva6/ex_stage_i/lsu_i/i_load_unit/result_o_reg[13]/D
  Path Group:             (none)
  Path Type:              Min at Fast Process Corner
  Data Path Delay:        0.975ns  (logic 0.231ns (23.683%)  route 0.744ns (76.317%))
  Logic Levels:           2  (LUT5=1 LUT6=1)
  Clock Uncertainty:      0.172ns  ((TSJ^2 + DJ^2)^1/2) / 2 + PE
    Total System Jitter     (TSJ):    0.050ns
    Discrete Jitter          (DJ):    0.142ns
    Phase Error              (PE):    0.097ns

    Location             Delay type                Incr(ns)  Path(ns)    Netlist Resource(s)
  -------------------------------------------------------------------    -------------------
                         (clock clk_out1_xlnx_clk_gen rise edge)
                                                      0.000     0.000 r  
    K17                                               0.000     0.000 r  clk_sys (IN)
                         net (fo=0)                   0.000     0.000    i_xlnx_clk_gen/inst/clk_in1
    K17                  IBUF (Prop_ibuf_I_O)         0.243     0.243 r  i_xlnx_clk_gen/inst/clkin1_ibufg/O
                         net (fo=1, routed)           0.440     0.683    i_xlnx_clk_gen/inst/clk_in1_xlnx_clk_gen
    MMCME2_ADV_X1Y2      MMCME2_ADV (Prop_mmcme2_adv_CLKIN1_CLKOUT0)
                                                     -2.613    -1.930 r  i_xlnx_clk_gen/inst/mmcm_adv_inst/CLKOUT0
                         net (fo=1, routed)           0.696    -1.233    i_xlnx_clk_gen/inst/clk_out1_xlnx_clk_gen
    BUFGCTRL_X0Y16       BUFG (Prop_bufg_I_O)         0.026    -1.207 r  i_xlnx_clk_gen/inst/clkout1_buf/O
                         net (fo=15149, routed)       0.579    -0.629    i_ariane/i_cva6/ex_stage_i/lsu_i/i_load_unit/clk_out1
    SLICE_X84Y21         FDCE                                         r  i_ariane/i_cva6/ex_stage_i/lsu_i/i_load_unit/ldbuf_q_reg[0][address_offset][0]/C
  -------------------------------------------------------------------    -------------------
    SLICE_X84Y21         FDCE (Prop_fdce_C_Q)         0.141    -0.488 f  i_ariane/i_cva6/ex_stage_i/lsu_i/i_load_unit/ldbuf_q_reg[0][address_offset][0]/Q
                         net (fo=8, routed)           0.185    -0.303    i_ariane/i_cva6/ex_stage_i/lsu_i/i_load_unit/ldbuf_q_reg[0][address_offset][0]
    SLICE_X84Y21         LUT6 (Prop_lut6_I2_O)        0.045    -0.258 r  i_ariane/i_cva6/ex_stage_i/lsu_i/i_load_unit/result_o_reg[15]_i_4/O
                         net (fo=8, routed)           0.378     0.120    i_ariane/i_cva6/ex_stage_i/lsu_i/i_load_unit/result_o_reg[15]_i_4_n_1
    SLICE_X77Y24         LUT5 (Prop_lut5_I3_O)        0.045     0.165 r  i_ariane/i_cva6/ex_stage_i/lsu_i/i_load_unit/result_o_reg[13]_i_1/O
                         net (fo=1, routed)           0.181     0.347    i_ariane/i_cva6/ex_stage_i/lsu_i/i_load_unit/result_o_reg[13]_i_1_n_1
    SLICE_X78Y24         LDCE                                         r  i_ariane/i_cva6/ex_stage_i/lsu_i/i_load_unit/result_o_reg[13]/D
  -------------------------------------------------------------------    -------------------

Slack:                    inf
  Source:                 i_ariane/i_cva6/ex_stage_i/lsu_i/i_load_unit/ldbuf_q_reg[0][address_offset][1]/C
                            (rising edge-triggered cell FDCE clocked by clk_out1_xlnx_clk_gen  {rise@0.000ns fall@10.000ns period=20.000ns})
  Destination:            i_ariane/i_cva6/ex_stage_i/lsu_i/i_load_unit/result_o_reg[16]/D
  Path Group:             (none)
  Path Type:              Min at Fast Process Corner
  Data Path Delay:        1.014ns  (logic 0.231ns (22.791%)  route 0.783ns (77.209%))
  Logic Levels:           2  (LUT6=2)
  Clock Uncertainty:      0.172ns  ((TSJ^2 + DJ^2)^1/2) / 2 + PE
    Total System Jitter     (TSJ):    0.050ns
    Discrete Jitter          (DJ):    0.142ns
    Phase Error              (PE):    0.097ns

    Location             Delay type                Incr(ns)  Path(ns)    Netlist Resource(s)
  -------------------------------------------------------------------    -------------------
                         (clock clk_out1_xlnx_clk_gen rise edge)
                                                      0.000     0.000 r  
    K17                                               0.000     0.000 r  clk_sys (IN)
                         net (fo=0)                   0.000     0.000    i_xlnx_clk_gen/inst/clk_in1
    K17                  IBUF (Prop_ibuf_I_O)         0.243     0.243 r  i_xlnx_clk_gen/inst/clkin1_ibufg/O
                         net (fo=1, routed)           0.440     0.683    i_xlnx_clk_gen/inst/clk_in1_xlnx_clk_gen
    MMCME2_ADV_X1Y2      MMCME2_ADV (Prop_mmcme2_adv_CLKIN1_CLKOUT0)
                                                     -2.613    -1.930 r  i_xlnx_clk_gen/inst/mmcm_adv_inst/CLKOUT0
                         net (fo=1, routed)           0.696    -1.233    i_xlnx_clk_gen/inst/clk_out1_xlnx_clk_gen
    BUFGCTRL_X0Y16       BUFG (Prop_bufg_I_O)         0.026    -1.207 r  i_xlnx_clk_gen/inst/clkout1_buf/O
                         net (fo=15149, routed)       0.579    -0.629    i_ariane/i_cva6/ex_stage_i/lsu_i/i_load_unit/clk_out1
    SLICE_X84Y21         FDCE                                         r  i_ariane/i_cva6/ex_stage_i/lsu_i/i_load_unit/ldbuf_q_reg[0][address_offset][1]/C
  -------------------------------------------------------------------    -------------------
    SLICE_X84Y21         FDCE (Prop_fdce_C_Q)         0.141    -0.488 f  i_ariane/i_cva6/ex_stage_i/lsu_i/i_load_unit/ldbuf_q_reg[0][address_offset][1]/Q
                         net (fo=7, routed)           0.258    -0.229    i_ariane/i_cva6/ex_stage_i/lsu_i/i_load_unit/ldbuf_q_reg[0][address_offset][1]
    SLICE_X82Y21         LUT6 (Prop_lut6_I2_O)        0.045    -0.184 r  i_ariane/i_cva6/ex_stage_i/lsu_i/i_load_unit/result_o_reg[23]_i_2/O
                         net (fo=8, routed)           0.334     0.150    i_ariane/i_cva6/ex_stage_i/lsu_i/i_load_unit/result_o_reg[23]_i_2_n_1
    SLICE_X78Y24         LUT6 (Prop_lut6_I5_O)        0.045     0.195 r  i_ariane/i_cva6/ex_stage_i/lsu_i/i_load_unit/result_o_reg[16]_i_1/O
                         net (fo=1, routed)           0.190     0.385    i_ariane/i_cva6/ex_stage_i/lsu_i/i_load_unit/result_o_reg[16]_i_1_n_1
    SLICE_X78Y24         LDCE                                         r  i_ariane/i_cva6/ex_stage_i/lsu_i/i_load_unit/result_o_reg[16]/D
  -------------------------------------------------------------------    -------------------

Slack:                    inf
  Source:                 i_ariane/i_cva6/gen_cache_wt.i_cache_subsystem/i_wt_dcache/i_wt_dcache_wbuffer/wbuffer_q_reg[1][data][5]/C
                            (rising edge-triggered cell FDCE clocked by clk_out1_xlnx_clk_gen  {rise@0.000ns fall@10.000ns period=20.000ns})
  Destination:            i_ariane/i_cva6/ex_stage_i/lsu_i/i_load_unit/result_o_reg[5]/D
  Path Group:             (none)
  Path Type:              Min at Fast Process Corner
  Data Path Delay:        1.023ns  (logic 0.231ns (22.581%)  route 0.792ns (77.419%))
  Logic Levels:           2  (LUT5=1 LUT6=1)
  Clock Uncertainty:      0.172ns  ((TSJ^2 + DJ^2)^1/2) / 2 + PE
    Total System Jitter     (TSJ):    0.050ns
    Discrete Jitter          (DJ):    0.142ns
    Phase Error              (PE):    0.097ns

    Location             Delay type                Incr(ns)  Path(ns)    Netlist Resource(s)
  -------------------------------------------------------------------    -------------------
                         (clock clk_out1_xlnx_clk_gen rise edge)
                                                      0.000     0.000 r  
    K17                                               0.000     0.000 r  clk_sys (IN)
                         net (fo=0)                   0.000     0.000    i_xlnx_clk_gen/inst/clk_in1
    K17                  IBUF (Prop_ibuf_I_O)         0.243     0.243 r  i_xlnx_clk_gen/inst/clkin1_ibufg/O
                         net (fo=1, routed)           0.440     0.683    i_xlnx_clk_gen/inst/clk_in1_xlnx_clk_gen
    MMCME2_ADV_X1Y2      MMCME2_ADV (Prop_mmcme2_adv_CLKIN1_CLKOUT0)
                                                     -2.613    -1.930 r  i_xlnx_clk_gen/inst/mmcm_adv_inst/CLKOUT0
                         net (fo=1, routed)           0.696    -1.233    i_xlnx_clk_gen/inst/clk_out1_xlnx_clk_gen
    BUFGCTRL_X0Y16       BUFG (Prop_bufg_I_O)         0.026    -1.207 r  i_xlnx_clk_gen/inst/clkout1_buf/O
                         net (fo=15149, routed)       0.577    -0.631    i_ariane/i_cva6/gen_cache_wt.i_cache_subsystem/i_wt_dcache/i_wt_dcache_wbuffer/clk_out1
    SLICE_X81Y26         FDCE                                         r  i_ariane/i_cva6/gen_cache_wt.i_cache_subsystem/i_wt_dcache/i_wt_dcache_wbuffer/wbuffer_q_reg[1][data][5]/C
  -------------------------------------------------------------------    -------------------
    SLICE_X81Y26         FDCE (Prop_fdce_C_Q)         0.141    -0.490 r  i_ariane/i_cva6/gen_cache_wt.i_cache_subsystem/i_wt_dcache/i_wt_dcache_wbuffer/wbuffer_q_reg[1][data][5]/Q
                         net (fo=11, routed)          0.315    -0.175    i_ariane/i_cva6/gen_cache_wt.i_cache_subsystem/i_wt_dcache/i_wt_dcache_wbuffer/wbuffer_data[1][data][5]
    SLICE_X75Y27         LUT5 (Prop_lut5_I4_O)        0.045    -0.130 r  i_ariane/i_cva6/gen_cache_wt.i_cache_subsystem/i_wt_dcache/i_wt_dcache_wbuffer/data_rdata_q[5]_i_1/O
                         net (fo=2, routed)           0.279     0.149    i_ariane/i_cva6/gen_cache_wt.i_cache_subsystem/i_wt_dcache/i_wt_dcache_wbuffer/req_port_i[data_rdata][5]
    SLICE_X74Y23         LUT6 (Prop_lut6_I4_O)        0.045     0.194 r  i_ariane/i_cva6/gen_cache_wt.i_cache_subsystem/i_wt_dcache/i_wt_dcache_wbuffer/result_o_reg[5]_i_1/O
                         net (fo=1, routed)           0.198     0.392    i_ariane/i_cva6/ex_stage_i/lsu_i/i_load_unit/gen_register.d_o_reg[72][5]
    SLICE_X76Y16         LDCE                                         r  i_ariane/i_cva6/ex_stage_i/lsu_i/i_load_unit/result_o_reg[5]/D
  -------------------------------------------------------------------    -------------------

Slack:                    inf
  Source:                 i_ariane/i_cva6/ex_stage_i/lsu_i/i_load_unit/ldbuf_q_reg[1][address_offset][0]/C
                            (rising edge-triggered cell FDCE clocked by clk_out1_xlnx_clk_gen  {rise@0.000ns fall@10.000ns period=20.000ns})
  Destination:            i_ariane/i_cva6/ex_stage_i/lsu_i/i_load_unit/result_o_reg[29]/D
  Path Group:             (none)
  Path Type:              Min at Fast Process Corner
  Data Path Delay:        1.039ns  (logic 0.228ns (21.949%)  route 0.811ns (78.051%))
  Logic Levels:           2  (LUT4=1 LUT6=1)
  Clock Uncertainty:      0.172ns  ((TSJ^2 + DJ^2)^1/2) / 2 + PE
    Total System Jitter     (TSJ):    0.050ns
    Discrete Jitter          (DJ):    0.142ns
    Phase Error              (PE):    0.097ns

    Location             Delay type                Incr(ns)  Path(ns)    Netlist Resource(s)
  -------------------------------------------------------------------    -------------------
                         (clock clk_out1_xlnx_clk_gen rise edge)
                                                      0.000     0.000 r  
    K17                                               0.000     0.000 r  clk_sys (IN)
                         net (fo=0)                   0.000     0.000    i_xlnx_clk_gen/inst/clk_in1
    K17                  IBUF (Prop_ibuf_I_O)         0.243     0.243 r  i_xlnx_clk_gen/inst/clkin1_ibufg/O
                         net (fo=1, routed)           0.440     0.683    i_xlnx_clk_gen/inst/clk_in1_xlnx_clk_gen
    MMCME2_ADV_X1Y2      MMCME2_ADV (Prop_mmcme2_adv_CLKIN1_CLKOUT0)
                                                     -2.613    -1.930 r  i_xlnx_clk_gen/inst/mmcm_adv_inst/CLKOUT0
                         net (fo=1, routed)           0.696    -1.233    i_xlnx_clk_gen/inst/clk_out1_xlnx_clk_gen
    BUFGCTRL_X0Y16       BUFG (Prop_bufg_I_O)         0.026    -1.207 r  i_xlnx_clk_gen/inst/clkout1_buf/O
                         net (fo=15149, routed)       0.582    -0.626    i_ariane/i_cva6/ex_stage_i/lsu_i/i_load_unit/clk_out1
    SLICE_X87Y19         FDCE                                         r  i_ariane/i_cva6/ex_stage_i/lsu_i/i_load_unit/ldbuf_q_reg[1][address_offset][0]/C
  -------------------------------------------------------------------    -------------------
    SLICE_X87Y19         FDCE (Prop_fdce_C_Q)         0.141    -0.485 f  i_ariane/i_cva6/ex_stage_i/lsu_i/i_load_unit/ldbuf_q_reg[1][address_offset][0]/Q
                         net (fo=8, routed)           0.287    -0.197    i_ariane/i_cva6/ex_stage_i/lsu_i/i_load_unit/ldbuf_q_reg[1][address_offset][0]
    SLICE_X82Y21         LUT6 (Prop_lut6_I0_O)        0.045    -0.152 r  i_ariane/i_cva6/ex_stage_i/lsu_i/i_load_unit/result_o_reg[31]_i_4/O
                         net (fo=16, routed)          0.464     0.312    i_ariane/i_cva6/ex_stage_i/lsu_i/i_load_unit/result_o_reg[31]_i_4_n_1
    SLICE_X76Y25         LUT4 (Prop_lut4_I3_O)        0.042     0.354 r  i_ariane/i_cva6/ex_stage_i/lsu_i/i_load_unit/result_o_reg[29]_i_1/O
                         net (fo=1, routed)           0.059     0.413    i_ariane/i_cva6/ex_stage_i/lsu_i/i_load_unit/result_o_reg[29]_i_1_n_1
    SLICE_X77Y25         LDCE                                         r  i_ariane/i_cva6/ex_stage_i/lsu_i/i_load_unit/result_o_reg[29]/D
  -------------------------------------------------------------------    -------------------





--------------------------------------------------------------------------------------
Path Group:  (none)
From Clock:  clkfbout_xlnx_clk_gen
  To Clock:  

Max Delay             1 Endpoint
Min Delay             1 Endpoint
--------------------------------------------------------------------------------------


Max Delay Paths
--------------------------------------------------------------------------------------
Slack:                    inf
  Source:                 i_xlnx_clk_gen/inst/mmcm_adv_inst/CLKFBOUT
                            (clock source 'clkfbout_xlnx_clk_gen'  {rise@0.000ns fall@4.000ns period=8.000ns})
  Destination:            i_xlnx_clk_gen/inst/mmcm_adv_inst/CLKFBIN
  Path Group:             (none)
  Path Type:              Max at Slow Process Corner
  Data Path Delay:        4.287ns  (logic 0.101ns (2.356%)  route 4.186ns (97.644%))
  Logic Levels:           1  (BUFG=1)
  Clock Uncertainty:      0.144ns  ((TSJ^2 + DJ^2)^1/2) / 2 + PE
    Total System Jitter     (TSJ):    0.050ns
    Discrete Jitter          (DJ):    0.080ns
    Phase Error              (PE):    0.097ns

    Location             Delay type                Incr(ns)  Path(ns)    Netlist Resource(s)
  -------------------------------------------------------------------    -------------------
                         (clock clkfbout_xlnx_clk_gen fall edge)
                                                      4.000     4.000 f  
    K17                                               0.000     4.000 f  clk_sys (IN)
                         net (fo=0)                   0.000     4.000    i_xlnx_clk_gen/inst/clk_in1
    K17                  IBUF (Prop_ibuf_I_O)         1.475     5.475 f  i_xlnx_clk_gen/inst/clkin1_ibufg/O
                         net (fo=1, routed)           1.285     6.760    i_xlnx_clk_gen/inst/clk_in1_xlnx_clk_gen
  -------------------------------------------------------------------    -------------------
    MMCME2_ADV_X1Y2      MMCME2_ADV (Prop_mmcme2_adv_CLKIN1_CLKFBOUT)
                                                     -7.759    -0.999 f  i_xlnx_clk_gen/inst/mmcm_adv_inst/CLKFBOUT
                         net (fo=1, routed)           2.206     1.207    i_xlnx_clk_gen/inst/clkfbout_xlnx_clk_gen
    BUFGCTRL_X0Y17       BUFG (Prop_bufg_I_O)         0.101     1.308 f  i_xlnx_clk_gen/inst/clkf_buf/O
                         net (fo=1, routed)           1.980     3.288    i_xlnx_clk_gen/inst/clkfbout_buf_xlnx_clk_gen
    MMCME2_ADV_X1Y2      MMCME2_ADV                                   f  i_xlnx_clk_gen/inst/mmcm_adv_inst/CLKFBIN
  -------------------------------------------------------------------    -------------------





Min Delay Paths
--------------------------------------------------------------------------------------
Slack:                    inf
  Source:                 i_xlnx_clk_gen/inst/mmcm_adv_inst/CLKFBOUT
                            (clock source 'clkfbout_xlnx_clk_gen'  {rise@0.000ns fall@4.000ns period=8.000ns})
  Destination:            i_xlnx_clk_gen/inst/mmcm_adv_inst/CLKFBIN
  Path Group:             (none)
  Path Type:              Min at Slow Process Corner
  Data Path Delay:        3.873ns  (logic 0.091ns (2.349%)  route 3.782ns (97.651%))
  Logic Levels:           1  (BUFG=1)
  Clock Uncertainty:      0.144ns  ((TSJ^2 + DJ^2)^1/2) / 2 + PE
    Total System Jitter     (TSJ):    0.050ns
    Discrete Jitter          (DJ):    0.080ns
    Phase Error              (PE):    0.097ns

    Location             Delay type                Incr(ns)  Path(ns)    Netlist Resource(s)
  -------------------------------------------------------------------    -------------------
                         (clock clkfbout_xlnx_clk_gen rise edge)
                                                      0.000     0.000 r  
    K17                                               0.000     0.000 r  clk_sys (IN)
                         net (fo=0)                   0.000     0.000    i_xlnx_clk_gen/inst/clk_in1
    K17                  IBUF (Prop_ibuf_I_O)         1.404     1.404 r  i_xlnx_clk_gen/inst/clkin1_ibufg/O
                         net (fo=1, routed)           1.162     2.566    i_xlnx_clk_gen/inst/clk_in1_xlnx_clk_gen
  -------------------------------------------------------------------    -------------------
    MMCME2_ADV_X1Y2      MMCME2_ADV (Prop_mmcme2_adv_CLKIN1_CLKFBOUT)
                                                     -7.814    -5.248 r  i_xlnx_clk_gen/inst/mmcm_adv_inst/CLKFBOUT
                         net (fo=1, routed)           2.012    -3.236    i_xlnx_clk_gen/inst/clkfbout_xlnx_clk_gen
    BUFGCTRL_X0Y17       BUFG (Prop_bufg_I_O)         0.091    -3.145 r  i_xlnx_clk_gen/inst/clkf_buf/O
                         net (fo=1, routed)           1.770    -1.375    i_xlnx_clk_gen/inst/clkfbout_buf_xlnx_clk_gen
    MMCME2_ADV_X1Y2      MMCME2_ADV                                   r  i_xlnx_clk_gen/inst/mmcm_adv_inst/CLKFBIN
  -------------------------------------------------------------------    -------------------





--------------------------------------------------------------------------------------
Path Group:  (none)
From Clock:  
  To Clock:  clk_out1_xlnx_clk_gen

Max Delay           811 Endpoints
Min Delay           811 Endpoints
--------------------------------------------------------------------------------------


Max Delay Paths
--------------------------------------------------------------------------------------
Slack:                    inf
  Source:                 cpu_reset
                            (input port)
  Destination:            i_dmi_jtag/i_dmi_cdc/i_cdc_resp/i_src/data_src_q_reg[data][24]/CLR
                            (recovery check against rising-edge clock clk_out1_xlnx_clk_gen  {rise@0.000ns fall@10.000ns period=20.000ns})
  Path Group:             (none)
  Path Type:              Recovery (Max at Slow Process Corner)
  Data Path Delay:        10.154ns  (logic 1.569ns (15.454%)  route 8.585ns (84.546%))
  Logic Levels:           1  (IBUF=1)
  Clock Path Skew:        -1.544ns (DCD - SCD + CPR)
    Destination Clock Delay (DCD):    -1.544ns
    Source Clock Delay      (SCD):    0.000ns
    Clock Pessimism Removal (CPR):    0.000ns
  Clock Uncertainty:      0.172ns  ((TSJ^2 + DJ^2)^1/2) / 2 + PE
    Total System Jitter     (TSJ):    0.050ns
    Discrete Jitter          (DJ):    0.142ns
    Phase Error              (PE):    0.097ns

    Location             Delay type                Incr(ns)  Path(ns)    Netlist Resource(s)
  -------------------------------------------------------------------    -------------------
    Y16                                               0.000     0.000 f  cpu_reset (IN)
                         net (fo=0)                   0.000     0.000    cpu_reset
    Y16                  IBUF (Prop_ibuf_I_O)         1.569     1.569 f  cpu_reset_IBUF_inst/O
                         net (fo=775, routed)         8.585    10.154    i_dmi_jtag/i_dmi_cdc/i_cdc_resp/i_src/cpu_reset_IBUF
    SLICE_X92Y85         FDCE                                         f  i_dmi_jtag/i_dmi_cdc/i_cdc_resp/i_src/data_src_q_reg[data][24]/CLR
  -------------------------------------------------------------------    -------------------

                         (clock clk_out1_xlnx_clk_gen rise edge)
                                                      0.000     0.000 r  
    K17                                               0.000     0.000 r  clk_sys (IN)
                         net (fo=0)                   0.000     0.000    i_xlnx_clk_gen/inst/clk_in1
    K17                  IBUF (Prop_ibuf_I_O)         1.404     1.404 r  i_xlnx_clk_gen/inst/clkin1_ibufg/O
                         net (fo=1, routed)           1.162     2.566    i_xlnx_clk_gen/inst/clk_in1_xlnx_clk_gen
    MMCME2_ADV_X1Y2      MMCME2_ADV (Prop_mmcme2_adv_CLKIN1_CLKOUT0)
                                                     -7.814    -5.248 r  i_xlnx_clk_gen/inst/mmcm_adv_inst/CLKOUT0
                         net (fo=1, routed)           2.012    -3.236    i_xlnx_clk_gen/inst/clk_out1_xlnx_clk_gen
    BUFGCTRL_X0Y16       BUFG (Prop_bufg_I_O)         0.091    -3.145 r  i_xlnx_clk_gen/inst/clkout1_buf/O
                         net (fo=15149, routed)       1.601    -1.544    i_dmi_jtag/i_dmi_cdc/i_cdc_resp/i_src/clk_out1
    SLICE_X92Y85         FDCE                                         r  i_dmi_jtag/i_dmi_cdc/i_cdc_resp/i_src/data_src_q_reg[data][24]/C

Slack:                    inf
  Source:                 cpu_reset
                            (input port)
  Destination:            i_dmi_jtag/i_dmi_cdc/i_cdc_resp/i_src/data_src_q_reg[data][25]/CLR
                            (recovery check against rising-edge clock clk_out1_xlnx_clk_gen  {rise@0.000ns fall@10.000ns period=20.000ns})
  Path Group:             (none)
  Path Type:              Recovery (Max at Slow Process Corner)
  Data Path Delay:        10.154ns  (logic 1.569ns (15.454%)  route 8.585ns (84.546%))
  Logic Levels:           1  (IBUF=1)
  Clock Path Skew:        -1.544ns (DCD - SCD + CPR)
    Destination Clock Delay (DCD):    -1.544ns
    Source Clock Delay      (SCD):    0.000ns
    Clock Pessimism Removal (CPR):    0.000ns
  Clock Uncertainty:      0.172ns  ((TSJ^2 + DJ^2)^1/2) / 2 + PE
    Total System Jitter     (TSJ):    0.050ns
    Discrete Jitter          (DJ):    0.142ns
    Phase Error              (PE):    0.097ns

    Location             Delay type                Incr(ns)  Path(ns)    Netlist Resource(s)
  -------------------------------------------------------------------    -------------------
    Y16                                               0.000     0.000 f  cpu_reset (IN)
                         net (fo=0)                   0.000     0.000    cpu_reset
    Y16                  IBUF (Prop_ibuf_I_O)         1.569     1.569 f  cpu_reset_IBUF_inst/O
                         net (fo=775, routed)         8.585    10.154    i_dmi_jtag/i_dmi_cdc/i_cdc_resp/i_src/cpu_reset_IBUF
    SLICE_X92Y85         FDCE                                         f  i_dmi_jtag/i_dmi_cdc/i_cdc_resp/i_src/data_src_q_reg[data][25]/CLR
  -------------------------------------------------------------------    -------------------

                         (clock clk_out1_xlnx_clk_gen rise edge)
                                                      0.000     0.000 r  
    K17                                               0.000     0.000 r  clk_sys (IN)
                         net (fo=0)                   0.000     0.000    i_xlnx_clk_gen/inst/clk_in1
    K17                  IBUF (Prop_ibuf_I_O)         1.404     1.404 r  i_xlnx_clk_gen/inst/clkin1_ibufg/O
                         net (fo=1, routed)           1.162     2.566    i_xlnx_clk_gen/inst/clk_in1_xlnx_clk_gen
    MMCME2_ADV_X1Y2      MMCME2_ADV (Prop_mmcme2_adv_CLKIN1_CLKOUT0)
                                                     -7.814    -5.248 r  i_xlnx_clk_gen/inst/mmcm_adv_inst/CLKOUT0
                         net (fo=1, routed)           2.012    -3.236    i_xlnx_clk_gen/inst/clk_out1_xlnx_clk_gen
    BUFGCTRL_X0Y16       BUFG (Prop_bufg_I_O)         0.091    -3.145 r  i_xlnx_clk_gen/inst/clkout1_buf/O
                         net (fo=15149, routed)       1.601    -1.544    i_dmi_jtag/i_dmi_cdc/i_cdc_resp/i_src/clk_out1
    SLICE_X92Y85         FDCE                                         r  i_dmi_jtag/i_dmi_cdc/i_cdc_resp/i_src/data_src_q_reg[data][25]/C

Slack:                    inf
  Source:                 cpu_reset
                            (input port)
  Destination:            i_dmi_jtag/i_dmi_cdc/i_cdc_resp/i_src/data_src_q_reg[data][26]/CLR
                            (recovery check against rising-edge clock clk_out1_xlnx_clk_gen  {rise@0.000ns fall@10.000ns period=20.000ns})
  Path Group:             (none)
  Path Type:              Recovery (Max at Slow Process Corner)
  Data Path Delay:        10.154ns  (logic 1.569ns (15.454%)  route 8.585ns (84.546%))
  Logic Levels:           1  (IBUF=1)
  Clock Path Skew:        -1.544ns (DCD - SCD + CPR)
    Destination Clock Delay (DCD):    -1.544ns
    Source Clock Delay      (SCD):    0.000ns
    Clock Pessimism Removal (CPR):    0.000ns
  Clock Uncertainty:      0.172ns  ((TSJ^2 + DJ^2)^1/2) / 2 + PE
    Total System Jitter     (TSJ):    0.050ns
    Discrete Jitter          (DJ):    0.142ns
    Phase Error              (PE):    0.097ns

    Location             Delay type                Incr(ns)  Path(ns)    Netlist Resource(s)
  -------------------------------------------------------------------    -------------------
    Y16                                               0.000     0.000 f  cpu_reset (IN)
                         net (fo=0)                   0.000     0.000    cpu_reset
    Y16                  IBUF (Prop_ibuf_I_O)         1.569     1.569 f  cpu_reset_IBUF_inst/O
                         net (fo=775, routed)         8.585    10.154    i_dmi_jtag/i_dmi_cdc/i_cdc_resp/i_src/cpu_reset_IBUF
    SLICE_X92Y85         FDCE                                         f  i_dmi_jtag/i_dmi_cdc/i_cdc_resp/i_src/data_src_q_reg[data][26]/CLR
  -------------------------------------------------------------------    -------------------

                         (clock clk_out1_xlnx_clk_gen rise edge)
                                                      0.000     0.000 r  
    K17                                               0.000     0.000 r  clk_sys (IN)
                         net (fo=0)                   0.000     0.000    i_xlnx_clk_gen/inst/clk_in1
    K17                  IBUF (Prop_ibuf_I_O)         1.404     1.404 r  i_xlnx_clk_gen/inst/clkin1_ibufg/O
                         net (fo=1, routed)           1.162     2.566    i_xlnx_clk_gen/inst/clk_in1_xlnx_clk_gen
    MMCME2_ADV_X1Y2      MMCME2_ADV (Prop_mmcme2_adv_CLKIN1_CLKOUT0)
                                                     -7.814    -5.248 r  i_xlnx_clk_gen/inst/mmcm_adv_inst/CLKOUT0
                         net (fo=1, routed)           2.012    -3.236    i_xlnx_clk_gen/inst/clk_out1_xlnx_clk_gen
    BUFGCTRL_X0Y16       BUFG (Prop_bufg_I_O)         0.091    -3.145 r  i_xlnx_clk_gen/inst/clkout1_buf/O
                         net (fo=15149, routed)       1.601    -1.544    i_dmi_jtag/i_dmi_cdc/i_cdc_resp/i_src/clk_out1
    SLICE_X92Y85         FDCE                                         r  i_dmi_jtag/i_dmi_cdc/i_cdc_resp/i_src/data_src_q_reg[data][26]/C

Slack:                    inf
  Source:                 cpu_reset
                            (input port)
  Destination:            i_dmi_jtag/i_dmi_cdc/i_cdc_resp/i_src/data_src_q_reg[data][27]/CLR
                            (recovery check against rising-edge clock clk_out1_xlnx_clk_gen  {rise@0.000ns fall@10.000ns period=20.000ns})
  Path Group:             (none)
  Path Type:              Recovery (Max at Slow Process Corner)
  Data Path Delay:        10.154ns  (logic 1.569ns (15.454%)  route 8.585ns (84.546%))
  Logic Levels:           1  (IBUF=1)
  Clock Path Skew:        -1.544ns (DCD - SCD + CPR)
    Destination Clock Delay (DCD):    -1.544ns
    Source Clock Delay      (SCD):    0.000ns
    Clock Pessimism Removal (CPR):    0.000ns
  Clock Uncertainty:      0.172ns  ((TSJ^2 + DJ^2)^1/2) / 2 + PE
    Total System Jitter     (TSJ):    0.050ns
    Discrete Jitter          (DJ):    0.142ns
    Phase Error              (PE):    0.097ns

    Location             Delay type                Incr(ns)  Path(ns)    Netlist Resource(s)
  -------------------------------------------------------------------    -------------------
    Y16                                               0.000     0.000 f  cpu_reset (IN)
                         net (fo=0)                   0.000     0.000    cpu_reset
    Y16                  IBUF (Prop_ibuf_I_O)         1.569     1.569 f  cpu_reset_IBUF_inst/O
                         net (fo=775, routed)         8.585    10.154    i_dmi_jtag/i_dmi_cdc/i_cdc_resp/i_src/cpu_reset_IBUF
    SLICE_X92Y85         FDCE                                         f  i_dmi_jtag/i_dmi_cdc/i_cdc_resp/i_src/data_src_q_reg[data][27]/CLR
  -------------------------------------------------------------------    -------------------

                         (clock clk_out1_xlnx_clk_gen rise edge)
                                                      0.000     0.000 r  
    K17                                               0.000     0.000 r  clk_sys (IN)
                         net (fo=0)                   0.000     0.000    i_xlnx_clk_gen/inst/clk_in1
    K17                  IBUF (Prop_ibuf_I_O)         1.404     1.404 r  i_xlnx_clk_gen/inst/clkin1_ibufg/O
                         net (fo=1, routed)           1.162     2.566    i_xlnx_clk_gen/inst/clk_in1_xlnx_clk_gen
    MMCME2_ADV_X1Y2      MMCME2_ADV (Prop_mmcme2_adv_CLKIN1_CLKOUT0)
                                                     -7.814    -5.248 r  i_xlnx_clk_gen/inst/mmcm_adv_inst/CLKOUT0
                         net (fo=1, routed)           2.012    -3.236    i_xlnx_clk_gen/inst/clk_out1_xlnx_clk_gen
    BUFGCTRL_X0Y16       BUFG (Prop_bufg_I_O)         0.091    -3.145 r  i_xlnx_clk_gen/inst/clkout1_buf/O
                         net (fo=15149, routed)       1.601    -1.544    i_dmi_jtag/i_dmi_cdc/i_cdc_resp/i_src/clk_out1
    SLICE_X92Y85         FDCE                                         r  i_dmi_jtag/i_dmi_cdc/i_cdc_resp/i_src/data_src_q_reg[data][27]/C

Slack:                    inf
  Source:                 cpu_reset
                            (input port)
  Destination:            i_dmi_jtag/i_dmi_cdc/i_cdc_resp/i_src/data_src_q_reg[data][28]/CLR
                            (recovery check against rising-edge clock clk_out1_xlnx_clk_gen  {rise@0.000ns fall@10.000ns period=20.000ns})
  Path Group:             (none)
  Path Type:              Recovery (Max at Slow Process Corner)
  Data Path Delay:        10.154ns  (logic 1.569ns (15.454%)  route 8.585ns (84.546%))
  Logic Levels:           1  (IBUF=1)
  Clock Path Skew:        -1.544ns (DCD - SCD + CPR)
    Destination Clock Delay (DCD):    -1.544ns
    Source Clock Delay      (SCD):    0.000ns
    Clock Pessimism Removal (CPR):    0.000ns
  Clock Uncertainty:      0.172ns  ((TSJ^2 + DJ^2)^1/2) / 2 + PE
    Total System Jitter     (TSJ):    0.050ns
    Discrete Jitter          (DJ):    0.142ns
    Phase Error              (PE):    0.097ns

    Location             Delay type                Incr(ns)  Path(ns)    Netlist Resource(s)
  -------------------------------------------------------------------    -------------------
    Y16                                               0.000     0.000 f  cpu_reset (IN)
                         net (fo=0)                   0.000     0.000    cpu_reset
    Y16                  IBUF (Prop_ibuf_I_O)         1.569     1.569 f  cpu_reset_IBUF_inst/O
                         net (fo=775, routed)         8.585    10.154    i_dmi_jtag/i_dmi_cdc/i_cdc_resp/i_src/cpu_reset_IBUF
    SLICE_X92Y85         FDCE                                         f  i_dmi_jtag/i_dmi_cdc/i_cdc_resp/i_src/data_src_q_reg[data][28]/CLR
  -------------------------------------------------------------------    -------------------

                         (clock clk_out1_xlnx_clk_gen rise edge)
                                                      0.000     0.000 r  
    K17                                               0.000     0.000 r  clk_sys (IN)
                         net (fo=0)                   0.000     0.000    i_xlnx_clk_gen/inst/clk_in1
    K17                  IBUF (Prop_ibuf_I_O)         1.404     1.404 r  i_xlnx_clk_gen/inst/clkin1_ibufg/O
                         net (fo=1, routed)           1.162     2.566    i_xlnx_clk_gen/inst/clk_in1_xlnx_clk_gen
    MMCME2_ADV_X1Y2      MMCME2_ADV (Prop_mmcme2_adv_CLKIN1_CLKOUT0)
                                                     -7.814    -5.248 r  i_xlnx_clk_gen/inst/mmcm_adv_inst/CLKOUT0
                         net (fo=1, routed)           2.012    -3.236    i_xlnx_clk_gen/inst/clk_out1_xlnx_clk_gen
    BUFGCTRL_X0Y16       BUFG (Prop_bufg_I_O)         0.091    -3.145 r  i_xlnx_clk_gen/inst/clkout1_buf/O
                         net (fo=15149, routed)       1.601    -1.544    i_dmi_jtag/i_dmi_cdc/i_cdc_resp/i_src/clk_out1
    SLICE_X92Y85         FDCE                                         r  i_dmi_jtag/i_dmi_cdc/i_cdc_resp/i_src/data_src_q_reg[data][28]/C

Slack:                    inf
  Source:                 cpu_reset
                            (input port)
  Destination:            i_dmi_jtag/i_dmi_cdc/i_cdc_resp/i_src/data_src_q_reg[data][29]/CLR
                            (recovery check against rising-edge clock clk_out1_xlnx_clk_gen  {rise@0.000ns fall@10.000ns period=20.000ns})
  Path Group:             (none)
  Path Type:              Recovery (Max at Slow Process Corner)
  Data Path Delay:        10.154ns  (logic 1.569ns (15.454%)  route 8.585ns (84.546%))
  Logic Levels:           1  (IBUF=1)
  Clock Path Skew:        -1.544ns (DCD - SCD + CPR)
    Destination Clock Delay (DCD):    -1.544ns
    Source Clock Delay      (SCD):    0.000ns
    Clock Pessimism Removal (CPR):    0.000ns
  Clock Uncertainty:      0.172ns  ((TSJ^2 + DJ^2)^1/2) / 2 + PE
    Total System Jitter     (TSJ):    0.050ns
    Discrete Jitter          (DJ):    0.142ns
    Phase Error              (PE):    0.097ns

    Location             Delay type                Incr(ns)  Path(ns)    Netlist Resource(s)
  -------------------------------------------------------------------    -------------------
    Y16                                               0.000     0.000 f  cpu_reset (IN)
                         net (fo=0)                   0.000     0.000    cpu_reset
    Y16                  IBUF (Prop_ibuf_I_O)         1.569     1.569 f  cpu_reset_IBUF_inst/O
                         net (fo=775, routed)         8.585    10.154    i_dmi_jtag/i_dmi_cdc/i_cdc_resp/i_src/cpu_reset_IBUF
    SLICE_X92Y85         FDCE                                         f  i_dmi_jtag/i_dmi_cdc/i_cdc_resp/i_src/data_src_q_reg[data][29]/CLR
  -------------------------------------------------------------------    -------------------

                         (clock clk_out1_xlnx_clk_gen rise edge)
                                                      0.000     0.000 r  
    K17                                               0.000     0.000 r  clk_sys (IN)
                         net (fo=0)                   0.000     0.000    i_xlnx_clk_gen/inst/clk_in1
    K17                  IBUF (Prop_ibuf_I_O)         1.404     1.404 r  i_xlnx_clk_gen/inst/clkin1_ibufg/O
                         net (fo=1, routed)           1.162     2.566    i_xlnx_clk_gen/inst/clk_in1_xlnx_clk_gen
    MMCME2_ADV_X1Y2      MMCME2_ADV (Prop_mmcme2_adv_CLKIN1_CLKOUT0)
                                                     -7.814    -5.248 r  i_xlnx_clk_gen/inst/mmcm_adv_inst/CLKOUT0
                         net (fo=1, routed)           2.012    -3.236    i_xlnx_clk_gen/inst/clk_out1_xlnx_clk_gen
    BUFGCTRL_X0Y16       BUFG (Prop_bufg_I_O)         0.091    -3.145 r  i_xlnx_clk_gen/inst/clkout1_buf/O
                         net (fo=15149, routed)       1.601    -1.544    i_dmi_jtag/i_dmi_cdc/i_cdc_resp/i_src/clk_out1
    SLICE_X92Y85         FDCE                                         r  i_dmi_jtag/i_dmi_cdc/i_cdc_resp/i_src/data_src_q_reg[data][29]/C

Slack:                    inf
  Source:                 cpu_reset
                            (input port)
  Destination:            i_dm_top/i_dm_csrs/progbuf_q_reg[5][20]/CLR
                            (recovery check against rising-edge clock clk_out1_xlnx_clk_gen  {rise@0.000ns fall@10.000ns period=20.000ns})
  Path Group:             (none)
  Path Type:              Recovery (Max at Slow Process Corner)
  Data Path Delay:        10.045ns  (logic 1.569ns (15.621%)  route 8.476ns (84.379%))
  Logic Levels:           1  (IBUF=1)
  Clock Path Skew:        -1.541ns (DCD - SCD + CPR)
    Destination Clock Delay (DCD):    -1.541ns
    Source Clock Delay      (SCD):    0.000ns
    Clock Pessimism Removal (CPR):    0.000ns
  Clock Uncertainty:      0.172ns  ((TSJ^2 + DJ^2)^1/2) / 2 + PE
    Total System Jitter     (TSJ):    0.050ns
    Discrete Jitter          (DJ):    0.142ns
    Phase Error              (PE):    0.097ns

    Location             Delay type                Incr(ns)  Path(ns)    Netlist Resource(s)
  -------------------------------------------------------------------    -------------------
    Y16                                               0.000     0.000 f  cpu_reset (IN)
                         net (fo=0)                   0.000     0.000    cpu_reset
    Y16                  IBUF (Prop_ibuf_I_O)         1.569     1.569 f  cpu_reset_IBUF_inst/O
                         net (fo=775, routed)         8.476    10.045    i_dm_top/i_dm_csrs/cpu_reset_IBUF
    SLICE_X93Y90         FDCE                                         f  i_dm_top/i_dm_csrs/progbuf_q_reg[5][20]/CLR
  -------------------------------------------------------------------    -------------------

                         (clock clk_out1_xlnx_clk_gen rise edge)
                                                      0.000     0.000 r  
    K17                                               0.000     0.000 r  clk_sys (IN)
                         net (fo=0)                   0.000     0.000    i_xlnx_clk_gen/inst/clk_in1
    K17                  IBUF (Prop_ibuf_I_O)         1.404     1.404 r  i_xlnx_clk_gen/inst/clkin1_ibufg/O
                         net (fo=1, routed)           1.162     2.566    i_xlnx_clk_gen/inst/clk_in1_xlnx_clk_gen
    MMCME2_ADV_X1Y2      MMCME2_ADV (Prop_mmcme2_adv_CLKIN1_CLKOUT0)
                                                     -7.814    -5.248 r  i_xlnx_clk_gen/inst/mmcm_adv_inst/CLKOUT0
                         net (fo=1, routed)           2.012    -3.236    i_xlnx_clk_gen/inst/clk_out1_xlnx_clk_gen
    BUFGCTRL_X0Y16       BUFG (Prop_bufg_I_O)         0.091    -3.145 r  i_xlnx_clk_gen/inst/clkout1_buf/O
                         net (fo=15149, routed)       1.604    -1.541    i_dm_top/i_dm_csrs/clk_out1
    SLICE_X93Y90         FDCE                                         r  i_dm_top/i_dm_csrs/progbuf_q_reg[5][20]/C

Slack:                    inf
  Source:                 cpu_reset
                            (input port)
  Destination:            i_dmi_jtag/i_dmi_cdc/i_cdc_resp/i_src/data_src_q_reg[data][18]/CLR
                            (recovery check against rising-edge clock clk_out1_xlnx_clk_gen  {rise@0.000ns fall@10.000ns period=20.000ns})
  Path Group:             (none)
  Path Type:              Recovery (Max at Slow Process Corner)
  Data Path Delay:        10.013ns  (logic 1.569ns (15.671%)  route 8.444ns (84.329%))
  Logic Levels:           1  (IBUF=1)
  Clock Path Skew:        -1.544ns (DCD - SCD + CPR)
    Destination Clock Delay (DCD):    -1.544ns
    Source Clock Delay      (SCD):    0.000ns
    Clock Pessimism Removal (CPR):    0.000ns
  Clock Uncertainty:      0.172ns  ((TSJ^2 + DJ^2)^1/2) / 2 + PE
    Total System Jitter     (TSJ):    0.050ns
    Discrete Jitter          (DJ):    0.142ns
    Phase Error              (PE):    0.097ns

    Location             Delay type                Incr(ns)  Path(ns)    Netlist Resource(s)
  -------------------------------------------------------------------    -------------------
    Y16                                               0.000     0.000 f  cpu_reset (IN)
                         net (fo=0)                   0.000     0.000    cpu_reset
    Y16                  IBUF (Prop_ibuf_I_O)         1.569     1.569 f  cpu_reset_IBUF_inst/O
                         net (fo=775, routed)         8.444    10.013    i_dmi_jtag/i_dmi_cdc/i_cdc_resp/i_src/cpu_reset_IBUF
    SLICE_X92Y86         FDCE                                         f  i_dmi_jtag/i_dmi_cdc/i_cdc_resp/i_src/data_src_q_reg[data][18]/CLR
  -------------------------------------------------------------------    -------------------

                         (clock clk_out1_xlnx_clk_gen rise edge)
                                                      0.000     0.000 r  
    K17                                               0.000     0.000 r  clk_sys (IN)
                         net (fo=0)                   0.000     0.000    i_xlnx_clk_gen/inst/clk_in1
    K17                  IBUF (Prop_ibuf_I_O)         1.404     1.404 r  i_xlnx_clk_gen/inst/clkin1_ibufg/O
                         net (fo=1, routed)           1.162     2.566    i_xlnx_clk_gen/inst/clk_in1_xlnx_clk_gen
    MMCME2_ADV_X1Y2      MMCME2_ADV (Prop_mmcme2_adv_CLKIN1_CLKOUT0)
                                                     -7.814    -5.248 r  i_xlnx_clk_gen/inst/mmcm_adv_inst/CLKOUT0
                         net (fo=1, routed)           2.012    -3.236    i_xlnx_clk_gen/inst/clk_out1_xlnx_clk_gen
    BUFGCTRL_X0Y16       BUFG (Prop_bufg_I_O)         0.091    -3.145 r  i_xlnx_clk_gen/inst/clkout1_buf/O
                         net (fo=15149, routed)       1.601    -1.544    i_dmi_jtag/i_dmi_cdc/i_cdc_resp/i_src/clk_out1
    SLICE_X92Y86         FDCE                                         r  i_dmi_jtag/i_dmi_cdc/i_cdc_resp/i_src/data_src_q_reg[data][18]/C

Slack:                    inf
  Source:                 cpu_reset
                            (input port)
  Destination:            i_dmi_jtag/i_dmi_cdc/i_cdc_resp/i_src/data_src_q_reg[data][19]/CLR
                            (recovery check against rising-edge clock clk_out1_xlnx_clk_gen  {rise@0.000ns fall@10.000ns period=20.000ns})
  Path Group:             (none)
  Path Type:              Recovery (Max at Slow Process Corner)
  Data Path Delay:        10.013ns  (logic 1.569ns (15.671%)  route 8.444ns (84.329%))
  Logic Levels:           1  (IBUF=1)
  Clock Path Skew:        -1.544ns (DCD - SCD + CPR)
    Destination Clock Delay (DCD):    -1.544ns
    Source Clock Delay      (SCD):    0.000ns
    Clock Pessimism Removal (CPR):    0.000ns
  Clock Uncertainty:      0.172ns  ((TSJ^2 + DJ^2)^1/2) / 2 + PE
    Total System Jitter     (TSJ):    0.050ns
    Discrete Jitter          (DJ):    0.142ns
    Phase Error              (PE):    0.097ns

    Location             Delay type                Incr(ns)  Path(ns)    Netlist Resource(s)
  -------------------------------------------------------------------    -------------------
    Y16                                               0.000     0.000 f  cpu_reset (IN)
                         net (fo=0)                   0.000     0.000    cpu_reset
    Y16                  IBUF (Prop_ibuf_I_O)         1.569     1.569 f  cpu_reset_IBUF_inst/O
                         net (fo=775, routed)         8.444    10.013    i_dmi_jtag/i_dmi_cdc/i_cdc_resp/i_src/cpu_reset_IBUF
    SLICE_X92Y86         FDCE                                         f  i_dmi_jtag/i_dmi_cdc/i_cdc_resp/i_src/data_src_q_reg[data][19]/CLR
  -------------------------------------------------------------------    -------------------

                         (clock clk_out1_xlnx_clk_gen rise edge)
                                                      0.000     0.000 r  
    K17                                               0.000     0.000 r  clk_sys (IN)
                         net (fo=0)                   0.000     0.000    i_xlnx_clk_gen/inst/clk_in1
    K17                  IBUF (Prop_ibuf_I_O)         1.404     1.404 r  i_xlnx_clk_gen/inst/clkin1_ibufg/O
                         net (fo=1, routed)           1.162     2.566    i_xlnx_clk_gen/inst/clk_in1_xlnx_clk_gen
    MMCME2_ADV_X1Y2      MMCME2_ADV (Prop_mmcme2_adv_CLKIN1_CLKOUT0)
                                                     -7.814    -5.248 r  i_xlnx_clk_gen/inst/mmcm_adv_inst/CLKOUT0
                         net (fo=1, routed)           2.012    -3.236    i_xlnx_clk_gen/inst/clk_out1_xlnx_clk_gen
    BUFGCTRL_X0Y16       BUFG (Prop_bufg_I_O)         0.091    -3.145 r  i_xlnx_clk_gen/inst/clkout1_buf/O
                         net (fo=15149, routed)       1.601    -1.544    i_dmi_jtag/i_dmi_cdc/i_cdc_resp/i_src/clk_out1
    SLICE_X92Y86         FDCE                                         r  i_dmi_jtag/i_dmi_cdc/i_cdc_resp/i_src/data_src_q_reg[data][19]/C

Slack:                    inf
  Source:                 cpu_reset
                            (input port)
  Destination:            i_dmi_jtag/i_dmi_cdc/i_cdc_resp/i_src/data_src_q_reg[data][20]/CLR
                            (recovery check against rising-edge clock clk_out1_xlnx_clk_gen  {rise@0.000ns fall@10.000ns period=20.000ns})
  Path Group:             (none)
  Path Type:              Recovery (Max at Slow Process Corner)
  Data Path Delay:        10.013ns  (logic 1.569ns (15.671%)  route 8.444ns (84.329%))
  Logic Levels:           1  (IBUF=1)
  Clock Path Skew:        -1.544ns (DCD - SCD + CPR)
    Destination Clock Delay (DCD):    -1.544ns
    Source Clock Delay      (SCD):    0.000ns
    Clock Pessimism Removal (CPR):    0.000ns
  Clock Uncertainty:      0.172ns  ((TSJ^2 + DJ^2)^1/2) / 2 + PE
    Total System Jitter     (TSJ):    0.050ns
    Discrete Jitter          (DJ):    0.142ns
    Phase Error              (PE):    0.097ns

    Location             Delay type                Incr(ns)  Path(ns)    Netlist Resource(s)
  -------------------------------------------------------------------    -------------------
    Y16                                               0.000     0.000 f  cpu_reset (IN)
                         net (fo=0)                   0.000     0.000    cpu_reset
    Y16                  IBUF (Prop_ibuf_I_O)         1.569     1.569 f  cpu_reset_IBUF_inst/O
                         net (fo=775, routed)         8.444    10.013    i_dmi_jtag/i_dmi_cdc/i_cdc_resp/i_src/cpu_reset_IBUF
    SLICE_X92Y86         FDCE                                         f  i_dmi_jtag/i_dmi_cdc/i_cdc_resp/i_src/data_src_q_reg[data][20]/CLR
  -------------------------------------------------------------------    -------------------

                         (clock clk_out1_xlnx_clk_gen rise edge)
                                                      0.000     0.000 r  
    K17                                               0.000     0.000 r  clk_sys (IN)
                         net (fo=0)                   0.000     0.000    i_xlnx_clk_gen/inst/clk_in1
    K17                  IBUF (Prop_ibuf_I_O)         1.404     1.404 r  i_xlnx_clk_gen/inst/clkin1_ibufg/O
                         net (fo=1, routed)           1.162     2.566    i_xlnx_clk_gen/inst/clk_in1_xlnx_clk_gen
    MMCME2_ADV_X1Y2      MMCME2_ADV (Prop_mmcme2_adv_CLKIN1_CLKOUT0)
                                                     -7.814    -5.248 r  i_xlnx_clk_gen/inst/mmcm_adv_inst/CLKOUT0
                         net (fo=1, routed)           2.012    -3.236    i_xlnx_clk_gen/inst/clk_out1_xlnx_clk_gen
    BUFGCTRL_X0Y16       BUFG (Prop_bufg_I_O)         0.091    -3.145 r  i_xlnx_clk_gen/inst/clkout1_buf/O
                         net (fo=15149, routed)       1.601    -1.544    i_dmi_jtag/i_dmi_cdc/i_cdc_resp/i_src/clk_out1
    SLICE_X92Y86         FDCE                                         r  i_dmi_jtag/i_dmi_cdc/i_cdc_resp/i_src/data_src_q_reg[data][20]/C





Min Delay Paths
--------------------------------------------------------------------------------------
Slack:                    inf
  Source:                 i_ariane/i_cva6/ex_stage_i/lsu_i/i_load_unit/result_o_reg[16]/G
                            (positive level-sensitive latch)
  Destination:            i_ariane/i_cva6/ex_stage_i/lsu_i/i_pipe_reg_load/gen_register.d_o_reg[81]/D
                            (rising edge-triggered cell FDCE clocked by clk_out1_xlnx_clk_gen  {rise@0.000ns fall@10.000ns period=20.000ns})
  Path Group:             (none)
  Path Type:              Hold (Min at Fast Process Corner)
  Data Path Delay:        0.259ns  (logic 0.158ns (60.988%)  route 0.101ns (39.012%))
  Logic Levels:           1  (LDCE=1)
  Clock Uncertainty:      0.172ns  ((TSJ^2 + DJ^2)^1/2) / 2 + PE
    Total System Jitter     (TSJ):    0.050ns
    Discrete Jitter          (DJ):    0.142ns
    Phase Error              (PE):    0.097ns

    Location             Delay type                Incr(ns)  Path(ns)    Netlist Resource(s)
  -------------------------------------------------------------------    -------------------
    SLICE_X78Y24         LDCE                         0.000     0.000 r  i_ariane/i_cva6/ex_stage_i/lsu_i/i_load_unit/result_o_reg[16]/G
    SLICE_X78Y24         LDCE (EnToQ_ldce_G_Q)        0.158     0.158 r  i_ariane/i_cva6/ex_stage_i/lsu_i/i_load_unit/result_o_reg[16]/Q
                         net (fo=1, routed)           0.101     0.259    i_ariane/i_cva6/ex_stage_i/lsu_i/i_pipe_reg_load/D[53]
    SLICE_X77Y23         FDCE                                         r  i_ariane/i_cva6/ex_stage_i/lsu_i/i_pipe_reg_load/gen_register.d_o_reg[81]/D
  -------------------------------------------------------------------    -------------------

                         (clock clk_out1_xlnx_clk_gen rise edge)
                                                      0.000     0.000 r  
    K17                                               0.000     0.000 r  clk_sys (IN)
                         net (fo=0)                   0.000     0.000    i_xlnx_clk_gen/inst/clk_in1
    K17                  IBUF (Prop_ibuf_I_O)         0.431     0.431 r  i_xlnx_clk_gen/inst/clkin1_ibufg/O
                         net (fo=1, routed)           0.480     0.911    i_xlnx_clk_gen/inst/clk_in1_xlnx_clk_gen
    MMCME2_ADV_X1Y2      MMCME2_ADV (Prop_mmcme2_adv_CLKIN1_CLKOUT0)
                                                     -3.407    -2.496 r  i_xlnx_clk_gen/inst/mmcm_adv_inst/CLKOUT0
                         net (fo=1, routed)           0.752    -1.744    i_xlnx_clk_gen/inst/clk_out1_xlnx_clk_gen
    BUFGCTRL_X0Y16       BUFG (Prop_bufg_I_O)         0.029    -1.715 r  i_xlnx_clk_gen/inst/clkout1_buf/O
                         net (fo=15149, routed)       0.842    -0.873    i_ariane/i_cva6/ex_stage_i/lsu_i/i_pipe_reg_load/clk_out1
    SLICE_X77Y23         FDCE                                         r  i_ariane/i_cva6/ex_stage_i/lsu_i/i_pipe_reg_load/gen_register.d_o_reg[81]/C

Slack:                    inf
  Source:                 i_ariane/i_cva6/ex_stage_i/lsu_i/i_load_unit/result_o_reg[11]/G
                            (positive level-sensitive latch)
  Destination:            i_ariane/i_cva6/ex_stage_i/lsu_i/i_pipe_reg_load/gen_register.d_o_reg[76]/D
                            (rising edge-triggered cell FDCE clocked by clk_out1_xlnx_clk_gen  {rise@0.000ns fall@10.000ns period=20.000ns})
  Path Group:             (none)
  Path Type:              Hold (Min at Fast Process Corner)
  Data Path Delay:        0.270ns  (logic 0.158ns (58.555%)  route 0.112ns (41.445%))
  Logic Levels:           1  (LDCE=1)
  Clock Uncertainty:      0.172ns  ((TSJ^2 + DJ^2)^1/2) / 2 + PE
    Total System Jitter     (TSJ):    0.050ns
    Discrete Jitter          (DJ):    0.142ns
    Phase Error              (PE):    0.097ns

    Location             Delay type                Incr(ns)  Path(ns)    Netlist Resource(s)
  -------------------------------------------------------------------    -------------------
    SLICE_X80Y11         LDCE                         0.000     0.000 r  i_ariane/i_cva6/ex_stage_i/lsu_i/i_load_unit/result_o_reg[11]/G
    SLICE_X80Y11         LDCE (EnToQ_ldce_G_Q)        0.158     0.158 r  i_ariane/i_cva6/ex_stage_i/lsu_i/i_load_unit/result_o_reg[11]/Q
                         net (fo=1, routed)           0.112     0.270    i_ariane/i_cva6/ex_stage_i/lsu_i/i_pipe_reg_load/D[48]
    SLICE_X81Y11         FDCE                                         r  i_ariane/i_cva6/ex_stage_i/lsu_i/i_pipe_reg_load/gen_register.d_o_reg[76]/D
  -------------------------------------------------------------------    -------------------

                         (clock clk_out1_xlnx_clk_gen rise edge)
                                                      0.000     0.000 r  
    K17                                               0.000     0.000 r  clk_sys (IN)
                         net (fo=0)                   0.000     0.000    i_xlnx_clk_gen/inst/clk_in1
    K17                  IBUF (Prop_ibuf_I_O)         0.431     0.431 r  i_xlnx_clk_gen/inst/clkin1_ibufg/O
                         net (fo=1, routed)           0.480     0.911    i_xlnx_clk_gen/inst/clk_in1_xlnx_clk_gen
    MMCME2_ADV_X1Y2      MMCME2_ADV (Prop_mmcme2_adv_CLKIN1_CLKOUT0)
                                                     -3.407    -2.496 r  i_xlnx_clk_gen/inst/mmcm_adv_inst/CLKOUT0
                         net (fo=1, routed)           0.752    -1.744    i_xlnx_clk_gen/inst/clk_out1_xlnx_clk_gen
    BUFGCTRL_X0Y16       BUFG (Prop_bufg_I_O)         0.029    -1.715 r  i_xlnx_clk_gen/inst/clkout1_buf/O
                         net (fo=15149, routed)       0.855    -0.860    i_ariane/i_cva6/ex_stage_i/lsu_i/i_pipe_reg_load/clk_out1
    SLICE_X81Y11         FDCE                                         r  i_ariane/i_cva6/ex_stage_i/lsu_i/i_pipe_reg_load/gen_register.d_o_reg[76]/C

Slack:                    inf
  Source:                 i_ariane/i_cva6/ex_stage_i/lsu_i/i_load_unit/result_o_reg[25]/G
                            (positive level-sensitive latch)
  Destination:            i_ariane/i_cva6/ex_stage_i/lsu_i/i_pipe_reg_load/gen_register.d_o_reg[90]/D
                            (rising edge-triggered cell FDCE clocked by clk_out1_xlnx_clk_gen  {rise@0.000ns fall@10.000ns period=20.000ns})
  Path Group:             (none)
  Path Type:              Hold (Min at Fast Process Corner)
  Data Path Delay:        0.276ns  (logic 0.158ns (57.248%)  route 0.118ns (42.752%))
  Logic Levels:           1  (LDCE=1)
  Clock Uncertainty:      0.172ns  ((TSJ^2 + DJ^2)^1/2) / 2 + PE
    Total System Jitter     (TSJ):    0.050ns
    Discrete Jitter          (DJ):    0.142ns
    Phase Error              (PE):    0.097ns

    Location             Delay type                Incr(ns)  Path(ns)    Netlist Resource(s)
  -------------------------------------------------------------------    -------------------
    SLICE_X70Y26         LDCE                         0.000     0.000 r  i_ariane/i_cva6/ex_stage_i/lsu_i/i_load_unit/result_o_reg[25]/G
    SLICE_X70Y26         LDCE (EnToQ_ldce_G_Q)        0.158     0.158 r  i_ariane/i_cva6/ex_stage_i/lsu_i/i_load_unit/result_o_reg[25]/Q
                         net (fo=1, routed)           0.118     0.276    i_ariane/i_cva6/ex_stage_i/lsu_i/i_pipe_reg_load/D[62]
    SLICE_X71Y26         FDCE                                         r  i_ariane/i_cva6/ex_stage_i/lsu_i/i_pipe_reg_load/gen_register.d_o_reg[90]/D
  -------------------------------------------------------------------    -------------------

                         (clock clk_out1_xlnx_clk_gen rise edge)
                                                      0.000     0.000 r  
    K17                                               0.000     0.000 r  clk_sys (IN)
                         net (fo=0)                   0.000     0.000    i_xlnx_clk_gen/inst/clk_in1
    K17                  IBUF (Prop_ibuf_I_O)         0.431     0.431 r  i_xlnx_clk_gen/inst/clkin1_ibufg/O
                         net (fo=1, routed)           0.480     0.911    i_xlnx_clk_gen/inst/clk_in1_xlnx_clk_gen
    MMCME2_ADV_X1Y2      MMCME2_ADV (Prop_mmcme2_adv_CLKIN1_CLKOUT0)
                                                     -3.407    -2.496 r  i_xlnx_clk_gen/inst/mmcm_adv_inst/CLKOUT0
                         net (fo=1, routed)           0.752    -1.744    i_xlnx_clk_gen/inst/clk_out1_xlnx_clk_gen
    BUFGCTRL_X0Y16       BUFG (Prop_bufg_I_O)         0.029    -1.715 r  i_xlnx_clk_gen/inst/clkout1_buf/O
                         net (fo=15149, routed)       0.839    -0.876    i_ariane/i_cva6/ex_stage_i/lsu_i/i_pipe_reg_load/clk_out1
    SLICE_X71Y26         FDCE                                         r  i_ariane/i_cva6/ex_stage_i/lsu_i/i_pipe_reg_load/gen_register.d_o_reg[90]/C

Slack:                    inf
  Source:                 i_ariane/i_cva6/ex_stage_i/lsu_i/i_load_unit/result_o_reg[18]/G
                            (positive level-sensitive latch)
  Destination:            i_ariane/i_cva6/ex_stage_i/lsu_i/i_pipe_reg_load/gen_register.d_o_reg[83]/D
                            (rising edge-triggered cell FDCE clocked by clk_out1_xlnx_clk_gen  {rise@0.000ns fall@10.000ns period=20.000ns})
  Path Group:             (none)
  Path Type:              Hold (Min at Fast Process Corner)
  Data Path Delay:        0.277ns  (logic 0.158ns (57.139%)  route 0.119ns (42.861%))
  Logic Levels:           1  (LDCE=1)
  Clock Uncertainty:      0.172ns  ((TSJ^2 + DJ^2)^1/2) / 2 + PE
    Total System Jitter     (TSJ):    0.050ns
    Discrete Jitter          (DJ):    0.142ns
    Phase Error              (PE):    0.097ns

    Location             Delay type                Incr(ns)  Path(ns)    Netlist Resource(s)
  -------------------------------------------------------------------    -------------------
    SLICE_X76Y26         LDCE                         0.000     0.000 r  i_ariane/i_cva6/ex_stage_i/lsu_i/i_load_unit/result_o_reg[18]/G
    SLICE_X76Y26         LDCE (EnToQ_ldce_G_Q)        0.158     0.158 r  i_ariane/i_cva6/ex_stage_i/lsu_i/i_load_unit/result_o_reg[18]/Q
                         net (fo=1, routed)           0.119     0.277    i_ariane/i_cva6/ex_stage_i/lsu_i/i_pipe_reg_load/D[55]
    SLICE_X75Y25         FDCE                                         r  i_ariane/i_cva6/ex_stage_i/lsu_i/i_pipe_reg_load/gen_register.d_o_reg[83]/D
  -------------------------------------------------------------------    -------------------

                         (clock clk_out1_xlnx_clk_gen rise edge)
                                                      0.000     0.000 r  
    K17                                               0.000     0.000 r  clk_sys (IN)
                         net (fo=0)                   0.000     0.000    i_xlnx_clk_gen/inst/clk_in1
    K17                  IBUF (Prop_ibuf_I_O)         0.431     0.431 r  i_xlnx_clk_gen/inst/clkin1_ibufg/O
                         net (fo=1, routed)           0.480     0.911    i_xlnx_clk_gen/inst/clk_in1_xlnx_clk_gen
    MMCME2_ADV_X1Y2      MMCME2_ADV (Prop_mmcme2_adv_CLKIN1_CLKOUT0)
                                                     -3.407    -2.496 r  i_xlnx_clk_gen/inst/mmcm_adv_inst/CLKOUT0
                         net (fo=1, routed)           0.752    -1.744    i_xlnx_clk_gen/inst/clk_out1_xlnx_clk_gen
    BUFGCTRL_X0Y16       BUFG (Prop_bufg_I_O)         0.029    -1.715 r  i_xlnx_clk_gen/inst/clkout1_buf/O
                         net (fo=15149, routed)       0.839    -0.876    i_ariane/i_cva6/ex_stage_i/lsu_i/i_pipe_reg_load/clk_out1
    SLICE_X75Y25         FDCE                                         r  i_ariane/i_cva6/ex_stage_i/lsu_i/i_pipe_reg_load/gen_register.d_o_reg[83]/C

Slack:                    inf
  Source:                 i_ariane/i_cva6/ex_stage_i/lsu_i/i_load_unit/result_o_reg[12]/G
                            (positive level-sensitive latch)
  Destination:            i_ariane/i_cva6/ex_stage_i/lsu_i/i_pipe_reg_load/gen_register.d_o_reg[77]/D
                            (rising edge-triggered cell FDCE clocked by clk_out1_xlnx_clk_gen  {rise@0.000ns fall@10.000ns period=20.000ns})
  Path Group:             (none)
  Path Type:              Hold (Min at Fast Process Corner)
  Data Path Delay:        0.277ns  (logic 0.158ns (56.949%)  route 0.119ns (43.051%))
  Logic Levels:           1  (LDCE=1)
  Clock Uncertainty:      0.172ns  ((TSJ^2 + DJ^2)^1/2) / 2 + PE
    Total System Jitter     (TSJ):    0.050ns
    Discrete Jitter          (DJ):    0.142ns
    Phase Error              (PE):    0.097ns

    Location             Delay type                Incr(ns)  Path(ns)    Netlist Resource(s)
  -------------------------------------------------------------------    -------------------
    SLICE_X80Y16         LDCE                         0.000     0.000 r  i_ariane/i_cva6/ex_stage_i/lsu_i/i_load_unit/result_o_reg[12]/G
    SLICE_X80Y16         LDCE (EnToQ_ldce_G_Q)        0.158     0.158 r  i_ariane/i_cva6/ex_stage_i/lsu_i/i_load_unit/result_o_reg[12]/Q
                         net (fo=1, routed)           0.119     0.277    i_ariane/i_cva6/ex_stage_i/lsu_i/i_pipe_reg_load/D[49]
    SLICE_X80Y15         FDCE                                         r  i_ariane/i_cva6/ex_stage_i/lsu_i/i_pipe_reg_load/gen_register.d_o_reg[77]/D
  -------------------------------------------------------------------    -------------------

                         (clock clk_out1_xlnx_clk_gen rise edge)
                                                      0.000     0.000 r  
    K17                                               0.000     0.000 r  clk_sys (IN)
                         net (fo=0)                   0.000     0.000    i_xlnx_clk_gen/inst/clk_in1
    K17                  IBUF (Prop_ibuf_I_O)         0.431     0.431 r  i_xlnx_clk_gen/inst/clkin1_ibufg/O
                         net (fo=1, routed)           0.480     0.911    i_xlnx_clk_gen/inst/clk_in1_xlnx_clk_gen
    MMCME2_ADV_X1Y2      MMCME2_ADV (Prop_mmcme2_adv_CLKIN1_CLKOUT0)
                                                     -3.407    -2.496 r  i_xlnx_clk_gen/inst/mmcm_adv_inst/CLKOUT0
                         net (fo=1, routed)           0.752    -1.744    i_xlnx_clk_gen/inst/clk_out1_xlnx_clk_gen
    BUFGCTRL_X0Y16       BUFG (Prop_bufg_I_O)         0.029    -1.715 r  i_xlnx_clk_gen/inst/clkout1_buf/O
                         net (fo=15149, routed)       0.851    -0.864    i_ariane/i_cva6/ex_stage_i/lsu_i/i_pipe_reg_load/clk_out1
    SLICE_X80Y15         FDCE                                         r  i_ariane/i_cva6/ex_stage_i/lsu_i/i_pipe_reg_load/gen_register.d_o_reg[77]/C

Slack:                    inf
  Source:                 i_ariane/i_cva6/ex_stage_i/lsu_i/i_load_unit/result_o_reg[1]/G
                            (positive level-sensitive latch)
  Destination:            i_ariane/i_cva6/ex_stage_i/lsu_i/i_pipe_reg_load/gen_register.d_o_reg[66]/D
                            (rising edge-triggered cell FDCE clocked by clk_out1_xlnx_clk_gen  {rise@0.000ns fall@10.000ns period=20.000ns})
  Path Group:             (none)
  Path Type:              Hold (Min at Fast Process Corner)
  Data Path Delay:        0.320ns  (logic 0.158ns (49.348%)  route 0.162ns (50.652%))
  Logic Levels:           1  (LDCE=1)
  Clock Uncertainty:      0.172ns  ((TSJ^2 + DJ^2)^1/2) / 2 + PE
    Total System Jitter     (TSJ):    0.050ns
    Discrete Jitter          (DJ):    0.142ns
    Phase Error              (PE):    0.097ns

    Location             Delay type                Incr(ns)  Path(ns)    Netlist Resource(s)
  -------------------------------------------------------------------    -------------------
    SLICE_X80Y11         LDCE                         0.000     0.000 r  i_ariane/i_cva6/ex_stage_i/lsu_i/i_load_unit/result_o_reg[1]/G
    SLICE_X80Y11         LDCE (EnToQ_ldce_G_Q)        0.158     0.158 r  i_ariane/i_cva6/ex_stage_i/lsu_i/i_load_unit/result_o_reg[1]/Q
                         net (fo=1, routed)           0.162     0.320    i_ariane/i_cva6/ex_stage_i/lsu_i/i_pipe_reg_load/D[38]
    SLICE_X78Y10         FDCE                                         r  i_ariane/i_cva6/ex_stage_i/lsu_i/i_pipe_reg_load/gen_register.d_o_reg[66]/D
  -------------------------------------------------------------------    -------------------

                         (clock clk_out1_xlnx_clk_gen rise edge)
                                                      0.000     0.000 r  
    K17                                               0.000     0.000 r  clk_sys (IN)
                         net (fo=0)                   0.000     0.000    i_xlnx_clk_gen/inst/clk_in1
    K17                  IBUF (Prop_ibuf_I_O)         0.431     0.431 r  i_xlnx_clk_gen/inst/clkin1_ibufg/O
                         net (fo=1, routed)           0.480     0.911    i_xlnx_clk_gen/inst/clk_in1_xlnx_clk_gen
    MMCME2_ADV_X1Y2      MMCME2_ADV (Prop_mmcme2_adv_CLKIN1_CLKOUT0)
                                                     -3.407    -2.496 r  i_xlnx_clk_gen/inst/mmcm_adv_inst/CLKOUT0
                         net (fo=1, routed)           0.752    -1.744    i_xlnx_clk_gen/inst/clk_out1_xlnx_clk_gen
    BUFGCTRL_X0Y16       BUFG (Prop_bufg_I_O)         0.029    -1.715 r  i_xlnx_clk_gen/inst/clkout1_buf/O
                         net (fo=15149, routed)       0.855    -0.860    i_ariane/i_cva6/ex_stage_i/lsu_i/i_pipe_reg_load/clk_out1
    SLICE_X78Y10         FDCE                                         r  i_ariane/i_cva6/ex_stage_i/lsu_i/i_pipe_reg_load/gen_register.d_o_reg[66]/C

Slack:                    inf
  Source:                 i_ariane/i_cva6/ex_stage_i/lsu_i/i_load_unit/result_o_reg[24]/G
                            (positive level-sensitive latch)
  Destination:            i_ariane/i_cva6/ex_stage_i/lsu_i/i_pipe_reg_load/gen_register.d_o_reg[89]/D
                            (rising edge-triggered cell FDCE clocked by clk_out1_xlnx_clk_gen  {rise@0.000ns fall@10.000ns period=20.000ns})
  Path Group:             (none)
  Path Type:              Hold (Min at Fast Process Corner)
  Data Path Delay:        0.321ns  (logic 0.158ns (49.208%)  route 0.163ns (50.792%))
  Logic Levels:           1  (LDCE=1)
  Clock Uncertainty:      0.172ns  ((TSJ^2 + DJ^2)^1/2) / 2 + PE
    Total System Jitter     (TSJ):    0.050ns
    Discrete Jitter          (DJ):    0.142ns
    Phase Error              (PE):    0.097ns

    Location             Delay type                Incr(ns)  Path(ns)    Netlist Resource(s)
  -------------------------------------------------------------------    -------------------
    SLICE_X70Y26         LDCE                         0.000     0.000 r  i_ariane/i_cva6/ex_stage_i/lsu_i/i_load_unit/result_o_reg[24]/G
    SLICE_X70Y26         LDCE (EnToQ_ldce_G_Q)        0.158     0.158 r  i_ariane/i_cva6/ex_stage_i/lsu_i/i_load_unit/result_o_reg[24]/Q
                         net (fo=1, routed)           0.163     0.321    i_ariane/i_cva6/ex_stage_i/lsu_i/i_pipe_reg_load/D[61]
    SLICE_X69Y26         FDCE                                         r  i_ariane/i_cva6/ex_stage_i/lsu_i/i_pipe_reg_load/gen_register.d_o_reg[89]/D
  -------------------------------------------------------------------    -------------------

                         (clock clk_out1_xlnx_clk_gen rise edge)
                                                      0.000     0.000 r  
    K17                                               0.000     0.000 r  clk_sys (IN)
                         net (fo=0)                   0.000     0.000    i_xlnx_clk_gen/inst/clk_in1
    K17                  IBUF (Prop_ibuf_I_O)         0.431     0.431 r  i_xlnx_clk_gen/inst/clkin1_ibufg/O
                         net (fo=1, routed)           0.480     0.911    i_xlnx_clk_gen/inst/clk_in1_xlnx_clk_gen
    MMCME2_ADV_X1Y2      MMCME2_ADV (Prop_mmcme2_adv_CLKIN1_CLKOUT0)
                                                     -3.407    -2.496 r  i_xlnx_clk_gen/inst/mmcm_adv_inst/CLKOUT0
                         net (fo=1, routed)           0.752    -1.744    i_xlnx_clk_gen/inst/clk_out1_xlnx_clk_gen
    BUFGCTRL_X0Y16       BUFG (Prop_bufg_I_O)         0.029    -1.715 r  i_xlnx_clk_gen/inst/clkout1_buf/O
                         net (fo=15149, routed)       0.839    -0.876    i_ariane/i_cva6/ex_stage_i/lsu_i/i_pipe_reg_load/clk_out1
    SLICE_X69Y26         FDCE                                         r  i_ariane/i_cva6/ex_stage_i/lsu_i/i_pipe_reg_load/gen_register.d_o_reg[89]/C

Slack:                    inf
  Source:                 i_ariane/i_cva6/ex_stage_i/lsu_i/i_load_unit/result_o_reg[26]/G
                            (positive level-sensitive latch)
  Destination:            i_ariane/i_cva6/ex_stage_i/lsu_i/i_pipe_reg_load/gen_register.d_o_reg[91]/D
                            (rising edge-triggered cell FDCE clocked by clk_out1_xlnx_clk_gen  {rise@0.000ns fall@10.000ns period=20.000ns})
  Path Group:             (none)
  Path Type:              Hold (Min at Fast Process Corner)
  Data Path Delay:        0.322ns  (logic 0.158ns (49.049%)  route 0.164ns (50.951%))
  Logic Levels:           1  (LDCE=1)
  Clock Uncertainty:      0.172ns  ((TSJ^2 + DJ^2)^1/2) / 2 + PE
    Total System Jitter     (TSJ):    0.050ns
    Discrete Jitter          (DJ):    0.142ns
    Phase Error              (PE):    0.097ns

    Location             Delay type                Incr(ns)  Path(ns)    Netlist Resource(s)
  -------------------------------------------------------------------    -------------------
    SLICE_X70Y26         LDCE                         0.000     0.000 r  i_ariane/i_cva6/ex_stage_i/lsu_i/i_load_unit/result_o_reg[26]/G
    SLICE_X70Y26         LDCE (EnToQ_ldce_G_Q)        0.158     0.158 r  i_ariane/i_cva6/ex_stage_i/lsu_i/i_load_unit/result_o_reg[26]/Q
                         net (fo=1, routed)           0.164     0.322    i_ariane/i_cva6/ex_stage_i/lsu_i/i_pipe_reg_load/D[63]
    SLICE_X69Y26         FDCE                                         r  i_ariane/i_cva6/ex_stage_i/lsu_i/i_pipe_reg_load/gen_register.d_o_reg[91]/D
  -------------------------------------------------------------------    -------------------

                         (clock clk_out1_xlnx_clk_gen rise edge)
                                                      0.000     0.000 r  
    K17                                               0.000     0.000 r  clk_sys (IN)
                         net (fo=0)                   0.000     0.000    i_xlnx_clk_gen/inst/clk_in1
    K17                  IBUF (Prop_ibuf_I_O)         0.431     0.431 r  i_xlnx_clk_gen/inst/clkin1_ibufg/O
                         net (fo=1, routed)           0.480     0.911    i_xlnx_clk_gen/inst/clk_in1_xlnx_clk_gen
    MMCME2_ADV_X1Y2      MMCME2_ADV (Prop_mmcme2_adv_CLKIN1_CLKOUT0)
                                                     -3.407    -2.496 r  i_xlnx_clk_gen/inst/mmcm_adv_inst/CLKOUT0
                         net (fo=1, routed)           0.752    -1.744    i_xlnx_clk_gen/inst/clk_out1_xlnx_clk_gen
    BUFGCTRL_X0Y16       BUFG (Prop_bufg_I_O)         0.029    -1.715 r  i_xlnx_clk_gen/inst/clkout1_buf/O
                         net (fo=15149, routed)       0.839    -0.876    i_ariane/i_cva6/ex_stage_i/lsu_i/i_pipe_reg_load/clk_out1
    SLICE_X69Y26         FDCE                                         r  i_ariane/i_cva6/ex_stage_i/lsu_i/i_pipe_reg_load/gen_register.d_o_reg[91]/C

Slack:                    inf
  Source:                 i_ariane/i_cva6/ex_stage_i/lsu_i/i_load_unit/result_o_reg[6]/G
                            (positive level-sensitive latch)
  Destination:            i_ariane/i_cva6/ex_stage_i/lsu_i/i_pipe_reg_load/gen_register.d_o_reg[71]/D
                            (rising edge-triggered cell FDCE clocked by clk_out1_xlnx_clk_gen  {rise@0.000ns fall@10.000ns period=20.000ns})
  Path Group:             (none)
  Path Type:              Hold (Min at Fast Process Corner)
  Data Path Delay:        0.323ns  (logic 0.158ns (48.903%)  route 0.165ns (51.097%))
  Logic Levels:           1  (LDCE=1)
  Clock Uncertainty:      0.172ns  ((TSJ^2 + DJ^2)^1/2) / 2 + PE
    Total System Jitter     (TSJ):    0.050ns
    Discrete Jitter          (DJ):    0.142ns
    Phase Error              (PE):    0.097ns

    Location             Delay type                Incr(ns)  Path(ns)    Netlist Resource(s)
  -------------------------------------------------------------------    -------------------
    SLICE_X80Y11         LDCE                         0.000     0.000 r  i_ariane/i_cva6/ex_stage_i/lsu_i/i_load_unit/result_o_reg[6]/G
    SLICE_X80Y11         LDCE (EnToQ_ldce_G_Q)        0.158     0.158 r  i_ariane/i_cva6/ex_stage_i/lsu_i/i_load_unit/result_o_reg[6]/Q
                         net (fo=1, routed)           0.165     0.323    i_ariane/i_cva6/ex_stage_i/lsu_i/i_pipe_reg_load/D[43]
    SLICE_X78Y10         FDCE                                         r  i_ariane/i_cva6/ex_stage_i/lsu_i/i_pipe_reg_load/gen_register.d_o_reg[71]/D
  -------------------------------------------------------------------    -------------------

                         (clock clk_out1_xlnx_clk_gen rise edge)
                                                      0.000     0.000 r  
    K17                                               0.000     0.000 r  clk_sys (IN)
                         net (fo=0)                   0.000     0.000    i_xlnx_clk_gen/inst/clk_in1
    K17                  IBUF (Prop_ibuf_I_O)         0.431     0.431 r  i_xlnx_clk_gen/inst/clkin1_ibufg/O
                         net (fo=1, routed)           0.480     0.911    i_xlnx_clk_gen/inst/clk_in1_xlnx_clk_gen
    MMCME2_ADV_X1Y2      MMCME2_ADV (Prop_mmcme2_adv_CLKIN1_CLKOUT0)
                                                     -3.407    -2.496 r  i_xlnx_clk_gen/inst/mmcm_adv_inst/CLKOUT0
                         net (fo=1, routed)           0.752    -1.744    i_xlnx_clk_gen/inst/clk_out1_xlnx_clk_gen
    BUFGCTRL_X0Y16       BUFG (Prop_bufg_I_O)         0.029    -1.715 r  i_xlnx_clk_gen/inst/clkout1_buf/O
                         net (fo=15149, routed)       0.855    -0.860    i_ariane/i_cva6/ex_stage_i/lsu_i/i_pipe_reg_load/clk_out1
    SLICE_X78Y10         FDCE                                         r  i_ariane/i_cva6/ex_stage_i/lsu_i/i_pipe_reg_load/gen_register.d_o_reg[71]/C

Slack:                    inf
  Source:                 i_ariane/i_cva6/ex_stage_i/lsu_i/i_load_unit/result_o_reg[22]/G
                            (positive level-sensitive latch)
  Destination:            i_ariane/i_cva6/ex_stage_i/lsu_i/i_pipe_reg_load/gen_register.d_o_reg[87]/D
                            (rising edge-triggered cell FDCE clocked by clk_out1_xlnx_clk_gen  {rise@0.000ns fall@10.000ns period=20.000ns})
  Path Group:             (none)
  Path Type:              Hold (Min at Fast Process Corner)
  Data Path Delay:        0.333ns  (logic 0.158ns (47.483%)  route 0.175ns (52.517%))
  Logic Levels:           1  (LDCE=1)
  Clock Uncertainty:      0.172ns  ((TSJ^2 + DJ^2)^1/2) / 2 + PE
    Total System Jitter     (TSJ):    0.050ns
    Discrete Jitter          (DJ):    0.142ns
    Phase Error              (PE):    0.097ns

    Location             Delay type                Incr(ns)  Path(ns)    Netlist Resource(s)
  -------------------------------------------------------------------    -------------------
    SLICE_X76Y25         LDCE                         0.000     0.000 r  i_ariane/i_cva6/ex_stage_i/lsu_i/i_load_unit/result_o_reg[22]/G
    SLICE_X76Y25         LDCE (EnToQ_ldce_G_Q)        0.158     0.158 r  i_ariane/i_cva6/ex_stage_i/lsu_i/i_load_unit/result_o_reg[22]/Q
                         net (fo=1, routed)           0.175     0.333    i_ariane/i_cva6/ex_stage_i/lsu_i/i_pipe_reg_load/D[59]
    SLICE_X71Y25         FDCE                                         r  i_ariane/i_cva6/ex_stage_i/lsu_i/i_pipe_reg_load/gen_register.d_o_reg[87]/D
  -------------------------------------------------------------------    -------------------

                         (clock clk_out1_xlnx_clk_gen rise edge)
                                                      0.000     0.000 r  
    K17                                               0.000     0.000 r  clk_sys (IN)
                         net (fo=0)                   0.000     0.000    i_xlnx_clk_gen/inst/clk_in1
    K17                  IBUF (Prop_ibuf_I_O)         0.431     0.431 r  i_xlnx_clk_gen/inst/clkin1_ibufg/O
                         net (fo=1, routed)           0.480     0.911    i_xlnx_clk_gen/inst/clk_in1_xlnx_clk_gen
    MMCME2_ADV_X1Y2      MMCME2_ADV (Prop_mmcme2_adv_CLKIN1_CLKOUT0)
                                                     -3.407    -2.496 r  i_xlnx_clk_gen/inst/mmcm_adv_inst/CLKOUT0
                         net (fo=1, routed)           0.752    -1.744    i_xlnx_clk_gen/inst/clk_out1_xlnx_clk_gen
    BUFGCTRL_X0Y16       BUFG (Prop_bufg_I_O)         0.029    -1.715 r  i_xlnx_clk_gen/inst/clkout1_buf/O
                         net (fo=15149, routed)       0.838    -0.877    i_ariane/i_cva6/ex_stage_i/lsu_i/i_pipe_reg_load/clk_out1
    SLICE_X71Y25         FDCE                                         r  i_ariane/i_cva6/ex_stage_i/lsu_i/i_pipe_reg_load/gen_register.d_o_reg[87]/C





