:0200000480007A
:100000006F00402E6F00801D6F00C02C6F00802C91
:100010006F00402C6F00002C6F00C02B6F00802BF6
:100020006F00402B6F00002B6F00C02A6F00802AEA
:100030006F00402A6F00002A6F00C0296F008029DE
:100040006F0040296F0000296F00C0286F008028D2
:100050006F0040286F0000286F00C0276F008027C6
:100060006F0040276F0000276F00C0266F008026BA
:100070006F0040266F0000266F00C0256F00C0365D
:10008000971102009381C16A17010300130181F7E0
:1000900017050000130505F713651500731055309B
:1000A0001385C1C717260200130686E83306A6404B
:1000B00093050000EF300035173500001305052FBC
:1000C000EF20900BEF308024130500009305000013
:1000D00013060000EF00C0006F20500B6780000087
:1000E000130101D993078100130710009306010142
:1000F0001306800193058001130500242326112691
:10010000232481262322912623202127232E3125D3
:10011000232C4125EF109047F32920B0F32400B0A1
:10012000930671001306C1009305810013050101B8
:10013000EF00507213040500732A20B0732900B039
:100140008325810017F50000130505EEEF20504DC3
:100150008325C10017F50000130505EEEF20504C74
:100160009305040017F50000130505EEEF20504B32
:100170008345710017F50000130505EEEF20504A86
:1001800033063A4197F50000938505EE17F5000018
:10019000130505EEEF20D0483306994097F500008F
:1001A000938585EC17F50000130545EEEF205047C9
:1001B0008320C12603248126832441260329012686
:1001C0008329C125032A8125130500001301012776
:1001D0006780000013050000678000001305000021
:1001E0006780000013050000678000001305000011
:1001F0006780000013050000678000001305000001
:1002000067800000130500006780000013050000F0
:1002100067800000130500006780000013050000E0
:1002200067800000130500006780000013050000D0
:1002300067800000130500006780000013050000C0
:1002400067800000130500006780000013050000B0
:1002500067800000130500006780000013050000A0
:100260006780000013050000678000001305000090
:100270006780000013050000678000001305000080
:100280006780000013050000678000001305000070
:100290006780000013050000678000001305000060
:1002A0006780000013050000678000001305000050
:1002B0006780000013050000678000001305000040
:1002C0006780000013050000678000001305000030
:1002D0006780000017F50000130515B8EF201046E1
:1002E0006FF05FFF130101FC232011002322A10006
:1002F0002324B1002326C1002328D100232AE100B2
:10030000232CF100232E010123201103232251026B
:1003100023246102232671022328C103232AD10347
:10032000232CE103232EF103F322203413032000B6
:10033000638862021303B000638862001303300015
:10034000638862006F00C002EF0000346F0040035A
:1003500017F50000130505ACEF20503E6F0040027A
:1003600017F50000130505A6EF20503D6F00400172
:1003700017F50000130525ACEF20503C6F0040023C
:10038000F322103403830200130530003373A300FB
:100390006314A3009382220093822200739012348C
:1003A0008320010003254100832581000326C1002D
:1003B0008326010103274101832781010328C1010D
:1003C0008328010283224102032381028323C10285
:1003D000032E0103832E4103032F8103832FC103C7
:1003E0001301010473002030730020303305A04056
:1003F00023A4A1C81305F0FF6780000017F70000D1
:100400001307C7A793075005B70600101307170077
:1004100023A0F60083470700E39A07FE67800000E9
:100420009307800523A4F1C81305F0FF678000003F
:100430009307800523A4F1C81305F0FF678000002F
:100440009307800523A4F1C81305F0FF678000001F
:100450009307800523A4F1C81305F0FF678000000F
:100460009307800523A4F1C81305F0FF67800000FF
:100470001305F0FF678000009307C00023A4F1C8B4
:100480001305F0FF67800000B707048023A0A700D2
:10049000730050106F0000009307800523A4F1C87B
:1004A0001305F0FF678000009307B00023A4F1C894
:1004B0001305F0FF67800000B727000023A2F500B6
:1004C00013050000678000009307800523A4F1C88E
:1004D0001305F0FF678000009307800523A4F1C88F
:1004E0001305F0FF67800000930780FA23A4F1C88A
:1004F00013050000678000001305100067800000EE
:10050000930780FA23A4F1C81305F0FF6780000069
:100510001305F5FF13351500678000009307600190
:1005200023A4F1C81305F0FF678000009307F001D2
:1005300023A4F1C81305F0FF678000001305000035
:10054000678000009307800523A4F1C81305F0FF1E
:10055000678000001305F0FF6780000093078005A7
:1005600023A4F1C81305F0FF678000001305000005
:1005700067800000B727000023A2F50013050000E4
:10058000678000001305F0FF678000001305F0FF8F
:10059000678000009307200023A4F1C81305F0FF33
:1005A000678000009307800523A4F1C81305F0FFBE
:1005B000678000009307A00023A4F1C81305F0FF93
:1005C00067800000130101FF232021011389C1C7A7
:1005D0008327090023248100232291002326110070
:1005E0009384050013040600638A070213060400BF
:1005F000938504001705020013054543EF0080535F
:100600008320C100130504000324810083244100DA
:10061000032901001301010167800000B7C5010033
:1006200013063000938505201705020013050540C9
:10063000EF000043930710002320F9006FF01FFB29
:1006400023A6A1C613050000678000001387C1C65A
:10065000832707003385A7002320A700637C25009C
:10066000170703001307079A6376E5001385070051
:10067000678000009307C00023A4F1C89307F0FF30
:100680001385070067800000130101FF23229100FA
:1006900023261100930710089384050063C21709ED
:1006A0009307F00263D61703938808FD930710059C
:1006B00063E4170317E700001307877E9398280069
:1006C000B388E80083A70800B387E70067800700C6
:1006D000930710016380F80A1307500597E700009D
:1006E0009387C779B70600109387170023A0E60009
:1006F00003C70700E31A07FE8320C10083244100DB
:1007000013010101678000008320C1009307800569
:1007100023A4F1C883244100130101016780000074
:100720009307F040E3CA17FB9307F03F63D6170324
:10073000938808C09307F000E3E017FB17F7000069
:100740001307878A93982800B388E80083A70800D6
:10075000B387E700678007009307C00AE38EF8F8C5
:1007600063C6170393079009E388F8F89307900A84
:10077000E394F8F6930780FA23A4F1C86FF0DFF74B
:10078000B727000023A2F4006FF01FF79307600D56
:10079000E394F8F423A6A1C66FF01FF69307F001C7
:1007A00023A4F1C86FF05FF59307200023A4F1C8DC
:1007B0006FF09FF4B707048023A0A70073005010C8
:1007C0006F0000009307600123A4F1C86FF0DFF20F
:1007D000232021011389C1C7832709002324810015
:1007E0001304060063860702130604000324810035
:1007F000032901008320C100938504008324410064
:100800001705020013058522130101016F008032D4
:10081000B7C50100130630009385052017050200B7
:100820001305C520EF00C023930710002320F90013
:100830006FF09FFB8327C50063880720832805018D
:10084000638408200328050003469500032745011B
:100850008346480133E6C600A304C50093F60602AA
:100860006382061EB386E840130600011383060068
:100870006374D60013030001638AE81C3386E70023
:10088000034E060093051700130610002300C8014D
:10089000232AB5006370D61A3386B700834E06004C
:1008A00013062700130E20002300D801232AC500B9
:1008B0006372DE183386C700834E060013063700C6
:1008C000130E30002300D801232AC5006374DE16FE
:1008D0003386C700834E060013064700130E400000
:1008E0002300D801232AC5006376DE143386C700AF
:1008F000834E060013065700130E50002300D80144
:10090000232AC5006378DE123386C700834E0600B3
:1009100013066700130E60002300D801232AC500C8
:10092000637ADE103386C700834E06001306770015
:10093000130E70002300D801232AC500637CDE0E4D
:100940003386C700834E060013068700130E80000F
:100950002300D801232AC500637EDE0C3386C7003E
:10096000834E060013069700130E90002300D80153
:10097000232AC5006370DE0C3386C700834E060051
:100980001306A700130EA0002300D801232AC500D8
:100990006372DE0A3386C700834E06001306B70073
:1009A000130EB0002300D801232AC5006374DE08AB
:1009B0003386C700834E06001306C700130EC0001F
:1009C0002300D801232AC5006376DE063386C700DC
:1009D000834E06001306D700130ED0002300D80163
:1009E000232AC5006378DE043386C700834E0600E1
:1009F0001306E700130EE0002300D801232AC500E8
:100A0000637ADE023386C700834E06001306F700C2
:100A1000130EF0002300D801232AC500637CDE00FA
:100A2000B387C70083C70700130707012300F80037
:100A3000232AE50013070000638406001307F3FF71
:100A40003307B7006384E8006780000083474800ED
:100A50002328050093F7D70F2302F80067800000D2
:100A6000130101FE232A910083240500232C810019
:100A70002328210123263101232E11002382040083
:100A800023840400930770FC2384F400238804006B
:100A90002322B500130405003785D71713890500F5
:100AA0009309060093060000138605001305054010
:100AB00093050000EF105023B70780006374F50220
:100AC0009357F500130700F82386E40093F7F70F18
:100AD000135575002382F4001375F50F2380A400CD
:100AE000238604002386340123043401A304040074
:100AF00097070000938747D4232224018320C10154
:100B00002328040023260400232A0400232E0400A3
:100B1000232C0400232204022320F4020324810155
:100B200083244101032901018329C100130101022A
:100B300067800000130101FF23260100638A050876
:100B400063080608032505003388C5001307100352
:100B500083474501232601000326C10093F6F70FC2
:100B6000636CC7008327C100938717002326F10019
:100B70008327C100E378F7FE93F70602E38A07FCB8
:100B8000232601008327C100636CF7008327C1007F
:100B9000938717002326F1008327C100E378F7FE2F
:100BA00083C705002300F500232601008327C10029
:100BB000636CF7008327C100938717002326F10099
:100BC0008327C100E378F7FE93851500E39205F9CA
:100BD00013010101678000006384050403C605005A
:100BE0006300060403270500130101FF9386150027
:100BF0008347470193F7F70FA307F1008347F100FD
:100C000093F70702E38607FE2300C70003C606002A
:100C100093861600E31E06FC1301010167800000A5
:100C200067800000630C0602638A05020327050043
:100C300097060000938646C02326B50083474700E9
:100C40002328C500232A05002320D50293E7270087
:100C50002302F700F32740F1638407006780000058
:100C60003727000C97070200938747DC832607008D
:100C70003305F5401335150093071000B397A7000F
:100C8000B3E7D7002320F700678000008327050023
:100C9000034795008326050183C7470133E7E70033
:100CA000A304E50093F7F70F6398060093D7670056
:100CB00013F517006780000013050000678000002F
:100CC0001307050063800506630E0604032805006C
:100CD0008346950083474801B3E6D700A304D500B7
:100CE00093F7170063800704130500006F0080006E
:100CF0006308A60283460800B387A5001305150004
:100D00002380D700032807008346970083474801C4
:100D1000B3E6D700A304D70093F71700E39A07FCC4
:100D2000678000001305000067800000F32740F192
:100D300063960702B726000C17070200130707CFB8
:100D400003A606003307E54013371700930710008A
:100D5000B397E700B3E7C70023A0F600B707010089
:100D60009387F7FF638CF5000327050093F5F500E3
:100D700083474700B3E7B7002302F700678000000E
:100D8000638E05029307000C63EAC7020327050080
:100D9000232EB5008347870093F7F703B3E7C70017
:100DA00093F7F70F2304F7008347470093E71700F3
:100DB0002302F700F32740F16384070067800000F7
:100DC0003727000C97070200938747C68326070042
:100DD0003305F5401335150093071000B397A700AE
:100DE000B3E7D7002320F700678000006384050283
:100DF000032705002320B50223260500834747006B
:100E00002328050093E727002302F700F32740F18A
:100E100063840700678000003727000C97070200F3
:100E20009387C7C0832607003305F54013351500A7
:100E300093071000B397A700B3E7D7002320F7006C
:100E40006780000063800502032705002322B502A6
:100E50008347470093E787002302F700F32740F119
:100E600063840700678000003727000C97070200A3
:100E70009387C7BB832607003305F540133515005C
:100E800093071000B397A700B3E7D7002320F7001C
:100E90006780000063880512630606128327050039
:100EA0008346950003C74701B366D700A304D50066
:100EB00013770702630807101307000113050600E4
:100EC0006374C7001305000183C6050013071000F3
:100ED0002380D700637AC70E83C61500130720004E
:100EE0002380D7006372C70E83C625001307300026
:100EF0002380D700637AC70C83C6350013074000F0
:100F00002380D7006372C70C83C6450013075000C7
:100F10002380D700637AC70A83C655001307600091
:100F20002380D7006372C70A83C665001307700069
:100F30002380D700637AC70883C675001307800033
:100F40002380D7006372C70883C68500130790000B
:100F50002380D700637AC70683C695001307A000D5
:100F60002380D7006372C70683C6A5001307B000AD
:100F70002380D700637AC70483C6B5001307C00077
:100F80002380D7006372C70483C6C5001307D0004F
:100F90002380D700637AC70283C6D5001307E00019
:100FA0002380D7006372C70283C6E5001307F000F1
:100FB0002380D700637AC70003C7F5002380E700CA
:100FC000678000001305000067800000832705008C
:100FD0000347950083C74701A304050033E5E700F5
:100FE0001375E509678000008327050003C58701A5
:100FF00067800000032705008347950003474701EA
:10100000B367F700A304F5001375070667800000B7
:10101000032705008347C70093E707042306F7006B
:1010200067800000032705008347C70093F7F70B8D
:101030002306F700678000009306050093870500EC
:101040001307100013068001930580011305002487
:101050006F00D053130101FF232481001304060005
:101060002322910013860600938405009305040053
:1010700023261100EF00000383A7040013050000DE
:1010800063C80700032504003305F5401335150038
:101090008320C10003248100832441001301010146
:1010A00067800000130101F8232A210737F9FFFFA9
:1010B000232831072326410723245107232AA1058A
:1010C000232E8106232C91062322610723207107FA
:1010D000232E8105232C91052328B10513870500B4
:1010E000130A0600930700009302000097EA00002D
:1010F000938A4AFF170D0200130D8D2D13090979EC
:101100009309F00F1398470033045500930800002B
:101110001306F0629306080063540601B306280123
:1011200013F61800E30C06229386062417EB000042
:10113000130B4BF797E400009384C4FAB303DD006C
:1011400023281103232A5102232C0103232EF10209
:101150002320A1042322E104232441052326210581
:10116000038E040083470400838D2400038314004E
:10117000330EFE0283878400034714008348240053
:101180002326F1008387B4000388340003854400DC
:101190002328F100834734038385540003866400C9
:1011A000232AF1008387C40083867400838E940011
:1011B000232CF1008387D4003303E302834C3400F3
:1011C0000387A400034C8401834B9401034AA401C8
:1011D0000349B40183420403834F1403034F2403E0
:1011E000B3881D03232EF100834D840483479404A8
:1011F000130B4B00938404012320F1028327CBFFC0
:10120000330EFE008387E4FF330898033303C301E2
:101210002322F1028347A404B3886800038EF4FFFD
:101220002324F1028347B404330585032326F10206
:101230008327C10033081801B38575033305050101
:1012400033064603B385A500B38626033306B600EE
:10125000B3875702B386C60003264101B387D70080
:1012600083260101B38EFE033307E703B387FE0035
:10127000B386C6023307F7008327810103260102E4
:101280003387E6008326C101B387B703B386C6025E
:10129000B387E7000326810203274102B386F600E5
:1012A0008327C1023307C702B307FE023307D70003
:1012B000B387E70013C7F7FF1357F741B3F7E7000A
:1012C00093D7874063D4F9009307F00F2380F3008E
:1012D00093831300E3966AE9832801038322410381
:1012E000032881038327C103032501040327410445
:1012F000032A81040329C104938818009306B000CF
:101300001308080113042400E394D8E09387B7007E
:101310009306900793820203E396D7DEB7F9FFFFA7
:10132000B7FFFFFF37FFFFFFB7F8FFFF37F9FFFFFA
:10133000130800009305000093070000138601EED8
:1013400017E40000130404F09306F062938909790E
:10135000938F0F7A130F0F7B9388087C93045000B0
:101360001309097D9302F00F130B8000931D5800A1
:10137000938C0500130C0000930B0800130C2C0039
:1013800013850D00930A00001308050063D4A6001E
:10139000330835013308060103230800832348007E
:1013A000032E8800832EC8002B6C0EEF130305015B
:1013B0003308F50163E466001308030033080601EF
:1013C0000323080083234800032E8800832EC800CF
:1013D0002B6C0EEF130305023308E50163E466008E
:1013E0001308030033080601032308008323480081
:1013F000032E8800832EC8002B6C0EEF1303050309
:101400003308150163E4660013080300330806017E
:101410000323080083234800032E8800832EC8007E
:101420002B6C0EEF1308050463F406013308250145
:10143000330806010323080083234800032E880095
:10144000832EC8002B6C0EEF938A1A001305050B30
:10145000E39C9AF217E800001308C8D817C50100EA
:1014600013050574B30A9D012326710103230800A7
:101470005B0003000323050083234500032E850042
:10148000832EC5000B600EEF930B050103A30B0029
:1014900083A34B0003AE8B0083AECB000B600EEF3B
:1014A000930B050203A30B0083A34B0003AE8B0039
:1014B00083AECB000B600EEF930B050303A30B0071
:1014C00083A34B0003AE8B0083AECB000B600EEF0B
:1014D000930B050403A30B0083A34B0003AE8B0007
:1014E00083AECB000B600EEF930B050503A30B003F
:1014F00083A34B0003AE8B0083AECB000B600EEFDB
:10150000930B050603A30B0083A34B0003AE8B00D4
:1015100083AECB000B600EEF930B050703A30B000C
:1015200083A34B0003AE8B0083AECB000B600EEFAA
:10153000930B050803A30B0083A34B0003AE8B00A2
:1015400083AECB000B600EEF930B050903A30B00DA
:1015500083A34B0003AE8B0083AECB000B600EEF7A
:10156000930B050A03A30B0083A34B0003AE8B0070
:1015700083AECB000B600EEF930B050B03A30B00A8
:1015800083A34B0003AE8B0083AECB000B600EEF4A
:10159000930B050C03A30B0083A34B0003AE8B003E
:1015A00083AECB000B600EEF930B050D03A30B0076
:1015B00083A34B0003AE8B0083AECB000B600EEF1A
:1015C000930B050E03A30B0083A34B0003AE8B000C
:1015D00083AECB000B600EEF930B050F03A30B0044
:1015E00083A34B0003AE8B0083AECB000B600EEFEA
:1015F000930B051003A30B0083A34B0003AE8B00DA
:1016000083AECB000B600EEF930B051103A30B0011
:1016100083A34B0003AE8B0083AECB000B600EEFB9
:10162000930B051203A30B0083A34B0003AE8B00A7
:1016300083AECB000B600EEF930B051303A30B00DF
:1016400083A34B0003AE8B0083AECB000B600EEF89
:10165000930B051403A30B0083A34B0003AE8B0075
:1016600083AECB000B600EEF930B051503A30B00AD
:1016700083A34B0003AE8B0083AECB000B600EEF59
:10168000930B051603A30B0083A34B0003AE8B0043
:1016900083AECB000B600EEF930B051703A30B007B
:1016A00083A34B0003AE8B0083AECB000B600EEF29
:1016B000930B051803A30B0083A34B0003AE8B0011
:1016C00083AECB000B600EEF5B130000134EF3FFF5
:1016D000135EFE413373C301135383401308480064
:1016E00063D462001303F00F23806A1613050519F3
:1016F000938A1A00E31C88D6832BC100938C8C013B
:10170000938D0D02E31C6CC7938727009385050614
:101710001388BB00E39C87C597070200938747E1C6
:10172000138801F803A3070083A3470003AE8700D3
:1017300083AEC700AB6B0EEF93870701E314F8FE8F
:1017400097E50000938505B0138601F897E6000041
:101750009386064D138F61019308F00F83A7050050
:101760005B800700938706E803A3070083A3470075
:1017700003AE870083AEC7000B600EEF93870701AF
:10178000E394D7FEDB17000013C5F7FF1355F541AF
:10179000B3F7A70093D7874063D4F8009307F00FFF
:1017A0002300F6001306160093854500938606185D
:1017B000E316E6FB0323080083234800032E88007A
:1017C000832EC8002B640EEF938701F903A3070053
:1017D00083A3470003AE870083AEC7002B640EEFE0
:1017E000938701FA03A3070083A3470003AE870092
:1017F00083AEC7002B640EEF938701FB03A30700A2
:1018000083A3470003AE870083AEC7002B640EEFAF
:10181000938701FC03A3070083A3470003AE87005F
:1018200083AEC7002B640EEF938701FD03A307006F
:1018300083A3470003AE870083AEC7002B640EEF7F
:10184000938701FE03A3070083A3470003AE87002D
:1018500083AEC7002B640EEF938701FF03A307003D
:1018600083A3470003AE870083AEC7002B640EEF4F
:101870009387010003A3070083A3470003AE8700FB
:1018800083AEC7002B640EEF17E90000130989C36C
:1018900097E20000938282C0938F610103A402004B
:1018A0005B000400937739009309090093040D004D
:1018B0006380073A8387190003CE142E83860900BC
:1018C00083CE042E330EFE0283C7942E838D29000F
:1018D00003C3242E2326F10083C7A42E83C8342EED
:1018E000838C39002328F1008387A90003C8442E84
:1018F000038C4900232AF10083C7B42E03C5542E5C
:10190000838B5900232CF1008387B90083C5642E93
:10191000038B6900232EF10083C7C42E83CA742E63
:10192000038679002320F1028387C900838389001D
:10193000038F9900B38EDE0283C6842E2322F10228
:101940008387D90093840401938909012324F10238
:101950008387E9FF3303B3032326F1028387F9FF6B
:10196000B38E8E00330EDE012328F1028327C100DF
:1019700083CDD42D03C4E42D83CEF42DB3889803F6
:101980003303C30133088803B38868003305750344
:1019900033081801B3856503330505013386CA0290
:1019A000B385A500B38676023306B60083254101D0
:1019B000B387E7033386C600832601013386C70059
:1019C000B386B602832781018325C101B387B7029D
:1019D000B386C6008325410203260102B387D700E0
:1019E000832681023306B602B386DD023306F60093
:1019F0008327C102B386C60003260103B307F4029E
:101A0000B38ECE02B387D7003384FE00970702005F
:101A1000938707A5E390F4EA8307090903480D3784
:101A200003451D37030F190983452D37830E2909F7
:101A30003308F80203463D37030E390983464D3714
:101A40000303490983475D37830859093305E503D3
:101A500033088800B385D503330505013306C60373
:101A6000B385A500B38666023306B600B3871703B5
:101A7000B386C600B387D70093D7B7409306F00F5D
:101A800063D0F61C9307F00F2380FF00938242007F
:101A900097E70000938707A313096909938F1F0035
:101AA000E39EF2DE83066D3703067D379307100051
:101AB00063C6C600138606009307000083068D37B1
:101AC0006342D6129306060003069D3763C2C61210
:101AD000138606008306AD376342D61293060600CE
:101AE0000306BD3763C2C612138606008306CD37D0
:101AF0006342D612930606000306DD3763C2C612A0
:101B0000138606008306ED376342D612930606005D
:101B10000306FD3763C2C612138606002300CA00FF
:101B20000324C1072320F7008324810703294107E9
:101B300083290107032AC106832A8106032B410654
:101B4000832B0106032CC105832C8105032D410540
:101B5000832D01051301010867800000130684012D
:101B600093050403130F8404032304008323060056
:101B700003AE0500832E0F002B600EEF9386062424
:101B800017D600001306065217DF0000130F8F55FB
:101B9000B305DD00832606005B80060003230F00EB
:101BA00083234F00032E8F00832ECF000B600EEF98
:101BB000DB16000013C3F6FF1353F341B3F66600C0
:101BC00093D686401306460063D4D9009306F00FDF
:101BD0002380D500130F0F0193851500E39CCAFAEB
:101BE0006FF08FF103069D3793072000E3D2C6EE16
:101BF0008306AD3793073000E352D6EE0306BD37B8
:101C000093074000E3D2C6EE8306CD37930750001A
:101C1000E352D6EE0306DD3793076000E3D2C6EE4B
:101C20008306ED3793077000E352D6EE0306FD37C7
:101C300093078000E3D2C6EE930790006FF01FEE8B
:101C400093C6F7FF93D6F641B3F7D7006FF0DFE303
:101C50000323090083234900032E8900832EC90032
:101C60000B600EEF9307090103A3070083A347004E
:101C700003AE870083AEC7000B600EEF9307090227
:101C800003A3070083A3470003AE870083AEC7000A
:101C90000B600EEF9307090303A3070083A347001C
:101CA00003AE870083AEC7000B600EEF93070904F5
:101CB00003A3070083A3470003AE870083AEC700DA
:101CC0000B600EEF9307090503A3070083A34700EA
:101CD00003AE870083AEC7000B600EEF93070906C3
:101CE00003A3070083A3470003AE870083AEC700AA
:101CF0000B600EEF9307090703A3070083A34700B8
:101D000003AE870083AEC7000B600EEF9307090890
:101D100003A3070083A3470003AE870083AEC70079
:101D20000B600EEF5B1F00008306090983470D3728
:101D30000308190983431D3703052909834E2D37ED
:101D4000B387D70283453D37030E390903464D3724
:101D50000303490983465D3783085909330878022C
:101D6000B387E7013305D503B3870701B385C503FF
:101D7000B387A70033066602B387B700B38616039E
:101D8000B387C700B387D7006FF01FCF130101FDE2
:101D900023229102938401C803A30400232E31015E
:101DA000232C4101232A51012328610123261102FA
:101DB00023248102232021039308230013081025E4
:101DC000130B0500938A0500130A06009389060089
:101DD000636C181D17F801001308C8C733086800A2
:101DE000034908000344180023A014011308000548
:101DF000631A09011304B4FC1374F40F9306100062
:101E000063FA860217E501001305453303248102B6
:101E10008320C10283244102032901028329C101D5
:101E2000032A8101832A4101032B010113010103CC
:101E30006F10C01003A60400930610251306B60009
:101E400063E0C61A23A0C400930680016316DA0A71
:101E500063944A0B83A60400130610253304DB00A9
:101E6000636A860E6386090297F50100938585BE35
:101E700013060B00B385D500138509002326F10056
:101E80002324E100EF10C0658327C10003278100F0
:101E900023A0840083A604001316270093051025B1
:101EA0003304D60063E68506638C070097F50100CE
:101EB000938545BAB385D50013850700EF104062BE
:101EC00023A0840003A7040093071025631CF702D6
:101ED0008320C102032481028324410203290102D9
:101EE0008329C101032A8101832A4101032B0101B6
:101EF000130101036780000017E501001305852524
:101F00006FF0DFF017E50100130585316FF01FF06A
:101F1000930610251306040097E5010093854532CA
:101F200017E501001305C51F2324E100EF00506FE2
:101F3000032781009307F0FFE306F7F81306070075
:101F40009305F0FF17E5010013054528EF00506DDC
:101F50006FF05FF7930610251306040097E5010064
:101F60009385052E17E501001305851B2326F10037
:101F70002324E100EF00D06A9306F0FF03278100DD
:101F80008327C100E308DBF013060B009305F0FF85
:101F900017E501001305C51EEF0090688327C100F7
:101FA000032781006FF01FEF9306102513860800AA
:101FB00097E501009385C52817E50100130545162F
:101FC0002326F1002324E100EF0090658327C10060
:101FD0000327810013090000130400006FF01FE1C4
:101FE0009306102597E501009385852517E50100E7
:101FF000130505132326F1002324E100EF005062AE
:102000008327C100032781006FF01FE4130800003D
:1020100063C6051263DC0600B337C000B306D040C8
:102020001348F8FFB386F6403306C0409308060015
:102030001307050013830500639A060E63F4C516A3
:10204000B70701006364F622B70700019306800119
:102050006374F60093060001B7070280335ED60072
:1020600093870725B387C70183C70700130E0002B4
:10207000B387D700B306FE40630CFE003393D50050
:10208000B357F500B318D60033E367003317D50014
:1020900013D608013355C3029396080193D606015F
:1020A000935707013373C302B385A60213130301C9
:1020B000B3E7670063FCB700B387F8001303F5FFCD
:1020C00063E4170163E6B74013050300B387B74025
:1020D000B3D5C7021317070113570701B3F7C70298
:1020E000B386B602939707013367F700637ED70084
:1020F0003387E8009387F5FF636617019385E5FF53
:102100006364D70093850700131505013365B50097
:1021100093050000630A0800B337A000B305B04080
:10212000B385F5403305A0406780000063F4D50215
:1021300093050000130500006FF0DFFDB337A0002A
:10214000B305B040B385F5403305A0401308F0FF58
:102150006FF05FECB707010063E8F61EB7070001F8
:102160009308800163F4F60093080001B70702802A
:1021700033D7160193870725B387E70003C7070006
:102180009307000233071701B388E7406396E71C03
:1021900063E4B6303335C5001335150093050000F0
:1021A0006FF05FF7630C060CB7070100637CF62C39
:1021B000133306101333130013133300B3566600A2
:1021C000B707028093870725B387D70083C6070028
:1021D00093070002B3866600B38ED7406394D70C92
:1021E000B386C540135306011316060113560601A4
:1021F0009305100033D5660293570701B3F66602C4
:10220000330EC50293960601B3E7D70063FCC701FE
:10221000B387F8009306F5FF63E4170163E4C72B67
:1022200013850600B387C741B3D6670213170701AA
:1022300013570701B3F767023386C6029397070166
:102240003367F700637EC7003387E8009387F6FFA4
:10225000636617019386E6FF6364C70093860700F1
:10226000131505013365D5006FF0DFEA93360610CC
:1022700093B61600939636006FF01FDEB707028004
:102280009306000093870725B387D70083C607000E
:102290001303000093070002B3866600B38ED74095
:1022A000E380D7F4B318D60133DED50013D3080189
:1022B000B3576E021396080113560601B356D500A4
:1022C0003317D501B395D501B3E6B60093D5060112
:1022D000337E6E023305F602131E0E01B3E5C5010F
:1022E00063FEA500B385B800138EF7FF63E4151DE8
:1022F00063F2A51C9387E7FFB3851501B385A5405D
:1023000033D565029396060193D60601B3F56502AF
:10231000330EA60293950501B3E6B60063FEC6012F
:10232000B386D8009305F5FF63EE161763FCC61756
:102330001305E5FFB386160193950701B386C641E1
:10234000B3E5A5006FF01FEB93B8061093B8180023
:10235000939838006FF09FE1B35EE600B3961601E4
:10236000B3EEDE0033D3E50013DF0E01B357E30312
:10237000139E0E01B3951501135E0E013357E50050
:102380003367B70093560701331616013373E3031F
:10239000B305FE0213130301B3E6660063FEB60045
:1023A000B386DE001383F7FF63EAD61163F8B61035
:1023B0009387E7FFB386D601B386B640B3D5E6036D
:1023C0001317070113570701B3F6E6033303BE02E1
:1023D000939606013367D700637E67003387EE006C
:1023E0009386F5FF6364D70D6372670C9385E5FFF1
:1023F0003307D70193970701370F0100B3E7B70001
:102400009306FFFFB3F5D70013DE0701B376D600BE
:1024100013560601B38ED50233076740B306DE02BA
:1024200013D30E01B385C502B385D500B305B30040
:10243000330ECE0263F4D500330EEE0193D60501C0
:10244000B386C601636AD7026308D7001385070005
:10245000930500006FF01FCCB70601009386F6FFCE
:1024600033F7D50013170701B3FEDE00331515014E
:102470003307D701E37CE5FC1385F7FF93050000E4
:102480006FF05FC9B7070001637AF604935606013F
:10249000130300016FF0DFD2930500001305100055
:1024A0006FF05FC7138505006FF01FE99385060085
:1024B0006FF05FF493070E006FF05FE49307030083
:1024C0006FF09FEF1305E5FFB38717016FF09FD5FE
:1024D0001305E5FFB38717016FF05FBF93568601C1
:1024E000130380016FF0DFCD130806009308050089
:1024F000138705006390060E63FEC512B70701003F
:10250000636EF61EB7070001930680016374F60040
:1025100093060001B70702803353D600938707253F
:10252000B387670083C7070013030002B387D70090
:10253000B306F340630CF3003397D500B357F500AF
:102540003318D60033E7E700B318D5001356080157
:102550003355C7029316080193D6060193D7080195
:102560003377C702B385A60213170701B3E7E70065
:1025700063FCB700B307F8001307F5FF63E4070136
:1025800063E0B73E13050700B387B74033D7C702F0
:102590009398080193D80801B3F7C702B386E602FF
:1025A00093970701B3E8F80063FED800B308180159
:1025B0009307F7FF63E608011307E7FF63E4D8001A
:1025C00013870700131505013365E5009305000027
:1025D0006780000063F8D500930500001305000034
:1025E00067800000B707010063E8F61EB707000127
:1025F0001308800163F4F60013080001B707028096
:1026000033D7060193870725B387E70003C7070081
:1026100093070002330707013388E7406396E71CFE
:1026200063E4B6303335C50013351500930500005B
:1026300067800000630C060CB7070100637CF62C72
:10264000133706101337170013173700B356E60079
:10265000B707028093870725B387D70083C7070092
:1026600093060002B387E700B38EF6406394F60C3E
:10267000B387C5409356060113160601135606018B
:102680009305100033D5D70213D70801B3F7D7024B
:102690003303C50293970701B367F70063FC670034
:1026A000B307F8001307F5FF63E4070163E4672A43
:1026B00013050700B387674033D7D7029398080103
:1026C00093D80801B3F7D7023306C70293970701DF
:1026D000B3E8F80063FEC800B30818019307F7FFDA
:1026E00063E608011307E7FF63E4C80013870700E8
:1026F000131505013365E500678000009336061069
:1027000093B61600939636006FF0DFE0B7070280AD
:102710009306000093870725B387D70083C7070078
:102720001307000093060002B387E700B38EF6405C
:10273000E380F6F43318D60133D3F500935608013D
:10274000335ED30213160801B395D5011356060163
:10275000B357F500B3E7B70013D70701B318D50196
:102760003373D302B305C603131303013367670042
:10277000637EB7003307E8001305FEFF6364071D9F
:102780006372B71C130EEEFF330707013307B74020
:102790003355D7029397070193D707013377D702B1
:1027A0003303A60213170701B3E7E70063FE6700D0
:1027B000B307F8001307F5FF63EE071763FC67160E
:1027C0001305E5FFB387070193150E01B387674033
:1027D000B3E5A5006FF01FEB13B80610133818000F
:1027E000131838006FF09FE1335EE600B3960601E0
:1027F000336EDE00B3D8E500935E0E01B3D7D80385
:1028000013130E01B3950501135303013357E5006C
:102810003367B7009356070133160601B3F8D803A0
:10282000B305F30293980801B3E6160163FEB60000
:10283000B306DE009388F7FF63EAC61163F8B610AB
:102840009387E7FFB386C601B386B640B3D5D603F8
:102850001317070113570701B3F6D603B308B302E2
:10286000939606013367D700637E17013307EE00A6
:102870009386F5FF6364C70D6372170D9385E5FFBB
:102880003307C70193970701B70E0100B3E7B700FD
:102890009386FEFFB3F5D70013D30701B376D600B6
:1028A00013560601338ED50233071741B306D30200
:1028B00093580E01B385C502B385D500B385B80022
:1028C0003303C30263F4D5003303D30193D6050168
:1028D000B3866600636AD7026308D70013850700D2
:1028E0009305000067800000B70601009386F6FF9D
:1028F00033F7D50013170701337EDE0033150501CA
:102900003307C701E37CE5FC1385F7FF930500005F
:1029100067800000B7070001637AF604935606014A
:10292000130700016FF0DFD29305000013051000BC
:1029300067800000130507006FF01FE9938506000C
:102940006FF05FF4130E05006FF05FE493870800EB
:102950006FF09FEF1305E5FFB38707016FF09FD579
:102960001305E5FFB38707016FF01FC29356860179
:10297000130780016FF0DFCD93050500930600007B
:1029800013060000130500006F009058130101FFAB
:102990009305000023248100232611001304050061
:1029A000EF00906083A741C863840700E7800700B9
:1029B00013050400EFD05FAD130500006780000031
:1029C00037160280B775008037150280130646CA95
:1029D0009385C55B130505CB6F004035130101FFDF
:1029E0008325450023248100232291002326110002
:1029F000138401519304050063848500EF40103C6B
:102A000083A58400930784066386F500138504007C
:102A1000EF40D03A83A5C4001304040D638E8500F3
:102A2000032481008320C100138504008324410016
:102A3000130101016F4090388320C10003248100FD
:102A40008324410013010101678000001305000089
:102A500067800000130101FE232C8100B73700803E
:102A6000138401519387079C232E1100232A910080
:102A700023282101232631012324410123A2F1C867
:102A80001306800093074000930500001305C4055A
:102A90002326F4002320040023220400232404001E
:102AA0002322040623280400232A0400232C0400E4
:102AB000EF005015B7070100373A0080B7390080A2
:102AC00037390080B7340080130A8AF49389C9FA31
:102AD000130949039384C40A93879700130680005F
:102AE000930500001305440C2320440323223403E0
:102AF0002324240323269402232AF406232E84006D
:102B00002324040623260406232804062326040C73
:102B1000232C0406232E040623200408EF00900E25
:102B2000B707020013078406938727011305C41211
:102B3000130680009305000023244409232634094A
:102B400023282409232A9408232EF40C2322E408A2
:102B50002328040C232A040C232C040C232A0412FB
:102B60002320040E2322040E2324040EEF009009D8
:102B70009307040D2328440F232A340F232C240FFA
:102B8000232E940E8320C1012326F40E03248101F9
:102B900083244101032901018329C100032A810003
:102BA000130101026780000083A741C8130101FEE1
:102BB00023263101232E1100232C8100232A91008A
:102BC00023282101930905006388070E3719028025
:102BD000130949CA9304F0FF83274900032489009D
:102BE0009387F7FF63D807006F000008130484067B
:102BF000638C97060317C4009387F7FFE31807FE5B
:102C0000B707FFFF938717002326F400232204064B
:102C1000232004002324040023220400232804008A
:102C2000232A0400232C04001306800093050000CF
:102C30001305C405EF00007D23280402232A0402A3
:102C400023220404232404048320C1011305040067
:102C50000324810183244101032901018329C10047
:102C600013010102678000000324090063060400C9
:102C7000130904006FF05FF69305C01A138509006D
:102C8000EF10000A13040500630C05021305C500CC
:102C900093074000232004002322F4002324A400EF
:102CA0001306001A93050000EF00C0752320890069
:102CB000130904006FF05FF2EFF0DFD96FF01FF13E
:102CC000232009009307C00023A0F9006FF0DFF76D
:102CD00083274503638407006780000003A741C87A
:102CE000B73700809387C79D232AF502E31607FEB6
:102CF0006FF05FD6678000006780000037160280A3
:102D0000B7350080130646CA9385859B13050000DE
:102D10006F00C00137160280B7350080130646CA1F
:102D20009385C5A4130500006F004000130101FD49
:102D300023202103232E3101232C4101232A510179
:102D400023286101232671012326110223248102F5
:102D500023229102130B0500938B0500930A0600B2
:102D6000130A0000930910001309F0FF83A44A001E
:102D700003A48A009384F4FF63C804028357C40049
:102D800063FEF9008317E4009305040013050B00AC
:102D900063862701E7800B00336AAA009384F4FF5F
:102DA00013048406E39C24FD83AA0A00E3900AFC32
:102DB0008320C102032481028324410203290102EA
:102DC0008329C101832A4101032B0101832BC10007
:102DD00013050A00032A8101130101036780000023
:102DE000130101FC2324C1022326D1022328E1027E
:102DF000232AF102232C0103232E1103138605003D
:102E00008325850093068102232E11002326D100FD
:102E1000EF10006D8320C1011301010467800000E1
:102E200003A301C7130101FC2324C1022326D102FD
:102E30002322B1022328E102232AF102232C0103D9
:102E4000232E1103832583009306410213060500F8
:102E500013050300232E11002326D100EF10406834
:102E60008320C1011301010467800000130101FCEC
:102E7000232C81021304050013850500232A9102E7
:102E8000232E110293840500EF00C07FB707028054
:102E90009387471C2324F102930710002326F10295
:102EA000032744039307010293061500232AF10028
:102EB00093072000232091022322A102232ED10078
:102EC000232CF10083258400630007068397C50047
:102ED000139727016342070203A74506B7E6FFFFE2
:102EE0009386F6FF37260000B3E7C7003377D70095
:102EF0002396F50023A2E5061306410113050400FD
:102F0000EF4010308320C1030324810313351500E3
:102F10003305A0401375B500832441031305F5FF65
:102F20001301010467800000130504002326B1008B
:102F3000EFF01FDA8325C1006FF05FF993050500FC
:102F400003A501C76FF09FF2130101FF2324810045
:102F5000138405008395E50023261100EF00002E61
:102F600063400502832704058320C100B387A700BF
:102F70002328F40403248100130101016780000069
:102F80008357C40037F7FFFF1307F7FFB3F7E700D6
:102F90008320C1002316F4000324810013010101E2
:102FA0006780000013050000678000008397C5005C
:102FB000130101FE232C8100232A910023282101E3
:102FC00023263101232E110013F707101384050067
:102FD0009304050013090600938906006310070493
:102FE00037F7FFFF1307F7FFB3F7E7008315E40098
:102FF0002316F400032481018320C1019386090074
:10300000130609008329C100032901011385040067
:1030100083244101130101026F00C0288395E5005C
:103020009306200013060000EF00C01A8317C400A7
:103030006FF01FFB130101FF23248100138405009F
:103040008395E50023261100EF00C0189307F0FFD9
:103050006308F5028357C400371700008320C100BE
:10306000B3E7E7009397070193D707412328A40408
:103070002316F4000324810013010101678000007E
:103080008357C40037F7FFFF1307F7FFB3F7E700D5
:103090009397070193D707418320C1002316F400BB
:1030A0000324810013010101678000008395E5007E
:1030B0006F004000130101FF2324810023229100AF
:1030C00013040500138505002326110023A401C85D
:1030D000EFD00FBA9307F0FF630CF5008320C10017
:1030E0000324810083244100130101016780000053
:1030F00083A781C8E38407FE8320C1002320F40056
:103100000324810083244100130101016780000032
:1031100083A701C7638EA70A83254504130101FE17
:10312000232A9100232E110093040500638C0504CB
:103130002328210123263101232C810013090000BB
:1031400093090008B387250103A40700630E040058
:10315000930504000324040013850400EF00100C01
:10316000E31804FE83A5440413094900E31C39FD58
:1031700013850400EF00900A032481010329010153
:103180008329C10083A58403638605001385040099
:10319000EF00D00883A5C4046386050013850400EE
:1031A000EF00D00783A74403638C07008320C1018D
:1031B0001385040083244101130101026780070085
:1031C0008320C101832441011301010267800000B3
:1031D00067800000130101FF13870500232481008D
:1031E00023229100930506001304050013860600B0
:1031F000130507002326110023A401C8EFD00FB444
:103200009307F0FF630CF5008320C10003248100C5
:1032100083244100130101016780000083A781C856
:10322000E38407FE8320C1002320F40003248100EF
:10323000832441001301010167800000130101FF95
:1032400013870500232481002322910093050600A3
:10325000130405001386060013050700232611003A
:1032600023A401C8EFD08FB09307F0FF630CF500E3
:103270008320C10003248100832441001301010144
:103280006780000083A781C8E38407FE8320C10014
:103290002320F40003248100832441001301010151
:1032A00067800000130101FF1387050023248100BC
:1032B00023229100930506001304050013860600DF
:1032C000130507002326110023A401C8EFD08FAFF8
:1032D0009307F0FF630CF5008320C10003248100F5
:1032E00083244100130101016780000083A781C886
:1032F000E38407FE8320C1002320F400032481001F
:10330000832441001301010167800000130101FFC4
:1033100023248100B7170280371402802320210163
:10332000938787A2130784A22326110023229100EA
:103330003389E7406382E70213592940130484A2CA
:1033400093040000832704009384140013044400B2
:10335000E7800700E3E824FF37140280B7170280F4
:10336000938787A2130784A23389E7401359294022
:103370006380E702130484A29304000083270400FF
:103380009384140013044400E7800700E3E824FF5B
:103390008320C1000324810083244100032901000C
:1033A0001301010167800000130101FF2324810044
:1033B000B717028037140280938787A2130484A270
:1033C0003304F44023229100232611009354244017
:1033D000638004021304C4FF3304F4008327040051
:1033E0009384F4FF1304C4FFE7800700E39804FE0E
:1033F0008320C100032481008324410013010101C3
:10340000678000001303F00013070500637EC3020A
:103410009377F7006390070A63920508937606FF97
:103420001376F600B386E6002320B7002322B70008
:103430002324B7002326B70013070701E366D7FE4E
:103440006314060067800000B306C340939626000D
:1034500097020000B38656006780C6002307B700B6
:10346000A306B7002306B700A305B7002305B700DE
:10347000A304B7002304B700A303B7002303B700D6
:10348000A302B7002302B700A301B7002301B700CE
:10349000A300B7002300B7006780000093F5F50F85
:1034A00093968500B3E5D50093960501B3E5D50065
:1034B0006FF0DFF69396270097020000B386560060
:1034C00093820000E78006FA93800200938707FF4B
:1034D0003307F7403306F600E378C3F66FF0DFF307
:1034E000B3C7A50093F73700B308C5006394070678
:1034F0009307300063F0C706937735001307050084
:10350000639A070613F6C8FFB306E6409307000266
:1035100063CED70893860500930707006378C70238
:1035200003A80600938747009386460023AE07FF53
:10353000E3E8C7FE9307F6FFB387E74093F7C7FFBB
:10354000938747003307F700B385F50063681701D9
:1035500067800000130705006378150583C7050021
:103560001307170093851500A30FF7FEE398E8FEF5
:103570006780000083C605001307170093773700A4
:10358000A30FD7FE93851500E38E07F683C60500CB
:103590001307170093773700A30FD7FE9385150005
:1035A000E39A07FC6FF01FF667800000130101FF2C
:1035B000232681001304000283A3050083A2450093
:1035C00083AF850003AFC50083AE050103AE45019F
:1035D00003A3850103A8C50183A6050213074702BB
:1035E000B307E640232E77FC232057FE2322F7FF64
:1035F0002324E7FF2326D7FF2328C7FF232A67FEBC
:10360000232C07FF232ED7FE93854502E346F4FAC9
:1036100093860500930707006378C70203A8060096
:10362000938747009386460023AE07FFE3E8C7FE73
:103630009307F6FFB387E74093F7C7FF93874700E9
:103640003307F700B385F500636817010324C10051
:10365000130101016780000083C7050013071700ED
:1036600093851500A30FF7FEE382E8FE83C70500EC
:103670001307170093851500A30FF7FEE39EE8FCE0
:103680006FF0DFFC9377350013070500639C070498
:10369000B7867F7F9386F6F79305F0FF0326070032
:1036A00013074700B377D600B387D700B3E7C70047
:1036B000B3E7D700E384B7FE8346C7FFB307A7404D
:1036C000638406048346D7FF638C06020345E7FF45
:1036D0003335A0003305F5001305E5FF67800000D2
:1036E000E38806FA8347070013071700937637002D
:1036F000E39807FE3307A7401305F7FF6780000034
:103700001385D7FF678000001385C7FF678000001F
:1037100083A7C1C8638C070403A747001308F001FF
:103720006340E80813182700630605023383070186
:103730002324C30883A88718130610003316E60055
:10374000B3E8C80023A417192324D310930620003C
:103750006306D5021307170023A2E700B38707010A
:1037600023A4B7001305000067800000138881645C
:1037700023A601C9938781646FF01FFA83A6C71837
:103780001307170023A2E700B3E6C60023A6D71845
:10379000B387070123A4B70013050000678000006A
:1037A0001305F0FF67800000130101FD232C410188
:1037B0002320210303A9C1C8232611026308090A93
:1037C000232E3101232A510123286101232671016F
:1037D000232481022322910223248101130B05005B
:1037E000938B05009309F0FF930A1000832449008E
:1037F0001384F4FF634E040493942400B3049900EB
:1038000063900B088327490083A644009387F7FF42
:10381000638C870A23A20400638606028327891823
:1038200033978A00032C4900B377F70063960706A5
:10383000E78006000327490083A7C1C863108709F2
:10384000639E27071304F4FF9384C4FFE31A34FB39
:1038500003248102832441028329C101832A410177
:10386000032B0101832BC100032C81008320C102A3
:1038700003290102032A810113010103678000006B
:1038800083A74410E38077F91304F4FF9384C4FF03
:10389000E31834FF6FF0DFFB8327C91883A54408C2
:1038A0003377F7006316070213050B00E780060065
:1038B0000327490083A7C1C8E30487F9E38A07F80F
:1038C000138907006FF09FF2232289006FF0DFF465
:1038D00013850500E78006006FF0DFF5130101FE98
:1038E00023263101B7190280232C8100232A91005D
:1038F0002328210123244101232E1100138A0500CE
:1039000013090500938909DDEF00103D03A7890025
:10391000B71700009387F7FE83244700371700008E
:1039200093F4C4FF3384F400330444411354C400BB
:103930001304F4FF1314C400634EE4009305000065
:1039400013050900EF40D02883A78900B3879700AB
:103950006308F50213050900EF0050388320C10108
:103960000324810183244101032901018329C1002A
:10397000032A810013050000130101026780000083
:10398000B305804013050900EF4090249307F0FF32
:10399000630AF504B7270280938747F003A707005F
:1039A00083A68900B384844093E4140033078740DE
:1039B0001305090023A2960023A0E700EF001032B0
:1039C0008320C101032481018324410103290101D2
:1039D0008329C100032A810013051000130101028D
:1039E000678000009305000013050900EF40501E9A
:1039F00003A789009306F000B307E540E3DCF6F483
:103A000083A641C793E717002322F7003305D5406B
:103A1000B726028023A2A6F06FF0DFF363820518B9
:103A2000130101FF23248100232291001384050048
:103A30009304050023261100EF00102A0325C4FF7C
:103A4000130784FFB71502809377E5FF3306F7006D
:103A5000938505DD8326460003A8850093F6C6FFFF
:103A60006302C81A2322D600137515003308D60046
:103A70006310050A032384FF0328480037150280DA
:103A80003307674083288700130585DDB387670008
:103A9000137818006382A8140323C70023A66800C4
:103AA000232413016306081A93E617002322D70084
:103AB0002320F6009306F01F63ECF60693F687FFCB
:103AC0009386860003A54500B386D50003A60600AD
:103AD00013D8570093071000B3970701B3E7A70067
:103AE000138586FF2326A7002324C70023A2F50001
:103AF00023A0E6002326E600032481008320C100E2
:103B00001385040083244100130101016F00101D7F
:103B100003254800137515006306050893E6170092
:103B2000232ED4FE2320F6009306F01FE3F8F6F8C8
:103B300093D69700130640006360D61293D66700B1
:103B40001385960313868603131535003385A50068
:103B500083260500130585FF6318D5006F00401507
:103B600083A686006308D50003A646001376C6FF29
:103B7000E3E8C7FE03A5C6002326A7002324D70039
:103B8000032481002324E5008320C1001385040061
:103B90008324410023A6E600130101016F001014E5
:103BA0006780000037150280B387D700130585DDD5
:103BB00083268600638CA60C0328C60013E5170035
:103BC0003306F70023A606012324D8002322A700EA
:103BD0002320F6006FF01FEE631C08128325860079
:103BE0000326C600B386F60093E7160023A6C50099
:103BF0002324B6002322F7003307D7002320D70061
:103C00006FF09FEF13751500B386D70063100502A0
:103C1000032584FF3307A7408327C70003268700B7
:103C2000B386A6002326F60023A4C70013E61600D9
:103C300083A781C72322C70023A4E500E3EEF6EAA9
:103C400083A581C913850400EFF05FC96FF0DFEA37
:103C5000B387D7006FF0DFF5130640016370D6021B
:103C6000130640056364D60693D6C7001385F6068F
:103C70001386E606131535006FF05FED1385C60554
:103C80001386B605131535006FF05FEC23AAE50027
:103C900023A8E50093E617002326A7002324A70006
:103CA0002322D7003307F7002320F7006FF0DFE46B
:103CB00003A845001356264093071000B397C7008A
:103CC000B3E7070123A2F5006FF01FEB13064015C1
:103CD000636CD60093D6F7001385860713867607A4
:103CE000131535006FF09FE613064055636CD60040
:103CF00093D627011385D6071386C60713153500FB
:103D00006FF0DFE41305803F1306E0076FF01FE458
:103D100093E617002322D7002320F6006FF0DFDDA3
:103D2000130101FD232E31012326110223248102D8
:103D300023229102232021039387B50013076001FA
:103D4000930905006362F7089307000163E4B72055
:103D5000EF00807893078001930520009304000111
:103D600037190280130909DDB307F90003A44700DE
:103D7000138787FF6302E434832744008326C4004B
:103D80000326840093F7C7FFB307F40003A7470097
:103D90002326D60023A4C600136717001385090045
:103DA00023A2E700EF008073130584008320C10283
:103DB0000324810283244102032901028329C101D2
:103DC000130101036780000093F487FF63C40718A1
:103DD00063E2B418EF0040709307701F63F8973EDA
:103DE00093D794006380071813074000636EF7327F
:103DF00093D7640093859703138887031396350040
:103E000037190280130909DD3306C900032446006F
:103E1000130686FF630886021305F0006F00400159
:103E20008326C40063560728630ED6001384060059
:103E30008327440093F7C7FF33879740E352E5FE9B
:103E4000930508000324090193088900630E1425D3
:103E5000832744009306F00093F7C7FF338797400A
:103E600063CCE636232A190123281901635007344D
:103E70001307F01F032549006368F72413F787FF32
:103E8000130787003307E9008326070013D657007E
:103E900093071000B397C7003365F500930787FFBA
:103EA0002326F4002324D4002322A9002320870002
:103EB00023A6860093D72540130610003316F6007C
:103EC000636AC50AB377A600639407021316160047
:103ED00093F5C5FFB377A60093854500639A070065
:103EE00013161600B377A60093854500E38A07FEF4
:103EF0001308F00013933500330369001305030022
:103F00008327C500138E05006302F52403A747002D
:103F10001384070083A7C7001377C7FFB306974032
:103F20006342D824E3C206FE3307E4008326470039
:103F3000032684001385090093E616002322D70088
:103F40002326F60023A4C700EF0040591305840080
:103F50006FF0DFE59307C00023A0F9001305000010
:103F60006FF0DFE413060020930500041308F0034C
:103F70006FF01FE90324890023286101832744008F
:103F800013FBC7FF63689B0033079B409307F00058
:103F900063CAE70C23229101232A510103A741C7D9
:103FA00083AA81C9232C4101232671019307F0FFC5
:103FB000330A6401B38A54016306F73CB717000063
:103FC0009387F700B38AFA00B7F7FFFFB3FAFA0056
:103FD00093850A0013850900EF40803F9307F0FFA7
:103FE000930B0500630AF54423248101636E452386
:103FF000138C817D83250C00B385BA002320BC007F
:10400000138705006316AA2A931745016392072AAE
:10401000832B8900B3075B0193E7170023A2FB0002
:1040200083A641C963F4B60023AAB1C883A601C917
:1040300063F4B60023A8B1C8032C810013840B00DD
:1040400093F7C7FF3387974063EA97389307F000E9
:1040500063D6E738032A8101832A4101832BC100FB
:10406000832C410093E714002322F400B30494004E
:1040700023249900136717001385090023A2E40085
:10408000EF00C0458320C102130584000324810290
:10409000032B010183244102032901028329C10169
:1040A0001301010367800000032549006FF09FE0C2
:1040B000032684006FF05FCD03A4C700938525001D
:1040C000E38287D86FF05FCB13D797009306400049
:1040D00063F2E6149306400163E4E6321306C70573
:1040E0009306B705131636003306C90003270600EA
:1040F000130686FF6318E6006F0040290327870038
:104100006308E6008326470093F6C6FFE3E8D7FE80
:104110000326C7002326C4002324E40023248600AA
:10412000232687006FF01FD9130740016378F7102B
:10413000130740056364F72E93D7C4009385F706F1
:104140001388E706139635006FF09FCB130E1E0001
:1041500093773E0013058500638007108327C50011
:104160006FF09FDA0326840093E514002322B40045
:104170002326F60023A4C700B3049400232A990041
:104180002328990093E7160023A6140123A4140101
:1041900023A2F4003307E400138509002320D7008D
:1041A000EF00C033130584006FF05FC0B307F40065
:1041B00003A74700138509001367170023A2E70030
:1041C000EF00C031130584006FF05FBE93D534005B
:1041D000938784006FF0DFB893E614002322D400A5
:1041E000B3049400232A99002328990093661700AA
:1041F00023A6140123A4140123A2D400B307F400BE
:104200001385090023A0E700EF00402D130584006B
:104210006FF0DFB913D76700130697039306870380
:10422000131636006FF05FEC630C2407032489003B
:10423000032C8100832744006FF09FE09385C7051E
:104240001388B705139635006FF09FBB8327830053
:104250009385F5FF639E672693F73500130383FF6D
:10426000E39607FE032749009347F6FFB3F7E700FD
:104270002322F90013161600E3EEC7CEE30C06CE98
:104280003377F600631A0700131616003377F6002B
:10429000130E4E00E30A07FE93050E006FF09FC554
:1042A000138C817D03270C003387EA002320EC0068
:1042B00083A641C79307F0FF6386F618B3874B4187
:1042C000B387E7002320FC0093FC7B00638C0C0C7D
:1042D000B38B9B41B717000093878700938B8B00AC
:1042E000B3859741B38A5B01B385554193954501E9
:1042F00013DA450193050A0013850900EF40400DCC
:104300009307F0FF6300F51833057541B30A4501C3
:1043100003270C002324790193E71A00B305EA0070
:104320002320BC0023A2FB00E30C24CF9306F00063
:1043300063F0660B0327440093074BFF93F787FF57
:10434000137717003367F7002322E40013065000A9
:104350003307F4002322C7002324C70063E6F600D6
:1043600083A74B006FF0DFCB930584001385090012
:10437000EFF0CFEA832B890083250C0083A74B0045
:104380006FF01FCA938A0A016FF09FC493D626402C
:1043900093071000B397D7003365F5002322A900D7
:1043A0006FF05FD7B3855B01B305B04093954501CE
:1043B00013DA450193050A0013850900EF40400117
:1043C0009307F0FFE312F5F4130A00006FF05FF4B7
:1043D000032C81009307100023A2FB001385090022
:1043E000EF00C00F13050000032A8101832A410159
:1043F000032B0101832BC100832C41006FF01F9B15
:104400009306400563E4E60413D7C7001306F706D6
:104410009306E706131636006FF01FCD13074015FD
:104420006364F70493D7F4009385870713887707AD
:10443000139635006FF0DF9C032489008327440026
:104440006FF01FC023AA71C76FF01FE893064015D5
:1044500063E4E60413D7F70013068707930677078C
:10446000131636006FF05FC8130740556364F704F6
:1044700093D724019385D7071388C7071396350070
:104480006FF01F98938C8CFFB38A9A01B38A7A419C
:10449000130A00006FF0DFE79306405563E4E6027D
:1044A00013D727011306D7079306C707131636003D
:1044B0006FF09FC31306803F9305F0071308E007D2
:1044C0006FF01F941306803F9306E0076FF0DFC183
:1044D000832749006FF01FDA6780000067800000C3
:1044E000130101ED2326111223229112232A5111C7
:1044F00023267111938A0500930406002324D1001A
:10450000930B0500EF30D06B832705001385070060
:104510002322F102EFF00F972320A10263880B0002
:1045200083A74B03639407006F1040738397CA00FF
:10453000139727016346070203A74A0637260000A0
:10454000B7E6FFFFB3E7C7009386F6FF939707012F
:1045500093D707413377D7002396FA0023A2EA06C0
:1045600013F787006302072E03A70A01630E072CC7
:1045700093F7A7011307A000638AE72EB70702800D
:104580002328611123248111130B010B93874739D1
:10459000370C028023248112232C4111232EB10FCA
:1045A00023202113232E3111232291112320A11125
:1045B000232E61072322010823200108232A01005A
:1045C000232C0100232E010013040B0023240102DD
:1045D00023280102232201002326F100130A0001EF
:1045E000130C8C5023207101938D040083C70D00A0
:1045F000638C071E93840D00130750026386E72A1D
:1046000083C7140093841400E39A07FE3389B441EE
:10461000638CB41D03274108832701082320B401BC
:104620003307270193871700232224012322E1085F
:104630002320F1081307700013048400634EF7264B
:104640000327410083C70400330727012322E10029
:10465000638C071893841400A30F01049309F0FFDF
:10466000930B0000130900009306800503CD04009E
:10467000938D140093070DFE63E6F6040327C10033
:1046800093972700B387E70083A707006780070099
:10469000930B000093070DFD1306900003CD0D0052
:1046A00013972B00B30B7701939B1B00B38B770100
:1046B00093070DFD938D1D00E372F6FE93070DFE2B
:1046C000E3FEF6FA63020D122304A109A30F01040D
:1046D0001307100093041000930C8108130F0900B6
:1046E0009309000023280100930F000093724F08E4
:1046F0000329410863960200B387EB40E342F0448C
:104700008347F105638A0702832701089306F105B1
:104710002320D40013091900930610009387170073
:104720002322D400232221092320F10893067000BC
:104730001304840063C0F61A638A0F0283270108FA
:10474000930601062320D4001309290093062000B4
:10475000938717002322D400232221092320F10864
:104760009306700013048400E3CEF64E930700080E
:10477000E38AF208B3899940E34E301993770F101A
:104780006394077483270108330999002320940157
:104790009387170023229400232221092320F10864
:1047A0009306700063CCF62013048400137F4F003F
:1047B00063060F00B384EB40E342904E13830B007B
:1047C00063D4EB001303070083274100B38767001E
:1047D0002322F100E31A092283C70D0023200108D8
:1047E00013040B00E39807E083274108832B0100A3
:1047F000638407006F10407583D7CA0003248112B9
:104800000329011293F707048329C111032A811197
:10481000032B0111032C8110832C4110032D011057
:10482000832DC10F638407006F10901D8320C11278
:104830000325410083244112832A4111832BC11097
:10484000130101136780000093850A0013850B0094
:10485000EF30006C630405006F10901A8397CA0054
:104860001307A00093F7A701E39AE7D08397EA0024
:10487000E3C607D0832681008320C112138604007B
:1048800093850A0083244112832A411113850B006A
:10489000832BC110130101136F1010381369090124
:1048A00093840D006FF09FDC3389B441E394B4D757
:1048B00083C704006FF0DFD9032501001306C10789
:1048C00093850A00EF105054E31805F213040B000F
:1048D0006FF01FD7032501001306C10793850A0057
:1048E000232EE102232CE103232A51022326F10384
:1048F000EF109051E31205F0032941080327C1038B
:10490000032F810383224103832FC10213040B0071
:104910006FF09FE283270108B7060280938606396D
:104920002320D40013091900930610009387170061
:104930002322D400232221092320F10893067000AA
:104940001304840063D4F6006F1080106304060023
:104950006F1080458326410193771F00B3E7D7008E
:10496000E38607E483274102832601022320F40023
:1049700083270108B38526012322D40093871700DB
:104980002322B1082320F1089306700063D4F600B7
:104990006F108064130484008326410193871700FD
:1049A000232094013389B6002322D4002322210935
:1049B0002320F10893067000E3D8F6DE03250100FA
:1049C0001306C10793850A002326E1022328E1018B
:1049D000EF109043E31205E203294108032F010180
:1049E0000327C10213040B006FF05FDC937789008B
:1049F000E39C0760832781009387770093F787FF05
:104A000003A7070093878700232CE10003A7C7FFB4
:104A10002324F100232EE100832CC10103A7C1C18F
:104A20008326810183A701C293941C0093D41400B0
:104A3000138506009385040013060700938607007C
:104A4000EF90504C630405006F1000048326810131
:104A500003A7C1C183A701C2138506009385040083
:104A60001306070093860700EF80503B6344A000C5
:104A70006F1080010327810193850C00130600004D
:104A80001305070093060000EF80503963540500BA
:104A90006F1040438346F1059307700463D4A70168
:104AA0006F108041B70C0280938C0C3523280100D5
:104AB000137FF9F7130730009304300093090000C7
:104AC0006384060013071700937F2F00E3800FC253
:104AD00013072700930F20006FF05FC1832681002A
:104AE0009377090103A70600938646002324D1008B
:104AF000639207129376090493070700E390064E2A
:104B0000634E07108346F10563C40904137FF9F768
:104B1000631E070213071000639E0920E314073C7D
:104B200093741900930C0B00638204049307000331
:104B3000A307F10A930CF10A1387040063CC340332
:104B400023280100E39006F86FF01FF813090F0007
:104B500013079000E364F76C93870703A307F10A38
:104B6000130F090093041000930CF10A138704003B
:104B7000E3D834FD13870900232801006FF09FFC60
:104B80008327810083AB0700938747002324F1002C
:104B9000E3D80BD0B30B70411369490093840D0027
:104BA0006FF0DFAC03CD0D009307A002938D1D00C5
:104BB0006314FD006F10807D93070DFD9305900039
:104BC000130700001306900093090000E3E4F5AA20
:104BD00003CD0D0093192700B389E90093991900BB
:104BE0003387F90093070DFD938D1D00E372F6FEE8
:104BF00093090700E35007A89309F0FF6FF09FA700
:104C0000832781001369090103A7070093874700E1
:104C10002324F10093070700E35607EEB307E040B3
:104C20009306D002130710006F00000A13690908E9
:104C300093840D006FF09FA31369090493840D0002
:104C40006FF0DFA203278100A30F0104930410007B
:104C500083270700130747002324E1002304F108FA
:104C600013071000930C81086FF05FA79307B00241
:104C7000A30FF10493840D006FF05F9F1369190077
:104C800093840D006FF09F9E8347F105E39A07C060
:104C900093070002A30FF10493840D006FF01F9D92
:104CA0001369890093840D006FF05F9C03278100D6
:104CB0001369090183270700130747002324E10034
:104CC0001307100093060000A30FD10463C8090066
:104CD000137FF9F7E38207E413090F0013061000AE
:104CE000E308C7E6130620006306C706930C0B0013
:104CF00013F7770013070703A38FECFE93D7370052
:104D000013860C00938CFCFFE39407FE9377190045
:104D100063840706930700036300F7061306E6FFA4
:104D2000A38FFCFEB304CB40130F0900930C0600C5
:104D30006FF0DFE3930710006314F7006F10C03FBC
:104D40009307200013090F006304F7006F10002180
:104D50009307000003268102930C0B0013F7F70062
:104D60003307E6000347070093D74700938CFCFF07
:104D70002380EC00E39407FEB3049B41130F09006A
:104D80006FF0DFDE03278100136909018327070025
:104D9000130747002324E100130700006FF09FF280
:104DA000832681001377090183A7060093864600B6
:104DB0002324D100E31607F013770904E30207F078
:104DC0009397070193D70701130710006FF09FEF28
:104DD00083278100A30F010483AC070013884700D9
:104DE000E3800C322324010163D409006F104007D3
:104DF000138609009305000013850C00EF30003F77
:104E000003288100631405006F10803AB3049541B4
:104E10008346F10513C7F4FF1357F741232401011B
:104E20002328010033F7E400130F09009309000061
:104E3000E39A06C86FF05FC98326810037870000B8
:104E4000130707832310E106138746002324E1009C
:104E500037070280130747372324E10283A70600A0
:104E60001369290013072000130D80076FF09FE5D9
:104E7000832681001377090183A7060093864600E5
:104E80002324D100E31A07F013770904E30607F09F
:104E90009397070193D70701130700006FF09FE274
:104EA00093770901E38407148327810003274100D6
:104EB00083A7070023A0E70083278100938747008B
:104EC0002324F1006FF08FF29307500663DAA735C1
:104ED000832681018327C101130600001385060084
:104EE0009385070093060000232AE1022326E103AD
:104EF000EF80005A032FC1020327410363160566A2
:104F000083270108B7060280938606392320D40040
:104F10001309190093061000938717002322D40069
:104F2000232221092320F108930670001304840032
:104F3000E3C0F64C8327410683264101E3D8D70816
:104F4000832741028326010213048400232CF4FEEC
:104F5000832701083309D900232ED4FE9387170035
:104F6000232221092320F10893067000E3CCF60EDA
:104F7000832741019384F7FFE35A9082930600014F
:104F80008327010863C496006F10003DB7060280B6
:104F9000938686502326E102032D010013070400A7
:104FA0009309000113840400930C70002328E1018D
:104FB000938406006F00C000130404FFE3D6894AFF
:104FC0001309090193871700232097002322370133
:104FD000232221092320F10813078700E3DEFCFCCC
:104FE0001306C10793850A0013050D00EF10C06179
:104FF000E3140580032941088327010813070B00E8
:105000006FF09FFBB387EB406356F0F69306000109
:105010000326010863C4F6006F10C01DB7060280A6
:1050200093868650232A9102930509009308000174
:1050300013090700930F7000130704002326E103F0
:1050400013840700938406006F00C000130404FF5C
:1050500063DA880493850501130616002320970060
:10506000232217012322B1082320C1081307870038
:10507000E3DECFFC032501001306C10793850A0078
:10508000EF108058631A05F693080001130404FF1B
:10509000832541080326010813070B00930F7000B6
:1050A000E3CA88FA93860400032FC10283244103D4
:1050B0009307040013040700130709001389050070
:1050C0003309F900130616002322F4002320D4002C
:1050D000232221092320C1089307700013048400B0
:1050E00063DAC7E8032501001306C10793850A00A8
:1050F000232AE1022326E103EF100051631E05EE8F
:105100000329410803274103032FC10213040B00A5
:105110006FF04FE6B706028083270108938686501A
:10512000635A3A09930609009308700013090700AF
:105130002326E103130704001384090093090C00DC
:105140006F00C000130404FF63588A0493860601AD
:105150009387170023208701232247012322D108A8
:105160002320F10813078700E3DEF8FC0325010084
:105170001306C10793850A00EF100049631E05E678
:10518000130404FF832641088327010813070B003B
:1051900093087000E34C8AFA032FC10213860900BA
:1051A000930904001304070013070900138906007C
:1051B0009306060033093901938717002320D40092
:1051C00023223401232221092320F10893067000B1
:1051D0001304840063D4F6DA032501001306C10723
:1051E00093850A00232AE1022326E103EF10C04140
:1051F000631405E00329410803274103032FC1027B
:1052000013040B006FF08FD7032501001306C107AD
:1052100093850A00EF10403F630005DC6FF0CFDD9F
:105220008324010883264101930710002320940161
:1052300013091900938414009309840063DAD74A90
:10524000930710002322F400232221092320910830
:105250009307700063CC9774832701028326410271
:10526000938414003309F90023A2F90023A0D90084
:105270002322210923209108930770009389890034
:1052800063C297768327C10183268101130600003C
:1052900093850700832741011385060093060000CC
:1052A0002326E1022328E1011384F7FFEF80401E4B
:1052B000032F01010327C10263040548938C1C00DE
:1052C000938414003309890023A0990123A2890043
:1052D00023222109232091089307700093898900D4
:1052E000E3C29714832601039307C1069384140035
:1052F0003389260123A0F90023A2D9002322210902
:1053000023209108930770001384890063D097CA03
:10531000032501001306C10793850A002326E10235
:105320002328E101EF10402E631805CC0329410822
:105330000327C102032F010113040B006FF00FC7F5
:105340009306000103260108E3D6F668B70602803B
:105350009386864F232E910293050900930800013E
:105360001309070093037000130704002326F103B9
:10537000232A5102232CE10313840700938406009F
:105380006F00C000130404FF63DA880493850501ED
:105390001306160023209700232217012322B108A9
:1053A0002320C10813078700E3DEC3FC03250100A7
:1053B0001306C10793850A00EF100025631E05C27E
:1053C00093080001130404FF832541080326010804
:1053D00013070B0093037000E3CA88FA9386040056
:1053E000832FC10283224103032F81038324C1033E
:1053F000930704001304070013070900138905002D
:105400003309F900130616002322F4002320D400E8
:10541000232221092320C10893077000130484006C
:1054200063D0C7AE032501001306C10793850A00A8
:10543000232EE102232CE103232A51022326F10328
:10544000EF10801C631A05BA032941080327C10322
:10545000032F810383224103832FC10213040B0016
:105460006FF00FAA032501001306C10793850A00F8
:10547000232CE102232AE10323265102EF10C01856
:10548000631C05B60329410803278103032F410349
:105490008322C10213040B006FF04FAD930600018D
:1054A00083270108E3D29654B70602809386864F7D
:1054B000138D040093090001930C70002328E10070
:1054C000938406006F00C000130D0DFF63D6A9057D
:1054D0001309090193871700232094002322340124
:1054E000232221092320F10813048400E3DEFCFCBD
:1054F000032501001306C10793850A00EF10C010B1
:10550000631C05AE130D0DFF032941088327010815
:1055100013040B00E3CEA9FB0327010193860400CB
:1055200093040D0033099900938717002320D400BA
:1055300023229400232221092320F10893067000DE
:1055400063DEF6A6032501001306C10793850A0052
:105550002328E100EF10400B631005AA032941083E
:10556000032701016FF08FA5032641066354C0BADB
:1055700083274101832601019389070063C8F62C24
:10558000635630038327010833093901232094012E
:105590009387170023223401232221092320F108B5
:1055A0009306700013048400E3CEF61A93C7F9FF44
:1055B00093D7F741B3F9F90083270101B389374144
:1055C00063403037832641068327410163D6F6289E
:1055D000832741020326010213048400232CF4FED6
:1055E000832701083309C900232EC4FE93871700BF
:1055F000232221092320F10813067000E342F6302C
:105600008327410103260101B386D740B389C740F0
:1056100063D4360193890600635A3003832701015E
:105620000326010833093901B38CFC001306160068
:105630002320940123223401232221092320C1089D
:105640009307700013048400E3C0C73213C6F9FF48
:105650001356F641B3F7C900B384F64063589094EB
:105660009306000183270108E3D8964EB70602800F
:10567000938686502326E102032D010013070400C0
:105680009309000113840400930C70002328E101A6
:10569000938406006F00C000130404FF63D6895C86
:1056A000130909019387170023209700232237014C
:1056B000232221092320F10813078700E3DEFCFCE5
:1056C0001306C10793850A0013050D00EF00D07380
:1056D00063140592032941088327010813070B006F
:1056E0006FF09FFB93040000930C0B006FF00FC84A
:1056F00093761F00E39606B42322F40023222109A7
:105700002320910893077000E3DE97BC0325010076
:105710001306C10793850A002326E1022328E1012D
:10572000EF00906E631A058C032941088324010859
:105730000327C102032F010193090B006FF09FBAE9
:105740008326410193071000E3DED7B893071001C9
:10575000E3DED73EB7060280938686509387090022
:10576000930C000193090700130D70001307090043
:105770002328E101138906006F00C000130404FF11
:1057800063DA8C70130707019384140023A02701A8
:1057900023A297012322E108232091089387870001
:1057A000E35E9DFC032501001306C10793850A00F3
:1057B000EF009065630405006FF00F840327410834
:1057C0008324010893070B006FF05FFB93771F00A2
:1057D000639407006FE09FFD6FF08FF613170701CA
:1057E00013570741930707006FF00FC3937F090416
:1057F000638C0FEA832781000327410083A70700FA
:105800002390E7006FF04FEB03278100130501049D
:10581000832707009304470003A707002320E10420
:1058200003A747002322E10403A787002324E10400
:1058300083A7C7002326F104EF900012232CA100B8
:10584000232EB100232491006FF00F9D9389060051
:10585000E34A30D36FF09FD593771F00E38207DAD6
:105860006FF01FD7032501001306C10793850A00B7
:105870002326E1022328E101EF001059630405000B
:105880006FE09FF7032941080327C102032F01019D
:1058900013040B006FF0CFEDB70702809387073634
:1058A0002324F102832681001377090183A70600D0
:1058B000938646002324D100631A07001377090456
:1058C000630607009397070193D7070193761900A2
:1058D00013072000638806BE638607BE9306000395
:1058E0002300D106A300A107136929006FF08FBD23
:1058F000B7070280938747372324F1026FF09FFA9E
:10590000930760009384090063E83769B70C02804D
:105910001387040023240101938C8C386FE01FDC73
:105920009306000183270108E3DC3625B7060280D1
:105930009305070093868650130704001306090099
:1059400013840900130D0001930470002326E10362
:1059500013890600938905006F00C000130404FF3B
:10596000635A8D56130606019387170023202701DB
:105970002322A7012322C1082320F108130787004F
:10598000E3DEF4FC032501001306C10793850A003A
:10599000EF009047630405006FE01FE6032641080F
:1059A0008327010813070B006FF05FFB032501003D
:1059B0001306C10793850A002326E1022328E1018B
:1059C000EF009044630405006FE01FE303294108E2
:1059D000832401080327C102032F010193090B004F
:1059E0006FF09F87032501001306C10793850A0006
:1059F0002326E1022328E101EF00104163040500A2
:105A00006FE09FDF03294108832401080327C102B7
:105A1000032F010193090B006FF0DF86930C0B003D
:105A20001306A0001305900033F7C702938CFCFF08
:105A300093850700130707032380EC00B3D7C70241
:105A4000E364B5FEB3049B41130F09006FF00F929E
:105A5000032501001306C10793850A002326E102EE
:105A60002328E101EF00503A630405006FE0DFD81E
:105A700003264106032941080327C102032F010120
:105A800013040B006FE09FEC032881018327C10101
:105A90001306080013050800938607009385070086
:105AA000EF805046E31205021377FDFD9307F0FFE8
:105AB0002326E102136F09106388F96E93077004BF
:105AC0006302F7688327C1019302000093840700F3
:105AD00063C0074E930760061387090093063000E2
:105AE0006310FD4E032681011308810693074106CA
:105AF00013050600930505000325010093084107DF
:105B000013860400232A5102232AE1012328E100FD
:105B1000EF20D0580327010193076006032F4101AE
:105B200083224103930C05003308E500631CFD004C
:105B300083C60C00930700036380F6568327410653
:105B40003308F800832781019385040013060000C1
:105B50001385070093060000232A5102232A01011E
:105B60002328E101EF70D012032F01010328410126
:105B700083224103630605428327410763FE070131
:105B80009306000313871700232AE1062380D7001A
:105B900083274107E3E807FF032741062328E100A5
:105BA000B3879741232AF1008327C10213077004AA
:105BB0006384E714930760066312FD18032701014D
:105BC00093771900B3E737016356E07E639C077251
:105BD00083240101130D60061387040063880250BB
:105BE0009307D002A30FF104930900006FE09FED2B
:105BF000032501001306C10793850A002326E1024D
:105C00002328E101EF005020630405006FE0DFBEB0
:105C1000032941080327C102032F010113040B00CC
:105C20006FF04FB1032501001306C10793850A00E9
:105C30002326E1022328E101EF00101D6304050083
:105C40006FE09FBB0329410883240108032F010152
:105C50000327C10293090B006FF0CFE813850B00F7
:105C6000EFD00F876FE09F8C93860400032F010114
:105C700093040400130407000327C10233099900A9
:105C8000938717002320D4006FE0DFB063CC076850
:105C90008324C101930200009309100003278101AE
:105CA0009307410693084107130507009305050074
:105CB00003250100130881061387090093062000BD
:105CC00013860400232A51002328E101EF20103D10
:105CD00093771900032F010183224101930C0500E2
:105CE00063900750832741062328F100832741074B
:105CF000B387A740232AF100032701019307D0FFB0
:105D0000634CF70263CAE9028327410103270101BB
:105D1000634CF750937F19008327010163960F5C52
:105D200013C7F7FF1357F74133F7E70093840700D2
:105D3000130D70066FF09FEA130DEDFF03270101AD
:105D40002306A1079307B0029308F7FF2322110748
:105D500063CC0832A306F1069307900063C0172DA9
:105D60009387080313070003A307F1069307400076
:105D70002307E1062328F1020327410183260103BB
:105D800093071000B304D70063D2E74883270102CA
:105D900023280100B384F40013C7F4FF1357F7411D
:105DA00033F7E4006FF09FE383274102832601026B
:105DB00013048400232CF4FE83270108B3852601F5
:105DC000232ED4FE938717002322B1082320F10845
:105DD0009306700063C2F620634406006FE0DFBBE9
:105DE000930600FFB304C0406356D660B706028036
:105DF000938686502328E1009309000113070400CD
:105E000013097000130D0F00138406006F00C0000B
:105E1000938404FF63D49944938505019387170005
:105E200023208700232237012322B1082320F108F1
:105E300013078700E35EF9FC032501001306C10781
:105E400093850A00EF00407C630405006FE0DF9A51
:105E5000832541088327010813070B006FF05FFBC0
:105E600013850C00EFD01F828346F1051347F5FF21
:105E70001357F74123280100930405003377E50009
:105E8000130F090093090000638406006FE09FC3AD
:105E90006FE09FC3032F0101930609001309070058
:105EA000138709009389070033098900938414003C
:105EB00023A0D9006FF08FC1B70C0280938C4C35B2
:105EC0006FE0DFBE9307D002A30FF1049306D00268
:105ED0006FE09FBC032FC102938509009306090060
:105EE0009309040013090600130407001387050033
:105EF00033093901938717002320D400232234016A
:105F0000232221092320F108930670001304840042
:105F100063DAF6EA032501001306C10793850A0038
:105F2000232AE1022326E103EF00006E630405004B
:105F30006FE09F8C0329410803274103032FC1020F
:105F400013040B006FF00FE81306C10793850A00D6
:105F500013850B00EF00406B6FE01F8A9307000072
:105F60006FE0DFD8032501001306C10793850A00FF
:105F7000232AE1022326E103EF0000696304050000
:105F80006FE09F870329410803274103032FC102C4
:105F900013040B006FF08FE1930460006FF01F9704
:105FA000832741062328F100930708006FF05FBFA5
:105FB000B7040080B3C4F4009302D0026FF09FB125
:105FC0000327C10293075004E31AF7CC1387190083
:105FD000930620006FF01FB1032501001306C107CF
:105FE00093850A002326E1022328E101EF00C06126
:105FF000630405006FE05F800326410683254108A6
:10600000832701080327C102032F010113040B009A
:10601000634406006FE05F986FF09FDC1305B107E3
:10602000930605001306A0001308300633E7C802E4
:1060300093870600938508009386F6FF13070703EE
:10604000A38FE7FEB3C8C802E342B8FE93880803F3
:106050001387E7FFA38F16FF6378A7389306E1063F
:10606000034607001307170093861600A38FC6FE8A
:10607000E318A7FE1307010FB307F7409387F7F85C
:106080002328F1026FF05FCF93071000B388E74039
:106090009307D0026FF01FCC832681019385040003
:1060A000130600001385060093060000232C5102FE
:1060B000232A0103232AE1002328E101EF70403D58
:1060C000032F010103274101032841038322810398
:1060D00063140526832741063308F8002328F100BE
:1060E000B3079841232AF1006FF05FAD8346F105B5
:1060F00093090000638406006FE0DF9C6FE0DF9C83
:10610000032501001306C10793850A00232AE10233
:106110002326E103EF00404F630405006FE0CFED5D
:10612000832641060329410803274103032FC102A7
:1061300013040B006FF0CFCC13090F00930700007E
:106140006FE09FA18327C101E38209B49384070014
:1061500093020000E3D407B4B7040080B3C4F40092
:106160009302D0026FF09FB3032501001306C1070D
:1061700093850A002326E1022328E101EF00C048AD
:10618000630405006FE04FE7832641068327410142
:10619000032941080327C102032F010113040B0047
:1061A000B386D7406FF08FCA930960006FF09F915C
:1061B0008346F10523280100138709009384090011
:1061C000130F090093090000638406006FE09F8F9E
:1061D0006FE09F8FB70602809386864F6FF04FA2C5
:1061E000330835016FF01F96B70602809386864FFD
:1061F0006FF04FB3B7060280938686506FE05FEC76
:106200009307F0FF2322F1006FE04FE2937719002C
:106210002328F100E39C07B613C7F4FF1357F74197
:1062200033F7E4006FF09F9B8327410103270102AE
:10623000B384E700832701016348F000832701014D
:106240003388F4409304180013C7F4FF1357F74141
:1062500033F7E400130D70066FF05F9893060400A7
:106260001304070003270101130F0D00B3859500E8
:10627000938717002320D400232294002322B108FF
:106280002320F1089306700063C4F6006FE08FF0DE
:10629000032501001306C10793850A002326E102A6
:1062A0002328E101EF004036630405006FE0CFD4FE
:1062B00083254108832701080327C102032F010119
:1062C00013040B006FE04FED8327C10163C2070A7F
:1062D0008346F1059307700463C6A709B70C0280D3
:1062E000938C8C356FE08FFC03270102130D700631
:1062F000B384E70013C7F4FF1357F74133F7E40003
:106300006FF0DF8D832701023388E900130D6006EB
:10631000B304F80013C7F4FF1357F74133F7E40051
:106320006FF0DF8BB7040080B3C4F4009302D00297
:10633000930910006FF09F9693071000B387E74012
:106340002322F1063308F8006FF0CFFFB706028072
:10635000938686506FF05FB5B706028093868650AD
:106360006FF0DF91B70C0280938CCC356FE00FF4A7
:106370009307D002A30FF1049306D0026FF09FF5AC
:10638000B7060280938686506FF09FB68327810000
:1063900083A907009387470063C809002324F100FD
:1063A00093840D006FE08FAC9309F0FF2324F1007C
:1063B0006FF01FFF639A070013071000130D6006AC
:1063C000930410006FF09F8183270102130D600674
:1063D00013881700B304380113C7F4FF1357F741AC
:1063E00033F7E4006FF08FFF930720002328F102BA
:1063F0006FF09F98B7060280938686506FF01FE774
:106400009307050003A501C7930606001386050040
:10641000938507006FE0CF8C130101B88397C50007
:1064200003D7E500232C814613840500B70501003E
:106430009385D5FF032E44060323C4018328440219
:1064400013170701B3F7B700B3E7E70013080040DD
:10645000232AF1009305810093070107232A91461F
:1064600023282147232E1146130905002326C1079F
:1064700023226102232611032324F100232CF1009F
:1064800023280101232E010123200102EFE04F8583
:1064900093040500635C05028357410193F70704E9
:1064A000638807008357C40093E707042316F400AA
:1064B0008320C14703248147032901471385040032
:1064C0008324414713010148678000009305810040
:1064D00013050900EF108044E30005FC9304F0FF6E
:1064E0006FF09FFB83A74506130101FD232861017F
:1064F0002326110213972701130B06006358070E7A
:106500008327860023202103232E3101232A5101D2
:106510002326710113890500832B060093090500CA
:10652000930AF0FF6388070A232481022322910241
:10653000232C41012324810103AC4B0003A40B0055
:10654000135A2C0063060A06930400006F00C00073
:1065500013044400630C9A04832504001306090005
:1065600013850900EF10103E93841400E31255FFC9
:106570000324810283244102032901028329C101EA
:10658000032A8101832A4101832BC100032C81004E
:106590001305F0FF8320C10223240B0023220B00EC
:1065A000032B0101130101036780000083278B0087
:1065B000137CCCFFB38787412324FB00938B8B0094
:1065C000E39C07F60324810283244102032A81010C
:1065D000032C8100032901028329C101832A41017F
:1065E000832BC100130500006FF0DFFAEF1040416C
:1065F0008320C10223240B0023220B00032B010163
:10660000130101036780000003278600630407006D
:106610006FF05FED23220600130500006780000085
:10662000130101F22326310D232C810B2326B10BFC
:10663000232E110C2320A10093890500930D060041
:10664000138C06006306050083274503E38E075875
:106650008397C900139727016346070203A74906DA
:1066600037260000B7E6FFFFB3E7C7009386F6FFC3
:106670009397070193D707413377D7002396F90003
:1066800023A2E90613F787006308071203A709018D
:106690006304071293F7A7011307A000638EE712A4
:1066A000B70702802328210D232E710B1309010641
:1066B00093878751B70B0280232C810C232A910CDE
:1066C0002324410D2322510D2320610D232A910BF8
:1066D0002328A10B23262103232A010223280102B8
:1066E0001307090023260100232201002328F100BB
:1066F00013040001938BCB6883C70D0063860710DA
:1067000093840D00930650026386D72E83C714002E
:1067100093841400E39A07FE338AB4416386B40F6E
:1067200083264103832701032320B701B306DA0040
:106730009387170023224701232AD1022328F1023D
:1067400013067000130787006350F602E382062EDB
:10675000032501001306C10293850900EFF09FD8BD
:106760006318050A130709008326410083C7040044
:10677000B38646012322D10063880708938714005B
:10678000A30301029306F0FF93040000930C0000A2
:106790001305800503C60700938D1700930706FEB7
:1067A0006368F50E8325010193972700B387B7002F
:1067B00083A7070067800700032501009385090070
:1067C000EF100075E31E054C8397C9001307A00066
:1067D00093F7A701E396E7EC8397E900E3C207ECA0
:1067E000032501008320C10D93060C0013860D00C4
:1067F000032C810B832DC10A938509008329C10CC9
:106800001301010E6F00D04E83274103E39C074222
:1068100083D7C9000324810D8324410D93F7070416
:106820000329010D032A810C832A410C032B010C3F
:10683000832BC10B832C410B032D010BE3920746E5
:106840008320C10D032541008329C10C032C810B3A
:10685000832DC10A1301010E67800000930400001C
:10686000930706FD1308900003C60D0093952400BE
:10687000B385950093951500B384B700930706FD83
:10688000938D1D00E372F8FE930706FEE37CF5F09E
:10689000E30C06F6230CC102A3030102130A100045
:1068A000130B1000930A810393060000130F0000DE
:1068B0000326010393FF4C08832741039305160029
:1068C000138E050063960F00338D4441E340A0030F
:1068D00083457102638A05021306710293871700CC
:1068E0002320C700130610002322C700232AF10229
:1068F0002328C103130670006342C67913060E00F5
:1069000013078700130E1E0063000F061306810293
:10691000938727002320C700130620002322C700E7
:10692000232AF1022328C103130670006358C67B93
:10693000E3860710032501001306C10293850900B1
:10694000232AD1002324F101EFF0DFB9E31205EC93
:10695000032601038327410383264101832F8100FE
:1069600013070900130E1600930500086382BF5435
:10697000338D66416348A063B307FB0023205701B2
:1069800023226701232AF1022328C1039306700002
:1069900063D4C65163880706032501001306C102AC
:1069A00093850900EFF01FB4E31405E68327410344
:1069B0001307090013F34C0063060300338B4441B3
:1069C000634E600563D4440193040A000327410029
:1069D000330797002322E100639E07662328010204
:1069E000130709006FF05FD193EC0C0193870D0042
:1069F0006FF05FDA338AB441E394B4D383C7040001
:106A00006FF09FD72328010213F34C006300037C2F
:106A1000338B4441635C607B1307090093060001DC
:106A200003260103E3D86625370E0280130ECE67D6
:106A3000130D0001930A70006F008001930526007A
:106A40001307870013860600130B0BFF635C6D05AD
:106A500093870701930616002320C7012322A7016D
:106A6000232AF1022328D102E3DADAFC638A0742FF
:106A7000032501001306C102938509002324C101E7
:106A8000EFF05FA6E31605D803260103130B0BFFF7
:106A900083274103032E8100130709009305160085
:106AA000E3486DFBB38767012320C70123226701F9
:106AB000232AF1022328B10213077000E354B7F030
:106AC00063860770032501001306C1029385090040
:106AD000EFF05FA1E31E05D2832741036FF09FEE25
:106AE00093F70C0103260C00130C4C00639A07105B
:106AF00093F50C0493070600E39205006340060437
:106B00000345710263C8060493FCFCF76314060492
:106B1000E39A0616130A0000130B0000930A0900FB
:106B200063040500130A1A0013FF2C00E3020FD8B8
:106B3000130A2A00130F20006FF09FD79307D0028B
:106B4000A303F102B307C04063C4060093FCFCF743
:106B50001305D002130690006364F674938707034D
:106B600093F7F70FA30FF104138A06006344D000D4
:106B7000130A1000130B1000930AF105E31405FA31
:106B80006FF09FFA83240C00130C4C00E3D004E652
:106B9000B304904093EC4C0093870D006FF09FBFBF
:106BA00003C60D009307A00293881D00E300F610B2
:106BB000930706FD930690009305000013089000CC
:106BC000E3E4F60A03C6080093962500B386B600F0
:106BD00093961600B385D700930706FD9388180097
:106BE000E372F8FE9386050063C00574938D080078
:106BF0006FF0DFBA03260C0093EC0C01130C4C0071
:106C0000930706006FF09FEF93EC0C0893870D003D
:106C10006FF05FB89307B002A303F10293870D00F2
:106C20006FF05FB793EC1C0093870D006FF09FB679
:106C300083477102E39C07DA93070002A303F10282
:106C400093870D006FF01FB583270C00A30301028B
:106C5000130C4C00230CF102130A1000130B10004C
:106C6000930A81036FF05FC483270C0013EB0C01C0
:106C7000130C4C00A303010213061000930C0B002D
:106C800013050000E3C806EC937CFBF763920756FC
:106C900063920674631E065E137B1B0063020B6423
:106CA00093070003A30FF104130A0B00930AF105E5
:106CB0006FF09FE783270C0013EB0C01130C4C00C3
:106CC000A303010213060000930C0B00E3DE06FA97
:106CD000930A090013F6770013060603A38FCAFE72
:106CE00093D7370093850A00938AFAFFE39407FE4F
:106CF00093F71C00638A0716930700036306F616D2
:106D00009385E5FFA38FFAFE330BB940138A060083
:106D100063C66661938A05006FF01FE113F60C01EC
:106D200083270C00130C4C00631A060013F60C04A6
:106D3000630606009397070193D70701138B0C0096
:106D40006FF01FF893F70C016390070213F30C0424
:106D5000630C030083270C0083264100130C4C00B6
:106D60002390D7006FF05F9983270C0083264100A2
:106D7000130C4C0023A0D7006FF01F9893EC0C0469
:106D800093870D006FF01FA113F60C0183270C00F1
:106D9000130C4C00631A060013F60C04630606007D
:106DA0009397070193D70701138B0C006FF09FECAB
:106DB000832A0C00A3030102130C4C00638A0A62AD
:106DC00063CA0656138606009305000013850A0061
:106DD000232AE1002324D100EF10404183268100C3
:106DE00003274101138B060063040500330B554153
:106DF00083477102134AFBFF135AFA41337A4B015E
:106E000093060000130F0000E39E07D06FF05FAA07
:106E100037860000130606832314C102370602805A
:106E20001306463783270C0093EC2C00130C4C0000
:106E30002326C100A3030102138B0C0013062000BC
:106E4000E3D406E4930A09008325C10013F6F70092
:106E5000938AFAFF3386C5000346060093D747009E
:106E60002380CA00E39207FE330B5941138A0600C0
:106E7000E3DC66CB130A0B006FF01FCB1307100087
:106E80002328E10293070B002320510723226107E7
:106E9000232A610313070900130787006FF09FB1CE
:106EA0009305100013060000130709006FF0DFB907
:106EB000338D4441E35EA0AB9305000163D8A55D2B
:106EC000B70502809385C5682324B100130E000125
:106ED000130F70006F008001130526001307870051
:106EE00013860500130D0DFF6352AE0703258100C5
:106EF00093870701930516002320A7002322C701CB
:106F0000232AF1022328B102E358BFFC638007164D
:106F1000032501001306C10293850900232AD1002D
:106F2000EFF04FDCE316058E03260103130E00017C
:106F3000130D0DFF83274103832641011307090029
:106F400013051600130F7000E342AEFB0326810009
:106F5000B387A7012322A7012320C700232AF10218
:106F60002328A102130670006352A6386388074ADB
:106F7000032501001306C102938509002324D100D3
:106F8000EFF04FD6E3160588832681000326010320
:106F900083274103338D664113070900130E160042
:106FA000E35CA09D6354A44723247101930E7000F9
:106FB0006F008001130E260013078700138605005B
:106FC000130D0DFF635AA40593870701930516005F
:106FD0002320770123228700232AF1022328B102EC
:106FE000E3DABEFC63800706032501001306C10235
:106FF00093850900EFF00FCFE31C05800326010302
:10700000130D0DFF8327410313070900130E16000C
:10701000930E7000E34AA4FB83268100B387A70187
:107020002322A7012320D700232AF1022328C1030A
:107030009306700063C8C61D13078700130E1E0059
:107040006FF09F93130E1000130600001307090042
:107050006FF01FF7032501001306C1029385090095
:10706000EFF04FC8E30C05966FF08FFA1305100090
:1070700013060000130709006FF0DFE663820704C0
:10708000032501001306C10293850900232CD100BA
:10709000232AF1012324E101EFF0CFC4631A05F69E
:1070A000032601038327410383268101832F4101A6
:1070B000032F810013070900130E16006FF0DF8401
:1070C00063060F24930781022320F1069307200013
:1070D0002322F106130E10001307090013060E00F9
:1070E00013078700130E1E006FF01F8813050001A1
:1070F0006354A537370E0280130ECE67930E00013E
:10710000930270006F00C00113052600130787006B
:1071100013860500130D0DFF63DCAE079305160003
:10712000938707012320C7012322D701232AF102D5
:107130002328B102E3DAB2FC6382070803250100C9
:107140001306C10293850900232EC101232CD1000F
:10715000232AF1012324E101EFF0CFB8631A05EAF5
:1071600003260103930E0001130D0DFF8327410336
:10717000032EC10183268101832F4101032F81004A
:10718000130709001305160093027000E3C8AEF957
:10719000B387A7012320C7012322A701232AF102D5
:1071A0002328A102130670006342A60A1307870072
:1071B000130E1500130605006FF08FF11306000083
:1071C00013051000130709006FF0DFF463D44401C6
:1071D00093040A0083274100B38797002322F1001C
:1071E0006FF0CFFF13F3FCF7936C2300130620001E
:1071F00093051000630EB62C93052000E31AB6AC7D
:107200006FF05FC4E38C07C6032501001306C102BB
:1072100093850900EFF00FAD631C05DE032E01031B
:107220008327410313070900130E1E006FF0CFF4EC
:1072300023280102130709006FF00FD3130E10006B
:1072400013060000130709006FF00FF263820716A0
:10725000032501001306C10293850900232CD100E8
:10726000232AF1012324E101EFF0CFA7631205DA0D
:10727000032601038327410383268101832F4101D4
:10728000032F810013070900130E16006FF04FE45F
:10729000130A0000130B0000930A09006FF0DF8847
:1072A000930A09009305A000930E900033F6B702ED
:1072B000938AFAFF138E0700130606032380CA0081
:1072C000B3D7B702E3E4CEFF330B5941138A06006C
:1072D000E3D86685130A0B00E31605846FF0DF849C
:1072E000130A0000930A09006FF01F841307870038
:1072F000130E1500130605006FF08FE71316060135
:1073000013560641930706006FF04FFF1306000067
:10731000130E1000130709006FF00FE5130A0B009E
:10732000938A05006FF05F809306F0FF938D08004D
:107330006FF0CFC613850A002324E100EFC08FB49D
:1073400003278100130B05006FF09FAAB707028087
:10735000938707362326F10093F50C0183270C0051
:10736000130C4C00639A050093F50C04638605002A
:107370009397070193D7070193F51C00E38C05AAA7
:10738000E38A07AA930500032304B102A304C10200
:10739000A3030102E3D806E493EC2C006FF09FAA4C
:1073A000B7070280938747372326F1006FF0DFFA93
:1073B0000347710263000708930771022320F10657
:1073C000930710002322F106130E10001307090083
:1073D0006FF0CFD293051000E310B6E21305000062
:1073E000930700036FF00FF8EFB09F8E6FF04FA67A
:1073F00093076000138B060063EAD7023708028008
:10740000130A0B00930A88386FF00FCAB706028080
:107410009386C6682324D1006FF01FC0130E10009E
:1074200013060000130709006FF08FD4130B6000E0
:107430006FF0DFFC13060000130E100013070900A5
:107440006FF08FCC032501001306C102938509005C
:10745000EFF04F896FF0CFBB370E02801385050028
:10746000130ECE676FF0DFD2938D080093060000F5
:107470006FF0CFB2370E028093051600130ECE6761
:107480006FF04FE2930700036FF0CFED37060280F5
:107490001306C66813050E002324C1006FF01FAB4E
:1074A0009307F0FF2322F1006FF08FB983260C00C1
:1074B000130C4C0063C80600938D080093870D00E1
:1074C0006FF04FAD9306F0FF938D08006FF01FFF34
:1074D000130500006FF00FE89307050003A501C72F
:1074E0009306060013860500938507006FF04F93FF
:1074F000130101B88397C50003D7E500232C81460B
:1075000013840500B70501009385D5FF032E4406BB
:107510000323C4018328440213170701B3F7B700FC
:10752000B3E7E70013080040232AF1009305810028
:1075300093070107232A914623282147232E11462A
:10754000130905002326C107232261022326110304
:107550002324F100232CF10023280101232E010113
:1075600023200102EFF0CF8B93040500635C05023A
:107570008357410193F70704638807008357C400CA
:1075800093E707042316F4008320C14703248147AF
:10759000032901471385040083244147130101484F
:1075A000678000009305810013050900EF00003794
:1075B000E30005FC9304F0FF6FF09FFB130101FF54
:1075C0002326110023202101638805022324810042
:1075D000232291001384050093040500630605002F
:1075E00083274503638C070C8317C400639207024B
:1075F00003248100832441008320C100130900007B
:10760000130509000329010013010101678000002F
:107610009305040013850400EF00800B8327C40248
:1076200013090500638A07008325C401138504003C
:10763000E7800700634405068357C40093F70708F3
:107640006396070683250403638C050093070404EF
:107650006386F50013850400EFC04FBC23280402A5
:10766000832544046388050013850400EFC00FBB25
:1076700023220404EFB00FE823160400EFB0CFE795
:107680008320C100032481008324410013050900E5
:107690000329010013010101678000008357C40022
:1076A0001309F0FF93F70708E38E07F88325040119
:1076B00013850400EFC08FB66FF0DFF8EFB04FE135
:1076C0006FF09FF29305050003A501C76FF01FEF50
:1076D0000397C500130101FE232C810023263101ED
:1076E000232E11009377870013840500930905006A
:1076F00063900712B71700009387078083A64500A1
:10770000B367F7002396F5006352D018032884026C
:107710006304080E232A91009316370183A40900FD
:1077200023A009008325C40163CE061613060000BA
:107730009306100013850900E70008009307F0FF87
:10774000130605006304F51A8317C4000328840296
:107750008325C40193F74700638E07000327440085
:10776000832704033306E640638607008327C403A8
:107770003306F6409306000013850900E700080071
:107780009307F0FF6314F51283A609009307D00155
:107790000317C40063EAD716B70740209387170082
:1077A000B3D7D70093F717006380071603260401A9
:1077B000B7F7FFFF9387F77FB377F7002316F4003F
:1077C000232204002320C4009317370163D4070049
:1077D000638206108325040323A0990063840510A7
:1077E000930704046386F50013850900EFC00FA317
:1077F0008324410123280402130500008320C101D2
:10780000032481018329C100130101026780000064
:107810002328210103A9050163020908232A9100F5
:1078200083A405001377370023A02501B3842441E6
:10783000930700006314070083A745012324F40085
:10784000634890006F0040053309A9006356900417
:10785000832744028325C40193860400130609008C
:1078600013850900E7800700B384A440E34EA0FC21
:107870000317C4000329010113670704832441018E
:107880002316E4001305F0FF6FF05FF783A6C5032E
:10789000E34ED0E66FF05FF6832441010329010136
:1078A0006FF09FF5032604056FF0DFEA0317C400AD
:1078B00083260401B7F7FFFF9387F77FB377F700BD
:1078C0002316F400232204002320D4009317370149
:1078D000E3D207F0832504032328A40423A09900FE
:1078E000E39005F0832441016FF01FF183A70900A5
:1078F000E38C07E41307D001638CE70013076001F2
:107900006388E7000317C400136707046FF01FF7CD
:1079100023A09900832441016FF01FEE130101FEA3
:10792000232C8100232E110013040500630605009B
:1079300083274503638A07028397C500639C07007A
:107940008320C101032481011305000013010102FA
:107950006780000013050400032481018320C10116
:10796000130101026FF0DFD62326B100EFB04FB64E
:107970008325C1006FF05FFC6300050693050500D9
:1079800003A501C76306050083274503638C070031
:107990008397C50063960700130500006780000009
:1079A0006FF01FD3130101FE2326B1002324A10091
:1079B000232E1100EFB0CFB18325C1000325810034
:1079C0008397C500639807028320C1011305000057
:1079D000130101026780000037160280B78500801E
:1079E00037150280130646CA9385C591130505CB4A
:1079F0006FB0CFB38320C101130101026FF05FCDDF
:107A0000832786006384072C8396C500130101FD3C
:107A100023248102232C4101232861012326110202
:107A200093F78600130B0600130A05001384050064
:107A3000638E070883A70501638A07082322910242
:107A400023202103232E3101232A510193F72600FD
:107A500083240B006384070A832744028325C4011F
:107A6000B70A00809309000013090000938A0AC036
:107A70001386090013050A0063020904930609002E
:107A800063F42A0193860A00E78007006350A0464A
:107A900083278B00B389A9003309A940B387A74086
:107AA0002324FB006386071A832744028325C4012D
:107AB0001386090013050A00E31209FC83A90400D8
:107AC00003A94400938484006FF09FFA9305040097
:107AD00013050A00EF00C043631C051C8316C40095
:107AE0002322910223202103232E3101232A510135
:107AF00093F7260083240B00E39007F623267101F9
:107B00002324810193F716006396071C8327040042
:107B100003278400B70A008023229101930B000001
:107B200093090000938AFAFF13850700130C0700DE
:107B30006382091013F6062063080628930C0700D9
:107B400063E6E93213F70648630A0708032644018F
:107B500083250401131716003307C7003389B74084
:107B6000135CF701330CEC0093071900135C1C4005
:107B7000B387370113060C006376FC00138C0700F3
:107B80001386070093F60640638E063093050600C1
:107B900013050A00EFC0CF98930C0500630C053461
:107BA0008325040113060900EFB09F938357C40097
:107BB00093F7F7B793E707082316F40033852C01F2
:107BC000B3072C4123289401232A84012320A400F5
:107BD000138C09002324F400938C090013860C00F5
:107BE00093850B00EF009004032784008327040093
:107BF0001389090033078741B38797012324E400E1
:107C00002320F4009309000083278B00B38B2B0102
:107C1000B38727412324FB006386070283270400E0
:107C2000032784008316C40013850700130C070084
:107C3000E39209F083AB040083A944009384840099
:107C40006FF09FEE832BC100032C8100832C410039
:107C50008320C102032481028324410203290102FB
:107C60008329C101832A4101032A8101032B0101D8
:107C70001305000013010103678000009305040051
:107C800013050A00EFF09FC9630E050A8317C400AD
:107C9000832BC100032C81008324410203290102AC
:107CA0008329C101832A410193E707042316F400C5
:107CB0008320C10203248102032A8101032B0101D5
:107CC0001305F0FF13010103678000001305000096
:107CD00067800000930A000013050000130C0000E9
:107CE0009309000063820908630A050893870A0064
:107CF000938B090063F43701938B0700032504007D
:107D000083270401032984008326440163F6A70026
:107D10003309D9006344790963C0DB168327440221
:107D20008325C40113060C0013050A00E780070031
:107D300013090500E35CA0F4B38A2A41130510007F
:107D4000E38E0AF283278B00330C2C01B38929417F
:107D5000B38727412324FB00E39607F8832BC10058
:107D6000032C81006FF0DFEE83A9440093870400A9
:107D700093848400E38A09FE03AC0700138609009C
:107D80009305A00013050C00EF004046630A05149C
:107D900013051500B30A85416FF05FF593050C00DC
:107DA00013060900EF008068832704009305040090
:107DB00013050A00B38727012320F400EFF01FB654
:107DC000E30C05F66FF09FEC8326040163E2F604F2
:107DD0000326440163EEC9029387090063F43A0164
:107DE00093870A00B3E6C702032744028325C40130
:107DF00013860B0013050A00B386D740E70007007F
:107E000013090500635AA004B38929416FF0DFDF2D
:107E10001309070063F4E9001389090013850700BB
:107E20001306090093850B00EF00406003278400D0
:107E30008327040033072741B38727012324E40065
:107E40002320F400E31207FC9305040013050A0045
:107E5000EFF0DFACE30A05FA8317C400832BC100FF
:107E6000032C8100832C41006FF01FE3138C090069
:107E7000938C09006FF09FD613860B0093050C00BE
:107E8000EF00C05A032784008327040013890B00E6
:107E900033077741B38777012324E4002320F400DC
:107EA0006FF09FE913050A00EF30C027930C05001F
:107EB000E31605D08325040113050A00EFB01FB6B1
:107EC0008317C4001307C000832BC100032C81005B
:107ED000832C41002320EA0093F7F7F76FF0DFDBF4
:107EE00093871900938A07006FF09FE08317C400FF
:107EF0006FF09FDA1307C0008317C400832BC10003
:107F0000032C8100832C41002320EA006FF0DFD88E
:107F100083A701C7130101FF2324810023229100BD
:107F200023261100930405001384050063860700CF
:107F300003A74703630C070E8317C40013F78700DA
:107F4000630A0706032704016306070893F6170070
:107F500063880602832644012324040013050000DD
:107F6000B306D040232CD400630A07028320C1004B
:107F70000324810083244100130101016780000074
:107F800093F62700130600006394060003264401BD
:107F90002324C40013050000E31A07FC13F70708A5
:107FA000E30607FC93E707042316F4001305F0FF2C
:107FB0006FF0DFFB13F707016300070813F74700B3
:107FC000631C07020327040193E787002316F400CC
:107FD000E31E07F693F6072813060020E388C6F68B
:107FE0009305040013850400EF30407E8317C4001E
:107FF000032704016FF09FF583250403638E0500BA
:10800000130704046388E50013850400EFB01FA183
:108010008317C400232804020327040193F7B7FD44
:10802000232204002320E4006FF01FFA13850700C9
:10803000EFA01FCA6FF05FF01307900023A0E400C9
:1080400093E707042316F4001305F0FF6FF01FF207
:10805000130101FE232C8100232A910023282101F2
:10806000232E110013090500938405001304060054
:10807000EF00002C93071000631CF5009387F4FFBA
:108080001307E00F6366F700230691006F004002BC
:108090009306C405138604009305C1001305090067
:1080A000EF30C0629307F0FF6304F508630C05022C
:1080B000832784008345C1009387F7FF2324F400BE
:1080C00063DA07000327840163CCE7029307A0006B
:1080D0006388F50283270400138717002320E40038
:1080E0002380B7008320C1010324810103290101FA
:1080F00013850400832441011301010267800000FD
:108100001306040013050900EF3050139307F0FF26
:10811000E31AF5FC1305F0FF8320C101032481015C
:10812000832441010329010113010102678000003A
:108130008357C4001305F0FF93E707042316F400E8
:108140006FF09FFD8317C600139727016340070256
:1081500003274606B7260000B3E7D700B72600007E
:108160003367D7002316F6002322E6066FF05FEE92
:10817000130101FE232C810003A401C7232E11004B
:108180001386050093050500630604008327440356
:10819000638007048317C600139727016340070213
:1081A00003274606B7260000B3E7D700B72600002E
:1081B0003367D7002316F6002322E60613050400D2
:1081C000032481018320C101130101026FF05FE8E4
:1081D0002324A100130504002326C100EFA05FAFF4
:1081E0000326C100832581006FF0DFFA9377350005
:1081F00093F6F50F638A07029307F6FF630E0602F4
:108200001306F0FF6F00800113051500137735008A
:10821000630E07009387F7FF6380C70203470500DB
:10822000E314D7FE678000009307060013073000B1
:108230006368F7006390070613050000678000007D
:1082400093F5F50F13978500B305B7001397050154
:10825000B708FFFE37888080B385E5009388F8EF84
:1082600013080808130330006F0000019387C7FF4D
:1082700013054500E370F3FC0327050033C7E50051
:10828000330617011347F7FF3377E600337707010B
:10829000E30E07FCB307F5006F00C00013051500DF
:1082A000E38CA7F803470500E31AD7FE67800000B8
:1082B000130101FF2326110023229100630E060201
:1082C000B70502809385056A130506002324810003
:1082D00013040600EF004026B70402806312050273
:1082E000032481001385C4698320C10083244100D5
:1082F0001301010167800000B70402806FF09FFE48
:108300009385C46913050400EF000023E30A05FC0C
:10831000B7F500809385C50913050400EF00C0215F
:10832000E30005FC03248100130500006FF0DFFB70
:1083300003C541BD67800000130101FF2326110022
:1083400023229100638E05022324810013840500FB
:10835000B70502809385056A13050400EF00C01D70
:10836000B704028063120502032481001385C469E7
:108370008320C100832441001301010167800000B4
:10838000B70402806FF09FFE9385C4691305040053
:10839000EF00801AE30A05FCB7F500809385C50954
:1083A00013050400EF004019E30005FC03248100DD
:1083B000130500006FF0DFFB1305050F6780000059
:1083C0001385C1B9678000001385C1B967800000BB
:1083D000130101FF232481002322910013040500CF
:1083E000138505002326110023A401C8EF800FA6E2
:1083F0009307F0FF630CF5008320C1000324810084
:1084000083244100130101016780000083A781C814
:10841000E38407FE8320C1002320F40003248100AD
:1084200083244100130101016780000063F6A50267
:108430003387C5006372E502B307C500630606040F
:108440008346F7FF9387F7FF1307F7FF2380D700D3
:10845000E318F5FE678000009307F00063E8C702A9
:10846000930705009306F6FF6302060C9386160039
:10847000B386D70003C705009387170093851500BF
:10848000A38FE7FEE398D7FE67800000B367B500CF
:1084900093F7370063960708930806FF93F808FFE1
:1084A00093880801B306150113870500930705009B
:1084B00003280700130707019387070123A807FF75
:1084C000032847FF23AA07FF032887FF23AC07FFE2
:1084D0000328C7FF23AE07FFE39CD7FC1378C60031
:1084E000B38515011377F600630408041308C7FF6A
:1084F0001378C8FF13084800B387060113870500E7
:1085000083280700938646001307470023AE16FF13
:10851000E398F6FE13763600B38505016FF09FF4FD
:108520009306F6FF930705006FF05FF46780000085
:10853000130607006FF01FF33367B5009303F0FFD6
:108540001377370063100710B7877F7F9387F7F79C
:108550000326050083A60500B372F6003363F60018
:10856000B382F200B3E26200639272106316D6081F
:108570000326450083A64500B372F6003363F60078
:10858000B382F200B3E26200639E720C6316D606F9
:108590000326850083A68500B372F6003363F600D8
:1085A000B382F200B3E262006398720C6316D604E1
:1085B0000326C50083A6C500B372F6003363F60038
:1085C000B382F200B3E262006392720C6316D602C9
:1085D0000326050183A60501B372F6003363F60096
:1085E000B382F200B3E26200639C720A1305450194
:1085F00093854501E30ED6F4131706019397060100
:10860000631EF7001357060193D706013305F740A1
:108610009375F50F639005026780000013570701FB
:1086200093D707013305F7409375F50F6394050061
:10863000678000001377F70F93F7F70F3305F740C4
:10864000678000000346050083C60500130515007A
:10865000938515006314D600E31606FE3305D64055
:10866000678000001305450093854500E31CD6FC98
:1086700013050000678000001305850093858500C1
:10868000E312D6FC13050000678000001305C50047
:108690009385C500E318D6FA130500006780000033
:1086A0001305050193850501E31ED6F813050000A7
:1086B00067800000130101FE232A91008327050132
:1086C00083A40501232E110063C0971C9384F4FF3B
:1086D00013932400232C81001384450123263101A8
:1086E00023244101B3096400130A450183A709004B
:1086F00033036A00032703002328210123225101A9
:10870000938717003359F702930A0500636AF70A43
:10871000370501009308040013080A00930E0000B7
:10872000930600001305F5FF03A70800032E0800B9
:10873000130848003376A70013570701B377AE003C
:10874000135E0E0193884800330626033307270380
:108750003306D601B37EA600B387D7411356060170
:10876000B387D70093D60741B3F7A7003307C700F5
:108770003376A700B386C640B386C60113960601BA
:10878000B3E7C700232EF8FE935E070193D6064198
:10879000E3FC19F983270300639407021303C3FF63
:1087A00063686A006F0080019384F4FF63786A0055
:1087B000832703001303C3FFE38807FE23A89A005F
:1087C00013850A00EF20401C634C050837050100A3
:1087D00093050A00130700001305F5FF83A60500A3
:1087E0000326040093854500B3F7A6003378A6005E
:1087F000B3870741B387E70013D707411356060134
:1088000093D606013307C7403307D70093160701F5
:10881000B3F7A700B3E7D7001304440023AEF5FE77
:1088200013570741E3FC89FA93972400B307FA0032
:1088300003A70700631407029387C7FF6368FA0062
:108840006F0080019384F4FF6378FA0003A70700A8
:108850009387C7FFE30807FE23A89A0013091900AE
:10886000032481018320C1018329C100032A8100DF
:10887000832A4100832441011305090003290101D2
:1088800013010102678000008320C101832441019C
:108890001305000013010102678000000323850314
:1088A000130101F4232C810A232A910A2328210B86
:1088B0002322510B2326B109232E110A2326310B23
:1088C000232EE100232AF100232811012326B102DF
:1088D0002324C10013040500938D050093040600B2
:1088E000938A060013090800630203020327C503E5
:1088F0009307100093050300B397E7002322E300DA
:108900002324F300EF10006C232C0402938904004D
:108910009306000063DC04009394140093D71400C2
:108920002324F10093890700930610003707F07F96
:108930002320D900B3F6E9006388E6608324810030
:1089400013850D00130600009385040093060000B4
:108950002320B10323229102EF409033631A0504D0
:1089600003274101930710002320F700032701018B
:1089700063080700B7070280938717392320F700A1
:10898000B7090280938909398320C10B0324810B25
:108990008324410B0329010B832A410A832DC1083B
:1089A000138509008329C10A1301010C67800000A7
:1089B00013860400130781079306C10793850D00F2
:1089C000130504002324410B2320610B232E71097E
:1089D000232C8109232A91092328A10913D94901AC
:1089E000EF20403E930405006312095A832B810750
:1089F0000329C1079307000233892B011307294379
:108A0000E3D0E73293070004B387E7401305294119
:108A1000B397F90033D5AD0033E5A700EF50906769
:108A2000B70710FE9306100013070500B387B700C1
:108A30001309F9FF2324D10403A641C283A681C2EE
:108A40001305070093850700EF50403B03A6C1C202
:108A500083A601C3EF40104D03A641C383A681C383
:108A6000EF30D01D130A0500130509009389050096
:108A7000EF50D05603A6C1C383A601C4EF40904A6D
:108A8000130605009386050013050A009385090067
:108A9000EF30D01A130B050093890500EF50D04B2F
:108AA000130A05009385090013050B001306000047
:108AB00093060000EF4090366350050213050A004C
:108AC000EF50D05113060B0093860900EF40501C65
:108AD0003335A000330AAA4033892B419307600144
:108AE000130BF9FFE3E8471D3707028093173A009D
:108AF00013070775B387E70003A6070083A647009F
:108B00000325010283254102EF405031E35A051E3F
:108B1000130AFAFF232E0102232C0100634C0B4899
:108B200063540A4A8327810123244103B3874741C1
:108B3000232CF100B3074041232CF102930790004E
:108B4000130A000063EC574993075000E3D0571F06
:108B5000938ACAFF9307300013090000E388FA6282
:108B6000E3D0575F93074000E390FA529307100059
:108B70002328F1020326C101E352C0602326C10469
:108B8000130C0600930670011307100093074000B2
:108B900063C4C6006F10802F939717009386470118
:108BA0009305070013071700E378D6FE232EB402BF
:108BB00013050400EF10C035930905006314050088
:108BC0006F10002B232CA4029307E00063E6874F6D
:108BD0006304094E83268102E35AD05E93F7F600C0
:108BE00037070280130707759397370093DC4640D9
:108BF000B387E70093F60C0103A8070003A747001B
:108C0000E3880652B717028003A6078683A6478625
:108C100003250102832541022328E10423200105C5
:108C2000EF40400E032801040327010593FCFC00DC
:108C300013030500138D050013093000638C0C0429
:108C4000B71B028023208104938B0B84130409003B
:108C5000930507001309030093F71C00638E0700B8
:108C600003A60B0083A64B00130508001304140091
:108C7000EF40502B1308050093DC1C40938B8B00B6
:108C8000E39C0CFC130309001309040003240104F2
:108C90001387050093060700130608001305030059
:108CA00093050D00EF4000061307050093870500AC
:108CB0008326C1036388060203A641C483A681C438
:108CC00013050700938507002328E1042320F104FE
:108CD000EF40D014832701040327010563540500E6
:108CE0006F100001130509002320F1062320E10481
:108CF000EF50D02E03270104832701061306070037
:108D0000938607002328E1042320F104EF409021FB
:108D100003A641C583A681C5EF304072B706C0FCEB
:108D20008327010403270105930C0500B38BB600CC
:108D3000630E0C3283268102232081072324D1066F
:108D400013050700938507002328E1042320F1047D
:108D5000EF50902083270106370602801309050093
:108D60009386F7FF9396360093070675B386D70070
:108D700003A846002326F10683A70600232E01053B
:108D800023229107232CF104EF50502503270105DE
:108D900083270104130605009386050013050700C9
:108DA00093850700EF50800503270103138D1900F9
:108DB000130309032320A105930C05001373F30F7C
:108DC000E304075A03A541C6032681058326C1058E
:108DD0002320B10483A581C623286104EF3090725B
:108DE0000326410693860B00EF50400183280104BF
:108DF0000323010513860C00938608002380690075
:108E000013090500938B0500EF404071832801048E
:108E10006354A0006F00507883A741C403A881C4A5
:108E2000232C41052328F104232A010503A801C5A9
:108E300083A7C1C423226107232681072320F104CD
:108E400093070000032C010623220105138B070062
:108E500023205107138A08006F000009130B1B0021
:108E600063448B016F00507803260104832641047C
:108E70001305090093850B00EF40D00A0326010477
:108E80008326410413090500938B050013850C000C
:108E900093050A00EF401009938C0500930A050022
:108EA000EF50900B130A0500EF5050131306050006
:108EB0009386050013850A0093850C00EF4010741B
:108EC00093070A031306090093860B002300FD0095
:108ED000130D1D00930C0500138A0500EF4000746C
:108EE000635405006F00506B032501058325410580
:108EF00013860C0093060A00EF4050701306090019
:108F000093860B00EF408071E35A05F483278106B6
:108F1000930B0D00138C1700130690036F00800055
:108F2000E386796583C6FBFF138D0B00938BFBFFF4
:108F3000E388C6FE9386160093F6F60F2380DB00C7
:108F4000930D0C006F00004D832641013727000070
:108F50009397C9001307F77093D7C70023A0E600C3
:108F6000B3E7B7016380070A83270101B7090280CD
:108F70009389896BE38A07A0B70702809387B76B51
:108F8000032701012320F7006FF01FA08327410270
:108F9000B706F03F832B81079397C70093D7C7008D
:108FA00003270102B3E7D700130919C023240104E2
:108FB0006FF09FA893071000B3872741232CF1007F
:108FC000130B0000E3400AB623244103232C0102C3
:108FD00093079000330B4B01E3F857B7930710004A
:108FE00013091000930A00002328F102130CF0FF6C
:108FF000232E0100232E0402232681059305000061
:109000006FF01FBB83270101B70902809389C96AEA
:10901000E38C0796B70702809387476B6FF05FF684
:10902000130509002320F1062320E104EF50007B03
:109030000327010483270106130607009386070010
:109040002328E1042320F104EF40C06D03A641C5AD
:1090500083A681C5EF30803E8327010403270105E5
:10906000B706C0FC930C0500B38BB60003A6C1C5C0
:1090700083A601C61305070093850700EF4010582B
:1090800013860C0093860B00130D05001389050051
:10909000EF40C048E342A04EB7070080B3C7770156
:1090A00013860C0013050D00938607009305090035
:1090B000EF40C056634805068327C10763CE0718F3
:1090C000832681021307E0006348D71883278102B3
:1090D000370702801307077593973700B387E700B8
:1090E00003AA070083AA47008327C10163D80704A6
:1090F0006346800563180C0203A6C1C583A601C69A
:1091000013050A0093850A00EF40C06113060500AD
:10911000938605000325010283254102EF4000509C
:10912000E34CA044138D0900232001021309000021
:109130008327C10193CDF7FF6F0040699387190022
:109140002320F104032B01020329410213060A0024
:1091500093860A0013050B0093050900EF30903A3F
:10916000EF50805F130D0500EF50406713060A00B3
:1091700093860A00EF40005B130605009386050006
:1091800013050B0093050900EF40504793070D03AB
:109190002380F90013061000832B01041307050038
:1091A00093860500E30CCC0C83A7C1C403A801C5BA
:1091B000930D10002324F100232601016F00000607
:1091C00013060A0093860A0013050B009305090095
:1091D000EF305033EF504058130D0500EF50006052
:1091E00013060A0093860A00EF40C05393860500D9
:1091F000130605009305090013050B00EF4010400E
:10920000938B1B0093070D03938D1D00A38FFBFE13
:109210001307050093860500E302BC0703268100BF
:10922000938506008326C10013050700EF40804F99
:109230001306000093060000130B050013890500B8
:10924000EF400025E31E05F683278102138D0B00F6
:10925000938D17006F00001C032701036316072678
:10926000832B8103832C8101232801021309000031
:1092700063820C026350600393870C0063449B6716
:1092800003278101B38CFC40330BFB403307F740CD
:10929000232CE100832781036382070283270103D4
:1092A00063840700E39C0B06032681039385040077
:1092B00013050400EF10403F9304050093051000D0
:1092C00013050400EF1000102320A102631C0A50B4
:1092D0009307100063DC5755B387670193F7F701D5
:1092E0006380071E130700023307F7409306400010
:1092F00063D4E6581307C001B307F7400327810181
:10930000B38CFC00330BFB003307F700232CE10088
:10931000832781016340F014635C600183250102AF
:1093200013060B0013050400EF10004D2320A102CB
:109330008327C103639C071263548045832701037D
:109340006390072683278102938D1700832A0102E9
:10935000130A10006F0000029385040093060000BA
:109360001306A00013050400EF0010489304050045
:10937000130A1A0093850A0013850400EFF08FB3D7
:10938000930B0503B3874901A38F77FFE3468AFD5B
:10939000130A100063448055338A4901930A000080
:1093A000938504001306100013050400EF10C04459
:1093B0008325010293040500EF10005D635EA04E5B
:1093C000930690036F008000638A495F8347FAFF2A
:1093D000130D0A00130AFAFFE388D7FE93871700DC
:1093E0002300FA008325010213050400EF00903DDD
:1093F00063020902638A0A0063882A0193850A00CE
:1094000013050400EF00103C930509001305040048
:10941000EF00503B9385040013050400EF00903AE1
:109420008327410123000D0023A0B70183270101F9
:109430006384070023A0A701032A810A032B010AE2
:10944000832BC109032C8109832C4109032D0109B8
:109450006FF08FD393850400138607001305040073
:10946000EF108039930405006FF01FEB8325010294
:1094700013850400EF104051E35005EC832781026F
:1094800093850400930600001306A0001305040052
:10949000138BF7FFEF00503583270103930405007A
:1094A000639E070C032CC104E35A8015832D8102AF
:1094B0006FF0DFE993071000232EF1026FF0CFE584
:1094C0009307C0016FF09FE3130710006354574DDB
:1094D00083278103930BFCFF63CA7741B38B7741EA
:1094E00083278101B38C8741E3500C0E9305100054
:1094F00013050400EF00106D130905006FF05FD72E
:10950000232E0102232C0100E34020AD930710001D
:10951000B3872741232CF100130B00006FF0DFAA63
:10952000B387E7403395FD006FF04FCF93073000CE
:1095300013091000638CFA4463C657E393072000B5
:10954000E38CFA14232E0402930500001305040093
:10955000EF00101C93090500E30C051093071000A1
:109560002328F1029307F0FF232CA4022326F10401
:10957000130CF0FF232E01006FF01FB493050900B8
:10958000930600001306A00013050400EF00D02589
:10959000032CC10413090500E35680092324610349
:1095A000635C90019305090013860C001305040009
:1095B000EF10802413090500130B0900631E0A50E5
:1095C0008327C102138DF9FF938C0900232C3101ED
:1095D0008329010293F71700330D8D012324F10035
:1095E000232EB1019385090013850400EFF08F8CC1
:1095F000130C05009305090013850400EF10C03813
:10960000130A050013060B009385090013050400D7
:10961000EF10003D0327C500930B0C03930D0500CD
:10962000631C07089305050013850400EF10C0357F
:109630001307050093850D0013050400930D070023
:10964000EF005018B3E65D01639A060E8327810090
:10965000638A077463420A7623807C01138A1C00A4
:1096600063049D6793850400930600001306A00021
:1096700013050400EF005017930405009306000043
:109680001306A0009305090013050400630E690981
:10969000EF00901593050B001309050093060000D9
:1096A0001306A00013050400EF001014130B0500AF
:1096B000930C0A006FF01FF39305050013050400D7
:1096C00083298101832DC101EF00D00F634A0A0075
:1096D00013F71D00336A5A0133674701631E0706FB
:1096E000938504001306100013050400EF10C0104A
:1096F0008325010293040500EF1000296358A0247C
:1097000013079003638CEB24930B1C0383278102C4
:10971000930A0900138D1C0023807C01938D170090
:1097200013090B006FF01FCCEF00100C130905009C
:10973000130B0500930C0A006FF0DFEA63440A7212
:1097400083278100336A5A0133EA4701630C0A70A8
:10975000E354B0F183298101130790036380EB2068
:109760000327810293871B00930A0900138D1C00B5
:10977000930D17002380FC0013090B006FF09FC6A8
:1097800093072000E3DC57BB138D0900E3120C9A0A
:109790008325010293060000130650001305040000
:1097A000EF009004930505002320A1021385040017
:1097B000EF10801DE35EA096930710032380F9004D
:1097C00083278102138D1900938D170083250102D1
:1097D00013050400938D1D00EF00C07EE31609C23F
:1097E0006FF05FC39305050013060A00130504001C
:1097F000EF00906B930710002320A10263DE571146
:10980000130A00000327010283270701938737000B
:1098100093972700B307F70003A54700EF00102533
:1098200093070002B387A7406FF01FAB8327C102E5
:1098300063900704832781009397C700639A070208
:10984000832681009307000013D746011377F77F23
:10985000630C070083278101130B1B0093871700FC
:10986000232CF10093071000631C0A54138A07008D
:10987000930710006FF05FA6E30CD7A81307C0038F
:10988000B307F7406FF09FA793071000930A5000AB
:109890002328F1028327C10103278102B387E70050
:1098A000138C17002326F10413060C00634C80ADC3
:1098B000130610006FF00FAD6316050093F71B0041
:1098C000E39007B0930600038347FAFF130D0A00E5
:1098D000130AFAFFE38AD7FE6FF0DFB0130A0C0019
:1098E0006FF09FAB93070B006FF09F998327810365
:1098F00003278101232C7103B387FB40330AFA004D
:10990000B3078701930C0700330B8B01232CF10065
:10991000930B00006FF09FBD8327C102E39207EE17
:10992000832781009397C700E39C07EC6FF05FF1FA
:1099300003230102032D4102130920006FF00FB031
:10994000930A2000232801026FF0CFA2E31005DC68
:1099500013F71B00E31607DA6FF05FDB9307900342
:109960002380FC0083278102930A0900138A1C00CC
:10997000938D170013090B006FF09FA4930710003D
:10998000130C1000232EF1006FF0CFE62328010204
:109990006FF05FF003278104630407300327810120
:1099A00093873743330BFB00B307F700832B810307
:1099B000930C0700232CF1006FF05FB393071003A3
:1099C0002380F900938D1D006FF0DFA183278102B2
:1099D00063880730B30BF04093F7FB003707028032
:1099E0001307077593973700B387E70003A60700AF
:1099F00083A64700032501028325410293DB4B40E8
:109A0000EF305052138D050063880B42130920007C
:109A1000B71C028023208104938C0C84130409005A
:109A200013070500130600001309050093F61B0039
:109A30006380060203A60C0083A64C0013050700F2
:109A400013041400EF30104E130705001306100026
:109A500093DB1B40938C8C00E39A0BFC13050900ED
:109A6000938705001309040003240104631206A46C
:109A70001307050093070D006FF08FA39385060071
:109A80001306070013050700EF20501B83278102F0
:109A900013060A0093860A00938D1700130B050026
:109AA00013890500138C0D00EF3050276346A0C6C4
:109AB00013050B009305090013060A0093860A009C
:109AC000EF30101D63160500137D1D0063160DC4D5
:109AD000138D0B006FF01F948325490013050400BC
:109AE000EF000043130A0500630005360326090151
:109AF0009305C9001305C50013062600131626009A
:109B0000EF901F9E1306100093050A001305040032
:109B1000EF00904E130B05006FF09FAA930509000C
:109B200013860B0013050400EF00103813860400A1
:109B3000930505001309050013050400EF009013B9
:109B40009307050093850400130504009384070020
:109B5000EF00404783278103B3877741232CF1022D
:109B6000638E07F46FF04FF4032681058326C10549
:109B7000032541062328B10493850B0023286102A5
:109B8000EF30503A032301038327010693061000A8
:109B9000238069002324A10483280105138905007B
:109BA000B38BF900638CD72683A7C1C403A801C572
:109BB000232891042328F102232A0103232081066C
:109BC00013850C00938508000326010383264103B7
:109BD000130D1D00EF3010351384050093040500AC
:109BE000EF409037930C0500EF40503F13060500FF
:109BF000938605001385040093050400938C0C03E1
:109C0000EF40C01FA30F9DFFE390ABFD8324010530
:109C100003240106930C05009388050003A641C6A2
:109C200083A681C603258104930509002328110317
:109C3000EF20D0008328010313860C0093860800D0
:109C4000EF30D01D634C05180326810403A541C6DF
:109C500083A581C693060900EF40401A83280103BB
:109C600013860C0093860800EF30500B634CA01055
:109C70008327C10763C607DE032781029307E0003D
:109C800063C0E7DE832781020327C106939737006D
:109C9000B307F70003AA070083AA47006FF08FCA33
:109CA000032781078326810193076003B387E74079
:109CB000330BFB00B387F600832B8103938C0600E4
:109CC000232CF1006FF09F8283278102930A090001
:109CD00083298101938D170013090B006FF04FEC5E
:109CE0000327010283274102130920006FE05FFC74
:109CF00063080CB2032DC1046350A0BD9385070017
:109D00008327810283A601C503A6C1C49387F7FFF9
:109D1000130507002324F106EF30D02013070500B8
:109D2000130519002328E1042320B104EF40102B70
:109D30000327010583270104130607009386070004
:109D4000EF30501E03A641C583A681C5EF20006FEA
:109D5000B706C0FC8327010403270105930C050007
:109D6000B38BB6002320A1076FE09FFD930610037D
:109D7000130C1C006FF08F9C2320010213090000BC
:109D80006FF09FA31306000383C7FBFF138D0B0027
:109D9000938BFBFFE38AC7FE83278106938D170011
:109DA0006FF04FE71307900383298101E388EBBA33
:109DB000E34C40956FF09F95832981016FF01F95CB
:109DC000138A07006FF01FA4938C0700B3878701E5
:109DD000330B8B01232CF1006FF04FF183278106A9
:109DE000138C17006FF04F93032A8105032B410654
:109DF000032CC106832A01066FF00FAC93072000E5
:109E000063C85701832D8102032CC1046FF00FD466
:109E1000032CC104232461036FF01F97832B0104DB
:109E20006FF0DFDF93072000E3C457FF032CC1046A
:109E3000232461036FF0CFF6130705009387050015
:109E4000130920006FE0DFE6B706028037050280C5
:109E50009386C66B130600009305F02E1305056D5F
:109E6000EF10106483298101E34CB0876FF01F8AE3
:109E7000B7060280370502809386C66B1306000082
:109E80009305F01A1305056DEF109061232E04025F
:109E9000930500006FE0DFD1232801026FE09FCD22
:109EA00083A701B967800700638005026302060487
:109EB000638806048347060023A0F50003450600D7
:109EC0003335A00067800000130101FF9305C10036
:109ED00063040602638A06028347060023A0F50096
:109EE000034506003335A00013010101678000001F
:109EF0001305000067800000130500006FF0DFFE0F
:109F00001305E0FF678000001305E0FF6FF0DFFD41
:109F100083274504130101FF23248100232291009C
:109F2000232611001304050093840500638C0702A7
:109F300013972400B387E70003A507006304050413
:109F40000327050023A0E70023280500232605009A
:109F50008320C100032481008324410013010101F7
:109F6000678000001306100293054000EF10D059DF
:109F70002322A40493070500E31C05FA130500003F
:109F80006FF01FFD232021011309100033199900E0
:109F9000130659001316260093051000130504003C
:109FA000EF109056630A0500232425012322950013
:109FB000032901006FF05FF9032901001305000078
:109FC0006FF01FF96380050203A74500832745044E
:109FD00013172700B387E70003A7070023A0E500B6
:109FE00023A0B70067800000130101FE232A91001F
:109FF00083A4050137030100232C810023282101BC
:10A0000023263101232E1100138905009309050031
:10A010001384060013884501930800001303F3FF1F
:10A0200083270800130848009388180033F7670057
:10A030003307C70293D60701B386C602B30787006A
:10A0400013D70701B3F76700B386E600139706013D
:10A05000B307F700232EF8FE13D40601E3C298FCE1
:10A06000630204028327890063DEF40293874400BD
:10A0700093972700B307F90023A287009384140065
:10A08000232899008320C1010324810183244101F5
:10A090008329C100130509000329010113010102ED
:10A0A00067800000832549001385090023244101AE
:10A0B00093851500EFF0DFE5130A0500630E050434
:10A0C000032609019305C9001305C50013062600E0
:10A0D00013162600EF90CFC00327490083A7490439
:10A0E00013172700B387E70003A707002320E90021
:10A0F00023A027019387440013090A0093972700A0
:10A10000B307F900032A81009384140023A2870077
:10A11000232899006FF01FF7B706028037050280E9
:10A120009386C66B130600009305A00B130585707C
:10A13000EF101037130101FE232C8100232A910018
:10A14000232821012326310123244101938906007C
:10A150009307900093868600232E1100B3C6F60263
:10A160001309050013840500130A06009304070071
:10A1700063DA370D930710009305000093971700DB
:10A1800093851500E3CCD7FE13050900EFF05FD8E7
:10A1900093050500630C050A930710002328F500BA
:10A1A000232A95009307900063D847092322510181
:10A1B000930A940093840A003304440183C6040084
:10A1C0001306A00013050900938606FDEFF0DFE1FA
:10A1D0009384140093050500E39284FE13048AFF20
:10A1E00033848A00832A410063563A03B389494184
:10A1F000B3093401834604001306A00013050900C7
:10A20000938606FDEFF05FDE13041400930505004E
:10A21000E31234FF8320C10103248101832441011F
:10A22000032901018329C100032A81001385050048
:10A2300013010102678000001304A400130A9000B8
:10A240006FF09FFA930500006FF01FF4B7060280CD
:10A25000370502809386C66B130600009305300D08
:10A260001305857023225101EF10902393070500F9
:10A27000370701001305000063F6E7009397070115
:10A28000130500013707000163F6E7001305850099
:10A29000939787003707001063F6E7001305450022
:10A2A000939747003707004063EAE70093C7F7FF3B
:10A2B00093D7F7013305F5006780000093972700D7
:10A2C00063CA070013971700634A070013050002CB
:10A2D0006780000013052500678000001305350026
:10A2E00067800000832705001307050093F67700B9
:10A2F0006384060293F6170013050000639E0604AC
:10A3000093F627006388060A93D717002320F700E7
:10A3100013051000678000009396070193D606018D
:10A3200013050000638E060693F6F70F638006069A
:10A3300093F6F7006382060493F6370063840602FF
:10A3400093F61700639C060093D7170013051500BA
:10A350006396070013050002678000002320F700C2
:10A360006780000093D7270093F617001305250098
:10A37000E39606FE6FF05FFD93D7470093F6370034
:10A3800013054500E39E06FA6FF0DFFD93D78700C3
:10A3900093F6F70013058500E39006FA6FF0DFFDF2
:10A3A00093D7070193F6F70F13050001E39206F820
:10A3B0006FF0DFFD93D727002320F700130520005F
:10A3C0006780000083274504130101FF23248100D7
:10A3D0002322910023261100130405009384050015
:10A3E000638C070203A547006302050603270500E7
:10A3F00023A2E7008320C1000324810093071000FB
:10A40000232A9500232605002328F50083244100F4
:10A41000130101016780000013061002930540003C
:10A42000EF10900E2322A40493070500E31C05FA05
:10A43000B7060280370502809386C66B13060000BC
:10A440009305501413058570EF1090051306C00195
:10A450009305100013050400EF10100BE30A05FC30
:10A46000930710002322F500930720002324F50012
:10A470006FF05FF8130101FE23282101232631012B
:10A4800003A9050183290601232A91002324410100
:10A49000232E1100232C8100138A0500930406004B
:10A4A000634C39011387090093840500930909005F
:10A4B000130A06001309070083A7840083A544003C
:10A4C00033842901B3A78700B385F500EFF05FA4BB
:10A4D000630E051A1303450193182400B3081301F2
:10A4E000930703006378130123A0070093874700B5
:10A4F000E3EC17FF13084A01131E2900938E440151
:10A5000093952900330EC801B385BE006376C81346
:10A5100093875401130F400063F0F516B70601004E
:10A520009386F6FF6F00800193DF0F0163980F0899
:10A5300013084800130343006370C811832F0800F9
:10A54000B3F3DF00E38203FE93020300938F0E0058
:10A550009304000083A70F0003A602009382420029
:10A5600033F7D7003307770293D707013379D60043
:10A5700013560601938F4F00B387770233072701E5
:10A5800033079700935407013377D700B387C70089
:10A59000B3879700139607013367E60023AEE2FE08
:10A5A00093D40701E3E8BFFAB307E30123A09700C0
:10A5B000832F080093DF0F01E38C0FF603270300BE
:10A5C0009302030013860E00930407009303000018
:10A5D0008327060093D904013377D700B3F7D70058
:10A5E000B387F70383A44200938242001306460018
:10A5F00033F9D400B3877700B3873701939307010A
:10A6000033E7E30023AEE2FE0357E6FF93D70701EB
:10A610003307F703330727013307F7009353070185
:10A62000E368B6FAB307E30123A0E7001308480084
:10A6300013034300E364C8F1634880006F008001A6
:10A640001304F4FF6308040083A7C8FF9388C8FFBE
:10A65000E38807FE8320C1012328850003248101AC
:10A6600083244101032901018329C100032A8100B8
:10A670001301010267800000B38795409387B7FEFE
:10A6800093F7C7FF138F47006FF05FE9B7060280AB
:10A69000370502809386C66B1306000093052016CB
:10A6A00013058570EF10C05F130101FE232C81009C
:10A6B0002328210123263101232E11009377360010
:10A6C000130406009309050013890500639C070A1B
:10A6D00013542440630A0406232A910083A4090426
:10A6E0006386040C9377140063900702135414409C
:10A6F000630A040403A50400630605069304050029
:10A7000093771400E38407FE138604009305090081
:10A7100013850900EFF01FD66300090203274900E3
:10A7200083A7490413172700B387E70003A707008F
:10A730002320E90023A02701135414401309050026
:10A74000E31A04FA832441018320C1010324810117
:10A750008329C10013050900032901011301010226
:10A7600067800000138604009385040013850900A8
:10A77000EFF05FD023A0A400232005009304050080
:10A780006FF01FF89387F7FF3707028013070774EE
:10A7900093972700B307F70003A60700930600006E
:10A7A000EFF09F84130905006FF09FF293051000EE
:10A7B00013850900EFF0CFF593040500630005024F
:10A7C00093071027232AF500930710002328F5008C
:10A7D00023A0A904232005006FF0DFF0B706028054
:10A7E000370502809386C66B13060000930550144C
:10A7F00013058570EF10C04A130101FE2322510199
:10A8000083AA050183A78500232631019359564069
:10A81000B38A5901232C8100232A91002328210186
:10A8200023244101232E110013891A00938405006B
:10A830001304060083A54500130A050063D8270109
:10A840009397170093851500E3CC27FF13050A00A3
:10A85000EFF00FEC630C051013084501635430034F
:10A86000938959009399290033073501930708000C
:10A870009387470023AE07FEE39CE7FE9389C9FE5A
:10A880003308380183A80401938744011376F40147
:10A8900093982800B38817016304060A9305000201
:10A8A000B385C540130308009306000003A7070003
:10A8B00013034300938747003317C7003367D7005C
:10A8C000232EE3FE83A6C7FFB3D6B600E3E017FF4F
:10A8D000938754011307400063EAF800B387984058
:10A8E0009387B7FE93F7C7FF138747003308E80045
:10A8F0002320D8006394060013890A0003A74400AC
:10A9000083274A048320C10113172700B387E70078
:10A9100003A70700232825010324810123A0E400C5
:10A9200023A0970003290101832441018329C10049
:10A93000032A8100832A410013010102678000007D
:10A9400003A707009387470013084800232EE8FE5B
:10A95000E3F417FB03A70700938747001308480099
:10A96000232EE8FEE3EE17FD6FF01FF9B706028015
:10A97000370502809386C66B130600009305E01D21
:10A9800013058570EF10C0310327050183A705016A
:10A99000130805003305F7406312F7049397270067
:10A9A00013084801938545013307F800B387F50084
:10A9B0006F0080006374E8020326C7FF83A6C7FF09
:10A9C0001307C7FF9387C7FFE306D6FE13051000E2
:10A9D0006376D6001305F0FF6780000067800000F3
:10A9E00003A7050183270601130101FF232481002A
:10A9F0002322910023261100232021011384050026
:10AA000093040600B306F740631EF71893962700D9
:10AA10001386450113874401B307D6003307D700D7
:10AA20006F008000637CF61883A5C7FF8326C7FFED
:10AA30009387C7FF1307C7FFE386D5FE13091000EE
:10AA400063EAD5009387040013090000930404000F
:10AA50001384070083A54400EFF08FCB6306051A2B
:10AA600083A8040183220401938F440113932800D7
:10AA7000130844019392220093054501370E01000B
:10AA80002326250133836F00B3025800138F05007E
:10AA9000938E0F0093060000130EFEFF03A70E0017
:10AAA00003260800130F4F00B377C701B373C60125
:10AAB000B3877740B387D7001357070113560601B2
:10AAC00093D607413307C7403307D70093160701D2
:10AAD000B3F7C701B3E7D70013084800232EFFFEE2
:10AAE000938E4E0093560741E36A58FA13075401B8
:10AAF000338482401304B4FEB3B2E20013CF1200D9
:10AB000013542400130740006384020AB38FEF003C
:10AB10003388E500B70E0100130E080013860F00FE
:10AB2000938EFEFF63F46F0C83270600130E4E0016
:10AB30001306460033F7D7013307D70093D5070133
:10AB4000135707413307B700B387D700B3F7D701CF
:10AB500093160701B3E7D700232EFEFE9356074155
:10AB6000E36466FC1303F3FF3303F3411373C3FF82
:10AB700033076800639A07008327C7FF9388F8FFAD
:10AB80001307C7FFE38A07FE8320C1000324810067
:10AB90002328150183244100032901001301010129
:10ABA0006780000013091000E3DE06E86FF09FEAFB
:10ABB00013071400131727006FF05FF593050000CB
:10ABC000EFF00FB5630005068320C1000324810068
:10ABD000930710002328F500232A05008324410051
:10ABE0000329010013010101678000001307000021
:10ABF00063160F003387E5006FF0DFF713172400AB
:10AC00003387E5006FF01FF7B70602803705028033
:10AC10009386C66B130600009305502413058570B8
:10AC2000EF100008B7060280370502809386C66BD6
:10AC3000130600009305702313058570EF1040067E
:10AC4000B707F07FB3F5B700B707C0FCB385F500D1
:10AC5000930700006356B00013850700678000006B
:10AC6000B305B04093D545419307300163CCB7009D
:10AC7000B7070800B3D5B740930700001385070056
:10AC8000678000009385C5FE1307E001930710005D
:10AC90006346B700B7070080B3D7B700930500003D
:10ACA0001385070067800000130101FE232A91002D
:10ACB00083240501232C810013044501939424006F
:10ACC000B30494002328210103A9C4FF23263101E2
:10ACD000232441011305090093890500232E110047
:10ACE000EFF0CFD813070002B307A74023A0F90065
:10ACF0009307A000138AC4FF63DCA708130655FF5F
:10AD00006370440583A784FF630C0604B306C74041
:10AD100033D7D7003319C9003369E900938584FF1D
:10AD20003707F03F3367E900B397C700637EB4028B
:10AD300003A644FFB356D600B3E7D7006F00C002A6
:10AD40009307B000630CF5003319C9003707F03FD3
:10AD50003367E900930700006F00000193070000CC
:10AD60003707F03F3367E9008320C10103248101E5
:10AD700083244101032901018329C100032A8100A1
:10AD80001385070093050700130101026780000087
:10AD90009306B000B386A640B707F03F3357D900FB
:10ADA0003367F700930700006376440183A784FFAD
:10ADB000B3D7D700130555013319A900B367F900BC
:10ADC0006FF09FFA130101FD232A5101938A0500B8
:10ADD0009305100023229102232E3101232C4101DF
:10ADE0002326110223248102232021039304060039
:10ADF000138A060093090700EFF08F916302051094
:10AE00003707100013D944019307F7FF1379F97F2F
:10AE100013040500B3F7970063040900B3E7E700E4
:10AE20002326F10063920A061305C100EFF08FCBD1
:10AE30000327C1009304100023289400232AE40070
:10AE400093070502630809081309D9BC3309F900FF
:10AE50009304500323202A013385F44023A0A90042
:10AE60008320C102130504000324810283244102CC
:10AE7000032901028329C101032A8101832A410197
:10AE80001301010367800000130581002324510191
:10AE9000EFF04FC50327C10093070500630E0504BB
:10AEA0000326810093060002B386A640B316D7009E
:10AEB0003357A700B3E6C6002326E100B334E00011
:10AEC00093841400232AD400232CE4002328940024
:10AED000E31C09F6139724003307E4000325070158
:10AEE0009387E7BC2320FA00EFF04FB89394540007
:10AEF0003385A4406FF09FF6832681006FF01FFC1E
:10AF0000B7060280370502809386C66B13060000E1
:10AF10009305F03013058570EF009058130101FD83
:10AF200023202103138905009305810023261102A4
:10AF30002324810223229102232E3101930905004B
:10AF4000EFF09FD693040500138405001305090054
:10AF50009305C100EFF05FD50327090183A709011D
:10AF60008326C100B387E7400327810093975700EA
:10AF70003307D740B387E70013070500635EF0028D
:10AF80009397470133848700938605001385040057
:10AF90009305040013060700EF10D0568320C1026A
:10AFA0000324810283244102032901028329C10170
:10AFB000130101036780000093974701B385F540B3
:10AFC0006FF09FFC130101FF2320210123261100B4
:10AFD000930770011309050063DAA70483A741C42E
:10AFE00083A581C4232481002322910003A4C1C42A
:10AFF00083A401C51385070013060400938604008B
:10B00000EF2040721309F9FF93070500E31409FECE
:10B01000032481008320C10083244100032901000F
:10B0200013850700130101016780000037070280C4
:10B030001319350013070774330727018327070106
:10B040008320C100832547010329010013850700E0
:10B050001301010167800000832606019385F5FF37
:10B0600093D5554093851500930746019396260086
:10B0700093952500B386D700B305B50063F8D702D2
:10B080001307050003A8070093874700130747002D
:10B09000232E07FFE3E8D7FEB387C6409387B7FEAA
:10B0A00093F7C7FF938747003305F5006378B50032
:10B0B00013054500232E05FEE36CB5FE67800000F6
:10B0C0000327050113D65540930645016352C70275
:10B0D00013172700B387E60063F2F60403A7C7FF40
:10B0E0009387C7FFE30A07FE13051000678000007F
:10B0F00093172600B387F600E350E6FE93F5F501BB
:10B10000E38C05FC03A60700130510003357B600B7
:10B110003317B700E302E6FC678000001305000068
:10B1200067800000130101FD2322910223261102F2
:10B13000930406006388051E232481022320210333
:10B1400013840500232E3101232A5101232C4101B0
:10B1500013090500EF904FB80327C4FF9387B4008D
:10B1600093066001930A84FF9379C7FF63F2F61098
:10B1700013FA87FF63C2071063609A1063D2491302
:10B18000B717028023248101138C07DD03268C006E
:10B19000B3863A0183A746006308D61C13F6E7FF7F
:10B1A0003386C6000326460013761600631A06147B
:10B1B00093F7C7FF3386F9006358460D13771700DE
:10B1C000631C070223267101832B84FF232861015E
:10B1D000B38B7A4103A74B001377C7FFB387E70010
:10B1E000338B3701635C4B33338BE90063584B2956
:10B1F000032B0101832BC100938504001305090073
:10B20000EF801FB293040500630805408327C4FF45
:10B21000130785FF93F7E7FFB387FA006386E724F8
:10B220001386C9FF9307400263E4C72E130730015A
:10B23000636AC720930705001307040083260700ED
:10B2400023A0D7008326470023A2D7000327870027
:10B2500023A4E7009305040013050900EF800FFC09
:10B2600013050900EF908FA7032C81006F00C00623
:10B27000130A0001E3749AF09307C0002320F90039
:10B28000930400006F00400583A7C60003A7860053
:10B29000032C8100930906002326F70023A4E7006E
:10B2A00083A74A00B38649411306F00093F71700BD
:10B2B00033873A016362D608B3E7370123A2FA0065
:10B2C0008327470093E717002322F700130509009F
:10B2D000EF90CFA093040400032481028320C102D5
:10B2E000032901028329C101032A8101832A410123
:10B2F00013850400832441021301010367800000C9
:10B3000013771700E31A07EE23267101832B84FFBE
:10B3100023286101B38B7A4103A74B001377C7FF42
:10B320006FF09FEC8320C102832441029305060045
:10B33000130101036F80DF9EB3E7470123A2FA00E8
:10B34000B3854A0193E6160023A2D5008327470060
:10B35000938585001305090093E717002322F70062
:10B36000EF80CFEB6FF09FF693F7C7FFB3863701FF
:10B3700013060A0163D0C62613771700E31E07E6FB
:10B3800023267101832B84FF23286101B38B7A412B
:10B3900003A74B001377C7FFB387E700338B370151
:10B3A000E344CBE483A7CB0003A78B001386C9FF3C
:10B3B000930640022326F70023A4E70093848B0022
:10B3C00063E4C62813073001938704006372C70241
:10B3D000032704009307B00123A4EB0003274400D4
:10B3E00023A6EB0063EAC7261304840093870B01AE
:10B3F0000327040023A0E7000327440023A2E7005B
:10B400000327840023A4E70033874B01330B4B4110
:10B410002324EC0093671B002322F70083A74B0033
:10B420001305090093F71700B3E7470123A2FB00B8
:10B43000EF90CF8A032B0101832BC100032C8100E5
:10B440006FF09FE9832604001307B0012320D50085
:10B45000832644002322D500636EC714130784009B
:10B46000930785006FF09FDD8327C5FF032C8100C4
:10B4700093F7C7FFB389F9006FF09FE283A7CB0072
:10B4800003A78B001386C9FF930640022326F7000B
:10B4900023A4E70093848B0063E6C61013073001F2
:10B4A00093870400637CC702032704009307B0015D
:10B4B00023A4EB000327440023A6EB0063F8C71482
:10B4C0008327840023A8FB008327C40023AAFB0052
:10B4D000630CD60A1304040193878B01032704002D
:10B4E00023A0E7000327440023A2E70003278400EA
:10B4F00023A4E70093090B00938A0B00032B01019F
:10B50000832BC100032C8100138404006FF05FD9EA
:10B5100093050400EFC09FF16FF0DFD383A7C6004F
:10B5200003A786001386C9FF930640022326F7006F
:10B5300023A4E70003A78B0083A7CB0093848B0091
:10B540002326F70023A4E70063EEC60413073001A7
:10B5500093870400E374C7F8032704009307B0013E
:10B5600023A4EB000327440023A6EB0063F0C70AE3
:10B57000032784009307400223A8EB000327C4009D
:10B5800023AAEB00E318F6F40327040193870B02C8
:10B590001304840123ACEB000327C4FF23AEEB00AC
:10B5A0006FF0DFF39305040013850400EFC01FE87C
:10B5B0006FF05FF4032784002324E5000327C40011
:10B5C0002326E5006304F60613070401930705012B
:10B5D0006FF0DFC6B38A4A01B386464123245C017B
:10B5E00093E7160023A2FA008327C4FF130509007E
:10B5F0009304040093F71700B3E74701232EF4FEEA
:10B60000EF80DFED032C81006FF01FCD1304840069
:10B6100093870B016FF09FEC13050900EF801FEC7F
:10B6200093040000032C81006FF01FCB83260401DC
:10B6300013078401930785012328D500832644013D
:10B64000232AD5006FF09FBF9305040013850400E3
:10B65000EFC0DFDD6FF05FDB8327840023A8FB00F2
:10B660008327C40023AAFB006308D6001304040147
:10B6700093878B016FF0DFD70327040193870B02B9
:10B680001304840123ACEB000327C4FF23AEEB00BB
:10B690006FF01FD683A7C1B86780070063840502D7
:10B6A0009307F00F63E8C7002380C500130510005F
:10B6B000678000009307A0082320F5001305F0FF22
:10B6C000678000001305000067800000130101FE81
:10B6D000232C8100232A9100232E110083A7C1B8B7
:10B6E000130405009384060063820502E7800700C7
:10B6F0009307F0FF6306F5028320C1010324810153
:10B700008324410113010102678000001306000039
:10B7100093054100E78007009307F0FFE31EF5FC67
:10B7200023A004009307A0088320C1012320F40074
:10B730000324810183244101130101026780000079
:10B74000130101FE232C8100232A9100232E1100D6
:10B7500083A401C783A7C1B813040600630A0502C6
:10B760001386050093060400930505001385040065
:10B77000E78007009307F0FF630AF5028320C10109
:10B780000324810183244101130101026780000029
:10B79000930606009305410013060000138504007C
:10B7A000E78007009307F0FFE31AF5FC232004006D
:10B7B0008320C101032481019307A00823A0F40082
:10B7C0008324410113010102678000008397C500B3
:10B7D000130101F8232C8106232E110613F72700ED
:10B7E00013840500630407029387350423A0F50042
:10B7F00023A8F5009307100023AAF5008320C107B2
:10B800000324810713010108678000008395E50088
:10B81000232A9106232821072326310723244107C1
:10B820009304050063C6050813068100EF00403B42
:10B83000634E05068327C10037F90000B7190000E1
:10B840003379F900B7E7FFFF3309F900133919001D
:10B85000130A00409389098093050A0013850400A8
:10B86000EF800FCC8317C4006308050693E7070831
:10B870002320A4002328A4002316F400232A440133
:10B880006310090AB3E737018320C1072316F400C8
:10B890000324810783244107032901078329C10663
:10B8A000032A810613010108678000008317C40082
:10B8B00093F7070813090000638E0704130A0004B6
:10B8C00093050A0013850400EF808FC58317C40019
:10B8D00093090000E31C05F813F70720631E070413
:10B8E00093F7C7FF93E72700130734042316F400E8
:10B8F0009307100083244107032901078329C10608
:10B90000032A81062320E4002328E400232AF400EC
:10B910006FF0DFEE130A0040930900006FF0DFF3D1
:10B920008315E40013850400EF00C03163100502A5
:10B930008317C4006FF01FF5832441070329010713
:10B940008329C106032A81066FF05FEB8357C40089
:10B9500093F7C7FF93E717009397070193D7074122
:10B960006FF05FF2130101F92324810613840500AF
:10B970008395E50023229106232021072326110623
:10B98000930406001389060063CA050413068100A8
:10B99000EF000025634405040327C100B7F700004A
:10B9A0008320C106B3F7E70037E7FFFFB387E7005F
:10B9B0000324810693B717002320F90013070040E2
:10B9C00023A0E40037150000832441060329010663
:10B9D0001305058013010107678000008357C40029
:10B9E00093F70708638807028320C10603248106B2
:10B9F000930700002320F9001307000423A0E400AC
:10BA000003290106832441061305000013010107E1
:10BA1000678000008320C106032481062320F900EB
:10BA20001307004023A0E4000329010683244106F4
:10BA3000130500001301010767800000130101FED8
:10BA4000232C8100232A910023282101232E110079
:10BA5000130905009384050013040600630605001E
:10BA60008327450363800716832784010317C400D7
:10BA70002324F40093778700638007088327040159
:10BA8000638C0706232631019316270193F9F40FDF
:10BA900093F4F40F63D806080327040083264401B7
:10BAA000B307F74063D8D70A83268400130617002C
:10BAB0002320C4009386F6FF2324D40023003701FB
:10BAC00003274401938717006302F70C8357C400D0
:10BAD00093F71700639A070C8329C1008320C101E3
:10BAE00003248101032901011385040083244101FA
:10BAF000130101026780000093050400130509008B
:10BB0000EFC00FC1631E05080317C40023263101CF
:10BB1000832704019316270193F9F40F93F4F40F8C
:10BB2000E3CC06F68326440637E6FFFFB725000080
:10BB30003367B7001306F6FFB3F6C6002316E4001A
:10BB4000032704002322D40683264401B307F740C9
:10BB5000E3CCD7F49305040013050900EFB01FDC14
:10BB6000631E050203270400832684009307100048
:10BB7000130617009386F6FF2320C4002324D40065
:10BB80002300370103274401E312F7F4930504006F
:10BB900013050900EFB09FD8E30005F48329C10025
:10BBA0009304F0FF6FF09FF39307A000E396F4F285
:10BBB0009305040013050900EFB05FD6E30E05F00E
:10BBC0006FF0DFFDEF70CF906FF01FEA9307050075
:10BBD00003A501C713860500938507006FF01FE6D4
:10BBE000130101FF13870500232481002322910004
:10BBF0001304050093050600130507002326110012
:10BC000023A401C8EF405F8B9307F0FF630CF5009E
:10BC10008320C1000324810083244100130101011A
:10BC20006780000083A781C8E38407FE8320C100EA
:10BC30002320F40003248100832441001301010127
:10BC400067800000130101FF23248100232291005B
:10BC500013040500138505002326110023A401C841
:10BC6000EF401F8B9307F0FF630CF5008320C100AA
:10BC70000324810083244100130101016780000037
:10BC800083A781C8E38407FE8320C1002320F4003A
:10BC90000324810083244100130101016780000017
:10BCA00003A701C7130101FF9387060013080600CD
:10BCB000232611008328C70093060500138705007B
:10BCC0001386070063000802B71702809387C796A0
:10BCD000B71502809385C59713850800EF00C0143F
:10BCE000EF00C01937F800809307C8091308C80986
:10BCF0006FF01FFE130101FF9306060013060000FC
:10BD000023261100EFF0DFF9B3B7C502130101FFDD
:10BD10002326110023248100B385C5026390070AFE
:10BD2000EF800F80130405006300050A0326C5FF9A
:10BD3000130740021376C6FF1306C6FF6368C704E5
:10BD4000930630019307050063F2C6022320050025
:10BD5000232205009307B00163F8C70423240500DC
:10BD60002326050093070501630CE60623A00700C0
:10BD700023A2070023A407008320C10013050400A9
:10BD80000324810013010101678000009305000076
:10BD9000EF704FE78320C1001305040003248100E6
:10BDA00013010101678000009307850023A00700AD
:10BDB00023A2070023A407006FF01FFCEF00800BF5
:10BDC0009307C0002320F500130400008320C10066
:10BDD00013050400032481001301010167800000A2
:10BDE0002328050093078501232A05006FF01FF81B
:10BDF000130101FC1303C1022326D10293060300A1
:10BE0000232E11002328E102232AF102232C01030F
:10BE1000232E110323266100EFA09F808320C10100
:10BE20001301010467800000130E0500130101FCDB
:10BE300003A501C7130381022324C1022326D102D3
:10BE4000138605009306030093050E00232E1100B0
:10BE50002328E102232AF102232C0103232E1103BC
:10BE600023266100EFA0CFFB8320C1011301010451
:10BE70006780000003A501C767800000130101FF70
:10BE80001305600023261100EF00802A130510001F
:10BE9000EF408FDF832785116386070013050000BD
:10BEA00067800000130101FF93050008232481002F
:10BEB0002326110013040500EF709FE6232CA41025
:10BEC00063040502930705082320050013054500B8
:10BED000E31CF5FE130500008320C100032481004C
:10BEE00013010101678000001305F0FF6FF0DFFE12
:10BEF000130101FE232A9100232E11009307F00164
:10BF00009304050063ECB70283278511232C81007D
:10BF100013840500638C070213142400B387870081
:10BF20000324810103A5070023A0C7008320C101CA
:10BF3000832441011301010267800000930760011F
:10BF40002320F5001305F0FF6FF05FFE9305000856
:10BF50002326C100EF70DFDC23ACA4100326C10050
:10BF6000930705001307050093060508630A0500FB
:10BF70002320070013074700E31CD7FE6FF0DFF90B
:10BF8000032481011305F0FF6FF05FFA130101FF35
:10BF900023229100232611009307F001930405004A
:10BFA00063E0B70A832785112324810013840500E9
:10BFB0006384070413972500B387E70003A70700EE
:10BFC000630C070293061000630CD7009306F0FF82
:10BFD0006308D70423A0070013850500E7000700C6
:10BFE00003248100130500008320C1008324410045
:10BFF000130101016780000013850400EF00C043B6
:10C0000013060400032481008320C100930505006A
:10C010001385040083244100130101016F00803B5C
:10C02000032481008320C100930760012320F500D1
:10C0300083244100130510001301010167800000F3
:10C04000930760012320F5001305F0FF6FF0DFF97F
:10C050009307F00163EAB70C83278511130101FFF1
:10C06000232481002322910023261100138405003C
:10C07000930405006380070813172400B387E700C3
:10C0800003A70700630C07029306F0FF6300D706BF
:10C09000930610006300D7041305040023A00700D3
:10C0A000E7000700130500008320C100032481007E
:10C0B0008324410013010101678000008320C10037
:10C0C00003248100832441001305100013010101A2
:10C0D000678000008320C100032481008324410085
:10C0E00013053000130101016780000013052000D3
:10C0F0006FF09FFB93050008EF709FC223ACA41064
:10C1000093070500630E0500130705009306050855
:10C110002320070013074700E31CD7FE6FF0DFF56D
:10C120001305F0FF6FF05FF81305F0FF6780000064
:10C13000130101FF23229100232611009307F00130
:10C1400083A401C763EEA70883A784112324810079
:10C15000130405006382070413172500B387E70063
:10C1600003A70700630A070293061000630AD700BB
:10C170009306F0FF6306D70423A00700E70007003B
:10C1800003248100130500008320C10083244100A3
:10C19000130101016780000013850400EF00C0292E
:10C1A00013060400032481008320C10093050500C9
:10C1B0001385040083244100130101016F008021D5
:10C1C000032481008320C1009307600123A0F400B1
:10C1D0001305100083244100130101016780000052
:10C1E0009307600123A0F4001305F0FF6FF0DFF95F
:10C1F000130101FF23202101232611009307F001E1
:10C2000003A901C763E2A7042324810013040500E6
:10C21000032589112322910093840500630E0502F2
:10C2200013142400B307850003A50700032481002D
:10C2300023A09700832441008320C100032901002B
:10C240001301010167800000930760012320F900BA
:10C250001305F0FF6FF05FFE93050008130509005A
:10C26000EF701FAC232CA9109307050013070508D6
:10C27000630A050023A0070093874700E31CF7FE2D
:10C280006FF01FFA03248100832441001305F0FF9F
:10C290006FF09FFA130101FF2324810003A401C75B
:10C2A0002326110083278411638C070013050000E7
:10C2B0008320C10003248100130101016780000075
:10C2C0009305000813050400EF709FA5232CA4100C
:10C2D000630C05009307050823200500130545009E
:10C2E000E31CF5FE6FF09FFC1305F0FF6FF05FFCA1
:10C2F000130101FF23229100232611009307F0016F
:10C3000083A401C763E4A70C83A7841123248100BD
:10C31000130405006382070813172400B387E7009E
:10C3200003A70700630C07029306F0FF6300D7061C
:10C33000930610006300D7041305040023A0070030
:10C34000E700070003248100130500008320C100DB
:10C350008324410013010101678000000324810050
:10C360008320C10083244100130510001301010143
:10C3700067800000032481008320C10083244100E2
:10C3800013053000130101016780000003248100C0
:10C39000130520006FF09FFB930500081385040030
:10C3A000EF701F9823ACA41093070500630E0500DF
:10C3B000130705009306050823200700130747000D
:10C3C000E39CE6FE6FF05FF5032481001305F0FFA8
:10C3D0006FF0DFF7130101FF1387050023248100AD
:10C3E000232291001304050093050600130507009E
:10C3F0002326110023A401C8EF404F929307F0FFBA
:10C40000630CF5008320C1000324810083244100D4
:10C41000130101016780000083A781C8E38407FE40
:10C420008320C1002320F4000324810083244100E1
:10C4300013010101678000006F400F8CB7071000E7
:10C44000130101FE938EF7FF33F8BE00B3F7DE0051
:10C4500013D346012328210113D9450193973700AF
:10C46000232C81001318380013D4F5011357D5017C
:10C470009358D6011379F97F1373F37F232E11009C
:10C48000232A91002326310193D6F601B3E8F80060
:10C490003367070193153500131F3600B307694052
:10C4A0006304D41E6352F016630603289306F07FDC
:10C4B0006306D942930680031306100063CEF6028A
:10C4C000B7068000B3E8D8009306F00163CEF652B9
:10C4D00093060002B386F6403396D8003355FF002A
:10C4E000B316DF003366A600B336D000B3D8F80029
:10C4F0003366D600330717413386C540B3B5C50050
:10C5000093040600B309B7409397890063DA0732B2
:10C51000B70780009387F7FFB3F9F9006388092C08
:10C5200013850900EF201001930785FF9306000291
:10C530003387F64033D7E400B399F9003367370106
:10C54000B394F40063C8274BB38727419387170040
:10C55000B386F6403396D400B3D9F4003336C00026
:10C5600033663601B316D700B3E4C600B359F700FB
:10C570001309000093F774006380070293F7F40037
:10C5800013074000638AE7009387440033B697009F
:10C59000B389C900938407009397890063DA076E13
:10C5A000930719001307F07F130E04006386E72A30
:10C5B000370780FF1307F7FF33F7E90093F7F77F9B
:10C5C0001318D70113D63400131797003368C80027
:10C5D0001357C7008320C1010324810193974701AA
:10C5E000B3E7E7001317FE01B3E7E7008324410137
:10C5F000032901018329C100130508009385070061
:10C600001301010267800000638C0714B307234104
:10C610006312093C3365B7006304054C1385F7FFCB
:10C62000630205601308F07F638607579307800352
:10C630001306100063CCA702930705001306F00150
:10C64000634CF656130500023305F5403316A70078
:10C6500033D8F5003395A500336606013335A000C5
:10C660003357F7003366A600B388E8403306CF405F
:10C670003337CF0093040600B389E8401309030061
:10C68000138406006FF05FE86350F01E631003141C
:10C69000B3E6E801638C06269386F7FF63800648BD
:10C6A0001306F07F638CC722930780039309100061
:10C6B00063CCD702938706009306F00163C0F64A65
:10C6C00093060002B386F640B399D8003356FF00B4
:10C6D000B316DF00B3E9C900B336D000B3D8F80011
:10C6E000B3E9D90033071701B385B900B3B93501F0
:10C6F00093840500B389E9009397890063D20714F6
:10C70000130919009307F07F630CF936B70780FF10
:10C710009387F7FF13F61400B3F7F90013D714004B
:10C720003367C7001396F701B364E60093D9170087
:10C730006FF05FE4B3E6E801638A061C9386F7FFB7
:10C74000638006401306F07F638AC718930780034F
:10C7500013061000E3C2D7DA938706006FF0DFD626
:10C76000130819001378E87F631C08223363B700AD
:10C7700033E8E80163100938630E03466306084096
:10C78000B389E54133B53501330617413306A64079
:10C7900013158600635E0550B305BF403387E8403C
:10C7A000333FBF003307E74113168700938405002A
:10C7B000635E0652B70780FF9387F7FF3377F70072
:10C7C000138E0600930710006FF09FDF9306F07F33
:10C7D0006306D9109306800393091000E3C6F6F0B0
:10C7E000B7068000B3E8D8006FF01FED1385040092
:10C7F000EF204054930785019306F001E3D8F6D269
:10C80000130785FF3397E40063C627233389274145
:10C810009307190063D6F648130919FE9306000220
:10C82000B3542701638CD70093060004B387F64006
:10C830003317F7003337E000B3E4E40013090000D6
:10C8400093F77400E39C07D29307090013D63400D2
:10C85000138709006F00000C9307F07F1307000097
:10C86000130800006FF01FD7638A070CB30723413A
:10C870006302091E9306F07F6308D3329306800398
:10C880009309100063CEF602B70680003367D70025
:10C890009306F00163C8F63C93060002B386F640A7
:10C8A000B319D70033D6F500B396D500B3E9C90064
:10C8B000B336D0003357F700B3E9D900B388E800A6
:10C8C0003387E901B339370193040700B3891901AC
:10C8D000130903006FF05FE26310080213163500BE
:10C8E000135636001318D7013368C80013573700A2
:10C8F0003367070163060718130E00009307F07FE4
:10C9000037070800130800006FF0DFCC131635005E
:10C91000135636001318D7019306F07F3368C8000A
:10C9200013573700E386D7FC1317C7001357C70008
:10C9300093F7F77F130E04006FF0DFC99306190019
:10C9400013F8E67F63180814B366B700631C092860
:10C9500063820630B3E6E80163880622B387E50107
:10C96000B3B5B700330717013307B70013D8370043
:10C9700093178700130E040063DE0734B70780FFA8
:10C980009387F7FF3377F7009317D70113573700D3
:10C9900033E807013377D701930710006FF09FC387
:10C9A0003388E541B3B70501B3091741B389F940AD
:10C9B000939789009304080063C607103368380111
:10C9C000E31E08B4130E00009307000013070000D5
:10C9D0006FF05FC01305F07F630EA31A1305800389
:10C9E00013061000E344F5C8370680003367C7001C
:10C9F0006FF0DFC4B70980FF9389F9FF3309F9406D
:10CA0000B37937016FF01FB7938607FE1306000254
:10CA1000B3D6D800638AC70013060004B307F640F4
:10CA2000B397F800336FFF003336E0013366D6006A
:10CA30006FF09FACB70680FF9386F6FFB307F9400F
:10CA40003377D7001318D7013368380113573700ED
:10CA50006FF09FEDB366B7006386061E9386F7FFFF
:10CA6000638E060A1305F07F6380A7149307800383
:10CA700093091000E3C6D7E4938706006FF05FE1E7
:10CA8000130E04009307F07F130700001308000043
:10CA90006FF05FB49307F07FE384F6FE338FE50118
:10CAA000B335BF00B3071701B387B7001396F7017B
:10CAB000135F1F00B364E60193D9170013890600C2
:10CAC0006FF05FAB3306BF40B387E8403337CF002A
:10CAD00093040600B389E740138406006FF01FA497
:10CAE0001316360013563600138406001387080009
:10CAF0006FF05FE2E31203DE6306081C13D7380011
:10CB0000131636009398D801336717011356360071
:10CB10003367C700138406006FF0DFDD338FE50154
:10CB2000B3081701B335BF00B389B80093978900E4
:10CB300093040F0063D4070E130920006FF01FBD8C
:10CB4000338FE541B3081741B3B5E50193040F00F6
:10CB5000B389B840130910006FF01F9B938607FE3E
:10CB600013060002B3D6D800638AC7001306000478
:10CB7000B307F640B397F800336FFF00B339E00115
:10CB8000B3E9D9006FF05FB613163500935936003C
:10CB90006FF05FEB13163600135636001384060051
:10CBA000138708006FF01FD4131636001356360093
:10CBB000138708006FF01FD3138507FE13060002CA
:10CBC0003355A700638AC70013060004B307F64075
:10CBD000B317F700B3E5F5003336B0003366A600AF
:10CBE0006FF0DFA8E38206FC33EFE801E3160FD015
:10CBF0006FF0DFCEE30808DC131836009397D801F6
:10CC00001358380013D738003368F8003377D7014A
:10CC1000138E0600930700006FF0DF9B9307100050
:10CC20006FF0DFC2B305BF40B388E8403337BF00C1
:10CC300093840500B389E8401384060013091000AB
:10CC40006FF09F8C131636001356360013870800BA
:10CC50006FF05FCC13163600935936001387080027
:10CC60006FF05FDE938607FE13060002B356D7000F
:10CC7000638AC70013060004B307F640B317F70032
:10CC8000B3E5F500B339B000B3E9D9006FF05FC385
:10CC900013D6340093070900138709006FF09FC76C
:10CCA00093060002B386F640130600006FF05F8B18
:10CCB00033E8C900E30808D093D939001307060008
:10CCC0006FF05FD8130E00009307F07F370708005E
:10CCD0006FF05F909317D7011357370033E80701C0
:10CCE0003377D701930700006FF0DF8E1318D70159
:10CCF00093D535003368B800135737001384060006
:10CD00006FF09FC2130101FD232E310193D945011C
:10CD1000232481022322910223202103232C410179
:10CD2000232671019394C50023261102232A510161
:10CD3000232861012324810193F9F97F130405005D
:10CD4000930B06001389060093D4C40013DAF5018F
:10CD5000638A09189307F07F6388F9089394340075
:10CD60009357D501B3E7970037078000B3EAE70090
:10CD7000131B3500938919C093040000130C0000A5
:10CD8000935749011314C90093F7F77F1354C40054
:10CD90001359F901638207081307F07F638AE718C4
:10CDA0001314340013D7DB0133678700938717C050
:10CDB000370480003364870093983B00B389F940BF
:10CDC000130600001307F000B3462A01636497249A
:10CDD000B7170280939424009387C79AB384F40012
:10CDE00003A7040067000700B3EAA400639E0A1CBF
:10CDF000935749011314C90093F7F77F130B0000F1
:10CE0000930480009309F07F130C20001354C40096
:10CE10001359F901E39207F8B36874016382081C9F
:10CE2000630A044A13050400EF10D070930705004D
:10CE3000930655FF1307D001938887FF3307D74028
:10CE40003314140133D7EB0033648700B3981B010C
:10CE5000B38737019389373F130600006FF09FF6C1
:10CE60003307F74013068003635AE64E930700002A
:10CE700013060000130700008320C102032481026F
:10CE800093974701B3E7C7009396F601B3E7D7003E
:10CE900083244102032901028329C101032A81015C
:10CEA000832A4101032B0101832BC100032C810044
:10CEB0001305070093850700130101036780000035
:10CEC0009307F07F13060000130700006FF0DFFAEE
:10CED000930600009307F07F370608001307000051
:10CEE0006FF09FF9B3EAA400638C0A1063880440D2
:10CEF00013850400EF10106413070500930655FF17
:10CF00009307D001130B87FFB387D740B394640115
:10CF1000B357F400B3EA9700331B64019309D0C000
:10CF2000B389E94093040000130C00006FF05FE543
:10CF3000B368740193891980639C080A93E4240000
:10CF400013040000130620006FF0DFE713090A0046
:10CF500013840A0093080B00930720006308FC4E1B
:10CF600093073000E306FCF69307100093060900D0
:10CF7000E30EFCEE9387F93F6356F02A13F778002F
:10CF80006316074A13177400635A0700B70700FFB8
:10CF90009387F7FF3374F400938709401307E07F0A
:10CFA000E340F7F293D838001317D4011316940016
:10CFB000336717011356C60093F7F77F6FF0DFEB67
:10CFC000130C06006FF05FF9938A0400130B050041
:10CFD0009304C0009309F07F130C30006FF05FDA08
:10CFE00093E4140013040000130610006FF09FDD9B
:10CFF00093E4340093880B00130630006FF09FDC3D
:10D00000130B00009304400093090000130C100060
:10D010006FF01FD76364542B63808A2A13030B00BD
:10D020009389F9FF93870A00130B000013178400FC
:10D030001355070133D4A70213D688013366E600DF
:10D04000131806011358080193958800135703011C
:10D05000B3F7A702B308880293970701B367F700F5
:10D0600063FA1701B307F6001307F4FF63F0C72E46
:10D0700013040700B3871741B3D8A702131703019E
:10D0800013570701B3F7A702B30F180393970701CC
:10D090003367F700637AF7013307E6009387F8FFF9
:10D0A000637EC7289388070013140401B7020100A8
:10D0B000336414011383F2FFB3786400935E0401B8
:10D0C00013DE050133F36500330F13033307F74114
:10D0D000B3081E0393570F01B38F6E02B388F80194
:10D0E000B3871701B38ECE0363F4F701B38E5E00EE
:10D0F000B70F0100938FFFFF93D80701B3F7F70134
:10D1000093970701337FFF01B388D801B387E70105
:10D11000636E1717630A1717B307FB4033071741EE
:10D12000333BFB00330767416300E62EB358A70289
:10D1300093DE07013377A702330F18031317070194
:10D1400033E7EE00637EE7013307E600938EF8FFD6
:10D15000636AC72E6378E72F9388E8FF3307C70019
:10D160003307E741B35EA7029397070193D70701FF
:10D170003377A7023308D80313170701B3E7E70093
:10D1800063FE0701B307F6001387FEFF63E8C72AB3
:10D1900063F6072B938EEEFFB387C70093980801C1
:10D1A000B3E8D8011395080113DF080113550501F1
:10D1B000B30E6502B38707413305AE0213D70E01E4
:10D1C00033036F02330565003307A700330EEE0308
:10D1D0006376670037050100330EAE0037080100A3
:10D1E0001308F8FF135507013377070113170701D9
:10D1F000B3FE0E013305C5013307D70163F2A71251
:10D20000B307F6001383F8FF1388070063E4C71C15
:10D2100063E8A7246386A7269308030093E8180011
:10D220006FF05FD513071000E39C07C29389E941B3
:10D23000B3973801B337F000B3193401B3E73701BE
:10D24000B3D8E800B3E8F80093F778003354E4006B
:10D250006380070293F7F80013074000638AE70032
:10D2600093874800B3B8170133041401938807006B
:10D2700093158400930710001306000013070000A5
:10D28000E3CC05BE6F004013E378FBE8B30EBB00B0
:10D2900033BF6E01B30FCF003307F701138B0E00BE
:10D2A000930FF4FF6374E60863621715638EE81248
:10D2B00013840F006FF05FE6E3621BD713571B0068
:10D2C0001393FA0193D71A003363E300131BFB0196
:10D2D0006FF0DFD513850B00EF10D02593065501B5
:10D2E0001307C00193070502E356D7B4130585FF62
:10D2F000930800003394AB006FF09FB5EF109023BC
:10D30000930655019307C00113070502E3DAD7BE60
:10D31000930785FFB31AF400130B00006FF01FC0D2
:10D32000E39EA7EEE30807C46FF09FEDE312E6F873
:10D33000E30C0FF613840F006FF01FDEE374F7D7D2
:10D340009388E8FF3307C7006FF01FD6E3F217D3C7
:10D350001304E4FFB387C7006FF0DFD11306F001B9
:10D36000E356E6EC130610FEB307F6401306000280
:10D37000B357F4006308C7009389E943B319340134
:10D38000B3E83801B3381001B3E8F80013F77800B8
:10D39000130600006308070293F7F8001307400024
:10D3A00013040000638AE70093874800B3B81701AD
:10D3B0003334100193880700131694001317D40117
:10D3C0001356C60093D8380033E7E80093070000EF
:10D3D0006FF09FAA93080300E312A8E4E30CB7B828
:10D3E00093E818006FF01FB9E3F4FEECB38ED5019B
:10D3F00033BFBE00330FCF001304E4FF138B0E00C6
:10D400003307E7016FF05FD1130720C09387F93F1F
:10D410009308F0FFE3C8E9E013874800B338170129
:10D4200033041401930807006FF0DFB513F7F80019
:10D4300013064000E308C7B46FF01FFE930E070009
:10D440006FF0DFD593880E006FF09FD1930609002F
:10D450009307F07F13060000130700006FF0DFA1B1
:10D46000139315003338B3003308C800338807011D
:10D470009388E8FF93050300E302A8F66FF01FDA34
:10D48000E3E0E5FE93080300E31CB7F46FF09FAE02
:10D4900013D74501B70710009387F7FF13D846014C
:10D4A0001377F77F1303F07F33FEB700930805006F
:10D4B000B3F7D70093D5F5011378F87F93D6F6012B
:10D4C00013051000630C670063086800631407010C
:10D4D0006306FE026780000067800000E31CE8FE30
:10D4E000B367FE00B3E7C700B3E71701E39407FE95
:10D4F000B385D5403335B00067800000E39CC8FC9D
:10D50000638AD500E31807FC336E1E013335C00172
:10D5100067800000130500006780000093D8450174
:10D52000B70710009387F7FF13D7460193F8F87FEA
:10D53000130EF07F33F3B70013080500930E0500B8
:10D54000B3F7D70093D5F501130F06001375F77FD6
:10D5500093D6F6016388C8056304C503639A080679
:10D56000336803016310050633E6C700630C060841
:10D570006312080A13051000638206086780000022
:10D5800033E6C7006314060863960800336303019B
:10D59000E30203FE6380D5066392050613051000BF
:10D5A000678000003363030163120306E31615FF6F
:10D5B000B3E7C700639C0704E390D5FE13050000A2
:10D5C00067800000E30808FAE398D5FC6F0080024A
:10D5D000E30405FCE392D5FCE34015FD63CCA80011
:10D5E000E3EC67FA6318F300E368DFFB1305000060
:10D5F000E3F6EEF913051000E39205F81305F0FFCA
:10D6000067800000E31A08F8678000001305E0FF58
:10D6100067800000E386D5FC6FF01FF893D84501C2
:10D62000B70710009387F7FF13D7460193F8F87FE9
:10D630001303F07F33FEB70013080500930E0500B7
:10D64000B3F7D70093D5F501130F06001375F77FD5
:10D6500093D6F601638A680463046502639808063A
:10D6600033680E01631E050833E6C7006304060A2B
:10D670006316080A1305100063800608678000001F
:10D6800033E6C70013052000E31A06FE6396080080
:10D69000336E0E01E3000EFE638CD504639E050419
:10D6A0001305100067800000336E0E0163100E0634
:10D6B000E31615FFB3E7C70013052000E39007FC4E
:10D6C000E39ED5FC1305000067800000E30805FC1D
:10D6D000E396D5FCE34415FD63CCA800E3E0C7FD69
:10D6E0006318FE00E36CDFFB13050000E3F8EEF9BE
:10D6F00013051000E39405F81305F0FF67800000A0
:10D70000E30A08F6E39CD5F86FF09FFE13052000AE
:10D7100067800000E31408F867800000E380D5FC10
:10D720006FF0DFF7130101FD93D745012324810238
:10D730002322910223202103232E3101232A510188
:10D740009394C50023261102232C41012328610153
:10D75000232671012324810193F7F77F1304050029
:10D76000930A06009389060093D4C40013D9F501E7
:10D77000638407421307F07F6386E70A93963400B9
:10D780001357D5013367D700B7068000B364D700BD
:10D79000131A3500138C17C0130B0000930B0000F5
:10D7A00093D749011397C90093F7F77F138F0A00A6
:10D7B0001354C70093D9F9016380070A1307F07F58
:10D7C000638EE7141317340093D5DA01B3E5E5004F
:10D7D000938717C03707800033E4E500139F3A00B2
:10D7E000B3888701130300001307A00013851800F6
:10D7F000634C670BB345390193072000138805007C
:10D8000063C66715130BFBFF1307100063606717F0
:10D81000630AF33C93040400130A0F00930B030004
:10D820006F00C00933EAA40063180A3C93D749018A
:10D830001397C90093F7F77F93040000130B800040
:10D84000130CF07F930B2000138F0A001354C700B2
:10D8500093D9F901E39407F6B36754016382073C57
:10D860006300044A13050400EF10C04C9308050040
:10D87000130755FF9307D001138F88FFB387E74045
:10D88000B3D7FA003317E40133E4E700339FEA012A
:10D89000B3081C419388D8C01307A00013030000ED
:10D8A00013851800E35867F59305090093072000D6
:10D8B000638AFB3293073000638CFB4893071000A8
:10D8C00013880500639AFB46930700009306000047
:10D8D000130700008320C1020324810293974701AC
:10D8E000B3E7D7009316F801B3E7D70083244102CA
:10D8F000032901028329C101032A8101832A4101ED
:10D90000032B0101832BC100032C810013050700A9
:10D9100093850700130101036780000033675401FA
:10D920009308FC7F630A073037170000334839013A
:10D9300013070780136B3B009306A00093050800B4
:10D940003305EC0063C06639130330001306100082
:10D950003316660113770653E31A07F49377062408
:10D960006394073C137686086312062EB70F0100F6
:10D97000938EFFFFB377DA0193560A01B37EDF017E
:10D98000135E0F013387D7033383D6039355070103
:10D990003306FE0233066600B385C500338FC60327
:10D9A00063F46500330FFF01B70301001386F3FF33
:10D9B00033F3C500935F04013377C7003374C400A9
:10D9C00013130301B38287023303E30093D50501E8
:10D9D0003387860213D60201B387FF02B387E700BD
:10D9E0003306F600B387F6036374E600B387770067
:10D9F000370901009309F9FF3377360193D3040106
:10DA0000B3F63401B3F2320113170701B384DE0217
:10DA100033075700135606013306F600B385E500B9
:10DA2000B302DE0293D70401B38ED303B382D201D3
:10DA3000B3875700330E7E0263F4D701330E2E01F5
:10DA4000B7090100938EF9FFB3F2D70193D707010D
:10DA5000B387C701B3FED401939202013309D40204
:10DA6000B382D20133848302135E0901B386DF02DD
:10DA7000B3868600330EDE00B38E7F0263748E00A1
:10DA8000B38E3E01B70F0100938FFFFFB376FE0107
:10DA9000939606013379F901B385E501B386260132
:10DAA0003386C60033B7E5003307E600338F5500F1
:10DAB000B307F700B335BF00B385B700B336D60060
:10DAC0003336C700B3E6C60033B7E700135E0E0176
:10DAD000B3B7F500B386C6013367F70093179F000D
:10DAE0003307D700B3E767003307D701B337F00038
:10DAF00013567F011317970093D67501B3E7C7003C
:10DB00009395950033EAB70093177700B364D70075
:10DB100063D0070213571A0093771A009396F40103
:10DB2000B367F70033EAD70093D4140093080500D5
:10DB30001386F83F6356C01293777A00638007021A
:10DB40009377FA0013074000638AE70013074A003F
:10DB5000B3374701B384F400130A070093977400A6
:10DB600063DA0700B70700FF9387F7FFB3F4F40009
:10DB7000138608409307E07F63C4C71C93573A009D
:10DB80001397D401939694003367F70093D6C60099
:10DB90009377F67F6FF01FD433EAA40063080A0678
:10DBA000638E041213850400EF10C01813060500DD
:10DBB000930655FF1307D001930786FF3307D7401D
:10DBC0003357E400B396F400B364D700331AF4007B
:10DBD0009307D0C0338CC740130B0000930B000099
:10DBE0006FF01FBC138805009307F07F93060000B9
:10DBF000130700006FF01FCE130A0500130BC000BF
:10DC0000130CF07F930B30006FF09FB9930400006A
:10DC1000130B4000130C0000930B10006FF05FB863
:10DC2000136B1B0093080C0013040000130F00007B
:10DC3000130310006FF05FBB136B2B001304000085
:10DC4000130F0000130320006FF01FBA93040400A9
:10DC5000130A0F00930B0300938509006FF01FC593
:10DC600013071000631006109388E84133161A0159
:10DC70003336C000B3981401B357EA003366160177
:10DC80003366F60093777600B3D5E400638007022D
:10DC90009377F60013074000638AE7009307460076
:10DCA00033B6C700B385C5001386070013958500FA
:10DCB000930710009306000013070000E34C05C013
:10DCC0006F00C0101307F0006310EB121308000080
:10DCD000B7060800130700006FF0DFBFEF108005E4
:10DCE000930655019307C00113060502E3D4D7EC50
:10DCF000130585FF130A0000B314A4006FF05FED55
:10DD000013850A00EF100003130755019307C001A4
:10DD100093080502E3D0E7B6130585FF130F000053
:10DD20003394AA006FF0DFB6130800009307F07F6A
:10DD3000B70608006FF01FBA930805006FF05FDFA9
:10DD40009307F07F93060000130700006FF09FB861
:10DD5000130800009307F07FB706080013070000C0
:10DD60006FF05FB73307C74093078003E3CEE7B494
:10DD70009307F001E3DAE7EE930710FEB387C7409D
:10DD800093060002B3D7F4006308D7009388E843F2
:10DD9000B3981401336A1A01333640013366F60032
:10DDA0001377760093060000630807029377F60066
:10DDB0001307400093050000638AE70093074600BD
:10DDC00033B6C700B335C00013860700939695009D
:10DDD0001397D50193D6C600135636003367E60075
:10DDE000930700006FF01FAF93040400138A0A002A
:10DDF000930B3000938509006FF05FABB7071000FD
:10DE00009387F7FF130101FEB3F8B70033F8D7008B
:10DE100093D7460193983800232C810023263101A3
:10DE200013D4F50193D945011357D50113183800C0
:10DE30009355D601232E1100232A91002328210176
:10DE400013FFF77F1303F07F3367170193F9F97F0F
:10DE5000130E04009318350093D6F601B3E50501BF
:10DE6000931E3600630C6F2093C61600B387E941FA
:10DE70006302D416E35AF000630A0F246384693CFA
:10DE8000930680031305100063CEF602B7068000E8
:10DE9000B3E5D5009306F00163C4F64E9306000285
:10DEA000B386F6403395D50033D6FE00B396DE0038
:10DEB0003365C500B336D000B3D7F5003365D50060
:10DEC0003307F7403385A84033B6A8009304050014
:10DED0003309C7409317890063D80734B707800018
:10DEE0009387F7FF3379F9006306092E13050900BC
:10DEF000EF005064930785FF930600023387F640D6
:10DF000033D7E4003319F90033672701B394F400E1
:10DF100063C4373FB387374193871700B386F64012
:10DF20003396D40033D9F4003336C0003366C900C9
:10DF3000B316D700B3E4C6003359F70093090000C5
:10DF400093F774006380070293F7F400130740000F
:10DF5000638AE7009387440033B597003309A9002B
:10DF6000938407009317890063D0076C9387190087
:10DF70001307F07F6386E724370780FF1307F7FF57
:10DF80003377E90093F7F77F1318D70113D53400DF
:10DF9000131797003368A8001357C700137E1400A7
:10DFA0008320C1010324810193974701B3E7E70070
:10DFB0001317FE01B3E7E7008324410103290101A0
:10DFC0008329C1001305080093850700130101028E
:10DFD000678000006352F07063160F1CB3E6D50132
:10DFE000638E06269386F7FF63880646638C672454
:10DFF000930780031309100063CCD70293870600B0
:10E000009306F00163CAF64893060002B386F64011
:10E010003399D50033D6FE00B396DE003369C900CC
:10E02000B336D000B3D7F5003369D9003307F70012
:10E030003306190133392601930406003309E90038
:10E040009317890063D2071E938919009307F07F05
:10E050006388F916B70780FF9387F7FF13F514005D
:10E06000B377F90013D714003367A7001395F701AE
:10E07000B364E50013D917006FF09FEC33E8D501C6
:10E080001383198063080806630AD4066304030E29
:10E09000638E0926131536001355350013840600C8
:10E0A000138705001318D7013368A80013573700EA
:10E0B0003367070163060710130E00009307F07F14
:10E0C00037070800130800006FF09FEDB3E6D50195
:10E0D000638606189386F7FF6382063A63846716A1
:10E0E0009307800313051000E3CED7DC9387060067
:10E0F0006FF05FDA93C61600E31AD4F863080318CA
:10E100006390092C9307F07FB36617016388064874
:10E110009386F7FF638206341305F07F6382A72A94
:10E12000930780031309100063CAD7029307F00115
:10E1300063C6D74C93070002B387D7403319F70063
:10E1400033D6D800B397F8003369C900B337F0006D
:10E15000B356D7003369F900B385D5003307D90129
:10E1600033392701930407003309B90093090F00DD
:10E170006FF01FED9387190093F7E77F63940714FF
:10E1800033E8D501B36717016394092A638E073812
:10E190006310083C13153500135935009307000030
:10E1A0006F0040116380690A930680031309100011
:10E1B000E3C0F6E8B7068000B3E5D5006FF05FE492
:10E1C000137E14009307F07F13070000130800006C
:10E1D0006FF01FDD13850400EF00D0359307850134
:10E1E0009306F001E3DAF6D0130785FF3397E400D6
:10E1F00063CE371BB38937419387190063DEF6423C
:10E20000938919FE93060002B3543701638CD7003B
:10E2100093060004B387F6403317F7003337E00066
:10E22000B3E4E4009309000093F77400E39E07D081
:10E230009387090013D53400130709006F0080028B
:10E24000E31C08E6131535001318D70113553500E4
:10E250003368A800135737006FF09FE5131535009A
:10E26000135535001318D7019306F07F3368A800C3
:10E2700013573700E38ED7E21317C7001357C700B1
:10E2800093F7F77F137E14006FF09FD193861900E8
:10E2900093F7E67F639E0712B3671701639A092419
:10E2A00063860730B3E7D501639A0730131535004D
:10E2B000135935001318D701336828011357370055
:10E2C0006FF09FFB3388D841B3B708013309B740DB
:10E2D0003309F940931789009304080063C20712B9
:10E2E00033682801E31208C0130E000093070000F2
:10E2F000130700006FF0DFCA370980FF1309F9FF29
:10E30000B389F940337927016FF09FC39307F07FFA
:10E3100033651701630405101388F7FF6302081EB5
:10E320001305F07FE388A7D69307800313840600C4
:10E330001305100063CA07039307F00163C40719AC
:10E3400093070002B38707413315F700B3D60801DE
:10E35000B397F8003365D500B337F00033580701A1
:10E360003365F500B38505413385AE4033B7AE0064
:10E37000930405003389E54093090F006FF09FB5C2
:10E38000938607FE13060002B3D6D500638AC70042
:10E3900013060004B307F640B397F500B3EEFE0092
:10E3A0003335D0013365D5006FF0DFB1B70680FF9C
:10E3B0009386F6FFB387F9403377D7006FF09FEF6E
:10E3C0001315360013553500138705006FF09FCDE8
:10E3D0009307F07FE386F6DEB38ED80133B61E01D5
:10E3E000B307B700B387C7001395F70193DE1E008C
:10E3F000B364D50113D91700938906006FF05FB499
:10E4000033861E41B387E54033B7CE009304060040
:10E410003389E740138406006FF01FAD13163600F2
:10E420001355360013840600138705006FF09FE331
:10E43000E39807E06306082213D735001316360069
:10E440009395D5013367B700135636003367C7007D
:10E45000138406006FF01FC6B38ED801B305B70052
:10E4600033B61E013389C5009317890093840E00CB
:10E4700063D8070A930920006FF0DFBDB38ED8413F
:10E48000B305B74033B6D80193840E003389C54035
:10E49000930910006FF01FA4938607FE1306000275
:10E4A000B3D6D500638AC70013060004B307F6404D
:10E4B000B397F500B3EEFE003339D0013369D900CC
:10E4C0006FF01FB7930708FE93060002B357F700DB
:10E4D000630AD80093060004B38606413317D700B9
:10E4E000B3E8E800333510013365F5006FF0DFE77E
:10E4F000E38807ECB3EED501E3900EBC6FF09FD438
:10E5000033861E41B385E54033B7CE009304060041
:10E510003389E54013840600930910006FF09F9B38
:10E52000930710006FF01FD1E30008DC13163600CC
:10E53000935736001398D501139795003368F80068
:10E540001357C700138E0600930700006FF05FA5F6
:10E550003389D841B3B728013306B7403306F640B4
:10E560009317860063D2070E33861E413387E5403A
:10E57000B3BECE003307D74193178700930406003C
:10E5800063DE0712B70780FF9387F7FF3377F70043
:10E5900013840600930710006FF01F9F13163600B8
:10E5A00013553600138705006FF0DFCB13163600C6
:10E5B00013593600138705006FF0DFCFB386D801FB
:10E5C000B307B70033B61601B387C70013978700A8
:10E5D00013D83600635E0708370780FF1307F7FF7D
:10E5E000B3F7E7001397D7019397970033680701B4
:10E5F00013D7C700930710006FF09F9A938706FE0A
:10E6000013060002B357F700638AC600130600041E
:10E61000B306D6403317D700B3E8E800333910010A
:10E620003369F9006FF09FB313D534009387090065
:10E63000130709006FF01FC393060002B386F6406C
:10E64000130600006FF09F8E3368C900E30E08C800
:10E650001359390093070000130706006FF09FC598
:10E66000130E00009307F07F370708006FF05F93E9
:10E670001397D701939797003368070113D7C70003
:10E68000930700006FF0DF91E38607AE33083F4148
:10E6900093070800E38E09C69307800363CA070146
:10E6A000B70780003367F700138406006FF0DFC8F8
:10E6B00013840600130510006FF01FCB1318D70149
:10E6C000135636003368C80013573700930700000D
:10E6D000138406006FF05FBAE38A07BAB3063F41BE
:10E6E00063960900938706006FF01FA293078003CB
:10E6F00013091000E3C4D7A6B70780003367F700FB
:10E700006FF0DFA213D74501B70710009387F7FF1B
:10E710001347F7FF13D84601B3F5B700B3F7D70097
:10E72000931657011378F87F638006021307F07F72
:10E73000130500006304E80067800000B3E7C7002A
:10E740003335F00067800000B3E5A5001305100025
:10E75000E38E05FC6780000093D74501B7061000E3
:10E760001387F6FF93F7F77F1306E03F3377B70081
:10E7700093D5F501635EF6001306D041635EF600A3
:10E78000370500801305F5FF3385A500678000007D
:10E790001305000067800000130630433306F6407F
:10E7A0001308F0013367D7006350C8029306304165
:10E7B000B387F6403357F7003305E040E39C05FC90
:10E7C00013050700678000009387D7BE3317F70053
:10E7D0003355C5003367A7006FF01FFE130101FF1B
:10E7E000232611002324810023229100630A0504BB
:10E7F0001357F541B344A700B384E44093070500E1
:10E800001385040013D4F701EF00C0529307E041D1
:10E81000B387A7401307A00093F7F77F6340A706CD
:10E820001307B0003307A74033D7E40013055501A1
:10E830001317C700B394A4001357C7006F0040011B
:10E840001304000093070000130700009304000066
:10E85000939747011314F401B3E7E7008320C10045
:10E86000B3E7870003248100138504009385070024
:10E87000832441001301010167800000130555FF47
:10E880003397A4001317C7001357C7009304000061
:10E890006FF01FFC130101FF2324810023261100C8
:10E8A00013040500630C0504EF00C0489307E04122
:10E8B000B387A7401307A00093F7F77F6344A70629
:10E8C0001307B0003307A740130555013357E40081
:10E8D0003314A4008320C100130504001317C700DC
:10E8E000032481001357C70093974701B3E7E7005C
:10E8F0009385070013010101678000008320C10098
:10E90000130504009307000003248100130700008F
:10E9100093974701B3E7E7009385070013010101CF
:10E9200067800000130555FF3317A400130400008F
:10E930008320C100130504001317C70003248100BE
:10E940001357C70093974701B3E7E7009385070084
:10E9500013010101678000008325C500832785001E
:10E96000032805008326450013960501130101FEC7
:10E9700013971500135606012324F1002326B10036
:10E98000232CF100232001012322D100232801019F
:10E99000232AD100232EC1001357170193D5F50167
:10E9A000930801019307C1011315360003A6C7FFA1
:10E9B0009387C7FF9356D601B3E6A60023A2D700DC
:10E9C000E394F8FE93061700131838001396160107
:10E9D000232801011356260163020604B7C6FFFF70
:10E9E000938606403307D7009306E07F63D4E61092
:10E9F0009307F07F130600009306000093974701EA
:10EA00009395F501B3E7C700B3E7B7001385060098
:10EA1000938507001301010267800000032641016E
:10EA2000832881010325C101B3661601B3E6A60060
:10EA3000B3E60601631407046382061493065000CC
:10EA40001306000093D736009316D601B3E6F600FE
:10EA5000131696009377F77F1356C60093974701D6
:10EA60009395F501B3E7C700B3E7B7001385060038
:10EA7000938507001301010267800000638406127A
:10EA800093D7C80113154500B3E7A700B706800068
:10EA9000B3F6D7006382061C370780FF9356C60182
:10EAA000939848001307F7FF33F6E700B3E6160123
:10EAB000B70740003366F60093F686FF9307000021
:10EAC00013D736009316D601131696001356C600B8
:10EAD000939747019395F501B3E7C700B3E6E600C6
:10EAE000B3E7B70013850600938507001301010201
:10EAF00067800000635CE00C8327410103258101EE
:10EB00000326C10193964700B3E6060193D7C701D8
:10EB100013184500131646001355C501B336D0002F
:10EB2000B3E707013366A600B3E6F60093F7760075
:10EB30006380070293F7F60013054000638AA7007D
:10EB400093874600B3B6D7003306D60093860700F6
:10EB5000B7078000B377F600E38607EE13071700C8
:10EB60009307F07FE306F7E8B70780FF9387F7FF87
:10EB70003376F6009377F77F6FF09FF493070000EA
:10EB800013060000939747019395F501B3E7C7007B
:10EB9000B3E7B70013850600938507001301010250
:10EBA000678000009307F07F1306000093974701EA
:10EBB0009395F501B3E7C700B3E7B70013850600E7
:10EBC0009385070013010102678000009306C0FCD3
:10EBD000634CD7089306D003B386E6400327C101F0
:10EBE00013DE5640B70E0800B3EEEE0013152E00EC
:10EBF000232ED10193F6F6013388A800138608006E
:10EC0000130700000323060013064600336767005E
:10EC1000E31AC8FE130630003306C641639A0604A1
:10EC200003280800938616009387470023AE07FF4A
:10EC3000634ED6003388A700032808009386160089
:10EC40009387470023AE07FFE356D6FE93074000A5
:10EC5000B387C7416F004008930500009307F07F1A
:10EC6000370608006FF09FD9130700006FF01FDD13
:10EC70001308050233082800032808FF130F0002B9
:10EC8000330FDF403318E80133670701630E0608CE
:10EC900013182600B30FF8003386A80003250600DA
:10ECA00003234600938747003355D5003313E30110
:10ECB0003365650023AEA7FE13064600E390FFFE12
:10ECC00093074000B387C7411306080233062600A6
:10ECD000B3DEDE002328D6FF93064000B386F6405D
:10ECE000939626009397270013068000B388F800B8
:10ECF00063EAC60023A0080023A20800938686FFCB
:10ED0000938888009307400063E4F60023A008007E
:10ED1000832701013337E00003264101B366F70082
:10ED2000130700006FF09FE0930710001308000026
:10ED30006FF09FF9B7070100637AF50213370510EA
:10ED40001337170013173700B70702803355E50054
:10ED500093870725B387A70003C507009306000222
:10ED6000B386E6403385A64067800000B707000100
:10ED70006374F50213070001B70702803355E500FD
:10ED800093870725B387A70003C5070093060001F3
:10ED90003385A6406780000013078001B707028013
:10EDA0003355E50093870725B387A70003C5070000
:0CEDB000930680003385A64067800000B9
:10EDC000696C6C6567616C20696E737472756374CD
:10EDD000696F6E20657863657074696F6E20686115
:10EDE0006E646C657220656E74657265640A006598
:10EDF00063616C6C20657863657074696F6E206800
:10EE0000616E646C657220656E74657265640A007B
:10EE100065627265616B20657863657074696F6E99
:10EE20002068616E646C657220656E7465726564DD
:10EE30000A00756E6B6E6F776E206578636570740F
:10EE4000696F6E2068616E646C657220656E7465B2
:10EE50007265640A006E6F20657863657074696F0F
:10EE60006E2068616E646C657220696E7374616C8B
:10EE70006C65640A00000000556E696D706C656D0C
:10EE8000656E7465642073797374656D2063616C5D
:10EE90006C2063616C6C6564210A00006C18FFFFD4
:10EEA0006C18FFFF3C18FFFF3C18FFFF3C18FFFFEA
:10EEB0003C18FFFF3C18FFFF3C18FFFF6C18FFFFDA
:10EEC0005C18FFFF3C18FFFF3C18FFFF3C18FFFFDA
:10EED0003C18FFFF5C18FFFF5C18FFFF3419FFFFB1
:10EEE0003C18FFFF3C18FFFF3C18FFFF3C18FFFFDA
:10EEF0003C18FFFF3C18FFFF3C18FFFF3C18FFFFCA
:10EF00003C18FFFF3C18FFFF3C18FFFF3C18FFFFB9
:10EF10003C18FFFF3C18FFFF6C18FFFFE418FFFFD1
:10EF20003C18FFFF3C18FFFF3C18FFFF3C18FFFF99
:10EF30003C18FFFF3C18FFFF3C18FFFF3C18FFFF89
:10EF40003C18FFFF3C18FFFF3C18FFFF3C18FFFF79
:10EF50001819FFFF3C18FFFF3C18FFFF3C18FFFF8C
:10EF60003C18FFFF3C18FFFF3C18FFFF3C18FFFF59
:10EF70003C18FFFF3C18FFFF3C18FFFF3C18FFFF49
:10EF80003C18FFFF3C18FFFF3C18FFFF3C18FFFF39
:10EF90003C18FFFF3C18FFFF3C18FFFF3C18FFFF29
:10EFA0003C18FFFF3C18FFFF3C18FFFF3C18FFFF19
:10EFB0003C18FFFF3C18FFFF3C18FFFF3C18FFFF09
:10EFC0003C18FFFF3C18FFFF3C18FFFF3C18FFFFF9
:10EFD0003C18FFFF3C18FFFF3C18FFFF3C18FFFFE9
:10EFE0002819FFFF1417FFFFB817FFFFC417FFFF13
:10EFF000F416FFFFF416FFFFF416FFFFF416FFFFF1
:10F00000F416FFFFF416FFFF2417FFFFF416FFFFAF
:10F01000F416FFFFF416FFFFF416FFFF9C17FFFF27
:10F020002417FFFF457870656374656420203D20D8
:10F0300025640A00507265646963746564203D202C
:10F0400025640A00526573756C74203A2025642F7C
:10F05000310A000063726564656E63653A20256459
:10F060000A000000656E763030303300696D6167EC
:10F07000652025733A20256420696E737472756368
:10F0800074696F6E730A0000696D6167652025738E
:10F090003A202564206379636C65730A00000000E0
:10F0A0008000000080000000800000008000000060
:10F0B0008000000080000000800000008000000050
:10F0C0008000000080000000800000008000000040
:10F0D0008000000080000000800000008000000030
:10F0E0000D08FAFDF6F60105FC01FB07FEFEFAF23B
:10F0F00006F6F9EBE0DAD8D8D6F10902112A253361
:10F10000D3C6C3D2F9FFFAF723282F24100A110B14
:10F11000DFF10625DFEF0D2CE1F11D1CE2F2051AEF
:10F12000F3000A0BE4EB1815E502170C00F90DFDCE
:10F13000FB01162000FEF30201EEDAE3030E1900D4
:10F14000F7E1EA19F1E8F924E8E4062BEEEF0A20EA
:10F150002517FFFEFCF0FFFBEBFDF513F1FE0C1D88
:10F160001024FCD5341423F82C1D0EFB140A2006A1
:10F17000C8031B1BE4191B15171C27F51610E7C540
:10F180000114231CEDF0161BDFD6E5FB01F2F7F3AB
:10F1900008E4F51C1AF4D2041906F401FD1401FA6E
:10F1A000111125361D1A1121F9F4F203D0D0CDDF4B
:10F1B000FCFBEBEB19FFE0BF130D05DA1636310F40
:10F1C000081D3534DED3F332E2E2CCFDFCF5E6E493
:10F1D000FFEFF4F010F7FE030C0CF9FF15FCF6F34B
:10F1E000800000008000000080000000800000001F
:10F1F000800000008000000080000000800000000F
:10F2000080000000800000008000000080000000FE
:10F2100080000000800000008000000080000000EE
:10F2200080000000800000008000000080000000DE
:10F2300080000000800000008000000080000000CE
:10F2400080000000800000008000000080000000BE
:10F2500080000000800000008000000080000000AE
:10F26000800000008000000080000000800000009E
:10F27000800000008000000080000000800000008E
:10F28000800000008000000080000000800000007E
:10F29000800000008000000080000000800000006E
:10F2A000800000008000000080000000800000005E
:10F2B000800000008000000080000000800000004E
:10F2C000800000008000000080000000800000003E
:10F2D000800000008000000080000000800000002E
:10F2E000800000008000000080000000800000001E
:10F2F000800000008000000080000000800000000E
:10F3000080000000800000008000000080000000FD
:10F3100080000000800000008000000080000000ED
:10F3200080000000800000008000000080000000DD
:10F3300080000000800000008000000080000000CD
:10F3400080000000800000008000000080000000BD
:10F3500080000000800000008000000080000000AD
:10F36000800000008000000080000000800000009D
:10F37000800000008000000080000000800000008D
:10F38000800000008000000080000000800000007D
:10F39000800000008000000080000000800000006D
:10F3A000800000008000000080000000800000005D
:10F3B000800000008000000080000000800000004D
:10F3C000800000008000000080000000800000003D
:10F3D000800000008000000080000000800000002D
:10F3E000800000008000000080000000800000001D
:10F3F000800000008000000080000000800000000D
:10F4000080000000800000008000000080000000FC
:10F4100080000000800000008000000080000000EC
:10F4200080000000800000008000000080000000DC
:10F4300080000000800000008000000080000000CC
:10F4400080000000800000008000000080000000BC
:10F4500080000000800000008000000080000000AC
:10F46000800000008000000080000000800000009C
:10F47000800000008000000080000000800000008C
:10F48000800000008000000080000000800000007C
:10F490008000000080000000000400000004000064
:10F4A000000400000004000000040000000400004C
:10F4B000000400000004000000040000000400003C
:10F4C000C9FBFAE4E6DA1EE3FBE4E72CF8EDF9E920
:10F4D000F21DF61C1E21DAD9DC10F2EDE7F4FD3A3C
:10F4E00006FBD5291BFCE92C1CDFFE0328E9F92EBD
:10F4F00026EBEDD8F7EFEBF322F9FCD62F24F6E25A
:10F50000EBE61CE23201143C2C2AF6FB1EFCF8F858
:10F51000FADD28ECECE912E00CEDF82CE812DF271C
:10F5200025E91BD9021F0EE231DED0E7ECFD26F003
:10F5300027E300FB07E5061427F3F6FDDBD7F8DF2A
:10F54000F8FDFCF902210AE72EF3F5DCE3F3E4FF12
:10F5500005F6F5EDDDE60E34E204EBDDDDF028EE38
:10F56000E12427F92DFA20FB02EDE5E629233AE70D
:10F5700022DA06ECF6EF3004FA1FE1F804DD34314C
:10F58000EAFBEDE1F1F8D3EB25DB012AE6D0EFF55C
:10F59000EBE4F0EE1316093507181DD7F3E5F1EE8D
:10F5A000E7EDEFF2DA1CFA3521E5DB1622D10BF894
:10F5B000F4DB2EEC25E0E315E826321AE836EDE41C
:10F5C000F2CA18F3E5EF01E5F316291FEBD92A2B50
:10F5D0000DECEB19E52FF1DAF0E7FE37FCEBF5EC7B
:10F5E00013F1293635EF2A32FAF9EE35E7273032B2
:10F5F000DFDB0027D5EF03162CFEE4E530F4082707
:10F600001B1DCCCD391EDEE807020707E5FD2D13D3
:10F61000142021F32CF3EEF5E92FF7E407CFCEC148
:10F62000FF32F014F70102F238E40AD504FDE52DAB
:10F6300019D63716D721DFEC20F5D4E62831D4E2ED
:10F64000282F14E4F41D31E0D130D1F3D0C7E42BDE
:10F65000FB11F92A27D81BDFEDF4E5EA17E72AFFAB
:10F66000E811FA31E90124FFF81FDAF0FCE6E83688
:10F67000D9ED2522CC1BFF2D23E4D92305ED08FC71
:10F680000CE4F9E81DFDD90D32F2E1E43AE92F036B
:10F69000E2F82EF81422D81D362CD4E3E2D9F8F87B
:10F6A000E5E3EDEF37CEE63728E2E6E72306ECF8B0
:10F6B000E4F3D42F282FF0F7E7ECD639FBDDE4F0A4
:10F6C000FE2201EB1CE9F7CBFDDBFB0B393310000D
:10F6D0002EE3DDE6EEE314EE0BFDFFFAEB06E5F6B6
:10F6E000DBE6DE1BD629EB0F2BEBE83227D9E5FD55
:10F6F000EE39DD302431EFCFF32EED322027DB1D44
:10F70000DC39EB2EFB2B17E1FB1E0B15ED22E5F987
:10F71000ECEFE4EEFAF2ECDF2EF1E4F6ED2FF0E799
:10F72000FC33E3F6CEE4191BDBFBF8DEEFF6E0FD7D
:10F73000FE2E1D00EAFEFFD125F6E1F016C9CFE04E
:10F740000F2DE70740F237EBDDE9DC23FEFC312C1F
:10F75000E2E53034F8ED2721F336CDE5092AFDE165
:10F760001BD5F0E539FCDBF634FBE4E71C09FA298C
:10F7700006FE302303EF1C26EEDEF7DA1DF0E2FD75
:10F78000EA04CF26F1F8CB24EA06DBF7EB1F37E4D7
:10F79000D62D11F027DD29E70BFA32E31B361ACEFE
:10F7A0002422FDD421F0252FFC2EFBF31D2925F565
:10F7B000FAFE23E7281C04FDE205F2F2E713C8EE87
:10F7C00001D420CC2E1DD8F8D33BF3193524E937CA
:10F7D00015D3ED0ED11FF4F4030DE8FA010E212824
:10F7E000E02AF5ECFF1B272AF415F725E4E5EDF6F2
:10F7F0000C0EDB1800F6D6CD2D1DD0FE2FFEE1EE4F
:10F8000014331DD409E0F9FB00D624F122F421229F
:10F8100017DAFEE426EAED2E293414FD2EE6EBEA93
:10F8200022EA2110EDE306E3DF25E219FB360406A8
:10F83000F5D516E214CFD4D405E2F43BE001E5F3AC
:10F840000510DFDBD7FAD7E938E61415E5FAE30C43
:10F85000E3EFE7EEEF18EDE5D8DF18E5E7E3FC2E80
:10F86000F4E401F1EA1922272A15EC28D939F0FD30
:10F87000EE21E9F91E0AE1D805ECEC3706F800DEC6
:10F88000F22EEAE7F701EC232FEFED382FDAF0F450
:10F89000D7F02913D12F0B3BF2EE01E00B00F22C35
:10F8A00017F126D221E6F2DFE6F4CF23F0E8D922E1
:10F8B0002D4B27EC18F1F5F0F81832E50DEBFCE5CF
:10F8C000E0DE06E9F8ED3AE130E5EFD636CFFFD1DC
:10F8D00025E6E3EDE803FCDBF6E7271B2736ED31F1
:10F8E000DEE2102ADEDC2220F24435F6EFE72500C6
:10F8F000E0E000F5EBCE3139040D03F3D8DD15D887
:10F9000029D9EDD4EE06F501EA1FEADB21F4F82946
:10F9100007F12BDDE2221E2235252FFBFDF6D92E25
:10F92000EFCEFB10F41CE1F8EAFAD8EDECE3F61F99
:10F93000E5110D31F0D2EEFCD1290C0DE12E3D097F
:10F940001BF318E51FCFEBFCE03121F8F23128D989
:10F95000EBE326FD13E623DCE9F4FCE2FF20F3D918
:10F96000EC26E725EB22E6F533DEF2EDFF2C342C16
:10F97000C7E028EC3212E832212F29E5D61704001F
:10F98000DA001032D11CF70112F71E26F1FEF71A29
:10F99000EEED192AE72F2414D1FF3500ED1CD9FA1A
:10F9A00021180F2827DEF8DFD6FCE21C0ED8E3D2A0
:10F9B000EB060D04DD32DF30E50FEEF8F9F3271723
:10F9C00010EB142BF20CC02002F0F40D2D29E0D224
:10F9D00016182A23ECD7DCE31C051D1A2BFA25F692
:10F9E000E02311E2F91B041505ECE9E728253EDFC9
:10F9F000463DF132E9150B26D4F01025EAECD5DEB0
:10FA000035EC06D60AEB27EED1E0031CD0DF1FF25F
:10FA10002AE6FC3125D5EA0912FB1CFA0018261348
:10FA20001D322401F1FD22FACBDDCFCECF220FCF44
:10FA3000250628E337F70A211A2BEFEB2EDC0F00FF
:10FA40002914C3F4EA2C06DC0EF4F1F0FCCC1426E5
:10FA50001BF1223CE10B33EFF700EDD3F73809EB54
:10FA6000DB22E5E5252F100F2BCBC8FC19FADD387A
:10FA7000ED28E2FA0BD9E41DDAEEEDE0DC0DC9CC9D
:10FA8000C431241833F3F222E0E7C5D3D425251B73
:10FA90001014D403271AF60905332B200EEA0C0B99
:10FAA000F506F7F002F40DEAFAF607050A0A0B0864
:10FAB0000F0CDAF507E9140B00F60AFCF608F6FD60
:10FAC000FD08F5F008090413FB0BF0FA0817020E05
:10FAD000F8FEFDF5FFFBF20A010300E4140109073B
:10FAE000F30213F4020E06FC0AFEF6F50B0203FD08
:10FAF00002FD03EAFF0AE8F7F2FB170DF1FF0FFC26
:10FB00000BFA05FFF6EE0601F907F3FAFA0724ED02
:10FB100017050508F20D10F9F5EF03FE02FE040CBF
:10FB2000F50806FD04F9FDFF1B29FF0DF315EAFC9E
:10FB300004FBFB1801E003010101FF07080114FCAD
:10FB400005F40FFD13E5F01200FFFAFA02EC04FDD4
:10FB50000DFA06FF0EFEFB0500FD1CFDFEEA03FD8F
:10FB6000FE01001504F6F714FA01F3ED0BFE00FB9D
:10FB70000A0B1103D7F922F9F7FEFAFA04DB000A9F
:10FB8000FEF5FAF50AF305181917160CF303050329
:10FB900003FDF51102F900FCFA0C01F9080A0C0F3B
:10FBA00004DAF6FAE808E7F900FC0400FFF6F9F8D1
:10FBB00004F40EF612FE0E061113F919ED04EDFC15
:10FBC000FC0F06F2FDFB040C0DF80005F2FAE71439
:10FBD000E6F927F5F713F80001EF06E803FC010149
:10FBE000F8FC0B0FED062306F0FE121500F2010DD6
:10FBF000FDED0205F4F601E4F404FC01080A21FF1E
:10FC0000E5E6AD04F7E6FB0D02EDF103FCF5FDDBE7
:10FC1000FBFE01F71DFF0E05D3F9E1FEFFF5EFFB3B
:10FC2000090FFE09FE04FAF701F704FB03FAF0F4EA
:10FC3000F9F11D03EEEAFFF7FDEFFFF6090600FC00
:10FC4000FF05FB0B0DFCFB020DE71103E420F7FBA6
:10FC500008F3060CFFFBEAFCFEF402FE0A0315FAA9
:10FC60000C0810F8ED0BD6FCF5F9FE0502F909DEDB
:10FC700006FE00EF11FD12E5F5F2E6FD291BE8078F
:10FC80000704F7EEFBF8F222FEF5080AF7FCF7038B
:10FC9000F4DE48F70CD5270405F3F5E0FEEEE6F4B4
:10FCA000F0EF0C01F2090215F0E32C1904FF0D0F1F
:10FCB000FDF6FBFC04EFFFDFE4FF05EE070617048B
:10FCC00006BE05FFE6C5EDFD01FDFADE01F1F2EC31
:10FCD000FFFAFDEA130C1320CFEBF647F62DF10CDB
:10FCE000FBFC0EEA05F5F30EE80DFCECE3E8FE1272
:10FCF000EDDA230D3E1007100C01FDD40805F7F9CD
:10FD0000F5FE03020308132DF3E6DD25130A0001B7
:10FD1000E8F2FBD80505EDF5F509E805FA071A172D
:10FD2000F9FC0E04190AF1EBF8FB04EA0D080205D0
:10FD30000010F1F8FEEF0F04EA0D1134D4F501F7CD
:10FD4000F6FFF8EEF71CFAF2FB04FA3CFBF60DF5B1
:10FD5000F6DDE1080600F400040A050C0A19F9DFD3
:10FD6000ECFEF4170E14070609F6090F0408FA074B
:10FD7000FB1405EA01F5FDF2F5FFF10527EBEDF8BF
:10FD8000FC382D1EF21F0DFD020E07EC0AD80C17D1
:10FD90000B09E913F3F3E11C09414AD90EFD0900EF
:10FDA000F503FB05FC18110B0BF50C1A0C09F41BE1
:10FDB00006010FEEE1FA0CFD010D05060501051027
:10FDC000140801200001ED23FE2018F31D0C010A88
:10FDD000F70FFF0304E401FB0BFB020BF5F9F2FD47
:10FDE000FB270CFD1A18FFFD0704090201FCFDECBE
:10FDF000FF05FF10020710F5FA0400EA18150200CB
:10FE0000FEFFFE06FFF404120BFEFA1004FF09FCCD
:10FE1000070F05FB26150B0AFA0001FFFCED08E7AA
:10FE200003FE0A0EEFF900FCEB01E0FA00FC0CFB0C
:10FE300000FBFBF1FE190B1B050C1B02F902190B51
:10FE400009F5020BFD1F080002FEFCF3F81EF92461
:10FE5000F80B0D0CFD18F007E700F7F71626FAFD72
:10FE6000FAFC0FF8F20201F6FDFE0D09F7FE192467
:10FE7000EBD4FD121B16F205FE0008F2F61D060D6E
:10FE8000FF06000201FAEAFCECF3BB1D1312EAF8CC
:10FE9000051101F9020DFCEC020203F7130AE2045A
:10FEA0000E17FFFEF80B0008091403F501FF031FEE
:10FEB000010FF9000D07EFD3EC18FEE8FD0A050865
:10FEC00002FF04F6041C06E4EF03F306FE0619DE47
:10FED000ED00E0FE05F40CF4F90BFB09FAD90FEF85
:10FEE0000400F300FB07FEE0FEF0F70107FCFFFC57
:10FEF0000208F401FDEEF80B13040309F6EFF6F522
:10FF000017E715D6FEFE02FDF6FFFDFD03F903ED32
:10FF10000EF8FA15FBFBFB01F90608EB0FB2F7052B
:10FF2000FD02FD2006F307F20CF4031207F9EBDDE6
:10FF3000F0012803D6FCF7F4020A08FB07EE090DCE
:10FF4000FEF91002FF0BE7F20F1A17F6D118E7FEC1
:10FF500007FEF72603EAFB000104071204FA0BF878
:10FF600007F506F308F1F70406F80007FFEB03FFB7
:10FF70000902FF000B0C00F3F3FBEADD1EEB03FFAD
:10FF8000F6F9F6E5FA00011306FE07FDFEEEF62689
:10FF9000F8E027031BFE0B0CF800FAF3FEDBFDFD77
:10FFA000E3FE0D0AF7F8F72706F5F0F2FDE10BFE88
:10FFB00005F7FFFAF0E606F8FF07130D050802FE45
:10FFC00016F4F80E0C1AFCF6FD0707F401F5F8F12B
:10FFD000F6081AF6120003170401FD1A0123F512A0
:10FFE000EE0002F6FEFAFFF9FF02F825FAF5FDEF42
:10FFF000F2DAEB0F150406F9FC070AF1FDED01FB3F
:02000004800179
:10000000FCFC09270BFDFE1809F9F10F07F4FF04AA
:10001000FDFC03E1FF1000FDFF0AFC0B05F8F21EDA
:1000200000FFEC04FD12EFF2FF0404F403FBFC04F8
:100030000508FDFFF8EF18EF111310FBE0EF07F6CE
:10004000FCF700F4001D0C210DF8FA20EB0B18EF63
:10005000F3E90004D305F4010F0104160722F302AB
:10006000EE00F718FD1510FAF7F5E2FB0003F3FFB9
:10007000FEF7FFFDF9FE06E60FFE00001AF9EFF0AD
:10008000F111E610F8F3EC010AFE00F3F8E0FCE7EA
:100090000A070A0C05ECFC01E2113A090DFF030006
:1000A000FAFEF906F81AFAEA1308FBEC050D12F647
:1000B000F0FCC8FD1507FA02F50809E908FF020F70
:1000C0000EFDFAF01D0102F8EEF1FD0E3E1D15F1D8
:1000D0000405FFE0FF1FFA1DFCFAFF021609F7FEF8
:1000E000DC0F2B1A0D1111F9000AFFF0FE02FE21A0
:1000F000030CFBFA05FADDF2ECF55003FDE5FC0319
:100100000604071A03FC18010E0EFEFD040513F386
:100110000537E4F6FB24EA0D000CF9EBFF0303FEC0
:100120001B0701030D00FDF90A00F9FC08220B056D
:1001300009FBFFDCFFF70B15050E061DF7F9E10AB9
:10014000F4F604000D2A19FFFE0500FE000004FD70
:1001500014FEFA22F2ECDB05F52432F209FA04026D
:10016000F9F9061E04F90BF2FD09FEF1FB03130871
:1001700007ED01F3DD15ED0BFF010DF10B19FBFC94
:100180000417FBEBEFF4FAFDF6FBDC0BF425EF01B3
:10019000FE0D01F307FA0AF41B050C06FA00E90F3D
:1001A0001B1007FA02FC0501FAFF08080BEA06F526
:1001B00003030E0AF1FC01110808F9D7FA12020133
:1001C0000D03030DF7FE07EE0DFFFB00FF040AF51C
:1001D000EE11E1030CE800FE040607110F0F0E12EA
:1001E000010107EB0EF9DFEFFB0BEFF909F0070256
:1001F0000004F9FFFAE30B100FFFFE05F3F505F815
:100200002000FCF5FEFC1907FFFE04E90202050AC6
:10021000F7F607FFF6FF16111FEDE2FBF339030EA9
:10022000F9F305F10417FDF205FAF7FC02060D0DCE
:100230001A140C0005FE0F0BF100080906E707FB76
:10024000FBF8FB120507FC07FD1016F60A25110E38
:100250000B0CF2F4090D01FBE5FF0909FFFF0EE7A6
:1002600001F6DCFE080C00010DF1FDF90421FA0A8B
:10027000FB01ECF6020F230616F2D5FFEFFDF6FCAC
:1002800005FD0FFF0C1604F61004FA0609FA0DF12D
:100290000A201AFEFB2409FA0A080109FD0EFBF8E0
:1002A000FC070606100501EB0714FEF2F9F303053F
:1002B000F809FAF4FD240103F601FEF20C0A0AF033
:1002C0000703F30B101C0007F3FA0A14F51800FEDD
:1002D00001FFF4FBFD0E03E7F7F0E6F6FFF900F689
:1002E00004040012FFE6031506F2FE0E1DF6FDE300
:1002F000FC2918FF03F408FF02FFFC2EFA1602FC8B
:100300001EF7FBF7F7F5F6E30F10FBF103180305F3
:100310000501FCF2F4F7FD1706ED00EFFFE80B070F
:100320000B03F5F8FE0CFE100300F807FD080305AB
:10033000FC02FF100E05F5DF110606EDF21305F0C5
:1003400001FA04ECFA0F0E03170308F1FC03101274
:10035000FDC608F3EB04FE06FFF606EC09F10BE51B
:100360001EFD0F12E10A17E6D401E217E906EFF3CA
:10037000020300FEFF0204EB09F8F522EE0F1EEB6C
:10038000BFD0BAE8E500E6FDFE00F70BF809FBEC8C
:1003900001F909160B0A04E8CFEFE80B08DBF4FAC1
:1003A000FDFCF7EF01E903FFF300FFF0FEFDE9FEBE
:1003B000F4E516F809F402FD03FEEFF404FC031261
:1003C000FAF5F5E604FB1106FA0018FCD6CF090B86
:1003D000F900FB0EFBFE0216E60801EE080BF90C15
:1003E0000BFA0704EEF5F8FC05FD0914FA0B03ED12
:1003F000EB10FFF400F100F6FF09FB04ECE1FCF464
:10040000FDF9FAFF01F8FD02FA0C010003F2000FFA
:1004100000E2F90D0508F7FFFAFD0DFC021A0610BF
:10042000E3FEF90A14F3E62CF5E4051708480DF687
:10043000FA04FE1101F9F9F21301F3FC00F7E901E6
:10044000F81A0D06FBEC0BFFFAF808F90CE9FF03AC
:10045000FAF3F005F400EA17FC221AECF9F406F1BD
:10046000FDFCF600FFCDFBF4F706FCFF1407FF1AB6
:100470001215F9FFEA030602FB08FE06F7E803037C
:100480000703021E05FEE918F9150AEE0CFE02002C
:10049000030A07FAFDFF06F512030610E9F8F9FA58
:1004A000FA0FFA06DBF8FFFCFEFF06FDF303000A75
:1004B0000EF9040BE9FF08001907D7D10F05FEFB61
:1004C0000507031AFBEA0C0304F30212FAFFF81BF8
:1004D0000827E300EF06F503FA0AF827FF13FA0DE1
:1004E0000BF302FEF7F1E7211F0FF4F805F205FF09
:1004F000090702FFFB00ED070105000EF7F4FD17E9
:1005000029FE04FCF6F304FD05FDFFFA061EFD06B8
:10051000010605F9F4F309F403DDFA182807F701D9
:1005200000F9FCE20223F8F2F30502FDFB03F70FEA
:1005300001F8DCFF00100FFB0207F9E70805FD01D9
:10054000FE1AFC09FDFFF505E7EFF603F51313FDB1
:100550000E0D0002FF1B0110FBFA0A0402FDF4EA73
:1005600002FFF5010DDDFE040709080D07F0F90C87
:10057000FCFFFC16F3081CD60BF5F4F605E507FBAB
:100580000B13FDFC0B02F8FE0A06F5FC070607F844
:10059000FE2DE703F80F160B05120109FCEE21E909
:1005A00024FEFEF7EF02F4FFF40EF4EDFBF913FD69
:1005B0000400FBD4FF0809F80CFD05FAF812FBF75C
:1005C000F9FE1D011A0F06F2FF0301F5FD23FB03DF
:1005D0000EF40901FAFFF5E80902F60A091805FF09
:1005E000070606060CF901D81A02FF16E7FD0A33C2
:1005F00001160AEF060FEE17000801FD001DF9E9CC
:1006000005080B04F6F9FE0CEB10C6FADB13F2FB3F
:1006100006FCFEE7F817090C11F1FEF90411E302DC
:100620000917F80609EDFC08F70A020D01EA0901AD
:10063000EE01FC05E7F6DC09D113ECD21119FF023B
:1006400000F7FF12F824FAF6F209010E020F19C89A
:10065000FAFAD6FA07D7F002010D0212FBEC00FEFF
:1006600010FE07F906F7F6D3F7F7E7F122F91307BB
:10067000000BFF03FCB805000E07EC13F1EE0D05AF
:1006800016FBECCEFBFC0007F90AFD12F7FE08048E
:10069000F3030F0DF6FF14102709D0D9021000FE46
:1006A00005F9F7ED05EBEFF0F7FD030814F708F691
:1006B000F8F3DB05FEE8EE1003120017F1FB02026F
:1006C000F4040D0FE900FDF1EDF3DD17203EF50117
:1006D0000205F2F50B01FEF911F6F30DFDFAF0F249
:1006E00009010BFD091016F7020E08FC00FE0203BB
:1006F000FDF40407F6FBF6FF160405F6FA0701FE03
:10070000020502F407F002F2F003FFFDFD07F8090D
:10071000FFEFDD03F2E5FFF9080809160AFE09EF0D
:100720001007FC0CFC0AFB0CED0BE0FE010CFDFFBE
:1007300003FFF603010FFCFF090006FF001B040284
:10074000FCEBFFEE0913FD060A0002FE010A04039A
:1007500010F70BFB05FB0CFBFDF30F0B03050C0760
:10076000FB0603FCFE0001100305FFFBF6FC12086C
:10077000FA15E30DF208F801FFF3F500F91B081173
:10078000F8F6FFEAE50509F60005E9E8EE09F20CDE
:1007900001F4F9040510F60F01FC06F91410F0E954
:1007A00009E5FCF20EFAF600FC09FA0604F9FEF57A
:1007B000EFFAFAF800FB1AF4EAECED1EF108FB017F
:1007C00002F1FE020801FFEBF5FF00F6F10314E46D
:1007D000FBE9E7050EEB0B020FF301FE04FB0CD562
:1007E000F6FF00EB0EFC18E6E5D9F7F0F8F8F40494
:1007F00000F7EFF406F200EDF60F03F5100DF8F434
:1008000001FCEA09F4E8FEFC0DFCFEFA05F4FDF13A
:10081000FEF8FF0010F811FBFEEEF41A02280305A3
:100820000702050D051303F308090205FF060C0472
:10083000F928F7F7D6F509F904FE04F7FCED10E9FD
:1008400003F600F9192306081C0A0BF305D4160752
:1008500001F704DAFD2106F4F50A02FA0F0725066E
:10086000FAEAFAF4111EE903FEF902F20241021952
:10087000F704E8F3161843EBE5EC11F20BEEFFF288
:1008800012050203001305F10602FF040C100617FF
:10089000050416FE0C2412F5F80FFB0706E002E82B
:1008A00004FB03FF010AF3E5152315DEF2F60A0443
:1008B0000D01FBE007160FEEF1F3F2E405F709FD79
:1008C000FD14F21619140EF50E0BF9E90926050AA6
:1008D0000503F512060CDCC6F907EE06090603014E
:1008E000F4050202FCFA10FA07FE0202090DFFF2FB
:1008F0000A1505E9E6E50A03FDF4F805F509140310
:100900001BF808F4FCFD04E10005E411E813F01005
:10091000031216F9001507191AFC0F080502EB035C
:100920000E22F20BFA0A0809F80D0E0804F9100B52
:100930000102020FFB01E9DF041F2BD6F80117F8B3
:10094000FAFBFC0FFDF702F006F1FC0AF8EA23EDD2
:10095000F205F009D304FDFEFCF7010AFFF116E1F0
:10096000030503120E090EDBE4F4B715F6F6E802F0
:10097000FE0DF802FDF5090214FB0000EC1108F56C
:10098000F7E0D2E9E3F9FB06F00301EF03F5FAF42F
:1009900007F60E0FF90A0A0BFFF612EC1CF7FBF331
:1009A000FE0404E301080507FC0402F2F3FAF8046C
:1009B00005DCF3180919E701FE0DFEF6030B061618
:1009C0000E04FEFFE8F8F90BEE19E60D0C28000402
:1009D000F907FD0006E6070502FB0507E9FAD7F36C
:1009E000EC37FCEFEDAC1A10FFFFFC0A08EE03F841
:1009F000FEEFFE10ECF8FD16050FE0EDEBE0FFFA60
:100A0000F5FDFDFD03FA06EC0104F11C09EF06E714
:100A1000F00FE30CEAE4F208100804F904DD08F131
:100A20000C06FA1BF505F6FBE7F70102120B05E8C9
:100A3000FD02FEF50324043608041803010CF4FA41
:100A400011DEEEF6011D030203F403F2021A0B1D80
:100A500003FF10FAFAEA21F01EE3F0FDFFF314EEB3
:100A600001FFFCF6F7E903F7090D02E401FC0114AC
:100A7000FE1205FEF8F5F2FBF10D030FFC15FD0F5C
:100A800008000AF6EEFAEDDF03F51AEFEDFC0DF5BE
:100A9000F700FE080808FAF6E9F7F8FAF707E7E8BA
:100AA00003F9F5FAF0ED0BFBFDEC09FA03F5FFEFA6
:100AB000E700F4FDF5FFF5C802DCED070A0E0000C3
:100AC00000FFFCFCF8F21002FE0803F21009FB0E16
:100AD0000216F9FD2010FFFDF5FEF7FC02F50111ED
:100AE000200E0AF705EBEB07FAFE2EE207060F01D0
:100AF0000004F801FCEB0B1A0F08FFF90C0A10E9CF
:100B000007F0DEF9F0F8F2FC04FB070E04EFF1FF4A
:100B1000FD01F6F207F8260405FEDDDCFBD801FE38
:100B2000FBFBFAF008F000E3F5FBF4DEF7FDE4FA76
:100B3000F3F408F5F8F11104FB0100F4F7EAF9F910
:100B4000ECF904EB0AF00C1FFFFEE606DDDD09F50B
:100B500004FDFE031015F2FEEE0900E30003081D7C
:100B6000F7F7D9FDF407EC0AFDF505FEFCF50216D2
:100B7000FEFA070115FF08FEE0F70F17FD05FA0161
:100B8000FDF106F0F6EFFB06F1FBFAFDEA01FA09CA
:100B9000F807FF0B03160D020803F5F00417F6F62D
:100BA000FDFBF6FCF206FF0702E7EE13FF0FF2F67D
:100BB000FEF1FA0108FF0BDAEFFAF40D0D04060F4F
:100BC00001ED0AF6F2F9FEF903F50603FDFAFCEC75
:100BD0000AFBFC0CFD031D120211F930F709FC069B
:100BE000EB0202F7F902F100F806F90105080CE63C
:100BF000F2F8F100090109FCFCF303F1FC0DF4F833
:100C0000F105FD03180AFBEDF9F308FAF6EAFC0614
:100C100002EF05F8000B0006F6FD01F9FBFEF203FA
:100C200007ECFA0BEFFAF50200F8FF010C12F712CD
:100C3000FA08070403F805F4D0EFFC18F1F6F40203
:100C4000F901EFF1FC05F8FB0C01010B080CF8F7BA
:100C5000F7091403DC100303FEF4F803F316F4F3AE
:100C6000EC05FEFD18FDF7F91FF83801EBFDE8F67D
:100C7000FF04F4F9F4E000E9100800F40708FCF8B8
:100C800004F13F2402F7F2FAF502F6EEFEF505F75D
:100C9000FBFA0403EDF702FAEAF91C0FFB0207FA6C
:100CA000F2FFFB0701F3F90A06F5FE010502EF0268
:100CB0001BFA2707FD0EF501FAF6FEFFFB020136CF
:100CC00013F8070B0BFB00160B110804EB02F606DA
:100CD00003FB081F00FC00F215F500FC14030512CD
:100CE000101609F10CE604F70103070503F308EFFA
:100CF00002F60AF30305FB05E8EEE5FA14E8FEFD4B
:100D0000F8FD060800FEEA06F4FEFA0EF6F101EE22
:100D1000F7B7250314D7030700F804EA0203E2F843
:100D2000F7FEFE0AFF0213FEF8D0CE23081DF904D9
:100D300006F50005030A0BF3FB050A04110A20045B
:100D40000D02FB1B09280800FCFBFAFBFFF603FD64
:100D5000F60805F2050BF4261204FE11F90B01F555
:100D600002E600E4FFFEF302E4100002EEF4F6DC1B
:100D7000F9CE0B1125F7FAFDFFF7FE0A0424FB1547
:100D8000E9F6F4F4FE0507FFEBE2F41A12F10701AD
:100D900005FEF8FEFDF1F5F00300FC03050AF9FD80
:100DA000FF040A0315F91306F9FA0CF200F106F430
:100DB000F60DFEFE02F9FE000F0108F8F9FBFF0137
:100DC000FCF001DC080103F5F8F7FD06F9FD04224B
:100DD000F4D80B01FA11ED070A1000FD0404FD011F
:100DE000F80703F9FB0C1305F1FA00161103FCF8E0
:100DF000FD00F4EEFB18F8F10D0706050701F5F408
:100E0000F6F90116DF07060305090B05010AFD0BBC
:100E100009FFEF03FCF7F3F3E8F21506FAFAFD0316
:100E20000E0503F80816F005F9FFFC02F2FD02FAC0
:100E3000FFE7E60C0B37EF070406F2F7FE0B0B2D6E
:100E40001E03F407F9EDEFEBE70AED0B1B47F0EE9D
:100E50000211FBFAFA050E1010040D14F6FBC9FB83
:100E6000DF1908FD10EE2AF70B0AFAF6F8E4FAE0AB
:100E700002010211F4EFDBF907FF00FDE6BA0209F7
:100E80000101FD080904FEE50101F60306F202D6A0
:100E9000010DE2FF0BE5E600FE13F3F809F60CEF97
:100EA00017FCFF03120D02FCD4FDF4FD08F1F6055A
:100EB0000107F415FD02F70B0D08070AFE02FAF20E
:100EC000FAF3F9F7EC3E110503FAFE00FFF804FC13
:100ED00006FA0BF10204191A0EF3FDF406E9050DEA
:100EE000F60A05FA08EC060EFCFCF5E50BF3F71420
:100EF000ED16EDFC0905FBFF05FE07FB00FEF810F3
:100F0000F60B04E8F5020C050BD7FEF2EB00F0033C
:100F1000FC09030CFF18FC08F8FDFDFFFF03E600C9
:100F200000E5DEF32204040E0AFBFBFDFBFE00E7F6
:100F3000E9FD00FF010412E614E0F018F60BF6FBE1
:100F4000040700FCFE12FD0403EF12F7F1FFE1FEBF
:100F5000EFE40A03E404F5FF0AFB00EEFD07EFFAF5
:100F6000F3FD0401EDFF19E6EDEFFFFBE700F409E7
:100F700004060416FA00F8F9FAE9F7040E0510E27F
:100F8000D4DFE10CE0EDEC00F6F3FC28F1FC06F810
:100F9000FCFFF9EF0CFCFFF0E2FECC091AF60001B1
:100FA000050AFFFB09F107F6EC04F8EAFE04140D4C
:100FB000FED6D209FAFDF5090EFA0014030CFC0363
:100FC0000A0F09F7020605F8E6E3CE0F224108FDF5
:100FD00000F405F4060402070409FAF90211FE10F0
:100FE00006E8100108F01601FCFF010E07FF0902D8
:100FF0000CFD0AF1F5110508FB080106ED0B1100C7
:101000000800FF02F707F5E100F7F00E01FFF80214
:10101000FCF8DA05F8ECF0FAFDFA001DF4EBFAEE54
:101020000613FDF80601F005041BEDFF00C806FEDF
:101030000D0DFEEFF01505FAEE00FBF61105FDFDB6
:101040001DE5F4EB2F080603F2000BFBFC0F0C046C
:1010500007FC07FCFCFB17F1F7EF0C1AFD05F80A7B
:1010600009FEF9FDFFF6F61A26FF0BE9F5F2F5EB9E
:10107000FD03F70C03EFE3F103FE0D12150E040759
:1010800012EE01FB010E1501F9182C01E607F7F825
:101090000C03F402FE04F107F0000119FF0EFCEC52
:1010A0000FDBEEEDFA0AF7FD05FD09FC0500F7057B
:1010B000F7FFFC03000C12EFE8081B3EE80508FDF3
:1010C000F5F7F8FA091203F7F40405FEFD05FCF341
:1010D000FAE7F1F8F5F4FE0313EEF9FEFF0EFBE379
:1010E000F1040302130F24E9F3EEEFFAE803050E0F
:1010F000FBF5FE10FFF3F6EAFA0605FA0E02F7F921
:10110000EBFC0007FAEDFDFF0203FFF105FA05EE27
:101110000508F80C0A000CF5EE010325EAF005FAC3
:10112000FF00030E01F4FEEB1004F6FFFA070BE7D5
:10113000011DE3F1EEFA0401EEFF030006F00620C4
:1011400015FBF2EE0B06ED010B22F8F8224D070914
:10115000F5F90500FC07FDF5F6FEF8F707FC19E8C0
:10116000131801020C61FB1005FDFBFA0B31FA07A5
:10117000FD05FB080C0915DBF7FDEFF80A1A10FD59
:1011800000020915FAFDFDFC0CFCFCFD1104201009
:10119000011507FF00180905FE0105F9FCF605F920
:1011A000F20F0E00010909F607D5F2E5EDF5F6FAA2
:1011B000FCF90C06FF15FEE7FFFDF50C12F10DFB27
:1011C000DD03FB2204F500F9F60205F501F403F353
:1011D000EC09E600FC05F1ECD6F613F909FFFBFF7C
:1011E00008FBFE0AF704FEE8E8FFF60BF6000FFE28
:1011F000F9EE17F40CF3160106EE04F4F502FBF613
:10120000F4FC01FA0F011BE900F5BE0F17FB0508FE
:101210000902FCF1F6EF000D0BFF02DF16FF0806D6
:101220001116F1FDFE0BF506F80802F802EBFA12B2
:101230000F0103030500E4101A2909FB130507FA3F
:10124000FB0000F4F704F9FB17F9FCFFF903FE10AB
:10125000F0D3EBEFE3F3FCFEFCFBF3F700F70FE456
:101260000700F602F10401F0F208BC21E603E903ED
:10127000F906FDFE0BF1F6E01EFEF9FFF1F9FB03A6
:10128000E5EBFA07FDFDEC02F4F204F0FDF0F5E702
:101290000BFBFD19FDF4EAF7F5F6120D1819F1F341
:1012A000FEFA0013FCF301180D040C0AF5F2EAED46
:1012B00011F652F0F4FBE7FA03FC0607F7E9FC230A
:1012C000FBF1FFF1FDFAFAFB041919FD1003F90116
:1012D0000CF700220801F8030BF302FA0CFE1709C1
:1012E000111FE600F2E7F401F3FA0AF7F9F9F5E95C
:1012F000FE0602ED030C1AF20202C3F8FFE4FCF44E
:10130000FDF505F101FFF414FEFF0005EBF4FBFA17
:10131000F6C217F9FE0F000401F102FE070AF90BED
:10132000EA05F608ED01F70DF2F8EC2204FEFA02E8
:1013300007F900040400F503F203FAF40C07F9FCC2
:1013400009F9F611F1F2FEFB01F402EA04F90609CB
:10135000F806F5E605FE0F15FCEBFC0FFD01F7FCAA
:10136000FFFD01D2FDF7F7F5F3FEFF0705F3F2FCF1
:10137000ECE914010C09100BF1FC0F070002F8F561
:10138000F9F7F50F05F7FCFAF2060C1015F912F350
:10139000050301030212FCF200F7F00E0C03E4FD5A
:1013A000F90BFC13160F0801FC0504EFF8F8F7061B
:1013B000FF0DEAF701F20211FFFE061C110D08FEF7
:1013C000FEEEF7DD07010AF7FEFDF71BF4F6021B40
:1013D00003EC0AFDF50AF9050904FE100212FD14DA
:1013E000FD07020AFF080B2C0502F905FE0BF6FDAE
:1013F000FB09F7F001070A020BFE00FC1301EF05E1
:10140000090B0E0B1604FDF9FC050700FC02FCF8A5
:1014100008FCF70CFBEF04F1FC0C1907F403FF08C0
:10142000FE020AF0041A0CEDFD06FAE906FD0615A7
:1014300002F8EDFCD51009FE12F6050EFD0E020DA8
:10144000FDFEFCFF07FBFDF8F803F61321F300F89F
:10145000F7FF04F2020AF902F2FEE40E060AF9F4BA
:10146000E40AF4070F0EF9FFF603080601F600F48C
:1014700002F5F5FB07FC0311F4160901F5F3F5017C
:10148000F1EF0601FB0403F5F705FD0A090B00EF78
:1014900005E4DF18EDDDFC05040AFEF9F802EDFCB9
:1014A000FB09F60C070508F401F306F9FF09FCFB3C
:1014B0000A0301F400F803EF0E0E09FB0208FE0513
:1014C000F3F50A0D071108050EFD0219FCFDF900E0
:1014D0000405F808F00FF90C0016EBFF0BFAFAFC04
:1014E00012EE000901FB07FDFA05FFF91F12F2D900
:1014F000061EDFFAF5F5FA0CFAEB09F9F3FC03F432
:10150000FFFBF4EFFEF303F70AEFFAF8270FFE03F1
:1015100002F2F2ED15FE010D020206F7EFFBF311E8
:10152000EBFA09FD2502FF09170A0207FF1B091143
:1015300002FB01F0F3FDF503F5F3F7FF09F902F9FA
:10154000FFF7071B0AECF20E070CFFF60EFEF7FC86
:101550000B0F0B000702010804FE0AF9F0EDFA096F
:101560000311040609FDFF07011711E8120F040912
:101570000A00FEF7F503FA0AFEFDF10B0FED02FD7E
:10158000050718FCF4080AFDF50902F7FD0808171D
:10159000F904F7FD0FF5F9FC09F20B05F1F704FD6D
:1015A000020000F6FC0E000AF90900FFFFFA02F73C
:1015B00003FD0203130002FB0206070100FC0209FF
:1015C00012F801FCF7F7F8FB00FF02F913FAFAF939
:1015D000020700F3F5FD03FFF7FE0503F908010517
:1015E0000707F9FCFDFD09FBFF02FF07030402FBEF
:1015F000FE00FDF90500060606FFF300FC010105EB
:101600000AF3FDFB06FEF5FC0705FB08080007FDD5
:1016100003FDF80A11F7F9FCFB0BFD0A01FAFE02C3
:1016200009FEFE01030407FAFC01FC04FF1B00FC99
:10163000FF0901F80205000B08FF070505FFF7F990
:101640000305FB02000AFBF80300FE02F901FD049A
:1016500004F9FAFDF5FA06F011F2FE08FFFE0A00A1
:1016600007FB03EBFDFB0602FD07FFF8F9FCF9FCA5
:10167000FBFAF906F4FD0303020204030BFF0A0A56
:10168000F702FB0401FAF7F0FB080BFA0CFDF4F487
:10169000FCFDF7FF02F0F9FA0205F9FFFBFBFDF58F
:1016A0000403FCFBF9FDFAFCFD0607FE01F0FDFE5C
:1016B000F90CFE0C04FDFEFCF701F9FC1D0DEFFB1F
:1016C000000104FAFF0006F5110006F610FDFAFC11
:1016D000FA0C06030FFC01FD040401F909EC07FEF6
:1016E0000AFBF7FEFCFDEEFC05F90CFD0403FCF51E
:1016F000FE0302FFF703F2FE050004FBFF03FA03FB
:101700000504F6F911FB0702FB0104F6FDFAFDFFE3
:101710000507FDF9FEFE080108FFED002108F907A5
:10172000FFFBFD01FC070612F2FBFC1A03FAE319AA
:10173000FEFB290B1D0A06FA0005FC00090300FF49
:10174000FC020102EE04F9FDF3FB03FAF7EB0E06CF
:1017500008FD0112FDE906F106010DF0F7F6F500AE
:101760000E13E3F2F8D10602F8FC00FD04FEFEFCC5
:10177000F7F8F7FC010E200333FBB7E2FD1EF8017A
:10178000030307FB040500FC0AF3F61B04F7FCF651
:10179000F605F5FE041FEC05FF07F810FB11FF022C
:1017A00009FAF716F7F1F2F0EA0BD402040112F38A
:1017B000011105FDFB21030F05F101ECFC0A07EE09
:1017C000081ADC0C26FA0B06F8FDF8F5FC1EFF15CE
:1017D000F50904F1080EF9ED12F4F10301F701F532
:1017E00001FF08EE030A06F606040A02F800FD1BD4
:1017F000FA0EFBF93007FA020509F408021F05FA90
:1018000010F901080F06FEF8F507F40714020208A4
:10181000FEF9FEFC090FFEF907FEFFE9F512EFFCE9
:10182000F81E15FFF800FF08060206031000FBFC77
:10183000F2FEFBF9EFF9F2FC0409E2DF0516060CF3
:1018400004F10203040403E9ED08F602120211F0A8
:101850000FFADB010C02000B030D03FD03F80CFA79
:1018600008F508F208FBEEE501F2F2FA110118F5AD
:10187000FE1707FDFB06FE2C0D0004F6FDF8F7F041
:1018800006FBE5E102FF0804FEF8FC00FE22FD1461
:10189000F60A0A0AF002F60D0C00DFFAE41009F568
:1018A000FC05FFF1FF0EFEF10206FB0AFF042A0A07
:1018B00000F7C2082000EF0FED1103E303F702E683
:1018C0000602051EF80AD826EF15EEFF141108F5DA
:1018D000F20B05FE0FEAF407F6FEFE08F7F1DB1D3A
:1018E000F811160AF3270AF0F009F60100E00211D8
:1018F000FE05F9FDE1F0D30AF10D1AFEF2E50D0740
:10190000FE0BFCFC07FC0804040306EFF2031704BB
:10191000FA24D709DABFECF6FB0FF4F503EA0EFF61
:1019200005FF0603FFF3FFED101814EEEDDEE4FEF5
:10193000FBFCF31AFFCBFAEF0DFF0C3AF4EB0F0BA5
:1019400000F10BF8C1E8F406FB07022A04D403D81F
:101950000DFA101C030B01160A0144FBFCEDF30DFC
:101960000105070200F80714120708EE040ED6F569
:1019700002FB1B02F0F11D00FB0208EC07E2F80E6F
:10198000EEFA0BFFEBEEFCF80B0B10F016DD1C0271
:1019900015F2010308EFFEFAE00604FEFFFF16074A
:1019A000FCE7F7FFEFFAFA02FCF20E03EBFF0DF48F
:1019B000EBF40AD81923171507D8EC19FEDDECFF54
:1019C000FD08110810DCF5081300FE1EF9F5E11101
:1019D000FEFE200F0802040406F6FCE009F204EE05
:1019E000EF070616050A011207F60600FD000304BC
:1019F000040405E5F50EF5D501F2040AFE01FB1B12
:101A0000F8DFFC0EEE03FBF702F7ECFA02F306F93F
:101A1000F0FC08032606F70604EC14133243EAEF41
:101A2000FC0704F4FA000021FC01FC0DF900D71BAF
:101A3000010541EDFD09FB02030EFB18FFE0FE0767
:101A4000FCF20A09EAFBEF080D28E6EEE7EA0600D9
:101A5000FEFF090008D916F310020B0EF4F500077B
:101A6000181FDCF001DD0007FCF5022A06F70FFB6A
:101A700004FB0E11FF0F181C2A0CB5EB121CF7F615
:101A800000000DF0FDF6F90607F9F91D00E8041352
:101A9000F3E6D900052BFCFDFD02001AFA10FE0149
:101AA00011070017F5F3DDE8F321F507020515F43A
:101AB00008F7FD06FF0307FE01FCFCE402130F1705
:101AC0000A0316EFFFD802070EEBFD04F81BFF1503
:101AD00002FC04D0FD0418FB19DDDE0FF5010D0634
:101AE000FD0402F6F71B04EFE4070015FC070AE803
:101AF00003E1CF0A36F9E504FD01FEFC040408EE1B
:101B000012FDFE12320ADFE801FF160B15F4060380
:101B10000106FFFC0231070706FFF9FAFFFFEEFF9F
:101B2000EE0026FD0F15E7080000050A0718FD095D
:101B30000BF9FEF10C13FCF3D90006FEF6F70005D5
:101B4000F8070503071004FCEF0BFDF21F0504EE78
:101B50000F0AE2F3F6F608FF030805F2F8D50D08C0
:101B60000F0502060FFBE40B140520EE0B140DF21B
:101B7000080700D9F20B04F300FB0A060EF6E91E73
:101B800024FD2BE3400F07F0F807EFF9FE21FC12CC
:101B900009FFFB02FEF8ED0AF0F21FFF15F3FBF45C
:101BA000FEF7FBE801D0F9E90BFF01F6F80FFADBCD
:101BB00002EC17F737FE070DFCF5FEFDF1FAFE15F6
:101BC00019FEFAEBFD000CE108DB14FFF2E1000165
:101BD00005F900F6F80FF014FEF204D50A08FCFD32
:101BE00009F40C04F418F6FCFE0405DE041B011CC9
:101BF000F30DF9E3FCF1FCD3DFF1112EEDEE14F25D
:101C000002FC0500FC00031FF4060900EBF3FEDEF6
:101C100006DB11F7082CF804FDFBFE250314040273
:101C2000DE0AF8F701F52706F2E5F8230119DE04CC
:101C3000F9FCFA0EFC06F0FF06F5FF022EFEE3FBB0
:101C4000112A0702E4DB050105F7F9E104D80FF4D6
:101C5000F9FDEA06F4F6CA0EEA0B03FBF0FC0DF9F7
:101C600000FDFCED08D5FF02F9FAFEFBFCFDF624B1
:101C7000140133FAECE0FA060003FE1401F6F6163E
:101C80000BFDFDF7E5F51016FB0500F505F903FA68
:101C9000F608071DF6C0FAF608F70B12FF0911E661
:101CA00007161103F6E8F61600F40CFA07E4FEFB3B
:101CB00006F80B0F0005F9291109DC144FFE05FC8D
:101CC000F90200F6FDD6040112F4FE12FDEFF23423
:101CD000ED1129F925090AFE0AFE00E60D16041386
:101CE000FD01040CFAF4FA2CF5F421F5060318F3BF
:101CF000F9EB08F8EC12FE16F10C10FE07F7091FBD
:101D000013011926ED030EEB04FEF4F3FE19FD0397
:101D1000E702FEE6FCFA00FF1EEFEDF203FBF9FF1F
:101D2000100A08EAFAF20809F307FD0303F8EDDFE9
:101D3000FFFDFAFE430FEE080504F719FFECF61E4F
:101D400006FDF8F8EDFB00CFFBD514EEEFFFF90B25
:101D50000D01F9F7F312FA230EF7FAEFFBF9F8F495
:101D6000FF041006F4D7FDF3FE06FBE4FDFDFB05C2
:101D7000F201F70DFAE60EDDE301192AE8BC02FCD8
:101D8000FE12062406E6F4F80810081FF3E8DFD474
:101D9000E9070AFAE6D0E008010D043AFAFD0B0E55
:101DA000EC11010CFAFF13F3F1E5F9F7FB1DE21159
:101DB00001130B1BFE0F000D03F4FEFB1D12CDFDE6
:101DC0000A04E3E50902F40FF001FBDF04F4F81460
:101DD000010FEE03F5F4E0E6FEEB221811FB04041C
:101DE000F9FE04E203DCF82510080BDBF202EC300C
:101DF000090444E5DCD2FEF71104F309FEF5071CE3
:101E00000F0400F2EAF4FAF2F60D23F7EAE40C0EFE
:101E10000906F31405D7FDF704E701F5F10E0D00EF
:101E2000F70D0BF7E6E4E707F9FE08F50AC2F3F54C
:101E3000FA00FEFC09131328EB1BF8174901FF09F0
:101E4000F108FCD90DC8F7092206ED1E1BEFF33D82
:101E5000053210EE320A1AFC0A0AF7E61101FC02FA
:101E6000F7FD0DFDF5FF013BEDE81604070D160328
:101E7000050300F2EFF9F91CE90015EFF601200E59
:101E80002A101520D30F02060802FAED01F9FD21F0
:101E9000F70104F609FA25FA27030C03EAEF020614
:101EA00000F7FEEE060AFFF80602FD03FE0A11F532
:101EB000FBF6EF050F0303FD0BFEEB02FBF902FF40
:101EC000F9F7FF100205FEE4DF01ED09D6F50D007C
:101ED000F1020407FBFA02E4DDFFFBFFFA0A0D063C
:101EE00011D0FA02F4B6FB0600040C0400F80EFE52
:101EF0000A02FF0B01FA11DF11DCE5F20AD7FB023F
:101F0000110DF3FB00F40109080202F605F70408BD
:101F10000520E8FEF5F709020908001C0503F31F78
:101F200013FC00EEEC00F30FF40E0AFCF7F00906C8
:101F30000504FCFA080C0CFCF6F0FCE1FB030404BD
:101F4000FCD3FFEFE30BEF0409F5F6F2FB0BFCF318
:101F5000FFF7F0E90F0015FCEEEE002F010CF80280
:101F600000FC05F2FA00FF01F800FD03F2FA08197F
:101F7000F9F32508F10818FF06FFFEFAFB1BFFF82E
:101F8000FA02020FF002181505DC01081C00F3FC30
:101F9000FBF703FCFA29FC0ADE09FD000A21ECF03C
:101FA00016DBFB0317E8F8F5FE1506F00303FB0547
:101FB000EF17F3EE0AFA0102DFE2141B081301FF28
:101FC000F90303EAFE28FF0FFD01F90A07FC06F1F9
:101FD0000AEEF60D06FC030605FDFF07F507F5F80A
:101FE000EDF9F8F2100220F6E715DE0C1601F5F80F
:101FF0000001091E03EA06F70504F0F0180609F8C7
:10200000F853EE0A3D2A100D0611FFF7FEF70513EF
:102010000906EBFE0807E4243F1FFDC4EDD2FCFDDA
:102020000503F8FE08FAF6F3FBFF050001F51B03B4
:10203000EED507FDC6E71F080CEE020001070DF8FC
:10204000D918FCED0205F6110CE6F406F5ED0407CF
:10205000FBFEFC20F0FB100AEBFBFE13080A210A32
:1020600005EEF3EFD6BEE0F6FEFAFC0DF800F7EA57
:10207000020406F4041E07EC00D6F5E8F740000A57
:102080002109FDFCFE27FB08F50E00FE0700F92ADA
:10209000F5E5011506FA1AF303F3F8EA0AFE00F76C
:1020A000FA04F6F9FB01E51B1DFB02FDF2D125FB4D
:1020B00002F308FAF7E206E9E50B07FAFDFC21FC5A
:1020C0000BE8DFFAD1C1F10812F80809F91A03FB8D
:1020D000FBFFF9F22F11FDF921E1DDF0F700ECFB38
:1020E000FE0A05FF10100DF710F00510E1FDFD1DB3
:1020F000EE07FC02000A0F04FE0CF8FCF5E4190CD4
:1021000019F3F01CFCF9DAEC0B3216FFDE060E07B1
:1021100002F801FCFF15FB07EE050A05ECEF1E2394
:10212000FF17E9F9011AE7FEFBFE0316F207F9FDB6
:102130000601EEFC0BEF0DD0FE1B19F8DFF1E308F2
:10214000F70E051C001BF8FCF60D170704F108DD5F
:102150000AF00AF1D808FBFF000402EDFF0CF3E6D9
:10216000DBFC11F4F30EFFF811E41209FE0003F793
:1021700000F5F50B030D0FFE0302000106FB09E756
:10218000FD09D902EDF7ECFC050AFD3B0BE00DF56E
:10219000010E10050BFC0FF3FA2CFD10DEDAF7042C
:1021A00005F40609F710FEFEE703FAF7EBEC0E0163
:1021B000EFD7CB1CE7D9F2F5000AF9EC04F80DF6DD
:1021C000E90CF8F608040FF3F4D7C0131B19FAF959
:1021D0000BFC04F7F6FD0EF9FC170BEF060B1311C1
:1021E0001202FE110FDD1F1402090EF2080302F5A0
:1021F0000FFF11F6FB13F7F6FC11EEECFAF5FC09F4
:10220000FE0C010F070807E10C02F90D05F6EE07B9
:10221000031FCA09DAE0FA0DFE0D150C01F0FFE507
:10222000130B010BFB00F604F01CE10AFFDB0FF7B8
:10223000080002EDF42A1008F306FCFB080605F777
:1022400025EBEBEF121CF8F0F907FBD9FD1B082674
:10225000FF0B0DF3F4F31AE826DD06FCFA0B0AF285
:102260000503FB040B0E13FD0C0907F8EBF10C152D
:10227000FD130809D50EE3FEFF050822F313FE1433
:102280001B0400E2F106E6F2F20DFEFBF9F1E9FCB7
:10229000020B0A20060E08F4DEEF0A02F90EE8E847
:1022A0000BFAFDE800EEF6FA0505FEECFBFC06F085
:1022B000070003FCF5F701D7FBFDFA19CC05F8027E
:1022C000F60E0400F31C07F2F6030FF8FD0D16D707
:1022D000F004CD0707E0FB0104F8F907FEE008E48D
:1022E000FEFD00F50D0A26D0C9EBDC06F4FEF30076
:1022F000F511FD3105CB0307F2F710F701220FE6C8
:10230000F9F6E6F7DAEB02030900FEEEFEF201E66B
:102310000EF6040A090105F706E5F6FD08E5F9F7EA
:10232000FFF305EFFF25FA13F30701E90BFB00EFBD
:10233000F4E9E1062011EA10F705FEE5F7190B1B99
:10234000F906F8E80EFE03FEF5FCFC13282706FD4F
:10235000FE07FED8F515FF28000BF6FB00F9ECF19F
:10236000C3061713032213FB010605F608F7FF192E
:10237000FDFF0101EDF8D501E2095507F9ECF2FD89
:10238000FD0402FB06FE06E602FEFF0CFEFAFCDF81
:10239000F611D7FE073000F7FB0503EDFCF502024E
:1023A000FA0303050311F9F0F8FFF9F70813000326
:1023B000FBFEF5E0FEE902100C0BF32B0100DC0341
:1023C000F8FA050A06081608F6F708FB02DA03ED24
:1023D0000B07F826FEF3E8200BFC38F900F6F603AD
:1023E0000A06F916FFF707F71FFEFAEFF6F809F8E5
:1023F000FC23EDF7E516EC0DF90804F80602F40BE2
:10240000000E00F8EEFB06F0FE08EAEAEE0DEE071D
:10241000FBFEFFFD06120A0A1AFCFE0DFBFFE60397
:102420000E04FDF908FA040CFDFDFB0BF8E0FAE2DE
:10243000F2F8F9FA0502030D0CFBF1F6F908FD08B4
:102440000EF5060D050BFDF121010D0B00FDFAFC4B
:10245000F40CF100F1F3FDF5070303050913FB0983
:10246000F4FD0FF50305E7F3F5FDF2E208F3EF05E0
:10247000EDFFF511F0EF010504030007EA0000FA93
:1024800011F4F201F2FAFD05FFFBF60FFBF1F40A7D
:10249000F102F6FCFFF91C0B0C03D4FCEB0B010A58
:1024A000F613FD01F5F001E8090002FA0E00FEFF47
:1024B0000F0EFEF7FB0EF7F80104FEEFFCE8060A2C
:1024C0000C030801F2ECD614011D1C093B41010369
:1024D000F40E04F8FCF5F7181BFE0B09F4FBEAFFF9
:1024E000FA260BFC07141D000712F3F010F3F6EEAA
:1024F00006070106F2FBF7051110F5F3010FFBFAD1
:1025000000F906FFFAF4F7180EF9040A040D16F0A4
:10251000030125F0EAF006FBFDF9F5ECF9E304FF11
:10252000100A061204FF1601D5F80EFEF91BEC0581
:1025300002F80918FA0BFF00060F041800FB03ED60
:10254000DD0D041EF02EEE1101FEFEF60AE607E692
:1025500004FA000109FFFC1A02FCF3F3F504F6FF8C
:1025600001FEF3F5FC04F0060DF70206FBF9F9FE97
:10257000F709170D020408FEFDFAFDFB02F1EC134A
:10258000ECF70FFCFBFA0F0814EEF705FCE5FA0375
:102590000F02FA0000020304F9FDFDFE0901070223
:1025A000F6ED02F802FDF30101FBFBFA0A0406F165
:1025B00000EEFF030BF4060419E7F30ADEF6F8FE5B
:1025C00005FD05D402FEF2F3F3F6010AE5FBF5057D
:1025D000E9C806F8BCF4FBFCF6F002EB01FFF6D606
:1025E000FEF4FB11000210E6D6CCE10FECF2DE0D9A
:1025F000F4EF0A02000003E00AFAF6FDF7FC09EC2A
:10260000B9E4E408EAF8EEFE040400F702FBE9E6A8
:1026100003FCFA040FF8FBEDC9F0F91F132A05FCBF
:10262000000B060D05F609FD19FD000802FD040169
:10263000041CFFFC01F403FA0803F20307FEFA0C82
:1026400007FDFF040D06082700250D021B020200EE
:10265000F0FF0C06F8FE01FAFDF202F80809100C72
:10266000131803F8142B040504FF0BF90B0606ECF2
:10267000EB0706F6110D0610F8F8FAF904EA0E0A4F
:10268000F8F5F611FFF1FF0B0DFCFFF9F7F827F84D
:10269000FE0807FA0044EF1705F40DFD05070307D0
:1026A0001D01FC03FC080CFD05F0FB06F32CFCFFF0
:1026B000FB010B17FDF90EF30FF6020C04FA11FEE5
:1026C000EB1AED2CFE0EF8FFF4020DFFF5F70502F4
:1026D000FE01F91F0501DFFADC065219FF0A02F9B3
:1026E00004FA0503F80EFAF1F901040B070A0DFAD2
:1026F000FDEE0800DAF70406FF00FCFB0AEA04F727
:10270000F4EFF7EFF7FA13F704F7CE17F80301FE2B
:10271000FCFF00FDFD00FEF6FFF10AE91402F90BD3
:1027200007FDE719FC00EFF9FD04FA04F8F001FEDB
:1027300012FF06FA10FBF005081CF0EF02FBFFFD8C
:10274000FF07FAF508F9120E0E0BFF06FBEE021852
:10275000F3E8F90DE00008FAFB0EFFF0FE0604ECCA
:1027600006FEF009F50BF9E9F8E9D614F6FCE905DF
:1027700008FE080402F1F8E01106F904EFFE04F483
:10278000E3ECF20CFDFDE2F3FEFB03EDF8E9FFEAFA
:1027900017F3F91106F1F8FFDAF502FFE6EE0BF98F
:1027A00007FBF909F7FCFEE80207FC0C05091FEA24
:1027B000FE0EC200DC06EE00020511E001ED08FD90
:1027C00012FCEBFC0C04E4F31D07F3FDE93602F800
:1027D000060AF9F514F3FE0C03F107FEFCF4E2D847
:1027E000E5E7351D0319E60006FBF7F0030307F2E2
:1027F000F80C06F604EDE5CAEDD845FD07E810082B
:102800001005FE09F903010B00FCF2E3FC110BF9C2
:102810000A170BFDEEE1F5F2F10202FB06C406FE1B
:102820001DF003F70802E8F3190B23ED0BFA06F786
:10283000180403FE05C9F5E32B03F3210105041574
:102840000410FBE2EABF0209F3030A0EF7D112F308
:10285000EBFEFC0AF605E607F326EDFE0FFC07F497
:1028600004FE01FE06FD0604060B0AFAEDFAFC035F
:10287000EEDB4DFFFD08010B0D0204E9F0DD001257
:10288000ECF605F0EBF1EF21FC18F702FFEF1A0070
:10289000FE0405F1F6D209E8021D16020AF71E1E13
:1028A000FEFEEE0FFE01FE08FA14050D10F8F8EE1C
:1028B0002EFB0AEE18070022F3060FEBF2ECFAF8F3
:1028C000EE0413E500E5F309F7F4062BFAF9EB0043
:1028D000F8FC0E050918FE070A0EFBE103DCFF02F7
:1028E000FEF9FBF4F0F6F5FD19FAF00E150402E717
:1028F00003FE0FE6F41E02FBFD0D0905F204FF15B1
:102900000806F20D130E0102FF0A07E70CFBFDFAA1
:10291000FBFE09F603FD151AF2EBE7D3240EFAFBD2
:1029200009FC08070208FCFA00EF0A0507FC1E096B
:10293000F107D304F114000803FD0205FF0F05D9C8
:102940000E01F417F9FB051B0108D202EE34ED0568
:10295000FA0D020708FBFF010F10FB0901FCE81A42
:10296000020102F1F053EEFA11FAFF150FF8FD0E15
:102970001000051FFC02ECD3F11317EA19E404065A
:10298000F602F9F5F51005FCFA14FFE808FA1FF74E
:10299000F404EEFFF5E00C0300F9F703040505026B
:1029A000FB02FEF5F7F902030AF1E201EBC510F8AC
:1029B000F704FE1D0ADD07F319050013EEFA21EFF7
:1029C000DFFD00FEEECEF60A0A09051EFFFDF6F851
:1029D000ECF70C080F260D06FF03F7FC0B02FAFDBF
:1029E000FCFB01E40613FE06ED02F8F70810030EE7
:1029F00000F0F60008FA1B0B0D0E05F3FCE609F5D6
:102A0000E8F8FDEDF3FFE9F301EDF3FD01E907005F
:102A1000FAF408ED070C0BF9D9150DE10B1202EFD2
:102A200002DDF906DBF9F006FD10F60A081FFEFFCD
:102A30000A010DE7070A0BF3E9E6F2FD18FDFA0BB0
:102A4000FF0C0307FB0008FEF101FAFC150EF8FA73
:102A50000209E10118FE100807FB01E7FB0AFC125E
:102A6000FFFAECF10C01EC0139F506FEF90106F76D
:102A7000FEF811E5F509FCF5040609ED0103EA236A
:102A800022FA14061B0405FBFE01FEE2ED17070205
:102A9000FB0507F30406E202FCF1060B10FCFB0940
:102AA00008F6FFEBF9FFF706F20FF0E2090A2B0236
:102AB000F8D7D50D14F803080D060F200510FBF00C
:102AC000FCFD01F6FF0313F9FFFBE1FF03FB0F0819
:102AD00004FE000D0913FEEBE3EE030102110118E1
:102AE00010E4F9F8F0BBFAF600000DF7FEF909EC76
:102AF0000EF108EEFB06FB0906E9F4F5FAE70BFD1B
:102B0000FDFFF406F4F6F8F418FBE9FC08FC07EC0A
:102B1000FCF9E115DFC9FAF507FFFE0D061BEF0210
:102B2000030DEAF4030DF300F3E808F90AE90208DB
:102B3000F7F8F02100F305EFF40AF7F0160412F2AB
:102B400004D4E4F9F5FEF6FDF5EF09F8FCF501EA29
:102B5000EFF703E00EFF17FD20E7E701F7FCFEF6B5
:102B6000080C080FEDFFFD0AFEFEF5F2F4F509E58D
:102B7000FC10F812F1EC0613FB0A0BF707E7F1055E
:102B8000DB01FE0C1506DEF71A0A3DE80F0205060A
:102B9000F6EE0413FEFDFAFCD3F8E7F2F6F910DFC7
:102BA0000FD1ECEB05F8EB07F8F700EA07FCF5FBB3
:102BB000F6FD02EB121119E716EC0243E0E7EB0910
:102BC000FEFF02F905F6FD04F70402EEF3FAFBF44A
:102BD000F8F72C00E7E40005FAECF71205F5F5EA42
:102BE000F30304040A0216FEECEE160BFD02FB06CC
:102BF00006EB0820FEDF06CFFB02FB0A150E0DFCDC
:102C0000DB00D404D7FCEBF8F60AFF1303E503EE70
:102C10000FFFF9EA100304FFF0FFF909D8C00D080F
:102C200007FEFF1100FBF6F310FFFFF4030533D698
:102C3000F401B1F5FE0DF6F804F312E50AFA05EF1A
:102C40002B0406FD0703E9D5FBFB07F2F036EFEA9C
:102C5000010B04E30A01030C05FAF5F2FCF9D1CDEE
:102C6000D2FE2C0BF92EFEEBFA0100E903F105FE72
:102C7000010301F9FAF8D1B7E8D2450E0EE00BF9DD
:102C8000F9FFFE0D040EFE070D02F7EF04060BF22E
:102C9000F9FDFB02EE12F5F6FF09F5F004E00A205B
:102CA000F7EC11F40305EDFE1D0114F70D26FDFFF1
:102CB000F10508FAFCD3F7F830F50301FBF903132B
:102CC000FA0C09F4F6CB1001110EFEF2FDD3FDE96A
:102CD000F307E5050B05E70D0015EE0CFB020504F7
:102CE000F9F8FC020EE802FEFD0BFEF304F8EE0814
:102CF000FAE531FBF1080801FFFF05F402DF0A03E2
:102D0000FE010AF4E5EC0011F91201FB21020C0DA1
:102D100002070CE5FBCAFBEDFBFAFB00FFFD180BFD
:102D2000091DF020F1FBFD09F1EE01120CEAFDEDA9
:102D30001B010BEC0C05FD2DEB17F7FBFBEDF0F584
:102D400008FE05FBFADFFFF2FCFD090CEDEBDBEF03
:102D500000F11EFC2011EFE70B0B01E400D4EB1B8C
:102D6000F305FD0AE8060C09010D06F70EF80B093C
:102D7000F9EE05EEFA200F0A110D0206FDF2F21728
:102D8000050C1500EE090A080CFAF40AF40D02FE0F
:102D900002FB060301FB191C040518DC14E6020003
:102DA000FDFDFF21F9F0FFF9F5FEFF04EEFFFADF6C
:102DB0000DF716E8F4F7FCFAFDFAF802FFEBFF2432
:102DC000FAFD02E5FDFFFAED15F6EFF917B1FC0A81
:102DD000000D01FDFEF60A0EFEFD01FC050206FADD
:102DE000F8F70406F6CE1CF307FF02EE06F4FBFB31
:102DF000FD090C0207F2EC03FEFF0CF2032502F6BC
:102E0000FD00030F02DBF303F20AF2F7F4F300090B
:102E1000F2CE1FEE24E8F30205FD0B07FD000507C7
:102E2000F5FD01011005FA160A00F214182808FE33
:102E3000010EF9EEF81B0811FF03EC0D01FBD9F1AF
:102E40000C1A01090B2109FBFF0509DBFDF2000C3F
:102E500008FDFB1CEEF3E014EE060FDFFD0CFD0F8A
:102E6000FA03F6FB01EF0BFFF5020401F2080D2156
:102E70000CEDFB05041DF100FD110700011A02080D
:102E80000FF20513FD08EC07F805F3FAF710F6F951
:102E9000FB0C050704EB00F321000420F1EEEBE44A
:102EA000F82C1803FB060C04F90E00F805F107EBEB
:102EB00011FDFB1DE7F20C0C0A0CF7F4F60AFE00FC
:102EC000FD0108150A03FDF802FAF507F4FEF714F0
:102ED0000A0406FD25F8F8FEFE0FFA14FA0CF914A0
:102EE00006F304E7FEF5D7140D1915FB0FF909F6E3
:102EF000F90106F30A0103230C020CFFF7F304099E
:102F000023FE14FE0BF904F90101FDFB0122FB0A6B
:102F1000FE07FF01F3021B1012FBE40614EE06008D
:102F2000FB0505F5F316FBEDFAFF080908FD14078C
:102F3000F3FDF81D0D0F0607FDF5FB07052701FD45
:102F400006030205FE0A1810E30EE10DE8D5FD06A2
:102F50000404FF00FFF311FFFF000014070BEEFE57
:102F60000F0DF3080717FB0502FCFB1A000106F81A
:102F7000FF01F8F90800030F1616E711FC0604001C
:102F8000FEFD0404010D0AEE010105080BFAFD0423
:102F9000F70CFBFE0902F1FF04FEF4F6FC0A07FE43
:102FA0001003F80605FD0403F0F9E60108BC16FB62
:102FB000FB1302E907F801F9020204F7EF0002EC43
:102FC000FAED01F5F7F7100004FB04000E170112EB
:102FD000FE0903EEF80D1112EAEEE6FF0608020400
:102FE000060006EF042104EFF90BFBF6F00923EECF
:102FF000F5E7C0152A1CE200010407FBFE01020AE6
:10300000FB0706FC0719F3FF06E7020CF710F9FEB1
:103010000A0E02FA070F0BFB020903FCF2FB000584
:103020000907230FFFFFFAFF0108FC070306FDFE57
:103030000A00FC07060C0EF0FC040C11FBEF04F96F
:10304000F304FC09021CEED6DA0CFCF5180D1FD5B2
:1030500007F2B80D21E70105080A04FAFCF301089C
:10306000FAFDF6EE29FFF4E306E6F6F0060611FE99
:10307000060502DBFFE70D170610FB09F504F90F43
:1030800020EFFDE004031A040612010B06F9030009
:10309000050600F9F803F81BF8F91817EEEB0CF128
:1030A0000809FE0A0D1502F9080712E8F514FEF8E2
:1030B00004FC2A0509F310F1F6EE10F0FB1CE5DD27
:1030C0000606FCD30E021B0C1D1B1E1A15BBFF0EA1
:1030D00004E30FF2FAFEFCE2E0FAF3DF1B0F260333
:1030E0000809FC1EE7FAF81304FA1319F70C01E9B2
:1030F000EFF9F8E41A16FD3CECE3FF0E15F409F8BD
:10310000F9F0FFECF816090EF405FEE3151331088B
:103110000EF3E715221F0BFEF7FB04D90423FF066D
:10312000EDFEFEEFFFF3122916FD0A15091B05ED52
:1031300008F503F9FED907DEF605FEFC02FD280CB2
:10314000FFF8FD0EF8070E0909FB020AF7040CE66A
:1031500006FE0114FB1E0310021EE509E3FBED0150
:10316000F6FD0207FE1DF4E6EDFBFAFF031711BDA5
:10317000F5E2E9040812F907020701F708EF040471
:103180000302F12604EA15DEEEEFF52939F605050E
:103190000B0DF1F2FD0503FF14FCF817FBEAFF0F1E
:1031A000F62FF90C1517000A0A10FC030923F21E6A
:1031B000020F00FAF202030C0D0FFFD0D4EE08024A
:1031C000FB01FC0FFFFDECE30102F9F7F70418DE49
:1031D000FA08E509C9F0F8FE070AFBF70814FF082A
:1031E00003F9FAF5FE18FDEEFDE8FF06F30AEEF529
:1031F00004100BEC020F0CFE010808140002E20799
:10320000F3F80FEC000E04F8FF11F9E7FAFCF913DC
:1032100006090F12E6F4F1F4E10946101906F9FB6C
:10322000FFF80411F619FB00F0FC0E0D0304E90F82
:10323000FCE8190807F3FFFC030BF902F6FE00FA9D
:10324000FE01FBFF04F5F1F608EAE6F9F8CAFE050F
:10325000F207030AFCF8061A18EF0EFDFCF804F357
:10326000011AEF02F0FF01E9FBFD1105FEF1020971
:10327000FCFE0301FA0908070808F6F013D0F90369
:10328000F3FFFB0AF011FF06F7FAFF05FF04FAF758
:10329000FDF901121413FC0302FBFF13031404F7DE
:1032A000F0FDF6FEF5FAED02F801030D09FB06EF5D
:1032B000FE0700C5F41FFE0C13F2FBF8F9F4E2E779
:1032C000F612FCFC101603F6F6FEFCF31617FF12BE
:1032D000F617040AEEFB07F10B0206F8070EFEFADA
:1032E000000005E5F104FEFB0105FC0606FC0F16D7
:1032F000FAF9F9001917D3FDF60300220530FA0593
:103300001209FF13F8ECEDE8DD03DAFE280CF7F8FC
:10331000FD0EFEF0F806F9ED21F4FAFAF802E4F9F0
:103320000217F60E09F41A08F60008F600E800E69F
:1033300000F60016E9F1DC18E814E3D606040901EA
:10334000FDFB09FFFAF5F8F9DE00F905090115F2B0
:103350000902F0FF26F4FDFD091A020DF9E907FC48
:10336000310DFC0209F0E0E7F2FCFEEE0BFB1EF86B
:10337000FC140DFEF3E1FD111706FA08F4F0FF0747
:103380000E2EE6DB2AEE220AFA0CFFFBFB1D0710CD
:103390000006FB09F90911154301B1CB0AECFA0C3F
:1033A0000B04FFF3FBFD0402FEF506F916FBEC1817
:1033B0000AF23CF0E4F70400FEF9F715FCED041303
:1033C00014FA0A03F3F8E9F9FDFF14F40FFA1003F5
:1033D000060CF80C09D40FF201F30105FFFA00E71F
:1033E0000B1BF7F809EB1900000BF805F8F600F9CC
:1033F000FA010606FD0015F81E0BB9EF1405FBFDDA
:10340000020EFBED03FD052208F7FD1902E4E310AF
:10341000EA0E43E81E2900070510FD0F01F308FE20
:10342000FCF7040BF3F30B05EA0CFBFF012B1AFC72
:10343000F50BFEDE0230FF24FC0009040308ED0753
:103440000F02F307092AF600000FFDDF0A19EF1734
:10345000050004ECF6F8E4E601F90112FC25FCFE97
:1034600006FF08DCFF1305FDFD0D011FF6F5191819
:10347000EAE0E0132C27F802F9130516FC2CFD01F5
:103480001406010AFA12E900F708040AFDFFF1EC3C
:10349000F514040CFFFF06FDF60200F8FE05D8F453
:1034A0000224050BE6EFFF0B010F07E5FDF000011D
:1034B0000300EC0AE507F0DB110705D40F0A100A38
:1034C00001FBF5E4F70406DFEF00F30C110517EE3E
:1034D000071901F40FFDFF06FD09040DF9EC0615AF
:1034E0001206FB05FEECE9DFFBF012DF0CFDFEFE31
:1034F000F00301F604EB0C150DF90AFAFEFDE5F8F0
:1035000002F7FCE903F708FE00FC00FBFAFDF9FFF7
:103510001B05FF03E50A0E0E00FCE6FDE3F9F700CC
:1035200009FC03FBFD17F902FCFA07E905FA10FA9A
:10353000DFF6D8101CFDF603FE0E05DF0E12001993
:10354000FA13FAFE04FBF40CF0E8F710FB3F08F660
:10355000040EFFF3010DF80E0C14FB0E0CF3D7E96B
:10356000CE192204FE1EFFFCFE0704FF03DCFD1043
:1035700002F907EEF7E2D50FF31E3F09E119F9F260
:10358000040200000408FFF9F103F8EDF7FC01DE86
:103590000218E6F805F3EEFFFE0501EE03E90AF472
:1035A00005100B040C08FAF102F206F307130104EC
:1035B00003050002FFD8FB03200F0224FEF9E2FD01
:1035C000F4090BE80DF70D08F906FC19FECFFCFE17
:1035D00007F603240305F71208141EFD00E9000C8A
:1035E000FF08022400EAF30C060500ED08080DDCD4
:1035F000FE29F7FCD206FC0AFFF4F50701ECFCF902
:10360000F405F5EEFFFAE8F707FD0AE1F90CF80119
:1036100000F302F202FFFF01F9130512F3ED171395
:10362000F7F602FCFEFB07FE0CF90710020C02EC99
:10363000FDEC0E04EF0E1C1309E8F9FA04EDF40694
:103640000E10020200ECFE08150111FFF3F8030949
:103650000BFD08050706FDFFFD0004181200FFF32F
:10366000FCFF0D020804DF090C1806D4FFFF03FE5F
:1036700009FD02EDF918FFF80C04F2FE0506ED1342
:103680000EFE1E140DFB10EF0BF905F8FA01060AE9
:10369000F6FE0BEE00FC010D12F4FD1015F806FC11
:1036A000030DFD030A13F60D11F7FFFDE4FF010002
:1036B000F6F01104E6FC08FDFAF601F6041607F52B
:1036C0001106FD09FB001D00E108F8FAC7DFF7F459
:1036D000F4000808FCF2FFFCF809090509FF0FF9DE
:1036E000FF0A0900E4CFDC0FFFFC131F06EB04F810
:1036F000FE1008F2081410D1EEEFF1FC2612FEFEC7
:10370000E7F400F603FDFD0EF404FBFC00FC0205EB
:10371000FCEA27111BD51BF9F8F00EF501F902FCA4
:10372000F1FD01EC06EF0A08FF070A04F3C212F8E4
:1037300008FA0CE60DD505EEFD000AE2F9092BECBE
:1037400006CAF4EC04B4FA050AFFF70AFE0108F70A
:10375000FAFB0DEE12FC1BFFF8DDEE27FF21FBFC50
:10376000FEFBFEE1050600F7FA0F0006FF01F60872
:103770000AE8140C181009F00601F8D1F31203FB43
:10378000FAFBFA18FCF5F5F709DE0AFA29E424F742
:1037900006F5FBDBFF0CFFEBFF04F50813041FF736
:1037A000F9F2F906F10002F809ECFBFCFF1B030932
:1037B000F01902E90202FE0FF4F70422EFFBF50C08
:1037C000F20A020FFC14F325000C0216FDF901FAAF
:1037D00011FAE40AF605E60601FD0AF20204F7FF13
:1037E000ED19F4070B04F91A13FF06FA0D0F01FB8C
:1037F000FA07F8F9000BFBFAFB0DF4F306FC001DC9
:10380000152F010C28150C03010EFF05F4FCFE0911
:10381000040DEF03FBF9D618F24012C1E1C1110407
:10382000F602000DF8F800DFF3F9F5E901FF1EF1EB
:1038300011FACCFFC8AE020607F600FDFE0BEED56E
:10384000D8FAF9D3290A2BF405CBC30FF4B411FB32
:1038500001EE04D7072503E6DFFCF6DE1B3B3B1237
:10386000FDD5E117060BFD04F804FDF1FB210AFC70
:10387000FF02F6EB1808000AEFDA0C0FFFE71A0850
:1038800006F503EAFF1008F3FB02F8DE0D13F9F961
:1038900014EAE209173CF80008F705010600F0F405
:1038A000EE0B09DC1DFD19032FEEE5200302F3F6F4
:1038B00008FFF4EEF924FB00FE06F7F303FAFDFF20
:1038C000F606EA05022A0E0A0410060400F704F9B7
:1038D00002FBF9F9EBF9F00C0A1DEEF601FB1003FF
:1038E0000C0302F906F503F8FC0508F00DFA10DAEE
:1038F00018FAF904FAFAE608F202FC11041302F2CB
:103900000FFCF8EF08F21DF3EB0D0505F807EBFED1
:10391000F30C020500071000F704F1090CF8F6FC9F
:10392000FD05FDF2DA010AFEFBFA0CFFFC02FE08BF
:10393000FBF9FB15F2FCFF030E08F602F1FF0E0186
:103940000700FB03FB09040200FB03FFFC0102FD6F
:10395000FD020B05DF00F9FA0408FC0B0108FDF677
:10396000F6F70A0503081FF2E50F0DFA02F005024B
:10397000FEFFFC1E06F1FE0807FF0014110808F701
:10398000F50D0F13EAEEFBFAFCFC0517F903F9EF4E
:10399000F60601FEF20111F70807FCEFFCE0F7FB69
:1039A000F40503D9F3320113F3090305FAE914F41A
:1039B000ECF8DD202936EEF70B2807EDFBE82005B3
:1039C0000500FA0BE4EAC9DDD6FBFCFD2E21180048
:1039D000FE1DFCF105EE02F806040509DAF3CED669
:1039E000F604EAFB01D01307FDF9FAEF04EB010D31
:1039F0000FFD0511E000021F24F8B8FEEBE4F11101
:103A0000080803FEFFFF0CDF24FFFC2F09EAF5DEA8
:103A1000FA2FE60F00F9DE090A1DFF07FE13120157
:103A20002FF5FA21E30CE7E3BC29FEFCFF25050C8A
:103A3000F710FE1CFC4D032202FB090AF410D3F11F
:103A400024F3E2F10E0802F90BF906EC002601233B
:103A5000011309E9E4041BD034F1F709EC00080371
:103A600006010309FBF51A0C1E0C03F0E9EFF9231C
:103A7000EC3EF1DAD30CE90A0907090CFF18040C33
:103A800004101700F5080ACBEE0300E2FA10F9FD66
:103A9000FDF70E2C0714FA05040516F7F009CEDE23
:103AA0001415EEFBCC01F903030C010F04E6F9D762
:103AB000FCFFE1F8010606DFEFFDCEF2211006065D
:103AC000FAF9F7E201F70CF30209FFE40AFB160B1F
:103AD0000EF604F71FFB1300F80BFCEA01E917EEE2
:103AE00019FA00FEF4F5F2EDDC0504ED03F816001A
:103AF000FB18F8F608D5072EFB0006F8FC09F5F6CA
:103B000002DEE2D805F4FCF50E0906FB0E09081AE0
:103B1000EFF70BFAF2F418F028E4D30AF9100105D4
:103B200005FC05F901FE020103FCFAF8FDFFFBFDAF
:103B300007F6FE0305FB01FBFE0602FFFC05FA0388
:103B4000020603FBF900F90101FEFF07040005FE70
:103B5000FFF90002FCFF0107FD0302FBFDF903FF73
:103B6000030501FEFB050302FA02FF03000103FF48
:103B7000F7020405FDFC020000FD04FEFC02010149
:103B800001FC020604FAF8FD0106FE000504F9FF37
:103B90000800FEFDFEF004FE050200FEFCFCFF0036
:103BA000FAFB0001FFFBFAFF02FBFB0CFFFAFC0231
:103BB000FCFD05FDFAFFF70204FDFF00FA02FA0022
:103BC00000FC00FD02FA04FAFA01FEFE01010BFE00
:103BD0000505020003FE04FFFBFB01FF05FF05FADC
:103BE0000201FFFB0303020200000105FDFC0904C2
:103BF000FFFDFF040FFAFEFFF8FFFEF8FF0103F9D7
:103C0000F9FEF70201F9FBFFFC02FB0701FE0200CF
:103C100000FFF6F9010000FAFDFF00050408FD00B1
:103C200000FD00FCF70004FBF8F6FF07FE0204FCB1
:103C30000502FCFFFD01FF030404FDFEFD01080178
:103C400003FE00FE0301FFF9FD01FE02FEFC03027C
:103C5000FB0002F900FFF901FD000104FDFC040175
:103C600007FB0000FAF901FC00FFFCFC02FB03016A
:103C7000FBFD0B0400FFFEFD04FCFDFE02FAFC064A
:103C80000404F9FBEE02FF0302FBFD0107FEFD0049
:103C90000204FEFF04000404FDFF0100191C0705D7
:103CA000FBFBF8F50410FD04F7FEF60101FE002B06
:103CB000FB09F31205F509FEF604F9EEFC0AF4F22D
:103CC000F8FEFB1AF202FF2E0CF8E5FAAF000EF434
:103CD000FEFDFD10FEF8FEECE803F801F00B2B14DE
:103CE0001FF7EEF2F31AE20C07FCFA12FC160AF8C0
:103CF0000CEFF20B09120FE709F2F0EA000AFBFFE2
:103D0000FCF6F3F30D1DF2FEFC04FCF4FE160A0EA5
:103D1000FADEC90F23E6FFFEF5F5FCED000A05E922
:103D2000F4F600F5180007EBFCDC04F6FCD501F70F
:103D300000F7F40AF6EBFEE704FEF7E9FEFB130BCF
:103D4000E7D3FAFFE3A4ED060B00073701FBFFEF13
:103D5000FFFD04E01A221FE801F0D601FAE501FD9B
:103D6000FA060805011FFC11F6FCFEE92E0EFFE025
:103D7000F318C40EFA050A07F3FC000001F6021955
:103D8000FF07F1F303EAEDDB1D0810F11C0C200422
:103D90000DF009E808050609ED0601E00402070236
:103DA000F9EB04FA250FFAF3FEF4FD1C07220A03CF
:103DB000000000E6000608F702EFE0F606ECF40C5F
:103DC0000502072B03F6F81002FE00ED120706F4B9
:103DD000111227FB01180203F3F40300FCFBF8FCAB
:103DE000F7FAF40B07F9F7091BF018FEEC0F0BFFBD
:103DF00009F00100F710F9E30202F50BF5FC070FDB
:103E0000E9EBD8FD1A0FFA0505FA051D0322F9FAA8
:103E1000F2FCFAFE0003F702FB0FFC08F1D802F0F7
:103E2000000208E6FC04F6FCF3F804F50BFC0701BD
:103E3000F1EC2F0AEDF00500F90502F60810040C6C
:103E4000E30A0AF30901FFE2E8F017FB02BCF0FB0A
:103E5000F5FBFD0EFBF4FEEDF5FC06FB0CF8EBEFBD
:103E6000F0F802140DC2FF020500010405CDF6F3BF
:103E7000F70603E700FEFC1FF0F905001215030426
:103E8000FAF8FBE803FDF609FF08F4010504E51C58
:103E9000060A17F615390B0C000A06E9FDE900E5DC
:103EA000FEECF30A0DFFF5220C0CFE070F161104B1
:103EB000080605DB04F3080FFC0DFEFFECF6F80D19
:103EC00010FA060C182F0EF9FB0303E001FB09EEB4
:103ED00009FF040F02F8FC281EFA06F9F01F04FF80
:103EE00006080EF7FA27FEECF6FDFF11FBFE0AE8C6
:103EF000ECDBCF10211EE704041112F9F31B0A14A6
:103F00000911F9080303EFEF01FDE9031E18F2F5AB
:103F10000306FAEDF10501F50E12000CFAF2EDF2CE
:103F2000F4160F07130405FA06030006FAF6FE005E
:103F300013FFF920F2F205FBF50536F5EADF060876
:103F400001FDFC11040204ED0BF1FDFFFC0D02E08C
:103F5000FF27E003FBEF05FD000EF609F8EF040470
:103F6000F1F3FBF2FC08E8EDEE0711F8FB02F600B6
:103F7000FE0501FD03FCFC1B02FCFDED00FAF3F065
:103F800008151DFD1E0DFEFCFC00F5EE04E504F910
:103F9000160507F6E500FB06E4042605FFF8F6071C
:103FA000010002FC030D02F3F109F5F8FC070DF026
:103FB000EFF2E405FE100401FF01080AFAFD04E532
:103FC000FF1B03EFF21021E80FE2D8FD050FFCFA0A
:103FD00005F502F8070F04FF090C07E502FC0AFECD
:103FE00002E4ECFCF8ED0AFBFE0D0A0303F400F515
:103FF000030002FCF3000005F3F600F7E3F1FB0811
:10400000000B0908F105FAED0B05FCFE000BF7FBB0
:10401000FA0FF7FEF6B100F40211FE0CFCF103F901
:1040200015F9F9EC08EFE8F91A3022FD0AD500027B
:10403000040AFE0DFAF2090DEBFBFFE2F4FBFAFCB9
:1040400010ECF1F0FFF6F50EF503FF020A0F01EF99
:10405000FEEF06E609FB1AED1DF5E9FDFFEFF402A0
:10406000FC16FE11F7DE0323120B04EAFEF3E4FA5A
:104070000130FCE9D2F7FFFA0A0505F000E800106C
:104080001E070003F7EFE1F112302FEAE0FD050A09
:1040900008FF081B0409F405EEF5120BECF70BFF03
:1040A00003F5F8EB02F1F2FF02ED03F905F70BFC63
:1040B000FFFEFBF117FD0FE1F9DF1D48ED030408DA
:1040C000FBFDFCF4FD0306F6050509FCF0FDF30E0F
:1040D00005FC11000C03F7FD0E0800DE010700F1DE
:1040E000EFF8131405FA0620F3F1F707EF060704BB
:1040F00008FF00EF0BEE01E7F700020B01FD09E8F6
:10410000ECFBF00CFBF809F9F9FEF61705E8FBF4F7
:104110000100FEF40401FA00EF05F61B202EFF0259
:1041200006EC03F911E9F5E4020707011401F307AE
:104130001926E3F106F1F6F4FAF011EFFE03F4F0BC
:10414000FA0301F90E001441FE17F90523F808EEF1
:10415000FAF4032100FE0FFAFAF9EB0603F3F2304A
:104160000A2C09FBFB2F061205FDF90D06ECFA08D7
:104170000AF9F91B1E01F30E052AEBE7071A0A0BD1
:104180000A0108EDF4F209FF04F0EF0B030A3913FA
:104190001401E408F543ED0AFFEBF7EE040C01F619
:1041A00014070201F2F10001FDE2FAFEF9FBEBFD5A
:1041B000F2F90535F0E408CA19F11014F9FF23DC0F
:1041C000DB0B1504E504FD0809F3133900F410EFC7
:1041D00007FD061FF71CFB0CFA1536040107FB0050
:1041E000F9F7FDE60E0C09F5E4FE03FA0420EDF004
:1041F00010E1F4F90CD8050CFF00FBDE02D40DF041
:10420000F20200EE07F815D716CDE30407DA12FA2A
:1042100006FB08F7F70EFCE2F6EB14E20F1918E6BE
:10422000E8E1000DF0F4EB08F8FF00FDFD1DFD01D5
:104230000BFE0DE60A170CEDF2D4DCE704F60210D3
:10424000FF03FBF9FBF000E8E806F5F31412FAFBB4
:10425000FF04D1110FF2F40A0D03F6C916F9EC00B0
:104260001903010A05F6EDEC34D7251AFEE801FB27
:1042700003F8F9E0FC0509EFF2F6F3F7FCF7FA238F
:10428000E9CB3DEBD30401FFF902F6D1F61FF1F0C3
:10429000F1E60CFAFD02F6FEE5E5162CECE8FA0074
:1042A000000013FA0028FAE9F70FFBF4FBFB19FEF4
:1042B000DE08D909EFFEFB04FF0A08F40B12FFF039
:1042C0000F06F7010E03EBFFEEFEEA19081500F5E5
:1042D000FE0404F407FDFF17090FF204FAF8DDFEEF
:1042E000DC1326090129F702FD06060707F4111E53
:1042F000060203010401E503F20B3DFAF5F105FEA8
:10430000090106FEF7FE08F9FCF8FBF605090B01AA
:104310000141DCFC01EF0406FB0AFFF7FDF617F490
:10432000080A02EB0F04F8FA0C11F9F3F5E4FE03A6
:10433000F608070909E410F913030E0EF2F1FD1552
:10434000FBF902EEFDF51106010AF60D0AF601EC85
:104350000809F729FF0B0705F71525EE07FF0705E5
:10436000FBFE0912022704EA02F5FFF1F90C2EF216
:10437000FAF5E901F50FF700FCFBF8F9FDFF08F38A
:10438000EB130FFDFC09EAFE0EFCF7FCEE1BF80236
:1043900004FD0DF40C0FF9080BF710FC0105FD09E5
:1043A0000CFB021228F20E090207000105070307A1
:1043B0000DFE07FC0B1602FDEFED0EECF5EAFE0319
:1043C00007040115070602F5FB0C06FE0C0D06DCC2
:1043D0000212D80A23FD020BF611FFF60BF50707B0
:1043E00008FDF8EF1A00E7E317F905E2FF0706EE0C
:1043F000040403ECF718140BF9F70102F1FBF10DBB
:104400001BF82FEFFA030FF9F502F9EEFC0C0E136F
:10441000EA030EFCF70AF10616F71011F211FA037F
:10442000FAFA04FC071208FDEB010F00FEFAF6EEA3
:10443000FBF304F90925F3F60C18FCFE04F801FE61
:1044400001FB0412E0E6FAEEF904E9FF2104FCFCAA
:10445000F202FFE90909F71E010105FDF3F2E1F897
:10446000F522F301F6FB07FC030E08E702F1F81C46
:10447000F405FDFCF6F5F80116090306F4E2F30372
:10448000FE0906090B040AEAF8040618EFEE02D347
:104490000308F2FE1107E701080B0706001D1004D0
:1044A000FCEE0013FCFDF7EEE7EDE8F51BFFFAF676
:1044B000F30F00E3F71FFA0F0602050D09FCFBE8F6
:1044C000160406E4DF0B00F804FAFCEE04F7FC1314
:1044D0001507FBF7EEF10BF403000CF6F8F2F4F21B
:1044E00000F9FF08FEE9FA0E0A05FAEAF3F711E609
:1044F000E9161802F903E7F4070AFF1AFA12FE0395
:10450000090402EAF404F1DAF023F9E5F3F4EC0823
:10451000FF0AF413FFE00FED09FE0403F405FEF5B6
:10452000F92D1315F9EA091109EBF50AFEE0F6E297
:1045300005E6F206F7FDF70EEF0CD8E5460CFBF2A8
:104540000CF401CBF1F205F50800F8F71004FB3983
:10455000F4FA12F3461AFEFE14F8FDE002EA09002E
:104560001B0A040203EFD71DEBF329EE14F41EF926
:10457000FC0300E402EA032307F61305EBFE05F74C
:104580000FF9F9FEEEE9091205EDF8140B05EB0B36
:10459000F4030EFDF90A230111DDC6E30BE2FD066B
:1045A00000FAF5E704E5040DFBFE0AEF05F9F4FE59
:1045B0000BFB10001300F5FF08FF0501F9D60416E8
:1045C000F8FC02FBECE3F4E2011916FD1E3702FBD6
:1045D00007050204FCFB02ED02EC0AFBF400FDF906
:1045E0001911FAFBFAF31101F9FC08F6F910FD00B4
:1045F000FAF90BF3EB00170622F9B80A03ED0405EC
:10460000FC05F70202F3FE050A08061AFCF9F6F0AB
:10461000F1EE0B010514EF060DFF030FFC1AFF0B63
:10462000FDFF090FEE021007CCF405FF0614F60497
:10463000020404060330FC0DF4F6F505141DD6F152
:10464000F605FCF314100BF701FF03FCFFFEFD0A57
:10465000FE0903E2F1FBFAF701F7F203FCF20CFAB0
:1046600004FAFBE701F20C0E02FD02070CF5050D42
:10467000F602FDF5ECF1040402080216010DFEFF3E
:10468000F9000A01F70604E0F5FC1BFBE9F5FB0065
:10469000030A031CEE01000403FA07020204FDDE14
:1046A000040A0E08DDF6030700FEFCF405F0FB0A21
:1046B000F7F9F6080C0305090305E4042D100A09AF
:1046C00000FB04E401EF05F400F8F7F504FBF81D26
:1046D000130608F5F4FC1007030AF3E6F9FBFFF4F0
:1046E000FA01FAFBFAEDF910EFF8ED00E6FB00FB3A
:1046F00007060301FEF7FF0700FFFAF9010C01FAB4
:1047000004EFF819ECF7EB0106F509EDFB06FE01E5
:10471000FEEA01F2F2FD0AD704E3DF25E211F60A10
:1047200002FFF408FF1D0814F6010311F104F5035C
:10473000F9ECF302F6F60507F30F07FEFCFCFF1198
:104740000409041CE60EF607F900F7F20915F9064C
:10475000F405FDFAFF020C0EFF0A1009F8FBF3F056
:10476000ED0212ED07F8FB02FC0D05E001FD041956
:1047700001020C0A07FD16F4070C0909EDDAFC0228
:10478000FCF4031E04FA06D70BFFFF15F401F9DB56
:10479000F70ED607EBFDF207F30EF80CFDFB08F25F
:1047A000EEFE130F061401E3010CEB080502F80DF1
:1047B000F80AEFE4FF33063303F7FEF7FE01DE02EB
:1047C00011EF0AF4E91BF701070B05FFFB140A1EA2
:1047D00004F0051FEEFBFEEF130337F710EA10ECB1
:1047E0000508FE0B00F009201309F6E803F607267A
:1047F000F63621EDF6F2F804FEFF0116040004146B
:1048000014FFF9EFF1F0E4EEF92F26E3EB0E0402CA
:10481000030F001803F10609FEF7FBFF03FEF2F891
:1048200006140200ECF3FEF60202FC03FCE504FDB4
:10483000EDFB0214F300FCEBFD09FEF25A22ED023F
:10484000FA0301F0F90A17F60504F80303FBF9224D
:10485000F8F616F92E0D0903070900E6021B1305E9
:1048600001010CFBF2FAED1504E40006F4FF0DEE75
:10487000F1F803FDFDF60011FCFC110CEC070CF344
:1048800014D0EC0FEDF40605F9EE0E0EF70A01FC5C
:10489000F80A0AF9F6FF19FFF1F7CF18110FF6FE23
:1048A00003F60700FBF9E1F5F90BFC130BFCFAFC2E
:1048B000FB0EF015FEED090DFF04FE0A040D11FEBE
:1048C000FC0DF3FD00FF0A0CEBF2ECE6030014F91B
:1048D000F616FEDEF2E50AF5ECF9FBF8FD0DFBFF3E
:1048E000EDF6EF07F40412EDF1050706FE0CFE19D4
:1048F0000804FBF8F9FD0CEBEFFD00FF00001206C9
:104900000306010000ED10F713F30A1A09F5010B75
:10491000F116EDECEF19E70A0308F0FBFFF01CF6C7
:1049200016070106F502F400F501DDFA00DB17F9C0
:104930000E15F9F40C161E131AFA07FD0009F00BF8
:10494000FDFE13022C14FCFC09FD04F7F324F81DF2
:1049500003030B0400F5F6ECE1E3F7F20BFFF7EBD2
:10496000FEEFFAF8F61013E7FE0103FAEDF01E036E
:10497000FCEFE7FB050EFBFD08FA09F50317110D27
:10498000100F0EF9F90A00F8FDE9C9FEF717F1FB5F
:10499000ED0A040DFE05FF1306F7FEF4F80800DE2D
:1049A0001306FBEB0900000103F6FDFA0704020001
:1049B000FAF2F71CFCFBFCDBE6EDF9D1F529F5F684
:1049C000F7FE06F2EE11FBFD090AFBFA010C1CC70B
:1049D0000509D3F91CDC02F7EE08FEF2FED409EB60
:1049E00000FD0DFD08F8E6D9E7F1F4F028E209082A
:1049F000FC0DEFE702E8FF180106F9EF000610F5DD
:104A000019E7FDE5D8E9FEF20906F9F9F9E6FD0333
:104A1000FCF010F8FD002300FCFAEF1DFBDEFD01A9
:104A2000F2F9010AF6DDFCFBF70508ED000102F5DD
:104A300003F314F0E7E3EFE805EEFB06F9030312D6
:104A4000F7F1FC0413FAF00F04151001C20DE8F79A
:104A500002E6051B1109F804EC0A060B1B16190ED9
:104A60002C1218FF0BF8E404F9FDF7030A0501E125
:104A7000FF0C0DFB0C0601EA08F3EFFA141403FF18
:104A8000EBF7FAEAF5F4F32904F7F10B02EE111D46
:104A9000F9EB3B04F11D25090EF1060103F4FA18A8
:104AA000CE0607000902FF1FFFCAFCFFE9E9030E5B
:104AB00000F6000E01F5FAD2FAFE06100F0D2200E4
:104AC00005C9FB17F4E2F80301FA13E5F7E9FFEB78
:104AD000F10CFDF01C0D0323E6F3ED1B0040071065
:104AE000F1FD0BE40009F5F3E1F2F422EFFBF7111D
:104AF000EBC5400F18081C0209FC0BF1FC0CF30677
:104B0000E902F9270814001CF0CFDE3911E2F8F5AC
:104B100002FFFAECFA0DFC03F20EEC0902090E1783
:104B2000F7DDF111FB02FAFE07FCEEF7FBF3FEF4F2
:104B3000F222F9F201E80B0BF50C26FEE805F5026E
:104B400003F9F7DBFD2CFDFFFFFCF213EAFF1FEE7C
:104B500004E1F913DE08FF080EF7000CFE16F1EC75
:104B6000DA0FFC0719201AF6F5F3D128EB05E1015D
:104B7000000A000900E801E30701F6EA29F2EFFA6A
:104B8000FB3008171C29FBEBF20308F6FDF5F719BB
:104B90000B0BFB19FBFEE1000E4842D51317F9067B
:104BA000FA0014FDF8200F06FDFCFE05EE0A1405C0
:104BB000E9D7E115F909060DFB0207F9FF0404FE28
:104BC000F30800030D0C0012FAE0D4FB08190905E4
:104BD000010C07000E08FBF00701F4F40A131B0593
:104BE000E9DCFB06F2D90606F70803F9FD0BFBF337
:104BF000F9EC00FCF70DF3F8F2EDEFFCFEFD150A01
:104C0000090F00F7FFFFFAF112080502080910F773
:104C1000F510DA11EEBA00EE0A1003F5FCFAF5FE13
:104C2000F80D05F40402F2E40437FB00F509140B57
:104C300006FDFA05F9FFFF0EEDFB0ADFF3010BFE9F
:104C40000CE5DEF308C907FF02FBFD0CFF06FA00C6
:104C5000F0F0FAEE120413CD14D9EEFC07EFFBFBD3
:104C6000050EFC20FDF0F823000604EA0F03F6040D
:104C70000A3804F7D5E90B020701FAF308D60E0447
:104C80000AF6F802FCE6E2DA2A2444F1FD0A0F02F1
:104C9000FDDE0200FA130613E709FBFBEBFB181518
:104CA000F9ECEDF5FE0BFAF8FCF702F900EC14FE56
:104CB00000030BFA12FAF9DC100E2035E9EBEAFFDB
:104CC0000409030C0A0E022D0C01FDF2EE03040F81
:104CD00004F51400F5F909F8F305FBF3ECEDF5E53F
:104CE000FCF5130DEF000718DB0506FDEE090C0BB4
:104CF00016F6031801F600E7E900070E05FB18F4A5
:104D0000D9EAD2F21FFCEB02FAFB0B1700E0FEF52A
:104D1000F0FB010B1E0301F9EA0403F9EFB1FFF503
:104D200003EC05F307FBFCE4F400FBF5030F0003C1
:104D3000FAE0F903DDEB10FCFCF30FEFFFF2F1CF2B
:104D4000E40B01D40C0529000DD5EF17E0D6F913BB
:104D5000FA00FB030121000BE10001DF140B18F244
:104D6000F3DBEF1C0509EC0703FBF9FF0A0EFDFC62
:104D7000E50AFCE8130B01F1F1DC110F0CF5020858
:104D800000F209EE00FC03F5F1FAF7F50207210045
:104D900005E9DF151ADA07F005F606D5FDF9E7EFA4
:104DA000E809F2F217F1191619E7070F08CAFE030E
:104DB000FBFB03F70400F9F0FA0EE5F605FEF0142C
:104DC00000FAD90F0CF71106000702E50BE2FEF31B
:104DD0000CF3F3FC0EF9EE08F916FBF1FEFCFB05F3
:104DE0000209FB0A0701FB00F9FEEDFB05011DDFCF
:104DF0000C10DE04F915F712FA06FF080000021184
:104E00001700030B08F510F3073015070114F40A17
:104E1000F8F9FF18FCEBFA0D16000608EFF1ED109B
:104E2000031FF904FC0D06FB0A0BF7F001F6FE2147
:104E30001AF40115FB0A0708212D0ACDFCE1F7F74A
:104E4000FF0DFC0507F604F202F804F8040514F659
:104E5000F5011102D7ED11FE01110409F3F7FC026F
:104E60000A05FFF5F80702F4E7100416EAF307074E
:104E7000FA02011A040C03F6F3080B0DD6F4FAFD3E
:104E8000F0F911F9EAFF02F8F802FDF801FC10064A
:104E9000FAF40B0207130900F6FF260BDAE61202FA
:104EA000FBFAFE1C020AF9E5FF07FE000E0925EDDC
:104EB000F8F5C2FED708F80506FEFDED06F106E896
:104EC000190504F9F905EA00F71B0511F624FAFAA9
:104ED000FF0FF8F507F0FB030C02FDFC04FFE8FBF5
:104EE000F815290B031CF8FDF6FEF2070500FC0679
:104EF000F602F1FCF3F1DBE1E00031F2E9DB130A49
:104F0000FEF60914FA0904FCFDFE04EC010B1EEF89
:104F10000613E2FCD3EEE7F4030001F7F8E111EC2D
:104F20000BFA01F7FC0DF2F608FF00F5EFEDE903CF
:104F3000F9FEFF180AC906F61BFF072E0AFA00162B
:104F4000F80FFE0DD9D0FE1202FFFD06FDCD03F3D2
:104F500005FA0129000E0908041128EDFAF10200F2
:104F60000406F20403F010070D05F1E5FB0BF30056
:104F70000AF92A0405F607F9F001FCF301DD05083A
:104F8000F3F80CF4FCF0F8FD0B110B03FEED050932
:104F900007F305F8F9E1FDF1060CFF0106051F070F
:104FA000EF10EE03E2F1FD0400FB070313F2F4E758
:104FB00008F604EC1502151B0EF8F2FBF3E4EDF80D
:104FC000FB0402F3FEE5F90609FAFD15FBF3E4F72D
:104FD000F4FA0FFA060A0202050209E907FAFB02CF
:104FE000F40103FF02F5FC0F0E000008F5000401B8
:104FF00003E8FDE10818FEF90C090201FCFA0219A8
:105000000DF7EF10040F0B06F2F206F3FE0F040D7E
:10501000FD0200FF01030B0403F0FE0B0DBAF5F5D2
:10502000F603FEE1F6D402EEEDFB04EEF8F4DBD875
:10503000EDEB1FFA1305F50AFF09F60E10FD10FF40
:10504000FD09FBDCF8F309D8FCE007FFEEE005F60C
:10505000F7FCF50CFD10F9FFFAFA07EEF6FDFDE797
:1050600010DB07F7EBF00CFB00F0F7090B02010F68
:105070000815FFEF00E916DA04F3DB0FFB071F004A
:1050800000F0F9E2F2EA0910F914FFFBFEEAE00889
:10509000F9ECF7F20ADCFFFE0BFEFE0DFE0A0B1028
:1050A000FD10F506F20411FAE4FE1EF408ECFFF818
:1050B000F90EFD2F08E7F604FCFDEE160801DEE50B
:1050C000F5340CF3BFFBF1FBF91203F5FFF6FE001C
:1050D000F5F9FDF4EAEBEFE5DBFEF0FEF80A031864
:1050E000F90408F601BB12F6F5FAF8FEF700CA5209
:1050F0001606E7F608EFEC03FD06FFEC00EBF9E619
:1051000007ED060401010C2908F50BE9E2DFFEF3C7
:10511000F9F7030AFFF3F7F00E060A06ECEBFEE9D7
:10512000EB02EFEAEB06F3020B0009FDF8FBFF13BD
:105130000304000404240DFF2FF2EB02FB1005050D
:10514000FF07032806E60FFDEEF8070AFBFAFAF957
:10515000FD24FCFBE9FCFE05F2F5EFF9FE15000E5F
:105160000CF6FA14F40B0A1A13E9E9FD1D020BFC04
:10517000F8050AF1FE290204E4FA0A0203FF0C17FB
:10518000F6DC10FEEAF7F4FA05F502E0140605EB8A
:10519000EFF7FEDEF7F5FC02EBEA032B05F0F90D65
:1051A000F9F405EAFA0B03F5F7FDFFECFBF603F45F
:1051B000EDC6EA0EE01318FC0B03F9F109FCF31439
:1051C000FB1A0BCE01FE1BF0FDCFDAF0212E030BF4
:1051D000FAF9FCE40B0EFF04F10202D1F80B0A0904
:1051E000E605DF02FBD9FB09F008EFED06FD10151F
:1051F000F90B04DCF80CED08F700E501E817FF07F0
:1052000000F00804030DFDE4ED10F70510FBF3F0CA
:105210000AFBCC0B01F9F1EAFC1A0B1FFFDFF1D4FA
:10522000F30102F801FBF8F30833FE0300F215FE68
:105230000DFAF8EB05FA0724F0E9FCD3FEFAEAF9D7
:1052400028E9F2EC0DFCF7FEF9F901EA0507F7FC95
:10525000F1F0F6F5FF0513E32CF3E7FDF3E20CFFA5
:105260001124062BF8F1042C1000FCE402F9EAE802
:105270000D460EEAD50BDB01FF02FE1BFBE1FC0B2A
:105280001AFFF5FFE9F7D8E925392BE8E3F1000625
:10529000F2E808FE1203FE17F1F5031AE3FB07E933
:1052A0000CEAF1E6F805FA01FBF0F900020800FF4C
:1052B000F0FA03F9FDFE0FD70BE71F37F5E5FF0AFC
:1052C000FBF405FAFC050CF6EFFB0FEBF1FFF5061E
:1052D000F4D81F0DD9F603EE0CF4FEE2FC150BF228
:1052E000F1F1190B011520F6DBD6EF21DCF7F00AFE
:1052F000FBFB0B0503F8F4E6EF0A10F9FD0112FEC3
:10530000CFE3FB18E1FDE1F901FA01320CEAFDF30C
:10531000F506FDF61509F0FBD418151FE916020C69
:1053200008FC03FEFF2EF6EBFF091005EB06111239
:10533000FFF5BBFC2F130517ED09F9EF03F0FEFF96
:10534000FF12F3FA1011FDFFF505130007FB04052A
:105350000DFFFFEA0205FB11DC1AF2F602FC03FC6A
:10536000020710EF0F17F80B01020A03F8FEF414FE
:10537000EC09FBE7FC031300FAFB1EF6E9E8FE0468
:105380000D0E032BFCF90A031F00010B181F01EB84
:10539000094BDDF5FE050E06FA1701FC09DA09FCDA
:1053A00007FE07020D01F6EE243503E00A16060E8D
:1053B0000B0900F500F3FE10F9F2FA20F0E7FF27E1
:1053C00021EB16EDF50E08FAFE05F806F50BF7F9D8
:1053D000FEFF0829FE060BE50D1B11F804FAFC057B
:1053E000FD0BF622FAEF0C0F240113F9FDEA09EF89
:1053F000F5FF32F4D8F70A040A15F9F40000F613A1
:1054000012EFF814F4EDE800EE25FFF6DAFEF70DE2
:10541000080C0109F70108210C03FD19FAF508FA37
:10542000140BFE05FD04F4F3FD0B101BFA1107002D
:1054300000F80AFC121401EDEE003BF4F00603FE46
:10544000FDFD070A051CF7E6FEFA17FDF2FE09E36B
:10545000E8F3C2F8E9F600FFF80405F00AFF05F7E3
:10546000E8F9FAE90F120E07FCDDC51CFF00F10197
:10547000F7EF0304FCED01CBF9F0F70F090A02FC8A
:10548000F0C7F906DD04FD01F7F403FE10E1F7F1C2
:10549000F5FF0DF5110CEC02E405FA0DD51D06081B
:1054A0000011041EFC0D06F80505031DFAFF030597
:1054B0000708FB05FB281109F6030707100B050673
:1054C00022F7F8220401E316F52A1405142DFC1620
:1054D000FF050002FDE9FEFD10EE00FF0100E9FA04
:1054E00014210E02DF2CDE0102F8FE0D01F90DF48D
:1054F00004F20B05FE0204ED0D10EBE905EE02FAD5
:105500000F080809EF0AFBF606F90105090B310F30
:10551000FE06E5FDF3EFFB00FDF9000402030DF3C9
:10552000FAFD040DF609F6FAF8DFEDF9F4B402F429
:1055300002F2FF1706F5FDE4F706080CF70511E780
:10554000E9F2F70BF9DEF4FC0101FF1C03FBF31396
:10555000F4090EF60D1A0608DFFEFBFB09F8FE053E
:1055600000F005F4F42FFEF9D30102FE0514171420
:10557000FFE5E0123B0205090A0C12E1FA060804F5
:10558000F609F8E00208FA0700D5D6190FFAF9F182
:105590000C0105CEF91000F0F00C06EB1312090314
:1055A000E9FE14151E020005080CF800FD0CFA0DAA
:1055B000F90FFBF10EFB02F8F9F403FEF309F40115
:1055C000F6F80303FE2DF9E5E614F4090E0515DFE0
:1055D000FDD6A805E7E9F60CF7FCFDFA05D50211A2
:1055E000F009F41515FFEBD810E7D311050B06F9F8
:1055F00002FAFFE409EAFEEF120DE8080AF1001CC6
:1056000016F00EE51D2210F3FD0DFFF1F720030A41
:105610000606F00CFDFEEB0EF42610FCE9020FFA74
:10562000FC0706110702FEE2040909F10AFF0EF861
:10563000FBFBC5051AF8F9F804F9FADE0A0C06EFC7
:105640000F08FEE80F080916F70AF10CE926010514
:10565000F8FBF8F6FFFA02FB0808050D00F8DF0773
:10566000D7053513022EFFF30FF7F708F5FA03FC01
:10567000EE000B0500ECD6F3E60F3110F0E605F76F
:10568000FEFD060A0B130508EB05FBE708011EF2F9
:1056900014FBC808FC0CF400F9FA01E902F416F155
:1056A000031300091AFD20FC08EEF702F618ED07B7
:1056B00009070512FBBF0AEB29010A2FFEF1F2F9D7
:1056C000DF0E1501E1DEFC0C000BF62403BE06EC38
:1056D00004FCF433080DFC1EEE2524E202EA02125B
:1056E00005F803100BEAFFF1F901F7F21313FCEBD5
:1056F00019F60708F1F8060101F50AF6FCE30305BF
:10570000F7FAF4FFF8001704FE00E90D05E3F2FED6
:1057100001FD040813D3FAEC0D0DFFFC11F232F871
:10572000EA130316DBE7FDFAF4F5020CF80C00FFB0
:105730000C0720FC06141E10F0E9DDDFD700F3048F
:105740000109110CFCEAFB0A06F0130802F9E8FF54
:10575000F7FFFDFE0E071413060505FFF60404050A
:1057600009F103EF1003EB1C1210EB0FF8FB0DFB1C
:1057700008F30AEAF6180AEF08F9FF0EEBF20A132B
:105780000DF70904FE0207F708F6FEDC081E030CFD
:10579000EBFBF1F30C170EFF11D514EAFA1B1BFDFE
:1057A000FA04FD0A00D8F1FB06F2080914F7F01F0D
:1057B000244B11DEC1C11808F4EE092902F2F1FEF2
:1057C000D9EBFBF41E0C3A292E1911FAC6F102137B
:1057D00006EE030F0B1C0205D60B03F221012B0F63
:1057E0000DECE2DFF802E20507F4FCF6081903F21B
:1057F000E7190BFC18202015F6DBF40209FC0FF466
:10580000FBF5F806FAF3F903F8FA0008FC042A1A83
:105810000DEF2009052A130EFEE10B0B07FE0914FC
:10582000F60F19EA14051EFB250C08F6F119F2F61D
:10583000FEE8100EFCF9F5E8F1FF01E419FF20F78E
:10584000FA0BFB221012F7F4FFFD03FF0915F40019
:105850000300E4031307E2F3F70CE9F404FEFCF69B
:10586000FDFC01EDFA0BF802E70E0C0FF91205E250
:1058700006DB1006EAF9FDF7F105F517F8F2FBFE75
:105880000A050401F8F5FCF4FD18F12F05F6F307FD
:1058900000FAF302F9FDFF0302F5EEF310F21DF634
:1058A000FD00F9F9DD07FE09FE000CFB011BFC1BE6
:1058B00012FB07F904ECE7DD122A2705C6F4F4F41D
:1058C000FC040BF202F40AFBFBF5F80DECFD1D15D0
:1058D000E4BD13F9CFFFF1FBFBEFFA05FCF9EDDCBA
:1058E000FC05FD0E080C12F6CDD2DE21F8F2EDF823
:1058F00003F5F811FF0C05CEEFF906F6FC0114F9DB
:10590000C8E5B3F7E9F3EFF7020B03E6FAF109E4B0
:1059100002F7EEF9090504F8D2ED0010E9F8F8F7FE
:10592000FDF90BF2F8FD04F8FDF3FAEEFEF30206C2
:10593000070F0CFE3009FFFEFE03F41201E0FF0525
:10594000FD010AF3F509F1E909060903131E05042F
:1059500009FE021108150207FF0002EEFAFF180601
:1059600011FDF607F8DEF90401F70D01F70803F65B
:10597000F70000EBF9070B0F06F0E610EAD4F2028D
:1059800004F7FAFF050FFA0203FDFB0FFB00F6EF29
:1059900003E61AF619F8F8FDFA000806021002F8F4
:1059A000EF0AF7080BF9090308FB1C0E0904F30BB7
:1059B00000F20A07FE1200FCEBFAFDFA0E091301D1
:1059C0000AE5F10BE902F9FB01E9FE09FBF5FDF33C
:1059D000FCEAF7EBFFFC02010EFAE20FF8E3F8F93C
:1059E00007F2FD09FDF9FB1A03FAFFEB05F8FFDCEE
:1059F000F31D0A06DBF1F80504FDFF19F40DF30AA7
:105A00000404FAF801F7F2F9061F0E08FD040F0569
:105A10000502FE09020D020CDEFBF0E9F1F815E8C3
:105A20000FECFFF3F9F306F7F6FE00F504140E058C
:105A3000F0FAFDE7FFFF15F30FE3F241030403FE65
:105A4000FFFD06CB030D05F0F7F406E9FB03ED427D
:105A5000FED21EF8E41607FDF5F809E1050805FE7B
:105A600004FD0806F3FE2D0AE2EBFBFFEA02F00359
:105A700003F401020522E8F7F2F60305F90704EE44
:105A8000DAE8D716DBF8EAFDFDEFF60BF9F0FFF4E4
:105A900005F4F4F212F516EBC8EEED1DDFF501F991
:105AA000F80AF4F2FDED03F807FB02F4140804020F
:105AB0000B1000EFEAD5040406F7FEEFFDF70F1513
:105AC0000203EFF00803F61EFF2200FF12220DFC76
:105AD00001FD080FFAF6071405F70AE9010A030A9F
:105AE000F420EFFFF9080200FFFE09F3FC050CEEBD
:105AF00001F706F90901FD190803ED0C0B0B00F87D
:105B00000BFD0BF106FB012702020DF7F60B13014B
:105B10000AE21803EA1308F3F4F60AF3F402F203B4
:105B2000090602010B100FF0F8F20DFDFA43F8011F
:105B300008EEFE0C0108F7EB0BFBFC1CFBF909015E
:105B4000E90C06161524FBFF06FC08F1FCF008F230
:105B5000FF080408FD0EF712F0F9FAE5F40708F75C
:105B600001FAFDF902040401EDFFFD03F30BF8F067
:105B7000F5EA12080D0C00F20B02FFED03F002F63D
:105B8000FBF6F5FCF6EE21E3F7F9D8130207FF0167
:105B90000BEFFD030206011C07FBFFF51305F8F4EC
:105BA000F7F9E31CE005020005F9FA01F409FBFD31
:105BB00012020C0100F70FF7020205F1F2FBFB08DD
:105BC000FEFEFDEE07F000F105080106FEFDED0BFF
:105BD000F9CDF01003FBF601FDE6F8E6F4FAF4DF88
:105BE0000708F900F1000CE7E8DCDB28F6ECF8FE2A
:105BF0000BF8050F0B0200DCFE07F8F3F41406FCAB
:105C0000D9E4E80604F6E40908FF13FDF413FCF5F3
:105C100008F200010902F6F4DCEA001A20D4190A9D
:105C20000BF6F3F4F8F1FDF1EDFCFEE81302FD05CF
:105C30000B06FDF8DCB3170B07F9050A0710F8DDB2
:105C4000DF0AEFDE1B0E321412EBF203E8C30BF88F
:105C5000F9F005F6FA0B04E9D807EDDC18271FFA6E
:105C600025D5D8F70CDDF1100601F5EE0D34020450
:105C7000EFE9FCE30A141EE8FAC2E917F13300F673
:105C8000FFF00AF1F3240309F20104F9FF08F61802
:105C900013F6071111260C06F9EB0410F609F2FAB7
:105CA000DCFFFBF308FF02F41700FB06F7EA04FF32
:105CB00002F509050AEDFDE3F604F8D80F0B090615
:105CC000F1E2E1F802F6EAEE0DFA0104010CF9FD49
:105CD000FA04F1ED1218FC02F90FCFF907FE0EFDE0
:105CE000F70606F80A00F202F403FB02EB00DAF60C
:105CF000070A35F7C7EB1504FFFEEB1B0AEC02FAA7
:105D0000020C05EAF3E918E6FC35F804CA020602BB
:105D1000FC01FFFDFD00F40DE907F4EA201B02FC85
:105D2000FB06E4E10207F8FF0A0EFFFF00F7F81B8D
:105D3000180A01F7F3EDEBFFF72919042B0B130DEC
:105D4000F40D06EA01F2F40AF2FD0803F9F5F00495
:105D500008FA17F90513F2FFFAE7FD030515F5EE4A
:105D6000E906EE01FB09140BF3F4160EE2FFF7024D
:105D7000090CFC12FCEB06F201F5F90400070BEF2D
:105D80000810D0F2F5FDED030913000D02E9FA0B3E
:105D90001307FA04F4FDFCF9FD100EF5C6EBEB0257
:105DA00005FBFEDDF7F80E06F0FC07DAF8E4FAFC76
:105DB000F5E6FA0C2A26E803050D02F404F20D2399
:105DC00012EE0206D8F0E601E714F503F419EEFD31
:105DD0000A0CF8240C02090E2CEEFC18EDF2D5F793
:105DE00016FE03FCF5E712FAFA140204FCF30B01A9
:105DF00009F0FE1DEAE219FA313CCD03F6D7E9F9C4
:105E0000F8F5FFEBFA15FFFBF8F6F61E01FCE8DCEF
:105E1000E7C8B7F906E1D50005081308EFFF01044C
:105E20001C0209361B0C04EECECBE3F0050CF8097E
:105E3000010A09270F3001F6040E0310131AF2D9D4
:105E4000DB0B1FFEE3DBFF021501FE2AFAF7060259
:105E50000DE603FCE5E527D228F8FC22ECE5170364
:105E600005EBF7D309D40AFB0C0AF5EC10F60A008F
:105E70000513E3FDF101EFFA15FF0929FD17E8FB12
:105E8000E2EE06FF0108DED606E612EEDECF1B0BC1
:105E9000FBF2F220FAFDF7F0EC091CD0F7180BE842
:105EA000E0E8F0ECCEE105FB05DEFA14F9E8EFF3EB
:105EB00008F119E4021011EFEAD4DA0F3A000F0AE0
:105EC000110E040E16DF0BFA08F100F41606E62C8C
:105ED0001C292EE8210014FC0DED01C30616F7174E
:105EE000090304F808E109093B061CE9F40423FD51
:105EF00007E70CE1F9260F0DF20404EB0214FF2171
:105F000007CFF807E6F0F5EF09EAF9E9010DF7FA2E
:105F1000ED07EED40B0316F200C1DD3C01CA000C04
:105F200011F40410F71DF803EF0D05EFF8F0F4F38A
:105F3000EAF322F80FDA070709F9FDF3070CFA1163
:105F4000FDF8FBE11904FBE7EB0020040DC4060497
:105F5000FB000A0AF50B0909F10003EF1CFE0AF326
:105F6000EEF81515F1DC100201000F0604D703EA64
:105F7000F60B0BE20F0DE324F6D104090E19FFFC1A
:105F800002FDFEFCFBEFFBFE07F9F709ECF507103D
:105F9000F2E812051F2AFBFEFCF3FBDF03FAEF0514
:105FA000E701FEEF060E1323001CFC0D1137050C54
:105FB000070901D6FCD01101EBFB04200FFAF3080E
:105FC00009F408121F030DFE06F50BEA0BD2FDE1E2
:105FD0000903F013F9EE0D41F21B0526F70C030B34
:105FE000FCF5F500030AFFDBECFEF809F4FA16D124
:105FF000F7DDD00FF511E60307F104E7FF1BFBEA1D
:10600000EC01F129180C11FCEBF5F51B150DEBFF5C
:10601000EA040DFC0602FDF3FB18FD2C06FEFFFB57
:106020000A0EF7021309000C01F901ED041404EA49
:1060300006F4FD0BF7ED2115F2FA031ED1F5030866
:1060400007FAF510020500F700010408020108E054
:10605000F7FDEB07D7DBF7031213FF1FFA0AFD0565
:10606000E702F9E0170601F9FD0CFD0004F6ECF873
:10607000EFFDF614F60B02FFF80801FD0AF102F13C
:106080001836EE0A211111FEFDFBFEFEF9ECF307B6
:106090000A05F103FF030603053417E43012F6F78F
:1060A000FEFE04F7FC0BF808FDFBFBE20C11F90601
:1060B000FCF700091BEDF9FEF9E903F2F41DF7FE08
:1060C0000DFCF9020DFA1B0104110F1503DC0B0B7B
:1060D00000FDFD010AFDF7EFF1F4F9F50808F30EF4
:1060E0000906020CF607FA0C0B00FA1BFFFCF9E894
:1060F000F7F8F6FEFAFEE922FCECF318F9F7FFF7E1
:1061000008FBFAEA021503FAEB07F2FBFEF90AEDC7
:10611000FDDEFD1BF707EF02FCFD02FA0512FB0096
:10612000ED0400FB09010414F1D5EE1C16E504068C
:1061300004F2FA07FFE000ECFB0502F8101314F379
:1061400003FBFFE6FC0F150100FB071101DBFAE77B
:106150000702F3DEF905163CFA12DF08EBF3F7034A
:10616000FEF4FBFE0DFEECEDE209FE02100608CA8D
:10617000F8E0C50323FEEF0909E80CF2F601FDF291
:10618000F2FCF7021408F1F4F9E1E9060CFFFDFB5B
:1061900007F5FDE9FEF609DFF8FAFD0904F1070944
:1061A000E0F6F60B1E00FD070804F8F9F719FA0EE1
:1061B000060EF7F0EF020A1BFDF7EC0DFFE506FCFB
:1061C0000EF50512FD0005F7FB00FEF5070600ECD5
:1061D0000200E2FFF202EAFC04FDFA18020CFD0DD7
:1061E000EEFFFA05050AF50128100AE80A10FEFF7D
:1061F000FC07FDF6EE150305E2FC00F112FCE202DD
:106200002B04350F100907F70200FFFFFA070823D8
:106210001816EC09FCFFEE0409FF48F3EE1103FE2B
:10622000FB06FE1B0211FDFB0C0304111007F71601
:106230000C26F3F6ED0412F5010806FA05E505044F
:106240000102FE000811FA0E071832EEFC150506D1
:10625000F9FE0101021EFC06F710FDF208F91CF11F
:106260000BEE00EE1020FA05FD000A0A0723030BCF
:10627000F403F4F011042CEBF0FDEEF4F5E3F60A70
:106280000916F813031110FA1BFD09070F08F6FA97
:106290000438F7F4F62906FE00FEFD0901E6FFE6E4
:1062A0001208070FFC100FFD03180AE4FA04060297
:1062B00003FC0202000EF9F8FEFBFAF808F90AFAEC
:1062C0000822FB0EFC24FA0202060615090DFFF156
:1062D000FAFEF2070201FACEE80A0205EFE407012E
:1062E0000205FE2A06FE0CF40AFD151BFDFFFFEE5B
:1062F000FF29E5EDEFF4000802FA060103FD00F8BE
:1063000001FB101D111608090013EA05E10BFD0938
:10631000FD06F9E80BEB020B090005F712F0020786
:106320001D190003FF05FB08FFFD0519FA03FE1404
:106330001DFBFF0603F6FDF3102111D9E5F40E0B4A
:106340000AFEFB10020A10EA0FFC07FDF0F814F138
:10635000ECF8D3F8DFEF0701F5F6FE100DED04F3CE
:106360000801F711FB1401E1F8FAB420E7F9FAFB90
:10637000FC02F90102DC1AE21AFEFE01F6050A0D22
:10638000F6DFFEF4FFFDEF010109F9FAEE02FDF27E
:106390000AF50F0DFF0F07FC04F6FEEBE8E301F131
:1063A000FFFEF9FAF72BFA06EDF509F6FEF7FEFA0D
:1063B000EEC619F7D4E7F8F5F7FFF800F0FCFFDEBA
:1063C0002006080EFDF3FAEAE7D3E4F8DBEAF8FA70
:1063D000F50AFE1EF7D8050DF1001303FAFAFDF9D0
:1063E000F023ECFC00D7E4F2FDFCFD0706DBF8F837
:1063F000EDF503EF190D0BE3FCECF3D115EDFE0009
:1064000006FF13EC07E7F60F07FB03FBF001F604AA
:10641000F2F923100ABE16F705F6F2D8EDE7FCFDF7
:10642000FDF9F9F1F9F9F81008EF19131EDF13FF60
:10643000F8FA0BDCFFDD1903EEF700F0FCF919E6C2
:10644000FDBD141010DB0E03F602010606FCFAFB7C
:1064500003F50DFF09F608F3F2E70F1D04290A07FB
:10646000FD0000E0050DF90FF40001FDDC02FB1C4E
:1064700007C6E8FA2816F8000301F8C8080AFBFF67
:10648000FEFDFC080CE3F917EBF7F618290AFEF5F8
:10649000FE01F9C6141204EFF702ECFEFE010F191B
:1064A000FD040A114F18FBF40DF70AF0FE3707053B
:1064B000090302F1ECFD0DFEDADF0513DCFA01043D
:1064C00002FE030EFD19F1140209F21BE8FC19CDBE
:1064D000F5EEDA0712E6E5070302FFF900F1FCEA40
:1064E000F801F8FD0803EAEF021BFD0528FB00F0A8
:1064F000F6050907FA06F7E00204FEF613EAF31AB6
:10650000FF2607DF33192AF4F10D0900FD03F4FB20
:10651000071EEA12FA00D827F22A13C30CFCF5F77B
:10652000030A07FFF61CFCF2F7FEFEFF0AFF07074F
:10653000F0090201ED0F0908060800FD001E02FB2C
:1065400001F2FEF2FC03F7FEEA0AEA001E0301086C
:10655000FC0BFAF5F8F308F809F9F60701F8E2EA96
:10656000EF0BE10605FB0509FD04F31000E2FFFB5C
:10657000FC07F7FD0302F8190004F8FE101BFD07E5
:10658000FAF9F4FDFA0906FEFCF4F8040F03FBF82F
:10659000FA09E7F70018FC0CFCF9F4ECFF0710F817
:1065A00013FA080A08FEFAFAF6F4EA060CFF0402E7
:1065B000040603F704F806060805FE0DEC0DFAF0D4
:1065C00001F605EF01100CEF01FFFF10010BFA0CB3
:1065D0000D0E02FAF3020117050EF4FE02F6F9FCA5
:1065E00001FC05FDF82603EBFD01FCFCFC0A1AE5A5
:1065F000FBF9A9031817F60E03FFFCF6060A0704B9
:10660000FA1605E90D0DFDECF8F1EFFE0819F4009E
:106610000106FD0C00070704FC0501F1F4F9F5146F
:106620000D05180A05F90C02FA05FA00FB06030B22
:10663000090007000C1703FBEDF60AF808F5080837
:106640000000010DFC1303EBF105FDEB1B0B12D356
:10665000FF0DCDF733E809F9F709FCF9FEE00C0C62
:106660000AFDF8F80005F3E603FC1AE0100012F446
:1066700000050ADA00F10310FBFBFC040102E90D3E
:106680001DF12CD2040312040502FFEE01F304FFF6
:10669000FBFF03F2FA07021104F3231619F5FD07B5
:1066A000FC0510F40917FA03FDFEFFEE0C09F00BD0
:1066B000FCEBE90BFCECFBFDF9F4FBD20923F2E760
:1066C000E0F308EB0501190BF6EBEC271DDF03FDEA
:1066D0000DFB0BEDFC15FEE8FBFBF9FFFC11F202D4
:1066E000E811F017FB00010A0DFA0618FB02FAE5A3
:1066F000080101F50602E71D0100F60EFBD301F9C2
:10670000F9FD01E6F91EFEF3E402FDF3100107F5C1
:1067100004DCD3131822E601F7F201D5002BE9F4CB
:10672000EDF9EFFF15FD08FFF9CEF91B161B0A0066
:1067300008010B01F5EA04F2F600F204F70401E99E
:10674000E6090B07F6FA23080108FF2608E3F8ED2F
:1067500006F301F1020FF712F82AE2E600E7090B4F
:1067600005F70008F00CEDDEECF4FCE3270A0FDE81
:1067700002FABC0EFE02F90402F4F6FC08F104EF82
:10678000030DFDF1FFFA02EF02E1FE091B050A0706
:10679000FF0A06E4F90303FC0C0A01FFEE03070CF1
:1067A000E1110EF1070B06FD020202FFF811F7FFDF
:1067B00008FC040BFD03110708E1D3E9F6EF080319
:1067C0000D00072101E9F50101FA02EA110DFCE3D0
:1067D0000609FF07DFF4F605F7040D0107F8FC20B2
:1067E0000F01FBFBFEFBFDFD10050AF2130AFEF58F
:1067F000F909FFE0F70B02F8F811FCF8FCFF02FBC7
:1068000006FD12F311FF04FF0DFAFDEA031CFA0066
:10681000F70002F5FC02F9FD08EA0C07EE07FD009F
:1068200005FCFFEE00170209F8FA0AFDF70401144F
:10683000F1EB0410F635F6FBFB090CF7FFF4031837
:10684000030C090CE6EED30AEEF71B060C4AF4F62D
:106850000409FD0A04ED13FD140C0924E4EED5FE31
:10686000F93011EAE9E80A06F4FB0720FFD80CED3D
:106870000BF50A19EDF4090A2016CDEFF903FAF326
:10688000FB02FFEEFE0401EBF910F918FCF813050A
:10689000F2F6E605EF16EF020110FEF000FA0EDC4C
:1068A00010FE0514FC08E008E0101A011AD70901CF
:1068B0000409F415FE0C0306FF0A09FFF91115FA85
:1068C000FBE31CF5FCEE0F0100FC010F010CFF0BBC
:1068D00009F70CE101012EE721D9EB01FEFCF811CB
:1068E000FDFF02FE07F9F1FD100200FAFEFA04F2C4
:1068F000FC05E70E0807F6F3F001FCF906FFFF17A9
:10690000F807FFFCFA02F2FC16E315FAF9EE13FDA4
:1069100003F501E8F71FE6F9E60902FDFDFDEDFCD0
:10692000F2DBF60114FF0006070200FD061B02F56C
:10693000E80AFBF5140F1FF6DDD3EF20E0F5FF09A1
:106940000A05F705F713FD08FC0406FFFEFE03E544
:1069500001FA01F8DE01F9F1F00101E6F9F40600AF
:10696000F106FF02FAF5FE000E0E07EF0606EB0831
:10697000F603FEF0F90DF60AF0FCFC0115F8E1FE55
:10698000FDF6120C080CFFFCFCFA0902FDF906F8F2
:10699000F903F9F103FFF7FAFBEA051613EBE91522
:1069A000000406FBFBE402190A0E010AF402FBE4F0
:1069B0000A042BFE1530F50704F6FBF318FB001D47
:1069C00031020814ECE6E9F50EFAF6FB200919028B
:1069D000FE01F8FD0100000312EBFFFFEAF0DB0609
:1069E000FE100BEEFD03F9FE08FE02F6FCEEF51CB0
:1069F000F3FEFFFCF4F9F900E9032EFCFB05F702B6
:106A0000F9ECEE0EFC11F5FAF50B01FFE9EB01CB09
:106A1000F6CF080D150DE4F80213FD15FC14F30F65
:106A2000F0EE080F00F916E3CFDAD21D0731F8FBBC
:106A30000303FF02F91AEF07FC1101010212EAF742
:106A4000FE06EE02F111FFF60CF209EEFDFC0C1849
:106A5000E8FB0611EAF114F91FFB13F9F3DC03F567
:106A60000605FDE207DA0610EE1209FAF1F206F861
:106A7000FCE81AFD0EF000FCFF0E01FF0015FD15ED
:106A8000E5F3F9F7F1FAD1D10A1914E900EC13068C
:106A90000C0CFE2B0BE3F4FB07F8F711FDFD05E5ED
:106AA000FA19010CCFE71C0205F6F8F80CE1F7E340
:106AB0000702FD1401F6F706F502E7F8440EDD02C1
:106AC000F1060EC209D90D0316FD040602E5F53FD5
:106AD000FFF753FE341F0B01090601EDF3E4FFE657
:106AE0001EFE17FBE7E9EA3FF0232EF417141DEF13
:106AF0000BF305CE071B0011FDFD1F05F701F5FC8B
:106B000017F9EB0EDDECFD09FFF408FD0D15F31987
:106B100004F90AE8FEF916F305CFCE053F030CF69B
:106B2000F5FA07ECF9C81AFE09FA09F10C02F11D91
:106B300022103FE917F80C0605060C1AFBE7FF05C3
:106B4000E7EE06E6FEF5E921FFF221EAF9D60107B4
:106B5000030303F701FFEC01F802FCF105FAF5FF6E
:106B60000EBFECFCFDD7F7EB1304FC00FD06060A94
:106B7000F0F7FD01F7F01003220BE110F511050706
:106B8000FBE9F80D09EAF024FD010209FAEF0EF124
:106B9000FFD1FA01144AEF0700060AFFF22C012385
:106BA000FF030C0FFAFFFE00F30DE308EC48EEECD8
:106BB000FB06F71B07080FF6200BFB0C13FBEDF091
:106BC000F32B100EF22001F2FB14FDE9F6E7F719A2
:106BD000FE0EF11302EEDD03CC0B35F9FF06F0F1EA
:106BE000FD03F9E601E8FD15F402F20EFEECE53FC7
:106BF00012FD2F1C23ED01F9F1FD030D02CEFBF375
:106C0000FDF00EF9F8FAF81EF5EA06F4E9D805FEEB
:106C1000F5170B0BFFCA03F414E40E02EAEA02ECC8
:106C2000071925EFC2F5F813030311F30FFA00015A
:106C300003FC0603F1FD09121203E6DD0603FCEB7B
:106C4000FF05FDFB04F10FF7F9F50F19E9EDF1224E
:106C5000EFC7160619FBFB03F8FCF7F1FE000FFA6D
:106C60001D0B0714F6F9D30C1FEAE60006FCF8FA30
:106C7000FC00EFED0729FE13EE01011AE8070425D9
:106C8000FAF5EFFC16DB030107E001E4F909FDF872
:106C9000F6FC03F8E6F8F5F1EFC6E1F80EF905F7B2
:106CA00006FAEFE3071CF3E7DF0EFEE7F800FF113B
:106CB000E9E40D03F010FC020707000605E90D04E6
:106CC000F90410FAF0FE0A1AFCF0DFFCC8CF0A1132
:106CD000FC02FF2406E60606F6F10DF8EC0F12FDA5
:106CE000130807EED1D1E605FDF9F832010AF9E7FC
:106CF000FEE9FDFEFF0B21F127E4AEDE0C1D0609C7
:106D0000FE08F1D30205F1E40206FCF6FFFEF90DE0
:106D1000F8F5F7121DE709FBF401F8F2030C04EE95
:106D200003F7F606FCFEDEEAFF0E09EF04B22505C6
:106D3000FD02FFF207F512F5F0FBFED8F20C26F18A
:106D400009CA07FBFEBA010112E90223031FFF0172
:106D5000F6F8FEDB1C1625EC19E4DAF4F210020159
:106D6000F60E0200000F0A0700FAFD05F1010717F1
:106D7000F3FAF5F8270DFF0BFF08FFDAFBFDF60627
:106D8000030AFB1005F7DBF0101134EA180125FEA9
:106D900009F0F9F202190C0DF3F9F9E8F50102EC2A
:106DA000F104FD012403F9F803DFF6FCFC17F611EA
:106DB000E6F1F4D808FA0CD5FCDEF4F619F8F6087A
:106DC000030C081EFF0DF212F2FA08FD000800EB9A
:106DD00010110909E70B040BFD09FFE501EE001195
:106DE000E80EF8FE09F8DB23200F30ED0F260BFC30
:106DF0000808FAEB0D1D07EEF6F900FEF7FAF80A9F
:106E00000426E1F6070FF1070B0D021DFDF20A1132
:106E10001105FA060E06E80DFC1CF5D82315FFFF38
:106E2000F9FD0ADAFC23F50AEF0AFFE7E9F0FB13A4
:106E3000DCD9D61E4956E4F1FF0801EBFE0CFC1626
:106E40000518FCFDDBF9CFF8E7FBEB053E1B050160
:106E5000F60906F5FE06061213F51417F4F9D1101B
:106E6000EFF0E2F8F6C908EAFB0107F9FEDF00FBE4
:106E7000F6ECF0F7EEEDDB1B10F7EEF3EBDEFF0BBD
:106E8000FFFAFFFCF7F003EC1C06F6FFF5F1E9D280
:106E9000DE0FE201F5C7E0F7F71500EF09F409107E
:106EA0000F020001FE04D3E8D3102EEE06F0020517
:106EB000F4FFFB19F30D0021F4080C04F7F500D6DC
:106EC0001DE00FE3F8D6FA0E07020114FCE5FDE120
:106ED000FFE511DDFFF22EF526D7D90AECE9FAFF1E
:106EE000F60A0800FBD60BF9060002EB1AF1F3E6EE
:106EF00008230AE7EFF0FAF9FCFFFEE005EBFD01DD
:106F0000F50D0FE3EF0AE5F41AD536CDE40A11FCCE
:106F100002F70329FD0DF704E1FDF0F7F1F8F0F2B7
:106F2000F5E4F5E706F9FE01FFEBF400F700EFD218
:106F3000DDF9F5E4170F1CE1FFD5F94202EDF1FC94
:106F400004F0FBFCF6031912230902FF1105F8FFF8
:106F5000F6EB32FC0603ED04080001F8F6F202F34A
:106F600009EC05F9EFFBE427EB0A25E505F4160229
:106F7000FAFB0AEBFA08FBF7F3FFF6060D1217E728
:106F8000F1EFC90D0109F1F5FBE70E3D02F2FEE656
:106F900002FFFEE815EE19E9E803E008F8E3FFF95F
:106FA000FAF4FB1401F4F9F70F1302070002FCE2F4
:106FB0000A0203E500040507000C040C02FC0B1197
:106FC000F7F403EEFA0304EDFFF2FCFA2CECFDFEFD
:106FD000020301D1FC0C02F8FAEFFDFA07F9EFE029
:106FE000DFCBFC0D110F22EC030404D806170410AC
:106FF000FB0DF706FBE7EC07F4FC1305DE010EF6CC
:10700000040907130CEAF610EF0511EEFBF506FD77
:1070100011F317F90504EAFCF902030EF815F5124D
:10702000050605FE0DEF15EA11EEE3040030F2FA55
:10703000FE0B05F40B28FA110A0EF025F405C6FA2A
:10704000EB2AF51D1D350B14FC15FDE303F6032893
:107050000F09F23EE8F5BD0FE31F20E314F603002D
:10706000FF02FEEC09E304FC01EFF8F3060B1C2A17
:10707000121303F0F0050C060F130B10F201F8F6D3
:107080000903F8E7F7FC1023F7FCF5F7EB0DEB0A23
:10709000FE0F04180BCE10F533FF0313E702F1F5D2
:1070A0000627FA00DFF5030F0504F1F8FDEE0B00EB
:1070B000FBF00719EF120706240BC0DF1B1FFFF0C0
:1070C00003FCF60906ECFBE701F10D060501E910EA
:1070D000F7FBFC013B040E08F2120502090500173C
:1070E0001FF405E9FFEAD60BFFFD00F00EED0FF4EB
:1070F000090BFDE902240041F00111F5DF090D1231
:107100002DD91BD416E209FAFAF0F9F9F61BFEFDA7
:10711000EDF8FCD9F30402F810BCE61AFBDF12FE0E
:10712000F30406F3FFF1F9F0F003F8E80AFB1104A9
:10713000F501D61705F90204FC03FEFA072403F84B
:10714000020101E9080400FDF8F4FF01FD0DFD0155
:10715000011504F80F15FC0807FEF6EF090BF2EE17
:10716000F2F6F9FA18D91A0204F9F0F7000D050140
:10717000FD08FE10F0ED03E9F9FD0C14EA111C0303
:1071800003FDF90E060A0BEC060EEB0606F7FFFFF1
:1071900008FFE30EF521F6FFFCFDF90CFFF006F900
:1071A0001308F2060B0905FAFAF9EEEF05040101DE
:1071B000FD03F8EBEEFD07F5FA0A02010A1600F5E9
:1071C0000EFFFDFAF803FE0BFE05F2F3EB16EBFFE4
:1071D0000F0207F701FC0FFAF2FC060D00F212FA9B
:1071E00001F108F801FF05F60B040C00FCFA21FE82
:1071F000FA02F309F7FCF1FC11050E13FD0202FC83
:10720000F902F4F8F001FFF4F9F4E8F1D8FCF01019
:10721000FC0202090705020CF4FAF6EC0307FD0074
:1072200007FFEB02F7ECFC0E0700FF10FEFF0B055B
:10723000FA07F1FBFBFC0503FC09EA14DF170DFB61
:10724000FD0305EAF0F306F0EB0800F0F4F7FFEFBA
:10725000FBF9EE04E7010205FBFC080BFD0A0EF04A
:10726000F3F205E30208FFE3F20CE601F405010086
:10727000F005080B0ADC0003F1FBFEF1061906FA23
:107280001303FA07F2FD0404000701FA01ED09FFF8
:10729000FAFA0EFDFD1118F916F5ECFBD808FBFC07
:1072A0000AFCFBFA022BFE000705FB09E80724F1A4
:1072B000DFEEE910F321FF0E01FEFB06FB0502F3F2
:1072C0000312F607FC0323E9D7F3DE101D200A069C
:1072D000010B070309E90EE6FD0D070AF311100380
:1072E00011DAEEE7E8C71005FFFBFB07F3010DF32A
:1072F00002000303FC14050901ECE6CC0ACB03F8F9
:107300000A07F1FDF7FFFFF6000905F80905072355
:10731000EE24E708DCCB00EBFF0E040402E80C01CE
:1073200021F5FEF8F1F2D3F2143019F6FE060D063F
:10733000030503FAFDF9050AFE0206E4E40C18F061
:1073400011E2E4EF1622F306F302FCF2F51BFE0F46
:10735000FB0607E52AFC38EC2BDE02F20316F108E7
:107360000708FAFBF422180B15F903F4F3FDF70FE5
:10737000EDF6E8FD1CFF04FB040B00DC05190A0A0E
:10738000FB06FBF6F7FE0D09170603031BF4F705D2
:10739000F5F9FFFE031AF70ED6F603F9EAFEEEF949
:1073A0000906F2EB23F5F100FD03FE08F8F40FF7F0
:1073B000EB06F4EA1FF706BCEE13363109FAFB03BD
:1073C000F903020BFC2C051A0302FF050B1702E759
:1073D0000300E80B01F10B0EFD030AF609120A087F
:1073E000F9FFF9F0F7000FE9E60A1BF302F00706D0
:1073F0000CFD05FC03D1F8FEFD05FDF517090CEBAE
:10740000072DF2F217141406FA01FC3E0BE60205F2
:107410001811060DFDF5FC1D014B16DAE2D8FAFC39
:10742000FFF6F7FE030201F6F8F504E3FCFC0CF5A9
:10743000E9FF0001FBF8F206F4F8FE1504F8F70D79
:1074400002F7F9E0220305E9FF05050E00C7EB0E80
:1074500004FBFFFAFF0B01F1E60101DC1B1306033D
:107460000ED9F91B07DC0B0105F3FEF006F6FAF85E
:10747000F103FEE91301F00DE9E60815FA030FF038
:10748000F1F906F002EDFBF6F6F5FDF9EE040DD983
:1074900000E3110AFB0505FB0CFC0AF9FF19F4EDEA
:1074A000F104FEF7FBFE12FDEFD5F31E0D4C0205B5
:1074B00000F702E10B04F70B01F9FCFA14FDEBF7FE
:1074C00007EBE8041318F9FF0EF1FEDDFEF0F5E618
:1074D000FC07F6FCF6F11133F20DE628F50600F98B
:1074E00003F104F903FCEDFCF7FCF5FBF6F611FCE7
:1074F000FBE6E10BEF12FE03FEFBFB07083100FC8D
:10750000EA04FB02F80F1E0B09E8E0FE0E00F3028E
:10751000EEFEFDF103E8EF05F70CF00F05FF04F0B8
:10752000F9F3100211FE13F6F0F500FFE81104FB69
:107530000509FB0BF2F50D0EF9ED1BFEFBFCFC0B38
:10754000FE02FBE9FD0BF500FCF9FF04FA0408F16B
:1075500008FAEEFBF7F30106FBFA081A0217F81116
:10756000E708F7F812FD0AFE050810FAFC11EEF61E
:10757000FC0D050EF4F8F614F704F9F60CF703F514
:10758000072B3421100F02FF0109F4F3FCF3F3FA87
:10759000FE04F8FBFB0BF807100D24E916FEFE02B3
:1075A00003F400F105E107F50303F7F903FCFF001D
:1075B00004F1DF0AEEE40E0111F5F80B020EFCE80F
:1075C000FD03061204FE0B0CF6FCC50DEAFC0403D9
:1075D000070C0F0C000CF7F70604F805FB0CF6304F
:1075E00003FFF10D073FEA05F9FF0807FAFCFB145A
:1075F0000504F21BFFFCFE0EF81826F80320080C09
:10760000030401EDFBFD1BFE0808FCF80907060F4B
:10761000FAE8E6060B1811FB03F5FDF3081A02EA77
:10762000F707F1F2F9060F1EEFEEDE0701EF01FB9F
:107630000CFE040707FE050602F2F3FD0C1B11E722
:10764000F00524F6EDF7F6FD01F9FD1EF70606013B
:10765000FAF80117F80E0D0CE9FC151009040CFAE4
:1076600003FA03EC03F7FF01FC06FAFE051610ED22
:1076700000E7DD180BF50B02F5010E0507190B06E7
:10768000F4FD07FAF412F3F4F8E6F10405ECF8035C
:1076900002F502E7F7080CEAF90405F001FEFDEB3C
:1076A0000DDA1909F7ECFEF80A0E04FC0317EF04D3
:1076B000F0FD06F6FC0911F5F5EAE91CFC020DF7F0
:1076C000E8080113FCFEF901EB01F912171416F595
:1076D000050FF7FE1200FE0406FAFE03F10902068A
:1076E000FFFFF7EC0B0107FA2FF016F5FD090AF979
:1076F000FEFC0FEB001401F8FDFFF5DF0807F7FCB7
:107700003CD3200BF4EDF7FD0AF908F9FAF9EEF293
:10771000FBF8FDE7F2F116F4FCE0EC1DD7DB01FB12
:1077200009F1F50CFE0A05F5FE0DF209F50A14F251
:10773000F506C7F8FF09FC0FF90AFCF704F90EEF8C
:10774000FE0BFD000205FE110407EB011C4003F8CF
:10775000030D02CC021A09F6F50802FB0A00E6FE48
:10776000CFFB0F0C0F1707FC060E06F0FF00071EDD
:107770000CFDFE08FFF0D5E0D81055EFFDCC02045B
:1077800005FC0318F7F70A05FBF303F1F8FD010404
:10779000FE20EFF3F413FAF80207F60001F612FFE9
:1077A0001F0203F50009F511060CEAEFFE110200B5
:1077B000F510FFEBFFED080D17FFF232F3FBF11AA6
:1077C00003060CE50C3106F5001003EEFAF8F80A92
:1077D00014060C36F004E1ECE60738FC03FDFBEF81
:1077E0000D020705EF0DFCEE05F70601F5FF15F993
:1077F00002F5F9F8D609F700F306F9F906050510C0
:10780000F20B03F1FA06E5EDF4FAD5E8EC0FECFF24
:10781000F703080DF7EF0B0D16030CFB030105042E
:10782000060600030EE8FF0503FB030C03D808F46B
:10783000FBFD04F600FAFB080A02F3E81A0AFF014E
:10784000FAF4FC0D0207FEF30FFD03F8FAF5FFF35F
:10785000FA0DE5F72BE8FB04FD1A080AFDFA100300
:1078600005F801E60D03DBEDF7FBFDF40AFB0EF373
:10787000FE00FCEC06F8080BFFFF0505EB0104FA1F
:1078800038E8ECF009F6F9FF0AFE0AF6FBF202F915
:10789000F4F112FB01FE240012F7D1FF0DF0FF03FB
:1078A000070D020CFEFFF3F6F3FE0B08EEFA04E8F8
:1078B000FFF107F901DE0D030007051701F2F9F2E8
:1078C000FFEDF8FA0A00F4FD07F3F3EDC6D2FB0B67
:1078D000FDFC07F5FFEEF8F601F6FAE90AFA2711C2
:1078E000FEE304F5FFFC06F90600FB00021F0C187E
:1078F000F70BF7FD0AFA09F7F3FC02FB0D0A09057D
:1079000012FA09FEFC04FEF7F40207F1F804102154
:107910000605F20207171503FFFEF709FEF9F80F37
:1079200006FB03F906FAE40E1F08F4ECF5F802056D
:1079300002FF03F7F8F8FB090EEC00F6F9EA031A68
:10794000F905F6EF0DFFF1FF0604FDECFA0703EC75
:10795000F20202180505F9F0E8F335F80B0905FC09
:107960000802F90301010307FBFB000B000D0102F4
:107970000C000DF60E08FA0EFD0F060BF6EF0006D2
:1079800010F5FB0B01EBEAE707271402F70108FDEE
:107990001006F5F007F3FBFCF201F60105F8EBEB3E
:1079A000F4140401E50800FBFD0601F1FBE4020FFD
:1079B00000F2FCF6F606F7FA051C01ED0906F90DD2
:1079C0000910041106ECF6FF0DF9FF0EF9EF020B9A
:1079D000FDFE30F700160003FE0402FAFA0C08FB65
:1079E000150108FF09FFF6000DE61C0DF5030A035B
:1079F000FDF906E3FB0AF30709F70617F4EF0AF2AD
:107A0000FEFEE811FF10F404FFFF05F4F8F4F8FAA5
:107A100000F6F30EF004FCF5D714FD02170B170A5D
:107A20000B0202F1F7F7FFEBF5F7FDFA2410012244
:107A300007F60E00D7FB13F603FBFA15FD0D001732
:107A4000FBFFFFFA0601FC14F806FFE6E6BD0E0296
:107A5000EEFC011506FE0100E2F203041B131BFB02
:107A600016DC0301F3E3F40505FC050D020800F341
:107A7000050D0209070722E8E2FBF3EE29420104A3
:107A800007FEFF04F8F2FA1F040EF21600040B11B1
:107A900009120EFA22F518FF10FEF612FDF1FB0096
:107AA000EBF50408F5FB1E15FB0C0FF2EB260FFCA3
:107AB00001FFFAE5FC0205F2E80108FF0D000A10DB
:107AC00013DE09FE101800F6F9FC01F20A15081081
:107AD0000802021E0400E10AE306040F0119FD0D6D
:107AE000FFF7FBFAF703E9E1FD070510F4F71524AA
:107AF00007DC03161416FEF608FAFCF6FC33F9044C
:107B000001F8FC08F603F0FF00F6DF1B1EF7F4FF98
:107B100009F9F8F3FF01FE04F600F2010800F4FC95
:107B2000FEFCF7150FF60205F80B11FB0307F30136
:107B3000000B020101F302F2F90E34E7E906FD053C
:107B4000FF0605FBFF32F601F606FE02F30B2FECF3
:107B5000F202D004F4E3F20202FFFAFF08F405F2A5
:107B6000E8FDF7EA050BEAE8F7E5F7FEF70204F6A9
:107B70000A1A05F804E4FE04100300F3F1F4010509
:107B8000052206F51B0901FD011007F6F70202F2B6
:107B90000F06091CF9FB010D0B3727F713FA03FC3D
:107BA00003FD060201F9051208FF09FDF7000BEEBF
:107BB00000E81E01E3FAE708F2EBF81DFC1BF5F7FD
:107BC0000811FB06FF00DA16031C2AEEC7E0F2F5E7
:107BD000F600F007FCCEFEF805030E030C0FDD0CDB
:107BE0001514F5F5E9BADDFD040A011E0BEE05EBEF
:107BF000E4F4FCF70001D8FAED0AEE06040DFFF0FC
:107C0000FC0904D503140420F000EEE6F3F2F9F8C1
:107C1000FDB527122DFE0003ECF109180AF3FC054F
:107C2000F202F2F212F7E112FBF30A1B11ED1BF064
:107C30000FF7F40501D6FEE41AFAF7F4FEFDF1E5BC
:107C4000F6E927DEDDA311F9FCF9F61B0DD00008DB
:107C5000FF020C060405141CF2FF18D607FD1004E1
:107C6000010006C204BEF3F1E80A0A0B0400E6199B
:107C7000FFEE05EFE616180B020405FA02E70B1DEE
:107C80000BEE0D1FE6E7F011F8FF01FD14F718F4F5
:107C9000FF0F02ED0CE6F7E2F3140610161B0608C0
:107CA000F811E8FFF2FB02F5FB00FBF4F914FE0209
:107CB000050B00DCE6F90D23F3F8FD08FE14F2E8ED
:107CC000F70900080BDEFE1E0409F814FE01D72B8D
:107CD000221B05EE0124F3FB07F301E0F507F80C86
:107CE000F50C09150109F9363DF426FCFD0D09F5E1
:107CF000FC0EFFEFF3FF060AFF050AF70BECEB0F94
:107D00004C3323F5012403FDFC01FCFFFF08041E96
:107D10000C04F4FAFAF40517323A1BCCDBFCFE0231
:107D2000FC09FAEEFD1F090CF7070303F5081A0812
:107D300000F4FE12042EF6FFF60F0B00FB08FDF90F
:107D4000F4110D1CE7FEECF2EFFCF6FA1709FBFD4F
:107D5000F11308F002F90B060703F907F100F9081F
:107D6000FA09FDF7F3E80B0B0102021405F0FBF72B
:107D700000FC0603F601F116F30CF9F4EBD102FF57
:107D800007FE090803FEFCF50509060807FCFEE8E6
:107D9000EE0CF2040AB0020BFB0AFF0A01EB07E744
:107DA00018FDFF040FFCE5EAEC2AFFED0EE41106D6
:107DB000060AFB0500160B11FC030AFAEB08030385
:107DC00014E3FAF30C1DFDFE01F4FA0F0709FE0D92
:107DD00005F509FF0205090024EBFDE70AFDF8019E
:107DE0000305F71004E0031422050CE70BF7E8077E
:107DF000062CFAFFE10B0405F8050707FB03020F49
:107E00002100FB02F702FDEF131C01EEEA13FD0651
:107E1000F9F7FB000017F813F6F70200EC02F9F38C
:107E200012EA09F708F9F9F6F401FF06F6FB0C006F
:107E3000F8F2FC08060000DAFBE90127F30FFCFD6D
:107E400001F807F4041E0DEE03F913F9F10CEB052C
:107E5000F8EAFEF5D8FD0AEFFDF503E6FB0702F9A7
:107E600004FE0F0BEB0A14FDE3F1E500EC02F01049
:107E7000F807FD1AFFFDFF0101FB0302040300EDFB
:107E8000E2D6F1F6E0F8E6FD02FB0B110208FBED8D
:107E9000FC04FBF20C020EEACD01FA1912FAFFFE05
:107EA00000FE02FE00FCFE02FEFAFFFA04FE0303DF
:107EB000FDFF02FFFDFDFB04FE0102FB00FFFF02D0
:107EC0000100FE0604FF02FBFAFFFE04F4FE01FCC3
:107ED00002030502FFF7FC0105FF02050103FF0095
:107EE000FE01FE00FAFF03FF01040002FD0000FD99
:107EF0000408FA0200FCF803FCFDFFFBF9F304029E
:107F000004FBFEFE0001FE01FF0401040301FCFE70
:107F1000FFFE010108F4F4FFFDFCFE00FDFE010080
:107F200001FEFE02FFFEFCFE01FBFEFC03FAFE0466
:107F3000FFF7FFFFFEFCFE0301030302FEFEFC0051
:107F4000FCFF04FF0007FF04FC0401F900FD01032E
:107F5000FA0202FF04F902FD02FCFE000800FBFF2A
:107F6000FF0006FCFFFCFD0100FB01FAFD01FC0324
:107F7000FFFFFA01F0FDFD0004FFFCFDFDFD03FA2B
:107F8000FD03F7FC0003030000020400F6000000FC
:107F900001FDFCFD040302FF01FCFC05FD00FF00E8
:107FA000FBF8FCFE04030403F902FF02FD020306D2
:107FB000FE010306F700FEFFFAFB03FBF809FC00D5
:107FC000FF02FF0101FFF9FE020200FAFAFDFE03C3
:107FD00003FEFB0003000202FBFD0105040300FF9A
:107FE000000106FF00FD05FE00FF0301F804FFFA93
:107FF000FE04FCFE00FD0001FEFC0203FBFCFF058D
:10800000FE04FFFA03FEFBFC05000300FC00F70181
:10801000020302FAFE0000FFFEFFFAFFCD02F5FFA9
:10802000FC080C14FCF211FD1504F315F408F6E934
:108030000E1A0DE7E8E4EF0B0802080401F1FA114B
:108040001EFF1011F906F217FB262BFE1D350C1131
:10805000F906FA0AF1EF01E703E4FDF903FEF4FC87
:108060000426FCED0003FDFA07000AFB080AEEED0A
:10807000FBFB00EF0D100E0B0AF6E5FD06B90DEB4C
:10808000F2F6000303050001EFFB1DFAF20B1C09D9
:10809000FCFA17F6F8F20DFA04F404FA09FFFEFEF2
:1080A000F8000811000C121207D5E201EFE6FF05F7
:1080B00008F60113F60EFBDD06FA1313F6F50F07AB
:1080C00000EEF926ED0A0D0DF404FCF1FEFD00F1C1
:1080D000000E040F070CDE11060AFBF40E02F30B70
:1080E00007F905F60F11F805F0F5FC060606F8038A
:1080F000E8EE170515FA17FF00070DEFFEF8F7F188
:1081000005F8FCFF0B090816F402CC2F0AFF05F650
:10811000010907E4F1FC11FF080904EA16FDF12A40
:10812000FCFAF00C1B0FFDFDFDFCF4FFF8FF09FA53
:1081300004FA0B02FBEDEEFE1F0413F5C40EFEFC69
:108140000D00EFDD0117FAED0BFC0009F1FB121138
:10815000F0C9E6F6D807060A0DF310EA0805FEF1A5
:108160000906F527050C1AD6E5E7C41EEFF9DE026D
:10817000F3FA070EF5F500EC18F8F00A05F3FA0F1C
:10818000CFE4F30E14F4EEF402FDF6F2F2F007EC95
:1081900007F2FB2301FBF0EDDBF4231200BB0E0A18
:1081A000F302FBFCFACB07E0E50505E505011BF64C
:1081B0000800F705D9C70AF600E7030605EF16D54C
:1081C000CF0801EA021B330E11E2FCE6BABEFA1533
:1081D000F900F619F8EAFCF7D8000CF1061F1605AD
:1081E0001FD5F9F0F8DBD6FAFDF00E02071506F8F8
:1081F000FEF905F316150DDA14D9E3F402F40909B2
:108200000EF5F8FA01020DF7FBFDFCF9FCF81A3F38
:1082100011000102FEF20DF2FAFE01F007EA05F686
:10822000F7F4FCF713FCF8204416F6F5F0CB07043E
:10823000F8F7F9EE01F006CEF7ECF8E6F8F0110ADF
:1082400001F1DEF2F1CEFFFCF1FA00F6FD05FEF6DB
:10825000E8FE07F001F7FCD50D01DCED1802FB0D7F
:10826000100BF80C0013FF0FE80F142AF90BF203A0
:1082700008F0EEEF1606EF0BF21112FDFD000FF7FE
:108280002EF6F3190C01E7F20D1B0101FD0013F2AC
:108290000104F80D12E4090B2004F3F5FCFA0E07B3
:1082A000FB2CF2EBDE18E5FF0909080D0E0B0307A6
:1082B0001EFC04ED16F7EEE10A3F33D80CF6FEF68D
:1082C000F10807061204172007FF0504EE09FFF660
:1082D0000BF62DFE070800FD000317EAFE03F3FD71
:1082E0000AEE09F3FF011407EAEE1F0DD8F3F6FBBF
:1082F000FFFCFE0DFFFE06E30CF50213F3F50BF297
:10830000D0FAD21404F6FAF50715FF1700F9080A97
:1083100015F71221F70302F2E2190C01FD0B04FF1D
:10832000FBF903F80B2E0308F4FF02F5000E070912
:10833000FFE2E30520F1090105FE00E7FF26F80151
:10834000EA04FEFC030E0509F8F9F01833FE0400F8
:108350000406F6F20003F2EB0000F301000902FC50
:10836000FFECE10C04FC0902040A061E020601FFF0
:10837000130903F40B05041F0208FE05F223F003A2
:10838000FDFF0BF6081604EAFEFD04F2050E09E3F4
:10839000FDE8BD022728F80AECF6F5D5001901E939
:1083A0000605FEF7120C09E5F8E3FE050DEC0700E3
:1083B0000007FBF201050908FB09FCF3ECF0F901E9
:1083C000FFFFF5FA0D10150C0404001F0B07FD0A42
:1083D00008FE04EA0D1900161106DBDCF5E602FBC7
:1083E0000302FF1A050BF7001AFDF2EA1F1BFFC07C
:1083F000002DD002F60BF1000AFFFE0C03E90D047C
:108400001501F603FB04FAEF000E04E8160FED0168
:10841000010D06E2FE1F0419FB0504FAF506F5F549
:10842000F6FF02FD130D08FE0FF6FC0F0A14FA0406
:10843000FA00F9FBFA0F04F308DAFDF5F2F212097B
:1084400003FE031F00F403FFFFFE05D80DFCFDF53E
:10845000021B00F2DF01F2FC06FD06080DFFFE0420
:1084600006F8F70514FCE7F7F9220EDFF20BFF031D
:10847000FF0611FC05F2FEFBF8FE030705140502DA
:10848000F4F6EAF509070AFB00F8FE0B0312F60CF6
:10849000FCF709F30906F1F213F6031ED8191CF9CB
:1084A000FDFE02FDFFF20CEF0505FEFCFBFB11F2E9
:1084B000F608D0F9ECE70A1001FC040C000AF3E31B
:1084C0000EFA02FE100D1AF1F7F8DD04F1D70304DD
:1084D000F90204DD05F303E7F50200EE13F70100EE
:1084E000F1EC11070631F6FFFE0C02F10A1D001F28
:1084F0001907F61DFE04DFDEF61B43070CE90BF936
:108500000509F2FBFFFB0BFCFDFBFB04160101FD63
:108510000512F300ECFB07000703050C01F70B0144
:1085200009060FF20AFB14100A0CDBFAE711070424
:1085300001070900FFFE090F15F5FB0E0408F20DF7
:10854000080A07FFF823FD09FC0C09E90609080DD4
:1085500004FD0D22F2FFED01ECF4330D05070AFDD9
:10856000F5FB07F9FF18090011FD02FBF6FE160DD9
:1085700002E10813F20D0CFF0BFD0D0BFC1A0002BB
:10858000F70D03E6F80500F1F0F3EFF9FFF4F10859
:10859000F9FD0209EDF00304F0F707EF180D03F7FA
:1085A000FFF90318E8F404FBFB0BFEFC00DEFDF210
:1085B000FD070AF4F508F00502FCEC060F0902FEBF
:1085C000F70504FEFE01F800FFFA0504FFFF06EBC5
:1085D000F309010223020BFB000BFE00000106055C
:1085E000040AFEF205FAF1DAF7F30BFB17FE09FBBA
:1085F000FD01FA1207FBFB1B05FD0DF2F5FD00F571
:108600001BFDF515E8FDF002FEF903F4F7DE08F9AD
:108610000DFC09FA04F710F415E8DA000D26F5F858
:1086200002041405F823F6EAFBF9FF16020FF12005
:10863000F5E6F91036F00D050202010BF50C15F9FF
:10864000FD050A210001DCFCF00AF4FBE8DD0A0F5D
:10865000F704081A08010EF21F0012FBFBFDFDF4DF
:108660000A09DBF303030209F30405F1FCE9F8FB53
:10867000F0F804DE110B24EE16FFDCDC0F040C0C0A
:1086800009F900F6F01005F40A070CFC120EE007D9
:10869000FD26ED02F60511F90208F8F7F5EF03E9FA
:1086A0000FFE01F3FDEAF2FAF213F402EBEE140FFF
:1086B00003FD06FA10FE0EFE01F4F0E3F40605F1E8
:1086C000FEF0EA03FFF808031006FAF6FD09030FAF
:1086D000030801040416FAFA100701FC0701F10966
:1086E000FFF6051BFA110EE707F40505F7060CF374
:1086F000F711E0163304EB08F609FDF3FA1901E768
:10870000110CF40704050E23EC01E70A030CE70C37
:1087100002F803F1FB1209051FFAFEF8F4F6F20A5B
:10872000F704E4150704FB10FD0B010301E00CFA4C
:10873000020BFDF7FBF807010008FBDFE6EE080778
:10874000010E08060316F3EAFB11FFF003120ED127
:108750000AEAC60204DDF0F7FB08F71DEE05000D7E
:10876000100303F31007FADF01F9BDFF31FD090F14
:10877000FA06EA12050201011C0000F42205F1F6D6
:10878000F014E8E91600211C030202FDFB1007E7C4
:108790000C0EFC07E606E31B133FEBBBF9C90B0D00
:1087A000FAFD01F3FEFBFDF7FC0204E5100223E4F1
:1087B000F9E3C2020CBC0AFC0EF100F90213FFE659
:1087C000FBFFF8EF050421FFF5E5CF09010F08F6DF
:1087D00012FBFFEEFB20F40B0500FBF1170A1B1543
:1087E000E0F10F100121F8FD01FDF2F6FF12FC117E
:1087F0000602F6F80805E003C30A360BEAFC090096
:108800000AFD02F70CF5FFF9FC0CFFE7F6FA0AEC9B
:1088100005F5DE05240607FAFEFC08110506F6F04C
:10882000001602E319FE14FD1516EE1A0608F106ED
:1088300000FF0503F8F006FFF901FAF80904EB025E
:10884000FBF900FC14C5F90B02FEFAF00CD7FBEEA5
:10885000FAFAEE060501090DF6FF1608FBEA050512
:108860000102FB11FDF7FEFE030707040A0AF5F7F4
:10887000061FF402CBF10307F401FCFD08E8FC0538
:10888000F90DEEE9EFF117000D1229F2E311F608E8
:10889000FEFC0114FAEF03FDF7FCFF0D1002F3FFDD
:1088A00008F1EAEAE3FAF5F9FCF9FAEEF4EB05E986
:1088B000FFF8FDEBFF03111519FCEF320DFC05006D
:1088C000FBFE09F7FEF309160BFC03FC0203FF1580
:1088D00002FE0E04F0FD15F908EDFB0DFF0DFDFA8B
:1088E000FBF9090203091B29010A17FBF701F80428
:1088F000FF03FD1F0AFB00F9F505050D0FFD0CFA3E
:10890000FC09F218E5E904070400F409FEE0FB05A0
:10891000EBFB02F807010BFD0208F8E4012C05FF50
:1089200002FBF3EAF605FA070CF70008000F100C3B
:10893000FB03EB14FE0B0FF901F9FAEEF70402F159
:10894000F403F909FE0411091005F5FCDCF808F739
:1089500000FF010FF7FE0EF2EA000016EC07070316
:108960001104FAF8DEDAECF8FFF50517F9F5FEF078
:1089700005EDFF03FF02F8FF13EADFF5F71906091B
:10898000000E08F5FAFEFCF3FD0105EF0E080C0DD4
:10899000ED0ED604FCCB14F301F8F2F5FE0800FA54
:1089A000FD03F8F41120F6FDF7FAF7E9F8CA0F0B0A
:1089B000FFF0F01FFDE605FCF8FD10EBFF002002C4
:1089C000FED7F804E5BCFD0D01FA0933FC0603E708
:1089D000F3F609DC1D1826F903DBD41306F7FE04B1
:1089E000FB0C000E0309FCFB0400F7F20E08FFED80
:1089F00005FEEF0008021B0408F901E3FDE603028F
:108A0000E1FAFA0A0E04E1F224E81F0600F81FFA60
:108A100009F2F9FE0C0F09FBE5F1FFDBFAF100F5B5
:108A2000FCE905EEFD0FF0F506F100FC0527FB0162
:108A300000FCF9E1250910E115DBE4F6E7EFF804A5
:108A400000FBFB1706F8060D0103F9FB0B08EAFB18
:108A50000B0622EFFC04FEFFFBF5FF05FADF07071C
:108A6000E5F6050200F8ED1606011204EA010BFE18
:108A700004F70907001301E9F6F80A01F5FF04FB02
:108A8000EEE8E5FDF601E10F04F7F208FFF903EF68
:108A9000F3FEF4002E0401FDFDE8E608F1D0030822
:108AA00001F80607FE0CFDF1FAFFFDF303FD11FBD3
:108AB000F3F6D00F12F90A0702F5FEE3011BFEF2EE
:108AC0000807FAFA0C0C0B12E4EBDA192B1EF9FE6C
:108AD000FB05FCE9030E04050802FB06F4F9DB00C4
:108AE000CE0F1318142AFCFCFE11FDFEF701030E35
:108AF0000EFC0011FDF8CFF7F10C450EF1EAF80479
:108B00000109F906FD0F0B06FD0207FCFD0716E43F
:108B1000090AD105FC16E203F5FA08EFF41C03EE8E
:108B2000001302F20010071205F6FAF70631FBF502
:108B300005FD0C0106E5010221080A15FDFE0702EC
:108B4000F80410FCF2200705F514032BFFE001FDEB
:108B50000F07FC190C10F31AF2171BF4FFE4FBFCCF
:108B600013F100150516EFE403FAEDED06160DF20C
:108B700009FFE50CFEFFF60A020509F303F10805FB
:108B8000020A09E0030200F2F7FAE7F1FDFCE6074A
:108B9000FF1307FF0A0402040302FCF3FA03FD03B8
:108BA000F808F21401F7050B07FDFFF1F80B05F5C6
:108BB00008FA0BFAFC1B0DF900E1E2EBE3F1F50416
:108BC000090AFE0A01FA0309080009FD0110F4F57B
:108BD000FE17F90111F2FEFDF50EFAF900EF090F8B
:108BE00006F5F9FD0600F9FE101907F506FB0FEC76
:108BF000FE10F5F80516FFFFEF07FCFFECF1F5128C
:108C00000CED23EAEDF501FE02FFF8EF07FDFAF6A1
:108C1000F2FDFDF903F70A0D1AEDF31FF30011FE43
:108C200009F7F6ED09EFFFFB090701F00801FEFD6A
:108C30000CFE00F4FB18E80D0305F813F2F2070D23
:108C40000FFEFC0403F2EDED1629F2FA080E05FD05
:108C5000F61D02010716F11010E50F0FE901EA05F4
:108C60000E2F020504F609EFFA10FFEEF70A0413BF
:108C7000FFFBFA16E7EAF2FE1E1A0616FB000200D8
:108C8000F8F902FFF4090D00FCF6F40CFBF2EEE833
:108C9000F0F000031813EA060E150012F71604F997
:108CA000F908021CF8F02505D8DFE1FDFC1CFBF0FB
:108CB0000812F50A0818F9010A00F226170FF0E366
:108CC000F0010AF0FD13FDFFF6F7F4EC0DFDF909D4
:108CD0000500020DDEE4EEEEF2EB2615FAEC15F1DE
:108CE0000CFE01F000EE0013030AFBF5FCE40201A8
:108CF000F5131903FBF3F2F402F80318FE12FFFE5A
:108D0000EEF50311E716FECEF0F2F6F9F6F50107DF
:108D10000800012B0BDF00EA1BFFFBFC0612FAEA3E
:108D2000F418F7FEE2EA0BF5F9EFFB0C02D8FAE7CC
:108D3000FD0B0807FF01F910EF12E902531005FEC1
:108D400004F304DB02ED13F3F701FEE013F7F14245
:108D5000FCF220F01B111BF7F20DFBE5041005F0EF
:108D60001308FFF0ECF50D10F4E702F4D9160C0C23
:108D7000F70212E505F5FB0BF8F402F9FE111AEE05
:108D8000FFFBD91FB7DCE106F5F0FFEE05E9F0F4D3
:108D9000FDF509E4F9FE2AEB11DDB819ED1CF20A24
:108DA0000103FCDC043206FF000100F602030105AA
:108DB000D7E2D1170921F2FD080902DF07FB0A09F2
:108DC000FB17FF15EC0BE0FCE71014F9FA2602F292
:108DD000060BF603F702F71B04010311FDFDE1F595
:108DE0000608220C0E1501FBF506FBFF05F3FF0735
:108DF000040602F7F8E900020B0218F8DAE0FF06B1
:108E000006F904FBFB1006F31201FE13100AF5DB52
:108E1000F23CC701FDC2FCF80213FFEF06E7FFFCBE
:108E200004FD041B0100EFE0F4080BE011E409125B
:108E3000F3050202F909FA0903030F0A0800F7040F
:108E40000EEA03E8F6E4100904F7091603F507062D
:108E500014F3FDFFE5F00C000B06F81402F4F50026
:108E6000FA10001301E50AFF19FB0BE507FDFCE50D
:108E7000083F19FAE800EAFEF5050E040E00F012AC
:108E8000F8030BF7E6F9E40311033AD8F5100003F1
:108E9000F5FA0506F80E0801FA06FD0BEFF2EAFEF8
:108EA0000DF501F8F8FC0206FFFBF60BFFFE08ECDF
:108EB000E7FDF2F20702071002FB00F8F8F80006DF
:108EC00005100312FEFC0C0E07FF03FE0B0D0BE555
:108ED000FD07F4EE09F7FB0700F10C0504FEFEF5B3
:108EE000FE02000402FAF9F6FAFFF3E2150510F9A2
:108EF000F9FBFA04FDEF0801F4FBF10C09FDFF0B8F
:108F0000FDE91B020DF9FD0E06F0FD1BFB020BF443
:108F1000F90804FFFFFAFD0001F8EAFBF9FBFE0087
:108F20000004FAFAFE00FF0807F507050D01EB0B38
:108F30001BF023FC0AF705FBFCF5010306FFFE1DF1
:108F4000FFF10608FDF7FA0713FB15F8F9EB05FF2B
:108F500002FA0A1908EDF9FDFBF70BFCFBF80CFA15
:108F6000072209FB11DC03020204FBFDFDF9FFF1FE
:108F7000F602FCF4080A17F40B02ECEE111701F2EA
:108F8000FB05F8F605E6031405F9010301FCEE0CF8
:108F9000F4FD37E9041619FDFE01FE1A03F6F7EE9B
:108FA000E700F513EC000807EBF2ED05FF281105CB
:108FB00004FAFFEE0520FA05F20006F30407021496
:108FC0000BF7F6130B2BF102F80505E8010AFE1763
:108FD000FC000903FBFCFA0DEAFEFF0D081F0BFA6B
:108FE00002FD07DAFA09F5FEEA020C15ECF6051A9D
:108FF000F0DD09134C16FE070604091BFD18000BD3
:10900000FB030B17F008E603FCFCE80606FA01F583
:10901000FC0A010A0B0309F501FBFE060004EC053E
:109020000A0AE3030E07F706FD16F7F0000AF90730
:1090300004FCFD05F4FFFEEB010A15EA1E1807FD0E
:1090400002FE08EA02080606FFFCF31204050CF310
:109050000502F0F308FF0DFB020CFD15F70608F9F9
:109060000004F1FA08F8FB060AF6FCFCF90CF2FE23
:109070000403070A00FB00051BFD01FE0CFCF8EBD6
:109080000C17F807FCF2F906F10604F5FCEDFAED11
:109090000A060200EFF620020212F5FB10E901FFBA
:1090A000FBFEFA0AFBE107EB01F803FD0A12FE1AC8
:1090B0001A1FF1F4EAA71103FEEAFFFF05FAFBE22B
:1090C000E7F901F113FE220F17E6F2F505C01002D1
:1090D0000EEFF919F62002ECE901FAFA121720183E
:1090E0000BE3FBFF0FD6F90001F50AFBFD1104FCB1
:1090F000E9F8FCF31011140D00DCFD09001204F96D
:10910000FBF5FB090012FC07FF01FE02FA15F7014F
:109110000AF0F50E0D360B030DECFCFB0DFEFC0109
:10912000FF03FEF312FD1D040F180F02F33B0101B4
:10913000FCF3020501FC01F80FF7F2E802051DFE41
:10914000F40121FA090EF9F30F040000041F05FED3
:10915000FC07030A0C05ED0F0517FC0BFCF808FFD4
:10916000FF02FEF6FAF9FDFFF1FC0201080BF3E63F
:10917000FBF40A12FBFDF5010509FF060007FB0BD6
:10918000050306070700FBF5FE2001080EFD01FDA3
:109190000603FE03FB01F505F3F3081008FF1806AC
:1091A00004FD06FCEB05FBF90BFC0203000C0410AC
:1091B0000504FEFD04FEF7F2FDF4FA0EF1F815FECB
:1091C000FA00F3FD050E01F5F8FDFEF8FFFA03F4D1
:1091D00002E40015DF06F6020CFF00F5F4F9FCE5E9
:1091E000EEFE0401FB0516F508E2FE18E4FA04049D
:1091F00007F8FF050C0400DC0DFF0E09090102FF52
:10920000DEFBEA1D08F605FA04FBFDFCFF09FAF493
:109210000701FDFCFAFDF902E8FBE00C0813F7FD7D
:10922000F205FBFC05020D1002F7EFF900EEFA085B
:1092300002E91B0110F4FD0005EAFC0B0403001910
:109240000EF5FC0DEA060311E9121D04ED07FA0103
:1092500008E7052907EB09F00DFE0A0BFF11EFFEE9
:10926000140813FAE2EFF41603F6002008F110E1F7
:10927000FBF307FB06F6241E1904C40EE31607F1E0
:10928000FAF6FEF0FEFFF804F803050201F60BF40F
:1092900005D0140706EBF3F9F5F4FB070001F5FC24
:1092A000E7F8FE14101405F9E8EAF516FBF00903D7
:1092B00014F8010B0FFC06ED080DFCE0050608F3A1
:1092C00008E7DEE7F0EEF5010DFBFA111103020AE3
:1092D000ECF110DB04F90FEE01ECDE00F3EF010816
:1092E0000A0902F003D9F8EDEC1003F10E04FC0FAB
:1092F00003EF0A0DF20701FE00F408F606F1FDF295
:10930000F8ED000815F603E609EC120629EB07ED67
:1093100010FBFBF10AFEEFF2F8EA02F5F8F5FB07A5
:10932000E7F6F700F805FB0111060010021B001319
:10933000041104F8F7020505FFEAF505EB03030243
:1093400003050B0AFDE90EE8E3F8FB0900F9F01349
:10935000110BEAF60316F504040305120C2AF010AB
:10936000EF0505FC09FCF6172B15DAEB06FC03F6F6
:10937000FB05FBF3001704FCFB0510031105F30CC0
:109380001A1D0CFCFE0C0AF9000302F9F91105097B
:109390000100EDF6FDFCF3FA12041A04E521F7FDD5
:1093A000011302EAF6FBFD1215F70C03FCFB03FCAC
:1093B000FEFF08FE0539D703ED08FBFAF2E8012F9E
:1093C0000201130DE0EAEA04FF0A10F81C3300FC66
:1093D000EC0CFE1E00F3F9F905E80417F7E2E619B4
:1093E0000CFC12F802E004F1FFEF020C04EDFEE7C2
:1093F000FAF5070DFE08FD170AEF07F0E7F4FF0383
:109400000802080307F1F80F00FCFE00EA0211D879
:10941000F1E703F1C9D5F30B0000FD19F8080B0CB7
:1094200018F4041E04080AEBD6E205E70303F80566
:10943000FE0CF43E08FCFB0615FF0B200D0407EDA7
:1094400008280901CD02F70AFBF9FD0BFED5FDFB4B
:10945000FEFB0C07FA031AE51FFB1F14F1F004FDD5
:1094600004FBFD11FCE00904FE0DF5EA22FAEEFE14
:10947000ED031A0BE3F10DF702FB0BFF01E2F20023
:10948000F7EB0CF3DFFFDA0318E623FBFCE0230322
:10949000FEFCFE0DF0E4F1E8F2FAFCF5FCF1250427
:1094A0000500F30FF1E50D08FBF9030CF9FB02E7EA
:1094B00006E410F00A12FE0D10D3D60326FDED09C6
:1094C000FC04FAF201DE011907E4FE17F3EFCD28E0
:1094D000031347FCFC05000200F506DEFD04EE0A5E
:1094E0000EFC15FAECFC09250A0C0FFCEF120BFD23
:1094F00001E7F8D70425F6F3F904FEFF030F001186
:10950000E6BDE8FBEB05D6FE04FBFDFFFB0FF5E532
:10951000EBF8FFE7100514EEF3D1F32CFCB6FCEEEC
:10952000F406FFF90011F6FDDEFFF4E5F30B10F68B
:10953000F1D80D0E1BEAF3070501070D0205F21C19
:10954000E5F7F6F41704FED0F2EB11041FB2F302B4
:10955000F7FC071008FFEBF0FA0206EE220C15F6F6
:10956000FDF20123F1E50E00F2F612F209E204EB3E
:10957000E20A0BC60610EC21EDD9E7160D15FDF435
:1095800006F8F2E702F0F405F5F4FBF6000900F343
:1095900002D523EE0D1A13FFFAF3080905F0FFE1D7
:1095A000DC0203D4EFEB0D10F5F01D251B4B000D75
:1095B0000BEA03CCFCF3F80BEA04060E0FFB0C08D5
:1095C00018E4FC00242E13E7020305E2FEF2FFD8A4
:1095D0000C0BEF0917F0134003FDF022F4080DFC0B
:1095E000050005D7FEF7F0EFF00BFDFBF0E902E711
:1095F0000DD8DE07FC14F50BF6F8F6FD0324010781
:10960000EE0AFA12FB201D0BFBE6D60E1705EAF157
:10961000FF01F9E6030702F4FA14F12003F304F85A
:10962000F506070016FF0DF3020001F7F600FFF73D
:109630000B08F90A05001109FF0A3313FDE3FDFACF
:10964000010005FD020AF801F603010C050E0FEFFB
:10965000FF04DF0D10E9000B0E001210FA1AEE0BDA
:10966000DDFDF5E4FF0C09F106102AF2FFFBFEF721
:10967000F50C0016F6F90C08EE0C01E91707E6F0F8
:109680001F473F1118200B040A0E0A1500D80A03C1
:10969000FFFE0DFFF6F3F0181B391BC3F828FBFF84
:1096A000FF03FE0506010803FCFF011B06F8E1228B
:1096B000FB1010EADCF303FEF4010AFEF8EEFEEB09
:1096C0000CFB001516FDE729F4220DF8C7E6000192
:1096D000060A091201EB06041EE7F91DF5ECDD0D83
:1096E000FB300C040121F2FAF7F90A1C04E809ED39
:1096F00004F10614F7F7F918081BF4F912F8050A33
:1097000005F207FDF9F6070401F5FA150A03001B37
:10971000FE04E5F4F405FEFB03F908DFFF010FF09A
:1097200012EFFC1205FB0A1AFC08F0F004FB07F725
:109730000A05FA1D00EA12E208FC1302E9FB03F82D
:1097400004FE1DEEF7DD04FB00F6040F030EF91214
:10975000FAFE0A05FE1E08FB080BE80DFEF5EF0FEA
:1097600001F707FEFC160EE6ED020A0408051DD5FA
:10977000F2C9C10BF703060401F60AE20AF703FB7C
:109780000607FDF30F0FF2F808EEF120190805F3B4
:1097900000F6F6F50D26FF03F9F509FA02FBEA07D4
:1097A000F0FF1C070006F2FCFF040107FE22FB1479
:1097B000FC0AFCE60E0202F5F4F507F4D5E807040E
:1097C000FA13FF090312ECF1F00AFDF72C0A16E078
:1097D000FBFACB0AF2ED0B04FAF60DF908FF08EDDF
:1097E000EC00ED161B02F5EB19DF010D090112FA71
:1097F000030507D601FBFFE9F800FA080FF2E818A5
:1098000012E53FED241200F2000FFCE1FE1BFF0405
:1098100004010115F8FAD9FA09014605E005FE012F
:10982000FE0006FD04FB0816F2FE0101F909FCE644
:10983000F0E9F3F52B0DEAF70A0E01FAFAD9091B44
:109840000BF0FD09DEF0EDE0FEE7FEEF1C0BFA0188
:10985000FC0006F902EB011C03F605ECE9F0EE044E
:10986000EE0912F7FDF004EFFDF900EAF5E60E0847
:1098700007FBFCEFE2EC12FBFB062300E4E6FCFD39
:109880000303F70F00DC0404F806000BE7EF02BE49
:10989000FBE9EBFBF303E9F6FB0DFC2DFF1E0516C0
:1098A0000300051BE70608E8E60BC9031819F410C6
:1098B000050D08130423F534FBEC080709F5CA0766
:1098C0000914EDECE8FBF5EFFC0202EFF4E7FB0C0A
:1098D0000AFDFA06F4F3F9EF0A062EF2FDF3F6F6A6
:1098E000020A04EC09CC082216FF00E7F9FD053353
:1098F000FB0727FDF7F501000006FD02F003F42049
:109900000DEFFBF1E7FCEEF7ED1F0EEFDFE70D04C7
:1099100003F30324FECEF70205F40A04EEF405E691
:10992000FF0E0C00AFF9F706F4F208F0FDE30BF2BE
:10993000F8FC09F81512100BFE08E906230FF507CD
:10994000FD050AE9FDEC0C042300FC27FD01F635BA
:10995000030F2EFF221C15F60409FFDCFC1208067B
:109960000BFC13FDE90BDC260AEFEBFD040B1507DE
:1099700001FA05F6060EFE0201FD0805E9F116F4EE
:1099800017DDE109E7F00706FDFAFAF6000D00140D
:10999000F1F704F1140E1C0607D3E816EDF70102E7
:1099A0000A03F41E03E8090D0CF6FF1E0F05F2F77B
:1099B000120319DFC800F505FD100225FCDE0102C7
:1099C0000AF9061BF4ECE30408F302F008D8F609E0
:1099D000FF11FEFC09E700040A000F20FFFBE8F777
:1099E000FDE717F616FA08F906FF07F105E60A0C77
:1099F000FF0D190CF0E905F409050EF9160217F927
:109A000006070808F6C70F0F0209FBF1EFF6E11091
:109A100003F631E804FF0AFC16120628FDF7F517D5
:109A200015F80E0DF7EC11F50908EBF6F1090E0427
:109A3000FA11F5EDFB05051A21F70D18FB08EA10E0
:109A40000718FC0A192EFAFAFD0A02CD0229FF16A0
:109A500008100B2BFAEFDC03DC002A000F20FFF9C3
:109A600003FC03E7060A07051A00070EF4ED00479A
:109A7000F7FA140F321B07FB0408F612F41DFCF969
:109A8000FD050A020E06E41AFC1FEEFBF5FC02FCC3
:109A9000FE1705F415FEF6F720FA0FFEF5FEDFF4CB
:109AA0000F1AF915CFF40B00FD0202E6FEEDFA0CD9
:109AB0000308030FF0FCF515EE160BF0111EF9105C
:109AC00009FCF9F6FEFE0102FA00FC10F506F3149B
:109AD000FB130D0220030206EB0B08F4F61109FA42
:109AE0001C090705FAFDDDEF17E810FD11E403FC82
:109AF000FB08F600F615F9FB130EFA03E7F7F0087A
:109B00000FDCE90AECDC02FD01FD00F3FE0C17FDA1
:109B1000FF010005F30C1B12F8E7D61BF4C4F5098E
:109B20000D00FFFBFE12EEF4F40AFEF4FEF815FE43
:109B3000EEC2CC17F7040BFE01FCFFD9FF21F2F9AE
:109B4000F7FEF8E9160F18FBF3D3CA141316090829
:109B5000F5F8FDDC06281113F51407F3150B0502C3
:109B6000CBE40D100E18FC05000E06020124012E98
:109B70000715FF0412F8E2FED01A4E09E8E91102B7
:109B8000FA0A0E12FC18FADEE80AF603090C13F8BA
:109B90000D17CE06FB05FEF0FD05FDE9F8FC01FD05
:109BA000EB15F6101500F9FA280AE515FFE910097A
:109BB000010BF0E307F40B17EF0FF3FFF8D8DF000A
:109BC0001DF8F2F2142B1609F70EFFF0FEF40EF159
:109BD0000B00F71804FE02EC0BFE2EF902E6FD0C5A
:109BE0000408012802EE09FF1207FFDF0008000643
:109BF0001319F9DDED070304030700F607E1070277
:109C00001EFFFAF9EBEBFBFA0A361702EA19E61225
:109C1000FBFCFF0E09F7090005FDF609EFFEE5055F
:109C200013FFE7F1F1100008EE13F9F9FAE6020369
:109C30000BF1060304160008140704F117F80200DC
:109C40000E04091410030A10270009FBF20609107C
:109C5000FBFC0DFC02FF0FFF03010B11FDFE04FCDA
:109C600006FD1BFE03FAFB0FEEF9E600EEF901F725
:109C700002F902F801E90A06F9060710F60E090BC7
:109C80000502F4F5EFFB09FB07F402FE02EAF2FB22
:109C9000F8100D0C0D06200A0606FA0B03ECFFF96E
:109CA00001FD0FE4031FFDF0F006F8E5FFF50318D2
:109CB000F4F5BF02FDEFF708F90003FFFB0C040801
:109CC000F4F6FBE917FE15DDE500EB121CFE10F4BF
:109CD00004F7FCE1F413FAF70F0B01E0071211FF90
:109CE000F2FA0210061713FE090AF500FF07FFF645
:109CF000150307FD0AF908F6E914F3F700F504FC6B
:109D00000B0C060201060DE40DFAEE0916FEF4FB3B
:109D10000317C1061E0CFFFC0407FDF0030C0FF235
:109D20001DFA040303040903F0FDFEE60F180FFA01
:109D3000FD04FAF4022209041203FE110831E6FBC5
:109D40000BFD04FAFA200F05FC1606F2FA1A000EB3
:109D5000010BFC0AEFEDE5FEFDF51202F805150D0D
:109D6000020AFA1E042412FA0BEAFBFF07F90DFDA2
:109D7000011FE408E307DF0AED0001010927FF00E6
:109D8000F1090F07F6101AE3EFF8E802EE1AE0FE09
:109D9000F40BF9040AF912F816F40E12020CD3FFB0
:109DA000061A190304EA120DF40AF81600EC10F171
:109DB000EF04FD0DE9FFEE07FC1BD1E2F4041C03E8
:109DC000080DF40401F50CDDE61909FDFE0728D5A0
:109DD000ED0BC1010DDBEFFB030D0125FCE31EE5DF
:109DE0001602FAF513F7DDC8D70807F40AE41009DC
:109DF000F9190305FEC214140500F8F8FC0B02E281
:109E000019EEF9E704EEFE1212FFFDF30AFF0BFC58
:109E100009081F02E30726FA2DCFCDE5ECF0FDFF80
:109E20000C03F3F1FD0E02E9ED050FDE0B0508E86A
:109E3000F9E0E00518ECF90701F80BE7070507DE84
:109E4000E9F90CCE160719EEF7E2E01D69D7FD011E
:109E50000102FCC70B230316E8FEFCC70E1207F431
:109E6000C0D7EA310C0918F7050B07EEFCFBFFF42D
:109E7000060803E7F70AE732E4FB131CEB22FD0BAD
:109E800001FCF8101206FAF400F303F2002109DED7
:109E900011E1D4F63D15E200F8F202CFF11EF3F322
:109EA000F108F5F728F8160EF6DEEC222055ECF94D
:109EB000F80AF7DAFA09FCFEFE09F91F050BD4DAF5
:109EC000E31DEC0C2F6D1C0010FC06F5FFE512EEF7
:109ED000150BEF1FF4F8F628F613E0DAF7F3F5F9AF
:109EE000F6FBF602FBEBF5DDF8F0FDE0101206D70D
:109EF000150AB301CFF6F4F5FD08F90CFEFDECE709
:109F0000FE04F2EE10FE0CF5EEF5D9F8DF13E308CF
:109F1000050B06F000FE0BF71609ED19E8FB04EC43
:109F20001021F202180D071002F801F3F11AF505DD
:109F30000A02FD1AF202110D1BF3DBC3EFFF10FE44
:109F4000FFF7FD05FCF110FEFEED0FF5FD0804E83E
:109F5000FD0FDE14F9E4F0FFFC010815F3FF0A1908
:109F60000703FBE500F6E407F420E4F00EE6FFF15A
:109F7000020AFD10FD020210EAF105E8120FFDFAD7
:109F80000D0B1EDEF5FBFF070EFA0BF4FF010607B3
:109F9000F3F7EEECF30502EF1EE4FBEDEEFDEFF55B
:109FA0000AFA01F4FE2AFDF4FEFCF4F5FEF70B08B4
:109FB000DFF4B90CFB08F50BFF040BE2FF09000905
:109FC000FC0EFD07E6FEE80BE1ECCF133B4008F882
:109FD0000516F7EA0502FB060F00FA15EAF8D8F9AC
:109FE000B30B1015183710F7FF09FAFCFBECFC2235
:109FF00019FFF00DF9EEC6F7E9224005F0E607017A
:10A000000709FE06F5F601EC000507F5060204E96E
:10A01000F320C010CDD6FB020A1C07FCFFFD20F583
:10A0200014000B060011F1FBF801EBFC03D4FD0753
:10A03000FE100700FCF20C1B0EF90215F709EF06E3
:10A04000FEF705E1EBFD15FC080B070D0BE3080D12
:10A05000130A1A1DF10905FD0C082EF7FFED020A7F
:10A0600002FB0E1EFE08FEED0E0A06E101021BFDBC
:10A070000531CDFAF322FFFB040505EF00F70808D0
:10A08000E2FE03E8FB0ED6F201EAFAD3E3FAE002BD
:10A090000CF9FE09080A1505F7110DFAF5FCF70D84
:10A0A000FDEB02FCEDFCF70C09F4FF1702F5FFEEE7
:10A0B000000114FB041414F8F1D901ED08FA00FCB6
:10A0C00003F1FC210C0401FC0F06FAF505090BE96C
:10A0D0000303E2F527FC0800F4FF04FE03F7031175
:10A0E00007FCF4FC1303D9F5161008CC1401FCFF8F
:10A0F0000305FCE602FF091AF9FCFCFF01FAE5FE84
:10A1000028E213FFF6F018FC000901E2F4F5FC0B5D
:10A11000F5FE02EFFE1107FD1FD9FB052B0F08FB13
:10A120000B02F70C00ECFB0D0FF6080119EAE91918
:10A130002A2443FA06E913FFFEEBFD2BFEF003FD94
:10A14000DBED04060A09180A1DF3FEE5F7D50A0F30
:10A1500009F100F8FE1DF4FAF000FFFFFA031E06F5
:10A160000AD5CDF104E0EE0CFAF0FFF2050506FA8F
:10A17000FA0AF8F816162DF912EDD71F022F02F77A
:10A180000DF4FFFE020CF60E09050809FA17EEE5BC
:10A1900011EA32F71446030601F6F90BF714F70833
:10A1A000EC110AE40BEB0EF42718F3F90352FCF45C
:10A1B000F9FA02EF0210FE04EE01F3CE0E0BF1E409
:10A1C0000419F7080D11FCF9040009FE0508FD0249
:10A1D000F4FAF7EAF9FAEFE60519FCF101FE05FADF
:10A1E000FF07F6DC01E2040A0115F905FFF3EF01B0
:10A1F000FBFB07060C0105FEFC0AFC2A00F9FC0823
:10A200002EFBF80501F0EDDFF9240BFD1505F00339
:10A21000FB15FF10FFF10C0B17EEF9F8E7F9F4EB63
:10A2200006121F04FA0D080F001406E80103051DAD
:10A2300005FDFF12F4FBE2DE1307FFE4F81503FF50
:10A2400004FCF8E0FCED0CEBFEF9FF0BFAFC04203B
:10A250000ED82901F2FBFD0205030515F6F500EA0B
:10A2600002FE0115F1020D1903F2FAF4EC0EF402EC
:10A270000EFDF808F01A02F5FDF41202ED0E11F6CB
:10A28000EC00C6E7E8EBF2F304F400090321EC1458
:10A29000F2F301FEEC0113D8E7E1E20808110DFD2D
:10A2A000FF030211F50B0209FC00010B10FB011169
:10A2B000020A12FDDEEDF80CF6F9FEE60B1206F8C6
:10A2C0000A0011F707FD0123F61A261DF2FEF9F424
:10A2D00006FBFF1105EFFAF104F9F01BFCFDF20B90
:10A2E000FD28080AFCFB010E00FFF60DFDED00F154
:10A2F00005F9FD0D1711EB22F20BFB061308FF0702
:10A30000FCFBF3DFF606EFFCF5F2FFFBFE03240592
:10A3100004E503160FE3FFFF04FA0AE5FB0B0AF25C
:10A32000FB030115070A0901E5E7F2010620FF0218
:10A3300000FE060B08F003ED170B050A09030DF2EA
:10A34000E7EEFB06FEF4120306F9001103F1FEF13D
:10A3500005090DFB060F1120F106F6FCF3F90100CB
:10A3600006EB02FDFF12E6F2DFFEFCF8081118DF33
:10A37000FAE1F00E12F00000FBEAFFDEFEF702F752
:10A38000EDFFFDFE05030308F0D4E01314E00B0914
:10A390000C0802DF0200FBEAED03FBF3180307FAE7
:10A3A000DC06FA0C1C0405FB01FCFCFDFF1D0AFD8C
:10A3B000ED1501F100091923F7EDEDF9C9E4FE0BE4
:10A3C00013FC040B0B07FBF9E6FEF9F1080916F282
:10A3D0000AD2C709DAF6FFFCF5FFFCF60505F90F0E
:10A3E000EF03EEF90E0603DB0DFACF14FBFBF200D0
:10A3F000F80E00ED1504FEF10A16F40302FB060345
:10A40000090D18FD17090202FA03FAF6FE12030EEF
:10A4100001F50501FE08E5050015FF0BFA21F90518
:10A42000070B01F5FDE2050AFF030204F5FAFCFA49
:10A430000FF52DF9EF00F9FB0001FD11FFEF0912F7
:10A4400009EC0007EAF6F4F40201E8F827E1151137
:10A4500009FFFF02FBFDFAD908F8070DF4050FF913
:10A4600011F2C4E9FDD003F2FBF0F8F10B04F1099D
:10A47000F301F9FBFC05310827EEBB0DF30706FBE2
:10A48000000000F3FCE50D0A1607FB25EFFFEDF1D8
:10A49000FD010F032301ED020205F815112CFE1A30
:10A4A00009FD0708F907FBDFF1FBFC05110DF4F6C8
:10A4B000F917FF0A0340FE23FE01FAD90C0EDBD088
:10A4C00016320B0005F0F7FAF80002F5F4F702086F
:10A4D0000701E5D8FFF60CD50D08F6F80A02FCF9DD
:10A4E0000508F6DCF2060009FDF70302F4EFF72198
:10A4F000F6E709FD10F0FF0500000021040509063C
:10A5000013F10CEB0FF7EFE5E60FF8F0F0F90300AD
:10A51000F908FE16FED7040C16FD04F8F407F7E65A
:10A52000E93024FFF5FD010AFFF701FD08F8FFFE01
:10A530000EF6FC020002F8F00D07D5E23614FD0617
:10A540000AF701F600F8FBFEFFF9F10F08F3FE022F
:10A5500001011A03180704F1F603FDE50CE702F206
:10A5600002F8030D01F5F004F60FFE0A0D051706BB
:10A57000F50E06F2F50CFC12F8FC07FCF3070008D8
:10A580000BDFF1FE25F30F08040DFAFA040BFC06AD
:10A59000F0FB05EBED0A08EE10CEE9FBC3E603FC89
:10A5A000F20EF80F04D40601FFFBF925EE0BEBE0E9
:10A5B000FFF632EDF70001050508001801EDFB0676
:10A5C0000BF70215F3EBECF21B01F2F3DBE0FA08F8
:10A5D0000300FE0CFDCD071D09FD140C02F6DDFE87
:10A5E00008061B00F1D315FEFCF90111FAD8F8F2A8
:10A5F000F1F60B19F3F3EEF7190410D31E01FDEB7E
:10A60000FEFC06FF0AE3FD1C000600F4EEF90A203A
:10A61000F1D911F9F3E0E40B0D06EC1BF8FA0A1A74
:10A620000CFC0A02F1E6E9160510E61003030AE93C
:10A63000FA16F6EF0FF5FD0621FF0012FBFCE4070A
:10A6400007141D01F407FEF50AFBFFDFFD0EF916E6
:10A650000B060B19F6F20217EAF32EFA0C230CFF85
:10A6600000F409C3070805F7F80CF522FE00FF27E0
:10A67000F9DBFE1D2614EB0BF80FFEFFFF1E00108A
:10A68000FFF902110AEEC802020B11FAFD08FDE7FC
:10A69000F8050704011BF70014070126E9F6ECF1A1
:10A6A000FC22F70F040014FC03FB00ECFFF5F31190
:10A6B000EE050A17EDFEFE0EE8010B080A01EE1288
:10A6C000F701F8FE01F2FC04EC03F9100AFBFCFDB3
:10A6D000040F12022106FDFEF60901EFFDFAF50353
:10A6E000190306FA08F2D9EE1BE937EA22F609F057
:10A6F0000103FDE9FC01F60B13FF08FEE8E5EB1191
:10A7000013160FFA13F50B00F60000E4010CF90420
:10A7100011FA0A06F9F907200204FDE91DE8F7F726
:10A72000FEFEEDF204F90825060105ECFF00DBF062
:10A73000121F47E9F402EFFAFFFBF10FFADAFB1BF5
:10A74000EEF3FCF1FBFA02EA161710F007FF1DFD0D
:10A75000050307020B09F602E5FAFAEBF8022002FC
:10A760001817E202FE02FC0404F5F5FBFE0AFF03E3
:10A77000FF0609F502EE1AEC10FABF16FFDEECFE3A
:10A78000FFFD0AE603EDFC14F704FE03E7E6F1EC37
:10A79000E6C137070F2EEBFBFCF9F300031AEB1DA4
:10A7A000EA090302E7F711FFF2DDEE09124206FBA8
:10A7B000FEFF08F9031EE914EE0E00FA1100EAEAA2
:10A7C000FE10F00CEF050300F80008EBF7E9FF0BB3
:10A7D000F0FDF4D4EDE6FFF5FC01FDE9FBF60CEE2F
:10A7E00006FAF6D3FFDFF015F7F5F62207EA0505BE
:10A7F000EE0016FD2A000AF2FE05FA1F060CFEF313
:10A800000AFFF007F4FDD8DCF51222FC03E90FFC87
:10A81000F60802F8F5DCF80309F3E604EBE3D3F5F8
:10A82000F01B0A16DC080B06FC0509F10D06060AEA
:10A8300008FEF911F1EBEBFBF5060700232DFCFEFA
:10A84000FEFBFCC203F511ED05FAF6FDF5FBF93749
:10A85000100532F9F01AF1FF05F8F1FDF4EAEEF116
:10A860000A040F06F0070312FD01DDEFD4240101F5
:10A87000FD06FA07F517060106F70802E505FF03CE
:10A88000E1E8E40FF8F8D6F5F401FDECF916F2F67C
:10A89000FCF605FEEEEE1CE5E7CBFA0BF2F407073B
:10A8A000FDFB06FD11CE02F4070507EA0FFAEBEDFA
:10A8B0000B15F8EF21D3020605FD07E702F0FD14A2
:10A8C00004F3020A15F7F102081821F507DBF8076F
:10A8D0000AFAF91AF411F81204F4000B23F614041E
:10A8E000031225FD12270108090207F2F408FDFAF8
:10A8F000FF0607060A08FE180FF71B22F8F706FAEC
:10A9000009FAFE0C04FB0715EFFCFEFDFAF20E142B
:10A91000FBF70F04F92FFCFF01081AE6FE15F312EE
:10A92000EC040314FB08300CF0C5E413E03BE6F341
:10A93000FBFD0329010EEDEAF8FA0319110B2A05B4
:10A94000D8072E1AED16E5000E01F907FE0800FDE6
:10A950000801F8190A07FDFFF01B2922FC00F9FF86
:10A96000FFF409080D11F4F2ED020107EEFB1AF7EE
:10A97000FDF1090CDBF2030904F8F60104FA03DB2C
:10A98000E1F40300050627FAFEECDC0609E3000407
:10A99000F5F819ECFC0BFCF2EBFBFBE731151AF8B0
:10A9A000F2D6111BF8F5F806070E1409FEF1FCE9C2
:10A9B000FEFD0DE005050400FAF1F51718FD00FF96
:10A9C000F4FC07F60507F9EEEFF40303E8F10924B8
:10A9D0000DDBE9120EE710110002F5F80524F8E18D
:10A9E000070E0EFD120D01FC0EDCE81CE6EB04FE6A
:10A9F000F5F203F7FBFB02C804FCF1F108FE2300AB
:10AA000013EBF422FEFAED04070008E8F4EE03F479
:10AA100003F9FBF210030201F0FDEF1DDFCD120D73
:10AA20000AF10B08EF1407F4F00F02EDF7012AF911
:10AA3000F9FCD6F9F1C7021300F2FD1B11FAFAC7AF
:10AA4000E701FAE62B212CE713C4CF04E8B9050A85
:10AA5000FDFCFACE011105DDDF10FCE6291A190410
:10AA6000F6CDF00C0E05EEFA0B01FCF5FE2AFF0008
:10AA7000180D0A0E141B1511FAF916130ED90B0F27
:10AA800009F3EDFEFB040AE6EE0C02ED120E0610D1
:10AA9000FFFAEE0B05F90E02F9FFF906FDFC0AF6C6
:10AAA00003F2FAE41DEE15E43613D503EB11150499
:10AAB000050105D5FE390A0E05FFF2E50608F3018A
:10AAC0000EE7E8032C0808F8F21DF9F1F83100163A
:10AAD0000C110621F0F6E8F4E00525F3040F180B3D
:10AAE000F90BFA0AF524FD06FB02F9EDFDF6110853
:10AAF0000813E701DD10F201EFFC0706FA1F030A55
:10AB00000BF907E9F90316EA091FF21EE018E8033A
:10AB1000F916FB05FBE20000020EFFFB0A0BEBF847
:10AB20000A3607010620FC040C08F9FEFFE20523A3
:10AB30000DFEFB11F0FCE002020D0DEBFE0612FD16
:10AB4000F908F90DFF181002F50F0C02FE0322E9B7
:10AB5000F30EF80DF5EDFB02FD0EF31610E511F006
:10AB60000302F8F90C0AF8E0D7F60D07F7FDFCF838
:10AB70000611050700CCFB1213F2170CFA09F9EFC6
:10AB80000CF70DF406FC020DF8F0FC0104EF0CECE0
:10AB900009FC0D18F50612FA0E080906F6DF09136E
:10ABA000FEF6F90B08FA0CDBF000FDE706040BFBE0
:10ABB00009E1D619D1CD1EF2FEE500F1060EF5BA77
:10ABC000ECFB03C6110F2B10FDB8CD12F9B10C141C
:10ABD00007EB06E70207FCDBC60CFFD12220241D91
:10ABE000FDCFD30C0415FA0A03FF02040E38FA163F
:10ABF000FAF7FAF11C281E06E2DC1B0C06171003FC
:10AC00000FF202FAFA2405EB0308FEFFEF0512002B
:10AC1000160AD60AFADF08FCFFE5F2EAF70601FB9E
:10AC2000EE1205E81EFDFFE12E0ADC170104F2F327
:10AC3000050CFCECF7F61400F409E8EAEDF4F5E392
:10AC40000813C502142406FFFB07F9F0F80500FFFE
:10AC50000400ED01090DE2EB1008FBE803E7030334
:10AC600003FBF2150C0102FF0EF8F0F40E0208EDE2
:10AC70000B0701EDEC12EF06F41202FEFCE812FBEA
:10AC800033F8010011F3FAE9F33CF1140E25F7FB58
:10AC900003F8F703F5F40DF2FEF8F804F5F7F6FD06
:10ACA000F309EEE2F2120D080804F7FD0BF1FD13B3
:10ACB0000F000016E9FFE5F9190F0CE3FBF90F028D
:10ACC0000103F719FEFE070BF6F818F8F90011EF6B
:10ACD0000109E409ECFAF114080CF90B08FB0AFA73
:10ACE00017FD03F8041117F2DE16F005F9F9FF0756
:10ACF000F908FD1002EE0BF506FE0800E80409F065
:10AD0000CE04F6F4F70008070305000FF9FFFE0D67
:10AD1000F5070101FC0BFA02F5F70C18F9E5F7F954
:10AD200003FA02F20116FF05E606FDFBF0FF03F54C
:10AD3000E8CE1C03F8F0FEF9F90401090AF9091B31
:10AD4000F90002FEF200FCDEDFCAF0EE01DD0905CB
:10AD50000305F4180DE41615080110FAE5E8F2D41D
:10AD60000F23E5F803CF060401FDFC20FEE106F504
:10AD700004FE0D00FC1135FA1506B9F51CDEFDFACE
:10AD800002FF03FA03FBFB080209F4020AEE071DA7
:10AD9000F512FD02F5330E08060A0CF20300070D4A
:10ADA0000FF0E608F900DD020128070A061A1B0366
:10ADB00002070502FE09060AED0202E5F705FCECB2
:10ADC00001F912040CF5F407FDF0FE000815061D4C
:10ADD000FDF313DCFC0402E117E5EBF6FD0208FFCE
:10ADE000F6F8FBE7FEF81201EB0108FEE504031696
:10ADF000FDF9EBF83110E0F9FE07F5F00B0F0EFD51
:10AE000007FC011C080AE1F2FCFB1EFD32E609FD0D
:10AE1000F9FC06F60A09FFEA0B0802F7E5FBF40461
:10AE2000FCEFF50BFE0302FFF802FCE8F90A0B0841
:10AE3000010902FDF30517DDE10CF6F8FD09F50443
:10AE4000FDFF0506031A0103FB13030D010A15E9B3
:10AE50000A04F4FF0B010B03FC090103FAF5120CC1
:10AE6000F9F8F8E9FFF4EEFD07F6F9F4001706FA31
:10AE7000EE01F9FC09150116FC0709001101F3F1B7
:10AE80001618FCE11010140BF800F5FBFF000B0284
:10AE90000C01F3F9FFF5F110FEF203ECEC1D15FFC8
:10AEA0000C040E03F5EC00F70307F9EA0BFF0EF3B1
:10AEB0000106DDF6F5F80904FCFCF7FF05080C17A0
:10AEC000F5F00C02040D0F0B0335010BF9F6FF0E24
:10AED0000203FE0A01FEEB09EDF300FF0EFEF9E1AD
:10AEE00022070CFB0FFCE400F9FE030504FCFFFB4A
:10AEF000F9F3030A0406F6EE2215F90006040EFC27
:10AF000012F70D0AFF10FFF0F901F9FD120C3407DA
:10AF1000040ACD0FEF0A000C04EDFE01FD1609F046
:10AF2000DD00FD010A101FFEF6B9D7F8FEE401FBB3
:10AF3000F5FDFD1BFDF2FBDD10EBFEF119001FF529
:10AF4000E303F415ECE2EDFBF5F90D11FB050FFB46
:10AF5000FA04FD02FC100423FDEDDDFDFCFB0E0AEE
:10AF600008F1F70A0B290AE6EAF2FEF7FB1129D7E6
:10AF7000F3F3E705E5EA0314F2FCFE11F005F5E54D
:10AF8000EEF3F9FF220A11DFF1C8D700FFE4FA015E
:10AF900003FDF5E3030006F4E703F1ED211D01D7FE
:10AFA000F4EB0517F2F5F101F80C02230214F90491
:10AFB0000AFFFBF6FAFB09F200F9E0E7F6F3190ADB
:10AFC0000CFD021500EEECDBE6F803EF1A0410EEC0
:10AFD00003F5B004F2E2FC0303ED0411FBFB06DF12
:10AFE000EE09F2E91D0C0CF71ADFDA0EF7000C047B
:10AFF0000709FFF9F9FE05E807F4FDE815071E0D3E
:10B000001EE3FA01DCDCF10A170003FF0A06FFF871
:10B01000FBFC02EA080605F110DADA1538F5FF0E36
:10B02000020B040308D8FC0600F314F7070DF90F10
:10B03000120D37F4EFB51DFDFEF7F8160BEFFDDF2F
:10B04000F2F6F3010E080C0F0CEBE8FFE7C110035A
:10B050000BE4070D001DF6F7E1FBFBD5131B3A12BD
:10B0600034E6D9F7EEEDED0204FA01FA082AFB0501
:10B07000F60802EE181214EB02DEEB160C1F0CFAA7
:10B08000F9F207F60322FA130100FDFBF40DF4F4C4
:10B0900002D9F8132F2D130107EFF609000F00FF57
:10B0A000ECFE03FD1400120B0702ED1B0A1802024E
:10B0B00005EFFAFEFE06F5E809F6F7E50C1204F7CF
:10B0C0000A0AF9FE04F207FCFEF30106FD0D03F87F
:10B0D000FD02F0E20A02E9081707E3EE00F70802B2
:10B0E000FF05F5FCFE03EF0EF5FDF20A0501F7FD85
:10B0F00003FC1502FB030AFDFB0A000BFFF610061A
:10B1000017EFFCF713FB00F8FC231501030301FD07
:10B11000FDFE080AF9FF01F8000E01F8F9F614F235
:10B12000FAF520F8E405110109FFFCFF06FD010F07
:10B130000A01F80FF0F806F60A14F802000A06FBF6
:10B14000F503F3090AF90707FBFF0107F7F813F9FD
:10B1500002F91410F311FB0504F80AF8F90CFDE5E7
:10B16000F800F802010815020EF9081D050DFBFF95
:10B17000FBF4FA02F51A0AEDFDF309FD060F0707C5
:10B18000EFFAEC1BF106F9F6FD0FFF07020F000BBB
:10B19000FA010EE6F50A04EE0302FA0911B105FB05
:10B1A000FC03060602BEFEDF0F00FFF20FFBE5FB0D
:10B1B000F50E57FB00ED07EC070AFE2706FCF8002A
:10B1C000FC0306D701FBFB0609EE20F2FBE204FEBE
:10B1D00004FDFD0401F0010BDCFF11F5010425F66F
:10B1E0003304F2EFF7C9EF110BF9020AF9F9F5EDA3
:10B1F000F5F6F0F9020A21F023D3B7F50D4002FE6F
:10B2000008EC01D501F9E808FD13FC06EEF2F12780
:10B2100018DA2DF1162F0BFCF1FE01060001EE18D5
:10B220000AF5F305FEE8E90C092510F10B1A16FEE4
:10B2300005F3F8DD04FE01F3F8F6F7E505F109FC86
:10B24000070300FD13E2FBF6F90CFDF4FA0AFFFE1A
:10B25000F804FBED13F811F1F5ECF208F9180B0402
:10B2600004FCF6EB01E406FA05F1F935F3F30E2BD5
:10B27000FFF417F9171CF508F60EF90906FFF2F8A6
:10B280002703F63C06F0F10E0B30160F130002F008
:10B29000F7FAFB2707F7FB050F030207F0EB11FC9A
:10B2A000061FE303EF13060AF407FEF90708F82365
:10B2B0001A0A01FEE604ECF40E2310EEFA03F90E6E
:10B2C00003FEFC03F9F60C0FFCFFFB0CEE04F50F7C
:10B2D000FDFB1801DDFEF7F5FFFEF8F5FA0C06F8A8
:10B2E0000EFB0AF6F80604FE160E0C060605F2051D
:10B2F000F8010B030606F5F004FE170EF0F0F4F863
:10B30000F626FDFFDF0001F40707FB0104F405F159
:10B310000402020DFD0502F6E5132609E9D4EDFB52
:10B320000C0607FB05F60CFCE40401FBF304F1EB4F
:10B33000DFE60C0103F1ED01FFF4F3F8F9E10B1F77
:10B340000E0EFE0AFCF2EDE6F8FA02F2F740FF04F8
:10B3500002FD02FBFCFB061728F30205EDEFD4FA11
:10B36000FD131502FBF4F8F202F4FB07EAECEF0C14
:10B3700006F403F8EDE4F109F70725FCF2E2000515
:10B38000FCF001FF06F205FC00F5050EF6FD02DEFD
:10B39000F2DDE5FFEBF7DAFC0D070005050904FD1A
:10B3A0000603FE00F201F1F6D9FFED010DFAFFF8F8
:10B3B000FCFCFF0AF9F5F42502F606071DFDDAFE8E
:10B3C000FB04F5E7EFD5040100F603F7FBF1FC08F9
:10B3D000F9FE0200FDEDFFEB15EEFF0A00E502FDB0
:10B3E0001305FE01FEC6FE1E1707FCEE01F7F70966
:10B3F000112C1DF3D9E602FE0603030E01F1F11B29
:10B4000005F8FAECEDF3E403041D2CF6FAE30DFC69
:10B41000F8F6FB22FBE3F5FF0C0DFE17ECF100F450
:10B420000D11DF05BCF4F60503E9FAF1F8F500E8C3
:10B43000F3F109FD060E0F2306EEF112470CF1049D
:10B44000FAFAFDE107E208F612F8FA14F1F7FB3D0B
:10B45000F60030FE25170404000AFEE80808FEF98D
:10B46000FB0305F7FBF6F54712F5190B080B0C0764
:10B47000F7F3FFCF041FFBFB060B0002F603080CDB
:10B480000DE6FD0AF1F20FFAF6FD00F6040302FDE7
:10B49000F8F704F1F402070103EEEC1BFD0C0608BB
:10B4A0000A03FEEA1027120EFB08FD050600F60D42
:10B4B000F509F81204100D111704FF0FF50304022B
:10B4C000020C0B0FF9FFFCFFF7010EEA2617140B15
:10B4D000021405EC02F900ECFA0A0704FAF302E69A
:10B4E000FEFCF6050F3A1E12FE0A010203160100C9
:10B4F0000E09000702071600FF0EEFE8FCFB02072B
:10B50000FF0F02FEF2FE06F509F8FE0C24FB07F61B
:10B51000FF3AE8F2E4FA00F5000009FFFADF1DEE59
:10B520002B08070F1314F5E6F22304CEF016070DCF
:10B5300001FF06F40622FA0AFDEA0E02FA05EF05FB
:10B54000070EF4FF1D34FAF7FB03FCF30123FB03A2
:10B55000FA00050EFBF5FBF701E4F1F205F4F4FD4A
:10B56000FF0D001701F80BFE20F7050D02F7FDFE99
:10B57000FD28FA050FFF08FCFF0904FF0720091F3B
:10B5800018FD1003F6060BF0FA14EFF4F519F10E9E
:10B59000FF0501FFF21CFF3206EFFFFFF6F5EDEEAF
:10B5A00009F6FCFE190207F9FF01FD00FC020A1B67
:10B5B000F909EF0BFD02FED104FE10EBE40B050AC6
:10B5C00002F2F601F92207DEEAF5050BEB0203D9D8
:10B5D000F9E6CCFBD7EAF7FD070201FCF8F106D843
:10B5E0000EFC0EFE05051DCDD7F2CA02F908E804CF
:10B5F0001201080702EFFF100702FAFA0203FFDF49
:10B60000E5E4F4EE0FFBEC0604FE02010404FFEF98
:10B61000FFF405090AFE01E0E5FE0E0BFF22F70923
:10B62000050FFF07FD1A05190304FF0FED0A07FABE
:10B63000ECFB04091026E708050EF80602ED0F09D9
:10B6400016FD0117E3E5C8E8FEFA06F2E8CFF8FEBA
:10B650000B0EF502FBE908FE1CF3FC0AEBFAEFF90E
:10B66000081206F4F9CF09FBF8F702EFF3FC010129
:10B670000309040FFBFE11F305E6F3F4F4C50A0514
:10B680000413F40EFEF9020105F5F209F5E8F9ECF0
:10B69000EE11F7FE03EA0204FD02022BFC18063647
:10B6A0000EF303FEE9E7EFCFF52212FFFDF3F5F706
:10B6B0000604FDEB0715000F0A020EFDF202FB0265
:10B6C0001007E2E7E4ED04F4F7FC04CF03FBFA14FF
:10B6D0000103FFDEEAF701F911EEFD050F080AF795
:10B6E000FC0A010404070A021F0F0AFBE7F2EB370A
:10B6F000F80630EE16FEF40AF70E0A000321F715DD
:10B70000FF00FFFD010610DCE8FFF40802EF05F37F
:10B71000FFFD06F9F711FBFDF9090200ED12E6EE57
:10B72000FE0CE818E8FE1212FE0801FE03000DEA06
:10B73000F3FDF41302F9F10AFD12D7E5040F09092C
:10B74000FF0B02EDFF07FFF3FA08021401FF03F0FD
:10B750000814EFFD2C0EF50402020CF501020BF6A5
:10B76000FF0DF4F4F9FBE3FC08FF39FC150521F0AB
:10B77000FF09FD0EF5E8FD0EF8FD02FF0702E7F9EF
:10B78000131817F40D0C13FF0F000E1EFA020F16FC
:10B790000207FD04F8FDFE1E2015F4CCE8DDECFEEA
:10B7A000070204FE021E04FCF1190206ED020FE27C
:10B7B000E2F0DFFF0017F9060A0E080A1A010AF57F
:10B7C000FC16FA0EF603F2F0E6E1E2042305FFF9B7
:10B7D000FA13FED6FF0517FE0D0306FAE6F9EE058D
:10B7E000ECF1D3F50AF613F6070306F7FB06030F91
:10B7F00015F8F6FCFD1109F5FA1AF2EEF9C40D037D
:10B80000020DEB0F05F30FDA0F0607060EFBF82902
:10B81000053DE700EDA601FFF820030703EA1AF74C
:10B820002EF70B14FDF9D2EE033DDDECF0D3140F2F
:10B83000FB1C00FBFF260B1BFDFD0105F9FFEAFFCA
:10B840001C03E8DB1621F0FD01080907F81C0218AB
:10B85000FEF40EFFF2FE27BB11D8FD05010C05FB1F
:10B860000706FE09FE0F090E2A0A0AEFDDFD070D85
:10B870000401DFF6E508F20D080FFD06FC0B1304CA
:10B88000290805D5F0F6F1E8031EEEFBDE05E9090F
:10B89000F8070812FD070A12FEFE07FBE3F9E7F8B6
:10B8A00010100700F4FB02F7F9070FFAF4F703EAA8
:10B8B000FBFEFB00130C01C4E20515F4F2000103CA
:10B8C000FC0F0B05000BF6EAFEFD06FF010C1FEA5C
:10B8D000ED07A70B1CE317FE080709EEF8CC14F6DA
:10B8E000050004EA0A1107CFEFF9C7DFF2030903E5
:10B8F00003FAFC0902DD0507F7F900F5FFFD10F773
:10B9000003D9FDE81A020103FAF3F1F5F7FCFC068E
:10B91000000713F5090201E70CDCF2F8DEDA0BF997
:10B92000F90804F303CC06F410FC04FAFEF6F7D190
:10B93000FAF92CF50EF9F9FD06040202F4F00518E7
:10B9400007F207EC07FEFCE70FEF100300DE06F03E
:10B9500000FDFF0A0600F51514FFF5DCF9F506E910
:10B9600014061F01FBD1FDF6F901F7E50121FD08E1
:10B97000010600FF02EE01B4F4FA252AF03603FABC
:10B980000A03F6F80CECFC1BEF0E0300F4F0EBECF2
:10B99000FBCF26E5E63F0B0B03000B2109F508144E
:10B9A000EB11000101011B09F4F3FC17054DEBFD40
:10B9B000FF07000FFE11EEFC10FCF30F10FCD8F88F
:10B9C0001A2107FEFCC403F6FDFEEFE008DBFCF4E1
:10B9D000F704F302ECEDCB0DD01406ECFFF6FB01FF
:10B9E00006F8F8D901CE091CEB0303FB08F3E13993
:10B9F000040042F50AEF06F7FFFBF514FCDFF5FF44
:10BA000011FC0901E20A0F2A021BFBED0ADC13FA02
:10BA1000F511090FFFC5FD0012EA080BFAFF0BFB39
:10BA2000E7161004E7EEFEFBF806F9FDF8E1FBFF70
:10BA3000040A07F9FDFDF74A0107E90D521DEDFD66
:10BA4000FAF9F4E502CC070501FAF72DFCFADC3728
:10BA5000FB1825E6491A0DFD040102D3FAFFFF1079
:10BA6000F602080BFC070E2508FF1501070219F264
:10BA7000FFF502EBFF05120EFFFA07FEFAFF08249E
:10BA80000EFE002DE0120DF7FFFE03ECFF19F20190
:10BA9000F30103EAFCEC0CFF0AF8F401040DFB12BD
:10BAA0000304F9E80B22010BF304FD0D0C01F2086D
:10BAB000F61AE506DE180B0FFE190910F2FCFC0958
:10BAC000F80BF2FEF1F8FCF1F105F6080AF3141791
:10BAD0000212F6E5FDF110EBE70605DCF80F04F9BC
:10BAE000020DF8FB12FB02FF0004FBF401FD0A0744
:10BAF00006FBFAEA11142BCD0508F5F9F41E0B111B
:10BB00000017F700FAF812E008FBF8132201F01012
:10BB10000166E0EADE0E07FBF50AF92B02E120D808
:10BB20003DEB0E15EF0EF502032FE8E6F6ED0CF2F5
:10BB3000040DF3D5FB30080228FEFDF7FD0EF718C3
:10BB40001B1215FF150A10F2FD0602F2FE2FFF1D53
:10BB50000C1C0317F61C07D4F9F8F1FA15110FE5C0
:10BB600001070409F20913E11FFC060EFBF90F158A
:10BB7000FE18E302EBF6E603061400F7F616080AD1
:10BB8000181B10F5F6120AF6EEFABDF7E919DF09EF
:10BB9000FE070B00FA2310FE1CFA11E91505E20658
:10BBA0000A1F0FF6E5020509FE0C03FD0601FB1452
:10BBB000F300F515FE01E2CAFC040FD0241916F8B3
:10BBC00009F8F8140A1102E8E81AFE03FE0420B48A
:10BBD000FD18AD0433E308030313F51200F005E785
:10BBE0000B0B09E50FF9DAAAE8E6D4F607F40CFB2B
:10BBF000080D04FDFBC40746FB050911EB0D0CE81D
:10BC000024C7FABA01E103FD0404F9F210FC01E8CB
:10BC1000070D0305FD090AF011F1D4F8061EF5F42D
:10BC2000F80207F603210B0CF4060502F9FDF5EF07
:10BC3000EEFCFC160719FEF7030E0AFB02EF0F00DD
:10BC4000040FF811E9F1E9DAF309EEFC3D2B0AF8EB
:10BC5000FC0602E409EC04F408F80A05ECF1EFFF35
:10BC6000FF06D4EEF8D511F7F207FCE702FFF6FD68
:10BC700005F70D01FAF6181518F5C2F401EBEC07FB
:10BC8000FCF90104090411E710FC040807F7EFF7B9
:10BC9000EA27F3031005E2F80007F513FC0F0A008A
:10BCA00000FC0506DF0602F6D80702F70400FE05D1
:10BCB000F80AFEEFFC5802341BF703E8FF00CCE55E
:10BCC0001CFFE3F60D1A09FA04FDFAF8091A081523
:10BCD000040E0102EE110FDA14FB03040B0F09FB33
:10BCE000F9F9F9E4050309151A0404E5EFFD031257
:10BCF000EB22F3F5F10604FD03FDFE16FA1FFEFC30
:10BD0000050D00DEF80EEEDBE9090600F5F1FF1483
:10BD1000F50FFD1007EEFC02090106DDF101DFEA77
:10BD2000FF3008FEEBF509FE05F707F9FDD9FFF333
:10BD300005F8F7000A0AE907EC0EC7E80F060BF64C
:10BD40000A02F8E203F20DEF0111FBFA13FF0904F6
:10BD5000070E1005320D0DF701FEFEE002E211F5AF
:10BD6000120E0CF503EFFAFEDD0018F0FAF01CFCE1
:10BD7000F90601FAFFE60C0816F908EEFC0CF9E8E2
:10BD800006DBEBF3FBFA0607FD0AFFF70F1F0119AD
:10BD90000206000AF8032AF025CED1FE17D1F91BBE
:10BDA000FA08FFFD031BFFF0FF02FDDC0708FCDEC5
:10BDB000F4DCEB0B0DE9F4F802F5FBD7FF32F4E904
:10BDC000F1FC03E1220421F901D0E62325C7120783
:10BDD000FDF003C2031403F3E3F0FBD51C1241FE94
:10BDE000F1CCF52CFC0F110902F9F604FB43F1FC30
:10BDF000F20E06EBF903E816DBE50E040300FFFC88
:10BE0000F3EE0408FF17EBEAE50901F411100AEF5D
:10BE1000FEE3DF014700F8F0F7E303E00323F30953
:10BE2000FC0E02F30E0502F21AFCF2201953020472
:10BE3000FFFEFDD6070F030FEE0EF009F704F9F928
:10BE40000213FF0F1F2216F7020EFDF50A0705FF6A
:10BE5000F403FA210507E111E302EFE1FCF5030B1E
:10BE6000FFF60816F5ECFAE204F8FCEB120504DE26
:10BE70001327E2F1EA0EEF0C00F5F01006F202F6DD
:10BE8000020AE8050AE821F8F926FC0F0429EBFF6D
:10BE900001060CEE07FC10FA180FF8160102001844
:10BEA000F92DE4F6060B21FEFA07FC020F0503024A
:10BEB00019F6F30AE701F2171A01F7E3DCF80802B2
:10BEC00005FDF71908F005FC09F7FDF0E4F314F699
:10BED000F60AF2FEECE7EC09FA0000FEFE18060492
:10BEE0000BF40A000A1707EFEA0001FEFFE500FB6A
:10BEF00007FE0E0200F2021304F2FC08FD07F6FE34
:10BF0000F10B0CEB1CF90F060A06FE07FFEDF70C10
:10BF100003F8F401F7F704EB09FA090FDF01F9065A
:10BF20000A04EFED04F20907031001FEFF09070BF5
:10BF300003E319FCBFFB16010500071301F505FA21
:10BF4000040405FBF7F7EB0EF4FD1400E505F6031A
:10BF5000F9FE062009CA12FAFA010A0609FDDEEF07
:10BF6000E81C12F800B21AF811FDFC15F9E30CE90F
:10BF700011F5051D04F709F90901E1C7210F08FFB3
:10BF8000FCFEF0F005E2FF1C02FDFD050EF2F41DC3
:10BF9000FE2C27F8F712070FFA09FDFE00D308EB75
:10BFA0001DFAF513F8F3F804F00FE8EFF4031AFAAA
:10BFB000140303E80925082108091DFEE106F70C12
:10BFC00018E6FB03240901FCFA0602E6FA39082404
:10BFD000FBFF1309F909FBFA0AE9EDE5162C12FD3E
:10BFE000FB1004E003030DF3FCF90A23EAEF052438
:10BFF000E9D4E50F4C32EB01FDFA04FB05221719D9
:10C000001611070EF410D5FFF6FEE30E0800E9EE58
:10C01000F60AFA0FF91609FE060FFAFCFD10E30AFC
:10C020000A07F2F4FEFC070D0509FBECFEF9FD0919
:10C03000F814F508E6FBE6B4F4062BE6FC0DFF0168
:10C04000FB0403FD0216ECE90005F10A0E0715E5F5
:10C05000FC1EF1E916F009FD0616031EF5E22006A6
:10C060000C00FFFA0708E6DCFAF71CEC17F90502EA
:10C07000F8040AFB09F4F5250F0708FFEBF2F4D6E4
:10C0800026F901C8FCF20A01FB08F9F50BE40AFDE8
:10C0900007FFFDFCF6021515F00FFDF1F9D20803BC
:10C0A000FC040A0EFFE509F7F8F8FB030F01FDDABF
:10C0B000FFF512FEF9D207FE02F704F0F9FFF4DAF9
:10C0C000F9F300DD1A03270115D7ED0BFCAA0602D0
:10C0D000FBE608E9F520F9FCC50502E0261B2D0763
:10C0E000FDCAF6190813E6FD08F802FDF92704F762
:10C0F000F111FEEE13040F0FE0E8FD16FAF30EFC4B
:10C10000FDEEF9140C05F2F9F80F0AF5FB1304FE25
:10C1100008DAE4031A1DF1FAF4F500EF0716F60940
:10C12000ED0D02EC240900001FFFF51516FCF700C9
:10C13000FD04FCFB0112F707F00EF3F0FC00ECEE3F
:10C14000F61BF2FC101316FA000A0AF1F5FEF9F4D8
:10C15000040AF109FB05E206EC1EE5E7F6E30D072C
:10C160000308F1FD02E3FEF0F4FFF7ED1406F81406
:10C1700023081CEC16FFFDFBFA05030A03E305FF89
:10C180001EECF4F700F10C0D0C1A1F08091AFCFB49
:10C19000FA0A00FEFBE7FF0F17F5F313F7F3E300CE
:10C1A000FF0D04EAEEF8F401F50404FBF505050DB6
:10C1B0000DFA0325F1FBF80B0F07ECE9160B05064A
:10C1C000F80C001104F0FA1206F1060AFA030AF458
:10C1D00007081806010AFC04000FF705F510F90618
:10C1E0000B0A090C01021107F90E050707F1F60207
:10C1F000F7FEFE12F91E031AEAED0C08F2FDE70C39
:10C20000FAFF0705F9EEFE01F903F90EFEFDFF0D39
:10C21000EEF9F5F5F20609FAEF03F611EFF90D0064
:10C2200009FBFD04FBF506F3F700FE01040513FB13
:10C230000800E6FEF9D2091206F7FB24FBF50ADF37
:10C24000EB04EF04100B1C0103FEE7FCD3B0130654
:10C2500002F90604FAF9FEEBFB0604F1150D2012B3
:10C260001E0101F7F5F9E702FDFE04FFFB210E02B6
:10C27000FC040201130D01050105F0F60FFF0D018D
:10C2800004FFFB05F70DFFF9FC01FBF618FBFF139C
:10C290000D0CEEFBFA1D040B02F8020DFFFE04ED7F
:10C2A00002F808E505F90A071B01E5FEF2F303FFB2
:10C2B000FD0007FC001709F502F6F6EE0B1212F16D
:10C2C00008F6EEFFF905FC000304FAFEFE0F00126B
:10C2D000FCFCFEF60612EDF802EFEFF6020308F79B
:10C2E000FFF90111FC1EFD07020303F7F90009091C
:10C2F0000800F204060B050AF802040E0B161903D7
:10C30000090205020E080EF8FD0502FC00FFFD0300
:10C31000FF0001F901080B03F8090DFD0B0E0FFDDD
:10C32000FEEDFDF8E505FA070908FC07FF05FF0A21
:10C3300001F60200070DFCE0FA1206F901000DFCFF
:10C34000FAFBFB0BFA0A01F0F20306F80D000BE40E
:10C3500007EEF303F4F0F8080CF9FB00FEF20CDE34
:10C36000FC0DFEFF0A0302F0FCE8F70FF9F70502E7
:10C37000060B0000FDFE05EA05FD0BF506FC0F07A8
:10C3800014ECF4FAFCF7FE03FEF8F714040001F5D0
:10C39000FF0503F4090200F8FBFBFC1BE0C1FE01F2
:10C3A00008000B0508E9F3DBF50601FAEDFDFB02D9
:10C3B000F4FC09EBE2D213FB04F10612F5F704F2E8
:10C3C000D607FCF209113507FCD3EADCC9E8E90D10
:10C3D000F0EFFD23F0DFFC09E51503EC0FF7111575
:10C3E00006F7FCF3EAC9E7FF10FB0606FED704F3E5
:10C3F000F5FB02ED1B15FBF30806ECF51D19FFEF2D
:10C400000601FCF9FFF7030802F9F2F907F5EF3529
:10C410001111140D130923FDFFF509ECFAE6FEF1E5
:10C42000FDF6F5FB0E020921340FF0E7FCF216FAD7
:10C43000FD03F3E602E618F103ED07E7F00004164A
:10C4400015DEFFE5FCE4F9FFFBFEFEF8F806FE034F
:10C4500000FEF4111BFD09FC200718F80A0F05095E
:10C46000EE00FDFBF91D030709050E22F100F0188F
:10C47000FBC60100152108FFFFFFFAEAF60105F3EC
:10C480002DF80026FEFFEB01FF2A11031C020A0112
:10C49000FCF10204FF05F6EC080BFD07E8F4FA03D3
:10C4A0000A180EF9F400F3010E0EF600FBF800FC7A
:10C4B000070009F003F713ECE7291305F5FAFCFE72
:10C4C000FD13F6FBF60B001501F5FC140405F2CD87
:10C4D0000AF911FDEFF4F20303000CFC07EA010472
:10C4E000F6F805F2EAFE0DF301FB2211FFFD0E0541
:10C4F000050203F303E601F4F9000E06F1EB01F186
:10C500000A19FFF5E0FEE900FA0501F8FDF603ED72
:10C510000B03F20EF2030309EB2C000D11F5EDF203
:10C52000FDFF01EB0614F4070206FF01F4F9F2F82F
:10C53000EBCC0D11192BE1F8090A00F100080315E5
:10C5400008050706EDF3E3FECF03130E4249FAF99F
:10C55000EF2300F7FEDD070515070E1BDFF6CDEF15
:10C56000F41806FD1EDF290C0008061B09EDFCF37C
:10C5700000EAFE12EEF0E8FA0A11DEE30200F8FF2C
:10C58000020EF30C09F6ECFCFBFAF40803E6FC05DA
:10C59000DE0C0FFCD9FAFE07020FFBFBFCE00D00DE
:10C5A0001104F826F4FBEB0FDA0AF9F8090710FF7B
:10C5B000020F02090724100E07101013F217FA1ABF
:10C5C0000ADDCF1A22FBFE06FCF3FDF00D17FF2259
:10C5D00004FC27E8F4F711FD1EDEFAE9040E00055D
:10C5E0000CFCFCEC01F707F8FFFF0809F6F9030B58
:10C5F000F706EC08350DFAF2F20302F6F90A011714
:10C60000F60B0304F201FCFAF7EA0416010006FD3A
:10C61000F005FD02FA190308F30005FBF400DDF84C
:10C6200009E5E9F61BF20107FC01EFDEFD0F01F859
:10C63000E6020707F0FB01B9FFE70B10FD0501F665
:10C6400005FB04EF031009FDF6FEFC0AFE0D14EFD6
:10C65000FD02FEFCEF090106FE0E0311FA07FD14B0
:10C660000E0AFE0DEBFE07E1EB0807F30F10DF0DDE
:10C6700001FBFE1BF3F2FD0701F907FA1405F5EDC6
:10C68000FA09EDF1EBF8FA0500F9081902D702ED05
:10C690000714FB0116090A0AF811E7051B02F8F74F
:10C6A00003FEFEF00904FDF7EAFFFEF502FE060FA9
:10C6B00000E8DB0A0801F8F0FFF7FDE1F31BFBFCE3
:10C6C000EF03F9EF02011A0C03EE041800F5F7FD71
:10C6D000FBF303FEF80406F0F6F4FB0B0111FBFE7E
:10C6E000F0FCFA10F6F60CFD03F8FC1A05FB00E46A
:10C6F000050607ED0204E9160B08F806F5F8F00048
:10C7000002050AE80222FCEFE9FFFDFC030008F63F
:10C71000FBDACC131C06EEFEFCE9FCD9FF16000583
:10C72000F7FE01FD120903F2F2CEF3140D11FBFB2B
:10C73000FD000301FEE003FD0809F7E5FB0614E137
:10C74000E103170AFD080F0EFF00FD1C05E3FEEED6
:10C75000040300F20F0E080BF513DFE0F4EA0AFE03
:10C76000FBFA0CFEF9FFF5E8F1F2F6F0211C1AD203
:10C770001AFBB1F419F5F7F802F9FB1A02E4FEF519
:10C78000F809E3EF05FAEFEE11F1F40704050400F0
:10C790000D0203D904040901F700FAF6FBFD0802B3
:10C7A000F2F20AE70C0304FCFD07FA0204250E0F5F
:10C7B00003FC08F1000D0BFC05DAD2F1F1F00904DD
:10C7C0000808020FFDEA0310F9FF06EA090D00EB65
:10C7D000181724EFE401F402FEF8FC1608E9040E31
:10C7E000F8F6F2F9FDF7F8F9041810E808F7000474
:10C7F000FF06F4EFF81600F8EBF8F610010C09024A
:10C80000EDEBF0F106000FF9FD07FFEAF51BFC0F59
:10C81000F202FEEBF9EBFBEF19E80D02FD00F5FD6E
:10C82000F50BF206FEF0F1FF020802FCFAFFEC0144
:10C83000FAE935010C14E9F202F601060CF00413D2
:10C84000FEE90F01F301F3060AFE0DF31B1D0C10A8
:10C85000F6F6081703DB05F40CFC14FEFBFC1E07C0
:10C860002011E8F0FBDC000106FD010E04FD0BD7F2
:10C87000F7FF01FB010D141014E6B9EA0430F4F6D9
:10C8800005F906FD07F7F2100CFCF8FCEAF0F20AD5
:10C89000F2E0220917F705FA00F9EEFD0F07FC0890
:10C8A000FAFCFA17FCFFEBFAEF0BFD08FB1F01087F
:10C8B00002F4090301FCFE09EF130FF9050317F851
:10C8C0000D0407122F07FBFD04F0F6FD10FFFE0913
:10C8D000FAFCFFE20805FFFB16FDE3FBFEF8000192
:10C8E000FFF801F904FD0C16EC02F31301F4010743
:10C8F000F6FAEE0B0BF50D06F70C04FF080806160A
:10C9000001FBFE06FFF7E4ED030F181104EB11F92C
:10C91000FFFDF811FD07FA0DFEF50400E7FFFC002E
:10C92000E907F5FE1012FCFE080106F6030CFDFBFC
:10C9300003F9F1F50CFFFAF21307090CE004FB0010
:10C940000800F7ECFA00070202F5F30BE703181EE4
:10C95000F8F23301F01C08FDF90606EC0F12FCF9A1
:10C9600002060907F4FC0C34000CFC1AF10AF6006C
:10C97000FD0607FFF12EF6E712050AFBE4EEFFF5D0
:10C98000E0EDD812F5FBF7FCF80AF103030404EA22
:10C99000FE0106110A0901EEF00B1D0501F903FD68
:10C9A000FDFEF7060508FDF9F8070A05FDFB00E89E
:10C9B000FC01F309E608EEFBFD00FC0211FBFDF6AD
:10C9C00006FC0AF206080FF4FCF0EE030704FA0670
:10C9D000050207F1FC01F9F102F9FAFAFBF6F5009C
:10C9E000FEEDFB020AF20707FAFAFF020403F7FE64
:10C9F000010803FBFA01EFFBF30B050011E909F74E
:10CA000007FAFCFDF7F2F80202F7FC010103070147
:10CA1000FCFDFEF5F6FD05FBFBFBFB06060302FE37
:10CA20000A030603F1FFFF05FF0CFA000104F705F6
:10CA300005030805FCF507FB040B010004070CFFC8
:10CA400008FBF8FD010BFC08FE02FCF507F90702E4
:10CA5000FF0A071001FD100CFBFFF808010104009C
:10CA6000FC0303F7FDFD06F901020210FCFA0605BE
:10CA7000FAF4FFF8E7FD0CF50608030000FCF1F4FA
:10CA8000EEFF02FAFA010509FDF7F9FD0D0000FEBF
:10CA9000F7F604000DFF040704020CFD1108FDFE6B
:10CAA0000902F8FC16070406070DFAF7F8FD04035F
:10CAB000F8070501FFF50501FB02041C020902FD50
:10CAC000000702FBFA03040006F9FEF7010DF81255
:10CAD0000001050901FFFD03FE0600F9FC08FCFA50
:10CAE000FF09FD0B0709F9F60002F001F9080CFE39
:10CAF000FC04F10403F800FD0005FD05FB02FFFF47
:10CB0000051300F8E104FAFAF6FC04FF03FE00093D
:10CB100002FDF7F20805FBFE0D0301F8FB19F6060E
:10CB2000020908FBFF1BFB0808FC0302F805FEF8DE
:10CB3000FFF7080BF8F6E7F5FC09F9F90209021806
:10CB40001DF60919F3F3F712F403FC12FA3BFA018C
:10CB500002100809FEE70D1104FF0412EF00E709B7
:10CB6000F62C07F303F91206F603010905EAEFEBC9
:10CB700003060907FA03FC0BFA0AF8E317C3FE01E0
:10CB8000050803050BF9F70B0BFB050C07F4FD017A
:10CB9000EA0C14FEFBC1FCFF07F2F6F904E90AEF08
:10CBA00010F9FD1EFD07FC04E0F1E808F3DB15FCBD
:10CBB00004FC1004FE0BF909FC07161AFE04F6F932
:10CBC0000EFAE409F343FB0B0D0806ED0102F31C1A
:10CBD000F6FB13F5FF06030E0AE802EA091AF6F857
:10CBE000FF0306E911F201FEFA00FF0BFCF104213C
:10CBF000F7F30E0A2914FDFB050207F6001AFB16CF
:10CC0000FFFC04FFF4F3FA0DF3E2E6000C0A00FE69
:10CC1000F70101060313FC08FE01F2FEF803DFFD35
:10CC200006F4F5FC12F6ECF70B0702EE0506F8EF3A
:10CC3000F60BF50C02F502D103F813F2EC0902F73A
:10CC400005FFFEF5FA200202FE010111EAFF01E8EC
:10CC5000FADFFC00F0FA02F90102030206F6F8FE20
:10CC60000F02F20E00FB02EBED000202F4FEF5FCF7
:10CC700005FCFC12F5EE00F1FEF9FAFA14FD00EDE8
:10CC8000FE0CF8F8E7F4F803FB0500FEF8EB04DA15
:10CC900004FC08090EE70501F511EFEDC6C8FF0415
:10CCA0000FF2F8F900ED04E5EB0805F301FF15F3C9
:10CCB00001F3FE01F7E2FA0A00F3F81905FDFEFCA4
:10CCC000EBF307DC250C0FE706D40006F5CFFCFEDE
:10CCD000FFF8FCFE0316F8F4E2020EDE0F0E24FE4F
:10CCE00008E5EA170B20F10201FCFAF6FDF6ED0368
:10CCF000F1FF05E10A0D010304EFF30704EE11F95A
:10CD000001FDFCE905ED0DFBF4FBFDFA0BFFFE0A4E
:10CD10000AEEFFFFFE010FF2F7F9F805F9FAE8E96C
:10CD2000EF01FEF2FAEC140C07DEE611F73FFFFB11
:10CD300002FD08DDFE000BFFEC03F5EF120101140C
:10CD400001E0EAFE163709F90802FEECF8F8FDEDFD
:10CD50000303F8F1FF02020DFF0FEF24F6150EFF9B
:10CD6000F4FEFBF2FE04FC02E9FEF404F8F808F815
:10CD700001F3E0F90D0BF30BFBFA000FFC13F806BF
:10CD80000507F11D0A091B02020C04060AFEFEF843
:10CD9000F90205FFFBEDFB0CFA0AF3100204FF0198
:10CDA000130C08000E090607FB03FE0100F4FCFB50
:10CDB0000B0AF80DF6E8F81805030C03FEFF06F75A
:10CDC0000B0901F6FF1A090C02FBF3FDFE04FCF04F
:10CDD0000306190CF2FAFA08F90210170101FE0C09
:10CDE000F3FE0500FCF010FEF0042900EDF9F60159
:10CDF000080904140C00FB020302FEFB0FFFEA0B00
:10CE0000F314211DDC1502F605FEF702F9EB040010
:10CE10000C0B040CF909FB07E71727F01AFA0E0DA3
:10CE20000EF40102F400FEF20BFE04DDFCFD04E949
:10CE3000FDF7E301210E07FEF4001008EFFD0512D7
:10CE4000200C09F40101FEFD01F608F3CC1702FAEB
:10CE5000F9020CEE01F7F603FF09F0E31C11EE01F5
:10CE6000090A29F3052BF3E508FA02EFFC15EE1B7E
:10CE7000000AFDF1EBF2E3AFC70F5513F8010CF117
:10CE800000F8FE10F4010B120601FCF505F4FBFDA1
:10CE90000218100ADD11FDF8FE04FD0302D9FE0C94
:10CEA000F40801EEF306270714030CF2FDE6E4FF95
:10CEB00003F91008FBBFF6FB06EE01111608F0118E
:10CEC0000F0EF4F4E1ACEB01F3FEFAF9FDD2F7EC4E
:10CED000F9FBF01CFCFBF510E3042C1B10F601FC25
:10CEE000FE0B12FA0BF9FE1CFC100307F700E0061C
:10CEF00006023FF7FEF214FB0306060FFCE90814D6
:10CF0000D6FE0AEAEB101B2508010CF2D6E113FD50
:10CF1000FEF3FA0705DBF7F0FC01010025191210FA
:10CF200014F00509E7E1F3F9F3F1030AFEC8FEDDA9
:10CF3000F9040AE5060DF425FFF9EA222BF5F603BC
:10CF4000F20B04E103EEFD1809F7FC30FFF1E41DDC
:10CF5000E9FD35F11FF9030101FEFAFAFF11FCFEAC
:10CF6000EF021602F40BFB08FFFD2910F3141E0953
:10CF7000F7EC03F7FBF0FE0CE106110A0E06041DA8
:10CF80004518071B050FFCF810F5F40601FCFB081B
:10CF9000FC02FDF1F9F427FEFE1EF4DF00D20D05C0
:10CFA000FC07010206E0FDF9F3F7FFE60CF9ECFBE4
:10CFB0000AFB0BF700E7F205FAFFFE0AFAF2000B94
:10CFC00006ED07000504FFF6FD0A0FFD4546FB05CB
:10CFD00007F8FC0701170412050405EA00010E0F0B
:10CFE0000B1D0C0A0D060B06040602ED0310FBFCDC
:10CFF000F905FEF4060CF30F15000EFDFF1C00FEF4
:10D00000FCF9FCE108F9FB060C02020FEF08F7FA45
:10D01000FEFD15FAF10E0DFEF70000070901F6FB03
:10D02000F80B0FF4FFFB1702F40015F90240FB04A4
:10D030000BF60215F609F5D0EC050804151600F7F5
:10D0400002F305060221FE0C0BFE02FFF9DFF7DDFD
:10D0500003FB0AEEF7F309070C02F732FA02F7F8BE
:10D06000F5FE03ED0AF9F90CF705FD0608FE03D6F7
:10D07000FF031913FB07F1F2FDFB05240B17FEFF5D
:10D08000F6F1F5FDFBF410F903F8000F04E3EB07EC
:10D0900003FAF9EDFDFDF418F20104F4F60C12F6B2
:10D0A00001F402FBEB0BFDFAFB06F801000107128D
:10D0B000F0FC050002F50CF40BFDFA20C0ED05FCB8
:10D0C00000F1FCCB030807E8E9F3F905EFF7111CC1
:10D0D000EFB7FD0BC6FB08FB01E807F40510FED017
:10D0E000ECF9001002094BDDD4E1B60ED3EECF11FE
:10D0F00003F4F50CF50405D5F4F2F9EB0C1C05F678
:10D10000B4E6FA25F3F2D4FD07FAF8F501EAF4E102
:10D11000F9EFECFC070AF3EFC4F5133503D0FB0E6F
:10D12000F4F30904F6E9F2EBE9FB0BF9F5FC14F86A
:10D13000EDD8F003F3C71C0A04FC0AFDF60503ED65
:10D14000E91315E6F9141E0BF7D3BDFAF513F9022E
:10D15000FF03FBF604F90513030BFCDE01010314C6
:10D16000E7EDE9F1FBE8FB0306FFFFFBF9FD01FC3E
:10D170000908EFE2030EFAFAE8F90202E3320403C7
:10D1800010F402F3070EF8E3F90CFD06F308FE08AD
:10D19000F9EFD80AC5DF0BFAEE08FB1AFFFAFAD04E
:10D1A000F612F9EE0EFEFDEE2235DAF1F2E10BF8A1
:10D1B000030900F6FB00F901EBF302E905FDFE01AE
:10D1C0002FD6DBF0FBEBE3020AF4F6ECEF05F8EF09
:10D1D000F6EC08FB090712D025FFF2F907E5F6F691
:10D1E0000A0AFB20FD030B0311FAFDF0EEEEECE260
:10D1F0000536F9DBD4F8F6F8FE060304FAF002155A
:10D200002FFDFE080DFBE8DD2B3B2AE5DB0D0104BD
:10D2100008FC010EFDFD080AE903050CF0F902F90E
:10D22000FF0DF0E91C28FBF805F3F70BFEEAFE0BF7
:10D230000606FDEE07F90AE6041F353217EFEF0781
:10D24000F20AFCF1F11400F4FDFE22EE06F6F90EEE
:10D25000EDCA30F2EA070200F4050DDBFAFE02EA3D
:10D2600001E81D09110B0810F6E01608DEEBF105C8
:10D2700004FA0DF7F9DA00D8020A13FDF9020001E9
:10D28000C7E5F71EF7FAF3F90206FE04FDF0F5FA1A
:10D2900000030010140DEEF7CE0E2F17CAD01001A8
:10D2A00009FC0606F301FFE50107020409FE09F780
:10D2B000FD08DFFFEADBFC08FF16F81600EE1AD2C5
:10D2C000F8FEFDF9FC051DE2F4DBD2FFCCF10A0902
:10D2D0000BFF05FC00F106E70002EC0310FD08F26D
:10D2E000FEF8FC0419F409010E10F8EBF9FB060234
:10D2F0000CEEFD010E0109F62102D6E51CE5080041
:10D30000F903F9FD02E6F6F307F9020F1BFB032D03
:10D31000021FE0E5F424F6110F08F80E080700F6E6
:10D320001FF20B22FAFB030DF105DCE5EAF7030916
:10D33000F71B01080221FAFA0CFB050AFD13F5069A
:10D3400010F1EDF2142AF6F70C0804F5FC31F62082
:10D3500003030306F7EFDDE7F2E706060D241214D8
:10D3600004F9F3E00A4D0B0501F8FDEBF00011059F
:10D37000F2ECC9032527F4FF1109FAF5032C0DFA85
:10D38000F20B03EEEC0AF9FA00EAEEFBF705F507FB
:10D39000FB080316F9FC0DFD0205FBE60018ECEC9A
:10D3A0000CF62A0702F2F90102F5F6F8FFF6FCFB8B
:10D3B000FC00F004FC00F3DDE907F8F701EF060DCF
:10D3C00001080005F90BF6EAF30906002C0833C53D
:10D3D000F404D60A3FEE070C02080AEBF5EB18F945
:10D3E00004FEDDEC21F8F4C8D9D80FF928ED18FABD
:10D3F000FC05FB0FFDDA060E0FF301E60301000743
:10D4000013EFFBE124000704F3FF040B0311FBF807
:10D41000F5F507FE0A0B19071CE8E916FB270005BE
:10D42000FB0BFE01F9EC08F50205FCEBFD0108F928
:10D43000FBEBD903FBB80F0C04F9FDFCF5F601E298
:10D44000FC03FBEA180F33F20DDBD2F9FEC2FFFE3C
:10D4500002FB0F05072604EFF40507EE0B1D49310B
:10D4600002D8EB08EF15E4000B0302F3011603FDED
:10D4700008FEFB010C0BFDFFE6E6F60909E610F6D7
:10D48000FCF4F5020209FFF0F80210ECFF00F10BCA
:10D4900005E2E516F81B1305FDF5F407010EFFED97
:10D4A000E602F3E611F515FE2508EC0301EAFFFF9D
:10D4B000FBF804F3061704E9EEF9F1E41A051CF988
:10D4C0000CE7E5010B01FBF4FA0209F5FE0A0DF287
:10D4D000F6F0F10004FEF3F3E309E20C06FE130399
:10D4E000F90A0A0100F6E914FA0600F9FBF903E16A
:10D4F00016020B0400EDEFF7FBFF0A320B03F10DF0
:10D500000BFB01ED04FA010705152417F1F8FEF1F4
:10D51000FDF1FEFE020EEA03EEFCFE02FC0106F245
:10D520000AF1F5FDEEF4F8EFFE000502F5FE000A43
:10D53000F104FCF5000302F9EEFF1D1AF00803FDEB
:10D54000FDFCFFF0FC07FFFFFCFE05F4FB03F6FA11
:10D55000F9D2F709FFFD01FE07F004020D0001E317
:10D56000EA051402FE013A00EAF0EF11EC06F304BA
:10D5700008FBFE0D16F1FDE5F5F908F5220EF5F6AE
:10D58000DA030D3304F70709F2F70305FCECFBF1AE
:10D59000F405F4F00EF00AF7EBF9FF1C10F8FC07A5
:10D5A000F9020002070402FDF80602FCFF02FC017A
:10D5B000F3FA030AF404030106000106FF00FAFF70
:10D5C000FC07FE07F904FDFF05FE00FEFE04050052
:10D5D00000F307FAFF0009FDFFF5FA03FE0806FB5A
:10D5E000F7FDFD0800F108FDFEFCFB06F5FE070255
:10D5F000FDFAFDFBF90506F901FE00FCFF05FBF550
:10D600000104FEFFFC0200010706F3FDF902FC0124
:10D61000FC0202FA05F6FF060A05FBFEF6FD06050A
:10D62000FD00FC000103FE01FE03FE03FCF6FFFD0E
:10D63000FD07FBFCFBF601000201FCFC06FCFBF90C
:10D64000FA01FD040DFCFD01FDFFFC03FAFA00FAEE
:10D65000F9F7F7FF0B01F2FC000200FEFBF702FCFA
:10D66000FDF900020501FE0006F903FB0C05FE05AD
:10D6700001FFFBFB0701F80B01FDFBF9FD020604AE
:10D68000020301FCF903FFF7FFFDFAFFF9FF04F8BD
:10D69000FDFD00FE030105FF03FEFBFEFEFFF5F6A8
:10D6A000FBF9FBFEF5040A02F501FE0100FDFBFC9F
:10D6B000FD0404F802FB01FDFB0207F701F8010875
:10D6C0000802FDFE01FF0202FA04F900FF00FBF56B
:10D6D00001010101FF050002FBFA09FC050209FA3C
:10D6E0000402FA05F20107FAFE030006F4FFFDFA50
:10D6F000FAFD060703040004F701FC0000FD000A20
:10D70000FC00030500FDFE000100FE0401F7FD0022
:10D71000FFFBFFFEFB030A060BFA00FD10190DFAD2
:10D72000FEFBFFF00A06000002FF02FF02FAF1FE14
:10D730000AF2EE0AEE21F809011905DFF104FA13E5
:10D740000504FE08F6F8E60CDE0720FF3A450BFF5D
:10D75000F90F06FBFDFE000D06F7070EF3E5DB12E1
:10D76000F91402F204E326FE0305F7F5FCE00107D5
:10D77000F5FB0300EFEDDE1A0EFE0FFDE4E8EF010E
:10D780000402020001F70002FEEFF906FF000DE6B9
:10D790000A08EE07F517E10C0102FEEEFC02040C8C
:10D7A000120E03110AFB00F5DE0CFBEA012AF9FC5C
:10D7B0000E040121F60805121D14122EF4FB05F5C6
:10D7C0000406080CFC241305F8FDFEFD0ADE0DE539
:10D7D00016F906FBFF001F26FAFC1109EAE1F00327
:10D7E0000410ED180305050A0EFA00F117F7EDE431
:10D7F000F70A0D1004EEFB04FFEFFAFDFDEFFCF756
:10D80000F4F7ECF6F400FBF71AEEFDFA06F815044F
:10D81000FF050801FD03ED02FEF8010207FA11FD04
:10D8200005EC0A09090EF013FDF3FD0D080906EBDE
:10D83000F6F306ED08FB1BFE21FAEC2FE5F30109D8
:10D8400000F702ED010A07FA0EFB0DFCE4F6EF17F4
:10D85000EBD028F9C81202FBF3F0FFE0FD0705F852
:10D86000F7000503EAFD13E3DEECFBF9E400E4084E
:10D87000FAEDF609040DF5E0ECF9EAFDFE0C15E809
:10D88000B7DAD012C9E4E500F6010A18F6ECF8E4BC
:10D8900000F9EA000AF8F0F0BCF5DD21F80504050E
:10D8A000FB01FDF0010D00FD0A04F70AF8FBF0088A
:10D8B000FEF105FE240B07FDFF050AED04FF02162D
:10D8C0000EF1F9070CF0F70EFD0C1CF22330F503F6
:10D8D000FD0000F10003FE0F13FE03F606FCFC073B
:10D8E000021909010DF20813FB0907FAFFF5FB0203
:10D8F00007F6FFF3F903F611FAFB05F8FE00010342
:10D900001007F8F200FEFD020BFEF606FE07EDF131
:10D9100000020AF9E608FC04FC0507F902EDFDFD2A
:10D920001401070A0302FFFCFA0DF9F80A05060CB8
:10D930000E00EE03FB0303F6F9000B00FFF9060FE0
:10D9400000F4030BF01000F9F5F504F9080C0AEFE8
:10D9500009FF05F1F5F8FD2804F4E4E807F8EFFF06
:10D96000F703F50A03EDFE0404000C0B0AEAF2F0DB
:10D9700003060D06EEEC0001FDF00AFDFEE7000EC9
:10D980000A01E3F2F9F804181AF40501F40321017D
:10D9900008F303FDFCFFF51607FC09F803F90C1A60
:10D9A00004D7F0FF0E1AE804F8EFFD01FB1CFCF8A9
:10D9B00000F3F70209FD10F216F1FF10BF01F903A1
:10D9C000FAF8FCF004FB040513FFF915EEF703F574
:10D9D000F0D206FEB609FCFD0AFC06E60519F5ECD8
:10D9E000F1FE060FE6081CD5D4D7E60FE6FCE00AE8
:10D9F00000EDFD0E0106F3D401FFF0FBF7021CEB76
:10DA0000BAEBB5F9F3F4E4FDFDF7FE0004F0FAF229
:10DA1000FAFDF3F20C04F6EFD20BF41F1909070C10
:10DA200000000C00FFF4F7F405FAFFFD0600F10614
:10DA30000C15FEFF12FC02FF0301F600F8E7FCFDE7
:10DA4000F50801FC0FFF15F90E0109112D4CF80323
:10DA5000FAFD07FB0821F50FF3FC04F4020312089A
:10DA60000205F9030DF80402FC0A020A0410040876
:10DA7000FA1305E20B09070A15F70C010C1FEFFD5D
:10DA8000F706F6F2FE0D01F60F0A0109FB08FCFA93
:10DA900017040F0105DD04F503F204F904F0F4F9AD
:10DAA000FA010AF7FE0511F90AFD1701FC14FF0837
:10DAB00003FD070A000DFDE2FA0305000E030DF752
:10DAC000EFE714192010E6F700F005FC06F2F7DE88
:10DAD00009F207FCF307EF06F1F7F515F6F703F87F
:10DAE0000CFAFDFE0201F72303FE03FC0207F9EE28
:10DAF00000161D08F50702F803000C00F912F31BCD
:10DB00000901FE04000203E80AF3170BD8FCFD0725
:10DB1000FCEC01FDFCFEFB11ECF4FC0D080208F826
:10DB200005E3EB05F601FBF60205F8F7FF03010636
:10DB3000F2F7FFF40DFAFFE70DF41033BF010CF418
:10DB400001FA06EEFB090DF0F6F2070FED0118FFE2
:10DB5000F9BB0705D7F80905FEE606001010FACD57
:10DB6000E1F4011D01FF3BE1C2C8BF2AC5F3D30B9D
:10DB7000FFF7FA040304F7CA0F06F1EE1C0E02F4D5
:10DB8000BCDBDC0CD5F1F000EFF206FF01F4FEF196
:10DB9000F902F0E32D10F3EBBAFB0E34050600009A
:10DBA0000000000000000000000000000203000070
:10DBB000000000000000000000000000FCFA00006F
:10DBC00000000000000000000000000002F0000063
:10DBD00000000000000000000000000001DF000065
:10DBE000000000000000000000000000FD12000026
:10DBF000000000000000000000000000FF1700000F
:10DC0000000000000000000000000000040F000001
:10DC10000000000000000000000000000AF2000008
:10DC2000000000000000000000000000FEEF000007
:10DC300000000000000000000000000006030000DB
:10DC4000000000000000000000000000FA1E0000BC
:10DC500000000000000000000000000002120000B0
:10DC600000000000000000000000000008080000A4
:10DC700000000000000000000000000007FF00009E
:10DC8000000000000000000000000000FC10000088
:10DC9000000000000000000000000000071F00005E
:10DCA000000000000000000000000000043300003D
:10DCB000000000000000000000000000003700002D
:10DCC000000000000000000000000000FF25000030
:10DCD000000000000000000000000000FAED00005D
:10DCE000000000000000000000000000FD01000036
:10DCF000000000000000000000000000021A000008
:10DD00000000000000000000000000000B1B0000ED
:10DD10000000000000000000000000000E0A0000EB
:10DD20000000000000000000000000000001E90009
:10DD300000000000000000000000000000E7CD002F
:10DD400000000000000000000000000000E8E0000B
:10DD500000000000000000000000000000E9D60004
:10DD6000000000000000000000000000000BE600C2
:10DD700000000000000000000000000000FB100098
:10DD8000000000000000000000000000002B140054
:10DD900000000000000000000000000000290B004F
:10DDA00000000000000000000000000000380F002C
:10DDB00000000000000000000000000000FAFB006E
:10DDC000000000000000000000000000001BFE003A
:10DDD0000000000000000000000000000029150005
:10DDE00000000000000000000000000000201E00F5
:10DDF00000000000000000000000000000FE250000
:10DE000000000000000000000000000000D9FF003A
:10DE1000000000000000000000000000000F1A00D9
:10DE200000000000000000000000000000F6FB0001
:10DE30000000000000000000000000000006F200EA
:10DE400000000000000000000000000000FCF500E1
:10DE500000000000000000000000000000FEF900CB
:10DE600000000000000000000000000000D3CF0010
:10DE700000000000000000000000000000E6E400D8
:10DE80000000000000000000000000000012FD0083
:10DE900000000000000000000000000000FCFD0089
:10DEA00000000000000000000000000000EA010087
:10DEB000000000000000000000000000000005035A
:10DEC0000000000000000000000000000000090841
:10DED000000000000000000000000000000002F14F
:10DEE0000000000000000000000000000000D80159
:10DEF0000000000000000000000000000000EA1B1D
:10DF000000000000000000000000000000000DFC08
:10DF100000000000000000000000000000000E0AE9
:10DF20000000000000000000000000000000FDEB09
:10DF30000000000000000000000000000000EA0BEC
:10DF40000000000000000000000000000000E525C7
:10DF5000000000000000000000000000000007F6C4
:10DF60000000000000000000000000000000F906B2
:10DF7000000000000000000000000000000006E6B5
:10DF80000000000000000000000000000000ED1193
:10DF90000000000000000000000000000000E13070
:10DFA00000000000000000000000000000003FF939
:10DFB0000000000000000000000000000000240C31
:10DFC000000000000000000000000000000016013A
:10DFD0000000000000000000000000000000FAFF48
:10DFE0000000000000000000000000000000EF142E
:10DFF00000000000000000000000000000004B02D4
:10E00000000000000000000000000000000027EEFB
:10E0100000000000000000000000000000000FF8F9
:10E02000000000000000000000000000000006F8F2
:10E030000000000000000000000000000000F606E4
:10E04000000000000000000000000000000000E4EC
:10E0500005000000000000000000000000000000BB
:10E06000EC0000000000000000000000000000EBD9
:10E07000FE0000000000000000000000000000F5AD
:10E08000ED0000000000000000000000000000FDA6
:10E09000F50000000000000000000000000000ED9E
:10E0A000E700000000000000000000000000002267
:10E0B000190000000000000000000000000000FB4C
:10E0C000FB0000000000000000000000000000F164
:10E0D000E80000000000000000000000000000FA5E
:10E0E000E500000000000000000000000000000C3F
:10E0F000F600000000000000000000000000001218
:10E100000400000000000000000000000000000FFC
:10E11000080000000000000000000000000000FCFB
:10E12000EA0000000000000000000000000000FF06
:10E130000000000000000000000000000000000DD2
:10E1400016000000000000000000000000000007B2
:10E1500007000000000000000000000000000012A6
:10E160000B0000000000000000000000000000F1B3
:10E17000F2000000000000000000000000000008A5
:10E18000030000000000000000000000000000127A
:10E190000F00000000000000000000000000000C64
:10E1A0000600000000000000000000000000002742
:10E1B0001F0000000000000000000000000000F64A
:10E1C000FF0000000000000000000000000000ED63
:10E1D000ED00000000000000000000000000000052
:10E1E000F2F300000000000000000000000000004A
:10E1F000F30200000000000000000000000000002A
:10E200000601000000000000000000000000000007
:10E210000BFA0000000000000000000000000000F9
:10E2200006020000000000000000000000000000E6
:10E23000F0020000000000000000000000000000EC
:10E24000EEF70000000000000000000000000000E9
:10E25000FAFC0000000000000000000000000000C8
:10E260001EFA000000000000000000000000000096
:10E270000604000000000000000000000000000094
:10E28000F9FF000000000000000000000000000096
:10E29000EEEE0000000000000000000000000000A2
:10E2A000F00100000000000000000000000000007D
:10E2B000230B000000000000000000000000000030
:10E2C00009FB00000000000000000000000000004A
:10E2D000EF0000000000000000000000000000004F
:10E2E000010200000000000000000000000000002B
:10E2F00004F3000000000000000000000000000027
:10E30000F80600000000000000000000000000000F
:10E3100008140000000000000000000000000000E1
:10E3200002FE0000000000000000000000000000ED
:10E330000EFA0000000000000000000000000000D5
:10E34000F5F90000000000000000000000000000DF
:10E35000FD070000000000000000000000000000B9
:10E36000FC0A0000000000000000000000000000A7
:10E3700000FE0B0000000000000000000000000094
:10E38000001A030000000000000000000000000070
:10E39000002609000000000000000000000000004E
:10E3A000001F04000000000000000000000000004A
:10E3B000001DEF0000000000000000000000000051
:10E3C000000D02000000000000000000000000003E
:10E3D0000017040000000000000000000000000022
:10E3E0000030F2000000000000000000000000000B
:10E3F000001CF3000000000000000000000000000E
:10E400000022FE00000000000000000000000000EC
:10E4100000040400000000000000000000000000F4
:10E420000025F800000000000000000000000000CF
:10E430000032F300000000000000000000000000B7
:10E440000022FC00000000000000000000000000AE
:10E450000025ED00000000000000000000000000AA
:10E46000002F01000000000000000000000000007C
:10E47000001EFA0000000000000000000000000084
:10E480000024030000000000000000000000000065
:10E490000029FC0000000000000000000000000057
:10E4A0000009F30000000000000000000000000070
:10E4B000001BFD0000000000000000000000000044
:10E4C0000038020000000000000000000000000012
:10E4D000002A000000000000000000000000000012
:10E4E0000004F50000000000000000000000000033
:10E4F0000001050000000000000000000000000016
:10E500000000FDF40000000000000000000000001A
:10E510000000F7F50000000000000000000000000F
:10E520000000F0F500000000000000000000000006
:10E530000000F4F2000000000000000000000000F5
:10E540000000FAF6000000000000000000000000DB
:10E550000000F4F1000000000000000000000000D6
:10E56000000003EE000000000000000000000000BA
:10E570000000FF0600000000000000000000000096
:10E580000000FFFF0000000000000000000000008D
:10E59000000001FD0000000000000000000000007D
:10E5A000000002F500000000000000000000000074
:10E5B0000000FE020000000000000000000000005B
:10E5C00000000EF800000000000000000000000045
:10E5D000000002F200000000000000000000000047
:10E5E0000000FBED00000000000000000000000043
:10E5F0000000FBF60000000000000000000000002A
:10E6000000000CFF000000000000000000000000FF
:10E6100000001108000000000000000000000000E1
:10E620000000FEFB000000000000000000000000F1
:10E630000000FE10000000000000000000000000CC
:10E640000000F7E9000000000000000000000000EA
:10E650000000180E00000000000000000000000094
:10E660000000090A00000000000000000000000097
:10E670000000FB000000000000000000000000009F
:10E68000000007F90000000000000000000000008A
:10E6900000000008FA000000000000000000000078
:10E6A0000000000E09000000000000000000000053
:10E6B000000000F91B000000000000000000000046
:10E6C000000000FE1000000000000000000000003C
:10E6D000000000CAE7000000000000000000000089
:10E6E00000000005F2000000000000000000000033
:10E6F00000000023FC0000000000000000000000FB
:10E700000000001F0F0000000000000000000000DB
:10E71000000000142C0000000000000000000000B9
:10E72000000000D30C00000000000000000000000A
:10E73000000000DEED00000000000000000000000E
:10E74000000000FCF50000000000000000000000D8
:10E750000000000F030000000000000000000000A7
:10E76000000000F224000000000000000000000093
:10E77000000000D4170000000000000000000000AE
:10E78000000000EAF20000000000000000000000AD
:10E79000000000D1D30000000000000000000000D5
:10E7A000000000FAF8000000000000000000000077
:10E7B000000000F621000000000000000000000042
:10E7C000000000DD05000000000000000000000067
:10E7D000000000F600000000000000000000000043
:10E7E000000000C8E0000000000000000000000081
:10E7F00000000000D5000000000000000000000044
:10E80000000000F60800000000000000000000000A
:10E81000000000EA0C000000000000000000000002
:10E8200000000000FAF600000000000000000000F8
:10E8300000000000000500000000000000000000D3
:10E8400000000000FAFD00000000000000000000D1
:10E8500000000000080E00000000000000000000A2
:10E8600000000000F90000000000000000000000AF
:10E870000000000001010000000000000000000096
:10E8800000000000FBE900000000000000000000A4
:10E8900000000000FFF60000000000000000000083
:10E8A00000000000000D000000000000000000005B
:10E8B000000000000308000000000000000000004D
:10E8C00000000000F9F90000000000000000000056
:10E8D00000000000F802000000000000000000003E
:10E8E00000000000F1FC000000000000000000003B
:10E8F00000000000091400000000000000000000FB
:10E900000000000001050000000000000000000001
:10E9100000000000FCFD00000000000000000000FE
:10E9200000000000F8F600000000000000000000F9
:10E9300000000000F1F300000000000000000000F3
:10E940000000000006F600000000000000000000CB
:10E9500000000000F8F700000000000000000000C8
:10E9600000000000FF0800000000000000000000A0
:10E9700000000000F2F400000000000000000000B1
:10E98000000000000D030000000000000000000077
:10E9900000000000F1FA000000000000000000008C
:10E9A00000000000F0FB000000000000000000007C
:10E9B0000000000000F4FE00000000000000000065
:10E9C0000000000000F80800000000000000000047
:10E9D0000000000000F40D00000000000000000036
:10E9E0000000000000170700000000000000000009
:10E9F00000000000000EFA0000000000000000000F
:10EA00000000000000F915000000000000000000F8
:10EA10000000000000C10300000000000000000032
:10EA2000000000000009EF000000000000000000EE
:10EA300000000000004FE2000000000000000000A5
:10EA4000000000000047E30000000000000000009C
:10EA50000000000000E80D000000000000000000C1
:10EA600000000000000AE9000000000000000000B3
:10EA7000000000000039DB00000000000000000082
:10EA800000000000004AC800000000000000000074
:10EA900000000000001ADE0000000000000000007E
:10EAA000000000000002060000000000000000005E
:10EAB000000000000013E70000000000000000005C
:10EAC000000000000025EA00000000000000000037
:10EAD000000000000003EE00000000000000000045
:10EAE0000000000000BCF400000000000000000076
:10EAF000000000000006EF00000000000000000021
:10EB0000000000000001ED00000000000000000017
:10EB10000000000000EF0B000000000000000000FB
:10EB20000000000000DC15000000000000000000F4
:10EB30000000000000DC07000000000000000000F2
:10EB4000000000000000F9040000000000000000C8
:10EB5000000000000000F0030000000000000000C2
:10EB600000000000000002030000000000000000A0
:10EB7000000000000000121C000000000000000067
:10EB80000000000000002D1900000000000000003F
:10EB9000000000000000FDF8000000000000000080
:10EBA000000000000000FF12000000000000000054
:10EBB0000000000000000AF3000000000000000058
:10EBC000000000000000021600000000000000002D
:10EBD0000000000000001F1E0000000000000000F8
:10EBE000000000000000EFFB00000000000000003B
:10EBF000000000000000F00E000000000000000017
:10EC00000000000000000E0D0000000000000000E9
:10EC1000000000000000231E0000000000000000B3
:10EC20000000000000001A190000000000000000B1
:10EC3000000000000000FBFE0000000000000000DB
:10EC4000000000000000020B0000000000000000B7
:10EC5000000000000000FD22000000000000000095
:10EC6000000000000000FA0E00000000000000009C
:10EC7000000000000000FF00000000000000000095
:10EC80000000000000000C0E00000000000000006A
:10EC90000000000000000112000000000000000061
:10ECA000000000000000F915000000000000000056
:10ECB000000000000000F80100000000000000005B
:10ECC000000000000000FB03000000000000000046
:10ECD0000000000000000009FA0000000000000031
:10ECE000000000000000000006000000000000001E
:10ECF00000000000000000071600000000000000F7
:10ED00000000000000000013F700000000000000F9
:10ED1000000000000000000EE900000000000000FC
:10ED200000000000000000F40D00000000000000E2
:10ED300000000000000000080200000000000000C9
:10ED40000000000000000009E500000000000000D5
:10ED500000000000000000F6E400000000000000D9
:10ED600000000000000000F8E700000000000000C4
:10ED70000000000000000007E000000000000000AC
:10ED80000000000000000007DB00000000000000A1
:10ED9000000000000000000005000000000000006E
:10EDA00000000000000000F12F0000000000000043
:10EDB00000000000000000F7250000000000000037
:10EDC000000000000000000A120000000000000027
:10EDD00000000000000000EA3A000000000000000F
:10EDE00000000000000000F44400000000000000EB
:10EDF00000000000000000E6290000000000000004
:10EE000000000000000000EBE9000000000000002E
:10EE100000000000000000F30600000000000000F9
:10EE200000000000000000F8EA0000000000000000
:10EE300000000000000000FECC0000000000000008
:10EE400000000000000000EFD10000000000000002
:10EE500000000000000000E3DA00000000000000F5
:10EE6000000000000000000001ED000000000000B4
:10EE70000000000000000000FB180000000000007F
:10EE80000000000000000000EA0000000000000098
:10EE9000000000000000000001D50000000000009C
:10EEA000000000000000000018CF0000000000007B
:10EEB0000000000000000000FCE600000000000070
:10EEC000000000000000000013FD00000000000032
:10EED00000000000000000000C3D000000000000E9
:10EEE0000000000000000000DE54000000000000F0
:10EEF0000000000000000000DF34000000000000FF
:10EF00000000000000000000EF070000000000000B
:10EF100000000000000000001FEA000000000000E8
:10EF2000000000000000000033C0000000000000EE
:10EF3000000000000000000034F0000000000000AD
:10EF400000000000000000001F1D00000000000085
:10EF50000000000000000000E819000000000000B0
:10EF60000000000000000000D416000000000000B7
:10EF70000000000000000000DEFC000000000000B7
:10EF8000000000000000000002F700000000000088
:10EF9000000000000000000005F800000000000074
:10EFA000000000000000000015FF0000000000004D
:10EFB0000000000000000000F3FB00000000000063
:10EFC0000000000000000000F80400000000000045
:10EFD0000000000000000000F2E10000000000005E
:10EFE0000000000000000000F8EE0000000000003B
:10EFF000000000000000000000FCFB00000000001A
:10F0000000000000000000000003060000000000F7
:10F01000000000000000000000E602000000000008
:10F02000000000000000000000F5030000000000E8
:10F03000000000000000000000FFFD0000000000D4
:10F04000000000000000000000F1FA0000000000D5
:10F05000000000000000000000F1FA0000000000C5
:10F06000000000000000000000E8000000000000B8
:10F07000000000000000000000F8EE0000000000AA
:10F0800000000000000000000015F4000000000077
:10F09000000000000000000000F2F7000000000087
:10F0A00000000000000000000005ED00000000006E
:10F0B0000000000000000000000DEF000000000054
:10F0C000000000000000000000000200000000003E
:10F0D0000000000000000000000F0400000000001D
:10F0E000000000000000000000F7EF00000000003A
:10F0F000000000000000000000EEF9000000000029
:10F1000000000000000000000001F100000000000D
:10F11000000000000000000000F6040000000000F5
:10F1200000000000000000000014120000000000B9
:10F1300000000000000000000041F000000000009E
:10F140000000000000000000001C1A000000000089
:10F150000000000000000000001B04000000000090
:10F160000000000000000000001FFF000000000081
:10F170000000000000000000000912000000000074
:10F180000000000000000000000029F00000000066
:10F19000000000000000000000003013000000002C
:10F1A00000000000000000000000240F000000002C
:10F1B00000000000000000000000260B000000001E
:10F1C000000000000000000000000B06000000002E
:10F1D0000000000000000000000028FD000000000A
:10F1E000000000000000000000001F0300000000FD
:10F1F000000000000000000000000F1D00000000E3
:10F2000000000000000000000000001800000000E6
:10F2100000000000000000000000FD0C00000000E5
:10F2200000000000000000000000040400000000D6
:10F230000000000000000000000008FC00000000CA
:10F2400000000000000000000000090C00000000A9
:10F25000000000000000000000000A15000000008F
:10F26000000000000000000000000D180000000079
:10F2700000000000000000000000F410000000008A
:10F2800000000000000000000000EDEC00000000A5
:10F2900000000000000000000000FDEB0000000086
:10F2A00000000000000000000000F1F50000000078
:10F2B00000000000000000000000FAF5000000005F
:10F2C000000000000000000000000000000000003E
:10F2D00000000000000000000000F6F50000000043
:10F2E00000000000000000000000F4F50000000035
:10F2F00000000000000000000000F7EF0000000028
:10F3000000000000000000000000F4EC010B07E723
:10F31000000000000000000000000000062D15DDC8
:10F32000000000000000000000000000053A0FEBA4
:10F330000000000000000000000000000A3221F37D
:10F34000000000000000000000000000031719EC9E
:10F35000000000000000000000000000FDFFFDE6CE
:10F36000000000000000000000000000000F1EDD93
:10F37000000000000000000000000000071233EA57
:10F38000000000000000000000000000FE041AF36E
:10F3900000000000000000000000000009FF23E65C
:10F3A00000000000000000000000000000FCEDF183
:10F3B000000000000000000000000000FFFFE1F47A
:10F3C00000000000000000000000000002F5EFF760
:10F3D000000000000000000000000000FF03150016
:10F3E00000000000000000000000000006FC1BF50B
:10F3F000000000000000000000000000FEF719F708
:10F40000000000000000000000000000F4ECEEFC32
:10F41000000000000000000000000000F8EFEF070F
:10F42000000000000000000000000000F5EBF019F3
:10F43000000000000000000000000000F6ED1317BF
:10F4400000000000000000000000000004FE0EFCB0
:10F4500000000000000000000000000010FEF6EFB9
:10F46000000000000000000000000000060601F49B
:10F4700000000000000000000000000001F2E8FFB2
:10F4800000000000000000000000000008ECE60F93
:10F490000000000000000000000000000000E40286
:10F4A000F0E3000000000000000000000000E6F8AB
:10F4B000EAE7000000000000000000000000E7197B
:10F4C00002E8000000000000000000000000C8FF8B
:10F4D00002E0000000000000000000000000E20365
:10F4E000F3EB000000000000000000000000E9163F
:10F4F000FFDC000000000000000000000000F60F2C
:10F5000008EB000000000000000000000000E91609
:10F5100003E2000000000000000000000000BBFA51
:10F52000E4E8000000000000000000000000EB0D17
:10F53000FCE5000000000000000000000000F92AC7
:10F5400018ED000000000000000000000000F31BA8
:10F5500018E1000000000000000000000000D2F9E7
:10F56000F5D9000000000000000000000000E602E5
:10F57000EAEA000000000000000000000000060EA3
:10F580000CFA000000000000000000000000EE285F
:10F590001CE3000000000000000000000000EF215C
:10F5A00016DC000000000000000000000000FAE887
:10F5B000F7EF0000000000000000000000002A013A
:10F5C000EEFA00000000000000000000000022F43D
:10F5D000F402000000000000000000000000DF1145
:10F5E0001CF6000000000000000000000000ED1606
:10F5F00019040000000000000000000000000AFCE8
:10F6000008030000000000000000000000001EF0E1
:10F61000F8FE00000000000000000000000019FBE0
:10F62000FEFA0000000000000000000000000000E2
:10F63000FBEC00F5000000000000000000000000EE
:10F64000FA2EF0E3000000000000000000000000BF
:10F65000DD1B051400000000000000000000000099
:10F660002BF2143800000000000000000000000031
:10F6700001F5EC07000000000000000000000000A1
:10F6800001F11F3500000000000000000000000034
:10F690001FEDF0140000000000000000000000005A
:10F6A000F1E918C5000000000000000000000000A3
:10F6B0001EDD1A0300000000000000000000000032
:10F6C000F0E8080200000000000000000000000058
:10F6D0001DEE5913000000000000000000000000B3
:10F6E00029DA0D0C000000000000000000000000FE
:10F6F000E8DF18D600000000000000000000000055
:10F7000018D333F0000000000000000000000000EB
:10F71000F8D22FE40000000000000000000000000C
:10F7200018F2320A00000000000000000000000093
:10F730003CE520F500000000000000000000000093
:10F74000F1DEEBF10000000000000000000000000E
:10F7500003E72AE5000000000000000000000000B0
:10F7600005FDF8E4000000000000000000000000BB
:10F77000F8F420FC00000000000000000000000081
:10F780001CE9FAF00000000000000000000000008A
:10F79000EFF6F7000000000000000000000000008D
:10F7A00001F522D800000000000000000000000069
:10F7B000F4EA0BF40000000000000000000000006C
:10F7C0000000FA0F06EA0000000000000000000040
:10F7D0000000EBF7EBE90000000000000000000073
:10F7E0000000FAE4DEF1000000000000000000006C
:10F7F0000000F8F9F9CE0000000000000000000051
:10F80000000007FB0FFF00000000000000000000E8
:10F810000000011732E300000000000000000000BB
:10F820000000F4F310F800000000000000000000E9
:10F83000000018E0D1E0000000000000000000001F
:10F8400000001B23CACF00000000000000000000E1
:10F85000000028F114030000000000000000000078
:10F86000000020082C2E0000000000000000000016
:10F87000000004D323270000000000000000000067
:10F88000000024F9F4C400000000000000000000A3
:10F89000000031FAC7FC000000000000000000007A
:10F8A000000046EE251A00000000000000000000E5
:10F8B00000001BF90223000000000000000000000F
:10F8C0000000FCFE0B210000000000000000000012
:10F8D000000014FDD2AA000000000000000000009B
:10F8E00000002CF7D5200000000000000000000000
:10F8F00000001FDC2C0700000000000000000000DA
:10F900000000081BF50B00000000000000000000D4
:10F910000000101A02D600000000000000000000E5
:10F92000000000F5E2DF0000000000000000000021
:10F93000000020CFFF1600000000000000000000C3
:10F94000000004E2150800000000000000000000B4
:10F9500000000000E6CE12190000000000000000C8
:10F9600000000000C8D10BF50000000000000000FE
:10F9700000000000CCE805F90000000000000000D5
:10F9800000000000EA0801F3000000000000000091
:10F99000000000001D1705FD000000000000000031
:10F9A00000000000F9CCFD1F000000000000000076
:10F9B00000000000E9CF071A00000000000000006E
:10F9C00000000000D4C2261B000000000000000060
:10F9D00000000000C6E13308000000000000000045
:10F9E00000000000DE0637160000000000000000E6
:10F9F0000000000003FE0C140000000000000000E6
:10FA00000000000008C10913000000000000000011
:10FA100000000000FFA6FD0B000000000000000039
:10FA200000000000DFC50B2B0000000000000000FC
:10FA300000000000CBE914190000000000000000E5
:10FA4000000000000B151D1F00000000000000005A
:10FA50000000000013071119000000000000000062
:10FA6000000000002526FF1000000000000000003C
:10FA7000000000001926031C000000000000000028
:10FA80000000000003EEFC15000000000000000074
:10FA9000000000002A22ED1300000000000000001A
:10FAA000000000002643F2130000000000000000E8
:10FAB000000000002D32F8020000000000000000ED
:10FAC000000000001B21221C0000000000000000BC
:10FAD0000000000011EC180A000000000000000007
:10FAE0000000000000000C1DF521000000000000D7
:10FAF0000000000000001217F821000000000000C4
:10FB0000000000000000001AF81F000000000000C4
:10FB1000000000000000F212EE0F000000000000E4
:10FB2000000000000000FF0AEF02000000000000DB
:10FB3000000000000000040FE900000000000000C9
:10FB40000000000000001835FB200000000000004D
:10FB50000000000000000E14E21D00000000000084
:10FB6000000000000000021CE70B00000000000085
:10FB70000000000000000107F2EA000000000000A1
:10FB8000000000000000F50EE2EB000000000000A5
:10FB9000000000000000F812F40B0000000000005C
:10FBA000000000000000F012CD1300000000000073
:10FBB000000000000000EF1CE50100000000000054
:10FBC000000000000000FA06E8ED00000000000060
:10FBD000000000000000EE0E041000000000000015
:10FBE000000000000000F6F715EC00000000000027
:10FBF000000000000000EEF8160A000000000000FF
:10FC0000000000000000E9FD07EE00000000000019
:10FC1000000000000000F1F5F2E10000000000002B
:10FC200000000000000010F83CF0000000000000A0
:10FC3000000000000000FEDA2FF1000000000000CC
:10FC400000000000000009F00C04000000000000AB
:10FC500000000000000000FDFFFC000000000000AC
:10FC6000000000000000FCFD1AFB00000000000086
:10FC70000000000000000000F1F2FFF300000000AF
:10FC80000000000000000000F7F4E20000000000A7
:10FC90000000000000000000F6ECE4F600000000A8
:10FCA0000000000000000000FECBE7F500000000AF
:10FCB000000000000000000008D4FAEE0000000080
:10FCC00000000000000000000AE9EDF9000000005B
:10FCD0000000000000000000F61406F10000000023
:10FCE0000000000000000000E613F4F00000000037
:10FCF0000000000000000000E817F4E7000000002A
:10FD00000000000000000000EE0D03ED0000000008
:10FD100000000000000000000AE50CF700000000F1
:10FD200000000000000000000E2B24060000000070
:10FD30000000000000000000FE492CFF0000000051
:10FD400000000000000000000A4C11080000000044
:10FD50000000000000000000EB13EEF200000000C5
:10FD6000000000000000000007E80BFD000000009C
:10FD7000000000000000000016CC1B020000000084
:10FD8000000000000000000015E22DFF0000000050
:10FD9000000000000000000016103E1600000000E9
:10FDA0000000000000000000F42001070000000037
:10FDB0000000000000000000EE0DF804000000004C
:10FDC0000000000000000000F90306FD0000000034
:10FDD0000000000000000000EEDE14F5000000004E
:10FDE000000000000000000003B411F40000000057
:10FDF0000000000000000000F4E50AFDFF110B0503
:10FE00000DF7FD010308FDF4FA0FFAFBFF080302EA
:10FE1000F5041806FEEFEE0FFB17FB0A04030913A7
:10FE2000080D1308FF08F5F0ED0002110913FFFF9C
:10FE30000BFC0A0BF61DF8FFEDF3F0070A3A22025D
:10FE40000313130F0B10FDEC1C0904FC07090BF541
:10FE5000FC1000F00FF505FB20FF03E708FFFE0490
:10FE6000FD0BFDFC07F70B100F0F14F61112EA1033
:10FE70000A0009070C090703062408090B330616B4
:10FE800013F216FA021F06EC1C100F1407351E039E
:10FE900004F409F21114FCF42AF20CFC07F305D85F
:10FEA000E010D7FEFCE3180116F912F7080817E472
:10FEB000E31CE3E901EC1BFF132E1B000D0C31E7E3
:10FEC000E70FE3EEF70315F514041008102717E009
:10FED000F600D4FDF20EFBEB0CE7FCFFFC240DE872
:10FEE000F4F3F4F6F30AF2DB0FC3FCF3010F14CCC6
:10FEF000E121D3E3F5D721FBEF132000061B21E01E
:10FF0000E31EE2EDEDDF1D130F1D1910052836D895
:10FF1000E504EB00DFD80FFE1203050C033249D6CF
:10FF2000E226EFFDD9EBFEDE02D9F0FD06232BE73A
:10FF3000E60FF700EAEEECDFF5DDE3F5FA271EE069
:10FF4000DF0BF4EFF5FB0C0114F3FE09FF0C1B04AF
:10FF5000FA0C06FAEFF6FD06E205FB090709190A95
:10FF6000FD07FFEEDCF3F1FCE60EEE030A0B1803CF
:10FF7000F60203E7EB04F8F100F5FB01011F420470
:10FF8000F704FFEBFD06FEF72122FBEF0014002132
:10FF900017EA1AF74D24F4EE1309FA1A06F2FA10CA
:10FFA000FFF109D71B10FFEB06F606F9F8E3010A8B
:10FFB000FCF202EB0606FEFFF3EA000AFCFAF7F891
:10FFC000F9F207F8FCDEF901EEFF02FFFB08020878
:10FFD00003F908F9EDF8F80AECFAFF050FF4FA1442
:10FFE00004EB03F83A2CF90D1406FE1EFDF7E908A0
:10FFF000F30105E9030D05F609FEFEF1FCFEEA0D2D
:02000004800278
:10000000FCFF0706F3E2FCFD00E8FB00FF04EAFB4F
:1000100005F1030CE901FDEAEEE3FCF6F910FC0240
:1000200000F00F00FC06EEFAFEDDF5F701F6EB102E
:1000300004E301F71D19F7F709E8F715F101E302E9
:10004000F2F702F3F2E5F1F5E6E2EDEBFB09000869
:1000500004FE0B0FE6F2F4F7E7DDF6F9051C1DFAD6
:10006000FAFD0201F80EEFF3F3F1F5F706111802AD
:1000700009F80A03FA18EF0003EAF4FB04F7DB06B9
:10008000FBF9F8F2FEFFF3F8F4E9F810F60DE804D6
:10009000F1F20AFFE2D7ECF1DCE7F4FEFD0C0D0A09
:1000A00006FB0802EB14F0EFF2E9F1F3FF03120490
:1000B000020504FF030BEFEFFDEFEE020607050854
:1000C000080A0B110E15F7FA05F9FDF60004E20017
:1000D000F6EC08EDF3E2EFFCD6F8EB07FA06F11DBB
:1000E00000FE16FCEDECF200E0FDF7FDF90906124A
:1000F00011FB02F8FA09FAF5F3F6F4F9FEFCF8033D
:10010000FF08010F090404F0FA09FCFA02070311C1
:100110000F0D06060F06FEFA050EFFF82573206F79
:100120007574206F6620626F756E647320256C7520
:10013000203E20256C750A00556E6B6E6F776E2021
:1001400050474D2066696C6520666F726D61740062
:1001500050474D20696D6167652073697A65206439
:100160006F6573206E6F74206D61746368206172B7
:100170007261792073697A650000000066726561BA
:10018000642829206E756D626572206F6620726525
:100190006164206F626A656374732028256C752919
:1001A00020646966666572656E74207468616E208D
:1001B00065787065637465642028257529205B6403
:1001C0006174615D0A00000066726561642829201F
:1001D0006E756D626572206F662072656164206F56
:1001E000626A656374732028256C752920646966CA
:1001F000666572656E74207468616E2065787065DE
:10020000637465642028257529205B6F757470758B
:1002100074546172676574735D0A0000454F46202F
:100220006E6F7420726561636865642C2046696C2A
:1002300065206572726F7220212100007265616411
:100240005F6D6E6973745F696E7075740000000095
:10025000000102020303030304040404040404046D
:10026000050505050505050505050505050505053E
:10027000060606060606060606060606060606061E
:10028000060606060606060606060606060606060E
:1002900007070707070707070707070707070707EE
:1002A00007070707070707070707070707070707DE
:1002B00007070707070707070707070707070707CE
:1002C00007070707070707070707070707070707BE
:1002D000080808080808080808080808080808089E
:1002E000080808080808080808080808080808088E
:1002F000080808080808080808080808080808087E
:10030000080808080808080808080808080808086D
:10031000080808080808080808080808080808085D
:10032000080808080808080808080808080808084D
:10033000080808080808080808080808080808083D
:10034000080808080808080808080808080808082D
:10035000494E4600696E66004E414E006E616E0069
:1003600030313233343536373839414243444546EB
:1003700000000000303132333435363738396162AD
:100380006364656600000000286E756C6C290000CF
:1003900030000000884C0080C4460080C4460080C5
:1003A0007C4C0080C4460080C4460080C446008067
:1003B000C4460080C4460080C4460080804B008054
:1003C0006C4C0080C4460080984B0080A44B008099
:1003D000C44600802C4C00809046008090460080EF
:1003E00090460080904600809046008090460080B5
:1003F000904600809046008090460080C446008071
:10040000C4460080C4460080C4460080C4460080C4
:10041000C4460080C4460080C4460080C4460080B4
:10042000C4460080004C0080EC490080C446008037
:10043000EC490080C4460080C4460080C446008069
:10044000C4460080A04C0080C4460080C4460080A2
:10045000844D0080C4460080C4460080C4460080AD
:10046000C4460080C4460080AC4C0080C446008076
:10047000C446008098580080C4460080C44600806E
:10048000C4460080C4460080C4460080C446008044
:10049000C4460080C4460080C4460080C446008034
:1004A000444C0080DC4A0080EC490080EC4900802C
:1004B000EC490080384C0080DC4A0080C446008053
:1004C000C44600809C480080C4460080A04E008046
:1004D000704E0080384E00809C480080C4460080EA
:1004E000D04D0080C4460080A04D0080C4460080EE
:1004F000C4460080F05800802020202020202020AA
:10050000202020202020202030303030303030306B
:100510003030303030303030306C008090680080C7
:1005200090680080246C0080906800809068008053
:1005300090680080906800809068008090680080DB
:10054000846B0080146C008090680080946B008045
:10055000A06B008090680080086C00805C68008060
:100560005C6800805C6800805C6800805C6800807B
:100570005C6800805C6800805C6800805C6800806B
:10058000906800809068008090680080906800808B
:10059000906800809068008090680080906800807B
:1005A0009068008090680080F46B00809068008004
:1005B000906800809068008090680080906800805B
:1005C000906800809068008090680080906800804B
:1005D00090680080B46C0080906800809068008013
:1005E000906800809068008090680080686C00804F
:1005F00090680080906800804C7300809068008054
:10060000906800809068008090680080906800800A
:1006100090680080906800809068008090680080FA
:1006200090680080486C0080E06A008090680080DC
:1006300090680080906800807C6D0080E06A008097
:100640009068008090680080E86900809068008071
:10065000446D00801C6D0080106E0080E869008091
:1006600090680080B06D008090680080886D008088
:100670009068008090680080A07300802020202077
:10068000202020202020202020202020303030302A
:1006900030303030303030303030303043000000D7
:1006A000504F5349580000002E000000496E666903
:1006B0006E697479000000004E614E0042616C6CFE
:1006C0006F63207375636365656465640000000093
:1006D0002E2E2F2E2E2F2E2E2F2E2E2F2E2E2F2E35
:1006E0002E2F7372632F6E65776C69622F6E65773C
:1006F0006C69622F6C6962632F7374646C69622F1A
:1007000064746F612E6300002E2E2F2E2E2F2E2E3E
:100710002F2E2E2F2E2E2F2E2E2F7372632F6E65BF
:10072000776C69622F6E65776C69622F6C696263A2
:100730002F7374646C69622F6D707265632E630031
:1007400005000000190000007D000000000000000E
:10075000000000000000F03F000000000000244006
:1007600000000000000059400000000000408F40E1
:10077000000000000088C34000000000006AF8404C
:100780000000000080842E4100000000D012634170
:100790000000000084D797410000000065CDCD41E6
:1007A000000000205FA00242000000E876483742C7
:1007B000000000A2941A6D42000040E59C30A24265
:1007C0000000901EC4BCD64200003426F56B0C43DA
:1007D0000080E03779C3414300A0D8855734764381
:1007E00000C84E676DC1AB43003D9160E458E143E2
:1007F000408CB5781DAF154450EFE2D6E41A4B4457
:1008000092D54D06CFF08044F64AE1C7022DB5449B
:10081000B49DD9794378EA44BC89D897B2D29C3C3C
:1008200033A7A8D523F649393DA7F444FD0FA532D7
:100830009D978CCF08BA5B25436FAC642806C80A25
:100840000080E03779C34143176E05B5B5B89346CC
:10085000F5F93FE9034F384D321D30F94877825A98
:100860003CBF737FDD4F1575002020202020202005
:100870002020282828282820202020202020202050
:100880002020202020202020208810101010101060
:1008900010101010101010101004040404040404AC
:1008A0000404041010101010101041414141414146
:1008B0000101010101010101010101010101010128
:1008C0000101010110101010101042424242424238
:1008D00002020202020202020202020202020202F8
:1008E00002020202101010102000000000000000A0
:1008F00000000000000000000000000000000000F8
:1009000000000000000000000000000000000000E7
:1009100000000000000000000000000000000000D7
:1009200000000000000000000000000000000000C7
:1009300000000000000000000000000000000000B7
:1009400000000000000000000000000000000000A7
:100950000000000000000000000000000000000097
:100960000000000000000000000000002C20667560
:100970006E6374696F6E3A200000000061737365E6
:100980007274696F6E2022257322206661696C651E
:10099000643A2066696C6520222573222C206C69DC
:1009A0006E65202564257325730A000014D000802D
:1009B000C0CE00806CCE0080C0CF00806CCE0080A6
:1009C000D0CE00806CCE0080C0CF0080C0CE008032
:1009D000C0CE0080D0CE0080C0CF00804CCF008041
:0C09E0004CCF00804CCF0080D0CE0080B7
:1009EC001000000000000000037A5200017C01019D
:1009FC001B0D020010000000180000000416FEFF82
:100A0C00DC04000000000000100000002C000000BE
:0C0A1C00CC1AFEFF900400000000000057
:100A280000000010000000000000000000000000AE
:100A380000000000000000000000000000000000AE
:100A4800000000000000000050350A323420323423
:100A58000A3235350A0000000000000000000000DE
:100A6800000000000000000000000000000000007E
:100A7800000000000000000000000000000000006E
:100A8800000000000000000000000000000000005E
:100A9800000000000000000000000000000000004E
:100AA800000000000005040000000000000002D261
:100AB80042000000000000000000000007B38700AB
:100AC80000000000000064FE5C0000000000000060
:100AD800000000006FFE9D00000000000003CBFE38
:100AE800360000000000000000000020E7FE66005D
:100AF800000000000024FED81200000000000000E2
:100B08000000007EFEB300000000000000ACFE3BC9
:100B1800000000000000000000002EFCEA120000A7
:100B28000000000005E2F5230000000000000000BE
:100B3800000080FE660000000000000025FEA900FD
:100B48000000000000000000001AF1FB1300000084
:100B580000000000AAFE5500000000000000000090
:100B6800002EFEC20000000000000009E7F6230086
:100B780000000000000000000076FF981D00000043
:100B880000000074FEB60000000000000000000035
:100B98000076FEFEF3D7D7D7CAB985D1FE830011F8
:100BA8000000000000000000003EF3FEFEFEFEFE16
:100BB800FEFEFEFEFEE89D2300000000000000008F
:100BC80000004684944649616161BBFEF922040035
:100BD800000000000000000000000000000000000D
:100BE8000000AEFE710000000000000000000000E0
:100BF80000000000000000000016EEFE35000000B6
:100C080000000000000000000000000000000000DC
:100C18000073FE9F010000000000000000000000BB
:100C2800000000000000000000AEFE6100000000AF
:100C380000000000000000000000000000000000AC
:100C480000D7FE7300000000000000000000000054
:100C5800000000000000000055FBFE6900000000D5
:100C6800000000000000000000000000000000007C
:100C780054F2880A00000000000000000000000094
:100C8800000000000000000000000000000000005C
:100C98000000000000040000000000000000000048
:100CA800030000003C1C0280000000003C1C028085
:100CB800A41C02800C1D028000000000000000003F
:100CC800000000000000000000000000000000001C
:100CD800000000000000000000000000000000000C
:100CE80000000000000000000000000000000000FC
:100CF80000000000000000000000000000000000EC
:100D080000000000000000000000000000000000DB
:100D180000000000000000000000000000000000CB
:100D280000000000000000000000000000000000BB
:100D380000000000000000000000000000000000AB
:100D480001000000000000000E33CDAB34126DE648
:100D5800ECDE05000B0000000000000000000000B1
:100D6800000000000000000000000000000000007B
:100D7800000000000000000000000000000000006B
:100D8800000000000000000000000000000000005B
:100D9800000000000000000000000000000000004B
:100DA800000000000000000000000000000000003B
:100DB800000000000000000000000000000000002B
:100DC800000000000000000000000000000000001B
:100DD800D00D0280D00D0280D80D0280D80D02807F
:100DE800E00D0280E00D0280E80D0280E80D02802F
:100DF800F00D0280F00D0280F80D0280F80D0280DF
:100E0800000E0280000E0280080E0280080E02808A
:100E1800100E0280100E0280180E0280180E02803A
:100E2800200E0280200E0280280E0280280E0280EA
:100E3800300E0280300E0280380E0280380E02809A
:100E4800400E0280400E0280480E0280480E02804A
:100E5800500E0280500E0280580E0280580E0280FA
:100E6800600E0280600E0280680E0280680E0280AA
:100E7800700E0280700E0280780E0280780E02805A
:100E8800800E0280800E0280880E0280880E02800A
:100E9800900E0280900E0280980E0280980E0280BA
:100EA800A00E0280A00E0280A80E0280A80E02806A
:100EB800B00E0280B00E0280B80E0280B80E02801A
:100EC800C00E0280C00E0280C80E0280C80E0280CA
:100ED800D00E0280D00E0280D80E0280D80E02807A
:100EE800E00E0280E00E0280E80E0280E80E02802A
:100EF800F00E0280F00E0280F80E0280F80E0280DA
:100F0800000F0280000F0280080F0280080F028085
:100F1800100F0280100F0280180F0280180F028035
:100F2800200F0280200F0280280F0280280F0280E5
:100F3800300F0280300F0280380F0280380F028095
:100F4800400F0280400F0280480F0280480F028045
:100F5800500F0280500F0280580F0280580F0280F5
:100F6800600F0280600F0280680F0280680F0280A5
:100F7800700F0280700F0280780F0280780F028055
:100F8800800F0280800F0280880F0280880F028005
:100F9800900F0280900F0280980F0280980F0280B5
:100FA800A00F0280A00F0280A80F0280A80F028065
:100FB800B00F0280B00F0280B80F0280B80F028015
:100FC800C00F0280C00F0280C80F0280C80F0280C5
:100FD800D00F0280D00F0280D80F0280D80F028075
:100FE800E00F0280E00F0280E80F0280E80F028025
:100FF800F00F0280F00F0280F80F0280F80F0280D5
:101008000010028000100280081002800810028080
:101018001010028010100280181002801810028030
:1010280020100280201002802810028028100280E0
:101038003010028030100280381002803810028090
:101048004010028040100280481002804810028040
:1010580050100280501002805810028058100280F0
:1010680060100280601002806810028068100280A0
:101078007010028070100280781002807810028050
:101088008010028080100280881002808810028000
:1010980090100280901002809810028098100280B0
:1010A800A0100280A0100280A8100280A810028060
:1010B800B0100280B0100280B8100280B810028010
:1010C800C0100280C0100280C8100280C8100280C0
:1010D800D0100280D0100280D8100280D810028070
:1010E800E0100280E0100280E8100280E810028020
:1010F800F0100280F0100280F8100280F8100280D0
:10110800001102800011028008110280081102807B
:10111800101102801011028018110280181102802B
:1011280020110280201102802811028028110280DB
:10113800301102803011028038110280381102808B
:10114800401102804011028048110280481102803B
:1011580050110280501102805811028058110280EB
:10116800601102806011028068110280681102809B
:10117800701102807011028078110280781102804B
:1011880080110280801102808811028088110280FB
:1011980090110280901102809811028098110280AB
:1011A800A0110280A0110280A8110280A81102805B
:1011B800B0110280B0110280B8110280B81102800B
:1011C800C0110280C0110280C8110280C8110280BB
:1011D80043000000000000000000000000000000C4
:1011E80000000000000000000000000000000000F7
:1011F80043000000000000000000000000000000A4
:1012080000000000000000000000000000000000D6
:101218004300000000000000000000000000000083
:1012280000000000000000000000000000000000B6
:101238004300000000000000000000000000000063
:101248000000000000000000000000000000000096
:101258004300000000000000000000000000000043
:101268000000000000000000000000000000000076
:101278004300000000000000000000000000000023
:101288000000000000000000000000000000000056
:101298004300000000000000000000000000000003
:1012A8000000000000000000000000000000000036
:1012B8009CB60080A89E008000000000680802809C
:1012C800A80602809CF000809CF000809CF00080C2
:1012D8009CF000809CF000809CF000809CF00080D6
:1012E8009CF000809CF00080FFFFFFFFFFFFFFFFE6
:1012F800FFFFFFFFFFFF0000010041534349490082
:1013080000000000000000000000000000000000D5
:10131800000000000000000000004153434949005C
:1013280000000000000000000000000000000000B5
:0C133800000000000000000000000000A9
:10134800FFFFFFFFFFFFEF7F000000000000F83FF6
:1013580061436F63A787D23FB3C8608B288AC63FB3
:10136800FB799F501344D33F000000000000F03F7A
:1013780000000000000024400000000000001C40A5
:101388000000000000001440000000000000E03FE2
:10139800301F0280B00C0280FFFFFFFF0000020038
:0400000580000080F7
:00000001FF
