:0200000480007A
:100000006F00402E6F00801D6F00C02C6F00802C91
:100010006F00402C6F00002C6F00C02B6F00802BF6
:100020006F00402B6F00002B6F00C02A6F00802AEA
:100030006F00402A6F00002A6F00C0296F008029DE
:100040006F0040296F0000296F00C0286F008028D2
:100050006F0040286F0000286F00C0276F008027C6
:100060006F0040276F0000276F00C0266F008026BA
:100070006F0040266F0000266F00C0256F00C0365D
:1000800097210200938141C117010300130181F7F9
:1000900017050000130505F713651500731055309B
:1000A0001385C1C7172602001306063F3306A64074
:1000B00093050000EF30900B174500001305858570
:1000C000EF201062EF30007B130500009305000065
:1000D00013060000EF00C0006F20D06167800000B1
:1000E000130101D993078100130710009306010142
:1000F0001306800193058001130500242326112691
:10010000232481262322912623202127232E3125D3
:10011000232C4125EF20001EF32920B0F32400B04A
:10012000930671001306C1009305810013050101B8
:10013000EF00507213040500732A20B0732900B039
:100140008325810017F5000013058544EF30C02397
:100150008325C10017F5000013058544EF30C02248
:100160009305040017F5000013058544EF30C02106
:100170008345710017F5000013058544EF30C0205A
:1001800033063A4197F500009385854417F5000042
:1001900013058544EF30401F3306994097F5000062
:1001A0009385054317F500001305C544EF30C01DC6
:1001B0008320C12603248126832441260329012686
:1001C0008329C125032A8125130500001301012776
:1001D0006780000013050000678000001305000021
:1001E0006780000013050000678000001305000011
:1001F0006780000013050000678000001305000001
:1002000067800000130500006780000013050000F0
:1002100067800000130500006780000013050000E0
:1002200067800000130500006780000013050000D0
:1002300067800000130500006780000013050000C0
:1002400067800000130500006780000013050000B0
:1002500067800000130500006780000013050000A0
:100260006780000013050000678000001305000090
:100270006780000013050000678000001305000080
:100280006780000013050000678000001305000070
:100290006780000013050000678000001305000060
:1002A0006780000013050000678000001305000050
:1002B0006780000013050000678000001305000040
:1002C0006780000013050000678000001305000030
:1002D0006780000017F500001305950EEF30801CB5
:1002E0006FF05FFF130101FC232011002322A10006
:1002F0002324B1002326C1002328D100232AE100B2
:10030000232CF100232E010123201103232251026B
:1003100023246102232671022328C103232AD10347
:10032000232CE103232EF103F322203413032000B6
:10033000638862021303B000638862001303300015
:10034000638862006F00C002EF0000346F0040035A
:1003500017F5000013058502EF30C0146F0040024E
:1003600017F50000130585FCEF30C0136F00400146
:1003700017F500001305A502EF30C0126F00400210
:10038000F322103403830200130530003373A300FB
:100390006314A3009382220093822200739012348C
:1003A0008320010003254100832581000326C1002D
:1003B0008326010103274101832781010328C1010D
:1003C0008328010283224102032381028323C10285
:1003D000032E0103832E4103032F8103832FC103C7
:1003E0001301010473002030730020303305A04056
:1003F00023A4A1C81305F0FF6780000017F70000D1
:10040000130747FE93075005B706001013071700A0
:1004100023A0F60083470700E39A07FE67800000E9
:100420009307800523A4F1C81305F0FF678000003F
:100430009307800523A4F1C81305F0FF678000002F
:100440009307800523A4F1C81305F0FF678000001F
:100450009307800523A4F1C81305F0FF678000000F
:100460009307800523A4F1C81305F0FF67800000FF
:100470001305F0FF678000009307C00023A4F1C8B4
:100480001305F0FF67800000B707048023A0A700D2
:10049000730050106F0000009307800523A4F1C87B
:1004A0001305F0FF678000009307B00023A4F1C894
:1004B0001305F0FF67800000B727000023A2F500B6
:1004C00013050000678000009307800523A4F1C88E
:1004D0001305F0FF678000009307800523A4F1C88F
:1004E0001305F0FF67800000930780FA23A4F1C88A
:1004F00013050000678000001305100067800000EE
:10050000930780FA23A4F1C81305F0FF6780000069
:100510001305F5FF13351500678000009307600190
:1005200023A4F1C81305F0FF678000009307F001D2
:1005300023A4F1C81305F0FF678000001305000035
:10054000678000009307800523A4F1C81305F0FF1E
:10055000678000001305F0FF6780000093078005A7
:1005600023A4F1C81305F0FF678000001305000005
:1005700067800000B727000023A2F50013050000E4
:10058000678000001305F0FF678000001305F0FF8F
:10059000678000009307200023A4F1C81305F0FF33
:1005A000678000009307800523A4F1C81305F0FFBE
:1005B000678000009307A00023A4F1C81305F0FF93
:1005C00067800000130101FF232021011389C1C7A7
:1005D0008327090023248100232291002326110070
:1005E0009384050013040600638A070213060400BF
:1005F00093850400171502001305C599EF00805379
:100600008320C100130504000324810083244100DA
:10061000032901001301010167800000B7C5010033
:1006200013063000938505201715020013058596E3
:10063000EF000043930710002320F9006FF01FFB29
:1006400023A6A1C613050000678000001387C1C65A
:10065000832707003385A7002320A700637C25009C
:10066000170703001307079A6376E5001385070051
:10067000678000009307C00023A4F1C89307F0FF30
:100680001385070067800000130101FF23229100FA
:1006900023261100930710089384050063C21709ED
:1006A0009307F00263D61703938808FD930710059C
:1006B00063E4170317F70000130707D59398280082
:1006C000B388E80083A70800B387E70067800700C6
:1006D000930710016380F80A1307500597F700008D
:1006E000938747D0B70600109387170023A0E60032
:1006F00003C70700E31A07FE8320C10083244100DB
:1007000013010101678000008320C1009307800569
:1007100023A4F1C883244100130101016780000074
:100720009307F040E3CA17FB9307F03F63D6170324
:10073000938808C09307F000E3E017FB17F7000069
:10074000130707E193982800B388E80083A70800FF
:10075000B387E700678007009307C00AE38EF8F8C5
:1007600063C6170393079009E388F8F89307900A84
:10077000E394F8F6930780FA23A4F1C86FF0DFF74B
:10078000B727000023A2F4006FF01FF79307600D56
:10079000E394F8F423A6A1C66FF01FF69307F001C7
:1007A00023A4F1C86FF05FF59307200023A4F1C8DC
:1007B0006FF09FF4B707048023A0A70073005010C8
:1007C0006F0000009307600123A4F1C86FF0DFF20F
:1007D000232021011389C1C7832709002324810015
:1007E0001304060063860702130604000324810035
:1007F000032901008320C100938504008324410064
:100800001705020013050579130101016F008032FD
:10081000B7C50100130630009385052017050200B7
:1008200013054577EF00C023930710002320F9003C
:100830006FF09FFB8327C50063880720832805018D
:10084000638408200328050003469500032745011B
:100850008346480133E6C600A304C50093F60602AA
:100860006382061EB386E840130600011383060068
:100870006374D60013030001638AE81C3386E70023
:10088000034E060093051700130610002300C8014D
:10089000232AB5006370D61A3386B700834E06004C
:1008A00013062700130E20002300D801232AC500B9
:1008B0006372DE183386C700834E060013063700C6
:1008C000130E30002300D801232AC5006374DE16FE
:1008D0003386C700834E060013064700130E400000
:1008E0002300D801232AC5006376DE143386C700AF
:1008F000834E060013065700130E50002300D80144
:10090000232AC5006378DE123386C700834E0600B3
:1009100013066700130E60002300D801232AC500C8
:10092000637ADE103386C700834E06001306770015
:10093000130E70002300D801232AC500637CDE0E4D
:100940003386C700834E060013068700130E80000F
:100950002300D801232AC500637EDE0C3386C7003E
:10096000834E060013069700130E90002300D80153
:10097000232AC5006370DE0C3386C700834E060051
:100980001306A700130EA0002300D801232AC500D8
:100990006372DE0A3386C700834E06001306B70073
:1009A000130EB0002300D801232AC5006374DE08AB
:1009B0003386C700834E06001306C700130EC0001F
:1009C0002300D801232AC5006376DE063386C700DC
:1009D000834E06001306D700130ED0002300D80163
:1009E000232AC5006378DE043386C700834E0600E1
:1009F0001306E700130EE0002300D801232AC500E8
:100A0000637ADE023386C700834E06001306F700C2
:100A1000130EF0002300D801232AC500637CDE00FA
:100A2000B387C70083C70700130707012300F80037
:100A3000232AE50013070000638406001307F3FF71
:100A40003307B7006384E8006780000083474800ED
:100A50002328050093F7D70F2302F80067800000D2
:100A6000130101FE232A910083240500232C810019
:100A70002328210123263101232E11002382040083
:100A800023840400930770FC2384F400238804006B
:100A90002322B500130405003785D71713890500F5
:100AA0009309060093060000138605001305054010
:100AB00093050000EF10D079B70780006374F5024A
:100AC0009357F500130700F82386E40093F7F70F18
:100AD000135575002382F4001375F50F2380A400CD
:100AE000238604002386340123043401A304040074
:100AF00097070000938747D4232224018320C10154
:100B00002328040023260400232A0400232E0400A3
:100B1000232C0400232204022320F4020324810155
:100B200083244101032901018329C100130101022A
:100B300067800000130101FF23260100638A050876
:100B400063080608032505003388C5001307100352
:100B500083474501232601000326C10093F6F70FC2
:100B6000636CC7008327C100938717002326F10019
:100B70008327C100E378F7FE93F70602E38A07FCB8
:100B8000232601008327C100636CF7008327C1007F
:100B9000938717002326F1008327C100E378F7FE2F
:100BA00083C705002300F500232601008327C10029
:100BB000636CF7008327C100938717002326F10099
:100BC0008327C100E378F7FE93851500E39205F9CA
:100BD00013010101678000006384050403C605005A
:100BE0006300060403270500130101FF9386150027
:100BF0008347470193F7F70FA307F1008347F100FD
:100C000093F70702E38607FE2300C70003C606002A
:100C100093861600E31E06FC1301010167800000A5
:100C200067800000630C0602638A05020327050043
:100C300097060000938646C02326B50083474700E9
:100C40002328C500232A05002320D50293E7270087
:100C50002302F700F32740F1638407006780000058
:100C60003727000C970702009387C73283260700B7
:100C70003305F5401335150093071000B397A7000F
:100C8000B3E7D7002320F700678000008327050023
:100C9000034795008326050183C7470133E7E70033
:100CA000A304E50093F7F70F6398060093D7670056
:100CB00013F517006780000013050000678000002F
:100CC0001307050063800506630E0604032805006C
:100CD0008346950083474801B3E6D700A304D500B7
:100CE00093F7170063800704130500006F0080006E
:100CF0006308A60283460800B387A5001305150004
:100D00002380D700032807008346970083474801C4
:100D1000B3E6D700A304D70093F71700E39A07FCC4
:100D2000678000001305000067800000F32740F192
:100D300063960702B726000C1707020013078725E2
:100D400003A606003307E54013371700930710008A
:100D5000B397E700B3E7C70023A0F600B707010089
:100D60009387F7FF638CF5000327050093F5F500E3
:100D700083474700B3E7B7002302F700678000000E
:100D8000638E05029307000C63EAC7020327050080
:100D9000232EB5008347870093F7F703B3E7C70017
:100DA00093F7F70F2304F7008347470093E71700F3
:100DB0002302F700F32740F16384070067800000F7
:100DC0003727000C970702009387C71C832607006C
:100DD0003305F5401335150093071000B397A700AE
:100DE000B3E7D7002320F700678000006384050283
:100DF000032705002320B50223260500834747006B
:100E00002328050093E727002302F700F32740F18A
:100E100063840700678000003727000C97070200F3
:100E200093874717832607003305F54013351500D0
:100E300093071000B397A700B3E7D7002320F7006C
:100E40006780000063800502032705002322B502A6
:100E50008347470093E787002302F700F32740F119
:100E600063840700678000003727000C97070200A3
:100E700093874712832607003305F5401335150085
:100E800093071000B397A700B3E7D7002320F7001C
:100E90006780000063880512630606128327050039
:100EA0008346950003C74701B366D700A304D50066
:100EB00013770702630807101307000113050600E4
:100EC0006374C7001305000183C6050013071000F3
:100ED0002380D700637AC70E83C61500130720004E
:100EE0002380D7006372C70E83C625001307300026
:100EF0002380D700637AC70C83C6350013074000F0
:100F00002380D7006372C70C83C6450013075000C7
:100F10002380D700637AC70A83C655001307600091
:100F20002380D7006372C70A83C665001307700069
:100F30002380D700637AC70883C675001307800033
:100F40002380D7006372C70883C68500130790000B
:100F50002380D700637AC70683C695001307A000D5
:100F60002380D7006372C70683C6A5001307B000AD
:100F70002380D700637AC70483C6B5001307C00077
:100F80002380D7006372C70483C6C5001307D0004F
:100F90002380D700637AC70283C6D5001307E00019
:100FA0002380D7006372C70283C6E5001307F000F1
:100FB0002380D700637AC70003C7F5002380E700CA
:100FC000678000001305000067800000832705008C
:100FD0000347950083C74701A304050033E5E700F5
:100FE0001375E509678000008327050003C58701A5
:100FF00067800000032705008347950003474701EA
:10100000B367F700A304F5001375070667800000B7
:10101000032705008347C70093E707042306F7006B
:1010200067800000032705008347C70093F7F70B8D
:101030002306F700678000009306050093870500EC
:101040001307100013068001930580011305002487
:101050006F10402A130101FF2324810013040600AE
:101060002322910013860600938405009305040053
:1010700023261100EF00000383A7040013050000DE
:1010800063C80700032504003305F5401335150038
:101090008320C10003248100832441001301010146
:1010A00067800000B7F6FFFF130101F89386067909
:1010B000232A210723283107232C9105232AA10560
:1010C000130E0500232E8106232C910623264107AB
:1010D000232451072322610723207107232E810532
:1010E0002328B10513090600930700001308000028
:1010F000138D01EE971C0200938C0C849309F00F62
:10110000232EB1021385060033040E0123220105AC
:1011100093984700130300002320F1042324C10502
:1011200023262105130805001307F06293870800A2
:1011300063541701B387080113771300E308073CD2
:101140009387072417EA0000130A4A5CB383FC0064
:1011500097E400009384844B23286102232A11031F
:10116000938F030093020A00232C0103838704005A
:1011700003470400038F140003461400838E2400E9
:1011800083462400038E3400B387E702834D340086
:101190000383440083431403034C84018388540075
:1011A000834B940103886400034BA401838594005E
:1011B000330FCF02034604030389A400232A7100DE
:1011C0002326C1008383C4000386B4000385740012
:1011D00003878400834AB401B38EDE02034A2403EA
:1011E0002328B100232C21018345340303498404BF
:1011F00023207102232EC1000386D40083A602009F
:10120000330EBE0383439404B387D700330FFF002C
:10121000B38EEE018386E4008387F400938242005C
:101220002322D1028346A40433038303330EDE0159
:101230002324D1028346B404938404012326D102DB
:1012400083268102B38878033303C301330868031C
:10125000B3886800330818018328C100330555039B
:1012600033071703330505018328410103280101D2
:101270003307A7000325810133081803330545030D
:101280003307E8000328C1013305E5000327010205
:10129000B305B80233072703B385A50033067602EA
:1012A0003307B700832541023306E6000327C10256
:1012B000B386D502B387E702B386C600B387D700EB
:1012C00013C7F7FF1357F741B3F7E70093D78740EA
:1012D00063D4F9009307F00F2380FF0097E7000025
:1012E0009387C746938F1F00E39257E803230103B8
:1012F0008328410303288103130313009307B000DD
:101300009388080113042400E310F3E28327010407
:1013100013050800032841049387B70013079007BB
:10132000032E81040329C10413080803E39EE7DCAC
:101330000327C103B7F3FFFF37F3FFFFB7F8FFFF42
:1013400037F8FFFFB7F2FFFF930F0000930500008F
:101350009307000017EF0000130F4F451306F062CC
:10136000938303791303037A9388087B1308087C1B
:10137000930E50009382027D130EF00F93098000AC
:10138000139B5F00938A0500130A000093840F00EB
:10139000130A2A0093060B00930F00001385060022
:1013A0006354D600338576003305AD000324050071
:1013B000832B4500032C8500832DC5002B8C2EDE4E
:1013C00013840601338566006364860013050400F8
:1013D0003305AD0003240500832B4500032C850055
:1013E000832DC5002B8C2EDE138406023385160157
:1013F00063648600130504003305AD000324050073
:10140000832B4500032C8500832DC5002B8C2EDEFD
:101410001384060333850601636486001305040004
:101420003305AD0003240500832B4500032C850004
:10143000832DC5002B8C2EDE138506046374A60055
:10144000338556003305AD0003240500832B45008A
:10145000032C8500832DC5002B8C2EDE938F1F005F
:101460009386060BE39CDFF397EF0000938F0F2E1C
:1014700097D60100938646C933845C0123269100E8
:1014800083AD0F0003A5060083A4460083AB86004E
:1014900003ACC6008BADD2C51385060183240500BD
:1014A000832B4500032C8500832DC5000B902EDE79
:1014B00083240501832B4501032C8501832DC50160
:1014C0000B902EDE83240502832B4502032C85021C
:1014D000832DC5020B902EDE83240503832B450349
:1014E000032C8503832DC5030B902EDE1385060583
:1014F00083240500832B4500032C8500832DC50024
:101500000B902EDE83240501832B4501032C8501DE
:10151000832DC5010B902EDE83240502832B45020B
:10152000032C8502832DC5020B902EDE8324050338
:10153000832B4503032C8503832DC5030B902EDEDF
:101540001385060983240500832B4500032C8500A1
:10155000832DC5000B902EDE83240501832B4501CE
:10156000032C8501832DC5010B902EDE83240502FB
:10157000832B4502032C8502832DC5020B902EDEA2
:1015800083240503832B4503032C8503832DC50387
:101590000B902EDE1385060D83240500832B45005A
:1015A000032C8500832DC5000B902EDE83240501BE
:1015B000832B4501032C8501832DC5010B902EDE65
:1015C00083240502832B4502032C8502832DC5024B
:1015D0000B902EDE83240503832B4503032C850308
:1015E000832DC5030B902EDE138506118324050081
:1015F000832B4500032C8500832DC5000B902EDE28
:1016000083240501832B4501032C8501832DC5010E
:101610000B902EDE83240502832B4502032C8502CA
:10162000832DC5020B902EDE83240503832B4503F7
:10163000032C8503832DC5030B902EDE1385061521
:1016400083240500832B4500032C8500832DC500D2
:101650000B902EDE1385061683240500832B450090
:10166000032C8500832DC5000B902EDE13850617F5
:1016700083240500832B4500032C8500832DC500A2
:101680000B902EDE1385061883240500832B45005E
:10169000032C8500832DC5000B952EDE9344F5FFAA
:1016A00093D4F4413375950013558540938F4F00C3
:1016B0006354AE001305F00F2300A4169386061999
:1016C00013041400E31EFFDB8324C100938A8A0104
:1016D000130B0B02E31E3ACB938727009385050675
:1016E000938FB400E39E47C9970702009387C73AD8
:1016F000138601F883A6070083A5470003A587008A
:1017000003A8C700ABDB968293870701E314F6FEBC
:1017100097E500009385850997F700009387C78EAA
:10172000138501F817E300001303C32D9308F00F8E
:1017300083A6050003A8070003AE470083AE870019
:1017400003AFC7008B0679F79386070103A806004D
:1017500003AE460083AE860003AFC6000B0079F7E8
:1017600003A8060103AE460183AE860103AFC6019E
:101770000B0079F703A8060203AE460283AE860289
:1017800003AFC6020B0079F703A8060303AE4603B6
:1017900083AE860303AFC6030B0079F79386070574
:1017A00003A8060003AE460083AE860003AFC60062
:1017B0000B0079F703A8060103AE460183AE86014C
:1017C00003AFC6010B0079F703A8060203AE460279
:1017D00083AE860203AFC6020B0079F703A80603A7
:1017E00003AE460383AE860303AFC6030B0079F74F
:1017F0009386070903A8060003AE460083AE860061
:1018000003AFC6000B0079F703A8060103AE46013B
:1018100083AE860103AFC6010B0079F703A8060269
:1018200003AE460283AE860203AFC6020B0079F711
:1018300003A8060303AE460383AE860303AFC603C5
:101840000B0079F79386070D03A8060003AE460048
:1018500083AE860003AFC6000B0079F703A806012C
:1018600003AE460183AE860103AFC6010B0079F7D4
:1018700003A8060203AE460283AE860203AFC60289
:101880000B0079F703A8060303AE460383AE860375
:1018900003AFC6030B0079F79386071103A8060070
:1018A00003AE460083AE860003AFC6000B0079F797
:1018B00003A8060103AE460183AE860103AFC6014D
:1018C0000B0079F703A8060203AE460283AE860238
:1018D00003AFC6020B0079F703A8060303AE460365
:1018E00083AE860303AFC6030B0079F79386071513
:1018F00003A8060003AE460083AE860003AFC60011
:101900000B0079F79386071603A8060003AE46007E
:1019100083AE860003AFC6000B0079F793860717E6
:1019200003A8060003AE460083AE860003AFC600E0
:101930008B0679F713C8F6FF1358F841B3F6060182
:1019400093D686409385450063D4D8009306F00F64
:101950002300D5009387071813051500E39A65DC6B
:101960008327060083264600832586000325C600BC
:101970002BF4DA52938701F983A6070003A64700E8
:1019800083A5870003A5C7002BD4D852938701FAFB
:1019900083A6070003A6470083A5870003A5C70009
:1019A0002BD4D852938701FB83A6070003A64700D8
:1019B00083A5870003A5C7002BD4D852938701FCC9
:1019C00083A6070003A6470083A5870003A5C700D9
:1019D0002BD4D852938701FD83A6070003A64700A6
:1019E00083A5870003A5C7002BD4D852938701FE97
:1019F00083A6070003A6470083A5870003A5C700A9
:101A00002BD4D852938701FF83A6070003A6470073
:101A100083A5870003A5C7002BD4D8529387010064
:101A200083A6070003A6470083A5870003A5C70078
:101A30002BD4D852138F610197E30000938303FFE7
:101A4000930E0F0097E200009382C2FB138F0300F6
:101A500093773F0003A4020093090F0093840C00C6
:101A6000638E0774232051022322E1032324D10330
:101A70002326E102232821030387090083CF042EB4
:101A80008387190003CF142EB38FEF0203C7B42E40
:101A9000838D290083CE242E2326E1000387C900ED
:101AA00003CE342E038D39002328E1000387D900AB
:101AB00003C3442E038C4900330FFF0283C8542E06
:101AC000838B590003C8642E038B690083CA742E6C
:101AD0000385790083C5842E038A890003C6942E6A
:101AE0000389990083C6A42E8383A9008382B90049
:101AF00083C7C42EB38F8F00B38EBE0303C4E42EFE
:101B000083CDD42E232AE1000387E900330FFF01A0
:101B100083CFF42E232CE1000387F9009384040182
:101B2000330EAE03232EE1000327C100B38EEE0176
:101B30009389090133038303330EDE01B3887803ED
:101B40003303C30133086803B38868003385AA02EE
:101B500033081801B3854503330505013306260311
:101B6000B385A500B38676023306B6003307570265
:101B7000B386C60003260101B306D700032741013F
:101B8000B387C7023387ED02B386D700832781016D
:101B90003307D7008326C101B307F402B38FDF02F6
:101BA000B387E7003384FF00970702009387C7E1FC
:101BB000E394F4EC032F410203C80C3703C51C3730
:101BC00083070F0983031F0983C52C37830F2F0950
:101BD0003308F80203C63C37030E3F0983C64C376F
:101BE00003034F0983C75C3783085F09832201021F
:101BF000832E81020327C102330575023308880052
:101C000003290103B385F503330505013306C60334
:101C1000B385A500B38666023306B600B387170303
:101C2000B386C600B387D70093D7B7409306F00FAB
:101C300063DEF6569307F00F2380FE009382420086
:101C400097E70000938787DE130F6F09938E1E00BE
:101C5000E390F2E083866C3703867C3793071000AD
:101C600063C6C600138606009307000083868C3780
:101C7000634AD6529306060003869C3763C0C65259
:101C8000138606008386AC376346D650930606005B
:101C90000386BC3763CCC64E138606008386CC37DA
:101CA0006342D64E930606000386DC3763C8C64CF3
:101CB000138606008386EC37634ED64A93060600E9
:101CC0000386FC3763C4C64A138606002300C90096
:101CD0000324C1072320F700832481070329410738
:101CE00083290107032AC106832A8106032B4106A3
:101CF000832B0106032CC105832C8105032D41058F
:101D0000832D01051301010867800000130784017A
:101D1000930604031306840483250400832F07001D
:101D200083A20600832306002BB07E391307000828
:101D300017E500001305858D832605000326450061
:101D400083258500832FC5000BD7D8FA9346F7FF6C
:101D500093D6F6413377D70013578740B306FD007B
:101D600063D4E9001307F00F2380E60017E50000B5
:101D70001305C58A130700088326050003264500BE
:101D800083258500832FC5000BD7D8FA9346F7FF2C
:101D900093D6F6413377D70013578740938611EED9
:101DA000B386D70063D4E9001307F00F2380E60061
:101DB00017E5000013058587130700088326050033
:101DC0000326450083258500832FC5000BD7D8FA4D
:101DD0009346F7FF93D6F6413377D70013578740E2
:101DE000938621EEB386D70063D4E9001307F00F82
:101DF0002380E60017E5000013054584130700085B
:101E0000832605000326450083258500832FC50012
:101E10000BD7D8FA9346F7FF93D6F6413377D7001E
:101E200013578740938631EEB386D70063D4E90019
:101E30001307F00F2380E60017E500001305058166
:101E40001307000883260500032645008325850027
:101E5000832FC5000BD7D8FA9346F7FF93D6F641E8
:101E60003377D70013578740938641EEB386D70068
:101E700063D4E9001307F00F2380E60017D50000B4
:101E80001305C57D130700088326050003264500BA
:101E900083258500832FC5000BD7D8FA9346F7FF1B
:101EA00093D6F6413377D70013578740938651EE88
:101EB000B386D70063D4E9001307F00F2380E60050
:101EC00017D500001305857A13070008832605003F
:101ED0000326450083258500832FC5000BD7D8FA3C
:101EE0009346F7FF93D6F6413377D70013578740D1
:101EF000938661EEB386D70063D4E9001307F00F31
:101F00002380E60017D50000130545771307000866
:101F1000832605000326450083258500832FC50001
:101F20000BD7D8FA9346F7FF93D6F6413377D7000D
:101F300013578740938671EEB386D70063D4E900C8
:101F40001307F00F2380E60017D500001305057472
:101F50001307000883260500032645008325850016
:101F6000832FC5000BD7D8FA9346F7FF93D6F641D7
:101F70003377D70013578740938681EEB386D70017
:101F800063D4E9001307F00F2380E60017D50000A3
:101F90001305C570130700088326050003264500B6
:101FA00083258500832FC5000BD7D8FA9346F7FF0A
:101FB00093D6F6413377D70013578740938691EE37
:101FC000B386D70063D4E9001307F00F2380E6003F
:101FD00017D500001305856D13070008832605003B
:101FE0000326450083258500832FC5000BD7D8FA2B
:101FF0009346F7FF93D6F6413377D70013578740C0
:102000009386A1EEB386D70063D4E9001307F00FDF
:102010002380E6001307000897D600009386066A1F
:1020200003A6060083A5460083AF860083A2C600F0
:102030000BC7D62F9346F7FF93D6F6413377D700D9
:10204000135787409386B1EEB386D70063D4E90077
:102050001307F00F2380E6001307000897D600004F
:102060009386C66603A6060083A5460083AF860056
:1020700083A2C6000BC7D62F9346F7FF93D6F6412F
:102080003377D700135787409386C1EEB386D700C6
:1020900063D4E9001307F00F2380E600130700085C
:1020A00097D600009386866303A6060083A54600A4
:1020B00083AF860083A2C6000BC7D62F9346F7FFD7
:1020C00093D6F6413377D700135787409386D1EEE6
:1020D000B386D70063D4E9001307F00F2380E6002E
:1020E0001307000897D600009386466003A60600F3
:1020F00083A5460083AF860083A2C6000BC7D62FF8
:102100009346F7FF93D6F6413377D70013578740AE
:102110009386E1EEB386D70063D4E9001307F00F8E
:102120002380E6001307000897D600009386065D1B
:1021300003A6060083A5460083AF860083A2C600DF
:102140000BC7D62F9346F7FF93D6F6413377D700C8
:10215000135787409386F1EEB387D70063D4E90025
:102160001307F00F2380E7006FF00F99930790009B
:102170006FF0DFB5930780006FF09FB49307700096
:102180006FF05FB3930760006FF01FB293075000CA
:102190006FF0DFB0930740006FF09FAF9307300000
:1021A0006FF05FAE930720006FF01FAD93C6F7FF8F
:1021B00093D6F641B3F7D7006FF01FA883270F001F
:1021C00083264F0003268F008325CF000BF41A5B74
:1021D00093070F0183A6070003A6470083A5870086
:1021E00003A5C7000BD0D85293070F0283A60700A0
:1021F00003A6470083A5870003A5C7000BD0D852CC
:1022000093070F0383A6070003A6470083A5870053
:1022100003A5C7000BD0D85293070F0483A607006D
:1022200003A6470083A5870003A5C7000BD0D8529B
:1022300093070F0583A6070003A6470083A5870021
:1022400003A5C7000BD0D85293070F0683A607003B
:1022500003A6470083A5870003A5C7000BD0D8526B
:1022600093070F0783A6070003A6470083A58700EF
:1022700003A5C7000BD0D85293070F0803A6070089
:1022800083A5470003A5870003A8C7008BC69682D5
:1022900003060F0983C70C3783C81C3703041F09C3
:1022A000B387C70203C82C3783032F0903C53C3704
:1022B000830F3F0983C54C37030E4F0903C65C37B4
:1022C00003035F09B3888802B387D7003308780215
:1022D000B3871701B306F503B3870701B385C503B9
:1022E000B387D700B3066602B387B700B387D700BA
:1022F0006FF09F93130101FD23229102938401C883
:1023000003A30400232E3101232C4101232A510170
:102310002328610123261102232481022320210383
:102320009308230013081025130B0500938A05005A
:10233000130A060093890600636C181D17F8010044
:102340001308C8C73308680003490800034418008D
:1023500023A0140113080005631A09011304B4FC37
:102360001374F40F9306100063FA860217E5010058
:1023700013054533032481028320C10283244102D3
:10238000032901028329C101032A8101832A410112
:10239000032B0101130101036F10C01003A60400F9
:1023A000930610251306B60063E0C61A23A0C400E6
:1023B000930680016316DA0A63944A0B83A604002D
:1023C000130610253304DB00636A860E6386090258
:1023D00097F50100938585BE13060B00B385D500E4
:1023E000138509002326F1002324E100EF10C065C6
:1023F0008327C1000327810023A0840083A6040053
:1024000013162700930510253304D60063E68506CE
:10241000638C070097F50100938545BAB385D50015
:1024200013850700EF10406223A0840003A7040077
:1024300093071025631CF7028320C1020324810245
:1024400083244102032901028329C101032A810156
:10245000832A4101032B010113010103678000005E
:1024600017E50100130585256FF0DFF017E5010082
:10247000130585316FF01FF0930610251306040035
:1024800097E501009385453217E501001305C51F47
:102490002324E100EF00506F032781009307F0FF32
:1024A000E306F7F8130607009305F0FF17E50100B0
:1024B00013054528EF00506D6FF05FF79306102568
:1024C0001306040097E501009385052E17E501002A
:1024D0001305851B2326F1002324E100EF00D06AB9
:1024E0009306F0FF032781008327C100E308DBF098
:1024F00013060B009305F0FF17E501001305C51E39
:10250000EF0090688327C100032781006FF01FEF61
:10251000930610251386080097E501009385C528CA
:1025200017E50100130545162326F1002324E100D9
:10253000EF0090658327C100032781001309000085
:10254000130400006FF01FE19306102597E50100CA
:102550009385852517E50100130505132326F10052
:102560002324E100EF0050628327C100032781008C
:102570006FF01FE41308000063C6051263DC060059
:10258000B337C000B306D0401348F8FFB386F64017
:102590003306C040930806001307050013830500A7
:1025A000639A060E63F4C516B70701006364F6224A
:1025B000B7070001930680016374F60093060001DB
:1025C000B7070280335ED6009387877BB387C70146
:1025D00083C70700130E0002B387D700B306FE407F
:1025E000630CFE003393D500B357F500B318D60043
:1025F00033E367003317D50013D608013355C30200
:102600009396080193D60601935707013373C302CB
:10261000B385A60213130301B3E7670063FCB70099
:10262000B387F8001303F5FF63E4170163E6B740CF
:1026300013050300B387B740B3D5C70213170701CB
:1026400013570701B3F7C702B386B6029397070182
:102650003367F700637ED7003387E8009387F5FF81
:10266000636617019385E5FF6364D70093850700D0
:10267000131505013365B50093050000630A0800D2
:10268000B337A000B305B040B385F5403305A04093
:102690006780000063F4D502930500001305000075
:1026A0006FF0DFFDB337A000B305B040B385F54050
:1026B0003305A0401308F0FF6FF05FECB70701008F
:1026C00063E8F61EB70700019308800163F4F60083
:1026D00093080001B707028033D716019387877BE1
:1026E000B387E70003C7070093070002330717010A
:1026F000B388E7406396E71C63E4B6303335C50022
:1027000013351500930500006FF05FF7630C060C9E
:10271000B7070100637CF62C133306101333130044
:1027200013133300B3566600B70702809387877B85
:10273000B387D70083C6070093070002B3866600FD
:10274000B38ED7406394D70CB386C54013530601AC
:1027500013160601135606019305100033D56602C1
:1027600093570701B3F66602330EC502939606012E
:10277000B3E7D70063FCC701B387F8009306F5FF02
:1027800063E4170163E4C72B13850600B387C741D1
:10279000B3D667021317070113570701B3F7670290
:1027A0003386C602939707013367F700637EC7003D
:1027B0003387E8009387F6FF636617019386E6FF89
:1027C0006364C70093860700131505013365D500C0
:1027D0006FF0DFEA9336061093B616009396360034
:1027E0006FF01FDEB7070280930600009387877B98
:1027F000B387D70083C607001303000093070002C6
:10280000B3866600B38ED740E380D7F4B318D60101
:1028100033DED50013D30801B3576E0213960801B7
:1028200013560601B356D5003317D501B395D5011C
:10283000B3E6B60093D50601337E6E023305F60289
:10284000131E0E01B3E5C50163FEA500B385B800F4
:10285000138EF7FF63E4151D63F2A51C9387E7FF52
:10286000B3851501B385A54033D56502939606015E
:1028700093D60601B3F56502330EA60293950501C2
:10288000B3E6B60063FEC601B386D8009305F5FF34
:1028900063EE161763FCC6171305E5FFB386160132
:1028A00093950701B386C641B3E5A5006FF01FEB12
:1028B00093B8061093B81800939838006FF09FE112
:1028C000B35EE600B3961601B3EEDE0033D3E50047
:1028D00013DF0E01B357E303139E0E01B3951501E9
:1028E000135E0E013357E5003367B70093560701B7
:1028F000331616013373E303B305FE02131303010A
:10290000B3E6660063FEB600B386DE001383F7FF0E
:1029100063EAD61163F8B6109387E7FFB386D60152
:10292000B386B640B3D5E603131707011357070163
:10293000B3F6E6033303BE02939606013367D7006E
:10294000637E67003387EE009386F5FF6364D70DDF
:102950006372670C9385E5FF3307D70193970701EF
:10296000370F0100B3E7B7009306FFFFB3F5D700B9
:1029700013DE0701B376D60013560601B38ED502D7
:1029800033076740B306DE0213D30E01B385C502D9
:10299000B385D500B305B300330ECE0263F4D50082
:1029A000330EEE0193D60501B386C601636AD702E2
:1029B0006308D70013850700930500006FF01FCC54
:1029C000B70601009386F6FF33F7D500131707010A
:1029D000B3FEDE00331515013307D701E37CE5FCB8
:1029E0001385F7FF930500006FF05FC9B70700017B
:1029F000637AF60493560601130300016FF0DFD2E9
:102A000093050000130510006FF05FC713850500E4
:102A10006FF01FE9938506006FF05FF493070E00D7
:102A20006FF05FE4930703006FF09FEF1305E5FF7E
:102A3000B38717016FF09FD51305E5FFB387170123
:102A40006FF05FBF93568601130380016FF0DFCDF7
:102A50001308060093080500138705006390060E0F
:102A600063FEC512B7070100636EF61EB7070001CB
:102A7000930680016374F60093060001B707028095
:102A80003353D6009387877BB387670083C70700DC
:102A900013030002B387D700B306F340630CF300BF
:102AA0003397D500B357F5003318D60033E7E70066
:102AB000B318D500135608013355C7029316080101
:102AC00093D6060193D708013377C702B385A602D0
:102AD00013170701B3E7E70063FCB700B307F8007B
:102AE0001307F5FF63E4070163E0B73E1305070032
:102AF000B387B74033D7C7029398080193D808012A
:102B0000B3F7C702B386E60293970701B3E8F8006C
:102B100063FED800B30818019307F7FF63E60801C6
:102B20001307E7FF63E4D8001387070013150501B7
:102B30003365E500930500006780000063F8D50069
:102B4000930500001305000067800000B70701002F
:102B500063E8F61EB70700011308800163F4F6006E
:102B600013080001B707028033D706019387877BDC
:102B7000B387E70003C70700930700023307070185
:102B80003388E7406396E71C63E4B6303335C5000D
:102B9000133515009305000067800000630C060CD8
:102BA000B7070100637CF62C1337061013371700A4
:102BB00013173700B356E600B70702809387877B69
:102BC000B387D70083C7070093060002B387E700E7
:102BD000B38EF6406394F60CB387C5409356060156
:102BE00013160601135606019305100033D5D702BC
:102BF00013D70801B3F7D7023303C5029397070130
:102C0000B367F70063FC6700B307F8001307F5FF2D
:102C100063E4070163E4672A13050700B38767408D
:102C200033D7D7029398080193D80801B3F7D70296
:102C30003306C70293970701B3E8F80063FEC800A4
:102C4000B30818019307F7FF63E608011307E7FFCE
:102C500063E4C80013870700131505013365E50019
:102C6000678000009336061093B6160093963600E0
:102C70006FF0DFE0B7070280930600009387877B41
:102C8000B387D70083C7070013070000930600022D
:102C9000B387E700B38EF640E380F6F43318D6012D
:102CA00033D3F50093560801335ED302131608019F
:102CB000B395D50113560601B357F500B3E7B70036
:102CC00013D70701B318D5013373D302B305C60375
:102CD0001313030133676700637EB7003307E8000F
:102CE0001305FEFF6364071D6372B71C130EEEFF2E
:102CF000330707013307B7403355D70293970701CE
:102D000093D707013377D7023303A60213170701BE
:102D1000B3E7E70063FE6700B307F8001307F5FFAA
:102D200063EE071763FC67161305E5FFB38707011A
:102D300093150E01B3876740B3E5A5006FF01FEB55
:102D400013B8061013381800131838006FF09FE1FD
:102D5000335EE600B3960601336EDE00B3D8E500BD
:102D6000935E0E01B3D7D80313130E01B39505017B
:102D7000135303013357E5003367B7009356070138
:102D800033160601B3F8D803B305F302939808018C
:102D9000B3E6160163FEB600B306DE009388F7FFC4
:102DA00063EAC61163F8B6109387E7FFB386C601DE
:102DB000B386B640B3D5D6031317070113570701DF
:102DC000B3F6D603B308B302939606013367D70070
:102DD000637E17013307EE009386F5FF6364C70D2A
:102DE0006372170D9385E5FF3307C70193970701BA
:102DF000B70E0100B3E7B7009386FEFFB3F5D70027
:102E000013D30701B376D60013560601338ED502CD
:102E100033071741B306D30293580E01B385C50299
:102E2000B385D500B385B8003303C30263F4D5007E
:102E30003303D30193D60501B3866600636AD702D4
:102E40006308D70013850700930500006780000022
:102E5000B70601009386F6FF33F7D5001317070175
:102E6000337EDE00331505013307C701E37CE5FC43
:102E70001385F7FF9305000067800000B707000186
:102E8000637AF60493560601130700016FF0DFD250
:102E9000930500001305100067800000130507006C
:102EA0006FF01FE9938506006FF05FF4130E0500C5
:102EB0006FF05FE4938708006FF09FEF1305E5FF65
:102EC000B38707016FF09FD51305E5FFB3870701AF
:102ED0006FF01FC293568601130780016FF0DFCD9C
:102EE000930505009306000013060000130500007B
:102EF0006F009058130101FF930500002324810007
:102F00002326110013040500EF00906083A741C839
:102F100063840700E780070013050400EFD0CFD6D5
:102F2000130500006780000037160280B785008017
:102F3000371502801306C620938545B213058521F7
:102F40006F004035130101FF8325450023248100D4
:102F500023229100232611001384015193040500BC
:102F600063848500EF40103C83A5840093078406AA
:102F70006386F50013850400EF40D03A83A5C400B2
:102F80001304040D638E8500032481008320C10097
:102F90001385040083244100130101016F40903820
:102FA0008320C10003248100832441001301010117
:102FB000678000001305000067800000130101FE18
:102FC000232C8100B737008013840151938787F247
:102FD000232E1100232A91002328210123263101C9
:102FE0002324410123A2F1C8130680009307400067
:102FF000930500001305C4052326F40023200400D4
:10300000232204002324040023220406232804008E
:10301000232A0400232C0400EF005015B7070100F9
:10302000373A0080B739008037390080B7340080E4
:10303000130A0A4B938949511309C959938444616E
:103040009387970013068000930500001305440C36
:10305000232044032322340323242403232694021D
:10306000232AF406232E84002324040623260406A0
:10307000232804062326040C232C0406232E0406EE
:1030800023200408EF00900EB70702001307840600
:10309000938727011305C4121306800093050000CF
:1030A000232444092326340923282409232A9408A5
:1030B000232EF40C2322E4082328040C232A040CD6
:1030C000232C040C232A04122320040E2322040E92
:1030D0002324040EEF0090099307040D2328440FC6
:1030E000232A340F232C240F232E940E8320C10176
:1030F0002326F40E032481018324410103290101C5
:103100008329C100032A81001301010267800000A6
:1031100083A741C8130101FE23263101232E11008C
:10312000232C8100232A91002328210193090500E3
:103130006388070E371902801309C9209304F0FF32
:1031400083274900032489009387F7FF63D807008A
:103150006F00000813048406638C97060317C400ED
:103160009387F7FFE31807FEB707FFFF9387170062
:103170002326F40023220406232004002324040031
:103180002322040023280400232A0400232C040003
:1031900013068000930500001305C405EF00007DB1
:1031A00023280402232A04022322040423240404DF
:1031B0008320C101130504000324810183244101FC
:1031C000032901018329C100130101026780000066
:1031D0000324090063060400130904006FF05FF67E
:1031E0009305C01A13850900EF10000A13040500A7
:1031F000630C05021305C50093074000232004005B
:103200002322F4002324A4001306001A93050000CF
:10321000EF00C07523208900130904006FF05FF2EE
:10322000EFF0DFD96FF01FF1232009009307C000F2
:1032300023A0F9006FF0DFF78327450363840700BD
:103240006780000003A741C8B7370080938747F421
:10325000232AF502E31607FE6FF05FD667800000B1
:103260006780000037160280B73500801306C6203D
:10327000938505F2130500006F00C0013716028028
:10328000B73500801306C620938545FB1305000063
:103290006F004000130101FD23202103232E310183
:1032A000232C4101232A5101232861012326710186
:1032B000232611022324810223229102130B0500ED
:1032C000938B0500930A0600130A0000930910006F
:1032D0001309F0FF83A44A0003A48A009384F4FF37
:1032E00063C804028357C40063FEF9008317E40037
:1032F0009305040013050B0063862701E7800B008C
:10330000336AAA009384F4FF13048406E39C24FD2B
:1033100083AA0A00E3900AFC8320C10203248102ED
:1033200083244102032901028329C101832A410127
:10333000032B0101832BC10013050A00032A81011D
:103340001301010367800000130101FC2324C10263
:103350002326D1022328E102232AF102232C010390
:10336000232E110313860500832585009306810211
:10337000232E11002326D100EF10006D8320C10100
:10338000130101046780000003A301C7130101FCBE
:103390002324C1022326D1022322B1022328E102E1
:1033A000232AF102232C0103232E110383258300FA
:1033B000930641021306050013050300232E110096
:1033C0002326D100EF1040688320C10113010104BE
:1033D00067800000130101FC232C81021304050007
:1033E00013850500232A9102232E110293840500E0
:1033F000EF00C07FB70702809387C7722324F102D2
:10340000930710002326F1020327440393070102C8
:1034100093061500232AF100930720002320910230
:103420002322A102232ED100232CF1008325840026
:10343000630007068397C5001397270163420702BD
:1034400003A74506B7E6FFFF9386F6FF3726000081
:10345000B3E7C7003377D7002396F50023A2E5062C
:103460001306410113050400EF4010308320C1030F
:1034700003248103133515003305A0401375B500EF
:10348000832441031305F5FF130101046780000045
:10349000130504002326B100EFF01FDA8325C100D5
:1034A0006FF05FF99305050003A501C76FF09FF268
:1034B000130101FF23248100138405008395E50097
:1034C00023261100EF00002E634005028327040528
:1034D0008320C100B387A7002328F40403248100BC
:1034E00013010101678000008357C40037F7FFFF15
:1034F0001307F7FFB3F7E7008320C1002316F4009A
:1035000003248100130101016780000013050000FE
:10351000678000008397C500130101FE232C810002
:10352000232A91002328210123263101232E110073
:1035300013F7071013840500930405001309060010
:10354000938906006310070437F7FFFF1307F7FF9F
:10355000B3F7E7008315E4002316F4000324810188
:103560008320C10193860900130609008329C10045
:103570000329010113850400832441011301010281
:103580006F00C0288395E500930620001306000015
:10359000EF00C01A8317C4006FF01FFB130101FF77
:1035A00023248100138405008395E5002326110060
:1035B000EF00C0189307F0FF6308F5028357C400BB
:1035C000371700008320C100B3E7E7009397070196
:1035D00093D707412328A4042316F4000324810071
:1035E00013010101678000008357C40037F7FFFF14
:1035F0001307F7FFB3F7E7009397070193D7074146
:103600008320C1002316F40003248100130101016B
:10361000678000008395E5006F004000130101FF03
:103620002324810023229100130405001385050043
:103630002326110023A401C8EFC09FE39307F0FFE6
:10364000630CF5008320C100032481008324410022
:10365000130101016780000083A781C8E38407FE8E
:103660008320C1002320F40003248100832441002F
:10367000130101016780000083A701C7638EA70AB9
:1036800083254504130101FE232A9100232E1100F6
:1036900093040500638C05042328210123263101AE
:1036A000232C81001309000093090008B38725012A
:1036B00003A40700630E0400930504000324040020
:1036C00013850400EF00100CE31804FE83A54404E6
:1036D00013094900E31C39FD13850400EF00900A2B
:1036E00003248101032901018329C10083A58403E7
:1036F0006386050013850400EF00D00883A5C40489
:103700006386050013850400EF00D00783A74403F8
:10371000638C07008320C1011385040083244101C9
:1037200013010102678007008320C1018324410146
:10373000130101026780000067800000130101FF90
:10374000138705002324810023229100930506009E
:103750001304050013860600130507002326110035
:1037600023A401C8EFC09FDD9307F0FF630CF500B1
:103770008320C1000324810083244100130101013F
:103780006780000083A781C8E38407FE8320C1000F
:103790002320F4000324810083244100130101014C
:1037A00067800000130101FF1387050023248100B7
:1037B00023229100930506001304050013860600DA
:1037C000130507002326110023A401C8EFC01FDA48
:1037D0009307F0FF630CF5008320C10003248100F0
:1037E00083244100130101016780000083A781C881
:1037F000E38407FE8320C1002320F400032481001A
:10380000832441001301010167800000130101FFBF
:1038100013870500232481002322910093050600CD
:103820001304050013860600130507002326110064
:1038300023A401C8EFC01FD99307F0FF630CF50064
:103840008320C1000324810083244100130101016E
:103850006780000083A781C8E38407FE8320C1003E
:103860002320F4000324810083244100130101017B
:1038700067800000130101FF23248100B717028035
:103880003714028023202101938707F9130704F9D5
:1038900023261100232291003389E7406382E70247
:1038A00013592940130404F99304000083270400EA
:1038B0009384140013044400E7800700E3E824FF26
:1038C00037140280B7170280938707F9130704F9AA
:1038D0003389E740135929406380E702130404F950
:1038E000930400008327040093841400130444000D
:1038F000E7800700E3E824FF8320C1000324810060
:1039000083244100032901001301010167800000A5
:10391000130101FF23248100B717028037140280AE
:10392000938707F9130404F93304F4402322910028
:103930002326110093542440638004021304C4FF1F
:103940003304F400832704009384F4FF1304C4FFBA
:10395000E7800700E39804FE8320C1000324810070
:103960008324410013010101678000001303F0006C
:1039700013070500637EC3029377F7006390070A7D
:1039800063920508937606FF1376F600B386E60089
:103990002320B7002322B7002324B7002326B70033
:1039A00013070701E366D7FE631406006780000073
:1039B000B306C3409396260097020000B3865600D4
:1039C0006780C6002307B700A306B7002306B70029
:1039D000A305B7002305B700A304B7002304B7006D
:1039E000A303B7002303B700A302B7002302B70065
:1039F000A301B7002301B700A300B7002300B7005D
:103A00006780000093F5F50F93968500B3E5D50028
:103A100093960501B3E5D5006FF0DFF69396270086
:103A200097020000B386560093820000E78006FAF2
:103A300093800200938707FF3307F7403306F600B1
:103A4000E378C3F66FF0DFF3B3C7A50093F7370051
:103A5000B308C500639407069307300063F0C706F8
:103A60009377350013070500639A070613F6C8FF1E
:103A7000B306E6409307000263CED708938605009D
:103A8000930707006378C70203A8060093874700DF
:103A90009386460023AE07FFE3E8C7FE9307F6FFD1
:103AA000B387E74093F7C7FF938747003307F700D3
:103AB000B385F500636817016780000013070500F0
:103AC0006378150583C70500130717009385150054
:103AD000A30FF7FEE398E8FE6780000083C60500A9
:103AE0001307170093773700A30FD7FE93851500B0
:103AF000E38E07F683C60500130717009377370098
:103B0000A30FD7FE93851500E39A07FC6FF01FF60D
:103B100067800000130101FF2326810013040002C7
:103B200083A3050083A2450083AF850003AFC500D2
:103B300083AE050103AE450103A3850103A8C501BA
:103B400083A6050213074702B307E640232E77FC3E
:103B5000232057FE2322F7FF2324E7FF2326D7FF46
:103B60002328C7FF232A67FE232C07FF232ED7FE17
:103B700093854502E346F4FA938605009307070010
:103B80006378C70203A80600938747009386460020
:103B900023AE07FFE3E8C7FE9307F6FFB387E740CE
:103BA00093F7C7FF938747003307F700B385F50006
:103BB000636817010324C10013010101678000003D
:103BC00083C705001307170093851500A30FF7FEA1
:103BD000E382E8FE83C705001307170093851500ED
:103BE000A30FF7FEE39EE8FC6FF0DFFC9377350050
:103BF00013070500639C0704B7867F7F9386F6F75B
:103C00009305F0FF0326070013074700B377D6009C
:103C1000B387D700B3E7C700B3E7D700E384B7FEA5
:103C20008346C7FFB307A740638406048346D7FFD4
:103C3000638C06020345E7FF3335A0003305F5002A
:103C40001305E5FF67800000E38806FA8347070055
:103C50001307170093763700E39807FE3307A74052
:103C60001305F7FF678000001385D7FF678000000A
:103C70001385C7FF6780000083A7C1C8638C070452
:103C800003A747001308F0016340E8081318270052
:103C900063060502338307012324C30883A887181A
:103CA000130610003316E600B3E8C80023A4171962
:103CB0002324D310930620006306D50213071700B0
:103CC00023A2E700B387070123A4B7001305000070
:103CD000678000001388816423A601C993878164EB
:103CE0006FF01FFA83A6C7181307170023A2E70077
:103CF000B3E6C60023A6D718B387070123A4B700ED
:103D000013050000678000001305F0FF67800000C6
:103D1000130101FD232C41012320210303A9C1C864
:103D2000232611026308090A232E3101232A510197
:103D30002328610123267101232481022322910279
:103D400023248101130B0500938B05009309F0FFD9
:103D5000930A1000832449001384F4FF634E040483
:103D600093942400B304990063900B0883274900BF
:103D700083A644009387F7FF638C870A23A204007D
:103D8000638606028327891833978A00032C49002B
:103D9000B377F70063960706E7800600032749001C
:103DA00083A7C1C863108709639E27071304F4FF24
:103DB0009384C4FFE31A34FB032481028324410269
:103DC0008329C101832A4101032B0101832BC100F7
:103DD000032C81008320C10203290102032A8101EF
:103DE000130101036780000083A74410E38077F983
:103DF0001304F4FF9384C4FFE31834FF6FF0DFFB78
:103E00008327C91883A544083377F7006316070290
:103E100013050B00E78006000327490083A7C1C8EC
:103E2000E30487F9E38A07F8138907006FF09FF22C
:103E3000232289006FF0DFF413850500E780060078
:103E40006FF0DFF5130101FE23263101B71902805F
:103E5000232C8100232A91002328210123244101BE
:103E6000232E1100138A0500130905009389893355
:103E7000EF00103D03A78900B71700009387F7FEF6
:103E8000832447003717000093F4C4FF3384F40001
:103E9000330444411354C4001304F4FF1314C40046
:103EA000634EE4009305000013050900EF40D0289D
:103EB00083A78900B38797006308F50213050900FB
:103EC000EF0050388320C101032481018324410184
:103ED000032901018329C100032A81001305000081
:103EE0001301010267800000B3058040130509003B
:103EF000EF4090249307F0FF630AF504B727028090
:103F00009387C74603A7070083A68900B38484402C
:103F100093E41400330787401305090023A2960099
:103F200023A0E700EF0010328320C10103248101A8
:103F300083244101032901018329C100032A81004F
:103F400013051000130101026780000093050000B3
:103F500013050900EF40501E03A789009306F000E7
:103F6000B307E540E3DCF6F483A641C793E7170007
:103F70002322F7003305D540B726028023A6A646A4
:103F80006FF0DFF363820518130101FF2324810022
:103F900023229100138405009304050023261100B9
:103FA000EF00102A0325C4FF130784FFB715028012
:103FB0009377E5FF3306F700938585338326460024
:103FC00003A8850093F6C6FF6302C81A2322D60011
:103FD000137515003308D6006310050A032384FF08
:103FE000032848003715028033076740832887007D
:103FF00013050534B3876700137818006382A8148B
:104000000323C70023A66800232413016306081AAC
:1040100093E617002322D7002320F6009306F01F13
:1040200063ECF60693F687FF9386860003A54500AA
:10403000B386D50003A6060013D8570093071000D7
:10404000B3970701B3E7A700138586FF2326A700D0
:104050002324C70023A2F50023A0E6002326E600C0
:10406000032481008320C1001385040083244100C0
:10407000130101016F00101D032548001375150081
:104080006306050893E61700232ED4FE2320F600CE
:104090009306F01FE3F8F6F893D697001306400056
:1040A0006360D61293D66700138596031386860342
:1040B000131535003385A50083260500130585FFFC
:1040C0006318D5006F00401583A686006308D500ED
:1040D00003A646001376C6FFE3E8C7FE03A5C600A5
:1040E0002326A7002324D700032481002324E500EE
:1040F0008320C100138504008324410023A6E60029
:10410000130101016F001014678000003715028051
:10411000B387D7001305053483268600638CA60C6D
:104120000328C60013E517003306F70023A606018F
:104130002324D8002322A7002320F6006FF01FEECF
:10414000631C0812832586000326C600B386F6008A
:1041500093E7160023A6C5002324B6002322F70008
:104160003307D7002320D7006FF09FEF137515009A
:10417000B386D70063100502032584FF3307A740E9
:104180008327C70003268700B386A6002326F600F0
:1041900023A4C70013E6160083A781C72322C70004
:1041A00023A4E500E3EEF6EA83A581C913850400A4
:1041B000EFF05FC96FF0DFEAB387D7006FF0DFF58C
:1041C000130640016370D602130640056364D606E9
:1041D00093D6C7001385F6061386E6061315350039
:1041E0006FF05FED1385C6051386B6051315350010
:1041F0006FF05FEC23AAE50023A8E50093E6170023
:104200002326A7002324A7002322D7003307F70083
:104210002320F7006FF0DFE403A845001356264083
:1042200093071000B397C700B3E7070123A2F50077
:104230006FF01FEB13064015636CD60093D6F700A2
:104240001385860713867607131535006FF09FE6F2
:1042500013064055636CD60093D627011385D60705
:104260001386C607131535006FF0DFE41305803F92
:104270001306E0076FF01FE493E617002322D70030
:104280002320F6006FF0DFDD130101FD232E310145
:1042900023261102232481022322910223202103B9
:1042A0009387B50013076001930905006362F7085F
:1042B0009307000163E4B720EF0080789307800143
:1042C00093052000930400013719028013098933F4
:1042D000B307F90003A44700138787FF6302E434A0
:1042E000832744008326C4000326840093F7C7FF76
:1042F000B307F40003A747002326D60023A4C60073
:10430000136717001385090023A2E700EF008073ED
:10431000130584008320C102032481028324410207
:10432000032901028329C1011301010367800000F1
:1043300093F487FF63C4071863E2B418EF0040707A
:104340009307701F63F8973E93D794006380071814
:1043500013074000636EF73293D764009385970389
:1043600013888703139635003719028013098933A0
:104370003306C90003244600130686FF630886023D
:104380001305F0006F0040018326C4006356072820
:10439000630ED600138406008327440093F7C7FFFB
:1043A00033879740E352E5FE930508000324090193
:1043B00093088900630E1425832744009306F000B8
:1043C00093F7C7FF3387974063CCE636232A19015A
:1043D00023281901635007341307F01F03254900F0
:1043E0006368F72413F787FF130787003307E90093
:1043F0008326070013D6570093071000B397C70012
:104400003365F500930787FF2326F4002324D400A7
:104410002322A9002320870023A6860093D72540C6
:10442000130610003316F600636AC50AB377A600B8
:10443000639407021316160093F5C5FFB377A60021
:1044400093854500639A070013161600B377A600FC
:1044500093854500E38A07FE1308F00013933500A7
:1044600033036900130503008327C500138E05007D
:104470006302F52403A747001384070083A7C7003E
:104480001377C7FFB30697406342D824E3C206FE02
:104490003307E400832647000326840013850900C0
:1044A00093E616002322D7002326F60023A4C70094
:1044B000EF004059130584006FF0DFE59307C0005B
:1044C00023A0F900130500006FF0DFE413060020BD
:1044D000930500041308F0036FF01FE9032489001B
:1044E000232861018327440013FBC7FF63689B00F7
:1044F00033079B409307F00063CAE70C2322910126
:10450000232A510103A741C783AA81C9232C410152
:10451000232671019307F0FF330A6401B38A540123
:104520006306F73CB71700009387F700B38AFA00D9
:10453000B7F7FFFFB3FAFA0093850A001385090065
:10454000EF40803F9307F0FF930B0500630AF544AB
:1045500023248101636E4523138C817D83250C0008
:10456000B385BA002320BC00138705006316AA2A6E
:10457000931745016392072A832B8900B3075B01D8
:1045800093E7170023A2FB0083A641C963F4B6009A
:1045900023AAB1C883A601C963F4B60023A8B1C891
:1045A000032C810013840B0093F7C7FF33879740D8
:1045B00063EA97389307F00063D6E738032A81014E
:1045C000832A4101832BC100832C410093E714000F
:1045D0002322F400B30494002324990013671700E6
:1045E0001385090023A2E400EF00C0458320C10227
:1045F0001305840003248102032B0101832441025B
:10460000032901028329C10113010103678000000E
:10461000032549006FF09FE0032684006FF05FCD13
:1046200003A4C70093852500E38287D86FF05FCB92
:1046300013D797009306400063F2E61493064001F7
:1046400063E4E6321306C7059306B7051316360072
:104650003306C90003270600130686FF6318E60029
:104660006F004029032787006308E6008326470080
:1046700093F6C6FFE3E8D7FE0326C7002326C4004F
:104680002324E40023248600232687006FF01FD90B
:10469000130740016378F710130740056364F72E92
:1046A00093D7C4009385F7061388E7061396350061
:1046B0006FF09FCB130E1E0093773E00130585000D
:1046C000638007108327C5006FF09FDA03268400FC
:1046D00093E514002322B4002326F60023A4C70088
:1046E000B3049400232A99002328990093E7160025
:1046F00023A6140123A4140123A2F4003307E40029
:10470000138509002320D700EF00C0331305840070
:104710006FF05FC0B307F40003A7470013850900DB
:104720001367170023A2E700EF00C03113058400D0
:104730006FF05FBE93D53400938784006FF0DFB8CD
:1047400093E614002322D400B3049400232A990092
:10475000232899009366170023A6140123A41401AB
:1047600023A2D400B307F4001385090023A0E700B7
:10477000EF00402D130584006FF0DFB913D76700F9
:104780001306970393068703131636006FF05FEC4A
:10479000630C240703248900032C81008327440031
:1047A0006FF09FE09385C7051388B7051396350012
:1047B0006FF09FBB832783009385F5FF639E672679
:1047C00093F73500130383FFE39607FE03274900A1
:1047D0009347F6FFB3F7E7002322F90013161600FC
:1047E000E3EEC7CEE30C06CE3377F600631A07007C
:1047F000131616003377F600130E4E00E30A07FE79
:1048000093050E006FF09FC5138C817D03270C006C
:104810003387EA002320EC0083A641C79307F0FF0B
:104820006386F618B3874B41B387E7002320FC006B
:1048300093FC7B00638C0C0CB38B9B41B71700007F
:1048400093878700938B8B00B3859741B38A5B0175
:10485000B38555419395450113DA450193050A0047
:1048600013850900EF40400D9307F0FF6300F51832
:1048700033057541B30A450103270C002324790150
:1048800093E71A00B305EA002320BC0023A2FB0033
:10489000E30C24CF9306F00063F0660B032744007B
:1048A00093074BFF93F787FF137717003367F700E2
:1048B0002322E400130650003307F4002322C7002C
:1048C0002324C70063E6F60083A74B006FF0DFCB1D
:1048D0009305840013850900EFF0CFEA832B89004C
:1048E00083250C0083A74B006FF01FCA938A0A012F
:1048F0006FF09FC493D6264093071000B397D7005C
:104900003365F5002322A9006FF05FD7B3855B0103
:10491000B305B0409395450113DA450193050A00AC
:1049200013850900EF4040019307F0FFE312F5F40F
:10493000130A00006FF05FF4032C8100930710004E
:1049400023A2FB0013850900EF00C00F1305000030
:10495000032A8101832A4101032B0101832BC1001A
:10496000832C41006FF01F9B9306400563E4E6042F
:1049700013D7C7001306F7069306E706131636008B
:104980006FF01FCD130740156364F70493D7F4004D
:104990009385870713887707139635006FF0DF9CA0
:1049A00003248900832744006FF01FC023AA71C726
:1049B0006FF01FE89306401563E4E60413D7F70091
:1049C0001306870793067707131636006FF05FC844
:1049D000130740556364F70493D724019385D707E1
:1049E0001388C707139635006FF01F98938C8CFFC0
:1049F000B38A9A01B38A7A41130A00006FF0DFE7A5
:104A00009306405563E4E60213D727011306D70740
:104A10009306C707131636006FF09FC31306803F37
:104A20009305F0071308E0076FF01F941306803F0B
:104A30009306E0076FF0DFC1832749006FF01FDAAC
:104A40006780000067800000130101ED232611122A
:104A500023229112232A511123267111938A0500D2
:104A6000930406002324D100930B0500EF30D06B94
:104A700083270500138507002322F102EFF00F972B
:104A80002320A10263880B0083A74B0363940700D4
:104A90006F1040738397CA0013972701634607027C
:104AA00003A74A0637260000B7E6FFFFB3E7C700B3
:104AB0009386F6FF9397070193D707413377D70083
:104AC0002396FA0023A2EA0613F787006302072E53
:104AD00003A70A01630E072C93F7A7011307A00091
:104AE000638AE72EB71702802328611123248111DE
:104AF000130B010B9387C78F371C0280232481126D
:104B0000232C4111232EB10F23202113232E3111E9
:104B1000232291112320A111232E610723220108B2
:104B200023200108232A0100232C0100232E010049
:104B300013040B0023240102232801022322010075
:104B40002326F100130A0001130C0CA72320710186
:104B5000938D040083C70D00638C071E93840D00A2
:104B6000130750026386E72A83C714009384140056
:104B7000E39A07FE3389B441638CB41D03274108CF
:104B8000832701082320B4013307270193871700E7
:104B9000232224012322E1082320F10813077000B7
:104BA00013048400634EF7260327410083C70400E3
:104BB000330727012322E100638C07189384140034
:104BC000A30F01049309F0FF930B000013090000E9
:104BD0009306800503CD0400938D140093070DFE0A
:104BE00063E6F6040327C10093972700B387E70025
:104BF00083A7070067800700930B000093070DFD54
:104C00001306900003CD0D0013972B00B30B770113
:104C1000939B1B00B38B770193070DFD938D1D00B4
:104C2000E372F6FE93070DFEE3FEF6FA63020D1241
:104C30002304A109A30F010413071000930410001B
:104C4000930C8108130F0900930900002328010029
:104C5000930F000093724F080329410863960200E6
:104C6000B387EB40E342F0448347F105638A0702D0
:104C7000832701089306F1052320D40013091900A6
:104C800093061000938717002322D40023222109C2
:104C90002320F108930670001304840063C0F61A01
:104CA000638A0F0283270108930601062320D4009C
:104CB0001309290093062000938717002322D400AC
:104CC000232221092320F108930670001304840095
:104CD000E3CEF64E93070008E38AF208B3899940C1
:104CE000E34E301993770F106394077483270108FC
:104CF00033099900232094019387170023229400FD
:104D0000232221092320F1089306700063CCF620AA
:104D100013048400137F4F0063060F00B384EB403D
:104D2000E342904E13830B0063D4EB0013030700A0
:104D300083274100B38767002322F100E31A092289
:104D400083C70D002320010813040B00E39807E03C
:104D500083274108832B0100638407006F1040758F
:104D600083D7CA00032481120329011293F7070491
:104D70008329C111032A8111032B0111032C8110F6
:104D8000832C4110032D0110832DC10F6384070074
:104D90006F10901D8320C11203254100832441120E
:104DA000832A4111832BC110130101136780000076
:104DB00093850A0013850B00EF30006C6304050037
:104DC0006F10901A8397CA001307A00093F7A701EA
:104DD000E39AE7D08397EA00E3C607D083268100F1
:104DE0008320C1121386040093850A008324411294
:104DF000832A411113850B00832BC110130101136A
:104E00006F1010381369090193840D006FF09FDC57
:104E10003389B441E394B4D783C704006FF0DFD97A
:104E2000032501001306C10793850A00EF105054B3
:104E3000E31805F213040B006FF01FD703250100E0
:104E40001306C10793850A00232EE102232CE103F8
:104E5000232A51022326F103EF109051E31205F0AB
:104E6000032941080327C103032F81038322410340
:104E7000832FC10213040B006FF09FE28327010808
:104E8000B71602809386868F2320D4001309190059
:104E900093061000938717002322D40023222109B0
:104EA0002320F108930670001304840063D4F600F5
:104EB0006F108010630406006F1080458326410147
:104EC00093771F00B3E7D700E38607E48327410207
:104ED000832601022320F40083270108B3852601DD
:104EE0002322D400938717002322B1082320F1083E
:104EF0009306700063D4F6006F108064130484007E
:104F00008326410193871700232094013389B6003B
:104F10002322D400232221092320F10893067000C4
:104F2000E3D8F6DE032501001306C10793850A00C6
:104F30002326E1022328E101EF109043E31205E26A
:104F400003294108032F01010327C10213040B00A9
:104F50006FF05FDC93778900E39C07608327810013
:104F60009387770093F787FF03A70700938787004E
:104F7000232CE10003A7C7FF2324F100232EE10027
:104F8000832CC10103A7C1C18326810183A701C26C
:104F900093941C0093D41400138506009385040099
:104FA0001306070093860700EF90504C630405003A
:104FB0006F1000048326810103A7C1C183A701C22A
:104FC00013850600938504001306070093860700E7
:104FD000EF80503B6344A0006F10800103278101E4
:104FE00093850C00130600001305070093060000CC
:104FF000EF805039635405006F1040438346F1053C
:105000009307700463D4A7016F108041B71C02801E
:10501000938C8C8B23280100137FF9F71307300042
:1050200093043000930900006384060013071700FF
:10503000937F2F00E3800FC213072700930F2000F8
:105040006FF05FC1832681009377090103A70600F3
:10505000938646002324D1006392071293760904B5
:1050600093070700E390064E634E07108346F10551
:1050700063C40904137FF9F7631E070213071000C6
:10508000639E0920E314073C93741900930C0B00F2
:105090006382040493070003A307F10A930CF10A47
:1050A0001387040063CC340323280100E39006F83F
:1050B0006FF01FF813090F0013079000E364F76CFB
:1050C00093870703A307F10A130F09009304100045
:1050D000930CF10A13870400E3D834FD1387090009
:1050E000232801006FF09FFC8327810083AB07001A
:1050F000938747002324F100E3D80BD0B30B704112
:105100001369490093840D006FF0DFAC03CD0D00EF
:105110009307A002938D1D006314FD006F10807D26
:1051200093070DFD930590001307000013069000F0
:1051300093090000E3E4F5AA03CD0D0093192700BD
:10514000B389E900939919003387F90093070DFD9E
:10515000938D1D00E372F6FE93090700E35007A844
:105160009309F0FF6FF09FA783278100136909015E
:1051700003A70700938747002324F1009307070044
:10518000E35607EEB307E0409306D0021307100082
:105190006F00000A1369090893840D006FF09FA344
:1051A0001369090493840D006FF0DFA203278100C7
:1051B000A30F01049304100083270700130747007F
:1051C0002324E1002304F10813071000930C810845
:1051D0006FF05FA79307B002A30FF10493840D0053
:1051E0006FF05F9F1369190093840D006FF09F9E0D
:1051F0008347F105E39A07C093070002A30FF10468
:1052000093840D006FF01F9D1369890093840D0036
:105210006FF05F9C03278100136909018327070052
:10522000130747002324E100130710009306000032
:10523000A30FD10463C80900137FF9F7E38207E4E1
:1052400013090F0013061000E308C7E61306200039
:105250006306C706930C0B0013F7770013070703C9
:10526000A38FECFE93D7370013860C00938CFCFFC2
:10527000E39407FE937719006384070693070003FE
:105280006300F7061306E6FFA38FFCFEB304CB40D2
:10529000130F0900930C06006FF0DFE39307100073
:1052A0006314F7006F10C03F9307200013090F002D
:1052B0006304F7006F1000219307000003268102AA
:1052C000930C0B0013F7F7003307E60003470700C2
:1052D00093D74700938CFCFF2380EC00E39407FEF8
:1052E000B3049B41130F09006FF0DFDE0327810039
:1052F0001369090183270700130747002324E100EE
:10530000130700006FF09FF28326810013770901D5
:1053100083A70600938646002324D100E31607F0F6
:1053200013770904E30207F09397070193D7070166
:10533000130710006FF09FEF83278100A30F010474
:1053400083AC070013884700E3800C32232401015B
:1053500063D409006F10400713860900930500000D
:1053600013850C00EF30003F032881006314050013
:105370006F10803AB30495418346F10513C7F4FFDB
:105380001357F741232401012328010033F7E400D8
:10539000130F090093090000E39A06C86FF05FC974
:1053A0008326810037870000130707832310E10657
:1053B000138746002324E100371702801307C78DA7
:1053C0002324E10283A706001369290013072000A4
:1053D000130D80076FF09FE5832681001377090185
:1053E00083A70600938646002324D100E31A07F022
:1053F00013770904E30607F09397070193D7070192
:10540000130700006FF09FE293770901E38407140C
:10541000832781000327410083A7070023A0E7001B
:1054200083278100938747002324F1006FF08FF2D8
:105430009307500663DAA735832681018327C101CC
:1054400013060000138506009385070093060000ED
:10545000232AE1022326E103EF80005A032FC10231
:10546000032741036316056683270108B7160280E8
:105470009386868F2320D400130919009306100009
:10548000938717002322D400232221092320F10827
:105490009306700013048400E3C0F64C8327410692
:1054A00083264101E3D8D7088327410283260102DE
:1054B00013048400232CF4FE832701083309D90048
:1054C000232ED4FE93871700232221092320F108DD
:1054D00093067000E3CCF60E832741019384F7FF17
:1054E000E35A9082930600018327010863C4960063
:1054F0006F10003DB7160280938606A72326E102AF
:10550000032D010013070400930900011384040014
:10551000930C70002328E101938406006F00C00003
:10552000130404FFE3D6894A13090901938717007E
:105530002320970023223701232221092320F10869
:1055400013078700E3DEFCFC1306C10793850A00FE
:1055500013050D00EF10C061E31405800329410815
:105560008327010813070B006FF09FFBB387EB4005
:105570006356F0F6930600010326010863C4F600A3
:105580006F10C01DB7160280938606A7232A9102CA
:10559000930509009308000113090700930F700099
:1055A000130704002326E1031384070093840600F5
:1055B0006F00C000130404FF63DA880493850501BB
:1055C0001306160023209700232217012322B10877
:1055D0002320C10813078700E3DECFFC0325010069
:1055E0001306C10793850A00EF108058631A05F669
:1055F00093080001130404FF8325410803260108D2
:1056000013070B00930F7000E3CA88FA9386040017
:10561000032FC102832441039307040013040700EE
:1056200013070900138905003309F9001306160052
:105630002322F4002320D400232221092320C1089F
:10564000930770001304840063DAC7E803250100A0
:105650001306C10793850A00232AE1022326E103EA
:10566000EF100051631E05EE032941080327410393
:10567000032FC10213040B006FF04FE6B716028030
:1056800083270108938606A7635A3A0993060900FF
:1056900093087000130907002326E1031307040091
:1056A0001384090093090C006F00C000130404FF69
:1056B00063588A0493860601938717002320870185
:1056C000232247012322D1082320F1081307870052
:1056D000E3DEF8FC032501001306C10793850A00E9
:1056E000EF100049631E05E6130404FF83264108FA
:1056F0008327010813070B0093087000E34C8AFA14
:10570000032FC10213860900930904001304070044
:1057100013070900138906009306060033093901AF
:10572000938717002320D400232234012322210948
:105730002320F108930670001304840063D4F6DA82
:10574000032501001306C10793850A00232AE102FD
:105750002326E103EF10C041631405E0032941084B
:1057600003274103032FC10213040B006FF08FD7EF
:10577000032501001306C10793850A00EF10403F7F
:10578000630005DC6FF0CFDD83240108832641012F
:105790009307100023209401130919009384140027
:1057A0009309840063DAD74A930710002322F40098
:1057B00023222109232091089307700063CC97745A
:1057C0008327010283264102938414003309F900E0
:1057D00023A2F90023A0D900232221092320910824
:1057E000930770009389890063C297768327C1016C
:1057F000832681011306000093850700832741015A
:1058000013850600930600002326E1022328E10108
:105810001384F7FFEF80401E032F01010327C1020D
:1058200063040548938C1C00938414003309890099
:1058300023A0990123A28900232221092320910872
:105840009307700093898900E3C2971483260103AC
:105850009307C106938414003389260123A0F9001D
:1058600023A2D90023222109232091089307700045
:105870001384890063D097CA032501001306C1076A
:1058800093850A002326E1022328E101EF10402E30
:10589000631805CC032941080327C102032F010126
:1058A00013040B006FF00FC79306000103260108D5
:1058B000E3D6F668B7160280938606A6232E9102D9
:1058C0009305090093080001130907009303700072
:1058D000130704002326F103232A5102232CE1039A
:1058E00013840700938406006F00C000130404FFB4
:1058F00063DA8804938505011306160023209700B8
:10590000232217012322B1082320C108130787008F
:10591000E3DEC3FC032501001306C10793850A00DB
:10592000EF100025631E05C293080001130404FF55
:10593000832541080326010813070B009303700019
:10594000E3CA88FA93860400832FC10283224103AD
:10595000032F81038324C10393070400130407006A
:1059600013070900138905003309F900130616000F
:105970002322F4002320D400232221092320C1085C
:10598000930770001304840063D0C7AE03250100A1
:105990001306C10793850A00232EE102232CE1039D
:1059A000232A51022326F103EF10801C631A05BA43
:1059B000032941080327C103032F810383224103E5
:1059C000832FC10213040B006FF00FAA03250100FF
:1059D0001306C10793850A00232CE102232AE10361
:1059E00023265102EF10C018631C05B60329410895
:1059F00003278103032F41038322C10213040B00F9
:105A00006FF04FAD9306000183270108E3D296544F
:105A1000B7160280938606A6138D04009309000131
:105A2000930C70002328E100938406006F00C000EF
:105A3000130D0DFF63D6A9051309090193871700FC
:105A40002320940023223401232221092320F1085A
:105A500013048400E3DEFCFC032501001306C107E8
:105A600093850A00EF10C010631C05AE130D0DFFE7
:105A7000032941088327010813040B00E3CEA9FB87
:105A8000032701019386040093040D003309990054
:105A9000938717002320D400232294002322210976
:105AA0002320F1089306700063DEF6A603250100AB
:105AB0001306C10793850A002328E100EF10400B6D
:105AC000631005AA03294108032701016FF08FA580
:105AD000032641066354C0BA83274101832601018E
:105AE0009389070063C8F62C6356300383270108A7
:105AF00033093901232094019387170023223401AD
:105B0000232221092320F108930670001304840046
:105B1000E3CEF61A93C7F9FF93D7F741B3F9F9002B
:105B200083270101B389374163403037832641061B
:105B30008327410163D6F628832741020326010209
:105B400013048400232CF4FE832701083309C900C1
:105B5000232EC4FE93871700232221092320F10856
:105B600013067000E342F63083274101032601014A
:105B7000B386D740B389C74063D436019389060002
:105B8000635A3003832701010326010833093901D1
:105B9000B38CFC0013061600232094012322340149
:105BA000232221092320C1089307700013048400D5
:105BB000E3C0C73213C6F9FF1356F641B3F7C90065
:105BC000B384F6406358909493060001832701083C
:105BD000E3D8964EB7160280938606A72326E102E5
:105BE000032D01001307040093090001138404002E
:105BF000930C70002328E101938406006F00C0001D
:105C0000130404FF63D6895C130909019387170005
:105C10002320970023223701232221092320F10882
:105C200013078700E3DEFCFC1306C10793850A0017
:105C300013050D00EF00D07363140592032941088A
:105C40008327010813070B006FF09FFB93040000EC
:105C5000930C0B006FF00FC893761F00E39606B409
:105C60002322F400232221092320910893077000A6
:105C7000E3DE97BC032501001306C10793850A00E4
:105C80002326E1022328E101EF00906E631A058CC0
:105C900003294108832401080327C102032F0101BE
:105CA00093090B006FF09FBA832641019307100000
:105CB000E3DED7B893071001E3DED73EB7160280C4
:105CC000938606A793870900930C000193090700A8
:105CD000130D7000130709002328E1011389060042
:105CE0006F00C000130404FF63DA8C701307070110
:105CF0009384140023A0270123A297012322E10803
:105D00002320910893878700E35E9DFC0325010013
:105D10001306C10793850A00EF0090656304050030
:105D20006FF00F84032741088324010893070B00B9
:105D30006FF05FFB93771F00639407006FE09FFD98
:105D40006FF08FF6131707011357074193070700EA
:105D50006FF00FC3937F0904638C0FEA83278100E0
:105D60000327410083A707002390E7006FF04FEB64
:105D700003278100130501048327070093044700CC
:105D800003A707002320E10403A747002322E1041F
:105D900003A787002324E10483A7C7002326F10477
:105DA000EF900012232CA100232EB1002324910098
:105DB0006FF00F9D93890600E34A30D36FF09FD5B3
:105DC00093771F00E38207DA6FF01FD703250100E6
:105DD0001306C10793850A002326E1022328E10167
:105DE000EF001059630405006FE09FF70329410895
:105DF0000327C102032F010113040B006FF0CFED45
:105E0000B71702809387878C2324F10283268100B1
:105E10001377090183A70600938646002324D10047
:105E2000631A0700137709046306070093970701B5
:105E300093D707019376190013072000638806BEE5
:105E4000638607BE930600032300D106A300A107C3
:105E5000136929006FF08FBDB71702809387C78D34
:105E60002324F1026FF09FFA9307600093840900E6
:105E700063E83769B71C02801387040023240101FB
:105E8000938C0C8F6FE01FDC9306000183270108C1
:105E9000E3DC3625B716028093050700938606A734
:105EA000130704001306090013840900130D0001F1
:105EB000930470002326E1031389060093890500EB
:105EC0006F00C000130404FF635A8D5613060601C9
:105ED00093871700232027012322A7012322C1082B
:105EE0002320F10813078700E3DEF4FC03250100FB
:105EF0001306C10793850A00EF009047630405006D
:105F00006FE01FE6032641088327010813070B00F3
:105F10006FF05FFB032501001306C10793850A009C
:105F20002326E1022328E101EF00904463040500E9
:105F30006FE01FE303294108832401080327C102FE
:105F4000032F010193090B006FF09F8703250100C8
:105F50001306C10793850A002326E1022328E101E5
:105F6000EF001041630405006FE09FDF0329410843
:105F7000832401080327C102032F010193090B00A9
:105F80006FF0DF86930C0B001306A0001305900042
:105F900033F7C702938CFCFF9385070013070703B1
:105FA0002380EC00B3D7C702E364B5FEB3049B4182
:105FB000130F09006FF00F92032501001306C107AC
:105FC00093850A002326E1022328E101EF00503ADD
:105FD000630405006FE0DFD803264106032941086A
:105FE0000327C102032F010113040B006FE09FEC94
:105FF000032881018327C101130608001305080047
:106000009386070093850700EF805046E312050250
:106010001377FDFD9307F0FF2326E102136F0910AC
:106020006388F96E930770046302F7688327C101E0
:10603000930200009384070063C0074E9307600635
:1060400013870900930630006310FD4E032681017B
:106050001308810693074106130506009305050002
:10606000032501009308410713860400232A5102E7
:10607000232AE1012328E100EF20D0580327010162
:1060800093076006032F410183224103930C05000F
:106090003308E500631CFD0083C60C009307000372
:1060A0006380F656832741063308F8008327810171
:1060B0009385040013060000138507009306000073
:1060C000232A5102232A01012328E101EF70D01273
:1060D000032F010103284101832241036306054286
:1060E0008327410763FE0701930600031387170008
:1060F000232AE1062380D70083274107E3E807FF2F
:10610000032741062328E100B3879741232AF100A2
:106110008327C102130770046384E71493076006A2
:106120006312FD180327010193771900B3E73701C4
:106130006356E07E639C077283240101130D6006A1
:1061400013870400638802509307D002A30FF10461
:10615000930900006FE09FED032501001306C107BE
:1061600093850A002326E1022328E101EF00502055
:10617000630405006FE0DFBE032941080327C10265
:10618000032F010113040B006FF04FB10325010031
:106190001306C10793850A002326E1022328E101A3
:1061A000EF00101D630405006FE09FBB0329410849
:1061B00083240108032F01010327C10293090B0067
:1061C0006FF0CFE813850B00EFD00F876FE09F8C47
:1061D00093860400032F01019304040013040700B5
:1061E0000327C10233099900938717002320D400A5
:1061F0006FE0DFB063CC07688324C1019302000025
:106200009309100003278101930741069308410772
:1062100013050700930505000325010013088106F7
:10622000138709009306200013860400232A5100D7
:106230002328E101EF20103D93771900032F01017E
:1062400083224101930C0500639007508327410688
:106250002328F10083274107B387A740232AF100B1
:10626000032701019307D0FF634CF70263CAE902D9
:106270008327410103270101634CF750937F1900E5
:106280008327010163960F5C13C7F7FF1357F7418C
:1062900033F7E70093840700130D70066FF09FEA51
:1062A000130DEDFF032701012306A1079307B00299
:1062B0009308F7FF2322110763CC0832A306F106E7
:1062C0009307900063C0172D9387080313070003FB
:1062D000A307F106930740002307E1062328F102F4
:1062E000032741018326010393071000B304D7005D
:1062F00063D2E7488327010223280100B384F40016
:1063000013C7F4FF1357F74133F7E4006FF09FE32F
:10631000832741028326010213048400232CF4FE08
:1063200083270108B3852601232ED4FE9387170007
:106330002322B1082320F1089306700063C2F620DF
:10634000634406006FE0DFBB930600FFB304C04068
:106350006356D660B7160280938606A72328E1000D
:10636000930900011307040013097000130D0F00B7
:10637000138406006F00C000938404FF63D4994423
:106380009385050193871700232087002322370177
:106390002322B1082320F10813078700E35EF9FCEC
:1063A000032501001306C10793850A00EF00407C16
:1063B000630405006FE0DF9A832541088327010805
:1063C00013070B006FF05FFB13850C00EFD01F82EB
:1063D0008346F1051347F5FF1357F74123280100C2
:1063E000930405003377E500130F090093090000BB
:1063F000638406006FE09FC36FE09FC3032F01011A
:106400009306090013090700138709009389070001
:10641000330989009384140023A0D9006FF08FC141
:10642000B71C0280938CCC8B6FE0DFBE9307D00249
:10643000A30FF1049306D0026FE09FBC032FC102AB
:1064400093850900930609009309040013090600C7
:1064500013040700138705003309390193871700D8
:106460002320D40023223401232221092320F108F0
:10647000930670001304840063DAF6EA0325010032
:106480001306C10793850A00232AE1022326E103AC
:10649000EF00006E630405006FE09F8C0329410844
:1064A00003274103032FC10213040B006FF00FE811
:1064B0001306C10793850A0013850B00EF00406B9C
:1064C0006FE01F8A930700006FE0DFD8032501000B
:1064D0001306C10793850A00232AE1022326E1035C
:1064E000EF000069630405006FE09F8703294108FE
:1064F00003274103032FC10213040B006FF08FE148
:10650000930460006FF01F97832741062328F10052
:10651000930708006FF05FBFB7040080B3C4F400B6
:106520009302D0026FF09FB10327C102930750047A
:10653000E31AF7CC13871900930620006FF01FB100
:10654000032501001306C10793850A002326E102F3
:106550002328E101EF00C061630405006FE05F8064
:106560000326410683254108832701080327C1022A
:10657000032F010113040B00634406006FE05F98D2
:106580006FF09FDC1305B107930605001306A0000A
:106590001308300633E7C802938706009385080086
:1065A0009386F6FF13070703A38FE7FEB3C8C8025D
:1065B000E342B8FE938808031387E7FFA38F16FF13
:1065C0006378A7389306E106034607001307170010
:1065D00093861600A38FC6FEE318A7FE1307010FCC
:1065E000B307F7409387F7F82328F1026FF05FCFE6
:1065F00093071000B388E7409307D0026FF01FCCD9
:10660000832681019385040013060000138506008C
:1066100093060000232C5102232A0103232AE100C0
:106620002328E101EF70403D032F010103274101C1
:10663000032841038322810363140526832741062F
:106640003308F8002328F100B3079841232AF1000A
:106650006FF05FAD8346F105930900006384060087
:106660006FE0DF9C6FE0DF9C032501001306C1078C
:1066700093850A00232AE1022326E103EF00404F1D
:10668000630405006FE0CFED83264106032941082E
:1066900003274103032FC10213040B006FF0CFCC7B
:1066A00013090F00930700006FE09FA18327C1012A
:1066B000E38209B49384070093020000E3D407B493
:1066C000B7040080B3C4F4009302D0026FF09FB30C
:1066D000032501001306C10793850A002326E10262
:1066E0002328E101EF00C048630405006FE04FE795
:1066F0008326410683274101032941080327C1025C
:10670000032F010113040B00B386D7406FF08FCA2B
:10671000930960006FF09F918346F10523280100E3
:106720001387090093840900130F090093090000DF
:10673000638406006FE09F8F6FE09F8FB716028023
:10674000938606A66FF04FA2330835016FF01F96AF
:10675000B7160280938606A66FF04FB3B716028075
:10676000938606A76FE05FEC9307F0FF2322F1000A
:106770006FE04FE2937719002328F100E39C07B6FE
:1067800013C7F4FF1357F74133F7E4006FF09F9BF3
:106790008327410103270102B384E7008327010116
:1067A0006348F000832701013388F4409304180004
:1067B00013C7F4FF1357F74133F7E400130D7006C6
:1067C0006FF05F989306040013040700032701018C
:1067D000130F0D00B3859500938717002320D40075
:1067E000232294002322B1082320F108930670008D
:1067F00063C4F6006FE08FF0032501001306C107A4
:1068000093850A002326E1022328E101EF004036A8
:10681000630405006FE0CFD4832541088327010876
:106820000327C102032F010113040B006FE04FED9A
:106830008327C10163C2070A8346F10593077004E9
:1068400063C6A709B71C0280938C0C8C6FE08FFC89
:1068500003270102130D7006B384E70013C7F4FF8A
:106860001357F74133F7E4006FF0DF8D8327010200
:106870003388E900130D6006B304F80013C7F4FF72
:106880001357F74133F7E4006FF0DF8BB704008054
:10689000B3C4F4009302D002930910006FF09F96E6
:1068A00093071000B387E7402322F1063308F8006E
:1068B0006FF0CFFFB7160280938606A76FF05FB523
:1068C000B7160280938606A76FF0DF91B71C02808F
:1068D000938C4C8C6FE00FF49307D002A30FF1045C
:1068E0009306D0026FF09FF5B7160280938606A735
:1068F0006FF09FB68327810083A907009387470025
:1069000063C809002324F10093840D006FE08FAC6D
:106910009309F0FF2324F1006FF01FFF639A070033
:1069200013071000130D6006930410006FF09F8191
:1069300083270102130D600613881700B304380182
:1069400013C7F4FF1357F74133F7E4006FF08FFFDD
:10695000930720002328F1026FF09F98B71602805A
:10696000938606A76FF01FE79307050003A501C7ED
:106970009306060013860500938507006FE0CF8C11
:10698000130101B88397C50003D7E500232C814686
:1069900013840500B70501009385D5FF032E440637
:1069A0000323C4018328440213170701B3F7B70078
:1069B000B3E7E70013080040232AF10093058100A4
:1069C00093070107232A914623282147232E1146A6
:1069D000130905002326C107232261022326110380
:1069E0002324F100232CF10023280101232E01018F
:1069F00023200102EFE04F8593040500635C05024C
:106A00008357410193F70704638807008357C40045
:106A100093E707042316F4008320C147032481472A
:106A200003290147138504008324414713010148CA
:106A3000678000009305810013050900EF10804472
:106A4000E30005FC9304F0FF6FF09FFB83A745066E
:106A5000130101FD23286101232611021397270149
:106A6000130B06006358070E83278600232021039B
:106A7000232E3101232A5101232671011389050098
:106A8000832B060093090500930AF0FF6388070A29
:106A90002324810223229102232C410123248101FA
:106AA00003AC4B0003A40B00135A2C0063060A0628
:106AB000930400006F00C00013044400630C9A04A8
:106AC000832504001306090013850900EF10103E0A
:106AD00093841400E31255FF0324810283244102AE
:106AE000032901028329C101032A8101832A41016B
:106AF000832BC100032C81001305F0FF8320C1020A
:106B000023240B0023220B00032B0101130101039B
:106B10006780000083278B00137CCCFFB3878741FD
:106B20002324FB00938B8B00E39C07F60324810254
:106B300083244102032A8101032C810003290102DD
:106B40008329C101832A4101832BC1001305000061
:106B50006FF0DFFAEF1040418320C10223240B00C5
:106B600023220B00032B01011301010367800000A6
:106B700003278600630407006FF05FED2322060001
:106B80001305000067800000130101F22326310D78
:106B9000232C810B2326B10B232E110C2320A100C3
:106BA00093890500930D0600138C0600630605000B
:106BB00083274503E38E07588397C900139727015E
:106BC0006346070203A7490637260000B7E6FFFF22
:106BD000B3E7C7009386F6FF9397070193D7074162
:106BE0003377D7002396F90023A2E90613F787002D
:106BF0006308071203A709016304071293F7A701AB
:106C00001307A000638EE712B71702802328210D17
:106C1000232E710B13090106938707A8B71B028067
:106C2000232C810C232A910C2324410D2322510D66
:106C30002320610D232A910B2328A10B2326210356
:106C4000232A010223280102130709002326010039
:106C5000232201002328F10013040001938B4BBF72
:106C600083C70D006386071093840D0093065002BE
:106C70006386D72E83C7140093841400E39A07FE1B
:106C8000338AB4416386B40F83264103832701030B
:106C90002320B701B306DA009387170023224701A8
:106CA000232AD1022328F10213067000130787005C
:106CB0006350F602E382062E032501001306C1028B
:106CC00093850900EFF09FD86318050A13070900A0
:106CD0008326410083C70400B38646012322D100E6
:106CE0006388070893871400A30301029306F0FF4B
:106CF00093040000930C00001305800503C60700F1
:106D0000938D1700930706FE6368F50E8325010136
:106D100093972700B387B70083A707006780070012
:106D20000325010093850900EF100075E31E054C53
:106D30008397C9001307A00093F7A701E396E7EC38
:106D40008397E900E3C207EC032501008320C10D0E
:106D500093060C0013860D00032C810B832DC10AB2
:106D6000938509008329C10C1301010E6F00D04ED9
:106D700083274103E39C074283D7C9000324810D85
:106D80008324410D93F707040329010D032A810C85
:106D9000832A410C032B010C832BC10B832C410B49
:106DA000032D010BE39207468320C10D032541000B
:106DB0008329C10C032C810B832DC10A1301010E01
:106DC0006780000093040000930706FD13089000FD
:106DD00003C60D0093952400B38595009395150087
:106DE000B384B700930706FD938D1D00E372F8FE90
:106DF000930706FEE37CF5F0E30C06F6230CC102D4
:106E0000A3030102130A1000130B1000930A81035D
:106E100093060000130F00000326010393FF4C08A4
:106E20008327410393051600138E050063960F0018
:106E3000338D4441E340A00383457102638A050218
:106E400013067102938717002320C7001306100052
:106E50002322C700232AF1022328C103130670004E
:106E60006342C67913060E0013078700130E1E0037
:106E700063000F0613068102938727002320C700B3
:106E8000130620002322C700232AF1022328C1036E
:106E9000130670006358C67BE386071003250100C4
:106EA0001306C10293850900232AD1002324F1018E
:106EB000EFF0DFB9E31205EC03260103832741035A
:106EC00083264101832F810013070900130E16004A
:106ED000930500086382BF54338D66416348A06305
:106EE000B307FB002320570123226701232AF10265
:106EF0002328C1039306700063D4C6516388070634
:106F0000032501001306C10293850900EFF01FB4A9
:106F1000E31405E6832741031307090013F34C002C
:106F200063060300338B4441634E600563D4440120
:106F300093040A0003274100330797002322E1004E
:106F4000639E076623280102130709006FF05FD1D3
:106F500093EC0C0193870D006FF05FDA338AB44134
:106F6000E394B4D383C704006FF09FD723280102B2
:106F700013F34C006300037C338B4441635C607B00
:106F8000130709009306000103260103E3D86625D1
:106F9000371E0280130E4EBE130D0001930A7000BF
:106FA0006F008001930526001307870013860600F3
:106FB000130B0BFF635C6D059387070193061600A7
:106FC0002320C7012322A701232AF1022328D1026B
:106FD000E3DADAFC638A0742032501001306C102E3
:106FE000938509002324C101EFF05FA6E31605D8BD
:106FF00003260103130B0BFF83274103032E81009C
:107000001307090093051600E3486DFBB38767017A
:107010002320C70123226701232AF1022328B1027A
:1070200013077000E354B7F063860770032501006F
:107030001306C10293850900EFF05FA1E31E05D29C
:10704000832741036FF09FEE93F70C0103260C009A
:10705000130C4C00639A071093F50C049307060079
:10706000E3920500634006040345710263C8060409
:1070700093FCFCF763140604E39A0616130A000057
:10708000130B0000930A090063040500130A1A0099
:1070900013FF2C00E3020FD8130A2A00130F20005D
:1070A0006FF09FD79307D002A303F102B307C0404C
:1070B00063C4060093FCFCF71305D002130690008E
:1070C0006364F6749387070393F7F70FA30FF10434
:1070D000138A06006344D000130A1000130B10003B
:1070E000930AF105E31405FA6FF09FFA83240C006C
:1070F000130C4C00E3D004E6B304904093EC4C0036
:1071000093870D006FF09FBF03C60D009307A00289
:1071100093881D00E300F610930706FD9306900088
:107120009305000013089000E3E4F60A03C6080084
:1071300093962500B386B60093961600B385D700C4
:10714000930706FD93881800E372F8FE9386050006
:1071500063C00574938D08006FF0DFBA03260C003E
:1071600093EC0C01130C4C00930706006FF09FEF9B
:1071700093EC0C0893870D006FF05FB89307B00293
:10718000A303F10293870D006FF05FB793EC1C002F
:1071900093870D006FF09FB683477102E39C07DA77
:1071A00093070002A303F10293870D006FF01FB550
:1071B00083270C00A3030102130C4C00230CF102E3
:1071C000130A1000130B1000930A81036FF05FC4C1
:1071D00083270C0013EB0C01130C4C00A3030102DA
:1071E00013061000930C0B0013050000E3C806EC17
:1071F000937CFBF76392075663920674631E065EE8
:10720000137B1B0063020B6493070003A30FF104BD
:10721000130A0B00930AF1056FF09FE783270C0018
:1072200013EB0C01130C4C00A30301021306000026
:10723000930C0B00E3DE06FA930A090013F67700BD
:1072400013060603A38FCAFE93D7370093850A005F
:10725000938AFAFFE39407FE93F71C00638A0716EC
:10726000930700036306F6169385E5FFA38FFAFEE6
:10727000330BB940138A060063C66661938A050022
:107280006FF01FE113F60C0183270C00130C4C0068
:10729000631A060013F60C046306060093970701B1
:1072A00093D70701138B0C006FF01FF893F70C01B5
:1072B0006390070213F30C04630C030083270C0094
:1072C00083264100130C4C002390D7006FF05F9988
:1072D00083270C0083264100130C4C0023A0D70009
:1072E0006FF01F9893EC0C0493870D006FF01FA1B3
:1072F00013F60C0183270C00130C4C00631A0600D4
:1073000013F60C04630606009397070193D7070151
:10731000138B0C006FF09FEC832A0C00A303010277
:10732000130C4C00638A0A6263CA06561386060071
:107330009305000013850A00232AE1002324D100CD
:10734000EF1040418326810003274101138B060083
:1073500063040500330B554183477102134AFBFF59
:10736000135AFA41337A4B0193060000130F0000C1
:10737000E39E07D06FF05FAA3786000013060683EE
:107380002314C102371602801306C68D83270C0012
:1073900093EC2C00130C4C002326C100A303010224
:1073A000138B0C0013062000E3D406E4930A0900B3
:1073B0008325C10013F6F700938AFAFF3386C500D0
:1073C0000346060093D747002380CA00E39207FED6
:1073D000330B5941138A0600E3DC66CB130A0B001A
:1073E0006FF01FCB130710002328E10293070B0057
:1073F0002320510723226107232A61031307090071
:10740000130787006FF09FB193051000130600006B
:10741000130709006FF0DFB9338D4441E35EA0AB81
:107420009305000163D8A55DB7150280938545BF1C
:107430002324B100130E0001130F70006F008001B0
:10744000130526001307870013860500130D0DFF93
:107450006352AE0703258100938707019305160049
:107460002320A7002322C701232AF1022328B102E7
:10747000E358BFFC63800716032501001306C10211
:1074800093850900232AD100EFF04FDCE316058E27
:1074900003260103130E0001130D0DFF8327410383
:1074A000832641011307090013051600130F70000E
:1074B000E342AEFB03268100B387A7012322A70185
:1074C0002320C700232AF1022328A10213067000FB
:1074D0006352A6386388074A032501001306C102D8
:1074E000938509002324D100EFF04FD6E3160588D9
:1074F000832681000326010383274103338D6641E0
:1075000013070900130E1600E35CA09D6354A44703
:1075100023247101930E70006F008001130E26006A
:107520001307870013860500130D0DFF635AA4058A
:1075300093870701930516002320770123228700F4
:10754000232AF1022328B102E3DABEFC6380070696
:10755000032501001306C10293850900EFF00FCF48
:10756000E31C058003260103130D0DFF8327410350
:1075700013070900130E1600930E7000E34AA4FBD4
:1075800083268100B387A7012322A7012320D700E8
:10759000232AF1022328C1039306700063C8C61D85
:1075A00013078700130E1E006FF09F93130E100039
:1075B00013060000130709006FF01FF703250100F1
:1075C0001306C10293850900EFF04FC8E30C05963E
:1075D0006FF08FFA1305100013060000130709005F
:1075E0006FF0DFE663820704032501001306C10282
:1075F00093850900232CD100232AF1012324E101E2
:10760000EFF0CFC4631A05F6032601038327410375
:1076100083268101832F4101032F81001307090075
:10762000130E16006FF0DF8463060F2493078102A8
:107630002320F106930720002322F106130E1000E9
:107640001307090013060E0013078700130E1E0010
:107650006FF01F88130500016354A537371E0280A1
:10766000130E4EBE930E0001930270006F00C00116
:10767000130526001307870013860500130D0DFF61
:1076800063DCAE0793051600938707012320C7012B
:107690002322D701232AF1022328B102E3DAB2FC24
:1076A00063820708032501001306C10293850900C0
:1076B000232EC101232CD100232AF1012324E1012F
:1076C000EFF0CFB8631A05EA03260103930E000119
:1076D000130D0DFF83274103032EC1018326810172
:1076E000832F4101032F81001307090013051600A2
:1076F00093027000E3C8AEF9B387A7012320C70146
:107700002322A701232AF1022328A10213067000D5
:107710006342A60A13078700130E1500130605001F
:107720006FF08FF113060000130510001307090016
:107730006FF0DFF463D4440193040A00832741000F
:10774000B38797002322F1006FF0CFFF13F3FCF70C
:10775000936C23001306200093051000630EB62CD3
:1077600093052000E31AB6AC6FF05FC4E38C07C644
:10777000032501001306C10293850900EFF00FAD48
:10778000631C05DE032E0103832741031307090051
:10779000130E1E006FF0CFF4232801021307090017
:1077A0006FF00FD3130E100013060000130709002B
:1077B0006FF00FF263820716032501001306C10262
:1077C00093850900232CD100232AF1012324E10110
:1077D000EFF0CFA7631205DA0326010383274103E5
:1077E00083268101832F4101032F810013070900A4
:1077F000130E16006FF04FE4130A0000130B000085
:10780000930A09006FF0DF88930A09009305A0002E
:10781000930E900033F6B702938AFAFF138E070097
:10782000130606032380CA00B3D7B702E3E4CEFFF2
:10783000330B5941138A0600E3D86685130A0B00FF
:10784000E31605846FF0DF84130A0000930A090031
:107850006FF01F8413078700130E15001306050031
:107860006FF08FE7131606011356064193070600C3
:107870006FF04FFF13060000130E100013070900EE
:107880006FF00FE5130A0B00938A05006FF05F801D
:107890009306F0FF938D08006FF0CFC613850A00A2
:1078A0002324E100EFC08FB403278100130B0500F0
:1078B0006FF09FAAB71702809387878C2326F10069
:1078C00093F50C0183270C00130C4C00639A050000
:1078D00093F50C04638605009397070193D707017E
:1078E00093F51C00E38C05AAE38A07AA930500031D
:1078F0002304B102A304C102A3030102E3D806E4F6
:1079000093EC2C006FF09FAAB71702809387C78D66
:107910002326F1006FF0DFFA0347710263000708C6
:10792000930771022320F106930710002322F1062A
:10793000130E1000130709006FF0CFD2930510004B
:10794000E310B6E213050000930700036FF00FF891
:10795000EFB09F8E6FF04FA693076000138B060069
:1079600063EAD70237180280130A0B00930A088FC4
:107970006FF00FCAB7160280938646BF2324D1004A
:107980006FF01FC0130E100013060000130709004C
:107990006FF08FD4130B60006FF0DFFC1306000054
:1079A000130E1000130709006FF08FCC03250100A0
:1079B0001306C10293850900EFF04F896FF0CFBB2A
:1079C000371E028013850500130E4EBE6FF0DFD206
:1079D000938D0800930600006FF0CFB2371E02802F
:1079E00093051600130E4EBE6FF04FE2930700038F
:1079F0006FF0CFED37160280130646BF13050E0059
:107A00002324C1006FF01FAB9307F0FF2322F10086
:107A10006FF08FB983260C00130C4C0063C806006E
:107A2000938D080093870D006FF04FAD9306F0FF24
:107A3000938D08006FF01FFF130500006FF00FE833
:107A40009307050003A501C79306060013860500EA
:107A5000938507006FF04F93130101B88397C5001A
:107A600003D7E500232C814613840500B7050100E8
:107A70009385D5FF032E44060323C40183284402C3
:107A800013170701B3F7B700B3E7E7001308004087
:107A9000232AF1009305810093070107232A9146C9
:107AA00023282147232E1146130905002326C10749
:107AB00023226102232611032324F100232CF10049
:107AC00023280101232E010123200102EFF0CF8B97
:107AD00093040500635C05028357410193F7070493
:107AE000638807008357C40093E707042316F40054
:107AF0008320C147032481470329014713850400DC
:107B000083244147130101486780000093058100E9
:107B100013050900EF000037E30005FC9304F0FFB4
:107B20006FF09FFB130101FF232611002320210189
:107B30006388050223248100232291001384050019
:107B4000930405006306050083274503638C070C37
:107B50008317C40063920702032481008324410039
:107B60008320C10013090000130509000329010047
:107B700013010101678000009305040013850400D0
:107B8000EF00800B8327C40213090500638A0700F6
:107B90008325C40113850400E780070063440506BC
:107BA0008357C40093F707086396070683250403E9
:107BB000638C0500930704046386F50013850400B5
:107BC000EFC04FBC232804028325440463880500CA
:107BD00013850400EFC00FBB23220404EFB00FE8AD
:107BE00023160400EFB0CFE78320C10003248100F7
:107BF0008324410013050900032901001301010139
:107C0000678000008357C4001309F0FF93F707084B
:107C1000E38E07F88325040113850400EFC08FB6B7
:107C20006FF0DFF8EFB04FE16FF09FF293050500C2
:107C300003A501C76FF01FEF0397C500130101FEF5
:107C4000232C810023263101232E110093778700F6
:107C5000138405009309050063900712B71700000D
:107C60009387078083A64500B367F7002396F50046
:107C70006352D018032884026304080E232A91005B
:107C80009316370183A4090023A009008325C401AA
:107C900063CE061613060000930610001385090034
:107CA000E70008009307F0FF130605006304F51AC8
:107CB0008317C400032884028325C40193F7470077
:107CC000638E070003274400832704033306E6403E
:107CD000638607008327C4033306F640930600003B
:107CE00013850900E70008009307F0FF6314F512FD
:107CF00083A609009307D0010317C40063EAD716CF
:107D0000B707402093871700B3D7D70093F7170022
:107D10006380071603260401B7F7FFFF9387F77FF9
:107D2000B377F7002316F400232204002320C400B5
:107D30009317370163D40700638206108325040379
:107D400023A0990063840510930704046386F5005B
:107D500013850900EFC00FA38324410123280402E7
:107D6000130500008320C101032481018329C10080
:107D700013010102678000002328210103A90501E6
:107D800063020908232A910083A4050013773700B2
:107D900023A02501B3842441930700006314070046
:107DA00083A745012324F400634890006F00400539
:107DB0003309A90063569004832744028325C40134
:107DC000938604001306090013850900E780070065
:107DD000B384A440E34EA0FC0317C40003290101AF
:107DE00013670704832441012316E4001305F0FF01
:107DF0006FF05FF783A6C503E34ED0E66FF05FF642
:107E000083244101032901016FF09FF50326040536
:107E10006FF0DFEA0317C40083260401B7F7FFFF02
:107E20009387F77FB377F7002316F400232204002B
:107E30002320D40093173701E3D207F083250403EE
:107E40002328A40423A09900E39005F08324410192
:107E50006FF01FF183A70900E38C07E41307D0013B
:107E6000638CE700130760016388E7000317C40011
:107E7000136707046FF01FF723A0990083244101C3
:107E80006FF01FEE130101FE232C8100232E110041
:107E9000130405006306050083274503638A070270
:107EA0008397C500639C07008320C10103248101DF
:107EB0001305000013010102678000001305040090
:107EC000032481018320C101130101026FF0DFD679
:107ED0002326B100EFB04FB68325C1006FF05FFCE1
:107EE000630005069305050003A501C763060500A9
:107EF00083274503638C07008397C50063960700BB
:107F000013050000678000006FF01FD3130101FE0E
:107F10002326B1002324A100232E1100EFB0CFB1FE
:107F20008325C100032581008397C500639807025C
:107F30008320C101130500001301010267800000C6
:107F400037160280B7850080371502801306C620D9
:107F5000938545E8130585216FB0CFB38320C10118
:107F6000130101026FF05FCD832786006384072C25
:107F70008396C500130101FD23248102232C4101B6
:107F8000232861012326110293F78600130B0600B4
:107F9000130A050013840500638E070883A70501F3
:107FA000638A07082322910223202103232E310113
:107FB000232A510193F7260083240B006384070AC8
:107FC000832744028325C401B70A00809309000077
:107FD00013090000938A0AC01386090013050A00DA
:107FE000630209049306090063F42A0193860A00D8
:107FF000E78007006350A04683278B00B389A90060
:108000003309A940B387A7402324FB006386071ADE
:10801000832744028325C4011386090013050A003F
:10802000E31209FC83A9040003A94400938484009B
:108030006FF09FFA9305040013050A00EF00C04398
:10804000631C051C8316C4002322910223202103F4
:10805000232E3101232A510193F7260083240B009C
:10806000E39007F6232671012324810193F716007C
:108070006396071C8327040003278400B70A008047
:1080800023229101930B000093090000938AFAFFC9
:1080900013850700130C07006382091013F60620EE
:1080A00063080628930C070063E6E93213F70648D5
:1080B000630A0708032644018325040113171600E9
:1080C0003307C7003389B740135CF701330CEC006A
:1080D00093071900135C1C40B387370113060C008B
:1080E0006376FC00138C07001386070093F60640A6
:1080F000638E06309305060013050A00EFC0CF9883
:10810000930C0500630C0534832504011306090054
:10811000EFB09F938357C40093F7F7B793E707082F
:108120002316F40033852C01B3072C412328940136
:10813000232A84012320A400138C09002324F400A3
:10814000938C090013860C0093850B00EF009004BC
:10815000032784008327040013890900330787411C
:10816000B38797012324E4002320F400930900003F
:1081700083278B00B38B2B01B38727412324FB007C
:108180006386070283270400032784008316C40044
:1081900013850700130C0700E39209F083AB04007A
:1081A00083A94400938484006FF09FEE832BC10069
:1081B000032C8100832C41008320C102032481020F
:1081C00083244102032901028329C101832A410139
:1081D000032A8101032B0101130500001301010390
:1081E000678000009305040013050A00EFF09FC9A3
:1081F000630E050A8317C400832BC100032C810082
:1082000083244102032901028329C101832A4101F8
:1082100093E707042316F4008320C102032481029C
:10822000032A8101032B01011305F0FF1301010350
:10823000678000001305000067800000930A0000BB
:1082400013050000130C0000930900006382090865
:10825000630A050893870A00938B090063F43701CA
:10826000938B07000325040083270401032984005E
:108270008326440163F6A7003309D90063447909D2
:1082800063C0DB16832744028325C40113060C0058
:1082900013050A00E780070013090500E35CA0F45A
:1082A000B38A2A4113051000E38E0AF283278B005C
:1082B000330C2C01B3892941B38727412324FB00C8
:1082C000E39607F8832BC100032C81006FF0DFEEEB
:1082D00083A944009387040093848400E38A09FE01
:1082E00003AC0700138609009305A00013050C00DA
:1082F000EF004046630A051413051500B30A8541D3
:108300006FF05FF593050C0013060900EF0080681D
:10831000832704009305040013050A00B38727018F
:108320002320F400EFF01FB6E30C05F66FF09FEC8E
:108330008326040163E2F6040326440163EEC902C6
:108340009387090063F43A0193870A00B3E6C702F2
:10835000032744028325C40113860B0013050A007A
:10836000B386D740E700070013090500635AA0044D
:10837000B38929416FF0DFDF1309070063F4E900D7
:1083800013890900138507001306090093850B0064
:10839000EF00406003278400832704003307274150
:1083A000B38727012324E4002320F400E31207FC11
:1083B0009305040013050A00EFF0DFACE30A05FAA9
:1083C0008317C400832BC100032C8100832C410040
:1083D0006FF01FE3138C0900938C09006FF09FD698
:1083E00013860B0093050C00EF00C05A032784008E
:1083F0008327040013890B0033077741B387770184
:108400002324E4002320F4006FF09FE913050A0001
:10841000EF30C027930C0500E31605D08325040137
:1084200013050A00EFB01FB68317C4001307C0007E
:10843000832BC100032C8100832C41002320EA0000
:1084400093F7F7F76FF0DFDB93871900938A070044
:108450006FF09FE08317C4006FF09FDA1307C0002E
:108460008317C400832BC100032C8100832C41009F
:108470002320EA006FF0DFD883A701C7130101FFB3
:108480002324810023229100232611009304050058
:10849000138405006386070003A74703630C070ED8
:1084A0008317C40013F78700630A07060327040134
:1084B0006306070893F617006388060283264401C3
:1084C0002324040013050000B306D040232CD4005D
:1084D000630A07028320C100032481008324410032
:1084E000130101016780000093F6270013060000C6
:1084F00063940600032644012324C40013050000EE
:10850000E31A07FC13F70708E30607FC93E70704E1
:108510002316F4001305F0FF6FF0DFFB13F70701DC
:108520006300070813F74700631C070203270401D1
:1085300093E787002316F400E31E07F693F6072857
:1085400013060020E388C6F6930504001385040093
:10855000EF30407E8317C400032704016FF09FF5BE
:1085600083250403638E0500130704046388E50074
:1085700013850400EFB01FA18317C4002328040251
:108580000327040193F7B7FD232204002320E4000E
:108590006FF01FFA13850700EFA01FCA6FF05FF09E
:1085A0001307900023A0E40093E707042316F400C8
:1085B0001305F0FF6FF01FF2130101FE232C810061
:1085C000232A910023282101232E110013090500DD
:1085D0009384050013040600EF00002C930710009D
:1085E000631CF5009387F4FF1307E00F6366F70041
:1085F000230691006F0040029306C4051386040011
:108600009305C10013050900EF30C0629307F0FF26
:108610006304F508630C0502832784008345C100C9
:108620009387F7FF2324F40063DA0700032784010C
:1086300063CCE7029307A0006388F5028327040058
:10864000138717002320E4002380B7008320C10193
:1086500003248101032901011385040083244101BE
:1086600013010102678000001306040013050900CE
:10867000EF3050139307F0FFE31AF5FC1305F0FFFA
:108680008320C101032481018324410103290101C5
:1086900013010102678000008357C4001305F0FF37
:1086A00093E707042316F4006FF09FFD8317C600BD
:1086B000139727016340070203274606B7260000E9
:1086C000B3E7D700B72600003367D7002316F600BC
:1086D0002322E6066FF05FEE130101FE232C8100DA
:1086E00003A401C7232E110013860500930505007E
:1086F0006306040083274403638007048317C600CE
:10870000139727016340070203274606B726000098
:10871000B3E7D700B72600003367D7002316F6006B
:108720002322E60613050400032481018320C101EE
:10873000130101026FF05FE82324A1001305040078
:108740002326C100EFA05FAF0326C100832581006F
:108750006FF0DFFA9377350093F6F50F638A07021F
:108760009307F6FF630E06021306F0FF6F00800109
:108770001305150013773500630E07009387F7FF85
:108780006380C70203470500E314D7FE678000003B
:1087900093070600130730006368F700639007062D
:1087A000130500006780000093F5F50F139785000F
:1087B000B305B70013970501B708FFFE378880801F
:1087C000B385E5009388F8EF130808081303300019
:1087D0006F0000019387C7FF13054500E370F3FCAA
:1087E0000327050033C7E500330617011347F7FFDA
:1087F0003377E60033770701E30E07FCB307F50094
:108800006F00C00013051500E38CA7F803470500AF
:10881000E31AD7FE67800000130101FF2326110031
:1088200023229100630E0602B7150280938585C04E
:10883000130506002324810013040600EF004026E0
:10884000B71402806312050203248100138544C01B
:108850008320C100832441001301010167800000CF
:10886000B71402806FF09FFE938544C01305040087
:10887000EF000023E30A05FCB7F50080938545600F
:1088800013050400EF00C021E30005FC0324810070
:10889000130500006FF0DFFB03C541BD67800000DA
:1088A000130101FF2326110023229100638E05028C
:1088B0002324810013840500B7150280938585C0A9
:1088C00013050400EF00C01DB714028063120502F7
:1088D00003248100138544C08320C1008324410008
:1088E0001301010167800000B71402806FF09FFE42
:1088F000938544C013050400EF00801AE30A05FCC9
:10890000B7F500809385456013050400EF0040191A
:10891000E30005FC03248100130500006FF0DFFB7A
:108920001305050F678000001385C1B9678000003B
:108930001385C1B967800000130101FF2324810062
:10894000232291001304050013850500232611003E
:1089500023A401C8EF709FCF9307F0FF630CF500CD
:108960008320C100032481008324410013010101FD
:108970006780000083A781C8E38407FE8320C100CD
:108980002320F4000324810083244100130101010A
:108990006780000063F6A5023387C5006372E502B5
:1089A000B307C500630606048346F7FF9387F7FF06
:1089B0001307F7FF2380D700E318F5FE6780000058
:1089C0009307F00063E8C702930705009306F6FFDC
:1089D0006302060C93861600B386D70003C7050012
:1089E0009387170093851500A38FE7FEE398D7FEC2
:1089F00067800000B367B50093F7370063960708F8
:108A0000930806FF93F808FF93880801B306150141
:108A100013870500930705000328070013070701C4
:108A20009387070123A807FF032847FF23AA07FF0F
:108A3000032887FF23AC07FF0328C7FF23AE07FFE8
:108A4000E39CD7FC1378C600B38515011377F600B5
:108A5000630408041308C7FF1378C8FF130848000D
:108A6000B387060113870500832807009386460015
:108A70001307470023AE16FFE398F6FE1376360081
:108A8000B38505016FF09FF49306F6FF9307050089
:108A90006FF05FF467800000130607006FF01FF3AC
:108AA0003367B5009303F0FF1377370063100710A7
:108AB000B7877F7F9387F7F70326050083A6050016
:108AC000B372F6003363F600B382F200B3E26200E1
:108AD000639272106316D6080326450083A64500EC
:108AE000B372F6003363F600B382F200B3E26200C1
:108AF000639E720C6316D6060326850083A6850046
:108B0000B372F6003363F600B382F200B3E26200A0
:108B10006398720C6316D6040326C50083A6C500AD
:108B2000B372F6003363F600B382F200B3E2620080
:108B30006392720C6316D6020326050183A6050113
:108B4000B372F6003363F600B382F200B3E2620060
:108B5000639C720A1305450193854501E30ED6F423
:108B60001317060193970601631EF70013570601BA
:108B700093D706013305F7409375F50F639005020F
:108B8000678000001357070193D707013305F740AB
:108B90009375F50F63940500678000001377F70F56
:108BA00093F7F70F3305F740678000000346050091
:108BB00083C6050013051500938515006314D600C0
:108BC000E31606FE3305D640678000001305450016
:108BD00093854500E31CD6FC130500006780000068
:108BE0001305850093858500E312D6FC130500006C
:108BF000678000001305C5009385C500E318D6FA09
:108C00001305000067800000130505019385050129
:108C1000E31ED6F81305000067800000130101FE73
:108C2000232A91008327050183A40501232E110027
:108C300063C0971C9384F4FF13932400232C8100BA
:108C4000138445012326310123244101B309640023
:108C5000130A450183A7090033036A0003270300B1
:108C60002328210123225101938717003359F7024A
:108C7000930A0500636AF70A3705010093080400A8
:108C800013080A00930E0000930600001305F5FF79
:108C900003A70800032E0800130848003376A70036
:108CA00013570701B377AE00135E0E019388480097
:108CB00033062603330727033306D601B37EA60007
:108CC000B387D74113560601B387D70093D6074120
:108CD000B3F7A7003307C7003376A700B386C640B3
:108CE000B386C60113960601B3E7C700232EF8FE2C
:108CF000935E070193D60641E3FC19F9832703002D
:108D0000639407021303C3FF63686A006F00800166
:108D10009384F4FF63786A00832703001303C3FF7F
:108D2000E38807FE23A89A0013850A00EF20401C61
:108D3000634C05083705010093050A00130700007E
:108D40001305F5FF83A6050003260400938545005F
:108D5000B3F7A6003378A600B3870741B387E700CF
:108D600013D707411356060193D606013307C740B0
:108D70003307D70093160701B3F7A700B3E7D7006F
:108D80001304440023AEF5FE13570741E3FC89FAB0
:108D900093972400B307FA0003A7070063140702A0
:108DA0009387C7FF6368FA006F0080019384F4FF24
:108DB0006378FA0003A707009387C7FFE30807FE5D
:108DC00023A89A0013091900032481018320C101FB
:108DD0008329C100032A8100832A410083244101A1
:108DE0001305090003290101130101026780000036
:108DF0008320C101832441011305000013010102F6
:108E00006780000003238503130101F4232C810AEA
:108E1000232A910A2328210B2322510B2326B1094F
:108E2000232E110A2326310B232EE100232AF100E1
:108E3000232811012326B1022324C10013040500B5
:108E4000938D050093040600938A06001309080019
:108E5000630203020327C503930710009305030071
:108E6000B397E7002322E3002324F300EF10006C04
:108E7000232C0402938904009306000063DC0400A1
:108E80009394140093D714002324F10093890700CE
:108E9000930610003707F07F2320D900B3F6E900CE
:108EA0006388E6608324810013850D0013060000AB
:108EB00093850400930600002320B103232291022E
:108EC000EF409033631A0504032741019307100014
:108ED0002320F7000327010163080700B71702806A
:108EE0009387978F2320F700B71902809389898F82
:108EF0008320C10B0324810B8324410B0329010B25
:108F0000832A410A832DC108138509008329C10AD8
:108F10001301010C6780000013860400130781070A
:108F20009306C10793850D00130504002324410B0C
:108F30002320610B232E7109232C8109232A9109F7
:108F40002328A10913D94901EF20403E93040500CD
:108F50006312095A832B81070329C1079307000273
:108F600033892B0113072943E3D0E7329307000429
:108F7000B387E74013052941B397F90033D5AD0016
:108F800033E5A700EF509067B70710FE9306100077
:108F900013070500B387B7001309F9FF2324D10491
:108FA00003A641C283A681C213050700938507006B
:108FB000EF50403B03A6C1C283A601C3EF40104D52
:108FC00003A641C383A681C3EF30D01D130A050059
:108FD0001305090093890500EF50D05603A6C1C3BD
:108FE00083A601C4EF40904A13060500938605004E
:108FF00013050A0093850900EF30D01A130B050002
:1090000093890500EF50D04B130A050093850900A2
:1090100013050B001306000093060000EF40903686
:109020006350050213050A00EF50D05113060B00E0
:1090300093860900EF40501C3335A000330AAA4044
:1090400033892B4193076001130BF9FFE3E8471DB8
:109050003717028093173A00130787CBB387E700CF
:1090600003A6070083A647000325010283254102CA
:10907000EF405031E35A051E130AFAFF232E010276
:10908000232C0100634C0B4863540A4A8327810157
:1090900023244103B3874741232CF100B307404108
:1090A000232CF10293079000130A000063EC574948
:1090B00093075000E3D0571F938ACAFF93073000ED
:1090C00013090000E388FA62E3D0575F930740007A
:1090D000E390FA52930710002328F1020326C101FE
:1090E000E352C0602326C104130C060093067001EE
:1090F000130710009307400063C4C6006F10802F51
:1091000093971700938647019305070013071700ED
:10911000E378D6FE232EB40213050400EF10C03509
:1091200093090500631405006F10002B232CA40283
:109130009307E00063E6874F6304094E83268102AC
:10914000E35AD05E93F7F60037170280130787CBF8
:109150009397370093DC4640B387E70093F60C0102
:1091600003A8070003A74700E3880652B717028049
:1091700003A687DC83A6C7DC032501028325410201
:109180002328E10423200105EF40400E03280104B9
:109190000327010593FCFC0013030500138D050054
:1091A00013093000638C0C04B71B02802320810458
:1091B000938B8BDA1304090093050700130903004E
:1091C00093F71C00638E070003A60B0083A64B00D9
:1091D0001305080013041400EF40502B130805007A
:1091E00093DC1C40938B8B00E39C0CFC1303090065
:1091F00013090400032401041387050093060700E4
:10920000130608001305030093050D00EF40000648
:1092100013070500938705008326C10363880602B0
:1092200003A641C483A681C41305070093850700E4
:109230002328E1042320F104EF40D0148327010404
:1092400003270105635405006F1000011305090091
:109250002320F1062320E104EF50D02E0327010440
:109260008327010613060700938607002328E104DD
:109270002320F104EF40902103A641C583A681C5B8
:10928000EF304072B706C0FC8327010403270105B5
:10929000930C0500B38BB600630E0C32832681025B
:1092A000232081072324D106130507009385070097
:1092B0002328E1042320F104EF50902083270106A6
:1092C00037160280130905009386F7FF9396360040
:1092D000930786CBB386D70003A846002326F10662
:1092E00083A70600232E010523229107232CF104D6
:1092F000EF505025032701058327010413060500BD
:10930000938605001305070093850700EF5080053D
:1093100003270103138D1900130309032320A1055B
:10932000930C05001373F30FE304075A03A541C61A
:10933000032681058326C1052320B10483A581C6A8
:1093400023286104EF3090720326410693860B00B8
:10935000EF504001832801040323010513860C000C
:10936000938608002380690013090500938B05008C
:10937000EF404071832801046354A0006F005078CF
:1093800083A741C403A881C4232C41052328F104E9
:10939000232A010503A801C583A7C1C423226107AD
:1093A000232681072320F10493070000032C0106E4
:1093B00023220105138B070023205107138A08007D
:1093C0006F000009130B1B0063448B016F00507882
:1093D00003260104832641041305090093850B002D
:1093E000EF40D00A03260104832641041309050037
:1093F000938B050013850C0093050A00EF401009BC
:10940000938C0500930A0500EF50900B130A05009A
:10941000EF505013130605009386050013850A00CC
:1094200093850C00EF40107493070A03130609009C
:1094300093860B002300FD00130D1D00930C050007
:10944000138A0500EF400074635405006F00506BF1
:10945000032501058325410513860C0093060A00A8
:10946000EF4050701306090093860B00EF408071A7
:10947000E35A05F483278106930B0D00138C170024
:10948000130690036F008000E386796583C6FBFFB7
:10949000138D0B00938BFBFFE388C6FE93861600AB
:1094A00093F6F60F2380DB00930D0C006F00004D48
:1094B00083264101372700009397C9001307F770EF
:1094C00093D7C70023A0E600B3E7B7016380070A7C
:1094D00083270101B7190280938909C2E38A07A093
:1094E000B7170280938737C2032701012320F700B3
:1094F0006FF01FA083274102B706F03F832B81073F
:109500009397C70093D7C70003270102B3E7D7009B
:10951000130919C0232401046FF09FA893071000BA
:10952000B3872741232CF100130B0000E3400AB658
:1095300023244103232C010293079000330B4B019A
:10954000E3F857B79307100013091000930A0000BF
:109550002328F102130CF0FF232E0100232E040216
:1095600023268105930500006FF01FBB83270101AF
:10957000B7190280938949C1E38C0796B717028017
:109580009387C7C16FF05FF6130509002320F1062A
:109590002320E104EF50007B032701048327010609
:1095A00013060700938607002328E1042320F10413
:1095B000EF40C06D03A641C583A681C5EF30803E54
:1095C0008327010403270105B706C0FC930C05009F
:1095D000B38BB60003A6C1C583A601C61305070059
:1095E00093850700EF40105813860C0093860B00FC
:1095F000130D050013890500EF40C048E342A04E5B
:10960000B7070080B3C7770113860C0013050D0060
:109610009386070093050900EF40C056634805068E
:109620008327C10763CE0718832681021307E00052
:109630006348D7188327810237170280130787CB27
:1096400093973700B387E70003AA070083AA470070
:109650008327C10163D807046346800563180C02A1
:1096600003A6C1C583A601C613050A0093850A0097
:10967000EF40C06113060500938605000325010233
:1096800083254102EF400050E34CA044138D0900B4
:1096900023200102130900008327C10193CDF7FFA6
:1096A0006F004069938719002320F104032B010206
:1096B0000329410213060A0093860A0013050B00D2
:1096C00093050900EF30903AEF50805F130D0500CD
:1096D000EF50406713060A0093860A00EF40005BD4
:1096E000130605009386050013050B00930509007A
:1096F000EF40504793070D032380F9001306100035
:10970000832B01041307050093860500E30CCC0CA2
:1097100083A7C1C403A801C5930D10002324F10041
:10972000232601016F00000613060A0093860A0033
:1097300013050B0093050900EF305033EF504058EC
:10974000130D0500EF50006013060A0093860A000F
:10975000EF40C053938605001306050093050900EA
:1097600013050B00EF401040938B1B0093070D0374
:10977000938D1D00A38FFBFE130705009386050044
:10978000E302BC0703268100938506008326C100FF
:1097900013050700EF40804F1306000093060000FA
:1097A000130B050013890500EF400025E31E05F6A5
:1097B00083278102138D0B00938D17006F00001C0F
:1097C0000327010363160726832B8103832C810162
:1097D000232801021309000063820C026350600316
:1097E00093870C0063449B6703278101B38CFC4083
:1097F000330BFB403307F740232CE1008327810321
:10980000638207028327010363840700E39C0B063E
:10981000032681039385040013050400EF10403FE5
:10982000930405009305100013050400EF100010C9
:109830002320A102631C0A509307100063DC5755D4
:10984000B387670193F7F7016380071E13070002D0
:109850003307F7409306400063D4E6581307C0016E
:10986000B307F74003278101B38CFC00330BFB00E7
:109870003307F700232CE100832781016340F014B4
:10988000635C60018325010213060B0013050400CD
:10989000EF10004D2320A1028327C103639C071210
:1098A0006354804583270103639007268327810241
:1098B000938D1700832A0102130A10006F00000223
:1098C00093850400930600001306A000130504000E
:1098D000EF00104893040500130A1A0093850A004C
:1098E00013850400EFF08FB3930B0503B387490191
:1098F000A38F77FFE3468AFD130A10006344805567
:10990000338A4901930A000093850400130610006E
:1099100013050400EF10C0448325010293040500E1
:10992000EF10005D635EA04E930690036F00800011
:10993000638A495F8347FAFF130D0A00130AFAFF8F
:10994000E388D7FE938717002300FA0083250102DE
:1099500013050400EF00903D63020902638A0A00C8
:1099600063882A0193850A0013050400EF00103C68
:109970009305090013050400EF00503B9385040094
:1099800013050400EF00903A8327410123000D00E6
:1099900023A0B701832701016384070023A0A70147
:1099A000032A810A032B010A832BC109032C810995
:1099B000832C4109032D01096FF08FD39385040097
:1099C0001386070013050400EF1080399304050087
:1099D0006FF01FEB8325010213850400EF10405147
:1099E000E35005EC83278102938504009306000071
:1099F0001306A00013050400138BF7FFEF0050358A
:109A00008327010393040500639E070C032CC10404
:109A1000E35A8015832D81026FF0DFE99307100070
:109A2000232EF1026FF0CFE59307C0016FF09FE3A3
:109A3000130710006354574D83278103930BFCFFDA
:109A400063CA7741B38B774183278101B38C874108
:109A5000E3500C0E9305100013050400EF00106D89
:109A6000130905006FF05FD7232E0102232C01009C
:109A7000E34020AD93071000B3872741232CF1006A
:109A8000130B00006FF0DFAAB387E7403395FD00AA
:109A90006FF04FCF9307300013091000638CFA4426
:109AA00063C657E393072000E38CFA14232E0402C5
:109AB0009305000013050400EF00101C9309050036
:109AC000E30C0510930710002328F1029307F0FF21
:109AD000232CA4022326F104130CF0FF232E0100F3
:109AE0006FF01FB493050900930600001306A00051
:109AF00013050400EF00D025032CC1041309050051
:109B0000E356800923246103635C900193050900F7
:109B100013860C0013050400EF10802413090500C0
:109B2000130B0900631E0A508327C102138DF9FF2E
:109B3000938C0900232C31018329010293F717002C
:109B4000330D8D012324F100232EB10193850900EB
:109B500013850400EFF08F8C130C050093050900AA
:109B600013850400EF10C038130A050013060B001C
:109B70009385090013050400EF10003D0327C5007D
:109B8000930B0C03930D0500631C07089305050058
:109B900013850400EF10C0351307050093850D00F1
:109BA00013050400930D0700EF005018B3E65D01A4
:109BB000639A060E83278100638A077463420A76DC
:109BC00023807C01138A1C0063049D679385040035
:109BD000930600001306A00013050400EF005017C1
:109BE00093040500930600001306A00093050900E6
:109BF00013050400630E6909EF00901593050B002F
:109C000013090500930600001306A00013050400C5
:109C1000EF001014130B0500930C0A006FF01FF3F4
:109C2000930505001305040083298101832DC101DB
:109C3000EF00D00F634A0A0013F71D00336A5A0180
:109C400033674701631E070693850400130610005F
:109C500013050400EF10C0108325010293040500D2
:109C6000EF1000296358A02413079003638CEB24A2
:109C7000930B1C0383278102930A0900138D1C0098
:109C800023807C01938D170013090B006FF01FCC0C
:109C9000EF00100C13090500130B0500930C0A00CC
:109CA0006FF0DFEA63440A7283278100336A5A0146
:109CB00033EA4701630C0A70E354B0F18329810150
:109CC000130790036380EB200327810293871B0017
:109CD000930A0900138D1C00930D17002380FC00CC
:109CE00013090B006FF09FC693072000E3DC57BBFE
:109CF000138D0900E3120C9A8325010293060000DC
:109D00001306500013050400EF00900493050500AE
:109D10002320A10213850400EF10801DE35EA096AE
:109D2000930710032380F90083278102138D190004
:109D3000938D17008325010213050400938D1D00E8
:109D4000EF00C07EE31609C26FF05FC39305050004
:109D500013060A0013050400EF00906B9307100030
:109D60002320A10263DE5711130A0000032701021A
:109D7000832707019387370093972700B307F700DE
:109D800003A54700EF00102593070002B387A74003
:109D90006FF01FAB8327C102639007048327810004
:109DA0009397C700639A07028326810093070000F8
:109DB00013D746011377F77F630C070083278101D0
:109DC000130B1B0093871700232CF100930710003F
:109DD000631C0A54138A0700930710006FF05FA6F4
:109DE000E30CD7A81307C003B307F7406FF09FA792
:109DF00093071000930A50002328F1028327C10122
:109E000003278102B387E700138C17002326F10490
:109E100013060C00634C80AD130610006FF00FADFD
:109E20006316050093F71B00E39007B09306000349
:109E30008347FAFF130D0A00130AFAFFE38AD7FEDD
:109E40006FF0DFB0130A0C006FF09FAB93070B00AD
:109E50006FF09F998327810303278101232C7103CE
:109E6000B387FB40330AFA00B3078701930C07005E
:109E7000330B8B01232CF100930B00006FF09FBD7F
:109E80008327C102E39207EE832781009397C700DF
:109E9000E39C07EC6FF05FF103230102032D410205
:109EA000130920006FF00FB0930A2000232801024D
:109EB0006FF0CFA2E31005DC13F71B00E31607DAFF
:109EC0006FF05FDB930790032380FC008327810200
:109ED000930A0900138A1C00938D170013090B00C5
:109EE0006FF09FA493071000130C1000232EF100B5
:109EF0006FF0CFE6232801026FF05FF003278104A3
:109F0000630407300327810193873743330BFB003A
:109F1000B307F700832B8103930C0700232CF10078
:109F20006FF05FB3930710032380F900938D1D003A
:109F30006FF0DFA18327810263880730B30BF04005
:109F400093F7FB0037170280130787CB93973700EF
:109F5000B387E70003A6070083A647000325010295
:109F60008325410293DB4B40EF305052138D0500A7
:109F700063880B4213092000B71C02802320810450
:109F8000938C8CDA130409001307050013060000F4
:109F90001309050093F61B006380060203A60C005C
:109FA00083A64C001305070013041400EF30104E75
:109FB000130705001306100093DB1B40938C8C00E5
:109FC000E39A0BFC130509009387050013090400AD
:109FD00003240104631206A41307050093070D0070
:109FE0006FF08FA393850600130607001305070083
:109FF000EF20501B8327810213060A0093860A0074
:10A00000938D1700130B050013890500138C0D00A9
:10A01000EF3050276346A0C613050B0093050900D7
:10A0200013060A0093860A00EF30101D6316050020
:10A03000137D1D0063160DC4138D0B006FF01F946C
:10A040008325490013050400EF000043130A0500AF
:10A0500063000536032609019305C9001305C500F1
:10A060001306260013162600EF901F9E13061000FD
:10A0700093050A0013050400EF00904E130B050032
:10A080006FF09FAA9305090013860B0013050400C7
:10A09000EF0010381386040093050500130905002E
:10A0A00013050400EF009013930705009385040047
:10A0B0001305040093840700EF00404783278103C2
:10A0C000B3877741232CF102638E07F46FF04FF4CE
:10A0D000032681058326C105032541062328B104F3
:10A0E00093850B0023286102EF30503A03230103CC
:10A0F0008327010693061000238069002324A1040E
:10A100008328010513890500B38BF900638CD726DA
:10A1100083A7C1C403A801C5232891042328F10201
:10A12000232A01032320810613850C009385080050
:10A130000326010383264103130D1D00EF30103564
:10A140001384050093040500EF409037930C05003D
:10A15000EF40503F13060500938605001385040069
:10A1600093050400938C0C03EF40C01FA30F9DFFC9
:10A17000E390ABFD8324010503240106930C050045
:10A180009388050003A641C683A681C603258104E2
:10A190009305090023281103EF20D0008328010331
:10A1A00013860C0093860800EF30D01D634C051811
:10A1B0000326810403A541C683A581C69306090031
:10A1C000EF40401A8328010313860C009386080091
:10A1D000EF30500B634CA0108327C10763C607DE26
:10A1E000032781029307E00063C0E7DE8327810233
:10A1F0000327C10693973700B307F70003AA0700A8
:10A2000083AA47006FF08FCA032781078326810145
:10A2100093076003B387E740330BFB00B387F60077
:10A22000832B8103938C0600232CF1006FF09F8217
:10A2300083278102930A090083298101938D1700E6
:10A2400013090B006FF04FEC032701028327410233
:10A25000130920006FE05FFC63080CB2032DC104FA
:10A260006350A0BD938507008327810283A601C5A3
:10A2700003A6C1C49387F7FF130507002324F10643
:10A28000EF30D02013070500130519002328E1043F
:10A290002320B104EF40102B03270105832701047D
:10A2A0001306070093860700EF30501E03A641C532
:10A2B00083A681C5EF20006FB706C0FC8327010489
:10A2C00003270105930C0500B38BB6002320A107DB
:10A2D0006FE09FFD93061003130C1C006FF08F9C22
:10A2E00023200102130900006FF09FA3130600034F
:10A2F00083C7FBFF138D0B00938BFBFFE38AC7FE25
:10A3000083278106938D17006FF04FE713079003A3
:10A3100083298101E388EBBAE34C40956FF09F9568
:10A32000832981016FF01F95138A07006FF01FA426
:10A33000938C0700B3878701330B8B01232CF1002B
:10A340006FF04FF183278106138C17006FF04F9346
:10A35000032A8105032B4106032CC106832A01062B
:10A360006FF00FAC9307200063C85701832D810263
:10A37000032CC1046FF00FD4032CC1042324610308
:10A380006FF01F97832B01046FF0DFDF930720002E
:10A39000E3C457FF032CC104232461036FF0CFF6FD
:10A3A0001307050093870500130920006FE0DFE61F
:10A3B000B716028037150280938646C21306000046
:10A3C0009305F02E130585C3EF10106483298101D6
:10A3D000E34CB0876FF01F8AB716028037150280F2
:10A3E000938646C2130600009305F01A130585C331
:10A3F000EF109061232E0402930500006FE0DFD17F
:10A40000232801026FE09FCD83A701B96780070071
:10A41000638005026302060463880604834706001E
:10A4200023A0F500034506003335A0006780000037
:10A43000130101FF9305C10063040602638A06024B
:10A440008347060023A0F500034506003335A0002E
:10A450001301010167800000130500006780000000
:10A46000130500006FF0DFFE1305E0FF67800000BA
:10A470001305E0FF6FF0DFFD83274504130101FFA3
:10A4800023248100232291002326110013040500B8
:10A4900093840500638C070213972400B387E700B9
:10A4A00003A50700630405040327050023A0E700B4
:10A4B00023280500232605008320C10003248100F2
:10A4C000832441001301010167800000130610027C
:10A4D00093054000EF10D0592322A40493070500F0
:10A4E000E31C05FA130500006FF01FFD2320210176
:10A4F000130910003319990013065900131626008A
:10A500009305100013050400EF109056630A050030
:10A510002324250123229500032901006FF05FF910
:10A5200003290100130500006FF01FF96380050285
:10A5300003A745008327450413172700B387E700C7
:10A5400003A7070023A0E50023A0B7006780000051
:10A55000130101FE232A910083A4050137030100A2
:10A56000232C81002328210123263101232E1100D1
:10A57000138905009309050013840600138845011B
:10A58000930800001303F3FF832708001308480013
:10A590009388180033F767003307C70293D6070183
:10A5A000B386C602B307870013D70701B3F7670066
:10A5B000B386E60013970601B307F700232EF8FED3
:10A5C00013D40601E3C298FC6302040283278900C6
:10A5D00063DEF4029387440093972700B307F900E2
:10A5E00023A2870093841400232899008320C101AB
:10A5F00003248101832441018329C100130509003B
:10A60000032901011301010267800000832549002D
:10A61000138509002324410193851500EFF0DFE540
:10A62000130A0500630E0504032609019305C900FA
:10A630001305C5001306260013162600EF90CFC0A1
:10A640000327490083A7490413172700B387E700AE
:10A6500003A707002320E90023A0270193874400D4
:10A6600013090A0093972700B307F900032A810012
:10A670009384140023A28700232899006FF01FF70A
:10A68000B716028037150280938646C21306000073
:10A690009305A00B130505C7EF101037130101FE3A
:10A6A000232C8100232A9100232821012326310114
:10A6B0002324410193890600930790009386860026
:10A6C000232E1100B3C6F6021309050013840500FA
:10A6D000130A06009304070063DA370D930710008E
:10A6E000930500009397170093851500E3CCD7FEE0
:10A6F00013050900EFF05FD893050500630C050A08
:10A70000930710002328F500232A95009307900053
:10A7100063D8470923225101930A940093840A00C5
:10A720003304440183C604001306A0001305090086
:10A73000938606FDEFF0DFE1938414009305050096
:10A74000E39284FE13048AFF33848A00832A410043
:10A7500063563A03B3894941B3093401834604007F
:10A760001306A00013050900938606FDEFF05FDED7
:10A770001304140093050500E31234FF8320C10184
:10A780000324810183244101032901018329C1009C
:10A79000032A810013850500130101026780000070
:10A7A0001304A400130A90006FF09FFA93050000B1
:10A7B0006FF01FF4B716028037150280938646C2E9
:10A7C000130600009305300D130505C72322510120
:10A7D000EF109023930705003707010013050000D1
:10A7E00063F6E7009397070113050001370700019F
:10A7F00063F6E7001305850093978700370700107D
:10A8000063F6E700130545009397470037070040BC
:10A8100063EAE70093C7F7FF93D7F7013305F50025
:10A82000678000009397270063CA070013971700FB
:10A83000634A070013050002678000001305250026
:10A84000678000001305350067800000832705003E
:10A850001307050093F677006384060293F617004A
:10A8600013050000639E060493F627006388060A1A
:10A8700093D717002320F70013051000678000000E
:10A880009396070193D6060113050000638E060612
:10A8900093F6F70F6380060693F6F70063820604CB
:10A8A00093F637006384060293F61700639C060054
:10A8B00093D71700130515006396070013050002D0
:10A8C000678000002320F7006780000093D72700EF
:10A8D00093F6170013052500E39606FE6FF05FFD63
:10A8E00093D7470093F6370013054500E39E06FA19
:10A8F0006FF0DFFD93D7870093F6F700130585000F
:10A90000E39006FA6FF0DFFD93D7070193F6F70F98
:10A9100013050001E39206F86FF0DFFD93D72700DF
:10A920002320F700130520006780000083274504DB
:10A93000130101FF2324810023229100232611000B
:10A940001304050093840500638C070203A54700E8
:10A95000630205060327050023A2E7008320C10048
:10A960000324810093071000232A95002326050065
:10A970002328F500832441001301010167800000B2
:10A980001306100293054000EF10900E2322A4043A
:10A9900093070500E31C05FAB716028037150280FD
:10A9A000938646C21306000093055014130505C78D
:10A9B000EF1090051306C001930510001305040065
:10A9C000EF10100BE30A05FC930710002322F5009B
:10A9D000930720002324F5006FF05FF8130101FEB8
:10A9E000232821012326310103A90501832906011A
:10A9F000232A910023244101232E1100232C8100BE
:10AA0000138A050093040600634C3901138709007B
:10AA10009384050093090900130A0600130907002F
:10AA200083A7840083A5440033842901B3A787004A
:10AA3000B385F500EFF05FA4630E051A130345011B
:10AA400093182400B30813019307030063781301DC
:10AA500023A0070093874700E3EC17FF13084A0180
:10AA6000131E2900938E440193952900330EC801CB
:10AA7000B385BE006376C81393875401130F40005B
:10AA800063F0F516B70601009386F6FF6F008001AC
:10AA900093DF0F0163980F08130848001303430066
:10AAA0006370C811832F0800B3F3DF00E38203FE55
:10AAB00093020300938F0E009304000083A70F00FE
:10AAC00003A602009382420033F7D70033077702D0
:10AAD00093D707013379D60013560601938F4F00A1
:10AAE000B387770233072701330797009354070191
:10AAF0003377D700B387C700B38797001396070152
:10AB00003367E60023AEE2FE93D40701E3E8BFFA21
:10AB1000B307E30123A09700832F080093DF0F0101
:10AB2000E38C0FF6032703009302030013860E0045
:10AB300093040700930300008327060093D90401C0
:10AB40003377D700B3F7D700B387F70383A4420066
:10AB5000938242001306460033F9D400B38777008E
:10AB6000B38737019393070133E7E30023AEE2FE97
:10AB70000357E6FF93D707013307F703330727018E
:10AB80003307F70093530701E368B6FAB307E3010D
:10AB900023A0E7001308480013034300E364C8F14F
:10ABA000634880006F0080011304F4FF6308040011
:10ABB00083A7C8FF9388C8FFE38807FE8320C101ED
:10ABC00023288500032481018324410103290101F5
:10ABD0008329C100032A810013010102678000005C
:10ABE000B38795409387B7FE93F7C7FF138F47004E
:10ABF0006FF05FE9B716028037150280938646C270
:10AC00001306000093052016130505C7EF10C05F5B
:10AC1000130101FE232C8100232821012326310169
:10AC2000232E1100937736001304060093090500C4
:10AC300013890500639C070A13542440630A040621
:10AC4000232A910083A409046386040C93771400DB
:10AC50006390070213541440630A040403A504001C
:10AC6000630605069304050093771400E38407FE4A
:10AC7000138604009305090013850900EFF01FD621
:10AC8000630009020327490083A74904131727001B
:10AC9000B387E70003A707002320E90023A02701CB
:10ACA0001354144013090500E31A04FA83244101E4
:10ACB0008320C101032481018329C10013050900F8
:10ACC00003290101130101026780000013860400BB
:10ACD0009385040013850900EFF05FD023A0A40042
:10ACE00023200500930405006FF01FF89387F7FFFA
:10ACF00037170280130787CA93972700B307F70017
:10AD000003A6070093060000EFF09F8413090500D7
:10AD10006FF09FF29305100013850900EFF0CFF557
:10AD2000930405006300050293071027232AF5000A
:10AD3000930710002328F50023A0A9042320050071
:10AD40006FF0DFF0B716028037150280938646C297
:10AD50001306000093055014130505C7EF10C04AF1
:10AD6000130101FE2322510183AA050183A7850057
:10AD70002326310193595640B38A5901232C81006F
:10AD8000232A91002328210123244101232E11008D
:10AD900013891A00938405001304060083A5450057
:10ADA000130A050063D827019397170093851500B0
:10ADB000E3CC27FF13050A00EFF00FEC630C05103E
:10ADC000130845016354300393895900939929006E
:10ADD00033073501930708009387470023AE07FE2A
:10ADE000E39CE7FE9389C9FE3308380183A8040178
:10ADF000938744011376F40193982800B3881701D0
:10AE00006304060A93050002B385C54013030800D6
:10AE10009306000003A7070013034300938747002E
:10AE20003317C7003367D700232EE3FE83A6C7FF7F
:10AE3000B3D6B600E3E017FF938754011307400031
:10AE400063EAF800B38798409387B7FE93F7C7FF8C
:10AE5000138747003308E8002320D80063940600D6
:10AE600013890A0003A7440083274A048320C101F1
:10AE700013172700B387E70003A70700232825013E
:10AE80000324810123A0E40023A0970003290101EA
:10AE9000832441018329C100032A8100832A4100C0
:10AEA000130101026780000003A707009387470092
:10AEB00013084800232EE8FEE3F417FB03A707005E
:10AEC0009387470013084800232EE8FEE3EE17FDA2
:10AED0006FF01FF9B716028037150280938646C2BD
:10AEE000130600009305E01D130505C7EF10C031E0
:10AEF0000327050183A70501130805003305F74063
:10AF00006312F704939727001308480193854501BE
:10AF10003307F800B387F5006F0080006374E80220
:10AF20000326C7FF83A6C7FF1307C7FF9387C7FF83
:10AF3000E306D6FE130510006376D6001305F0FF76
:10AF4000678000006780000003A7050183270601D2
:10AF5000130101FF232481002322910023261100E5
:10AF6000232021011384050093040600B306F74053
:10AF7000631EF71893962700138645011387440133
:10AF8000B307D6003307D7006F008000637CF61844
:10AF900083A5C7FF8326C7FF9387C7FF1307C7FF94
:10AFA000E386D5FE1309100063EAD50093870400F9
:10AFB00013090000930404001384070083A54400D0
:10AFC000EFF08FCB6306051A83A8040183220401E6
:10AFD000938F440113932800130844019392220095
:10AFE00093054501370E01002326250133836F00A9
:10AFF000B3025800138F0500938E0F0093060000D4
:10B00000130EFEFF03A70E0003260800130F4F00C8
:10B01000B377C701B373C601B3877740B387D7004F
:10B02000135707011356060193D607413307C7404C
:10B030003307D70093160701B3F7C701B3E7D7006B
:10B0400013084800232EFFFE938E4E0093560741AF
:10B05000E36A58FA13075401338482401304B4FEA0
:10B06000B3B2E20013CF12001354240013074000C0
:10B070006384020AB38FEF003388E500B70E010046
:10B08000130E080013860F00938EFEFF63F46F0CFF
:10B0900083270600130E4E001306460033F7D70130
:10B0A0003307D70093D50701135707413307B7007C
:10B0B000B387D700B3F7D70193160701B3E7D700DB
:10B0C000232EFEFE93560741E36466FC1303F3FF51
:10B0D0003303F3411373C3FF33076800639A070018
:10B0E0008327C7FF9388F8FF1307C7FFE38A07FE8C
:10B0F0008320C100032481002328150183244100FB
:10B1000003290100130101016780000013091000E9
:10B11000E3DE06E86FF09FEA130714001317270019
:10B120006FF05FF593050000EFF00FB563000506C3
:10B130008320C10003248100930710002328F50019
:10B14000232A050083244100032901001301010182
:10B15000678000001307000063160F003387E500C7
:10B160006FF0DFF7131724003387E5006FF01FF748
:10B17000B716028037150280938646C21306000078
:10B1800093055024130505C7EF100008B716028079
:10B1900037150280938646C213060000930570237C
:10B1A000130505C7EF104006B707F07FB3F5B700EA
:10B1B000B707C0FCB385F500930700006356B000E5
:10B1C0001385070067800000B305B04093D5454163
:10B1D0009307300163CCB700B7070800B3D5B74079
:10B1E0009307000013850700678000009385C5FE64
:10B1F0001307E001930710006346B700B70700800C
:10B20000B3D7B700930500001385070067800000DF
:10B21000130101FE232A910083240501232C8100C0
:10B220001304450193942400B304940023282101BE
:10B2300003A9C4FF2326310123244101130509007A
:10B2400093890500232E1100EFF0CFD813070002D9
:10B25000B307A74023A0F9009307A000138AC4FFF7
:10B2600063DCA708130655FF6370440583A784FFBA
:10B27000630C0604B306C74033D7D7003319C9009F
:10B280003369E900938584FF3707F03F3367E900AE
:10B29000B397C700637EB40203A644FFB356D6003B
:10B2A000B3E7D7006F00C0029307B000630CF5004E
:10B2B0003319C9003707F03F3367E90093070000EF
:10B2C0006F000001930700003707F03F3367E90084
:10B2D0008320C10103248101832441010329010149
:10B2E0008329C100032A8100138507009305070005
:10B2F00013010102678000009306B000B386A640E8
:10B30000B707F03F3357D9003367F70093070000C2
:10B310006376440183A784FFB3D7D7001305550193
:10B320003319A900B367F9006FF09FFA130101FD0B
:10B33000232A5101938A05009305100023229102CC
:10B34000232E3101232C41012326110223248102C3
:10B350002320210393040600138A060093090700A3
:10B36000EFF08F91630205103707100013D94401E5
:10B370009307F7FF1379F97F13040500B3F79700DC
:10B3800063040900B3E7E7002326F10063920A068D
:10B390001305C100EFF08FCB0327C1009304100009
:10B3A00023289400232AE400930705026308090870
:10B3B0001309D9BC3309F9009304500323202A014F
:10B3C0003385F44023A0A9008320C10213050400A3
:10B3D0000324810283244102032901028329C1013C
:10B3E000032A8101832A41011301010367800000C0
:10B3F0001305810023245101EFF04FC50327C1003D
:10B4000093070500630E05040326810093060002DE
:10B41000B386A640B316D7003357A700B3E6C600DD
:10B420002326E100B334E00093841400232AD400DF
:10B43000232CE40023289400E31C09F6139724002E
:10B440003307E400032507019387E7BC2320FA00B4
:10B45000EFF04FB8939454003385A4406FF09FF6FB
:10B46000832681006FF01FFCB7160280371502801B
:10B47000938646C2130600009305F030130505C7F6
:10B48000EF009058130101FD2320210313890500CB
:10B490009305810023261102232481022322910295
:10B4A000232E310193090500EFF09FD69304050088
:10B4B00013840500130509009305C100EFF05FD563
:10B4C0000327090183A709018326C100B387E74049
:10B4D00003278100939757003307D740B387E700CE
:10B4E00013070500635EF0029397470133848700DA
:10B4F00093860500138504009305040013060700D6
:10B50000EF10D0568320C10203248102832441021C
:10B51000032901028329C10113010103678000008F
:10B5200093974701B385F5406FF09FFC130101FF2E
:10B530002320210123261100930770011309050020
:10B5400063DAA70483A741C483A581C423248100AF
:10B550002322910003A4C1C483A401C5138507005D
:10B560001306040093860400EF2040721309F9FFCC
:10B5700093070500E31409FE032481008320C10022
:10B5800083244100032901001385070013010101F1
:10B59000678000003717028013193500130787CA28
:10B5A00033072701832707018320C1008325470133
:10B5B00003290100138507001301010167800000C2
:10B5C000832606019385F5FF93D555409385150095
:10B5D000930746019396260093952500B386D700DE
:10B5E000B305B50063F8D7021307050003A80700E9
:10B5F0009387470013074700232E07FFE3E8D7FE92
:10B60000B387C6409387B7FE93F7C7FF938747007A
:10B610003305F5006378B50013054500232E05FEBC
:10B62000E36CB5FE678000000327050113D6554083
:10B63000930645016352C70213172700B387E6003C
:10B6400063F2F60403A7C7FF9387C7FFE30A07FE69
:10B65000130510006780000093172600B387F600DB
:10B66000E350E6FE93F5F501E38C05FC03A6070025
:10B67000130510003357B6003317B700E302E6FC9A
:10B68000678000001305000067800000130101FDC2
:10B690002322910223261102930406006388051ECB
:10B6A000232481022320210313840500232E31014A
:10B6B000232A5101232C410113090500EF904FB8B3
:10B6C0000327C4FF9387B40093066001930A84FFA5
:10B6D0009379C7FF63F2F61013FA87FF63C207106E
:10B6E00063609A1063D24913B71702802324810143
:10B6F000138C873303268C00B3863A0183A7460058
:10B700006308D61C13F6E7FF3386C60003264600FF
:10B7100013761600631A061493F7C7FF3386F900F1
:10B720006358460D13771700631C07022326710127
:10B73000832B84FF23286101B38B7A4103A74B003D
:10B740001377C7FFB387E700338B3701635C4B3355
:10B75000338BE90063584B29032B0101832BC10074
:10B760009385040013050900EF801FB293040500C0
:10B77000630805408327C4FF130785FF93F7E7FF9E
:10B78000B387FA006386E7241386C9FF9307400254
:10B7900063E4C72E13073001636AC72093070500CF
:10B7A000130704008326070023A0D7008326470041
:10B7B00023A2D7000327870023A4E70093050400F2
:10B7C00013050900EF800FFC13050900EF908FA708
:10B7D000032C81006F00C006130A0001E3749AF085
:10B7E0009307C0002320F900930400006F00400578
:10B7F00083A7C60003A78600032C810093090600D7
:10B800002326F70023A4E70083A74A00B386494113
:10B810001306F00093F7170033873A016362D608E6
:10B82000B3E7370123A2FA008327470093E7170005
:10B830002322F70013050900EF90CFA09304040022
:10B84000032481028320C102032901028329C1014B
:10B85000032A8101832A41011385040083244102C4
:10B86000130101036780000013771700E31A07EE46
:10B8700023267101832B84FF23286101B38B7A4136
:10B8800003A74B001377C7FF6FF09FEC8320C10223
:10B890008324410293050600130101036F80DF9E9C
:10B8A000B3E7470123A2FA00B3854A0193E61600E5
:10B8B00023A2D5008327470093858500130509003F
:10B8C00093E717002322F700EF80CFEB6FF09FF68E
:10B8D00093F7C7FFB386370113060A0163D0C62664
:10B8E00013771700E31E07E623267101832B84FFDD
:10B8F00023286101B38B7A4103A74B001377C7FF5D
:10B90000B387E700338B3701E344CBE483A7CB0055
:10B9100003A78B001386C9FF930640022326F70076
:10B9200023A4E70093848B0063E4C6281307300147
:10B93000938704006372C702032704009307B001D2
:10B9400023A4EB000327440023A6EB0063EAC726E9
:10B950001304840093870B010327040023A0E7004E
:10B960000327440023A2E7000327840023A4E70061
:10B9700033874B01330B4B412324EC0093671B00AF
:10B980002322F70083A74B001305090093F7170044
:10B99000B3E7470123A2FB00EF90CF8A032B0101FD
:10B9A000832BC100032C81006FF09FE983260400E4
:10B9B0001307B0012320D500832644002322D5009D
:10B9C000636EC71413078400930785006FF09FDD33
:10B9D0008327C5FF032C810093F7C7FFB389F900C4
:10B9E0006FF09FE283A7CB0003A78B001386C9FFEC
:10B9F000930640022326F70023A4E70093848B00DC
:10BA000063E6C6101307300193870400637CC70206
:10BA1000032704009307B00123A4EB00032744008D
:10BA200023A6EB0063F8C7148327840023A8FB0038
:10BA30008327C40023AAFB00630CD60A1304040165
:10BA400093878B010327040023A0E700032744000A
:10BA500023A2E7000327840023A4E70093090B0037
:10BA6000938A0B00032B0101832BC100032C81005F
:10BA7000138404006FF05FD993050400EFC09FF1B9
:10BA80006FF0DFD383A7C60003A786001386C9FF24
:10BA9000930640022326F70023A4E70003A78B00A8
:10BAA00083A7CB0093848B002326F70023A4E70011
:10BAB00063EEC6041307300193870400E374C7F8EC
:10BAC000032704009307B00123A4EB0003274400DD
:10BAD00023A6EB0063F0C70A032784009307400204
:10BAE00023A8EB000327C40023AAEB00E318F6F415
:10BAF0000327040193870B021304840123ACEB009A
:10BB00000327C4FF23AEEB006FF0DFF393050400BF
:10BB100013850400EFC01FE86FF05FF40327840073
:10BB20002324E5000327C4002326E5006304F6066A
:10BB300013070401930705016FF0DFC6B38A4A01BA
:10BB4000B386464123245C0193E7160023A2FA0042
:10BB50008327C4FF130509009304040093F717001B
:10BB6000B3E74701232EF4FEEF80DFED032C8100C5
:10BB70006FF01FCD1304840093870B016FF09FECCF
:10BB800013050900EF801FEC93040000032C8100D3
:10BB90006FF01FCB832604011307840193078501EF
:10BBA0002328D50083264401232AD5006FF09FBFA8
:10BBB0009305040013850400EFC0DFDD6FF05FDB49
:10BBC0008327840023A8FB008327C40023AAFB004B
:10BBD0006308D6001304040193878B016FF0DFD74D
:10BBE0000327040193870B021304840123ACEB00A9
:10BBF0000327C4FF23AEEB006FF01FD683A7C1B8A5
:10BC000067800700638405029307F00F63E8C700AD
:10BC10002380C50013051000678000009307A0086B
:10BC20002320F5001305F0FF6780000013050000D6
:10BC300067800000130101FE232C8100232A91005C
:10BC4000232E110083A7C1B81304050093840600B6
:10BC500063820502E78007009307F0FF6306F502A1
:10BC60008320C101032481018324410113010102C6
:10BC7000678000001306000093054100E78007007D
:10BC80009307F0FFE31EF5FC23A004009307A00830
:10BC90008320C1012320F400032481018324410176
:10BCA0001301010267800000130101FE232C8100B3
:10BCB000232A9100232E110083A401C783A7C1B8B2
:10BCC00013040600630A05021386050093060400A8
:10BCD0009305050013850400E78007009307F0FF34
:10BCE000630AF5028320C1010324810183244101F9
:10BCF00013010102678000009306060093054100CE
:10BD00001306000013850400E78007009307F0FF87
:10BD1000E31AF5FC232004008320C10103248101E0
:10BD20009307A00823A0F40083244101130101021A
:10BD3000678000008397C500130101F8232C81065A
:10BD4000232E110613F7270013840500630407024E
:10BD50009387350423A0F50023A8F500930710006E
:10BD600023AAF5008320C1070324810713010108DA
:10BD7000678000008395E500232A91062328210788
:10BD800023263107232441079304050063C60508D1
:10BD900013068100EF00403B634E05068327C10078
:10BDA00037F90000B71900003379F900B7E7FFFF52
:10BDB0003309F90013391900130A004093890980E7
:10BDC00093050A0013850400EF800FCC8317C4008D
:10BDD0006308050693E707082320A4002328A4008E
:10BDE0002316F400232A44016310090AB3E737013C
:10BDF0008320C1072316F40003248107832441070D
:10BE0000032901078329C106032A810613010108BA
:10BE1000678000008317C40093F707081309000028
:10BE2000638E0704130A000493050A0013850400B7
:10BE3000EF808FC58317C40093090000E31C05F849
:10BE400013F70720631E070493F7C7FF93E7270044
:10BE5000130734042316F4009307100083244107CA
:10BE6000032901078329C106032A81062320E40050
:10BE70002328E400232AF4006FF0DFEE130A0040C9
:10BE8000930900006FF0DFF38315E40013850400CD
:10BE9000EF00C031631005028317C4006FF01FF577
:10BEA00083244107032901078329C106032A810648
:10BEB0006FF05FEB8357C40093F7C7FF93E717005A
:10BEC0009397070193D707416FF05FF2130101F9D0
:10BED00023248106138405008395E500232291061F
:10BEE0002320210723261106930406001389060048
:10BEF00063CA050413068100EF00002563440504AE
:10BF00000327C100B7F700008320C106B3F7E7009D
:10BF100037E7FFFFB387E7000324810693B71700D5
:10BF20002320F9001307004023A0E4003715000088
:10BF30008324410603290106130505801301010727
:10BF4000678000008357C40093F7070863880702DF
:10BF50008320C10603248106930700002320F900F3
:10BF60001307000423A0E4000329010683244106EB
:10BF70001305000013010107678000008320C1063C
:10BF8000032481062320F9001307004023A0E400C6
:10BF9000032901068324410613050000130101074C
:10BFA00067800000130101FE232C8100232A9100E9
:10BFB00023282101232E1100130905009384050075
:10BFC00013040600630605008327450363800716F4
:10BFD000832784010317C4002324F4009377870088
:10BFE0006380070883270401638C07062326310139
:10BFF0009316270193F9F40F93F4F40F63D806080E
:10C000000327040083264401B307F74063D8D70A07
:10C0100083268400130617002320C4009386F6FFAE
:10C020002324D400230037010327440193871700FA
:10C030006302F70C8357C40093F71700639A070C49
:10C040008329C1008320C101032481010329010147
:10C05000138504008324410113010102678000005D
:10C060009305040013050900EFC00FC1631E050806
:10C070000317C400232631018327040193162701E7
:10C0800093F9F40F93F4F40FE3CC06F683264406F9
:10C0900037E6FFFFB72500003367B7001306F6FF4A
:10C0A000B3F6C6002316E400032704002322D406B7
:10C0B00083264401B307F740E3CCD7F4930504008B
:10C0C00013050900EFB01FDC631E050203270400FF
:10C0D0008326840093071000130617009386F6FF4B
:10C0E0002320C4002324D400230037010327440164
:10C0F000E312F7F49305040013050900EFB09FD88D
:10C10000E30005F48329C1009304F0FF6FF09FF36F
:10C110009307A000E396F4F29305040013050900C9
:10C12000EFB05FD6E30E05F06FF0DFFDEF70CF905C
:10C130006FF01FEA9307050003A501C713860500EA
:10C14000938507006FF01FE6130101FF13870500B9
:10C150002324810023229100130405009305060087
:10C16000130507002326110023A401C8EF40CFB414
:10C170009307F0FF630CF5008320C10003248100C6
:10C1800083244100130101016780000083A781C857
:10C19000E38407FE8320C1002320F40003248100F0
:10C1A000832441001301010167800000130101FF96
:10C1B0002324810023229100130405001385050028
:10C1C0002326110023A401C8EF408FB49307F0FF8A
:10C1D000630CF5008320C100032481008324410007
:10C1E000130101016780000083A781C8E38407FE73
:10C1F0008320C1002320F400032481008324410014
:10C20000130101016780000003A701C7130101FFAB
:10C210009387060013080600232611008328C70011
:10C2200093060500138705001386070063000802C4
:10C23000B7170280938747EDB7150280938545EEC7
:10C2400013850800EF00C014EF00C01937F8008014
:10C2500093074860130848606FF01FFE130101FF49
:10C26000930606001306000023261100EFF0DFF905
:10C27000B3B7C502130101FF232611002324810057
:10C28000B385C5026390070AEF800F801304050091
:10C290006300050A0326C5FF130740021376C6FF95
:10C2A0001306C6FF6368C7049306300193070500B1
:10C2B00063F2C60223200500232205009307B00184
:10C2C00063F8C7042324050023260500930705010E
:10C2D000630CE60623A0070023A2070023A407009F
:10C2E0008320C10013050400032481001301010110
:10C2F0006780000093050000EF704FE78320C100C6
:10C30000130504000324810013010101678000006C
:10C310009307850023A0070023A2070023A407009A
:10C320006FF01FFCEF00800B9307C0002320F50087
:10C33000130400008320C1001305040003248100BE
:10C340001301010167800000232805009307850180
:10C35000232A05006FF01FF8130101FC1303C1022B
:10C360002326D10293060300232E11002328E10285
:10C37000232AF102232C0103232E1103232661001B
:10C38000EFA09F808320C10113010104678000009A
:10C39000130E0500130101FC03A501C7130381025D
:10C3A0002324C1022326D10213860500930603002D
:10C3B00093050E00232E11002328E102232AF10207
:10C3C000232C0103232E110323266100EFA0CFFBB2
:10C3D0008320C101130101046780000003A501C788
:10C3E00067800000130101FF130560002326110080
:10C3F000EF00802A13051000EF400F898327851175
:10C40000638607001305000067800000130101FF29
:10C41000930500082324810023261100130405003E
:10C42000EF709FE6232CA410630405029307050810
:10C430002320050013054500E31CF5FE130500004D
:10C440008320C100032481001301010167800000E3
:10C450001305F0FF6FF0DFFE130101FE232A9100A8
:10C46000232E11009307F0019304050063ECB7023B
:10C4700083278511232C810013840500638C070218
:10C4800013142400B38787000324810103A5070048
:10C4900023A0C7008320C1018324410113010102AD
:10C4A00067800000930760012320F5001305F0FF6B
:10C4B0006FF05FFE930500082326C100EF70DFDCFC
:10C4C00023ACA4100326C100930705001307050041
:10C4D00093060508630A0500232007001307470099
:10C4E000E31CD7FE6FF0DFF9032481011305F0FF91
:10C4F0006FF05FFA130101FF232291002326110040
:10C500009307F0019304050063E0B70A83278511C0
:10C5100023248100138405006384070413972500F6
:10C52000B387E70003A70700630C07029306100018
:10C53000630CD7009306F0FF6308D70423A007001D
:10C5400013850500E70007000324810013050000A0
:10C550008320C10083244100130101016780000092
:10C5600013850400EF00C043130604000324810078
:10C570008320C10093050500138504008324410036
:10C58000130101016F00803B032481008320C1005F
:10C59000930760012320F500832441001305100058
:10C5A0001301010167800000930760012320F5005B
:10C5B0001305F0FF6FF0DFF99307F00163EAB70CA2
:10C5C00083278511130101FF232481002322910079
:10C5D00023261100138405009304050063800708D7
:10C5E00013172400B387E70003A70700630C0702B3
:10C5F0009306F0FF6300D706930610006300D7048C
:10C600001305040023A00700E7000700130500003E
:10C610008320C10003248100832441001301010110
:10C62000678000008320C10003248100832441002F
:10C630001305100013010101678000008320C10071
:10C6400003248100832441001305300013010101FC
:10C6500067800000130520006FF09FFB9305000822
:10C66000EF709FC223ACA41093070500630E050072
:10C67000130705009306050823200700130747004A
:10C68000E31CD7FE6FF0DFF51305F0FF6FF05FF8E6
:10C690001305F0FF67800000130101FF23229100C2
:10C6A000232611009307F00183A401C763EEA708B6
:10C6B00083A78411232481001304050063820704E7
:10C6C00013172500B387E70003A70700630A0702D3
:10C6D00093061000630AD7009306F0FF6306D704A1
:10C6E00023A00700E70007000324810013050000D2
:10C6F0008320C100832441001301010167800000F1
:10C7000013850400EF00C0291306040003248100F0
:10C710008320C10093050500138504008324410094
:10C72000130101016F008021032481008320C100D7
:10C730009307600123A0F400130510008324410037
:10C7400013010101678000009307600123A0F4003A
:10C750001305F0FF6FF0DFF9130101FF2320210122
:10C76000232611009307F00103A901C763E2A70480
:10C77000232481001304050003258911232291003D
:10C7800093840500630E050213142400B30785008B
:10C7900003A507000324810023A097008324410000
:10C7A0008320C100032901001301010167800000FB
:10C7B000930760012320F9001305F0FF6FF05FFE7F
:10C7C0009305000813050900EF701FAC232CA91076
:10C7D0009307050013070508630A050023A0070057
:10C7E00093874700E31CF7FE6FF01FFA03248100D4
:10C7F000832441001305F0FF6FF09FFA130101FF3E
:10C800002324810003A401C7232611008327841158
:10C81000638C0700130500008320C10003248100FE
:10C82000130101016780000093050008130504004F
:10C83000EF709FA5232CA410630C05009307050837
:10C840002320050013054500E31CF5FE6FF09FFC57
:10C850001305F0FF6FF05FFC130101FF232291002D
:10C86000232611009307F00183A401C763E4A70CFA
:10C8700083A7841123248100130405006382070821
:10C8800013172400B387E70003A70700630C070210
:10C890009306F0FF6300D706930610006300D704E9
:10C8A0001305040023A00700E7000700032481000C
:10C8B000130500008320C1008324410013010101FE
:10C8C00067800000032481008320C100832441008D
:10C8D000130510001301010167800000032481008B
:10C8E0008320C1008324410013053000130101019E
:10C8F0006780000003248100130520006FF09FFB78
:10C900009305000813850400EF701F9823ACA41052
:10C9100093070500630E050013070500930605083D
:10C920002320070013074700E39CE6FE6FF05FF546
:10C93000032481001305F0FF6FF0DFF7130101FFFF
:10C94000138705002324810023229100130405008E
:10C9500093050600130507002326110023A401C830
:10C96000EF30DFBB9307F0FF630CF5008320C100BD
:10C97000032481008324410013010101678000002A
:10C9800083A781C8E38407FE8320C1002320F4002D
:10C99000032481008324410013010101678000000A
:10C9A0006F309FB5B7071000130101FE938EF7FF9C
:10C9B00033F8BE00B3F7DE0013D34601232821016C
:10C9C00013D9450193973700232C810013183800A1
:10C9D00013D4F5011357D5019358D6011379F97F74
:10C9E0001373F37F232E1100232A91002326310194
:10C9F00093D6F601B3E8F8003367070193153500C5
:10CA0000131F3600B30769406304D41E6352F01647
:10CA1000630603289306F07F6306D94293068003DA
:10CA20001306100063CEF602B7068000B3E8D80004
:10CA30009306F00163CEF65293060002B386F640E9
:10CA40003396D8003355FF00B316DF003366A600D7
:10CA5000B336D000B3D8F8003366D6003307174199
:10CA60003386C540B3B5C50093040600B309B7408B
:10CA70009397890063DA0732B70780009387F7FF3F
:10CA8000B3F9F9006388092C13850900EF20100120
:10CA9000930785FF930600023387F64033D7E400FF
:10CAA000B399F90033673701B394F40063C8274B97
:10CAB000B387274193871700B386F6403396D40097
:10CAC000B3D9F4003336C00033663601B316D7004D
:10CAD000B3E4C600B359F7001309000093F77400DC
:10CAE0006380070293F7F40013074000638AE700AE
:10CAF0009387440033B69700B389C9009384070035
:10CB00009397890063DA076E930719001307F07F84
:10CB1000130E04006386E72A370780FF1307F7FF29
:10CB200033F7E90093F7F77F1318D70113D63400D2
:10CB3000131797003368C8001357C7008320C1013B
:10CB40000324810193974701B3E7E7001317FE0120
:10CB5000B3E7E70083244101032901018329C100D0
:10CB60001305080093850700130101026780000088
:10CB7000638C0714B30723416312093C3365B70084
:10CB80006304054C1385F7FF630205601308F07F0B
:10CB900063860757930780031306100063CCA70230
:10CBA000930705001306F001634CF65613050002C7
:10CBB0003305F5403316A70033D8F5003395A500AB
:10CBC000336606013335A0003357F7003366A600FD
:10CBD000B388E8403306CF403337CF0093040600D4
:10CBE000B389E84013090300138406006FF05FE87F
:10CBF0006350F01E63100314B3E6E801638C06264D
:10CC00009386F7FF638006481306F07F638CC72284
:10CC1000930780039309100063CCD7029387060023
:10CC20009306F00163C0F64A93060002B386F6400D
:10CC3000B399D8003356FF00B316DF00B3E9C9003B
:10CC4000B336D000B3D8F800B3E9D90033071701E1
:10CC5000B385B900B3B9350193840500B389E90000
:10CC60009397890063D20714130919009307F07F83
:10CC7000630CF936B70780FF9387F7FF13F61400AC
:10CC8000B3F7F90013D714003367C7001396F70101
:10CC9000B364E60093D917006FF05FE4B3E6E801F0
:10CCA000638A061C9386F7FF638006401306F07FB5
:10CCB000638AC7189307800313061000E3C2D7DA0C
:10CCC000938706006FF0DFD6130819001378E87F0A
:10CCD000631C08223363B70033E8E80163100938A6
:10CCE000630E034663060840B389E54133B5350159
:10CCF000330617413306A64013158600635E0550C0
:10CD0000B305BF403387E840333FBF003307E741F7
:10CD10001316870093840500635E0652B70780FFF1
:10CD20009387F7FF3377F700138E06009307100001
:10CD30006FF09FDF9306F07F6306D91093068003A0
:10CD400093091000E3C6F6F0B7068000B3E8D800F8
:10CD50006FF01FED13850400EF2040549307850109
:10CD60009306F001E3D8F6D2130785FF3397E4006A
:10CD700063C62723338927419307190063D6F648F2
:10CD8000130919FE93060002B3542701638CD700E0
:10CD900093060004B387F6403317F7003337E000FB
:10CDA000B3E4E4001309000093F77400E39C07D296
:10CDB0009307090013D63400138709006F00000C95
:10CDC0009307F07F13070000130800006FF01FD7D0
:10CDD000638A070CB30723416302091E9306F07FA1
:10CDE0006308D332930680039309100063CEF602E2
:10CDF000B70680003367D7009306F00163C8F63C9E
:10CE000093060002B386F640B319D70033D6F50077
:10CE1000B396D500B3E9C900B336D0003357F70055
:10CE2000B3E9D900B388E8003387E901B3393701A2
:10CE300093040700B3891901130903006FF05FE23F
:10CE40006310080213163500135636001318D70165
:10CE50003368C800135737003367070163060718A4
:10CE6000130E00009307F07F370708001308000037
:10CE70006FF0DFCC13163500135636001318D701A8
:10CE80009306F07F3368C80013573700E386D7FC5A
:10CE90001317C7001357C70093F7F77F130E04004B
:10CEA0006FF0DFC99306190013F8E67F63180814C2
:10CEB000B366B700631C092863820630B3E6E80155
:10CEC00063880622B387E501B3B5B70033071701BE
:10CED0003307B70013D8370093178700130E0400E9
:10CEE00063DE0734B70780FF9387F7FF3377F700D8
:10CEF0009317D7011357370033E807013377D7016A
:10CF0000930710006FF09FC33388E541B3B7050165
:10CF1000B3091741B389F940939789009304080036
:10CF200063C6071033683801E31E08B4130E00000F
:10CF300093070000130700006FF05FC01305F07F38
:10CF4000630EA31A1305800313061000E344F5C80B
:10CF5000370680003367C7006FF0DFC4B70980FF72
:10CF60009389F9FF3309F940B37937016FF01FB79F
:10CF7000938607FE13060002B3D6D800638AC70063
:10CF800013060004B307F640B397F800336FFF00B1
:10CF90003336E0013366D6006FF09FACB70680FFF2
:10CFA0009386F6FFB307F9403377D7001318D701FC
:10CFB00033683801135737006FF09FEDB366B70041
:10CFC0006386061E9386F7FF638E060A1305F07FBD
:10CFD0006380A7149307800393091000E3C6D7E486
:10CFE000938706006FF05FE1130E04009307F07F54
:10CFF00013070000130800006FF05FB49307F07F81
:10D00000E384F6FE338FE501B335BF00B3071701A4
:10D01000B387B7001396F701135F1F00B364E601EF
:10D0200093D91700138906006FF05FAB3306BF403A
:10D03000B387E8403337CF0093040600B389E74055
:10D04000138406006FF01FA4131636001356360023
:10D0500013840600138708006FF05FE2E31203DE1B
:10D060006306081C13D73800131636009398D801AE
:10D0700033671701135636003367C7001384060061
:10D080006FF0DFDD338FE501B3081701B335BF0063
:10D09000B389B8009397890093040F0063D4070EF7
:10D0A000130920006FF01FBD338FE541B30817410E
:10D0B000B3B5E50193040F00B389B840130910001C
:10D0C0006FF01F9B938607FE13060002B3D6D800AD
:10D0D000638AC70013060004B307F640B397F8004D
:10D0E000336FFF00B339E001B3E9D9006FF05FB6E9
:10D0F00013163500935936006FF05FEB13163600A8
:10D100001356360013840600138708006FF01FD4EF
:10D110001316360013563600138708006FF01FD31E
:10D12000138507FE130600023355A700638AC70064
:10D1300013060004B307F640B317F700B3E5F50094
:10D140003336B0003366A6006FF0DFA8E38206FC3A
:10D1500033EFE801E3160FD06FF0DFCEE30808DC11
:10D16000131836009397D8011358380013D7380096
:10D170003368F8003377D701138E06009307000059
:10D180006FF0DF9B930710006FF0DFC2B305BF4065
:10D19000B388E8403337BF0093840500B389E84083
:10D1A00013840600130910006FF09F8C13163600CD
:10D1B00013563600138708006FF05FCC1316360045
:10D1C00093593600138708006FF05FDE938607FEE1
:10D1D00013060002B356D700638AC7001306000483
:10D1E000B307F640B317F700B3E5F500B339B00065
:10D1F000B3E9D9006FF05FC313D634009307090079
:10D20000138709006FF09FC793060002B386F640AC
:10D21000130600006FF05F8B33E8C900E30808D005
:10D2200093D93900130706006FF05FD8130E000082
:10D230009307F07F370708006FF05F909317D701CF
:10D240001357370033E807013377D70193070000FE
:10D250006FF0DF8E1318D70193D535003368B8000F
:10D2600013573700138406006FF09FC2130101FDAE
:10D27000232E310193D945012324810223229102D7
:10D2800023202103232C4101232671019394C500FF
:10D2900023261102232A510123286101232481011D
:10D2A00093F9F97F13040500930B06001389060018
:10D2B00093D4C40013DAF501638A09189307F07F49
:10D2C0006388F908939434009357D501B3E7970026
:10D2D00037078000B3EAE700131B3500938919C0B4
:10D2E00093040000130C0000935749011314C90064
:10D2F00093F7F77F1354C4001359F90163820708A9
:10D300001307F07F638AE7181314340013D7DB0187
:10D3100033678700938717C0370480003364870022
:10D3200093983B00B389F940130600001307F000FF
:10D33000B3462A0163649724B717028093942400AC
:10D34000938747F1B384F40003A704006700070044
:10D35000B3EAA400639E0A1C935749011314C90041
:10D3600093F7F77F130B0000930480009309F07F7D
:10D37000130C20001354C4001359F901E39207F869
:10D38000B36874016382081C630A044A130504002D
:10D39000EF10D07093070500930655FF1307D001D7
:10D3A000938887FF3307D7403314140133D7EB003A
:10D3B00033648700B3981B01B38737019389373FE4
:10D3C000130600006FF09FF63307F7401306800343
:10D3D000635AE64E9307000013060000130700008F
:10D3E0008320C1020324810293974701B3E7C7005A
:10D3F0009396F601B3E7D700832441020329010283
:10D400008329C101032A8101832A4101032B0101E0
:10D41000832BC100032C81001305070093850700AF
:10D4200013010103678000009307F07F13060000DB
:10D43000130700006FF0DFFA930600009307F07FF8
:10D4400037060800130700006FF09FF9B3EAA40045
:10D45000638C0A106388044013850400EF10106485
:10D4600013070500930655FF9307D001130B87FFA1
:10D47000B387D740B3946401B357F400B3EA97007D
:10D48000331B64019309D0C0B389E94093040000C1
:10D49000130C00006FF05FE5B36874019389198085
:10D4A000639C080A93E42400130400001306200080
:10D4B0006FF0DFE713090A0013840A0093080B00DA
:10D4C000930720006308FC4E93073000E306FCF648
:10D4D0009307100093060900E30EFCEE9387F93FD3
:10D4E0006356F02A13F778006316074A131774007F
:10D4F000635A0700B70700FF9387F7FF3374F40000
:10D50000938709401307E07FE340F7F293D8380090
:10D510001317D40113169400336717011356C6006E
:10D5200093F7F77F6FF0DFEB130C06006FF05FF9F6
:10D53000938A0400130B05009304C0009309F07F45
:10D54000130C30006FF05FDA93E414001304000052
:10D55000130610006FF09FDD93E4340093880B00F6
:10D56000130630006FF09FDC130B000093044000A3
:10D5700093090000130C10006FF01FD76364542B45
:10D5800063808A2A13030B009389F9FF93870A00AB
:10D59000130B0000131784001355070133D4A7029F
:10D5A00013D688013366E6001318060113580801E4
:10D5B0009395880013570301B3F7A702B3088802B5
:10D5C00093970701B367F70063FA1701B307F600F3
:10D5D0001307F4FF63F0C72E13040700B387174146
:10D5E000B3D8A7021317030113570701B3F7A70214
:10D5F000B30F1803939707013367F700637AF701B6
:10D600003307E6009387F8FF637EC72893880700F7
:10D6100013140401B7020100336414011383F2FFF1
:10D62000B3786400935E040113DE050133F36500F3
:10D63000330F13033307F741B3081E0393570F014A
:10D64000B38F6E02B388F801B3871701B38ECE0390
:10D6500063F4F701B38E5E00B70F0100938FFFFFF5
:10D6600093D80701B3F7F70193970701337FFF01C1
:10D67000B388D801B387E701636E1717630A1717DA
:10D68000B307FB4033071741333BFB0033076741C8
:10D690006300E62EB358A70293DE07013377A70293
:10D6A000330F18031317070133E7EE00637EE7011A
:10D6B0003307E600938EF8FF636AC72E6378E72F7F
:10D6C0009388E8FF3307C7003307E741B35EA7023B
:10D6D0009397070193D707013377A7023308D8033D
:10D6E00013170701B3E7E70063FE0701B307F6006E
:10D6F0001387FEFF63E8C72A63F6072B938EEEFFBE
:10D70000B387C70093980801B3E8D80113950801BF
:10D7100013DF080113550501B30E6502B3870741F6
:10D720003305AE0213D70E0133036F0233056500D4
:10D730003307A700330EEE03637667003705010059
:10D74000330EAE00370801001308F8FF1355070128
:10D750003377070113170701B3FE0E013305C50127
:10D760003307D70163F2A712B307F6001383F8FF5C
:10D770001388070063E4C71C63E8A7246386A72611
:10D780009308030093E818006FF05FD513071000AB
:10D79000E39C07C29389E941B3973801B337F0009E
:10D7A000B3193401B3E73701B3D8E800B3E8F800A0
:10D7B00093F778003354E4006380070293F7F8008E
:10D7C00013074000638AE70093874800B3B8170146
:10D7D0003304140193880700931584009307100005
:10D7E0001306000013070000E3CC05BE6F004013D2
:10D7F000E378FBE8B30EBB0033BF6E01B30FCF007D
:10D800003307F701138B0E00930FF4FF6374E608E0
:10D8100063621715638EE81213840F006FF05FE6E2
:10D82000E3621BD713571B001393FA0193D71A0017
:10D830003363E300131BFB016FF0DFD513850B008F
:10D84000EF10D025930655011307C0019307050279
:10D85000E356D7B4130585FF930800003394AB005B
:10D860006FF09FB5EF109023930655019307C00109
:10D8700013070502E3DAD7BE930785FFB31AF40056
:10D88000130B00006FF01FC0E39EA7EEE30807C470
:10D890006FF09FEDE312E6F8E30C0FF613840F0030
:10D8A0006FF01FDEE374F7D79388E8FF3307C700F4
:10D8B0006FF01FD6E3F217D31304E4FFB387C7005A
:10D8C0006FF0DFD11306F001E356E6EC130610FE0D
:10D8D000B307F64013060002B357F4006308C7000D
:10D8E0009389E943B3193401B3E83801B33810011F
:10D8F000B3E8F80013F77800130600006308070286
:10D9000093F7F8001307400013040000638AE70050
:10D9100093874800B3B81701333410019388070088
:10D92000131694001317D4011356C60093D8380069
:10D9300033E7E800930700006FF09FAA9308030005
:10D94000E312A8E4E30CB7B893E818006FF01FB92E
:10D95000E3F4FEECB38ED50133BFBE00330FCF002E
:10D960001304E4FF138B0E003307E7016FF05FD160
:10D97000130720C09387F93F9308F0FFE3C8E9E05D
:10D9800013874800B33817013304140193080700C4
:10D990006FF0DFB513F7F80013064000E308C7B4D3
:10D9A0006FF01FFE930E07006FF0DFD593880E0017
:10D9B0006FF09FD1930609009307F07F13060000D4
:10D9C000130700006FF0DFA1139315003338B30085
:10D9D0003308C800338807019388E8FF93050300E4
:10D9E000E302A8F66FF01FDAE3E0E5FE9308030018
:10D9F000E31CB7F46FF09FAE13D74501B7071000D3
:10DA00009387F7FF13D846011377F77F1303F07F4F
:10DA100033FEB70093080500B3F7D70093D5F5019F
:10DA20001378F87F93D6F60113051000630C670096
:10DA300063086800631407016306FE026780000044
:10DA400067800000E31CE8FEB367FE00B3E7C70091
:10DA5000B3E71701E39407FEB385D5403335B00033
:10DA600067800000E39CC8FC638AD500E31807FCCC
:10DA7000336E1E013335C0016780000013050000BE
:10DA80006780000093D84501B70710009387F7FF20
:10DA900013D7460193F8F87F130EF07F33F3B700E6
:10DAA00013080500930E0500B3F7D70093D5F501D1
:10DAB000130F06001375F77F93D6F6016388C80528
:10DAC0006304C503639A08063368030163100506FF
:10DAD00033E6C700630C06086312080A130510003A
:10DAE000638206086780000033E6C70063140608F7
:10DAF0006396080033630301E30203FE6380D506E7
:10DB0000639205061305100067800000336303016C
:10DB100063120306E31615FFB3E7C700639C07040F
:10DB2000E390D5FE1305000067800000E30808FAC3
:10DB3000E398D5FC6F008002E30405FCE392D5FC7A
:10DB4000E34015FD63CCA800E3EC67FA6318F3002B
:10DB5000E368DFFB13050000E3F6EEF913051000A0
:10DB6000E39205F81305F0FF67800000E31A08F858
:10DB7000678000001305E0FF67800000E386D5FCA6
:10DB80006FF01FF893D84501B70710009387F7FF90
:10DB900013D7460193F8F87F1303F07F33FEB700E5
:10DBA00013080500930E0500B3F7D70093D5F501D0
:10DBB000130F06001375F77F93D6F601638A680486
:10DBC000630465026398080633680E01631E050846
:10DBD00033E6C7006304060A6316080A130510003B
:10DBE000638006086780000033E6C7001305200045
:10DBF000E31A06FE63960800336E0E01E3000EFE84
:10DC0000638CD504639E0504130510006780000033
:10DC1000336E0E0163100E06E31615FFB3E7C7005F
:10DC200013052000E39007FCE39ED5FC13050000DC
:10DC300067800000E30805FCE396D5FCE34415FD8E
:10DC400063CCA800E3E0C7FD6318FE00E36CDFFBD4
:10DC500013050000E3F8EEF913051000E39405F84E
:10DC60001305F0FF67800000E30A08F6E39CD5F88F
:10DC70006FF09FFE1305200067800000E31408F892
:10DC800067800000E380D5FC6FF0DFF7130101FD32
:10DC900093D74501232481022322910223202103CB
:10DCA000232E3101232A51019394C500232611020A
:10DCB000232C4101232861012326710123248101A2
:10DCC00093F7F77F13040500930A06009389060073
:10DCD00093D4C40013D9F501638407421307F07F7E
:10DCE0006386E70A939634001357D5013367D7004C
:10DCF000B7068000B364D700131A3500138C17C021
:10DD0000130B0000930B000093D749011397C90030
:10DD100093F7F77F138F0A001354C70093D9F901C3
:10DD20006380070A1307F07F638EE714131734002C
:10DD300093D5DA01B3E5E500938717C03707800074
:10DD400033E4E500139F3A00B38887011303000012
:10DD50001307A00013851800634C670BB345390106
:10DD6000930720001388050063C66715130BFBFF9C
:10DD70001307100063606717630AF33C9304040001
:10DD8000130A0F00930B03006F00C00933EAA400CD
:10DD900063180A3C93D749011397C90093F7F77F9B
:10DDA00093040000130B8000130CF07F930B2000F2
:10DDB000138F0A001354C70093D9F901E39407F6AF
:10DDC000B36754016382073C6300044A13050400EF
:10DDD000EF10C04C93080500130755FF9307D001BF
:10DDE000138F88FFB387E740B3D7FA003317E401F6
:10DDF00033E4E700339FEA01B3081C419388D8C09D
:10DE00001307A0001303000013851800E35867F5FB
:10DE10009305090093072000638AFB3293073000C3
:10DE2000638CFB489307100013880500639AFB4638
:10DE30009307000093060000130700008320C1022F
:10DE40000324810293974701B3E7D7009316F801A3
:10DE5000B3E7D70083244102032901028329C101CA
:10DE6000032A8101832A4101032B0101832BC10075
:10DE7000032C81001305070093850700130101039C
:10DE800067800000336754019308FC7F630A073002
:10DE9000371700003348390113070780136B3B0025
:10DEA0009306A000930508003305EC0063C06639B3
:10DEB0001303300013061000331666011377065360
:10DEC000E31A07F4937706246394073C13768608D5
:10DED0006312062EB70F0100938EFFFFB377DA01AE
:10DEE00093560A01B37EDF01135E0F013387D70318
:10DEF0003383D603935507013306FE0233066600CB
:10DF0000B385C500338FC60363F46500330FFF018B
:10DF1000B70301001386F3FF33F3C500935F0401D9
:10DF20003377C7003374C40013130301B38287022D
:10DF30003303E30093D505013387860213D602012C
:10DF4000B387FF02B387E7003306F600B387F60313
:10DF50006374E600B3877700370901009309F9FF7E
:10DF60003377360193D30401B3F63401B3F23201AF
:10DF700013170701B384DE02330757001356060157
:10DF80003306F600B385E500B302DE0293D7040141
:10DF9000B38ED303B382D201B3875700330E7E0210
:10DFA00063F4D701330E2E01B7090100938EF9FFF8
:10DFB000B3F2D70193D70701B387C701B3FED401EA
:10DFC000939202013309D402B382D20133848302D3
:10DFD000135E0901B386DF02B3868600330EDE00CE
:10DFE000B38E7F0263748E00B38E3E01B70F0100C3
:10DFF000938FFFFFB376FE01939606013379F90103
:10E00000B385E501B38626013386C60033B7E50044
:10E010003307E600338F5500B307F700B335BF0071
:10E02000B385B700B336D6003336C700B3E6C600B3
:10E0300033B7E700135E0E01B3B7F500B386C60130
:10E040003367F70093179F003307D700B3E76700E4
:10E050003307D701B337F00013567F01131797002A
:10E0600093D67501B3E7C7009395950033EAB700DF
:10E0700093177700B364D70063D0070213571A00D1
:10E0800093771A009396F401B367F70033EAD70049
:10E0900093D41400930805001386F83F6356C0120A
:10E0A00093777A00638007029377FA0013074000A2
:10E0B000638AE70013074A00B3374701B384F400CB
:10E0C000130A07009397740063DA0700B70700FF8D
:10E0D0009387F7FFB3F4F400138608409307E07FBB
:10E0E00063C4C71C93573A001397D40193969400C6
:10E0F0003367F70093D6C6009377F67F6FF01FD48F
:10E1000033EAA40063080A06638E04121385040030
:10E11000EF10C01813060500930655FF1307D00132
:10E12000930786FF3307D7403357E400B396F400D4
:10E13000B364D700331AF4009307D0C0338CC740C0
:10E14000130B0000930B00006FF01FBC1388050039
:10E150009307F07F93060000130700006FF01FCEB7
:10E16000130A0500130BC000130CF07F930B300053
:10E170006FF09FB993040000130B4000130C0000D4
:10E18000930B10006FF05FB8136B1B0093080C002B
:10E1900013040000130F0000130310006FF05FBBA7
:10E1A000136B2B0013040000130F00001303200057
:10E1B0006FF01FBA93040400130A0F00930B0300BF
:10E1C000938509006FF01FC5130710006310061038
:10E1D0009388E84133161A013336C000B39814010E
:10E1E000B357EA00336616013366F600937776007C
:10E1F000B3D5E400638007029377F600130740006D
:10E20000638AE7009307460033B6C700B385C500AD
:10E2100013860700139585009307100093060000EE
:10E2200013070000E34C05C06F00C0101307F00097
:10E230006310EB1213080000B70608001307000074
:10E240006FF0DFBFEF108005930655019307C00103
:10E2500013060502E3D4D7EC130585FF130A00006B
:10E26000B314A4006FF05FED13850A00EF100003F4
:10E27000130755019307C00193080502E3D0E7B6E1
:10E28000130585FF130F00003394AA006FF0DFB66B
:10E29000130800009307F07FB70608006FF01FBA5D
:10E2A000930805006FF05FDF9307F07F930600008F
:10E2B000130700006FF09FB8130800009307F07F6A
:10E2C000B7060800130700006FF05FB73307C740B9
:10E2D00093078003E3CEE7B49307F001E3DAE7EEB8
:10E2E000930710FEB387C74093060002B3D7F4002C
:10E2F0006308D7009388E843B3981401336A1A017E
:10E30000333640013366F60013777600930600003B
:10E31000630807029377F600130740009305000097
:10E32000638AE7009307460033B6C700B335C000E1
:10E3300013860700939695001397D50193D6C600D0
:10E34000135636003367E600930700006FF01FAFE7
:10E3500093040400138A0A00930B3000938509008C
:10E360006FF05FABB70710009387F7FF130101FE53
:10E37000B3F8B70033F8D70093D746019398380025
:10E38000232C81002326310113D4F50193D94501B3
:10E390001357D501131838009355D601232E1100B9
:10E3A000232A91002328210113FFF77F1303F07F15
:10E3B0003367170193F9F97F130E040093183500A2
:10E3C00093D6F601B3E50501931E3600630C6F206A
:10E3D00093C61600B387E9416302D416E35AF000EE
:10E3E000630A0F246384693C9306800313051000BD
:10E3F00063CEF602B7068000B3E5D5009306F001C0
:10E4000063C4F64E93060002B386F6403395D500FA
:10E4100033D6FE00B396DE003365C500B336D000B8
:10E42000B3D7F5003365D5003307F7403385A840EF
:10E4300033B6A800930405003309C7409317890039
:10E4400063D80734B70780009387F7FF3379F90063
:10E450006306092E13050900EF005064930785FF3A
:10E46000930600023387F64033D7E4003319F900EE
:10E4700033672701B394F40063C4373FB387374150
:10E4800093871700B386F6403396D40033D9F4004F
:10E490003336C0003366C900B316D700B3E4C600F4
:10E4A0003359F7009309000093F774006380070263
:10E4B00093F7F40013074000638AE7009387440052
:10E4C00033B597003309A900938407009317890097
:10E4D00063D0076C938719001307F07F6386E724E6
:10E4E000370780FF1307F7FF3377E90093F7F77FCC
:10E4F0001318D70113D53400131797003368A800F9
:10E500001357C700137E14008320C1010324810127
:10E5100093974701B3E7E7001317FE01B3E7E7005E
:10E5200083244101032901018329C1001305080047
:10E530009385070013010102678000006352F070A9
:10E5400063160F1CB3E6D501638E06269386F7FF8C
:10E5500063880646638C67249307800313091000C1
:10E5600063CCD702938706009306F00163CAF6488E
:10E5700093060002B386F6403399D50033D6FE00E9
:10E58000B396DE003369C900B336D000B3D7F500C7
:10E590003369D9003307F7003306190133392601EF
:10E5A000930406003309E9009317890063D2071E1C
:10E5B000938919009307F07F6388F916B70780FFE6
:10E5C0009387F7FF13F51400B377F90013D71400FE
:10E5D0003367A7001395F701B364E50013D917005B
:10E5E0006FF09FEC33E8D5011383198063080806A8
:10E5F000630AD4066304030E638E092613153600DE
:10E600001355350013840600138705001318D7012E
:10E610003368A800135737003367070163060710F4
:10E62000130E00009307F07F37070800130800005F
:10E630006FF09FEDB3E6D501638606189386F7FF6A
:10E640006382063A638467169307800313051000FC
:10E65000E3CED7DC938706006FF05FDA93C616002F
:10E66000E31AD4F8630803186390092C9307F07F2A
:10E67000B3661701638806489386F7FF6382063402
:10E680001305F07F6382A72A930780031309100004
:10E6900063CAD7029307F00163C6D74C9307000201
:10E6A000B387D7403319F70033D6D800B397F800B3
:10E6B0003369C900B337F000B356D7003369F900A6
:10E6C000B385D5003307D9013339270193040700F7
:10E6D0003309B90093090F006FF01FED93871900FC
:10E6E00093F7E77F6394071433E8D501B367170105
:10E6F0006394092A638E07386310083C13153500AC
:10E7000013593500930700006F0040116380690AB8
:10E710009306800313091000E3C0F6E8B7068000F3
:10E72000B3E5D5006FF05FE4137E14009307F07F2C
:10E7300013070000130800006FF01FDD13850400AD
:10E74000EF00D035930785019306F001E3DAF6D0A8
:10E75000130785FF3397E40063CE371BB389374136
:10E760009387190063DEF642938919FE930600022F
:10E77000B3543701638CD70093060004B387F64087
:10E780003317F7003337E000B3E4E40093090000E7
:10E7900093F77400E39E07D09387090013D53400E4
:10E7A000130709006F008002E31C08E6131535000B
:10E7B0001318D701135535003368A80013573700D5
:10E7C0006FF09FE513153500135535001318D70169
:10E7D0009306F07F3368A80013573700E38ED7E223
:10E7E0001317C7001357C70093F7F77F137E140062
:10E7F0006FF09FD19386190093F7E67F639E07120F
:10E80000B3671701639A092463860730B3E7D5011C
:10E81000639A073013153500135935001318D701C3
:10E8200033682801135737006FF09FFB3388D841B6
:10E83000B3B708013309B7403309F940931789008A
:10E840009304080063C2071233682801E31208C06A
:10E85000130E000093070000130700006FF0DFCADB
:10E86000370980FF1309F9FFB389F940337927018C
:10E870006FF09FC39307F07F3365170163040510A2
:10E880001388F7FF6302081E1305F07FE388A7D6FD
:10E8900093078003138406001305100063CA07035F
:10E8A0009307F00163C4071993070002B387074178
:10E8B0003315F700B3D60801B397F8003365D500D8
:10E8C000B337F000335807013365F500B3850541D0
:10E8D0003385AE4033B7AE00930405003389E5407D
:10E8E00093090F006FF09FB5938607FE1306000291
:10E8F000B3D6D500638AC70013060004B307F640F9
:10E90000B397F500B3EEFE003335D0013365D50083
:10E910006FF0DFB1B70680FF9386F6FFB387F9404B
:10E920003377D7006FF09FEF13153600135535007E
:10E93000138705006FF09FCD9307F07FE386F6DE27
:10E94000B38ED80133B61E01B307B700B387C70033
:10E950001395F70193DE1E00B364D50113D9170098
:10E96000938906006FF05FB433861E41B387E5409C
:10E9700033B7CE00930406003389E74013840600C2
:10E980006FF01FAD131636001355360013840600C2
:10E99000138705006FF09FE3E39807E06306082202
:10E9A00013D73500131636009395D5013367B7009A
:10E9B000135636003367C700138406006FF01FC676
:10E9C000B38ED801B305B70033B61E013389C50035
:10E9D0009317890093840E0063D8070A93092000D7
:10E9E0006FF0DFBDB38ED841B305B74033B6D80161
:10E9F00093840E003389C540930910006FF01FA463
:10EA0000938607FE13060002B3D6D500638AC700BB
:10EA100013060004B307F640B397F500B3EEFE000B
:10EA20003339D0013369D9006FF01FB7930708FE5F
:10EA300093060002B357F700630AD8009306000458
:10EA4000B38606413317D700B3E8E8003335100129
:10EA50003365F5006FF0DFE7E38807ECB3EED5012F
:10EA6000E3900EBC6FF09FD433861E41B385E54022
:10EA700033B7CE00930406003389E54013840600C3
:10EA8000930910006FF09F9B930710006FF01FD148
:10EA9000E30008DC13163600935736001398D501AF
:10EAA000139795003368F8001357C700138E0600BC
:10EAB000930700006FF05FA53389D841B3B72801F1
:10EAC0003306B7403306F6409317860063D2070E2D
:10EAD00033861E413387E540B3BECE003307D741AE
:10EAE000931787009304060063DE0712B70780FFC1
:10EAF0009387F7FF3377F70013840600930710001E
:10EB00006FF01F9F1316360013553600138705004C
:10EB10006FF0DFCB1316360013593600138705004C
:10EB20006FF0DFCFB386D801B307B70033B6160155
:10EB3000B387C7001397870013D83600635E0708B2
:10EB4000370780FF1307F7FFB3F7E7001397D701E5
:10EB5000939797003368070113D7C70093071000F6
:10EB60006FF09F9A938706FE13060002B357F700D3
:10EB7000638AC60013060004B306D6403317D700D5
:10EB8000B3E8E800333910013369F9006FF09FB33F
:10EB900013D5340093870900130709006FF01FC3D2
:10EBA00093060002B386F640130600006FF09F8EB6
:10EBB0003368C900E30E08C81359390093070000F1
:10EBC000130706006FF09FC5130E00009307F07F38
:10EBD000370708006FF05F931397D701939797005B
:10EBE0003368070113D7C700930700006FF0DF9168
:10EBF000E38607AE33083F4193070800E38E09C65A
:10EC00009307800363CA0701B70780003367F700E3
:10EC1000138406006FF0DFC813840600130510008C
:10EC20006FF01FCB1318D701135636003368C80096
:10EC30001357370093070000138406006FF05FBA84
:10EC4000E38A07BAB3063F4163960900938706003B
:10EC50006FF01FA29307800313091000E3C4D7A627
:10EC6000B70780003367F7006FF0DFA213D74501C5
:10EC7000B70710009387F7FF1347F7FF13D8460134
:10EC8000B3F5B700B3F7D700931657011378F87FA1
:10EC9000638006021307F07F130500006304E80099
:10ECA00067800000B3E7C7003335F00067800000DD
:10ECB000B3E5A50013051000E38E05FC6780000096
:10ECC00093D74501B70610001387F6FF93F7F77F38
:10ECD0001306E03F3377B70093D5F501635EF60086
:10ECE0001306D041635EF600370500801305F5FF7B
:10ECF0003385A500678000001305000067800000D1
:10ED0000130630433306F6401308F0013367D7008B
:10ED10006350C80293063041B387F6403357F7007B
:10ED20003305E040E39C05FC130507006780000005
:10ED30009387D7BE3317F7003355C5003367A70055
:10ED40006FF01FFE130101FF232611002324810011
:10ED500023229100630A05041357F541B344A70029
:10ED6000B384E440930705001385040013D4F7012E
:10ED7000EF00C0529307E041B387A7401307A000FC
:10ED800093F7F77F6340A7061307B0003307A74048
:10ED900033D7E400130555011317C700B394A4003B
:10EDA0001357C7006F0040011304000093070000D1
:10EDB0001307000093040000939747011314F40114
:10EDC000B3E7E7008320C100B3E787000324810095
:10EDD000138504009385070083244100130101017A
:10EDE00067800000130555FF3397A4001317C70071
:10EDF0001357C700930400006FF01FFC130101FFBD
:10EE0000232481002326110013040500630C05044C
:10EE1000EF00C0489307E041B387A7401307A00065
:10EE200093F7F77F6344A7061307B0003307A740A3
:10EE3000130555013357E4003314A4008320C100A7
:10EE4000130504001317C700032481001357C700DC
:10EE500093974701B3E7E70093850700130101018A
:10EE6000678000008320C1001305040093070000A1
:10EE7000032481001307000093974701B3E7E700DD
:10EE8000938507001301010167800000130555FFFA
:10EE90003317A400130400008320C10013050400ED
:10EEA0001317C700032481001357C7009397470126
:10EEB000B3E7E700938507001301010167800000B5
:10EEC0008325C50083278500032805008326450088
:10EED00013960501130101FE139715001356060141
:10EEE0002324F1002326B100232CF100232001016B
:10EEF0002322D10023280101232AD100232EC1007F
:10EF00001357170193D5F501930801019307C10128
:10EF10001315360003A6C7FF9387C7FF9356D60184
:10EF2000B3E6A60023A2D700E394F8FE93061700E9
:10EF300013183800139616012328010113562601D1
:10EF400063020604B7C6FFFF938606403307D70067
:10EF50009306E07F63D4E6109307F07F130600006A
:10EF600093060000939747019395F501B3E7C70017
:10EF7000B3E7B7001385060093850700130101026C
:10EF80006780000003264101832881010325C10118
:10EF9000B3661601B3E6A600B3E6060163140704E0
:10EFA00063820614930650001306000093D73600C0
:10EFB0009316D601B3E6F600131696009377F77F03
:10EFC0001356C600939747019395F501B3E7C70021
:10EFD000B3E7B7001385060093850700130101020C
:10EFE000678000006384061293D7C801131545009B
:10EFF000B3E7A700B7068000B3F6D7006382061C0C
:10F00000370780FF9356C601939848001307F7FF10
:10F0100033F6E700B3E61601B70740003366F600A3
:10F0200093F686FF9307000013D736009316D60198
:10F03000131696001356C600939747019395F50152
:10F04000B3E7C700B3E6E600B3E7B70013850600F1
:10F05000938507001301010267800000635CE00CE8
:10F0600083274101032581010326C10193964700AF
:10F07000B3E6060193D7C7011318450013164600DF
:10F080001355C501B336D000B3E707013366A600B8
:10F09000B3E6F60093F776006380070293F7F60075
:10F0A00013054000638AA70093874600B3B6D700D4
:10F0B0003306D60093860700B7078000B377F600C3
:10F0C000E38607EE130717009307F07FE306F7E8E0
:10F0D000B70780FF9387F7FF3376F6009377F77FC4
:10F0E0006FF09FF493070000130600009397470109
:10F0F0009395F501B3E7C700B3E7B70013850600A2
:10F100009385070013010102678000009307F07FD9
:10F1100013060000939747019395F501B3E7C700E5
:10F12000B3E7B700138506009385070013010102BA
:10F13000678000009306C0FC634CD7089306D00399
:10F14000B386E6400327C10113DE5640B70E080020
:10F15000B3EEEE0013152E00232ED10193F6F60127
:10F160003388A80013860800130700000323060055
:10F170001306460033676700E31AC8FE1306300023
:10F180003306C641639A06040328080093861600D6
:10F190009387470023AE07FF634ED6003388A7004E
:10F1A00003280800938616009387470023AE07FFC5
:10F1B000E356D6FE93074000B387C7416F0040086F
:10F1C000930500009307F07F370608006FF09FD982
:10F1D000130700006FF01FDD130805023308280035
:10F1E000032808FF130F0002330FDF403318E80134
:10F1F00033670701630E060813182600B30FF800E3
:10F200003386A800032506000323460093874700A2
:10F210003355D5003313E3013365650023AEA7FEF4
:10F2200013064600E390FFFE93074000B387C741F3
:10F230001306080233062600B3DEDE002328D6FFBD
:10F2400093064000B386F6409396260093972700D6
:10F2500013068000B388F80063EAC60023A0080004
:10F2600023A20800938686FF9388880093074000B6
:10F2700063E4F60023A00800832701013337E00090
:10F2800003264101B366F700130700006FF09FE00B
:10F2900093071000130800006FF09FF9B7070100F3
:10F2A000637AF50213370510133717001317370069
:10F2B000B70702803355E5009387877BB387A700A4
:10F2C00003C5070093060002B386E6403385A640D7
:10F2D00067800000B70700016374F502130700019F
:10F2E000B70702803355E5009387877BB387A70074
:10F2F00003C50700930600013385A6406780000020
:10F3000013078001B70702803355E5009387877B99
:10F31000B387A70003C50700930680003385A64086
:04F320006780000002
:10F32800696C6C6567616C20696E7374727563745F
:10F33800696F6E20657863657074696F6E206861A7
:10F348006E646C657220656E74657265640A00652A
:10F3580063616C6C20657863657074696F6E206892
:10F36800616E646C657220656E74657265640A000E
:10F3780065627265616B20657863657074696F6E2C
:10F388002068616E646C657220656E746572656470
:10F398000A00756E6B6E6F776E20657863657074A2
:10F3A800696F6E2068616E646C657220656E746545
:10F3B8007265640A006E6F20657863657074696FA2
:10F3C8006E2068616E646C657220696E7374616C1E
:10F3D8006C65640A00000000556E696D706C656D9F
:10F3E800656E7465642073797374656D2063616CF0
:10F3F8006C2063616C6C6564210A00000413FFFFD4
:10F408000413FFFFD412FFFFD412FFFFD412FFFF33
:10F41800D412FFFFD412FFFFD412FFFF0413FFFF23
:10F42800F412FFFFD412FFFFD412FFFFD412FFFF24
:10F43800D412FFFFF412FFFFF412FFFFCC13FFFFFB
:10F44800D412FFFFD412FFFFD412FFFFD412FFFF24
:10F45800D412FFFFD412FFFFD412FFFFD412FFFF14
:10F46800D412FFFFD412FFFFD412FFFFD412FFFF04
:10F47800D412FFFFD412FFFF0413FFFF7C13FFFF1A
:10F48800D412FFFFD412FFFFD412FFFFD412FFFFE4
:10F49800D412FFFFD412FFFFD412FFFFD412FFFFD4
:10F4A800D412FFFFD412FFFFD412FFFFD412FFFFC4
:10F4B800B013FFFFD412FFFFD412FFFFD412FFFFD7
:10F4C800D412FFFFD412FFFFD412FFFFD412FFFFA4
:10F4D800D412FFFFD412FFFFD412FFFFD412FFFF94
:10F4E800D412FFFFD412FFFFD412FFFFD412FFFF84
:10F4F800D412FFFFD412FFFFD412FFFFD412FFFF74
:10F50800D412FFFFD412FFFFD412FFFFD412FFFF63
:10F51800D412FFFFD412FFFFD412FFFFD412FFFF53
:10F52800D412FFFFD412FFFFD412FFFFD412FFFF43
:10F53800D412FFFFD412FFFFD412FFFFD412FFFF33
:10F54800C013FFFFAC11FFFF5012FFFF5C12FFFF5B
:10F558008C11FFFF8C11FFFF8C11FFFF8C11FFFF37
:10F568008C11FFFF8C11FFFFBC11FFFF8C11FFFFF7
:10F578008C11FFFF8C11FFFF8C11FFFF3412FFFF6E
:10F58800BC11FFFF457870656374656420203D20D9
:10F5980025640A00507265646963746564203D20BF
:10F5A80025640A00526573756C74203A2025642F0F
:10F5B800310A000063726564656E63653A202564EC
:10F5C8000A000000656E763030303300696D61677F
:10F5D800652025733A20256420696E7374727563FB
:10F5E80074696F6E730A0000696D61676520257321
:10F5F8003A202564206379636C65730A0000000073
:10F608000D08FAFDF6F60105FC01FB07FEFEFAF20D
:10F6180006F6F9EBE0DAD8D8D6F10902112A253333
:10F62800D3C6C3D2F9FFFAF723282F24100A110BE7
:10F63800DFF10625DFEF0D2CE1F11D1CE2F2051AC2
:10F64800F3000A0BE4EB1815E502170C00F90DFDA1
:10F65800FB01162000FEF30201EEDAE3030E1900A7
:10F66800F7E1EA19F1E8F924E8E4062BEEEF0A20BD
:10F678002517FFFEFCF0FFFBEBFDF513F1FE0C1D5B
:10F688001024FCD5341423F82C1D0EFB140A200674
:10F69800C8031B1BE4191B15171C27F51610E7C513
:10F6A8000114231CEDF0161BDFD6E5FB01F2F7F37E
:10F6B80008E4F51C1AF4D2041906F401FD1401FA41
:10F6C800111125361D1A1121F9F4F203D0D0CDDF1E
:10F6D800FCFBEBEB19FFE0BF130D05DA1636310F13
:10F6E800081D3534DED3F332E2E2CCFDFCF5E6E466
:10F6F800FFEFF4F010F7FE030C0CF9FF15FCF6F31E
:10F7080080000000800000008000000080000000F1
:10F7180080000000800000008000000080000000E1
:10F7280080000000800000008000000080000000D1
:10F7380080000000800000008000000080000000C1
:10F7480080000000800000008000000080000000B1
:10F7580080000000800000008000000080000000A1
:10F768008000000080000000800000008000000091
:10F778008000000080000000800000008000000081
:10F788008000000080000000800000008000000071
:10F798008000000080000000800000008000000061
:10F7A8008000000080000000800000008000000051
:10F7B8008000000080000000800000008000000041
:10F7C8008000000080000000800000008000000031
:10F7D8008000000080000000800000008000000021
:10F7E8008000000080000000800000008000000011
:10F7F8008000000080000000800000008000000001
:10F8080080000000800000008000000080000000F0
:10F8180080000000800000008000000080000000E0
:10F8280080000000800000008000000080000000D0
:10F8380080000000800000008000000080000000C0
:10F8480080000000800000008000000080000000B0
:10F8580080000000800000008000000080000000A0
:10F868008000000080000000800000008000000090
:10F878008000000080000000800000008000000080
:10F888008000000080000000800000008000000070
:10F898008000000080000000800000008000000060
:10F8A8008000000080000000800000008000000050
:10F8B8008000000080000000800000008000000040
:10F8C8008000000080000000800000008000000030
:10F8D8008000000080000000800000008000000020
:10F8E8008000000080000000800000008000000010
:10F8F8008000000080000000800000008000000000
:10F9080080000000800000008000000080000000EF
:10F9180080000000800000008000000080000000DF
:10F9280080000000800000008000000080000000CF
:10F9380080000000800000008000000080000000BF
:10F9480080000000800000008000000080000000AF
:10F95800800000008000000080000000800000009F
:10F96800800000008000000080000000800000008F
:10F97800800000008000000080000000800000007F
:10F98800800000008000000080000000800000006F
:10F99800800000008000000080000000800000005F
:10F9A800800000008000000080000000800000004F
:10F9B800800000008000000080000000800000003F
:10F9C800800000008000000080000000800000002F
:10F9D800800000008000000080000000800000001F
:10F9E800800000008000000080000000800000000F
:10F9F80080000000800000000004000000040000F7
:10FA080000040000000400000004000000040000DE
:10FA180000040000000400000004000000040000CE
:10FA2800C9FBFAE4E6DA1EE3FBE4E72CF8EDF9E9B2
:10FA3800F21DF61C1E21DAD9DC10F2EDE7F4FD3ACE
:10FA480006FBD5291BFCE92C1CDFFE0328E9F92E4F
:10FA580026EBEDD8F7EFEBF322F9FCD62F24F6E2EC
:10FA6800EBE61CE23201143C2C2AF6FB1EFCF8F8EB
:10FA7800FADD28ECECE912E00CEDF82CE812DF27AF
:10FA880025E91BD9021F0EE231DED0E7ECFD26F096
:10FA980027E300FB07E5061427F3F6FDDBD7F8DFBD
:10FAA800F8FDFCF902210AE72EF3F5DCE3F3E4FFA5
:10FAB80005F6F5EDDDE60E34E204EBDDDDF028EECB
:10FAC800E12427F92DFA20FB02EDE5E629233AE7A0
:10FAD80022DA06ECF6EF3004FA1FE1F804DD3431DF
:10FAE800EAFBEDE1F1F8D3EB25DB012AE6D0EFF5EF
:10FAF800EBE4F0EE1316093507181DD7F3E5F1EE20
:10FB0800E7EDEFF2DA1CFA3521E5DB1622D10BF826
:10FB1800F4DB2EEC25E0E315E826321AE836EDE4AE
:10FB2800F2CA18F3E5EF01E5F316291FEBD92A2BE2
:10FB38000DECEB19E52FF1DAF0E7FE37FCEBF5EC0D
:10FB480013F1293635EF2A32FAF9EE35E727303244
:10FB5800DFDB0027D5EF03162CFEE4E530F4082799
:10FB68001B1DCCCD391EDEE807020707E5FD2D1366
:10FB7800142021F32CF3EEF5E92FF7E407CFCEC1DB
:10FB8800FF32F014F70102F238E40AD504FDE52D3E
:10FB980019D63716D721DFEC20F5D4E62831D4E280
:10FBA800282F14E4F41D31E0D130D1F3D0C7E42B71
:10FBB800FB11F92A27D81BDFEDF4E5EA17E72AFF3E
:10FBC800E811FA31E90124FFF81FDAF0FCE6E8361B
:10FBD800D9ED2522CC1BFF2D23E4D92305ED08FC04
:10FBE8000CE4F9E81DFDD90D32F2E1E43AE92F03FE
:10FBF800E2F82EF81422D81D362CD4E3E2D9F8F80E
:10FC0800E5E3EDEF37CEE63728E2E6E72306ECF842
:10FC1800E4F3D42F282FF0F7E7ECD639FBDDE4F036
:10FC2800FE2201EB1CE9F7CBFDDBFB0B393310009F
:10FC38002EE3DDE6EEE314EE0BFDFFFAEB06E5F648
:10FC4800DBE6DE1BD629EB0F2BEBE83227D9E5FDE7
:10FC5800EE39DD302431EFCFF32EED322027DB1DD6
:10FC6800DC39EB2EFB2B17E1FB1E0B15ED22E5F91A
:10FC7800ECEFE4EEFAF2ECDF2EF1E4F6ED2FF0E72C
:10FC8800FC33E3F6CEE4191BDBFBF8DEEFF6E0FD10
:10FC9800FE2E1D00EAFEFFD125F6E1F016C9CFE0E1
:10FCA8000F2DE70740F237EBDDE9DC23FEFC312CB2
:10FCB800E2E53034F8ED2721F336CDE5092AFDE1F8
:10FCC8001BD5F0E539FCDBF634FBE4E71C09FA291F
:10FCD80006FE302303EF1C26EEDEF7DA1DF0E2FD08
:10FCE800EA04CF26F1F8CB24EA06DBF7EB1F37E46A
:10FCF800D62D11F027DD29E70BFA32E31B361ACE91
:10FD08002422FDD421F0252FFC2EFBF31D2925F5F7
:10FD1800FAFE23E7281C04FDE205F2F2E713C8EE19
:10FD280001D420CC2E1DD8F8D33BF3193524E9375C
:10FD380015D3ED0ED11FF4F4030DE8FA010E2128B6
:10FD4800E02AF5ECFF1B272AF415F725E4E5EDF684
:10FD58000C0EDB1800F6D6CD2D1DD0FE2FFEE1EEE1
:10FD680014331DD409E0F9FB00D624F122F4212232
:10FD780017DAFEE426EAED2E293414FD2EE6EBEA26
:10FD880022EA2110EDE306E3DF25E219FB3604063B
:10FD9800F5D516E214CFD4D405E2F43BE001E5F33F
:10FDA8000510DFDBD7FAD7E938E61415E5FAE30CD6
:10FDB800E3EFE7EEEF18EDE5D8DF18E5E7E3FC2E13
:10FDC800F4E401F1EA1922272A15EC28D939F0FDC3
:10FDD800EE21E9F91E0AE1D805ECEC3706F800DE59
:10FDE800F22EEAE7F701EC232FEFED382FDAF0F4E3
:10FDF800D7F02913D12F0B3BF2EE01E00B00F22CC8
:10FE080017F126D221E6F2DFE6F4CF23F0E8D92273
:10FE18002D4B27EC18F1F5F0F81832E50DEBFCE561
:10FE2800E0DE06E9F8ED3AE130E5EFD636CFFFD16E
:10FE380025E6E3EDE803FCDBF6E7271B2736ED3183
:10FE4800DEE2102ADEDC2220F24435F6EFE7250058
:10FE5800E0E000F5EBCE3139040D03F3D8DD15D819
:10FE680029D9EDD4EE06F501EA1FEADB21F4F829D9
:10FE780007F12BDDE2221E2235252FFBFDF6D92EB8
:10FE8800EFCEFB10F41CE1F8EAFAD8EDECE3F61F2C
:10FE9800E5110D31F0D2EEFCD1290C0DE12E3D0912
:10FEA8001BF318E51FCFEBFCE03121F8F23128D91C
:10FEB800EBE326FD13E623DCE9F4FCE2FF20F3D9AB
:10FEC800EC26E725EB22E6F533DEF2EDFF2C342CA9
:10FED800C7E028EC3212E832212F29E5D6170400B2
:10FEE800DA001032D11CF70112F71E26F1FEF71ABC
:10FEF800EEED192AE72F2414D1FF3500ED1CD9FAAD
:10FF080021180F2827DEF8DFD6FCE21C0ED8E3D232
:10FF1800EB060D04DD32DF30E50FEEF8F9F32717B5
:10FF280010EB142BF20CC02002F0F40D2D29E0D2B6
:10FF380016182A23ECD7DCE31C051D1A2BFA25F624
:10FF4800E02311E2F91B041505ECE9E728253EDF5B
:10FF5800463DF132E9150B26D4F01025EAECD5DE42
:10FF680035EC06D60AEB27EED1E0031CD0DF1FF2F2
:10FF78002AE6FC3125D5EA0912FB1CFA00182613DB
:10FF88001D322401F1FD22FACBDDCFCECF220FCFD7
:10FF9800250628E337F70A211A2BEFEB2EDC0F0092
:10FFA8002914C3F4EA2C06DC0EF4F1F0FCCC142678
:10FFB8001BF1223CE10B33EFF700EDD3F73809EBE7
:10FFC800DB22E5E5252F100F2BCBC8FC19FADD380D
:10FFD800ED28E2FA0BD9E41DDAEEEDE0DC0DC9CC30
:10FFE800C431241833F3F222E0E7C5D3D425251B06
:08FFF8001014D403271AF609C6
:02000004800179
:1000000005332B200EEA0C0BF506F7F002F40DEA8F
:10001000FAF607050A0A0B080F0CDAF507E9140BC4
:1000200000F60AFCF608F6FDFD08F5F008090413D1
:10003000FB0BF0FA0817020EF8FEFDF5FFFBF20AC3
:10004000010300E414010907F30213F4020E06FC95
:100050000AFEF6F50B0203FD02FD03EAFF0AE8F7CC
:10006000F2FB170DF1FF0FFC0BFA05FFF6EE060190
:10007000F907F3FAFA0724ED17050508F20D10F950
:10008000F5EF03FE02FE040CF50806FD04F9FDFF82
:100090001B29FF0DF315EAFC04FBFB1801E003012B
:1000A0000101FF07080114FC05F40FFD13E5F01230
:1000B00000FFFAFA02EC04FD0DFA06FF0EFEFB0546
:1000C00000FD1CFDFEEA03FDFE01001504F6F71419
:1000D000FA01F3ED0BFE00FB0A0B1103D7F922F92D
:1000E000F7FEFAFA04DB000AFEF5FAF50AF3051842
:1000F0001917160CF303050303FDF51102F900FCB3
:10010000FA0C01F9080A0C0F04DAF6FAE808E7F924
:1001100000FC0400FFF6F9F804F40EF612FE0E06D9
:100120001113F919ED04EDFCFC0F06F2FDFB040CB4
:100130000DF80005F2FAE714E6F927F5F713F800D1
:1001400001EF06E803FC0101F8FC0B0FED062306A6
:10015000F0FE121500F2010DFDED0205F4F601E4CA
:10016000F404FC01080A21FFE5E6AD04F7E6FB0D07
:1001700002EDF103FCF5FDDBFBFE01F71DFF0E05B3
:10018000D3F9E1FEFFF5EFFB090FFE09FE04FAF7D4
:1001900001F704FB03FAF0F4F9F11D03EEEAFFF7AF
:1001A000FDEFFFF6090600FCFF05FB0B0DFCFB0253
:1001B0000DE71103E420F7FB08F3060CFFFBEAFC54
:1001C000FEF402FE0A0315FA0C0810F8ED0BD6FC3B
:1001D000F5F9FE0502F909DE06FE00EF11FD12E554
:1001E000F5F2E6FD291BE8070704F7EEFBF8F2221B
:1001F000FEF5080AF7FCF703F4DE48F70CD52704F0
:1002000005F3F5E0FEEEE6F4F0EF0C01F20902155D
:10021000F0E32C1904FF0D0FFDF6FBFC04EFFFDFEC
:10022000E4FF05EE0706170406BE05FFE6C5EDFD73
:1002300001FDFADE01F1F2ECFFFAFDEA130C1320E6
:10024000CFEBF647F62DF10CFBFC0EEA05F5F30EAD
:10025000E80DFCECE3E8FE12EDDA230D3E1007108A
:100260000C01FDD40805F7F9F5FE03020308132D70
:10027000F3E6DD25130A0001E8F2FBD80505EDF5EC
:10028000F509E805FA071A17F9FC0E04190AF1EB4B
:10029000F8FB04EA0D0802050010F1F8FEEF0F0468
:1002A000EA0D1134D4F501F7F6FFF8EEF71CFAF277
:1002B000FB04FA3CFBF60DF5F6DDE1080600F40060
:1002C000040A050C0A19F9DFECFEF4170E140706F0
:1002D00009F6090F0408FA07FB1405EA01F5FDF217
:1002E000F5FFF10527EBEDF8FC382D1EF21F0DFD93
:1002F000020E07EC0AD80C170B09E913F3F3E11C03
:1003000009414AD90EFD0900F503FB05FC18110B44
:100310000BF50C1A0C09F41B06010FEEE1FA0CFDAB
:10032000010D050605010510140801200001ED234B
:10033000FE2018F31D0C010AF70FFF0304E401FB74
:100340000BFB020BF5F9F2FDFB270CFD1A18FFFD64
:100350000704090201FCFDECFF05FF10020710F580
:10036000FA0400EA18150200FEFFFE06FFF404126C
:100370000BFEFA1004FF09FC070F05FB26150B0AFC
:10038000FA0001FFFCED08E703FE0A0EEFF900FC9E
:10039000EB01E0FA00FC0CFB00FBFBF1FE190B1B70
:1003A000050C1B02F902190B09F5020BFD1F0800D1
:1003B00002FEFCF3F81EF924F80B0D0CFD18F007F3
:1003C000E700F7F71626FAFDFAFC0FF8F20201F63D
:1003D000FDFE0D09F7FE1924EBD4FD121B16F205E4
:1003E000FE0008F2F61D060DFF06000201FAEAFC07
:1003F000ECF3BB1D1312EAF8051101F9020DFCEC38
:10040000020203F7130AE2040E17FFFEF80B0008BE
:10041000091403F501FF031F010FF9000D07EFD3C6
:10042000EC18FEE8FD0A050802FF04F6041C06E4C9
:10043000EF03F306FE0619DEED00E0FE05F40CF412
:10044000F90BFB09FAD90FEF0400F300FB07FEE0FC
:10045000FEF0F70107FCFFFC0208F401FDEEF80BCB
:1004600013040309F6EFF6F517E715D6FEFE02FDB5
:10047000F6FFFDFD03F903ED0EF8FA15FBFBFB019A
:10048000F90608EB0FB2F705FD02FD2006F307F2AF
:100490000CF4031207F9EBDDF0012803D6FCF7F4A6
:1004A000020A08FB07EE090DFEF91002FF0BE7F246
:1004B0000F1A17F6D118E7FE07FEF72603EAFB002E
:1004C0000104071204FA0BF807F506F308F1F70424
:1004D00006F80007FFEB03FF0902FF000B0C00F317
:1004E000F3FBEADD1EEB03FFF6F9F6E5FA00011374
:1004F00006FE07FDFEEEF626F8E027031BFE0B0CBA
:10050000F800FAF3FEDBFDFDE3FE0D0AF7F8F7272E
:1005100006F5F0F2FDE10BFE05F7FFFAF0E606F84E
:10052000FF07130D050802FE16F4F80E0C1AFCF670
:10053000FD0707F401F5F8F1F6081AF612000317A3
:100540000401FD1A0123F512EE0002F6FEFAFFF98E
:10055000FF02F825FAF5FDEFF2DAEB0F150406F9C4
:10056000FC070AF1FDED01FBFCFC09270BFDFE1861
:1005700009F9F10F07F4FF04FDFC03E1FF1000FD92
:10058000FF0AFC0B05F8F21E00FFEC04FD12EFF26F
:10059000FF0404F403FBFC040508FDFFF8EF18EF6B
:1005A000111310FBE0EF07F6FCF700F4001D0C211F
:1005B0000DF8FA20EB0B18EFF3E90004D305F40172
:1005C0000F0104160722F302EE00F718FD1510FACA
:1005D000F7F5E2FB0003F3FFFEF7FFFDF9FE06E689
:1005E0000FFE00001AF9EFF0F111E610F8F3EC013C
:1005F0000AFE00F3F8E0FCE70A070A0C05ECFC0130
:10060000E2113A090DFF0300FAFEF906F81AFAEAB8
:100610001308FBEC050D12F6F0FCC8FD1507FA02F5
:10062000F50809E908FF020F0EFDFAF01D0102F8B6
:10063000EEF1FD0E3E1D15F10405FFE0FF1FFA1D52
:10064000FCFAFF021609F7FEDC0F2B1A0D1111F947
:10065000000AFFF0FE02FE21030CFBFA05FADDF2B0
:10066000ECF55003FDE5FC030604071A03FC180132
:100670000E0EFEFD040513F30537E4F6FB24EA0D28
:10068000000CF9EBFF0303FE1B0701030D00FDF94E
:100690000A00F9FC08220B0509FBFFDCFFF70B152C
:1006A000050E061DF7F9E10AF4F604000D2A19FFFC
:1006B000FE0500FE000004FD14FEFA22F2ECDB054C
:1006C000F52432F209FA0402F9F9061E04F90BF2D4
:1006D000FD09FEF1FB03130807ED01F3DD15ED0B3A
:1006E000FF010DF10B19FBFC0417FBEBEFF4FAFD16
:1006F000F6FBDC0BF425EF01FE0D01F307FA0AF41B
:100700001B050C06FA00E90F1B1007FA02FC050195
:10071000FAFF08080BEA06F503030E0AF1FC0111C3
:100720000808F9D7FA1202010D03030DF7FE07EED0
:100730000DFFFB00FF040AF5EE11E1030CE800FEDB
:10074000040607110F0F0E12010107EB0EF9DFEF80
:10075000FB0BEFF909F007020004F9FFFAE30B10B5
:100760000FFFFE05F3F505F82000FCF5FEFC190768
:10077000FFFE04E90202050AF7F607FFF6FF16116D
:100780001FEDE2FBF339030EF9F305F10417FDF257
:1007900005FAF7FC02060D0D1A140C0005FE0F0BEE
:1007A000F100080906E707FBFBF8FB120507FC0749
:1007B000FD1016F60A25110E0B0CF2F4090D01FBC3
:1007C000E5FF0909FFFF0EE701F6DCFE080C00015A
:1007D0000DF1FDF90421FA0AFB01ECF6020F2306E4
:1007E00016F2D5FFEFFDF6FC05FD0FFF0C1604F623
:1007F0001004FA0609FA0DF10A201AFEFB2409FA80
:100800000A080109FD0EFBF8FC070606100501EBBE
:100810000714FEF2F9F30305F809FAF4FD240103C5
:10082000F601FEF20C0A0AF00703F30B101C000796
:10083000F3FA0A14F51800FE01FFF4FBFD0E03E7BE
:10084000F7F0E6F6FFF900F604040012FFE60315E0
:1008500006F2FE0E1DF6FDE3FC2918FF03F408FF67
:1008600002FFFC2EFA1602FC1EF7FBF7F7F5F6E383
:100870000F10FBF1031803050501FCF2F4F7FD1757
:1008800006ED00EFFFE80B070B03F5F8FE0CFE107A
:100890000300F807FD080305FC02FF100E05F5DF55
:1008A000110606EDF21305F001FA04ECFA0F0E033F
:1008B000170308F1FC031012FDC608F3EB04FE0653
:1008C000FFF606EC09F10BE51EFD0F12E10A17E633
:1008D000D401E217E906EFF3020300FEFF0204EB86
:1008E00009F8F522EE0F1EEBBFD0BAE8E500E6FDF1
:1008F000FE00F70BF809FBEC01F909160B0A04E8F6
:10090000CFEFE80B08DBF4FAFDFCF7EF01E903FF9A
:10091000F300FFF0FEFDE9FEF4E516F809F402FD30
:1009200003FEEFF404FC0312FAF5F5E604FB1106EE
:10093000FA0018FCD6CF090BF900FB0EFBFE0216DD
:10094000E60801EE080BF90C0BFA0704EEF5F8FCCB
:1009500005FD0914FA0B03EDEB10FFF400F100F6AE
:10096000FF09FB04ECE1FCF4FDF9FAFF01F8FD02DC
:10097000FA0C010003F2000F00E2F90D0508F7FF81
:10098000FAFD0DFC021A0610E3FEF90A14F3E62C38
:10099000F5E4051708480DF6FA04FE1101F9F9F21D
:1009A0001301F3FC00F7E901F81A0D06FBEC0BFF4D
:1009B000FAF808F90CE9FF03FAF3F005F400EA1776
:1009C000FC221AECF9F406F1FDFCF600FFCDFBF475
:1009D000F706FCFF1407FF1A1215F9FFEA030602D7
:1009E000FB08FE06F7E803030703021E05FEE918ED
:1009F000F9150AEE0CFE0200030A07FAFDFF06F5E0
:100A000012030610E9F8F9FAFA0FFA06DBF8FFFC10
:100A1000FEFF06FDF303000A0EF9040BE9FF0800D0
:100A20001907D7D10F05FEFB0507031AFBEA0C03D4
:100A300004F30212FAFFF81B0827E300EF06F503A0
:100A4000FA0AF827FF13FA0D0BF302FEF7F1E7217C
:100A50001F0FF4F805F205FF090702FFFB00ED0781
:100A60000105000EF7F4FD1729FE04FCF6F304FD62
:100A700005FDFFFA061EFD06010605F9F4F309F46B
:100A800003DDFA182807F70100F9FCE20223F8F267
:100A9000F30502FDFB03F70F01F8DCFF00100FFB6D
:100AA0000207F9E70805FD01FE1AFC09FDFFF5053F
:100AB000E7EFF603F51313FD0E0D0002FF1B011007
:100AC000FBFA0A0402FDF4EA02FFF5010DDDFE0463
:100AD0000709080D07F0F90CFCFFFC16F3081CD6FB
:100AE0000BF5F4F605E507FB0B13FDFC0B02F8FE16
:100AF0000A06F5FC070607F8FE2DE703F80F160BAC
:100B000005120109FCEE21E924FEFEF7EF02F4FFD5
:100B1000F40EF4EDFBF913FD0400FBD4FF0809F813
:100B20000CFD05FAF812FBF7F9FE1D011A0F06F28B
:100B3000FF0301F5FD23FB030EF40901FAFFF5E8BD
:100B40000902F60A091805FF070606060CF901D87E
:100B50001A02FF16E7FD0A3301160AEF060FEE1719
:100B6000000801FD001DF9E905080B04F6F9FE0C6B
:100B7000EB10C6FADB13F2FB06FCFEE7F817090CD4
:100B800011F1FEF90411E3020917F80609EDFC085A
:100B9000F70A020D01EA0901EE01FC05E7F6DC099E
:100BA000D113ECD21119FF0200F7FF12F824FAF664
:100BB000F209010E020F19C8FAFAD6FA07D7F002A5
:100BC000010D0212FBEC00FE10FE07F906F7F6D34A
:100BD000F7F7E7F122F91307000BFF03FCB8050054
:100BE0000E07EC13F1EE0D0516FBECCEFBFC000737
:100BF000F90AFD12F7FE0804F3030F0DF6FF1410B7
:100C00002709D0D9021000FE05F9F7ED05EBEFF04A
:100C1000F7FD030814F708F6F8F3DB05FEE8EE101D
:100C200003120017F1FB0202F4040D0FE900FDF1BD
:100C3000EDF3DD17203EF5010205F2F50B01FEF99B
:100C400011F6F30DFDFAF0F209010BFD091016F78C
:100C5000020E08FC00FE0203FDF40407F6FBF6FF9B
:100C6000160405F6FA0701FE020502F407F002F287
:100C7000F003FFFDFD07F809FFEFDD03F2E5FFF9E3
:100C8000080809160AFE09EF1007FC0CFC0AFB0C09
:100C9000ED0BE0FE010CFDFF03FFF603010FFCFF6F
:100CA000090006FF001B0402FCEBFFEE0913FD0622
:100CB0000A0002FE010A040310F70BFB05FB0CFB04
:100CC000FDF30F0B03050C07FB0603FCFE000110F0
:100CD0000305FFFBF6FC1208FA15E30DF208F80114
:100CE000FFF3F500F91B0811F8F6FFEAE50509F630
:100CF0000005E9E8EE09F20C01F4F9040510F60F1D
:100D000001FC06F91410F0E909E5FCF20EFAF60010
:100D1000FC09FA0604F9FEF5EFFAFAF800FB1AF4FA
:100D2000EAECED1EF108FB0102F1FE020801FFEB07
:100D3000F5FF00F6F10314E4FBE9E7050EEB0B0207
:100D40000FF301FE04FB0CD5F6FF00EB0EFC18E6DA
:100D5000E5D9F7F0F8F8F40400F7EFF406F200ED47
:100D6000F60F03F5100DF8F401FCEA09F4E8FEFCB7
:100D70000DFCFEFA05F4FDF1FEF8FF0010F811FB82
:100D8000FEEEF41A022803050702050D051303F30E
:100D900008090205FF060C04F928F7F7D6F509F94A
:100DA00004FE04F7FCED10E903F600F91923060828
:100DB0001C0A0BF305D4160701F704DAFD2106F42B
:100DC000F50A02FA0F072506FAEAFAF4111EE903FA
:100DD000FEF902F202410219F704E8F3161843EB98
:100DE000E5EC11F20BEEFFF212050203001305F120
:100DF0000602FF040C100617050416FE0C2412F55B
:100E0000F80FFB0706E002E804FB03FF010AF3E525
:100E1000152315DEF2F60A040D01FBE007160FEEAE
:100E2000F1F3F2E405F709FDFD14F21619140EF5BD
:100E30000E0BF9E90926050A0503F512060CDCC6B6
:100E4000F907EE0609060301F4050202FCFA10FA9E
:100E500007FE0202090DFFF20A1505E9E6E50A039D
:100E6000FDF4F805F50914031BF808F4FCFD04E192
:100E70000005E411E813F010031216F90015071924
:100E80001AFC0F080502EB030E22F20BFA0A0809FE
:100E9000F80D0E0804F9100B0102020FFB01E9DF47
:100EA000041F2BD6F80117F8FAFBFC0FFDF702F030
:100EB00006F1FC0AF8EA23EDF205F009D304FDFE81
:100EC000FCF7010AFFF116E1030503120E090EDB20
:100ED000E4F4B715F6F6E802FE0DF802FDF5090296
:100EE00014FB0000EC1108F5F7E0D2E9E3F9FB068A
:100EF000F00301EF03F5FAF407F60E0FF90A0A0BF7
:100F0000FFF612EC1CF7FBF3FE0404E301080507EF
:100F1000FC0402F2F3FAF80405DCF3180919E701FE
:100F2000FE0DFEF6030B06160E04FEFFE8F8F90BA5
:100F3000EE19E60D0C280004F907FD0006E607058A
:100F400002FB0507E9FAD7F3EC37FCEFEDAC1A101A
:100F5000FFFFFC0A08EE03F8FEEFFE10ECF8FD16AA
:100F6000050FE0EDEBE0FFFAF5FDFDFD03FA06EC01
:100F70000104F11C09EF06E7F00FE30CEAE4F208C4
:100F8000100804F904DD08F10C06FA1BF505F6FB60
:100F9000E7F70102120B05E8FD02FEF50324043613
:100FA00008041803010CF4FA11DEEEF6011D030229
:100FB00003F403F2021A0B1D03FF10FAFAEA21F000
:100FC0001EE3F0FDFFF314EE01FFFCF6F7E903F773
:100FD000090D02E401FC0114FE1205FEF8F5F2FB16
:100FE000F10D030FFC15FD0F08000AF6EEFAEDDF18
:100FF00003F51AEFEDFC0DF5F700FE080808FAF608
:10100000E9F7F8FAF707E7E803F9F5FAF0ED0BFB73
:10101000FDEC09FA03F5FFEFE700F4FDF5FFF5C875
:1010200002DCED070A0E000000FFFCFCF8F21002E3
:10103000FE0803F21009FB0E0216F9FD2010FFFD59
:10104000F5FEF7FC02F50111200E0AF705EBEB07A0
:10105000FAFE2EE207060F010004F801FCEB0B1A62
:101060000F08FFF90C0A10E907F0DEF9F0F8F2FCBE
:1010700004FB070E04EFF1FFFD01F6F207F826046A
:1010800005FEDDDCFBD801FEFBFBFAF008F000E317
:10109000F5FBF4DEF7FDE4FAF3F408F5F8F11104DA
:1010A000FB0100F4F7EAF9F9ECF904EB0AF00C1F84
:1010B000FFFEE606DDDD09F504FDFE031015F2FE78
:1010C000EE0900E30003081DF7F7D9FDF407EC0A69
:1010D000FDF505FEFCF50216FEFA070115FF08FEF8
:1010E000E0F70F17FD05FA01FDF106F0F6EFFB063C
:1010F000F1FBFAFDEA01FA09F807FF0B03160D02EE
:101100000803F5F00417F6F6FDFBF6FCF206FF0700
:1011100002E7EE13FF0FF2F6FEF1FA0108FF0BDA19
:10112000EFFAF40D0D04060F01ED0AF6F2F9FEF9DF
:1011300003F50603FDFAFCEC0AFBFC0CFD031D1293
:101140000211F930F709FC06EB0202F7F902F1008F
:10115000F806F90105080CE6F2F8F100090109FCAE
:10116000FCF303F1FC0DF4F8F105FD03180AFBEDA7
:10117000F9F308FAF6EAFC0602EF05F8000B0006A0
:10118000F6FD01F9FBFEF20307ECFA0BEFFAF502AC
:1011900000F8FF010C12F712FA08070403F805F42F
:1011A000D0EFFC18F1F6F402F901EFF1FC05F8FBC1
:1011B0000C01010B080CF8F7F7091403DC1003030A
:1011C000FEF4F803F316F4F3EC05FEFD18FDF7F951
:1011D0001FF83801EBFDE8F6FF04F4F9F4E000E94C
:1011E000100800F40708FCF804F13F2402F7F2FAB3
:1011F000F502F6EEFEF505F7FBFA0403EDF702FA49
:10120000EAF91C0FFB0207FAF2FFFB0701F3F90AE8
:1012100006F5FE010502EF021BFA2707FD0EF50198
:10122000FAF6FEFFFB02013613F8070B0BFB001664
:101230000B110804EB02F60603FB081F00FC00F28A
:1012400015F500FC14030512101609F10CE604F75D
:101250000103070503F308EF02F60AF30305FB0594
:10126000E8EEE5FA14E8FEFDF8FD060800FEEA06E1
:10127000F4FEFA0EF6F101EEF7B7250314D70307D3
:1012800000F804EA0203E2F8F7FEFE0AFF0213FE8A
:10129000F8D0CE23081DF90406F50005030A0BF368
:1012A000FB050A04110A20040D02FB1B0928080093
:1012B000FCFBFAFBFFF603FDF60805F2050BF4262E
:1012C0001204FE11F90B01F502E600E4FFFEF30241
:1012D000E4100002EEF4F6DCF9CE0B1125F7FAFD6E
:1012E000FFF7FE0A0424FB15E9F6F4F4FE0507FFF8
:1012F000EBE2F41A12F1070105FEF8FEFDF1F5F03C
:101300000300FC03050AF9FDFF040A0315F913069F
:10131000F9FA0CF200F106F4F60DFEFE02F9FE00F9
:101320000F0108F8F9FBFF01FCF001DC080103F5EF
:10133000F8F7FD06F9FD0422F4D80B01FA11ED07C8
:101340000A1000FD0404FD01F80703F9FB0C130566
:10135000F1FA00161103FCF8FD00F4EEFB18F8F1A9
:101360000D0706050701F5F4F6F90116DF07060378
:1013700005090B05010AFD0B09FFEF03FCF7F3F369
:10138000E8F21506FAFAFD030E0503F80816F00553
:10139000F9FFFC02F2FD02FAFFE7E60C0B37EF075C
:1013A0000406F2F7FE0B0B2D1E03F407F9EDEFEB2D
:1013B000E70AED0B1B47F0EE0211FBFAFA050E10DF
:1013C00010040D14F6FBC9FBDF1908FD10EE2AF717
:1013D0000B0AFAF6F8E4FAE002010211F4EFDBF985
:1013E00007FF00FDE6BA02090101FD080904FEE558
:1013F0000101F60306F202D6010DE2FF0BE5E6005D
:10140000FE13F3F809F60CEF17FCFF03120D02FCB4
:10141000D4FDF4FD08F1F6050107F415FD02F70B04
:101420000D08070AFE02FAF2FAF3F9F7EC3E11058D
:1014300003FAFE00FFF804FC06FA0BF10204191A85
:101440000EF3FDF406E9050DF60A05FA08EC060EA2
:10145000FCFCF5E50BF3F714ED16EDFC0905FBFFBD
:1014600005FE07FB00FEF810F60B04E8F5020C057C
:101470000BD7FEF2EB00F003FC09030CFF18FC088D
:10148000F8FDFDFFFF03E60000E5DEF32204040E95
:101490000AFBFBFDFBFE00E7E9FD00FF010412E68D
:1014A00014E0F018F60BF6FB040700FCFE12FD0436
:1014B00003EF12F7F1FFE1FEEFE40A03E404F5FFA6
:1014C0000AFB00EEFD07EFFAF3FD0401EDFF19E65C
:1014D000EDEFFFFBE700F40904060416FA00F8F943
:1014E000FAE9F7040E0510E2D4DFE10CE0EDEC00C0
:1014F000F6F3FC28F1FC06F8FCFFF9EF0CFCFFF01A
:10150000E2FECC091AF60001050AFFFB09F107F615
:10151000EC04F8EAFE04140DFED6D209FAFDF50932
:101520000EFA0014030CFC030A0F09F7020605F873
:10153000E6E3CE0F224108FD00F405F4060402079D
:101540000409FAF90211FE1006E8100108F016016C
:10155000FCFF010E07FF09020CFD0AF1F511050859
:10156000FB080106ED0B11000800FF02F707F5E18B
:1015700000F7F00E01FFF802FCF8DA05F8ECF0FADB
:10158000FDFA001DF4EBFAEE0613FDF80601F00576
:10159000041BEDFF00C806FE0D0DFEEFF01505FA69
:1015A000EE00FBF61105FDFD1DE5F4EB2F0806032B
:1015B000F2000BFBFC0F0C0407FC07FCFCFB17F113
:1015C000F7EF0C1AFD05F80A09FEF9FDFFF6F61A09
:1015D00026FF0BE9F5F2F5EBFD03F70C03EFE3F162
:1015E00003FE0D12150E040712EE01FB010E15018C
:1015F000F9182C01E607F7F80C03F402FE04F107D2
:10160000F0000119FF0EFCEC0FDBEEEDFA0AF7FD1E
:1016100005FD09FC0500F705F7FFFC03000C12EFC0
:10162000E8081B3EE80508FDF5F7F8FA091203F78C
:10163000F40405FEFD05FCF3FAE7F1F8F5F4FE030A
:1016400013EEF9FEFF0EFBE3F1040302130F24E98E
:10165000F3EEEFFAE803050EFBF5FE10FFF3F6EAF2
:10166000FA0605FA0E02F7F9EBFC0007FAEDFDFFAA
:101670000203FFF105FA05EE0508F80C0A000CF567
:10168000EE010325EAF005FAFF00030E01F4FEEB7C
:101690001004F6FFFA070BE7011DE3F1EEFA04016F
:1016A000EEFF030006F0062015FBF2EE0B06ED013F
:1016B0000B22F8F8224D0709F5F90500FC07FDF5A6
:1016C000F6FEF8F707FC19E8131801020C61FB108D
:1016D00005FDFBFA0B31FA07FD05FB080C0915DBCC
:1016E000F7FDEFF80A1A10FD00020915FAFDFDFCDE
:1016F0000CFCFCFD11042010011507FF0018090562
:10170000FE0105F9FCF605F9F20F0E00010909F6D4
:1017100007D5F2E5EDF5F6FAFCF90C06FF15FEE744
:10172000FFFDF50C12F10DFBDD03FB2204F500F9C2
:10173000F60205F501F403F3EC09E600FC05F1EC13
:10174000D6F613F909FFFBFF08FBFE0AF704FEE8D3
:10175000E8FFF60BF6000FFEF9EE17F40CF3160196
:1017600006EE04F4F502FBF6F4FC01FA0F011BE9A6
:1017700000F5BE0F17FB05080902FCF1F6EF000D9E
:101780000BFF02DF16FF08061116F1FDFE0BF50632
:10179000F80802F802EBFA120F0103030500E41047
:1017A0001A2909FB130507FAFB0000F4F704F9FBFB
:1017B00017F9FCFFF903FE10F0D3EBEFE3F3FCFEA7
:1017C000FCFBF3F700F70FE40700F602F10401F069
:1017D000F208BC21E603E903F906FDFE0BF1F6E091
:1017E0001EFEF9FFF1F9FB03E5EBFA07FDFDEC0244
:1017F000F4F204F0FDF0F5E70BFBFD19FDF4EAF758
:10180000F5F6120D1819F1F3FEFA0013FCF30118A6
:101810000D040C0AF5F2EAED11F652F0F4FBE7FACA
:1018200003FC0607F7E9FC23FBF1FFF1FDFAFAFBE5
:10183000041919FD1003F9010CF700220801F8033F
:101840000BF302FA0CFE1709111FE600F2E7F40190
:10185000F3FA0AF7F9F9F5E9FE0602ED030C1AF2BC
:101860000202C3F8FFE4FCF4FDF505F101FFF414F6
:10187000FEFF0005EBF4FBFAF6C217F9FE0F0004B9
:1018800001F102FE070AF90BEA05F608ED01F70D72
:10189000F2F8EC2204FEFA0207F900040400F50352
:1018A000F203FAF40C07F9FC09F9F611F1F2FEFB68
:1018B00001F402EA04F90609F806F5E605FE0F153B
:1018C000FCEBFC0FFD01F7FCFFFD01D2FDF7F7F586
:1018D000F3FEFF0705F3F2FCECE914010C09100B11
:1018E000F1FC0F070002F8F5F9F7F50F05F7FCFA20
:1018F000F2060C1015F912F3050301030212FCF2B3
:1019000000F7F00E0C03E4FDF90BFC13160F0801B1
:10191000FC0504EFF8F8F706FF0DEAF701F20211F3
:10192000FFFE061C110D08FEFEEEF7DD07010AF7AB
:10193000FEFDF71BF4F6021B03EC0AFDF50AF905A0
:101940000904FE100212FD14FD07020AFF080B2C09
:101950000502F905FE0BF6FDFB09F7F001070A0287
:101960000BFE00FC1301EF05090B0E0B1604FDF92D
:10197000FC050700FC02FCF808FCF70CFBEF04F187
:10198000FC0C1907F403FF08FE020AF0041A0CED20
:10199000FD06FAE906FD061502F8EDFCD51009FE74
:1019A00012F6050EFD0E020DFDFEFCFF07FBFDF815
:1019B000F803F61321F300F8F7FF04F2020AF90224
:1019C000F2FEE40E060AF9F4E40AF4070F0EF9FF3A
:1019D000F603080601F600F402F5F5FB07FC031117
:1019E000F4160901F5F3F501F1EF0601FB0403F527
:1019F000F705FD0A090B00EF05E4DF18EDDDFC0536
:101A0000040AFEF9F802EDFCFB09F60C070508F4E0
:101A100001F306F9FF09FCFB0A0301F400F803EFE8
:101A20000E0E09FB0208FE05F3F50A0D0711080565
:101A30000EFD0219FCFDF9000405F808F00FF90C81
:101A40000016EBFF0BFAFAFC12EE000901FB07FD92
:101A5000FA05FFF91F12F2D9061EDFFAF5F5FA0CA6
:101A6000FAEB09F9F3FC03F4FFFBF4EFFEF303F7E1
:101A70000AEFFAF8270FFE0302F2F2ED15FE010D50
:101A8000020206F7EFFBF311EBFA09FD2502FF094D
:101A9000170A0207FF1B091102FB01F0F3FDF50312
:101AA000F5F3F7FF09F902F9FFF7071B0AECF20E4D
:101AB000070CFFF60EFEF7FC0B0F0B0007020108E8
:101AC00004FE0AF9F0EDFA090311040609FDFF0707
:101AD000011711E8120F04090A00FEF7F503FA0ACC
:101AE000FEFDF10B0FED02FD050718FCF4080AFDE1
:101AF000F50902F7FD080817F904F7FD0FF5F9FCE1
:101B000009F20B05F1F704FD020000F6FC0E000AD5
:101B1000F90900FFFFFA02F703FD0203130002FBBD
:101B20000206070100FC020912F801FCF7F7F8FBB6
:101B300000FF02F913FAFAF9020700F3F5FD03FFBB
:101B4000F7FE0503F90801050707F9FCFDFD09FB90
:101B5000FF02FF07030402FBFE00FDF90500060675
:101B600006FFF300FC0101050AF3FDFB06FEF5FC90
:101B70000705FB08080007FD03FDF80A11F7F9FC4B
:101B8000FB0BFD0A01FAFE0209FEFE01030407FA3F
:101B9000FC01FC04FF1B00FCFF0901F80205000B1F
:101BA00008FF070505FFF7F90305FB02000AFBF82C
:101BB0000300FE02F901FD0404F9FAFDF5FA06F04E
:101BC00011F2FE08FFFE0A0007FB03EBFDFB060215
:101BD000FD07FFF8F9FCF9FCFBFAF906F4FD030335
:101BE000020204030BFF0A0AF702FB0401FAF7F0F2
:101BF000FB080BFA0CFDF4F4FCFDF7FF02F0F9FA18
:101C00000205F9FFFBFBFDF50403FCFBF9FDFAFC03
:101C1000FD0607FE01F0FDFEF90CFE0C04FDFEFCC6
:101C2000F701F9FC1D0DEFFB000104FAFF0006F5BA
:101C3000110006F610FDFAFCFA0C06030FFC01FD7C
:101C4000040401F909EC07FE0AFBF7FEFCFDEEFCBB
:101C500005F90CFD0403FCF5FE0302FFF703F2FE99
:101C6000050004FBFF03FA030504F6F911FB070264
:101C7000FB0104F6FDFAFDFF0507FDF9FEFE080174
:101C800008FFED002108F907FFFBFD01FC07061224
:101C9000F2FBFC1A03FAE319FEFB290B1D0A06FAF4
:101CA0000005FC00090300FFFC020102EE04F9FD3F
:101CB000F3FB03FAF7EB0E0608FD0112FDE906F14E
:101CC00006010DF0F7F6F5000E13E3F2F8D1060267
:101CD000F8FC00FD04FEFEFCF7F8F7FC010E200303
:101CE00033FBB7E2FD1EF801030307FB040500FC0C
:101CF0000AF3F61B04F7FCF6F605F5FE041FEC05E7
:101D0000FF07F810FB11FF0209FAF716F7F1F2F0DE
:101D1000EA0BD402040112F3011105FDFB21030FAC
:101D200005F101ECFC0A07EE081ADC0C26FA0B069A
:101D3000F8FDF8F5FC1EFF15F50904F1080EF9EDA4
:101D400012F4F10301F701F501FF08EE030A06F6AC
:101D500006040A02F800FD1BFA0EFBF93007FA022E
:101D60000509F408021F05FA10F901080F06FEF82C
:101D7000F507F40714020208FEF9FEFC090FFEF94C
:101D800007FEFFE9F512EFFCF81E15FFF800FF084B
:101D9000060206031000FBFCF2FEFBF9EFF9F2FC71
:101DA0000409E2DF0516060C04F10203040403E94A
:101DB000ED08F602120211F00FFADB010C02000B23
:101DC000030D03FD03F80CFA08F508F208FBEEE535
:101DD00001F2F2FA110118F5FE1707FDFB06FE2CC1
:101DE0000D0004F6FDF8F7F006FBE5E102FF08043C
:101DF000FEF8FC00FE22FD14F60A0A0AF002F60DB7
:101E00000C00DFFAE41009F5FC05FFF1FF0EFEF10E
:101E10000206FB0AFF042A0A00F7C2082000EF0F9F
:101E2000ED1103E303F702E60602051EF80AD826C1
:101E3000EF15EEFF141108F5F20B05FE0FEAF4079B
:101E4000F6FEFE08F7F1DB1DF811160AF3270AF07B
:101E5000F009F60100E00211FE05F9FDE1F0D30AF8
:101E6000F10D1AFEF2E50D07FE0BFCFC07FC080461
:101E7000040306EFF2031704FA24D709DABFECF6DD
:101E8000FB0FF4F503EA0EFF05FF0603FFF3FFED7A
:101E9000101814EEEDDEE4FEFBFCF31AFFCBFAEFB4
:101EA0000DFF0C3AF4EB0F0B00F10BF8C1E8F40650
:101EB000FB07022A04D403D80DFA101C030B0116E9
:101EC0000A0144FBFCEDF30D0105070200F80714BD
:101ED000120708EE040ED6F502FB1B02F0F11D00FE
:101EE000FB0208EC07E2F80EEEFA0BFFEBEEFCF853
:101EF0000B0B10F016DD1C0215F2010308EFFEFAC1
:101F0000E00604FEFFFF1607FCE7F7FFEFFAFA0210
:101F1000FCF20E03EBFF0DF4EBF40AD819231715AE
:101F200007D8EC19FEDDECFFFD08110810DCF50800
:101F30001300FE1EF9F5E111FEFE200F0802040455
:101F400006F6FCE009F204EEEF070616050A011298
:101F500007F60600FD000304040405E5F50EF5D5BB
:101F600001F2040AFE01FB1BF8DFFC0EEE03FBF797
:101F700002F7ECFA02F306F9F0FC08032606F7066E
:101F800004EC14133243EAEFFC0704F4FA000021D6
:101F9000FC01FC0DF900D71B010541EDFD09FB0219
:101FA000030EFB18FFE0FE07FCF20A09EAFBEF084C
:101FB0000D28E6EEE7EA0600FEFF090008D916F351
:101FC00010020B0EF4F50007181FDCF001DD00070E
:101FD000FCF5022A06F70FFB04FB0E11FF0F181C7D
:101FE0002A0CB5EB121CF7F600000DF0FDF6F90611
:101FF00007F9F91D00E80413F3E6D900052BFCFDF1
:10200000FD02001AFA10FE0111070017F5F3DDE8D2
:10201000F321F507020515F408F7FD06FF0307FE97
:1020200001FCFCE402130F170A0316EFFFD80207A6
:102030000EEBFD04F81BFF1502FC04D0FD0418FB99
:1020400019DDDE0FF5010D06FD0402F6F71B04EFA6
:10205000E4070015FC070AE803E1CF0A36F9E504B6
:10206000FD01FEFC040408EE12FDFE12320ADFE858
:1020700001FF160B15F406030106FFFC02310707EA
:1020800006FFF9FAFFFFEEFFEE0026FD0F15E70849
:102090000000050A0718FD090BF9FEF10C13FCF30B
:1020A000D90006FEF6F70005F8070503071004FC43
:1020B000EF0BFDF21F0504EE0F0AE2F3F6F608FF40
:1020C000030805F2F8D50D080F0502060FFBE40B17
:1020D000140520EE0B140DF2080700D9F20B04F3DF
:1020E00000FB0A060EF6E91E24FD2BE3400F07F065
:1020F000F807EFF9FE21FC1209FFFB02FEF8ED0ADA
:10210000F0F21FFF15F3FBF4FEF7FBE801D0F9E94D
:102110000BFF01F6F80FFADB02EC17F737FE070D9D
:10212000FCF5FEFDF1FAFE1519FEFAEBFD000CE1DF
:1021300008DB14FFF2E1000105F900F6F80FF014D6
:10214000FEF204D50A08FCFD09F40C04F418F6FCB0
:10215000FE0405DE041B011CF30DF9E3FCF1FCD3C6
:10216000DFF1112EEDEE14F202FC0500FC00031F5E
:10217000F4060900EBF3FEDE06DB11F7082CF80489
:10218000FDFBFE2503140402DE0AF8F701F527061D
:10219000F2E5F8230119DE04F9FCFA0EFC06F0FF63
:1021A00006F5FF022EFEE3FB112A0702E4DB050120
:1021B00005F7F9E104D80FF4F9FDEA06F4F6CA0EC2
:1021C000EA0B03FBF0FC0DF900FDFCED08D5FF0266
:1021D000F9FAFEFBFCFDF624140133FAECE0FA06F2
:1021E0000003FE1401F6F6160BFDFDF7E5F51016DB
:1021F000FB0500F505F903FAF608071DF6C0FAF627
:1022000008F70B12FF0911E607161103F6E8F61698
:1022100000F40CFA07E4FEFB06F80B0F0005F929A1
:102220001109DC144FFE05FCF90200F6FDD604018D
:1022300012F4FE12FDEFF234ED1129F925090AFE20
:102240000AFE00E60D160413FD01040CFAF4FA2C44
:10225000F5F421F5060318F3F9EB08F8EC12FE1675
:10226000F10C10FE07F7091F13011926ED030EEB01
:1022700004FEF4F3FE19FD03E702FEE6FCFA00FF9C
:102280001EEFEDF203FBF9FF100A08EAFAF2080963
:10229000F307FD0303F8EDDFFFFDFAFE430FEE0841
:1022A0000504F719FFECF61E06FDF8F8EDFB00CF6C
:1022B000FBD514EEEFFFF90B0D01F9F7F312FA233A
:1022C0000EF7FAEFFBF9F8F4FF041006F4D7FDF36C
:1022D000FE06FBE4FDFDFB05F201F70DFAE60EDD5F
:1022E000E301192AE8BC02FCFE12062406E6F4F813
:1022F0000810081FF3E8DFD4E9070AFAE6D0E0087F
:10230000010D043AFAFD0B0EEC11010CFAFF13F368
:10231000F1E5F9F7FB1DE21101130B1BFE0F000D98
:1023200003F4FEFB1D12CDFD0A04E3E50902F40FE0
:10233000F001FBDF04F4F814010FEE03F5F4E0E61E
:10234000FEEB221811FB0404F9FE04E203DCF8257D
:1023500010080BDBF202EC30090444E5DCD2FEF796
:102360001104F309FEF5071C0F0400F2EAF4FAF277
:10237000F60D23F7EAE40C0E0906F31405D7FDF772
:1023800004E701F5F10E0D00F70D0BF7E6E4E707A2
:10239000F9FE08F50AC2F3F5FA00FEFC091313284A
:1023A000EB1BF8174901FF09F108FCD90DC8F70923
:1023B0002206ED1E1BEFF33D053210EE320A1AFC29
:1023C0000A0AF7E61101FC02F7FD0DFDF5FF013BDE
:1023D000EDE81604070D1603050300F2EFF9F91CEA
:1023E000E90015EFF601200E2A101520D30F020682
:1023F0000802FAED01F9FD21F70104F609FA25FAC0
:1024000027030C03EAEF020600F7FEEE060AFFF8C8
:102410000602FD03FE0A11F5FBF6EF050F0303FDAF
:102420000BFEEB02FBF902FFF9F7FF100205FEE4D9
:10243000DF01ED09D6F50D00F1020407FBFA02E415
:10244000DDFFFBFFFA0A0D0611D0FA02F4B6FB0617
:1024500000040C0400F80EFE0A02FF0B01FA11DF63
:1024600011DCE5F20AD7FB02110DF3FB00F40109C0
:10247000080202F605F704080520E8FEF5F7090250
:102480000908001C0503F31F13FC00EEEC00F30F1A
:10249000F40E0AFCF7F009060504FCFA080C0CFC23
:1024A000F6F0FCE1FB030404FCD3FFEFE30BEF04C5
:1024B00009F5F6F2FB0BFCF3FFF7F0E90F0015FC52
:1024C000EEEE002F010CF80200FC05F2FA00FF010D
:1024D000F800FD03F2FA0819F9F32508F10818FFCE
:1024E00006FFFEFAFB1BFFF8FA02020FF0021815B6
:1024F00005DC01081C00F3FCFBF703FCFA29FC0ACD
:10250000DE09FD000A21ECF016DBFB0317E8F8F505
:10251000FE1506F00303FB05EF17F3EE0AFA0102BE
:10252000DFE2141B081301FFF90303EAFE28FF0F83
:10253000FD01F90A07FC06F10AEEF60D06FC03069A
:1025400005FDFF07F507F5F8EDF9F8F2100220F6A2
:10255000E715DE0C1601F5F80001091E03EA06F77F
:102560000504F0F0180609F8F853EE0A3D2A100D9C
:102570000611FFF7FEF705130906EBFE0807E42432
:102580003F1FFDC4EDD2FCFD0503F8FE08FAF6F38B
:10259000FBFF050001F51B03EED507FDC6E71F088D
:1025A0000CEE020001070DF8D918FCED0205F6113A
:1025B0000CE6F406F5ED0407FBFEFC20F0FB100A28
:1025C000EBFBFE13080A210A05EEF3EFD6BEE0F698
:1025D000FEFAFC0DF800F7EA020406F4041E07EC0C
:1025E00000D6F5E8F740000A2109FDFCFE27FB08AC
:1025F000F50E00FE0700F92AF5E5011506FA1AF3B3
:1026000003F3F8EA0AFE00F7FA04F6F9FB01E51B0A
:102610001DFB02FDF2D125FB02F308FAF7E206E901
:10262000E50B07FAFDFC21FC0BE8DFFAD1C1F1084C
:1026300012F80809F91A03FBFBFFF9F22F11FDF953
:1026400021E1DDF0F700ECFBFE0A05FF10100DF7AD
:1026500010F00510E1FDFD1DEE07FC02000A0F045D
:10266000FE0CF8FCF5E4190C19F3F01CFCF9DAEC9B
:102670000B3216FFDE060E0702F801FCFF15FB0702
:10268000EE050A05ECEF1E23FF17E9F9011AE7FE34
:10269000FBFE0316F207F9FD0601EEFC0BEF0DD071
:1026A000FE1B19F8DFF1E308F70E051C001BF8FC10
:1026B000F60D170704F108DD0AF00AF1D808FBFF50
:1026C000000402EDFF0CF3E6DBFC11F4F30EFFF85F
:1026D00011E41209FE0003F700F5F50B030D0FFEE0
:1026E0000302000106FB09E7FD09D902EDF7ECFC46
:1026F000050AFD3B0BE00DF5010E10050BFC0FF379
:10270000FA2CFD10DEDAF70405F40609F710FEFED8
:10271000E703FAF7EBEC0E01EFD7CB1CE7D9F2F5A4
:10272000000AF9EC04F80DF6E90CF8F608040FF3CA
:10273000F4D7C0131B19FAF90BFC04F7F6FD0EF9D8
:10274000FC170BEF060B13111202FE110FDD1F1405
:1027500002090EF2080302F50FFF11F6FB13F7F65C
:10276000FC11EEECFAF5FC09FE0C010F070807E17D
:102770000C02F90D05F6EE07031FCA09DAE0FA0D9F
:10278000FE0D150C01F0FFE5130B010BFB00F60429
:10279000F01CE10AFFDB0FF7080002EDF42A100835
:1027A000F306FCFB080605F725EBEBEF121CF8F02F
:1027B000F907FBD9FD1B0826FF0B0DF3F4F31AE80C
:1027C00026DD06FCFA0B0AF20503FB040B0E13FDD3
:1027D0000C0907F8EBF10C15FD130809D50EE3FE03
:1027E000FF050822F313FE141B0400E2F106E6F2D3
:1027F000F20DFEFBF9F1E9FC020B0A20060E08F4CB
:10280000DEEF0A02F90EE8E80BFAFDE800EEF6FA50
:102810000505FEECFBFC06F0070003FCF5F701D70D
:10282000FBFDFA19CC05F802F60E0400F31C07F2C2
:10283000F6030FF8FD0D16D7F004CD0707E0FB01F6
:1028400004F8F907FEE008E4FEFD00F50D0A26D0C5
:10285000C9EBDC06F4FEF300F511FD3105CB0307EF
:10286000F2F710F701220FE6F9F6E6F7DAEB0203CA
:102870000900FEEEFEF201E60EF6040A090105F774
:1028800006E5F6FD08E5F9F7FFF305EFFF25FA1376
:10289000F30701E90BFB00EFF4E9E1062011EA1070
:1028A000F705FEE5F7190B1BF906F8E80EFE03FE27
:1028B000F5FCFC13282706FDFE07FED8F515FF28BA
:1028C000000BF6FB00F9ECF1C3061713032213FB10
:1028D000010605F608F7FF19FDFF0101EDF8D50126
:1028E000E2095507F9ECF2FDFD0402FB06FE06E6DF
:1028F00002FEFF0CFEFAFCDFF611D7FE073000F7F0
:10290000FB0503EDFCF50202FA0303050311F9F0E0
:10291000F8FFF9F708130003FBFEF5E0FEE90210EB
:102920000C0BF32B0100DC03F8FA050A0608160865
:10293000F6F708FB02DA03ED0B07F826FEF3E820B2
:102940000BFC38F900F6F6030A06F916FFF707F74D
:102950001FFEFAEFF6F809F8FC23EDF7E516EC0D8B
:10296000F90804F80602F40B000E00F8EEFB06F07E
:10297000FE08EAEAEE0DEE07FBFEFFFD06120A0A6C
:102980001AFCFE0DFBFFE6030E04FDF908FA040C29
:10299000FDFDFB0BF8E0FAE2F2F8F9FA0502030D8F
:1029A0000CFBF1F6F908FD080EF5060D050BFDF11F
:1029B00021010D0B00FDFAFCF40CF100F1F3FDF523
:1029C000070303050913FB09F4FD0FF50305E7F3FE
:1029D000F5FDF2E208F3EF05EDFFF511F0EF01056B
:1029E00004030007EA0000FA11F4F201F2FAFD050F
:1029F000FFFBF60FFBF1F40AF102F6FCFFF91C0BEA
:102A00000C03D4FCEB0B010AF613FD01F5F001E811
:102A1000090002FA0E00FEFF0F0EFEF7FB0EF7F89C
:102A20000104FEEFFCE8060A0C030801F2ECD614E0
:102A3000011D1C093B410103F40E04F8FCF5F718D5
:102A40001BFE0B09F4FBEAFFFA260BFC07141D0022
:102A50000712F3F010F3F6EE06070106F2FBF70596
:102A60001110F5F3010FFBFA00F906FFFAF4F7185D
:102A70000EF9040A040D16F0030125F0EAF006FB36
:102A8000FDF9F5ECF9E304FF100A061204FF160144
:102A9000D5F80EFEF91BEC0502F80918FA0BFF0039
:102AA000060F041800FB03EDDD0D041EF02EEE11E1
:102AB00001FEFEF60AE607E604FA000109FFFC1A29
:102AC00002FCF3F3F504F6FF01FEF3F5FC04F00657
:102AD0000DF70206FBF9F9FEF709170D020408FECF
:102AE000FDFAFDFB02F1EC13ECF70FFCFBFA0F080B
:102AF00014EEF705FCE5FA030F02FA0000020304E6
:102B0000F9FDFDFE09010702F6ED02F802FDF301F1
:102B100001FBFBFA0A0406F100EEFF030BF40604C6
:102B200019E7F30ADEF6F8FE05FD05D402FEF2F31E
:102B3000F3F6010AE5FBF505E9C806F8BCF4FBFC71
:102B4000F6F002EB01FFF6D6FEF4FB11000210E6F0
:102B5000D6CCE10FECF2DE0DF4EF0A02000003E048
:102B60000AFAF6FDF7FC09ECB9E4E408EAF8EEFE2F
:102B7000040400F702FBE9E603FCFA040FF8FBED9E
:102B8000C9F0F91F132A05FC000B060D05F609FD17
:102B900019FD000802FD0401041CFFFC01F403FA06
:102BA0000803F20307FEFA0C07FDFF040D060827D1
:102BB00000250D021B020200F0FF0C06F8FE01FAD0
:102BC000FDF202F80809100C131803F8142B040581
:102BD00004FF0BF90B0606ECEB0706F6110D0610C9
:102BE000F8F8FAF904EA0E0AF8F5F611FFF1FF0B0E
:102BF0000DFCFFF9F7F827F8FE0807FA0044EF1775
:102C000005F40DFD050703071D01FC03FC080CFD81
:102C100005F0FB06F32CFCFFFB010B17FDF90EF38F
:102C20000FF6020C04FA11FEEB1AED2CFE0EF8FF63
:102C3000F4020DFFF5F70502FE01F91F0501DFFAA9
:102C4000DC065219FF0A02F904FA0503F80EFAF13C
:102C5000F901040B070A0DFAFDEE0800DAF7040685
:102C6000FF00FCFB0AEA04F7F4EFF7EFF7FA13F7BB
:102C700004F7CE17F80301FEFCFF00FDFD00FEF691
:102C8000FFF10AE91402F90B07FDE719FC00EFF95F
:102C9000FD04FA04F8F001FE12FF06FA10FBF0053D
:102CA000081CF0EF02FBFFFDFF07FAF508F9120E12
:102CB0000E0BFF06FBEE0218F3E8F90DE00008FA30
:102CC000FB0EFFF0FE0604EC06FEF009F50BF9E939
:102CD000F8E9D614F6FCE90508FE080402F1F8E06C
:102CE0001106F904EFFE04F4E3ECF20CFDFDE2F34F
:102CF000FEFB03EDF8E9FFEA17F3F91106F1F8FF1F
:102D0000DAF502FFE6EE0BF907FBF909F7FCFEE83E
:102D10000207FC0C05091FEAFE0EC200DC06EE00ED
:102D2000020511E001ED08FD12FCEBFC0C04E4F3DC
:102D30001D07F3FDE93602F8060AF9F514F3FE0C57
:102D400003F107FEFCF4E2D8E5E7351D0319E600C0
:102D500006FBF7F0030307F2F80C06F604EDE5CAEC
:102D6000EDD845FD07E810081005FE09F903010B31
:102D700000FCF2E3FC110BF90A170BFDEEE1F5F292
:102D8000F10202FB06C406FE1DF003F70802E8F399
:102D9000190B23ED0BFA06F7180403FE05C9F5E33A
:102DA0002B03F321010504150410FBE2EABF02091D
:102DB000F3030A0EF7D112F3EBFEFC0AF605E60761
:102DC000F326EDFE0FFC07F404FE01FE06FD0604EB
:102DD000060B0AFAEDFAFC03EEDB4DFFFD08010BD2
:102DE0000D0204E9F0DD0012ECF605F0EBF1EF2145
:102DF000FC18F702FFEF1A00FE0405F1F6D209E80D
:102E0000021D16020AF71E1EFEFEEE0FFE01FE0850
:102E1000FA14050D10F8F8EE2EFB0AEE1807002242
:102E2000F3060FEBF2ECFAF8EE0413E500E5F30914
:102E3000F7F4062BFAF9EB00F8FC0E050918FE076B
:102E40000A0EFBE103DCFF02FEF9FBF4F0F6F5FDF0
:102E500019FAF00E150402E703FE0FE6F41E02FB5A
:102E6000FD0D0905F204FF150806F20D130E01020F
:102E7000FF0A07E70CFBFDFAFBFE09F603FD151A36
:102E8000F2EBE7D3240EFAFB09FC08070208FCFA70
:102E900000EF0A0507FC1E09F107D304F11400082E
:102EA00003FD0205FF0F05D90E01F417F9FB051B01
:102EB0000108D202EE34ED05FA0D020708FBFF010E
:102EC0000F10FB0901FCE81A020102F1F053EEFABF
:102ED00011FAFF150FF8FD0E1000051FFC02ECD3D0
:102EE000F11317EA19E40406F602F9F5F51005FCEA
:102EF000FA14FFE808FA1FF7F404EEFFF5E00C03FC
:102F000000F9F70304050502FB02FEF5F7F90203D9
:102F10000AF1E201EBC510F8F704FE1D0ADD07F324
:102F200019050013EEFA21EFDFFD00FEEECEF60AE2
:102F30000A09051EFFFDF6F8ECF70C080F260D0632
:102F4000FF03F7FC0B02FAFDFCFB01E40613FE068F
:102F5000ED02F8F70810030E00F0F60008FA1B0B5C
:102F60000D0E05F3FCE609F5E8F8FDEDF3FFE9F3D6
:102F700001EDF3FD01E90700FAF408ED070C0BF988
:102F8000D9150DE10B1202EF02DDF906DBF9F006AF
:102F9000FD10F60A081FFEFF0A010DE7070A0BF3F2
:102FA000E9E6F2FD18FDFA0BFF0C0307FB0008FE33
:102FB000F101FAFC150EF8FA0209E10118FE1008F9
:102FC00007FB01E7FB0AFC12FFFAECF10C01EC0134
:102FD00039F506FEF90106F7FEF811E5F509FCF5ED
:102FE000040609ED0103EA2322FA14061B0405FB7B
:102FF000FE01FEE2ED170702FB0507F30406E202FD
:10300000FCF1060B10FCFB0908F6FFEBF9FFF706D5
:10301000F20FF0E2090A2B02F8D7D50D14F80308D5
:103020000D060F200510FBF0FCFD01F6FF0313F960
:10303000FFFBE1FF03FB0F0804FE000D0913FEEB8D
:10304000E3EE03010211011810E4F9F8F0BBFAF6FF
:1030500000000DF7FEF909EC0EF108EEFB06FB0986
:1030600006E9F4F5FAE70BFDFDFFF406F4F6F8F4D3
:1030700018FBE9FC08FC07ECFCF9E115DFC9FAF5DF
:1030800007FFFE0D061BEF02030DEAF4030DF3002C
:10309000F3E808F90AE90208F7F8F02100F305EF70
:1030A000F40AF7F0160412F204D4E4F9F5FEF6FD82
:1030B000F5EF09F8FCF501EAEFF703E00EFF17FD65
:1030C00020E7E701F7FCFEF6080C080FEDFFFD0A0C
:1030D000FEFEF5F2F4F509E5FC10F812F1EC06132A
:1030E000FB0A0BF707E7F105DB01FE0C1506DEF71F
:1030F0001A0A3DE80F020506F6EE0413FEFDFAFC7F
:10310000D3F8E7F2F6F910DF0FD1ECEB05F8EB0797
:10311000F8F700EA07FCF5FBF6FD02EB121119E7E0
:1031200016EC0243E0E7EB09FEFF02F905F6FD04A9
:10313000F70402EEF3FAFBF4F8F72C00E7E40005DD
:10314000FAECF71205F5F5EAF30304040A0216FE99
:10315000ECEE160BFD02FB0606EB0820FEDF06CFA9
:10316000FB02FB0A150E0DFCDB00D404D7FCEBF8C8
:10317000F60AFF1303E503EE0FFFF9EA100304FF5D
:10318000F0FFF909D8C00D0807FEFF1100FBF6F3A8
:1031900010FFFFF4030533D6F401B1F5FE0DF6F888
:1031A00004F312E50AFA05EF2B0406FD0703E9D53F
:1031B000FBFB07F2F036EFEA010B04E30A01030C14
:1031C00005FAF5F2FCF9D1CDD2FE2C0BF92EFEEB6F
:1031D000FA0100E903F105FE010301F9FAF8D1B79C
:1031E000E8D2450E0EE00BF9F9FFFE0D040EFE07C6
:1031F0000D02F7EF04060BF2F9FDFB02EE12F5F6F5
:10320000FF09F5F004E00A20F7EC11F40305EDFEE8
:103210001D0114F70D26FDFFF10508FAFCD3F7F8A0
:1032200030F50301FBF90313FA0C09F4F6CB100196
:10323000110EFEF2FDD3FDE9F307E5050B05E70DE1
:103240000015EE0CFB020504F9F8FC020EE802FE84
:10325000FD0BFEF304F8EE08FAE531FBF108080176
:10326000FFFF05F402DF0A03FE010AF4E5EC00119A
:10327000F91201FB21020C0D02070CE5FBCAFBED64
:10328000FBFAFB00FFFD180B091DF020F1FBFD0907
:10329000F1EE01120CEAFDED1B010BEC0C05FD2D0E
:1032A000EB17F7FBFBEDF0F508FE05FBFADFFFF28D
:1032B000FCFD090CEDEBDBEF00F11EFC2011EFE74C
:1032C0000B0B01E400D4EB1BF305FD0AE8060C0927
:1032D000010D06F70EF80B09F9EE05EEFA200F0ABC
:1032E000110D0206FDF2F217050C1500EE090A0891
:1032F0000CFAF40AF40D02FE02FB060301FB191C92
:10330000040518DC14E60200FDFDFF21F9F0FFF9C9
:10331000F5FEFF04EEFFFADF0DF716E8F4F7FCFA0E
:10332000FDFAF802FFEBFF24FAFD02E5FDFFFAEDDE
:1033300015F6EFF917B1FC0A000D01FDFEF60A0EB5
:10334000FEFD01FC050206FAF8F70406F6CE1CF3B2
:1033500007FF02EE06F4FBFBFD090C0207F2EC038B
:10336000FEFF0CF2032502F6FD00030F02DBF30360
:10337000F20AF2F7F4F30009F2CE1FEE24E8F302AA
:1033800005FD0B07FD000507F5FD01011005FA1607
:103390000A00F214182808FE010EF9EEF81B0811B5
:1033A000FF03EC0D01FBD9F10C1A01090B2109FBFC
:1033B000FF0509DBFDF2000C08FDFB1CEEF3E01439
:1033C000EE060FDFFD0CFD0FFA03F6FB01EF0BFF1E
:1033D000F5020401F2080D210CEDFB05041DF100BE
:1033E000FD110700011A02080FF20513FD08EC0792
:1033F000F805F3FAF710F6F9FB0C050704EB00F3F8
:1034000021000420F1EEEBE4F82C1803FB060C0479
:10341000F90E00F805F107EB11FDFB1DE7F20C0CAE
:103420000A0CF7F4F60AFE00FD0108150A03FDF880
:1034300002FAF507F4FEF7140A0406FD25F8F8FE73
:10344000FE0FFA14FA0CF91406F304E7FEF5D7148C
:103450000D1915FB0FF909F6F90106F30A0103230B
:103460000C020CFFF7F3040923FE14FE0BF904F918
:103470000101FDFB0122FB0AFE07FF01F3021B1005
:1034800012FBE40614EE0600FB0505F5F316FBED52
:10349000FAFF080908FD1407F3FDF81D0D0F0607D4
:1034A000FDF5FB07052701FD06030205FE0A1810BE
:1034B000E30EE10DE8D5FD060404FF00FFF311FF64
:1034C000FF000014070BEEFE0F0DF3080717FB05B6
:1034D00002FCFB1A000106F8FF01F8F90800030FCF
:1034E0001616E711FC060400FEFD0404010D0AEEA9
:1034F000010105080BFAFD04F70CFBFE0902F1FFC0
:1035000004FEF4F6FC0A07FE1003F80605FD0403AA
:10351000F0F9E60108BC16FBFB1302E907F801F914
:10352000020204F7EF0002ECFAED01F5F7F71000E4
:1035300004FB04000E170112FE0903EEF80D111230
:10354000EAEEE6FF06080204060006EF042104EF97
:10355000F90BFBF6F00923EEF5E7C0152A1CE20093
:10356000010407FBFE01020AFB0706FC0719F3FF33
:1035700006E7020CF710F9FE0A0E02FA070F0BFB22
:10358000020903FCF2FB00050907230FFFFFFAFF06
:103590000108FC070306FDFE0A00FC07060C0EF0FE
:1035A000FC040C11FBEF04F9F304FC09021CEED639
:1035B000DA0CFCF5180D1FD507F2B80D21E701054F
:1035C000080A04FAFCF30108FAFDF6EE29FFF4E319
:1035D00006E6F6F0060611FE060502DBFFE70D170C
:1035E0000610FB09F504F90F20EFFDE004031A04AF
:1035F0000612010B06F90300050600F9F803F81B93
:10360000F8F91817EEEB0CF10809FE0A0D1502F98E
:10361000080712E8F514FEF804FC2A0509F310F176
:10362000F6EE10F0FB1CE5DD0606FCD30E021B0CCB
:103630001D1B1E1A15BBFF0E04E30FF2FAFEFCE27F
:10364000E0FAF3DF1B0F26030809FC1EE7FAF81364
:1036500004FA1319F70C01E9EFF9F8E41A16FD3C26
:10366000ECE3FF0E15F409F8F9F0FFECF816090E7B
:10367000F405FEE3151331080EF3E715221F0BFEC8
:10368000F7FB04D90423FF06EDFEFEEFFFF312293A
:1036900016FD0A15091B05ED08F503F9FED907DE2D
:1036A000F605FEFC02FD280CFFF8FD0EF8070E09DA
:1036B00009FB020AF7040CE606FE0114FB1E0310C8
:1036C000021EE509E3FBED01F6FD0207FE1DF4E62F
:1036D000EDFBFAFF031711BDF5E2E9040812F90743
:1036E000020701F708EF04040302F12604EA15DEDD
:1036F000EEEFF52939F605050B0DF1F2FD0503FF97
:1037000014FCF817FBEAFF0FF62FF90C1517000A47
:103710000A10FC030923F21E020F00FAF202030C46
:103720000D0FFFD0D4EE0802FB01FC0FFFFDECE310
:103730000102F9F7F70418DEFA08E509C9F0F8FE06
:10374000070AFBF70814FF0803F9FAF5FE18FDEE67
:10375000FDE8FF06F30AEEF504100BEC020F0CFE79
:10376000010808140002E207F3F80FEC000E04F859
:10377000FF11F9E7FAFCF91306090F12E6F4F1F468
:10378000E10946101906F9FBFFF80411F619FB00D0
:10379000F0FC0E0D0304E90FFCE8190807F3FFFC29
:1037A000030BF902F6FE00FAFE01FBFF04F5F1F649
:1037B00008EAE6F9F8CAFE05F207030AFCF8061A59
:1037C00018EF0EFDFCF804F3011AEF02F0FF01E917
:1037D000FBFD1105FEF10209FCFE0301FA090807D1
:1037E0000808F6F013D0F903F3FFFB0AF011FF0607
:1037F000F7FAFF05FF04FAF7FDF901121413FC03B1
:1038000002FBFF13031404F7F0FDF6FEF5FAED02D8
:10381000F801030D09FB06EFFE0700C5F41FFE0CBF
:1038200013F2FBF8F9F4E2E7F612FCFC101603F6CB
:10383000F6FEFCF31617FF12F617040AEEFB07F16B
:103840000B0206F8070EFEFA000005E5F104FEFB88
:103850000105FC0606FC0F16FAF9F9001917D3FD4D
:10386000F60300220530FA051209FF13F8ECEDE823
:10387000DD03DAFE280CF7F8FD0EFEF0F806F9ED90
:1038800021F4FAFAF802E4F90217F60E09F41A081C
:10389000F60008F600E800E600F60016E9F1DC188C
:1038A000E814E3D606040901FDFB09FFFAF5F8F96F
:1038B000DE00F905090115F20902F0FF26F4FDFD0D
:1038C000091A020DF9E907FC310DFC0209F0E0E7E5
:1038D000F2FCFEEE0BFB1EF8FC140DFEF3E1FD11F5
:1038E0001706FA08F4F0FF070E2EE6DB2AEE220A8E
:1038F000FA0CFFFBFB1D07100006FB09F909111567
:103900004301B1CB0AECFA0C0B04FFF3FBFD0402FC
:10391000FEF506F916FBEC180AF23CF0E4F7040099
:10392000FEF9F715FCED041314FA0A03F3F8E9F9AC
:10393000FDFF14F40FFA1003060CF80C09D40FF273
:1039400001F30105FFFA00E70B1BF7F809EB19007B
:10395000000BF805F8F600F9FA010606FD0015F867
:103960001E0BB9EF1405FBFD020EFBED03FD052256
:1039700008F7FD1902E4E310EA0E43E81E290007E8
:103980000510FD0F01F308FEFCF7040BF3F30B0524
:10399000EA0CFBFF012B1AFCF50BFEDE0230FF24C4
:1039A000FC0009040308ED070F02F307092AF600DB
:1039B000000FFDDF0A19EF17050004ECF6F8E4E646
:1039C00001F90112FC25FCFE06FF08DCFF1305FDD2
:1039D000FD0D011FF6F51918EAE0E0132C27F80297
:1039E000F9130516FC2CFD011406010AFA12E90070
:1039F000F708040AFDFFF1ECF514040CFFFF06FDC7
:103A0000F60200F8FE05D8F40224050BE6EFFF0BE2
:103A1000010F07E5FDF000010300EC0AE507F0DB0C
:103A2000110705D40F0A100A01FBF5E4F70406DFBD
:103A3000EF00F30C110517EE071901F40FFDFF0657
:103A4000FD09040DF9EC06151206FB05FEECE9DF95
:103A5000FBF012DF0CFDFEFEF00301F604EB0C158B
:103A60000DF90AFAFEFDE5F802F7FCE903F708FE96
:103A700000FC00FBFAFDF9FF1B05FF03E50A0E0E33
:103A800000FCE6FDE3F9F70009FC03FBFD17F90272
:103A9000FCFA07E905FA10FADFF6D8101CFDF60368
:103AA000FE0E05DF0E120019FA13FAFE04FBF40CE9
:103AB000F0E8F710FB3F08F6040EFFF3010DF80ED7
:103AC0000C14FB0E0CF3D7E9CE192204FE1EFFFCEA
:103AD000FE0704FF03DCFD1002F907EEF7E2D50F45
:103AE000F31E3F09E119F9F2040200000408FFF98E
:103AF000F103F8EDF7FC01DE0218E6F805F3EEFF3E
:103B0000FE0501EE03E90AF405100B040C08FAF1B6
:103B100002F206F30713010403050002FFD8FB03BA
:103B2000200F0224FEF9E2FDF4090BE80DF70D0861
:103B3000F906FC19FECFFCFE07F603240305F71275
:103B400008141EFD00E9000CFF08022400EAF30C33
:103B5000060500ED08080DDCFE29F7FCD206FC0A7C
:103B6000FFF4F50701ECFCF9F405F5EEFFFAE8F7D0
:103B700007FD0AE1F90CF80100F302F202FFFF0170
:103B8000F9130512F3ED1713F7F602FCFEFB07FE1F
:103B90000CF90710020C02ECFDEC0E04EF0E1C13E6
:103BA00009E8F9FA04EDF4060E10020200ECFE0832
:103BB000150111FFF3F803090BFD08050706FDFFCA
:103BC000FD0004181200FFF3FCFF0D020804DF09DA
:103BD0000C1806D4FFFF03FE09FD02EDF918FFF8EB
:103BE0000C04F2FE0506ED130EFE1E140DFB10EF85
:103BF0000BF905F8FA01060AF6FE0BEE00FC010DC2
:103C000012F4FD1015F806FC030DFD030A13F60D62
:103C100011F7FFFDE4FF0100F6F01104E6FC08FDDA
:103C2000FAF601F6041607F51106FD09FB001D0062
:103C3000E108F8FAC7DFF7F4F4000808FCF2FFFC2B
:103C4000F809090509FF0FF9FF0A0900E4CFDC0FA5
:103C5000FFFC131F06EB04F8FE1008F2081410D145
:103C6000EEEFF1FC2612FEFEE7F400F603FDFD0E7A
:103C7000F404FBFC00FC0205FCEA27111BD51BF930
:103C8000F8F00EF501F902FCF1FD01EC06EF0A086F
:103C9000FF070A04F3C212F808FA0CE60DD505EE88
:103CA000FD000AE2F9092BEC06CAF4EC04B4FA05AB
:103CB0000AFFF70AFE0108F7FAFB0DEE12FC1BFFE4
:103CC000F8DDEE27FF21FBFCFEFBFEE1050600F719
:103CD000FA0F0006FF01F6080AE8140C181009F0A4
:103CE0000601F8D1F31203FBFAFBFA18FCF5F5F71D
:103CF00009DE0AFA29E424F706F5FBDBFF0CFFEBEB
:103D0000FF04F50813041FF7F9F2F906F10002F8B1
:103D100009ECFBFCFF1B0309F01902E90202FE0F8C
:103D2000F4F70422EFFBF50CF20A020FFC14F32562
:103D3000000C0216FDF901FA11FAE40AF605E6068E
:103D400001FD0AF20204F7FFED19F4070B04F91A5A
:103D500013FF06FA0D0F01FBFA07F8F9000BFBFA47
:103D6000FB0DF4F306FC001D152F010C28150C03A8
:103D7000010EFF05F4FCFE09040DEF03FBF9D61854
:103D8000F24012C1E1C11104F602000DF8F800DFA3
:103D9000F3F9F5E901FF1EF111FACCFFC8AE0206F6
:103DA00007F600FDFE0BEED5D8FAF9D3290A2BF45D
:103DB00005CBC30FF4B411FB01EE04D7072503E6CE
:103DC000DFFCF6DE1B3B3B12FDD5E117060BFD04C5
:103DD000F804FDF1FB210AFCFF02F6EB1808000ACB
:103DE000EFDA0C0FFFE71A0806F503EAFF1008F3F5
:103DF000FB02F8DE0D13F9F914EAE209173CF800AA
:103E000008F705010600F0F4EE0B09DC1DFD1903AF
:103E10002FEEE5200302F3F608FFF4EEF924FB0091
:103E2000FE06F7F303FAFDFFF606EA05022A0E0A7C
:103E30000410060400F704F902FBF9F9EBF9F00CA1
:103E40000A1DEEF601FB10030C0302F906F503F858
:103E5000FC0508F00DFA10DA18FAF904FAFAE60887
:103E6000F202FC11041302F20FFCF8EF08F21DF34A
:103E7000EB0D0505F807EBFEF30C0205000710003B
:103E8000F704F1090CF8F6FCFD05FDF2DA010AFE73
:103E9000FBFA0CFFFC02FE08FBF9FB15F2FCFF032A
:103EA0000E08F602F1FF0E010700FB03FB090402F6
:103EB00000FB03FFFC0102FDFD020B05DF00F9FA28
:103EC0000408FC0B0108FDF6F6F70A0503081FF2CB
:103ED000E50F0DFA02F00502FEFFFC1E06F1FE08DA
:103EE00007FF0014110808F7F50D0F13EAEEFBFAAF
:103EF000FCFC0517F903F9EFF60601FEF20111F7D4
:103F00000807FCEFFCE0F7FBF40503D9F3320113DB
:103F1000F3090305FAE914F4ECF8DD202936EEF78D
:103F20000B2807EDFBE820050500FA0BE4EAC9DDE4
:103F3000D6FBFCFD2E211800FE1DFCF105EE02F85B
:103F400006040509DAF3CED6F604EAFB01D013071E
:103F5000FDF9FAEF04EB010D0FFD0511E000021F62
:103F600024F8B8FEEBE4F111080803FEFFFF0CDFB4
:103F700024FFFC2F09EAF5DEFA2FE60F00F9DE092F
:103F80000A1DFF07FE1312012FF5FA21E30CE7E3E8
:103F9000BC29FEFCFF25050CF710FE1CFC4D03227E
:103FA00002FB090AF410D3F124F3E2F10E0802F93E
:103FB0000BF906EC00260123011309E9E4041BD0E8
:103FC00034F1F709EC00080306010309FBF51A0CAC
:103FD0001E0C03F0E9EFF923EC3EF1DAD30CE90A09
:103FE0000907090CFF18040C04101700F5080ACB88
:103FF000EE0300E2FA10F9FDFDF70E2C0714FA05A6
:10400000040516F7F009CEDE1415EEFBCC01F9031A
:10401000030C010F04E6F9D7FCFFE1F8010606DF07
:10402000EFFDCEF221100606FAF9F7E201F70CF3E4
:104030000209FFE40AFB160B0EF604F71FFB130040
:10404000F80BFCEA01E917EE19FA00FEF4F5F2EDBF
:10405000DC0504ED03F81600FB18F8F608D5072E6A
:10406000FB0006F8FC09F5F602DEE2D805F4FCF5E3
:104070000E0906FB0E09081AEFF70BFAF2F418F016
:1040800028E4D30AF910010505FC05F901FE020137
:1040900003FCFAF8FDFFFBFD07F6FE0305FB01FB41
:1040A000FE0602FFFC05FA03020603FBF900F90114
:1040B00001FEFF07040005FEFFF90002FCFF0107F7
:1040C000FD0302FBFDF903FF030501FEFB050302EF
:1040D000FA02FF03000103FFF7020405FDFC0200E2
:1040E00000FD04FEFC02010101FC020604FAF8FDD9
:1040F0000106FE000504F9FF0800FEFDFEF004FEC7
:10410000050200FEFCFCFF00FAFB0001FFFBFAFFCA
:1041100002FBFB0CFFFAFC02FCFD05FDFAFFF702B7
:1041200004FDFF00FA02FA0000FC00FD02FA04FAA6
:10413000FA01FEFE01010BFE0505020003FE04FF6D
:10414000FBFB01FF05FF05FA0201FFFB030302026F
:1041500000000105FDFC0904FFFDFF040FFAFEFF4E
:10416000F8FFFEF8FF0103F9F9FEF70201F9FBFF82
:10417000FC02FB0701FE020000FFF6F9010000FA55
:10418000FDFF00050408FD0000FD00FCF70004FB36
:10419000F8F6FF07FE0204FC0502FCFFFD01FF0329
:1041A0000404FDFEFD01080103FE00FE0301FFF90A
:1041B000FD01FE02FEFC0302FB0002F900FFF90113
:1041C000FD000104FDFC040107FB0000FAF901FCFD
:1041D00000FFFCFC02FB0301FBFD0B0400FFFEFDE6
:1041E00004FCFDFE02FAFC060404F9FBEE02FF03E8
:1041F00002FBFD0107FEFD000204FEFF04000404B3
:10420000FDFF0100191C0705FBFBF8F50410FD0478
:10421000F7FEF60101FE002BFB09F31205F509FE7E
:10422000F604F9EEFC0AF4F2F8FEFB1AF202FF2E95
:104230000CF8E5FAAF000EF4FEFDFD10FEF8FEEC02
:10424000E803F801F00B2B141FF7EEF2F31AE20C5F
:1042500007FCFA12FC160AF80CEFF20B09120FE732
:1042600009F2F0EA000AFBFFFCF6F3F30D1DF2FE83
:10427000FC04FCF4FE160A0EFADEC90F23E6FFFE6C
:10428000F5F5FCED000A05E9F4F600F5180007EB7A
:10429000FCDC04F6FCD501F700F7F40AF6EBFEE7C8
:1042A00004FEF7E9FEFB130BE7D3FAFFE3A4ED06E8
:1042B0000B00073701FBFFEFFFFD04E01A221FE8A8
:1042C00001F0D601FAE501FDFA060805011FFC110F
:1042D000F6FCFEE92E0EFFE0F318C40EFA050A07FD
:1042E000F3FC000001F60219FF07F1F303EAEDDB2E
:1042F0001D0810F11C0C20040DF009E80805060942
:10430000ED0601E004020702F9EB04FA250FFAF3C7
:10431000FEF4FD1C07220A03000000E6000608F771
:1043200002EFE0F606ECF40C0502072B03F6F8109A
:1043300002FE00ED120706F4111227FB011802031A
:10434000F3F40300FCFBF8FCF7FAF40B07F9F709A8
:104350001BF018FEEC0F0BFF09F00100F710F9E35A
:104360000202F50BF5FC070FE9EBD8FD1A0FFA0571
:1043700005FA051D0322F9FAF2FCFAFE0003F70222
:10438000FB0FFC08F1D802F0000208E6FC04F6FC82
:10439000F3F804F50BFC0701F1EC2F0AEDF0050032
:1043A000F90502F60810040CE30A0AF30901FFE21A
:1043B000E8F017FB02BCF0FBF5FBFD0EFBF4FEED95
:1043C000F5FC06FB0CF8EBEFF0F802140DC2FF024F
:1043D0000500010405CDF6F3F70603E700FEFC1F18
:1043E000F0F9050012150304FAF8FBE803FDF609DD
:1043F000FF08F4010504E51C060A17F615390B0C35
:10440000000A06E9FDE900E5FEECF30A0DFFF522DE
:104410000C0CFE070F161104080605DB04F3080F49
:10442000FC0DFEFFECF6F80D10FA060C182F0EF935
:10443000FB0303E001FB09EE09FF040F02F8FC286F
:104440001EFA06F9F01F04FF06080EF7FA27FEEC25
:10445000F6FDFF11FBFE0AE8ECDBCF10211EE7049E
:10446000041112F9F31B0A140911F9080303EFEF01
:1044700001FDE9031E18F2F50306FAEDF10501F559
:104480000E12000CFAF2EDF2F4160F07130405FAFF
:1044900006030006FAF6FE0013FFF920F2F205FB10
:1044A000F50536F5EADF060801FDFC11040204ED0E
:1044B0000BF1FDFFFC0D02E0FF27E003FBEF05FD24
:1044C000000EF609F8EF0404F1F3FBF2FC08E8ED46
:1044D000EE0711F8FB02F600FE0501FD03FCFC1BD4
:1044E00002FCFDED00FAF3F008151DFD1E0DFEFCAB
:1044F000FC00F5EE04E504F9160507F6E500FB06F9
:10450000E4042605FFF8F607010002FC030D02F3A0
:10451000F109F5F8FC070DF0EFF2E405FE100401D7
:10452000FF01080AFAFD04E5FF1B03EFF21021E882
:104530000FE2D8FD050FFCFA05F502F8070F04FF9E
:10454000090C07E502FC0AFE02E4ECFCF8ED0AFBAC
:10455000FE0D0A0303F400F5030002FCF30000055E
:10456000F3F600F7E3F1FB08000B0908F105FAED9B
:104570000B05FCFE000BF7FBFA0FF7FEF6B100F49B
:104580000211FE0CFCF103F915F9F9EC08EFE8F95A
:104590001A3022FD0AD50002040AFE0DFAF2090DB6
:1045A000EBFBFFE2F4FBFAFC10ECF1F0FFF6F50E8A
:1045B000F503FF020A0F01EFFEEF06E609FB1AED15
:1045C0001DF5E9FDFFEFF402FC16FE11F7DE0323F3
:1045D000120B04EAFEF3E4FA0130FCE9D2F7FFFA29
:1045E0000A0505F000E800101E070003F7EFE1F1EF
:1045F00012302FEAE0FD050A08FF081B0409F40544
:10460000EEF5120BECF70BFF03F5F8EB02F1F2FFFE
:1046100002ED03F905F70BFCFFFEFBF117FD0FE1BF
:10462000F9DF1D48ED030408FBFDFCF4FD0306F66D
:10463000050509FCF0FDF30E05FC11000C03F7FD68
:104640000E0800DE010700F1EFF8131405FA06204A
:10465000F3F1F707EF06070408FF00EF0BEE01E7A1
:10466000F700020B01FD09E8ECFBF00CFBF809F97F
:10467000F9FEF61705E8FBF40100FEF40401FA0068
:10468000EF05F61B202EFF0206EC03F911E9F5E415
:10469000020707011401F3071926E3F106F1F6F406
:1046A000FAF011EFFE03F4F0FA0301F90E001441E1
:1046B000FE17F90523F808EEFAF4032100FE0FFABD
:1046C000FAF9EB0603F3F2300A2C09FBFB2F061272
:1046D00005FDF90D06ECFA080AF9F91B1E01F30EA7
:1046E000052AEBE7071A0A0B0A0108EDF4F209FFA5
:1046F00004F0EF0B030A39131401E408F543ED0A43
:10470000FFEBF7EE040C01F614070201F2F10001D1
:10471000FDE2FAFEF9FBEBFDF2F90535F0E408CA1B
:1047200019F11014F9FF23DCDB0B1504E504FD0877
:1047300009F3133900F410EF07FD061FF71CFB0CFB
:10474000FA1536040107FB00F9F7FDE60E0C09F532
:10475000E4FE03FA0420EDF010E1F4F90CD8050CA6
:10476000FF00FBDE02D40DF0F20200EE07F815D7D1
:1047700016CDE30407DA12FA06FB08F7F70EFCE29F
:10478000F6EB14E20F1918E6E8E1000DF0F4EB087F
:10479000F8FF00FDFD1DFD010BFE0DE60A170CEDF7
:1047A000F2D4DCE704F60210FF03FBF9FBF000E8AB
:1047B000E806F5F31412FAFBFF04D1110FF2F40A24
:1047C0000D03F6C916F9EC001903010A05F6EDEC24
:1047D00034D7251AFEE801FB03F8F9E0FC0509EFE0
:1047E000F2F6F3F7FCF7FA23E9CB3DEBD30401FF34
:1047F000F902F6D1F61FF1F0F1E60CFAFD02F6FE31
:10480000E5E5162CECE8FA00000013FA0028FAE9B6
:10481000F70FFBF4FBFB19FEDE08D909EFFEFB04E2
:10482000FF0A08F40B12FFF00F06F7010E03EBFF6F
:10483000EEFEEA19081500F5FE0404F407FDFF1763
:10484000090FF204FAF8DDFEDC1326090129F7024C
:10485000FD06060707F4111E060203010401E50325
:10486000F20B3DFAF5F105FE090106FEF7FE08F927
:10487000FCF8FBF605090B010141DCFC01EF040625
:10488000FB0AFFF7FDF617F4080A02EB0F04F8FA2B
:104890000C11F9F3F5E4FE03F608070909E410F931
:1048A00013030E0EF2F1FD15FBF902EEFDF51106F4
:1048B000010AF60D0AF601EC0809F729FF0B0705B6
:1048C000F71525EE07FF0705FBFE0912022704EA8C
:1048D00002F5FFF1F90C2EF2FAF5E901F50FF700F8
:1048E000FCFBF8F9FDFF08F3EB130FFDFC09EAFEF2
:1048F0000EFCF7FCEE1BF80204FD0DF40C0FF9089A
:104900000BF710FC0105FD090CFB021228F20E0941
:1049100002070001050703070DFE07FC0B1602FD49
:10492000EFED0EECF5EAFE0307040115070602F5AC
:10493000FB0C06FE0C0D06DC0212D80A23FD020B4E
:10494000F611FFF60BF5070708FDF8EF1A00E7E38D
:1049500017F905E2FF0706EE040403ECF718140B41
:10496000F9F70102F1FBF10D1BF82FEFFA030FF934
:10497000F502F9EEFC0C0E13EA030EFCF70AF10641
:1049800016F71011F211FA03FAFA04FC071208FDE7
:10499000EB010F00FEFAF6EEFBF304F90925F3F63E
:1049A0000C18FCFE04F801FE01FB0412E0E6FAEE2E
:1049B000F904E9FF2104FCFCF202FFE90909F71EF2
:1049C000010105FDF3F2E1F8F522F301F6FB07FC26
:1049D000030E08E702F1F81CF405FDFCF6F5F801FA
:1049E00016090306F4E2F303FE0906090B040AEABA
:1049F000F8040618EFEE02D30308F2FE1107E701F0
:104A0000080B0706001D1004FCEE0013FCFDF7EE7A
:104A1000E7EDE8F51BFFFAF6F30F00E3F71FFA0FD7
:104A20000602050D09FCFBE8160406E4DF0B00F89E
:104A300004FAFCEE04F7FC131507FBF7EEF10BF498
:104A400003000CF6F8F2F4F200F9FF08FEE9FA0EA2
:104A50000A05FAEAF3F711E6E9161802F903E7F492
:104A6000070AFF1AFA12FE03090402EAF404F1DA53
:104A7000F023F9E5F3F4EC08FF0AF413FFE00FED7F
:104A800009FE0403F405FEF5F92D1315F9EA0911E1
:104A900009EBF50AFEE0F6E205E6F206F7FDF70E91
:104AA000EF0CD8E5460CFBF20CF401CBF1F205F566
:104AB0000800F8F71004FB39F4FA12F3461AFEFE68
:104AC00014F8FDE002EA09001B0A040203EFD71DF7
:104AD000EBF329EE14F41EF9FC0300E402EA0323CD
:104AE00007F61305EBFE05F70FF9F9FEEEE90912DB
:104AF00005EDF8140B05EB0BF4030EFDF90A230189
:104B000011DDC6E30BE2FD0600FAF5E704E5040D4E
:104B1000FBFE0AEF05F9F4FE0BFB10001300F5FF96
:104B200008FF0501F9D60416F8FC02FBECE3F4E2F9
:104B3000011916FD1E3702FB07050204FCFB02EDFE
:104B400002EC0AFBF400FDF91911FAFBFAF311016A
:104B5000F9FC08F6F910FD00FAF90BF3EB00170663
:104B600022F9B80A03ED0405FC05F70202F3FE057D
:104B70000A08061AFCF9F6F0F1EE0B010514EF062F
:104B80000DFF030FFC1AFF0BFDFF090FEE021007CC
:104B9000CCF405FF0614F604020404060330FC0DF1
:104BA000F4F6F505141DD6F1F605FCF314100BF719
:104BB00001FF03FCFFFEFD0AFE0903E2F1FBFAF729
:104BC00001F7F203FCF20CFA04FAFBE701F20C0E17
:104BD00002FD02070CF5050DF602FDF5ECF10404EB
:104BE00002080216010DFEFFF9000A01F70604E0B3
:104BF000F5FC1BFBE9F5FB00030A031CEE010004B6
:104C000003FA07020204FDDE040A0E08DDF60307BC
:104C100000FEFCF405F0FB0AF7F9F6080C030509A1
:104C20000305E4042D100A0900FB04E401EF05F478
:104C300000F8F7F504FBF81D130608F5F4FC10075F
:104C4000030AF3E6F9FBFFF4FA01FAFBFAEDF910B7
:104C5000EFF8ED00E6FB00FB07060301FEF7FF0798
:104C600000FFFAF9010C01FA04EFF819ECF7EB0177
:104C700006F509EDFB06FE01FEEA01F2F2FD0AD798
:104C800004E3DF25E211F60A02FFF408FF1D081411
:104C9000F6010311F104F503F9ECF302F6F605074A
:104CA000F30F07FEFCFCFF110409041CE60EF607D7
:104CB000F900F7F20915F906F405FDFAFF020C0EEA
:104CC000FF0A1009F8FBF3F0ED0212ED07F8FB0202
:104CD000FC0D05E001FD041901020C0A07FD16F4A4
:104CE000070C0909EDDAFC02FCF4031E04FA06D7EE
:104CF0000BFFFF15F401F9DBF70ED607EBFDF2070A
:104D0000F30EF80CFDFB08F2EEFE130F061401E3A0
:104D1000010CEB080502F80DF80AEFE4FF33063347
:104D200003F7FEF7FE01DE0211EF0AF4E91BF701BB
:104D3000070B05FFFB140A1E04F0051FEEFBFEEF38
:104D4000130337F710EA10EC0508FE0B00F00920FA
:104D50001309F6E803F60726F63621EDF6F2F80415
:104D6000FEFF01160400041414FFF9EFF1F0E4EE65
:104D7000F92F26E3EB0E0402030F001803F10609D6
:104D8000FEF7FBFF03FEF2F806140200ECF3FEF65A
:104D90000202FC03FCE504FDEDFB0214F300FCEB56
:104DA000FD09FEF25A22ED02FA0301F0F90A17F6A4
:104DB0000504F80303FBF922F8F616F92E0D090392
:104DC000070900E6021B130501010CFBF2FAED15C1
:104DD00004E40006F4FF0DEEF1F803FDFDF600110A
:104DE000FCFC110CEC070CF314D0EC0FEDF40605F1
:104DF000F9EE0E0EF70A01FCF80A0AF9F6FF19FFA0
:104E0000F1F7CF18110FF6FE03F60700FBF9E1F5F5
:104E1000F90BFC130BFCFAFCFB0EF015FEED090D73
:104E2000FF04FE0A040D11FEFC0DF3FD00FF0A0C49
:104E3000EBF2ECE6030014F9F616FEDEF2E50AF5F5
:104E4000ECF9FBF8FD0DFBFFEDF6EF07F40412EDB6
:104E5000F1050706FE0CFE190804FBF8F9FD0CEB42
:104E6000EFFD00FF000012060306010000ED10F741
:104E700013F30A1A09F5010BF116EDECEF19E70A25
:104E80000308F0FBFFF01CF616070106F502F4001C
:104E9000F501DDFA00DB17F90E15F9F40C161E13F7
:104EA0001AFA07FD0009F00BFDFE13022C14FCFC9E
:104EB00009FD04F7F324F81D03030B0400F5F6ECD9
:104EC000E1E3F7F20BFFF7EBFEEFFAF8F61013E76A
:104ED000FE0103FAEDF01E03FCEFE7FB050EFBFD00
:104EE00008FA09F50317110D100F0EF9F90A00F869
:104EF000FDE9C9FEF717F1FBED0A040DFE05FF13EE
:104F000006F7FEF4F80800DE1306FBEB09000001CB
:104F100003F6FDFA07040200FAF2F71CFCFBFCDBC7
:104F2000E6EDF9D1F529F5F6F7FE06F2EE11FBFDF7
:104F3000090AFBFA010C1CC70509D3F91CDC02F7AE
:104F4000EE08FEF2FED409EB00FD0DFD08F8E6D9EF
:104F5000E7F1F4F028E20908FC0DEFE702E8FF189A
:104F60000106F9EF000610F519E7FDE5D8E9FEF2B4
:104F70000906F9F9F9E6FD03FCF010F8FD0023003D
:104F8000FCFAEF1DFBDEFD01F2F9010AF6DDFCFB88
:104F9000F70508ED000102F503F314F0E7E3EFE88D
:104FA00005EEFB06F9030312F7F1FC0413FAF00F08
:104FB00004151001C20DE8F702E6051B1109F804FB
:104FC000EC0A060B1B16190E2C1218FF0BF8E40442
:104FD000F9FDF7030A0501E1FF0C0DFB0C0601EAE0
:104FE00008F3EFFA141403FFEBF7FAEAF5F4F329E8
:104FF00004F7F10B02EE111DF9EB3B04F11D25093D
:105000000EF1060103F4FA18CE0607000902FF1F8D
:10501000FFCAFCFFE9E9030E00F6000E01F5FAD223
:10502000FAFE06100F0D220005C9FB17F4E2F80383
:1050300001FA13E5F7E9FFEBF10CFDF01C0D03237A
:10504000E6F3ED1B00400710F1FD0BE40009F5F35A
:10505000E1F2F422EFFBF711EBC5400F18081C0238
:1050600009FC0BF1FC0CF306E902F9270814001CFB
:10507000F0CFDE3911E2F8F502FFFAECFA0DFC038D
:10508000F20EEC0902090E17F7DDF111FB02FAFE30
:1050900007FCEEF7FBF3FEF4F222F9F201E80B0B4A
:1050A000F50C26FEE805F50203F9F7DBFD2CFDFF04
:1050B000FFFCF213EAFF1FEE04E1F913DE08FF081C
:1050C0000EF7000CFE16F1ECDA0FFC0719201AF6A9
:1050D000F5F3D128EB05E101000A000900E801E33E
:1050E0000701F6EA29F2EFFAFB3008171C29FBEB5F
:1050F000F20308F6FDF5F7190B0BFB19FBFEE100B7
:105100000E4842D51317F906FA0014FDF8200F06D1
:10511000FDFCFE05EE0A1405E9D7E115F909060DB7
:10512000FB0207F9FF0404FEF30800030D0C001254
:10513000FAE0D4FB08190905010C07000E08FBF082
:105140000701F4F40A131B05E9DCFB06F2D9060695
:10515000F70803F9FD0BFBF3F9EC00FCF70DF3F88E
:10516000F2EDEFFCFEFD150A090F00F7FFFFFAF163
:1051700012080502080910F7F510DA11EEBA00EE70
:105180000A1003F5FCFAF5FEF80D05F40402F2E44A
:105190000437FB00F509140B06FDFA05F9FFFF0EB5
:1051A000EDFB0ADFF3010BFE0CE5DEF308C907FF98
:1051B00002FBFD0CFF06FA00F0F0FAEE120413CD2C
:1051C00014D9EEFC07EFFBFB050EFC20FDF0F823E5
:1051D000000604EA0F03F6040A3804F7D5E90B02C7
:1051E0000701FAF308D60E040AF6F802FCE6E2DA42
:1051F0002A2444F1FD0A0F02FDDE0200FA13061311
:10520000E709FBFBEBFB1815F9ECEDF5FE0BFAF8E3
:10521000FCF702F900EC14FE00030BFA12FAF9DCB9
:10522000100E2035E9EBEAFF0409030C0A0E022DEB
:105230000C01FDF2EE03040F04F51400F5F909F872
:10524000F305FBF3ECEDF5E5FCF5130DEF000718A6
:10525000DB0506FDEE090C0B16F6031801F600E758
:10526000E900070E05FB18F4D9EAD2F21FFCEB02A5
:10527000FAFB0B1700E0FEF5F0FB010B1E0301F932
:10528000EA0403F9EFB1FFF503EC05F307FBFCE4D7
:10529000F400FBF5030F0003FAE0F903DDEB10FC6B
:1052A000FCF30FEFFFF2F1CFE40B01D40C05290062
:1052B0000DD5EF17E0D6F913FA00FB030121000B1F
:1052C000E10001DF140B18F2F3DBEF1C0509EC071A
:1052D00003FBF9FF0A0EFDFCE50AFCE8130B01F1E4
:1052E000F1DC110F0CF5020800F209EE00FC03F5E9
:1052F000F1FAF7F50207210005E9DF151ADA07F0E0
:1053000005F606D5FDF9E7EFE809F2F217F11916EF
:1053100019E7070F08CAFE03FBFB03F70400F9F0C7
:10532000FA0EE5F605FEF01400FAD90F0CF7110697
:10533000000702E50BE2FEF30CF3F3FC0EF9EE08B6
:10534000F916FBF1FEFCFB050209FB0A0701FB0055
:10535000F9FEEDFB05011DDF0C10DE04F915F71257
:10536000FA06FF08000002111700030B08F510F3FE
:10537000073015070114F40AF8F9FF18FCEBFA0DD1
:1053800016000608EFF1ED10031FF904FC0D06FBF3
:105390000A0BF7F001F6FE211AF40115FB0A0708C3
:1053A000212D0ACDFCE1F7F7FF0DFC0507F604F20D
:1053B00002F804F8040514F6F5011102D7ED11FE08
:1053C00001110409F3F7FC020A05FFF5F80702F4DE
:1053D000E7100416EAF30707FA02011A040C03F6B1
:1053E000F3080B0DD6F4FAFDF0F911F9EAFF02F813
:1053F000F802FDF801FC1006FAF40B02071309008D
:10540000F6FF260BDAE61202FBFAFE1C020AF9E5A9
:10541000FF07FE000E0925EDF8F5C2FED708F805D6
:1054200006FEFDED06F106E8190504F9F905EA00A6
:10543000F71B0511F624FAFAFF0FF8F507F0FB0346
:105440000C02FDFC04FFE8FBF815290B031CF8FD1A
:10545000F6FEF2070500FC06F602F1FCF3F1DBE1D3
:10546000E00031F2E9DB130AFEF60914FA0904FC44
:10547000FDFE04EC010B1EEF0613E2FCD3EEE7F495
:10548000030001F7F8E111EC0BFA01F7FC0DF2F65D
:1054900008FF00F5EFEDE903F9FEFF180AC906F66B
:1054A0001BFF072E0AFA0016F80FFE0DD9D0FE12C8
:1054B00002FFFD06FDCD03F305FA0129000E0908E0
:1054C000041128EDFAF102000406F20403F01007BB
:1054D0000D05F1E5FB0BF3000AF92A0405F607F9BF
:1054E000F001FCF301DD0508F3F80CF4FCF0F8FD25
:1054F0000B110B03FEED050907F305F8F9E1FDF1CA
:10550000060CFF0106051F07EF10EE03E2F1FD0494
:1055100000FB070313F2F4E708F604EC1502151B71
:105520000EF8F2FBF3E4EDF8FB0402F3FEE5F906F6
:1055300009FAFD15FBF3E4F7F4FA0FFA060A020282
:10554000050209E907FAFB02F40103FF02F5FC0F6B
:105550000E000008F500040103E8FDE10818FEF95B
:105560000C090201FCFA02190DF7EF10040F0B06EB
:10557000F2F206F3FE0F040DFD0200FF01030B041F
:1055800003F0FE0B0DBAF5F5F603FEE1F6D402EEDC
:10559000EDFB04EEF8F4DBD8EDEB1FFA1305F50A8A
:1055A000FF09F60E10FD10FFFD09FBDCF8F309D82A
:1055B000FCE007FFEEE005F6F7FCF50CFD10F9FF47
:1055C000FAFA07EEF6FDFDE710DB07F7EBF00CFB50
:1055D00000F0F7090B02010F0815FFEF00E916DADA
:1055E00004F3DB0FFB071F0000F0F9E2F2EA0910F9
:1055F000F914FFFBFEEAE008F9ECF7F20ADCFFFE23
:105600000BFEFE0DFE0A0B10FD10F506F20411FA5A
:10561000E4FE1EF408ECFFF8F90EFD2F08E7F6048F
:10562000FCFDEE160801DEE5F5340CF3BFFBF1FBE3
:10563000F91203F5FFF6FE00F5F9FDF4EAEBEFE5EC
:10564000DBFEF0FEF80A0318F90408F601BB12F6B7
:10565000F5FAF8FEF700CA521606E7F608EFEC0373
:10566000FD06FFEC00EBF9E607ED060401010C294D
:1056700008F50BE9E2DFFEF3F9F7030AFFF3F7F0B1
:105680000E060A06ECEBFEE9EB02EFEAEB06F3028C
:105690000B0009FDF8FBFF130304000404240DFFB5
:1056A0002FF2EB02FB100505FF07032806E60FFDAE
:1056B000EEF8070AFBFAFAF9FD24FCFBE9FCFE050B
:1056C000F2F5EFF9FE15000E0CF6FA14F40B0A1AB7
:1056D00013E9E9FD1D020BFCF8050AF1FE2902049D
:1056E000E4FA0A0203FF0C17F6DC10FEEAF7F4FAFC
:1056F00005F502E0140605EBEFF7FEDEF7F5FC0218
:10570000EBEA032B05F0F90DF9F405EAFA0B03F5C2
:10571000F7FDFFECFBF603F4EDC6EA0EE01318FC10
:105720000B03F9F109FCF314FB1A0BCE01FE1BF07D
:10573000FDCFDAF0212E030BFAF9FCE40B0EFF0487
:10574000F10202D1F80B0A09E605DF02FBD9FB09D9
:10575000F008EFED06FD1015F90B04DCF80CED0870
:10576000F700E501E817FF0700F00804030DFDE46A
:10577000ED10F70510FBF3F00AFBCC0B01F9F1EA91
:10578000FC1A0B1FFFDFF1D4F30102F801FBF8F361
:105790000833FE0300F215FE0DFAF8EB05FA0724B4
:1057A000F0E9FCD3FEFAEAF928E9F2EC0DFCF7FE89
:1057B000F9F901EA0507F7FCF1F0F6F5FF0513E347
:1057C0002CF3E7FDF3E20CFF1124062BF8F1042C77
:1057D0001000FCE402F9EAE80D460EEAD50BDB0105
:1057E000FF02FE1BFBE1FC0B1AFFF5FFE9F7D8E90E
:1057F00025392BE8E3F10006F2E808FE1203FE1754
:10580000F1F5031AE3FB07E90CEAF1E6F805FA0102
:10581000FBF0F900020800FFF0FA03F9FDFE0FD7D4
:105820000BE71F37F5E5FF0AFBF405FAFC050CF65C
:10583000EFFB0FEBF1FFF506F4D81F0DD9F603EEE1
:105840000CF4FEE2FC150BF2F1F1190B011520F638
:10585000DBD6EF21DCF7F00AFBFB0B0503F8F4E6DF
:10586000EF0A10F9FD0112FECFE3FB18E1FDE1F9AB
:1058700001FA01320CEAFDF3F506FDF61509F0FB1D
:10588000D418151FE916020C08FC03FEFF2EF6EBD8
:10589000FF091005EB061112FFF5BBFC2F130517CE
:1058A000ED09F9EF03F0FEFFFF12F3FA1011FDFF0F
:1058B000F505130007FB04050DFFFFEA0205FB11C8
:1058C000DC1AF2F602FC03FC020710EF0F17F80BCC
:1058D00001020A03F8FEF414EC09FBE7FC031300D1
:1058E000FAFB1EF6E9E8FE040D0E032BFCF90A0391
:1058F0001F00010B181F01EB094BDDF5FE050E061D
:10590000FA1701FC09DA09FC07FE07020D01F6EEA1
:10591000243503E00A16060E0B0900F500F3FE100D
:10592000F9F2FA20F0E7FF2721EB16EDF50E08FA61
:10593000FE05F806F50BF7F9FEFF0829FE060BE554
:105940000D1B11F804FAFC05FD0BF622FAEF0C0F03
:10595000240113F9FDEA09EFF5FF32F4D8F70A0440
:105960000A15F9F40000F61312EFF814F4EDE8004C
:10597000EE25FFF6DAFEF70D080C0109F701082104
:105980000C03FD19FAF508FA140BFE05FD04F4F3F7
:10599000FD0B101BFA11070000F80AFC121401EDB0
:1059A000EE003BF4F00603FEFDFD070A051CF7E6DA
:1059B000FEFA17FDF2FE09E3E8F3C2F8E9F600FF8C
:1059C000F80405F00AFF05F7E8F9FAE90F120E07E7
:1059D000FCDDC51CFF00F101F7EF0304FCED01CB7A
:1059E000F9F0F70F090A02FCF0C7F906DD04FD0122
:1059F000F7F403FE10E1F7F1F5FF0DF5110CEC02E1
:105A0000E405FA0DD51D06080011041EFC0D06F86C
:105A10000505031DFAFF03050708FB05FB2811090F
:105A2000F6030707100B050622F7F8220401E31618
:105A3000F52A1405142DFC16FF050002FDE9FEFDF4
:105A400010EE00FF0100E9FA14210E02DF2CDE0146
:105A500002F8FE0D01F90DF404F20B05FE0204ED4F
:105A60000D10EBE905EE02FA0F080809EF0AFBF644
:105A700006F90105090B310FFE06E5FDF3EFFB000A
:105A8000FDF9000402030DF3FAFD040DF609F6FA20
:105A9000F8DFEDF9F4B402F402F2FF1706F5FDE4C5
:105AA000F706080CF70511E7E9F2F70BF9DEF4FC4D
:105AB0000101FF1C03FBF313F4090EF60D1A06088F
:105AC000DFFEFBFB09F8FE0500F005F4F42FFEF9FC
:105AD000D30102FE05141714FFE5E0123B0205098D
:105AE0000A0C12E1FA060804F609F8E00208FA07BF
:105AF00000D5D6190FFAF9F10C0105CEF91000F016
:105B0000F00C06EB13120903E9FE14151E02000542
:105B1000080CF800FD0CFA0DF90FFBF10EFB02F872
:105B2000F9F403FEF309F401F6F80303FE2DF9E599
:105B3000E614F4090E0515DFFDD6A805E7E9F60C15
:105B4000F7FCFDFA05D50211F009F41515FFEBD8A5
:105B500010E7D311050B06F902FAFFE409EAFEEF9C
:105B6000120DE8080AF1001C16F00EE51D2210F3D4
:105B7000FD0DFFF1F720030A0606F00CFDFEEB0E0B
:105B8000F42610FCE9020FFAFC0706110702FEE2F8
:105B9000040909F10AFF0EF8FBFBC5051AF8F9F82C
:105BA00004F9FADE0A0C06EF0F08FEE80F080916E2
:105BB000F70AF10CE9260105F8FBF8F6FFFA02FBFB
:105BC0000808050D00F8DF07D7053513022EFFF38F
:105BD0000FF7F708F5FA03FCEE000B0500ECD6F31F
:105BE000E60F3110F0E605F7FEFD060A0B13050877
:105BF000EB05FBE708011EF214FBC808FC0CF400DF
:105C0000F9FA01E902F416F1031300091AFD20FC68
:105C100008EEF702F618ED0709070512FBBF0AEBBD
:105C200029010A2FFEF1F2F9DF0E1501E1DEFC0C6D
:105C3000000BF62403BE06EC04FCF433080DFC1E36
:105C4000EE2524E202EA021205F803100BEAFFF146
:105C5000F901F7F21313FCEB19F60708F1F8060146
:105C600001F50AF6FCE30305F7FAF4FFF800170460
:105C7000FE00E90D05E3F2FE01FD040813D3FAEC82
:105C80000D0DFFFC11F232F8EA130316DBE7FDFA03
:105C9000F4F5020CF80C00FF0C0720FC06141E1093
:105CA000F0E9DDDFD700F3040109110CFCEAFB0A7F
:105CB00006F0130802F9E8FFF7FFFDFE0E071413C4
:105CC000060505FFF604040509F103EF1003EB1CBC
:105CD0001210EB0FF8FB0DFB08F30AEAF6180AEFB7
:105CE00008F9FF0EEBF20A130DF70904FE0207F79D
:105CF00008F6FEDC081E030CEBFBF1F30C170EFF9D
:105D000011D514EAFA1B1BFDFA04FD0A00D8F1FBB9
:105D100006F2080914F7F01F244B11DEC1C1180860
:105D2000F4EE092902F2F1FED9EBFBF41E0C3A293C
:105D30002E1911FAC6F1021306EE030F0B1C020511
:105D4000D60B03F221012B0F0DECE2DFF802E20586
:105D500007F4FCF6081903F2E7190BFC18202015CC
:105D6000F6DBF40209FC0FF4FBF5F806FAF3F9038D
:105D7000F8FA0008FC042A1A0DEF2009052A130E70
:105D8000FEE10B0B07FE0914F60F19EA14051EFBC2
:105D9000250C08F6F119F2F6FEE8100EFCF9F5E80C
:105DA000F1FF01E419FF20F7FA0BFB221012F7F4C0
:105DB000FFFD03FF0915F4000300E4031307E2F3FA
:105DC000F70CE9F404FEFCF6FDFC01EDFA0BF80219
:105DD000E70E0C0FF91205E206DB1006EAF9FDF7F3
:105DE000F105F517F8F2FBFE0A050401F8F5FCF4DD
:105DF000FD18F12F05F6F30700FAF302F9FDFF0392
:105E000002F5EEF310F21DF6FD00F9F9DD07FE09CB
:105E1000FE000CFB011BFC1B12FB07F904ECE7DD89
:105E2000122A2705C6F4F4F4FC040BF202F40AFB70
:105E3000FBF5F80DECFD1D15E4BD13F9CFFFF1FBEB
:105E4000FBEFFA05FCF9EDDCFC05FD0E080C12F683
:105E5000CDD2DE21F8F2EDF803F5F811FF0C05CEF6
:105E6000EFF906F6FC0114F9C8E5B3F7E9F3EFF72B
:105E7000020B03E6FAF109E402F7EEF9090504F86A
:105E8000D2ED0010E9F8F8F7FDF90BF2F8FD04F88F
:105E9000FDF3FAEEFEF30206070F0CFE3009FFFEDB
:105EA000FE03F41201E0FF05FD010AF3F509F1E933
:105EB00009060903131E050409FE0211081502074D
:105EC000FF0002EEFAFF180611FDF607F8DEF904EE
:105ED00001F70D01F70803F6F70000EBF9070B0FC8
:105EE00006F0E610EAD4F20204F7FAFF050FFA0210
:105EF00003FDFB0FFB00F6EF03E61AF619F8F8FDB9
:105F0000FA000806021002F8EF0AF7080BF9090375
:105F100008FB1C0E0904F30B00F20A07FE1200FC3A
:105F2000EBFAFDFA0E0913010AE5F10BE902F9FBA0
:105F300001E9FE09FBF5FDF3FCEAF7EBFFFC0201CA
:105F40000EFAE20FF8E3F8F907F2FD09FDF9FB1A82
:105F500003FAFFEB05F8FFDCF31D0A06DBF1F80599
:105F600004FDFF19F40DF30A0404FAF801F7F2F93D
:105F7000061F0E08FD040F050502FE09020D020CA6
:105F8000DEFBF0E9F1F815E80FECFFF3F9F306F7A3
:105F9000F6FE00F504140E05F0FAFDE7FFFF15F319
:105FA0000FE3F241030403FEFFFD06CB030D05F0F2
:105FB000F7F406E9FB03ED42FED21EF8E41607FDF6
:105FC000F5F809E1050805FE04FD0806F3FE2D0AB3
:105FD000E2EBFBFFEA02F00303F401020522E8F71B
:105FE000F2F60305F90704EEDAE8D716DBF8EAFD66
:105FF000FDEFF60BF9F0FFF405F4F4F212F516EBF1
:10600000C8EEED1DDFF501F9F80AF4F2FDED03F835
:1060100007FB02F4140804020B1000EFEAD5040495
:1060200006F7FEEFFDF70F150203EFF00803F61E6B
:10603000FF2200FF12220DFC01FD080FFAF60714E3
:1060400005F70AE9010A030AF420EFFFF908020044
:10605000FFFE09F3FC050CEE01F706F90901FD1935
:106060000803ED0C0B0B00F80BFD0BF106FB0127F1
:1060700002020DF7F60B13010AE21803EA1308F304
:10608000F4F60AF3F402F203090602010B100FF012
:10609000F8F20DFDFA43F80108EEFE0C0108F7EBEB
:1060A0000BFBFC1CFBF90901E90C06161524FBFF90
:1060B00006FC08F1FCF008F2FF080408FD0EF712D8
:1060C000F0F9FAE5F40708F701FAFDF90204040112
:1060D000EDFFFD03F30BF8F0F5EA12080D0C00F2EA
:1060E0000B02FFED03F002F6FBF6F5FCF6EE21E302
:1060F000F7F9D8130207FF010BEFFD030206011C9D
:1061000007FBFFF51305F8F4F7F9E31CE0050200BF
:1061100005F9FA01F409FBFD12020C0100F70FF773
:10612000020205F1F2FBFB08FEFEFDEE07F000F1B6
:1061300005080106FEFDED0BF9CDF01003FBF6019D
:10614000FDE6F8E6F4FAF4DF0708F900F1000CE7E1
:10615000E8DCDB28F6ECF8FE0BF8050F0B0200DCA0
:10616000FE07F8F3F41406FCD9E4E80604F6E409A3
:1061700008FF13FDF413FCF508F200010902F6F420
:10618000DCEA001A20D4190A0BF6F3F4F8F1FDF159
:10619000EDFCFEE81302FD050B06FDF8DCB3170B62
:1061A00007F9050A0710F8DDDF0AEFDE1B0E3214CF
:1061B00012EBF203E8C30BF8F9F005F6FA0B04E969
:1061C000D807EDDC18271FFA25D5D8F70CDDF1101C
:1061D0000601F5EE0D340204EFE9FCE30A141EE8B3
:1061E000FAC2E917F13300F6FFF00AF1F3240309CC
:1061F000F20104F9FF08F61813F6071111260C0630
:10620000F9EB0410F609F2FADCFFFBF308FF02F4E5
:106210001700FB06F7EA04FF02F509050AEDFDE3A6
:10622000F604F8D80F0B0906F1E2E1F802F6EAEEFF
:106230000DFA0104010CF9FDFA04F1ED1218FC024B
:10624000F90FCFF907FE0EFDF70606F80A00F20275
:10625000F403FB02EB00DAF6070A35F7C7EB150487
:10626000FFFEEB1B0AEC02FA020C05EAF3E918E662
:10627000FC35F804CA020602FC01FFFDFD00F40D26
:10628000E907F4EA201B02FCFB06E4E10207F8FF41
:106290000A0EFFFF00F7F81B180A01F7F3EDEBFFFA
:1062A000F72919042B0B130DF40D06EA01F2F40A79
:1062B000F2FD0803F9F5F00408FA17F90513F2FFE7
:1062C000FAE7FD030515F5EEE906EE01FB09140BEF
:1062D000F3F4160EE2FFF702090CFC12FCEB06F2D7
:1062E00001F5F90400070BEF0810D0F2F5FDED03FE
:1062F0000913000D02E9FA0B1307FA04F4FDFCF987
:10630000FD100EF5C6EBEB0205FBFEDDF7F80E0601
:10631000F0FC07DAF8E4FAFCF5E6FA0C2A26E803C2
:10632000050D02F404F20D2312EE0206D8F0E60188
:10633000E714F503F419EEFD0A0CF8240C02090E1B
:106340002CEEFC18EDF2D5F716FE03FCF5E712FA79
:10635000FA140204FCF30B0109F0FE1DEAE219FA3B
:10636000313CCD03F6D7E9F9F8F5FFEBFA15FFFB61
:10637000F8F6F61E01FCE8DCE7C8B7F906E1D5003F
:1063800005081308EFFF01041C0209361B0C04EE7C
:10639000CECBE3F0050CF809010A09270F3001F60E
:1063A000040E0310131AF2D9DB0B1FFEE3DBFF020E
:1063B0001501FE2AFAF706020DE603FCE5E527D2F1
:1063C00028F8FC22ECE5170305EBF7D309D40AFB08
:1063D0000C0AF5EC10F60A000513E3FDF101EFFAE3
:1063E00015FF0929FD17E8FBE2EE06FF0108DED6DE
:1063F00006E612EEDECF1B0BFBF2F220FAFDF7F001
:10640000EC091CD0F7180BE8E0E8F0ECCEE105FB56
:1064100005DEFA14F9E8EFF308F119E4021011EFC0
:10642000EAD4DA0F3A000F0A110E040E16DF0BFA47
:1064300008F100F41606E62C1C292EE8210014FCB5
:106440000DED01C30616F717090304F808E1090961
:106450003B061CE9F40423FD07E70CE1F9260F0DC8
:10646000F20404EB0214FF2107CFF807E6F0F5EF82
:1064700009EAF9E9010DF7FAED07EED40B0316F27C
:1064800000C1DD3C01CA000C11F40410F71DF80333
:10649000EF0D05EFF8F0F4F3EAF322F80FDA07074F
:1064A00009F9FDF3070CFA11FDF8FBE11904FBE70C
:1064B000EB0020040DC40604FB000A0AF50B0909D1
:1064C000F10003EF1CFE0AF3EEF81515F1DC1002E3
:1064D00001000F0604D703EAF60B0BE20F0DE324CD
:1064E000F6D104090E19FFFC02FDFEFCFBEFFBFEDA
:1064F00007F9F709ECF50710F2E812051F2AFBFE71
:10650000FCF3FBDF03FAEF05E701FEEF060E1323B2
:10651000001CFC0D1137050C070901D6FCD0110138
:10652000EBFB04200FFAF30809F408121F030DFE19
:1065300006F50BEA0BD2FDE10903F013F9EE0D416C
:10654000F21B0526F70C030BFCF5F500030AFFDB35
:10655000ECFEF809F4FA16D1F7DDD00FF511E603D9
:1065600007F104E7FF1BFBEAEC01F129180C11FC11
:10657000EBF5F51B150DEBFFEA040DFC0602FDF330
:10658000FB18FD2C06FEFFFB0A0EF7021309000C98
:1065900001F901ED041404EA06F4FD0BF7ED2115F1
:1065A000F2FA031ED1F5030807FAF510020500F709
:1065B00000010408020108E0F7FDEB07D7DBF70351
:1065C0001213FF1FFA0AFD05E702F9E0170601F9A9
:1065D000FD0CFD0004F6ECF8EFFDF614F60B02FFDF
:1065E000F80801FD0AF102F11836EE0A211111FE38
:1065F000FDFBFEFEF9ECF3070A05F103FF030603BA
:10660000053417E43012F6F7FEFE04F7FC0BF80829
:10661000FDFBFBE20C11F906FCF700091BEDF9FE8E
:10662000F9E903F2F41DF7FE0DFCF9020DFA1B0166
:1066300004110F1503DC0B0B00FDFD010AFDF7EF44
:10664000F1F4F9F50808F30E0906020CF607FA0C46
:106650000B00FA1BFFFCF9E8F7F8F6FEFAFEE92258
:10666000FCECF318F9F7FFF708FBFAEA021503FA56
:10667000EB07F2FBFEF90AEDFDDEFD1BF707EF026B
:10668000FCFD02FA0512FB00ED0400FB09010414F5
:10669000F1D5EE1C16E5040604F2FA07FFE000EC63
:1066A000FB0502F8101314F303FBFFE6FC0F1501C2
:1066B00000FB071101DBFAE70702F3DEF905163CE0
:1066C000FA12DF08EBF3F703FEF4FBFE0DFEECED30
:1066D000E209FE02100608CAF8E0C50323FEEF092E
:1066E00009E80CF2F601FDF2F2FCF7021408F1F4ED
:1066F000F9E1E9060CFFFDFB07F5FDE9FEF609DF10
:10670000F8FAFD0904F10709E0F6F60B1E00FD0793
:106710000804F8F9F719FA0E060EF7F0EF020A1B53
:10672000FDF7EC0DFFE506FC0EF50512FD0005F783
:10673000FB00FEF5070600EC0200E2FFF202EAFCB5
:1067400004FDFA18020CFD0DEEFFFA05050AF5012D
:1067500028100AE80A10FEFFFC07FDF6EE150305F7
:10676000E2FC00F112FCE2022B04350F100907F7DE
:106770000200FFFFFA0708231816EC09FCFFEE04DD
:1067800009FF48F3EE1103FEFB06FE1B0211FDFBA1
:106790000C0304111007F7160C26F3F6ED0412F59E
:1067A000010806FA05E505040102FE000811FA0ECB
:1067B000071832EEFC150506F9FE0101021EFC0663
:1067C000F710FDF208F91CF10BEE00EE1020FA05AF
:1067D000FD000A0A0723030BF403F4F011042CEB69
:1067E000F0FDEEF4F5E3F60A0916F813031110FABA
:1067F0001BFD09070F08F6FA0438F7F4F62906FE20
:1068000000FEFD0901E6FFE61208070FFC100FFD70
:1068100003180AE4FA04060203FC0202000EF9F867
:10682000FEFBFAF808F90AFA0822FB0EFC24FA0229
:1068300002060615090DFFF1FAFEF2070201FACE73
:10684000E80A0205EFE407010205FE2A06FE0CF441
:106850000AFD151BFDFFFFEEFF29E5EDEFF4000833
:1068600002FA060103FD00F801FB101D11160809CC
:106870000013EA05E10BFD09FD06F9E80BEB020B3D
:10688000090005F712F002071D190003FF05FB08B8
:10689000FFFD0519FA03FE141DFBFF0603F6FDF3C9
:1068A000102111D9E5F40E0B0AFEFB10020A10EAC2
:1068B0000FFC07FDF0F814F1ECF8D3F8DFEF070157
:1068C000F5F6FE100DED04F30801F711FB1401E1DC
:1068D000F8FAB420E7F9FAFBFC02F90102DC1AE24B
:1068E0001AFEFE01F6050A0DF6DFFEF4FFFDEF01CC
:1068F0000109F9FAEE02FDF20AF50F0DFF0F07FC90
:1069000004F6FEEBE8E301F1FFFEF9FAF72BFA06D5
:10691000EDF509F6FEF7FEFAEEC619F7D4E7F8F53D
:10692000F7FFF800F0FCFFDE2006080EFDF3FAEAA0
:10693000E7D3E4F8DBEAF8FAF50AFE1EF7D8050D0E
:10694000F1001303FAFAFDF9F023ECFC00D7E4F2AE
:10695000FDFCFD0706DBF8F8EDF503EF190D0BE381
:10696000FCECF3D115EDFE0006FF13EC07E7F60F84
:1069700007FB03FBF001F604F2F923100ABE16F739
:1069800005F6F2D8EDE7FCFDFDF9F9F1F9F9F8109B
:1069900008EF19131EDF13FFF8FA0BDCFFDD1903F4
:1069A000EEF700F0FCF919E6FDBD141010DB0E0344
:1069B000F602010606FCFAFB03F50DFF09F608F3E3
:1069C000F2E70F1D04290A07FD0000E0050DF90F8D
:1069D000F40001FDDC02FB1C07C6E8FA2816F800EB
:1069E0000301F8C8080AFBFFFEFDFC080CE3F917D9
:1069F000EBF7F618290AFEF5FE01F9C6141204EFAA
:106A0000F702ECFEFE010F19FD040A114F18FBF40A
:106A10000DF70AF0FE370705090302F1ECFD0DFE44
:106A2000DADF0513DCFA010402FE030EFD19F1148E
:106A30000209F21BE8FC19CDF5EEDA0712E6E507CC
:106A40000302FFF900F1FCEAF801F8FD0803EAEFA0
:106A5000021BFD0528FB00F0F6050907FA06F7E022
:106A60000204FEF613EAF31AFF2607DF33192AF4AD
:106A7000F10D0900FD03F4FB071EEA12FA00D82706
:106A8000F22A13C30CFCF5F7030A07FFF61CFCF20D
:106A9000F7FEFEFF0AFF0707F0090201ED0F0908E4
:106AA000060800FD001E02FB01F2FEF2FC03F7FEE9
:106AB000EA0AEA001E030108FC0BFAF5F8F308F8ED
:106AC00009F9F60701F8E2EAEF0BE10605FB050913
:106AD000FD04F31000E2FFFBFC07F7FD0302F819C9
:106AE0000004F8FE101BFD07FAF9F4FDFA0906FE92
:106AF000FCF4F8040F03FBF8FA09E7F70018FC0CA4
:106B0000FCF9F4ECFF0710F813FA080A08FEFAFA89
:106B1000F6F4EA060CFF0402040603F704F806067E
:106B20000805FE0DEC0DFAF001F605EF01100CEF73
:106B300001FFFF10010BFA0C0D0E02FAF302011710
:106B4000050EF4FE02F6F9FC01FC05FDF82603EB48
:106B5000FD01FCFCFC0A1AE5FBF9A9031817F60E67
:106B600003FFFCF6060A0704FA1605E90D0DFDEC15
:106B7000F8F1EFFE0819F4000106FD0C0007070408
:106B8000FC0501F1F4F9F5140D05180A05F90C02DC
:106B9000FA05FA00FB06030B090007000C1703FBBC
:106BA000EDF60AF808F508080000010DFC1303EBE8
:106BB000F105FDEB1B0B12D3FF0DCDF733E809F9FF
:106BC000F709FCF9FEE00C0C0AFDF8F80005F3E605
:106BD00003FC1AE0100012F400050ADA00F10310B9
:106BE000FBFBFC040102E90D1DF12CD2040312048D
:106BF0000502FFEE01F304FFFBFF03F2FA070211A7
:106C000004F3231619F5FD07FC0510F40917FA0320
:106C1000FDFEFFEE0C09F00BFCEBE90BFCECFBFDC1
:106C2000F9F4FBD20923F2E7E0F308EB0501190BB5
:106C3000F6EBEC271DDF03FD0DFB0BEDFC15FEE86D
:106C4000FBFBF9FFFC11F202E811F017FB00010A4F
:106C50000DFA0618FB02FAE5080101F50602E71D28
:106C60000100F60EFBD301F9F9FD01E6F91EFEF372
:106C7000E402FDF3100107F504DCD3131822E6014A
:106C8000F7F201D5002BE9F4EDF9EFFF15FD08FF50
:106C9000F9CEF91B161B0A0008010B01F5EA04F2F4
:106CA000F600F204F70401E9E6090B07F6FA2308F7
:106CB0000108FF2608E3F8ED06F301F1020FF712D1
:106CC000F82AE2E600E7090B05F70008F00CEDDE14
:106CD000ECF4FCE3270A0FDE02FABC0EFE02F90414
:106CE00002F4F6FC08F104EF030DFDF1FFFA02EFE8
:106CF00002E1FE091B050A07FF0A06E4F90303FC8B
:106D00000C0A01FFEE03070CE1110EF1070B06FD63
:106D1000020202FFF811F7FF08FC040BFD03110744
:106D200008E1D3E9F6EF08030D00072101E9F501B9
:106D300001FA02EA110DFCE30609FF07DFF4F6058C
:106D4000F7040D0107F8FC200F01FBFBFEFBFDFD26
:106D500010050AF2130AFEF5F909FFE0F70B02F835
:106D6000F811FCF8FCFF02FB06FD12F311FF04FF13
:106D70000DFAFDEA031CFA00F70002F5FC02F9FD2A
:106D800008EA0C07EE07FD0005FCFFEE00170209FC
:106D9000F8FA0AFDF7040114F1EB0410F635F6FBDE
:106DA000FB090CF7FFF40318030C090CE6EED30AF9
:106DB000EEF71B060C4AF4F60409FD0A04ED13FD78
:106DC000140C0924E4EED5FEF93011EAE9E80A06CC
:106DD000F4FB0720FFD80CED0BF50A19EDF4090AB6
:106DE0002016CDEFF903FAF3FB02FFEEFE0401EBF0
:106DF000F910F918FCF81305F2F6E605EF16EF02A4
:106E00000110FEF000FA0EDC10FE0514FC08E0088C
:106E1000E0101A011AD709010409F415FE0C030643
:106E2000FF0A09FFF91115FAFBE31CF5FCEE0F014F
:106E300000FC010F010CFF0B09F70CE101012EE72B
:106E400021D9EB01FEFCF811FDFF02FE07F9F1FD6F
:106E5000100200FAFEFA04F2FC05E70E0807F6F34A
:106E6000F001FCF906FFFF17F807FFFCFA02F2FC3D
:106E700016E315FAF9EE13FD03F501E8F71FE6F93D
:106E8000E60902FDFDFDEDFCF2DBF60114FF000654
:106E9000070200FD061B02F5E80AFBF5140F1FF6BA
:106EA000DDD3EF20E0F5FF090A05F705F713FD082C
:106EB000FC0406FFFEFE03E501FA01F8DE01F9F12C
:106EC000F00101E6F9F40600F106FF02FAF5FE0012
:106ED0000E0E07EF0606EB08F603FEF0F90DF60AB4
:106EE000F0FCFC0115F8E1FEFDF6120C080CFFFCAD
:106EF000FCFA0902FDF906F8F903F9F103FFF7FAC4
:106F0000FBEA051613EBE915000406FBFBE4021986
:106F10000A0E010AF402FBE40A042BFE1530F50701
:106F200004F6FBF318FB001D31020814ECE6E9F54A
:106F30000EFAF6FB20091902FE01F8FD010000031C
:106F400012EBFFFFEAF0DB06FE100BEEFD03F9FE8D
:106F500008FE02F6FCEEF51CF3FEFFFCF4F9F90066
:106F6000E9032EFCFB05F702F9ECEE0EFC11F5FA35
:106F7000F50B01FFE9EB01CBF6CF080D150DE4F899
:106F80000213FD15FC14F30FF0EE080F00F916E3E1
:106F9000CFDAD21D0731F8FB0303FF02F91AEF071E
:106FA000FC1101010212EAF7FE06EE02F111FFF6F2
:106FB0000CF209EEFDFC0C18E8FB0611EAF114F9DD
:106FC0001FFB13F9F3DC03F50605FDE207DA0610F3
:106FD000EE1209FAF1F206F8FCE81AFD0EF000FCD8
:106FE000FF0E01FF0015FD15E5F3F9F7F1FAD1D118
:106FF0000A1914E900EC13060C0CFE2B0BE3F4FB4E
:1070000007F8F711FDFD05E5FA19010CCFE71C02A1
:1070100005F6F8F80CE1F7E30702FD1401F6F706B0
:10702000F502E7F8440EDD02F1060EC209D90D03A0
:1070300016FD040602E5F53FFFF753FE341F0B0172
:10704000090601EDF3E4FFE61EFE17FBE7E9EA3F60
:10705000F0232EF417141DEF0BF305CE071B0011C0
:10706000FDFD1F05F701F5FC17F9EB0EDDECFD0941
:10707000FFF408FD0D15F31904F90AE8FEF916F3FB
:1070800005CFCE053F030CF6F5FA07ECF9C81AFE5A
:1070900009FA09F10C02F11D22103FE917F80C065C
:1070A00005060C1AFBE7FF05E7EE06E6FEF5E9210B
:1070B000FFF221EAF9D60107030303F701FFEC0110
:1070C000F802FCF105FAF5FF0EBFECFCFDD7F7EB7B
:1070D0001304FC00FD06060AF0F7FD01F7F01003AB
:1070E000220BE110F5110507FBE9F80D09EAF02480
:1070F000FD010209FAEF0EF1FFD1FA01144AEF0780
:1071000000060AFFF22C0123FF030C0FFAFFFE001A
:10711000F30DE308EC48EEECFB06F71B07080FF64F
:10712000200BFB0C13FBEDF0F32B100EF22001F201
:10713000FB14FDE9F6E7F719FE0EF11302EEDD038D
:10714000CC0B35F9FF06F0F1FD03F9E601E8FD157A
:10715000F402F20EFEECE53F12FD2F1C23ED01F9C7
:10716000F1FD030D02CEFBF3FDF00EF9F8FAF81E67
:10717000F5EA06F4E9D805FEF5170B0BFFCA03F490
:1071800014E40E02EAEA02EC071925EFC2F5F8133F
:10719000030311F30FFA000103FC0603F1FD0912CA
:1071A0001203E6DD0603FCEBFF05FDFB04F10FF720
:1071B000F9F50F19E9EDF122EFC7160619FBFB03EC
:1071C000F8FCF7F1FE000FFA1D0B0714F6F9D30CCB
:1071D0001FEAE60006FCF8FAFC00EFED0729FE13B3
:1071E000EE01011AE8070425FAF5EFFC16DB0301AE
:1071F00007E001E4F909FDF8F6FC03F8E6F8F5F11B
:10720000EFC6E1F80EF905F706FAEFE3071CF3E71E
:10721000DF0EFEE7F800FF11E9E40D03F010FC02B9
:107220000707000605E90D04F90410FAF0FE0A1A32
:10723000FCF0DFFCC8CF0A11FC02FF2406E60606BC
:10724000F6F10DF8EC0F12FD130807EED1D1E605AB
:10725000FDF9F832010AF9E7FEE9FDFEFF0B21F125
:1072600027E4AEDE0C1D0609FE08F1D30205F1E4A9
:107270000206FCF6FFFEF90DF8F5F7121DE709FB13
:10728000F401F8F2030C04EE03F7F606FCFEDEEA66
:10729000FF0E09EF04B22505FD02FFF207F512F516
:1072A000F0FBFED8F20C26F109CA07FBFEBA010179
:1072B00012E90223031FFF01F6F8FEDB1C1625EC82
:1072C00019E4DAF4F2100201F60E0200000F0A07C8
:1072D00000FAFD05F1010717F3FAF5F8270DFF0B8A
:1072E000FF08FFDAFBFDF606030AFB1005F7DBF0EB
:1072F000101134EA180125FE09F0F9F202190C0DFB
:10730000F3F9F9E8F50102ECF104FD012403F9F8C1
:1073100003DFF6FCFC17F611E6F1F4D808FA0CD5F9
:10732000FCDEF4F619F8F608030C081EFF0DF21245
:10733000F2FA08FD000800EB10110909E70B040B35
:10734000FD09FFE501EE0011E80EF8FE09F8DB2368
:10735000200F30ED0F260BFC0808FAEB0D1D07EE91
:10736000F6F900FEF7FAF80A0426E1F6070FF1072E
:107370000B0D021DFDF20A111105FA060E06E80DAD
:10738000FC1CF5D82315FFFFF9FD0ADAFC23F50AEA
:10739000EF0AFFE7E9F0FB13DCD9D61E4956E4F10A
:1073A000FF0801EBFE0CFC160518FCFDDBF9CFF81D
:1073B000E7FBEB053E1B0501F60906F5FE06061286
:1073C00013F51417F4F9D110EFF0E2F8F6C908EA52
:1073D000FB0107F9FEDF00FBF6ECF0F7EEEDDB1B3F
:1073E00010F7EEF3EBDEFF0BFFFAFFFCF7F003EC18
:1073F0001C06F6FFF5F1E9D2DE0FE201F5C7E0F772
:10740000F71500EF09F409100F020001FE04D3E89C
:10741000D3102EEE06F00205F4FFFB19F30D002148
:10742000F4080C04F7F500D61DE00FE3F8D6FA0EC9
:1074300007020114FCE5FDE1FFE511DDFFF22EF589
:1074400026D7D90AECE9FAFFF60A0800FBD60BF9B1
:10745000060002EB1AF1F3E608230AE7EFF0FAF967
:10746000FCFFFEE005EBFD01F50D0FE3EF0AE5F48F
:107470001AD536CDE40A11FC02F70329FD0DF704F5
:10748000E1FDF0F7F1F8F0F2F5E4F5E706F9FE01B9
:10749000FFEBF400F700EFD2DDF9F5E4170F1CE184
:1074A000FFD5F94202EDF1FC04F0FBFCF6031912E2
:1074B000230902FF1105F8FFF6EB32FC0603ED0489
:1074C000080001F8F6F202F309EC05F9EFFBE427F6
:1074D000EB0A25E505F41602FAFB0AEBFA08FBF7BE
:1074E000F3FFF6060D1217E7F1EFC90D0109F1F5EB
:1074F000FBE70E3D02F2FEE602FFFEE815EE19E99B
:10750000E803E008F8E3FFF9FAF4FB1401F4F9F7F3
:107510000F1302070002FCE20A0203E5000405075C
:10752000000C040C02FC0B11F7F403EEFA0304ED5B
:10753000FFF2FCFA2CECFDFE020301D1FC0C02F878
:10754000FAEFFDFA07F9EFE0DFCBFC0D110F22ECAB
:10755000030404D806170410FB0DF706FBE7EC073D
:10756000F4FC1305DE010EF6040907130CEAF6100D
:10757000EF0511EEFBF506FD11F317F90504EAFC22
:10758000F902030EF815F512050605FE0DEF15EAD2
:1075900011EEE3040030F2FAFE0B05F40B28FA11A9
:1075A0000A0EF025F405C6FAEB2AF51D1D350B145D
:1075B000FC15FDE303F603280F09F23EE8F5BD0FC5
:1075C000E31F20E314F60300FF02FEEC09E304FCD2
:1075D00001EFF8F3060B1C2A121303F0F0050C065A
:1075E0000F130B10F201F8F60903F8E7F7FC10236C
:1075F000F7FCF5F7EB0DEB0AFE0F04180BCE10F5B8
:1076000033FF0313E702F1F50627FA00DFF5030F56
:107610000504F1F8FDEE0B00FBF00719EF12070669
:10762000240BC0DF1B1FFFF003FCF60906ECFBE791
:1076300001F10D060501E910F7FBFC013B040E0802
:10764000F2120502090500171FF405E9FFEAD60B3F
:10765000FFFD00F00EED0FF4090BFDE902240041DF
:10766000F00111F5DF090D122DD91BD416E209FA2C
:10767000FAF0F9F9F61BFEFDEDF8FCD9F30402F877
:1076800010BCE61AFBDF12FEF30406F3FFF1F9F07B
:10769000F003F8E80AFB1104F501D61705F9020416
:1076A000FC03FEFA072403F8020101E9080400FDC7
:1076B000F8F4FF01FD0DFD01011504F80F15FC089C
:1076C00007FEF6EF090BF2EEF2F6F9FA18D91A02F4
:1076D00004F9F0F7000D0501FD08FE10F0ED03E9D7
:1076E000F9FD0C14EA111C0303FDF90E060A0BEC5C
:1076F000060EEB0606F7FFFF08FFE30EF521F6FF87
:10770000FCFDF90CFFF006F91308F2060B0905FA67
:10771000FAF9EEEF05040101FD03F8EBEEFD07F5C4
:10772000FA0A02010A1600F50EFFFDFAF803FE0B35
:10773000FE05F2F3EB16EBFF0F0207F701FC0FFA61
:10774000F2FC060D00F212FA01F108F801FF05F64D
:107750000B040C00FCFA21FEFA02F309F7FCF1FC21
:1077600011050E13FD0202FCF902F4F8F001FFF41A
:10777000F9F4E8F1D8FCF010FC0202090705020C4C
:10778000F4FAF6EC0307FD0007FFEB02F7ECFC0E42
:107790000700FF10FEFF0B05FA07F1FBFBFC0503DA
:1077A000FC09EA14DF170DFBFD0305EAF0F306F010
:1077B000EB0800F0F4F7FFEFFBF9EE04E701020538
:1077C000FBFC080BFD0A0EF0F3F205E30208FFE3F1
:1077D000F20CE601F4050100F005080B0ADC0003D9
:1077E000F1FBFEF1061906FA1303FA07F2FD040491
:1077F000000701FA01ED09FFFAFA0EFDFD1118F973
:1078000016F5ECFBD808FBFC0AFCFBFA022BFE0089
:107810000705FB09E80724F1DFEEE910F321FF0E6D
:1078200001FEFB06FB0502F30312F607FC0323E946
:10783000D7F3DE101D200A06010B070309E90EE647
:10784000FD0D070AF311100311DAEEE7E8C7100582
:10785000FFFBFB07F3010DF302000303FC14050912
:1078600001ECE6CC0ACB03F80A07F1FDF7FFFFF6BF
:10787000000905F809050723EE24E708DCCB00EB37
:10788000FF0E040402E80C0121F5FEF8F1F2D3F238
:10789000143019F6FE060D06030503FAFDF9050A74
:1078A000FE0206E4E40C18F011E2E4EF1622F306FF
:1078B000F302FCF2F51BFE0FFB0607E52AFC38EC91
:1078C0002BDE02F20316F1080708FAFBF422180B6C
:1078D00015F903F4F3FDF70FEDF6E8FD1CFF04FBCB
:1078E000040B00DC05190A0AFB06FBF6F7FE0D097E
:1078F000170603031BF4F705F5F9FFFE031AF70E4D
:10790000D6F603F9EAFEEEF90906F2EB23F5F100EB
:10791000FD03FE08F8F40FF7EB06F4EA1FF706BCC8
:10792000EE13363109FAFB03F903020BFC2C051A9E
:107930000302FF050B1702E70300E80B01F10B0E32
:10794000FD030AF609120A08F9FFF9F0F7000FE93A
:10795000E60A1BF302F007060CFD05FC03D1F8FE56
:10796000FD05FDF517090CEB072DF2F217141406AF
:10797000FA01FC3E0BE602051811060DFDF5FC1D93
:10798000014B16DAE2D8FAFCFFF6F7FE030201F625
:10799000F8F504E3FCFC0CF5E9FF0001FBF8F20646
:1079A000F4F8FE1504F8F70D02F7F9E0220305E9F3
:1079B000FF05050E00C7EB0E04FBFFFAFF0B01F1FC
:1079C000E60101DC1B1306030ED9F91B07DC0B01D2
:1079D00005F3FEF006F6FAF8F103FEE91301F00DE7
:1079E000E9E60815FA030FF0F1F906F002EDFBF6EF
:1079F000F6F5FDF9EE040DD900E3110AFB0505FBD0
:107A00000CFC0AF9FF19F4EDF104FEF7FBFE12FD80
:107A1000EFD5F31E0D4C020500F702E10B04F70B46
:107A200001F9FCFA14FDEBF707EBE8041318F9FF72
:107A30000EF1FEDDFEF0F5E6FC07F6FCF6F1113383
:107A4000F20DE628F50600F903F104F903FCEDFC5C
:107A5000F7FCF5FBF6F611FCFBE6E10BEF12FE037B
:107A6000FEFBFB07083100FCEA04FB02F80F1E0BCB
:107A700009E8E0FE0E00F302EEFEFDF103E8EF057B
:107A8000F70CF00F05FF04F0F9F3100211FE13F6E6
:107A9000F0F500FFE81104FB0509FB0BF2F50D0EF4
:107AA000F9ED1BFEFBFCFC0BFE02FBE9FD0BF500F8
:107AB000FCF9FF04FA0408F108FAEEFBF7F30106FB
:107AC000FBFA081A0217F811E708F7F812FD0AFE88
:107AD000050810FAFC11EEF6FC0D050EF4F8F6148C
:107AE000F704F9F60CF703F5072B3421100F02FF0A
:107AF0000109F4F3FCF3F3FAFE04F8FBFB0BF807BF
:107B0000100D24E916FEFE0203F400F105E107F56D
:107B10000303F7F903FCFF0004F1DF0AEEE40E01B2
:107B200011F5F80B020EFCE8FD03061204FE0B0C27
:107B3000F6FCC50DEAFC0403070C0F0C000CF7F76C
:107B40000604F805FB0CF63003FFF10D073FEA05CC
:107B5000F9FF0807FAFCFB140504F21BFFFCFE0EFC
:107B6000F81826F80320080C030401EDFBFD1BFEAA
:107B70000808FCF80907060FFAE8E6060B1811FBDF
:107B800003F5FDF3081A02EAF707F1F2F9060F1EF2
:107B9000EFEEDE0701EF01FB0CFE040707FE050612
:107BA00002F2F3FD0C1B11E7F00524F6EDF7F6FDEC
:107BB00001F9FD1EF7060601FAF80117F80E0D0C83
:107BC000E9FC151009040CFA03FA03EC03F7FF01B2
:107BD000FC06FAFE051610ED00E7DD180BF50B02AA
:107BE000F5010E0507190B06F4FD07FAF412F3F47C
:107BF000F8E6F10405ECF80302F502E7F7080CEAF1
:107C0000F90405F001FEFDEB0DDA1909F7ECFEF8B9
:107C10000A0E04FC0317EF04F0FD06F6FC0911F54B
:107C2000F5EAE91CFC020DF7E8080113FCFEF90176
:107C3000EB01F912171416F5050FF7FE1200FE04FA
:107C400006FAFE03F1090206FFFFF7EC0B0107FA43
:107C50002FF016F5FD090AF9FEFC0FEB001401F8F0
:107C6000FDFFF5DF0807F7FC3CD3200BF4EDF7FD33
:107C70000AF908F9FAF9EEF2FBF8FDE7F2F116F469
:107C8000FCE0EC1DD7DB01FB09F1F50CFE0A05F564
:107C9000FE0DF209F50A14F2F506C7F8FF09FC0F0C
:107CA000F90AFCF704F90EEFFE0BFD000205FE11C8
:107CB0000407EB011C4003F8030D02CC021A09F67D
:107CC000F50802FB0A00E6FECFFB0F0C0F1707FCBE
:107CD000060E06F0FF00071E0CFDFE08FFF0D5E0C3
:107CE000D81055EFFDCC020405FC0318F7F70A0580
:107CF000FBF303F1F8FD0104FE20EFF3F413FAF8AF
:107D00000207F60001F612FF1F0203F50009F51144
:107D1000060CEAEFFE110200F510FFEBFFED080D77
:107D200017FFF232F3FBF11A03060CE50C3106F5EE
:107D3000001003EEFAF8F80A14060C36F004E1EC31
:107D4000E60738FC03FDFBEF0D020705EF0DFCEE27
:107D500005F70601F5FF15F902F5F9F8D609F70060
:107D6000F306F9F906050510F20B03F1FA06E5ED45
:107D7000F4FAD5E8EC0FECFFF703080DF7EF0B0D65
:107D800016030CFB03010504060600030EE8FF05BD
:107D900003FB030C03D808F4FBFD04F600FAFB0810
:107DA0000A02F3E81A0AFF01FAF4FC0D0207FEF3D7
:107DB0000FFD03F8FAF5FFF3FA0DE5F72BE8FB04E6
:107DC000FD1A080AFDFA100305F801E60D03DBEDC4
:107DD000F7FBFDF40AFB0EF3FE00FCEC06F8080BC3
:107DE000FFFF0505EB0104FA38E8ECF009F6F9FFAE
:107DF0000AFE0AF6FBF202F9F4F112FB01FE24007E
:107E000012F7D1FF0DF0FF03070D020CFEFFF3F692
:107E1000F3FE0B08EEFA04E8FFF107F901DE0D03AB
:107E20000007051701F2F9F2FFEDF8FA0A00F4FD78
:107E300007F3F3EDC6D2FB0BFDFC07F5FFEEF8F6FA
:107E400001F6FAE90AFA2711FEE304F5FFFC06F948
:107E50000600FB00021F0C18F70BF7FD0AFA09F7E2
:107E6000F3FC02FB0D0A090512FA09FEFC04FEF7F9
:107E7000F40207F1F80410210605F20207171503B2
:107E8000FFFEF709FEF9F80F06FB03F906FAE40E08
:107E90001F08F4ECF5F8020502FF03F7F8F8FB09F8
:107EA0000EEC00F6F9EA031AF905F6EF0DFFF1FF03
:107EB0000604FDECFA0703ECF20202180505F9F0DE
:107EC000E8F335F80B0905FC0802F9030101030783
:107ED000FBFB000B000D01020C000DF60E08FA0E64
:107EE000FD0F060BF6EF000610F5FB0B01EBEAE7C2
:107EF00007271402F70108FD1006F5F007F3FBFC55
:107F0000F201F60105F8EBEBF4140401E50800FBBF
:107F1000FD0601F1FBE4020F00F2FCF6F606F7FAAB
:107F2000051C01ED0906F90D0910041106ECF6FF18
:107F30000DF9FF0EF9EF020BFDFE30F700160003FE
:107F4000FE0402FAFA0C08FB150108FF09FFF6000F
:107F50000DE61C0DF5030A03FDF906E3FB0AF30722
:107F600009F70617F4EF0AF2FEFEE811FF10F40419
:107F7000FFFF05F4F8F4F8FA00F6F30EF004FCF550
:107F8000D714FD02170B170A0B0202F1F7F7FFEBEC
:107F9000F5F7FDFA2410012207F60E00D7FB13F6C1
:107FA00003FBFA15FD0D0017FBFFFFFA0601FC1499
:107FB000F806FFE6E6BD0E02EEFC011506FE010026
:107FC000E2F203041B131BFB16DC0301F3E3F405CD
:107FD00005FC050D020800F3050D0209070722E85C
:107FE000E2FBF3EE2942010407FEFF04F8F2FA1F58
:107FF000040EF21600040B1109120EFA22F518FFF6
:1080000010FEF612FDF1FB00EBF50408F5FB1E1562
:10801000FB0C0FF2EB260FFC01FFFAE5FC0205F268
:10802000E80108FF0D000A1013DE09FE101800F623
:10803000F9FC01F20A1508100802021E0400E10A08
:10804000E306040F0119FD0DFFF7FBFAF703E9E161
:10805000FD070510F4F7152407DC03161416FEF6C9
:1080600008FAFCF6FC33F90401F8FC08F603F0FF0B
:1080700000F6DF1B1EF7F4FF09F9F8F3FF01FE0419
:10808000F600F2010800F4FCFEFCF7150FF60205FD
:10809000F80B11FB0307F301000B020101F302F2DD
:1080A000F90E34E7E906FD05FF0605FBFF32F60190
:1080B000F606FE02F30B2FECF202D004F4E3F20218
:1080C00002FFFAFF08F405F2E8FDF7EA050BEAE81B
:1080D000F7E5F7FEF70204F60A1A05F804E4FE04D1
:1080E000100300F3F1F40105052206F51B0901FD5B
:1080F000011007F6F70202F20F06091CF9FB010D49
:108100000B3727F713FA03FC03FD060201F90512EA
:1081100008FF09FDF7000BEE00E81E01E3FAE7088F
:10812000F2EBF81DFC1BF5F70811FB06FF00DA1651
:10813000031C2AEEC7E0F2F5F600F007FCCEFEF8CD
:1081400005030E030C0FDD0C1514F5F5E9BADDFD82
:10815000040A011E0BEE05EBE4F4FCF70001D8FA6B
:10816000ED0AEE06040DFFF0FC0904D5031404200B
:10817000F000EEE6F3F2F9F8FDB527122DFE00034C
:10818000ECF109180AF3FC05F202F2F212F7E1121F
:10819000FBF30A1B11ED1BF00FF7F40501D6FEE40B
:1081A0001AFAF7F4FEFDF1E5F6E927DEDDA311F991
:1081B000FCF9F61B0DD00008FF020C060405141C88
:1081C000F2FF18D607FD1004010006C204BEF3F149
:1081D000E80A0A0B0400E619FFEE05EFE616180B95
:1081E000020405FA02E70B1D0BEE0D1FE6E7F01186
:1081F000F8FF01FD14F718F4FF0F02ED0CE6F7E2AB
:10820000F3140610161B0608F811E8FFF2FB02F53E
:10821000FB00FBF4F914FE02050B00DCE6F90D236C
:10822000F3F8FD08FE14F2E8F70900080BDEFE1E65
:108230000409F814FE01D72B221B05EE0124F3FBE1
:1082400007F301E0F507F80CF50C09150109F936FB
:108250003DF426FCFD0D09F5FC0EFFEFF3FF060AC9
:10826000FF050AF70BECEB0F4C3323F5012403FD5C
:10827000FC01FCFFFF08041E0C04F4FAFAF40517D5
:10828000323A1BCCDBFCFE02FC09FAEEFD1F090CA6
:10829000F7070303F5081A0800F4FE12042EF6FF90
:1082A000F60F0B00FB08FDF9F4110D1CE7FEECF2D4
:1082B000EFFCF6FA1709FBFDF11308F002F90B06C3
:1082C0000703F907F100F908FA09FDF7F3E80B0BCA
:1082D0000102021405F0FBF700FC0603F601F1169B
:1082E000F30CF9F4EBD102FF07FE090803FEFCF5DD
:1082F0000509060807FCFEE8EE0CF2040AB0020BC2
:10830000FB0AFF0A01EB07E718FDFF040FFCE5EA93
:10831000EC2AFFED0EE41106060AFB0500160B1110
:10832000FC030AFAEB08030314E3FAF30C1DFDFE49
:1083300001F4FA0F0709FE0D05F509FF0205090012
:1083400024EBFDE70AFDF8010305F71004E0031430
:1083500022050CE70BF7E807062CFAFFE10B0405F2
:10836000F8050707FB03020F2100FB02F702FDEFF0
:10837000131C01EEEA13FD06F9F7FB000017F813D2
:10838000F6F70200EC02F9F312EA09F708F9F9F638
:10839000F401FF06F6FB0C00F8F2FC08060000DA18
:1083A000FBE90127F30FFCFD01F807F4041E0DEEB5
:1083B00003F913F9F10CEB05F8EAFEF5D8FD0AEF25
:1083C000FDF503E6FB0702F904FE0F0BEB0A14FDB3
:1083D000E3F1E500EC02F010F807FD1AFFFDFF01E4
:1083E00001FB0302040300EDE2D6F1F6E0F8E6FD3E
:1083F00002FB0B110208FBEDFC04FBF20C020EEA7F
:10840000CD01FA1912FAFFFE00FE02FE00FCFE0288
:10841000FEFAFFFA04FE0303FDFF02FFFDFDFB046D
:10842000FE0102FB00FFFF020100FE0604FF02FB4B
:10843000FAFFFE04F4FE01FC02030502FFF7FC0153
:1084400005FF02050103FF00FE01FE00FAFF03FF26
:1084500001040002FD0000FD0408FA0200FCF8031C
:10846000FCFDFFFBF9F3040204FBFEFE0001FE012C
:10847000FF0401040301FCFEFFFE010108F4F4FF08
:10848000FDFCFE00FDFE010001FEFE02FFFEFCFE03
:1084900001FBFEFC03FAFE04FFF7FFFFFEFCFE03F8
:1084A00001030302FEFEFC00FCFF04FF0007FF04C3
:1084B000FC0401F900FD0103FA0202FF04F902FDC8
:1084C00002FCFE000800FBFFFF0006FCFFFCFD01B4
:1084D00000FB01FAFD01FC03FFFFFA01F0FDFD00C6
:1084E00004FFFCFDFDFD03FAFD03F7FC00030300A0
:1084F00000020400F600000001FDFCFD040302FF81
:1085000001FCFC05FD00FF00FBF8FCFE0403040376
:10851000F902FF02FD020306FE010306F700FEFF5B
:10852000FAFB03FBF809FC00FF02FF0101FFF9FE63
:10853000020200FAFAFDFE0303FEFB000300020242
:10854000FBFD0105040300FF000106FF00FD05FE21
:1085500000FF0301F804FFFAFE04FCFE00FD000129
:10856000FEFC0203FBFCFF05FE04FFFA03FEFBFC1E
:1085700005000300FC00F701020302FAFE0000FF01
:10858000FEFFFAFFCD02F5FFFC080C14FCF211FD12
:108590001504F315F408F6E90E1A0DE7E8E4EF0BFD
:1085A0000802080401F1FA111EFF1011F906F21772
:1085B000FB262BFE1D350C11F906FA0AF1EF01E737
:1085C00003E4FDF903FEF4FC0426FCED0003FDFAD0
:1085D00007000AFB080AEEEDFBFB00EF0D100E0B87
:1085E0000AF6E5FD06B90DEBF2F6000303050001FE
:1085F000EFFB1DFAF20B1C09FCFA17F6F8F20DFA64
:1086000004F404FA09FFFEFEF8000811000C12122F
:1086100007D5E201EFE6FF0508F60113F60EFBDDD4
:1086200006FA1313F6F50F0700EEF926ED0A0D0D05
:10863000F404FCF1FEFD00F1000E040F070CDE1146
:10864000060AFBF40E02F30B07F905F60F11F80505
:10865000F0F5FC060606F803E8EE170515FA17FF15
:1086600000070DEFFEF8F7F105F8FCFF0B090816FF
:10867000F402CC2F0AFF05F6010907E4F1FC11FF13
:10868000080904EA16FDF12AFCFAF00C1B0FFDFDA7
:10869000FDFCF4FFF8FF09FA04FA0B02FBEDEEFE15
:1086A0001F0413F5C40EFEFC0D00EFDD0117FAEDFB
:1086B0000BFC0009F1FB1211F0C9E6F6D807060A17
:1086C0000DF310EA0805FEF10906F527050C1AD688
:1086D000E5E7C41EEFF9DE02F3FA070EF5F500EC4C
:1086E00018F8F00A05F3FA0FCFE4F30E14F4EEF4E1
:1086F00002FDF6F2F2F007EC07F2FB2301FBF0EDCE
:10870000DBF4231200BB0E0AF302FBFCFACB07E0FA
:10871000E50505E505011BF60800F705D9C70AF6CA
:1087200000E7030605EF16D5CF0801EA021B330E5A
:1087300011E2FCE6BABEFA15F900F619F8EAFCF700
:10874000D8000CF1061F16051FD5F9F0F8DBD6FA94
:10875000FDF00E02071506F8FEF905F316150DDA01
:1087600014D9E3F402F409090EF5F8FA01020DF741
:10877000FBFDFCF9FCF81A3F11000102FEF20DF2BC
:10878000FAFE01F007EA05F6F7F4FCF713FCF8200F
:108790004416F6F5F0CB0704F8F7F9EE01F006CE33
:1087A000F7ECF8E6F8F0110A01F1DEF2F1CEFFFC89
:1087B000F1FA00F6FD05FEF6E8FE07F001F7FCD53C
:1087C0000D01DCED1802FB0D100BF80C0013FF0F70
:1087D000E80F142AF90BF20308F0EEEF1606EF0B80
:1087E000F21112FDFD000FF72EF6F3190C01E7F25E
:1087F0000D1B0101FD0013F20104F80D12E4090B39
:108800002004F3F5FCFA0E07FB2CF2EBDE18E5FF73
:108810000909080D0E0B03071EFC04ED16F7EEE127
:108820000A3F33D80CF6FEF6F108070612041720AB
:1088300007FF0504EE09FFF60BF62DFE070800FD05
:10884000000317EAFE03F3FD0AEE09F3FF01140724
:10885000EAEE1F0DD8F3F6FBFFFCFE0DFFFE06E36C
:108860000CF50213F3F50BF2D0FAD21404F6FAF574
:108870000715FF1700F9080A15F71221F70302F28E
:10888000E2190C01FD0B04FFFBF903F80B2E0308A2
:10889000F4FF02F5000E0709FFE2E30520F10901EC
:1088A00005FE00E7FF26F801EA04FEFC030E0509B9
:1088B000F8F9F01833FE04000406F6F20003F2EBB8
:1088C0000000F301000902FCFFECE10C04FC0902CA
:1088D000040A061E020601FF130903F40B05041F18
:1088E0000208FE05F223F003FDFF0BF6081604EA6A
:1088F000FEFD04F2050E09E3FDE8BD022728F80A93
:10890000ECF6F5D5001901E90605FEF7120C09E5AC
:10891000F8E3FE050DEC07000007FBF2010509086E
:10892000FB09FCF3ECF0F901FFFFF5FA0D10150C53
:108930000404001F0B07FD0A08FE04EA0D190016C7
:108940001106DBDCF5E602FB0302FF1A050BF7005C
:108950001AFDF2EA1F1BFFC0002DD002F60BF1003A
:108960000AFFFE0C03E90D041501F603FB04FAEF00
:10897000000E04E8160FED01010D06E2FE1F0419BA
:10898000FB0504FAF506F5F5F6FF02FD130D08FEEA
:108990000FF6FC0F0A14FA04FA00F9FBFA0F04F3BD
:1089A00008DAFDF5F2F2120903FE031F00F403FFDB
:1089B000FFFE05D80DFCFDF5021B00F2DF01F2FC05
:1089C00006FD06080DFFFE0406F8F70514FCE7F7A0
:1089D000F9220EDFF20BFF03FF0611FC05F2FEFB8E
:1089E000F8FE030705140502F4F6EAF509070AFB89
:1089F00000F8FE0B0312F60CFCF709F30906F1F27E
:108A000013F6031ED8191CF9FDFE02FDFFF20CEF50
:108A10000505FEFCFBFB11F2F608D0F9ECE70A10A5
:108A200001FC040C000AF3E30EFA02FE100D1AF129
:108A3000F7F8DD04F1D70304F90204DD05F303E7D9
:108A4000F50200EE13F70100F1EC11070631F6FF15
:108A5000FE0C02F10A1D001F1907F61DFE04DFDEE1
:108A6000F61B43070CE90BF90509F2FBFFFB0BFCB6
:108A7000FDFBFB04160101FD0512F300ECFB0700F2
:108A80000703050C01F70B0109060FF20AFB14108E
:108A90000A0CDBFAE711070401070900FFFE090FC2
:108AA00015F5FB0E0408F20D080A07FFF823FD096F
:108AB000FC0C09E90609080D04FD0D22F2FFED0189
:108AC000ECF4330D05070AFDF5FB07F9FF18090063
:108AD00011FD02FBF6FE160D02E10813F20D0CFF6C
:108AE0000BFD0D0BFC1A0002F70D03E6F80500F173
:108AF000F0F3EFF9FFF4F108F9FD0209EDF00304DA
:108B0000F0F707EF180D03F7FFF90318E8F404FB7B
:108B1000FB0BFEFC00DEFDF2FD070AF4F508F00594
:108B200002FCEC060F0902FEF70504FEFE01F80048
:108B3000FFFA0504FFFF06EBF309010223020BFB1A
:108B4000000BFE0000010605040AFEF205FAF1DA48
:108B5000F7F30BFB17FE09FBFD01FA1207FBFB1BEA
:108B600005FD0DF2F5FD00F51BFDF515E8FDF00224
:108B7000FEF903F4F7DE08F90DFC09FA04F710F426
:108B800015E8DA000D26F5F802041405F823F6EAD4
:108B9000FBF9FF16020FF120F5E6F91036F00D058E
:108BA0000202010BF50C15F9FD050A210001DCFCA0
:108BB000F00AF4FBE8DD0A0FF704081A08010EF2C8
:108BC0001F0012FBFBFDFDF40A09DBF3030302099E
:108BD000F30405F1FCE9F8FBF0F804DE110B24EED8
:108BE00016FFDCDC0F040C0C09F900F6F01005F49C
:108BF0000A070CFC120EE007FD26ED02F60511F93E
:108C00000208F8F7F5EF03E90FFE01F3FDEAF2FAC7
:108C1000F213F402EBEE140F03FD06FA10FE0EFE43
:108C200001F4F0E3F40605F1FEF0EA03FFF80803AF
:108C30001006FAF6FD09030F030801040416FAFAF8
:108C4000100701FC0701F109FFF6051BFA110EE7F9
:108C500007F40505F7060CF3F711E0163304EB08EB
:108C6000F609FDF3FA1901E7110CF40704050E23C8
:108C7000EC01E70A030CE70C02F803F1FB1209050B
:108C80001FFAFEF8F4F6F20AF704E4150704FB10E5
:108C9000FD0B010301E00CFA020BFDF7FBF80701E5
:108CA0000008FBDFE6EE0807010E08060316F3EAEC
:108CB000FB11FFF003120ED10AEAC60204DDF0F741
:108CC000FB08F71DEE05000D100303F31007FADF94
:108CD00001F9BDFF31FD090FFA06EA120502010193
:108CE0001C0000F42205F1F6F014E8E91600211C3E
:108CF000030202FDFB1007E70C0EFC07E606E31B70
:108D0000133FEBBBF9C90B0DFAFD01F3FEFBFDF7B9
:108D1000FC0204E5100223E4F9E3C2020CBC0AFCE5
:108D20000EF100F90213FFE6FBFFF8EF050421FF47
:108D3000F5E5CF09010F08F612FBFFEEFB20F40B5F
:108D40000500FBF1170A1B15E0F10F100121F8FDDA
:108D500001FDF2F6FF12FC110602F6F80805E00329
:108D6000C30A360BEAFC09000AFD02F70CF5FFF90D
:108D7000FC0CFFE7F6FA0AEC05F5DE05240607FA17
:108D8000FEFC08110506F6F0001602E319FE14FDBC
:108D90001516EE1A0608F10600FF0503F8F006FFA7
:108DA000F901FAF80904EB02FBF900FC14C5F90B10
:108DB00002FEFAF00CD7FBEEFAFAEE060501090DF9
:108DC000F6FF1608FBEA05050102FB11FDF7FEFEA2
:108DD000030707040A0AF5F7061FF402CBF103079D
:108DE000F401FCFD08E8FC05F90DEEE9EFF11700D0
:108DF0000D1229F2E311F608FEFC0114FAEF03FD4F
:108E0000F7FCFF0D1002F3FF08F1EAEAE3FAF5F9C7
:108E1000FCF9FAEEF4EB05E9FFF8FDEBFF031115A1
:108E200019FCEF320DFC0500FBFE09F7FEF30916F5
:108E30000BFC03FC0203FF1502FE0E04F0FD15F906
:108E400008EDFB0DFF0DFDFAFBF9090203091B29D3
:108E5000010A17FBF701F804FF03FD1F0AFB00F9E5
:108E6000F505050D0FFD0CFAFC09F218E5E90407FC
:108E70000400F409FEE0FB05EBFB02F807010BFD23
:108E80000208F8E4012C05FF02FBF3EAF605FA07F5
:108E90000CF70008000F100CFB03EB14FE0B0FF98E
:108EA00001F9FAEEF70402F1F403F909FE041109DD
:108EB0001005F5FCDCF808F700FF010FF7FE0EF2D5
:108EC000EA000016EC0707031104FAF8DEDAECF802
:108ED000FFF50517F9F5FEF005EDFF03FF02F8FFBA
:108EE00013EADFF5F7190609000E08F5FAFEFCF3A0
:108EF000FD0105EF0E080C0DED0ED604FCCB14F3AE
:108F000001F8F2F5FE0800FAFD03F8F41120F6FD71
:108F1000F7FAF7E9F8CA0F0BFFF0F01FFDE605FCC2
:108F2000F8FD10EBFF002002FED7F804E5BCFD0DB4
:108F300001FA0933FC0603E7F3F609DC1D1826F9EC
:108F400003DBD41306F7FE04FB0C000E0309FCFB45
:108F50000400F7F20E08FFED05FEEF0008021B0407
:108F600008F901E3FDE60302E1FAFA0A0E04E1F270
:108F700024E81F0600F81FFA09F2F9FE0C0F09FB9E
:108F8000E5F1FFDBFAF100F5FCE905EEFD0FF0F588
:108F900006F100FC0527FB0100FCF9E1250910E1C1
:108FA00015DBE4F6E7EFF80400FBFB1706F8060D07
:108FB0000103F9FB0B08EAFB0B0622EFFC04FEFFA2
:108FC000FBF5FF05FADF0707E5F6050200F8ED16E9
:108FD00006011204EA010BFE04F70907001301E978
:108FE000F6F80A01F5FF04FBEEE8E5FDF601E10FF6
:108FF00004F7F208FFF903EFF3FEF4002E0401FD7D
:10900000FDE8E608F1D0030801F80607FE0CFDF1C3
:10901000FAFFFDF303FD11FBF3F6D00F12F90A0777
:1090200002F5FEE3011BFEF20807FAFA0C0C0B1224
:10903000E4EBDA192B1EF9FEFB05FCE9030E04052F
:109040000802FB06F4F9DB00CE0F1318142AFCFC0F
:10905000FE11FDFEF701030E0EFC0011FDF8CFF727
:10906000F10C450EF1EAF8040109F906FD0F0B06B3
:10907000FD0207FCFD0716E4090AD105FC16E20310
:10908000F5FA08EFF41C03EE001302F200100712C9
:1090900005F6FAF70631FBF505FD0C0106E50102C0
:1090A00021080A15FDFE0702F80410FCF22007054E
:1090B000F514032BFFE001FD0F07FC190C10F31A48
:1090C000F2171BF4FFE4FBFC13F100150516EFE4A7
:1090D00003FAEDED06160DF209FFE50CFEFFF60AA8
:1090E000020509F303F10805020A09E0030200F290
:1090F000F7FAE7F1FDFCE607FF1307FF0A04020495
:109100000302FCF3FA03FD03F808F21401F7050B60
:1091100007FDFFF1F80B05F508FA0BFAFC1B0DF93A
:1091200000E1E2EBE3F1F504090AFE0A01FA0309A2
:10913000080009FD0110F4F5FE17F90111F2FEFD1A
:10914000F50EFAF900EF090F06F5F9FD0600F9FE34
:10915000101907F506FB0FECFE10F5F80516FFFFDA
:10916000EF07FCFFECF1F5120CED23EAEDF501FE43
:1091700002FFF8EF07FDFAF6F2FDFDF903F70A0D1D
:109180001AEDF31FF30011FE09F7F6ED09EFFFFBEF
:10919000090701F00801FEFD0CFE00F4FB18E80DC4
:1091A0000305F813F2F2070D0FFEFC0403F2EDEDD8
:1091B0001629F2FA080E05FDF61D02010716F11038
:1091C00010E50F0FE901EA050E2F020504F609EF7D
:1091D000FA10FFEEF70A0413FFFBFA16E7EAF2FEB5
:1091E0001E1A0616FB000200F8F902FFF4090D0032
:1091F000FCF6F40CFBF2EEE8F0F000031813EA06BC
:109200000E150012F71604F9F908021CF8F02505EE
:10921000D8DFE1FDFC1CFBF00812F50A0818F90183
:109220000A00F226170FF0E3F0010AF0FD13FDFF2C
:10923000F6F7F4EC0DFDF9090500020DDEE4EEEEA3
:10924000F2EB2615FAEC15F10CFE01F000EE00131E
:10925000030AFBF5FCE40201F5131903FBF3F2F436
:1092600002F80318FE12FFFEEEF50311E716FECE1C
:10927000F0F2F6F9F6F501070800012B0BDF00EA22
:109280001BFFFBFC0612FAEAF418F7FEE2EA0BF504
:10929000F9EFFB0C02D8FAE7FD0B0807FF01F91004
:1092A000EF12E902531005FE04F304DB02ED13F3A1
:1092B000F701FEE013F7F142FCF220F01B111BF75F
:1092C000F20DFBE5041005F01308FFF0ECF50D10AE
:1092D000F4E702F4D9160C0CF70212E505F5FB0BC6
:1092E000F8F402F9FE111AEEFFFBD91FB7DCE10614
:1092F000F5F0FFEE05E9F0F4FDF509E4F9FE2AEBDF
:1093000011DDB819ED1CF20A0103FCDC043206FF82
:10931000000100F602030105D7E2D1170921F2FD91
:10932000080902DF07FB0A09FB17FF15EC0BE0FC3D
:10933000E71014F9FA2602F2060BF603F702F71B00
:1093400004010311FDFDE1F50608220C0E1501FBD9
:10935000F506FBFF05F3FF07040602F7F8E9000234
:109360000B0218F8DAE0FF0606F904FBFB1006F31F
:109370001201FE13100AF5DBF23CC701FDC2FCF836
:109380000213FFEF06E7FFFC04FD041B0100EFE002
:10939000F4080BE011E40912F3050202F909FA09D5
:1093A00003030F0A0800F7040EEA03E8F6E41009C5
:1093B00004F7091603F5070614F3FDFFE5F00C00AA
:1093C0000B06F81402F4F500FA10001301E50AFF89
:1093D00019FB0BE507FDFCE5083F19FAE800EAFE7A
:1093E000F5050E040E00F012F8030BF7E6F9E4039E
:1093F00011033AD8F5100003F5FA0506F80E080136
:10940000FA06FD0BEFF2EAFE0DF501F8F8FC020694
:10941000FFFBF60BFFFE08ECE7FDF2F20702071078
:1094200002FB00F8F8F8000605100312FEFC0C0E13
:1094300007FF03FE0B0D0BE5FD07F4EE09F7FB0735
:1094400000F10C0504FEFEF5FE02000402FAF9F636
:10945000FAFFF3E2150510F9F9FBFA04FDEF080134
:10946000F4FBF10C09FDFF0BFDE91B020DF9FD0EEC
:1094700006F0FD1BFB020BF4F90804FFFFFAFD00E8
:1094800001F8EAFBF9FBFE000004FAFAFE00FF080F
:1094900007F507050D01EB0B1BF023FC0AF705FB95
:1094A000FCF5010306FFFE1DFFF10608FDF7FA07B4
:1094B00013FB15F8F9EB05FF02FA0A1908EDF9FD9F
:1094C000FBF70BFCFBF80CFA072209FB11DC03028B
:1094D0000204FBFDFDF9FFF1F602FCF4080A17F4A3
:1094E0000B02ECEE111701F2FB05F8F605E603148A
:1094F00005F9010301FCEE0CF4FD37E9041619FD32
:10950000FE01FE1A03F6F7EEE700F513EC0008077C
:10951000EBF2ED05FF28110504FAFFEE0520FA0530
:10952000F20006F3040702140BF7F6130B2BF102FB
:10953000F80505E8010AFE17FC000903FBFCFA0D1B
:10954000EAFEFF0D081F0BFA02FD07DAFA09F5FE25
:10955000EA020C15ECF6051AF0DD09134C16FE07AD
:109560000604091BFD18000BFB030B17F008E603AC
:10957000FCFCE80606FA01F5FC0A010A0B0309F5F2
:1095800001FBFE060004EC050A0AE3030E07F706DA
:10959000FD16F7F0000AF90704FCFD05F4FFFEEBE9
:1095A000010A15EA1E1807FD02FE08EA020806066F
:1095B000FFFCF31204050CF30502F0F308FF0DFBAA
:1095C000020CFD15F70608F90004F1FA08F8FB068D
:1095D0000AF6FCFCF90CF2FE0403070A00FB000586
:1095E0001BFD01FE0CFCF8EB0C17F807FCF2F9066A
:1095F000F10604F5FCEDFAED0A060200EFF6200292
:109600000212F5FB10E901FFFBFEFA0AFBE107EB92
:1096100001F803FD0A12FE1A1A1FF1F4EAA711035A
:10962000FEEAFFFF05FAFBE2E7F901F113FE220F64
:1096300017E6F2F505C010020EEFF919F62002EC5C
:10964000E901FAFA121720180BE3FBFF0FD6F90015
:1096500001F50AFBFD1104FCE9F8FCF31011140DEF
:1096600000DCFD09001204F9FBF5FB090012FC0700
:10967000FF01FE02FA15F7010AF0F50E0D360B0395
:109680000DECFCFB0DFEFC01FF03FEF312FD1D04BF
:109690000F180F02F33B0101FCF3020501FC01F876
:1096A0000FF7F2E802051DFEF40121FA090EF9F3A5
:1096B0000F040000041F05FEFC07030A0C05ED0F54
:1096C0000517FC0BFCF808FFFF02FEF6FAF9FDFF98
:1096D000F1FC0201080BF3E6FBF40A12FBFDF501B5
:1096E0000509FF060007FB0B050306070700FBF54E
:1096F000FE2001080EFD01FD0603FE03FB01F5053A
:10970000F3F3081008FF180604FD06FCEB05FBF94F
:109710000BFC0203000C04100504FEFD04FEF7F22E
:10972000FDF4FA0EF1F815FEFA00F3FD050E01F551
:10973000F8FDFEF8FFFA03F402E40015DF06F60276
:109740000CFF00F5F4F9FCE5EEFE0401FB0516F54F
:1097500008E2FE18E4FA040407F8FF050C0400DC34
:109760000DFF0E09090102FFDEFBEA1D08F605FAEE
:1097700004FBFDFCFF09FAF40701FDFCFAFDF90208
:10978000E8FBE00C0813F7FDF205FBFC05020D10E9
:1097900002F7EFF900EEFA0802E91B0110F4FD00F0
:1097A00005EAFC0B040300190EF5FC0DEA06031193
:1097B000E9121D04ED07FA0108E7052907EB09F096
:1097C0000DFE0A0BFF11EFFE140813FAE2EFF41678
:1097D00003F6002008F110E1FBF307FB06F6241E58
:1097E0001904C40EE31607F1FAF6FEF0FEFFF804C2
:1097F000F803050201F60BF405D0140706EBF3F9A4
:10980000F5F4FB070001F5FCE7F8FE14101405F968
:10981000E8EAF516FBF0090314F8010B0FFC06ED5E
:10982000080DFCE0050608F308E7DEE7F0EEF501B9
:109830000DFBFA111103020AECF110DB04F90FEE33
:1098400001ECDE00F3EF01080A0902F003D9F8ED9C
:10985000EC1003F10E04FC0F03EF0A0DF20701FEFA
:1098600000F408F606F1FDF2F8ED000815F603E63F
:1098700009EC120629EB07ED10FBFBF10AFEEFF2F3
:10988000F8EA02F5F8F5FB07E7F6F700F805FB0143
:1098900011060010021B0013041104F8F70205055D
:1098A000FFEAF505EB03030203050B0AFDE90EE8E9
:1098B000E3F8FB0900F9F013110BEAF60316F504BF
:1098C000040305120C2AF010EF0505FC09FCF6173D
:1098D0002B15DAEB06FC03F6FB05FBF3001704FC83
:1098E000FB0510031105F30C1A1D0CFCFE0C0AF904
:1098F000000302F9F91105090100EDF6FDFCF3FA88
:1099000012041A04E521F7FD011302EAF6FBFD1229
:1099100015F70C03FCFB03FCFEFF08FE0539D7031B
:10992000ED08FBFAF2E8012F0201130DE0EAEA0468
:10993000FF0A10F81C3300FCEC0CFE1E00F3F9F9D2
:1099400005E80417F7E2E6190CFC12F802E004F14E
:10995000FFEF020C04EDFEE7FAF5070DFE08FD1718
:109960000AEF07F0E7F4FF030802080307F1F80F16
:1099700000FCFE00EA0211D8F1E703F1C9D5F30BB0
:109980000000FD19F8080B0C18F4041E04080AEB7B
:10999000D6E205E70303F805FE0CF43E08FCFB06DF
:1099A00015FF0B200D0407ED08280901CD02F70A69
:1099B000FBF9FD0BFED5FDFBFEFB0C07FA031AE5D8
:1099C0001FFB1F14F1F004FD04FBFD11FCE0090472
:1099D000FE0DF5EA22FAEEFEED031A0BE3F10DF7A8
:1099E00002FB0BFF01E2F200F7EB0CF3DFFFDA03FF
:1099F00018E623FBFCE02303FEFCFE0DF0E4F1E897
:109A0000F2FAFCF5FCF125040500F30FF1E50D0871
:109A1000FBF9030CF9FB02E706E410F00A12FE0D55
:109A200010D3D60326FDED09FC04FAF201DE01197C
:109A300007E4FE17F3EFCD28031347FCFC050002F3
:109A400000F506DEFD04EE0A0EFC15FAECFC092515
:109A50000A0C0FFCEF120BFD01E7F8D70425F6F313
:109A6000F904FEFF030F0011E6BDE8FBEB05D6FE8F
:109A700004FBFDFFFB0FF5E5EBF8FFE7100514EE27
:109A8000F3D1F32CFCB6FCEEF406FFF90011F6FD61
:109A9000DEFFF4E5F30B10F6F1D80D0E1BEAF30729
:109AA0000501070D0205F21CE5F7F6F41704FED0D8
:109AB000F2EB11041FB2F302F7FC071008FFEBF002
:109AC000FA0206EE220C15F6FDF20123F1E50E0076
:109AD000F2F612F209E204EBE20A0BC60610EC21E0
:109AE000EDD9E7160D15FDF406F8F2E702F0F405DE
:109AF000F5F4FBF6000900F302D523EE0D1A13FF6F
:109B0000FAF3080905F0FFE1DC0203D4EFEB0D10D6
:109B1000F5F01D251B4B000D0BEA03CCFCF3F80BF5
:109B2000EA04060E0FFB0C0818E4FC00242E13E7D1
:109B3000020305E2FEF2FFD80C0BEF0917F0134009
:109B400003FDF022F4080DFC050005D7FEF7F0EF49
:109B5000F00BFDFBF0E902E70DD8DE07FC14F50B76
:109B6000F6F8F6FD03240107EE0AFA12FB201D0B9E
:109B7000FBE6D60E1705EAF1FF01F9E6030702F44A
:109B8000FA14F12003F304F8F506070016FF0DF3AD
:109B9000020001F7F600FFF70B08F90A05001109AA
:109BA000FF0A3313FDE3FDFA010005FD020AF80187
:109BB000F603010C050E0FEFFF04DF0D10E9000B9B
:109BC0000E001210FA1AEE0BDDFDF5E4FF0C09F1A0
:109BD00006102AF2FFFBFEF7F50C0016F6F90C084A
:109BE000EE0C01E91707E6F01F473F1118200B04A0
:109BF0000A0E0A1500D80A03FFFE0DFFF6F3F0184F
:109C00001B391BC3F828FBFFFF03FE0506010803F1
:109C1000FCFF011B06F8E122FB1010EADCF303FE57
:109C2000F4010AFEF8EEFEEB0CFB001516FDE72929
:109C3000F4220DF8C7E60001060A091201EB06043A
:109C40001EE7F91DF5ECDD0DFB300C040121F2FAE5
:109C5000F7F90A1C04E809ED04F10614F7F7F918FE
:109C6000081BF4F912F8050A05F207FDF9F60704D6
:109C700001F5FA150A03001BFE04E5F4F405FEFBEA
:109C800003F908DFFF010FF012EFFC1205FB0A1ABF
:109C9000FC08F0F004FB07F70A05FA1D00EA12E2DF
:109CA00008FC1302E9FB03F804FE1DEEF7DD04FBDC
:109CB00000F6040F030EF912FAFE0A05FE1E08FB59
:109CC000080BE80DFEF5EF0F01F707FEFC160EE698
:109CD000ED020A0408051DD5F2C9C10BF7030604FD
:109CE00001F60AE20AF703FB0607FDF30F0FF2F88D
:109CF00008EEF120190805F300F6F6F50D26FF032E
:109D0000F9F509FA02FBEA07F0FF1C070006F2FC6E
:109D1000FF040107FE22FB14FC0AFCE60E0202F51A
:109D2000F4F507F4D5E80704FA13FF090312ECF180
:109D3000F00AFDF72C0A16E0FBFACB0AF2ED0B0451
:109D4000FAF60DF908FF08EDEC00ED161B02F5EB35
:109D500019DF010D090112FA030507D601FBFFE91E
:109D6000F800FA080FF2E81812E53FED241200F2AD
:109D7000000FFCE1FE1BFF0404010115F8FAD9FAFB
:109D800009014605E005FE01FE0006FD04FB08167C
:109D9000F2FE0101F909FCE6F0E9F3F52B0DEAF713
:109DA0000A0E01FAFAD9091B0BF0FD09DEF0EDE00D
:109DB000FEE7FEEF1C0BFA01FC0006F902EB011CAA
:109DC00003F605ECE9F0EE04EE0912F7FDF004EFFE
:109DD000FDF900EAF5E60E0807FBFCEFE2EC12FBEA
:109DE000FB062300E4E6FCFD0303F70F00DC04049C
:109DF000F806000BE7EF02BEFBE9EBFBF303E9F625
:109E0000FB0DFC2DFF1E05160300051BE70608E8E9
:109E1000E60BC9031819F410050D08130423F534D3
:109E2000FBEC080709F5CA070914EDECE8FBF5EFB0
:109E3000FC0202EFF4E7FB0C0AFDFA06F4F3F9EF7B
:109E40000A062EF2FDF3F6F6020A04EC09CC08220B
:109E500016FF00E7F9FD0533FB0727FDF7F50100C5
:109E60000006FD02F003F4200DEFFBF1E7FCEEF736
:109E7000ED1F0EEFDFE70D0403F30324FECEF70220
:109E800005F40A04EEF405E6FF0E0C00AFF9F70640
:109E9000F4F208F0FDE30BF2F8FC09F81512100BD0
:109EA000FE08E906230FF507FD050AE9FDEC0C04A1
:109EB0002300FC27FD01F635030F2EFF221C15F6AB
:109EC0000409FFDCFC1208060BFC13FDE90BDC2681
:109ED0000AEFEBFD040B150701FA05F6060EFE026C
:109EE00001FD0805E9F116F417DDE109E7F00706C1
:109EF000FDFAFAF6000D0014F1F704F1140E1C0639
:109F000007D3E816EDF701020A03F41E03E8090D72
:109F10000CF6FF1E0F05F2F7120319DFC800F50556
:109F2000FD100225FCDE01020AF9061BF4ECE30435
:109F300008F302F008D8F609FF11FEFC09E7000457
:109F40000A000F20FFFBE8F7FDE717F616FA08F9FD
:109F500006FF07F105E60A0CFF0D190CF0E905F400
:109F600009050EF9160217F906070808F6C70F0FBC
:109F70000209FBF1EFF6E11003F631E804FF0AFCF9
:109F800016120628FDF7F51715F80E0DF7EC11F56A
:109F90000908EBF6F1090E04FA11F5EDFB05051AB7
:109FA00021F70D18FB08EA100718FC0A192EFAFA17
:109FB000FD0A02CD0229FF1608100B2BFAEFDC0375
:109FC000DC002A000F20FFF903FC03E7060A07055F
:109FD0001A00070EF4ED0047F7FA140F321B07FBC7
:109FE0000408F612F41DFCF9FD050A020E06E41A37
:109FF000FC1FEEFBF5FC02FCFE1705F415FEF6F760
:10A0000020FA0FFEF5FEDFF40F1AF915CFF40B005E
:10A01000FD0202E6FEEDFA0C0308030FF0FCF51555
:10A02000EE160BF0111EF91009FCF9F6FEFE010206
:10A03000FA00FC10F506F314FB130D0220030206D0
:10A04000EB0B08F4F61109FA1C090705FAFDDDEF20
:10A0500017E810FD11E403FCFB08F600F615F9FB08
:10A06000130EFA03E7F7F0080FDCE90AECDC02FD57
:10A0700001FD00F3FE0C17FDFF010005F30C1B12A0
:10A08000F8E7D61BF4C4F5090D00FFFBFE12EEF451
:10A09000F40AFEF4FEF815FEEEC2CC17F7040BFE30
:10A0A00001FCFFD9FF21F2F9F7FEF8E9160F18FBC2
:10A0B000F3D3CA1413160908F5F8FDDC06281113AA
:10A0C000F51407F3150B0502CBE40D100E18FC0573
:10A0D000000E06020124012E0715FF0412F8E2FE0D
:10A0E000D01A4E09E8E91102FA0A0E12FC18FADE3B
:10A0F000E80AF603090C13F80D17CE06FB05FEF06F
:10A10000FD05FDE9F8FC01FDEB15F6101500F9FA67
:10A11000280AE515FFE91009010BF0E307F40B1716
:10A12000EF0FF3FFF8D8DF001DF8F2F2142B160939
:10A13000F70EFFF0FEF40EF10B00F71804FE02EC30
:10A140000BFE2EF902E6FD0C0408012802EE09FFC1
:10A150001207FFDF000800061319F9DDED070304FD
:10A16000030700F607E107021EFFFAF9EBEBFBFA23
:10A170000A361702EA19E612FBFCFF0E09F709007E
:10A1800005FDF609EFFEE50513FFE7F1F110000804
:10A19000EE13F9F9FAE602030BF1060304160008C0
:10A1A000140704F117F802000E04091410030A1032
:10A1B000270009FBF2060910FBFC0DFC02FF0FFF54
:10A1C00003010B11FDFE04FC06FD1BFE03FAFB0F51
:10A1D000EEF9E600EEF901F702F902F801E90A06E4
:10A1E000F9060710F60E090B0502F4F5EFFB09FB63
:10A1F00007F402FE02EAF2FBF8100D0C0D06200A2D
:10A200000606FA0B03ECFFF901FD0FE4031FFDF056
:10A21000F006F8E5FFF50318F4F5BF02FDEFF708C7
:10A22000F90003FFFB0C0408F4F6FBE917FE15DD4B
:10A23000E500EB121CFE10F404F7FCE1F413FAF74E
:10A240000F0B01E0071211FFF2FA0210061713FEBE
:10A25000090AF500FF07FFF6150307FD0AF908F6DE
:10A26000E914F3F700F504FC0B0C060201060DE4FB
:10A270000DFAEE0916FEF4FB0317C1061E0CFFFCD7
:10A280000407FDF0030C0FF21DFA04030304090395
:10A29000F0FDFEE60F180FFAFD04FAF4022209049D
:10A2A0001203FE110831E6FB0BFD04FAFA200F053C
:10A2B000FC1606F2FA1A000E010BFC0AEFEDE5FEA1
:10A2C000FDF51202F805150D020AFA1E042412FA11
:10A2D0000BEAFBFF07F90DFD011FE408E307DF0AA6
:10A2E000ED0001010927FF00F1090F07F6101AE33D
:10A2F000EFF8E802EE1AE0FEF40BF9040AF912F89E
:10A3000016F40E12020CD3FF061A190304EA120DFA
:10A31000F40AF81600EC10F1EF04FD0DE9FFEE076A
:10A32000FC1BD1E2F4041C03080DF40401F50CDD60
:10A33000E61909FDFE0728D5ED0BC1010DDBEFFB8A
:10A34000030D0125FCE31EE51602FAF513F7DDC83F
:10A35000D70807F40AE41009F9190305FEC214141A
:10A360000500F8F8FC0B02E219EEF9E704EEFE1224
:10A3700012FFFDF30AFF0BFC09081F02E30726FA90
:10A380002DCFCDE5ECF0FDFF0C03F3F1FD0E02E95E
:10A39000ED050FDE0B0508E8F9E0E00518ECF9071C
:10A3A00001F80BE7070507DEE9F90CCE160719EEF1
:10A3B000F7E2E01D69D7FD010102FCC70B2303167C
:10A3C000E8FEFCC70E1207F4C0D7EA310C0918F7F3
:10A3D000050B07EEFCFBFFF4060803E7F70AE7327C
:10A3E000E4FB131CEB22FD0B01FCF8101206FAF43F
:10A3F00000F303F2002109DE11E1D4F63D15E2007D
:10A40000F8F202CFF11EF3F3F108F5F728F8160E73
:10A41000F6DEEC222055ECF9F80AF7DAFA09FCFE30
:10A42000FE09F91F050BD4DAE31DEC0C2F6D1C009F
:10A4300010FC06F5FFE512EE150BEF1FF4F8F628F9
:10A44000F613E0DAF7F3F5F9F6FBF602FBEBF5DDD0
:10A45000F8F0FDE0101206D7150AB301CFF6F4F5B7
:10A46000FD08F90CFEFDECE7FE04F2EE10FE0CF523
:10A47000EEF5D9F8DF13E308050B06F000FE0BF745
:10A480001609ED19E8FB04EC1021F202180D071073
:10A4900002F801F3F11AF5050A02FD1AF202110D94
:10A4A0001BF3DBC3EFFF10FEFFF7FD05FCF110FE11
:10A4B000FEED0FF5FD0804E8FD0FDE14F9E4F0FFF2
:10A4C000FC010815F3FF0A190703FBE500F6E40792
:10A4D000F420E4F00EE6FFF1020AFD10FD02021086
:10A4E000EAF105E8120FFDFA0D0B1EDEF5FBFF0782
:10A4F0000EFA0BF4FF010607F3F7EEECF30502EF9B
:10A500001EE4FBEDEEFDEFF50AFA01F4FE2AFDF480
:10A51000FEFCF4F5FEF70B08DFF4B90CFB08F50BB5
:10A52000FF040BE2FF090009FC0EFD07E6FEE80B45
:10A53000E1ECCF133B4008F80516F7EA0502FB06ED
:10A540000F00FA15EAF8D8F9B30B1015183710F701
:10A55000FF09FAFCFBECFC2219FFF00DF9EEC6F73F
:10A56000E9224005F0E607010709FE06F5F601ECD1
:10A57000000507F5060204E9F320C010CDD6FB0262
:10A580000A1C07FCFFFD20F514000B060011F1FB6F
:10A59000F801EBFC03D4FD07FE100700FCF20C1BD6
:10A5A0000EF90215F709EF06FEF705E1EBFD15FCC4
:10A5B000080B070D0BE3080D130A1A1DF10905FD21
:10A5C0000C082EF7FFED020A02FB0E1EFE08FEED40
:10A5D0000E0A06E101021BFD0531CDFAF322FFFB55
:10A5E000040505EF00F70808E2FE03E8FB0ED6F2CB
:10A5F00001EAFAD3E3FAE0020CF9FE09080A1505AC
:10A60000F7110DFAF5FCF70DFDEB02FCEDFCF70C74
:10A6100009F4FF1702F5FFEE000114FB041414F80F
:10A62000F1D901ED08FA00FC03F1FC210C0401FC56
:10A630000F06FAF505090BE90303E2F527FC08000C
:10A64000F4FF04FE03F7031107FCF4FC1303D9F530
:10A65000161008CC1401FCFF0305FCE602FF091AE2
:10A66000F9FCFCFF01FAE5FE28E213FFF6F018FC06
:10A67000000901E2F4F5FC0BF5FE02EFFE1107FD07
:10A680001FD9FB052B0F08FB0B02F70C00ECFB0D91
:10A690000FF6080119EAE9192A2443FA06E913FF1B
:10A6A000FEEBFD2BFEF003FDDBED04060A09180AA4
:10A6B0001DF3FEE5F7D50A0F09F100F8FE1DF4FAC7
:10A6C000F000FFFFFA031E060AD5CDF104E0EE0C00
:10A6D000FAF0FFF2050506FAFA0AF8F816162DF94F
:10A6E00012EDD71F022F02F70DF4FFFE020CF60E3B
:10A6F00009050809FA17EEE511EA32F714460306D0
:10A7000001F6F90BF714F708EC110AE40BEB0EF461
:10A710002718F3F90352FCF4F9FA02EF0210FE04D1
:10A72000EE01F3CE0E0BF1E40419F7080D11FCF95C
:10A73000040009FE0508FD02F4FAF7EAF9FAEFE66B
:10A740000519FCF101FE05FAFF07F6DC01E2040A37
:10A750000115F905FFF3EF01FBFB07060C0105FEF0
:10A76000FC0AFC2A00F9FC082EFBF80501F0EDDFDD
:10A77000F9240BFD1505F003FB15FF10FFF10C0B81
:10A7800017EEF9F8E7F9F4EB06121F04FA0D080FBB
:10A79000001406E80103051D05FDFF12F4FBE2DECF
:10A7A0001307FFE4F81503FF04FCF8E0FCED0CEBE5
:10A7B000FEF9FF0BFAFC04200ED82901F2FBFD0282
:10A7C00005030515F6F500EA02FE0115F1020D1963
:10A7D00003F2FAF4EC0EF4020EFDF808F01A02F59A
:10A7E000FDF41202ED0E11F6EC00C6E7E8EBF2F311
:10A7F00004F400090321EC14F2F301FEEC0113D878
:10A80000E7E1E20808110DFDFF030211F50B020953
:10A81000FC00010B10FB0111020A12FDDEEDF80C29
:10A82000F6F9FEE60B1206F80A0011F707FD012300
:10A83000F61A261DF2FEF9F406FBFF1105EFFAF1F8
:10A8400004F9F01BFCFDF20BFD28080AFCFB010ECD
:10A8500000FFF60DFDED00F105F9FD0D1711EB22DE
:10A86000F20BFB061308FF07FCFBF3DFF606EFFC19
:10A87000F5F2FFFBFE03240504E503160FE3FFFFDB
:10A8800004FA0AE5FB0B0AF2FB030115070A0901AA
:10A89000E5E7F2010620FF0200FE060B08F003EDDB
:10A8A000170B050A09030DF2E7EEFB06FEF412038F
:10A8B00006F9001103F1FEF105090DFB060F112049
:10A8C000F106F6FCF3F9010006EB02FDFF12E6F2D9
:10A8D000DFFEFCF8081118DFFAE1F00E12F00000BC
:10A8E000FBEAFFDEFEF702F7EDFFFDFE05030308BE
:10A8F000F0D4E01314E00B090C0802DF0200FBEABD
:10A90000ED03FBF3180307FADC06FA0C1C0405FB45
:10A9100001FCFCFDFF1D0AFDED1501F100091923E5
:10A92000F7EDEDF9C9E4FE0B13FC040B0B07FBF983
:10A93000E6FEF9F1080916F20AD2C709DAF6FFFCB9
:10A94000F5FFFCF60505F90FEF03EEF90E0603DB44
:10A950000DFACF14FBFBF200F80E00ED1504FEF12A
:10A960000A16F40302FB0603090D18FD170902027B
:10A97000FA03FAF6FE12030E01F50501FE08E505DD
:10A980000015FF0BFA21F905070B01F5FDE2050A99
:10A99000FF030204F5FAFCFA0FF52DF9EF00F9FBBD
:10A9A0000001FD11FFEF091209EC0007EAF6F4F4CB
:10A9B0000201E8F827E1151109FFFF02FBFDFAD9B2
:10A9C00008F8070DF4050FF911F2C4E9FDD003F200
:10A9D000FBF0F8F10B04F109F301F9FBFC05310878
:10A9E00027EEBB0DF30706FB000000F3FCE50D0AA4
:10A9F0001607FB25EFFFEDF1FD010F032301ED022B
:10AA00000205F815112CFE1A09FD0708F907FBDFEE
:10AA1000F1FBFC05110DF4F6F917FF0A0340FE23C4
:10AA2000FE01FAD90C0EDBD016320B0005F0F7FA56
:10AA3000F80002F5F4F702080701E5D8FFF60CD597
:10AA40000D08F6F80A02FCF90508F6DCF206000922
:10AA5000FDF70302F4EFF721F6E709FD10F0FF051B
:10AA6000000000210405090613F10CEB0FF7EFE5D8
:10AA7000E60FF8F0F0F90300F908FE16FED7040C13
:10AA800016FD04F8F407F7E6E93024FFF5FD010AA6
:10AA9000FFF701FD08F8FFFE0EF6FC020002F8F0D9
:10AAA0000D07D5E23614FD060AF701F600F8FBFEA5
:10AAB000FFF9F10F08F3FE0201011A03180704F170
:10AAC000F603FDE50CE702F202F8030D01F5F004D0
:10AAD000F60FFE0A0D051706F50E06F2F50CFC1230
:10AAE000F8FC07FCF30700080BDFF1FE25F30F0865
:10AAF000040DFAFA040BFC06F0FB05EBED0A08EE78
:10AB000010CEE9FBC3E603FCF20EF80F04D40601F5
:10AB1000FFFBF925EE0BEBE0FFF632EDF700010548
:10AB20000508001801EDFB060BF70215F3EBECF23C
:10AB30001B01F2F3DBE0FA080300FE0CFDCD071D5C
:10AB400009FD140C02F6DDFE08061B00F1D315FE0C
:10AB5000FCF90111FAD8F8F2F1F60B19F3F3EEF75C
:10AB6000190410D31E01FDEBFEFC06FF0AE3FD1CD9
:10AB7000000600F4EEF90A20F1D911F9F3E0E40B34
:10AB80000D06EC1BF8FA0A1A0CFC0A02F1E6E916AB
:10AB90000510E61003030AE9FA16F6EF0FF5FD06B5
:10ABA00021FF0012FBFCE40707141D01F407FEF56A
:10ABB0000AFBFFDFFD0EF9160B060B19F6F2021762
:10ABC000EAF32EFA0C230CFF00F409C3070805F77B
:10ABD000F80CF522FE00FF27F9DBFE1D2614EB0B17
:10ABE000F80FFEFFFF1E0010FFF902110AEEC80267
:10ABF000020B11FAFD08FDE7F8050704011BF70039
:10AC000014070126E9F6ECF1FC22F70F040014FC0E
:10AC100003FB00ECFFF5F311EE050A17EDFEFE0E47
:10AC2000E8010B080A01EE12F701F8FE01F2FC043C
:10AC3000EC03F9100AFBFCFD040F12022106FDFED5
:10AC4000F60901EFFDFAF503190306FA08F2D9EE49
:10AC50001BE937EA22F609F00103FDE9FC01F60BD6
:10AC600013FF08FEE8E5EB1113160FFA13F50B00BE
:10AC7000F60000E4010CF90411FA0A06F9F90720BC
:10AC80000204FDE91DE8F7F7FEFEEDF204F90825E0
:10AC9000060105ECFF00DBF0121F47E9F402EFFAB2
:10ACA000FFFBF10FFADAFB1BEEF3FCF1FBFA02EA11
:10ACB000161710F007FF1DFD050307020B09F6022A
:10ACC000E5FAFAEBF80220021817E202FE02FC0491
:10ACD00004F5F5FBFE0AFF03FF0609F502EE1AEC88
:10ACE00010FABF16FFDEECFEFFFD0AE603EDFC14D2
:10ACF000F704FE03E7E6F1ECE6C137070F2EEBFBA6
:10AD0000FCF9F300031AEB1DEA090302E7F711FF50
:10AD1000F2DDEE09124206FBFEFF08F9031EE914FC
:10AD2000EE0E00FA1100EAEAFE10F00CEF05030047
:10AD3000F80008EBF7E9FF0BF0FDF4D4EDE6FFF5C2
:10AD4000FC01FDE9FBF60CEE06FAF6D3FFDFF01589
:10AD5000F7F5F62207EA0505EE0016FD2A000AF2CD
:10AD6000FE05FA1F060CFEF30AFFF007F4FDD8DC1F
:10AD7000F51222FC03E90FFCF60802F8F5DCF803F3
:10AD800009F3E604EBE3D3F5F01B0A16DC080B0627
:10AD9000FC0509F10D06060A08FEF911F1EBEBFBC3
:10ADA000F5060700232DFCFEFEFBFCC203F511EDAA
:10ADB00005FAF6FDF5FBF937100532F9F01AF1FF47
:10ADC00005F8F1FDF4EAEEF10A040F06F0070312AC
:10ADD000FD01DDEFD4240101FD06FA07F517060198
:10ADE00006F70802E505FF03E1E8E40FF8F8D6F5F9
:10ADF000F401FDECF916F2F6FCF605FEEEEE1CE5AC
:10AE0000E7CBFA0BF2F40707FDFB06FD11CE02F4C7
:10AE1000070507EA0FFAEBED0B15F8EF21D3020651
:10AE200005FD07E702F0FD1404F3020A15F7F1022D
:10AE3000081821F507DBF8070AFAF91AF411F812D5
:10AE400004F4000B23F61404031225FD1227010855
:10AE5000090207F2F408FDFAFF0607060A08FE18C1
:10AE60000FF71B22F8F706FA09FAFE0C04FB071588
:10AE7000EFFCFEFDFAF20E14FBF70F04F92FFCFFB6
:10AE800001081AE6FE15F312EC040314FB08300C5B
:10AE9000F0C5E413E03BE6F3FBFD0329010EEDEA08
:10AEA000F8FA0319110B2A05D8072E1AED16E5003A
:10AEB0000E01F907FE0800FD0801F8190A07FDFF59
:10AEC000F01B2922FC00F9FFFFF409080D11F4F230
:10AED000ED020107EEFB1AF7FDF1090CDBF20309A5
:10AEE00004F8F60104FA03DBE1F40300050627FA8F
:10AEF000FEECDC0609E30004F5F819ECFC0BFCF2AF
:10AF0000EBFBFBE731151AF8F2D6111BF8F5F80642
:10AF1000070E1409FEF1FCE9FEFD0DE00505040035
:10AF2000FAF1F51718FD00FFF4FC07F60507F9EE36
:10AF3000EFF40303E8F109240DDBE9120EE7101129
:10AF40000002F5F80524F8E1070E0EFD120D01FCD4
:10AF50000EDCE81CE6EB04FEF5F203F7FBFB02C88F
:10AF600004FCF1F108FE230013EBF422FEFAED04D9
:10AF7000070008E8F4EE03F403F9FBF21003020102
:10AF8000F0FDEF1DDFCD120D0AF10B08EF1407F4F1
:10AF9000F00F02EDF7012AF9F9FCD6F9F1C7021317
:10AFA00000F2FD1B11FAFAC7E701FAE62B212CE7A4
:10AFB00013C4CF04E8B9050AFDFCFACE011105DD82
:10AFC000DF10FCE6291A1904F6CDF00C0E05EEFA96
:10AFD0000B01FCF5FE2AFF00180D0A0E141B1511BB
:10AFE000FAF916130ED90B0F09F3EDFEFB040AE66E
:10AFF000EE0C02ED120E0610FFFAEE0B05F90E0232
:10B00000F9FFF906FDFC0AF603F2FAE41DEE15E479
:10B010003613D503EB111504050105D5FE390A0ECB
:10B0200005FFF2E50608F3010EE7E8032C0808F82F
:10B03000F21DF9F1F83100160C110621F0F6E8F4D2
:10B04000E00525F3040F180BF90BFA0AF524FD06A9
:10B05000FB02F9EDFDF611080813E701DD10F2011E
:10B06000EFFC0706FA1F030A0BF907E9F90316EAD2
:10B07000091FF21EE018E803F916FB05FBE20000C9
:10B08000020EFFFB0A0BEBF80A3607010620FC0450
:10B090000C08F9FEFFE205230DFEFB11F0FCE002B7
:10B0A000020D0DEBFE0612FDF908F90DFF18100256
:10B0B000F50F0C02FE0322E9F30EF80DF5EDFB028D
:10B0C000FD0EF31610E511F00302F8F90C0AF8E092
:10B0D000D7F60D07F7FDFCF80611050700CCFB12AB
:10B0E00013F2170CFA09F9EF0CF70DF406FC020D38
:10B0F000F8F0FC0104EF0CEC09FC0D18F50612FA4F
:10B100000E080906F6DF0913FEF6F90B08FA0CDB48
:10B11000F000FDE706040BFB09E1D619D1CD1EF2C4
:10B12000FEE500F1060EF5BAECFB03C6110F2B107D
:10B13000FDB8CD12F9B10C1407EB06E70207FCDBF2
:10B14000C60CFFD12220241DFDCFD30C0415FA0A12
:10B1500003FF02040E38FA16FAF7FAF11C281E064D
:10B16000E2DC1B0C061710030FF202FAFA2405EBBF
:10B170000308FEFFEF051200160AD60AFADF08FCE4
:10B18000FFE5F2EAF70601FBEE1205E81EFDFFE11E
:10B190002E0ADC170104F2F3050CFCECF7F61400A0
:10B1A000F409E8EAEDF4F5E30813C502142406FFF8
:10B1B000FB07F9F0F80500FF0400ED01090DE2EBD3
:10B1C0001008FBE803E7030303FBF2150C0102FF81
:10B1D0000EF8F0F40E0208ED0B0701EDEC12EF068D
:10B1E000F41202FEFCE812FB33F8010011F3FAE955
:10B1F000F33CF1140E25F7FB03F8F703F5F40DF219
:10B20000FEF8F804F5F7F6FDF309EEE2F2120D0888
:10B210000804F7FD0BF1FD130F000016E9FFE5F937
:10B22000190F0CE3FBF90F020103F719FEFE070BE0
:10B23000F6F818F8F90011EF0109E409ECFAF11435
:10B24000080CF90B08FB0AFA17FD03F8041117F2B2
:10B25000DE16F005F9F9FF07F908FD1002EE0BF50F
:10B2600006FE0800E80409F0CE04F6F4F70008072B
:10B270000305000FF9FFFE0DF5070101FC0BFA02B3
:10B28000F5F70C18F9E5F7F903FA02F20116FF05D4
:10B29000E606FDFBF0FF03F5E8CE1C03F8F0FEF92F
:10B2A000F90401090AF9091BF90002FEF200FCDEAB
:10B2B000DFCAF0EE01DD09050305F4180DE41615EB
:10B2C000080110FAE5E8F2D40F23E5F803CF0604ED
:10B2D00001FDFC20FEE106F504FE0D00FC1135FA2F
:10B2E0001506B9F51CDEFDFA02FF03FA03FBFB08A5
:10B2F0000209F4020AEE071DF512FD02F5330E08ED
:10B30000060A0CF20300070D0FF0E608F900DD0253
:10B310000128070A061A1B0302070502FE09060A8E
:10B32000ED0202E5F705FCEC01F912040CF5F40757
:10B33000FDF0FE000815061DFDF313DCFC0402E120
:10B3400017E5EBF6FD0208FFF6F8FBE7FEF8120141
:10B35000EB0108FEE5040316FDF9EBF83110E0F906
:10B36000FE07F5F00B0F0EFD07FC011C080AE1F2C9
:10B37000FCFB1EFD32E609FDF9FC06F60A09FFEAB0
:10B380000B0802F7E5FBF404FCEFF50BFE0302FFEC
:10B39000F802FCE8F90A0B08010902FDF30517DDC4
:10B3A000E10CF6F8FD09F504FDFF0506031A01039B
:10B3B000FB13030D010A15E90A04F4FF0B010B034B
:10B3C000FC090103FAF5120CF9F8F8E9FFF4EEFDB7
:10B3D00007F6F9F4001706FAEE01F9FC0915011653
:10B3E000FC0709001101F3F11618FCE11010140B11
:10B3F000F800F5FBFF000B020C01F3F9FFF5F1106B
:10B40000FEF203ECEC1D15FF0C040E03F5EC00F747
:10B410000307F9EA0BFF0EF30106DDF6F5F8090460
:10B42000FCFCF7FF05080C17F5F00C02040D0F0BE0
:10B430000335010BF9F6FF0E0203FE0A01FEEB09CC
:10B44000EDF300FF0EFEF9E122070CFB0FFCE40018
:10B45000F9FE030504FCFFFBF9F3030A0406F6EE0C
:10B460002215F90006040EFC12F70D0AFF10FFF07A
:10B47000F901F9FD120C3407040ACD0FEF0A000C94
:10B4800004EDFE01FD1609F0DD00FD010A101FFEAE
:10B49000F6B9D7F8FEE401FBF5FDFD1BFDF2FBDD7F
:10B4A00010EBFEF119001FF5E303F415ECE2EDFBE0
:10B4B000F5F90D11FB050FFBFA04FD02FC10042346
:10B4C000FDEDDDFDFCFB0E0A08F1F70A0B290AE68B
:10B4D000EAF2FEF7FB1129D7F3F3E705E5EA0314D7
:10B4E000F2FCFE11F005F5E5EEF3F9FF220A11DF9B
:10B4F000F1C8D700FFE4FA0103FDF5E3030006F409
:10B50000E703F1ED211D01D7F4EB0517F2F5F10189
:10B51000F80C02230214F9040AFFFBF6FAFB09F205
:10B5200000F9E0E7F6F3190A0CFD021500EEECDB7A
:10B53000E6F803EF1A0410EE03F5B004F2E2FC03A0
:10B5400003ED0411FBFB06DFEE09F2E91D0C0CF71D
:10B550001ADFDA0EF7000C040709FFF9F9FE05E817
:10B5600007F4FDE815071E0D1EE3FA01DCDCF10A05
:10B57000170003FF0A06FFF8FBFC02EA080605F1C4
:10B5800010DADA1538F5FF0E020B040308D8FC06B2
:10B5900000F314F7070DF90F120D37F4EFB51DFD89
:10B5A000FEF7F8160BEFFDDFF2F6F3010E080C0FB5
:10B5B0000CEBE8FFE7C110030BE4070D001DF6F7E5
:10B5C000E1FBFBD5131B3A1234E6D9F7EEEDED02A1
:10B5D00004FA01FA082AFB05F60802EE181214EB29
:10B5E00002DEEB160C1F0CFAF9F207F60322FA132F
:10B5F0000100FDFBF40DF4F402D9F8132F2D130113
:10B6000007EFF609000F00FFECFE03FD1400120B1C
:10B610000702ED1B0A18020205EFFAFEFE06F5E826
:10B6200009F6F7E50C1204F70A0AF9FE04F207FC22
:10B63000FEF30106FD0D03F8FD02F0E20A02E9083F
:10B640001707E3EE00F70802FF05F5FCFE03EF0E17
:10B65000F5FDF20A0501F7FD03FC1502FB030AFDE7
:10B66000FB0A000BFFF6100617EFFCF713FB00F8C0
:10B67000FC231501030301FDFDFE080AF9FF01F893
:10B68000000E01F8F9F614F2FAF520F8E4051101BC
:10B6900009FFFCFF06FD010F0A01F80FF0F806F69E
:10B6A0000A14F802000A06FBF503F3090AF9070772
:10B6B000FBFF0107F7F813F902F91410F311FB056A
:10B6C00004F80AF8F90CFDE5F800F8020108150283
:10B6D0000EF9081D050DFBFFFBF4FA02F51A0AED41
:10B6E000FDF309FD060F0707EFFAEC1BF106F9F66B
:10B6F000FD0FFF07020F000BFA010EE6F50A04EE3C
:10B700000302FA0911B105FBFC03060602BEFEDFC7
:10B710000F00FFF20FFBE5FBF50E57FB00ED07EC0A
:10B72000070AFE2706FCF800FC0306D701FBFB0610
:10B7300009EE20F2FBE204FE04FDFD0401F0010B22
:10B74000DCFF11F5010425F63304F2EFF7C9EF1120
:10B750000BF9020AF9F9F5EDF5F6F0F9020A21F014
:10B7600023D3B7F50D4002FE08EC01D501F9E80836
:10B77000FD13FC06EEF2F12718DA2DF1162F0BFC63
:10B78000F1FE01060001EE180AF5F305FEE8E90CEA
:10B79000092510F10B1A16FE05F3F8DD04FE01F37E
:10B7A000F8F6F7E505F109FC070300FD13E2FBF6E7
:10B7B000F90CFDF4FA0AFFFEF804FBED13F811F1A1
:10B7C000F5ECF208F9180B0404FCF6EB01E406FAB8
:10B7D00005F1F935F3F30E2BFFF417F9171CF508F3
:10B7E000F60EF90906FFF2F82703F63C06F0F10E13
:10B7F0000B30160F130002F0F7FAFB2707F7FB05D3
:10B800000F030207F0EB11FC061FE303EF13060A18
:10B81000F407FEF90708F8231A0A01FEE604ECF41F
:10B820000E2310EEFA03F90E03FEFC03F9F60C0FDB
:10B83000FCFFFB0CEE04F50FFDFB1801DDFEF7F538
:10B84000FFFEF8F5FA0C06F80EFB0AF6F80604FE01
:10B85000160E0C060605F205F8010B030606F5F0B8
:10B8600004FE170EF0F0F4F8F626FDFFDF0001F4F9
:10B870000707FB0104F405F10402020DFD0502F6C1
:10B88000E5132609E9D4EDFB0C0607FB05F60CFCD5
:10B89000E40401FBF304F1EBDFE60C0103F1ED013D
:10B8A000FFF4F3F8F9E10B1F0E0EFE0AFCF2EDE6D1
:10B8B000F8FA02F2F740FF0402FD02FBFCFB061758
:10B8C00028F30205EDEFD4FAFD131502FBF4F8F2AC
:10B8D00002F4FB07EAECEF0C06F403F8EDE4F109DF
:10B8E000F70725FCF2E20005FCF001FF06F205FC7B
:10B8F00000F5050EF6FD02DEF2DDE5FFEBF7DAFC02
:10B900000D070005050904FD0603FE00F201F1F62E
:10B91000D9FFED010DFAFFF8FCFCFF0AF9F5F4255B
:10B9200002F606071DFDDAFEFB04F5E7EFD504017C
:10B9300000F603F7FBF1FC08F9FE0200FDEDFFEB5A
:10B9400015EEFF0A00E502FD1305FE01FEC6FE1E10
:10B950001707FCEE01F7F709112C1DF3D9E602FEDB
:10B960000603030E01F1F11B05F8FAECEDF3E40315
:10B97000041D2CF6FAE30DFCF8F6FB22FBE3F5FFC1
:10B980000C0DFE17ECF100F40D11DF05BCF4F6050B
:10B9900003E9FAF1F8F500E8F3F109FD060E0F23CB
:10B9A00006EEF112470CF104FAFAFDE107E208F69F
:10B9B00012F8FA14F1F7FB3DF60030FE25170404E7
:10B9C000000AFEE80808FEF9FB0305F7FBF6F54759
:10B9D00012F5190B080B0C07F7F3FFCF041FFBFB45
:10B9E000060B0002F603080C0DE6FD0AF1F20FFA51
:10B9F000F6FD00F6040302FDF8F704F1F402070176
:10BA000003EEEC1BFD0C06080A03FEEA1027120EDB
:10BA1000FB08FD050600F60DF509F81204100D11DE
:10BA20001704FF0FF5030402020C0B0FF9FFFCFFD4
:10BA3000F7010EEA2617140B021405EC02F900ECCC
:10BA4000FA0A0704FAF302E6FEFCF6050F3A1E12A4
:10BA5000FE0A0102031601000E0900070207160084
:10BA6000FF0EEFE8FCFB0207FF0F02FEF2FE06F5F9
:10BA700009F8FE0C24FB07F6FF3AE8F2E4FA00F5B9
:10BA8000000009FFFADF1DEE2B08070F1314F5E67F
:10BA9000F22304CEF016070D01FF06F40622FA0A7F
:10BAA000FDEA0E02FA05EF05070EF4FF1D34FAF762
:10BAB000FB03FCF30123FB03FA00050EFBF5FBF788
:10BAC00001E4F1F205F4F4FDFF0D001701F80BFE9F
:10BAD00020F7050D02F7FDFEFD28FA050FFF08FC13
:10BAE000FF0904FF0720091F18FD1003F6060BF0DD
:10BAF000FA14EFF4F519F10EFF0501FFF21CFF3205
:10BB000006EFFFFFF6F5EDEE09F6FCFE190207F968
:10BB1000FF01FD00FC020A1BF909EF0BFD02FED13B
:10BB200004FE10EBE40B050A02F2F601F92207DE2F
:10BB3000EAF5050BEB0203D9F9E6CCFBD7EAF7FDF2
:10BB4000070201FCF8F106D80EFC0EFE05051DCD1E
:10BB5000D7F2CA02F908E8041201080702EFFF1041
:10BB60000702FAFA0203FFDFE5E4F4EE0FFBEC064E
:10BB700004FE02010404FFEFFFF405090AFE01E0E0
:10BB8000E5FE0E0BFF22F709050FFF07FD1A051949
:10BB90000304FF0FED0A07FAECFB04091026E7087F
:10BBA000050EF80602ED0F0916FD0117E3E5C8E8DA
:10BBB000FEFA06F2E8CFF8FE0B0EF502FBE908FEEE
:10BBC0001CF3FC0AEBFAEFF9081206F4F9CF09FBB3
:10BBD000F8F702EFF3FC01010309040FFBFE11F378
:10BBE00005E6F3F4F4C50A050413F40EFEF90201A8
:10BBF00005F5F209F5E8F9ECEE11F7FE03EA0204A7
:10BC0000FD02022BFC1806360EF303FEE9E7EFCF28
:10BC1000F52212FFFDF3F5F70604FDEB0715000F03
:10BC20000A020EFDF202FB021007E2E7E4ED04F463
:10BC3000F7FC04CF03FBFA140103FFDEEAF701F976
:10BC400011EEFD050F080AF7FC0A010404070A02B9
:10BC50001F0F0AFBE7F2EB37F80630EE16FEF40A88
:10BC6000F70E0A000321F715FF00FFFD010610DCA7
:10BC7000E8FFF40802EF05F3FFFD06F9F711FBFDFD
:10BC8000F9090200ED12E6EEFE0CE818E8FE1212C9
:10BC9000FE0801FE03000DEAF3FDF41302F9F10AB8
:10BCA000FD12D7E5040F0909FF0B02EDFF07FFF3B3
:10BCB000FA08021401FF03F00814EFFD2C0EF5043E
:10BCC00002020CF501020BF6FF0DF4F4F9FBE3FCA4
:10BCD00008FF39FC150521F0FF09FD0EF5E8FD0E02
:10BCE000F8FD02FF0702E7F9131817F40D0C13FF14
:10BCF0000F000E1EFA020F160207FD04F8FDFE1ECD
:10BD00002015F4CCE8DDECFE070204FE021E04FC64
:10BD1000F1190206ED020FE2E2F0DFFF0017F9066B
:10BD20000A0E080A1A010AF5FC16FA0EF603F2F0DA
:10BD3000E6E1E2042305FFF9FA13FED6FF0517FE3C
:10BD40000D0306FAE6F9EE05ECF1D3F50AF613F663
:10BD5000070306F7FB06030F15F8F6FCFD1109F5BE
:10BD6000FA1AF2EEF9C40D03020DEB0F05F30FDA28
:10BD70000F0607060EFBF829053DE700EDA601FFBB
:10BD8000F820030703EA1AF72EF70B14FDF9D2EE99
:10BD9000033DDDECF0D3140FFB1C00FBFF260B1B57
:10BDA000FDFD0105F9FFEAFF1C03E8DB1621F0FDAC
:10BDB00001080907F81C0218FEF40EFFF2FE27BB6B
:10BDC00011D8FD05010C05FB0706FE09FE0F090E43
:10BDD0002A0A0AEFDDFD070D0401DFF6E508F20D82
:10BDE000080FFD06FC0B1304290805D5F0F6F1E851
:10BDF000031EEEFBDE05E909F8070812FD070A122B
:10BE0000FEFE07FBE3F9E7F810100700F4FB02F76A
:10BE1000F9070FFAF4F703EAFBFEFB00130C01C469
:10BE2000E20515F4F2000103FC0F0B05000BF6EA26
:10BE3000FEFD06FF010C1FEAED07A70B1CE317FE32
:10BE4000080709EEF8CC14F6050004EA0A1107CF3A
:10BE5000EFF9C7DFF203090303FAFC0902DD050766
:10BE6000F7F900F5FFFD10F703D9FDE81A02010309
:10BE7000FAF3F1F5F7FCFC06000713F5090201E7F8
:10BE80000CDCF2F8DEDA0BF9F90804F303CC06F463
:10BE900010FC04FAFEF6F7D1FAF92CF50EF9F9FDCB
:10BEA00006040202F4F0051807F207EC07FEFCE7AF
:10BEB0000FEF100300DE06F000FDFF0A0600F51587
:10BEC00014FFF5DCF9F506E914061F01FBD1FDF6B8
:10BED000F901F7E50121FD08010600FF02EE01B4BA
:10BEE000F4FA252AF03603FA0A03F6F80CECFC1BE8
:10BEF000EF0E0300F4F0EBECFBCF26E5E63F0B0B77
:10BF000003000B2109F50814EB11000101011B09C5
:10BF1000F4F3FC17054DEBFDFF07000FFE11EEFCDF
:10BF200010FCF30F10FCD8F81A2107FEFCC403F62E
:10BF3000FDFEEFE008DBFCF4F704F302ECEDCB0DC3
:10BF4000D01406ECFFF6FB0106F8F8D901CE091C67
:10BF5000EB0303FB08F3E139040042F50AEF06F7AF
:10BF6000FFFBF514FCDFF5FF11FC0901E20A0F2AC3
:10BF7000021BFBED0ADC13FAF511090FFFC5FD00EA
:10BF800012EA080BFAFF0BFBE7161004E7EEFEFBC4
:10BF9000F806F9FDF8E1FBFF040A07F9FDFDF74A91
:10BFA0000107E90D521DEDFDFAF9F4E502CC070594
:10BFB00001FAF72DFCFADC37FB1825E6491A0DFDCE
:10BFC000040102D3FAFFFF10F602080BFC070E254E
:10BFD00008FF1501070219F2FFF502EBFF05120E2B
:10BFE000FFFA07FEFAFF08240EFE002DE0120DF7FF
:10BFF000FFFE03ECFF19F201F30103EAFCEC0CFF76
:10C000000AF8F401040DFB120304F9E80B22010BFA
:10C01000F304FD0D0C01F208F61AE506DE180B0F0D
:10C02000FE190910F2FCFC09F80BF2FEF1F8FCF124
:10C03000F105F6080AF314170212F6E5FDF110EB0C
:10C04000E70605DCF80F04F9020DF8FB12FB02FF0E
:10C050000004FBF401FD0A0706FBFAEA11142BCDDC
:10C060000508F5F9F41E0B110017F700FAF812E0B5
:10C0700008FBF8132201F0100166E0EADE0E07FB70
:10C08000F50AF92B02E120D83DEB0E15EF0EF50273
:10C09000032FE8E6F6ED0CF2040DF3D5FB300802B1
:10C0A00028FEFDF7FD0EF7181B1215FF150A10F2FA
:10C0B000FD0602F2FE2FFF1D0C1C0317F61C07D411
:10C0C000F9F8F1FA15110FE501070409F20913E176
:10C0D0001FFC060EFBF90F15FE18E302EBF6E60354
:10C0E000061400F7F616080A181B10F5F6120AF6E1
:10C0F000EEFABDF7E919DF09FE070B00FA2310FE7F
:10C100001CFA11E91505E2060A1F0FF6E5020509FA
:10C11000FE0C03FD0601FB14F300F515FE01E2CA57
:10C12000FC040FD0241916F809F8F8140A1102E8D3
:10C13000E81AFE03FE0420B4FD18AD0433E308033F
:10C140000313F51200F005E70B0B09E50FF9DAAA66
:10C15000E8E6D4F607F40CFB080D04FDFBC4074623
:10C16000FB050911EB0D0CE824C7FABA01E103FD48
:10C170000404F9F210FC01E8070D0305FD090AF0BB
:10C1800011F1D4F8061EF5F4F80207F603210B0CA2
:10C19000F4060502F9FDF5EFEEFCFC160719FEF7B3
:10C1A000030E0AFB02EF0F00040FF811E9F1E9DAC0
:10C1B000F309EEFC3D2B0AF8FC0602E409EC04F45A
:10C1C00008F80A05ECF1EFFFFF06D4EEF8D511F7F9
:10C1D000F207FCE702FFF6FD05F70D01FAF6181568
:10C1E00018F5C2F401EBEC07FCF90104090411E7AE
:10C1F00010FC040807F7EFF7EA27F3031005E2F84D
:10C200000007F513FC0F0A0000FC0506DF0602F626
:10C21000D80702F70400FE05F80AFEEFFC580234C6
:10C220001BF703E8FF00CCE51CFFE3F60D1A09FA43
:10C2300004FDFAF8091A0815040E0102EE110FDACE
:10C2400014FB03040B0F09FBF9F9F9E405030915C5
:10C250001A0404E5EFFD0312EB22F3F5F10604FDE9
:10C2600003FDFE16FA1FFEFC050D00DEF80EEEDBE8
:10C27000E9090600F5F1FF14F50FFD1007EEFC02C9
:10C28000090106DDF101DFEAFF3008FEEBF509FEEA
:10C2900005F707F9FDD9FFF305F8F7000A0AE907E2
:10C2A000EC0EC7E80F060BF60A02F8E203F20DEFF8
:10C2B0000111FBFA13FF0904070E1005320D0DF7EB
:10C2C00001FEFEE002E211F5120E0CF503EFFAFE9C
:10C2D000DD0018F0FAF01CFCF90601FAFFE60C0884
:10C2E00016F908EEFC0CF9E806DBEBF3FBFA06079F
:10C2F000FD0AFFF70F1F01190206000AF8032AF0D2
:10C3000025CED1FE17D1F91BFA08FFFD031BFFF064
:10C31000FF02FDDC0708FCDEF4DCEB0B0DE9F4F8B2
:10C3200002F5FBD7FF32F4E9F1FC03E1220421F925
:10C3300001D0E62325C71207FDF003C2031403F35F
:10C34000E3F0FBD51C1241FEF1CCF52CFC0F1109DA
:10C3500002F9F604FB43F1FCF20E06EBF903E816D2
:10C36000DBE50E040300FFFCF3EE0408FF17EBEA25
:10C37000E50901F411100AEFFEE3DF014700F8F0D0
:10C38000F7E303E00323F309FC0E02F30E0502F2C8
:10C390001AFCF22019530204FFFEFDD6070F030F0B
:10C3A000EE0EF009F704F9F90213FF0F1F2216F73A
:10C3B000020EFDF50A0705FFF403FA210507E11156
:10C3C000E302EFE1FCF5030BFFF60816F5ECFAE2E9
:10C3D00004F8FCEB120504DE1327E2F1EA0EEF0C81
:10C3E00000F5F01006F202F6020AE8050AE821F864
:10C3F000F926FC0F0429EBFF01060CEE07FC10FAEE
:10C40000180FF81601020018F92DE4F6060B21FEAC
:10C41000FA07FC020F05030219F6F30AE701F21707
:10C420001A01F7E3DCF8080205FDF71908F005FC2E
:10C4300009F7FDF0E4F314F6F60AF2FEECE7EC0976
:10C44000FA0000FEFE1806040BF40A000A1707EFB4
:10C45000EA0001FEFFE500FB07FE0E0200F20213F8
:10C4600004F2FC08FD07F6FEF10B0CEB1CF90F06BD
:10C470000A06FE07FFEDF70C03F8F401F7F704EBEB
:10C4800009FA090FDF01F9060A04EFED04F20907C2
:10C49000031001FEFF09070B03E319FCBFFB1601A4
:10C4A0000500071301F505FA040405FBF7F7EB0E89
:10C4B000F4FD1400E505F603F9FE062009CA12FA98
:10C4C000FA010A0609FDDEEFE81C12F800B21AF8BC
:10C4D00011FDFC15F9E30CE911F5051D04F709F947
:10C4E0000901E1C7210F08FFFCFEF0F005E2FF1C87
:10C4F00002FDFD050EF2F41DFE2C27F8F712070FC2
:10C50000FA09FDFE00D308EB1DFAF513F8F3F80461
:10C51000F00FE8EFF4031AFA140303E809250821E1
:10C5200008091DFEE106F70C18E6FB03240901FCCF
:10C53000FA0602E6FA390824FBFF1309F909FBFAA7
:10C540000AE9EDE5162C12FDFB1004E003030DF3E0
:10C55000FCF90A23EAEF0524E9D4E50F4C32EB019C
:10C56000FDFA04FB052217191611070EF410D5FF6A
:10C57000F6FEE30E0800E9EEF60AFA0FF91609FED8
:10C58000060FFAFCFD10E30A0A07F2F4FEFC070DA1
:10C590000509FBECFEF9FD09F814F508E6FBE6B425
:10C5A000F4062BE6FC0DFF01FB0403FD0216ECE98B
:10C5B0000005F10A0E0715E5FC1EF1E916F009FD6C
:10C5C0000616031EF5E220060C00FFFA0708E6DC5B
:10C5D000FAF71CEC17F90502F8040AFB09F4F52533
:10C5E0000F0708FFEBF2F4D626F901C8FCF20A01A6
:10C5F000FB08F9F50BE40AFD07FFFDFCF602151533
:10C60000F00FFDF1F9D20803FC040A0EFFE509F76B
:10C61000F8F8FB030F01FDDAFFF512FEF9D207FE71
:10C6200002F704F0F9FFF4DAF9F300DD1A03270149
:10C6300015D7ED0BFCAA0602FBE608E9F520F9FC8C
:10C64000C50502E0261B2D07FDCAF6190813E6FDF5
:10C6500008F802FDF92704F7F111FEEE13040F0F9D
:10C66000E0E8FD16FAF30EFCFDEEF9140C05F2F904
:10C67000F80F0AF5FB1304FE08DAE4031A1DF1FAB9
:10C68000F4F500EF0716F609ED0D02EC24090000A1
:10C690001FFFF51516FCF700FD04FCFB0112F70760
:10C6A000F00EF3F0FC00ECEEF61BF2FC101316FAA1
:10C6B000000A0AF1F5FEF9F4040AF109FB05E206A5
:10C6C000EC1EE5E7F6E30D070308F1FD02E3FEF0DB
:10C6D000F4FFF7ED1406F81423081CEC16FFFDFB1D
:10C6E000FA05030A03E305FF1EECF4F700F10C0D55
:10C6F0000C1A1F08091AFCFBFA0A00FEFBE7FF0FE1
:10C7000017F5F313F7F3E300FF0D04EAEEF8F40175
:10C71000F50404FBF505050D0DFA0325F1FBF80BF7
:10C720000F07ECE9160B0506F80C001104F0FA12DD
:10C7300006F1060AFA030AF407081806010AFC04BF
:10C74000000FF705F510F9060B0A090C0102110795
:10C75000F90E050707F1F602F7FEFE12F91E031A9D
:10C76000EAED0C08F2FDE70CFAFF0705F9EEFE0111
:10C77000F903F90EFEFDFF0DEEF9F5F5F20609FAE3
:10C78000EF03F611EFF90D0009FBFD04FBF506F3CD
:10C79000F700FE01040513FB0800E6FEF9D20912BA
:10C7A00006F7FB24FBF50ADFEB04EF04100B1C017A
:10C7B00003FEE7FCD3B0130602F90604FAF9FEEB18
:10C7C000FB0604F1150D20121E0101F7F5F9E70231
:10C7D000FDFE04FFFB210E02FC040201130D010506
:10C7E0000105F0F60FFF0D0104FFFB05F70DFFF942
:10C7F000FC01FBF618FBFF130D0CEEFBFA1D040BFE
:10C8000002F8020DFFFE04ED02F808E505F90A073B
:10C810001B01E5FEF2F303FFFD0007FC001709F51D
:10C8200002F6F6EE0B1212F108F6EEFFF905FC0027
:10C830000304FAFEFE0F0012FCFCFEF60612EDF8F1
:10C8400002EFEFF6020308F7FFF90111FC1EFD07E6
:10C85000020303F7F90009090800F204060B050AB0
:10C86000F802040E0B161903090205020E080EF851
:10C87000FD0502FC00FFFD03FF0001F901080B03A9
:10C88000F8090DFD0B0E0FFDFEEDFDF8E505FA07AD
:10C890000908FC07FF05FF0A01F60200070DFCE08E
:10C8A000FA1206F901000DFCFAFBFB0BFA0A01F083
:10C8B000F20306F80D000BE407EEF303F4F0F808BA
:10C8C0000CF9FB00FEF20CDEFC0DFEFF0A0302F089
:10C8D000FCE8F70FF9F70502060B0000FDFE05EA7C
:10C8E00005FD0BF506FC0F0714ECF4FAFCF7FE034C
:10C8F000FEF8F714040001F5FF0503F4090200F83F
:10C90000FBFBFC1BE0C1FE0108000B0508E9F3DBA3
:10C91000F50601FAEDFDFB02F4FC09EBE2D213FB94
:10C9200004F10612F5F704F2D607FCF209113507F7
:10C93000FCD3EADCC9E8E90DF0EFFD23F0DFFC09E8
:10C94000E51503EC0FF7111506F7FCF3EAC9E7FF4D
:10C9500010FB0606FED704F3F5FB02ED1B15FBF3F7
:10C960000806ECF51D19FFEF0601FCF9FFF70308B7
:10C9700002F9F2F907F5EF351111140D130923FD32
:10C98000FFF509ECFAE6FEF1FDF6F5FB0E020921D2
:10C99000340FF0E7FCF216FAFD03F3E602E618F1B5
:10C9A00003ED07E7F000041615DEFFE5FCE4F9FFF0
:10C9B000FBFEFEF8F806FE0300FEF4111BFD09FC69
:10C9C000200718F80A0F0509EE00FDFBF91D030703
:10C9D00009050E22F100F018FBC60100152108FF21
:10C9E000FFFFFAEAF60105F32DF80026FEFFEB0142
:10C9F000FF2A11031C020A01FCF10204FF05F6ECF8
:10CA0000080BFD07E8F4FA030A180EF9F400F30125
:10CA10000E0EF600FBF800FC070009F003F713EC1C
:10CA2000E7291305F5FAFCFEFD13F6FBF60B0015DE
:10CA300001F5FC140405F2CD0AF911FDEFF4F2033F
:10CA400003000CFC07EA0104F6F805F2EAFE0DF318
:10CA500001FB2211FFFD0E05050203F303E601F4BD
:10CA6000F9000E06F1EB01F10A19FFF5E0FEE9000D
:10CA7000FA0501F8FDF603ED0B03F20EF2030309CC
:10CA8000EB2C000D11F5EDF2FDFF01EB0614F407A0
:10CA90000206FF01F4F9F2F8EBCC0D11192BE1F8C5
:10CAA000090A00F10008031508050706EDF3E3FE87
:10CAB000CF03130E4249FAF9EF2300F7FEDD070515
:10CAC00015070E1BDFF6CDEFF41806FD1EDF290C4F
:10CAD0000008061B09EDFCF300EAFE12EEF0E8FA8E
:10CAE0000A11DEE30200F8FF020EF30C09F6ECFC7B
:10CAF000FBFAF40803E6FC05DE0C0FFCD9FAFE078E
:10CB0000020FFBFBFCE00D001104F826F4FBEB0F19
:10CB1000DA0AF9F8090710FF020F02090724100EBC
:10CB200007101013F217FA1A0ADDCF1A22FBFE06BD
:10CB3000FCF3FDF00D17FF2204FC27E8F4F711FDCC
:10CB40001EDEFAE9040E00050CFCFCEC01F707F808
:10CB5000FFFF0809F6F9030BF706EC08350DFAF2AA
:10CB6000F20302F6F90A0117F60B0304F201FCFACC
:10CB7000F7EA0416010006FDF005FD02FA190308A4
:10CB8000F30005FBF400DDF809E5E9F61BF2010707
:10CB9000FC01EFDEFD0F01F8E6020707F0FB01B92B
:10CBA000FFE70B10FD0501F605FB04EF031009FD7F
:10CBB000F6FEFC0AFE0D14EFFD02FEFCEF09010675
:10CBC000FE0E0311FA07FD140E0AFE0DEBFE07E13F
:10CBD000EB0807F30F10DF0D01FBFE1BF3F2FD075F
:10CBE00001F907FA1405F5EDFA09EDF1EBF8FA058C
:10CBF00000F9081902D702ED0714FB0116090A0A09
:10CC0000F811E7051B02F8F703FEFEF00904FDF733
:10CC1000EAFFFEF502FE060F00E8DB0A0801F8F065
:10CC2000FFF7FDE1F31BFBFCEF03F9EF02011A0C28
:10CC300003EE041800F5F7FDFBF303FEF80406F01D
:10CC4000F6F4FB0B0111FBFEF0FCFA10F6F60CFDFE
:10CC500003F8FC1A05FB00E4050607ED0204E916DB
:10CC60000B08F806F5F8F00002050AE80222FCEFCE
:10CC7000E9FFFDFC030008F6FBDACC131C06EEFE10
:10CC8000FCE9FCD9FF160005F7FE01FD120903F2CD
:10CC9000F2CEF3140D11FBFBFD000301FEE003FDDA
:10CCA0000809F7E5FB0614E1E103170AFD080F0E7A
:10CCB000FF00FD1C05E3FEEE040300F20F0E080B5F
:10CCC000F513DFE0F4EA0AFEFBFA0CFEF9FFF5E8E3
:10CCD000F1F2F6F0211C1AD21AFBB1F419F5F7F8AB
:10CCE00002F9FB1A02E4FEF5F809E3EF05FAEFEEAC
:10CCF00011F1F407040504000D0203D9040409012D
:10CD0000F700FAF6FBFD0802F2F20AE70C0304FC56
:10CD1000FD07FA0204250E0F03FC08F1000D0BFCC1
:10CD200005DAD2F1F1F009040808020FFDEA031058
:10CD3000F9FF06EA090D00EB181724EFE401F402ED
:10CD4000FEF8FC1608E9040EF8F6F2F9FDF7F8F91A
:10CD5000041810E808F70004FF06F4EFF81600F8CE
:10CD6000EBF8F610010C0902EDEBF0F106000FF9FB
:10CD7000FD07FFEAF51BFC0FF202FEEBF9EBFBEF00
:10CD800019E80D02FD00F5FDF50BF206FEF0F1FFCE
:10CD9000020802FCFAFFEC01FAE935010C14E9F291
:10CDA00002F601060CF00413FEE90F01F301F3068D
:10CDB0000AFE0DF31B1D0C10F6F6081703DB05F435
:10CDC0000CFC14FEFBFC1E072011E8F0FBDC00014C
:10CDD00006FD010E04FD0BD7F7FF01FB010D14103A
:10CDE00014E6B9EA0430F4F605F906FD07F7F21087
:10CDF0000CFCF8FCEAF0F20AF2E0220917F705FA57
:10CE000000F9EEFD0F07FC08FAFCFA17FCFFEBFA3D
:10CE1000EF0BFD08FB1F010802F4090301FCFE09EA
:10CE2000EF130FF9050317F80D0407122F07FBFD89
:10CE300004F0F6FD10FFFE09FAFCFFE20805FFFB17
:10CE400016FDE3FBFEF80001FFF801F904FD0C16E6
:10CE5000EC02F31301F40107F6FAEE0B0BF50D06E5
:10CE6000F70C04FF0808061601FBFE06FFF7E4EDC9
:10CE7000030F181104EB11F9FFFDF811FD07FA0D6E
:10CE8000FEF50400E7FFFC00E907F5FE1012FCFECA
:10CE9000080106F6030CFDFB03F9F1F50CFFFAF2AD
:10CEA0001307090CE004FB000800F7ECFA00070286
:10CEB00002F5F30BE703181EF8F23301F01C08FD2E
:10CEC000F90606EC0F12FCF902060907F4FC0C3413
:10CED000000CFC1AF10AF600FD0607FFF12EF6E73A
:10CEE00012050AFBE4EEFFF5E0EDD812F5FBF7FCC6
:10CEF000F80AF103030404EAFE0106110A0901EE2F
:10CF0000F00B1D0501F903FDFDFEF7060508FDF90F
:10CF1000F8070A05FDFB00E8FC01F309E608EEFB53
:10CF2000FD00FC0211FBFDF606FC0AF206080FF4F8
:10CF3000FCF0EE030704FA06050207F1FC01F9F123
:10CF400002F9FAFAFBF6F500FEEDFB020AF207071A
:10CF5000FAFAFF020403F7FE010803FBFA01EFFBF4
:10CF6000F30B050011E909F707FAFCFDF7F2F802E7
:10CF700002F7FC0101030701FCFDFEF5F6FD05FBD0
:10CF8000FBFBFB06060302FE0A030603F1FFFF0597
:10CF9000FF0CFA000104F70505030805FCF507FB83
:10CFA000040B010004070CFF08FBF8FD010BFC0853
:10CFB000FE02FCF507F90702FF0A071001FD100C3D
:10CFC000FBFFF80801010400FC0303F7FDFD06F96F
:10CFD00001020210FCFA0605FAF4FFF8E7FD0CF571
:10CFE0000608030000FCF1F4EEFF02FAFA0105095D
:10CFF000FDF7F9FD0D0000FEF7F604000DFF040734
:10D0000004020CFD1108FDFE0902F8FC16070406D7
:10D01000070DFAF7F8FD0403F8070501FFF5050110
:10D02000FB02041C020902FD000702FBFA030400D4
:10D0300006F9FEF7010DF8120001050901FFFD03D5
:10D04000FE0600F9FC08FCFAFF09FD0B0709F9F6DA
:10D050000002F001F9080CFEFC04F10403F800FDE5
:10D060000005FD05FB02FFFF051300F8E104FAFAD5
:10D07000F6FC04FF03FE000902FDF7F20805FBFEC3
:10D080000D0301F8FB19F606020908FBFF1BFB085C
:10D0900008FC0302F805FEF8FFF7080BF8F6E7F5C1
:10D0A000FC09F9F9020902181DF60919F3F3F71240
:10D0B000F403FC12FA3BFA0102100809FEE70D1115
:10D0C00004FF0412EF00E709F62C07F303F9120638
:10D0D000F603010905EAEFEB03060907FA03FC0B67
:10D0E000FA0AF8E317C3FE01050803050BF9F70B6D
:10D0F0000BFB050C07F4FD01EA0C14FEFBC1FCFF61
:10D1000007F2F6F904E90AEF10F9FD1EFD07FC0429
:10D11000E0F1E808F3DB15FC04FC1004FE0BF90950
:10D12000FC07161AFE04F6F90EFAE409F343FB0BAA
:10D130000D0806ED0102F31CF6FB13F5FF06030EC6
:10D140000AE802EA091AF6F8FF0306E911F201FEFD
:10D15000FA00FF0BFCF10421F7F30E0A2914FDFB82
:10D16000050207F6001AFB16FFFC04FFF4F3FA0DA4
:10D17000F3E2E6000C0A00FEF70101060313FC08C7
:10D18000FE01F2FEF803DFFD06F4F5FC12F6ECF703
:10D190000B0702EE0506F8EFF60BF50C02F502D1CF
:10D1A00003F813F2EC0902F705FFFEF5FA2002027C
:10D1B000FE010111EAFF01E8FADFFC00F0FA02F9D2
:10D1C0000102030206F6F8FE0F02F20E00FB02EB6C
:10D1D000ED000202F4FEF5FC05FCFC12F5EE00F198
:10D1E000FEF9FAFA14FD00EDFE0CF8F8E7F4F80386
:10D1F000FB0500FEF8EB04DA04FC08090EE7050164
:10D20000F511EFEDC6C8FF040FF2F8F900ED04E5E3
:10D21000EB0805F301FF15F301F3FE01F7E2FA0A4B
:10D2200000F3F81905FDFEFCEBF307DC250C0FE716
:10D2300006D40006F5CFFCFEFFF8FCFE0316F8F45A
:10D24000E2020EDE0F0E24FE08E5EA170B20F102C3
:10D2500001FCFAF6FDF6ED03F1FF05E10A0D01030D
:10D2600004EFF30704EE11F901FDFCE905ED0DFBF8
:10D27000F4FBFDFA0BFFFE0A0AEEFFFFFE010FF2C0
:10D28000F7F9F805F9FAE8E9EF01FEF2FAEC140C07
:10D2900007DEE611F73FFFFB02FD08DDFE000BFF96
:10D2A000EC03F5EF1201011401E0EAFE163709F96B
:10D2B0000802FEECF8F8FDED0303F8F1FF02020DA1
:10D2C000FF0FEF24F6150EFFF4FEFBF2FE04FC0246
:10D2D000E9FEF404F8F808F801F3E0F90D0BF30B9C
:10D2E000FBFA000FFC13F8060507F11D0A091B02E3
:10D2F000020C04060AFEFEF8F90205FFFBEDFB0C2A
:10D30000FA0AF3100204FF01130C08000E090607C5
:10D31000FB03FE0100F4FCFB0B0AF80DF6E8F8181D
:10D3200005030C03FEFF06F70B0901F6FF1A090CB3
:10D3300002FBF3FDFE04FCF00306190CF2FAFA08F6
:10D34000F90210170101FE0CF3FE0500FCF010FEBF
:10D35000F0042900EDF9F601080904140C00FB02A1
:10D360000302FEFB0FFFEA0BF314211DDC1502F68E
:10D3700005FEF702F9EB04000C0B040CF909FB079E
:10D38000E71727F01AFA0E0D0EF40102F400FEF270
:10D390000BFE04DDFCFD04E9FDF7E301210E07FEB1
:10D3A000F4001008EFFD0512200C09F40101FEFD48
:10D3B00001F608F3CC1702FAF9020CEE01F7F603B6
:10D3C000FF09F0E31C11EE01090A29F3052BF3E52F
:10D3D00008FA02EFFC15EE1B000AFDF1EBF2E3AFD9
:10D3E000C70F5513F8010CF100F8FE10F4010B12F1
:10D3F0000601FCF505F4FBFD0218100ADD11FDF82D
:10D40000FE04FD0302D9FE0CF40801EEF306270723
:10D4100014030CF2FDE6E4FF03F91008FBBFF6FB72
:10D4200006EE01111608F0110F0EF4F4E1ACEB0159
:10D43000F3FEFAF9FDD2F7ECF9FBF01CFCFBF5105A
:10D44000E3042C1B10F601FCFE0B12FA0BF9FE1C78
:10D45000FC100307F700E00606023FF7FEF214FB9C
:10D460000306060FFCE90814D6FE0AEAEB101B259A
:10D4700008010CF2D6E113FDFEF3FA0705DBF7F025
:10D48000FC0101002519121014F00509E7E1F3F978
:10D49000F3F1030AFEC8FEDDF9040AE5060DF425E2
:10D4A000FFF9EA222BF5F603F20B04E103EEFD1877
:10D4B00009F7FC30FFF1E41DE9FD35F11FF9030127
:10D4C00001FEFAFAFF11FCFEEF021602F40BFB0854
:10D4D000FFFD2910F3141E09F7EC03F7FBF0FE0C17
:10D4E000E106110A0E06041D4518071B050FFCF87E
:10D4F00010F5F40601FCFB08FC02FDF1F9F427FE2F
:10D50000FE1EF4DF00D20D05FC07010206E0FDF966
:10D51000F3F7FFE60CF9ECFB0AFB0BF700E7F2056B
:10D52000FAFFFE0AFAF2000B06ED07000504FFF60B
:10D53000FD0A0FFD4546FB0507F8FC07011704121D
:10D54000050405EA00010E0F0B1D0C0A0D060B0663
:10D55000040602ED0310FBFCF905FEF4060CF30FC4
:10D5600015000EFDFF1C00FEFCF9FCE108F9FB06AE
:10D570000C02020FEF08F7FAFEFD15FAF10E0DFE90
:10D58000F70000070901F6FBF80B0FF4FFFB170289
:10D59000F40015F90240FB040BF60215F609F5D06C
:10D5A000EC050804151600F702F305060221FE0C2F
:10D5B0000BFE02FFF9DFF7DD03FB0AEEF7F30907C5
:10D5C0000C02F732FA02F7F8F5FE03ED0AF9F90C4E
:10D5D000F705FD0608FE03D6FF031913FB07F1F25A
:10D5E000FDFB05240B17FEFFF6F1F5FDFBF410F92A
:10D5F00003F8000F04E3EB0703FAF9EDFDFDF4185F
:10D60000F20104F4F60C12F601F402FBEB0BFDFA46
:10D61000FB06F80100010712F0FC050002F50CF40E
:10D620000BFDFA20C0ED05FC00F1FCCB030807E878
:10D63000E9F3F905EFF7111CEFB7FD0BC6FB08FB8B
:10D6400001E807F40510FED0ECF9001002094BDDEB
:10D65000D4E1B60ED3EECF1103F4F50CF50405D5E5
:10D66000F4F2F9EB0C1C05F6B4E6FA25F3F2D4FD5E
:10D6700007FAF8F501EAF4E1F9EFECFC070AF3EF39
:10D68000C4F5133503D0FB0EF4F30904F6E9F2EB0D
:10D69000E9FB0BF9F5FC14F8EDD8F003F3C71C0A0D
:10D6A00004FC0AFDF60503EDE91315E6F9141E0B5B
:10D6B000F7D3BDFAF513F902FF03FBF604F90513DE
:10D6C000030BFCDE01010314E7EDE9F1FBE8FB03CA
:10D6D00006FFFFFBF9FD01FC0908EFE2030EFAFA71
:10D6E000E8F90202E332040310F402F3070EF8E350
:10D6F000F90CFD06F308FE08F9EFD80AC5DF0BFAAE
:10D70000EE08FB1AFFFAFAD0F612F9EE0EFEFDEE65
:10D710002235DAF1F2E10BF8030900F6FB00F9011A
:10D72000EBF302E905FDFE012FD6DBF0FBEBE30294
:10D730000AF4F6ECEF05F8EFF6EC08FB090712D057
:10D7400025FFF2F907E5F6F60A0AFB20FD030B03B5
:10D7500011FAFDF0EEEEECE20536F9DBD4F8F6F85E
:10D76000FE060304FAF002152FFDFE080DFBE8DDAE
:10D770002B3B2AE5DB0D010408FC010EFDFD080A28
:10D78000E903050CF0F902F9FF0DF0E91C28FBF89C
:10D7900005F3F70BFEEAFE0B0606FDEE07F90AE6B7
:10D7A000041F353217EFEF07F20AFCF1F11400F411
:10D7B000FDFE22EE06F6F90EEDCA30F2EA0702008F
:10D7C000F4050DDBFAFE02EA01E81D09110B081051
:10D7D000F6E01608DEEBF10504FA0DF7F9DA00D8E9
:10D7E000020A13FDF9020001C7E5F71EF7FAF3F983
:10D7F0000206FE04FDF0F5FA00030010140DEEF72A
:10D80000CE0E2F17CAD0100109FC0606F301FFE562
:10D810000107020409FE09F7FD08DFFFEADBFC0847
:10D82000FF16F81600EE1AD2F8FEFDF9FC051DE20F
:10D83000F4DBD2FFCCF10A090BFF05FC00F106E78F
:10D840000002EC0310FD08F2FEF8FC0419F40901D3
:10D850000E10F8EBF9FB06020CEEFD010E0109F6C5
:10D860002102D6E51CE50800F903F9FD02E6F6F30E
:10D8700007F9020F1BFB032D021FE0E5F424F6114C
:10D880000F08F80E080700F61FF20B22FAFB030D33
:10D89000F105DCE5EAF70309F71B01080221FAFAB2
:10D8A0000CFB050AFD13F50610F1EDF2142AF6F74C
:10D8B0000C0804F5FC31F62003030306F7EFDDE75F
:10D8C000F2E706060D24121404F9F3E00A4D0B05E5
:10D8D00001F8FDEBF0001105F2ECC9032527F4FF78
:10D8E0001109FAF5032C0DFAF20B03EEEC0AF9FA22
:10D8F00000EAEEFBF705F507FB080316F9FC0DFD42
:10D900000205FBE60018ECEC0CF62A0702F2F9011E
:10D9100002F5F6F8FFF6FCFBFC00F004FC00F3DD7A
:10D92000E907F8F701EF060D01080005F90BF6EA23
:10D93000F30906002C0833C5F404D60A3FEE070CA1
:10D9400002080AEBF5EB18F904FEDDEC21F8F4C847
:10D95000D9D80FF928ED18FAFC05FB0FFDDA060EF1
:10D960000FF301E60301000713EFFBE124000704B6
:10D97000F3FF040B0311FBF8F5F507FE0A0B19077B
:10D980001CE8E916FB270005FB0BFE01F9EC08F586
:10D990000205FCEBFD0108F9FBEBD903FBB80F0C0A
:10D9A00004F9FDFCF5F601E2FC03FBEA180F33F283
:10D9B0000DDBD2F9FEC2FFFE02FB0F05072604EFC6
:10D9C000F40507EE0B1D493102D8EB08EF15E40012
:10D9D0000B0302F3011603FD08FEFB010C0BFDFF18
:10D9E000E6E6F60909E610F6FCF4F5020209FFF096
:10D9F000F80210ECFF00F10B05E2E516F81B130529
:10DA0000FDF5F407010EFFEDE602F3E611F515FE54
:10DA10002508EC0301EAFFFFFBF804F3061704E90D
:10DA2000EEF9F1E41A051CF90CE7E5010B01FBF432
:10DA3000FA0209F5FE0A0DF2F6F0F10004FEF3F326
:10DA4000E309E20C06FE1303F90A0A0100F6E914E1
:10DA5000FA0600F9FBF903E116020B0400EDEFF7FB
:10DA6000FBFF0A320B03F10D0BFB01ED04FA01077A
:10DA700005152417F1F8FEF1FDF1FEFE020EEA0392
:10DA8000EEFCFE02FC0106F20AF1F5FDEEF4F8EF01
:10DA9000FE000502F5FE000AF104FCF5000302F9A0
:10DAA000EEFF1D1AF00803FDFDFCFFF0FC07FFFF71
:10DAB000FCFE05F4FB03F6FAF9D2F709FFFD01FEBF
:10DAC00007F004020D0001E3EA051402FE013A002A
:10DAD000EAF0EF11EC06F30408FBFE0D16F1FDE58C
:10DAE000F5F908F5220EF5F6DA030D3304F7070908
:10DAF000F2F70305FCECFBF1F405F4F00EF00AF785
:10DB0000EBF9FF1C10F8FC07F9020002070402FD04
:10DB1000F80602FCFF02FC01F3FA030AF404030115
:10DB200006000106FF00FAFFFC07FE07F904FDFFEF
:10DB300005FE00FEFE04050000F307FAFF0009FDE4
:10DB4000FFF5FA03FE0806FBF7FDFD0800F108FDEE
:10DB5000FEFCFB06F5FE0702FDFAFDFBF90506F9E2
:10DB600001FE00FCFF05FBF50104FEFFFC020001C5
:10DB70000706F3FDF902FC01FC0202FA05F6FF06B6
:10DB80000A05FBFEF6FD0605FD00FC000103FE0193
:10DB9000FE03FE03FCF6FFFDFD07FBFCFBF60100A8
:10DBA0000201FCFC06FCFBF9FA01FD040DFCFD0181
:10DBB000FDFFFC03FAFA00FAF9F7F7FF0B01F2FC9C
:10DBC000000200FEFBF702FCFDF900020501FE0069
:10DBD00006F903FB0C05FE0501FFFBFB0701F80B33
:10DBE00001FDFBF9FD020604020301FCF903FFF746
:10DBF000FFFDFAFFF9FF04F8FDFD00FE030105FF3C
:10DC000003FEFBFEFEFFF5F6FBF9FBFEF5040A0240
:10DC1000F501FE0100FDFBFCFD0404F802FB01FD23
:10DC2000FB0207F701F801080802FDFE01FF0202EE
:10DC3000FA04F900FF00FBF501010101FF050002F4
:10DC4000FBFA09FC050209FA0402FA05F20107FAD7
:10DC5000FE030006F4FFFDFAFAFD060703040004C4
:10DC6000F701FC0000FD000AFC00030500FDFE00BA
:10DC70000100FE0401F7FD00FFFBFFFEFB030A06A7
:10DC80000BFA00FD10190DFAFEFBFFF00A0600006A
:10DC900002FF02FF02FAF1FE0AF2EE0AEE21F80993
:10DCA000011905DFF104FA130504FE08F6F8E60C85
:10DCB000DE0720FF3A450BFFF90F06FBFDFE000DC6
:10DCC00006F7070EF3E5DB12F91402F204E326FE71
:10DCD0000305F7F5FCE00107F5FB0300EFEDDE1AA5
:10DCE0000EFE0FFDE4E8EF010402020001F700025E
:10DCF000FEEFF906FF000DE60A08EE07F517E10C46
:10DD00000102FEEEFC02040C120E03110AFB00F5E8
:10DD1000DE0CFBEA012AF9FC0E040121F6080512CB
:10DD20001D14122EF4FB05F50406080CFC24130543
:10DD3000F8FDFEFD0ADE0DE516F906FBFF001F26C5
:10DD4000FAFC1109EAE1F0030410ED180305050AD5
:10DD50000EFA00F117F7EDE4F70A0D1004EEFB04DC
:10DD6000FFEFFAFDFDEFFCF7F4F7ECF6F400FBF73C
:10DD70001AEEFDFA06F81504FF050801FD03ED0291
:10DD8000FEF8010207FA11FD05EC0A09090EF0136D
:10DD9000FDF3FD0D080906EBF6F306ED08FB1BFE8F
:10DDA00021FAEC2FE5F3010900F702ED010A07FA69
:10DDB0000EFB0DFCE4F6EF17EBD028F9C81202FBBE
:10DDC000F3F0FFE0FD0705F8F7000503EAFD13E3B4
:10DDD000DEECFBF9E400E408FAEDF609040DF5E0E9
:10DDE000ECF9EAFDFE0C15E8B7DAD012C9E4E5005B
:10DDF000F6010A18F6ECF8E400F9EA000AF8F0F087
:10DE0000BCF5DD21F8050405FB01FDF0010D00FD69
:10DE10000A04F70AF8FBF008FEF105FE240B07FDE3
:10DE2000FF050AED04FF02160EF1F9070CF0F70EDC
:10DE3000FD0C1CF22330F503FD0000F10003FE0F82
:10DE400013FE03F606FCFC07021909010DF2081384
:10DE5000FB0907FAFFF5FB0207F6FFF3F903F611DA
:10DE6000FAFB05F8FE0001031007F8F200FEFD02C0
:10DE70000BFEF606FE07EDF100020AF9E608FC04C7
:10DE8000FC0507F902EDFDFD1401070A0302FFFC82
:10DE9000FA0DF9F80A05060C0E00EE03FB0303F673
:10DEA000F9000B00FFF9060F00F4030BF01000F966
:10DEB000F5F504F9080C0AEF09FF05F1F5F8FD285E
:10DEC00004F4E4E807F8EFFFF703F50A03EDFE04B6
:10DED00004000C0B0AEAF2F003060D06EEEC00015A
:10DEE000FDF00AFDFEE7000E0A01E3F2F9F804185E
:10DEF0001AF40501F403210108F303FDFCFFF516F4
:10DF000007FC09F803F90C1A04D7F0FF0E1AE8040D
:10DF1000F8EFFD01FB1CFCF800F3F70209FD10F21D
:10DF200016F1FF10BF01F903FAF8FCF004FB040539
:10DF300013FFF915EEF703F5F0D206FEB609FCFD66
:10DF40000AFC06E60519F5ECF1FE060FE6081CD5FD
:10DF5000D4D7E60FE6FCE00A00EDFD0E0106F3D48F
:10DF600001FFF0FBF7021CEBBAEBB5F9F3F4E4FDAB
:10DF7000FDF7FE0004F0FAF2FAFDF3F20C04F6EFFE
:10DF8000D20BF41F1909070C00000C00FFF4F7F482
:10DF900005FAFFFD0600F1060C15FEFF12FC02FF5C
:10DFA0000301F600F8E7FCFDF50801FC0FFF15F989
:10DFB0000E0109112D4CF803FAFD07FB0821F50F9E
:10DFC000F3FC04F4020312080205F9030DF804023D
:10DFD000FC0A020A04100408FA1305E20B09070AF6
:10DFE00015F70C010C1FEFFDF706F6F2FE0D01F61A
:10DFF0000F0A0109FB08FCFA17040F0105DD04F5FF
:10E0000003F204F904F0F4F9FA010AF7FE0511F934
:10E010000AFD1701FC14FF0803FD070A000DFDE2CD
:10E02000FA0305000E030DF7EFE714192010E6F7C9
:10E0300000F005FC06F2F7DE09F207FCF307EF0635
:10E04000F1F7F515F6F703F80CFAFDFE0201F723D8
:10E0500003FE03FC0207F9EE00161D08F50702F89F
:10E0600003000C00F912F31B0901FE04000203E88F
:10E070000AF3170BD8FCFD07FCEC01FDFCFEFB11BD
:10E08000ECF4FC0D080208F805E3EB05F601FBF6DD
:10E090000205F8F7FF030106F2F7FFF40DFAFFE7B8
:10E0A0000DF41033BF010CF401FA06EEFB090DF07C
:10E0B000F6F2070FED0118FFF9BB0705D7F80905C0
:10E0C000FEE606001010FACDE1F4011D01FF3BE170
:10E0D000C2C8BF2AC5F3D30BFFF7FA040304F7CA7B
:10E0E0000F06F1EE1C0E02F4BCDBDC0CD5F1F000E7
:10E0F000EFF206FF01F4FEF1F902F0E32D10F3EB6D
:10E10000BAFB0E340506000000000000000000000D
:10E1100000000000020300000000000000000000FA
:10E1200000000000FCFA00000000000000000000F9
:10E130000000000002F000000000000000000000ED
:10E140000000000001DF00000000000000000000EF
:10E1500000000000FD1200000000000000000000B0
:10E1600000000000FF170000000000000000000099
:10E1700000000000040F000000000000000000008C
:10E18000000000000AF20000000000000000000093
:10E1900000000000FEEF0000000000000000000092
:10E1A0000000000006030000000000000000000066
:10E1B00000000000FA1E0000000000000000000047
:10E1C000000000000212000000000000000000003B
:10E1D000000000000808000000000000000000002F
:10E1E0000000000007FF0000000000000000000029
:10E1F00000000000FC100000000000000000000013
:10E2000000000000071F00000000000000000000E8
:10E2100000000000043300000000000000000000C7
:10E2200000000000003700000000000000000000B7
:10E2300000000000FF2500000000000000000000BA
:10E2400000000000FAED00000000000000000000E7
:10E2500000000000FD0100000000000000000000C0
:10E2600000000000021A0000000000000000000092
:10E27000000000000B1B0000000000000000000078
:10E28000000000000E0A0000000000000000000076
:10E29000000000000001E900000000000000000094
:10E2A0000000000000E7CD000000000000000000BA
:10E2B0000000000000E8E000000000000000000096
:10E2C0000000000000E9D60000000000000000008F
:10E2D00000000000000BE60000000000000000004D
:10E2E0000000000000FB1000000000000000000023
:10E2F00000000000002B14000000000000000000DF
:10E300000000000000290B000000000000000000D9
:10E310000000000000380F000000000000000000B6
:10E320000000000000FAFB000000000000000000F8
:10E3300000000000001BFE000000000000000000C4
:10E34000000000000029150000000000000000008F
:10E350000000000000201E0000000000000000007F
:10E360000000000000FE250000000000000000008A
:10E370000000000000D9FF000000000000000000C5
:10E3800000000000000F1A00000000000000000064
:10E390000000000000F6FB0000000000000000008C
:10E3A000000000000006F200000000000000000075
:10E3B0000000000000FCF50000000000000000006C
:10E3C0000000000000FEF900000000000000000056
:10E3D0000000000000D3CF0000000000000000009B
:10E3E0000000000000E6E400000000000000000063
:10E3F000000000000012FD0000000000000000000E
:10E400000000000000FCFD00000000000000000013
:10E410000000000000EA0100000000000000000011
:10E4200000000000000005030000000000000000E4
:10E4300000000000000009080000000000000000CB
:10E4400000000000000002F10000000000000000D9
:10E45000000000000000D8010000000000000000E3
:10E46000000000000000EA1B0000000000000000A7
:10E470000000000000000DFC000000000000000093
:10E480000000000000000E0A000000000000000074
:10E49000000000000000FDEB000000000000000094
:10E4A000000000000000EA0B000000000000000077
:10E4B000000000000000E525000000000000000052
:10E4C00000000000000007F600000000000000004F
:10E4D000000000000000F90600000000000000003D
:10E4E00000000000000006E6000000000000000040
:10E4F000000000000000ED1100000000000000001E
:10E50000000000000000E1300000000000000000FA
:10E510000000000000003FF90000000000000000C3
:10E52000000000000000240C0000000000000000BB
:10E5300000000000000016010000000000000000C4
:10E54000000000000000FAFF0000000000000000D2
:10E55000000000000000EF140000000000000000B8
:10E560000000000000004B0200000000000000005E
:10E5700000000000000027EE000000000000000086
:10E580000000000000000FF8000000000000000084
:10E5900000000000000006F800000000000000007D
:10E5A000000000000000F60600000000000000006F
:10E5B00000000000000000E4050000000000000072
:10E5C0000000000000000000EC000000000000005F
:10E5D00000000000000000EBFE0000000000000052
:10E5E00000000000000000F5ED0000000000000049
:10E5F00000000000000000FDF50000000000000029
:10E6000000000000000000EDE70000000000000036
:10E6100000000000000000221900000000000000BF
:10E6200000000000000000FBFB00000000000000F4
:10E6300000000000000000F1E80000000000000001
:10E6400000000000000000FAE500000000000000EB
:10E65000000000000000000CF600000000000000B8
:10E660000000000000000012040000000000000094
:10E67000000000000000000F080000000000000083
:10E6800000000000000000FCEA00000000000000A4
:10E6900000000000000000FF00000000000000007B
:10E6A000000000000000000D160000000000000047
:10E6B000000000000000000707000000000000004C
:10E6C00000000000000000120B000000000000002D
:10E6D00000000000000000F1F20000000000000057
:10E6E000000000000000000803000000000000001F
:10E6F00000000000000000120F00000000000000F9
:10E70000000000000000000C0600000000000000F7
:10E7100000000000000000271F00000000000000B3
:10E7200000000000000000F6FF00000000000000F4
:10E7300000000000000000EDED00000000000000FF
:10E740000000000000000000F2F3000000000000E4
:10E750000000000000000000F302000000000000C4
:10E7600000000000000000000601000000000000A2
:10E7700000000000000000000BFA00000000000094
:10E780000000000000000000060200000000000081
:10E790000000000000000000F00200000000000087
:10E7A0000000000000000000EEF700000000000084
:10E7B0000000000000000000FAFC00000000000063
:10E7C00000000000000000001EFA00000000000031
:10E7D000000000000000000006040000000000002F
:10E7E0000000000000000000F9FF00000000000031
:10E7F0000000000000000000EEEE0000000000003D
:10E800000000000000000000F00100000000000017
:10E810000000000000000000230B000000000000CA
:10E82000000000000000000009FB000000000000E4
:10E830000000000000000000EF00000000000000E9
:10E8400000000000000000000102000000000000C5
:10E85000000000000000000004F3000000000000C1
:10E860000000000000000000F806000000000000AA
:10E87000000000000000000008140000000000007C
:10E88000000000000000000002FE00000000000088
:10E8900000000000000000000EFA00000000000070
:10E8A0000000000000000000F5F90000000000007A
:10E8B0000000000000000000FD0700000000000054
:10E8C0000000000000000000FC0A00000000000042
:10E8D000000000000000000000FE0B00000000002F
:10E8E0000000000000000000001A0300000000000B
:10E8F00000000000000000000026090000000000E9
:10E900000000000000000000001F040000000000E4
:10E910000000000000000000001DEF0000000000EB
:10E920000000000000000000000D020000000000D8
:10E9300000000000000000000017040000000000BC
:10E9400000000000000000000030F20000000000A5
:10E950000000000000000000001CF30000000000A8
:10E9600000000000000000000022FE000000000087
:10E97000000000000000000000040400000000008F
:10E9800000000000000000000025F800000000006A
:10E9900000000000000000000032F3000000000052
:10E9A00000000000000000000022FC000000000049
:10E9B00000000000000000000025ED000000000045
:10E9C0000000000000000000002F01000000000017
:10E9D0000000000000000000001EFA00000000001F
:10E9E0000000000000000000002403000000000000
:10E9F00000000000000000000029FC0000000000F2
:10EA000000000000000000000009F300000000000A
:10EA10000000000000000000001BFD0000000000DE
:10EA200000000000000000000038020000000000AC
:10EA30000000000000000000002A000000000000AC
:10EA400000000000000000000004F50000000000CD
:10EA500000000000000000000001050000000000B0
:10EA600000000000000000000000FDF400000000B5
:10EA700000000000000000000000F7F500000000AA
:10EA800000000000000000000000F0F500000000A1
:10EA900000000000000000000000F4F20000000090
:10EAA00000000000000000000000FAF60000000076
:10EAB00000000000000000000000F4F10000000071
:10EAC0000000000000000000000003EE0000000055
:10EAD00000000000000000000000FF060000000031
:10EAE00000000000000000000000FFFF0000000028
:10EAF0000000000000000000000001FD0000000018
:10EB00000000000000000000000002F5000000000E
:10EB100000000000000000000000FE0200000000F5
:10EB2000000000000000000000000EF800000000DF
:10EB30000000000000000000000002F200000000E1
:10EB400000000000000000000000FBED00000000DD
:10EB500000000000000000000000FBF600000000C4
:10EB6000000000000000000000000CFF000000009A
:10EB7000000000000000000000001108000000007C
:10EB800000000000000000000000FEFB000000008C
:10EB900000000000000000000000FE100000000067
:10EBA00000000000000000000000F7E90000000085
:10EBB00000000000000000000000180E000000002F
:10EBC00000000000000000000000090A0000000032
:10EBD00000000000000000000000FB00000000003A
:10EBE0000000000000000000000007F90000000025
:10EBF000000000000000000000000008FA00000013
:10EC000000000000000000000000000E09000000ED
:10EC10000000000000000000000000F91B000000E0
:10EC20000000000000000000000000FE10000000D6
:10EC30000000000000000000000000CAE700000023
:10EC4000000000000000000000000005F2000000CD
:10EC5000000000000000000000000023FC00000095
:10EC600000000000000000000000001F0F00000076
:10EC70000000000000000000000000142C00000054
:10EC80000000000000000000000000D30C000000A5
:10EC90000000000000000000000000DEED000000A9
:10ECA0000000000000000000000000FCF500000073
:10ECB00000000000000000000000000F0300000042
:10ECC0000000000000000000000000F2240000002E
:10ECD0000000000000000000000000D41700000049
:10ECE0000000000000000000000000EAF200000048
:10ECF0000000000000000000000000D1D300000070
:10ED00000000000000000000000000FAF800000011
:10ED10000000000000000000000000F621000000DC
:10ED20000000000000000000000000DD0500000001
:10ED30000000000000000000000000F600000000DD
:10ED40000000000000000000000000C8E00000001B
:10ED5000000000000000000000000000D5000000DE
:10ED60000000000000000000000000F608000000A5
:10ED70000000000000000000000000EA0C0000009D
:10ED8000000000000000000000000000FAF6000093
:10ED9000000000000000000000000000000500006E
:10EDA000000000000000000000000000FAFD00006C
:10EDB000000000000000000000000000080E00003D
:10EDC000000000000000000000000000F90000004A
:10EDD0000000000000000000000000000101000031
:10EDE000000000000000000000000000FBE900003F
:10EDF000000000000000000000000000FFF600001E
:10EE0000000000000000000000000000000D0000F5
:10EE100000000000000000000000000003080000E7
:10EE2000000000000000000000000000F9F90000F0
:10EE3000000000000000000000000000F8020000D8
:10EE4000000000000000000000000000F1FC0000D5
:10EE50000000000000000000000000000914000095
:10EE6000000000000000000000000000010500009C
:10EE7000000000000000000000000000FCFD000099
:10EE8000000000000000000000000000F8F6000094
:10EE9000000000000000000000000000F1F300008E
:10EEA00000000000000000000000000006F6000066
:10EEB000000000000000000000000000F8F7000063
:10EEC000000000000000000000000000FF0800003B
:10EED000000000000000000000000000F2F400004C
:10EEE0000000000000000000000000000D03000012
:10EEF000000000000000000000000000F1FA000027
:10EF0000000000000000000000000000F0FB000016
:10EF100000000000000000000000000000F4FE00FF
:10EF200000000000000000000000000000F80800E1
:10EF300000000000000000000000000000F40D00D0
:10EF400000000000000000000000000000170700A3
:10EF5000000000000000000000000000000EFA00A9
:10EF600000000000000000000000000000F9150093
:10EF700000000000000000000000000000C10300CD
:10EF80000000000000000000000000000009EF0089
:10EF9000000000000000000000000000004FE20040
:10EFA0000000000000000000000000000047E30037
:10EFB00000000000000000000000000000E80D005C
:10EFC000000000000000000000000000000AE9004E
:10EFD0000000000000000000000000000039DB001D
:10EFE000000000000000000000000000004AC8000F
:10EFF000000000000000000000000000001ADE0019
:10F0000000000000000000000000000000020600F8
:10F010000000000000000000000000000013E700F6
:10F020000000000000000000000000000025EA00D1
:10F030000000000000000000000000000003EE00DF
:10F0400000000000000000000000000000BCF40010
:10F050000000000000000000000000000006EF00BB
:10F060000000000000000000000000000001ED00B2
:10F0700000000000000000000000000000EF0B0096
:10F0800000000000000000000000000000DC15008F
:10F0900000000000000000000000000000DC07008D
:10F0A0000000000000000000000000000000F90463
:10F0B0000000000000000000000000000000F0035D
:10F0C000000000000000000000000000000002033B
:10F0D0000000000000000000000000000000121C02
:10F0E00000000000000000000000000000002D19DA
:10F0F0000000000000000000000000000000FDF81B
:10F100000000000000000000000000000000FF12EE
:10F1100000000000000000000000000000000AF3F2
:10F1200000000000000000000000000000000216C7
:10F1300000000000000000000000000000001F1E92
:10F140000000000000000000000000000000EFFBD5
:10F150000000000000000000000000000000F00EB1
:10F1600000000000000000000000000000000E0D84
:10F170000000000000000000000000000000231E4E
:10F1800000000000000000000000000000001A194C
:10F190000000000000000000000000000000FBFE76
:10F1A0000000000000000000000000000000020B52
:10F1B0000000000000000000000000000000FD2230
:10F1C0000000000000000000000000000000FA0E37
:10F1D0000000000000000000000000000000FF0030
:10F1E00000000000000000000000000000000C0E05
:10F1F00000000000000000000000000000000112FC
:10F200000000000000000000000000000000F915F0
:10F210000000000000000000000000000000F801F5
:10F220000000000000000000000000000000FB03E0
:10F2300000000000000000000000000000000009C5
:10F24000FA000000000000000000000000000000C4
:10F2500006000000000000000000000000000007A1
:10F260001600000000000000000000000000001375
:10F27000F700000000000000000000000000000E89
:10F28000E90000000000000000000000000000F4A1
:10F290000D00000000000000000000000000000859
:10F2A0000200000000000000000000000000000953
:10F2B000E50000000000000000000000000000F673
:10F2C000E40000000000000000000000000000F862
:10F2D000E700000000000000000000000000000740
:10F2E000E000000000000000000000000000000737
:10F2F000DB00000000000000000000000000000033
:10F30000050000000000000000000000000000F107
:10F310002F0000000000000000000000000000F7C7
:10F320002500000000000000000000000000000AAE
:10F33000120000000000000000000000000000EAD1
:10F340003A0000000000000000000000000000F48F
:10F35000440000000000000000000000000000E683
:10F36000290000000000000000000000000000EB89
:10F37000E90000000000000000000000000000F3B1
:10F38000060000000000000000000000000000F87F
:10F39000EA0000000000000000000000000000FE85
:10F3A000CC0000000000000000000000000000EFA2
:10F3B000D10000000000000000000000000000E399
:10F3C000DA00000000000000000000000000000063
:10F3D00001ED00000000000000000000000000003F
:10F3E000FB1800000000000000000000000000000A
:10F3F000EA00000000000000000000000000000023
:10F4000001D5000000000000000000000000000026
:10F4100018CF000000000000000000000000000005
:10F42000FCE60000000000000000000000000000FA
:10F4300013FD0000000000000000000000000000BC
:10F440000C3D000000000000000000000000000073
:10F45000DE5400000000000000000000000000007A
:10F46000DF34000000000000000000000000000089
:10F47000EF07000000000000000000000000000096
:10F480001FEA000000000000000000000000000073
:10F4900033C0000000000000000000000000000079
:10F4A00034F0000000000000000000000000000038
:10F4B0001F1D000000000000000000000000000010
:10F4C000E81900000000000000000000000000003B
:10F4D000D416000000000000000000000000000042
:10F4E000DEFC000000000000000000000000000042
:10F4F00002F7000000000000000000000000000013
:10F5000005F80000000000000000000000000000FE
:10F5100015FF0000000000000000000000000000D7
:10F52000F3FB0000000000000000000000000000ED
:10F53000F8040000000000000000000000000000CF
:10F54000F2E10000000000000000000000000000E8
:10F55000F8EE0000000000000000000000000000C5
:10F5600000FCFB00000000000000000000000000A4
:10F570000003060000000000000000000000000082
:10F5800000E6020000000000000000000000000093
:10F5900000F5030000000000000000000000000073
:10F5A00000FFFD000000000000000000000000005F
:10F5B00000F1FA0000000000000000000000000060
:10F5C00000F1FA0000000000000000000000000050
:10F5D00000E8000000000000000000000000000043
:10F5E00000F8EE0000000000000000000000000035
:10F5F0000015F40000000000000000000000000002
:10F6000000F2F70000000000000000000000000011
:10F610000005ED00000000000000000000000000F8
:10F62000000DEF00000000000000000000000000DE
:10F6300000000200000000000000000000000000C8
:10F64000000F0400000000000000000000000000A7
:10F6500000F7EF00000000000000000000000000C4
:10F6600000EEF900000000000000000000000000B3
:10F670000001F10000000000000000000000000098
:10F6800000F6040000000000000000000000000080
:10F690000014120000000000000000000000000044
:10F6A0000041F00000000000000000000000000029
:10F6B000001C1A0000000000000000000000000014
:10F6C000001B04000000000000000000000000001B
:10F6D000001FFF000000000000000000000000000C
:10F6E00000091200000000000000000000000000FF
:10F6F000000029F0000000000000000000000000F1
:10F7000000003013000000000000000000000000B6
:10F710000000240F000000000000000000000000B6
:10F720000000260B000000000000000000000000A8
:10F7300000000B06000000000000000000000000B8
:10F74000000028FD00000000000000000000000094
:10F7500000001F0300000000000000000000000087
:10F7600000000F1D0000000000000000000000006D
:10F770000000001800000000000000000000000071
:10F780000000FD0C00000000000000000000000070
:10F790000000040400000000000000000000000061
:10F7A000000008FC00000000000000000000000055
:10F7B0000000090C00000000000000000000000034
:10F7C00000000A150000000000000000000000001A
:10F7D00000000D1800000000000000000000000004
:10F7E0000000F41000000000000000000000000015
:10F7F0000000EDEC00000000000000000000000030
:10F800000000FDEB00000000000000000000000010
:10F810000000F1F500000000000000000000000002
:10F820000000FAF5000000000000000000000000E9
:10F8300000000000000000000000000000000000C8
:10F840000000F6F5000000000000000000000000CD
:10F850000000F4F5000000000000000000000000BF
:10F860000000F7EF000000000000000000000000B2
:10F870000000F4EC010B07E70000000000000000AE
:10F8800000000000062D15DD000000000000000053
:10F8900000000000053A0FEB00000000000000002F
:10F8A000000000000A3221F3000000000000000008
:10F8B00000000000031719EC000000000000000029
:10F8C00000000000FDFFFDE6000000000000000059
:10F8D00000000000000F1EDD00000000000000001E
:10F8E00000000000071233EA0000000000000000E2
:10F8F00000000000FE041AF30000000000000000F9
:10F900000000000009FF23E60000000000000000E6
:10F910000000000000FCEDF100000000000000000D
:10F9200000000000FFFFE1F4000000000000000004
:10F930000000000002F5EFF70000000000000000EA
:10F9400000000000FF0315000000000000000000A0
:10F950000000000006FC1BF5000000000000000095
:10F9600000000000FEF719F7000000000000000092
:10F9700000000000F4ECEEFC0000000000000000BD
:10F9800000000000F8EFEF0700000000000000009A
:10F9900000000000F5EBF01900000000000000007E
:10F9A00000000000F6ED131700000000000000004A
:10F9B0000000000004FE0EFC00000000000000003B
:10F9C0000000000010FEF6EF000000000000000044
:10F9D00000000000060601F4000000000000000026
:10F9E0000000000001F2E8FF00000000000000003D
:10F9F0000000000008ECE60F00000000000000001E
:10FA0000000000000000E402F0E30000000000003D
:10FA1000000000000000E6F8EAE700000000000037
:10FA2000000000000000E71902E8000000000000EC
:10FA3000000000000000C8FF02E00000000000001D
:10FA4000000000000000E203F3EB000000000000F3
:10FA5000000000000000E916FFDC000000000000CC
:10FA6000000000000000F60F08EB0000000000009E
:10FA7000000000000000E91603E2000000000000A2
:10FA8000000000000000BBFAE4E8000000000000F5
:10FA9000000000000000EB0DFCE50000000000008D
:10FAA000000000000000F92A18ED0000000000002E
:10FAB000000000000000F31B18E10000000000003F
:10FAC000000000000000D2F9F5D90000000000009D
:10FAD000000000000000E602EAEA0000000000006A
:10FAE000000000000000060E0CFA000000000000FC
:10FAF000000000000000EE281CE3000000000000F1
:10FB0000000000000000EF2116DC000000000000F3
:10FB1000000000000000FAE8F7EF0000000000001D
:10FB20000000000000002A01EEFA000000000000C2
:10FB300000000000000022F4F402000000000000B9
:10FB4000000000000000DF111CF6000000000000B3
:10FB5000000000000000ED16190400000000000085
:10FB60000000000000000AFC080300000000000084
:10FB70000000000000001EF0F8FE00000000000081
:10FB800000000000000019FBFEFA00000000000069
:10FB90000000000000000000FBEC00F50000000089
:10FBA0000000000000000000FA2EF0E3000000005A
:10FBB0000000000000000000DD1B05140000000034
:10FBC00000000000000000002BF2143800000000CC
:10FBD000000000000000000001F5EC07000000003C
:10FBE000000000000000000001F11F3500000000CF
:10FBF00000000000000000001FEDF01400000000F5
:10FC00000000000000000000F1E918C5000000003D
:10FC100000000000000000001EDD1A0300000000CC
:10FC20000000000000000000F0E8080200000000F2
:10FC300000000000000000001DEE5913000000004D
:10FC4000000000000000000029DA0D0C0000000098
:10FC50000000000000000000E8DF18D600000000EF
:10FC6000000000000000000018D333F00000000086
:10FC70000000000000000000F8D22FE400000000A7
:10FC8000000000000000000018F2320A000000002E
:10FC900000000000000000003CE520F5000000002E
:10FCA0000000000000000000F1DEEBF100000000A9
:10FCB000000000000000000003E72AE5000000004B
:10FCC000000000000000000005FDF8E40000000056
:10FCD0000000000000000000F8F420FC000000001C
:10FCE00000000000000000001CE9FAF00000000025
:10FCF0000000000000000000EFF6F7000000000028
:10FD0000000000000000000001F522D80000000003
:10FD10000000000000000000F4EA0BF40000000006
:10FD200000000000000000000000FA0F06EA0000DA
:10FD300000000000000000000000EBF7EBE900000D
:10FD400000000000000000000000FAE4DEF1000006
:10FD500000000000000000000000F8F9F9CE0000EB
:10FD60000000000000000000000007FB0FFF000083
:10FD700000000000000000000000011732E3000056
:10FD800000000000000000000000F4F310F8000084
:10FD90000000000000000000000018E0D1E00000BA
:10FDA000000000000000000000001B23CACF00007C
:10FDB0000000000000000000000028F11403000013
:10FDC0000000000000000000000020082C2E0000B1
:10FDD0000000000000000000000004D32327000002
:10FDE0000000000000000000000024F9F4C400003E
:10FDF0000000000000000000000031FAC7FC000015
:10FE00000000000000000000000046EE251A00007F
:10FE1000000000000000000000001BF902230000A9
:10FE200000000000000000000000FCFE0B210000AC
:10FE30000000000000000000000014FDD2AA000035
:10FE4000000000000000000000002CF7D52000009A
:10FE5000000000000000000000001FDC2C07000074
:10FE600000000000000000000000081BF50B00006F
:10FE700000000000000000000000101A02D6000080
:10FE80000000000000000000000000F5E2DF0000BC
:10FE90000000000000000000000020CFFF1600005E
:10FEA0000000000000000000000004E2150800004F
:10FEB000000000000000000000000000E6CE121963
:10FEC000000000000000000000000000C8D10BF599
:10FED000000000000000000000000000CCE805F970
:10FEE000000000000000000000000000EA0801F32C
:10FEF0000000000000000000000000001D1705FDCC
:10FF0000000000000000000000000000F9CCFD1F10
:10FF1000000000000000000000000000E9CF071A08
:10FF2000000000000000000000000000D4C2261BFA
:10FF3000000000000000000000000000C6E13308DF
:10FF4000000000000000000000000000DE06371680
:10FF500000000000000000000000000003FE0C1480
:10FF600000000000000000000000000008C10913AC
:10FF7000000000000000000000000000FFA6FD0BD4
:10FF8000000000000000000000000000DFC50B2B97
:10FF9000000000000000000000000000CBE9141980
:10FFA0000000000000000000000000000B151D1FF5
:10FFB00000000000000000000000000013071119FD
:10FFC0000000000000000000000000002526FF10D7
:10FFD0000000000000000000000000001926031CC3
:10FFE00000000000000000000000000003EEFC150F
:10FFF0000000000000000000000000002A22ED13B5
:02000004800278
:100000000000000000000000000000002643F21382
:100010000000000000000000000000002D32F80287
:100020000000000000000000000000001B21221C56
:1000300000000000000000000000000011EC180AA1
:1000400000000000000000000000000000000C1D87
:10005000F521000000000000000000000000121761
:10006000F821000000000000000000000000001A5D
:10007000F81F000000000000000000000000F21265
:10008000EE0F000000000000000000000000FF0A6A
:10009000EF02000000000000000000000000040F5C
:1000A000E90000000000000000000000000018351A
:1000B000FB200000000000000000000000000E1403
:1000C000E21D000000000000000000000000021C13
:1000D000E70B000000000000000000000000010726
:1000E000F2EA000000000000000000000000F50E31
:1000F000E2EB000000000000000000000000F81229
:10010000F40B000000000000000000000000F012EE
:10011000CD13000000000000000000000000EF1CF4
:10012000E501000000000000000000000000FA06E9
:10013000E8ED000000000000000000000000EE0EEE
:100140000410000000000000000000000000F6F7AE
:1001500015EC000000000000000000000000EEF8B8
:10016000160A000000000000000000000000E9FD89
:1001700007EE000000000000000000000000F1F5A4
:10018000F2E100000000000000000000000010F894
:100190003CF0000000000000000000000000FEDA5B
:1001A0002FF100000000000000000000000009F036
:1001B0000C0400000000000000000000000000FD32
:1001C000FFFC000000000000000000000000FCFD3B
:1001D0001AFB00000000000000000000000000000A
:1001E000F1F2FFF30000000000000000000000003A
:1001F000F7F4E20000000000000000000000000032
:10020000F6ECE4F600000000000000000000000032
:10021000FECBE7F500000000000000000000000039
:1002200008D4FAEE0000000000000000000000000A
:100230000AE9EDF9000000000000000000000000E5
:10024000F61406F1000000000000000000000000AD
:10025000E613F4F0000000000000000000000000C1
:10026000E817F4E7000000000000000000000000B4
:10027000EE0D03ED00000000000000000000000093
:100280000AE50CF70000000000000000000000007C
:100290000E2B2406000000000000000000000000FB
:1002A000FE492CFF000000000000000000000000DC
:1002B0000A4C1108000000000000000000000000CF
:1002C000EB13EEF200000000000000000000000050
:1002D00007E80BFD00000000000000000000000027
:1002E00016CC1B020000000000000000000000000F
:1002F00015E22DFF000000000000000000000000DB
:1003000016103E1600000000000000000000000073
:10031000F4200107000000000000000000000000C1
:10032000EE0DF804000000000000000000000000D6
:10033000F90306FD000000000000000000000000BE
:10034000EEDE14F5000000000000000000000000D8
:1003500003B411F4000000000000000000000000E1
:10036000F4E50AFDFF110B050DF7FD010308FDF48F
:10037000FA0FFAFBFF080302F5041806FEEFEE0F72
:10038000FB17FB0A04030913080D1308FF08F5F017
:10039000ED0002110913FFFF0BFC0A0BF61DF8FF1D
:1003A000EDF3F0070A3A22020313130F0B10FDECD2
:1003B0001C0904FC07090BF5FC1000F00FF505FB08
:1003C00020FF03E708FFFE04FD0BFDFC07F70B1001
:1003D0000F0F14F61112EA100A0009070C0907039F
:1003E000062408090B33061613F216FA021F06EC50
:1003F0001C100F1407351E0304F409F21114FCF449
:100400002AF20CFC07F305D8E010D7FEFCE3180134
:1004100016F912F7080817E4E31CE3E901EC1BFFE7
:10042000132E1B000D0C31E7E70FE3EEF70315F574
:1004300014041008102717E0F600D4FDF20EFBEBB1
:100440000CE7FCFFFC240DE8F4F3F4F6F30AF2DB0E
:100450000FC3FCF3010F14CCE121D3E3F5D721FB4B
:10046000EF132000061B21E0E31EE2EDEDDF1D137C
:100470000F1D1910052836D8E504EB00DFD80FFE54
:100480001203050C033249D6E226EFFDD9EBFEDE5E
:1004900002D9F0FD06232BE7E60FF700EAEEECDFCA
:1004A000F5DDE3F5FA271EE0DF0BF4EFF5FB0C01B9
:1004B00014F3FE09FF0C1B04FA0C06FAEFF6FD0616
:1004C000E205FB090709190AFD07FFEEDCF3F1FC61
:1004D000E60EEE030A0B1803F60203E7EB04F8F14D
:1004E00000F5FB01011F4204F704FFEBFD06FEF7D8
:1004F0002122FBEF0014002117EA1AF74D24F4EE35
:100500001309FA1A06F2FA10FFF109D71B10FFEBD4
:1005100006F606F9F8E3010AFCF202EB0606FEFF16
:10052000F3EA000AFCFAF7F8F9F207F8FCDEF90141
:10053000EEFF02FFFB08020803F908F9EDF8F80ADC
:10054000ECFAFF050FF4FA1404EB03F83A2CF90D5A
:100550001406FE1EFDF7E908F30105E9030D05F693
:1005600009FEFEF1FCFEEA0DFCFF0706F3E2FCFDCE
:1005700000E8FB00FF04EAFB05F1030CE901FDEADA
:10058000EEE3FCF6F910FC0200F00F00FC06EEFAB8
:10059000FEDDF5F701F6EB1004E301F71D19F7F79F
:1005A00009E8F715F101E302F2F702F3F2E5F1F5DC
:1005B000E6E2EDEBFB09000804FE0B0FE6F2F4F7B0
:1005C000E7DDF6F9051C1DFAFAFD0201F80EEFF35E
:1005D000F3F1F5F70611180209F80A03FA18EF000B
:1005E00003EAF4FB04F7DB06FBF9F8F2FEFFF3F88D
:1005F000F4E9F810F60DE804F1F20AFFE2D7ECF1A5
:10060000DCE7F4FEFD0C0D0A06FB0802EB14F0EF2C
:10061000F2E9F1F3FF031204020504FF030BEFEF0D
:10062000FDEFEE0206070508080A0B110E15F7FA92
:1006300005F9FDF60004E200F6EC08EDF3E2EFFC4C
:10064000D6F8EB07FA06F11D00FE16FCEDECF20001
:10065000E0FDF7FDF909061211FB02F8FA09FAF5B7
:10066000F3F6F4F9FEFCF803FF08010F090404F0A7
:10067000FA09FCFA020703110F0D06060F06FEFA2F
:10068000050EFFF82573206F7574206F6620626F6A
:10069000756E647320256C75203E20256C750A00EC
:1006A000556E6B6E6F776E2050474D2066696C6596
:1006B00020666F726D61740050474D20696D6167EF
:1006C000652073697A6520646F6573206E6F74208E
:1006D0006D617463682061727261792073697A65F3
:1006E0000000000066726561642829206E756D62E5
:1006F0006572206F662072656164206F626A65634F
:1007000074732028256C7529206469666665726596
:100710006E74207468616E206578706563746564BA
:100720002028257529205B646174615D0A00000042
:1007300066726561642829206E756D626572206F2E
:10074000662072656164206F626A65637473202835
:10075000256C752920646966666572656E742074FF
:1007600068616E20657870656374656420282575FE
:1007700029205B6F7574707574546172676574734A
:100780005D0A0000454F46206E6F742072656163FC
:100790006865642C2046696C65206572726F7220F2
:1007A00021210000726561645F6D6E6973745F6919
:1007B0006E70757400000000000102020303030361
:1007C00004040404040404040505050505050505E1
:1007D00005050505050505050606060606060606C1
:1007E00006060606060606060606060606060606A9
:1007F0000606060606060606070707070707070791
:100800000707070707070707070707070707070778
:100810000707070707070707070707070707070768
:100820000707070707070707070707070707070758
:100830000707070707070707080808080808080840
:100840000808080808080808080808080808080828
:100850000808080808080808080808080808080818
:100860000808080808080808080808080808080808
:1008700008080808080808080808080808080808F8
:1008800008080808080808080808080808080808E8
:1008900008080808080808080808080808080808D8
:1008A00008080808080808080808080808080808C8
:1008B0000808080808080808494E4600696E6600DE
:1008C0004E414E006E616E00303132333435363772
:1008D000383941424344454600000000303132334C
:1008E000343536373839616263646566000000006C
:1008F000286E756C6C29000030000000F0510080FB
:100900002C4C00802C4C0080E45100802C4C00804A
:100910002C4C00802C4C00802C4C00802C4C0080F7
:100920002C4C0080E8500080D45100802C4C00807A
:10093000005100800C5100802C4C008094510080AC
:10094000F84B0080F84B0080F84B0080F84B00809B
:10095000F84B0080F84B0080F84B0080F84B00808B
:10096000F84B00802C4C00802C4C00802C4C0080DC
:100970002C4C00802C4C00802C4C00802C4C008097
:100980002C4C00802C4C00802C4C00806851008046
:10099000544F00802C4C0080544F00802C4C008021
:1009A0002C4C00802C4C00802C4C00800852008085
:1009B0002C4C00802C4C0080EC5200802C4C008091
:1009C0002C4C00802C4C00802C4C00802C4C008047
:1009D000145200802C4C00802C4C0080005E008063
:1009E0002C4C00802C4C00802C4C00802C4C008027
:1009F0002C4C00802C4C00802C4C00802C4C008017
:100A00002C4C00802C4C0080AC5100804450008065
:100A1000544F0080544F0080544F0080A0510080FC
:100A2000445000802C4C00802C4C0080044E0080F0
:100A30002C4C008008540080D8530080A0530080C4
:100A4000044E00802C4C0080385300802C4C0080D9
:100A5000085300802C4C00802C4C0080585E008095
:100A60002020202020202020202020202020202086
:100A70003030303030303030303030303030303076
:100A800098710080F86D0080F86D00808C71008096
:100A9000F86D0080F86D0080F86D0080F86D0080C2
:100AA000F86D0080F86D0080EC7000807C71008033
:100AB000F86D0080FC70008008710080F86D008087
:100AC00070710080C46D0080C46D0080C46D0080B2
:100AD000C46D0080C46D0080C46D0080C46D008052
:100AE000C46D0080C46D0080F86D0080F86D0080DA
:100AF000F86D0080F86D0080F86D0080F86D008062
:100B0000F86D0080F86D0080F86D0080F86D008051
:100B10005C710080F86D0080F86D0080F86D0080D9
:100B2000F86D0080F86D0080F86D0080F86D008031
:100B3000F86D0080F86D0080F86D00801C720080F8
:100B4000F86D0080F86D0080F86D0080F86D008011
:100B5000F86D0080D0710080F86D0080F86D008025
:100B6000B4780080F86D0080F86D0080F86D00802A
:100B7000F86D0080F86D0080F86D0080F86D0080E1
:100B8000F86D0080F86D0080F86D0080B071008015
:100B900048700080F86D0080F86D0080F86D00806E
:100BA000E472008048700080F86D0080F86D00806D
:100BB000506F0080F86D0080AC72008084720080FD
:100BC00078730080506F0080F86D0080187300808B
:100BD000F86D0080F0720080F86D0080F86D008084
:100BE0000879008020202020202020202020202084
:100BF0002020202030303030303030303030303035
:100C00003030303043000000504F5349580000004E
:100C10002E000000496E66696E697479000000005C
:100C20004E614E0042616C6C6F6320737563636547
:100C300065646564000000002E2E2F2E2E2F2E2EB0
:100C40002F2E2E2F2E2E2F2E2E2F7372632F6E658A
:100C5000776C69622F6E65776C69622F6C6962636D
:100C60002F7374646C69622F64746F612E6300006B
:100C70002E2E2F2E2E2F2E2E2F2E2E2F2E2E2F2E8F
:100C80002E2F7372632F6E65776C69622F6E657796
:100C90006C69622F6C6962632F7374646C69622F74
:100CA0006D707265632E630005000000190000007E
:100CB0007D00000000000000000000000000F03F88
:100CC0000000000000002440000000000000594027
:100CD0000000000000408F40000000000088C3407A
:100CE00000000000006AF8400000000080842E41EF
:100CF00000000000D01263410000000084D797413B
:100D00000000000065CDCD41000000205FA0024240
:100D1000000000E876483742000000A2941A6D42B5
:100D2000000040E59C30A2420000901EC4BCD642A8
:100D300000003426F56B0C430080E03779C3414353
:100D400000A0D8855734764300C84E676DC1AB43C9
:100D5000003D9160E458E143408CB5781DAF1544E7
:100D600050EFE2D6E41A4B4492D54D06CFF08044C2
:100D7000F64AE1C7022DB544B49DD9794378EA44D7
:100D8000BC89D897B2D29C3C33A7A8D523F6493961
:100D90003DA7F444FD0FA5329D978CCF08BA5B2583
:100DA000436FAC642806C80A0080E03779C341432A
:100DB000176E05B5B5B89346F5F93FE9034F384DC1
:100DC000321D30F94877825A3CBF737FDD4F15756D
:100DD000002020202020202020202828282828200B
:100DE0002020202020202020202020202020202003
:100DF000208810101010101010101010101010106B
:100E0000100404040404040404040410101010105A
:100E10001010414141414141010101010101010124
:100E20000101010101010101010101011010101076
:100E300010104242424242420202020202020202F6
:100E4000020202020202020202020202101010104A
:100E50002000000000000000000000000000000072
:100E60000000000000000000000000000000000082
:100E70000000000000000000000000000000000072
:100E80000000000000000000000000000000000062
:100E90000000000000000000000000000000000052
:100EA0000000000000000000000000000000000042
:100EB0000000000000000000000000000000000032
:100EC0000000000000000000000000000000000022
:100ED000000000002C2066756E6374696F6E3A2006
:100EE00000000000617373657274696F6E202225C3
:100EF0007322206661696C65643A2066696C6520BE
:100F0000222573222C206C696E65202564257325AB
:100F1000730A00007CD5008028D40080D4D30080E0
:100F200028D50080D4D3008038D40080D4D300806A
:100F300028D5008028D4008028D4008038D40080B0
:100F400028D50080B4D40080B4D40080B4D400800C
:040F500038D4008011
:100F54001000000000000000037A5200017C01012F
:100F64001B0D020010000000180000000416FEFF14
:100F7400DC04000000000000100000002C00000051
:0C0F8400CC1AFEFF9004000000000000EA
:100F90000000001000000000000000000000000041
:100FA0000000000000000000000000000000000041
:100FB000000000000000000050350A3234203234B6
:100FC0000A3235350A000000000000000000000071
:100FD0000000000000000000000000000000000011
:100FE0000000000000000000000000000000000001
:100FF00000000000000000000000000000000000F1
:1010000000000000000000000000000000000000E0
:10101000000000000005040000000000000002D2F3
:1010200042000000000000000000000007B387003D
:1010300000000000000064FE5C00000000000000F2
:10104000000000006FFE9D00000000000003CBFECA
:10105000360000000000000000000020E7FE6600EF
:10106000000000000024FED8120000000000000074
:101070000000007EFEB300000000000000ACFE3B5C
:10108000000000000000000000002EFCEA1200003A
:101090000000000005E2F523000000000000000051
:1010A000000080FE660000000000000025FEA90090
:1010B0000000000000000000001AF1FB1300000017
:1010C00000000000AAFE5500000000000000000023
:1010D000002EFEC20000000000000009E7F6230019
:1010E00000000000000000000076FF981D000000D6
:1010F00000000074FEB600000000000000000000C8
:101100000076FEFEF3D7D7D7CAB985D1FE8300118A
:101110000000000000000000003EF3FEFEFEFEFEA8
:10112000FEFEFEFEFEE89D23000000000000000021
:1011300000004684944649616161BBFEF9220400C7
:10114000000000000000000000000000000000009F
:101150000000AEFE71000000000000000000000072
:1011600000000000000000000016EEFE3500000048
:10117000000000000000000000000000000000006F
:101180000073FE9F0100000000000000000000004E
:10119000000000000000000000AEFE610000000042
:1011A000000000000000000000000000000000003F
:1011B00000D7FE73000000000000000000000000E7
:1011C000000000000000000055FBFE690000000068
:1011D000000000000000000000000000000000000F
:1011E00054F2880A00000000000000000000000027
:1011F00000000000000000000000000000000000EF
:1012000000000000000400000000000000000000DA
:1012100003000000A421028000000000A42102803D
:101220000C220280742202800000000000000000F6
:1012300000000000000000000000000000000000AE
:10124000000000000000000000000000000000009E
:10125000000000000000000000000000000000008E
:10126000000000000000000000000000000000007E
:10127000000000000000000000000000000000006E
:10128000000000000000000000000000000000005E
:10129000000000000000000000000000000000004E
:1012A000000000000000000000000000000000003E
:1012B00001000000000000000E33CDAB34126DE6DB
:1012C000ECDE05000B000000000000000000000044
:1012D000000000000000000000000000000000000E
:1012E00000000000000000000000000000000000FE
:1012F00000000000000000000000000000000000EE
:1013000000000000000000000000000000000000DD
:1013100000000000000000000000000000000000CD
:1013200000000000000000000000000000000000BD
:1013300000000000000000000000000000000000AD
:101340003813028038130280401302804013028059
:101350004813028048130280501302805013028009
:1013600058130280581302806013028060130280B9
:101370006813028068130280701302807013028069
:101380007813028078130280801302808013028019
:1013900088130280881302809013028090130280C9
:1013A0009813028098130280A0130280A013028079
:1013B000A8130280A8130280B0130280B013028029
:1013C000B8130280B8130280C0130280C0130280D9
:1013D000C8130280C8130280D0130280D013028089
:1013E000D8130280D8130280E0130280E013028039
:1013F000E8130280E8130280F0130280F0130280E9
:10140000F8130280F8130280001402800014028096
:101410000814028008140280101402801014028044
:1014200018140280181402802014028020140280F4
:1014300028140280281402803014028030140280A4
:101440003814028038140280401402804014028054
:101450004814028048140280501402805014028004
:1014600058140280581402806014028060140280B4
:101470006814028068140280701402807014028064
:101480007814028078140280801402808014028014
:1014900088140280881402809014028090140280C4
:1014A0009814028098140280A0140280A014028074
:1014B000A8140280A8140280B0140280B014028024
:1014C000B8140280B8140280C0140280C0140280D4
:1014D000C8140280C8140280D0140280D014028084
:1014E000D8140280D8140280E0140280E014028034
:1014F000E8140280E8140280F0140280F0140280E4
:10150000F8140280F8140280001502800015028091
:10151000081502800815028010150280101502803F
:1015200018150280181502802015028020150280EF
:10153000281502802815028030150280301502809F
:10154000381502803815028040150280401502804F
:1015500048150280481502805015028050150280FF
:1015600058150280581502806015028060150280AF
:10157000681502806815028070150280701502805F
:10158000781502807815028080150280801502800F
:1015900088150280881502809015028090150280BF
:1015A0009815028098150280A0150280A01502806F
:1015B000A8150280A8150280B0150280B01502801F
:1015C000B8150280B8150280C0150280C0150280CF
:1015D000C8150280C8150280D0150280D01502807F
:1015E000D8150280D8150280E0150280E01502802F
:1015F000E8150280E8150280F0150280F0150280DF
:10160000F8150280F815028000160280001602808C
:10161000081602800816028010160280101602803A
:1016200018160280181602802016028020160280EA
:10163000281602802816028030160280301602809A
:10164000381602803816028040160280401602804A
:1016500048160280481602805016028050160280FA
:1016600058160280581602806016028060160280AA
:10167000681602806816028070160280701602805A
:10168000781602807816028080160280801602800A
:1016900088160280881602809016028090160280BA
:1016A0009816028098160280A0160280A01602806A
:1016B000A8160280A8160280B0160280B01602801A
:1016C000B8160280B8160280C0160280C0160280CA
:1016D000C8160280C8160280D0160280D01602807A
:1016E000D8160280D8160280E0160280E01602802A
:1016F000E8160280E8160280F0160280F0160280DA
:10170000F8160280F8160280001702800017028087
:101710000817028008170280101702801017028035
:1017200018170280181702802017028020170280E5
:101730002817028028170280301702803017028095
:101740004300000000000000000000000000000056
:101750000000000000000000000000000000000089
:101760004300000000000000000000000000000036
:101770000000000000000000000000000000000069
:101780004300000000000000000000000000000016
:101790000000000000000000000000000000000049
:1017A00043000000000000000000000000000000F6
:1017B0000000000000000000000000000000000029
:1017C00043000000000000000000000000000000D6
:1017D0000000000000000000000000000000000009
:1017E00043000000000000000000000000000000B6
:1017F00000000000000000000000000000000000E9
:101800004300000000000000000000000000000095
:1018100000000000000000000000000000000000C8
:1018200004BC008010A4008000000000D00D0280E5
:10183000100C028004F6008004F6008004F600809C
:1018400004F6008004F6008004F6008004F60080B0
:1018500004F6008004F60080FFFFFFFFFFFFFFFF9C
:10186000FFFFFFFFFFFF0000010041534349490014
:101870000000000000000000000000000000000068
:1018800000000000000000000000415343494900EF
:101890000000000000000000000000000000000048
:0C18A0000000000000000000000000003C
:1018B000FFFFFFFFFFFFEF7F000000000000F83F89
:1018C00061436F63A787D23FB3C8608B288AC63F46
:1018D000FB799F501344D33F000000000000F03F0D
:1018E00000000000000024400000000000001C4038
:1018F0000000000000001440000000000000E03F75
:10190000A024028018120280FFFFFFFF00000200E7
:0400000580000080F7
:00000001FF
