:0200000480007A
:100000006F00402E6F00801D6F00C02C6F00802C91
:100010006F00402C6F00002C6F00C02B6F00802BF6
:100020006F00402B6F00002B6F00C02A6F00802AEA
:100030006F00402A6F00002A6F00C0296F008029DE
:100040006F0040296F0000296F00C0286F008028D2
:100050006F0040286F0000286F00C0276F008027C6
:100060006F0040276F0000276F00C0266F008026BA
:100070006F0040266F0000266F00C0256F00C0365D
:10008000972102009381418517010300130181F735
:1000900017050000130505F713651500731055309B
:1000A0001385C1C717260200130606033306A640B0
:1000B00093050000EF30C04F173500001305C54908
:1000C000EF205026EF30403F13050000930500005D
:1000D00013060000EF00C0006F20102667800000AC
:1000E000130101D993078100130710009306010142
:1000F0001306800193058001130500242326112691
:10010000232481262322912623202127232E3125D3
:10011000232C4125EF105062F32920B0F32400B0C6
:10012000930671001306C1009305810013050101B8
:10013000EF00507213040500732A20B0732900B039
:100140008325810017F5000013058508EF2010684E
:100150008325C10017F5000013058508EF201067FF
:100160009305040017F5000013058508EF201066BD
:100170008345710017F5000013058508EF20106511
:1001800033063A4197F500009385850817F500007E
:1001900013058508EF2090633306994097F500001A
:1001A0009385050717F500001305C508EF201062B9
:1001B0008320C12603248126832441260329012686
:1001C0008329C125032A8125130500001301012776
:1001D0006780000013050000678000001305000021
:1001E0006780000013050000678000001305000011
:1001F0006780000013050000678000001305000001
:1002000067800000130500006780000013050000F0
:1002100067800000130500006780000013050000E0
:1002200067800000130500006780000013050000D0
:1002300067800000130500006780000013050000C0
:1002400067800000130500006780000013050000B0
:1002500067800000130500006780000013050000A0
:100260006780000013050000678000001305000090
:100270006780000013050000678000001305000080
:100280006780000013050000678000001305000070
:100290006780000013050000678000001305000060
:1002A0006780000013050000678000001305000050
:1002B0006780000013050000678000001305000040
:1002C0006780000013050000678000001305000030
:1002D0006780000017F50000130595D2EF20D0606D
:1002E0006FF05FFF130101FC232011002322A10006
:1002F0002324B1002326C1002328D100232AE100B2
:10030000232CF100232E010123201103232251026B
:1003100023246102232671022328C103232AD10347
:10032000232CE103232EF103F322203413032000B6
:10033000638862021303B000638862001303300015
:10034000638862006F00C002EF0000346F0040035A
:1003500017F50000130585C6EF2010596F00400205
:1003600017F50000130585C0EF2010586F004001FD
:1003700017F500001305A5C6EF2010576F004002C7
:10038000F322103403830200130530003373A300FB
:100390006314A3009382220093822200739012348C
:1003A0008320010003254100832581000326C1002D
:1003B0008326010103274101832781010328C1010D
:1003C0008328010283224102032381028323C10285
:1003D000032E0103832E4103032F8103832FC103C7
:1003E0001301010473002030730020303305A04056
:1003F00023A4A1C81305F0FF6780000017F70000D1
:10040000130747C293075005B706001013071700DC
:1004100023A0F60083470700E39A07FE67800000E9
:100420009307800523A4F1C81305F0FF678000003F
:100430009307800523A4F1C81305F0FF678000002F
:100440009307800523A4F1C81305F0FF678000001F
:100450009307800523A4F1C81305F0FF678000000F
:100460009307800523A4F1C81305F0FF67800000FF
:100470001305F0FF678000009307C00023A4F1C8B4
:100480001305F0FF67800000B707048023A0A700D2
:10049000730050106F0000009307800523A4F1C87B
:1004A0001305F0FF678000009307B00023A4F1C894
:1004B0001305F0FF67800000B727000023A2F500B6
:1004C00013050000678000009307800523A4F1C88E
:1004D0001305F0FF678000009307800523A4F1C88F
:1004E0001305F0FF67800000930780FA23A4F1C88A
:1004F00013050000678000001305100067800000EE
:10050000930780FA23A4F1C81305F0FF6780000069
:100510001305F5FF13351500678000009307600190
:1005200023A4F1C81305F0FF678000009307F001D2
:1005300023A4F1C81305F0FF678000001305000035
:10054000678000009307800523A4F1C81305F0FF1E
:10055000678000001305F0FF6780000093078005A7
:1005600023A4F1C81305F0FF678000001305000005
:1005700067800000B727000023A2F50013050000E4
:10058000678000001305F0FF678000001305F0FF8F
:10059000678000009307200023A4F1C81305F0FF33
:1005A000678000009307800523A4F1C81305F0FFBE
:1005B000678000009307A00023A4F1C81305F0FF93
:1005C00067800000130101FF232021011389C1C7A7
:1005D0008327090023248100232291002326110070
:1005E0009384050013040600638A070213060400BF
:1005F00093850400170502001305C55DEF008053C5
:100600008320C100130504000324810083244100DA
:10061000032901001301010167800000B7C5010033
:100620001306300093850520170502001305855A2F
:10063000EF000043930710002320F9006FF01FFB29
:1006400023A6A1C613050000678000001387C1C65A
:10065000832707003385A7002320A700637C25009C
:10066000170703001307079A6376E5001385070051
:10067000678000009307C00023A4F1C89307F0FF30
:100680001385070067800000130101FF23229100FA
:1006900023261100930710089384050063C21709ED
:1006A0009307F00263D61703938808FD930710059C
:1006B00063E4170317F700001307079993982800BE
:1006C000B388E80083A70800B387E70067800700C6
:1006D000930710016380F80A1307500597F700008D
:1006E00093874794B70600109387170023A0E6006E
:1006F00003C70700E31A07FE8320C10083244100DB
:1007000013010101678000008320C1009307800569
:1007100023A4F1C883244100130101016780000074
:100720009307F040E3CA17FB9307F03F63D6170324
:10073000938808C09307F000E3E017FB17F7000069
:10074000130707A593982800B388E80083A708003B
:10075000B387E700678007009307C00AE38EF8F8C5
:1007600063C6170393079009E388F8F89307900A84
:10077000E394F8F6930780FA23A4F1C86FF0DFF74B
:10078000B727000023A2F4006FF01FF79307600D56
:10079000E394F8F423A6A1C66FF01FF69307F001C7
:1007A00023A4F1C86FF05FF59307200023A4F1C8DC
:1007B0006FF09FF4B707048023A0A70073005010C8
:1007C0006F0000009307600123A4F1C86FF0DFF20F
:1007D000232021011389C1C7832709002324810015
:1007E0001304060063860702130604000324810035
:1007F000032901008320C100938504008324410064
:10080000170502001305053D130101016F00803239
:10081000B7C50100130630009385052017050200B7
:100820001305453BEF00C023930710002320F90078
:100830006FF09FFB8327C50063880720832805018D
:10084000638408200328050003469500032745011B
:100850008346480133E6C600A304C50093F60602AA
:100860006382061EB386E840130600011383060068
:100870006374D60013030001638AE81C3386E70023
:10088000034E060093051700130610002300C8014D
:10089000232AB5006370D61A3386B700834E06004C
:1008A00013062700130E20002300D801232AC500B9
:1008B0006372DE183386C700834E060013063700C6
:1008C000130E30002300D801232AC5006374DE16FE
:1008D0003386C700834E060013064700130E400000
:1008E0002300D801232AC5006376DE143386C700AF
:1008F000834E060013065700130E50002300D80144
:10090000232AC5006378DE123386C700834E0600B3
:1009100013066700130E60002300D801232AC500C8
:10092000637ADE103386C700834E06001306770015
:10093000130E70002300D801232AC500637CDE0E4D
:100940003386C700834E060013068700130E80000F
:100950002300D801232AC500637EDE0C3386C7003E
:10096000834E060013069700130E90002300D80153
:10097000232AC5006370DE0C3386C700834E060051
:100980001306A700130EA0002300D801232AC500D8
:100990006372DE0A3386C700834E06001306B70073
:1009A000130EB0002300D801232AC5006374DE08AB
:1009B0003386C700834E06001306C700130EC0001F
:1009C0002300D801232AC5006376DE063386C700DC
:1009D000834E06001306D700130ED0002300D80163
:1009E000232AC5006378DE043386C700834E0600E1
:1009F0001306E700130EE0002300D801232AC500E8
:100A0000637ADE023386C700834E06001306F700C2
:100A1000130EF0002300D801232AC500637CDE00FA
:100A2000B387C70083C70700130707012300F80037
:100A3000232AE50013070000638406001307F3FF71
:100A40003307B7006384E8006780000083474800ED
:100A50002328050093F7D70F2302F80067800000D2
:100A6000130101FE232A910083240500232C810019
:100A70002328210123263101232E11002382040083
:100A800023840400930770FC2384F400238804006B
:100A90002322B500130405003785D71713890500F5
:100AA0009309060093060000138605001305054010
:100AB00093050000EF10103EB70780006374F50245
:100AC0009357F500130700F82386E40093F7F70F18
:100AD000135575002382F4001375F50F2380A400CD
:100AE000238604002386340123043401A304040074
:100AF00097070000938747D4232224018320C10154
:100B00002328040023260400232A0400232E0400A3
:100B1000232C0400232204022320F4020324810155
:100B200083244101032901018329C100130101022A
:100B300067800000130101FF23260100638A050876
:100B400063080608032505003388C5001307100352
:100B500083474501232601000326C10093F6F70FC2
:100B6000636CC7008327C100938717002326F10019
:100B70008327C100E378F7FE93F70602E38A07FCB8
:100B8000232601008327C100636CF7008327C1007F
:100B9000938717002326F1008327C100E378F7FE2F
:100BA00083C705002300F500232601008327C10029
:100BB000636CF7008327C100938717002326F10099
:100BC0008327C100E378F7FE93851500E39205F9CA
:100BD00013010101678000006384050403C605005A
:100BE0006300060403270500130101FF9386150027
:100BF0008347470193F7F70FA307F1008347F100FD
:100C000093F70702E38607FE2300C70003C606002A
:100C100093861600E31E06FC1301010167800000A5
:100C200067800000630C0602638A05020327050043
:100C300097060000938646C02326B50083474700E9
:100C40002328C500232A05002320D50293E7270087
:100C50002302F700F32740F1638407006780000058
:100C60003727000C970702009387C7F683260700F3
:100C70003305F5401335150093071000B397A7000F
:100C8000B3E7D7002320F700678000008327050023
:100C9000034795008326050183C7470133E7E70033
:100CA000A304E50093F7F70F6398060093D7670056
:100CB00013F517006780000013050000678000002F
:100CC0001307050063800506630E0604032805006C
:100CD0008346950083474801B3E6D700A304D500B7
:100CE00093F7170063800704130500006F0080006E
:100CF0006308A60283460800B387A5001305150004
:100D00002380D700032807008346970083474801C4
:100D1000B3E6D700A304D70093F71700E39A07FCC4
:100D2000678000001305000067800000F32740F192
:100D300063960702B726000C17070200130787E91E
:100D400003A606003307E54013371700930710008A
:100D5000B397E700B3E7C70023A0F600B707010089
:100D60009387F7FF638CF5000327050093F5F500E3
:100D700083474700B3E7B7002302F700678000000E
:100D8000638E05029307000C63EAC7020327050080
:100D9000232EB5008347870093F7F703B3E7C70017
:100DA00093F7F70F2304F7008347470093E71700F3
:100DB0002302F700F32740F16384070067800000F7
:100DC0003727000C970702009387C7E083260700A8
:100DD0003305F5401335150093071000B397A700AE
:100DE000B3E7D7002320F700678000006384050283
:100DF000032705002320B50223260500834747006B
:100E00002328050093E727002302F700F32740F18A
:100E100063840700678000003727000C97070200F3
:100E2000938747DB832607003305F540133515000C
:100E300093071000B397A700B3E7D7002320F7006C
:100E40006780000063800502032705002322B502A6
:100E50008347470093E787002302F700F32740F119
:100E600063840700678000003727000C97070200A3
:100E7000938747D6832607003305F54013351500C1
:100E800093071000B397A700B3E7D7002320F7001C
:100E90006780000063880512630606128327050039
:100EA0008346950003C74701B366D700A304D50066
:100EB00013770702630807101307000113050600E4
:100EC0006374C7001305000183C6050013071000F3
:100ED0002380D700637AC70E83C61500130720004E
:100EE0002380D7006372C70E83C625001307300026
:100EF0002380D700637AC70C83C6350013074000F0
:100F00002380D7006372C70C83C6450013075000C7
:100F10002380D700637AC70A83C655001307600091
:100F20002380D7006372C70A83C665001307700069
:100F30002380D700637AC70883C675001307800033
:100F40002380D7006372C70883C68500130790000B
:100F50002380D700637AC70683C695001307A000D5
:100F60002380D7006372C70683C6A5001307B000AD
:100F70002380D700637AC70483C6B5001307C00077
:100F80002380D7006372C70483C6C5001307D0004F
:100F90002380D700637AC70283C6D5001307E00019
:100FA0002380D7006372C70283C6E5001307F000F1
:100FB0002380D700637AC70003C7F5002380E700CA
:100FC000678000001305000067800000832705008C
:100FD0000347950083C74701A304050033E5E700F5
:100FE0001375E509678000008327050003C58701A5
:100FF00067800000032705008347950003474701EA
:10100000B367F700A304F5001375070667800000B7
:10101000032705008347C70093E707042306F7006B
:1010200067800000032705008347C70093F7F70B8D
:101030002306F700678000009306050093870500EC
:101040001307100013068001930580011305002487
:101050006F00906E130101FF23248100130406002A
:101060002322910013860600938405009305040053
:1010700023261100EF00000383A7040013050000DE
:1010800063C80700032504003305F5401335150038
:101090008320C10003248100832441001301010146
:1010A00067800000B7F8FFFF130101F89388087903
:1010B000232E8106232C9106232641072322610734
:1010C000232071072328B105232A2107232831076C
:1010D00023245107232E8105232C9105232AA105C2
:1010E000130A05002326B1022328C102930700003A
:1010F000130400001308650197EB0000938B0B1994
:10110000970D0200938D4D47130BF00F9384080049
:1011100093184400B30AFA003309F80093A6086351
:1011200033869800138708006394060013070600AF
:1011300093F63A0013070724E39A061E17E6000009
:101140001306C61097E9000093894914B386ED0091
:101150000327060003AE0A0083AE090003AF8A012D
:1011600083AF490083A20A0303A3890003A58A046D
:1011700083A5C9000B578C5A9345F7FF93D5F541CA
:101180003377B70013578740130646006354EB00CC
:101190001307F00F2380E600938909019386160058
:1011A000E398CBFA938A2A0093880801E31859F749
:1011B00093870703130700211304B400E39AE7F4AD
:1011C000B7FCFFFF130600001308000093040000A3
:1011D000138901EE130AF062938C0C799309500085
:1011E000930606001304080093080000232A010157
:1011F000939A5600232CD100138C04001388080006
:10120000130B04009317480097E40000938404181C
:10121000B3886D0117D40100130404B3B3875701D9
:101220002328F1009385040023241101232E51016A
:10123000232001031307040083A70500832801016D
:1012400013080701130D0702930B0703930A070402
:1012500093060700130600002326B100138408003C
:1012600063541A013384980133048900032E040067
:1012700083AE0600032F440083AF46008322840020
:1012800003A386000325C40083A5C6008B578C5A90
:101290009304040103AE0400832E080003AF44004E
:1012A000832F480083A284000323880003A5C40081
:1012B0008325C8008B578C5A9304040203AE0400A4
:1012C000832E0D0003AF4400832F4D0083A28400C2
:1012D00003238D0003A5C4008325CD008B578C5AB2
:1012E0009304040303AE040083AE0B0003AF440079
:1012F00083AF4B0083A2840003A38B0003A5C4002B
:1013000083A5CB008B578C5A13040404032E0400CE
:1013100083AE0A00032F440083AF4A008322840077
:1013200003A38A000325C40083A5CA008B578C5AE7
:10133000130616009388080B938606051308080504
:10134000130D0D05938B0B05938A0A05E31836F1EF
:1013500093C6F7FF93D6F641B3F7D70093D78740EC
:101360009306F00F8325C10063D4F6009307F00FB6
:101370008326810093854500130707192380F616FD
:10138000938716002324F10097E700009387070650
:10139000E394F5EA0328010293078000832AC10140
:1013A00013082800130B8B01E31EF8E48326810148
:1013B000930808000328410193042C009386B6008B
:1013C00013080806E39014E39306060017F70000DD
:1013D0001307878717E6000013064601138801F8F4
:1013E00017EC0000130C0C26970B0200938BCB2EEE
:1013F000170B0200130B4B2F970A0200938ACA2F78
:10140000170A0200130A4A30970902009389C9306B
:101410009704020093844431170402001304C4317A
:10142000170D0200130D4D338327060003AE0B008A
:10143000832E070003AF4B00832F470083A28B004E
:101440000323870003A5CB008325C7008B578C5A45
:10145000930C0701032E0B0083AE0C00032F4B00EF
:1014600083AF4C0083228B0003A38C000325CB00A9
:1014700083A5CC008B578C5A930C070203AE0A004D
:1014800083AE0C0003AF4A0083AF4C0083A28A00F6
:1014900003A38C0003A5CA0083A5CC008B578C5AEC
:1014A000930C0703032E0A0083AE0C00032F4A009F
:1014B00083AF4C0083228A0003A38C000325CA005B
:1014C00083A5CC008B578C5A930C070403AE0900FC
:1014D00083AE0C0003AF490083AF4C0083A28900A8
:1014E00003A38C0003A5C90083A5CC008B578C5A9D
:1014F000930C070503AE040083AE0C0003AF440059
:1015000083AF4C0083A2840003A38C0003A5C40016
:1015100083A5CC008B578C5A930C0706032E04002E
:1015200083AE0C00032F440083AF4C008322840061
:1015300003A38C000325C40083A5CC008B578C5AD1
:101540009708020093884820930C070703AE080011
:1015500083AE0C0003AF480083AF4C0083A2880029
:1015600003A38C0003A5C80083A5CC008B578C5A1D
:10157000930C0708032E0D0083AE0C00032F4D00C3
:1015800083AF4C0083228D0003A38C000325CD0084
:1015900083A5CC008B578C5A938801E9930C0709DB
:1015A00003AE080083AE0C0003AF480083AF4C00CD
:1015B00083A2880003A38C0003A5C80083A5CC00E8
:1015C0008B578C5A938801EA930C070A03AE0800E4
:1015D00083AE0C0003AF480083AF4C0083A28800A9
:1015E00003A38C0003A5C80083A5CC008B578C5A9D
:1015F000938801EB930C070B03AE080083AE0C003D
:1016000003AF480083AF4C0083A2880003A38C0083
:1016100003A5C80083A5CC008B578C5A938801EC96
:10162000930C070C03AE080083AE0C0003AF480018
:1016300083AF4C0083A2880003A38C0003A5C800DD
:1016400083A5CC008B578C5A938801ED930C070D22
:1016500003AE080083AE0C0003AF480083AF4C001C
:1016600083A2880003A38C0003A5C80083A5CC0037
:101670008B578C5A930C070E032E090083AE0C0077
:10168000032F490083AF4C008322890003A38C0001
:101690000325C90083A5CC008B578C5A938801EF92
:1016A000930C070F03AE080083AE0C0003AF480095
:1016B00083AF4C0083A2880003A38C0003A5C8005D
:1016C00083A5CC008B578C5A938801F0930C07109C
:1016D00003AE080083AE0C0003AF480083AF4C009C
:1016E00083A2880003A38C0003A5C80083A5CC00B7
:1016F0008B578C5A938801F1930C071103AE0800A5
:1017000083AE0C0003AF480083AF4C0083A2880077
:1017100003A38C0003A5C80083A5CC008B578C5A6B
:10172000938801F2930C071203AE080083AE0C00FD
:1017300003AF480083AF4C0083A2880003A38C0052
:1017400003A5C80083A5CC008B578C5A938801F35E
:10175000930C071303AE080083AE0C0003AF4800E0
:1017600083AF4C0083A2880003A38C0003A5C800AC
:1017700083A5CC008B578C5A938801F4930C0714E3
:1017800003AE080083AE0C0003AF480083AF4C00EB
:1017900083A2880003A38C0003A5C80083A5CC0006
:1017A0008B578C5A938801F5930C071503AE0800EC
:1017B00083AE0C0003AF480083AF4C0083A28800C7
:1017C00003A38C0003A5C80083A5CC008B578C5ABB
:1017D000938801F6930C071603AE080083AE0C0045
:1017E00003AF480083AF4C0083A2880003A38C00A2
:1017F00003A5C80083A5CC008B578C5A938801F7AA
:10180000930C071703AE080083AE0C0003AF48002B
:1018100083AF4C0083A2880003A38C0003A5C800FB
:1018200083A5CC008B578C5A93C5F7FF93D5F54110
:10183000B3F7B70093D787409305F00F1306460020
:1018400063D4F5009307F00F2300F800130707187F
:1018500013081800E31A86BD17E90000130909E10F
:1018600097E90000938909DE138A610193773900B3
:1018700003A40900638A074A930A090093840D00B0
:1018800083870A0083CE042E03871A0003CE142E0A
:10189000B38EFE0283C7442E03C3242E038D2A0079
:1018A0002324F1008387AA0083C5842E83C8342EA5
:1018B0002326F10083C7B42E838C3A00038C4A00A0
:1018C0002328F1008387BA0003CF542E838B5A005C
:1018D000232AF10083C7C42E03C8642E038B6A0039
:1018E000232CF1008387CA0083C3742E03857A00FA
:1018F00083828A0003C6942E838F9A00330EEE02F1
:10190000232EF10003C7A42EB38E8E00938404010E
:10191000938A0A013303A30303CDD42D8387DAFF0F
:10192000330EDE0103C4E42D2320F1028387EAFF96
:1019300083CEF42D2322F1028387FAFFB388980324
:101940003303C3012324F10283278100B387870374
:10195000B3886800330F7F03B38717013308680328
:10196000B307FF003385A3023308F800B38755029D
:10197000B30505013306F603B387B7008325C1001D
:101980003306F6003307B70283270101832541019F
:10199000B387B7023307C7008325C101032681013E
:1019A000B387E700032701023306B6023307ED02CF
:1019B0003306F600832741023307C700032681025E
:1019C000B307F402B38ECE02B387E7003384FE0080
:1019D00097070200938747C3E39497EA83070909AF
:1019E00003C80D3703C51D37030F190983C52D37EC
:1019F000830E29093308F80203C63D37030E39095F
:101A000003C74D370303490983C75D378308590965
:101A10003305E50333088800B385D5033305050195
:101A20003306C603B385A500330767023306B60045
:101A3000B38717033307C700B387E70093D7B740CF
:101A40001307F00F635EF72A9307F00F2300FA00E5
:101A50009389490097E70000938747C113096909F3
:101A6000130A1A00E39437E103866D3703877D3745
:101A7000930710006346E600130706009307000073
:101A800003868D37634EC7281306070003879D37EB
:101A90006344E628130706000386AD37634AC7266A
:101AA000130607000387BD376346E60013070600E9
:101AB000938607008387CD37634CF746930707006B
:101AC0000387DD3763C2E746138707008387ED3757
:101AD0006348F744930707000387FD3763CEE74267
:101AE000138707008327C10223A0D70083270103A0
:101AF0002380E7000324C1078324810703294107CA
:101B000083290107032AC106832A8106032B410684
:101B1000832B0106032CC105832C8105032D410570
:101B2000832D0105130101086780000017DC000008
:101B3000130CCC7197D9000093894975B383ED00DC
:101B4000232AF102232C8102232E11032320410595
:101B5000232221052324910423260105038E190045
:101B600083C71A00838E090003C70A00330EFE02E2
:101B700083C72A03038D290003C32A002324F1000D
:101B80008387B9008388390083CC3A002326F1008B
:101B900083C73A03B38EEE02038849002328F1007D
:101BA0008387C90003CA8A0103855900232AF100EB
:101BB0008387D90003C99A018385690033036D02C5
:101BC000038679008386890003879900038FA90023
:101BD00083C4AA0103C4BA0183C20A0383CF1A03D0
:101BE00003CD8A04B3889803232CF10083C79A0499
:101BF000130C4C0093890901232EF1008327CCFF9D
:101C0000B38EFE00330848038387E9FF330EDE01FD
:101C10003303C3012320F10283C7AA04B3886800F9
:101C2000838EF9FF2322F10283C7BA04330525030B
:101C3000330818012324F10283278100B38595021C
:101C40003305050133068602B385A500B386560227
:101C50003306B6003307F703B386C6000326010137
:101C60003307D7008326C100B307FF02B386C6023D
:101C70003387E700832741010326C1013387E6004C
:101C800083268101B387A703B386C602B387E70023
:101C90000326410203270102B386F600832781024F
:101CA0003307C702B387FE023307D700B387E700C5
:101CB00013C7F7FF1357F741B3F7E70093D78740F0
:101CC0006354FB009307F00F2380F300938313000A
:101CD000E3968BE98328C10303294104938A2A00F0
:101CE0008327410303248103032A010483248104FD
:101CF0000328C10493880801631259C36FF04FCBC6
:101D000013C7F7FF1357F741B3F7E7006FF01FD47E
:101D1000930740006FF01FD9930730006FF0DFD7B3
:101D2000930720006FF09FD693070400138701F8F4
:101D3000032E0700832E0900032F4700832F49003D
:101D400083228700032389000325C7008325C90058
:101D50008B578C5A138601F913070901032E0600CD
:101D6000832E0700032F4600832F4700832286001F
:101D7000032387000325C6008325C7008B578C5A91
:101D8000138601FA13070902032E0600832E0700AB
:101D9000032F4600832F47008322860003238700FA
:101DA0000325C6008325C7008B578C5A138601FB79
:101DB00013070903032E0600832E0700032F460096
:101DC000832F470083228600032387000325C60054
:101DD0008325C7008B578C5A138601FC130709040F
:101DE000032E0600832E0700032F4600832F470093
:101DF00083228600032387000325C6008325C700AE
:101E00008B578C5A138601FD13070905032E060014
:101E1000832E0700032F4600832F4700832286006E
:101E2000032387000325C6008325C7008B578C5AE0
:101E3000138601FE13070906032E0600832E0700F2
:101E4000032F4600832F4700832286000323870049
:101E50000325C6008325C7008B578C5A138601FFC4
:101E600013070907032E0600832E0700032F4600E1
:101E7000832F470083228600032387000325C600A3
:101E80008325C7008B578C5A138601001307090856
:101E9000032E0600832E0700032F4600832F4700E2
:101EA00083228600032387000325C6008325C700FD
:101EB0008B578C5A03C70D378308090903C81D3790
:101EC000830F1909B388E80203C52D37030F2909C9
:101ED00083C53D37830E390903C64D37030E4909C3
:101EE00003C75D37030359093308F803B388F800C3
:101EF000B307E50333051801B385D503B387A700FE
:101F00003306C603B385F500B30767023307B6008F
:101F1000B387E7006FF09FB2930690006FF09FBC0D
:101F2000930680006FF05FBB930670006FF01FBADE
:101F3000930660006FF0DFB8130101FD23229102C8
:101F4000938401C803A30400232E3101232C4101F3
:101F5000232A51012328610123261102232481020F
:101F6000232021039308230013081025130B0500D9
:101F7000938A0500130A060093890600636C181DF6
:101F800017F80100130888C73308680003490800E0
:101F90000344180023A0140113080005631A090163
:101FA0001304B4FC1374F40F9306100063FA860252
:101FB00017E5010013050533032481028320C102C4
:101FC00083244102032901028329C101032A8101DB
:101FD000832A4101032B0101130101036F10C0107B
:101FE00003A60400930610251306B60063E0C61A84
:101FF00023A0C400930680016316DA0A63944A0B97
:1020000083A60400130610253304DB00636A860EE2
:102010006386090297F50100938545BE13060B0000
:10202000B385D500138509002326F1002324E100A0
:10203000EF10C0658327C1000327810023A084001F
:1020400083A6040013162700930510253304D60039
:1020500063E68506638C070097F50100938505BA52
:10206000B385D50013850700EF10406223A08400DC
:1020700003A7040093071025631CF7028320C10205
:102080000324810283244102032901028329C1011F
:10209000032A8101832A4101032B0101130101035A
:1020A0006780000017E50100130545256FF0DFF09C
:1020B00017E50100130545316FF01FF09306102559
:1020C0001306040097E501009385053217E501002A
:1020D0001305851F2324E100EF00506F03278100C3
:1020E0009307F0FFE306F7F8130607009305F0FFE8
:1020F00017E5010013050528EF00506D6FF05FF73D
:10210000930610251306040097E501009385C52D5D
:1021100017E501001305451B2326F1002324E100E8
:10212000EF00D06A9306F0FF032781008327C100E8
:10213000E308DBF013060B009305F0FF17E5010041
:102140001305851EEF0090688327C10003278100D7
:102150006FF01FEF930610251386080097E5010026
:102160009385852817E50100130505162326F10040
:102170002324E100EF0090658327C100032781003D
:1021800013090000130400006FF01FE193061025EF
:1021900097E501009385452517E501001305C51254
:1021A0002326F1002324E100EF0050628327C100C1
:1021B000032781006FF01FE41308000063C60512B7
:1021C00063DC0600B337C000B306D0401348F8FF05
:1021D000B386F6403306C040930806001307050097
:1021E00013830500639A060E63F4C516B707010052
:1021F0006364F622B7070001930680016374F6005A
:1022000093060001B7070280335ED6009387873FAD
:10221000B387C70183C70700130E0002B387D70037
:10222000B306FE40630CFE003393D500B357F500B0
:10223000B318D60033E367003317D50013D608016F
:102240003355C3029396080193D6060193570701AD
:102250003373C302B385A60213130301B3E7670008
:1022600063FCB700B387F8001303F5FF63E41701BD
:1022700063E6B74013050300B387B740B3D5C70281
:102280001317070113570701B3F7C702B386B60246
:10229000939707013367F700637ED7003387E80021
:1022A0009387F5FF636617019385E5FF6364D700A5
:1022B00093850700131505013365B50093050000EC
:1022C000630A0800B337A000B305B040B385F540FA
:1022D0003305A0406780000063F4D5029305000039
:1022E000130500006FF0DFFDB337A000B305B04069
:1022F000B385F5403305A0401308F0FF6FF05FECA5
:10230000B707010063E8F61EB707000193088001D4
:1023100063F4F60093080001B707028033D7160173
:102320009387873FB387E70003C70700930700023F
:1023300033071701B388E7406396E71C63E4B630C0
:102340003335C50013351500930500006FF05FF7B6
:10235000630C060CB7070100637CF62C13330610E0
:102360001333130013133300B3566600B70702800C
:102370009387873FB387D70083C607009307000280
:10238000B3866600B38ED7406394D70CB386C5403E
:102390001353060113160601135606019305100088
:1023A00033D5660293570701B3F66602330EC502B2
:1023B00093960601B3E7D70063FCC701B387F80023
:1023C0009306F5FF63E4170163E4C72B138506004A
:1023D000B387C741B3D66702131707011357070125
:1023E000B3F767023386C602939707013367F70096
:1023F000637EC7003387E8009387F6FF63661701A3
:102400009386E6FF6364C7009386070013150501F2
:102410003365D5006FF0DFEA9336061093B61600E9
:10242000939636006FF01FDEB70702809306000018
:102430009387873FB387D70083C607001303000045
:1024400093070002B3866600B38ED740E380D7F4CB
:10245000B318D60133DED50013D30801B3576E028B
:102460001396080113560601B356D5003317D5014C
:10247000B395D501B3E6B60093D50601337E6E025F
:102480003305F602131E0E01B3E5C50163FEA50078
:10249000B385B800138EF7FF63E4151D63F2A51C26
:1024A0009387E7FFB3851501B385A54033D5650252
:1024B0009396060193D60601B3F56502330EA60284
:1024C00093950501B3E6B60063FEC601B386D80056
:1024D0009305F5FF63EE161763FCC6171305E5FFBA
:1024E000B386160193950701B386C641B3E5A500EF
:1024F0006FF01FEB93B8061093B81800939838004C
:102500006FF09FE1B35EE600B3961601B3EEDE0016
:1025100033D3E50013DF0E01B357E303139E0E011F
:10252000B3951501135E0E013357E5003367B7000D
:1025300093560701331616013373E303B305FE0206
:1025400013130301B3E6660063FEB600B386DE0034
:102550001383F7FF63EAD61163F8B6109387E7FF9A
:10256000B386D601B386B640B3D5E6031317070189
:1025700013570701B3F6E6033303BE029396060131
:102580003367D700637E67003387EE009386F5FFDD
:102590006364D70D6372670C9385E5FF3307D7013A
:1025A00093970701370F0100B3E7B7009306FFFFCA
:1025B000B3F5D70013DE0701B376D6001356060134
:1025C000B38ED50233076740B306DE0213D30E0184
:1025D000B385C502B385D500B305B300330ECE0273
:1025E00063F4D500330EEE0193D60501B386C60120
:1025F000636AD7026308D7001385070093050000BC
:102600006FF01FCCB70601009386F6FF33F7D500B5
:1026100013170701B3FEDE00331515013307D70189
:10262000E37CE5FC1385F7FF930500006FF05FC9BD
:10263000B7070001637AF6049356060113030001FD
:102640006FF0DFD293050000130510006FF05FC735
:10265000138505006FF01FE9938506006FF05FF4A6
:1026600093070E006FF05FE4930703006FF09FEF96
:102670001305E5FFB38717016FF09FD51305E5FF3D
:10268000B38717016FF05FBF935686011303800174
:102690006FF0DFCD130806009308050013870500CF
:1026A0006390060E63FEC512B7070100636EF61E47
:1026B000B7070001930680016374F60093060001DA
:1026C000B70702803353D6009387873FB3876700ED
:1026D00083C7070013030002B387D700B306F34094
:1026E000630CF3003397D500B357F5003318D600C9
:1026F00033E7E700B318D500135608013355C70276
:102700009316080193D6060193D708013377C702C1
:10271000B385A60213170701B3E7E70063FCB70010
:10272000B307F8001307F5FF63E4070163E0B73E62
:1027300013050700B387B74033D7C7029398080142
:1027400093D80801B3F7C702B386E602939707014F
:10275000B3E8F80063FED800B30818019307F7FF49
:1027600063E608011307E7FF63E4D8001387070057
:10277000131505013365E50093050000678000002F
:1027800063F8D50093050000130500006780000082
:10279000B707010063E8F61EB707000113088001C0
:1027A00063F4F60013080001B707028033D706016F
:1027B0009387873FB387E70003C7070093070002AB
:1027C000330707013388E7406396E71C63E4B630BC
:1027D0003335C500133515009305000067800000F0
:1027E000630C060CB7070100637CF62C1337061048
:1027F0001337170013173700B356E600B7070280E8
:102800009387873FB387D70083C7070093060002EB
:10281000B387E700B38EF6406394F60CB387C540E8
:102820009356060113160601135606019305100070
:1028300033D5D70213D70801B3F7D7023303C50244
:1028400093970701B367F70063FC6700B307F800CD
:102850001307F5FF63E4070163E4672A1305070024
:10286000B387674033D7D7029398080193D80801FC
:10287000B3F7D7023306C70293970701B3E8F8000E
:1028800063FEC800B30818019307F7FF63E6080169
:102890001307E7FF63E4C80013870700131505015A
:1028A0003365E500678000009336061093B6160086
:1028B000939636006FF0DFE0B707028093060000C2
:1028C0009387873FB387D70083C7070013070000AC
:1028D00093060002B387E700B38EF640E380F6F478
:1028E0003318D60133D3F50093560801335ED30273
:1028F00013160801B395D50113560601B357F50019
:10290000B3E7B70013D70701B318D5013373D30268
:10291000B305C6031313030133676700637EB70073
:102920003307E8001305FEFF6364071D6372B71CDD
:10293000130EEEFF330707013307B7403355D702B5
:102940009397070193D707013377D7023303A60282
:1029500013170701B3E7E70063FE6700B307F8004A
:102960001307F5FF63EE071763FC67161305E5FF12
:10297000B387070193150E01B3876740B3E5A50040
:102980006FF01FEB13B80610133818001318380037
:102990006FF09FE1335EE600B3960601336EDE0012
:1029A000B3D8E500935E0E01B3D7D80313130E011D
:1029B000B3950501135303013357E5003367B7009F
:1029C0009356070133160601B3F8D803B305F30293
:1029D00093980801B3E6160163FEB600B306DE0065
:1029E0009388F7FF63EAC61163F8B6109387E7FF91
:1029F000B386C601B386B640B3D5D6031317070115
:102A000013570701B3F6D603B308B3029396060132
:102A10003367D700637E17013307EE009386F5FF17
:102A20006364C70D6372170D9385E5FF3307C70114
:102A300093970701B70E0100B3E7B7009386FEFF37
:102A4000B3F5D70013D30701B376D60013560601AA
:102A5000338ED50233071741B306D30293580E01C4
:102A6000B385C502B385D500B385B8003303C3026F
:102A700063F4D5003303D30193D60501B386660012
:102A8000636AD7026308D700138507009305000027
:102A900067800000B70601009386F6FF33F7D50084
:102AA00013170701337EDE00331505013307C70115
:102AB000E37CE5FC1385F7FF9305000067800000C9
:102AC000B7070001637AF604935606011307000165
:102AD0006FF0DFD29305000013051000678000003F
:102AE000130507006FF01FE9938506006FF05FF490
:102AF000130E05006FF05FE4938708006FF09FEFFF
:102B00001305E5FFB38707016FF09FD51305E5FFB8
:102B1000B38707016FF01FC2935686011307800128
:102B20006FF0DFCD9305050093060000130600004B
:102B3000130500006F009058130101FF930500007A
:102B4000232481002326110013040500EF00906068
:102B500083A741C863840700E780070013050400CA
:102B6000EFD09F92130500006780000037160280A7
:102B7000B7750080371502801306C6E49385857605
:102B8000130585E56F004035130101FF83254500DE
:102B90002324810023229100232611001384015154
:102BA0009304050063848500EF40103C83A58400F6
:102BB000930784066386F50013850400EF40D03A3E
:102BC00083A5C4001304040D638E850003248100D3
:102BD0008320C100138504008324410013010101F7
:102BE0006F4090388320C10003248100832441007A
:102BF00013010101678000001305000067800000D9
:102C0000130101FE232C8100B7370080138401518A
:102C10009387C7B6232E1100232A91002328210170
:102C2000232631012324410123A2F1C81306800089
:102C300093074000930500001305C4052326F40004
:102C4000232004002322040023240400232204065A
:102C500023280400232A0400232C0400EF0050152D
:102C6000B7070100373A0080B73900803739008054
:102C7000B7340080130A4A0F938989151309091E76
:102C800093848425938797001306800093050000A2
:102C90001305440C23204403232234032324240358
:102CA00023269402232AF406232E840023240406D8
:102CB00023260406232804062326040C232C0406BA
:102CC000232E040623200408EF00900EB70702000D
:102CD00013078406938727011305C4121306800087
:102CE00093050000232444092326340923282409BA
:102CF000232A9408232EF40C2322E4082328040C0E
:102D0000232A040C232C040C232A04122320040E4F
:102D10002322040E2324040EEF0090099307040DD0
:102D20002328440F232A340F232C240F232E940E00
:102D30008320C1012326F40E032481018324410151
:102D4000032901018329C100032A81001301010223
:102D50006780000083A741C8130101FE23263101CB
:102D6000232E1100232C8100232A910023282101E6
:102D7000930905006388070E371902801309C9E417
:102D80009304F0FF83274900032489009387F7FF0A
:102D900063D807006F00000813048406638C97064D
:102DA0000317C4009387F7FFE31807FEB707FFFF79
:102DB000938717002326F40023220406232004000F
:102DC000232404002322040023280400232A0400CF
:102DD000232C040013068000930500001305C4058E
:102DE000EF00007D23280402232A04022322040486
:102DF000232404048320C10113050400032481015A
:102E000083244101032901018329C1001301010227
:102E1000678000000324090063060400130904000E
:102E20006FF05FF69305C01A13850900EF10000AD2
:102E300013040500630C05021305C5009307400049
:102E4000232004002322F4002324A4001306001AE4
:102E500093050000EF00C0752320890013090400CA
:102E60006FF05FF2EFF0DFD96FF01FF12320090060
:102E70009307C00023A0F9006FF0DFF78327450315
:102E8000638407006780000003A741C8B73700804C
:102E9000938787B8232AF502E31607FE6FF05FD603
:102EA000678000006780000037160280B735008019
:102EB0001306C6E4938545B6130500006F00C001F4
:102EC00037160280B73500801306C6E4938585BFA8
:102ED000130500006F004000130101FD23202103B2
:102EE000232E3101232C4101232A51012328610182
:102EF0002326710123261102232481022322910219
:102F0000130B0500938B0500930A0600130A0000BB
:102F1000930910001309F0FF83A44A0003A48A0058
:102F20009384F4FF63C804028357C40063FEF9006E
:102F30008317E4009305040013050B006386270143
:102F4000E7800B00336AAA009384F4FF130484061D
:102F5000E39C24FD83AA0A00E3900AFC8320C102BB
:102F60000324810283244102032901028329C10130
:102F7000832A4101032B0101832BC10013050A00A1
:102F8000032A81011301010367800000130101FC82
:102F90002324C1022326D1022328E102232AF1029D
:102FA000232C0103232E110313860500832585009E
:102FB00093068102232E11002326D100EF10006D0D
:102FC0008320C101130101046780000003A301C72E
:102FD000130101FC2324C1022326D1022322B102C2
:102FE0002328E102232AF102232C0103232E1103BB
:102FF0008325830093064102130605001305030091
:10300000232E11002326D100EF1040688320C10138
:103010001301010467800000130101FC232C8102CD
:103020001304050013850500232A9102232E1102A3
:1030300093840500EF00C07FB70702809387C736EF
:103040002324F102930710002326F10203274403EF
:103050009307010293061500232AF100930720002D
:10306000232091022322A102232ED100232CF10040
:1030700083258400630007068397C5001397270103
:103080006342070203A74506B7E6FFFF9386F6FFF4
:1030900037260000B3E7C7003377D7002396F50043
:1030A00023A2E5061306410113050400EF4010308A
:1030B0008320C10303248103133515003305A04089
:1030C0001375B500832441031305F5FF13010104B3
:1030D00067800000130504002326B100EFF01FDA1B
:1030E0008325C1006FF05FF99305050003A501C7B3
:1030F0006FF09FF2130101FF232481001384050068
:103100008395E50023261100EF00002E63400502A1
:10311000832704058320C100B387A7002328F40474
:103120000324810013010101678000008357C4005C
:1031300037F7FFFF1307F7FFB3F7E7008320C1005E
:103140002316F400032481001301010167800000AD
:1031500013050000678000008397C500130101FE7E
:10316000232C8100232A91002328210123263101C9
:10317000232E110013F70710138405009304050094
:1031800013090600938906006310070437F7FFFF51
:103190001307F7FFB3F7E7008315E4002316F400E5
:1031A000032481018320C1019386090013060900CD
:1031B0008329C100032901011385040083244101EF
:1031C000130101026F00C0288395E50093062000DB
:1031D00013060000EF00C01A8317C4006FF01FFB36
:1031E000130101FF23248100138405008395E5006A
:1031F00023261100EF00C0189307F0FF6308F502C3
:103200008357C400371700008320C100B3E7E700ED
:103210009397070193D707412328A4042316F400AA
:103220000324810013010101678000008357C4005B
:1032300037F7FFFF1307F7FFB3F7E700939707018F
:1032400093D707418320C1002316F4000324810093
:1032500013010101678000008395E5006F004000C5
:10326000130101FF23248100232291001304050090
:10327000138505002326110023A401C8EFD04F9F1A
:103280009307F0FF630CF5008320C1000324810045
:1032900083244100130101016780000083A781C8D6
:1032A000E38407FE8320C1002320F400032481006F
:1032B00083244100130101016780000083A701C737
:1032C000638EA70A83254504130101FE232A91007A
:1032D000232E110093040500638C0504232821018B
:1032E00023263101232C81001309000093090008D3
:1032F000B387250103A40700630E040093050400AF
:103300000324040013850400EF00100CE31804FEEE
:1033100083A5440413094900E31C39FD1385040007
:10332000EF00900A03248101032901018329C100D0
:1033300083A584036386050013850400EF00D0088D
:1033400083A5C4046386050013850400EF00D0073D
:1033500083A74403638C07008320C1011385040005
:103360008324410113010102678007008320C1010A
:10337000832441011301010267800000678000007F
:10338000130101FF138705002324810023229100EC
:1033900093050600130405001386060013050700B5
:1033A0002326110023A401C8EFD04F999307F0FF03
:1033B000630CF5008320C1000324810083244100B5
:1033C000130101016780000083A781C8E38407FE21
:1033D0008320C1002320F4000324810083244100C2
:1033E0001301010167800000130101FF138705002D
:1033F0002324810023229100930506001304050075
:1034000013860600130507002326110023A401C814
:10341000EFD0CF959307F0FF630CF5008320C10038
:10342000032481008324410013010101678000000F
:1034300083A781C8E38407FE8320C1002320F40012
:1034400003248100832441001301010167800000EF
:10345000130101FF1387050023248100232291001B
:1034600093050600130405001386060013050700E4
:103470002326110023A401C8EFD0CF949307F0FFB7
:10348000630CF5008320C1000324810083244100E4
:10349000130101016780000083A781C8E38407FE50
:1034A0008320C1002320F4000324810083244100F1
:1034B0001301010167800000130101FF2324810033
:1034C000B71702803714028023202101938707BD9C
:1034D000130704BD23261100232291003389E740FE
:1034E0006382E70213592940130404BD93040000CA
:1034F000832704009384140013044400E78007002A
:10350000E3E824FF37140280B7170280938707BDD2
:10351000130704BD3389E740135929406380E7024C
:10352000130404BD93040000832704009384140053
:1035300013044400E7800700E3E824FF8320C10070
:1035400003248100832441000329010013010101A8
:1035500067800000130101FF23248100B717028058
:1035600037140280938707BD130404BD3304F4406D
:1035700023229100232611009354244063800402E7
:103580001304C4FF3304F400832704009384F4FF7E
:103590001304C4FFE7800700E39804FE8320C10002
:1035A000032481008324410013010101678000008E
:1035B0001303F00013070500637EC3029377F7003F
:1035C0006390070A63920508937606FF1376F60068
:1035D000B386E6002320B7002322B7002324B700D8
:1035E0002326B70013070701E366D7FE631406001E
:1035F00067800000B306C340939626009702000040
:10360000B38656006780C6002307B700A306B7003D
:103610002306B700A305B7002305B700A304B7002E
:103620002304B700A303B7002303B700A302B70026
:103630002302B700A301B7002301B700A300B7001E
:103640002300B7006780000093F5F50F939685007F
:10365000B3E5D50093960501B3E5D5006FF0DFF62D
:103660009396270097020000B386560093820000CD
:10367000E78006FA93800200938707FF3307F7403D
:103680003306F600E378C3F66FF0DFF3B3C7A500A7
:1036900093F73700B308C50063940706930730001B
:1036A00063F0C7069377350013070500639A070692
:1036B00013F6C8FFB306E6409307000263CED708AF
:1036C00093860500930707006378C70203A80600E6
:1036D000938747009386460023AE07FFE3E8C7FEC3
:1036E0009307F6FFB387E74093F7C7FF9387470039
:1036F0003307F700B385F5006368170167800000A2
:10370000130705006378150583C705001307170025
:1037100093851500A30FF7FEE398E8FE678000008D
:1037200083C605001307170093773700A30FD7FE52
:1037300093851500E38E07F683C60500130717006F
:1037400093773700A30FD7FE93851500E39A07FC04
:103750006FF01FF667800000130101FF2326810030
:103760001304000283A3050083A2450083AF8500F4
:1037700003AFC50083AE050103AE450103A3850178
:1037800003A8C50183A6050213074702B307E64055
:10379000232E77FC232057FE2322F7FF2324E7FF65
:1037A0002326D7FF2328C7FF232A67FE232C07FFE2
:1037B000232ED7FE93854502E346F4FA938605004F
:1037C000930707006378C70203A8060093874700A2
:1037D0009386460023AE07FFE3E8C7FE9307F6FF94
:1037E000B387E74093F7C7FF938747003307F70096
:1037F000B385F500636817010324C10013010101BB
:103800006780000083C70500130717009385150024
:10381000A30FF7FEE382E8FE83C705001307170036
:1038200093851500A30FF7FEE39EE8FC6FF0DFFC25
:103830009377350013070500639C0704B7867F7FE5
:103840009386F6F79305F0FF03260700130747005A
:10385000B377D600B387D700B3E7C700B3E7D70085
:10386000E384B7FE8346C7FFB307A740638406041B
:103870008346D7FF638C06020345E7FF3335A0007C
:103880003305F5001305E5FF67800000E38806FABD
:10389000834707001307170093763700E39807FE66
:1038A0003307A7401305F7FF678000001385D7FF94
:1038B000678000001385C7FF6780000083A7C1C829
:1038C000638C070403A747001308F0016340E8086E
:1038D0001318270063060502338307012324C30856
:1038E00083A88718130610003316E600B3E8C80053
:1038F00023A417192324D310930620006306D502AE
:103900001307170023A2E700B387070123A4B7001A
:1039100013050000678000001388816423A601C995
:10392000938781646FF01FFA83A6C71813071700E7
:1039300023A2E700B3E6C60023A6D718B387070182
:1039400023A4B70013050000678000001305F0FFF3
:1039500067800000130101FD232C41012320210376
:1039600003A9C1C8232611026308090A232E3101C5
:10397000232A510123286101232671012324810276
:103980002322910223248101130B0500938B050050
:103990009309F0FF930A1000832449001384F4FF75
:1039A000634E040493942400B304990063900B08BD
:1039B0008327490083A644009387F7FF638C870A17
:1039C00023A20400638606028327891833978A009E
:1039D000032C4900B377F70063960706E7800600DB
:1039E0000327490083A7C1C863108709639E27077F
:1039F0001304F4FF9384C4FFE31A34FB032481020D
:103A0000832441028329C101832A4101032B01013F
:103A1000832BC100032C81008320C10203290102F2
:103A2000032A8101130101036780000083A744106A
:103A3000E38077F91304F4FF9384C4FFE31834FFA1
:103A40006FF0DFFB8327C91883A544083377F7009D
:103A50006316070213050B00E780060003274900E1
:103A600083A7C1C8E30487F9E38A07F8138907002D
:103A70006FF09FF2232289006FF0DFF413850500B9
:103A8000E78006006FF0DFF5130101FE2326310108
:103A9000B7190280232C8100232A910023282101B9
:103AA00023244101232E1100138A05001309050068
:103AB000938989F7EF00103D03A78900B71700002D
:103AC0009387F7FE832447003717000093F4C4FF61
:103AD0003384F400330444411354C4001304F4FF4A
:103AE0001314C400634EE40093050000130509009D
:103AF000EF40D02883A78900B38797006308F502B9
:103B000013050900EF0050388320C101032481010F
:103B100083244101032901018329C100032A810073
:103B2000130500001301010267800000B305804007
:103B300013050900EF4090249307F0FF630AF50492
:103B4000B72702809387C70A03A7070083A68900C7
:103B5000B384844093E414003307874013050900BD
:103B600023A2960023A0E700EF0010328320C101BA
:103B70000324810183244101032901018329C10018
:103B8000032A810013051000130101026780000061
:103B90009305000013050900EF40501E03A789009C
:103BA0009306F000B307E540E3DCF6F483A641C7D3
:103BB00093E717002322F7003305D540B72602808C
:103BC00023A6A60A6FF0DFF363820518130101FF35
:103BD000232481002322910013840500930405000F
:103BE00023261100EF00102A0325C4FF130784FFCA
:103BF000B71502809377E5FF3306F700938585F7C5
:103C00008326460003A8850093F6C6FF6302C81A00
:103C10002322D600137515003308D6006310050A59
:103C2000032384FF032848003715028033076740C9
:103C300083288700130505F8B387670013781800F9
:103C40006382A8140323C70023A66800232413015A
:103C50006306081A93E617002322D7002320F600F4
:103C60009306F01F63ECF60693F687FF93868600B3
:103C700003A54500B386D50003A6060013D8570058
:103C800093071000B3970701B3E7A700138586FFDA
:103C90002326A7002324C70023A2F50023A0E600C3
:103CA0002326E600032481008320C100138504003D
:103CB00083244100130101016F00101D03254800FA
:103CC000137515006306050893E61700232ED4FE2E
:103CD0002320F6009306F01FE3F8F6F893D697003A
:103CE000130640006360D61293D6670013859603CF
:103CF00013868603131535003385A500832605003A
:103D0000130585FF6318D5006F00401583A6860054
:103D10006308D50003A646001376C6FFE3E8C7FE96
:103D200003A5C6002326A7002324D700032481006F
:103D30002324E5008320C10013850400832441006F
:103D400023A6E600130101016F0010146780000034
:103D500037150280B387D700130505F88326860040
:103D6000638CA60C0328C60013E517003306F70082
:103D700023A606012324D8002322A7002320F6002F
:103D80006FF01FEE631C0812832586000326C60011
:103D9000B386F60093E7160023A6C5002324B600D9
:103DA0002322F7003307D7002320D7006FF09FEFBF
:103DB00013751500B386D70063100502032584FF31
:103DC0003307A7408327C70003268700B386A600D2
:103DD0002326F60023A4C70013E6160083A781C795
:103DE0002322C70023A4E500E3EEF6EA83A581C9F8
:103DF00013850400EFF05FC96FF0DFEAB387D700E7
:103E00006FF0DFF5130640016370D602130640051C
:103E10006364D60693D6C7001385F6061386E606B6
:103E2000131535006FF05FED1385C6051386B605D3
:103E3000131535006FF05FEC23AAE50023A8E50019
:103E400093E617002326A7002324A7002322D700E8
:103E50003307F7002320F7006FF0DFE403A84500E5
:103E60001356264093071000B397C700B3E7070126
:103E700023A2F5006FF01FEB13064015636CD6000C
:103E800093D6F7001385860713867607131535003A
:103E90006FF09FE613064055636CD60093D627015A
:103EA0001385D6071386C607131535006FF0DFE4B8
:103EB0001305803F1306E0076FF01FE493E6170039
:103EC0002322D7002320F6006FF0DFDD130101FD70
:103ED000232E310123261102232481022322910261
:103EE000232021039387B500130760019309050080
:103EF0006362F7089307000163E4B720EF0080785E
:103F00009307800193052000930400013719028074
:103F1000130989F7B307F90003A44700138787FF44
:103F20006302E434832744008326C400032684000C
:103F300093F7C7FFB307F40003A747002326D60073
:103F400023A4C600136717001385090023A2E70006
:103F5000EF008073130584008320C10203248102D3
:103F600083244102032901028329C10113010103B2
:103F70006780000093F487FF63C4071863E2B418F6
:103F8000EF0040709307701F63F8973E93D794003B
:103F90006380071813074000636EF73293D76400FD
:103FA000938597031388870313963500371902808A
:103FB000130989F73306C90003244600130686FF58
:103FC000630886021305F0006F0040018326C400D9
:103FD00063560728630ED600138406008327440027
:103FE00093F7C7FF33879740E352E5FE9305080038
:103FF0000324090193088900630E142583274400D4
:104000009306F00093F7C7FF3387974063CCE636FB
:10401000232A190123281901635007341307F01FBD
:10402000032549006368F72413F787FF1307870008
:104030003307E9008326070013D6570093071000C3
:10404000B397C7003365F500930787FF2326F40075
:104050002324D4002322A9002320870023A686003E
:1040600093D72540130610003316F600636AC50A7D
:10407000B377A600639407021316160093F5C5FFE5
:10408000B377A60093854500639A070013161600C0
:10409000B377A60093854500E38A07FE1308F00076
:1040A0001393350033036900130503008327C5000C
:1040B000138E05006302F52403A74700138407004D
:1040C00083A7C7001377C7FFB30697406342D8247E
:1040D000E3C206FE3307E40083264700032684007C
:1040E0001385090093E616002322D7002326F60045
:1040F00023A4C700EF004059130584006FF0DFE5EB
:104100009307C00023A0F900130500006FF0DFE45F
:1041100013060020930500041308F0036FF01FE955
:1041200003248900232861018327440013FBC7FF70
:1041300063689B0033079B409307F00063CAE70C5A
:1041400023229101232A510103A741C783AA81C9D0
:10415000232C4101232671019307F0FF330A6401E8
:10416000B38A54016306F73CB71700009387F70042
:10417000B38AFA00B7F7FFFFB3FAFA0093850A0093
:1041800013850900EF40803F9307F0FF930B050074
:10419000630AF54423248101636E4523138C817DDA
:1041A00083250C00B385BA002320BC0013870500CB
:1041B0006316AA2A931745016392072A832B890065
:1041C000B3075B0193E7170023A2FB0083A641C955
:1041D00063F4B60023AAB1C883A601C963F4B6008C
:1041E00023A8B1C8032C810013840B0093F7C7FFE9
:1041F0003387974063EA97389307F00063D6E73830
:10420000032A8101832A4101832BC100832C4100B1
:1042100093E714002322F400B304940023249900AC
:10422000136717001385090023A2E400EF00C045BF
:104230008320C1021305840003248102032B0101A2
:1042400083244102032901028329C10113010103CF
:1042500067800000032549006FF09FE0032684007B
:104260006FF05FCD03A4C70093852500E38287D854
:104270006FF05FCB13D797009306400063F2E6140C
:104280009306400163E4E6321306C7059306B705BB
:10429000131636003306C90003270600130686FFEF
:1042A0006318E6006F004029032787006308E600D3
:1042B0008326470093F6C6FFE3E8D7FE0326C70030
:1042C0002326C4002324E400232486002326870019
:1042D0006FF01FD9130740016378F71013074005EB
:1042E0006364F72E93D7C4009385F7061388E70617
:1042F000139635006FF09FCB130E1E0093773E0090
:1043000013058500638007108327C5006FF09FDACF
:104310000326840093E514002322B4002326F6002C
:1043200023A4C700B3049400232A990023289900EA
:1043300093E7160023A6140123A4140123A2F4007A
:104340003307E400138509002320D700EF00C033B2
:10435000130584006FF05FC0B307F40003A74700A4
:10436000138509001367170023A2E700EF00C0318F
:10437000130584006FF05FBE93D5340093878400EB
:104380006FF0DFB893E614002322D400B304940046
:10439000232A9900232899009366170023A6140165
:1043A00023A4140123A2D400B307F4001385090049
:1043B00023A0E700EF00402D130584006FF0DFB964
:1043C00013D7670013069703930687031316360067
:1043D0006FF05FEC630C240703248900032C810039
:1043E000832744006FF09FE09385C7051388B705C6
:1043F000139635006FF09FBB832783009385F5FFED
:10440000639E672693F73500130383FFE39607FE49
:10441000032749009347F6FFB3F7E7002322F9008B
:1044200013161600E3EEC7CEE30C06CE3377F60084
:10443000631A0700131616003377F600130E4E00AA
:10444000E30A07FE93050E006FF09FC5138C817D74
:1044500003270C003387EA002320EC0083A641C722
:104460009307F0FF6386F618B3874B41B387E700E5
:104470002320FC0093FC7B00638C0C0CB38B9B41D2
:10448000B717000093878700938B8B00B385974104
:10449000B38A5B01B38555419395450113DA450114
:1044A00093050A0013850900EF40400D9307F0FFC4
:1044B0006300F51833057541B30A450103270C0065
:1044C0002324790193E71A00B305EA002320BC00F6
:1044D00023A2FB00E30C24CF9306F00063F0660BED
:1044E0000327440093074BFF93F787FF13771700C9
:1044F0003367F7002322E400130650003307F4006B
:104500002322C7002324C70063E6F60083A74B00DD
:104510006FF0DFCB9305840013850900EFF0CFEA3D
:10452000832B890083250C0083A74B006FF01FCAE3
:10453000938A0A016FF09FC493D626409307100018
:10454000B397D7003365F5002322A9006FF05FD73A
:10455000B3855B01B305B0409395450113DA45017E
:1045600093050A0013850900EF4040019307F0FF0F
:10457000E312F5F4130A00006FF05FF4032C8100DE
:104580009307100023A2FB0013850900EF00C00F62
:1045900013050000032A8101832A4101032B010135
:1045A000832BC100832C41006FF01F9B93064005B5
:1045B00063E4E60413D7C7001306F7069306E7067D
:1045C000131636006FF01FCD130740156364F70410
:1045D00093D7F400938587071388770713963500E0
:1045E0006FF0DF9C03248900832744006FF01FC015
:1045F00023AA71C76FF01FE89306401563E4E60431
:1046000013D7F700130687079306770713163600AC
:104610006FF05FC8130740556364F70493D7240114
:104620009385D7071388C707139635006FF01F9837
:10463000938C8CFFB38A9A01B38A7A41130A0000E3
:104640006FF0DFE79306405563E4E60213D72701D6
:104650001306D7079306C707131636006FF09FC3DC
:104660001306803F9305F0071308E0076FF01F94CF
:104670001306803F9306E0076FF0DFC183274900F0
:104680006FF01FDA6780000067800000130101ED02
:104690002326111223229112232A5111232671114C
:1046A000938A0500930406002324D100930B050090
:1046B000EF30D06B83270500138507002322F1021A
:1046C000EFF00F972320A10263880B0083A74B0311
:1046D000639407006F1040738397CA0013972701F4
:1046E0006346070203A74A0637260000B7E6FFFF26
:1046F000B3E7C7009386F6FF9397070193D7074167
:104700003377D7002396FA0023A2EA0613F787002F
:104710006302072E03A70A01630E072C93F7A70174
:104720001307A000638AE72EB707028023286111D0
:1047300023248111130B010B9387C753370C02807D
:1047400023248112232C4111232EB10F2320211366
:10475000232E3111232291112320A111232E610731
:104760002322010823200108232A0100232C010011
:10477000232E010013040B0023240102232801022D
:10478000232201002326F100130A0001130C0C6BF5
:1047900023207101938D040083C70D00638C071ED5
:1047A00093840D00130750026386E72A83C7140021
:1047B00093841400E39A07FE3389B441638CB41DDB
:1047C00003274108832701082320B4013307270169
:1047D00093871700232224012322E1082320F108D4
:1047E0001307700013048400634EF726032741006B
:1047F00083C70400330727012322E100638C0718D5
:1048000093841400A30F01049309F0FF930B00009D
:10481000130900009306800503CD0400938D140056
:1048200093070DFE63E6F6040327C1009397270064
:10483000B387E70083A7070067800700930B00009A
:1048400093070DFD1306900003CD0D0013972B0069
:10485000B30B7701939B1B00B38B770193070DFD7F
:10486000938D1D00E372F6FE93070DFEE3FEF6FA4C
:1048700063020D122304A109A30F01041307100002
:1048800093041000930C8108130F09009309000092
:1048900023280100930F000093724F080329410859
:1048A00063960200B387EB40E342F0448347F1058F
:1048B000638A0702832701089306F1052320D400A9
:1048C0001309190093061000938717002322D400C0
:1048D000232221092320F108930670001304840089
:1048E00063C0F61A638A0F02832701089306010644
:1048F0002320D40013092900930620009387170072
:104900002322D400232221092320F10893067000DA
:1049100013048400E3CEF64E93070008E38AF208FE
:10492000B3899940E34E301993770F10639407745D
:1049300083270108330999002320940193871700E6
:1049400023229400232221092320F10893067000DA
:1049500063CCF62013048400137F4F0063060F001E
:10496000B384EB40E342904E13830B0063D4EB001F
:104970001303070083274100B38767002322F10058
:10498000E31A092283C70D002320010813040B003A
:10499000E39807E083274108832B01006384070025
:1049A0006F10407583D7CA000324811203290112B6
:1049B00093F707048329C111032A8111032B0111E5
:1049C000032C8110832C4110032D0110832DC10F66
:1049D000638407006F10901D8320C11203254100DE
:1049E00083244112832A4111832BC1101301011327
:1049F0006780000093850A0013850B00EF30006C80
:104A0000630405006F10901A8397CA001307A00073
:104A100093F7A701E39AE7D08397EA00E3C607D0AC
:104A2000832681008320C1121386040093850A0027
:104A300083244112832A411113850B00832BC1105B
:104A4000130101136F1010381369090193840D00CD
:104A50006FF09FDC3389B441E394B4D783C704007B
:104A60006FF0DFD9032501001306C10793850A0003
:104A7000EF105054E31805F213040B006FF01FD72A
:104A8000032501001306C10793850A00232EE102C6
:104A9000232CE103232A51022326F103EF10905126
:104AA000E31205F0032941080327C103032F810303
:104AB00083224103832FC10213040B006FF09FE296
:104AC00083270108B7060280938686532320D400EB
:104AD0001309190093061000938717002322D400AE
:104AE000232221092320F108930670001304840077
:104AF00063D4F6006F108010630406006F108045C9
:104B00008326410193771F00B3E7D700E38607E4CC
:104B100083274102832601022320F4008327010812
:104B2000B38526012322D400938717002322B108DE
:104B30002320F1089306700063D4F6006F108064A0
:104B400013048400832641019387170023209401D6
:104B50003389B6002322D400232221092320F1081F
:104B600093067000E3D8F6DE032501001306C107A3
:104B700093850A002326E1022328E101EF109043E8
:104B8000E31205E203294108032F01010327C102B3
:104B900013040B006FF05FDC93778900E39C0760E0
:104BA000832781009387770093F787FF03A7070088
:104BB00093878700232CE10003A7C7FF2324F1007C
:104BC000232EE100832CC10103A7C1C183268101EB
:104BD00083A701C293941C0093D41400138506008C
:104BE000938504001306070093860700EF90504C4E
:104BF000630405006F1000048326810103A7C1C16F
:104C000083A701C2138506009385040013060700DD
:104C100093860700EF80503B6344A0006F10800133
:104C20000327810193850C0013060000130507007C
:104C300093060000EF805039635405006F10404325
:104C40008346F1059307700463D4A7016F10804178
:104C5000B70C0280938C8C4F23280100137FF9F747
:104C600013073000930430009309000063840600AA
:104C700013071700937F2F00E3800FC2130727004D
:104C8000930F20006FF05FC18326810093770901A5
:104C900003A70600938646002324D10063920712DF
:104CA0009376090493070700E390064E634E0710BE
:104CB0008346F10563C40904137FF9F7631E0702F5
:104CC00013071000639E0920E314073C9374190036
:104CD000930C0B006382040493070003A307F10AFB
:104CE000930CF10A1387040063CC340323280100DA
:104CF000E39006F86FF01FF813090F0013079000F8
:104D0000E364F76C93870703A307F10A130F090005
:104D100093041000930CF10A13870400E3D834FDC8
:104D200013870900232801006FF09FFC832781006F
:104D300083AB0700938747002324F100E3D80BD00F
:104D4000B30B70411369490093840D006FF0DFAC21
:104D500003CD0D009307A002938D1D006314FD0089
:104D60006F10807D93070DFD9305900013070000E1
:104D70001306900093090000E3E4F5AA03CD0D00AB
:104D800093192700B389E900939919003387F90033
:104D900093070DFD938D1D00E372F6FE9309070046
:104DA000E35007A89309F0FF6FF09FA783278100C6
:104DB0001369090103A70700938747002324F10023
:104DC00093070700E35607EEB307E0409306D002CF
:104DD000130710006F00000A1369090893840D007F
:104DE0006FF09FA31369090493840D006FF0DFA295
:104DF00003278100A30F01049304100083270700F9
:104E0000130747002324E1002304F10813071000CF
:104E1000930C81086FF05FA79307B002A30FF10412
:104E200093840D006FF05F9F1369190093840D0048
:104E30006FF09F9E8347F105E39A07C09307000236
:104E4000A30FF10493840D006FF01F9D1369890077
:104E500093840D006FF05F9C0327810013690901A3
:104E600083270700130747002324E10013071000DE
:104E700093060000A30FD10463C80900137FF9F75C
:104E8000E38207E413090F0013061000E308C7E6E6
:104E9000130620006306C706930C0B0013F7770078
:104EA00013070703A38FECFE93D7370013860C007C
:104EB000938CFCFFE39407FE937719006384070645
:104EC000930700036300F7061306E6FFA38FFCFEBB
:104ED000B304CB40130F0900930C06006FF0DFE31F
:104EE000930710006314F7006F10C03F9307200072
:104EF00013090F006304F7006F10002193070000EF
:104F000003268102930C0B0013F7F7003307E6002A
:104F10000347070093D74700938CFCFF2380EC00E6
:104F2000E39407FEB3049B41130F09006FF0DFDE2B
:104F3000032781001369090183270700130747002E
:104F40002324E100130700006FF09FF28326810005
:104F50001377090183A70600938646002324D10016
:104F6000E31607F013770904E30207F093970701AC
:104F700093D70701130710006FF09FEF832781007D
:104F8000A30F010483AC070013884700E3800C32B1
:104F90002324010163D409006F1040071386090020
:104FA0009305000013850C00EF30003F03288100BB
:104FB000631405006F10803AB30495418346F105F0
:104FC00013C7F4FF1357F7412324010123280100DD
:104FD00033F7E400130F090093090000E39A06C8B1
:104FE0006FF05FC9832681003787000013070783AE
:104FF0002310E106138746002324E10037070280CF
:105000001307C7512324E10283A70600136929006F
:1050100013072000130D80076FF09FE583268100A2
:105020001377090183A70600938646002324D10045
:10503000E31A07F013770904E30607F093970701D3
:1050400093D70701130700006FF09FE293770901E0
:10505000E3840714832781000327410083A7070007
:1050600023A0E70083278100938747002324F100D2
:105070006FF08FF29307500663DAA735832681011C
:105080008327C101130600001385060093850700DE
:1050900093060000232AE1022326E103EF80005A51
:1050A000032FC10203274103631605668327010806
:1050B000B7060280938686532320D4001309190073
:1050C00093061000938717002322D400232221097E
:1050D0002320F1089306700013048400E3C0F64C0B
:1050E0008327410683264101E3D8D708832741025D
:1050F0008326010213048400232CF4FE8327010875
:105100003309D900232ED4FE9387170023222109C7
:105110002320F10893067000E3CCF60E83274101AB
:105120009384F7FFE35A90829306000183270108D6
:1051300063C496006F10003DB70602809386066B2D
:105140002326E102032D0100130704009309000147
:1051500013840400930C70002328E101938406005B
:105160006F00C000130404FFE3D6894A1309090144
:105170009387170023209700232237012322210938
:105180002320F10813078700E3DEFCFC1306C107A8
:1051900093850A0013050D00EF10C061E31405802C
:1051A000032941088327010813070B006FF09FFBB9
:1051B000B387EB406356F0F693060001032601081F
:1051C00063C4F6006F10C01DB70602809386066B9D
:1051D000232A91029305090093080001130907008F
:1051E000930F7000130704002326E10313840700C4
:1051F000938406006F00C000130404FF63DA880480
:10520000938505011306160023209700232217011A
:105210002322B1082320C10813078700E3DECFFC57
:10522000032501001306C10793850A00EF1080587B
:10523000631A05F693080001130404FF832541084F
:105240000326010813070B00930F7000E3CA88FAC6
:1052500093860400032FC1028324410393070400B3
:105260001304070013070900138905003309F90027
:10527000130616002322F4002320D4002322210940
:105280002320C108930770001304840063DAC7E881
:10529000032501001306C10793850A00232AE102B2
:1052A0002326E103EF100051631E05EE0329410898
:1052B00003274103032FC10213040B006FF04FE6D5
:1052C000B7060280832701089386066B635A3A0962
:1052D0009306090093087000130907002326E103D1
:1052E000130704001384090093090C006F00C00029
:1052F000130404FF63588A049386060193871700FA
:1053000023208701232247012322D1082320F108EB
:1053100013078700E3DEF8FC032501001306C1072D
:1053200093850A00EF100049631E05E6130404FF8D
:10533000832641088327010813070B009308700098
:10534000E34C8AFA032FC102138609009309040073
:1053500013040700130709001389060093060600CB
:1053600033093901938717002320D4002322340105
:10537000232221092320F1089306700013048400DE
:1053800063D4F6DA032501001306C10793850A00EA
:10539000232AE1022326E103EF10C041631405E054
:1053A0000329410803274103032FC10213040B0003
:1053B0006FF08FD7032501001306C10793850A00FC
:1053C000EF10403F630005DC6FF0CFDD8324010860
:1053D000832641019307100023209401130919002B
:1053E000938414009309840063DAD74A930710006A
:1053F0002322F4002322210923209108930770001F
:1054000063CC97748327010283264102938414009E
:105410003309F90023A2F90023A0D900232221098E
:1054200023209108930770009389890063C29776BF
:105430008327C1018326810113060000938507009D
:105440008327410113850600930600002326E1020D
:105450002328E1011384F7FFEF80401E032F010191
:105460000327C10263040548938C1C009384140035
:105470003309890023A0990123A28900232221094D
:10548000232091089307700093898900E3C2971441
:10549000832601039307C1069384140033892601F0
:1054A00023A0F90023A2D900232221092320910857
:1054B000930770001384890063D097CA0325010005
:1054C0001306C10793850A002326E1022328E10180
:1054D000EF10402E631805CC032941080327C102B1
:1054E000032F010113040B006FF00FC79306000197
:1054F00003260108E3D6F668B70602809386066A9B
:10550000232E910293050900930800011309070057
:1055100093037000130704002326F103232A51028A
:10552000232CE10313840700938406006F00C0005E
:10553000130404FF63DA880493850501130616003B
:1055400023209700232217012322B1082320C1081A
:1055500013078700E3DEC3FC032501001306C10720
:1055600093850A00EF100025631E05C29308000111
:10557000130404FF832541080326010813070B00C9
:1055800093037000E3CA88FA93860400832FC10254
:1055900083224103032F81038324C1039307040063
:1055A0001304070013070900138905003309F900E4
:1055B000130616002322F4002320D40023222109FD
:1055C0002320C108930770001304840063D0C7AE82
:1055D000032501001306C10793850A00232EE1026B
:1055E000232CE103232A51022326F103EF10801C10
:1055F000631A05BA032941080327C103032F810356
:1056000083224103832FC10213040B006FF00FAA02
:10561000032501001306C10793850A00232CE1022C
:10562000232AE10323265102EF10C018631C05B69C
:105630000329410803278103032F41038322C10269
:1056400013040B006FF04FAD930600018327010890
:10565000E3D29654B70602809386066A138D04003F
:1056600093090001930C70002328E1009384060045
:105670006F00C000130D0DFF63D6A90513090901C2
:105680009387170023209400232234012322210929
:105690002320F10813048400E3DEFCFC0325010051
:1056A0001306C10793850A00EF10C010631C05AEF6
:1056B000130D0DFF032941088327010813040B0074
:1056C000E3CEA9FB032701019386040093040D0098
:1056D00033099900938717002320D40023229400D4
:1056E000232221092320F1089306700063DEF6A629
:1056F000032501001306C10793850A002328E10052
:10570000EF10400B631005AA03294108032701018C
:105710006FF08FA5032641066354C0BA8327410169
:10572000832601019389070063C8F62C6356300372
:105730008327010833093901232094019387170037
:1057400023223401232221092320F108930670002B
:1057500013048400E3CEF61A93C7F9FF93D7F741F9
:10576000B3F9F90083270101B3893741634030372A
:10577000832641068327410163D6F6288327410209
:105780000326010213048400232CF4FE832701085E
:105790003309C900232EC4FE938717002322210951
:1057A0002320F10813067000E342F63083274101FD
:1057B00003260101B386D740B389C74063D43601BD
:1057C00093890600635A30038327010103260108E9
:1057D00033093901B38CFC00130616002320940111
:1057E00023223401232221092320C10893077000BA
:1057F00013048400E3C0C73213C6F9FF1356F64101
:10580000B3F7C900B384F64063589094930600013F
:1058100083270108E3D8964EB70602809386066B6D
:105820002326E102032D0100130704009309000160
:1058300013840400930C70002328E1019384060074
:105840006F00C000130404FF63D6895C13090901CB
:105850009387170023209700232237012322210951
:105860002320F10813078700E3DEFCFC1306C107C1
:1058700093850A0013050D00EF00D07363140592A1
:10588000032941088327010813070B006FF09FFBD2
:1058900093040000930C0B006FF00FC893761F0069
:1058A000E39606B42322F400232221092320910841
:1058B00093077000E3DE97BC032501001306C107C0
:1058C00093850A002326E1022328E101EF00906E70
:1058D000631A058C03294108832401080327C102A8
:1058E000032F010193090B006FF09FBA832641013A
:1058F00093071000E3DED7B893071001E3DED73E2D
:10590000B70602809386066B93870900930C00010B
:1059100093090700130D7000130709002328E10104
:10592000138906006F00C000130404FF63DA8C7053
:10593000130707019384140023A0270123A29701D2
:105940002322E1082320910893878700E35E9DFCD2
:10595000032501001306C10793850A00EF00906537
:10596000630405006FF00F840327410883240108B6
:1059700093070B006FF05FFB93771F0063940700A2
:105980006FE09FFD6FF08FF6131707011357074164
:10599000930707006FF00FC3937F0904638C0FEA2E
:1059A000832781000327410083A707002390E70096
:1059B0006FF04FEB032781001305010483270700D5
:1059C0009304470003A707002320E10403A747002F
:1059D0002322E10403A787002324E10483A7C7004F
:1059E0002326F104EF900012232CA100232EB100F6
:1059F000232491006FF00F9D93890600E34A30D372
:105A00006FF09FD593771F00E38207DA6FF01FD7FF
:105A1000032501001306C10793850A002326E1022E
:105A20002328E101EF001059630405006FE09FF7A0
:105A3000032941080327C102032F010113040B00AE
:105A40006FF0CFEDB7070280938787502324F102D0
:105A5000832681001377090183A7060093864600F9
:105A60002324D100631A0700137709046306070093
:105A70009397070193D70701937619001307200026
:105A8000638806BE638607BE930600032300D10623
:105A9000A300A107136929006FF08FBDB70702802B
:105AA0009387C7512324F1026FF09FFA9307600098
:105AB0009384090063E83769B70C028013870400F8
:105AC00023240101938C0C536FE01FDC930600012B
:105AD00083270108E3DC3625B7060280930507001B
:105AE0009386066B1307040013060900138409004C
:105AF000130D0001930470002326E10313890600AF
:105B0000938905006F00C000130404FF635A8D568B
:105B10001306060193871700232027012322A701DC
:105B20002322C1082320F10813078700E3DEF4FCD9
:105B3000032501001306C10793850A00EF00904773
:105B4000630405006FE01FE6032641088327010870
:105B500013070B006FF05FFB032501001306C1075D
:105B600093850A002326E1022328E101EF009044F7
:105B7000630405006FE01FE3032941088324010843
:105B80000327C102032F010193090B006FF09F87C8
:105B9000032501001306C10793850A002326E102AD
:105BA0002328E101EF001041630405006FE09FDF4F
:105BB00003294108832401080327C102032F01019F
:105BC00093090B006FF0DF86930C0B001306A00007
:105BD0001305900033F7C702938CFCFF93850700F1
:105BE000130707032380EC00B3D7C702E364B5FEB5
:105BF000B3049B41130F09006FF00F9203250100BE
:105C00001306C10793850A002326E1022328E10138
:105C1000EF00503A630405006FE0DFD80326410629
:105C2000032941080327C102032F010113040B00BC
:105C30006FE09FEC032881018327C1011306080050
:105C4000130508009386070093850700EF805046F0
:105C5000E31205021377FDFD9307F0FF2326E1020F
:105C6000136F09106388F96E930770046302F76875
:105C70008327C101930200009384070063C0074E8D
:105C80009307600613870900930630006310FD4EEA
:105C900003268101130881069307410613050600B8
:105CA00093050500032501009308410713860400AE
:105CB000232A5102232AE1012328E100EF20D058B2
:105CC0000327010193076006032F4101832241034B
:105CD000930C05003308E500631CFD0083C60C002F
:105CE000930700036380F656832741063308F800C4
:105CF00083278101938504001306000013850700A4
:105D000093060000232A5102232A01012328E101DE
:105D1000EF70D012032F01010328410183224103B8
:105D2000630605428327410763FE070193060003CC
:105D300013871700232AE1062380D7008327410712
:105D4000E3E807FF032741062328E100B3879741D3
:105D5000232AF1008327C102130770046384E71428
:105D6000930760066312FD1803270101937719005A
:105D7000B3E737016356E07E639C07728324010119
:105D8000130D600613870400638802509307D00246
:105D9000A30FF104930900006FE09FED03250100BC
:105DA0001306C10793850A002326E1022328E10197
:105DB000EF005020630405006FE0DFBE03294108B7
:105DC0000327C102032F010113040B006FF04FB131
:105DD000032501001306C10793850A002326E1026B
:105DE0002328E101EF00101D630405006FE09FBB55
:105DF0000329410883240108032F01010327C1025D
:105E000093090B006FF0CFE813850B00EFD00F87DD
:105E10006FE09F8C93860400032F0101930404001C
:105E2000130407000327C102330999009387170061
:105E30002320D4006FE0DFB063CC07688324C10166
:105E40009302000093091000032781019307410684
:105E5000930841071305070093050500032501007A
:105E60001308810613870900930620001386040097
:105E7000232A51002328E101EF20103D93771900D8
:105E8000032F010183224101930C05006390075009
:105E9000832741062328F10083274107B387A740C2
:105EA000232AF100032701019307D0FF634CF70277
:105EB00063CAE9028327410103270101634CF750BC
:105EC000937F19008327010163960F5C13C7F7FFC7
:105ED0001357F74133F7E70093840700130D70065B
:105EE0006FF09FEA130DEDFF032701012306A107C1
:105EF0009307B0029308F7FF2322110763CC0832FF
:105F0000A306F1069307900063C0172D938708033B
:105F100013070003A307F106930740002307E106D8
:105F20002328F10203274101832601039307100070
:105F3000B304D70063D2E748832701022328010076
:105F4000B384F40013C7F4FF1357F74133F7E400A9
:105F50006FF09FE38327410283260102130484002C
:105F6000232CF4FE83270108B3852601232ED4FEBB
:105F7000938717002322B1082320F10893067000AD
:105F800063C2F620634406006FE0DFBB930600FFA8
:105F9000B304C0406356D660B70602809386066B92
:105FA0002328E1009309000113070400130970007E
:105FB000130D0F00138406006F00C000938404FFCC
:105FC00063D49944938505019387170023208700A4
:105FD000232237012322B1082320F1081307870069
:105FE000E35EF9FC032501001306C10793850A004F
:105FF000EF00407C630405006FE0DF9A83254108D1
:106000008327010813070B006FF05FFB13850C005B
:10601000EFD01F828346F1051347F5FF1357F74171
:1060200023280100930405003377E500130F0900CE
:1060300093090000638406006FE09FC36FE09FC375
:10604000032F0101930609001309070013870900B4
:1060500093890700330989009384140023A0D90091
:106060006FF08FC1B70C0280938CCC4F6FE0DFBE16
:106070009307D002A30FF1049306D0026FE09FBCF8
:10608000032FC102938509009306090093090400B8
:1060900013090600130407001387050033093901AB
:1060A000938717002320D4002322340123222109BF
:1060B0002320F108930670001304840063DAF6EAE3
:1060C000032501001306C10793850A00232AE10274
:1060D0002326E103EF00006E630405006FE09F8C50
:1060E0000329410803274103032FC10213040B00B6
:1060F0006FF00FE81306C10793850A0013850B00A4
:10610000EF00406B6FE01F8A930700006FE0DFD85D
:10611000032501001306C10793850A00232AE10223
:106120002326E103EF000069630405006FE09F8709
:106130000329410803274103032FC10213040B0065
:106140006FF08FE1930460006FF01F978327410683
:106150002328F100930708006FF05FBFB7040080A9
:10616000B3C4F4009302D0026FF09FB10327C102C1
:1061700093075004E31AF7CC138719009306200005
:106180006FF01FB1032501001306C10793850A00B4
:106190002326E1022328E101EF00C061630405002A
:1061A0006FE05F80032641068325410883270108AD
:1061B0000327C102032F010113040B0063440600EF
:1061C0006FE05F986FF09FDC1305B1079306050041
:1061D0001306A0001308300633E7C80293870600B1
:1061E000938508009386F6FF13070703A38FE7FE46
:1061F000B3C8C802E342B8FE938808031387E7FFD9
:10620000A38F16FF6378A7389306E10603460700BD
:106210001307170093861600A38FC6FEE318A7FE88
:106220001307010FB307F7409387F7F82328F1020C
:106230006FF05FCF93071000B388E7409307D00259
:106240006FF01FCC832681019385040013060000A4
:106250001385060093060000232C5102232A010314
:10626000232AE1002328E101EF70403D032F0101C3
:106270000327410103284103832281036314052678
:10628000832741063308F8002328F100B30798411B
:10629000232AF1006FF05FAD8346F10593090000FA
:1062A000638406006FE0DF9C6FE0DF9C0325010044
:1062B0001306C10793850A00232AE1022326E1037E
:1062C000EF00404F630405006FE0CFED83264106E9
:1062D0000329410803274103032FC10213040B00C4
:1062E0006FF0CFCC13090F00930700006FE09FA160
:1062F0008327C101E38209B493840700930200005D
:10630000E3D407B4B7040080B3C4F4009302D0020E
:106310006FF09FB3032501001306C10793850A00A0
:106320002326E1022328E101EF00C04863040500B1
:106330006FE04FE783264106832741010329410887
:106340000327C102032F010113040B00B386D740BA
:106350006FF08FCA930960006FF09F918346F1053B
:10636000232801001387090093840900130F0900F3
:1063700093090000638406006FE09F8F6FE09F8F9A
:10638000B70602809386066A6FF04FA23308350184
:106390006FF01F96B70602809386066A6FF04FB3C0
:1063A000B70602809386066B6FE05FEC9307F0FF01
:1063B0002322F1006FE04FE2937719002328F100C8
:1063C000E39C07B613C7F4FF1357F74133F7E40014
:1063D0006FF09F9B8327410103270102B384E700ED
:1063E000832701016348F000832701013388F440CB
:1063F0009304180013C7F4FF1357F74133F7E40071
:10640000130D70066FF05F989306040013040700E5
:1064100003270101130F0D00B38595009387170023
:106420002320D400232294002322B1082320F10842
:106430009306700063C4F6006FE08FF0032501003F
:106440001306C10793850A002326E1022328E101F0
:10645000EF004036630405006FE0CFD48325410888
:10646000832701080327C102032F010113040B0036
:106470006FE04FED8327C10163C2070A8346F10530
:106480009307700463C6A709B70C0280938C0C5065
:106490006FE08FFC03270102130D7006B384E70041
:1064A00013C7F4FF1357F74133F7E4006FF0DF8DA4
:1064B000832701023388E900130D6006B304F80056
:1064C00013C7F4FF1357F74133F7E4006FF0DF8B86
:1064D000B7040080B3C4F4009302D0029309100003
:1064E0006FF09F9693071000B387E7402322F106D1
:1064F0003308F8006FF0CFFFB70602809386066B73
:106500006FF05FB5B70602809386066B6FF0DF9180
:10651000B70C0280938C4C506FE00FF49307D002BD
:10652000A30FF1049306D0026FF09FF5B706028027
:106530009386066B6FF09FB68327810083A90700BF
:106540009387470063C809002324F10093840D005A
:106550006FE08FAC9309F0FF2324F1006FF01FFF71
:10656000639A070013071000130D600693041000D0
:106570006FF09F8183270102130D600613881700B7
:10658000B304380113C7F4FF1357F74133F7E4009E
:106590006FF08FFF930720002328F1026FF09F9880
:1065A000B70602809386066B6FF01FE7930705001E
:1065B00003A501C79306060013860500938507000F
:1065C0006FE0CF8C130101B88397C50003D7E500B6
:1065D000232C814613840500B70501009385D5FF60
:1065E000032E44060323C401832844021317070122
:1065F000B3F7B700B3E7E70013080040232AF10020
:106600009305810093070107232A914623282147F8
:10661000232E1146130905002326C10723226102F8
:10662000232611032324F100232CF1002328010148
:10663000232E010123200102EFE04F859304050082
:10664000635C05028357410193F7070463880700E1
:106650008357C40093E707042316F4008320C1473F
:1066600003248147032901471385040083244147FC
:10667000130101486780000093058100130509009C
:10668000EF108044E30005FC9304F0FF6FF09FFBE4
:1066900083A74506130101FD23286101232611026A
:1066A00013972701130B06006358070E83278600F4
:1066B00023202103232E3101232A51012326710196
:1066C00013890500832B060093090500930AF0FF48
:1066D0006388070A2324810223229102232C41018B
:1066E0002324810103AC4B0003A40B00135A2C009C
:1066F00063060A06930400006F00C0001304440000
:10670000630C9A048325040013060900138509000D
:10671000EF10103E93841400E31255FF032481020E
:1067200083244102032901028329C101032A810133
:10673000832A4101832BC100032C81001305F0FF44
:106740008320C10223240B0023220B00032B010111
:10675000130101036780000083278B00137CCCFFAB
:10676000B38787412324FB00938B8B00E39C07F6C0
:106770000324810283244102032A8101032C810026
:10678000032901028329C101832A4101832BC1000E
:10679000130500006FF0DFFAEF1040418320C102C3
:1067A00023240B0023220B00032B010113010103FF
:1067B0006780000003278600630407006FF05FED29
:1067C000232206001305000067800000130101F278
:1067D0002326310D232C810B2326B10B232E110CE4
:1067E0002320A10093890500930D0600138C060059
:1067F0006306050083274503E38E07588397C90086
:10680000139727016346070203A7490637260000AE
:10681000B7E6FFFFB3E7C7009386F6FF939707013C
:1068200093D707413377D7002396F90023A2E906CF
:1068300013F787006308071203A70901630407120F
:1068400093F7A7011307A000638EE712B707028032
:106850002328210D232E710B130901069387076C42
:10686000B71B0280232C810C232A910C2324410D79
:106870002322510D2320610D232A910B2328A10BE4
:1068800023262103232A01022328010213070900DA
:1068900023260100232201002328F1001304000114
:1068A000938B4B8383C70D006386071093840D0081
:1068B000930650026386D72E83C714009384140076
:1068C000E39A07FE338AB4416386B40F83264103FB
:1068D000832701032320B701B306DA00938717004B
:1068E00023224701232AD1022328F1021306700034
:1068F000130787006350F602E382062E032501008A
:106900001306C10293850900EFF09FD86318050AAA
:10691000130709008326410083C70400B38646019C
:106920002322D1006388070893871400A303010280
:106930009306F0FF93040000930C000013058005FC
:1069400003C60700938D1700930706FE6368F50ED4
:106950008325010193972700B387B70083A707001A
:10696000678007000325010093850900EF1000757B
:10697000E31E054C8397C9001307A00093F7A701F6
:10698000E396E7EC8397E900E3C207EC03250100F7
:106990008320C10D93060C0013860D00032C810B80
:1069A000832DC10A938509008329C10C1301010EAF
:1069B0006F00D04E83274103E39C074283D7C90071
:1069C0000324810D8324410D93F707040329010D4E
:1069D000032A810C832A410C032B010C832BC10B4E
:1069E000832C410B032D010BE39207468320C10D3D
:1069F000032541008329C10C032C810B832DC10A7F
:106A00001301010E6780000093040000930706FD48
:106A10001308900003C60D0093952400B3859500DC
:106A200093951500B384B700930706FD938D1D0061
:106A3000E372F8FE930706FEE37CF5F0E30C06F63E
:106A4000230CC102A3030102130A1000130B100050
:106A5000930A810393060000130F0000032601032D
:106A600093FF4C088327410393051600138E0500FE
:106A700063960F00338D4441E340A00383457102C8
:106A8000638A050213067102938717002320C7004B
:106A9000130610002322C700232AF1022328C10372
:106AA000130670006342C67913060E0013078700B1
:106AB000130E1E0063000F06130681029387270042
:106AC0002320C700130620002322C700232AF10237
:106AD0002328C103130670006358C67BE3860710A2
:106AE000032501001306C10293850900232AD10062
:106AF0002324F101EFF0DFB9E31205EC03260103D3
:106B00008327410383264101832F81001307090056
:106B1000130E1600930500086382BF54338D66413F
:106B20006348A063B307FB002320570123226701BA
:106B3000232AF1022328C1039306700063D4C651AF
:106B400063880706032501001306C1029385090027
:106B5000EFF01FB4E31405E6832741031307090090
:106B600013F34C0063060300338B4441634E60050E
:106B700063D4440193040A000327410033079700BC
:106B80002322E100639E0766232801021307090000
:106B90006FF05FD193EC0C0193870D006FF05FDA1B
:106BA000338AB441E394B4D383C704006FF09FD712
:106BB0002328010213F34C006300037C338B444110
:106BC000635C607B13070900930600010326010341
:106BD000E3D86625371E0280130E4E82130D000186
:106BE000930A70006F008001930526001307870049
:106BF00013860600130B0BFF635C6D05938707017B
:106C0000930616002320C7012322A701232AF1029D
:106C10002328D102E3DADAFC638A07420325010064
:106C20001306C102938509002324C101EFF05FA67A
:106C3000E31605D803260103130B0BFF832741033B
:106C4000032E81001307090093051600E3486DFB2E
:106C5000B38767012320C70123226701232AF1029A
:106C60002328B10213077000E354B7F0638607705E
:106C7000032501001306C10293850900EFF05FA10F
:106C8000E31E05D2832741036FF09FEE93F70C01BB
:106C900003260C00130C4C00639A071093F50C04A8
:106CA00093070600E3920500634006040345710262
:106CB00063C8060493FCFCF763140604E39A061603
:106CC000130A0000130B0000930A09006304050077
:106CD000130A1A0013FF2C00E3020FD8130A2A002C
:106CE000130F20006FF09FD79307D002A303F10288
:106CF000B307C04063C4060093FCFCF71305D00241
:106D0000130690006364F6749387070393F7F70FF5
:106D1000A30FF104138A06006344D000130A100085
:106D2000130B1000930AF105E31405FA6FF09FFAB4
:106D300083240C00130C4C00E3D004E6B304904011
:106D400093EC4C0093870D006FF09FBF03C60D00BE
:106D50009307A00293881D00E300F610930706FD39
:106D6000930690009305000013089000E3E4F60AF0
:106D700003C6080093962500B386B60093961600C6
:106D8000B385D700930706FD93881800E372F8FED9
:106D90009386050063C00574938D08006FF0DFBA19
:106DA00003260C0093EC0C01130C4C009307060017
:106DB0006FF09FEF93EC0C0893870D006FF05FB8B6
:106DC0009307B002A303F10293870D006FF05FB742
:106DD00093EC1C0093870D006FF09FB68347710200
:106DE000E39C07DA93070002A303F10293870D00E7
:106DF0006FF01FB583270C00A3030102130C4C0096
:106E0000230CF102130A1000130B1000930A8103E4
:106E10006FF05FC483270C0013EB0C01130C4C00C4
:106E2000A303010213061000930C0B0013050000CE
:106E3000E3C806EC937CFBF76392075663920674F3
:106E4000631E065E137B1B0063020B649307000343
:106E5000A30FF104130A0B00930AF1056FF09FE7EB
:106E600083270C0013EB0C01130C4C00A30301024D
:106E700013060000930C0B00E3DE06FA930A0900E8
:106E800013F6770013060603A38FCAFE93D73700C5
:106E900093850A00938AFAFFE39407FE93F71C0098
:106EA000638A0716930700036306F6169385E5FFCA
:106EB000A38FFAFE330BB940138A060063C66661DE
:106EC000938A05006FF01FE113F60C0183270C0075
:106ED000130C4C00631A060013F60C04630606003C
:106EE0009397070193D70701138B0C006FF01FF8DE
:106EF00093F70C016390070213F30C04630C030077
:106F000083270C0083264100130C4C002390D700EC
:106F10006FF05F9983270C0083264100130C4C000F
:106F200023A0D7006FF01F9893EC0C0493870D00FB
:106F30006FF01FA113F60C0183270C00130C4C00FB
:106F4000631A060013F60C04630606009397070104
:106F500093D70701138B0C006FF09FEC832A0C0072
:106F6000A3030102130C4C00638A0A6263CA06562B
:106F7000138606009305000013850A00232AE1000A
:106F80002324D100EF1040418326810003274101D3
:106F9000138B060063040500330B554183477102D0
:106FA000134AFBFF135AFA41337A4B019306000050
:106FB000130F0000E39E07D06FF05FAA3786000032
:106FC000130606832314C102370602801306C65136
:106FD00083270C0093EC2C00130C4C002326C100DB
:106FE000A3030102138B0C0013062000E3D406E474
:106FF000930A09008325C10013F6F700938AFAFF6C
:107000003386C5000346060093D747002380CA0095
:10701000E39207FE330B5941138A0600E3DC66CB8B
:10702000130A0B006FF01FCB130710002328E10297
:1070300093070B002320510723226107232A6103B2
:1070400013070900130787006FF09FB19305100025
:1070500013060000130709006FF0DFB9338D4441B8
:10706000E35EA0AB9305000163D8A55DB715028070
:10707000938545832324B100130E0001130F700084
:107080006F00800113052600130787001386050093
:10709000130D0DFF6352AE0703258100938707018F
:1070A000930516002320A7002322C701232AF102FB
:1070B0002328B102E358BFFC6380071603250100B3
:1070C0001306C10293850900232AD100EFF04FDC9B
:1070D000E316058E03260103130E0001130D0DFFA9
:1070E0008327410383264101130709001305160076
:1070F000130F7000E342AEFB03268100B387A701A4
:107100002322A7012320C700232AF1022328A1025A
:10711000130670006352A6386388074A03250100EE
:107120001306C102938509002324D100EFF04FD646
:10713000E316058883268100032601038327410384
:10714000338D664113070900130E1600E35CA09D02
:107150006354A44723247101930E70006F008001D3
:10716000130E26001307870013860500130D0DFF6D
:10717000635AA4059387070193051600232077011E
:1071800023228700232AF1022328B102E3DABEFC7E
:1071900063800706032501001306C10293850900D9
:1071A000EFF00FCFE31C058003260103130D0DFF45
:1071B0008327410313070900130E1600930E700076
:1071C000E34AA4FB83268100B387A7012322A701FA
:1071D0002320D700232AF1022328C103930670003D
:1071E00063C8C61D13078700130E1E006FF09F9320
:1071F000130E100013060000130709006FF01FF7AD
:10720000032501001306C10293850900EFF04FC862
:10721000E30C05966FF08FFA1305100013060000BB
:10722000130709006FF0DFE66382070403250100FE
:107230001306C10293850900232CD100232AF101F2
:107240002324E101EFF0CFC4631A05F603260103FE
:107250008327410383268101832F4101032F81006E
:1072600013070900130E16006FF0DF8463060F2466
:10727000930781022320F106930720002322F106C1
:10728000130E10001307090013060E0013078700E2
:10729000130E1E006FF01F88130500016354A537FD
:1072A000371E0280130E4E82930E0001930270006F
:1072B0006F00C00113052600130787001386050021
:1072C000130D0DFF63DCAE079305160093870701CE
:1072D0002320C7012322D701232AF1022328B10248
:1072E000E3DAB2FC63820708032501001306C1023A
:1072F00093850900232EC101232CD100232AF101FB
:107300002324E101EFF0CFB8631A05EA0326010355
:10731000930E0001130D0DFF83274103032EC101BE
:1073200083268101832F4101032F81001307090068
:107330001305160093027000E3C8AEF9B387A701E6
:107340002320C7012322A701232AF1022328A10217
:10735000130670006342A60A13078700130E150078
:10736000130605006FF08FF11306000013051000DF
:10737000130709006FF0DFF463D4440193040A009B
:1073800083274100B38797002322F1006FF0CFFFDE
:1073900013F3FCF7936C23001306200093051000F1
:1073A000630EB62C93052000E31AB6AC6FF05FC4F1
:1073B000E38C07C6032501001306C102938509006B
:1073C000EFF00FAD631C05DE032E0103832741039D
:1073D00013070900130E1E006FF0CFF423280102DB
:1073E000130709006FF00FD3130E100013060000EF
:1073F000130709006FF00FF26382071603250100DF
:107400001306C10293850900232CD100232AF10120
:107410002324E101EFF0CFA7631205DA032601036D
:107420008327410383268101832F4101032F81009C
:1074300013070900130E16006FF04FE4130A000043
:10744000130B0000930A09006FF0DF88930A09000C
:107450009305A000930E900033F6B702938AFAFFCB
:10746000138E0700130606032380CA00B3D7B702A2
:10747000E3E4CEFF330B5941138A0600E3D8668557
:10748000130A0B00E31605846FF0DF84130A000073
:10749000930A09006FF01F8413078700130E15006D
:1074A000130605006FF08FE7131606011356064109
:1074B000930706006FF04FFF13060000130E100035
:1074C000130709006FF00FE5130A0B00938A0500FC
:1074D0006FF05F809306F0FF938D08006FF0CFC6CA
:1074E00013850A002324E100EFC08FB40327810035
:1074F000130B05006FF09FAAB70702809387875090
:107500002326F10093F50C0183270C00130C4C008B
:10751000639A050093F50C046386050093970701B1
:1075200093D7070193F51C00E38C05AAE38A07AA09
:10753000930500032304B102A304C102A3030102C3
:10754000E3D806E493EC2C006FF09FAAB707028003
:107550009387C7512326F1006FF0DFFA03477102CA
:1075600063000708930771022320F10693071000B8
:107570002322F106130E1000130709006FF0CFD27B
:1075800093051000E310B6E2130500009307000313
:107590006FF00FF8EFB09F8E6FF04FA6930760006B
:1075A000138B060063EAD70237080280130A0B0028
:1075B000930A08536FF00FCAB7160280938646836A
:1075C0002324D1006FF01FC0130E1000130600001B
:1075D000130709006FF08FD4130B60006FF0DFFC0E
:1075E00013060000130E1000130709006FF08FCC74
:1075F000032501001306C10293850900EFF04F89AE
:107600006FF0CFBB371E028013850500130E4E822C
:107610006FF0DFD2938D0800930600006FF0CFB2B9
:10762000371E028093051600130E4E826FF04FE254
:10763000930700036FF0CFED3716028013064683E1
:1076400013050E002324C1006FF01FAB9307F0FF5A
:107650002322F1006FF08FB983260C00130C4C002D
:1076600063C80600938D080093870D006FF04FAD3F
:107670009306F0FF938D08006FF01FFF13050000C5
:107680006FF00FE89307050003A501C793060600F6
:1076900013860500938507006FF04F93130101B81F
:1076A0008397C50003D7E500232C8146138405008A
:1076B000B70501009385D5FF032E44060323C401BB
:1076C0008328440213170701B3F7B700B3E7E700B5
:1076D00013080040232AF100930581009307010756
:1076E000232A914623282147232E114613090500FA
:1076F0002326C10723226102232611032324F1003C
:10770000232CF10023280101232E01012320010253
:10771000EFF0CF8B93040500635C050283574101B2
:1077200093F70704638807008357C40093E70704AF
:107730002316F4008320C14703248147032901470E
:10774000138504008324414713010148678000002A
:107750009305810013050900EF000037E30005FCE5
:107760009304F0FF6FF09FFB130101FF232611002C
:107770002320210163880502232481002322910014
:107780001384050093040500630605008327450361
:10779000638C070C8317C4006392070203248100E3
:1077A000832441008320C100130900001305090050
:1077B0000329010013010101678000009305040003
:1077C00013850400EF00800B8327C4021309050012
:1077D000638A07008325C40113850400E78007003E
:1077E000634405068357C40093F7070863960706AA
:1077F00083250403638C0500930704046386F50066
:1078000013850400EFC04FBC2328040283254404E1
:107810006388050013850400EFC00FBB2322040416
:10782000EFB00FE823160400EFB0CFE78320C100CC
:10783000032481008324410013050900032901006A
:1078400013010101678000008357C4001309F0FF92
:1078500093F70708E38E07F88325040113850400D6
:10786000EFC08FB66FF0DFF8EFB04FE16FF09FF22F
:107870009305050003A501C76FF01FEF0397C5002F
:10788000130101FE232C810023263101232E110038
:10789000937787001384050093090500639007120E
:1078A000B71700009387078083A64500B367F700EA
:1078B0002396F5006352D018032884026304080E4F
:1078C000232A91009316370183A4090023A00900FD
:1078D0008325C40163CE061613060000930610002C
:1078E00013850900E70008009307F0FF1306050061
:1078F0006304F51A8317C400032884028325C40196
:1079000093F74700638E070003274400832704038F
:107910003306E640638607008327C4033306F64038
:107920009306000013850900E70008009307F0FFA5
:107930006314F51283A609009307D0010317C4004E
:1079400063EAD716B707402093871700B3D7D7004D
:1079500093F717006380071603260401B7F7FFFFAC
:107960009387F77FB377F7002316F40023220400F0
:107970002320C4009317370163D4070063820610E5
:107980008325040323A0990063840510930704044E
:107990006386F50013850900EFC00FA3832441011E
:1079A00023280402130500008320C1010324810160
:1079B0008329C100130101026780000023282101EF
:1079C00003A9050163020908232A910083A4050085
:1079D0001377370023A02501B384244193070000C7
:1079E0006314070083A745012324F4006348900033
:1079F0006F0040053309A9006356900483274402B1
:107A00008325C40193860400130609001385090029
:107A1000E7800700B384A440E34EA0FC0317C40032
:107A20000329010113670704832441012316E4009D
:107A30001305F0FF6FF05FF783A6C503E34ED0E6B2
:107A40006FF05FF683244101032901016FF09FF578
:107A5000032604056FF0DFEA0317C4008326040140
:107A6000B7F7FFFF9387F77FB377F7002316F4008C
:107A7000232204002320D40093173701E3D207F018
:107A8000832504032328A40423A09900E39005F090
:107A9000832441016FF01FF183A70900E38C07E401
:107AA0001307D001638CE700130760016388E700C8
:107AB0000317C400136707046FF01FF723A0990092
:107AC000832441016FF01FEE130101FE232C81007E
:107AD000232E1100130405006306050083274503C8
:107AE000638A07028397C500639C07008320C10156
:107AF00003248101130500001301010267800000C7
:107B000013050400032481018320C1011301010234
:107B10006FF0DFD62326B100EFB04FB68325C1004A
:107B20006FF05FFC630005069305050003A501C720
:107B30006306050083274503638C07008397C50010
:107B40006396070013050000678000006FF01FD3E5
:107B5000130101FE2326B1002324A100232E1100CE
:107B6000EFB0CFB18325C100032581008397C50005
:107B7000639807028320C10113050000130101026D
:107B80006780000037160280B785008037150280B5
:107B90001306C6E4938585AC130585E56FB0CFB3B6
:107BA0008320C101130101026FF05FCD832786009E
:107BB0006384072C8396C500130101FD23248102F1
:107BC000232C4101232861012326110293F786000B
:107BD000130B0600130A050013840500638E0708C3
:107BE00083A70501638A070823229102232021032A
:107BF000232E3101232A510193F7260083240B0001
:107C00006384070A832744028325C401B70A0080DE
:107C10009309000013090000938A0AC01386090023
:107C200013050A00630209049306090063F42A019C
:107C300093860A00E78007006350A04683278B00E5
:107C4000B389A9003309A940B387A7402324FB00C7
:107C50006386071A832744028325C401138609001B
:107C600013050A00E31209FC83A9040003A94400D8
:107C7000938484006FF09FFA9305040013050A00B3
:107C8000EF00C043631C051C8316C400232291022D
:107C900023202103232E3101232A510193F72600AB
:107CA00083240B00E39007F623267101232481012E
:107CB00093F716006396071C8327040003278400AC
:107CC000B70A008023229101930B00009309000062
:107CD000938AFAFF13850700130C070063820910CB
:107CE00013F6062063080628930C070063E6E932C2
:107CF00013F70648630A0708032644018325040195
:107D0000131716003307C7003389B740135CF70118
:107D1000330CEC0093071900135C1C40B387370148
:107D200013060C006376FC00138C07001386070013
:107D300093F60640638E06309305060013050A008D
:107D4000EFC0CF98930C0500630C05348325040124
:107D500013060900EFB09F938357C40093F7F7B75A
:107D600093E707082316F40033852C01B3072C4151
:107D700023289401232A84012320A400138C0900C2
:107D80002324F400938C090013860C0093850B00C8
:107D9000EF0090040327840083270400138909005F
:107DA00033078741B38797012324E4002320F4009D
:107DB0009309000083278B00B38B2B01B3872741E6
:107DC0002324FB0063860702832704000327840023
:107DD0008316C40013850700130C0700E39209F013
:107DE00083AB040083A94400938484006FF09FEE6A
:107DF000832BC100032C8100832C41008320C1020E
:107E00000324810283244102032901028329C10141
:107E1000832A4101032A8101032B0101130500007C
:107E200013010103678000009305040013050A0095
:107E3000EFF09FC9630E050A8317C400832BC100AE
:107E4000032C810083244102032901028329C101FB
:107E5000832A410193E707042316F4008320C1021B
:107E600003248102032A8101032B01011305F0FF82
:107E70001301010367800000130500006780000004
:107E8000930A000013050000130C00009309000082
:107E900063820908630A050893870A00938B090027
:107EA00063F43701938B0700032504008327040143
:107EB000032984008326440163F6A7003309D9000F
:107EC0006344790963C0DB16832744028325C40118
:107ED00013060C0013050A00E780070013090500CC
:107EE000E35CA0F4B38A2A4113051000E38E0AF282
:107EF00083278B00330C2C01B3892941B387274199
:107F00002324FB00E39607F8832BC100032C810098
:107F10006FF0DFEE83A9440093870400938484000C
:107F2000E38A09FE03AC0700138609009305A0004D
:107F300013050C00EF004046630A051413051500F5
:107F4000B30A85416FF05FF593050C001306090035
:107F5000EF008068832704009305040013050A00DE
:107F6000B38727012320F400EFF01FB6E30C05F6DA
:107F70006FF09FEC8326040163E2F60403264401BC
:107F800063EEC9029387090063F43A0193870A00FC
:107F9000B3E6C702032744028325C40113860B00FE
:107FA00013050A00B386D740E70007001309050050
:107FB000635AA004B38929416FF0DFDF130907007A
:107FC00063F4E9001389090013850700130609000B
:107FD00093850B00EF004060032784008327040093
:107FE00033072741B38727012324E4002320F4002B
:107FF000E31207FC9305040013050A00EFF0DFAC61
:10800000E30A05FA8317C400832BC100032C810007
:10801000832C41006FF01FE3138C0900938C09003F
:108020006FF09FD613860B0093050C00EF00C05A2B
:10803000032784008327040013890B00330777414B
:10804000B38777012324E4002320F4006FF09FE935
:1080500013050A00EF30C027930C0500E31605D086
:108060008325040113050A00EFB01FB68317C4006F
:108070001307C000832BC100032C8100832C410017
:108080002320EA0093F7F7F76FF0DFDB93871900FF
:10809000938A07006FF09FE08317C4006FF09FDAA8
:1080A0001307C0008317C400832BC100032C810079
:1080B000832C41002320EA006FF0DFD883A701C79B
:1080C000130101FF232481002322910023261100A4
:1080D00093040500138405006386070003A7470384
:1080E000630C070E8317C40013F78700630A0706A3
:1080F000032704016306070893F617006388060246
:10810000832644012324040013050000B306D04055
:10811000232CD400630A07028320C10003248100BA
:1081200083244100130101016780000093F62700BA
:108130001306000063940600032644012324C400B0
:1081400013050000E31A07FC13F70708E30607FC12
:1081500093E707042316F4001305F0FF6FF0DFFB2D
:1081600013F707016300070813F74700631C0702B2
:108170000327040193E787002316F400E31E07F6A4
:1081800093F6072813060020E388C6F6930504003B
:1081900013850400EF30407E8317C40003270401D9
:1081A0006FF09FF583250403638E05001307040415
:1081B0006388E50013850400EFB01FA18317C40096
:1081C000232804020327040193F7B7FD23220400A8
:1081D0002320E4006FF01FFA13850700EFA01FCAE9
:1081E0006FF05FF01307900023A0E40093E707040B
:1081F0002316F4001305F0FF6FF01FF2130101FEC8
:10820000232C8100232A910023282101232E1100F1
:10821000130905009384050013040600EF00002CE9
:1082200093071000631CF5009387F4FF1307E00F1A
:108230006366F700230691006F0040029306C405B1
:10824000138604009305C10013050900EF30C062D6
:108250009307F0FF6304F508630C0502832784008D
:108260008345C1009387F7FF2324F40063DA0700F6
:108270000327840163CCE7029307A0006388F5021B
:1082800083270400138717002320E4002380B7000E
:108290008320C10103248101032901011385040006
:1082A00083244101130101026780000013060400CA
:1082B00013050900EF3050139307F0FFE31AF5FCA4
:1082C0001305F0FF8320C1010324810183244101B0
:1082D0000329010113010102678000008357C400D4
:1082E0001305F0FF93E707042316F4006FF09FFDDA
:1082F0008317C6001397270163400702032746062A
:10830000B7260000B3E7D700B72600003367D700D1
:108310002316F6002322E6066FF05FEE130101FE3E
:10832000232C810003A401C7232E1100138605000E
:108330009305050063060400832744036380070454
:108340008317C600139727016340070203274606D9
:10835000B7260000B3E7D700B72600003367D70081
:108360002316F6002322E6061305040003248101E8
:108370008320C101130101026FF05FE82324A100F3
:10838000130504002326C100EFA05FAF0326C10040
:10839000832581006FF0DFFA9377350093F6F50FB0
:1083A000638A07029307F6FF630E06021306F0FFC7
:1083B0006F0080011305150013773500630E070069
:1083C0009387F7FF6380C70203470500E314D7FED6
:1083D0006780000093070600130730006368F7000A
:1083E00063900706130500006780000093F5F50F02
:1083F00013978500B305B70013970501B708FFFE73
:1084000037888080B385E5009388F8EF1308080863
:10841000130330006F0000019387C7FF1305450069
:10842000E370F3FC0327050033C7E50033061701AB
:108430001347F7FF3377E60033770701E30E07FCB6
:10844000B307F5006F00C00013051500E38CA7F813
:1084500003470500E31AD7FE67800000130101FF00
:108460002326110023229100630E0602B715028015
:1084700093858584130506002324810013040600D8
:10848000EF004026B7140280631205020324810026
:10849000138544848320C10083244100130101011A
:1084A00067800000B71402806FF09FFE93854484BC
:1084B00013050400EF000023E30A05FCB7F5008074
:1084C0009385452413050400EF00C021E30005FC5B
:1084D00003248100130500006FF0DFFB03C541BDDD
:1084E00067800000130101FF232611002322910061
:1084F000638E05022324810013840500B7150280D2
:108500009385858413050400EF00C01DB714028015
:108510006312050203248100138544848320C10073
:10852000832441001301010167800000B714028019
:108530006FF09FFE9385448413050400EF00801ABA
:10854000E30A05FCB7F50080938545241305040074
:10855000EF004019E30005FC03248100130500002F
:108560006FF0DFFB1305050F678000001385C1B9AD
:10857000678000001385C1B967800000130101FF07
:108580002324810023229100130405001385050094
:108590002326110023A401C8EF804F8B9307F0FF1F
:1085A000630CF5008320C100032481008324410073
:1085B000130101016780000083A781C8E38407FEDF
:1085C0008320C1002320F400032481008324410080
:1085D000130101016780000063F6A5023387C5001F
:1085E0006372E502B307C500630606048346F7FF1E
:1085F0009387F7FF1307F7FF2380D700E318F5FEF3
:10860000678000009307F00063E8C7029307050046
:108610009306F6FF6302060C93861600B386D70016
:1086200003C705009387170093851500A38FE7FE06
:10863000E398D7FE67800000B367B50093F7370073
:1086400063960708930806FF93F808FF93880801CC
:10865000B3061501138705009307050003280700DB
:10866000130707019387070123A807FF032847FF84
:1086700023AA07FF032887FF23AC07FF0328C7FFB0
:1086800023AE07FFE39CD7FC1378C600B385150122
:108690001377F600630408041308C7FF1378C8FFB4
:1086A00013084800B38706011387050083280700D5
:1086B000938646001307470023AE16FFE398F6FEA5
:1086C00013763600B38505016FF09FF49306F6FF2D
:1086D000930705006FF05FF4678000001306070042
:1086E0006FF01FF33367B5009303F0FF1377370084
:1086F00063100710B7877F7F9387F7F7032605007E
:1087000083A60500B372F6003363F600B382F2006D
:10871000B3E26200639272106316D6080326450026
:1087200083A64500B372F6003363F600B382F2000D
:10873000B3E26200639E720C6316D60603268500C0
:1087400083A68500B372F6003363F600B382F200AD
:10875000B3E262006398720C6316D6040326C50068
:1087600083A6C500B372F6003363F600B382F2004D
:10877000B3E262006392720C6316D602032605010F
:1087800083A60501B372F6003363F600B382F200EC
:10879000B3E26200639C720A1305450193854501AB
:1087A000E30ED6F41317060193970601631EF70034
:1087B0001357060193D706013305F7409375F50F5C
:1087C00063900502678000001357070193D70701E4
:1087D0003305F7409375F50F63940500678000003B
:1087E0001377F70F93F7F70F3305F7406780000013
:1087F0000346050083C60500130515009385150083
:108800006314D600E31606FE3305D64067800000E9
:108810001305450093854500E31CD6FC13050000B5
:10882000678000001305850093858500E312D6FC60
:1088300013050000678000001305C5009385C5007F
:10884000E318D6FA13050000678000001305050140
:1088500093850501E31ED6F813050000678000002C
:10886000130101FE232A91008327050183A405013A
:10887000232E110063C0971C9384F4FF13932400EC
:10888000232C810013844501232631012324410137
:10889000B3096400130A450183A7090033036A0082
:1088A0000327030023282101232251019387170066
:1088B0003359F702930A0500636AF70A3705010086
:1088C0009308040013080A00930E000093060000AA
:1088D0001305F5FF03A70800032E0800130848003E
:1088E0003376A70013570701B377AE00135E0E016E
:1088F0009388480033062603330727033306D6013F
:10890000B37EA600B387D74113560601B387D700BD
:1089100093D60741B3F7A7003307C7003376A70004
:10892000B386C640B386C60113960601B3E7C700F7
:10893000232EF8FE935E070193D60641E3FC19F956
:1089400083270300639407021303C3FF63686A006D
:108950006F0080019384F4FF63786A00832703002B
:108960001303C3FFE38807FE23A89A0013850A00B8
:10897000EF20401C634C05083705010093050A00F1
:10898000130700001305F5FF83A605000326040066
:1089900093854500B3F7A6003378A600B387074157
:1089A000B387E70013D707411356060193D6060194
:1089B0003307C7403307D70093160701B3F7A70063
:1089C000B3E7D7001304440023AEF5FE1357074165
:1089D000E3FC89FA93972400B307FA0003A7070082
:1089E000631407029387C7FF6368FA006F00800172
:1089F0009384F4FF6378FA0003A707009387C7FF07
:108A0000E30807FE23A89A00130919000324810133
:108A10008320C1018329C100032A8100832A4100E8
:108A200083244101130509000329010113010102F7
:108A3000678000008320C1018324410113050000E9
:108A4000130101026780000003238503130101F471
:108A5000232C810A232A910A2328210B2322510B3C
:108A60002326B109232E110A2326310B232EE100E0
:108A7000232AF100232811012326B1022324C10057
:108A800013040500938D050093040600938A0600E5
:108A900013090800630203020327C50393071000AC
:108AA00093050300B397E7002322E3002324F30098
:108AB000EF10006C232C040293890400930600003D
:108AC00063DC04009394140093D714002324F10072
:108AD00093890700930610003707F07F2320D90001
:108AE000B3F6E9006388E6608324810013850D00F6
:108AF0001306000093850400930600002320B103B1
:108B000023229102EF409033631A050403274101A9
:108B1000930710002320F7000327010163080700D3
:108B2000B7070280938797532320F700B709028085
:108B3000938989538320C10B0324810B8324410B28
:108B40000329010B832A410A832DC10813850900DB
:108B50008329C10A1301010C6780000013860400F9
:108B6000130781079306C10793850D0013050400C1
:108B70002324410B2320610B232E7109232C81090F
:108B8000232A91092328A10913D94901EF20403E46
:108B9000930405006312095A832B81070329C10737
:108BA0009307000233892B0113072943E3D0E732EF
:108BB00093070004B387E74013052941B397F900F1
:108BC00033D5AD0033E5A700EF509067B70710FE2F
:108BD0009306100013070500B387B7001309F9FFC8
:108BE0002324D10403A641C283A681C21305070032
:108BF00093850700EF50403B03A6C1C283A601C383
:108C0000EF40104D03A641C383A681C3EF30D01DB2
:108C1000130A05001305090093890500EF50D0568B
:108C200003A6C1C383A601C4EF40904A1306050002
:108C30009386050013050A0093850900EF30D01ACA
:108C4000130B050093890500EF50D04B130A050064
:108C50009385090013050B0013060000930600001E
:108C6000EF4090366350050213050A00EF50D051D3
:108C700013060B0093860900EF40501C3335A0000B
:108C8000330AAA4033892B4193076001130BF9FF84
:108C9000E3E8471D3717028093173A001307878FC1
:108CA000B387E70003A6070083A647000325010258
:108CB00083254102EF405031E35A051E130AFAFFA3
:108CC000232E0102232C0100634C0B4863540A4AF3
:108CD0008327810123244103B3874741232CF100DB
:108CE000B3074041232CF10293079000130A0000C0
:108CF00063EC574993075000E3D0571F938ACAFF8C
:108D00009307300013090000E388FA62E3D0575F4D
:108D100093074000E390FA52930710002328F102D2
:108D20000326C101E352C0602326C104130C0600D0
:108D300093067001130710009307400063C4C60038
:108D40006F10802F939717009386470193050700B4
:108D500013071700E378D6FE232EB4021305040090
:108D6000EF10C03593090500631405006F10002B48
:108D7000232CA4029307E00063E6874F6304094EA7
:108D800083268102E35AD05E93F7F60037170280FC
:108D90001307878F9397370093DC4640B387E7002C
:108DA00093F60C0103A8070003A74700E3880652C7
:108DB000B717028003A687A083A6C7A003250102D8
:108DC000832541022328E10423200105EF40400EC2
:108DD000032801040327010593FCFC00130305008D
:108DE000138D050013093000638C0C04B71B02803F
:108DF00023208104938B8B9E1304090093050700A5
:108E00001309030093F71C00638E070003A60B00F1
:108E100083A64B001305080013041400EF40502BE9
:108E20001308050093DC1C40938B8B00E39C0CFC27
:108E30001303090013090400032401041387050028
:108E400093060700130608001305030093050D00A1
:108E5000EF40000613070500938705008326C10332
:108E60006388060203A641C483A681C413050700D4
:108E7000938507002328E1042320F104EF40D01458
:108E80008327010403270105635405006F100001C7
:108E9000130509002320F1062320E104EF50D02E12
:108EA00003270104832701061306070093860700A2
:108EB0002328E1042320F104EF40902103A641C5BB
:108EC00083A681C5EF304072B706C0FC832701043A
:108ED00003270105930C0500B38BB600630E0C321B
:108EE00083268102232081072324D106130507004E
:108EF000938507002328E1042320F104EF509020FC
:108F00008327010637160280130905009386F7FFB1
:108F1000939636009307868FB386D70003A8460042
:108F20002326F10683A70600232E0105232291079D
:108F3000232CF104EF50502503270105832701045A
:108F400013060500938605001305070093850700A7
:108F5000EF50800503270103138D19001303090344
:108F60002320A105930C05001373F30FE304075AA4
:108F700003A541C6032681058326C1052320B1042C
:108F800083A581C623286104EF3090720326410631
:108F900093860B00EF504001832801040323010551
:108FA00013860C00938608002380690013090500CE
:108FB000938B0500EF404071832801046354A000A7
:108FC0006F00507883A741C403A881C4232C4105B6
:108FD0002328F104232A010503A801C583A7C1C4DE
:108FE00023226107232681072320F1049307000031
:108FF000032C010623220105138B070023205107B0
:10900000138A08006F000009130B1B0063448B01D7
:109010006F005078032601048326410413050900DC
:1090200093850B00EF40D00A0326010483264104F8
:1090300013090500938B050013850C0093050A00A6
:10904000EF401009938C0500930A0500EF50900B38
:10905000130A0500EF505013130605009386050010
:1090600013850A0093850C00EF40107493070A03E0
:109070001306090093860B002300FD00130D1D004D
:10908000930C0500138A0500EF400074635405003B
:109090006F00506B032501058325410513860C00E5
:1090A00093060A00EF4050701306090093860B00E8
:1090B000EF408071E35A05F483278106930B0D007E
:1090C000138C1700130690036F008000E386796508
:1090D00083C6FBFF138D0B00938BFBFFE388C6FE5B
:1090E0009386160093F6F60F2380DB00930D0C0099
:1090F0006F00004D83264101372700009397C90078
:109100001307F77093D7C70023A0E600B3E7B701B2
:109110006380070A83270101B719028093890986B2
:10912000E38A07A0B71702809387378603270101D8
:109130002320F7006FF01FA083274102B706F03FFE
:10914000832B81079397C70093D7C700032701029A
:10915000B3E7D700130919C0232401046FF09FA8B7
:1091600093071000B3872741232CF100130B000055
:10917000E3400AB623244103232C01029307900005
:10918000330B4B01E3F857B7930710001309100096
:10919000930A00002328F102130CF0FF232E010094
:1091A000232E040223268105930500006FF01FBBC8
:1091B00083270101B719028093894985E38C0796BB
:1091C000B71702809387C7856FF05FF61305090014
:1091D0002320F1062320E104EF50007B0327010444
:1091E0008327010613060700938607002328E1045E
:1091F0002320F104EF40C06D03A641C583A681C5BD
:10920000EF30803E8327010403270105B706C0FC29
:10921000930C0500B38BB60003A6C1C583A601C697
:109220001305070093850700EF40105813860C00C4
:1092300093860B00130D050013890500EF40C0480D
:10924000E342A04EB7070080B3C7770113860C0036
:1092500013050D009386070093050900EF40C056E3
:10926000634805068327C10763CE0718832681025A
:109270001307E0006348D71883278102371702805D
:109280001307878F93973700B387E70003AA070078
:1092900083AA47008327C10163D80704634680057A
:1092A00063180C0203A6C1C583A601C613050A00F4
:1092B00093850A00EF40C061130605009386050000
:1092C0000325010283254102EF400050E34CA044F6
:1092D000138D090023200102130900008327C10117
:1092E00093CDF7FF6F004069938719002320F104A5
:1092F000032B01020329410213060A0093860A0088
:1093000013050B0093050900EF30903AEF50805F92
:10931000130D0500EF50406713060A0093860A00FC
:10932000EF40005B130605009386050013050B0054
:1093300093050900EF40504793070D032380F90080
:1093400013061000832B0104130705009386050004
:10935000E30CCC0C83A7C1C403A801C5930D100076
:109360002324F100232601016F00000613060A00E2
:1093700093860A0013050B0093050900EF30503364
:10938000EF504058130D0500EF50006013060A001F
:1093900093860A00EF40C05393860500130605002C
:1093A0009305090013050B00EF401040938B1B0041
:1093B00093070D03938D1D00A38FFBFE130705007C
:1093C00093860500E302BC0703268100938506000F
:1093D0008326C10013050700EF40804F13060000ED
:1093E00093060000130B050013890500EF400025CC
:1093F000E31E05F683278102138D0B00938D170062
:109400006F00001C0327010363160726832B8103CB
:10941000832C8101232801021309000063820C02BE
:109420006350600393870C0063449B6703278101AB
:10943000B38CFC40330BFB403307F740232CE10097
:109440008327810363820702832701036384070064
:10945000E39C0B0603268103938504001305040097
:10946000EF10403F9304050093051000130504001E
:10947000EF1000102320A102631C0A509307100074
:1094800063DC5755B387670193F7F7016380071EC5
:10949000130700023307F7409306400063D4E658F1
:1094A0001307C001B307F74003278101B38CFC0009
:1094B000330BFB003307F700232CE10083278101E6
:1094C0006340F014635C60018325010213060B0006
:1094D00013050400EF10004D2320A1028327C103D0
:1094E000639C07126354804583270103639007261A
:1094F00083278102938D1700832A0102130A10002B
:109500006F00000293850400930600001306A0007C
:1095100013050400EF00104893040500130A1A0015
:1095200093850A0013850400EFF08FB3930B0503B6
:10953000B3874901A38F77FFE3468AFD130A100022
:1095400063448055338A4901930A000093850400DF
:109550001306100013050400EF10C0448325010218
:1095600093040500EF10005D635EA04E9306900328
:109570006F008000638A495F8347FAFF130D0A007A
:10958000130AFAFFE388D7FE938717002300FA0037
:109590008325010213050400EF00903D63020902D8
:1095A000638A0A0063882A0193850A001305040070
:1095B000EF00103C9305090013050400EF00503B39
:1095C0009385040013050400EF00903A83274101BE
:1095D00023000D0023A0B701832701016384070046
:1095E00023A0A701032A810A032B010A832BC109A7
:1095F000032C8109832C4109032D01096FF08FD3BE
:10960000938504001386070013050400EF108039CA
:10961000930405006FF01FEB8325010213850400FE
:10962000EF104051E35005EC83278102938504003D
:10963000930600001306A00013050400138BF7FF28
:10964000EF0050358327010393040500639E070C48
:10965000032CC104E35A8015832D81026FF0DFE9EA
:1096600093071000232EF1026FF0CFE59307C0019E
:109670006FF09FE3130710006354574D8327810356
:10968000930BFCFF63CA7741B38B7741832781013A
:10969000B38C8741E3500C0E9305100013050400B2
:1096A000EF00106D130905006FF05FD7232E010244
:1096B000232C0100E34020AD93071000B38727411E
:1096C000232CF100130B00006FF0DFAAB387E740F3
:1096D0003395FD006FF04FCF930730001309100052
:1096E000638CFA4463C657E393072000E38CFA14B3
:1096F000232E04029305000013050400EF00101C44
:1097000093090500E30C0510930710002328F102CC
:109710009307F0FF232CA4022326F104130CF0FF7F
:10972000232E01006FF01FB493050900930600007B
:109730001306A00013050400EF00D025032CC1047C
:1097400013090500E356800923246103635C90013B
:109750009305090013860C0013050400EF10802404
:1097600013090500130B0900631E0A508327C10269
:10977000138DF9FF938C0900232C310183290102F9
:1097800093F71700330D8D012324F100232EB1012F
:109790009385090013850400EFF08F8C130C0500EE
:1097A0009305090013850400EF10C038130A050063
:1097B00013060B009385090013050400EF10003D0C
:1097C0000327C500930B0C03930D0500631C0708CA
:1097D0009305050013850400EF10C035130705003D
:1097E00093850D0013050400930D0700EF0050183A
:1097F000B3E65D01639A060E83278100638A0774CE
:1098000063420A7623807C01138A1C0063049D67EF
:1098100093850400930600001306A00013050400BE
:10982000EF00501793040500930600001306A000F4
:109830009305090013050400630E6909EF009015F4
:1098400093050B0013090500930600001306A00002
:1098500013050400EF001014130B0500930C0A000D
:109860006FF01FF3930505001305040083298101A0
:10987000832DC101EF00D00F634A0A0013F71D00CA
:10988000336A5A0133674701631E07069385040054
:109890001306100013050400EF10C0108325010209
:1098A00093040500EF1000296358A02413079003C8
:1098B000638CEB24930B1C0383278102930A09001A
:1098C000138D1C0023807C01938D170013090B005E
:1098D0006FF01FCCEF00100C13090500130B0500EF
:1098E000930C0A006FF0DFEA63440A728327810059
:1098F000336A5A0133EA4701630C0A70E354B0F14A
:1099000083298101130790036380EB2003278102E1
:1099100093871B00930A0900138D1C00930D1700F9
:109920002380FC0013090B006FF09FC693072000F3
:10993000E3DC57BB138D0900E3120C9A8325010267
:10994000930600001306500013050400EF00900476
:10995000930505002320A10213850400EF10801D4C
:10996000E35EA096930710032380F900832781020A
:10997000138D1900938D1700832501021305040030
:10998000938D1D00EF00C07EE31609C26FF05FC328
:109990009305050013060A0013050400EF00906B01
:1099A000930710002320A10263DE5711130A000061
:1099B0000327010283270701938737009397270026
:1099C000B307F70003A54700EF0010259307000237
:1099D000B387A7406FF01FAB8327C10263900704D2
:1099E000832781009397C700639A0702832681002B
:1099F0009307000013D746011377F77F630C070026
:109A000083278101130B1B0093871700232CF10080
:109A100093071000631C0A54138A07009307100071
:109A20006FF05FA6E30CD7A81307C003B307F74096
:109A30006FF09FA793071000930A50002328F102AC
:109A40008327C10103278102B387E700138C170026
:109A50002326F10413060C00634C80AD130610009E
:109A60006FF00FAD6316050093F71B00E39007B08E
:109A7000930600038347FAFF130D0A00130AFAFF47
:109A8000E38AD7FE6FF0DFB0130A0C006FF09FABD4
:109A900093070B006FF09F998327810303278101B0
:109AA000232C7103B387FB40330AFA00B307870105
:109AB000930C0700330B8B01232CF100930B000058
:109AC0006FF09FBD8327C102E39207EE83278100D9
:109AD0009397C700E39C07EC6FF05FF1032301024B
:109AE000032D4102130920006FF00FB0930A2000EC
:109AF000232801026FF0CFA2E31005DC13F71B004F
:109B0000E31607DA6FF05FDB930790032380FC0016
:109B100083278102930A0900138A1C00938D170082
:109B200013090B006FF09FA493071000130C100093
:109B3000232EF1006FF0CFE6232801026FF05FF0D3
:109B40000327810463040730032781019387374388
:109B5000330BFB00B307F700832B8103930C070043
:109B6000232CF1006FF05FB3930710032380F900FB
:109B7000938D1D006FF0DFA183278102638807307A
:109B8000B30BF04093F7FB00371702801307878F62
:109B900093973700B387E70003A6070083A6470023
:109BA000032501028325410293DB4B40EF305052E5
:109BB000138D050063880B4213092000B71C028037
:109BC00023208104938C8C9E130409001307050045
:109BD000130600001309050093F61B0063800602BC
:109BE00003A60C0083A64C00130507001304140001
:109BF000EF30104E130705001306100093DB1B40D7
:109C0000938C8C00E39A0BFC1305090093870500E5
:109C10001309040003240104631206A413070500BA
:109C200093070D006FF08FA39385060013060700BE
:109C300013050700EF20501B8327810213060A003B
:109C400093860A00938D1700130B050013890500F6
:109C5000138C0D00EF3050276346A0C613050B0090
:109C60009305090013060A0093860A00EF30101DC1
:109C700063160500137D1D0063160DC4138D0B00C4
:109C80006FF01F948325490013050400EF00004383
:109C9000130A050063000536032609019305C90070
:109CA0001305C5001306260013162600EF901F9E0D
:109CB0001306100093050A0013050400EF00904EF0
:109CC000130B05006FF09FAA9305090013860B0084
:109CD00013050400EF0010381386040093050500F7
:109CE0001309050013050400EF0090139307050006
:109CF000938504001305040093840700EF00404798
:109D000083278103B3877741232CF102638E07F405
:109D10006FF04FF4032681058326C1050325410614
:109D20002328B10493850B0023286102EF30503AB9
:109D30000323010383270106930610002380690093
:109D40002324A1048328010513890500B38BF9009E
:109D5000638CD72683A7C1C403A801C52328910417
:109D60002328F102232A01032320810613850C00F6
:109D7000938508000326010383264103130D1D006C
:109D8000EF3010351384050093040500EF40903741
:109D9000930C0500EF40503F130605009386050025
:109DA0001385040093050400938C0C03EF40C01F3F
:109DB000A30F9DFFE390ABFD83240105032401065F
:109DC000930C05009388050003A641C683A681C6AF
:109DD000032581049305090023281103EF20D000F7
:109DE0008328010313860C0093860800EF30D01DF2
:109DF000634C05180326810403A541C683A581C6CB
:109E000093060900EF40401A8328010313860C00D3
:109E100093860800EF30500B634CA0108327C107D6
:109E200063C607DE032781029307E00063C0E7DE15
:109E3000832781020327C10693973700B307F700F2
:109E400003AA070083AA47006FF08FCA0327810780
:109E50008326810193076003B387E740330BFB0040
:109E6000B387F600832B8103938C0600232CF1002B
:109E70006FF09F8283278102930A09008329810161
:109E8000938D170013090B006FF04FEC03270102AD
:109E900083274102130920006FE05FFC63080CB2C6
:109EA000032DC1046350A0BD938507008327810261
:109EB00083A601C503A6C1C49387F7FF1305070056
:109EC0002324F106EF30D0201307050013051900F5
:109ED0002328E1042320B104EF40102B03270105C0
:109EE000832701041306070093860700EF30501EF6
:109EF00003A641C583A681C5EF20006FB706C0FC4D
:109F00008327010403270105930C0500B38BB600DA
:109F10002320A1076FE09FFD93061003130C1C0084
:109F20006FF08F9C23200102130900006FF09FA3A4
:109F30001306000383C7FBFF138D0B00938BFBFFFE
:109F4000E38AC7FE83278106938D17006FF04FE7E2
:109F50001307900383298101E388EBBAE34C409512
:109F60006FF09F95832981016FF01F95138A070079
:109F70006FF01FA4938C0700B3878701330B8B010D
:109F8000232CF1006FF04FF183278106138C17000B
:109F90006FF04F93032A8105032B4106032CC10662
:109FA000832A01066FF00FAC9307200063C85701A6
:109FB000832D8102032CC1046FF00FD4032CC10444
:109FC000232461036FF01F97832B01046FF0DFDF01
:109FD00093072000E3C457FF032CC104232461032B
:109FE0006FF0CFF6130705009387050013092000D3
:109FF0006FE0DFE6B716028037150280938646864B
:10A00000130600009305F02E13058587EF101064EA
:10A0100083298101E34CB0876FF01F8AB716028055
:10A020003715028093864686130600009305F01AC2
:10A0300013058587EF109061232E0402930500001D
:10A040006FE0DFD1232801026FE09FCD83A701B924
:10A0500067800700638005026302060463880604C4
:10A060008347060023A0F500034506003335A00012
:10A0700067800000130101FF9305C100630406021D
:10A08000638A06028347060023A0F5000345060005
:10A090003335A000130101016780000013050000A3
:10A0A00067800000130500006FF0DFFE1305E0FF7E
:10A0B000678000001305E0FF6FF0DFFD8327450494
:10A0C000130101FF23248100232291002326110084
:10A0D0001304050093840500638C07021397240082
:10A0E000B387E70003A50700630405040327050001
:10A0F00023A0E70023280500232605008320C100B4
:10A1000003248100832441001301010167800000C2
:10A110001306100293054000EF10D0592322A40427
:10A1200093070500E31C05FA130500006FF01FFDFF
:10A130002320210113091000331999001306590037
:10A14000131626009305100013050400EF10905617
:10A15000630A050023242501232295000329010019
:10A160006FF05FF903290100130500006FF01FF97C
:10A170006380050203A745008327450413172700C2
:10A18000B387E70003A7070023A0E50023A0B700DB
:10A1900067800000130101FE232A910083A40501BA
:10A1A00037030100232C81002328210123263101BC
:10A1B000232E11001389050093090500138406005E
:10A1C00013884501930800001303F3FF8327080059
:10A1D000130848009388180033F767003307C70255
:10A1E00093D60701B386C602B307870013D70701CA
:10A1F000B3F76700B386E60013970601B307F700CD
:10A20000232EF8FE13D40601E3C298FC6302040275
:10A210008327890063DEF402938744009397270025
:10A22000B307F90023A28700938414002328990020
:10A230008320C10103248101832441018329C100BA
:10A2400013050900032901011301010267800000C1
:10A2500083254900138509002324410193851500B6
:10A26000EFF0DFE5130A0500630E0504032609017C
:10A270009305C9001305C500130626001316260012
:10A28000EF90CFC00327490083A749041317270085
:10A29000B387E70003A707002320E90023A02701D5
:10A2A0009387440013090A0093972700B307F90026
:10A2B000032A81009384140023A287002328990095
:10A2C0006FF01FF7B7160280371502809386468617
:10A2D000130600009305A00B1305058BEF10103734
:10A2E000130101FE232C8100232A91002328210140
:10A2F000232631012324410193890600930790000E
:10A3000093868600232E1100B3C6F60213090500BA
:10A3100013840500130A06009304070063DA370D5F
:10A32000930710009305000093971700938515007D
:10A33000E3CCD7FE13050900EFF05FD893050500C5
:10A34000630C050A930710002328F500232A9500C3
:10A350009307900063D8470923225101930A940080
:10A3600093840A003304440183C604001306A0004A
:10A3700013050900938606FDEFF0DFE193841400D6
:10A3800093050500E39284FE13048AFF33848A0058
:10A39000832A410063563A03B3894941B309340122
:10A3A000834604001306A00013050900938606FDEA
:10A3B000EFF05FDE1304140093050500E31234FF91
:10A3C0008320C10103248101832441010329010168
:10A3D0008329C100032A81001385050013010102AE
:10A3E000678000001304A400130A90006FF09FFA26
:10A3F000930500006FF01FF4B71602803715028036
:10A4000093864686130600009305300D1305058BD1
:10A4100023225101EF109023930705003707010015
:10A420001305000063F6E700939707011305000189
:10A430003707000163F6E70013058500939787004F
:10A440003707001063F6E7001305450093974700B0
:10A450003707004063EAE70093C7F7FF93D7F70198
:10A460003305F500678000009397270063CA070053
:10A4700013971700634A0700130500026780000066
:10A480001305250067800000130535006780000074
:10A49000832705001307050093F6770063840602FF
:10A4A00093F6170013050000639E060493F6270039
:10A4B0006388060A93D717002320F70013051000BE
:10A4C000678000009396070193D6060113050000EC
:10A4D000638E060693F6F70F6380060693F6F70081
:10A4E0006382060493F637006384060293F617002E
:10A4F000639C060093D717001305150063960700A9
:10A5000013050002678000002320F7006780000029
:10A5100093D7270093F6170013052500E39606FE50
:10A520006FF05FFD93D7470093F6370013054500A2
:10A53000E39E06FA6FF0DFFD93D7870093F6F700EE
:10A5400013058500E39006FA6FF0DFFD93D707014E
:10A5500093F6F70F13050001E39206F86FF0DFFDA5
:10A5600093D727002320F700130520006780000001
:10A5700083274504130101FF232481002322910036
:10A58000232611001304050093840500638C070241
:10A5900003A54700630205060327050023A2E70081
:10A5A0008320C1000324810093071000232A950013
:10A5B000232605002328F50083244100130101010F
:10A5C000678000001306100293054000EF10900E04
:10A5D0002322A40493070500E31C05FAB7160280A2
:10A5E00037150280938646861306000093055014A3
:10A5F0001305058BEF1090051306C001930510009D
:10A6000013050400EF10100BE30A05FC930710007C
:10A610002322F500930720002324F5006FF05FF854
:10A62000130101FE232821012326310103A905017D
:10A6300083290601232A910023244101232E11009E
:10A64000232C8100138A050093040600634C390112
:10A65000138709009384050093090900130A060073
:10A660001309070083A7840083A5440033842901CC
:10A67000B3A78700B385F500EFF05FA4630E051A5A
:10A680001303450193182400B30813019307030033
:10A690006378130123A0070093874700E3EC17FFBB
:10A6A00013084A01131E2900938E44019395290033
:10A6B000330EC801B385BE006376C8139387540177
:10A6C000130F400063F0F516B70601009386F6FFFE
:10A6D0006F00800193DF0F0163980F081308480093
:10A6E000130343006370C811832F0800B3F3DF0026
:10A6F000E38203FE93020300938F0E009304000095
:10A7000083A70F0003A602009382420033F7D7000D
:10A710003307770293D707013379D6001356060122
:10A72000938F4F00B38777023307270133079700D2
:10A73000935407013377D700B387C700B3879700D7
:10A74000139607013367E60023AEE2FE93D40701B8
:10A75000E3E8BFFAB307E30123A09700832F0800C3
:10A7600093DF0F01E38C0FF603270300930203002E
:10A7700013860E009304070093030000832706004E
:10A7800093D904013377D700B3F7D700B387F70322
:10A7900083A44200938242001306460033F9D4009A
:10A7A000B3877700B38737019393070133E7E3005B
:10A7B00023AEE2FE0357E6FF93D707013307F70303
:10A7C000330727013307F70093530701E368B6FA0D
:10A7D000B307E30123A0E700130848001303430075
:10A7E000E364C8F1634880006F0080011304F4FF44
:10A7F0006308040083A7C8FF9388C8FFE38807FEA7
:10A800008320C10123288500032481018324410181
:10A81000032901018329C100032A810013010102D8
:10A8200067800000B38795409387B7FE93F7C7FF13
:10A83000138F47006FF05FE9B7160280371502806B
:10A840009386468613060000930520161305058B94
:10A85000EF10C05F130101FE232C8100232821018A
:10A8600023263101232E11009377360013040600AE
:10A870009309050013890500639C070A13542440BB
:10A88000630A0406232A910083A409046386040C46
:10A89000937714006390070213541440630A04046E
:10A8A00003A50400630605069304050093771400CE
:10A8B000E38407FE1386040093050900138509004D
:10A8C000EFF01FD6630009020327490083A749045C
:10A8D00013172700B387E70003A707002320E90029
:10A8E00023A027011354144013090500E31A04FAA6
:10A8F000832441018320C101032481018329C100F4
:10A9000013050900032901011301010267800000FA
:10A91000138604009385040013850900EFF05FD0CF
:10A9200023A0A40023200500930405006FF01FF866
:10A930009387F7FF371702801307878E93972700B7
:10A94000B307F70003A6070093060000EFF09F840B
:10A95000130905006FF09FF293051000138509009D
:10A96000EFF0CFF59304050063000502930710276D
:10A97000232AF500930710002328F50023A0A9043B
:10A98000232005006FF0DFF0B71602803715028034
:10A990009386468613060000930550141305058B15
:10A9A000EF10C04A130101FE2322510183AA0501C1
:10A9B00083A785002326310193595640B38A590154
:10A9C000232C8100232A91002328210123244101E3
:10A9D000232E110013891A00938405001304060026
:10A9E00083A54500130A050063D827019397170034
:10A9F00093851500E3CC27FF13050A00EFF00FEC59
:10AA0000630C051013084501635430039389590002
:10AA1000939929003307350193070800938747006E
:10AA200023AE07FEE39CE7FE9389C9FE3308380195
:10AA300083A80401938744011376F40193982800B6
:10AA4000B38817016304060A93050002B385C54065
:10AA5000130308009306000003A707001303430035
:10AA6000938747003317C7003367D700232EE3FED1
:10AA700083A6C7FFB3D6B600E3E017FF9387540160
:10AA80001307400063EAF800B38798409387B7FE46
:10AA900093F7C7FF138747003308E8002320D80047
:10AAA0006394060013890A0003A7440083274A041D
:10AAB0008320C10113172700B387E70003A707000E
:10AAC000232825010324810123A0E40023A097006B
:10AAD00003290101832441018329C100032A810044
:10AAE000832A4100130101026780000003A70700C9
:10AAF0009387470013084800232EE8FEE3F417FB72
:10AB000003A707009387470013084800232EE8FE99
:10AB1000E3EE17FD6FF01FF9B716028037150280BC
:10AB200093864686130600009305E01D1305058BEA
:10AB3000EF10C0310327050183A7050113080500A5
:10AB40003305F7406312F704939727001308480171
:10AB5000938545013307F800B387F5006F00800047
:10AB60006374E8020326C7FF83A6C7FF1307C7FF66
:10AB70009387C7FFE306D6FE130510006376D60061
:10AB80001305F0FF678000006780000003A7050140
:10AB900083270601130101FF232481002322910052
:10ABA00023261100232021011384050093040600AD
:10ABB000B306F740631EF7189396270013864501E6
:10ABC00013874401B307D6003307D7006F00800016
:10ABD000637CF61883A5C7FF8326C7FF9387C7FF4B
:10ABE0001307C7FFE386D5FE1309100063EAD500FB
:10ABF00093870400130900009304040013840700E2
:10AC000083A54400EFF08FCB6306051A83A80401E7
:10AC100083220401938F44011393280013084401F5
:10AC20009392220093054501370E0100232625014A
:10AC300033836F00B3025800138F0500938E0F000B
:10AC400093060000130EFEFF03A70E000326080064
:10AC5000130F4F00B377C701B373C601B3877740B3
:10AC6000B387D700135707011356060193D6074140
:10AC70003307C7403307D70093160701B3F7C7015F
:10AC8000B3E7D70013084800232EFFFE938E4E0033
:10AC900093560741E36A58FA1307540133848240FC
:10ACA0001304B4FEB3B2E20013CF12001354240015
:10ACB000130740006384020AB38FEF003388E50076
:10ACC000B70E0100130E080013860F00938EFEFFCF
:10ACD00063F46F0C83270600130E4E001306460024
:10ACE00033F7D7013307D70093D50701135707412F
:10ACF0003307B700B387D700B3F7D701931607011F
:10AD0000B3E7D700232EFEFE93560741E36466FCAB
:10AD10001303F3FF3303F3411373C3FF33076800D7
:10AD2000639A07008327C7FF9388F8FF1307C7FFBD
:10AD3000E38A07FE8320C100032481002328150134
:10AD400083244100032901001301010167800000F1
:10AD500013091000E3DE06E86FF09FEA1307140002
:10AD6000131727006FF05FF593050000EFF00FB5A4
:10AD7000630005068320C1000324810093071000AF
:10AD80002328F500232A050083244100032901001C
:10AD900013010101678000001307000063160F0014
:10ADA0003387E5006FF0DFF7131724003387E500E2
:10ADB0006FF01FF7B716028037150280938646861C
:10ADC00013060000930550241305058BEF100008AF
:10ADD000B716028037150280938646861306000058
:10ADE000930570231305058BEF104006B707F07F1E
:10ADF000B3F5B700B707C0FCB385F50093070000B3
:10AE00006356B0001385070067800000B305B040AB
:10AE100093D545419307300163CCB700B7070800CD
:10AE2000B3D5B74093070000138507006780000083
:10AE30009385C5FE1307E001930710006346B70032
:10AE4000B7070080B3D7B70093050000138507004C
:10AE500067800000130101FE232A9100832405016D
:10AE6000232C81001304450193942400B30494001F
:10AE70002328210103A9C4FF2326310123244101F2
:10AE80001305090093890500232E1100EFF0CFD898
:10AE900013070002B307A74023A0F9009307A000FF
:10AEA000138AC4FF63DCA708130655FF63704405CB
:10AEB00083A784FF630C0604B306C74033D7D700CB
:10AEC0003319C9003369E900938584FF3707F03FE0
:10AED0003367E900B397C700637EB40203A644FF5B
:10AEE000B356D600B3E7D7006F00C0029307B00097
:10AEF000630CF5003319C9003707F03F3367E900E9
:10AF0000930700006F000001930700003707F03F30
:10AF10003367E9008320C1010324810183244101B7
:10AF2000032901018329C100032A81001385070039
:10AF30009305070013010102678000009306B0002B
:10AF4000B386A640B707F03F3357D9003367F70001
:10AF5000930700006376440183A784FFB3D7D7002B
:10AF6000130555013319A900B367F9006FF09FFA73
:10AF7000130101FD232A5101938A05009305100056
:10AF800023229102232E3101232C41012326110279
:10AF9000232481022320210393040600138A060040
:10AFA00093090700EFF08F91630205103707100037
:10AFB00013D944019307F7FF1379F97F13040500B0
:10AFC000B3F7970063040900B3E7E7002326F10015
:10AFD00063920A061305C100EFF08FCB0327C1006F
:10AFE0009304100023289400232AE4009307050209
:10AFF000630809081309D9BC3309F9009304500305
:10B0000023202A013385F44023A0A9008320C10214
:10B010001305040003248102832441020329010251
:10B020008329C101032A8101832A410113010103FC
:10B03000678000001305810023245101EFF04FC504
:10B040000327C10093070500630E05040326810052
:10B0500093060002B386A640B316D7003357A70065
:10B06000B3E6C6002326E100B334E0009384140065
:10B07000232AD400232CE40023289400E31C09F69F
:10B08000139724003307E400032507019387E7BCE7
:10B090002320FA00EFF04FB8939454003385A44076
:10B0A0006FF09FF6832681006FF01FFCB7160280B9
:10B0B0003715028093864686130600009305F0300C
:10B0C0001305058BEF009058130101FD2320210388
:10B0D0001389050093058100232611022324810290
:10B0E00023229102232E310193090500EFF09FD610
:10B0F0009304050013840500130509009305C1009E
:10B10000EFF05FD50327090183A709018326C1005A
:10B11000B387E74003278100939757003307D74051
:10B12000B387E70013070500635EF00293974701BA
:10B13000338487009386050013850400930504007B
:10B1400013060700EF10D0568320C10203248102AA
:10B1500083244102032901028329C1011301010350
:10B160006780000093974701B385F5406FF09FFC1F
:10B17000130101FF232021012326110093077001F1
:10B180001309050063DAA70483A741C483A581C41A
:10B19000232481002322910003A4C1C483A401C5F8
:10B1A000138507001306040093860400EF20407205
:10B1B0001309F9FF93070500E31409FE0324810036
:10B1C0008320C10083244100032901001385070067
:10B1D0001301010167800000371702801319350041
:10B1E0001307878E33072701832707018320C100B8
:10B1F000832547010329010013850700130101017D
:10B2000067800000832606019385F5FF93D555409E
:10B210009385150093074601939626009395250084
:10B22000B386D700B305B50063F8D702130705004E
:10B2300003A807009387470013074700232E07FF43
:10B24000E3E8D7FEB387C6409387B7FE93F7C7FFFF
:10B25000938747003305F5006378B5001305450073
:10B26000232E05FEE36CB5FE678000000327050171
:10B2700013D65540930645016352C70213172700A2
:10B28000B387E60063F2F60403A7C7FF9387C7FFFF
:10B29000E30A07FE130510006780000093172600DD
:10B2A000B387F600E350E6FE93F5F501E38C05FC69
:10B2B00003A60700130510003357B6003317B70075
:10B2C000E302E6FC678000001305000067800000D1
:10B2D000130101FD2322910223261102930406008B
:10B2E0006388051E23248102232021031384050083
:10B2F000232E3101232A5101232C4101130905007A
:10B30000EF904FB80327C4FF9387B4009306600102
:10B31000930A84FF9379C7FF63F2F61013FA87FF4D
:10B3200063C2071063609A1063D24913B717028093
:10B3300023248101138C87F703268C00B3863A01FE
:10B3400083A746006308D61C13F6E7FF3386C600C2
:10B350000326460013761600631A061493F7C7FFF8
:10B360003386F9006358460D13771700631C0702F4
:10B3700023267101832B84FF23286101B38B7A413B
:10B3800003A74B001377C7FFB387E700338B370161
:10B39000635C4B33338BE90063584B29032B01016A
:10B3A000832BC1009385040013050900EF801FB2B1
:10B3B00093040500630805408327C4FF130785FF36
:10B3C00093F7E7FFB387FA006386E7241386C9FF84
:10B3D0009307400263E4C72E13073001636AC72056
:10B3E00093070500130704008326070023A0D70056
:10B3F0008326470023A2D7000327870023A4E70062
:10B400009305040013050900EF800FFC13050900E4
:10B41000EF908FA7032C81006F00C006130A000174
:10B42000E3749AF09307C0002320F900930400000E
:10B430006F00400583A7C60003A78600032C810088
:10B44000930906002326F70023A4E70083A74A00F8
:10B45000B38649411306F00093F7170033873A018A
:10B460006362D608B3E7370123A2FA0083274700B7
:10B4700093E717002322F70013050900EF90CFA0F0
:10B4800093040400032481028320C10203290102E2
:10B490008329C101032A8101832A41011385040004
:10B4A0008324410213010103678000001377170012
:10B4B000E31A07EE23267101832B84FF2328610101
:10B4C000B38B7A4103A74B001377C7FF6FF09FEC54
:10B4D0008320C10283244102930506001301010366
:10B4E0006F80DF9EB3E7470123A2FA00B3854A01CC
:10B4F00093E6160023A2D500832747009385850095
:10B500001305090093E717002322F700EF80CFEB24
:10B510006FF09FF693F7C7FFB386370113060A0152
:10B5200063D0C62613771700E31E07E623267101B2
:10B53000832B84FF23286101B38B7A4103A74B003F
:10B540001377C7FFB387E700338B3701E344CBE4BE
:10B5500083A7CB0003A78B001386C9FF9306400285
:10B560002326F70023A4E70093848B0063E4C62816
:10B5700013073001938704006372C7020327040096
:10B580009307B00123A4EB000327440023A6EB009C
:10B5900063EAC7261304840093870B010327040082
:10B5A00023A0E7000327440023A2E7000327840029
:10B5B00023A4E70033874B01330B4B412324EC00DA
:10B5C00093671B002322F70083A74B001305090094
:10B5D00093F71700B3E7470123A2FB00EF90CF8A50
:10B5E000032B0101832BC100032C81006FF09FE925
:10B5F000832604001307B0012320D50083264400CE
:10B600002322D500636EC7141307840093078500B7
:10B610006FF09FDD8327C5FF032C810093F7C7FFE1
:10B62000B389F9006FF09FE283A7CB0003A78B00DB
:10B630001386C9FF930640022326F70023A4E700E0
:10B6400093848B0063E6C6101307300193870400D0
:10B65000637CC702032704009307B00123A4EB0017
:10B660000327440023A6EB0063F8C7148327840054
:10B6700023A8FB008327C40023AAFB00630CD60A7F
:10B680001304040193878B010327040023A0E70020
:10B690000327440023A2E7000327840023A4E70034
:10B6A00093090B00938A0B00032B0101832BC1002C
:10B6B000032C8100138404006FF05FD9930504000C
:10B6C000EFC09FF16FF0DFD383A7C60003A786000A
:10B6D0001386C9FF930640022326F70023A4E70040
:10B6E00003A78B0083A7CB0093848B002326F7004E
:10B6F00023A4E70063EEC604130730019387040018
:10B70000E374C7F8032704009307B00123A4EB00F8
:10B710000327440023A6EB0063F0C70A0327840035
:10B720009307400223A8EB000327C40023AAEB00E1
:10B73000E318F6F40327040193870B021304840132
:10B7400023ACEB000327C4FF23AEEB006FF0DFF365
:10B750009305040013850400EFC01FE86FF05FF449
:10B76000032784002324E5000327C4002326E500E3
:10B770006304F60613070401930705016FF0DFC6A3
:10B78000B38A4A01B386464123245C0193E716003D
:10B7900023A2FA008327C4FF1305090093040400C1
:10B7A00093F71700B3E74701232EF4FEEF80DFED98
:10B7B000032C81006FF01FCD1304840093870B01CD
:10B7C0006FF09FEC13050900EF801FEC930400005D
:10B7D000032C81006FF01FCB832604011307840123
:10B7E000930785012328D50083264401232AD50009
:10B7F0006FF09FBF9305040013850400EFC0DFDDE9
:10B800006FF05FDB8327840023A8FB008327C4003D
:10B8100023AAFB006308D6001304040193878B015D
:10B820006FF0DFD70327040193870B021304840111
:10B8300023ACEB000327C4FF23AEEB006FF01FD651
:10B8400083A7C1B867800700638405029307F00FE0
:10B8500063E8C7002380C50013051000678000005F
:10B860009307A0082320F5001305F0FF6780000070
:10B870001305000067800000130101FE232C8100E6
:10B88000232A9100232E110083A7C1B813040500B9
:10B890009384060063820502E78007009307F0FFA8
:10B8A0006306F5028320C101032481018324410141
:10B8B0001301010267800000130600009305410098
:10B8C000E78007009307F0FFE31EF5FC23A00400C8
:10B8D0009307A0088320C1012320F40003248101E1
:10B8E000832441011301010267800000130101FE5E
:10B8F000232C8100232A9100232E110083A401C749
:10B9000083A7C1B813040600630A05021386050065
:10B91000930604009305050013850400E7800700E3
:10B920009307F0FF630AF5028320C101032481011C
:10B930008324410113010102678000009306060081
:10B94000930541001306000013850400E7800700FB
:10B950009307F0FFE31AF5FC232004008320C101C4
:10B96000032481019307A00823A0F400832441014C
:10B9700013010102678000008397C500130101F8DD
:10B98000232C8106232E110613F7270013840500AC
:10B99000630407029387350423A0F50023A8F5006C
:10B9A0009307100023AAF5008320C1070324810711
:10B9B00013010108678000008395E500232A9106A2
:10B9C0002328210723263107232441079304050058
:10B9D00063C6050813068100EF00403B634E050671
:10B9E0008327C10037F90000B71900003379F90047
:10B9F000B7E7FFFF3309F90013391900130A0040B4
:10BA00009389098093050A0013850400EF800FCC09
:10BA10008317C4006308050693E707082320A400E2
:10BA20002328A4002316F400232A44016310090AE2
:10BA3000B3E737018320C1072316F40003248107ED
:10BA400083244107032901078329C106032A8106AC
:10BA500013010108678000008317C40093F70708EB
:10BA600013090000638E0704130A000493050A00FB
:10BA700013850400EF808FC58317C400930900006D
:10BA8000E31C05F813F70720631E070493F7C7FFAD
:10BA900093E72700130734042316F40093071000DC
:10BAA00083244107032901078329C106032A81064C
:10BAB0002320E4002328E400232AF4006FF0DFEEC3
:10BAC000130A0040930900006FF0DFF38315E400D0
:10BAD00013850400EF00C031631005028317C40012
:10BAE0006FF01FF583244107032901078329C1064D
:10BAF000032A81066FF05FEB8357C40093F7C7FFFB
:10BB000093E717009397070193D707416FF05FF210
:10BB1000130101F923248106138405008395E500B0
:10BB200023229106232021072326110693040600D1
:10BB30001389060063CA050413068100EF0000257F
:10BB4000634405040327C100B7F700008320C10642
:10BB5000B3F7E70037E7FFFFB387E7000324810669
:10BB600093B717002320F9001307004023A0E40037
:10BB700037150000832441060329010613050580BB
:10BB800013010107678000008357C40093F707087B
:10BB9000638807028320C1060324810693070000FF
:10BBA0002320F9001307000423A0E4000329010661
:10BBB000832441061305000013010107678000007C
:10BBC0008320C106032481062320F90013070040C7
:10BBD00023A0E40003290106832441061305000085
:10BBE0001301010767800000130101FE232C81006F
:10BBF000232A910023282101232E11001309050077
:10BC0000938405001304060063060500832745039B
:10BC100063800716832784010317C4002324F400DC
:10BC2000937787006380070883270401638C0706E6
:10BC3000232631019316270193F9F40F93F4F40F9F
:10BC400063D806080327040083264401B307F7409E
:10BC500063D8D70A83268400130617002320C40064
:10BC60009386F6FF2324D4002300370103274401E1
:10BC7000938717006302F70C8357C40093F71700EC
:10BC8000639A070C8329C1008320C1010324810129
:10BC900003290101138504008324410113010102DA
:10BCA000678000009305040013050900EFC00FC171
:10BCB000631E05080317C4002326310183270401EE
:10BCC0009316270193F9F40F93F4F40FE3CC06F6DF
:10BCD0008326440637E6FFFFB72500003367B70029
:10BCE0001306F6FFB3F6C6002316E400032704008C
:10BCF0002322D40683264401B307F740E3CCD7F4CC
:10BD00009305040013050900EFB01FDC631E050254
:10BD100003270400832684009307100013061700EE
:10BD20009386F6FF2320C4002324D4002300370188
:10BD300003274401E312F7F49305040013050900F7
:10BD4000EFB09FD8E30005F48329C1009304F0FF0E
:10BD50006FF09FF39307A000E396F4F293050400BD
:10BD600013050900EFB05FD6E30E05F06FF0DFFDBD
:10BD7000EF70CF906FF01FEA9307050003A501C78E
:10BD800013860500938507006FF01FE6130101FF7E
:10BD9000138705002324810023229100130405004A
:10BDA00093050600130507002326110023A401C8EC
:10BDB000EF408FF09307F0FF630CF5008320C10084
:10BDC00003248100832441001301010167800000E6
:10BDD00083A781C8E38407FE8320C1002320F400E9
:10BDE00003248100832441001301010167800000C6
:10BDF000130101FF23248100232291001304050075
:10BE0000138505002326110023A401C8EF404FF03D
:10BE10009307F0FF630CF5008320C1000324810029
:10BE200083244100130101016780000083A781C8BA
:10BE3000E38407FE8320C1002320F4000324810053
:10BE400083244100130101016780000003A701C79B
:10BE5000130101FF93870600130806002326110033
:10BE60008328C70093060500138705001386070083
:10BE700063000802B7170280938747B1B7150280A5
:10BE8000938545B213850800EF00C014EF00C01978
:10BE900037F8008093074824130848246FF01FFEEA
:10BEA000130101FF9306060013060000232611006C
:10BEB000EFF0DFF9B3B7C502130101FF232611002C
:10BEC00023248100B385C5026390070AEF800F80A9
:10BED000130405006300050A0326C5FF130740028B
:10BEE0001376C6FF1306C6FF6368C70493063001C6
:10BEF0009307050063F2C6022320050023220500F4
:10BF00009307B00163F8C704232405002326050026
:10BF100093070501630CE60623A0070023A2070090
:10BF200023A407008320C10013050400032481001B
:10BF3000130101016780000093050000EF704FE7D7
:10BF40008320C100130504000324810013010101B3
:10BF5000678000009307850023A0070023A2070045
:10BF600023A407006FF01FFCEF00800B9307C000B5
:10BF70002320F500130400008320C10013050400F2
:10BF800003248100130101016780000023280500BC
:10BF900093078501232A05006FF01FF8130101FCA8
:10BFA0001303C1022326D10293060300232E11009E
:10BFB0002328E102232AF102232C0103232E11035B
:10BFC00023266100EFA09F808320C101130101049B
:10BFD00067800000130E0500130101FC03A501C7D3
:10BFE000130381022324C1022326D10213860500F4
:10BFF0009306030093050E00232E11002328E1026F
:10C00000232AF102232C0103232E1103232661008E
:10C01000EFA0CFFB8320C101130101046780000062
:10C0200003A501C767800000130101FF130560002D
:10C0300023261100EF00802A13051000EF40CFC423
:10C0400083278511638607001305000067800000C1
:10C05000130101FF9305000823248100232611000A
:10C0600013040500EF709FE6232CA410630405025F
:10C07000930705082320050013054500E31CF5FE82
:10C08000130500008320C100032481001301010176
:10C09000678000001305F0FF6FF0DFFE130101FE63
:10C0A000232A9100232E11009307F0019304050029
:10C0B00063ECB70283278511232C810013840500CC
:10C0C000638C070213142400B387870003248101C3
:10C0D00003A5070023A0C7008320C10183244101D9
:10C0E0001301010267800000930760012320F5001F
:10C0F0001305F0FF6FF05FFE930500082326C100D3
:10C10000EF70DFDC23ACA4100326C1009307050009
:10C110001307050093060508630A0500232007009E
:10C1200013074700E31CD7FE6FF0DFF903248101FA
:10C130001305F0FF6FF05FFA130101FF2322910056
:10C14000232611009307F0019304050063E0B70A6A
:10C150008327851123248100138405006384070449
:10C1600013972500B387E70003A70700630C0702B6
:10C1700093061000630CD7009306F0FF6308D70402
:10C1800023A0070013850500E700070003248100B2
:10C19000130500008320C100832441001301010125
:10C1A0006780000013850400EF00C04313060400FD
:10C1B000032481008320C10093050500138504003A
:10C1C00083244100130101016F00803B032481009F
:10C1D0008320C100930760012320F50083244100E0
:10C1E000130510001301010167800000930760012F
:10C1F0002320F5001305F0FF6FF0DFF99307F0013E
:10C2000063EAB70C83278511130101FF2324810002
:10C2100023229100232611001384050093040500B6
:10C220006380070813172400B387E70003A70700FC
:10C23000630C07029306F0FF6300D7069306100015
:10C240006300D7041305040023A00700E7000700DC
:10C25000130500008320C1000324810083244100D2
:10C2600013010101678000008320C10003248100C5
:10C2700083244100130510001301010167800000B1
:10C280008320C10003248100832441001305300072
:10C290001301010167800000130520006FF09FFB70
:10C2A00093050008EF709FC223ACA410930705000C
:10C2B000630E0500130705009306050823200700F9
:10C2C00013074700E31CD7FE6FF0DFF51305F0FFFF
:10C2D0006FF05FF81305F0FF67800000130101FFA6
:10C2E00023229100232611009307F00183A401C7A4
:10C2F00063EEA70883A7841123248100130405009B
:10C300006382070413172500B387E70003A707001C
:10C31000630A070293061000630AD7009306F0FF32
:10C320006306D70423A00700E70007000324810069
:10C33000130500008320C100832441001301010183
:10C340006780000013850400EF00C0291306040075
:10C35000032481008320C100930505001385040098
:10C3600083244100130101016F0080210324810017
:10C370008320C1009307600123A0F400130510007F
:10C3800083244100130101016780000093076001CD
:10C3900023A0F4001305F0FF6FF0DFF9130101FF94
:10C3A00023202101232611009307F00103A901C7CF
:10C3B00063E2A704232481001304050003258911E7
:10C3C0002322910093840500630E050213142400B8
:10C3D000B307850003A507000324810023A097006D
:10C3E000832441008320C1000329010013010101BE
:10C3F00067800000930760012320F9001305F0FF18
:10C400006FF05FFE9305000813050900EF701FAC85
:10C41000232CA9109307050013070508630A0500DC
:10C4200023A0070093874700E31CF7FE6FF01FFA75
:10C4300003248100832441001305F0FF6FF09FFA6D
:10C44000130101FF2324810003A401C72326110047
:10C4500083278411638C0700130500008320C1002B
:10C460000324810013010101678000009305000887
:10C4700013050400EF709FA5232CA410630C050086
:10C48000930705082320050013054500E31CF5FE6E
:10C490006FF09FFC1305F0FF6FF05FFC130101FFCD
:10C4A00023229100232611009307F00183A401C7E2
:10C4B00063E4A70C83A784112324810013040500DF
:10C4C0006382070813172400B387E70003A7070058
:10C4D000630C07029306F0FF6300D7069306100073
:10C4E0006300D7041305040023A00700E70007003A
:10C4F00003248100130500008320C1008324410030
:10C500001301010167800000032481008320C10022
:10C51000832441001305100013010101678000000E
:10C52000032481008320C1008324410013053000CF
:10C53000130101016780000003248100130520001E
:10C540006FF09FFB9305000813850400EF701F98A0
:10C5500023ACA41093070500630E05001307050024
:10C56000930605082320070013074700E39CE6FE17
:10C570006FF05FF5032481001305F0FF6FF0DFF724
:10C58000130101FF1387050023248100232291005A
:10C590001304050093050600130507002326110068
:10C5A00023A401C8EF309FF79307F0FF630CF50059
:10C5B0008320C10003248100832441001301010171
:10C5C0006780000083A781C8E38407FE8320C10041
:10C5D0002320F4000324810083244100130101017E
:10C5E000678000006F305FF1B7071000130101FE94
:10C5F000938EF7FF33F8BE00B3F7DE0013D3460186
:10C600002328210113D9450193973700232C81005A
:10C610001318380013D4F5011357D5019358D601D8
:10C620001379F97F1373F37F232E1100232A9100CE
:10C630002326310193D6F601B3E8F80033670701EA
:10C6400093153500131F3600B30769406304D41EE9
:10C650006352F016630603289306F07F6306D942FF
:10C66000930680031306100063CEF602B70680001F
:10C67000B3E8D8009306F00163CEF65293060002A9
:10C68000B386F6403396D8003355FF00B316DF006B
:10C690003366A600B336D000B3D8F8003366D600B0
:10C6A000330717413386C540B3B5C5009304060070
:10C6B000B309B7409397890063DA0732B707800060
:10C6C0009387F7FFB3F9F9006388092C13850900F4
:10C6D000EF201001930785FF930600023387F64091
:10C6E00033D7E400B399F90033673701B394F4000A
:10C6F00063C8274BB387274193871700B386F6405B
:10C700003396D400B3D9F4003336C0003366360113
:10C71000B316D700B3E4C600B359F70013090000FD
:10C7200093F774006380070293F7F4001307400047
:10C73000638AE7009387440033B69700B389C90042
:10C74000938407009397890063DA076E93071900B3
:10C750001307F07F130E04006386E72A370780FF74
:10C760001307F7FF33F7E90093F7F77F1318D701A3
:10C7700013D63400131797003368C8001357C70047
:10C780008320C1010324810193974701B3E7E700A8
:10C790001317FE01B3E7E7008324410103290101D8
:10C7A0008329C100130508009385070013010102C6
:10C7B00067800000638C0714B30723416312093CB0
:10C7C0003365B7006304054C1385F7FF630205600A
:10C7D0001308F07F63860757930780031306100042
:10C7E00063CCA702930705001306F001634CF656CD
:10C7F000130500023305F5403316A70033D8F500C2
:10C800003395A500336606013335A0003357F70092
:10C810003366A600B388E8403306CF403337CF00F5
:10C8200093040600B389E84013090300138406004B
:10C830006FF05FE86350F01E63100314B3E6E80185
:10C84000638C06269386F7FF638006481306F07F05
:10C85000638CC722930780039309100063CCD7022F
:10C86000938706009306F00163C0F64A9306000220
:10C87000B386F640B399D8003356FF00B316DF00F5
:10C88000B3E9C900B336D000B3D8F800B3E9D90092
:10C8900033071701B385B900B3B935019384050097
:10C8A000B389E9009397890063D20714130919002B
:10C8B0009307F07F630CF936B70780FF9387F7FF84
:10C8C00013F61400B3F7F90013D714003367C70049
:10C8D0001396F701B364E60093D917006FF05FE495
:10C8E000B3E6E801638A061C9386F7FF638006407F
:10C8F0001306F07F638AC71893078003130610009E
:10C90000E3C2D7DA938706006FF0DFD61308190069
:10C910001378E87F631C08223363B70033E8E8012B
:10C9200063100938630E034663060840B389E54186
:10C9300033B53501330617413306A640131586007B
:10C94000635E0550B305BF403387E840333FBF0007
:10C950003307E7411316870093840500635E065290
:10C96000B70780FF9387F7FF3377F700138E060032
:10C97000930710006FF09FDF9306F07F6306D910D6
:10C980009306800393091000E3C6F6F0B706800013
:10C99000B3E8D8006FF01FED13850400EF2040547A
:10C9A000930785019306F001E3D8F6D2130785FFBC
:10C9B0003397E40063C6272333892741930719007F
:10C9C00063D6F648130919FE93060002B3542701F3
:10C9D000638CD70093060004B387F6403317F70043
:10C9E0003337E000B3E4E4001309000093F7740068
:10C9F000E39C07D29307090013D63400138709007C
:10CA00006F00000C9307F07F13070000130800006D
:10CA10006FF01FD7638A070CB30723416302091E17
:10CA20009306F07F6308D3329306800393091000C6
:10CA300063CEF602B70680003367D7009306F00195
:10CA400063C8F63C93060002B386F640B319D700DC
:10CA500033D6F500B396D500B3E9C900B336D0009C
:10CA60003357F700B3E9D900B388E8003387E90109
:10CA7000B339370193040700B3891901130903007F
:10CA80006FF05FE26310080213163500135636008C
:10CA90001318D7013368C8001357370033670701ED
:10CAA00063060718130E00009307F07F370708008E
:10CAB000130800006FF0DFCC131635001356360054
:10CAC0001318D7019306F07F3368C8001357370057
:10CAD000E386D7FC1317C7001357C70093F7F77FF8
:10CAE000130E04006FF0DFC99306190013F8E67FF8
:10CAF00063180814B366B700631C09286382063004
:10CB0000B3E6E80163880622B387E501B3B5B70051
:10CB1000330717013307B70013D83700931787007F
:10CB2000130E040063DE0734B70780FF9387F7FF17
:10CB30003377F7009317D7011357370033E807010E
:10CB40003377D701930710006FF09FC33388E54117
:10CB5000B3B70501B3091741B389F9409397890029
:10CB60009304080063C6071033683801E31E08B455
:10CB7000130E000093070000130700006FF05FC062
:10CB80001305F07F630EA31A13058003130610002C
:10CB9000E344F5C8370680003367C7006FF0DFC491
:10CBA000B70980FF9389F9FF3309F940B379370159
:10CBB0006FF01FB7938607FE13060002B3D6D800A6
:10CBC000638AC70013060004B307F640B397F80062
:10CBD000336FFF003336E0013366D6006FF09FAC51
:10CBE000B70680FF9386F6FFB307F9403377D70087
:10CBF0001318D70133683801135737006FF09FEDD2
:10CC0000B366B7006386061E9386F7FF638E060A37
:10CC10001305F07F6380A714930780039309100026
:10CC2000E3C6D7E4938706006FF05FE1130E0400BC
:10CC30009307F07F13070000130800006FF05FB444
:10CC40009307F07FE384F6FE338FE501B335BF0031
:10CC5000B3071701B387B7001396F701135F1F00DF
:10CC6000B364E60193D91700138906006FF05FAB38
:10CC70003306BF40B387E8403337CF009304060044
:10CC8000B389E740138406006FF01FA41316360023
:10CC90001356360013840600138708006FF05FE216
:10CCA000E31203DE6306081C13D7380013163600A0
:10CCB0009398D80133671701135636003367C700BE
:10CCC000138406006FF0DFDD338FE501B308170131
:10CCD000B335BF00B389B8009397890093040F0060
:10CCE00063D4070E130920006FF01FBD338FE54199
:10CCF000B3081741B3B5E50193040F00B389B840F9
:10CD0000130910006FF01F9B938607FE13060002A5
:10CD1000B3D6D800638AC70013060004B307F640F1
:10CD2000B397F800336FFF00B339E001B3E9D900DE
:10CD30006FF05FB613163500935936006FF05FEB56
:10CD400013163600135636001384060013870800A6
:10CD50006FF01FD4131636001356360013870800E1
:10CD60006FF01FD3138507FE130600023355A7008B
:10CD7000638AC70013060004B307F640B317F70031
:10CD8000B3E5F5003336B0003366A6006FF0DFA8D8
:10CD9000E38206FC33EFE801E3160FD06FF0DFCE3D
:10CDA000E30808DC131836009397D80113583800AD
:10CDB00013D738003368F8003377D701138E060095
:10CDC000930700006FF0DF9B930710006FF0DFC246
:10CDD000B305BF40B388E8403337BF0093840500F4
:10CDE000B389E84013840600130910006FF09F8C8C
:10CDF0001316360013563600138708006FF05FCC09
:10CE00001316360093593600138708006FF05FDE63
:10CE1000938607FE13060002B356D700638AC70045
:10CE200013060004B307F640B317F700B3E5F500A7
:10CE3000B339B000B3E9D9006FF05FC313D6340043
:10CE400093070900138709006FF09FC7930600023C
:10CE5000B386F640130600006FF05F8B33E8C9001D
:10CE6000E30808D093D93900130706006FF05FD8A4
:10CE7000130E00009307F07F370708006FF05F90F4
:10CE80009317D7011357370033E807013377D701DA
:10CE9000930700006FF0DF8E1318D70193D535008C
:10CEA0003368B80013573700138406006FF09FC231
:10CEB000130101FD232E310193D945012324810261
:10CEC0002322910223202103232C410123267101D7
:10CED0009394C50023261102232A510123286101BE
:10CEE0002324810193F9F97F13040500930B0600B5
:10CEF0001389060093D4C40013DAF501638A091874
:10CF00009307F07F6388F908939434009357D50111
:10CF1000B3E7970037078000B3EAE700131B35003B
:10CF2000938919C093040000130C00009357490122
:10CF30001314C90093F7F77F1354C4001359F90170
:10CF4000638207081307F07F638AE718131434001D
:10CF500013D7DB0133678700938717C0370480003E
:10CF60003364870093983B00B389F94013060000AF
:10CF70001307F000B3462A0163649724B7170280B1
:10CF800093942400938747B5B384F40003A7040067
:10CF900067000700B3EAA400639E0A1C9357490187
:10CFA0001314C90093F7F77F130B0000930480005C
:10CFB0009309F07F130C20001354C4001359F90196
:10CFC000E39207F8B36874016382081C630A044A99
:10CFD00013050400EF10D07093070500930655FF6A
:10CFE0001307D001938887FF3307D7403314140108
:10CFF00033D7EB0033648700B3981B01B387370145
:10D000009389373F130600006FF09FF63307F74010
:10D0100013068003635AE64E9307000013060000D0
:10D02000130700008320C102032481029397470164
:10D03000B3E7C7009396F601B3E7D7008324410214
:10D04000032901028329C101032A8101832A4101A5
:10D05000032B0101832BC100032C81001305070062
:10D060009385070013010103678000009307F07F99
:10D0700013060000130700006FF0DFFA93060000AC
:10D080009307F07F37060800130700006FF09FF941
:10D09000B3EAA400638C0A1063880440138504007B
:10D0A000EF10106413070500930655FF9307D00196
:10D0B000130B87FFB387D740B3946401B357F400D1
:10D0C000B3EA9700331B64019309D0C0B389E940E8
:10D0D00093040000130C00006FF05FE5B368740167
:10D0E00093891980639C080A93E4240013040000C8
:10D0F000130620006FF0DFE713090A0013840A000B
:10D1000093080B00930720006308FC4E9307300040
:10D11000E306FCF69307100093060900E30EFCEE0D
:10D120009387F93F6356F02A13F778006316074A8E
:10D1300013177400635A0700B70700FF9387F7FFC0
:10D140003374F400938709401307E07FE340F7F25C
:10D1500093D838001317D4011316940033671701BE
:10D160001356C60093F7F77F6FF0DFEB130C060042
:10D170006FF05FF9938A0400130B05009304C0005D
:10D180009309F07F130C30006FF05FDA93E4140022
:10D1900013040000130610006FF09FDD93E43400C9
:10D1A00093880B00130630006FF09FDC130B000018
:10D1B0009304400093090000130C10006FF01FD778
:10D1C0006364542B63808A2A13030B009389F9FF4D
:10D1D00093870A00130B00001317840013550701EF
:10D1E00033D4A70213D688013366E600131806016C
:10D1F000135808019395880013570301B3F7A7024A
:10D20000B308880293970701B367F70063FA170121
:10D21000B307F6001307F4FF63F0C72E13040700EB
:10D22000B3871741B3D8A702131703011357070198
:10D23000B3F7A702B30F1803939707013367F700FB
:10D24000637AF7013307E6009387F8FF637EC72808
:10D250009388070013140401B7020100336414011A
:10D260001383F2FFB3786400935E040113DE0501BB
:10D2700033F36500330F13033307F741B3081E037D
:10D2800093570F01B38F6E02B388F801B38717016C
:10D29000B38ECE0363F4F701B38E5E00B70F0100C7
:10D2A000938FFFFF93D80701B3F7F7019397070117
:10D2B000337FFF01B388D801B387E701636E171787
:10D2C000630A1717B307FB4033071741333BFB00D3
:10D2D000330767416300E62EB358A70293DE0701C8
:10D2E0003377A702330F18031317070133E7EE0054
:10D2F000637EE7013307E600938EF8FF636AC72E6B
:10D300006378E72F9388E8FF3307C7003307E741C7
:10D31000B35EA7029397070193D707013377A7025C
:10D320003308D80313170701B3E7E70063FE0701CB
:10D33000B307F6001387FEFF63E8C72A63F6072BDF
:10D34000938EEEFFB387C70093980801B3E8D80126
:10D350001395080113DF080113550501B30E65028B
:10D36000B38707413305AE0213D70E0133036F02B3
:10D37000330565003307A700330EEE0363766700BD
:10D3800037050100330EAE00370801001308F8FF1F
:10D39000135507013377070113170701B3FE0E0179
:10D3A0003305C5013307D70163F2A712B307F600AF
:10D3B0001383F8FF1388070063E4C71C63E8A724FE
:10D3C0006386A7269308030093E818006FF05FD5E3
:10D3D00013071000E39C07C29389E941B397380112
:10D3E000B337F000B3193401B3E73701B3D8E8001D
:10D3F000B3E8F80093F778003354E4006380070241
:10D4000093F7F80013074000638AE700938748000A
:10D41000B3B81701330414019388070093158400EF
:10D42000930710001306000013070000E3CC05BEAD
:10D430006F004013E378FBE8B30EBB0033BF6E010F
:10D44000B30FCF003307F701138B0E00930FF4FFD8
:10D450006374E60863621715638EE81213840F0085
:10D460006FF05FE6E3621BD713571B001393FA01BB
:10D4700093D71A003363E300131BFB016FF0DFD572
:10D4800013850B00EF10D025930655011307C0013B
:10D4900093070502E356D7B4130585FF93080000F0
:10D4A0003394AB006FF09FB5EF10902393065501B6
:10D4B0009307C00113070502E3DAD7BE930785FF80
:10D4C000B31AF400130B00006FF01FC0E39EA7EE29
:10D4D000E30807C46FF09FEDE312E6F8E30C0FF6E4
:10D4E00013840F006FF01FDEE374F7D79388E8FF13
:10D4F0003307C7006FF01FD6E3F217D31304E4FF1E
:10D50000B387C7006FF0DFD11306F001E356E6ECF6
:10D51000130610FEB307F64013060002B357F400DB
:10D520006308C7009389E943B3193401B3E83801AC
:10D53000B3381001B3E8F80013F7780013060000C1
:10D540006308070293F7F800130740001304000074
:10D55000638AE70093874800B3B81701333410019A
:10D5600093880700131694001317D4011356C600AE
:10D5700093D8380033E7E800930700006FF09FAAC4
:10D5800093080300E312A8E4E30CB7B893E818008B
:10D590006FF01FB9E3F4FEECB38ED50133BFBE00CC
:10D5A000330FCF001304E4FF138B0E003307E701A2
:10D5B0006FF05FD1130720C09387F93F9308F0FF06
:10D5C000E3C8E9E013874800B338170133041401B6
:10D5D000930807006FF0DFB513F7F800130640005B
:10D5E000E308C7B46FF01FFE930E07006FF0DFD59E
:10D5F00093880E006FF09FD1930609009307F07F88
:10D6000013060000130700006FF0DFA1139315004D
:10D610003338B3003308C800338807019388E8FF24
:10D6200093050300E302A8F66FF01FDAE3E0E5FEDE
:10D6300093080300E31CB7F46FF09FAE13D74501C6
:10D64000B70710009387F7FF13D846011377F77FCA
:10D650001303F07F33FEB70093080500B3F7D7003C
:10D6600093D5F5011378F87F93D6F60113051000D2
:10D67000630C670063086800631407016306FE0219
:10D680006780000067800000E31CE8FEB367FE00CF
:10D69000B3E7C700B3E71701E39407FEB385D540AE
:10D6A0003335B00067800000E39CC8FC638AD50076
:10D6B000E31807FC336E1E013335C001678000009C
:10D6C000130500006780000093D84501B7071000DC
:10D6D0009387F7FF13D7460193F8F87F130EF07F77
:10D6E00033F3B70013080500930E0500B3F7D70016
:10D6F00093D5F501130F06001375F77F93D6F60146
:10D700006388C8056304C503639A08063368030188
:10D710006310050633E6C700630C06086312080AA7
:10D7200013051000638206086780000033E6C70017
:10D73000631406086396080033630301E30203FEE3
:10D740006380D5066392050613051000678000000C
:10D750003363030163120306E31615FFB3E7C70043
:10D76000639C0704E390D5FE13050000678000006A
:10D77000E30808FAE398D5FC6F008002E30405FC97
:10D78000E392D5FCE34015FD63CCA800E3EC67FA17
:10D790006318F300E368DFFB13050000E3F6EEF91E
:10D7A00013051000E39205F81305F0FF67800000F1
:10D7B000E31A08F8678000001305E0FF67800000A7
:10D7C000E386D5FC6FF01FF893D84501B70710002A
:10D7D0009387F7FF13D7460193F8F87F1303F07F81
:10D7E00033FEB70013080500930E0500B3F7D7000A
:10D7F00093D5F501130F06001375F77F93D6F60145
:10D80000638A6804630465026398080633680E013E
:10D81000631E050833E6C7006304060A6316080A98
:10D8200013051000638006086780000033E6C70018
:10D8300013052000E31A06FE63960800336E0E01FE
:10D84000E3000EFE638CD504639E050413051000EF
:10D8500067800000336E0E0163100E06E31615FF9D
:10D86000B3E7C70013052000E39007FCE39ED5FC57
:10D870001305000067800000E30805FCE396D5FC73
:10D88000E34415FD63CCA800E3E0C7FD6318FE0088
:10D89000E36CDFFB13050000E3F8EEF9130510005D
:10D8A000E39405F81305F0FF67800000E30A08F62B
:10D8B000E39CD5F86FF09FFE130520006780000001
:10D8C000E31408F867800000E380D5FC6FF0DFF711
:10D8D000130101FD93D745012324810223229102E4
:10D8E00023202103232E3101232A51019394C500C3
:10D8F00023261102232C41012328610123267101D3
:10D900002324810193F7F77F13040500930A06008F
:10D910009389060093D4C40013D9F50163840742A8
:10D920001307F07F6386E70A939634001357D501F7
:10D930003367D700B7068000B364D700131A3500E9
:10D94000138C17C0130B0000930B000093D74901F1
:10D950001397C90093F7F77F138F0A001354C7007A
:10D9600093D9F9016380070A1307F07F638EE714E8
:10D970001317340093D5DA01B3E5E500938717C098
:10D980003707800033E4E500139F3A00B38887012E
:10D99000130300001307A00013851800634C670BE6
:10D9A000B3453901930720001388050063C6671546
:10D9B000130BFBFF1307100063606717630AF33C48
:10D9C00093040400130A0F00930B03006F00C009B7
:10D9D00033EAA40063180A3C93D749011397C9009E
:10D9E00093F7F77F93040000130B8000130CF07F74
:10D9F000930B2000138F0A001354C70093D9F90129
:10DA0000E39407F6B36754016382073C6300044A5A
:10DA100013050400EF10C04C93080500130755FFD1
:10DA20009307D001138F88FFB387E740B3D7FA007D
:10DA30003317E40133E4E700339FEA01B3081C41E4
:10DA40009388D8C01307A0001303000013851800A3
:10DA5000E35867F59305090093072000638AFB32BA
:10DA600093073000638CFB48930710001388050070
:10DA7000639AFB469307000093060000130700001B
:10DA80008320C1020324810293974701B3E7D700A3
:10DA90009316F801B3E7D70083244102032901025A
:10DAA0008329C101032A8101832A4101032B01013A
:10DAB000832BC100032C8100130507009385070009
:10DAC0001301010367800000336754019308FC7F52
:10DAD000630A0730371700003348390113070780FE
:10DAE000136B3B009306A000930508003305EC0080
:10DAF00063C0663913033000130610003316660145
:10DB000013770653E31A07F4937706246394073CCC
:10DB1000137686086312062EB70F0100938EFFFF5F
:10DB2000B377DA0193560A01B37EDF01135E0F016A
:10DB30003387D7033383D603935507013306FE0299
:10DB400033066600B385C500338FC60363F46500F2
:10DB5000330FFF01B70301001386F3FF33F3C50052
:10DB6000935F04013377C7003374C40013130301B8
:10DB7000B38287023303E30093D50501338786021E
:10DB800013D60201B387FF02B387E7003306F6001E
:10DB9000B387F6036374E600B387770037090100A3
:10DBA0009309F9FF3377360193D30401B3F63401B7
:10DBB000B3F2320113170701B384DE0233075700B3
:10DBC000135606013306F600B385E500B302DE0204
:10DBD00093D70401B38ED303B382D201B387570026
:10DBE000330E7E0263F4D701330E2E01B709010014
:10DBF000938EF9FFB3F2D70193D70701B387C7011B
:10DC0000B3FED401939202013309D402B382D2014C
:10DC100033848302135E0901B386DF02B386860074
:10DC2000330EDE00B38E7F0263748E00B38E3E012E
:10DC3000B70F0100938FFFFFB376FE0193960601A5
:10DC40003379F901B385E501B38626013386C60031
:10DC500033B7E5003307E600338F5500B307F7000D
:10DC6000B335BF00B385B700B336D6003336C7002F
:10DC7000B3E6C60033B7E700135E0E01B3B7F50095
:10DC8000B386C6013367F70093179F003307D700A9
:10DC9000B3E767003307D701B337F00013567F01AE
:10DCA0001317970093D67501B3E7C70093959500B6
:10DCB00033EAB70093177700B364D70063D0070245
:10DCC00013571A0093771A009396F401B367F7007D
:10DCD00033EAD70093D41400930805001386F83F65
:10DCE0006356C01293777A00638007029377FA0035
:10DCF00013074000638AE70013074A00B337470160
:10DD0000B384F400130A07009397740063DA0700E2
:10DD1000B70700FF9387F7FFB3F4F40013860840BA
:10DD20009307E07F63C4C71C93573A001397D4014D
:10DD3000939694003367F70093D6C6009377F67FE7
:10DD40006FF01FD433EAA40063080A06638E04123E
:10DD500013850400EF10C01813060500930655FF45
:10DD60001307D001930786FF3307D7403357E400EA
:10DD7000B396F400B364D700331AF4009307D0C00D
:10DD8000338CC740130B0000930B00006FF01FBCD7
:10DD9000138805009307F07F930600001307000027
:10DDA0006FF01FCE130A0500130BC000130CF07F99
:10DDB000930B30006FF09FB993040000130B4000E9
:10DDC000130C0000930B10006FF05FB8136B1B0077
:10DDD00093080C0013040000130F0000130310003D
:10DDE0006FF05FBB136B2B0013040000130F0000D8
:10DDF000130320006FF01FBA93040400130A0F00EE
:10DE0000930B0300938509006FF01FC513071000E3
:10DE1000631006109388E84133161A013336C000A8
:10DE2000B3981401B357EA00336616013366F6005F
:10DE300093777600B3D5E400638007029377F6000A
:10DE400013074000638AE7009307460033B6C70014
:10DE5000B385C5001386070013958500930710004E
:10DE60009306000013070000E34C05C06F00C010CC
:10DE70001307F0006310EB1213080000B706080048
:10DE8000130700006FF0DFBFEF1080059306550108
:10DE90009307C00113060502E3D4D7EC130585FFF1
:10DEA000130A0000B314A4006FF05FED13850A009D
:10DEB000EF100003130755019307C00193080502F3
:10DEC000E3D0E7B6130585FF130F00003394AA00D3
:10DED0006FF0DFB6130800009307F07FB706080065
:10DEE0006FF01FBA930805006FF05FDF9307F07FB4
:10DEF00093060000130700006FF09FB8130800009E
:10DF00009307F07FB7060800130700006FF05FB7B4
:10DF10003307C74093078003E3CEE7B49307F001CC
:10DF2000E3DAE7EE930710FEB387C74093060002DB
:10DF3000B3D7F4006308D7009388E843B39814017B
:10DF4000336A1A01333640013366F60013777600E0
:10DF500093060000630807029377F600130740005A
:10DF600093050000638AE7009307460033B6C700B5
:10DF7000B335C00013860700939695001397D5011B
:10DF800093D6C600135636003367E60093070000A9
:10DF90006FF01FAF93040400138A0A00930B300044
:10DFA000938509006FF05FABB70710009387F7FF09
:10DFB000130101FEB3F8B70033F8D70093D7460139
:10DFC00093983800232C81002326310113D4F501C6
:10DFD00093D945011357D501131838009355D6012D
:10DFE000232E1100232A91002328210113FFF77FFC
:10DFF0001303F07F3367170193F9F97F130E0400C1
:10E000009318350093D6F601B3E50501931E36004B
:10E01000630C6F2093C61600B387E9416302D416E0
:10E02000E35AF000630A0F246384693C930680037B
:10E030001305100063CEF602B7068000B3E5D500E5
:10E040009306F00163C4F64E93060002B386F640D1
:10E050003395D50033D6FE00B396DE003365C50098
:10E06000B336D000B3D7F5003365D5003307F7409A
:10E070003385A84033B6A800930405003309C74090
:10E080009317890063D80734B70780009387F7FF99
:10E090003379F9006306092E13050900EF00506477
:10E0A000930785FF930600023387F64033D7E400D9
:10E0B0003319F90033672701B394F40063C4373F81
:10E0C000B387374193871700B386F6403396D40061
:10E0D00033D9F4003336C0003366C900B316D70015
:10E0E000B3E4C6003359F7009309000093F77400B6
:10E0F0006380070293F7F40013074000638AE70088
:10E100009387440033B597003309A900938407002F
:10E110009317890063D0076C938719001307F07F6A
:10E120006386E724370780FF1307F7FF3377E9009B
:10E1300093F7F77F1318D70113D5340013179700FF
:10E140003368A8001357C700137E14008320C10151
:10E150000324810193974701B3E7E7001317FE01FA
:10E16000B3E7E70083244101032901018329C100AA
:10E170001305080093850700130101026780000062
:10E180006352F07063160F1CB3E6D501638E06264A
:10E190009386F7FF63880646638C672493078003A2
:10E1A0001309100063CCD702938706009306F00191
:10E1B00063CAF64893060002B386F6403399D50049
:10E1C00033D6FE00B396DE003369C900B336D00003
:10E1D000B3D7F5003369D9003307F70033061901C7
:10E1E00033392601930406003309E90093178900A7
:10E1F00063D2071E938919009307F07F6388F9168D
:10E20000B70780FF9387F7FF13F51400B377F90082
:10E2100013D714003367A7001395F701B364E50023
:10E2200013D917006FF09FEC33E8D50113831980E1
:10E2300063080806630AD4066304030E638E092686
:10E240001315360013553500138406001387050097
:10E250001318D7013368A800135737003367070135
:10E2600063060710130E00009307F07F37070800BE
:10E27000130800006FF09FEDB3E6D5016386061822
:10E280009386F7FF6382063A6384671693078003D9
:10E2900013051000E3CED7DC938706006FF05FDA3A
:10E2A00093C61600E31AD4F8630803186390092C88
:10E2B0009307F07FB3661701638806489386F7FFDC
:10E2C000638206341305F07F6382A72A93078003D5
:10E2D0001309100063CAD7029307F00163C6D74C35
:10E2E00093070002B387D7403319F70033D6D8001D
:10E2F000B397F8003369C900B337F000B356D700BD
:10E300003369F900B385D5003307D90133392701C3
:10E31000930407003309B90093090F006FF01FED54
:10E320009387190093F7E77F6394071433E8D501C7
:10E33000B36717016394092A638E07386310083C9A
:10E340001315350013593500930700006F00401175
:10E350006380690A9306800313091000E3C0F6E89E
:10E36000B7068000B3E5D5006FF05FE4137E1400BC
:10E370009307F07F13070000130800006FF01FDD04
:10E3800013850400EF00D035930785019306F00153
:10E39000E3DAF6D0130785FF3397E40063CE371B2B
:10E3A000B38937419387190063DEF642938919FEDA
:10E3B00093060002B3543701638CD7009306000420
:10E3C000B387F6403317F7003337E000B3E4E400D7
:10E3D0009309000093F77400E39E07D09387090028
:10E3E00013D53400130709006F008002E31C08E610
:10E3F000131535001318D701135535003368A800DD
:10E40000135737006FF09FE513153500135535008E
:10E410001318D7019306F07F3368A800135737000D
:10E42000E38ED7E21317C7001357C70093F7F77FA0
:10E43000137E14006FF09FD19386190093F7E67F47
:10E44000639E0712B3671701639A09246386073036
:10E45000B3E7D501639A073013153500135935001A
:10E460001318D70133682801135737006FF09FFB4B
:10E470003388D841B3B708013309B7403309F940AD
:10E48000931789009304080063C2071233682801B8
:10E49000E31208C0130E00009307000013070000EA
:10E4A0006FF0DFCA370980FF1309F9FFB389F9401C
:10E4B000337927016FF09FC39307F07F336517010E
:10E4C000630405101388F7FF6302081E1305F07F2D
:10E4D000E388A7D693078003138406001305100072
:10E4E00063CA07039307F00163C407199307000287
:10E4F000B38707413315F700B3D60801B397F80087
:10E500003365D500B337F000335807013365F500A4
:10E51000B38505413385AE4033B7AE0093040500A3
:10E520003389E54093090F006FF09FB5938607FE8E
:10E5300013060002B3D6D500638AC7001306000491
:10E54000B307F640B397F500B3EEFE003335D001C4
:10E550003365D5006FF0DFB1B70680FF9386F6FF15
:10E56000B387F9403377D7006FF09FEF131536006C
:10E5700013553500138705006FF09FCD9307F07F8B
:10E58000E386F6DEB38ED80133B61E01B307B700BB
:10E59000B387C7001395F70193DE1E00B364D5015E
:10E5A00013D91700938906006FF05FB433861E41BC
:10E5B000B387E54033B7CE00930406003389E740C4
:10E5C000138406006FF01FAD131636001355360086
:10E5D00013840600138705006FF09FE3E39807E0BC
:10E5E0006306082213D73500131636009395D5011C
:10E5F0003367B700135636003367C700138406002D
:10E600006FF01FC6B38ED801B305B70033B61E0135
:10E610003389C5009317890093840E0063D8070AD5
:10E62000930920006FF0DFBDB38ED841B305B7402A
:10E6300033B6D80193840E003389C5409309100086
:10E640006FF01FA4938607FE13060002B3D6D50011
:10E65000638AC70013060004B307F640B397F500BA
:10E66000B3EEFE003339D0013369D9006FF01FB724
:10E67000930708FE93060002B357F700630AD80019
:10E6800093060004B38606413317D700B3E8E800C9
:10E69000333510013365F5006FF0DFE7E38807ECF1
:10E6A000B3EED501E3900EBC6FF09FD433861E41CC
:10E6B000B385E54033B7CE00930406003389E540C7
:10E6C00013840600930910006FF09F9B93071000BE
:10E6D0006FF01FD1E30008DC1316360093573600A5
:10E6E0001398D501139795003368F8001357C700A6
:10E6F000138E0600930700006FF05FA53389D841A1
:10E70000B3B728013306B7403306F64093178600A7
:10E7100063D2070E33861E413387E540B3BECE0079
:10E720003307D741931787009304060063DE07126F
:10E73000B70780FF9387F7FF3377F700138406004E
:10E74000930710006FF01F9F131636001355360005
:10E75000138705006FF0DFCB131636001359360010
:10E76000138705006FF0DFCFB386D801B307B7007A
:10E7700033B61601B387C7001397870013D8360046
:10E78000635E0708370780FF1307F7FFB3F7E7005B
:10E790001397D701939797003368070113D7C700E2
:10E7A000930710006FF09F9A938706FE13060002EE
:10E7B000B357F700638AC60013060004B306D640B9
:10E7C0003317D700B3E8E800333910013369F90093
:10E7D0006FF09FB313D53400938709001307090026
:10E7E0006FF01FC393060002B386F64013060000C5
:10E7F0006FF09F8E3368C900E30E08C813593900C3
:10E8000093070000130706006FF09FC5130E00006A
:10E810009307F07F370708006FF05F931397D701D6
:10E82000939797003368070113D7C7009307000039
:10E830006FF0DF91E38607AE33083F41930708008E
:10E84000E38E09C69307800363CA0701B7078000F8
:10E850003367F700138406006FF0DFC813840600E7
:10E86000130510006FF01FCB1318D7011356360095
:10E870003368C8001357370093070000138406005D
:10E880006FF05FBAE38A07BAB3063F4163960900A7
:10E89000938706006FF01FA29307800313091000EF
:10E8A000E3C4D7A6B70780003367F7006FF0DFA295
:10E8B00013D74501B70710009387F7FF1347F7FFFA
:10E8C00013D84601B3F5B700B3F7D7009316570135
:10E8D0001378F87F638006021307F07F13050000AA
:10E8E0006304E80067800000B3E7C7003335F00039
:10E8F00067800000B3E5A50013051000E38E05FC5A
:10E900006780000093D74501B70610001387F6FF14
:10E9100093F7F77F1306E03F3377B70093D5F50100
:10E92000635EF6001306D041635EF6003705008093
:10E930001305F5FF3385A50067800000130500006F
:10E9400067800000130630433306F6401308F001D9
:10E950003367D7006350C80293063041B387F6404F
:10E960003357F7003305E040E39C05FC130507002F
:10E97000678000009387D7BE3317F7003355C50073
:10E980003367A7006FF01FFE130101FF232611005C
:10E990002324810023229100630A05041357F541C3
:10E9A000B344A700B384E440930705001385040033
:10E9B00013D4F701EF00C0529307E041B387A7409B
:10E9C0001307A00093F7F77F6340A7061307B00073
:10E9D0003307A74033D7E400130555011317C700C9
:10E9E000B394A4001357C7006F0040011304000044
:10E9F000930700001307000093040000939747015A
:10EA00001314F401B3E7E7008320C100B3E78700E4
:10EA100003248100138504009385070083244100AB
:10EA20001301010167800000130555FF3397A4000F
:10EA30001317C7001357C700930400006FF01FFCA3
:10EA4000130101FF23248100232611001304050074
:10EA5000630C0504EF00C0489307E041B387A7406B
:10EA60001307A00093F7F77F6344A7061307B000CE
:10EA70003307A740130555013357E4003314A400AE
:10EA80008320C100130504001317C700032481006D
:10EA90001357C70093974701B3E7E7009385070033
:10EAA00013010101678000008320C10013050400E9
:10EAB0009307000003248100130700009397470188
:10EAC000B3E7E700938507001301010167800000A9
:10EAD000130555FF3317A400130400008320C10061
:10EAE000130504001317C700032481001357C70040
:10EAF00093974701B3E7E7009385070013010101EE
:10EB0000678000008325C500832785000328050052
:10EB10008326450013960501130101FE1397150086
:10EB2000135606012324F1002326B100232CF10003
:10EB3000232001012322D10023280101232AD1000F
:10EB4000232EC1001357170193D5F5019308010136
:10EB50009307C1011315360003A6C7FF9387C7FFAC
:10EB60009356D601B3E6A60023A2D700E394F8FE9D
:10EB70009306170013183800139616012328010175
:10EB80001356260163020604B7C6FFFF93860640AC
:10EB90003307D7009306E07F63D4E6109307F07F36
:10EBA0001306000093060000939747019395F50123
:10EBB000B3E7C700B3E7B7001385060093850700E6
:10EBC00013010102678000000326410183288101AF
:10EBD0000325C101B3661601B3E6A600B3E606013C
:10EBE00063140704638206149306500013060000A2
:10EBF00093D736009316D601B3E6F60013169600A7
:10EC00009377F77F1356C600939747019395F501C5
:10EC1000B3E7C700B3E7B700138506009385070085
:10EC200013010102678000006384061293D7C801B4
:10EC300013154500B3E7A700B7068000B3F6D70069
:10EC40006382061C370780FF9356C60193984800DD
:10EC50001307F7FF33F6E700B3E61601B7074000E6
:10EC60003366F60093F686FF9307000013D736004D
:10EC70009316D601131696001356C60093974701B4
:10EC80009395F501B3E7C700B3E6E600B3E7B70035
:10EC900013850600938507001301010267800000B9
:10ECA000635CE00C83274101032581010326C10138
:10ECB00093964700B3E6060193D7C70113184500A2
:10ECC000131646001355C501B336D000B3E707014C
:10ECD0003366A600B3E6F60093F77600638007027A
:10ECE00093F7F60013054000638AA7009387460058
:10ECF000B3B6D7003306D60093860700B707800067
:10ED0000B377F600E38607EE130717009307F07F4B
:10ED1000E306F7E8B70780FF9387F7FF3376F6003F
:10ED20009377F77F6FF09FF49307000013060000BE
:10ED3000939747019395F501B3E7C700B3E7B70091
:10ED40001385060093850700130101026780000008
:10ED50009307F07F13060000939747019395F50101
:10ED6000B3E7C700B3E7B700138506009385070034
:10ED700013010102678000009306C0FC634CD708B2
:10ED80009306D003B386E6400327C10113DE564045
:10ED9000B70E0800B3EEEE0013152E00232ED1019E
:10EDA00093F6F6013388A8001386080013070000C5
:10EDB000032306001306460033676700E31AC8FE04
:10EDC000130630003306C641639A06040328080080
:10EDD000938616009387470023AE07FF634ED60045
:10EDE0003388A700032808009386160093874700FE
:10EDF00023AE07FFE356D6FE93074000B387C74113
:10EE00006F004008930500009307F07F3706080065
:10EE10006FF09FD9130700006FF01FDD1308050284
:10EE200033082800032808FF130F0002330FDF40C8
:10EE30003318E80133670701630E0608131826002C
:10EE4000B30FF8003386A80003250600032346000D
:10EE5000938747003355D5003313E30133656500CD
:10EE600023AEA7FE13064600E390FFFE9307400083
:10EE7000B387C7411306080233062600B3DEDE005F
:10EE80002328D6FF93064000B386F64093962600CB
:10EE90009397270013068000B388F80063EAC60042
:10EEA00023A0080023A20800938686FF9388880089
:10EEB0009307400063E4F60023A0080083270101C4
:10EEC0003337E00003264101B366F7001307000063
:10EED0006FF09FE093071000130800006FF09FF998
:10EEE000B7070100637AF5021337051013371700CF
:10EEF00013173700B70702803355E5009387873F24
:10EF0000B387A70003C5070093060002B386E64057
:10EF10003385A64067800000B70700016374F502DF
:10EF200013070001B70702803355E5009387873F39
:10EF3000B387A70003C50700930600013385A640E9
:10EF40006780000013078001B70702803355E50092
:10EF50009387873FB387A70003C507009306800008
:08EF60003385A6406780000024
:10EF6800696C6C6567616C20696E73747275637423
:10EF7800696F6E20657863657074696F6E2068616B
:10EF88006E646C657220656E74657265640A0065EE
:10EF980063616C6C20657863657074696F6E206856
:10EFA800616E646C657220656E74657265640A00D2
:10EFB80065627265616B20657863657074696F6EF0
:10EFC8002068616E646C657220656E746572656434
:10EFD8000A00756E6B6E6F776E2065786365707466
:10EFE800696F6E2068616E646C657220656E746509
:10EFF8007265640A006E6F20657863657074696F66
:10F008006E2068616E646C657220696E7374616CE1
:10F018006C65640A00000000556E696D706C656D62
:10F02800656E7465642073797374656D2063616CB3
:10F038006C2063616C6C6564210A0000C416FFFFD4
:10F04800C416FFFF9416FFFF9416FFFF9416FFFFE8
:10F058009416FFFF9416FFFF9416FFFFC416FFFFD8
:10F06800B416FFFF9416FFFF9416FFFF9416FFFFD8
:10F078009416FFFFB416FFFFB416FFFF8C17FFFFAF
:10F088009416FFFF9416FFFF9416FFFF9416FFFFD8
:10F098009416FFFF9416FFFF9416FFFF9416FFFFC8
:10F0A8009416FFFF9416FFFF9416FFFF9416FFFFB8
:10F0B8009416FFFF9416FFFFC416FFFF3C17FFFFCF
:10F0C8009416FFFF9416FFFF9416FFFF9416FFFF98
:10F0D8009416FFFF9416FFFF9416FFFF9416FFFF88
:10F0E8009416FFFF9416FFFF9416FFFF9416FFFF78
:10F0F8007017FFFF9416FFFF9416FFFF9416FFFF8B
:10F108009416FFFF9416FFFF9416FFFF9416FFFF57
:10F118009416FFFF9416FFFF9416FFFF9416FFFF47
:10F128009416FFFF9416FFFF9416FFFF9416FFFF37
:10F138009416FFFF9416FFFF9416FFFF9416FFFF27
:10F148009416FFFF9416FFFF9416FFFF9416FFFF17
:10F158009416FFFF9416FFFF9416FFFF9416FFFF07
:10F168009416FFFF9416FFFF9416FFFF9416FFFFF7
:10F178009416FFFF9416FFFF9416FFFF9416FFFFE7
:10F188008017FFFF6C15FFFF1016FFFF1C16FFFF0F
:10F198004C15FFFF4C15FFFF4C15FFFF4C15FFFFEB
:10F1A8004C15FFFF4C15FFFF7C15FFFF4C15FFFFAB
:10F1B8004C15FFFF4C15FFFF4C15FFFFF415FFFF23
:10F1C8007C15FFFF457870656374656420203D20D9
:10F1D80025640A00507265646963746564203D2083
:10F1E80025640A00526573756C74203A2025642FD3
:10F1F800310A000063726564656E63653A202564B0
:10F208000A000000656E763030303300696D616742
:10F21800652025733A20256420696E7374727563BE
:10F2280074696F6E730A0000696D616765202573E4
:10F238003A202564206379636C65730A0000000036
:10F2480080000000800000008000000080000000B6
:10F2580080000000800000008000000080000000A6
:10F268008000000080000000800000008000000096
:10F278008000000080000000800000008000000086
:10F288000D08FAFDF6F60105FC01FB07FEFEFAF291
:10F2980006F6F9EBE0DAD8D8D6F10902112A2533B7
:10F2A800D3C6C3D2F9FFFAF723282F24100A110B6B
:10F2B800DFF10625DFEF0D2CE1F11D1CE2F2051A46
:10F2C800F3000A0BE4EB1815E502170C00F90DFD25
:10F2D800FB01162000FEF30201EEDAE3030E19002B
:10F2E800F7E1EA19F1E8F924E8E4062BEEEF0A2041
:10F2F8002517FFFEFCF0FFFBEBFDF513F1FE0C1DDF
:10F308001024FCD5341423F82C1D0EFB140A2006F7
:10F31800C8031B1BE4191B15171C27F51610E7C596
:10F328000114231CEDF0161BDFD6E5FB01F2F7F301
:10F3380008E4F51C1AF4D2041906F401FD1401FAC4
:10F34800111125361D1A1121F9F4F203D0D0CDDFA1
:10F35800FCFBEBEB19FFE0BF130D05DA1636310F96
:10F36800081D3534DED3F332E2E2CCFDFCF5E6E4E9
:10F37800FFEFF4F010F7FE030C0CF9FF15FCF6F3A1
:10F388008000000080000000800000008000000075
:10F398008000000080000000800000008000000065
:10F3A8008000000080000000800000008000000055
:10F3B8008000000080000000800000008000000045
:10F3C8008000000080000000800000008000000035
:10F3D8008000000080000000800000008000000025
:10F3E8008000000080000000800000008000000015
:10F3F8008000000080000000800000008000000005
:10F4080080000000800000008000000080000000F4
:10F4180080000000800000008000000080000000E4
:10F4280080000000800000008000000080000000D4
:10F4380080000000800000008000000080000000C4
:10F4480080000000800000008000000080000000B4
:10F4580080000000800000008000000080000000A4
:10F468008000000080000000800000008000000094
:10F478008000000080000000800000008000000084
:10F488008000000080000000800000008000000074
:10F498008000000080000000800000008000000064
:10F4A8008000000080000000800000008000000054
:10F4B8008000000080000000800000008000000044
:10F4C8008000000080000000800000008000000034
:10F4D8008000000080000000800000008000000024
:10F4E8008000000080000000800000008000000014
:10F4F8008000000080000000800000008000000004
:10F5080080000000800000008000000080000000F3
:10F5180080000000800000008000000080000000E3
:10F5280080000000800000008000000080000000D3
:10F5380080000000800000008000000080000000C3
:10F5480080000000800000008000000080000000B3
:10F5580080000000800000008000000080000000A3
:10F568008000000080000000800000008000000093
:10F578008000000080000000800000008000000083
:10F588008000000080000000800000008000000073
:10F598008000000080000000800000008000000063
:10F5A8008000000080000000800000008000000053
:10F5B8008000000080000000800000008000000043
:10F5C8008000000080000000800000008000000033
:10F5D8008000000080000000800000008000000023
:10F5E8008000000080000000800000008000000013
:10F5F8008000000080000000800000008000000003
:10F6080080000000800000008000000080000000F2
:10F6180080000000800000008000000080000000E2
:10F6280080000000800000008000000080000000D2
:10F6380080000000800000000004000000040000BA
:10F6480000040000000400000004000000040000A2
:10F658000004000000040000000400000004000092
:10F66800C9FBFAE4E6DA1EE3FBE4E72CF8EDF9E976
:10F67800F21DF61C1E21DAD9DC10F2EDE7F4FD3A92
:10F6880006FBD5291BFCE92C1CDFFE0328E9F92E13
:10F6980026EBEDD8F7EFEBF322F9FCD62F24F6E2B0
:10F6A800EBE61CE23201143C2C2AF6FB1EFCF8F8AF
:10F6B800FADD28ECECE912E00CEDF82CE812DF2773
:10F6C80025E91BD9021F0EE231DED0E7ECFD26F05A
:10F6D80027E300FB07E5061427F3F6FDDBD7F8DF81
:10F6E800F8FDFCF902210AE72EF3F5DCE3F3E4FF69
:10F6F80005F6F5EDDDE60E34E204EBDDDDF028EE8F
:10F70800E12427F92DFA20FB02EDE5E629233AE763
:10F7180022DA06ECF6EF3004FA1FE1F804DD3431A2
:10F72800EAFBEDE1F1F8D3EB25DB012AE6D0EFF5B2
:10F73800EBE4F0EE1316093507181DD7F3E5F1EEE3
:10F74800E7EDEFF2DA1CFA3521E5DB1622D10BF8EA
:10F75800F4DB2EEC25E0E315E826321AE836EDE472
:10F76800F2CA18F3E5EF01E5F316291FEBD92A2BA6
:10F778000DECEB19E52FF1DAF0E7FE37FCEBF5ECD1
:10F7880013F1293635EF2A32FAF9EE35E727303208
:10F79800DFDB0027D5EF03162CFEE4E530F408275D
:10F7A8001B1DCCCD391EDEE807020707E5FD2D132A
:10F7B800142021F32CF3EEF5E92FF7E407CFCEC19F
:10F7C800FF32F014F70102F238E40AD504FDE52D02
:10F7D80019D63716D721DFEC20F5D4E62831D4E244
:10F7E800282F14E4F41D31E0D130D1F3D0C7E42B35
:10F7F800FB11F92A27D81BDFEDF4E5EA17E72AFF02
:10F80800E811FA31E90124FFF81FDAF0FCE6E836DE
:10F81800D9ED2522CC1BFF2D23E4D92305ED08FCC7
:10F828000CE4F9E81DFDD90D32F2E1E43AE92F03C1
:10F83800E2F82EF81422D81D362CD4E3E2D9F8F8D1
:10F84800E5E3EDEF37CEE63728E2E6E72306ECF806
:10F85800E4F3D42F282FF0F7E7ECD639FBDDE4F0FA
:10F86800FE2201EB1CE9F7CBFDDBFB0B3933100063
:10F878002EE3DDE6EEE314EE0BFDFFFAEB06E5F60C
:10F88800DBE6DE1BD629EB0F2BEBE83227D9E5FDAB
:10F89800EE39DD302431EFCFF32EED322027DB1D9A
:10F8A800DC39EB2EFB2B17E1FB1E0B15ED22E5F9DE
:10F8B800ECEFE4EEFAF2ECDF2EF1E4F6ED2FF0E7F0
:10F8C800FC33E3F6CEE4191BDBFBF8DEEFF6E0FDD4
:10F8D800FE2E1D00EAFEFFD125F6E1F016C9CFE0A5
:10F8E8000F2DE70740F237EBDDE9DC23FEFC312C76
:10F8F800E2E53034F8ED2721F336CDE5092AFDE1BC
:10F908001BD5F0E539FCDBF634FBE4E71C09FA29E2
:10F9180006FE302303EF1C26EEDEF7DA1DF0E2FDCB
:10F92800EA04CF26F1F8CB24EA06DBF7EB1F37E42D
:10F93800D62D11F027DD29E70BFA32E31B361ACE54
:10F948002422FDD421F0252FFC2EFBF31D2925F5BB
:10F95800FAFE23E7281C04FDE205F2F2E713C8EEDD
:10F9680001D420CC2E1DD8F8D33BF3193524E93720
:10F9780015D3ED0ED11FF4F4030DE8FA010E21287A
:10F98800E02AF5ECFF1B272AF415F725E4E5EDF648
:10F998000C0EDB1800F6D6CD2D1DD0FE2FFEE1EEA5
:10F9A80014331DD409E0F9FB00D624F122F42122F6
:10F9B80017DAFEE426EAED2E293414FD2EE6EBEAEA
:10F9C80022EA2110EDE306E3DF25E219FB360406FF
:10F9D800F5D516E214CFD4D405E2F43BE001E5F303
:10F9E8000510DFDBD7FAD7E938E61415E5FAE30C9A
:10F9F800E3EFE7EEEF18EDE5D8DF18E5E7E3FC2ED7
:10FA0800F4E401F1EA1922272A15EC28D939F0FD86
:10FA1800EE21E9F91E0AE1D805ECEC3706F800DE1C
:10FA2800F22EEAE7F701EC232FEFED382FDAF0F4A6
:10FA3800D7F02913D12F0B3BF2EE01E00B00F22C8B
:10FA480017F126D221E6F2DFE6F4CF23F0E8D92237
:10FA58002D4B27EC18F1F5F0F81832E50DEBFCE525
:10FA6800E0DE06E9F8ED3AE130E5EFD636CFFFD132
:10FA780025E6E3EDE803FCDBF6E7271B2736ED3147
:10FA8800DEE2102ADEDC2220F24435F6EFE725001C
:10FA9800E0E000F5EBCE3139040D03F3D8DD15D8DD
:10FAA80029D9EDD4EE06F501EA1FEADB21F4F8299D
:10FAB80007F12BDDE2221E2235252FFBFDF6D92E7C
:10FAC800EFCEFB10F41CE1F8EAFAD8EDECE3F61FF0
:10FAD800E5110D31F0D2EEFCD1290C0DE12E3D09D6
:10FAE8001BF318E51FCFEBFCE03121F8F23128D9E0
:10FAF800EBE326FD13E623DCE9F4FCE2FF20F3D96F
:10FB0800EC26E725EB22E6F533DEF2EDFF2C342C6C
:10FB1800C7E028EC3212E832212F29E5D617040075
:10FB2800DA001032D11CF70112F71E26F1FEF71A7F
:10FB3800EEED192AE72F2414D1FF3500ED1CD9FA70
:10FB480021180F2827DEF8DFD6FCE21C0ED8E3D2F6
:10FB5800EB060D04DD32DF30E50FEEF8F9F3271779
:10FB680010EB142BF20CC02002F0F40D2D29E0D27A
:10FB780016182A23ECD7DCE31C051D1A2BFA25F6E8
:10FB8800E02311E2F91B041505ECE9E728253EDF1F
:10FB9800463DF132E9150B26D4F01025EAECD5DE06
:10FBA80035EC06D60AEB27EED1E0031CD0DF1FF2B6
:10FBB8002AE6FC3125D5EA0912FB1CFA001826139F
:10FBC8001D322401F1FD22FACBDDCFCECF220FCF9B
:10FBD800250628E337F70A211A2BEFEB2EDC0F0056
:10FBE8002914C3F4EA2C06DC0EF4F1F0FCCC14263C
:10FBF8001BF1223CE10B33EFF700EDD3F73809EBAB
:10FC0800DB22E5E5252F100F2BCBC8FC19FADD38D0
:10FC1800ED28E2FA0BD9E41DDAEEEDE0DC0DC9CCF3
:10FC2800C431241833F3F222E0E7C5D3D425251BC9
:10FC38001014D403271AF60905332B200EEA0C0BEF
:10FC4800F506F7F002F40DEAFAF607050A0A0B08BA
:10FC58000F0CDAF507E9140B00F60AFCF608F6FDB6
:10FC6800FD08F5F008090413FB0BF0FA0817020E5B
:10FC7800F8FEFDF5FFFBF20A010300E41401090791
:10FC8800F30213F4020E06FC0AFEF6F50B0203FD5E
:10FC980002FD03EAFF0AE8F7F2FB170DF1FF0FFC7C
:10FCA8000BFA05FFF6EE0601F907F3FAFA0724ED59
:10FCB80017050508F20D10F9F5EF03FE02FE040C16
:10FCC800F50806FD04F9FDFF1B29FF0DF315EAFCF5
:10FCD80004FBFB1801E003010101FF07080114FC04
:10FCE80005F40FFD13E5F01200FFFAFA02EC04FD2B
:10FCF8000DFA06FF0EFEFB0500FD1CFDFEEA03FDE6
:10FD0800FE01001504F6F714FA01F3ED0BFE00FBF3
:10FD18000A0B1103D7F922F9F7FEFAFA04DB000AF5
:10FD2800FEF5FAF50AF305181917160CF30305037F
:10FD380003FDF51102F900FCFA0C01F9080A0C0F91
:10FD480004DAF6FAE808E7F900FC0400FFF6F9F827
:10FD580004F40EF612FE0E061113F919ED04EDFC6B
:10FD6800FC0F06F2FDFB040C0DF80005F2FAE7148F
:10FD7800E6F927F5F713F80001EF06E803FC01019F
:10FD8800F8FC0B0FED062306F0FE121500F2010D2C
:10FD9800FDED0205F4F601E4F404FC01080A21FF74
:10FDA800E5E6AD04F7E6FB0D02EDF103FCF5FDDB3E
:10FDB800FBFE01F71DFF0E05D3F9E1FEFFF5EFFB92
:10FDC800090FFE09FE04FAF701F704FB03FAF0F441
:10FDD800F9F11D03EEEAFFF7FDEFFFF6090600FC57
:10FDE800FF05FB0B0DFCFB020DE71103E420F7FBFD
:10FDF80008F3060CFFFBEAFCFEF402FE0A0315FA00
:10FE08000C0810F8ED0BD6FCF5F9FE0502F909DE31
:10FE180006FE00EF11FD12E5F5F2E6FD291BE807E5
:10FE28000704F7EEFBF8F222FEF5080AF7FCF703E1
:10FE3800F4DE48F70CD5270405F3F5E0FEEEE6F40A
:10FE4800F0EF0C01F2090215F0E32C1904FF0D0F75
:10FE5800FDF6FBFC04EFFFDFE4FF05EE07061704E1
:10FE680006BE05FFE6C5EDFD01FDFADE01F1F2EC87
:10FE7800FFFAFDEA130C1320CFEBF647F62DF10C31
:10FE8800FBFC0EEA05F5F30EE80DFCECE3E8FE12C8
:10FE9800EDDA230D3E1007100C01FDD40805F7F923
:10FEA800F5FE03020308132DF3E6DD25130A00010E
:10FEB800E8F2FBD80505EDF5F509E805FA071A1784
:10FEC800F9FC0E04190AF1EBF8FB04EA0D08020527
:10FED8000010F1F8FEEF0F04EA0D1134D4F501F724
:10FEE800F6FFF8EEF71CFAF2FB04FA3CFBF60DF508
:10FEF800F6DDE1080600F400040A050C0A19F9DF2A
:10FF0800ECFEF4170E14070609F6090F0408FA07A1
:10FF1800FB1405EA01F5FDF2F5FFF10527EBEDF815
:10FF2800FC382D1EF21F0DFD020E07EC0AD80C1727
:10FF38000B09E913F3F3E11C09414AD90EFD090045
:10FF4800F503FB05FC18110B0BF50C1A0C09F41B37
:10FF580006010FEEE1FA0CFD010D0506050105107D
:10FF6800140801200001ED23FE2018F31D0C010ADE
:10FF7800F70FFF0304E401FB0BFB020BF5F9F2FD9D
:10FF8800FB270CFD1A18FFFD0704090201FCFDEC14
:10FF9800FF05FF10020710F5FA0400EA1815020021
:10FFA800FEFFFE06FFF404120BFEFA1004FF09FC24
:10FFB800070F05FB26150B0AFA0001FFFCED08E701
:10FFC80003FE0A0EEFF900FCEB01E0FA00FC0CFB63
:10FFD80000FBFBF1FE190B1B050C1B02F902190BA8
:10FFE80009F5020BFD1F080002FEFCF3F81EF924B8
:08FFF800F80B0D0CFD18F007D9
:02000004800179
:10000000E700F7F71626FAFDFAFC0FF8F20201F600
:10001000FDFE0D09F7FE1924EBD4FD121B16F205A7
:10002000FE0008F2F61D060DFF06000201FAEAFCCA
:10003000ECF3BB1D1312EAF8051101F9020DFCECFB
:10004000020203F7130AE2040E17FFFEF80B000882
:10005000091403F501FF031F010FF9000D07EFD38A
:10006000EC18FEE8FD0A050802FF04F6041C06E48D
:10007000EF03F306FE0619DEED00E0FE05F40CF4D6
:10008000F90BFB09FAD90FEF0400F300FB07FEE0C0
:10009000FEF0F70107FCFFFC0208F401FDEEF80B8F
:1000A00013040309F6EFF6F517E715D6FEFE02FD79
:1000B000F6FFFDFD03F903ED0EF8FA15FBFBFB015E
:1000C000F90608EB0FB2F705FD02FD2006F307F273
:1000D0000CF4031207F9EBDDF0012803D6FCF7F46A
:1000E000020A08FB07EE090DFEF91002FF0BE7F20A
:1000F0000F1A17F6D118E7FE07FEF72603EAFB00F2
:100100000104071204FA0BF807F506F308F1F704E7
:1001100006F80007FFEB03FF0902FF000B0C00F3DA
:10012000F3FBEADD1EEB03FFF6F9F6E5FA00011337
:1001300006FE07FDFEEEF626F8E027031BFE0B0C7D
:10014000F800FAF3FEDBFDFDE3FE0D0AF7F8F727F2
:1001500006F5F0F2FDE10BFE05F7FFFAF0E606F812
:10016000FF07130D050802FE16F4F80E0C1AFCF634
:10017000FD0707F401F5F8F1F6081AF61200031767
:100180000401FD1A0123F512EE0002F6FEFAFFF952
:10019000FF02F825FAF5FDEFF2DAEB0F150406F988
:1001A000FC070AF1FDED01FBFCFC09270BFDFE1825
:1001B00009F9F10F07F4FF04FDFC03E1FF1000FD56
:1001C000FF0AFC0B05F8F21E00FFEC04FD12EFF233
:1001D000FF0404F403FBFC040508FDFFF8EF18EF2F
:1001E000111310FBE0EF07F6FCF700F4001D0C21E3
:1001F0000DF8FA20EB0B18EFF3E90004D305F40136
:100200000F0104160722F302EE00F718FD1510FA8D
:10021000F7F5E2FB0003F3FFFEF7FFFDF9FE06E64C
:100220000FFE00001AF9EFF0F111E610F8F3EC01FF
:100230000AFE00F3F8E0FCE70A070A0C05ECFC01F3
:10024000E2113A090DFF0300FAFEF906F81AFAEA7C
:100250001308FBEC050D12F6F0FCC8FD1507FA02B9
:10026000F50809E908FF020F0EFDFAF01D0102F87A
:10027000EEF1FD0E3E1D15F10405FFE0FF1FFA1D16
:10028000FCFAFF021609F7FEDC0F2B1A0D1111F90B
:10029000000AFFF0FE02FE21030CFBFA05FADDF274
:1002A000ECF55003FDE5FC030604071A03FC1801F6
:1002B0000E0EFEFD040513F30537E4F6FB24EA0DEC
:1002C000000CF9EBFF0303FE1B0701030D00FDF912
:1002D0000A00F9FC08220B0509FBFFDCFFF70B15F0
:1002E000050E061DF7F9E10AF4F604000D2A19FFC0
:1002F000FE0500FE000004FD14FEFA22F2ECDB0510
:10030000F52432F209FA0402F9F9061E04F90BF297
:10031000FD09FEF1FB03130807ED01F3DD15ED0BFD
:10032000FF010DF10B19FBFC0417FBEBEFF4FAFDD9
:10033000F6FBDC0BF425EF01FE0D01F307FA0AF4DE
:100340001B050C06FA00E90F1B1007FA02FC050159
:10035000FAFF08080BEA06F503030E0AF1FC011187
:100360000808F9D7FA1202010D03030DF7FE07EE94
:100370000DFFFB00FF040AF5EE11E1030CE800FE9F
:10038000040607110F0F0E12010107EB0EF9DFEF44
:10039000FB0BEFF909F007020004F9FFFAE30B1079
:1003A0000FFFFE05F3F505F82000FCF5FEFC19072C
:1003B000FFFE04E90202050AF7F607FFF6FF161131
:1003C0001FEDE2FBF339030EF9F305F10417FDF21B
:1003D00005FAF7FC02060D0D1A140C0005FE0F0BB2
:1003E000F100080906E707FBFBF8FB120507FC070D
:1003F000FD1016F60A25110E0B0CF2F4090D01FB87
:10040000E5FF0909FFFF0EE701F6DCFE080C00011D
:100410000DF1FDF90421FA0AFB01ECF6020F2306A7
:1004200016F2D5FFEFFDF6FC05FD0FFF0C1604F6E6
:100430001004FA0609FA0DF10A201AFEFB2409FA43
:100440000A080109FD0EFBF8FC070606100501EB82
:100450000714FEF2F9F30305F809FAF4FD24010389
:10046000F601FEF20C0A0AF00703F30B101C00075A
:10047000F3FA0A14F51800FE01FFF4FBFD0E03E782
:10048000F7F0E6F6FFF900F604040012FFE60315A4
:1004900006F2FE0E1DF6FDE3FC2918FF03F408FF2B
:1004A00002FFFC2EFA1602FC1EF7FBF7F7F5F6E347
:1004B0000F10FBF1031803050501FCF2F4F7FD171B
:1004C00006ED00EFFFE80B070B03F5F8FE0CFE103E
:1004D0000300F807FD080305FC02FF100E05F5DF19
:1004E000110606EDF21305F001FA04ECFA0F0E0303
:1004F000170308F1FC031012FDC608F3EB04FE0617
:10050000FFF606EC09F10BE51EFD0F12E10A17E6F6
:10051000D401E217E906EFF3020300FEFF0204EB49
:1005200009F8F522EE0F1EEBBFD0BAE8E500E6FDB4
:10053000FE00F70BF809FBEC01F909160B0A04E8B9
:10054000CFEFE80B08DBF4FAFDFCF7EF01E903FF5E
:10055000F300FFF0FEFDE9FEF4E516F809F402FDF4
:1005600003FEEFF404FC0312FAF5F5E604FB1106B2
:10057000FA0018FCD6CF090BF900FB0EFBFE0216A1
:10058000E60801EE080BF90C0BFA0704EEF5F8FC8F
:1005900005FD0914FA0B03EDEB10FFF400F100F672
:1005A000FF09FB04ECE1FCF4FDF9FAFF01F8FD02A0
:1005B000FA0C010003F2000F00E2F90D0508F7FF45
:1005C000FAFD0DFC021A0610E3FEF90A14F3E62CFC
:1005D000F5E4051708480DF6FA04FE1101F9F9F2E1
:1005E0001301F3FC00F7E901F81A0D06FBEC0BFF11
:1005F000FAF808F90CE9FF03FAF3F005F400EA173A
:10060000FC221AECF9F406F1FDFCF600FFCDFBF438
:10061000F706FCFF1407FF1A1215F9FFEA0306029A
:10062000FB08FE06F7E803030703021E05FEE918B0
:10063000F9150AEE0CFE0200030A07FAFDFF06F5A3
:1006400012030610E9F8F9FAFA0FFA06DBF8FFFCD4
:10065000FEFF06FDF303000A0EF9040BE9FF080094
:100660001907D7D10F05FEFB0507031AFBEA0C0398
:1006700004F30212FAFFF81B0827E300EF06F50364
:10068000FA0AF827FF13FA0D0BF302FEF7F1E72140
:100690001F0FF4F805F205FF090702FFFB00ED0745
:1006A0000105000EF7F4FD1729FE04FCF6F304FD26
:1006B00005FDFFFA061EFD06010605F9F4F309F42F
:1006C00003DDFA182807F70100F9FCE20223F8F22B
:1006D000F30502FDFB03F70F01F8DCFF00100FFB31
:1006E0000207F9E70805FD01FE1AFC09FDFFF50503
:1006F000E7EFF603F51313FD0E0D0002FF1B0110CB
:10070000FBFA0A0402FDF4EA02FFF5010DDDFE0426
:100710000709080D07F0F90CFCFFFC16F3081CD6BE
:100720000BF5F4F605E507FB0B13FDFC0B02F8FED9
:100730000A06F5FC070607F8FE2DE703F80F160B6F
:1007400005120109FCEE21E924FEFEF7EF02F4FF99
:10075000F40EF4EDFBF913FD0400FBD4FF0809F8D7
:100760000CFD05FAF812FBF7F9FE1D011A0F06F24F
:10077000FF0301F5FD23FB030EF40901FAFFF5E881
:100780000902F60A091805FF070606060CF901D842
:100790001A02FF16E7FD0A3301160AEF060FEE17DD
:1007A000000801FD001DF9E905080B04F6F9FE0C2F
:1007B000EB10C6FADB13F2FB06FCFEE7F817090C98
:1007C00011F1FEF90411E3020917F80609EDFC081E
:1007D000F70A020D01EA0901EE01FC05E7F6DC0962
:1007E000D113ECD21119FF0200F7FF12F824FAF628
:1007F000F209010E020F19C8FAFAD6FA07D7F00269
:10080000010D0212FBEC00FE10FE07F906F7F6D30D
:10081000F7F7E7F122F91307000BFF03FCB8050017
:100820000E07EC13F1EE0D0516FBECCEFBFC0007FA
:10083000F90AFD12F7FE0804F3030F0DF6FF14107A
:100840002709D0D9021000FE05F9F7ED05EBEFF00E
:10085000F7FD030814F708F6F8F3DB05FEE8EE10E1
:1008600003120017F1FB0202F4040D0FE900FDF181
:10087000EDF3DD17203EF5010205F2F50B01FEF95F
:1008800011F6F30DFDFAF0F209010BFD091016F750
:10089000020E08FC00FE0203FDF40407F6FBF6FF5F
:1008A000160405F6FA0701FE020502F407F002F24B
:1008B000F003FFFDFD07F809FFEFDD03F2E5FFF9A7
:1008C000080809160AFE09EF1007FC0CFC0AFB0CCD
:1008D000ED0BE0FE010CFDFF03FFF603010FFCFF33
:1008E000090006FF001B0402FCEBFFEE0913FD06E6
:1008F0000A0002FE010A040310F70BFB05FB0CFBC8
:10090000FDF30F0B03050C07FB0603FCFE000110B3
:100910000305FFFBF6FC1208FA15E30DF208F801D7
:10092000FFF3F500F91B0811F8F6FFEAE50509F6F3
:100930000005E9E8EE09F20C01F4F9040510F60FE0
:1009400001FC06F91410F0E909E5FCF20EFAF600D4
:10095000FC09FA0604F9FEF5EFFAFAF800FB1AF4BE
:10096000EAECED1EF108FB0102F1FE020801FFEBCB
:10097000F5FF00F6F10314E4FBE9E7050EEB0B02CB
:100980000FF301FE04FB0CD5F6FF00EB0EFC18E69E
:10099000E5D9F7F0F8F8F40400F7EFF406F200ED0B
:1009A000F60F03F5100DF8F401FCEA09F4E8FEFC7B
:1009B0000DFCFEFA05F4FDF1FEF8FF0010F811FB46
:1009C000FEEEF41A022803050702050D051303F3D2
:1009D00008090205FF060C04F928F7F7D6F509F90E
:1009E00004FE04F7FCED10E903F600F919230608EC
:1009F0001C0A0BF305D4160701F704DAFD2106F4EF
:100A0000F50A02FA0F072506FAEAFAF4111EE903BD
:100A1000FEF902F202410219F704E8F3161843EB5B
:100A2000E5EC11F20BEEFFF212050203001305F1E3
:100A30000602FF040C100617050416FE0C2412F51E
:100A4000F80FFB0706E002E804FB03FF010AF3E5E9
:100A5000152315DEF2F60A040D01FBE007160FEE72
:100A6000F1F3F2E405F709FDFD14F21619140EF581
:100A70000E0BF9E90926050A0503F512060CDCC67A
:100A8000F907EE0609060301F4050202FCFA10FA62
:100A900007FE0202090DFFF20A1505E9E6E50A0361
:100AA000FDF4F805F50914031BF808F4FCFD04E156
:100AB0000005E411E813F010031216F900150719E8
:100AC0001AFC0F080502EB030E22F20BFA0A0809C2
:100AD000F80D0E0804F9100B0102020FFB01E9DF0B
:100AE000041F2BD6F80117F8FAFBFC0FFDF702F0F4
:100AF00006F1FC0AF8EA23EDF205F009D304FDFE45
:100B0000FCF7010AFFF116E1030503120E090EDBE3
:100B1000E4F4B715F6F6E802FE0DF802FDF5090259
:100B200014FB0000EC1108F5F7E0D2E9E3F9FB064D
:100B3000F00301EF03F5FAF407F60E0FF90A0A0BBA
:100B4000FFF612EC1CF7FBF3FE0404E301080507B3
:100B5000FC0402F2F3FAF80405DCF3180919E701C2
:100B6000FE0DFEF6030B06160E04FEFFE8F8F90B69
:100B7000EE19E60D0C280004F907FD0006E607054E
:100B800002FB0507E9FAD7F3EC37FCEFEDAC1A10DE
:100B9000FFFFFC0A08EE03F8FEEFFE10ECF8FD166E
:100BA000050FE0EDEBE0FFFAF5FDFDFD03FA06ECC5
:100BB0000104F11C09EF06E7F00FE30CEAE4F20888
:100BC000100804F904DD08F10C06FA1BF505F6FB24
:100BD000E7F70102120B05E8FD02FEF503240436D7
:100BE00008041803010CF4FA11DEEEF6011D0302ED
:100BF00003F403F2021A0B1D03FF10FAFAEA21F0C4
:100C00001EE3F0FDFFF314EE01FFFCF6F7E903F736
:100C1000090D02E401FC0114FE1205FEF8F5F2FBD9
:100C2000F10D030FFC15FD0F08000AF6EEFAEDDFDB
:100C300003F51AEFEDFC0DF5F700FE080808FAF6CB
:100C4000E9F7F8FAF707E7E803F9F5FAF0ED0BFB37
:100C5000FDEC09FA03F5FFEFE700F4FDF5FFF5C839
:100C600002DCED070A0E000000FFFCFCF8F21002A7
:100C7000FE0803F21009FB0E0216F9FD2010FFFD1D
:100C8000F5FEF7FC02F50111200E0AF705EBEB0764
:100C9000FAFE2EE207060F010004F801FCEB0B1A26
:100CA0000F08FFF90C0A10E907F0DEF9F0F8F2FC82
:100CB00004FB070E04EFF1FFFD01F6F207F826042E
:100CC00005FEDDDCFBD801FEFBFBFAF008F000E3DB
:100CD000F5FBF4DEF7FDE4FAF3F408F5F8F111049E
:100CE000FB0100F4F7EAF9F9ECF904EB0AF00C1F48
:100CF000FFFEE606DDDD09F504FDFE031015F2FE3C
:100D0000EE0900E30003081DF7F7D9FDF407EC0A2C
:100D1000FDF505FEFCF50216FEFA070115FF08FEBB
:100D2000E0F70F17FD05FA01FDF106F0F6EFFB06FF
:100D3000F1FBFAFDEA01FA09F807FF0B03160D02B1
:100D40000803F5F00417F6F6FDFBF6FCF206FF07C4
:100D500002E7EE13FF0FF2F6FEF1FA0108FF0BDADD
:100D6000EFFAF40D0D04060F01ED0AF6F2F9FEF9A3
:100D700003F50603FDFAFCEC0AFBFC0CFD031D1257
:100D80000211F930F709FC06EB0202F7F902F10053
:100D9000F806F90105080CE6F2F8F100090109FC72
:100DA000FCF303F1FC0DF4F8F105FD03180AFBED6B
:100DB000F9F308FAF6EAFC0602EF05F8000B000664
:100DC000F6FD01F9FBFEF20307ECFA0BEFFAF50270
:100DD00000F8FF010C12F712FA08070403F805F4F3
:100DE000D0EFFC18F1F6F402F901EFF1FC05F8FB85
:100DF0000C01010B080CF8F7F7091403DC100303CE
:100E0000FEF4F803F316F4F3EC05FEFD18FDF7F914
:100E10001FF83801EBFDE8F6FF04F4F9F4E000E90F
:100E2000100800F40708FCF804F13F2402F7F2FA76
:100E3000F502F6EEFEF505F7FBFA0403EDF702FA0C
:100E4000EAF91C0FFB0207FAF2FFFB0701F3F90AAC
:100E500006F5FE010502EF021BFA2707FD0EF5015C
:100E6000FAF6FEFFFB02013613F8070B0BFB001628
:100E70000B110804EB02F60603FB081F00FC00F24E
:100E800015F500FC14030512101609F10CE604F721
:100E90000103070503F308EF02F60AF30305FB0558
:100EA000E8EEE5FA14E8FEFDF8FD060800FEEA06A5
:100EB000F4FEFA0EF6F101EEF7B7250314D7030797
:100EC00000F804EA0203E2F8F7FEFE0AFF0213FE4E
:100ED000F8D0CE23081DF90406F50005030A0BF32C
:100EE000FB050A04110A20040D02FB1B0928080057
:100EF000FCFBFAFBFFF603FDF60805F2050BF426F2
:100F00001204FE11F90B01F502E600E4FFFEF30204
:100F1000E4100002EEF4F6DCF9CE0B1125F7FAFD31
:100F2000FFF7FE0A0424FB15E9F6F4F4FE0507FFBB
:100F3000EBE2F41A12F1070105FEF8FEFDF1F5F0FF
:100F40000300FC03050AF9FDFF040A0315F9130663
:100F5000F9FA0CF200F106F4F60DFEFE02F9FE00BD
:100F60000F0108F8F9FBFF01FCF001DC080103F5B3
:100F7000F8F7FD06F9FD0422F4D80B01FA11ED078C
:100F80000A1000FD0404FD01F80703F9FB0C13052A
:100F9000F1FA00161103FCF8FD00F4EEFB18F8F16D
:100FA0000D0706050701F5F4F6F90116DF0706033C
:100FB00005090B05010AFD0B09FFEF03FCF7F3F32D
:100FC000E8F21506FAFAFD030E0503F80816F00517
:100FD000F9FFFC02F2FD02FAFFE7E60C0B37EF0720
:100FE0000406F2F7FE0B0B2D1E03F407F9EDEFEBF1
:100FF000E70AED0B1B47F0EE0211FBFAFA050E10A3
:1010000010040D14F6FBC9FBDF1908FD10EE2AF7DA
:101010000B0AFAF6F8E4FAE002010211F4EFDBF948
:1010200007FF00FDE6BA02090101FD080904FEE51B
:101030000101F60306F202D6010DE2FF0BE5E60020
:10104000FE13F3F809F60CEF17FCFF03120D02FC78
:10105000D4FDF4FD08F1F6050107F415FD02F70BC8
:101060000D08070AFE02FAF2FAF3F9F7EC3E110551
:1010700003FAFE00FFF804FC06FA0BF10204191A49
:101080000EF3FDF406E9050DF60A05FA08EC060E66
:10109000FCFCF5E50BF3F714ED16EDFC0905FBFF81
:1010A00005FE07FB00FEF810F60B04E8F5020C0540
:1010B0000BD7FEF2EB00F003FC09030CFF18FC0851
:1010C000F8FDFDFFFF03E60000E5DEF32204040E59
:1010D0000AFBFBFDFBFE00E7E9FD00FF010412E651
:1010E00014E0F018F60BF6FB040700FCFE12FD04FA
:1010F00003EF12F7F1FFE1FEEFE40A03E404F5FF6A
:101100000AFB00EEFD07EFFAF3FD0401EDFF19E61F
:10111000EDEFFFFBE700F40904060416FA00F8F906
:10112000FAE9F7040E0510E2D4DFE10CE0EDEC0083
:10113000F6F3FC28F1FC06F8FCFFF9EF0CFCFFF0DD
:10114000E2FECC091AF60001050AFFFB09F107F6D9
:10115000EC04F8EAFE04140DFED6D209FAFDF509F6
:101160000EFA0014030CFC030A0F09F7020605F837
:10117000E6E3CE0F224108FD00F405F40604020761
:101180000409FAF90211FE1006E8100108F0160130
:10119000FCFF010E07FF09020CFD0AF1F51105081D
:1011A000FB080106ED0B11000800FF02F707F5E14F
:1011B00000F7F00E01FFF802FCF8DA05F8ECF0FA9F
:1011C000FDFA001DF4EBFAEE0613FDF80601F0053A
:1011D000041BEDFF00C806FE0D0DFEEFF01505FA2D
:1011E000EE00FBF61105FDFD1DE5F4EB2F080603EF
:1011F000F2000BFBFC0F0C0407FC07FCFCFB17F1D7
:10120000F7EF0C1AFD05F80A09FEF9FDFFF6F61ACC
:1012100026FF0BE9F5F2F5EBFD03F70C03EFE3F125
:1012200003FE0D12150E040712EE01FB010E15014F
:10123000F9182C01E607F7F80C03F402FE04F10795
:10124000F0000119FF0EFCEC0FDBEEEDFA0AF7FDE2
:1012500005FD09FC0500F705F7FFFC03000C12EF84
:10126000E8081B3EE80508FDF5F7F8FA091203F750
:10127000F40405FEFD05FCF3FAE7F1F8F5F4FE03CE
:1012800013EEF9FEFF0EFBE3F1040302130F24E952
:10129000F3EEEFFAE803050EFBF5FE10FFF3F6EAB6
:1012A000FA0605FA0E02F7F9EBFC0007FAEDFDFF6E
:1012B0000203FFF105FA05EE0508F80C0A000CF52B
:1012C000EE010325EAF005FAFF00030E01F4FEEB40
:1012D0001004F6FFFA070BE7011DE3F1EEFA040133
:1012E000EEFF030006F0062015FBF2EE0B06ED0103
:1012F0000B22F8F8224D0709F5F90500FC07FDF56A
:10130000F6FEF8F707FC19E8131801020C61FB1050
:1013100005FDFBFA0B31FA07FD05FB080C0915DB8F
:10132000F7FDEFF80A1A10FD00020915FAFDFDFCA1
:101330000CFCFCFD11042010011507FF0018090525
:10134000FE0105F9FCF605F9F20F0E00010909F698
:1013500007D5F2E5EDF5F6FAFCF90C06FF15FEE708
:10136000FFFDF50C12F10DFBDD03FB2204F500F986
:10137000F60205F501F403F3EC09E600FC05F1ECD7
:10138000D6F613F909FFFBFF08FBFE0AF704FEE897
:10139000E8FFF60BF6000FFEF9EE17F40CF316015A
:1013A00006EE04F4F502FBF6F4FC01FA0F011BE96A
:1013B00000F5BE0F17FB05080902FCF1F6EF000D62
:1013C0000BFF02DF16FF08061116F1FDFE0BF506F6
:1013D000F80802F802EBFA120F0103030500E4100B
:1013E0001A2909FB130507FAFB0000F4F704F9FBBF
:1013F00017F9FCFFF903FE10F0D3EBEFE3F3FCFE6B
:10140000FCFBF3F700F70FE40700F602F10401F02C
:10141000F208BC21E603E903F906FDFE0BF1F6E054
:101420001EFEF9FFF1F9FB03E5EBFA07FDFDEC0207
:10143000F4F204F0FDF0F5E70BFBFD19FDF4EAF71B
:10144000F5F6120D1819F1F3FEFA0013FCF301186A
:101450000D040C0AF5F2EAED11F652F0F4FBE7FA8E
:1014600003FC0607F7E9FC23FBF1FFF1FDFAFAFBA9
:10147000041919FD1003F9010CF700220801F80303
:101480000BF302FA0CFE1709111FE600F2E7F40154
:10149000F3FA0AF7F9F9F5E9FE0602ED030C1AF280
:1014A0000202C3F8FFE4FCF4FDF505F101FFF414BA
:1014B000FEFF0005EBF4FBFAF6C217F9FE0F00047D
:1014C00001F102FE070AF90BEA05F608ED01F70D36
:1014D000F2F8EC2204FEFA0207F900040400F50316
:1014E000F203FAF40C07F9FC09F9F611F1F2FEFB2C
:1014F00001F402EA04F90609F806F5E605FE0F15FF
:10150000FCEBFC0FFD01F7FCFFFD01D2FDF7F7F549
:10151000F3FEFF0705F3F2FCECE914010C09100BD4
:10152000F1FC0F070002F8F5F9F7F50F05F7FCFAE3
:10153000F2060C1015F912F3050301030212FCF276
:1015400000F7F00E0C03E4FDF90BFC13160F080175
:10155000FC0504EFF8F8F706FF0DEAF701F20211B7
:10156000FFFE061C110D08FEFEEEF7DD07010AF76F
:10157000FEFDF71BF4F6021B03EC0AFDF50AF90564
:101580000904FE100212FD14FD07020AFF080B2CCD
:101590000502F905FE0BF6FDFB09F7F001070A024B
:1015A0000BFE00FC1301EF05090B0E0B1604FDF9F1
:1015B000FC050700FC02FCF808FCF70CFBEF04F14B
:1015C000FC0C1907F403FF08FE020AF0041A0CEDE4
:1015D000FD06FAE906FD061502F8EDFCD51009FE38
:1015E00012F6050EFD0E020DFDFEFCFF07FBFDF8D9
:1015F000F803F61321F300F8F7FF04F2020AF902E8
:10160000F2FEE40E060AF9F4E40AF4070F0EF9FFFD
:10161000F603080601F600F402F5F5FB07FC0311DA
:10162000F4160901F5F3F501F1EF0601FB0403F5EA
:10163000F705FD0A090B00EF05E4DF18EDDDFC05F9
:10164000040AFEF9F802EDFCFB09F60C070508F4A4
:1016500001F306F9FF09FCFB0A0301F400F803EFAC
:101660000E0E09FB0208FE05F3F50A0D0711080529
:101670000EFD0219FCFDF9000405F808F00FF90C45
:101680000016EBFF0BFAFAFC12EE000901FB07FD56
:10169000FA05FFF91F12F2D9061EDFFAF5F5FA0C6A
:1016A000FAEB09F9F3FC03F4FFFBF4EFFEF303F7A5
:1016B0000AEFFAF8270FFE0302F2F2ED15FE010D14
:1016C000020206F7EFFBF311EBFA09FD2502FF0911
:1016D000170A0207FF1B091102FB01F0F3FDF503D6
:1016E000F5F3F7FF09F902F9FFF7071B0AECF20E11
:1016F000070CFFF60EFEF7FC0B0F0B0007020108AC
:1017000004FE0AF9F0EDFA090311040609FDFF07CA
:10171000011711E8120F04090A00FEF7F503FA0A8F
:10172000FEFDF10B0FED02FD050718FCF4080AFDA4
:10173000F50902F7FD080817F904F7FD0FF5F9FCA4
:1017400009F20B05F1F704FD020000F6FC0E000A99
:10175000F90900FFFFFA02F703FD0203130002FB81
:101760000206070100FC020912F801FCF7F7F8FB7A
:1017700000FF02F913FAFAF9020700F3F5FD03FF7F
:10178000F7FE0503F90801050707F9FCFDFD09FB54
:10179000FF02FF07030402FBFE00FDF90500060639
:1017A00006FFF300FC0101050AF3FDFB06FEF5FC54
:1017B0000705FB08080007FD03FDF80A11F7F9FC0F
:1017C000FB0BFD0A01FAFE0209FEFE01030407FA03
:1017D000FC01FC04FF1B00FCFF0901F80205000BE3
:1017E00008FF070505FFF7F90305FB02000AFBF8F0
:1017F0000300FE02F901FD0404F9FAFDF5FA06F012
:1018000011F2FE08FFFE0A0007FB03EBFDFB0602D8
:10181000FD07FFF8F9FCF9FCFBFAF906F4FD0303F8
:10182000020204030BFF0A0AF702FB0401FAF7F0B5
:10183000FB080BFA0CFDF4F4FCFDF7FF02F0F9FADB
:101840000205F9FFFBFBFDF50403FCFBF9FDFAFCC7
:10185000FD0607FE01F0FDFEF90CFE0C04FDFEFC8A
:10186000F701F9FC1D0DEFFB000104FAFF0006F57E
:10187000110006F610FDFAFCFA0C06030FFC01FD40
:10188000040401F909EC07FE0AFBF7FEFCFDEEFC7F
:1018900005F90CFD0403FCF5FE0302FFF703F2FE5D
:1018A000050004FBFF03FA030504F6F911FB070228
:1018B000FB0104F6FDFAFDFF0507FDF9FEFE080138
:1018C00008FFED002108F907FFFBFD01FC070612E8
:1018D000F2FBFC1A03FAE319FEFB290B1D0A06FAB8
:1018E0000005FC00090300FFFC020102EE04F9FD03
:1018F000F3FB03FAF7EB0E0608FD0112FDE906F112
:1019000006010DF0F7F6F5000E13E3F2F8D106022A
:10191000F8FC00FD04FEFEFCF7F8F7FC010E2003C6
:1019200033FBB7E2FD1EF801030307FB040500FCCF
:101930000AF3F61B04F7FCF6F605F5FE041FEC05AA
:10194000FF07F810FB11FF0209FAF716F7F1F2F0A2
:10195000EA0BD402040112F3011105FDFB21030F70
:1019600005F101ECFC0A07EE081ADC0C26FA0B065E
:10197000F8FDF8F5FC1EFF15F50904F1080EF9ED68
:1019800012F4F10301F701F501FF08EE030A06F670
:1019900006040A02F800FD1BFA0EFBF93007FA02F2
:1019A0000509F408021F05FA10F901080F06FEF8F0
:1019B000F507F40714020208FEF9FEFC090FFEF910
:1019C00007FEFFE9F512EFFCF81E15FFF800FF080F
:1019D000060206031000FBFCF2FEFBF9EFF9F2FC35
:1019E0000409E2DF0516060C04F10203040403E90E
:1019F000ED08F602120211F00FFADB010C02000BE7
:101A0000030D03FD03F80CFA08F508F208FBEEE5F8
:101A100001F2F2FA110118F5FE1707FDFB06FE2C84
:101A20000D0004F6FDF8F7F006FBE5E102FF0804FF
:101A3000FEF8FC00FE22FD14F60A0A0AF002F60D7A
:101A40000C00DFFAE41009F5FC05FFF1FF0EFEF1D2
:101A50000206FB0AFF042A0A00F7C2082000EF0F63
:101A6000ED1103E303F702E60602051EF80AD82685
:101A7000EF15EEFF141108F5F20B05FE0FEAF4075F
:101A8000F6FEFE08F7F1DB1DF811160AF3270AF03F
:101A9000F009F60100E00211FE05F9FDE1F0D30ABC
:101AA000F10D1AFEF2E50D07FE0BFCFC07FC080425
:101AB000040306EFF2031704FA24D709DABFECF6A1
:101AC000FB0FF4F503EA0EFF05FF0603FFF3FFED3E
:101AD000101814EEEDDEE4FEFBFCF31AFFCBFAEF78
:101AE0000DFF0C3AF4EB0F0B00F10BF8C1E8F40614
:101AF000FB07022A04D403D80DFA101C030B0116AD
:101B00000A0144FBFCEDF30D0105070200F8071480
:101B1000120708EE040ED6F502FB1B02F0F11D00C1
:101B2000FB0208EC07E2F80EEEFA0BFFEBEEFCF816
:101B30000B0B10F016DD1C0215F2010308EFFEFA84
:101B4000E00604FEFFFF1607FCE7F7FFEFFAFA02D4
:101B5000FCF20E03EBFF0DF4EBF40AD81923171572
:101B600007D8EC19FEDDECFFFD08110810DCF508C4
:101B70001300FE1EF9F5E111FEFE200F0802040419
:101B800006F6FCE009F204EEEF070616050A01125C
:101B900007F60600FD000304040405E5F50EF5D57F
:101BA00001F2040AFE01FB1BF8DFFC0EEE03FBF75B
:101BB00002F7ECFA02F306F9F0FC08032606F70632
:101BC00004EC14133243EAEFFC0704F4FA0000219A
:101BD000FC01FC0DF900D71B010541EDFD09FB02DD
:101BE000030EFB18FFE0FE07FCF20A09EAFBEF0810
:101BF0000D28E6EEE7EA0600FEFF090008D916F315
:101C000010020B0EF4F50007181FDCF001DD0007D1
:101C1000FCF5022A06F70FFB04FB0E11FF0F181C40
:101C20002A0CB5EB121CF7F600000DF0FDF6F906D4
:101C300007F9F91D00E80413F3E6D900052BFCFDB4
:101C4000FD02001AFA10FE0111070017F5F3DDE896
:101C5000F321F507020515F408F7FD06FF0307FE5B
:101C600001FCFCE402130F170A0316EFFFD802076A
:101C70000EEBFD04F81BFF1502FC04D0FD0418FB5D
:101C800019DDDE0FF5010D06FD0402F6F71B04EF6A
:101C9000E4070015FC070AE803E1CF0A36F9E5047A
:101CA000FD01FEFC040408EE12FDFE12320ADFE81C
:101CB00001FF160B15F406030106FFFC02310707AE
:101CC00006FFF9FAFFFFEEFFEE0026FD0F15E7080D
:101CD0000000050A0718FD090BF9FEF10C13FCF3CF
:101CE000D90006FEF6F70005F8070503071004FC07
:101CF000EF0BFDF21F0504EE0F0AE2F3F6F608FF04
:101D0000030805F2F8D50D080F0502060FFBE40BDA
:101D1000140520EE0B140DF2080700D9F20B04F3A2
:101D200000FB0A060EF6E91E24FD2BE3400F07F028
:101D3000F807EFF9FE21FC1209FFFB02FEF8ED0A9D
:101D4000F0F21FFF15F3FBF4FEF7FBE801D0F9E911
:101D50000BFF01F6F80FFADB02EC17F737FE070D61
:101D6000FCF5FEFDF1FAFE1519FEFAEBFD000CE1A3
:101D700008DB14FFF2E1000105F900F6F80FF0149A
:101D8000FEF204D50A08FCFD09F40C04F418F6FC74
:101D9000FE0405DE041B011CF30DF9E3FCF1FCD38A
:101DA000DFF1112EEDEE14F202FC0500FC00031F22
:101DB000F4060900EBF3FEDE06DB11F7082CF8044D
:101DC000FDFBFE2503140402DE0AF8F701F52706E1
:101DD000F2E5F8230119DE04F9FCFA0EFC06F0FF27
:101DE00006F5FF022EFEE3FB112A0702E4DB0501E4
:101DF00005F7F9E104D80FF4F9FDEA06F4F6CA0E86
:101E0000EA0B03FBF0FC0DF900FDFCED08D5FF0229
:101E1000F9FAFEFBFCFDF624140133FAECE0FA06B5
:101E20000003FE1401F6F6160BFDFDF7E5F510169E
:101E3000FB0500F505F903FAF608071DF6C0FAF6EA
:101E400008F70B12FF0911E607161103F6E8F6165C
:101E500000F40CFA07E4FEFB06F80B0F0005F92965
:101E60001109DC144FFE05FCF90200F6FDD6040151
:101E700012F4FE12FDEFF234ED1129F925090AFEE4
:101E80000AFE00E60D160413FD01040CFAF4FA2C08
:101E9000F5F421F5060318F3F9EB08F8EC12FE1639
:101EA000F10C10FE07F7091F13011926ED030EEBC5
:101EB00004FEF4F3FE19FD03E702FEE6FCFA00FF60
:101EC0001EEFEDF203FBF9FF100A08EAFAF2080927
:101ED000F307FD0303F8EDDFFFFDFAFE430FEE0805
:101EE0000504F719FFECF61E06FDF8F8EDFB00CF30
:101EF000FBD514EEEFFFF90B0D01F9F7F312FA23FE
:101F00000EF7FAEFFBF9F8F4FF041006F4D7FDF32F
:101F1000FE06FBE4FDFDFB05F201F70DFAE60EDD22
:101F2000E301192AE8BC02FCFE12062406E6F4F8D6
:101F30000810081FF3E8DFD4E9070AFAE6D0E00842
:101F4000010D043AFAFD0B0EEC11010CFAFF13F32C
:101F5000F1E5F9F7FB1DE21101130B1BFE0F000D5C
:101F600003F4FEFB1D12CDFD0A04E3E50902F40FA4
:101F7000F001FBDF04F4F814010FEE03F5F4E0E6E2
:101F8000FEEB221811FB0404F9FE04E203DCF82541
:101F900010080BDBF202EC30090444E5DCD2FEF75A
:101FA0001104F309FEF5071C0F0400F2EAF4FAF23B
:101FB000F60D23F7EAE40C0E0906F31405D7FDF736
:101FC00004E701F5F10E0D00F70D0BF7E6E4E70766
:101FD000F9FE08F50AC2F3F5FA00FEFC091313280E
:101FE000EB1BF8174901FF09F108FCD90DC8F709E7
:101FF0002206ED1E1BEFF33D053210EE320A1AFCED
:102000000A0AF7E61101FC02F7FD0DFDF5FF013BA1
:10201000EDE81604070D1603050300F2EFF9F91CAD
:10202000E90015EFF601200E2A101520D30F020645
:102030000802FAED01F9FD21F70104F609FA25FA83
:1020400027030C03EAEF020600F7FEEE060AFFF88C
:102050000602FD03FE0A11F5FBF6EF050F0303FD73
:102060000BFEEB02FBF902FFF9F7FF100205FEE49D
:10207000DF01ED09D6F50D00F1020407FBFA02E4D9
:10208000DDFFFBFFFA0A0D0611D0FA02F4B6FB06DB
:1020900000040C0400F80EFE0A02FF0B01FA11DF27
:1020A00011DCE5F20AD7FB02110DF3FB00F4010984
:1020B000080202F605F704080520E8FEF5F7090214
:1020C0000908001C0503F31F13FC00EEEC00F30FDE
:1020D000F40E0AFCF7F009060504FCFA080C0CFCE7
:1020E000F6F0FCE1FB030404FCD3FFEFE30BEF0489
:1020F00009F5F6F2FB0BFCF3FFF7F0E90F0015FC16
:10210000EEEE002F010CF80200FC05F2FA00FF01D0
:10211000F800FD03F2FA0819F9F32508F10818FF91
:1021200006FFFEFAFB1BFFF8FA02020FF002181579
:1021300005DC01081C00F3FCFBF703FCFA29FC0A90
:10214000DE09FD000A21ECF016DBFB0317E8F8F5C9
:10215000FE1506F00303FB05EF17F3EE0AFA010282
:10216000DFE2141B081301FFF90303EAFE28FF0F47
:10217000FD01F90A07FC06F10AEEF60D06FC03065E
:1021800005FDFF07F507F5F8EDF9F8F2100220F666
:10219000E715DE0C1601F5F80001091E03EA06F743
:1021A0000504F0F0180609F8F853EE0A3D2A100D60
:1021B0000611FFF7FEF705130906EBFE0807E424F6
:1021C0003F1FFDC4EDD2FCFD0503F8FE08FAF6F34F
:1021D000FBFF050001F51B03EED507FDC6E71F0851
:1021E0000CEE020001070DF8D918FCED0205F611FE
:1021F0000CE6F406F5ED0407FBFEFC20F0FB100AEC
:10220000EBFBFE13080A210A05EEF3EFD6BEE0F65B
:10221000FEFAFC0DF800F7EA020406F4041E07ECCF
:1022200000D6F5E8F740000A2109FDFCFE27FB086F
:10223000F50E00FE0700F92AF5E5011506FA1AF376
:1022400003F3F8EA0AFE00F7FA04F6F9FB01E51BCE
:102250001DFB02FDF2D125FB02F308FAF7E206E9C5
:10226000E50B07FAFDFC21FC0BE8DFFAD1C1F10810
:1022700012F80809F91A03FBFBFFF9F22F11FDF917
:1022800021E1DDF0F700ECFBFE0A05FF10100DF771
:1022900010F00510E1FDFD1DEE07FC02000A0F0421
:1022A000FE0CF8FCF5E4190C19F3F01CFCF9DAEC5F
:1022B0000B3216FFDE060E0702F801FCFF15FB07C6
:1022C000EE050A05ECEF1E23FF17E9F9011AE7FEF8
:1022D000FBFE0316F207F9FD0601EEFC0BEF0DD035
:1022E000FE1B19F8DFF1E308F70E051C001BF8FCD4
:1022F000F60D170704F108DD0AF00AF1D808FBFF14
:10230000000402EDFF0CF3E6DBFC11F4F30EFFF822
:1023100011E41209FE0003F700F5F50B030D0FFEA3
:102320000302000106FB09E7FD09D902EDF7ECFC09
:10233000050AFD3B0BE00DF5010E10050BFC0FF33C
:10234000FA2CFD10DEDAF70405F40609F710FEFE9C
:10235000E703FAF7EBEC0E01EFD7CB1CE7D9F2F568
:10236000000AF9EC04F80DF6E90CF8F608040FF38E
:10237000F4D7C0131B19FAF90BFC04F7F6FD0EF99C
:10238000FC170BEF060B13111202FE110FDD1F14C9
:1023900002090EF2080302F50FFF11F6FB13F7F620
:1023A000FC11EEECFAF5FC09FE0C010F070807E141
:1023B0000C02F90D05F6EE07031FCA09DAE0FA0D63
:1023C000FE0D150C01F0FFE5130B010BFB00F604ED
:1023D000F01CE10AFFDB0FF7080002EDF42A1008F9
:1023E000F306FCFB080605F725EBEBEF121CF8F0F3
:1023F000F907FBD9FD1B0826FF0B0DF3F4F31AE8D0
:1024000026DD06FCFA0B0AF20503FB040B0E13FD96
:102410000C0907F8EBF10C15FD130809D50EE3FEC6
:10242000FF050822F313FE141B0400E2F106E6F296
:10243000F20DFEFBF9F1E9FC020B0A20060E08F48E
:10244000DEEF0A02F90EE8E80BFAFDE800EEF6FA14
:102450000505FEECFBFC06F0070003FCF5F701D7D1
:10246000FBFDFA19CC05F802F60E0400F31C07F286
:10247000F6030FF8FD0D16D7F004CD0707E0FB01BA
:1024800004F8F907FEE008E4FEFD00F50D0A26D089
:10249000C9EBDC06F4FEF300F511FD3105CB0307B3
:1024A000F2F710F701220FE6F9F6E6F7DAEB02038E
:1024B0000900FEEEFEF201E60EF6040A090105F738
:1024C00006E5F6FD08E5F9F7FFF305EFFF25FA133A
:1024D000F30701E90BFB00EFF4E9E1062011EA1034
:1024E000F705FEE5F7190B1BF906F8E80EFE03FEEB
:1024F000F5FCFC13282706FDFE07FED8F515FF287E
:10250000000BF6FB00F9ECF1C3061713032213FBD3
:10251000010605F608F7FF19FDFF0101EDF8D501E9
:10252000E2095507F9ECF2FDFD0402FB06FE06E6A2
:1025300002FEFF0CFEFAFCDFF611D7FE073000F7B3
:10254000FB0503EDFCF50202FA0303050311F9F0A4
:10255000F8FFF9F708130003FBFEF5E0FEE90210AF
:102560000C0BF32B0100DC03F8FA050A0608160829
:10257000F6F708FB02DA03ED0B07F826FEF3E82076
:102580000BFC38F900F6F6030A06F916FFF707F711
:102590001FFEFAEFF6F809F8FC23EDF7E516EC0D4F
:1025A000F90804F80602F40B000E00F8EEFB06F042
:1025B000FE08EAEAEE0DEE07FBFEFFFD06120A0A30
:1025C0001AFCFE0DFBFFE6030E04FDF908FA040CED
:1025D000FDFDFB0BF8E0FAE2F2F8F9FA0502030D53
:1025E0000CFBF1F6F908FD080EF5060D050BFDF1E3
:1025F00021010D0B00FDFAFCF40CF100F1F3FDF5E7
:10260000070303050913FB09F4FD0FF50305E7F3C1
:10261000F5FDF2E208F3EF05EDFFF511F0EF01052E
:1026200004030007EA0000FA11F4F201F2FAFD05D2
:10263000FFFBF60FFBF1F40AF102F6FCFFF91C0BAD
:102640000C03D4FCEB0B010AF613FD01F5F001E8D5
:10265000090002FA0E00FEFF0F0EFEF7FB0EF7F860
:102660000104FEEFFCE8060A0C030801F2ECD614A4
:10267000011D1C093B410103F40E04F8FCF5F71899
:102680001BFE0B09F4FBEAFFFA260BFC07141D00E6
:102690000712F3F010F3F6EE06070106F2FBF7055A
:1026A0001110F5F3010FFBFA00F906FFFAF4F71821
:1026B0000EF9040A040D16F0030125F0EAF006FBFA
:1026C000FDF9F5ECF9E304FF100A061204FF160108
:1026D000D5F80EFEF91BEC0502F80918FA0BFF00FD
:1026E000060F041800FB03EDDD0D041EF02EEE11A5
:1026F00001FEFEF60AE607E604FA000109FFFC1AED
:1027000002FCF3F3F504F6FF01FEF3F5FC04F0061A
:102710000DF70206FBF9F9FEF709170D020408FE92
:10272000FDFAFDFB02F1EC13ECF70FFCFBFA0F08CE
:1027300014EEF705FCE5FA030F02FA0000020304A9
:10274000F9FDFDFE09010702F6ED02F802FDF301B5
:1027500001FBFBFA0A0406F100EEFF030BF406048A
:1027600019E7F30ADEF6F8FE05FD05D402FEF2F3E2
:10277000F3F6010AE5FBF505E9C806F8BCF4FBFC35
:10278000F6F002EB01FFF6D6FEF4FB11000210E6B4
:10279000D6CCE10FECF2DE0DF4EF0A02000003E00C
:1027A0000AFAF6FDF7FC09ECB9E4E408EAF8EEFEF3
:1027B000040400F702FBE9E603FCFA040FF8FBED62
:1027C000C9F0F91F132A05FC000B060D05F609FDDB
:1027D00019FD000802FD0401041CFFFC01F403FACA
:1027E0000803F20307FEFA0C07FDFF040D06082795
:1027F00000250D021B020200F0FF0C06F8FE01FA94
:10280000FDF202F80809100C131803F8142B040544
:1028100004FF0BF90B0606ECEB0706F6110D06108C
:10282000F8F8FAF904EA0E0AF8F5F611FFF1FF0BD1
:102830000DFCFFF9F7F827F8FE0807FA0044EF1738
:1028400005F40DFD050703071D01FC03FC080CFD45
:1028500005F0FB06F32CFCFFFB010B17FDF90EF353
:102860000FF6020C04FA11FEEB1AED2CFE0EF8FF27
:10287000F4020DFFF5F70502FE01F91F0501DFFA6D
:10288000DC065219FF0A02F904FA0503F80EFAF100
:10289000F901040B070A0DFAFDEE0800DAF7040649
:1028A000FF00FCFB0AEA04F7F4EFF7EFF7FA13F77F
:1028B00004F7CE17F80301FEFCFF00FDFD00FEF655
:1028C000FFF10AE91402F90B07FDE719FC00EFF923
:1028D000FD04FA04F8F001FE12FF06FA10FBF00501
:1028E000081CF0EF02FBFFFDFF07FAF508F9120ED6
:1028F0000E0BFF06FBEE0218F3E8F90DE00008FAF4
:10290000FB0EFFF0FE0604EC06FEF009F50BF9E9FC
:10291000F8E9D614F6FCE90508FE080402F1F8E02F
:102920001106F904EFFE04F4E3ECF20CFDFDE2F312
:10293000FEFB03EDF8E9FFEA17F3F91106F1F8FFE2
:10294000DAF502FFE6EE0BF907FBF909F7FCFEE802
:102950000207FC0C05091FEAFE0EC200DC06EE00B1
:10296000020511E001ED08FD12FCEBFC0C04E4F3A0
:102970001D07F3FDE93602F8060AF9F514F3FE0C1B
:1029800003F107FEFCF4E2D8E5E7351D0319E60084
:1029900006FBF7F0030307F2F80C06F604EDE5CAB0
:1029A000EDD845FD07E810081005FE09F903010BF5
:1029B00000FCF2E3FC110BF90A170BFDEEE1F5F256
:1029C000F10202FB06C406FE1DF003F70802E8F35D
:1029D000190B23ED0BFA06F7180403FE05C9F5E3FE
:1029E0002B03F321010504150410FBE2EABF0209E1
:1029F000F3030A0EF7D112F3EBFEFC0AF605E60725
:102A0000F326EDFE0FFC07F404FE01FE06FD0604AE
:102A1000060B0AFAEDFAFC03EEDB4DFFFD08010B95
:102A20000D0204E9F0DD0012ECF605F0EBF1EF2108
:102A3000FC18F702FFEF1A00FE0405F1F6D209E8D0
:102A4000021D16020AF71E1EFEFEEE0FFE01FE0814
:102A5000FA14050D10F8F8EE2EFB0AEE1807002206
:102A6000F3060FEBF2ECFAF8EE0413E500E5F309D8
:102A7000F7F4062BFAF9EB00F8FC0E050918FE072F
:102A80000A0EFBE103DCFF02FEF9FBF4F0F6F5FDB4
:102A900019FAF00E150402E703FE0FE6F41E02FB1E
:102AA000FD0D0905F204FF150806F20D130E0102D3
:102AB000FF0A07E70CFBFDFAFBFE09F603FD151AFA
:102AC000F2EBE7D3240EFAFB09FC08070208FCFA34
:102AD00000EF0A0507FC1E09F107D304F1140008F2
:102AE00003FD0205FF0F05D90E01F417F9FB051BC5
:102AF0000108D202EE34ED05FA0D020708FBFF01D2
:102B00000F10FB0901FCE81A020102F1F053EEFA82
:102B100011FAFF150FF8FD0E1000051FFC02ECD393
:102B2000F11317EA19E40406F602F9F5F51005FCAD
:102B3000FA14FFE808FA1FF7F404EEFFF5E00C03BF
:102B400000F9F70304050502FB02FEF5F7F902039D
:102B50000AF1E201EBC510F8F704FE1D0ADD07F3E8
:102B600019050013EEFA21EFDFFD00FEEECEF60AA6
:102B70000A09051EFFFDF6F8ECF70C080F260D06F6
:102B8000FF03F7FC0B02FAFDFCFB01E40613FE0653
:102B9000ED02F8F70810030E00F0F60008FA1B0B20
:102BA0000D0E05F3FCE609F5E8F8FDEDF3FFE9F39A
:102BB00001EDF3FD01E90700FAF408ED070C0BF94C
:102BC000D9150DE10B1202EF02DDF906DBF9F00673
:102BD000FD10F60A081FFEFF0A010DE7070A0BF3B6
:102BE000E9E6F2FD18FDFA0BFF0C0307FB0008FEF7
:102BF000F101FAFC150EF8FA0209E10118FE1008BD
:102C000007FB01E7FB0AFC12FFFAECF10C01EC01F7
:102C100039F506FEF90106F7FEF811E5F509FCF5B0
:102C2000040609ED0103EA2322FA14061B0405FB3E
:102C3000FE01FEE2ED170702FB0507F30406E202C0
:102C4000FCF1060B10FCFB0908F6FFEBF9FFF70699
:102C5000F20FF0E2090A2B02F8D7D50D14F8030899
:102C60000D060F200510FBF0FCFD01F6FF0313F924
:102C7000FFFBE1FF03FB0F0804FE000D0913FEEB51
:102C8000E3EE03010211011810E4F9F8F0BBFAF6C3
:102C900000000DF7FEF909EC0EF108EEFB06FB094A
:102CA00006E9F4F5FAE70BFDFDFFF406F4F6F8F497
:102CB00018FBE9FC08FC07ECFCF9E115DFC9FAF5A3
:102CC00007FFFE0D061BEF02030DEAF4030DF300F0
:102CD000F3E808F90AE90208F7F8F02100F305EF34
:102CE000F40AF7F0160412F204D4E4F9F5FEF6FD46
:102CF000F5EF09F8FCF501EAEFF703E00EFF17FD29
:102D000020E7E701F7FCFEF6080C080FEDFFFD0ACF
:102D1000FEFEF5F2F4F509E5FC10F812F1EC0613ED
:102D2000FB0A0BF707E7F105DB01FE0C1506DEF7E2
:102D30001A0A3DE80F020506F6EE0413FEFDFAFC42
:102D4000D3F8E7F2F6F910DF0FD1ECEB05F8EB075B
:102D5000F8F700EA07FCF5FBF6FD02EB121119E7A4
:102D600016EC0243E0E7EB09FEFF02F905F6FD046D
:102D7000F70402EEF3FAFBF4F8F72C00E7E40005A1
:102D8000FAECF71205F5F5EAF30304040A0216FE5D
:102D9000ECEE160BFD02FB0606EB0820FEDF06CF6D
:102DA000FB02FB0A150E0DFCDB00D404D7FCEBF88C
:102DB000F60AFF1303E503EE0FFFF9EA100304FF21
:102DC000F0FFF909D8C00D0807FEFF1100FBF6F36C
:102DD00010FFFFF4030533D6F401B1F5FE0DF6F84C
:102DE00004F312E50AFA05EF2B0406FD0703E9D503
:102DF000FBFB07F2F036EFEA010B04E30A01030CD8
:102E000005FAF5F2FCF9D1CDD2FE2C0BF92EFEEB32
:102E1000FA0100E903F105FE010301F9FAF8D1B75F
:102E2000E8D2450E0EE00BF9F9FFFE0D040EFE0789
:102E30000D02F7EF04060BF2F9FDFB02EE12F5F6B8
:102E4000FF09F5F004E00A20F7EC11F40305EDFEAC
:102E50001D0114F70D26FDFFF10508FAFCD3F7F864
:102E600030F50301FBF90313FA0C09F4F6CB10015A
:102E7000110EFEF2FDD3FDE9F307E5050B05E70DA5
:102E80000015EE0CFB020504F9F8FC020EE802FE48
:102E9000FD0BFEF304F8EE08FAE531FBF10808013A
:102EA000FFFF05F402DF0A03FE010AF4E5EC00115E
:102EB000F91201FB21020C0D02070CE5FBCAFBED28
:102EC000FBFAFB00FFFD180B091DF020F1FBFD09CB
:102ED000F1EE01120CEAFDED1B010BEC0C05FD2DD2
:102EE000EB17F7FBFBEDF0F508FE05FBFADFFFF251
:102EF000FCFD090CEDEBDBEF00F11EFC2011EFE710
:102F00000B0B01E400D4EB1BF305FD0AE8060C09EA
:102F1000010D06F70EF80B09F9EE05EEFA200F0A7F
:102F2000110D0206FDF2F217050C1500EE090A0854
:102F30000CFAF40AF40D02FE02FB060301FB191C55
:102F4000040518DC14E60200FDFDFF21F9F0FFF98D
:102F5000F5FEFF04EEFFFADF0DF716E8F4F7FCFAD2
:102F6000FDFAF802FFEBFF24FAFD02E5FDFFFAEDA2
:102F700015F6EFF917B1FC0A000D01FDFEF60A0E79
:102F8000FEFD01FC050206FAF8F70406F6CE1CF376
:102F900007FF02EE06F4FBFBFD090C0207F2EC034F
:102FA000FEFF0CF2032502F6FD00030F02DBF30324
:102FB000F20AF2F7F4F30009F2CE1FEE24E8F3026E
:102FC00005FD0B07FD000507F5FD01011005FA16CB
:102FD0000A00F214182808FE010EF9EEF81B081179
:102FE000FF03EC0D01FBD9F10C1A01090B2109FBC0
:102FF000FF0509DBFDF2000C08FDFB1CEEF3E014FD
:10300000EE060FDFFD0CFD0FFA03F6FB01EF0BFFE1
:10301000F5020401F2080D210CEDFB05041DF10081
:10302000FD110700011A02080FF20513FD08EC0755
:10303000F805F3FAF710F6F9FB0C050704EB00F3BB
:1030400021000420F1EEEBE4F82C1803FB060C043D
:10305000F90E00F805F107EB11FDFB1DE7F20C0C72
:103060000A0CF7F4F60AFE00FD0108150A03FDF844
:1030700002FAF507F4FEF7140A0406FD25F8F8FE37
:10308000FE0FFA14FA0CF91406F304E7FEF5D71450
:103090000D1915FB0FF909F6F90106F30A010323CF
:1030A0000C020CFFF7F3040923FE14FE0BF904F9DC
:1030B0000101FDFB0122FB0AFE07FF01F3021B10C9
:1030C00012FBE40614EE0600FB0505F5F316FBED16
:1030D000FAFF080908FD1407F3FDF81D0D0F060798
:1030E000FDF5FB07052701FD06030205FE0A181082
:1030F000E30EE10DE8D5FD060404FF00FFF311FF28
:10310000FF000014070BEEFE0F0DF3080717FB0579
:1031100002FCFB1A000106F8FF01F8F90800030F92
:103120001616E711FC060400FEFD0404010D0AEE6C
:10313000010105080BFAFD04F70CFBFE0902F1FF83
:1031400004FEF4F6FC0A07FE1003F80605FD04036E
:10315000F0F9E60108BC16FBFB1302E907F801F9D8
:10316000020204F7EF0002ECFAED01F5F7F71000A8
:1031700004FB04000E170112FE0903EEF80D1112F4
:10318000EAEEE6FF06080204060006EF042104EF5B
:10319000F90BFBF6F00923EEF5E7C0152A1CE20057
:1031A000010407FBFE01020AFB0706FC0719F3FFF7
:1031B00006E7020CF710F9FE0A0E02FA070F0BFBE6
:1031C000020903FCF2FB00050907230FFFFFFAFFCA
:1031D0000108FC070306FDFE0A00FC07060C0EF0C2
:1031E000FC040C11FBEF04F9F304FC09021CEED6FD
:1031F000DA0CFCF5180D1FD507F2B80D21E7010513
:10320000080A04FAFCF30108FAFDF6EE29FFF4E3DC
:1032100006E6F6F0060611FE060502DBFFE70D17CF
:103220000610FB09F504F90F20EFFDE004031A0472
:103230000612010B06F90300050600F9F803F81B56
:10324000F8F91817EEEB0CF10809FE0A0D1502F952
:10325000080712E8F514FEF804FC2A0509F310F13A
:10326000F6EE10F0FB1CE5DD0606FCD30E021B0C8F
:103270001D1B1E1A15BBFF0E04E30FF2FAFEFCE243
:10328000E0FAF3DF1B0F26030809FC1EE7FAF81328
:1032900004FA1319F70C01E9EFF9F8E41A16FD3CEA
:1032A000ECE3FF0E15F409F8F9F0FFECF816090E3F
:1032B000F405FEE3151331080EF3E715221F0BFE8C
:1032C000F7FB04D90423FF06EDFEFEEFFFF31229FE
:1032D00016FD0A15091B05ED08F503F9FED907DEF1
:1032E000F605FEFC02FD280CFFF8FD0EF8070E099E
:1032F00009FB020AF7040CE606FE0114FB1E03108C
:10330000021EE509E3FBED01F6FD0207FE1DF4E6F2
:10331000EDFBFAFF031711BDF5E2E9040812F90706
:10332000020701F708EF04040302F12604EA15DEA0
:10333000EEEFF52939F605050B0DF1F2FD0503FF5A
:1033400014FCF817FBEAFF0FF62FF90C1517000A0B
:103350000A10FC030923F21E020F00FAF202030C0A
:103360000D0FFFD0D4EE0802FB01FC0FFFFDECE3D4
:103370000102F9F7F70418DEFA08E509C9F0F8FECA
:10338000070AFBF70814FF0803F9FAF5FE18FDEE2B
:10339000FDE8FF06F30AEEF504100BEC020F0CFE3D
:1033A000010808140002E207F3F80FEC000E04F81D
:1033B000FF11F9E7FAFCF91306090F12E6F4F1F42C
:1033C000E10946101906F9FBFFF80411F619FB0094
:1033D000F0FC0E0D0304E90FFCE8190807F3FFFCED
:1033E000030BF902F6FE00FAFE01FBFF04F5F1F60D
:1033F00008EAE6F9F8CAFE05F207030AFCF8061A1D
:1034000018EF0EFDFCF804F3011AEF02F0FF01E9DA
:10341000FBFD1105FEF10209FCFE0301FA09080794
:103420000808F6F013D0F903F3FFFB0AF011FF06CA
:10343000F7FAFF05FF04FAF7FDF901121413FC0374
:1034400002FBFF13031404F7F0FDF6FEF5FAED029C
:10345000F801030D09FB06EFFE0700C5F41FFE0C83
:1034600013F2FBF8F9F4E2E7F612FCFC101603F68F
:10347000F6FEFCF31617FF12F617040AEEFB07F12F
:103480000B0206F8070EFEFA000005E5F104FEFB4C
:103490000105FC0606FC0F16FAF9F9001917D3FD11
:1034A000F60300220530FA051209FF13F8ECEDE8E7
:1034B000DD03DAFE280CF7F8FD0EFEF0F806F9ED54
:1034C00021F4FAFAF802E4F90217F60E09F41A08E0
:1034D000F60008F600E800E600F60016E9F1DC1850
:1034E000E814E3D606040901FDFB09FFFAF5F8F933
:1034F000DE00F905090115F20902F0FF26F4FDFDD1
:10350000091A020DF9E907FC310DFC0209F0E0E7A8
:10351000F2FCFEEE0BFB1EF8FC140DFEF3E1FD11B8
:103520001706FA08F4F0FF070E2EE6DB2AEE220A51
:10353000FA0CFFFBFB1D07100006FB09F90911152A
:103540004301B1CB0AECFA0C0B04FFF3FBFD0402C0
:10355000FEF506F916FBEC180AF23CF0E4F704005D
:10356000FEF9F715FCED041314FA0A03F3F8E9F970
:10357000FDFF14F40FFA1003060CF80C09D40FF237
:1035800001F30105FFFA00E70B1BF7F809EB19003F
:10359000000BF805F8F600F9FA010606FD0015F82B
:1035A0001E0BB9EF1405FBFD020EFBED03FD05221A
:1035B00008F7FD1902E4E310EA0E43E81E290007AC
:1035C0000510FD0F01F308FEFCF7040BF3F30B05E8
:1035D000EA0CFBFF012B1AFCF50BFEDE0230FF2488
:1035E000FC0009040308ED070F02F307092AF6009F
:1035F000000FFDDF0A19EF17050004ECF6F8E4E60A
:1036000001F90112FC25FCFE06FF08DCFF1305FD95
:10361000FD0D011FF6F51918EAE0E0132C27F8025A
:10362000F9130516FC2CFD011406010AFA12E90033
:10363000F708040AFDFFF1ECF514040CFFFF06FD8A
:10364000F60200F8FE05D8F40224050BE6EFFF0BA6
:10365000010F07E5FDF000010300EC0AE507F0DBD0
:10366000110705D40F0A100A01FBF5E4F70406DF81
:10367000EF00F30C110517EE071901F40FFDFF061B
:10368000FD09040DF9EC06151206FB05FEECE9DF59
:10369000FBF012DF0CFDFEFEF00301F604EB0C154F
:1036A0000DF90AFAFEFDE5F802F7FCE903F708FE5A
:1036B00000FC00FBFAFDF9FF1B05FF03E50A0E0EF7
:1036C00000FCE6FDE3F9F70009FC03FBFD17F90236
:1036D000FCFA07E905FA10FADFF6D8101CFDF6032C
:1036E000FE0E05DF0E120019FA13FAFE04FBF40CAD
:1036F000F0E8F710FB3F08F6040EFFF3010DF80E9B
:103700000C14FB0E0CF3D7E9CE192204FE1EFFFCAD
:10371000FE0704FF03DCFD1002F907EEF7E2D50F08
:10372000F31E3F09E119F9F2040200000408FFF951
:10373000F103F8EDF7FC01DE0218E6F805F3EEFF01
:10374000FE0501EE03E90AF405100B040C08FAF17A
:1037500002F206F30713010403050002FFD8FB037E
:10376000200F0224FEF9E2FDF4090BE80DF70D0825
:10377000F906FC19FECFFCFE07F603240305F71239
:1037800008141EFD00E9000CFF08022400EAF30CF7
:10379000060500ED08080DDCFE29F7FCD206FC0A40
:1037A000FFF4F50701ECFCF9F405F5EEFFFAE8F794
:1037B00007FD0AE1F90CF80100F302F202FFFF0134
:1037C000F9130512F3ED1713F7F602FCFEFB07FEE3
:1037D0000CF90710020C02ECFDEC0E04EF0E1C13AA
:1037E00009E8F9FA04EDF4060E10020200ECFE08F6
:1037F000150111FFF3F803090BFD08050706FDFF8E
:10380000FD0004181200FFF3FCFF0D020804DF099D
:103810000C1806D4FFFF03FE09FD02EDF918FFF8AE
:103820000C04F2FE0506ED130EFE1E140DFB10EF48
:103830000BF905F8FA01060AF6FE0BEE00FC010D85
:1038400012F4FD1015F806FC030DFD030A13F60D26
:1038500011F7FFFDE4FF0100F6F01104E6FC08FD9E
:10386000FAF601F6041607F51106FD09FB001D0026
:10387000E108F8FAC7DFF7F4F4000808FCF2FFFCEF
:10388000F809090509FF0FF9FF0A0900E4CFDC0F69
:10389000FFFC131F06EB04F8FE1008F2081410D109
:1038A000EEEFF1FC2612FEFEE7F400F603FDFD0E3E
:1038B000F404FBFC00FC0205FCEA27111BD51BF9F4
:1038C000F8F00EF501F902FCF1FD01EC06EF0A0833
:1038D000FF070A04F3C212F808FA0CE60DD505EE4C
:1038E000FD000AE2F9092BEC06CAF4EC04B4FA056F
:1038F0000AFFF70AFE0108F7FAFB0DEE12FC1BFFA8
:10390000F8DDEE27FF21FBFCFEFBFEE1050600F7DC
:10391000FA0F0006FF01F6080AE8140C181009F067
:103920000601F8D1F31203FBFAFBFA18FCF5F5F7E0
:1039300009DE0AFA29E424F706F5FBDBFF0CFFEBAE
:10394000FF04F50813041FF7F9F2F906F10002F875
:1039500009ECFBFCFF1B0309F01902E90202FE0F50
:10396000F4F70422EFFBF50CF20A020FFC14F32526
:10397000000C0216FDF901FA11FAE40AF605E60652
:1039800001FD0AF20204F7FFED19F4070B04F91A1E
:1039900013FF06FA0D0F01FBFA07F8F9000BFBFA0B
:1039A000FB0DF4F306FC001D152F010C28150C036C
:1039B000010EFF05F4FCFE09040DEF03FBF9D61818
:1039C000F24012C1E1C11104F602000DF8F800DF67
:1039D000F3F9F5E901FF1EF111FACCFFC8AE0206BA
:1039E00007F600FDFE0BEED5D8FAF9D3290A2BF421
:1039F00005CBC30FF4B411FB01EE04D7072503E692
:103A0000DFFCF6DE1B3B3B12FDD5E117060BFD0488
:103A1000F804FDF1FB210AFCFF02F6EB1808000A8E
:103A2000EFDA0C0FFFE71A0806F503EAFF1008F3B8
:103A3000FB02F8DE0D13F9F914EAE209173CF8006D
:103A400008F705010600F0F4EE0B09DC1DFD190373
:103A50002FEEE5200302F3F608FFF4EEF924FB0055
:103A6000FE06F7F303FAFDFFF606EA05022A0E0A40
:103A70000410060400F704F902FBF9F9EBF9F00C65
:103A80000A1DEEF601FB10030C0302F906F503F81C
:103A9000FC0508F00DFA10DA18FAF904FAFAE6084B
:103AA000F202FC11041302F20FFCF8EF08F21DF30E
:103AB000EB0D0505F807EBFEF30C020500071000FF
:103AC000F704F1090CF8F6FCFD05FDF2DA010AFE37
:103AD000FBFA0CFFFC02FE08FBF9FB15F2FCFF03EE
:103AE0000E08F602F1FF0E010700FB03FB090402BA
:103AF00000FB03FFFC0102FDFD020B05DF00F9FAEC
:103B00000408FC0B0108FDF6F6F70A0503081FF28E
:103B1000E50F0DFA02F00502FEFFFC1E06F1FE089D
:103B200007FF0014110808F7F50D0F13EAEEFBFA72
:103B3000FCFC0517F903F9EFF60601FEF20111F797
:103B40000807FCEFFCE0F7FBF40503D9F33201139F
:103B5000F3090305FAE914F4ECF8DD202936EEF751
:103B60000B2807EDFBE820050500FA0BE4EAC9DDA8
:103B7000D6FBFCFD2E211800FE1DFCF105EE02F81F
:103B800006040509DAF3CED6F604EAFB01D01307E2
:103B9000FDF9FAEF04EB010D0FFD0511E000021F26
:103BA00024F8B8FEEBE4F111080803FEFFFF0CDF78
:103BB00024FFFC2F09EAF5DEFA2FE60F00F9DE09F3
:103BC0000A1DFF07FE1312012FF5FA21E30CE7E3AC
:103BD000BC29FEFCFF25050CF710FE1CFC4D032242
:103BE00002FB090AF410D3F124F3E2F10E0802F902
:103BF0000BF906EC00260123011309E9E4041BD0AC
:103C000034F1F709EC00080306010309FBF51A0C6F
:103C10001E0C03F0E9EFF923EC3EF1DAD30CE90ACC
:103C20000907090CFF18040C04101700F5080ACB4B
:103C3000EE0300E2FA10F9FDFDF70E2C0714FA0569
:103C4000040516F7F009CEDE1415EEFBCC01F903DE
:103C5000030C010F04E6F9D7FCFFE1F8010606DFCB
:103C6000EFFDCEF221100606FAF9F7E201F70CF3A8
:103C70000209FFE40AFB160B0EF604F71FFB130004
:103C8000F80BFCEA01E917EE19FA00FEF4F5F2ED83
:103C9000DC0504ED03F81600FB18F8F608D5072E2E
:103CA000FB0006F8FC09F5F602DEE2D805F4FCF5A7
:103CB0000E0906FB0E09081AEFF70BFAF2F418F0DA
:103CC00028E4D30AF910010505FC05F901FE0201FB
:103CD00003FCFAF8FDFFFBFD07F6FE0305FB01FB05
:103CE000FE0602FFFC05FA03020603FBF900F901D8
:103CF00001FEFF07040005FEFFF90002FCFF0107BB
:103D0000FD0302FBFDF903FF030501FEFB050302B2
:103D1000FA02FF03000103FFF7020405FDFC0200A5
:103D200000FD04FEFC02010101FC020604FAF8FD9C
:103D30000106FE000504F9FF0800FEFDFEF004FE8A
:103D4000050200FEFCFCFF00FAFB0001FFFBFAFF8E
:103D500002FBFB0CFFFAFC02FCFD05FDFAFFF7027B
:103D600004FDFF00FA02FA0000FC00FD02FA04FA6A
:103D7000FA01FEFE01010BFE0505020003FE04FF31
:103D8000FBFB01FF05FF05FA0201FFFB0303020233
:103D900000000105FDFC0904FFFDFF040FFAFEFF12
:103DA000F8FFFEF8FF0103F9F9FEF70201F9FBFF46
:103DB000FC02FB0701FE020000FFF6F9010000FA19
:103DC000FDFF00050408FD0000FD00FCF70004FBFA
:103DD000F8F6FF07FE0204FC0502FCFFFD01FF03ED
:103DE0000404FDFEFD01080103FE00FE0301FFF9CE
:103DF000FD01FE02FEFC0302FB0002F900FFF901D7
:103E0000FD000104FDFC040107FB0000FAF901FCC0
:103E100000FFFCFC02FB0301FBFD0B0400FFFEFDA9
:103E200004FCFDFE02FAFC060404F9FBEE02FF03AB
:103E300002FBFD0107FEFD000204FEFF0400040476
:103E4000FDFF0100191C0705FBFBF8F50410FD043C
:103E5000F7FEF60101FE002BFB09F31205F509FE42
:103E6000F604F9EEFC0AF4F2F8FEFB1AF202FF2E59
:103E70000CF8E5FAAF000EF4FEFDFD10FEF8FEECC6
:103E8000E803F801F00B2B141FF7EEF2F31AE20C23
:103E900007FCFA12FC160AF80CEFF20B09120FE7F6
:103EA00009F2F0EA000AFBFFFCF6F3F30D1DF2FE47
:103EB000FC04FCF4FE160A0EFADEC90F23E6FFFE30
:103EC000F5F5FCED000A05E9F4F600F5180007EB3E
:103ED000FCDC04F6FCD501F700F7F40AF6EBFEE78C
:103EE00004FEF7E9FEFB130BE7D3FAFFE3A4ED06AC
:103EF0000B00073701FBFFEFFFFD04E01A221FE86C
:103F000001F0D601FAE501FDFA060805011FFC11D2
:103F1000F6FCFEE92E0EFFE0F318C40EFA050A07C0
:103F2000F3FC000001F60219FF07F1F303EAEDDBF1
:103F30001D0810F11C0C20040DF009E80805060905
:103F4000ED0601E004020702F9EB04FA250FFAF38B
:103F5000FEF4FD1C07220A03000000E6000608F735
:103F600002EFE0F606ECF40C0502072B03F6F8105E
:103F700002FE00ED120706F4111227FB01180203DE
:103F8000F3F40300FCFBF8FCF7FAF40B07F9F7096C
:103F90001BF018FEEC0F0BFF09F00100F710F9E31E
:103FA0000202F50BF5FC070FE9EBD8FD1A0FFA0535
:103FB00005FA051D0322F9FAF2FCFAFE0003F702E6
:103FC000FB0FFC08F1D802F0000208E6FC04F6FC46
:103FD000F3F804F50BFC0701F1EC2F0AEDF00500F6
:103FE000F90502F60810040CE30A0AF30901FFE2DE
:103FF000E8F017FB02BCF0FBF5FBFD0EFBF4FEED59
:10400000F5FC06FB0CF8EBEFF0F802140DC2FF0212
:104010000500010405CDF6F3F70603E700FEFC1FDB
:10402000F0F9050012150304FAF8FBE803FDF609A0
:10403000FF08F4010504E51C060A17F615390B0CF8
:10404000000A06E9FDE900E5FEECF30A0DFFF522A2
:104050000C0CFE070F161104080605DB04F3080F0D
:10406000FC0DFEFFECF6F80D10FA060C182F0EF9F9
:10407000FB0303E001FB09EE09FF040F02F8FC2833
:104080001EFA06F9F01F04FF06080EF7FA27FEECE9
:10409000F6FDFF11FBFE0AE8ECDBCF10211EE70462
:1040A000041112F9F31B0A140911F9080303EFEFC5
:1040B00001FDE9031E18F2F50306FAEDF10501F51D
:1040C0000E12000CFAF2EDF2F4160F07130405FAC3
:1040D00006030006FAF6FE0013FFF920F2F205FBD4
:1040E000F50536F5EADF060801FDFC11040204EDD2
:1040F0000BF1FDFFFC0D02E0FF27E003FBEF05FDE8
:10410000000EF609F8EF0404F1F3FBF2FC08E8ED09
:10411000EE0711F8FB02F600FE0501FD03FCFC1B97
:1041200002FCFDED00FAF3F008151DFD1E0DFEFC6E
:10413000FC00F5EE04E504F9160507F6E500FB06BC
:10414000E4042605FFF8F607010002FC030D02F364
:10415000F109F5F8FC070DF0EFF2E405FE1004019B
:10416000FF01080AFAFD04E5FF1B03EFF21021E846
:104170000FE2D8FD050FFCFA05F502F8070F04FF62
:10418000090C07E502FC0AFE02E4ECFCF8ED0AFB70
:10419000FE0D0A0303F400F5030002FCF300000522
:1041A000F3F600F7E3F1FB08000B0908F105FAED5F
:1041B0000B05FCFE000BF7FBFA0FF7FEF6B100F45F
:1041C0000211FE0CFCF103F915F9F9EC08EFE8F91E
:1041D0001A3022FD0AD50002040AFE0DFAF2090D7A
:1041E000EBFBFFE2F4FBFAFC10ECF1F0FFF6F50E4E
:1041F000F503FF020A0F01EFFEEF06E609FB1AEDD9
:104200001DF5E9FDFFEFF402FC16FE11F7DE0323B6
:10421000120B04EAFEF3E4FA0130FCE9D2F7FFFAEC
:104220000A0505F000E800101E070003F7EFE1F1B2
:1042300012302FEAE0FD050A08FF081B0409F40507
:10424000EEF5120BECF70BFF03F5F8EB02F1F2FFC2
:1042500002ED03F905F70BFCFFFEFBF117FD0FE183
:10426000F9DF1D48ED030408FBFDFCF4FD0306F631
:10427000050509FCF0FDF30E05FC11000C03F7FD2C
:104280000E0800DE010700F1EFF8131405FA06200E
:10429000F3F1F707EF06070408FF00EF0BEE01E765
:1042A000F700020B01FD09E8ECFBF00CFBF809F943
:1042B000F9FEF61705E8FBF40100FEF40401FA002C
:1042C000EF05F61B202EFF0206EC03F911E9F5E4D9
:1042D000020707011401F3071926E3F106F1F6F4CA
:1042E000FAF011EFFE03F4F0FA0301F90E001441A5
:1042F000FE17F90523F808EEFAF4032100FE0FFA81
:10430000FAF9EB0603F3F2300A2C09FBFB2F061235
:1043100005FDF90D06ECFA080AF9F91B1E01F30E6A
:10432000052AEBE7071A0A0B0A0108EDF4F209FF68
:1043300004F0EF0B030A39131401E408F543ED0A06
:10434000FFEBF7EE040C01F614070201F2F1000195
:10435000FDE2FAFEF9FBEBFDF2F90535F0E408CADF
:1043600019F11014F9FF23DCDB0B1504E504FD083B
:1043700009F3133900F410EF07FD061FF71CFB0CBF
:10438000FA1536040107FB00F9F7FDE60E0C09F5F6
:10439000E4FE03FA0420EDF010E1F4F90CD8050C6A
:1043A000FF00FBDE02D40DF0F20200EE07F815D795
:1043B00016CDE30407DA12FA06FB08F7F70EFCE263
:1043C000F6EB14E20F1918E6E8E1000DF0F4EB0843
:1043D000F8FF00FDFD1DFD010BFE0DE60A170CEDBB
:1043E000F2D4DCE704F60210FF03FBF9FBF000E86F
:1043F000E806F5F31412FAFBFF04D1110FF2F40AE8
:104400000D03F6C916F9EC001903010A05F6EDECE7
:1044100034D7251AFEE801FB03F8F9E0FC0509EFA3
:10442000F2F6F3F7FCF7FA23E9CB3DEBD30401FFF7
:10443000F902F6D1F61FF1F0F1E60CFAFD02F6FEF4
:10444000E5E5162CECE8FA00000013FA0028FAE97A
:10445000F70FFBF4FBFB19FEDE08D909EFFEFB04A6
:10446000FF0A08F40B12FFF00F06F7010E03EBFF33
:10447000EEFEEA19081500F5FE0404F407FDFF1727
:10448000090FF204FAF8DDFEDC1326090129F70210
:10449000FD06060707F4111E060203010401E503E9
:1044A000F20B3DFAF5F105FE090106FEF7FE08F9EB
:1044B000FCF8FBF605090B010141DCFC01EF0406E9
:1044C000FB0AFFF7FDF617F4080A02EB0F04F8FAEF
:1044D0000C11F9F3F5E4FE03F608070909E410F9F5
:1044E00013030E0EF2F1FD15FBF902EEFDF51106B8
:1044F000010AF60D0AF601EC0809F729FF0B07057A
:10450000F71525EE07FF0705FBFE0912022704EA4F
:1045100002F5FFF1F90C2EF2FAF5E901F50FF700BB
:10452000FCFBF8F9FDFF08F3EB130FFDFC09EAFEB5
:104530000EFCF7FCEE1BF80204FD0DF40C0FF9085D
:104540000BF710FC0105FD090CFB021228F20E0905
:1045500002070001050703070DFE07FC0B1602FD0D
:10456000EFED0EECF5EAFE0307040115070602F570
:10457000FB0C06FE0C0D06DC0212D80A23FD020B12
:10458000F611FFF60BF5070708FDF8EF1A00E7E351
:1045900017F905E2FF0706EE040403ECF718140B05
:1045A000F9F70102F1FBF10D1BF82FEFFA030FF9F8
:1045B000F502F9EEFC0C0E13EA030EFCF70AF10605
:1045C00016F71011F211FA03FAFA04FC071208FDAB
:1045D000EB010F00FEFAF6EEFBF304F90925F3F602
:1045E0000C18FCFE04F801FE01FB0412E0E6FAEEF2
:1045F000F904E9FF2104FCFCF202FFE90909F71EB6
:10460000010105FDF3F2E1F8F522F301F6FB07FCE9
:10461000030E08E702F1F81CF405FDFCF6F5F801BD
:1046200016090306F4E2F303FE0906090B040AEA7D
:10463000F8040618EFEE02D30308F2FE1107E701B3
:10464000080B0706001D1004FCEE0013FCFDF7EE3E
:10465000E7EDE8F51BFFFAF6F30F00E3F71FFA0F9B
:104660000602050D09FCFBE8160406E4DF0B00F862
:1046700004FAFCEE04F7FC131507FBF7EEF10BF45C
:1046800003000CF6F8F2F4F200F9FF08FEE9FA0E66
:104690000A05FAEAF3F711E6E9161802F903E7F456
:1046A000070AFF1AFA12FE03090402EAF404F1DA17
:1046B000F023F9E5F3F4EC08FF0AF413FFE00FED43
:1046C00009FE0403F405FEF5F92D1315F9EA0911A5
:1046D00009EBF50AFEE0F6E205E6F206F7FDF70E55
:1046E000EF0CD8E5460CFBF20CF401CBF1F205F52A
:1046F0000800F8F71004FB39F4FA12F3461AFEFE2C
:1047000014F8FDE002EA09001B0A040203EFD71DBA
:10471000EBF329EE14F41EF9FC0300E402EA032390
:1047200007F61305EBFE05F70FF9F9FEEEE909129E
:1047300005EDF8140B05EB0BF4030EFDF90A23014C
:1047400011DDC6E30BE2FD0600FAF5E704E5040D12
:10475000FBFE0AEF05F9F4FE0BFB10001300F5FF5A
:1047600008FF0501F9D60416F8FC02FBECE3F4E2BD
:10477000011916FD1E3702FB07050204FCFB02EDC2
:1047800002EC0AFBF400FDF91911FAFBFAF311012E
:10479000F9FC08F6F910FD00FAF90BF3EB00170627
:1047A00022F9B80A03ED0405FC05F70202F3FE0541
:1047B0000A08061AFCF9F6F0F1EE0B010514EF06F3
:1047C0000DFF030FFC1AFF0BFDFF090FEE02100790
:1047D000CCF405FF0614F604020404060330FC0DB5
:1047E000F4F6F505141DD6F1F605FCF314100BF7DD
:1047F00001FF03FCFFFEFD0AFE0903E2F1FBFAF7ED
:1048000001F7F203FCF20CFA04FAFBE701F20C0EDA
:1048100002FD02070CF5050DF602FDF5ECF10404AE
:1048200002080216010DFEFFF9000A01F70604E076
:10483000F5FC1BFBE9F5FB00030A031CEE01000479
:1048400003FA07020204FDDE040A0E08DDF6030780
:1048500000FEFCF405F0FB0AF7F9F6080C03050965
:104860000305E4042D100A0900FB04E401EF05F43C
:1048700000F8F7F504FBF81D130608F5F4FC100723
:10488000030AF3E6F9FBFFF4FA01FAFBFAEDF9107B
:10489000EFF8ED00E6FB00FB07060301FEF7FF075C
:1048A00000FFFAF9010C01FA04EFF819ECF7EB013B
:1048B00006F509EDFB06FE01FEEA01F2F2FD0AD75C
:1048C00004E3DF25E211F60A02FFF408FF1D0814D5
:1048D000F6010311F104F503F9ECF302F6F605070E
:1048E000F30F07FEFCFCFF110409041CE60EF6079B
:1048F000F900F7F20915F906F405FDFAFF020C0EAE
:10490000FF0A1009F8FBF3F0ED0212ED07F8FB02C5
:10491000FC0D05E001FD041901020C0A07FD16F467
:10492000070C0909EDDAFC02FCF4031E04FA06D7B1
:104930000BFFFF15F401F9DBF70ED607EBFDF207CD
:10494000F30EF80CFDFB08F2EEFE130F061401E364
:10495000010CEB080502F80DF80AEFE4FF3306330B
:1049600003F7FEF7FE01DE0211EF0AF4E91BF7017F
:10497000070B05FFFB140A1E04F0051FEEFBFEEFFC
:10498000130337F710EA10EC0508FE0B00F00920BE
:104990001309F6E803F60726F63621EDF6F2F804D9
:1049A000FEFF01160400041414FFF9EFF1F0E4EE29
:1049B000F92F26E3EB0E0402030F001803F106099A
:1049C000FEF7FBFF03FEF2F806140200ECF3FEF61E
:1049D0000202FC03FCE504FDEDFB0214F300FCEB1A
:1049E000FD09FEF25A22ED02FA0301F0F90A17F668
:1049F0000504F80303FBF922F8F616F92E0D090356
:104A0000070900E6021B130501010CFBF2FAED1584
:104A100004E40006F4FF0DEEF1F803FDFDF60011CD
:104A2000FCFC110CEC070CF314D0EC0FEDF40605B4
:104A3000F9EE0E0EF70A01FCF80A0AF9F6FF19FF63
:104A4000F1F7CF18110FF6FE03F60700FBF9E1F5B9
:104A5000F90BFC130BFCFAFCFB0EF015FEED090D37
:104A6000FF04FE0A040D11FEFC0DF3FD00FF0A0C0D
:104A7000EBF2ECE6030014F9F616FEDEF2E50AF5B9
:104A8000ECF9FBF8FD0DFBFFEDF6EF07F40412ED7A
:104A9000F1050706FE0CFE190804FBF8F9FD0CEB06
:104AA000EFFD00FF000012060306010000ED10F705
:104AB00013F30A1A09F5010BF116EDECEF19E70AE9
:104AC0000308F0FBFFF01CF616070106F502F400E0
:104AD000F501DDFA00DB17F90E15F9F40C161E13BB
:104AE0001AFA07FD0009F00BFDFE13022C14FCFC62
:104AF00009FD04F7F324F81D03030B0400F5F6EC9D
:104B0000E1E3F7F20BFFF7EBFEEFFAF8F61013E72D
:104B1000FE0103FAEDF01E03FCEFE7FB050EFBFDC3
:104B200008FA09F50317110D100F0EF9F90A00F82C
:104B3000FDE9C9FEF717F1FBED0A040DFE05FF13B1
:104B400006F7FEF4F80800DE1306FBEB090000018F
:104B500003F6FDFA07040200FAF2F71CFCFBFCDB8B
:104B6000E6EDF9D1F529F5F6F7FE06F2EE11FBFDBB
:104B7000090AFBFA010C1CC70509D3F91CDC02F772
:104B8000EE08FEF2FED409EB00FD0DFD08F8E6D9B3
:104B9000E7F1F4F028E20908FC0DEFE702E8FF185E
:104BA0000106F9EF000610F519E7FDE5D8E9FEF278
:104BB0000906F9F9F9E6FD03FCF010F8FD00230001
:104BC000FCFAEF1DFBDEFD01F2F9010AF6DDFCFB4C
:104BD000F70508ED000102F503F314F0E7E3EFE851
:104BE00005EEFB06F9030312F7F1FC0413FAF00FCC
:104BF00004151001C20DE8F702E6051B1109F804BF
:104C0000EC0A060B1B16190E2C1218FF0BF8E40405
:104C1000F9FDF7030A0501E1FF0C0DFB0C0601EAA3
:104C200008F3EFFA141403FFEBF7FAEAF5F4F329AB
:104C300004F7F10B02EE111DF9EB3B04F11D250900
:104C40000EF1060103F4FA18CE0607000902FF1F51
:104C5000FFCAFCFFE9E9030E00F6000E01F5FAD2E7
:104C6000FAFE06100F0D220005C9FB17F4E2F80347
:104C700001FA13E5F7E9FFEBF10CFDF01C0D03233E
:104C8000E6F3ED1B00400710F1FD0BE40009F5F31E
:104C9000E1F2F422EFFBF711EBC5400F18081C02FC
:104CA00009FC0BF1FC0CF306E902F9270814001CBF
:104CB000F0CFDE3911E2F8F502FFFAECFA0DFC0351
:104CC000F20EEC0902090E17F7DDF111FB02FAFEF4
:104CD00007FCEEF7FBF3FEF4F222F9F201E80B0B0E
:104CE000F50C26FEE805F50203F9F7DBFD2CFDFFC8
:104CF000FFFCF213EAFF1FEE04E1F913DE08FF08E0
:104D00000EF7000CFE16F1ECDA0FFC0719201AF66C
:104D1000F5F3D128EB05E101000A000900E801E301
:104D20000701F6EA29F2EFFAFB3008171C29FBEB22
:104D3000F20308F6FDF5F7190B0BFB19FBFEE1007A
:104D40000E4842D51317F906FA0014FDF8200F0695
:104D5000FDFCFE05EE0A1405E9D7E115F909060D7B
:104D6000FB0207F9FF0404FEF30800030D0C001218
:104D7000FAE0D4FB08190905010C07000E08FBF046
:104D80000701F4F40A131B05E9DCFB06F2D9060659
:104D9000F70803F9FD0BFBF3F9EC00FCF70DF3F852
:104DA000F2EDEFFCFEFD150A090F00F7FFFFFAF127
:104DB00012080502080910F7F510DA11EEBA00EE34
:104DC0000A1003F5FCFAF5FEF80D05F40402F2E40E
:104DD0000437FB00F509140B06FDFA05F9FFFF0E79
:104DE000EDFB0ADFF3010BFE0CE5DEF308C907FF5C
:104DF00002FBFD0CFF06FA00F0F0FAEE120413CDF0
:104E000014D9EEFC07EFFBFB050EFC20FDF0F823A8
:104E1000000604EA0F03F6040A3804F7D5E90B028A
:104E20000701FAF308D60E040AF6F802FCE6E2DA05
:104E30002A2444F1FD0A0F02FDDE0200FA130613D4
:104E4000E709FBFBEBFB1815F9ECEDF5FE0BFAF8A7
:104E5000FCF702F900EC14FE00030BFA12FAF9DC7D
:104E6000100E2035E9EBEAFF0409030C0A0E022DAF
:104E70000C01FDF2EE03040F04F51400F5F909F836
:104E8000F305FBF3ECEDF5E5FCF5130DEF0007186A
:104E9000DB0506FDEE090C0B16F6031801F600E71C
:104EA000E900070E05FB18F4D9EAD2F21FFCEB0269
:104EB000FAFB0B1700E0FEF5F0FB010B1E0301F9F6
:104EC000EA0403F9EFB1FFF503EC05F307FBFCE49B
:104ED000F400FBF5030F0003FAE0F903DDEB10FC2F
:104EE000FCF30FEFFFF2F1CFE40B01D40C05290026
:104EF0000DD5EF17E0D6F913FA00FB030121000BE3
:104F0000E10001DF140B18F2F3DBEF1C0509EC07DD
:104F100003FBF9FF0A0EFDFCE50AFCE8130B01F1A7
:104F2000F1DC110F0CF5020800F209EE00FC03F5AC
:104F3000F1FAF7F50207210005E9DF151ADA07F0A3
:104F400005F606D5FDF9E7EFE809F2F217F11916B3
:104F500019E7070F08CAFE03FBFB03F70400F9F08B
:104F6000FA0EE5F605FEF01400FAD90F0CF711065B
:104F7000000702E50BE2FEF30CF3F3FC0EF9EE087A
:104F8000F916FBF1FEFCFB050209FB0A0701FB0019
:104F9000F9FEEDFB05011DDF0C10DE04F915F7121B
:104FA000FA06FF08000002111700030B08F510F3C2
:104FB000073015070114F40AF8F9FF18FCEBFA0D95
:104FC00016000608EFF1ED10031FF904FC0D06FBB7
:104FD0000A0BF7F001F6FE211AF40115FB0A070887
:104FE000212D0ACDFCE1F7F7FF0DFC0507F604F2D1
:104FF00002F804F8040514F6F5011102D7ED11FECC
:1050000001110409F3F7FC020A05FFF5F80702F4A1
:10501000E7100416EAF30707FA02011A040C03F674
:10502000F3080B0DD6F4FAFDF0F911F9EAFF02F8D6
:10503000F802FDF801FC1006FAF40B020713090050
:10504000F6FF260BDAE61202FBFAFE1C020AF9E56D
:10505000FF07FE000E0925EDF8F5C2FED708F8059A
:1050600006FEFDED06F106E8190504F9F905EA006A
:10507000F71B0511F624FAFAFF0FF8F507F0FB030A
:105080000C02FDFC04FFE8FBF815290B031CF8FDDE
:10509000F6FEF2070500FC06F602F1FCF3F1DBE197
:1050A000E00031F2E9DB130AFEF60914FA0904FC08
:1050B000FDFE04EC010B1EEF0613E2FCD3EEE7F459
:1050C000030001F7F8E111EC0BFA01F7FC0DF2F621
:1050D00008FF00F5EFEDE903F9FEFF180AC906F62F
:1050E0001BFF072E0AFA0016F80FFE0DD9D0FE128C
:1050F00002FFFD06FDCD03F305FA0129000E0908A4
:10510000041128EDFAF102000406F20403F010077E
:105110000D05F1E5FB0BF3000AF92A0405F607F982
:10512000F001FCF301DD0508F3F80CF4FCF0F8FDE8
:105130000B110B03FEED050907F305F8F9E1FDF18D
:10514000060CFF0106051F07EF10EE03E2F1FD0458
:1051500000FB070313F2F4E708F604EC1502151B35
:105160000EF8F2FBF3E4EDF8FB0402F3FEE5F906BA
:1051700009FAFD15FBF3E4F7F4FA0FFA060A020246
:10518000050209E907FAFB02F40103FF02F5FC0F2F
:105190000E000008F500040103E8FDE10818FEF91F
:1051A0000C090201FCFA02190DF7EF10040F0B06AF
:1051B000F2F206F3FE0F040DFD0200FF01030B04E3
:1051C00003F0FE0B0DBAF5F5F603FEE1F6D402EEA0
:1051D000EDFB04EEF8F4DBD8EDEB1FFA1305F50A4E
:1051E000FF09F60E10FD10FFFD09FBDCF8F309D8EE
:1051F000FCE007FFEEE005F6F7FCF50CFD10F9FF0B
:10520000FAFA07EEF6FDFDE710DB07F7EBF00CFB13
:1052100000F0F7090B02010F0815FFEF00E916DA9D
:1052200004F3DB0FFB071F0000F0F9E2F2EA0910BC
:10523000F914FFFBFEEAE008F9ECF7F20ADCFFFEE6
:105240000BFEFE0DFE0A0B10FD10F506F20411FA1E
:10525000E4FE1EF408ECFFF8F90EFD2F08E7F60453
:10526000FCFDEE160801DEE5F5340CF3BFFBF1FBA7
:10527000F91203F5FFF6FE00F5F9FDF4EAEBEFE5B0
:10528000DBFEF0FEF80A0318F90408F601BB12F67B
:10529000F5FAF8FEF700CA521606E7F608EFEC0337
:1052A000FD06FFEC00EBF9E607ED060401010C2911
:1052B00008F50BE9E2DFFEF3F9F7030AFFF3F7F075
:1052C0000E060A06ECEBFEE9EB02EFEAEB06F30250
:1052D0000B0009FDF8FBFF130304000404240DFF79
:1052E0002FF2EB02FB100505FF07032806E60FFD72
:1052F000EEF8070AFBFAFAF9FD24FCFBE9FCFE05CF
:10530000F2F5EFF9FE15000E0CF6FA14F40B0A1A7A
:1053100013E9E9FD1D020BFCF8050AF1FE29020460
:10532000E4FA0A0203FF0C17F6DC10FEEAF7F4FABF
:1053300005F502E0140605EBEFF7FEDEF7F5FC02DB
:10534000EBEA032B05F0F90DF9F405EAFA0B03F586
:10535000F7FDFFECFBF603F4EDC6EA0EE01318FCD4
:105360000B03F9F109FCF314FB1A0BCE01FE1BF041
:10537000FDCFDAF0212E030BFAF9FCE40B0EFF044B
:10538000F10202D1F80B0A09E605DF02FBD9FB099D
:10539000F008EFED06FD1015F90B04DCF80CED0834
:1053A000F700E501E817FF0700F00804030DFDE42E
:1053B000ED10F70510FBF3F00AFBCC0B01F9F1EA55
:1053C000FC1A0B1FFFDFF1D4F30102F801FBF8F325
:1053D0000833FE0300F215FE0DFAF8EB05FA072478
:1053E000F0E9FCD3FEFAEAF928E9F2EC0DFCF7FE4D
:1053F000F9F901EA0507F7FCF1F0F6F5FF0513E30B
:105400002CF3E7FDF3E20CFF1124062BF8F1042C3A
:105410001000FCE402F9EAE80D460EEAD50BDB01C8
:10542000FF02FE1BFBE1FC0B1AFFF5FFE9F7D8E9D1
:1054300025392BE8E3F10006F2E808FE1203FE1717
:10544000F1F5031AE3FB07E90CEAF1E6F805FA01C6
:10545000FBF0F900020800FFF0FA03F9FDFE0FD798
:105460000BE71F37F5E5FF0AFBF405FAFC050CF620
:10547000EFFB0FEBF1FFF506F4D81F0DD9F603EEA5
:105480000CF4FEE2FC150BF2F1F1190B011520F6FC
:10549000DBD6EF21DCF7F00AFBFB0B0503F8F4E6A3
:1054A000EF0A10F9FD0112FECFE3FB18E1FDE1F96F
:1054B00001FA01320CEAFDF3F506FDF61509F0FBE1
:1054C000D418151FE916020C08FC03FEFF2EF6EB9C
:1054D000FF091005EB061112FFF5BBFC2F13051792
:1054E000ED09F9EF03F0FEFFFF12F3FA1011FDFFD3
:1054F000F505130007FB04050DFFFFEA0205FB118C
:10550000DC1AF2F602FC03FC020710EF0F17F80B8F
:1055100001020A03F8FEF414EC09FBE7FC03130094
:10552000FAFB1EF6E9E8FE040D0E032BFCF90A0354
:105530001F00010B181F01EB094BDDF5FE050E06E0
:10554000FA1701FC09DA09FC07FE07020D01F6EE65
:10555000243503E00A16060E0B0900F500F3FE10D1
:10556000F9F2FA20F0E7FF2721EB16EDF50E08FA25
:10557000FE05F806F50BF7F9FEFF0829FE060BE518
:105580000D1B11F804FAFC05FD0BF622FAEF0C0FC7
:10559000240113F9FDEA09EFF5FF32F4D8F70A0404
:1055A0000A15F9F40000F61312EFF814F4EDE80010
:1055B000EE25FFF6DAFEF70D080C0109F7010821C8
:1055C0000C03FD19FAF508FA140BFE05FD04F4F3BB
:1055D000FD0B101BFA11070000F80AFC121401ED74
:1055E000EE003BF4F00603FEFDFD070A051CF7E69E
:1055F000FEFA17FDF2FE09E3E8F3C2F8E9F600FF50
:10560000F80405F00AFF05F7E8F9FAE90F120E07AA
:10561000FCDDC51CFF00F101F7EF0304FCED01CB3D
:10562000F9F0F70F090A02FCF0C7F906DD04FD01E5
:10563000F7F403FE10E1F7F1F5FF0DF5110CEC02A4
:10564000E405FA0DD51D06080011041EFC0D06F830
:105650000505031DFAFF03050708FB05FB281109D3
:10566000F6030707100B050622F7F8220401E316DC
:10567000F52A1405142DFC16FF050002FDE9FEFDB8
:1056800010EE00FF0100E9FA14210E02DF2CDE010A
:1056900002F8FE0D01F90DF404F20B05FE0204ED13
:1056A0000D10EBE905EE02FA0F080809EF0AFBF608
:1056B00006F90105090B310FFE06E5FDF3EFFB00CE
:1056C000FDF9000402030DF3FAFD040DF609F6FAE4
:1056D000F8DFEDF9F4B402F402F2FF1706F5FDE489
:1056E000F706080CF70511E7E9F2F70BF9DEF4FC11
:1056F0000101FF1C03FBF313F4090EF60D1A060853
:10570000DFFEFBFB09F8FE0500F005F4F42FFEF9BF
:10571000D30102FE05141714FFE5E0123B02050950
:105720000A0C12E1FA060804F609F8E00208FA0782
:1057300000D5D6190FFAF9F10C0105CEF91000F0D9
:10574000F00C06EB13120903E9FE14151E02000506
:10575000080CF800FD0CFA0DF90FFBF10EFB02F836
:10576000F9F403FEF309F401F6F80303FE2DF9E55D
:10577000E614F4090E0515DFFDD6A805E7E9F60CD9
:10578000F7FCFDFA05D50211F009F41515FFEBD869
:1057900010E7D311050B06F902FAFFE409EAFEEF60
:1057A000120DE8080AF1001C16F00EE51D2210F398
:1057B000FD0DFFF1F720030A0606F00CFDFEEB0ECF
:1057C000F42610FCE9020FFAFC0706110702FEE2BC
:1057D000040909F10AFF0EF8FBFBC5051AF8F9F8F0
:1057E00004F9FADE0A0C06EF0F08FEE80F080916A6
:1057F000F70AF10CE9260105F8FBF8F6FFFA02FBBF
:105800000808050D00F8DF07D7053513022EFFF352
:105810000FF7F708F5FA03FCEE000B0500ECD6F3E2
:10582000E60F3110F0E605F7FEFD060A0B1305083A
:10583000EB05FBE708011EF214FBC808FC0CF400A2
:10584000F9FA01E902F416F1031300091AFD20FC2C
:1058500008EEF702F618ED0709070512FBBF0AEB81
:1058600029010A2FFEF1F2F9DF0E1501E1DEFC0C31
:10587000000BF62403BE06EC04FCF433080DFC1EFA
:10588000EE2524E202EA021205F803100BEAFFF10A
:10589000F901F7F21313FCEB19F60708F1F806010A
:1058A00001F50AF6FCE30305F7FAF4FFF800170424
:1058B000FE00E90D05E3F2FE01FD040813D3FAEC46
:1058C0000D0DFFFC11F232F8EA130316DBE7FDFAC7
:1058D000F4F5020CF80C00FF0C0720FC06141E1057
:1058E000F0E9DDDFD700F3040109110CFCEAFB0A43
:1058F00006F0130802F9E8FFF7FFFDFE0E07141388
:10590000060505FFF604040509F103EF1003EB1C7F
:105910001210EB0FF8FB0DFB08F30AEAF6180AEF7A
:1059200008F9FF0EEBF20A130DF70904FE0207F760
:1059300008F6FEDC081E030CEBFBF1F30C170EFF60
:1059400011D514EAFA1B1BFDFA04FD0A00D8F1FB7D
:1059500006F2080914F7F01F244B11DEC1C1180824
:10596000F4EE092902F2F1FED9EBFBF41E0C3A2900
:105970002E1911FAC6F1021306EE030F0B1C0205D5
:10598000D60B03F221012B0F0DECE2DFF802E2054A
:1059900007F4FCF6081903F2E7190BFC1820201590
:1059A000F6DBF40209FC0FF4FBF5F806FAF3F90351
:1059B000F8FA0008FC042A1A0DEF2009052A130E34
:1059C000FEE10B0B07FE0914F60F19EA14051EFB86
:1059D000250C08F6F119F2F6FEE8100EFCF9F5E8D0
:1059E000F1FF01E419FF20F7FA0BFB221012F7F484
:1059F000FFFD03FF0915F4000300E4031307E2F3BE
:105A0000F70CE9F404FEFCF6FDFC01EDFA0BF802DC
:105A1000E70E0C0FF91205E206DB1006EAF9FDF7B6
:105A2000F105F517F8F2FBFE0A050401F8F5FCF4A0
:105A3000FD18F12F05F6F30700FAF302F9FDFF0355
:105A400002F5EEF310F21DF6FD00F9F9DD07FE098F
:105A5000FE000CFB011BFC1B12FB07F904ECE7DD4D
:105A6000122A2705C6F4F4F4FC040BF202F40AFB34
:105A7000FBF5F80DECFD1D15E4BD13F9CFFFF1FBAF
:105A8000FBEFFA05FCF9EDDCFC05FD0E080C12F647
:105A9000CDD2DE21F8F2EDF803F5F811FF0C05CEBA
:105AA000EFF906F6FC0114F9C8E5B3F7E9F3EFF7EF
:105AB000020B03E6FAF109E402F7EEF9090504F82E
:105AC000D2ED0010E9F8F8F7FDF90BF2F8FD04F853
:105AD000FDF3FAEEFEF30206070F0CFE3009FFFE9F
:105AE000FE03F41201E0FF05FD010AF3F509F1E9F7
:105AF00009060903131E050409FE02110815020711
:105B0000FF0002EEFAFF180611FDF607F8DEF904B1
:105B100001F70D01F70803F6F70000EBF9070B0F8B
:105B200006F0E610EAD4F20204F7FAFF050FFA02D3
:105B300003FDFB0FFB00F6EF03E61AF619F8F8FD7C
:105B4000FA000806021002F8EF0AF7080BF9090339
:105B500008FB1C0E0904F30B00F20A07FE1200FCFE
:105B6000EBFAFDFA0E0913010AE5F10BE902F9FB64
:105B700001E9FE09FBF5FDF3FCEAF7EBFFFC02018E
:105B80000EFAE20FF8E3F8F907F2FD09FDF9FB1A46
:105B900003FAFFEB05F8FFDCF31D0A06DBF1F8055D
:105BA00004FDFF19F40DF30A0404FAF801F7F2F901
:105BB000061F0E08FD040F050502FE09020D020C6A
:105BC000DEFBF0E9F1F815E80FECFFF3F9F306F767
:105BD000F6FE00F504140E05F0FAFDE7FFFF15F3DD
:105BE0000FE3F241030403FEFFFD06CB030D05F0B6
:105BF000F7F406E9FB03ED42FED21EF8E41607FDBA
:105C0000F5F809E1050805FE04FD0806F3FE2D0A76
:105C1000E2EBFBFFEA02F00303F401020522E8F7DE
:105C2000F2F60305F90704EEDAE8D716DBF8EAFD29
:105C3000FDEFF60BF9F0FFF405F4F4F212F516EBB4
:105C4000C8EEED1DDFF501F9F80AF4F2FDED03F8F9
:105C500007FB02F4140804020B1000EFEAD5040459
:105C600006F7FEEFFDF70F150203EFF00803F61E2F
:105C7000FF2200FF12220DFC01FD080FFAF60714A7
:105C800005F70AE9010A030AF420EFFFF908020008
:105C9000FFFE09F3FC050CEE01F706F90901FD19F9
:105CA0000803ED0C0B0B00F80BFD0BF106FB0127B5
:105CB00002020DF7F60B13010AE21803EA1308F3C8
:105CC000F4F60AF3F402F203090602010B100FF0D6
:105CD000F8F20DFDFA43F80108EEFE0C0108F7EBAF
:105CE0000BFBFC1CFBF90901E90C06161524FBFF54
:105CF00006FC08F1FCF008F2FF080408FD0EF7129C
:105D0000F0F9FAE5F40708F701FAFDF902040401D5
:105D1000EDFFFD03F30BF8F0F5EA12080D0C00F2AD
:105D20000B02FFED03F002F6FBF6F5FCF6EE21E3C5
:105D3000F7F9D8130207FF010BEFFD030206011C60
:105D400007FBFFF51305F8F4F7F9E31CE005020083
:105D500005F9FA01F409FBFD12020C0100F70FF737
:105D6000020205F1F2FBFB08FEFEFDEE07F000F17A
:105D700005080106FEFDED0BF9CDF01003FBF60161
:105D8000FDE6F8E6F4FAF4DF0708F900F1000CE7A5
:105D9000E8DCDB28F6ECF8FE0BF8050F0B0200DC64
:105DA000FE07F8F3F41406FCD9E4E80604F6E40967
:105DB00008FF13FDF413FCF508F200010902F6F4E4
:105DC000DCEA001A20D4190A0BF6F3F4F8F1FDF11D
:105DD000EDFCFEE81302FD050B06FDF8DCB3170B26
:105DE00007F9050A0710F8DDDF0AEFDE1B0E321493
:105DF00012EBF203E8C30BF8F9F005F6FA0B04E92D
:105E0000D807EDDC18271FFA25D5D8F70CDDF110DF
:105E10000601F5EE0D340204EFE9FCE30A141EE876
:105E2000FAC2E917F13300F6FFF00AF1F32403098F
:105E3000F20104F9FF08F61813F6071111260C06F3
:105E4000F9EB0410F609F2FADCFFFBF308FF02F4A9
:105E50001700FB06F7EA04FF02F509050AEDFDE36A
:105E6000F604F8D80F0B0906F1E2E1F802F6EAEEC3
:105E70000DFA0104010CF9FDFA04F1ED1218FC020F
:105E8000F90FCFF907FE0EFDF70606F80A00F20239
:105E9000F403FB02EB00DAF6070A35F7C7EB15044B
:105EA000FFFEEB1B0AEC02FA020C05EAF3E918E626
:105EB000FC35F804CA020602FC01FFFDFD00F40DEA
:105EC000E907F4EA201B02FCFB06E4E10207F8FF05
:105ED0000A0EFFFF00F7F81B180A01F7F3EDEBFFBE
:105EE000F72919042B0B130DF40D06EA01F2F40A3D
:105EF000F2FD0803F9F5F00408FA17F90513F2FFAB
:105F0000FAE7FD030515F5EEE906EE01FB09140BB2
:105F1000F3F4160EE2FFF702090CFC12FCEB06F29A
:105F200001F5F90400070BEF0810D0F2F5FDED03C1
:105F30000913000D02E9FA0B1307FA04F4FDFCF94A
:105F4000FD100EF5C6EBEB0205FBFEDDF7F80E06C5
:105F5000F0FC07DAF8E4FAFCF5E6FA0C2A26E80386
:105F6000050D02F404F20D2312EE0206D8F0E6014C
:105F7000E714F503F419EEFD0A0CF8240C02090EDF
:105F80002CEEFC18EDF2D5F716FE03FCF5E712FA3D
:105F9000FA140204FCF30B0109F0FE1DEAE219FAFF
:105FA000313CCD03F6D7E9F9F8F5FFEBFA15FFFB25
:105FB000F8F6F61E01FCE8DCE7C8B7F906E1D50003
:105FC00005081308EFFF01041C0209361B0C04EE40
:105FD000CECBE3F0050CF809010A09270F3001F6D2
:105FE000040E0310131AF2D9DB0B1FFEE3DBFF02D2
:105FF0001501FE2AFAF706020DE603FCE5E527D2B5
:1060000028F8FC22ECE5170305EBF7D309D40AFBCB
:106010000C0AF5EC10F60A000513E3FDF101EFFAA6
:1060200015FF0929FD17E8FBE2EE06FF0108DED6A1
:1060300006E612EEDECF1B0BFBF2F220FAFDF7F0C4
:10604000EC091CD0F7180BE8E0E8F0ECCEE105FB1A
:1060500005DEFA14F9E8EFF308F119E4021011EF84
:10606000EAD4DA0F3A000F0A110E040E16DF0BFA0B
:1060700008F100F41606E62C1C292EE8210014FC79
:106080000DED01C30616F717090304F808E1090925
:106090003B061CE9F40423FD07E70CE1F9260F0D8C
:1060A000F20404EB0214FF2107CFF807E6F0F5EF46
:1060B00009EAF9E9010DF7FAED07EED40B0316F240
:1060C00000C1DD3C01CA000C11F40410F71DF803F7
:1060D000EF0D05EFF8F0F4F3EAF322F80FDA070713
:1060E00009F9FDF3070CFA11FDF8FBE11904FBE7D0
:1060F000EB0020040DC40604FB000A0AF50B090995
:10610000F10003EF1CFE0AF3EEF81515F1DC1002A6
:1061100001000F0604D703EAF60B0BE20F0DE32490
:10612000F6D104090E19FFFC02FDFEFCFBEFFBFE9D
:1061300007F9F709ECF50710F2E812051F2AFBFE34
:10614000FCF3FBDF03FAEF05E701FEEF060E132376
:10615000001CFC0D1137050C070901D6FCD01101FC
:10616000EBFB04200FFAF30809F408121F030DFEDD
:1061700006F50BEA0BD2FDE10903F013F9EE0D4130
:10618000F21B0526F70C030BFCF5F500030AFFDBF9
:10619000ECFEF809F4FA16D1F7DDD00FF511E6039D
:1061A00007F104E7FF1BFBEAEC01F129180C11FCD5
:1061B000EBF5F51B150DEBFFEA040DFC0602FDF3F4
:1061C000FB18FD2C06FEFFFB0A0EF7021309000C5C
:1061D00001F901ED041404EA06F4FD0BF7ED2115B5
:1061E000F2FA031ED1F5030807FAF510020500F7CD
:1061F00000010408020108E0F7FDEB07D7DBF70315
:106200001213FF1FFA0AFD05E702F9E0170601F96C
:10621000FD0CFD0004F6ECF8EFFDF614F60B02FFA2
:10622000F80801FD0AF102F11836EE0A211111FEFB
:10623000FDFBFEFEF9ECF3070A05F103FF0306037D
:10624000053417E43012F6F7FEFE04F7FC0BF808ED
:10625000FDFBFBE20C11F906FCF700091BEDF9FE52
:10626000F9E903F2F41DF7FE0DFCF9020DFA1B012A
:1062700004110F1503DC0B0B00FDFD010AFDF7EF08
:10628000F1F4F9F50808F30E0906020CF607FA0C0A
:106290000B00FA1BFFFCF9E8F7F8F6FEFAFEE9221C
:1062A000FCECF318F9F7FFF708FBFAEA021503FA1A
:1062B000EB07F2FBFEF90AEDFDDEFD1BF707EF022F
:1062C000FCFD02FA0512FB00ED0400FB09010414B9
:1062D000F1D5EE1C16E5040604F2FA07FFE000EC27
:1062E000FB0502F8101314F303FBFFE6FC0F150186
:1062F00000FB071101DBFAE70702F3DEF905163CA4
:10630000FA12DF08EBF3F703FEF4FBFE0DFEECEDF3
:10631000E209FE02100608CAF8E0C50323FEEF09F1
:1063200009E80CF2F601FDF2F2FCF7021408F1F4B0
:10633000F9E1E9060CFFFDFB07F5FDE9FEF609DFD3
:10634000F8FAFD0904F10709E0F6F60B1E00FD0757
:106350000804F8F9F719FA0E060EF7F0EF020A1B17
:10636000FDF7EC0DFFE506FC0EF50512FD0005F747
:10637000FB00FEF5070600EC0200E2FFF202EAFC79
:1063800004FDFA18020CFD0DEEFFFA05050AF501F1
:1063900028100AE80A10FEFFFC07FDF6EE150305BB
:1063A000E2FC00F112FCE2022B04350F100907F7A2
:1063B0000200FFFFFA0708231816EC09FCFFEE04A1
:1063C00009FF48F3EE1103FEFB06FE1B0211FDFB65
:1063D0000C0304111007F7160C26F3F6ED0412F562
:1063E000010806FA05E505040102FE000811FA0E8F
:1063F000071832EEFC150506F9FE0101021EFC0627
:10640000F710FDF208F91CF10BEE00EE1020FA0572
:10641000FD000A0A0723030BF403F4F011042CEB2C
:10642000F0FDEEF4F5E3F60A0916F813031110FA7D
:106430001BFD09070F08F6FA0438F7F4F62906FEE3
:1064400000FEFD0901E6FFE61208070FFC100FFD34
:1064500003180AE4FA04060203FC0202000EF9F82B
:10646000FEFBFAF808F90AFA0822FB0EFC24FA02ED
:1064700002060615090DFFF1FAFEF2070201FACE37
:10648000E80A0205EFE407010205FE2A06FE0CF405
:106490000AFD151BFDFFFFEEFF29E5EDEFF40008F7
:1064A00002FA060103FD00F801FB101D1116080990
:1064B0000013EA05E10BFD09FD06F9E80BEB020B01
:1064C000090005F712F002071D190003FF05FB087C
:1064D000FFFD0519FA03FE141DFBFF0603F6FDF38D
:1064E000102111D9E5F40E0B0AFEFB10020A10EA86
:1064F0000FFC07FDF0F814F1ECF8D3F8DFEF07011B
:10650000F5F6FE100DED04F30801F711FB1401E19F
:10651000F8FAB420E7F9FAFBFC02F90102DC1AE20E
:106520001AFEFE01F6050A0DF6DFFEF4FFFDEF018F
:106530000109F9FAEE02FDF20AF50F0DFF0F07FC53
:1065400004F6FEEBE8E301F1FFFEF9FAF72BFA0699
:10655000EDF509F6FEF7FEFAEEC619F7D4E7F8F501
:10656000F7FFF800F0FCFFDE2006080EFDF3FAEA64
:10657000E7D3E4F8DBEAF8FAF50AFE1EF7D8050DD2
:10658000F1001303FAFAFDF9F023ECFC00D7E4F272
:10659000FDFCFD0706DBF8F8EDF503EF190D0BE345
:1065A000FCECF3D115EDFE0006FF13EC07E7F60F48
:1065B00007FB03FBF001F604F2F923100ABE16F7FD
:1065C00005F6F2D8EDE7FCFDFDF9F9F1F9F9F8105F
:1065D00008EF19131EDF13FFF8FA0BDCFFDD1903B8
:1065E000EEF700F0FCF919E6FDBD141010DB0E0308
:1065F000F602010606FCFAFB03F50DFF09F608F3A7
:10660000F2E70F1D04290A07FD0000E0050DF90F50
:10661000F40001FDDC02FB1C07C6E8FA2816F800AE
:106620000301F8C8080AFBFFFEFDFC080CE3F9179C
:10663000EBF7F618290AFEF5FE01F9C6141204EF6D
:10664000F702ECFEFE010F19FD040A114F18FBF4CE
:106650000DF70AF0FE370705090302F1ECFD0DFE08
:10666000DADF0513DCFA010402FE030EFD19F11452
:106670000209F21BE8FC19CDF5EEDA0712E6E50790
:106680000302FFF900F1FCEAF801F8FD0803EAEF64
:10669000021BFD0528FB00F0F6050907FA06F7E0E6
:1066A0000204FEF613EAF31AFF2607DF33192AF471
:1066B000F10D0900FD03F4FB071EEA12FA00D827CA
:1066C000F22A13C30CFCF5F7030A07FFF61CFCF2D1
:1066D000F7FEFEFF0AFF0707F0090201ED0F0908A8
:1066E000060800FD001E02FB01F2FEF2FC03F7FEAD
:1066F000EA0AEA001E030108FC0BFAF5F8F308F8B1
:1067000009F9F60701F8E2EAEF0BE10605FB0509D6
:10671000FD04F31000E2FFFBFC07F7FD0302F8198C
:106720000004F8FE101BFD07FAF9F4FDFA0906FE55
:10673000FCF4F8040F03FBF8FA09E7F70018FC0C67
:10674000FCF9F4ECFF0710F813FA080A08FEFAFA4D
:10675000F6F4EA060CFF0402040603F704F8060642
:106760000805FE0DEC0DFAF001F605EF01100CEF37
:1067700001FFFF10010BFA0C0D0E02FAF3020117D4
:10678000050EF4FE02F6F9FC01FC05FDF82603EB0C
:10679000FD01FCFCFC0A1AE5FBF9A9031817F60E2B
:1067A00003FFFCF6060A0704FA1605E90D0DFDECD9
:1067B000F8F1EFFE0819F4000106FD0C00070704CC
:1067C000FC0501F1F4F9F5140D05180A05F90C02A0
:1067D000FA05FA00FB06030B090007000C1703FB80
:1067E000EDF60AF808F508080000010DFC1303EBAC
:1067F000F105FDEB1B0B12D3FF0DCDF733E809F9C3
:10680000F709FCF9FEE00C0C0AFDF8F80005F3E6C8
:1068100003FC1AE0100012F400050ADA00F103107C
:10682000FBFBFC040102E90D1DF12CD20403120450
:106830000502FFEE01F304FFFBFF03F2FA0702116A
:1068400004F3231619F5FD07FC0510F40917FA03E4
:10685000FDFEFFEE0C09F00BFCEBE90BFCECFBFD85
:10686000F9F4FBD20923F2E7E0F308EB0501190B79
:10687000F6EBEC271DDF03FD0DFB0BEDFC15FEE831
:10688000FBFBF9FFFC11F202E811F017FB00010A13
:106890000DFA0618FB02FAE5080101F50602E71DEC
:1068A0000100F60EFBD301F9F9FD01E6F91EFEF336
:1068B000E402FDF3100107F504DCD3131822E6010E
:1068C000F7F201D5002BE9F4EDF9EFFF15FD08FF14
:1068D000F9CEF91B161B0A0008010B01F5EA04F2B8
:1068E000F600F204F70401E9E6090B07F6FA2308BB
:1068F0000108FF2608E3F8ED06F301F1020FF71295
:10690000F82AE2E600E7090B05F70008F00CEDDED7
:10691000ECF4FCE3270A0FDE02FABC0EFE02F904D7
:1069200002F4F6FC08F104EF030DFDF1FFFA02EFAB
:1069300002E1FE091B050A07FF0A06E4F90303FC4E
:106940000C0A01FFEE03070CE1110EF1070B06FD27
:10695000020202FFF811F7FF08FC040BFD03110708
:1069600008E1D3E9F6EF08030D00072101E9F5017D
:1069700001FA02EA110DFCE30609FF07DFF4F60550
:10698000F7040D0107F8FC200F01FBFBFEFBFDFDEA
:1069900010050AF2130AFEF5F909FFE0F70B02F8F9
:1069A000F811FCF8FCFF02FB06FD12F311FF04FFD7
:1069B0000DFAFDEA031CFA00F70002F5FC02F9FDEE
:1069C00008EA0C07EE07FD0005FCFFEE00170209C0
:1069D000F8FA0AFDF7040114F1EB0410F635F6FBA2
:1069E000FB090CF7FFF40318030C090CE6EED30ABD
:1069F000EEF71B060C4AF4F60409FD0A04ED13FD3C
:106A0000140C0924E4EED5FEF93011EAE9E80A068F
:106A1000F4FB0720FFD80CED0BF50A19EDF4090A79
:106A20002016CDEFF903FAF3FB02FFEEFE0401EBB3
:106A3000F910F918FCF81305F2F6E605EF16EF0267
:106A40000110FEF000FA0EDC10FE0514FC08E00850
:106A5000E0101A011AD709010409F415FE0C030607
:106A6000FF0A09FFF91115FAFBE31CF5FCEE0F0113
:106A700000FC010F010CFF0B09F70CE101012EE7EF
:106A800021D9EB01FEFCF811FDFF02FE07F9F1FD33
:106A9000100200FAFEFA04F2FC05E70E0807F6F30E
:106AA000F001FCF906FFFF17F807FFFCFA02F2FC01
:106AB00016E315FAF9EE13FD03F501E8F71FE6F901
:106AC000E60902FDFDFDEDFCF2DBF60114FF000618
:106AD000070200FD061B02F5E80AFBF5140F1FF67E
:106AE000DDD3EF20E0F5FF090A05F705F713FD08F0
:106AF000FC0406FFFEFE03E501FA01F8DE01F9F1F0
:106B0000F00101E6F9F40600F106FF02FAF5FE00D5
:106B10000E0E07EF0606EB08F603FEF0F90DF60A77
:106B2000F0FCFC0115F8E1FEFDF6120C080CFFFC70
:106B3000FCFA0902FDF906F8F903F9F103FFF7FA87
:106B4000FBEA051613EBE915000406FBFBE402194A
:106B50000A0E010AF402FBE40A042BFE1530F507C5
:106B600004F6FBF318FB001D31020814ECE6E9F50E
:106B70000EFAF6FB20091902FE01F8FD01000003E0
:106B800012EBFFFFEAF0DB06FE100BEEFD03F9FE51
:106B900008FE02F6FCEEF51CF3FEFFFCF4F9F9002A
:106BA000E9032EFCFB05F702F9ECEE0EFC11F5FAF9
:106BB000F50B01FFE9EB01CBF6CF080D150DE4F85D
:106BC0000213FD15FC14F30FF0EE080F00F916E3A5
:106BD000CFDAD21D0731F8FB0303FF02F91AEF07E2
:106BE000FC1101010212EAF7FE06EE02F111FFF6B6
:106BF0000CF209EEFDFC0C18E8FB0611EAF114F9A1
:106C00001FFB13F9F3DC03F50605FDE207DA0610B6
:106C1000EE1209FAF1F206F8FCE81AFD0EF000FC9B
:106C2000FF0E01FF0015FD15E5F3F9F7F1FAD1D1DB
:106C30000A1914E900EC13060C0CFE2B0BE3F4FB11
:106C400007F8F711FDFD05E5FA19010CCFE71C0265
:106C500005F6F8F80CE1F7E30702FD1401F6F70674
:106C6000F502E7F8440EDD02F1060EC209D90D0364
:106C700016FD040602E5F53FFFF753FE341F0B0136
:106C8000090601EDF3E4FFE61EFE17FBE7E9EA3F24
:106C9000F0232EF417141DEF0BF305CE071B001184
:106CA000FDFD1F05F701F5FC17F9EB0EDDECFD0905
:106CB000FFF408FD0D15F31904F90AE8FEF916F3BF
:106CC00005CFCE053F030CF6F5FA07ECF9C81AFE1E
:106CD00009FA09F10C02F11D22103FE917F80C0620
:106CE00005060C1AFBE7FF05E7EE06E6FEF5E921CF
:106CF000FFF221EAF9D60107030303F701FFEC01D4
:106D0000F802FCF105FAF5FF0EBFECFCFDD7F7EB3E
:106D10001304FC00FD06060AF0F7FD01F7F010036E
:106D2000220BE110F5110507FBE9F80D09EAF02443
:106D3000FD010209FAEF0EF1FFD1FA01144AEF0743
:106D400000060AFFF22C0123FF030C0FFAFFFE00DE
:106D5000F30DE308EC48EEECFB06F71B07080FF613
:106D6000200BFB0C13FBEDF0F32B100EF22001F2C5
:106D7000FB14FDE9F6E7F719FE0EF11302EEDD0351
:106D8000CC0B35F9FF06F0F1FD03F9E601E8FD153E
:106D9000F402F20EFEECE53F12FD2F1C23ED01F98B
:106DA000F1FD030D02CEFBF3FDF00EF9F8FAF81E2B
:106DB000F5EA06F4E9D805FEF5170B0BFFCA03F454
:106DC00014E40E02EAEA02EC071925EFC2F5F81303
:106DD000030311F30FFA000103FC0603F1FD09128E
:106DE0001203E6DD0603FCEBFF05FDFB04F10FF7E4
:106DF000F9F50F19E9EDF122EFC7160619FBFB03B0
:106E0000F8FCF7F1FE000FFA1D0B0714F6F9D30C8E
:106E10001FEAE60006FCF8FAFC00EFED0729FE1376
:106E2000EE01011AE8070425FAF5EFFC16DB030171
:106E300007E001E4F909FDF8F6FC03F8E6F8F5F1DE
:106E4000EFC6E1F80EF905F706FAEFE3071CF3E7E2
:106E5000DF0EFEE7F800FF11E9E40D03F010FC027D
:106E60000707000605E90D04F90410FAF0FE0A1AF6
:106E7000FCF0DFFCC8CF0A11FC02FF2406E6060680
:106E8000F6F10DF8EC0F12FD130807EED1D1E6056F
:106E9000FDF9F832010AF9E7FEE9FDFEFF0B21F1E9
:106EA00027E4AEDE0C1D0609FE08F1D30205F1E46D
:106EB0000206FCF6FFFEF90DF8F5F7121DE709FBD7
:106EC000F401F8F2030C04EE03F7F606FCFEDEEA2A
:106ED000FF0E09EF04B22505FD02FFF207F512F5DA
:106EE000F0FBFED8F20C26F109CA07FBFEBA01013D
:106EF00012E90223031FFF01F6F8FEDB1C1625EC46
:106F000019E4DAF4F2100201F60E0200000F0A078B
:106F100000FAFD05F1010717F3FAF5F8270DFF0B4D
:106F2000FF08FFDAFBFDF606030AFB1005F7DBF0AE
:106F3000101134EA180125FE09F0F9F202190C0DBE
:106F4000F3F9F9E8F50102ECF104FD012403F9F885
:106F500003DFF6FCFC17F611E6F1F4D808FA0CD5BD
:106F6000FCDEF4F619F8F608030C081EFF0DF21209
:106F7000F2FA08FD000800EB10110909E70B040BF9
:106F8000FD09FFE501EE0011E80EF8FE09F8DB232C
:106F9000200F30ED0F260BFC0808FAEB0D1D07EE55
:106FA000F6F900FEF7FAF80A0426E1F6070FF107F2
:106FB0000B0D021DFDF20A111105FA060E06E80D71
:106FC000FC1CF5D82315FFFFF9FD0ADAFC23F50AAE
:106FD000EF0AFFE7E9F0FB13DCD9D61E4956E4F1CE
:106FE000FF0801EBFE0CFC160518FCFDDBF9CFF8E1
:106FF000E7FBEB053E1B0501F60906F5FE0606124A
:1070000013F51417F4F9D110EFF0E2F8F6C908EA15
:10701000FB0107F9FEDF00FBF6ECF0F7EEEDDB1B02
:1070200010F7EEF3EBDEFF0BFFFAFFFCF7F003ECDB
:107030001C06F6FFF5F1E9D2DE0FE201F5C7E0F735
:10704000F71500EF09F409100F020001FE04D3E860
:10705000D3102EEE06F00205F4FFFB19F30D00210C
:10706000F4080C04F7F500D61DE00FE3F8D6FA0E8D
:1070700007020114FCE5FDE1FFE511DDFFF22EF54D
:1070800026D7D90AECE9FAFFF60A0800FBD60BF975
:10709000060002EB1AF1F3E608230AE7EFF0FAF92B
:1070A000FCFFFEE005EBFD01F50D0FE3EF0AE5F453
:1070B0001AD536CDE40A11FC02F70329FD0DF704B9
:1070C000E1FDF0F7F1F8F0F2F5E4F5E706F9FE017D
:1070D000FFEBF400F700EFD2DDF9F5E4170F1CE148
:1070E000FFD5F94202EDF1FC04F0FBFCF6031912A6
:1070F000230902FF1105F8FFF6EB32FC0603ED044D
:10710000080001F8F6F202F309EC05F9EFFBE427B9
:10711000EB0A25E505F41602FAFB0AEBFA08FBF781
:10712000F3FFF6060D1217E7F1EFC90D0109F1F5AE
:10713000FBE70E3D02F2FEE602FFFEE815EE19E95E
:10714000E803E008F8E3FFF9FAF4FB1401F4F9F7B7
:107150000F1302070002FCE20A0203E50004050720
:10716000000C040C02FC0B11F7F403EEFA0304ED1F
:10717000FFF2FCFA2CECFDFE020301D1FC0C02F83C
:10718000FAEFFDFA07F9EFE0DFCBFC0D110F22EC6F
:10719000030404D806170410FB0DF706FBE7EC0701
:1071A000F4FC1305DE010EF6040907130CEAF610D1
:1071B000EF0511EEFBF506FD11F317F90504EAFCE6
:1071C000F902030EF815F512050605FE0DEF15EA96
:1071D00011EEE3040030F2FAFE0B05F40B28FA116D
:1071E0000A0EF025F405C6FAEB2AF51D1D350B1421
:1071F000FC15FDE303F603280F09F23EE8F5BD0F89
:10720000E31F20E314F60300FF02FEEC09E304FC95
:1072100001EFF8F3060B1C2A121303F0F0050C061D
:107220000F130B10F201F8F60903F8E7F7FC10232F
:10723000F7FCF5F7EB0DEB0AFE0F04180BCE10F57B
:1072400033FF0313E702F1F50627FA00DFF5030F1A
:107250000504F1F8FDEE0B00FBF00719EF1207062D
:10726000240BC0DF1B1FFFF003FCF60906ECFBE755
:1072700001F10D060501E910F7FBFC013B040E08C6
:10728000F2120502090500171FF405E9FFEAD60B03
:10729000FFFD00F00EED0FF4090BFDE902240041A3
:1072A000F00111F5DF090D122DD91BD416E209FAF0
:1072B000FAF0F9F9F61BFEFDEDF8FCD9F30402F83B
:1072C00010BCE61AFBDF12FEF30406F3FFF1F9F03F
:1072D000F003F8E80AFB1104F501D61705F90204DA
:1072E000FC03FEFA072403F8020101E9080400FD8B
:1072F000F8F4FF01FD0DFD01011504F80F15FC0860
:1073000007FEF6EF090BF2EEF2F6F9FA18D91A02B7
:1073100004F9F0F7000D0501FD08FE10F0ED03E99A
:10732000F9FD0C14EA111C0303FDF90E060A0BEC1F
:10733000060EEB0606F7FFFF08FFE30EF521F6FF4A
:10734000FCFDF90CFFF006F91308F2060B0905FA2B
:10735000FAF9EEEF05040101FD03F8EBEEFD07F588
:10736000FA0A02010A1600F50EFFFDFAF803FE0BF9
:10737000FE05F2F3EB16EBFF0F0207F701FC0FFA25
:10738000F2FC060D00F212FA01F108F801FF05F611
:107390000B040C00FCFA21FEFA02F309F7FCF1FCE5
:1073A00011050E13FD0202FCF902F4F8F001FFF4DE
:1073B000F9F4E8F1D8FCF010FC0202090705020C10
:1073C000F4FAF6EC0307FD0007FFEB02F7ECFC0E06
:1073D0000700FF10FEFF0B05FA07F1FBFBFC05039E
:1073E000FC09EA14DF170DFBFD0305EAF0F306F0D4
:1073F000EB0800F0F4F7FFEFFBF9EE04E7010205FC
:10740000FBFC080BFD0A0EF0F3F205E30208FFE3B4
:10741000F20CE601F4050100F005080B0ADC00039C
:10742000F1FBFEF1061906FA1303FA07F2FD040454
:10743000000701FA01ED09FFFAFA0EFDFD1118F936
:1074400016F5ECFBD808FBFC0AFCFBFA022BFE004D
:107450000705FB09E80724F1DFEEE910F321FF0E31
:1074600001FEFB06FB0502F30312F607FC0323E90A
:10747000D7F3DE101D200A06010B070309E90EE60B
:10748000FD0D070AF311100311DAEEE7E8C7100546
:10749000FFFBFB07F3010DF302000303FC140509D6
:1074A00001ECE6CC0ACB03F80A07F1FDF7FFFFF683
:1074B000000905F809050723EE24E708DCCB00EBFB
:1074C000FF0E040402E80C0121F5FEF8F1F2D3F2FC
:1074D000143019F6FE060D06030503FAFDF9050A38
:1074E000FE0206E4E40C18F011E2E4EF1622F306C3
:1074F000F302FCF2F51BFE0FFB0607E52AFC38EC55
:107500002BDE02F20316F1080708FAFBF422180B2F
:1075100015F903F4F3FDF70FEDF6E8FD1CFF04FB8E
:10752000040B00DC05190A0AFB06FBF6F7FE0D0941
:10753000170603031BF4F705F5F9FFFE031AF70E10
:10754000D6F603F9EAFEEEF90906F2EB23F5F100AF
:10755000FD03FE08F8F40FF7EB06F4EA1FF706BC8C
:10756000EE13363109FAFB03F903020BFC2C051A62
:107570000302FF050B1702E70300E80B01F10B0EF6
:10758000FD030AF609120A08F9FFF9F0F7000FE9FE
:10759000E60A1BF302F007060CFD05FC03D1F8FE1A
:1075A000FD05FDF517090CEB072DF2F21714140673
:1075B000FA01FC3E0BE602051811060DFDF5FC1D57
:1075C000014B16DAE2D8FAFCFFF6F7FE030201F6E9
:1075D000F8F504E3FCFC0CF5E9FF0001FBF8F2060A
:1075E000F4F8FE1504F8F70D02F7F9E0220305E9B7
:1075F000FF05050E00C7EB0E04FBFFFAFF0B01F1C0
:10760000E60101DC1B1306030ED9F91B07DC0B0195
:1076100005F3FEF006F6FAF8F103FEE91301F00DAA
:10762000E9E60815FA030FF0F1F906F002EDFBF6B2
:10763000F6F5FDF9EE040DD900E3110AFB0505FB93
:107640000CFC0AF9FF19F4EDF104FEF7FBFE12FD44
:10765000EFD5F31E0D4C020500F702E10B04F70B0A
:1076600001F9FCFA14FDEBF707EBE8041318F9FF36
:107670000EF1FEDDFEF0F5E6FC07F6FCF6F1113347
:10768000F20DE628F50600F903F104F903FCEDFC20
:10769000F7FCF5FBF6F611FCFBE6E10BEF12FE033F
:1076A000FEFBFB07083100FCEA04FB02F80F1E0B8F
:1076B00009E8E0FE0E00F302EEFEFDF103E8EF053F
:1076C000F70CF00F05FF04F0F9F3100211FE13F6AA
:1076D000F0F500FFE81104FB0509FB0BF2F50D0EB8
:1076E000F9ED1BFEFBFCFC0BFE02FBE9FD0BF500BC
:1076F000FCF9FF04FA0408F108FAEEFBF7F30106BF
:10770000FBFA081A0217F811E708F7F812FD0AFE4B
:10771000050810FAFC11EEF6FC0D050EF4F8F6144F
:10772000F704F9F60CF703F5072B3421100F02FFCD
:107730000109F4F3FCF3F3FAFE04F8FBFB0BF80782
:10774000100D24E916FEFE0203F400F105E107F531
:107750000303F7F903FCFF0004F1DF0AEEE40E0176
:1077600011F5F80B020EFCE8FD03061204FE0B0CEB
:10777000F6FCC50DEAFC0403070C0F0C000CF7F730
:107780000604F805FB0CF63003FFF10D073FEA0590
:10779000F9FF0807FAFCFB140504F21BFFFCFE0EC0
:1077A000F81826F80320080C030401EDFBFD1BFE6E
:1077B0000808FCF80907060FFAE8E6060B1811FBA3
:1077C00003F5FDF3081A02EAF707F1F2F9060F1EB6
:1077D000EFEEDE0701EF01FB0CFE040707FE0506D6
:1077E00002F2F3FD0C1B11E7F00524F6EDF7F6FDB0
:1077F00001F9FD1EF7060601FAF80117F80E0D0C47
:10780000E9FC151009040CFA03FA03EC03F7FF0175
:10781000FC06FAFE051610ED00E7DD180BF50B026D
:10782000F5010E0507190B06F4FD07FAF412F3F43F
:10783000F8E6F10405ECF80302F502E7F7080CEAB4
:10784000F90405F001FEFDEB0DDA1909F7ECFEF87D
:107850000A0E04FC0317EF04F0FD06F6FC0911F50F
:10786000F5EAE91CFC020DF7E8080113FCFEF9013A
:10787000EB01F912171416F5050FF7FE1200FE04BE
:1078800006FAFE03F1090206FFFFF7EC0B0107FA07
:107890002FF016F5FD090AF9FEFC0FEB001401F8B4
:1078A000FDFFF5DF0807F7FC3CD3200BF4EDF7FDF7
:1078B0000AF908F9FAF9EEF2FBF8FDE7F2F116F42D
:1078C000FCE0EC1DD7DB01FB09F1F50CFE0A05F528
:1078D000FE0DF209F50A14F2F506C7F8FF09FC0FD0
:1078E000F90AFCF704F90EEFFE0BFD000205FE118C
:1078F0000407EB011C4003F8030D02CC021A09F641
:10790000F50802FB0A00E6FECFFB0F0C0F1707FC81
:10791000060E06F0FF00071E0CFDFE08FFF0D5E086
:10792000D81055EFFDCC020405FC0318F7F70A0543
:10793000FBF303F1F8FD0104FE20EFF3F413FAF872
:107940000207F60001F612FF1F0203F50009F51108
:10795000060CEAEFFE110200F510FFEBFFED080D3B
:1079600017FFF232F3FBF11A03060CE50C3106F5B2
:10797000001003EEFAF8F80A14060C36F004E1ECF5
:10798000E60738FC03FDFBEF0D020705EF0DFCEEEB
:1079900005F70601F5FF15F902F5F9F8D609F70024
:1079A000F306F9F906050510F20B03F1FA06E5ED09
:1079B000F4FAD5E8EC0FECFFF703080DF7EF0B0D29
:1079C00016030CFB03010504060600030EE8FF0581
:1079D00003FB030C03D808F4FBFD04F600FAFB08D4
:1079E0000A02F3E81A0AFF01FAF4FC0D0207FEF39B
:1079F0000FFD03F8FAF5FFF3FA0DE5F72BE8FB04AA
:107A0000FD1A080AFDFA100305F801E60D03DBED87
:107A1000F7FBFDF40AFB0EF3FE00FCEC06F8080B86
:107A2000FFFF0505EB0104FA38E8ECF009F6F9FF71
:107A30000AFE0AF6FBF202F9F4F112FB01FE240041
:107A400012F7D1FF0DF0FF03070D020CFEFFF3F656
:107A5000F3FE0B08EEFA04E8FFF107F901DE0D036F
:107A60000007051701F2F9F2FFEDF8FA0A00F4FD3C
:107A700007F3F3EDC6D2FB0BFDFC07F5FFEEF8F6BE
:107A800001F6FAE90AFA2711FEE304F5FFFC06F90C
:107A90000600FB00021F0C18F70BF7FD0AFA09F7A6
:107AA000F3FC02FB0D0A090512FA09FEFC04FEF7BD
:107AB000F40207F1F80410210605F2020717150376
:107AC000FFFEF709FEF9F80F06FB03F906FAE40ECC
:107AD0001F08F4ECF5F8020502FF03F7F8F8FB09BC
:107AE0000EEC00F6F9EA031AF905F6EF0DFFF1FFC7
:107AF0000604FDECFA0703ECF20202180505F9F0A2
:107B0000E8F335F80B0905FC0802F9030101030746
:107B1000FBFB000B000D01020C000DF60E08FA0E27
:107B2000FD0F060BF6EF000610F5FB0B01EBEAE785
:107B300007271402F70108FD1006F5F007F3FBFC18
:107B4000F201F60105F8EBEBF4140401E50800FB83
:107B5000FD0601F1FBE4020F00F2FCF6F606F7FA6F
:107B6000051C01ED0906F90D0910041106ECF6FFDC
:107B70000DF9FF0EF9EF020BFDFE30F700160003C2
:107B8000FE0402FAFA0C08FB150108FF09FFF600D3
:107B90000DE61C0DF5030A03FDF906E3FB0AF307E6
:107BA00009F70617F4EF0AF2FEFEE811FF10F404DD
:107BB000FFFF05F4F8F4F8FA00F6F30EF004FCF514
:107BC000D714FD02170B170A0B0202F1F7F7FFEBB0
:107BD000F5F7FDFA2410012207F60E00D7FB13F685
:107BE00003FBFA15FD0D0017FBFFFFFA0601FC145D
:107BF000F806FFE6E6BD0E02EEFC011506FE0100EA
:107C0000E2F203041B131BFB16DC0301F3E3F40590
:107C100005FC050D020800F3050D0209070722E81F
:107C2000E2FBF3EE2942010407FEFF04F8F2FA1F1B
:107C3000040EF21600040B1109120EFA22F518FFB9
:107C400010FEF612FDF1FB00EBF50408F5FB1E1526
:107C5000FB0C0FF2EB260FFC01FFFAE5FC0205F22C
:107C6000E80108FF0D000A1013DE09FE101800F6E7
:107C7000F9FC01F20A1508100802021E0400E10ACC
:107C8000E306040F0119FD0DFFF7FBFAF703E9E125
:107C9000FD070510F4F7152407DC03161416FEF68D
:107CA00008FAFCF6FC33F90401F8FC08F603F0FFCF
:107CB00000F6DF1B1EF7F4FF09F9F8F3FF01FE04DD
:107CC000F600F2010800F4FCFEFCF7150FF60205C1
:107CD000F80B11FB0307F301000B020101F302F2A1
:107CE000F90E34E7E906FD05FF0605FBFF32F60154
:107CF000F606FE02F30B2FECF202D004F4E3F202DC
:107D000002FFFAFF08F405F2E8FDF7EA050BEAE8DE
:107D1000F7E5F7FEF70204F60A1A05F804E4FE0494
:107D2000100300F3F1F40105052206F51B0901FD1E
:107D3000011007F6F70202F20F06091CF9FB010D0C
:107D40000B3727F713FA03FC03FD060201F90512AE
:107D500008FF09FDF7000BEE00E81E01E3FAE70853
:107D6000F2EBF81DFC1BF5F70811FB06FF00DA1615
:107D7000031C2AEEC7E0F2F5F600F007FCCEFEF891
:107D800005030E030C0FDD0C1514F5F5E9BADDFD46
:107D9000040A011E0BEE05EBE4F4FCF70001D8FA2F
:107DA000ED0AEE06040DFFF0FC0904D503140420CF
:107DB000F000EEE6F3F2F9F8FDB527122DFE000310
:107DC000ECF109180AF3FC05F202F2F212F7E112E3
:107DD000FBF30A1B11ED1BF00FF7F40501D6FEE4CF
:107DE0001AFAF7F4FEFDF1E5F6E927DEDDA311F955
:107DF000FCF9F61B0DD00008FF020C060405141C4C
:107E0000F2FF18D607FD1004010006C204BEF3F10C
:107E1000E80A0A0B0400E619FFEE05EFE616180B58
:107E2000020405FA02E70B1D0BEE0D1FE6E7F01149
:107E3000F8FF01FD14F718F4FF0F02ED0CE6F7E26E
:107E4000F3140610161B0608F811E8FFF2FB02F502
:107E5000FB00FBF4F914FE02050B00DCE6F90D2330
:107E6000F3F8FD08FE14F2E8F70900080BDEFE1E29
:107E70000409F814FE01D72B221B05EE0124F3FBA5
:107E800007F301E0F507F80CF50C09150109F936BF
:107E90003DF426FCFD0D09F5FC0EFFEFF3FF060A8D
:107EA000FF050AF70BECEB0F4C3323F5012403FD20
:107EB000FC01FCFFFF08041E0C04F4FAFAF4051799
:107EC000323A1BCCDBFCFE02FC09FAEEFD1F090C6A
:107ED000F7070303F5081A0800F4FE12042EF6FF54
:107EE000F60F0B00FB08FDF9F4110D1CE7FEECF298
:107EF000EFFCF6FA1709FBFDF11308F002F90B0687
:107F00000703F907F100F908FA09FDF7F3E80B0B8D
:107F10000102021405F0FBF700FC0603F601F1165E
:107F2000F30CF9F4EBD102FF07FE090803FEFCF5A0
:107F30000509060807FCFEE8EE0CF2040AB0020B85
:107F4000FB0AFF0A01EB07E718FDFF040FFCE5EA57
:107F5000EC2AFFED0EE41106060AFB0500160B11D4
:107F6000FC030AFAEB08030314E3FAF30C1DFDFE0D
:107F700001F4FA0F0709FE0D05F509FF02050900D6
:107F800024EBFDE70AFDF8010305F71004E00314F4
:107F900022050CE70BF7E807062CFAFFE10B0405B6
:107FA000F8050707FB03020F2100FB02F702FDEFB4
:107FB000131C01EEEA13FD06F9F7FB000017F81396
:107FC000F6F70200EC02F9F312EA09F708F9F9F6FC
:107FD000F401FF06F6FB0C00F8F2FC08060000DADC
:107FE000FBE90127F30FFCFD01F807F4041E0DEE79
:107FF00003F913F9F10CEB05F8EAFEF5D8FD0AEFE9
:10800000FDF503E6FB0702F904FE0F0BEB0A14FD76
:10801000E3F1E500EC02F010F807FD1AFFFDFF01A7
:1080200001FB0302040300EDE2D6F1F6E0F8E6FD01
:1080300002FB0B110208FBEDFC04FBF20C020EEA42
:10804000CD01FA1912FAFFFE00FE02FE00FCFE024C
:10805000FEFAFFFA04FE0303FDFF02FFFDFDFB0431
:10806000FE0102FB00FFFF020100FE0604FF02FB0F
:10807000FAFFFE04F4FE01FC02030502FFF7FC0117
:1080800005FF02050103FF00FE01FE00FAFF03FFEA
:1080900001040002FD0000FD0408FA0200FCF803E0
:1080A000FCFDFFFBF9F3040204FBFEFE0001FE01F0
:1080B000FF0401040301FCFEFFFE010108F4F4FFCC
:1080C000FDFCFE00FDFE010001FEFE02FFFEFCFEC7
:1080D00001FBFEFC03FAFE04FFF7FFFFFEFCFE03BC
:1080E00001030302FEFEFC00FCFF04FF0007FF0487
:1080F000FC0401F900FD0103FA0202FF04F902FD8C
:1081000002FCFE000800FBFFFF0006FCFFFCFD0177
:1081100000FB01FAFD01FC03FFFFFA01F0FDFD0089
:1081200004FFFCFDFDFD03FAFD03F7FC0003030063
:1081300000020400F600000001FDFCFD040302FF44
:1081400001FCFC05FD00FF00FBF8FCFE040304033A
:10815000F902FF02FD020306FE010306F700FEFF1F
:10816000FAFB03FBF809FC00FF02FF0101FFF9FE27
:10817000020200FAFAFDFE0303FEFB000300020206
:10818000FBFD0105040300FF000106FF00FD05FEE5
:1081900000FF0301F804FFFAFE04FCFE00FD0001ED
:1081A000FEFC0203FBFCFF05FE04FFFA03FEFBFCE2
:1081B00005000300FC00F701020302FAFE0000FFC5
:1081C000FEFFFAFFCD02F5FFFC080C14FCF211FDD6
:1081D0001504F315F408F6E90E1A0DE7E8E4EF0BC1
:1081E0000802080401F1FA111EFF1011F906F21736
:1081F000FB262BFE1D350C11F906FA0AF1EF01E7FB
:1082000003E4FDF903FEF4FC0426FCED0003FDFA93
:1082100007000AFB080AEEEDFBFB00EF0D100E0B4A
:108220000AF6E5FD06B90DEBF2F6000303050001C1
:10823000EFFB1DFAF20B1C09FCFA17F6F8F20DFA27
:1082400004F404FA09FFFEFEF8000811000C1212F3
:1082500007D5E201EFE6FF0508F60113F60EFBDD98
:1082600006FA1313F6F50F0700EEF926ED0A0D0DC9
:10827000F404FCF1FEFD00F1000E040F070CDE110A
:10828000060AFBF40E02F30B07F905F60F11F805C9
:10829000F0F5FC060606F803E8EE170515FA17FFD9
:1082A00000070DEFFEF8F7F105F8FCFF0B090816C3
:1082B000F402CC2F0AFF05F6010907E4F1FC11FFD7
:1082C000080904EA16FDF12AFCFAF00C1B0FFDFD6B
:1082D000FDFCF4FFF8FF09FA04FA0B02FBEDEEFED9
:1082E0001F0413F5C40EFEFC0D00EFDD0117FAEDBF
:1082F0000BFC0009F1FB1211F0C9E6F6D807060ADB
:108300000DF310EA0805FEF10906F527050C1AD64B
:10831000E5E7C41EEFF9DE02F3FA070EF5F500EC0F
:1083200018F8F00A05F3FA0FCFE4F30E14F4EEF4A4
:1083300002FDF6F2F2F007EC07F2FB2301FBF0ED91
:10834000DBF4231200BB0E0AF302FBFCFACB07E0BE
:10835000E50505E505011BF60800F705D9C70AF68E
:1083600000E7030605EF16D5CF0801EA021B330E1E
:1083700011E2FCE6BABEFA15F900F619F8EAFCF7C4
:10838000D8000CF1061F16051FD5F9F0F8DBD6FA58
:10839000FDF00E02071506F8FEF905F316150DDAC5
:1083A00014D9E3F402F409090EF5F8FA01020DF705
:1083B000FBFDFCF9FCF81A3F11000102FEF20DF280
:1083C000FAFE01F007EA05F6F7F4FCF713FCF820D3
:1083D0004416F6F5F0CB0704F8F7F9EE01F006CEF7
:1083E000F7ECF8E6F8F0110A01F1DEF2F1CEFFFC4D
:1083F000F1FA00F6FD05FEF6E8FE07F001F7FCD500
:108400000D01DCED1802FB0D100BF80C0013FF0F33
:10841000E80F142AF90BF20308F0EEEF1606EF0B43
:10842000F21112FDFD000FF72EF6F3190C01E7F221
:108430000D1B0101FD0013F20104F80D12E4090BFC
:108440002004F3F5FCFA0E07FB2CF2EBDE18E5FF37
:108450000909080D0E0B03071EFC04ED16F7EEE1EB
:108460000A3F33D80CF6FEF6F1080706120417206F
:1084700007FF0504EE09FFF60BF62DFE070800FDC9
:10848000000317EAFE03F3FD0AEE09F3FF011407E8
:10849000EAEE1F0DD8F3F6FBFFFCFE0DFFFE06E330
:1084A0000CF50213F3F50BF2D0FAD21404F6FAF538
:1084B0000715FF1700F9080A15F71221F70302F252
:1084C000E2190C01FD0B04FFFBF903F80B2E030866
:1084D000F4FF02F5000E0709FFE2E30520F10901B0
:1084E00005FE00E7FF26F801EA04FEFC030E05097D
:1084F000F8F9F01833FE04000406F6F20003F2EB7C
:108500000000F301000902FCFFECE10C04FC09028D
:10851000040A061E020601FF130903F40B05041FDB
:108520000208FE05F223F003FDFF0BF6081604EA2D
:10853000FEFD04F2050E09E3FDE8BD022728F80A56
:10854000ECF6F5D5001901E90605FEF7120C09E570
:10855000F8E3FE050DEC07000007FBF20105090832
:10856000FB09FCF3ECF0F901FFFFF5FA0D10150C17
:108570000404001F0B07FD0A08FE04EA0D1900168B
:108580001106DBDCF5E602FB0302FF1A050BF70020
:108590001AFDF2EA1F1BFFC0002DD002F60BF100FE
:1085A0000AFFFE0C03E90D041501F603FB04FAEFC4
:1085B000000E04E8160FED01010D06E2FE1F04197E
:1085C000FB0504FAF506F5F5F6FF02FD130D08FEAE
:1085D0000FF6FC0F0A14FA04FA00F9FBFA0F04F381
:1085E00008DAFDF5F2F2120903FE031F00F403FF9F
:1085F000FFFE05D80DFCFDF5021B00F2DF01F2FCC9
:1086000006FD06080DFFFE0406F8F70514FCE7F763
:10861000F9220EDFF20BFF03FF0611FC05F2FEFB51
:10862000F8FE030705140502F4F6EAF509070AFB4C
:1086300000F8FE0B0312F60CFCF709F30906F1F241
:1086400013F6031ED8191CF9FDFE02FDFFF20CEF14
:108650000505FEFCFBFB11F2F608D0F9ECE70A1069
:1086600001FC040C000AF3E30EFA02FE100D1AF1ED
:10867000F7F8DD04F1D70304F90204DD05F303E79D
:10868000F50200EE13F70100F1EC11070631F6FFD9
:10869000FE0C02F10A1D001F1907F61DFE04DFDEA5
:1086A000F61B43070CE90BF90509F2FBFFFB0BFC7A
:1086B000FDFBFB04160101FD0512F300ECFB0700B6
:1086C0000703050C01F70B0109060FF20AFB141052
:1086D0000A0CDBFAE711070401070900FFFE090F86
:1086E00015F5FB0E0408F20D080A07FFF823FD0933
:1086F000FC0C09E90609080D04FD0D22F2FFED014D
:10870000ECF4330D05070AFDF5FB07F9FF18090026
:1087100011FD02FBF6FE160D02E10813F20D0CFF2F
:108720000BFD0D0BFC1A0002F70D03E6F80500F136
:10873000F0F3EFF9FFF4F108F9FD0209EDF003049D
:10874000F0F707EF180D03F7FFF90318E8F404FB3F
:10875000FB0BFEFC00DEFDF2FD070AF4F508F00558
:1087600002FCEC060F0902FEF70504FEFE01F8000C
:10877000FFFA0504FFFF06EBF309010223020BFBDE
:10878000000BFE0000010605040AFEF205FAF1DA0C
:10879000F7F30BFB17FE09FBFD01FA1207FBFB1BAE
:1087A00005FD0DF2F5FD00F51BFDF515E8FDF002E8
:1087B000FEF903F4F7DE08F90DFC09FA04F710F4EA
:1087C00015E8DA000D26F5F802041405F823F6EA98
:1087D000FBF9FF16020FF120F5E6F91036F00D0552
:1087E0000202010BF50C15F9FD050A210001DCFC64
:1087F000F00AF4FBE8DD0A0FF704081A08010EF28C
:108800001F0012FBFBFDFDF40A09DBF30303020961
:10881000F30405F1FCE9F8FBF0F804DE110B24EE9B
:1088200016FFDCDC0F040C0C09F900F6F01005F45F
:108830000A070CFC120EE007FD26ED02F60511F901
:108840000208F8F7F5EF03E90FFE01F3FDEAF2FA8B
:10885000F213F402EBEE140F03FD06FA10FE0EFE07
:1088600001F4F0E3F40605F1FEF0EA03FFF8080373
:108870001006FAF6FD09030F030801040416FAFABC
:10888000100701FC0701F109FFF6051BFA110EE7BD
:1088900007F40505F7060CF3F711E0163304EB08AF
:1088A000F609FDF3FA1901E7110CF40704050E238C
:1088B000EC01E70A030CE70C02F803F1FB120905CF
:1088C0001FFAFEF8F4F6F20AF704E4150704FB10A9
:1088D000FD0B010301E00CFA020BFDF7FBF80701A9
:1088E0000008FBDFE6EE0807010E08060316F3EAB0
:1088F000FB11FFF003120ED10AEAC60204DDF0F705
:10890000FB08F71DEE05000D100303F31007FADF57
:1089100001F9BDFF31FD090FFA06EA120502010156
:108920001C0000F42205F1F6F014E8E91600211C01
:10893000030202FDFB1007E70C0EFC07E606E31B33
:10894000133FEBBBF9C90B0DFAFD01F3FEFBFDF77D
:10895000FC0204E5100223E4F9E3C2020CBC0AFCA9
:108960000EF100F90213FFE6FBFFF8EF050421FF0B
:10897000F5E5CF09010F08F612FBFFEEFB20F40B23
:108980000500FBF1170A1B15E0F10F100121F8FD9E
:1089900001FDF2F6FF12FC110602F6F80805E003ED
:1089A000C30A360BEAFC09000AFD02F70CF5FFF9D1
:1089B000FC0CFFE7F6FA0AEC05F5DE05240607FADB
:1089C000FEFC08110506F6F0001602E319FE14FD80
:1089D0001516EE1A0608F10600FF0503F8F006FF6B
:1089E000F901FAF80904EB02FBF900FC14C5F90BD4
:1089F00002FEFAF00CD7FBEEFAFAEE060501090DBD
:108A0000F6FF1608FBEA05050102FB11FDF7FEFE65
:108A1000030707040A0AF5F7061FF402CBF1030760
:108A2000F401FCFD08E8FC05F90DEEE9EFF1170093
:108A30000D1229F2E311F608FEFC0114FAEF03FD12
:108A4000F7FCFF0D1002F3FF08F1EAEAE3FAF5F98B
:108A5000FCF9FAEEF4EB05E9FFF8FDEBFF03111565
:108A600019FCEF320DFC0500FBFE09F7FEF30916B9
:108A70000BFC03FC0203FF1502FE0E04F0FD15F9CA
:108A800008EDFB0DFF0DFDFAFBF9090203091B2997
:108A9000010A17FBF701F804FF03FD1F0AFB00F9A9
:108AA000F505050D0FFD0CFAFC09F218E5E90407C0
:108AB0000400F409FEE0FB05EBFB02F807010BFDE7
:108AC0000208F8E4012C05FF02FBF3EAF605FA07B9
:108AD0000CF70008000F100CFB03EB14FE0B0FF952
:108AE00001F9FAEEF70402F1F403F909FE041109A1
:108AF0001005F5FCDCF808F700FF010FF7FE0EF299
:108B0000EA000016EC0707031104FAF8DEDAECF8C5
:108B1000FFF50517F9F5FEF005EDFF03FF02F8FF7D
:108B200013EADFF5F7190609000E08F5FAFEFCF363
:108B3000FD0105EF0E080C0DED0ED604FCCB14F371
:108B400001F8F2F5FE0800FAFD03F8F41120F6FD35
:108B5000F7FAF7E9F8CA0F0BFFF0F01FFDE605FC86
:108B6000F8FD10EBFF002002FED7F804E5BCFD0D78
:108B700001FA0933FC0603E7F3F609DC1D1826F9B0
:108B800003DBD41306F7FE04FB0C000E0309FCFB09
:108B90000400F7F20E08FFED05FEEF0008021B04CB
:108BA00008F901E3FDE60302E1FAFA0A0E04E1F234
:108BB00024E81F0600F81FFA09F2F9FE0C0F09FB62
:108BC000E5F1FFDBFAF100F5FCE905EEFD0FF0F54C
:108BD00006F100FC0527FB0100FCF9E1250910E185
:108BE00015DBE4F6E7EFF80400FBFB1706F8060DCB
:108BF0000103F9FB0B08EAFB0B0622EFFC04FEFF66
:108C0000FBF5FF05FADF0707E5F6050200F8ED16AC
:108C100006011204EA010BFE04F70907001301E93B
:108C2000F6F80A01F5FF04FBEEE8E5FDF601E10FB9
:108C300004F7F208FFF903EFF3FEF4002E0401FD40
:108C4000FDE8E608F1D0030801F80607FE0CFDF187
:108C5000FAFFFDF303FD11FBF3F6D00F12F90A073B
:108C600002F5FEE3011BFEF20807FAFA0C0C0B12E8
:108C7000E4EBDA192B1EF9FEFB05FCE9030E0405F3
:108C80000802FB06F4F9DB00CE0F1318142AFCFCD3
:108C9000FE11FDFEF701030E0EFC0011FDF8CFF7EB
:108CA000F10C450EF1EAF8040109F906FD0F0B0677
:108CB000FD0207FCFD0716E4090AD105FC16E203D4
:108CC000F5FA08EFF41C03EE001302F2001007128D
:108CD00005F6FAF70631FBF505FD0C0106E5010284
:108CE00021080A15FDFE0702F80410FCF220070512
:108CF000F514032BFFE001FD0F07FC190C10F31A0C
:108D0000F2171BF4FFE4FBFC13F100150516EFE46A
:108D100003FAEDED06160DF209FFE50CFEFFF60A6B
:108D2000020509F303F10805020A09E0030200F253
:108D3000F7FAE7F1FDFCE607FF1307FF0A04020458
:108D40000302FCF3FA03FD03F808F21401F7050B24
:108D500007FDFFF1F80B05F508FA0BFAFC1B0DF9FE
:108D600000E1E2EBE3F1F504090AFE0A01FA030966
:108D7000080009FD0110F4F5FE17F90111F2FEFDDE
:108D8000F50EFAF900EF090F06F5F9FD0600F9FEF8
:108D9000101907F506FB0FECFE10F5F80516FFFF9E
:108DA000EF07FCFFECF1F5120CED23EAEDF501FE07
:108DB00002FFF8EF07FDFAF6F2FDFDF903F70A0DE1
:108DC0001AEDF31FF30011FE09F7F6ED09EFFFFBB3
:108DD000090701F00801FEFD0CFE00F4FB18E80D88
:108DE0000305F813F2F2070D0FFEFC0403F2EDED9C
:108DF0001629F2FA080E05FDF61D02010716F110FC
:108E000010E50F0FE901EA050E2F020504F609EF40
:108E1000FA10FFEEF70A0413FFFBFA16E7EAF2FE78
:108E20001E1A0616FB000200F8F902FFF4090D00F5
:108E3000FCF6F40CFBF2EEE8F0F000031813EA067F
:108E40000E150012F71604F9F908021CF8F02505B2
:108E5000D8DFE1FDFC1CFBF00812F50A0818F90147
:108E60000A00F226170FF0E3F0010AF0FD13FDFFF0
:108E7000F6F7F4EC0DFDF9090500020DDEE4EEEE67
:108E8000F2EB2615FAEC15F10CFE01F000EE0013E2
:108E9000030AFBF5FCE40201F5131903FBF3F2F4FA
:108EA00002F80318FE12FFFEEEF50311E716FECEE0
:108EB000F0F2F6F9F6F501070800012B0BDF00EAE6
:108EC0001BFFFBFC0612FAEAF418F7FEE2EA0BF5C8
:108ED000F9EFFB0C02D8FAE7FD0B0807FF01F910C8
:108EE000EF12E902531005FE04F304DB02ED13F365
:108EF000F701FEE013F7F142FCF220F01B111BF723
:108F0000F20DFBE5041005F01308FFF0ECF50D1071
:108F1000F4E702F4D9160C0CF70212E505F5FB0B89
:108F2000F8F402F9FE111AEEFFFBD91FB7DCE106D7
:108F3000F5F0FFEE05E9F0F4FDF509E4F9FE2AEBA2
:108F400011DDB819ED1CF20A0103FCDC043206FF46
:108F5000000100F602030105D7E2D1170921F2FD55
:108F6000080902DF07FB0A09FB17FF15EC0BE0FC01
:108F7000E71014F9FA2602F2060BF603F702F71BC4
:108F800004010311FDFDE1F50608220C0E1501FB9D
:108F9000F506FBFF05F3FF07040602F7F8E90002F8
:108FA0000B0218F8DAE0FF0606F904FBFB1006F3E3
:108FB0001201FE13100AF5DBF23CC701FDC2FCF8FA
:108FC0000213FFEF06E7FFFC04FD041B0100EFE0C6
:108FD000F4080BE011E40912F3050202F909FA0999
:108FE00003030F0A0800F7040EEA03E8F6E4100989
:108FF00004F7091603F5070614F3FDFFE5F00C006E
:109000000B06F81402F4F500FA10001301E50AFF4C
:1090100019FB0BE507FDFCE5083F19FAE800EAFE3D
:10902000F5050E040E00F012F8030BF7E6F9E40361
:1090300011033AD8F5100003F5FA0506F80E0801F9
:10904000FA06FD0BEFF2EAFE0DF501F8F8FC020658
:10905000FFFBF60BFFFE08ECE7FDF2F2070207103C
:1090600002FB00F8F8F8000605100312FEFC0C0ED7
:1090700007FF03FE0B0D0BE5FD07F4EE09F7FB07F9
:1090800000F10C0504FEFEF5FE02000402FAF9F6FA
:10909000FAFFF3E2150510F9F9FBFA04FDEF0801F8
:1090A000F4FBF10C09FDFF0BFDE91B020DF9FD0EB0
:1090B00006F0FD1BFB020BF4F90804FFFFFAFD00AC
:1090C00001F8EAFBF9FBFE000004FAFAFE00FF08D3
:1090D00007F507050D01EB0B1BF023FC0AF705FB59
:1090E000FCF5010306FFFE1DFFF10608FDF7FA0778
:1090F00013FB15F8F9EB05FF02FA0A1908EDF9FD63
:10910000FBF70BFCFBF80CFA072209FB11DC03024E
:109110000204FBFDFDF9FFF1F602FCF4080A17F466
:109120000B02ECEE111701F2FB05F8F605E603144D
:1091300005F9010301FCEE0CF4FD37E9041619FDF5
:10914000FE01FE1A03F6F7EEE700F513EC00080740
:10915000EBF2ED05FF28110504FAFFEE0520FA05F4
:10916000F20006F3040702140BF7F6130B2BF102BF
:10917000F80505E8010AFE17FC000903FBFCFA0DDF
:10918000EAFEFF0D081F0BFA02FD07DAFA09F5FEE9
:10919000EA020C15ECF6051AF0DD09134C16FE0771
:1091A0000604091BFD18000BFB030B17F008E60370
:1091B000FCFCE80606FA01F5FC0A010A0B0309F5B6
:1091C00001FBFE060004EC050A0AE3030E07F7069E
:1091D000FD16F7F0000AF90704FCFD05F4FFFEEBAD
:1091E000010A15EA1E1807FD02FE08EA0208060633
:1091F000FFFCF31204050CF30502F0F308FF0DFB6E
:10920000020CFD15F70608F90004F1FA08F8FB0650
:109210000AF6FCFCF90CF2FE0403070A00FB000549
:109220001BFD01FE0CFCF8EB0C17F807FCF2F9062D
:10923000F10604F5FCEDFAED0A060200EFF6200255
:109240000212F5FB10E901FFFBFEFA0AFBE107EB56
:1092500001F803FD0A12FE1A1A1FF1F4EAA711031E
:10926000FEEAFFFF05FAFBE2E7F901F113FE220F28
:1092700017E6F2F505C010020EEFF919F62002EC20
:10928000E901FAFA121720180BE3FBFF0FD6F900D9
:1092900001F50AFBFD1104FCE9F8FCF31011140DB3
:1092A00000DCFD09001204F9FBF5FB090012FC07C4
:1092B000FF01FE02FA15F7010AF0F50E0D360B0359
:1092C0000DECFCFB0DFEFC01FF03FEF312FD1D0483
:1092D0000F180F02F33B0101FCF3020501FC01F83A
:1092E0000FF7F2E802051DFEF40121FA090EF9F369
:1092F0000F040000041F05FEFC07030A0C05ED0F18
:109300000517FC0BFCF808FFFF02FEF6FAF9FDFF5B
:10931000F1FC0201080BF3E6FBF40A12FBFDF50178
:109320000509FF060007FB0B050306070700FBF511
:10933000FE2001080EFD01FD0603FE03FB01F505FD
:10934000F3F3081008FF180604FD06FCEB05FBF913
:109350000BFC0203000C04100504FEFD04FEF7F2F2
:10936000FDF4FA0EF1F815FEFA00F3FD050E01F515
:10937000F8FDFEF8FFFA03F402E40015DF06F6023A
:109380000CFF00F5F4F9FCE5EEFE0401FB0516F513
:1093900008E2FE18E4FA040407F8FF050C0400DCF8
:1093A0000DFF0E09090102FFDEFBEA1D08F605FAB2
:1093B00004FBFDFCFF09FAF40701FDFCFAFDF902CC
:1093C000E8FBE00C0813F7FDF205FBFC05020D10AD
:1093D00002F7EFF900EEFA0802E91B0110F4FD00B4
:1093E00005EAFC0B040300190EF5FC0DEA06031157
:1093F000E9121D04ED07FA0108E7052907EB09F05A
:109400000DFE0A0BFF11EFFE140813FAE2EFF4163B
:1094100003F6002008F110E1FBF307FB06F6241E1B
:109420001904C40EE31607F1FAF6FEF0FEFFF80485
:10943000F803050201F60BF405D0140706EBF3F967
:10944000F5F4FB070001F5FCE7F8FE14101405F92C
:10945000E8EAF516FBF0090314F8010B0FFC06ED22
:10946000080DFCE0050608F308E7DEE7F0EEF5017D
:109470000DFBFA111103020AECF110DB04F90FEEF7
:1094800001ECDE00F3EF01080A0902F003D9F8ED60
:10949000EC1003F10E04FC0F03EF0A0DF20701FEBE
:1094A00000F408F606F1FDF2F8ED000815F603E603
:1094B00009EC120629EB07ED10FBFBF10AFEEFF2B7
:1094C000F8EA02F5F8F5FB07E7F6F700F805FB0107
:1094D00011060010021B0013041104F8F702050521
:1094E000FFEAF505EB03030203050B0AFDE90EE8AD
:1094F000E3F8FB0900F9F013110BEAF60316F50483
:10950000040305120C2AF010EF0505FC09FCF61700
:109510002B15DAEB06FC03F6FB05FBF3001704FC46
:10952000FB0510031105F30C1A1D0CFCFE0C0AF9C7
:10953000000302F9F91105090100EDF6FDFCF3FA4B
:1095400012041A04E521F7FD011302EAF6FBFD12ED
:1095500015F70C03FCFB03FCFEFF08FE0539D703DF
:10956000ED08FBFAF2E8012F0201130DE0EAEA042C
:10957000FF0A10F81C3300FCEC0CFE1E00F3F9F996
:1095800005E80417F7E2E6190CFC12F802E004F112
:10959000FFEF020C04EDFEE7FAF5070DFE08FD17DC
:1095A0000AEF07F0E7F4FF030802080307F1F80FDA
:1095B00000FCFE00EA0211D8F1E703F1C9D5F30B74
:1095C0000000FD19F8080B0C18F4041E04080AEB3F
:1095D000D6E205E70303F805FE0CF43E08FCFB06A3
:1095E00015FF0B200D0407ED08280901CD02F70A2D
:1095F000FBF9FD0BFED5FDFBFEFB0C07FA031AE59C
:109600001FFB1F14F1F004FD04FBFD11FCE0090435
:10961000FE0DF5EA22FAEEFEED031A0BE3F10DF76B
:1096200002FB0BFF01E2F200F7EB0CF3DFFFDA03C2
:1096300018E623FBFCE02303FEFCFE0DF0E4F1E85A
:10964000F2FAFCF5FCF125040500F30FF1E50D0835
:10965000FBF9030CF9FB02E706E410F00A12FE0D19
:1096600010D3D60326FDED09FC04FAF201DE011940
:1096700007E4FE17F3EFCD28031347FCFC050002B7
:1096800000F506DEFD04EE0A0EFC15FAECFC0925D9
:109690000A0C0FFCEF120BFD01E7F8D70425F6F3D7
:1096A000F904FEFF030F0011E6BDE8FBEB05D6FE53
:1096B00004FBFDFFFB0FF5E5EBF8FFE7100514EEEB
:1096C000F3D1F32CFCB6FCEEF406FFF90011F6FD25
:1096D000DEFFF4E5F30B10F6F1D80D0E1BEAF307ED
:1096E0000501070D0205F21CE5F7F6F41704FED09C
:1096F000F2EB11041FB2F302F7FC071008FFEBF0C6
:10970000FA0206EE220C15F6FDF20123F1E50E0039
:10971000F2F612F209E204EBE20A0BC60610EC21A3
:10972000EDD9E7160D15FDF406F8F2E702F0F405A1
:10973000F5F4FBF6000900F302D523EE0D1A13FF32
:10974000FAF3080905F0FFE1DC0203D4EFEB0D109A
:10975000F5F01D251B4B000D0BEA03CCFCF3F80BB9
:10976000EA04060E0FFB0C0818E4FC00242E13E795
:10977000020305E2FEF2FFD80C0BEF0917F01340CD
:1097800003FDF022F4080DFC050005D7FEF7F0EF0D
:10979000F00BFDFBF0E902E70DD8DE07FC14F50B3A
:1097A000F6F8F6FD03240107EE0AFA12FB201D0B62
:1097B000FBE6D60E1705EAF1FF01F9E6030702F40E
:1097C000FA14F12003F304F8F506070016FF0DF371
:1097D000020001F7F600FFF70B08F90A050011096E
:1097E000FF0A3313FDE3FDFA010005FD020AF8014B
:1097F000F603010C050E0FEFFF04DF0D10E9000B5F
:109800000E001210FA1AEE0BDDFDF5E4FF0C09F163
:1098100006102AF2FFFBFEF7F50C0016F6F90C080D
:10982000EE0C01E91707E6F01F473F1118200B0463
:109830000A0E0A1500D80A03FFFE0DFFF6F3F01812
:109840001B391BC3F828FBFFFF03FE0506010803B5
:10985000FCFF011B06F8E122FB1010EADCF303FE1B
:10986000F4010AFEF8EEFEEB0CFB001516FDE729ED
:10987000F4220DF8C7E60001060A091201EB0604FE
:109880001EE7F91DF5ECDD0DFB300C040121F2FAA9
:10989000F7F90A1C04E809ED04F10614F7F7F918C2
:1098A000081BF4F912F8050A05F207FDF9F607049A
:1098B00001F5FA150A03001BFE04E5F4F405FEFBAE
:1098C00003F908DFFF010FF012EFFC1205FB0A1A83
:1098D000FC08F0F004FB07F70A05FA1D00EA12E2A3
:1098E00008FC1302E9FB03F804FE1DEEF7DD04FBA0
:1098F00000F6040F030EF912FAFE0A05FE1E08FB1D
:10990000080BE80DFEF5EF0F01F707FEFC160EE65B
:10991000ED020A0408051DD5F2C9C10BF7030604C0
:1099200001F60AE20AF703FB0607FDF30F0FF2F850
:1099300008EEF120190805F300F6F6F50D26FF03F1
:10994000F9F509FA02FBEA07F0FF1C070006F2FC32
:10995000FF040107FE22FB14FC0AFCE60E0202F5DE
:10996000F4F507F4D5E80704FA13FF090312ECF144
:10997000F00AFDF72C0A16E0FBFACB0AF2ED0B0415
:10998000FAF60DF908FF08EDEC00ED161B02F5EBF9
:1099900019DF010D090112FA030507D601FBFFE9E2
:1099A000F800FA080FF2E81812E53FED241200F271
:1099B000000FFCE1FE1BFF0404010115F8FAD9FABF
:1099C00009014605E005FE01FE0006FD04FB081640
:1099D000F2FE0101F909FCE6F0E9F3F52B0DEAF7D7
:1099E0000A0E01FAFAD9091B0BF0FD09DEF0EDE0D1
:1099F000FEE7FEEF1C0BFA01FC0006F902EB011C6E
:109A000003F605ECE9F0EE04EE0912F7FDF004EFC1
:109A1000FDF900EAF5E60E0807FBFCEFE2EC12FBAD
:109A2000FB062300E4E6FCFD0303F70F00DC04045F
:109A3000F806000BE7EF02BEFBE9EBFBF303E9F6E8
:109A4000FB0DFC2DFF1E05160300051BE70608E8AD
:109A5000E60BC9031819F410050D08130423F53497
:109A6000FBEC080709F5CA070914EDECE8FBF5EF74
:109A7000FC0202EFF4E7FB0C0AFDFA06F4F3F9EF3F
:109A80000A062EF2FDF3F6F6020A04EC09CC0822CF
:109A900016FF00E7F9FD0533FB0727FDF7F5010089
:109AA0000006FD02F003F4200DEFFBF1E7FCEEF7FA
:109AB000ED1F0EEFDFE70D0403F30324FECEF702E4
:109AC00005F40A04EEF405E6FF0E0C00AFF9F70604
:109AD000F4F208F0FDE30BF2F8FC09F81512100B94
:109AE000FE08E906230FF507FD050AE9FDEC0C0465
:109AF0002300FC27FD01F635030F2EFF221C15F66F
:109B00000409FFDCFC1208060BFC13FDE90BDC2644
:109B10000AEFEBFD040B150701FA05F6060EFE022F
:109B200001FD0805E9F116F417DDE109E7F0070684
:109B3000FDFAFAF6000D0014F1F704F1140E1C06FC
:109B400007D3E816EDF701020A03F41E03E8090D36
:109B50000CF6FF1E0F05F2F7120319DFC800F5051A
:109B6000FD100225FCDE01020AF9061BF4ECE304F9
:109B700008F302F008D8F609FF11FEFC09E700041B
:109B80000A000F20FFFBE8F7FDE717F616FA08F9C1
:109B900006FF07F105E60A0CFF0D190CF0E905F4C4
:109BA00009050EF9160217F906070808F6C70F0F80
:109BB0000209FBF1EFF6E11003F631E804FF0AFCBD
:109BC00016120628FDF7F51715F80E0DF7EC11F52E
:109BD0000908EBF6F1090E04FA11F5EDFB05051A7B
:109BE00021F70D18FB08EA100718FC0A192EFAFADB
:109BF000FD0A02CD0229FF1608100B2BFAEFDC0339
:109C0000DC002A000F20FFF903FC03E7060A070522
:109C10001A00070EF4ED0047F7FA140F321B07FB8A
:109C20000408F612F41DFCF9FD050A020E06E41AFA
:109C3000FC1FEEFBF5FC02FCFE1705F415FEF6F723
:109C400020FA0FFEF5FEDFF40F1AF915CFF40B0022
:109C5000FD0202E6FEEDFA0C0308030FF0FCF51519
:109C6000EE160BF0111EF91009FCF9F6FEFE0102CA
:109C7000FA00FC10F506F314FB130D022003020694
:109C8000EB0B08F4F61109FA1C090705FAFDDDEFE4
:109C900017E810FD11E403FCFB08F600F615F9FBCC
:109CA000130EFA03E7F7F0080FDCE90AECDC02FD1B
:109CB00001FD00F3FE0C17FDFF010005F30C1B1264
:109CC000F8E7D61BF4C4F5090D00FFFBFE12EEF415
:109CD000F40AFEF4FEF815FEEEC2CC17F7040BFEF4
:109CE00001FCFFD9FF21F2F9F7FEF8E9160F18FB86
:109CF000F3D3CA1413160908F5F8FDDC062811136E
:109D0000F51407F3150B0502CBE40D100E18FC0536
:109D1000000E06020124012E0715FF0412F8E2FED0
:109D2000D01A4E09E8E91102FA0A0E12FC18FADEFE
:109D3000E80AF603090C13F80D17CE06FB05FEF032
:109D4000FD05FDE9F8FC01FDEB15F6101500F9FA2B
:109D5000280AE515FFE91009010BF0E307F40B17DA
:109D6000EF0FF3FFF8D8DF001DF8F2F2142B1609FD
:109D7000F70EFFF0FEF40EF10B00F71804FE02ECF4
:109D80000BFE2EF902E6FD0C0408012802EE09FF85
:109D90001207FFDF000800061319F9DDED070304C1
:109DA000030700F607E107021EFFFAF9EBEBFBFAE7
:109DB0000A361702EA19E612FBFCFF0E09F7090042
:109DC00005FDF609EFFEE50513FFE7F1F1100008C8
:109DD000EE13F9F9FAE602030BF106030416000884
:109DE000140704F117F802000E04091410030A10F6
:109DF000270009FBF2060910FBFC0DFC02FF0FFF18
:109E000003010B11FDFE04FC06FD1BFE03FAFB0F14
:109E1000EEF9E600EEF901F702F902F801E90A06A7
:109E2000F9060710F60E090B0502F4F5EFFB09FB26
:109E300007F402FE02EAF2FBF8100D0C0D06200AF0
:109E40000606FA0B03ECFFF901FD0FE4031FFDF01A
:109E5000F006F8E5FFF50318F4F5BF02FDEFF7088B
:109E6000F90003FFFB0C0408F4F6FBE917FE15DD0F
:109E7000E500EB121CFE10F404F7FCE1F413FAF712
:109E80000F0B01E0071211FFF2FA0210061713FE82
:109E9000090AF500FF07FFF6150307FD0AF908F6A2
:109EA000E914F3F700F504FC0B0C060201060DE4BF
:109EB0000DFAEE0916FEF4FB0317C1061E0CFFFC9B
:109EC0000407FDF0030C0FF21DFA04030304090359
:109ED000F0FDFEE60F180FFAFD04FAF40222090461
:109EE0001203FE110831E6FB0BFD04FAFA200F0500
:109EF000FC1606F2FA1A000E010BFC0AEFEDE5FE65
:109F0000FDF51202F805150D020AFA1E042412FAD4
:109F10000BEAFBFF07F90DFD011FE408E307DF0A69
:109F2000ED0001010927FF00F1090F07F6101AE300
:109F3000EFF8E802EE1AE0FEF40BF9040AF912F861
:109F400016F40E12020CD3FF061A190304EA120DBE
:109F5000F40AF81600EC10F1EF04FD0DE9FFEE072E
:109F6000FC1BD1E2F4041C03080DF40401F50CDD24
:109F7000E61909FDFE0728D5ED0BC1010DDBEFFB4E
:109F8000030D0125FCE31EE51602FAF513F7DDC803
:109F9000D70807F40AE41009F9190305FEC21414DE
:109FA0000500F8F8FC0B02E219EEF9E704EEFE12E8
:109FB00012FFFDF30AFF0BFC09081F02E30726FA54
:109FC0002DCFCDE5ECF0FDFF0C03F3F1FD0E02E922
:109FD000ED050FDE0B0508E8F9E0E00518ECF907E0
:109FE00001F80BE7070507DEE9F90CCE160719EEB5
:109FF000F7E2E01D69D7FD010102FCC70B23031640
:10A00000E8FEFCC70E1207F4C0D7EA310C0918F7B6
:10A01000050B07EEFCFBFFF4060803E7F70AE7323F
:10A02000E4FB131CEB22FD0B01FCF8101206FAF402
:10A0300000F303F2002109DE11E1D4F63D15E20040
:10A04000F8F202CFF11EF3F3F108F5F728F8160E37
:10A05000F6DEEC222055ECF9F80AF7DAFA09FCFEF4
:10A06000FE09F91F050BD4DAE31DEC0C2F6D1C0063
:10A0700010FC06F5FFE512EE150BEF1FF4F8F628BD
:10A08000F613E0DAF7F3F5F9F6FBF602FBEBF5DD94
:10A09000F8F0FDE0101206D7150AB301CFF6F4F57B
:10A0A000FD08F90CFEFDECE7FE04F2EE10FE0CF5E7
:10A0B000EEF5D9F8DF13E308050B06F000FE0BF709
:10A0C0001609ED19E8FB04EC1021F202180D071037
:10A0D00002F801F3F11AF5050A02FD1AF202110D58
:10A0E0001BF3DBC3EFFF10FEFFF7FD05FCF110FED5
:10A0F000FEED0FF5FD0804E8FD0FDE14F9E4F0FFB6
:10A10000FC010815F3FF0A190703FBE500F6E40755
:10A11000F420E4F00EE6FFF1020AFD10FD02021049
:10A12000EAF105E8120FFDFA0D0B1EDEF5FBFF0745
:10A130000EFA0BF4FF010607F3F7EEECF30502EF5E
:10A140001EE4FBEDEEFDEFF50AFA01F4FE2AFDF444
:10A15000FEFCF4F5FEF70B08DFF4B90CFB08F50B79
:10A16000FF040BE2FF090009FC0EFD07E6FEE80B09
:10A17000E1ECCF133B4008F80516F7EA0502FB06B1
:10A180000F00FA15EAF8D8F9B30B1015183710F7C5
:10A19000FF09FAFCFBECFC2219FFF00DF9EEC6F703
:10A1A000E9224005F0E607010709FE06F5F601EC95
:10A1B000000507F5060204E9F320C010CDD6FB0226
:10A1C0000A1C07FCFFFD20F514000B060011F1FB33
:10A1D000F801EBFC03D4FD07FE100700FCF20C1B9A
:10A1E0000EF90215F709EF06FEF705E1EBFD15FC88
:10A1F000080B070D0BE3080D130A1A1DF10905FDE5
:10A200000C082EF7FFED020A02FB0E1EFE08FEED03
:10A210000E0A06E101021BFD0531CDFAF322FFFB18
:10A22000040505EF00F70808E2FE03E8FB0ED6F28E
:10A2300001EAFAD3E3FAE0020CF9FE09080A15056F
:10A24000F7110DFAF5FCF70DFDEB02FCEDFCF70C38
:10A2500009F4FF1702F5FFEE000114FB041414F8D3
:10A26000F1D901ED08FA00FC03F1FC210C0401FC1A
:10A270000F06FAF505090BE90303E2F527FC0800D0
:10A28000F4FF04FE03F7031107FCF4FC1303D9F5F4
:10A29000161008CC1401FCFF0305FCE602FF091AA6
:10A2A000F9FCFCFF01FAE5FE28E213FFF6F018FCCA
:10A2B000000901E2F4F5FC0BF5FE02EFFE1107FDCB
:10A2C0001FD9FB052B0F08FB0B02F70C00ECFB0D55
:10A2D0000FF6080119EAE9192A2443FA06E913FFDF
:10A2E000FEEBFD2BFEF003FDDBED04060A09180A68
:10A2F0001DF3FEE5F7D50A0F09F100F8FE1DF4FA8B
:10A30000F000FFFFFA031E060AD5CDF104E0EE0CC3
:10A31000FAF0FFF2050506FAFA0AF8F816162DF912
:10A3200012EDD71F022F02F70DF4FFFE020CF60EFE
:10A3300009050809FA17EEE511EA32F71446030693
:10A3400001F6F90BF714F708EC110AE40BEB0EF425
:10A350002718F3F90352FCF4F9FA02EF0210FE0495
:10A36000EE01F3CE0E0BF1E40419F7080D11FCF920
:10A37000040009FE0508FD02F4FAF7EAF9FAEFE62F
:10A380000519FCF101FE05FAFF07F6DC01E2040AFB
:10A390000115F905FFF3EF01FBFB07060C0105FEB4
:10A3A000FC0AFC2A00F9FC082EFBF80501F0EDDFA1
:10A3B000F9240BFD1505F003FB15FF10FFF10C0B45
:10A3C00017EEF9F8E7F9F4EB06121F04FA0D080F7F
:10A3D000001406E80103051D05FDFF12F4FBE2DE93
:10A3E0001307FFE4F81503FF04FCF8E0FCED0CEBA9
:10A3F000FEF9FF0BFAFC04200ED82901F2FBFD0246
:10A4000005030515F6F500EA02FE0115F1020D1926
:10A4100003F2FAF4EC0EF4020EFDF808F01A02F55D
:10A42000FDF41202ED0E11F6EC00C6E7E8EBF2F3D4
:10A4300004F400090321EC14F2F301FEEC0113D83B
:10A44000E7E1E20808110DFDFF030211F50B020917
:10A45000FC00010B10FB0111020A12FDDEEDF80CED
:10A46000F6F9FEE60B1206F80A0011F707FD0123C4
:10A47000F61A261DF2FEF9F406FBFF1105EFFAF1BC
:10A4800004F9F01BFCFDF20BFD28080AFCFB010E91
:10A4900000FFF60DFDED00F105F9FD0D1711EB22A2
:10A4A000F20BFB061308FF07FCFBF3DFF606EFFCDD
:10A4B000F5F2FFFBFE03240504E503160FE3FFFF9F
:10A4C00004FA0AE5FB0B0AF2FB030115070A09016E
:10A4D000E5E7F2010620FF0200FE060B08F003ED9F
:10A4E000170B050A09030DF2E7EEFB06FEF4120353
:10A4F00006F9001103F1FEF105090DFB060F11200D
:10A50000F106F6FCF3F9010006EB02FDFF12E6F29C
:10A51000DFFEFCF8081118DFFAE1F00E12F000007F
:10A52000FBEAFFDEFEF702F7EDFFFDFE0503030881
:10A53000F0D4E01314E00B090C0802DF0200FBEA80
:10A54000ED03FBF3180307FADC06FA0C1C0405FB09
:10A5500001FCFCFDFF1D0AFDED1501F100091923A9
:10A56000F7EDEDF9C9E4FE0B13FC040B0B07FBF947
:10A57000E6FEF9F1080916F20AD2C709DAF6FFFC7D
:10A58000F5FFFCF60505F90FEF03EEF90E0603DB08
:10A590000DFACF14FBFBF200F80E00ED1504FEF1EE
:10A5A0000A16F40302FB0603090D18FD170902023F
:10A5B000FA03FAF6FE12030E01F50501FE08E505A1
:10A5C0000015FF0BFA21F905070B01F5FDE2050A5D
:10A5D000FF030204F5FAFCFA0FF52DF9EF00F9FB81
:10A5E0000001FD11FFEF091209EC0007EAF6F4F48F
:10A5F0000201E8F827E1151109FFFF02FBFDFAD976
:10A6000008F8070DF4050FF911F2C4E9FDD003F2C3
:10A61000FBF0F8F10B04F109F301F9FBFC0531083B
:10A6200027EEBB0DF30706FB000000F3FCE50D0A67
:10A630001607FB25EFFFEDF1FD010F032301ED02EE
:10A640000205F815112CFE1A09FD0708F907FBDFB2
:10A65000F1FBFC05110DF4F6F917FF0A0340FE2388
:10A66000FE01FAD90C0EDBD016320B0005F0F7FA1A
:10A67000F80002F5F4F702080701E5D8FFF60CD55B
:10A680000D08F6F80A02FCF90508F6DCF2060009E6
:10A69000FDF70302F4EFF721F6E709FD10F0FF05DF
:10A6A000000000210405090613F10CEB0FF7EFE59C
:10A6B000E60FF8F0F0F90300F908FE16FED7040CD7
:10A6C00016FD04F8F407F7E6E93024FFF5FD010A6A
:10A6D000FFF701FD08F8FFFE0EF6FC020002F8F09D
:10A6E0000D07D5E23614FD060AF701F600F8FBFE69
:10A6F000FFF9F10F08F3FE0201011A03180704F134
:10A70000F603FDE50CE702F202F8030D01F5F00493
:10A71000F60FFE0A0D051706F50E06F2F50CFC12F3
:10A72000F8FC07FCF30700080BDFF1FE25F30F0828
:10A73000040DFAFA040BFC06F0FB05EBED0A08EE3B
:10A7400010CEE9FBC3E603FCF20EF80F04D40601B9
:10A75000FFFBF925EE0BEBE0FFF632EDF70001050C
:10A760000508001801EDFB060BF70215F3EBECF200
:10A770001B01F2F3DBE0FA080300FE0CFDCD071D20
:10A7800009FD140C02F6DDFE08061B00F1D315FED0
:10A79000FCF90111FAD8F8F2F1F60B19F3F3EEF720
:10A7A000190410D31E01FDEBFEFC06FF0AE3FD1C9D
:10A7B000000600F4EEF90A20F1D911F9F3E0E40BF8
:10A7C0000D06EC1BF8FA0A1A0CFC0A02F1E6E9166F
:10A7D0000510E61003030AE9FA16F6EF0FF5FD0679
:10A7E00021FF0012FBFCE40707141D01F407FEF52E
:10A7F0000AFBFFDFFD0EF9160B060B19F6F2021726
:10A80000EAF32EFA0C230CFF00F409C3070805F73E
:10A81000F80CF522FE00FF27F9DBFE1D2614EB0BDA
:10A82000F80FFEFFFF1E0010FFF902110AEEC8022A
:10A83000020B11FAFD08FDE7F8050704011BF700FC
:10A8400014070126E9F6ECF1FC22F70F040014FCD2
:10A8500003FB00ECFFF5F311EE050A17EDFEFE0E0B
:10A86000E8010B080A01EE12F701F8FE01F2FC0400
:10A87000EC03F9100AFBFCFD040F12022106FDFE99
:10A88000F60901EFFDFAF503190306FA08F2D9EE0D
:10A890001BE937EA22F609F00103FDE9FC01F60B9A
:10A8A00013FF08FEE8E5EB1113160FFA13F50B0082
:10A8B000F60000E4010CF90411FA0A06F9F9072080
:10A8C0000204FDE91DE8F7F7FEFEEDF204F90825A4
:10A8D000060105ECFF00DBF0121F47E9F402EFFA76
:10A8E000FFFBF10FFADAFB1BEEF3FCF1FBFA02EAD5
:10A8F000161710F007FF1DFD050307020B09F602EE
:10A90000E5FAFAEBF80220021817E202FE02FC0454
:10A9100004F5F5FBFE0AFF03FF0609F502EE1AEC4B
:10A9200010FABF16FFDEECFEFFFD0AE603EDFC1495
:10A93000F704FE03E7E6F1ECE6C137070F2EEBFB69
:10A94000FCF9F300031AEB1DEA090302E7F711FF14
:10A95000F2DDEE09124206FBFEFF08F9031EE914C0
:10A96000EE0E00FA1100EAEAFE10F00CEF0503000B
:10A97000F80008EBF7E9FF0BF0FDF4D4EDE6FFF586
:10A98000FC01FDE9FBF60CEE06FAF6D3FFDFF0154D
:10A99000F7F5F62207EA0505EE0016FD2A000AF291
:10A9A000FE05FA1F060CFEF30AFFF007F4FDD8DCE3
:10A9B000F51222FC03E90FFCF60802F8F5DCF803B7
:10A9C00009F3E604EBE3D3F5F01B0A16DC080B06EB
:10A9D000FC0509F10D06060A08FEF911F1EBEBFB87
:10A9E000F5060700232DFCFEFEFBFCC203F511ED6E
:10A9F00005FAF6FDF5FBF937100532F9F01AF1FF0B
:10AA000005F8F1FDF4EAEEF10A040F06F00703126F
:10AA1000FD01DDEFD4240101FD06FA07F51706015B
:10AA200006F70802E505FF03E1E8E40FF8F8D6F5BC
:10AA3000F401FDECF916F2F6FCF605FEEEEE1CE56F
:10AA4000E7CBFA0BF2F40707FDFB06FD11CE02F48B
:10AA5000070507EA0FFAEBED0B15F8EF21D3020615
:10AA600005FD07E702F0FD1404F3020A15F7F102F1
:10AA7000081821F507DBF8070AFAF91AF411F81299
:10AA800004F4000B23F61404031225FD1227010819
:10AA9000090207F2F408FDFAFF0607060A08FE1885
:10AAA0000FF71B22F8F706FA09FAFE0C04FB07154C
:10AAB000EFFCFEFDFAF20E14FBF70F04F92FFCFF7A
:10AAC00001081AE6FE15F312EC040314FB08300C1F
:10AAD000F0C5E413E03BE6F3FBFD0329010EEDEACC
:10AAE000F8FA0319110B2A05D8072E1AED16E500FE
:10AAF0000E01F907FE0800FD0801F8190A07FDFF1D
:10AB0000F01B2922FC00F9FFFFF409080D11F4F2F3
:10AB1000ED020107EEFB1AF7FDF1090CDBF2030968
:10AB200004F8F60104FA03DBE1F40300050627FA52
:10AB3000FEECDC0609E30004F5F819ECFC0BFCF272
:10AB4000EBFBFBE731151AF8F2D6111BF8F5F80606
:10AB5000070E1409FEF1FCE9FEFD0DE005050400F9
:10AB6000FAF1F51718FD00FFF4FC07F60507F9EEFA
:10AB7000EFF40303E8F109240DDBE9120EE71011ED
:10AB80000002F5F80524F8E1070E0EFD120D01FC98
:10AB90000EDCE81CE6EB04FEF5F203F7FBFB02C853
:10ABA00004FCF1F108FE230013EBF422FEFAED049D
:10ABB000070008E8F4EE03F403F9FBF210030201C6
:10ABC000F0FDEF1DDFCD120D0AF10B08EF1407F4B5
:10ABD000F00F02EDF7012AF9F9FCD6F9F1C70213DB
:10ABE00000F2FD1B11FAFAC7E701FAE62B212CE768
:10ABF00013C4CF04E8B9050AFDFCFACE011105DD46
:10AC0000DF10FCE6291A1904F6CDF00C0E05EEFA59
:10AC10000B01FCF5FE2AFF00180D0A0E141B15117E
:10AC2000FAF916130ED90B0F09F3EDFEFB040AE631
:10AC3000EE0C02ED120E0610FFFAEE0B05F90E02F5
:10AC4000F9FFF906FDFC0AF603F2FAE41DEE15E43D
:10AC50003613D503EB111504050105D5FE390A0E8F
:10AC600005FFF2E50608F3010EE7E8032C0808F8F3
:10AC7000F21DF9F1F83100160C110621F0F6E8F496
:10AC8000E00525F3040F180BF90BFA0AF524FD066D
:10AC9000FB02F9EDFDF611080813E701DD10F201E2
:10ACA000EFFC0706FA1F030A0BF907E9F90316EA96
:10ACB000091FF21EE018E803F916FB05FBE200008D
:10ACC000020EFFFB0A0BEBF80A3607010620FC0414
:10ACD0000C08F9FEFFE205230DFEFB11F0FCE0027B
:10ACE000020D0DEBFE0612FDF908F90DFF1810021A
:10ACF000F50F0C02FE0322E9F30EF80DF5EDFB0251
:10AD0000FD0EF31610E511F00302F8F90C0AF8E055
:10AD1000D7F60D07F7FDFCF80611050700CCFB126E
:10AD200013F2170CFA09F9EF0CF70DF406FC020DFB
:10AD3000F8F0FC0104EF0CEC09FC0D18F50612FA12
:10AD40000E080906F6DF0913FEF6F90B08FA0CDB0C
:10AD5000F000FDE706040BFB09E1D619D1CD1EF288
:10AD6000FEE500F1060EF5BAECFB03C6110F2B1041
:10AD7000FDB8CD12F9B10C1407EB06E70207FCDBB6
:10AD8000C60CFFD12220241DFDCFD30C0415FA0AD6
:10AD900003FF02040E38FA16FAF7FAF11C281E0611
:10ADA000E2DC1B0C061710030FF202FAFA2405EB83
:10ADB0000308FEFFEF051200160AD60AFADF08FCA8
:10ADC000FFE5F2EAF70601FBEE1205E81EFDFFE1E2
:10ADD0002E0ADC170104F2F3050CFCECF7F6140064
:10ADE000F409E8EAEDF4F5E30813C502142406FFBC
:10ADF000FB07F9F0F80500FF0400ED01090DE2EB97
:10AE00001008FBE803E7030303FBF2150C0102FF44
:10AE10000EF8F0F40E0208ED0B0701EDEC12EF0650
:10AE2000F41202FEFCE812FB33F8010011F3FAE918
:10AE3000F33CF1140E25F7FB03F8F703F5F40DF2DC
:10AE4000FEF8F804F5F7F6FDF309EEE2F2120D084C
:10AE50000804F7FD0BF1FD130F000016E9FFE5F9FB
:10AE6000190F0CE3FBF90F020103F719FEFE070BA4
:10AE7000F6F818F8F90011EF0109E409ECFAF114F9
:10AE8000080CF90B08FB0AFA17FD03F8041117F276
:10AE9000DE16F005F9F9FF07F908FD1002EE0BF5D3
:10AEA00006FE0800E80409F0CE04F6F4F7000807EF
:10AEB0000305000FF9FFFE0DF5070101FC0BFA0277
:10AEC000F5F70C18F9E5F7F903FA02F20116FF0598
:10AED000E606FDFBF0FF03F5E8CE1C03F8F0FEF9F3
:10AEE000F90401090AF9091BF90002FEF200FCDE6F
:10AEF000DFCAF0EE01DD09050305F4180DE41615AF
:10AF0000080110FAE5E8F2D40F23E5F803CF0604B0
:10AF100001FDFC20FEE106F504FE0D00FC1135FAF2
:10AF20001506B9F51CDEFDFA02FF03FA03FBFB0868
:10AF30000209F4020AEE071DF512FD02F5330E08B0
:10AF4000060A0CF20300070D0FF0E608F900DD0217
:10AF50000128070A061A1B0302070502FE09060A52
:10AF6000ED0202E5F705FCEC01F912040CF5F4071B
:10AF7000FDF0FE000815061DFDF313DCFC0402E1E4
:10AF800017E5EBF6FD0208FFF6F8FBE7FEF8120105
:10AF9000EB0108FEE5040316FDF9EBF83110E0F9CA
:10AFA000FE07F5F00B0F0EFD07FC011C080AE1F28D
:10AFB000FCFB1EFD32E609FDF9FC06F60A09FFEA74
:10AFC0000B0802F7E5FBF404FCEFF50BFE0302FFB0
:10AFD000F802FCE8F90A0B08010902FDF30517DD88
:10AFE000E10CF6F8FD09F504FDFF0506031A01035F
:10AFF000FB13030D010A15E90A04F4FF0B010B030F
:10B00000FC090103FAF5120CF9F8F8E9FFF4EEFD7A
:10B0100007F6F9F4001706FAEE01F9FC0915011616
:10B02000FC0709001101F3F11618FCE11010140BD4
:10B03000F800F5FBFF000B020C01F3F9FFF5F1102E
:10B04000FEF203ECEC1D15FF0C040E03F5EC00F70B
:10B050000307F9EA0BFF0EF30106DDF6F5F8090424
:10B06000FCFCF7FF05080C17F5F00C02040D0F0BA4
:10B070000335010BF9F6FF0E0203FE0A01FEEB0990
:10B08000EDF300FF0EFEF9E122070CFB0FFCE400DC
:10B09000F9FE030504FCFFFBF9F3030A0406F6EED0
:10B0A0002215F90006040EFC12F70D0AFF10FFF03E
:10B0B000F901F9FD120C3407040ACD0FEF0A000C58
:10B0C00004EDFE01FD1609F0DD00FD010A101FFE72
:10B0D000F6B9D7F8FEE401FBF5FDFD1BFDF2FBDD43
:10B0E00010EBFEF119001FF5E303F415ECE2EDFBA4
:10B0F000F5F90D11FB050FFBFA04FD02FC1004230A
:10B10000FDEDDDFDFCFB0E0A08F1F70A0B290AE64E
:10B11000EAF2FEF7FB1129D7F3F3E705E5EA03149A
:10B12000F2FCFE11F005F5E5EEF3F9FF220A11DF5E
:10B13000F1C8D700FFE4FA0103FDF5E3030006F4CC
:10B14000E703F1ED211D01D7F4EB0517F2F5F1014D
:10B15000F80C02230214F9040AFFFBF6FAFB09F2C9
:10B1600000F9E0E7F6F3190A0CFD021500EEECDB3E
:10B17000E6F803EF1A0410EE03F5B004F2E2FC0364
:10B1800003ED0411FBFB06DFEE09F2E91D0C0CF7E1
:10B190001ADFDA0EF7000C040709FFF9F9FE05E8DB
:10B1A00007F4FDE815071E0D1EE3FA01DCDCF10AC9
:10B1B000170003FF0A06FFF8FBFC02EA080605F188
:10B1C00010DADA1538F5FF0E020B040308D8FC0676
:10B1D00000F314F7070DF90F120D37F4EFB51DFD4D
:10B1E000FEF7F8160BEFFDDFF2F6F3010E080C0F79
:10B1F0000CEBE8FFE7C110030BE4070D001DF6F7A9
:10B20000E1FBFBD5131B3A1234E6D9F7EEEDED0264
:10B2100004FA01FA082AFB05F60802EE181214EBEC
:10B2200002DEEB160C1F0CFAF9F207F60322FA13F2
:10B230000100FDFBF40DF4F402D9F8132F2D1301D6
:10B2400007EFF609000F00FFECFE03FD1400120BE0
:10B250000702ED1B0A18020205EFFAFEFE06F5E8EA
:10B2600009F6F7E50C1204F70A0AF9FE04F207FCE6
:10B27000FEF30106FD0D03F8FD02F0E20A02E90803
:10B280001707E3EE00F70802FF05F5FCFE03EF0EDB
:10B29000F5FDF20A0501F7FD03FC1502FB030AFDAB
:10B2A000FB0A000BFFF6100617EFFCF713FB00F884
:10B2B000FC231501030301FDFDFE080AF9FF01F857
:10B2C000000E01F8F9F614F2FAF520F8E405110180
:10B2D00009FFFCFF06FD010F0A01F80FF0F806F662
:10B2E0000A14F802000A06FBF503F3090AF9070736
:10B2F000FBFF0107F7F813F902F91410F311FB052E
:10B3000004F80AF8F90CFDE5F800F8020108150246
:10B310000EF9081D050DFBFFFBF4FA02F51A0AED04
:10B32000FDF309FD060F0707EFFAEC1BF106F9F62E
:10B33000FD0FFF07020F000BFA010EE6F50A04EEFF
:10B340000302FA0911B105FBFC03060602BEFEDF8B
:10B350000F00FFF20FFBE5FBF50E57FB00ED07ECCE
:10B36000070AFE2706FCF800FC0306D701FBFB06D4
:10B3700009EE20F2FBE204FE04FDFD0401F0010BE6
:10B38000DCFF11F5010425F63304F2EFF7C9EF11E4
:10B390000BF9020AF9F9F5EDF5F6F0F9020A21F0D8
:10B3A00023D3B7F50D4002FE08EC01D501F9E808FA
:10B3B000FD13FC06EEF2F12718DA2DF1162F0BFC27
:10B3C000F1FE01060001EE180AF5F305FEE8E90CAE
:10B3D000092510F10B1A16FE05F3F8DD04FE01F342
:10B3E000F8F6F7E505F109FC070300FD13E2FBF6AB
:10B3F000F90CFDF4FA0AFFFEF804FBED13F811F165
:10B40000F5ECF208F9180B0404FCF6EB01E406FA7B
:10B4100005F1F935F3F30E2BFFF417F9171CF508B6
:10B42000F60EF90906FFF2F82703F63C06F0F10ED6
:10B430000B30160F130002F0F7FAFB2707F7FB0596
:10B440000F030207F0EB11FC061FE303EF13060ADC
:10B45000F407FEF90708F8231A0A01FEE604ECF4E3
:10B460000E2310EEFA03F90E03FEFC03F9F60C0F9F
:10B47000FCFFFB0CEE04F50FFDFB1801DDFEF7F5FC
:10B48000FFFEF8F5FA0C06F80EFB0AF6F80604FEC5
:10B49000160E0C060605F205F8010B030606F5F07C
:10B4A00004FE170EF0F0F4F8F626FDFFDF0001F4BD
:10B4B0000707FB0104F405F10402020DFD0502F685
:10B4C000E5132609E9D4EDFB0C0607FB05F60CFC99
:10B4D000E40401FBF304F1EBDFE60C0103F1ED0101
:10B4E000FFF4F3F8F9E10B1F0E0EFE0AFCF2EDE695
:10B4F000F8FA02F2F740FF0402FD02FBFCFB06171C
:10B5000028F30205EDEFD4FAFD131502FBF4F8F26F
:10B5100002F4FB07EAECEF0C06F403F8EDE4F109A2
:10B52000F70725FCF2E20005FCF001FF06F205FC3E
:10B5300000F5050EF6FD02DEF2DDE5FFEBF7DAFCC5
:10B540000D070005050904FD0603FE00F201F1F6F2
:10B55000D9FFED010DFAFFF8FCFCFF0AF9F5F4251F
:10B5600002F606071DFDDAFEFB04F5E7EFD5040140
:10B5700000F603F7FBF1FC08F9FE0200FDEDFFEB1E
:10B5800015EEFF0A00E502FD1305FE01FEC6FE1ED4
:10B590001707FCEE01F7F709112C1DF3D9E602FE9F
:10B5A0000603030E01F1F11B05F8FAECEDF3E403D9
:10B5B000041D2CF6FAE30DFCF8F6FB22FBE3F5FF85
:10B5C0000C0DFE17ECF100F40D11DF05BCF4F605CF
:10B5D00003E9FAF1F8F500E8F3F109FD060E0F238F
:10B5E00006EEF112470CF104FAFAFDE107E208F663
:10B5F00012F8FA14F1F7FB3DF60030FE25170404AB
:10B60000000AFEE80808FEF9FB0305F7FBF6F5471C
:10B6100012F5190B080B0C07F7F3FFCF041FFBFB08
:10B62000060B0002F603080C0DE6FD0AF1F20FFA14
:10B63000F6FD00F6040302FDF8F704F1F402070139
:10B6400003EEEC1BFD0C06080A03FEEA1027120E9F
:10B65000FB08FD050600F60DF509F81204100D11A2
:10B660001704FF0FF5030402020C0B0FF9FFFCFF98
:10B67000F7010EEA2617140B021405EC02F900EC90
:10B68000FA0A0704FAF302E6FEFCF6050F3A1E1268
:10B69000FE0A0102031601000E0900070207160048
:10B6A000FF0EEFE8FCFB0207FF0F02FEF2FE06F5BD
:10B6B00009F8FE0C24FB07F6FF3AE8F2E4FA00F57D
:10B6C000000009FFFADF1DEE2B08070F1314F5E643
:10B6D000F22304CEF016070D01FF06F40622FA0A43
:10B6E000FDEA0E02FA05EF05070EF4FF1D34FAF726
:10B6F000FB03FCF30123FB03FA00050EFBF5FBF74C
:10B7000001E4F1F205F4F4FDFF0D001701F80BFE62
:10B7100020F7050D02F7FDFEFD28FA050FFF08FCD6
:10B72000FF0904FF0720091F18FD1003F6060BF0A0
:10B73000FA14EFF4F519F10EFF0501FFF21CFF32C8
:10B7400006EFFFFFF6F5EDEE09F6FCFE190207F92C
:10B75000FF01FD00FC020A1BF909EF0BFD02FED1FF
:10B7600004FE10EBE40B050A02F2F601F92207DEF3
:10B77000EAF5050BEB0203D9F9E6CCFBD7EAF7FDB6
:10B78000070201FCF8F106D80EFC0EFE05051DCDE2
:10B79000D7F2CA02F908E8041201080702EFFF1005
:10B7A0000702FAFA0203FFDFE5E4F4EE0FFBEC0612
:10B7B00004FE02010404FFEFFFF405090AFE01E0A4
:10B7C000E5FE0E0BFF22F709050FFF07FD1A05190D
:10B7D0000304FF0FED0A07FAECFB04091026E70843
:10B7E000050EF80602ED0F0916FD0117E3E5C8E89E
:10B7F000FEFA06F2E8CFF8FE0B0EF502FBE908FEB2
:10B800001CF3FC0AEBFAEFF9081206F4F9CF09FB76
:10B81000F8F702EFF3FC01010309040FFBFE11F33B
:10B8200005E6F3F4F4C50A050413F40EFEF902016B
:10B8300005F5F209F5E8F9ECEE11F7FE03EA02046A
:10B84000FD02022BFC1806360EF303FEE9E7EFCFEC
:10B85000F52212FFFDF3F5F70604FDEB0715000FC7
:10B860000A020EFDF202FB021007E2E7E4ED04F427
:10B87000F7FC04CF03FBFA140103FFDEEAF701F93A
:10B8800011EEFD050F080AF7FC0A010404070A027D
:10B890001F0F0AFBE7F2EB37F80630EE16FEF40A4C
:10B8A000F70E0A000321F715FF00FFFD010610DC6B
:10B8B000E8FFF40802EF05F3FFFD06F9F711FBFDC1
:10B8C000F9090200ED12E6EEFE0CE818E8FE12128D
:10B8D000FE0801FE03000DEAF3FDF41302F9F10A7C
:10B8E000FD12D7E5040F0909FF0B02EDFF07FFF377
:10B8F000FA08021401FF03F00814EFFD2C0EF50402
:10B9000002020CF501020BF6FF0DF4F4F9FBE3FC67
:10B9100008FF39FC150521F0FF09FD0EF5E8FD0EC5
:10B92000F8FD02FF0702E7F9131817F40D0C13FFD7
:10B930000F000E1EFA020F160207FD04F8FDFE1E90
:10B940002015F4CCE8DDECFE070204FE021E04FC28
:10B95000F1190206ED020FE2E2F0DFFF0017F9062F
:10B960000A0E080A1A010AF5FC16FA0EF603F2F09E
:10B97000E6E1E2042305FFF9FA13FED6FF0517FE00
:10B980000D0306FAE6F9EE05ECF1D3F50AF613F627
:10B99000070306F7FB06030F15F8F6FCFD1109F582
:10B9A000FA1AF2EEF9C40D03020DEB0F05F30FDAEC
:10B9B0000F0607060EFBF829053DE700EDA601FF7F
:10B9C000F820030703EA1AF72EF70B14FDF9D2EE5D
:10B9D000033DDDECF0D3140FFB1C00FBFF260B1B1B
:10B9E000FDFD0105F9FFEAFF1C03E8DB1621F0FD70
:10B9F00001080907F81C0218FEF40EFFF2FE27BB2F
:10BA000011D8FD05010C05FB0706FE09FE0F090E06
:10BA10002A0A0AEFDDFD070D0401DFF6E508F20D45
:10BA2000080FFD06FC0B1304290805D5F0F6F1E814
:10BA3000031EEEFBDE05E909F8070812FD070A12EE
:10BA4000FEFE07FBE3F9E7F810100700F4FB02F72E
:10BA5000F9070FFAF4F703EAFBFEFB00130C01C42D
:10BA6000E20515F4F2000103FC0F0B05000BF6EAEA
:10BA7000FEFD06FF010C1FEAED07A70B1CE317FEF6
:10BA8000080709EEF8CC14F6050004EA0A1107CFFE
:10BA9000EFF9C7DFF203090303FAFC0902DD05072A
:10BAA000F7F900F5FFFD10F703D9FDE81A020103CD
:10BAB000FAF3F1F5F7FCFC06000713F5090201E7BC
:10BAC0000CDCF2F8DEDA0BF9F90804F303CC06F427
:10BAD00010FC04FAFEF6F7D1FAF92CF50EF9F9FD8F
:10BAE00006040202F4F0051807F207EC07FEFCE773
:10BAF0000FEF100300DE06F000FDFF0A0600F5154B
:10BB000014FFF5DCF9F506E914061F01FBD1FDF67B
:10BB1000F901F7E50121FD08010600FF02EE01B47D
:10BB2000F4FA252AF03603FA0A03F6F80CECFC1BAB
:10BB3000EF0E0300F4F0EBECFBCF26E5E63F0B0B3A
:10BB400003000B2109F50814EB11000101011B0989
:10BB5000F4F3FC17054DEBFDFF07000FFE11EEFCA3
:10BB600010FCF30F10FCD8F81A2107FEFCC403F6F2
:10BB7000FDFEEFE008DBFCF4F704F302ECEDCB0D87
:10BB8000D01406ECFFF6FB0106F8F8D901CE091C2B
:10BB9000EB0303FB08F3E139040042F50AEF06F773
:10BBA000FFFBF514FCDFF5FF11FC0901E20A0F2A87
:10BBB000021BFBED0ADC13FAF511090FFFC5FD00AE
:10BBC00012EA080BFAFF0BFBE7161004E7EEFEFB88
:10BBD000F806F9FDF8E1FBFF040A07F9FDFDF74A55
:10BBE0000107E90D521DEDFDFAF9F4E502CC070558
:10BBF00001FAF72DFCFADC37FB1825E6491A0DFD92
:10BC0000040102D3FAFFFF10F602080BFC070E2511
:10BC100008FF1501070219F2FFF502EBFF05120EEE
:10BC2000FFFA07FEFAFF08240EFE002DE0120DF7C2
:10BC3000FFFE03ECFF19F201F30103EAFCEC0CFF39
:10BC40000AF8F401040DFB120304F9E80B22010BBE
:10BC5000F304FD0D0C01F208F61AE506DE180B0FD1
:10BC6000FE190910F2FCFC09F80BF2FEF1F8FCF1E8
:10BC7000F105F6080AF314170212F6E5FDF110EBD0
:10BC8000E70605DCF80F04F9020DF8FB12FB02FFD2
:10BC90000004FBF401FD0A0706FBFAEA11142BCDA0
:10BCA0000508F5F9F41E0B110017F700FAF812E079
:10BCB00008FBF8132201F0100166E0EADE0E07FB34
:10BCC000F50AF92B02E120D83DEB0E15EF0EF50237
:10BCD000032FE8E6F6ED0CF2040DF3D5FB30080275
:10BCE00028FEFDF7FD0EF7181B1215FF150A10F2BE
:10BCF000FD0602F2FE2FFF1D0C1C0317F61C07D4D5
:10BD0000F9F8F1FA15110FE501070409F20913E139
:10BD10001FFC060EFBF90F15FE18E302EBF6E60317
:10BD2000061400F7F616080A181B10F5F6120AF6A4
:10BD3000EEFABDF7E919DF09FE070B00FA2310FE42
:10BD40001CFA11E91505E2060A1F0FF6E5020509BE
:10BD5000FE0C03FD0601FB14F300F515FE01E2CA1B
:10BD6000FC040FD0241916F809F8F8140A1102E897
:10BD7000E81AFE03FE0420B4FD18AD0433E3080303
:10BD80000313F51200F005E70B0B09E50FF9DAAA2A
:10BD9000E8E6D4F607F40CFB080D04FDFBC40746E7
:10BDA000FB050911EB0D0CE824C7FABA01E103FD0C
:10BDB0000404F9F210FC01E8070D0305FD090AF07F
:10BDC00011F1D4F8061EF5F4F80207F603210B0C66
:10BDD000F4060502F9FDF5EFEEFCFC160719FEF777
:10BDE000030E0AFB02EF0F00040FF811E9F1E9DA84
:10BDF000F309EEFC3D2B0AF8FC0602E409EC04F41E
:10BE000008F80A05ECF1EFFFFF06D4EEF8D511F7BC
:10BE1000F207FCE702FFF6FD05F70D01FAF618152B
:10BE200018F5C2F401EBEC07FCF90104090411E771
:10BE300010FC040807F7EFF7EA27F3031005E2F810
:10BE40000007F513FC0F0A0000FC0506DF0602F6EA
:10BE5000D80702F70400FE05F80AFEEFFC5802348A
:10BE60001BF703E8FF00CCE51CFFE3F60D1A09FA07
:10BE700004FDFAF8091A0815040E0102EE110FDA92
:10BE800014FB03040B0F09FBF9F9F9E40503091589
:10BE90001A0404E5EFFD0312EB22F3F5F10604FDAD
:10BEA00003FDFE16FA1FFEFC050D00DEF80EEEDBAC
:10BEB000E9090600F5F1FF14F50FFD1007EEFC028D
:10BEC000090106DDF101DFEAFF3008FEEBF509FEAE
:10BED00005F707F9FDD9FFF305F8F7000A0AE907A6
:10BEE000EC0EC7E80F060BF60A02F8E203F20DEFBC
:10BEF0000111FBFA13FF0904070E1005320D0DF7AF
:10BF000001FEFEE002E211F5120E0CF503EFFAFE5F
:10BF1000DD0018F0FAF01CFCF90601FAFFE60C0847
:10BF200016F908EEFC0CF9E806DBEBF3FBFA060762
:10BF3000FD0AFFF70F1F01190206000AF8032AF095
:10BF400025CED1FE17D1F91BFA08FFFD031BFFF028
:10BF5000FF02FDDC0708FCDEF4DCEB0B0DE9F4F876
:10BF600002F5FBD7FF32F4E9F1FC03E1220421F9E9
:10BF700001D0E62325C71207FDF003C2031403F323
:10BF8000E3F0FBD51C1241FEF1CCF52CFC0F11099E
:10BF900002F9F604FB43F1FCF20E06EBF903E81696
:10BFA000DBE50E040300FFFCF3EE0408FF17EBEAE9
:10BFB000E50901F411100AEFFEE3DF014700F8F094
:10BFC000F7E303E00323F309FC0E02F30E0502F28C
:10BFD0001AFCF22019530204FFFEFDD6070F030FCF
:10BFE000EE0EF009F704F9F90213FF0F1F2216F7FE
:10BFF000020EFDF50A0705FFF403FA210507E1111A
:10C00000E302EFE1FCF5030BFFF60816F5ECFAE2AC
:10C0100004F8FCEB120504DE1327E2F1EA0EEF0C44
:10C0200000F5F01006F202F6020AE8050AE821F827
:10C03000F926FC0F0429EBFF01060CEE07FC10FAB1
:10C04000180FF81601020018F92DE4F6060B21FE70
:10C05000FA07FC020F05030219F6F30AE701F217CB
:10C060001A01F7E3DCF8080205FDF71908F005FCF2
:10C0700009F7FDF0E4F314F6F60AF2FEECE7EC093A
:10C08000FA0000FEFE1806040BF40A000A1707EF78
:10C09000EA0001FEFFE500FB07FE0E0200F20213BC
:10C0A00004F2FC08FD07F6FEF10B0CEB1CF90F0681
:10C0B0000A06FE07FFEDF70C03F8F401F7F704EBAF
:10C0C00009FA090FDF01F9060A04EFED04F2090786
:10C0D000031001FEFF09070B03E319FCBFFB160168
:10C0E0000500071301F505FA040405FBF7F7EB0E4D
:10C0F000F4FD1400E505F603F9FE062009CA12FA5C
:10C10000FA010A0609FDDEEFE81C12F800B21AF87F
:10C1100011FDFC15F9E30CE911F5051D04F709F90A
:10C120000901E1C7210F08FFFCFEF0F005E2FF1C4A
:10C1300002FDFD050EF2F41DFE2C27F8F712070F85
:10C14000FA09FDFE00D308EB1DFAF513F8F3F80425
:10C15000F00FE8EFF4031AFA140303E809250821A5
:10C1600008091DFEE106F70C18E6FB03240901FC93
:10C17000FA0602E6FA390824FBFF1309F909FBFA6B
:10C180000AE9EDE5162C12FDFB1004E003030DF3A4
:10C19000FCF90A23EAEF0524E9D4E50F4C32EB0160
:10C1A000FDFA04FB052217191611070EF410D5FF2E
:10C1B000F6FEE30E0800E9EEF60AFA0FF91609FE9C
:10C1C000060FFAFCFD10E30A0A07F2F4FEFC070D65
:10C1D0000509FBECFEF9FD09F814F508E6FBE6B4E9
:10C1E000F4062BE6FC0DFF01FB0403FD0216ECE94F
:10C1F0000005F10A0E0715E5FC1EF1E916F009FD30
:10C200000616031EF5E220060C00FFFA0708E6DC1E
:10C21000FAF71CEC17F90502F8040AFB09F4F525F6
:10C220000F0708FFEBF2F4D626F901C8FCF20A0169
:10C23000FB08F9F50BE40AFD07FFFDFCF6021515F6
:10C24000F00FFDF1F9D20803FC040A0EFFE509F72F
:10C25000F8F8FB030F01FDDAFFF512FEF9D207FE35
:10C2600002F704F0F9FFF4DAF9F300DD1A0327010D
:10C2700015D7ED0BFCAA0602FBE608E9F520F9FC50
:10C28000C50502E0261B2D07FDCAF6190813E6FDB9
:10C2900008F802FDF92704F7F111FEEE13040F0F61
:10C2A000E0E8FD16FAF30EFCFDEEF9140C05F2F9C8
:10C2B000F80F0AF5FB1304FE08DAE4031A1DF1FA7D
:10C2C000F4F500EF0716F609ED0D02EC2409000065
:10C2D0001FFFF51516FCF700FD04FCFB0112F70724
:10C2E000F00EF3F0FC00ECEEF61BF2FC101316FA65
:10C2F000000A0AF1F5FEF9F4040AF109FB05E20669
:10C30000EC1EE5E7F6E30D070308F1FD02E3FEF09E
:10C31000F4FFF7ED1406F81423081CEC16FFFDFBE0
:10C32000FA05030A03E305FF1EECF4F700F10C0D18
:10C330000C1A1F08091AFCFBFA0A00FEFBE7FF0FA4
:10C3400017F5F313F7F3E300FF0D04EAEEF8F40139
:10C35000F50404FBF505050D0DFA0325F1FBF80BBB
:10C360000F07ECE9160B0506F80C001104F0FA12A1
:10C3700006F1060AFA030AF407081806010AFC0483
:10C38000000FF705F510F9060B0A090C0102110759
:10C39000F90E050707F1F602F7FEFE12F91E031A61
:10C3A000EAED0C08F2FDE70CFAFF0705F9EEFE01D5
:10C3B000F903F90EFEFDFF0DEEF9F5F5F20609FAA7
:10C3C000EF03F611EFF90D0009FBFD04FBF506F391
:10C3D000F700FE01040513FB0800E6FEF9D209127E
:10C3E00006F7FB24FBF50ADFEB04EF04100B1C013E
:10C3F00003FEE7FCD3B0130602F90604FAF9FEEBDC
:10C40000FB0604F1150D20121E0101F7F5F9E702F4
:10C41000FDFE04FFFB210E02FC040201130D0105C9
:10C420000105F0F60FFF0D0104FFFB05F70DFFF905
:10C43000FC01FBF618FBFF130D0CEEFBFA1D040BC1
:10C4400002F8020DFFFE04ED02F808E505F90A07FF
:10C450001B01E5FEF2F303FFFD0007FC001709F5E1
:10C4600002F6F6EE0B1212F108F6EEFFF905FC00EB
:10C470000304FAFEFE0F0012FCFCFEF60612EDF8B5
:10C4800002EFEFF6020308F7FFF90111FC1EFD07AA
:10C49000020303F7F90009090800F204060B050A74
:10C4A000F802040E0B161903090205020E080EF815
:10C4B000FD0502FC00FFFD03FF0001F901080B036D
:10C4C000F8090DFD0B0E0FFDFEEDFDF8E505FA0771
:10C4D0000908FC07FF05FF0A01F60200070DFCE052
:10C4E000FA1206F901000DFCFAFBFB0BFA0A01F047
:10C4F000F20306F80D000BE407EEF303F4F0F8087E
:10C500000CF9FB00FEF20CDEFC0DFEFF0A0302F04C
:10C51000FCE8F70FF9F70502060B0000FDFE05EA3F
:10C5200005FD0BF506FC0F0714ECF4FAFCF7FE030F
:10C53000FEF8F714040001F5FF0503F4090200F802
:10C54000FBFBFC1BE0C1FE0108000B0508E9F3DB67
:10C55000F50601FAEDFDFB02F4FC09EBE2D213FB58
:10C5600004F10612F5F704F2D607FCF209113507BB
:10C57000FCD3EADCC9E8E90DF0EFFD23F0DFFC09AC
:10C58000E51503EC0FF7111506F7FCF3EAC9E7FF11
:10C5900010FB0606FED704F3F5FB02ED1B15FBF3BB
:10C5A0000806ECF51D19FFEF0601FCF9FFF703087B
:10C5B00002F9F2F907F5EF351111140D130923FDF6
:10C5C000FFF509ECFAE6FEF1FDF6F5FB0E02092196
:10C5D000340FF0E7FCF216FAFD03F3E602E618F179
:10C5E00003ED07E7F000041615DEFFE5FCE4F9FFB4
:10C5F000FBFEFEF8F806FE0300FEF4111BFD09FC2D
:10C60000200718F80A0F0509EE00FDFBF91D0307C6
:10C6100009050E22F100F018FBC60100152108FFE4
:10C62000FFFFFAEAF60105F32DF80026FEFFEB0105
:10C63000FF2A11031C020A01FCF10204FF05F6ECBB
:10C64000080BFD07E8F4FA030A180EF9F400F301E9
:10C650000E0EF600FBF800FC070009F003F713ECE0
:10C66000E7291305F5FAFCFEFD13F6FBF60B0015A2
:10C6700001F5FC140405F2CD0AF911FDEFF4F20303
:10C6800003000CFC07EA0104F6F805F2EAFE0DF3DC
:10C6900001FB2211FFFD0E05050203F303E601F481
:10C6A000F9000E06F1EB01F10A19FFF5E0FEE900D1
:10C6B000FA0501F8FDF603ED0B03F20EF203030990
:10C6C000EB2C000D11F5EDF2FDFF01EB0614F40764
:10C6D0000206FF01F4F9F2F8EBCC0D11192BE1F889
:10C6E000090A00F10008031508050706EDF3E3FE4B
:10C6F000CF03130E4249FAF9EF2300F7FEDD0705D9
:10C7000015070E1BDFF6CDEFF41806FD1EDF290C12
:10C710000008061B09EDFCF300EAFE12EEF0E8FA51
:10C720000A11DEE30200F8FF020EF30C09F6ECFC3E
:10C73000FBFAF40803E6FC05DE0C0FFCD9FAFE0751
:10C74000020FFBFBFCE00D001104F826F4FBEB0FDD
:10C75000DA0AF9F8090710FF020F02090724100E80
:10C7600007101013F217FA1A0ADDCF1A22FBFE0681
:10C77000FCF3FDF00D17FF2204FC27E8F4F711FD90
:10C780001EDEFAE9040E00050CFCFCEC01F707F8CC
:10C79000FFFF0809F6F9030BF706EC08350DFAF26E
:10C7A000F20302F6F90A0117F60B0304F201FCFA90
:10C7B000F7EA0416010006FDF005FD02FA19030868
:10C7C000F30005FBF400DDF809E5E9F61BF20107CB
:10C7D000FC01EFDEFD0F01F8E6020707F0FB01B9EF
:10C7E000FFE70B10FD0501F605FB04EF031009FD43
:10C7F000F6FEFC0AFE0D14EFFD02FEFCEF09010639
:10C80000FE0E0311FA07FD140E0AFE0DEBFE07E102
:10C81000EB0807F30F10DF0D01FBFE1BF3F2FD0722
:10C8200001F907FA1405F5EDFA09EDF1EBF8FA054F
:10C8300000F9081902D702ED0714FB0116090A0ACC
:10C84000F811E7051B02F8F703FEFEF00904FDF7F7
:10C85000EAFFFEF502FE060F00E8DB0A0801F8F029
:10C86000FFF7FDE1F31BFBFCEF03F9EF02011A0CEC
:10C8700003EE041800F5F7FDFBF303FEF80406F0E1
:10C88000F6F4FB0B0111FBFEF0FCFA10F6F60CFDC2
:10C8900003F8FC1A05FB00E4050607ED0204E9169F
:10C8A0000B08F806F5F8F00002050AE80222FCEF92
:10C8B000E9FFFDFC030008F6FBDACC131C06EEFED4
:10C8C000FCE9FCD9FF160005F7FE01FD120903F291
:10C8D000F2CEF3140D11FBFBFD000301FEE003FD9E
:10C8E0000809F7E5FB0614E1E103170AFD080F0E3E
:10C8F000FF00FD1C05E3FEEE040300F20F0E080B23
:10C90000F513DFE0F4EA0AFEFBFA0CFEF9FFF5E8A6
:10C91000F1F2F6F0211C1AD21AFBB1F419F5F7F86E
:10C9200002F9FB1A02E4FEF5F809E3EF05FAEFEE6F
:10C9300011F1F407040504000D0203D904040901F0
:10C94000F700FAF6FBFD0802F2F20AE70C0304FC1A
:10C95000FD07FA0204250E0F03FC08F1000D0BFC85
:10C9600005DAD2F1F1F009040808020FFDEA03101C
:10C97000F9FF06EA090D00EB181724EFE401F402B1
:10C98000FEF8FC1608E9040EF8F6F2F9FDF7F8F9DE
:10C99000041810E808F70004FF06F4EFF81600F892
:10C9A000EBF8F610010C0902EDEBF0F106000FF9BF
:10C9B000FD07FFEAF51BFC0FF202FEEBF9EBFBEFC4
:10C9C00019E80D02FD00F5FDF50BF206FEF0F1FF92
:10C9D000020802FCFAFFEC01FAE935010C14E9F255
:10C9E00002F601060CF00413FEE90F01F301F30651
:10C9F0000AFE0DF31B1D0C10F6F6081703DB05F4F9
:10CA00000CFC14FEFBFC1E072011E8F0FBDC00010F
:10CA100006FD010E04FD0BD7F7FF01FB010D1410FD
:10CA200014E6B9EA0430F4F605F906FD07F7F2104A
:10CA30000CFCF8FCEAF0F20AF2E0220917F705FA1A
:10CA400000F9EEFD0F07FC08FAFCFA17FCFFEBFA01
:10CA5000EF0BFD08FB1F010802F4090301FCFE09AE
:10CA6000EF130FF9050317F80D0407122F07FBFD4D
:10CA700004F0F6FD10FFFE09FAFCFFE20805FFFBDB
:10CA800016FDE3FBFEF80001FFF801F904FD0C16AA
:10CA9000EC02F31301F40107F6FAEE0B0BF50D06A9
:10CAA000F70C04FF0808061601FBFE06FFF7E4ED8D
:10CAB000030F181104EB11F9FFFDF811FD07FA0D32
:10CAC000FEF50400E7FFFC00E907F5FE1012FCFE8E
:10CAD000080106F6030CFDFB03F9F1F50CFFFAF271
:10CAE0001307090CE004FB000800F7ECFA0007024A
:10CAF00002F5F30BE703181EF8F23301F01C08FDF2
:10CB0000F90606EC0F12FCF902060907F4FC0C34D6
:10CB1000000CFC1AF10AF600FD0607FFF12EF6E7FD
:10CB200012050AFBE4EEFFF5E0EDD812F5FBF7FC89
:10CB3000F80AF103030404EAFE0106110A0901EEF2
:10CB4000F00B1D0501F903FDFDFEF7060508FDF9D3
:10CB5000F8070A05FDFB00E8FC01F309E608EEFB17
:10CB6000FD00FC0211FBFDF606FC0AF206080FF4BC
:10CB7000FCF0EE030704FA06050207F1FC01F9F1E7
:10CB800002F9FAFAFBF6F500FEEDFB020AF20707DE
:10CB9000FAFAFF020403F7FE010803FBFA01EFFBB8
:10CBA000F30B050011E909F707FAFCFDF7F2F802AB
:10CBB00002F7FC0101030701FCFDFEF5F6FD05FB94
:10CBC000FBFBFB06060302FE0A030603F1FFFF055B
:10CBD000FF0CFA000104F70505030805FCF507FB47
:10CBE000040B010004070CFF08FBF8FD010BFC0817
:10CBF000FE02FCF507F90702FF0A071001FD100C01
:10CC0000FBFFF80801010400FC0303F7FDFD06F932
:10CC100001020210FCFA0605FAF4FFF8E7FD0CF534
:10CC20000608030000FCF1F4EEFF02FAFA01050920
:10CC3000FDF7F9FD0D0000FEF7F604000DFF0407F7
:10CC400004020CFD1108FDFE0902F8FC160704069B
:10CC5000070DFAF7F8FD0403F8070501FFF50501D4
:10CC6000FB02041C020902FD000702FBFA03040098
:10CC700006F9FEF7010DF8120001050901FFFD0399
:10CC8000FE0600F9FC08FCFAFF09FD0B0709F9F69E
:10CC90000002F001F9080CFEFC04F10403F800FDA9
:10CCA0000005FD05FB02FFFF051300F8E104FAFA99
:10CCB000F6FC04FF03FE000902FDF7F20805FBFE87
:10CCC0000D0301F8FB19F606020908FBFF1BFB0820
:10CCD00008FC0302F805FEF8FFF7080BF8F6E7F585
:10CCE000FC09F9F9020902181DF60919F3F3F71204
:10CCF000F403FC12FA3BFA0102100809FEE70D11D9
:10CD000004FF0412EF00E709F62C07F303F91206FB
:10CD1000F603010905EAEFEB03060907FA03FC0B2A
:10CD2000FA0AF8E317C3FE01050803050BF9F70B30
:10CD30000BFB050C07F4FD01EA0C14FEFBC1FCFF24
:10CD400007F2F6F904E90AEF10F9FD1EFD07FC04ED
:10CD5000E0F1E808F3DB15FC04FC1004FE0BF90914
:10CD6000FC07161AFE04F6F90EFAE409F343FB0B6E
:10CD70000D0806ED0102F31CF6FB13F5FF06030E8A
:10CD80000AE802EA091AF6F8FF0306E911F201FEC1
:10CD9000FA00FF0BFCF10421F7F30E0A2914FDFB46
:10CDA000050207F6001AFB16FFFC04FFF4F3FA0D68
:10CDB000F3E2E6000C0A00FEF70101060313FC088B
:10CDC000FE01F2FEF803DFFD06F4F5FC12F6ECF7C7
:10CDD0000B0702EE0506F8EFF60BF50C02F502D193
:10CDE00003F813F2EC0902F705FFFEF5FA20020240
:10CDF000FE010111EAFF01E8FADFFC00F0FA02F996
:10CE00000102030206F6F8FE0F02F20E00FB02EB2F
:10CE1000ED000202F4FEF5FC05FCFC12F5EE00F15B
:10CE2000FEF9FAFA14FD00EDFE0CF8F8E7F4F80349
:10CE3000FB0500FEF8EB04DA04FC08090EE7050127
:10CE4000F511EFEDC6C8FF040FF2F8F900ED04E5A7
:10CE5000EB0805F301FF15F301F3FE01F7E2FA0A0F
:10CE600000F3F81905FDFEFCEBF307DC250C0FE7DA
:10CE700006D40006F5CFFCFEFFF8FCFE0316F8F41E
:10CE8000E2020EDE0F0E24FE08E5EA170B20F10287
:10CE900001FCFAF6FDF6ED03F1FF05E10A0D0103D1
:10CEA00004EFF30704EE11F901FDFCE905ED0DFBBC
:10CEB000F4FBFDFA0BFFFE0A0AEEFFFFFE010FF284
:10CEC000F7F9F805F9FAE8E9EF01FEF2FAEC140CCB
:10CED00007DEE611F73FFFFB02FD08DDFE000BFF5A
:10CEE000EC03F5EF1201011401E0EAFE163709F92F
:10CEF0000802FEECF8F8FDED0303F8F1FF02020D65
:10CF0000FF0FEF24F6150EFFF4FEFBF2FE04FC0209
:10CF1000E9FEF404F8F808F801F3E0F90D0BF30B5F
:10CF2000FBFA000FFC13F8060507F11D0A091B02A6
:10CF3000020C04060AFEFEF8F90205FFFBEDFB0CED
:10CF4000FA0AF3100204FF01130C08000E09060789
:10CF5000FB03FE0100F4FCFB0B0AF80DF6E8F818E1
:10CF600005030C03FEFF06F70B0901F6FF1A090C77
:10CF700002FBF3FDFE04FCF00306190CF2FAFA08BA
:10CF8000F90210170101FE0CF3FE0500FCF010FE83
:10CF9000F0042900EDF9F601080904140C00FB0265
:10CFA0000302FEFB0FFFEA0BF314211DDC1502F652
:10CFB00005FEF702F9EB04000C0B040CF909FB0762
:10CFC000E71727F01AFA0E0D0EF40102F400FEF234
:10CFD0000BFE04DDFCFD04E9FDF7E301210E07FE75
:10CFE000F4001008EFFD0512200C09F40101FEFD0C
:10CFF00001F608F3CC1702FAF9020CEE01F7F6037A
:10D00000FF09F0E31C11EE01090A29F3052BF3E5F2
:10D0100008FA02EFFC15EE1B000AFDF1EBF2E3AF9C
:10D02000C70F5513F8010CF100F8FE10F4010B12B4
:10D030000601FCF505F4FBFD0218100ADD11FDF8F0
:10D04000FE04FD0302D9FE0CF40801EEF3062707E7
:10D0500014030CF2FDE6E4FF03F91008FBBFF6FB36
:10D0600006EE01111608F0110F0EF4F4E1ACEB011D
:10D07000F3FEFAF9FDD2F7ECF9FBF01CFCFBF5101E
:10D08000E3042C1B10F601FCFE0B12FA0BF9FE1C3C
:10D09000FC100307F700E00606023FF7FEF214FB60
:10D0A0000306060FFCE90814D6FE0AEAEB101B255E
:10D0B00008010CF2D6E113FDFEF3FA0705DBF7F0E9
:10D0C000FC0101002519121014F00509E7E1F3F93C
:10D0D000F3F1030AFEC8FEDDF9040AE5060DF425A6
:10D0E000FFF9EA222BF5F603F20B04E103EEFD183B
:10D0F00009F7FC30FFF1E41DE9FD35F11FF90301EB
:10D1000001FEFAFAFF11FCFEEF021602F40BFB0817
:10D11000FFFD2910F3141E09F7EC03F7FBF0FE0CDA
:10D12000E106110A0E06041D4518071B050FFCF841
:10D1300010F5F40601FCFB08FC02FDF1F9F427FEF2
:10D14000FE1EF4DF00D20D05FC07010206E0FDF92A
:10D15000F3F7FFE60CF9ECFB0AFB0BF700E7F2052F
:10D16000FAFFFE0AFAF2000B06ED07000504FFF6CF
:10D17000FD0A0FFD4546FB0507F8FC0701170412E1
:10D18000050405EA00010E0F0B1D0C0A0D060B0627
:10D19000040602ED0310FBFCF905FEF4060CF30F88
:10D1A00015000EFDFF1C00FEFCF9FCE108F9FB0672
:10D1B0000C02020FEF08F7FAFEFD15FAF10E0DFE54
:10D1C000F70000070901F6FBF80B0FF4FFFB17024D
:10D1D000F40015F90240FB040BF60215F609F5D030
:10D1E000EC050804151600F702F305060221FE0CF3
:10D1F0000BFE02FFF9DFF7DD03FB0AEEF7F3090789
:10D200000C02F732FA02F7F8F5FE03ED0AF9F90C11
:10D21000F705FD0608FE03D6FF031913FB07F1F21D
:10D22000FDFB05240B17FEFFF6F1F5FDFBF410F9ED
:10D2300003F8000F04E3EB0703FAF9EDFDFDF41822
:10D24000F20104F4F60C12F601F402FBEB0BFDFA0A
:10D25000FB06F80100010712F0FC050002F50CF4D2
:10D260000BFDFA20C0ED05FC00F1FCCB030807E83C
:10D27000E9F3F905EFF7111CEFB7FD0BC6FB08FB4F
:10D2800001E807F40510FED0ECF9001002094BDDAF
:10D29000D4E1B60ED3EECF1103F4F50CF50405D5A9
:10D2A000F4F2F9EB0C1C05F6B4E6FA25F3F2D4FD22
:10D2B00007FAF8F501EAF4E1F9EFECFC070AF3EFFD
:10D2C000C4F5133503D0FB0EF4F30904F6E9F2EBD1
:10D2D000E9FB0BF9F5FC14F8EDD8F003F3C71C0AD1
:10D2E00004FC0AFDF60503EDE91315E6F9141E0B1F
:10D2F000F7D3BDFAF513F902FF03FBF604F90513A2
:10D30000030BFCDE01010314E7EDE9F1FBE8FB038D
:10D3100006FFFFFBF9FD01FC0908EFE2030EFAFA34
:10D32000E8F90202E332040310F402F3070EF8E313
:10D33000F90CFD06F308FE08F9EFD80AC5DF0BFA71
:10D34000EE08FB1AFFFAFAD0F612F9EE0EFEFDEE29
:10D350002235DAF1F2E10BF8030900F6FB00F901DE
:10D36000EBF302E905FDFE012FD6DBF0FBEBE30258
:10D370000AF4F6ECEF05F8EFF6EC08FB090712D01B
:10D3800025FFF2F907E5F6F60A0AFB20FD030B0379
:10D3900011FAFDF0EEEEECE20536F9DBD4F8F6F822
:10D3A000FE060304FAF002152FFDFE080DFBE8DD72
:10D3B0002B3B2AE5DB0D010408FC010EFDFD080AEC
:10D3C000E903050CF0F902F9FF0DF0E91C28FBF860
:10D3D00005F3F70BFEEAFE0B0606FDEE07F90AE67B
:10D3E000041F353217EFEF07F20AFCF1F11400F4D5
:10D3F000FDFE22EE06F6F90EEDCA30F2EA07020053
:10D40000F4050DDBFAFE02EA01E81D09110B081014
:10D41000F6E01608DEEBF10504FA0DF7F9DA00D8AC
:10D42000020A13FDF9020001C7E5F71EF7FAF3F946
:10D430000206FE04FDF0F5FA00030010140DEEF7ED
:10D44000CE0E2F17CAD0100109FC0606F301FFE526
:10D450000107020409FE09F7FD08DFFFEADBFC080B
:10D46000FF16F81600EE1AD2F8FEFDF9FC051DE2D3
:10D47000F4DBD2FFCCF10A090BFF05FC00F106E753
:10D480000002EC0310FD08F2FEF8FC0419F4090197
:10D490000E10F8EBF9FB06020CEEFD010E0109F689
:10D4A0002102D6E51CE50800F903F9FD02E6F6F3D2
:10D4B00007F9020F1BFB032D021FE0E5F424F61110
:10D4C0000F08F80E080700F61FF20B22FAFB030DF7
:10D4D000F105DCE5EAF70309F71B01080221FAFA76
:10D4E0000CFB050AFD13F50610F1EDF2142AF6F710
:10D4F0000C0804F5FC31F62003030306F7EFDDE723
:10D50000F2E706060D24121404F9F3E00A4D0B05A8
:10D5100001F8FDEBF0001105F2ECC9032527F4FF3B
:10D520001109FAF5032C0DFAF20B03EEEC0AF9FAE5
:10D5300000EAEEFBF705F507FB080316F9FC0DFD05
:10D540000205FBE60018ECEC0CF62A0702F2F901E2
:10D5500002F5F6F8FFF6FCFBFC00F004FC00F3DD3E
:10D56000E907F8F701EF060D01080005F90BF6EAE7
:10D57000F30906002C0833C5F404D60A3FEE070C65
:10D5800002080AEBF5EB18F904FEDDEC21F8F4C80B
:10D59000D9D80FF928ED18FAFC05FB0FFDDA060EB5
:10D5A0000FF301E60301000713EFFBE1240007047A
:10D5B000F3FF040B0311FBF8F5F507FE0A0B19073F
:10D5C0001CE8E916FB270005FB0BFE01F9EC08F54A
:10D5D0000205FCEBFD0108F9FBEBD903FBB80F0CCE
:10D5E00004F9FDFCF5F601E2FC03FBEA180F33F247
:10D5F0000DDBD2F9FEC2FFFE02FB0F05072604EF8A
:10D60000F40507EE0B1D493102D8EB08EF15E400D5
:10D610000B0302F3011603FD08FEFB010C0BFDFFDB
:10D62000E6E6F60909E610F6FCF4F5020209FFF059
:10D63000F80210ECFF00F10B05E2E516F81B1305EC
:10D64000FDF5F407010EFFEDE602F3E611F515FE18
:10D650002508EC0301EAFFFFFBF804F3061704E9D1
:10D66000EEF9F1E41A051CF90CE7E5010B01FBF4F6
:10D67000FA0209F5FE0A0DF2F6F0F10004FEF3F3EA
:10D68000E309E20C06FE1303F90A0A0100F6E914A5
:10D69000FA0600F9FBF903E116020B0400EDEFF7BF
:10D6A000FBFF0A320B03F10D0BFB01ED04FA01073E
:10D6B00005152417F1F8FEF1FDF1FEFE020EEA0356
:10D6C000EEFCFE02FC0106F20AF1F5FDEEF4F8EFC5
:10D6D000FE000502F5FE000AF104FCF5000302F964
:10D6E000EEFF1D1AF00803FDFDFCFFF0FC07FFFF35
:10D6F000FCFE05F4FB03F6FAF9D2F709FFFD01FE83
:10D7000007F004020D0001E3EA051402FE013A00ED
:10D71000EAF0EF11EC06F30408FBFE0D16F1FDE54F
:10D72000F5F908F5220EF5F6DA030D3304F70709CB
:10D73000F2F70305FCECFBF1F405F4F00EF00AF748
:10D74000EBF9FF1C10F8FC07F9020002070402FDC8
:10D75000F80602FCFF02FC01F3FA030AF4040301D9
:10D7600006000106FF00FAFFFC07FE07F904FDFFB3
:10D7700005FE00FEFE04050000F307FAFF0009FDA8
:10D78000FFF5FA03FE0806FBF7FDFD0800F108FDB2
:10D79000FEFCFB06F5FE0702FDFAFDFBF90506F9A6
:10D7A00001FE00FCFF05FBF50104FEFFFC02000189
:10D7B0000706F3FDF902FC01FC0202FA05F6FF067A
:10D7C0000A05FBFEF6FD0605FD00FC000103FE0157
:10D7D000FE03FE03FCF6FFFDFD07FBFCFBF601006C
:10D7E0000201FCFC06FCFBF9FA01FD040DFCFD0145
:10D7F000FDFFFC03FAFA00FAF9F7F7FF0B01F2FC60
:10D80000000200FEFBF702FCFDF900020501FE002C
:10D8100006F903FB0C05FE0501FFFBFB0701F80BF6
:10D8200001FDFBF9FD020604020301FCF903FFF709
:10D83000FFFDFAFFF9FF04F8FDFD00FE030105FFFF
:10D8400003FEFBFEFEFFF5F6FBF9FBFEF5040A0204
:10D85000F501FE0100FDFBFCFD0404F802FB01FDE7
:10D86000FB0207F701F801080802FDFE01FF0202B2
:10D87000FA04F900FF00FBF501010101FF050002B8
:10D88000FBFA09FC050209FA0402FA05F20107FA9B
:10D89000FE030006F4FFFDFAFAFD06070304000488
:10D8A000F701FC0000FD000AFC00030500FDFE007E
:10D8B0000100FE0401F7FD00FFFBFFFEFB030A066B
:10D8C0000BFA00FD10190DFAFEFBFFF00A0600002E
:10D8D00002FF02FF02FAF1FE0AF2EE0AEE21F80957
:10D8E000011905DFF104FA130504FE08F6F8E60C49
:10D8F000DE0720FF3A450BFFF90F06FBFDFE000D8A
:10D9000006F7070EF3E5DB12F91402F204E326FE34
:10D910000305F7F5FCE00107F5FB0300EFEDDE1A68
:10D920000EFE0FFDE4E8EF010402020001F7000221
:10D93000FEEFF906FF000DE60A08EE07F517E10C09
:10D940000102FEEEFC02040C120E03110AFB00F5AC
:10D95000DE0CFBEA012AF9FC0E040121F60805128F
:10D960001D14122EF4FB05F50406080CFC24130507
:10D97000F8FDFEFD0ADE0DE516F906FBFF001F2689
:10D98000FAFC1109EAE1F0030410ED180305050A99
:10D990000EFA00F117F7EDE4F70A0D1004EEFB04A0
:10D9A000FFEFFAFDFDEFFCF7F4F7ECF6F400FBF700
:10D9B0001AEEFDFA06F81504FF050801FD03ED0255
:10D9C000FEF8010207FA11FD05EC0A09090EF01331
:10D9D000FDF3FD0D080906EBF6F306ED08FB1BFE53
:10D9E00021FAEC2FE5F3010900F702ED010A07FA2D
:10D9F0000EFB0DFCE4F6EF17EBD028F9C81202FB82
:10DA0000F3F0FFE0FD0705F8F7000503EAFD13E377
:10DA1000DEECFBF9E400E408FAEDF609040DF5E0AC
:10DA2000ECF9EAFDFE0C15E8B7DAD012C9E4E5001E
:10DA3000F6010A18F6ECF8E400F9EA000AF8F0F04A
:10DA4000BCF5DD21F8050405FB01FDF0010D00FD2D
:10DA50000A04F70AF8FBF008FEF105FE240B07FDA7
:10DA6000FF050AED04FF02160EF1F9070CF0F70EA0
:10DA7000FD0C1CF22330F503FD0000F10003FE0F46
:10DA800013FE03F606FCFC07021909010DF2081348
:10DA9000FB0907FAFFF5FB0207F6FFF3F903F6119E
:10DAA000FAFB05F8FE0001031007F8F200FEFD0284
:10DAB0000BFEF606FE07EDF100020AF9E608FC048B
:10DAC000FC0507F902EDFDFD1401070A0302FFFC46
:10DAD000FA0DF9F80A05060C0E00EE03FB0303F637
:10DAE000F9000B00FFF9060F00F4030BF01000F92A
:10DAF000F5F504F9080C0AEF09FF05F1F5F8FD2822
:10DB000004F4E4E807F8EFFFF703F50A03EDFE0479
:10DB100004000C0B0AEAF2F003060D06EEEC00011D
:10DB2000FDF00AFDFEE7000E0A01E3F2F9F8041821
:10DB30001AF40501F403210108F303FDFCFFF516B7
:10DB400007FC09F803F90C1A04D7F0FF0E1AE804D1
:10DB5000F8EFFD01FB1CFCF800F3F70209FD10F2E1
:10DB600016F1FF10BF01F903FAF8FCF004FB0405FD
:10DB700013FFF915EEF703F5F0D206FEB609FCFD2A
:10DB80000AFC06E60519F5ECF1FE060FE6081CD5C1
:10DB9000D4D7E60FE6FCE00A00EDFD0E0106F3D453
:10DBA00001FFF0FBF7021CEBBAEBB5F9F3F4E4FD6F
:10DBB000FDF7FE0004F0FAF2FAFDF3F20C04F6EFC2
:10DBC000D20BF41F1909070C00000C00FFF4F7F446
:10DBD00005FAFFFD0600F1060C15FEFF12FC02FF20
:10DBE0000301F600F8E7FCFDF50801FC0FFF15F94D
:10DBF0000E0109112D4CF803FAFD07FB0821F50F62
:10DC0000F3FC04F4020312080205F9030DF8040200
:10DC1000FC0A020A04100408FA1305E20B09070AB9
:10DC200015F70C010C1FEFFDF706F6F2FE0D01F6DD
:10DC30000F0A0109FB08FCFA17040F0105DD04F5C2
:10DC400003F204F904F0F4F9FA010AF7FE0511F9F8
:10DC50000AFD1701FC14FF0803FD070A000DFDE291
:10DC6000FA0305000E030DF7EFE714192010E6F78D
:10DC700000F005FC06F2F7DE09F207FCF307EF06F9
:10DC8000F1F7F515F6F703F80CFAFDFE0201F7239C
:10DC900003FE03FC0207F9EE00161D08F50702F863
:10DCA00003000C00F912F31B0901FE04000203E853
:10DCB0000AF3170BD8FCFD07FCEC01FDFCFEFB1181
:10DCC000ECF4FC0D080208F805E3EB05F601FBF6A1
:10DCD0000205F8F7FF030106F2F7FFF40DFAFFE77C
:10DCE0000DF41033BF010CF401FA06EEFB090DF040
:10DCF000F6F2070FED0118FFF9BB0705D7F8090584
:10DD0000FEE606001010FACDE1F4011D01FF3BE133
:10DD1000C2C8BF2AC5F3D30BFFF7FA040304F7CA3E
:10DD20000F06F1EE1C0E02F4BCDBDC0CD5F1F000AA
:10DD3000EFF206FF01F4FEF1F902F0E32D10F3EB30
:10DD4000BAFB0E34050600000000000000000000D1
:10DD500000000000020300000000000000000000BE
:10DD600000000000FCFA00000000000000000000BD
:10DD70000000000002F000000000000000000000B1
:10DD80000000000001DF00000000000000000000B3
:10DD900000000000FD120000000000000000000074
:10DDA00000000000FF17000000000000000000005D
:10DDB00000000000040F0000000000000000000050
:10DDC000000000000AF20000000000000000000057
:10DDD00000000000FEEF0000000000000000000056
:10DDE000000000000603000000000000000000002A
:10DDF00000000000FA1E000000000000000000000B
:10DE000000000000021200000000000000000000FE
:10DE100000000000080800000000000000000000F2
:10DE20000000000007FF00000000000000000000EC
:10DE300000000000FC1000000000000000000000D6
:10DE400000000000071F00000000000000000000AC
:10DE5000000000000433000000000000000000008B
:10DE6000000000000037000000000000000000007B
:10DE700000000000FF25000000000000000000007E
:10DE800000000000FAED00000000000000000000AB
:10DE900000000000FD010000000000000000000084
:10DEA00000000000021A0000000000000000000056
:10DEB000000000000B1B000000000000000000003C
:10DEC000000000000E0A000000000000000000003A
:10DED000000000000001E900000000000000000058
:10DEE0000000000000E7CD0000000000000000007E
:10DEF0000000000000E8E00000000000000000005A
:10DF00000000000000E9D600000000000000000052
:10DF100000000000000BE600000000000000000010
:10DF20000000000000FB10000000000000000000E6
:10DF300000000000002B14000000000000000000A2
:10DF40000000000000290B0000000000000000009D
:10DF50000000000000380F0000000000000000007A
:10DF60000000000000FAFB000000000000000000BC
:10DF700000000000001BFE00000000000000000088
:10DF80000000000000291500000000000000000053
:10DF90000000000000201E00000000000000000043
:10DFA0000000000000FE250000000000000000004E
:10DFB0000000000000D9FF00000000000000000089
:10DFC00000000000000F1A00000000000000000028
:10DFD0000000000000F6FB00000000000000000050
:10DFE000000000000006F200000000000000000039
:10DFF0000000000000FCF500000000000000000030
:10E000000000000000FEF900000000000000000019
:10E010000000000000D3CF0000000000000000005E
:10E020000000000000E6E400000000000000000026
:10E03000000000000012FD000000000000000000D1
:10E040000000000000FCFD000000000000000000D7
:10E050000000000000EA01000000000000000000D5
:10E0600000000000000005030000000000000000A8
:10E07000000000000000090800000000000000008F
:10E0800000000000000002F100000000000000009D
:10E09000000000000000D8010000000000000000A7
:10E0A000000000000000EA1B00000000000000006B
:10E0B0000000000000000DFC000000000000000057
:10E0C0000000000000000E0A000000000000000038
:10E0D000000000000000FDEB000000000000000058
:10E0E000000000000000EA0B00000000000000003B
:10E0F000000000000000E525000000000000000016
:10E1000000000000000007F6000000000000000012
:10E11000000000000000F906000000000000000000
:10E1200000000000000006E6000000000000000003
:10E13000000000000000ED110000000000000000E1
:10E14000000000000000E1300000000000000000BE
:10E150000000000000003FF9000000000000000087
:10E16000000000000000240C00000000000000007F
:10E170000000000000001601000000000000000088
:10E18000000000000000FAFF000000000000000096
:10E19000000000000000EF1400000000000000007C
:10E1A0000000000000004B02000000000000000022
:10E1B00000000000000027EE00000000000000004A
:10E1C0000000000000000FF8000000000000000048
:10E1D00000000000000006F8000000000000000041
:10E1E000000000000000F606000000000000000033
:10E1F00000000000000000E4050000000000000036
:10E200000000000000000000EC0000000000000022
:10E2100000000000000000EBFE0000000000000015
:10E2200000000000000000F5ED000000000000000C
:10E2300000000000000000FDF500000000000000EC
:10E2400000000000000000EDE700000000000000FA
:10E250000000000000000022190000000000000083
:10E2600000000000000000FBFB00000000000000B8
:10E2700000000000000000F1E800000000000000C5
:10E2800000000000000000FAE500000000000000AF
:10E29000000000000000000CF6000000000000007C
:10E2A0000000000000000012040000000000000058
:10E2B000000000000000000F080000000000000047
:10E2C00000000000000000FCEA0000000000000068
:10E2D00000000000000000FF00000000000000003F
:10E2E000000000000000000D16000000000000000B
:10E2F0000000000000000007070000000000000010
:10E3000000000000000000120B00000000000000F0
:10E3100000000000000000F1F2000000000000001A
:10E3200000000000000000080300000000000000E2
:10E3300000000000000000120F00000000000000BC
:10E34000000000000000000C0600000000000000BB
:10E3500000000000000000271F0000000000000077
:10E3600000000000000000F6FF00000000000000B8
:10E3700000000000000000EDED00000000000000C3
:10E380000000000000000000F2F3000000000000A8
:10E390000000000000000000F30200000000000088
:10E3A0000000000000000000060100000000000066
:10E3B00000000000000000000BFA00000000000058
:10E3C0000000000000000000060200000000000045
:10E3D0000000000000000000F0020000000000004B
:10E3E0000000000000000000EEF700000000000048
:10E3F0000000000000000000FAFC00000000000027
:10E4000000000000000000001EFA000000000000F4
:10E4100000000000000000000604000000000000F2
:10E420000000000000000000F9FF000000000000F4
:10E430000000000000000000EEEE00000000000000
:10E440000000000000000000F001000000000000DB
:10E450000000000000000000230B0000000000008E
:10E46000000000000000000009FB000000000000A8
:10E470000000000000000000EF00000000000000AD
:10E480000000000000000000010200000000000089
:10E49000000000000000000004F300000000000085
:10E4A0000000000000000000F8060000000000006E
:10E4B0000000000000000000081400000000000040
:10E4C000000000000000000002FE0000000000004C
:10E4D00000000000000000000EFA00000000000034
:10E4E0000000000000000000F5F90000000000003E
:10E4F0000000000000000000FD0700000000000018
:10E500000000000000000000FC0A00000000000005
:10E51000000000000000000000FE0B0000000000F2
:10E520000000000000000000001A030000000000CE
:10E5300000000000000000000026090000000000AC
:10E540000000000000000000001F040000000000A8
:10E550000000000000000000001DEF0000000000AF
:10E560000000000000000000000D0200000000009C
:10E570000000000000000000001704000000000080
:10E5800000000000000000000030F2000000000069
:10E590000000000000000000001CF300000000006C
:10E5A00000000000000000000022FE00000000004B
:10E5B0000000000000000000000404000000000053
:10E5C00000000000000000000025F800000000002E
:10E5D00000000000000000000032F3000000000016
:10E5E00000000000000000000022FC00000000000D
:10E5F00000000000000000000025ED000000000009
:10E600000000000000000000002F010000000000DA
:10E610000000000000000000001EFA0000000000E2
:10E6200000000000000000000024030000000000C3
:10E6300000000000000000000029FC0000000000B5
:10E6400000000000000000000009F30000000000CE
:10E650000000000000000000001BFD0000000000A2
:10E660000000000000000000003802000000000070
:10E670000000000000000000002A00000000000070
:10E6800000000000000000000004F5000000000091
:10E690000000000000000000000105000000000074
:10E6A00000000000000000000000FDF40000000079
:10E6B00000000000000000000000F7F5000000006E
:10E6C00000000000000000000000F0F50000000065
:10E6D00000000000000000000000F4F20000000054
:10E6E00000000000000000000000FAF6000000003A
:10E6F00000000000000000000000F4F10000000035
:10E700000000000000000000000003EE0000000018
:10E7100000000000000000000000FF0600000000F4
:10E7200000000000000000000000FFFF00000000EB
:10E730000000000000000000000001FD00000000DB
:10E740000000000000000000000002F500000000D2
:10E7500000000000000000000000FE0200000000B9
:10E76000000000000000000000000EF800000000A3
:10E770000000000000000000000002F200000000A5
:10E7800000000000000000000000FBED00000000A1
:10E7900000000000000000000000FBF60000000088
:10E7A000000000000000000000000CFF000000005E
:10E7B0000000000000000000000011080000000040
:10E7C00000000000000000000000FEFB0000000050
:10E7D00000000000000000000000FE10000000002B
:10E7E00000000000000000000000F7E90000000049
:10E7F00000000000000000000000180E00000000F3
:10E8000000000000000000000000090A00000000F5
:10E8100000000000000000000000FB0000000000FD
:10E820000000000000000000000007F900000000E8
:10E83000000000000000000000000008FA000000D6
:10E8400000000000000000000000000E09000000B1
:10E850000000000000000000000000F91B000000A4
:10E860000000000000000000000000FE100000009A
:10E870000000000000000000000000CAE7000000E7
:10E88000000000000000000000000005F200000091
:10E89000000000000000000000000023FC00000059
:10E8A00000000000000000000000001F0F0000003A
:10E8B0000000000000000000000000142C00000018
:10E8C0000000000000000000000000D30C00000069
:10E8D0000000000000000000000000DEED0000006D
:10E8E0000000000000000000000000FCF500000037
:10E8F00000000000000000000000000F0300000006
:10E900000000000000000000000000F224000000F1
:10E910000000000000000000000000D4170000000C
:10E920000000000000000000000000EAF20000000B
:10E930000000000000000000000000D1D300000033
:10E940000000000000000000000000FAF8000000D5
:10E950000000000000000000000000F621000000A0
:10E960000000000000000000000000DD05000000C5
:10E970000000000000000000000000F600000000A1
:10E980000000000000000000000000C8E0000000DF
:10E99000000000000000000000000000D5000000A2
:10E9A0000000000000000000000000F60800000069
:10E9B0000000000000000000000000EA0C00000061
:10E9C000000000000000000000000000FAF6000057
:10E9D0000000000000000000000000000005000032
:10E9E000000000000000000000000000FAFD000030
:10E9F000000000000000000000000000080E000001
:10EA0000000000000000000000000000F90000000D
:10EA100000000000000000000000000001010000F4
:10EA2000000000000000000000000000FBE9000002
:10EA3000000000000000000000000000FFF60000E1
:10EA4000000000000000000000000000000D0000B9
:10EA500000000000000000000000000003080000AB
:10EA6000000000000000000000000000F9F90000B4
:10EA7000000000000000000000000000F80200009C
:10EA8000000000000000000000000000F1FC000099
:10EA90000000000000000000000000000914000059
:10EAA0000000000000000000000000000105000060
:10EAB000000000000000000000000000FCFD00005D
:10EAC000000000000000000000000000F8F6000058
:10EAD000000000000000000000000000F1F3000052
:10EAE00000000000000000000000000006F600002A
:10EAF000000000000000000000000000F8F7000027
:10EB0000000000000000000000000000FF080000FE
:10EB1000000000000000000000000000F2F400000F
:10EB20000000000000000000000000000D030000D5
:10EB3000000000000000000000000000F1FA0000EA
:10EB4000000000000000000000000000F0FB0000DA
:10EB500000000000000000000000000000F4FE00C3
:10EB600000000000000000000000000000F80800A5
:10EB700000000000000000000000000000F40D0094
:10EB80000000000000000000000000000017070067
:10EB9000000000000000000000000000000EFA006D
:10EBA00000000000000000000000000000F9150057
:10EBB00000000000000000000000000000C1030091
:10EBC0000000000000000000000000000009EF004D
:10EBD000000000000000000000000000004FE20004
:10EBE0000000000000000000000000000047E300FB
:10EBF00000000000000000000000000000E80D0020
:10EC0000000000000000000000000000000AE90011
:10EC10000000000000000000000000000039DB00E0
:10EC2000000000000000000000000000004AC800D2
:10EC3000000000000000000000000000001ADE00DC
:10EC400000000000000000000000000000020600BC
:10EC50000000000000000000000000000013E700BA
:10EC60000000000000000000000000000025EA0095
:10EC70000000000000000000000000000003EE00A3
:10EC800000000000000000000000000000BCF400D4
:10EC90000000000000000000000000000006EF007F
:10ECA0000000000000000000000000000001ED0076
:10ECB00000000000000000000000000000EF0B005A
:10ECC00000000000000000000000000000DC150053
:10ECD00000000000000000000000000000DC070051
:10ECE0000000000000000000000000000000F90427
:10ECF0000000000000000000000000000000F00321
:10ED000000000000000000000000000000000203FE
:10ED10000000000000000000000000000000121CC5
:10ED200000000000000000000000000000002D199D
:10ED30000000000000000000000000000000FDF8DE
:10ED40000000000000000000000000000000FF12B2
:10ED500000000000000000000000000000000AF3B6
:10ED6000000000000000000000000000000002168B
:10ED700000000000000000000000000000001F1E56
:10ED80000000000000000000000000000000EFFB99
:10ED90000000000000000000000000000000F00E75
:10EDA00000000000000000000000000000000E0D48
:10EDB0000000000000000000000000000000231E12
:10EDC00000000000000000000000000000001A1910
:10EDD0000000000000000000000000000000FBFE3A
:10EDE0000000000000000000000000000000020B16
:10EDF0000000000000000000000000000000FD22F4
:10EE00000000000000000000000000000000FA0EFA
:10EE10000000000000000000000000000000FF00F3
:10EE200000000000000000000000000000000C0EC8
:10EE300000000000000000000000000000000112BF
:10EE40000000000000000000000000000000F915B4
:10EE50000000000000000000000000000000F801B9
:10EE60000000000000000000000000000000FB03A4
:10EE70000000000000000000000000000000000989
:10EE8000FA00000000000000000000000000000088
:10EE90000600000000000000000000000000000765
:10EEA0001600000000000000000000000000001339
:10EEB000F700000000000000000000000000000E4D
:10EEC000E90000000000000000000000000000F465
:10EED0000D0000000000000000000000000000081D
:10EEE0000200000000000000000000000000000917
:10EEF000E50000000000000000000000000000F637
:10EF0000E40000000000000000000000000000F825
:10EF1000E700000000000000000000000000000703
:10EF2000E0000000000000000000000000000007FA
:10EF3000DB000000000000000000000000000000F6
:10EF4000050000000000000000000000000000F1CB
:10EF50002F0000000000000000000000000000F78B
:10EF60002500000000000000000000000000000A72
:10EF7000120000000000000000000000000000EA95
:10EF80003A0000000000000000000000000000F453
:10EF9000440000000000000000000000000000E647
:10EFA000290000000000000000000000000000EB4D
:10EFB000E90000000000000000000000000000F375
:10EFC000060000000000000000000000000000F843
:10EFD000EA0000000000000000000000000000FE49
:10EFE000CC0000000000000000000000000000EF66
:10EFF000D10000000000000000000000000000E35D
:10F00000DA00000000000000000000000000000026
:10F0100001ED000000000000000000000000000002
:10F02000FB180000000000000000000000000000CD
:10F03000EA000000000000000000000000000000E6
:10F0400001D50000000000000000000000000000EA
:10F0500018CF0000000000000000000000000000C9
:10F06000FCE60000000000000000000000000000BE
:10F0700013FD000000000000000000000000000080
:10F080000C3D000000000000000000000000000037
:10F09000DE5400000000000000000000000000003E
:10F0A000DF3400000000000000000000000000004D
:10F0B000EF0700000000000000000000000000005A
:10F0C0001FEA000000000000000000000000000037
:10F0D00033C000000000000000000000000000003D
:10F0E00034F00000000000000000000000000000FC
:10F0F0001F1D0000000000000000000000000000D4
:10F10000E8190000000000000000000000000000FE
:10F11000D416000000000000000000000000000005
:10F12000DEFC000000000000000000000000000005
:10F1300002F70000000000000000000000000000D6
:10F1400005F80000000000000000000000000000C2
:10F1500015FF00000000000000000000000000009B
:10F16000F3FB0000000000000000000000000000B1
:10F17000F804000000000000000000000000000093
:10F18000F2E10000000000000000000000000000AC
:10F19000F8EE000000000000000000000000000089
:10F1A00000FCFB0000000000000000000000000068
:10F1B0000003060000000000000000000000000046
:10F1C00000E6020000000000000000000000000057
:10F1D00000F5030000000000000000000000000037
:10F1E00000FFFD0000000000000000000000000023
:10F1F00000F1FA0000000000000000000000000024
:10F2000000F1FA0000000000000000000000000013
:10F2100000E8000000000000000000000000000006
:10F2200000F8EE00000000000000000000000000F8
:10F230000015F400000000000000000000000000C5
:10F2400000F2F700000000000000000000000000D5
:10F250000005ED00000000000000000000000000BC
:10F26000000DEF00000000000000000000000000A2
:10F27000000002000000000000000000000000008C
:10F28000000F04000000000000000000000000006B
:10F2900000F7EF0000000000000000000000000088
:10F2A00000EEF90000000000000000000000000077
:10F2B0000001F1000000000000000000000000005C
:10F2C00000F6040000000000000000000000000044
:10F2D0000014120000000000000000000000000008
:10F2E0000041F000000000000000000000000000ED
:10F2F000001C1A00000000000000000000000000D8
:10F30000001B0400000000000000000000000000DE
:10F31000001FFF00000000000000000000000000CF
:10F3200000091200000000000000000000000000C2
:10F33000000029F0000000000000000000000000B4
:10F34000000030130000000000000000000000007A
:10F350000000240F0000000000000000000000007A
:10F360000000260B0000000000000000000000006C
:10F3700000000B060000000000000000000000007C
:10F38000000028FD00000000000000000000000058
:10F3900000001F030000000000000000000000004B
:10F3A00000000F1D00000000000000000000000031
:10F3B0000000001800000000000000000000000035
:10F3C0000000FD0C00000000000000000000000034
:10F3D0000000040400000000000000000000000025
:10F3E000000008FC00000000000000000000000019
:10F3F0000000090C000000000000000000000000F8
:10F4000000000A15000000000000000000000000DD
:10F4100000000D18000000000000000000000000C7
:10F420000000F410000000000000000000000000D8
:10F430000000EDEC000000000000000000000000F3
:10F440000000FDEB000000000000000000000000D4
:10F450000000F1F5000000000000000000000000C6
:10F460000000FAF5000000000000000000000000AD
:10F47000000000000000000000000000000000008C
:10F480000000F6F500000000000000000000000091
:10F490000000F4F500000000000000000000000083
:10F4A0000000F7EF00000000000000000000000076
:10F4B0000000F4EC010B07E7000000000000000072
:10F4C00000000000062D15DD000000000000000017
:10F4D00000000000053A0FEB0000000000000000F3
:10F4E000000000000A3221F30000000000000000CC
:10F4F00000000000031719EC0000000000000000ED
:10F5000000000000FDFFFDE600000000000000001C
:10F5100000000000000F1EDD0000000000000000E1
:10F5200000000000071233EA0000000000000000A5
:10F5300000000000FE041AF30000000000000000BC
:10F540000000000009FF23E60000000000000000AA
:10F550000000000000FCEDF10000000000000000D1
:10F5600000000000FFFFE1F40000000000000000C8
:10F570000000000002F5EFF70000000000000000AE
:10F5800000000000FF031500000000000000000064
:10F590000000000006FC1BF5000000000000000059
:10F5A00000000000FEF719F7000000000000000056
:10F5B00000000000F4ECEEFC000000000000000081
:10F5C00000000000F8EFEF0700000000000000005E
:10F5D00000000000F5EBF019000000000000000042
:10F5E00000000000F6ED131700000000000000000E
:10F5F0000000000004FE0EFC0000000000000000FF
:10F600000000000010FEF6EF000000000000000007
:10F6100000000000060601F40000000000000000E9
:10F620000000000001F2E8FF000000000000000000
:10F630000000000008ECE60F0000000000000000E1
:10F64000000000000000E402F0E300000000000001
:10F65000000000000000E6F8EAE7000000000000FB
:10F66000000000000000E71902E8000000000000B0
:10F67000000000000000C8FF02E0000000000000E1
:10F68000000000000000E203F3EB000000000000B7
:10F69000000000000000E916FFDC00000000000090
:10F6A000000000000000F60F08EB00000000000062
:10F6B000000000000000E91603E200000000000066
:10F6C000000000000000BBFAE4E8000000000000B9
:10F6D000000000000000EB0DFCE500000000000051
:10F6E000000000000000F92A18ED000000000000F2
:10F6F000000000000000F31B18E100000000000003
:10F70000000000000000D2F9F5D900000000000060
:10F71000000000000000E602EAEA0000000000002D
:10F72000000000000000060E0CFA000000000000BF
:10F73000000000000000EE281CE3000000000000B4
:10F74000000000000000EF2116DC000000000000B7
:10F75000000000000000FAE8F7EF000000000000E1
:10F760000000000000002A01EEFA00000000000086
:10F7700000000000000022F4F4020000000000007D
:10F78000000000000000DF111CF600000000000077
:10F79000000000000000ED16190400000000000049
:10F7A0000000000000000AFC080300000000000048
:10F7B0000000000000001EF0F8FE00000000000045
:10F7C00000000000000019FBFEFA0000000000002D
:10F7D0000000000000000000FBEC00F5000000004D
:10F7E0000000000000000000FA2EF0E3000000001E
:10F7F0000000000000000000DD1B051400000000F8
:10F8000000000000000000002BF21438000000008F
:10F81000000000000000000001F5EC0700000000FF
:10F82000000000000000000001F11F350000000092
:10F8300000000000000000001FEDF01400000000B8
:10F840000000000000000000F1E918C50000000001
:10F8500000000000000000001EDD1A030000000090
:10F860000000000000000000F0E8080200000000B6
:10F8700000000000000000001DEE59130000000011
:10F88000000000000000000029DA0D0C000000005C
:10F890000000000000000000E8DF18D600000000B3
:10F8A000000000000000000018D333F0000000004A
:10F8B0000000000000000000F8D22FE4000000006B
:10F8C000000000000000000018F2320A00000000F2
:10F8D00000000000000000003CE520F500000000F2
:10F8E0000000000000000000F1DEEBF1000000006D
:10F8F000000000000000000003E72AE5000000000F
:10F90000000000000000000005FDF8E40000000019
:10F910000000000000000000F8F420FC00000000DF
:10F9200000000000000000001CE9FAF000000000E8
:10F930000000000000000000EFF6F70000000000EB
:10F94000000000000000000001F522D800000000C7
:10F950000000000000000000F4EA0BF400000000CA
:10F9600000000000000000000000FA0F06EA00009E
:10F9700000000000000000000000EBF7EBE90000D1
:10F9800000000000000000000000FAE4DEF10000CA
:10F9900000000000000000000000F8F9F9CE0000AF
:10F9A0000000000000000000000007FB0FFF000047
:10F9B00000000000000000000000011732E300001A
:10F9C00000000000000000000000F4F310F8000048
:10F9D0000000000000000000000018E0D1E000007E
:10F9E000000000000000000000001B23CACF000040
:10F9F0000000000000000000000028F114030000D7
:10FA00000000000000000000000020082C2E000074
:10FA10000000000000000000000004D323270000C5
:10FA20000000000000000000000024F9F4C4000001
:10FA30000000000000000000000031FAC7FC0000D8
:10FA40000000000000000000000046EE251A000043
:10FA5000000000000000000000001BF9022300006D
:10FA600000000000000000000000FCFE0B21000070
:10FA70000000000000000000000014FDD2AA0000F9
:10FA8000000000000000000000002CF7D52000005E
:10FA9000000000000000000000001FDC2C07000038
:10FAA00000000000000000000000081BF50B000033
:10FAB00000000000000000000000101A02D6000044
:10FAC0000000000000000000000000F5E2DF000080
:10FAD0000000000000000000000020CFFF16000022
:10FAE0000000000000000000000004E21508000013
:10FAF000000000000000000000000000E6CE121927
:10FB0000000000000000000000000000C8D10BF55C
:10FB1000000000000000000000000000CCE805F933
:10FB2000000000000000000000000000EA0801F3EF
:10FB30000000000000000000000000001D1705FD8F
:10FB4000000000000000000000000000F9CCFD1FD4
:10FB5000000000000000000000000000E9CF071ACC
:10FB6000000000000000000000000000D4C2261BBE
:10FB7000000000000000000000000000C6E13308A3
:10FB8000000000000000000000000000DE06371644
:10FB900000000000000000000000000003FE0C1444
:10FBA00000000000000000000000000008C1091370
:10FBB000000000000000000000000000FFA6FD0B98
:10FBC000000000000000000000000000DFC50B2B5B
:10FBD000000000000000000000000000CBE9141944
:10FBE0000000000000000000000000000B151D1FB9
:10FBF00000000000000000000000000013071119C1
:10FC00000000000000000000000000002526FF109A
:10FC10000000000000000000000000001926031C86
:10FC200000000000000000000000000003EEFC15D2
:10FC30000000000000000000000000002A22ED1378
:10FC40000000000000000000000000002643F21346
:10FC50000000000000000000000000002D32F8024B
:10FC60000000000000000000000000001B21221C1A
:10FC700000000000000000000000000011EC180A65
:10FC800000000000000000000000000000000C1D4B
:10FC9000F521000000000000000000000000121725
:10FCA000F821000000000000000000000000001A21
:10FCB000F81F000000000000000000000000F21229
:10FCC000EE0F000000000000000000000000FF0A2E
:10FCD000EF02000000000000000000000000040F20
:10FCE000E9000000000000000000000000001835DE
:10FCF000FB200000000000000000000000000E14C7
:10FD0000E21D000000000000000000000000021CD6
:10FD1000E70B0000000000000000000000000107E9
:10FD2000F2EA000000000000000000000000F50EF4
:10FD3000E2EB000000000000000000000000F812EC
:10FD4000F40B000000000000000000000000F012B2
:10FD5000CD13000000000000000000000000EF1CB8
:10FD6000E501000000000000000000000000FA06AD
:10FD7000E8ED000000000000000000000000EE0EB2
:10FD80000410000000000000000000000000F6F772
:10FD900015EC000000000000000000000000EEF87C
:10FDA000160A000000000000000000000000E9FD4D
:10FDB00007EE000000000000000000000000F1F568
:10FDC000F2E100000000000000000000000010F858
:10FDD0003CF0000000000000000000000000FEDA1F
:10FDE0002FF100000000000000000000000009F0FA
:10FDF0000C0400000000000000000000000000FDF6
:10FE0000FFFC000000000000000000000000FCFDFE
:10FE10001AFB0000000000000000000000000000CD
:10FE2000F1F2FFF3000000000000000000000000FD
:10FE3000F7F4E200000000000000000000000000F5
:10FE4000F6ECE4F6000000000000000000000000F6
:10FE5000FECBE7F5000000000000000000000000FD
:10FE600008D4FAEE000000000000000000000000CE
:10FE70000AE9EDF9000000000000000000000000A9
:10FE8000F61406F100000000000000000000000071
:10FE9000E613F4F000000000000000000000000085
:10FEA000E817F4E700000000000000000000000078
:10FEB000EE0D03ED00000000000000000000000057
:10FEC0000AE50CF700000000000000000000000040
:10FED0000E2B2406000000000000000000000000BF
:10FEE000FE492CFF000000000000000000000000A0
:10FEF0000A4C110800000000000000000000000093
:10FF0000EB13EEF200000000000000000000000013
:10FF100007E80BFD000000000000000000000000EA
:10FF200016CC1B02000000000000000000000000D2
:10FF300015E22DFF0000000000000000000000009E
:10FF400016103E1600000000000000000000000037
:10FF5000F420010700000000000000000000000085
:10FF6000EE0DF8040000000000000000000000009A
:10FF7000F90306FD00000000000000000000000082
:10FF8000EEDE14F50000000000000000000000009C
:10FF900003B411F4000000000000000000000000A5
:10FFA000F4E50AFDFF110B050DF7FD010308FDF453
:10FFB000FA0FFAFBFF080302F5041806FEEFEE0F36
:10FFC000FB17FB0A04030913080D1308FF08F5F0DB
:10FFD000ED0002110913FFFF0BFC0A0BF61DF8FFE1
:10FFE000EDF3F0070A3A22020313130F0B10FDEC96
:10FFF0001C0904FC07090BF5FC1000F00FF505FBCC
:02000004800278
:1000000020FF03E708FFFE04FD0BFDFC07F70B10C4
:100010000F0F14F61112EA100A0009070C09070362
:10002000062408090B33061613F216FA021F06EC13
:100030001C100F1407351E0304F409F21114FCF40C
:100040002AF20CFC07F305D8E010D7FEFCE31801F8
:1000500016F912F7080817E4E31CE3E901EC1BFFAB
:10006000132E1B000D0C31E7E70FE3EEF70315F538
:1000700014041008102717E0F600D4FDF20EFBEB75
:100080000CE7FCFFFC240DE8F4F3F4F6F30AF2DBD2
:100090000FC3FCF3010F14CCE121D3E3F5D721FB0F
:1000A000EF132000061B21E0E31EE2EDEDDF1D1340
:1000B0000F1D1910052836D8E504EB00DFD80FFE18
:1000C0001203050C033249D6E226EFFDD9EBFEDE22
:1000D00002D9F0FD06232BE7E60FF700EAEEECDF8E
:1000E000F5DDE3F5FA271EE0DF0BF4EFF5FB0C017D
:1000F00014F3FE09FF0C1B04FA0C06FAEFF6FD06DA
:10010000E205FB090709190AFD07FFEEDCF3F1FC24
:10011000E60EEE030A0B1803F60203E7EB04F8F110
:1001200000F5FB01011F4204F704FFEBFD06FEF79B
:100130002122FBEF0014002117EA1AF74D24F4EEF8
:100140001309FA1A06F2FA10FFF109D71B10FFEB98
:1001500006F606F9F8E3010AFCF202EB0606FEFFDA
:10016000F3EA000AFCFAF7F8F9F207F8FCDEF90105
:10017000EEFF02FFFB08020803F908F9EDF8F80AA0
:10018000ECFAFF050FF4FA1404EB03F83A2CF90D1E
:100190001406FE1EFDF7E908F30105E9030D05F657
:1001A00009FEFEF1FCFEEA0DFCFF0706F3E2FCFD92
:1001B00000E8FB00FF04EAFB05F1030CE901FDEA9E
:1001C000EEE3FCF6F910FC0200F00F00FC06EEFA7C
:1001D000FEDDF5F701F6EB1004E301F71D19F7F763
:1001E00009E8F715F101E302F2F702F3F2E5F1F5A0
:1001F000E6E2EDEBFB09000804FE0B0FE6F2F4F774
:10020000E7DDF6F9051C1DFAFAFD0201F80EEFF321
:10021000F3F1F5F70611180209F80A03FA18EF00CE
:1002200003EAF4FB04F7DB06FBF9F8F2FEFFF3F850
:10023000F4E9F810F60DE804F1F20AFFE2D7ECF168
:10024000DCE7F4FEFD0C0D0A06FB0802EB14F0EFF0
:10025000F2E9F1F3FF031204020504FF030BEFEFD1
:10026000FDEFEE0206070508080A0B110E15F7FA56
:1002700005F9FDF60004E200F6EC08EDF3E2EFFC10
:10028000D6F8EB07FA06F11D00FE16FCEDECF200C5
:10029000E0FDF7FDF909061211FB02F8FA09FAF57B
:1002A000F3F6F4F9FEFCF803FF08010F090404F06B
:1002B000FA09FCFA020703110F0D06060F06FEFAF3
:1002C000050EFFF82573206F7574206F6620626F2E
:1002D000756E647320256C75203E20256C750A00B0
:1002E000556E6B6E6F776E2050474D2066696C655A
:1002F00020666F726D61740050474D20696D6167B3
:10030000652073697A6520646F6573206E6F742051
:100310006D617463682061727261792073697A65B6
:100320000000000066726561642829206E756D62A8
:100330006572206F662072656164206F626A656312
:1003400074732028256C752920646966666572655A
:100350006E74207468616E2065787065637465647E
:100360002028257529205B646174615D0A00000006
:1003700066726561642829206E756D626572206FF2
:10038000662072656164206F626A656374732028F9
:10039000256C752920646966666572656E742074C3
:1003A00068616E20657870656374656420282575C2
:1003B00029205B6F7574707574546172676574730E
:1003C0005D0A0000454F46206E6F742072656163C0
:1003D0006865642C2046696C65206572726F7220B6
:1003E00021210000726561645F6D6E6973745F69DD
:1003F0006E70757400000000000102020303030325
:1004000004040404040404040505050505050505A4
:100410000505050505050505060606060606060684
:10042000060606060606060606060606060606066C
:100430000606060606060606070707070707070754
:10044000070707070707070707070707070707073C
:10045000070707070707070707070707070707072C
:10046000070707070707070707070707070707071C
:100470000707070707070707080808080808080804
:1004800008080808080808080808080808080808EC
:1004900008080808080808080808080808080808DC
:1004A00008080808080808080808080808080808CC
:1004B00008080808080808080808080808080808BC
:1004C00008080808080808080808080808080808AC
:1004D000080808080808080808080808080808089C
:1004E000080808080808080808080808080808088C
:1004F0000808080808080808494E4600696E6600A2
:100500004E414E006E616E00303132333435363735
:10051000383941424344454600000000303132330F
:10052000343536373839616263646566000000002F
:10053000286E756C6C29000030000000344E00807D
:100540007048008070480080284E0080704800800D
:1005500070480080704800807048008070480080BB
:10056000704800802C4D0080184E0080704800803C
:10057000444D0080504D008070480080D84D008070
:100580003C4800803C4800803C4800803C4800805B
:100590003C4800803C4800803C4800803C4800804B
:1005A0003C4800807048008070480080704800809F
:1005B000704800807048008070480080704800805B
:1005C000704800807048008070480080AC4D00800A
:1005D000984B008070480080984B008070480080E5
:1005E0007048008070480080704800804C4E008049
:1005F0007048008070480080304F00807048008054
:10060000704800807048008070480080704800800A
:10061000584E00807048008070480080445A008026
:1006200070480080704800807048008070480080EA
:1006300070480080704800807048008070480080DA
:100640007048008070480080F04D0080884C008029
:10065000984B0080984B0080984B0080E44D0080C0
:10066000884C00807048008070480080484A0080B4
:10067000704800804C5000801C500080E44F008087
:10068000484A0080704800807C4F0080704800809D
:100690004C4F008070480080704800809C5A008059
:1006A000202020202020202020202020202020204A
:1006B000303030303030303030303030303030303A
:1006C000DC6D00803C6A00803C6A0080D06D008058
:1006D0003C6A00803C6A00803C6A00803C6A008082
:1006E0003C6A00803C6A0080306D0080C06D0080F4
:1006F0003C6A0080406D00804C6D00803C6A008048
:10070000B46D0080086A0080086A0080086A008072
:10071000086A0080086A0080086A0080086A008011
:10072000086A0080086A00803C6A00803C6A008099
:100730003C6A00803C6A00803C6A00803C6A008021
:100740003C6A00803C6A00803C6A00803C6A008011
:10075000A06D00803C6A00803C6A00803C6A00809A
:100760003C6A00803C6A00803C6A00803C6A0080F1
:100770003C6A00803C6A00803C6A0080606E0080B9
:100780003C6A00803C6A00803C6A00803C6A0080D1
:100790003C6A0080146E00803C6A00803C6A0080E5
:1007A000F87400803C6A00803C6A00803C6A0080EB
:1007B0003C6A00803C6A00803C6A00803C6A0080A1
:1007C0003C6A00803C6A00803C6A0080F46D0080D6
:1007D0008C6C00803C6A00803C6A00803C6A00802F
:1007E000286F00808C6C00803C6A00803C6A00802E
:1007F000946B00803C6A0080F06E0080C86E0080C0
:10080000BC6F0080946B00803C6A00805C6F00804D
:100810003C6A0080346F00803C6A00803C6A008043
:100820004C75008020202020202020202020202007
:1008300020202020303030303030303030303030F8
:100840003030303043000000504F53495800000012
:100850002E000000496E66696E6974790000000020
:100860004E614E0042616C6C6F632073756363650B
:1008700065646564000000002E2E2F2E2E2F2E2E74
:100880002F2E2E2F2E2E2F2E2E2F7372632F6E654E
:10089000776C69622F6E65776C69622F6C69626331
:1008A0002F7374646C69622F64746F612E6300002F
:1008B0002E2E2F2E2E2F2E2E2F2E2E2F2E2E2F2E53
:1008C0002E2F7372632F6E65776C69622F6E65775A
:1008D0006C69622F6C6962632F7374646C69622F38
:1008E0006D707265632E6300050000001900000042
:1008F0007D00000000000000000000000000F03F4C
:1009000000000000000024400000000000005940EA
:100910000000000000408F40000000000088C3403D
:1009200000000000006AF8400000000080842E41B2
:1009300000000000D01263410000000084D79741FE
:100940000000000065CDCD41000000205FA0024204
:10095000000000E876483742000000A2941A6D4279
:10096000000040E59C30A2420000901EC4BCD6426C
:1009700000003426F56B0C430080E03779C3414317
:1009800000A0D8855734764300C84E676DC1AB438D
:10099000003D9160E458E143408CB5781DAF1544AB
:1009A00050EFE2D6E41A4B4492D54D06CFF0804486
:1009B000F64AE1C7022DB544B49DD9794378EA449B
:1009C000BC89D897B2D29C3C33A7A8D523F6493925
:1009D0003DA7F444FD0FA5329D978CCF08BA5B2547
:1009E000436FAC642806C80A0080E03779C34143EE
:1009F000176E05B5B5B89346F5F93FE9034F384D85
:100A0000321D30F94877825A3CBF737FDD4F157530
:100A100000202020202020202020282828282820CE
:100A200020202020202020202020202020202020C6
:100A3000208810101010101010101010101010102E
:100A4000100404040404040404040410101010101E
:100A500010104141414141410101010101010101E8
:100A6000010101010101010101010101101010103A
:100A700010104242424242420202020202020202BA
:100A8000020202020202020202020202101010100E
:100A90002000000000000000000000000000000036
:100AA0000000000000000000000000000000000046
:100AB0000000000000000000000000000000000036
:100AC0000000000000000000000000000000000026
:100AD0000000000000000000000000000000000016
:100AE0000000000000000000000000000000000006
:100AF00000000000000000000000000000000000F6
:100B000000000000000000000000000000000000E5
:100B1000000000002C2066756E6374696F6E3A20C9
:100B200000000000617373657274696F6E20222586
:100B30007322206661696C65643A2066696C652081
:100B4000222573222C206C696E652025642573256F
:100B5000730A0000C0D100806CD0008018D00080E3
:100B60006CD1008018D000807CD0008018D000802C
:100B70006CD100806CD000806CD000807CD0008074
:100B80006CD10080F8D00080F8D00080F8D00080D0
:040B90007CD0008095
:100B94001000000000000000037A5200017C0101F3
:100BA4001B0D020010000000180000000816FEFFD4
:100BB400DC04000000000000100000002C00000015
:0C0BC400D01AFEFF9004000000000000AA
:100BD0000000001000000000000000000000000005
:100BE0000000000000000000000000000000000005
:100BF000000000000000000050350A32342032347A
:100C00000A3235350A000000000000000000000034
:100C100000000000000000000000000000000000D4
:100C200000000000000000000000000000000000C4
:100C300000000000000000000000000000000000B4
:100C400000000000000000000000000000000000A4
:100C5000000000000005040000000000000002D2B7
:100C600042000000000000000000000007B3870001
:100C700000000000000064FE5C00000000000000B6
:100C8000000000006FFE9D00000000000003CBFE8E
:100C9000360000000000000000000020E7FE6600B3
:100CA000000000000024FED8120000000000000038
:100CB0000000007EFEB300000000000000ACFE3B20
:100CC000000000000000000000002EFCEA120000FE
:100CD0000000000005E2F523000000000000000015
:100CE000000080FE660000000000000025FEA90054
:100CF0000000000000000000001AF1FB13000000DB
:100D000000000000AAFE55000000000000000000E6
:100D1000002EFEC20000000000000009E7F62300DC
:100D200000000000000000000076FF981D00000099
:100D300000000074FEB6000000000000000000008B
:100D40000076FEFEF3D7D7D7CAB985D1FE8300114E
:100D50000000000000000000003EF3FEFEFEFEFE6C
:100D6000FEFEFEFEFEE89D230000000000000000E5
:100D700000004684944649616161BBFEF92204008B
:100D80000000000000000000000000000000000063
:100D90000000AEFE71000000000000000000000036
:100DA00000000000000000000016EEFE350000000C
:100DB0000000000000000000000000000000000033
:100DC0000073FE9F01000000000000000000000012
:100DD000000000000000000000AEFE610000000006
:100DE0000000000000000000000000000000000003
:100DF00000D7FE73000000000000000000000000AB
:100E0000000000000000000055FBFE69000000002B
:100E100000000000000000000000000000000000D2
:100E200054F2880A000000000000000000000000EA
:100E300000000000000000000000000000000000B2
:100E4000000000000004000000000000000000009E
:100E500003000000E41D028000000000E41D028089
:100E60004C1E0280B41E0280000000000000000042
:100E70000000000000000000000000000000000072
:100E80000000000000000000000000000000000062
:100E90000000000000000000000000000000000052
:100EA0000000000000000000000000000000000042
:100EB0000000000000000000000000000000000032
:100EC0000000000000000000000000000000000022
:100ED0000000000000000000000000000000000012
:100EE0000000000000000000000000000000000002
:100EF00001000000000000000E33CDAB34126DE69F
:100F0000ECDE05000B000000000000000000000007
:100F100000000000000000000000000000000000D1
:100F200000000000000000000000000000000000C1
:100F300000000000000000000000000000000000B1
:100F400000000000000000000000000000000000A1
:100F50000000000000000000000000000000000091
:100F60000000000000000000000000000000000081
:100F70000000000000000000000000000000000071
:100F8000780F0280780F0280800F0280800F02802D
:100F9000880F0280880F0280900F0280900F0280DD
:100FA000980F0280980F0280A00F0280A00F02808D
:100FB000A80F0280A80F0280B00F0280B00F02803D
:100FC000B80F0280B80F0280C00F0280C00F0280ED
:100FD000C80F0280C80F0280D00F0280D00F02809D
:100FE000D80F0280D80F0280E00F0280E00F02804D
:100FF000E80F0280E80F0280F00F0280F00F0280FD
:10100000F80F0280F80F02800010028000100280AA
:101010000810028008100280101002801010028058
:101020001810028018100280201002802010028008
:1010300028100280281002803010028030100280B8
:101040003810028038100280401002804010028068
:101050004810028048100280501002805010028018
:1010600058100280581002806010028060100280C8
:101070006810028068100280701002807010028078
:101080007810028078100280801002808010028028
:1010900088100280881002809010028090100280D8
:1010A0009810028098100280A0100280A010028088
:1010B000A8100280A8100280B0100280B010028038
:1010C000B8100280B8100280C0100280C0100280E8
:1010D000C8100280C8100280D0100280D010028098
:1010E000D8100280D8100280E0100280E010028048
:1010F000E8100280E8100280F0100280F0100280F8
:10110000F8100280F81002800011028000110280A5
:101110000811028008110280101102801011028053
:101120001811028018110280201102802011028003
:1011300028110280281102803011028030110280B3
:101140003811028038110280401102804011028063
:101150004811028048110280501102805011028013
:1011600058110280581102806011028060110280C3
:101170006811028068110280701102807011028073
:101180007811028078110280801102808011028023
:1011900088110280881102809011028090110280D3
:1011A0009811028098110280A0110280A011028083
:1011B000A8110280A8110280B0110280B011028033
:1011C000B8110280B8110280C0110280C0110280E3
:1011D000C8110280C8110280D0110280D011028093
:1011E000D8110280D8110280E0110280E011028043
:1011F000E8110280E8110280F0110280F0110280F3
:10120000F8110280F81102800012028000120280A0
:10121000081202800812028010120280101202804E
:1012200018120280181202802012028020120280FE
:1012300028120280281202803012028030120280AE
:10124000381202803812028040120280401202805E
:10125000481202804812028050120280501202800E
:1012600058120280581202806012028060120280BE
:10127000681202806812028070120280701202806E
:10128000781202807812028080120280801202801E
:1012900088120280881202809012028090120280CE
:1012A0009812028098120280A0120280A01202807E
:1012B000A8120280A8120280B0120280B01202802E
:1012C000B8120280B8120280C0120280C0120280DE
:1012D000C8120280C8120280D0120280D01202808E
:1012E000D8120280D8120280E0120280E01202803E
:1012F000E8120280E8120280F0120280F0120280EE
:10130000F8120280F812028000130280001302809B
:101310000813028008130280101302801013028049
:1013200018130280181302802013028020130280F9
:1013300028130280281302803013028030130280A9
:101340003813028038130280401302804013028059
:101350004813028048130280501302805013028009
:1013600058130280581302806013028060130280B9
:101370006813028068130280701302807013028069
:10138000430000000000000000000000000000001A
:10139000000000000000000000000000000000004D
:1013A00043000000000000000000000000000000FA
:1013B000000000000000000000000000000000002D
:1013C00043000000000000000000000000000000DA
:1013D000000000000000000000000000000000000D
:1013E00043000000000000000000000000000000BA
:1013F00000000000000000000000000000000000ED
:101400004300000000000000000000000000000099
:1014100000000000000000000000000000000000CC
:101420004300000000000000000000000000000079
:1014300000000000000000000000000000000000AC
:101440004300000000000000000000000000000059
:10145000000000000000000000000000000000008C
:1014600048B8008054A0008000000000100A0280EC
:101470005008028044F2008044F2008044F2008070
:1014800044F2008044F2008044F2008044F2008084
:1014900044F2008044F20080FFFFFFFFFFFFFFFFE8
:1014A000FFFFFFFFFFFF00000100415343494900D8
:1014B000000000000000000000000000000000002C
:1014C00000000000000000000000415343494900B3
:1014D000000000000000000000000000000000000C
:0C14E00000000000000000000000000000
:1014F000FFFFFFFFFFFFEF7F000000000000F83F4D
:1015000061436F63A787D23FB3C8608B288AC63F09
:10151000FB799F501344D33F000000000000F03FD0
:1015200000000000000024400000000000001C40FB
:101530000000000000001440000000000000E03F38
:10154000E0200280580E0280FFFFFFFF0000020033
:0400000580000080F7
:00000001FF
